ULAND,UREGBEZ,UKREIS,UGEMEINDE,UJAHR,UMONAT,USTUNDE,UWOCHENTAG,UKATEGORIE,UART,UTYP1,ULICHTVERH,IstRad,IstPKW,IstFuss,IstKrad,IstGkfz,IstSonstige,LINREFX,LINREFY,XGCSWGS84,YGCSWGS84,STRZUSTAND,UIDENTSTLAE
05,5,58,016,2019,01,01,3,3,8,1,2,0,1,0,0,0,0,389965.126630003560000,5746954.581839395700000,7.402015482000024,51.862520739000047,1,
05,5,54,020,2019,01,16,3,3,5,3,0,1,1,0,0,0,0,364568.849999999630000,5786238.637000002000000,7.017855744000030,52.209924521000062,0,
05,5,54,020,2019,01,07,3,2,9,1,1,0,1,0,0,0,0,363105.300556630830000,5784835.022804098200000,6.997016963000021,52.196951239000043,1,
05,5,54,056,2019,01,14,3,3,0,1,0,1,0,0,0,0,0,358606.331000000240000,5761637.802000002900000,6.940857155000060,51.987389325000038,0,
05,5,54,036,2019,01,07,3,3,2,6,1,0,1,0,0,0,0,369102.483195356090000,5766996.935106935000000,7.091570947000037,52.038118780000048,1,
05,5,54,016,2019,01,07,3,2,5,2,2,0,1,0,0,0,1,360790.144999999550000,5756223.405000001200000,6.974833354000054,51.939290428000049,2,
05,5,54,008,2019,01,09,3,3,5,3,0,1,1,0,0,0,0,336038.594139496800000,5747535.304336085900000,6.619200302000024,51.854500781000070,0,
05,5,15,000,2019,01,12,3,3,5,2,0,1,1,0,0,0,0,403051.202345618980000,5758116.424258122200000,7.588850119000028,51.965274821000037,1,
05,5,15,000,2019,01,07,3,2,0,7,2,1,0,0,0,0,0,408030.875418911690000,5758303.192765528300000,7.661260360000028,51.967799758000069,2,
05,5,15,000,2019,01,05,3,3,0,7,2,1,0,0,0,0,0,408696.398148012350000,5756397.866617506400000,7.671451583000021,51.950783258000058,2,
05,5,15,000,2019,01,01,3,3,0,1,2,1,0,0,0,0,0,403161.410000001080000,5759052.005000000800000,7.590189830000043,51.973703293000028,1,
05,5,62,004,2019,01,00,3,2,9,1,2,0,1,0,0,0,0,383401.091319702570000,5718856.458666442000000,7.316146625000044,51.608656987000074,2,
05,5,13,000,2019,01,18,3,3,2,6,2,0,1,0,0,0,0,366237.344315254130000,5709704.776311200100000,7.071902430000023,51.522599499000080,0,
05,5,62,004,2019,02,21,6,3,0,6,2,0,1,0,0,0,0,384382.729950593780000,5713662.078842954700000,7.332027153000070,51.562173481000059,1,
05,5,70,004,2019,01,16,5,3,5,3,1,1,1,0,0,0,0,424198.481000000610000,5731304.269000001300000,7.902470263000055,51.727532145000055,1,
05,5,70,024,2019,01,07,5,3,8,1,2,0,1,0,0,0,0,417489.540200209250000,5754499.035041792300000,7.799823314000037,51.935088540000038,2,
05,5,70,036,2019,01,06,5,3,2,6,2,0,1,0,0,0,0,434297.802167592570000,5759954.837727706900000,8.043226958000048,51.986373329000060,2,
05,5,54,064,2019,01,20,5,3,8,1,2,0,1,0,0,0,0,356454.303575567900000,5749329.245267987300000,6.914673884000024,51.876243937000027,1,
05,5,15,000,2019,01,23,5,3,9,1,2,0,1,0,0,0,0,403223.730838050130000,5754227.926708655400000,7.592455323000024,51.930353819000061,1,
05,5,15,000,2019,01,17,5,2,6,4,2,0,1,1,0,0,0,404803.569808435630000,5761704.786302417500000,7.613353042000028,51.997831135000069,1,
05,5,15,000,2019,01,17,5,3,2,3,2,1,1,0,0,0,0,403049.831267337310000,5758116.678620005000000,7.588830097000027,51.965276868000046,1,
05,5,15,000,2019,01,11,5,3,2,6,0,0,1,0,0,0,0,406533.089971972630000,5756210.976977851200000,7.640033825000046,51.948744069000043,1,
05,5,15,000,2019,01,08,5,3,8,1,0,0,1,0,0,0,0,401161.229431716730000,5765531.279136804900000,7.559211351000045,52.031587609000042,1,
05,5,12,000,2019,01,16,5,3,3,6,1,0,1,0,0,0,0,356489.904714420440000,5709662.305920245100000,6.931512185000031,51.519825343000036,1,
05,5,13,000,2019,01,11,5,3,5,2,0,0,1,0,0,0,0,368097.758000000380000,5707700.566999999800000,7.099452973000041,51.505025717000080,1,
05,5,13,000,2019,01,08,5,3,5,3,0,1,1,0,0,0,0,367762.624508131300000,5707950.449578052400000,7.094533288000037,51.507193029000064,2,
05,5,62,032,2019,01,15,3,2,2,6,0,0,1,0,0,1,0,374756.079419410790000,5714849.870692923700000,7.192794777000074,51.570792778000055,0,
05,5,62,032,2019,01,05,3,3,8,1,2,0,1,0,0,0,0,378043.802053490650000,5717278.831715984300000,7.239366824000058,51.593343462000064,1,
05,5,54,016,2019,01,04,3,2,8,1,2,0,1,0,0,1,0,365111.497923852880000,5754993.416433673400000,7.038140374000022,51.929302327000073,2,
05,5,62,004,2019,01,03,3,3,3,1,2,0,1,0,0,1,0,380466.943063851450000,5713353.461361438000000,7.275667384000030,51.558583432000034,2,
05,5,70,040,2019,01,12,2,3,4,2,0,0,0,0,0,0,1,420969.216988316740000,5743623.499416882200000,7.852918228000021,51.837829869000075,1,
05,5,70,004,2019,01,17,2,3,6,2,2,0,1,1,0,0,0,422956.456000001170000,5736142.050000002600000,7.883418730000074,51.770852732000037,1,
05,5,70,004,2019,01,06,2,3,9,1,2,1,0,0,0,0,0,427412.282000000590000,5740653.410000003900000,7.947040184000059,51.812004333000061,1,
05,5,70,052,2019,01,18,2,2,5,2,2,0,1,0,0,0,0,430387.021178342400000,5757071.906786909300000,7.986871197000028,51.959980611000049,1,
05,5,66,076,2019,01,19,2,2,4,2,2,0,1,0,0,0,0,391438.855000000450000,5789479.473000001200000,7.409895286000051,52.244999327000073,1,
05,5,66,024,2019,01,07,2,2,4,2,1,0,1,0,0,0,0,384340.942910917100000,5770358.798223525300000,7.312491818000069,52.071719903000030,1,
05,5,66,008,2019,01,13,2,3,5,3,0,0,0,0,0,1,1,400386.964744240050000,5780469.107998954100000,7.543561651000061,52.165708921000032,1,
05,5,58,036,2019,01,19,2,3,2,2,2,0,1,0,0,0,0,392684.832645280290000,5728121.359166299900000,7.447318615000029,51.693777797000052,1,
05,5,58,044,2019,01,12,2,3,2,6,0,0,1,0,0,0,0,396201.171322851440000,5746178.205958290000000,7.492777005000050,51.856737612000074,1,
05,5,58,040,2019,01,16,2,2,8,1,0,0,1,0,0,0,0,371383.310403492300000,5764217.721398217600000,7.125849570000071,52.013678225000035,1,
05,5,54,008,2019,01,06,2,1,4,6,2,0,1,0,0,1,1,337217.549760454330000,5744287.343421867100000,6.637831852000034,51.825667619000058,1,
05,5,15,000,2019,01,09,2,2,6,4,0,0,1,1,0,0,0,406435.054123176260000,5750795.812383228900000,7.640079808000053,51.900053179000054,1,
05,5,15,000,2019,01,18,2,3,5,3,2,1,1,0,0,0,0,404902.631000001910000,5762243.723000001200000,7.614645972000062,52.002692250000052,1,
05,5,15,000,2019,01,18,2,3,6,4,2,0,1,1,0,0,0,407179.618999999950000,5750957.166999999400000,7.650854984000034,51.901628064000079,1,
05,5,15,000,2019,01,15,2,3,5,2,0,1,1,0,0,0,0,403770.629000001590000,5754711.129999999000000,7.600271859000031,51.934791853000036,1,
05,5,15,000,2019,01,12,2,3,5,3,0,0,1,0,0,0,0,409414.776395914140000,5752338.541637605100000,7.682970438000041,51.914412740000046,1,
05,5,62,028,2019,01,18,2,3,5,3,2,0,1,0,0,0,0,378759.682332293130000,5723625.300430161900000,7.247500005000063,51.650535824000031,1,
05,5,62,012,2019,01,07,2,2,6,2,2,0,1,1,0,0,0,360264.240617221220000,5724260.800449255900000,6.980065999000033,51.651954009000065,1,
05,5,12,000,2019,01,08,2,3,5,2,1,0,1,0,0,0,0,355758.813605747190000,5709752.440983271200000,6.920945128000028,51.520449061000079,1,
05,5,12,000,2019,01,07,2,3,6,2,2,0,1,1,0,0,0,355014.224093361760000,5709458.600471194800000,6.910341356000060,51.517618064000033,1,
05,5,62,014,2019,01,13,2,3,6,4,0,0,1,1,0,0,0,361671.985898886810000,5713086.169291488800000,7.004809439000042,51.551885771000059,1,
05,5,62,032,2019,01,16,5,2,2,6,0,0,0,0,0,1,0,379090.763880428860000,5717557.418167885400000,7.254377808000072,51.596072907000064,1,
05,5,15,000,2019,01,14,5,3,9,1,0,0,1,0,0,0,1,400791.730392460710000,5753252.291181540100000,7.557376726000030,51.921156430000053,1,
05,5,66,044,2019,01,07,4,2,4,6,2,0,1,0,0,1,0,423063.076406491920000,5774346.902182573500000,7.876414691000036,52.114303402000075,0,
05,5,66,092,2019,01,14,4,3,3,6,0,0,0,0,1,0,1,422180.071018234830000,5791063.651942843600000,7.859683732000065,52.264444890000050,1,
05,5,66,076,2019,01,17,4,3,2,2,2,0,1,0,0,0,0,393092.504000001590000,5793851.859999999400000,7.432721316000027,52.284618490000071,2,
05,5,66,084,2019,01,07,4,3,5,7,2,1,1,0,0,0,0,386080.303147195840000,5778609.368272552300000,7.335098006000067,52.146228284000074,0,
05,5,66,008,2019,01,07,4,3,3,2,2,1,0,0,0,1,0,399118.351192944680000,5779922.862677753000000,7.525182251000047,52.160569002000045,0,
05,5,58,032,2019,01,18,4,3,8,1,2,0,1,0,0,0,0,385422.413149187340000,5755933.498938102300000,7.333088384000064,51.942302691000066,2,
05,5,54,020,2019,01,18,4,3,9,1,2,0,1,0,0,0,0,365637.395089666360000,5782253.620330797500000,7.035064665000050,52.174379238000029,1,
05,5,54,016,2019,01,18,4,2,0,4,1,0,1,1,0,0,0,362666.668587880210000,5757229.143099818400000,7.001712472000065,51.948793846000058,2,
05,5,54,012,2019,01,17,4,3,2,6,2,0,1,0,0,0,0,352944.881197724490000,5746931.966913681500000,6.864749917000040,51.853790331000027,2,
05,5,62,024,2019,01,22,2,3,8,1,2,0,1,0,0,0,0,372248.421000000090000,5730803.320000002200000,7.150805917000071,51.713601208000057,1,
05,5,15,000,2019,01,21,4,2,3,6,2,1,0,0,0,0,0,406937.496121435430000,5757773.587112654000000,7.645492999000055,51.962857417000066,2,
05,5,15,000,2019,01,16,4,3,5,3,0,1,0,0,0,1,0,407044.952796001920000,5757868.436929658100000,7.647030866000023,51.963727953000046,1,
05,5,62,014,2019,01,17,2,2,2,6,2,0,1,0,0,0,0,360063.396223569290000,5713499.018333746100000,6.981458897000039,51.555198987000040,1,
05,5,15,000,2019,01,12,2,3,2,6,0,0,1,0,0,0,0,401974.014287280850000,5747867.677347641400000,7.576094002000048,51.872967126000049,1,
05,5,62,036,2019,01,12,4,3,0,3,0,0,1,0,0,0,1,389171.503130085770000,5720484.234069868900000,7.398928768000076,51.624452926000060,1,
05,5,62,028,2019,01,07,4,3,6,4,1,0,1,1,0,0,0,379648.823310262520000,5722421.022900583200000,7.260760218000030,51.639903593000042,1,
05,5,62,016,2019,01,14,4,3,6,7,0,0,1,1,0,0,0,374828.070254825990000,5732805.843525396700000,7.187406069000076,51.732179216000077,1,
05,5,12,000,2019,01,12,4,3,2,6,0,0,1,0,0,0,0,354948.022742520090000,5709339.390903612600000,6.909436949000053,51.516529886000058,1,
05,5,62,014,2019,01,08,4,3,6,4,0,0,1,1,0,0,0,360148.923799961810000,5715620.601129546800000,6.981847627000036,51.574284840000075,0,
05,5,70,008,2019,01,02,1,3,5,3,2,0,1,0,0,0,0,432609.039551657620000,5739186.235838154300000,8.022697518000030,51.799465255000030,1,
05,5,70,020,2019,02,07,2,2,1,5,0,0,1,1,0,0,0,434091.134375000370000,5748456.627695487800000,8.042420944000071,51.882982247000029,1,
05,5,70,040,2019,02,07,2,2,5,3,0,1,1,0,0,0,0,419567.008808739480000,5744234.316025946300000,7.832428543000049,51.843120499000065,1,
05,5,66,084,2019,02,01,2,3,9,1,2,0,1,0,0,0,0,387874.709138548930000,5779318.332705317100000,7.361077011000020,52.152966967000054,2,
05,5,58,016,2019,02,18,2,3,4,2,2,0,1,0,0,0,0,390278.701000000350000,5749408.391000000800000,7.405787604000068,51.884636519000026,1,
05,5,54,008,2019,02,08,2,3,6,4,0,0,1,1,0,0,0,334506.963484435340000,5745939.473358567800000,6.597745002000067,51.839712986000052,2,
05,5,15,000,2019,02,15,2,3,2,6,0,0,1,0,0,0,0,404839.828784200360000,5759092.258430017200000,7.614605889000075,51.974355042000070,0,
05,5,62,036,2019,02,07,2,3,5,2,2,0,1,0,0,0,0,386632.020421668890000,5719790.835484452500000,7.362482769000053,51.617714874000058,1,
05,5,12,000,2019,02,15,2,3,5,3,0,1,1,0,0,0,0,356847.178422339260000,5712347.337266277500000,6.935566672000050,51.544043262000059,0,
05,5,62,032,2019,02,15,2,3,2,6,0,1,1,0,0,0,0,375950.856999999840000,5719282.517000000900000,7.208458858000029,51.610893961000045,0,
05,5,12,000,2019,02,21,5,3,9,1,2,0,1,0,0,0,0,358546.084679844790000,5708254.283290851900000,6.961693674000060,51.507691502000057,0,
05,5,54,028,2019,02,09,2,3,8,6,0,0,1,0,0,1,0,362151.343210598450000,5743790.069112580300000,6.999589516000071,51.827907829000026,0,
05,5,15,000,2019,02,07,2,3,8,1,1,0,1,0,0,0,0,403710.474261239170000,5754422.984445190100000,7.599477795000041,51.932191489000047,1,
05,5,15,000,2019,02,06,2,3,8,1,2,0,1,0,0,0,0,401880.860786263830000,5749654.398442314900000,7.574233290000052,51.889010431000031,1,
05,5,66,004,2019,02,15,4,3,3,6,0,0,1,0,0,1,0,392819.357339517210000,5769390.287643503400000,7.436447295000050,52.064721228000053,0,
05,5,66,004,2019,02,11,4,3,3,6,0,0,1,0,0,1,0,394813.723320126530000,5766282.091187454800000,7.466486586000031,52.037168128000076,0,
05,5,54,020,2019,02,15,4,3,5,2,0,1,1,0,0,0,0,366526.186999999920000,5785746.309000002200000,7.046678858000064,52.205978291000065,1,
05,5,15,000,2019,02,06,4,3,4,6,2,0,1,0,0,0,0,404990.377009669320000,5763586.452698156200000,7.615551381000046,52.014776156000039,0,
05,5,15,000,2019,02,07,4,3,5,2,2,0,1,0,1,0,0,398635.140209839680000,5758007.796685792500000,7.524626191000039,51.963510794000058,0,
05,5,62,024,2019,02,14,4,3,2,6,0,0,1,0,0,0,0,370884.880110036580000,5722080.643425203900000,7.134304644000054,51.634901115000048,1,
05,5,12,000,2019,02,16,4,3,0,1,0,0,0,0,1,0,0,358467.684909012170000,5721243.235397160100000,6.955334054000048,51.624389428000029,0,
05,5,62,032,2019,02,12,4,3,5,3,0,0,1,0,1,0,0,377794.746181423780000,5720712.057880649300000,7.234576374000028,51.624144893000050,0,
05,5,66,008,2019,02,03,1,2,0,1,2,0,1,0,0,0,0,400950.353697951880000,5779512.001554889600000,7.552075328000058,52.157207997000057,1,
05,5,54,004,2019,02,03,1,3,8,1,2,0,1,0,0,0,0,362166.803792003540000,5774002.812455102800000,6.987688612000056,52.099388181000052,1,
05,5,54,040,2019,02,17,1,3,8,1,1,0,1,0,0,0,0,350287.907796949150000,5738251.533484676900000,6.829951224000070,51.775092253000082,1,
05,5,54,008,2019,02,10,1,3,6,4,0,0,1,1,0,0,0,336805.824667058890000,5743911.315945131700000,6.632039946000020,51.822169462000033,1,
05,5,62,012,2019,02,16,1,2,5,3,0,0,1,0,1,0,0,358549.582395930770000,5726895.052648263100000,6.954230676000066,51.675195931000076,1,
05,5,13,000,2019,02,15,1,3,1,6,0,0,1,0,0,0,0,363793.350521670650000,5710457.650971422000000,7.036404880000021,51.528781030000061,0,
05,5,62,012,2019,02,10,1,3,9,1,0,0,1,0,0,0,0,360467.423413513230000,5740544.322441730600000,6.976476584000068,51.798324728000068,2,
05,5,13,000,2019,02,09,1,3,9,1,0,0,1,0,0,0,0,363120.940731601790000,5713704.645422188600000,7.025454466000042,51.557796968000048,2,
05,5,66,028,2019,02,21,7,3,8,1,2,0,1,0,0,0,0,412495.582999999630000,5792219.947000002500000,7.717510821000076,52.273382450000042,1,
05,5,66,016,2019,02,13,7,3,5,3,0,1,1,0,0,0,0,402756.001036674720000,5792498.914963731500000,7.574729842000068,52.274253423000062,1,
05,5,54,020,2019,02,13,7,2,5,3,0,1,1,0,0,0,0,366095.748473314570000,5785872.109732415500000,7.040333848000046,52.207004254000026,1,
05,5,54,012,2019,02,20,7,3,3,6,2,0,1,0,1,0,0,354501.136885923330000,5746605.515659287600000,6.887467588000050,51.851264983000078,1,
05,5,15,000,2019,02,17,7,3,1,5,1,1,1,0,0,0,0,405578.877404412250000,5756821.543663803500000,7.625986342000033,51.954070954000031,1,
05,5,62,004,2019,02,23,7,2,5,3,2,0,1,0,0,0,0,382932.152218759990000,5712755.738710757300000,7.311411630000066,51.553728304000060,1,
05,5,62,004,2019,02,17,7,3,5,3,2,0,1,0,0,0,1,384525.915000204000000,5716580.729603227200000,7.333132385000056,51.588435082000046,1,
05,5,62,004,2019,02,10,7,2,9,1,0,0,1,0,0,0,0,383559.738135271710000,5713273.370161801600000,7.320288335000043,51.558510542000079,1,
05,5,62,032,2019,02,17,7,2,1,5,2,0,1,0,0,0,0,378968.857875303370000,5717529.473059942900000,7.252628316000028,51.595795574000078,1,
05,5,13,000,2019,02,18,7,3,1,6,2,0,1,0,0,0,1,368580.792000001300000,5712630.557000003800000,7.104569418000040,51.549442915000043,1,
05,5,62,016,2019,02,09,7,2,2,3,0,0,1,0,0,0,0,372199.032579400580000,5732957.196633560600000,7.149301033000029,51.732946182000035,1,
05,5,58,004,2019,02,16,7,2,9,1,2,0,1,0,0,0,0,406666.649518433960000,5733946.051467752100000,7.647987373000035,51.748634332000051,1,
05,5,58,004,2019,02,16,7,3,0,6,0,0,1,0,0,0,0,405872.286704804750000,5739218.893810745300000,7.635054607000029,51.795897729000046,1,
05,5,70,004,2019,02,18,3,3,5,2,2,1,1,0,0,0,0,423798.097488249650000,5736183.593059390800000,7.895604948000027,51.771341397000072,0,
05,5,70,052,2019,02,14,3,3,5,2,0,0,1,0,0,0,0,431165.074079548940000,5756510.281051809000000,7.998305426000059,51.955028666000032,0,
05,5,66,072,2019,02,06,3,2,8,1,2,0,1,0,0,0,0,411124.108238317070000,5799620.263960303700000,7.695461819000059,52.339677693000056,1,
05,5,66,028,2019,02,18,3,3,6,1,2,0,1,1,0,0,0,413536.855502128600000,5792404.256935522000000,7.732720676000042,52.275203830000066,1,
05,5,66,068,2019,02,08,3,2,5,3,0,0,1,0,0,0,0,378596.272999999110000,5786418.531000001400000,7.222980717000041,52.214810009000075,1,
05,5,66,008,2019,02,06,3,3,5,2,2,1,1,0,0,0,0,398186.374319287950000,5780233.703771773700000,7.511469147000071,52.163191642000072,0,
05,5,70,044,2019,02,06,6,3,8,1,2,0,1,0,0,0,0,416379.908301939260000,5767305.950464552300000,7.780563132000054,52.050043468000069,2,
05,5,66,008,2019,02,19,3,3,2,6,2,0,1,0,0,0,0,397918.660000000150000,5780587.332000000400000,7.507450206000044,52.166320485000028,0,
05,5,66,008,2019,02,11,3,3,4,6,0,0,1,0,0,0,1,400654.653975603170000,5780024.823070030700000,7.547604190000072,52.161764017000053,1,
05,5,66,068,2019,02,12,6,3,2,6,0,1,0,0,0,0,0,378159.988000000830000,5785206.327000001400000,7.217034291000061,52.203820503000031,1,
05,5,66,084,2019,02,08,6,3,1,1,0,0,1,0,0,0,0,390165.324244133200000,5776789.622734490800000,7.395361468000033,52.130701288000068,2,
05,5,15,000,2019,02,15,3,3,5,2,0,1,1,0,0,0,0,405455.253000000490000,5759121.153999999200000,7.623554810000030,51.974719809000078,0,
05,5,15,000,2019,02,13,3,3,1,6,0,1,0,0,0,0,0,406155.558017926290000,5757435.097148019800000,7.634208004000072,51.959683473000041,0,
05,5,66,008,2019,02,22,6,3,5,3,2,0,1,0,0,0,0,399120.371000000280000,5779921.179000001400000,7.525212269000065,52.160554239000078,1,
05,5,58,044,2019,02,16,6,2,4,2,0,0,1,0,0,0,0,399416.102359248330000,5738328.867228090800000,7.541723267000066,51.786774014000059,1,
05,5,54,032,2019,02,20,6,3,8,1,2,0,1,0,0,0,0,328062.832516293970000,5743546.506750365700000,6.505486004000034,51.816271057000051,1,
05,5,62,028,2019,02,13,3,2,5,3,0,1,1,0,0,0,0,379499.213229933750000,5722445.298691481400000,7.258590863000052,51.640089734000071,0,
05,5,15,000,2019,02,08,6,3,2,6,0,0,1,0,0,0,0,407676.549961341540000,5756832.681150931900000,7.656499453000038,51.954523262000066,1,
05,5,62,028,2019,02,03,3,3,8,1,2,0,1,0,0,0,0,382143.534898727200000,5722933.645396459800000,7.296622214000024,51.645039115000031,1,
05,5,15,000,2019,02,19,6,3,2,2,2,0,1,0,0,0,0,405371.937202354890000,5761218.416376149300000,7.621763644000055,51.993556620000049,1,
05,5,15,000,2019,02,13,6,3,3,5,0,0,1,0,0,0,0,408279.611756913360000,5760783.175252383600000,7.664217061000045,51.990132294000034,1,
05,5,62,012,2019,02,15,3,3,5,3,0,1,1,0,0,0,0,358567.888960612010000,5727841.535868709900000,6.954111875000024,51.683705369000052,0,
05,5,62,004,2019,02,14,6,3,2,6,0,0,1,0,0,0,0,383162.847950894390000,5713448.928823499000000,7.314507306000053,51.560006346000080,1,
05,5,13,000,2019,02,17,3,3,6,4,2,0,1,1,0,0,0,369055.431999999100000,5708133.600000001500000,7.113082991000056,51.509140021000064,0,
05,5,62,004,2019,02,13,6,3,2,6,0,0,1,0,0,0,0,383226.351198955440000,5718071.315279020000000,7.313885777000053,51.601564165000070,1,
05,5,62,012,2019,02,19,6,2,5,2,2,0,1,0,0,0,0,358003.887147668750000,5724875.187287330600000,6.947164639000050,51.656908365000049,1,
05,5,12,000,2019,02,06,6,3,2,2,2,0,1,0,0,0,0,353044.794171916320000,5720083.317819466800000,6.877534813000068,51.612577209000051,1,
05,5,62,032,2019,02,21,6,3,2,6,2,0,1,0,0,0,0,375411.746454764160000,5718505.834599390600000,7.200953040000059,51.603794777000076,1,
05,5,62,032,2019,02,18,6,3,2,6,2,0,1,0,0,0,0,376105.700944245790000,5716428.836460057600000,7.211701838000067,51.585281487000032,0,
05,5,62,032,2019,02,15,6,2,5,2,0,1,1,0,0,0,0,379705.843000000340000,5718182.559000002200000,7.263039198000058,51.601823011000079,0,
05,5,66,088,2019,02,09,3,2,2,1,0,0,0,0,0,1,0,419190.725343651140000,5789998.534763364100000,7.816144996000048,52.254439828000045,1,
05,5,15,000,2019,02,18,3,3,2,6,1,0,1,0,0,0,0,401984.019130499100000,5748371.407821053600000,7.576096250000035,51.877496601000075,0,
05,5,62,004,2019,02,14,1,2,2,1,0,0,1,0,0,0,0,381115.234417790550000,5713295.369143430100000,7.285034479000046,51.558198335000043,1,
05,5,66,048,2019,02,15,1,3,2,6,0,0,1,0,0,0,0,428261.770100254570000,5791354.043458363000000,7.948721803000069,52.267882168000028,1,
05,5,62,004,2019,02,20,1,3,3,6,2,0,1,0,0,0,0,387856.223076302560000,5716113.883403608600000,7.381333547000054,51.584911755000064,1,
05,5,54,028,2019,02,00,7,3,9,1,2,0,1,0,0,0,0,362120.863900423980000,5746764.406765613700000,6.997961906000057,51.854626849000056,1,
05,5,15,000,2019,02,14,7,3,5,2,0,1,1,0,0,0,0,405782.720849396660000,5755731.994492596000000,7.629250413000023,51.944312157000070,0,
05,5,15,000,2019,02,17,7,3,0,3,0,1,1,0,0,0,0,405782.736908687280000,5755732.013380006000000,7.629250641000056,51.944312329000070,0,
05,5,12,000,2019,02,16,7,2,6,4,0,0,1,1,0,0,0,355745.219939168540000,5709833.934238974000000,6.920715970000060,51.521177869000041,0,
05,5,62,020,2019,02,19,7,3,5,2,2,0,1,0,0,0,0,370092.596219250930000,5719088.244499400300000,7.123972477000052,51.607826876000047,0,
05,5,13,000,2019,02,21,7,2,8,1,2,0,1,0,0,0,0,365355.679044383580000,5715368.188481997700000,7.057034219000059,51.573284171000068,0,
05,5,13,000,2019,02,19,7,3,5,2,2,0,1,0,0,0,0,367445.153576494190000,5708571.903503738300000,7.089727807000031,51.512703476000070,0,
05,5,62,004,2019,02,12,4,2,0,6,0,0,1,0,0,0,0,381036.533227841370000,5713301.176369633500000,7.283897762000038,51.558233935000032,0,
05,5,70,008,2019,02,02,4,2,2,3,2,0,0,0,0,1,0,435918.555541946550000,5738186.946925204200000,8.070869729000037,51.790870619000032,0,
05,5,70,052,2019,02,17,3,3,5,2,1,0,1,0,0,0,0,429456.402975208130000,5756505.105760306100000,7.973445951000031,51.954768011000056,0,
05,5,66,012,2019,02,15,3,2,4,6,0,0,1,0,0,0,0,406277.303015781570000,5772328.876426858800000,7.631899734000058,52.093574655000054,1,
05,5,58,024,2019,02,07,3,3,1,6,1,0,1,0,1,0,0,390576.011999999170000,5736079.345000002500000,7.414318432000073,51.764896523000061,0,
05,5,58,036,2019,02,06,3,3,8,1,2,0,0,0,1,0,0,388516.729533172210000,5727611.558389464400000,7.387200894000046,51.688383454000075,1,
05,5,58,024,2019,02,05,3,3,8,1,2,0,1,0,0,0,0,392957.386228340680000,5737515.139134392100000,7.448370975000046,51.778261793000070,1,
05,5,54,036,2019,02,14,3,3,1,5,0,0,1,0,0,0,0,369636.186000000690000,5766104.853000000100000,7.099687471000038,52.030228302000069,0,
05,5,54,040,2019,02,21,3,3,5,3,2,0,1,0,0,0,0,352796.886046325790000,5735195.376563513700000,6.867585563000034,51.748297856000079,0,
05,5,54,040,2019,02,08,3,3,0,1,0,1,0,0,0,0,0,351847.539000000800000,5734574.950000001100000,6.854107751000072,51.742473076000067,2,
05,5,15,000,2019,02,14,3,3,5,3,0,0,1,0,0,0,0,407683.622999998740000,5761472.883999999600000,7.655354147000026,51.996232994000081,0,
05,5,62,020,2019,02,17,3,2,5,3,2,1,1,0,0,0,0,371469.258721265940000,5718882.778735987800000,7.143917256000066,51.606296318000034,0,
05,5,12,000,2019,02,17,3,2,5,3,1,0,1,0,1,0,0,356201.943282492460000,5710483.565577587100000,6.927029372000050,51.527131786000041,0,
05,5,62,032,2019,02,21,3,3,2,6,2,0,1,0,1,0,0,375858.368203490970000,5717321.366655763200000,7.207818006000025,51.593248391000031,0,
05,5,62,032,2019,02,12,3,3,1,5,0,0,1,0,0,0,0,376125.871443446730000,5721841.401447782300000,7.210080245000029,51.633929573000046,0,
05,5,62,032,2019,02,22,7,2,2,6,2,0,1,0,0,0,0,373139.428816533650000,5720350.843688100600000,7.167491063000057,51.619868496000038,0,
05,5,66,092,2019,02,13,6,3,8,1,0,0,0,0,0,1,0,423838.202679135840000,5800723.177641008000000,7.881789954000055,52.351504325000064,0,
05,5,66,072,2019,02,06,6,3,8,1,2,0,1,0,0,0,0,414077.912914123390000,5802618.827445685900000,7.738039257000025,52.367100158000028,1,
05,5,54,004,2019,02,13,6,3,5,3,0,0,1,0,0,0,0,365247.524238931020000,5771834.327205032100000,7.033494027000074,52.080662112000027,1,
05,5,54,012,2019,02,17,6,3,4,3,0,0,1,0,0,0,1,351106.093094851820000,5747559.507673578300000,6.837800632000040,51.858941181000034,0,
05,5,54,012,2019,02,17,6,2,5,3,2,1,1,0,0,0,0,352899.697114446200000,5746664.658044960300000,6.864208083000051,51.851376674000051,0,
05,5,15,000,2019,02,09,6,3,5,3,0,1,1,0,0,0,0,406537.972946568390000,5750575.382951991600000,7.641634993000025,51.898089104000064,0,
05,5,15,000,2019,02,08,6,3,1,5,0,1,1,0,0,0,0,405081.291941844860000,5759105.252224085900000,7.618116543000042,51.974513130000048,1,
05,5,62,028,2019,02,14,6,3,0,7,0,1,0,0,0,0,0,380492.231235864570000,5722652.915021127100000,7.272863438000059,51.642167553000036,0,
05,5,62,008,2019,02,07,6,2,6,4,1,0,1,1,0,0,0,383976.562775546680000,5721019.454081473900000,7.323737157000039,51.628216209000072,1,
05,5,62,012,2019,02,08,6,3,6,2,1,0,1,1,0,0,0,359301.184292139490000,5725533.510793360000000,6.965641865000066,51.663150155000039,1,
05,5,62,014,2019,02,12,6,3,5,2,0,0,1,0,0,0,0,360632.768814141860000,5716470.009164819500000,6.988488160000031,51.582037492000040,1,
05,5,62,032,2019,02,14,6,3,5,3,0,1,1,0,0,0,0,375527.873996132980000,5720180.701778899900000,7.202034280000021,51.618872700000054,1,
05,5,62,032,2019,02,07,6,3,6,2,1,0,1,1,0,0,0,375900.758999999610000,5720931.986000001400000,7.207151507000049,51.625706931000082,1,
05,5,62,032,2019,02,08,6,2,5,3,0,1,1,0,0,0,0,374201.657150729560000,5718065.833672117400000,7.183646653000039,51.599571456000035,1,
05,5,13,000,2019,02,20,6,3,5,7,2,0,1,0,0,0,1,368023.347000000070000,5707903.837000003100000,7.098305370000048,51.506835084000045,1,
05,5,62,012,2019,02,18,3,2,2,1,2,0,1,0,1,1,1,363931.986416255120000,5723221.778884761000000,7.033454741000071,51.643516830000067,0,
05,5,70,052,2019,02,12,2,3,5,3,0,0,1,0,0,0,0,430412.947733664890000,5755855.048966946100000,7.987494909000077,51.949044764000064,0,
05,5,66,040,2019,02,21,2,3,1,2,2,0,1,0,0,0,0,416862.128155859190000,5778918.261610820900000,7.784759639000072,52.154496551000079,0,
05,5,66,076,2019,02,13,2,3,0,1,0,0,0,0,1,0,0,393134.320069248790000,5793572.448612872500000,7.433422678000056,52.282115508000061,1,