ULAND,UREGBEZ,UKREIS,UGEMEINDE,UJAHR,UMONAT,USTUNDE,UWOCHENTAG,UKATEGORIE,UART,UTYP1,ULICHTVERH,IstRad,IstPKW,IstFuss,IstKrad,IstGkfz,IstSonstige,LINREFX,LINREFY,XGCSWGS84,YGCSWGS84,STRZUSTAND,UIDENTSTLAE
05,5,58,040,2019,02,13,2,3,4,2,0,1,1,0,0,0,0,371581.733936648820000,5763192.167107828000000,7.129123734000075,52.004508394000027,0,
05,5,54,016,2019,02,15,2,3,5,3,0,1,1,0,0,0,0,362470.649776579810000,5757371.825016191200000,6.998805065000056,51.950027493000050,1,
05,5,54,004,2019,02,16,2,3,8,1,0,0,1,0,0,0,0,365051.342000002040000,5771537.487999998000000,7.030750299000033,52.077947074000065,1,
05,5,54,028,2019,02,19,2,3,1,6,2,0,1,0,0,0,0,360882.919999998990000,5741626.241000004100000,6.982063969000024,51.808150010000077,1,
05,5,62,028,2019,02,05,2,2,8,1,2,0,1,0,0,0,0,377570.846406647000000,5722630.660857137300000,7.230672545000061,51.641339160000030,1,
05,5,12,000,2019,02,11,2,2,5,7,0,0,1,0,1,0,0,357920.801278146920000,5711626.176380990100000,6.951330007000024,51.537834279000037,1,
05,5,13,000,2019,02,10,2,2,6,4,0,0,1,1,0,0,0,363115.033547731120000,5711604.421348523300000,7.026186472000063,51.538922268000078,1,
05,5,13,000,2019,02,13,2,3,6,2,0,0,1,1,0,0,0,369668.680000000630000,5706727.305000001600000,7.122434419000058,51.496643583000036,0,
05,5,70,028,2019,02,14,5,2,8,1,0,0,1,0,0,0,0,445606.783892050390000,5746619.952198926400000,8.210000352000066,51.867712460000064,0,
05,5,70,004,2019,02,16,5,3,2,6,0,0,1,0,0,0,0,424813.669324373830000,5735136.885697986900000,7.910547312000062,51.762069157000042,0,
05,5,70,004,2019,02,17,5,3,2,6,1,0,1,0,0,0,0,426008.502000002190000,5737279.313999999300000,7.927400690000070,51.781488179000064,0,
05,5,66,056,2019,02,18,5,2,5,3,2,0,1,0,0,0,0,414879.739408561960000,5798496.418114287800000,7.750857858000074,52.330171918000076,0,
05,5,66,076,2019,02,16,5,3,2,6,0,0,1,0,0,0,0,393201.400070554580000,5793263.777023719600000,7.434503409000058,52.279354462000072,0,
05,5,66,060,2019,02,12,5,2,5,3,0,1,1,0,0,0,0,389239.135801725090000,5789960.344244310600000,7.377531996000073,52.248882622000053,0,
05,5,66,004,2019,02,20,5,3,4,1,2,0,1,0,0,0,0,395945.637000000100000,5765679.608000000900000,7.483165795000048,52.031966729000033,0,
05,5,58,012,2019,02,06,5,3,5,3,2,0,1,0,0,0,0,373468.580705202180000,5754069.829155815800000,7.159957908000024,51.922964997000065,1,
05,5,54,012,2019,02,15,5,3,5,3,0,0,1,0,0,0,0,349312.537000002340000,5742880.093000000300000,6.813813468000035,51.816416878000041,0,
05,5,15,000,2019,02,06,5,3,5,3,2,1,1,0,0,0,0,404326.302019314840000,5756264.114356739400000,7.607919859000049,51.948846493000076,1,
05,5,62,028,2019,02,18,5,3,6,4,2,0,1,1,0,0,0,379625.772544219160000,5722420.441069968000000,7.260427469000035,51.639893431000075,0,
05,5,62,012,2019,02,15,5,3,5,2,0,1,1,0,0,0,0,362611.497915904970000,5724711.381033118800000,7.013797316000023,51.656581483000082,0,
05,5,62,024,2019,02,17,5,3,6,2,1,0,1,1,0,0,0,368586.369295200330000,5724441.290389468900000,7.100224236000031,51.655582954000067,0,
05,5,62,014,2019,02,14,5,3,1,6,0,0,1,0,1,0,0,361512.104861587290000,5713312.772410042600000,7.002415660000054,51.553882846000079,0,
05,5,62,032,2019,02,07,5,3,6,4,1,0,1,1,0,0,0,373969.750829911790000,5719868.072729339800000,7.179652218000058,51.615716373000055,1,
05,5,13,000,2019,02,16,5,3,3,7,0,1,0,0,0,0,1,364821.087098105810000,5716720.994680859100000,7.048803944000042,51.585313085000053,0,
05,5,13,000,2019,02,07,5,3,1,7,1,0,1,0,1,0,0,366900.784117747100000,5705589.507190788200000,7.083012644000064,51.485773630000040,1,
05,5,58,016,2019,02,10,1,3,5,3,0,1,1,0,0,0,0,380267.700000001120000,5740852.025000000400000,7.263362971000049,51.805679998000073,1,
05,5,54,004,2019,02,17,1,3,5,3,2,0,1,0,0,0,0,361159.407999998890000,5771183.947000004400000,6.974138657000026,52.073808243000030,1,
05,5,54,040,2019,02,11,1,2,5,3,0,0,1,0,0,0,0,351413.081197413620000,5737372.696009622900000,6.846623909000073,51.767495751000070,1,
05,5,15,000,2019,02,20,1,3,6,4,2,0,1,1,0,0,0,405927.393414234740000,5756743.447974799200000,7.631077751000021,51.953428058000043,1,
05,5,13,000,2019,02,02,1,3,5,3,2,0,1,0,0,0,0,365361.257554211650000,5715357.518816495300000,7.057118758000058,51.573189621000040,1,
05,5,13,000,2019,02,17,1,3,5,7,1,0,1,0,0,0,0,368023.432325975970000,5705266.382528886200000,7.099292965000075,51.483132879000038,1,
05,5,62,032,2019,02,16,2,2,3,6,0,0,1,0,0,1,0,373532.144854966550000,5723094.459208115900000,7.172169686000075,51.644613603000039,0,
05,5,66,076,2019,02,13,2,3,2,6,0,0,0,0,0,1,1,396700.876953596250000,5796184.750828683400000,7.484884735000037,52.306275085000038,0,
05,5,66,056,2019,02,16,1,3,6,7,0,1,0,1,0,0,0,416661.129390615970000,5797225.580970155100000,7.777308244000039,52.319022578000045,0,
05,5,66,008,2019,02,13,1,2,0,1,0,0,0,0,1,0,0,401536.121000000280000,5785213.743000002600000,7.558979454000053,52.208559088000072,0,
05,5,58,036,2019,02,17,1,3,4,6,0,1,1,0,0,0,0,389043.238794920970000,5726968.208230661200000,7.395019065000042,51.682705381000062,0,
05,5,58,024,2019,02,14,1,2,5,3,0,0,1,0,0,0,0,392918.169922782110000,5740780.362749368000000,7.446794683000064,51.807602029000066,0,
05,5,54,012,2019,02,13,1,3,2,5,0,0,1,0,1,0,0,349321.857878658920000,5745878.715662196300000,6.812643259000026,51.843361014000038,0,
05,5,54,012,2019,02,13,1,3,2,6,0,0,0,0,1,0,0,352302.768790906300000,5745680.744105806600000,6.855967898000074,51.842378696000026,0,
05,5,15,000,2019,02,10,1,3,3,2,0,1,1,0,0,0,0,405164.440306261180000,5756901.127267431500000,7.619935386000066,51.954715766000049,0,
05,5,62,036,2019,02,14,1,2,5,3,0,0,1,0,1,0,0,387403.112532312980000,5722624.648534823200000,7.372704461000069,51.643339681000043,0,
05,5,62,004,2019,02,16,1,3,5,3,0,1,1,0,0,0,0,382344.301062344570000,5716636.010409850600000,7.301637029000062,51.588480602000061,0,
05,5,62,014,2019,02,14,1,3,4,6,0,1,0,1,0,0,0,361293.108596697450000,5714230.647584568700000,6.998896790000060,51.562077210000041,0,
05,5,62,032,2019,02,19,1,3,5,2,1,0,1,0,0,0,0,376021.560475897040000,5714426.134681701700000,7.211194894000073,51.567264255000055,0,
05,5,13,000,2019,02,17,1,3,5,3,0,0,1,0,0,0,0,369751.059000001290000,5706010.710999999200000,7.123884958000076,51.490222602000074,0,
05,5,62,012,2019,02,19,6,3,2,6,2,0,1,0,0,0,0,359662.221571231260000,5737966.227477191000000,6.965850002000025,51.774957499000038,0,
05,5,66,048,2019,02,11,6,3,2,6,0,0,1,0,0,0,0,427525.861148281950000,5793092.163295747700000,7.937565972000073,52.283409612000071,0,
05,5,70,008,2019,02,18,5,3,2,2,2,0,1,0,0,0,0,433412.537999999710000,5736377.045000001800000,8.034887186000049,51.774306863000049,0,
05,5,70,008,2019,02,07,5,3,5,3,0,1,1,0,0,0,0,433709.694739988070000,5739028.921291025400000,8.038686833000043,51.798182561000033,0,
05,5,70,004,2019,02,13,5,3,5,3,0,1,1,0,0,0,0,423930.258246772920000,5734250.247010776800000,7.897943262000069,51.753979254000058,0,
05,5,66,076,2019,02,10,5,3,5,3,0,0,1,0,0,0,0,394309.828999999910000,5792897.355000000400000,7.450859582000021,52.276275573000078,0,
05,5,66,004,2019,02,13,5,3,2,6,0,0,1,0,0,0,1,393691.522696104830000,5767126.746127985400000,7.449869796000030,52.044545535000054,0,
05,5,66,012,2019,02,13,5,3,5,2,0,1,1,0,0,0,0,404923.312613938940000,5769507.503093419600000,7.612927771000045,52.067984616000047,0,
05,5,54,056,2019,02,06,5,1,8,1,2,1,0,0,0,0,0,359231.444795541470000,5765487.226523425400000,6.948372970000037,52.022135880000064,0,
05,5,54,012,2019,02,15,5,3,2,6,0,0,1,0,0,0,0,347946.229000001210000,5744600.756999999300000,6.793251149000071,51.831506258000047,0,
05,5,15,000,2019,02,16,5,3,5,3,0,1,1,0,0,0,0,405739.563047156670000,5753729.381308056400000,7.629171472000053,51.926304395000045,0,
05,5,62,014,2019,02,10,5,3,5,7,0,0,1,0,0,0,0,362212.060038207100000,5711411.116321960500000,7.013250098000071,51.536965484000063,0,
05,5,62,032,2019,02,15,5,3,6,4,0,0,1,1,0,0,0,375691.954835090790000,5717786.933038733900000,7.205251880000049,51.597395819000042,0,
05,5,62,032,2019,02,14,5,2,0,7,0,0,0,0,0,0,1,375458.272496440450000,5719831.953672928700000,7.201153391000048,51.615723066000044,0,
05,5,62,032,2019,02,14,5,3,0,7,0,0,1,0,0,0,0,372515.092006093820000,5721038.648723121700000,7.158227167000064,51.625908654000057,0,
05,5,13,000,2019,02,17,5,3,3,5,1,1,1,0,0,0,0,369016.752222117970000,5715932.337515801200000,7.109623055000043,51.579216507000069,0,
05,5,13,000,2019,02,20,5,3,2,6,2,0,1,0,0,0,0,367616.867999999780000,5708659.047000002100000,7.092168214000026,51.513526871000067,0,
05,5,13,000,2019,02,11,5,3,1,6,0,0,1,0,1,0,0,368850.395782867450000,5708766.026829846200000,7.109894871000051,51.514775971000063,0,
05,5,70,004,2019,02,20,7,3,0,5,2,0,1,0,1,0,0,422753.471618593670000,5735204.532252466300000,7.880685994000032,51.762396848000037,0,
05,5,66,076,2019,02,10,7,3,2,6,0,0,1,0,0,0,0,392341.461158775720000,5794446.158512316600000,7.421525587000076,52.289812907000055,0,
05,5,66,084,2019,02,12,7,3,5,2,0,1,1,0,0,0,0,385659.529261311520000,5778069.405040714900000,7.329133017000061,52.141288737000082,0,
05,5,58,016,2019,02,13,7,2,2,2,0,0,0,0,0,0,1,384628.854011643680000,5740830.846225857700000,7.326595985000040,51.806406606000053,0,
05,5,15,000,2019,02,18,7,3,6,4,2,0,1,1,0,0,0,406051.190985041670000,5757753.807898243900000,7.632602359000032,51.962530565000066,0,
05,5,15,000,2019,02,09,7,3,6,2,0,0,1,1,0,0,0,405446.333463592450000,5751079.759794965400000,7.625635789000057,51.902438544000063,0,
05,5,12,000,2019,02,14,7,2,0,1,0,1,0,0,0,0,0,354277.655694531280000,5713007.413547990800000,6.898264324000024,51.549316847000057,0,
05,5,12,000,2019,02,12,7,3,5,7,0,0,1,0,1,0,0,356846.088474025020000,5712345.338592983800000,6.935551778000047,51.544025025000053,0,
05,5,62,020,2019,02,11,7,3,6,2,0,0,1,1,0,0,0,371220.569555166180000,5717882.593476012300000,7.140695278000067,51.597251003000054,0,
05,5,13,000,2019,02,15,7,2,2,6,0,0,1,0,0,0,0,367527.707569850610000,5709434.234611734700000,7.090592685000047,51.520472354000049,0,
05,5,13,000,2019,02,15,5,3,2,6,0,0,1,0,0,0,1,364053.918527795000000,5708872.332720467800000,7.040770591000069,51.514597470000069,0,
05,5,70,008,2019,02,07,4,3,2,6,1,0,1,0,0,0,0,436448.634095607330000,5734966.547742176800000,8.079143899000030,51.761979259000043,0,
05,5,66,020,2019,02,19,4,2,5,2,2,0,1,0,0,0,0,406082.814997880720000,5801994.702849693600000,7.620823179000070,52.360178698000027,0,
05,5,66,036,2019,02,07,4,2,4,1,0,0,1,0,0,0,0,388407.514022118410000,5767578.559572182600000,7.372706667000045,52.047567601000026,0,
05,5,66,084,2019,02,16,4,3,5,3,0,1,1,0,0,0,0,386645.586000000130000,5777572.247000003200000,7.343701579000026,52.137023997000028,0,
05,5,58,012,2019,02,15,4,2,0,3,0,1,1,0,0,0,0,372050.214134011420000,5756003.266630463300000,7.138624507000031,51.940015341000048,0,
05,5,58,040,2019,02,07,4,2,8,1,0,0,0,0,0,1,0,372591.977235456930000,5760585.997436897800000,7.144801668000071,51.981321473000037,0,
05,5,62,032,2019,02,11,4,3,5,3,0,0,1,0,0,0,1,375502.084000000730000,5720061.273000000000000,7.201704383000049,51.617793676000076,0,
05,5,13,000,2019,02,08,4,3,2,6,0,0,1,0,0,0,1,365236.626158285890000,5709902.308930778900000,7.057411088000038,51.524136739000028,0,
05,5,62,016,2019,02,13,7,2,2,6,0,0,1,0,0,0,0,374411.733108453450000,5739089.456253003300000,7.179109622000055,51.788555592000080,0,
05,5,70,008,2019,02,17,6,3,2,6,0,0,1,0,0,0,0,435381.736202021130000,5736858.649970792200000,8.063334751000070,51.778867358000070,0,
05,5,70,004,2019,02,13,6,3,2,6,0,0,1,0,0,0,0,424994.699303152040000,5729088.598017942200000,7.914473528000031,51.707720849000054,0,
05,5,66,092,2019,02,08,6,3,6,4,0,0,1,1,0,0,0,423290.449214644730000,5796494.894189147300000,7.874714536000056,52.313421137000034,0,
05,5,58,040,2019,02,16,6,2,5,3,0,1,1,0,0,0,0,376943.828999999910000,5764313.533000001700000,7.206796888000042,52.015800077000051,0,
05,5,58,016,2019,02,13,6,3,2,6,0,0,1,0,0,0,0,379337.533726970670000,5746457.543411906800000,7.247924024000042,51.855856912000036,0,
05,5,54,056,2019,02,22,6,3,0,3,2,0,1,0,0,0,0,356836.473399236800000,5762372.874061230600000,6.914793839000026,51.993540666000058,0,
05,5,54,044,2019,02,15,6,3,1,1,0,0,1,0,0,0,1,365227.473678253590000,5741877.877891358000000,7.044944966000060,51.811475434000045,0,
05,5,15,000,2019,02,16,6,3,8,1,0,1,0,0,0,0,0,408813.658563434150000,5758532.777251549100000,7.672590569000022,51.969992364000063,0,
05,5,15,000,2019,02,07,6,3,5,2,0,0,1,0,1,0,0,407081.385000000710000,5757597.832000000400000,7.647634193000044,51.961301708000065,0,
05,5,62,012,2019,02,18,6,3,5,3,2,1,1,0,0,0,0,359101.656602323060000,5726557.327469881600000,6.962346003000050,51.672299956000074,0,
05,5,62,024,2019,02,15,6,3,2,6,0,0,1,0,0,0,0,364122.504069616090000,5724467.173214165500000,7.035722678000070,51.654754271000058,0,
05,5,12,000,2019,02,15,6,1,5,3,0,0,1,0,1,0,0,358635.349813190290000,5721950.605874851300000,6.957469055000047,51.630787870000063,0,
05,5,62,014,2019,02,12,6,3,2,6,0,0,1,0,0,0,0,360151.051224078980000,5713373.151166036700000,6.982772501000056,51.554089673000078,0,
05,5,62,032,2019,02,18,6,2,5,3,2,0,1,0,0,0,0,376303.174940268510000,5719922.220736926400000,7.213318656000070,51.616720609000026,0,
05,5,62,032,2019,02,07,6,3,6,2,2,0,0,1,0,0,1,374766.530579972080000,5719095.570656089100000,7.191430510000032,51.608951670000067,0,
05,5,13,000,2019,02,23,6,3,1,2,2,0,1,0,0,0,0,364029.777590416370000,5710080.360586991500000,7.039956773000029,51.525447521000046,0,
05,5,13,000,2019,02,08,6,3,3,2,0,0,1,0,0,0,0,365480.366916893980000,5714337.684470068700000,7.059226887000023,51.564053355000055,0,
05,5,13,000,2019,02,13,6,3,2,6,0,0,1,0,0,0,0,366288.503371669910000,5711250.077442627400000,7.072052722000024,51.536498598000037,0,
05,5,54,020,2019,02,14,4,3,8,1,0,0,1,0,0,0,0,366912.100405788050000,5782048.877124952200000,7.053774724000050,52.172848436000038,0,
05,5,54,032,2019,02,15,4,3,5,2,0,0,1,0,0,0,0,324509.490418703300000,5746418.835627317400000,6.452531458000067,51.840966997000066,0,
05,5,15,000,2019,02,16,4,3,5,3,0,1,1,0,0,0,0,406133.740419750100000,5757702.640671826900000,7.633817457000021,51.962084594000032,0,
05,5,15,000,2019,02,13,4,3,0,5,0,1,1,0,0,0,0,405648.614834705370000,5756980.848354360100000,7.626957100000027,51.955514692000065,0,
05,5,15,000,2019,02,10,4,3,1,5,0,1,1,0,0,0,0,404669.747128407470000,5759480.299874937200000,7.612022738000064,51.977813746000038,0,
05,5,62,004,2019,02,20,4,3,5,3,2,0,1,0,1,0,0,385358.192201308910000,5716067.478853693200000,7.345308509000063,51.583992020000039,0,
05,5,13,000,2019,02,11,4,3,6,7,0,0,1,1,0,0,0,365108.949137098160000,5716256.204693025000000,7.053134978000060,51.581205273000080,0,
05,5,58,016,2019,02,17,4,2,8,7,0,0,1,0,0,0,0,382229.583404296080000,5745503.602073252200000,7.290222521000032,51.847901448000073,0,
05,5,70,004,2019,02,07,3,2,6,4,1,0,1,1,0,0,0,423924.831411978230000,5733994.525004867500000,7.897920617000068,51.751679659000047,1,
05,5,70,044,2019,02,11,3,3,5,3,0,1,1,0,0,0,0,416749.698529968970000,5759827.533466184500000,7.787772978000021,51.982876277000059,0,
05,5,70,012,2019,02,09,3,2,8,1,0,0,1,0,0,0,0,441316.713919916190000,5754173.311825843500000,8.146413046000021,51.935183195000036,1,
05,5,66,068,2019,02,08,3,3,5,2,0,1,1,0,0,0,0,376099.101000000720000,5785147.701000003100000,7.186913637000032,52.202834289000066,1,
05,5,66,004,2019,02,17,3,3,0,7,0,0,1,0,0,0,0,392813.221570820550000,5767443.879376471000000,7.436968584000056,52.047226652000063,0,
05,5,66,008,2019,02,12,3,3,6,4,0,0,0,1,0,0,1,404792.431573938580000,5778706.886328782900000,7.608446868000044,52.150647493000065,0,
05,5,54,064,2019,02,16,3,3,5,7,0,0,1,0,0,0,0,356329.164286827670000,5749355.275834403900000,6.912846421000040,51.876445605000072,0,
05,5,15,000,2019,02,09,3,3,2,6,0,0,1,0,0,0,0,402833.107555665080000,5753948.558791244400000,7.586854722000055,51.927774713000076,1,
05,5,15,000,2019,02,19,3,3,5,2,2,1,1,0,0,0,0,406628.592371324080000,5758709.235125314400000,7.640743890000067,51.971215674000064,0,
05,5,15,000,2019,02,16,3,3,4,2,0,1,1,0,0,0,0,401877.237683466640000,5753654.857938041900000,7.573041412000066,51.924967174000074,0,
05,5,62,036,2019,02,09,3,3,2,6,0,0,1,0,0,0,0,388694.898705489930000,5718364.675011044400000,7.392719662000047,51.605308242000035,0,
05,5,12,000,2019,02,15,3,3,5,7,0,0,1,0,1,0,0,356952.448279021310000,5712639.496404055500000,6.936964959000022,51.546695244000034,0,
05,5,12,000,2019,02,13,3,3,5,3,0,0,1,0,0,0,0,356418.792002436700000,5718722.669839337500000,6.926787676000060,51.601221467000073,0,
05,5,62,032,2019,02,22,3,2,8,1,2,0,0,0,1,0,0,378666.031632549130000,5721169.490910464900000,7.246998451000025,51.628444527000056,0,
05,5,62,032,2019,02,06,3,2,5,3,2,1,1,0,0,0,0,375836.731592287310000,5720659.837875332700000,7.206323471000076,51.623246978000054,1,
05,5,13,000,2019,02,02,3,2,0,7,2,0,0,0,1,0,0,368040.648869859990000,5713367.365629438300000,7.096507231000032,51.555938316000038,0,
05,5,13,000,2019,02,21,3,2,4,7,2,0,1,0,0,0,0,366180.568473879250000,5709768.127108492000000,7.071060482000064,51.523155357000064,0,
05,5,62,014,2019,02,17,3,2,3,3,0,0,1,0,0,1,0,359242.294507130980000,5713306.453600747500000,6.969699815000070,51.553264330000047,0,
05,5,70,028,2019,02,13,2,3,2,2,0,0,1,0,0,0,0,441551.364561777560000,5741167.397615462500000,8.152028278000046,51.818282645000068,0,
05,5,70,004,2019,02,13,2,3,5,2,0,0,1,0,0,0,0,426014.272000000810000,5737270.872000001400000,7.927486117000058,51.781413050000026,0,
05,5,70,052,2019,02,14,2,3,5,2,0,1,0,0,0,1,0,430444.947999999860000,5755934.977000003700000,7.987944265000067,51.949767290000068,0,
05,5,66,028,2019,02,10,2,3,5,2,0,0,1,0,1,0,0,410861.738583571280000,5795795.038400601600000,7.692625682000028,52.305253532000052,0,
05,5,66,028,2019,02,07,2,2,9,1,0,1,0,0,0,0,0,414526.302000001070000,5792744.147000001700000,7.747132932000056,52.278413615000034,0,
05,5,66,028,2019,02,07,2,3,8,1,0,1,0,0,0,0,0,414538.659000000920000,5792751.494000000900000,7.747312150000028,52.278481574000068,0,
05,5,66,084,2019,02,22,2,3,5,3,2,0,1,0,0,0,0,389712.984290977940000,5775486.957630464800000,7.389178067000046,52.118903878000026,0,
05,5,66,080,2019,02,15,2,3,2,6,0,0,1,0,0,0,0,403153.252661067990000,5782271.251411611200000,7.583479382000064,52.182398812000031,0,
05,5,58,024,2019,02,16,2,2,0,7,0,0,0,0,1,0,0,392631.262397112320000,5736362.435798574200000,7.444001958000058,51.767838836000067,0,
05,5,58,012,2019,02,12,2,3,1,6,0,0,1,0,1,0,0,374448.855999999680000,5755991.675000002600000,7.173504127000058,51.940457563000052,0,
05,5,70,052,2019,02,14,4,3,5,3,0,0,1,0,1,0,0,426048.863665160720000,5746822.081930268600000,7.925947267000026,51.867279659000076,0,
05,5,58,040,2019,02,05,2,2,5,3,2,0,1,0,0,0,0,372666.340034488590000,5760512.944905255000000,7.145910970000045,51.980682050000041,0,
05,5,54,064,2019,02,18,2,2,2,6,2,0,1,0,0,0,1,361618.940000000410000,5749346.048000002300000,6.989644381000062,51.877700301000061,0,
05,5,15,000,2019,02,16,2,3,3,6,0,1,1,0,0,0,0,404784.462779388760000,5755235.854708546800000,7.614868889000036,51.939682687000072,0,
05,5,62,024,2019,02,12,2,3,5,2,0,1,1,0,0,0,0,366934.047079925430000,5724376.545709405100000,7.076376561000075,51.654612423000060,0,
05,5,62,014,2019,02,15,2,2,6,2,0,0,1,1,0,0,0,361654.672570618800000,5713098.813159553300000,7.004554908000046,51.551995146000081,0,
05,5,13,000,2019,02,18,2,2,5,7,1,1,0,0,0,0,0,363110.620000001970000,5711116.517999999200000,7.026312586000074,51.534536737000053,0,
05,5,66,032,2019,02,17,4,3,6,7,0,0,1,1,0,0,0,413590.207845365630000,5776931.146416878300000,7.737451076000070,52.136132915000076,0,
05,5,66,012,2019,02,16,4,3,0,7,0,0,1,0,0,0,0,405479.467747712510000,5774057.386444700900000,7.619777550000038,52.108975132000069,0,
05,5,58,012,2019,02,14,4,2,2,6,0,0,1,0,0,0,0,377316.450000001120000,5755081.912000000500000,7.215523735000033,51.932921463000071,0,
05,5,62,024,2019,02,06,5,3,9,1,2,0,1,0,0,0,0,366998.621589771470000,5726392.715822145300000,7.076542188000076,51.672745829000064,0,
05,5,70,008,2019,02,22,7,3,9,1,2,0,1,0,0,0,0,429578.825511566360000,5735802.490472961200000,7.979447458000038,51.768672453000079,0,
05,5,66,028,2019,02,20,7,2,8,1,2,0,1,0,0,0,0,417567.281900722530000,5789489.287143437200000,7.792491548000044,52.249621572000081,0,
05,5,66,024,2019,02,14,7,3,5,2,0,0,1,0,1,0,0,384370.762562721040000,5770448.280958708400000,7.312896375000037,52.072530306000033,0,
05,5,58,012,2019,02,13,7,2,5,3,0,0,1,0,0,0,0,375243.300947546960000,5758404.488452907700000,7.184179439000047,51.962319040000068,0,
05,5,54,020,2019,02,15,7,3,6,2,0,0,1,1,0,0,0,366271.929000001400000,5782886.364000000100000,7.044088839000040,52.180218864000040,0,
05,5,54,012,2019,02,10,7,3,5,3,0,1,1,0,0,0,0,352216.761000001800000,5746016.635000001600000,6.854576794000025,51.845373883000036,0,
05,5,54,008,2019,02,13,7,2,5,2,0,1,0,0,0,0,0,335295.757554967890000,5745852.965275803600000,6.609225336000066,51.839169035000054,0,
05,5,15,000,2019,02,21,7,3,2,6,2,0,1,0,0,0,0,409119.928024389780000,5758872.337101638300000,7.676957780000066,51.973094696000032,0,
05,5,15,000,2019,02,14,7,3,5,2,0,1,1,0,0,0,0,406038.352976575490000,5756774.951165309200000,7.632683297000028,51.953729981000038,0,
05,5,62,008,2019,02,15,7,3,5,3,0,0,1,0,1,0,0,381949.593187259510000,5726208.346316197900000,7.292714558000057,51.674429771000064,0,
05,5,62,008,2019,02,09,7,3,5,3,0,1,1,0,0,0,0,385058.058610640470000,5723617.218878734900000,7.338501826000027,51.651786193000078,0,
05,5,12,000,2019,02,22,7,3,1,1,2,0,1,0,0,0,0,356637.132515560840000,5711936.514224357900000,6.932707029000028,51.540298369000027,0,
05,5,62,032,2019,02,10,7,2,5,3,0,1,1,0,0,0,0,376175.975988306110000,5715427.708894707300000,7.213068688000021,51.576299574000075,0,
05,5,13,000,2019,02,10,7,3,2,2,0,0,0,0,0,0,1,364915.602044804020000,5716760.893326135400000,7.050151985000071,51.585694294000064,0,
05,5,12,000,2019,02,23,7,2,0,6,2,0,1,0,0,0,0,356540.451329059900000,5707855.529179411000000,6.932975418000069,51.503602756000078,0,
05,5,70,008,2019,02,16,6,2,8,1,0,0,1,0,0,0,0,433358.746802274140000,5736527.380910608900000,8.034078804000046,51.775651984000035,0,
05,5,66,080,2019,02,18,6,3,8,1,1,0,0,0,0,0,1,406851.850511230530000,5782565.087650261800000,7.637478977000058,52.185676833000059,0,
05,5,66,008,2019,02,09,6,3,3,2,0,1,1,0,0,0,0,399239.344000000510000,5780877.898000001900000,7.526666935000037,52.169174700000042,0,
05,5,58,016,2019,02,10,6,2,0,3,0,0,1,0,0,0,0,380754.343397499060000,5741666.832238713300000,7.270137543000033,51.813106796000056,1,
05,5,15,000,2019,02,17,6,3,9,7,1,0,1,0,0,0,0,416344.120567789300000,5753778.344629403200000,7.783341590000021,51.928439222000065,0,
05,5,15,000,2019,02,14,6,3,3,6,0,1,0,0,0,0,0,405046.408797043380000,5756567.783853460100000,7.618310420000057,51.951699397000027,0,
05,5,15,000,2019,02,14,6,3,2,6,0,0,1,0,0,0,0,403102.091110602020000,5760279.340870948500000,7.588979918000064,51.984724570000026,0,
05,5,62,008,2019,02,11,6,3,0,7,0,0,1,0,0,1,0,384306.672529590320000,5721315.352995786800000,7.328406501000075,51.630943634000062,0,
05,5,62,024,2019,02,12,6,3,1,5,0,0,1,0,1,0,0,374082.152123032140000,5725496.062925977600000,7.179249651000021,51.666320114000030,0,
05,5,13,000,2019,02,20,6,3,2,6,2,0,1,0,0,0,0,367472.804768386300000,5708461.144675908600000,7.090167692000023,51.511714606000055,0,
05,5,66,016,2019,02,15,6,2,0,6,0,0,1,0,0,1,0,401060.172149766240000,5794312.374689456100000,7.549350998000023,52.290249590000030,0,
05,5,70,052,2019,02,18,5,3,0,7,2,0,1,1,0,0,0,430410.335264301860000,5757051.499710254400000,7.987214581000046,51.959800078000058,0,
05,5,66,056,2019,02,07,5,3,5,3,0,0,1,0,0,0,0,416862.376290821470000,5798952.736626744300000,7.779832992000024,52.334577493000040,0,
05,5,66,028,2019,02,17,5,3,5,7,0,1,1,0,0,0,0,411897.773365439850000,5793061.798922369300000,7.708531602000051,52.280853754000077,0,
05,5,66,008,2019,02,06,5,2,5,3,1,0,1,0,0,0,1,398257.607067565430000,5781106.300912730400000,7.512248604000035,52.171047390000069,0,
05,5,58,012,2019,02,10,5,2,2,2,0,0,1,0,0,0,0,376957.444000000130000,5749731.333000000600000,7.212215438000044,51.884758095000052,0,
05,5,54,020,2019,02,10,5,3,6,7,0,1,0,1,0,0,0,365466.744000000880000,5786551.603000000100000,7.030864334000057,52.212956545000054,0,
05,5,54,004,2019,02,19,5,3,5,2,2,0,1,0,0,0,0,362751.160000000150000,5771137.375000001900000,6.997367640000050,52.073786556000073,0,
05,5,54,004,2019,02,15,5,3,5,3,0,1,1,0,0,0,0,361333.700161766260000,5773249.412816546900000,6.975840344000062,52.092410572000063,0,
05,5,54,048,2019,02,07,5,3,2,6,0,1,0,0,0,0,1,342647.463005547410000,5744849.405278112700000,6.716302192000057,51.832272776000082,0,
05,5,54,008,2019,02,07,5,3,2,6,0,0,1,0,0,0,0,336921.392030666580000,5744178.790146637700000,6.633589328000028,51.824606068000037,0,
05,5,54,008,2019,02,07,5,3,2,2,1,0,1,0,0,0,0,338076.984000000170000,5745611.708000002400000,6.649672336000037,51.837814961000049,0,
05,5,54,008,2019,02,06,5,3,5,2,2,0,1,0,0,0,0,334364.175999999980000,5743407.098999999500000,6.596885944000064,51.816921569000044,0,
05,5,15,000,2019,02,14,5,3,1,3,0,1,1,0,0,0,0,403501.661367616620000,5760698.882426487300000,7.594678490000035,51.988565076000043,1,
05,5,62,032,2019,02,13,5,3,5,3,0,1,1,0,0,0,0,375499.994501885960000,5719718.148683076700000,7.201796123000065,51.614709516000062,0,
05,5,13,000,2019,02,15,5,2,6,4,0,0,0,1,1,0,0,367528.033638428900000,5709433.311769899000000,7.090597729000024,51.520464138000079,0,
05,5,62,024,2019,02,18,1,2,2,6,2,0,1,0,0,0,0,372279.558860401620000,5731078.305452901900000,7.151155585000026,51.716079513000068,0,
05,5,13,000,2019,02,16,1,3,2,6,1,0,1,0,0,0,0,367304.027331650260000,5710806.004810590300000,7.086853814000051,51.532747497000059,0,