ULAND,UREGBEZ,UKREIS,UGEMEINDE,UJAHR,UMONAT,USTUNDE,UWOCHENTAG,UKATEGORIE,UART,UTYP1,ULICHTVERH,IstRad,IstPKW,IstFuss,IstKrad,IstGkfz,IstSonstige,LINREFX,LINREFY,XGCSWGS84,YGCSWGS84,STRZUSTAND,UIDENTSTLAE
05,5,13,000,2019,02,15,1,2,8,1,0,0,0,0,1,0,0,370398.003138770350000,5715230.429420385500000,7.129805048000037,51.573227879000058,0,
05,5,58,004,2019,02,03,1,2,8,7,2,0,1,0,0,0,0,406184.662999999710000,5736566.184000000400000,7.640300138000043,51.772105657000054,0,
05,5,66,084,2019,02,10,3,3,5,3,0,1,0,0,0,0,1,385558.520518901760000,5777984.183720268300000,7.327686341000060,52.140501945000040,0,
05,5,62,032,2019,02,15,3,2,0,7,0,0,0,0,0,0,1,375200.771380811930000,5719403.071170333800000,7.197588813000039,51.611811626000076,0,
05,5,15,000,2019,02,00,3,2,4,6,2,1,0,0,0,0,0,409383.946567085570000,5751521.817102776800000,7.682737169000063,51.907066419000046,0,
05,5,66,044,2019,02,16,3,3,3,6,0,0,0,0,1,0,1,427989.307624629700000,5778415.179286716500000,7.947482151000031,52.151537624000071,0,
05,5,54,040,2019,02,09,3,2,5,3,0,0,1,0,0,0,0,352605.157987141050000,5734732.159608354800000,6.865006526000059,51.744085400000074,0,
05,5,62,004,2019,02,10,3,3,2,6,0,0,1,0,0,0,0,381724.521312081260000,5712700.074360819500000,7.294019731000049,51.552976121000029,0,
05,5,54,036,2019,02,11,4,3,2,6,0,0,1,0,0,0,1,367048.070488274100000,5767060.463672876400000,7.061612198000034,52.038200853000035,0,
05,5,58,004,2019,02,15,3,3,1,6,0,0,1,0,0,0,0,407022.995287979950000,5731169.166447410400000,7.653889751000065,51.723732504000054,0,
05,5,66,036,2019,02,11,2,2,8,7,0,0,0,0,1,0,0,388325.523239819330000,5767914.174563307300000,7.371401886000058,52.050567343000068,0,
05,5,58,044,2019,02,15,2,3,3,3,0,1,1,0,0,0,0,394415.925000054760000,5745966.069230821000000,7.466928873000029,51.854496034000078,0,
05,5,54,020,2019,02,17,2,2,4,2,0,1,1,0,0,0,0,362577.942401662470000,5786830.252084478700000,6.988496343000065,52.214747386000056,0,
05,5,54,020,2019,02,16,2,3,5,3,0,1,1,0,0,0,0,366373.915129047820000,5787622.715803109100000,7.043711033000022,52.222801636000042,0,
05,5,54,016,2019,02,08,2,3,0,2,0,1,0,0,1,0,0,363709.347121916710000,5757105.955566076600000,7.016923093000060,51.947943367000050,0,
05,5,15,000,2019,02,09,2,3,5,3,0,1,1,0,0,0,0,407153.091403447090000,5760550.965315498400000,7.647878603000038,51.987857906000045,0,
05,5,62,008,2019,02,17,2,3,5,3,0,1,1,0,0,0,0,383089.853000001050000,5720996.607000000800000,7.310939909000069,51.627827323000076,0,
05,5,62,008,2019,02,15,2,3,5,3,0,0,1,0,1,0,0,384975.677811521110000,5723281.053939957200000,7.337422105000030,51.648747991000050,0,
05,5,62,004,2019,02,08,2,3,2,6,0,0,1,0,0,0,1,383155.690724455750000,5712341.036891166100000,7.314772215000062,51.550047408000069,0,
05,5,62,016,2019,02,13,2,3,5,2,0,1,1,0,0,0,0,374469.143000002020000,5734111.793000003300000,7.181740195000032,51.743835303000026,0,
05,5,15,000,2019,02,08,3,3,3,3,0,1,1,0,0,0,0,406526.867999999780000,5750599.418999999800000,7.641467126000066,51.898303291000047,0,
05,5,12,000,2019,02,08,2,2,6,4,0,0,1,1,0,0,0,353808.142066172320000,5711727.870122153300000,6.892029051000066,51.537697975000071,0,
05,5,12,000,2019,02,01,2,2,8,1,2,0,1,0,0,0,0,353981.432782255110000,5710418.184591054900000,6.895069001000024,51.525974511000072,0,
05,5,12,000,2019,02,15,2,3,2,6,0,0,1,0,0,0,0,360575.164201946000000,5709176.710614288200000,6.990547793000076,51.516484869000067,0,
05,5,62,032,2019,02,16,2,3,6,2,0,0,1,1,0,0,0,376117.439093303870000,5714997.435194606000000,7.212376115000041,51.572419743000069,0,
05,5,66,052,2019,02,16,3,3,5,3,0,1,1,0,0,0,0,377799.947322867810000,5779159.884454559500000,7.213946619000069,52.149405592000051,0,
05,5,13,000,2019,02,22,2,3,3,6,2,0,1,0,0,0,0,365421.334322989920000,5715635.138390604400000,7.057878792000054,51.575698778000060,0,
05,5,62,016,2019,02,13,3,3,2,6,0,0,0,0,1,0,1,376899.057749745440000,5736375.255333980500000,7.216116374000023,51.764716081000074,0,
05,5,66,040,2019,02,16,3,3,5,7,0,0,1,0,0,0,0,421450.562164946460000,5782852.694545354700000,7.850903581000068,52.190534553000077,0,
05,5,66,012,2019,02,17,3,3,5,3,0,1,1,0,0,0,0,402900.924210592170000,5778469.519791403800000,7.580877547000057,52.148184707000041,0,
05,5,62,004,2019,02,11,3,3,5,3,0,1,1,0,0,0,0,384729.852697495370000,5716440.647058446000000,7.336120891000064,51.587217806000069,0,
05,5,13,000,2019,02,17,3,2,5,3,0,0,1,0,0,0,0,370061.337864187550000,5707599.463817095400000,7.127766591000068,51.504571997000028,0,
05,5,70,004,2019,02,14,2,3,2,6,0,0,1,0,1,0,0,427707.186869286930000,5728163.577461266900000,7.953915077000033,51.699761083000055,0,
05,5,54,008,2019,02,17,3,2,5,3,0,1,0,0,1,0,0,331446.653957929460000,5746570.207957999800000,6.553058310000040,51.844463662000067,0,
05,5,66,092,2019,02,14,3,3,4,1,0,0,1,0,1,0,0,420510.381334468720000,5794111.499624028800000,7.834504214000049,52.291602201000046,0,
05,5,66,028,2019,02,10,1,3,0,1,0,0,0,0,1,0,0,414627.057000000030000,5792132.151000000500000,7.748764344000051,52.272928414000035,0,
05,5,62,004,2019,02,07,3,2,5,3,1,0,1,0,0,0,0,383573.266132798050000,5717124.674248889100000,7.319206791000056,51.593127859000049,0,
05,5,66,080,2019,02,15,1,3,5,2,0,0,1,0,0,0,0,408690.526320151980000,5779237.399937991100000,7.665261672000042,52.156074204000049,0,
05,5,66,004,2019,02,15,1,2,4,1,0,0,1,0,1,0,0,399727.366420700210000,5766045.370784910400000,7.538166287000024,52.035950860000071,0,
05,5,58,016,2019,02,14,1,2,6,4,0,0,1,1,0,0,0,376262.005517097190000,5745923.283817349000000,7.203480565000064,51.850382256000046,0,
05,5,54,056,2019,02,08,1,3,7,7,0,0,1,0,0,0,0,355202.875246741810000,5766136.990734428200000,6.889426278000030,52.026937172000032,0,
05,5,15,000,2019,02,16,1,2,0,2,0,0,1,0,1,0,0,406939.529000000100000,5756954.990000000200000,7.645744344000036,51.955499792000069,0,
05,5,62,016,2019,02,14,1,2,5,3,0,0,0,0,1,0,0,376355.424999999810000,5738001.278999999200000,7.207663697000044,51.779209222000077,0,
05,5,62,024,2019,02,05,1,3,9,1,2,0,1,0,0,0,0,366281.778042003510000,5721008.641424410000000,7.068239856000048,51.624192327000060,0,
05,5,13,000,2019,02,10,1,3,0,2,0,0,1,0,0,0,1,369005.786319085400000,5715944.195773934900000,7.109460462000072,51.579320526000060,0,
05,5,62,032,2019,02,11,4,3,2,6,0,0,1,0,0,0,1,374766.795225040990000,5714903.685341101100000,7.192930136000030,51.571278798000037,0,
05,5,70,028,2019,02,14,3,3,0,1,0,1,0,0,0,0,0,441105.026556805710000,5742874.319909589400000,8.145263181000075,51.833581397000046,0,
05,5,58,008,2019,03,17,1,2,8,1,0,0,1,0,0,0,0,383678.429574877960000,5758963.352759774800000,7.306702489000031,51.969170411000050,1,
05,5,66,028,2019,03,17,1,3,0,3,1,0,1,0,0,0,0,416128.478266514840000,5790405.494289038700000,7.771192990000031,52.257639480000080,1,
05,5,54,004,2019,03,19,7,3,5,2,2,0,1,0,0,0,0,363986.300570786930000,5772082.436162926300000,7.015001362000021,52.082583079000074,1,
05,5,15,000,2019,03,21,1,3,5,2,2,0,1,0,0,0,0,405199.719014599920000,5764877.613088101100000,7.618243280000058,52.026417309000067,1,
05,5,54,012,2019,03,20,7,2,8,1,2,0,1,0,0,0,0,356248.409432422370000,5738514.558157177600000,6.916175768000073,51.779018144000077,1,
05,5,62,032,2019,03,13,6,3,2,6,0,0,1,0,0,0,0,376315.953201466240000,5716435.460769830300000,7.214732712000057,51.585387207000053,1,
05,5,15,000,2019,03,22,7,2,6,4,2,0,0,1,1,0,0,406029.683000001130000,5756779.374000001700000,7.632555962000026,51.953768271000058,1,
05,5,66,048,2019,03,07,6,2,3,1,0,0,1,0,1,0,0,428139.768181591290000,5791346.237154811600000,7.946935932000031,52.267796068000052,1,
05,5,15,000,2019,03,14,6,3,2,1,0,0,1,0,0,0,0,401092.371682262050000,5760765.313795773300000,7.559584280000024,51.988738377000061,0,
05,5,62,036,2019,03,11,7,3,3,6,0,1,1,0,0,0,0,388690.802100495440000,5718342.332368603000000,7.392667623000023,51.605106616000057,0,
05,5,62,004,2019,03,20,7,3,5,3,2,0,1,0,1,0,0,383190.256269538780000,5717944.839674135700000,7.313406961000055,51.600419958000032,1,
05,5,62,004,2019,03,15,7,3,0,1,0,1,0,0,0,0,0,384434.140813922510000,5716599.042564807500000,7.331802200000027,51.588580858000057,1,
05,5,62,014,2019,03,01,7,2,0,7,2,0,1,0,1,0,0,361695.878969808110000,5714105.002180738400000,7.004753130000040,51.561047049000081,0,
05,5,13,000,2019,03,14,7,2,5,2,0,0,1,0,0,0,0,366235.281000000420000,5709706.214999999900000,7.071872160000055,51.522611939000058,0,
05,5,13,000,2019,03,16,7,3,2,6,0,0,1,0,0,0,0,366225.133731105360000,5711331.082749931100000,7.071108789000050,51.537211545000048,1,
05,5,70,020,2019,02,22,5,2,8,1,2,0,1,0,0,0,0,436333.589000001550000,5742491.857000002600000,8.076095507000048,51.829619503000060,1,
05,5,66,016,2019,02,15,5,3,5,3,0,0,1,0,0,0,0,405367.351887344380000,5794065.845084909300000,7.612551273000065,52.288792500000056,0,
05,5,58,012,2019,02,15,5,3,5,3,0,0,1,0,0,0,0,374751.792652378790000,5756008.905073935200000,7.177902510000024,51.940680673000031,0,
05,5,15,000,2019,02,15,5,3,1,4,0,1,0,1,0,0,0,409070.920305487700000,5752861.916014010100000,7.677834309000048,51.919061154000076,0,
05,5,15,000,2019,02,14,5,3,2,6,0,0,1,0,0,0,0,408004.307615404020000,5758296.220370937100000,7.660875611000051,51.967732689000059,0,
05,5,62,024,2019,02,11,5,3,1,5,0,0,1,0,1,0,0,369458.693605762910000,5724995.152296848600000,7.112620738000032,51.660763549000080,0,
05,5,62,020,2019,02,18,5,2,1,5,2,0,1,0,0,0,1,367557.789647499100000,5719218.876984678200000,7.087339063000059,51.608410307000042,0,
05,5,62,020,2019,02,16,5,2,5,2,0,1,1,0,0,0,0,367703.145305578600000,5718977.401942923700000,7.089528072000064,51.606274448000079,0,
05,5,62,032,2019,02,16,5,2,5,3,0,0,1,0,0,0,0,378669.669680254530000,5717815.525173757200000,7.248212063000040,51.598302068000066,0,
05,5,66,052,2019,03,17,1,3,5,3,0,1,1,0,0,0,0,377757.519120307640000,5778581.555163290400000,7.213534880000054,52.144199128000082,1,
05,5,54,020,2019,03,19,1,2,6,4,2,0,1,1,0,0,0,366413.996442329140000,5782579.896365074400000,7.046286120000048,52.177499532000070,1,
05,5,66,088,2019,02,17,4,2,4,6,1,0,1,0,0,0,0,417770.339000001550000,5785666.537000002300000,7.796395103000066,52.215290724000056,0,
05,5,66,072,2019,02,08,4,2,5,3,0,0,1,0,0,0,0,412377.401483198630000,5800488.539677063000000,7.713626335000072,52.347683544000063,0,
05,5,66,028,2019,02,08,4,2,5,3,0,1,0,0,0,1,0,411952.595738458450000,5793033.096849288800000,7.709342505000052,52.280604558000050,0,
05,5,66,028,2019,02,20,4,2,6,4,2,0,1,1,0,0,0,417349.767369003040000,5791833.248052455500000,7.788732113000037,52.270657753000080,0,
05,5,66,028,2019,02,17,4,3,0,7,0,0,1,0,1,0,0,415364.266682820390000,5789298.763179412100000,7.760276697000052,52.247574622000059,0,
05,5,66,084,2019,02,22,4,3,8,1,2,0,1,0,0,0,0,390602.942232037890000,5776199.325841382100000,7.401942029000054,52.125482938000061,0,
05,5,66,052,2019,02,18,4,3,7,7,2,0,0,0,1,0,0,379971.674968160690000,5780092.231619903800000,7.245342449000020,52.158260394000081,0,
05,5,54,040,2019,02,15,4,2,5,3,0,1,1,0,0,0,0,396299.167731018740000,5767356.400744902000000,7.487808820000055,52.047103566000033,0,
05,5,58,044,2019,02,05,4,3,1,6,2,0,1,0,1,0,0,395723.701946502550000,5752309.434486173100000,7.483993389000034,51.911756022000077,0,
05,5,54,056,2019,02,07,4,3,5,3,0,0,1,0,0,0,0,356367.673175282780000,5760973.489698857100000,6.908556601000043,51.980846184000029,0,
05,5,54,008,2019,02,18,4,3,5,3,0,0,1,0,1,0,0,331373.865380004980000,5748611.228924345200000,6.551007026000036,51.862776109000038,0,
05,5,15,000,2019,02,16,4,3,1,6,0,0,1,0,0,0,0,403733.972102969880000,5749595.745797820400000,7.601168423000047,51.888806347000070,0,
05,5,15,000,2019,02,07,4,3,5,3,0,1,1,0,0,0,0,406062.380125024360000,5751516.489602448400000,7.634468395000056,51.906468320000045,0,
05,5,12,000,2019,02,12,4,2,2,6,0,0,1,0,0,0,0,358359.943422463720000,5720842.165139081000000,6.953940783000064,51.620758384000055,0,
05,5,12,000,2019,02,08,4,3,0,7,0,0,0,0,0,0,1,355924.491174845960000,5709672.533349420900000,6.923364143000072,51.519773311000051,0,
05,5,62,032,2019,02,11,4,3,5,2,0,1,1,0,0,0,0,376117.286198419520000,5714996.578460535000000,7.212374212000043,51.572412009000061,0,
05,5,13,000,2019,02,18,4,3,5,2,1,0,1,0,0,0,0,363072.995753099210000,5712094.268507333500000,7.025390124000069,51.543313996000052,0,
05,5,58,004,2019,03,12,7,3,8,1,0,0,1,0,0,0,0,406943.814633673990000,5731699.529095983100000,7.652601980000043,51.728486741000040,0,
05,5,15,000,2019,03,05,1,3,9,1,2,0,1,0,0,0,0,409426.332391473460000,5763772.932702597200000,7.680122314000073,52.017194115000052,1,
05,5,66,028,2019,03,11,6,3,5,3,0,0,1,0,0,0,0,411962.413999998940000,5792231.202999999700000,7.709695751000027,52.273398507000081,0,
05,5,58,008,2019,03,06,6,3,9,1,2,0,1,0,0,0,0,382201.645749907010000,5759801.790866509100000,7.284927498000059,51.976394424000034,1,
05,5,15,000,2019,03,17,6,3,6,4,0,1,0,1,0,0,0,406608.472335600290000,5757158.657605066900000,7.640872766000030,51.957274957000038,0,
05,5,15,000,2019,03,12,6,2,9,1,0,0,1,0,0,0,0,404510.097269644960000,5744920.263703560500000,7.613735453000061,51.846914155000036,1,
05,5,62,012,2019,03,20,6,2,5,2,2,0,1,0,0,0,0,364580.323149519970000,5732032.018968455500000,7.039401245000022,51.722843780000062,0,
05,5,62,032,2019,03,19,6,2,5,2,2,0,1,0,0,0,0,372752.079712907780000,5720158.974431054700000,7.161968560000048,51.618056743000068,0,
05,5,13,000,2019,03,16,6,2,0,1,0,0,0,0,1,0,0,368697.560839108190000,5707394.210229003800000,7.108204350000051,51.502412219000064,0,
05,5,66,032,2019,03,11,4,2,5,2,0,0,1,0,1,0,0,413957.998486424800000,5780103.183329545000000,7.742020089000050,52.164702358000056,0,
05,5,54,024,2019,03,16,4,3,2,6,0,0,1,0,0,0,1,369369.795883481390000,5777263.296621140100000,7.091533546000051,52.130433778000054,1,
05,5,15,000,2019,03,17,4,2,5,2,0,1,1,0,0,0,0,407061.588000000450000,5757345.232999999100000,7.647414494000032,51.959027910000032,1,
05,5,15,000,2019,03,12,4,3,5,2,0,1,0,0,0,0,1,406008.587041108870000,5757791.834510883300000,7.631972055000063,51.962865164000050,0,
05,5,62,036,2019,03,10,4,3,1,5,0,0,1,0,0,1,0,390048.336496126840000,5720330.469982894100000,7.411638846000074,51.623242893000054,0,
05,5,62,004,2019,03,16,4,3,2,6,0,0,1,0,0,0,1,384537.727203853430000,5711312.886844789600000,7.335033398000064,51.541091058000063,1,
05,5,62,012,2019,03,10,4,2,5,3,0,1,1,0,0,0,0,358706.114398309960000,5727610.406003542200000,6.956203553000023,51.681663296000067,0,
05,5,62,032,2019,03,16,4,3,1,6,0,0,1,0,0,0,0,375775.696445932610000,5713929.660507259900000,7.207824824000056,51.562748220000060,0,
05,5,13,000,2019,03,20,4,3,2,6,2,0,1,0,0,0,0,363161.286987028080000,5716251.471216319100000,7.025044317000038,51.580693239000027,1,
05,5,66,040,2019,03,10,3,3,8,1,0,0,1,0,0,0,0,421085.903000000860000,5774989.076999999600000,7.847397444000023,52.119797242000061,1,
05,5,66,028,2019,03,14,3,3,4,6,0,0,1,0,0,0,0,413564.160539533010000,5797284.301411151900000,7.731868371000076,52.319071432000044,0,
05,5,66,028,2019,03,07,3,3,4,2,0,0,1,0,0,0,0,416290.553626602520000,5790270.484694026400000,7.773600453000029,52.256450633000043,1,
05,5,66,076,2019,03,10,3,2,9,1,0,0,0,0,0,0,1,399321.664478415620000,5794552.279860774100000,7.523798526000064,52.292089959000066,1,
05,5,66,004,2019,03,07,3,2,9,1,0,0,1,0,0,0,0,391917.175223401750000,5770850.825234731700000,7.422829080000042,52.077672428000028,1,
05,5,58,016,2019,03,16,3,3,4,2,0,1,1,0,0,0,0,380352.210293716750000,5742450.679168921000000,7.264036041000054,51.820065381000063,0,
05,5,54,068,2019,03,15,3,2,5,3,0,0,0,0,1,0,1,353057.800000000750000,5768039.742000000600000,6.857365513000048,52.043468610000048,0,
05,5,54,060,2019,03,05,3,3,0,1,2,0,0,0,0,1,0,351215.792000000370000,5758815.131000002800000,6.834531873000060,51.960098666000079,1,
05,5,54,032,2019,03,14,3,3,5,3,0,1,1,0,0,0,0,322132.776628089140000,5747691.869138537000000,6.417413263000071,51.851649574000078,0,
05,5,15,000,2019,03,19,3,3,5,2,1,1,1,0,0,0,0,407296.247854567130000,5757988.437185637700000,7.650654997000061,51.964848538000069,0,
05,5,15,000,2019,03,16,3,3,5,3,0,1,1,0,0,0,0,406510.019101615060000,5757238.452881664000000,7.639418697000053,51.957975652000073,0,
05,5,62,024,2019,03,17,3,3,5,7,0,0,1,0,0,0,0,369586.107649870220000,5722259.416823219500000,7.115481838000051,51.636208091000071,0,
05,5,13,000,2019,03,08,3,3,1,3,0,0,1,0,0,0,1,367073.950564872470000,5710380.709399409600000,7.083699202000048,51.528871396000056,1,
05,5,70,052,2019,03,17,5,3,5,3,0,0,1,0,0,0,0,426048.709961707700000,5746823.384484078700000,7.925944756000035,51.867291348000037,1,
05,5,70,052,2019,03,16,5,3,5,2,0,1,1,0,0,0,0,430422.619118634610000,5755876.868028223500000,7.987631189000069,51.949242119000075,1,
05,5,66,028,2019,03,14,5,3,2,6,0,0,1,0,0,0,0,412173.441999999810000,5792888.638000002100000,7.712616561000061,52.279341456000054,1,
05,5,66,028,2019,03,00,5,3,9,1,2,0,1,0,0,0,0,410901.389206314460000,5789238.508322563000000,7.694939387000034,52.246328574000074,1,
05,5,66,016,2019,03,16,5,3,5,3,0,0,1,0,0,0,0,406984.829000000840000,5794251.773000000000000,7.636207105000040,52.290739788000053,1,
05,5,66,008,2019,03,17,5,3,5,2,0,0,1,0,0,0,0,397974.521730032750000,5780950.053574228700000,7.508157622000056,52.169590829000072,0,
05,5,58,012,2019,03,16,5,3,5,3,0,0,1,0,0,0,0,374071.210665649730000,5755689.728047432400000,7.168123795000042,51.937658792000036,1,
05,5,54,008,2019,03,17,5,3,2,6,0,0,1,0,0,0,0,333497.396999999880000,5745508.176000000900000,6.583311969000022,51.835538484000040,1,
05,5,15,000,2019,03,13,5,3,5,3,0,1,1,0,0,0,0,407058.082880979400000,5757259.554980456800000,7.647386678000032,51.958257206000042,1,
05,5,15,000,2019,03,17,5,3,2,6,0,0,1,0,0,0,0,404906.234086906540000,5755229.612991696200000,7.616641503000039,51.939647408000042,0,
05,5,62,024,2019,03,15,5,3,8,6,0,0,1,0,1,0,0,368522.433741183020000,5722424.626957245200000,7.100058452000042,51.637445153000044,1,
05,5,12,000,2019,03,16,5,3,5,3,0,0,1,0,0,0,0,357744.823219362650000,5718610.058129323600000,6.945967003000021,51.600546045000044,1,
05,5,62,020,2019,03,10,5,3,0,7,0,1,0,0,0,0,1,371463.565386602660000,5717825.169836482000000,7.144222684000056,51.596790447000046,1,
05,5,62,032,2019,03,22,5,3,6,7,2,0,1,1,0,0,0,376526.024090509860000,5714711.440754856900000,7.218369427000027,51.569939067000064,0,
05,5,13,000,2019,03,16,5,3,2,6,0,0,1,0,0,0,0,363791.431127295830000,5710460.802616987400000,7.036376008000048,51.528808889000061,1,
05,5,13,000,2019,03,13,3,2,8,7,0,0,1,0,0,0,0,365012.951603250580000,5713925.046183841300000,7.052645921000021,51.560233524000068,0,
05,5,66,076,2019,03,06,3,2,9,1,2,0,1,0,0,0,0,400676.775130376220000,5794353.751187743600000,7.543719426000052,52.290552298000080,1,
05,5,70,044,2019,03,23,2,3,5,3,2,0,1,0,0,0,0,415488.492000000550000,5759703.191000001500000,7.769443434000039,51.981568146000029,1,
05,5,66,068,2019,03,08,2,1,0,7,0,0,1,0,0,0,1,375065.720733906140000,5788461.838340178100000,7.170576552000057,52.232382020000045,1,
05,5,54,004,2019,03,15,2,3,6,4,0,0,0,1,0,0,1,361242.106999999840000,5770388.182000003800000,6.975668025000061,52.066678836000051,0,
05,5,15,000,2019,03,21,2,3,2,6,2,0,1,0,0,0,0,404852.056387758810000,5758306.761137263800000,7.615001568000025,51.967296792000070,0,
05,5,13,000,2019,03,14,2,3,4,1,0,0,1,0,0,0,0,369006.007048130970000,5715943.954239582600000,7.109463736000066,51.579318406000027,1,
05,5,70,044,2019,03,14,3,3,5,3,0,1,1,0,0,0,0,415868.344000001440000,5759615.186000002500000,7.774994601000060,51.980834728000048,0,
05,5,66,048,2019,03,10,3,2,4,2,0,0,1,0,1,0,0,427585.863000000830000,5796314.157999999800000,7.937752613000043,52.312379891000035,1,
05,5,66,092,2019,03,16,3,1,4,1,0,0,1,0,0,0,1,419216.091434153730000,5792762.862202519600000,7.815854648000027,52.279291065000052,0,
05,5,66,004,2019,03,09,3,3,5,3,0,1,1,0,0,0,0,394743.856999999840000,5767236.150000002200000,7.465174665000063,52.045729633000064,1,
05,5,66,008,2019,03,03,3,3,8,1,2,0,1,0,0,0,0,399477.614122560250000,5782832.615040352600000,7.529570355000033,52.186786608000034,1,
05,5,54,020,2019,03,07,3,3,5,7,0,1,1,0,0,0,0,366374.611114509400000,5787623.474183743800000,7.043720916000041,52.222808619000034,1,
05,5,54,020,2019,03,20,3,3,0,7,2,1,1,0,0,0,0,365691.416177339850000,5786960.164917262300000,7.033988586000021,52.216682416000026,1,
05,5,54,004,2019,03,06,3,2,5,3,2,0,1,0,0,0,0,360923.192000000740000,5767981.468000002200000,6.971998355000039,52.044973971000047,1,
05,5,54,004,2019,03,14,3,3,1,6,0,0,1,0,0,0,0,362778.190007366240000,5771675.447827706100000,6.997545386000070,52.078628025000057,0,
05,5,15,000,2019,03,17,3,2,5,3,0,0,1,0,1,0,0,407673.559503549710000,5756833.355814484900000,7.656455767000068,51.954528830000072,0,
05,5,15,000,2019,03,15,3,2,5,3,0,1,1,0,0,0,0,399146.390443028880000,5760141.203066567000000,7.531437970000070,51.982778927000027,0,
05,5,15,000,2019,03,13,3,3,1,7,0,0,1,0,1,0,0,405436.616884156130000,5756174.733338108300000,7.624094789000026,51.948232968000070,0,
05,5,62,014,2019,03,12,3,3,5,2,0,0,1,0,0,0,0,356534.830553619190000,5714658.457728188500000,6.930122643000061,51.564731154000071,0,
05,5,13,000,2019,03,07,3,3,4,2,0,0,1,0,0,0,0,364902.571127247070000,5718796.438813693800000,7.049180250000063,51.603983329000073,1,
05,5,13,000,2019,03,20,3,3,2,6,2,0,1,0,0,0,0,368915.174857091160000,5709015.957846133000000,7.110734959000070,51.517037089000041,0,
05,5,13,000,2019,03,14,3,2,0,7,0,0,1,0,1,0,0,368928.424119265750000,5708109.607376806400000,7.111262789000023,51.508894957000052,0,
05,5,13,000,2019,03,07,3,3,1,6,0,0,1,0,0,1,0,367289.415197012950000,5711580.047544689800000,7.086351487000059,51.539700116000063,0,
05,5,13,000,2019,03,13,3,3,5,2,0,0,1,0,0,0,0,367631.326000001280000,5709118.826000001300000,7.092203785000038,51.517662162000079,1,
05,5,66,012,2019,03,16,2,3,9,7,0,0,1,0,0,0,0,409682.520244009790000,5773271.956409232700000,7.681342293000057,52.102617733000045,1,
05,5,66,092,2019,03,16,1,2,9,1,0,0,1,0,0,0,0,421130.613574900660000,5792920.754927009300000,7.843874857000060,52.280988351000076,1,
05,5,66,076,2019,03,18,1,3,6,4,1,0,1,1,0,0,0,393660.022823576820000,5792978.329494567600000,7.441313404000027,52.276878000000067,0,
05,5,58,028,2019,03,01,1,2,9,1,2,0,1,0,0,0,0,404747.501610578970000,5731622.979220038300000,7.620831441000064,51.727429792000066,0,
05,5,54,020,2019,03,06,1,3,8,1,2,0,1,0,0,0,0,366916.088521267290000,5782044.665826167900000,7.053834660000064,52.172811557000045,1,
05,5,15,000,2019,03,22,1,3,6,2,2,0,1,1,0,0,0,405108.490501950490000,5756668.372761825100000,7.619185725000023,51.952614128000050,1,
05,5,15,000,2019,03,19,1,3,6,4,2,0,1,1,0,0,0,405942.260803278540000,5756807.855052640700000,7.631276401000037,51.954009493000058,1,
05,5,62,032,2019,03,14,1,3,5,7,0,0,1,0,0,0,0,375474.510772210550000,5721928.448548035700000,7.200642428000037,51.634568065000053,1,
05,5,15,000,2019,03,19,4,3,3,6,2,0,1,0,0,1,0,401289.395726034420000,5751593.316543987000000,7.565086457000064,51.906333573000040,1,
05,5,62,004,2019,03,11,1,2,8,1,0,0,1,0,0,0,0,381059.825337615800000,5713299.498193528500000,7.284234167000022,51.558223764000047,1,
05,5,66,048,2019,03,05,1,3,2,7,2,0,0,0,0,1,1,426165.194973649460000,5791437.970088578800000,7.917985314000021,52.268359072000067,1,
05,5,70,040,2019,03,21,7,2,8,1,2,0,1,0,0,0,0,419196.883206249210000,5745974.813391363200000,7.826650132000054,51.858712910000065,1,
05,5,66,028,2019,03,14,7,3,5,1,0,0,1,0,0,0,0,413029.821000001390000,5793967.296000002000000,7.724887864000039,52.289172914000062,1,
05,5,66,048,2019,03,08,7,3,5,3,0,1,1,0,0,0,0,425930.761257277800000,5791974.549737293300000,7.914432640000030,52.273150820000069,0,
05,5,66,016,2019,03,00,7,2,0,1,2,1,0,0,0,0,0,405859.004147740080000,5790891.196937572200000,7.620643502000064,52.260343441000032,1,
05,5,54,036,2019,03,09,7,2,5,3,0,0,1,0,0,0,0,370528.837990182450000,5766901.932226268600000,7.112390277000031,52.037599965000027,0,
05,5,54,004,2019,03,11,7,3,2,2,0,0,1,0,0,0,0,365251.085641872140000,5771839.650610206600000,7.033543864000023,52.080710813000053,0,
05,5,54,012,2019,03,09,7,2,9,7,0,0,1,0,0,0,0,350359.641427029860000,5744155.323419893200000,6.828442078000023,51.828155850000030,0,
05,5,54,008,2019,03,20,7,3,5,3,2,1,1,0,0,0,0,333843.667967497370000,5745558.402206251400000,6.588308962000042,51.836092790000066,1,
05,5,15,000,2019,03,02,7,3,5,2,2,1,1,0,0,0,0,406533.325782502070000,5756210.836961815100000,7.640037293000034,51.948742850000031,1,
05,5,15,000,2019,03,15,7,2,1,5,0,1,1,0,0,0,0,406842.107151579110000,5757007.066354677100000,7.644312929000023,51.955951569000035,1,
05,5,12,000,2019,03,13,7,3,0,6,0,0,1,0,0,0,0,356393.330203858200000,5709585.795289147600000,6.930152361000069,51.519113288000028,0,
05,5,12,000,2019,03,18,7,3,5,3,1,0,1,0,0,0,0,355197.319638786840000,5715832.403051121200000,6.910355364000054,51.574937967000039,1,
05,5,13,000,2019,03,19,7,2,5,2,2,0,1,0,0,0,0,370522.733206640930000,5709527.815300948900000,7.133702583000058,51.522007861000077,1,
05,5,54,036,2019,03,14,3,3,8,7,0,0,0,0,0,1,0,367084.620793629440000,5768136.957102194400000,7.061726221000072,52.047882711000057,0,
05,5,70,020,2019,03,14,2,3,4,6,0,0,1,0,0,0,0,436444.339640457180000,5742403.913733040900000,8.077718605000030,51.828841500000067,1,
05,5,70,016,2019,03,07,2,3,6,4,0,0,1,1,0,0,0,412442.899678455670000,5739354.527462709700000,7.730274587000054,51.798184230000061,1,
05,5,70,004,2019,03,14,2,3,2,2,0,0,1,0,0,0,0,422760.302822247150000,5735265.507914224600000,7.880771404000029,51.762945938000030,1,
05,5,66,092,2019,03,09,2,3,8,1,0,0,1,0,0,0,0,422465.749455116690000,5793378.735492520000000,7.863336697000023,52.285294985000064,2,
05,5,54,024,2019,03,16,2,3,5,3,0,1,1,0,0,0,0,369196.680950937790000,5776090.696411384300000,7.089456726000037,52.119856125000069,1,
05,5,54,020,2019,03,15,2,3,2,2,0,0,1,0,0,1,0,365262.582591054960000,5786185.968228975300000,7.028023509000036,52.209621323000079,1,