ULAND,UREGBEZ,UKREIS,UGEMEINDE,UJAHR,UMONAT,USTUNDE,UWOCHENTAG,UKATEGORIE,UART,UTYP1,ULICHTVERH,IstRad,IstPKW,IstFuss,IstKrad,IstGkfz,IstSonstige,LINREFX,LINREFY,XGCSWGS84,YGCSWGS84,STRZUSTAND,UIDENTSTLAE
05,5,54,032,2019,03,10,2,2,8,1,0,0,1,0,0,0,0,325022.161282459270000,5744027.869837526200000,6.461174244000063,51.819651294000039,1,
05,5,62,036,2019,03,16,2,3,5,2,0,1,0,0,0,0,1,388792.034536181020000,5719558.484219346200000,7.393742997000061,51.616057417000036,1,
05,5,62,008,2019,03,12,2,2,5,2,0,1,1,0,0,0,0,385410.769758199340000,5723431.337233344100000,7.343658912000024,51.650187542000026,1,
05,5,12,000,2019,03,07,2,2,6,4,0,0,1,1,0,0,0,355801.430854509580000,5718959.635986963300000,6.917782310000064,51.603193037000040,1,
05,5,62,020,2019,03,20,2,3,5,3,2,0,1,0,0,0,1,371664.443365643730000,5716388.919248757900000,7.147646480000049,51.583928831000037,1,
05,5,62,020,2019,03,13,2,3,2,6,0,0,1,0,0,0,0,371220.900150646460000,5717881.749629460300000,7.140700358000061,51.597243495000043,1,
05,5,13,000,2019,03,21,2,3,2,6,2,0,1,0,0,0,1,366930.029994436540000,5714888.857741680000000,7.079920398000070,51.569350437000026,1,
05,5,13,000,2019,03,16,2,3,1,6,0,0,1,0,0,0,0,369255.720412342810000,5716747.653395643500000,7.112766272000044,51.586599004000050,1,
05,5,13,000,2019,03,15,2,3,2,2,0,0,1,0,0,0,0,363558.520223630590000,5712061.458883073200000,7.032400091000056,51.543136744000037,1,
05,5,70,004,2019,03,14,6,3,1,2,0,0,1,0,0,0,0,422519.766514590010000,5735267.849813640100000,7.877286152000067,51.762933757000042,0,
05,5,70,036,2019,03,20,6,3,0,4,2,0,1,1,0,0,0,434404.487907001750000,5760760.934707794300000,8.044626100000073,51.993632526000056,0,
05,5,70,044,2019,03,15,6,3,2,2,0,0,1,0,0,0,0,421278.221542385410000,5757961.944363152600000,7.854127119000054,51.966766298000039,1,
05,5,66,044,2019,03,19,6,2,9,1,2,0,1,0,0,0,0,423228.562222755510000,5771193.213692819700000,7.879541587000063,52.085977636000052,0,
05,5,66,028,2019,03,13,6,3,2,6,0,0,1,0,0,0,0,410096.501438354140000,5786857.126802012300000,7.683786636000036,52.224793291000026,0,
05,5,66,084,2019,03,15,6,3,8,1,0,0,0,0,0,1,0,391944.190999999640000,5770819.287999998800000,7.423233128000049,52.077394263000031,0,
05,5,66,052,2019,03,16,6,2,8,6,0,0,1,0,1,0,0,375794.550953020340000,5779039.736400932100000,7.184695841000064,52.147878557000070,0,
05,5,66,068,2019,03,12,6,2,5,3,0,0,1,0,0,0,0,374442.389583408830000,5784095.858204903100000,7.163073622000070,52.193007529000056,1,
05,5,66,012,2019,03,07,6,3,2,2,0,0,1,0,0,0,0,400802.934880701830000,5776234.950050747000000,7.550877558000025,52.127727850000042,1,
05,5,66,084,2019,03,15,6,2,8,1,0,0,0,0,0,1,0,391956.429667856540000,5770805.615332594100000,7.423415973000033,52.077273769000044,0,
05,5,54,052,2019,03,17,6,3,5,3,0,0,1,0,0,0,0,377864.583999999800000,5771045.655999999500000,7.217801667000060,52.076501986000039,1,
05,5,54,068,2019,03,12,6,3,2,2,0,0,1,0,0,0,0,349449.546009615990000,5766859.180892257000000,6.805312806000075,52.031894033000071,1,
05,5,54,056,2019,03,20,6,3,0,1,2,1,0,0,0,0,0,357663.153971290220000,5762494.507094115000000,6.926775567000050,51.994846027000051,1,
05,5,54,060,2019,03,17,6,3,8,1,0,0,1,0,0,0,0,350123.403267497200000,5756159.483839649700000,6.819802984000035,51.935945593000042,0,
05,5,62,016,2019,03,22,6,3,6,4,2,0,1,1,0,0,0,374006.445371824320000,5733771.316854070900000,7.175165191000076,51.740671670000040,1,
05,5,62,012,2019,03,15,6,3,2,6,0,0,1,0,0,0,0,358929.250672960650000,5735652.846238788200000,6.956172384000070,51.753986150000060,0,
05,5,62,012,2019,03,15,6,3,2,6,0,0,1,0,0,0,0,361846.692572501490000,5724832.756385849800000,7.002699907000022,51.657484713000031,0,
05,5,62,024,2019,03,16,6,2,5,7,0,0,1,0,0,0,0,370518.055246052330000,5725724.125298161100000,7.127658150000059,51.667559654000058,0,
05,5,62,024,2019,03,09,6,3,5,2,0,1,1,0,0,0,0,367710.078405879440000,5724394.214400146200000,7.087581561000036,51.654954364000048,1,
05,5,62,014,2019,03,13,6,3,6,4,0,0,1,1,0,0,0,361342.036700834520000,5714914.987955229400000,6.999332229000061,51.568238820000033,0,
05,5,62,032,2019,03,15,6,3,6,2,0,0,1,1,0,0,0,375388.590102822520000,5719457.490909945200000,7.200280594000049,51.612342306000073,1,
05,5,13,000,2019,03,18,6,3,5,2,1,0,1,0,0,0,0,368457.918779165480000,5707840.528677137600000,7.104587179000021,51.506367469000054,0,
05,5,13,000,2019,03,13,6,3,1,2,0,0,1,0,0,0,0,367527.978229613970000,5709433.468588365200000,7.090596872000049,51.520465534000039,0,
05,5,54,008,2019,03,13,5,2,5,3,0,0,1,0,0,0,0,332319.881881481970000,5743327.570894585900000,6.567293634000066,51.815597624000077,1,
05,5,13,000,2019,03,15,6,3,2,6,0,0,1,0,0,0,0,365718.417901935990000,5709294.764304587600000,7.064583288000051,51.518791763000081,1,
05,5,15,000,2019,03,08,5,3,2,6,0,0,1,0,0,0,1,405918.101571524520000,5754981.130436208100000,7.631424865000042,51.937585940000076,1,
05,5,62,036,2019,03,14,5,3,5,3,0,0,1,0,1,0,0,391002.069408834910000,5720083.712446425100000,7.425487620000070,51.621210539000060,1,
05,5,62,004,2019,03,15,5,3,2,6,0,0,1,0,0,0,0,383148.999000000770000,5715216.497000003200000,7.313719846000026,51.575889896000035,1,
05,5,62,004,2019,03,12,5,2,6,4,0,0,1,1,0,0,0,382894.689986297860000,5716412.484155133400000,7.309652751000044,51.586586281000052,1,
05,5,62,012,2019,03,12,5,3,2,2,0,0,1,0,0,0,0,361921.387383727360000,5736113.407878227500000,6.999310590000050,51.758870244000036,1,
05,5,12,000,2019,03,17,5,3,5,2,0,1,1,0,0,0,0,355798.519000001250000,5709712.025000000400000,6.921533565000061,51.520096029000058,1,
05,5,62,032,2019,03,17,5,3,2,6,0,0,1,0,0,0,0,376812.469582998190000,5721613.391483131800000,7.220076309000035,51.632031179000080,1,
05,5,58,024,2019,03,15,6,3,1,6,0,0,1,0,0,0,0,394613.463047398250000,5736948.039298990700000,7.472539387000040,51.773478951000072,1,
05,5,13,000,2019,03,16,5,2,5,3,0,0,1,0,0,0,0,369022.900238156320000,5715469.053165214100000,7.109884498000042,51.575054533000070,1,
05,5,15,000,2019,03,16,6,3,1,6,0,0,1,0,0,0,0,405616.393853934480000,5752109.173115072800000,7.627824911000062,51.911720282000033,1,
05,5,54,048,2019,03,05,5,3,2,2,2,0,1,0,0,0,0,342234.683226082470000,5743862.894275702500000,6.710766141000022,51.823293498000055,1,
05,5,62,032,2019,03,07,6,3,5,2,0,1,1,0,0,0,0,375353.506069996390000,5714906.151903934800000,7.201390785000058,51.571430982000038,1,
05,5,66,048,2019,03,10,6,2,2,6,0,0,1,0,0,0,1,425355.713763644920000,5792124.118645118500000,7.905973233000054,52.274417508000056,1,
05,5,70,020,2019,03,05,5,3,5,3,2,0,1,0,0,0,0,434938.256411770360000,5750430.957362912600000,8.054354322000052,51.900830773000052,1,
05,5,62,024,2019,03,15,6,2,0,1,0,0,0,0,1,0,0,368589.504852184090000,5724444.835882844400000,7.100268206000067,51.655615549000061,1,
05,5,54,068,2019,03,15,6,3,5,3,0,0,1,0,0,0,0,345564.800171229990000,5771411.204980030700000,6.746671390000074,52.071721045000061,1,
05,5,13,000,2019,03,15,6,3,0,1,0,0,0,0,1,0,0,369719.908627182250000,5706105.156148614400000,7.123401666000063,51.491064196000082,1,
05,5,66,012,2019,03,22,6,2,5,3,2,0,1,0,0,0,0,401230.353705842980000,5775428.487520055800000,7.557353486000068,52.120555982000042,0,
05,5,15,000,2019,03,19,6,3,5,6,2,0,1,0,0,0,0,408964.218999999580000,5756241.443000001800000,7.675388919000056,51.949421125000072,1,
05,5,66,028,2019,03,09,5,3,3,5,0,0,1,0,0,0,0,412993.105000001380000,5792464.947000000600000,7.724737470000036,52.275663545000043,1,
05,5,62,020,2019,03,15,6,2,5,2,0,0,1,0,0,0,0,371429.022194889370000,5715577.432908246300000,7.144547516000046,51.576582437000070,1,
05,5,58,012,2019,03,13,4,3,5,2,0,1,1,0,0,0,0,374387.039176397960000,5753811.169266009700000,7.173401307000063,51.920848518000071,1,
05,5,58,016,2019,03,13,4,2,5,3,0,0,1,0,0,0,0,382565.897737716320000,5747261.434762930500000,7.294505438000044,51.863770280000040,1,
05,5,54,008,2019,03,11,4,3,2,6,0,0,1,0,0,0,0,336273.851687490010000,5747857.752632252900000,6.622460433000072,51.857466528000032,1,
05,5,15,000,2019,03,18,4,3,5,2,1,1,1,0,0,0,0,405930.555931756270000,5756158.803321506800000,7.631283782000025,51.948173534000034,1,
05,5,62,008,2019,03,14,4,3,2,6,0,0,1,0,0,1,0,385403.637570365330000,5723442.060106935000000,7.343552352000074,51.650282463000053,1,
05,5,62,004,2019,03,16,4,3,2,6,0,0,1,0,0,0,0,383229.788663298820000,5711754.367484791200000,7.316035141000043,51.544789901000058,1,
05,5,62,004,2019,03,15,4,2,1,7,0,0,1,0,0,1,0,383452.152168007570000,5710540.331822609500000,7.319642392000048,51.533924364000029,1,
05,5,62,024,2019,03,13,4,3,5,3,0,0,1,0,0,0,0,368709.861000000500000,5724739.802000001100000,7.101896331000035,51.658294400000045,0,
05,5,54,020,2019,03,06,6,3,4,2,1,0,1,0,0,0,0,366336.759897938000000,5785820.834231894500000,7.043879021000066,52.206602025000052,1,
05,5,70,008,2019,03,10,6,3,2,6,0,0,1,0,0,0,0,433286.728402378970000,5736907.169202139600000,8.032962118000057,51.779057708000039,1,
05,5,66,076,2019,03,18,1,3,4,2,1,0,1,0,0,0,0,394419.940000000410000,5791122.646000003400000,7.453028262000032,52.260346948000063,0,
05,5,62,024,2019,03,13,6,3,2,6,0,0,1,0,0,0,0,370129.275758801030000,5725305.712485395400000,7.122195057000056,51.663709802000028,1,
05,5,66,068,2019,03,16,1,3,9,7,0,0,1,0,0,0,0,380017.973688395690000,5784250.010552227500000,7.244548217000045,52.195634201000075,0,
05,5,54,016,2019,03,05,1,3,6,7,2,1,0,1,0,0,0,361581.034632818770000,5758958.883507734200000,6.985229482000023,51.964067287000034,1,
05,5,15,000,2019,03,18,1,3,6,4,0,0,0,1,1,0,0,405575.885999999940000,5757014.406000001400000,7.625889824000069,51.955803978000063,0,
05,5,15,000,2019,03,09,1,3,5,3,0,0,1,0,0,0,1,408040.588353901170000,5756698.712651100000000,7.661831266000036,51.953379393000034,1,
05,5,62,032,2019,03,14,6,2,4,6,0,0,1,0,0,0,0,371760.642105857840000,5721630.952908510300000,7.147116852000067,51.631060158000082,1,
05,5,66,084,2019,03,10,6,3,5,7,0,1,1,0,0,0,0,385929.457000001330000,5778392.686999999000000,7.332967181000072,52.144249852000030,1,
05,5,70,040,2019,03,23,7,3,8,1,0,0,1,0,0,0,0,422294.366928421890000,5741179.800531311000000,7.872696458000064,51.816048252000030,0,
05,5,54,012,2019,03,12,7,3,5,3,0,1,1,0,0,0,0,352888.277163024990000,5746677.780258901400000,6.864036814000031,51.851491566000050,1,
05,5,15,000,2019,03,10,7,2,6,2,0,0,1,1,0,0,0,406975.404400109310000,5751286.570675639400000,7.647798701000056,51.904554885000039,1,
05,5,70,052,2019,03,07,5,3,5,3,1,1,1,0,0,0,0,430879.921683154070000,5757275.368324665400000,7.994002596000030,51.961871151000082,1,
05,5,62,008,2019,03,16,7,3,2,6,0,0,1,0,0,0,0,384565.073255509140000,5721746.828429773400000,7.331996022000055,51.634874689000071,0,
05,5,62,032,2019,03,08,7,2,1,5,0,0,1,0,1,0,0,376099.916196221490000,5714868.146388828800000,7.212168988000030,51.571253943000045,1,
05,5,13,000,2019,03,19,7,3,5,2,2,0,1,0,1,0,0,363074.054842154500000,5712110.024390732900000,7.025399257000061,51.543455840000036,0,
05,5,54,004,2019,03,12,6,3,5,3,0,1,1,0,0,0,0,356650.692245549520000,5777188.160235695500000,6.905871497000021,52.126606224000056,1,
05,5,13,000,2019,03,12,6,3,0,7,0,0,0,0,0,0,1,367361.309206832200000,5707168.857286216700000,7.089047929000060,51.500075028000026,0,
05,5,12,000,2019,03,11,6,3,2,6,0,0,1,0,0,0,1,355579.762440621850000,5712430.325831117100000,6.917267911000067,51.544466073000081,1,
05,5,12,000,2019,03,15,5,2,8,6,0,0,1,0,0,0,1,356959.507064597680000,5722035.807706486400000,6.933237420000069,51.631129906000069,0,
05,5,70,004,2019,03,06,4,3,5,2,0,1,0,0,0,1,0,422759.130319005810000,5735236.122531062000000,7.880760950000024,51.762681613000041,0,
05,5,70,004,2019,03,19,4,3,5,3,2,0,1,0,0,0,0,424885.479000001210000,5735160.624000003600000,7.911582502000044,51.762292195000043,0,
05,5,66,040,2019,03,13,4,3,2,2,0,0,1,0,0,0,0,425110.647000001740000,5783966.600000001500000,7.904189718000055,52.201056690000030,0,
05,5,66,048,2019,03,08,4,2,5,2,0,1,1,0,0,0,0,424737.865000000220000,5792361.230999998700000,7.896866602000046,52.276464646000079,0,
05,5,66,072,2019,03,05,4,3,0,7,2,0,0,0,1,0,0,410119.046116713430000,5803299.941433116800000,7.679728161000071,52.372586953000052,0,
05,5,66,076,2019,03,08,4,3,1,6,0,0,1,0,0,1,0,393018.996487786060000,5797895.250532452000000,7.430359402000022,52.320942624000054,0,
05,5,66,012,2019,03,18,4,2,2,3,1,0,1,0,1,0,0,403385.745409133840000,5772367.885034110400000,7.589693315000034,52.093427973000075,0,
05,5,66,064,2019,03,15,4,3,8,7,0,0,1,0,0,0,0,397365.420426367780000,5774905.434726810100000,7.501079851000043,52.115150924000034,0,
05,5,58,036,2019,03,17,4,3,4,2,0,0,1,0,0,0,0,389832.963765487070000,5731212.127592328900000,7.405096732000061,51.721004929000060,0,
05,5,54,012,2019,03,15,4,3,1,6,0,0,1,0,1,0,0,352471.112529105510000,5746403.707300962900000,6.858101379000061,51.848918955000045,0,
05,5,54,008,2019,03,10,4,3,5,3,0,1,1,0,0,0,0,333494.775987507780000,5745507.295659927700000,6.583274387000074,51.835529795000070,0,
05,5,15,000,2019,03,12,4,3,5,2,0,0,1,0,0,1,0,402951.451053687370000,5757815.348296627400000,7.587483737000071,51.962551261000044,0,
05,5,15,000,2019,03,14,4,3,2,6,0,0,1,0,0,0,0,406290.288622079420000,5758872.434025185200000,7.635775979000073,51.972625642000082,0,
05,5,62,012,2019,03,12,4,3,4,6,0,1,0,0,0,0,0,359099.519933221860000,5726790.753611268500000,6.962220960000025,51.674396934000072,0,
05,5,13,000,2019,03,16,4,3,5,2,0,1,1,0,0,0,0,368145.227817914450000,5713248.138016521900000,7.098059574000047,51.554891309000027,0,
05,5,13,000,2019,03,15,4,2,5,3,0,0,1,0,1,0,0,367424.100481792350000,5708569.726333955300000,7.089425408000068,51.512678971000071,0,
05,5,13,000,2019,03,08,4,2,5,2,0,0,1,0,1,0,0,369690.777999999930000,5706243.818000000000000,7.122931108000046,51.492303625000034,0,
05,5,12,000,2019,03,12,4,2,2,6,0,0,0,0,0,0,1,356404.836521840650000,5714437.292490683500000,6.928338791000044,51.562710736000042,0,
05,5,54,032,2019,03,17,4,2,0,1,0,0,1,0,0,1,0,325101.836462935430000,5742918.902418548200000,6.462888872000065,51.809715022000034,0,
05,5,70,036,2019,03,12,3,3,4,2,0,0,1,0,0,0,0,433434.822254493830000,5760899.850441880500000,8.030478480000056,51.994765949000055,0,
05,5,70,052,2019,03,00,3,3,5,3,2,0,1,0,0,0,0,430149.976386459540000,5755152.564498130200000,7.983812012000044,51.942696729000033,0,
05,5,66,024,2019,03,14,3,2,2,6,0,1,0,0,0,0,1,386278.122710386290000,5774427.835107548200000,7.339385679000031,52.108689693000031,0,
05,5,66,084,2019,03,16,3,2,1,6,0,0,1,0,0,0,0,386645.797127406110000,5777569.613665463400000,7.343705541000077,52.137000374000081,0,
05,5,58,036,2019,03,12,3,2,8,1,0,0,0,0,1,0,0,388177.329915369860000,5728691.845489146200000,7.381946726000024,51.698025408000035,1,
05,5,58,016,2019,03,11,3,2,5,3,0,1,1,0,0,0,0,382607.105493722480000,5743782.508486872500000,7.296284822000075,51.832513109000047,0,
05,5,54,056,2019,03,11,3,3,0,1,0,1,0,0,0,0,0,355657.005077431910000,5762283.270474916300000,6.897664815000042,51.992430305000028,0,
05,5,15,000,2019,03,07,3,3,2,6,0,0,1,0,1,0,0,406917.267184799540000,5755810.457824073700000,7.645730459000049,51.945208415000081,0,
05,5,15,000,2019,03,05,3,3,5,3,2,1,1,0,0,0,0,407301.702077922410000,5761121.239457076400000,7.649887985000021,51.993008622000048,0,
05,5,62,008,2019,03,08,3,3,5,2,0,1,1,0,0,0,0,385078.813000001010000,5723278.886000001800000,7.338912873000027,51.648749597000062,0,
05,5,62,004,2019,03,15,3,3,6,4,0,0,0,1,0,1,0,383026.110049943440000,5717315.192923218000000,7.311247949000062,51.594726835000074,0,
05,5,62,024,2019,03,06,3,3,5,3,2,1,1,0,0,0,0,370376.807722411120000,5726777.066974155600000,7.125226109000039,51.676989500000047,0,
05,5,12,000,2019,03,12,3,2,5,2,0,1,1,0,0,0,0,356326.686912020670000,5708760.551919005800000,6.929528852000033,51.511680847000036,0,
05,5,62,032,2019,03,07,3,2,1,5,0,1,1,0,0,0,0,374687.947563876400000,5719728.446157457300000,7.190070000000048,51.614621880000072,0,
05,5,13,000,2019,03,15,3,3,5,3,0,0,1,0,1,0,0,369055.431999999100000,5708133.600000001500000,7.113082991000056,51.509140021000064,0,
05,5,13,000,2019,03,12,3,3,1,7,0,0,1,0,0,0,0,367308.559136259370000,5707050.440995611300000,7.088332941000033,51.498998474000075,0,
05,5,62,004,2019,03,13,6,3,1,6,0,0,1,0,0,0,1,383182.850767383350000,5713579.401916468500000,7.314752378000037,51.561183148000055,0,
05,5,62,014,2019,03,07,6,3,2,6,0,0,1,0,0,0,0,360820.473102963530000,5714894.517885536000000,6.991819767000038,51.567926381000063,0,
05,5,70,028,2019,03,04,6,2,2,6,2,0,1,0,0,1,0,442028.418744795960000,5740865.801001908300000,8.158999045000030,51.815620905000060,0,
05,5,70,020,2019,03,16,5,3,8,1,0,0,0,0,1,0,0,423891.221000000830000,5744905.440000001300000,7.895038453000041,51.849759798000036,0,
05,5,70,008,2019,03,18,5,3,6,4,1,1,0,1,0,0,0,434104.446000001390000,5733713.495000004800000,8.045419291000030,51.750443242000074,0,
05,5,70,052,2019,03,09,5,3,1,6,0,0,1,0,0,0,0,430877.646430526860000,5758401.221174240100000,7.993742829000041,51.971991859000070,0,
05,5,66,060,2019,03,15,5,2,5,3,0,0,1,0,0,0,0,389928.382000001150000,5790800.059000004100000,7.387350284000036,52.256567440000026,0,
05,5,54,020,2019,03,15,5,3,3,2,0,1,0,0,0,0,0,365195.117130079310000,5785237.034172520000000,7.027414484000076,52.201078358000075,0,
05,5,54,020,2019,03,15,5,3,1,6,0,0,1,0,0,0,0,365233.930789466950000,5785750.266364989800000,7.027777854000021,52.205699401000061,0,
05,5,54,012,2019,03,14,5,3,5,3,0,0,1,0,0,0,0,352222.289817893880000,5746254.402514047900000,6.854555388000051,51.847511660000066,0,
05,5,15,000,2019,03,17,5,3,4,2,0,1,1,0,0,0,0,403888.358222963290000,5753109.800149969800000,7.602430983000033,51.920418818000030,0,
05,5,15,000,2019,03,12,5,3,5,2,0,1,1,0,0,0,0,406940.192162583580000,5756956.257807059200000,7.645753649000028,51.955511299000079,0,
05,5,15,000,2019,03,10,5,3,2,6,0,0,1,0,0,0,0,404795.636995307170000,5758392.962546680100000,7.614156670000057,51.968061942000077,0,
05,5,15,000,2019,03,08,5,3,2,6,0,0,1,0,0,0,0,404599.123999999840000,5755714.819000000100000,7.612040675000060,51.943956066000055,0,
05,5,62,012,2019,03,21,5,3,1,7,2,0,1,0,0,0,0,360967.210942560810000,5726407.508371336400000,6.989367024000046,51.671418482000036,0,
05,5,62,020,2019,03,15,5,3,1,6,0,0,1,0,0,0,0,368052.115046053190000,5718131.802058281400000,7.094882609000024,51.598757265000074,0,
05,5,13,000,2019,03,14,5,3,0,2,0,0,1,0,0,0,1,369215.964594704100000,5707637.989663099900000,7.115578728000060,51.504723224000031,0,
05,5,13,000,2019,03,19,3,3,2,6,2,0,1,0,0,1,1,364615.624120526950000,5713838.657628076200000,7.046950828000036,51.559361972000033,0,
05,5,70,004,2019,03,15,2,3,4,2,0,0,1,0,0,0,0,424569.301000000910000,5735056.568000001800000,7.907024536000051,51.761314260000063,0,
05,5,66,072,2019,03,15,2,3,1,6,0,0,1,0,0,0,0,412856.147982609460000,5802864.027472509100000,7.720035986000028,52.369111113000031,1,
05,5,66,076,2019,03,13,2,2,6,4,0,0,0,1,1,0,0,392870.409237547780000,5794053.214995460600000,7.429402699000036,52.286384849000058,1,
05,5,66,064,2019,03,17,2,3,2,2,0,0,1,0,0,0,0,396996.044894962570000,5771219.089447213300000,7.496801701000038,52.081950444000029,0,
05,5,66,008,2019,03,12,2,2,5,3,0,0,0,0,1,1,0,400940.084237823260000,5779516.317657226700000,7.551924000000042,52.157244947000038,0,
05,5,66,012,2019,03,07,2,3,2,7,0,1,0,0,0,0,0,404395.400693310420000,5772432.914758004200000,7.604408552000052,52.094187830000067,1,
05,5,54,020,2019,03,07,2,3,6,4,0,0,1,1,0,0,0,365537.535032661630000,5786675.837250284900000,7.031850473000077,52.214090108000050,1,
05,5,54,008,2019,03,14,2,3,5,3,0,1,1,0,0,0,0,333674.620506828650000,5745545.818476365900000,6.585863706000055,51.835929435000025,0,
05,5,15,000,2019,03,06,2,2,9,1,0,0,1,0,0,0,0,411701.605261794290000,5760813.670022878800000,7.714032064000037,51.990960979000079,1,
05,5,15,000,2019,03,07,2,2,5,3,0,1,1,0,0,0,0,404211.457999999630000,5756332.520000001400000,7.606230315000062,51.949441583000066,1,
05,5,15,000,2019,03,07,2,2,3,2,0,1,1,0,0,0,0,401513.002657247710000,5761614.806972492500000,7.565463923000038,51.996448492000070,1,
05,5,12,000,2019,03,10,2,3,6,2,0,0,1,1,0,0,0,354239.128658013420000,5711204.824413284700000,6.898455570000067,51.533109536000040,0,
05,5,62,020,2019,03,10,2,3,5,3,0,1,1,0,0,0,0,371781.381696088240000,5718101.662612887100000,7.148707596000065,51.599347686000044,0,
05,5,13,000,2019,03,08,2,3,1,6,0,0,1,0,0,0,1,368582.840236320160000,5712627.205833340100000,7.104600193000067,51.549413276000053,1,
05,5,13,000,2019,03,14,2,3,2,2,0,0,1,0,1,0,0,368372.065208794550000,5708855.998656151800000,7.102971714000034,51.515473283000063,0,
05,5,62,020,2019,03,16,2,3,5,3,0,0,1,0,0,0,0,369888.310435877180000,5719655.256927626200000,7.120813584000075,51.612875289000044,1,
05,5,13,000,2019,03,07,2,3,2,2,0,0,1,0,1,0,0,365846.602818611080000,5715699.570518739500000,7.063987507000036,51.576379160000045,1,
05,5,13,000,2019,03,13,2,3,8,7,0,0,1,0,0,0,0,364901.868368507360000,5718802.440976595500000,7.049167796000063,51.604037098000049,1,
05,5,13,000,2019,03,07,2,3,5,2,1,0,1,0,1,0,0,370734.629999999890000,5708440.700000001100000,7.137153868000041,51.512286554000070,1,
05,5,70,016,2019,03,07,5,3,2,6,0,0,1,0,0,0,0,410238.930000000630000,5740167.096000002700000,7.698111712000070,51.805138947000046,0,
05,5,15,000,2019,03,22,5,3,5,3,2,1,1,0,0,0,0,403942.414524924940000,5754808.066945239900000,7.602742735000049,51.935692837000033,0,
05,5,12,000,2019,03,17,5,3,5,3,0,1,1,0,0,0,0,357514.717889397410000,5710884.132528912300000,6.945778934000032,51.531064001000061,0,
05,5,54,024,2019,03,08,2,3,9,1,0,0,1,0,0,0,0,369322.881320795040000,5778962.763717737000000,7.090195318000042,52.145693673000039,2,
05,5,62,020,2019,03,16,2,3,3,6,0,0,1,0,0,0,0,372003.996944696640000,5715409.621924353800000,7.152901675000067,51.575205180000069,1,
05,5,54,024,2019,03,08,2,2,9,1,0,0,0,0,0,0,1,369345.489872286100000,5779140.478816272700000,7.090457205000064,52.147295922000069,2,
05,5,58,044,2019,03,16,2,3,3,3,0,0,1,0,0,1,0,396521.470822757110000,5751191.811632409700000,7.495922949000033,51.901859614000045,1,
05,5,58,032,2019,03,14,2,2,3,6,0,0,1,0,0,1,0,390403.208292759020000,5751855.997779492300000,7.406817890000070,51.906659221000041,1,
05,5,15,000,2019,03,08,2,3,2,6,0,0,0,0,0,1,1,400100.045350049620000,5757336.904301408700000,7.546135655000057,51.957745898000042,1,
05,5,62,024,2019,03,01,6,2,8,1,2,0,0,0,1,0,0,365496.001409926450000,5725351.712626628600000,7.055225555000050,51.663033325000072,0,
05,5,66,088,2019,03,14,4,3,9,1,0,0,1,0,0,0,0,414114.813809124750000,5785665.627653507500000,7.742902655000023,52.214724834000037,0,
05,5,66,084,2019,03,14,4,3,2,1,0,0,1,0,0,0,0,386649.534838898110000,5780007.335889026500000,7.342946872000027,52.158908877000044,0,
05,5,70,008,2019,03,15,2,2,2,6,0,0,1,0,0,0,0,433945.933633286510000,5737170.341708678800000,8.042466053000055,51.781501840000033,1,
05,5,58,012,2019,03,13,4,3,5,3,0,0,1,0,0,0,0,376470.421107929200000,5750366.667824922100000,7.204915321000044,51.890359974000035,0,
05,5,15,000,2019,03,08,4,3,1,6,0,0,1,0,0,0,0,403934.401000000540000,5758094.855000004200000,7.601707500000032,51.965234276000047,0,
05,5,70,028,2019,03,04,1,3,9,1,2,0,1,0,0,0,0,443050.151731514370000,5743162.278671586900000,8.173441963000073,51.836371957000040,0,
05,5,62,028,2019,03,07,4,3,5,3,0,1,1,0,0,0,0,378713.843000000340000,5722807.982999999100000,7.247121126000025,51.643180468000025,0,
05,5,66,008,2019,03,12,1,3,9,1,0,0,0,0,1,0,0,405422.275263388640000,5779186.275792013900000,7.617516261000048,52.155064525000057,0,
05,5,62,008,2019,03,12,4,2,5,3,0,0,1,0,0,0,0,383704.741000000390000,5724798.411000002200000,7.318555567000033,51.662123964000045,0,
05,5,54,052,2019,03,01,1,3,5,3,2,1,1,0,0,0,0,378869.687913534230000,5772547.087546741600000,7.231927286000030,52.090215457000056,0,
05,5,54,012,2019,03,01,1,2,8,1,2,0,1,0,0,0,0,348783.923878105360000,5748486.989607961800000,6.803699264000045,51.866649826000071,0,
05,5,62,004,2019,03,17,1,3,2,6,0,0,1,0,0,0,0,382821.491650554350000,5713647.996504992200000,7.309518850000075,51.561724694000077,0,
05,5,62,012,2019,03,11,1,3,5,3,0,0,1,0,1,0,0,362984.772439388560000,5731861.190656518600000,7.016382987000043,51.720921150000038,0,
05,5,62,024,2019,03,23,1,3,2,6,2,0,1,0,0,0,0,370137.153380051260000,5725312.855426149400000,7.122306239000068,51.663775814000076,0,
05,5,62,024,2019,03,15,1,3,2,6,0,0,1,0,0,0,0,371517.603000001050000,5725627.195000000300000,7.142139290000046,51.666918019000036,0,
05,5,62,024,2019,03,15,1,3,0,1,0,0,0,0,1,0,0,367198.020702463570000,5725419.601873543100000,7.079794029000027,51.664048197000056,0,
05,5,62,020,2019,03,17,4,3,2,6,0,0,1,0,0,0,0,369852.416065774860000,5717464.649445325100000,7.121108421000031,51.593180599000050,0,
05,5,62,014,2019,03,12,1,2,0,1,0,1,0,0,0,0,0,358938.706611932260000,5714681.334166439300000,6.964772196000070,51.565543128000058,0,
05,5,62,020,2019,03,07,4,3,5,3,0,0,1,0,0,0,0,370373.880284694020000,5719128.002098253000000,7.128017539000041,51.608248993000075,0,
05,5,13,000,2019,03,16,1,3,5,3,0,0,1,0,0,0,0,368614.277197910470000,5716372.071893582100000,7.103653339000061,51.583074585000077,0,
05,5,13,000,2019,03,16,4,3,2,6,0,0,1,0,0,0,0,365805.196381761690000,5714384.391010563800000,7.063892628000076,51.564550470000029,0,
05,5,13,000,2019,03,00,1,3,5,2,2,0,1,0,0,0,0,366466.388000000270000,5709554.248000001500000,7.075258980000058,51.521300958000040,0,
05,5,66,048,2019,03,14,6,3,2,6,0,0,1,0,0,0,0,424875.154512422160000,5791303.471439246100000,7.899114072000032,52.266975350000052,0,
05,5,58,032,2019,03,15,6,3,2,6,0,0,1,0,0,0,0,388898.680013302710000,5751174.400743911000000,7.385175974000049,51.900235324000050,0,
05,5,58,032,2019,03,09,6,3,2,6,0,0,1,0,0,0,0,390701.709875172000000,5751838.215169671900000,7.411160971000072,51.906558042000029,0,