ULAND,UREGBEZ,UKREIS,UGEMEINDE,UJAHR,UMONAT,USTUNDE,UWOCHENTAG,UKATEGORIE,UART,UTYP1,ULICHTVERH,IstRad,IstPKW,IstFuss,IstKrad,IstGkfz,IstSonstige,LINREFX,LINREFY,XGCSWGS84,YGCSWGS84,STRZUSTAND,UIDENTSTLAE
05,5,70,020,2019,03,21,7,2,8,1,2,0,1,0,0,0,0,438664.041592633350000,5746673.183386320200000,8.109167871000068,51.867470825000055,1,
05,5,70,040,2019,03,05,7,3,8,1,2,0,1,0,0,0,0,416899.006711365660000,5743831.770720433400000,7.793805455000040,51.839111206000041,0,
05,5,70,012,2019,03,16,7,2,4,6,0,0,1,0,0,0,1,438585.686693377790000,5753966.124435562600000,8.106730551000055,51.933025887000042,0,
05,5,66,048,2019,03,11,7,3,5,3,0,0,1,0,1,0,0,428459.204899501060000,5796047.252853382400000,7.950618115000054,52.310095184000033,0,
05,5,66,076,2019,03,04,7,2,4,1,2,0,1,0,0,0,0,397929.291994330470000,5785312.201852111100000,7.506182863000049,52.208787764000078,0,
05,5,58,012,2019,03,22,7,3,5,3,2,0,1,0,0,0,0,375242.096703483720000,5758402.136376742300000,7.184162775000061,51.962297633000048,0,
05,5,54,056,2019,03,08,7,1,5,3,0,0,1,0,0,0,0,358658.803451202810000,5764006.501751903400000,6.940644045000056,52.008685805000027,0,
05,5,15,000,2019,03,02,7,3,9,1,2,0,1,0,0,0,0,401339.414215439930000,5755822.069715181400000,7.564601155000048,51.944351531000052,0,
05,5,15,000,2019,03,03,7,3,6,4,2,0,1,1,0,0,0,405875.302571979350000,5757934.723611665900000,7.629993561000049,51.964126965000048,0,
05,5,12,000,2019,03,17,7,3,5,3,0,0,1,0,0,0,0,358931.286174972540000,5718445.096746096400000,6.963153067000064,51.599362135000035,0,
05,5,13,000,2019,03,22,7,3,0,7,2,1,0,0,0,0,0,366156.665904520080000,5714473.395836195000000,7.068926488000045,51.565433839000036,0,
05,5,62,032,2019,03,09,4,3,3,6,0,0,1,0,0,1,0,375799.977437234480000,5716322.897269483700000,7.207328808000057,51.584262092000074,0,
05,5,66,048,2019,03,07,4,3,1,6,0,0,1,0,0,0,0,424569.717587080780000,5791356.524943823000000,7.894627213000035,52.267410431000030,0,
05,5,70,004,2019,03,16,3,3,0,1,0,0,0,0,1,0,0,422696.331000001170000,5734584.373999998000000,7.879996145000064,51.756813982000040,1,
05,5,66,092,2019,03,02,3,3,8,1,2,0,1,0,0,0,0,419935.081803022880000,5794492.002417910800000,7.825980514000037,52.294938863000027,0,
05,5,58,008,2019,03,17,3,3,5,3,0,1,1,0,0,0,0,383172.929000617940000,5759488.226124303400000,7.299168766000037,51.973781452000026,0,
05,5,15,000,2019,03,09,3,3,3,2,0,1,1,0,0,0,0,407042.487162917850000,5757868.757682314100000,7.646994903000064,51.963730424000062,0,
05,5,15,000,2019,03,19,3,2,0,7,2,1,0,0,0,0,0,404834.850615478120000,5758301.575632393400000,7.614752633000023,51.967247237000038,1,
05,5,15,000,2019,03,16,3,3,5,3,0,1,1,0,0,0,0,406815.368979238910000,5756752.365899626200000,7.643993013000056,51.953657712000052,0,
05,5,12,000,2019,03,13,3,3,3,2,0,1,1,0,0,0,0,356424.251201672480000,5709970.890826555000000,6.930440815000054,51.522581549000051,0,
05,5,62,032,2019,03,15,3,3,5,3,0,0,1,0,0,0,0,374712.695000001230000,5721552.818000001800000,7.189774735000071,51.631023106000043,0,
05,5,70,008,2019,03,12,7,3,2,6,0,0,1,0,0,0,0,431400.886827511710000,5735616.636155305400000,8.005885362000072,51.767227875000060,0,
05,5,70,008,2019,03,13,7,3,2,6,0,0,1,0,0,0,0,431578.149689350280000,5735966.044169729600000,8.008384945000046,51.770390734000046,0,
05,5,70,004,2019,03,14,6,3,2,6,0,0,1,0,0,0,0,423077.818315436130000,5732881.831495570000000,7.885898782000027,51.741561262000062,0,
05,5,70,024,2019,03,08,6,3,5,3,0,1,1,0,0,0,0,420858.978000000120000,5753150.311999997100000,7.849133606000066,51.923453917000074,0,
05,5,66,028,2019,03,17,6,3,5,3,0,1,1,0,0,0,0,409221.443000001830000,5794397.982000002600000,7.668951337000067,52.292428000000029,0,
05,5,66,028,2019,03,16,6,3,5,3,0,1,1,0,0,0,0,410817.001000001100000,5788367.857000002600000,7.693933475000051,52.238489275000063,0,
05,5,66,016,2019,03,06,6,1,4,6,2,0,1,0,1,0,0,403881.986419197170000,5788806.914965150900000,7.592278772000043,52.241268305000062,0,
05,5,66,076,2019,03,19,6,3,5,2,2,0,1,0,0,0,0,396388.849893221630000,5795250.905150145300000,7.480597253000042,52.297823524000080,0,
05,5,66,024,2019,03,16,6,3,8,1,0,0,1,0,1,0,0,383221.370896312410000,5775074.076812811200000,7.294549196000048,52.113860383000031,0,
05,5,66,096,2019,03,17,6,2,4,2,0,0,1,0,1,0,0,382570.526805489320000,5787219.476097622900000,7.280846126000029,52.222869123000066,0,
05,5,66,008,2019,03,11,6,3,5,2,0,1,1,0,0,0,0,397611.668337458740000,5780755.970568927000000,7.502912405000075,52.167779281000037,0,
05,5,58,032,2019,03,10,6,3,6,4,0,0,1,1,0,0,0,386781.100997515950000,5754235.195149350900000,7.353405075000069,51.927317599000048,0,
05,5,54,016,2019,03,06,6,3,8,1,1,0,1,0,0,0,0,365306.199997884220000,5751256.548709653300000,7.042431574000034,51.895770590000041,1,
05,5,54,012,2019,03,14,6,3,8,1,0,0,0,0,1,0,0,346631.517115636730000,5743334.792173048500000,6.774747052000066,51.819772879000027,0,
05,5,54,048,2019,03,15,6,3,5,2,0,1,1,0,0,0,0,341104.868171775710000,5746506.895584015200000,6.693172325000035,51.846726883000031,0,
05,5,54,008,2019,03,11,6,3,3,6,0,1,0,0,0,0,0,335262.786000002180000,5745848.284000000000000,6.608749415000034,51.839117257000055,0,
05,5,54,008,2019,03,07,6,3,5,3,0,1,1,0,0,0,0,336032.022304165180000,5747534.636285761400000,6.619105281000032,51.854492849000053,0,
05,5,15,000,2019,03,17,6,2,2,6,0,0,1,0,0,1,0,401765.832000001330000,5755487.754000000700000,7.570898470000032,51.941422078000073,0,
05,5,15,000,2019,03,13,6,3,0,7,0,1,0,0,0,0,0,405068.546328530650000,5757456.739458249900000,7.618386829000031,51.959693474000062,0,
05,5,15,000,2019,03,12,6,3,1,5,0,1,1,0,0,0,0,409338.967175008730000,5752448.523362830300000,7.681839601000036,51.915388998000026,0,
05,5,62,004,2019,03,17,6,2,9,1,0,0,0,0,1,0,0,382913.356792033650000,5716119.344712182900000,7.310019841000042,51.583955516000060,0,
05,5,62,024,2019,03,07,6,3,2,6,0,0,1,0,0,0,0,363648.591000000010000,5725982.979000002100000,7.028284709000047,51.668260781000072,1,
05,5,62,014,2019,03,16,6,3,1,6,0,0,1,0,0,0,1,360246.446506083010000,5713599.693945230900000,6.984057571000051,51.556149042000072,0,
05,5,62,032,2019,03,13,6,3,8,1,0,0,1,0,0,0,0,378419.417000000370000,5718438.864999998400000,7.244384617000037,51.603850278000039,0,
05,5,62,032,2019,03,08,6,3,0,7,0,0,0,1,0,0,1,375514.542348403480000,5718274.644663414000000,7.202518684000040,51.601739774000066,0,
05,5,13,000,2019,03,01,6,3,1,5,2,0,1,0,0,1,0,364882.491388207300000,5719062.360837044200000,7.048788012000046,51.606368180000061,0,
05,5,70,048,2019,03,13,2,2,5,2,0,0,1,0,0,0,0,442867.793736609630000,5732356.942171834400000,8.172574969000038,51.739209637000044,1,
05,5,70,040,2019,03,07,2,3,5,3,0,1,1,0,0,0,0,419758.735277663920000,5744428.626143110900000,7.835165950000032,51.844894806000070,1,
05,5,70,004,2019,03,13,2,3,5,2,0,1,1,0,0,0,0,422756.428624239750000,5735235.620164172700000,7.880721922000021,51.762676724000073,1,
05,5,70,044,2019,03,07,2,3,1,6,0,0,1,0,0,0,0,414404.326074557380000,5759721.081966670200000,7.753656640000031,51.981562989000054,1,
05,5,66,028,2019,03,16,2,3,1,7,0,1,1,0,0,0,0,412087.862601550300000,5792905.862125299900000,7.711357970000051,52.279482591000033,1,
05,5,66,016,2019,03,13,2,2,5,3,0,1,1,0,0,0,0,406521.848184463570000,5790604.855245033300000,7.630431788000067,52.257882848000065,1,
05,5,66,076,2019,03,17,2,3,1,6,0,0,1,0,0,0,0,393668.477512876500000,5792984.153369385700000,7.441435443000046,52.276931975000082,1,
05,5,66,036,2019,03,07,2,3,2,6,0,0,1,0,0,0,0,387480.598392775280000,5768369.570965921500000,7.358935445000043,52.054489184000033,1,
05,5,66,096,2019,03,07,2,3,2,6,0,0,1,0,0,0,1,385457.805352609600000,5784428.268053347200000,7.324040124000021,52.198393117000080,1,
05,5,58,012,2019,03,12,2,3,2,6,0,0,1,0,0,1,0,373797.655420535240000,5757612.118487088000000,7.163440920000028,51.954872228000056,1,
05,5,58,016,2019,03,07,2,3,2,6,0,0,1,0,0,0,0,381351.026598209520000,5750856.568876167800000,7.275634460000049,51.895822982000027,0,
05,5,15,000,2019,03,13,2,3,4,7,0,0,1,0,0,0,0,406763.394598265180000,5757671.449471956100000,7.642987480000045,51.961910183000043,0,
05,5,15,000,2019,03,13,2,3,5,2,0,1,1,0,0,0,0,408379.804999999700000,5753916.673999998700000,7.667507241000067,51.928428708000069,0,
05,5,15,000,2019,03,05,2,3,1,6,1,0,1,0,0,0,0,408465.782515562140000,5756983.971932612400000,7.667940774000044,51.956013618000043,1,
05,5,12,000,2019,03,18,2,3,5,2,0,0,1,0,0,0,0,355706.155349355190000,5712203.764298129800000,6.919182266000064,51.542462583000031,0,
05,5,62,004,2019,03,15,1,3,9,1,0,0,1,0,0,0,0,381717.008999999610000,5713420.863000001800000,7.293668971000045,51.559452743000065,0,
05,5,70,044,2019,03,15,7,2,2,6,0,1,0,0,0,0,0,415737.799869393930000,5764596.369130149500000,7.771869255000070,52.025590243000067,0,
05,5,70,036,2019,03,19,7,3,6,6,0,1,0,1,0,0,0,434875.692940739910000,5759421.917600249900000,8.051742290000050,51.981650564000063,0,
05,5,66,012,2019,03,21,7,2,0,1,2,1,0,0,0,0,0,404396.638000002130000,5772429.480000002300000,7.604427571000031,52.094157172000052,0,
05,5,66,028,2019,03,17,7,3,5,3,0,1,1,0,0,0,0,414698.728000000120000,5792115.344999998800000,7.749818742000059,52.272788479000042,0,
05,5,66,068,2019,03,10,7,3,0,3,0,1,1,0,0,0,0,377691.296942833810000,5785463.262602593700000,7.210086444000069,52.206025591000071,0,
05,5,58,016,2019,03,15,7,2,5,3,0,0,1,0,0,0,0,382287.732718655840000,5751144.284782426400000,7.289143111000044,51.898607350000077,0,
05,5,58,016,2019,03,16,7,2,5,3,0,0,0,0,1,0,0,386617.059490992690000,5744186.342726316300000,7.354322318000072,51.836970954000037,0,
05,5,54,056,2019,03,09,7,3,0,7,0,1,0,1,0,0,0,356850.871000000280000,5762153.688000002900000,6.915094902000021,51.991574988000082,0,
05,5,54,008,2019,03,10,7,1,4,2,0,0,1,0,1,0,0,331446.517694460230000,5746572.639305381100000,6.553055149000045,51.844485461000033,0,
05,5,15,000,2019,03,14,7,3,2,6,0,0,1,0,1,0,0,403184.641941588370000,5759052.038047023100000,7.590527929000075,51.973707638000064,0,
05,5,15,000,2019,03,11,7,3,5,3,0,0,1,0,0,0,0,406295.454994968140000,5751057.860407678400000,7.637980180000056,51.902385157000026,0,
05,5,15,000,2019,03,11,7,2,5,2,0,1,0,0,0,1,0,404684.754999999890000,5759085.980000004200000,7.612350699000047,51.974272033000034,0,
05,5,62,008,2019,03,10,7,3,5,3,0,1,1,0,0,0,0,385078.813000001010000,5723278.886000001800000,7.338912873000027,51.648749597000062,0,
05,5,62,004,2019,03,16,7,3,5,3,0,0,1,0,0,0,0,382993.839210022240000,5717153.325450364500000,7.310836251000069,51.593265321000047,0,
05,5,62,020,2019,03,11,7,3,0,3,0,1,1,0,0,0,0,371705.348490579990000,5718032.835441459000000,7.147635576000027,51.598711831000060,0,
05,5,62,032,2019,03,18,7,2,2,2,0,0,1,0,1,0,0,375129.463519373910000,5719427.256110273300000,7.196550884000033,51.612013167000043,0,
05,5,70,044,2019,03,12,6,3,4,6,0,0,1,0,0,0,0,416941.729773630390000,5756873.145616883400000,7.791283308000061,51.956348024000079,0,
05,5,70,052,2019,03,13,6,3,2,6,0,0,1,0,0,0,0,431364.420401418580000,5755918.790830895300000,8.001324003000036,51.949736007000070,0,
05,5,70,052,2019,03,22,6,3,5,3,2,0,1,0,1,0,0,429444.913000000640000,5756505.126000000200000,7.973278773000061,51.954766736000067,0,
05,5,66,016,2019,03,21,6,3,8,1,2,0,1,0,0,0,0,401828.263289127500000,5795296.679233085400000,7.560321965000071,52.299233958000059,0,
05,5,66,016,2019,03,00,6,3,7,1,2,0,1,0,0,0,1,405933.521122822540000,5791141.809804879100000,7.621665136000047,52.262608686000078,0,
05,5,66,068,2019,03,08,6,3,8,1,0,0,1,0,0,0,0,381285.785292097370000,5783129.691274955900000,7.263480648000041,52.185840847000065,0,
05,5,58,036,2019,03,16,6,2,2,2,0,0,1,0,1,0,0,383617.740734258670000,5729527.441809972700000,7.315721550000035,51.704608404000055,0,
05,5,58,036,2019,03,07,6,2,4,2,0,0,1,0,0,0,0,385926.471954408100000,5729623.053188514000000,7.349087010000062,51.705941838000058,0,
05,5,58,020,2019,03,13,6,3,1,6,0,0,1,0,0,0,0,392609.993939673530000,5755897.194863777600000,7.437623546000054,51.943410192000044,0,
05,5,58,012,2019,03,13,6,3,2,6,0,0,1,0,0,0,0,373212.111106618310000,5754869.153010269600000,7.155935918000068,51.930089706000047,0,
05,5,54,020,2019,03,09,6,3,8,5,0,0,1,0,0,0,0,363591.011268174280000,5786686.128583522500000,7.003373344000067,52.213704143000029,0,
05,5,54,056,2019,03,15,6,3,0,1,0,0,0,0,1,0,0,358105.574265952220000,5762065.442395027700000,6.933392720000029,51.991104045000043,0,
05,5,54,016,2019,03,21,6,3,0,1,2,0,1,0,0,0,0,361439.975125742140000,5756346.840339539600000,6.984230744000058,51.940561741000067,0,
05,5,54,004,2019,03,14,6,3,1,6,0,0,1,0,0,0,0,362657.206512664440000,5771083.294302014600000,6.996019413000056,52.073277330000053,0,
05,5,54,060,2019,03,13,6,3,5,3,0,1,0,0,0,0,0,353165.890818882730000,5757368.652825243800000,6.863511007000057,51.947620757000038,0,
05,5,54,040,2019,03,20,6,3,5,3,2,1,1,0,0,0,0,352247.566812928770000,5736400.182781986900000,6.859121975000051,51.758978517000060,0,
05,5,15,000,2019,03,22,6,2,0,1,2,0,0,0,1,0,0,411762.840783765540000,5754367.631184671100000,7.716579718000048,51.933028839000031,0,
05,5,15,000,2019,03,20,6,2,5,7,2,0,1,0,0,0,1,403467.665412467900000,5759816.058558734100000,7.594432016000042,51.980624107000040,0,
05,5,15,000,2019,03,13,6,3,2,6,0,0,1,0,1,0,0,412166.518000000160000,5759474.416000003000000,7.721144127000059,51.978996493000068,0,
05,5,62,036,2019,03,13,6,3,1,6,0,0,1,0,0,0,0,388790.181462894190000,5719613.581210538700000,7.393698757000038,51.616552263000074,0,
05,5,12,000,2019,03,20,6,3,5,3,2,0,1,0,1,0,0,358846.651466143320000,5718725.822460688700000,6.961818914000048,51.601863499000046,0,
05,5,62,014,2019,03,16,6,3,5,3,0,0,1,0,0,0,0,359420.400000000370000,5714887.519000001300000,6.971634883000036,51.567516186000034,0,
05,5,62,032,2019,03,17,6,3,1,3,0,1,1,0,0,0,0,374047.003000001420000,5719174.598999999500000,7.181016623000062,51.609501402000035,0,
05,5,62,032,2019,03,13,6,3,2,2,0,0,1,0,0,0,0,376502.460705326870000,5718360.321976387900000,7.216745882000055,51.602727274000074,0,
05,5,13,000,2019,03,20,6,3,1,6,2,0,1,0,0,0,0,368631.150767218320000,5707484.539250187600000,7.107214439000074,51.503208557000050,0,
05,5,13,000,2019,03,15,6,3,6,4,0,0,1,1,0,0,0,366860.031805570240000,5710678.084173567600000,7.080504726000072,51.531493394000051,0,
05,5,58,040,2019,04,05,3,3,4,6,2,0,1,0,0,0,1,373062.066601200960000,5765994.006562465800000,7.149639093000076,52.030026858000042,0,
05,5,15,000,2019,04,09,3,3,0,1,0,1,0,0,0,0,0,408777.351301267740000,5753306.770466061300000,7.673448992000033,51.923011785000028,0,
05,5,15,000,2019,04,09,3,3,5,2,0,1,0,0,0,0,0,405953.276159846220000,5751932.169118478900000,7.632769415000041,51.910186262000082,0,
05,5,15,000,2019,04,09,3,3,5,2,0,1,1,0,0,0,0,407234.747960689480000,5756891.444253550800000,7.650056362000044,51.954977935000045,0,
05,5,62,028,2019,04,17,3,2,4,1,0,0,1,0,0,0,0,377319.518835633060000,5723861.813113963200000,7.226610493000067,51.652348993000032,0,
05,5,62,024,2019,04,17,3,3,5,3,0,0,1,0,0,0,0,368688.573826133270000,5724718.409818831800000,7.101596793000056,51.658097185000031,0,
05,5,62,024,2019,04,13,3,3,0,7,0,1,0,0,0,0,0,370396.035451443870000,5726719.011558415400000,7.125525591000042,51.676472214000057,1,
05,5,12,000,2019,04,21,3,3,5,2,2,0,1,0,0,0,0,357183.658101343550000,5707562.446730466600000,6.942355223000050,51.501132039000026,1,
05,5,12,000,2019,04,14,3,3,6,4,0,0,1,1,0,0,0,353674.152462046590000,5711884.110648889100000,6.890033491000054,51.539067169000077,1,
05,5,62,014,2019,04,16,3,2,6,4,0,0,1,1,0,0,0,362441.747418211770000,5712257.962821807700000,7.016228828000067,51.544631493000054,0,
05,5,62,032,2019,04,21,3,3,5,3,2,0,1,0,0,0,0,375350.703787853010000,5714905.298419179400000,7.201350674000025,51.571422692000056,0,
05,5,13,000,2019,04,22,3,3,4,2,2,0,1,0,0,0,0,363081.936658116990000,5712103.590879768100000,7.025515351000024,51.543399939000039,1,
05,5,62,004,2019,04,07,3,3,2,6,0,0,1,0,0,1,0,384740.435588627120000,5717664.764783257600000,7.335871495000049,51.598222084000042,0,
05,5,70,020,2019,04,08,2,2,4,6,0,0,1,0,0,0,0,435705.893467287530000,5747040.645628349900000,8.066141874000039,51.870441192000044,0,
05,5,70,048,2019,04,14,2,3,5,3,0,0,1,0,0,0,0,452056.681000001730000,5731835.434999998700000,8.305714605000048,51.735382428000037,0,
05,5,70,040,2019,04,15,2,3,1,6,0,0,1,0,0,0,0,416738.535000002010000,5749522.006999999300000,7.790105111000059,51.890237759000058,0,
05,5,70,040,2019,04,21,2,2,8,1,2,0,0,0,1,0,0,418993.164751460780000,5742374.896219786300000,7.824535803000060,51.826322619000052,0,
05,5,70,004,2019,04,07,2,2,5,2,0,0,1,0,1,0,0,426014.272000000810000,5737270.872000001400000,7.927486117000058,51.781413050000026,0,
05,5,58,020,2019,04,10,2,3,0,1,0,0,0,0,1,0,0,391207.824720090260000,5758123.980709198900000,7.416527302000077,51.963151221000032,1,
05,5,58,032,2019,04,05,2,3,5,2,2,1,1,0,0,0,0,386407.937101460990000,5752108.638122240100000,7.348681904000046,51.908129475000067,0,
05,5,58,040,2019,04,16,2,2,5,3,0,0,1,0,1,0,0,368852.827584236860000,5762240.447194673100000,7.089755182000033,51.995318336000082,0,
05,5,54,024,2019,04,07,2,3,0,1,0,0,0,0,1,0,0,373362.288257860580000,5775768.036142049400000,7.150385711000070,52.117926531000080,0,
05,5,54,012,2019,04,14,2,3,2,6,0,0,1,0,0,0,0,348551.040834544230000,5741799.579050056600000,6.803246617000070,51.806503040000052,0,
05,5,13,000,2019,04,08,2,3,2,6,0,0,1,0,0,0,0,366080.720351491120000,5714154.271208118600000,7.067953013000022,51.562547991000031,0,
05,5,15,000,2019,04,15,2,3,1,6,0,0,1,0,0,0,0,405835.492654532190000,5753334.913820864600000,7.630674060000047,51.922774958000048,0,
05,5,15,000,2019,04,15,2,3,5,2,0,1,1,0,0,0,0,409759.650559423490000,5751788.919165756600000,7.688127173000055,51.909528319000060,0,
05,5,15,000,2019,04,10,2,3,5,3,0,0,1,0,0,0,0,405479.162000001410000,5754891.432000000000000,7.625066403000062,51.936705303000053,0,
05,5,62,028,2019,04,16,2,2,2,6,0,0,1,0,0,0,0,378946.285239390100000,5723749.639011986600000,7.250152910000054,51.651693501000068,0,
05,5,62,008,2019,04,22,2,2,4,1,2,0,1,0,0,0,1,382004.197126691230000,5726139.031386323300000,7.293527300000051,51.673818278000056,0,
05,5,62,024,2019,04,09,2,2,3,2,0,0,1,0,1,0,0,368507.552952644420000,5722769.164455544200000,7.099714091000067,51.640537882000046,0,
05,5,62,014,2019,04,07,2,3,5,3,0,1,1,0,0,0,0,359425.708000001500000,5714892.504000002500000,6.971709424000039,51.567562304000035,0,
05,5,13,000,2019,04,15,2,3,5,2,0,1,1,0,0,0,0,364652.916756337510000,5715267.738053159800000,7.046938132000037,51.572213209000040,0,
05,5,13,000,2019,04,16,2,3,2,6,0,0,1,0,0,0,0,364059.579532977190000,5712442.584222573800000,7.039473987000065,51.546682596000039,0,
05,5,66,028,2019,03,03,1,3,0,7,2,1,0,0,0,0,0,413976.796014863070000,5794546.374806670500000,7.738620398000023,52.294526932000053,0,
05,5,66,084,2019,03,01,1,3,1,5,2,0,1,0,0,0,0,390348.509350450710000,5776957.249709049200000,7.397982546000037,52.132244169000046,0,
05,5,66,052,2019,03,11,1,3,8,1,0,0,1,0,0,0,0,376704.674000000580000,5778776.173999998700000,7.198086078000074,52.145714032000058,0,
05,5,54,052,2019,03,17,1,3,4,2,0,0,1,0,0,0,0,379741.919000000690000,5772332.112999999900000,7.244728104000046,52.088473780000072,0,
05,5,15,000,2019,03,18,1,3,9,1,0,0,1,0,0,0,0,405046.096913927230000,5746452.310915906000000,7.621093426000073,51.860776505000047,0,
05,5,62,024,2019,03,15,1,3,5,2,0,0,1,0,1,0,0,374092.365932722580000,5725841.473897920900000,7.179272784000034,51.669426585000053,0,
05,5,13,000,2019,03,01,1,3,5,7,2,0,1,0,0,0,0,368922.832696682770000,5708531.837081719200000,7.111025290000043,51.512688163000064,0,
05,5,66,056,2019,04,21,3,3,5,3,2,1,1,0,0,0,0,418206.000022836030000,5796401.809716912000000,7.800168376000045,52.311850492000076,0,
05,5,66,076,2019,04,15,3,3,0,7,0,0,1,0,0,0,1,393814.348338304090000,5793071.365778124000000,7.443545239000059,52.277743967000049,1,
05,5,58,028,2019,04,15,3,3,9,1,0,0,0,0,0,0,1,397372.452734533700000,5732414.948529342200000,7.513851368000076,51.733246808000047,0,
05,5,13,000,2019,04,13,7,3,9,6,0,0,1,0,0,0,0,370736.687283170410000,5715263.613094866300000,7.134677358000033,51.573603853000066,0,
05,5,54,036,2019,04,06,7,1,3,6,1,0,1,0,0,0,0,367057.199811746370000,5767761.973399864500000,7.061472444000060,52.044506630000058,0,
05,5,70,004,2019,04,13,6,2,5,3,0,1,1,0,0,0,0,423927.528742625380000,5734222.644052786800000,7.897909767000044,51.753730741000027,0,
05,5,66,032,2019,04,06,6,3,5,2,0,1,1,0,0,0,0,413583.066999999810000,5776958.001000000200000,7.737339941000073,52.136373183000046,0,
05,5,66,016,2019,04,21,6,3,2,6,2,0,1,0,0,0,0,404667.171000001020000,5795472.620000001000000,7.601890791000074,52.301315324000029,1,
05,5,66,076,2019,04,14,6,2,5,3,0,0,1,0,0,0,0,396131.459854764860000,5790611.581887416500000,7.478253236000057,52.256079662000047,0,
05,5,66,076,2019,04,09,6,2,8,1,0,0,1,0,0,0,0,398552.107511917130000,5789789.856116054600000,7.513951193000025,52.249146059000054,1,
05,5,66,076,2019,04,07,6,3,5,3,0,1,1,0,0,0,0,394305.975329150450000,5792898.105348823600000,7.450802884000041,52.276281575000041,0,
05,5,58,016,2019,04,14,6,3,9,1,0,0,1,0,0,0,0,380596.861931781280000,5741188.275447858500000,7.268019041000059,51.808772322000038,0,
05,5,54,020,2019,04,18,6,3,8,1,0,1,0,0,0,0,0,366959.545855048110000,5788237.048098653600000,7.052037663000021,52.228463419000036,1,
05,5,15,000,2019,04,10,6,3,2,6,0,1,0,0,0,0,0,407260.946831095030000,5756888.806611299500000,7.650438213000030,51.954958596000040,0,
05,5,62,028,2019,04,22,6,3,5,2,2,0,1,0,1,0,0,378473.485000002200000,5721426.809000000400000,7.244128687000057,51.630715567000038,0,
05,5,12,000,2019,04,16,6,2,3,2,0,0,1,0,1,0,0,360521.374615418720000,5709634.766197416900000,6.989591781000058,51.520587751000051,0,
05,5,12,000,2019,04,13,6,3,0,2,0,0,1,0,0,0,1,354879.615834389810000,5709138.231652680800000,6.908534559000032,51.514704760000029,0,
05,5,12,000,2019,04,12,6,3,1,5,0,0,1,0,0,0,0,358304.030312932100000,5711134.752642810300000,6.957049861000030,51.533514695000065,0,
05,5,62,014,2019,04,16,6,3,4,6,0,1,0,0,0,0,0,360447.945927995260000,5715079.212840035600000,6.986374902000023,51.569493992000048,0,
05,5,62,032,2019,04,14,6,3,5,3,0,0,1,0,0,0,1,380435.132000002080000,5718166.324000002800000,7.273569977000022,51.601832401000081,0,
05,5,62,012,2019,04,16,4,3,5,2,0,1,1,0,0,0,0,359771.535000000150000,5725162.847000001000000,6.972586761000059,51.659936990000062,0,
05,5,62,024,2019,04,15,4,3,2,2,0,0,1,0,0,0,0,364772.536885391920000,5724360.963748676700000,7.045154875000037,51.653956592000043,0,
05,5,12,000,2019,04,06,4,3,5,3,2,1,1,0,0,0,0,356213.291309936900000,5709558.506955009000000,6.927570363000029,51.518822280000052,1,
05,5,62,014,2019,04,14,4,3,6,4,0,0,1,1,0,0,0,361141.675803330730000,5715600.813317885600000,6.996172115000036,51.574352422000061,0,
05,5,62,032,2019,04,09,4,3,5,3,0,0,1,0,0,0,1,374253.703113591300000,5715084.905341971700000,7.185465528000066,51.572793239000077,1,
05,5,62,024,2019,04,13,6,3,2,7,0,0,1,0,0,1,0,372163.174892662090000,5730356.259501168500000,7.149736669000049,51.709564185000033,0,
05,5,62,016,2019,04,12,6,2,9,6,0,0,1,0,0,0,0,372936.669495177460000,5734366.045845247800000,7.159462380000036,51.745774796000035,0,
05,5,66,088,2019,04,06,5,3,0,7,2,0,1,0,0,0,0,412654.789186659270000,5786885.767793184100000,7.721223058000021,52.225462391000065,1,
05,5,66,060,2019,04,15,5,3,5,3,0,1,1,0,0,0,0,387783.391000001690000,5789392.596000002700000,7.356405727000038,52.243485414000077,1,
05,5,66,008,2019,04,20,5,3,5,2,1,0,1,0,0,0,0,400237.046000000090000,5780709.751000000200000,7.541299725000044,52.167844691000028,1,
05,5,58,016,2019,04,16,5,3,5,2,0,1,1,0,0,0,0,387451.733781932850000,5747272.597347080700000,7.365426907000028,51.864877587000080,1,
05,5,54,016,2019,04,17,5,3,2,2,0,0,1,0,0,0,0,359647.805160886610000,5757625.039614943800000,6.957654259000037,51.951597626000080,1,
05,5,15,000,2019,04,19,5,3,1,6,0,0,1,0,0,0,0,404277.621986225250000,5758991.469667302400000,7.606451693000054,51.973352564000038,1,
05,5,15,000,2019,04,18,5,3,4,6,0,1,0,0,0,0,0,404069.337103194560000,5759220.704103859100000,7.603356333000022,51.975377083000069,1,
05,5,15,000,2019,04,14,5,3,5,3,0,1,1,0,0,0,0,404914.411612326280000,5756295.418238155500000,7.616465660000074,51.949228712000036,1,
05,5,15,000,2019,04,16,5,3,4,2,0,1,1,0,0,0,0,403492.166115456260000,5760696.931846385800000,7.594540802000040,51.988545894000026,1,
05,5,15,000,2019,04,03,5,2,0,1,2,1,0,0,0,0,0,406229.290369685740000,5758888.834060365300000,7.634883760000037,51.972762764000038,0,
05,5,15,000,2019,04,14,5,3,0,3,0,1,1,0,0,0,0,405507.037284017540000,5751870.835723634800000,7.626300925000066,51.909559442000045,1,
05,5,62,008,2019,04,14,5,3,2,6,0,0,1,0,0,0,0,384043.341884021650000,5723470.431095611300000,7.323889389000044,51.650258534000045,1,
05,5,62,012,2019,04,19,5,3,1,6,1,0,1,0,0,0,0,359548.999479237010000,5725240.336092028800000,6.969340398000043,51.660577728000078,1,
05,5,12,000,2019,04,07,5,2,5,3,0,0,1,0,0,0,0,359481.664094550540000,5719145.651346527000000,6.970813740000040,51.605794841000034,1,
05,5,62,032,2019,04,14,5,3,5,2,0,0,1,0,0,0,0,375652.350018600930000,5719631.677468637000000,7.204026171000066,51.613966063000078,1,
05,5,13,000,2019,04,19,5,3,5,3,0,0,1,0,0,0,0,367614.043586213140000,5713864.074604095900000,7.090170173000047,51.560302107000041,1,
05,5,13,000,2019,04,07,4,3,1,6,0,0,1,0,0,0,0,365609.696698880750000,5714376.767531007500000,7.061076691000039,51.564435408000065,0,
05,5,13,000,2019,04,17,5,3,2,6,0,0,1,0,0,0,0,368645.629110364240000,5707458.422986265300000,7.107432649000032,51.502977220000048,1,
05,5,70,004,2019,04,12,4,3,5,3,0,1,1,0,0,0,0,424571.321167749350000,5735057.204272681800000,7.907053664000046,51.761320252000075,1,
05,5,70,004,2019,04,11,4,3,2,6,0,0,1,0,0,0,0,422955.154334126970000,5736141.266826529100000,7.883400042000062,51.770845512000051,1,