ULAND,UREGBEZ,UKREIS,UGEMEINDE,UJAHR,UMONAT,USTUNDE,UWOCHENTAG,UKATEGORIE,UART,UTYP1,ULICHTVERH,IstRad,IstPKW,IstFuss,IstKrad,IstGkfz,IstSonstige,LINREFX,LINREFY,XGCSWGS84,YGCSWGS84,STRZUSTAND,UIDENTSTLAE
05,5,70,004,2019,04,16,4,3,2,6,0,0,1,0,0,0,0,423857.251473147420000,5734460.296825269200000,7.896839779000061,51.755857611000067,0,
05,5,66,020,2019,04,13,4,3,0,1,0,1,0,0,0,0,0,409786.585638940330000,5807159.870812639600000,7.673806500000069,52.407225170000061,0,
05,5,15,000,2019,04,14,4,3,8,7,0,0,1,0,0,0,0,411791.111999999730000,5756584.969000004200000,7.716421964000062,51.952964502000043,0,
05,5,15,000,2019,04,13,4,3,2,6,0,0,1,0,0,0,0,407179.175382032990000,5751331.021695133300000,7.650747846000058,51.904988425000056,1,
05,5,70,040,2019,04,05,2,3,4,2,1,0,1,0,0,0,0,420342.954397571270000,5743965.751878442200000,7.843751597000050,51.840817522000066,0,
05,5,70,004,2019,04,18,2,3,3,5,0,0,1,0,0,0,0,425573.086035415530000,5735606.823686096800000,7.921448498000075,51.766395228000079,0,
05,5,70,004,2019,04,14,2,3,5,2,0,1,0,0,0,0,1,424391.847116116430000,5735032.495406746900000,7.904459010000039,51.761073922000037,0,
05,5,66,072,2019,04,17,2,3,5,3,0,1,1,0,0,0,0,412763.266000000760000,5803010.701999999600000,7.718633958000055,52.370414664000066,0,
05,5,66,028,2019,04,13,2,3,6,4,0,0,1,1,0,0,0,412494.714879676700000,5792217.620525054600000,7.717498704000036,52.273361401000045,0,
05,5,66,012,2019,04,13,2,3,5,3,0,1,1,0,0,0,0,404997.438931429760000,5772246.681729745100000,7.613245940000070,52.092617624000070,0,
05,5,58,012,2019,04,10,2,2,8,1,0,0,1,0,0,0,0,368318.034721196630000,5751996.684167319900000,7.085894584000073,51.903141283000082,0,
05,5,54,012,2019,04,18,2,3,2,6,0,0,1,0,0,0,0,350357.910756775180000,5744141.579834148300000,6.828422923000062,51.828031904000056,0,
05,5,54,048,2019,04,16,2,3,0,1,0,0,0,0,1,0,0,341179.498280152680000,5748025.706771712800000,6.693557026000065,51.860392957000045,0,
05,5,62,036,2019,04,17,2,2,2,6,0,0,1,0,0,0,0,388740.264000002290000,5719985.471000002700000,7.392859970000075,51.619884946000070,0,
05,5,62,036,2019,04,13,2,2,0,1,0,1,0,0,0,0,0,392190.479736832900000,5721070.746743269300000,7.442343905000030,51.630311123000070,0,
05,5,62,036,2019,04,09,2,3,2,6,0,0,1,0,0,0,0,389281.090924576860000,5720234.810995966200000,7.400590091000026,51.622232676000067,0,
05,5,62,008,2019,04,16,2,3,5,3,0,1,1,0,0,0,0,385061.660766202960000,5723615.877873325700000,7.338554313000032,51.651774877000037,0,
05,5,62,014,2019,04,17,2,2,5,3,0,0,1,0,0,0,0,358931.317837407810000,5718444.991144150500000,6.963153566000074,51.599361194000039,0,
05,5,13,000,2019,04,08,2,3,5,3,0,0,1,0,0,0,0,364895.362590131350000,5718860.205227898400000,7.049051656000074,51.604554627000027,0,
05,5,13,000,2019,04,08,2,3,3,6,0,0,1,0,0,0,1,367670.671652155930000,5708677.405857523900000,7.092936248000058,51.513704462000078,0,
05,5,62,020,2019,04,16,2,2,4,2,0,0,1,0,0,0,0,371448.190999999640000,5719404.937000000800000,7.143421729000067,51.610984060000078,0,
05,5,13,000,2019,04,09,2,2,9,1,0,0,0,0,0,1,0,364570.650389596820000,5708857.790737507900000,7.048218564000024,51.514590895000026,0,
05,5,15,000,2019,04,14,2,3,9,7,0,0,1,0,0,0,0,401156.662070170040000,5752110.242247572200000,7.563009316000034,51.910956305000070,0,
05,5,70,016,2019,04,14,1,3,9,1,0,0,1,0,0,0,0,415132.839611375700000,5737308.887455318100000,7.769773823000037,51.780210244000045,0,
05,5,70,004,2019,04,14,1,3,5,3,0,0,1,0,0,0,0,425641.825775197710000,5735641.093551311600000,7.922437109000043,51.766712439000059,0,
05,5,70,012,2019,04,12,1,2,0,1,0,1,0,0,0,0,0,438293.207521588540000,5754076.658572427900000,8.102457185000048,51.933987231000060,0,
05,5,66,068,2019,04,16,1,3,1,7,0,1,0,0,0,0,0,376083.688000001010000,5785021.728000002000000,7.186734304000026,52.201698813000064,0,
05,5,58,004,2019,04,14,1,1,5,2,0,0,1,0,1,0,0,407783.250212102200000,5740049.764359040200000,7.662536252000052,51.803684628000042,0,
05,5,58,012,2019,04,16,1,3,3,7,0,1,0,0,0,0,0,375186.346861008550000,5758305.073604686200000,7.183387054000036,51.961412867000035,0,
05,5,58,016,2019,04,17,1,3,2,6,0,0,1,0,0,0,0,382225.366000001320000,5744626.338000001400000,7.290460078000024,51.840016418000062,0,
05,5,54,052,2019,04,14,1,3,4,2,0,0,1,0,1,0,0,379740.282057615000000,5772332.028940348000000,7.244704253000066,52.088472669000055,0,
05,5,54,004,2019,04,01,1,3,7,7,2,0,1,1,0,0,0,364869.496082386930000,5769887.645461209100000,7.028751581000051,52.063078028000064,0,
05,5,62,032,2019,04,13,1,2,2,6,0,0,1,0,0,0,0,374710.076909508560000,5715310.197950081900000,7.191967169000066,51.574919581000074,0,
05,5,15,000,2019,04,16,1,3,5,3,0,1,1,0,0,0,0,404984.147148887630000,5758214.557229746100000,7.616949226000031,51.966490622000038,0,
05,5,15,000,2019,04,18,1,3,5,2,0,0,1,0,1,0,0,407859.944987731050000,5758260.162566326600000,7.658784511000022,51.967384671000048,0,
05,5,15,000,2019,04,17,1,2,0,1,0,0,0,0,1,0,0,403878.691838466560000,5759407.736094726200000,7.600529257000062,51.977025241000035,0,
05,5,15,000,2019,04,05,1,3,5,2,2,1,1,0,0,0,0,406392.794476745650000,5756345.713774323500000,7.637956419000034,51.949931557000070,0,
05,5,62,028,2019,04,17,1,3,5,2,0,0,1,0,1,0,0,378759.630287327800000,5723625.262650905200000,7.247499266000034,51.650535473000048,0,
05,5,62,016,2019,04,17,1,2,8,1,0,0,0,0,1,0,0,379859.479000000280000,5732246.285000003900000,7.260421206000046,51.728251251000074,0,
05,5,62,012,2019,04,21,1,3,0,7,2,0,1,0,0,0,0,362383.679989233610000,5729524.713017400400000,7.008608958000025,51.699778465000065,0,
05,5,62,012,2019,04,14,1,3,1,5,0,1,0,0,0,0,1,359293.232382074000000,5724112.595954932300000,6.966098824000028,51.650380087000030,0,
05,5,12,000,2019,04,19,1,2,8,1,0,0,0,0,1,0,0,358292.468608002180000,5720560.503620524000000,6.953080664000026,51.618210445000045,0,
05,5,62,032,2019,04,15,1,2,6,7,0,0,1,1,0,0,0,375788.634181367230000,5717516.239197975000000,7.206742830000053,51.594984374000035,0,
05,5,62,024,2019,04,12,4,3,8,1,0,0,1,0,0,0,0,371987.750364084730000,5729670.689421186200000,7.147450818000039,51.703363169000056,0,
05,5,12,000,2019,04,08,4,3,2,6,0,0,1,0,0,1,0,353379.103098782710000,5712053.083214618300000,6.885711713000035,51.540508918000057,0,
05,5,70,008,2019,04,13,3,3,5,2,0,0,0,0,1,0,1,431325.366762056950000,5738021.059240667100000,8.004315451000025,51.788834239000039,0,
05,5,70,040,2019,04,13,3,3,2,6,0,0,1,0,0,0,0,413960.840000000780000,5750240.559999998700000,7.749572597000054,51.896274973000061,0,
05,5,58,024,2019,04,13,3,2,5,3,0,1,1,0,0,0,0,394562.108707967210000,5736874.466392340100000,7.471817688000044,51.772807999000065,0,
05,5,58,016,2019,04,21,3,3,4,2,2,0,1,0,0,0,0,379851.782716427000000,5745254.807611974000000,7.255805426000052,51.845158849000029,0,
05,5,54,008,2019,04,16,3,3,5,2,0,0,1,0,0,0,0,335414.250109278600000,5743161.752098247400000,6.612223099000062,51.815027707000070,0,
05,5,15,000,2019,04,18,3,2,5,3,0,1,0,0,0,0,0,404587.859326441770000,5758645.690423049000000,7.611062874000027,51.970297926000057,0,
05,5,15,000,2019,04,13,3,3,6,4,0,0,1,1,0,0,0,405968.634285009470000,5757860.135041682000000,7.631372029000033,51.963472324000065,0,
05,5,15,000,2019,04,08,3,3,5,2,0,1,1,0,0,0,0,406603.609102246350000,5757162.468776878000000,7.640800977000026,51.957308397000077,0,
05,5,62,024,2019,04,16,3,3,2,6,0,0,1,0,1,0,0,372192.188000001010000,5725505.349999999600000,7.151932903000045,51.665976871000055,0,
05,5,12,000,2019,04,15,3,3,6,4,0,0,1,1,0,0,0,357318.352963496000000,5711157.233842406400000,6.942839233000029,51.533468469000070,0,
05,5,12,000,2019,04,17,3,3,5,2,0,1,1,0,0,0,0,356346.690400435590000,5710238.912893075500000,6.929214324000043,51.524970224000072,0,
05,5,13,000,2019,04,14,3,3,0,2,0,0,0,0,0,0,1,364928.738841886630000,5718568.415889984000000,7.049645700000042,51.601940511000066,0,
05,5,13,000,2019,04,07,3,2,5,2,0,0,0,0,0,1,1,362994.198184879500000,5711339.924770942000000,7.024548139000046,51.536516101000075,0,
05,5,13,000,2019,04,06,3,3,5,3,1,0,1,0,1,0,0,368934.409475111400000,5711212.922659091700000,7.110194553000042,51.536785219000080,0,
05,5,58,032,2019,04,17,1,3,0,7,0,0,1,0,1,0,0,390242.874910742040000,5751745.109276846100000,7.404523458000028,51.905631032000031,0,
05,5,70,028,2019,04,11,7,3,3,2,0,0,1,0,0,0,0,441404.863000000830000,5735614.325000001100000,8.150841277000041,51.768343588000050,0,
05,5,70,024,2019,04,14,7,3,8,1,0,0,1,0,0,0,0,416718.334000001660000,5753767.425000000700000,7.788785329000064,51.928397180000047,0,
05,5,70,044,2019,04,18,7,3,2,2,0,0,1,0,0,0,1,417481.388188288550000,5759328.971522867700000,7.798544655000057,51.978503863000071,0,
05,5,66,068,2019,04,16,7,2,4,2,0,0,1,0,0,0,0,377527.762000000100000,5785557.194000000100000,7.207660504000046,52.206833367000058,0,
05,5,54,068,2019,04,18,7,3,3,6,0,0,1,0,0,0,0,349017.149751046670000,5770033.308742728100000,6.797612434000030,52.060293636000040,0,
05,5,15,000,2019,04,13,7,3,5,2,0,1,1,0,0,0,0,410570.569000000130000,5760598.091000001900000,7.697620574000041,51.988842246000047,0,
05,5,62,024,2019,04,22,7,3,5,2,2,1,1,0,0,0,0,369623.466000000010000,5725084.673000000400000,7.114968252000040,51.661606284000072,0,
05,5,62,024,2019,04,01,7,2,6,4,2,0,1,1,0,0,0,367555.122783549130000,5724203.648928040600000,7.085415009000030,51.653205366000066,0,
05,5,12,000,2019,04,14,7,3,0,7,0,0,0,1,1,0,0,356903.920712376010000,5719436.945319607900000,6.933496219000062,51.607763206000072,0,
05,5,62,020,2019,04,14,7,3,1,5,0,0,1,0,0,0,0,370873.697568898090000,5718245.411720532900000,7.135556469000051,51.600432173000058,0,
05,5,13,000,2019,04,14,7,3,2,6,0,0,1,0,0,0,0,365853.684710831380000,5712725.108214778800000,7.065224776000036,51.549650850000035,0,
05,5,13,000,2019,04,11,7,3,2,2,0,0,1,0,0,0,1,367852.218999999580000,5713587.412000002300000,7.093708082000035,51.557871689000081,0,
05,5,70,052,2019,04,17,6,3,6,2,0,0,1,1,0,0,0,430926.936701452360000,5755882.805856401100000,7.994966722000072,51.949358357000051,0,
05,5,66,072,2019,04,10,6,3,5,3,0,0,1,0,0,0,0,412378.276890348640000,5800492.901183987000000,7.713638045000039,52.347722886000042,0,
05,5,66,004,2019,04,05,6,2,5,2,2,0,1,0,0,0,0,395042.352217056790000,5766038.080048317100000,7.469893375000027,52.035018355000034,0,
05,5,58,004,2019,04,21,6,3,8,1,2,0,1,0,0,0,0,403551.519999999550000,5737295.410000002000000,7.601946554000051,51.778212887000052,0,
05,5,58,016,2019,04,15,6,3,5,3,0,0,1,0,0,0,0,380802.988963680340000,5752258.087913580200000,7.267188881000038,51.908301481000080,0,
05,5,54,020,2019,04,21,6,1,5,3,2,1,1,0,0,0,0,365561.600186018270000,5781764.076068120100000,7.034150906000036,52.169962027000054,0,
05,5,54,060,2019,04,06,6,3,8,1,1,0,1,0,0,0,0,354513.359903056170000,5758177.550718084000000,6.882760233000056,51.955242641000041,0,
05,5,15,000,2019,04,18,6,3,6,2,0,0,1,1,0,0,0,407213.351924434300000,5751344.043501174100000,7.651240984000026,51.905111167000030,0,
05,5,15,000,2019,04,12,6,3,5,2,0,1,1,0,0,0,0,406169.452999999750000,5758093.650000000400000,7.634230245000026,51.965605193000044,0,
05,5,62,008,2019,04,22,6,2,5,2,2,0,1,0,0,0,0,385078.889498714360000,5723277.643624479000000,7.338914386000056,51.648738446000038,0,
05,5,62,012,2019,04,21,6,3,5,7,2,0,1,0,0,0,0,359796.833342988980000,5735863.106556274000000,6.968648544000075,51.756093302000068,0,
05,5,62,012,2019,04,11,6,3,5,2,0,1,1,0,0,0,0,359098.669351997790000,5726743.796317894000000,6.962227611000060,51.673974773000054,0,
05,5,70,048,2019,04,14,5,3,0,6,0,0,1,0,0,0,1,450704.047132476230000,5725283.647020578400000,8.287054768000076,51.676359841000078,0,
05,5,70,036,2019,04,06,5,3,5,3,0,0,1,0,0,0,0,433588.406219329680000,5766876.241194970900000,8.031555410000067,52.048509947000070,0,
05,5,66,088,2019,04,13,5,2,4,6,0,0,1,0,0,0,0,425171.789947055280000,5785126.371187005200000,7.904827899000054,52.211490175000051,0,
05,5,66,028,2019,04,16,5,3,5,3,0,0,1,0,0,0,0,416288.263931674880000,5790232.783685026700000,7.773576264000042,52.256111409000027,0,
05,5,66,076,2019,04,16,5,3,9,1,0,0,1,0,0,0,0,395695.992266797460000,5790761.397180467800000,7.471829501000059,52.257343719000062,0,
05,5,54,004,2019,04,19,5,3,5,5,0,1,1,0,0,0,0,362706.783552256410000,5776681.846391497200000,6.994486674000029,52.123594300000036,0,
05,5,54,012,2019,04,07,5,3,8,1,0,0,1,0,0,0,0,351273.982266536910000,5753584.798675539000000,6.837639448000061,51.913121576000037,0,
05,5,54,032,2019,04,16,5,3,2,6,0,0,1,0,0,0,0,323583.588856907560000,5743670.696546685000000,6.440505686000051,51.815990843000066,0,
05,5,54,008,2019,04,15,5,3,0,1,0,0,0,0,1,0,0,334085.531017440370000,5747815.208558587400000,6.590733418000070,51.856438125000068,0,
05,5,66,028,2019,04,17,5,3,2,7,0,0,1,0,0,0,0,410883.705000001010000,5790878.433000000200000,7.694247617000031,52.261065737000081,0,
05,5,15,000,2019,04,07,5,2,2,6,0,0,1,0,1,0,0,411174.813292083330000,5752006.749781534100000,7.708638303000043,51.911713830000053,0,
05,5,15,000,2019,04,02,5,3,0,7,2,1,0,0,0,0,0,405402.576636752110000,5758174.987567652000000,7.623048881000045,51.966206318000047,0,
05,5,15,000,2019,04,14,5,3,1,6,0,0,1,0,0,1,0,405523.757553134110000,5754588.670982567600000,7.625798057000054,51.933991518000028,0,
05,5,62,028,2019,04,16,5,3,3,2,0,1,0,0,0,0,0,378271.073165618810000,5723442.211130019300000,7.240504579000060,51.648784773000045,0,
05,5,12,000,2019,04,16,5,2,5,2,0,0,1,0,1,0,0,358249.059000001290000,5711120.962000003100000,6.956263387000035,51.533376974000078,0,
05,5,12,000,2019,04,05,5,3,6,2,2,0,1,1,0,0,0,360243.454475047070000,5711404.409829201200000,6.984886400000050,51.536421284000028,0,
05,5,62,014,2019,04,16,5,3,2,6,0,0,1,0,0,0,0,360533.153575204310000,5714382.673039399100000,6.987879975000055,51.563255915000070,0,
05,5,54,052,2019,04,10,1,3,2,6,0,0,1,0,0,0,0,378802.165698906410000,5771498.740246567900000,7.231314801000053,52.080779661000065,0,
05,5,54,012,2019,04,13,1,2,5,3,0,0,1,0,1,0,0,354337.521000001580000,5738811.987000001600000,6.888370868000038,51.781196524000052,0,
05,5,15,000,2019,04,19,1,3,2,6,0,0,1,0,0,0,0,407417.291000200440000,5755079.056851495100000,7.653200104000064,51.938717615000030,0,
05,5,15,000,2019,04,00,1,2,0,1,2,1,0,0,0,0,0,409829.266119585370000,5761042.537017220600000,7.686710998000024,51.992717346000063,1,
05,5,62,008,2019,04,09,1,3,8,1,0,0,1,0,0,0,0,384366.477438305500000,5721391.927955290300000,7.329244905000053,51.631644162000043,0,
05,5,62,014,2019,04,18,1,2,5,2,0,0,1,0,0,0,0,360744.129999999890000,5714847.150000002200000,6.990737733000060,51.567481881000049,0,
05,5,70,028,2019,04,23,1,2,3,6,2,0,1,0,0,0,1,443113.078660181720000,5741358.039943121400000,8.174651708000056,51.820157745000074,0,
05,5,13,000,2019,04,11,5,3,0,6,0,0,1,0,0,0,0,364631.007921688260000,5708858.561532784300000,7.049087586000042,51.514612287000034,0,
05,5,66,028,2019,04,16,5,3,3,6,0,0,1,0,0,0,1,410422.404673667620000,5791059.899807287400000,7.687442293000061,52.262621865000028,0,
05,5,70,016,2019,04,17,7,2,7,3,0,1,1,0,0,0,0,416624.203120176680000,5735241.631465122100000,7.791883567000070,51.761851238000077,1,
05,5,66,072,2019,04,13,7,3,5,3,0,0,1,0,0,0,0,412378.004968480210000,5800496.737283347200000,7.713633053000024,52.347757322000064,0,
05,5,66,060,2019,04,16,7,3,2,6,0,0,1,0,0,0,0,389068.685715125870000,5788851.325838908600000,7.375400389000049,52.238881578000075,1,
05,5,66,052,2019,04,00,7,3,0,1,2,1,0,0,0,0,0,377765.355653557000000,5779081.915088780200000,7.213469352000061,52.148697277000053,0,
05,5,66,024,2019,04,21,7,2,5,3,2,0,1,0,0,0,0,382787.882247355770000,5771816.795526323800000,7.289342014000056,52.084496156000057,0,
05,5,58,028,2019,04,12,7,2,3,6,0,1,1,0,0,0,0,399283.752000002190000,5729527.484000004800000,7.542354063000062,51.707639590000042,0,
05,5,58,016,2019,04,10,4,3,5,2,0,1,0,0,0,0,1,382230.219383143820000,5742456.085021050600000,7.291268964000039,51.820512910000048,0,
05,5,58,012,2019,04,13,7,3,5,3,0,0,1,0,0,0,1,368332.006492001000000,5752001.954483317200000,7.086095539000041,51.903191944000071,1,
05,5,54,020,2019,04,22,4,3,1,7,2,0,1,0,0,0,0,366335.502560465600000,5785821.111519558400000,7.043860522000045,52.206604212000059,0,
05,5,54,008,2019,04,19,7,3,8,1,0,0,1,0,0,0,0,333600.367128457870000,5750547.729015067200000,6.582378538000057,51.880840348000049,0,
05,5,62,016,2019,04,14,4,2,3,6,0,0,1,0,0,1,0,372578.725067649970000,5733878.775139188400000,7.154458868000063,51.741314562000071,0,
05,5,62,028,2019,04,11,7,2,5,2,0,1,0,0,0,1,0,380560.366185822520000,5721706.400584943600000,7.274170666000032,51.633675294000057,0,
05,5,15,000,2019,04,06,4,3,5,2,1,1,0,0,0,0,0,405966.250323404560000,5757187.693697407800000,7.631521431000067,51.957427714000062,0,
05,5,15,000,2019,04,15,4,3,2,6,0,1,0,0,0,0,0,406257.416949498470000,5757689.038594875500000,7.635620676000031,51.961983199000031,0,
05,5,15,000,2019,04,12,4,3,5,2,0,1,0,0,0,0,1,406142.073465333320000,5751402.263853645000000,7.635657622000053,51.905455029000052,0,
05,5,15,000,2019,04,06,4,3,5,3,0,1,1,0,0,0,0,403942.104813333600000,5758260.906599987300000,7.601773146000028,51.966728134000050,0,
05,5,62,036,2019,04,14,4,3,0,4,0,0,0,1,0,0,1,387034.712678609420000,5719916.045825144300000,7.368256450000047,51.618921216000047,0,
05,5,62,028,2019,04,22,4,2,8,1,2,0,0,0,0,0,1,378107.414688698020000,5721405.751979179700000,7.238849552000033,51.630447130000050,0,
05,5,62,004,2019,04,13,4,3,5,3,0,0,1,0,1,0,0,383128.435874655840000,5709598.449895687400000,7.315289867000047,51.525392003000036,0,
05,5,62,024,2019,04,14,4,3,2,6,0,0,1,0,0,0,0,367615.186007685030000,5723481.634388322000000,7.086556035000058,51.646731146000036,0,
05,5,62,024,2019,04,14,4,2,4,2,0,0,1,0,0,0,0,370140.691569034010000,5725316.033178804400000,7.122356188000026,51.663805188000026,0,
05,5,13,000,2019,04,09,4,3,1,6,0,0,1,0,0,0,0,367368.457848752850000,5714143.422164773600000,7.086524028000042,51.562754800000050,0,
05,5,13,000,2019,04,16,4,3,2,6,0,0,1,0,0,0,0,365511.261340301480000,5714158.484367465600000,7.059740902000044,51.562450347000038,0,
05,5,62,032,2019,04,16,4,3,2,6,0,0,1,0,0,0,0,375766.687709057700000,5716336.420037657000000,7.206843780000042,51.584376286000065,1,
05,5,70,028,2019,04,15,3,3,4,6,0,1,0,0,1,0,0,440256.046055295500000,5739948.402414422500000,8.133448338000051,51.807186628000068,0,
05,5,66,028,2019,04,08,3,2,4,2,0,0,1,0,0,0,0,414723.999764227310000,5792892.907509680800000,7.749992396000039,52.279781437000054,0,
05,5,66,076,2019,04,18,3,3,1,5,0,0,1,0,0,0,0,393454.041933465750000,5791876.168671002600000,7.438643578000040,52.266932778000069,0,
05,5,54,004,2019,04,13,3,2,5,3,0,0,1,0,1,0,0,357388.934763522820000,5778343.004191692900000,6.916164180000067,52.137173233000055,0,
05,5,54,008,2019,04,08,3,3,9,1,0,0,0,0,0,1,0,333101.030000002120000,5741444.780000001200000,6.579522206000036,51.798917881000079,0,
05,5,54,008,2019,04,17,3,3,2,6,0,0,1,0,0,0,0,338728.866663820110000,5745641.332977507300000,6.659112124000046,51.838269714000035,0,
05,5,62,020,2019,04,08,3,2,2,6,0,0,1,0,0,0,0,372523.038788615730000,5715499.868610967000000,7.160355002000074,51.576133836000054,0,
05,5,62,024,2019,04,19,3,2,5,2,0,0,1,0,1,0,0,372400.700906256210000,5730472.412982704100000,7.153130082000075,51.710662097000068,0,
05,5,62,024,2019,04,16,3,3,2,6,0,0,1,0,0,0,0,369869.861774665300000,5725121.368976073300000,7.118514998000023,51.661993164000080,0,
05,5,12,000,2019,04,14,3,3,2,6,0,0,1,0,0,0,0,360257.174106122930000,5711302.354390366000000,6.985124596000048,51.535507600000074,0,
05,5,62,020,2019,04,13,3,3,1,2,0,0,1,0,0,0,0,373596.470565422440000,5714742.226004168400000,7.176110028000039,51.569566585000075,0,
05,5,13,000,2019,04,13,3,3,5,3,0,0,1,0,0,0,0,364901.918999998830000,5719327.627000002200000,7.048966175000032,51.608756614000072,0,
05,5,70,020,2019,04,11,2,2,4,2,0,0,1,0,0,0,0,429283.204705979680000,5742946.706572055800000,7.973706702000072,51.832860425000035,0,
05,5,66,028,2019,04,17,2,3,5,2,0,0,1,0,1,0,0,412496.597000001930000,5791915.221000004600000,7.717604732000041,52.270643647000043,0,
05,5,66,048,2019,04,07,2,3,5,3,0,0,1,0,0,0,0,426546.537000000480000,5793033.664999999100000,7.923225056000035,52.282753761000038,0,
05,5,66,008,2019,04,15,2,3,2,6,0,0,1,0,0,0,0,400262.648131980560000,5780663.439766993700000,7.541687550000063,52.167433083000049,0,
05,5,58,024,2019,04,19,2,1,3,2,0,0,0,0,1,0,1,386924.753610653800000,5735180.397949986200000,7.361722890000067,51.756091638000044,0,
05,5,58,020,2019,04,16,2,3,1,6,0,1,1,0,0,0,0,391930.085912448350000,5759617.779007073500000,7.426565296000035,51.976717767000082,0,
05,5,54,020,2019,04,18,2,2,5,2,0,1,1,0,0,0,0,364568.849999999630000,5786238.637000002000000,7.017855744000030,52.209924521000062,0,
05,5,62,032,2019,04,16,2,3,2,6,0,0,1,0,0,0,0,375345.831467826850000,5716336.910447100200000,7.200772279000034,51.584287758000073,0,
05,5,12,000,2019,04,05,2,3,1,7,1,0,0,0,0,1,0,355240.715550873430000,5712829.032249843700000,6.912217861000045,51.547961859000054,0,
05,5,15,000,2019,04,13,2,3,2,6,0,0,1,0,1,0,0,405926.638903837650000,5756128.265598738600000,7.631235164000032,51.947898384000041,0,
05,5,15,000,2019,04,13,2,3,3,6,0,1,0,0,0,0,0,404510.911424227990000,5756302.049682376900000,7.610594586000048,51.949219194000079,0,
05,5,15,000,2019,04,08,2,3,0,7,0,0,0,0,1,0,0,405310.469253317450000,5755328.351664708900000,7.622493010000028,51.940603855000063,0,
05,5,62,024,2019,04,19,2,3,1,6,0,0,1,0,0,0,0,370860.402639603240000,5725057.287752701000000,7.132852173000060,51.661645776000057,0,
05,5,12,000,2019,04,11,2,3,0,7,0,0,1,0,0,0,0,356192.966363217680000,5710477.462553691100000,6.926902545000075,51.527074660000039,0,
05,5,62,032,2019,04,19,2,3,5,3,0,1,1,0,0,0,0,376130.211118300450000,5715085.741169866200000,7.212529182000026,51.573216176000074,0,
05,5,62,032,2019,04,15,2,3,2,6,0,0,1,0,0,0,0,373067.175363880580000,5718649.260792998600000,7.167064139000047,51.604560168000035,0,
05,5,13,000,2019,04,12,2,3,7,1,0,0,1,0,0,0,0,367383.657999999820000,5708735.353000003800000,7.088780625000027,51.514157917000034,0,
05,5,62,032,2019,04,18,5,2,3,6,0,0,1,0,0,0,0,374892.330951902080000,5714744.529898649100000,7.194797274000052,51.569876315000045,0,
05,5,70,028,2019,04,16,4,3,2,6,0,0,1,0,0,0,0,445289.103692952540000,5743178.869670769200000,8.205931576000069,51.836744957000064,0,
05,5,70,028,2019,04,17,4,2,5,2,0,1,1,0,0,0,0,441128.801628944460000,5741984.034428734300000,8.145759625000039,51.825580042000070,0,
05,5,70,048,2019,04,12,4,2,8,1,0,0,1,0,0,0,0,446709.029344353820000,5734326.443213645400000,8.227898712000069,51.757294952000052,0,
05,5,70,024,2019,04,00,4,2,8,1,2,0,1,0,0,0,0,423591.665426330640000,5753646.675728637700000,7.888753849000068,51.928297682000050,0,
05,5,66,028,2019,04,22,4,2,4,3,2,0,1,0,0,0,0,416881.003801200540000,5793180.672048188700000,7.781531766000057,52.282698413000048,0,
05,5,66,052,2019,04,13,4,2,9,1,0,0,1,0,0,0,0,377622.021999946800000,5781372.704898733600000,7.210549930000070,52.169251324000072,0,
05,5,66,012,2019,04,21,4,2,9,1,2,0,1,0,0,0,0,407902.400875844060000,5772743.995415657800000,7.655502494000075,52.097578743000042,0,
05,5,54,052,2019,04,12,4,2,5,3,0,0,1,0,0,0,1,377871.172895998690000,5771534.919780047600000,7.217722608000031,52.080900201000077,0,
05,5,15,000,2019,04,18,4,2,5,2,0,1,0,0,0,0,1,406505.378406400790000,5757242.435403371200000,7.639350097000033,51.958010669000032,0,
05,5,62,012,2019,04,14,4,3,5,2,0,1,1,0,0,0,0,363418.177500980910000,5725259.715897528500000,7.025237621000031,51.661705484000038,0,
05,5,62,012,2019,04,10,4,3,0,1,0,1,0,0,0,0,0,359367.504759505390000,5726040.582991713700000,6.966396070000030,51.667723207000051,0,
05,5,62,020,2019,04,07,4,2,4,2,0,0,1,0,0,0,0,370648.846357819620000,5719197.264738779500000,7.131960604000028,51.608934675000057,0,
05,5,62,020,2019,04,17,4,3,2,6,0,0,1,0,0,0,0,369997.728374652560000,5719058.370053537200000,7.122614334000048,51.607536508000067,1,
05,5,62,032,2019,04,16,4,3,2,6,0,0,1,0,0,0,0,374277.313359383490000,5718284.726386211800000,7.184659972000077,51.601555549000068,1,
05,5,62,024,2019,04,07,2,3,2,2,0,0,1,0,0,0,0,364797.876271557060000,5724368.700725130700000,7.045517959000051,51.654032214000040,0,
05,5,70,008,2019,04,16,1,3,5,3,0,0,1,0,0,0,0,432667.156241483060000,5731454.907537354200000,8.025038681000069,51.729967497000075,0,
05,5,66,048,2019,04,14,1,3,5,3,0,0,1,0,0,0,0,427036.833195430230000,5795688.966518176700000,7.929835919000027,52.306687409000062,0,
05,5,66,020,2019,04,04,1,1,6,6,2,0,1,1,0,0,0,405659.998326300640000,5803116.614591935600000,7.614300563000029,52.370189567000068,0,
05,5,58,012,2019,04,02,1,3,5,3,2,0,1,0,0,0,0,373211.648209577430000,5754863.693919163200000,7.155931200000055,51.930040543000075,1,
05,5,54,052,2019,04,09,1,2,5,3,0,0,1,0,0,0,0,377773.291848958470000,5767829.270068312100000,7.217621487000031,52.047577770000032,0,
05,5,54,012,2019,04,11,1,3,5,3,0,0,1,0,0,0,0,349994.718999998640000,5745306.494000002700000,6.822651524000037,51.838400934000049,0,
05,5,15,000,2019,04,17,1,2,4,6,0,0,0,0,1,0,0,408811.723000002090000,5758540.803100002900000,7.672560269000030,51.970064188000038,0,
05,5,62,004,2019,04,16,1,3,1,5,0,1,1,0,0,0,0,383603.748310831380000,5710010.434594923600000,7.322002210000051,51.529193019000047,0,
05,5,62,024,2019,04,06,1,1,9,1,1,0,1,0,0,0,0,371987.291415099050000,5725563.544008802600000,7.148950497000044,51.666453206000028,0,
05,5,70,028,2019,04,10,7,3,2,2,0,1,0,0,0,0,0,441515.355204775000000,5742447.841158973100000,8.151289609000060,51.829790375000073,0,
05,5,70,004,2019,04,09,7,3,2,6,0,0,1,0,0,0,1,421394.521806507370000,5734821.373712945700000,7.861085439000021,51.758763301000045,0,
05,5,70,036,2019,04,21,7,3,5,2,1,0,1,0,0,0,0,434000.319000001070000,5766737.319000000100000,8.037588024000058,52.047310295000045,0,