ULAND,UREGBEZ,UKREIS,UGEMEINDE,UJAHR,UMONAT,USTUNDE,UWOCHENTAG,UKATEGORIE,UART,UTYP1,ULICHTVERH,IstRad,IstPKW,IstFuss,IstKrad,IstGkfz,IstSonstige,LINREFX,LINREFY,XGCSWGS84,YGCSWGS84,STRZUSTAND,UIDENTSTLAE
05,5,70,052,2019,04,14,7,2,5,3,0,0,1,0,0,0,0,427695.432887187230000,5756711.790587503500000,7.947781341000052,51.956399831000056,0,
05,5,66,048,2019,04,17,7,3,5,3,0,0,1,0,0,0,0,428808.687668170780000,5795790.269683366600000,7.955797866000069,52.307830590000037,0,
05,5,66,028,2019,04,14,7,3,5,3,0,0,1,0,0,0,0,408526.653019230810000,5794819.772335315100000,7.658652397000026,52.296103834000064,0,
05,5,66,076,2019,04,22,7,3,9,6,2,0,1,0,0,0,1,397362.219397245910000,5787488.210045153300000,7.497226705000060,52.228239379000058,0,
05,5,66,036,2019,04,15,7,3,5,3,0,0,1,0,1,0,0,387617.291379910890000,5768405.273257574100000,7.360916446000033,52.054837786000064,0,
05,5,58,024,2019,04,17,7,2,0,7,0,0,1,0,0,0,0,394979.750334349460000,5737360.950107939500000,7.477721394000071,51.777259091000076,0,
05,5,54,060,2019,04,09,7,3,5,3,0,0,1,0,0,0,0,349490.804828162310000,5756014.824740575600000,6.810671348000028,51.934475189000068,0,
05,5,62,016,2019,04,13,7,2,2,6,0,0,1,0,0,0,0,374259.749740691860000,5738061.328485235600000,7.177279743000042,51.779281941000079,0,
05,5,15,000,2019,04,06,7,3,2,6,1,0,1,0,0,0,0,405972.618999999950000,5752311.447999998900000,7.632946998000023,51.913598688000036,0,
05,5,62,036,2019,04,01,7,3,5,3,2,0,1,0,1,0,0,388768.658000000750000,5719821.824999999300000,7.393321900000046,51.618419707000044,0,
05,5,62,008,2019,04,13,7,3,5,2,0,1,1,0,0,0,0,385055.127000002190000,5723619.633999999600000,7.338458675000027,51.651807300000030,0,
05,5,12,000,2019,04,14,7,3,5,3,0,1,1,0,0,0,0,355637.364150860350000,5719615.543407261400000,6.915144846000032,51.609044732000029,0,
05,5,62,014,2019,04,18,7,3,1,5,0,1,1,0,0,0,0,358753.388251068070000,5716062.164949797100000,6.961545127000022,51.577904782000076,0,
05,5,62,020,2019,04,13,7,3,0,6,0,1,1,0,0,0,0,371381.010883627460000,5720780.174649909100000,7.141947264000066,51.623327725000081,0,
05,5,62,032,2019,04,12,7,3,2,2,0,0,1,0,0,0,0,377427.975970074530000,5720534.906009422600000,7.229342583000062,51.622473019000040,0,
05,5,62,032,2019,04,10,7,3,5,7,0,0,1,0,0,0,0,375226.768280592750000,5719404.215315749900000,7.197963666000021,51.611827671000071,0,
05,5,13,000,2019,04,10,7,2,5,2,0,0,1,0,0,0,0,363222.111000001430000,5719738.569000003900000,7.024562133000075,51.612043879000055,0,
05,5,13,000,2019,04,23,7,3,2,6,2,0,1,0,0,0,0,367176.819625573230000,5711858.600047137600000,7.084623747000023,51.542176882000035,0,
05,5,13,000,2019,04,17,7,3,1,7,0,0,1,0,0,0,0,369063.007828567180000,5714923.193324303300000,7.110666392000042,51.570158360000050,0,
05,5,62,020,2019,04,22,3,2,4,2,2,0,1,0,0,0,0,371451.316713312640000,5719405.924603231300000,7.143466484000044,51.610993649000079,0,
05,5,70,004,2019,04,01,6,3,8,7,2,0,1,0,0,0,0,422763.676835454070000,5739519.624694472200000,7.879873536000048,51.801189105000049,1,
05,5,66,088,2019,04,19,2,3,9,1,0,0,0,0,1,0,0,424849.513959165660000,5785094.291627848500000,7.900119188000076,52.211157953000054,0,
05,5,66,048,2019,04,20,2,2,8,1,0,0,0,0,1,0,0,426675.028338383880000,5794611.259158112100000,7.924764969000023,52.296951802000081,0,
05,5,66,040,2019,04,22,6,3,6,4,2,0,1,1,0,0,0,421416.806604201910000,5780289.855355188300000,7.851003739000021,52.167492707000065,0,
05,5,66,068,2019,04,15,2,2,2,6,0,0,1,0,0,0,0,374321.452541888690000,5784421.142282951600000,7.161184636000030,52.195902990000036,0,
05,5,66,056,2019,04,04,6,3,0,1,2,1,0,0,0,0,0,415161.411332462910000,5798394.469087122000000,7.755016071000057,52.329299191000075,0,
05,5,66,092,2019,04,07,6,2,9,1,0,0,1,0,0,0,0,423765.493343894370000,5790334.566830616400000,7.883075198000029,52.258113305000052,0,
05,5,58,016,2019,04,16,2,2,5,3,0,0,1,0,1,0,0,391788.671382783910000,5743090.054311642400000,7.429696461000049,51.828143728000043,0,
05,5,15,000,2019,04,13,2,3,0,4,0,0,1,1,0,0,0,406528.002421274780000,5750596.964985990900000,7.641484274000050,51.898281423000071,0,
05,5,15,000,2019,04,11,2,3,6,3,0,0,1,1,0,0,0,405602.658499650660000,5754294.007941857000000,7.627026202000025,51.931356334000043,0,
05,5,66,084,2019,04,12,6,3,8,1,0,0,0,0,1,0,0,387110.748017791660000,5780666.501614294900000,7.349467050000044,52.164927285000033,0,
05,5,62,024,2019,04,15,2,2,2,6,0,0,1,0,0,0,0,370139.738000000830000,5725315.198999999100000,7.122342718000027,51.663797472000056,0,
05,5,58,008,2019,04,05,6,2,6,6,2,0,1,1,0,0,0,388565.695372951220000,5764667.793684180800000,7.375960704000022,52.021439532000045,0,
05,5,54,016,2019,04,17,6,3,0,5,0,0,0,0,1,0,0,364661.342183878650000,5756175.587052423500000,7.031132284000023,51.939815751000026,0,
05,5,12,000,2019,04,17,2,2,5,3,0,1,1,0,0,0,0,352443.311101051980000,5714695.153918743100000,6.871119131000057,51.564005226000063,0,
05,5,54,008,2019,04,14,6,3,5,3,0,1,1,0,0,0,0,337010.060133174060000,5743228.814048402000000,6.635321858000054,51.816097762000027,0,
05,5,62,014,2019,04,17,2,3,2,6,0,0,1,0,0,0,0,360376.966802211480000,5713810.174998102700000,6.985855496000056,51.558072761000062,0,
05,5,62,012,2019,04,10,6,2,8,6,0,0,0,0,1,0,0,360377.810495302080000,5738828.360370250400000,6.975868488000060,51.782883307000077,0,
05,5,13,000,2019,04,19,2,3,5,3,0,0,1,0,0,0,0,367933.551287817770000,5707943.703443475100000,7.096997312000042,51.507172376000028,0,
05,5,12,000,2019,04,17,6,3,0,1,0,1,0,0,0,0,0,353747.994480092080000,5712149.452081229500000,6.890987239000026,51.541470549000053,0,
05,5,12,000,2019,04,09,6,3,2,6,0,0,1,0,0,0,0,354164.558838287370000,5712264.829455405500000,6.896942095000043,51.542615069000078,0,
05,5,70,028,2019,04,11,5,3,5,3,0,1,1,0,0,0,0,441048.079419111830000,5741483.288101295000000,8.144673724000029,51.821069706000060,0,
05,5,70,048,2019,04,14,5,2,4,1,0,0,1,0,0,0,0,449908.248304395940000,5727448.499708002400000,8.275235732000056,51.695753016000026,0,
05,5,66,092,2019,04,19,5,3,8,1,0,0,0,0,1,0,0,424450.755838932470000,5793995.665827889000000,7.892292886000064,52.291116940000052,0,
05,5,66,076,2019,04,10,5,3,5,2,0,1,1,0,0,0,0,394382.236676350240000,5793699.778727257600000,7.451669096000046,52.283501066000042,0,
05,5,58,036,2019,04,15,5,3,5,3,0,1,1,0,0,0,0,388914.624493877400000,5729643.149105878500000,7.392307623000022,51.706722019000040,0,
05,5,58,016,2019,04,12,5,2,8,1,0,0,0,0,1,0,0,382169.915216166530000,5748468.695125717700000,7.288345420000042,51.874536618000036,0,
05,5,54,012,2019,04,12,5,2,1,2,0,0,1,0,0,1,0,354343.818000001830000,5746722.845000000700000,6.885135681000065,51.852278167000065,0,
05,5,62,012,2019,04,19,5,3,2,6,0,0,1,0,0,0,0,359412.729072530750000,5726127.843885002700000,6.967014477000021,51.668518634000066,0,
05,5,12,000,2019,04,12,5,3,5,2,0,0,1,0,0,0,0,354131.925766004250000,5711341.583705954300000,6.896854411000049,51.534310715000061,0,
05,5,62,020,2019,04,20,5,2,5,3,1,0,1,0,0,0,0,371433.453331785280000,5715648.036047503400000,7.144585583000037,51.577217950000033,0,
05,5,62,032,2019,04,07,5,3,2,6,0,0,1,0,0,0,0,375177.000423008580000,5719096.269248213600000,7.197354931000064,51.609049096000035,0,
05,5,13,000,2019,04,19,5,3,0,7,0,1,0,0,0,0,0,362506.252155799420000,5711108.438446631700000,7.017607493000071,51.534317266000073,0,
05,5,66,028,2019,04,14,1,3,2,6,0,0,1,0,0,0,0,411038.956453283320000,5789388.115474993400000,7.696914419000052,52.247695536000037,0,
05,5,66,016,2019,04,18,1,1,9,1,0,0,1,0,0,0,0,405286.858626598490000,5797680.867211353000000,7.610354450000045,52.321269895000057,0,
05,5,66,012,2019,04,15,1,3,9,1,0,1,0,0,0,0,0,405932.602947876790000,5767113.882003210500000,7.628306926000050,52.046642391000034,0,
05,5,62,024,2019,04,10,2,3,2,6,0,0,1,0,0,1,1,369660.292673537510000,5726703.244271593200000,7.114896547000058,51.676160276000076,0,
05,5,70,040,2019,04,18,1,3,9,1,0,0,1,0,0,0,0,410545.761438632380000,5749965.203770482900000,7.700025428000060,51.893262122000067,0,
05,5,58,044,2019,04,19,1,2,5,3,0,0,1,0,1,0,0,395720.739764998670000,5752308.924573492300000,7.483950494000055,51.911750884000071,0,
05,5,54,004,2019,04,05,1,2,4,6,2,1,1,0,0,0,0,357616.287000000480000,5776604.173000000400000,6.920211734000077,52.121608763000040,0,
05,5,62,028,2019,04,02,1,2,4,1,2,0,1,0,0,0,0,380287.796074208800000,5722684.415438551500000,7.269899596000073,51.642407179000031,0,
05,5,62,028,2019,04,01,1,2,0,1,2,1,0,0,0,0,0,378091.216365940870000,5722819.066106822300000,7.238123372000075,51.643145446000062,1,
05,5,70,020,2019,04,06,4,3,5,3,0,0,1,0,0,0,0,425907.061927812170000,5742785.323478678200000,7.924753330000044,51.830971982000051,0,
05,5,70,016,2019,04,19,4,2,1,6,0,0,1,0,0,0,0,414181.019945571200000,5739109.557411756400000,7.755534407000027,51.796251594000069,0,
05,5,70,004,2019,04,16,4,2,9,7,0,0,1,0,0,0,0,425654.271472358140000,5729106.671867555000000,7.924013617000071,51.707971123000050,0,
05,5,66,076,2019,04,19,4,3,5,3,0,0,1,0,0,0,0,395967.070610546510000,5789118.113173734400000,7.476305752000030,52.242626211000072,0,
05,5,66,076,2019,04,15,4,2,4,2,0,1,0,0,0,0,1,395242.588681200520000,5789768.656375315000000,7.465497179000067,52.248335466000071,0,
05,5,66,076,2019,04,05,4,3,5,3,0,1,1,0,0,0,0,395078.092000001110000,5791910.353000000100000,7.462422901000025,52.267552250000051,0,
05,5,66,036,2019,04,23,4,3,9,1,2,0,0,0,0,0,1,386891.927250831390000,5770636.860947912600000,7.349602557000026,52.074745767000081,1,
05,5,58,016,2019,04,11,4,3,5,3,0,1,1,0,0,0,0,382102.957999999630000,5744734.537000000500000,7.288647260000062,51.840962993000062,0,
05,5,15,000,2019,04,19,4,3,0,4,0,1,0,1,0,0,0,404335.443492715250000,5759047.107566122000000,7.607277695000050,51.973862612000062,0,
05,5,15,000,2019,04,15,4,3,1,6,0,0,1,0,0,0,0,402586.869171801020000,5760642.716792570400000,7.581376566000074,51.987900566000064,0,
05,5,15,000,2019,04,14,4,3,0,4,0,1,0,1,0,0,0,405151.402519047260000,5757194.547400564000000,7.619664715000056,51.957350924000082,0,
05,5,62,008,2019,04,23,4,2,5,1,2,1,1,0,0,0,0,385214.773544534110000,5723306.703148964800000,7.340868049000051,51.649027383000032,1,
05,5,62,024,2019,04,15,4,3,0,4,0,0,1,1,0,0,0,365274.089000000620000,5721420.821000004200000,7.053532738000058,51.627655971000081,0,
05,5,70,028,2019,04,18,7,3,5,2,0,0,1,0,1,0,0,441128.451047788370000,5741757.443279666800000,8.145793071000071,51.823542899000074,1,
05,5,62,024,2019,04,15,4,3,0,7,0,1,0,0,0,0,0,370488.215411366890000,5725510.639862008400000,7.127306037000039,51.665634254000054,0,
05,5,70,004,2019,04,14,7,3,1,5,0,0,1,0,0,0,0,423888.881512673570000,5736521.217069527100000,7.896846415000027,51.774388867000027,0,
05,5,62,014,2019,04,11,4,3,5,3,0,0,1,0,0,0,0,359530.495000000110000,5715897.142000002800000,6.972818663000055,51.576616079000075,0,
05,5,66,072,2019,04,11,7,2,5,3,0,1,1,0,0,0,0,412860.300069424320000,5802874.761792574100000,7.720094166000024,52.369208255000046,0,
05,5,62,014,2019,04,11,4,3,1,6,0,0,1,0,0,1,0,360283.097365074790000,5713674.691797761200000,6.984556109000039,51.556832056000076,0,
05,5,66,096,2019,04,16,7,2,5,3,0,1,1,0,0,0,0,384119.682845756410000,5788350.443582449100000,7.303127204000020,52.233360833000063,0,
05,5,66,012,2019,04,17,7,3,2,1,0,0,1,0,1,0,0,400767.271170730700000,5776395.565220166000000,7.550309887000026,52.129165038000053,0,
05,5,62,020,2019,04,19,4,2,0,1,1,1,0,0,0,0,0,371850.837303175590000,5718159.865897927400000,7.149688608000076,51.599886558000037,1,
05,5,66,004,2019,04,17,7,3,5,3,0,1,1,0,0,0,0,393956.573959614150000,5763942.417782448200000,7.454720172000066,52.015976714000033,1,
05,5,13,000,2019,04,11,4,3,1,6,0,0,1,0,0,0,0,368715.005475931800000,5710258.832564849400000,7.107388585000024,51.528160051000043,0,
05,5,66,008,2019,04,13,7,3,5,3,0,0,1,0,0,0,0,400128.771011071280000,5780965.941023163500000,7.539641722000056,52.170127687000047,1,
05,5,58,036,2019,04,14,7,2,1,6,0,0,1,0,0,0,0,390366.950467526910000,5729038.707321919500000,7.413507861000028,51.701574983000057,1,
05,5,54,048,2019,04,14,7,2,9,1,0,0,1,0,0,0,0,343399.078242530110000,5739397.391611021000000,6.729664731000071,51.783502107000061,1,
05,5,54,008,2019,04,15,7,3,0,1,0,0,0,0,1,0,0,334747.012386797000000,5746714.848267300100000,6.600855742000022,51.846749501000033,1,
05,5,15,000,2019,04,19,7,2,6,4,0,1,0,1,0,0,0,405849.646077803340000,5756856.063087830300000,7.629915883000024,51.954427137000039,0,
05,5,62,036,2019,04,22,7,2,5,3,2,0,1,0,0,0,0,391680.281895466150000,5722229.779950559100000,7.434616733000041,51.640630701000077,1,
05,5,70,044,2019,04,17,6,3,5,3,0,1,1,0,0,0,0,417436.050999999050000,5760092.600000001500000,7.797700925000072,51.985361389000047,0,
05,5,70,044,2019,04,16,6,2,5,2,0,1,1,0,0,0,0,415488.492000000550000,5759703.191000001500000,7.769443434000039,51.981568146000029,0,
05,5,66,096,2019,04,07,6,2,5,2,0,1,1,0,0,0,0,385054.579065639530000,5785573.223580751600000,7.317754338000043,52.208598644000062,1,
05,5,66,052,2019,04,14,6,2,4,6,0,0,1,0,0,0,0,379087.537360426040000,5779087.846016719900000,7.232781690000024,52.149041621000038,0,
05,5,66,084,2019,04,15,6,3,1,6,0,0,1,0,0,0,0,389968.285901525060000,5775435.354477047900000,7.392922026000065,52.118490977000079,0,
05,5,66,064,2019,04,06,6,3,5,3,0,1,1,0,0,0,0,395448.125100257810000,5773245.741494400400000,7.473599016000037,52.099875063000070,0,
05,5,58,016,2019,04,16,6,3,5,3,0,1,1,0,0,0,0,381772.212999999520000,5744188.387000000100000,7.284035251000034,51.835984720000056,0,
05,5,54,020,2019,04,19,6,3,5,2,0,0,1,0,0,0,0,367482.902999999930000,5785377.381999999300000,7.060815549000040,52.202894151000066,0,
05,5,54,020,2019,04,11,6,3,0,7,0,0,1,0,0,0,0,366024.861994320530000,5785883.872877458100000,7.039292441000043,52.207092724000063,0,
05,5,54,004,2019,04,11,6,3,1,6,0,0,1,0,0,0,0,361197.662764010020000,5768220.332789100700000,6.975900952000075,52.047189026000069,1,
05,5,62,024,2019,04,16,6,2,5,2,0,0,0,0,0,1,0,366972.067448047920000,5726481.373978020600000,7.076124631000027,51.673536258000070,0,
05,5,12,000,2019,04,17,6,2,4,7,0,0,1,0,0,0,0,353397.692686256950000,5715205.873132368500000,6.884665346000077,51.568843184000059,0,
05,5,62,014,2019,04,11,6,3,6,6,0,1,0,1,0,0,0,360070.176428434440000,5715708.337800644300000,6.980677056000047,51.575053703000037,0,
05,5,62,032,2019,04,15,6,3,2,6,0,0,1,0,0,0,0,375951.675339857120000,5719281.701092576600000,7.208470959000067,51.610886809000078,0,
05,5,13,000,2019,04,14,6,2,6,4,0,0,1,1,0,0,0,368374.599207911640000,5712987.713006440600000,7.101463653000053,51.552604510000037,0,
05,5,13,000,2019,04,12,4,3,0,1,0,0,0,0,0,0,1,365556.436493315730000,5709188.676191099000000,7.062290537000024,51.517799867000065,0,
05,5,62,032,2019,04,09,4,1,2,6,0,0,1,0,0,1,1,380567.511459391560000,5717790.338300352900000,7.275608533000025,51.598481319000030,0,
05,5,66,028,2019,04,12,4,3,2,7,0,0,1,0,0,0,0,410787.840865530070000,5790918.862209292100000,7.692832703000022,52.261413583000035,0,
05,5,70,028,2019,04,07,3,3,5,3,0,1,1,0,0,0,0,445290.792058019900000,5743178.519807912400000,8.205956133000029,51.836741977000031,0,
05,5,70,032,2019,04,11,3,3,5,3,0,0,1,0,0,0,0,421565.428482581860000,5765750.162780355700000,7.856524044000025,52.036816489000046,0,
05,5,66,072,2019,04,19,3,3,5,3,0,1,1,0,0,0,0,412735.939000000250000,5801909.412000000500000,7.718519163000053,52.360511756000051,0,
05,5,66,076,2019,04,11,3,3,2,6,0,0,1,0,0,0,0,393976.703764554110000,5793406.875404704400000,7.445818570000029,52.280790602000081,0,
05,5,54,068,2019,04,16,3,3,8,1,0,0,1,0,0,0,0,347262.251748719250000,5772238.142421640500000,6.771047983000074,52.079620992000059,0,
05,5,54,048,2019,04,15,3,3,8,1,0,0,1,0,0,0,0,340225.835399842820000,5742806.277204411100000,6.682129971000052,51.813230228000066,0,
05,5,15,000,2019,04,11,3,3,1,6,0,0,1,0,0,0,0,405592.397228151560000,5754337.244921067700000,7.626865138000028,51.931743229000062,0,
05,5,62,036,2019,04,15,3,3,5,3,0,1,1,0,0,0,0,389123.877999999560000,5720573.906000001400000,7.398212659000024,51.625249517000043,0,
05,5,12,000,2019,04,15,3,2,2,6,0,0,1,0,0,0,0,356321.501068817450000,5712070.258187923600000,6.928104225000027,51.541419908000080,0,
05,5,62,020,2019,04,15,3,3,0,7,0,0,0,0,0,0,1,371366.382939872330000,5718617.987733092200000,7.142529626000055,51.603893194000079,0,
05,5,62,032,2019,04,16,3,2,3,6,0,0,1,0,0,0,0,375336.609800411390000,5719426.819018324800000,7.199541168000053,51.612055146000046,0,
05,5,12,000,2019,04,12,6,3,2,6,0,0,1,0,0,1,0,356394.385674435650000,5714466.913055893000000,6.928176021000070,51.562974238000038,0,
05,5,58,004,2019,04,16,6,2,8,7,0,0,1,0,0,0,1,406748.808843193580000,5733309.177127890300000,7.649347925000029,51.742923247000078,0,
05,5,70,028,2019,04,08,5,3,4,6,0,0,1,0,0,0,0,440334.814508571290000,5737102.685881912700000,8.135080282000047,51.781611342000076,0,
05,5,70,004,2019,04,15,5,3,4,2,0,0,1,0,0,0,0,423219.993999999950000,5732876.550000002600000,7.887958729000047,51.741533283000081,0,
05,5,66,056,2019,04,20,5,3,5,3,0,0,1,0,0,0,0,416640.201602802610000,5797242.272923873700000,7.776997145000053,52.319169435000049,0,
05,5,66,064,2019,04,19,5,2,9,1,0,0,0,0,1,0,0,394863.334024067970000,5774062.966965362400000,7.464812459000029,52.107109112000046,0,
05,5,58,012,2019,04,15,5,1,5,3,0,1,1,0,0,0,0,377190.169250162320000,5749374.564566398000000,7.215722099000061,51.881603209000048,0,
05,5,54,020,2019,04,13,5,3,4,6,0,0,1,0,0,0,1,364525.634503784590000,5786065.342122288400000,7.017293003000020,52.208356802000026,0,
05,5,54,008,2019,04,17,5,3,2,6,0,0,1,0,0,0,0,338729.234141860160000,5745641.349962370500000,6.659117445000049,51.838269973000081,0,
05,5,54,008,2019,04,07,5,3,5,3,0,1,1,0,0,0,0,335257.675897353330000,5745848.707033703100000,6.608675107000067,51.839119550000078,0,
05,5,15,000,2019,04,14,5,3,2,3,0,1,1,0,0,0,0,405946.016000000760000,5756806.165000002800000,7.631331492000072,51.953994937000061,0,
05,5,15,000,2019,04,18,5,3,1,6,0,0,1,0,0,0,0,403151.958921921440000,5754164.599049903500000,7.591429614000049,51.929772124000067,0,
05,5,15,000,2019,04,17,5,3,0,1,0,1,0,0,0,0,0,406302.079294522290000,5757680.310111220900000,7.636272898000073,51.961912273000053,0,
05,5,15,000,2019,04,14,5,3,1,5,0,1,1,0,0,0,0,406553.379682548340000,5758759.490385118900000,7.639635632000022,51.971654751000074,0,
05,5,62,008,2019,04,18,5,3,2,7,0,0,1,0,1,0,0,386011.046703714880000,5724066.637768758500000,7.352124698000068,51.656019505000074,0,
05,5,62,012,2019,04,17,5,3,5,2,0,1,1,0,0,0,0,359391.968999999580000,5725432.746000001200000,6.966994166000063,51.662267424000049,0,
05,5,62,024,2019,04,12,5,3,0,7,0,0,1,0,0,0,0,370215.478056010790000,5728644.390423059500000,7.122199761000047,51.693733155000075,0,
05,5,12,000,2019,04,14,5,3,3,6,0,0,1,0,0,0,0,356360.138187419620000,5710686.638066100000000,6.929225469000073,51.528996817000063,0,
05,5,62,032,2019,04,13,5,2,0,1,0,1,0,0,0,0,0,372876.154086646620000,5718576.182366505300000,7.164333768000063,51.603860327000064,0,
05,5,13,000,2019,04,17,5,3,1,6,0,0,1,0,0,0,0,364303.836876942780000,5715640.935464737900000,7.041759907000028,51.575482985000065,0,
05,5,13,000,2019,04,16,5,3,2,2,0,0,1,0,0,0,0,370557.263744054360000,5709001.206165691800000,7.134393464000027,51.517283179000060,0,
05,5,13,000,2019,05,15,4,3,5,2,0,0,1,0,0,0,1,365480.191543874330000,5714339.575913043700000,7.059223635000024,51.564070311000080,0,
05,5,70,008,2019,05,22,7,2,5,3,2,0,1,0,0,0,0,432780.783653004090000,5739245.368081392700000,8.025176293000072,51.800017523000065,1,
05,5,66,068,2019,05,03,4,3,8,7,2,0,1,0,0,0,0,373256.066878534850000,5788193.171181382600000,7.144193299000051,52.229554252000071,0,
05,5,70,040,2019,04,16,3,2,5,3,0,0,1,0,0,0,0,418179.211000001060000,5746216.596999999100000,7.811818566000056,51.860738069000035,0,
05,5,70,004,2019,04,21,3,3,1,3,1,1,1,0,0,0,0,423931.090901042330000,5734221.881362548100000,7.897961530000032,51.753724369000054,0,
05,5,66,088,2019,04,15,3,3,1,7,0,0,1,0,1,0,0,419085.877000001260000,5786115.432000003800000,7.815538944000025,52.219520486000079,0,
05,5,66,076,2019,04,16,3,3,5,3,0,0,1,0,0,0,0,397157.963117780160000,5796222.784159449900000,7.491574792000051,52.306702694000080,0,
05,5,58,036,2019,04,19,3,1,8,1,0,0,1,0,0,0,0,391241.962635193020000,5726934.363981818800000,7.426820929000030,51.682831330000056,0,
05,5,54,008,2019,04,07,3,3,4,2,0,0,1,0,0,0,1,332450.199407538400000,5742904.178251931400000,6.569387190000043,51.811833303000071,0,
05,5,54,008,2019,04,12,3,3,5,2,0,0,1,0,0,1,0,332450.199407538400000,5742904.178251931400000,6.569387190000043,51.811833303000071,0,
05,5,66,060,2019,05,13,6,3,5,3,0,1,0,0,0,0,1,388708.245336540040000,5788706.487961247600000,7.370171710000022,52.237507177000055,0,
05,5,15,000,2019,04,08,3,3,5,3,0,1,1,0,0,0,0,401648.180000000630000,5755592.414000000800000,7.569157521000022,51.942342003000078,0,
05,5,62,016,2019,04,16,3,2,4,6,0,1,0,0,0,0,0,373233.725025209600000,5733372.440839331600000,7.164124946000072,51.736912817000075,0,
05,5,66,024,2019,05,16,6,2,9,1,0,0,1,0,0,0,0,382553.169689252040000,5772092.989390574400000,7.285823023000035,52.086928507000039,0,
05,5,62,024,2019,04,14,3,3,8,7,0,0,1,0,0,0,0,366648.878212049600000,5724489.525231177000000,7.072213535000060,51.655560126000069,0,
05,5,66,024,2019,05,17,6,2,5,3,0,0,1,0,1,0,0,384245.953906956130000,5771728.632217550700000,7.310641764000025,52.084010657000078,0,
05,5,12,000,2019,04,08,3,2,3,6,0,0,1,0,0,0,0,356676.894000001250000,5708851.462000003100000,6.934535185000073,51.512586694000049,0,
05,5,54,020,2019,05,13,6,3,2,6,0,0,1,0,0,0,0,365228.628261245790000,5784623.398763362300000,7.028148646000034,52.195572838000032,0,
05,5,12,000,2019,04,16,3,3,2,6,0,0,1,0,1,0,0,355193.312547884880000,5715651.160913111600000,6.910372288000076,51.573308364000070,0,
05,5,54,008,2019,05,17,6,3,5,3,0,1,1,0,0,0,0,335938.507000000220000,5747353.710999999200000,6.617834530000039,51.852840046000040,0,
05,5,62,014,2019,04,16,3,3,5,3,0,1,1,0,0,0,0,358305.834767077120000,5716341.850145554200000,6.954977665000058,51.580305675000034,0,
05,5,62,032,2019,04,12,3,3,0,7,0,0,1,0,0,0,1,375500.065000000410000,5719719.866000000400000,7.201796531000070,51.614724965000050,0,
05,5,15,000,2019,05,23,6,2,0,7,2,1,0,0,0,0,0,406352.950800072400000,5757350.155783591800000,7.637103093000064,51.958953260000044,1,
05,5,15,000,2019,05,16,6,3,3,6,0,1,0,0,0,0,0,406029.683000001130000,5756779.374000001700000,7.632555962000026,51.953768271000058,0,
05,5,15,000,2019,05,10,6,2,2,6,0,0,1,0,0,0,0,408888.917710145000000,5753144.548473203600000,7.675113846000045,51.921571894000067,0,
05,5,15,000,2019,05,07,6,2,0,1,0,1,0,0,0,0,0,404038.907505241220000,5753657.749028220800000,7.604466685000034,51.925369973000045,0,
05,5,62,004,2019,05,14,6,3,2,6,0,0,1,0,0,0,0,381661.635667585770000,5712390.691244397300000,7.293217205000076,51.550182305000078,0,
05,5,62,024,2019,05,17,6,3,5,2,0,1,1,0,0,0,0,366728.613684636540000,5724810.990947892900000,7.073242983000057,51.658467855000026,0,
05,5,13,000,2019,05,13,6,3,2,6,0,0,1,0,0,0,1,368582.740251952780000,5712627.369420064600000,7.104598691000035,51.549414723000041,0,
05,5,62,032,2019,05,13,6,2,2,6,0,0,1,0,0,1,0,374256.534254546280000,5718162.049885604500000,7.184404081000025,51.600448410000070,0,
05,5,70,044,2019,05,15,5,3,1,2,0,0,1,0,0,0,0,417602.586000000130000,5760112.989000001900000,7.800120539000034,51.985569393000048,0,
05,5,66,088,2019,05,17,5,3,8,1,0,0,1,0,0,0,0,418911.486008173790000,5786060.353879045700000,7.812999916000024,52.218999762000067,1,
05,5,66,092,2019,05,17,5,3,2,6,0,0,1,0,0,0,0,424261.191000000570000,5796533.409000001800000,7.888943173000030,52.313902117000055,1,
05,5,66,004,2019,05,06,5,3,5,3,0,0,1,0,0,0,0,393650.942629380150000,5767123.488549491400000,7.449279328000046,52.044508473000064,0,
05,5,58,012,2019,05,15,5,2,3,2,0,0,1,0,1,0,0,368683.183738205580000,5755783.809316627700000,7.089754776000063,51.937258884000073,0,
05,5,54,028,2019,05,15,5,3,0,3,0,0,1,0,1,0,0,358480.853000001980000,5742898.449000001000000,6.946725522000065,51.818978530000038,1,
05,5,15,000,2019,05,12,5,3,1,6,0,0,1,0,0,0,0,409112.503999999720000,5758487.848999999500000,7.676951533000022,51.969637471000055,0,
05,5,15,000,2019,05,18,5,3,3,6,0,1,1,0,0,0,0,406010.524372266610000,5758954.663197707400000,7.631681913000023,51.973317510000072,1,
05,5,62,036,2019,05,10,5,3,3,6,0,0,1,0,1,0,0,389585.759587747980000,5719100.650849597500000,7.405346784000074,51.612098635000052,0,
05,5,62,028,2019,05,14,5,3,0,6,0,0,0,0,1,0,0,379494.990860890600000,5721386.887637756800000,7.258894245000022,51.630576505000079,0,
05,5,13,000,2019,05,08,5,3,2,6,0,0,1,0,0,0,1,366256.598473876710000,5711289.414530949700000,7.071578031000058,51.536844546000054,0,
05,5,13,000,2019,05,15,5,3,0,7,0,0,0,0,1,0,1,370749.178999999540000,5708477.758000003200000,7.137349828000026,51.512622921000059,1,
05,5,66,068,2019,04,06,3,3,3,6,0,0,1,0,0,1,1,371047.316999999810000,5783608.191999999800000,7.113617532000035,52.187841976000072,0,
05,5,70,044,2019,04,07,2,3,2,6,0,0,1,0,0,0,0,418101.674981202930000,5761268.323990387800000,7.807110654000041,51.996028533000072,0,
05,5,70,044,2019,04,12,2,2,3,6,0,0,1,0,0,1,0,415775.667652609760000,5760006.263142978800000,7.773549495000054,51.984336049000035,0,
05,5,70,044,2019,04,14,2,3,2,6,0,0,1,0,0,1,0,416515.413598096000000,5760711.023058418200000,7.784147264000069,51.990782765000063,0,
05,5,66,088,2019,04,13,2,3,9,1,0,0,1,0,0,0,0,416757.906999999660000,5787220.129999999000000,7.781197330000055,52.229103286000054,0,
05,5,66,044,2019,04,08,2,3,5,3,0,1,1,0,0,0,0,430205.240000000220000,5777702.530000001200000,7.980011273000059,52.145415933000038,0,
05,5,66,092,2019,04,12,2,3,5,2,0,1,1,0,0,0,0,423174.079891430210000,5796632.208371127000000,7.872976469000037,52.314639146000047,0,
05,5,66,048,2019,04,17,2,3,2,6,0,0,1,0,0,0,0,427092.930598204960000,5795604.110987462100000,7.930676933000029,52.305932100000064,0,