ULAND,UREGBEZ,UKREIS,UGEMEINDE,UJAHR,UMONAT,USTUNDE,UWOCHENTAG,UKATEGORIE,UART,UTYP1,ULICHTVERH,IstRad,IstPKW,IstFuss,IstKrad,IstGkfz,IstSonstige,LINREFX,LINREFY,XGCSWGS84,YGCSWGS84,STRZUSTAND,UIDENTSTLAE
05,5,66,076,2019,04,08,2,2,5,3,0,1,1,0,0,0,0,394834.090564803220000,5793795.317220928100000,7.458260751000069,52.284446341000034,0,
05,5,66,008,2019,04,18,2,3,2,6,0,0,1,0,0,0,0,400498.356181872080000,5780288.866727847600000,7.545242569000038,52.164109040000028,1,
05,5,58,004,2019,04,14,2,3,1,6,0,0,1,0,0,0,0,404904.278402759690000,5738812.154911326200000,7.621133412000063,51.792077931000051,0,
05,5,15,000,2019,04,13,2,3,6,6,0,1,0,1,0,0,0,406273.174750276840000,5757401.133201291800000,7.635928515000046,51.959398028000066,0,
05,5,15,000,2019,04,10,2,3,3,6,0,0,1,0,0,1,0,405638.985000000340000,5754139.028000002700000,7.627596895000067,51.929969460000052,0,
05,5,15,000,2019,04,07,2,3,1,5,0,1,0,0,0,0,0,404589.786517437550000,5755718.559804853100000,7.611903832000053,51.943988089000072,0,
05,5,62,008,2019,04,17,2,3,5,2,0,1,1,0,0,0,0,383652.149681622160000,5720015.585338827200000,7.319385778000026,51.619126783000070,1,
05,5,62,020,2019,04,10,2,3,1,7,0,0,1,0,0,0,1,371400.471709136850000,5720182.346626870300000,7.142447683000057,51.617959604000077,0,
05,5,62,032,2019,04,15,2,3,5,7,0,0,1,0,0,0,0,376174.161097956820000,5715416.832542842300000,7.213046345000066,51.576201427000058,0,
05,5,62,032,2019,04,09,2,3,5,3,0,0,1,0,0,0,1,377698.885377101600000,5715960.756089137900000,7.234849191000023,51.581422719000045,0,
05,5,66,052,2019,05,13,7,3,0,1,0,0,1,0,0,0,0,377654.628622236660000,5778593.994138106700000,7.212027541000055,52.144288130000064,1,
05,5,54,040,2019,05,15,7,3,4,3,0,0,1,0,0,0,0,352680.384753854950000,5734367.988046720600000,6.866249572000072,51.740833059000067,0,
05,5,54,008,2019,05,11,7,3,2,6,0,0,1,0,0,0,0,334474.381812179460000,5745631.049628127400000,6.597420059000058,51.836932669000078,0,
05,5,15,000,2019,05,07,7,3,5,3,0,1,1,0,0,0,0,404642.243375947700000,5755256.086377158800000,7.612795023000047,51.939840182000069,0,
05,5,62,028,2019,05,11,7,3,5,2,0,1,1,0,0,0,0,380562.470787531700000,5721706.997479964000000,7.274200858000029,51.633681105000051,0,
05,5,62,004,2019,05,20,7,3,5,2,1,0,1,0,0,0,0,381663.063083491290000,5713245.586435025600000,7.292950122000036,51.557866104000027,1,
05,5,66,044,2019,05,03,4,3,0,7,2,1,0,0,0,0,0,421546.811431327830000,5773667.138005862000000,7.854432565000025,52.107979954000029,0,
05,5,66,092,2019,05,12,4,3,8,1,0,0,1,0,0,0,0,418892.669909725900000,5792821.061207654000000,7.811100980000049,52.279766566000035,0,
05,5,66,084,2019,05,15,4,3,5,2,0,0,1,0,0,0,0,386651.233386079780000,5780016.121606797000000,7.342968758000041,52.158988183000076,0,
05,5,58,004,2019,05,02,4,3,8,1,2,0,0,0,0,0,1,407439.299185727720000,5732179.625300742700000,7.659646518000045,51.732884308000052,0,
05,5,54,024,2019,05,18,4,3,8,1,0,1,0,0,0,0,0,372148.532166179270000,5777955.435312947300000,7.131846173000042,52.137303132000056,0,
05,5,15,000,2019,05,20,4,3,1,5,0,0,1,0,0,0,0,407105.344311404040000,5756909.036817090600000,7.648169057000075,51.955114465000065,0,
05,5,62,008,2019,05,16,4,2,5,3,0,0,1,0,1,0,0,389928.292851745150000,5724313.734420148700000,7.408652408000023,51.659021173000042,0,
05,5,12,000,2019,05,16,4,3,5,3,0,1,1,0,0,0,0,356044.870042837220000,5718851.101368015600000,6.921339612000054,51.602280061000044,0,
05,5,66,092,2019,05,10,4,3,2,6,0,0,0,0,0,1,1,423708.976387138480000,5791020.511727156100000,7.882092276000037,52.264271323000060,0,
05,5,58,016,2019,05,20,4,3,8,1,0,0,1,0,0,0,0,380436.472848651930000,5745410.208007164300000,7.264235440000050,51.846680960000072,1,
05,5,70,020,2019,05,06,3,3,8,1,0,0,1,0,0,0,0,438686.982071310280000,5748126.357560854400000,8.109242905000031,51.880537477000075,1,
05,5,70,016,2019,05,15,3,3,3,6,0,0,1,0,0,1,0,407991.046607853840000,5745382.372094959000000,7.664131672000053,51.851652498000078,0,
05,5,58,004,2019,05,11,3,3,9,1,0,0,1,0,0,0,0,404756.240943110550000,5742247.829173995200000,7.618043337000074,51.822934777000057,0,
05,5,58,020,2019,05,17,3,2,4,6,0,0,1,0,0,0,1,395538.935705568640000,5758830.117441900100000,7.479327407000028,51.970328539000036,0,
05,5,58,040,2019,05,17,3,3,5,3,0,1,1,0,0,0,0,372671.314998254180000,5760508.172179991400000,7.145985140000050,51.980640301000051,0,
05,5,58,040,2019,05,05,3,3,5,3,1,1,1,0,0,0,0,372311.191027871330000,5763523.107603151400000,7.139621494000039,52.007650552000030,0,
05,5,58,016,2019,05,11,3,2,5,3,0,1,1,0,0,0,0,381415.737000000660000,5743358.904000001000000,7.279148085000031,51.828454451000027,0,
05,5,15,000,2019,05,15,3,3,5,2,0,1,1,0,0,0,0,405403.326224843970000,5756012.365816613700000,7.623655241000051,51.946767876000081,0,
05,5,15,000,2019,05,14,3,3,5,3,0,1,0,0,0,0,0,401181.337000002150000,5759373.322000002500000,7.561280439000029,51.976242785000068,0,
05,5,15,000,2019,05,08,3,3,5,2,0,1,1,0,0,0,0,404062.387856344690000,5756226.473884308700000,7.604091567000069,51.948462710000058,0,
05,5,62,036,2019,05,08,3,3,5,3,0,0,1,0,0,0,1,386632.385033327150000,5719790.945380536800000,7.362487998000063,51.617715935000035,0,
05,5,62,028,2019,05,16,3,3,2,6,0,0,1,0,0,0,0,378123.069000001070000,5723432.287000002300000,7.238369843000044,51.648663519000081,0,
05,5,62,004,2019,05,05,3,3,5,7,0,0,1,0,0,0,0,382893.778519417160000,5716453.268541567000000,7.309625994000044,51.586952648000079,0,
05,5,62,012,2019,05,11,3,3,5,2,0,1,0,0,0,0,0,359614.799010644670000,5726449.712715147100000,6.969805224000027,51.671461412000042,0,
05,5,12,000,2019,05,07,3,3,1,5,0,0,1,0,0,0,0,356557.038608075120000,5709433.440841207300000,6.932572298000025,51.517785850000053,0,
05,5,62,020,2019,05,13,3,3,2,6,0,0,1,0,0,0,0,371426.940783190540000,5715580.555153699600000,7.144516352000039,51.576610021000079,0,
05,5,62,032,2019,05,15,3,2,5,3,0,0,1,0,0,0,0,374708.769641673190000,5721552.384456738800000,7.189718205000077,51.631018336000068,1,
05,5,62,032,2019,05,01,3,2,9,1,2,0,1,0,0,0,0,374834.020869322120000,5721651.096447810500000,7.191491648000067,51.631933344000061,1,
05,5,70,028,2019,05,22,2,3,5,3,2,1,1,0,0,0,0,440709.094783509150000,5741119.658439772200000,8.139818292000030,51.817764727000053,1,
05,5,70,008,2019,05,16,2,3,5,3,0,1,1,0,0,0,0,433852.806004662070000,5734593.735534912000000,8.041607012000043,51.758327014000031,0,
05,5,66,024,2019,05,15,2,3,5,3,0,1,1,0,0,0,0,386006.768054694870000,5775102.440955082000000,7.335199198000055,52.114696507000076,0,
05,5,58,004,2019,05,16,2,3,5,3,0,0,1,0,0,0,0,403575.728394577280000,5738863.223041534400000,7.601861685000074,51.792309519000071,0,
05,5,15,000,2019,05,16,2,3,4,7,0,1,0,0,0,0,0,404961.892911605540000,5758232.464269986400000,7.616620438000041,51.966647773000034,0,
05,5,15,000,2019,05,14,2,2,0,6,0,0,0,0,0,0,1,405408.561489660290000,5756039.921599810900000,7.623723806000044,51.947016450000035,0,
05,5,15,000,2019,05,09,2,3,5,3,0,1,1,0,0,0,0,407095.257172582670000,5760302.452180184400000,7.647103942000058,51.985614483000063,0,
05,5,62,008,2019,05,16,2,3,0,1,0,1,0,0,0,0,0,383319.378425159490000,5723335.722330195800000,7.313474575000043,51.648898041000052,0,
05,5,62,024,2019,05,20,2,3,5,3,0,1,1,0,0,0,0,372859.167560727340000,5725495.105162480800000,7.161575615000061,51.666036114000065,0,
05,5,62,020,2019,05,07,2,3,5,3,0,1,1,0,0,0,0,371007.651999999770000,5718124.982999999100000,7.137533812000072,51.599380597000049,0,
05,5,62,032,2019,05,08,2,3,0,7,0,0,1,0,0,0,1,375499.762000000100000,5719646.737999999900000,7.201818135000053,51.614067688000034,0,
05,5,13,000,2019,05,19,2,3,5,3,0,0,1,0,0,0,0,365139.198752439580000,5718755.653692428000000,7.052610733000051,51.603673535000041,0,
05,5,66,056,2019,05,15,1,3,1,6,0,0,1,0,0,0,0,417301.099791163580000,5793105.328695176200000,7.787707074000025,52.282084559000054,0,
05,5,66,028,2019,05,10,1,3,5,2,0,1,0,0,0,0,0,411055.219278819860000,5792461.936721244800000,7.696342504000029,52.275326376000066,0,
05,5,66,028,2019,05,01,1,3,9,1,2,0,1,0,0,0,0,410807.273226239720000,5788329.963897258000000,7.693801054000062,52.238147106000042,0,
05,5,62,032,2019,05,00,1,2,2,6,2,0,1,0,0,0,0,376220.661626401360000,5715950.185201345000000,7.213529068000071,51.581005004000076,1,
05,5,13,000,2019,05,03,1,2,2,2,2,0,1,0,0,0,0,370216.065569595430000,5710648.129389088600000,7.128871997000033,51.532005613000081,0,
05,5,12,000,2019,05,21,4,3,5,2,2,0,1,0,0,0,0,360125.455454508770000,5709857.886406747600000,6.983800331000055,51.522494832000064,1,
05,5,62,014,2019,05,20,7,2,3,3,0,0,1,0,0,0,0,359736.358894347210000,5713452.259041868200000,6.976763299000027,51.554697590000046,0,
05,5,62,032,2019,05,07,4,2,5,2,0,0,1,0,0,0,0,376013.780097937210000,5716828.913639813700000,7.210234429000025,51.588856845000066,0,
05,5,70,004,2019,05,14,6,3,2,6,0,0,1,0,0,0,0,423867.332959339020000,5736444.664902545500000,7.896550938000075,51.773697760000061,0,
05,5,58,044,2019,05,18,6,3,2,6,0,0,1,0,0,0,0,396122.843546488320000,5745803.524192150700000,7.491752680000047,51.853355375000035,0,
05,5,58,024,2019,05,07,6,3,0,3,0,1,0,0,0,0,0,392143.716000001880000,5736406.298000000400000,7.436925599000062,51.768139353000038,0,
05,5,58,020,2019,05,16,6,3,4,6,0,0,0,0,0,1,0,393393.923257350920000,5761536.943596931200000,7.447272897000062,51.994249359000037,0,
05,5,58,032,2019,05,17,6,3,8,6,0,0,1,0,1,0,0,385075.888224642720000,5756434.274467412400000,7.327881955000066,51.946731797000041,0,
05,5,54,068,2019,05,08,6,1,5,3,0,0,1,0,0,0,0,355072.076239273880000,5774119.051453985300000,6.884133465000048,52.098619725000049,1,
05,5,54,044,2019,05,07,6,3,5,3,0,1,1,0,0,0,0,368735.031275960620000,5744955.939257798700000,7.094628957000055,51.839970329000039,1,
05,5,54,032,2019,05,14,6,2,5,3,0,0,1,0,0,0,0,321103.689000000250000,5748492.297000000300000,6.402073443000063,51.858510143000046,0,
05,5,62,036,2019,05,12,6,3,2,6,0,0,1,0,0,0,0,388619.861611088740000,5720324.297948863400000,7.391013775000033,51.622906505000060,0,
05,5,62,008,2019,05,20,6,3,2,2,0,0,1,0,0,0,0,382574.717603498140000,5721019.397835021800000,7.303493351000043,51.627924886000073,1,
05,5,12,000,2019,05,14,6,3,1,5,0,0,1,0,0,0,1,353737.514084520750000,5711112.410626750400000,6.891267060000075,51.532149420000053,1,
05,5,62,014,2019,05,18,6,2,5,2,0,0,1,0,0,0,0,360809.166000000200000,5716334.951000003100000,6.991085982000072,51.580867442000056,1,
05,5,62,032,2019,05,13,6,2,2,2,0,0,1,0,0,0,0,372420.037000000480000,5721879.953000001600000,7.156548144000055,51.633447803000081,0,
05,5,70,020,2019,05,17,5,3,4,2,0,0,1,0,0,0,1,432744.712000001220000,5742516.303999999500000,8.024018177000073,51.829418698000040,0,
05,5,70,008,2019,05,10,5,3,3,6,0,0,1,0,0,0,0,433942.093269071540000,5735288.824365099900000,8.042768335000062,51.764586450000081,0,
05,5,70,004,2019,05,16,5,3,2,6,0,0,1,0,0,0,0,422539.401205813510000,5732070.716983083600000,7.878282806000073,51.734195467000063,0,
05,5,66,004,2019,05,19,5,3,5,3,0,0,1,0,1,0,0,392214.797771415670000,5771401.834913317100000,7.426996176000046,52.082682615000067,0,
05,5,58,024,2019,05,15,5,3,5,2,0,1,1,0,0,0,0,392631.262397112320000,5736362.435798574200000,7.444001958000058,51.767838836000067,0,
05,5,54,028,2019,05,21,5,3,3,3,1,0,1,0,0,0,0,356922.416000000200000,5742820.259000001500000,6.924162682000031,51.817879161000064,0,
05,5,15,000,2019,05,18,5,3,5,3,0,1,1,0,0,0,0,405509.892000000920000,5751883.525000000400000,7.626338932000067,51.909673984000051,0,
05,5,15,000,2019,05,08,5,3,2,6,0,0,1,0,0,0,0,403406.579416709950000,5759876.973369771600000,7.593525707000026,51.981161009000061,0,
05,5,13,000,2019,05,18,5,2,6,4,0,0,1,1,0,0,0,364902.534005392340000,5718796.747222153500000,7.049179596000045,51.603986092000071,0,
05,5,12,000,2019,05,17,5,3,2,6,0,0,1,0,0,0,0,355379.735262068920000,5712965.415071034800000,6.914165371000024,51.549222998000062,0,
05,5,70,028,2019,05,14,4,3,5,2,0,1,1,0,0,0,0,441119.208999999800000,5743465.792000001300000,8.145368318000067,51.838900350000074,0,
05,5,70,008,2019,05,09,4,2,5,2,0,0,1,0,0,0,0,433942.020418350580000,5735289.051898857600000,8.042767236000032,51.764588487000026,0,
05,5,70,008,2019,05,11,4,2,5,3,0,0,1,0,0,0,0,433972.434363961220000,5735106.828487673800000,8.043242524000050,51.762953874000061,0,
05,5,70,016,2019,05,16,4,3,3,2,0,0,1,0,1,0,0,413474.614694070070000,5741153.686941199000000,7.744783114000029,51.814517632000047,1,
05,5,70,036,2019,05,16,4,3,4,2,0,0,1,0,0,0,0,434237.525000000370000,5766752.481600003300000,8.041043536000075,52.047474796000074,1,
05,5,66,028,2019,05,19,4,3,9,7,0,0,1,0,0,0,0,413300.447268596850000,5796759.086710594600000,7.728135727000051,52.314309078000065,1,
05,5,66,028,2019,05,15,4,3,9,1,0,0,1,0,0,0,0,415809.318404623310000,5793370.490319300400000,7.765778099000045,52.284241465000036,0,
05,5,54,004,2019,05,11,4,2,5,2,0,1,0,0,0,1,0,361851.287507662550000,5770642.363684473600000,6.984446502000026,52.069114993000028,0,
05,5,54,048,2019,05,17,4,3,2,2,0,0,1,0,0,0,0,342235.165595461610000,5743862.879418790300000,6.710773141000061,51.823293501000080,0,
05,5,54,032,2019,05,16,4,3,8,1,0,1,0,0,0,0,0,328783.223175330090000,5744397.649197127700000,6.515506259000063,51.824137808000046,0,
05,5,15,000,2019,05,09,4,3,5,2,0,1,1,0,0,0,0,405774.000615568830000,5758000.243291594100000,7.628501566000068,51.964698724000073,0,
05,5,15,000,2019,05,18,4,3,0,3,0,1,1,0,0,0,0,406625.066000000570000,5757653.318000000000000,7.640979717000050,51.961723994000067,0,
05,5,15,000,2019,05,19,4,3,6,1,0,0,0,1,1,0,0,401318.174000000580000,5748333.690999997800000,7.566437386000075,51.877040160000035,1,
05,5,15,000,2019,05,17,4,3,5,3,1,1,1,0,1,0,0,407255.182572051880000,5756889.386580428100000,7.650354198000059,51.954962847000047,1,
05,5,15,000,2019,05,15,4,3,3,6,0,1,1,0,0,0,0,405478.056977874600000,5754988.226697726200000,7.625023733000035,51.937575151000033,1,
05,5,15,000,2019,05,14,4,3,5,3,0,0,0,0,1,0,0,407900.576000001280000,5760301.456000002100000,7.658827922000057,51.985739632000048,0,
05,5,62,008,2019,05,12,4,3,5,7,0,1,1,0,0,0,0,383604.561328325420000,5723388.920844916300000,7.317577046000054,51.649435281000081,0,
05,5,62,012,2019,05,18,3,2,5,3,0,1,1,0,0,0,0,359323.341000000950000,5724205.040000001000000,6.966496562000032,51.651218308000068,0,
05,5,62,032,2019,05,15,3,3,2,1,0,0,1,0,0,0,1,373354.220521633510000,5722341.812275186200000,7.169871973000056,51.637809584000081,0,
05,5,66,064,2019,05,06,3,3,2,6,0,0,1,0,0,1,0,397545.166481708180000,5771333.709164636200000,7.504777968000042,52.083082518000026,0,
05,5,62,032,2019,05,15,3,1,9,7,0,0,1,0,0,0,0,373129.035276969890000,5721474.723788358300000,7.166933912000047,51.629966386000035,0,
05,5,70,008,2019,05,07,2,3,0,7,0,1,0,0,0,0,0,434281.189445554280000,5734204.788661353300000,8.047886387000062,51.754880783000033,0,
05,5,62,032,2019,05,19,3,2,6,4,0,0,1,1,0,0,0,375411.894283897240000,5719478.293048450700000,7.200609595000060,51.612534415000027,0,
05,5,70,040,2019,05,18,2,3,5,3,0,0,1,0,0,0,0,413033.374828044330000,5745116.620704542800000,7.737387817000069,51.850072089000037,0,
05,5,70,012,2019,05,17,2,3,4,6,0,0,1,0,0,0,1,441403.770993586630000,5750208.946230804500000,8.148353827000051,51.899552364000044,0,
05,5,66,076,2019,05,16,2,3,2,6,0,0,1,0,0,0,0,392668.719320035540000,5794173.580949032700000,7.426408654000056,52.287427239000067,0,
05,5,58,024,2019,05,15,3,3,5,3,0,1,0,0,0,0,1,392212.565928064290000,5736467.293336017100000,7.437904058000072,51.768700838000029,0,
05,5,66,076,2019,05,08,2,3,5,2,0,1,1,0,0,0,0,392667.867000000550000,5793214.147000003600000,7.426701656000034,52.278804514000058,0,
05,5,58,024,2019,05,08,2,3,3,2,0,1,1,0,0,0,0,393148.401123176330000,5736752.929765723600000,7.451373288000070,51.771447545000058,0,
05,5,54,004,2019,05,17,2,2,8,1,0,0,1,0,0,0,0,361913.539061395450000,5769830.008403090800000,6.985682683000050,52.061831263000045,0,
05,5,15,000,2019,05,18,2,3,3,6,0,1,0,0,0,0,0,404826.681127021090000,5758354.776018733200000,7.614619007000044,51.967724024000063,0,
05,5,15,000,2019,05,18,2,2,0,1,0,1,0,0,0,0,0,403999.397360404950000,5758107.933168496900000,7.602649601000053,51.965363056000058,0,
05,5,15,000,2019,05,09,2,3,1,1,0,1,1,0,0,0,0,406813.805084995930000,5757689.307136736800000,7.643716112000050,51.962079149000033,0,
05,5,62,036,2019,05,16,2,2,2,2,0,0,1,0,0,0,1,388686.396225329490000,5718106.133565636400000,7.392679006000037,51.602982784000062,0,
05,5,62,004,2019,05,14,2,3,2,6,0,0,1,0,0,0,0,383446.014768335040000,5719522.411272553700000,7.316573637000033,51.614651651000031,0,
05,5,62,020,2019,05,15,2,2,5,2,0,1,1,0,0,0,0,371121.489312858320000,5718043.819476289700000,7.139206347000027,51.598677253000062,0,
05,5,62,032,2019,05,13,2,3,2,6,0,0,1,0,0,0,0,375775.925984624770000,5713931.024757478400000,7.207827651000059,51.562760531000038,0,
05,5,62,032,2019,05,16,2,2,2,2,0,0,1,0,0,0,0,377616.568814008500000,5720636.285339769000000,7.232030150000071,51.623425185000031,0,
05,5,13,000,2019,05,17,2,3,5,3,0,1,1,0,0,0,0,364417.566439576450000,5716489.020272983200000,7.043072692000067,51.583131543000036,0,
05,5,13,000,2019,05,12,2,3,0,7,0,0,1,0,0,0,1,362994.360982707700000,5711340.016973305500000,7.024550449000060,51.536516969000047,0,
05,5,66,080,2019,05,20,3,3,8,1,0,0,1,0,0,0,0,408793.989167900760000,5784077.617361623800000,7.665472004000037,52.199596375000056,0,
05,5,15,000,2019,05,16,3,3,5,3,0,1,1,0,0,0,0,405194.139560702260000,5750111.041441345600000,7.622237631000076,51.893688350000048,0,
05,5,13,000,2019,05,16,3,3,6,7,0,0,1,1,0,0,0,368956.969872992490000,5710873.164741713600000,7.110646115000066,51.533737127000052,0,
05,5,70,008,2019,05,17,4,2,0,7,0,0,1,0,0,0,1,434855.960154174830000,5737591.518461693100000,8.055576982000048,51.785394937000035,0,
05,5,62,032,2019,05,16,3,3,5,5,0,0,1,0,0,0,1,376189.125000686380000,5715523.344415323800000,7.213224633000039,51.577161961000058,0,
05,5,13,000,2019,05,17,2,3,2,6,0,0,1,0,0,0,0,368718.685980791230000,5711247.899032395300000,7.107072866000067,51.537049416000059,0,
05,5,66,048,2019,05,15,2,2,2,6,0,0,1,0,0,1,0,426035.074743281120000,5789832.959516758100000,7.916430573000071,52.253914228000042,0,
05,5,66,008,2019,05,16,3,3,5,2,0,1,1,0,0,0,0,398980.264412261550000,5781279.055158175500000,7.522760572000038,52.172732819000032,0,
05,5,66,028,2019,05,20,1,3,5,3,0,0,1,0,0,0,0,417943.110786095260000,5789548.324270738300000,7.797981184000037,52.250208406000070,0,
05,5,66,052,2019,05,00,1,2,9,1,2,0,0,0,1,0,0,376110.950342074970000,5778817.218463581100000,7.189398751000056,52.145950020000043,0,
05,5,58,016,2019,05,14,1,3,5,3,0,0,1,0,0,0,0,380480.685345930050000,5744676.261494096400000,7.265130620000036,51.840094396000040,0,
05,5,54,016,2019,05,15,1,2,5,3,0,0,1,0,0,0,0,366861.916013841520000,5759072.053428016600000,7.062003517000051,51.966373938000061,0,
05,5,15,000,2019,05,14,1,3,2,6,0,0,1,0,1,0,0,403079.517331686800000,5758128.127794059000000,7.589258823000023,51.965384953000068,0,
05,5,62,032,2019,05,18,1,3,5,3,0,0,1,0,0,0,0,377528.162999998780000,5720593.775000002200000,7.230768544000057,51.623023901000067,0,
05,5,66,012,2019,05,13,3,2,5,3,0,0,0,0,1,1,0,403708.269130283970000,5772292.453976316400000,7.594421063000027,52.092806208000070,0,
05,5,15,000,2019,05,16,3,3,2,7,0,0,1,0,0,0,0,404671.685144227000000,5759851.352267246700000,7.611947853000061,51.981149227000060,0,
05,5,62,032,2019,05,12,3,2,3,7,0,0,1,0,0,0,0,374981.238699606620000,5719528.281727522600000,7.194375249000075,51.612888197000075,0,
05,5,70,032,2019,05,18,7,2,5,3,0,0,1,0,1,0,0,421192.388000001200000,5766625.052000002900000,7.850885096000070,52.044628049000039,0,
05,5,70,012,2019,05,22,7,3,6,7,2,0,1,1,0,0,0,439420.092944526110000,5753606.658347388700000,8.118928699000037,51.929885742000067,0,
05,5,66,028,2019,05,20,7,2,4,1,0,0,1,0,1,0,0,414533.271000001580000,5792749.023000000000000,7.747233820000076,52.278458526000065,0,
05,5,66,008,2019,05,16,7,3,5,3,0,1,1,0,0,0,0,400813.794150221160000,5779731.866800155500000,7.550015545000065,52.159159593000027,0,
05,5,58,032,2019,05,19,7,3,2,6,0,0,1,0,0,0,0,389846.381000000980000,5752248.605000000400000,7.398601309000071,51.910077987000079,0,
05,5,58,016,2019,05,15,7,3,5,3,0,1,1,0,0,0,0,389998.060869120990000,5744035.543210115300000,7.403422361000025,51.836291807000066,0,
05,5,54,020,2019,05,22,7,2,0,3,2,1,0,0,0,0,0,365257.551999374290000,5786246.888607766500000,7.027925684000024,52.210167481000042,0,
05,5,54,060,2019,05,04,7,3,0,3,2,0,1,0,0,0,0,351844.434545404280000,5755194.045278687000000,6.845234605000030,51.927732231000050,0,
05,5,15,000,2019,05,13,7,3,3,6,0,1,0,0,0,0,0,404248.748985987160000,5754425.217753531400000,7.607303823000052,51.932304428000066,0,
05,5,15,000,2019,05,17,7,3,3,6,0,1,0,0,0,0,0,406314.768782553260000,5757374.924500554800000,7.636540824000065,51.959169461000045,0,
05,5,15,000,2019,05,13,7,3,1,6,0,0,1,0,0,0,0,405599.239616731180000,5757051.108734814500000,7.626219489000050,51.956137843000079,0,
05,5,15,000,2019,05,10,7,3,2,6,0,0,1,0,0,0,0,406727.811065007930000,5756715.196535669300000,7.642729360000033,51.953308937000031,0,
05,5,12,000,2019,05,20,7,3,2,6,0,0,1,0,0,0,0,360156.584542551080000,5712236.074908569500000,6.983304256000054,51.543873191000046,0,
05,5,62,014,2019,05,10,7,3,5,3,0,1,1,0,0,0,0,362148.072898410260000,5712602.257855979700000,7.011861507000049,51.547653753000077,0,
05,5,13,000,2019,05,12,7,3,2,6,0,0,1,0,0,0,0,365491.171011884700000,5714338.585516143600000,7.059382322000033,51.564064030000054,0,
05,5,66,004,2019,05,17,3,3,2,6,0,0,1,0,0,0,0,393691.841000000010000,5767121.570000004000000,7.449876045000053,52.044499075000033,0,
05,5,58,012,2019,05,11,5,3,1,5,0,0,1,0,0,0,0,374522.682989200580000,5753375.508085930700000,7.175531445000047,51.916964024000038,0,
05,5,62,020,2019,05,09,5,3,6,4,0,0,1,1,0,0,0,370269.065037583000000,5720218.087460072700000,7.126101250000033,51.618021169000031,0,
05,5,54,016,2019,05,11,6,3,1,3,0,1,1,0,0,0,0,363879.408471710980000,5756911.117213200800000,7.019473093000045,51.946234254000046,1,
05,5,62,014,2019,05,15,5,3,2,6,0,0,1,0,0,1,0,358999.037179851900000,5713282.673462238200000,6.966202962000068,51.552989900000057,0,
05,5,58,016,2019,05,10,5,3,5,2,0,0,1,0,1,0,0,380870.869000000880000,5742953.923000000400000,7.271384396000030,51.824698910000052,0,
05,5,70,044,2019,05,17,6,3,2,6,0,1,0,0,0,0,0,415970.014588367190000,5759565.211190100800000,7.776486858000055,51.980400894000070,0,
05,5,70,052,2019,05,10,5,2,2,6,0,0,1,0,0,0,0,430182.254000000660000,5756118.708000004300000,7.984085278000066,51.951386049000064,0,
05,5,70,020,2019,05,16,4,3,5,6,0,1,1,0,0,0,0,429003.202282273210000,5746370.408747850000000,7.968940728000064,51.863603079000029,0,
05,5,70,028,2019,05,17,4,3,5,2,0,0,1,0,0,0,0,440287.038565952330000,5739850.451003110000000,8.133914689000051,51.806309334000048,0,
05,5,62,032,2019,05,10,5,3,5,3,0,1,0,0,0,0,1,375189.382142315620000,5719958.148900900000000,7.197226734000026,51.616797639000026,0,
05,5,62,014,2019,05,11,6,3,0,1,0,1,0,0,0,0,0,359922.891964078880000,5716673.142570806700000,6.978168192000055,51.583686865000061,0,
05,5,70,024,2019,05,16,4,3,2,6,0,0,1,0,0,0,0,416738.535000002010000,5749522.006999999300000,7.790105111000059,51.890237759000058,0,
05,5,66,020,2019,05,16,4,2,4,1,0,0,1,0,0,0,0,404612.383100848640000,5804134.204297125300000,7.598628279000025,52.379153968000026,0,
05,5,66,092,2019,05,15,4,3,5,3,0,1,1,0,0,0,0,424261.191000000570000,5796533.409000001800000,7.888943173000030,52.313902117000055,0,
05,5,66,092,2019,05,14,4,2,5,3,0,0,1,0,0,0,1,425261.373481133950000,5796719.608570950100000,7.903571138000075,52.315712907000034,0,
05,5,66,096,2019,05,10,4,3,0,7,0,0,1,0,0,0,0,384879.099706369450000,5785611.602684160700000,7.315174320000040,52.208906919000071,0,
05,5,58,024,2019,05,20,4,3,5,2,0,0,1,0,0,0,1,394373.442955195900000,5734750.319658339000000,7.469730036000044,51.753680361000079,0,
05,5,58,036,2019,05,15,4,3,5,2,0,1,1,0,0,0,0,389298.979000000280000,5730159.082000002300000,7.397704011000030,51.711435131000030,0,
05,5,15,000,2019,05,19,4,3,5,2,0,0,1,0,0,0,0,406036.879999999890000,5756775.975000001500000,7.632661589000065,51.953738935000047,0,
05,5,15,000,2019,05,14,4,3,3,6,0,1,0,0,0,0,0,405723.703470736740000,5753793.981215216200000,7.628923202000067,51.926882365000040,0,
05,5,15,000,2019,05,14,4,3,2,6,0,0,1,0,0,1,0,408575.257475371470000,5753606.865103762600000,7.670431308000048,51.925676082000052,0,
05,5,62,016,2019,05,11,4,3,0,2,0,1,1,0,0,0,0,374715.720502677370000,5733907.252518527200000,7.185383494000064,51.742052316000070,0,
05,5,62,024,2019,05,15,4,3,2,6,0,0,1,0,0,0,0,367783.191131028350000,5724275.189927920700000,7.088682871000060,51.653901954000048,0,
05,5,62,014,2019,05,19,4,3,5,2,0,0,1,0,0,0,0,361206.181877716440000,5715224.066352052600000,6.997251212000037,51.570982814000047,0,
05,5,62,032,2019,05,00,4,2,8,1,2,0,0,0,1,0,0,377793.677511377260000,5720712.073331227500000,7.234560939000062,51.624144800000067,0,
05,5,13,000,2019,05,15,4,3,5,3,0,1,1,0,0,0,0,366552.027728009040000,5714542.785003691900000,7.074600896000050,51.566151104000028,0,
05,5,66,084,2019,05,08,5,2,5,3,0,0,1,0,1,0,0,391358.732424390500000,5777541.540012843900000,7.412549138000031,52.137694892000070,0,
05,5,15,000,2019,05,08,5,3,1,6,0,0,1,0,0,0,0,406698.447148677890000,5758629.485892502600000,7.641782169000067,51.970510581000042,0,
05,5,54,068,2019,05,14,6,3,1,7,0,0,1,0,0,0,0,352749.995469965970000,5764531.538891637700000,6.854390348000038,52.011867134000056,0,
05,5,70,028,2019,05,08,5,3,5,3,0,0,1,0,0,0,0,445979.885000000710000,5737781.976000001700000,8.216798039000025,51.788291948000051,0,
05,5,58,016,2019,05,16,5,2,5,2,0,0,1,0,0,0,1,376483.117934446780000,5746566.995853330900000,7.206459110000026,51.856216120000056,0,