ULAND,UREGBEZ,UKREIS,UGEMEINDE,UJAHR,UMONAT,USTUNDE,UWOCHENTAG,UKATEGORIE,UART,UTYP1,ULICHTVERH,IstRad,IstPKW,IstFuss,IstKrad,IstGkfz,IstSonstige,LINREFX,LINREFY,XGCSWGS84,YGCSWGS84,STRZUSTAND,UIDENTSTLAE
05,5,70,024,2019,05,16,6,3,5,3,0,0,1,0,1,0,0,418148.785000001080000,5752023.241999998700000,7.809999014000027,51.912930662000065,0,
05,5,62,020,2019,05,07,5,3,2,6,0,0,1,0,0,0,0,367949.225416620260000,5718286.602901756800000,7.093339656000069,51.600124284000060,0,
05,5,54,004,2019,05,15,6,2,5,3,0,1,1,0,0,0,0,357279.099000000390000,5774788.050999999000000,6.916051270000025,52.105204272000037,0,
05,5,15,000,2019,05,18,7,3,5,3,0,1,1,0,0,0,0,404286.967559561130000,5748389.217185268200000,7.609536078000076,51.878056707000042,0,
05,5,15,000,2019,05,14,7,3,0,7,0,1,1,0,0,0,0,407027.454516152850000,5760008.995079783700000,7.646196426000074,51.982965409000030,0,
05,5,62,036,2019,05,15,7,3,5,2,0,1,1,0,0,0,0,389281.188583926300000,5720234.840606426800000,7.400591492000046,51.622232962000055,0,
05,5,62,008,2019,05,22,7,3,0,1,2,1,0,0,0,0,0,384832.593578252010000,5722590.138477399900000,7.335582343000056,51.642508956000029,0,
05,5,62,004,2019,05,14,7,2,6,4,0,0,1,1,0,0,0,382696.421123314650000,5712606.741127984600000,7.308062730000074,51.552340188000073,0,
05,5,62,016,2019,05,11,7,3,1,5,0,1,0,0,1,0,0,380067.099935490640000,5730873.265229724300000,7.263898774000040,51.715956027000061,0,
05,5,62,020,2019,05,18,7,3,2,6,0,0,1,0,0,0,0,371076.995789075270000,5717657.811920536700000,7.138706152000054,51.595198087000028,0,
05,5,66,076,2019,05,17,5,2,8,1,0,0,1,0,0,0,0,396778.776709104890000,5788836.016960725200000,7.488275887000043,52.240243702000043,0,
05,5,62,032,2019,05,14,6,3,1,6,0,0,1,0,0,0,0,373570.365266533570000,5720579.514999270400000,7.173630032000062,51.622020525000039,0,
05,5,15,000,2019,05,14,5,3,5,3,0,1,1,0,0,0,0,411139.644916796130000,5758907.076996818200000,7.706343856000046,51.973733576000029,0,
05,5,66,008,2019,05,17,6,3,1,5,0,1,0,1,0,0,0,400184.651602724570000,5780833.345521388600000,7.540497548000076,52.168946058000074,0,
05,5,54,008,2019,05,15,3,3,1,6,0,0,1,0,0,0,0,334040.959453566930000,5745575.238027641500000,6.591161759000045,51.836302685000078,0,
05,5,54,008,2019,05,14,3,3,3,2,0,1,0,0,1,0,0,333709.219028921800000,5746710.429462343500000,6.585805566000033,51.846401689000061,0,
05,5,62,032,2019,05,16,3,3,3,6,0,0,1,0,0,1,0,374771.723000000230000,5714843.748999999800000,7.193022566000025,51.570741236000060,1,
05,5,15,000,2019,05,07,3,3,6,7,0,0,1,1,0,0,0,405395.613915463910000,5755469.442048002000000,7.623692459000040,51.941886523000051,0,
05,5,15,000,2019,05,07,3,3,2,6,0,0,1,0,0,0,0,405149.329000000840000,5756815.274000000200000,7.619739252000045,51.953941504000056,1,
05,5,15,000,2019,05,12,3,3,6,2,0,0,1,1,0,0,0,408958.081670996730000,5756245.080438775900000,7.675298681000072,51.949452816000075,1,
05,5,15,000,2019,05,08,3,3,3,6,0,1,0,0,0,0,0,406108.837209182790000,5758994.276768522300000,7.633101895000038,51.973690192000049,1,
05,5,15,000,2019,05,09,3,3,2,6,0,0,1,0,0,0,0,405568.236999999730000,5761274.649000002100000,7.624606326000048,51.994095474000062,0,
05,5,62,004,2019,05,17,3,2,0,1,0,1,0,0,0,0,0,383633.333614613860000,5717117.731727676500000,7.320075855000027,51.593077873000027,1,
05,5,62,016,2019,05,07,3,3,8,1,0,0,1,0,0,0,0,375384.501000000160000,5741198.975000001500000,7.192447971000036,51.807730925000044,0,
05,5,62,012,2019,05,18,3,2,4,2,0,0,1,0,0,0,0,363152.738000001760000,5727780.265000002500000,7.020414718000041,51.684290800000042,1,
05,5,62,024,2019,05,13,3,3,2,6,0,0,1,0,0,0,1,363875.216275965790000,5724505.874206112700000,7.032135029000074,51.655042218000062,1,
05,5,62,032,2019,05,04,3,3,0,7,2,1,0,0,0,0,0,375262.622000001370000,5720961.606000002500000,7.197926759000040,51.625832033000052,0,
05,5,62,032,2019,05,16,3,2,5,3,0,1,1,0,0,0,0,376006.297924605200000,5720933.603936106000000,7.208674841000061,51.625744737000048,1,
05,5,70,028,2019,05,06,3,3,8,1,0,0,1,0,0,0,0,440344.268633176570000,5740025.665516570200000,8.134714498000051,51.807890663000080,1,
05,5,70,020,2019,05,12,2,2,8,1,0,0,1,0,0,0,0,431628.244146304210000,5743034.476334981600000,8.007716665000032,51.833941458000027,0,
05,5,66,028,2019,05,07,2,3,5,3,0,1,1,0,0,0,0,411938.792990120130000,5792075.207231195600000,7.709390378000023,52.271992594000039,0,
05,5,66,008,2019,05,17,2,3,2,6,0,0,1,0,0,0,1,399300.475686584600000,5779398.913817720500000,7.527999213000044,52.155893135000042,0,
05,5,54,068,2019,05,02,2,2,4,6,2,1,0,0,0,1,0,351703.476327145470000,5766472.989145424200000,6.838311955000052,52.029031519000057,0,
05,5,54,016,2019,05,16,2,3,4,2,0,0,1,0,0,0,0,363124.519319882620000,5758177.548577306800000,7.007992397000066,51.957428677000053,0,
05,5,15,000,2019,05,11,2,2,3,2,0,1,1,0,0,0,0,405409.101000001650000,5755469.404000002900000,7.623888619000070,51.941888474000052,0,
05,5,15,000,2019,05,08,2,3,1,5,0,0,1,0,0,0,0,406323.870560840700000,5756678.843500752000000,7.636863036000023,51.952914286000066,0,
05,5,15,000,2019,05,18,2,3,3,2,0,1,0,0,0,0,1,405948.493147126400000,5756805.316420003800000,7.631367761000035,51.953987728000072,0,
05,5,15,000,2019,05,12,2,2,4,6,0,1,0,0,0,0,0,404927.991997266190000,5758241.934403348700000,7.616124508000041,51.966727097000046,0,
05,5,62,008,2019,05,07,2,3,5,3,0,0,1,0,0,0,0,386024.036304895770000,5724063.831965936300000,7.352313312000035,51.655996922000043,0,
05,5,62,008,2019,05,07,2,3,2,6,0,0,1,0,0,0,0,383773.050641219130000,5720310.531985661000000,7.321033502000034,51.621802648000028,0,
05,5,62,004,2019,05,10,2,3,7,6,0,1,1,0,0,0,0,382713.168678520250000,5711222.997013714200000,7.308765447000042,51.539906945000041,0,
05,5,62,024,2019,05,12,2,3,5,3,0,0,1,0,1,0,0,371461.351000000720000,5725625.482000002600000,7.141326975000027,51.666889760000061,0,
05,5,12,000,2019,05,17,2,3,5,3,0,0,1,0,0,0,0,357034.894212094140000,5709681.145115755500000,6.939354292000076,51.520132829000033,0,
05,5,13,000,2019,05,08,2,3,2,6,0,0,1,0,0,0,1,366074.859228149060000,5711785.697324523700000,7.068770346000065,51.541261332000033,0,
05,5,62,024,2019,05,09,2,3,2,6,0,0,1,0,0,0,0,364871.942783457230000,5724351.991650482600000,7.046594451000033,51.653899870000032,0,
05,5,70,028,2019,05,15,1,3,5,3,0,1,1,0,0,0,0,441060.249145629820000,5741527.746127203100000,8.144842704000041,51.821470678000026,0,
05,5,58,024,2019,05,18,1,3,5,3,0,0,1,0,0,0,0,390976.475072421130000,5736125.832514194800000,7.420104638000055,51.765392469000062,0,
05,5,58,024,2019,05,18,1,2,8,1,0,0,0,0,1,0,0,389560.562650549230000,5733109.215159831600000,7.400552973000060,51.738002124000047,1,
05,5,54,004,2019,05,16,1,2,9,7,0,1,0,0,0,0,0,362146.988771234640000,5774377.796454159500000,6.987247794000041,52.102752570000064,0,
05,5,54,004,2019,05,09,1,3,2,6,0,0,1,0,0,0,1,364456.257600543090000,5766328.149632155900000,7.024138847000074,52.030993115000058,0,
05,5,15,000,2019,05,19,1,3,8,1,0,0,1,0,0,0,0,396946.120261829350000,5756417.819998256900000,7.500528300000042,51.948909652000054,1,
05,5,15,000,2019,05,16,1,2,5,3,0,1,1,0,0,0,0,405763.800684041340000,5756906.095798520400000,7.628653318000033,51.954862313000035,0,
05,5,15,000,2019,05,12,1,3,6,1,0,0,0,1,1,0,0,407010.414487639440000,5751292.863759171200000,7.648305755000024,51.904617295000037,0,
05,5,62,004,2019,05,03,1,2,8,5,2,0,1,0,1,0,0,382695.850679611790000,5714328.541113613200000,7.307479999000066,51.567815108000048,0,
05,5,12,000,2019,05,14,1,2,5,3,0,0,1,0,0,0,0,358366.019117787480000,5720863.452989455300000,6.954019883000058,51.620951201000082,0,
05,5,12,000,2019,05,15,1,3,5,3,0,1,1,0,0,0,0,357489.980054496790000,5719452.916900899300000,6.941947337000045,51.608055351000075,0,
05,5,62,032,2019,05,20,1,3,4,6,1,0,1,0,0,0,0,378526.903588688930000,5718069.329792771500000,7.246063927000023,51.600552330000028,0,
05,5,13,000,2019,05,16,1,3,2,6,0,0,1,0,0,0,0,368602.973000002090000,5712668.673999998700000,7.104874904000042,51.549790628000039,0,
05,5,62,004,2019,05,15,4,3,9,7,0,0,1,0,0,0,0,380255.954494051640000,5713338.699986664600000,7.272630268000057,51.558406012000034,0,
05,5,62,016,2019,05,13,4,3,2,6,0,0,1,0,0,1,0,374046.046138131060000,5736521.794579308500000,7.174741982000057,51.765398493000077,0,
05,5,62,024,2019,05,07,4,3,2,6,0,0,1,0,0,0,0,369944.974742221650000,5726757.523758620000000,7.118991296000047,51.676714051000033,0,
05,5,13,000,2019,05,00,1,3,9,7,2,0,1,0,0,0,0,367114.440910260190000,5710794.921932201800000,7.084126274000028,51.532603309000081,0,
05,5,70,028,2019,05,02,7,3,5,3,2,1,1,0,0,0,0,441469.387940187940000,5742620.024961728600000,8.150593505000074,51.831333532000031,0,
05,5,70,028,2019,05,22,7,3,0,1,2,1,0,0,0,0,0,441114.271132060330000,5743166.745476113600000,8.145347560000062,51.836211340000034,0,
05,5,70,028,2019,05,18,7,3,5,3,0,1,1,0,0,0,0,441532.476856485940000,5742443.716192644100000,8.151538740000035,51.829755083000066,0,
05,5,70,048,2019,05,15,3,3,8,1,0,0,1,0,0,0,0,449356.362835988400000,5728126.796307025500000,8.267152842000030,51.701801840000030,1,
05,5,70,052,2019,05,14,7,3,5,3,0,0,1,0,0,0,0,427897.456447926350000,5759865.064420770900000,7.950058446000071,51.984772398000075,0,
05,5,66,072,2019,05,17,3,3,1,6,0,0,1,0,1,0,0,412762.659952818420000,5802680.707189619500000,7.718710893000036,52.367448527000079,0,
05,5,66,040,2019,05,12,7,3,4,1,0,0,1,0,0,0,0,424819.624821118080000,5780199.985924221600000,7.900767470000062,52.167158910000069,0,
05,5,58,024,2019,05,13,7,3,2,6,0,0,1,0,0,0,0,392999.119244661180000,5736378.612162411200000,7.449325882000039,51.768054657000050,0,
05,5,66,092,2019,05,09,3,3,8,1,0,0,1,0,0,0,0,422518.468999999580000,5794639.414000004500000,7.863819488000047,52.296634337000057,1,
05,5,58,024,2019,05,16,7,3,0,1,0,1,0,0,0,0,0,394156.989038548430000,5738813.693227822000000,7.465356911000072,51.790161442000056,0,
05,5,58,012,2019,05,08,3,2,2,6,0,0,1,0,0,0,0,369768.001000000160000,5752239.587000001200000,7.106866747000026,51.905664853000076,1,
05,5,54,064,2019,05,05,7,3,0,3,0,0,1,0,0,0,0,361058.276735086930000,5751189.652295731000000,6.980762234000054,51.894126695000068,0,
05,5,54,028,2019,05,19,3,2,5,3,0,0,1,0,0,0,0,356260.603000001980000,5743546.988000001800000,6.914266000000055,51.824239201000069,1,
05,5,54,012,2019,05,06,7,3,9,1,1,0,1,0,0,0,0,347304.720783684400000,5752892.755233511300000,6.780282351000039,51.905830060000028,1,
05,5,54,048,2019,05,19,7,3,5,3,0,1,1,0,0,0,0,341272.339000000620000,5743483.743999999000000,6.696988080000040,51.819614703000070,0,
05,5,62,032,2019,05,10,7,2,0,6,0,0,1,0,0,0,0,380166.504555668680000,5717728.755502101000000,7.269842585000049,51.597842673000059,0,
05,5,13,000,2019,05,01,7,2,9,1,2,0,1,0,0,0,0,365210.237153990190000,5713960.889389960100000,7.055476500000054,51.560602808000056,0,
05,5,70,008,2019,05,14,7,3,2,6,0,0,1,0,0,0,0,431531.236997071650000,5735889.464044438700000,8.007720263000067,51.769696546000034,0,
05,5,70,016,2019,05,08,6,2,9,1,0,0,1,0,0,0,0,418265.885860065930000,5734027.947007192300000,7.815951446000042,51.751182971000048,0,
05,5,66,048,2019,05,15,6,2,0,3,0,0,1,0,1,0,0,426588.204199649390000,5793023.910342719400000,7.923837875000061,52.282671644000061,0,
05,5,58,020,2019,05,15,6,3,5,3,0,1,1,0,0,0,0,390234.214984372260000,5759961.446235623200000,7.401774777000071,51.979474076000031,0,
05,5,58,008,2019,05,10,6,2,5,3,0,0,1,0,0,0,0,382915.906718029640000,5760089.144774630700000,7.295223668000062,51.979127826000081,0,
05,5,58,008,2019,05,12,6,2,8,1,0,0,0,0,1,0,0,385120.620465458370000,5765584.235906627000000,7.325467503000027,52.028973029000042,0,
05,5,58,032,2019,05,09,6,3,2,2,0,0,1,0,1,0,0,386559.667000000370000,5754521.463000001400000,7.350091734000046,51.929845305000072,0,
05,5,54,024,2019,05,13,6,3,5,3,0,1,1,0,0,0,0,370210.024000001140000,5777307.284000001800000,7.103784928000039,52.131027003000042,0,
05,5,54,004,2019,05,17,6,3,2,6,0,1,0,0,0,0,0,362795.762000000100000,5771055.376999998500000,6.998050976000059,52.073060827000063,0,
05,5,15,000,2019,05,14,6,3,8,3,0,0,1,0,0,0,0,403409.810999999750000,5766771.245999999300000,7.591628204000074,52.043128844000080,0,
05,5,15,000,2019,05,15,6,3,2,5,0,0,1,0,0,0,0,403431.828000000680000,5758084.497000003200000,7.594397534000052,51.965054099000042,0,
05,5,15,000,2019,05,09,6,3,5,2,0,1,1,0,0,0,0,403051.883909263650000,5758146.527752181500000,7.588851537000039,51.965545519000045,0,
05,5,12,000,2019,05,23,6,2,9,1,2,0,1,0,0,0,0,360591.037907643240000,5709901.832556236500000,6.990489560000071,51.523004850000063,0,
05,5,12,000,2019,05,09,6,3,5,3,0,1,1,0,0,0,0,356562.828000000680000,5709643.318000000000000,6.932570260000034,51.519673243000057,0,
05,5,62,014,2019,05,09,6,3,2,1,0,0,1,0,0,0,0,360215.116000001320000,5715943.180000001600000,6.982673820000059,51.577199960000030,0,
05,5,13,000,2019,05,15,6,3,5,3,0,1,1,0,0,0,0,364912.318042762580000,5714055.515449497800000,7.051144928000042,51.561381884000070,0,
05,5,70,048,2019,05,08,5,3,2,2,0,0,1,0,0,1,0,452179.200918830000000,5731244.774645037900000,8.307569880000074,51.730082439000057,0,
05,5,70,024,2019,05,13,5,2,0,1,0,1,0,0,0,0,0,415093.066874926910000,5752166.303645564200000,7.765548862000060,51.913759174000063,0,
05,5,70,036,2019,05,18,5,3,2,2,0,0,1,0,1,0,0,434276.615000001150000,5761352.057000000000000,8.042650613000035,51.998931424000034,0,
05,5,70,036,2019,05,18,5,3,5,3,0,0,1,0,0,0,0,433923.440999999640000,5760456.019999999600000,8.037679665000042,51.990834403000065,0,
05,5,66,040,2019,05,16,5,3,5,7,0,0,1,0,1,0,0,420636.576000000350000,5781287.831000000200000,7.839364749000026,52.176351710000063,0,
05,5,66,028,2019,05,07,5,3,5,2,0,0,1,0,0,0,0,410335.462000001220000,5792248.620000002900000,7.685852782000040,52.273292131000062,0,
05,5,66,036,2019,05,09,5,2,5,7,0,0,1,0,0,1,0,387159.671776283530000,5768431.016276029900000,7.354236608000065,52.054976146000058,0,
05,5,66,008,2019,05,19,5,3,1,6,0,0,1,0,1,0,0,400929.482109691020000,5779513.035043880300000,7.551770027000032,52.157213541000033,0,
05,5,66,080,2019,05,13,5,3,4,6,0,0,1,0,0,0,0,407819.526632994410000,5781575.305034004200000,7.651898423000034,52.176943061000031,0,
05,5,58,044,2019,05,18,5,3,4,2,0,1,1,0,0,0,0,399128.579863765280000,5742255.808938024600000,7.536413390000064,51.822018877000062,0,
05,5,15,000,2019,05,22,5,2,5,2,2,1,1,0,0,0,0,406938.233911626970000,5756952.467295749100000,7.645726187000037,51.955476900000065,0,
05,5,15,000,2019,05,14,5,3,4,7,0,1,1,0,0,0,0,406238.109000000170000,5757692.811999999000000,7.635338714000056,51.962013861000059,0,
05,5,15,000,2019,05,08,5,3,1,1,0,0,1,0,1,0,0,406810.768411859870000,5755449.498765276700000,7.644279300000051,51.941946095000048,0,
05,5,15,000,2019,05,07,5,3,0,3,0,1,0,0,0,0,0,406307.080417650750000,5758866.550021689400000,7.636021965000055,51.972575585000072,0,
05,5,62,008,2019,05,15,5,3,2,6,0,0,1,0,1,0,0,383649.780104714450000,5721006.578942669600000,7.319022388000064,51.628033012000060,0,
05,5,62,016,2019,05,12,5,2,6,7,0,0,1,1,0,0,0,368479.695286695850000,5731078.098843013900000,7.096182192000072,51.715199556000073,0,
05,5,13,000,2019,05,12,5,3,5,3,0,0,1,1,0,0,0,364720.617291248400000,5715453.181021623300000,7.047843034000039,51.573895921000030,0,
05,5,13,000,2019,05,18,5,3,1,5,0,1,1,0,0,0,0,368980.361268023030000,5706960.810028450600000,7.112437498000077,51.498582947000045,0,
05,5,13,000,2019,05,12,5,3,4,2,0,0,1,0,0,0,0,368697.489304848020000,5707393.601209357400000,7.108203547000073,51.502406729000029,0,
05,5,12,000,2019,05,18,1,3,2,6,0,0,1,0,0,0,0,356343.748928500340000,5714246.716583820100000,6.927535973000033,51.560982713000044,0,
05,5,70,048,2019,05,02,7,2,4,6,2,0,1,0,0,0,0,450568.668140302410000,5726956.455715578000000,8.284860090000052,51.691387737000071,0,
05,5,70,032,2019,05,13,7,3,1,6,0,0,1,0,0,0,0,419874.456864801240000,5764996.089348401900000,7.832053973000029,52.029796315000056,0,
05,5,70,036,2019,05,12,7,3,5,3,0,0,1,0,0,1,0,430868.062991281040000,5760818.614102324500000,7.993116152000027,51.993722053000056,0,
05,5,66,076,2019,05,11,7,2,5,2,0,0,1,0,0,0,0,397018.853912421500000,5795904.944953523600000,7.489632418000042,52.303820088000066,0,
05,5,54,056,2019,05,15,7,3,9,1,0,0,1,0,0,0,0,356972.401809548960000,5764616.605333345000000,6.915835696000045,52.013735618000055,0,
05,5,54,004,2019,05,22,7,2,8,1,2,1,0,0,0,0,0,361289.241919758730000,5773286.282241785900000,6.975176808000072,52.092730710000069,0,
05,5,54,044,2019,05,19,7,3,9,1,0,0,1,0,0,0,0,368088.302927632820000,5745558.543155619900000,7.085017216000040,51.845233040000039,0,
05,5,62,016,2019,05,15,5,3,2,6,0,0,1,0,0,0,0,375429.044057467020000,5741181.665208775600000,7.193099944000039,51.807585292000056,0,
05,5,15,000,2019,05,12,7,2,0,6,0,0,1,0,0,0,0,400813.126943821090000,5753236.881379932200000,7.557692194000026,51.921021735000068,0,
05,5,62,024,2019,05,16,7,3,0,7,0,0,0,0,0,0,1,373572.237000000660000,5725667.647999998200000,7.171818315000053,51.667747630000065,0,
05,5,12,000,2019,05,22,7,1,6,4,1,0,1,1,0,0,0,357225.382564448750000,5713169.383605513700000,6.940683437000075,51.551525845000072,0,
05,5,12,000,2019,05,19,7,3,5,7,0,0,1,0,1,0,0,355398.030881601390000,5715000.723555054500000,6.913592037000058,51.567516304000037,0,
05,5,12,000,2019,05,18,7,3,2,6,0,0,1,0,0,0,0,359494.005789506250000,5720327.038355695100000,6.970518315000049,51.616413760000057,0,
05,5,62,014,2019,05,13,7,3,8,7,0,0,1,0,0,0,0,359256.390279807150000,5717529.244753425900000,6.968211341000028,51.591213690000075,0,
05,5,13,000,2019,05,17,7,3,4,7,0,0,1,0,0,0,1,368656.859404537830000,5716320.342707391800000,7.104286935000062,51.582619637000050,0,
05,5,70,004,2019,05,17,4,2,5,3,0,0,1,0,1,0,0,424858.987660370770000,5735237.492620658100000,7.911182090000068,51.762979666000035,0,
05,5,70,004,2019,05,18,4,3,8,1,0,0,1,0,0,0,0,426026.507822023700000,5741160.969862956600000,7.926833481000074,51.816385442000069,0,
05,5,70,004,2019,05,07,4,3,5,2,0,0,1,0,1,0,0,427143.781000000420000,5740236.179000001400000,7.943233745000043,51.808218609000050,1,
05,5,66,028,2019,05,16,4,3,4,2,0,0,1,0,0,0,0,409865.006547280590000,5788785.410658715300000,7.679884329000061,52.242087280000078,0,
05,5,66,048,2019,05,07,4,3,5,3,0,1,1,0,0,0,0,428147.413126106370000,5799106.541339347100000,7.945391800000039,52.337554228000045,0,
05,5,66,068,2019,05,14,4,3,8,1,0,0,1,0,0,0,0,376146.294580441900000,5785145.629121471200000,7.187604620000059,52.202826277000042,0,
05,5,66,008,2019,05,16,4,3,0,1,0,1,0,0,0,0,0,399309.466047335420000,5779330.535884756600000,7.528150858000061,52.155280211000047,0,
05,5,58,024,2019,05,06,4,2,5,3,0,0,1,0,0,0,0,395572.184084278530000,5737688.764871049700000,7.486206919000040,51.780316399000071,1,
05,5,54,020,2019,05,05,4,3,5,3,1,1,0,0,0,0,1,368053.191000001510000,5784488.245000004800000,7.069502006000050,52.195041574000072,0,
05,5,54,068,2019,05,19,4,3,8,1,0,0,0,0,1,0,0,352238.509403306990000,5765243.295306641600000,6.846635937000031,52.018126036000069,0,
05,5,54,056,2019,05,07,4,3,0,1,0,0,0,0,1,0,0,356364.513942942950000,5760975.667546697000000,6.908509720000041,51.980864935000056,1,
05,5,54,004,2019,05,18,4,3,5,3,0,1,1,0,0,0,0,363046.239955712110000,5772330.414812495900000,7.001191442000049,52.084579504000033,0,
05,5,15,000,2019,05,21,4,3,5,2,1,1,1,0,0,0,0,403066.686997787100000,5760216.966787612100000,7.588482162000048,51.984157760000073,0,
05,5,15,000,2019,05,17,4,3,5,3,0,1,1,0,0,0,0,406305.053000001240000,5756676.910000002000000,7.636589821000030,51.952893736000078,0,
05,5,15,000,2019,05,11,4,3,5,2,0,1,1,0,0,0,0,405020.794000000690000,5758077.995000001000000,7.617520263000074,51.965269410000076,0,
05,5,15,000,2019,05,07,4,3,5,3,0,1,1,0,0,0,0,400571.226943709890000,5756721.005331547900000,7.553168714000037,51.952294553000058,0,
05,5,15,000,2019,05,01,4,2,0,1,2,1,0,0,0,0,0,405503.745591071430000,5758104.569553624800000,7.624540407000040,51.965590579000036,0,
05,5,62,036,2019,05,18,4,3,4,6,0,0,1,0,1,0,0,391308.040592300710000,5722983.681195570200000,7.429005240000038,51.647335040000030,0,
05,5,62,028,2019,05,09,4,3,5,3,0,1,1,0,0,0,0,379886.018000000160000,5722370.905000001200000,7.264203513000041,51.639503871000045,0,
05,5,62,008,2019,05,13,4,3,2,6,0,0,1,0,0,0,0,386011.247335081920000,5724061.467891441700000,7.352129283000068,51.655973080000081,0,
05,5,62,012,2019,05,11,4,3,2,6,0,0,0,0,1,0,0,362015.680308305660000,5737421.296038165700000,7.000156525000023,51.770645956000067,0,
05,5,12,000,2019,05,08,4,3,5,3,0,1,0,0,0,0,0,356089.927000000140000,5709998.167000001300000,6.925613983000062,51.522741562000078,0,
05,5,62,032,2019,05,20,4,3,0,4,0,1,0,1,0,0,0,377492.198848075230000,5718492.497721662700000,7.230983759000026,51.604131345000042,0,
05,5,70,008,2019,05,19,4,3,2,6,0,0,1,0,0,0,1,437608.616435078900000,5739057.924085818200000,8.095214236000061,51.798891902000037,0,
05,5,70,008,2019,05,19,4,3,2,6,0,0,1,0,0,0,1,437154.266403725370000,5738827.200392296500000,8.088668069000050,51.796766788000070,0,
05,5,70,052,2019,05,14,3,3,5,3,0,1,1,0,0,0,0,430858.377559768970000,5757509.375070326000000,7.993641975000060,51.963972105000039,0,
05,5,66,028,2019,05,16,3,2,0,7,0,0,0,0,1,0,0,412171.849879879500000,5792888.955631176000000,7.712593147000064,52.279344057000060,0,
05,5,66,076,2019,05,15,3,3,0,5,0,0,1,0,0,0,0,394329.823022420520000,5793661.518477348600000,7.450913023000055,52.283147138000061,0,
05,5,66,076,2019,05,14,3,3,2,6,0,0,1,0,0,0,0,392960.037511861880000,5793261.585588527800000,7.430967553000073,52.279287821000082,1,
05,5,66,084,2019,05,18,3,2,4,6,1,0,1,0,0,0,0,391560.742999999780000,5782905.734999999400000,7.413786228000049,52.185944022000058,1,
05,5,66,084,2019,05,15,3,3,4,6,0,1,0,0,0,0,0,387054.332486488860000,5779250.633955152700000,7.349113538000040,52.152191372000061,0,
05,5,58,012,2019,05,13,3,3,2,6,0,0,1,0,0,0,0,373211.775913895110000,5754865.754290262200000,7.155932298000039,51.930059088000064,0,
05,5,54,004,2019,05,19,3,3,4,2,0,0,1,0,0,0,0,362750.534548191350000,5771138.505921848100000,6.997358065000071,52.073796563000030,1,
05,5,54,012,2019,05,14,3,3,5,3,0,1,1,0,0,0,0,352954.199000001880000,5747599.678000001200000,6.864601011000048,51.859792123000034,1,
05,5,54,008,2019,05,16,3,3,2,6,0,0,1,0,0,0,1,334105.770362017680000,5745581.275989010900000,6.592098676000035,51.836376178000080,1,
05,5,15,000,2019,05,06,3,3,5,3,0,0,1,0,0,0,0,404681.356091006660000,5759085.896946692800000,7.612301254000045,51.974270703000059,0,
05,5,15,000,2019,05,15,3,3,3,2,0,1,0,0,0,0,0,405373.735515093430000,5755801.829074893100000,7.623282793000044,51.944870446000039,1,
05,5,62,016,2019,05,16,3,3,5,2,0,0,1,0,0,0,0,366519.124692086130000,5729629.172903897200000,7.068374128000073,51.701715969000077,1,
05,5,62,016,2019,05,16,3,3,2,6,0,0,1,0,0,0,0,375080.459744389170000,5733627.007063094500000,7.190764153000032,51.739615212000047,1,
05,5,62,024,2019,05,11,3,2,2,6,0,0,1,0,0,0,0,370898.078552507800000,5725509.280251862500000,7.133229618000030,51.665716353000050,1,
05,5,62,032,2019,05,09,3,3,5,3,0,0,1,0,0,0,0,375522.452185121360000,5720169.760542236300000,7.201959892000048,51.618773171000043,1,
05,5,62,032,2019,05,07,3,3,0,6,0,0,0,0,1,0,0,375747.930000000630000,5720490.116000000400000,7.205101512000056,51.621702067000058,1,
05,5,13,000,2019,05,16,3,2,0,7,0,1,0,0,0,0,0,364969.019405854870000,5716556.810383560100000,7.051001042000053,51.583873127000061,1,
05,5,13,000,2019,05,13,3,3,5,3,0,0,1,0,0,0,0,365237.756152374670000,5709902.321073513500000,7.057427362000055,51.524137117000066,1,
05,5,70,028,2019,05,03,5,2,6,6,2,1,0,1,0,0,0,440462.891424545090000,5738804.876240206900000,8.136644547000060,51.796928120000075,0,
05,5,70,048,2019,05,07,5,2,9,1,0,0,1,0,0,0,0,443359.801912323570000,5731625.444947877900000,8.179818821000026,51.732683099000042,0,
05,5,70,052,2019,05,14,5,2,4,2,0,0,1,0,0,0,0,427193.524000001140000,5761595.265000000600000,7.939442389000021,52.000234098000078,0,
05,5,66,056,2019,05,08,5,2,8,1,0,0,0,0,1,0,0,417050.155883926900000,5801405.685778971800000,7.781982406000054,52.356653998000070,1,
05,5,66,096,2019,05,16,5,3,5,3,0,1,0,0,1,0,0,383039.864272991200000,5786970.679035902000000,7.287799855000060,52.220733141000039,0,
05,5,58,024,2019,05,19,5,3,5,3,0,1,1,0,0,0,0,392210.984389311630000,5736468.781471371700000,7.437880685000039,51.768713908000052,0,
05,5,58,024,2019,05,16,5,2,9,3,0,1,0,0,0,0,1,392061.370003703050000,5736029.423948127800000,7.435849806000022,51.764736153000058,0,
05,5,58,012,2019,05,03,5,2,8,1,2,0,1,0,0,0,0,370385.924388706680000,5756542.041022280200000,7.114223914000036,51.944471682000028,0,
05,5,54,024,2019,05,17,5,3,5,2,0,0,1,0,0,0,0,369007.758337843230000,5775973.210206922100000,7.086744161000070,52.118755694000072,0,
05,5,54,004,2019,05,21,5,2,8,1,0,0,1,0,0,0,0,360609.882166325110000,5767463.178362419800000,6.967644131000043,52.040238329000033,0,
05,5,54,008,2019,05,18,5,3,0,1,0,1,0,0,0,0,0,334153.197712649590000,5750392.617460135400000,6.590477469000064,51.879611635000060,0,
05,5,62,008,2019,05,00,5,2,8,1,2,0,1,0,0,0,0,382869.433947839770000,5723195.670019768200000,7.307020938000051,51.647545755000067,0,
05,5,62,004,2019,05,09,5,3,5,3,0,0,1,0,0,0,0,382628.930484920740000,5711640.785309769200000,7.307411997000031,51.543644405000066,0,
05,5,12,000,2019,05,19,5,2,5,3,0,1,1,0,0,0,0,355227.207000001330000,5714229.617000000600000,6.911446640000065,51.560543581000047,0,
05,5,12,000,2019,05,17,5,2,5,3,0,0,1,0,0,0,0,357142.128416584800000,5709681.312247095600000,6.940898784000069,51.520161462000033,0,
05,5,62,032,2019,05,21,5,2,0,6,0,0,1,0,1,0,0,375244.626365738920000,5714862.212353987600000,7.199836122000022,51.571012008000082,0,
05,5,62,024,2019,05,08,3,3,2,6,0,0,1,0,0,0,0,373423.422016623430000,5724111.970084937300000,7.170230956000069,51.653733420000037,1,
05,5,58,044,2019,05,10,3,3,9,1,0,0,1,0,0,0,0,395117.125137180090000,5751048.871047642100000,7.475561807000076,51.900312290000045,1,