ULAND,UREGBEZ,UKREIS,UGEMEINDE,UJAHR,UMONAT,USTUNDE,UWOCHENTAG,UKATEGORIE,UART,UTYP1,ULICHTVERH,IstRad,IstPKW,IstFuss,IstKrad,IstGkfz,IstSonstige,LINREFX,LINREFY,XGCSWGS84,YGCSWGS84,STRZUSTAND,UIDENTSTLAE
05,5,70,028,2019,05,10,2,2,2,6,0,0,1,0,0,0,0,440665.974339343610000,5741062.031852286300000,8.139202657000055,51.817242074000035,0,
05,5,70,016,2019,05,15,2,3,2,6,0,0,1,0,0,0,0,416511.057865088810000,5733738.562341252300000,7.790605502000062,51.748322796000082,0,
05,5,66,028,2019,05,15,2,3,1,6,0,0,1,0,0,0,0,412482.768104176040000,5792015.863979086300000,7.717376007000041,52.271546054000055,0,
05,5,66,076,2019,05,12,2,3,5,3,0,0,1,0,0,0,0,393189.230685089710000,5793316.604155264800000,7.434308362000024,52.279826864000029,0,
05,5,70,028,2019,05,11,4,2,6,2,0,0,1,1,0,0,0,441128.071243883110000,5741756.084961166600000,8.145787792000022,51.823530647000041,0,
05,5,70,028,2019,05,07,4,3,0,1,0,0,0,0,1,0,0,441153.802000000140000,5742184.756000001000000,8.146088222000060,51.827387208000061,1,
05,5,66,060,2019,05,09,2,3,5,3,0,1,1,0,0,0,0,388290.392975125460000,5788706.604976750900000,7.364055070000063,52.237423600000056,0,
05,5,66,068,2019,05,16,4,3,1,6,0,0,1,0,0,0,0,375664.698823233140000,5786369.184542262900000,7.180111778000025,52.213712851000082,0,
05,5,66,060,2019,05,06,2,3,4,6,0,0,1,0,0,0,0,391677.277574003670000,5783928.588568557100000,7.415163233000044,52.195159536000062,0,
05,5,66,080,2019,05,22,4,3,9,7,2,0,1,0,0,0,0,406946.215511475690000,5783152.157850666000000,7.638697705000027,52.190969426000038,0,
05,5,66,008,2019,05,13,2,2,5,2,0,1,1,0,0,0,0,400881.033000000750000,5782781.519000001300000,7.550107170000047,52.186581376000049,0,
05,5,58,028,2019,05,07,2,2,2,2,0,0,1,0,0,0,0,399391.318299454640000,5736440.238188000400000,7.541911434000042,51.769793834000041,1,
05,5,54,004,2019,05,17,4,3,5,3,0,1,1,0,0,0,0,362777.959000000730000,5771664.401999998800000,6.997546460000024,52.078528718000030,0,
05,5,54,004,2019,05,07,4,2,1,5,0,0,1,0,0,1,0,362261.812391449700000,5771696.949457762800000,6.990006302000040,52.078693011000041,0,
05,5,58,016,2019,05,13,2,3,0,2,0,0,0,0,1,0,0,387212.544154061000000,5747259.397941121800000,7.361958924000021,51.864710655000067,0,
05,5,62,004,2019,05,16,4,3,1,6,0,0,1,0,0,1,0,383171.165969606490000,5713510.576822709300000,7.314606759000071,51.560562145000063,0,
05,5,58,032,2019,05,06,2,3,4,6,0,0,1,0,0,0,0,391910.793718066070000,5755066.958410078700000,7.427716212000064,51.935812904000045,0,
05,5,15,000,2019,05,18,4,3,1,6,0,0,1,0,0,0,0,403425.132671944800000,5754403.862583557100000,7.595334241000046,51.931970175000060,0,
05,5,15,000,2019,05,18,4,3,5,2,0,1,1,0,0,0,0,404412.290000000040000,5755367.059999998700000,7.609420022000052,51.940798200000074,0,
05,5,15,000,2019,05,21,4,3,4,1,1,0,1,0,0,0,0,409195.789373761970000,5756172.074410667600000,7.678775728000062,51.948835449000057,0,
05,5,54,024,2019,05,07,2,3,5,3,0,1,1,0,0,0,0,368900.535895426760000,5775905.503438016400000,7.085205109000071,52.118121884000061,1,
05,5,54,004,2019,05,14,2,3,5,3,0,1,1,0,0,0,0,361715.453999999910000,5773035.382999999400000,6.981496008000022,52.090582985000026,0,
05,5,62,004,2019,05,04,4,2,5,3,2,1,0,0,0,0,1,384581.350177771410000,5716560.627306567500000,7.333938838000051,51.588265765000074,1,
05,5,15,000,2019,05,05,2,3,5,3,1,1,1,0,0,0,0,404114.515633562580000,5748879.793141491700000,7.606895285000064,51.882436614000028,1,
05,5,62,016,2019,05,19,4,3,5,2,0,1,1,0,0,0,0,374377.441936347630000,5734048.079927533900000,7.180435675000069,51.743242175000034,0,
05,5,15,000,2019,05,21,2,3,5,3,1,1,1,0,0,0,0,404790.321285380050000,5761206.218779411200000,7.613298602000043,51.993347575000030,0,
05,5,12,000,2019,05,09,4,3,2,6,0,0,1,0,0,0,0,360584.434601171870000,5709635.805056877400000,6.990499699000054,51.520612655000036,0,
05,5,15,000,2019,05,18,2,3,5,7,0,0,1,0,0,0,0,404478.616034545000000,5761257.895878631600000,7.608745751000072,51.993758538000066,0,
05,5,62,014,2019,05,12,4,3,1,7,0,0,1,0,0,0,0,361840.336019004700000,5711463.963074687900000,7.007872990000067,51.537349523000046,0,
05,5,62,004,2019,05,13,2,3,0,7,0,0,0,1,1,0,0,385593.625724045560000,5715840.785761706500000,7.348779006000029,51.582002379000073,0,
05,5,62,032,2019,05,19,4,3,8,7,0,1,0,0,0,0,0,376549.025938957000000,5720090.962664421600000,7.216808433000040,51.618291098000043,0,
05,5,62,032,2019,05,07,4,3,2,6,0,0,1,0,0,0,0,376058.589264956300000,5716630.966175925000000,7.210950816000036,51.587087709000059,0,
05,5,62,004,2019,05,08,2,2,5,3,0,1,0,0,0,1,0,384581.312357457350000,5716560.719978449900000,7.333938262000061,51.588266590000046,0,
05,5,62,016,2019,05,11,2,3,2,6,0,0,1,0,0,1,0,376429.924373516810000,5738076.481399409500000,7.208716291000030,51.779901513000027,0,
05,5,13,000,2019,05,18,4,2,2,6,0,1,0,0,0,0,0,368006.011103096420000,5715428.473511381100000,7.095233832000076,51.574452680000036,0,
05,5,13,000,2019,05,19,4,3,1,6,0,0,1,0,0,0,1,365309.522248774770000,5715221.308614730800000,7.056424884000023,51.571953219000079,0,
05,5,13,000,2019,05,15,4,3,2,6,0,0,1,0,0,0,0,368068.664046757850000,5717395.724739443500000,7.095398194000040,51.592146303000050,0,
05,5,62,012,2019,05,10,2,3,5,3,0,1,1,0,0,0,0,358702.626430543140000,5725132.473124170700000,6.957155377000049,51.659396353000034,0,
05,5,13,000,2019,05,21,4,3,5,2,1,0,1,0,0,0,0,368948.784059894270000,5710838.046139735700000,7.110541233000049,51.533419624000032,0,
05,5,62,024,2019,05,13,2,2,5,2,0,0,1,0,0,0,0,368317.998000001530000,5724018.471000002700000,7.096506068000053,51.651720473000069,0,
05,5,12,000,2019,05,16,2,3,5,2,0,1,1,0,0,0,0,356663.469762623310000,5708861.777140576400000,6.934337666000033,51.512675979000051,0,
05,5,62,032,2019,05,05,2,3,3,5,1,0,1,0,0,0,0,378445.022512717170000,5715448.397489167700000,7.245789955000021,51.576979374000075,1,
05,5,13,000,2019,05,16,2,3,1,6,0,0,1,0,0,0,1,364391.425000000750000,5712923.775000002200000,7.044071357000064,51.551086616000077,0,
05,5,13,000,2019,05,07,2,3,5,3,0,0,1,0,1,0,0,364923.264000001360000,5718624.423000002300000,7.049545125000066,51.602442498000073,1,
05,5,62,032,2019,05,18,2,3,0,6,0,0,1,0,0,0,0,374742.818318126720000,5715105.348999539400000,7.192512443000055,51.573085851000030,0,
05,5,62,024,2019,05,14,2,3,2,6,0,0,1,0,0,0,0,369230.216489332730000,5726653.023722406500000,7.108698806000064,51.675609006000059,0,
05,5,58,004,2019,05,07,2,3,9,7,0,0,0,0,0,1,0,403487.902512693780000,5743027.316612221300000,7.599428726000042,51.829723586000057,0,
05,5,62,012,2019,05,13,4,2,9,1,0,0,0,0,1,0,0,363824.112044736740000,5722607.092886598800000,7.032135858000061,51.637967026000069,0,
05,5,66,012,2019,05,12,4,3,2,6,0,0,1,0,0,0,0,406540.359197278510000,5770525.493258196900000,7.636232742000061,52.077409839000040,0,
05,5,66,060,2019,05,04,1,2,0,7,2,1,0,0,0,0,0,388733.994094200430000,5788542.834396475900000,7.370602498000039,52.236041634000060,0,
05,5,54,004,2019,05,21,1,2,8,1,2,1,0,0,0,0,0,357312.158215526490000,5777037.345600809900000,6.915590882000060,52.125422329000060,0,
05,5,15,000,2019,05,06,1,2,9,1,0,0,1,0,0,0,0,404990.802460744980000,5763589.022586513300000,7.615556865000031,52.014799328000038,0,
05,5,15,000,2019,05,03,1,3,9,1,2,0,1,0,1,0,0,405512.812205306250000,5750068.700062790900000,7.626878892000036,51.893361881000033,0,
05,5,62,014,2019,05,17,1,3,6,4,0,0,0,1,0,0,1,361567.711000001060000,5714433.238000001800000,7.002776061000077,51.563965188000054,0,
05,5,13,000,2019,05,08,1,3,5,3,0,1,1,0,0,0,0,367276.139145142400000,5708913.437045624500000,7.087164975000064,51.515733054000066,0,
05,5,66,048,2019,06,19,1,2,0,1,0,0,0,0,1,0,0,426727.470295472070000,5791402.418900998300000,7.926231343000040,52.268114714000035,0,
05,5,70,020,2019,06,00,2,3,7,7,2,0,1,0,0,0,0,429231.909038882700000,5747384.814148269600000,7.972053685000049,51.872751350000044,0,
05,5,66,040,2019,06,05,2,3,5,2,1,1,1,0,0,0,0,421678.474000000390000,5781950.352000001800000,7.854445456000065,52.182455929000071,0,
05,5,15,000,2019,06,20,1,2,1,6,1,0,1,0,0,0,0,402907.989000000060000,5752964.624999998100000,7.588220927000066,51.918943844000069,0,
05,5,62,014,2019,06,20,1,3,1,6,0,0,1,0,0,0,1,356436.071000000460000,5714648.298999998700000,6.928702917000067,51.564614739000035,0,
05,5,66,056,2019,06,16,2,2,4,6,0,0,1,0,1,0,0,416572.411000001240000,5795227.048000000400000,7.776502374000074,52.301045426000030,0,
05,5,66,076,2019,06,07,2,2,0,1,0,0,0,0,1,0,0,393085.723000001160000,5793840.335000002800000,7.432625601000041,52.284513594000032,1,
05,5,58,024,2019,06,16,2,3,5,3,0,1,1,0,0,0,0,392171.780462075020000,5736409.828673018100000,7.437331056000062,51.768176493000055,0,
05,5,54,020,2019,06,16,2,3,8,1,0,1,0,0,0,0,0,366847.997844279740000,5782123.157231370000000,7.052808748000075,52.173500416000081,0,
05,5,54,012,2019,06,18,2,3,3,6,0,1,1,0,0,0,0,352876.542505404910000,5746641.904980653900000,6.863881830000025,51.851166137000064,0,
05,5,54,012,2019,06,16,2,3,5,3,0,1,1,0,0,0,0,352839.867281927730000,5745937.040577853100000,6.863649722000048,51.844823308000059,0,
05,5,15,000,2019,06,20,2,3,5,2,0,1,1,0,0,0,0,402945.782000000590000,5757810.739000000100000,7.587402555000040,51.962508842000034,0,
05,5,15,000,2019,06,15,2,3,5,2,0,1,1,0,0,0,0,405724.131295045840000,5753792.240446135400000,7.628929899000070,51.926866791000066,0,
05,5,15,000,2019,06,14,2,2,5,3,0,1,0,0,0,0,0,404257.643391384740000,5758974.986577948600000,7.606165530000055,51.973200967000082,0,
05,5,15,000,2019,06,15,2,3,0,7,0,1,0,0,0,0,0,406359.533284151000000,5756997.589156594100000,7.637294961000066,51.955785331000072,0,
05,5,70,052,2019,06,14,7,2,5,3,0,1,0,0,0,0,0,430013.421819199810000,5754830.620131686300000,7.981891262000033,51.939785407000045,0,
05,5,62,036,2019,06,13,2,3,2,6,0,0,1,0,0,0,1,390445.329903109000000,5720346.680299712300000,7.417366380000033,51.623466020000080,0,
05,5,66,088,2019,06,18,7,2,0,1,0,0,0,0,1,0,0,417355.945000000300000,5784990.406000001400000,7.790496119000068,52.209151229000042,0,
05,5,62,008,2019,06,14,2,3,6,4,0,0,1,1,0,0,0,385085.546170373450000,5723160.567545363700000,7.339049023000030,51.647687560000065,0,
05,5,62,012,2019,06,13,2,2,1,7,0,0,1,0,0,0,1,362847.746589927930000,5731817.134311469300000,7.014417847000061,51.720491766000066,0,
05,5,66,028,2019,06,00,7,3,2,6,2,0,1,0,0,0,0,415276.022184633650000,5790758.743679078300000,7.758618098000056,52.260684016000027,0,
05,5,62,024,2019,06,15,2,3,5,7,0,0,1,0,0,0,1,370225.936326795260000,5725389.742269193800000,7.123560663000035,51.664487279000070,0,
05,5,66,036,2019,06,15,7,3,5,3,0,0,0,0,1,0,0,388707.459508647210000,5766342.953704085200000,7.377480953000031,52.036523165000062,0,
05,5,12,000,2019,06,17,2,2,4,2,0,1,1,0,0,0,0,353046.006419915710000,5720083.683292251100000,6.877552155000046,51.612580809000065,0,
05,5,66,012,2019,06,18,7,3,9,1,0,0,1,0,0,0,0,402142.625000000930000,5777318.570000002200000,7.570129978000068,52.137706203000050,0,
05,5,12,000,2019,06,09,2,3,5,2,0,0,1,0,0,0,0,356806.833999999800000,5710325.989000003800000,6.935807336000039,51.525869533000048,0,
05,5,66,080,2019,06,16,7,2,5,3,0,1,1,0,0,0,0,406813.941955911000000,5781893.167497303300000,7.637109306000070,52.179631123000036,0,
05,5,54,020,2019,06,21,7,3,0,7,0,1,0,0,0,0,1,366850.225603625180000,5785115.554746260900000,7.051665996000054,52.200389058000042,0,
05,5,62,032,2019,06,12,2,3,2,2,0,0,1,0,0,0,0,373503.072447886690000,5719082.497016239900000,7.173198830000047,51.608551742000031,0,
05,5,54,020,2019,06,20,7,3,0,6,0,1,0,0,0,0,0,366228.388263191100000,5787475.159208558500000,7.041640210000026,52.221440465000057,0,
05,5,62,032,2019,06,08,2,3,1,5,0,0,1,0,0,0,1,374951.892504905350000,5719548.900850666700000,7.193944277000071,51.613066985000046,1,
05,5,54,044,2019,06,12,7,2,9,1,0,0,0,0,1,0,0,366435.687380432150000,5745090.538148282100000,7.061221405000026,51.840634633000036,0,
05,5,13,000,2019,06,18,2,3,5,3,0,1,1,0,0,0,0,364966.869600851090000,5717223.142455793900000,7.050713710000025,51.589860530000067,0,
05,5,13,000,2019,06,09,2,3,5,2,0,0,1,0,0,0,0,366094.062000000850000,5716097.544000001600000,7.067404747000069,51.580014380000080,1,
05,5,54,008,2019,06,10,7,1,5,3,0,1,1,0,0,0,0,340630.005609836430000,5750924.199100453400000,6.684246271000063,51.886275802000057,0,
05,5,54,008,2019,06,01,7,3,8,1,2,0,1,0,0,0,0,334485.515000000600000,5744482.603000002000000,6.598130697000045,51.826619118000053,0,
05,5,62,036,2019,06,10,7,3,5,3,0,0,1,0,0,0,0,386652.684757828710000,5718229.138432864100000,7.363286107000022,51.603682684000034,0,
05,5,12,000,2019,06,14,7,3,1,6,0,0,1,0,1,0,0,357726.117244678550000,5719524.891876574600000,6.945325932000060,51.608761816000026,0,
05,5,62,032,2019,06,15,7,3,1,5,0,1,1,0,0,0,0,375573.933630131190000,5720976.238927373700000,7.202416673000073,51.626032465000037,0,
05,5,13,000,2019,06,17,7,3,2,6,0,0,1,0,0,1,0,364719.571999999690000,5715445.348000003000000,7.047830975000068,51.573825279000062,0,
05,5,70,004,2019,05,12,6,3,5,3,0,0,1,0,0,0,0,419308.833179561420000,5738681.330619450700000,7.829975475000026,51.793165464000026,0,
05,5,70,024,2019,05,08,6,3,8,1,0,0,0,0,1,0,0,413131.537038655950000,5754574.574730865700000,7.736430043000041,51.935104348000038,1,
05,5,70,052,2019,05,18,6,2,0,1,0,0,0,0,1,0,0,428414.586321095000000,5752759.404577523500000,7.959067703000073,51.920962641000074,0,
05,5,66,084,2019,05,19,6,2,4,1,0,0,1,0,1,0,0,387289.374661694280000,5780670.208968224000000,7.352076315000033,52.164997108000080,0,
05,5,66,024,2019,05,14,6,2,0,1,0,0,1,0,0,0,0,384792.259076238610000,5772759.440009234500000,7.318262703000073,52.093388438000034,0,
05,5,66,012,2019,05,14,6,3,5,3,0,1,1,0,0,0,0,402061.073464460670000,5772744.179227234800000,7.570255023000073,52.096577245000049,0,
05,5,58,024,2019,05,17,6,3,2,6,0,0,1,0,0,0,0,393745.009531776420000,5736257.308583520400000,7.460168326000030,51.767106436000063,0,
05,5,54,004,2019,05,17,6,3,5,2,0,1,1,0,0,0,0,362780.353834642100000,5771672.954304592700000,6.997577945000046,52.078606157000081,0,
05,5,54,064,2019,05,12,6,3,8,1,0,0,1,0,0,0,0,359448.743838850410000,5751088.642899347500000,6.957428049000043,51.892815535000068,0,
05,5,54,012,2019,05,17,6,2,5,3,0,1,1,0,0,0,0,347078.678179176520000,5745786.339614020700000,6.780146612000067,51.841921263000074,0,
05,5,62,020,2019,05,16,6,3,3,7,0,0,1,0,0,1,0,374015.467922118490000,5716064.382650727400000,7.181678282000064,51.581542690000049,0,
05,5,15,000,2019,05,17,6,3,5,3,0,1,1,0,0,0,0,404802.959999999030000,5761701.439999999500000,7.613345092000031,51.997800953000080,0,
05,5,15,000,2019,05,16,6,3,5,6,0,1,0,0,0,0,0,405542.977909479290000,5756661.056077886400000,7.625508211000067,51.952622325000050,0,
05,5,15,000,2019,05,13,6,3,1,6,0,0,1,0,0,0,0,407159.130690066140000,5760575.069682192100000,7.647960000000069,51.988075577000075,0,
05,5,15,000,2019,05,09,6,3,4,3,0,0,1,0,0,0,0,404665.917446182110000,5759085.519698998000000,7.612076667000054,51.974264664000032,0,
05,5,15,000,2019,05,19,6,3,3,1,0,1,0,0,0,0,0,406332.515179498120000,5756679.731733655600000,7.636988548000034,51.952923725000062,0,
05,5,62,016,2019,05,10,6,2,0,7,0,1,0,0,0,0,0,383749.156734549440000,5732850.267742728800000,7.316513572000076,51.734499568000047,0,
05,5,62,024,2019,05,21,6,3,5,2,1,0,1,0,1,0,0,367326.092868104580000,5724242.380272837400000,7.082091520000063,51.653499418000081,0,
05,5,62,014,2019,05,18,6,3,6,4,0,0,1,1,0,0,0,361471.441038849760000,5713599.103298282300000,7.001716710000039,51.556445880000069,0,
05,5,62,020,2019,05,20,6,3,8,1,0,0,1,0,0,0,0,371381.699049855580000,5720907.897672634600000,7.141910300000063,51.624475704000076,0,
05,5,62,020,2019,05,14,6,3,5,3,0,1,1,0,0,0,0,371266.286923739130000,5718337.504749117400000,7.141188014000022,51.601349667000079,0,
05,5,62,032,2019,05,10,6,3,5,3,0,1,1,0,0,0,0,377685.922177539210000,5718407.988805173000000,7.233809173000054,51.603413949000071,0,
05,5,62,032,2019,05,14,6,3,2,6,0,0,1,0,0,0,0,375189.133572874590000,5719958.180353000800000,7.197223134000069,51.616797866000070,0,
05,5,13,000,2019,05,13,6,3,3,6,0,0,1,0,1,0,0,368590.794000000690000,5707594.394000003100000,7.106592385000056,51.504186419000064,0,
05,5,13,000,2019,05,09,6,3,5,2,0,0,1,0,0,0,0,368458.107539814900000,5707840.876297324900000,7.104589767000050,51.506370637000032,0,
05,5,13,000,2019,05,17,6,3,6,7,0,1,0,1,0,0,0,369445.323779741300000,5707178.753758246100000,7.119051539000054,51.500649160000080,0,
05,5,15,000,2019,06,03,2,3,8,6,2,0,1,0,0,1,0,404031.283997278660000,5765264.427607713300000,7.601109771000040,52.029693165000026,0,
05,5,70,028,2019,06,00,1,2,4,6,2,1,0,0,0,0,0,438735.917056287640000,5741798.438525846200000,8.111075352000057,51.823654223000062,0,
05,5,70,052,2019,06,11,1,3,0,1,0,1,0,0,0,0,0,427490.953772791660000,5762384.485877497100000,7.943607164000071,52.007367663000082,0,
05,5,66,088,2019,06,11,1,2,4,1,0,0,1,0,1,0,0,417756.494858907540000,5785697.869346831000000,7.796184898000035,52.215570293000042,0,
05,5,66,028,2019,06,15,1,3,5,3,0,1,1,0,0,0,0,410817.001000001100000,5788367.857000002600000,7.693933475000051,52.238489275000063,0,
05,5,66,028,2019,06,12,1,2,3,2,0,1,1,0,0,0,0,412500.742560668850000,5791940.810813672800000,7.717658832000041,52.270874315000071,0,
05,5,58,028,2019,06,23,1,2,0,1,2,1,0,0,0,0,0,402927.722650789660000,5730591.809093181000000,7.594778604000055,51.717848807000053,0,
05,5,58,020,2019,06,18,1,2,8,1,0,0,0,0,1,0,0,389496.169070155360000,5761437.374727847100000,7.390557638000075,51.992592591000061,0,
05,5,58,012,2019,06,00,1,2,4,6,2,1,0,0,0,0,0,374523.363611252980000,5753379.542548818500000,7.175539866000065,51.917000433000055,0,
05,5,58,016,2019,06,12,1,3,5,3,0,1,1,0,0,0,0,386854.749490467830000,5747252.929788380900000,7.356767003000073,51.864580077000028,0,
05,5,54,044,2019,06,20,1,3,2,6,0,0,1,0,1,0,0,367351.407620165500000,5746698.236515546200000,7.073888807000060,51.855299859000070,0,
05,5,15,000,2019,06,11,1,3,4,3,0,1,1,0,0,0,0,406148.816601429130000,5750922.274932123700000,7.635886325000058,51.901141757000062,0,
05,5,15,000,2019,06,21,1,3,0,6,2,1,0,1,0,0,0,406809.360860719350000,5755961.418444518000000,7.644120072000021,51.946547262000081,0,
05,5,62,016,2019,06,11,1,3,3,6,0,1,1,0,0,0,0,374514.294591269460000,5740024.310145374400000,7.180257638000057,51.796979894000060,0,
05,5,62,020,2019,06,12,1,3,1,6,0,0,1,0,0,0,0,370561.547592251560000,5717623.298448886700000,7.131281483000066,51.594769720000045,0,
05,5,13,000,2019,06,01,1,2,0,7,2,0,0,0,1,0,0,368265.936339517120000,5714273.361610131300000,7.099415564000026,51.564132871000027,0,
05,5,13,000,2019,06,11,1,2,5,2,0,0,1,0,1,0,0,365378.389000000430000,5707594.375000001900000,7.060334691000037,51.503430192000053,0,
05,5,13,000,2019,06,18,1,3,2,6,0,0,1,0,0,0,0,369170.416000001130000,5707724.209000000700000,7.114890833000061,51.505487522000067,0,
05,5,62,014,2019,05,19,6,2,9,6,0,0,1,0,0,0,0,360525.772285969000000,5713635.168320516100000,6.988070094000022,51.556536948000030,0,
05,5,62,032,2019,05,12,6,3,7,7,0,0,1,0,0,0,0,376429.831202905630000,5716461.965491911400000,7.216366250000021,51.585650395000073,0,
05,5,58,004,2019,06,17,1,2,2,6,0,0,1,0,0,0,0,406926.899963915350000,5731711.353056225900000,7.652353978000065,51.728590217000033,0,
05,5,70,020,2019,06,17,4,2,7,7,0,0,0,0,1,0,1,434138.070274379100000,5748233.117737973100000,8.043145429000049,51.880978464000066,0,
05,5,66,008,2019,06,19,4,2,5,2,0,1,1,0,0,0,0,399225.847935790200000,5780800.605837341400000,7.526492618000020,52.168477555000038,0,
05,5,58,028,2019,06,12,4,3,4,6,0,0,1,0,0,0,0,403425.707848719320000,5733053.792317673600000,7.601302162000025,51.740064795000080,0,
05,5,58,004,2019,06,13,4,3,5,3,0,1,1,0,0,0,0,403175.386444706470000,5741589.148654650900000,7.595297184000060,51.816742496000074,0,
05,5,54,056,2019,06,15,4,3,1,6,0,0,1,0,0,0,0,357191.700319402850000,5760871.401404451600000,6.920589258000064,51.980141312000057,0,
05,5,54,036,2019,06,17,4,3,5,3,0,1,1,0,0,0,0,376283.574100333270000,5768280.273908693300000,7.195745890000069,52.051300187000038,0,
05,5,54,004,2019,06,20,4,3,0,7,0,1,0,0,0,0,0,356585.096907611010000,5771184.771907281100000,6.907440674000043,52.072649983000076,0,
05,5,54,004,2019,06,11,4,3,5,3,0,1,1,0,0,0,0,357040.154710317960000,5777221.039776274900000,6.911543073000075,52.127002504000075,0,
05,5,15,000,2019,06,06,4,3,4,7,0,0,1,0,0,0,1,404916.304287964480000,5762440.517465869000000,7.614790485000071,52.004463444000066,0,
05,5,15,000,2019,06,17,4,3,2,6,0,0,1,0,0,0,0,401699.010089534330000,5753655.196284417100000,7.570450297000036,51.924938773000065,0,
05,5,15,000,2019,06,10,4,3,0,7,0,1,0,0,0,0,0,405520.516187918370000,5756550.035288315300000,7.625211984000032,51.951620606000063,0,
05,5,15,000,2019,06,13,4,3,0,3,0,1,0,0,0,0,0,405956.786807615310000,5757879.917679138500000,7.631194225000058,51.963648135000028,0,
05,5,62,012,2019,06,19,4,3,5,2,0,1,1,0,0,0,0,358685.557601079340000,5727645.615123435900000,6.955892154000026,51.681974503000049,0,
05,5,62,024,2019,06,09,4,3,0,7,0,0,0,0,0,0,1,370473.363031620160000,5725512.782455286000000,7.127090606000024,51.665650086000028,0,
05,5,12,000,2019,06,23,4,2,0,1,2,0,0,0,1,0,0,357884.124020652850000,5711680.430247519200000,6.950779611000030,51.538312567000048,0,
05,5,62,014,2019,06,11,4,3,5,3,0,1,1,0,0,0,0,361006.932000001890000,5715015.547999998600000,6.994460480000043,51.569059962000040,0,
05,5,15,000,2019,06,18,7,3,5,3,0,0,1,0,0,0,0,401648.180000000630000,5755592.414000000800000,7.569157521000022,51.942342003000078,0,
05,5,13,000,2019,06,19,4,3,4,2,0,0,1,0,0,0,1,366817.133375016970000,5706772.156342448700000,7.081362341000045,51.496382046000065,0,
05,5,13,000,2019,06,20,4,3,8,1,0,0,0,0,1,0,0,364741.722800524910000,5709825.469734640800000,7.050311084000043,51.523327914000049,0,
05,5,62,016,2019,06,20,7,3,0,1,0,1,0,0,0,0,0,374794.789142182100000,5732700.568231215700000,7.186962257000062,51.731225689000041,1,
05,5,13,000,2019,06,19,7,3,2,6,0,0,1,0,0,0,0,366247.127377660950000,5709697.905745845300000,7.072045968000055,51.522540073000073,1,
05,5,13,000,2019,06,18,7,3,4,1,0,0,1,0,0,0,0,365788.377000001260000,5713968.575000001100000,7.063808874000074,51.560809741000071,1,
05,5,70,004,2019,06,14,6,3,2,6,0,0,1,0,0,0,0,424899.562907085750000,5735430.127130813900000,7.911728284000049,51.764716836000048,0,
05,5,66,040,2019,06,04,6,2,0,7,1,0,0,0,1,0,0,414481.060630743390000,5783698.990071950500000,7.748758707000036,52.197104690000060,0,
05,5,66,076,2019,06,12,6,3,6,4,0,0,1,1,0,0,0,393489.104000000280000,5792886.958999997000000,7.438838015000044,52.276023747000067,0,
05,5,66,080,2019,06,12,6,3,5,3,0,1,1,0,0,0,0,410229.060806934720000,5778414.829872982600000,7.687962533000075,52.148932944000080,0,
05,5,54,056,2019,06,14,6,3,6,7,0,0,1,1,0,0,0,356845.664292667060000,5762123.594087857800000,6.915031686000020,51.991303252000080,0,
05,5,54,048,2019,06,12,6,3,9,1,0,0,0,0,1,0,0,341488.137190647420000,5739700.207285599800000,6.701846289000059,51.785684591000063,0,
05,5,58,004,2019,06,16,6,3,8,1,0,0,1,0,0,0,0,402386.805806897580000,5744788.690462213000000,7.582958004000034,51.845364294000035,0,
05,5,15,000,2019,06,17,6,3,5,3,0,1,1,0,0,0,0,403935.726412015970000,5757905.986213974700000,7.601779620000059,51.963536890000057,0,
05,5,15,000,2019,06,12,6,3,4,6,0,1,0,0,0,0,0,405506.250006418680000,5751877.201665358600000,7.626287737000041,51.909616529000061,0,
05,5,62,008,2019,06,14,6,3,2,6,0,0,1,0,0,1,0,384015.066498992960000,5721068.817220075100000,7.324276838000060,51.628667808000046,0,
05,5,62,004,2019,06,16,6,3,2,6,0,0,1,0,0,0,0,382937.602058578280000,5712751.999133750800000,7.311491447000037,51.553695824000044,0,
05,5,62,016,2019,06,04,6,2,5,7,1,0,1,0,1,0,0,374070.200043676420000,5733817.536859357700000,7.176071351000076,51.741101370000081,0,
05,5,62,012,2019,06,19,6,2,5,3,0,0,1,0,0,0,0,363622.755000000820000,5738747.561999999000000,7.022912290000022,51.782957513000042,1,
05,5,62,012,2019,06,12,6,3,5,3,0,1,1,0,0,0,0,359423.859513215720000,5725402.995198762000000,6.967466914000056,51.662008066000055,0,
05,5,62,012,2019,06,19,6,3,2,6,0,0,1,0,0,0,0,359911.135980975810000,5726792.490242114300000,6.973950364000075,51.674615525000036,1,
05,5,12,000,2019,06,17,6,2,3,6,0,0,0,0,0,0,1,358723.329000000840000,5711246.994000000900000,6.963046092000070,51.534628372000043,0,
05,5,12,000,2019,06,18,6,3,5,3,0,1,1,0,0,0,0,355622.122496300380000,5719616.896837439400000,6.914924329000030,51.609052985000062,1,
05,5,13,000,2019,06,13,7,3,5,3,0,1,1,0,0,0,0,365410.617761141620000,5709899.691033987300000,7.059918597000035,51.524154704000068,0,
05,5,12,000,2019,06,15,6,3,3,6,0,0,1,0,0,1,0,356556.159239985050000,5709436.421825131400000,6.932558419000031,51.517812414000048,0,
05,5,12,000,2019,06,09,6,3,5,3,0,0,1,0,1,0,0,357638.500521082430000,5709779.410088140500000,6.948008734000041,51.521168282000076,0,
05,5,62,032,2019,06,20,6,3,0,5,0,0,1,0,0,0,1,376190.829000000840000,5716077.399000002100000,7.213053872000046,51.582141750000062,0,
05,5,62,032,2019,06,07,6,2,0,1,0,1,0,0,0,0,0,374882.601755921730000,5720839.734835626600000,7.192483103000029,51.624652402000038,0,
05,5,13,000,2019,06,15,6,3,2,6,0,0,1,0,0,0,0,364569.091657713060000,5715512.701914262000000,7.045634856000049,51.574394418000054,0,
05,5,13,000,2019,06,15,6,3,2,6,0,0,1,0,0,0,0,367768.223999999460000,5708711.337000003100000,7.094328559000076,51.514032232000034,0,
05,5,62,014,2019,06,11,1,2,2,1,0,0,1,0,0,0,0,357133.762702540490000,5716696.257402591400000,6.937929107000059,51.583194434000063,0,
05,5,15,000,2019,06,22,4,3,8,1,2,0,1,0,0,0,0,403106.958609954450000,5753152.063816644300000,7.591060375000041,51.920663269000045,0,
05,5,70,004,2019,06,07,3,2,4,1,0,0,1,0,0,0,1,424612.133863531050000,5736150.493322704000000,7.907407646000024,51.771154068000044,1,