ULAND,UREGBEZ,UKREIS,UGEMEINDE,UJAHR,UMONAT,USTUNDE,UWOCHENTAG,UKATEGORIE,UART,UTYP1,ULICHTVERH,IstRad,IstPKW,IstFuss,IstKrad,IstGkfz,IstSonstige,LINREFX,LINREFY,XGCSWGS84,YGCSWGS84,STRZUSTAND,UIDENTSTLAE
05,5,70,044,2019,06,10,3,2,4,6,0,0,1,0,0,1,0,418389.495634321120000,5759839.012691333900000,7.811642107000068,51.983222775000058,0,
05,5,58,040,2019,06,08,3,2,5,3,0,0,1,0,0,0,0,380336.439665028830000,5765280.893924020200000,7.255871506000062,52.025235474000056,0,
05,5,54,056,2019,06,16,3,3,5,3,0,1,1,0,0,0,0,355839.057806327010000,5762183.004408538300000,6.900356615000021,51.991576704000067,0,
05,5,54,008,2019,06,16,3,3,2,6,0,1,0,0,0,0,0,334919.183336005550000,5745875.366370948000000,6.603753615000073,51.839259090000041,0,
05,5,54,008,2019,06,16,3,3,8,1,0,0,0,0,1,0,0,336755.811137169600000,5744088.491271078600000,6.631231393000064,51.823746516000028,0,
05,5,15,000,2019,06,08,3,2,0,1,0,1,0,0,0,0,0,405556.586617483760000,5754436.034131834300000,7.626317325000059,51.932625118000033,0,
05,5,15,000,2019,06,19,3,3,0,7,0,1,0,0,0,0,0,406051.910059351470000,5756765.527925416800000,7.632883093000032,51.953647571000033,0,
05,5,15,000,2019,06,17,3,3,5,3,0,0,1,0,0,0,0,405486.921926988290000,5754929.392315199600000,7.625168815000052,51.937047826000082,0,
05,5,62,028,2019,06,10,3,3,5,3,0,1,1,0,0,0,0,382064.713198245500000,5722875.654160609500000,7.295503097000051,51.644501391000063,0,
05,5,62,008,2019,06,09,3,3,2,2,0,0,1,0,0,0,0,383623.013026653790000,5723392.266615681400000,7.317842516000042,51.649469171000078,0,
05,5,70,028,2019,06,20,6,2,8,1,2,0,1,0,0,0,0,441507.901731612160000,5740665.255523359400000,8.151482593000026,51.813763712000082,1,
05,5,62,004,2019,06,17,3,3,5,3,0,0,1,0,0,0,0,382894.797359220680000,5716407.473290586800000,7.309655972000030,51.586541267000030,0,
05,5,62,016,2019,06,18,3,3,2,6,0,0,1,0,1,0,0,374583.746722973880000,5734445.943897090900000,7.183278792000067,51.746863922000045,0,
05,5,62,024,2019,06,17,3,3,2,6,0,0,1,0,1,0,0,372484.803000002170000,5725517.572000004400000,7.156157214000075,51.666153188000067,0,
05,5,62,032,2019,06,17,3,3,6,7,0,0,1,1,0,0,0,375278.922428020280000,5718919.414285287300000,7.198888981000039,51.607482266000034,0,
05,5,13,000,2019,06,13,3,3,3,2,0,0,1,0,0,0,1,365346.358548256570000,5715364.879991741900000,7.056901072000073,51.573252214000036,0,
05,5,13,000,2019,06,09,3,2,0,1,0,1,0,0,0,0,0,365041.091601811350000,5717590.417120695100000,7.051643240000033,51.593178784000031,0,
05,5,13,000,2019,06,10,3,3,6,7,0,0,1,1,0,0,0,367602.083712567580000,5713877.069725912100000,7.089992846000030,51.560416082000074,0,
05,5,62,032,2019,06,11,6,3,3,6,0,0,1,0,0,1,0,375206.248405830000000,5716323.341254286500000,7.198763466000060,51.584134917000029,0,
05,5,66,012,2019,06,15,6,3,2,6,0,0,1,0,0,0,0,407950.648244687360000,5772071.794118166000000,7.656388183000047,52.091544799000076,0,
05,5,70,028,2019,06,13,6,3,2,6,0,0,1,0,0,0,0,441657.881794106220000,5740722.411821652200000,8.153648401000055,51.814293239000051,0,
05,5,70,016,2019,06,14,5,3,5,2,0,1,1,0,0,0,0,408518.886478635480000,5744541.818972561500000,7.672015502000022,51.844183717000078,0,
05,5,66,028,2019,06,16,5,3,1,7,0,0,1,0,0,0,0,412367.489989403640000,5791528.408793153200000,7.715813614000069,52.267146307000075,1,
05,5,66,016,2019,06,10,5,3,8,6,0,0,0,0,0,1,1,406670.975259150380000,5790441.352259302500000,7.632661207000069,52.256438604000039,0,
05,5,66,076,2019,06,20,5,3,2,6,0,0,1,0,0,0,0,396371.907121757050000,5788265.227706743400000,7.482494356000075,52.235037325000064,0,
05,5,58,012,2019,06,11,5,3,5,3,0,0,1,0,0,0,1,376430.227046634070000,5750398.403050568000000,7.204320176000067,51.890636260000065,0,
05,5,58,016,2019,06,14,5,3,0,7,0,1,1,0,0,0,0,387466.137000001040000,5747275.822000000600000,7.365634947000046,51.864909474000058,0,
05,5,54,004,2019,06,16,5,3,5,3,0,1,1,0,0,0,0,362921.201155812480000,5772414.718024846200000,6.999333847000059,52.085306049000053,0,
05,5,54,008,2019,06,15,5,3,5,2,0,1,1,0,0,0,0,335752.227412516250000,5746211.718659935500000,6.615674717000047,51.842526294000038,0,
05,5,58,016,2019,06,07,5,2,2,6,0,0,1,0,0,0,0,383836.291806023570000,5747318.102830499400000,7.312927622000075,51.864545514000042,1,
05,5,15,000,2019,06,18,5,3,8,1,0,0,1,0,0,0,0,395976.545244496320000,5755940.800419861500000,7.486570268000037,51.944441770000026,0,
05,5,15,000,2019,06,15,5,3,6,4,0,1,0,1,0,0,0,405062.596017368140000,5757465.466898763600000,7.618297844000040,51.959770904000038,0,
05,5,15,000,2019,06,17,5,3,6,4,0,1,0,1,0,0,0,406273.200461393220000,5757401.116939051100000,7.635928893000028,51.959397886000033,0,
05,5,15,000,2019,06,08,5,2,5,3,0,1,0,0,1,0,0,402817.863623467270000,5753940.568614609500000,7.586635351000041,51.927700233000053,0,
05,5,15,000,2019,06,07,5,3,4,7,0,0,1,0,0,0,0,411178.093122261580000,5755075.722606726000000,7.707893972000022,51.939300693000064,1,
05,5,15,000,2019,06,02,5,3,7,1,2,1,0,0,0,0,0,405370.035580793400000,5755663.783618548900000,7.623266975000036,51.943629002000080,1,
05,5,62,028,2019,06,12,5,3,6,4,0,0,1,1,0,0,0,380662.356549830180000,5722360.425348540800000,7.275420653000026,51.639574948000075,0,
05,5,62,014,2019,06,17,5,3,5,3,0,0,1,0,1,0,0,359421.685827666890000,5714888.627499798300000,6.971652980000044,51.567526468000040,0,
05,5,62,014,2019,06,15,5,3,3,6,0,1,1,0,0,0,0,360410.422222875060000,5717465.387291654900000,6.984885321000036,51.590926964000062,0,
05,5,62,032,2019,06,00,5,3,0,1,2,1,0,0,0,0,0,375993.867080286150000,5720931.671401690700000,7.208496032000028,51.625724630000036,0,
05,5,13,000,2019,06,14,5,3,6,7,0,0,1,1,0,0,0,365238.977653970940000,5716034.833071252300000,7.055095451000057,51.579247040000041,0,
05,5,13,000,2019,06,14,5,3,2,6,0,0,1,0,0,0,0,368076.855375206100000,5706726.512733625200000,7.099516222000034,51.496267232000037,0,
05,5,70,028,2019,06,22,7,3,1,5,2,0,1,0,0,0,1,445190.889904798940000,5739521.631263086600000,8.205085131000033,51.803855407000071,0,
05,5,66,028,2019,06,15,7,3,0,7,0,0,0,0,0,0,1,411937.020979759280000,5792087.468814900100000,7.709361214000069,52.272102520000033,0,
05,5,54,004,2019,06,18,7,3,1,3,0,0,1,0,0,0,0,357391.655537197370000,5778368.889764728000000,6.916193050000061,52.137406512000041,1,
05,5,54,068,2019,06,22,7,3,5,3,2,0,1,0,1,0,0,352391.832000000400000,5766986.422000000300000,6.848116773000072,52.033828093000068,0,
05,5,54,040,2019,06,14,7,3,1,6,0,0,1,0,0,0,0,351279.689878206700000,5739368.670314302700000,6.843837300000075,51.785394030000077,0,
05,5,66,012,2019,06,16,5,3,2,6,0,0,1,0,0,0,0,405548.109884889800000,5768736.030176909600000,7.622253497000031,52.061157320000063,0,
05,5,15,000,2019,06,09,3,3,5,3,0,1,1,0,0,0,0,405108.578587876630000,5756668.559084398700000,7.619186955000032,51.952615817000037,0,
05,5,15,000,2019,06,15,3,3,5,3,0,1,1,0,0,0,0,410594.023000001910000,5753371.461000002900000,7.699842632000070,51.923887975000071,0,
05,5,62,036,2019,06,10,3,2,5,3,0,0,1,0,1,0,0,391002.246065426620000,5720083.611220099000000,7.425490203000038,51.621209664000048,0,
05,5,62,004,2019,06,18,3,3,8,3,0,0,1,0,0,0,0,382157.206835808230000,5720850.654747560600000,7.297520992000045,51.626321010000026,0,
05,5,12,000,2019,06,14,3,2,5,2,0,0,1,0,0,0,0,355702.685893136080000,5709814.657087793600000,6.920111214000031,51.520993784000041,0,
05,5,62,020,2019,06,14,3,3,2,6,0,0,1,0,0,0,0,370561.403456005270000,5717623.273399727400000,7.131279412000026,51.594769462000045,0,
05,5,62,032,2019,06,16,3,3,2,6,0,0,1,0,0,0,0,376213.745797309090000,5715979.676030535300000,7.213418910000030,51.581268526000031,0,
05,5,62,032,2019,06,12,3,3,5,3,0,1,1,0,0,0,0,374295.006210338320000,5718331.765651131000000,7.184898446000034,51.601982243000066,0,
05,5,13,000,2019,06,19,3,3,2,6,0,0,1,0,0,0,0,366311.093049878250000,5709676.212343426400000,7.072975659000065,51.522360267000067,0,
05,5,54,064,2019,06,20,3,3,5,3,0,0,1,0,1,0,0,361688.940432867970000,5750680.891400983600000,6.990125586000033,51.889712037000038,0,
05,5,70,008,2019,06,16,2,3,0,7,0,1,0,0,0,0,0,434725.445163553580000,5733738.528945077200000,8.054409225000029,51.750741008000034,0,
05,5,70,032,2019,06,16,2,3,2,2,0,0,1,0,0,0,0,421129.511872078290000,5765808.033638086200000,7.850156969000068,52.037274860000082,0,
05,5,66,028,2019,06,11,2,3,5,3,0,0,1,0,0,0,0,417511.190000000410000,5791184.537000004200000,7.791255856000021,52.264851025000041,0,
05,5,58,020,2019,06,16,2,3,5,3,0,1,1,0,0,0,0,390466.233040406370000,5759649.057200044400000,7.405251336000049,51.976712265000060,0,
05,5,54,004,2019,06,18,2,3,4,6,0,1,0,0,0,0,0,356194.054036108780000,5776628.760807678100000,6.899441933000048,52.121461566000050,0,
05,5,54,028,2019,06,22,2,2,2,6,2,0,1,0,0,0,0,358566.228731342590000,5744287.951090740000000,6.947395750000055,51.831485450000059,1,
05,5,54,008,2019,06,10,2,3,2,6,0,0,1,0,0,0,0,331685.003999999720000,5745226.534000000000000,6.557168789000059,51.832465300000081,0,
05,5,13,000,2019,06,14,2,3,5,3,0,1,1,0,0,0,0,364406.044447448100000,5716489.151911642400000,7.042906443000049,51.583129954000071,0,
05,5,70,008,2019,06,03,1,2,8,1,2,0,1,0,0,0,0,435422.074000001880000,5738112.521000001600000,8.063686028000063,51.790144425000051,0,
05,5,70,016,2019,06,11,1,3,2,6,0,0,1,0,0,0,0,411887.391687753610000,5739986.042118791500000,7.722060434000071,51.803773680000063,0,
05,5,66,076,2019,06,22,1,3,5,7,1,0,1,0,1,0,0,394537.177676471880000,5792913.113614233200000,7.454185671000062,52.276460860000043,0,
05,5,66,012,2019,06,23,1,3,2,1,2,0,1,0,0,0,0,403046.663104872220000,5772464.239829732100000,7.584717853000029,52.094234711000070,0,
05,5,58,040,2019,06,16,1,3,9,1,0,0,0,0,1,0,0,384920.094667325730000,5766613.138632809700000,7.322199728000044,52.038178260000052,0,
05,5,58,032,2019,06,03,1,2,0,1,2,1,0,0,0,0,0,390687.307000000030000,5754103.836000001100000,7.410232513000040,51.926917764000052,0,
05,5,54,056,2019,06,13,1,2,3,6,0,1,0,0,0,0,0,362822.502833825540000,5762697.276445528500000,7.001793203000034,51.997966388000066,0,
05,5,54,044,2019,06,13,1,2,0,7,0,0,1,0,1,0,0,365413.688967676830000,5743669.105004182100000,7.046948498000063,51.827616282000065,0,
05,5,54,048,2019,06,07,1,3,9,1,0,0,1,0,0,0,0,340264.043966431170000,5742942.700344039100000,6.682620883000027,51.814466757000048,0,
05,5,15,000,2019,06,21,1,2,5,3,1,0,1,0,0,0,0,405837.260000000710000,5756863.344000000500000,7.629733700000031,51.954490484000075,0,
05,5,15,000,2019,06,16,1,3,3,6,0,1,0,0,0,0,0,407101.798177028070000,5760330.782841282000000,7.647191491000058,51.985870226000031,0,
05,5,70,020,2019,06,12,3,1,8,1,0,0,1,0,0,0,0,431127.201649880040000,5748451.894388858200000,7.999366338000073,51.882581429000027,0,
05,5,70,008,2019,06,15,3,3,3,6,0,1,1,0,0,0,0,433869.026000000540000,5734665.021000001600000,8.041828419000069,51.758969791000027,1,
05,5,58,016,2019,06,20,3,3,1,5,0,0,1,0,0,0,0,381668.725615570320000,5744015.313685398500000,7.282593146000068,51.834407365000061,0,
05,5,54,008,2019,06,16,3,2,9,1,0,1,0,0,0,0,0,331471.771452191290000,5746246.087423156900000,6.553580510000074,51.841559669000048,0,
05,5,58,016,2019,06,07,3,3,9,1,0,0,1,0,0,0,0,382032.879868625660000,5745754.995394276500000,7.287282399000048,51.850119232000054,1,
05,5,54,068,2019,06,12,3,2,5,3,0,0,1,0,0,1,0,350110.300999999980000,5765963.327000001400000,6.815329964000057,52.024024308000037,0,
05,5,54,012,2019,06,14,3,3,2,6,0,0,1,0,0,0,0,352926.193621362560000,5746837.124615537000000,6.864519130000076,51.852933256000028,0,
05,5,15,000,2019,06,11,3,2,9,7,0,1,0,0,0,0,0,406151.666300210170000,5751386.704165868500000,7.635801261000040,51.905316786000071,0,
05,5,15,000,2019,06,10,3,3,9,7,0,0,1,0,0,0,0,411590.005327991210000,5757259.070043480000000,7.713322879000032,51.958991899000068,1,
05,5,54,024,2019,06,23,6,3,3,7,2,0,1,0,0,0,0,369813.948533860040000,5780874.063552180300000,7.096635223000021,52.162984109000035,0,
05,5,70,012,2019,06,07,5,2,2,6,0,0,1,0,0,0,0,440732.479445680040000,5753518.977899517900000,8.138028729000041,51.929238787000031,0,
05,5,66,028,2019,06,17,5,3,1,6,0,0,1,0,0,0,0,412103.471779515970000,5792902.597200004400000,7.711587562000034,52.279455741000049,1,
05,5,66,012,2019,06,13,5,3,2,6,0,0,1,0,0,1,0,400979.263000000270000,5775941.443000001800000,7.553537996000046,52.125121459000070,0,
05,5,58,012,2019,06,17,5,2,0,1,0,0,0,0,1,0,0,367632.165388751780000,5748157.130133442600000,7.077404085000069,51.868476287000078,0,
05,5,58,032,2019,06,11,5,3,0,1,0,1,0,0,0,0,0,386861.737637374550000,5755192.540262689800000,7.354262494000068,51.935937991000060,0,
05,5,54,068,2019,06,09,5,2,5,3,0,0,1,0,0,0,0,353567.729966893790000,5768115.679877940600000,6.864762923000058,52.044285804000026,0,
05,5,54,012,2019,06,18,5,3,2,2,0,0,1,0,0,0,0,354516.859497400000000,5745047.051568487700000,6.888351280000052,51.837266149000072,1,
05,5,54,020,2019,06,15,5,3,5,3,0,1,1,0,0,0,0,365215.529587130990000,5785493.897614877700000,7.027610769000035,52.203391348000082,0,
05,5,15,000,2019,06,17,5,3,3,3,0,1,1,0,0,0,0,407701.160000000150000,5758539.449000001000000,7.656398797000065,51.969868703000031,0,
05,5,62,036,2019,06,07,5,3,2,2,0,0,1,0,0,1,0,387305.667000001300000,5722809.978000002000000,7.371237054000062,51.644985878000057,0,
05,5,62,004,2019,06,13,5,3,5,3,0,0,1,0,0,0,0,383075.885933143090000,5717148.247822243700000,7.312021860000073,51.593236720000050,0,
05,5,62,012,2019,06,08,5,2,2,2,0,1,1,0,0,0,0,359701.399449061600000,5726259.545918507500000,6.971133131000045,51.669774240000038,0,
05,5,12,000,2019,06,15,5,3,2,6,0,0,1,0,0,0,0,356254.053496719340000,5712078.993385762000000,6.927128724000056,51.541481228000066,0,
05,5,62,032,2019,06,10,5,3,6,6,0,1,0,1,0,0,0,376069.819462686780000,5714634.863301791300000,7.211817213000074,51.569150758000035,0,
05,5,62,032,2019,06,20,5,2,0,5,0,1,1,0,0,0,0,377502.026108962480000,5720578.538685981200000,7.230396492000068,51.622881280000058,0,
05,5,13,000,2019,06,08,5,2,6,4,0,0,1,1,0,0,0,364471.999603630970000,5713291.643088856700000,7.045091034000052,51.554411789000028,0,
05,5,13,000,2019,06,13,5,3,5,2,0,1,1,0,0,0,0,365624.414000000800000,5709881.767000000900000,7.063005371000031,51.524044539000045,0,
05,5,70,028,2019,06,17,4,3,8,1,0,0,0,0,1,0,0,445120.646289742550000,5745595.066415710400000,8.203103321000071,51.858450815000026,0,
05,5,70,028,2019,06,12,4,3,0,3,0,1,1,0,0,0,0,441118.032239833850000,5743452.098201530100000,8.145353571000044,51.838777116000074,1,
05,5,70,028,2019,06,11,4,3,0,7,0,1,0,0,0,0,0,442266.287180780430000,5740265.933483023200000,8.162549404000060,51.810252549000040,1,
05,5,70,044,2019,06,18,4,3,5,3,0,1,1,0,0,0,0,416953.252000001260000,5760664.379000002500000,7.790533612000047,51.990429126000038,0,
05,5,66,028,2019,06,15,4,3,0,1,0,0,0,0,1,0,0,414514.478426603600000,5792702.540282504600000,7.746970216000022,52.278037799000060,1,
05,5,66,016,2019,06,16,4,3,5,3,0,1,1,0,0,0,0,403429.684516801500000,5795244.522849116500000,7.583813747000022,52.299049065000077,1,
05,5,66,012,2019,06,17,4,2,2,6,0,0,1,0,0,0,0,410266.384639360940000,5772819.521653426800000,7.689983604000076,52.098646065000082,1,
05,5,66,012,2019,06,14,4,3,1,5,0,0,1,0,1,0,0,402513.197461488660000,5770867.860519956800000,7.577389574000051,52.079792647000033,1,
05,5,58,044,2019,06,14,4,3,9,1,0,0,1,0,0,0,0,395915.883012084290000,5744250.020880252100000,7.489216467000063,51.839353829000061,1,
05,5,54,020,2019,06,07,4,3,5,3,0,1,1,0,0,0,0,366049.312538106930000,5785877.010020991800000,7.039652759000035,52.207037002000050,1,
05,5,54,008,2019,06,20,4,3,5,2,1,1,1,0,0,0,0,334709.207877456210000,5745717.426655285100000,6.600784034000071,51.837778163000053,0,
05,5,54,032,2019,06,16,4,3,4,2,0,0,1,0,0,0,0,329298.502745946870000,5744449.584921434500000,6.522950227000024,51.824761981000051,1,
05,5,15,000,2019,06,12,4,3,6,1,0,0,1,1,0,0,0,406373.758000000380000,5757335.947999998900000,7.637409692000063,51.958829058000049,1,
05,5,15,000,2019,06,16,4,3,5,3,0,1,1,0,0,0,0,404523.467965525570000,5759082.056103993200000,7.610004435000064,51.974209077000069,1,
05,5,15,000,2019,06,10,4,3,6,4,0,1,0,1,0,0,0,404755.006800752130000,5758425.200650198400000,7.613556480000057,51.968344750000028,0,
05,5,15,000,2019,06,13,4,3,6,4,0,0,1,1,0,0,0,406386.053000002170000,5757327.651000000500000,7.637590833000047,51.958756551000079,1,
05,5,62,036,2019,06,11,4,2,4,2,0,1,1,0,0,0,0,390900.414579208940000,5720779.965899247700000,7.423802905000059,51.627448859000026,1,
05,5,62,004,2019,06,16,4,3,5,2,0,1,1,0,0,0,0,382712.269408314490000,5714258.485874982600000,7.307740166000031,51.567188888000032,0,
05,5,62,016,2019,06,18,4,3,5,3,0,1,1,0,0,0,0,374746.862407285720000,5732559.051495695500000,7.186319545000060,51.729943191000075,0,
05,5,62,024,2019,06,11,4,3,2,2,0,0,1,0,1,0,0,371182.678957641120000,5724015.317656865300000,7.137893037000026,51.652355833000058,0,
05,5,12,000,2019,06,14,4,2,6,4,0,0,1,1,0,0,0,356592.587116613050000,5711967.641554379800000,6.932052452000050,51.540566757000079,1,
05,5,13,000,2019,06,17,4,3,6,4,0,0,1,1,0,0,0,364478.546122512780000,5713333.830089082900000,7.045169148000070,51.554792471000042,0,
05,5,13,000,2019,06,11,4,3,2,6,0,0,1,0,0,0,1,367429.195017606020000,5708617.158785212800000,7.089480945000048,51.513106428000071,1,
05,5,13,000,2019,06,15,4,3,9,1,0,0,1,0,0,0,0,370089.733088172040000,5711308.842172574300000,7.126807887000041,51.537914296000054,1,
05,5,54,036,2019,06,16,4,2,1,6,0,0,1,0,0,0,1,367048.351630957800000,5767167.730388734500000,7.061574589000031,52.039164792000065,0,
05,5,66,012,2019,06,14,6,3,5,3,0,0,1,0,0,0,0,407024.801745277830000,5771339.647052066400000,7.643077669000036,52.084809267000026,0,
05,5,62,008,2019,06,10,6,2,0,1,0,0,0,0,1,0,0,383572.324393228630000,5723382.934307100300000,7.317113290000066,51.649374801000079,0,
05,5,70,048,2019,06,20,7,2,1,5,0,1,1,0,0,0,0,449369.434939755130000,5729256.908587690400000,8.267177830000037,51.711963490000073,0,
05,5,62,032,2019,06,09,6,3,2,6,0,0,1,0,0,0,0,373662.525069774130000,5719943.776314493300000,7.175189858000067,51.616327851000051,0,
05,5,70,044,2019,06,18,6,3,5,3,0,1,1,0,0,0,0,415949.767830520870000,5760277.357972031500000,7.776017632000048,51.986799269000073,0,
05,5,66,020,2019,06,12,1,3,0,7,0,1,0,1,0,0,0,404327.153609581290000,5804479.559295825700000,7.594340660000057,52.382208156000047,0,
05,5,66,068,2019,06,13,6,3,5,3,0,0,1,0,0,1,0,380533.006404813380000,5783798.773256707900000,7.252238916000067,52.191691004000063,0,
05,5,15,000,2019,06,03,1,3,0,1,2,1,0,0,0,0,0,407039.007000001150000,5757866.227000001800000,7.646944949000044,51.963707095000075,0,
05,5,58,024,2019,06,17,6,3,2,6,0,0,1,0,0,0,0,386346.432486032140000,5738358.396146498600000,7.352307713000073,51.784537137000029,0,
05,5,12,000,2019,06,13,6,3,2,6,0,0,1,0,0,0,1,353102.113527790640000,5712002.896288638900000,6.881741375000047,51.539985944000080,0,
05,5,62,014,2019,06,14,7,3,3,2,0,1,1,0,0,0,0,357429.037597076040000,5713982.138990413400000,6.943289335000031,51.558880637000073,0,
05,5,13,000,2019,06,11,6,3,2,6,0,0,1,0,0,0,0,368457.977379010060000,5707840.636594168800000,7.104587982000055,51.506368453000050,0,
05,5,70,028,2019,06,04,1,1,9,1,1,0,1,0,0,0,0,444234.215524380100000,5743059.117459345600000,8.190641972000037,51.835564001000080,0,
05,5,12,000,2019,06,15,6,3,5,3,0,1,1,0,0,0,0,356502.255182717930000,5709680.879949590200000,6.931682511000076,51.519995384000026,0,
05,5,54,056,2019,06,15,1,3,0,1,0,0,0,0,1,0,0,357476.847596575510000,5762562.314543034900000,6.924035634000063,51.995407501000045,0,
05,5,66,020,2019,06,07,6,3,5,3,0,0,1,0,0,0,0,404510.668996312660000,5806882.881416980200000,7.596350837000045,52.403840420000051,0,
05,5,66,060,2019,06,19,6,3,5,3,0,1,1,0,0,0,0,389150.515839036550000,5788881.993622457600000,7.376588219000041,52.239173672000049,0,
05,5,13,000,2019,06,15,1,3,3,6,0,0,1,0,0,0,0,365319.237878504210000,5715280.634537862600000,7.056542251000053,51.572488669000052,0,
05,5,58,044,2019,06,11,6,3,5,3,0,0,1,0,0,0,0,395589.817529444580000,5753187.896879147700000,7.481781337000030,51.919626498000071,0,
05,5,62,028,2019,06,14,6,3,5,3,0,1,1,0,0,0,0,379035.402402362790000,5722643.878541743400000,7.251822839000056,51.641774870000063,0,
05,5,62,032,2019,06,09,6,3,5,2,0,1,1,0,0,0,0,376130.336317284960000,5715086.781953159700000,7.212530621000042,51.573225557000058,0,
05,5,70,028,2019,06,13,6,3,0,7,0,1,0,0,0,0,0,441365.381191862750000,5742679.827283283700000,8.149074187000053,51.831860259000052,0,
05,5,66,084,2019,06,09,1,3,5,3,0,0,1,0,1,0,0,390417.618000000720000,5776990.256999999300000,7.398981166000056,52.132554522000078,0,
05,5,66,068,2019,06,13,6,3,0,3,0,0,1,0,1,0,0,375892.673586511050000,5785959.281635876700000,7.183597096000028,52.210080813000047,0,
05,5,54,040,2019,06,13,1,2,5,3,0,0,0,0,1,0,0,346307.626992371860000,5739618.588785702400000,6.771698982000032,51.786295855000049,0,
05,5,58,004,2019,06,15,6,3,2,6,0,0,1,0,0,0,0,405683.437464025800000,5737812.019681327000000,7.632699440000067,51.783219917000054,0,
05,5,62,012,2019,06,21,6,3,2,6,0,0,1,0,0,0,0,363693.349829840470000,5726359.083145339000000,7.028784787000063,51.671651365000059,0,
05,5,54,008,2019,06,17,6,3,5,2,0,1,1,0,0,0,0,334938.303284715860000,5745873.741198737200000,6.604031666000026,51.839250142000026,0,
05,5,62,028,2019,06,11,7,2,9,1,0,0,1,0,0,0,0,378141.237553101960000,5721386.117250334500000,7.239344822000021,51.630277994000039,1,
05,5,13,000,2019,06,15,6,3,0,7,0,0,0,0,0,0,1,369448.910266110670000,5707171.359373416800000,7.119105918000059,51.500583536000079,0,
05,5,58,008,2019,06,15,1,3,4,6,0,1,1,0,0,0,0,379439.677813720890000,5759565.404142705700000,7.244818121000037,51.973677731000066,0,
05,5,66,084,2019,06,13,6,3,5,3,0,0,1,0,0,0,0,386587.076704157520000,5779689.032128430900000,7.342140528000073,52.156035470000063,0,
05,5,66,040,2019,06,07,6,3,4,2,0,0,1,0,0,0,0,418713.536074603910000,5784370.459118755500000,7.810508753000022,52.203780640000048,0,
05,5,62,008,2019,06,20,1,2,0,5,0,1,1,0,0,0,0,384939.610921644610000,5722788.613677259500000,7.337063001000047,51.644314701000042,0,
05,5,58,024,2019,06,14,6,3,5,3,0,0,0,0,1,1,0,393053.971573978660000,5735408.454760734000000,7.450419124000064,51.759345335000035,0,
05,5,15,000,2019,06,05,6,3,5,2,1,1,1,0,0,0,0,402427.529979504640000,5753739.035770416300000,7.581017563000046,51.925820511000040,0,
05,5,62,016,2019,06,04,7,2,2,6,1,0,1,0,0,0,0,374148.654009760360000,5737130.813192779200000,7.176007456000036,51.770894667000050,1,
05,5,62,014,2019,06,14,6,2,6,4,0,0,1,1,0,0,0,362021.605282302010000,5712762.897057520200000,7.009975738000037,51.549066384000071,0,
05,5,70,020,2019,06,14,6,3,5,3,0,0,1,0,0,0,0,434953.770897474140000,5744950.076993903100000,8.055612675000020,51.851559882000060,0,
05,5,54,036,2019,06,11,1,3,1,6,0,0,1,0,0,0,0,366141.106593980450000,5769072.219036201000000,7.047609386000033,52.056059607000066,0,
05,5,66,076,2019,06,16,1,3,2,2,0,0,1,0,0,0,0,393088.552839634940000,5793849.300352649800000,7.432664226000043,52.284594718000051,1,
05,5,66,076,2019,06,14,6,3,5,3,0,0,1,0,0,0,0,394875.644000001250000,5792949.133999999600000,7.459133542000075,52.276849411000057,0,
05,5,58,004,2019,06,11,2,3,2,7,0,0,1,0,0,0,0,406243.065215493550000,5735774.605529516900000,7.641359999000031,51.765000115000078,0,
05,5,54,056,2019,06,06,6,3,1,5,0,0,1,0,0,0,0,355661.888638672420000,5762280.606651328500000,6.897737012000050,51.992407640000067,0,
05,5,13,000,2019,06,12,4,3,8,7,0,0,1,0,0,0,0,363954.549207624050000,5718047.548914486500000,7.035789824000062,51.597025372000076,0,
05,5,62,024,2019,06,09,4,3,0,7,0,0,0,0,0,1,1,365579.444440318270000,5725458.528131710400000,7.056390213000043,51.664013166000075,0,
05,5,70,052,2019,06,00,3,3,5,3,2,1,1,0,0,0,0,430847.623219722880000,5757736.129747897400000,7.993439806000026,51.966009207000070,0,
05,5,66,032,2019,06,11,3,3,5,3,0,0,1,0,0,0,1,414901.284000000920000,5777687.043999999800000,7.756413280000061,52.143130886000051,0,
05,5,66,044,2019,06,11,3,3,0,7,0,0,1,1,0,0,0,429084.421683626250000,5778161.556089351000000,7.963538573000051,52.149399466000034,0,
05,5,58,012,2019,06,17,3,2,0,1,0,1,0,0,0,0,0,369122.920214231130000,5755725.193333569900000,7.096170034000068,51.936835747000032,0,
05,5,58,012,2019,06,14,3,3,2,6,0,1,0,0,0,0,0,375340.221580823880000,5751627.816278213600000,7.188044558000058,51.901441829000078,0,
05,5,58,032,2019,06,14,3,3,8,1,0,1,0,0,0,0,0,386903.000009303910000,5755050.506188035000000,7.354909136000060,51.934669868000071,0,
05,5,58,016,2019,06,09,3,3,6,4,0,0,1,1,0,0,0,380439.843472106380000,5744722.009064203100000,7.264522265000039,51.840496790000032,0,
05,5,54,020,2019,06,15,3,3,0,6,0,1,0,0,0,0,0,366188.987448371950000,5785855.166052900300000,7.041704217000074,52.206874653000057,0,
05,5,54,056,2019,06,15,3,3,1,6,0,0,1,0,0,0,0,356365.627780769950000,5760974.899711653600000,6.908526249000033,51.980858324000053,0,
05,5,54,016,2019,06,20,3,3,0,1,0,0,0,0,1,0,0,362002.860064513050000,5757852.709217634100000,6.991809661000048,51.954232627000067,0,
05,5,54,020,2019,06,19,3,3,1,2,0,0,1,0,0,0,0,365227.448809565040000,5784631.484865767900000,7.028128184000025,52.195645206000052,0,
05,5,54,060,2019,06,20,3,2,8,1,0,0,0,0,0,0,1,354684.776917119510000,5758346.285812405900000,6.885181635000038,51.956803523000076,0,
05,5,15,000,2019,06,16,3,3,2,6,0,0,1,0,0,0,0,401290.666558229360000,5748177.690076084800000,7.566082529000028,51.875633104000030,0,
05,5,15,000,2019,06,11,3,2,5,2,0,1,1,0,0,0,0,398637.643134140410000,5758007.089769752700000,7.524662817000035,51.963504896000074,0,
05,5,15,000,2019,06,11,3,3,0,3,0,0,1,0,1,0,0,402689.745518723500000,5754821.752891307700000,7.584523462000050,51.935598216000074,0,
05,5,15,000,2019,06,07,3,3,5,2,0,1,1,0,0,0,0,406940.436653381210000,5756956.725214552100000,7.645757079000020,51.955515541000068,0,
05,5,15,000,2019,06,01,3,2,5,3,2,0,1,0,0,0,0,408726.531611736860000,5753398.064202021800000,7.672685984000054,51.923824065000076,0,