ULAND,UREGBEZ,UKREIS,UGEMEINDE,UJAHR,UMONAT,USTUNDE,UWOCHENTAG,UKATEGORIE,UART,UTYP1,ULICHTVERH,IstRad,IstPKW,IstFuss,IstKrad,IstGkfz,IstSonstige,LINREFX,LINREFY,XGCSWGS84,YGCSWGS84,STRZUSTAND,UIDENTSTLAE
05,5,12,000,2019,06,08,1,2,2,6,0,0,1,0,0,0,0,356971.492763547230000,5722376.211175842200000,6.933271414000046,51.634191706000081,0,
05,5,70,040,2019,06,10,7,2,8,1,0,0,1,0,0,0,0,418025.430202654560000,5747402.154097005700000,7.809304523000037,51.871372733000044,0,
05,5,66,076,2019,06,15,7,3,2,5,0,0,1,0,0,0,0,393535.310999999750000,5792905.028999999200000,7.439509307000037,52.276195096000038,0,
05,5,66,084,2019,06,18,7,3,5,2,0,1,1,0,0,0,0,390000.000000001860000,5775781.094000004200000,7.393273279000027,52.121604530000070,0,
05,5,66,012,2019,06,17,7,3,8,1,0,0,1,0,0,0,0,405232.538063826970000,5775341.612499691500000,7.615815418000068,52.120475701000032,0,
05,5,66,012,2019,06,10,7,3,0,1,0,1,0,0,0,0,0,404894.728264393280000,5772897.966220164700000,7.611565394000024,52.098453837000079,0,
05,5,66,004,2019,06,10,7,3,2,6,0,0,1,0,0,0,0,393578.114824838940000,5767133.371666781600000,7.448214739000036,52.044583322000051,0,
05,5,58,016,2019,06,00,7,2,8,1,2,0,1,0,0,0,0,379718.950369908470000,5750922.385062484100000,7.251903829000071,51.896064616000046,0,
05,5,70,020,2019,06,09,5,3,5,3,0,1,1,0,0,0,0,432211.443000000900000,5743628.767000000900000,8.016062862000069,51.839355152000053,0,
05,5,54,008,2019,06,20,7,3,0,1,0,1,0,0,0,0,0,334583.718079520390000,5745662.819343691700000,6.598990366000066,51.837250457000039,0,
05,5,70,028,2019,06,10,5,3,8,1,0,0,1,0,0,0,0,439790.669599761260000,5735714.962163716600000,8.127433882000048,51.769077057000061,0,
05,5,54,008,2019,06,15,7,3,4,6,0,1,0,0,0,0,0,337268.389940954740000,5743183.867012567800000,6.639087416000052,51.815769245000070,0,
05,5,70,016,2019,06,13,5,3,2,6,0,0,1,0,0,0,0,411849.953093082640000,5739990.306301364700000,7.721516505000068,51.803806110000039,0,
05,5,54,012,2019,06,19,7,3,5,3,0,1,1,0,0,0,0,347486.137294430290000,5744477.770168520500000,6.786633422000023,51.830275861000075,0,
05,5,70,052,2019,06,07,5,3,5,3,0,1,1,0,0,0,0,429112.675176545980000,5752205.853227505500000,7.969330880000030,51.916075739000064,0,
05,5,58,016,2019,06,21,7,2,9,1,0,0,0,0,1,0,0,381914.432972399520000,5746084.556671550500000,7.285450968000021,51.853056007000077,0,
05,5,70,052,2019,06,18,5,3,2,6,0,1,0,0,0,0,0,431818.777867612430000,5756727.677650731100000,8.007773515000054,51.957063525000081,0,
05,5,70,052,2019,06,11,5,3,5,2,0,1,1,0,0,0,0,430446.277556039390000,5755934.618948938300000,7.987963680000064,51.949764238000057,0,
05,5,15,000,2019,06,13,7,3,3,6,0,1,1,0,0,0,0,405968.241409766490000,5756447.011841878300000,7.631753090000075,51.950770460000058,0,
05,5,66,048,2019,06,13,5,2,1,6,0,0,1,0,0,1,1,426095.696613895710000,5792990.808404324600000,7.916626734000033,52.282308088000036,0,
05,5,15,000,2019,06,12,7,2,0,4,0,1,0,1,0,0,0,405888.384935852140000,5757927.359858783000000,7.630185937000022,51.964062991000048,0,
05,5,62,008,2019,06,21,7,2,5,3,0,0,1,0,1,0,0,383168.114838096310000,5728955.583422768900000,7.309409241000026,51.699375390000057,0,
05,5,66,012,2019,06,16,5,2,6,4,0,0,0,1,0,0,1,404479.003760735500000,5772324.189099483200000,7.605659031000073,52.093225026000027,0,
05,5,62,004,2019,06,17,7,3,1,6,0,0,1,0,0,0,0,382898.823096181270000,5716706.906740386000000,7.309614155000077,51.589233315000058,0,
05,5,66,060,2019,06,13,5,3,0,5,0,1,1,0,0,0,0,390709.433534427550000,5785756.415535870900000,7.400419097000054,52.211395480000078,0,
05,5,62,016,2019,06,17,7,3,1,7,0,0,1,0,1,0,0,377114.124464360070000,5738828.361033517900000,7.218363107000073,51.786809271000038,0,
05,5,54,056,2019,06,07,5,3,5,2,0,1,1,0,0,0,0,356822.534890036100000,5761986.664268793500000,6.914752232000069,51.990066974000058,0,
05,5,62,016,2019,06,16,7,3,0,1,0,1,1,0,0,0,0,380422.495595572520000,5730791.240163799400000,7.269068957000059,51.715294724000046,0,
05,5,62,012,2019,06,11,7,3,5,2,0,1,1,0,0,0,0,358690.692351062780000,5725127.870556505400000,6.956984816000045,51.659351995000065,0,
05,5,54,048,2019,06,14,5,3,2,6,0,0,1,0,0,0,0,340125.977000001820000,5745469.921000003800000,6.679452678000075,51.837131455000076,0,
05,5,13,000,2019,06,11,7,3,5,3,0,0,1,0,0,0,0,364182.292955791580000,5716506.095244169200000,7.039672408000058,51.583228334000069,0,
05,5,15,000,2019,06,16,5,3,1,6,0,0,1,0,0,0,0,399734.988384719940000,5761192.366882093300000,7.539698397000052,51.992333385000052,0,
05,5,15,000,2019,06,17,5,3,0,7,0,1,0,0,0,0,1,397588.895999999720000,5756743.021000003400000,7.509780592000027,51.951951272000031,1,
05,5,15,000,2019,06,13,5,3,4,6,0,1,0,0,0,0,0,408587.176777094600000,5753611.521827204200000,7.670603361000076,51.925719897000079,0,
05,5,15,000,2019,06,08,5,3,0,1,0,1,0,0,0,0,0,405791.558320549320000,5756889.960883595000000,7.629061553000042,51.954721988000074,0,
05,5,62,028,2019,06,07,5,3,0,1,0,1,0,0,0,0,0,377918.130558271890000,5723353.093295803300000,7.235436780000043,51.647907326000052,0,
05,5,62,008,2019,06,16,5,2,5,2,0,1,1,0,0,0,0,384072.640364768910000,5721125.265134489200000,7.325089581000043,51.629187009000077,0,
05,5,62,012,2019,06,17,5,2,5,2,0,1,1,0,0,0,0,359287.858000000940000,5725839.778000002700000,6.965325993000022,51.665898875000039,0,
05,5,62,024,2019,06,10,5,3,4,2,0,0,1,0,0,0,0,368201.431826888580000,5723161.093026045700000,7.095145132000027,51.643988309000065,0,
05,5,62,020,2019,06,12,5,3,5,2,0,1,1,0,0,0,0,371625.905496059920000,5716292.131070483500000,7.147125939000034,51.583050229000037,0,
05,5,13,000,2019,06,11,5,3,2,6,0,0,1,0,0,0,0,367359.221205133940000,5707113.666799735300000,7.089038615000050,51.499578557000063,0,
05,5,13,000,2019,06,06,5,3,5,3,0,0,1,0,0,0,0,370395.576000000350000,5707658.649000003900000,7.132557988000031,51.505180640000049,0,
05,5,66,068,2019,07,15,5,3,8,1,0,0,1,0,0,0,0,371822.125898492520000,5785670.360240183800000,7.124165034000043,52.206552894000026,0,
05,5,66,068,2019,07,15,5,3,2,6,0,0,1,0,0,0,1,371817.520123658700000,5785659.553994562500000,7.124101760000031,52.206454720000067,0,
05,5,70,040,2019,07,16,4,3,3,6,0,0,0,0,1,1,0,416973.157585211100000,5743832.237477524200000,7.794881371000031,51.839126432000057,0,
05,5,70,024,2019,07,16,4,2,5,3,0,0,1,0,0,0,0,421984.525575802660000,5753717.418345037800000,7.865369241000053,51.928710676000037,0,
05,5,66,008,2019,07,22,4,2,6,4,2,0,1,1,0,0,0,399310.322999999860000,5781224.859000001100000,7.527601465000032,52.172306045000028,0,
05,5,54,056,2019,07,08,4,3,5,3,0,1,1,0,0,0,0,357470.061131783760000,5762574.121701085900000,6.923931945000049,51.995511847000046,0,
05,5,54,004,2019,07,20,4,2,0,3,0,1,1,0,0,0,0,360723.848261215720000,5770149.633734259800000,6.968209619000049,52.064405369000042,0,
05,5,54,060,2019,07,07,4,3,5,3,0,0,1,0,0,0,0,354764.734784290190000,5758429.231376532500000,6.886309370000049,51.957569668000076,0,
05,5,15,000,2019,07,07,4,3,0,6,0,1,0,0,0,0,0,406296.478000001050000,5758870.500000003700000,7.635866584000041,51.972609301000034,0,
05,5,15,000,2019,07,11,4,3,2,6,0,0,1,0,0,0,0,399372.554739832880000,5756988.634457098300000,7.535654062000049,51.954484444000059,0,
05,5,15,000,2019,07,09,4,3,0,7,0,1,1,0,0,0,0,407270.312551667910000,5756887.715544454800000,7.650574759000051,51.954950350000047,0,
05,5,70,008,2019,07,20,2,3,9,7,0,0,0,0,0,1,0,432986.131871527990000,5732364.943908561000000,8.029481409000027,51.738187016000040,0,
05,5,62,036,2019,07,14,4,2,5,3,0,0,1,0,1,0,0,386285.019594071430000,5720418.766080325500000,7.357268992000059,51.623288618000061,0,
05,5,62,028,2019,07,07,4,3,5,3,0,1,0,0,0,0,0,378024.945000001230000,5723409.650000002200000,7.236960159000034,51.648438797000040,0,
05,5,66,072,2019,07,17,2,3,4,2,0,0,1,0,0,0,0,412735.939000000250000,5801909.412000000500000,7.718519163000053,52.360511756000051,0,
05,5,62,004,2019,07,07,4,2,6,2,0,0,1,1,0,0,0,384130.615052074190000,5711672.368054462600000,7.329047158000037,51.544238584000027,0,
05,5,62,012,2019,07,16,4,3,5,3,0,0,1,0,0,0,0,361619.038908177060000,5732122.238096958000000,6.996520041000053,51.722931565000067,0,
05,5,66,028,2019,07,18,2,2,4,2,0,0,1,0,1,0,0,411328.566907369530000,5792449.890368590100000,7.700350989000071,52.275262257000065,0,
05,5,12,000,2019,07,08,4,3,2,6,0,0,1,0,0,0,0,355278.927385020070000,5714364.761457013000000,6.912136614000076,51.561771216000068,0,
05,5,66,048,2019,07,07,2,2,9,7,0,1,0,0,0,0,0,428695.124151221480000,5795968.765742806700000,7.954094652000038,52.309420353000064,0,
05,5,62,032,2019,07,14,4,3,9,7,0,0,1,0,0,0,0,373606.178999999540000,5714690.386000001800000,7.176268683000046,51.569102873000077,0,
05,5,62,032,2019,07,16,4,2,5,3,0,1,1,0,0,0,0,374050.246080392040000,5719173.756010562200000,7.181063736000056,51.609494552000058,0,
05,5,66,016,2019,07,13,2,3,5,3,0,0,1,0,0,0,0,405443.443937059490000,5795812.334399640600000,7.613176229000032,52.304502816000081,0,
05,5,66,012,2019,07,17,2,3,0,1,0,1,0,0,0,0,0,400929.337079119870000,5775997.078664265600000,7.552792745000033,52.125612560000036,0,
05,5,66,008,2019,07,06,2,2,8,7,0,0,0,0,0,1,0,400497.293384797870000,5780290.598548259600000,7.545226529000047,52.164124414000071,0,
05,5,58,024,2019,07,15,2,2,0,1,0,1,0,0,0,0,0,392549.382684870620000,5736050.959405280600000,7.442912166000042,51.765023579000058,0,
05,5,54,020,2019,07,20,2,2,1,5,0,0,1,0,0,0,0,366377.125883862380000,5787626.214402448400000,7.043756627000050,52.222833851000075,0,
05,5,54,028,2019,07,11,2,2,8,7,0,0,1,0,0,0,0,357400.734470845200000,5745652.730064466600000,6.929930489000071,51.843452147000050,0,
05,5,54,008,2019,07,14,2,3,5,3,0,0,1,0,0,0,0,335139.237999999900000,5741518.734999997500000,6.609018529000025,51.800186758000052,0,
05,5,66,040,2019,07,00,2,3,2,1,0,0,1,0,0,0,1,415609.066584674640000,5780901.376893207400000,7.765954960000045,52.172131926000077,0,
05,5,62,020,2019,07,02,2,3,9,1,2,0,1,0,0,0,0,371467.114701253360000,5715385.799033951000000,7.145167056000048,51.574868930000036,0,
05,5,15,000,2019,07,11,2,2,5,3,0,1,1,0,0,0,0,404117.216829014940000,5758144.070926576900000,7.604353898000056,51.965708208000081,0,
05,5,15,000,2019,07,19,2,3,5,2,0,1,1,0,0,0,0,408401.855873041790000,5753924.842691373100000,7.667825673000039,51.928505762000043,0,
05,5,15,000,2019,07,10,2,3,0,1,0,1,0,0,0,0,0,405756.955515272920000,5753658.358908604800000,7.629443780000031,51.925668955000049,0,
05,5,62,016,2019,07,17,2,3,9,1,0,0,0,0,1,0,1,375092.002823325810000,5731780.581409305300000,7.191593788000034,51.723024166000073,0,
05,5,62,024,2019,07,16,2,3,5,2,0,1,1,0,0,0,0,370557.650000000370000,5726034.848000003000000,7.128115246000050,51.670361137000043,0,
05,5,12,000,2019,07,07,2,3,6,7,0,0,0,1,0,0,1,356368.760503454130000,5710752.597777275400000,6.929322786000057,51.529591711000080,0,
05,5,62,032,2019,07,14,2,3,0,1,0,1,0,0,0,0,0,379185.362926009110000,5716713.510881573000000,7.256033445000071,51.588508659000070,0,
05,5,13,000,2019,07,09,2,2,6,4,0,0,1,1,0,0,0,367141.762079664510000,5714958.626809071700000,7.082947279000052,51.570027352000068,0,
05,5,13,000,2019,07,16,2,2,5,2,0,0,1,0,0,0,0,367632.777488681490000,5709115.419635182200000,7.092225971000062,51.517631890000075,0,
05,5,62,032,2019,07,04,4,3,3,7,1,0,1,0,0,1,0,376610.897600159050000,5716544.133169762800000,7.218949552000026,51.586428532000070,0,
05,5,62,032,2019,07,07,4,3,1,6,0,0,1,0,0,0,0,375763.493734542280000,5716336.327410740800000,7.206797736000056,51.584374750000052,0,
05,5,70,028,2019,07,20,3,3,0,1,0,1,1,0,0,0,0,441489.652392841880000,5742592.716996055100000,8.150892168000041,51.831090150000080,0,
05,5,70,028,2019,07,16,3,3,5,3,0,1,1,0,0,0,0,445290.792058019900000,5743178.519807912400000,8.205956133000029,51.836741977000031,0,
05,5,66,060,2019,07,15,3,3,5,3,0,0,1,0,0,0,0,390302.033014128920000,5791361.003343073700000,7.392639983000038,52.261683289000075,0,
05,5,66,016,2019,07,09,3,3,5,2,0,0,1,0,0,0,0,403001.376000002030000,5792414.160000000100000,7.578349388000049,52.273535011000035,0,
05,5,66,084,2019,07,19,3,3,8,1,0,0,1,0,0,0,0,391591.768000000160000,5771481.343000000300000,7.417882225000028,52.083275530000037,0,
05,5,66,012,2019,07,07,3,2,4,6,0,0,1,0,0,0,0,403118.513307202610000,5776069.346609501200000,7.584740593000049,52.126650160000054,0,
05,5,58,012,2019,07,08,3,3,5,3,0,1,1,0,0,0,0,375486.151831005700000,5755488.900384346000000,7.188768353000057,51.936172438000028,0,
05,5,58,016,2019,07,08,3,3,8,1,0,0,1,0,0,0,0,371032.124365889470000,5746736.241359042000000,7.127288860000022,51.856504045000065,0,
05,5,54,024,2019,07,14,3,3,5,3,0,0,1,0,0,0,0,369522.732905627230000,5779259.594837237100000,7.093000353000036,52.148408167000071,0,
05,5,54,008,2019,07,16,3,3,4,6,0,1,0,0,0,0,0,335197.240746006370000,5745853.710085026900000,6.607796300000075,51.839146664000054,0,
05,5,15,000,2019,07,08,3,1,9,1,0,1,0,0,0,0,0,404001.173095403240000,5759287.714978259100000,7.602345515000025,51.975967627000045,0,
05,5,15,000,2019,07,07,3,2,5,3,0,1,0,0,0,0,1,401451.644184299740000,5753676.609075862900000,7.566848042000061,51.925087503000043,1,
05,5,62,036,2019,07,14,3,3,2,2,0,0,1,0,0,0,0,388688.143830960620000,5718082.958477795100000,7.392711586000075,51.602774832000080,0,
05,5,62,036,2019,07,19,3,3,5,3,0,1,1,0,0,0,0,388725.881412995050000,5717423.905862635000000,7.393465349000053,51.596858701000031,0,
05,5,62,004,2019,07,16,3,3,5,2,0,1,1,0,0,0,0,383253.738393239680000,5711617.118970505900000,7.316425899000024,51.543561297000053,0,
05,5,62,012,2019,07,14,3,3,2,2,0,0,1,0,0,0,0,361385.522481589580000,5726578.059805531100000,6.995344792000026,51.673054414000035,0,
05,5,62,020,2019,07,07,3,3,6,4,0,0,1,1,0,0,0,370873.710389033890000,5718245.392824662800000,7.135556661000067,51.600432006000062,0,
05,5,62,032,2019,07,13,3,2,8,1,0,0,1,0,0,0,0,372079.239116519690000,5721393.651210889200000,7.151804254000069,51.629000095000038,0,
05,5,70,016,2019,06,18,1,2,8,1,0,0,1,0,0,0,0,409251.046000001020000,5741728.690000001300000,7.683378535000031,51.819016439000052,0,
05,5,66,076,2019,06,18,1,2,5,3,0,1,1,0,0,0,0,393566.062000000850000,5792018.752000002200000,7.440239514000041,52.268235896000078,0,
05,5,70,028,2019,07,16,2,3,5,3,0,1,1,0,0,0,0,441515.174999999810000,5742448.742000002400000,8.151286842000047,51.829798455000059,1,
05,5,70,048,2019,07,15,2,3,8,1,0,0,1,0,0,0,0,450357.095097050070000,5727160.870204506400000,8.281770361000042,51.693206900000064,1,
05,5,70,048,2019,07,14,2,3,8,1,0,0,1,0,0,0,0,449836.900000002240000,5727498.596000002700000,8.274196297000060,51.696197045000076,1,
05,5,70,040,2019,07,14,2,2,5,3,0,0,1,0,1,0,0,414436.552000001070000,5750181.876000000200000,7.756499032000022,51.895820707000041,0,
05,5,70,012,2019,07,17,2,2,0,1,0,0,0,0,1,0,0,438391.519000000320000,5753279.349000001300000,8.104029728000057,51.926830338000059,1,
05,5,58,024,2019,07,11,2,3,0,1,0,1,0,0,0,0,0,391240.975463852290000,5734245.808895761100000,7.424524308000059,51.748546392000037,0,
05,5,54,064,2019,07,06,2,3,0,1,0,0,0,0,1,0,0,363822.046043422070000,5748614.750400330900000,7.021918098000072,51.871671332000062,0,
05,5,54,012,2019,07,23,2,2,8,1,2,0,1,0,0,0,0,347981.288999999870000,5751930.596000000800000,6.790533971000059,51.897370633000037,0,
05,5,54,008,2019,07,13,2,3,9,1,0,0,1,0,0,0,0,335291.061152019540000,5742581.494875563300000,6.610713398000030,51.809778726000047,0,
05,5,54,008,2019,07,15,2,3,5,3,0,1,1,0,0,0,0,333494.911417510360000,5745507.341147868000000,6.583276329000057,51.835530244000040,1,
05,5,54,008,2019,07,05,2,3,5,3,0,1,0,0,0,0,0,335282.609272412020000,5745846.662062529500000,6.609037662000048,51.839108533000058,0,
05,5,62,020,2019,07,16,2,2,4,6,0,0,1,0,0,0,0,369212.752845625390000,5718652.280756654200000,7.111436443000059,51.603705336000075,0,
05,5,66,012,2019,07,09,2,3,2,7,0,0,1,0,0,1,0,409872.929569572210000,5773420.112709520400000,7.684082323000041,52.103980480000075,0,
05,5,62,008,2019,07,10,2,3,5,2,0,1,1,0,0,0,0,383619.682000000960000,5723391.666999999400000,7.317794590000062,51.649463092000076,0,
05,5,70,008,2019,07,14,6,3,2,6,0,0,1,0,0,0,0,433285.192252982410000,5736916.479371696700000,8.032938065000053,51.779141224000057,0,
05,5,70,016,2019,07,19,6,3,0,3,0,1,1,0,0,0,0,412376.970999999900000,5739097.592000000200000,7.729383690000077,51.795864296000047,0,
05,5,66,028,2019,07,13,6,2,5,3,0,0,1,0,0,0,0,412612.564031605610000,5791999.622857222300000,7.719281946000024,52.271420718000059,0,
05,5,66,016,2019,07,19,6,3,3,6,0,0,1,0,0,0,1,400114.940744165330000,5797344.360611733000000,7.534597442000063,52.317328709000037,0,
05,5,58,024,2019,07,16,6,2,9,1,0,0,0,0,1,0,0,386549.932927144690000,5735040.910180110500000,7.356340277000072,51.754762176000042,0,
05,5,54,052,2019,07,13,6,2,4,6,0,0,1,0,0,0,1,379302.087880311530000,5772307.399723133100000,7.238320411000075,52.088155954000058,0,
05,5,54,012,2019,07,08,6,3,5,5,0,1,1,0,0,0,0,352388.597321497280000,5745580.623920355000000,6.857255605000034,51.841501820000076,0,
05,5,15,000,2019,07,16,6,3,5,2,0,1,1,0,0,0,0,405724.238316774370000,5753791.804986733900000,7.628931574000035,51.926862895000056,0,
05,5,15,000,2019,07,08,6,3,5,2,0,1,0,0,0,1,0,404662.948197395540000,5760134.064322827400000,7.611742108000044,51.983688841000060,0,
05,5,15,000,2019,07,16,6,3,0,7,0,0,1,1,0,0,0,408543.874498055320000,5753677.584018064700000,7.669956254000056,51.926306594000039,0,
05,5,62,016,2019,07,14,6,2,4,6,0,0,1,0,1,0,0,368912.654358336700000,5738325.471454162200000,7.099713991000044,51.780428720000032,0,
05,5,62,012,2019,07,15,6,2,5,3,0,0,1,0,0,0,0,361262.503000000490000,5728173.087999999500000,6.992933041000072,51.687356859000033,0,
05,5,12,000,2019,07,17,6,3,0,1,0,0,0,0,1,0,0,355218.871788242830000,5715375.230158675500000,6.910854563000044,51.570835515000056,0,
05,5,62,014,2019,07,17,6,3,5,2,0,0,1,0,0,0,0,361225.665481672620000,5715470.387996640100000,6.997434873000032,51.573201086000040,0,
05,5,66,016,2019,07,16,2,2,0,1,0,0,0,0,1,0,0,404686.006569121960000,5793965.557300489400000,7.602593361000061,52.287773370000082,0,
05,5,70,044,2019,07,17,1,2,5,2,0,0,1,0,1,0,0,422349.208106191830000,5757837.601331379300000,7.869741200000021,51.965799189000052,0,
05,5,66,084,2019,07,13,1,3,2,6,0,0,1,0,0,0,0,386710.453863376750000,5780542.140003040400000,7.343658573000027,52.163727640000047,0,
05,5,66,008,2019,07,03,1,3,8,1,2,1,0,0,0,0,0,399348.793628060260000,5782956.724857289300000,7.527649806000056,52.187878575000070,1,
05,5,54,008,2019,07,00,1,3,5,3,2,0,1,0,0,0,0,334474.142785530540000,5745642.404379585800000,6.597411161000025,51.837034601000028,1,
05,5,15,000,2019,07,10,1,3,5,3,0,1,1,0,0,0,0,405741.514845619910000,5753731.586138082700000,7.629199245000052,51.926324544000067,0,
05,5,62,028,2019,07,12,1,2,0,1,0,0,0,0,1,0,0,377533.944000000130000,5723685.323999999100000,7.229770294000048,51.650809602000038,0,
05,5,62,004,2019,07,11,1,3,2,6,0,0,1,0,0,0,0,383645.807637733410000,5716513.571605464400000,7.320456159000059,51.587650426000039,0,
05,5,62,016,2019,07,13,1,2,8,7,0,0,0,0,1,0,0,378617.452330538070000,5735009.552901696400000,7.241482255000051,51.752817550000032,0,
05,5,62,012,2019,07,23,1,3,7,1,2,0,1,0,0,0,0,362720.354072791520000,5731339.784699350600000,7.012762857000041,51.716171144000043,0,
05,5,62,032,2019,07,15,1,3,2,6,0,0,1,0,0,0,0,374643.923286287110000,5714836.323768302800000,7.191182122000043,51.570646105000037,0,
05,5,62,032,2019,07,10,1,3,5,2,0,0,1,0,0,0,0,376036.051000000910000,5716730.611000001400000,7.210590464000063,51.587978279000026,0,
05,5,70,008,2019,07,15,5,3,2,6,0,0,1,0,0,0,0,436015.549969086420000,5737742.701328612900000,8.072357809000039,51.786887909000029,0,
05,5,70,040,2019,07,10,5,3,3,2,0,1,0,0,1,0,0,416204.046000001020000,5749591.887000000100000,7.782323216000066,51.890785820000076,0,
05,5,70,016,2019,07,13,5,3,2,6,0,0,1,0,0,0,1,416587.879999999890000,5732153.296000000100000,7.792098161000070,51.734083717000033,0,
05,5,70,032,2019,07,16,5,3,5,3,0,1,1,0,0,0,0,421665.175115185790000,5765736.771709051000000,7.857980978000057,52.036710216000074,0,
05,5,70,044,2019,07,14,5,3,5,2,0,1,1,0,0,0,0,416494.991000001320000,5759458.434000004100000,7.784154866000051,51.979520229000059,0,
05,5,70,052,2019,07,20,5,3,0,1,0,1,0,0,0,0,0,430444.947999999860000,5755934.977000003700000,7.987944265000067,51.949767290000068,0,
05,5,66,044,2019,07,21,5,3,0,7,1,1,0,0,0,0,0,426953.367364657110000,5778803.109739810200000,7.932260105000069,52.154888727000071,0,
05,5,66,028,2019,07,05,5,2,4,6,0,1,0,0,0,0,0,413047.373646100050000,5795608.453267827600000,7.724721456000054,52.303926866000040,0,
05,5,66,028,2019,07,18,5,2,0,1,0,1,0,0,0,0,0,414593.416396917780000,5792452.422036407500000,7.748190324000063,52.275801910000041,0,
05,5,66,028,2019,07,15,5,3,5,1,0,0,1,0,0,0,0,412783.091000000950000,5793134.050999997200000,7.721487037000031,52.281644369000048,0,
05,5,66,020,2019,07,14,5,2,2,6,0,0,1,0,0,0,1,405753.278958546930000,5802588.190363096100000,7.615818748000038,52.365456266000081,0,
05,5,66,028,2019,07,07,5,3,2,1,0,0,1,0,0,0,0,410938.087315145880000,5792323.747568771200000,7.694662685000026,52.274065341000039,0,
05,5,66,016,2019,07,14,5,2,8,1,0,1,1,0,0,0,0,405568.476372764450000,5795894.412821069400000,7.614986426000030,52.305262038000080,0,
05,5,66,084,2019,07,16,5,3,5,3,0,1,1,0,0,0,0,385811.651000000540000,5778232.077000001400000,7.331300312000053,52.142782122000028,0,
05,5,66,036,2019,07,13,5,2,3,6,0,1,1,0,0,0,0,388510.274631273000000,5767248.560145115500000,7.374312162000024,52.044622488000073,0,
05,5,58,036,2019,07,14,5,3,1,6,0,0,1,0,0,0,0,389302.205490770750000,5730161.723851623000000,7.397749853000050,51.711459513000079,0,
05,5,58,012,2019,07,16,5,3,2,6,0,0,1,0,0,0,0,373756.343960249800000,5757806.356444645700000,7.162768703000040,51.956608352000046,0,
05,5,54,024,2019,07,15,5,3,5,6,0,0,1,0,0,0,0,374462.081076747740000,5776586.478985060000000,7.166137920000040,52.125531995000074,0,
05,5,54,020,2019,07,21,5,3,5,3,0,1,1,0,0,0,0,362848.901187466460000,5786793.014807602400000,6.992474928000036,52.214480316000049,0,
05,5,54,004,2019,07,16,5,3,0,3,0,0,0,0,1,1,0,358378.223000001160000,5770071.816999999800000,6.934047277000047,52.063111517000038,0,
05,5,12,000,2019,07,08,5,3,2,6,0,0,1,0,0,0,1,353166.293708532120000,5712017.997412528800000,6.882659870000055,51.540138334000062,0,
05,5,62,014,2019,07,09,5,2,2,6,0,0,0,0,0,1,0,358524.578131427990000,5713339.513949049600000,6.959341167000048,51.553381890000026,0,
05,5,15,000,2019,07,07,5,3,6,4,0,1,0,1,0,0,0,406274.874617424790000,5756673.916720673400000,7.636151629000040,51.952861746000053,0,
05,5,15,000,2019,07,21,5,3,0,1,0,1,0,0,0,0,0,398709.110785372560000,5758970.772799918400000,7.525418362000039,51.972179532000041,0,
05,5,15,000,2019,07,18,5,3,3,4,0,1,0,1,0,0,0,404671.263242889200000,5759405.780346851800000,7.612065507000068,51.977144198000076,0,
05,5,15,000,2019,07,13,5,3,5,2,0,1,1,0,0,0,0,405453.248662634750000,5756249.189348679000000,7.624316227000065,51.948905039000067,0,
05,5,12,000,2019,07,16,5,3,5,3,0,1,1,0,0,0,0,356680.377774992960000,5708796.961810184600000,6.934607511000024,51.512097847000064,0,
05,5,62,014,2019,07,11,5,3,5,3,0,1,1,0,0,0,0,357629.713817988520000,5713956.071577560200000,6.946192817000053,51.558697085000063,0,
05,5,62,020,2019,07,18,5,3,0,1,0,1,0,0,0,0,0,370569.377607207750000,5718381.080365246200000,7.131114868000054,51.601581546000034,0,
05,5,66,032,2019,07,19,7,2,5,3,1,0,1,0,0,0,0,417438.050345785920000,5776536.612346842900000,7.793754586000034,52.133174937000035,1,
05,5,66,068,2019,07,12,7,2,4,6,0,0,1,0,0,0,0,375490.966000000010000,5784094.017000000900000,7.178406692000067,52.193228746000045,0,
05,5,66,012,2019,07,11,7,3,5,3,0,0,1,0,0,0,0,405789.413095382040000,5773421.026940260100000,7.624478094000040,52.103308289000040,0,
05,5,66,008,2019,07,13,7,3,2,6,0,0,0,0,1,0,0,399993.967419578690000,5781491.207424787800000,7.537516432000075,52.174824244000035,0,
05,5,58,024,2019,07,20,7,3,1,3,0,1,1,0,0,0,0,392782.997629434800000,5736330.153041219300000,7.446210012000051,51.767577758000073,1,
05,5,58,036,2019,07,16,7,2,0,7,0,0,0,0,1,0,0,386296.907302106730000,5731460.705670479700000,7.353846031000046,51.722533269000053,0,
05,5,58,016,2019,07,17,7,3,4,6,0,0,1,0,0,0,0,391140.238431543110000,5744107.488710355000000,7.419970547000048,51.837162240000055,0,
05,5,54,052,2019,07,12,7,3,8,1,0,0,1,0,0,0,0,374149.566765560770000,5771171.859962545300000,7.163575320000064,52.076804211000081,0,
05,5,54,008,2019,07,09,7,3,5,2,0,1,0,0,0,0,1,335009.843794072980000,5745867.693312181200000,6.605072023000048,51.839216951000026,0,
05,5,15,000,2019,07,19,7,3,0,5,0,1,1,0,0,0,1,406027.357437162660000,5757775.080375563400000,7.632249755000032,51.962717744000031,1,
05,5,12,000,2019,07,09,7,2,5,3,0,0,1,0,1,0,0,356368.542868874970000,5718101.341235693500000,6.926317020000056,51.595625594000069,0,
05,5,62,032,2019,07,13,7,2,5,2,0,1,1,0,0,0,0,376306.524513413200000,5718603.728066783400000,7.213832267000043,51.604871811000066,0,
05,5,13,000,2019,07,18,7,2,2,6,0,0,1,0,0,0,0,367668.662881701250000,5716212.101713508400000,7.090073305000033,51.581415754000034,1,
05,5,13,000,2019,07,12,7,3,4,7,0,0,1,0,0,0,0,367933.437549706550000,5707943.755787977900000,7.096995654000068,51.507172819000061,0,
05,5,70,028,2019,07,12,4,3,0,7,0,1,0,0,0,0,0,441100.832160626540000,5742702.610604863600000,8.145231543000023,51.832037252000077,0,
05,5,70,008,2019,07,12,4,3,5,3,0,1,1,0,0,0,0,433957.968999999580000,5738911.925000004500000,8.042308939000066,51.797160139000027,0,
05,5,70,004,2019,07,15,4,2,8,7,0,0,1,0,0,0,0,424995.901999999770000,5729088.741000002300000,7.914490900000033,51.707722295000053,0,
05,5,70,044,2019,07,06,4,2,5,3,0,1,0,0,0,0,0,415296.718839045610000,5759657.171799918600000,7.766663121000022,51.981125279000082,0,
05,5,66,056,2019,07,17,4,3,3,7,0,1,0,0,0,0,1,416491.201390300880000,5797330.867439022300000,7.774789653000028,52.319943110000054,0,