ULAND,UREGBEZ,UKREIS,UGEMEINDE,UJAHR,UMONAT,USTUNDE,UWOCHENTAG,UKATEGORIE,UART,UTYP1,ULICHTVERH,IstRad,IstPKW,IstFuss,IstKrad,IstGkfz,IstSonstige,LINREFX,LINREFY,XGCSWGS84,YGCSWGS84,STRZUSTAND,UIDENTSTLAE
05,5,66,008,2019,07,10,4,3,0,7,0,1,0,0,0,0,0,399416.191585464400000,5781809.119838044000000,7.528975801000058,52.177576529000078,1,
05,5,58,012,2019,07,15,4,3,1,6,0,0,1,0,0,0,0,373745.346623387190000,5757858.480173716300000,7.162589593000064,51.957074260000070,0,
05,5,54,016,2019,07,13,4,3,2,5,0,0,1,0,1,0,0,363508.633881147020000,5757369.887775678200000,7.013899738000021,51.950265754000043,0,
05,5,54,028,2019,07,21,4,1,4,6,2,0,1,0,0,0,0,361098.389209214600000,5743324.241104131600000,6.984506480000050,51.823461262000080,1,
05,5,54,012,2019,07,13,4,2,9,7,0,0,1,0,0,0,0,350221.239000000990000,5748476.587000003100000,6.824563381000075,51.866944072000081,0,
05,5,62,012,2019,07,11,4,2,9,7,0,0,1,0,0,0,0,363962.683096408840000,5721835.320976695000000,7.034436979000077,51.631065242000034,0,
05,5,15,000,2019,07,11,4,3,0,7,0,1,0,0,0,0,0,406236.607919032690000,5757692.988257644700000,7.635316825000075,51.962015192000081,0,
05,5,15,000,2019,07,09,4,3,3,2,0,1,0,0,0,0,1,406322.629000001590000,5756457.541000001100000,7.636905299000034,51.950924902000054,0,
05,5,15,000,2019,07,07,4,3,1,6,0,0,1,0,0,0,0,400146.320405353790000,5747458.222164984800000,7.549672797000028,51.868962612000075,0,
05,5,15,000,2019,07,07,4,3,2,1,0,0,1,0,1,0,0,403850.571897575630000,5754777.421326145500000,7.601415785000029,51.935401522000063,0,
05,5,62,016,2019,07,18,4,2,0,1,0,0,0,0,1,0,0,375044.353365422230000,5733461.973887691300000,7.190300765000075,51.738124031000041,1,
05,5,62,014,2019,07,12,4,3,5,2,0,1,1,0,0,0,0,358015.222069843670000,5714112.933590957900000,6.951686911000024,51.560203797000042,0,
05,5,62,032,2019,07,09,4,2,0,7,0,0,0,1,0,0,1,374219.760210562500000,5715346.684487426700000,7.184882260000052,51.575138302000028,0,
05,5,62,032,2019,07,09,4,3,2,6,0,0,1,0,0,0,0,377527.216054070740000,5720593.222984636200000,7.230755065000039,51.623018734000027,0,
05,5,13,000,2019,07,18,4,3,5,3,0,0,1,0,0,1,0,368457.364000000060000,5707839.506999999300000,7.104579571000045,51.506358159000058,0,
05,5,15,000,2019,07,05,4,3,2,6,0,0,1,0,0,0,1,401057.122519217430000,5752640.808550506800000,7.561410283000043,51.915707497000028,0,
05,5,70,044,2019,07,13,3,3,4,2,0,0,1,0,0,0,0,416260.305000001560000,5759523.841000003700000,7.780722674000060,51.980072848000077,0,
05,5,66,048,2019,07,14,3,3,1,2,0,0,1,0,0,0,0,424572.152293129820000,5791152.063948899500000,7.894708593000075,52.265572890000044,0,
05,5,66,056,2019,07,15,3,3,0,1,0,0,1,0,0,0,0,417137.892200786620000,5796683.186184341100000,7.784434871000030,52.314219471000058,0,
05,5,66,020,2019,07,06,3,3,8,1,0,0,1,0,0,0,0,405549.390762775210000,5803479.976965908000000,7.612574091000056,52.373436321000042,0,
05,5,66,084,2019,07,15,3,3,5,3,0,0,1,0,0,0,0,390343.026471169670000,5774993.610211081800000,7.398535324000022,52.114595357000042,0,
05,5,66,008,2019,07,16,3,3,5,2,0,1,1,0,0,0,0,398593.708684850480000,5781223.314836084800000,7.517126568000037,52.172160939000037,0,
05,5,58,040,2019,07,08,3,3,0,7,0,1,1,0,0,0,0,376281.403862145730000,5761393.317383458800000,7.198203370000044,51.989410264000071,0,
05,5,58,016,2019,07,13,3,3,5,3,0,0,1,1,0,0,0,381564.702869229020000,5743830.522527182500000,7.281147386000043,51.832724568000060,0,
05,5,15,000,2019,07,07,3,3,2,6,0,0,1,0,0,0,0,404421.849725210110000,5755054.052488584100000,7.609646040000030,51.937986405000061,0,
05,5,62,004,2019,07,20,3,2,0,1,0,0,0,0,1,0,0,379994.566497568970000,5715631.961898226300000,7.268078272000025,51.578961180000078,0,
05,5,12,000,2019,07,10,3,3,1,2,0,0,1,0,0,0,0,354881.039524315860000,5709147.760631047200000,6.908551140000043,51.514790750000031,0,
05,5,62,032,2019,07,09,3,3,0,7,0,0,0,0,0,0,1,375186.114000000990000,5719345.348000004900000,7.197397791000071,51.611289613000054,0,
05,5,13,000,2019,07,15,3,3,4,2,0,0,1,0,0,0,1,365304.164000000800000,5715943.463000001400000,7.056070697000052,51.578441531000067,0,
05,5,13,000,2019,07,17,3,3,2,6,0,0,1,0,0,0,0,367472.927298595200000,5708460.532877644500000,7.090169687000071,51.511709136000036,0,
05,5,70,016,2019,07,12,7,3,5,3,0,1,1,0,0,0,0,412126.721938836390000,5739769.478021014500000,7.725585527000021,51.801864644000034,0,
05,5,66,060,2019,07,15,7,2,4,2,0,0,1,0,0,0,0,389444.466889483850000,5787515.286750821400000,7.381338252000035,52.226950178000038,0,
05,5,58,044,2019,07,22,7,3,8,1,2,1,0,0,0,0,0,399291.977132494560000,5747606.300901519100000,7.537225029000069,51.870139991000030,0,
05,5,15,000,2019,07,13,7,3,5,2,0,1,1,0,0,0,0,406832.934999999590000,5757698.926000000900000,7.643991846000063,51.962168814000051,0,
05,5,62,036,2019,07,00,7,3,9,3,2,0,1,0,0,0,0,391647.003000002350000,5719499.483000002800000,7.434980828000050,51.616083915000047,1,
05,5,62,014,2019,07,17,7,3,2,6,0,0,1,0,0,0,0,360330.808058683760000,5713751.715987576200000,6.985213293000072,51.557536016000029,0,
05,5,62,014,2019,07,05,7,3,9,1,1,0,1,0,0,0,0,361269.954621057960000,5714297.677491679800000,6.998536517000048,51.562673856000060,0,
05,5,13,000,2019,07,10,7,3,1,6,0,0,1,0,0,0,0,366827.862999999900000,5712781.751999998500000,7.079245254000057,51.550390650000054,0,
05,5,70,020,2019,07,05,6,3,8,1,0,0,0,0,0,0,1,434144.075858596710000,5751932.223767820700000,8.042526003000035,51.914233620000061,0,
05,5,70,040,2019,07,14,6,3,4,6,0,1,0,0,0,0,0,420886.527646686880000,5743669.277982791900000,7.851707835000070,51.838229682000076,0,
05,5,66,008,2019,07,23,6,2,8,1,2,1,1,0,0,0,0,400892.273239231670000,5782787.590058822200000,7.550269758000070,52.186637961000031,0,
05,5,66,008,2019,07,18,6,3,4,6,0,0,1,0,0,0,0,399512.124941288490000,5779009.816574417100000,7.531207070000050,52.152434581000080,1,
05,5,66,064,2019,07,06,6,3,7,7,0,0,0,0,1,0,0,397750.944547522810000,5771354.538413979100000,7.507773737000036,52.083307774000048,0,
05,5,58,012,2019,07,22,6,3,0,1,2,1,0,0,0,0,0,374283.406185413710000,5754554.561283912500000,7.171623664000038,51.927505618000055,1,
05,5,54,020,2019,07,13,6,2,5,3,0,0,1,0,1,0,0,369456.246000002140000,5785572.228000000100000,7.089599768000028,52.205115832000047,0,
05,5,54,064,2019,07,11,6,3,6,4,0,0,1,1,0,0,0,361614.835228363050000,5751218.308860084000000,6.988833797000041,51.894522654000070,0,
05,5,15,000,2019,07,14,6,3,2,7,0,0,1,0,0,0,0,404840.750405298550000,5759092.307962663500000,7.614619289000075,51.974355645000060,0,
05,5,15,000,2019,07,10,6,2,5,3,0,0,1,0,1,0,0,407019.617000001480000,5757996.375000001900000,7.646627572000057,51.964873688000068,1,
05,5,15,000,2019,07,17,6,3,5,3,0,1,1,0,0,0,0,406625.066000000570000,5757653.318000000000000,7.640979717000050,51.961723994000067,1,
05,5,62,016,2019,07,17,6,3,2,2,0,0,1,0,0,0,0,368194.208282460460000,5730086.912112776200000,7.092426951000050,51.706225330000052,0,
05,5,62,012,2019,07,08,6,3,1,5,0,0,0,0,1,0,1,357633.142014174720000,5726908.491325210800000,6.940980096000033,51.675085173000070,0,
05,5,62,024,2019,07,11,6,2,5,2,0,1,1,0,0,0,0,367313.021826246750000,5724246.790142815600000,7.081901008000045,51.653535962000035,1,
05,5,62,024,2019,07,04,6,3,5,2,2,0,1,0,0,0,0,364043.103638893920000,5725203.810432234800000,7.034289092000051,51.661354634000077,0,
05,5,62,014,2019,07,17,6,3,2,6,0,0,1,0,0,0,0,361226.502000000330000,5715461.879000002500000,6.997450298000047,51.573124829000051,0,
05,5,62,032,2019,07,02,6,2,8,1,2,0,1,0,0,0,0,378330.510293973610000,5721013.654572993500000,7.242207523000047,51.626971526000034,0,
05,5,13,000,2019,07,16,6,3,3,3,0,1,1,0,0,0,0,369229.991821479050000,5707608.072349919000000,7.115791816000069,51.504457608000052,0,
05,5,62,014,2019,07,15,6,2,2,6,0,0,1,0,0,1,0,356449.657000000590000,5714708.680000001600000,6.928874134000068,51.565160765000030,0,
05,5,62,032,2019,07,12,6,2,1,6,0,0,1,0,0,0,0,376064.640313798560000,5716369.706952776800000,7.211130352000055,51.584741048000069,0,
05,5,66,076,2019,07,18,5,3,5,3,0,1,1,0,0,0,0,393999.901723121290000,5793072.779284000400000,7.446263526000053,52.277792480000073,1,
05,5,66,076,2019,07,16,5,3,5,2,0,1,1,0,0,0,0,393647.850848465230000,5794099.446637919200000,7.440781373000050,52.286951344000045,1,
05,5,66,076,2019,07,17,5,2,5,2,0,1,1,0,0,0,0,394798.490133137440000,5792564.191801339400000,7.458123179000040,52.273375069000053,1,
05,5,58,024,2019,07,17,5,3,5,3,0,1,1,0,0,0,0,393187.338140002450000,5736363.180136036100000,7.452057252000031,51.767951896000056,1,
05,5,58,028,2019,07,18,5,3,3,6,0,1,0,0,0,0,0,399722.810000000520000,5729929.395000001400000,7.548590622000063,51.711330820000057,1,
05,5,58,012,2019,07,14,5,3,9,1,0,0,1,0,0,0,0,378145.010609741320000,5756743.981001416200000,7.226980269000023,51.948040070000047,0,
05,5,58,016,2019,07,18,5,3,5,3,0,0,1,0,1,0,0,379471.141849882900000,5745870.811880154500000,7.250067695000041,51.850612834000060,1,
05,5,54,016,2019,07,13,5,2,3,6,0,1,0,0,0,0,1,362881.276505414400000,5758169.870173379800000,7.004457762000072,51.957299759000080,0,
05,5,15,000,2019,07,15,5,3,5,2,0,0,1,0,1,0,0,403932.662470465530000,5758079.743769899000000,7.601686431000076,51.965098151000063,0,
05,5,15,000,2019,07,13,5,3,1,6,0,0,1,0,0,0,0,406080.531561432410000,5758929.631006225900000,7.632707628000048,51.973104345000081,1,
05,5,15,000,2019,07,11,5,3,5,2,0,0,1,0,0,0,1,405828.905000001190000,5759024.385999999900000,7.629019549000077,51.973913462000041,1,
05,5,15,000,2019,07,18,5,3,1,5,0,0,1,0,0,0,0,407661.746028234250000,5754827.218354519500000,7.656822744000067,51.936494564000043,1,
05,5,62,004,2019,07,12,5,2,0,4,0,0,0,1,0,1,0,383202.496780359190000,5717989.413385506700000,7.313568774000032,51.600823111000068,0,
05,5,62,016,2019,07,15,5,3,5,2,0,0,1,0,0,0,0,368409.864000000060000,5731094.699999999300000,7.095165684000051,51.715332363000073,0,
05,5,12,000,2019,07,17,5,3,2,6,0,0,1,0,0,0,0,360253.597302912730000,5711333.999574080100000,6.985060497000063,51.535791081000070,1,
05,5,62,032,2019,07,07,5,3,6,2,0,0,1,1,0,0,0,377736.790685723540000,5716570.302660472700000,7.235183716000051,51.586909139000056,1,
05,5,62,032,2019,07,11,5,2,6,7,0,0,1,1,0,0,0,376024.745415546930000,5715003.788650171800000,7.211037006000026,51.572456467000052,1,
05,5,13,000,2019,07,17,5,2,5,2,0,1,1,0,0,0,0,366520.343000002210000,5708074.252000002200000,7.076596643000073,51.508013531000074,1,
05,5,13,000,2019,07,10,5,3,1,5,0,0,1,0,1,0,0,367127.757850555700000,5714422.923956587900000,7.082947880000063,51.565209912000057,1,
05,5,66,020,2019,07,15,4,3,9,1,0,0,0,0,0,0,1,404250.631014731710000,5804350.456684708600000,7.593253615000037,52.381034452000051,0,
05,5,66,028,2019,07,13,4,3,9,1,0,0,1,0,0,0,1,412268.772239001470000,5794260.563228987200000,7.713656432000050,52.291687891000038,0,
05,5,66,072,2019,07,14,4,2,5,3,0,1,1,0,0,0,0,413073.921776470730000,5805735.065105883400000,7.722489081000049,52.394950987000072,0,
05,5,66,076,2019,07,11,4,3,2,6,0,0,1,0,0,0,0,393796.599999999630000,5792318.644000001300000,7.443522223000059,52.270975664000048,0,
05,5,66,076,2019,07,05,4,2,9,1,0,0,1,0,0,0,0,401257.380749776960000,5788313.180601568900000,7.553996780000034,52.236366195000073,0,
05,5,66,084,2019,07,23,4,3,8,1,2,0,1,0,0,0,0,386871.455204326660000,5781169.535725427800000,7.345802293000077,52.169399036000073,0,
05,5,58,044,2019,07,13,4,2,5,3,0,0,1,0,0,0,0,396122.554999999700000,5745802.081000000200000,7.491748926000071,51.853342349000059,0,
05,5,58,012,2019,07,18,4,3,8,7,0,0,1,0,0,0,0,377005.683770711530000,5750662.453507540700000,7.212583971000072,51.893136487000049,0,
05,5,54,052,2019,07,12,4,3,5,3,0,0,1,0,0,0,0,379481.983725748020000,5769434.698423909000000,7.241959441000063,52.062379324000062,0,
05,5,54,056,2019,07,16,4,3,2,6,0,1,0,0,0,0,0,353817.711698921400000,5762858.418469186900000,6.870650404000060,51.997116829000049,0,
05,5,15,000,2019,07,17,4,3,2,6,0,0,1,0,0,0,0,408072.306736697440000,5756678.867575738600000,7.662297996000063,51.953206258000080,0,
05,5,15,000,2019,07,15,4,3,5,2,0,1,1,0,0,0,0,405376.298353540710000,5761220.164067640900000,7.621826661000057,51.993573072000061,0,
05,5,62,032,2019,07,15,4,2,2,6,0,0,1,0,0,0,0,374223.047629551030000,5718123.710326844800000,7.183934581000074,51.600096373000042,0,
05,5,62,032,2019,07,12,4,3,2,6,0,0,1,0,0,0,0,374712.695000001230000,5721552.818000001800000,7.189774735000071,51.631023106000043,0,
05,5,13,000,2019,07,19,4,3,2,2,0,0,1,0,0,0,1,364606.535025936550000,5714747.969826908800000,7.046469541000022,51.567531233000068,0,
05,5,13,000,2019,07,13,4,3,4,2,0,1,1,0,0,0,0,368923.119341705930000,5708530.886107755800000,7.111029772000052,51.512679683000044,0,
05,5,66,068,2019,07,01,4,3,8,7,2,0,1,0,0,0,0,373634.920645500530000,5788698.386649502400000,7.149548584000058,52.234181136000075,0,
05,5,66,076,2019,07,00,4,3,9,1,2,0,1,0,0,0,0,394629.291241891680000,5797261.745615759900000,7.454174913000031,52.315560690000041,0,
05,5,70,008,2019,07,14,4,3,8,1,0,0,1,0,0,1,0,438425.689699791370000,5739382.308033272600000,8.107004070000073,51.801898737000045,0,
05,5,70,016,2019,07,11,3,3,8,7,0,0,1,0,0,0,0,416070.149346042420000,5735797.755678875400000,7.783722914000066,51.766767630000061,0,
05,5,58,008,2019,07,16,3,2,4,3,0,1,1,0,0,0,0,382817.409308218400000,5760409.095435548600000,7.293680930000051,51.981982459000051,0,
05,5,58,008,2019,07,06,3,3,0,7,0,0,0,0,1,0,0,382802.943264342840000,5760448.036767814300000,7.293457085000057,51.982329373000027,0,
05,5,54,012,2019,07,23,3,2,0,7,2,0,0,0,1,0,0,351084.716036443600000,5753549.947659239200000,6.834904851000033,51.912757883000040,0,
05,5,15,000,2019,07,10,3,3,3,6,0,1,0,0,0,0,0,405969.819152290930000,5757858.055288447100000,7.631389839000065,51.963453831000038,0,
05,5,15,000,2019,07,10,3,3,2,6,0,0,1,0,0,0,0,406433.434000002220000,5757295.162999998800000,7.638289030000067,51.958472508000057,0,
05,5,62,012,2019,07,13,3,3,5,3,0,0,1,0,0,0,0,359754.061134715560000,5735850.126381574200000,6.968034491000026,51.755965958000047,0,
05,5,13,000,2019,07,12,3,3,3,6,0,0,1,0,0,0,0,367520.702847889620000,5708256.915603980400000,7.090934272000027,51.509890490000032,0,
05,5,66,020,2019,07,15,2,3,2,7,0,0,1,0,0,0,0,404458.769921633410000,5804320.697281999500000,7.596319071000039,52.380803333000074,0,
05,5,58,036,2019,07,14,2,3,5,3,0,1,1,0,0,0,0,387034.019718711260000,5728465.623011864700000,7.365483728000072,51.695763218000081,0,
05,5,58,012,2019,07,17,2,3,8,1,0,0,1,0,0,0,0,368431.163472445680000,5755817.941200375600000,7.086077829000033,51.937506068000062,0,
05,5,58,016,2019,07,15,2,1,8,1,0,0,1,0,0,0,0,372117.631722765040000,5746281.717684516700000,7.143210449000037,51.852669276000029,0,
05,5,58,040,2019,07,17,2,3,5,3,0,1,1,0,0,0,0,381665.954402150590000,5764600.874314950800000,7.275475101000041,52.019409443000029,0,
05,5,54,068,2019,07,23,2,2,7,7,2,0,0,0,0,0,1,346224.691176366060000,5768763.225717771800000,6.757483925000031,52.048115285000051,0,
05,5,15,000,2019,07,19,2,3,0,1,0,1,0,1,0,0,0,403591.744731763380000,5758065.669595107400000,7.596729740000058,51.964912629000082,0,
05,5,15,000,2019,07,14,2,3,5,3,0,1,0,0,0,0,1,405874.410092765470000,5753185.484560344400000,7.631280674000038,51.921438392000027,0,
05,5,62,012,2019,07,10,2,3,5,3,0,1,1,0,0,0,0,362785.410543430600000,5731690.626438662400000,7.013565812000024,51.719339721000040,0,
05,5,62,032,2019,07,09,2,3,2,6,0,0,1,0,0,0,0,376185.319457207810000,5716100.259854158400000,7.212966332000065,51.582345995000026,0,
05,5,62,032,2019,07,12,2,3,2,6,0,0,1,0,0,0,0,374937.091788791120000,5714848.049740338700000,7.195405944000072,51.570816594000064,0,
05,5,62,032,2019,07,22,2,2,8,1,2,0,1,0,0,0,0,379229.752568332480000,5720062.486985547500000,7.255520547000060,51.618616761000055,0,
05,5,62,020,2019,07,16,2,2,4,6,0,1,0,0,0,0,0,371533.715000936760000,5717356.181250572200000,7.145406631000071,51.592591712000058,0,
05,5,62,032,2019,07,16,2,2,6,4,0,0,1,1,0,0,0,376401.880919962190000,5718483.425904139900000,7.215250922000053,51.603811569000072,0,
05,5,13,000,2019,07,09,2,3,6,2,0,0,0,1,0,1,0,363550.535443219360000,5712061.605745006400000,7.032284960000027,51.543136133000075,0,
05,5,13,000,2019,07,16,2,3,1,6,0,0,1,0,0,0,0,365848.256000000980000,5714446.342000000200000,7.064489847000061,51.565117437000026,0,
05,5,13,000,2019,07,16,2,3,2,6,0,0,1,0,0,0,0,363140.614078029990000,5711521.492205668200000,7.026587337000024,51.538183242000059,0,
05,5,62,032,2019,07,11,2,3,3,6,0,0,1,0,0,0,0,374550.455254806210000,5716096.253964690500000,7.189384153000049,51.581948457000067,0,
05,5,70,028,2019,07,11,1,3,1,5,0,1,1,0,0,0,0,441166.449438516980000,5742708.188262119900000,8.146182745000033,51.832094312000038,0,
05,5,66,040,2019,07,17,1,3,0,7,0,0,0,0,1,0,1,422729.450761011800000,5783190.149701749900000,7.869531463000044,52.193748600000049,0,
05,5,66,052,2019,07,14,1,3,5,3,0,0,1,0,1,0,0,377700.753000000490000,5778204.472000001000000,7.212841417000050,52.140797957000075,0,
05,5,66,028,2019,07,15,1,3,4,1,0,1,0,0,0,0,0,415442.377316448840000,5792045.767372569100000,7.760732384000050,52.272277957000028,0,
05,5,15,000,2019,07,15,1,3,1,5,0,1,1,0,0,0,0,405651.455397680400000,5756978.471612621100000,7.626999077000050,51.955493810000064,0,
05,5,62,028,2019,07,19,1,3,4,6,0,0,1,0,0,0,0,381041.533727937380000,5722612.088297460200000,7.280812026000035,51.641917086000035,0,
05,5,62,012,2019,07,17,1,2,5,3,0,0,1,0,0,0,0,361560.994197311810000,5728612.593695027800000,6.997074002000034,51.691379904000030,0,
05,5,62,012,2019,07,10,1,2,0,7,0,0,0,0,1,0,0,360210.605206783860000,5731183.163241248600000,6.976519193000058,51.714143928000055,0,
05,5,62,032,2019,07,00,1,2,6,4,2,0,1,1,0,0,0,375237.297600666060000,5719405.346239063900000,7.198115252000036,51.611840168000072,0,
05,5,62,012,2019,07,18,7,3,3,2,0,0,1,0,0,0,0,359433.958999999800000,5724992.500000003700000,6.967777913000020,51.658321957000055,1,
05,5,62,014,2019,07,10,7,2,0,1,0,1,0,0,0,0,0,360630.865457589740000,5716476.776174074000000,6.988458021000042,51.582097830000066,0,
05,5,62,014,2019,07,14,7,3,0,2,0,1,0,0,0,0,0,359920.516194785010000,5715650.054263874900000,6.978542002000040,51.574492799000041,0,
05,5,62,032,2019,07,17,7,3,0,1,0,0,0,0,1,0,0,376336.910874218680000,5714687.624383617200000,7.215650480000022,51.569683577000035,1,
05,5,66,028,2019,07,14,7,2,3,6,0,0,1,0,0,0,1,416929.521479453890000,5790014.959507968300000,7.783022333000076,52.254250691000038,0,
05,5,66,072,2019,07,19,6,3,2,6,0,0,0,0,1,0,0,412830.242017756220000,5802785.723103506500000,7.719675936000044,52.368403181000076,0,
05,5,66,028,2019,07,17,6,3,5,3,0,1,1,0,0,0,0,411111.450365828350000,5794819.379567449900000,7.696544680000045,52.296524621000060,0,
05,5,66,076,2019,07,16,6,3,5,2,0,1,1,0,0,0,0,391225.489000000060000,5795226.911000000300000,7.404918112000075,52.296609771000078,0,
05,5,66,076,2019,07,10,6,3,5,2,0,1,0,0,0,0,1,396227.652681835000000,5788361.972407285100000,7.480353033000029,52.235879641000054,0,
05,5,66,084,2019,07,23,6,2,8,1,2,0,1,0,0,0,0,392950.909000000920000,5776435.875000001900000,7.436152401000072,52.128068624000036,0,
05,5,66,012,2019,07,17,6,3,1,7,0,0,1,0,0,0,0,406258.501000001100000,5772321.596000004600000,7.631627362000074,52.093506032000050,0,
05,5,66,040,2019,07,15,6,2,8,1,0,0,0,0,1,0,0,423483.313836267220000,5782523.611400259700000,7.880708684000069,52.187862256000074,0,
05,5,58,008,2019,07,13,6,3,0,2,0,0,1,0,1,0,0,382292.567011569630000,5760020.306611491400000,7.286175664000041,51.978377484000077,0,
05,5,54,032,2019,07,18,6,3,1,6,0,0,1,0,0,0,0,322881.542970348150000,5742707.109330171700000,6.430823759000020,51.807113699000070,0,
05,5,54,016,2019,07,09,6,1,6,1,0,0,1,1,0,0,0,362209.842277047220000,5758478.660371137800000,6.994568723000043,51.959908437000081,0,
05,5,15,000,2019,07,18,6,3,3,2,0,1,1,0,0,0,0,406900.451306496750000,5761080.863112278300000,7.644056665000051,51.992578581000032,0,
05,5,15,000,2019,07,09,6,3,5,3,0,1,1,0,0,0,0,411394.594979117620000,5761091.630501482600000,7.709490189000064,51.993410584000060,0,
05,5,15,000,2019,07,19,6,3,5,3,0,1,1,0,0,0,0,404990.934623905460000,5758202.204158026700000,7.617051411000034,51.966380748000063,0,
05,5,62,008,2019,07,16,6,3,5,3,0,0,1,0,1,0,0,382474.487517568280000,5721092.509585209200000,7.302021420000074,51.628561057000070,0,
05,5,62,004,2019,07,15,6,3,5,2,0,1,1,0,0,0,0,383656.483638659120000,5709827.574285598500000,7.322822510000037,51.527560371000050,0,
05,5,12,000,2019,07,09,6,3,5,3,0,1,1,0,0,0,0,355104.351402423340000,5709381.625784942900000,6.911671064000075,51.516949515000078,0,
05,5,12,000,2019,07,07,6,2,5,2,0,1,1,0,0,0,0,354044.924319549460000,5709766.799516161900000,6.896253437000041,51.520137822000038,0,
05,5,13,000,2019,07,20,6,3,5,3,0,1,1,0,0,0,0,365847.622000000440000,5715700.517000002800000,7.064001845000064,51.576387908000072,0,
05,5,70,008,2019,07,15,1,3,4,2,0,1,1,0,0,0,0,433105.224000001330000,5734410.735000001300000,8.030812337000043,51.756593029000044,0,
05,5,66,096,2019,07,18,1,3,5,3,0,0,1,0,0,0,0,385111.472592504700000,5790267.521878769600000,7.316991667000025,52.250796888000082,0,
05,5,66,004,2019,07,11,1,3,5,3,0,1,1,0,0,0,0,394798.539139988830000,5767074.303231362300000,7.466021534000049,52.044285389000038,0,
05,5,58,016,2019,07,11,1,2,5,3,0,1,0,0,1,0,0,375921.679999999700000,5743214.149000002100000,7.199513749000062,51.825960365000071,0,
05,5,54,064,2019,07,15,1,3,5,3,0,1,1,0,0,0,0,355816.846000000830000,5750157.234999999400000,6.905074135000064,51.883519102000037,0,
05,5,54,048,2019,07,02,1,3,0,7,2,1,0,0,0,0,0,340017.689763911070000,5745487.013264048800000,6.677874395000060,51.837254002000066,0,
05,5,54,032,2019,07,06,1,3,9,1,0,0,1,0,0,0,0,320781.664686847480000,5748800.424138829100000,6.397242418000076,51.861174397000070,0,
05,5,12,000,2019,07,14,1,3,2,6,0,0,1,0,0,0,0,355620.323558656500000,5713155.770319908900000,6.917554743000039,51.550995085000068,0,
05,5,15,000,2019,07,18,1,3,5,3,0,1,1,0,0,0,0,403184.803690201600000,5759054.182788036800000,7.590529678000053,51.973726944000077,0,
05,5,62,004,2019,07,11,1,2,5,3,0,0,1,0,0,0,0,382628.633284629320000,5711642.023354493100000,7.307407301000069,51.543655471000079,0,
05,5,62,014,2019,07,19,1,3,5,2,0,0,1,0,0,0,0,360683.331866530700000,5715157.813055638200000,6.989737918000060,51.570258507000062,0,
05,5,70,008,2019,07,07,6,3,7,1,0,0,0,0,1,0,0,436280.594947180710000,5738384.895342294100000,8.076081911000074,51.792691556000079,0,
05,5,70,008,2019,07,15,5,3,1,5,0,0,1,0,0,0,0,432822.523355538030000,5737840.198017513400000,8.026053693000051,51.787390095000035,0,
05,5,66,028,2019,07,17,5,3,0,1,0,0,1,0,1,0,0,416363.739375582900000,5793272.792804107100000,7.773928039000055,52.283447967000029,0,
05,5,66,016,2019,07,08,5,3,2,6,0,0,1,0,0,0,0,398230.087000001220000,5799310.684000000400000,7.506359911000061,52.334654652000040,0,
05,5,54,068,2019,07,22,5,3,0,1,1,0,0,0,1,0,0,353061.808458696120000,5768036.869108563300000,6.857425153000065,52.043443861000071,0,
05,5,15,000,2019,07,14,5,3,4,2,0,1,1,0,0,0,0,406335.295321188870000,5756776.308464903400000,7.637002667000047,51.953792272000044,0,
05,5,62,004,2019,07,21,5,3,6,4,0,0,1,1,0,0,0,383018.642317726280000,5712548.554301094300000,7.312727494000058,51.551884124000026,0,
05,5,62,024,2019,07,11,5,3,5,2,0,1,1,0,0,0,0,370292.555237217810000,5726989.090837325900000,7.123929489000034,51.678875430000062,0,
05,5,62,032,2019,07,19,5,3,5,3,0,1,1,0,0,0,0,374221.704141823570000,5715330.396246135200000,7.184916130000033,51.574992352000038,0,
05,5,62,032,2019,07,10,5,3,1,6,0,0,1,0,0,0,0,373888.919257096950000,5719390.914975784700000,7.178657035000072,51.611410050000075,0,
05,5,70,020,2019,07,23,7,3,8,7,2,0,1,0,0,0,0,431303.850999999790000,5748454.353000000100000,8.001931917000036,51.882625325000049,0,
05,5,70,040,2019,07,17,7,3,0,1,0,0,0,0,1,0,0,411571.365986111570000,5750660.656321074800000,7.714747356000032,51.899677115000031,1,
05,5,70,040,2019,07,13,7,3,0,1,0,1,0,0,0,0,0,419227.579324304130000,5740500.966200854600000,7.828373588000034,51.809511137000072,0,
05,5,66,088,2019,07,15,7,2,9,1,0,0,1,0,0,0,0,420702.665900538680000,5787763.737046165400000,7.838814484000068,52.234571823000067,0,
05,5,66,016,2019,07,12,7,3,2,6,0,0,1,0,0,0,1,399967.332999999630000,5801622.340000001700000,7.531159170000024,52.355750120000039,0,
05,5,66,084,2019,07,19,7,3,5,3,0,0,1,0,1,0,0,386236.952734116460000,5778442.456577813300000,7.337442227000054,52.144760544000064,0,
05,5,66,084,2019,07,18,7,2,5,3,0,1,1,0,0,0,0,390500.944286539220000,5774606.675731783700000,7.400965078000070,52.111149162000061,0,
05,5,58,020,2019,07,06,7,3,3,2,0,0,1,0,0,0,0,389715.097000000070000,5761036.642000000900000,7.393873766000070,51.989034548000063,0,
05,5,58,016,2019,07,11,7,2,0,3,0,1,1,0,0,0,0,381932.067997865380000,5750339.054843109100000,7.284252021000043,51.891295437000053,0,
05,5,58,032,2019,07,18,7,3,3,2,0,0,1,0,0,0,0,386862.822137072680000,5755188.776509517800000,7.354279500000075,51.935904385000072,0,
05,5,15,000,2019,07,08,7,3,3,7,0,1,1,0,0,0,0,405227.975999999790000,5750450.798000002300000,7.622635816000070,51.896748014000082,0,
05,5,62,016,2019,07,18,7,3,0,1,0,0,0,0,1,0,0,367993.173301286060000,5732150.256676036900000,7.088737467000044,51.724720092000041,1,
05,5,62,016,2019,07,18,7,3,5,3,0,0,1,0,0,0,0,368901.590959247200000,5732112.349920658400000,7.101896466000028,51.724592567000059,1,
05,5,62,012,2019,07,12,7,2,0,1,0,0,1,0,0,0,0,364578.190000000410000,5732031.901999998800000,7.039370426000062,51.722842214000082,1,
05,5,54,068,2019,07,09,4,3,5,3,0,1,1,0,0,0,0,349535.111629523340000,5766507.790195040400000,6.806713709000064,52.028760246000047,0,
05,5,54,040,2019,07,10,4,2,0,6,0,1,0,0,0,0,0,346868.465166790410000,5736669.691132772700000,6.781123966000052,51.759955092000041,0,