ULAND,UREGBEZ,UKREIS,UGEMEINDE,UJAHR,UMONAT,USTUNDE,UWOCHENTAG,UKATEGORIE,UART,UTYP1,ULICHTVERH,IstRad,IstPKW,IstFuss,IstKrad,IstGkfz,IstSonstige,LINREFX,LINREFY,XGCSWGS84,YGCSWGS84,STRZUSTAND,UIDENTSTLAE
05,5,62,014,2019,07,21,4,2,9,1,2,0,1,0,0,0,0,356625.479184237310000,5715309.997075533500000,6.931163765000065,51.570608782000079,0,
05,5,15,000,2019,07,18,4,3,2,1,0,1,0,0,0,0,0,405393.224725977520000,5755968.130380913600000,7.623520488000054,51.946368551000035,0,
05,5,15,000,2019,07,14,4,3,5,6,0,1,0,0,0,0,0,405556.933011701330000,5754434.426304601100000,7.626322803000051,51.932610724000028,0,
05,5,12,000,2019,07,14,4,3,2,6,0,0,1,0,1,0,0,355872.097098170780000,5709891.746314868300000,6.922519833000024,51.521729745000073,0,
05,5,70,020,2019,07,12,3,2,0,7,0,0,0,0,1,0,0,431949.742418650540000,5749936.372911859300000,8.011021973000027,51.896027580000066,0,
05,5,70,008,2019,07,15,3,3,2,6,0,0,1,0,0,0,1,432137.405738921840000,5733314.764376549100000,8.017006492000064,51.746623798000030,0,
05,5,66,028,2019,07,07,3,3,3,2,0,1,1,0,0,0,0,417415.198573262430000,5790780.450515791800000,7.789948479000032,52.261204468000074,0,
05,5,66,008,2019,07,06,3,3,5,3,0,1,0,0,0,1,0,399085.934335027820000,5781304.745580282100000,7.524297615000023,52.172983052000063,0,
05,5,66,060,2019,07,18,3,3,5,3,0,0,1,0,0,0,0,388921.034102527420000,5787561.931766560300000,7.373662604000060,52.227264053000056,0,
05,5,66,016,2019,07,16,3,3,1,1,0,0,1,0,0,0,0,402656.633036188780000,5792518.223972259100000,7.573268357000075,52.274409383000034,0,
05,5,66,084,2019,07,23,3,2,8,1,2,0,1,0,0,0,0,390469.157234935090000,5773258.019749168300000,7.400934768000070,52.099022103000038,0,
05,5,66,096,2019,07,09,3,3,5,2,0,0,1,0,1,0,0,386501.512915166090000,5786632.297846177600000,7.338565611000036,52.218416277000074,0,
05,5,58,044,2019,07,04,3,3,4,6,1,0,1,0,0,0,0,396257.324558055030000,5751136.254994958600000,7.492101698000056,51.901311151000073,0,
05,5,54,064,2019,07,12,3,3,5,3,0,1,1,0,0,0,0,356639.305722075510000,5748944.972417788600000,6.917519111000047,51.872838751000074,0,
05,5,62,032,2019,07,18,3,3,2,3,0,0,1,0,0,1,0,376075.427507724610000,5716357.640648536400000,7.211290231000021,51.584634978000054,0,
05,5,15,000,2019,07,14,3,3,4,7,0,0,1,0,0,0,0,405018.694215539840000,5761178.875829340900000,7.616631313000028,51.993140913000047,0,
05,5,15,000,2019,07,13,3,3,1,7,0,1,0,0,0,0,0,406719.534232310950000,5757082.398677347200000,7.642509265000058,51.956608146000065,0,
05,5,15,000,2019,07,06,3,2,5,3,0,1,1,0,0,0,0,407868.117437185720000,5754564.975940980000000,7.659894028000053,51.934171579000065,0,
05,5,15,000,2019,07,16,3,3,5,2,0,1,1,0,0,1,0,405973.628587712530000,5751708.608748035500000,7.633126219000076,51.908180218000041,0,
05,5,15,000,2019,07,15,3,3,5,1,0,0,1,0,0,0,1,406137.698174662890000,5756697.639250479600000,7.634149628000046,51.953051841000047,0,
05,5,62,028,2019,07,11,3,3,0,7,0,0,0,0,0,0,1,380985.589743019080000,5722566.416615711500000,7.280019451000044,51.641494777000048,0,
05,5,62,004,2019,07,22,3,3,1,5,2,1,1,0,0,0,1,383848.016393074770000,5716992.760454455400000,7.323215054000059,51.591998969000031,0,
05,5,62,012,2019,07,21,3,2,5,3,0,0,1,0,0,0,0,357880.779257356190000,5724872.268072947900000,6.945387289000053,51.656851021000080,0,
05,5,62,012,2019,07,13,3,3,5,3,0,0,1,0,0,0,0,359437.012000000100000,5726232.667000001300000,6.967323213000043,51.669466629000055,0,
05,5,62,012,2019,07,09,3,2,5,2,0,1,1,0,0,0,0,359401.081123296170000,5725443.333967736000000,6.967121567000049,51.662364845000070,0,
05,5,62,024,2019,07,15,3,3,0,1,0,1,0,0,0,0,0,373675.389365907760000,5725723.720891309900000,7.173288837000030,51.668274752000059,0,
05,5,62,024,2019,07,06,3,2,5,2,0,0,1,0,0,0,0,373101.308982703830000,5724103.136137226600000,7.165580319000071,51.653581409000026,0,
05,5,12,000,2019,07,18,3,3,2,6,0,0,1,0,0,0,0,356156.637478594670000,5710024.761631107000000,6.926564044000031,51.522997529000065,0,
05,5,12,000,2019,07,16,3,3,9,7,0,0,1,0,0,0,0,356689.135274166240000,5709053.970844697200000,6.934629149000045,51.514409515000068,0,
05,5,62,032,2019,07,18,3,3,5,3,0,1,1,0,0,0,0,376142.935891126280000,5716275.130122399000000,7.212293236000051,51.583908280000060,0,
05,5,13,000,2019,07,09,3,3,5,2,0,0,1,0,1,0,0,367292.858527368870000,5713383.895943500100000,7.085720696000067,51.555911449000064,0,
05,5,13,000,2019,07,10,3,3,8,1,0,0,1,0,0,0,0,367967.111044498160000,5705528.175675895100000,7.098384426000052,51.485472415000061,0,
05,5,70,024,2019,07,20,2,2,5,3,0,1,1,0,0,0,0,422767.016964625570000,5754707.149771647500000,7.876524962000076,51.937716824000063,0,
05,5,66,060,2019,07,16,2,3,5,3,0,1,1,0,0,0,0,389661.626000001100000,5789476.747000001400000,7.383876080000050,52.244621407000068,0,
05,5,66,076,2019,07,13,2,2,5,2,0,1,0,0,0,1,0,397252.905869890940000,5794642.400810716700000,7.493449015000067,52.292516948000070,0,
05,5,66,016,2019,07,17,2,3,0,7,0,0,0,1,1,0,0,403057.769002039920000,5795095.547716014100000,7.578404373000069,52.297644606000063,0,
05,5,58,016,2019,07,17,2,2,9,1,0,1,0,0,0,0,0,382817.458851952110000,5747403.335738722200000,7.298108977000027,51.865098463000038,0,
05,5,54,020,2019,07,11,2,3,1,5,0,1,1,0,0,0,0,366295.798938004300000,5785830.182995593200000,7.043276257000059,52.206676092000066,0,
05,5,54,016,2019,07,06,2,2,9,1,0,0,1,0,0,0,0,361790.852584672160000,5758800.157141752500000,6.988345344000038,51.962693254000044,0,
05,5,54,008,2019,07,17,2,3,5,3,0,1,1,0,0,0,0,336273.190632764250000,5747856.678527480000000,6.622451352000041,51.857456685000045,0,
05,5,62,032,2019,07,19,2,2,2,6,0,0,1,0,0,1,0,381042.323667516930000,5717862.129819085800000,7.282436302000065,51.599227028000030,0,
05,5,15,000,2019,07,17,2,3,5,3,0,1,1,0,0,0,0,403852.911848234010000,5748568.043956469700000,7.603182566000044,51.879589416000044,0,
05,5,62,016,2019,07,15,2,3,6,4,0,0,0,1,1,0,0,384033.202133843680000,5733026.213262308400000,7.320566438000071,51.736139717000071,0,
05,5,62,012,2019,07,14,2,3,5,3,0,1,0,0,0,0,0,359834.409467855470000,5726278.693534497200000,6.973047618000066,51.669979496000053,0,
05,5,12,000,2019,07,15,2,3,5,2,0,1,1,0,0,0,0,360123.209218476900000,5709858.313145201700000,6.983767806000060,51.522498111000061,0,
05,5,62,020,2019,07,08,2,3,5,3,0,1,1,0,0,0,0,372101.668050337580000,5716129.779443761300000,7.154048103000037,51.581699358000037,0,
05,5,62,020,2019,07,05,2,2,4,2,0,0,1,0,0,0,0,371426.602000000890000,5715576.983000000900000,7.144512773000031,51.576577842000063,0,
05,5,62,032,2019,07,16,2,3,2,6,0,0,1,0,0,0,0,377528.162999998780000,5720593.775000002200000,7.230768544000057,51.623023901000067,0,
05,5,13,000,2019,07,17,2,3,3,6,0,0,1,0,1,0,0,366836.165449172260000,5706776.444859117300000,7.081634734000033,51.496425069000054,0,
05,5,62,032,2019,07,14,5,3,8,1,0,0,1,0,0,1,0,376608.446000001390000,5716466.839000001500000,7.218941353000048,51.585733333000064,0,
05,5,13,000,2019,07,16,5,3,2,6,0,0,1,0,0,0,0,367440.136346842160000,5710822.613827375700000,7.088808740000047,51.532928731000027,0,
05,5,70,020,2019,07,15,4,3,1,5,0,0,1,0,0,0,1,434079.801001118500000,5748427.544241862400000,8.042261865000057,51.882719450000081,0,
05,5,70,048,2019,07,16,4,3,8,1,0,0,0,0,1,0,0,448857.368610866370000,5728769.002657283100000,8.259838493000075,51.707530442000063,0,
05,5,70,040,2019,07,10,4,2,6,4,0,0,0,1,0,1,0,418992.719541673550000,5744290.546522632200000,7.824080833000039,51.843542943000045,0,
05,5,70,024,2019,07,01,4,3,8,7,2,0,0,0,1,0,0,416738.535000002010000,5749522.006999999300000,7.790105111000059,51.890237759000058,0,
05,5,66,028,2019,07,11,4,2,2,1,0,0,1,0,0,1,0,414573.838656249460000,5793453.907637734000000,7.747649679000062,52.284800601000029,0,
05,5,66,012,2019,07,04,4,3,5,2,1,0,1,0,0,1,0,404715.953000001610000,5774499.752999998600000,7.608508187000041,52.112820166000063,0,
05,5,54,024,2019,07,10,4,3,8,6,0,0,1,0,0,0,0,372946.102910690940000,5775740.534320024800000,7.144320804000074,52.117583919000026,0,
05,5,54,004,2019,07,14,4,2,5,2,0,1,1,0,0,0,0,362535.347683245320000,5773665.782850191000000,6.993201587000044,52.096451560000048,0,
05,5,54,008,2019,07,12,4,3,8,7,0,0,1,0,0,0,0,331097.263662654910000,5748642.475815312900000,6.546978576000072,51.862973145000069,0,
05,5,66,040,2019,07,19,7,3,1,6,0,0,1,0,0,0,0,424356.937922250480000,5780353.872141961000000,7.893969459000061,52.168478974000038,0,
05,5,66,084,2019,07,13,7,3,5,2,0,0,1,0,0,0,1,386550.081147470510000,5781926.195620631800000,7.340852181000059,52.176133108000045,0,
05,5,66,012,2019,07,07,7,2,4,6,0,0,1,0,0,0,0,403808.355196105320000,5775495.074249805900000,7.594976978000034,52.121609054000032,0,
05,5,58,012,2019,07,10,7,2,2,2,0,0,1,0,1,0,0,374160.055887683290000,5756932.122555365800000,7.168960822000031,51.948843608000061,0,
05,5,15,000,2019,07,09,7,3,1,7,0,0,1,0,0,0,1,406520.833500141280000,5751191.027796529200000,7.641218998000056,51.903620002000082,0,
05,5,15,000,2019,07,03,7,2,6,4,2,0,1,1,0,0,0,405829.954662677830000,5759023.985680682600000,7.629034935000050,51.973910042000057,0,
05,5,15,000,2019,07,13,7,2,0,1,0,1,0,0,0,0,0,410419.428999999540000,5760649.173000002300000,7.695406763000051,51.989277048000076,0,
05,5,62,012,2019,07,20,7,3,4,6,0,1,0,0,0,0,0,359771.535000000150000,5725162.847000001000000,6.972586761000059,51.659936990000062,0,
05,5,62,012,2019,07,11,7,2,8,1,0,0,1,0,0,0,0,363456.634591495620000,5727336.011661185000000,7.024981724000043,51.680372671000043,0,
05,5,66,012,2019,07,05,7,3,8,6,1,0,0,0,0,0,1,406353.604833270420000,5770229.543242314800000,7.633589683000025,52.074718201000053,0,
05,5,70,016,2019,07,10,6,2,5,2,0,0,1,0,0,0,1,409274.104873805310000,5742011.451690757600000,7.683638906000056,51.821561888000076,0,
05,5,70,036,2019,07,16,6,2,5,3,0,1,1,0,0,0,0,434992.548000000420000,5768053.681000003600000,8.051804126000036,52.059261187000061,0,
05,5,70,052,2019,07,11,6,3,0,1,0,1,0,0,0,0,0,430847.917359504850000,5757748.355621893000000,7.993441625000060,51.966119150000054,0,
05,5,66,028,2019,07,17,6,3,5,2,0,0,1,0,1,0,0,417033.810995367360000,5790720.027565604100000,7.784376514000030,52.260603959000036,0,
05,5,58,044,2019,07,10,6,3,5,3,0,0,1,0,1,0,0,399441.162473841570000,5742245.732363974700000,7.540950122000027,51.821984647000079,0,
05,5,58,012,2019,07,11,6,3,9,1,0,1,0,0,0,0,0,376210.776000001470000,5757916.796000000100000,7.198429131000069,51.958152605000066,0,
05,5,15,000,2019,07,12,6,3,2,6,0,0,1,0,0,0,0,408288.526956679300000,5760808.145800467600000,7.664340181000057,51.990358215000072,0,
05,5,15,000,2019,07,12,6,3,2,6,0,0,1,0,0,0,0,399940.585093401370000,5761094.626584293300000,7.542720269000029,51.991491969000037,0,
05,5,15,000,2019,07,11,6,3,5,3,0,1,0,0,0,0,1,407140.778973600830000,5756903.320711828800000,7.648686103000046,51.955069003000062,0,
05,5,62,036,2019,07,16,6,3,5,2,0,0,1,0,0,0,0,388738.788502866400000,5719985.022151406900000,7.392838808000022,51.619880620000060,0,
05,5,62,028,2019,07,11,6,3,2,6,0,0,1,0,1,0,0,375686.309201254510000,5725334.266409341200000,7.202490668000053,51.665223236000031,0,
05,5,62,004,2019,07,16,6,3,2,6,0,0,1,0,0,0,0,384100.284501428720000,5711705.739160660700000,7.328598970000030,51.544532290000063,0,
05,5,70,044,2019,07,15,2,3,5,2,0,1,0,0,0,0,0,414476.638644317170000,5764945.418984819200000,7.753405116000067,52.028534766000064,0,
05,5,70,012,2019,07,11,2,3,5,3,0,0,1,0,0,0,0,441567.241993765350000,5754482.142074285100000,8.150004241000033,51.937985962000027,0,
05,5,62,020,2019,07,07,6,2,5,3,0,0,1,0,0,0,0,372364.341000000950000,5718390.848000001200000,7.157014756000024,51.602078976000030,0,
05,5,66,056,2019,07,06,2,3,5,3,1,1,0,0,0,0,1,415870.741335418080000,5796037.633900638700000,7.766012131000025,52.308224274000054,0,
05,5,13,000,2019,07,11,6,3,0,6,0,0,1,0,0,0,1,366221.838011674580000,5707973.380999241000000,7.072336155000073,51.507036452000079,0,
05,5,66,076,2019,07,15,2,3,5,3,0,0,1,0,0,0,0,392595.125074020590000,5794243.286801265600000,7.425307909000026,52.288039315000049,0,
05,5,66,012,2019,07,03,2,3,8,1,2,0,1,0,0,0,0,411292.146068773230000,5773927.421736121200000,7.704665954000063,52.108769845000040,0,
05,5,13,000,2019,07,13,6,3,3,2,0,0,1,0,0,1,0,367964.304967889560000,5708754.221984356600000,7.097136658000068,51.514463488000047,0,
05,5,54,028,2019,07,22,2,3,9,7,2,0,1,0,0,0,0,356947.728368394080000,5746293.781520070500000,6.923093805000065,51.849096304000057,0,
05,5,15,000,2019,07,08,2,3,5,3,0,1,1,0,0,0,0,405921.874490539540000,5756084.939478898400000,7.631177721000029,51.947508143000050,0,
05,5,15,000,2019,07,19,2,3,3,5,0,0,1,0,0,0,1,406289.441497783180000,5758763.708851713700000,7.635793333000038,51.971648228000049,0,
05,5,15,000,2019,07,13,2,2,5,2,0,1,0,0,0,1,0,406625.066000000570000,5757653.318000000000000,7.640979717000050,51.961723994000067,0,
05,5,62,028,2019,07,12,2,3,8,7,0,0,1,0,0,0,0,379678.375450609250000,5721427.734145132800000,7.261528510000062,51.630982857000049,0,
05,5,62,012,2019,07,17,2,2,8,1,0,0,1,0,0,0,0,367525.013964139860000,5733505.536550836600000,7.081447561000061,51.736788674000081,0,
05,5,62,024,2019,07,11,2,3,5,2,0,1,1,0,0,0,0,369535.799687593240000,5725037.855189180000000,7.113718955000024,51.661165207000067,0,
05,5,12,000,2019,07,16,2,3,2,1,0,0,1,0,0,0,0,358349.418203558770000,5720803.468796514000000,6.953804491000028,51.620408017000045,0,
05,5,62,032,2019,07,15,2,3,5,3,0,0,1,0,1,0,0,374154.162911989730000,5715950.883927030500000,7.183719646000043,51.580553654000028,0,
05,5,62,032,2019,07,08,2,2,8,7,0,0,1,0,0,0,0,372908.918335545810000,5719614.591163389400000,7.164430187000050,51.613199843000075,0,
05,5,13,000,2019,07,15,2,3,2,6,0,0,1,0,0,0,0,364658.485960780640000,5715283.897223332900000,7.047012221000045,51.572359759000051,0,
05,5,13,000,2019,07,20,2,2,9,1,0,0,1,0,0,0,0,367108.163858388550000,5708206.535241834800000,7.085012018000043,51.509340864000080,0,
05,5,62,012,2019,07,15,2,3,3,6,0,0,1,0,0,0,0,356903.098539669070000,5724062.263323789500000,6.931594339000071,51.649324582000077,0,
05,5,66,076,2019,07,09,6,2,2,6,0,0,1,0,1,0,0,393040.905526055950000,5798054.039419872700000,7.430630225000073,52.322373944000049,0,
05,5,15,000,2019,07,04,6,3,8,7,2,0,0,0,0,1,0,401151.224727762860000,5752130.729797283200000,7.562924415000055,51.911139488000060,0,
05,5,70,052,2019,07,14,5,3,9,1,0,0,1,0,0,0,0,428353.893888855350000,5758780.337256543300000,7.956930315000022,51.975080303000027,0,
05,5,62,004,2019,07,16,2,3,2,6,0,0,1,0,0,0,0,386885.358472298830000,5716099.082576995700000,7.367331101000048,51.584584681000081,0,
05,5,58,040,2019,07,10,5,3,0,1,0,1,0,0,0,0,0,373790.956428500820000,5763850.040054515000000,7.161048587000039,52.010926889000075,0,
05,5,70,004,2019,07,04,1,3,1,1,2,1,1,0,0,0,0,422879.228000001050000,5736220.849000001300000,7.882282205000024,51.771550469000033,0,
05,5,58,012,2019,07,08,5,3,1,6,0,0,1,0,0,0,0,373597.631322422060000,5756434.464237937700000,7.160964765000074,51.944243931000074,0,
05,5,70,032,2019,07,14,1,3,2,6,0,0,1,0,0,0,0,418742.226142331030000,5769219.279042329600000,7.814549626000030,52.067593666000050,0,
05,5,66,056,2019,07,10,1,2,2,6,0,0,1,0,0,0,0,417569.191399993370000,5796503.042209127900000,7.790804515000048,52.312665180000067,0,
05,5,54,020,2019,07,08,5,3,2,6,0,0,1,0,0,0,0,367993.014807780270000,5784397.344543419800000,7.068657529000063,52.194210380000072,0,
05,5,66,024,2019,07,12,1,2,4,1,0,0,1,0,1,0,0,381130.959038524890000,5775835.192727517300000,7.263769780000075,52.120254862000081,0,
05,5,54,004,2019,07,11,5,2,9,1,0,0,1,0,0,0,0,357062.208305891600000,5773622.599203424500000,6.913375497000061,52.094676878000030,0,
05,5,54,052,2019,07,22,1,3,8,6,2,1,0,0,0,0,1,376864.160843459890000,5774043.548754748000000,7.202128465000044,52.103220662000069,0,
05,5,62,012,2019,07,10,5,2,8,1,0,0,0,0,0,0,1,360987.022077776490000,5731701.634972503400000,6.987543631000051,51.718995779000068,0,
05,5,54,036,2019,07,13,1,3,8,1,0,0,1,0,0,0,0,372811.563617873010000,5769387.856160869800000,7.144726764000041,52.060467196000047,0,
05,5,12,000,2019,07,00,5,3,0,7,2,1,0,0,0,0,0,356887.002171393480000,5710423.356046089900000,6.936922633000052,51.526764780000065,0,
05,5,54,004,2019,07,14,1,3,8,1,0,0,1,0,0,0,0,355253.114370547240000,5777487.881972819600000,6.885342334000029,52.128934909000066,0,
05,5,15,000,2019,07,11,1,3,5,3,0,0,1,0,0,0,1,404677.405728808600000,5758519.000817624900000,7.612401186000056,51.969174558000077,0,
05,5,62,014,2019,07,12,5,3,5,2,0,0,1,0,1,0,0,360147.924072738740000,5715622.200574813400000,6.981832573000077,51.574298964000036,0,
05,5,15,000,2019,07,16,1,3,3,6,0,1,0,0,0,0,0,406173.977900898080000,5757697.963762259100000,7.634404194000069,51.962049348000050,0,
05,5,62,020,2019,07,11,5,2,5,3,0,0,1,0,1,0,0,367579.919427933170000,5719181.931017022600000,7.087672412000075,51.608083495000074,0,
05,5,62,036,2019,07,21,1,3,5,3,1,1,1,0,0,0,0,389495.114410890270000,5719614.704298391900000,7.403876101000037,51.616701192000050,0,
05,5,62,032,2019,07,17,5,3,5,2,0,1,1,0,0,0,0,375425.346605606380000,5720976.600762611300000,7.200271048000047,51.626002841000059,0,
05,5,62,028,2019,07,09,1,2,8,1,0,0,0,0,1,0,0,378096.813483908770000,5722852.847116239400000,7.238192453000067,51.643450258000030,0,
05,5,13,000,2019,07,12,5,3,3,2,0,1,1,0,0,0,0,366279.238000000830000,5716091.842000000200000,7.070077835000063,51.580007102000081,0,
05,5,62,012,2019,07,15,1,3,2,6,0,0,1,0,0,0,0,359099.878350994550000,5726756.107045380400000,6.962240117000022,51.674085698000056,0,
05,5,12,000,2019,07,18,1,3,2,6,0,0,1,0,0,0,0,356696.325000001120000,5708037.139000002300000,6.935145954000063,51.505274223000072,0,
05,5,13,000,2019,07,05,5,2,5,3,0,0,1,0,0,0,0,366973.106000000610000,5712354.039000002700000,7.081500573000028,51.546581223000032,0,
05,5,62,014,2019,07,17,1,3,3,6,0,0,1,0,1,0,0,360125.475437094460000,5713313.217103634000000,6.982427669000060,51.553544761000069,0,
05,5,13,000,2019,07,13,5,3,0,5,0,1,1,0,0,0,0,366161.646298305130000,5707939.290053488700000,7.071482294000020,51.506715838000048,0,
05,5,54,036,2019,08,02,5,3,9,7,2,0,1,0,0,0,0,368370.479251546790000,5771727.195402389400000,7.079082066000069,52.080450740000060,0,
05,5,70,028,2019,07,17,4,2,5,2,0,0,1,0,0,0,0,439333.811126451940000,5736515.918448280500000,8.120673896000028,51.776228528000047,0,
05,5,70,024,2019,07,10,4,2,7,7,0,0,0,0,1,0,0,421635.060499967080000,5755956.458484515500000,7.859777628000074,51.948788924000041,0,
05,5,70,032,2019,07,20,4,3,0,2,1,0,1,0,0,0,0,423069.946715718140000,5764807.266172563700000,7.878665486000045,52.028551404000041,0,
05,5,66,092,2019,07,12,4,3,5,3,0,1,1,0,0,0,0,424257.683094589970000,5796532.743529031100000,7.888891874000024,52.313895652000042,0,
05,5,66,012,2019,07,18,4,3,4,6,0,1,0,0,0,0,0,403496.934151538650000,5772844.637950491200000,7.591180836000035,52.097732474000054,0,
05,5,66,076,2019,07,14,4,3,2,2,0,0,1,0,1,0,0,392806.483698179950000,5793219.531584568300000,7.428730989000030,52.278879954000047,0,
05,5,58,032,2019,07,10,4,2,4,6,0,1,1,0,0,0,0,387621.767426196490000,5751774.167661059600000,7.366428974000030,51.905369637000035,0,
05,5,58,032,2019,07,04,4,3,1,6,1,0,1,0,0,0,0,389846.381000000980000,5752248.605000000400000,7.398601309000071,51.910077987000079,0,
05,5,54,004,2019,07,14,4,3,1,1,0,1,1,0,0,0,0,361399.210959692490000,5773193.675560925200000,6.976818644000048,52.091926172000058,0,
05,5,15,000,2019,07,22,4,3,0,7,2,0,0,0,1,0,0,405130.396000000650000,5757105.736999999700000,7.619383626000058,51.956549076000044,1,
05,5,15,000,2019,07,17,4,3,1,5,0,0,1,0,0,0,0,403127.154638823120000,5755189.540719198100000,7.590780352000024,51.938980330000049,0,
05,5,62,008,2019,07,14,4,2,1,5,0,0,1,0,0,1,0,384598.327733969320000,5721965.565558241700000,7.332404204000056,51.636847457000044,1,
05,5,62,012,2019,07,21,4,3,5,3,1,1,1,0,0,0,0,363097.382541917260000,5731891.566755048900000,7.018000291000021,51.721221610000043,0,
05,5,13,000,2019,07,15,4,3,9,1,0,0,1,0,0,0,0,363058.519614932130000,5712050.766104223200000,7.025198427000021,51.542919557000062,1,
05,5,13,000,2019,07,08,4,3,1,6,0,0,1,0,0,0,0,363637.675000000750000,5710667.404000002900000,7.034080823000068,51.530628379000063,0,
05,5,66,068,2019,08,11,7,2,9,6,0,0,1,0,0,0,1,373340.566445134580000,5788305.492737114400000,7.145387781000068,52.230583002000060,0,
05,5,58,044,2019,08,20,7,3,2,6,0,0,1,0,0,0,0,394281.397698028940000,5751248.905994920100000,7.463358128000039,51.901952243000039,0,
05,5,70,008,2019,08,01,7,3,3,6,2,0,1,0,0,1,0,430787.180740008130000,5734044.494971169200000,7.997306345000027,51.753018869000073,1,
05,5,70,020,2019,08,18,6,3,5,3,0,0,1,0,0,0,0,427840.938024804000000,5741545.761051636200000,7.953071255000054,51.820081840000057,0,
05,5,70,028,2019,08,07,6,3,5,5,0,1,1,0,0,0,0,444887.846942328850000,5739586.650641515900000,8.200680119000026,51.804410166000082,0,
05,5,66,076,2019,08,17,6,3,6,4,0,0,1,1,0,0,0,394914.321295927280000,5792957.279789889200000,7.459697696000035,52.276930014000072,0,
05,5,66,084,2019,08,19,6,2,8,1,0,0,1,0,0,0,0,388976.460976889360000,5780698.485280962700000,7.376722877000020,52.165593156000057,1,
05,5,70,028,2019,07,16,4,2,2,7,0,0,1,0,0,1,0,438804.496840481650000,5739521.105217823800000,8.112472593000064,51.803188137000063,0,
05,5,58,024,2019,08,17,6,2,6,4,0,0,1,1,0,0,0,387150.963255271320000,5737742.528766188800000,7.364166492000038,51.779164795000042,0,
05,5,58,036,2019,08,09,6,2,8,1,0,1,0,0,0,0,0,392604.793055510150000,5728074.333693310600000,7.446175504000053,51.693339819000073,0,
05,5,54,012,2019,08,14,6,3,2,6,0,1,0,0,0,0,0,352165.616101550870000,5746442.939375171400000,6.853652609000051,51.849190637000049,0,
05,5,15,000,2019,08,11,6,3,0,1,0,0,0,0,1,0,0,405654.597000001000000,5757012.945000002200000,7.627035315000057,51.955804205000049,0,
05,5,62,004,2019,08,17,6,3,5,3,0,0,1,0,1,0,0,381734.246194725860000,5712398.596324296700000,7.294261302000052,51.550268578000043,1,
05,5,62,024,2019,08,11,6,3,5,2,0,0,1,0,0,0,0,368174.562595111320000,5724147.188738944000000,7.094385389000024,51.652843582000060,0,
05,5,62,014,2019,08,11,6,3,5,2,0,0,0,0,1,0,1,359600.328610673550000,5715318.883240006900000,6.974056896000036,51.571437250000031,0,
05,5,62,016,2019,07,12,4,2,2,6,0,0,1,0,0,1,0,372225.660266447810000,5733033.661537919200000,7.149658344000045,51.733639417000063,0,
05,5,62,024,2019,07,13,4,3,2,6,0,0,1,0,0,1,0,372767.232887284830000,5724836.272287357600000,7.160486856000034,51.660094481000044,0,
05,5,66,088,2019,07,16,4,2,8,1,0,0,1,0,0,0,0,418384.153828591110000,5789748.778926741300000,7.804391875000022,52.252075809000075,1,
05,5,70,020,2019,07,18,3,3,5,7,0,0,1,0,0,0,0,432773.798454535190000,5742358.112419990800000,8.024470928000028,51.828000070000030,0,
05,5,70,028,2019,07,19,3,3,5,3,0,1,0,0,0,0,0,441060.249145629820000,5741527.746127203100000,8.144842704000041,51.821470678000026,0,
05,5,70,004,2019,07,13,3,3,2,6,0,0,1,0,1,0,0,422858.241000001320000,5736394.104000004000000,7.881939613000043,51.773105069000053,0,
05,5,66,028,2019,07,15,3,3,4,2,0,0,1,0,0,0,0,411962.413999998940000,5792231.202999999700000,7.709695751000027,52.273398507000081,0,
05,5,66,068,2019,07,08,3,3,5,3,0,1,1,0,0,0,0,378294.285946942870000,5783454.137905102200000,7.219627928000023,52.188104454000040,0,
05,5,58,012,2019,07,16,3,3,2,6,0,0,1,0,0,0,0,374067.951097378510000,5755857.089100044200000,7.168015127000047,51.939162037000074,0,
05,5,58,020,2019,07,19,3,3,4,6,0,1,0,0,0,0,1,392374.194612289780000,5761199.183620706200000,7.432532466000055,51.991017018000036,0,
05,5,58,012,2019,07,15,3,3,5,3,0,1,1,0,0,0,0,373601.677000000140000,5756435.468000000300000,7.161023224000076,51.944253870000068,0,
05,5,58,016,2019,07,17,3,3,3,6,0,1,0,0,0,0,0,381687.154183118600000,5744047.738680345900000,7.282849393000049,51.834702678000042,0,
05,5,54,020,2019,07,15,3,3,5,3,0,1,0,0,0,1,0,367023.547000001180000,5786238.271000003400000,7.053759695000053,52.210519007000073,0,
05,5,54,012,2019,07,08,3,3,2,6,0,0,0,0,0,0,1,354134.946999999690000,5746879.173000004100000,6.882039233000057,51.853628239000045,0,
05,5,54,008,2019,07,16,3,3,5,3,0,1,1,0,0,0,0,332482.501418459230000,5742647.079821471100000,6.569979615000023,51.809533428000066,0,
05,5,54,004,2019,07,15,3,3,5,3,0,0,1,0,1,0,0,360587.834561635740000,5772766.548637481400000,6.965157550000072,52.087884582000072,0,
05,5,15,000,2019,07,17,3,3,3,6,0,1,0,0,0,0,0,406652.591972147110000,5757126.772088358200000,7.641523308000046,51.956995763000066,0,
05,5,62,028,2019,07,14,3,3,2,6,0,0,1,0,0,0,0,379510.675000000750000,5721391.096000004600000,7.259119295000062,51.630617686000051,0,
05,5,62,004,2019,07,17,3,3,5,3,0,1,1,0,0,0,0,382786.858224713240000,5718479.048891998800000,7.307406558000025,51.605137431000060,0,
05,5,62,020,2019,07,14,3,3,5,3,0,0,1,0,0,0,0,373564.208681195040000,5713302.051558353000000,7.176162799000053,51.556616404000067,0,
05,5,62,020,2019,07,20,3,3,0,1,0,1,0,0,0,0,0,371883.955076312650000,5716186.247830517600000,7.150887016000070,51.582157387000052,0,
05,5,62,020,2019,07,10,3,2,0,7,0,0,0,0,1,0,0,371562.006865606640000,5719531.861102901400000,7.145018052000069,51.612150682000049,0,
05,5,62,032,2019,07,08,3,3,2,6,0,0,1,0,0,0,0,374277.463786261160000,5719190.313182564500000,7.184337446000029,51.609694134000051,0,
05,5,13,000,2019,07,15,3,3,3,2,0,1,1,0,0,0,0,363115.253194167280000,5711602.902572974600000,7.026190228000075,51.538908673000037,0,
05,5,62,020,2019,08,20,6,2,3,1,1,0,1,0,0,0,0,371370.580247961920000,5715397.053760571400000,7.143770652000058,51.574948057000029,1,
05,5,66,016,2019,08,14,6,3,2,6,0,0,1,0,0,0,0,405494.420224593020000,5793852.446633681700000,7.614473529000065,52.286896368000043,0,
05,5,66,088,2019,08,14,6,3,1,6,0,0,1,0,0,0,0,423530.673556012100000,5787557.547997629300000,7.880264147000048,52.233118473000047,0,
05,5,70,044,2019,08,18,5,3,2,2,0,0,1,0,1,0,0,416894.539574900640000,5757279.232481809300000,7.790498492000040,51.959991295000066,0,