ULAND,UREGBEZ,UKREIS,UGEMEINDE,UJAHR,UMONAT,USTUNDE,UWOCHENTAG,UKATEGORIE,UART,UTYP1,ULICHTVERH,IstRad,IstPKW,IstFuss,IstKrad,IstGkfz,IstSonstige,LINREFX,LINREFY,XGCSWGS84,YGCSWGS84,STRZUSTAND,UIDENTSTLAE
05,5,66,028,2019,08,11,5,3,4,6,0,0,1,0,0,0,0,409640.300342913720000,5796799.595632221500000,7.674446531000058,52.314082956000050,1,
05,5,66,076,2019,08,16,5,2,0,1,0,0,0,0,1,0,0,393191.664097957310000,5793307.993794126400000,7.434346745000028,52.279749954000067,1,
05,5,66,084,2019,08,18,5,3,5,2,0,1,1,0,0,0,0,385336.365839628500000,5777796.671443205300000,7.324504785000045,52.138770727000065,0,
05,5,66,012,2019,08,19,5,3,5,3,0,0,1,0,0,0,0,411082.839874816130000,5767302.999168615800000,7.703337193000039,52.049192414000061,1,
05,5,58,040,2019,08,15,5,2,8,1,0,0,1,0,0,0,0,384892.092013539750000,5766593.234874064100000,7.321798355000055,52.037993572000062,0,
05,5,58,016,2019,08,17,5,3,4,6,0,1,0,0,0,0,0,380625.246687875130000,5752915.909656830100000,7.264378300000033,51.914175242000056,0,
05,5,58,016,2019,08,16,5,3,5,2,0,0,1,0,0,0,1,379471.707000000400000,5745869.620000001000000,7.250076312000033,51.850602245000061,1,
05,5,54,012,2019,08,11,5,3,5,3,0,0,1,0,0,1,0,351936.777999999930000,5743857.324000002800000,6.851439232000075,51.825898554000048,0,
05,5,15,000,2019,08,16,5,3,2,6,0,1,0,0,0,0,0,406976.308829518040000,5757806.858856609100000,7.646048728000039,51.963162976000035,0,
05,5,62,008,2019,08,15,5,3,2,6,0,0,1,0,0,0,0,382678.969256457870000,5723129.478392329100000,7.304291503000059,51.646911144000057,1,
05,5,62,004,2019,08,15,5,3,0,1,0,0,0,0,1,0,0,385347.767066515050000,5716075.904753308700000,7.345155353000052,51.584065629000065,1,
05,5,62,024,2019,08,12,5,3,3,6,0,0,1,0,0,0,0,367527.023187328130000,5723515.154487937700000,7.085269833000041,51.647011610000050,1,
05,5,62,032,2019,08,14,5,3,5,3,0,0,1,0,0,0,0,376230.141055874530000,5718791.626846225900000,7.212663521000025,51.606543709000050,1,
05,5,62,020,2019,08,17,4,3,5,3,0,1,1,0,0,0,0,371178.853996545080000,5717575.217837199600000,7.140206195000076,51.594479129000035,0,
05,5,70,036,2019,08,17,4,2,8,1,0,0,0,0,0,0,1,436070.737688599150000,5757668.088299056500000,8.069467202000055,51.966022772000031,0,
05,5,66,048,2019,08,08,4,3,0,3,0,1,1,0,0,0,0,431072.676939697000000,5795704.195788826800000,7.989016969000033,52.307345721000047,0,
05,5,66,012,2019,08,13,4,2,5,3,0,1,1,0,0,0,0,409066.092000001110000,5777432.127000000300000,7.671233170000050,52.139909833000047,0,
05,5,58,036,2019,08,11,4,3,2,2,0,0,1,0,0,1,0,389633.151963680050000,5731784.827323900500000,7.402023742000040,51.726112999000065,0,
05,5,70,020,2019,08,10,4,3,5,2,0,0,1,0,0,0,0,434465.189493021000000,5749319.356618871900000,8.047690810000063,51.890782179000041,0,
05,5,54,008,2019,08,11,4,3,5,3,0,1,1,0,0,0,0,338790.241905286910000,5751124.639356885100000,6.657443593000039,51.887547572000074,0,
05,5,13,000,2019,08,17,5,3,2,6,0,0,1,0,0,0,0,369207.286191677670000,5711300.907939212400000,7.114094116000047,51.537639215000070,0,
05,5,15,000,2019,08,21,5,3,0,1,2,0,1,0,0,0,0,400937.559205096220000,5760856.880796687700000,7.557304028000033,51.989533804000075,1,
05,5,66,016,2019,08,22,4,3,0,1,2,1,0,0,0,0,0,406473.587467813860000,5790639.865012183800000,7.629715230000045,52.258189313000059,1,
05,5,70,044,2019,08,18,4,3,9,1,0,0,0,0,1,0,0,420216.363459710960000,5760996.536691093800000,7.837968449000073,51.993893275000062,0,
05,5,54,024,2019,08,07,3,3,9,7,0,0,1,0,0,0,0,368405.737009088510000,5780468.599730348200000,7.076216344000045,52.159006858000055,0,
05,5,66,076,2019,08,18,3,2,0,7,0,1,0,0,0,0,0,393988.717034116390000,5793417.578171843700000,7.445991235000065,52.280889107000064,1,
05,5,62,014,2019,08,19,3,3,8,6,1,0,1,0,0,0,0,362766.197009446100000,5713761.509283134700000,7.020318209000038,51.558221770000046,1,
05,5,70,008,2019,08,15,2,3,0,7,0,0,1,0,0,0,0,431382.683846957050000,5734869.313519768400000,8.005769216000033,51.760507239000049,0,
05,5,66,076,2019,08,15,2,3,2,6,0,0,1,0,0,0,1,393272.548899604940000,5792977.589895119900000,7.435636500000044,52.276796266000076,0,
05,5,58,024,2019,08,16,2,2,9,1,0,0,0,0,0,0,1,390471.468446784650000,5732213.606648484200000,7.414021609000031,51.730131228000062,0,
05,5,58,036,2019,08,12,2,3,5,2,0,0,1,0,1,0,0,389921.475517349320000,5726289.382587013800000,7.407931411000050,51.676776956000026,0,
05,5,58,032,2019,08,16,2,2,6,2,0,0,1,1,0,0,0,391337.400457957760000,5750613.814693400600000,7.420784025000046,51.895677867000074,0,
05,5,54,040,2019,08,12,2,2,5,3,0,1,1,0,0,0,0,350461.884999999780000,5738144.235000001300000,6.832517250000024,51.774174696000046,0,
05,5,54,028,2019,08,17,2,3,2,3,0,0,1,0,1,0,0,358771.617000000550000,5743563.456000000200000,6.950670035000030,51.825027488000046,0,
05,5,15,000,2019,08,17,2,3,0,2,0,0,1,0,0,0,1,405926.981235297400000,5756581.630836661900000,7.631116053000028,51.951973501000055,0,
05,5,15,000,2019,08,07,2,3,5,3,0,1,1,0,0,0,0,406688.950547778980000,5759311.648399876400000,7.641458509000074,51.976640584000052,0,
05,5,62,036,2019,08,15,2,3,5,3,0,0,1,0,0,0,0,391646.166042105290000,5719503.267950214400000,7.434967574000041,51.616117774000031,0,
05,5,62,036,2019,08,13,2,3,3,6,0,1,1,0,0,0,0,388758.497836210760000,5719880.411540217700000,7.393156602000033,51.618944275000047,0,
05,5,62,028,2019,08,13,2,2,5,3,0,1,1,0,0,0,0,378775.936811827120000,5723399.174570728100000,7.247813216000054,51.648507070000051,0,
05,5,62,028,2019,08,15,2,3,0,7,0,1,1,0,0,0,0,379666.434703441340000,5721425.394814685000000,7.261356873000068,51.630959279000081,0,
05,5,62,016,2019,08,17,2,2,3,5,0,0,0,0,1,0,1,374717.643043497580000,5733905.314521219600000,7.185412023000026,51.742035329000032,0,
05,5,62,020,2019,08,16,2,3,5,3,0,1,1,0,0,0,0,371766.045341072600000,5718087.649444129300000,7.148491408000041,51.599218260000043,0,
05,5,13,000,2019,08,15,2,2,6,6,0,1,0,1,0,0,0,365046.095992328600000,5717682.041946414900000,7.051680203000046,51.594003358000066,0,
05,5,13,000,2019,08,20,2,3,2,6,1,0,1,0,0,0,0,368462.537984605880000,5707793.907558208300000,7.104671087000043,51.505949570000041,0,
05,5,13,000,2019,08,11,2,3,2,2,0,0,1,0,0,1,0,367290.173000001350000,5711578.173000002300000,7.086363115000040,51.539683448000062,0,
05,5,13,000,2019,08,06,2,3,5,2,0,1,1,0,0,0,0,368927.186846522610000,5708109.560174493100000,7.111244988000067,51.508894246000068,0,
05,5,70,028,2019,08,16,3,2,5,2,0,1,1,0,0,0,0,440694.972866551950000,5741122.243810832500000,8.139612996000039,51.817786471000034,0,
05,5,62,012,2019,08,16,2,3,9,6,0,0,1,0,0,0,0,356378.268679624420000,5728387.966458899900000,6.922235317000059,51.688059613000064,0,
05,5,58,044,2019,08,05,2,3,2,3,1,0,1,0,0,0,0,396524.451576601710000,5751192.748021792600000,7.495965978000072,51.901868584000056,0,
05,5,70,012,2019,08,17,1,1,5,3,0,1,1,0,0,0,0,441566.012000000100000,5754480.786000004000000,8.149986581000064,51.937973642000031,0,
05,5,58,040,2019,08,22,1,2,1,1,2,0,1,0,0,0,0,381140.844064077360000,5765238.760170023900000,7.267604734000031,52.025029763000077,1,
05,5,58,008,2019,08,12,1,2,9,1,0,0,0,0,1,0,0,386457.260282346980000,5764539.648507552200000,7.345288689000029,52.019860380000068,1,
05,5,54,020,2019,08,16,1,3,0,7,0,0,0,0,0,0,1,365441.426445617340000,5786512.215291971300000,7.030509660000064,52.212596452000071,1,
05,5,54,040,2019,08,19,1,2,2,6,0,0,1,0,0,0,0,352825.512890530750000,5735137.357392109900000,6.868024501000036,51.747784067000055,1,
05,5,15,000,2019,08,14,1,2,8,1,0,0,1,0,0,0,0,406360.053072473030000,5735170.560865331400000,7.643217557000071,51.759590056000036,1,
05,5,13,000,2019,08,18,1,3,3,6,0,0,1,0,0,0,0,366810.959510697050000,5710714.312231242700000,7.079783970000051,51.531807389000051,0,
05,5,58,024,2019,08,17,3,3,2,2,0,0,1,0,0,0,1,393147.432203697040000,5736754.861453536900000,7.451358657000071,51.771464722000076,1,
05,5,54,020,2019,08,18,3,3,5,3,0,1,1,0,0,0,0,366842.678826054560000,5782106.700772505300000,7.052737471000057,52.173351263000029,1,
05,5,54,056,2019,08,20,3,3,5,7,0,1,1,0,0,0,0,356927.676756484430000,5762442.794770671100000,6.916092107000054,51.994192407000071,0,
05,5,54,008,2019,08,11,3,2,8,7,0,0,1,0,0,0,0,330977.184516093690000,5748662.565345265000000,6.545226532000072,51.863117249000027,0,
05,5,58,044,2019,08,18,3,2,3,3,0,0,1,0,0,0,0,396554.952937004160000,5751202.329876404300000,7.496406279000041,51.901960369000051,1,
05,5,62,024,2019,08,06,3,3,5,2,0,0,1,0,0,0,0,364044.085771237500000,5725203.668611327200000,7.034303339000076,51.661353597000073,0,
05,5,12,000,2019,08,19,3,3,5,2,0,1,1,0,0,0,0,358957.251267488110000,5711419.200146917300000,6.966347554000038,51.536234306000040,1,
05,5,15,000,2019,08,12,1,3,2,6,0,0,1,0,0,0,0,400327.712171688680000,5760983.879702290500000,7.548388677000048,51.990566177000062,1,
05,5,62,032,2019,08,08,3,3,2,6,0,0,1,0,0,1,0,374293.870000001970000,5714788.025000002200000,7.186151051000024,51.570134101000065,0,
05,5,62,032,2019,08,11,3,3,5,2,0,0,1,0,0,0,0,378622.411865362900000,5721160.461997706400000,7.246371692000025,51.628353973000060,0,
05,5,13,000,2019,08,16,3,3,1,6,0,0,1,0,0,1,0,368563.818638752210000,5709949.781036302400000,7.105325667000045,51.525347507000049,0,
05,5,66,092,2019,08,16,7,3,9,1,0,0,1,0,0,0,0,418914.182000000030000,5794295.289000004500000,7.811061533000043,52.293020958000056,1,
05,5,66,076,2019,08,18,7,3,5,3,0,0,1,0,0,0,0,390982.857904477040000,5791753.596102612100000,7.402484796000067,52.265346900000054,0,
05,5,66,076,2019,08,22,7,3,5,2,2,1,1,0,0,0,0,393098.614200439300000,5793843.309335263400000,7.432813568000029,52.284542833000046,1,
05,5,66,024,2019,08,14,7,2,8,1,0,0,1,0,0,0,0,381963.182000000030000,5769149.789999999100000,7.278234204000057,52.060353121000048,1,
05,5,58,032,2019,08,17,7,2,9,1,0,0,0,0,0,0,1,386681.473000001160000,5754351.213999999700000,7.351918585000021,51.928340029000026,1,
05,5,54,004,2019,08,11,7,2,5,3,0,1,1,0,0,0,0,362710.182800658050000,5772576.416611744100000,6.996190970000043,52.086706669000080,0,
05,5,15,000,2019,08,15,7,3,0,7,0,0,0,0,1,0,0,406190.832000000400000,5757443.308000003900000,7.634718974000066,51.959763228000043,1,
05,5,12,000,2019,08,06,7,2,5,3,1,0,1,0,0,0,0,357201.139625567010000,5710721.441319467500000,6.941327155000067,51.529522860000043,0,
05,5,13,000,2019,08,18,7,3,1,5,0,0,1,0,1,0,0,364337.309907233340000,5712831.487314058500000,7.043326918000048,51.550244273000033,1,
05,5,58,008,2019,08,16,3,3,5,3,0,0,1,0,1,0,0,381907.822987562980000,5759144.435195492600000,7.280877860000032,51.970424440000045,0,
05,5,62,014,2019,08,19,6,3,2,6,0,0,1,0,0,0,0,360622.330734255720000,5713651.746062060800000,6.989455465000049,51.556709782000041,0,
05,5,66,016,2019,08,07,6,3,0,6,0,0,1,0,0,0,0,405754.750486168080000,5793795.808954615100000,7.618304810000041,52.286432022000042,0,
05,5,15,000,2019,08,14,6,3,2,6,0,0,1,0,0,0,0,402767.224826396440000,5763399.962125090900000,7.583219890000066,52.012714862000053,0,
05,5,70,028,2019,08,17,5,3,0,1,0,1,0,0,0,0,0,441197.496591920960000,5741396.730039361900000,8.146856039000056,51.820307273000026,0,
05,5,70,052,2019,08,11,5,3,5,3,0,0,1,0,0,0,1,424254.681495743800000,5759270.420981220900000,7.897154815000022,51.978942195000059,0,
05,5,66,016,2019,08,15,5,3,2,6,0,0,0,0,1,1,0,402698.774076523260000,5793779.141037670900000,7.573521890000052,52.285749639000073,0,
05,5,66,008,2019,08,17,5,3,2,6,0,1,0,0,0,0,0,399612.399575957100000,5778840.602938950100000,7.532722233000072,52.150931966000030,0,
05,5,66,076,2019,08,22,5,2,5,3,2,0,1,0,0,0,0,397356.810336674560000,5787504.949597179900000,7.497142457000052,52.228388818000042,0,
05,5,58,044,2019,08,07,5,3,2,6,0,0,1,0,0,0,0,396261.220871687870000,5748089.616924632300000,7.493074547000049,51.873928643000056,0,
05,5,54,020,2019,08,18,5,3,5,2,0,0,1,0,0,0,0,367423.951000002210000,5783954.350000001500000,7.060510232000070,52.190093322000052,0,
05,5,66,076,2019,08,12,5,3,1,6,0,0,1,0,0,1,0,393087.769472675400000,5798020.387963470100000,7.431328260000043,52.322080646000074,0,
05,5,62,028,2019,08,10,5,2,5,2,0,0,1,0,1,0,0,379787.250400498510000,5722380.127573983700000,7.262773737000032,51.639565656000059,0,
05,5,62,004,2019,08,10,5,3,2,6,0,0,1,0,1,0,0,385382.489794705990000,5711776.156319182400000,7.347058512000046,51.545427072000052,0,
05,5,62,004,2019,08,11,5,2,0,7,0,0,1,0,0,0,1,383116.290637035850000,5717774.976804371900000,7.312396088000071,51.598877942000058,0,
05,5,62,016,2019,08,08,5,3,3,3,0,1,1,0,0,0,0,375275.467592294330000,5735013.420039510400000,7.193089810000060,51.752118166000059,0,
05,5,13,000,2019,08,10,5,3,5,2,0,1,1,0,0,0,0,366434.302133511750000,5714472.602442147200000,7.072930046000067,51.565492535000033,0,
05,5,13,000,2019,08,16,5,3,1,6,0,0,1,0,0,0,0,366465.560932644640000,5709554.906336480800000,7.075246817000050,51.521306679000077,0,
05,5,70,004,2019,08,05,4,3,4,1,1,0,1,0,1,0,0,422719.672244763930000,5734833.249734317900000,7.880278911000062,51.759054500000047,0,
05,5,70,036,2019,08,12,4,3,0,6,0,0,1,0,0,1,0,436049.993261757310000,5757711.236046519100000,8.069157260000054,51.966408277000028,0,
05,5,70,052,2019,08,16,4,3,5,3,0,0,1,0,0,0,0,432396.318805911580000,5756034.848717121400000,8.016313311000033,51.950905716000079,0,
05,5,66,048,2019,08,17,4,3,5,3,0,1,1,0,0,0,0,426905.058565511370000,5793654.428470140300000,7.928345091000040,52.288381569000080,0,
05,5,58,024,2019,08,15,4,2,5,3,0,0,1,0,1,0,0,387892.845999999900000,5737413.501000000200000,7.375022223000030,51.776356709000027,0,
05,5,54,020,2019,08,22,4,3,2,6,2,0,1,0,0,0,0,364573.174831771290000,5786238.605433683800000,7.017919013000039,52.209925300000066,0,
05,5,54,068,2019,08,13,4,3,5,3,0,0,1,0,0,0,0,352697.961360945370000,5766903.546499678900000,6.852611928000044,52.033164883000040,0,
05,5,15,000,2019,08,16,4,3,5,3,0,1,1,0,0,0,0,403488.120262338780000,5760696.085352214100000,7.594482139000036,51.988537583000038,0,
05,5,62,012,2019,08,15,4,3,2,2,0,0,1,0,0,0,0,358051.155592141670000,5728719.611572720100000,6.946285084000067,51.691465080000057,0,
05,5,62,024,2019,08,15,4,3,4,6,0,1,0,0,0,0,0,369324.025755613110000,5724925.739248741400000,7.110700787000042,51.660108466000054,0,
05,5,12,000,2019,08,16,4,3,5,3,0,0,1,0,0,0,0,355644.524616325270000,5718894.428336363300000,6.915545048000070,51.602566910000064,0,
05,5,12,000,2019,08,18,4,3,5,3,0,1,1,0,0,0,0,353905.867935353890000,5709770.762571621700000,6.894248938000033,51.520137484000031,0,
05,5,13,000,2019,08,16,4,3,5,3,0,1,1,0,0,0,0,368308.214000000620000,5712659.258000003200000,7.100629662000074,51.549637291000067,0,
05,5,62,014,2019,08,10,2,3,2,6,0,0,1,0,0,1,0,359668.546301485970000,5713426.654835600400000,6.975796008000032,51.554450646000078,0,
05,5,13,000,2019,08,07,2,2,2,6,0,0,1,0,0,0,0,364259.085794826970000,5708857.677632685800000,7.043731211000022,51.514515105000044,0,
05,5,70,016,2019,08,20,1,3,5,5,1,0,1,0,0,0,0,413018.683374503630000,5742782.130089642500000,7.737761613000032,51.829085017000068,0,
05,5,66,020,2019,08,01,1,3,8,1,2,0,1,0,0,0,0,409819.167614182460000,5807069.777676656800000,7.674309615000027,52.406420790000027,0,
05,5,66,076,2019,08,17,1,3,0,6,0,0,0,0,1,0,0,393234.726000001650000,5793071.369000000900000,7.435052641000027,52.277631731000042,0,
05,5,58,016,2019,08,13,1,2,0,1,0,1,0,0,0,0,0,388420.789828439240000,5746441.745447684100000,7.379763041000047,51.857604891000051,0,
05,5,58,032,2019,08,09,1,2,3,6,0,0,1,0,1,0,0,387091.956668833270000,5755488.385452946600000,7.357512715000041,51.938643614000057,0,
05,5,54,016,2019,08,18,1,3,9,1,0,0,1,0,0,0,0,368304.041210985740000,5759735.353337101600000,7.082728305000046,51.972677838000038,0,
05,5,66,048,2019,08,12,1,2,3,6,0,0,1,0,1,0,0,426664.817978555340000,5791153.236163696300000,7.925367545000029,52.265866467000080,0,
05,5,15,000,2019,08,15,1,3,0,2,0,0,1,0,0,0,0,408149.852427159440000,5751405.944880537700000,7.664833566000027,51.905822768000064,0,
05,5,13,000,2019,08,17,1,3,3,6,0,0,1,0,1,0,0,365413.853913239200000,5715680.633534584200000,7.057753476000073,51.576105831000064,0,
05,5,15,000,2019,08,08,1,3,8,1,0,0,1,0,0,0,0,401555.313901595770000,5761483.162206269800000,7.566117817000077,51.995272752000062,0,
05,5,70,012,2019,08,14,7,3,1,3,0,1,1,0,0,0,0,439809.820291315210000,5753479.923060158300000,8.124618327000064,51.928788672000053,0,
05,5,70,052,2019,08,13,7,2,2,6,0,0,0,0,1,0,0,429610.816978214310000,5764969.752363856900000,7.973954650000053,52.030880764000074,0,
05,5,66,088,2019,08,14,7,3,4,1,0,0,1,0,1,0,0,418803.393326463180000,5785905.961483079900000,7.811455039000066,52.217596055000058,0,
05,5,66,060,2019,08,18,7,3,0,6,0,0,1,0,0,0,1,389454.614713469520000,5789310.192427137900000,7.380899795000062,52.243083044000059,0,
05,5,66,016,2019,08,11,7,3,1,6,0,0,1,0,1,0,0,406360.126241059040000,5790767.842099949700000,7.628017889000034,52.259320267000078,0,
05,5,58,024,2019,08,12,7,2,5,2,0,0,1,0,0,0,0,398911.646698256020000,5738324.144437480700000,7.534413563000044,51.786640642000066,0,
05,5,58,044,2019,08,04,7,2,6,6,2,0,0,1,0,0,1,396101.390999999830000,5745725.518000003000000,7.491464764000057,51.852650257000050,0,
05,5,54,008,2019,08,18,7,3,5,2,0,0,1,0,1,0,0,335914.284332195300000,5743055.434549151000000,6.619521081000073,51.814219613000034,0,
05,5,15,000,2019,08,21,7,3,3,7,2,1,1,0,0,0,0,405524.864504347560000,5756571.275796379900000,7.625269398000057,51.951812263000079,0,
05,5,15,000,2019,08,23,7,3,0,7,2,1,0,0,0,0,0,408580.674949342380000,5761510.644786000300000,7.668406365000067,51.996720819000075,0,
05,5,15,000,2019,08,10,7,2,0,1,0,1,0,0,0,0,0,408868.044512590390000,5758548.063016716400000,7.673377983000023,51.970138682000027,0,
05,5,15,000,2019,08,21,7,2,0,1,2,1,0,0,0,0,0,404935.304042364470000,5749207.572085954200000,7.618726314000071,51.885523415000080,0,
05,5,15,000,2019,08,23,7,2,5,3,2,0,1,0,1,0,0,408067.735999998640000,5754368.798999998700000,7.662849151000046,51.932441232000031,0,
05,5,62,008,2019,08,11,7,2,5,3,0,0,1,0,0,0,1,384600.505623648870000,5722058.879077982200000,7.332404894000035,51.637686578000057,0,
05,5,62,012,2019,08,15,7,3,0,7,0,0,1,0,0,0,0,362177.449199931700000,5734387.512690346700000,7.003702456000042,51.743424634000064,0,
05,5,62,032,2019,08,23,7,2,0,1,2,1,0,0,0,0,0,380893.451481408440000,5720138.833565063800000,7.279514330000040,51.619657448000055,0,
05,5,13,000,2019,08,16,7,3,5,3,0,0,1,0,0,0,0,364711.356518638320000,5715423.261878958000000,7.047721001000070,51.573624833000054,0,
05,5,13,000,2019,08,10,7,3,5,3,0,1,1,0,0,0,0,367668.187879021280000,5716211.936498399800000,7.090066516000036,51.581414157000040,0,
05,5,70,008,2019,08,16,7,3,2,6,0,0,1,0,0,0,0,430349.321172834370000,5732913.626556044400000,7.991190592000066,51.742798141000037,0,
05,5,70,028,2019,08,21,7,3,8,7,2,0,1,0,1,0,0,439943.417066478170000,5739856.959556747200000,8.128930246000039,51.806331039000042,0,
05,5,70,008,2019,08,07,6,2,4,6,0,1,0,0,0,0,0,434949.494727998970000,5736309.375434871800000,8.057173087000024,51.773879254000065,0,
05,5,70,008,2019,08,16,6,3,5,3,0,0,1,0,1,0,0,431997.023469566370000,5730130.606836048900000,8.015595496000060,51.717981069000075,0,
05,5,66,076,2019,08,15,6,3,9,1,0,0,0,0,0,0,1,403040.811963775200000,5788325.074516605600000,7.580101457000069,52.236790078000070,0,
05,5,66,076,2019,08,21,6,3,3,7,2,1,0,0,0,0,0,394907.874080798590000,5793822.209802689000000,7.459333613000069,52.284702146000029,0,
05,5,66,096,2019,08,15,6,2,5,3,0,0,1,0,1,0,0,385100.812769330110000,5785460.163104364600000,7.318469028000038,52.207592237000028,0,
05,5,66,004,2019,08,08,6,3,5,3,0,1,1,0,0,0,0,394827.717224258930000,5766974.725897742400000,7.466477462000057,52.043395958000076,0,
05,5,66,072,2019,08,16,6,3,5,3,0,0,1,0,0,1,0,413308.636266438290000,5800890.621494883700000,7.727190154000027,52.351445555000055,0,
05,5,58,044,2019,08,10,6,3,5,3,0,1,1,0,0,0,0,396381.342455480250000,5746145.892680876000000,7.495401915000059,51.856480660000045,0,
05,5,62,014,2019,08,15,6,3,2,6,0,0,1,0,0,0,0,356464.469885712490000,5714763.788274129900000,6.929065196000067,51.565659725000046,0,
05,5,15,000,2019,08,15,6,3,0,1,0,1,0,0,0,0,0,405246.388476162220000,5758227.422147281500000,7.620761663000053,51.966651020000029,0,
05,5,62,012,2019,08,12,6,3,2,6,0,0,0,0,0,0,1,359567.110999999570000,5725210.769000005000000,6.969613959000071,51.660316569000031,0,
05,5,62,024,2019,08,21,6,2,5,3,2,1,1,0,0,0,0,373644.253999999720000,5725699.939000001200000,7.172847453000031,51.668054026000050,0,
05,5,12,000,2019,08,11,6,3,5,3,0,0,1,0,0,0,1,355706.015109030530000,5709818.172004273200000,6.920157728000049,51.521026219000078,0,
05,5,62,020,2019,08,15,6,3,2,6,0,0,1,0,1,0,0,371501.172019510530000,5717411.087781902400000,7.144916985000066,51.593077728000026,0,
05,5,62,020,2019,08,10,6,2,5,3,0,0,1,0,1,0,0,368046.218000001270000,5718217.291999999400000,7.094765356000039,51.599524147000068,0,
05,5,62,032,2019,08,13,6,2,3,2,0,0,1,0,0,0,1,375499.970160622150000,5719717.555735886100000,7.201795982000022,51.614704182000082,0,
05,5,13,000,2019,08,15,6,3,5,3,0,1,1,0,0,0,0,368853.684782391410000,5715841.565598737400000,7.107304911000028,51.578362850000076,0,
05,5,15,000,2019,08,07,5,3,5,3,0,1,1,0,0,0,0,407095.065726520490000,5760301.613287080100000,7.647101382000074,51.985606911000048,1,
05,5,13,000,2019,08,17,5,3,5,2,0,1,1,0,0,0,0,368555.322568973530000,5707282.795660933500000,7.106197711000050,51.501377896000065,0,
05,5,15,000,2019,08,10,5,3,0,2,0,1,0,0,0,0,0,404825.469673991200000,5758339.207616699900000,7.614605694000034,51.967583882000042,0,
05,5,66,012,2019,08,10,5,3,5,3,0,1,1,0,0,0,0,405382.076420370490000,5773118.336048906700000,7.618616711000072,52.100518123000029,0,
05,5,62,024,2019,08,16,5,3,0,1,0,0,0,0,1,0,0,370424.201512567700000,5726629.333463596200000,7.125965999000073,51.675672807000069,0,
05,5,58,004,2019,08,09,4,3,2,6,0,0,1,0,0,1,0,406670.960379320200000,5733833.105308903400000,7.648080114000038,51.747619796000038,0,
05,5,66,028,2019,08,13,5,2,9,6,0,1,1,0,0,0,0,411636.169358274900000,5793206.413026997800000,7.704659970000023,52.282111585000052,0,
05,5,70,052,2019,08,19,3,3,3,2,1,1,1,0,0,0,0,430928.694045903160000,5755883.084601733800000,7.994992231000026,51.949361081000063,0,
05,5,70,052,2019,08,08,3,1,1,6,0,0,1,0,1,0,0,426241.970657547940000,5756062.140762232200000,7.926773121000053,51.950368944000047,0,
05,5,66,076,2019,08,17,3,3,1,5,0,0,1,0,0,0,0,393026.658661182970000,5793281.729912707600000,7.431937323000057,52.279481830000066,0,
05,5,66,084,2019,08,08,3,2,0,6,0,0,0,1,0,0,1,387914.226255626420000,5777916.356487220200000,7.362116840000056,52.140375352000035,0,
05,5,58,016,2019,08,11,3,2,2,2,0,0,1,0,0,0,1,386424.696611137130000,5747138.239679049700000,7.350561750000054,51.863461928000049,0,
05,5,54,048,2019,08,07,3,3,0,3,1,1,1,0,0,0,0,338713.300999999980000,5743086.903000000900000,6.660076400000037,51.815316944000074,0,
05,5,58,012,2019,08,13,5,3,5,3,0,1,1,0,0,0,0,373831.413999999870000,5756070.109000003000000,7.164497882000035,51.941022744000065,0,
05,5,54,008,2019,08,10,3,3,8,1,0,0,0,0,1,0,0,338960.906388084400000,5752167.502807579900000,6.659434369000053,51.896965580000028,0,
05,5,54,064,2019,08,18,3,3,5,3,0,0,1,0,0,0,0,355816.846000000830000,5750157.234999999400000,6.905074135000064,51.883519102000037,0,
05,5,54,016,2019,08,19,3,3,9,1,0,0,0,0,1,0,0,366365.734896990470000,5757066.778576191500000,7.055565408000064,51.948235807000060,0,
05,5,15,000,2019,08,09,3,3,2,6,0,1,0,0,0,0,0,403991.665018409490000,5756982.012399716300000,7.602851792000024,51.955241558000068,0,
05,5,62,036,2019,08,15,3,3,5,3,0,1,1,0,0,0,0,391671.364367660140000,5722262.609483677900000,7.434477750000042,51.640924060000032,0,
05,5,62,004,2019,08,14,3,3,5,2,0,1,1,0,0,0,0,382523.287174337540000,5715632.860077986500000,7.304555153000024,51.579501977000064,0,
05,5,62,024,2019,08,20,3,2,0,3,1,0,1,0,1,0,0,366533.509381715210000,5724692.000684145800000,7.070469433000028,51.657352268000068,0,
05,5,62,024,2019,08,17,3,3,6,6,0,1,0,1,0,0,0,370424.906336832790000,5726626.818759741300000,7.125977120000073,51.675650371000074,0,
05,5,12,000,2019,08,18,3,3,2,6,0,0,1,0,0,0,0,357233.211841033770000,5710738.087756674700000,6.941782458000034,51.529680553000048,0,
05,5,62,014,2019,08,16,3,3,1,5,0,1,1,0,0,0,0,361901.936304959470000,5713186.268777024000000,7.008084696000026,51.552841616000080,0,
05,5,62,020,2019,08,20,3,2,0,1,2,1,0,0,0,0,0,370664.360493669290000,5718391.296214245300000,7.132481801000040,51.601695174000042,0,
05,5,62,020,2019,08,17,3,3,5,3,0,1,1,0,0,0,0,368734.730999998750000,5718867.914999999100000,7.104457165000042,51.605531946000042,0,
05,5,15,000,2019,08,07,5,2,3,3,0,1,1,0,0,0,0,404788.876065968540000,5761206.473572555900000,7.613277488000051,51.993349617000035,1,
05,5,13,000,2019,08,16,3,3,2,3,0,0,1,0,0,0,0,366430.074207987640000,5714470.858401220300000,7.072869746000038,51.565475860000049,0,
05,5,13,000,2019,08,14,3,3,9,6,0,0,1,0,0,0,0,365989.305072035640000,5716465.846434902400000,7.065753209000036,51.583299223000040,0,
05,5,70,028,2019,08,06,5,2,3,6,1,0,1,0,0,0,0,440528.675284638070000,5740143.075570473400000,8.137368773000048,51.808965855000054,0,
05,5,13,000,2019,08,00,5,2,8,1,2,0,1,0,0,0,0,363105.389586821200000,5711685.235025260600000,7.026016071000072,51.539646147000042,0,
05,5,66,076,2019,08,14,5,3,5,3,0,0,1,0,0,0,0,393888.920225777660000,5794114.283734140900000,7.444309582000074,52.287131288000069,0,
05,5,15,000,2019,08,22,5,3,0,3,2,0,1,0,0,0,1,406209.089443503880000,5769979.184572000100000,7.631550499000070,52.072443449000048,0,
05,5,15,000,2019,08,13,5,3,5,3,0,1,1,0,0,0,0,407899.827677492050000,5761418.186036974200000,7.658517066000059,51.995777243000077,0,
05,5,62,024,2019,08,23,5,3,8,1,2,0,0,0,0,0,1,370135.251628963280000,5726832.273224700200000,7.121713911000029,51.677429821000032,0,
05,5,66,048,2019,08,17,5,2,2,6,0,0,1,0,0,0,1,426398.502642923970000,5790562.071033898700000,7.921594720000030,52.260516929000062,0,