ULAND,UREGBEZ,UKREIS,UGEMEINDE,UJAHR,UMONAT,USTUNDE,UWOCHENTAG,UKATEGORIE,UART,UTYP1,ULICHTVERH,IstRad,IstPKW,IstFuss,IstKrad,IstGkfz,IstSonstige,LINREFX,LINREFY,XGCSWGS84,YGCSWGS84,STRZUSTAND,UIDENTSTLAE
05,5,62,016,2019,08,11,5,2,8,7,0,0,1,0,0,0,0,373027.237566410560000,5734502.208226971300000,7.160723838000024,51.747018980000064,0,
05,5,58,024,2019,08,15,5,3,6,4,0,0,1,1,0,0,0,389230.716790925710000,5735833.001389937500000,7.394910270000025,51.762417910000067,0,
05,5,70,004,2019,08,16,4,3,0,7,0,0,1,0,0,1,0,425797.409467501570000,5742054.372957868500000,7.923319039000035,51.824386448000041,0,
05,5,15,000,2019,08,18,3,3,8,1,0,0,1,0,0,0,0,400117.032287643290000,5757904.395983923200000,7.546217764000062,51.962849635000055,1,
05,5,66,088,2019,08,18,4,3,8,1,0,0,0,0,1,0,0,420094.782376625580000,5786940.331757804400000,7.830109580000055,52.227082567000082,0,
05,5,66,092,2019,08,16,4,3,2,6,0,0,1,0,0,0,0,423291.657000000590000,5796494.338999999700000,7.874732377000044,52.313416316000030,0,
05,5,13,000,2019,08,21,5,3,5,3,2,1,1,0,0,0,0,366434.294942096810000,5714472.599475650100000,7.072929943000077,51.565492506000055,0,
05,5,58,012,2019,08,13,4,3,2,6,0,0,1,0,0,0,0,370406.524042487140000,5755538.062954517100000,7.114901761000056,51.935454554000046,0,
05,5,15,000,2019,08,10,5,3,3,6,0,1,0,0,0,0,1,406240.023975163700000,5757692.437751188900000,7.635366679000072,51.962010820000046,0,
05,5,58,020,2019,08,07,4,2,3,6,0,1,0,0,0,0,0,390641.513102943080000,5759102.003191284800000,7.407976553000026,51.971830126000043,0,
05,5,54,020,2019,08,20,4,2,0,1,2,0,0,0,1,0,0,367251.574633917770000,5785454.759061217300000,7.057402191000051,52.203533761000074,0,
05,5,54,020,2019,08,07,4,2,3,6,0,1,0,0,0,0,0,366170.945134746840000,5783702.036926848800000,7.042290835000074,52.187523544000044,0,
05,5,15,000,2019,08,07,4,3,2,1,0,0,1,0,0,0,0,410582.508774117570000,5755483.015090309100000,7.699126410000076,51.942866341000069,0,
05,5,15,000,2019,08,12,4,3,3,6,0,0,1,0,0,1,0,405219.093137304300000,5754815.603887096000000,7.621305425000060,51.935979490000079,0,
05,5,70,028,2019,08,18,3,3,0,7,0,0,1,0,0,1,0,443865.807286798020000,5741692.281849989700000,8.185517343000072,51.823238814000035,0,
05,5,70,008,2019,08,07,2,3,5,3,0,0,1,0,0,0,1,435743.471625882200000,5734656.667227156500000,8.068984880000073,51.759112912000035,0,
05,5,70,052,2019,08,08,2,3,5,2,0,0,1,0,1,0,0,428623.603277476500000,5752716.610237048900000,7.962115377000032,51.920604772000047,0,
05,5,66,016,2019,08,16,2,3,2,6,0,0,1,0,0,0,0,397884.706480360590000,5798005.752525547500000,7.501689133000070,52.322862562000068,0,
05,5,66,076,2019,08,16,2,3,5,3,0,1,1,0,0,0,0,393173.958636846390000,5793381.953810721600000,7.434063880000053,52.280411205000064,0,
05,5,62,036,2019,08,17,4,3,2,6,0,0,1,0,0,0,0,389365.538379442880000,5720043.460249507800000,7.401869913000041,51.620529416000068,0,
05,5,58,040,2019,08,16,2,3,5,2,0,0,1,0,0,0,0,377056.506644182840000,5763713.680239388700000,7.208653337000044,52.010434451000037,0,
05,5,58,016,2019,08,00,2,3,8,1,2,0,1,0,0,0,0,379730.828561758620000,5741838.788839925100000,7.255237409000074,51.814432894000049,0,
05,5,62,004,2019,08,14,4,3,2,6,0,0,1,0,0,0,0,382896.691185778940000,5716273.333422076000000,7.309728043000064,51.585336055000027,0,
05,5,62,028,2019,08,11,2,3,2,6,0,0,1,0,0,0,0,381042.153387784960000,5722606.644282976200000,7.280822828000055,51.641868289000058,0,
05,5,62,004,2019,08,17,2,3,3,6,0,0,1,0,0,0,0,382897.277246383950000,5716700.572929047000000,7.309593964000044,51.589176067000039,1,
05,5,12,000,2019,08,14,2,2,0,7,0,0,0,0,0,0,1,355552.028734127060000,5709749.241091763600000,6.917968012000074,51.520367464000060,0,
05,5,62,014,2019,08,16,2,3,2,2,0,1,1,0,0,0,0,362588.946330233480000,5712128.393472464800000,7.018400858000064,51.543503007000027,0,
05,5,13,000,2019,08,11,2,3,5,3,0,0,1,0,1,0,0,365671.104000001210000,5717544.873000001500000,7.060750332000055,51.592920075000052,0,
05,5,13,000,2019,08,18,2,3,1,6,0,0,1,0,0,0,1,367267.743796181870000,5708977.144646005700000,7.087020062000022,51.516303602000050,0,
05,5,62,014,2019,08,13,4,3,5,3,0,0,1,0,0,0,0,361426.255477041010000,5713847.281636698200000,7.000967527000057,51.558664953000061,0,
05,5,13,000,2019,08,17,2,3,0,1,0,0,0,0,1,0,0,365771.312988316640000,5707695.479694301300000,7.065954098000020,51.504432234000035,1,
05,5,66,028,2019,08,14,5,3,5,3,0,0,1,0,0,0,0,408581.543281823400000,5795890.841687237800000,7.659166273000039,52.305739779000078,0,
05,5,54,008,2019,08,17,5,2,5,2,0,1,1,0,0,0,0,338728.866663820110000,5745641.332977507300000,6.659112124000046,51.838269714000035,0,
05,5,62,036,2019,08,07,6,3,1,2,0,0,1,0,1,0,0,392627.242217788470000,5720148.786228535700000,7.448934517000055,51.622107851000067,0,
05,5,70,004,2019,08,19,7,3,6,4,0,0,1,1,0,0,0,425186.487772586760000,5729142.007152235100000,7.917237219000072,51.708226594000053,0,
05,5,62,012,2019,08,11,6,2,2,2,0,0,0,0,1,0,0,361444.357209838930000,5736275.361408505600000,6.992338666000023,51.760207715000035,0,
05,5,62,024,2019,08,15,6,2,0,1,0,0,0,0,1,0,0,363979.780332360420000,5724489.478734705600000,7.033652061000055,51.654920196000035,0,
05,5,12,000,2019,08,17,6,2,0,1,0,1,0,0,0,0,0,356499.575000001120000,5709617.228000000100000,6.931669827000064,51.519422737000070,0,
05,5,12,000,2019,08,16,6,3,5,3,0,0,1,0,0,0,1,357124.009310758670000,5719340.946213671900000,6.936711499000069,51.606956472000036,0,
05,5,62,032,2019,08,10,6,3,6,7,0,0,1,1,0,0,0,374230.484432879840000,5715256.826001061100000,7.185069109000040,51.574333128000035,0,
05,5,62,008,2019,08,20,7,3,6,4,2,1,1,1,0,0,0,385080.298891845160000,5723253.781709129000000,7.338942589000055,51.648524270000053,0,
05,5,66,084,2019,08,19,6,2,5,3,0,1,1,0,0,0,0,386461.774787462320000,5778962.419041425000000,7.340552586000058,52.149479684000028,0,
05,5,13,000,2019,08,07,6,3,0,1,0,0,0,0,1,0,0,368470.429284618240000,5707836.430871943000000,7.104768867000075,51.506333555000026,0,
05,5,70,008,2019,08,18,6,3,2,2,0,0,1,0,0,0,0,433265.679307167420000,5737035.393802736000000,8.032632396000054,51.780207939000036,0,
05,5,13,000,2019,08,16,7,2,5,3,0,1,1,0,0,0,0,368881.421689494510000,5708666.155107701200000,7.110378899000068,51.513885645000073,0,
05,5,58,032,2019,08,23,6,2,0,1,2,1,0,0,0,0,0,386845.895624587310000,5755248.307946788100000,7.354013810000026,51.936435973000073,0,
05,5,15,000,2019,08,12,6,3,3,6,0,1,0,0,0,1,0,405639.030469243410000,5756984.517125584200000,7.626816660000031,51.955546042000037,0,
05,5,66,028,2019,08,15,7,3,2,6,0,0,0,0,1,0,0,413961.583000001500000,5790160.897000001700000,7.739516229000060,52.255106307000062,0,
05,5,70,020,2019,08,22,6,3,0,1,2,1,0,0,0,0,0,436173.433999999430000,5746846.445000000300000,8.072967734000031,51.868749030000060,0,
05,5,15,000,2019,08,11,7,3,0,3,0,1,1,0,0,0,0,403051.202345618980000,5758116.424258122200000,7.588850119000028,51.965274821000037,0,
05,5,70,052,2019,08,16,6,3,4,6,0,0,0,0,1,0,0,425401.177423567510000,5760506.298217602100000,7.913575633000050,51.990207062000081,0,
05,5,15,000,2019,08,16,6,3,0,7,0,1,0,0,0,0,1,406052.327818785790000,5756765.237549718500000,7.632889250000062,51.953645032000054,0,
05,5,12,000,2019,08,16,7,3,5,2,0,0,1,0,1,0,0,355647.305000001560000,5719406.074000002800000,6.915374551000070,51.607165071000054,0,
05,5,66,064,2019,08,05,6,3,0,7,1,0,1,0,0,0,0,397956.469267019070000,5775887.106716867500000,7.509414265000032,52.124083320000068,0,
05,5,54,056,2019,08,11,7,3,0,1,0,0,0,0,1,0,0,358633.254957111550000,5763956.439534291600000,6.940292721000049,52.008229484000026,0,
05,5,70,028,2019,08,18,6,2,0,1,0,0,0,0,1,0,0,440878.167000000370000,5741232.688000004700000,8.142251568000063,51.818798802000060,0,
05,5,70,020,2019,08,11,7,3,5,3,0,1,1,0,0,0,0,428187.978938384910000,5742843.098387740600000,7.957836311000051,51.831789270000058,0,
05,5,62,036,2019,08,21,7,3,5,2,2,0,1,0,1,0,0,389281.781449302100000,5720235.020364105700000,7.400599996000040,51.622234694000042,0,
05,5,66,020,2019,08,07,6,3,5,3,0,0,1,0,0,0,0,405607.318999999200000,5803393.754000000700000,7.613449026000069,52.372671355000080,0,
05,5,13,000,2019,08,22,7,2,0,1,2,0,0,0,1,0,0,364571.441072142680000,5713879.423472698800000,7.046298142000069,51.559717704000036,1,
05,5,58,012,2019,08,08,6,3,4,6,0,1,0,0,0,0,0,372588.416000000200000,5756169.403999997300000,7.146388119000051,51.941631804000053,0,
05,5,15,000,2019,08,14,6,3,2,6,0,0,1,0,0,0,0,404842.131441942420000,5750259.207543086300000,7.617082804000063,51.894960151000078,0,
05,5,66,092,2019,08,16,7,3,3,6,0,1,1,0,0,0,0,422317.456058014180000,5790211.934505367700000,7.861892471000033,52.256808409000030,0,
05,5,62,004,2019,08,16,7,3,5,3,0,0,1,0,0,0,0,382972.263889160010000,5715850.302741657900000,7.310959360000027,51.581549686000074,0,
05,5,66,064,2019,08,15,6,3,0,2,0,0,1,0,0,0,1,398395.022968525070000,5771269.212999986500000,7.517195443000048,52.082659477000050,0,
05,5,15,000,2019,08,18,7,2,9,1,0,0,0,0,1,0,0,401964.528207994070000,5749269.060190135600000,7.575558167000054,51.885561597000049,1,
05,5,70,012,2019,08,20,6,2,5,3,0,0,1,0,0,0,0,440689.319152080450000,5753369.816418217500000,8.137426803000039,51.927893221000033,0,
05,5,58,004,2019,09,01,2,1,2,6,2,0,1,0,0,0,1,406229.742695762780000,5735996.474476663400000,7.641107110000064,51.766992216000062,0,
05,5,13,000,2019,08,21,7,3,0,4,2,0,0,1,1,0,0,366162.182902364060000,5715491.951442882400000,7.068618068000035,51.574588406000032,1,
05,5,58,016,2019,08,14,6,3,5,3,0,0,1,0,0,1,0,380804.957218885420000,5752245.153693895800000,7.267221955000025,51.908185663000040,0,
05,5,70,016,2019,09,00,1,1,5,3,2,0,1,0,0,0,0,413572.389805457550000,5739804.691219558900000,7.746537617000058,51.802406505000079,1,
05,5,70,004,2019,09,18,1,3,5,3,0,0,1,0,0,0,0,424883.314998808320000,5735159.908295989000000,7.911551307000025,51.762285471000041,0,
05,5,15,000,2019,08,08,6,3,2,6,0,0,1,0,0,0,1,404887.967938225720000,5758283.165886061300000,7.615530678000027,51.967090855000038,0,
05,5,66,060,2019,09,19,1,3,5,2,0,0,1,0,1,0,0,389370.962320805530000,5789448.629834383700000,7.379629785000077,52.244310372000029,0,
05,5,58,036,2019,09,16,1,2,0,7,0,0,1,0,1,0,0,383613.280596147290000,5729529.303809374600000,7.315656412000067,51.704624214000034,0,
05,5,54,060,2019,09,03,1,3,8,1,2,0,1,0,0,0,0,350338.442637708040000,5755930.785608384800000,6.823028125000064,51.933948707000070,0,
05,5,66,012,2019,09,23,1,3,2,6,2,0,1,0,0,0,0,400882.748515114190000,5760463.179508514700000,7.556619854000076,51.985985390000053,0,
05,5,15,000,2019,09,19,1,2,5,3,0,1,1,0,0,0,0,407557.664637021720000,5758174.007412081600000,7.654408942000032,51.966560074000029,0,
05,5,15,000,2019,09,15,1,3,2,6,0,0,1,0,0,0,0,405024.297031357880000,5758113.278846729500000,7.617561476000049,51.965587154000048,0,
05,5,62,004,2019,09,02,1,3,8,1,2,0,1,0,0,0,0,383179.961118351670000,5717138.082485202700000,7.313527027000021,51.593166948000032,1,
05,5,62,014,2019,09,08,1,3,5,3,0,0,1,0,0,0,0,358302.735685700550000,5716343.797008883200000,6.954932182000050,51.580322390000049,1,
05,5,13,000,2019,09,11,1,3,3,6,0,0,1,0,0,0,0,366126.145000000480000,5711557.191000001500000,7.069596358000069,51.539220014000080,1,
05,5,66,008,2019,08,09,7,3,5,2,0,1,1,0,0,0,0,398602.290475802500000,5781225.401476735200000,7.517251391000059,52.172181270000067,0,
05,5,70,028,2019,08,13,6,3,2,2,0,0,1,0,0,0,1,442311.258005816490000,5742784.965862790100000,8.162781955000071,51.832903979000037,0,
05,5,15,000,2019,08,09,7,3,5,3,0,0,1,0,0,0,0,409733.535000000150000,5751975.327000001400000,7.687698780000062,51.911199658000044,0,
05,5,66,028,2019,08,16,6,3,2,6,0,0,1,0,0,0,0,412090.653375314550000,5790511.116590911500000,7.712022887000046,52.257958414000029,0,
05,5,62,014,2019,08,23,6,2,9,1,2,0,1,0,0,0,0,359086.832096978090000,5713342.916551146700000,6.967444321000073,51.553553178000072,0,
05,5,62,032,2019,08,12,7,3,5,3,0,1,0,0,1,0,0,375684.853229297330000,5714990.481619099200000,7.206139654000026,51.572262029000058,0,
05,5,58,024,2019,08,17,6,3,5,3,0,0,1,0,1,0,0,393084.773693881000000,5735188.858612434900000,7.450932806000026,51.757377477000034,0,
05,5,62,012,2019,09,00,1,1,2,6,2,0,1,0,1,0,0,356662.447907512080000,5724946.366152122600000,6.927755894000029,51.657207485000072,0,
05,5,66,076,2019,09,23,1,3,2,6,2,0,1,0,0,0,1,400107.575000001120000,5794441.266000000800000,7.535350796000046,52.291235660000041,0,
05,5,15,000,2019,08,21,6,3,0,2,2,0,1,0,0,0,1,406305.872999998740000,5758867.043000001500000,7.636004258000071,51.972579812000049,0,
05,5,70,008,2019,09,18,1,3,2,6,0,0,1,0,0,0,0,431072.832981916140000,5734776.179262548700000,8.001298838000025,51.759631911000042,0,
05,5,70,020,2019,08,15,5,3,0,7,0,1,0,1,0,0,0,433140.486615957690000,5743142.118689706500000,8.029639693000036,51.835092238000072,0,
05,5,70,020,2019,08,18,7,3,8,1,0,0,0,0,1,0,0,439824.432132081130000,5748293.530227605300000,8.125736557000039,51.882164295000052,0,
05,5,66,088,2019,08,19,5,2,8,1,0,0,0,0,1,0,0,415014.713000001390000,5788910.929000001400000,7.755255398000031,52.244034720000059,0,
05,5,54,036,2019,08,16,7,3,5,2,0,1,1,0,0,0,0,369472.677988779730000,5766213.070654703300000,7.097264147000033,52.031162286000040,0,
05,5,70,008,2019,09,06,4,3,5,2,0,0,1,0,0,0,0,434191.555368004370000,5734101.913566766300000,8.046607467000058,51.753945402000056,0,
05,5,70,016,2019,09,15,4,3,2,6,0,0,1,0,0,0,0,409361.341691279780000,5740239.554665794600000,7.685367881000047,51.805648685000051,0,
05,5,70,004,2019,09,13,4,3,5,2,0,1,0,0,0,1,0,424819.508999999610000,5735419.221000000800000,7.910570818000053,51.764608049000060,0,
05,5,66,028,2019,09,14,4,3,5,7,0,1,1,0,0,0,0,412484.301937854850000,5791852.585188448400000,7.717440842000030,52.270078701000045,0,
05,5,66,028,2019,09,14,4,3,2,1,0,0,1,0,0,0,0,416145.679894676430000,5790247.890859492100000,7.771484096000052,52.256225485000073,0,
05,5,66,028,2019,09,15,4,3,1,6,0,0,1,0,1,0,0,412170.799122726540000,5792889.165259346400000,7.712577695000050,52.279345773000045,0,
05,5,66,084,2019,09,20,4,3,9,1,2,0,1,0,0,0,0,387308.944786493670000,5773687.204749444500000,7.354676463000033,52.102244579000057,1,
05,5,66,012,2019,09,07,4,3,4,6,0,1,0,0,0,0,0,404901.107155104170000,5772900.675658272600000,7.611657733000072,52.098479286000043,0,
05,5,66,004,2019,09,12,4,3,2,6,0,0,1,0,0,0,0,395452.575378932990000,5766366.906333629000000,7.475770920000059,52.038051246000066,0,
05,5,58,024,2019,09,13,4,2,4,6,0,0,1,0,0,0,0,394685.727815245280000,5734197.012485235900000,7.474420142000042,51.748765956000057,0,
05,5,58,016,2019,09,16,4,3,2,2,0,0,1,0,0,0,0,381929.171182197520000,5750395.083495354300000,7.284190764000073,51.891798358000074,0,
05,5,54,020,2019,09,16,4,2,5,3,0,1,1,0,0,0,0,368116.911143861710000,5785150.010227270400000,7.070176101000072,52.201003143000037,0,
05,5,54,060,2019,09,15,4,3,5,2,0,0,1,0,1,0,0,350371.373999999840000,5755927.057000001900000,6.823508392000065,51.933924061000027,0,
05,5,15,000,2019,09,07,4,3,1,6,0,0,1,0,0,0,0,406172.211733873000000,5750126.285516109300000,7.636442908000049,51.893990893000080,0,
05,5,62,036,2019,09,14,4,3,1,2,0,0,1,0,0,0,0,388725.930000000630000,5717425.012000002000000,7.393465699000046,51.596868653000058,0,
05,5,62,012,2019,09,09,4,2,6,4,0,0,1,1,0,0,0,361637.987746758390000,5736276.953905049700000,6.995141871000044,51.760269897000057,0,
05,5,62,014,2019,09,12,4,3,2,6,0,0,1,0,0,0,0,357872.874539290550000,5716637.050857719000000,6.948613721000072,51.582849292000049,0,
05,5,13,000,2019,09,22,4,3,5,2,2,0,1,0,0,0,0,365460.192285563800000,5714341.244504105300000,7.058934636000060,51.564080535000073,1,
05,5,13,000,2019,09,12,4,3,6,4,0,0,1,1,0,0,0,362768.472646704870000,5711223.863583443700000,7.021340786000053,51.535418312000047,0,
05,5,13,000,2019,09,08,4,3,1,5,0,1,1,0,0,0,0,368763.005221677940000,5709050.140351014200000,7.108530365000036,51.517308948000050,0,
05,5,66,028,2019,09,08,4,2,2,6,0,0,1,0,0,1,0,408577.317173595540000,5791903.389335162900000,7.660186082000053,52.269899634000069,0,
05,5,70,004,2019,09,09,3,3,6,2,0,0,1,1,0,0,0,423799.355000000450000,5736183.357999999100000,7.895623221000051,51.771339455000032,0,
05,5,66,016,2019,09,16,3,3,5,3,0,0,1,0,0,0,0,404597.942651616410000,5793860.127454776300000,7.601332512000056,52.286810502000037,0,
05,5,66,060,2019,09,07,3,3,5,3,0,1,1,0,0,0,0,390793.545998243620000,5785593.268268181000000,7.401702283000077,52.209945930000060,0,
05,5,58,024,2019,09,15,3,3,0,1,0,1,0,0,0,0,0,389737.465313611550000,5736030.492867101000000,7.402187491000063,51.764292943000044,0,
05,5,54,028,2019,09,23,3,2,8,1,2,0,1,0,0,0,0,361205.436557364650000,5746896.990596475100000,6.984625287000029,51.855591310000079,0,
05,5,54,008,2019,09,16,3,3,5,3,0,1,0,0,1,0,0,335701.109967524190000,5743087.022095495800000,6.616416354000023,51.814440763000050,0,
05,5,62,032,2019,09,12,3,2,3,6,0,0,1,0,0,0,0,378403.338234345430000,5717425.316794728900000,7.244503913000074,51.594737694000059,0,
05,5,62,004,2019,09,16,3,3,5,3,0,0,1,0,0,0,0,384580.701000001280000,5716562.218000000300000,7.333928948000050,51.588279928000077,0,
05,5,62,016,2019,09,13,3,3,5,3,0,1,1,0,0,0,0,374258.473443820140000,5733957.458101440200000,7.178746186000069,51.742401091000033,0,
05,5,12,000,2019,09,05,3,3,6,2,2,0,1,1,0,0,0,357193.040306425650000,5707575.061443140700000,6.942485198000043,51.501247764000027,0,
05,5,62,024,2019,09,07,6,2,0,6,0,0,1,0,0,0,0,373062.693475366570000,5724470.658470030900000,7.164888981000047,51.656875568000032,0,
05,5,58,004,2019,09,14,6,3,1,6,0,0,1,0,0,0,0,407047.671300467100000,5731028.623910656200000,7.654284414000074,51.722473272000059,0,
05,5,70,028,2019,09,19,5,3,5,3,0,0,1,0,1,0,0,440145.968000001270000,5741871.944000002000000,8.131519520000040,51.824467892000030,0,
05,5,70,024,2019,09,18,5,2,8,1,0,0,1,0,0,0,0,422314.415040329100000,5753668.531221583500000,7.870177069000022,51.928317353000068,1,
05,5,66,016,2019,09,18,5,3,5,3,0,1,1,0,0,0,0,404625.212999999520000,5794345.617000002400000,7.601594774000034,52.291178736000063,1,
05,5,66,024,2019,09,14,5,3,5,2,0,0,1,0,0,0,0,384336.275000000370000,5770360.605000004200000,7.312423131000060,52.071735165000064,1,
05,5,58,044,2019,09,07,5,3,2,6,0,0,1,0,0,0,0,396208.858000000940000,5746208.912000002300000,7.492879356000060,51.857015029000081,0,
05,5,54,064,2019,09,19,5,3,8,1,0,0,1,0,0,0,0,356636.554257206620000,5754408.332092246000000,6.915207445000021,51.921927235000055,0,
05,5,54,044,2019,09,04,5,3,0,5,2,0,1,0,0,1,0,369040.117919547480000,5743736.200826359900000,7.099516421000033,51.829081071000076,0,
05,5,54,040,2019,09,08,5,3,2,6,0,0,1,0,0,0,1,353666.891913107600000,5734264.983063777900000,6.880570706000071,51.740165992000072,0,
05,5,54,012,2019,09,17,5,3,2,6,0,0,1,0,0,0,0,352827.269629798830000,5746090.836722731600000,6.863401526000075,51.846201837000081,0,
05,5,54,016,2019,09,17,5,2,5,3,0,1,1,0,0,0,0,366127.065467664970000,5758918.585035739500000,7.051373316000024,51.964818426000079,0,
05,5,54,004,2019,09,16,5,3,2,6,0,0,1,0,0,0,0,360586.755488358440000,5770061.706839168400000,6.966246943000044,52.063580846000036,0,
05,5,62,028,2019,09,17,5,2,5,3,0,1,1,0,0,0,0,379833.778983096590000,5722592.672888085200000,7.263372813000046,51.641485824000029,1,
05,5,62,012,2019,09,05,5,3,5,3,2,1,1,0,0,0,0,363097.847545208410000,5731891.695699904100000,7.018006968000066,51.721222882000063,0,
05,5,62,012,2019,09,17,5,3,2,6,0,0,1,0,1,0,0,359464.700732074680000,5725364.141552282500000,6.968072643000028,51.661669149000033,0,
05,5,62,024,2019,09,14,5,3,1,5,0,0,1,0,0,0,0,370440.605599313970000,5726541.531316421900000,7.126235685000040,51.674887544000057,1,
05,5,62,032,2019,09,09,5,3,2,6,0,0,1,0,0,0,0,376842.146938541900000,5721613.301798813000000,7.220504923000021,51.632036871000082,0,
05,5,70,008,2019,09,15,2,3,5,2,0,1,1,0,0,0,0,434180.227438762780000,5734213.187995763500000,8.046422309000036,51.754944438000052,0,
05,5,70,036,2019,09,09,2,2,5,3,0,1,1,0,0,0,0,434583.767000000920000,5759759.288000002500000,8.047427929000037,51.984649139000055,0,
05,5,58,044,2019,09,09,2,2,9,1,0,0,1,0,0,0,0,396259.045068963430000,5748081.652342692000000,7.493045346000031,51.873856652000029,0,
05,5,54,064,2019,09,18,2,3,0,7,0,1,0,0,0,0,0,356893.927152359860000,5750410.460409117900000,6.920607512000061,51.886071865000076,0,
05,5,54,020,2019,09,09,2,3,6,4,0,0,1,1,0,0,0,365511.440381607040000,5786627.768757728900000,7.031487865000031,52.213651829000071,0,
05,5,15,000,2019,09,13,2,3,5,3,0,1,1,0,0,0,0,407013.488624458200000,5757123.621062733200000,7.646774672000049,51.957027907000054,0,
05,5,15,000,2019,09,09,2,2,9,1,0,0,0,0,0,0,1,402197.560000000520000,5750191.047000002100000,7.578681517000064,51.893889676000072,0,
05,5,62,004,2019,09,11,2,3,5,2,0,0,1,0,0,0,0,382994.049373175950000,5717154.289953170300000,7.310838962000048,51.593274033000057,0,
05,5,62,004,2019,09,13,2,3,6,4,0,0,1,1,0,0,0,383315.008164093830000,5711369.398035736800000,7.317391185000076,51.541347507000069,0,
05,5,62,016,2019,09,18,2,2,2,2,0,0,1,0,1,0,0,374555.418780057690000,5734320.240631578500000,7.182914008000068,51.745727907000060,0,
05,5,62,012,2019,09,11,2,3,5,3,0,0,1,0,0,0,0,362753.256986897440000,5731623.275056863200000,7.013127166000061,51.718726635000053,0,
05,5,62,020,2019,09,13,2,3,2,6,0,0,1,0,0,0,0,371661.252180457120000,5716380.904945449900000,7.147603375000074,51.583856081000079,0,
05,5,54,028,2019,09,17,2,2,2,6,0,0,0,0,0,1,1,362240.087624263020000,5744056.006130388000000,7.000770659000068,51.830319360000033,0,
05,5,12,000,2019,09,15,2,2,2,6,0,0,1,0,0,0,0,356537.594096676450000,5707832.330244738600000,6.932943714000032,51.503393568000035,0,
05,5,70,028,2019,09,18,2,3,8,5,0,0,0,0,0,1,0,438884.043700796550000,5739565.833350556000000,8.113618238000072,51.803598952000073,0,
05,5,66,076,2019,09,13,1,2,6,4,0,0,1,1,0,0,0,395821.249855852690000,5786636.919121233700000,7.474935358000039,52.220299111000031,0,
05,5,66,036,2019,09,18,1,2,8,1,0,0,1,0,0,0,0,385439.409065580000000,5767174.604268003300000,7.329579419000027,52.043331732000070,0,
05,5,66,008,2019,09,18,1,3,9,1,0,1,0,0,0,0,0,400113.116129663770000,5781002.988322354900000,7.539401985000040,52.170457827000064,0,
05,5,54,012,2019,09,14,1,2,5,2,0,0,1,0,0,0,0,348851.305793583390000,5744971.732709573600000,6.806214035000039,51.835084955000070,1,
05,5,15,000,2019,09,14,1,3,3,3,0,1,1,0,0,0,0,405155.011605947280000,5756902.549562010900000,7.619797829000049,51.954726942000036,0,
05,5,13,000,2019,09,15,1,2,4,6,0,0,1,0,0,0,0,369442.705917971210000,5707184.151095738600000,7.119011847000024,51.500697061000039,0,
05,5,13,000,2019,09,07,4,3,2,6,0,0,1,0,0,0,0,369895.993966820650000,5711300.726702708800000,7.124018948000071,51.537796742000069,0,
05,5,66,012,2019,09,16,4,3,2,6,0,0,1,0,0,0,0,405452.352633466940000,5768521.209143187900000,7.620916623000028,52.059210119000056,1,
05,5,70,028,2019,09,06,3,2,5,7,2,0,1,0,0,1,0,439976.920000001790000,5753238.911000000300000,8.127090290000069,51.926640012000064,0,
05,5,70,040,2019,09,21,3,3,4,2,2,0,1,0,0,0,1,413014.470526964400000,5742959.637860646500000,7.737655880000034,51.830679985000074,0,
05,5,70,004,2019,09,09,3,3,5,2,0,1,1,0,0,0,0,424564.573477015830000,5736093.899004004900000,7.906730784000047,51.770638897000026,0,
05,5,66,040,2019,09,07,3,2,4,6,1,0,1,0,0,0,0,420962.695694191380000,5778470.517797188800000,7.844788983000058,52.151074044000040,0,
05,5,66,056,2019,09,10,3,3,3,2,0,1,1,0,0,0,0,416752.590000000780000,5797167.967000003900000,7.778664020000065,52.318518598000026,0,
05,5,66,008,2019,09,08,3,2,2,6,0,0,0,0,0,1,0,398591.564000001180000,5783996.568000001800000,7.516265703000045,52.197085601000026,0,
05,5,58,036,2019,09,14,3,3,5,3,0,1,1,0,0,0,0,387426.296251124700000,5729083.657740088200000,7.370957646000022,51.701396794000061,0,
05,5,58,020,2019,09,10,3,3,2,6,0,0,1,0,0,0,0,392671.847538860510000,5755670.107645172600000,7.438593951000030,51.941381135000029,0,
05,5,54,004,2019,09,15,3,3,5,2,0,1,0,0,1,0,0,361624.456364862620000,5770471.168051445900000,6.981208712000068,52.067520132000027,0,
05,5,54,008,2019,09,07,3,3,5,3,0,1,1,0,0,0,0,333494.911417510360000,5745507.341147868000000,6.583276329000057,51.835530244000040,0,
05,5,54,028,2019,09,20,1,3,8,1,2,0,1,0,0,0,0,362668.959252689970000,5746405.519876623500000,7.006057753000050,51.851537113000063,1,
05,5,62,008,2019,09,06,3,3,0,7,1,1,0,0,0,0,0,385074.804607895200000,5723344.720499575100000,7.338833329000067,51.649340479000045,0,
05,5,62,016,2019,09,14,3,3,6,5,0,0,1,1,0,0,0,377580.160117639230000,5733665.446116032100000,7.226935429000037,51.740512280000075,0,
05,5,70,016,2019,09,13,7,2,9,1,0,0,1,0,0,0,0,407488.082762323320000,5746832.369024269300000,7.656443136000064,51.864602954000077,0,
05,5,70,004,2019,09,12,7,3,8,1,0,0,1,0,0,0,0,426953.281099357640000,5737852.289081690800000,7.940973292000024,51.786763218000033,0,
05,5,70,012,2019,09,07,7,3,7,7,0,0,1,0,0,0,0,439273.576483392160000,5751662.012648800400000,8.117141076000053,51.912387389000060,1,
05,5,66,076,2019,09,19,7,3,4,2,0,1,1,0,0,0,0,394993.851135209200000,5785998.867224663500000,7.463025834000064,52.214407594000079,0,
05,5,54,012,2019,09,18,7,3,9,7,0,1,0,0,0,0,0,355479.496755476110000,5745816.928315024800000,6.901991910000049,51.844433549000030,0,
05,5,15,000,2019,09,04,7,3,0,1,2,0,0,0,0,0,1,409042.998223753650000,5756394.027935814100000,7.676494480000031,51.950805544000048,0,
05,5,62,004,2019,09,14,7,3,5,2,0,0,1,0,0,0,0,383273.799263856370000,5717123.645733326700000,7.314885894000042,51.593056646000036,0,
05,5,62,014,2019,09,14,7,3,2,6,0,0,1,0,0,0,0,360345.450905960980000,5713770.278733108200000,6.985417009000059,51.557706448000033,0,
05,5,13,000,2019,09,04,7,3,5,3,2,0,1,0,0,0,0,369706.108372168620000,5709011.330069515900000,7.122129423000047,51.517178482000077,1,