ULAND,UREGBEZ,UKREIS,UGEMEINDE,UJAHR,UMONAT,USTUNDE,UWOCHENTAG,UKATEGORIE,UART,UTYP1,ULICHTVERH,IstRad,IstPKW,IstFuss,IstKrad,IstGkfz,IstSonstige,LINREFX,LINREFY,XGCSWGS84,YGCSWGS84,STRZUSTAND,UIDENTSTLAE
05,5,70,008,2019,09,12,6,3,1,6,0,0,1,0,0,0,0,433965.162999999710000,5735208.569000000100000,8.043117838000057,51.763867671000071,0,
05,5,70,016,2019,09,13,6,3,4,1,0,0,1,0,0,0,0,416617.054009820330000,5732259.710617046800000,7.792495036000048,51.735044658000049,0,
05,5,70,052,2019,09,14,6,2,1,2,0,0,1,0,0,0,0,428977.731884571720000,5758191.583887849000000,7.966132766000044,51.969867766000050,0,
05,5,66,084,2019,09,15,6,3,5,3,0,0,1,0,0,0,0,390113.088449797590000,5774864.385244924600000,7.395220373000029,52.113388332000056,0,
05,5,66,084,2019,09,15,6,3,2,6,0,0,1,0,0,0,0,390383.462137867700000,5774901.306975867600000,7.399155330000042,52.113773820000063,0,
05,5,66,060,2019,09,22,6,3,6,7,2,0,0,1,0,0,1,387962.956307603050000,5788285.392711136500000,7.359401618000049,52.233571666000046,0,
05,5,58,020,2019,09,16,6,3,3,2,0,1,1,0,0,0,0,391757.705000001010000,5759505.594999998800000,7.424091940000039,51.975675952000074,0,
05,5,70,052,2019,09,18,2,3,5,3,0,0,1,0,0,0,1,424347.938585346560000,5747892.110999440800000,7.901013725000041,51.876670606000062,0,
05,5,58,020,2019,09,08,6,2,8,1,0,0,1,0,0,0,0,396464.942985063420000,5761722.418302396300000,7.491929556000059,51.996497425000030,0,
05,5,66,084,2019,09,13,2,3,2,6,0,0,1,0,0,0,0,389415.568000000900000,5781047.020000001400000,7.383026727000072,52.168813630000045,0,
05,5,66,008,2019,09,18,2,3,5,2,0,0,1,0,0,0,0,399035.666433437730000,5783270.950833328100000,7.522977349000030,52.190645501000063,0,
05,5,54,020,2019,09,17,6,3,5,3,0,1,1,0,0,0,0,361599.204256022350000,5784217.687303688400000,6.975247382000021,52.191028457000073,0,
05,5,66,008,2019,09,12,2,3,5,3,0,0,1,0,0,0,0,399225.847948768180000,5780801.236730922000000,7.526492431000065,52.168483226000035,0,
05,5,54,056,2019,09,09,6,3,6,6,0,0,0,1,1,0,0,355809.148585291580000,5765911.129160754400000,6.898352087000035,52.025065756000060,0,
05,5,66,076,2019,09,10,2,3,2,6,0,0,1,0,1,0,0,392416.137106997890000,5793176.596672404600000,7.423025238000037,52.278417836000074,0,
05,5,54,036,2019,09,11,6,3,5,3,0,0,1,0,0,0,0,370528.594047339630000,5766902.264075098600000,7.112386597000068,52.037602890000073,0,
05,5,54,004,2019,09,06,6,3,5,2,2,1,1,0,0,0,0,363986.274044769820000,5772082.405701220000000,7.015000987000065,52.082582799000079,0,
05,5,58,024,2019,09,16,2,3,0,1,0,1,0,0,0,0,0,392469.410143654790000,5736014.780018789700000,7.441764929000044,51.764683046000073,0,
05,5,54,044,2019,09,10,6,3,0,7,0,0,1,0,0,0,1,365423.402000000700000,5743184.332000002300000,7.047277795000071,51.823262451000062,0,
05,5,62,004,2019,09,16,6,2,0,1,0,0,0,0,1,0,0,382489.031608217400000,5715253.580077419100000,7.304187909000063,51.576085995000028,0,
05,5,58,012,2019,09,16,2,3,2,6,0,0,1,0,0,0,0,372971.669547117320000,5756056.122072586800000,7.152002482000057,51.940701440000055,0,
05,5,62,016,2019,09,21,6,3,4,6,2,1,0,0,0,0,0,368999.495264676400000,5731097.686327310300000,7.103694724000036,51.715497215000028,0,
05,5,62,012,2019,09,15,6,3,0,3,0,1,0,0,0,0,0,357427.497000000440000,5727178.842000003900000,6.937897601000032,51.677462288000072,0,
05,5,54,068,2019,09,06,2,3,0,7,1,0,1,0,0,0,0,345394.775802045130000,5771359.074504744300000,6.744216296000047,52.071205276000057,0,
05,5,62,014,2019,09,15,6,3,5,3,0,0,1,0,0,1,0,356801.391668864530000,5714531.083818294100000,6.934017714000049,51.563654348000057,0,
05,5,54,016,2019,09,17,2,3,5,2,0,0,1,0,0,0,0,364565.121619719080000,5751352.461713474200000,7.031630304000032,51.896452851000049,0,
05,5,54,004,2019,09,08,2,3,8,1,0,1,0,0,0,0,0,364433.403432081450000,5772550.615966228800000,7.021336104000056,52.086899556000049,0,
05,5,54,012,2019,09,09,2,2,1,6,0,0,1,0,0,0,0,351808.115123190920000,5746377.703957801700000,6.848494103000064,51.848509724000053,0,
05,5,54,032,2019,09,09,2,3,5,3,0,1,1,0,0,0,0,325995.741792185230000,5747875.672411015300000,6.473350491000076,51.854518006000035,0,
05,5,54,008,2019,09,12,2,3,5,3,0,1,1,0,0,0,0,334741.536338564010000,5746725.284804679500000,6.600771328000064,51.846841635000033,0,
05,5,54,020,2019,09,12,2,3,2,6,0,0,1,0,0,0,0,365260.329196592790000,5786118.966197956400000,7.028017215000034,52.209018738000054,0,
05,5,15,000,2019,09,13,2,3,5,2,0,1,1,0,0,0,0,406085.022460951470000,5756734.628707464800000,7.633373236000068,51.953375427000026,0,
05,5,15,000,2019,09,08,2,3,5,2,0,0,1,0,0,0,0,403772.517744068060000,5754712.810543438400000,7.600298853000027,51.934807285000034,0,
05,5,62,032,2019,09,07,2,3,2,6,0,0,1,0,0,0,0,375940.030000001190000,5720933.174000000600000,7.207718131000036,51.625726267000061,1,
05,5,62,032,2019,09,15,2,3,3,6,0,0,1,0,0,0,1,375500.293660329650000,5719731.097634853800000,7.201795841000035,51.614825956000061,0,
05,5,12,000,2019,09,17,6,3,2,6,0,0,1,0,0,0,1,356682.121157385410000,5707927.425975123400000,6.934986015000050,51.504284754000082,0,
05,5,70,004,2019,09,05,5,3,4,6,2,0,1,0,0,0,0,422034.565731530080000,5736259.512646520500000,7.870034318000023,51.771781025000053,1,
05,5,66,028,2019,09,20,5,2,5,2,2,1,1,0,0,0,0,412584.758672845550000,5793569.864137757600000,7.718467447000023,52.285530069000060,0,
05,5,66,028,2019,09,16,5,3,4,2,0,1,1,0,0,0,0,412037.287000002340000,5792378.343000002200000,7.710754433000034,52.274733023000067,0,
05,5,66,028,2019,09,07,5,3,6,3,0,0,1,1,0,0,0,412308.264883544300000,5791064.703111805000000,7.715066459000070,52.262968946000058,1,
05,5,58,028,2019,09,13,5,3,5,3,0,0,1,0,0,0,0,395425.080792409370000,5730981.272102475200000,7.486092604000021,51.720000664000054,0,
05,5,58,016,2019,09,18,5,2,5,3,0,0,1,0,1,0,0,382766.875000000930000,5749228.669000001600000,7.296754855000074,51.881492432000073,0,
05,5,54,040,2019,09,16,5,3,1,2,0,0,0,0,1,1,0,352803.807808002460000,5735182.001201896000000,6.867691420000028,51.748179495000045,0,
05,5,54,028,2019,09,09,5,2,5,3,0,0,1,0,0,0,0,355619.213626948190000,5745682.035349493800000,6.904075030000058,51.843257657000038,0,
05,5,15,000,2019,09,22,5,3,8,1,2,0,1,0,0,0,0,398755.421339709310000,5753893.133922008800000,7.527587989000040,51.926549839000074,0,
05,5,15,000,2019,09,16,5,3,3,2,0,1,1,0,0,0,0,406932.422000000250000,5751278.943000001800000,7.647176159000026,51.904479144000049,0,
05,5,62,008,2019,09,15,5,3,5,7,0,0,1,0,0,0,1,383731.841045383360000,5720199.482013566400000,7.320475337000062,51.620796055000028,0,
05,5,62,014,2019,09,10,5,3,0,1,0,1,0,0,0,0,0,358939.052799283530000,5714681.553299007900000,6.964777099000060,51.565545184000030,1,
05,5,13,000,2019,09,08,5,2,6,4,0,0,1,1,0,0,0,367703.365316351880000,5713759.496983243200000,7.091497331000028,51.559383264000076,1,
05,5,13,000,2019,09,09,5,3,2,6,0,0,1,0,0,0,0,363011.661003039220000,5711350.565057085800000,7.024795630000028,51.536615956000048,1,
05,5,70,040,2019,09,14,7,2,3,6,0,1,0,0,0,0,0,421257.792257058430000,5743407.578246744300000,7.857154960000059,51.835929629000077,0,
05,5,70,004,2019,09,16,7,3,4,6,0,0,1,0,0,0,0,422722.205000001010000,5733691.030000004900000,7.880569522000030,51.748786730000063,0,
05,5,66,028,2019,09,18,7,3,2,6,0,0,1,0,0,0,0,411946.086600086650000,5790205.017147561500000,7.709985230000029,52.255183983000052,0,
05,5,66,084,2019,09,22,7,2,0,7,2,1,0,0,0,0,0,390706.951457617800000,5774097.657993085700000,7.404135540000027,52.106615218000059,0,
05,5,66,084,2019,09,14,7,3,5,3,0,0,1,0,1,0,0,386100.005230145530000,5778804.290855381600000,7.335320474000071,52.147984104000045,0,
05,5,58,016,2019,09,17,7,1,3,2,0,0,0,0,1,0,1,378882.152847483750000,5741087.751540616200000,7.243194294000034,51.807500049000055,0,
05,5,58,024,2019,09,12,7,3,5,2,0,1,1,0,0,0,0,393206.031606628560000,5736374.963186180200000,7.452324431000022,51.768061368000076,0,
05,5,54,004,2019,09,14,7,2,4,6,0,1,0,0,0,0,0,362697.011443941850000,5771282.330139175100000,6.996519743000022,52.075075606000041,0,
05,5,15,000,2019,09,16,7,3,0,1,0,0,0,0,1,0,0,408181.633999999610000,5756611.207000002300000,7.663906502000032,51.952616145000036,0,
05,5,12,000,2019,09,19,7,3,5,3,0,0,1,0,1,0,0,354044.929816016000000,5709766.799349771800000,6.896253516000058,51.520137822000038,0,
05,5,62,020,2019,09,14,7,3,5,2,0,0,1,0,0,0,0,370095.703484825790000,5719088.975698964700000,7.124017053000046,51.607834164000053,0,
05,5,62,032,2019,09,09,7,3,6,4,0,0,1,1,0,0,0,379137.502665576530000,5718904.406201480000000,7.254588058000024,51.608188852000069,0,
05,5,13,000,2019,09,05,7,3,3,6,1,0,1,0,0,0,0,364862.459401157680000,5709851.897760814100000,7.052040230000046,51.523594312000057,0,
05,5,54,016,2019,09,23,7,2,8,1,2,0,1,0,0,0,0,364082.569315157830000,5751782.769629415100000,7.024451883000040,51.900202022000030,0,
05,5,62,012,2019,09,18,7,3,2,6,0,0,1,0,0,0,0,358820.530821138990000,5733715.463873935900000,6.955384685000070,51.736550182000030,0,
05,5,58,004,2019,09,12,7,3,2,1,0,0,1,0,0,0,0,405233.781367916610000,5740603.478148058100000,7.625420007000059,51.808235479000075,0,
05,5,70,048,2019,09,06,6,3,5,3,1,0,1,0,0,0,0,448349.385000000710000,5732210.606000002500000,8.251976910000053,51.738426045000040,0,
05,5,70,008,2019,09,03,6,2,5,2,2,0,0,0,0,1,0,431642.167904403990000,5740064.944306226400000,8.008504920000064,51.807247408000080,0,
05,5,66,092,2019,09,17,4,3,8,1,0,0,1,0,0,0,0,425518.862929887140000,5794315.858441796200000,7.907879632000061,52.294140940000034,1,
05,5,70,008,2019,09,07,6,3,2,6,0,1,1,0,0,0,0,433000.435987855310000,5734472.193953348300000,8.029282530000046,51.757133021000072,0,
05,5,66,028,2019,09,17,4,3,5,3,0,0,1,0,0,0,0,409547.806516313930000,5792261.457206696300000,7.674308588000031,52.273278495000056,0,
05,5,70,008,2019,09,10,6,2,8,1,0,0,1,0,1,0,0,432572.748095499350000,5730946.910161508200000,8.023770277000040,51.725389217000043,0,
05,5,66,028,2019,09,16,4,3,0,1,0,0,0,0,1,0,0,412744.704785003330000,5792994.443824337800000,7.720960619000039,52.280383447000077,1,
05,5,70,016,2019,09,09,6,3,5,3,0,1,1,0,0,0,0,412444.086107444020000,5739360.497952019800000,7.730290280000077,51.798238085000037,0,
05,5,66,056,2019,09,13,6,3,5,3,0,1,1,0,0,0,0,416914.472940525040000,5797053.149784330300000,7.781066806000069,52.317511098000068,0,
05,5,66,060,2019,09,10,4,3,5,2,0,1,1,0,0,0,0,388787.852000000890000,5788257.722000002900000,7.371484655000074,52.233490221000068,0,
05,5,66,068,2019,09,16,6,3,5,3,0,1,1,0,0,0,0,380759.443255406800000,5783808.547168709300000,7.255546505000041,52.191827847000070,0,
05,5,66,080,2019,09,05,6,3,7,7,2,0,1,0,0,0,0,408339.209585795180000,5783440.498699290700000,7.658992007000052,52.193794399000069,0,
05,5,66,076,2019,09,17,4,2,4,6,0,0,1,0,0,0,0,397904.534031898710000,5785620.365821598100000,7.505727722000074,52.211552825000069,1,
05,5,54,016,2019,09,21,6,3,8,1,2,0,1,0,0,0,0,365255.482792207970000,5757828.475810850000000,7.039122330000055,51.954812419000064,0,
05,5,66,084,2019,09,17,4,3,2,6,0,0,1,0,1,0,0,389826.870187772440000,5775775.049904955600000,7.390747476000058,52.121515734000070,1,
05,5,54,060,2019,09,19,6,3,5,3,0,0,1,0,0,0,1,350101.789579185660000,5756122.239185523200000,6.819505052000068,51.935605146000057,0,
05,5,66,064,2019,09,07,4,3,5,3,0,1,0,0,0,0,1,395500.939367989080000,5773215.549244798700000,7.474379040000031,52.099613685000065,0,
05,5,54,044,2019,09,15,6,3,5,3,0,0,1,0,0,0,0,368752.411000001240000,5744944.778000002700000,7.094885315000056,51.839874116000033,0,
05,5,66,004,2019,09,18,4,3,2,6,0,0,1,0,0,0,0,395209.392033473590000,5766164.662185812400000,7.472288812000045,52.036187629000040,1,
05,5,66,012,2019,09,14,6,3,3,7,0,0,1,0,0,0,0,401626.110685969700000,5761567.807712651800000,7.567124356000022,51.996046105000062,0,
05,5,58,020,2019,09,16,4,3,5,3,0,1,1,0,0,0,0,391284.728238963520000,5760042.773003540900000,7.417038479000041,51.980411542000070,1,
05,5,15,000,2019,09,06,6,3,3,2,1,1,0,0,0,0,1,405480.663034508940000,5756994.632340842900000,7.624509960000069,51.955610067000066,0,
05,5,54,020,2019,09,16,4,3,0,3,0,1,1,0,0,0,0,367044.579029355200000,5783787.008539883400000,7.055029399000034,52.188498348000053,0,
05,5,62,008,2019,09,14,6,3,8,1,0,0,1,0,0,0,0,382137.409211640250000,5726744.686827724800000,7.295248493000031,51.679289556000072,1,
05,5,54,016,2019,09,15,4,2,5,3,0,0,1,0,1,0,0,362295.256436385210000,5758414.429882129700000,6.995836786000041,51.959352452000076,1,
05,5,62,024,2019,09,11,6,3,2,6,0,0,1,0,0,0,0,367567.491648860280000,5723503.711937898800000,7.085858734000055,51.646918314000061,1,
05,5,12,000,2019,09,10,4,3,2,1,0,0,1,0,0,1,0,357266.707059631120000,5720305.320642218000000,6.938378102000058,51.615658269000050,0,
05,5,13,000,2019,09,06,6,3,1,6,2,0,1,0,0,0,0,363666.606307346370000,5710659.678218411300000,7.034500649000052,51.530565938000052,1,
05,5,66,068,2019,09,13,4,3,2,1,0,0,1,0,0,0,0,371287.371099269020000,5784240.371289659300000,7.116887025000040,52.193578692000074,0,
05,5,13,000,2019,09,13,6,3,5,3,0,1,1,0,0,0,0,366332.392791452820000,5709633.936898386100000,7.073298529000056,51.521985396000048,0,
05,5,15,000,2019,09,19,4,3,0,1,2,0,1,0,0,1,0,400492.356482639910000,5754718.854950785600000,7.552600869000059,51.934284773000059,1,
05,5,15,000,2019,09,17,4,3,5,3,0,0,1,0,0,0,0,400150.271756628530000,5761021.771133169500000,7.545794328000056,51.990874877000067,1,
05,5,62,020,2019,09,18,4,3,1,6,1,0,1,0,0,0,0,372134.474291170950000,5718292.657608714000000,7.153733265000028,51.601144407000049,1,
05,5,62,020,2019,09,16,4,3,2,2,0,0,1,0,0,0,1,369253.749983816410000,5719235.556938944400000,7.111810598000034,51.608956570000032,1,
05,5,62,020,2019,09,13,4,3,5,3,0,0,1,0,1,0,0,370969.767729557120000,5718149.604187106700000,7.136978071000044,51.599593185000060,1,
05,5,13,000,2019,09,12,4,3,5,3,0,0,1,0,0,0,0,366643.187853744250000,5714630.595093634000000,7.075882043000036,51.566961779000053,0,
05,5,13,000,2019,09,20,4,3,8,7,2,0,1,0,0,0,0,369105.432088557630000,5713462.241064908000000,7.111822232000066,51.557039010000040,1,
05,5,13,000,2019,09,13,4,3,0,7,0,1,1,0,0,0,0,366877.527786899360000,5705476.480826214000000,7.082720505000054,51.484752421000053,0,
05,5,62,004,2019,09,19,4,3,9,1,0,0,1,0,0,0,0,386913.103866751310000,5716252.337734244800000,7.367682026000068,51.585967698000047,0,
05,5,70,004,2019,09,07,3,3,5,2,0,0,1,0,0,0,0,424994.146172262730000,5729088.532259233300000,7.914465539000048,51.707720184000038,0,
05,5,70,032,2019,09,10,3,3,8,1,0,0,1,0,0,0,0,425658.391451056120000,5763031.541405784000000,7.916772990000027,52.012941842000032,0,
05,5,70,044,2019,09,06,3,3,0,6,1,0,1,0,0,0,1,415122.365574724040000,5759664.013097291800000,7.764123365000046,51.981160166000052,1,
05,5,66,028,2019,09,17,3,3,5,3,0,1,1,0,0,0,0,412008.752446892670000,5792322.267056141000000,7.710350955000024,52.274224432000040,0,
05,5,66,076,2019,09,14,3,3,2,6,0,0,1,0,0,0,0,394344.553156298590000,5793672.270992413200000,7.451125506000039,52.283246605000045,1,
05,5,66,084,2019,09,13,3,3,2,6,0,0,1,0,0,0,0,385795.460432987660000,5778213.075762959200000,7.331070203000024,52.142608013000029,0,
05,5,54,024,2019,09,02,3,3,0,7,2,0,1,0,0,0,0,367401.087335031480000,5772990.522234752800000,7.064452839000069,52.091571292000026,0,
05,5,15,000,2019,09,14,3,3,4,2,0,0,1,0,0,0,0,403221.893971335140000,5754226.329754142100000,7.592429065000033,51.930339145000062,0,
05,5,62,012,2019,09,09,3,3,8,1,0,0,0,0,1,0,0,362187.962323271670000,5734277.688614441100000,7.003898141000036,51.742440352000074,0,
05,5,62,024,2019,09,15,3,3,5,3,0,1,0,0,0,0,0,370875.368659396660000,5725031.690683562300000,7.133077890000038,51.661419182000031,0,
05,5,12,000,2019,09,20,3,2,4,2,1,0,1,0,0,0,0,360582.962000000290000,5709585.190000003200000,6.990498513000034,51.520157456000049,0,
05,5,12,000,2019,09,18,3,3,0,6,0,0,1,0,1,0,0,357810.748068066310000,5709772.851622913000000,6.950492438000026,51.521152736000033,0,
05,5,62,014,2019,09,10,3,3,3,5,0,1,1,0,0,0,0,360386.145184359510000,5715295.291524272400000,6.985397902000045,51.571420388000035,0,
05,5,54,004,2019,09,10,1,3,5,2,0,1,1,0,0,0,0,361877.787802215670000,5770587.605974577400000,6.984855032000041,52.068629588000078,0,
05,5,62,020,2019,09,22,1,3,2,6,2,0,1,0,0,0,0,370080.284171095120000,5719106.973009176600000,7.123787838000055,51.607992344000081,0,
05,5,54,020,2019,09,16,1,3,7,1,0,1,0,0,0,0,0,363163.337707386350000,5786746.962297441400000,6.997093005000068,52.214144704000034,0,
05,5,58,032,2019,09,06,1,1,0,1,2,1,0,0,0,0,0,389275.694596654740000,5752684.677746560400000,7.390168104000054,51.913884059000054,0,
05,5,62,012,2019,09,17,3,3,8,1,0,0,1,0,0,0,0,359881.695481246340000,5739114.982892820600000,6.968565354000020,51.785334787000068,0,
05,5,13,000,2019,09,08,3,3,2,6,0,0,1,0,0,0,1,365439.052265854550000,5713981.649734899400000,7.058767478000050,51.560844005000035,0,
05,5,70,008,2019,09,15,2,2,9,1,0,0,1,0,0,0,0,434470.836203818210000,5738727.602885663500000,8.049779871000055,51.795563409000067,1,
05,5,70,032,2019,09,09,2,3,8,1,0,0,0,0,0,1,0,421606.736000000500000,5767280.085999999200000,7.856775250000055,52.050574965000067,1,
05,5,66,044,2019,09,16,2,3,8,1,0,0,1,0,0,0,0,427483.013958088120000,5773866.554445203400000,7.941053389000047,52.110582782000051,0,
05,5,58,024,2019,09,18,2,2,5,2,0,1,1,0,0,0,0,391788.701238239180000,5736325.443403992800000,7.431807919000050,51.767344129000037,0,
05,5,58,012,2019,09,08,2,3,9,6,0,0,1,0,0,1,0,368123.878502720040000,5755820.604872841400000,7.081609460000038,51.937457269000049,1,
05,5,62,014,2019,09,13,1,3,2,6,0,0,1,0,1,0,0,360534.633168184200000,5714366.130762226900000,6.987907870000072,51.563107630000047,0,
05,5,54,012,2019,09,13,2,3,0,7,0,0,0,0,1,0,0,352287.904000001030000,5744732.464999999900000,6.856157143000075,51.833854565000081,1,
05,5,15,000,2019,09,14,2,3,0,2,0,0,1,0,0,0,1,406318.088548853060000,5756464.445540437500000,7.636837370000023,51.950986199000056,1,
05,5,15,000,2019,09,07,2,3,2,7,1,0,1,0,0,0,0,405729.183972824360000,5753717.131922243200000,7.629023932000052,51.926192534000052,1,
05,5,15,000,2019,09,15,2,3,1,6,0,0,1,0,0,0,0,407870.191805128940000,5756786.510094033600000,7.659328894000055,51.954140364000068,0,
05,5,62,014,2019,09,20,2,3,5,2,2,0,1,0,0,0,0,360801.060920317660000,5716331.402687450900000,6.990970487000027,51.580833555000027,1,
05,5,62,032,2019,09,12,2,3,0,1,0,1,0,0,0,0,0,377943.406026148240000,5718519.705037577100000,7.237486408000052,51.604473843000051,1,
05,5,13,000,2019,09,16,2,3,3,6,0,1,1,0,0,0,0,368801.948000001720000,5708922.115000003900000,7.109138961000042,51.516167456000062,1,
05,5,13,000,2019,09,15,2,3,4,2,0,0,1,0,1,0,0,368972.521514614110000,5711102.058897536200000,7.110785022000073,51.535797759000047,1,
05,5,70,008,2019,09,14,1,3,4,6,0,1,0,0,1,0,0,434743.993513893340000,5736098.710447453000000,8.054234628000074,51.771961437000073,0,
05,5,70,004,2019,09,10,1,3,5,3,0,0,1,0,0,0,0,422791.563999999310000,5732890.949000001000000,7.881751649000023,51.741603856000040,0,
05,5,66,016,2019,09,15,1,3,2,6,0,0,1,0,0,0,0,405940.702546534130000,5791024.255759343500000,7.621803093000040,52.261553344000049,0,
05,5,66,096,2019,09,10,1,3,5,3,0,0,1,0,0,0,0,380242.523407861590000,5787683.155397247500000,7.246617386000025,52.226534714000081,0,
05,5,66,004,2019,09,15,1,3,4,6,0,0,1,0,0,0,0,393151.710205209440000,5764172.286759788200000,7.442924510000069,52.017888293000055,0,
05,5,58,028,2019,09,22,1,3,8,1,2,0,1,0,0,0,0,403480.155000001190000,5730410.719000000500000,7.602823234000027,51.716316385000027,0,
05,5,58,012,2019,09,17,1,3,5,3,1,1,1,0,0,0,0,372373.367248686960000,5754066.599032746600000,7.144041307000066,51.922685999000066,0,
05,5,58,016,2019,09,14,1,2,8,1,0,0,0,0,1,0,0,384876.588601678610000,5743158.742486178900000,7.329413893000037,51.827379445000076,0,
05,5,12,000,2019,09,17,6,3,2,6,0,0,1,0,0,0,0,355374.795182308180000,5712982.991550650400000,6.914086946000055,51.549379669000075,0,
05,5,62,004,2019,09,17,6,3,2,6,0,0,1,0,0,0,1,386885.562637855300000,5716248.504957919900000,7.367285899000024,51.585927722000065,0,
05,5,70,048,2019,09,01,5,2,0,7,2,0,1,0,0,0,0,452051.342676434670000,5731885.347165266100000,8.305630427000040,51.735830717000056,0,
05,5,70,024,2019,09,08,5,3,1,6,0,0,1,0,0,0,0,416736.449249061760000,5749522.983377771500000,7.790074574000073,51.890246224000066,0,
05,5,70,036,2019,09,15,5,3,5,3,0,1,0,0,1,0,0,433886.240084730090000,5760188.089262846900000,8.037189624000064,51.988421358000039,0,
05,5,70,052,2019,09,15,5,3,5,3,0,0,1,0,0,0,0,428950.812014353460000,5752594.322041863600000,7.966897720000077,51.919547299000044,0,
05,5,66,028,2019,09,07,5,3,0,3,0,1,1,0,0,0,0,412326.535137695260000,5791138.870718276100000,7.715314829000022,52.263638498000034,0,
05,5,58,004,2019,09,20,5,3,0,7,1,0,1,0,0,0,1,406754.542689808640000,5734629.748512262500000,7.649076831000059,51.754794611000079,0,
05,5,58,012,2019,09,17,5,2,0,6,0,0,0,0,1,0,0,373793.915085252370000,5756133.796482274300000,7.163929277000023,51.941586563000044,0,
05,5,58,012,2019,09,09,5,3,5,3,0,1,1,0,0,0,0,374081.714666945860000,5755561.590540174400000,7.168323419000046,51.936509667000053,0,
05,5,54,068,2019,09,16,5,2,5,2,0,0,1,0,0,0,0,349536.281452444380000,5766505.104495117400000,6.806731929000023,52.028736434000052,0,
05,5,15,000,2019,09,16,5,3,5,3,0,1,1,0,0,0,0,401648.180000000630000,5755592.414000000800000,7.569157521000022,51.942342003000078,0,
05,5,15,000,2019,09,15,5,2,5,3,0,1,1,0,0,0,0,412213.127830516550000,5752201.739815989500000,7.723679800000070,51.913631192000082,0,
05,5,62,036,2019,09,08,5,3,5,2,0,0,1,1,0,0,0,389280.344790430740000,5720234.584766969100000,7.400579389000029,51.622230496000043,0,
05,5,13,000,2019,09,16,5,2,6,7,0,0,1,1,0,0,0,367099.825000001120000,5714488.112999999900000,7.082520463000037,51.565789157000040,0,
05,5,15,000,2019,09,20,5,3,8,1,2,0,1,0,0,0,0,403156.950345561840000,5753240.195445032800000,7.591762286000062,51.921464126000046,0,
05,5,58,032,2019,09,08,5,3,2,6,0,0,1,0,0,0,0,393895.545616780410000,5751346.531655533200000,7.457721824000032,51.902756342000032,0,
05,5,70,008,2019,09,14,4,2,0,1,0,0,0,0,1,0,0,433848.192784939890000,5734573.383452119300000,8.041544056000021,51.758143503000042,0,
05,5,70,004,2019,09,09,4,3,2,6,0,0,1,0,0,0,0,423438.607999999080000,5732869.951000001300000,7.891125831000068,51.741503872000067,0,
05,5,70,044,2019,09,16,4,3,5,2,0,1,1,0,0,0,0,416593.444494671190000,5759479.536920582900000,7.785582884000064,51.979724711000074,0,
05,5,66,048,2019,09,17,4,3,2,1,0,0,1,0,1,0,0,424840.424676803870000,5792339.804616171900000,7.898374316000059,52.276286078000055,0,
05,5,66,076,2019,09,10,4,2,0,2,0,0,1,0,0,0,1,393699.081282082010000,5786902.044201456000000,7.443798085000026,52.222276443000055,0,
05,5,66,084,2019,09,16,4,3,6,3,0,1,0,1,0,0,0,390449.551066850310000,5776185.560957737300000,7.399706689000027,52.125328849000027,0,
05,5,66,012,2019,09,14,4,3,0,7,0,1,0,0,0,0,0,402304.040470350530000,5774546.539824856400000,7.573283787000037,52.112819832000071,0,
05,5,58,004,2019,09,18,4,3,8,1,0,0,1,0,0,0,0,404851.246655898170000,5739231.965835409200000,7.620249532000059,51.795842453000034,0,
05,5,58,040,2019,09,12,4,3,5,3,0,1,1,0,0,0,0,371917.659000000920000,5763400.996000001200000,7.133936817000063,52.006462572000032,0,
05,5,58,016,2019,09,07,4,3,8,1,0,0,1,0,0,0,0,380746.252657810230000,5739058.495165024000000,7.270917445000066,51.789663518000054,0,
05,5,15,000,2019,09,19,4,3,2,1,1,0,1,0,0,0,0,407862.997591003780000,5758260.883738307300000,7.658828739000057,51.967391659000043,0,
05,5,15,000,2019,09,08,4,3,2,2,0,1,1,0,0,0,0,412168.580867362210000,5759474.894518055000000,7.721174032000022,51.979001121000067,0,
05,5,62,012,2019,09,14,4,3,8,2,0,0,1,0,1,0,0,359308.925999999980000,5725794.449000001000000,6.965648676000058,51.665496833000077,0,
05,5,62,024,2019,09,11,4,2,5,2,0,1,1,0,0,0,0,369735.291526290590000,5725125.329059122100000,7.116568972000039,51.661997576000033,0,
05,5,62,024,2019,09,10,4,2,6,2,0,0,1,1,0,0,0,374091.424106245860000,5725836.532900698500000,7.179260953000039,51.669381970000074,0,
05,5,13,000,2019,09,07,4,3,5,3,0,1,0,0,0,0,0,362782.927871270110000,5711215.838228819900000,7.021552201000077,51.535349708000069,0,
05,5,15,000,2019,09,09,7,3,1,6,0,1,1,0,0,0,0,405533.772901560180000,5756615.143943382400000,7.625386927000022,51.952208083000073,0,
05,5,58,036,2019,09,11,1,3,3,1,0,0,0,0,1,0,0,389418.267998576160000,5730265.943184664500000,7.399395974000072,51.712419115000046,0,
05,5,70,020,2019,09,06,6,3,5,3,1,0,1,0,0,0,0,434150.509836016220000,5748609.113061374100000,8.043254367000031,51.884360088000051,0,
05,5,62,032,2019,09,16,7,3,4,2,0,1,1,0,0,0,0,374412.962918214500000,5718578.109581727500000,7.186512529000027,51.604222467000056,0,
05,5,15,000,2019,09,16,1,3,0,1,0,1,0,0,0,0,0,406087.202000000510000,5758927.321000002300000,7.632805339000072,51.973084709000034,0,
05,5,66,064,2019,09,18,6,2,8,1,0,0,0,0,1,0,0,394649.116245971990000,5774365.405063541600000,7.461592145000054,52.109786528000029,0,
05,5,54,056,2019,09,14,6,3,1,6,0,0,1,0,0,0,0,355943.187240000810000,5761689.520505106100000,6.902079411000045,51.987169796000046,0,
05,5,54,020,2019,09,14,7,3,7,1,0,1,0,0,0,0,0,366583.422734959050000,5787837.186377134200000,7.046691709000072,52.224779520000027,0,
05,5,70,052,2019,09,15,1,3,8,1,0,1,0,0,0,0,0,431206.339000000620000,5757468.022000003600000,7.998714008000036,51.963643525000066,0,
05,5,13,000,2019,09,22,6,2,5,2,2,0,1,0,0,0,0,366085.533936239780000,5716105.984528012600000,7.067278523000027,51.580088205000038,0,
05,5,66,048,2019,09,18,7,3,0,1,0,0,0,0,1,0,0,425838.765086992640000,5789014.953407939500000,7.913734869000052,52.246534779000058,0,
05,5,15,000,2019,09,14,6,3,5,3,0,1,1,0,0,0,0,409137.742160194550000,5758959.005473578300000,7.677194101000055,51.973876636000057,0,
05,5,15,000,2019,09,14,7,3,6,7,0,0,1,1,0,0,0,412444.980636368510000,5753214.264569001300000,7.726792309000075,51.922769136000056,0,