ULAND,UREGBEZ,UKREIS,UGEMEINDE,UJAHR,UMONAT,USTUNDE,UWOCHENTAG,UKATEGORIE,UART,UTYP1,ULICHTVERH,IstRad,IstPKW,IstFuss,IstKrad,IstGkfz,IstSonstige,LINREFX,LINREFY,XGCSWGS84,YGCSWGS84,STRZUSTAND,UIDENTSTLAE
05,5,54,060,2019,09,14,1,3,0,7,0,1,0,0,0,0,0,349973.352088616230000,5755948.256850037700000,6.817714069000033,51.934007389000044,0,
05,5,62,028,2019,09,04,1,2,9,1,2,0,1,0,0,0,0,377284.621662373650000,5723883.953569540800000,7.226098533000027,51.652540357000078,0,
05,5,58,032,2019,09,16,6,3,6,2,0,0,1,1,0,0,0,391547.321130053140000,5750864.219219785200000,7.423754828000028,51.897969322000051,0,
05,5,70,036,2019,09,09,6,3,5,7,0,0,1,0,0,0,0,434083.200000001120000,5767536.599999999600000,8.038642215000039,52.054505386000073,0,
05,5,66,016,2019,09,17,6,3,2,7,0,0,1,0,0,0,0,404644.279533851890000,5793966.388785889400000,7.601981560000070,52.287773604000051,0,
05,5,66,024,2019,09,10,7,2,2,6,0,0,1,0,0,0,1,383590.294999999930000,5770687.639000000400000,7.301432604000070,52.074517885000034,0,
05,5,62,008,2019,09,13,6,3,2,6,0,0,1,0,1,0,0,384564.042633458040000,5721744.973061036300000,7.331981749000022,51.634857802000056,0,
05,5,12,000,2019,09,09,7,3,1,6,0,0,1,0,0,0,0,357045.463870512320000,5709681.142027953600000,6.939506534000032,51.520135476000064,0,
05,5,58,004,2019,09,09,7,3,0,1,0,0,1,0,0,0,0,402452.507355540990000,5744675.794719964300000,7.583943320000060,51.844361020000065,0,
05,5,58,004,2019,09,16,1,2,9,1,0,0,0,0,1,0,0,403035.837051786480000,5736719.084907678900000,7.594634929000051,51.772943422000026,0,
05,5,54,032,2019,09,14,1,3,0,6,0,1,1,0,0,0,0,322821.976852897550000,5747058.323743274400000,6.427733993000061,51.846178151000061,0,
05,5,66,084,2019,09,18,6,2,0,3,0,1,0,0,0,0,1,389826.505858992230000,5775789.093694303200000,7.390737609000041,52.121641876000069,0,
05,5,66,028,2019,09,23,7,2,0,7,2,1,0,0,0,0,0,412326.044190333220000,5791136.829198723700000,7.715308167000046,52.263620070000059,0,
05,5,54,012,2019,09,07,6,3,0,3,0,1,1,0,0,0,0,352239.432543398810000,5745893.289467664400000,6.854958376000070,51.844271637000077,0,
05,5,58,032,2019,09,11,7,2,0,1,0,0,0,0,1,0,0,393054.712548729030000,5751533.416376395200000,7.445446766000032,51.904275262000056,0,
05,5,62,014,2019,09,15,6,3,5,2,0,1,0,0,0,0,1,361005.415103779170000,5715025.684656854700000,6.994434598000055,51.569150678000028,0,
05,5,15,000,2019,09,14,6,3,4,1,0,1,0,0,0,0,0,411139.684609125370000,5758906.990662617600000,7.706344456000068,51.973732806000044,0,
05,5,15,000,2019,09,15,7,3,3,1,0,1,0,0,0,0,0,406423.476972179490000,5758819.885172812300000,7.637728665000054,51.972175750000076,0,
05,5,58,020,2019,09,15,1,3,3,6,0,1,0,0,0,0,0,392430.735807700080000,5755276.867150142800000,7.435210677000043,51.937800246000052,0,
05,5,13,000,2019,09,11,7,2,5,2,0,0,1,0,0,0,0,365460.621999999510000,5714338.873000001500000,7.058941740000023,51.564059326000063,0,
05,5,62,036,2019,09,12,1,2,0,7,0,0,1,0,0,0,0,388793.036871070970000,5719524.879462122900000,7.393768132000048,51.615755575000037,0,
05,5,66,064,2019,09,11,6,2,9,1,0,0,1,0,0,0,0,396783.326064018530000,5771120.159683715600000,7.493728466000050,52.081021670000041,0,
05,5,70,004,2019,09,17,6,2,5,2,0,0,1,0,1,0,0,427846.225052502940000,5739317.422417597800000,7.953611985000066,51.800050318000046,0,
05,5,54,068,2019,09,15,6,3,5,3,0,0,0,0,0,0,1,348365.696173244160000,5772562.354300905000000,6.786993746000064,52.082837038000037,0,
05,5,66,060,2019,09,15,7,3,5,2,0,1,1,0,0,0,0,389092.301136556080000,5788861.403925586500000,7.375742781000042,52.238976908000041,0,
05,5,15,000,2019,09,14,6,3,6,6,0,1,0,1,0,0,0,405127.542204055000000,5756709.086873214700000,7.619451629000025,51.952983333000077,0,
05,5,62,024,2019,09,14,7,3,0,1,0,1,0,0,0,0,0,367241.961582511660000,5725277.319884451100000,7.080483043000072,51.662779973000056,0,
05,5,54,048,2019,09,16,1,2,5,3,0,0,1,0,1,0,0,343480.147689349020000,5750265.565392453200000,6.725923966000039,51.881166021000070,0,
05,5,62,024,2019,09,01,7,3,8,7,2,0,1,0,0,0,0,372163.289000001740000,5729835.662000000500000,7.149929235000059,51.704885748000038,0,
05,5,66,084,2019,09,13,1,2,4,1,0,0,1,0,0,0,0,387663.185146739710000,5778176.299963731300000,7.358364150000057,52.142660486000068,0,
05,5,13,000,2019,09,18,6,3,5,3,0,0,1,0,0,0,0,366182.426488453520000,5709766.998317781800000,7.071087677000037,51.523145653000029,0,
05,5,62,012,2019,09,17,1,3,5,3,0,0,1,0,1,0,0,359447.410412993280000,5726231.530376657800000,6.967473939000058,51.669459017000065,0,
05,5,66,076,2019,09,13,6,3,2,7,0,0,1,0,0,0,0,398708.776161101650000,5788432.630097152700000,7.516652184000066,52.236976756000047,0,
05,5,70,020,2019,09,10,7,3,4,2,0,1,1,0,0,0,0,432986.423999999650000,5742931.934000000400000,8.027444773000070,51.833184229000040,0,
05,5,15,000,2019,09,15,6,3,0,3,0,1,1,0,0,0,0,406135.535832151770000,5750909.941352373000000,7.635696709000058,51.901028659000076,0,
05,5,54,048,2019,09,08,6,3,4,2,0,1,1,0,0,0,0,341487.337000001220000,5746867.392000002800000,6.698554876000060,51.850074274000065,0,
05,5,66,012,2019,09,13,7,3,1,5,0,1,1,0,0,0,0,400815.638102973810000,5776193.420393109300000,7.551075178000076,52.127356866000071,0,
05,5,62,014,2019,09,20,6,3,5,3,2,1,1,0,0,0,0,361948.054156539960000,5712871.443074127700000,7.008873023000035,51.550023812000063,0,
05,5,12,000,2019,09,17,4,3,2,6,0,0,1,0,0,0,0,356616.724843789820000,5711641.751115651800000,6.932533022000030,51.537644501000045,0,
05,5,12,000,2019,09,12,4,3,5,2,0,1,1,0,0,0,0,355931.018562044950000,5711776.235644219400000,6.922597648000021,51.538678360000063,0,
05,5,62,016,2019,09,19,4,2,3,2,0,0,1,0,1,0,0,374905.727572383360000,5731441.395638410000000,7.189020184000071,51.719934418000037,0,
05,5,70,004,2019,09,20,3,3,5,3,2,0,1,0,0,0,0,424819.508999999610000,5735419.221000000800000,7.910570818000053,51.764608049000060,1,
05,5,66,028,2019,09,12,3,3,0,1,0,1,0,0,0,0,0,412705.283864008260000,5791934.007123114500000,7.720657427000049,52.270845673000053,0,
05,5,66,024,2019,09,17,3,2,9,1,0,1,1,0,0,0,0,386928.854422695930000,5770287.750260477900000,7.350256808000040,52.071615811000072,0,
05,5,66,084,2019,09,06,3,2,5,3,1,0,1,0,1,0,0,391965.235061819670000,5778045.782261878300000,7.421247356000038,52.142345610000064,0,
05,5,58,016,2019,09,09,3,2,4,6,0,0,1,0,0,1,0,383472.434004308660000,5748888.107048722000000,7.307115857000042,51.878579626000032,0,
05,5,58,032,2019,09,07,3,3,1,6,1,0,1,0,0,0,0,390081.266339726750000,5752063.060551647100000,7.402073803000064,51.908456788000080,0,
05,5,58,012,2019,09,14,3,3,5,3,0,1,1,0,0,0,0,374017.458000000570000,5757057.076000003100000,7.166841294000051,51.949934216000031,0,
05,5,54,004,2019,09,08,3,3,4,2,0,1,1,0,0,0,0,361610.028000000860000,5770463.915000001000000,6.981001295000056,52.067451357000039,0,
05,5,15,000,2019,09,07,3,3,1,6,0,0,1,0,0,0,0,403931.124990685840000,5754825.893434032800000,7.602573591000066,51.935851120000052,0,
05,5,62,004,2019,09,17,3,3,2,2,0,0,1,0,0,0,0,383782.378999999720000,5713377.765000000600000,7.323464057000024,51.559494737000080,1,
05,5,12,000,2019,09,14,3,2,5,3,0,1,0,0,1,0,0,357549.428000001240000,5712204.049000000600000,6.945744923000063,51.542933380000079,0,
05,5,12,000,2019,09,09,3,3,5,2,0,1,1,0,0,0,0,356356.226296971550000,5710217.317275991700000,6.929360495000026,51.524778595000043,0,
05,5,62,032,2019,09,16,3,3,0,3,0,1,1,0,0,0,0,376201.089502768590000,5715614.329407231900000,7.213365137000039,51.577982292000058,0,
05,5,12,000,2019,09,22,4,3,2,6,2,0,1,0,0,0,0,360156.830786623060000,5712233.390713147800000,6.983308871000077,51.543849131000059,1,
05,5,12,000,2019,09,14,4,3,0,7,0,0,0,0,0,0,1,355656.527396135960000,5709792.877798765900000,6.919455283000048,51.520786287000078,0,
05,5,70,004,2019,09,15,2,3,5,2,0,0,1,0,0,0,0,425989.345000000670000,5729712.788000000600000,7.928733409000074,51.713464308000027,0,
05,5,70,004,2019,09,17,2,3,5,7,0,0,1,0,0,0,0,424857.522274665530000,5740565.743787860500000,7.910006883000051,51.810878631000037,0,
05,5,66,040,2019,09,14,2,2,6,4,0,0,1,1,0,0,0,424112.621746887450000,5780454.446827875500000,7.890375372000051,52.169349499000077,1,
05,5,66,020,2019,09,19,2,3,0,1,2,0,0,0,1,0,0,403713.702130377290000,5800128.708580480900000,7.586579187000041,52.342996671000037,1,
05,5,58,044,2019,09,16,2,3,5,2,0,1,1,0,0,0,0,395495.784784158690000,5746276.728193286800000,7.482508428000074,51.857491488000051,0,
05,5,54,020,2019,09,16,2,3,3,6,0,0,1,0,0,0,0,362886.953292223620000,5784620.338354690000000,6.993911197000045,52.194968013000050,1,
05,5,54,020,2019,09,14,2,3,5,3,0,0,1,0,0,0,0,367019.690554137340000,5787695.556967042400000,7.053130637000038,52.223612421000041,1,
05,5,15,000,2019,09,08,2,3,6,4,0,1,0,1,0,0,0,405100.269596889620000,5756651.406241416900000,7.619070822000026,51.952460223000060,1,
05,5,15,000,2019,09,11,2,3,2,3,0,0,1,0,0,1,1,408401.833581550980000,5753901.713041851300000,7.667831506000027,51.928297855000039,0,
05,5,15,000,2019,09,07,2,3,5,2,0,1,1,0,0,0,0,405972.397000000810000,5756367.039000000800000,7.631835419000026,51.950052329000073,1,
05,5,62,024,2019,09,21,2,3,3,6,2,0,1,0,0,0,0,369148.232454980720000,5724846.396825861200000,7.108190379000064,51.659354549000057,0,
05,5,12,000,2019,09,06,2,2,0,1,0,0,1,0,1,0,0,355069.707999999630000,5709552.206000000200000,6.911101973000029,51.518473414000027,1,
05,5,12,000,2019,09,15,2,3,5,3,0,1,1,0,0,0,0,356456.233326227400000,5709604.587864514400000,6.931050712000058,51.519298143000071,0,
05,5,62,014,2019,09,06,2,3,2,2,2,0,1,0,0,0,0,360549.570689094250000,5714624.625688638500000,6.988020679000044,51.565434180000068,1,
05,5,62,020,2019,09,14,2,2,9,7,0,0,1,0,0,0,0,372090.850176037290000,5721136.993142051600000,7.152065661000052,51.626696187000050,0,
05,5,62,032,2019,09,08,2,3,5,3,1,1,1,0,0,0,0,377211.455000001940000,5714975.114000001900000,7.228162391000069,51.572458470000072,1,
05,5,62,032,2019,09,19,2,3,2,6,2,0,1,0,0,0,0,375747.330380606470000,5719500.268975133100000,7.205443850000052,51.612806049000028,0,
05,5,66,012,2019,09,23,5,2,8,7,2,0,0,0,0,1,0,410870.521992240100000,5774311.484553644400000,7.698410476000049,52.112154194000027,1,
05,5,13,000,2019,09,20,4,2,5,2,2,1,1,0,0,0,0,367527.623010134320000,5709434.473933309300000,7.090591377000067,51.520474485000079,1,
05,5,12,000,2019,09,15,4,2,1,5,0,0,1,0,1,0,0,355580.175901107490000,5718763.293247027300000,6.914670529000034,51.601372084000047,0,
05,5,70,008,2019,09,11,5,1,2,6,0,0,1,0,0,0,1,430490.682775704190000,5733281.692607620700000,7.993164151000030,51.746124595000026,0,
05,5,70,004,2019,09,10,4,3,5,3,0,0,1,0,0,0,0,424819.508999999610000,5735419.221000000800000,7.910570818000053,51.764608049000060,0,
05,5,70,036,2019,09,17,4,3,2,6,0,1,0,0,0,0,0,432590.637885805220000,5759138.666085537500000,8.018531053000061,51.978831667000065,0,
05,5,66,044,2019,09,11,4,2,5,3,0,0,1,0,0,0,1,426112.088799385350000,5779107.026495270400000,7.919899162000036,52.157508729000028,0,
05,5,66,036,2019,09,07,4,3,0,3,1,0,1,0,1,0,0,387181.351544367150000,5768429.209338599800000,7.354553261000035,52.054964321000057,1,
05,5,66,008,2019,09,14,4,3,5,3,0,1,0,0,0,1,0,400933.136786574500000,5779515.121828742300000,7.551822825000045,52.157232953000062,0,
05,5,58,040,2019,09,07,4,3,0,1,0,0,0,0,1,0,0,376975.350999999790000,5765825.779000001000000,7.206712422000067,52.029396891000033,1,
05,5,58,040,2019,09,17,4,2,0,6,0,1,0,0,0,0,0,371455.483259381730000,5763637.964010648400000,7.127118228000029,52.008485170000029,0,
05,5,54,024,2019,09,07,4,3,8,1,1,0,1,0,0,0,0,372055.360572537410000,5780456.564703732700000,7.129543694000063,52.159756558000026,1,
05,5,54,004,2019,09,14,4,2,9,6,0,0,1,0,0,0,0,360669.666303983890000,5782249.902799524400000,6.962466382000059,52.173113876000059,0,
05,5,54,064,2019,09,12,4,3,5,3,0,0,1,0,0,0,0,361539.101798365820000,5751221.338346138600000,6.987732672000050,51.894531066000070,0,
05,5,54,008,2019,09,07,4,3,5,3,0,1,1,0,0,0,0,333674.620506828650000,5745545.818476365900000,6.585863706000055,51.835929435000025,0,
05,5,15,000,2019,09,16,4,3,2,6,0,0,1,0,0,0,0,404989.928000000310000,5750416.513000002100000,7.619186690000049,51.896399308000071,0,
05,5,15,000,2019,09,07,4,3,5,3,0,1,1,0,0,0,0,406354.127123095100000,5750967.606537634500000,7.638857257000041,51.901583768000080,0,
05,5,15,000,2019,09,05,4,3,5,3,2,1,1,0,0,0,0,404907.914081332270000,5755229.724111625900000,7.616665904000058,51.939648694000027,1,
05,5,15,000,2019,09,13,4,3,5,2,0,1,1,0,0,0,0,407650.826999999580000,5758328.674000000600000,7.655723010000031,51.967965785000047,0,
05,5,70,048,2019,09,11,6,3,5,3,0,0,1,0,0,0,0,452056.284813592210000,5731839.139256829400000,8.305708358000061,51.735415698000054,0,
05,5,70,008,2019,09,11,6,3,2,6,0,0,1,0,0,0,1,434681.889999999660000,5733856.231999998900000,8.053756248000070,51.751794095000037,0,
05,5,66,076,2019,09,07,6,3,5,3,0,1,1,0,0,0,0,395922.053447085430000,5793960.406682193300000,7.474153215000058,52.286137161000056,1,
05,5,66,008,2019,09,22,6,2,5,3,2,0,1,0,0,0,0,400224.610424618240000,5777778.346006913100000,7.541979154000046,52.141495544000065,0,
05,5,58,012,2019,09,13,6,2,5,2,0,0,1,0,0,1,0,373465.716513467020000,5754073.530490532500000,7.159914919000073,51.922997608000060,0,
05,5,58,016,2019,09,20,6,3,5,3,2,0,0,0,1,1,0,381416.689262409690000,5743360.576391313200000,7.279161324000029,51.828469683000037,1,
05,5,54,024,2019,09,15,6,2,5,3,0,0,1,0,1,0,0,366658.068000000900000,5774465.199000002800000,7.053036700000064,52.104643649000081,0,
05,5,54,036,2019,09,19,6,3,5,3,2,1,1,0,0,0,0,369825.466172242540000,5765893.437756095100000,7.102525407000030,52.028372985000033,1,
05,5,54,004,2019,09,18,6,3,5,3,0,1,1,0,0,0,0,362595.690000001340000,5771706.660000000100000,6.994871387000046,52.078863218000038,1,
05,5,54,032,2019,09,11,6,2,5,2,0,0,1,0,1,0,0,324493.511135991660000,5746414.943815417600000,6.452301720000037,51.840927018000059,0,
05,5,15,000,2019,09,08,6,3,0,3,0,1,1,0,0,0,0,405501.584000000730000,5756467.506000001000000,7.624959277000073,51.950875580000059,1,
05,5,15,000,2019,09,16,6,3,5,2,0,0,1,0,0,0,0,400898.564344175160000,5762028.823540492000000,7.556397523000044,52.000060399000063,0,
05,5,62,008,2019,09,20,6,3,6,2,2,0,1,1,0,0,0,384160.091840493490000,5723489.414482871100000,7.325569902000041,51.650453218000052,1,
05,5,62,024,2019,09,19,6,3,5,3,2,0,1,0,0,0,0,370559.778552104720000,5726017.388003869000000,7.128152479000050,51.670204721000061,1,
05,5,62,032,2019,09,00,6,3,8,1,2,0,1,0,0,0,0,378228.571703833530000,5715209.900139203300000,7.242750529000034,51.574789190000047,1,
05,5,62,032,2019,09,16,2,3,2,6,0,0,1,0,0,0,0,376717.190831865180000,5716598.734395798300000,7.220463860000052,51.586942512000064,1,
05,5,70,028,2019,09,08,6,3,8,1,0,0,1,0,0,0,0,441461.044159827750000,5740663.975559856700000,8.150803150000058,51.813747299000056,1,
05,5,70,028,2019,09,16,5,3,5,3,0,0,0,0,1,0,1,443226.449628398750000,5743414.130127837900000,8.175959094000064,51.838654123000026,1,
05,5,70,016,2019,09,16,5,3,1,3,0,1,0,0,0,0,1,411846.857424445450000,5739990.674351237700000,7.721471526000073,51.803808930000059,1,
05,5,70,040,2019,09,16,1,2,9,1,0,0,1,0,0,0,0,417242.530589983800000,5748791.677398515900000,7.797602275000031,51.883747775000074,1,
05,5,70,004,2019,09,16,5,3,1,6,0,0,1,0,0,0,0,425326.633418742570000,5741192.994821293300000,7.916675135000048,51.816580257000055,1,
05,5,58,036,2019,09,11,1,3,8,7,0,0,1,0,0,0,0,390285.611202605070000,5731878.101804807800000,7.411437232000026,51.727079395000032,1,
05,5,70,032,2019,09,00,5,3,9,1,2,0,1,0,0,0,0,420355.651577070360000,5767601.758301938000000,7.838459472000068,52.053288105000036,1,
05,5,54,020,2019,09,16,1,3,2,6,0,0,1,0,0,0,0,365236.662799459880000,5784568.564161246600000,7.028287933000058,52.195082095000032,1,
05,5,54,056,2019,09,14,1,3,2,2,0,0,1,0,0,0,0,364398.206000001170000,5765369.614000001900000,7.023673000000031,52.022365943000068,1,
05,5,70,012,2019,09,20,5,3,0,1,2,0,0,0,1,0,0,439487.930883976630000,5753590.061600012700000,8.119918124000037,51.929743916000064,1,
05,5,54,040,2019,09,22,1,2,6,6,2,0,1,1,0,0,0,349313.934465688650000,5740976.486150186500000,6.814661371000057,51.799313908000045,1,
05,5,70,052,2019,09,14,5,3,1,7,0,0,0,0,1,1,0,430651.240284230560000,5755891.258895836800000,7.990954223000074,51.949400040000057,1,
05,5,62,014,2019,09,12,1,3,8,1,0,0,1,0,0,0,0,359105.921911641960000,5713288.563881488500000,6.967741263000050,51.553069533000041,1,
05,5,66,028,2019,09,19,5,3,2,6,2,0,1,0,0,0,0,416883.116729858330000,5793180.248774597400000,7.781562836000035,52.282694928000069,1,
05,5,15,000,2019,09,15,1,3,1,6,0,0,1,0,0,0,0,407200.790939994160000,5755364.346963523000000,7.649974638000060,51.941245895000066,1,
05,5,66,072,2019,09,17,5,3,4,2,0,1,1,0,0,0,0,412582.439443198030000,5802951.419965127500000,7.715994085000034,52.369853008000064,1,
05,5,62,012,2019,09,19,1,3,4,2,2,0,1,0,0,0,0,359771.535000000150000,5725162.847000001000000,6.972586761000059,51.659936990000062,1,
05,5,66,064,2019,09,05,5,3,5,3,2,1,1,0,0,0,0,396055.595183225350000,5771530.354083953400000,7.482987470000069,52.084572208000054,1,
05,5,62,024,2019,09,20,1,3,1,7,2,0,1,0,0,0,0,370437.530082544310000,5726578.756877968100000,7.126177421000023,51.675221367000063,1,
05,5,54,020,2019,09,07,5,3,2,2,0,0,1,0,1,0,0,365262.539029572160000,5786173.169137831800000,7.028027965000035,52.209506308000073,1,
05,5,12,000,2019,09,14,1,3,5,2,0,0,1,0,0,0,0,356716.036195059310000,5707372.440438700800000,6.935699765000038,51.499306318000038,1,
05,5,62,014,2019,09,06,1,3,8,1,2,0,1,0,0,0,0,358061.933396702630000,5714131.603318391400000,6.952352781000059,51.560383318000049,1,
05,5,54,040,2019,09,06,5,3,9,1,2,0,1,0,0,0,0,349142.708006555210000,5740354.752641774700000,6.812450540000043,51.793681651000043,0,
05,5,62,020,2019,09,17,1,3,5,3,0,1,1,0,0,0,0,371183.819878476670000,5717598.904596369700000,7.140269151000041,51.594693134000067,1,
05,5,54,028,2019,09,10,5,3,5,3,0,0,1,0,0,0,0,360729.728748891500000,5747350.949250489500000,6.977539431000025,51.859551888000055,0,
05,5,54,012,2019,09,14,5,3,1,3,0,1,1,0,0,0,0,352225.495753373950000,5745901.523367468300000,6.854752690000055,51.844341930000041,1,
05,5,54,008,2019,09,17,5,2,5,3,0,0,1,0,0,0,0,340752.687036746180000,5750283.423118054900000,6.686323056000049,51.880554253000071,0,
05,5,54,068,2019,09,08,5,3,5,2,0,1,1,0,0,0,0,349254.756153718570000,5767322.233275264500000,6.802271398000073,52.036001321000072,0,
05,5,15,000,2019,09,17,5,3,5,3,0,1,1,0,0,0,0,398716.142055030910000,5753195.056609127700000,7.527222347000077,51.920268303000057,1,
05,5,15,000,2019,09,14,5,2,5,7,0,1,1,0,0,0,0,404063.097500315870000,5756227.049369163800000,7.604101728000046,51.948468005000052,1,
05,5,15,000,2019,09,09,5,2,5,2,0,1,1,0,0,0,0,405555.251000001100000,5750683.701000001300000,7.627326967000045,51.898897032000036,0,
05,5,62,008,2019,09,00,5,2,8,1,2,0,1,0,0,0,0,384978.816852253860000,5724209.848951321100000,7.337161944000059,51.657096367000065,1,
05,5,62,008,2019,09,15,5,2,2,2,0,0,1,0,0,0,0,384316.960976253260000,5725749.430085325600000,7.327088350000054,51.670797738000033,1,
05,5,62,004,2019,09,06,5,3,6,2,2,0,0,1,0,1,0,382700.192576165310000,5712595.913003640200000,7.308120714000040,51.552243652000072,0,
05,5,62,004,2019,09,20,5,3,5,2,2,0,1,0,0,0,0,383194.308170709760000,5714104.078956199800000,7.314743231000023,51.565901180000026,0,
05,5,62,004,2019,09,18,5,2,2,6,0,0,1,0,0,0,0,382890.723621247340000,5716562.697944667200000,7.309545409000066,51.587935529000049,0,
05,5,62,024,2019,09,12,5,3,1,6,0,0,1,0,0,0,0,364859.951631030070000,5724346.760378029200000,7.046423238000045,51.653849978000039,1,
05,5,62,032,2019,09,19,1,3,9,1,2,0,1,0,0,0,0,373867.287444562650000,5716044.365475932100000,7.179547961000026,51.581329652000079,1,
05,5,58,016,2019,09,21,1,2,8,1,2,0,1,0,0,0,0,380774.395512158050000,5745543.636965060600000,7.269092807000050,51.847952365000026,1,
05,5,66,008,2019,09,15,7,2,2,6,0,0,1,0,1,0,0,398629.918507241640000,5783906.102943653200000,7.516853743000070,52.196279587000049,1,
05,5,58,016,2019,09,10,7,3,5,3,0,1,1,0,0,0,0,380437.907554010860000,5744724.177513893700000,7.264493429000027,51.840515863000064,0,
05,5,58,016,2019,09,06,7,3,5,3,1,0,1,0,0,1,0,387733.449233424850000,5747269.236910240700000,7.369517648000056,51.864904144000036,1,
05,5,54,020,2019,09,13,7,2,5,3,0,1,1,0,0,0,0,366005.826612330970000,5783049.679834462700000,7.040134752000029,52.181621758000063,0,
05,5,54,064,2019,09,14,7,3,1,3,0,1,1,0,0,0,0,356773.862762084230000,5748439.509888187100000,6.919681966000042,51.868331623000074,1,
05,5,54,024,2019,09,14,7,3,5,4,0,0,1,1,0,0,0,370313.984876686710000,5776211.401277957500000,7.105720629000075,52.121203975000071,1,
05,5,54,004,2019,09,11,7,1,6,4,0,0,1,1,0,0,0,357093.223772297610000,5774068.409257102800000,6.913641002000077,52.098690422000061,0,
05,5,62,036,2019,09,00,7,3,1,6,2,0,1,0,0,0,0,389282.201473298480000,5720235.147716013700000,7.400606021000044,51.622235921000026,1,
05,5,12,000,2019,09,18,7,3,5,2,0,0,1,0,0,0,0,356337.298208035530000,5710511.799071587600000,6.928967741000065,51.527419937000047,0,
05,5,13,000,2019,09,15,7,3,2,6,0,0,1,0,0,0,0,366309.057200321000000,5711259.478776397200000,7.072345331000065,51.536587952000048,1,
05,5,70,008,2019,10,16,4,3,9,1,0,0,1,0,0,0,0,433330.566221442070000,5736952.201715489800000,8.033588819000045,51.779467776000047,0,
05,5,70,052,2019,10,13,3,2,5,3,0,0,1,0,0,0,0,425964.032753412610000,5748372.049451531800000,7.924383008000064,51.881201943000065,0,
05,5,66,008,2019,10,05,3,3,2,6,2,0,1,0,0,0,0,401644.173002602530000,5778194.860753638700000,7.562595602000044,52.145493714000054,1,
05,5,54,068,2019,10,16,3,3,8,1,0,0,1,0,0,0,0,350824.358000000940000,5771589.629999999000000,6.823273425000025,52.074765700000057,0,
05,5,54,032,2019,10,12,3,3,2,6,0,0,1,0,0,1,0,323878.319972147230000,5744094.329894408600000,6.444561739000051,51.819888981000076,0,
05,5,62,032,2019,10,10,3,3,8,7,0,0,1,0,0,0,0,376469.143000002020000,5718412.960999999200000,7.216246497000043,51.603193045000069,1,
05,5,62,024,2019,10,19,3,3,6,2,2,0,1,1,0,0,0,365193.905000000260000,5721230.267000002800000,7.052448339000023,51.625924384000029,0,
05,5,62,032,2019,10,11,3,2,1,7,0,0,1,0,1,0,0,376150.035791832950000,5715237.232778446700000,7.212761697000076,51.574582022000072,1,
05,5,13,000,2019,10,08,3,3,5,3,0,0,1,0,0,0,0,368981.774570827370000,5711008.771676998600000,7.110953074000065,51.534961555000052,1,
05,5,70,036,2019,10,15,5,3,1,6,0,0,1,0,0,0,0,434744.432937111710000,5759650.624209744900000,8.049787824000021,51.983691177000026,1,
05,5,70,052,2019,10,04,5,2,9,1,2,0,1,0,0,0,0,436209.870975969360000,5754849.478970512700000,8.072015351000061,51.940699884000026,1,
05,5,66,044,2019,10,01,5,3,0,1,2,0,1,1,0,0,0,424182.642063773240000,5774557.851066224300000,7.892714490000060,52.116354289000071,1,
05,5,66,008,2019,10,01,5,3,0,1,2,1,0,0,0,0,0,400244.416010656390000,5781247.166601894400000,7.541249454000024,52.172676197000044,1,
05,5,58,044,2019,10,16,5,3,9,1,0,0,1,0,0,0,0,395024.392589650120000,5751064.259773347500000,7.474209799000050,51.900433140000075,1,
05,5,62,032,2019,10,12,5,3,2,6,0,0,1,0,0,0,0,374700.562162827700000,5721845.162159465300000,7.189494899000067,51.633647710000048,0,
05,5,62,014,2019,10,15,5,3,3,6,0,0,1,0,0,0,0,359707.822846832690000,5713437.036457255500000,6.976358028000050,51.554553704000057,0,
05,5,70,020,2019,10,15,4,3,7,4,0,0,1,1,0,0,0,432211.443000000900000,5743628.767000000900000,8.016062862000069,51.839355152000053,0,
05,5,70,048,2019,10,00,4,3,0,6,2,0,0,0,1,0,0,442680.331610312690000,5732673.998873625000000,8.169808089000071,51.742040964000068,0,
05,5,66,092,2019,10,06,4,3,4,6,2,0,1,0,1,0,0,421191.891708644110000,5796283.429073339300000,7.843986124000026,52.311223123000048,1,
05,5,13,000,2019,10,10,3,3,3,6,0,0,1,0,0,1,0,368529.608171032740000,5714938.610424656400000,7.102968553000039,51.570172787000047,1,
05,5,58,044,2019,10,19,4,3,3,2,1,0,1,0,0,0,0,400542.583640800790000,5738915.792474148800000,7.557881242000065,51.792250944000045,0,
05,5,58,040,2019,10,15,4,3,2,6,0,0,1,0,1,0,0,377506.368850877510000,5764584.664319902700000,7.214893032000020,52.018361075000030,1,
05,5,58,008,2019,10,10,4,2,5,3,0,0,1,0,0,0,0,386408.298000000420000,5764564.620000002900000,7.344567174000076,52.020074782000052,0,
05,5,54,020,2019,10,12,4,3,5,2,0,0,1,0,0,0,1,367838.999999999070000,5784276.171000003800000,7.066452846000061,52.193084678000048,0,
05,5,15,000,2019,10,20,4,3,0,4,1,1,0,1,0,0,0,404655.391259823930000,5759997.136798581100000,7.611670160000074,51.982456792000050,0,
05,5,15,000,2019,10,23,4,3,4,6,2,1,0,0,0,0,0,406468.779000001030000,5756256.810000000500000,7.639085898000076,51.949145229000067,0,
05,5,15,000,2019,10,10,4,3,6,4,0,1,0,1,0,0,0,405580.505585814830000,5756829.620103130100000,7.626007809000043,51.954143825000074,0,
05,5,15,000,2019,10,14,4,3,5,3,0,1,1,0,0,0,0,403051.202345618980000,5758116.424258122200000,7.588850119000028,51.965274821000037,1,
05,5,70,028,2019,09,08,2,3,4,6,0,0,1,0,0,1,0,441853.851066526030000,5748567.562474967900000,8.155171356000039,51.884843236000052,1,
05,5,70,028,2019,09,06,2,3,8,6,2,0,1,0,0,0,0,444759.848260103720000,5743763.756542254200000,8.198157416000072,51.841951176000066,1,
05,5,62,020,2019,10,07,4,3,5,3,0,1,1,0,0,0,0,370569.398072091860000,5718484.465033469700000,7.131077010000070,51.602510646000042,1,
05,5,62,020,2019,10,06,4,3,0,7,2,0,1,0,1,0,0,370541.711708365010000,5719171.795087633700000,7.130423698000072,51.608681163000028,1,
05,5,70,024,2019,09,06,2,3,4,6,1,0,0,0,0,1,0,425051.901366045700000,5755781.710705243100000,7.909521359000053,51.947688950000042,1,
05,5,62,032,2019,10,19,4,2,2,6,2,0,1,0,0,0,0,374251.032832412980000,5715103.908778034200000,7.185420214000033,51.572963429000026,0,