ULAND,UREGBEZ,UKREIS,UGEMEINDE,UJAHR,UMONAT,USTUNDE,UWOCHENTAG,UKATEGORIE,UART,UTYP1,ULICHTVERH,IstRad,IstPKW,IstFuss,IstKrad,IstGkfz,IstSonstige,LINREFX,LINREFY,XGCSWGS84,YGCSWGS84,STRZUSTAND,UIDENTSTLAE
05,5,66,016,2019,09,06,2,2,0,1,0,0,0,0,1,0,0,404308.409000000920000,5795361.993000002600000,7.596662491000075,52.300258645000042,1,
05,5,66,076,2019,09,07,2,3,2,2,0,0,1,0,0,0,0,391620.060998596250000,5795132.255970114800000,7.410732199000051,52.295837087000052,1,
05,5,13,000,2019,10,13,4,2,5,3,0,1,1,0,0,0,0,367667.549875248220000,5716211.714588366400000,7.090057397000066,51.581412013000033,0,
05,5,66,004,2019,09,11,2,3,9,1,0,0,1,0,0,0,0,400072.071000000460000,5767379.643999999400000,7.542799820000028,52.048005513000078,1,
05,5,13,000,2019,10,15,4,2,6,4,0,0,1,1,0,0,0,368036.056842393240000,5708776.903223848000000,7.098161623000067,51.514684083000077,0,
05,5,66,064,2019,09,11,2,3,5,3,0,1,1,0,0,0,0,396060.386291126720000,5771535.710095737100000,7.483055735000050,52.084621246000040,0,
05,5,13,000,2019,10,12,4,3,5,3,0,1,1,0,0,0,0,368606.828000001610000,5709626.829000003600000,7.106065736000062,51.522455218000061,0,
05,5,66,068,2019,09,17,2,3,7,1,0,0,1,0,0,0,0,379623.807534696530000,5784425.757072251300000,7.238721695000038,52.197127615000056,1,
05,5,54,056,2019,09,22,2,3,2,6,2,0,1,0,1,0,0,356505.645619752820000,5760883.704668257400000,6.910601734000068,51.980075113000055,0,
05,5,54,012,2019,09,08,2,3,5,2,0,0,1,0,0,0,0,351105.874533787370000,5747558.833541210700000,6.837797751000039,51.858935066000072,0,
05,5,15,000,2019,09,08,2,3,2,6,0,0,1,0,0,0,0,405151.550098244100000,5757195.187485532800000,7.619666685000027,51.957356703000073,1,
05,5,15,000,2019,09,08,2,3,2,6,0,0,1,0,0,1,0,406067.480524038900000,5758934.150645716100000,7.632516451000072,51.973142764000045,1,
05,5,62,028,2019,09,07,2,3,2,6,0,0,1,0,0,0,0,379235.691423199140000,5721302.833930015600000,7.255178640000054,51.629765485000064,1,
05,5,12,000,2019,09,15,2,3,1,6,0,0,1,0,0,0,0,356712.303552069700000,5708214.006786566200000,6.935304168000073,51.506867586000055,0,
05,5,62,032,2019,09,18,2,2,1,4,0,0,1,1,0,1,0,373117.040954233150000,5718691.422094611500000,7.167768556000056,51.604950308000070,0,
05,5,62,032,2019,09,14,2,3,2,2,0,0,1,0,0,0,0,380901.709313404750000,5718127.629025880200000,7.280316881000033,51.601583491000042,0,
05,5,13,000,2019,09,16,2,3,0,1,0,0,0,0,1,0,0,368188.069457805720000,5713201.730344964200000,7.098694571000067,51.554484269000056,1,
05,5,13,000,2019,09,14,2,3,1,3,0,0,1,0,0,0,0,365460.621999999510000,5714338.873000001500000,7.058941740000023,51.564059326000063,1,
05,5,13,000,2019,09,08,2,3,1,6,0,0,1,0,0,0,0,365476.675062980500000,5714365.815937683000000,7.059162890000039,51.564305277000074,1,
05,5,13,000,2019,09,15,2,3,0,1,0,0,0,0,1,0,0,369725.765999999830000,5706083.163000000600000,7.123494106000067,51.490867895000065,1,
05,5,62,004,2019,10,15,2,2,2,6,0,0,1,0,0,0,0,386691.850395709280000,5715179.783675354000000,7.364835917000050,51.576283204000049,0,
05,5,66,016,2019,10,06,1,3,9,1,2,0,1,0,0,0,0,401364.759428227320000,5795851.091753706300000,7.553364669000075,52.304133779000040,0,
05,5,58,004,2019,10,11,1,3,1,6,0,0,1,0,0,0,0,404577.766344849950000,5739137.026533361500000,7.616311168000038,51.794942484000046,0,
05,5,54,020,2019,10,12,1,3,8,1,0,0,1,0,0,0,0,362583.186732950620000,5784542.113882258500000,6.989501499000028,52.194189537000057,0,
05,5,66,048,2019,10,14,1,3,2,6,0,0,1,0,0,0,0,426903.215778686110000,5791651.435623701700000,7.928752350000025,52.270376508000027,0,
05,5,58,004,2019,10,22,1,3,0,6,2,0,1,0,0,0,0,407589.798427269790000,5728923.231444079400000,7.662689093000040,51.703637616000037,1,
05,5,15,000,2019,10,21,1,3,5,7,2,1,1,0,0,0,0,407019.326315358280000,5757998.351210190000000,7.646622808000075,51.964891402000035,1,
05,5,62,024,2019,10,20,1,2,4,6,2,0,1,0,0,0,0,370516.837186201480000,5725748.361570810900000,7.127631565000058,51.667777176000072,1,
05,5,13,000,2019,10,14,1,3,2,6,0,0,1,0,0,0,0,368895.187000000850000,5711477.489000001900000,7.109530810000024,51.539153709000061,1,
05,5,15,000,2019,10,10,3,3,0,2,0,1,1,0,0,0,0,403013.915000000040000,5758689.755000000800000,7.588145603000044,51.970421572000078,1,
05,5,15,000,2019,10,08,3,3,3,6,0,1,0,0,0,0,0,405158.728000001050000,5756934.426000002800000,7.619843095000022,51.955014095000081,1,
05,5,70,048,2019,10,21,7,2,2,6,2,0,0,0,1,0,0,452204.728995971380000,5732403.519036760600000,8.307780338000043,51.740502549000041,0,
05,5,15,000,2019,10,15,3,3,6,7,0,0,1,1,0,0,0,406391.720130079430000,5751118.538247168100000,7.639362512000048,51.902946746000055,0,
05,5,66,072,2019,10,14,7,3,5,3,0,0,1,0,0,0,0,412778.253000001420000,5802507.701999997700000,7.718984838000040,52.365896013000054,0,
05,5,62,012,2019,10,11,3,3,5,3,0,0,1,0,0,1,0,358566.062465013000000,5726895.696504147700000,6.954468600000041,51.675205866000056,1,
05,5,66,028,2019,10,10,7,3,3,6,0,0,1,0,1,0,0,417321.097115167420000,5791748.456095235400000,7.788332825000055,52.269891288000053,0,
05,5,66,020,2019,10,13,7,2,9,3,0,0,1,0,0,0,0,404582.718110416080000,5805307.887027448000000,7.597858392000035,52.389697480000052,0,
05,5,58,028,2019,10,17,7,2,8,7,0,0,1,0,0,0,0,400525.462571061220000,5732090.175392137800000,7.559587088000058,51.730895996000072,0,
05,5,62,024,2019,10,13,3,3,5,3,0,0,1,0,1,0,0,368346.609984141770000,5724090.533234810500000,7.096892286000070,51.652374763000068,1,
05,5,58,036,2019,10,15,7,2,5,3,0,0,1,0,1,0,0,387474.027999999930000,5730245.355000002300000,7.371273069000040,51.711847440000042,0,
05,5,62,014,2019,10,21,3,3,5,3,2,0,1,0,0,0,0,360549.967000000180000,5714625.611000001400000,6.988026002000026,51.565443132000041,0,
05,5,62,032,2019,10,16,7,2,2,7,0,0,1,0,0,0,0,376174.800999999980000,5716394.675000002600000,7.212710760000050,51.584989658000040,0,
05,5,62,032,2019,10,06,3,2,5,3,2,1,1,0,0,0,0,380435.132000002080000,5718166.324000002800000,7.273569977000022,51.601832401000081,1,
05,5,62,020,2019,10,16,7,2,5,7,0,0,1,0,1,0,0,371753.302830847910000,5716637.409846928000000,7.148837551000042,51.586182220000069,0,
05,5,13,000,2019,10,20,3,2,5,3,2,1,1,0,0,0,0,369278.527041045020000,5707504.627121096500000,7.116529072000049,51.503539189000037,0,
05,5,62,032,2019,10,13,7,3,2,6,0,0,1,0,0,0,0,378461.348053922880000,5718286.764051752200000,7.245042507000051,51.602492345000030,0,
05,5,13,000,2019,10,12,3,3,2,6,0,0,1,0,0,0,0,366236.914413247260000,5709705.076069178100000,7.071896123000045,51.522602091000067,1,
05,5,13,000,2019,10,08,3,3,4,6,0,1,1,0,0,0,0,368722.122033808380000,5709185.798184184400000,7.107890944000076,51.518518578000055,1,
05,5,62,032,2019,10,11,7,3,5,2,0,0,1,0,0,0,0,376052.193985249850000,5716659.227786095800000,7.210848571000042,51.587340295000047,0,
05,5,13,000,2019,10,11,7,3,2,6,0,0,1,0,0,0,0,368553.130174277350000,5712679.610355371600000,7.104152363000026,51.549877301000038,0,
05,5,13,000,2019,10,00,7,3,2,5,2,0,1,0,0,0,0,365022.035320081750000,5718084.602484794300000,7.051178185000026,51.597615153000049,1,
05,5,66,028,2019,10,12,6,2,4,2,0,0,1,0,0,0,0,408670.893122096550000,5796717.086158512200000,7.660252168000056,52.313180951000049,1,
05,5,66,020,2019,10,06,6,2,5,3,2,0,1,0,0,0,1,402064.312000000850000,5802433.587000001200000,7.561702998000044,52.363419905000057,1,
05,5,66,076,2019,10,17,6,3,5,3,0,0,1,0,0,0,0,396921.217744438910000,5795697.595595993100000,7.488264462000075,52.301938248000056,1,
05,5,66,084,2019,10,17,6,3,2,6,0,0,1,0,0,0,0,391855.196338251230000,5777920.470551636100000,7.419679852000058,52.141197862000070,1,
05,5,58,004,2019,10,22,6,3,5,3,2,0,1,0,0,0,0,407629.498000000600000,5733375.370000002900000,7.662082498000075,51.743664122000041,1,
05,5,58,028,2019,10,07,6,3,6,4,1,0,1,1,0,0,0,399776.304254244080000,5729746.259080482600000,7.549417295000069,51.709694260000049,0,
05,5,58,020,2019,10,14,6,3,6,4,0,0,1,1,0,0,0,391668.161804994570000,5760400.690054498600000,7.422506194000050,51.983703241000057,1,
05,5,54,024,2019,10,10,6,3,5,3,0,0,1,0,0,0,0,370535.617963192050000,5777801.078163083600000,7.108351016000029,52.135540532000050,1,
05,5,54,004,2019,10,11,6,3,0,2,0,0,1,0,0,0,0,359328.878071481360000,5779715.322145136100000,6.943922780000037,52.150000729000055,1,
05,5,54,012,2019,10,18,6,3,5,3,2,1,1,0,0,0,0,352209.733337931330000,5746035.182317813900000,6.854466921000039,51.845538668000074,1,
05,5,15,000,2019,10,16,6,3,5,3,0,1,1,0,0,0,0,403161.410000001080000,5759052.005000000800000,7.590189830000043,51.973703293000028,1,
05,5,62,012,2019,10,16,6,3,5,3,0,0,1,0,0,0,0,363095.281000000420000,5731890.984000003000000,7.017970115000026,51.721215860000029,1,
05,5,13,000,2019,10,22,6,2,8,1,2,0,0,0,1,0,0,364294.416451691650000,5708809.717878533500000,7.044258533000061,51.514092604000041,1,
05,5,13,000,2019,10,09,6,3,8,1,0,0,1,0,0,0,0,368083.615000001150000,5707889.161000002200000,7.099178767000069,51.506717266000067,1,
05,5,66,068,2019,10,14,3,2,2,6,0,0,1,0,0,0,1,373068.836582284420000,5787892.324147256100000,7.141566319000049,52.226807755000038,0,
05,5,70,028,2019,10,14,2,3,5,3,0,0,1,0,0,0,0,440214.157214268110000,5740070.692023333200000,8.132819742000038,51.808281561000058,0,
05,5,70,008,2019,10,13,2,3,5,3,0,0,1,0,0,0,0,430285.568866983990000,5734297.549499252800000,7.989989902000048,51.755231606000052,0,
05,5,70,016,2019,10,16,2,2,5,3,0,1,1,0,0,0,0,410240.102454658600000,5740167.121222216600000,7.698128706000034,51.805139362000034,0,
05,5,70,004,2019,10,15,2,3,6,5,0,0,1,1,0,0,0,424808.160156732430000,5735601.901713883500000,7.910366854000074,51.766248769000072,0,
05,5,70,024,2019,10,10,2,3,2,6,0,0,1,0,0,0,0,417759.240000000220000,5753702.754999999000000,7.803935712000055,51.927970620000053,0,
05,5,70,012,2019,10,16,2,3,5,3,0,1,1,0,0,0,0,439388.964000001550000,5753687.337000003100000,8.118461807000074,51.930607654000028,0,
05,5,66,028,2019,10,11,2,3,6,3,0,0,1,1,0,0,0,411998.686490180900000,5792302.485494423700000,7.710208625000064,52.274045019000027,0,
05,5,58,024,2019,10,18,2,3,1,6,0,0,1,0,0,0,0,392955.946000000460000,5737045.550000004500000,7.448494889000074,51.774040849000073,0,
05,5,58,008,2019,10,07,2,3,3,2,0,0,1,0,1,0,0,384032.023631696590000,5759400.831528250100000,7.311699564000037,51.973175959000059,1,
05,5,58,012,2019,10,09,2,3,0,1,0,1,0,0,0,0,0,373859.890619392510000,5755950.416818961500000,7.164955833000022,51.939953595000077,0,
05,5,58,032,2019,10,07,2,2,5,2,0,0,1,0,1,0,0,389881.793290445580000,5752305.909183127800000,7.399097594000068,51.910600015000057,0,
05,5,15,000,2019,10,07,2,3,5,3,1,1,1,0,0,0,0,405473.398097587750000,5754929.448529129800000,7.624972137000043,51.937046034000048,1,
05,5,15,000,2019,10,10,2,3,0,7,0,1,0,1,0,0,0,404206.634865609930000,5759090.732811207000000,7.605390872000044,51.974232542000038,0,
05,5,62,036,2019,10,18,2,2,1,3,1,0,1,0,0,0,0,391776.071211022320000,5718693.041962234300000,7.437093314000038,51.608860287000027,0,
05,5,62,036,2019,10,09,2,2,5,3,0,0,1,0,1,0,0,387652.138465648520000,5718311.261421335900000,7.377685462000045,51.604621083000040,0,
05,5,62,008,2019,10,11,2,3,6,4,0,0,1,1,0,0,0,383971.726913013500000,5721011.618412163100000,7.323669919000054,51.628144787000053,0,
05,5,62,024,2019,10,09,2,3,2,6,0,0,1,0,0,0,1,364254.962398714390000,5724446.702668139700000,7.037644263000061,51.654602319000048,0,
05,5,62,020,2019,10,20,2,3,2,6,2,0,1,0,0,0,0,373229.718048498970000,5715189.444161729900000,7.170659648000026,51.573503410000058,0,
05,5,66,048,2019,10,11,6,3,1,6,0,0,1,0,0,0,1,426536.746357521040000,5790868.567231385000000,7.923553155000036,52.263290494000046,0,
05,5,15,000,2019,10,06,6,3,3,6,2,0,1,0,0,1,0,400660.424843165090000,5760085.621287079500000,7.553492757000072,51.982552140000053,1,
05,5,70,016,2019,10,16,5,3,5,3,0,1,1,0,0,0,0,412188.700000002050000,5737636.653000000900000,7.727024105000055,51.782702298000061,0,
05,5,70,036,2019,10,16,5,3,0,3,0,1,1,0,0,0,0,433255.899016991260000,5759909.075251163900000,8.028065732000073,51.985837721000053,0,
05,5,66,068,2019,10,16,5,3,2,6,0,0,1,0,0,0,0,377778.634263920600000,5785414.881249010600000,7.211381360000075,52.205610198000045,1,
05,5,58,036,2019,10,18,5,3,5,3,0,1,1,0,0,0,0,387650.084196781740000,5729327.460394868600000,7.374116093000055,51.703632889000062,0,
05,5,58,012,2019,10,17,5,3,5,2,0,1,1,0,0,0,0,373460.722000001000000,5756402.162000004200000,7.158985862000066,51.943922527000041,1,
05,5,58,008,2019,10,14,5,2,8,7,0,0,1,0,0,0,0,378907.500746027570000,5758952.233288489300000,7.237290644000041,51.968051623000065,1,
05,5,54,056,2019,10,16,5,3,5,4,0,0,1,1,0,0,0,357639.900077152070000,5762509.603748582300000,6.926430831000062,51.994975711000052,0,
05,5,54,004,2019,10,17,5,2,8,1,0,0,0,0,0,0,1,359132.733664745460000,5775830.004303803700000,6.942667214000039,52.115041350000070,1,
05,5,54,008,2019,10,14,5,3,5,3,0,0,1,0,0,0,0,334151.421095225960000,5750404.631825856900000,6.590445909000039,51.879719034000061,0,
05,5,66,012,2019,10,19,5,3,2,1,2,0,1,0,0,0,0,402974.841950322500000,5763658.273439209900000,7.586170892000041,52.015072952000082,1,
05,5,15,000,2019,10,22,5,3,0,7,2,1,0,0,0,0,0,405027.289840376940000,5757609.910747701300000,7.617744228000049,51.961063193000030,1,
05,5,15,000,2019,10,16,5,2,5,3,0,0,1,0,1,0,0,409759.513788981360000,5751788.801208844400000,7.688125217000049,51.909527237000077,0,
05,5,15,000,2019,10,13,5,2,8,2,0,0,1,0,0,0,0,406578.558585365300000,5759156.125653756800000,7.639894108000021,51.975224126000057,0,
05,5,62,036,2019,10,05,5,3,5,3,2,1,1,0,0,0,0,386629.702999999750000,5719790.137000003800000,7.362449537000032,51.617708130000040,1,
05,5,62,032,2019,10,16,5,2,6,6,0,1,0,1,0,0,0,376128.736470639710000,5715074.764695635100000,7.212511784000071,51.573117203000038,0,
05,5,13,000,2019,10,11,5,3,5,3,0,0,1,0,0,0,0,368824.176000000910000,5708854.164000000800000,7.109484418000022,51.515561955000067,0,
05,5,13,000,2019,10,20,5,3,2,6,2,0,1,0,0,0,0,368373.098000000230000,5708856.259000001500000,7.102986493000060,51.515475863000063,0,
05,5,66,028,2019,10,11,7,3,4,2,0,1,1,0,0,0,0,417319.710761512630000,5791744.477667259100000,7.788313488000028,52.269855319000044,0,
05,5,66,016,2019,10,22,7,1,2,6,2,0,1,0,1,0,0,405605.954474273140000,5792319.445598468200000,7.616537406000020,52.273137069000029,0,
05,5,66,036,2019,10,17,7,3,9,2,0,0,0,0,1,0,1,388363.982000000770000,5767774.167000001300000,7.372008242000049,52.049316809000061,0,
05,5,66,084,2019,10,11,7,3,5,3,0,1,1,0,0,0,0,390185.745000001040000,5775374.748999999800000,7.396116350000057,52.117989535000049,0,
05,5,54,004,2019,10,14,7,3,5,3,0,0,1,0,0,0,1,357682.014757081870000,5782228.375799499500000,6.918815599000027,52.172158045000060,1,
05,5,54,012,2019,10,14,7,2,8,1,0,0,0,0,1,0,0,355254.829000000840000,5748421.887000000100000,6.897641780000072,51.867781232000027,0,
05,5,54,012,2019,10,10,7,3,4,2,0,1,1,0,0,0,0,347069.714192360640000,5746167.132625393600000,6.779848219000030,51.845340021000027,0,
05,5,54,020,2019,10,21,7,3,8,1,2,0,1,0,0,0,0,361549.297813980840000,5784279.127618616400000,6.974492665000071,52.191567974000066,0,
05,5,54,020,2019,10,02,7,2,8,1,2,0,1,0,0,0,0,360839.723113213670000,5782448.341866504400000,6.964870157000064,52.174939765000033,0,
05,5,15,000,2019,10,17,7,2,0,1,0,1,0,0,0,0,0,407642.406629575420000,5754827.033774096500000,7.656541561000040,51.936489696000081,0,
05,5,12,000,2019,10,15,7,3,1,6,0,0,1,0,0,0,0,356230.953951773230000,5710037.579939940900000,6.927629297000067,51.523131634000038,0,
05,5,62,032,2019,10,19,7,3,0,1,2,0,0,0,1,0,0,376032.846281500530000,5716744.795593967700000,7.210539218000065,51.588105054000039,1,
05,5,13,000,2019,10,18,7,3,2,6,1,0,1,0,0,0,0,370522.930406975560000,5709527.958600679400000,7.133705371000076,51.522009194000077,1,
05,5,70,032,2019,10,16,4,2,9,1,0,0,1,0,0,0,0,422223.465000000780000,5765790.168999997900000,7.866106237000054,52.037268805000053,1,
05,5,66,028,2019,10,17,4,3,2,1,1,0,1,0,0,0,0,411999.012358439150000,5790319.308846155200000,7.710730604000048,52.256219738000027,1,
05,5,66,072,2019,10,13,4,3,5,3,0,0,1,0,0,0,0,413308.655893212180000,5800899.268421381700000,7.727188209000076,52.351523278000059,1,
05,5,66,036,2019,10,15,4,2,4,1,0,0,1,0,0,0,0,387311.106064613910000,5769002.853201109900000,7.356255614000077,52.060146156000030,1,
05,5,66,084,2019,10,09,4,3,5,2,0,1,1,0,0,0,0,390599.669000000690000,5776199.973000004900000,7.401894026000036,52.125488106000034,0,
05,5,66,052,2019,10,07,4,3,5,7,1,1,1,0,0,0,0,377497.606238910930000,5778538.179076841100000,7.209754125000075,52.143751756000029,0,
05,5,58,004,2019,10,07,4,2,0,1,1,1,0,0,0,0,0,407633.469342386350000,5733381.665778333300000,7.662138331000051,51.743721369000070,1,
05,5,58,024,2019,10,16,4,3,5,3,0,1,1,0,0,0,0,392198.613098279570000,5735893.500595614300000,7.437879987000031,51.763540917000057,1,
05,5,15,000,2019,10,06,4,3,0,7,2,0,0,0,1,0,0,411250.639108303930000,5752655.865061473100000,7.709573102000036,51.917560690000073,0,
05,5,15,000,2019,10,07,4,3,3,6,0,1,0,0,0,0,0,406954.083782397210000,5756982.815236713700000,7.645948553000039,51.955752335000057,0,
05,5,62,008,2019,10,16,4,3,4,7,0,0,1,0,0,0,0,384797.980725769880000,5722513.457737404900000,7.335107587000039,51.641812682000079,1,
05,5,70,028,2019,10,22,6,2,8,1,2,0,1,0,0,0,0,440312.516000000760000,5744252.798999998700000,8.133525090000035,51.845890033000046,1,
05,5,70,044,2019,10,20,6,2,5,3,2,1,1,0,0,0,0,416505.594560136090000,5760724.791622065000000,7.784000943000024,51.990905054000052,1,
05,5,70,052,2019,10,15,6,3,0,2,0,1,1,0,0,0,0,429921.661000001240000,5756342.021999999900000,7.980248508000045,51.953360779000036,1,
05,5,66,076,2019,10,15,6,3,5,2,0,1,1,0,0,0,0,396998.220408603550000,5787605.925865093200000,7.491863348000038,52.229229388000078,1,
05,5,66,076,2019,10,17,6,3,5,2,0,0,1,0,0,0,0,393568.841297114270000,5792015.261224469200000,7.440281329000072,52.268205062000050,1,
05,5,66,076,2019,10,14,6,3,5,3,0,1,1,0,0,0,0,396781.225253264420000,5787811.771014131600000,7.488624497000046,52.231038786000056,1,
05,5,66,076,2019,10,07,6,3,0,7,1,1,1,0,0,0,0,397108.008619481700000,5796114.094626897900000,7.490875587000062,52.305716503000042,1,
05,5,66,016,2019,10,06,6,3,4,2,2,0,1,0,1,0,0,405433.823161682110000,5795807.172369526700000,7.613036620000059,52.304454764000070,1,
05,5,58,020,2019,10,12,6,2,5,3,0,0,1,0,0,0,0,394680.995264359750000,5758593.626356961200000,7.466915459000063,51.968041102000029,1,
05,5,58,016,2019,10,14,6,2,9,1,0,0,1,0,0,0,0,368787.405546775090000,5747379.340880705000000,7.094468931000051,51.861759841000037,1,
05,5,58,012,2019,10,15,6,2,8,1,0,0,1,0,0,0,0,373884.169521615840000,5757208.308591134800000,7.164847410000050,51.951263051000069,1,
05,5,54,008,2019,10,16,6,3,5,2,0,1,1,0,0,0,0,334566.000000000930000,5746916.616999996800000,6.598133764000068,51.848508444000061,1,
05,5,54,008,2019,10,07,6,3,5,2,1,1,1,0,0,0,0,334474.303000001240000,5745639.015000002500000,6.597415106000028,51.837004201000070,1,
05,5,15,000,2019,10,15,6,3,3,2,0,1,1,0,0,0,0,409878.451000001280000,5761082.108000002800000,7.687416745000064,51.993081018000055,1,
05,5,62,008,2019,10,08,6,3,6,2,0,0,1,1,0,0,0,385741.691804339180000,5723666.320584347500000,7.348363338000070,51.652366866000079,1,
05,5,62,004,2019,10,22,6,3,8,1,2,0,0,0,1,0,0,384142.921836738470000,5710071.764597997100000,7.329751334000036,51.529855134000059,0,
05,5,62,012,2019,10,15,6,2,2,2,0,0,1,0,0,0,0,367325.845985931340000,5732166.074088959000000,7.079075373000023,51.724704735000046,1,
05,5,12,000,2019,10,21,6,3,1,6,2,0,1,0,0,0,0,360582.843095501880000,5709579.912948980900000,6.990498888000047,51.520110007000028,0,
05,5,12,000,2019,10,13,6,3,5,3,0,0,1,0,0,1,1,354038.732114803980000,5720137.701424285800000,6.891857053000024,51.613324433000059,1,
05,5,12,000,2019,10,10,6,3,2,6,0,0,1,0,0,0,0,356628.325000000190000,5711679.585999999200000,6.932684760000029,51.537987424000050,1,
05,5,62,014,2019,10,09,6,2,6,2,0,0,1,1,0,0,0,360968.020207389260000,5715191.135933000600000,6.993829914000060,51.570628221000050,1,
05,5,62,020,2019,10,12,6,3,5,2,0,1,1,0,0,0,0,368324.540414885620000,5718236.774658555200000,7.098774258000049,51.599764365000055,1,
05,5,62,032,2019,10,16,6,2,0,1,0,0,0,0,1,0,0,376034.665838929820000,5716736.741943296000000,7.210568314000057,51.588033074000066,1,
05,5,13,000,2019,10,07,6,3,2,6,0,0,1,0,0,0,0,363139.361515421420000,5711568.832158641900000,7.026550882000038,51.538608351000050,1,
05,5,70,028,2019,10,06,3,2,5,3,2,0,1,0,0,0,1,440635.582152324730000,5740972.737822007400000,8.138777097000059,51.816436073000034,1,
05,5,70,008,2019,10,09,3,3,4,2,0,0,1,0,0,0,0,431780.451000001280000,5740057.300999999000000,8.010511827000073,51.807195588000070,1,
05,5,70,040,2019,10,06,3,3,4,6,2,0,1,0,0,0,1,416877.092453311200000,5743832.435623584300000,7.793487290000030,51.839113922000081,1,
05,5,70,004,2019,10,19,3,3,4,6,2,0,1,0,0,0,1,420880.923694238070000,5734583.625876991100000,7.853699642000038,51.756553732000043,1,
05,5,70,032,2019,10,09,3,3,5,3,0,1,1,0,0,0,0,420450.485854291360000,5766635.223222168200000,7.840067242000032,52.044613505000029,1,
05,5,66,044,2019,10,18,3,2,8,1,0,0,0,0,1,0,0,428834.294535177760000,5780519.648906244000000,7.959389215000044,52.170564727000055,0,
05,5,66,028,2019,10,07,3,3,5,3,1,1,1,0,0,0,0,410935.149000001140000,5793704.032999999800000,7.694254985000043,52.286471136000046,1,
05,5,66,076,2019,10,08,3,3,0,1,0,1,0,0,0,0,0,395285.278825140560000,5791517.554097050800000,7.465579834000039,52.264061529000060,1,
05,5,66,076,2019,10,07,3,3,0,1,0,0,0,0,1,0,0,394117.891840940340000,5793510.192420814200000,7.447854954000036,52.281746350000049,1,
05,5,66,084,2019,10,11,3,3,0,2,0,1,1,0,0,0,0,386786.710479287430000,5779104.260889684800000,7.345252351000056,52.150821119000057,0,
05,5,66,084,2019,10,16,3,3,5,2,0,1,1,0,0,0,0,386051.493523280140000,5778560.930654609600000,7.334693398000070,52.145787035000069,0,
05,5,66,012,2019,10,16,3,3,1,6,0,0,1,0,0,1,0,406279.964252909650000,5772322.554799825000000,7.631940307000036,52.093518286000062,0,
05,5,66,004,2019,10,07,3,3,5,2,2,1,1,0,0,0,0,394737.086000000130000,5767374.412000000500000,7.465033387000062,52.046970999000052,1,
05,5,58,044,2019,10,09,3,2,5,2,0,1,1,0,0,0,0,394965.979671369310000,5745942.814523639200000,7.474919621000026,51.854390809000051,0,
05,5,54,056,2019,10,22,3,3,0,7,2,0,0,0,1,0,0,355874.260164358650000,5762132.640466203900000,6.900890119000053,51.991133323000042,1,
05,5,54,004,2019,10,07,3,3,5,2,0,1,1,0,0,0,0,363475.462999999520000,5772338.508000001300000,7.007448507000049,52.084758246000035,1,
05,5,54,012,2019,10,07,3,2,8,1,1,0,0,0,1,0,0,351689.645846637900000,5742309.910806886900000,6.848518400000046,51.811929673000066,1,
05,5,54,008,2019,10,07,3,3,5,2,1,1,1,0,0,0,0,336742.371999999510000,5744131.065000003200000,6.631016491000025,51.824125053000046,1,
05,5,54,008,2019,10,07,3,3,5,2,2,1,1,0,0,0,0,334506.365126718770000,5745937.660925990000000,6.597737191000022,51.839696527000058,1,
05,5,54,048,2019,10,11,3,3,4,2,0,0,1,0,0,0,0,341487.337000001220000,5746867.392000002800000,6.698554876000060,51.850074274000065,1,
05,5,54,008,2019,10,17,3,3,2,6,0,0,1,0,0,0,0,338541.629706726410000,5745632.678870447000000,6.656400827000027,51.838137871000072,0,
05,5,54,012,2019,10,07,3,3,6,4,2,0,0,1,1,0,0,351358.978173056620000,5747425.422944404200000,6.841527823000035,51.857803870000055,1,
05,5,15,000,2019,10,20,3,2,0,6,2,0,1,0,0,0,0,400743.202664135960000,5753582.943899575600000,7.556575971000029,51.924119761000043,0,
05,5,62,012,2019,10,17,6,2,8,1,0,0,0,0,1,0,0,356289.687544528390000,5728049.237012099500000,6.921094202000063,51.684993289000033,0,
05,5,62,020,2019,10,07,4,3,2,6,1,0,1,0,0,1,1,371421.266307068060000,5715401.230245070500000,7.144500152000035,51.574997154000073,1,
05,5,70,052,2019,10,14,3,3,0,1,0,1,0,0,0,1,0,431578.670880487190000,5755901.853617088900000,8.004444298000067,51.949610145000065,0,
05,5,66,060,2019,10,17,3,3,5,3,0,0,1,0,0,0,1,389050.014446525830000,5787180.342662572900000,7.375675392000062,52.223860712000032,0,
05,5,66,084,2019,10,08,3,3,5,3,0,1,1,0,0,0,0,386153.262981798500000,5778979.700335977600000,7.336039717000062,52.149571478000041,0,
05,5,70,028,2019,10,17,5,3,7,7,0,0,1,0,0,0,0,439826.809000000360000,5736882.643000001100000,8.127755187000048,51.779578700000059,0,
05,5,66,084,2019,10,19,3,3,2,6,1,0,1,0,0,0,0,385984.634815681730000,5778446.311713147900000,7.333755191000023,52.144743166000069,1,
05,5,66,072,2019,10,12,5,2,1,6,0,0,1,0,1,0,0,411888.587000000290000,5801181.443000001800000,7.706270263000022,52.353833119000058,1,
05,5,58,044,2019,10,18,3,3,4,2,2,1,1,0,0,0,0,395668.208275179380000,5752299.881753925200000,7.483189800000048,51.911659770000028,1,
05,5,66,076,2019,10,07,5,3,1,5,1,1,1,0,0,0,0,395114.986205509860000,5792977.283301072200000,7.462631588000022,52.277148112000077,1,
05,5,58,016,2019,10,18,3,3,0,3,2,1,1,0,0,0,0,381755.479584936050000,5744190.272286176700000,7.283791854000072,51.835998121000046,1,
05,5,66,008,2019,10,19,5,3,1,6,1,0,1,0,0,0,0,400038.316121786830000,5781298.641436884200000,7.538221499000031,52.173101543000030,1,
05,5,58,016,2019,10,09,3,3,4,6,0,1,0,0,0,0,0,382397.594211325980000,5742434.480021236500000,7.293703592000043,51.820353991000047,0,
05,5,54,020,2019,10,13,3,3,0,1,0,1,0,0,0,0,0,363420.402071930470000,5786710.664252137800000,7.000867873000061,52.213882338000076,0,
05,5,66,008,2019,10,15,5,2,5,2,0,1,0,0,0,1,0,399889.612000000660000,5782140.687000000800000,7.535799179000037,52.180642679000073,0,
05,5,62,016,2019,10,17,3,2,5,3,0,1,0,0,0,0,1,375827.035000000150000,5735424.998999999800000,7.200929215000031,51.755939521000073,0,
05,5,54,068,2019,10,16,5,2,8,1,0,0,0,0,1,0,0,352598.878408227120000,5766932.082870027100000,6.851156286000048,52.033394946000044,1,
05,5,62,024,2019,10,15,3,3,5,3,0,1,1,0,0,0,0,367780.580044805070000,5724274.391701405900000,7.088645450000058,51.653894166000043,1,