ULAND,UREGBEZ,UKREIS,UGEMEINDE,UJAHR,UMONAT,USTUNDE,UWOCHENTAG,UKATEGORIE,UART,UTYP1,ULICHTVERH,IstRad,IstPKW,IstFuss,IstKrad,IstGkfz,IstSonstige,LINREFX,LINREFY,XGCSWGS84,YGCSWGS84,STRZUSTAND,UIDENTSTLAE
05,5,62,032,2019,10,09,3,3,6,7,0,1,0,1,0,0,0,374983.010796481740000,5719527.081043850600000,7.194401258000028,51.612877800000035,0,
05,5,54,040,2019,10,14,5,3,9,1,0,0,1,0,0,0,0,348096.237565934660000,5736883.108150266100000,6.798806887000069,51.762206931000037,0,
05,5,13,000,2019,10,10,3,3,5,7,0,1,1,0,0,0,0,367116.879000000660000,5714442.885999999900000,7.082783469000049,51.565386740000065,0,
05,5,13,000,2019,10,17,3,3,2,6,1,0,1,0,0,0,1,368582.639345598410000,5707572.019043255600000,7.106483295000032,51.503983443000038,1,
05,5,54,056,2019,10,16,5,3,0,2,0,0,1,1,0,0,0,356836.322999999860000,5762419.263999998600000,6.914772279000033,51.993957442000067,0,
05,5,15,000,2019,10,03,5,2,0,1,2,1,0,0,0,0,0,403211.292106604200000,5755255.444422813100000,7.591985361000070,51.939587336000045,1,
05,5,15,000,2019,10,14,5,3,1,6,0,0,1,0,0,0,0,403207.761000000870000,5755252.723999999500000,7.591934776000073,51.939562270000067,1,
05,5,15,000,2019,10,15,5,3,2,1,0,0,1,0,0,0,0,405579.595689580780000,5759103.661448031700000,7.625369322000040,51.974583720000055,1,
05,5,62,008,2019,10,06,5,3,6,2,2,0,1,1,0,0,0,384950.455132485370000,5722808.544628821300000,7.337213104000057,51.644496053000069,1,
05,5,62,016,2019,10,16,5,3,2,7,0,0,1,0,0,0,0,374008.101695611140000,5733772.549156289500000,7.175188721000041,51.740683117000060,1,
05,5,62,024,2019,10,18,5,3,4,2,2,0,1,0,0,0,0,367322.155000000260000,5724243.610999999600000,7.082034163000060,51.653509548000045,1,
05,5,62,014,2019,10,06,5,3,5,3,2,0,1,0,1,0,0,356801.505039806480000,5714531.029827335800000,6.934019370000044,51.563653892000048,1,
05,5,62,020,2019,10,18,5,2,6,7,0,1,0,1,0,0,0,371382.401452211660000,5720848.533279126500000,7.141942240000049,51.623942368000030,1,
05,5,62,032,2019,10,23,5,3,5,3,2,1,1,0,0,0,0,374658.724481536080000,5719758.016959620600000,7.189637571000048,51.614881128000036,0,
05,5,62,032,2019,10,18,5,2,6,7,2,0,1,1,0,0,0,373297.535000001080000,5718857.706000002100000,7.170313431000068,51.606485337000038,1,
05,5,13,000,2019,10,14,5,3,5,2,0,0,1,0,0,0,1,369025.469000000510000,5715470.585999999200000,7.109920975000023,51.575068905000080,1,
05,5,13,000,2019,10,11,5,2,5,3,0,1,1,0,0,0,0,369498.531113713050000,5715425.080256234900000,7.116760611000075,51.574769667000055,1,
05,5,13,000,2019,10,20,3,3,2,1,2,0,1,0,0,0,0,366328.497999999670000,5709785.740000000200000,7.073184831000049,51.523348668000040,1,
05,5,66,040,2019,10,13,3,3,3,7,0,0,0,0,0,1,1,419193.896000000650000,5784458.826000001300000,7.817515303000050,52.204645581000079,0,
05,5,70,040,2019,10,06,2,3,6,7,2,0,0,1,1,0,0,419784.280869987790000,5744147.374232048200000,7.835601943000029,51.842370207000045,0,
05,5,66,028,2019,10,17,2,3,2,6,0,0,1,0,0,0,0,410897.509543610740000,5788935.188605299200000,7.694962576000023,52.243601633000026,0,
05,5,66,096,2019,10,11,2,3,4,2,0,0,1,0,0,1,0,384017.140332851560000,5784652.620142191600000,7.302893726000036,52.200108102000058,0,
05,5,58,020,2019,10,07,2,3,5,3,0,0,1,0,1,0,0,391638.325924005360000,5758336.281459730100000,7.422723698000027,51.965143372000057,0,
05,5,54,020,2019,10,18,2,3,0,1,0,0,0,0,1,0,0,366713.810883902010000,5782261.334471272300000,7.050793365000061,52.174709610000036,0,
05,5,54,036,2019,10,02,2,3,8,1,2,0,1,0,0,0,0,369755.136841174220000,5770977.026216143700000,7.099563164000074,52.074037271000066,0,
05,5,54,016,2019,10,04,2,3,5,3,2,0,1,0,0,1,0,361432.305640812960000,5757718.151198048100000,6.983566523000036,51.952881703000060,1,
05,5,54,032,2019,10,16,2,3,2,6,0,0,1,0,0,0,0,325397.808131617490000,5743848.073016317600000,6.466709535000064,51.818153759000040,0,
05,5,54,048,2019,10,14,2,3,5,2,0,1,0,0,0,0,1,341274.510003038680000,5743483.732415784200000,6.697019557000033,51.819615215000056,0,
05,5,62,032,2019,10,12,2,3,3,7,0,0,1,0,0,0,0,373096.368368481290000,5721026.987774208200000,7.166624444000036,51.625935249000065,0,
05,5,15,000,2019,10,15,2,3,6,7,0,1,0,1,0,0,0,406274.032805736180000,5757400.590482574000000,7.635941147000040,51.959393294000051,0,
05,5,15,000,2019,10,17,2,3,3,7,0,0,1,0,0,1,0,406003.358189043590000,5755004.864343131000000,7.632658194000044,51.937813681000080,0,
05,5,15,000,2019,10,07,2,3,2,6,2,0,1,0,0,0,0,402698.144999999550000,5754857.315000005100000,7.584635542000058,51.935919328000068,0,
05,5,62,028,2019,10,09,2,3,5,3,0,0,1,0,0,0,0,379987.956720648330000,5722363.482068328200000,7.265678473000037,51.639458919000049,0,
05,5,62,004,2019,10,14,2,3,5,3,0,0,1,0,0,0,0,383130.319426510480000,5709598.612995773600000,7.315316951000057,51.525393859000076,0,
05,5,62,016,2019,10,15,2,2,9,1,0,1,1,0,0,0,0,378668.941992461680000,5733705.704338276800000,7.242682699000056,51.741110870000057,0,
05,5,62,024,2019,10,14,2,3,2,6,0,0,1,0,1,0,0,368678.007137561220000,5724711.561470747000000,7.101446691000035,51.658033174000082,0,
05,5,62,032,2019,10,17,2,2,0,1,0,0,0,0,1,0,0,371477.786385183220000,5721863.120036754800000,7.142947058000061,51.633082052000077,0,
05,5,70,028,2019,10,06,4,2,0,7,2,0,1,0,0,1,0,442126.656087239270000,5747807.963256293900000,8.159261990000061,51.878042696000080,1,
05,5,66,076,2019,10,11,4,2,4,7,0,0,1,0,0,0,0,394963.532533815130000,5797968.604743817800000,7.458855704000030,52.321977436000054,1,
05,5,66,076,2019,10,15,4,3,8,1,0,1,1,0,0,0,0,393511.546131870710000,5789059.098867934200000,7.440374356000064,52.241626254000039,1,
05,5,58,016,2019,10,14,4,2,8,1,0,0,0,0,1,0,0,386442.292200768370000,5744724.279563427000000,7.351610228000027,51.841770142000030,0,
05,5,54,020,2019,10,12,4,2,5,3,0,0,1,0,1,0,0,366467.913000001570000,5785769.535999998500000,7.045817426000042,52.206172880000054,0,
05,5,54,040,2019,10,14,4,3,5,2,0,0,1,0,0,0,0,349360.299768174070000,5739786.385711655000000,6.815850114000057,51.788633661000063,1,
05,5,54,008,2019,10,19,4,3,0,1,2,1,0,1,0,0,0,336044.006887518800000,5747520.153008192800000,6.619286011000042,51.854366260000063,1,
05,5,15,000,2019,10,17,4,3,2,7,0,0,1,0,0,0,0,409660.866675821130000,5758768.616149922800000,7.684857874000045,51.972250582000072,0,
05,5,15,000,2019,10,07,4,3,2,6,2,0,1,0,0,0,0,401515.334985093210000,5758999.068861734100000,7.566248924000036,51.972938225000064,1,
05,5,15,000,2019,10,17,4,3,6,1,1,1,0,1,0,0,0,405235.024948409760000,5759114.177136380200000,7.620351514000049,51.974619587000063,1,
05,5,15,000,2019,10,10,4,3,6,4,0,1,0,1,0,0,0,406609.351181931790000,5757157.998848687900000,7.640885731000026,51.957269184000040,0,
05,5,15,000,2019,10,21,4,3,4,6,2,1,0,0,0,0,0,409048.106337529610000,5758599.460422186200000,7.675984797000069,51.970630167000081,1,
05,5,15,000,2019,10,19,4,3,1,7,2,1,1,0,0,0,0,405719.610148339530000,5753810.636484479500000,7.628859128000045,51.927031378000038,1,
05,5,62,012,2019,10,06,4,2,5,2,2,0,1,0,0,0,0,364574.515385330650000,5732031.690443422600000,7.039317341000071,51.722839425000075,1,
05,5,13,000,2019,10,11,4,3,5,3,0,1,1,0,0,0,0,368975.659876937980000,5706971.187780590700000,7.112365952000062,51.498675121000076,0,
05,5,58,016,2019,10,04,2,2,8,7,2,0,1,0,0,0,0,384906.121699688020000,5748084.586503701300000,7.328202388000022,51.871655876000034,1,
05,5,70,028,2019,10,13,1,2,3,6,0,0,1,0,1,0,0,444211.076009874230000,5744616.331478958900000,8.190054964000069,51.849561514000072,0,
05,5,70,032,2019,10,15,1,2,5,3,0,0,1,0,1,0,0,416185.538999999870000,5770398.422000000300000,7.776970162000055,52.077811751000070,0,
05,5,66,092,2019,10,05,1,3,8,1,2,0,1,0,0,0,0,419579.226874116810000,5796377.449091345100000,7.820313314000032,52.311834387000033,0,
05,5,58,024,2019,10,18,1,3,8,1,1,0,1,0,0,0,0,385498.260452467020000,5739492.099723992900000,7.339642712000057,51.794553374000031,0,
05,5,58,024,2019,10,15,1,2,2,6,0,0,1,0,1,0,0,387725.429593306970000,5737440.688871486100000,7.372587809000038,51.776567505000060,0,
05,5,54,068,2019,10,17,1,2,8,1,0,0,1,0,0,0,0,354769.194156495850000,5770141.488683499400000,6.881408245000046,52.062803188000032,1,
05,5,54,056,2019,10,18,1,3,5,7,0,0,0,0,1,0,0,360397.727248791610000,5761469.400126533600000,6.966996273000063,51.986329258000069,0,
05,5,15,000,2019,10,13,1,3,2,6,0,0,1,0,0,0,0,399465.977456651630000,5752382.100116111300000,7.538359258000071,51.913097215000050,1,
05,5,15,000,2019,10,23,1,3,5,3,2,1,1,0,0,0,0,404073.369518542660000,5754981.207168038900000,7.604598714000076,51.937271678000059,1,
05,5,62,012,2019,10,17,1,2,5,3,1,0,1,0,1,0,0,359845.805946478620000,5739212.654343295800000,6.968005933000029,51.786203437000040,0,
05,5,62,024,2019,10,17,1,3,1,5,0,0,1,0,0,0,0,370519.106457350780000,5726225.580081347400000,7.127487485000074,51.672066300000040,0,
05,5,13,000,2019,10,23,1,3,8,3,2,0,1,0,0,0,0,366629.887999999340000,5712691.368000002600000,7.076425840000070,51.549531645000059,1,
05,5,13,000,2019,10,17,1,3,5,3,0,0,1,0,1,0,0,368065.858901162630000,5708786.380394300400000,7.098587323000061,51.514776213000061,0,
05,5,66,028,2019,10,14,1,3,2,2,0,0,1,0,0,0,0,412601.381759329700000,5793290.208334999200000,7.718783595000048,52.283019090000039,1,
05,5,66,076,2019,10,15,1,3,5,3,0,0,1,0,0,0,0,400153.884000000540000,5792936.118999999000000,7.536475419000055,52.277716439000073,1,
05,5,66,096,2019,10,17,1,3,5,4,0,0,1,1,0,0,0,384844.212824385610000,5785600.792605061100000,7.314667657000030,52.208802483000056,1,
05,5,66,008,2019,10,19,1,3,5,3,2,0,1,0,0,0,0,397020.972112032580000,5780443.128061499400000,7.494373588000030,52.164857677000043,1,
05,5,66,064,2019,10,06,1,3,9,7,2,0,1,0,0,0,0,398900.123057211750000,5771295.421672191500000,7.524556361000066,52.082987513000035,1,
05,5,54,056,2019,10,00,1,3,5,3,2,0,1,0,0,0,0,356841.876372795550000,5763119.532733561500000,6.914560655000059,52.000250790000052,1,
05,5,54,012,2019,10,12,1,3,0,2,0,1,1,0,0,0,0,347483.453482966870000,5744477.905925760000000,6.786594445000048,51.830276348000041,1,
05,5,62,036,2019,10,02,1,2,9,1,2,0,1,0,0,0,0,385013.772000000810000,5719819.603000000100000,7.339109421000046,51.617645167000035,1,
05,5,62,008,2019,10,15,1,2,5,2,0,0,1,0,0,0,0,385085.171749176460000,5723272.919945307100000,7.339006702000063,51.648697275000075,1,
05,5,12,000,2019,10,22,1,2,2,6,2,0,1,0,0,0,0,356359.734857924280000,5714316.720262393400000,6.927737830000069,51.561615819000053,1,
05,5,13,000,2019,10,17,1,2,2,1,1,0,1,0,0,0,0,365631.035789591260000,5714008.068505337500000,7.061525308000057,51.561127187000068,1,
05,5,70,044,2019,10,19,7,2,4,6,2,0,1,0,0,0,0,416313.299277607350000,5763146.924656188100000,7.780609514000048,52.012648469000055,1,
05,5,66,088,2019,10,14,7,3,8,1,0,0,1,0,0,0,0,422780.168263076800000,5783859.143272519100000,7.870120816000053,52.199769226000058,1,
05,5,66,064,2019,10,20,7,2,0,2,2,0,1,0,0,0,0,397595.134433335620000,5775066.895712683000000,7.504384882000068,52.116644681000082,1,
05,5,54,024,2019,10,11,7,3,5,3,0,1,1,0,0,0,0,369556.547579619100000,5775955.916479541000000,7.094761527000060,52.118730043000028,1,
05,5,54,060,2019,10,14,7,3,8,1,0,0,1,0,0,0,0,351439.038923741320000,5756526.229069817800000,6.838767858000040,51.939593416000037,1,
05,5,15,000,2019,10,05,7,2,0,1,2,1,0,0,0,0,0,406617.478367908860000,5757653.656010737600000,7.640869225000074,51.961725758000057,1,
05,5,62,024,2019,10,16,7,2,4,7,0,1,1,0,0,0,0,368711.701313857920000,5724740.773925207600000,7.101922557000023,51.658303564000050,1,
05,5,62,024,2019,10,13,7,3,2,6,0,0,1,0,0,0,0,371236.175863903950000,5724622.881615929300000,7.138442169000030,51.657828108000047,1,
05,5,13,000,2019,10,19,7,3,0,1,2,0,0,0,1,0,0,362819.427022538150000,5716055.767456814600000,7.020189961000028,51.578851499000052,1,
05,5,13,000,2019,10,15,7,3,2,6,0,0,1,0,0,0,0,368124.834319106300000,5706796.987015482000000,7.100180659000046,51.496911763000071,1,
05,5,13,000,2019,10,11,7,3,2,6,0,0,1,0,0,0,0,367290.173000001350000,5711578.173000002300000,7.086363115000040,51.539683448000062,1,
05,5,70,020,2019,10,16,6,3,0,1,0,1,0,0,0,0,0,425988.690000001340000,5743393.932000000000000,7.925807524000049,51.836453970000036,0,
05,5,70,028,2019,10,06,6,3,4,6,2,1,0,0,0,0,0,441113.006000000980000,5743121.530000001200000,8.145336897000050,51.835804710000048,1,
05,5,66,028,2019,10,14,6,3,1,6,0,0,1,0,0,0,0,411992.155153919940000,5790305.043566601400000,7.710633888000075,52.256090421000067,1,
05,5,66,076,2019,10,19,6,2,6,4,2,0,0,1,0,0,1,392869.897298996340000,5794053.627131726600000,7.429395066000041,52.286388453000029,0,
05,5,66,084,2019,10,13,6,2,1,6,0,0,1,0,0,0,0,387097.685855086890000,5780663.045144954700000,7.349277306000033,52.164893551000034,1,
05,5,66,004,2019,10,10,6,3,2,6,0,0,1,0,0,0,0,395438.039604945110000,5766263.787206482100000,7.475590611000030,52.037121699000068,1,
05,5,58,040,2019,10,17,6,3,8,1,1,0,1,0,0,0,0,371457.953999998980000,5762286.017000002800000,7.127661347000071,51.996336945000053,0,
05,5,58,016,2019,10,05,6,3,5,3,2,0,1,0,1,0,0,383730.466999431140000,5741668.411060277400000,7.313290336000023,51.813747986000067,1,
05,5,58,044,2019,10,07,6,3,7,7,1,0,1,0,0,0,0,397104.452638601880000,5749826.645037192900000,7.504800971000066,51.889697391000027,1,
05,5,54,020,2019,10,13,6,3,5,3,0,1,1,0,0,0,0,366419.027960534210000,5782574.784088589300000,7.046361674000025,52.177454815000033,1,
05,5,54,040,2019,10,20,6,3,9,1,2,0,1,0,0,0,1,351625.256923727690000,5738074.539805609700000,6.849396680000041,51.773858065000070,0,
05,5,54,028,2019,10,06,6,3,0,7,2,0,1,0,1,0,0,357664.731999999840000,5744469.979000002100000,6.934246768000037,51.832892065000067,1,
05,5,54,024,2019,10,10,6,3,8,7,0,0,1,0,0,0,0,371435.163216645830000,5777919.064874148000000,7.121442295000065,52.136810781000065,1,
05,5,54,056,2019,10,14,6,3,1,6,0,0,1,0,0,0,0,356045.343780824910000,5760924.290791684800000,6.903887166000061,51.980320719000076,1,
05,5,66,012,2019,10,15,6,3,2,6,0,0,1,0,0,0,0,402141.250856039110000,5762531.756104467400000,7.574349904000030,52.004801261000068,0,
05,5,15,000,2019,10,16,6,3,2,6,0,0,1,0,0,0,0,407416.312957215120000,5755080.087397109700000,7.653185604000043,51.938726715000030,0,
05,5,15,000,2019,10,11,6,2,6,2,0,1,0,1,0,0,0,406598.911134973170000,5751221.035294141600000,7.642345431000024,51.903902822000077,0,
05,5,62,004,2019,10,17,6,2,6,4,0,0,1,1,0,0,0,385172.001451320010000,5717300.891542255900000,7.342218771000034,51.595039807000035,0,
05,5,62,024,2019,10,15,6,3,1,2,0,0,1,0,0,0,0,368162.373487151230000,5724158.991370681700000,7.094204844000046,51.652946788000065,0,
05,5,12,000,2019,10,12,6,3,5,3,0,0,1,0,0,1,0,356710.372173359620000,5708464.964814404000000,6.935174384000050,51.509122173000037,1,
05,5,62,014,2019,10,14,6,3,2,6,0,0,1,0,0,0,0,360529.470352875070000,5714425.177702914900000,6.987810007000064,51.563636954000060,1,
05,5,62,032,2019,10,09,6,3,6,2,0,0,1,1,0,0,0,375955.567000001670000,5719277.821000002300000,7.208528507000040,51.610852795000028,0,
05,5,15,000,2019,10,08,5,3,0,6,0,0,1,0,0,1,0,400127.066100819040000,5757188.032127227600000,7.546572034000064,51.956412670000077,0,
05,5,70,040,2019,10,16,4,3,5,2,0,1,1,0,0,0,0,411159.529000001960000,5749515.484000003000000,7.709058271000060,51.889317838000068,0,
05,5,66,084,2019,10,18,4,3,2,6,1,0,1,0,1,0,0,389703.340537354350000,5775477.079930540200000,7.389040474000069,52.118813181000064,0,
05,5,58,004,2019,10,17,4,2,9,1,0,0,0,0,1,0,0,402121.679848218340000,5735364.061145423000000,7.581771612000068,51.760604603000047,0,
05,5,58,012,2019,10,13,4,2,1,6,0,0,1,0,1,0,0,375669.107666620980000,5759233.029075576000000,7.190073676000054,51.969860120000078,0,
05,5,54,028,2019,10,04,4,2,5,3,2,0,1,0,0,0,0,358949.528780270370000,5740581.065330920700000,6.954463946000033,51.798274129000049,1,
05,5,62,032,2019,10,20,4,2,2,6,2,0,1,0,0,0,0,373866.719087321310000,5721045.712528791300000,7.177740869000047,51.626276734000044,0,
05,5,62,020,2019,10,14,4,3,3,6,0,0,1,0,1,0,0,371738.430484998970000,5713076.641415324100000,7.149922820000029,51.554178478000040,0,
05,5,62,032,2019,10,09,4,3,6,2,0,0,1,1,0,0,0,375522.452185121360000,5720169.760542236300000,7.201959892000048,51.618773171000043,0,
05,5,13,000,2019,10,19,5,3,5,2,2,1,1,0,0,0,0,363104.041000000200000,5711100.058000000200000,7.026224189000061,51.534387227000082,0,
05,5,66,084,2019,10,21,3,3,0,7,2,0,1,0,1,0,0,391434.385271131990000,5772845.589196898000000,7.415151883000021,52.095505685000035,0,
05,5,58,036,2019,10,16,3,2,8,1,0,0,1,0,0,0,0,388282.297837603840000,5728063.279796278100000,7.383666252000069,51.692396860000031,0,
05,5,54,008,2019,10,17,3,3,4,3,0,1,1,0,0,0,0,334284.349956596270000,5745598.005027087400000,6.594680223000069,51.836579471000050,0,
05,5,54,008,2019,10,11,3,3,5,3,0,1,1,0,0,0,0,334708.936959537680000,5745717.198412181800000,6.600780214000054,51.837776033000068,0,
05,5,54,008,2019,10,06,3,3,2,6,2,0,1,0,0,0,0,334411.704155498180000,5743541.713663591100000,6.597510499000066,51.818144939000035,0,
05,5,54,008,2019,10,07,3,3,5,3,1,0,1,0,0,0,0,332318.508933331820000,5743329.804702471900000,6.567272654000021,51.815617279000037,0,
05,5,15,000,2019,10,08,3,3,5,2,0,1,0,0,0,1,0,405972.652820154090000,5752312.597434286000000,7.632947175000027,51.913609026000074,0,
05,5,15,000,2019,10,02,3,3,7,2,2,1,0,0,0,0,0,405610.230889315720000,5756973.465075174300000,7.626400722000028,51.955441814000039,0,
05,5,62,036,2019,10,09,3,3,5,2,0,0,1,0,1,0,0,389281.422072189860000,5720234.911400422500000,7.400594841000043,51.622233644000062,0,
05,5,62,012,2019,10,14,3,3,5,3,0,1,1,0,0,0,0,359320.546000001020000,5725833.866999998700000,6.965800714000068,51.665853944000048,0,
05,5,62,032,2019,10,06,3,3,8,1,2,1,0,0,0,0,0,376199.937076397240000,5715605.565690757700000,7.213351603000035,51.577903277000075,0,
05,5,13,000,2019,10,18,5,3,5,3,1,1,1,0,0,0,0,366595.138000001200000,5709453.484000004800000,7.077151795000020,51.520425854000052,0,
05,5,62,032,2019,10,12,5,3,3,6,0,0,1,0,0,0,0,375347.490235025990000,5719888.021191362300000,7.199534189000076,51.616202429000055,0,
05,5,54,036,2019,10,02,3,3,8,7,2,0,0,0,0,1,0,368247.688341636210000,5771446.247210687000000,7.077399729000035,52.077896998000028,0,
05,5,70,008,2019,10,18,2,2,8,1,1,0,0,0,0,0,1,435420.673651185820000,5738113.761880002900000,8.063665496000056,51.790155419000030,0,
05,5,66,092,2019,10,08,2,3,2,6,1,0,1,0,0,0,0,424274.507077666000000,5796535.989125344900000,7.889137894000044,52.313927147000072,0,
05,5,66,076,2019,10,07,2,3,2,6,1,0,1,0,0,0,0,392667.867000000550000,5793214.147000003600000,7.426701656000034,52.278804514000058,1,
05,5,54,052,2019,10,06,2,3,7,7,2,0,0,0,1,0,0,377050.309710162690000,5774119.935342479500000,7.204817357000025,52.103948505000062,1,
05,5,54,008,2019,10,19,2,3,5,2,2,1,1,0,0,0,0,334642.134999999780000,5745677.240000000200000,6.599830590000067,51.837397300000077,0,
05,5,54,056,2019,10,07,2,3,9,1,1,0,1,0,0,0,0,359186.978529794140000,5765421.906368969000000,6.947752219000051,52.021537685000055,1,
05,5,62,024,2019,10,21,2,2,8,1,2,0,1,0,0,0,0,371329.998482468540000,5728477.492576038500000,7.138377651000042,51.692489869000042,1,
05,5,15,000,2019,10,12,2,3,2,6,0,0,1,0,0,0,0,401173.928718335930000,5761888.611508699100000,7.560447795000073,51.998849238000048,0,
05,5,15,000,2019,10,14,2,3,5,3,0,1,1,0,0,0,0,405092.451772007160000,5759105.851800264800000,7.618278797000073,51.974520425000037,0,
05,5,62,004,2019,10,18,2,3,0,7,0,0,0,0,0,0,1,384910.938886863180000,5717010.913959410000000,7.338546608000058,51.592380271000081,0,
05,5,62,004,2019,10,06,2,3,4,2,2,0,1,0,0,0,0,383344.986867970790000,5719270.497773336200000,7.315198987000031,51.612366611000027,1,
05,5,12,000,2019,10,18,2,2,5,3,2,0,1,0,1,0,0,354131.016869134270000,5711342.743977634200000,6.896840835000035,51.534320906000062,1,
05,5,62,020,2019,10,15,2,3,2,6,0,0,1,0,0,0,0,367082.225999999790000,5719622.300000002600000,7.080322403000025,51.611923610000076,0,
05,5,13,000,2019,10,13,2,3,2,6,0,0,1,0,0,0,0,362451.219430604950000,5711395.989472925700000,7.016702198000075,51.536887875000048,0,
05,5,13,000,2019,10,20,2,3,0,2,2,1,1,0,0,0,0,366830.503000000490000,5710719.913000002500000,7.080063444000075,51.531862331000070,0,
05,5,13,000,2019,10,17,5,3,5,2,0,1,1,0,0,0,0,364722.029979733750000,5715451.332611966900000,7.047864119000053,51.573879649000048,0,
05,5,62,012,2019,10,12,2,3,5,3,0,1,1,0,0,0,0,359099.414978004990000,5726750.779227921700000,6.962235570000075,51.674037707000082,0,
05,5,13,000,2019,10,19,2,2,5,2,2,0,1,0,0,0,0,367445.054142916580000,5708572.238101894000000,7.089726250000069,51.512706460000061,0,
05,5,13,000,2019,10,16,2,3,2,6,0,0,1,0,0,0,0,363865.053000002170000,5708857.479000002100000,7.038056148000067,51.514418510000041,0,
05,5,58,004,2019,10,23,2,2,0,7,2,0,1,0,0,1,0,404538.190809329040000,5741688.647914260600000,7.615034645000037,51.817871306000029,0,
05,5,54,060,2019,10,14,1,2,5,3,0,0,1,0,1,0,0,352498.433190317820000,5755690.345598081100000,6.854526376000024,51.932365033000053,0,
05,5,15,000,2019,10,07,1,3,0,3,0,1,1,0,0,0,0,404125.007018477660000,5748865.765519291200000,7.607051562000038,51.882312332000026,1,
05,5,62,016,2019,10,12,1,3,5,3,0,0,1,0,0,0,0,373766.002457800320000,5733590.234456274700000,7.171750331000055,51.738990214000069,0,
05,5,62,032,2019,10,16,1,3,3,6,0,0,1,0,0,0,1,375120.579039897770000,5719433.383502133200000,7.196420455000066,51.612066264000077,0,
05,5,15,000,2019,10,18,2,3,5,3,2,1,1,0,0,0,0,405447.854729336690000,5755196.332186412100000,7.624527316000069,51.939440567000076,0,
05,5,62,024,2019,10,15,2,3,2,6,0,0,1,0,0,0,0,364543.039694053120000,5724399.847308248300000,7.041824291000069,51.654250757000057,0,
05,5,66,048,2019,10,13,7,3,5,2,0,0,1,0,0,0,0,424574.418466847390000,5791341.229763990300000,7.894699506000052,52.267273589000069,0,
05,5,66,028,2019,10,11,7,1,6,4,0,0,1,1,0,0,0,415659.902152864260000,5789492.261345395800000,7.764557682000032,52.249359266000056,0,
05,5,54,016,2019,10,13,7,2,8,7,0,0,1,0,0,0,0,364846.780159653160000,5761422.619083488400000,7.031763487000035,51.987009133000072,0,
05,5,54,032,2019,10,12,7,3,5,2,0,1,1,0,0,0,0,322514.159107163550000,5747312.424083732100000,6.423139563000063,51.848362746000078,0,
05,5,15,000,2019,10,17,7,3,2,6,0,0,1,0,0,0,0,406077.338953915050000,5756742.312461663000000,7.633259362000047,51.953443195000034,0,
05,5,62,016,2019,10,16,7,2,3,6,0,0,0,0,1,0,0,380440.597519240340000,5733480.259328402600000,7.268407491000062,51.739465523000035,0,
05,5,12,000,2019,10,17,7,3,5,2,0,0,1,0,1,0,0,355714.334451398810000,5712221.640681520100000,6.919292801000040,51.542625306000048,0,
05,5,13,000,2019,10,10,7,3,2,6,0,0,1,0,0,0,0,366305.711431205270000,5711263.242628295000000,7.072295690000033,51.536620984000081,0,
05,5,15,000,2019,10,15,2,3,2,1,0,0,0,0,1,0,1,408233.442495159800000,5760653.320719774800000,7.663579617000039,51.988957467000034,1,
05,5,15,000,2019,10,12,2,3,5,7,0,0,0,0,1,0,1,406354.197467136200000,5757349.304521724600000,7.637121463000028,51.958945819000064,0,
05,5,13,000,2019,10,08,2,3,5,3,0,1,1,0,0,0,0,369055.960322078320000,5708137.158069076000000,7.113089278000075,51.509172119000027,0,
05,5,15,000,2019,10,12,2,3,3,7,0,1,1,0,0,0,0,404643.797761144120000,5756657.297323111400000,7.612428957000077,51.952435097000034,0,
05,5,70,048,2019,10,12,6,3,5,3,0,1,1,0,0,0,0,452304.347000001000000,5729542.644999999600000,8.309614938000038,51.714789710000048,0,
05,5,66,072,2019,10,18,6,3,2,6,2,0,1,0,0,0,0,409858.288638433440000,5803259.894110979500000,7.675909739000076,52.372184166000068,0,
05,5,66,076,2019,10,19,6,3,5,3,2,0,1,0,0,0,0,395673.659676276150000,5794846.185532154500000,7.470238759000040,52.294050830000060,0,
05,5,66,076,2019,10,08,6,2,2,6,0,0,1,0,0,1,0,393552.257125779990000,5794084.425961533600000,7.439385191000042,52.286797842000055,0,
05,5,54,020,2019,10,16,6,3,5,3,0,0,1,0,0,0,0,362357.486143838610000,5786862.447626818000000,6.985258501000033,52.214981639000030,0,
05,5,54,008,2019,10,16,6,3,2,6,0,0,1,0,0,0,0,334909.511978671890000,5745876.129840698100000,6.603612998000074,51.839263090000031,0,
05,5,13,000,2019,10,16,6,2,2,1,0,0,1,0,0,0,0,366134.676929736510000,5709591.474609186900000,7.070466498000030,51.521556978000035,0,
05,5,15,000,2019,10,09,6,3,0,7,0,1,1,0,0,0,0,403694.536981939340000,5759591.298144228800000,7.597797417000038,51.978643265000073,0,
05,5,62,024,2019,10,14,6,3,5,3,0,0,1,0,0,0,0,373094.033782158050000,5724103.235797507700000,7.165475172000072,51.653580663000071,0,
05,5,62,014,2019,10,09,6,2,5,3,0,0,1,0,1,0,0,358377.681035891180000,5716296.156143615000000,6.956032314000026,51.579913131000069,0,
05,5,62,012,2019,10,15,2,3,2,2,0,0,1,0,0,0,0,358566.714180006650000,5727843.471634324600000,6.954094108000049,51.683722467000052,0,
05,5,13,000,2019,10,14,6,3,1,6,0,0,1,0,0,0,0,366278.709474057890000,5709674.627352563700000,7.072509760000060,51.522338357000081,0,
05,5,62,032,2019,10,12,2,3,0,5,0,0,0,0,0,1,1,375499.641266523860000,5719672.066252583600000,7.201807394000070,51.614295290000030,0,
05,5,15,000,2019,10,17,2,3,6,7,1,0,1,1,0,0,0,408701.625347794030000,5753414.396709425400000,7.672319566000056,51.923966788000030,0,
05,5,70,044,2019,10,13,5,3,0,7,0,1,0,1,0,0,0,416842.772462487220000,5759939.189392961600000,7.789100854000026,51.983893889000058,0,
05,5,70,012,2019,10,16,5,2,4,2,0,0,1,0,1,0,0,440138.960500099700000,5752908.717594759500000,8.129503964000037,51.923689011000079,0,
05,5,66,040,2019,10,17,5,2,5,7,0,0,1,0,1,0,0,421470.830599604170000,5782840.569181582000000,7.851202832000070,52.190428447000045,0,
05,5,66,076,2019,10,16,5,2,2,2,0,1,1,0,0,0,0,398255.124944304120000,5792508.164098966900000,7.508783028000039,52.273522054000068,0,
05,5,66,012,2019,10,13,5,3,2,6,0,0,1,0,0,1,0,406858.622105998920000,5771579.244385188400000,7.640587659000062,52.086934901000063,0,