ULAND,UREGBEZ,UKREIS,UGEMEINDE,UJAHR,UMONAT,USTUNDE,UWOCHENTAG,UKATEGORIE,UART,UTYP1,ULICHTVERH,IstRad,IstPKW,IstFuss,IstKrad,IstGkfz,IstSonstige,LINREFX,LINREFY,XGCSWGS84,YGCSWGS84,STRZUSTAND,UIDENTSTLAE
05,5,66,008,2019,10,13,5,2,5,2,0,0,1,0,0,0,0,398397.783750586210000,5777185.582159640300000,7.515470462000053,52.135834972000055,0,
05,5,62,028,2019,10,13,5,2,1,5,0,1,1,0,0,0,0,379761.700653054750000,5722579.381720887500000,7.262336229000027,51.641350966000061,0,
05,5,62,024,2019,10,13,5,3,2,6,0,0,1,0,0,1,0,368578.729447805320000,5722699.242614822500000,7.100768361000064,51.639926161000062,0,
05,5,15,000,2019,10,16,2,3,5,2,0,1,1,0,0,0,0,406259.276255899110000,5757409.923976937300000,7.635723904000031,51.959474700000044,0,
05,5,62,024,2019,10,07,5,3,2,6,1,0,1,0,0,0,0,364289.247670266780000,5724441.511419747000000,7.038141599000028,51.654563948000032,1,
05,5,12,000,2019,10,06,5,3,5,2,2,1,1,0,0,0,0,355342.923537134190000,5714596.710305403900000,6.912963765000029,51.563871846000040,0,
05,5,62,014,2019,10,09,5,3,5,3,0,0,1,0,0,0,0,357351.394000001250000,5713992.411000002200000,6.942165868000075,51.558953309000060,0,
05,5,54,004,2019,10,10,3,3,5,3,0,1,1,0,0,0,0,362595.690000001340000,5771706.660000000100000,6.994871387000046,52.078863218000038,0,
05,5,70,024,2019,10,17,4,3,4,6,2,0,1,0,0,0,0,417317.956603999250000,5753683.368314707700000,7.797524110000040,51.927730979000046,0,
05,5,62,024,2019,10,15,3,3,2,6,0,0,1,0,0,0,0,368939.570198211820000,5724805.147125035500000,7.105190854000057,51.658935238000026,0,
05,5,66,008,2019,10,22,4,3,0,7,2,1,0,0,0,0,0,399645.257453440690000,5781949.538399023900000,7.532283117000077,52.178880288000073,0,
05,5,13,000,2019,10,23,5,3,0,6,2,0,1,0,0,0,0,369337.569674702360000,5714901.239904500500000,7.114633989000026,51.570024764000038,0,
05,5,13,000,2019,10,15,3,3,0,6,0,0,0,0,0,0,1,363082.716422135940000,5711144.815340483600000,7.025899522000032,51.534784260000038,0,
05,5,54,028,2019,10,20,4,3,5,2,2,0,1,0,0,0,0,357683.709649406370000,5744461.961355002600000,6.934525300000075,51.832824859000027,0,
05,5,62,032,2019,10,16,4,3,5,3,0,1,1,0,0,0,0,376196.079368258830000,5715576.229447484000000,7.213306300000056,51.577638778000050,0,
05,5,15,000,2019,10,18,4,3,2,6,2,0,1,0,0,0,0,405575.798215247690000,5754350.009920850400000,7.626620281000044,51.931855151000036,0,
05,5,66,012,2019,10,12,3,3,5,2,0,1,1,0,0,0,0,401158.569048573260000,5775559.254123119600000,7.556267365000053,52.121718472000055,0,
05,5,62,032,2019,10,08,3,3,3,6,0,0,1,0,1,0,0,375027.376226320860000,5719497.021261226400000,7.195052396000051,51.612617500000056,0,
05,5,54,020,2019,10,14,4,3,0,1,0,1,0,0,0,0,0,365681.083965668450000,5782367.175643675000000,7.035658209000076,52.175410214000067,0,
05,5,15,000,2019,10,11,3,3,3,6,0,0,1,0,0,0,0,406331.104000001210000,5758856.545000001800000,7.636374322000052,51.972489705000044,0,
05,5,70,012,2019,10,13,4,2,5,2,0,0,1,0,1,0,0,438983.065643096340000,5752762.650731097900000,8.112723052000035,51.922250381000026,0,
05,5,13,000,2019,10,21,3,3,5,7,2,0,1,0,1,0,0,368564.163810450580000,5715709.517422746900000,7.103178442000058,51.577108740000028,0,
05,5,66,048,2019,10,13,4,3,2,6,0,0,1,0,0,1,1,426822.231539030560000,5791502.432709502100000,7.927598059000047,52.269026354000061,0,
05,5,66,040,2019,10,20,4,2,2,6,2,0,1,0,0,1,0,419815.663999999870000,5784739.070000004000000,7.826545570000064,52.207255434000047,0,
05,5,62,028,2019,10,19,4,3,5,3,2,0,1,0,1,0,0,381168.650474680590000,5721979.865723229900000,7.282862904000069,51.636261878000028,0,
05,5,54,020,2019,10,15,3,3,2,6,0,0,1,0,0,0,0,366236.210000001830000,5787482.684000000400000,7.041751669000064,52.221509977000039,0,
05,5,70,008,2019,10,16,4,2,5,2,0,1,1,0,0,0,0,433884.724554330110000,5734730.296318411800000,8.042043422000063,51.759558475000063,0,
05,5,62,036,2019,10,12,3,3,5,3,0,1,1,0,0,0,0,388412.903588427230000,5718313.870912673000000,7.388665464000042,51.604795804000048,0,
05,5,66,084,2019,10,13,4,2,5,3,0,1,0,0,0,0,0,390051.751701611090000,5775794.235921001100000,7.394024628000068,52.121732935000068,0,
05,5,15,000,2019,10,17,4,3,2,6,1,0,1,0,0,0,1,405595.390099565500000,5754324.634133108000000,7.626912115000039,51.931630384000073,0,
05,5,13,000,2019,10,14,3,1,5,2,0,1,0,0,0,1,0,365995.325479310010000,5716469.184882963100000,7.065838777000067,51.583330656000044,0,
05,5,54,020,2019,10,08,4,3,5,2,0,1,1,0,0,0,0,365876.274635487240000,5782612.412876782900000,7.038413988000059,52.177661253000053,0,
05,5,62,020,2019,10,12,4,3,2,6,0,0,1,0,0,0,0,370211.609691661780000,5717559.637277709300000,7.126255840000056,51.594117098000027,0,
05,5,54,028,2019,10,03,3,3,8,1,2,0,0,0,0,1,0,362503.933456500990000,5744956.344452573000000,7.004239447000032,51.838474582000060,0,
05,5,58,016,2019,10,20,3,2,9,1,2,0,1,0,0,0,0,378380.189954415900000,5743510.437867496200000,7.235066356000061,51.829163687000062,0,
05,5,54,004,2019,10,12,3,2,9,1,0,0,1,0,0,0,0,360100.894688650970000,5766733.725618466700000,6.960526394000056,52.033555859000046,0,
05,5,70,012,2019,10,15,4,2,5,3,0,0,1,0,1,0,0,439388.964000001550000,5753687.337000003100000,8.118461807000074,51.930607654000028,0,
05,5,66,060,2019,10,13,3,3,4,2,0,0,1,0,0,0,0,391251.408692947590000,5784733.749299518800000,7.408676598000056,52.202311831000031,0,
05,5,62,032,2019,10,21,3,2,5,3,2,0,1,0,0,0,0,374297.690250588580000,5714788.562415108100000,7.186205952000023,51.570139782000069,0,
05,5,58,020,2019,10,11,4,3,0,7,0,1,0,0,0,0,0,390750.797440102320000,5759180.705698087800000,7.409541785000045,51.972558960000072,0,
05,5,13,000,2019,10,18,3,3,0,5,2,0,1,0,0,1,0,368602.580962895420000,5710023.403770405800000,7.105856642000049,51.526018157000067,0,
05,5,54,040,2019,10,13,4,3,5,2,0,1,1,0,0,0,0,351260.262764086950000,5739635.800794560500000,6.843441357000074,51.787789010000040,0,
05,5,62,028,2019,10,16,4,3,2,2,0,0,1,0,0,0,0,376269.356601054780000,5725047.026164477700000,7.211018483000032,51.662770469000066,0,
05,5,54,012,2019,10,06,5,3,8,1,2,0,1,0,0,0,0,355195.263923486690000,5748406.011279173200000,6.896783910000067,51.867623130000027,2,
05,5,54,048,2019,10,21,5,3,0,6,2,0,1,0,0,0,1,344641.577070837840000,5748964.651155360000000,6.743369611000048,51.869803171000058,0,
05,5,54,008,2019,10,15,5,3,0,7,0,1,0,0,0,0,0,333844.053361989560000,5745558.432591760500000,6.588314536000041,51.836093178000056,0,
05,5,54,008,2019,10,17,5,3,3,6,1,0,1,0,0,1,0,337416.178705502300000,5744349.097466636400000,6.640682558000037,51.826280223000026,0,
05,5,54,024,2019,10,15,5,3,9,1,0,0,1,0,0,0,0,370971.095468935560000,5779039.351299552200000,7.114240147000032,52.146769353000082,0,
05,5,54,016,2019,10,16,5,3,5,3,1,1,0,0,0,0,1,363031.752916764470000,5759009.886926755300000,7.006311321000055,51.964884872000027,0,
05,5,58,004,2019,10,13,5,3,2,6,0,0,1,0,0,0,0,403980.909636794590000,5742417.391326634200000,7.606750077000072,51.824326196000072,0,
05,5,62,032,2019,10,06,4,3,8,1,2,0,1,0,0,0,0,375075.063953548670000,5719974.615102423400000,7.195570525000051,51.616920262000065,0,
05,5,15,000,2019,10,20,5,3,0,7,2,0,0,0,0,0,1,403848.489563697020000,5759437.871035300200000,7.600081227000032,51.977290878000076,0,
05,5,62,036,2019,10,07,5,3,2,6,0,0,1,0,0,0,0,386652.773612721820000,5718229.121174959500000,7.363287395000043,51.603682547000062,0,
05,5,62,004,2019,10,09,3,3,2,6,0,0,1,0,0,0,1,388006.390121630390000,5716093.341216431900000,7.383506660000023,51.584756986000059,0,
05,5,62,004,2019,10,16,5,2,5,2,1,0,1,0,0,0,0,382628.322208755650000,5712007.115036133700000,7.307281031000059,51.546936752000079,0,
05,5,62,024,2019,10,12,5,3,6,7,0,1,0,1,0,0,0,369276.146132734600000,5724886.981010736900000,7.110023449000039,51.659749028000078,0,
05,5,70,020,2019,10,07,2,3,4,2,1,0,1,0,0,1,0,425907.511440040540000,5742789.038876904200000,7.924759057000074,51.831005441000059,0,
05,5,62,032,2019,10,16,5,3,1,7,0,0,1,0,0,0,0,376424.959291683510000,5720045.501216251400000,7.215033317000064,51.617855303000056,0,
05,5,58,012,2019,10,08,3,3,5,2,0,1,1,0,0,0,0,373644.656844696030000,5756444.976755149700000,7.161644698000032,51.944349083000077,0,
05,5,13,000,2019,10,14,5,2,5,2,0,1,1,0,0,0,0,365042.583999999800000,5716332.833000002400000,7.052148283000065,51.581877999000028,0,
05,5,70,028,2019,10,05,4,2,2,2,2,0,1,0,0,1,0,441727.653343122450000,5737893.039545066700000,8.155136053000035,51.788863656000046,0,
05,5,13,000,2019,10,15,5,3,2,6,0,0,1,0,0,0,0,364461.435999999750000,5709808.879000002500000,7.046279779000031,51.523111627000048,0,
05,5,70,048,2019,10,17,2,3,8,6,1,0,1,0,0,0,1,446876.476813178510000,5733875.362281374600000,8.230393465000077,51.753255408000030,0,
05,5,66,092,2019,10,18,2,3,2,1,2,0,1,0,0,0,1,425450.443673389030000,5796692.663853783200000,7.906350253000028,52.315496414000052,1,
05,5,13,000,2019,10,16,3,3,5,2,1,0,1,0,1,0,0,367138.079278896560000,5714957.802524786400000,7.082894482000029,51.570019077000040,0,
05,5,66,008,2019,10,07,2,3,5,2,1,1,1,0,0,0,0,398265.137049245650000,5781110.434672778500000,7.512357433000034,52.171085931000050,0,
05,5,15,000,2019,10,18,3,3,2,6,2,0,1,0,0,0,0,405629.993666001600000,5754177.185378503100000,7.627455699000052,51.930310912000039,0,
05,5,66,044,2019,10,06,4,2,3,2,1,1,1,0,0,0,0,424165.864222005010000,5774525.116292441300000,7.892476799000065,52.116057732000058,0,
05,5,58,020,2019,10,06,2,3,6,2,2,0,1,1,0,0,0,391152.402302807200000,5759283.060807231800000,7.415353499000048,51.973557682000035,0,
05,5,54,020,2019,10,15,2,3,2,2,0,1,1,0,0,0,0,364627.200000001120000,5787188.016000000800000,7.018329479000045,52.218469264000078,0,
05,5,13,000,2019,10,17,4,3,2,6,1,0,1,0,0,0,0,364526.172893185170000,5708873.204373687500000,7.047572039000045,51.514718745000039,0,
05,5,54,020,2019,10,15,4,1,5,3,0,1,1,0,0,0,0,363452.590000000780000,5785143.254000002500000,7.001970764000021,52.199806871000078,0,
05,5,54,060,2019,10,07,2,2,4,6,0,0,1,0,0,0,0,351163.197240404780000,5755572.884022038400000,6.835170514000026,51.930954251000060,0,
05,5,54,012,2019,10,15,2,3,6,4,0,0,1,1,0,0,0,352814.501862987880000,5746312.074884869200000,6.863122137000062,51.848186282000029,0,
05,5,62,004,2019,10,11,4,3,5,3,0,1,1,0,0,0,0,382779.661958461630000,5713982.642107935600000,7.308804074000022,51.564723700000059,0,
05,5,54,008,2019,10,06,2,2,5,3,1,1,1,0,0,0,0,332004.632002831440000,5743943.669268272800000,6.562425642000051,51.821037437000030,0,
05,5,54,016,2019,10,16,2,2,6,2,0,0,1,1,0,0,0,364920.624082609080000,5751269.130039576400000,7.036826436000069,51.895790325000064,0,
05,5,70,004,2019,10,08,3,3,5,3,0,1,1,0,0,0,0,422755.187401864680000,5735270.329073267100000,7.880696223000030,51.762988572000040,0,
05,5,13,000,2019,11,17,2,3,2,6,2,0,1,0,0,0,0,368142.019884772600000,5711092.884273447100000,7.098820971000066,51.535521937000055,1,
05,5,15,000,2019,11,12,2,2,3,6,0,0,1,0,0,1,0,404952.774084053930000,5767529.781120821800000,7.613907861000030,52.050213446000043,0,
05,5,70,044,2019,11,12,1,3,5,3,0,0,1,0,0,0,0,417507.823993446310000,5760555.412317493900000,7.798634511000046,51.989532272000076,0,
05,5,70,052,2019,11,20,1,2,5,3,2,0,1,0,0,0,0,423182.057000000960000,5747040.492000000600000,7.884270072000049,51.868855637000081,1,
05,5,66,012,2019,11,23,1,3,8,1,2,0,1,0,0,0,0,402938.389437955800000,5768565.582413595200000,7.584246996000047,52.059174240000061,1,
05,5,58,024,2019,11,14,1,2,0,6,0,1,0,0,0,0,0,394392.312058493490000,5734718.729316499100000,7.470012895000025,51.753399981000030,0,
05,5,66,028,2019,11,07,1,3,3,6,0,0,1,0,0,1,0,410608.617365733720000,5790994.524994628500000,7.690187362000074,52.262064558000077,1,
05,5,62,014,2019,11,16,1,3,2,6,1,0,1,0,0,0,0,356670.195505687970000,5715430.588685127000000,6.931759357000033,51.571703757000080,0,
05,5,62,024,2019,11,19,1,3,2,6,2,0,1,0,0,0,0,369928.521895668470000,5727469.976706139700000,7.118488054000068,51.683112770000037,1,
05,5,62,032,2019,11,17,1,3,6,2,2,0,1,1,0,0,0,373978.431107893590000,5719181.295135710400000,7.180024454000034,51.609546237000075,1,
05,5,13,000,2019,11,12,1,2,6,4,0,0,0,1,0,0,1,366520.343000002210000,5708074.252000002200000,7.076596643000073,51.508013531000074,0,
05,5,66,028,2019,11,13,7,3,5,3,0,1,1,0,0,0,0,411308.478000001050000,5792452.125000003700000,7.700056042000028,52.275279102000070,1,
05,5,66,092,2019,11,09,7,2,9,1,0,0,1,0,0,0,0,424107.889936537480000,5794928.089085139300000,7.887056708000046,52.299451063000049,1,
05,5,66,008,2019,11,11,7,3,2,6,0,0,1,0,0,0,0,400951.493510098200000,5779479.829862093600000,7.552101368000024,52.156919048000077,0,
05,5,58,044,2019,11,12,7,3,3,3,0,1,1,0,0,0,0,394220.615524251010000,5745920.421014385300000,7.464108067000041,51.854048768000041,0,
05,5,58,012,2019,11,18,7,3,4,6,2,1,0,0,0,0,0,375879.594550853600000,5755214.234800923600000,7.194587564000074,51.933792021000045,0,
05,5,66,028,2019,11,11,7,2,8,7,0,0,0,0,0,1,0,409099.293045639990000,5791622.514613965500000,7.667909153000039,52.267461637000054,0,
05,5,15,000,2019,11,19,7,2,0,7,2,0,1,0,0,0,0,401008.837454855440000,5760642.833856243600000,7.558403522000049,51.987622631000079,0,
05,5,15,000,2019,11,16,7,3,5,2,0,1,0,0,0,0,1,405019.897000000810000,5757700.724000001300000,7.617611551000039,51.961878196000043,0,
05,5,62,024,2019,11,23,7,2,5,2,2,0,1,0,0,0,0,370519.831659428780000,5725502.447640508400000,7.127765969000052,51.665567920000058,0,
05,5,62,020,2019,11,20,7,3,2,2,2,0,1,0,0,0,0,372433.113144027070000,5718419.266140135000000,7.157996897000032,51.602349949000029,0,
05,5,13,000,2019,11,19,7,3,1,6,2,0,1,0,0,0,0,368457.364000000060000,5707839.506999999300000,7.104579571000045,51.506358159000058,1,
05,5,54,028,2019,11,18,7,3,2,7,2,0,1,0,0,0,0,362669.391805943100000,5746214.999563109100000,7.006139712000049,51.849825254000052,0,
05,5,70,020,2019,11,18,6,3,5,3,2,0,1,0,0,0,0,434939.342594415880000,5750411.625013731400000,8.054373756000075,51.900657104000061,1,
05,5,70,008,2019,11,23,6,3,5,3,2,0,1,0,0,0,0,432605.209999999960000,5739185.037000002300000,8.022642223000048,51.799454016000027,1,
05,5,70,008,2019,11,03,6,2,8,1,2,0,1,0,0,0,0,429607.523040011530000,5735811.652932988500000,7.979861418000041,51.768758432000027,0,
05,5,70,036,2019,11,13,6,3,5,2,0,0,1,0,0,0,0,434012.384000000540000,5762182.927999999400000,8.038642300000049,52.006369353000082,1,
05,5,70,052,2019,11,13,6,3,8,1,0,0,1,0,0,0,0,427631.800329200920000,5751071.590934619300000,7.948041816000057,51.905688719000068,1,
05,5,66,028,2019,11,19,6,3,2,7,2,0,1,0,0,0,0,411784.063987194560000,5792311.814745588200000,7.707061437000050,52.274094478000052,1,
05,5,58,028,2019,11,11,6,2,2,6,0,0,0,0,1,0,0,396804.784007194450000,5731558.192348109600000,7.505887935000033,51.725441793000073,0,
05,5,54,020,2019,11,14,6,3,8,1,0,0,0,0,1,0,0,367364.109252673570000,5788757.395750997600000,7.057753429000059,52.233236551000061,1,
05,5,15,000,2019,11,16,6,3,2,6,1,0,1,0,0,0,1,398639.770029394890000,5752087.573648251600000,7.526438160000055,51.910300225000071,1,
05,5,70,028,2019,11,09,3,2,9,1,0,0,1,0,0,0,0,439176.468499944550000,5739637.374696601200000,8.117846258000043,51.804274012000064,1,
05,5,62,020,2019,11,13,6,3,5,3,0,1,1,0,0,0,0,368518.902999999930000,5718711.982000002600000,7.101400797000053,51.604080283000030,1,
05,5,62,020,2019,11,13,6,3,5,3,0,1,0,0,0,0,1,372086.337035921400000,5719969.844139721200000,7.152426655000056,51.616206156000032,1,
05,5,62,032,2019,11,13,6,3,1,7,0,0,1,1,0,0,0,376055.408333389090000,5714521.848745681300000,7.211649248000072,51.568131902000061,1,
05,5,66,048,2019,11,17,3,3,2,6,2,0,1,0,0,0,1,427262.101941678670000,5791385.047135941700000,7.934068346000061,52.268029538000064,1,
05,5,58,016,2019,11,11,3,2,9,1,0,0,1,0,0,0,0,379816.278088203630000,5745098.789042793200000,7.255344484000034,51.843749064000065,1,
05,5,70,020,2019,11,07,2,2,4,2,1,0,1,0,0,0,0,425906.911000002180000,5742784.076000005000000,7.924751408000077,51.830960747000063,1,
05,5,70,004,2019,11,12,2,2,5,3,0,0,1,0,0,0,0,419659.339456004090000,5734111.537564167800000,7.836113989000069,51.752135997000039,0,
05,5,70,044,2019,11,14,2,3,1,6,0,0,1,0,0,0,0,414946.316490033640000,5759678.025074575100000,7.761557142000072,51.981259195000064,0,
05,5,66,040,2019,11,07,2,3,0,7,1,1,0,0,0,0,0,425676.530572167600000,5780304.058307675600000,7.913271272000031,52.168210492000071,1,
05,5,66,084,2019,11,16,2,2,3,2,1,1,1,0,0,0,0,390689.491666736080000,5774140.634077373900000,7.403866911000023,52.106998007000072,0,
05,5,58,008,2019,11,06,2,2,5,3,1,0,1,0,1,0,0,381611.825733976440000,5760391.703540965900000,7.276140734000023,51.981570578000060,1,
05,5,54,020,2019,11,19,2,3,6,4,2,0,1,1,0,0,0,364377.797000001180000,5787469.417000003200000,7.014568145000055,52.220936375000065,1,
05,5,54,016,2019,11,07,2,3,9,1,2,0,1,0,0,0,0,365306.598463987000000,5751253.665037691600000,7.042438488000073,51.895744774000036,1,
05,5,54,008,2019,11,18,2,3,2,6,2,0,1,0,0,0,0,339069.225576147440000,5744468.117757422800000,6.664593626000055,51.827828032000070,1,
05,5,54,048,2019,11,16,2,3,4,1,0,0,1,0,0,0,0,340792.281325825490000,5742938.266721041900000,6.690279626000063,51.814577627000062,1,
05,5,54,016,2019,11,17,2,3,5,3,2,1,1,0,0,0,0,362179.175999999980000,5757705.470000000700000,6.994432832000030,51.952953326000056,1,
05,5,54,032,2019,11,14,2,3,5,2,0,0,0,0,1,1,0,328056.409018133770000,5744473.889804426600000,6.504932510000060,51.824599488000047,0,
05,5,15,000,2019,11,10,2,3,5,3,0,1,1,0,0,0,0,407027.621319204570000,5760009.587302869200000,7.646198694000077,51.982970760000057,1,
05,5,62,012,2019,11,05,6,2,9,7,2,0,1,0,0,0,0,356494.231482229200000,5728882.352741854300000,6.923708435000037,51.692531584000051,0,
05,5,62,012,2019,11,07,2,3,6,7,0,1,0,1,0,0,0,362791.512104732920000,5731703.407251400900000,7.013649052000062,51.719456062000063,1,
05,5,62,020,2019,11,18,2,2,3,2,2,1,1,0,0,0,0,371427.074427831920000,5715581.964312190200000,7.144517764000057,51.576622716000031,1,
05,5,62,020,2019,11,07,2,3,3,6,0,0,1,0,0,0,0,369577.441634953020000,5719472.026483081300000,7.116394534000051,51.611156721000043,1,
05,5,70,052,2019,10,17,5,3,0,5,1,0,1,0,0,0,0,428839.491869334130000,5752553.939427886200000,7.965287683000042,51.919170058000077,0,
05,5,62,032,2019,11,10,2,3,5,3,0,1,1,0,0,0,0,375322.815330053680000,5720132.283234052400000,7.199091067000040,51.618392172000028,0,
05,5,66,040,2019,10,15,5,3,5,3,0,0,1,0,0,0,1,424527.564278155570000,5780300.583123995000000,7.896475658000043,52.168023319000042,0,
05,5,13,000,2019,11,15,2,3,5,3,0,0,1,0,0,0,0,367867.111000000500000,5710279.912999996900000,7.095164630000056,51.528151727000079,1,
05,5,66,020,2019,10,17,5,3,5,2,2,0,1,0,1,0,0,404881.444593861700000,5804557.025066195100000,7.602459875000022,52.383000945000049,0,
05,5,66,076,2019,10,11,5,3,0,6,0,0,1,0,0,0,1,393252.781810078770000,5793017.289087254600000,7.435334313000055,52.277149212000040,0,
05,5,13,000,2019,11,08,2,3,5,3,0,0,1,0,0,0,1,368930.245478899220000,5708109.676862200700000,7.111288994000063,51.508896004000064,1,
05,5,66,068,2019,10,13,5,3,2,6,0,0,1,0,0,0,0,378527.161934530360000,5784901.673898827300000,7.222513850000041,52.201163832000077,0,
05,5,66,084,2019,10,12,5,3,5,2,0,1,1,0,0,0,0,389809.737769447270000,5776451.299222739400000,7.390278318000071,52.127589918000069,0,
05,5,66,028,2019,10,21,5,3,2,6,2,0,1,0,0,0,0,412347.219751659780000,5791226.478793105100000,7.715595083000039,52.264429242000062,0,
05,5,66,028,2019,10,14,5,2,5,2,0,1,1,0,0,0,0,411998.440073603760000,5792302.001237951200000,7.710205141000074,52.274040627000034,0,
05,5,58,008,2019,10,21,5,3,8,1,2,0,1,0,0,0,0,384727.275400912390000,5757016.073729271100000,7.322616951000043,51.951888403000055,0,
05,5,58,016,2019,10,09,5,3,5,3,0,1,0,0,0,0,1,381633.528084615250000,5743953.577405773100000,7.282103671000073,51.833845072000031,0,
05,5,58,032,2019,10,22,5,3,5,3,2,0,1,0,0,0,0,388794.536058980970000,5753047.782933335800000,7.383058247000065,51.917051603000061,0,
05,5,58,032,2019,10,15,5,3,5,3,0,1,1,0,0,0,0,391529.288298741910000,5750944.353407694000000,7.423467633000030,51.898686035000026,0,
05,5,58,032,2019,10,07,5,3,1,6,0,0,1,0,0,0,0,389515.931569119920000,5752506.926202006600000,7.393716465000068,51.912334217000080,1,
05,5,62,012,2019,11,07,5,1,8,1,2,0,0,0,1,0,0,356266.169945239090000,5727976.905420903100000,6.920784023000067,51.684337333000030,1,
05,5,70,044,2019,11,15,4,3,0,2,0,1,1,0,0,0,0,417066.600124421530000,5760126.774795452100000,7.792313994000040,51.985613551000029,1,
05,5,70,012,2019,11,08,4,2,5,3,0,0,1,0,0,0,0,437887.024000000210000,5752702.438000002900000,8.096797962000039,51.921587868000074,1,
05,5,70,052,2019,11,06,4,3,5,2,1,0,1,0,0,0,1,430384.464904036370000,5757074.119735200000000,7.986833552000064,51.960000185000069,1,
05,5,66,040,2019,11,19,4,3,2,6,2,0,1,0,0,0,0,421681.020837021990000,5781954.868024377200000,7.854481655000029,52.182496884000045,0,
05,5,66,076,2019,11,17,4,2,4,2,2,0,1,0,0,0,0,397101.130000001750000,5796097.956000002100000,7.490779668000073,52.305570171000056,0,
05,5,66,076,2019,11,07,4,3,2,6,1,0,1,0,0,0,0,391546.357795766550000,5794972.734644746400000,7.409703237000031,52.294388917000049,1,
05,5,66,084,2019,11,15,4,3,5,2,0,1,1,0,0,0,0,389711.932000000960000,5775485.594000004200000,7.389163146000044,52.118891413000028,0,
05,5,58,012,2019,11,17,4,3,0,1,2,1,0,0,0,0,0,374604.842790593390000,5756956.375348839900000,7.175420311000039,51.949161999000069,0,
05,5,58,008,2019,11,15,4,2,8,1,0,0,1,0,0,0,0,382150.424902101050000,5759436.120927011600000,7.284307675000036,51.973097301000053,0,
05,5,58,032,2019,11,15,4,3,2,6,0,0,1,0,0,0,0,380469.966000000010000,5755379.734999999400000,7.261266156000033,51.936284168000043,0,
05,5,54,020,2019,11,19,4,2,4,6,2,0,1,0,0,0,0,366604.265672453680000,5784572.245746573400000,7.048283135000077,52.195447731000058,0,
05,5,54,004,2019,11,09,4,3,5,3,0,1,1,0,0,0,0,362295.391010961500000,5770849.458971884100000,6.990837989000056,52.071086398000034,1,
05,5,54,048,2019,11,07,4,3,2,6,0,0,1,0,0,0,1,340176.638498669490000,5744283.415486438200000,6.680735266000056,51.826486575000047,1,
05,5,54,012,2019,11,17,4,3,0,2,2,1,1,0,0,0,0,352214.524524978360000,5746438.665222374700000,6.854363980000073,51.849165184000071,0,
05,5,15,000,2019,11,19,4,3,1,6,2,0,1,0,0,0,0,408786.627673015930000,5751455.745849557200000,7.674074088000054,51.906375039000068,0,
05,5,15,000,2019,11,21,4,3,6,7,2,1,0,1,0,0,0,406101.223000000230000,5757382.790000001000000,7.633431765000069,51.959204138000075,0,
05,5,15,000,2019,11,17,4,3,6,2,2,0,1,1,0,0,0,410803.655479398560000,5760164.941205833100000,7.701126771000077,51.984986287000027,1,
05,5,15,000,2019,11,13,4,2,6,4,0,0,1,1,0,0,0,407077.336786583070000,5757672.728251664000000,7.647555028000056,51.961974238000039,0,
05,5,62,024,2019,11,12,4,3,5,3,0,1,1,0,0,0,0,370129.465661457740000,5725305.884677404500000,7.122197737000022,51.663711393000028,1,
05,5,12,000,2019,11,14,4,3,2,6,0,0,1,0,0,0,0,355335.309989025820000,5709670.327346690000000,6.914878909000038,51.519602903000077,1,
05,5,62,032,2019,11,15,4,3,0,7,0,0,0,0,0,0,1,376126.731084493920000,5715060.646184699600000,7.212487839000062,51.572989876000065,0,
05,5,13,000,2019,11,17,4,3,3,7,1,0,1,0,0,0,0,368552.754000000660000,5708901.420000001800000,7.105557339000029,51.515923546000067,1,
05,5,13,000,2019,11,13,4,3,5,2,0,0,1,0,0,0,0,368952.959091465920000,5710856.284901661800000,7.110594604000028,51.533584501000064,1,
05,5,15,000,2019,11,17,6,3,5,2,2,1,1,0,0,0,0,404785.940540856680000,5758300.387199968100000,7.614041241000052,51.967228180000063,1,
05,5,15,000,2019,11,13,6,2,5,3,0,1,1,0,0,0,0,405736.759180402380000,5753740.858998397400000,7.629127565000033,51.926407087000030,0,
05,5,15,000,2019,11,07,6,3,1,6,0,0,1,0,0,0,0,412805.568584227930000,5754707.252290193000000,7.731656197000064,51.936245988000053,0,
05,5,15,000,2019,11,10,6,3,5,2,0,1,0,0,0,0,0,406160.816490875560000,5757437.455821653800000,7.634283866000033,51.959705561000078,1,
05,5,62,008,2019,11,13,6,3,5,3,0,0,1,0,1,0,0,385053.138305268250000,5723622.870460497200000,7.338428877000069,51.651835981000033,0,
05,5,62,004,2019,11,07,6,3,2,6,0,0,1,0,0,0,0,383037.425634264950000,5712518.227389041300000,7.313008372000070,51.551615448000064,0,
05,5,12,000,2019,11,10,6,2,2,6,0,0,1,0,0,0,0,355255.922000000250000,5714183.208000002400000,6.911879705000047,51.560133935000067,0,
05,5,62,020,2019,11,16,6,3,6,4,1,0,1,1,0,0,0,371265.035603498110000,5717637.183864751800000,7.141426960000047,51.595055709000064,0,
05,5,62,020,2019,11,14,6,3,1,5,0,0,1,0,0,0,0,371753.614094280640000,5716298.354947336000000,7.148965899000075,51.583135238000068,1,
05,5,62,032,2019,11,14,6,3,1,6,0,0,1,0,0,0,0,376430.440751787280000,5721284.187530914300000,7.214675478000061,51.628988790000051,1,
05,5,13,000,2019,11,17,6,3,6,7,2,0,1,1,0,0,0,364587.237228682260000,5714177.049220310500000,7.046411235000051,51.562396081000031,0,
05,5,13,000,2019,11,11,6,3,2,6,0,0,1,0,0,0,0,363773.281731097960000,5710454.554492065700000,7.036116943000025,51.528748363000034,0,
05,5,15,000,2019,11,17,4,3,1,6,2,0,1,0,0,0,1,405890.725019345060000,5754976.894468346600000,7.631027910000057,51.937543236000067,0,
05,5,70,008,2019,11,13,3,3,5,3,0,1,1,0,0,0,0,434063.446000001390000,5734465.997999999700000,8.044682708000039,51.757203484000058,1,
05,5,66,040,2019,11,18,3,3,6,7,2,1,0,1,0,0,0,423859.324577443300000,5782669.952185781700000,7.886174992000065,52.189229751000028,1,
05,5,66,004,2019,11,16,3,3,8,1,0,0,1,0,0,0,0,396864.079463155010000,5762669.988640155600000,7.497455947000049,52.005088334000050,0,
05,5,66,080,2019,11,10,3,3,5,3,0,0,1,0,1,0,0,407836.376365169880000,5781912.114215733500000,7.652053242000022,52.179973183000072,1,
05,5,58,032,2019,11,12,3,2,8,1,0,0,1,0,0,0,0,390522.085594588890000,5753348.242780866100000,7.408070954000039,51.920094325000036,1,
05,5,66,048,2019,11,07,3,2,2,6,0,0,1,0,0,0,0,425969.278573593120000,5791421.033915435900000,7.915118524000036,52.268180493000045,1,