ULAND,UREGBEZ,UKREIS,UGEMEINDE,UJAHR,UMONAT,USTUNDE,UWOCHENTAG,UKATEGORIE,UART,UTYP1,ULICHTVERH,IstRad,IstPKW,IstFuss,IstKrad,IstGkfz,IstSonstige,LINREFX,LINREFY,XGCSWGS84,YGCSWGS84,STRZUSTAND,UIDENTSTLAE
05,5,62,012,2019,11,10,1,2,5,3,0,1,1,0,0,0,0,358359.489000000990000,5735533.656999999700000,6.947971954000025,51.752771390000078,0,
05,5,70,044,2019,11,12,7,3,9,1,0,0,1,0,0,0,0,416294.205369511620000,5765250.397162195300000,7.779816911000069,52.031553461000044,1,
05,5,70,012,2019,11,12,7,3,3,6,0,0,1,0,0,0,0,441189.514256078750000,5750745.032367445500000,8.145148683000059,51.904349262000039,1,
05,5,70,052,2019,11,17,7,3,2,6,2,0,1,0,0,0,0,428728.230916268190000,5752694.943405157000000,7.963640984000051,51.920423399000072,0,
05,5,70,052,2019,11,13,7,3,8,1,0,0,1,0,0,0,0,428679.051850087940000,5752411.349762618500000,7.962984746000075,51.917867705000049,0,
05,5,66,040,2019,11,17,7,2,0,1,2,1,0,0,0,0,0,422875.236681282520000,5781725.148004522500000,7.871997192000038,52.180600218000052,0,
05,5,58,016,2019,11,10,7,2,9,1,0,0,1,0,0,0,0,374004.453928495760000,5745761.926394483100000,7.170780443000069,51.848427219000030,0,
05,5,62,036,2019,11,16,7,3,2,6,0,0,1,0,0,0,0,391114.970426528710000,5721769.941577566800000,7.426593509000043,51.636388453000052,0,
05,5,62,020,2019,11,19,7,2,2,6,2,0,1,0,1,0,0,371785.052877970970000,5718105.020939497300000,7.148759345000030,51.599378702000081,0,
05,5,70,028,2019,11,15,7,3,3,2,0,1,0,0,0,0,1,441128.637930125930000,5741758.111639661700000,8.145795669000052,51.823548927000047,0,
05,5,70,004,2019,11,11,7,2,5,3,0,0,1,0,0,0,1,419602.189279676420000,5737024.358389524700000,7.834612128000060,51.778312480000068,0,
05,5,70,024,2019,11,10,7,2,8,1,0,0,0,0,1,0,0,422043.049000000580000,5757543.210000000900000,7.865352625000071,51.963109981000059,1,
05,5,58,024,2019,11,14,7,3,5,3,0,0,1,0,0,0,0,391651.754476320000000,5734909.761984244000000,7.430265505000023,51.754593573000079,0,
05,5,58,012,2019,11,17,7,3,1,6,2,0,1,0,0,0,1,376058.820000002160000,5754870.350999999800000,7.197316995000051,51.930741613000066,0,
05,5,62,032,2019,11,13,7,3,2,6,0,0,1,0,0,0,0,374861.275197156700000,5713508.393350079700000,7.194789510000021,51.558760065000058,0,
05,5,54,016,2019,11,05,7,2,8,7,2,0,1,0,0,0,0,365778.128666716630000,5758095.970391292100000,7.046618886000033,51.957342452000034,0,
05,5,15,000,2019,11,12,7,3,5,2,0,1,1,0,0,0,0,405947.204163147140000,5756805.757978769000000,7.631348888000048,51.953991479000081,0,
05,5,15,000,2019,11,16,7,2,0,1,0,1,0,0,0,0,0,405815.810269248670000,5753414.013202751100000,7.630366288000062,51.923482614000079,0,
05,5,15,000,2019,11,14,7,3,0,5,0,1,1,0,0,0,0,405919.350097696300000,5756063.127051178400000,7.631146973000057,51.947311655000078,0,
05,5,15,000,2019,11,09,7,3,1,6,0,0,1,0,0,0,0,401696.811041952110000,5753655.297787645800000,7.570418299000039,51.924939297000037,0,
05,5,15,000,2019,11,17,7,3,5,7,2,1,1,0,0,0,0,402698.888009386140000,5753879.217784311600000,7.584922950000021,51.927128008000068,0,
05,5,15,000,2019,11,10,7,3,6,4,0,1,0,1,0,0,0,405587.977140439670000,5756866.682964390100000,7.626106318000041,51.954478231000053,0,
05,5,12,000,2019,11,12,7,3,0,7,0,0,1,0,1,0,0,356642.990951712240000,5711750.164633857100000,6.932867342000066,51.538625355000079,0,
05,5,62,014,2019,11,13,7,3,6,2,0,0,1,1,0,0,0,361005.110085600060000,5715027.722940424500000,6.994429393000075,51.569168919000049,0,
05,5,13,000,2019,11,08,7,3,1,6,0,0,1,0,0,0,0,368141.471639389170000,5713252.465094015000000,7.098003803000040,51.554929317000074,1,
05,5,13,000,2019,11,12,7,3,2,6,0,0,1,0,0,0,0,365236.272380209530000,5709902.305129135000000,7.057405993000032,51.524136620000036,0,
05,5,13,000,2019,11,21,7,3,1,5,2,0,1,0,0,0,0,364895.669038690630000,5718857.484297262500000,7.049057127000026,51.604530250000039,0,
05,5,70,040,2019,11,21,4,3,8,1,2,0,1,0,0,0,0,419051.939449750820000,5742652.135365966700000,7.825323635000075,51.828823333000059,1,
05,5,66,084,2019,11,16,4,3,2,6,2,0,1,0,0,0,0,390154.289440253750000,5773418.247588528300000,7.396288233000064,52.100399691000064,1,
05,5,66,084,2019,11,17,4,3,6,4,2,0,1,1,0,0,0,385811.651000000540000,5778232.077000001400000,7.331300312000053,52.142782122000028,0,
05,5,66,080,2019,11,21,4,3,5,2,2,0,1,0,0,0,0,407287.347000001000000,5780112.688000002900000,7.644517511000061,52.163707625000029,1,
05,5,66,064,2019,11,18,4,3,5,7,2,0,1,0,0,0,1,399690.227035536430000,5771667.759185534000000,7.535973463000062,52.086477777000027,0,
05,5,58,016,2019,11,13,4,3,5,3,0,1,1,0,0,0,0,379380.676475243640000,5741495.200036101000000,7.250279873000068,51.811269590000052,0,
05,5,58,016,2019,11,13,4,3,5,3,0,0,1,0,0,0,0,387733.449233424850000,5747269.236910240700000,7.369517648000056,51.864904144000036,0,
05,5,54,020,2019,11,16,4,3,8,1,1,0,1,0,0,0,0,366981.788972017360000,5783725.711504602800000,7.054135486000064,52.187932424000053,1,
05,5,54,048,2019,11,12,4,3,5,3,0,1,1,0,0,0,0,340980.142530782150000,5746844.538605509300000,6.691207875000032,51.849724721000030,1,
05,5,54,012,2019,11,09,4,3,5,3,0,1,1,0,0,0,0,352830.889357194300000,5746043.713924145300000,6.863474090000068,51.845779396000069,1,
05,5,70,008,2019,11,14,6,3,3,2,0,1,1,0,0,0,0,434063.446000001390000,5734465.997999999700000,8.044682708000039,51.757203484000058,0,
05,5,70,004,2019,11,12,6,3,5,3,0,1,1,0,0,0,0,423851.530137561260000,5736386.637791100900000,7.896334667000076,51.773173967000048,0,
05,5,54,044,2019,11,17,4,3,7,3,2,1,1,0,0,0,0,365417.832599098790000,5743649.972462263000000,7.047016029000076,51.827445355000066,0,
05,5,54,008,2019,11,05,4,3,5,3,2,1,1,0,0,0,0,332449.789000000800000,5742793.203000001600000,6.569434900000033,51.810836273000064,1,
05,5,70,052,2019,11,08,6,3,4,6,0,0,1,0,0,1,0,432599.681898304260000,5757515.879839833800000,8.018981359000065,51.964244431000054,1,
05,5,15,000,2019,11,17,4,3,6,7,2,0,1,1,0,0,0,411548.809999999590000,5761237.050000002600000,7.711698147000050,51.994742299000052,0,
05,5,15,000,2019,11,17,4,3,2,6,2,0,1,0,0,0,0,404238.127614654600000,5758957.261073332300000,7.605886453000039,51.973038281000072,0,
05,5,66,088,2019,11,16,6,3,0,6,1,0,1,0,0,0,0,414800.565377777440000,5786628.538437655200000,7.752694904000066,52.223486420000029,1,
05,5,66,056,2019,11,09,6,2,4,2,0,0,1,0,0,0,1,417158.221024452710000,5796725.662156788600000,7.784722558000055,52.314604332000044,1,
05,5,15,000,2019,11,16,4,3,5,2,1,1,0,0,0,0,1,405211.724589333870000,5750119.979369552800000,7.622490648000053,51.893771680000043,0,
05,5,62,008,2019,11,22,4,2,8,1,2,0,1,0,0,0,0,384290.293000000530000,5726058.351000003500000,7.326600540000072,51.673568711000030,1,
05,5,66,076,2019,11,07,6,3,2,6,0,0,1,0,0,0,1,392190.735206777230000,5789753.543061429600000,7.420816126000034,52.247610233000046,1,
05,5,62,004,2019,11,15,4,3,2,6,0,0,1,0,0,0,0,383449.088005979550000,5719529.630167659400000,7.316615603000059,51.614717169000073,0,
05,5,66,068,2019,11,07,6,3,5,2,2,1,1,0,0,0,0,379602.030862855720000,5784431.825475812000000,7.238401077000049,52.197177393000061,1,
05,5,62,032,2019,11,07,4,3,5,2,1,0,1,0,0,0,0,379010.822643612510000,5716232.475071271900000,7.253681002000064,51.584147939000047,0,
05,5,62,032,2019,11,07,4,3,5,2,1,1,1,0,0,0,0,373978.431107893590000,5719181.295135710400000,7.180024454000034,51.609546237000075,1,
05,5,66,008,2019,11,16,6,3,5,3,2,0,1,0,0,0,0,398259.446243411860000,5781377.154235199100000,7.512194266000051,52.173482067000066,0,
05,5,13,000,2019,11,15,4,3,0,2,1,0,1,0,1,0,0,368960.610393111590000,5716567.995039470500000,7.108576053000036,51.584915920000071,1,
05,5,66,004,2019,11,05,6,3,8,7,2,0,1,0,0,0,0,392480.963930273430000,5770041.278593171400000,7.431307760000038,52.070506419000026,1,
05,5,13,000,2019,11,13,4,3,5,3,0,1,1,0,0,0,0,367999.149990709500000,5712775.221470596300000,7.096131210000067,51.550607199000069,1,
05,5,58,028,2019,11,17,6,3,4,2,2,0,1,0,1,0,0,398203.469987653200000,5733771.773369187500000,7.525484026000072,51.745593999000050,0,
05,5,58,012,2019,11,15,6,2,6,4,0,0,1,1,0,0,0,375185.966608178800000,5751127.654870059300000,7.185984733000055,51.896912545000077,0,
05,5,58,008,2019,11,07,6,3,6,4,2,0,1,1,0,0,0,382629.688698764890000,5760248.317322395700000,7.291003808000028,51.980497924000076,1,
05,5,58,012,2019,11,07,6,3,5,3,1,1,1,0,0,0,0,373492.716724396680000,5756409.242508824900000,7.159448487000020,51.943993432000070,1,
05,5,54,012,2019,11,07,6,3,1,7,2,0,1,0,0,0,0,351936.777999999930000,5743857.324000002800000,6.851439232000075,51.825898554000048,1,
05,5,15,000,2019,11,19,6,2,8,1,2,0,1,0,0,0,0,413028.942404056900000,5752639.140361748600000,7.735427207000043,51.917690938000078,1,
05,5,62,004,2019,11,08,6,3,5,2,0,1,1,0,0,0,0,383693.581000000240000,5709699.929000003300000,7.323399197000072,51.526420759000075,1,
05,5,62,012,2019,11,08,6,3,5,2,0,0,1,0,0,0,0,359724.831000000240000,5726262.761000001800000,6.971470457000066,51.669808981000074,1,
05,5,62,024,2019,11,07,6,3,2,6,2,0,1,0,0,0,0,364628.377317221840000,5724385.033247085300000,7.043062898000073,51.654138191000072,1,
05,5,12,000,2019,11,06,6,3,5,3,2,0,1,0,0,0,0,353968.390123891640000,5711524.662992483000000,6.894422311000028,51.535913516000051,1,
05,5,62,014,2019,11,14,6,3,5,3,0,0,1,0,0,0,0,361823.530609277080000,5711935.467152630900000,7.007445740000037,51.541582451000068,1,
05,5,62,014,2019,11,14,6,3,5,3,0,0,1,0,0,0,0,360811.719465024770000,5715158.012904172800000,6.991589175000058,51.570292011000049,0,
05,5,62,032,2019,11,10,6,3,3,2,0,1,1,0,0,0,0,375980.188222642060000,5715007.284475376800000,7.210393149000026,51.572478085000057,0,
05,5,62,032,2019,11,13,6,3,5,3,0,0,1,0,1,0,0,375873.344461043370000,5720787.777261853200000,7.206806768000035,51.624404862000063,0,
05,5,13,000,2019,11,19,6,3,5,3,2,0,1,0,0,0,0,366085.987901385870000,5716102.591462798400000,7.067286364000040,51.580057821000082,0,
05,5,13,000,2019,11,10,6,3,5,3,0,0,1,0,0,0,0,369690.418323508460000,5706246.621780686100000,7.122924895000040,51.492328739000072,1,
05,5,70,020,2019,11,07,3,3,1,5,0,0,1,0,0,0,0,434133.266000001690000,5748564.765000002500000,8.043012331000057,51.883959367000045,1,
05,5,70,016,2019,11,12,3,2,5,3,0,1,1,0,0,0,0,412374.955000001010000,5737998.728000002000000,7.729632046000063,51.785986218000062,1,
05,5,70,052,2019,11,15,3,3,1,1,0,0,1,0,0,1,0,432416.510394528510000,5755834.627329789100000,8.016646440000045,51.949108238000065,1,
05,5,66,028,2019,11,07,3,3,5,3,2,0,1,0,0,0,1,409259.844072173350000,5796663.730427201800000,7.668903605000025,52.312799042000051,1,
05,5,66,072,2019,11,17,3,3,2,6,2,0,1,0,0,0,0,410972.222749481910000,5800840.469771793100000,7.692909594000071,52.350620379000077,1,
05,5,66,016,2019,11,05,3,3,9,1,2,0,1,0,0,0,0,404617.673335877250000,5794562.770402366300000,7.601422783000032,52.293129165000039,1,
05,5,66,076,2019,11,17,3,1,6,4,2,0,1,1,0,0,0,393658.731953382490000,5788891.642609372700000,7.442581867000058,52.240149735000045,0,
05,5,66,084,2019,11,07,3,3,5,2,0,1,1,0,0,0,0,390137.105126488950000,5775419.980230612700000,7.395391645000075,52.118386377000036,1,
05,5,66,052,2019,11,07,3,3,5,3,2,1,1,0,0,0,0,377727.358338744380000,5778458.550766095500000,7.213138593000053,52.143087091000041,1,
05,5,58,044,2019,11,17,3,3,2,6,2,0,1,0,0,0,0,396208.083547245710000,5746205.818286279200000,7.492869044000031,51.856987079000078,1,
05,5,58,044,2019,11,00,3,2,8,1,2,0,1,0,0,0,0,395944.439348932360000,5752466.895645450800000,7.487153772000056,51.913212558000055,1,
05,5,58,020,2019,11,07,3,3,5,3,1,1,1,0,0,0,0,391273.810214939530000,5760042.587524144000000,7.416879630000040,51.980407738000054,1,
05,5,58,012,2019,11,17,3,3,2,2,2,0,1,0,0,0,0,374200.309000000360000,5756903.046000000100000,7.169556844000056,51.948591418000035,1,
05,5,54,056,2019,11,07,3,3,3,3,2,0,1,0,0,0,0,360031.294000000690000,5761406.146999999900000,6.961689426000021,51.985668707000059,1,
05,5,54,004,2019,11,12,3,3,5,2,0,0,1,0,0,0,0,364790.508016197010000,5771098.844335554200000,7.027120315000047,52.073942008000074,1,
05,5,54,012,2019,11,07,3,2,4,2,2,0,1,0,0,0,0,351105.905430647540000,5747558.928839854900000,6.837798158000055,51.858935930000030,1,
05,5,54,048,2019,11,19,3,3,1,5,2,0,1,0,0,0,0,340592.433243591340000,5745021.956291928900000,6.686423614000034,51.833240321000062,0,
05,5,15,000,2019,11,08,3,3,2,6,0,0,1,0,0,0,0,400194.255847537890000,5756439.167308991800000,7.547766991000060,51.949693832000037,1,
05,5,15,000,2019,11,12,3,3,2,2,0,1,1,0,0,0,0,404946.843935472890000,5756840.114317033400000,7.616786758000046,51.954130207000048,1,
05,5,62,036,2019,11,05,3,1,8,1,2,0,1,0,0,0,0,386792.107515695500000,5718583.707218714100000,7.365183986000034,51.606897559000060,1,
05,5,62,028,2019,11,17,3,2,0,7,2,0,1,0,0,0,1,377921.980115045790000,5723213.211561357600000,7.235541211000054,51.646651012000063,0,
05,5,62,004,2019,11,17,3,3,2,6,2,0,1,0,0,0,0,383245.902808469720000,5718134.746910277800000,7.314146837000067,51.602138321000041,1,
05,5,12,000,2019,11,06,3,3,5,3,2,1,1,0,0,0,0,356502.383607264610000,5709680.316811237500000,6.931684590000032,51.519990356000051,1,
05,5,62,020,2019,11,16,3,2,0,1,2,1,0,0,0,0,0,371734.686846637170000,5716707.610019074800000,7.148543341000050,51.586808865000080,1,
05,5,13,000,2019,11,14,3,3,6,7,0,1,0,1,0,0,0,365295.264908181500000,5715115.313587632000000,7.056259918000023,51.570997295000041,1,
05,5,13,000,2019,11,17,3,2,1,5,2,0,1,0,0,0,0,364881.881938113830000,5719053.104570400000000,7.048782783000036,51.606284853000034,0,
05,5,70,008,2019,11,17,6,2,2,6,2,0,1,0,0,0,0,431435.102812014520000,5735699.116558358100000,8.006364846000054,51.767973562000066,1,
05,5,70,016,2019,11,20,5,2,4,6,2,0,1,0,0,1,0,417096.436249521560000,5733837.677801299800000,7.799059462000059,51.749300715000061,1,
05,5,66,084,2019,11,16,5,3,9,1,2,0,1,0,0,0,0,387303.002604139970000,5780665.912296630400000,7.352276904000064,52.164961276000042,0,
05,5,66,068,2019,11,07,5,3,2,1,2,0,1,0,0,0,0,377827.981974490920000,5783829.380640769400000,7.212674933000074,52.191373395000028,1,
05,5,66,036,2019,11,17,5,3,5,3,2,1,1,0,0,0,0,387280.312442420980000,5769024.373515639500000,7.355799537000053,52.060333299000035,0,
05,5,66,080,2019,11,18,5,3,2,6,2,0,1,0,0,0,0,405841.398091481070000,5781361.417681373700000,7.623037433000036,52.174686569000073,0,
05,5,66,008,2019,11,15,5,3,2,6,0,0,1,0,0,0,0,401365.590455736030000,5783060.486068660400000,7.557111565000071,52.189175552000052,0,
05,5,58,020,2019,11,11,5,3,5,3,0,0,1,0,0,0,1,392763.087999999520000,5755489.893000001100000,7.439976979000051,51.939779010000052,0,
05,5,54,044,2019,11,17,5,3,5,2,2,1,0,0,0,1,0,365417.871256568470000,5743649.708183167500000,7.047016692000057,51.827442990000065,1,
05,5,54,020,2019,11,14,5,3,0,1,0,1,0,0,0,0,0,362568.031000000420000,5786805.020000001400000,6.988361608000048,52.214518202000079,0,
05,5,66,048,2019,11,16,5,2,2,6,0,0,1,0,0,0,0,427469.005735204560000,5791374.623351289000000,7.937102076000031,52.267963168000051,0,
05,5,54,016,2019,11,16,5,3,2,6,0,0,1,0,0,1,0,363706.782028460880000,5750571.065799828600000,7.019472293000035,51.889222177000079,0,
05,5,15,000,2019,11,07,5,3,5,2,0,1,1,0,0,0,0,405362.025467283090000,5755731.569724045700000,7.623131817000058,51.944236931000034,0,
05,5,15,000,2019,11,15,5,3,2,1,0,0,1,0,0,0,0,404811.494681226090000,5761202.697734985500000,7.613607866000052,51.993319556000074,0,
05,5,62,004,2019,11,17,5,3,4,7,1,0,1,0,0,0,0,383143.713770876640000,5713262.189306313200000,7.314293473000021,51.558324015000039,0,
05,5,62,004,2019,11,13,5,2,4,6,0,0,0,0,0,1,1,385481.718000001270000,5711843.975999999800000,7.348466805000044,51.546056775000068,1,
05,5,62,024,2019,11,15,5,3,5,2,0,1,1,0,0,0,0,365034.177629112270000,5721179.544749336300000,7.050161732000049,51.625430291000043,0,
05,5,13,000,2019,11,17,5,3,2,2,2,0,1,0,0,0,0,369409.716000000010000,5716884.546000002000000,7.114936903000057,51.587864929000034,0,
05,5,13,000,2019,11,07,5,3,6,2,1,0,1,1,0,0,0,368845.189020202500000,5715837.090093856700000,7.107184044000064,51.578320653000048,0,
05,5,12,000,2019,11,19,1,3,8,6,2,0,1,0,0,0,0,356661.117577685970000,5707930.256406569900000,6.934682444000032,51.504304861000037,0,
05,5,70,020,2019,11,17,3,3,3,6,2,1,1,0,0,0,0,432211.443000000900000,5743628.767000000900000,8.016062862000069,51.839355152000053,0,
05,5,70,004,2019,11,05,3,3,1,6,2,0,1,0,0,0,0,423797.390620202760000,5736183.725190145900000,7.895594676000030,51.771342489000062,1,
05,5,66,076,2019,11,07,3,3,2,6,2,0,1,0,0,0,0,393667.388000000270000,5792983.418000003300000,7.441419712000027,52.276925156000061,1,
05,5,58,036,2019,11,20,3,3,5,3,2,0,1,0,0,0,1,389833.217120613900000,5731212.409238493100000,7.405100309000034,51.721007510000049,1,
05,5,15,000,2019,11,20,3,3,2,2,2,1,1,0,0,0,0,407701.160000000150000,5758539.449000001000000,7.656398797000065,51.969868703000031,1,
05,5,15,000,2019,11,12,3,3,5,3,0,1,1,0,0,0,0,399935.726475016210000,5761104.471248781300000,7.542646659000070,51.991579578000028,0,
05,5,62,016,2019,11,20,3,3,5,3,2,0,1,0,0,0,0,378236.894771741700000,5736359.007245242600000,7.235498997000036,51.764862588000028,1,
05,5,62,024,2019,11,15,3,3,1,6,0,0,1,0,0,0,0,368912.062416221950000,5724800.745093315800000,7.104795045000060,51.658889263000049,0,
05,5,70,020,2019,11,06,2,3,1,5,2,0,1,0,1,0,0,432796.758741453290000,5741405.509430073200000,8.024988966000024,51.819439002000081,0,
05,5,70,028,2019,11,20,2,3,4,2,2,0,1,0,0,0,0,441101.100996588360000,5742713.928284877900000,8.145233517000065,51.832139028000029,1,
05,5,70,008,2019,11,17,2,3,5,3,2,1,1,0,0,0,0,433879.011539660390000,5734708.406101614200000,8.041964823000058,51.759361005000073,1,
05,5,70,004,2019,11,21,2,3,5,3,2,1,1,0,0,0,0,424569.301000000910000,5735056.568000001800000,7.907024536000051,51.761314260000063,1,
05,5,70,004,2019,11,16,2,3,5,3,1,1,1,0,0,0,0,424775.253263144750000,5735776.920156028100000,7.909852179000041,51.767817709000042,0,
05,5,70,036,2019,11,08,2,3,5,2,0,0,1,0,0,0,0,434750.118773443620000,5760947.283091513400000,8.049623861000043,51.995348467000042,0,
05,5,66,040,2019,11,16,2,3,1,6,1,0,1,0,0,0,0,417265.339202506470000,5785003.161823082700000,7.789167298000052,52.209252291000041,0,
05,5,66,028,2019,11,06,2,2,9,7,2,0,1,0,0,0,0,410784.616145053880000,5795283.458432572000000,7.691630419000035,52.300642852000067,0,
05,5,58,024,2019,11,06,2,2,5,3,2,0,1,0,0,0,0,394764.749000001700000,5733596.747000001400000,7.475746032000075,51.743385520000061,0,
05,5,58,016,2019,11,11,2,3,0,1,0,1,0,0,0,0,0,381802.160448706710000,5744248.281729731700000,7.284449238000036,51.836529344000041,0,
05,5,54,020,2019,11,18,2,3,5,3,2,1,1,0,0,0,0,365182.178768246430000,5784950.475329294800000,7.027339326000060,52.198500371000080,2,
05,5,54,020,2019,11,14,2,3,1,2,0,1,0,0,0,1,0,364992.546188061130000,5786837.179340196800000,7.023814153000046,52.215406551000058,1,
05,5,15,000,2019,11,16,2,2,3,1,1,1,0,0,0,0,0,405034.552117504180000,5757824.911082040500000,7.617790444000036,51.962996942000075,0,
05,5,15,000,2019,11,08,2,3,0,2,0,1,1,0,0,0,0,403052.591000000010000,5758116.297000000300000,7.588870361000033,51.965273919000026,0,
05,5,15,000,2019,11,12,2,3,5,2,0,1,1,0,0,0,0,405506.735534689390000,5751878.995674211500000,7.626294301000030,51.909632737000038,0,
05,5,15,000,2019,11,20,2,3,6,2,2,0,1,1,0,0,0,400899.906565696930000,5762013.159171050400000,7.556421598000043,51.999919845000079,0,
05,5,15,000,2019,11,16,2,2,5,2,1,1,1,0,0,0,0,405775.058133949530000,5757998.032999105800000,7.628517561000024,51.964679036000064,1,
05,5,12,000,2019,11,19,2,3,4,2,1,0,1,0,0,0,0,356515.208999998870000,5709622.690000005100000,6.931892784000070,51.519475789000069,0,
05,5,13,000,2019,11,16,2,3,0,7,0,1,0,0,0,0,0,364553.201692535540000,5715520.222825320400000,7.045402796000076,51.574458186000072,0,
05,5,12,000,2019,11,07,1,3,2,6,1,0,1,0,0,0,0,360407.135307697580000,5711006.576861914200000,6.987402631000066,51.532886807000068,0,
05,5,62,016,2019,11,12,1,2,8,7,0,0,1,0,0,0,0,369420.984733349640000,5732097.487889964100000,7.109417640000061,51.724580201000038,0,
05,5,62,024,2019,11,10,1,3,5,2,0,0,1,0,0,0,0,374475.540951688770000,5725746.261464448600000,7.184845017000043,51.668656655000063,1,
05,5,62,020,2019,11,13,1,3,5,3,0,1,1,0,0,0,0,371555.667999999600000,5719704.394000003100000,7.144863327000053,51.613699761000078,0,
05,5,66,044,2019,11,12,1,2,8,1,0,0,0,0,1,0,0,427814.108332053760000,5780867.594382649300000,7.944400373000065,52.173559956000076,1,
05,5,66,028,2019,11,04,1,3,8,1,2,0,1,0,0,0,0,413009.332076391210000,5795355.206304090100000,7.724229106000053,52.301644591000070,0,
05,5,66,068,2019,11,17,1,3,6,4,2,0,1,1,0,0,0,376053.227465877310000,5786054.244234094400000,7.185910875000047,52.210970293000059,1,
05,5,66,012,2019,11,04,1,2,8,1,2,0,1,0,0,0,0,405472.541755910030000,5776201.310501541900000,7.619080977000067,52.128243890000078,1,
05,5,58,024,2019,11,05,1,3,9,1,2,0,1,0,0,0,0,385819.883020431730000,5738988.295534109700000,7.344470206000040,51.790091172000075,2,
05,5,15,000,2019,11,13,1,3,2,6,0,0,1,0,0,0,0,404412.535232305530000,5766254.421573458200000,7.606388621000065,52.038657311000065,0,
05,5,62,032,2019,11,17,1,2,2,6,2,0,1,0,0,0,0,374861.253244691530000,5713508.493413638300000,7.194789158000049,51.558760959000040,0,
05,5,70,052,2019,11,18,5,2,6,2,2,0,1,1,0,0,0,430178.369876716290000,5756122.093680992700000,7.984028082000066,51.951415997000026,1,
05,5,66,016,2019,11,07,5,2,2,6,2,0,1,0,0,0,0,397757.914857830850000,5797692.218383194900000,7.499924756000041,52.320021106000070,1,
05,5,66,084,2019,11,07,5,3,6,2,2,0,1,1,0,0,0,386451.536312839020000,5778972.859704179700000,7.340399521000052,52.149571408000043,1,
05,5,58,032,2019,11,18,5,3,6,2,2,0,1,1,0,0,0,391548.484111017550000,5750865.374915564400000,7.423771361000036,51.897979935000080,1,
05,5,54,048,2019,11,18,5,2,7,1,2,0,1,0,0,0,0,342882.325000001120000,5744814.833000002400000,6.719723583000075,51.832028282000067,1,
05,5,54,016,2019,11,18,5,3,9,1,2,0,1,0,0,0,0,361454.769000001250000,5756333.706000000200000,6.984451113000034,51.940447407000079,1,
05,5,12,000,2019,11,06,5,3,2,6,2,0,1,0,0,0,0,356306.299903325740000,5714082.164849771200000,6.927063347000058,51.559494554000082,0,
05,5,15,000,2019,11,18,5,3,2,6,2,0,1,0,0,1,0,400638.571003228430000,5760004.303901447000000,7.553198200000054,51.981817342000056,1,
05,5,58,044,2019,11,15,5,2,8,1,0,0,1,0,0,0,0,402381.953625746070000,5744800.453616386300000,7.582884268000043,51.845469178000030,1,
05,5,58,004,2019,11,07,5,3,2,7,0,0,1,0,0,0,0,405446.624959518200000,5740228.074921874300000,7.628608759000031,51.804897141000026,0,
05,5,15,000,2019,11,16,5,3,0,3,0,1,1,0,0,0,0,408662.830188676710000,5753497.877424456200000,7.671733410000059,51.924710804000028,1,
05,5,15,000,2019,11,09,5,3,1,6,0,0,1,0,0,0,0,405425.253522806800000,5755355.915170423700000,7.624154746000045,51.940871131000051,1,
05,5,15,000,2019,11,17,5,3,8,1,2,0,1,0,0,0,0,412051.569000000130000,5759949.502999998600000,7.719349129000023,51.983248744000036,1,
05,5,15,000,2019,11,11,5,2,2,6,0,0,1,0,0,0,1,407044.067439007570000,5757871.384098889300000,7.647017186000028,51.963754295000058,1,
05,5,62,020,2019,11,21,5,2,6,2,2,0,1,1,0,0,0,368320.019720620480000,5718236.397816913200000,7.098709165000059,51.599759922000032,1,
05,5,62,020,2019,11,20,5,3,5,2,2,1,1,0,0,0,0,370941.323622379450000,5717668.035955505400000,7.136744773000032,51.595258902000069,1,
05,5,62,020,2019,11,06,5,3,5,2,2,0,1,0,0,0,0,370094.022441443060000,5719088.580117009600000,7.123992938000072,51.607830221000029,1,
05,5,62,032,2019,11,20,5,2,5,2,2,1,1,0,0,0,0,380449.459999999960000,5718173.001000002000000,7.273774485000047,51.601895452000065,1,
05,5,13,000,2019,11,17,5,2,6,2,2,0,1,1,0,0,0,362893.523638395590000,5711287.818316135600000,7.023117760000048,51.536023414000056,1,
05,5,13,000,2019,11,12,5,2,3,2,0,1,1,0,0,0,0,366211.394531848840000,5714467.634147411200000,7.069717816000036,51.565395048000028,1,
05,5,13,000,2019,11,17,5,3,6,4,2,0,1,1,0,0,0,368970.932508277710000,5710931.928114598600000,7.110825440000042,51.534268462000057,1,
05,5,13,000,2019,11,14,5,3,2,6,0,0,1,0,0,1,0,362701.159297891890000,5716060.755224052800000,7.018482252000069,51.578867525000078,1,
05,5,70,028,2019,11,15,4,3,5,2,1,1,1,0,0,0,0,441640.966782267210000,5742579.732023980500000,8.153089988000033,51.830989243000033,1,
05,5,70,028,2019,11,08,4,3,2,2,0,0,1,0,0,0,1,445288.658964975740000,5743178.608295718200000,8.205925163000075,51.836742563000030,1,
05,5,70,048,2019,11,13,4,3,8,1,0,0,1,0,0,0,0,444845.012324913400000,5734350.767637824600000,8.200891000000070,51.757333160000030,0,
05,5,70,044,2019,11,16,4,3,5,3,1,1,1,0,0,0,0,415645.913999999870000,5760881.515000002500000,7.771445231000030,51.992183919000070,1,
05,5,70,012,2019,11,14,4,3,2,6,0,0,1,0,0,0,0,435335.353929304520000,5755144.695242947000000,8.059239666000053,51.943252875000042,1,
05,5,70,052,2019,11,14,4,3,0,1,0,1,0,0,0,0,0,430193.414964139460000,5757233.541344478700000,7.984021132000066,51.961409368000034,1,
05,5,66,056,2019,11,20,4,3,6,2,2,0,1,1,0,0,0,416742.751733069310000,5797173.068849554300000,7.778518454000050,52.318562964000080,1,
05,5,66,076,2019,11,10,4,2,5,3,0,1,1,0,0,0,0,393559.112512507480000,5794075.142153890800000,7.439488588000074,52.286715734000040,0,
05,5,66,052,2019,11,11,4,3,2,6,0,0,1,0,1,0,0,377841.912452843040000,5779356.921058593300000,7.214488801000073,52.151185517000044,1,
05,5,66,012,2019,11,06,4,2,5,3,2,0,1,0,0,0,0,401052.989773721430000,5777773.084700791200000,7.554081628000063,52.141597255000079,1,
05,5,66,060,2019,11,09,4,2,5,2,0,0,1,0,0,0,0,389097.662962616420000,5788863.485974051100000,7.375820589000057,52.238996699000040,1,
05,5,58,004,2019,11,18,4,3,5,3,2,0,1,0,0,0,0,407629.813268069180000,5733376.403349470300000,7.662086788000067,51.743673463000050,1,
05,5,58,032,2019,11,06,4,2,9,6,2,0,1,0,0,1,0,389435.703555029820000,5752567.526874559000000,7.392531106000035,51.912862948000054,1,