ULAND,UREGBEZ,UKREIS,UGEMEINDE,UJAHR,UMONAT,USTUNDE,UWOCHENTAG,UKATEGORIE,UART,UTYP1,ULICHTVERH,IstRad,IstPKW,IstFuss,IstKrad,IstGkfz,IstSonstige,LINREFX,LINREFY,XGCSWGS84,YGCSWGS84,STRZUSTAND,UIDENTSTLAE
05,5,58,016,2019,11,06,4,2,9,1,2,0,1,0,0,0,0,384641.540389933620000,5744174.626399682800000,7.325665986000047,51.836461090000057,1,
05,5,54,056,2019,11,07,4,3,2,3,1,1,1,0,0,0,0,356020.931336664590000,5761362.605024918900000,6.903348011000048,51.984252631000061,1,
05,5,15,000,2019,11,18,4,3,5,2,2,1,1,0,0,0,0,405517.973237213680000,5754618.323560152200000,7.625705804000063,51.934257067000033,1,
05,5,15,000,2019,11,09,4,3,5,2,0,1,1,0,0,0,0,405927.784897007980000,5756691.396687477800000,7.631097696000040,51.952960263000080,1,
05,5,62,016,2019,11,15,4,3,6,4,1,0,1,1,0,0,0,368346.537400202830000,5730885.761378875000000,7.094328488000031,51.713439894000032,1,
05,5,62,012,2019,11,18,4,2,5,2,2,1,1,0,0,0,0,359668.826880488540000,5725189.135913988600000,6.971092263000060,51.660147583000082,1,
05,5,62,012,2019,11,17,4,2,4,2,2,0,1,0,0,0,0,356914.740610244680000,5724608.268365204300000,6.931539110000074,51.654233744000067,1,
05,5,62,014,2019,11,06,4,3,5,3,2,1,1,0,0,0,0,356792.633737732660000,5714535.282567396800000,6.933889738000062,51.563689854000074,1,
05,5,13,000,2019,11,14,4,3,6,2,0,0,1,1,0,0,0,369189.635000000710000,5707694.203999999900000,7.115178725000021,51.505222320000030,1,
05,5,13,000,2019,11,15,4,3,5,3,0,0,1,0,0,0,0,368979.075227390040000,5711053.762202857100000,7.110897435000027,51.535365248000062,0,
05,5,13,000,2019,11,07,4,3,2,6,2,0,1,0,0,0,0,368046.524107846430000,5705234.439826119700000,7.099637268000038,51.482851204000042,0,
05,5,66,092,2019,12,18,2,3,1,6,2,0,1,0,0,0,0,421554.078807619400000,5793059.286191422500000,7.850048723000043,52.282294170000057,1,
05,5,66,076,2019,12,07,2,3,0,1,2,0,1,0,1,0,0,393498.133496021850000,5792894.777118433300000,7.438967841000022,52.276095760000032,2,
05,5,66,076,2019,12,13,2,2,5,3,0,1,1,0,0,0,0,398474.905000001190000,5794128.643000001100000,7.511515040000063,52.288126723000062,1,
05,5,58,012,2019,12,06,2,3,2,6,2,0,1,0,0,0,0,373798.232000000770000,5757609.734999999400000,7.163450181000030,51.954850940000028,1,
05,5,58,016,2019,12,11,2,3,5,3,0,1,1,0,0,0,0,381498.085782071580000,5743708.385962873700000,7.280222864000052,51.831612778000078,1,
05,5,54,016,2019,12,13,2,3,5,3,0,1,1,0,0,0,0,362183.185448325240000,5757706.152631076100000,6.994490865000046,51.952960453000060,1,
05,5,54,012,2019,12,15,2,3,5,3,0,0,1,0,0,0,0,349312.537000002340000,5742880.093000000300000,6.813813468000035,51.816416878000041,1,
05,5,62,032,2019,12,17,2,3,2,6,2,0,1,0,0,0,0,374522.954993496650000,5716417.416886219800000,7.188872675000027,51.584828659000038,1,
05,5,15,000,2019,12,07,2,3,1,3,1,1,1,0,0,0,0,404319.133274229240000,5759038.967119470200000,7.607042589000059,51.973786635000067,0,
05,5,15,000,2019,12,19,2,3,0,2,2,0,1,0,0,0,0,406607.063000000080000,5757159.714000001500000,7.640851975000032,51.957284216000062,0,
05,5,15,000,2019,12,16,2,2,2,6,1,1,0,0,0,0,0,402482.587206056340000,5754768.891701927400000,7.581526116000021,51.935086821000027,0,
05,5,62,036,2019,12,07,2,3,5,2,2,0,1,0,0,0,0,388740.020312502980000,5719986.726473810200000,7.392856053000060,51.619896182000048,1,
05,5,62,004,2019,12,11,2,3,2,6,2,0,1,0,0,0,0,383383.271286711100000,5719376.219516852900000,7.315716479000059,51.613324734000059,1,
05,5,62,032,2019,12,15,2,3,0,7,0,0,0,0,0,0,1,374906.695403160530000,5719629.735496673700000,7.193262999000069,51.613783411000043,0,
05,5,13,000,2019,12,12,2,3,0,1,0,0,0,0,1,0,0,367084.119099971840000,5714525.314382176800000,7.082279926000069,51.566119769000068,1,
05,5,70,004,2019,12,17,1,2,1,6,2,0,1,0,0,0,0,423924.372213295660000,5733988.755430825100000,7.897915228000045,51.751627730000052,0,
05,5,66,016,2019,12,19,1,3,5,2,2,0,1,0,0,0,0,404665.680867768820000,5795471.890015794000000,7.601869151000074,52.301308505000065,0,
05,5,66,076,2019,12,05,1,3,0,1,2,0,1,0,0,0,0,402512.583999999800000,5787838.186000002500000,7.572508942000070,52.232320734000041,2,
05,5,66,004,2019,12,00,1,2,0,7,2,1,0,0,0,0,0,396086.315039934590000,5765518.325303003200000,7.485264722000068,52.030543535000049,1,
05,5,54,028,2019,12,13,1,3,5,3,0,0,1,0,0,0,0,355557.622640968300000,5745739.593977799600000,6.903157543000020,51.843758903000037,1,
05,5,54,016,2019,12,14,1,2,2,2,0,0,1,0,0,0,0,364592.916000000200000,5756026.356000000600000,7.030196227000033,51.938458153000056,0,
05,5,54,012,2019,12,17,1,3,1,6,2,0,1,0,0,0,0,351937.100971459410000,5743854.676514297700000,6.851445048000073,51.825874853000073,0,
05,5,13,000,2019,12,09,1,2,0,1,0,0,1,0,0,0,1,369583.171851729970000,5714944.656100094300000,7.118159680000076,51.570471797000039,1,
05,5,62,028,2019,12,14,1,3,0,1,0,0,1,0,0,0,0,380177.472084597680000,5722358.380822911900000,7.268417601000067,51.639453480000043,0,
05,5,62,028,2019,12,17,1,2,6,2,2,0,1,1,0,0,0,377798.793666704560000,5723233.944016924100000,7.233754400000066,51.646810581000068,0,
05,5,70,028,2019,11,12,7,3,0,5,0,0,1,0,0,1,0,438102.425000000750000,5741606.337000001200000,8.101919115000044,51.821857382000076,0,
05,5,70,016,2019,11,23,7,3,8,1,2,0,1,0,0,0,0,418265.816495751030000,5734027.952134789900000,7.815950441000041,51.751183007000066,2,
05,5,66,044,2019,11,17,7,3,3,6,2,1,1,0,0,0,0,426840.798271705400000,5778831.234771268400000,7.930608907000021,52.155126643000074,0,
05,5,66,076,2019,11,15,7,3,5,3,0,0,1,0,0,0,0,393251.959999999960000,5793018.949000002800000,7.435321746000057,52.277163970000061,0,
05,5,66,016,2019,11,13,7,2,5,3,0,0,1,0,0,0,0,400884.153636555190000,5796429.867171734600000,7.546147894000058,52.309249051000052,0,
05,5,66,052,2019,11,13,7,3,9,2,0,0,1,0,0,0,0,380662.706366057510000,5780889.553025059400000,7.255159067000022,52.165575352000076,1,
05,5,54,056,2019,11,17,7,3,2,5,2,0,1,0,0,0,0,356836.898928158920000,5762367.420354707200000,6.914802310000027,51.993491774000063,0,
05,5,54,008,2019,11,12,7,3,5,3,0,0,1,0,0,0,0,335452.220927498300000,5750807.764129735500000,6.609134712000071,51.883725820000052,0,
05,5,54,008,2019,11,15,7,3,5,3,0,0,1,0,0,0,0,338169.097000001000000,5751436.531000001400000,6.648279549000051,51.890169516000071,0,
05,5,54,028,2019,11,19,7,3,5,2,2,0,1,0,0,0,0,357090.552000000140000,5743058.894000003100000,6.926501890000054,51.820066397000062,1,
05,5,54,032,2019,11,14,7,3,5,3,0,0,1,0,0,0,0,325401.579586245120000,5747650.533234359700000,6.464845702000048,51.852310193000051,0,
05,5,62,016,2019,11,12,7,3,2,3,0,0,1,0,0,0,0,374224.888988532130000,5737893.534733701500000,7.176835473000040,51.777766188000044,2,
05,5,62,016,2019,11,08,7,2,6,2,0,0,1,1,0,0,0,374613.507013372150000,5734015.593990601600000,7.183864786000072,51.743003102000046,1,
05,5,62,012,2019,11,14,7,3,1,6,0,0,1,0,0,0,0,359369.439986207520000,5725453.750740425700000,6.966660196000021,51.662450531000047,0,
05,5,62,024,2019,11,18,7,3,1,2,2,0,1,0,0,0,0,372273.887641601260000,5725510.415344633200000,7.153111745000047,51.666040969000051,0,
05,5,62,032,2019,11,09,7,2,2,7,0,0,1,0,0,0,0,374619.690888479350000,5714833.373272419000000,7.190833703000067,51.570614200000080,0,
05,5,13,000,2019,11,14,7,3,1,6,0,0,1,0,0,0,0,367768.223999999460000,5708711.337000003100000,7.094328559000076,51.514032232000034,0,
05,5,70,020,2019,11,18,6,3,5,3,2,0,1,0,0,0,0,433910.644953102800000,5748019.625238059100000,8.039882739000063,51.879032282000026,1,
05,5,70,024,2019,11,19,6,3,8,1,2,0,1,0,0,0,0,421326.001616708930000,5754502.498548405200000,7.855614418000073,51.935675284000069,1,
05,5,70,052,2019,11,09,6,2,0,1,0,1,0,0,0,0,0,430846.900707837190000,5757710.049477173000000,7.993434544000024,51.965774665000026,1,
05,5,66,076,2019,11,17,6,3,5,3,2,0,1,0,1,0,0,394516.368354878390000,5792907.365711804500000,7.453882579000037,52.276405210000064,1,
05,5,66,068,2019,11,05,6,3,5,3,2,0,1,0,0,0,0,377526.512270146980000,5785555.481514513500000,7.207642844000077,52.206817700000045,0,
05,5,54,048,2019,11,07,6,3,5,3,1,1,1,0,0,0,0,338713.300999999980000,5743086.903000000900000,6.660076400000037,51.815316944000074,0,
05,5,54,056,2019,11,06,6,3,9,1,2,0,1,0,0,0,0,365076.941000000570000,5763708.248999999800000,7.034213520000037,52.007602995000070,1,
05,5,62,004,2019,11,20,6,3,3,6,2,0,1,0,0,0,0,382665.165824119000000,5713528.856462802700000,7.307304433000070,51.560621398000080,0,
05,5,15,000,2019,11,09,6,3,5,2,0,1,1,0,0,0,0,405449.743999999950000,5758145.273000001900000,7.623743413000057,51.965947256000049,0,
05,5,15,000,2019,11,20,6,3,1,6,2,0,1,0,0,0,0,407929.370826257390000,5754500.678350640500000,7.660801935000052,51.933603771000037,1,
05,5,15,000,2019,11,10,6,3,2,6,0,0,1,0,0,0,0,399783.241000000390000,5757057.061999997100000,7.541608376000056,51.955173638000076,0,
05,5,62,032,2019,11,17,6,3,5,3,2,0,1,0,0,0,0,379553.235166978090000,5719384.877197092400000,7.260423702000026,51.612596127000074,0,
05,5,62,032,2019,11,12,6,3,5,3,0,1,0,0,0,0,1,374803.818000001830000,5719664.821000000500000,7.191765392000036,51.614075857000046,0,
05,5,70,040,2019,12,06,2,2,8,1,2,0,1,0,0,0,0,418039.026590896770000,5747847.492623288200000,7.809396237000044,51.875377972000081,0,
05,5,70,004,2019,12,17,2,2,8,7,2,0,1,0,0,0,0,428803.444115089250000,5733906.382502831500000,7.968600973000036,51.751528614000051,0,
05,5,70,004,2019,12,07,2,3,0,1,1,1,0,0,0,0,0,422953.809327760710000,5736140.457576377300000,7.883380733000024,51.770838052000045,1,
05,5,70,016,2019,12,15,4,3,9,6,0,0,1,0,0,0,0,411043.110401090230000,5740144.808959387200000,7.709778003000054,51.805067142000041,0,
05,5,70,052,2019,12,04,4,3,6,2,2,0,1,1,0,0,0,430443.981461763380000,5755935.290164168900000,7.987930140000060,51.949769985000046,1,
05,5,70,052,2019,12,12,4,2,5,2,0,1,1,0,0,0,0,430178.847629812550000,5756121.677237061800000,7.984035117000076,51.951412313000048,1,
05,5,66,040,2019,12,16,4,3,4,2,2,0,1,0,0,0,0,421920.426092517560000,5782581.338430659800000,7.857838230000027,52.188162096000042,0,
05,5,66,056,2019,12,17,4,3,5,1,2,0,1,0,0,0,0,416751.020337367430000,5797168.780983060600000,7.778640795000058,52.318525676000036,1,
05,5,66,008,2019,12,07,4,2,2,6,1,0,1,0,0,1,1,400709.391913870350000,5782685.781244158700000,7.547625352000068,52.185690032000082,1,
05,5,54,056,2019,12,15,4,3,5,3,0,1,1,0,0,0,0,356835.969149883840000,5762416.167018102500000,6.914768422000066,51.993929524000066,0,
05,5,54,020,2019,12,17,4,3,5,3,2,0,1,0,0,0,0,367423.951000002210000,5783954.350000001500000,7.060510232000070,52.190093322000052,1,
05,5,54,068,2019,12,15,4,2,3,6,0,0,1,0,0,0,0,348905.008681882170000,5770188.551754184100000,6.795909258000052,52.061657803000060,0,
05,5,54,032,2019,12,20,4,3,5,2,2,0,1,0,0,0,0,323579.821532178670000,5743664.053016236100000,6.440454470000020,51.815929980000078,1,
05,5,54,004,2019,12,17,4,3,5,2,2,1,1,0,0,0,0,361532.533967895430000,5771129.888192348200000,6.979601308000042,52.073415931000056,0,
05,5,54,044,2019,12,09,4,3,9,1,0,0,1,0,0,0,0,363734.097801979630000,5744200.012139437700000,7.022381645000053,51.831979807000039,0,
05,5,54,052,2019,12,07,4,3,8,1,1,0,1,0,0,0,0,371904.733544067480000,5771767.237764367800000,7.130613583000070,52.081639552000070,2,
05,5,54,004,2019,12,15,4,3,0,3,0,1,1,0,0,0,0,363866.163889423940000,5772174.663109844600000,7.013212403000068,52.083382249000067,0,
05,5,12,000,2019,12,13,4,3,0,6,0,0,1,0,0,0,0,356954.618164863440000,5722466.483969705200000,6.932990863000043,51.634998576000044,1,
05,5,15,000,2019,12,18,4,3,1,7,2,0,1,0,0,0,0,408215.788292417300000,5751410.794045239700000,7.665790461000029,51.905877223000061,1,
05,5,15,000,2019,12,15,4,3,3,3,0,1,1,0,0,0,0,408723.522000000810000,5761851.518000001100000,7.670395656000039,51.999808270000074,0,
05,5,15,000,2019,12,08,4,3,5,2,0,1,1,0,0,0,0,408056.057429024950000,5754360.771018970800000,7.662681482000039,51.932367143000079,0,
05,5,15,000,2019,12,15,4,3,8,1,0,0,0,0,0,0,1,400263.920937011950000,5761331.067769579600000,7.547358958000075,51.993675280000048,0,
05,5,15,000,2019,12,18,4,2,2,6,2,0,1,0,0,0,0,399477.395187597720000,5761327.647909313400000,7.535908359000075,51.993502730000046,0,
05,5,62,004,2019,12,16,4,3,2,6,1,0,1,0,0,0,0,383015.247844430620000,5717260.606419222400000,7.311109405000025,51.594233973000030,0,
05,5,62,012,2019,12,16,4,3,5,2,2,0,1,0,0,0,0,358516.620633226820000,5727927.540644919500000,6.953335903000038,51.684465268000054,1,
05,5,62,012,2019,12,08,4,3,8,1,0,0,0,0,1,0,0,356790.436229412440000,5724108.532404372500000,6.929948053000032,51.649711655000033,2,
05,5,62,024,2019,12,12,4,3,2,6,0,0,1,0,0,0,0,374352.270847856070000,5723908.429966703100000,7.183724073000064,51.652112588000080,1,
05,5,12,000,2019,12,18,4,3,0,7,2,1,0,0,0,0,0,356378.124128906990000,5710820.233390850900000,6.929430101000037,51.530201853000051,0,
05,5,12,000,2019,12,12,4,2,5,3,0,0,1,0,1,0,0,357112.077022119430000,5713000.843747869100000,6.939118767000025,51.549982692000071,1,
05,5,62,032,2019,12,18,4,3,5,3,1,0,1,0,0,0,0,372516.435914831240000,5721112.663359925200000,7.158219630000076,51.626574119000054,0,
05,5,62,032,2019,12,08,4,3,0,1,0,1,0,0,0,0,0,373745.028843877840000,5719181.121008474400000,7.176655610000069,51.609492382000042,2,
05,5,70,040,2019,12,06,3,3,5,3,2,1,1,0,0,0,0,413230.375000000000000,5747205.971000002700000,7.739722468000025,51.868883913000047,1,
05,5,70,052,2019,12,15,3,3,5,2,0,0,1,0,0,0,0,428756.087404730730000,5758371.129778996100000,7.962869606000027,51.971453432000033,1,
05,5,66,020,2019,12,07,3,3,6,4,2,0,1,1,0,0,0,404906.108839885330000,5804557.863523310100000,7.602821902000073,52.383012764000057,0,
05,5,66,016,2019,12,23,3,3,5,3,2,0,1,0,0,0,0,404631.914032187310000,5794344.346861515200000,7.601693354000076,52.291168483000035,1,
05,5,66,016,2019,12,05,3,3,5,2,2,0,1,0,0,0,0,405444.695431843400000,5795813.023591417800000,7.613194385000043,52.304509226000050,1,
05,5,66,084,2019,12,07,3,3,5,2,2,1,1,0,0,0,0,386054.405295753850000,5778565.826217394300000,7.334734291000075,52.145831632000068,0,
05,5,58,012,2019,12,10,3,2,5,3,0,1,1,0,0,0,0,368722.536370111630000,5755778.479668024900000,7.090328923000072,51.937220276000062,1,
05,5,54,004,2019,12,08,3,3,5,2,0,1,1,0,0,0,0,357125.829241978000000,5777230.390941040600000,6.912789840000073,52.127108674000056,1,
05,5,62,032,2019,12,22,3,2,0,6,2,0,1,0,0,0,1,373114.339000000620000,5720348.471000000800000,7.167129698000053,51.619841517000054,1,
05,5,70,008,2019,12,11,5,3,2,6,0,0,1,0,0,0,0,433966.795000000860000,5735049.265999998900000,8.043171761000053,51.762435718000063,0,
05,5,70,004,2019,12,16,5,3,4,2,1,0,1,0,0,0,0,425529.053000002170000,5736713.499000001700000,7.920573195000031,51.776338066000051,0,
05,5,62,020,2019,12,07,3,3,2,6,0,0,1,0,0,0,0,372893.790116999300000,5715635.069564495200000,7.165653504000034,51.577432606000059,1,
05,5,15,000,2019,12,18,3,3,5,7,2,1,1,0,0,0,0,408147.039149824530000,5751405.737981833500000,7.664792739000063,51.905820444000028,0,
05,5,70,044,2019,12,10,5,3,6,6,0,1,0,1,0,0,0,416896.504619435410000,5759983.107647787800000,7.789872449000029,51.984296709000034,1,
05,5,66,032,2019,12,10,5,1,9,1,0,0,1,0,0,0,0,418127.623459885830000,5775980.152151593900000,7.803960951000022,52.128275632000054,0,
05,5,62,016,2019,12,16,3,1,9,1,1,0,1,0,0,0,0,365357.355448620390000,5729018.554077414800000,7.051808119000043,51.695951288000060,1,
05,5,66,028,2019,12,13,5,3,2,6,0,0,1,0,1,0,0,412351.775316338050000,5791244.762795377500000,7.715657070000020,52.264594310000064,0,
05,5,62,024,2019,12,15,3,3,5,3,0,0,1,0,0,0,0,365767.592510117220000,5721956.359980914700000,7.060452975000032,51.632586469000046,1,
05,5,66,072,2019,12,09,5,2,5,3,0,1,1,0,0,0,0,412755.838094070550000,5802669.400300230800000,7.718613666000067,52.367345813000043,1,
05,5,66,068,2019,12,07,5,3,1,6,1,0,1,0,0,0,0,374719.144779449330000,5790659.753636241000000,7.164689539000051,52.252053685000078,2,
05,5,62,024,2019,12,13,3,2,5,3,0,1,0,0,0,0,1,370557.105034333650000,5726045.352100148800000,7.128103478000071,51.670455409000056,1,
05,5,66,076,2019,12,18,5,3,1,6,2,0,1,0,0,0,0,393054.121151730420000,5798077.310113666600000,7.430816654000068,52.322585655000069,0,
05,5,12,000,2019,12,11,3,2,9,7,0,0,1,0,0,0,0,355936.547246258710000,5711698.469908958300000,6.922709138000073,51.537980988000072,0,
05,5,66,096,2019,12,06,5,2,5,3,2,0,1,0,0,0,0,385115.468000001270000,5790267.752000000300000,7.317050090000066,52.250799790000030,1,
05,5,62,014,2019,12,07,3,3,6,4,2,0,1,1,0,0,0,360896.263132466000000,5717808.354821855200000,6.991758320000031,51.594129049000060,1,
05,5,66,008,2019,12,15,5,2,4,6,0,0,1,0,0,1,0,401323.123538314360000,5778791.238125346600000,7.557732076000036,52.150796619000062,1,
05,5,66,012,2019,12,07,5,3,5,2,2,1,1,0,0,0,0,405136.326000000350000,5771420.771000001600000,7.615502448000029,52.085218004000069,0,
05,5,62,014,2019,12,05,3,3,5,3,2,1,1,0,0,0,0,361343.555000000630000,5716455.698000000800000,6.998745960000065,51.582084205000058,1,
05,5,66,012,2019,12,21,5,3,0,7,2,0,1,0,0,0,0,400962.579788910230000,5775953.873485606200000,7.553290759000049,52.125230194000039,1,
05,5,66,012,2019,12,14,5,2,5,2,0,0,1,0,0,0,1,405943.752000001260000,5773680.861000003300000,7.626659069000027,52.105669998000053,1,
05,5,66,012,2019,12,08,5,2,5,3,0,0,1,0,0,1,0,401032.603558259080000,5777767.402539307300000,7.553785480000045,52.141542532000074,1,
05,5,54,028,2019,12,23,5,3,0,7,2,0,1,0,0,0,0,360729.917000000370000,5747352.002000000300000,6.977541739000060,51.859561394000082,1,
05,5,54,012,2019,12,09,5,3,5,3,0,0,1,0,0,0,0,352390.279999999330000,5745064.076000001300000,6.857500412000036,51.836861126000031,0,
05,5,15,000,2019,12,05,5,2,6,4,2,0,1,1,0,0,0,405090.580516369080000,5759105.751264657800000,7.618251591000046,51.974519202000067,2,
05,5,62,004,2019,12,06,5,3,0,1,2,0,0,0,1,0,0,385354.802999999370000,5710274.994000000900000,7.347148343000072,51.531929117000061,2,
05,5,62,012,2019,12,13,5,3,5,2,0,0,1,0,0,0,0,359716.836384749040000,5726249.297026939700000,6.971360330000039,51.669686000000070,0,
05,5,12,000,2019,12,18,5,3,5,3,2,0,1,0,0,0,0,357036.566239692270000,5709681.140038751100000,6.939378377000026,51.520133207000072,0,
05,5,58,004,2019,12,17,1,3,4,6,2,0,1,0,0,0,0,403100.999647499060000,5738992.468967536500000,7.594944305000070,51.793389217000026,1,
05,5,58,016,2019,12,22,1,3,8,1,2,0,1,0,0,0,0,384907.859777310860000,5747539.940535605000000,7.328409146000070,51.866761322000059,1,
05,5,58,004,2019,12,09,1,3,9,7,0,0,1,0,0,0,0,403601.296106612310000,5742889.558928631200000,7.601112117000071,51.828504926000051,1,
05,5,12,000,2019,12,17,1,3,0,1,2,0,0,0,1,0,0,352464.525589307770000,5714432.564736971600000,6.871535185000028,51.561651301000040,1,
05,5,13,000,2019,12,01,1,3,3,7,2,1,1,0,0,0,0,364658.714123610410000,5715284.559242840900000,7.047015256000066,51.572365762000061,0,
05,5,70,008,2019,12,17,7,3,2,2,2,0,1,0,0,0,0,431780.850775617170000,5740075.806381784400000,8.010513982000020,51.807361998000033,0,
05,5,66,056,2019,12,13,7,2,5,3,0,0,1,0,1,0,0,418536.592816501860000,5796472.383527623500000,7.804999591000069,52.312533998000049,1,
05,5,66,020,2019,12,11,7,2,4,1,0,0,1,0,0,0,0,405709.335583959710000,5803411.101180829100000,7.614942212000074,52.372844834000034,1,
05,5,66,012,2019,12,12,7,3,2,2,0,0,1,0,0,0,0,400747.579898145980000,5771140.550764456400000,7.551553660000025,52.081929863000028,1,
05,5,58,032,2019,12,12,7,2,2,2,0,0,1,0,0,0,0,392753.225921294650000,5751384.563262108700000,7.441112438000062,51.902879449000068,1,
05,5,58,036,2019,12,11,7,3,5,3,0,1,1,0,0,0,0,389756.023000000980000,5731088.963000003200000,7.404022298000029,51.719882818000031,1,
05,5,54,024,2019,12,12,7,2,4,6,0,0,1,0,0,0,0,365830.501673124730000,5773778.613009275900000,7.041231169000071,52.098274200000048,1,
05,5,15,000,2019,12,16,7,2,6,4,2,0,1,1,0,0,0,407527.559705618770000,5761216.484802132500000,7.653150832000051,51.993902387000048,1,
05,5,15,000,2019,12,10,7,3,5,3,0,1,1,0,0,0,0,405578.328000000680000,5756998.951000003100000,7.625929598000028,51.955665476000036,1,
05,5,15,000,2019,12,10,7,3,6,6,0,1,0,1,0,0,0,406500.288802023050000,5757658.685966534500000,7.639162746000068,51.961751274000051,1,
05,5,62,008,2019,12,18,7,3,2,6,2,0,1,0,0,0,0,384479.165009821770000,5721588.001621067500000,7.330807652000033,51.633429565000029,0,
05,5,62,014,2019,12,22,7,3,2,6,2,0,1,0,0,0,0,359513.566668721850000,5715882.881236540200000,6.972580231000052,51.576483714000062,0,
05,5,62,014,2019,12,16,7,2,2,6,2,0,1,0,0,0,0,360124.445795892740000,5712708.143287990200000,6.982653428000049,51.548107270000060,0,
05,5,62,020,2019,12,13,7,2,0,7,0,0,1,0,0,0,0,368871.498905880380000,5721392.502012290100000,7.105486293000070,51.628251340000077,0,
05,5,13,000,2019,12,23,7,3,5,2,2,0,1,0,0,0,0,364902.353434041140000,5718798.247409442400000,7.049176412000065,51.603999530000067,0,
05,5,70,020,2019,12,10,6,3,5,3,0,0,1,0,0,0,0,434149.586471151560000,5748606.741688922000000,8.043241406000050,51.884338661000072,1,
05,5,70,004,2019,12,14,6,2,4,6,0,0,1,0,0,1,0,424137.155411444600000,5736117.275589603900000,7.900532428000076,51.770791281000072,1,
05,5,70,032,2019,12,17,6,3,6,4,1,0,1,1,0,0,0,421676.228238796820000,5765735.262140056100000,7.858142429000054,52.036698208000075,1,
05,5,66,088,2019,12,19,6,3,5,2,2,0,1,0,0,0,0,414478.027399461720000,5788714.867342023200000,7.747446442000069,52.242189300000064,1,
05,5,66,076,2019,12,16,6,3,6,4,2,0,1,1,0,0,0,393411.268841493870000,5794028.648067949300000,7.437336656000070,52.286269229000027,1,
05,5,66,016,2019,12,05,6,2,9,7,2,0,1,0,0,0,0,400900.729414092380000,5796404.441190652500000,7.546398432000046,52.309023524000054,1,
05,5,54,012,2019,12,18,6,2,6,4,2,0,1,1,0,0,0,353635.522457506510000,5745322.125564448500000,6.875452000000053,51.839507425000079,1,
05,5,54,020,2019,12,17,6,3,5,3,2,1,1,0,0,0,0,365470.930030256510000,5786558.138218339500000,7.030922967000038,52.213016288000063,1,
05,5,15,000,2019,12,14,6,3,2,1,0,0,1,0,0,0,0,399375.631128516980000,5752358.899757029500000,7.537052974000062,51.912872370000059,1,
05,5,15,000,2019,12,11,6,3,2,6,0,0,1,0,0,0,0,405099.968194405550000,5756673.589452218300000,7.619060311000055,51.952659563000054,1,
05,5,15,000,2019,12,09,6,3,1,7,2,1,1,0,0,0,0,404915.907738279550000,5761189.697681220200000,7.615131736000024,51.993220594000036,1,
05,5,15,000,2019,12,12,6,3,3,2,0,1,1,0,0,0,0,405117.371744953100000,5756687.294278074100000,7.619309696000073,51.952785717000040,1,
05,5,62,004,2019,12,16,6,3,0,7,1,0,1,0,0,0,0,385897.608867164700000,5709901.370291478900000,7.355091608000066,51.528680961000077,1,
05,5,62,004,2019,12,17,6,3,5,3,2,0,1,0,0,0,0,384794.071153964850000,5716376.001353865500000,7.337068656000042,51.586649917000045,1,
05,5,62,012,2019,12,06,6,3,5,2,2,0,1,0,0,0,0,356650.307641028430000,5724511.783488189800000,6.927758674000074,51.653299402000073,1,
05,5,62,024,2019,12,11,6,2,0,7,0,0,0,0,0,0,1,367634.895705268720000,5723722.646607777100000,7.086749540000028,51.648901638000041,1,
05,5,12,000,2019,12,16,6,2,6,2,2,0,1,1,0,0,0,357952.266388947140000,5709767.601662509100000,6.952532989000076,51.521141168000042,1,
05,5,12,000,2019,12,20,6,2,4,6,2,1,0,0,0,0,0,358938.022000000810000,5719819.958000002400000,6.962697178000042,51.611718156000052,1,
05,5,12,000,2019,12,20,6,3,5,3,2,0,1,0,0,0,0,359265.879164946270000,5720073.836847957200000,6.967327142000045,51.614081533000046,1,
05,5,62,020,2019,12,16,6,2,5,3,2,0,1,0,0,0,0,367492.208008233460000,5720894.468729449400000,7.085758963000046,51.623452629000042,1,
05,5,70,008,2019,12,16,2,2,5,3,1,1,1,0,0,0,0,433179.685783440250000,5734131.677411057100000,8.031944637000038,51.754093177000073,1,
05,5,70,024,2019,12,17,2,2,4,2,2,0,1,0,0,0,0,420930.498683094050000,5754027.384915821300000,7.849971914000037,51.931348314000047,1,
05,5,70,044,2019,12,07,2,3,5,3,2,1,1,0,0,0,0,416289.684000002220000,5764381.111000003300000,7.779963705000057,52.023738874000060,1,
05,5,66,012,2019,12,13,2,3,2,6,0,0,1,0,0,0,0,401708.468596724790000,5778075.648249574000000,7.563569401000052,52.144433689000039,1,
05,5,58,012,2019,12,13,2,2,6,4,0,0,1,1,0,0,0,373920.339883699080000,5757143.461227392800000,7.165397233000022,51.950688505000073,1,
05,5,54,008,2019,12,17,2,3,5,3,2,0,1,0,0,0,0,335452.220927498300000,5750807.764129735500000,6.609134712000071,51.883725820000052,1,
05,5,54,020,2019,12,07,2,3,5,3,2,0,0,0,1,1,0,366870.376618325710000,5782627.166521579000000,7.052938009000059,52.178034587000070,1,
05,5,54,040,2019,12,07,2,3,9,1,2,0,1,0,0,0,0,351395.201540207490000,5737385.414575543300000,6.846359547000077,51.767605282000034,1,
05,5,66,076,2019,12,10,2,3,8,1,0,0,1,0,0,0,0,396972.553436570800000,5796128.012920090900000,7.488885345000028,52.305816197000070,1,
05,5,15,000,2019,12,16,2,3,2,6,1,0,1,0,0,0,1,409182.027382311410000,5758635.756734641300000,7.677924163000057,51.970978320000029,1,
05,5,15,000,2019,12,16,2,3,5,2,1,0,1,0,1,0,0,405303.276753285900000,5758215.422066133500000,7.621592782000050,51.966552852000063,1,
05,5,15,000,2019,12,16,2,3,2,6,1,0,1,0,0,0,0,406905.363419489940000,5755800.573517365400000,7.645559999000057,51.945117578000065,1,
05,5,15,000,2019,12,07,2,3,2,1,2,0,1,0,0,0,0,401787.893285165540000,5757205.471635887400000,7.570728491000068,51.956865227000037,1,
05,5,62,036,2019,12,07,2,3,6,2,2,0,1,1,0,0,0,388787.841030142270000,5719070.616721658000000,7.393837265000059,51.611671628000067,1,
05,5,62,036,2019,12,08,2,3,5,2,1,0,1,0,0,0,0,391647.217415398920000,5719498.261223111300000,7.434984302000032,51.616072975000066,1,
05,5,62,004,2019,12,18,2,3,2,6,2,0,1,0,0,0,0,382489.686191248710000,5715244.459030630100000,7.304200403000039,51.576004154000032,1,
05,5,62,012,2019,12,07,2,2,6,2,2,0,1,1,0,0,0,359772.820623040200000,5725154.128147728700000,6.972608834000027,51.659858965000069,1,