ULAND,UREGBEZ,UKREIS,UGEMEINDE,UJAHR,UMONAT,USTUNDE,UWOCHENTAG,UKATEGORIE,UART,UTYP1,ULICHTVERH,IstRad,IstPKW,IstFuss,IstKrad,IstGkfz,IstSonstige,LINREFX,LINREFY,XGCSWGS84,YGCSWGS84,STRZUSTAND,UIDENTSTLAE
05,5,62,012,2019,12,07,2,3,4,2,2,1,1,0,0,0,0,361486.237785547970000,5736278.685860959800000,6.992943786000069,51.760247948000028,1,
05,5,62,024,2019,12,06,2,3,5,2,2,1,1,0,0,0,0,370360.194000002000000,5725446.616000000400000,7.125479712000072,51.665029373000039,1,
05,5,62,024,2019,12,07,2,2,6,2,2,0,1,1,0,0,0,373588.410870587450000,5725670.343318905700000,7.172051091000071,51.667775492000033,1,
05,5,62,020,2019,12,16,2,2,5,3,2,0,1,0,0,0,0,370584.538948678410000,5720133.833791924600000,7.130686616000048,51.617336624000075,1,
05,5,13,000,2019,12,08,2,3,5,2,1,1,1,0,0,0,0,364902.881061519500000,5718793.863878877800000,7.049185715000021,51.603960264000079,1,
05,5,70,020,2019,12,06,4,2,7,5,2,1,1,0,0,0,0,432795.912015562880000,5741400.615403456600000,8.024977633000049,51.819394904000035,1,
05,5,66,032,2019,12,16,4,1,6,7,2,0,1,1,0,0,0,413594.334000000730000,5776879.910000003900000,7.737524369000028,52.135673019000080,1,
05,5,66,048,2019,12,18,4,3,1,5,2,0,1,0,0,0,0,430699.393140476200000,5795828.778905399100000,7.983517156000062,52.308418625000058,1,
05,5,58,024,2019,12,14,4,3,5,7,0,1,1,0,0,0,0,392051.343813405370000,5735753.851283149800000,7.435790193000059,51.762257381000040,1,
05,5,58,024,2019,12,07,4,2,6,4,2,0,1,1,0,0,0,389455.459332752040000,5735239.969907075200000,7.398354143000063,51.757132268000078,1,
05,5,54,056,2019,12,13,4,3,5,3,0,1,0,0,0,1,0,357170.115940013900000,5762494.391796911100000,6.919599320000032,51.994718410000075,1,
05,5,54,012,2019,12,16,4,2,5,3,0,0,1,0,0,0,0,345948.725614776830000,5750957.603077389300000,6.761451154000042,51.888070898000080,1,
05,5,54,032,2019,12,15,4,3,2,2,0,1,1,0,0,0,0,325231.898443519140000,5745174.672149872400000,6.463635367000052,51.830017970000029,0,
05,5,54,012,2019,12,16,4,3,5,2,2,1,1,0,0,0,0,351630.324000000020000,5746515.167999999600000,6.845855844000027,51.849697594000077,1,
05,5,15,000,2019,12,07,4,3,5,2,2,1,1,0,0,0,0,409844.887273781930000,5751858.098177937800000,7.689347851000036,51.910163954000041,1,
05,5,15,000,2019,12,19,4,3,4,2,2,0,1,0,0,0,0,407013.103000000120000,5757122.621999999500000,7.646769332000076,51.957018862000041,1,
05,5,15,000,2019,12,07,4,3,6,4,2,0,1,1,0,0,0,406391.780065120200000,5756346.974957533200000,7.637941320000039,51.949942723000049,1,
05,5,15,000,2019,12,12,4,3,0,3,0,1,0,0,0,0,1,402341.390175865960000,5760933.640999777200000,7.577720002000035,51.990472346000047,1,
05,5,15,000,2019,12,07,4,3,5,2,2,1,1,0,0,0,0,410231.967083139350000,5751950.920991407700000,7.694949350000059,51.911060834000068,1,
05,5,62,012,2019,12,14,4,3,5,3,0,0,1,0,0,0,0,361946.375681609850000,5737059.003762695900000,6.999296726000068,51.767373374000044,0,
05,5,62,012,2019,12,08,4,3,6,4,1,0,1,1,0,0,0,359365.364337890410000,5725064.896774279000000,6.966757759000075,51.658955342000070,1,
05,5,62,024,2019,12,15,4,2,5,3,0,0,1,0,0,0,0,371461.351000000720000,5725625.482000002600000,7.141326975000027,51.666889760000061,1,
05,5,62,014,2019,12,07,4,3,5,2,2,1,1,0,0,0,0,360966.524424940350000,5715190.791516413900000,6.993808481000031,51.570624757000076,1,
05,5,62,020,2019,12,07,4,3,6,2,2,0,1,1,0,0,0,372114.500251607040000,5718284.380283586700000,7.153448036000043,51.601065485000049,1,
05,5,62,032,2019,12,07,4,2,4,5,0,0,1,0,0,0,0,375970.175565558490000,5719579.205107804400000,7.208632729000044,51.613564600000075,0,
05,5,62,032,2019,12,07,4,3,6,2,2,0,1,1,0,0,0,380916.317000000740000,5718125.149000002100000,7.280528544000049,51.601564291000045,1,
05,5,13,000,2019,12,18,4,3,2,2,2,0,1,0,0,0,0,364719.571999999690000,5715445.348000003000000,7.047830975000068,51.573825279000062,1,
05,5,13,000,2019,12,20,4,3,2,6,2,0,1,0,0,0,0,366825.458871922460000,5712769.954893982000000,7.079215067000064,51.550284066000074,1,
05,5,13,000,2019,12,07,4,3,6,4,2,0,1,1,0,0,0,368706.186845955440000,5708950.425476357300000,7.107749089000038,51.516399628000045,1,
05,5,70,008,2019,12,14,3,3,5,3,0,0,1,0,0,0,0,432599.763065496460000,5739183.581810908400000,8.022563527000045,51.799440277000031,0,
05,5,70,004,2019,12,05,3,3,5,3,2,0,1,0,0,0,0,425403.601341717880000,5735522.752915004300000,7.919010949000040,51.765616898000076,1,
05,5,70,052,2019,12,11,3,3,0,2,0,0,1,1,0,0,0,430182.254000000660000,5756118.708000004300000,7.984085278000066,51.951386049000064,1,
05,5,66,008,2019,12,18,3,3,1,3,2,0,1,0,0,0,0,399087.990634363140000,5781295.788526210900000,7.524330338000027,52.172902925000074,0,
05,5,58,024,2019,12,07,3,3,9,1,2,0,1,0,0,0,0,387611.698480761610000,5735465.352321894800000,7.371579118000057,51.758790987000054,2,
05,5,58,012,2019,12,07,3,3,0,1,2,1,0,0,0,0,0,375243.332843892280000,5758404.550751438400000,7.184179881000034,51.962319607000040,2,
05,5,58,016,2019,12,06,3,3,8,1,2,0,1,0,0,0,0,389182.054500459690000,5741339.534682882900000,7.392446709000069,51.811899612000047,2,
05,5,58,044,2019,12,06,3,2,8,1,2,0,1,0,0,0,0,397104.608728225340000,5749826.788526967200000,7.504803195000022,51.889698709000072,2,
05,5,58,044,2019,12,17,3,3,2,6,2,0,1,0,0,0,1,396117.322152454410000,5745783.150622632400000,7.491678666000041,51.853171228000065,0,
05,5,58,032,2019,12,21,3,3,5,2,2,0,1,0,1,0,0,386752.467000000180000,5753701.997000001400000,7.353164251000067,51.922519733000058,0,
05,5,54,004,2019,12,17,3,3,5,3,2,0,1,0,0,0,0,359392.188982672060000,5768969.377989396500000,6.949282367000023,52.053464261000045,0,
05,5,54,008,2019,12,07,3,3,2,6,2,1,0,0,0,0,0,335753.939499600790000,5746236.662797302000000,6.615687703000049,51.842750881000029,1,
05,5,54,024,2019,12,08,3,3,0,7,0,1,0,0,0,0,0,369621.273732790720000,5775813.284774811900000,7.095760977000055,52.117463649000058,2,
05,5,15,000,2019,12,06,3,3,3,2,2,1,1,0,0,0,0,408454.455824344420000,5756500.363994527600000,7.667904831000044,51.951664797000035,1,
05,5,15,000,2019,12,10,3,3,6,5,0,1,0,1,0,0,0,405563.531023228540000,5756748.316479934400000,7.625783217000048,51.953410150000082,0,
05,5,15,000,2019,12,07,3,3,0,1,2,1,0,0,0,0,0,404516.865921602580000,5758342.280393797900000,7.610114119000059,51.967558576000044,1,
05,5,15,000,2019,12,08,3,3,0,2,0,0,0,0,1,0,0,407249.895999999720000,5751159.985999999600000,7.651821573000063,51.903462830000080,2,
05,5,62,036,2019,12,06,3,3,5,2,2,1,1,0,0,0,0,391683.544578506610000,5722230.866695834300000,7.434663528000044,51.640641097000071,0,
05,5,62,008,2019,12,07,3,3,0,1,2,0,0,0,1,0,0,380898.206000000240000,5725122.787999996900000,7.277886501000069,51.664451485000029,2,
05,5,13,000,2019,12,10,6,3,2,6,0,0,1,0,0,0,0,364251.257666074670000,5708857.768189340800000,7.043618430000038,51.514514038000073,1,
05,5,62,016,2019,12,07,3,3,9,1,0,0,1,0,0,0,0,378688.207132639360000,5734368.716933082800000,7.242730359000063,51.747073615000033,2,
05,5,62,024,2019,12,07,3,2,4,6,1,0,1,0,0,0,0,364657.307818061670000,5723608.569894705000000,7.043781333000027,51.647167663000062,2,
05,5,12,000,2019,12,05,3,3,1,7,2,0,1,0,0,0,1,353389.491007434200000,5711815.786781245800000,6.885960234000038,51.538379379000048,2,
05,5,12,000,2019,12,10,3,3,5,3,0,0,1,0,0,0,0,355616.364410096780000,5708983.836539695000000,6.919208217000062,51.513506167000060,1,
05,5,62,014,2019,12,08,3,3,0,1,0,0,0,0,1,0,0,358304.106999999840000,5716342.949000002800000,6.954952302000038,51.580315115000076,2,
05,5,62,032,2019,12,19,3,3,5,3,2,1,1,0,0,0,0,374212.503728297540000,5719181.309307793200000,7.183403043000055,51.609598707000032,0,
05,5,13,000,2019,12,14,3,3,2,6,0,0,1,0,0,0,0,365978.622056774800000,5716466.622793514300000,7.065598814000055,51.583303660000070,0,
05,5,13,000,2019,12,15,3,3,2,2,0,0,1,0,1,0,0,365230.000364468430000,5718713.237801440100000,7.053937394000059,51.603314106000028,0,
05,5,13,000,2019,12,06,3,3,0,1,2,0,0,0,0,0,1,368397.201859525400000,5705287.963922806100000,7.104664724000031,51.483413921000079,1,
05,5,70,036,2019,12,07,5,3,5,3,2,1,1,0,0,0,0,434628.743351869290000,5766774.308783773300000,8.046743297000035,52.047717295000041,1,
05,5,66,028,2019,12,19,5,3,5,3,2,1,1,0,0,0,0,411603.496000000280000,5793648.516000000800000,7.704065193000076,52.286080050000066,0,
05,5,66,028,2019,12,06,5,1,9,1,2,0,1,0,0,0,0,408453.786816938780000,5795557.094100341200000,7.657383781000021,52.302718766000055,1,
05,5,66,016,2019,12,19,5,3,0,1,2,0,1,0,0,0,0,402118.818619222380000,5794791.959468498800000,7.564728153000033,52.294749550000063,1,
05,5,66,084,2019,12,16,5,2,0,4,1,0,1,1,0,0,0,386047.979591666720000,5778555.048381084600000,7.334644039000068,52.145733447000055,1,
05,5,66,008,2019,12,17,5,3,4,2,2,1,1,0,0,0,0,397422.218054698780000,5781518.347742205500000,7.499912870000060,52.174596052000027,0,
05,5,66,028,2019,12,15,5,3,5,3,0,1,1,0,0,0,0,411055.435782996010000,5792462.010181397200000,7.696345657000052,52.275327071000049,0,
05,5,54,068,2019,12,07,5,2,9,1,2,0,1,0,0,0,0,349066.812286753210000,5765335.062711997000000,6.800410016000058,52.018096897000078,1,
05,5,15,000,2019,12,09,5,3,2,6,0,0,1,0,1,0,0,405588.595627725120000,5754353.263376345900000,7.626805466000064,51.931886565000070,1,
05,5,15,000,2019,12,07,5,3,5,7,2,1,1,0,0,0,0,406447.668613912540000,5750769.031019331900000,7.640270366000038,51.899814571000036,1,
05,5,15,000,2019,12,17,5,3,5,3,2,1,1,0,0,0,0,404979.295408288020000,5758200.118712961700000,7.616882621000059,51.966360014000031,0,
05,5,62,024,2019,12,16,5,2,6,7,2,0,1,1,0,0,0,370579.085088470020000,5725477.905402449900000,7.128631348000056,51.665361017000066,0,
05,5,58,004,2019,12,01,1,3,8,1,2,0,1,0,0,0,0,402145.993176533840000,5735441.406057138000000,7.582102008000049,51.761304073000076,1,
05,5,58,012,2019,12,20,1,3,2,6,2,0,1,0,0,0,1,376060.030999999490000,5754870.601000003500000,7.197334509000029,51.930744130000051,0,
05,5,62,014,2019,12,23,1,3,8,6,2,0,1,0,0,0,0,356615.698140555990000,5715282.162784023200000,6.931034086000068,51.570356183000058,0,
05,5,62,032,2019,12,17,1,3,1,6,2,0,1,0,0,0,1,375898.989748329860000,5717204.855227841100000,7.208445340000026,51.592210232000070,0,
05,5,70,028,2019,12,08,3,3,0,6,0,0,1,0,0,0,0,443160.171416417700000,5738706.836895115700000,8.175769759000048,51.796327369000039,1,
05,5,70,004,2019,12,07,3,2,0,6,1,1,0,1,0,0,0,425387.129498492930000,5735516.041542472300000,7.918773740000063,51.765554370000075,1,
05,5,70,024,2019,12,18,3,3,3,6,1,0,1,0,0,0,0,420930.498683094050000,5754027.384915821300000,7.849971914000037,51.931348314000047,1,
05,5,70,036,2019,12,07,3,3,6,2,2,0,1,1,0,0,0,434103.388969708230000,5762005.040351172900000,8.040002146000063,52.004781011000034,0,
05,5,70,052,2019,12,07,3,2,0,2,2,0,1,1,0,0,0,430182.254000000660000,5756118.708000004300000,7.984085278000066,51.951386049000064,1,
05,5,70,004,2019,12,17,7,3,4,2,2,1,1,0,0,0,0,422791.263331875210000,5732895.487799542000000,7.881746287000055,51.741644617000077,1,
05,5,66,076,2019,12,12,7,3,5,3,0,0,1,0,0,0,0,395344.229033370500000,5793956.291470609600000,7.465686516000062,52.285990443000060,1,
05,5,66,092,2019,12,17,3,3,5,3,2,0,1,0,0,0,0,421316.633842014710000,5793077.567070387300000,7.846564476000026,52.282424550000030,0,
05,5,66,076,2019,12,09,3,3,5,2,0,0,1,0,0,0,0,397097.395880923610000,5796089.212270638000000,7.490727593000031,52.305490888000065,0,
05,5,66,084,2019,12,11,3,3,8,1,0,0,1,0,0,0,0,385844.676217410710000,5778287.359817322300000,7.331764138000040,52.143285771000080,0,
05,5,66,016,2019,12,14,7,3,5,3,0,0,1,0,0,0,0,403479.736931643450000,5792211.503616824700000,7.585416107000071,52.271797763000052,1,
05,5,66,008,2019,12,17,3,2,2,5,2,0,1,0,0,0,0,398591.023065119050000,5783998.082264697200000,7.516257338000060,52.197099111000057,0,
05,5,66,028,2019,12,20,7,3,0,3,2,1,1,0,0,0,0,412570.933157896620000,5792528.329228360200000,7.718534927000064,52.276166265000029,1,
05,5,66,008,2019,12,16,3,3,5,3,2,1,1,0,0,0,0,399416.217023896050000,5781809.153848398500000,7.528976163000039,52.177576839000039,1,
05,5,58,044,2019,12,18,3,3,5,3,2,1,1,0,0,0,0,396122.554999999700000,5745802.081000000200000,7.491748926000071,51.853342349000059,0,
05,5,66,056,2019,12,18,7,3,8,1,2,0,1,0,0,0,0,415766.363735258580000,5797015.578058553900000,7.764236726000036,52.316998413000078,0,
05,5,58,040,2019,12,13,7,3,8,1,0,0,1,0,0,0,0,371370.437336626460000,5764254.755453908800000,7.125648187000024,52.014008034000028,0,
05,5,58,044,2019,12,15,3,3,8,1,0,0,1,0,0,0,0,395651.728306545880000,5746271.515802299600000,7.484773581000070,51.857473819000063,0,
05,5,58,012,2019,12,06,7,3,8,1,2,0,0,0,0,0,1,371717.069254626520000,5746448.021665999700000,7.137336069000071,51.854071840000074,1,
05,5,58,008,2019,12,17,3,3,5,2,2,0,1,0,0,0,0,379038.170108782130000,5755774.473079880700000,7.240310383000065,51.939522233000048,1,
05,5,62,032,2019,12,17,7,3,5,3,1,0,1,0,1,0,0,376492.314935951490000,5718377.197370450900000,7.216593515000056,51.602876712000068,1,
05,5,58,016,2019,12,15,3,3,5,3,1,1,1,0,0,0,0,386623.192850247030000,5744181.761261161400000,7.354412801000024,51.836931023000034,0,
05,5,54,012,2019,12,13,3,2,0,1,0,1,0,0,0,0,0,351938.290000000040000,5743578.270999999700000,6.851580486000046,51.823391691000040,0,
05,5,13,000,2019,12,12,7,3,0,7,0,0,0,0,1,0,0,369708.035488540310000,5706149.773548264100000,7.123214270000062,51.491462433000038,1,
05,5,54,064,2019,12,07,3,3,5,3,2,1,1,0,0,0,0,356856.876000000160000,5746758.715999998200000,6.921583190000035,51.853250576000050,1,
05,5,13,000,2019,12,07,7,3,6,2,2,0,1,1,0,0,0,366857.134747402740000,5705383.146086515900000,7.082462166000028,51.483908848000056,1,
05,5,62,032,2019,12,00,3,2,3,6,2,0,1,0,0,0,1,373265.533575133420000,5715769.318037999800000,7.170966967000027,51.578722804000051,0,
05,5,62,020,2019,12,16,3,2,2,6,2,0,0,0,0,1,1,371846.547297659330000,5715401.852983582800000,7.150633642000059,51.575099590000036,0,
05,5,62,004,2019,12,20,3,1,2,6,2,0,1,0,0,1,0,382782.487961897630000,5718316.415513349700000,7.307397844000036,51.603674831000035,1,
05,5,15,000,2019,12,07,3,3,5,2,2,1,1,0,0,0,0,407661.814458773470000,5758360.944625083400000,7.655874222000023,51.968257676000064,0,
05,5,62,016,2019,12,10,3,2,4,2,0,0,1,0,0,0,0,372177.387223755010000,5733096.135370440800000,7.148936736000053,51.734189843000081,0,
05,5,62,012,2019,12,07,3,3,6,4,2,0,1,1,0,0,0,364392.482528512370000,5732021.183045057600000,7.036687638000046,51.722701015000041,1,
05,5,62,012,2019,12,16,3,3,5,2,1,1,1,0,0,0,0,360421.676306213250000,5726363.124484907800000,6.981500734000065,51.670884384000033,0,
05,5,12,000,2019,12,16,3,3,1,6,2,0,1,0,0,0,0,355662.947695363310000,5712264.946950025900000,6.918534531000034,51.543001305000075,0,
05,5,12,000,2019,12,18,3,3,2,6,2,0,1,0,0,0,0,356270.645222361200000,5710378.046164648600000,6.928062126000043,51.526201100000037,0,
05,5,62,014,2019,12,13,3,3,5,3,0,0,1,0,1,0,0,358294.478990640490000,5714219.543150017000000,6.955669817000057,51.561232008000047,0,
05,5,13,000,2019,12,14,3,3,1,6,0,0,1,0,0,0,0,368227.941286656070000,5704985.315892376000000,7.102341406000051,51.480654668000057,0,
05,5,13,000,2019,12,08,3,3,2,6,0,0,1,0,0,0,0,368748.078566366810000,5708965.997146962200000,7.108346694000034,51.516549303000033,0,
05,5,70,048,2019,12,15,6,2,9,1,0,0,1,0,0,0,0,449372.974200205880000,5728092.911673443400000,8.267398118000074,51.701498693000076,1,
05,5,66,028,2019,12,20,6,3,2,6,2,0,1,0,0,0,0,413026.005324650560000,5793959.848170809400000,7.724833858000068,52.289105367000047,1,
05,5,66,056,2019,12,19,6,3,5,2,2,0,0,1,0,0,1,416752.590000000780000,5797167.967000003900000,7.778664020000065,52.318518598000026,1,
05,5,62,004,2019,12,11,3,3,3,6,0,0,1,0,0,0,0,383930.756816679610000,5713641.177484633400000,7.325516576000041,51.561892787000033,0,
05,5,66,036,2019,12,16,6,3,5,2,1,0,1,0,0,0,0,387877.129000000660000,5768625.905999999500000,7.364632045000064,52.056873293000081,1,
05,5,58,044,2019,12,22,6,2,4,6,2,0,1,0,0,0,0,397186.693069212140000,5753362.622792691000000,7.504940570000031,51.921494082000038,1,
05,5,62,004,2019,12,15,3,2,2,6,0,0,1,0,0,1,0,386318.214033840220000,5716460.696195900400000,7.359031573000038,51.587720703000059,0,
05,5,70,044,2019,12,07,2,3,5,3,1,1,1,0,0,0,0,416350.672000001180000,5759109.844999998800000,7.782139052000048,51.976365068000064,0,
05,5,54,020,2019,12,17,6,2,9,7,2,0,1,0,0,0,0,365463.724957087080000,5786546.889131179100000,7.030822046000026,52.212913452000066,1,
05,5,66,076,2019,12,18,2,3,2,2,2,1,1,0,0,0,1,393661.580000001010000,5792979.388000002100000,7.441335886000047,52.276887814000077,1,
05,5,54,060,2019,12,17,6,3,5,3,2,1,1,0,0,0,0,350470.372498068030000,5756080.247127376500000,6.824880717000042,51.935327015000041,1,
05,5,66,076,2019,12,17,2,2,6,2,2,0,1,1,0,0,0,394025.843073387630000,5791834.143869496900000,7.447032776000071,52.266665574000058,1,
05,5,66,076,2019,12,21,2,3,8,1,2,0,1,0,0,0,0,393185.695491228250000,5793327.612097101300000,7.434253074000026,52.279925107000054,1,
05,5,54,012,2019,12,17,6,2,6,4,2,0,1,1,0,0,0,353051.894630862400000,5745582.780389793200000,6.866875971000070,51.841696135000063,1,
05,5,15,000,2019,12,13,6,3,5,3,0,1,1,0,0,0,0,412769.932926763780000,5753044.804925525600000,7.731559387000061,51.921296893000033,1,
05,5,58,044,2019,12,07,2,3,2,6,2,0,1,0,0,0,0,396220.745554665100000,5751630.072542412200000,7.491421517000049,51.905742765000070,1,
05,5,15,000,2019,12,08,6,2,6,7,1,1,0,1,0,0,0,405407.586000000130000,5751710.047000000300000,7.624899740000046,51.908097312000052,0,
05,5,54,016,2019,12,05,2,3,0,6,2,1,1,0,0,0,0,363905.416358519350000,5756877.952768910700000,7.019864387000041,51.945942612000067,1,
05,5,15,000,2019,12,12,6,3,0,1,0,1,0,0,0,0,0,407068.604020216500000,5757437.696162127000000,7.647491556000034,51.959860189000040,1,
05,5,62,004,2019,12,17,6,2,6,2,2,0,1,1,0,0,0,382881.089277904480000,5713230.348489463300000,7.310517369000024,51.557983369000056,1,
05,5,62,012,2019,12,09,6,3,2,6,0,0,1,0,0,0,0,357850.201104085890000,5724869.620398780300000,6.944946605000041,51.656819498000061,1,
05,5,15,000,2019,12,13,2,3,5,1,0,0,1,0,0,0,0,399772.542358919050000,5757061.523666985300000,7.541451439000070,51.955211812000073,0,
05,5,62,024,2019,12,19,6,2,4,2,2,0,1,0,0,0,0,374448.601469078100000,5723928.042586628300000,7.185108767000031,51.652310368000030,1,
05,5,15,000,2019,12,14,2,3,5,3,0,1,0,0,0,0,0,404657.608373337430000,5758307.426754081600000,7.612171844000045,51.967269457000043,0,
05,5,12,000,2019,12,18,6,2,6,4,2,0,1,1,0,0,0,354174.581837633620000,5709762.837610768200000,6.898122562000026,51.520135709000044,1,
05,5,62,004,2019,12,06,2,3,2,6,2,0,1,0,0,0,1,383186.283465633170000,5713723.415943246300000,7.314754019000077,51.562478219000070,1,
05,5,12,000,2019,12,18,6,3,6,2,2,0,1,1,0,0,0,355668.212551081550000,5718956.172389600400000,6.915861442000050,51.603127789000041,1,
05,5,62,016,2019,12,15,2,3,2,6,1,0,1,0,0,0,0,381169.751415568400000,5733312.703094808400000,7.279019981000033,51.738114726000049,0,
05,5,62,014,2019,12,12,6,3,5,3,0,0,1,0,1,0,0,361343.555000000630000,5716455.698000000800000,6.998745960000065,51.582084205000058,1,
05,5,62,032,2019,12,19,6,2,6,2,2,0,1,1,0,0,0,375789.566403534260000,5714006.545529568600000,7.207997650000038,51.563442258000066,1,
05,5,62,024,2019,12,12,2,3,5,3,0,0,1,0,0,0,0,371240.929999999700000,5725596.420999998200000,7.138152201000025,51.666578130000062,0,
05,5,62,014,2019,12,00,2,2,9,1,2,0,1,0,0,0,0,361330.675093119960000,5714121.832665914700000,6.999481323000055,51.561108621000074,0,
05,5,13,000,2019,12,18,6,2,6,2,2,0,1,1,0,0,0,368372.065208794550000,5708855.998656151800000,7.102971714000034,51.515473283000063,1,
05,5,13,000,2019,12,17,6,2,6,2,2,0,1,1,0,0,0,366775.441561060960000,5708123.624976595900000,7.080251665000048,51.508517429000051,1,
05,5,13,000,2019,12,11,6,3,3,2,0,0,1,0,0,1,0,367073.555307261650000,5710381.243925802400000,7.083693306000043,51.528876106000041,1,
05,5,54,036,2019,12,14,2,2,9,1,0,0,1,0,0,0,0,367255.149000001140000,5768844.920000001800000,7.063936427000044,52.054285148000076,1,
05,5,70,048,2019,12,12,1,2,9,1,0,0,1,0,0,0,0,451976.838374686430000,5729410.016940621700000,8.304892972000062,51.713569340000049,0,
05,5,70,044,2019,12,03,1,3,0,1,2,1,0,0,0,0,0,416773.986501718870000,5759879.386364962900000,7.788113975000044,51.983346020000056,1,
05,5,66,088,2019,12,08,1,2,8,1,1,0,1,0,0,0,0,414185.069312398320000,5787920.972765443800000,7.743358487000023,52.235007839000048,1,
05,5,66,076,2019,12,16,1,3,0,1,1,1,0,0,0,0,0,393516.832365485840000,5789053.359927026600000,7.440453555000033,52.241575699000066,1,
05,5,66,068,2019,12,15,1,2,2,6,1,0,1,0,0,0,0,381027.325838571410000,5781319.169623613400000,7.260336929000061,52.169514838000055,0,
05,5,66,084,2019,12,18,1,1,6,4,2,0,1,1,0,0,0,389745.151369254100000,5776171.540085379000000,7.389425875000029,52.125062784000079,0,
05,5,66,072,2019,12,02,1,3,8,1,2,0,1,0,0,0,0,409328.338504672050000,5797952.884665630800000,7.669560585000056,52.324397334000082,1,
05,5,66,028,2019,12,17,5,2,0,1,2,1,0,0,0,0,0,417389.835073839870000,5790907.576716892400000,7.789545820000058,52.262343339000040,0,
05,5,66,076,2019,12,14,5,2,5,2,0,1,1,0,0,0,0,395272.502304067840000,5793950.479422984600000,7.464637176000053,52.285924545000057,0,
05,5,66,068,2019,12,12,5,3,8,1,0,0,1,0,0,0,0,375509.765618626960000,5784089.559120385000000,7.178683221000028,52.193192931000056,0,
05,5,66,028,2019,12,17,5,3,5,3,2,1,1,0,0,0,0,412260.899128618650000,5792116.488985151100000,7.714099080000040,52.272415140000078,0,
05,5,58,044,2019,12,17,5,3,5,3,2,1,1,0,0,0,0,396224.168664768340000,5746370.712878160200000,7.493053002000067,51.858472154000026,0,
05,5,58,024,2019,12,14,5,2,5,3,0,0,1,0,1,0,0,384630.295091209930000,5733553.388371760000000,7.329034780000029,51.741000943000074,0,
05,5,58,044,2019,12,05,5,3,8,1,2,0,1,0,0,0,0,394572.215349010190000,5753504.484651934400000,7.466893227000071,51.922280202000081,0,
05,5,54,052,2019,12,16,5,3,0,1,1,1,0,0,0,0,0,378812.827411890030000,5771655.628177771300000,7.231414569000037,52.082191876000081,0,
05,5,62,016,2019,12,18,5,3,3,6,2,0,1,0,0,0,0,372219.449088333170000,5733065.665508696800000,7.149556699000073,51.733925610000028,0,
05,5,15,000,2019,12,07,5,3,5,2,1,1,1,0,0,0,0,401648.180000000630000,5755592.414000000800000,7.569157521000022,51.942342003000078,0,
05,5,15,000,2019,12,18,5,2,5,3,2,1,1,0,0,0,0,406128.462000002150000,5757704.004999999000000,7.633740283000066,51.962095966000049,0,
05,5,62,036,2019,12,18,5,2,8,1,2,0,0,0,1,0,0,387734.988282942210000,5721787.439715266200000,7.377767371000061,51.635881280000035,0,
05,5,62,004,2019,12,16,5,3,2,6,0,0,0,0,1,0,0,382890.007830497810000,5712974.594543416100000,7.310731142000066,51.555686574000049,0,
05,5,62,004,2019,12,11,5,2,4,1,0,0,1,0,0,0,0,383147.436157785360000,5717141.584549687800000,7.313056533000065,51.593191678000039,0,
05,5,62,024,2019,12,18,5,3,5,3,2,1,1,0,0,0,0,371425.733009524640000,5725620.758564429400000,7.140813967000042,51.666839162000031,0,
05,5,62,014,2019,12,17,5,3,4,2,2,0,1,0,0,0,0,361206.066000001510000,5715222.468000004100000,6.997250172000065,51.570968422000078,0,
05,5,62,032,2019,12,11,5,2,2,6,0,0,1,0,0,0,0,373613.507131359540000,5720258.184137854700000,7.174368829000059,51.619142424000074,0,
05,5,13,000,2019,12,11,5,3,2,6,0,0,1,0,0,0,0,367247.191490580330000,5708968.425233803700000,7.086727317000054,51.516220414000031,0,
05,5,13,000,2019,12,09,5,3,0,2,0,0,1,1,0,0,0,368452.353127519600000,5707826.603502696400000,7.104512224000075,51.506241031000059,0,
05,5,13,000,2019,12,15,5,3,5,3,0,1,1,0,0,0,0,368981.864000000990000,5711009.960999999200000,7.110953920000043,51.534972263000043,0,
05,5,62,004,2019,12,05,2,3,3,1,2,0,1,0,0,1,0,386889.084914328530000,5716435.183056661900000,7.367276564000065,51.587606280000045,1,
05,5,70,028,2019,12,01,1,2,9,1,2,0,1,0,0,0,0,440997.242039653470000,5745332.448265021700000,8.143279668000048,51.855669066000075,0,
05,5,66,032,2019,12,13,1,2,4,6,0,0,1,0,0,0,1,412048.454281180170000,5780613.590101372500000,7.713976794000075,52.168989139000075,1,
05,5,54,064,2019,12,20,1,3,8,1,2,0,1,0,0,0,0,356698.093882472250000,5747460.708332495800000,6.918988261000038,51.859517408000045,1,
05,5,54,012,2019,12,15,1,3,5,2,0,0,1,0,0,0,0,351105.508000001310000,5747557.702999999700000,6.837792919000037,51.858924810000076,1,
05,5,15,000,2019,12,19,1,3,6,2,2,0,1,1,0,0,0,405032.109000001100000,5758076.655000004900000,7.617685278000067,51.965259299000081,1,
05,5,15,000,2019,12,18,1,3,5,2,2,0,1,0,0,0,0,401782.034554470330000,5757201.970083862500000,7.570644259000062,51.956832720000079,1,
05,5,12,000,2019,12,19,1,2,2,6,2,0,1,0,0,0,0,357448.342144756580000,5709708.885463822600000,6.945298226000034,51.520486595000079,1,
05,5,62,032,2019,12,05,1,2,9,1,2,0,1,0,0,0,0,377437.111423440280000,5718526.157979250000000,7.230176939000046,51.604421872000046,1,
05,5,62,004,2019,12,19,1,2,9,1,2,0,1,0,0,0,0,380752.299082681540000,5713354.617564519900000,7.279781416000049,51.558654224000065,1,
05,5,70,016,2019,12,17,7,2,5,2,2,0,1,0,0,0,0,414306.373140475710000,5738854.283585559600000,7.757414777000065,51.793976119000035,0,
05,5,54,048,2019,12,20,7,3,0,1,2,1,0,0,0,0,0,341072.529290422800000,5746569.304832695100000,6.692674559000068,51.847278357000050,0,
05,5,54,064,2019,12,11,7,3,4,1,0,0,1,0,0,0,0,361333.471669060180000,5756039.898084271700000,6.982806121000067,51.937777189000030,0,
05,5,54,020,2019,12,07,7,2,8,1,1,0,1,0,0,0,0,367102.122850483280000,5781847.502041772000000,7.056630680000069,52.171084772000029,0,
05,5,62,016,2019,12,02,7,2,9,1,2,0,1,0,0,0,0,372198.319488899780000,5732862.152120130100000,7.149325609000073,51.732091885000045,1,
05,5,58,020,2019,12,14,7,2,0,1,0,1,0,0,0,0,0,391134.583000000570000,5759264.572000000600000,7.415100050000035,51.973388022000051,0,
05,5,62,012,2019,12,13,7,2,9,1,0,0,0,0,1,0,0,355935.139025980610000,5735870.016197871400000,6.912734533000048,51.755175479000059,0,