ULAND,UREGBEZ,UKREIS,UGEMEINDE,UJAHR,UMONAT,USTUNDE,UWOCHENTAG,UKATEGORIE,UART,UTYP1,ULICHTVERH,IstRad,IstPKW,IstFuss,IstKrad,IstGkfz,IstSonstige,LINREFX,LINREFY,XGCSWGS84,YGCSWGS84,STRZUSTAND,UIDENTSTLAE
05,5,62,024,2019,12,10,7,3,0,7,0,0,0,0,0,0,1,365764.812600515780000,5724198.828071486200000,7.059552535000023,51.652737406000028,0,
05,5,13,000,2019,12,11,7,3,6,6,0,0,1,1,0,0,0,366107.512145592830000,5712574.745814301100000,7.068940684000040,51.548359901000026,0,
05,5,62,004,2019,12,14,5,2,3,7,0,0,1,0,0,1,0,381330.356107917610000,5713292.500042296900000,7.288137181000025,51.558217848000027,0,
05,5,70,024,2019,12,16,4,3,2,2,2,0,1,0,0,0,0,416735.961781969290000,5749523.211569938800000,7.790067437000062,51.890248203000056,0,
05,5,66,028,2019,12,19,4,3,1,5,2,1,1,0,0,0,0,411551.574949983510000,5794565.283090641700000,7.703063560000032,52.294311790000052,0,
05,5,66,068,2019,12,10,4,3,5,3,0,1,1,0,0,0,0,375893.565283488480000,5785959.700092410700000,7.183609986000022,52.210084774000052,0,
05,5,70,040,2019,12,07,6,3,5,3,2,0,1,0,0,0,0,419119.565813788210000,5746389.145942786700000,7.825430654000058,51.862426261000053,0,
05,5,66,012,2019,12,06,4,3,5,2,2,0,1,0,0,0,0,410855.494301545430000,5774910.441176256200000,7.698034231000065,52.117535468000028,1,
05,5,70,016,2019,12,11,6,3,5,3,0,0,1,0,0,0,0,418265.869989279660000,5734027.948180403600000,7.815951216000030,51.751182980000067,1,
05,5,66,080,2019,12,06,4,3,8,7,2,0,1,0,0,0,0,403523.583192098890000,5782004.730765070800000,7.588970034000056,52.180068233000043,1,
05,5,66,044,2019,12,12,6,2,2,6,0,0,1,0,0,0,0,427675.351054116150000,5778588.133469833100000,7.942857336000031,52.153051311000070,1,
05,5,66,056,2019,12,17,6,3,8,1,2,0,1,0,0,0,0,415632.048013777470000,5797747.612672373700000,7.762083101000030,52.323557582000035,0,
05,5,54,016,2019,12,13,4,3,5,3,0,0,1,0,1,0,0,362177.245081149970000,5757704.346886547300000,6.994405202000053,51.952942756000027,0,
05,5,66,020,2019,12,07,6,3,6,1,2,0,1,1,0,0,0,404666.981047987010000,5804069.903536411000000,7.599448424000059,52.378585558000054,0,
05,5,54,044,2019,12,13,4,3,5,2,0,0,1,0,0,0,1,363836.066359293650000,5741232.138130158200000,7.025027336000051,51.805335690000049,0,
05,5,66,060,2019,12,11,6,2,4,6,0,0,1,0,0,1,0,390478.502214176580000,5788203.463344980000000,7.396248376000074,52.233341480000036,0,
05,5,66,008,2019,12,06,6,3,0,4,2,0,1,1,0,0,0,399980.487000000660000,5777740.833000002400000,7.538424065000072,52.141114238000057,0,
05,5,58,020,2019,12,06,6,2,8,1,2,0,1,0,0,0,0,397131.608661280940000,5760798.184418324400000,7.501913775000048,51.988314410000044,0,
05,5,58,016,2019,12,05,4,2,9,1,2,0,1,0,0,0,0,379808.116299536080000,5745100.298691131200000,7.255225537000058,51.843760875000044,1,
05,5,54,004,2019,12,11,6,3,5,3,0,1,1,0,0,0,0,362163.982151256870000,5772902.791422061600000,6.988092288000075,52.089503498000056,1,
05,5,15,000,2019,12,16,4,3,5,3,1,0,1,0,0,0,0,399752.786000002180000,5753675.604000002100000,7.542151042000057,51.924775146000059,0,
05,5,54,056,2019,12,07,6,3,3,2,2,1,1,0,0,0,0,358765.525346527810000,5761500.993008950700000,6.943230251000045,51.986200568000072,0,
05,5,62,024,2019,12,07,4,3,5,3,2,1,1,0,0,0,0,370440.284592853860000,5726561.599670531200000,7.126223600000060,51.675067817000070,1,
05,5,54,016,2019,12,08,6,3,9,7,0,0,1,0,0,0,0,368748.932382230650000,5759976.092581441600000,7.089109217000043,51.974946359000057,0,
05,5,54,012,2019,12,22,6,2,5,3,2,0,1,0,0,0,0,353242.551000000910000,5745435.431000001700000,6.869704020000029,51.840422342000068,1,
05,5,54,012,2019,12,09,6,3,5,3,0,1,1,0,0,0,0,353037.582604240630000,5745594.895657654900000,6.866663223000046,51.841801224000051,0,
05,5,12,000,2019,12,14,4,3,2,6,0,0,1,0,0,0,1,355543.277900081130000,5712486.770996782900000,6.916718958000047,51.544963935000055,0,
05,5,12,000,2019,12,14,4,3,0,1,0,1,1,0,0,0,0,356654.173597575170000,5711799.624853469400000,6.933008336000057,51.539072635000082,0,
05,5,15,000,2019,12,09,6,3,5,3,0,1,1,0,0,0,0,405927.821000002320000,5756686.611999999700000,7.631099531000075,51.952917262000028,0,
05,5,15,000,2019,12,15,6,3,5,3,0,1,1,0,0,0,0,405971.441699692980000,5756361.537589373100000,7.631823028000042,51.950002718000064,1,
05,5,12,000,2019,12,08,4,3,2,6,0,0,1,0,0,0,0,356646.962555970070000,5711929.550048021600000,6.932851515000039,51.540238287000079,0,
05,5,15,000,2019,12,11,6,3,5,2,0,1,0,0,0,0,1,406124.492908835410000,5756700.176101796300000,7.633956836000039,51.953072415000065,0,
05,5,62,014,2019,12,20,4,3,5,2,2,0,1,0,0,0,0,360412.838450164530000,5718019.790024811400000,6.984699639000041,51.595909435000067,0,
05,5,15,000,2019,12,07,6,3,5,2,1,1,1,0,0,0,0,406657.653000000860000,5757654.217000002000000,7.641453614000056,51.961737546000052,0,
05,5,15,000,2019,12,18,6,3,0,5,2,1,0,0,0,0,1,405609.347764409150000,5756969.282573679500000,7.626389023000058,51.955404070000043,1,
05,5,62,014,2019,12,11,4,2,3,6,0,0,1,0,1,0,0,360105.848042498340000,5715676.524796277300000,6.981204157000036,51.574776684000028,0,
05,5,15,000,2019,12,15,6,3,5,2,0,1,1,0,0,0,0,405259.542502204890000,5756956.250351112300000,7.621303699000066,51.955227446000038,1,
05,5,62,024,2019,12,05,6,3,5,3,2,0,1,0,0,0,0,368698.946582965550000,5724732.671050466600000,7.101741310000023,51.658227768000074,0,
05,5,62,014,2019,12,11,6,2,5,3,0,1,1,0,0,0,0,359577.353599900380000,5717977.876435745500000,6.972662143000036,51.595325158000037,1,
05,5,62,020,2019,12,08,6,3,0,3,0,0,1,0,0,0,0,371133.271578512150000,5719966.967200145100000,7.138669516000050,51.615962922000051,0,
05,5,62,020,2019,12,12,6,3,2,6,0,0,1,0,0,0,0,369728.831981262190000,5719586.234893126400000,7.118537247000063,51.612218128000052,0,
05,5,62,020,2019,12,17,6,3,1,6,2,0,1,0,0,0,0,371664.696668841880000,5716389.555391300500000,7.147649901000023,51.583934606000071,1,
05,5,62,032,2019,12,08,6,3,5,3,1,0,1,0,0,0,0,373298.750128400510000,5718859.237166266900000,7.170330416000070,51.606499371000041,0,
05,5,13,000,2019,12,19,6,3,6,4,2,0,1,1,0,0,0,367683.677706407380000,5713747.871154667800000,7.091217863000054,51.559274168000059,0,
05,5,62,014,2019,12,08,4,2,6,2,1,0,1,1,0,0,0,361081.050036938860000,5714796.778359357300000,6.995615712000074,51.567112338000072,0,
05,5,62,020,2019,12,07,4,3,5,2,2,1,1,0,0,0,0,373561.881283770320000,5713310.754504164700000,7.176126115000045,51.556694096000058,0,
05,5,62,032,2019,12,09,4,3,2,2,0,0,1,0,0,0,0,375236.122054608540000,5719950.892606969900000,7.197904072000029,51.616742788000067,0,
05,5,13,000,2019,12,18,4,3,5,2,1,0,1,0,1,0,0,368847.908251914200000,5715838.343029020400000,7.107222797000077,51.578332546000070,0,
05,5,13,000,2019,12,09,4,3,6,6,0,0,0,1,0,0,1,365040.886024276730000,5717958.939890600700000,7.051498525000056,51.596490419000077,0,
05,5,70,024,2019,12,13,5,3,5,3,0,1,1,0,0,0,0,418222.330033546310000,5752090.980204774100000,7.811051923000036,51.913550375000057,0,
05,5,66,032,2019,12,17,5,2,2,2,2,1,1,0,0,0,0,412488.053919690660000,5777063.251537719700000,7.721317618000057,52.137146873000063,0,
05,5,66,028,2019,12,13,5,2,9,7,0,0,1,0,0,0,0,411260.012502884490000,5787683.193284194900000,7.700599218000036,52.232406917000048,0,
05,5,66,028,2019,12,18,5,2,8,7,2,0,1,0,0,1,0,417384.855189671740000,5790951.492004843400000,7.789462119000064,52.262737326000035,0,
05,5,66,028,2019,12,14,5,3,5,2,0,0,1,0,1,0,0,411234.249738618730000,5792460.618124369500000,7.698966153000072,52.275343460000045,0,
05,5,66,056,2019,12,19,5,2,9,1,2,0,1,0,0,0,0,417653.576011450030000,5801007.774073328800000,7.790938366000034,52.353168384000071,0,
05,5,70,016,2019,12,11,6,3,9,6,0,0,1,0,0,0,0,411825.313250970100000,5735038.409833947200000,7.722417292000046,51.759289356000068,0,
05,5,70,052,2019,12,18,6,2,2,6,2,0,1,0,0,0,1,424887.716821708720000,5757149.853310193900000,7.906833906000031,51.959965574000080,0,
05,5,70,052,2019,12,07,6,3,6,2,1,0,1,1,0,0,0,430150.276155525820000,5755153.420841686400000,7.983816198000056,51.942704465000077,0,
05,5,66,076,2019,12,19,6,3,1,7,2,0,1,0,0,0,0,393386.153678361330000,5792888.535159949200000,7.437329151000029,52.276017958000068,0,
05,5,66,076,2019,12,15,6,3,5,3,0,1,1,0,0,0,0,393173.711151071820000,5793382.494916062800000,7.434060082000030,52.280416019000029,0,
05,5,66,004,2019,12,13,6,3,2,6,0,0,1,0,0,0,0,394752.960356726310000,5767255.864803450200000,7.465301286000056,52.045908551000082,0,
05,5,58,024,2019,12,14,6,3,4,2,0,0,1,0,0,0,0,392558.582837412130000,5736044.773955483000000,7.443047347000061,51.764969750000034,0,
05,5,58,032,2019,12,07,6,3,5,3,1,0,1,0,0,0,0,387985.079999999140000,5754825.264000002300000,7.370715327000028,51.932864370000061,0,
05,5,58,012,2019,12,12,6,3,5,3,0,0,0,0,1,0,1,375243.017840290440000,5758403.935500353600000,7.184175522000032,51.962314008000078,0,
05,5,54,032,2019,12,17,6,3,4,2,2,0,1,0,0,0,1,323580.802121301180000,5743665.782246969600000,6.440467801000068,51.815945821000071,0,
05,5,12,000,2019,12,23,6,3,2,6,2,0,1,0,0,1,0,355483.477441878990000,5713507.612380402200000,6.915437801000053,51.554121596000073,0,
05,5,12,000,2019,12,22,6,3,5,2,2,0,1,0,0,0,0,356178.239735889250000,5709557.191620525000000,6.927066049000075,51.518801538000048,0,
05,5,12,000,2019,12,13,6,2,5,3,0,0,1,0,1,0,0,354753.483542742210000,5720068.183258548400000,6.902201665000064,51.612884632000032,0,
05,5,62,020,2019,12,09,6,3,5,3,0,0,1,0,0,0,0,370774.391415772960000,5719261.637077508500000,7.133748912000044,51.609542003000058,0,
05,5,13,000,2019,12,12,6,2,9,7,0,0,1,0,0,0,0,363398.143091425300000,5710937.750488724600000,7.030524844000070,51.532999911000047,0,
05,5,70,028,2019,12,15,3,3,8,1,0,0,0,0,1,0,0,440212.026788305490000,5744230.679259687700000,8.132070308000039,51.845680419000075,1,
05,5,66,088,2019,12,11,3,3,5,3,0,0,1,0,0,0,0,414655.818807148370000,5786252.604773294200000,7.750671226000065,52.220084938000070,0,
05,5,66,068,2019,12,16,3,2,1,6,1,0,1,0,0,0,0,372432.187425472770000,5784196.141879633100000,7.133643087000053,52.193447290000051,1,
05,5,66,084,2019,12,17,3,3,1,6,2,0,1,0,0,0,0,390243.514168100430000,5773374.192311244100000,7.397604525000077,52.100021462000029,1,
05,5,54,016,2019,12,12,3,3,1,2,0,0,1,0,0,0,0,365290.900055500680000,5755014.137804348000000,7.040739893000023,51.929531968000049,1,
05,5,15,000,2019,12,14,6,3,2,6,0,0,1,0,0,0,0,401980.883866181600000,5762244.153042720600000,7.572096667000039,52.002187946000049,0,
05,5,66,012,2019,12,19,3,3,2,6,2,0,1,0,0,0,0,408951.969557191250000,5772765.078440114900000,7.670814623000069,52.097941960000071,1,
05,5,58,004,2019,12,03,3,3,3,7,2,0,1,0,0,1,0,406182.159066378140000,5736295.220519831400000,7.640337058000057,51.769669607000026,0,
05,5,70,028,2019,12,17,6,3,2,6,2,0,1,0,0,0,0,440499.103137831200000,5740143.201952945400000,8.136939860000041,51.808963844000061,0,
05,5,15,000,2019,12,17,3,2,6,2,2,0,1,1,0,0,0,404396.601860725320000,5759064.218143457500000,7.608163012000034,51.974026933000061,0,
05,5,66,076,2019,12,16,5,3,0,3,0,0,1,0,0,0,0,394333.936939995740000,5785534.491220528300000,7.453515441000036,52.210107920000041,0,
05,5,58,036,2019,12,01,5,2,7,1,2,0,1,0,0,0,0,387354.144999999550000,5729032.345999999000000,7.369930584000031,51.700921137000080,1,
05,5,62,008,2019,12,15,5,3,1,5,0,1,1,0,0,0,0,385073.638969847000000,5723363.579950403400000,7.338810291000073,51.649509744000056,0,
05,5,62,012,2019,12,19,5,3,2,6,2,0,1,0,0,0,0,357314.680000000630000,5731851.424000000600000,6.934355460000063,51.719419495000068,1,
05,5,70,008,2019,12,17,2,2,8,1,2,0,1,0,0,0,0,430723.611737912520000,5740291.353251159200000,7.995138670000074,51.809169720000057,0,
05,5,70,044,2019,12,16,2,3,0,2,1,0,1,1,0,0,0,416575.980000002310000,5759445.184000000400000,7.785337012000070,51.979413291000071,0,
05,5,66,036,2019,12,13,2,3,5,3,0,1,1,0,0,0,0,387409.354582044300000,5768356.193495586500000,7.357901244000061,52.054354487000069,0,
05,5,66,008,2019,12,19,2,3,5,3,2,0,1,0,0,0,0,398590.924011055380000,5783998.359551442800000,7.516255807000050,52.197101585000041,0,
05,5,54,056,2019,12,10,2,3,5,2,0,0,0,0,0,0,1,357659.276688579470000,5762490.062327452000000,6.926720977000059,51.994805097000039,0,
05,5,70,028,2019,12,20,4,3,8,1,2,0,1,0,0,0,0,441548.618884662170000,5741169.385241961100000,8.151988113000073,51.818300227000066,1,
05,5,54,008,2019,12,23,2,3,0,5,2,0,1,0,0,0,0,338029.122000000440000,5744972.143000001100000,6.649277600000062,51.832055463000074,0,
05,5,15,000,2019,12,18,2,3,5,2,2,0,1,0,0,0,0,407061.663213981320000,5757346.392423519900000,7.647415274000025,51.959038344000078,0,
05,5,58,040,2019,12,09,4,3,0,5,0,1,1,0,0,0,0,368430.836656973700000,5761976.575664233400000,7.083713582000030,51.992847389000076,1,
05,5,54,048,2019,12,21,4,3,9,1,2,0,1,0,0,0,0,338126.586708736610000,5744498.780912036100000,6.650912209000069,51.827831191000030,1,
05,5,12,000,2019,12,13,2,3,2,6,0,0,1,0,0,0,0,356713.664362637330000,5708275.275557035600000,6.935298869000064,51.507418485000073,0,
05,5,15,000,2019,12,14,4,3,0,1,0,0,1,0,0,0,0,400787.039057935590000,5760867.731824934500000,7.555109542000025,51.989604468000039,1,
05,5,62,014,2019,12,14,2,3,2,2,0,0,1,0,0,0,0,360098.195099511180000,5712882.500764597200000,6.982205745000044,51.549667551000027,0,
05,5,62,008,2019,12,08,4,3,0,1,0,1,0,0,0,0,0,384923.265089308840000,5724207.729488713700000,7.336359906000041,51.657065947000035,1,
05,5,62,020,2019,12,12,2,3,2,6,0,0,1,0,0,0,0,369329.483754583630000,5719295.821775768000000,7.112881216000062,51.609515732000034,0,
05,5,66,008,2019,12,10,3,3,5,3,0,0,1,0,0,0,0,399239.344000000510000,5780877.898000001900000,7.526666935000037,52.169174700000042,1,
05,5,54,056,2019,12,10,3,3,6,2,0,0,1,1,0,0,0,356639.399867165830000,5761829.748024534400000,6.912152549000041,51.988609846000031,1,
05,5,62,004,2019,12,17,3,2,5,2,2,0,1,0,0,0,0,383253.793046227660000,5718160.028634144000000,7.314252298000042,51.602367181000034,1,
05,5,13,000,2019,12,11,3,3,1,6,0,0,1,0,0,0,0,366818.674941163510000,5712765.879259826600000,7.079118824000034,51.550245839000070,1,
05,5,13,000,2019,12,14,3,3,1,1,0,0,1,0,0,0,0,369474.605135306720000,5707120.347943130900000,7.119494771000063,51.500131037000074,0,
05,5,70,016,2019,12,15,1,3,3,2,0,0,1,0,0,0,0,407625.305153939870000,5746293.381072854600000,7.658579563000046,51.859780888000046,0,
05,5,62,028,2019,12,14,1,2,5,3,0,0,1,0,0,0,0,378225.491999999620000,5723046.871000001200000,7.239983702000075,51.645221880000065,0,
05,5,62,028,2019,12,03,1,3,5,3,2,0,0,0,0,1,1,378229.560361904090000,5723044.238552698900000,7.240043388000061,51.645199103000039,0,
05,5,62,004,2019,12,17,1,3,2,6,2,0,1,0,0,0,0,383208.717755809430000,5714266.610802995000000,7.314897019000057,51.567364957000052,1,
05,5,70,028,2019,12,11,3,3,9,1,0,0,1,0,0,0,0,440893.290833223610000,5740407.170576497900000,8.142611827000053,51.811378806000050,1,
05,5,62,012,2019,12,01,1,3,5,3,2,1,1,0,0,0,0,358816.437345026990000,5727421.403204506300000,6.957874696000033,51.679992712000058,0,
05,5,62,024,2019,12,17,1,3,2,2,2,0,1,0,0,0,0,369630.979254904200000,5725089.145877858600000,7.115075149000063,51.661648223000043,0,
05,5,62,020,2019,12,20,3,1,0,7,2,0,1,0,0,0,0,372491.776737578210000,5715491.255391251300000,7.159907231000034,51.576049359000081,1,
05,5,62,032,2019,12,04,1,3,9,1,2,0,1,0,0,0,0,375955.567000001670000,5719277.821000002300000,7.208528507000040,51.610852795000028,0,
05,5,70,008,2019,12,11,2,3,5,3,0,0,1,0,0,0,0,431892.818295740520000,5738834.557976767400000,8.012381625000046,51.796216920000063,1,
05,5,70,008,2019,12,11,2,3,5,3,0,1,1,0,0,0,0,433911.012000001040000,5734788.271999999900000,8.042413222000050,51.760082783000030,0,
05,5,58,016,2019,12,11,2,3,4,2,0,0,0,0,0,1,1,378480.697396809240000,5747449.370001602900000,7.235139868000033,51.864584458000081,1,
05,5,54,020,2019,12,06,2,3,3,6,2,0,1,0,0,1,0,368238.014192039150000,5784370.729952476900000,7.072250168000039,52.194029831000080,0,
05,5,54,024,2019,12,11,2,3,8,1,0,0,1,0,0,0,0,368704.534437227990000,5773681.171905133900000,7.083201633000044,52.098088078000046,1,
05,5,62,012,2019,12,10,2,1,4,1,0,0,1,0,0,0,1,362503.892301950600000,5728697.440602155400000,7.010673459000032,51.692374058000041,1,
05,5,62,024,2019,12,15,2,3,2,6,0,0,1,0,0,0,0,370369.715680648570000,5726796.812229549500000,7.125116265000031,51.677165306000063,1,
05,5,13,000,2019,12,12,2,3,2,6,0,0,1,0,0,0,0,365462.110065996650000,5714330.675982130700000,7.058966333000058,51.563986019000026,1,
05,5,13,000,2019,12,17,2,3,2,6,2,0,1,0,0,0,0,367286.638000002130000,5708943.160000002000000,7.087305004000029,51.516002632000038,1,
05,5,70,052,2019,12,12,7,3,6,3,0,0,1,1,0,0,0,428479.570000000300000,5752746.376000000200000,7.960015177000059,51.920853871000077,0,
05,5,66,028,2019,12,14,7,2,3,3,0,1,1,0,0,0,0,406577.035746380690000,5796268.075159775100000,7.629670501000021,52.308792980000078,0,
05,5,66,084,2019,12,13,7,2,5,3,0,0,1,0,0,0,0,391964.430940001270000,5778051.847385339400000,7.421233682000036,52.142399962000070,0,
05,5,66,068,2019,12,20,7,3,8,1,2,0,1,0,0,0,0,375449.378726975990000,5782241.665046731000000,7.178479078000066,52.176573886000028,2,
05,5,58,040,2019,12,20,7,2,0,1,2,1,0,0,0,0,0,376037.270464519970000,5760932.495120074600000,7.194816358000026,51.985214649000056,0,
05,5,54,056,2019,12,17,7,3,1,2,2,0,1,0,0,0,0,356922.789549837820000,5762441.539789764200000,6.916021497000031,51.994179872000075,0,
05,5,12,000,2019,12,21,7,2,9,1,2,0,1,0,0,0,0,355184.027075564490000,5712753.826748393500000,6.911431814000025,51.547271541000043,0,
05,5,15,000,2019,12,11,7,3,5,3,0,1,1,0,0,0,0,409877.658217363990000,5761081.471400653900000,7.687405369000032,51.993075167000029,0,
05,5,15,000,2019,12,18,7,3,0,7,2,0,1,0,0,0,0,406331.189173521470000,5756449.677911175400000,7.637031963000027,51.950855667000042,0,
05,5,62,004,2019,12,13,7,3,2,2,0,1,1,0,0,0,0,384768.257047040390000,5716371.333961764400000,7.336697746000027,51.586602689000074,0,
05,5,13,000,2019,12,02,7,3,5,3,2,0,1,0,0,0,0,368784.824000000020000,5708977.849999999600000,7.108871560000068,51.516664358000071,2,
05,5,54,036,2019,12,17,2,3,2,6,2,0,1,0,0,0,0,367774.357675042000000,5770451.944689158400000,7.070882120000022,52.068849620000037,1,
05,5,70,020,2019,01,17,6,3,2,2,2,0,1,0,0,0,0,433137.467000000180000,5743143.247000005100000,8.029595657000073,51.835102020000079,0,
05,5,70,004,2019,01,15,6,3,2,6,0,0,1,0,0,0,0,423912.153745081280000,5734233.824452785800000,7.897684621000053,51.753829161000056,1,
05,5,58,020,2019,01,17,6,2,6,4,2,0,1,1,0,0,0,390958.018306576650000,5760302.313860788900000,7.412200860000041,51.982680151000068,1,
05,5,54,056,2019,01,18,6,2,1,5,2,0,1,0,0,0,0,356485.527140532620000,5761291.004798620900000,6.910138629000073,51.983729509000057,1,
05,5,54,008,2019,01,14,6,3,5,3,0,1,1,0,0,0,0,336277.391136254180000,5745749.378812490000000,6.623510050000050,51.838527099000032,1,
05,5,62,024,2019,01,14,6,3,6,7,0,0,1,1,0,0,0,367346.185840752910000,5724320.262164434400000,7.082352259000061,51.654204041000071,0,
05,5,12,000,2019,01,14,6,3,5,3,0,0,1,0,0,0,1,358623.078730348500000,5708594.777806472000000,6.962665861000062,51.510770461000050,1,
05,5,62,020,2019,01,17,6,3,6,6,1,1,0,1,0,0,0,371375.105327983390000,5718416.648363692700000,7.142729351000071,51.602085781000028,1,
05,5,70,004,2019,01,10,5,3,5,3,0,0,1,0,1,0,0,423821.604000000280000,5735516.890999997000000,7.896091785000067,51.765351182000074,1,
05,5,66,076,2019,01,10,5,3,5,3,0,1,1,0,0,0,0,394711.343000001270000,5794188.732999999100000,7.456339066000055,52.287958567000032,1,
05,5,66,008,2019,01,11,5,3,0,1,0,0,0,0,1,0,0,400291.007557365110000,5779614.200154921000000,7.542410250000046,52.158007856000040,1,
05,5,54,068,2019,01,08,5,3,5,3,1,1,0,0,0,0,1,351550.006753503340000,5767324.575761906800000,6.835707027000069,52.036641539000072,1,
05,5,54,056,2019,01,18,5,3,7,7,2,1,0,0,0,0,1,356311.338013914410000,5761955.987467546000000,6.907325334000063,51.989659342000039,1,
05,5,15,000,2019,01,17,5,3,6,2,2,0,1,1,0,0,0,405952.623999999840000,5756810.112999999900000,7.631426541000053,51.954031541000063,0,
05,5,62,004,2019,01,14,5,3,3,2,0,0,1,0,1,0,0,383336.473677113650000,5716256.992935966700000,7.316078348000076,51.585280411000042,0,
05,5,13,000,2019,01,13,5,3,5,3,0,0,1,0,0,0,0,363948.028187496590000,5713519.979485275200000,7.037449490000029,51.556337585000051,1,
05,5,54,068,2019,01,10,4,3,5,3,0,1,0,0,0,0,1,351135.089620941320000,5767769.364029603100000,6.829468899000062,52.040526487000079,0,
05,5,54,008,2019,01,17,4,3,5,3,2,1,1,0,0,0,0,337060.348239055830000,5747067.198208324600000,6.634243610000056,51.850594738000041,0,
05,5,15,000,2019,01,12,4,3,1,6,0,0,1,0,0,0,0,407033.734000000170000,5753971.673000000400000,7.647921433000022,51.928699884000082,0,
05,5,66,040,2019,01,21,3,3,8,7,2,0,1,0,0,0,0,417290.061432748100000,5780005.087242929300000,7.790748540000038,52.164329981000037,1,
05,5,62,032,2019,01,18,3,3,0,5,2,0,1,0,0,0,0,375593.534551785330000,5719972.689609551800000,7.203056080000067,51.617017787000066,1,
05,5,13,000,2019,01,06,3,3,6,7,2,0,1,1,0,0,0,365045.595215794630000,5716541.239640967900000,7.052111613000022,51.583751545000041,1,
05,5,62,004,2019,01,12,2,3,6,2,0,0,1,1,0,0,0,382716.175607574170000,5712054.814396046100000,7.308531546000040,51.547383728000057,1,
05,5,54,068,2019,01,07,3,3,5,3,2,0,1,0,1,0,0,348537.921000001950000,5765665.935000000500000,6.792562130000022,52.020925431000080,1,
05,5,66,076,2019,01,17,3,3,5,3,2,0,1,0,0,0,0,394652.019048986960000,5795862.381979443100000,7.454946212000039,52.302988674000062,1,
05,5,66,076,2019,01,06,4,3,5,3,2,1,1,0,0,0,0,392798.126250936650000,5793197.844341414000000,7.428615429000047,52.278683418000071,1,
05,5,13,000,2019,01,08,4,2,6,2,0,0,1,1,0,0,0,365405.807247354650000,5709570.344847524500000,7.059975110000039,51.521193877000030,1,
05,5,54,008,2019,01,17,4,3,5,3,2,0,1,0,1,0,0,336596.443421802480000,5744419.200796660000000,6.628764939000064,51.826670873000069,0,
05,5,54,004,2019,01,20,1,3,5,3,2,1,1,0,0,0,0,363787.962000001220000,5770647.328999998000000,7.012681573000066,52.069639265000035,1,
05,5,54,020,2019,01,18,2,3,6,4,2,0,1,1,0,0,0,366864.450000002050000,5786230.605000004200000,7.051435628000036,52.210411712000052,1,
05,5,70,004,2019,01,17,3,3,6,2,2,0,1,1,0,0,0,423549.071134116500000,5734951.897671019700000,7.892267602000061,51.760234947000072,1,
05,5,62,020,2019,01,14,3,3,0,1,0,1,0,0,0,0,0,371714.197000001560000,5719074.550000000700000,7.147382193000055,51.608075594000070,1,
05,5,62,024,2019,01,19,2,3,1,6,2,0,1,0,0,0,0,370336.705703646880000,5727065.488254841400000,7.124539336000055,51.679572180000036,0,
05,5,15,000,2019,01,08,2,3,6,4,2,0,1,1,0,0,0,405587.467000001110000,5757335.059999998700000,7.625970185000028,51.958688122000069,1,
05,5,66,076,2019,01,13,3,3,5,2,0,1,1,0,0,0,0,394541.569190703330000,5793553.093053042900000,7.454049840000039,52.282213361000061,1,
05,5,66,012,2019,01,07,4,3,5,2,2,1,1,0,0,0,0,405138.340498077680000,5771514.767019385500000,7.615505690000020,52.086063204000027,1,
05,5,54,008,2019,01,08,3,3,5,3,1,1,1,0,0,0,0,336596.330777900290000,5744421.477893006100000,6.628762231000053,51.826691296000035,1,
05,5,54,008,2019,01,10,4,2,5,3,0,1,1,0,0,0,0,336993.894000002180000,5745639.133000001300000,6.633952684000064,51.837746282000069,1,
05,5,15,000,2019,01,08,2,2,5,3,0,1,1,0,0,0,0,405274.115000002090000,5758607.161000000300000,7.621060354000065,51.970068991000062,1,
05,5,66,076,2019,01,17,3,3,5,7,2,1,1,0,0,0,0,394491.901260367590000,5795228.240069726500000,7.452797505000035,52.297258768000063,1,
05,5,62,032,2019,01,05,1,3,9,1,2,0,1,0,0,0,0,375182.551847169180000,5716797.643013918800000,7.198252971000045,51.588392288000080,1,
05,5,62,008,2019,01,17,2,3,6,7,2,0,1,1,0,0,0,383604.833507965320000,5723612.972954297400000,7.317506410000021,51.651449031000027,1,
05,5,58,012,2019,01,13,3,3,6,3,0,0,1,1,0,0,0,373881.520812145430000,5756813.812074890400000,7.164953637000053,51.947717339000064,1,
05,5,54,004,2019,01,15,4,3,0,7,0,1,1,0,0,0,0,363154.181002870200000,5771579.332542127000000,7.003067101000056,52.077857447000042,0,
05,5,66,028,2019,01,10,4,3,0,1,0,0,0,0,0,0,1,410263.613782752310000,5794516.431102287000000,7.684196311000051,52.293663840000079,0,
05,5,13,000,2019,01,17,2,2,6,2,2,0,0,1,1,0,0,368948.257231025960000,5714264.281044563300000,7.109257305000028,51.564210237000054,1,
05,5,15,000,2019,01,10,3,3,4,2,0,1,1,0,0,0,0,407083.917903453110000,5751638.922500852500000,7.649280561000069,51.907740144000059,1,
05,5,62,014,2019,01,11,4,3,4,1,0,0,1,0,0,0,0,360302.257000001150000,5713409.188999999300000,6.984937776000038,51.554450973000030,1,
05,5,66,008,2019,01,17,7,3,2,6,2,0,1,0,0,0,0,398580.674563767390000,5781408.029149027500000,7.516880819000051,52.173818697000058,1,
05,5,66,060,2019,01,11,1,3,6,4,0,0,1,1,0,0,0,389019.368663233700000,5789432.511106506000000,7.374487572000021,52.244094731000075,1,
05,5,66,008,2019,01,11,7,2,6,2,0,0,1,1,0,0,0,399305.328552678230000,5781301.793049046800000,7.527505622000035,52.172996596000075,1,
05,5,15,000,2019,01,22,2,3,1,1,2,1,1,0,0,0,0,402293.086000001060000,5758654.588999999700000,7.577665778000039,51.969979242000079,1,
05,5,54,064,2019,01,10,7,3,5,7,0,1,1,0,0,0,0,356787.718311788510000,5750444.822403516600000,6.919051087000071,51.886353342000064,1,
05,5,70,024,2019,01,17,2,2,3,2,2,1,0,0,0,0,1,421612.553953080440000,5753533.274636719400000,7.860002510000072,51.927003095000032,1,
05,5,62,024,2019,01,07,2,3,6,4,2,0,1,1,0,0,0,369939.806875616310000,5724090.291985251000000,7.119909299000028,51.652743439000062,1,
05,5,54,008,2019,01,07,3,3,1,6,2,0,1,0,0,0,0,336594.765127410180000,5745007.692893227600000,6.628462810000031,51.831957109000030,1,
05,5,66,060,2019,01,15,3,3,1,5,0,1,1,0,0,0,0,388694.816192009490000,5789021.344891928100000,7.369871436000040,52.240334066000059,1,