ULAND,UREGBEZ,UKREIS,UGEMEINDE,UJAHR,UMONAT,USTUNDE,UWOCHENTAG,UKATEGORIE,UART,UTYP1,ULICHTVERH,IstRad,IstPKW,IstFuss,IstKrad,IstGkfz,IstSonstige,LINREFX,LINREFY,XGCSWGS84,YGCSWGS84,STRZUSTAND,UIDENTSTLAE
05,5,54,008,2019,02,14,6,3,5,1,0,0,1,0,0,0,0,338608.124009490010000,5747751.694747394000000,6.656376124000076,51.857193625000036,1,
05,5,54,008,2019,02,08,6,3,6,7,0,0,0,1,0,1,0,335696.909309779290000,5745791.562307799200000,6.615071989000057,51.838735586000041,0,
05,5,15,000,2019,02,13,6,2,6,6,0,1,0,1,0,0,0,407699.082241903990000,5757292.566600868500000,7.656703695000033,51.958660706000046,1,
05,5,12,000,2019,02,18,6,3,5,3,2,0,1,0,0,0,0,354323.080872290770000,5711258.518076933900000,6.899642884000059,51.533613675000026,1,
05,5,13,000,2019,02,13,6,3,2,6,0,0,1,0,0,0,1,367700.326609744690000,5709492.094335438700000,7.093057545000022,51.521032782000077,1,
05,5,70,052,2019,01,07,5,3,9,1,1,0,1,0,0,0,0,427238.011000000870000,5758507.896999999900000,7.940745318000040,51.972486219000075,2,
05,5,66,028,2019,01,07,5,3,5,3,2,1,1,0,0,0,0,412562.378000001420000,5792326.256000004700000,7.718461960000070,52.274348613000029,1,
05,5,58,012,2019,01,19,5,2,5,3,2,1,1,0,0,0,0,374018.455000001010000,5756261.879000000700000,7.167147195000041,51.942788455000027,1,
05,5,58,016,2019,01,15,5,3,4,2,0,0,1,0,0,0,0,388003.912498953750000,5746884.443645238900000,7.373568714000044,51.861500157000080,1,
05,5,54,056,2019,01,14,5,3,0,7,0,0,1,0,0,0,0,357127.867945934650000,5762747.180709736400000,6.918879038000057,51.996978859000080,1,
05,5,54,008,2019,01,18,5,3,6,4,2,0,1,1,0,0,0,335294.574151176030000,5744982.756259614600000,6.609622365000064,51.831351269000038,1,
05,5,15,000,2019,01,09,5,3,6,4,0,1,0,1,0,0,0,405489.101999999960000,5757139.439999999500000,7.624592895000035,51.956913095000061,1,
05,5,62,012,2019,01,09,5,3,0,1,0,1,0,0,0,0,0,362007.159820395520000,5735757.354517044500000,7.000693926000054,51.755691941000066,2,
05,5,62,032,2019,01,07,5,3,6,6,2,0,1,1,0,0,0,378091.060893980790000,5716822.563741933600000,7.240207236000060,51.589253054000039,2,
05,5,62,032,2019,01,15,5,2,5,2,0,0,1,0,0,0,0,375624.565000000410000,5719117.581000002100000,7.203807497000071,51.609339672000033,1,
05,5,13,000,2019,01,08,5,3,4,1,0,0,1,0,1,0,0,368490.096961549480000,5706759.871391696900000,7.105453439000030,51.496663303000048,2,
05,5,13,000,2019,02,05,1,2,0,7,2,0,1,0,0,0,0,364410.447549202480000,5719119.814017757800000,7.041953358000058,51.606771008000067,1,
05,5,70,004,2019,02,11,7,3,6,6,0,0,0,1,0,0,1,424707.334139951500000,5734618.040449824200000,7.909119229000055,51.757390607000048,0,
05,5,70,004,2019,02,18,7,3,0,5,2,0,1,0,0,0,0,423742.693236919120000,5735846.137222718400000,7.894876231000069,51.768300246000081,0,
05,5,66,076,2019,02,10,7,3,6,4,0,0,1,1,0,0,0,393724.286023285240000,5794984.014050347700000,7.441622521000056,52.294915901000081,0,
05,5,62,028,2019,02,15,7,3,5,3,0,1,1,0,0,0,0,378868.183213734070000,5722120.921994293100000,7.249588419000077,51.637038903000075,0,
05,5,13,000,2019,02,22,7,3,1,7,2,1,1,0,0,0,0,368136.239779318680000,5707297.227444810800000,7.100157904000071,51.501409976000048,0,
05,5,13,000,2019,02,16,7,3,5,3,0,0,1,0,1,0,0,367732.952292049300000,5706589.970346150900000,7.094616079000048,51.494959800000061,0,
05,5,15,000,2019,02,12,2,3,0,3,0,1,1,0,0,0,0,399110.907999999820000,5757234.702000001400000,7.531775634000042,51.956648712000060,1,
05,5,62,012,2019,02,10,2,3,5,3,0,1,1,0,0,0,0,359144.964000000620000,5726737.876000000200000,6.962899074000063,51.673933184000077,1,
05,5,62,014,2019,02,07,2,3,0,1,0,1,0,0,0,0,1,360398.027524833570000,5712681.731958786000000,6.986607000000049,51.547937684000033,1,
05,5,70,052,2019,02,17,6,3,6,1,1,1,0,1,0,0,0,430505.344457281750000,5755627.741614520500000,7.988885030000063,51.947012905000065,0,
05,5,66,040,2019,02,07,6,3,5,2,1,1,1,0,0,0,0,421677.131260072810000,5781951.871394410700000,7.854425469000034,52.182469396000045,1,
05,5,66,076,2019,02,10,6,3,6,4,0,1,0,1,0,0,0,393041.319193943400000,5792893.937431069100000,7.432275145000062,52.275999528000057,0,
05,5,66,008,2019,02,15,6,3,3,6,0,1,0,0,0,0,0,399299.687350393270000,5781631.003509946200000,7.527325433000044,52.175954417000071,0,
05,5,13,000,2019,02,09,6,3,1,6,0,0,1,0,0,0,1,364688.808727805500000,5716248.434830149600000,7.047077926000043,51.581034741000053,1,
05,5,66,040,2019,02,16,5,3,5,3,0,1,1,0,0,0,0,422440.500766790470000,5782455.243855208200000,7.865473205000058,52.187102033000031,0,
05,5,66,076,2019,02,07,5,3,1,5,1,0,1,0,0,0,0,393371.825189905240000,5792280.659938817800000,7.437311393000073,52.270552087000056,1,
05,5,54,048,2019,02,16,5,3,1,5,0,1,1,0,0,0,0,341316.680546730760000,5745554.122016999900000,6.696681814000044,51.838227473000074,0,
05,5,15,000,2019,02,15,5,3,0,3,0,1,1,0,0,0,0,404768.172906239520000,5760046.681207926900000,7.613298120000025,51.982921459000067,0,
05,5,13,000,2019,02,21,5,3,4,2,2,0,1,0,1,0,0,365154.212321621370000,5717839.128004971900000,7.053179729000021,51.595440883000038,0,
05,5,13,000,2019,02,15,5,3,5,3,0,0,1,0,0,0,0,368387.349991345780000,5708957.408800277900000,7.103154002000053,51.516388194000058,0,
05,5,70,008,2019,02,15,4,3,4,2,0,0,1,0,0,0,0,435926.609050615690000,5733444.788536088500000,8.071861363000039,51.748238918000027,0,
05,5,58,012,2019,02,03,4,3,0,7,2,0,0,0,0,1,0,373935.150000002240000,5754512.411999998600000,7.166576989000021,51.927048089000039,0,
05,5,15,000,2019,02,08,4,3,6,7,0,0,0,1,0,0,1,406008.936519266110000,5751772.080557290500000,7.633622021000065,51.908756695000079,0,
05,5,62,032,2019,02,12,4,2,2,2,0,1,1,0,0,0,0,375438.012000001040000,5719846.554000001400000,7.200855720000050,51.615849798000056,0,
05,5,13,000,2019,02,21,4,3,1,5,2,1,1,0,0,0,0,364959.462489047090000,5716245.759615985700000,7.050982817000033,51.581075613000053,1,
05,5,13,000,2019,02,14,4,3,1,7,0,0,1,0,0,1,0,368145.335303518920000,5709299.591523181600000,7.099540045000026,51.519406869000079,0,
05,5,70,032,2019,02,17,3,2,2,6,1,0,1,0,0,0,0,424114.051732309160000,5757323.508143313200000,7.895538053000053,51.961421561000066,0,
05,5,66,020,2019,02,18,3,3,0,1,2,0,1,0,0,0,0,404463.231793355200000,5804519.852744681800000,7.596327831000053,52.382594055000027,0,
05,5,15,000,2019,02,08,3,3,3,2,0,1,1,0,0,0,0,405968.416208319370000,5756447.476678339800000,7.631755506000047,51.950774667000076,0,
05,5,62,020,2019,02,22,3,3,2,6,2,0,1,0,0,0,0,370994.457920257000000,5719216.212360438000000,7.136941975000070,51.609184246000041,1,
05,5,54,068,2019,02,07,2,3,5,2,0,0,1,0,1,0,0,349856.777536239480000,5766227.687393792000000,6.811521746000040,52.026330863000055,1,
05,5,58,032,2019,02,16,2,3,5,3,0,0,1,0,0,0,0,387593.480999998750000,5754545.441000001500000,7.365113340000050,51.930270537000069,1,
05,5,70,012,2019,02,17,5,3,5,3,0,0,1,0,0,0,0,439014.657824228520000,5753590.485898215300000,8.113035697000044,51.929696075000038,0,
05,5,70,052,2019,02,18,5,3,0,1,1,1,0,0,0,0,0,429653.220077393580000,5756221.657196683800000,7.976367578000065,51.952244857000039,0,
05,5,66,012,2019,02,08,5,2,0,2,0,1,1,0,0,0,0,405682.556855678560000,5771767.124782707500000,7.623376165000025,52.088424455000052,0,
05,5,54,004,2019,02,07,5,2,5,3,1,1,1,0,0,0,0,364020.362713074310000,5771308.223097991200000,7.015806743000042,52.075634801000035,0,
05,5,54,048,2019,02,18,5,3,6,4,2,0,1,1,0,0,0,341215.381635780450000,5745774.614493325400000,6.695111526000062,51.840179571000078,0,
05,5,54,008,2019,02,16,5,3,0,7,0,1,0,0,0,0,1,333861.765458493490000,5746088.882014658300000,6.588316655000028,51.840863599000045,0,
05,5,15,000,2019,02,16,5,3,5,3,0,1,0,0,0,0,1,402198.655035611240000,5753990.387429079000000,7.577618746000042,51.928039572000046,0,
05,5,15,000,2019,02,10,5,3,0,7,0,0,0,1,0,0,1,403420.566604292950000,5758349.708354391200000,7.594159077000029,51.967435942000066,0,
05,5,15,000,2019,02,08,5,3,1,7,0,1,1,0,0,0,0,407458.469156926500000,5754416.025090692600000,7.653977321000070,51.932764755000051,0,
05,5,15,000,2019,02,06,5,3,5,2,2,1,0,0,0,0,0,405209.699755433020000,5757220.782369665800000,7.620505612000045,51.957596676000037,0,
05,5,62,036,2019,02,14,5,3,5,3,0,1,1,0,0,0,0,389070.542410428640000,5720119.150362404100000,7.397586480000030,51.621151653000027,0,
05,5,62,004,2019,02,11,5,3,0,2,0,0,1,0,0,0,1,383056.056541458700000,5712089.372281104300000,7.313419537000073,51.547764867000069,0,
05,5,62,024,2019,02,13,5,3,5,2,0,1,1,0,0,0,0,368021.465306611730000,5724977.611551953500000,7.091860118000056,51.660270253000078,0,
05,5,62,032,2019,02,09,5,3,5,3,0,1,1,0,0,0,0,375469.160000001080000,5713940.732000000800000,7.203400859000055,51.562780119000081,0,
05,5,66,028,2019,02,13,4,3,0,1,0,1,0,0,0,0,0,411543.005000000820000,5793544.887000002000000,7.703205811000032,52.285138877000065,0,
05,5,62,020,2019,02,14,4,2,5,2,0,1,1,0,0,0,0,371251.705125355160000,5717278.353125279800000,7.141366276000042,51.591827905000059,0,
05,5,62,032,2019,02,09,4,3,0,7,0,0,0,0,0,0,1,375273.810815373440000,5718934.249015085400000,7.198809926000024,51.607614455000032,0,
05,5,13,000,2019,02,12,4,3,6,4,0,0,1,1,0,0,0,365672.083691199310000,5716162.738589882900000,7.061293361000026,51.580499840000073,0,
05,5,13,000,2019,02,12,4,3,1,1,0,0,1,0,0,0,0,366763.833999999800000,5706220.695000002200000,7.080803164000031,51.491413675000047,0,
05,5,70,004,2019,02,06,3,3,0,7,2,0,0,0,0,1,0,423159.790900024590000,5734249.765161614900000,7.886783521000041,51.753869751000082,1,
05,5,70,004,2019,02,19,3,3,5,3,2,0,1,0,0,0,0,423844.970971236010000,5736364.235096208800000,7.896244534000061,51.772971683000037,1,
05,5,66,012,2019,02,14,3,3,5,3,0,1,1,0,0,0,0,401380.416634331460000,5777149.140030572200000,7.559045707000053,52.136047854000026,0,
05,5,66,004,2019,02,07,3,2,5,3,1,0,1,0,0,0,0,394683.809000001290000,5765906.327999999700000,7.464709012000071,52.033766232000062,0,
05,5,58,012,2019,02,05,3,2,0,6,2,1,1,0,0,0,0,373459.293546673840000,5755863.811764232800000,7.159163190000072,51.939084370000046,1,
05,5,54,040,2019,02,09,3,3,5,3,0,1,0,0,0,0,0,350475.215528572910000,5737330.184739502100000,6.833060765000028,51.766864118000058,0,
05,5,54,032,2019,02,13,3,3,4,2,0,0,1,0,0,0,0,324493.825426237660000,5746414.430565912300000,6.452306538000073,51.840922506000027,0,
05,5,15,000,2019,02,20,3,2,5,3,2,0,1,0,0,0,0,404945.473000001160000,5760140.457000002300000,7.615853044000062,51.983794713000066,0,
05,5,15,000,2019,02,18,3,3,5,3,2,1,1,0,0,0,0,408008.289646305140000,5751386.028085654600000,7.662781682000059,51.905620384000031,0,
05,5,62,016,2019,02,12,3,3,0,7,0,0,1,0,0,0,0,374321.779361440800000,5735005.096968822200000,7.179284033000045,51.751830218000066,0,
05,5,12,000,2019,02,07,3,3,0,1,0,1,0,0,0,0,0,355858.095908793620000,5719171.667750710600000,6.918512817000021,51.605112781000059,2,
05,5,13,000,2019,02,15,3,3,5,3,0,0,1,0,0,0,0,367135.724000001330000,5708791.751000003900000,7.085188375000030,51.514606494000077,0,
05,5,66,012,2019,02,11,3,3,0,7,0,0,1,0,0,0,0,405027.932845307510000,5772092.915832847400000,7.613733762000038,52.091240782000057,0,
05,5,58,012,2019,02,13,3,3,6,4,0,1,0,1,0,0,0,373995.212496642950000,5756492.779734587300000,7.166724620000025,51.944858167000064,0,
05,5,54,020,2019,02,13,3,3,5,3,0,1,1,0,0,0,0,367024.469366576520000,5786445.814638685400000,7.053691660000027,52.212384101000055,0,
05,5,54,048,2019,02,09,3,3,1,1,0,1,1,0,0,0,0,340501.875505776140000,5745444.317980414300000,6.684915778000061,51.837008912000044,0,
05,5,15,000,2019,02,07,3,3,1,4,0,1,0,1,0,0,0,405136.610925339160000,5755839.153832702000000,7.619823649000068,51.945165552000049,0,
05,5,15,000,2019,02,13,3,2,2,7,0,1,0,0,0,0,0,405309.908842961300000,5759448.771612802500000,7.621349057000032,51.977639817000068,0,
05,5,62,008,2019,02,14,3,3,5,3,0,1,1,0,0,0,0,385295.875577249560000,5723908.470821138500000,7.341842404000033,51.654452458000037,0,
05,5,13,000,2019,02,08,3,3,1,5,0,1,1,0,0,0,0,365256.539150745610000,5715814.597867665800000,7.055433241000060,51.577272111000070,0,
05,5,13,000,2019,02,07,3,3,6,2,0,0,1,1,0,0,0,368045.980824303810000,5709064.398770703000000,7.098196930000029,51.517270051000025,0,
05,5,66,080,2019,02,07,2,3,5,3,0,1,1,0,0,0,0,406292.706401489680000,5781681.312571467800000,7.629546879000031,52.177638654000077,0,
05,5,54,004,2019,02,07,2,3,4,2,0,1,0,0,0,0,0,357286.503633382730000,5771257.085894474800000,6.917637291000062,52.073480905000054,0,
05,5,54,008,2019,02,15,2,3,5,2,0,0,1,0,0,0,0,335607.610041038130000,5746844.405975805600000,6.613276582000026,51.848167417000070,0,
05,5,54,008,2019,02,08,2,3,6,4,0,1,0,1,0,0,0,335215.478022579100000,5746047.039025083200000,6.607968687000039,51.840888789000076,0,
05,5,15,000,2019,02,16,2,3,5,3,0,1,1,0,0,0,0,401648.180000000630000,5755592.414000000800000,7.569157521000022,51.942342003000078,0,
05,5,15,000,2019,02,16,2,3,0,3,0,1,1,0,0,0,0,402298.829353902490000,5758272.338992977500000,7.577858133000063,51.966544499000065,0,
05,5,15,000,2019,02,14,2,3,5,3,0,1,0,0,0,0,1,404062.207318154160000,5748928.500121654900000,7.606122006000021,51.882865418000051,0,
05,5,15,000,2019,02,12,2,2,5,3,0,1,1,0,0,0,0,402586.113398678600000,5753917.301387481400000,7.583272599000054,51.927450592000071,0,
05,5,62,004,2019,02,15,2,3,0,3,0,1,1,0,0,0,0,382510.665178264490000,5714884.445026235700000,7.304623423000066,51.572772839000038,0,
05,5,62,012,2019,02,05,2,3,5,3,2,1,1,0,0,0,0,363324.800412090500000,5726079.126172132800000,7.023567907000029,51.669046102000038,0,
05,5,62,024,2019,02,10,2,3,5,3,0,0,1,0,0,0,0,371089.782554461620000,5724251.746909059600000,7.136463786000036,51.654459265000071,0,
05,5,62,014,2019,02,15,2,3,5,2,0,0,1,0,0,0,0,358914.813107932920000,5713145.329585859600000,6.965044029000069,51.551734676000081,0,
05,5,62,020,2019,02,14,2,3,5,7,0,0,1,0,1,0,0,371372.704379688020000,5717752.138815380600000,7.142938373000050,51.596113387000059,0,
05,5,62,032,2019,02,08,2,3,6,4,0,0,0,1,0,0,1,377433.245229836550000,5715715.356478840100000,7.231102872000065,51.579159529000037,0,
05,5,54,044,2019,02,15,1,3,0,7,0,0,1,1,0,0,0,365461.794567105360000,5740753.557524273200000,7.048778399000071,51.801428694000037,0,
05,5,15,000,2019,02,17,1,3,5,2,0,1,1,0,0,0,0,414331.962000000290000,5753938.886000001800000,7.754044963000069,51.929576275000045,0,
05,5,15,000,2019,02,13,1,3,0,6,0,1,0,0,0,0,0,404983.936028581110000,5770762.805159555700000,7.613462385000048,52.079277940000054,0,
05,5,13,000,2019,02,20,1,3,5,3,2,0,1,0,0,0,0,370418.983903692100000,5706589.742751350600000,7.133287697000071,51.495579801000076,0,
05,5,13,000,2019,02,16,1,2,6,4,0,0,1,1,0,0,0,365656.066767524930000,5708899.357486249900000,7.063835884000071,51.515223589000072,0,
05,5,70,020,2019,02,08,7,2,5,3,0,1,0,0,0,0,0,433121.340490593570000,5743497.758027480900000,8.029293109000037,51.838287114000082,0,
05,5,66,072,2019,02,13,7,2,2,6,0,0,1,0,0,0,0,412374.359157878910000,5801656.122870406100000,7.713276918000076,52.358177470000044,0,
05,5,66,076,2019,02,11,7,3,5,3,0,0,1,0,0,0,1,395236.910028314220000,5794017.377096470400000,7.464094782000075,52.286518989000058,0,
05,5,58,032,2019,02,08,7,3,8,1,0,0,1,0,0,0,0,386152.234146642500000,5754811.179615143700000,7.344072725000046,51.932365893000053,0,
05,5,54,008,2019,02,02,7,3,6,4,2,0,1,1,0,0,0,335484.654421865010000,5745929.839919975000000,6.611928152000075,51.839915305000034,0,
05,5,15,000,2019,02,16,7,3,5,3,0,1,1,0,0,0,0,403679.089866177180000,5761115.475216334700000,7.597144547000028,51.992340324000054,0,
05,5,62,008,2019,02,14,7,2,5,7,0,0,1,0,1,0,0,382036.548320056870000,5729886.398494815500000,7.292728021000073,51.707504316000040,0,
05,5,62,012,2019,02,16,7,3,5,3,0,0,1,0,0,0,0,355512.428000000310000,5725082.780000003100000,6.911085429000025,51.658138799000028,0,
05,5,62,024,2019,02,05,7,3,5,2,2,0,1,0,0,0,0,368589.307094833810000,5726999.786032615200000,7.099304432000054,51.678575616000046,0,
05,5,12,000,2019,02,13,7,2,6,4,0,0,1,1,0,0,0,356336.603332657370000,5709402.864440104000000,6.929409882000073,51.517455079000058,0,
05,5,62,014,2019,02,12,7,3,5,7,0,0,1,0,0,0,0,361291.134063712320000,5716074.265305481900000,6.998140520000050,51.578643710000051,0,
05,5,62,032,2019,02,17,7,3,0,5,0,1,1,0,0,0,0,376219.372578463520000,5716826.994537003300000,7.213201319000063,51.588884800000073,0,
05,5,13,000,2019,02,17,7,2,6,4,0,0,1,1,0,0,0,367737.841784590860000,5707869.237809503500000,7.094206854000049,51.506457400000045,0,
05,5,70,008,2019,02,08,6,3,5,3,0,1,1,0,0,0,0,433224.596280292610000,5734577.729434214500000,8.032509480000044,51.758108563000064,0,
05,5,66,068,2019,02,11,6,3,5,3,0,1,1,0,0,0,0,376997.355399844240000,5785872.367869693800000,7.199787826000033,52.209547463000035,0,
05,5,15,000,2019,02,15,6,3,0,7,0,0,1,1,0,0,0,402384.406820477920000,5754351.581118891000000,7.580216880000023,51.931318696000062,0,
05,5,15,000,2019,02,16,6,3,9,7,0,1,0,0,0,0,0,408367.812000001780000,5757739.730000002300000,7.666313864000074,51.962790677000044,1,
05,5,15,000,2019,02,15,6,3,3,6,0,1,1,0,0,0,0,412688.055308874700000,5753407.314265355500000,7.730277146000049,51.924542608000081,0,
05,5,15,000,2019,02,13,6,3,1,7,0,0,1,1,0,0,0,404157.096611885350000,5748822.859773641500000,7.607529554000053,51.881932191000033,0,
05,5,15,000,2019,02,13,6,3,5,7,0,1,1,0,0,0,0,403006.209000000730000,5754861.892999999200000,7.589113916000031,51.936014256000078,0,
05,5,62,028,2019,02,12,6,3,5,3,0,1,1,0,0,0,0,380606.209830112760000,5721547.311638595500000,7.274887011000033,51.632255222000026,0,
05,5,12,000,2019,02,17,6,3,5,3,0,0,1,0,1,0,0,355799.851179453540000,5712356.281149841800000,6.920469973000024,51.543857005000064,0,
05,5,62,014,2019,02,13,6,3,6,4,0,0,1,1,0,0,0,359950.450238300490000,5715267.511400485400000,6.979126181000027,51.571062699000038,0,
05,5,62,032,2019,02,17,6,2,0,7,2,1,0,0,0,0,1,375282.170269049700000,5719675.530720107300000,7.198666839000055,51.614278287000047,0,
05,5,13,000,2019,02,19,6,2,6,4,2,0,1,1,0,0,0,367169.550182598640000,5708756.239375297000000,7.085688960000027,51.514295317000062,0,
05,5,66,076,2019,02,16,1,3,6,4,0,0,1,1,0,0,0,399164.887690481730000,5788873.156258428500000,7.523197808000020,52.241019761000075,0,
05,5,54,028,2019,02,18,1,3,2,6,2,0,1,0,0,0,0,355732.328744249420000,5743706.836868979000000,6.906539370000076,51.825539333000052,0,
05,5,15,000,2019,02,14,1,3,6,2,0,0,1,1,0,0,0,405010.716767702250000,5757701.684003375500000,7.617477714000074,51.961885257000063,0,
05,5,62,024,2019,02,14,1,3,4,6,0,0,1,0,1,0,0,366789.593352126890000,5725381.808658409900000,7.073906506000071,51.663611904000049,0,
05,5,13,000,2019,02,15,1,2,2,2,0,0,1,0,1,0,0,364375.312848598700000,5709355.048605201800000,7.045213812000043,51.519012625000073,0,
05,5,13,000,2019,02,11,1,3,3,2,0,1,1,0,0,0,0,365917.550705581900000,5709251.864309016600000,7.067467978000025,51.518453542000032,0,
05,5,66,028,2019,02,19,7,3,0,7,2,0,1,0,0,0,0,412194.415639406070000,5794372.653724242000000,7.712537276000035,52.292683509000028,0,
05,5,66,076,2019,02,18,7,3,0,1,2,1,0,0,0,0,0,391949.412000002340000,5794128.467000002000000,7.415881660000025,52.286880838000059,0,
05,5,54,020,2019,02,18,7,3,5,3,2,1,1,0,0,0,0,366501.137855972160000,5786459.970690369600000,7.046031106000044,52.212384764000035,0,
05,5,54,020,2019,02,16,7,3,5,3,0,1,1,0,0,0,0,365602.745493510740000,5783123.390758929800000,7.034213627000042,52.182186026000068,0,
05,5,54,004,2019,02,13,7,3,5,2,0,1,1,0,0,0,0,363645.703711762090000,5771640.650664353700000,7.010210487000052,52.078529674000038,0,
05,5,15,000,2019,02,10,7,3,1,5,0,1,1,0,0,0,0,404739.104435275310000,5756870.428569806700000,7.613756284000033,51.954367138000066,0,
05,5,12,000,2019,02,22,7,3,1,5,2,0,1,0,0,0,0,357566.617534600200000,5712067.844816388600000,6.946047762000035,51.541713804000040,0,
05,5,62,032,2019,02,17,7,3,4,6,0,0,1,0,1,0,0,374380.477488629520000,5719841.210741136200000,7.185591067000075,51.615566771000033,0,
05,5,13,000,2019,02,11,7,3,0,6,0,0,1,0,0,0,0,366839.748000000600000,5712816.607000002600000,7.079403375000027,51.550706682000055,0,
05,5,70,020,2019,02,07,6,3,6,4,0,0,1,1,0,0,0,432966.097277764230000,5743173.630865018800000,8.027102995000064,51.835354625000036,0,
05,5,66,028,2019,02,13,6,2,0,1,0,1,0,0,0,0,0,412254.926184424200000,5792243.601794736500000,7.713978495000049,52.273556711000026,0,
05,5,66,076,2019,02,19,6,2,0,7,2,1,0,0,0,0,0,394216.630792913030000,5795675.215563133400000,7.448622059000059,52.301222889000030,0,
05,5,66,012,2019,02,17,6,3,5,2,0,1,1,0,0,0,0,401036.449303166940000,5775968.070826463400000,7.554365321000034,52.125371029000064,0,
05,5,54,008,2019,02,20,6,3,2,5,2,0,1,0,0,0,0,336102.435316204090000,5745472.073170572500000,6.621104224000021,51.835984623000058,0,
05,5,54,008,2019,02,11,6,3,6,4,0,1,0,1,0,0,0,336126.858700807210000,5745832.949184211000000,6.621287467000059,51.839233702000058,1,
05,5,62,012,2019,02,08,6,3,0,7,0,0,1,0,1,0,0,359069.902183506640000,5725895.319345817000000,6.962154134000059,51.666343336000068,1,
05,5,62,024,2019,02,14,6,3,6,4,0,0,1,1,0,0,0,367372.382933150050000,5724384.276627307800000,7.082706456000040,51.654785485000048,0,
05,5,13,000,2019,02,14,6,3,5,3,0,0,1,0,0,1,0,365403.069000001070000,5710283.885000001600000,7.059663054000055,51.527605475000030,0,
05,5,13,000,2019,02,00,6,3,9,1,2,0,1,0,0,0,0,369234.855999999680000,5708323.206000000200000,7.115596673000027,51.510885531000042,1,
05,5,66,012,2019,02,11,5,3,6,3,0,1,0,1,0,0,0,404891.542485008020000,5772888.324701927600000,7.611521591000042,52.098366630000044,0,
05,5,58,032,2019,02,08,5,2,0,1,0,0,0,0,1,0,0,387492.080832177770000,5754699.336590088900000,7.363588864000064,51.931633171000044,0,
05,5,54,056,2019,02,13,5,3,5,3,0,1,1,0,0,0,0,357139.753097225910000,5762619.002457451100000,6.919105455000022,51.995830231000070,0,
05,5,54,008,2019,02,16,5,3,5,7,0,0,1,0,0,0,0,336967.071999999690000,5745524.949999999300000,6.633617520000030,51.836712686000055,0,
05,5,54,008,2019,02,10,5,3,2,5,0,0,1,0,1,0,0,336070.023748211560000,5745415.635906113300000,6.620660959000077,51.835468110000079,0,
05,5,15,000,2019,02,13,5,3,5,5,0,1,1,0,0,0,0,405717.736999999730000,5757890.366000000400000,7.627713046000054,51.963701560000061,1,
05,5,15,000,2019,02,12,5,3,5,3,0,0,1,0,1,0,0,407100.868000000720000,5757064.444000000100000,7.648061916000074,51.956510598000079,0,
05,5,62,020,2019,02,17,5,3,2,6,1,0,1,0,0,0,0,371300.129529253580000,5717037.805789066500000,7.142153157000053,51.589677205000044,0,
05,5,62,020,2019,02,13,5,3,0,1,0,1,0,0,0,0,0,370155.309596336450000,5718311.827237101300000,7.125165103000029,51.600863875000073,0,
05,5,62,032,2019,02,13,5,2,0,1,0,0,0,0,1,0,0,379898.820000000300000,5718866.611999999700000,7.265589978000037,51.608012084000052,0,
05,5,62,032,2019,02,13,5,3,0,1,0,0,0,0,1,0,0,374158.407238313000000,5720009.033808568500000,7.182325024000022,51.617025399000056,0,
05,5,70,004,2019,02,09,4,3,5,3,0,1,1,0,0,0,0,423890.554416671400000,5735241.586197812100000,7.897151064000070,51.762885665000056,0,
05,5,70,012,2019,02,11,4,3,6,7,0,0,1,1,0,0,0,439820.602036960420000,5753480.919329848100000,8.124774938000030,51.928798794000045,0,
05,5,66,032,2019,02,12,4,2,5,3,0,0,1,0,0,1,0,412088.624630476350000,5778011.982262045100000,7.715237543000058,52.145611108000026,0,
05,5,66,064,2019,02,16,4,3,5,2,0,1,1,0,0,0,0,394566.701688892210000,5770951.889367632600000,7.461445108000021,52.079091622000078,0,
05,5,66,012,2019,02,07,4,3,4,6,1,1,1,0,0,0,0,404580.708820970730000,5772639.560603605600000,7.607054870000070,52.096077180000066,0,
05,5,54,020,2019,02,15,4,3,5,3,0,1,1,0,0,0,0,366202.710426440460000,5783287.445439660900000,7.042918835000023,52.183805971000027,0,
05,5,54,020,2019,02,17,4,2,5,3,0,1,1,0,0,0,0,366096.895939843730000,5785617.013308402200000,7.040451502000053,52.204712395000058,0,
05,5,54,020,2019,02,18,4,3,3,6,1,1,0,0,0,0,0,363870.198197991590000,5786964.397801855600000,7.007345216000033,52.216273487000080,0,
05,5,54,012,2019,02,09,4,3,8,1,0,1,0,0,0,0,0,352012.388924019410000,5746120.136721544000000,6.851567808000027,51.846249702000080,0,
05,5,15,000,2019,02,19,4,3,5,3,2,1,1,0,0,0,0,407713.118999999020000,5751437.568000000000000,7.658478460000026,51.906034838000039,0,
05,5,15,000,2019,02,07,4,3,0,7,0,1,0,0,0,0,1,404459.812725829890000,5754627.836238971000000,7.610316487000034,51.934161919000076,0,
05,5,62,024,2019,02,16,4,3,5,3,0,0,1,0,0,0,0,371373.594031437300000,5724668.472594615100000,7.140410941000027,51.658269286000063,0,
05,5,12,000,2019,02,12,4,3,5,3,0,0,1,0,1,0,0,356268.702999999750000,5710787.353000002000000,6.927867126000024,51.529878555000039,0,
05,5,62,032,2019,02,06,4,3,2,6,2,0,1,0,0,0,1,375609.144380797630000,5719025.297276938300000,7.203617659000031,51.608506899000076,0,
05,5,13,000,2019,02,15,4,3,6,7,0,0,1,1,0,0,0,365248.969568824400000,5709738.079493369900000,7.057651719000035,51.522663833000081,0,
05,5,66,040,2019,02,15,4,3,3,2,0,0,1,0,0,0,0,421800.515870389530000,5782007.723786838400000,7.856216859000028,52.182988953000063,0,
05,5,66,084,2019,02,15,4,2,5,2,0,1,1,0,0,0,0,385996.693947648630000,5779287.651957236200000,7.333649037000043,52.152306717000045,0,
05,5,66,076,2019,02,15,4,3,5,3,0,0,1,0,0,0,0,395282.917593061920000,5795327.929874427600000,7.464361676000067,52.298306061000062,0,
05,5,66,084,2019,02,16,4,2,0,1,0,1,0,0,0,0,0,386265.103303639220000,5778966.977778382600000,7.337677865000046,52.149480185000073,0,
05,5,66,012,2019,02,08,4,3,5,3,0,1,1,0,0,0,0,404889.327240579760000,5772857.804491976300000,7.611497780000036,52.098091928000031,0,
05,5,58,016,2019,02,15,4,3,0,3,0,1,1,0,0,0,0,380936.953245065170000,5744939.113530969200000,7.271659787000033,51.842554145000065,0,
05,5,54,020,2019,02,08,4,3,5,3,0,1,1,0,0,0,0,366545.460183816030000,5786722.022620851200000,7.046576104000053,52.214750142000071,0,