ULAND,UREGBEZ,UKREIS,UGEMEINDE,UJAHR,UMONAT,USTUNDE,UWOCHENTAG,UKATEGORIE,UART,UTYP1,ULICHTVERH,IstRad,IstPKW,IstFuss,IstKrad,IstGkfz,IstSonstige,LINREFX,LINREFY,XGCSWGS84,YGCSWGS84,STRZUSTAND,UIDENTSTLAE
05,5,54,004,2019,03,16,2,3,5,2,0,0,1,0,0,0,0,363524.836597829130000,5771127.276680823400000,7.008653190000075,52.073887022000065,1,
05,5,15,000,2019,03,16,2,3,1,5,0,1,1,0,0,0,0,405964.100000000560000,5756319.258000001300000,7.631727802000057,51.949621448000073,1,
05,5,15,000,2019,03,16,2,3,4,6,0,1,0,0,0,0,0,406795.014999999660000,5758466.892000000900000,7.643231653000044,51.969065311000065,1,
05,5,62,004,2019,03,22,2,3,1,5,2,0,1,0,1,0,0,384552.551407471300000,5716961.028992628700000,7.333391604000042,51.591858588000036,0,
05,5,12,000,2019,03,13,2,3,5,3,0,1,1,0,0,0,0,357451.574673946020000,5709746.264392741000000,6.945329666000021,51.520823294000081,1,
05,5,62,014,2019,03,18,2,3,8,1,0,0,1,0,0,0,0,361268.861722626720000,5713490.574434775900000,6.998839222000072,51.555420840000068,1,
05,5,13,000,2019,03,10,2,3,5,2,0,0,1,0,1,0,0,367571.039905998860000,5706318.282703772200000,7.092386973000032,51.492480308000040,1,
05,5,70,052,2019,03,16,1,2,0,1,0,1,0,0,0,0,0,429593.627661577430000,5755587.897634282700000,7.975630411000054,51.946540072000062,0,
05,5,66,008,2019,03,18,1,2,0,1,0,1,0,0,0,0,0,399247.816032980570000,5782050.685696920400000,7.526442451000037,52.179716929000051,0,
05,5,54,020,2019,03,23,1,3,0,1,2,1,0,0,0,0,0,365604.997183780190000,5783090.259555483200000,7.034259672000076,52.181888878000052,0,
05,5,62,012,2019,03,08,1,3,5,3,0,1,1,0,0,0,0,363194.073000000790000,5731025.884000001500000,7.019739153000046,51.713466165000057,0,
05,5,62,032,2019,03,14,1,3,0,7,0,0,1,0,0,0,0,379455.159069023100000,5719149.749763680600000,7.259088784000028,51.610461950000058,0,
05,5,54,008,2019,03,10,7,3,1,5,0,1,1,0,0,0,0,335339.498892975040000,5745844.264849467200000,6.609863811000025,51.839103774000080,0,
05,5,70,048,2019,03,14,6,3,6,7,0,0,1,1,0,0,0,447886.041446887890000,5732910.748361516700000,8.245162334000042,51.744677830000057,0,
05,5,70,008,2019,03,16,6,3,6,4,0,0,1,1,0,0,0,433513.777630154970000,5733311.638045487900000,8.036940845000061,51.746760723000079,0,
05,5,70,008,2019,03,11,6,3,5,2,0,0,1,0,0,1,0,433441.577744305130000,5734856.994857966900000,8.035599295000054,51.760645005000072,0,
05,5,66,076,2019,03,13,6,3,6,6,0,0,1,1,0,0,0,396007.893043745310000,5791278.840507693600000,7.476238028000068,52.262053225000045,0,
05,5,54,020,2019,03,15,6,3,5,3,0,1,1,0,0,0,0,366936.373414002360000,5786228.434258777600000,7.052488489000041,52.210409578000053,0,
05,5,54,004,2019,03,17,6,3,0,5,0,1,1,0,0,0,0,363254.407949819230000,5771223.971406523100000,7.004671129000030,52.074689152000076,0,
05,5,54,040,2019,03,20,6,3,0,1,2,1,0,0,0,0,0,350758.055940001270000,5736672.441440984600000,6.837439097000072,51.761029814000040,0,
05,5,54,044,2019,03,15,6,3,0,3,0,0,0,0,1,0,1,365279.069760689510000,5741472.103136684700000,7.045850718000054,51.807841572000029,0,
05,5,54,028,2019,03,14,6,3,2,2,0,1,1,0,0,0,0,357521.374362387690000,5743709.885113567100000,6.932480507000037,51.826025799000035,0,
05,5,15,000,2019,03,15,6,3,5,7,0,1,1,0,0,0,0,404295.066564386710000,5755430.797038976100000,7.607697497000061,51.941350943000032,0,
05,5,15,000,2019,03,07,6,2,5,3,0,1,1,0,0,0,0,411415.972000000070000,5751922.726000001700000,7.712164975000064,51.910996963000059,0,
05,5,12,000,2019,03,09,6,2,0,7,0,0,0,0,1,0,0,355451.827454166490000,5717016.975548416400000,6.913537947000066,51.585647421000033,0,
05,5,66,028,2019,03,03,1,3,0,1,2,1,0,0,0,0,0,411468.140295045450000,5792066.648878185100000,7.702496734000022,52.271840088000033,0,
05,5,54,020,2019,03,09,1,3,5,3,0,1,0,0,0,0,1,367202.830780645830000,5782254.985312998300000,7.057942927000056,52.174770466000041,0,
05,5,70,004,2019,03,19,7,3,2,6,1,1,1,0,0,0,0,423741.008930673820000,5735845.069142483200000,7.894852061000051,51.768290415000081,0,
05,5,70,032,2019,03,17,7,3,5,3,0,1,1,0,0,0,0,420527.724146926780000,5765752.866002272800000,7.841398335000065,52.036693026000080,0,
05,5,70,004,2019,03,13,7,3,2,2,0,0,1,0,1,0,0,426096.490462714810000,5735890.527207568300000,7.928971573000069,51.769014987000048,0,
05,5,54,012,2019,03,12,7,3,2,6,0,0,1,0,0,0,0,353238.723147684710000,5746480.035658765600000,6.869205195000063,51.849807083000030,0,
05,5,15,000,2019,03,13,7,2,0,1,0,1,0,0,0,0,0,404422.036745102140000,5760584.408617742400000,7.608109679000052,51.987695286000076,0,
05,5,62,014,2019,03,11,7,3,1,6,0,0,1,0,0,0,0,360453.820340099740000,5717493.464918624600000,6.985500234000028,51.591190021000045,0,
05,5,13,000,2019,03,08,7,3,5,3,0,0,1,0,0,0,0,364624.462118300610000,5716989.761699019000000,7.045863952000047,51.587681122000049,0,
05,5,13,000,2019,03,16,7,3,6,7,0,0,1,1,0,0,0,369105.234451700930000,5708154.248660333500000,7.113792562000072,51.509337126000048,0,
05,5,70,008,2019,03,07,6,3,7,7,0,1,0,0,0,0,1,434849.592353239660000,5735187.197576120500000,8.055935839000028,51.763779152000041,0,
05,5,70,052,2019,03,17,6,3,0,1,0,0,0,0,1,0,0,428824.731783960010000,5753659.108744891400000,7.964844570000025,51.929103209000061,0,
05,5,66,076,2019,03,16,6,3,0,1,0,1,0,0,0,0,0,394506.138795372100000,5793831.643407888700000,7.453443483000058,52.284709962000079,0,
05,5,66,076,2019,03,10,6,2,5,2,0,1,1,0,0,0,0,394411.357025983740000,5796295.725791040800000,7.451282100000071,52.306837010000038,0,
05,5,66,008,2019,03,09,6,3,6,7,0,0,1,1,0,0,0,399346.674894849770000,5781181.050344392700000,7.528145850000044,52.171918937000044,0,
05,5,54,068,2019,03,10,6,3,5,3,0,1,1,0,0,0,0,350056.322999999860000,5767144.543999999800000,6.814026188000071,52.034622208000030,0,
05,5,54,004,2019,03,15,6,3,2,3,0,1,1,0,0,0,0,364386.673984464260000,5772660.334070280200000,7.020610868000063,52.087873977000072,0,
05,5,54,008,2019,03,09,6,3,5,3,0,1,1,0,0,0,0,337064.536670942790000,5747077.557154020300000,6.634299485000042,51.850689021000051,0,
05,5,15,000,2019,03,08,6,3,3,6,0,1,0,0,0,0,0,407652.667549826200000,5758285.397381356000000,7.655761434000056,51.967577098000049,0,
05,5,15,000,2019,03,01,6,3,1,7,2,1,1,0,0,0,0,405198.540358500560000,5758814.770101618000000,7.619903212000054,51.971922177000067,0,
05,5,62,004,2019,03,10,6,2,9,1,0,0,0,0,1,0,0,382727.202000000510000,5712162.929000001400000,7.308654455000067,51.548357724000027,0,
05,5,62,024,2019,03,08,6,3,0,7,0,1,0,0,0,0,0,368526.608989230360000,5723373.579220265200000,7.099762204000058,51.645973946000026,0,
05,5,70,008,2019,03,12,5,3,5,3,0,0,1,0,0,0,0,433834.445219089280000,5733237.531766895200000,8.041599142000052,51.746132465000073,0,
05,5,66,028,2019,03,15,5,3,5,3,0,1,1,0,0,0,0,412947.753655079750000,5790538.050485732000000,7.724570096000036,52.258336805000056,0,
05,5,66,084,2019,03,12,5,3,8,1,0,0,1,0,0,0,0,389567.525000001300000,5775528.286000000300000,7.387041029000045,52.119246269000030,0,
05,5,58,024,2019,03,11,5,3,5,3,0,1,1,0,0,0,0,391772.923138961200000,5736376.018008936200000,7.431563599000072,51.767795641000077,0,
05,5,58,012,2019,03,11,5,3,0,7,0,1,1,0,0,0,0,374452.348811668340000,5756764.774707296900000,7.173272623000059,51.947405790000062,0,
05,5,54,020,2019,03,07,5,3,0,7,0,1,0,0,0,0,0,366259.412300862370000,5786123.530227869700000,7.042628215000036,52.209303103000082,0,
05,5,66,028,2019,03,15,4,3,0,3,0,1,1,0,0,0,0,412679.338829365560000,5792362.583751281700000,7.720166337000023,52.274693726000066,0,
05,5,66,076,2019,03,17,4,3,5,3,0,1,1,0,0,0,0,393915.371442707260000,5793491.806810021400000,7.444893141000023,52.281542065000053,0,
05,5,66,068,2019,03,07,4,3,0,7,0,0,0,0,0,0,1,376951.019101552670000,5784619.060991013400000,7.199565405000044,52.198274651000077,0,
05,5,66,012,2019,03,10,4,3,2,6,0,0,1,0,0,0,1,364571.928405424580000,5786238.614531168700000,7.017900779000058,52.209925076000047,0,
05,5,54,056,2019,03,09,4,3,5,3,0,1,1,0,0,0,0,357298.496476142670000,5762337.781344095200000,6.921533111000031,51.993344260000072,0,
05,5,54,008,2019,03,11,4,3,2,2,0,0,1,0,0,0,0,336072.329758088100000,5745379.475974455500000,6.620711528000072,51.835143946000073,0,
05,5,15,000,2019,03,15,4,3,4,2,0,1,1,0,0,0,0,409820.504133842890000,5752114.480503462300000,7.688926356000025,51.912464560000046,0,
05,5,62,008,2019,03,08,4,3,3,6,0,1,1,0,0,0,1,384386.382120737810000,5722740.971770813700000,7.329086731000075,51.643773040000042,0,
05,5,62,032,2019,03,12,4,2,5,3,0,1,1,0,0,0,0,373382.992489988920000,5715453.785481579600000,7.172774959000037,51.575913500000070,0,
05,5,62,032,2019,03,13,4,3,0,6,0,1,0,1,0,0,0,375874.073306857610000,5720164.932155760000000,7.207037980000052,51.618807431000050,0,
05,5,13,000,2019,03,15,4,3,2,6,0,0,1,0,1,0,0,367289.221861248840000,5708413.527196055300000,7.087541611000063,51.511243591000039,0,
05,5,66,076,2019,04,22,5,2,0,1,2,1,0,0,0,0,0,393903.469612387940000,5793535.759316779700000,7.444704907000073,52.281934778000050,1,
05,5,54,020,2019,04,15,5,3,5,3,0,1,1,0,0,0,0,364766.559999999590000,5786340.207000000400000,7.020706945000029,52.210885706000056,1,
05,5,54,012,2019,04,12,5,3,5,3,0,1,1,0,0,0,0,353564.713342784900000,5746190.212201120300000,6.874057399000037,51.847288625000033,1,
05,5,15,000,2019,04,19,5,3,4,6,0,1,1,0,0,0,0,405461.417658009570000,5755197.950530670600000,7.624724113000070,51.939457418000075,1,
05,5,62,014,2019,04,12,5,3,1,6,0,0,1,0,0,0,0,361077.819000002000000,5715213.524000003900000,6.995404366000059,51.570856466000066,1,
05,5,13,000,2019,04,17,5,3,5,3,0,1,1,0,0,0,0,362850.675826426600000,5717634.918288860500000,7.020023711000022,51.593049705000055,1,
05,5,66,040,2019,04,17,4,3,5,3,0,0,1,0,0,0,0,422231.916282342750000,5778453.801797851900000,7.863339781000036,52.151103989000035,0,
05,5,66,076,2019,04,12,4,3,6,4,0,1,0,1,0,0,0,393670.644337263890000,5793442.818109611000000,7.441322547000027,52.281054507000079,1,
05,5,66,060,2019,04,09,4,3,6,5,0,0,1,1,0,0,0,388961.284376290630000,5789370.384099621300000,7.373657612000045,52.243524683000032,0,
05,5,54,048,2019,04,13,4,3,5,3,0,1,0,0,0,0,0,342088.503283292060000,5745236.225714050200000,6.708020350000027,51.835590249000063,0,
05,5,15,000,2019,04,17,4,2,0,1,0,1,0,0,0,0,0,407023.710485301910000,5759487.068865742500000,7.646283368000070,51.978273461000072,0,
05,5,62,012,2019,04,07,4,3,8,1,0,0,0,0,1,0,0,362963.169655406850000,5725095.194655101700000,7.018727642000044,51.660116317000075,1,
05,5,62,024,2019,04,16,4,2,3,2,0,1,1,0,0,0,0,370411.359342448410000,5727273.951160650700000,7.125541133000070,51.681462790000069,0,
05,5,62,032,2019,04,17,4,3,5,3,0,0,1,0,0,0,0,376785.828077923510000,5714764.036842018400000,7.222097802000064,51.570468599000037,1,
05,5,62,032,2019,04,20,4,3,5,3,2,0,1,0,0,0,0,374845.073515296910000,5719884.901247568400000,7.192282339000030,51.616062908000060,1,
05,5,13,000,2019,04,15,4,3,6,7,0,1,0,1,0,0,0,365134.962738453410000,5715990.282446472000000,7.053612322000049,51.578821812000058,0,
05,5,70,004,2019,04,09,3,3,5,3,0,1,1,0,0,0,0,425949.366999999620000,5735548.958999998900000,7.926912644000026,51.765924936000033,0,
05,5,70,004,2019,04,07,3,3,5,3,0,0,1,0,1,0,0,423878.268000002020000,5734731.404000001000000,7.897084829000050,51.758297631000062,0,
05,5,70,052,2019,04,15,3,3,0,5,0,1,1,0,0,0,0,430899.398448256780000,5755980.044183416300000,7.994546548000074,51.950229074000049,0,
05,5,66,040,2019,04,16,3,3,5,3,0,1,1,0,0,0,0,422334.514813023620000,5782176.282366793600000,7.863987102000067,52.184579559000042,0,
05,5,54,064,2019,04,15,3,3,5,3,0,0,1,0,0,0,0,362592.508332148190000,5751321.713819893100000,7.002991864000023,51.895693704000053,1,
05,5,62,032,2019,04,20,3,2,5,3,2,0,1,0,0,0,0,375624.218614865090000,5719121.255897395300000,7.203801194000050,51.609372622000080,1,
05,5,13,000,2019,04,18,3,3,5,3,0,0,1,0,0,0,0,368022.312928865660000,5713578.663765532900000,7.096163589000071,51.557832894000057,0,
05,5,70,004,2019,04,10,2,2,5,3,0,1,1,0,0,0,0,423914.326902715490000,5735034.542412538100000,7.897540804000073,51.761027643000034,0,
05,5,66,028,2019,04,22,2,2,8,1,2,0,0,0,1,0,0,410209.665319818070000,5786830.088854894000000,7.685450093000043,52.224568728000065,0,
05,5,66,076,2019,04,17,2,3,5,3,0,0,1,0,0,0,0,393751.654447471720000,5794747.529007392000000,7.442098264000038,52.292795861000059,0,
05,5,66,008,2019,04,16,2,3,9,6,0,0,1,0,0,0,1,399783.755549116060000,5780658.839496670300000,7.534689242000070,52.167304986000033,0,
05,5,66,008,2019,04,13,2,3,3,2,0,1,0,0,0,1,0,400777.909369389530000,5778358.224699586600000,7.549892408000062,52.146807068000044,0,
05,5,58,008,2019,04,16,2,3,1,6,0,0,1,0,0,0,0,382413.974358577280000,5759691.465384848400000,7.288055181000061,51.975447900000063,0,
05,5,58,012,2019,04,17,2,3,1,7,0,0,1,0,1,0,0,373959.304229062050000,5756692.649542367100000,7.166129196000043,51.946646150000049,0,
05,5,58,016,2019,04,15,2,3,5,3,0,1,1,0,0,0,0,379941.144000001250000,5744614.104000002100000,7.257324442000027,51.839420044000065,0,
05,5,58,016,2019,04,15,2,3,0,7,0,0,0,1,0,0,1,381585.108076240870000,5743628.321357065800000,7.281512569000029,51.830911678000064,0,
05,5,54,008,2019,04,17,2,3,1,5,0,1,0,0,0,0,1,331859.766163783150000,5743106.414279667700000,6.560732114000075,51.813472740000066,0,
05,5,54,008,2019,04,06,2,3,6,2,2,0,1,1,0,0,0,337497.972000000070000,5745597.742000000600000,6.641282156000045,51.837521332000051,0,
05,5,15,000,2019,04,17,2,3,5,2,0,0,1,0,1,0,0,402184.263538644650000,5749771.627684731000000,7.578607314000067,51.890117453000073,0,
05,5,15,000,2019,04,14,2,3,1,5,0,1,1,0,0,0,0,404905.523034553970000,5756967.110224457500000,7.616150499000071,51.955264633000070,0,
05,5,15,000,2019,04,09,2,3,6,3,0,0,1,1,0,0,0,406127.616722639650000,5757695.062669895600000,7.633730428000035,51.962015446000066,0,
05,5,62,014,2019,04,20,2,3,8,1,2,0,1,0,0,0,0,360889.881597331730000,5717682.931976987000000,6.991715974000044,51.593000416000052,0,
05,5,13,000,2019,04,17,2,3,8,3,0,0,1,0,1,0,0,362854.329300753770000,5711551.171403026200000,7.022450399000036,51.538380466000035,0,
05,5,70,028,2019,04,13,2,3,5,3,0,1,1,0,0,0,0,441371.696711437780000,5741400.430169114800000,8.149382517000049,51.820358843000065,0,
05,5,70,004,2019,04,16,2,3,5,2,0,0,1,0,0,0,0,425009.645472050640000,5734775.196813140100000,7.913464517000023,51.758843960000036,0,
05,5,70,004,2019,04,13,2,3,5,3,0,0,1,0,1,0,0,424044.966975409540000,5735231.236169843000000,7.899390366000034,51.762813590000064,0,
05,5,70,004,2019,04,17,2,3,0,6,0,1,0,0,0,0,0,424626.637010333130000,5735513.258768076100000,7.907756083000038,51.765427487000068,0,
05,5,70,052,2019,04,16,2,3,5,2,0,1,1,0,0,0,0,430130.168023518290000,5756356.950103525100000,7.983279065000033,51.953521212000055,0,
05,5,70,004,2019,04,16,2,3,4,2,0,0,1,0,0,0,0,425011.054313027300000,5734777.016172209800000,7.913484533000030,51.758860504000040,0,
05,5,66,084,2019,04,15,2,3,4,2,0,1,1,0,0,0,0,385729.660647777840000,5778836.764537816900000,7.329899351000051,52.148199442000077,0,
05,5,66,084,2019,04,15,2,3,5,3,0,1,1,0,0,0,0,386281.782590110790000,5778599.204724706700000,7.338044626000055,52.146178463000069,0,
05,5,66,084,2019,04,13,2,3,5,3,0,1,1,0,0,0,0,405382.643000001090000,5773118.685999998800000,7.618624883000052,52.100521365000077,0,
05,5,58,012,2019,04,13,2,2,0,6,0,1,0,0,0,0,0,374363.265413909220000,5755544.750378899300000,7.172422907000055,51.936421967000058,0,
05,5,54,004,2019,04,11,2,3,6,4,0,0,1,1,0,0,0,361090.896595304830000,5770412.850558558500000,6.973453478000067,52.066862591000074,0,
05,5,15,000,2019,04,19,2,3,1,3,0,1,1,0,0,0,0,404806.507000000220000,5759073.183000003900000,7.614126217000035,51.974177878000035,0,
05,5,15,000,2019,04,10,2,3,1,5,0,0,1,0,0,0,0,408718.595879152420000,5755950.386110223800000,7.671893323000063,51.946764670000050,0,
05,5,62,024,2019,04,07,2,3,5,3,0,1,1,0,0,0,0,369924.716524992140000,5725560.917135767600000,7.119144049000056,51.665955919000055,0,
05,5,13,000,2019,04,15,2,3,5,2,0,0,1,0,0,0,0,368375.020903721450000,5709385.160956164800000,7.102816655000027,51.520229430000029,0,
05,5,66,012,2019,04,14,1,3,5,3,0,0,1,0,1,0,0,404892.084990666250000,5772900.339127434400000,7.611526155000036,52.098474711000051,0,
05,5,15,000,2019,04,17,1,3,0,7,0,1,0,1,0,0,0,405198.205468323080000,5753293.293942373200000,7.621421077000036,51.922292708000043,0,
05,5,12,000,2019,04,13,1,3,0,7,0,0,0,0,1,0,1,359484.088077145630000,5708169.828608419700000,6.975234550000039,51.507166604000076,0,
05,5,62,032,2019,04,09,1,3,3,6,0,1,1,0,0,0,0,373870.161561320540000,5722714.004487041400000,7.177189498000075,51.641270393000070,0,
05,5,70,044,2019,04,10,7,3,5,3,0,0,1,0,0,0,1,416200.262311168950000,5764537.417787879700000,7.778622471000062,52.025130395000076,0,
05,5,54,020,2019,04,13,7,3,5,3,0,1,1,0,0,0,0,364651.469911308030000,5786384.646081786600000,7.019005795000055,52.211256748000039,0,
05,5,54,020,2019,04,19,7,3,5,2,0,0,1,0,0,0,0,365348.755000001750000,5782466.002000002200000,7.030761955000060,52.176217208000025,0,
05,5,54,008,2019,04,19,7,3,0,1,0,1,0,0,0,0,0,336659.424210973080000,5745208.339701294900000,6.629305658000021,51.833778531000064,0,
05,5,13,000,2019,04,14,7,2,6,4,0,0,1,1,0,0,0,369247.811424080280000,5708666.204800665400000,7.115656046000026,51.513971006000077,0,
05,5,66,056,2019,04,06,6,3,5,3,1,1,1,0,0,0,0,416475.097000001000000,5796881.785000002000000,7.774664940000037,52.315904121000074,1,
05,5,54,056,2019,04,19,6,3,6,2,0,0,1,1,0,0,0,357280.549000000580000,5762245.616000002300000,6.921310254000048,51.992511538000031,0,
05,5,54,012,2019,04,22,6,3,6,7,2,0,1,1,0,0,0,347917.599000001330000,5752294.699999999300000,6.789448416000028,51.900624519000075,0,
05,5,54,012,2019,04,14,6,3,5,3,0,1,1,0,0,0,0,352563.540175736880000,5746204.154739467400000,6.859527367000055,51.847150410000040,1,
05,5,15,000,2019,04,18,6,3,2,3,0,1,1,0,0,0,0,405501.223809917460000,5756465.771196285300000,7.624954514000024,51.950859925000032,0,
05,5,15,000,2019,04,16,6,3,3,2,0,1,0,0,0,0,0,405425.048999999650000,5758255.198000000800000,7.623353792000046,51.966931106000061,0,
05,5,62,024,2019,04,17,6,3,6,2,0,0,1,1,0,0,0,370345.372691653670000,5727868.166558548800000,7.124366492000036,51.686787549000030,0,
05,5,62,024,2019,04,15,6,3,2,6,0,0,1,0,0,0,0,368669.915548293850000,5723775.022963047000000,7.101681524000071,51.649615032000042,0,
05,5,62,024,2019,04,15,6,3,6,6,0,1,0,1,0,0,0,368524.947483362630000,5723861.499227512600000,7.099554808000050,51.650358275000031,0,
05,5,62,024,2019,04,09,6,3,5,3,0,1,0,0,0,1,0,370348.094000000510000,5725162.387000000100000,7.125410302000034,51.662472312000034,0,
05,5,62,032,2019,04,14,6,3,6,4,0,0,1,1,0,0,0,373839.047358972950000,5715105.368744794300000,7.179477892000023,51.572884506000037,0,
05,5,13,000,2019,04,18,6,3,6,4,0,0,1,1,0,0,0,369422.315535852690000,5706885.224432319400000,7.118828883000049,51.498005933000059,0,
05,5,66,060,2019,04,13,6,2,5,3,0,1,1,0,0,0,0,388881.694119347260000,5789642.034544382200000,7.372403047000034,52.245949931000041,0,
05,5,66,076,2019,04,12,6,3,0,2,0,1,1,0,0,0,0,392933.833603473380000,5792205.518737772500000,7.430918862000056,52.269791674000032,0,
05,5,66,012,2019,04,11,6,2,6,7,0,0,1,1,0,0,0,404516.436999999920000,5772440.336000001100000,7.606172738000055,52.094275432000074,0,
05,5,54,004,2019,04,17,6,3,3,6,0,1,1,0,0,0,0,363118.280354992490000,5771207.181144367900000,7.002692858000046,52.074504654000066,0,
05,5,15,000,2019,04,12,6,3,2,6,0,0,1,0,0,0,0,406630.828920675440000,5758711.046385670100000,7.640775946000076,51.971232330000078,0,
05,5,15,000,2019,04,12,6,2,1,7,0,0,1,0,0,0,0,404513.280133529570000,5754463.606425799400000,7.611139535000064,51.932694929000036,0,
05,5,15,000,2019,04,07,6,3,5,2,0,1,1,0,0,0,0,406636.221961370670000,5758239.595170214800000,7.640982642000040,51.966995609000037,0,
05,5,62,008,2019,04,11,6,3,5,3,0,1,1,0,0,0,0,384842.151664591390000,5723596.800940360900000,7.335389010000029,51.651558497000053,0,
05,5,62,004,2019,04,23,6,3,0,7,2,0,0,0,0,0,1,383566.078554395590000,5716417.018134612600000,7.319337850000068,51.586766161000071,0,
05,5,12,000,2019,04,13,6,3,5,7,0,0,1,0,0,0,1,356252.555030889810000,5710028.917386572800000,6.927943983000034,51.523059292000028,0,
05,5,13,000,2019,04,09,6,3,2,6,0,0,1,0,0,0,0,363966.217712351120000,5715436.039562402300000,7.036970123000060,51.573560353000062,0,
05,5,13,000,2019,04,07,6,3,2,6,0,0,1,0,0,0,0,366830.756535568270000,5712726.485816542100000,7.079307885000048,51.549894678000044,0,
05,5,13,000,2019,04,15,6,3,2,6,0,0,0,0,0,0,1,366667.869033530350000,5707802.574590187500000,7.078823881000062,51.505606887000056,0,
05,5,70,016,2019,04,15,5,3,6,7,0,0,1,1,0,0,0,413455.908192723060000,5739527.835878912400000,7.744917832000056,51.799899806000042,0,
05,5,66,028,2019,04,13,5,3,5,3,0,1,1,0,0,0,0,413188.832046306690000,5791736.423517385500000,7.727792986000054,52.269146283000055,0,
05,5,54,004,2019,04,09,5,3,6,2,0,0,1,1,0,0,0,363833.186988553960000,5771767.075587734600000,7.012894148000044,52.079711793000058,0,
05,5,54,060,2019,04,11,5,3,0,3,0,1,1,0,0,0,0,353500.443977695890000,5756792.171454597300000,6.868620860000021,51.942529381000043,0,
05,5,54,012,2019,04,15,5,3,5,7,0,1,0,0,0,0,0,353121.754652190950000,5745472.101257447200000,6.867936309000072,51.840720066000074,0,
05,5,54,008,2019,04,08,5,3,4,2,0,1,0,0,0,0,0,335005.122418860900000,5746051.631545297800000,6.604915828000060,51.840867936000052,0,
05,5,12,000,2019,04,14,5,3,1,5,0,1,1,0,0,0,0,355264.460416322570000,5707895.454842386800000,6.914587070000039,51.503636200000074,0,
05,5,13,000,2019,04,16,5,3,6,7,0,0,1,1,0,0,0,367729.695678462270000,5708118.403433634000000,7.093996086000061,51.508694679000030,0,
05,5,70,004,2019,04,15,4,3,6,1,0,1,0,1,0,0,0,423827.959452995100000,5735164.862073134600000,7.896261046000063,51.762187430000040,0,
05,5,66,040,2019,04,03,4,3,0,6,2,0,1,0,1,0,0,419671.411000001240000,5783907.690999999600000,7.824632193000070,52.199761366000075,0,
05,5,66,076,2019,04,10,4,3,1,5,0,1,1,0,0,0,0,394452.268363191750000,5793848.816023496900000,7.452648668000052,52.284853954000027,0,
05,5,54,036,2019,04,17,4,3,5,2,0,1,1,0,0,0,0,369807.202050608580000,5766726.197556458400000,7.101942398000062,52.035851855000033,0,
05,5,54,012,2019,04,15,4,2,5,3,0,0,1,0,0,0,0,355030.943000000900000,5743213.194000002000000,6.896575651000035,51.820922331000077,0,
05,5,15,000,2019,04,20,4,3,5,3,0,0,1,0,1,0,0,406673.139000001360000,5757251.976000001700000,7.641788223000049,51.958124606000069,0,
05,5,15,000,2019,04,07,4,3,5,3,0,1,1,0,0,0,0,404434.657648050230000,5760667.835818814100000,7.608270168000047,51.988447328000063,0,
05,5,13,000,2019,04,16,4,3,5,7,0,0,1,0,0,0,0,366649.075412343260000,5713143.647709729100000,7.076530944000069,51.553600627000037,0,
05,5,13,000,2019,04,07,4,3,6,7,0,1,0,1,0,0,0,366680.698050956240000,5708906.735374625800000,7.078591108000069,51.515532623000070,0,
05,5,70,008,2019,04,15,3,3,5,2,0,1,1,0,0,0,0,433502.175804501400000,5734147.998471820700000,8.036612856000033,51.754278285000055,0,
05,5,70,004,2019,04,09,3,3,5,3,0,1,1,0,0,0,0,425162.970609548500000,5735852.326430551700000,7.915453595000031,51.768547554000065,0,
05,5,66,068,2019,04,15,3,2,4,6,0,1,0,0,0,0,0,376445.879459639080000,5785227.609557675200000,7.191956277000031,52.203630198000042,0,
05,5,66,008,2019,04,07,3,3,5,3,0,1,1,0,0,0,0,398213.914369954730000,5781194.523376271100000,7.511583464000069,52.171832246000065,0,
05,5,58,028,2019,04,15,3,3,5,4,0,0,1,1,0,0,0,397711.187604032460000,5732957.151612287400000,7.518595443000038,51.738182239000082,0,
05,5,58,016,2019,04,13,3,3,5,2,0,1,1,0,0,0,0,381534.670391016640000,5743054.106925262100000,7.280977471000028,51.825740420000045,0,
05,5,54,016,2019,04,12,3,2,1,5,0,1,0,0,1,0,0,362736.497254941610000,5757650.649252474300000,7.002559524000048,51.952598552000040,0,
05,5,54,008,2019,04,10,3,3,5,2,0,1,1,0,0,0,0,334919.795087320730000,5746481.969198998100000,6.603472994000072,51.844708585000035,0,
05,5,54,008,2019,04,07,3,3,4,2,0,1,0,0,0,0,0,335401.311000001620000,5745843.876000002000000,6.610760390000053,51.839118501000030,0,
05,5,15,000,2019,04,07,3,3,5,2,0,1,1,0,0,0,0,405289.867999998850000,5766643.967000000200000,7.619067690000065,52.042309215000046,0,
05,5,62,036,2019,04,10,3,2,9,1,0,1,0,0,0,0,0,388771.114000082020000,5720451.472499558700000,7.393157441000028,51.624079466000069,0,
05,5,62,008,2019,04,13,3,3,3,6,0,1,0,0,0,0,0,384561.493665935470000,5722478.175606776000000,7.331703090000076,51.641447083000060,0,
05,5,62,024,2019,04,16,3,3,0,7,0,0,1,1,0,0,0,370112.726999999960000,5725794.788000000600000,7.121774119000065,51.668101121000063,0,
05,5,62,024,2019,04,11,3,3,9,7,0,0,1,0,0,0,0,370566.659554374400000,5727408.637586118700000,7.127736272000050,51.682708982000065,0,
05,5,62,032,2019,04,06,3,3,3,6,1,1,1,0,0,0,0,375038.090535073540000,5715405.886796167100000,7.196664096000063,51.575852357000031,0,
05,5,13,000,2019,04,16,3,3,6,7,0,1,0,1,0,0,0,362841.874720379710000,5710646.905012922400000,7.022623180000039,51.530251418000034,0,
05,5,13,000,2019,04,15,3,3,2,6,0,0,1,0,0,0,0,362991.393848650160000,5716531.197214419000000,7.022484720000023,51.583165652000048,0,
05,5,15,000,2019,04,13,7,3,5,3,0,1,0,0,0,0,0,403640.156774386760000,5757352.713203366800000,7.597634197000048,51.958512742000039,1,
05,5,62,004,2019,04,01,7,3,8,1,2,0,1,0,0,0,0,383651.654046026990000,5711262.811927329700000,7.322278644000051,51.540459031000069,0,
05,5,62,012,2019,04,09,7,2,5,3,0,1,1,0,0,0,0,359099.320181749760000,5726749.891445422500000,6.962234558000034,51.674029706000056,0,
05,5,62,024,2019,04,17,7,3,5,2,0,1,1,0,0,0,0,371649.708999999800000,5724903.827000003300000,7.144314140000063,51.660447481000062,1,
05,5,13,000,2019,04,10,7,3,1,6,0,1,1,0,0,0,1,365419.954333141450000,5715990.432258497900000,7.057722750000039,51.578891275000046,0,
05,5,13,000,2019,04,21,7,3,0,1,2,0,0,0,0,0,1,365457.482827295550000,5715925.459124222400000,7.058288922000031,51.578316357000062,1,