ULAND,UREGBEZ,UKREIS,UGEMEINDE,UJAHR,UMONAT,USTUNDE,UWOCHENTAG,UKATEGORIE,UART,UTYP1,ULICHTVERH,IstRad,IstPKW,IstFuss,IstKrad,IstGkfz,IstSonstige,LINREFX,LINREFY,XGCSWGS84,YGCSWGS84,STRZUSTAND,UIDENTSTLAE
05,5,66,076,2019,04,10,4,3,5,3,0,0,1,0,0,0,0,394086.271000000650000,5793846.774000000200000,7.447285847000046,52.284765191000076,0,
05,5,66,076,2019,04,07,4,3,1,5,0,0,1,0,0,0,0,393799.319540970030000,5792751.420144215200000,7.443425797000032,52.274865644000045,0,
05,5,66,096,2019,04,11,4,3,1,5,0,1,1,0,0,0,0,384423.968765064140000,5785745.206110384300000,7.308470883000041,52.210012313000050,0,
05,5,54,020,2019,04,19,4,3,6,4,0,0,1,1,0,0,0,365287.578999999910000,5784127.620000004800000,7.029207689000032,52.191132504000052,0,
05,5,15,000,2019,04,08,4,2,5,3,0,1,0,0,0,0,0,405208.894000000320000,5757219.747000003200000,7.620494175000033,51.957587232000037,0,
05,5,15,000,2019,04,06,4,3,5,2,0,1,1,0,0,0,0,405903.526273271070000,5758251.746678726700000,7.630317363000074,51.966981286000077,0,
05,5,15,000,2019,04,16,4,3,5,1,0,1,0,0,0,0,0,405940.996374403130000,5756795.665524322500000,7.631261344000052,51.953899714000045,0,
05,5,62,008,2019,04,15,4,3,2,2,0,0,1,0,0,0,1,385544.736053130590000,5724099.249422883600000,7.345375848000060,51.656217852000054,0,
05,5,62,032,2019,04,07,4,3,5,3,0,1,1,0,0,0,0,377338.290386693550000,5716523.896943872800000,7.229450705000033,51.586405471000035,0,
05,5,13,000,2019,04,09,4,2,2,6,0,0,1,0,1,0,0,368255.211000001060000,5708246.033000001700000,7.101516549000053,51.509964425000078,0,
05,5,13,000,2019,04,17,4,2,6,4,0,0,1,1,0,0,0,368864.092895074750000,5708399.191106999300000,7.110228616000029,51.511482467000064,0,
05,5,66,076,2019,04,18,3,2,0,1,0,1,0,0,0,0,0,392391.716396317820000,5794119.428443590200000,7.422366453000052,52.286886394000078,0,
05,5,58,032,2019,04,01,3,2,8,1,2,0,1,0,0,0,0,387529.142944487740000,5754104.383117063000000,7.364322138000034,51.926293576000035,0,
05,5,54,004,2019,04,16,3,2,6,4,0,0,1,1,0,0,0,357465.507303146650000,5779285.667592566500000,6.916886978000036,52.145662628000082,0,
05,5,15,000,2019,04,04,3,2,1,7,2,0,1,0,1,0,0,403267.161250535400000,5762007.776210801700000,7.590895200000034,52.000288946000069,0,
05,5,13,000,2019,04,16,3,3,2,6,0,0,1,0,0,0,0,364821.007759832780000,5715657.385933175700000,7.049212237000063,51.575755067000046,0,
05,5,13,000,2019,04,15,3,2,0,7,0,0,1,0,0,0,0,367819.009202021170000,5709176.624720962700000,7.094885527000031,51.518225531000041,0,
05,5,70,052,2019,04,12,2,3,0,1,0,1,0,0,0,0,0,430430.373394465070000,5756851.586308602200000,7.987546649000024,51.958005441000068,0,
05,5,66,056,2019,04,14,2,3,5,1,0,1,1,0,0,0,0,416870.019000001250000,5796995.725000003400000,7.780428980000067,52.316988209000044,0,
05,5,66,028,2019,04,12,2,3,5,3,0,1,1,0,0,0,0,417048.645338932050000,5791454.256649408500000,7.784413330000064,52.267205836000073,0,
05,5,66,076,2019,04,05,2,3,5,3,2,0,1,0,0,0,0,392767.010408564470000,5792881.416234275300000,7.428260140000020,52.275833563000049,0,
05,5,66,084,2019,04,19,2,3,5,3,0,1,1,0,0,0,0,390849.408229278400000,5776272.926640542200000,7.405517247000034,52.126193134000061,0,
05,5,15,000,2019,04,10,2,3,2,6,0,0,1,0,0,0,0,403216.122442827560000,5754221.333709446700000,7.592346555000063,51.930293236000068,0,
05,5,62,004,2019,04,16,2,2,5,3,0,0,1,0,1,0,0,382702.273000000040000,5715648.149000002100000,7.307131986000059,51.579676667000058,0,
05,5,13,000,2019,04,15,2,3,2,6,0,0,1,0,0,0,0,366795.783999999990000,5707085.671000002000000,7.080936608000059,51.499194472000056,0,
05,5,70,004,2019,04,14,1,3,5,3,0,0,1,0,1,0,0,425720.759560784330000,5734800.181466359600000,7.923760541000036,51.759163340000043,0,
05,5,66,072,2019,04,15,1,2,5,3,0,0,1,0,0,0,0,412612.469000000510000,5801844.988000001800000,7.716723265000042,52.359913031000076,0,
05,5,66,024,2019,04,14,1,2,7,1,0,0,0,0,1,0,0,383253.330421102230000,5771150.816689090800000,7.296359715000051,52.078609461000042,0,
05,5,15,000,2019,04,13,1,3,2,5,0,0,1,0,0,0,0,402495.814913463780000,5754092.558476097900000,7.581910132000076,51.929010048000066,0,
05,5,13,000,2019,04,01,1,3,5,3,2,0,1,0,0,0,0,369169.203300483520000,5711042.777865050400000,7.113641245000054,51.535310629000037,1,
05,5,13,000,2019,04,17,5,3,1,5,0,0,1,0,1,0,0,362447.642088208350000,5710770.687330987300000,7.016894930000035,51.531267861000060,0,
05,5,70,012,2019,04,00,7,3,8,1,2,1,0,0,0,0,0,438824.236408350060000,5753182.014464229300000,8.110339204000070,51.926003027000036,0,
05,5,66,076,2019,04,13,7,3,5,3,0,1,1,0,0,0,0,392082.544921489430000,5792827.647728100400000,7.418249102000061,52.275216408000063,0,
05,5,66,008,2019,04,20,7,3,3,6,2,1,0,0,0,0,0,399776.232371380550000,5781443.092594590000000,7.534347628000035,52.174352293000027,0,
05,5,58,016,2019,04,00,7,3,0,7,2,1,0,1,0,0,0,381352.569944984280000,5743168.921084286600000,7.278296991000048,51.826733632000071,0,
05,5,54,068,2019,04,13,7,3,0,4,0,0,1,1,0,0,0,349694.734083388000000,5767816.356330271800000,6.808463614000061,52.040560104000065,0,
05,5,70,008,2019,04,16,2,3,5,3,0,1,1,0,0,0,0,432966.113161428830000,5738759.863043591400000,8.027957416000049,51.795675094000046,0,
05,5,70,004,2019,04,19,2,3,4,6,0,1,0,0,0,0,0,423563.936813714910000,5734923.327716900000000,7.892489239000042,51.759980143000064,0,
05,5,70,044,2019,04,17,2,3,3,6,0,1,0,0,0,0,0,413573.640581049030000,5761947.560662806000000,7.741003082000020,52.001447759000030,0,
05,5,54,012,2019,04,09,2,3,5,3,0,0,1,0,0,0,0,352832.274687775410000,5752461.751250539000000,6.860758323000027,51.903445099000066,0,
05,5,62,014,2019,04,14,2,3,4,2,0,0,1,0,1,0,0,362582.600064909090000,5712632.494518052800000,7.018112527000028,51.548031452000032,0,
05,5,62,032,2019,04,19,2,3,2,2,0,0,1,0,0,0,0,375624.349470078010000,5719119.867617612700000,7.203803575000052,51.609360174000074,0,
05,5,13,000,2019,04,18,2,2,0,7,0,0,0,0,1,0,0,365377.341000000010000,5714560.420000001800000,7.057656093000048,51.566030375000082,0,
05,5,13,000,2019,04,17,2,3,3,6,0,1,1,0,0,0,0,362611.168480494060000,5711357.103426108100000,7.019022174000043,51.536577384000054,0,
05,5,66,076,2019,04,10,1,3,3,2,0,1,1,0,0,0,0,395327.458004647870000,5793327.342349436100000,7.465636041000039,52.280334696000068,0,
05,5,66,008,2019,04,14,1,2,3,2,0,1,0,0,0,0,0,399575.863361823370000,5784432.576363114600000,7.530532838000056,52.201184483000077,0,
05,5,62,020,2019,04,18,1,3,6,7,0,0,1,1,0,0,0,370081.436226265500000,5718524.750090874700000,7.124020183000027,51.602760323000041,0,
05,5,62,032,2019,04,14,1,2,0,1,0,0,0,0,1,0,0,376057.332162550650000,5720256.670612391100000,7.209651254000050,51.619672283000057,0,
05,5,70,048,2019,04,18,7,3,5,3,0,1,1,0,0,0,0,447883.765393971470000,5732018.816204022600000,8.245262992000050,51.736658634000037,0,
05,5,70,052,2019,04,15,7,2,4,2,0,1,0,0,0,0,0,429241.722000000070000,5752851.404000001000000,7.971074167000040,51.921895415000051,0,
05,5,58,012,2019,04,09,7,2,1,1,0,0,1,0,0,0,1,373873.872657393110000,5755881.615933718200000,7.165184357000044,51.939338489000079,0,
05,5,54,020,2019,04,13,7,3,2,5,0,0,1,0,0,0,0,365373.991018396800000,5786809.366300165700000,7.029405072000031,52.215249975000063,0,
05,5,62,008,2019,04,22,7,3,4,6,2,1,1,0,0,0,0,386019.316999999810000,5725693.987000001600000,7.351713435000022,51.670647396000049,0,
05,5,62,008,2019,04,10,7,3,4,6,0,1,1,0,0,0,0,384618.706992711870000,5722664.663147924500000,7.332468053000071,51.643134918000044,0,
05,5,62,024,2019,04,14,7,3,5,3,0,0,1,0,1,0,0,368711.919414762410000,5725780.142415387600000,7.101535259000059,51.667643939000072,0,
05,5,62,032,2019,04,16,7,3,0,1,0,1,1,0,0,0,0,379194.510461094790000,5718979.124652419200000,7.255385167000043,51.608872610000049,0,
05,5,66,044,2019,04,14,6,3,9,1,0,0,1,0,0,0,0,424499.527155377900000,5776625.997749729100000,7.896882554000058,52.134988427000053,0,
05,5,66,048,2019,04,12,6,3,0,1,0,1,0,0,0,0,0,427342.383804967630000,5796301.551148954800000,7.934184393000066,52.312234401000069,0,
05,5,54,052,2019,04,23,6,3,6,4,2,0,1,1,0,0,0,378826.029595971110000,5773175.468104554300000,7.231066973000054,52.095852859000047,0,
05,5,54,056,2019,04,17,6,2,8,1,0,0,0,0,1,0,0,358127.576096509580000,5763507.516501255300000,6.933116075000044,52.004066858000044,0,
05,5,54,056,2019,04,17,6,3,5,3,0,1,1,0,0,0,0,356009.754962112750000,5762501.308384871100000,6.902707272000043,51.994480924000072,0,
05,5,62,012,2019,04,08,6,2,9,1,0,1,1,0,0,0,0,361972.124250825490000,5726199.232611702800000,7.003972408000038,51.669794706000062,0,
05,5,62,020,2019,04,15,6,3,0,7,0,0,0,1,0,0,1,371931.104179931800000,5716940.699251845500000,7.151291908000076,51.588948291000065,0,
05,5,62,032,2019,04,14,6,3,1,5,0,0,1,0,1,0,0,375507.654326778840000,5713960.571082349900000,7.203948894000064,51.562966915000061,0,
05,5,13,000,2019,04,10,6,3,5,7,0,0,1,0,0,0,0,368932.852718646640000,5711667.418874375500000,7.110002889000043,51.540869312000041,0,
05,5,70,052,2019,04,17,5,3,0,7,0,1,0,0,0,0,0,430810.022306066940000,5755685.339877214300000,7.993305616000043,51.947568675000070,0,
05,5,62,014,2019,04,12,5,3,2,5,0,0,1,0,1,0,0,359086.735027948390000,5715613.975548632400000,6.966532483000037,51.573960808000038,0,
05,5,54,020,2019,04,19,5,3,4,7,0,1,1,0,0,0,0,363938.485046211630000,5787180.139537528200000,7.008257396000033,52.218228835000048,0,
05,5,58,016,2019,04,21,5,3,6,7,2,0,1,1,0,0,0,388047.983410736550000,5747646.750416986600000,7.373961368000039,51.868360265000035,0,
05,5,66,012,2019,04,15,5,3,3,7,0,1,1,0,0,0,0,404577.248643312600000,5772461.697770496800000,7.607054175000030,52.094477925000035,0,
05,5,66,084,2019,04,17,5,3,5,2,0,1,1,0,0,0,0,386547.814033194450000,5779022.768063528500000,7.341789391000020,52.150039719000063,0,
05,5,70,020,2019,04,17,5,2,1,7,0,0,1,1,0,0,0,432385.178037641570000,5743720.438093960300000,8.018566271000054,51.840200329000027,0,
05,5,70,008,2019,04,15,5,3,1,2,0,0,1,0,0,0,0,433482.959767697380000,5734234.164565118000000,8.036318017000042,51.755050642000072,0,
05,5,15,000,2019,04,13,5,2,0,4,0,0,0,1,0,0,1,401956.331067080610000,5759052.504048388500000,7.572651574000076,51.973496485000055,0,
05,5,66,076,2019,04,16,5,3,4,6,0,1,1,0,0,0,0,392767.660629690620000,5791430.252426400800000,7.428730929000039,52.262791847000074,0,
05,5,15,000,2019,04,18,5,3,5,7,0,1,1,0,0,0,0,402244.242294415830000,5758234.510673441000000,7.577074596000045,51.966194892000033,0,
05,5,70,052,2019,04,11,7,3,0,1,0,1,0,0,0,0,0,430891.560000001450000,5755218.258000005000000,7.994585666000035,51.943379906000075,1,
05,5,66,084,2019,04,14,7,2,5,3,0,0,1,0,0,0,0,385657.560999999750000,5778067.464999998000000,7.329104921000067,52.141270895000048,0,
05,5,58,040,2019,04,01,7,3,1,5,2,1,0,0,0,0,1,376616.678074478170000,5764825.413733132200000,7.201847623000049,52.020327450000082,0,
05,5,13,000,2019,04,13,7,3,1,2,0,0,1,0,0,0,0,366356.937038710340000,5708345.926138171900000,7.074140471000021,51.510416344000078,1,
05,5,15,000,2019,04,09,3,3,5,3,0,1,1,0,0,0,0,403349.915000000970000,5760905.578999999900000,7.592411044000073,51.990396535000059,0,
05,5,66,076,2019,04,13,6,3,5,3,0,1,1,0,0,0,0,395718.508655940180000,5787485.840569535300000,7.473170198000048,52.227909285000067,0,
05,5,66,084,2019,04,16,6,3,2,6,0,1,1,0,0,0,0,390509.921999999320000,5776631.462999999500000,7.400444683000046,52.129348247000053,0,
05,5,66,064,2019,04,10,6,2,8,1,0,0,1,1,0,0,0,395863.718556848350000,5771451.090533677500000,7.480212404000042,52.083823751000068,0,
05,5,54,036,2019,04,20,6,3,9,1,0,0,1,0,0,0,0,370481.927671653220000,5771755.991772256800000,7.109865983000020,52.081207470000038,0,
05,5,54,008,2019,04,15,6,3,5,3,0,1,1,0,0,0,0,335169.831327934750000,5746231.639886442600000,6.607218735000060,51.842533653000032,0,
05,5,54,008,2019,04,07,6,3,0,2,0,0,1,0,1,0,0,336995.147519494410000,5745638.909981323400000,6.633970967000039,51.837744644000054,1,
05,5,15,000,2019,04,18,6,3,3,2,0,1,0,0,0,0,0,405735.416000001130000,5757701.013000002100000,7.628022258000044,51.962002570000038,0,
05,5,62,004,2019,04,18,6,3,0,3,0,0,1,0,0,0,1,382639.791373113170000,5712266.219686219500000,7.307359924000025,51.549267899000029,0,
05,5,62,032,2019,04,08,6,3,5,3,0,0,1,0,0,0,0,374896.947625249620000,5720125.573120335100000,7.192945274000067,51.618237374000046,1,
05,5,66,076,2019,04,08,5,3,0,3,0,1,0,0,0,0,0,393672.023256470450000,5793428.986721372200000,7.441347114000052,52.280930468000065,0,
05,5,66,076,2019,04,13,5,2,4,6,0,0,1,0,0,0,1,395116.173999999650000,5793188.381000002800000,7.462583328000051,52.279045536000069,0,
05,5,54,024,2019,04,19,5,3,5,3,0,1,1,0,0,0,0,370196.882090857250000,5775823.643780151400000,7.104159049000032,52.117692162000026,0,
05,5,15,000,2019,04,03,5,3,0,6,2,1,1,0,0,0,0,404456.900816078300000,5758393.485364688600000,7.609227275000023,51.968008521000058,0,
05,5,62,024,2019,04,17,5,3,5,3,0,1,1,0,0,0,0,372027.714786408470000,5725276.549802700100000,7.149639789000048,51.663883260000034,0,
05,5,58,016,2019,04,16,4,3,4,5,0,1,1,0,0,0,0,381768.506509212780000,5743232.920535476900000,7.284307898000066,51.827396985000064,0,
05,5,54,020,2019,04,06,4,2,0,1,0,1,0,0,0,0,0,367001.005097436720000,5784884.258287087100000,7.053961728000047,52.198347149000028,1,
05,5,54,008,2019,04,08,4,3,5,2,0,1,1,0,0,0,0,334941.140905148350000,5744962.415159059700000,6.604507505000072,51.831064224000045,0,
05,5,15,000,2019,04,15,4,2,7,1,0,1,0,0,0,0,0,402032.498402019030000,5753777.534415636200000,7.575263632000031,51.926097170000048,0,
05,5,15,000,2019,04,23,4,2,5,3,2,1,1,0,0,0,0,406268.437488246710000,5757521.895411593800000,7.635826638000026,51.960482697000032,1,
05,5,62,036,2019,04,22,4,2,1,5,2,0,0,0,1,1,0,390333.741978186180000,5719826.572289012400000,7.415917856000021,51.618769501000031,1,
05,5,62,020,2019,04,16,4,3,5,3,0,0,1,0,0,0,0,370193.810285505840000,5718258.892721077400000,7.125740286000053,51.600397040000075,0,
05,5,62,032,2019,04,19,4,3,5,3,0,1,1,0,0,0,0,375186.208491972650000,5717989.214618444400000,7.197881869000071,51.599101910000059,1,
05,5,13,000,2019,04,19,4,3,1,5,0,0,1,0,0,1,0,365007.476802473890000,5708772.074817039100000,7.054542936000075,51.513925153000059,0,
05,5,62,024,2019,04,16,3,2,5,3,0,1,0,0,0,0,0,374177.431485699490000,5725309.660493770600000,7.180693744000052,51.664666271000044,0,
05,5,62,014,2019,04,12,3,3,5,2,0,0,1,0,0,0,0,359878.875816021110000,5715243.512064931900000,6.978103646000022,51.570829258000060,0,
05,5,70,044,2019,04,17,3,3,5,3,0,1,0,0,0,0,0,416502.501032582480000,5759854.999514136500000,7.784167667000077,51.983086070000070,0,
05,5,70,052,2019,04,09,3,2,5,3,0,1,1,0,0,0,0,430725.576733029450000,5755782.628180619300000,7.992057555000031,51.948432752000031,0,
05,5,66,056,2019,04,16,3,3,5,3,0,1,0,0,0,0,0,416822.857000001710000,5796814.605999998700000,7.779782033000060,52.315353089000041,0,
05,5,66,076,2019,04,09,3,3,0,1,0,1,0,0,0,0,0,392733.005808433520000,5791995.533132819500000,7.428043646000049,52.267865361000077,0,
05,5,66,008,2019,04,15,3,3,5,3,0,1,1,0,0,0,0,399898.377000001260000,5780558.116000000400000,7.536394294000047,52.166420508000044,0,
05,5,54,020,2019,04,16,3,3,5,3,0,1,1,0,0,0,0,363907.829520518890000,5787079.073707835700000,7.007849583000052,52.217313168000032,0,
05,5,54,068,2019,04,08,3,3,5,3,0,1,0,0,0,1,0,350572.832201804030000,5766886.374060979100000,6.821663068000021,52.032442113000059,0,
05,5,54,008,2019,04,09,3,3,5,3,0,1,1,0,0,0,0,336272.429000000470000,5747855.441000003400000,6.622440888000028,51.857445344000041,0,
05,5,15,000,2019,04,14,3,3,3,6,0,1,1,0,0,0,0,406207.121018327770000,5757438.099898288000000,7.634957390000068,51.959719163000045,0,
05,5,70,044,2019,05,16,4,3,1,5,0,0,1,0,1,0,0,416715.160664056430000,5759988.624239740900000,7.787231073000044,51.984319140000082,0,
05,5,66,028,2019,05,20,4,3,6,7,0,0,0,1,0,0,1,410674.290719373150000,5795263.459547529000000,7.690018228000042,52.300445168000067,0,
05,5,66,008,2019,05,16,4,3,0,7,0,1,1,0,0,0,0,398781.273883927610000,5782610.522405073000000,7.519454354000061,52.184663156000056,0,
05,5,66,012,2019,05,11,4,3,6,6,0,0,1,1,0,0,0,399745.092774598860000,5776430.965082107100000,7.535371713000075,52.129298724000080,0,
05,5,58,020,2019,05,12,4,3,5,3,0,1,1,0,0,0,0,391294.627881468270000,5759032.586557215100000,7.417502544000058,51.971334365000075,0,
05,5,54,020,2019,05,18,4,3,4,6,0,1,0,0,0,0,0,366867.061000000690000,5782129.271999999900000,7.053084951000074,52.173559959000045,0,
05,5,15,000,2019,05,19,4,3,0,7,0,1,0,0,0,0,0,407638.535126610660000,5757705.588007303000000,7.655711728000028,51.962363113000038,0,
05,5,15,000,2019,05,15,4,3,4,6,0,1,0,0,0,0,0,406214.946000000460000,5758634.835000002800000,7.634744395000041,51.970477286000062,0,
05,5,62,012,2019,05,02,4,3,6,7,2,0,1,1,0,0,0,361374.830536714750000,5726043.095195997500000,6.995402553000076,51.668244607000076,0,
05,5,62,024,2019,05,11,4,3,6,4,0,0,1,1,0,0,0,372801.428000000310000,5725399.395999999700000,7.160776018000036,51.665162924000072,0,
05,5,70,028,2019,04,05,3,3,2,6,0,0,1,0,0,0,0,441925.375753207130000,5747209.338020773600000,8.156439008000064,51.872640024000077,0,
05,5,66,012,2019,04,09,3,3,1,5,0,1,1,0,0,0,0,404999.218486420810000,5771848.422507681000000,7.613382897000065,52.089038302000063,0,
05,5,58,032,2019,04,21,3,3,2,6,2,1,0,0,1,0,0,391260.319000001070000,5754730.109000003000000,7.418364655000062,51.932658704000062,0,
05,5,54,020,2019,04,08,3,3,0,1,0,1,0,0,0,0,0,364975.332840965130000,5786695.621781123800000,7.023618827000064,52.214130400000045,0,
05,5,54,068,2019,04,16,3,3,2,6,0,0,1,0,0,0,0,349803.142457979730000,5766871.722169933800000,6.810457865000046,52.032102574000078,0,
05,5,54,040,2019,04,16,3,3,0,1,0,1,0,0,0,0,0,350496.393703014590000,5737299.481093633900000,6.833380659000056,51.766593904000047,0,
05,5,54,008,2019,04,18,3,3,4,6,0,1,1,0,0,0,0,337849.469557416630000,5746365.763950409400000,6.646019488000036,51.844523098000082,0,
05,5,15,000,2019,04,17,3,3,0,5,0,1,1,0,0,0,0,404713.934517302550000,5754306.696396574400000,7.614100599000039,51.931318944000054,0,
05,5,15,000,2019,04,18,3,3,4,7,0,1,1,0,0,0,0,405304.717999999410000,5757273.580000001900000,7.621873438000023,51.958087433000060,0,
05,5,15,000,2019,04,13,3,3,0,6,0,1,1,0,0,0,0,403595.252823187970000,5762048.537420550400000,7.595661480000047,52.000712384000053,0,
05,5,62,016,2019,04,12,3,3,5,3,0,1,1,0,0,0,0,374864.083822790530000,5734127.680305382200000,7.187451933000034,51.744066417000056,0,
05,5,62,012,2019,04,16,3,3,1,5,0,1,0,0,1,0,0,359768.655946074980000,5729940.124740077200000,6.970626278000054,51.702863976000060,0,
05,5,13,000,2019,04,21,3,3,6,4,2,0,1,1,0,0,0,368525.587581180970000,5711084.077593334000000,7.104351424000072,51.535532254000032,0,
05,5,70,020,2019,04,08,2,3,5,3,0,1,1,0,0,0,0,432913.010002066380000,5743552.134456228500000,8.026259231000040,51.838750963000052,0,
05,5,66,076,2019,04,16,2,3,0,7,0,1,1,0,0,0,0,393414.302162992770000,5792939.061836129100000,7.437725596000064,52.276477508000028,0,
05,5,66,080,2019,04,10,2,3,6,7,0,0,1,1,0,0,0,406752.152637305670000,5781308.905193155600000,7.636366512000052,52.174369251000030,0,
05,5,58,024,2019,04,11,2,3,3,6,0,0,1,0,0,0,1,394039.215000000780000,5737334.528000004600000,7.464101568000046,51.776844325000070,0,
05,5,58,016,2019,04,17,2,2,0,5,0,1,1,0,0,0,0,381303.779000000100000,5743579.254999997100000,7.277448618000051,51.830411003000052,0,
05,5,54,020,2019,04,10,2,3,0,6,0,1,0,0,0,0,0,364138.979000000280000,5787019.916999999400000,7.011254744000041,52.216838681000070,0,
05,5,62,004,2019,04,15,2,3,6,4,0,0,1,1,0,0,0,384163.392272638160000,5711779.610485566800000,7.329484318000027,51.545209190000037,0,
05,5,62,024,2019,04,18,2,3,0,5,0,0,1,0,1,0,0,367299.854397404940000,5724170.871435822900000,7.081739587000072,51.652850614000045,0,
05,5,12,000,2019,04,20,2,3,0,6,1,1,1,0,0,0,0,355935.222264536660000,5719008.605200937000000,6.919692761000022,51.603667297000072,0,
05,5,62,014,2019,04,06,2,3,0,7,0,0,0,0,0,0,1,360352.578787134030000,5715795.605064395800000,6.984714986000029,51.575907917000052,0,
05,5,62,032,2019,04,09,2,3,5,7,0,1,1,0,0,0,0,374097.203043151650000,5715237.077174883300000,7.183153896000022,51.574125893000030,0,
05,5,13,000,2019,04,13,2,3,3,6,0,0,1,0,0,0,1,368390.592900038700000,5707951.585000824200000,7.103576194000027,51.507349834000081,0,
05,5,62,032,2019,04,17,1,3,2,6,0,0,0,0,1,0,0,375138.075954933650000,5717261.952778784600000,7.197446107000076,51.592555248000053,1,
05,5,70,004,2019,04,13,7,3,2,6,0,0,1,0,0,0,0,422663.238000000830000,5734235.713000001400000,7.879594354000062,51.753675086000044,1,
05,5,70,044,2019,04,12,7,3,5,3,0,1,0,0,0,0,0,416317.337582373990000,5759695.701517343500000,7.781510964000063,51.981626287000040,1,
05,5,70,028,2019,05,15,2,3,1,6,0,0,1,0,0,0,0,444162.135999999940000,5739550.603000002000000,8.190161695000029,51.804014076000044,0,
05,5,70,004,2019,05,07,2,3,5,3,0,1,1,0,0,0,0,425688.485000000340000,5736427.111000001400000,7.922944954000059,51.773784712000065,0,
05,5,66,068,2019,05,16,2,3,6,3,0,0,1,1,0,0,0,376120.073000000790000,5785214.371000003100000,7.187195975000066,52.203438109000047,0,
05,5,66,012,2019,05,17,2,3,5,3,0,1,1,0,0,0,0,405453.424266765830000,5771356.273109233000000,7.620146799000054,52.084692537000080,1,
05,5,58,032,2019,05,15,2,3,5,3,0,0,1,0,0,0,0,387299.740514003670000,5754401.699474196900000,7.360890021000046,51.928919280000059,0,
05,5,54,020,2019,05,19,2,3,0,1,0,1,0,0,0,0,0,367392.238000000830000,5786205.541000003000000,7.059165309000036,52.210313754000026,1,
05,5,54,020,2019,05,18,2,3,0,2,0,1,1,0,0,0,0,363844.810261121020000,5786864.599305281400000,7.007013983000036,52.215370506000056,1,
05,5,54,016,2019,05,08,2,3,5,3,0,0,1,0,0,0,0,362347.900310363620000,5757905.625312313400000,6.996806308000032,51.954793611000071,0,
05,5,54,004,2019,05,07,2,3,8,1,0,1,0,0,0,0,0,364014.445167665370000,5772863.686458494500000,7.015100298000050,52.089609861000042,0,
05,5,54,012,2019,05,08,2,3,5,3,0,1,1,0,0,0,0,352437.698496420870000,5746098.571531806100000,6.857746839000072,51.846168509000051,0,
05,5,54,008,2019,05,15,2,3,0,1,0,1,0,0,0,0,0,334267.072654396300000,5743583.266309095500000,6.595394180000028,51.818475352000064,0,
05,5,15,000,2019,05,12,2,3,3,2,0,1,1,0,0,0,0,403782.679125566040000,5758724.920136861500000,7.599323239000057,51.970871263000049,0,
05,5,15,000,2019,05,08,2,3,0,3,0,1,1,0,0,0,0,404159.185362160210000,5757573.793852370200000,7.605123732000038,51.960589597000080,0,
05,5,62,024,2019,05,15,2,3,5,3,0,0,1,0,0,0,0,371607.433537120000000,5725360.903130276100000,7.143535353000061,51.664545455000052,0,
05,5,62,024,2019,05,07,2,3,5,2,0,1,1,0,0,0,0,367650.952240463350000,5724646.065425206000000,7.086631994000072,51.657203698000046,0,
05,5,62,020,2019,05,14,2,3,0,1,0,0,1,0,0,0,1,371177.811894979330000,5717549.817903816700000,7.140200485000037,51.594250626000075,0,
05,5,62,032,2019,05,17,2,3,5,3,0,0,1,0,0,0,1,375572.038888243030000,5719910.789537329200000,7.202767738000034,51.616456732000074,0,
05,5,13,000,2019,05,07,2,2,8,1,0,0,0,0,1,0,0,363373.940258687360000,5710432.425736691800000,7.030372161000059,51.528453024000044,0,
05,5,66,096,2019,05,17,1,2,1,6,0,1,1,0,0,0,0,385155.256722664460000,5785865.961764667200000,7.319127777000063,52.211250402000076,0,
05,5,58,024,2019,05,20,1,2,5,3,0,1,0,0,0,0,0,392766.205243549310000,5736789.331780549100000,7.445824983000023,51.771701641000050,0,
05,5,13,000,2019,05,11,1,3,5,7,0,0,1,0,0,0,0,368792.184045833540000,5711439.329782836100000,7.108060651000073,51.538786847000040,1,
05,5,15,000,2019,05,12,7,3,3,6,0,1,0,0,0,0,1,405251.783217374240000,5757275.099065510600000,7.621102885000028,51.958092069000031,0,
05,5,15,000,2019,05,16,7,3,2,6,0,1,1,0,0,0,0,405072.785931679420000,5756350.422526184500000,7.618754156000023,51.949750165000069,0,
05,5,15,000,2019,05,08,7,2,5,3,0,1,1,0,0,0,0,403929.329312009740000,5757907.003574010000000,7.601686255000061,51.963544929000079,0,
05,5,62,008,2019,05,11,7,3,5,3,0,0,1,0,0,0,0,384882.756697796290000,5723690.292432678900000,7.335944914000038,51.652407086000039,0,
05,5,12,000,2019,05,17,7,3,0,1,0,1,0,0,0,0,0,354498.556000000800000,5715843.873000001500000,6.900274040000056,51.574861118000058,1,
05,5,62,014,2019,05,13,7,3,5,2,0,0,1,0,1,0,0,361117.031197329980000,5715203.293753802800000,6.995973855000045,51.570774196000059,0,
05,5,70,008,2019,05,14,6,2,5,3,0,1,1,0,0,0,0,434124.710502609610000,5733672.118762809800000,8.045720644000028,51.750073650000047,0,
05,5,66,028,2019,05,07,6,2,5,3,0,1,0,0,0,0,1,416631.837422371840000,5792319.057616725600000,7.778093102000071,52.274916067000049,0,
05,5,66,012,2019,05,07,6,3,5,5,0,1,1,0,0,0,0,405736.479023384860000,5772781.873618617700000,7.623882311000045,52.097554428000080,0,
05,5,54,056,2019,05,14,6,3,0,7,0,0,0,0,1,0,0,357759.758397486060000,5761619.095153870100000,6.928544800000054,51.987005122000028,0,
05,5,62,004,2019,05,17,6,3,0,6,0,1,1,0,0,0,0,382630.495334506030000,5712729.133452538400000,7.307071447000055,51.553426505000061,0,
05,5,62,014,2019,05,12,6,3,5,3,0,0,1,0,0,0,0,362059.634324047710000,5716085.336364282300000,7.009220013000061,51.578931786000055,0,
05,5,62,020,2019,05,11,6,3,6,7,0,0,1,1,0,0,0,367438.710782159120000,5718848.076787447600000,7.085760610000023,51.605050074000076,0,
05,5,62,032,2019,05,07,6,3,3,6,0,1,0,0,0,0,1,375154.588999999690000,5717679.015000002500000,7.197535971000036,51.596307100000047,0,
05,5,13,000,2019,05,20,6,3,1,7,1,1,1,0,0,0,0,363978.337855790740000,5713298.844513522500000,7.037971963000075,51.554357694000032,0,
05,5,66,028,2019,05,10,5,3,4,7,0,1,1,0,0,0,0,412426.963969532400000,5792117.327243201400000,7.716532039000072,52.272449150000057,0,
05,5,58,016,2019,05,13,5,3,0,7,0,1,1,0,0,0,0,380910.834667518730000,5743490.515169033800000,7.271779433000063,51.829529854000043,0,