ULAND,UREGBEZ,UKREIS,UGEMEINDE,UJAHR,UMONAT,USTUNDE,UWOCHENTAG,UKATEGORIE,UART,UTYP1,ULICHTVERH,IstRad,IstPKW,IstFuss,IstKrad,IstGkfz,IstSonstige,LINREFX,LINREFY,XGCSWGS84,YGCSWGS84,STRZUSTAND,UIDENTSTLAE
05,5,58,032,2019,05,06,5,3,0,1,0,1,0,0,0,0,0,382494.438466059040000,5754678.147811478000000,7.290940324000076,51.930410118000054,0,
05,5,54,004,2019,05,11,5,2,1,7,0,0,1,0,0,0,0,363398.492588029240000,5770973.421644875800000,7.006872461000057,52.072473422000030,0,
05,5,54,008,2019,05,23,5,3,5,3,2,1,1,0,0,0,0,336660.661560541950000,5744732.524787245300000,6.629548147000037,51.829504403000044,1,
05,5,54,008,2019,05,07,5,3,6,6,0,1,0,1,0,0,0,336147.855322978460000,5744221.829369057000000,6.622354685000062,51.824766422000039,0,
05,5,54,012,2019,05,15,5,3,1,6,0,0,1,0,0,0,0,352736.529774636030000,5747664.037081919600000,6.861414965000051,51.860312986000054,0,
05,5,54,048,2019,05,07,5,3,0,6,0,1,1,0,0,0,0,341486.872010010290000,5746193.268988307600000,6.698857144000044,51.844017864000079,0,
05,5,15,000,2019,05,13,5,2,5,2,0,1,0,0,0,1,0,406166.185926637610000,5755138.404048141100000,7.634989641000061,51.939041484000029,0,
05,5,15,000,2019,05,16,5,3,0,7,0,1,1,0,0,0,0,404916.538000000640000,5757709.622000003200000,7.616105223000034,51.961940508000055,0,
05,5,15,000,2019,05,10,5,3,5,2,0,1,0,0,0,0,0,406662.783999999050000,5757885.069000002000000,7.641465531000051,51.963813418000029,0,
05,5,15,000,2019,05,09,5,3,2,6,0,0,1,0,0,1,0,405153.994522928260000,5755058.286193514200000,7.620291869000027,51.938149735000081,0,
05,5,62,004,2019,05,17,5,3,0,3,0,0,1,0,1,0,0,383051.627330212850000,5712097.098429208600000,7.313353119000055,51.547833390000051,1,
05,5,62,012,2019,05,14,5,3,5,1,0,1,1,0,0,0,0,364626.072383271530000,5732985.611462978600000,7.039692437000042,51.731423915000050,0,
05,5,62,024,2019,05,16,5,2,5,2,0,1,1,0,0,0,0,371086.739172958770000,5724246.424201766000000,7.136421778000056,51.654410734000066,0,
05,5,13,000,2019,05,17,5,3,0,3,0,0,1,0,0,0,0,363145.803393705750000,5710604.590954238500000,7.027018494000060,51.529944915000044,1,
05,5,70,004,2019,05,20,6,3,2,2,0,0,1,0,0,0,0,424499.593315670270000,5734311.967216767400000,7.906176444000039,51.754611135000061,0,
05,5,70,004,2019,05,07,6,3,5,5,0,1,1,0,0,0,0,423074.338206368500000,5736507.331946235200000,7.885045910000031,51.774152685000047,0,
05,5,66,076,2019,05,15,6,3,5,3,0,1,1,0,0,0,0,392889.847091538830000,5793343.471096545500000,7.429913079000073,52.280010066000045,0,
05,5,54,008,2019,05,16,6,3,1,3,0,1,1,0,0,0,0,335309.287404478530000,5745845.410610420600000,6.609425141000031,51.839105158000052,0,
05,5,15,000,2019,05,12,6,3,5,3,0,1,0,0,0,0,0,403794.026832675560000,5761808.194398161000000,7.598623576000023,51.998586596000052,1,
05,5,12,000,2019,05,04,6,2,5,2,2,0,1,0,1,0,0,357763.844888132070000,5713212.510731220200000,6.948427167000034,51.552049380000028,1,
05,5,13,000,2019,05,13,6,3,6,4,0,0,1,1,0,0,0,368331.117150913920000,5707201.312795814100000,7.102999765000050,51.500593441000035,1,
05,5,70,028,2019,05,07,5,3,5,3,0,0,1,0,0,0,0,441816.136900797490000,5743567.033300593500000,8.155465731000049,51.839883587000031,0,
05,5,70,004,2019,05,16,5,3,5,2,0,0,1,0,0,0,0,423172.826000001280000,5733599.262000002000000,7.887116070000047,51.748023748000037,0,
05,5,66,008,2019,05,12,5,3,0,1,0,1,0,0,0,0,0,399716.800784992050000,5781446.048540642500000,7.533477947000051,52.174368062000042,0,
05,5,58,012,2019,05,17,5,3,0,3,0,1,1,0,0,0,0,373767.364468454380000,5755758.033454950900000,7.163681150000059,51.938203772000065,0,
05,5,54,012,2019,05,15,5,3,5,3,0,1,1,0,0,0,0,352530.098776053640000,5745984.725202307100000,6.859135808000076,51.845170023000037,0,
05,5,54,008,2019,05,07,5,3,3,2,0,1,0,0,0,0,0,335792.696847287940000,5744385.173322776300000,6.617128347000062,51.826129557000058,0,
05,5,54,008,2019,05,05,5,3,5,3,1,1,1,0,0,0,0,336744.473126736470000,5747233.444562034700000,6.629583079000042,51.851995927000075,0,
05,5,15,000,2019,05,15,5,3,1,7,0,0,1,1,0,0,0,403424.354360528290000,5761680.867647232500000,7.593276401000026,51.997377976000053,0,
05,5,15,000,2019,05,13,5,3,0,7,0,0,0,0,0,0,1,405615.475947971460000,5757706.169913524800000,7.626275711000062,51.962028574000044,0,
05,5,62,028,2019,05,20,5,2,5,3,1,0,1,0,0,0,0,376344.630287421870000,5723967.006584687200000,7.212488297000050,51.653080789000057,1,
05,5,70,028,2019,05,19,4,3,9,1,0,0,1,0,0,0,0,441873.839393380100000,5744106.663320714600000,8.156212482000058,51.844740992000027,1,
05,5,70,052,2019,05,17,4,3,5,3,0,1,1,0,0,0,0,430269.931138650510000,5756316.172705646600000,7.985320778000073,51.953172181000070,1,
05,5,66,040,2019,05,18,4,3,4,6,0,1,0,0,0,0,1,421382.247741646130000,5782745.113344656300000,7.849929386000042,52.189557786000080,1,
05,5,66,084,2019,05,11,4,3,5,2,0,1,0,0,0,0,0,389915.858615919950000,5776322.263362612600000,7.391869687000053,52.126451392000035,0,
05,5,54,020,2019,05,20,4,3,5,3,0,1,1,0,0,0,0,366579.738128597850000,5781956.508685475200000,7.048953759000028,52.171938204000071,1,
05,5,54,056,2019,05,08,4,3,5,3,0,1,1,0,0,0,0,356921.165673169310000,5762117.874928373800000,6.916132925000056,51.991271319000077,0,
05,5,54,008,2019,05,15,4,3,5,3,0,1,0,0,0,0,0,335544.729998935010000,5745758.429947566200000,6.612880860000075,51.838393155000063,1,
05,5,54,008,2019,05,12,4,3,4,6,0,0,1,0,0,1,0,336266.375455913130000,5746379.162093671000000,6.623052209000036,51.844181503000073,0,
05,5,15,000,2019,05,13,4,3,6,7,0,0,1,1,0,0,0,404544.591681007300000,5759313.346800215500000,7.610247536000031,51.976291627000080,0,
05,5,62,004,2019,05,13,4,2,5,3,0,0,1,0,0,0,0,385054.689747856930000,5716723.721177429000000,7.340714961000060,51.589828384000043,0,
05,5,62,024,2019,05,16,4,3,0,6,0,0,1,0,1,0,0,367285.794690676030000,5723608.424411175800000,7.081749895000030,51.647792892000041,1,
05,5,62,020,2019,05,12,4,3,4,2,0,1,1,0,0,0,0,371372.741999999620000,5716749.750000001900000,7.143306324000037,51.587105067000039,0,
05,5,62,032,2019,05,14,4,2,5,2,0,1,1,0,0,0,0,377491.574384282340000,5715236.618150379500000,7.232111241000041,51.574869633000048,1,
05,5,13,000,2019,05,18,4,2,1,5,0,0,1,0,0,0,0,366651.406726993620000,5708968.079247379700000,7.078146007000044,51.516076985000041,1,
05,5,13,000,2019,05,14,4,3,1,5,0,0,1,0,0,0,0,367538.003742277620000,5708097.988217847400000,7.091243138000039,51.508466310000074,0,
05,5,66,008,2019,05,07,3,3,5,3,0,1,1,0,0,0,0,399046.972277604970000,5781744.764481656300000,7.523597114000040,52.176930684000070,0,
05,5,58,024,2019,05,11,3,2,6,4,0,0,1,1,0,0,0,392889.446090205570000,5736763.460153957800000,7.447618425000030,51.771492702000046,0,
05,5,54,068,2019,05,18,3,3,1,6,0,0,1,0,0,0,0,351523.600613282990000,5767464.325534785200000,6.835261669000033,52.037890048000065,0,
05,5,54,068,2019,05,14,3,3,9,1,0,0,1,0,0,0,0,350048.012237905520000,5766426.991884140300000,6.814219639000044,52.028173213000059,0,
05,5,15,000,2019,05,15,3,3,0,7,0,1,1,0,0,0,0,404649.574970623480000,5756823.497521983500000,7.612466881000046,51.953929960000039,0,
05,5,12,000,2019,05,14,3,3,5,2,0,0,1,0,1,0,0,357545.004000000660000,5708795.509000001500000,6.947059678000073,51.512303449000058,0,
05,5,12,000,2019,05,08,3,3,6,4,0,0,0,1,0,0,1,355800.340807839300000,5719505.369131600500000,6.917542161000029,51.608096509000063,0,
05,5,62,014,2019,05,16,3,3,5,3,0,1,1,0,0,0,0,361009.279332375150000,5715376.950340995600000,6.994351365000057,51.572308141000065,0,
05,5,62,020,2019,05,11,3,3,6,7,0,0,1,1,0,0,0,371567.684805343860000,5718396.510583620500000,7.145515894000027,51.601948756000070,0,
05,5,70,004,2019,05,08,3,3,4,3,0,1,1,0,0,0,0,423735.957029949870000,5735369.595822230000000,7.894883251000067,51.764015391000044,0,
05,5,70,036,2019,05,18,3,2,5,3,0,0,1,0,1,0,0,433826.046891330740000,5760858.969430653400000,8.036183683000047,51.994445200000030,0,
05,5,70,052,2019,05,08,3,2,6,3,0,1,0,1,0,0,0,430353.382911116820000,5756288.064469685800000,7.986540621000074,51.952929956000048,0,
05,5,66,076,2019,05,13,3,3,5,3,0,1,1,0,0,0,0,392723.552559237000000,5793012.062966287100000,7.427581866000026,52.276999226000044,0,
05,5,66,084,2019,05,19,3,2,2,6,0,1,1,0,0,0,0,391879.915245337410000,5783676.426516633500000,7.418207198000062,52.192933071000027,0,
05,5,66,008,2019,05,13,3,3,5,3,0,1,0,0,0,0,0,399633.349707148040000,5781156.337686788300000,7.532343716000071,52.171749042000044,0,
05,5,66,012,2019,05,11,3,3,5,2,0,1,1,0,0,0,0,404885.582168679680000,5772802.204266561200000,7.611458644000038,52.097591540000053,0,
05,5,66,008,2019,05,10,3,3,5,3,0,0,1,0,0,0,1,397488.025787963530000,5781865.262415647500000,7.500770035000073,52.177726216000053,0,
05,5,58,012,2019,05,13,3,3,6,4,0,0,1,1,0,0,0,373866.705550028940000,5755905.351804297400000,7.165071447000059,51.939550166000060,0,
05,5,54,004,2019,05,07,3,2,3,6,0,1,0,0,0,0,0,363110.069060059260000,5771206.215239839600000,7.002573510000048,52.074493945000029,0,
05,5,54,044,2019,05,16,3,3,5,3,0,1,1,0,0,0,0,365146.559543456880000,5743640.293954303500000,7.043085706000056,51.827292972000066,0,
05,5,54,008,2019,05,15,3,3,5,3,0,1,1,0,0,0,0,335170.571721939370000,5746230.903639359400000,6.607229824000058,51.842527258000075,0,
05,5,15,000,2019,05,07,3,3,5,3,0,1,0,0,0,0,1,405837.273000000040000,5757570.263000000300000,7.629540127000041,51.960844592000058,0,
05,5,15,000,2019,05,06,3,3,5,3,0,1,0,0,0,0,0,405622.977051359600000,5757094.358098838500000,7.626552943000036,51.956530617000055,0,
05,5,15,000,2019,05,08,3,3,6,1,0,0,1,1,0,0,0,405171.303051200700000,5757788.450082473500000,7.619790278000039,51.962692559000061,0,
05,5,15,000,2019,05,07,3,3,0,3,0,1,0,0,0,0,0,401709.284702336420000,5754327.679914023700000,7.570407595000063,51.930985050000061,0,
05,5,62,020,2019,05,16,3,3,3,6,0,1,0,0,0,0,0,372075.786196900530000,5719992.823955064600000,7.152265957000054,51.616410274000032,0,
05,5,13,000,2019,05,08,3,3,3,2,0,0,1,0,0,0,1,368364.973245561120000,5708020.336186336400000,7.103181581000058,51.507961718000047,0,
05,5,70,004,2019,05,17,2,3,5,3,0,1,1,0,0,0,0,423736.217734026720000,5735369.598351506500000,7.894887028000028,51.764015449000055,0,
05,5,70,052,2019,05,11,2,2,5,3,0,0,1,0,0,0,1,429883.074854629110000,5756095.905258981500000,7.979737333000060,51.951143423000076,0,
05,5,54,040,2019,05,08,2,3,5,3,0,0,1,0,0,0,0,351200.002818346020000,5735676.653404476100000,6.844264406000036,51.752200296000069,0,
05,5,54,012,2019,05,19,2,3,5,3,0,0,1,0,1,0,0,352013.275775565770000,5747815.800000907900000,6.850854704000028,51.861485225000081,0,
05,5,54,048,2019,05,12,2,3,2,6,0,1,0,0,0,0,0,341308.112171676010000,5745497.814480710800000,6.696583377000025,51.837719176000064,0,
05,5,54,008,2019,05,07,2,3,5,3,0,1,0,0,0,0,0,335716.452748437410000,5745615.389686048000000,6.615439055000024,51.837158703000057,0,
05,5,54,008,2019,05,17,2,3,5,3,0,1,0,0,0,0,0,334869.050999999980000,5744931.991000004100000,6.603476769000054,51.830769609000072,0,
05,5,15,000,2019,05,16,2,3,3,6,0,1,1,0,0,0,0,402393.027999999930000,5758414.630000000800000,7.579188387000045,51.967839993000041,0,
05,5,62,004,2019,05,08,2,2,5,3,0,1,1,0,0,0,0,382504.961602170020000,5712773.953252563300000,7.305246637000039,51.553803201000051,0,
05,5,62,024,2019,05,17,2,3,6,4,0,0,1,1,0,0,0,368387.168987361710000,5725129.508066669100000,7.097087104000025,51.661721032000059,0,
05,5,62,024,2019,05,16,2,3,0,6,0,1,1,0,0,0,0,368801.768097412770000,5725317.164910204700000,7.103007559000048,51.663504360000047,0,
05,5,70,044,2019,05,14,1,2,2,6,0,1,0,0,0,0,0,414468.820130982440000,5759085.261820832300000,7.754753982000068,51.975857620000056,0,
05,5,54,044,2019,05,06,1,3,8,1,0,0,1,0,0,0,0,365577.108000000940000,5740974.305999999900000,7.050364163000040,51.803440083000055,0,
05,5,54,032,2019,05,21,1,3,5,3,1,0,1,0,1,0,0,324991.862731937320000,5745543.279017018200000,6.459969108000053,51.833253796000065,0,
05,5,54,008,2019,05,14,1,3,2,1,0,0,1,0,0,0,0,334846.394999999550000,5745863.544000001600000,6.602703690000055,51.839131366000061,0,
05,5,62,032,2019,05,18,1,3,5,3,0,1,1,0,0,0,0,373503.508782988410000,5716873.973169080900000,7.174001542000042,51.588703829000053,0,
05,5,66,060,2019,05,12,7,3,2,6,0,0,1,0,0,0,0,389248.720431844700000,5789996.989868657700000,7.377660319000029,52.249213885000074,0,
05,5,54,008,2019,05,15,7,2,0,1,0,0,0,0,1,0,0,334920.262340914460000,5744641.112705903100000,6.604358007000030,51.828171681000072,0,
05,5,15,000,2019,05,15,7,3,5,3,0,1,1,0,0,0,0,405314.623344909400000,5755930.549769982700000,7.622387587000048,51.946017386000051,0,
05,5,15,000,2019,05,12,7,2,0,1,0,0,0,0,1,0,0,403877.182818204160000,5761632.358336109700000,7.599883783000053,51.997020536000036,0,
05,5,62,020,2019,05,10,7,3,0,7,0,1,0,0,0,0,1,371887.922572859560000,5715589.283449456100000,7.151162026000066,51.576793418000079,1,
05,5,62,032,2019,05,15,7,3,5,3,0,1,1,0,0,0,0,378389.403750937430000,5717033.875587157900000,7.244438504000073,51.591216663000068,0,
05,5,13,000,2019,05,11,7,3,6,7,0,0,0,1,0,0,1,364568.894136456770000,5708992.899867586800000,7.048141357000077,51.515804630000048,0,
05,5,62,004,2019,05,17,7,3,1,5,0,1,1,0,0,0,0,383803.107830218970000,5713302.956226352600000,7.323787674000073,51.558826643000032,0,
05,5,62,024,2019,05,13,7,3,5,2,0,1,1,0,0,0,0,369589.034853099850000,5725931.742544485300000,7.114154595000059,51.669210570000075,0,
05,5,70,048,2019,05,07,6,3,0,5,0,1,1,0,0,0,0,447789.760491262190000,5732164.264123091500000,8.243879935000052,51.737957545000029,0,
05,5,66,088,2019,05,12,6,2,5,3,0,1,1,0,0,0,0,424025.666100832630000,5785349.306131612500000,7.888006795000024,52.213337287000058,0,
05,5,66,012,2019,05,07,6,3,1,3,0,1,0,0,0,1,0,400903.617000000550000,5778000.000000000000000,7.551833426000030,52.143609964000063,0,
05,5,58,032,2019,05,16,6,3,0,7,0,0,0,0,1,0,0,387545.356244857420000,5754123.237537086000000,7.364551666000068,51.926466304000030,1,
05,5,54,004,2019,05,18,6,3,7,1,0,0,0,0,1,0,0,357317.493456966240000,5771382.897047970400000,6.918036544000074,52.074619291000033,1,
05,5,15,000,2019,05,21,6,2,0,1,2,1,0,0,0,0,0,407116.897801324730000,5758347.731377540200000,7.647948068000062,51.968048119000059,0,
05,5,15,000,2019,05,13,6,3,2,6,0,1,1,0,0,0,0,405267.958751127120000,5757295.067278467100000,7.621332712000026,51.958274308000057,0,
05,5,62,016,2019,05,17,6,2,4,6,0,0,1,0,0,0,0,376842.813032610340000,5731770.546403199400000,7.216932075000045,51.723321239000029,1,
05,5,12,000,2019,05,16,6,2,5,2,0,0,1,0,0,0,0,357248.884984584530000,5710528.388474453200000,6.942093245000024,51.527800183000068,1,
05,5,62,020,2019,05,16,6,2,5,3,0,0,1,0,0,0,0,367620.546000001020000,5719110.796000000100000,7.088285623000047,51.607453789000033,1,
05,5,13,000,2019,05,01,7,2,9,1,2,0,0,0,1,0,0,363348.098155098040000,5714609.780007228300000,7.028377381000041,51.565985858000033,0,
05,5,13,000,2019,05,16,6,2,4,6,0,1,0,0,0,0,0,367446.441557559180000,5713842.186572894500000,7.087762009000073,51.560066045000042,1,
05,5,13,000,2019,05,15,6,3,5,5,0,0,1,0,0,0,0,362701.107936043290000,5711560.365402853100000,7.020238881000068,51.538425839000070,1,
05,5,13,000,2019,05,22,6,3,6,4,2,0,1,1,0,0,0,369485.515424435960000,5708735.573059275700000,7.119054061000043,51.514649371000075,1,
05,5,13,000,2019,05,13,7,3,2,6,0,0,1,0,0,0,0,365945.799000000580000,5709147.995000001000000,7.067914381000037,51.517526816000043,0,
05,5,70,052,2019,05,18,5,3,5,3,0,1,1,0,0,0,0,430763.119454709810000,5755982.613411063300000,7.992563424000025,51.950235223000050,1,
05,5,70,052,2019,05,11,5,2,5,3,0,0,1,0,0,0,0,430574.303097046910000,5755412.653331838500000,7.989931617000025,51.945087950000072,0,
05,5,70,052,2019,05,15,5,3,2,6,0,1,0,0,0,0,0,424009.637005025520000,5758738.378859100900000,7.893705525000030,51.974126040000044,0,
05,5,66,068,2019,05,09,5,3,5,3,0,1,1,0,0,0,0,376713.623942328620000,5785961.021502429600000,7.195605203000071,52.210280719000082,0,
05,5,54,068,2019,05,22,5,3,1,5,2,1,1,0,0,0,0,351172.909360189920000,5767318.611926371200000,6.830216075000067,52.036486881000030,1,
05,5,54,056,2019,05,16,5,2,0,6,0,1,0,1,0,0,0,356936.072816275990000,5762388.078141354000000,6.916237143000046,51.993702940000048,0,
05,5,54,008,2019,05,15,5,3,5,2,0,1,0,0,0,0,1,335788.422597844150000,5744590.122533086700000,6.616969169000072,51.827969451000058,0,
05,5,15,000,2019,05,18,5,3,5,2,0,1,1,0,0,0,0,406128.618999999950000,5758081.206000000200000,7.633639462000076,51.965486447000046,1,
05,5,15,000,2019,05,15,5,3,6,4,0,1,0,1,0,0,0,405473.519536470990000,5754603.937882771700000,7.625063353000030,51.934120213000028,0,
05,5,15,000,2019,05,14,5,3,3,2,0,1,1,0,0,0,0,406884.241013913420000,5756847.488895410700000,7.644969147000040,51.954524262000064,0,
05,5,62,014,2019,05,11,5,3,6,4,0,0,1,1,0,0,0,360278.886483568700000,5715309.740950010700000,6.983845464000069,51.571523661000072,0,
05,5,70,020,2019,05,09,4,3,6,4,0,0,1,1,0,0,0,432816.005068741740000,5743317.262331889900000,8.024897079000027,51.836627822000082,0,
05,5,70,004,2019,05,11,4,3,0,4,0,0,1,1,0,0,0,423995.071000002320000,5735231.452000001400000,7.898667456000055,51.762808759000052,0,
05,5,66,068,2019,05,07,4,3,5,2,0,1,1,0,0,0,0,374699.425598794590000,5784132.298106240100000,7.166818536000051,52.193393446000073,0,
05,5,66,012,2019,05,19,4,3,0,7,1,1,1,0,0,0,0,403937.703033712690000,5771688.212932780400000,7.597939311000062,52.087415089000046,0,
05,5,66,012,2019,05,07,4,3,6,7,0,0,1,1,0,0,0,405081.935609972100000,5772474.941241757900000,7.614415382000061,52.094683762000045,0,
05,5,54,020,2019,05,14,4,3,5,3,0,0,1,0,0,0,0,364634.022348981350000,5786379.808004174400000,7.018752528000050,52.211208991000035,0,
05,5,54,004,2019,05,08,4,3,0,7,0,0,1,0,0,0,0,364152.236264352690000,5772417.963148303300000,7.017287827000075,52.085638680000045,0,
05,5,54,064,2019,05,17,4,3,6,6,0,0,1,1,0,0,0,361036.701741862110000,5751556.786567507300000,6.980300935000059,51.897420211000053,0,
05,5,54,044,2019,05,08,4,3,1,3,0,1,1,0,0,0,0,368164.915808696300000,5744512.117898795800000,7.086527566000029,51.835847765000040,0,
05,5,54,044,2019,05,12,4,3,5,3,0,0,1,0,0,0,0,365551.786070730540000,5741058.880117641800000,7.049964327000055,51.804193982000072,0,
05,5,15,000,2019,05,07,4,3,5,7,0,1,1,0,0,0,0,404684.906000001360000,5761718.734999999400000,7.611621235000030,51.997936154000058,0,
05,5,15,000,2019,05,20,4,3,5,3,0,1,1,0,0,0,0,406067.292309206910000,5757544.204551240400000,7.632893961000036,51.960649275000037,0,
05,5,62,016,2019,05,05,4,2,1,5,2,0,1,0,1,0,0,375666.040897469040000,5734802.800565332200000,7.198820421000050,51.750312177000069,0,
05,5,12,000,2019,05,12,4,3,5,2,0,1,1,0,0,0,0,358612.549448652190000,5708794.134188462000000,6.962434282000061,51.512559247000070,0,
05,5,13,000,2019,05,16,4,3,5,3,0,1,1,0,0,0,0,367594.224727202210000,5712582.351720323800000,7.090366989000074,51.548779068000044,0,
05,5,13,000,2019,05,14,4,3,8,7,0,0,1,0,0,0,0,362800.223676564170000,5715318.856196787200000,7.020200825000075,51.572224765000044,0,
05,5,58,016,2019,05,19,3,2,5,3,0,1,1,0,0,0,0,380589.704375226980000,5743029.447573617100000,7.267280537000033,51.825317639000048,0,
05,5,54,008,2019,05,15,3,3,5,3,0,1,1,0,0,0,0,335473.798464701510000,5744615.426448980300000,6.612395607000053,51.828104207000081,1,
05,5,15,000,2019,05,14,3,3,6,2,0,0,1,1,0,0,0,405419.876565783280000,5757579.272544473400000,7.623464680000041,51.960854727000026,0,
05,5,62,004,2019,05,06,3,3,5,3,0,0,1,0,0,0,0,383782.006694328040000,5709871.102727038800000,7.324616822000053,51.527977446000079,1,
05,5,62,012,2019,05,08,3,3,4,5,0,1,1,0,0,0,0,357342.770544248630000,5735279.417709799500000,6.933356771000035,51.750228933000074,0,
05,5,12,000,2019,05,08,3,3,5,3,0,0,1,0,0,0,0,357923.980668611820000,5709895.579423375400000,6.952073958000028,51.522284055000057,0,
05,5,66,028,2019,05,15,2,3,5,3,0,1,1,0,0,0,0,412735.323869355020000,5792509.206707274500000,7.720948731000021,52.276020506000066,0,
05,5,66,008,2019,05,17,2,3,5,7,0,1,1,0,0,0,0,400163.760999999940000,5780000.333000002400000,7.540437216000044,52.161455342000068,0,
05,5,54,028,2019,05,16,2,3,5,3,0,1,1,0,0,0,0,356797.803000000310000,5743732.691999999800000,6.921978702000047,51.826045743000066,0,
05,5,15,000,2019,05,07,2,3,0,1,0,1,0,0,0,0,0,405111.898998384360000,5759736.367686597600000,7.618387481000070,51.980191060000038,0,
05,5,15,000,2019,05,05,2,2,0,1,0,1,0,0,0,0,0,406763.546254553830000,5754990.197088284400000,7.643717043000038,51.937809737000066,0,
05,5,15,000,2019,05,13,2,3,3,6,0,1,1,0,0,0,0,405558.611496788450000,5757937.473614234500000,7.625384725000060,51.964097974000026,0,
05,5,15,000,2019,05,08,2,3,6,1,0,1,0,1,0,0,0,405953.937124269080000,5753034.228281175700000,7.632478072000026,51.920092261000036,0,
05,5,62,012,2019,05,10,2,3,5,3,0,0,1,0,0,0,1,362302.601423891260000,5724917.932893198000000,7.009253197000021,51.658361985000056,0,
05,5,62,024,2019,05,17,2,3,5,5,0,0,1,0,0,0,0,374611.937535189090000,5725125.842601843200000,7.187038957000027,51.663111428000036,0,
05,5,62,032,2019,05,17,2,3,5,2,0,0,1,0,0,0,0,377426.760311164890000,5716534.650847993800000,7.230723306000073,51.586521371000060,0,
05,5,62,032,2019,05,15,2,3,1,3,0,1,1,0,0,0,0,376975.419959995900000,5715698.832325838500000,7.224504684000067,51.578911280000057,0,
05,5,62,032,2019,05,09,2,2,5,3,0,0,1,0,0,0,0,379835.890950562430000,5719053.420102810500000,7.264617622000060,51.609677583000064,0,
05,5,13,000,2019,05,17,2,3,3,5,0,0,1,0,0,0,0,366970.004999999890000,5709432.485999999600000,7.082559656000058,51.520325565000064,0,
05,5,70,040,2019,05,15,1,2,5,3,0,1,0,0,0,0,0,418726.166113146580000,5744771.388851506600000,7.820099350000021,51.847826635000047,0,
05,5,66,040,2019,05,14,1,3,1,5,0,0,1,0,1,0,0,419183.635308223780000,5784308.882764969000000,7.817400970000051,52.203296277000049,0,
05,5,66,028,2019,05,00,1,3,0,7,2,0,0,0,1,0,0,417157.021890800450000,5789953.773160252700000,7.786369401000059,52.253735018000043,0,
05,5,66,012,2019,05,17,1,2,7,7,0,1,0,0,0,0,1,405035.067385192960000,5771695.519625403000000,7.613948566000033,52.087670135000053,0,
05,5,58,044,2019,05,19,1,2,5,3,0,0,1,0,1,0,0,395065.080405389890000,5753163.986796300900000,7.474161386000048,51.919312955000066,0,
05,5,58,032,2019,05,23,1,3,0,1,2,1,0,0,0,0,0,387154.437000000850000,5753978.257000001100000,7.358916505000025,51.925084204000029,0,
05,5,54,020,2019,05,16,1,3,6,7,0,0,0,1,0,0,1,367745.264471421950000,5785258.495913669500000,7.064698853000039,52.201888908000058,0,
05,5,15,000,2019,05,15,1,3,0,7,0,0,0,1,0,0,1,402555.463999999690000,5757638.688000001000000,7.581772274000059,51.960894127000074,0,
05,5,62,014,2019,05,19,1,3,5,3,1,1,1,0,0,0,0,361247.634422185830000,5713214.175615746500000,6.998642271000051,51.552931858000079,0,
05,5,70,048,2019,05,19,7,3,5,3,0,1,0,0,0,0,0,448471.226886312480000,5731879.944446448200000,8.253790276000075,51.735464416000070,0,
05,5,70,004,2019,05,15,7,3,6,6,0,0,1,1,0,0,0,428104.377677568230000,5739001.756916740900000,7.957420551000041,51.797245807000081,0,
05,5,70,032,2019,05,11,7,2,0,1,0,1,0,0,0,0,0,420609.604000000280000,5765815.281999999700000,7.842577282000036,52.037265817000048,0,
05,5,70,036,2019,05,21,7,2,0,1,2,0,0,0,0,0,1,435092.464335386640000,5761800.559720687600000,8.054447838000044,52.003059319000045,0,
05,5,66,084,2019,05,17,7,3,5,2,0,1,1,0,0,0,0,390024.392000001860000,5775773.025000002200000,7.393632019000052,52.121536865000053,0,
05,5,58,024,2019,05,13,7,3,5,3,0,0,1,0,1,0,0,393579.805876228960000,5736766.630095118700000,7.457619097000077,51.771652866000068,0,
05,5,54,068,2019,05,14,7,2,5,3,0,1,1,0,0,0,0,351490.115293367770000,5767460.193434594200000,6.834775636000074,52.037843956000074,0,
05,5,54,064,2019,05,17,7,2,8,1,0,1,0,0,0,0,0,358863.215926192700000,5753007.592209411800000,6.948138986000060,51.909909998000046,0,
05,5,54,012,2019,05,06,7,3,5,3,0,0,1,0,0,0,0,353459.456638418140000,5746259.199504673500000,6.872501186000022,51.847880859000043,0,
05,5,13,000,2019,05,15,7,2,5,3,0,0,1,0,1,0,1,368554.863024120220000,5716185.517715763300000,7.102866133000021,51.581384230000026,0,
05,5,13,000,2019,05,14,7,3,1,5,0,0,0,1,0,1,1,367061.046725130640000,5707916.785981975500000,7.084442696000053,51.506725896000034,0,
05,5,70,004,2019,05,11,6,3,5,3,0,1,0,0,0,0,0,423130.304421324280000,5734787.621412623700000,7.886237471000072,51.758700836000060,0,
05,5,70,052,2019,05,11,6,2,4,2,0,0,1,0,0,0,0,429167.818915456530000,5755952.875302892200000,7.969361022000044,51.949767011000063,0,
05,5,66,028,2019,05,12,6,3,5,3,0,0,1,0,1,0,0,414014.363969286900000,5791823.125768546000000,7.739865768000072,52.270055303000049,0,
05,5,66,060,2019,05,23,6,3,5,3,2,0,1,0,0,0,0,388796.624220970090000,5789128.254362827200000,7.371326639000074,52.241315432000079,0,
05,5,66,084,2019,05,14,6,2,6,4,0,0,1,1,0,0,0,389989.672357384120000,5775682.198255339600000,7.393154462000041,52.120713676000037,0,
05,5,58,024,2019,05,10,6,3,9,7,0,0,1,0,0,0,0,391547.699253220110000,5736172.418989585700000,7.428364522000038,51.765922122000063,0,
05,5,54,048,2019,05,08,6,3,5,3,0,0,1,0,0,0,0,340995.889993389140000,5745421.593994960200000,6.692090456000074,51.836945618000072,0,
05,5,54,008,2019,05,20,6,3,5,3,0,1,0,0,0,0,1,335866.844472212720000,5745980.401812668900000,6.617446774000030,51.840481978000071,0,
05,5,15,000,2019,05,09,6,3,4,1,0,1,0,0,0,0,0,405555.346696821970000,5757716.000999504700000,7.625398125000061,51.962106729000027,0,
05,5,15,000,2019,05,08,6,3,5,2,0,1,1,0,0,0,0,407444.343280105850000,5757311.353890907000000,7.652992410000024,51.958787232000077,0,
05,5,15,000,2019,05,17,6,3,4,7,0,1,0,0,0,0,0,398683.727916748260000,5753964.318535801000000,7.526524759000040,51.927176610000060,0,
05,5,62,016,2019,05,10,6,3,0,1,0,1,0,0,0,0,0,374522.555974205960000,5733770.765984768000000,7.182636443000035,51.740782516000081,0,
05,5,70,004,2019,05,14,5,3,4,6,0,1,0,0,1,0,0,422448.606705192480000,5735875.693665603200000,7.876119540000047,51.768388171000026,0,