ULAND,UREGBEZ,UKREIS,UGEMEINDE,UJAHR,UMONAT,USTUNDE,UWOCHENTAG,UKATEGORIE,UART,UTYP1,ULICHTVERH,IstRad,IstPKW,IstFuss,IstKrad,IstGkfz,IstSonstige,LINREFX,LINREFY,XGCSWGS84,YGCSWGS84,STRZUSTAND,UIDENTSTLAE
05,5,70,024,2019,05,17,5,2,7,7,0,1,0,0,0,0,0,419592.685300476850000,5752806.696563147000000,7.830803583000034,51.920183638000026,0,
05,5,58,004,2019,05,20,5,2,0,1,0,1,0,0,0,0,0,403094.406187449580000,5742577.446153078200000,7.593846153000072,51.825611795000043,0,
05,5,54,008,2019,05,17,5,3,5,3,0,1,1,0,0,0,0,337122.668000000530000,5745619.114000003800000,6.635829555000044,51.837604009000074,0,
05,5,54,008,2019,05,14,5,2,5,3,0,1,1,0,0,0,0,339790.153942048550000,5750096.897711372000000,6.672437580000064,51.878602869000076,0,
05,5,15,000,2019,05,12,5,3,0,5,0,1,1,0,0,0,0,406493.049944003110000,5757128.053232831900000,7.639201865000075,51.956980473000044,0,
05,5,62,028,2019,05,16,5,2,5,3,0,1,1,0,0,0,0,379407.136026583610000,5721891.399400113200000,7.257451729000024,51.635091910000028,0,
05,5,62,016,2019,05,16,5,3,6,4,0,0,1,1,0,0,0,375222.473527337420000,5734235.844398893400000,7.192601487000047,51.745118396000066,0,
05,5,12,000,2019,05,20,5,3,5,3,0,0,1,0,0,0,0,358474.466011957270000,5709117.751203652500000,6.960315763000040,51.515432700000076,0,
05,5,62,032,2019,05,13,5,3,5,3,0,1,1,0,0,0,0,374389.818588576280000,5719531.698770027600000,7.185836844000050,51.612787259000072,0,
05,5,62,032,2019,05,08,5,3,0,7,0,1,0,0,0,0,1,380674.327058076860000,5718477.627003183600000,7.276916172000028,51.604680967000036,0,
05,5,70,036,2019,05,16,7,3,5,3,0,1,1,0,0,0,0,433938.978716484270000,5765976.503876034200000,8.036840734000066,52.040463549000037,0,
05,5,66,008,2019,05,23,7,3,5,2,2,1,1,0,0,0,0,399225.848000000230000,5780803.727000000000000,7.526491692000036,52.168505607000043,0,
05,5,66,064,2019,05,21,7,2,0,7,2,1,0,0,0,0,0,394054.905086589980000,5770778.584953736500000,7.454033377000030,52.077436339000030,0,
05,5,58,036,2019,05,13,7,3,5,3,0,1,1,0,0,0,0,387411.277326249520000,5729260.846719304100000,7.370683189000033,51.702986316000079,0,
05,5,54,012,2019,05,16,7,3,5,3,0,1,1,0,0,0,0,351760.762954118660000,5745595.303814608600000,6.848142520000067,51.841467405000060,0,
05,5,54,008,2019,05,15,7,3,5,2,0,1,0,0,0,0,1,337169.196692369880000,5745572.390346150800000,6.636526289000074,51.837197831000026,0,
05,5,62,012,2019,05,13,7,3,5,3,0,0,1,0,0,0,0,361838.177943754010000,5724836.798667497900000,7.002575293000064,51.657518944000060,0,
05,5,66,028,2019,05,17,4,3,5,3,0,1,1,0,0,0,0,412148.587470088150000,5794525.736489182300000,7.711825577000070,52.294052127000043,0,
05,5,66,064,2019,05,14,4,3,0,7,0,0,1,0,0,0,0,397722.379896837290000,5772520.890600819100000,7.507007124000040,52.093785400000058,0,
05,5,58,044,2019,05,17,4,3,6,4,0,1,0,1,0,0,0,395807.934933705260000,5746131.998855849700000,7.487083047000056,51.856249022000043,0,
05,5,58,044,2019,05,13,4,3,0,1,0,1,0,0,0,0,0,396112.221749618650000,5746575.132696948900000,7.491366545000062,51.860288661000027,0,
05,5,15,000,2019,05,14,4,3,4,6,0,1,1,0,0,0,0,404025.196690955200000,5758857.471552556400000,7.602815474000067,51.972104610000031,0,
05,5,15,000,2019,05,07,4,3,5,3,0,0,1,0,0,0,0,408606.915760109200000,5751364.118132788700000,7.671486761000040,51.905521972000031,0,
05,5,62,004,2019,05,11,4,3,5,3,0,0,1,0,1,0,0,382249.615020919590000,5716688.652466550500000,7.300253220000059,51.588933950000069,0,
05,5,12,000,2019,05,13,4,3,5,3,0,1,1,0,0,0,0,355608.923776295040000,5712115.438700897600000,6.917817351000053,51.541644047000034,0,
05,5,62,014,2019,05,17,4,2,0,1,0,0,0,0,1,0,0,362051.660843591210000,5714043.533316036700000,7.009906607000062,51.560581806000073,0,
05,5,62,032,2019,05,13,4,3,1,5,0,1,1,0,0,0,0,374102.428256680260000,5715310.365905199200000,7.183202991000030,51.574785712000050,0,
05,5,62,024,2019,05,17,7,3,5,3,0,1,1,0,0,0,0,370749.513638485220000,5727555.774570498600000,7.130325272000050,51.684073367000053,0,
05,5,15,000,2019,05,08,4,3,5,3,0,1,0,0,0,0,0,406806.541010748590000,5758499.785699641300000,7.643390455000031,51.969362909000040,0,
05,5,15,000,2019,05,08,4,2,5,2,0,1,1,0,0,0,0,405400.642936989670000,5758858.627942515500000,7.622832366000068,51.972350826000081,0,
05,5,62,008,2019,05,15,4,2,5,3,0,0,1,0,0,0,0,385712.562225800940000,5725063.679882703300000,7.347485592000055,51.664920049000045,0,
05,5,62,008,2019,05,15,4,3,0,7,0,0,0,0,0,0,1,386396.098476102580000,5724928.838124044200000,7.357408483000029,51.663846730000046,0,
05,5,62,016,2019,05,12,4,3,5,2,0,0,1,0,0,0,0,375469.825910401530000,5734780.303487820600000,7.195987503000026,51.750066416000038,0,
05,5,12,000,2019,05,17,4,3,5,3,0,0,1,0,1,0,0,356812.845595601950000,5709337.593559159000000,6.936295581000024,51.516989478000028,0,
05,5,62,014,2019,05,17,4,2,2,2,0,0,1,0,0,0,0,357568.609689282250000,5714047.946565160500000,6.945274731000040,51.559507234000080,0,
05,5,62,020,2019,05,17,4,3,6,4,0,0,1,1,0,0,0,367333.581921906210000,5719120.573089841800000,7.084140318000038,51.607474114000070,0,
05,5,62,032,2019,05,14,4,3,5,3,0,0,1,0,0,0,0,373719.923203351910000,5720492.381335750200000,7.175820737000038,51.621271035000063,0,
05,5,13,000,2019,05,14,4,3,5,3,0,1,1,0,0,0,0,363296.190000000410000,5714882.003000000500000,7.027523032000033,51.568419553000069,0,
05,5,66,060,2019,05,15,3,3,1,7,0,1,1,0,0,0,0,388813.553999998610000,5789120.793000001500000,7.371576937000043,52.241251797000075,0,
05,5,66,012,2019,05,12,3,3,0,7,0,1,1,0,0,0,0,405425.053806846960000,5771599.646228836800000,7.619665377000047,52.086875180000050,0,
05,5,54,008,2019,05,12,3,3,5,2,0,1,1,0,0,0,0,335872.083000000570000,5746106.390000002500000,6.617462969000030,51.841615322000052,0,
05,5,54,008,2019,05,07,3,3,5,3,0,1,1,0,0,0,0,336420.768493155950000,5746497.394292352700000,6.625235558000043,51.845288888000027,1,
05,5,15,000,2019,05,17,3,3,5,3,0,1,1,0,0,0,0,406480.043934116140000,5757356.510079871900000,7.638950455000042,51.959031767000056,0,
05,5,15,000,2019,05,12,3,3,6,4,0,1,0,1,0,0,0,403976.006043996660000,5756990.709479790200000,7.602621560000046,51.955317026000046,0,
05,5,62,016,2019,05,13,3,3,0,3,0,1,1,0,0,0,0,374856.514796632340000,5733446.758846966500000,7.187587288000032,51.737945386000035,1,
05,5,62,014,2019,05,14,3,3,5,7,0,0,1,0,1,0,0,358312.395915635860000,5716184.717610448600000,6.955135691000066,51.578895351000028,1,
05,5,70,008,2019,05,17,2,3,2,2,0,0,1,0,0,0,0,433008.757474205460000,5737717.450360264600000,8.028777017000039,51.786308927000050,0,
05,5,70,004,2019,05,16,2,3,0,5,0,1,1,0,0,0,0,423826.365008081310000,5735268.400791309800000,7.896215248000033,51.763117990000069,0,
05,5,66,048,2019,05,05,2,3,0,7,1,1,1,0,0,0,0,426384.246620589870000,5792695.109367650000000,7.920920385000045,52.279688794000037,1,
05,5,66,076,2019,05,10,2,3,1,5,0,1,1,0,0,0,0,396793.379897495730000,5787435.180145250600000,7.488917344000072,52.227656463000073,0,
05,5,54,008,2019,05,14,2,3,0,3,0,1,1,0,0,0,0,336265.095066991630000,5744898.068520700600000,6.623734529000046,51.830875773000059,0,
05,5,54,020,2019,05,22,2,3,5,3,1,1,1,0,0,0,0,366438.812379782090000,5786239.290112605300000,7.045206516000064,52.210386759000073,0,
05,5,15,000,2019,05,10,2,3,5,3,0,1,1,0,0,0,0,400089.200080238280000,5761041.965859286500000,7.544899309000073,51.991045406000069,0,
05,5,62,032,2019,05,07,2,2,0,1,0,0,0,0,1,0,0,375038.179125155320000,5720039.941221294900000,7.195014745000037,51.617499166000073,1,
05,5,13,000,2019,05,14,2,3,1,5,0,1,1,0,0,0,0,364917.079368442300000,5716225.533038388900000,7.050379270000065,51.580883692000043,0,
05,5,66,084,2019,05,06,4,2,0,3,0,1,1,0,0,0,0,386465.166000000200000,5778959.020000003300000,7.340603264000038,52.149449834000052,0,
05,5,66,076,2019,05,06,4,2,0,7,0,0,1,0,1,0,0,394598.793436826210000,5795058.179838007300000,7.454417602000035,52.295750917000078,0,
05,5,15,000,2019,05,19,4,3,6,7,0,1,0,1,0,0,0,407743.086007102390000,5749819.510100381400000,7.659346984000024,51.891495646000067,0,
05,5,15,000,2019,05,13,4,3,2,2,0,1,1,0,0,0,0,402077.489589863460000,5758101.431265683800000,7.574686118000045,51.964969395000026,0,
05,5,70,052,2019,05,08,1,2,0,1,0,0,1,0,0,0,0,430485.838000000450000,5756327.519999999600000,7.988459728000066,51.953301219000082,0,
05,5,66,068,2019,05,10,1,3,8,1,0,0,1,0,0,0,0,376221.310334886420000,5787373.542035825600000,7.187887049000040,52.222863450000034,0,
05,5,66,008,2019,05,15,1,3,4,6,0,1,0,0,0,0,0,398518.334284007550000,5780078.216355312600000,7.516367169000034,52.161855298000035,0,
05,5,54,020,2019,05,20,1,3,5,2,0,1,0,0,0,0,1,365388.212060853840000,5786441.479398883900000,7.029759407000029,52.211947871000064,0,
05,5,54,008,2019,05,04,1,3,0,1,2,1,0,0,0,0,0,335028.458823280410000,5743849.563995176900000,6.606303805000039,51.821092861000068,0,
05,5,54,056,2019,05,16,4,3,5,3,0,1,0,0,1,0,0,355606.094083295200000,5762042.772065877900000,6.897025115000076,51.990256215000045,0,
05,5,66,048,2019,06,18,1,3,1,1,0,1,0,0,0,0,1,425943.560722787860000,5792067.781932098800000,7.914599722000048,52.273990602000026,0,
05,5,58,012,2019,06,13,1,3,0,1,0,0,0,0,1,0,0,374442.380802870730000,5757216.459541067500000,7.172962674000075,51.951462588000027,0,
05,5,54,020,2019,06,01,1,2,0,1,2,1,0,0,0,0,0,363892.992999999780000,5786502.339000001500000,7.007864472000051,52.212127432000045,0,
05,5,54,032,2019,06,09,1,3,5,7,0,0,1,0,0,0,0,328353.474999999630000,5743738.120999997500000,6.509603483000035,51.818081604000042,0,
05,5,15,000,2019,06,14,1,3,5,3,0,1,1,0,0,0,1,406275.604825861750000,5751955.222976639900000,7.637447652000049,51.910447814000065,0,
05,5,15,000,2019,06,00,1,2,0,1,2,1,0,0,0,0,0,406202.189765757880000,5756168.145697187600000,7.635232308000070,51.948303379000038,0,
05,5,15,000,2019,06,19,1,3,1,5,0,1,1,0,0,0,0,406865.435852525760000,5757306.748515341400000,7.644571076000034,51.958649171000047,0,
05,5,62,028,2019,06,13,1,3,5,2,0,0,1,0,1,0,0,380747.975088704380000,5722200.144622130300000,7.276711962000036,51.638152594000076,0,
05,5,13,000,2019,06,01,1,3,5,3,2,0,1,0,0,0,0,366699.657727408220000,5713159.154119338800000,7.077254229000062,51.553751930000033,0,
05,5,13,000,2019,06,18,1,2,0,7,0,1,0,0,0,0,0,364608.877393881790000,5709288.788342854000000,7.048603579000030,51.518473210000082,0,
05,5,70,004,2019,06,13,7,3,0,1,0,0,0,0,1,0,0,423656.111285467630000,5734805.123264849200000,7.893850489000045,51.758930100000043,0,
05,5,66,076,2019,06,11,7,3,6,7,0,0,1,1,0,0,0,392927.283804683950000,5792263.798875730500000,7.430804414000022,52.270314172000042,0,
05,5,54,016,2019,06,22,7,2,5,3,2,1,1,0,0,0,0,362724.510886685920000,5757474.035247307300000,7.002455758000053,51.951008618000060,0,
05,5,54,012,2019,06,22,7,3,5,3,2,1,0,0,0,0,0,352018.232000001710000,5745685.823000000800000,6.851838405000024,51.842348997000045,0,
05,5,15,000,2019,06,13,7,3,4,6,0,1,1,0,0,0,0,405847.600807014850000,5756264.728210054300000,7.630048138000063,51.949111601000027,0,
05,5,15,000,2019,06,00,7,3,1,5,2,1,1,0,0,0,0,405048.465480924580000,5758517.477186322200000,7.617801375000056,51.969224375000067,0,
05,5,62,004,2019,06,22,7,3,0,3,2,1,0,0,0,0,0,383101.990595953540000,5716451.556580150500000,7.312630605000038,51.586980495000034,0,
05,5,62,014,2019,06,11,7,3,0,1,0,1,0,0,0,0,0,360231.635712517430000,5716671.255998130900000,6.982622282000023,51.583746566000059,0,
05,5,13,000,2019,06,11,7,3,6,7,0,0,1,1,0,0,0,365377.564325808550000,5707603.972023665900000,7.060319153000023,51.503516240000067,0,
05,5,70,048,2019,05,00,6,3,9,1,2,1,0,0,0,0,0,448571.407687329690000,5730266.299834493500000,8.255479285000035,51.720965958000079,0,
05,5,70,004,2019,05,14,6,3,5,3,0,1,1,0,0,0,0,426755.861691853030000,5736522.475466940600000,7.938392279000027,51.774782714000082,0,
05,5,66,044,2019,05,08,6,3,8,7,0,0,1,0,0,0,0,429244.271756388250000,5779879.086803212800000,7.965516548000039,52.164859285000034,0,
05,5,66,056,2019,05,13,6,3,5,3,0,1,1,0,0,0,0,416822.857000001710000,5796814.605999998700000,7.779782033000060,52.315353089000041,0,
05,5,66,012,2019,05,11,6,3,5,3,0,1,1,0,0,0,0,404921.207222332250000,5773447.892824737400000,7.611798363000048,52.103401218000045,0,
05,5,66,012,2019,05,10,6,3,5,3,0,0,1,0,0,0,0,401209.797000000250000,5777522.901999998800000,7.556444986000031,52.139376706000064,0,
05,5,58,040,2019,05,17,6,3,6,5,0,0,1,1,0,0,0,381623.922987506720000,5765134.484739802800000,7.274678313000038,52.024195951000081,0,
05,5,15,000,2019,05,14,6,3,0,1,0,0,0,0,1,0,0,406964.535830231380000,5754202.023011252300000,7.646853055000065,51.930758837000042,0,
05,5,62,004,2019,05,16,6,3,9,1,0,0,1,0,0,0,1,385226.842668299560000,5716956.556497555200000,7.343122794000067,51.591956162000031,0,
05,5,12,000,2019,05,13,6,3,6,2,0,0,1,1,0,0,0,360081.809956026260000,5711271.673009058500000,6.982609994000029,51.535188458000050,0,
05,5,12,000,2019,05,17,6,3,5,3,0,1,1,0,0,0,0,359635.420048421250000,5720450.364417027700000,6.972510139000065,51.617557238000074,0,
05,5,70,004,2019,05,07,4,3,1,5,0,0,1,0,0,0,0,423536.703603487460000,5735128.584280233800000,7.892049559000043,51.761821608000048,0,
05,5,54,056,2019,05,18,5,3,7,7,0,1,0,0,0,0,0,354125.247144873250000,5762651.961640695100000,6.875214608000022,51.995342730000061,0,
05,5,70,004,2019,05,07,4,3,5,3,0,0,1,0,0,0,0,423231.779258768070000,5734204.750008219900000,7.887836175000075,51.753474953000079,0,
05,5,54,060,2019,05,13,5,3,5,3,0,0,1,0,1,0,0,348912.594998567370000,5756804.324906878200000,6.801920518000031,51.941411741000081,0,
05,5,70,024,2019,05,17,4,2,6,2,0,0,1,1,0,0,0,418400.339749904350000,5752220.858920306000000,7.813608596000051,51.914743986000076,0,
05,5,54,008,2019,05,15,5,3,4,6,0,0,1,0,0,0,0,334903.101547509430000,5744944.713924719000000,6.603964405000056,51.830893967000065,0,
05,5,62,004,2019,05,10,5,2,5,3,0,1,1,0,0,0,0,383363.974994827990000,5716509.665056446600000,7.316391162000059,51.587557047000075,0,
05,5,66,044,2019,05,21,4,3,5,3,1,0,1,0,0,0,0,428879.835378515530000,5777767.852412471500000,7.960631403000036,52.145834055000080,0,
05,5,70,004,2019,06,07,4,3,5,3,0,1,1,0,0,0,0,422394.583612259480000,5735133.657728927200000,7.875502560000030,51.761710089000076,0,
05,5,66,028,2019,06,07,4,3,5,3,0,1,1,0,0,0,0,411553.257532003340000,5792993.772510521100000,7.703500678000069,52.280186988000082,0,
05,5,66,012,2019,06,06,4,2,5,3,0,1,1,0,0,0,0,401379.087300289420000,5777153.300857959300000,7.559025084000041,52.136085014000059,0,
05,5,58,032,2019,06,14,4,3,2,6,0,0,1,0,1,0,0,383178.569815814500000,5754646.030301049400000,7.300896835000060,51.930265478000081,0,
05,5,58,016,2019,06,07,4,3,5,3,0,1,0,0,0,0,0,382049.182527400550000,5744263.766642201700000,7.288027565000050,51.836720734000039,0,
05,5,58,016,2019,06,07,4,3,5,3,0,1,1,0,0,0,0,381695.356719322500000,5743091.697232872200000,7.283295176000024,51.826112300000034,0,
05,5,54,004,2019,06,08,4,3,0,1,0,1,0,0,0,0,0,362482.656464456580000,5771560.921210577700000,6.993281737000075,52.077525647000073,0,
05,5,54,008,2019,06,15,4,3,1,5,0,1,1,0,0,0,0,336550.674411469140000,5744576.586346957800000,6.628027069000041,51.828071361000070,0,
05,5,54,008,2019,06,07,4,3,2,6,0,0,1,0,0,0,1,333683.861098041760000,5743378.931904679200000,6.587038599000039,51.816466520000063,0,
05,5,54,008,2019,06,19,4,3,5,3,0,1,1,0,0,0,0,335627.275818653400000,5747543.554655199900000,6.613229423000064,51.854453925000030,0,
05,5,54,020,2019,06,21,4,3,5,3,0,1,1,0,0,0,0,365502.010156016800000,5783399.304980717600000,7.032631700000025,52.184640667000053,0,
05,5,15,000,2019,06,14,4,3,0,5,0,1,1,0,0,0,0,411739.271577533330000,5762163.230920361400000,7.714232963000029,52.003097761000049,0,
05,5,15,000,2019,06,12,4,3,5,3,0,1,0,0,0,0,0,404286.284013682980000,5755613.225206168400000,7.607518990000074,51.942989167000064,0,
05,5,62,036,2019,06,07,4,3,5,3,0,0,1,0,0,0,0,389584.724056004550000,5720825.183487696600000,7.404788328000052,51.627598628000044,0,
05,5,62,014,2019,06,11,4,3,1,5,0,1,1,0,0,0,0,362324.815616095440000,5711973.721929017500000,7.014654807000056,51.542048718000046,0,
05,5,70,024,2019,06,07,3,3,3,6,0,1,0,0,0,1,0,420825.480857922700000,5753430.166874129300000,7.848582223000051,51.925964842000042,0,
05,5,66,052,2019,06,10,3,3,0,7,0,0,1,0,1,0,0,378220.479421143420000,5778792.808826720300000,7.220221387000038,52.146199796000076,0,
05,5,58,016,2019,06,07,3,3,5,3,0,1,1,0,0,0,0,383681.343719145280000,5742404.236931147100000,7.312330938000059,51.820350880000035,0,
05,5,54,020,2019,06,18,3,3,5,3,0,1,1,0,0,0,0,364674.626484291630000,5786765.336541404900000,7.019192305000047,52.214683036000054,0,
05,5,54,020,2019,06,13,3,3,5,3,0,1,1,0,0,0,0,366036.184480104600000,5783044.322099274000000,7.040580617000046,52.181580989000054,0,
05,5,54,004,2019,06,14,3,3,2,6,0,1,0,0,0,0,0,363130.333013533610000,5772118.906154274900000,7.002502833000051,52.082699820000073,0,
05,5,54,060,2019,06,17,3,3,5,3,0,0,1,0,0,0,0,353504.724255600940000,5756754.997309044000000,6.868698923000068,51.942196504000037,0,
05,5,54,012,2019,06,13,3,3,6,7,0,0,0,1,0,0,1,351577.011559844020000,5747561.450343372300000,6.844633123000051,51.859084077000034,0,
05,5,54,008,2019,06,09,3,3,5,3,0,1,1,0,0,0,0,334696.059571521360000,5746442.603595396500000,6.600246836000054,51.844288762000076,0,
05,5,62,032,2019,06,13,3,3,1,5,0,1,1,0,0,0,0,376437.597213854080000,5715108.593813879400000,7.216954484000041,51.573489013000028,0,
05,5,66,040,2019,06,18,2,2,8,1,0,0,1,0,0,0,0,420105.468075273560000,5783561.278072768800000,7.831063581000024,52.196710617000065,0,
05,5,66,028,2019,06,20,2,2,5,3,0,0,1,0,1,0,0,417048.571615694090000,5791454.365139480700000,7.784412223000061,52.267206800000054,0,
05,5,66,076,2019,06,15,2,3,5,2,0,0,1,0,1,0,0,391996.784749586140000,5793595.098920406800000,7.416746804000070,52.282096725000031,0,
05,5,66,012,2019,06,22,2,2,5,3,2,0,1,0,1,0,0,405354.821412704890000,5771808.839297698800000,7.618582577000041,52.088743446000080,0,
05,5,54,068,2019,06,10,2,3,5,3,0,1,1,0,0,0,0,350570.466972831640000,5766897.068194802900000,6.821623943000077,52.032537556000079,0,
05,5,54,004,2019,06,08,2,3,6,4,0,1,0,1,0,0,0,363449.801016843880000,5771425.713323907900000,7.007439614000020,52.076550098000041,1,
05,5,54,012,2019,06,15,2,3,0,1,0,1,0,0,0,0,0,351899.805901945570000,5747529.475822225200000,6.849330808000048,51.858882547000064,0,
05,5,15,000,2019,06,06,2,3,5,3,0,0,1,0,0,0,1,412161.330187387760000,5752456.496827118100000,7.722861947000069,51.915912999000057,1,
05,5,62,014,2019,06,16,2,3,6,7,0,1,0,1,0,0,0,360648.243130288090000,5715719.693283315700000,6.989009071000055,51.575298933000056,0,
05,5,13,000,2019,06,16,2,3,0,7,0,0,0,0,0,1,0,367238.754909146580000,5711073.385679045700000,7.085812496000074,51.535135011000079,0,
05,5,13,000,2019,06,16,2,3,0,7,0,0,0,0,0,0,1,368347.862137879240000,5708038.495325334400000,7.102928381000027,51.508120924000082,0,
05,5,13,000,2019,06,06,2,3,3,7,0,0,1,0,0,1,0,368021.050859409380000,5707904.811432985600000,7.098271939000028,51.506843305000075,1,
05,5,70,008,2019,06,11,7,3,0,1,0,0,0,0,1,0,0,436893.434092369860000,5735123.126077584900000,8.085559700000033,51.763437234000037,0,
05,5,70,004,2019,06,17,7,3,6,7,0,1,1,1,0,0,0,424564.803881458010000,5735070.714192608400000,7.906956315000059,51.761440824000033,0,
05,5,66,040,2019,06,13,7,2,2,1,0,0,1,0,0,0,0,421242.608731516640000,5782795.831123011200000,7.847875319000025,52.189993755000046,0,
05,5,54,004,2019,06,18,7,2,5,3,0,0,1,0,0,0,0,363129.899654763750000,5772037.444169415200000,7.002529202000062,52.081967747000078,0,
05,5,54,048,2019,06,15,7,3,5,3,0,0,1,0,0,0,0,341678.113447744400000,5745009.710150539900000,6.702172612000027,51.833439066000039,0,
05,5,54,008,2019,06,20,7,3,0,7,1,1,0,0,0,0,0,336719.474658492020000,5747007.668554859200000,6.629327074000059,51.849960361000058,0,
05,5,54,008,2019,06,02,7,3,0,1,2,1,0,0,0,0,0,335872.986446422520000,5745827.617439718900000,6.617608331000042,51.839111256000081,0,
05,5,62,014,2019,06,13,7,3,5,3,0,1,1,0,0,0,0,359945.933531267570000,5715265.974108424000000,6.979061662000049,51.571047763000081,0,
05,5,62,020,2019,06,15,7,3,4,6,0,1,1,0,0,0,0,366730.169306322930000,5720175.614088539000000,7.075030474000073,51.616812725000045,1,
05,5,13,000,2019,06,12,7,3,5,3,0,1,1,0,0,0,0,369291.536535430700000,5708912.010565027600000,7.116194677000067,51.516190141000038,0,
05,5,70,052,2019,06,11,6,2,0,7,0,1,1,0,0,0,0,430380.218358788640000,5756552.614542314800000,7.986877447000040,51.955311521000056,0,
05,5,58,016,2019,06,07,6,3,5,3,0,1,1,0,0,0,0,379938.206303809770000,5744616.665299885000000,7.257280933000061,51.839442431000066,0,
05,5,54,004,2019,06,13,6,3,0,1,0,1,0,0,0,0,0,362422.802486442960000,5771453.115717697900000,6.992452370000024,52.076542113000073,0,
05,5,54,008,2019,06,15,6,3,8,1,0,1,0,0,0,0,0,335177.719267394390000,5745484.577470030600000,6.607689043000050,51.835824850000051,0,
05,5,54,008,2019,06,11,6,3,5,7,0,1,1,0,0,0,0,335415.990000001150000,5745007.728000002000000,6.611370951000026,51.831611383000052,0,
05,5,15,000,2019,06,09,6,3,5,2,0,1,1,0,0,0,0,407293.653845431280000,5757322.583252297700000,7.650796979000063,51.958863063000081,0,
05,5,15,000,2019,06,13,6,3,5,3,0,1,0,0,0,0,0,405329.425000000750000,5755077.161000000300000,7.622837833000062,51.938349265000056,0,
05,5,62,004,2019,06,15,6,3,5,3,0,1,1,0,0,0,0,382982.585994470860000,5714625.377466416000000,7.311516362000020,51.570542567000075,0,
05,5,62,014,2019,06,15,6,3,5,3,0,1,1,0,0,0,0,361482.825089586900000,5715007.284531237600000,7.001325924000071,51.569102813000029,0,
05,5,62,014,2019,06,11,6,3,5,3,0,0,1,0,1,0,0,358915.412539472800000,5713156.605581698900000,6.965048146000072,51.551836152000078,0,
05,5,70,008,2019,06,10,5,3,6,7,0,0,0,1,0,0,1,433746.627835631370000,5734450.406554242600000,8.040096174000041,51.757025925000050,0,
05,5,70,052,2019,06,07,5,3,5,3,0,1,0,0,0,0,0,430138.419977348300000,5756744.735132444600000,7.983320274000050,51.957008285000029,1,
05,5,66,056,2019,06,13,5,3,5,3,0,1,1,0,0,0,0,416992.501000000160000,5797566.405000001200000,7.782084596000061,52.322136264000051,0,
05,5,66,076,2019,06,16,5,3,0,1,0,0,0,0,1,0,0,395179.121146968570000,5792801.444502370400000,7.463625946000036,52.275580029000082,0,
05,5,66,076,2019,06,15,5,3,5,7,0,1,1,0,0,0,0,396894.472490235230000,5787710.563446486400000,7.490312952000068,52.230150401000060,0,
05,5,66,084,2019,06,13,5,3,3,7,0,1,1,0,0,0,0,386818.088715393100000,5779399.793634187400000,7.345612303000053,52.153483496000035,0,
05,5,66,024,2019,06,15,5,3,5,2,0,1,1,0,0,0,0,383541.605000000450000,5771300.311999999000000,7.300513357000057,52.080013667000060,0,
05,5,13,000,2019,06,21,5,3,1,5,1,0,1,0,0,0,0,361489.365753258580000,5717571.143906272900000,7.000408954000022,51.592143582000062,0,
05,5,66,040,2019,06,11,4,3,5,3,0,1,1,0,0,0,0,420367.002161414360000,5783492.212454097300000,7.834905460000073,52.196127639000053,1,
05,5,66,028,2019,06,17,4,3,5,3,0,1,1,0,0,0,0,413189.572046737190000,5794267.101912353200000,7.727152179000029,52.291892919000077,0,
05,5,66,076,2019,06,10,4,3,5,3,0,1,1,0,0,0,0,393619.258999999610000,5793708.530999999500000,7.440485742000021,52.283432577000042,0,
05,5,58,016,2019,06,13,4,3,5,2,0,1,1,0,0,0,0,381521.213665911000000,5743851.331000788100000,7.280509409000047,51.832902354000055,1,
05,5,54,004,2019,06,19,4,3,6,4,0,1,0,1,0,0,0,364231.801656586120000,5771063.606487682100000,7.018987355000036,52.073488688000054,0,
05,5,54,004,2019,06,17,4,3,5,3,0,1,0,0,0,0,1,363062.474000000390000,5771677.354000000300000,7.001690396000072,52.078715534000082,0,
05,5,54,008,2019,06,16,4,3,0,1,0,1,0,0,0,0,0,338861.549594677980000,5746905.430718492700000,6.660447373000068,51.849664283000038,1,
05,5,54,008,2019,06,16,4,3,4,1,0,1,0,0,0,0,0,333895.892007815650000,5745833.577901577600000,6.588934146000042,51.838580293000064,0,
05,5,54,008,2019,06,13,4,2,5,2,0,1,1,0,0,0,0,336799.130318689160000,5746919.634773621300000,6.630524082000022,51.849192801000072,1,
05,5,54,012,2019,06,18,4,3,0,7,0,1,0,0,0,0,1,357613.236000001430000,5743755.230999998700000,6.933793934000050,51.826456667000059,0,
05,5,15,000,2019,06,20,4,3,2,7,1,0,1,0,0,0,0,405939.861240194180000,5759092.915863487900000,7.630615614000021,51.974548229000050,0,
05,5,15,000,2019,06,06,4,3,0,7,0,1,1,0,0,0,0,406366.845604337750000,5757244.758518366100000,7.637333978000072,51.958008239000037,0,
05,5,15,000,2019,06,17,4,3,5,3,0,1,1,0,0,0,0,409784.753619759340000,5753871.963738914600000,7.687946220000072,51.928256299000054,0,
05,5,15,000,2019,06,19,4,3,5,3,0,1,0,0,0,0,0,405142.444196035150000,5751290.726630082400000,7.621161984000025,51.904283164000049,1,
05,5,62,014,2019,06,18,4,3,0,3,0,0,1,0,1,0,0,361407.870690973480000,5714168.623276580100000,7.000575812000022,51.561548062000043,0,
05,5,62,020,2019,06,15,4,3,5,3,0,1,1,0,0,0,0,369446.240000000220000,5719578.004000000700000,7.114461309000035,51.612078699000051,1,
05,5,62,020,2019,06,17,4,3,6,2,0,0,1,1,0,0,0,367287.022496871650000,5719228.666200989900000,7.083427433000054,51.608434524000074,0,
05,5,62,032,2019,06,18,4,3,1,5,0,1,1,0,0,0,0,375550.422118043530000,5715582.736368514600000,7.203991016000032,51.577555077000056,0,
05,5,70,028,2019,06,15,3,3,0,7,0,1,0,0,0,0,0,441203.717978189700000,5742247.514665303800000,8.146801801000038,51.827956678000078,0,
05,5,70,048,2019,06,06,3,2,5,3,0,1,1,0,0,0,0,442770.762000001040000,5732018.940000003200000,8.171225447000040,51.736160954000070,1,
05,5,66,092,2019,06,18,3,2,0,1,0,1,0,0,0,0,0,423363.795844443140000,5796387.993794450500000,7.875814612000056,52.312470480000059,0,
05,5,66,076,2019,06,05,3,2,5,3,1,1,1,0,0,0,0,392187.959999999960000,5792995.227000000000000,7.419739963000041,52.276743144000079,1,
05,5,66,084,2019,06,16,3,3,5,3,0,1,0,0,0,0,0,388948.146502866410000,5775548.071799349000000,7.377991943000041,52.119300023000051,0,