ULAND,UREGBEZ,UKREIS,UGEMEINDE,UJAHR,UMONAT,USTUNDE,UWOCHENTAG,UKATEGORIE,UART,UTYP1,ULICHTVERH,IstRad,IstPKW,IstFuss,IstKrad,IstGkfz,IstSonstige,LINREFX,LINREFY,XGCSWGS84,YGCSWGS84,STRZUSTAND,UIDENTSTLAE
05,5,58,016,2019,06,09,3,3,9,1,0,0,1,0,0,0,0,378992.134402536790000,5745816.078769352300000,7.243135771000027,51.850017317000038,1,
05,5,62,004,2019,06,08,3,3,1,1,0,0,1,0,0,0,0,385398.922683504410000,5716554.083346137800000,7.345737269000040,51.588373829000034,1,
05,5,62,012,2019,06,10,3,3,9,1,0,1,0,0,0,0,0,359460.572999999860000,5726072.385000001600000,6.967728171000033,51.668032260000075,0,
05,5,12,000,2019,06,05,3,3,1,5,1,0,1,0,0,0,0,357530.358423613940000,5713254.894733717700000,6.945044588000030,51.552371327000060,1,
05,5,62,032,2019,06,18,3,2,6,4,0,0,1,1,0,0,0,376358.273149527610000,5715423.549150856200000,7.215699548000032,51.576302204000058,0,
05,5,13,000,2019,06,17,3,3,2,6,0,0,1,0,0,0,0,368374.755000000820000,5709387.633999999600000,7.102811901000052,51.520251593000069,0,
05,5,70,028,2019,06,23,2,2,9,1,2,0,1,0,0,0,0,445288.878999999720000,5738983.309000002200000,8.206591114000048,51.799025272000051,1,
05,5,66,012,2019,06,17,2,2,0,7,0,1,0,0,0,0,0,404814.948326639830000,5772323.037089902900000,7.610561646000065,52.093272559000070,0,
05,5,66,008,2019,06,00,2,3,0,5,0,1,0,0,0,0,0,399279.571244445630000,5782467.259916545800000,7.526782987000047,52.183466774000067,0,
05,5,58,024,2019,06,00,2,2,0,1,2,1,0,0,0,0,0,393160.671157019210000,5735415.027336854500000,7.451962505000040,51.759424775000070,0,
05,5,58,016,2019,06,20,2,2,9,1,0,1,0,0,0,0,0,382209.895570225080000,5743465.212169513100000,7.290630895000049,51.829577878000066,1,
05,5,15,000,2019,06,14,2,2,0,7,0,1,0,0,0,0,0,398612.819000001070000,5758014.100999999800000,7.524299560000031,51.963563387000079,0,
05,5,62,008,2019,06,15,2,3,0,5,0,1,1,0,0,0,0,385623.349969181230000,5723998.003893895100000,7.346544944000073,51.655323886000076,0,
05,5,13,000,2019,06,20,2,3,8,1,1,0,1,0,0,0,0,366364.118491873150000,5708333.963922048000000,7.074248431000058,51.510310543000060,1,
05,5,70,016,2019,06,20,1,2,4,1,0,0,1,0,0,0,0,414999.262000001040000,5734325.655000001200000,7.768567980000057,51.753372985000055,0,
05,5,54,012,2019,06,16,1,3,2,6,0,0,1,0,0,0,0,348770.342754462730000,5745387.725801613200000,6.804858038000020,51.838800573000071,0,
05,5,62,004,2019,06,18,1,3,1,1,0,0,1,0,1,0,0,384399.556696853600000,5716911.226783664900000,7.331200375000037,51.591379605000043,0,
05,5,62,020,2019,06,15,1,3,4,6,0,1,0,0,0,0,1,371503.546329010280000,5715079.526006622200000,7.145804525000074,51.572124790000032,0,
05,5,13,000,2019,06,19,1,3,5,3,0,0,1,0,0,0,0,364206.916894121100000,5715242.204403566200000,7.040516256000046,51.571876510000038,0,
05,5,13,000,2019,06,15,1,3,6,7,0,0,1,1,0,0,0,368951.469477243720000,5710190.331223156300000,7.110820954000076,51.527599371000065,0,
05,5,12,000,2019,06,11,1,3,6,4,0,0,1,1,0,0,0,357598.160148534920000,5708015.995778406000000,6.948139988000037,51.505312188000062,0,
05,5,70,016,2019,06,14,7,3,0,7,0,1,0,0,0,0,0,413091.132000001150000,5739405.502000002200000,7.739659808000056,51.798743562000027,0,
05,5,70,052,2019,06,18,7,3,8,1,0,0,0,0,1,0,0,431033.069143502040000,5757486.051961077400000,7.996188877000066,51.963784139000040,0,
05,5,13,000,2019,06,18,1,2,5,3,0,1,1,0,0,0,0,367679.488743522200000,5706487.189807409400000,7.093884901000024,51.494023626000057,0,
05,5,66,012,2019,06,13,7,3,2,6,0,0,1,0,0,0,0,404965.565980179240000,5774323.243832752100000,7.612201549000076,52.111276631000067,0,
05,5,66,012,2019,06,11,7,3,0,3,0,1,1,0,0,0,0,400773.244000000880000,5776389.842000000200000,7.550398784000038,52.129114671000082,1,
05,5,58,016,2019,06,13,7,2,5,2,0,0,1,0,0,0,0,381794.617063077170000,5743659.973477657900000,7.284540770000035,51.831240515000047,0,
05,5,54,008,2019,06,16,7,3,2,6,0,0,1,0,1,0,0,336593.855280455200000,5745016.119609521700000,6.628445639000063,51.832032544000072,0,
05,5,15,000,2019,06,11,7,2,5,3,0,1,0,0,0,0,0,404574.692223162390000,5754023.861717980400000,7.612154451000038,51.928752850000080,1,
05,5,15,000,2019,06,07,7,3,1,7,0,1,1,0,0,0,0,404767.859676751310000,5758871.299064623200000,7.613619762000042,51.972356650000052,0,
05,5,15,000,2019,06,09,7,3,3,7,0,1,1,0,0,0,0,406617.558053249490000,5761320.492119880400000,7.639872462000028,51.994684974000052,0,
05,5,62,008,2019,06,18,7,3,5,2,0,0,1,0,0,0,0,386508.248290531340000,5724405.526969138500000,7.359199264000040,51.659165982000047,1,
05,5,62,004,2019,06,12,7,3,9,7,0,0,0,0,0,0,1,383762.525096923110000,5715976.783919053200000,7.322317907000070,51.582850009000026,1,
05,5,13,000,2019,06,20,7,3,5,3,0,0,1,0,0,0,0,367679.488743522200000,5706487.189807409400000,7.093884901000024,51.494023626000057,0,
05,5,13,000,2019,06,13,7,3,5,3,0,0,1,0,0,0,1,368459.842385776340000,5707611.373452352400000,7.104700348000051,51.504308546000061,0,
05,5,13,000,2019,06,13,1,2,6,4,0,0,1,1,0,0,0,368318.961781589310000,5708757.341642459900000,7.102243693000048,51.514574300000049,0,
05,5,66,060,2019,06,08,6,2,0,1,0,1,0,0,0,0,0,390818.032570937650000,5786272.750647315800000,7.401841325000021,52.216057380000052,0,
05,5,66,068,2019,06,15,6,3,0,2,0,1,1,0,0,0,0,376099.101000000720000,5785147.701000003100000,7.186913637000032,52.202834289000066,0,
05,5,54,068,2019,06,04,6,3,5,3,1,1,0,0,0,0,1,350611.883042193020000,5766829.954681782100000,6.822256540000069,52.031945738000047,0,
05,5,54,056,2019,06,09,6,3,5,3,0,1,1,0,0,0,0,356313.557929808270000,5762246.894068747800000,6.907235745000037,51.992273703000080,0,
05,5,54,016,2019,06,23,6,3,5,3,2,1,1,0,0,0,0,363678.854597412050000,5757158.464971048800000,7.016458880000073,51.948407726000028,0,
05,5,54,008,2019,06,13,6,3,6,4,0,0,1,1,0,0,0,336159.446271356200000,5745210.981550190600000,6.622054557000070,51.833655842000042,0,
05,5,15,000,2019,06,16,6,3,6,6,0,0,1,1,0,0,0,405021.289462886750000,5753717.490823013700000,7.618732176000037,51.926075432000061,0,
05,5,15,000,2019,06,13,6,3,0,7,0,0,0,0,0,0,1,406545.269433251580000,5756221.253860727000000,7.640208191000056,51.948838489000082,0,
05,5,62,036,2019,06,07,6,3,1,7,0,1,1,0,0,0,0,390046.221943466920000,5719927.221662070600000,7.411734881000029,51.619618051000032,0,
05,5,62,016,2019,06,16,6,3,0,5,0,1,1,0,0,0,0,374582.934316075410000,5733711.198422085500000,7.183531937000055,51.740260708000051,0,
05,5,62,014,2019,06,14,6,3,5,3,0,1,1,0,0,0,0,359019.682891665030000,5715941.395917216300000,6.965434126000048,51.576886224000077,0,
05,5,62,020,2019,06,11,6,2,5,3,0,1,1,0,0,0,0,371088.099015800280000,5717820.094546010700000,7.138806733000024,51.596659034000027,0,
05,5,13,000,2019,06,13,6,2,1,5,0,1,1,0,0,0,0,364463.856914040630000,5715718.676932742800000,7.044037719000073,51.576220094000064,0,
05,5,13,000,2019,06,14,6,3,2,6,0,0,1,0,1,0,0,368534.566050199790000,5706463.547983914600000,7.106204082000033,51.494010642000035,0,
05,5,70,004,2019,06,13,5,3,6,4,0,0,1,1,0,0,0,423724.114789688030000,5735221.922595493500000,7.894744104000040,51.762686247000033,0,
05,5,66,076,2019,06,19,5,3,4,2,0,0,1,0,0,0,0,392538.829970617780000,5793040.151110475900000,7.424866429000076,52.277215580000075,0,
05,5,66,068,2019,06,13,5,3,7,1,0,0,1,0,0,0,0,376864.875572860240000,5785033.875332122700000,7.198154851000027,52.201983023000082,0,
05,5,66,068,2019,06,13,5,2,0,1,0,0,0,0,1,0,0,377962.860999999570000,5785250.513999998600000,7.214135195000040,52.204173970000056,0,
05,5,58,028,2019,06,17,5,3,6,6,0,0,1,1,0,0,0,398235.866999999620000,5733535.344000002400000,7.526022300000022,51.743474769000045,0,
05,5,54,020,2019,06,17,5,3,0,1,0,0,0,0,1,0,0,366732.096327582370000,5786837.215223137300000,7.049260891000074,52.215830367000081,0,
05,5,54,056,2019,06,15,5,3,5,3,0,1,1,0,0,0,0,356938.406691393810000,5763097.587263541300000,6.915975004000075,52.000078489000032,0,
05,5,54,012,2019,06,06,5,2,5,2,0,0,0,0,1,1,0,353403.743509864430000,5746613.973834093700000,6.871542511000030,51.851053873000069,0,
05,5,54,008,2019,06,16,5,3,5,2,0,1,1,0,0,0,0,335779.268776169980000,5744570.432118000500000,6.616845794000028,51.827789872000039,1,
05,5,15,000,2019,06,21,5,3,1,7,0,1,1,0,0,0,0,404414.759911369530000,5761196.759500183200000,7.607833039000070,51.993198038000060,1,
05,5,15,000,2019,06,12,5,3,0,1,0,0,1,0,0,0,0,404279.074362950400000,5755750.522966770500000,7.607375911000077,51.944222012000068,0,
05,5,15,000,2019,06,12,5,3,0,1,0,1,0,0,0,0,0,404664.341479633000000,5757232.147674692800000,7.612568303000046,51.957605598000043,0,
05,5,62,012,2019,06,10,5,3,3,2,0,1,1,0,0,0,0,359053.668684322390000,5725383.167988766000000,6.962126114000057,51.661737184000060,0,
05,5,62,024,2019,06,18,5,3,8,7,0,0,1,0,0,0,0,370038.705575421450000,5725057.022321781100000,7.120978735000051,51.661453975000029,0,
05,5,12,000,2019,06,15,5,3,4,6,0,0,1,0,0,0,1,358500.071265685370000,5710770.290967593000000,6.960020866000036,51.530288819000077,0,
05,5,62,020,2019,06,18,5,3,1,5,0,1,1,0,0,0,0,370431.665488041940000,5718397.628641186300000,7.129121432000034,51.601698597000052,0,
05,5,62,032,2019,06,16,5,2,5,3,0,1,1,0,0,0,0,377338.735729876910000,5716520.176148394100000,7.229458431000069,51.586372129000040,0,
05,5,13,000,2019,06,23,5,3,5,3,2,0,1,0,0,0,0,362969.304781276730000,5710875.820462506300000,7.024370060000024,51.532339468000032,0,
05,5,70,052,2019,06,16,3,2,6,4,0,0,1,1,0,0,0,429839.221053363760000,5756026.052830690500000,7.979113592000033,51.950509947000057,0,
05,5,70,052,2019,06,17,3,2,1,6,0,1,1,0,0,0,0,429836.325170264580000,5756461.286392029400000,7.978982595000048,51.954422158000057,0,
05,5,66,084,2019,06,17,3,3,3,2,0,1,1,0,0,0,0,385865.086122502570000,5778894.995199408400000,7.331858171000022,52.148750759000052,0,
05,5,66,096,2019,06,14,3,3,5,3,0,1,1,0,0,0,0,385266.418048099610000,5785680.551974382300000,7.320816820000061,52.209607323000057,0,
05,5,66,064,2019,06,07,3,3,1,5,0,1,1,0,0,0,0,395850.697807259860000,5771439.287719028100000,7.480026053000074,52.083715221000034,0,
05,5,54,020,2019,06,21,3,3,1,1,0,0,1,0,0,0,0,367132.956404641270000,5785361.990453485400000,7.055703845000039,52.202671613000064,0,
05,5,54,020,2019,06,14,3,3,0,7,0,1,1,0,0,0,0,364251.415503567080000,5787531.647178949800000,7.012694229000033,52.221464398000080,0,
05,5,54,020,2019,06,08,3,3,5,3,0,1,1,0,0,0,0,366441.266548873860000,5786231.868091508700000,7.045245340000065,52.210320664000051,0,
05,5,54,068,2019,06,07,3,3,1,6,0,0,1,0,0,0,0,351497.277560788210000,5767441.015892380800000,6.834888306000039,52.037673574000053,0,
05,5,54,004,2019,06,07,3,2,4,6,0,1,0,0,0,0,0,362209.391718060710000,5772098.692853940700000,6.989079567000033,52.082289751000076,0,
05,5,54,008,2019,06,16,3,3,0,1,0,1,0,0,0,0,0,336928.776467008520000,5745880.276092849700000,6.632894706000059,51.839893589000042,0,
05,5,15,000,2019,06,15,3,3,5,2,0,1,1,0,0,0,0,405074.178918631750000,5761169.407731790100000,7.617441795000048,51.993065297000044,0,
05,5,15,000,2019,06,14,3,3,4,6,0,0,1,0,0,0,0,404889.773469080220000,5760734.662643700800000,7.614877442000022,51.989126108000050,0,
05,5,62,036,2019,06,13,3,3,2,6,0,1,1,0,0,0,0,388968.237217394640000,5720501.694205272900000,7.395988013000022,51.624569788000031,0,
05,5,62,024,2019,06,08,3,2,5,3,0,1,1,0,0,0,0,368826.664723857310000,5727077.900619400700000,7.102706144000024,51.679333078000070,0,
05,5,62,032,2019,06,09,3,3,0,7,0,1,0,0,0,0,0,376227.165658133100000,5714945.861360106600000,7.213976809000030,51.571980336000081,0,
05,5,62,032,2019,06,12,3,3,5,3,0,0,1,0,0,0,0,379561.399488166910000,5718452.262657178600000,7.260861947000024,51.604216081000061,0,
05,5,13,000,2019,06,20,3,3,5,3,0,0,1,0,0,0,0,368021.892642244700000,5713576.847113991200000,7.096158212000034,51.557816470000034,1,
05,5,13,000,2019,06,16,3,3,5,3,0,1,1,0,0,0,0,362969.408260614610000,5710874.577925734200000,7.024372034000066,51.532328327000073,0,
05,5,13,000,2019,06,08,3,3,5,3,0,1,1,0,0,0,0,367440.230702537110000,5709404.671484716200000,7.089343700000029,51.520186157000069,0,
05,5,70,004,2019,06,10,2,3,6,4,0,0,1,1,0,0,0,422774.404369947500000,5735252.541115885600000,7.880978580000033,51.762831316000074,0,
05,5,66,028,2019,06,16,2,3,4,7,0,1,0,0,0,0,0,412398.977545668370000,5792751.572705492400000,7.715957228000036,52.278145465000080,0,
05,5,66,076,2019,06,13,2,3,3,6,0,1,0,0,0,0,0,392350.934330826630000,5792262.478063043200000,7.422361655000032,52.270189773000027,0,
05,5,54,008,2019,06,11,2,3,0,5,0,1,1,0,0,0,0,335348.890079513190000,5745843.908691745300000,6.610000171000024,51.839103343000033,0,
05,5,54,008,2019,06,07,2,3,0,7,0,1,1,0,0,0,0,337006.791440302510000,5745722.468571195400000,6.634100459000024,51.838498694000066,0,
05,5,54,008,2019,06,09,2,3,4,6,0,1,0,0,0,0,0,336126.213087672370000,5745755.447062980400000,6.621314815000062,51.838537276000068,0,
05,5,54,008,2019,06,07,2,3,5,3,0,1,0,0,0,0,0,335670.109838704580000,5744624.687023196400000,6.615237417000060,51.828245173000028,0,
05,5,15,000,2019,06,14,2,2,1,5,0,1,1,0,0,0,0,405969.451899383220000,5758595.031693592700000,7.631182671000033,51.970078038000054,0,
05,5,15,000,2019,06,16,2,2,5,3,0,0,1,0,0,0,0,398352.581620749090000,5759454.884715776900000,7.520086541000069,51.976465636000057,0,
05,5,15,000,2019,06,17,2,3,0,7,0,1,1,0,0,0,0,409366.074886031450000,5753041.761425329400000,7.682077469000035,51.920725851000043,0,
05,5,62,036,2019,06,16,2,2,6,4,0,0,1,1,0,0,0,389804.389325527470000,5720348.690194161600000,7.408110518000058,51.623358941000049,0,
05,5,62,004,2019,06,16,2,3,5,3,0,1,1,0,0,0,0,383782.888423614200000,5709873.024638934100000,7.324628892000021,51.527994901000056,0,
05,5,62,024,2019,06,11,2,2,4,2,0,0,1,1,0,0,0,369225.323725545780000,5725063.780555427100000,7.109222954000074,51.661326028000076,0,
05,5,62,032,2019,06,13,2,3,6,7,0,0,1,1,0,0,0,375329.184832596220000,5716404.065128007900000,7.200508285000069,51.584887606000052,0,
05,5,13,000,2019,06,09,2,3,5,2,0,1,1,0,0,0,0,369697.499999049120000,5710540.935030497600000,7.121439685000041,51.530922834000080,0,
05,5,13,000,2019,06,12,2,3,4,5,0,1,1,0,0,0,0,369599.557756061670000,5709436.819279473300000,7.120437198000047,51.520977706000053,0,
05,5,66,040,2019,06,14,1,3,0,7,0,1,0,0,0,0,1,419285.323652744290000,5779722.482765320700000,7.819980465000072,52.162085092000041,0,
05,5,58,016,2019,06,16,1,3,6,7,0,0,0,1,0,0,1,381437.349426591770000,5743354.857147833300000,7.279462950000038,51.828422669000076,0,
05,5,15,000,2019,06,02,1,3,0,1,2,1,0,0,0,0,0,405353.473301611840000,5757920.590852061300000,7.622404478000021,51.963911337000070,0,
05,5,15,000,2019,06,09,1,3,5,6,0,1,0,0,0,0,0,406514.101006175390000,5758201.578719016200000,7.639215923000052,51.966633374000025,0,
05,5,12,000,2019,06,18,1,3,0,3,0,0,1,0,1,0,0,359593.429121081720000,5720712.657999815400000,6.971798907000050,51.619903711000063,0,
05,5,66,008,2019,06,12,6,3,5,2,0,1,0,0,0,1,0,399716.910847014750000,5781445.353519795500000,7.533479761000024,52.174361835000070,0,
05,5,66,012,2019,06,09,6,3,5,3,0,1,1,0,0,0,0,404501.693015437570000,5772119.807126319000000,7.606047386000057,52.091391925000039,0,
05,5,54,020,2019,06,16,6,2,0,1,0,1,0,0,0,0,0,367148.033297423270000,5784727.497819893100000,7.056173170000022,52.196974030000035,0,
05,5,54,020,2019,06,11,6,3,5,5,0,1,1,0,0,0,0,366548.616496296600000,5786656.842941366100000,7.046647975000042,52.214165241000046,0,
05,5,54,012,2019,06,11,6,3,0,1,0,1,0,0,0,0,0,351933.296428333040000,5747535.814941851400000,6.849814062000064,51.858948389000034,0,
05,5,54,008,2019,06,15,6,3,2,7,0,0,1,0,0,0,1,335258.081000001170000,5746957.142000002800000,6.608153017000063,51.849077138000041,0,
05,5,54,008,2019,06,15,6,3,5,2,0,1,0,0,1,0,0,336850.378297601830000,5745659.971229741300000,6.631861635000064,51.837891579000029,0,
05,5,54,008,2019,06,10,6,3,5,3,0,1,1,0,0,0,0,336125.753990076480000,5745760.586319819100000,6.621305723000035,51.838583309000057,0,
05,5,54,020,2019,06,07,6,3,2,1,0,1,1,0,0,0,0,365222.144000000320000,5785588.589999999900000,7.027669817000060,52.204243806000079,0,
05,5,15,000,2019,06,18,6,3,0,7,0,0,1,1,0,0,0,405719.522411543880000,5757661.842059327300000,7.627801759000022,51.961647790000029,0,
05,5,62,004,2019,06,19,6,3,1,5,0,1,1,0,0,0,0,383863.508021450600000,5717533.497920000900000,7.323259605000033,51.596862164000072,0,
05,5,62,012,2019,06,12,6,3,0,2,0,1,1,0,0,0,0,363041.813931027430000,5731250.415973782500000,7.017448379000030,51.715446659000065,0,
05,5,62,024,2019,06,17,6,3,5,3,0,1,1,0,0,0,0,370855.684752538800000,5725207.043546879700000,7.132728663000023,51.662990502000071,0,
05,5,62,024,2019,06,11,6,3,5,3,0,1,0,0,0,0,1,370245.940438916910000,5725214.568151639800000,7.123914780000064,51.662917669000080,0,
05,5,70,040,2019,06,20,5,3,1,1,0,1,1,0,0,0,0,419261.663000000640000,5744983.172000000300000,7.827822255000058,51.849808126000028,0,
05,5,54,044,2019,06,21,5,3,4,6,0,0,1,0,0,0,0,368280.274057526140000,5744625.535227643300000,7.088157707000050,51.836894174000065,1,
05,5,62,032,2019,06,13,5,3,5,7,0,0,1,0,1,0,0,374777.991324212400000,5713841.397453786800000,7.193470115000025,51.561734344000058,0,
05,5,70,040,2019,06,07,4,3,0,2,0,1,1,0,0,0,0,419518.198111317120000,5744060.800158107700000,7.831760542000041,51.841553673000078,0,
05,5,70,052,2019,06,07,4,3,5,3,0,1,1,0,0,0,0,428800.162992401980000,5752785.643056923500000,7.964668002000053,51.921247956000059,0,
05,5,66,028,2019,06,14,4,3,2,6,0,1,1,0,0,0,0,417152.657399892810000,5791178.312808208200000,7.786004927000022,52.264741186000037,0,
05,5,66,076,2019,06,13,4,3,5,3,0,1,1,0,0,0,0,393749.809485083450000,5794755.493527377000000,7.442068711000047,52.292867082000043,0,
05,5,66,008,2019,06,17,4,3,5,3,0,1,1,0,0,0,0,398992.971850002180000,5781046.049884066000000,7.523015695000026,52.170640962000050,0,
05,5,58,044,2019,06,17,4,3,5,7,0,1,1,0,0,0,0,396383.237120316360000,5747052.614292729600000,7.495157480000046,51.864630688000034,0,
05,5,15,000,2019,06,11,4,2,0,1,0,1,0,0,0,0,0,412691.130968645220000,5752461.248842246800000,7.730561779000027,51.916039030000036,0,
05,5,15,000,2019,06,14,4,3,2,6,0,0,1,0,0,0,0,405234.509579976090000,5756494.853011211400000,7.621066767000059,51.951075945000071,0,
05,5,15,000,2019,06,12,4,3,0,7,0,0,0,1,0,1,0,407040.612221988850000,5758604.005412891500000,7.646768561000044,51.970338884000057,0,
05,5,15,000,2019,06,14,4,3,0,7,0,1,0,0,0,0,0,407071.836873149500000,5758349.540906338000000,7.647291847000076,51.968056852000075,0,
05,5,15,000,2019,06,10,4,3,5,3,0,1,1,0,0,0,0,403576.168265624900000,5758496.016831209900000,7.596382239000036,51.968778022000038,0,
05,5,15,000,2019,06,09,4,3,0,1,0,1,0,0,0,0,0,409464.623000000600000,5761513.541999999400000,7.681277286000068,51.996891688000062,0,
05,5,62,036,2019,06,17,4,3,8,7,0,0,1,0,0,0,1,388781.501993509940000,5719736.373743653300000,7.393534470000077,51.617654209000079,0,
05,5,62,036,2019,06,13,4,3,0,1,0,1,0,0,0,0,0,390543.110305124890000,5720656.105110153600000,7.418681642000024,51.626266191000070,0,
05,5,62,004,2019,06,17,4,2,1,5,0,1,1,0,0,0,0,382836.934823811050000,5711337.008911510900000,7.310511322000025,51.540957361000039,0,
05,5,12,000,2019,06,13,4,3,0,2,0,0,1,0,1,0,0,358290.924468742680000,5710974.240582680300000,6.956925627000032,51.532069051000065,0,
05,5,62,032,2019,06,18,4,2,5,7,0,0,1,0,1,0,0,379637.968553858810000,5719007.211624084000000,7.261776553000061,51.609220012000037,0,
05,5,58,016,2019,06,14,3,3,1,5,0,1,1,0,0,0,0,381565.196004262190000,5744736.392210425800000,7.280844442000046,51.840865867000048,0,
05,5,54,020,2019,06,08,3,3,5,7,0,0,1,0,0,0,0,367259.540278187020000,5786218.679216602800000,7.057219216000021,52.210399860000052,0,
05,5,54,008,2019,06,16,3,2,0,1,0,1,0,0,0,0,0,335498.801925608890000,5745709.482397444500000,6.612238097000045,51.837939914000060,0,
05,5,15,000,2019,06,21,3,3,6,6,1,1,0,1,0,0,0,404474.909169807100000,5761679.455885371200000,7.608574300000043,51.997547013000030,0,
05,5,70,028,2019,06,10,2,2,0,5,0,1,1,0,0,0,0,440929.267807803120000,5741748.334538005300000,8.142904890000068,51.823439985000050,0,
05,5,70,004,2019,06,16,2,3,5,4,0,0,1,1,0,0,0,424592.970073008910000,5734351.888699108700000,7.907520328000032,51.754982596000048,0,
05,5,70,004,2019,06,19,2,3,5,3,0,0,1,0,0,0,1,423987.644000001250000,5735797.177999999400000,7.898436072000038,51.767893433000040,0,
05,5,70,044,2019,06,03,2,2,7,7,1,0,0,0,1,0,0,417443.855037702250000,5758837.465397618700000,7.798116553000057,51.974080132000040,0,
05,5,15,000,2019,06,13,3,3,4,2,0,1,1,0,0,0,0,406001.112298502590000,5756604.942439759200000,7.632188047000057,51.952195570000072,0,
05,5,66,076,2019,06,14,2,2,5,2,0,0,1,0,0,0,0,394836.205056184900000,5796928.277093440300000,7.457313440000064,52.312603412000044,0,
05,5,66,076,2019,06,06,2,3,5,3,0,1,1,0,0,0,0,394224.531999998730000,5794119.275000000400000,7.449226449000037,52.287240846000032,0,
05,5,58,012,2019,06,08,2,3,6,7,0,1,0,1,0,0,0,374000.901497208510000,5756355.479029189800000,7.166857659000073,51.943625611000073,0,
05,5,54,008,2019,06,19,2,3,5,3,0,1,1,0,0,0,0,336119.136681828650000,5745360.361477734500000,6.621399316000066,51.834985966000033,0,
05,5,54,056,2019,06,18,2,3,0,7,0,1,1,0,0,0,0,356999.402169452050000,5762277.202132483900000,6.917205136000064,51.992723026000078,0,
05,5,15,000,2019,06,16,2,3,0,1,0,1,0,0,0,0,0,405730.632353342140000,5757227.497361743800000,7.628082608000057,51.957745592000038,0,
05,5,15,000,2019,06,10,2,3,5,7,0,1,1,0,0,0,0,405773.921010190620000,5758002.531125694500000,7.628499780000027,51.964719274000061,0,
05,5,15,000,2019,06,12,2,3,3,7,0,0,1,0,0,0,0,401860.901672364210000,5757349.340096995200000,7.571749520000026,51.958171239000080,0,
05,5,62,036,2019,06,16,2,3,1,6,0,1,1,0,0,0,0,388640.538558229800000,5719072.426324361900000,7.391710202000070,51.611658774000034,0,
05,5,62,004,2019,06,12,2,2,8,1,0,0,0,0,1,0,0,383817.542999294590000,5715999.226276658500000,7.323104200000046,51.583063060000029,0,
05,5,62,024,2019,06,18,2,2,5,7,0,0,1,0,1,0,0,369758.064166941680000,5725721.254199851300000,7.116675934000057,51.667358202000059,0,
05,5,62,020,2019,06,18,2,2,6,4,0,0,1,1,0,0,0,370890.399489751090000,5717481.505079597200000,7.136078623000060,51.593570914000054,0,
05,5,62,032,2019,06,15,2,3,1,3,0,1,1,0,0,0,0,375280.302613400850000,5718522.508396640400000,7.199050078000028,51.603915532000030,0,
05,5,13,000,2019,06,17,2,3,1,3,0,1,1,0,0,0,0,367159.443997113030000,5710767.289841588600000,7.084785139000076,51.532365579000043,0,
05,5,13,000,2019,06,14,2,2,5,3,0,1,1,0,0,0,0,366141.372143049720000,5708654.987046888100000,7.070918627000026,51.513142727000059,0,
05,5,15,000,2019,06,11,3,3,0,5,0,1,1,0,0,0,0,403282.697792975230000,5756851.078149288900000,7.592574850000062,51.953941829000030,0,
05,5,62,014,2019,06,10,3,3,0,7,0,1,1,0,0,0,0,361352.724863880310000,5712559.858107313500000,7.000414982000052,51.547077885000078,1,
05,5,58,016,2019,06,17,1,3,0,1,0,1,0,0,0,0,0,381689.858603220430000,5744286.339014682900000,7.282807039000034,51.836847592000026,0,
05,5,54,004,2019,06,04,1,3,0,7,1,0,1,1,0,0,0,363566.898673140440000,5771536.318122554600000,7.009102976000065,52.077572791000080,0,
05,5,54,008,2019,06,17,1,3,5,3,0,1,1,0,0,0,0,336663.395546028390000,5745689.608497053400000,6.629136070000072,51.838103174000082,0,
05,5,54,008,2019,06,12,1,2,5,3,0,0,1,0,0,0,1,336241.966361900790000,5745753.328095052400000,6.622994456000072,51.838552192000066,0,
05,5,15,000,2019,06,11,1,3,5,3,0,1,1,0,0,0,0,409050.136507417080000,5764761.783335652200000,7.674379045000023,52.026020881000079,0,
05,5,15,000,2019,06,12,1,3,4,6,0,1,1,0,0,0,0,399926.880666189830000,5756219.219283741000000,7.543941916000051,51.947668869000040,0,
05,5,62,004,2019,06,15,1,3,5,7,0,0,1,0,0,0,0,381315.351065902970000,5713847.478505669200000,7.287733467000066,51.563202624000041,0,
05,5,13,000,2019,06,20,1,3,2,6,0,1,1,0,0,0,0,369254.717000000180000,5708215.715000001700000,7.115922576000060,51.509924123000076,0,
05,5,66,076,2019,06,19,7,3,5,3,0,0,1,0,0,0,0,392384.834383486770000,5791756.076820906300000,7.423019794000027,52.265645310000082,0,
05,5,66,076,2019,06,13,7,3,0,6,0,0,1,0,1,0,0,393590.950331708420000,5793813.921511054000000,7.440037641000060,52.284374262000028,0,
05,5,58,028,2019,06,14,7,2,6,7,0,0,0,1,0,1,0,399430.659456836990000,5729684.780806990300000,7.544434099000057,51.709079806000034,0,
05,5,54,004,2019,06,09,7,3,5,3,0,1,1,0,0,0,0,363320.427169521340000,5771233.835489789000000,7.005629869000075,52.074794083000029,0,
05,5,54,040,2019,06,11,7,3,4,3,0,1,1,0,0,0,0,351093.994000000880000,5739224.335000002800000,6.841209051000021,51.784047805000057,0,
05,5,54,012,2019,06,22,7,3,0,7,2,1,0,0,0,0,0,352947.289607509970000,5746275.362131908500000,6.865064153000049,51.847891412000081,0,
05,5,54,008,2019,06,14,7,3,4,6,0,0,1,0,0,0,0,333849.579661613330000,5745530.613889478100000,6.588408029000050,51.835844920000056,0,
05,5,15,000,2019,06,13,7,3,0,4,0,1,0,1,0,0,0,405087.724999999630000,5757067.760000001600000,7.618773331000057,51.956200442000068,0,
05,5,15,000,2019,06,14,7,3,1,7,0,0,0,1,0,0,1,405604.641983703710000,5757533.979258166600000,7.626165399000058,51.960479011000075,0,
05,5,62,024,2019,06,17,7,2,0,1,0,1,0,0,0,0,0,364014.073180585170000,5725516.622339583900000,7.033747914000060,51.664158594000071,0,
05,5,62,024,2019,06,09,7,3,1,6,0,0,1,0,0,0,0,368827.874897850680000,5725896.067060846800000,7.103167497000072,51.668712782000057,0,
05,5,62,024,2019,06,09,7,3,0,1,0,1,0,0,0,0,0,370579.702376279050000,5726885.995280966200000,7.128118567000058,51.678015187000028,0,
05,5,70,004,2019,06,19,5,2,4,6,0,0,1,0,0,0,0,425136.195261107760000,5729424.454658843600000,7.916448813000045,51.710759031000066,0,
05,5,66,076,2019,06,20,5,2,5,3,0,1,1,0,0,0,0,394737.554549118500000,5792901.792411722200000,7.457125060000067,52.276397516000031,0,
05,5,66,028,2019,06,12,5,3,4,2,0,0,1,0,0,0,0,412319.358000001870000,5792846.058000002100000,7.714765924000062,52.278982030000066,0,