ULAND,UREGBEZ,UKREIS,UGEMEINDE,UJAHR,UMONAT,USTUNDE,UWOCHENTAG,UKATEGORIE,UART,UTYP1,ULICHTVERH,IstRad,IstPKW,IstFuss,IstKrad,IstGkfz,IstSonstige,LINREFX,LINREFY,XGCSWGS84,YGCSWGS84,STRZUSTAND,UIDENTSTLAE
05,5,54,004,2019,06,15,5,3,1,5,0,0,1,0,1,0,0,361418.990509748460000,5770310.964535629400000,6.978278174000025,52.066029297000057,0,
05,5,15,000,2019,06,08,5,3,0,1,0,0,0,0,1,0,0,406557.513313878330000,5755054.766832167300000,7.640703311000038,51.938355564000062,0,
05,5,15,000,2019,06,19,5,3,2,6,0,0,1,0,0,0,0,403924.096752261740000,5759349.776696484500000,7.601206340000033,51.976512136000053,0,
05,5,62,016,2019,06,07,5,3,3,6,0,1,0,0,0,0,1,374527.309510259890000,5733757.537452479800000,7.182710025000063,51.740664698000046,0,
05,5,62,024,2019,06,12,5,3,3,6,0,1,0,0,1,0,0,369134.281125519420000,5725279.546781325700000,7.107826616000068,51.663243834000070,0,
05,5,12,000,2019,06,15,5,3,1,5,0,1,1,0,0,0,0,357212.207365023900000,5712906.946632750300000,6.940600060000065,51.549164295000026,0,
05,5,62,014,2019,06,15,5,3,1,5,0,1,1,0,0,0,0,361671.773349777800000,5715979.286942910400000,7.003667757000073,51.577883760000077,0,
05,5,13,000,2019,06,15,5,3,0,7,0,0,0,0,0,0,1,368255.211000001060000,5708246.033000001700000,7.101516549000053,51.509964425000078,0,
05,5,70,028,2019,06,11,4,3,5,3,0,0,1,0,0,0,0,440631.794494611210000,5741723.186127713000000,8.138593496000055,51.823182365000036,0,
05,5,70,044,2019,06,12,4,3,8,7,0,0,1,0,0,0,0,415481.081323690710000,5759401.223601976400000,7.769409944000074,51.978852660000030,0,
05,5,66,040,2019,06,10,4,3,2,2,0,0,1,0,0,0,0,420837.766147905960000,5781945.769304007300000,7.842152781000038,52.182294721000062,0,
05,5,66,088,2019,06,14,4,2,4,6,0,0,1,0,0,0,1,420001.756002262230000,5786761.484159033700000,7.828790196000057,52.225461449000079,0,
05,5,66,008,2019,06,12,4,3,5,2,0,1,1,0,0,0,0,399905.532235357910000,5781395.621041936800000,7.536251821000064,52.173949101000062,0,
05,5,58,012,2019,06,07,4,3,5,3,0,1,1,0,0,0,0,374462.706634041850000,5755562.986616108600000,7.173861982000062,51.936608288000059,0,
05,5,54,056,2019,06,13,4,2,5,3,0,1,1,0,0,0,0,355434.240467002620000,5761518.716332946000000,6.894744933000027,51.985502925000048,0,
05,5,54,008,2019,06,18,4,3,0,7,0,1,0,0,0,0,0,327773.502201153900000,5748518.555382888800000,6.498817612000039,51.860844112000052,0,
05,5,54,008,2019,06,12,4,3,5,3,0,1,0,0,0,0,0,335749.186637884010000,5745838.927030673300000,6.615807620000055,51.839176459000043,0,
05,5,62,032,2019,06,18,4,2,1,5,0,1,1,0,0,0,0,376281.998417205180000,5717657.753805205200000,7.213811963000069,51.596364765000033,0,
05,5,13,000,2019,06,18,4,3,5,3,0,1,1,0,0,0,0,363193.885616558600000,5710486.003225464400000,7.027757301000065,51.528890896000064,0,
05,5,13,000,2019,06,17,4,3,6,7,0,1,0,1,0,0,0,368024.898300910370000,5708054.853980138900000,7.098271192000027,51.508192599000040,0,
05,5,66,068,2019,06,11,3,3,5,3,0,1,1,0,0,0,0,376358.792469048870000,5785589.186234936100000,7.190550551000058,52.206859855000062,0,
05,5,70,044,2019,06,08,3,3,5,3,0,1,1,0,0,0,0,416161.652999999930000,5760020.745000001000000,7.779165180000064,51.984524612000030,0,
05,5,66,012,2019,06,15,3,3,5,3,0,0,0,0,1,1,0,405688.632067097350000,5772278.383600305800000,7.623323363000054,52.093020798000055,0,
05,5,70,020,2019,06,11,3,3,5,3,0,1,1,0,0,0,0,432724.343000001270000,5743848.272000001700000,8.023463635000041,51.841390510000053,0,
05,5,58,036,2019,06,08,3,2,5,3,0,0,1,0,1,0,0,388204.348067387940000,5730280.843135068200000,7.381827947000033,51.712312421000036,0,
05,5,70,028,2019,06,12,1,3,0,1,0,0,0,0,1,0,0,444906.793855729510000,5739582.994974207100000,8.200955468000075,51.804379168000082,0,
05,5,70,008,2019,06,20,1,3,0,3,0,1,1,0,0,0,0,432833.966407294390000,5739094.022101234600000,8.025976758000070,51.798663318000081,0,
05,5,70,008,2019,06,14,1,3,2,6,0,0,1,0,0,0,0,433280.958000000570000,5736942.787000000500000,8.032871640000053,51.779377225000076,0,
05,5,66,012,2019,06,19,1,3,5,3,0,0,1,0,0,0,0,405274.285000001080000,5772099.799000000600000,7.617326610000021,52.091344872000036,0,
05,5,58,032,2019,06,13,1,3,0,1,0,1,0,0,0,0,0,386451.137000001040000,5753789.866999998700000,7.348755316000052,51.923248078000029,0,
05,5,54,012,2019,06,14,1,3,0,1,0,1,0,0,0,0,0,352491.037532069720000,5753136.588988727000000,6.855512953000073,51.909418148000043,0,
05,5,15,000,2019,06,12,1,3,4,6,0,1,1,0,0,0,0,404381.690559227020000,5757046.088859792800000,7.608507941000028,51.955884700000070,0,
05,5,15,000,2019,06,20,1,3,0,7,0,0,1,0,1,0,0,406745.188926188280000,5757092.784562876400000,7.642879680000021,51.956705803000034,0,
05,5,62,024,2019,06,18,1,3,5,3,0,1,1,0,0,0,0,367938.824425283820000,5723957.931116392800000,7.091051160000063,51.651087491000055,0,
05,5,13,000,2019,06,17,1,3,5,2,0,0,1,0,0,0,0,366391.551518298690000,5714036.412509730100000,7.072479420000036,51.561562571000081,0,
05,5,13,000,2019,06,00,1,2,5,7,2,0,1,0,1,0,0,363042.340050016530000,5710439.464797711000000,7.025592061000054,51.528435950000073,0,
05,5,13,000,2019,06,19,1,3,0,1,0,1,0,0,0,0,0,365119.713444710710000,5712634.950585505000000,7.054679917000044,51.548665678000077,0,
05,5,66,008,2019,06,21,7,2,1,5,0,0,1,0,0,0,0,399841.440347290600000,5781003.131031658500000,7.535430762000033,52.170409867000046,0,
05,5,54,020,2019,06,14,7,3,5,7,0,1,1,0,0,0,0,363487.015202374200000,5785738.880766073200000,7.002234092000037,52.205167209000081,0,
05,5,54,056,2019,06,18,7,3,0,1,0,0,0,0,1,0,0,357430.654110788370000,5762312.642011165600000,6.923467091000020,51.993152322000071,0,
05,5,54,008,2019,06,23,7,3,4,6,2,1,0,0,0,0,0,336839.239345518870000,5746177.698916878600000,6.631455919000075,51.842539340000030,0,
05,5,54,060,2019,06,17,7,2,0,3,0,1,0,0,0,0,0,353760.571000002320000,5757160.534000003700000,6.872245883000062,51.945907488000046,0,
05,5,15,000,2019,06,22,7,3,5,3,2,1,1,0,0,0,0,405854.274819950570000,5754435.639259534000000,7.630645980000054,51.932672004000040,0,
05,5,15,000,2019,06,11,7,3,5,2,0,1,1,0,0,0,0,405578.312846502290000,5754355.198987221300000,7.626655420000077,51.931902219000051,0,
05,5,62,016,2019,06,13,7,3,0,7,0,1,0,0,0,0,1,374488.217399508690000,5733163.882065819600000,7.182358270000066,51.735320862000037,0,
05,5,62,024,2019,06,10,7,3,5,3,0,1,1,0,0,0,0,370263.867863483730000,5727843.271523628400000,7.123197348000076,51.686545001000070,0,
05,5,62,020,2019,06,07,7,3,5,3,0,0,1,0,0,0,1,372378.218563998120000,5715671.744052916800000,7.158203782000044,51.577645705000066,0,
05,5,62,020,2019,06,16,7,3,0,7,0,0,0,0,1,1,0,367364.283166614360000,5718586.165045952400000,7.084785551000039,51.602678869000044,0,
05,5,70,040,2019,06,08,6,3,5,3,0,1,1,0,0,0,0,419252.633400559430000,5744263.046476738500000,7.827859366000041,51.843333388000076,0,
05,5,70,052,2019,06,14,6,3,5,2,0,1,1,0,0,0,0,430270.005646038800000,5756316.794952007000000,7.985321736000060,51.953177784000047,0,
05,5,66,008,2019,06,18,6,3,2,6,0,0,1,0,0,0,0,399928.706226728860000,5781461.923314057300000,7.536571032000040,52.174549213000034,0,
05,5,58,016,2019,06,10,6,3,0,7,0,0,0,0,0,0,1,387827.520736967210000,5747075.470488941300000,7.370946205000053,51.863181584000074,0,
05,5,15,000,2019,06,23,6,3,3,6,2,1,1,0,0,0,0,404470.221563763920000,5756700.657377766400000,7.609891921000042,51.952795046000062,0,
05,5,15,000,2019,06,07,6,3,6,4,0,1,0,1,0,0,0,406625.005606205200000,5758806.137618826700000,7.640665332000026,51.972086077000029,0,
05,5,15,000,2019,06,13,6,3,5,2,0,1,0,0,0,0,1,407929.758999999610000,5758276.656000001400000,7.659796020000044,51.967544491000069,0,
05,5,15,000,2019,06,11,6,3,5,2,0,1,1,0,0,0,0,404918.455772668120000,5758375.804297775000000,7.615948670000023,51.967928740000048,0,
05,5,15,000,2019,06,16,6,3,0,1,0,1,0,0,0,0,0,406202.341600667690000,5756168.818685375200000,7.635234333000028,51.948309454000082,0,
05,5,15,000,2019,06,16,6,3,0,5,0,1,1,0,0,0,0,405793.651568402540000,5757842.185594040900000,7.628830864000065,51.963281362000032,0,
05,5,62,036,2019,06,21,6,2,5,2,0,0,1,0,1,0,0,388607.786304445940000,5718968.128918249200000,7.391270528000064,51.610714869000049,0,
05,5,62,024,2019,06,10,6,2,0,7,0,1,0,0,0,0,0,367137.564848376440000,5726497.667456658600000,7.078510436000045,51.673721844000056,0,
05,5,62,024,2019,06,00,6,3,1,5,2,0,1,0,0,0,0,369273.403280209750000,5726445.773475702900000,7.109400618000052,51.673756592000075,0,
05,5,13,000,2019,06,16,6,2,5,3,0,1,1,0,0,0,0,363979.332317646590000,5716980.072900177900000,7.036561177000067,51.587438697000039,0,
05,5,13,000,2019,06,16,6,3,0,2,0,0,1,1,0,0,0,368433.229740085080000,5707447.552041556700000,7.104378232000045,51.502830122000034,0,
05,5,13,000,2019,06,15,6,2,6,2,0,0,1,1,0,0,0,368062.432000000030000,5708573.729000002100000,7.098617555000033,51.512864368000066,0,
05,5,66,048,2019,07,17,4,3,8,1,0,0,0,0,1,0,0,430590.081205697730000,5795731.425981050400000,7.981934148000050,52.307529706000082,0,
05,5,66,056,2019,07,18,4,3,0,7,0,0,1,0,0,0,1,416963.831000002100000,5798328.089000003400000,7.781475940000064,52.328978267000082,0,
05,5,66,076,2019,07,02,4,3,0,7,2,0,0,1,0,0,1,393254.436999999920000,5792955.616000000400000,7.435378087000061,52.276595266000072,0,
05,5,66,068,2019,07,18,4,3,7,1,0,1,0,0,0,0,0,375481.042860690500000,5784648.819880930700000,7.178057703000036,52.198212024000043,0,
05,5,66,012,2019,07,14,4,3,6,4,0,0,1,1,0,0,0,404678.541608682830000,5772166.981086744000000,7.608614762000059,52.091846422000060,0,
05,5,54,068,2019,07,14,4,2,8,1,0,1,0,0,0,0,0,351514.277265866290000,5767460.296582773300000,6.835127592000049,52.037851354000054,0,
05,5,54,056,2019,07,13,4,3,5,3,0,1,0,0,0,0,1,356579.372833075930000,5761222.215950287900000,6.911532989000023,51.983135675000028,0,
05,5,54,004,2019,07,10,4,3,5,3,0,1,1,0,0,0,0,363528.919999999930000,5771368.886000001800000,7.008616104000055,52.076058987000067,0,
05,5,15,000,2019,07,07,4,3,0,3,0,1,1,0,0,0,0,404529.107940476390000,5757587.237072832900000,7.610502169000029,51.960774072000049,0,
05,5,15,000,2019,07,16,4,3,5,3,0,1,1,0,0,0,0,406285.688313233670000,5759690.601352101200000,7.635485599000049,51.979978917000039,0,
05,5,15,000,2019,07,13,4,3,4,6,0,1,0,0,0,0,0,406128.618999999950000,5758081.206000000200000,7.633639462000076,51.965486447000046,0,
05,5,62,028,2019,07,20,4,3,5,2,0,1,0,0,0,0,0,379715.023282302540000,5721607.003736255700000,7.261996164000038,51.632601858000044,0,
05,5,62,008,2019,07,16,4,3,1,5,0,0,1,0,0,0,0,385545.841263140550000,5724221.635959457600000,7.345351751000067,51.657318055000076,0,
05,5,62,014,2019,07,15,4,3,5,2,0,1,1,0,0,0,0,361741.667172558610000,5716789.178044805300000,7.004356908000034,51.585178706000079,0,
05,5,13,000,2019,07,18,4,2,4,6,0,0,1,0,0,0,0,368910.433518612760000,5715711.057135952600000,7.108172137000054,51.577203210000050,0,
05,5,13,000,2019,07,15,4,3,0,3,0,0,1,0,0,0,0,364391.857499083500000,5717748.413926858500000,7.042215280000050,51.594442695000055,0,
05,5,13,000,2019,07,15,4,3,4,5,0,1,1,0,0,0,0,370215.242243643850000,5706864.435197571300000,7.130253289000052,51.498001709000050,0,
05,5,66,076,2019,07,15,3,3,5,3,0,1,1,0,0,0,0,393345.883735337290000,5796550.751182651100000,7.435579786000062,52.308923062000076,0,
05,5,66,068,2019,07,18,3,3,5,3,0,1,1,0,0,0,0,376317.448742507960000,5785912.321831516900000,7.189827784000045,52.209754323000027,0,
05,5,66,068,2019,07,07,3,2,5,3,0,1,1,0,0,0,0,375850.641869008540000,5785480.703591385900000,7.183157746000063,52.205770788000052,0,
05,5,54,008,2019,07,14,3,3,5,2,0,0,1,0,0,1,0,331160.649918653070000,5742912.109391897900000,6.550694452000073,51.811516577000077,0,
05,5,15,000,2019,07,08,3,3,0,7,0,1,1,0,0,0,0,404494.629355890680000,5756113.409515222500000,7.610410164000030,51.947520827000062,0,
05,5,15,000,2019,07,16,3,3,5,3,0,1,1,0,0,0,0,401790.049000000580000,5759253.558000002100000,7.570174073000032,51.975274237000065,0,
05,5,62,036,2019,07,07,3,2,0,1,0,1,0,0,0,0,0,390101.773769651540000,5720262.036098899300000,7.412431952000077,51.622638242000050,0,
05,5,62,004,2019,07,19,3,3,5,3,0,0,1,0,0,0,0,384945.630422552120000,5716567.677221272100000,7.339192508000053,51.588403630000073,0,
05,5,12,000,2019,07,11,3,3,6,4,0,0,1,1,0,0,0,355367.922518487090000,5712355.693086357800000,6.914245748000042,51.543741196000042,0,
05,5,62,014,2019,07,13,3,3,2,6,0,1,0,0,0,0,0,360473.358638661910000,5716312.631410120100000,6.986251427000070,51.580583848000060,0,
05,5,13,000,2019,07,15,3,3,2,6,0,0,1,0,0,0,0,368541.436482006680000,5712687.252293305500000,7.103980949000061,51.549943252000048,0,
05,5,70,004,2019,07,15,2,2,0,2,0,1,0,0,0,0,0,423232.175691493790000,5734204.735132517300000,7.887841921000074,51.753474873000073,0,
05,5,70,052,2019,07,13,2,3,5,2,0,1,0,0,1,0,0,430576.231728988700000,5757176.389074992400000,7.989603336000073,51.960943525000062,0,
05,5,66,060,2019,07,17,2,3,6,7,0,1,0,1,0,0,0,390515.326868237930000,5786221.631876643700000,7.397428863000073,52.215537900000072,0,
05,5,66,084,2019,07,19,2,3,4,6,0,1,1,0,0,0,0,389420.756528791040000,5775838.334931973400000,7.384797526000057,52.122003405000044,0,
05,5,66,064,2019,07,15,2,3,5,3,0,1,1,0,0,0,0,395674.678961683060000,5771409.555212216500000,7.477467278000063,52.083414851000043,0,
05,5,58,012,2019,07,12,2,3,0,3,0,0,1,0,0,0,1,371305.675586208700000,5757656.514363041100000,7.127180500000065,51.954700112000069,0,
05,5,58,008,2019,07,10,2,3,5,3,0,1,1,0,0,0,0,382797.575457170610000,5759916.608279343700000,7.293560489000072,51.977552294000077,0,
05,5,54,068,2019,07,10,2,3,1,6,0,1,1,0,0,0,0,350628.607483989560000,5767372.374780820700000,6.822263282000051,52.036823565000077,0,
05,5,54,008,2019,07,19,2,3,0,1,0,0,0,0,1,0,0,335163.400982013900000,5747325.607160314900000,6.606604001000051,51.852359239000066,0,
05,5,54,008,2019,07,07,2,3,5,2,0,0,1,0,0,0,0,335000.273148351350000,5744048.971333408700000,6.605800215000045,51.822875891000081,0,
05,5,15,000,2019,07,16,2,3,4,2,0,1,1,0,0,0,0,404578.761855727060000,5757176.526007223900000,7.611338696000075,51.957090970000081,0,
05,5,15,000,2019,07,11,2,2,5,3,0,1,0,0,0,0,1,405938.438360046600000,5757038.911585638300000,7.631157541000050,51.956085689000076,0,
05,5,15,000,2019,07,18,2,3,6,1,0,1,1,1,0,0,0,405833.750000000930000,5756293.170000001800000,7.629838873000040,51.949364904000049,0,
05,5,62,016,2019,07,08,2,3,5,3,0,1,1,0,0,0,0,373964.465990385970000,5733212.112029027200000,7.174760060000040,51.735636772000078,0,
05,5,70,044,2019,07,08,4,3,5,3,0,1,1,0,0,0,0,417476.653676591810000,5760249.463319711400000,7.798254298000074,51.986777467000081,0,
05,5,13,000,2019,07,15,7,3,6,7,0,1,0,1,0,0,0,363897.933945392260000,5716704.304815974100000,7.035493863000056,51.584940906000043,0,
05,5,13,000,2019,07,12,7,2,5,3,0,0,1,0,1,0,0,365269.180685441940000,5709493.603113917600000,7.058036350000066,51.520471661000045,0,
05,5,54,004,2019,07,11,7,3,3,6,0,1,1,0,0,0,0,361113.702953292990000,5773196.809533793500000,6.972652575000041,52.091882756000075,0,
05,5,66,076,2019,07,14,6,3,5,3,0,1,1,0,0,0,0,391646.904864439740000,5792587.506037309800000,7.411943711000049,52.272972551000066,0,
05,5,66,084,2019,07,15,6,3,5,3,0,1,1,0,0,0,0,390079.817999999970000,5776673.259999999800000,7.394150395000054,52.129638510000063,0,
05,5,66,084,2019,07,14,6,3,3,6,0,1,1,0,0,0,0,390048.601331036540000,5775712.534172412000000,7.394005030000074,52.120998035000071,0,
05,5,58,024,2019,07,13,6,3,5,2,0,1,1,0,0,0,0,392933.140279847200000,5737180.524804696400000,7.448122851000051,51.775249641000073,0,
05,5,54,028,2019,07,09,6,3,5,3,0,0,1,0,0,0,1,358932.805827776900000,5743011.373822137700000,6.953232302000060,51.820107479000058,0,
05,5,54,012,2019,07,12,6,3,0,1,0,1,0,0,0,0,0,352086.556034822950000,5744788.362002294500000,6.853213168000025,51.834303512000076,0,
05,5,54,008,2019,07,08,6,3,0,7,0,1,0,0,0,0,0,333536.922202221120000,5745124.996797967700000,6.584069414000055,51.832108084000026,1,
05,5,15,000,2019,07,22,6,3,1,5,1,0,1,0,0,0,1,402290.904779958540000,5758672.406616719400000,7.577628965000031,51.970139007000057,0,
05,5,15,000,2019,07,21,6,3,0,1,1,1,0,0,0,0,0,405075.237027623690000,5755784.553364377500000,7.618946071000039,51.944664311000054,0,
05,5,15,000,2019,07,14,6,3,2,6,0,0,1,0,0,0,0,406195.631000000050000,5752280.557000000000000,7.636196762000054,51.913358630000062,0,
05,5,15,000,2019,07,12,6,2,3,6,0,1,0,0,0,0,0,406152.247000000440000,5757433.612000001600000,7.634160236000071,51.959669565000070,0,
05,5,62,008,2019,07,12,6,3,5,2,0,0,1,0,0,0,0,385994.802000000140000,5724057.680999999900000,7.351892882000072,51.655935710000051,0,
05,5,62,004,2019,07,20,6,3,0,1,0,0,1,0,0,0,0,384462.150205472480000,5711022.762014849100000,7.334039309000048,51.538467990000072,0,
05,5,62,004,2019,07,17,6,3,6,7,0,1,0,1,0,0,0,383161.835428435360000,5711772.476156294300000,7.315049617000057,51.544938592000051,0,
05,5,70,004,2019,07,19,7,3,1,7,0,0,1,0,0,0,0,423721.646617955530000,5735670.158133639000000,7.894609929000069,51.766715390000059,1,
05,5,66,032,2019,07,18,7,2,5,3,0,1,1,0,0,0,0,413946.771789956840000,5777444.934148907700000,7.742529472000058,52.140806787000031,1,
05,5,70,008,2019,07,06,5,3,0,7,0,0,0,0,1,0,1,432833.990021846260000,5739095.910556934800000,8.025976734000039,51.798680298000079,1,
05,5,70,008,2019,07,07,5,3,5,3,0,1,0,0,0,0,0,433498.227000000890000,5734157.189999999500000,8.036553898000022,51.754360449000046,0,
05,5,70,004,2019,07,16,5,3,5,3,0,1,1,0,0,0,0,427162.198812826540000,5736387.041906992000000,7.944309099000066,51.773618225000064,0,
05,5,70,044,2019,07,13,5,2,5,2,0,1,0,0,0,0,0,416048.059755687600000,5760637.985090939300000,7.777360370000054,51.990055784000049,0,
05,5,58,004,2019,07,09,5,1,1,5,0,1,1,0,0,0,0,407665.309999999590000,5733096.210000002800000,7.662675155000045,51.741160683000032,0,
05,5,54,004,2019,07,18,5,3,5,3,0,1,0,0,0,0,0,363412.206654534680000,5771729.165197009200000,7.006769905000056,52.079267461000029,0,
05,5,54,012,2019,07,16,5,3,1,5,0,0,1,0,0,0,0,353096.028736678880000,5745358.487099180000000,6.867611402000023,51.839692479000064,0,
05,5,54,048,2019,07,08,5,3,1,7,0,1,1,0,0,0,1,341171.932039234790000,5744909.992406195000000,6.694878246000030,51.832399514000031,0,
05,5,15,000,2019,07,23,5,3,0,7,2,1,0,0,0,0,0,406834.713834810070000,5757696.896565256600000,7.644018279000022,51.962150870000073,0,
05,5,15,000,2019,07,19,5,3,3,2,0,1,1,0,0,0,0,406289.247936547730000,5751883.050881063600000,7.637665566000067,51.909801386000026,0,
05,5,15,000,2019,07,17,5,3,5,3,0,1,1,0,0,0,0,406625.136806610040000,5757650.763257589200000,7.640981442000054,51.961701042000072,0,
05,5,15,000,2019,07,13,5,3,1,6,0,0,1,0,0,0,0,403588.577000000510000,5758614.384000001500000,7.596529570000030,51.969844094000052,0,
05,5,62,008,2019,07,16,5,3,5,3,0,1,1,0,0,0,0,385252.287187790500000,5722869.532935330600000,7.341553444000056,51.645105873000034,0,
05,5,62,014,2019,07,15,5,2,0,1,0,0,0,0,1,0,0,360872.586000001060000,5715649.679000003300000,6.992272162000063,51.574725190000038,0,
05,5,62,014,2019,07,15,5,3,5,3,0,1,1,0,0,0,0,362823.696678233330000,5712194.840100785700000,7.021758109000075,51.544157223000070,0,
05,5,62,020,2019,07,07,5,3,0,3,0,1,1,0,0,0,0,370143.417014933190000,5718846.057374980300000,7.124795667000058,51.605662125000038,0,
05,5,62,020,2019,07,16,5,3,0,7,0,1,0,1,0,0,0,372592.811529347670000,5716356.593631332700000,7.161050516000046,51.583848972000055,0,
05,5,62,020,2019,07,13,5,3,5,3,0,0,1,0,0,0,0,367501.037544331510000,5718289.022708714000000,7.086871305000045,51.600040774000036,0,
05,5,13,000,2019,07,18,5,3,4,7,0,1,1,0,0,0,0,366868.316063493490000,5713718.815580338200000,7.079473629000063,51.558821201000057,0,
05,5,66,028,2019,07,17,7,3,5,3,0,0,1,0,0,0,0,412907.211980363350000,5792404.915414931300000,7.723494376000076,52.275110362000078,1,
05,5,66,004,2019,07,15,7,2,8,1,0,0,0,0,1,0,0,396933.376686632630000,5765729.191957190600000,7.497544077000043,52.032596826000031,0,
05,5,15,000,2019,07,10,7,3,0,7,0,0,1,0,0,0,1,402931.220245227220000,5757506.717100316700000,7.587276601000042,51.959773665000057,0,
05,5,66,008,2019,07,21,7,3,9,1,1,0,1,0,0,0,0,400046.197942143310000,5780245.638659777100000,7.538646872000072,52.163638822000053,1,
05,5,15,000,2019,07,17,7,3,0,7,0,1,0,0,0,0,0,405884.238422472960000,5758351.754470406100000,7.630009280000024,51.967876934000060,1,
05,5,15,000,2019,07,09,7,3,5,3,0,1,1,0,0,0,0,403676.375656414780000,5761116.030731502900000,7.597104873000035,51.992344847000027,0,
05,5,62,016,2019,07,11,7,3,0,1,0,0,0,0,1,0,0,375902.306153390560000,5734684.596685266100000,7.202283474000069,51.749302275000048,0,
05,5,54,004,2019,07,15,7,3,1,3,0,1,1,0,0,0,0,364191.084000000730000,5772301.513000000300000,7.017900821000069,52.084601856000063,0,
05,5,62,012,2019,07,10,7,3,3,6,0,0,1,0,1,0,0,359429.358533317220000,5724965.565005768100000,6.967722278000053,51.658078773000057,0,
05,5,62,032,2019,07,09,7,3,5,2,0,1,1,0,0,0,0,374600.865135014060000,5719816.629484728000000,7.188781358000028,51.615394996000077,0,
05,5,66,048,2019,07,21,3,3,0,1,0,0,0,0,1,0,0,426491.082548898640000,5792869.209058234500000,7.922448152000072,52.281268063000027,0,
05,5,58,016,2019,07,22,3,2,0,1,2,1,0,0,0,0,0,381259.995127980600000,5745216.208568794700000,7.276251688000059,51.845113223000055,0,
05,5,54,052,2019,07,15,3,3,0,3,0,0,1,0,1,0,0,379478.653512137010000,5772570.786117909500000,7.240803099000061,52.090561372000082,0,
05,5,54,004,2019,07,18,3,3,5,3,0,1,0,0,0,0,1,362413.699915231210000,5771137.468811856600000,6.992446904000076,52.073703663000060,0,
05,5,54,008,2019,07,16,3,3,5,3,0,1,1,0,0,0,0,336312.567625358700000,5746743.824057096600000,6.623549565000076,51.847470970000074,0,
05,5,15,000,2019,07,09,3,3,5,3,0,1,1,0,0,0,0,404555.250925108790000,5754268.109330156800000,7.611804042000074,51.930944918000080,0,
05,5,12,000,2019,07,12,3,3,1,5,0,0,1,0,0,0,0,355048.439920443110000,5709548.402060065400000,6.910797217000038,51.518433776000052,0,
05,5,62,032,2019,07,16,3,3,0,1,0,1,0,0,0,0,0,374221.737017191020000,5719389.583667213100000,7.183461585000032,51.611472538000044,0,
05,5,13,000,2019,07,09,3,3,1,5,0,1,1,0,0,0,0,368940.633249328470000,5708933.141217540900000,7.111132460000022,51.516298738000046,0,
05,5,13,000,2019,07,16,3,3,2,6,0,0,1,0,0,0,1,368194.309473621660000,5708347.543197255600000,7.100601510000047,51.510862470000063,0,
05,5,13,000,2019,07,10,3,3,6,4,0,0,1,1,0,0,0,367095.797308289450000,5710457.656841574200000,7.083984925000038,51.529568038000036,0,
05,5,70,004,2019,07,18,2,3,0,7,0,0,0,0,0,0,1,423161.959388766440000,5736618.684927433700000,7.886290982000048,51.775165740000034,0,
05,5,54,004,2019,07,15,2,3,1,5,0,1,1,0,0,0,0,357080.079982651400000,5776825.015618538500000,6.912292264000030,52.123454633000051,1,
05,5,62,012,2019,07,16,2,3,5,3,0,1,1,0,0,0,0,359066.524564364930000,5726015.026454811900000,6.962057044000062,51.667418151000049,0,
05,5,62,032,2019,07,12,2,3,5,3,0,0,0,0,1,0,1,376400.098963902330000,5717279.674283985000000,7.215649345000031,51.592992808000076,0,
05,5,13,000,2019,07,15,2,3,5,2,0,1,1,0,0,0,0,367893.298000001350000,5710862.434999998700000,7.095323399000051,51.533392809000077,0,
05,5,13,000,2019,07,12,2,3,5,3,0,1,1,0,0,0,0,369698.950844085780000,5709295.680334687200000,7.121921189000034,51.519732249000072,0,
05,5,13,000,2019,07,12,2,3,0,1,0,0,0,0,0,0,1,369061.174372517500000,5707909.762288274200000,7.113248807000048,51.507129759000065,0,
05,5,13,000,2019,07,09,2,3,1,5,0,0,1,0,0,0,0,367666.932000000960000,5706469.199000004700000,7.093710871000042,51.493859008000072,0,
05,5,54,012,2019,07,18,1,3,5,3,0,0,1,0,1,0,0,351338.966841755430000,5745424.338602932200000,6.842097833000025,51.839819185000067,0,
05,5,54,008,2019,07,11,1,3,5,3,0,1,1,0,0,0,0,335329.087272048930000,5747505.174582704900000,6.608921933000033,51.854021255000077,0,
05,5,15,000,2019,07,20,1,3,6,7,1,1,0,1,0,0,0,406486.292834926400000,5759180.829408895200000,7.638544506000073,51.975430656000071,0,
05,5,15,000,2019,07,14,1,3,0,7,0,1,0,0,0,0,0,406112.864000000060000,5757493.589000003400000,7.633570847000044,51.960202017000029,1,
05,5,15,000,2019,07,15,1,3,6,7,0,0,1,1,0,0,0,406984.145776166580000,5754949.819591175800000,7.646935991000021,51.937483722000081,0,
05,5,62,008,2019,07,19,1,3,1,5,0,1,1,0,0,0,0,385001.959049177360000,5722810.094382973400000,7.337956633000033,51.644520517000046,0,
05,5,62,004,2019,07,17,1,3,6,4,0,0,1,1,0,0,0,383090.938124537470000,5711147.713078182200000,7.314235213000075,51.539308684000048,0,
05,5,62,014,2019,07,14,1,3,5,3,0,1,0,0,0,0,0,360047.751565466630000,5715377.633944036400000,6.980485406000071,51.572076424000045,0,
05,5,62,020,2019,07,01,1,2,8,1,2,0,1,0,0,0,0,371625.901000000540000,5715265.827000001400000,7.147501024000064,51.573826934000067,1,
05,5,13,000,2019,07,20,1,3,2,7,0,0,1,0,1,0,0,364170.975310816430000,5714422.143238605900000,7.040314924000029,51.564498489000073,0,
05,5,66,040,2019,07,12,7,3,5,3,0,1,1,0,0,0,0,421761.655781332400000,5782455.405228011300000,7.855545279000069,52.187007596000058,0,
05,5,54,016,2019,07,17,7,3,0,7,0,1,0,1,0,0,0,363593.244449252260000,5757433.254310060300000,7.015104969000049,51.950855897000054,0,
05,5,54,004,2019,07,07,7,3,0,6,0,1,0,0,1,0,0,357001.868985224520000,5771082.798771580700000,6.913560131000054,52.071841534000043,0,
05,5,54,032,2019,07,10,7,3,0,7,0,0,1,1,0,0,0,325047.193620705980000,5746058.683771677300000,6.460510742000054,51.837900686000069,0,
05,5,54,036,2019,07,10,7,3,5,3,0,0,1,0,0,0,0,372867.382720026190000,5768534.238465294200000,7.145858225000040,52.052809263000029,0,
05,5,15,000,2019,07,11,7,2,5,3,0,1,0,0,0,0,0,406626.062375670300000,5757617.368203533800000,7.641003987000033,51.961401027000079,0,
05,5,62,024,2019,07,18,1,3,2,2,0,0,1,0,0,0,0,368821.027012109760000,5723683.114848585800000,7.103898954000044,51.648824371000046,0,