ULAND,UREGBEZ,UKREIS,UGEMEINDE,UJAHR,UMONAT,USTUNDE,UWOCHENTAG,UKATEGORIE,UART,UTYP1,ULICHTVERH,IstRad,IstPKW,IstFuss,IstKrad,IstGkfz,IstSonstige,LINREFX,LINREFY,XGCSWGS84,YGCSWGS84,STRZUSTAND,UIDENTSTLAE
05,5,70,008,2019,07,05,6,3,0,1,0,1,0,0,0,0,0,436084.983397478240000,5734367.711412640300000,8.073985499000060,51.756554237000046,0,
05,5,70,004,2019,07,17,6,3,0,1,0,1,0,0,0,0,1,423743.377664525990000,5733761.072864752300000,7.895343676000039,51.749556329000029,1,
05,5,70,052,2019,07,12,6,3,0,7,0,1,0,0,0,0,0,431513.265357134860000,5755354.457352155800000,8.003601842000023,51.944681179000042,0,
05,5,70,052,2019,07,10,6,2,9,6,0,0,0,0,0,1,0,428205.572803894060000,5755738.400745011900000,7.955407221000030,51.947715607000077,1,
05,5,70,052,2019,07,11,6,3,0,2,0,1,1,0,0,0,0,430033.970932831060000,5756397.576077891500000,7.981871206000051,51.953874330000076,1,
05,5,66,076,2019,07,16,6,3,0,1,0,0,0,0,1,0,0,393236.080645013600000,5793009.406663090000000,7.435092107000060,52.277075128000035,1,
05,5,66,052,2019,07,13,6,3,2,6,0,0,1,0,0,0,1,378314.899380736980000,5779362.872693501400000,7.221396420000076,52.151343425000050,0,
05,5,66,084,2019,07,09,6,2,5,3,0,1,1,0,0,0,0,390608.170089742170000,5776222.182459816300000,7.402011015000028,52.125689391000037,0,
05,5,66,084,2019,07,07,6,3,1,5,0,1,1,0,0,0,0,389205.442053172740000,5776071.513617575200000,7.381577913000058,52.124055912000074,1,
05,5,54,008,2019,07,15,6,3,6,4,0,1,0,1,0,0,0,335686.908851220270000,5745853.327063627500000,6.614897629000041,51.839287502000047,1,
05,5,15,000,2019,07,16,6,3,0,3,0,1,1,0,0,0,0,405600.586317708720000,5757439.477444315300000,7.626132362000021,51.959628899000052,1,
05,5,15,000,2019,07,10,6,3,5,3,0,1,1,0,0,0,0,404887.599999998700000,5755715.978000002000000,7.616235983000024,51.944015878000073,1,
05,5,15,000,2019,07,06,6,3,5,3,1,1,1,0,0,0,0,403803.285663848740000,5761689.326029973100000,7.598791763000065,51.997519780000061,0,
05,5,62,032,2019,07,15,6,2,4,2,0,0,1,0,0,0,0,376544.638684374280000,5719743.779000327000000,7.216867410000020,51.615169930000036,0,
05,5,15,000,2019,07,09,1,3,0,1,0,1,0,0,0,0,0,404952.064372570250000,5757006.181484671300000,7.616816763000031,51.955623778000074,1,
05,5,70,020,2019,07,15,5,2,5,3,0,1,0,0,0,1,0,433415.401175616310000,5743531.466187866400000,8.033554092000031,51.838625289000049,0,
05,5,66,028,2019,07,10,5,3,0,7,0,0,1,0,0,0,1,414589.085000000890000,5793066.531999997800000,7.747971289000077,52.281321093000031,0,
05,5,66,084,2019,07,10,5,3,5,3,0,0,1,0,0,0,0,385366.474824569190000,5778369.424263976500000,7.324751376000052,52.143924245000051,1,
05,5,66,012,2019,07,17,5,3,5,3,0,1,1,0,0,0,0,401013.719871688630000,5775958.985282912900000,7.554036053000061,52.125285299000041,0,
05,5,54,016,2019,07,12,5,3,4,2,0,1,1,0,0,0,0,363326.220408886670000,5757225.041103657300000,7.011304741000060,51.948919427000078,0,
05,5,54,008,2019,07,07,5,3,5,3,0,1,1,0,0,0,0,336364.815000000410000,5747915.412000000500000,6.623752824000064,51.858011184000077,1,
05,5,54,012,2019,07,17,5,3,0,3,0,0,0,0,1,0,0,354792.375301396470000,5742185.216867085500000,6.893547591000072,51.811623855000050,1,
05,5,15,000,2019,07,08,5,3,0,3,0,1,1,0,0,0,0,405301.023007165640000,5756031.923617135700000,7.622161846000040,51.946926264000069,1,
05,5,62,036,2019,07,08,5,3,5,2,0,1,1,0,0,0,0,388714.995122491380000,5719065.648202100800000,7.392787224000074,51.611612576000027,1,
05,5,62,004,2019,07,17,5,2,5,2,0,0,1,0,1,0,0,383045.766340574250000,5717798.927019905300000,7.311370327000077,51.599078558000031,1,
05,5,12,000,2019,07,10,5,3,0,3,0,1,0,0,0,0,1,354161.254411425440000,5711111.266688631800000,6.897372359000030,51.532248752000044,0,
05,5,66,008,2019,07,17,4,3,6,1,0,1,0,1,0,0,0,399491.055914803410000,5781520.378439918200000,7.530155850000028,52.174995044000070,0,
05,5,15,000,2019,07,11,4,3,0,4,0,0,0,1,1,0,0,406408.383999999610000,5757312.027000000700000,7.637919985000053,51.958619874000078,0,
05,5,15,000,2019,07,11,4,3,5,3,0,1,1,0,0,0,0,405162.398951934650000,5753171.781269796200000,7.620934027000033,51.921194396000033,0,
05,5,62,004,2019,07,14,4,3,5,3,0,0,1,0,0,0,0,383276.203798032370000,5712748.196775898300000,7.316374429000064,51.553731809000055,0,
05,5,62,014,2019,07,07,4,3,5,3,0,1,1,0,0,0,0,360662.383777154610000,5713692.855412535400000,6.990016564000030,51.557089089000044,0,
05,5,13,000,2019,07,14,4,2,0,1,0,0,0,0,1,0,0,369138.095927423800000,5707813.058407774200000,7.114392440000074,51.506278515000076,0,
05,5,15,000,2019,07,17,5,3,5,3,0,1,1,0,0,0,0,408009.215250537730000,5751384.445432363100000,7.662795555000059,51.905606311000042,0,
05,5,15,000,2019,07,13,5,3,1,7,0,1,1,0,0,0,0,406076.040803713720000,5756638.086418373500000,7.633268965000070,51.952506143000051,0,
05,5,15,000,2019,07,10,5,3,4,2,0,1,1,0,0,0,0,409492.717248189260000,5758365.657533513400000,7.682516922000048,51.968601180000064,0,
05,5,12,000,2019,07,16,5,3,2,6,0,0,1,0,0,0,0,356527.739353132430000,5709115.521239360800000,6.932279716000039,51.514921635000064,0,
05,5,62,014,2019,07,17,5,3,4,1,0,0,1,0,1,0,0,362882.952535834160000,5712157.013454210000000,7.022626838000065,51.543831701000045,0,
05,5,62,020,2019,07,21,5,3,8,1,2,0,1,0,0,0,0,370296.449240797200000,5717491.853332519500000,7.127505013000075,51.593527478000055,0,
05,5,13,000,2019,07,13,5,3,5,3,0,0,1,0,0,0,0,362459.521000000650000,5710653.212000003100000,7.017111959000033,51.530215087000045,0,
05,5,13,000,2019,07,10,5,3,5,3,0,0,1,0,0,0,0,368273.452204210680000,5707906.321644965600000,7.101906160000056,51.506915768000056,0,
05,5,70,004,2019,07,17,4,3,5,2,0,1,0,0,1,0,0,423941.298040026800000,5734013.901479756500000,7.898154878000071,51.751856084000053,0,
05,5,70,044,2019,07,16,4,3,3,6,0,0,1,0,1,0,0,415564.241462248380000,5759670.924475649400000,7.770554074000074,51.981289623000066,0,
05,5,66,076,2019,07,09,4,3,0,3,0,1,1,0,0,0,0,393879.575568550270000,5796681.668819535500000,7.443363646000023,52.310203039000044,0,
05,5,54,020,2019,07,13,4,3,6,4,0,0,1,0,0,0,1,367944.774415088820000,5785129.757593670900000,7.067666699000029,52.200779955000030,0,
05,5,54,020,2019,07,06,4,3,7,1,0,1,0,0,0,0,0,366135.554907361050000,5786007.735950399200000,7.040862420000053,52.208232577000047,0,
05,5,54,056,2019,07,10,4,3,6,7,0,0,0,1,0,0,1,356175.299887089060000,5761335.885668486400000,6.905605535000063,51.984052541000040,0,
05,5,54,008,2019,07,18,4,3,3,2,0,1,1,0,0,0,0,336621.124447352250000,5744429.381073588500000,6.629117963000056,51.826769545000047,0,
05,5,54,008,2019,07,22,4,3,8,1,2,0,1,0,1,0,0,334189.459000000730000,5744959.497000001400000,6.593610135000063,51.830815416000064,0,
05,5,15,000,2019,07,13,4,2,5,2,0,1,1,0,0,0,0,406997.283657258380000,5755907.069729274100000,7.646868139000048,51.946090198000036,0,
05,5,62,014,2019,07,11,4,3,0,7,0,0,1,0,0,0,0,359830.707000001330000,5715707.604000000300000,6.977223889000072,51.574987619000069,0,
05,5,62,032,2019,07,15,4,2,2,6,0,0,1,0,0,0,0,375185.750840513040000,5717991.909771034500000,7.197874306000074,51.599126030000036,0,
05,5,13,000,2019,07,16,4,3,5,7,0,0,1,0,0,0,0,368059.772421505300000,5708572.471976028800000,7.098579721000021,51.512852450000082,0,
05,5,62,008,2019,07,11,3,2,6,2,0,0,1,1,0,0,0,383697.732005503030000,5720111.235987860700000,7.320012146000067,51.619995881000079,0,
05,5,62,012,2019,07,17,3,3,4,7,0,1,1,0,0,0,0,359416.091449523340000,5725259.284149427000000,6.967412477000039,51.660714762000055,0,
05,5,12,000,2019,07,17,3,3,0,1,0,0,0,0,1,0,0,355501.751489280720000,5712334.752052592100000,6.916182933000073,51.543587307000053,0,
05,5,13,000,2019,07,11,3,3,5,3,0,0,1,0,0,0,0,361463.195000001230000,5718004.557000000000000,6.999860271000046,51.596031841000070,0,
05,5,70,004,2019,07,11,2,2,4,6,0,1,1,0,0,0,0,427301.486097279000000,5740023.253119057000000,7.945565478000049,51.806324994000079,0,
05,5,54,008,2019,07,14,2,3,5,2,0,1,1,0,0,0,0,336220.701852895320000,5744162.013108937100000,6.623439067000049,51.824250420000055,0,
05,5,15,000,2019,07,18,2,3,5,3,0,1,1,0,0,0,0,406680.014478284870000,5754911.452068870900000,7.642523665000056,51.937087933000043,0,
05,5,15,000,2019,07,14,2,3,5,3,0,1,1,0,0,0,0,399602.391685309820000,5755088.542522169600000,7.539552414000070,51.937447736000081,0,
05,5,15,000,2019,07,12,2,3,0,5,0,1,1,0,0,0,0,403719.295576447620000,5754025.079226540400000,7.599717398000053,51.928616492000060,0,
05,5,13,000,2019,07,20,2,3,5,3,0,0,1,0,0,0,1,369026.135090764610000,5715469.127544522300000,7.109931125000060,51.575055953000060,0,
05,5,70,044,2019,07,09,5,3,6,2,0,0,1,1,0,0,0,416806.935831232930000,5759788.301966222000000,7.788615737000043,51.982532200000037,0,
05,5,70,052,2019,07,16,5,3,5,3,0,1,1,0,0,0,0,424870.534785860220000,5747142.319849815200000,7.908767086000069,51.870000994000065,0,
05,5,66,092,2019,07,10,5,3,5,7,0,0,1,0,0,0,0,424430.718000001270000,5796180.147000003600000,7.891508893000037,52.310750079000059,0,
05,5,66,092,2019,07,20,5,3,5,3,0,0,1,0,0,0,0,423863.848000000230000,5796453.747000003200000,7.883133541000063,52.313131093000038,0,
05,5,66,008,2019,07,10,5,3,5,2,0,1,1,0,0,0,0,399889.366654934360000,5780655.832533776800000,7.536233775000028,52.167297127000040,0,
05,5,70,028,2019,07,15,2,2,0,1,0,1,0,0,0,0,0,441380.219787226060000,5742221.019645892100000,8.149367217000076,51.827737032000073,0,
05,5,66,084,2019,07,14,2,2,5,3,0,1,1,0,0,0,0,385950.070231122900000,5778919.596626965300000,7.333091430000025,52.148989407000045,0,
05,5,66,064,2019,07,17,2,3,5,2,0,1,1,0,0,0,0,394806.883343162020000,5771072.518522517800000,7.464911441000027,52.080221475000030,0,
05,5,58,024,2019,07,15,2,3,6,6,0,0,1,1,0,0,0,393204.016807380130000,5737027.261768100800000,7.452094654000064,51.773923861000071,0,
05,5,54,028,2019,07,09,2,3,8,6,0,1,1,0,0,0,0,357321.636315434240000,5744066.687167920200000,6.929437076000056,51.829180820000033,0,
05,5,54,012,2019,07,16,2,3,5,3,0,1,1,0,0,0,0,353013.562821608970000,5747408.022553471800000,6.865543970000033,51.858085751000033,0,
05,5,15,000,2019,07,16,2,3,8,1,0,0,0,0,1,0,0,406250.667000002230000,5754827.435000000500000,7.636302982000075,51.936260577000041,0,
05,5,62,004,2019,07,17,2,3,5,3,0,0,1,0,0,0,0,385111.922061976050000,5716544.161023793700000,7.341599539000072,51.588226203000033,0,
05,5,62,024,2019,07,06,2,3,8,1,0,0,1,0,0,0,0,370775.977000865150000,5724222.071967056000000,7.131940950000058,51.654120536000050,0,
05,5,62,014,2019,07,12,2,3,5,3,0,1,1,0,0,0,0,361022.271789898160000,5717933.086932582800000,6.993526902000042,51.595280999000067,0,
05,5,13,000,2019,07,17,2,3,6,7,0,0,1,1,0,0,0,366586.392038746740000,5712095.016929375000000,7.076025014000038,51.544162205000077,0,
05,5,13,000,2019,07,15,2,3,2,6,0,0,1,0,0,0,0,363296.190000000410000,5714882.003000000500000,7.027523032000033,51.568419553000069,0,
05,5,13,000,2019,07,11,2,3,2,6,0,0,1,0,0,0,0,365619.224257676860000,5709894.915578484500000,7.062925593000045,51.524161464000031,0,
05,5,66,028,2019,07,01,1,3,0,6,2,0,1,0,0,0,0,414002.190969036890000,5790844.583328921300000,7.739936816000068,52.261257894000039,0,
05,5,66,012,2019,07,17,1,3,5,3,0,1,0,0,0,0,1,404962.544218643570000,5774204.391652748000000,7.612190610000027,52.110207850000052,0,
05,5,54,040,2019,07,17,1,3,0,1,0,0,0,0,1,0,0,350877.201171729710000,5737872.272436859100000,6.838649212000064,51.771841933000076,0,
05,5,54,008,2019,07,15,1,3,5,3,0,1,1,0,0,0,0,335299.564380702560000,5745845.779352961100000,6.609283964000042,51.839105604000054,0,
05,5,13,000,2019,07,21,1,3,2,6,1,0,1,0,0,0,0,368111.778558250520000,5707791.491148082500000,7.099620870000024,51.505846104000057,0,
05,5,66,012,2019,07,13,7,3,8,1,0,1,0,0,0,0,0,404511.259900617410000,5772122.941741276500000,7.606186107000042,52.091421750000052,0,
05,5,54,048,2019,07,17,7,3,0,6,0,0,1,0,1,0,0,341006.437435980890000,5745287.688748648400000,6.692304945000046,51.835745628000041,1,
05,5,15,000,2019,07,15,7,3,5,3,0,0,1,0,0,0,0,407361.518409821200000,5749561.641144551300000,7.653873059000034,51.889114466000080,1,
05,5,15,000,2019,07,13,7,3,0,3,0,1,1,0,0,0,0,405878.526598888450000,5758306.812089465600000,7.629938482000057,51.967472005000047,1,
05,5,62,036,2019,07,20,7,2,1,5,0,0,1,0,0,0,0,389242.254283121790000,5719448.848774066200000,7.400277762000030,51.615160777000028,1,
05,5,12,000,2019,07,23,7,2,1,5,2,1,1,0,0,0,0,355958.805614232090000,5717910.709860796100000,6.920483874000070,51.593808029000058,1,
05,5,13,000,2019,07,12,7,2,5,3,0,0,1,0,1,0,0,362432.058914524500000,5710919.303296633100000,7.016612353000028,51.532599570000059,0,
05,5,66,012,2019,07,21,6,3,2,6,2,1,0,0,0,0,0,399879.941699255260000,5776399.433091232600000,7.537350313000047,52.129039766000062,0,
05,5,54,044,2019,07,14,6,3,8,1,0,0,0,0,1,0,0,365388.977813364940000,5741117.902157357000000,7.047581516000037,51.804685185000039,0,
05,5,62,008,2019,07,14,6,3,4,2,0,0,1,0,1,0,0,385552.964498038400000,5724269.661629864900000,7.345438962000060,51.657751147000056,0,
05,5,12,000,2019,07,19,6,3,6,6,0,1,0,1,0,0,0,356090.235485223120000,5709659.514224464100000,6.925756734000061,51.519698575000064,0,
05,5,12,000,2019,07,15,6,3,5,3,0,1,1,0,0,0,0,358290.846471626310000,5710975.713163958900000,6.956923911000047,51.532082264000053,0,
05,5,62,014,2019,07,19,6,3,5,1,0,1,0,0,0,0,0,358707.648708210330000,5717194.686549369200000,6.960429729000055,51.588070044000062,0,
05,5,62,014,2019,07,17,6,3,5,2,0,1,1,0,0,0,0,361706.756056995130000,5716015.462645907000000,7.004158047000033,51.578217424000059,0,
05,5,13,000,2019,07,09,6,2,5,3,0,1,1,0,0,0,0,363710.775391221980000,5715352.291982647000000,7.033318798000039,51.572746077000033,0,
05,5,13,000,2019,07,10,6,3,5,3,0,1,0,0,0,1,0,369102.003384566870000,5708664.919631069500000,7.113556425000070,51.513925692000043,0,
05,5,54,056,2019,07,07,6,3,4,6,0,1,1,0,0,0,0,357840.377001459710000,5761861.884830178700000,6.929617390000033,51.989207249000060,0,
05,5,54,012,2019,07,08,6,3,1,6,0,0,1,0,0,0,0,350467.597873726860000,5744362.333062287400000,6.829918088000056,51.830044688000044,0,
05,5,54,004,2019,07,13,6,3,2,1,0,0,1,0,0,0,0,363945.960925850090000,5771190.102167863400000,7.014768886000070,52.074555158000067,0,
05,5,15,000,2019,07,15,6,3,5,3,0,1,1,0,0,0,0,405444.825299611320000,5751946.332257418000000,7.625376072000051,51.910227486000053,0,
05,5,15,000,2019,07,10,6,3,5,3,0,1,1,0,0,0,0,404756.597417989750000,5757293.033084390700000,7.613893610000048,51.958168669000031,0,
05,5,66,040,2019,07,16,5,3,9,6,0,1,1,0,0,0,0,421887.232910485010000,5782446.316227998600000,7.857383894000066,52.186943697000061,0,
05,5,66,076,2019,07,16,5,3,5,3,0,1,1,0,0,0,0,392398.208484021020000,5792120.263918982800000,7.423099552000053,52.268920927000067,0,
05,5,66,084,2019,07,04,5,3,5,2,2,1,1,0,0,0,0,386283.102755524220000,5777831.305169226600000,7.338320843000076,52.139277657000036,0,
05,5,66,012,2019,07,14,5,3,5,3,0,1,1,0,0,0,0,405001.443847696300000,5772269.120441297100000,7.613298128000054,52.092819995000070,0,
05,5,54,004,2019,07,12,5,3,0,2,0,1,1,0,0,0,0,363538.376645971090000,5771489.850327590500000,7.008705626000051,52.077148231000081,0,
05,5,54,012,2019,07,08,5,3,5,3,0,1,1,0,0,0,0,352235.623942772860000,5747600.309190115000000,6.854173476000028,51.859607992000065,0,
05,5,15,000,2019,07,19,5,3,0,1,0,0,0,0,1,0,0,401589.045294867830000,5757700.309252791100000,7.567693889000054,51.961277776000031,0,
05,5,15,000,2019,07,17,5,2,6,4,0,0,1,1,0,0,0,405320.775080303660000,5755922.686665670900000,7.622479228000032,51.945947756000066,0,
05,5,70,040,2019,07,08,4,3,5,5,0,1,1,0,0,0,0,419848.978700708600000,5743746.809168877100000,7.836633700000050,51.838778680000075,0,
05,5,70,004,2019,07,13,4,3,5,2,0,0,1,0,1,0,0,424395.070041945200000,5735030.828036764600000,7.904506063000042,51.761059368000076,0,
05,5,70,004,2019,07,13,4,3,5,3,0,1,1,0,0,0,0,425687.186000000690000,5736426.911000000300000,7.922926173000064,51.773782742000037,0,
05,5,66,040,2019,07,08,4,3,5,3,0,1,1,0,0,0,0,420992.527999999930000,5781598.406999997800000,7.844496802000037,52.179194522000046,0,
05,5,66,076,2019,07,06,4,3,0,3,0,0,0,0,1,0,0,399744.611842600630000,5793630.578667800900000,7.530272006000075,52.283883455000080,0,
05,5,66,008,2019,07,11,4,3,5,3,0,0,1,0,0,0,0,399522.031148106790000,5781286.089850587800000,7.530678063000039,52.172894962000044,0,
05,5,58,012,2019,07,18,4,2,5,3,0,0,1,0,0,0,0,372483.120000000110000,5752354.233000000900000,7.146270428000037,51.907323178000070,0,
05,5,54,020,2019,07,17,4,3,7,3,0,1,1,0,0,0,0,365122.696871805940000,5786233.676054673300000,7.025958493000076,52.210015774000055,0,
05,5,54,068,2019,07,18,4,3,1,5,0,1,0,0,0,1,0,349037.577074959870000,5765546.127607127700000,6.799891233000039,52.019985214000030,0,
05,5,54,008,2019,07,18,4,3,0,6,0,1,0,0,0,0,0,335231.674382677300000,5745850.859537826900000,6.608297010000058,51.839131216000055,0,
05,5,15,000,2019,07,17,4,3,0,7,0,1,0,0,0,0,0,407149.027829661970000,5756589.671384027200000,7.648890859000062,51.952251135000040,0,
05,5,15,000,2019,07,15,4,3,5,3,0,1,0,0,0,0,0,405264.510912179950000,5757071.073187757300000,7.621344318000070,51.956260368000073,0,
05,5,12,000,2019,07,17,4,3,5,3,0,1,0,0,0,1,0,358315.059349604880000,5711976.166023800100000,6.956870126000069,51.541078361000075,0,
05,5,12,000,2019,07,10,4,2,1,5,0,1,1,0,0,0,0,354913.604675428940000,5709719.711508940900000,6.908784686000047,51.519938497000055,0,
05,5,66,096,2019,07,16,3,3,5,3,0,0,1,0,0,0,1,385277.106999999840000,5785674.359000003000000,7.320975284000042,52.209553893000077,0,
05,5,66,084,2019,07,08,3,2,5,2,0,1,1,0,0,0,0,385364.488751281980000,5779320.177310897000000,7.324401580000028,52.152468140000053,0,
05,5,66,036,2019,07,17,3,3,5,3,0,1,0,0,1,0,0,387628.310999999750000,5768402.513000000300000,7.361078003000046,52.054815213000040,0,
05,5,54,008,2019,07,07,3,3,5,3,0,1,1,0,0,0,0,335841.336325977000000,5746230.660558465900000,6.616958081000064,51.842722659000060,0,
05,5,62,008,2019,07,20,3,3,2,6,0,0,1,0,1,0,0,384616.189381267880000,5722572.638115957400000,7.332462032000024,51.642307308000056,0,
05,5,70,016,2019,07,09,4,3,6,7,0,0,1,1,0,0,0,416488.423581075850000,5735092.493081996200000,7.789952436000021,51.760490352000033,0,
05,5,66,076,2019,07,14,4,3,5,3,0,1,1,0,0,0,0,392926.159038454290000,5792267.705812495200000,7.430786697000031,52.270349065000062,0,
05,5,66,024,2019,07,10,4,3,0,7,0,1,0,1,0,0,0,383677.138743541200000,5771507.019347112600000,7.302419779000047,52.081899815000043,0,
05,5,66,096,2019,07,15,4,3,8,3,0,0,1,0,1,0,0,385143.387801411560000,5785982.091713978000000,7.318914741000071,52.212291560000040,0,
05,5,58,016,2019,07,17,4,3,6,7,0,0,1,1,0,0,0,380724.589918136600000,5743929.603839758800000,7.268926653000051,51.833436258000063,0,
05,5,54,004,2019,07,16,4,2,5,7,0,1,1,0,0,0,0,363535.462147405370000,5770459.088918047000000,7.009075286000041,52.067885695000030,1,
05,5,54,008,2019,07,14,4,2,0,1,0,1,0,0,0,0,0,336986.152188292700000,5746100.047884479200000,6.633623229000023,51.841884665000066,0,
05,5,15,000,2019,07,19,4,2,5,3,0,1,1,0,0,0,0,407710.703044376340000,5761136.965901674700000,7.655838904000063,51.993218099000046,1,
05,5,62,016,2019,07,00,7,3,1,5,2,1,1,0,0,0,0,374387.798674819060000,5735088.269868586200000,7.180209894000029,51.752592484000047,0,
05,5,54,068,2019,07,11,7,3,5,7,0,1,0,1,0,0,0,350815.785057579170000,5766491.970263617100000,6.825374035000039,52.028964022000082,0,
05,5,66,028,2019,07,10,7,3,0,5,0,1,1,0,0,0,0,411227.265655752270000,5792435.710893487600000,7.698870373000034,52.275118461000034,0,
05,5,66,068,2019,07,13,7,2,5,3,0,0,1,0,0,0,0,377570.543999998830000,5787256.484000003000000,7.207671585000071,52.222113080000042,0,
05,5,66,092,2019,07,18,7,3,0,3,0,1,1,0,0,0,0,423735.005421695300000,5796908.641111113100000,7.881140781000056,52.317202144000078,0,
05,5,15,000,2019,07,16,4,2,5,7,0,1,1,0,0,0,1,406492.504428798330000,5757364.209548480800000,7.639129649000040,51.959103069000037,0,
05,5,15,000,2019,07,13,4,3,6,4,0,0,1,1,0,0,0,404444.673354819420000,5760719.399615287800000,7.608401614000059,51.988912523000067,0,
05,5,62,032,2019,07,19,4,3,1,7,0,0,1,1,0,0,0,376029.228190440680000,5714486.628110606200000,7.211284128000045,51.567809610000040,0,
05,5,70,004,2019,07,11,3,3,0,5,0,1,1,0,0,0,0,424679.686833077110000,5734707.396764097700000,7.908699373000047,51.758190176000028,0,
05,5,66,076,2019,07,10,3,3,5,3,0,1,1,0,0,0,0,391535.000528848730000,5792437.273148100800000,7.410352600000067,52.271600332000048,0,
05,5,66,076,2019,07,10,3,3,5,3,0,1,1,0,0,0,0,391550.578857528980000,5792445.416025491400000,7.410578201000021,52.271676586000069,0,
05,5,66,008,2019,07,11,3,2,7,5,0,1,0,0,0,0,0,398727.895704384890000,5781879.754596347000000,7.518892110000024,52.178085455000030,0,
05,5,58,008,2019,07,15,3,3,0,1,0,1,0,0,0,0,0,382488.709011324680000,5759626.381924377800000,7.289165009000044,51.974878804000070,0,
05,5,54,020,2019,07,20,3,3,4,6,0,1,0,0,0,0,0,366042.410050736740000,5785936.414951115800000,7.039528304000044,52.207569099000068,0,
05,5,15,000,2019,07,15,3,3,5,3,0,1,1,0,0,0,0,407019.617000001480000,5757996.375000001900000,7.646627572000057,51.964873688000068,0,
05,5,15,000,2019,07,23,3,3,0,6,2,1,0,1,0,0,0,406147.631000000050000,5757030.432000000000000,7.634203223000043,51.956044816000031,0,
05,5,15,000,2019,07,14,3,3,0,7,0,1,0,0,0,0,0,404756.987201104870000,5757292.445348117500000,7.613899444000026,51.958163453000054,0,
05,5,15,000,2019,07,14,3,3,0,1,0,1,1,0,0,0,0,405253.685567147100000,5757277.629029903600000,7.621129864000068,51.958115134000082,0,
05,5,62,016,2019,07,20,3,2,1,5,1,1,1,0,0,0,0,377759.594872574320000,5737422.530549909900000,7.228211580000050,51.774316485000043,0,
05,5,62,032,2019,07,15,3,3,5,3,0,1,1,0,0,0,0,377865.172164920720000,5717452.050865734000000,7.236729033000074,51.594861540000068,0,
05,5,13,000,2019,07,18,3,3,6,4,0,0,1,1,0,0,0,369381.825443807990000,5707588.492689615100000,7.117985502000067,51.504316760000052,0,
05,5,13,000,2019,07,15,3,3,3,6,0,1,1,0,0,0,0,368144.380400198510000,5708619.433104876400000,7.099780739000039,51.513294230000042,0,
05,5,13,000,2019,07,13,3,2,5,7,0,0,1,0,0,0,1,368364.923265771010000,5708020.323400298100000,7.103180866000059,51.507961592000072,0,
05,5,66,076,2019,07,16,2,3,5,3,0,0,1,0,0,0,0,395624.074132553300000,5795019.492025101600000,7.469458257000042,52.295598969000082,0,
05,5,54,012,2019,07,16,2,3,2,1,0,0,1,0,0,0,0,353509.939237863760000,5747219.522960277300000,6.872826605000057,51.856522599000073,0,
05,5,15,000,2019,07,08,2,3,0,7,0,0,1,1,0,0,0,409885.164787309240000,5752082.820735845700000,7.689874441000029,51.912190445000078,0,
05,5,15,000,2019,07,16,2,3,1,6,0,1,1,0,0,0,0,405156.011317422610000,5757192.517854308700000,7.619732326000076,51.957333468000058,0,
05,5,15,000,2019,07,20,2,3,0,1,0,1,0,0,0,0,0,405885.088998821560000,5758355.051898812900000,7.630020753000053,51.967906717000062,0,
05,5,15,000,2019,07,16,2,3,5,2,0,1,1,0,0,0,0,402881.614646640610000,5756350.323235625400000,7.586881736000066,51.949370998000063,0,
05,5,62,008,2019,07,10,2,3,5,3,0,1,1,0,0,0,0,385543.752617255780000,5723820.778458412700000,7.345452797000064,51.653714828000034,0,
05,5,62,032,2019,07,23,2,3,8,1,2,0,0,0,1,1,0,378243.750207787380000,5717917.775707138700000,7.242030185000033,51.599129121000033,0,
05,5,66,076,2019,07,00,1,3,8,1,2,1,0,0,0,0,0,393055.962122650820000,5792755.532283749400000,7.432533574000047,52.274758507000058,0,
05,5,13,000,2019,07,14,1,3,1,1,0,0,1,0,0,0,0,366008.042000002230000,5708862.225000001500000,7.068919562000076,51.514973485000041,0,
05,5,54,004,2019,07,07,7,3,7,7,0,1,0,0,0,0,0,362356.642631211320000,5771128.570320667700000,6.991618510000023,52.073609529000066,0,
05,5,66,056,2019,07,11,7,3,5,3,0,0,1,0,0,0,1,416779.036008213650000,5796955.086619380900000,7.779104582000059,52.316609148000055,0,
05,5,15,000,2019,07,20,7,2,8,1,0,0,1,0,0,0,0,404914.827509401370000,5751557.983228620100000,7.617780667000034,51.906646595000041,0,
05,5,15,000,2019,07,12,7,3,3,5,0,0,1,0,1,0,0,406265.941421017050000,5757510.072603862700000,7.635793548000038,51.960376007000036,0,
05,5,66,076,2019,08,23,1,2,8,1,2,1,0,0,0,0,0,394084.510165019890000,5793730.550646470900000,7.447296564000055,52.283720327000026,0,
05,5,54,020,2019,08,19,1,3,1,5,0,0,1,0,1,0,0,366663.549379115920000,5786730.078784218100000,7.048300359000052,52.214851118000070,0,
05,5,62,028,2019,08,14,1,3,4,6,0,1,1,0,0,0,0,378830.344881381840000,5722623.148499554000000,7.248868022000067,51.641544419000070,0,
05,5,62,016,2019,08,15,1,3,0,7,0,1,0,0,0,0,0,375243.751318440770000,5734532.418149190000000,7.192803148000053,51.747788404000062,0,
05,5,70,032,2019,08,13,7,3,7,7,0,0,0,0,1,0,0,418933.930699085820000,5766802.570955980600000,7.817919297000060,52.045898077000061,0,
05,5,66,012,2019,08,17,7,3,0,1,0,1,0,0,0,0,0,404188.830767822450000,5772529.026556955700000,7.601367092000032,52.095015967000052,0,
05,5,58,016,2019,08,20,7,3,1,5,1,1,1,0,0,0,0,381163.565813900900000,5743481.905745571500000,7.275448225000048,51.829506301000038,0,
05,5,15,000,2019,08,22,7,3,3,1,2,1,0,0,0,0,0,404926.238563684750000,5759823.143654320400000,7.615660989000048,51.980939296000031,0,
05,5,15,000,2019,08,17,7,3,3,6,0,1,0,0,0,0,0,407787.617592901920000,5751419.797229418500000,7.659565838000049,51.905887440000072,0,
05,5,15,000,2019,08,19,7,3,2,1,0,1,0,0,0,0,0,404582.820356111040000,5758834.632248770400000,7.610937025000055,51.971995337000067,0,
05,5,62,028,2019,08,12,7,3,5,3,0,0,1,0,0,0,0,378815.148023145270000,5723181.849752647800000,7.248454986000070,51.646562361000065,0,
05,5,62,004,2019,08,17,7,3,8,1,0,0,1,0,0,0,0,383686.225751159710000,5712806.865193324200000,7.322266454000044,51.554343794000033,0,
05,5,62,024,2019,08,12,7,3,5,3,0,0,1,0,0,0,0,373110.540291678160000,5725616.990867020600000,7.165164128000072,51.667188305000082,0,
05,5,62,032,2019,08,01,7,3,1,5,2,1,1,0,0,0,0,376878.298838480380000,5718902.551933467400000,7.221979623000038,51.607682713000031,1,