ULAND,UREGBEZ,UKREIS,UGEMEINDE,UJAHR,UMONAT,USTUNDE,UWOCHENTAG,UKATEGORIE,UART,UTYP1,ULICHTVERH,IstRad,IstPKW,IstFuss,IstKrad,IstGkfz,IstSonstige,LINREFX,LINREFY,XGCSWGS84,YGCSWGS84,STRZUSTAND,UIDENTSTLAE
05,5,13,000,2019,08,11,7,3,5,7,0,1,0,0,0,0,0,368721.583221537990000,5713463.249717537300000,7.106288016000065,51.556958874000031,0,
05,5,70,004,2019,08,12,6,3,6,4,0,0,1,1,0,0,0,423894.774295897220000,5735439.685439825100000,7.897168804000046,51.764667082000074,0,
05,5,70,052,2019,08,11,6,3,5,3,0,0,1,0,0,0,0,431132.514374339020000,5755341.100239552600000,7.998065970000027,51.944514097000081,0,
05,5,66,028,2019,08,10,6,3,5,5,0,0,1,0,0,0,0,412389.180927319450000,5791969.066751034900000,7.716016952000075,52.271110523000061,0,
05,5,66,076,2019,08,16,6,3,0,7,0,1,1,0,0,0,0,394415.717590536920000,5794961.668421024500000,7.451764328000024,52.294848393000052,0,
05,5,66,012,2019,08,15,6,3,8,7,0,1,0,0,0,0,0,404998.965637381190000,5771906.219887077800000,7.613363102000051,52.089557753000065,0,
05,5,54,012,2019,08,14,6,3,5,3,0,1,1,0,0,0,0,352358.953181264920000,5745716.463816655800000,6.856767630000036,51.842714492000027,0,
05,5,54,008,2019,08,17,6,3,5,2,0,0,1,0,0,0,0,336657.338643480090000,5744743.138069754500000,6.629494960000045,51.829598776000068,1,
05,5,15,000,2019,08,15,6,3,7,5,0,1,1,0,0,0,0,405204.060633923860000,5753534.672993194300000,7.621439722000048,51.924463333000062,0,
05,5,62,032,2019,08,09,6,2,0,7,0,0,0,0,0,0,1,379550.347028296440000,5718986.307979956300000,7.260518966000063,51.609013404000052,0,
05,5,58,036,2019,08,07,5,3,5,3,0,0,0,0,1,1,0,388187.006000000980000,5728913.082000000400000,7.382015745000047,51.700015772000029,0,
05,5,58,012,2019,08,15,5,3,0,1,0,1,0,0,0,0,0,374057.049999999810000,5756047.865000003900000,7.167786769000031,51.940873967000073,0,
05,5,58,012,2019,08,12,5,2,5,1,0,1,1,0,0,0,0,373882.601551042870000,5756625.217529244700000,7.165038540000069,51.946022793000054,0,
05,5,54,020,2019,08,10,5,3,0,7,0,0,0,0,0,0,1,365896.875719921660000,5782904.243870761200000,7.038599704000035,52.180288482000037,0,
05,5,54,028,2019,08,12,5,3,6,7,0,0,1,1,0,0,0,358465.546832304450000,5743377.928988467900000,6.946307640000043,51.823282999000071,0,
05,5,54,008,2019,08,13,5,3,5,3,0,1,1,0,0,0,0,335474.916492844930000,5745726.874310752400000,6.611883450000050,51.838089117000038,0,
05,5,15,000,2019,08,16,5,3,6,4,0,1,0,1,0,0,0,405622.955427633600000,5757094.023234589000000,7.626552721000053,51.956527603000040,0,
05,5,15,000,2019,08,07,5,3,5,3,0,1,1,0,0,0,0,407450.621714680460000,5758328.331684520500000,7.652809692000062,51.967929410000067,0,
05,5,62,028,2019,08,16,5,2,6,4,0,0,0,1,1,0,0,379934.164166095670000,5721630.705524779900000,7.265152849000060,51.632861689000038,0,
05,5,62,004,2019,08,02,5,3,1,5,2,1,1,0,0,0,0,382531.262113514360000,5714462.873500317300000,7.305061447000071,51.568988181000066,0,
05,5,13,000,2019,08,07,5,3,5,3,0,0,1,0,0,0,0,367734.801999999210000,5713476.563000002900000,7.092056995000064,51.556848008000031,0,
05,5,13,000,2019,08,16,5,3,0,5,0,1,1,0,0,0,0,367749.356000000610000,5708478.808000002100000,7.094144036000046,51.511938141000030,0,
05,5,58,016,2019,08,16,5,3,5,2,0,1,1,0,0,0,0,381254.761036630720000,5743773.583101756900000,7.276670928000044,51.832147041000042,0,
05,5,54,020,2019,08,15,5,2,8,1,0,0,0,0,1,0,0,365644.070952534680000,5786472.359446836600000,7.033489627000051,52.212287780000054,0,
05,5,54,036,2019,08,22,5,3,3,6,2,1,1,0,0,0,0,369650.358943109400000,5766111.800147827700000,7.099891300000024,52.030294060000074,0,
05,5,54,012,2019,08,18,5,3,2,2,0,0,1,0,0,0,0,353033.078199747020000,5747121.409683326300000,6.865949033000049,51.855515692000040,0,
05,5,54,008,2019,08,18,5,2,8,1,0,0,1,0,0,0,0,336367.454620517790000,5745225.526484839600000,6.625063866000062,51.833847477000063,0,
05,5,15,000,2019,08,19,5,3,4,6,0,1,0,0,0,0,0,406609.356584896330000,5759681.744031120100000,7.640199300000063,51.979953802000068,0,
05,5,12,000,2019,08,09,5,2,1,1,0,1,1,0,0,0,0,355870.312390054580000,5709537.420297710200000,6.922639047000075,51.518545393000068,0,
05,5,66,012,2019,08,22,4,3,4,1,2,1,0,0,0,0,0,400903.617000000550000,5778000.000000000000000,7.551833426000030,52.143609964000063,0,
05,5,58,028,2019,08,17,4,2,0,1,0,0,0,0,0,0,1,402787.348000002090000,5731830.468000002200000,7.592401424000059,51.728958387000034,0,
05,5,54,008,2019,08,10,4,3,2,6,0,0,1,0,0,1,0,337856.124620714220000,5745602.158856559500000,6.646473934000028,51.837665101000027,0,
05,5,54,016,2019,08,07,4,3,0,3,0,1,1,0,0,0,0,362344.544306149710000,5758211.795277191300000,6.996634842000049,51.957543878000081,0,
05,5,15,000,2019,08,09,4,3,2,1,0,0,1,0,0,0,0,399763.907786414960000,5756393.492029605400000,7.541520679000030,51.949205910000046,0,
05,5,62,024,2019,08,18,4,3,8,1,0,0,1,0,0,0,0,367439.519699767230000,5725496.946786910300000,7.083254457000066,51.664800272000036,0,
05,5,70,028,2019,08,19,3,3,5,3,0,1,1,0,0,0,0,441404.357000000770000,5742836.785000002000000,8.149613172000045,51.833275435000076,0,
05,5,66,076,2019,08,17,3,3,5,3,0,1,0,0,0,0,0,399742.355276312680000,5793631.459798924600000,7.530238675000021,52.283890962000044,0,
05,5,66,076,2019,08,08,3,3,1,5,0,0,1,0,0,1,0,393278.475438287480000,5793335.597740445300000,7.435610020000070,52.280014897000058,0,
05,5,58,012,2019,08,15,3,3,0,3,0,1,1,0,0,0,0,373560.695126718840000,5755088.544860504600000,7.160922449000054,51.932140545000038,0,
05,5,54,004,2019,08,13,3,3,0,3,0,0,1,0,1,0,0,363549.171784203500000,5770530.935738634300000,7.009246451000024,52.068534647000035,0,
05,5,15,000,2019,08,16,3,3,3,6,0,1,0,0,0,0,0,406362.589759394530000,5757343.574011487900000,7.637245126000039,51.958895724000058,0,
05,5,15,000,2019,08,21,3,3,0,7,1,0,1,0,0,0,0,402337.233000001870000,5753206.920000001800000,7.579855791000057,51.921021855000049,0,
05,5,15,000,2019,08,18,3,3,1,1,0,1,1,0,0,0,0,407380.883976236920000,5760895.036701714600000,7.651101997000069,51.990988615000049,0,
05,5,15,000,2019,08,17,3,3,5,3,0,0,1,0,1,0,0,406133.907999999820000,5760192.917000003200000,7.633138858000052,51.984468322000055,0,
05,5,15,000,2019,08,08,3,3,3,2,0,1,0,0,0,0,0,406565.316375379450000,5758334.498546006200000,7.639925018000042,51.967836732000080,1,
05,5,13,000,2019,08,09,3,3,5,3,0,1,1,0,0,0,0,368022.068819537760000,5713576.603521103000000,7.096160843000064,51.557814322000070,0,
05,5,54,008,2019,08,07,2,3,5,3,0,1,1,0,0,0,0,336117.486005635930000,5746273.953991035000000,6.620942617000026,51.843192694000038,0,
05,5,13,000,2019,08,03,2,3,0,7,2,1,0,0,0,0,0,365903.687905700880000,5712412.921956140500000,7.066064516000040,51.546857266000075,0,
05,5,13,000,2019,08,07,2,3,5,3,0,1,1,0,0,0,0,369035.215009882110000,5706764.232711479100000,7.113300264000031,51.496829048000052,0,
05,5,66,016,2019,08,16,3,3,4,6,0,1,0,0,0,0,0,406043.302505792120000,5791201.904298579300000,7.623256503000050,52.263167577000047,0,
05,5,66,008,2019,08,09,3,3,5,3,0,1,1,0,0,0,0,398024.740951068700000,5781156.858274906900000,7.508829518000027,52.171458799000050,1,
05,5,58,012,2019,08,07,3,3,9,1,0,0,1,0,0,0,0,369837.315163431690000,5758309.047270169500000,7.105577574000051,51.960222122000062,1,
05,5,54,020,2019,08,18,3,2,5,3,0,1,1,0,0,0,0,365614.207634250630000,5783130.444777378800000,7.034378378000042,52.182252201000040,0,
05,5,15,000,2019,08,13,3,3,1,6,0,1,0,0,0,1,0,405269.566804376430000,5758836.076545298100000,7.620930994000048,51.972125799000082,0,
05,5,15,000,2019,08,15,3,3,5,3,0,0,1,0,0,1,0,403923.781275073070000,5758092.223005851700000,7.601553710000076,51.965208784000026,1,
05,5,62,020,2019,08,08,3,3,5,7,0,1,1,0,0,0,0,370892.066170568580000,5717478.651883769800000,7.136103721000040,51.593545654000081,0,
05,5,62,032,2019,08,16,3,3,1,5,0,1,1,0,0,0,0,376176.043969693590000,5715091.121292907700000,7.213188318000050,51.573274597000079,1,
05,5,13,000,2019,08,23,3,2,0,1,2,0,1,0,0,0,0,369710.156362318430000,5709071.617468947500000,7.122165444000075,51.517721211000037,0,
05,5,13,000,2019,08,17,3,3,6,2,0,0,1,1,0,0,0,367970.513000001200000,5708530.672000002100000,7.097309800000062,51.512455953000028,1,
05,5,70,008,2019,08,08,2,3,4,2,0,0,1,0,0,0,0,433441.887008847670000,5734856.800560450200000,8.035603813000023,51.760643295000079,0,
05,5,70,040,2019,08,16,2,3,5,3,0,1,1,0,0,0,0,419250.655000002120000,5744262.957000002300000,7.827830675000030,51.843332297000075,0,
05,5,66,060,2019,08,16,2,3,8,7,0,0,1,0,0,0,0,389454.221133494750000,5787970.458408389200000,7.381332206000025,52.231042771000034,0,
05,5,66,012,2019,08,14,2,3,5,3,0,1,0,0,0,0,1,405186.824918051250000,5772522.034774396600000,7.615932938000071,52.095125030000077,0,
05,5,58,016,2019,08,18,2,3,0,1,0,1,0,0,0,0,0,381402.072168898770000,5743748.854064036200000,7.278816262000021,51.831956094000077,0,
05,5,62,014,2019,08,19,2,3,0,1,1,0,1,0,0,0,0,361321.818181135690000,5712728.300746168900000,6.999903141000061,51.548583945000075,1,
05,5,62,032,2019,08,21,2,2,1,5,1,1,1,0,0,0,0,376512.807522617280000,5715536.591552529500000,7.217888761000040,51.577352019000045,1,
05,5,13,000,2019,08,12,2,3,3,2,0,0,1,0,0,0,0,366912.963000000450000,5709403.248000001500000,7.081749014000025,51.520049376000031,0,
05,5,58,024,2019,08,06,1,3,0,1,1,1,0,0,0,0,0,393781.060936788100000,5736647.841042835300000,7.460571145000074,51.770623408000063,0,
05,5,58,016,2019,08,08,1,3,5,3,0,1,1,0,0,0,0,381670.495127387340000,5744476.954476926500000,7.282460930000070,51.838556582000081,0,
05,5,15,000,2019,08,06,1,3,9,7,0,0,1,0,0,0,0,406996.478649833240000,5755673.514562990500000,7.646919612000033,51.943990745000065,0,
05,5,13,000,2019,08,13,1,2,4,6,0,0,1,0,1,0,0,367605.936099141840000,5712588.684428837200000,7.090533413000060,51.548838726000042,0,
05,5,70,004,2019,08,01,7,3,0,1,2,1,0,0,0,0,0,422829.892205704000000,5735265.833574289500000,7.881779497000025,51.762958461000039,0,
05,5,70,004,2019,08,10,7,3,5,3,0,1,1,0,0,0,0,424538.148026306180000,5735154.563185559600000,7.906551942000021,51.762191008000059,0,
05,5,66,076,2019,08,15,7,3,5,3,0,1,1,0,0,0,0,395302.378452890550000,5793749.709310352800000,7.465137372000072,52.284125857000049,0,
05,5,58,016,2019,08,00,7,2,1,6,2,1,1,0,0,0,0,380909.182196768000000,5744998.187896633500000,7.271236514000066,51.843079130000035,0,
05,5,54,068,2019,08,19,7,3,3,6,0,1,0,0,0,0,0,349785.384534796700000,5768532.460620915500000,6.809469648000061,52.047018377000029,0,
05,5,15,000,2019,08,19,7,3,0,7,0,1,0,0,0,0,0,406986.799995218400000,5754946.830095632000000,7.646975397000063,51.937457294000069,0,
05,5,62,024,2019,08,14,7,2,5,2,0,0,1,0,1,0,0,368766.798999999650000,5726304.888000000300000,7.102131242000041,51.672372401000075,0,
05,5,13,000,2019,08,20,7,3,4,5,0,0,1,0,0,0,0,363468.535124042070000,5712305.902581371400000,7.031008414000041,51.545311638000044,0,
05,5,70,004,2019,08,09,6,3,2,6,0,0,1,0,0,0,1,423735.842262075280000,5735112.883976360800000,7.894937937000066,51.761707626000032,0,
05,5,66,084,2019,08,12,6,2,5,2,0,1,1,0,0,0,0,385974.212793860580000,5778928.427502201900000,7.333441163000032,52.149073754000028,0,
05,5,54,048,2019,08,17,6,3,8,1,0,0,1,0,0,0,0,341949.481043636800000,5743626.247445892500000,6.706739330000062,51.821086865000041,1,
05,5,54,008,2019,08,16,6,3,2,2,0,0,1,0,1,0,0,335988.123837896620000,5744812.009378653000000,6.619759396000063,51.830021419000047,1,
05,5,15,000,2019,08,19,6,3,1,1,0,1,1,0,0,0,0,402052.354151618670000,5753019.594558427100000,7.575767954000071,51.919288075000054,0,
05,5,15,000,2019,08,16,6,3,5,5,0,1,1,0,0,0,0,406263.405884018170000,5751993.163393368900000,7.637260036000043,51.910786790000031,0,
05,5,15,000,2019,08,14,6,3,5,3,0,0,1,0,0,0,1,403261.814741806130000,5754721.167057702300000,7.592870358000027,51.934793855000066,0,
05,5,15,000,2019,08,20,6,2,5,3,0,1,0,0,0,0,0,406113.489298013970000,5757492.658656243200000,7.633580199000051,51.960193760000038,1,
05,5,62,032,2019,08,08,6,3,5,3,0,0,1,0,1,0,0,377359.309657959270000,5716350.920092307000000,7.229814381000040,51.584855452000056,0,
05,5,62,032,2019,08,12,6,3,5,3,0,0,1,0,0,0,0,373800.885260528880000,5718755.843797501200000,7.177614913000070,51.605682934000072,0,
05,5,13,000,2019,08,01,6,3,0,7,2,1,0,0,0,0,0,367240.441999999810000,5713014.464000003400000,7.085104507000040,51.552579172000037,0,
05,5,13,000,2019,08,06,6,3,5,3,0,0,1,0,0,0,0,368709.043900930320000,5708323.557170517700000,7.108023713000023,51.510766753000041,0,
05,5,70,052,2019,08,16,3,3,4,3,0,1,0,0,0,0,0,431420.578413423150000,5756937.440592233100000,8.001937676000068,51.958900253000081,1,
05,5,62,020,2019,08,12,1,3,2,6,0,0,1,0,0,0,0,367493.958943669680000,5719150.000964151700000,7.086443838000037,51.607776332000071,1,
05,5,70,044,2019,08,06,7,3,8,1,1,0,1,0,0,0,0,415434.894121194260000,5759248.176665218500000,7.768775348000077,51.977469907000057,0,
05,5,58,032,2019,08,10,7,3,5,4,0,0,1,1,0,0,0,387225.423014790750000,5754482.119281096400000,7.359783272000072,51.929626991000077,0,
05,5,54,020,2019,08,01,7,2,0,1,2,1,0,0,0,0,0,365847.545000000860000,5782926.949999999300000,7.037869667000052,52.180480512000031,1,
05,5,15,000,2019,08,00,7,3,6,4,2,0,1,1,0,0,0,405447.029000000100000,5757666.361000003300000,7.623835764000035,51.961642133000055,1,
05,5,70,008,2019,08,17,6,3,4,6,0,1,1,0,0,0,0,432279.941790304150000,5738704.180344166200000,8.018019849000041,51.795091842000033,0,
05,5,54,008,2019,08,12,6,3,9,1,0,1,0,0,0,0,0,334491.928941835650000,5744484.316309569400000,6.598222866000072,51.826636409000059,0,
05,5,62,036,2019,08,13,6,3,5,7,0,0,1,0,0,0,0,388328.705578988420000,5719286.660203952300000,7.387140269000042,51.613522538000041,0,
05,5,62,012,2019,08,12,6,3,8,1,0,0,1,0,0,0,0,362208.083107911980000,5724795.352137416600000,7.007935912000050,51.657237305000081,0,
05,5,62,024,2019,08,09,6,3,2,7,0,1,0,0,0,0,1,369996.387771499340000,5725484.543992912400000,7.120208210000044,51.665286168000080,0,
05,5,62,032,2019,08,17,6,3,2,3,0,1,1,0,0,0,0,374162.915920478290000,5713878.975565716600000,7.184587988000033,51.561935164000033,0,
05,5,13,000,2019,08,08,6,3,6,7,0,0,1,1,0,0,0,366751.360502045600000,5708168.736241515700000,7.079887822000046,51.508917151000048,0,
05,5,66,084,2019,08,00,1,3,6,7,2,0,1,1,0,0,0,389223.746038202200000,5776075.220359750100000,7.381843964000041,52.124092894000057,1,
05,5,66,076,2019,08,19,5,3,0,1,0,0,0,0,1,0,0,393638.291783982890000,5794162.095518421400000,7.440621512000064,52.287512531000061,0,
05,5,66,060,2019,08,16,5,3,0,3,0,1,0,0,0,0,0,389171.607587661590000,5789245.384718820500000,7.376777797000045,52.242443707000064,1,
05,5,66,016,2019,08,20,5,3,0,7,0,1,0,0,0,0,0,403624.591999999250000,5794743.585000000900000,7.586814424000067,52.294580984000049,1,
05,5,66,008,2019,08,07,5,3,8,1,0,0,1,0,0,0,0,400199.889296443200000,5779252.103259092200000,7.541185126000073,52.154736937000052,1,
05,5,66,008,2019,08,05,5,3,5,3,1,0,1,0,1,0,0,399560.058444707650000,5781324.334394620700000,7.531222628000023,52.173245617000077,1,
05,5,54,020,2019,08,14,5,3,2,5,0,0,1,0,1,0,0,365552.297875884920000,5786134.865440717000000,7.032281276000049,52.209232902000053,1,
05,5,54,012,2019,08,06,5,3,6,2,1,0,1,1,0,0,0,352965.659078778700000,5746354.559083927400000,6.865296966000074,51.848607830000049,1,
05,5,54,008,2019,08,14,5,3,5,2,0,1,0,0,0,0,1,336667.554771350700000,5745689.062626928100000,6.629196644000047,51.838099487000079,1,
05,5,54,012,2019,08,18,5,3,5,3,0,0,1,0,0,0,0,351198.081961880440000,5745506.473936688200000,6.840019044000030,51.840519634000032,0,
05,5,15,000,2019,08,11,5,2,8,1,0,1,0,0,0,0,0,400518.361156403090000,5756313.913224251900000,7.552517540000054,51.948626089000072,0,
05,5,13,000,2019,08,09,5,3,5,2,0,0,1,0,1,0,0,363145.708291042600000,5710605.027057437200000,7.027016954000033,51.529948811000054,1,
05,5,54,008,2019,08,17,1,3,5,3,0,1,1,0,0,0,0,337334.985439822080000,5745754.612491346900000,6.638844819000042,51.838883144000079,0,
05,5,70,004,2019,08,07,4,3,5,3,0,1,1,0,0,0,0,423731.482647797090000,5735383.854324445100000,7.894815297000037,51.764142960000072,0,
05,5,54,016,2019,08,09,4,2,8,1,0,0,0,0,0,0,1,362387.918703246860000,5757295.868750756600000,6.997632445000022,51.949324525000065,0,
05,5,54,012,2019,08,14,4,3,0,1,0,1,0,0,0,0,0,352554.404586845080000,5746152.679014327000000,6.859416786000054,51.846685492000063,0,
05,5,54,068,2019,08,18,4,3,0,6,0,1,1,0,0,0,0,351512.353230721320000,5767459.465138342200000,6.835099923000030,52.037843368000040,0,
05,5,54,012,2019,08,11,4,3,5,3,0,1,1,0,0,0,0,352158.679204888640000,5745545.885625761000000,6.853935459000070,51.841128877000074,0,
05,5,15,000,2019,08,10,4,3,5,3,0,1,0,0,0,0,0,403741.242193545210000,5755467.216614913200000,7.599632932000077,51.941582754000081,0,
05,5,62,024,2019,08,16,4,2,2,6,0,0,1,0,1,0,0,369533.865281025880000,5722623.901194701000000,7.114591494000024,51.639471468000067,0,
05,5,62,032,2019,08,11,4,3,1,5,0,1,1,0,0,0,0,374586.472960180600000,5719481.360828895100000,7.188693567000030,51.612378712000066,0,
05,5,58,024,2019,08,06,1,3,8,1,0,0,0,0,1,0,0,393583.080000001940000,5736766.582000000400000,7.457666546000041,51.771653056000048,1,
05,5,70,052,2019,08,17,5,3,5,3,0,1,1,0,0,0,0,431335.796791824510000,5755492.518282614600000,8.000992740000072,51.945900425000048,0,
05,5,66,076,2019,08,08,5,2,5,3,0,1,1,0,0,0,0,394188.002307248300000,5792809.066998943700000,7.449102333000042,52.275458673000060,0,
05,5,58,004,2019,08,17,5,3,5,3,0,0,1,0,1,0,0,404718.467000001110000,5738538.656000001400000,7.618515157000047,51.789587921000077,0,
05,5,54,028,2019,08,17,5,3,5,3,0,1,1,0,0,0,0,357882.251374926420000,5743963.807971622800000,6.937609317000067,51.828399306000051,0,
05,5,15,000,2019,08,15,5,3,6,4,0,1,0,1,0,0,0,403536.499949340710000,5762052.810101321000000,7.594804696000040,52.000740583000038,0,
05,5,62,004,2019,08,17,5,2,6,4,0,0,1,1,0,0,0,382878.786000001240000,5712299.581000002100000,7.310794129000044,51.549617402000081,0,
05,5,62,032,2019,08,16,5,3,5,2,0,0,1,0,0,0,0,375279.572000000630000,5718517.351000001700000,7.199041368000053,51.603869020000047,0,
05,5,13,000,2019,08,15,5,3,3,5,0,1,1,0,0,0,0,366734.515909164210000,5708898.435532178700000,7.079369405000023,51.515470733000029,0,
05,5,13,000,2019,08,15,5,3,3,5,0,1,1,0,0,0,0,368680.073799865320000,5709917.617982992900000,7.107012510000061,51.525085510000054,0,
05,5,13,000,2019,08,13,5,3,5,3,0,1,1,0,0,0,0,367607.299063736570000,5709463.963684953700000,7.091728033000038,51.520758182000066,0,
05,5,13,000,2019,08,15,5,3,5,3,0,1,1,0,0,0,0,368479.767606392500000,5712947.835200194300000,7.102994595000041,51.552270666000027,0,
05,5,66,048,2019,08,17,4,3,5,3,0,0,1,0,1,0,0,425996.864677560520000,5791904.249568369200000,7.915416696000023,52.272527799000045,0,
05,5,66,096,2019,08,16,4,2,3,6,0,1,0,0,0,0,0,385673.241545801050000,5785909.721041781800000,7.326690733000021,52.211751368000080,0,
05,5,62,032,2019,08,03,4,2,8,1,2,1,0,0,0,0,0,375881.699237260970000,5714109.591575499600000,7.209289778000027,51.564388641000050,0,
05,5,13,000,2019,08,18,4,2,0,7,1,0,0,0,0,1,1,369167.141162679530000,5716602.421774519600000,7.111542546000067,51.585273290000032,0,
05,5,66,040,2019,08,13,3,3,4,2,0,0,1,0,0,0,0,422431.610431444830000,5781289.257769618200000,7.865609923000022,52.176619832000029,0,
05,5,66,076,2019,08,12,3,2,1,1,0,0,1,0,0,0,0,394614.573772274890000,5796071.229323178500000,7.454331876000026,52.304858447000072,0,
05,5,66,008,2019,08,16,3,2,5,3,0,1,1,0,0,0,0,398451.459073286500000,5780535.111150858900000,7.515253142000063,52.165949427000044,0,
05,5,54,008,2019,08,22,3,3,6,7,1,0,1,1,0,0,0,336346.052225760180000,5743999.814269146000000,6.625332965000041,51.822830032000070,0,
05,5,15,000,2019,08,17,3,3,2,2,0,1,0,0,0,0,0,405902.829519827850000,5757238.719814017400000,7.630584773000066,51.957875631000036,0,
05,5,15,000,2019,08,16,3,3,0,1,0,1,0,0,0,0,0,403495.367562281900000,5759207.580088499900000,7.595006373000047,51.975159740000038,0,
05,5,15,000,2019,08,17,3,2,6,4,0,1,0,1,0,0,0,398354.984080891120000,5753625.763187388000000,7.521845430000042,51.924073718000045,1,
05,5,62,032,2019,08,21,3,3,5,7,2,0,1,0,1,0,0,377527.513041371480000,5717647.287492850800000,7.231788562000077,51.596542880000072,1,
05,5,13,000,2019,08,18,3,3,2,2,0,0,1,0,0,0,0,369805.037000001410000,5708487.368000002600000,7.123747947000027,51.512492508000037,0,
05,5,66,040,2019,08,19,2,3,0,7,0,1,0,0,0,0,0,421789.355089007880000,5782652.561110515100000,7.855904879000036,52.188783735000072,0,
05,5,66,060,2019,08,18,2,3,6,6,0,0,1,1,0,0,0,388815.088818212040000,5789436.912953555600000,7.371495384000070,52.244093062000047,0,
05,5,54,056,2019,08,17,2,3,0,7,0,0,0,0,1,0,0,356602.670692306010000,5762102.437216557600000,6.911503998000057,51.991050477000044,0,
05,5,15,000,2019,08,14,2,3,1,6,0,0,1,0,0,0,0,405849.981196225620000,5754437.037586234500000,7.630583166000065,51.932683847000078,0,
05,5,62,012,2019,08,07,2,3,4,2,0,0,1,0,0,0,0,355927.560174183920000,5724868.719002813100000,6.917171095000072,51.656321905000027,0,
05,5,13,000,2019,08,16,2,3,6,7,0,1,0,1,0,0,0,363225.778732148930000,5711763.280502032500000,7.027720616000067,51.540376675000061,0,
05,5,15,000,2019,08,16,2,3,2,6,0,0,1,0,0,0,0,401255.396000001580000,5758647.356000000600000,7.562567161000061,51.969730846000061,0,
05,5,15,000,2019,08,15,2,3,3,2,0,1,0,0,0,0,0,406112.864000000060000,5757493.589000003400000,7.633570847000044,51.960202017000029,0,
05,5,15,000,2019,08,22,2,3,9,7,2,1,0,1,0,0,0,401218.984819910490000,5758540.942467773300000,7.562067919000072,51.968767913000079,0,
05,5,62,008,2019,08,18,2,3,5,3,0,0,1,0,1,0,0,385472.685809939170000,5723231.218256479100000,7.344619010000031,51.648401541000055,0,
05,5,12,000,2019,08,22,2,3,0,7,2,1,0,0,0,0,0,358240.454137319700000,5713018.362432247000000,6.955375163000042,51.550424730000032,1,
05,5,13,000,2019,08,19,2,3,2,6,0,0,1,0,0,0,0,367426.767062252390000,5708623.699784627200000,7.089443516000074,51.513164640000070,1,
05,5,70,028,2019,08,19,1,2,8,1,0,0,1,0,0,0,0,442624.927855533550000,5744283.132805584000000,8.167085112000052,51.846405192000077,0,
05,5,70,028,2019,08,01,1,3,0,1,2,1,0,0,0,0,0,441380.219787226060000,5742221.019645892100000,8.149367217000076,51.827737032000073,0,
05,5,70,004,2019,08,19,1,3,4,6,0,0,1,0,0,0,0,423169.438864202240000,5733656.801544420400000,7.887054302000024,51.748540544000036,0,
05,5,70,004,2019,08,14,1,3,3,7,0,1,1,0,0,0,0,424887.305114222690000,5735161.177457368000000,7.911608838000063,51.762297415000035,0,
05,5,58,036,2019,08,12,1,2,0,1,0,0,0,0,1,0,0,388955.028605285100000,5729580.657728092700000,7.392912034000062,51.706168353000066,0,
05,5,58,032,2019,08,01,1,3,9,1,2,0,0,0,1,0,0,385599.033093994480000,5754572.639730980600000,7.336109327000031,51.930108638000036,0,
05,5,54,004,2019,08,15,1,2,0,3,0,1,0,0,0,0,0,361179.022755243820000,5773550.535025322800000,6.973461355000040,52.095077434000075,0,
05,5,54,012,2019,08,19,1,3,0,7,0,1,0,0,0,0,0,351803.954730539580000,5745281.090999901300000,6.848903626000038,51.838655711000058,0,
05,5,13,000,2019,08,10,1,3,5,3,0,0,1,0,1,0,0,366377.960204304200000,5705362.519488384900000,7.075573027000075,51.483610476000081,0,
05,5,66,092,2019,08,14,7,3,5,3,0,0,1,0,1,0,0,423548.699304327370000,5796579.777650013600000,7.878482843000029,52.314220157000079,0,
05,5,66,076,2019,08,09,7,3,5,3,0,1,1,0,0,0,0,396689.223469578660000,5787314.560584738900000,7.487429777000045,52.226552868000056,0,
05,5,54,008,2019,08,13,7,3,4,2,0,1,1,0,0,0,0,335721.943512504920000,5745185.945822265000000,6.615722549000054,51.833302444000026,0,
05,5,54,008,2019,08,10,7,3,2,5,0,1,1,0,0,0,0,336699.146535377020000,5743889.231709362900000,6.630503880000049,51.821939904000033,0,
05,5,62,016,2019,08,17,7,3,4,6,0,1,1,0,0,0,0,372630.854759265670000,5732207.692124787700000,7.155825008000022,51.726308884000048,0,
05,5,62,012,2019,08,20,7,3,0,7,0,1,0,0,0,0,0,358313.427405893800000,5724823.849614042800000,6.951657378000050,51.656525167000041,0,
05,5,62,014,2019,08,18,7,3,2,6,0,0,1,0,0,0,0,361350.972541339700000,5713568.291089823500000,6.999992232000068,51.556139401000053,0,
05,5,70,020,2019,08,08,2,1,3,2,0,1,0,0,0,1,0,433061.822460816240000,5743462.438003314700000,8.028436206000038,51.837962458000050,0,
05,5,66,040,2019,08,11,6,3,7,7,0,1,0,0,0,0,1,421253.212874969470000,5782037.346320373900000,7.848206610000034,52.183177361000048,0,
05,5,54,068,2019,08,17,6,3,5,3,0,0,1,0,0,0,1,350233.595388961960000,5765970.586289713200000,6.817122415000029,52.024122825000063,0,
05,5,15,000,2019,08,20,6,3,5,7,1,1,1,0,0,0,0,405210.361912852150000,5757221.633220521700000,7.620515011000066,51.957604437000043,0,
05,5,15,000,2019,08,09,6,3,5,2,0,1,1,0,0,0,0,405164.439089749940000,5756901.175906611600000,7.619935355000052,51.954716203000032,0,
05,5,62,016,2019,08,21,6,3,0,4,2,0,1,1,0,0,0,374450.789581011050000,5733918.713202070400000,7.181544182000039,51.742096018000041,0,
05,5,12,000,2019,08,11,6,3,1,5,0,1,1,0,0,0,0,360249.788068269380000,5710250.390735300300000,6.985435616000075,51.526052704000051,0,
05,5,62,014,2019,08,22,6,2,6,4,2,0,1,1,0,0,0,358392.436222500170000,5716460.559533100600000,6.956178826000041,51.581394147000026,0,
05,5,62,032,2019,08,11,6,3,5,3,0,1,1,0,0,0,0,375627.359000002030000,5719742.241999998700000,7.203626175000068,51.614954200000057,0,
05,5,13,000,2019,08,15,6,3,1,7,0,1,1,0,0,0,0,366872.789156367070000,5713708.957539761400000,7.079541851000045,51.558733667000070,0,
05,5,13,000,2019,08,19,6,3,6,4,0,0,1,1,0,0,0,368496.506012638100000,5708678.138073051300000,7.104830459000027,51.513903870000036,0,
05,5,70,044,2019,08,07,2,3,5,3,0,1,1,0,0,0,0,416508.964127025570000,5760042.213040642400000,7.784216186000037,51.984769895000056,0,
05,5,66,028,2019,08,11,2,3,0,7,0,1,0,0,0,0,0,407069.102464506400000,5797439.512893101200000,7.636562377000075,52.319405278000033,0,