ULAND,UREGBEZ,UKREIS,UGEMEINDE,UJAHR,UMONAT,USTUNDE,UWOCHENTAG,UKATEGORIE,UART,UTYP1,ULICHTVERH,IstRad,IstPKW,IstFuss,IstKrad,IstGkfz,IstSonstige,LINREFX,LINREFY,XGCSWGS84,YGCSWGS84,STRZUSTAND,UIDENTSTLAE
05,5,54,020,2019,08,22,2,3,0,7,2,1,0,0,0,0,0,365184.447104550900000,5786301.066103627900000,7.026834842000028,52.210636403000080,0,
05,5,54,068,2019,08,10,2,3,4,2,0,0,1,0,0,0,0,350185.074846126140000,5767025.707884583600000,6.815953786000023,52.033589336000034,0,
05,5,15,000,2019,08,07,2,3,5,2,0,1,1,0,0,0,0,409076.370806810450000,5752864.299980823000000,7.677912910000032,51.919083473000057,0,
05,5,70,020,2019,08,13,5,3,2,5,0,0,1,0,0,1,0,427452.065464827230000,5742698.720552802100000,7.947188655000048,51.830396256000029,0,
05,5,70,004,2019,08,10,5,3,4,6,0,0,1,0,0,0,1,425166.075649489650000,5736514.307434367000000,7.915355931000022,51.774498977000064,1,
05,5,70,036,2019,08,17,5,3,4,3,0,0,1,0,0,0,1,433841.975497397590000,5761030.550479305900000,8.036382530000026,51.995989559000066,0,
05,5,66,076,2019,08,17,5,3,5,3,0,0,1,0,1,0,0,396005.898998690770000,5793813.975282633700000,7.475427152000066,52.284837005000043,0,
05,5,66,004,2019,08,17,5,3,5,3,0,0,1,0,0,0,0,394854.618222320450000,5767579.609882313800000,7.466683470000021,52.048837556000080,0,
05,5,54,012,2019,08,12,5,3,0,7,0,0,1,0,0,1,0,353312.931038912390000,5747164.482349326800000,6.869991355000025,51.855976318000046,0,
05,5,54,008,2019,08,12,5,3,4,2,0,1,1,0,0,0,0,336047.950871765610000,5745765.144527060900000,6.620175273000029,51.838601424000046,0,
05,5,54,020,2019,08,14,5,3,4,3,0,1,1,0,1,0,0,363825.383919496090000,5786794.257475327700000,7.006758117000061,52.214733671000033,0,
05,5,62,012,2019,08,23,5,2,1,7,2,0,1,0,0,0,0,358868.460954300130000,5724405.624291267200000,6.959844733000068,51.652906713000050,0,
05,5,62,032,2019,08,00,5,3,0,1,2,1,0,0,0,0,0,376056.420592303390000,5714834.370303675500000,7.211553607000042,51.570940829000051,0,
05,5,13,000,2019,08,20,5,3,5,3,0,0,1,0,0,0,0,367623.051537342370000,5713373.146971233200000,7.090484873000037,51.555892432000064,0,
05,5,13,000,2019,08,12,5,3,5,3,0,0,1,0,0,0,0,366427.036077679130000,5708831.339592337600000,7.074966099000051,51.514795150000054,0,
05,5,13,000,2019,08,06,5,3,5,3,0,0,1,0,0,0,0,369655.793767321850000,5710329.246175482900000,7.120917105000046,51.529010794000044,1,
05,5,70,052,2019,08,12,4,3,5,3,0,1,1,0,0,0,0,430120.383000002240000,5756360.212000001200000,7.983136038000055,51.953549306000070,0,
05,5,66,040,2019,08,14,4,2,4,2,0,0,1,0,1,0,0,421719.909827044230000,5781715.797827566000000,7.855105526000045,52.180353431000071,0,
05,5,66,020,2019,08,11,4,3,0,3,0,1,0,0,0,0,1,404976.823493628760000,5804049.945107428400000,7.604004554000028,52.378460018000055,0,
05,5,15,000,2019,08,16,4,3,3,6,0,1,0,0,0,0,1,401555.745720622130000,5758914.799599710900000,7.566861198000026,51.972187957000074,0,
05,5,15,000,2019,08,00,4,3,5,7,2,1,1,0,0,0,0,405572.788563166750000,5755964.362370241400000,7.626133271000072,51.946365192000030,1,
05,5,15,000,2019,08,16,4,3,1,5,0,1,1,0,0,0,0,407157.448180687610000,5758049.197175862300000,7.648618884000030,51.965371517000051,0,
05,5,12,000,2019,08,08,4,3,5,7,0,1,1,0,0,0,0,355348.891923469490000,5710272.307283187300000,6.914827399000046,51.525015613000051,0,
05,5,13,000,2019,08,17,4,3,5,3,0,1,1,0,0,0,0,368231.232317222280000,5709716.597072562200000,7.100621428000068,51.523174438000069,0,
05,5,13,000,2019,08,16,4,3,5,3,0,0,1,0,0,0,0,366608.526944127870000,5707916.637986533300000,7.077926198000057,51.506617932000040,0,
05,5,66,088,2019,08,14,3,3,0,7,0,0,1,0,0,0,0,418849.673940059730000,5786132.808195056400000,7.812077923000061,52.219641929000034,0,
05,5,66,012,2019,08,19,3,3,3,2,1,1,0,0,0,0,0,402753.325000001120000,5774380.828000001600000,7.579890120000073,52.111409604000073,0,
05,5,58,012,2019,08,07,3,3,4,2,0,0,1,0,0,0,0,373643.056000000800000,5754148.047000002100000,7.162465037000061,51.923707521000040,0,
05,5,54,004,2019,08,15,3,3,4,2,0,1,1,0,0,0,0,361096.578999998980000,5770329.922000000300000,6.973570063000068,52.066118884000048,0,
05,5,15,000,2019,08,12,3,3,5,2,0,1,1,0,0,0,0,405208.894000000320000,5757219.747000003200000,7.620494175000033,51.957587232000037,0,
05,5,15,000,2019,08,16,3,2,9,7,0,0,0,0,1,0,0,405927.465607935560000,5756571.021500213100000,7.631126003000077,51.951878221000072,0,
05,5,62,028,2019,08,09,3,3,6,7,0,0,0,1,0,0,1,379629.377420827750000,5722474.169476652500000,7.260461057000043,51.640377079000075,0,
05,5,62,012,2019,08,21,3,3,4,6,2,1,0,0,0,0,0,362796.278638717720000,5731713.391610352300000,7.013714079000067,51.719546947000026,0,
05,5,62,032,2019,08,12,3,3,5,3,0,0,1,0,0,0,0,374389.886027351950000,5719536.215288639100000,7.185836199000050,51.612827864000053,0,
05,5,13,000,2019,08,18,3,2,4,6,0,0,1,0,1,0,0,365753.541882676070000,5708772.018337177100000,7.065288330000044,51.514102418000050,0,
05,5,62,032,2019,09,16,2,3,5,3,0,0,1,0,0,0,1,374025.764123341070000,5715094.172460090400000,7.182174797000073,51.572825637000051,1,
05,5,62,032,2019,09,06,2,3,5,3,0,0,1,0,0,1,0,376511.147763912570000,5715650.056356001600000,7.217824924000070,51.578371392000065,0,
05,5,62,032,2019,09,11,2,3,3,2,0,0,1,0,1,0,0,374822.046090725810000,5720154.367159973800000,7.191853650000041,51.618479495000031,0,
05,5,62,024,2019,09,12,1,3,6,4,0,0,1,1,0,0,0,368166.303114833310000,5723119.263309150900000,7.094653488000063,51.643604171000050,0,
05,5,13,000,2019,09,12,1,3,2,2,0,0,1,0,1,0,0,362889.033092951400000,5717572.156126735700000,7.020601629000055,51.592495047000057,0,
05,5,70,028,2019,08,10,7,2,0,7,0,1,0,0,0,0,1,444570.069486001510000,5739011.573237180700000,8.196163674000047,51.799208588000056,0,
05,5,66,076,2019,08,04,7,3,8,7,2,0,1,0,0,0,0,393730.377000001260000,5794841.189000003000000,7.441756857000030,52.293633485000043,0,
05,5,66,008,2019,08,12,7,3,5,3,0,1,1,0,0,0,0,398580.700000000190000,5780667.789999999100000,7.517102446000024,52.167165667000063,0,
05,5,54,020,2019,08,15,7,3,5,3,0,1,1,0,0,0,0,365502.795794935900000,5783399.683999160300000,7.032643034000046,52.184644264000042,0,
05,5,54,040,2019,08,09,7,3,0,1,0,1,0,1,0,0,0,352990.933946966190000,5734755.883532224200000,6.870580243000063,51.744399901000065,0,
05,5,54,012,2019,08,18,7,3,5,3,1,1,0,0,0,0,0,352191.492169644680000,5745284.758334387100000,6.854522984000028,51.838791362000052,0,
05,5,54,056,2019,08,13,7,2,0,7,0,0,0,0,0,0,1,356529.202339393090000,5762345.962651684900000,6.910332849000042,51.993219578000037,0,
05,5,15,000,2019,08,18,7,3,6,4,0,1,1,1,0,0,0,406605.544505884870000,5757160.925128061300000,7.640829554000050,51.957294847000071,0,
05,5,15,000,2019,08,05,7,3,4,2,1,1,0,0,0,0,0,404331.837999999520000,5756212.126000003900000,7.608014853000043,51.948380154000063,0,
05,5,62,012,2019,08,15,7,3,5,2,0,1,1,0,0,0,0,362624.331382467410000,5731276.188665032400000,7.011398826000061,51.715576163000037,0,
05,5,62,012,2019,08,12,7,3,2,2,0,0,1,0,0,0,0,358660.580579599370000,5725273.810979921400000,6.956490756000051,51.660655809000048,0,
05,5,12,000,2019,08,14,7,2,0,5,0,1,1,0,0,0,0,359434.472164637410000,5711142.322596291100000,6.973334357000056,51.533865302000038,0,
05,5,13,000,2019,08,19,7,3,1,7,1,1,1,0,0,0,0,364742.511311760170000,5715361.305286424200000,7.048194153000054,51.573075542000026,0,
05,5,66,076,2019,09,15,2,3,0,7,0,1,0,0,0,0,1,394378.743521716450000,5794296.570580029900000,7.451430878000053,52.288863903000049,0,
05,5,66,084,2019,09,15,2,3,6,7,0,0,1,1,0,0,0,388759.491999998690000,5775404.101000001700000,7.375284736000026,52.117968208000036,0,
05,5,54,020,2019,09,13,2,2,5,3,0,0,1,0,1,0,0,367498.303253128190000,5785422.760824499700000,7.061023015000046,52.203305604000036,0,
05,5,54,016,2019,09,09,2,3,5,3,0,1,1,0,0,0,0,364902.946005151610000,5751719.863357631500000,7.036393054000030,51.899836253000046,0,
05,5,54,008,2019,09,14,2,3,0,1,0,0,1,0,0,0,1,336590.275741768070000,5745937.022457435700000,6.627958842000055,51.840304428000081,0,
05,5,54,004,2019,09,14,2,3,5,2,0,1,0,0,0,0,1,363429.886000000870000,5770982.434000002200000,7.007326610000064,52.072562144000074,0,
05,5,15,000,2019,09,10,2,3,5,6,0,1,0,0,0,0,0,406331.782999999820000,5757755.482000000800000,7.636684587000048,51.962592958000073,0,
05,5,70,028,2019,08,06,6,2,8,1,0,0,0,0,1,0,0,442757.106002634390000,5746660.156985096600000,8.168609942000046,51.867788758000074,0,
05,5,70,028,2019,08,19,6,2,4,2,1,1,1,0,0,0,0,440650.751804584640000,5741448.640814948800000,8.138915584000074,51.820716157000049,0,
05,5,15,000,2019,09,18,2,3,6,4,0,0,1,1,0,0,0,406916.541240278630000,5755807.267927678300000,7.645720764000032,51.945179621000079,0,
05,5,70,024,2019,08,15,6,3,3,6,0,1,0,0,0,0,0,417857.660599800760000,5751773.010377781500000,7.805827141000066,51.910638433000031,0,
05,5,70,052,2019,08,16,6,3,5,3,0,1,0,0,0,0,0,430138.682958138180000,5756745.109123727300000,7.983324024000069,51.957011681000040,0,
05,5,66,072,2019,08,22,6,2,8,1,2,0,1,0,0,0,0,411960.162816583180000,5801294.048259975400000,7.707291378000036,52.354856728000073,0,
05,5,15,000,2019,09,15,2,3,5,3,0,1,1,0,0,0,0,404773.779545411470000,5759766.102466477100000,7.613457616000062,51.980400479000082,0,
05,5,66,076,2019,08,13,6,3,5,3,0,1,1,0,0,0,0,394006.447999999860000,5792433.203999998000000,7.446560453000075,52.272045733000027,0,
05,5,54,020,2019,08,20,6,3,4,6,1,1,0,0,0,0,0,365817.018364150080000,5784504.567975966300000,7.036799001000077,52.194648602000029,0,
05,5,54,020,2019,08,12,6,3,0,1,0,1,0,0,0,0,0,365811.859878120940000,5784475.572445586300000,7.036735059000023,52.194386811000072,0,
05,5,12,000,2019,08,19,6,3,1,6,0,1,1,0,0,0,0,357240.350246351210000,5709878.559859722900000,6.942233622000060,51.521958740000059,0,
05,5,62,014,2019,08,20,6,3,0,4,0,1,0,1,0,0,0,361725.673999999650000,5716880.438000002900000,7.004090266000048,51.585994856000070,0,
05,5,62,020,2019,08,19,6,3,5,3,0,1,1,0,0,0,0,371202.541153584610000,5716440.245003944300000,7.140964476000022,51.584284713000045,0,
05,5,62,032,2019,08,12,6,2,5,7,0,0,1,0,1,0,0,374343.764656901360000,5720239.305506087800000,7.184918327000048,51.619136267000044,0,
05,5,13,000,2019,08,07,6,3,1,5,0,0,1,0,0,0,0,365257.114871896800000,5717457.145875405500000,7.054811133000044,51.592032863000043,0,
05,5,13,000,2019,08,09,6,3,1,5,0,1,1,0,0,0,0,367635.035220442340000,5714114.711011430200000,7.090378451000049,51.562559412000041,0,
05,5,62,012,2019,09,17,2,3,6,4,0,1,0,1,0,0,0,359658.729052925480000,5730234.883094476500000,6.968917891000046,51.705485123000074,0,
05,5,13,000,2019,08,10,6,3,3,6,0,0,1,0,0,0,0,363964.188626704740000,5716874.117034727700000,7.036383780000051,51.586482889000081,0,
05,5,62,024,2019,09,17,2,3,0,7,0,0,0,0,1,0,0,370327.297949005850000,5726118.655364299200000,7.124754902000063,51.671061165000026,0,
05,5,62,020,2019,09,09,2,3,2,6,0,0,1,0,1,0,0,371708.491971069950000,5719198.576949028300000,7.147254465000060,51.609188907000032,0,
05,5,70,008,2019,09,19,5,2,5,6,1,0,1,0,0,0,0,431687.807332579980000,5738809.110665934200000,8.009414264000043,51.795963146000076,0,
05,5,70,004,2019,09,16,5,3,5,2,0,1,1,0,0,0,0,423907.431795773100000,5735371.694778086600000,7.897367078000059,51.764057590000050,0,
05,5,66,004,2019,09,19,5,3,5,3,0,1,1,0,0,0,0,394368.408768494610000,5767462.398367775600000,7.459632159000023,52.047691652000026,0,
05,5,58,004,2019,09,16,5,3,1,7,0,1,1,0,0,0,0,405450.608371654530000,5738610.223820785100000,7.629107662000024,51.790355448000071,0,
05,5,54,008,2019,09,09,5,3,5,3,0,0,1,0,0,0,0,335129.519388186750000,5746046.697749186300000,6.606722239000021,51.840860353000039,0,
05,5,54,004,2019,09,07,5,2,0,1,0,1,0,0,0,0,0,361380.874000000770000,5771001.503000000500000,6.977442054000051,52.072224419000065,0,
05,5,15,000,2019,09,07,5,2,3,2,0,1,0,0,0,0,0,404929.067377641800000,5758084.687903273900000,7.616183694000029,51.965313889000072,0,
05,5,15,000,2019,09,09,5,3,0,7,0,0,1,0,1,0,0,404929.976292097940000,5760442.566513288800000,7.615543720000062,51.986507529000050,0,
05,5,62,008,2019,09,05,5,3,6,1,2,0,1,1,0,0,0,385019.797085116620000,5724468.532470975100000,7.337669033000054,51.659429720000048,0,
05,5,62,020,2019,09,09,5,3,2,6,0,0,1,0,0,0,0,370991.376064670270000,5717354.565668143300000,7.137582235000025,51.592453263000039,0,
05,5,13,000,2019,09,15,5,3,5,3,0,1,1,0,0,0,0,368228.407116835010000,5707037.571249255900000,7.101582017000055,51.499097996000046,0,
05,5,66,012,2019,09,10,4,3,5,2,0,1,1,0,0,0,0,405005.824000000020000,5772261.108000000900000,7.613364278000063,52.092748729000050,0,
05,5,54,012,2019,09,17,4,3,5,2,0,1,1,0,0,0,0,351886.490269005300000,5745309.441974055000000,6.850088599000060,51.838932336000028,1,
05,5,54,016,2019,09,18,4,3,5,2,0,0,1,0,1,0,0,363087.522000000810000,5757782.212000001200000,7.007611834000045,51.953867239000033,1,
05,5,15,000,2019,09,09,4,2,5,3,0,1,1,0,0,0,0,403731.569873829370000,5761797.676032837500000,7.597717051000075,51.998481229000049,0,
05,5,62,024,2019,09,20,4,3,2,2,2,0,1,0,1,0,0,370802.521585937590000,5726321.396651394700000,7.131548355000064,51.672992622000038,1,
05,5,70,008,2019,09,07,3,3,2,6,0,0,0,0,1,0,0,433493.144087920900000,5733464.735466832300000,8.036612732000037,51.748134631000028,0,
05,5,54,020,2019,09,17,3,3,5,3,0,1,1,0,0,0,0,366321.074475093740000,5787277.172084657500000,7.043074464000029,52.219683977000045,0,
05,5,54,020,2019,09,07,3,3,0,5,0,1,1,0,0,0,0,365896.210994685070000,5786218.136838926000000,7.037278452000066,52.210064918000057,0,
05,5,54,008,2019,09,15,3,3,5,3,0,1,1,0,0,0,0,333316.487416189160000,5743404.212859857800000,6.581701592000059,51.816584192000050,0,
05,5,54,008,2019,09,12,3,3,5,3,0,1,1,0,0,0,0,336588.432619409640000,5745934.753301831000000,6.627933184000028,51.840283503000080,0,
05,5,62,012,2019,09,13,3,3,0,7,0,0,0,0,0,0,1,362173.305980092850000,5726524.279802143600000,7.006751560000055,51.672764974000074,0,
05,5,62,020,2019,09,07,3,3,0,2,0,1,1,0,0,0,0,367844.096629501320000,5719200.776829354500000,7.091478108000047,51.608314920000055,0,
05,5,66,084,2019,09,08,2,3,1,2,0,1,1,0,0,0,0,385785.085000000890000,5778883.412000000500000,7.330693343000064,52.148630123000032,0,
05,5,66,008,2019,09,09,2,2,5,3,0,1,0,0,1,0,0,400097.067576992330000,5780137.751763483500000,7.539422090000073,52.162678367000069,0,
05,5,58,036,2019,09,22,2,2,0,1,2,1,0,0,0,0,0,387671.232920589860000,5729133.558190671700000,7.374484485000039,51.701894370000048,0,
05,5,54,020,2019,09,08,2,3,2,2,0,0,1,0,0,0,0,368274.066128603180000,5786383.176858400900000,7.071994597000071,52.212121396000043,0,
05,5,15,000,2019,09,12,2,2,6,4,0,0,1,1,0,0,0,410129.283000000750000,5752193.635000001600000,7.693393618000073,51.913225972000077,0,
05,5,13,000,2019,09,15,2,3,5,3,0,1,1,0,0,0,0,366623.274947853760000,5714328.150470169300000,7.075709683000071,51.564239136000026,0,
05,5,66,076,2019,09,18,1,3,5,3,0,0,1,0,0,0,0,392763.779513146730000,5792880.974286517100000,7.428212944000052,52.275828961000059,0,
05,5,54,008,2019,09,03,1,2,0,7,2,1,0,0,0,0,0,335733.616668317470000,5745364.180377857800000,6.615807209000025,51.834907033000036,1,
05,5,66,076,2019,09,13,7,3,5,3,0,0,1,0,0,0,0,392767.168070749380000,5792880.917987188300000,7.428262608000068,52.275829115000079,0,
05,5,54,068,2019,09,12,7,3,5,2,0,1,1,0,0,0,0,351143.385973826980000,5767772.257359053900000,6.829588511000054,52.040554709000048,0,
05,5,15,000,2019,09,22,7,3,6,7,2,0,1,1,0,0,0,406504.668138939890000,5756435.380915343800000,7.639559362000057,51.950756347000038,0,
05,5,15,000,2019,09,00,7,3,0,1,2,1,0,0,0,0,0,405702.332999999630000,5757900.534000000000000,7.627486117000046,51.963790341000049,0,
05,5,62,028,2019,09,16,7,3,5,2,0,1,1,0,0,0,0,378357.436058846300000,5723351.235257186000000,7.241783892000058,51.647985840000047,0,
05,5,13,000,2019,09,18,7,3,1,6,0,0,1,0,0,0,0,366576.906687460840000,5713567.877366252200000,7.075329651000061,51.557395931000030,0,
05,5,13,000,2019,09,19,7,2,0,6,0,0,1,0,0,0,0,369816.498054046180000,5706423.023291954800000,7.124674925000022,51.493943089000027,0,
05,5,66,068,2019,09,16,6,3,4,7,0,1,1,0,0,0,0,376102.504445231520000,5785683.350300246800000,7.186767435000036,52.207648473000063,0,
05,5,58,016,2019,09,14,6,3,5,3,0,0,1,0,0,0,0,381120.060727198610000,5742944.369773142000000,7.275001786000075,51.824666130000026,0,
05,5,58,016,2019,09,11,6,2,1,5,0,1,1,0,0,0,0,381151.618851245380000,5744655.273298865200000,7.274871913000027,51.840048971000044,0,
05,5,15,000,2019,09,14,6,3,0,5,0,1,0,0,0,1,0,405954.697183314710000,5757762.931975700000000,7.631195855000044,51.962596262000034,0,
05,5,15,000,2019,09,10,6,2,3,6,0,1,1,0,0,0,0,402146.711947721430000,5758466.863399466500000,7.575589207000064,51.968266172000028,0,
05,5,62,014,2019,09,07,6,3,5,3,0,1,1,0,0,0,0,361357.026411457920000,5716391.572190666600000,6.998965587000043,51.581511277000061,0,
05,5,13,000,2019,09,15,6,3,0,1,0,0,0,0,1,0,0,366545.414000000800000,5708385.410000000100000,7.076839921000044,51.510815719000050,0,
05,5,70,048,2019,09,15,5,3,8,1,0,0,1,1,0,0,0,448362.423659121620000,5730876.711503222600000,8.252363627000023,51.726434730000051,0,
05,5,70,004,2019,09,07,5,3,5,3,0,1,1,0,0,0,0,424639.947640063240000,5734820.570992944800000,7.908099171000060,51.759202231000074,1,
05,5,66,048,2019,09,15,5,3,0,3,0,1,1,0,0,0,0,429170.126000000160000,5795924.781000001400000,7.961070026000073,52.309086454000067,0,
05,5,66,012,2019,09,16,5,3,5,7,0,0,1,0,1,0,0,404892.320617814550000,5772906.632634364100000,7.611527837000040,52.098531318000028,0,
05,5,54,052,2019,09,21,5,3,8,1,2,0,1,0,0,0,0,374951.744799680080000,5773514.876866592100000,7.174415078000038,52.098040906000051,0,
05,5,54,012,2019,09,22,5,3,3,6,2,1,0,0,0,0,0,352181.276424572800000,5745683.390073915900000,6.854204470000070,51.842370322000079,0,
05,5,15,000,2019,09,15,5,3,6,4,0,0,1,1,0,0,0,404459.856877970510000,5758990.506799006800000,7.609104132000027,51.973375268000041,0,
05,5,15,000,2019,09,13,5,3,2,7,0,0,1,0,1,0,0,405538.579644045790000,5758925.297382347300000,7.624821461000067,51.972973540000055,0,
05,5,15,000,2019,09,15,5,3,6,4,0,1,0,1,0,0,0,405466.695968887770000,5757550.089476482900000,7.624153917000058,51.960600379000027,0,
05,5,62,004,2019,09,16,5,3,3,5,0,0,0,0,1,0,1,383046.415365058000000,5716178.903524836500000,7.311919614000033,51.584518442000046,0,
05,5,62,004,2019,09,15,5,3,6,4,0,0,1,1,0,0,0,382589.736740255730000,5714964.735981725200000,7.305737057000044,51.573510942000041,0,
05,5,62,004,2019,09,07,5,2,5,3,0,0,1,0,0,0,0,384992.953817171980000,5717103.010825501800000,7.339699874000075,51.593224768000027,1,
05,5,62,024,2019,09,14,5,3,5,3,0,1,1,0,0,0,0,369141.953221862200000,5726072.962294478000000,7.107640337000021,51.670375699000033,0,
05,5,12,000,2019,09,16,5,3,0,7,0,0,1,0,0,0,0,357331.101113933140000,5707741.242744308000000,6.944405744000051,51.502775923000058,0,
05,5,13,000,2019,09,22,5,2,0,5,2,0,1,0,0,1,0,363939.458000000570000,5713100.713000001400000,7.037488148000023,51.552567837000026,0,
05,5,13,000,2019,09,14,5,3,5,3,0,0,1,0,0,0,1,368791.336650324050000,5715964.150827739400000,7.106359836000024,51.579449976000035,0,
05,5,13,000,2019,09,13,5,2,5,2,0,1,1,0,0,0,0,368898.805555621160000,5711478.978993492200000,7.109582402000058,51.539167939000038,0,
05,5,13,000,2019,09,07,5,3,5,3,0,0,1,0,0,0,0,368226.671366310680000,5707036.540783409000000,7.101557410000055,51.499088330000063,0,
05,5,66,068,2019,09,06,4,3,6,7,1,0,1,1,0,0,0,378565.859579435550000,5785706.528305310800000,7.222791197000049,52.208405034000066,0,
05,5,58,012,2019,09,17,4,3,3,6,0,1,1,0,0,0,0,374000.707425364290000,5756050.766581509300000,7.166966489000060,51.940887287000066,1,
05,5,58,040,2019,09,17,4,3,5,3,0,1,1,0,0,0,0,381479.288068708030000,5765224.107147721600000,7.272540268000057,52.024970491000033,1,
05,5,58,012,2019,09,20,4,3,0,1,2,1,0,0,0,0,0,372334.844726515930000,5755569.011408785400000,7.142924058000062,51.936178358000063,1,
05,5,54,036,2019,09,17,4,3,3,5,0,1,1,0,0,0,0,369810.086657539940000,5766419.488785531400000,7.102101172000062,52.033096457000056,1,
05,5,54,048,2019,09,11,4,3,5,3,0,1,1,0,0,0,0,341425.706578488460000,5745688.206577345700000,6.698201510000047,51.839463048000027,1,
05,5,54,008,2019,09,17,4,3,5,3,0,1,0,0,0,0,0,335702.890877975150000,5745611.125479435500000,6.615244415000063,51.837116407000053,1,
05,5,15,000,2019,09,19,4,3,0,5,1,1,0,0,0,0,1,407647.214484248310000,5755381.514449913100000,7.656462579000049,51.941474487000050,1,
05,5,15,000,2019,09,15,4,3,5,3,0,0,1,0,0,0,0,406425.961491718890000,5751477.851491406600000,7.639762505000022,51.906182210000054,0,
05,5,15,000,2019,09,15,4,3,2,2,0,1,0,0,0,0,1,405620.842922703360000,5757058.862431617500000,7.626531646000046,51.956211204000056,0,
05,5,15,000,2019,09,16,4,3,0,7,0,0,1,0,1,0,0,406233.350351955740000,5760118.565588735000000,7.634606799000039,51.983816813000033,1,
05,5,62,014,2019,09,12,4,3,5,3,0,0,1,0,0,0,0,361614.437181688850000,5713450.682541253000000,7.003836496000076,51.555147242000032,0,
05,5,62,020,2019,09,13,4,3,3,6,0,0,1,0,0,0,0,371263.522563211620000,5717312.754250623300000,7.141524158000038,51.592139763000034,0,
05,5,13,000,2019,09,21,4,3,6,2,2,0,1,1,0,0,0,364822.020027507100000,5715658.409234458600000,7.049226442000077,51.575764506000041,1,
05,5,13,000,2019,09,19,4,3,2,6,1,0,1,0,0,0,0,369702.353556233460000,5710545.723392760400000,7.121507846000043,51.530966987000056,1,
05,5,54,008,2019,09,13,6,3,4,6,0,1,0,0,0,0,0,335753.066984389910000,5744375.839351655900000,6.616558228000031,51.826034058000062,0,
05,5,54,056,2019,09,15,6,3,1,5,0,1,0,0,0,0,1,355677.705842336640000,5762000.852016812200000,6.898084963000031,51.989898178000033,0,
05,5,15,000,2019,09,12,6,3,2,6,0,1,1,0,0,0,0,404865.010046359150000,5754412.476958392200000,7.616267992000076,51.932295590000081,0,
05,5,62,008,2019,09,23,6,2,0,7,2,1,0,0,0,0,0,386567.753000002350000,5724098.933000002100000,7.360158655000021,51.656422390000046,0,
05,5,12,000,2019,09,12,6,2,8,1,0,0,1,0,0,0,0,359740.707701614130000,5710992.275886425700000,6.977806448000024,51.532593134000081,1,
05,5,62,020,2019,09,16,6,3,1,3,0,1,1,0,0,0,0,367774.212264447470000,5718225.867535654500000,7.090837073000046,51.599537422000026,0,
05,5,62,032,2019,09,17,6,3,4,6,0,1,1,0,0,0,0,375575.892807599160000,5720755.147225055800000,7.202523504000055,51.624045923000040,0,
05,5,70,004,2019,09,19,3,3,2,6,0,0,1,0,0,0,0,423610.615122820250000,5734854.721442325000000,7.893180523000069,51.759369766000077,0,
05,5,70,004,2019,09,17,3,3,0,6,0,0,1,0,1,0,0,423502.418966069820000,5733328.473551048000000,7.891949006000061,51.745634554000048,0,
05,5,66,076,2019,09,14,3,3,4,6,0,1,0,0,0,0,0,393041.171105328950000,5792894.149507612000000,7.432272908000073,52.276001405000045,0,
05,5,66,084,2019,09,14,3,3,0,3,0,0,1,0,1,0,0,390849.623127401810000,5776272.203789040400000,7.405520617000036,52.126186680000046,0,
05,5,54,004,2019,09,17,3,3,5,3,0,1,1,0,0,0,0,360879.089719185610000,5773136.755148928600000,6.969254719000048,52.091284231000031,0,
05,5,54,008,2019,09,07,3,3,5,3,1,0,1,0,1,0,0,335227.776842721740000,5744466.608104348200000,6.608899523000048,51.826694814000064,0,
05,5,54,008,2019,09,08,3,3,0,6,0,1,0,0,0,0,0,335564.524110427130000,5745371.619076339500000,6.613351730000034,51.834924105000027,0,
05,5,54,008,2019,09,17,3,2,0,1,0,1,0,0,0,0,0,335675.283787118270000,5745563.634092919500000,6.614866630000051,51.836681651000049,0,
05,5,54,020,2019,09,15,3,3,0,3,0,1,1,0,0,0,0,363904.749906699170000,5787068.920767419000000,7.007808616000034,52.217221181000070,0,
05,5,15,000,2019,09,15,3,3,5,2,0,1,1,0,0,0,0,407071.815041758120000,5758349.409738559300000,7.647291565000046,51.968055669000080,0,
05,5,62,004,2019,09,17,3,3,0,7,0,1,0,0,0,0,1,384865.344878903590000,5714910.325980311300000,7.338577545000021,51.573491259000036,0,
05,5,13,000,2019,09,19,3,3,6,4,1,0,1,1,0,0,0,368613.430804745290000,5709360.907901428600000,7.106260010000028,51.520066980000081,0,
05,5,13,000,2019,09,15,3,3,5,3,0,0,1,0,0,0,0,365264.354808104220000,5709741.240633245600000,7.057872141000075,51.522695911000028,0,
05,5,13,000,2019,09,07,3,3,1,6,0,0,1,0,0,0,0,368392.904730713930000,5709012.367301782600000,7.103213490000030,51.516883387000064,0,
05,5,70,004,2019,09,11,3,3,2,6,0,1,1,0,0,0,0,423145.167564611880000,5734261.949139939600000,7.886569016000067,51.753977275000068,0,
05,5,70,044,2019,09,14,3,3,5,3,0,1,0,0,0,0,0,416499.719636111520000,5759855.654288414900000,7.784127017000060,51.983091537000064,0,
05,5,66,048,2019,09,17,3,3,1,5,0,1,1,0,0,0,0,426610.765517435040000,5792118.710287427500000,7.924365577000060,52.274537863000035,0,
05,5,66,076,2019,09,15,3,3,5,2,0,1,1,0,0,0,0,393471.444783760230000,5792890.231326606100000,7.438578249000045,52.276049735000072,1,
05,5,58,016,2019,09,10,3,3,5,3,0,1,1,0,0,0,0,381165.969108223920000,5743326.739459127200000,7.275536356000032,51.828112310000051,0,
05,5,54,056,2019,09,14,3,3,0,3,0,0,1,0,0,0,0,356736.515402158720000,5762112.361879415800000,6.913447822000023,51.991174189000049,0,
05,5,54,056,2019,09,11,3,3,8,1,0,1,0,0,0,0,0,355568.682000000030000,5762588.894000003100000,6.896250591000069,51.995153342000037,0,
05,5,15,000,2019,09,14,3,3,1,6,0,0,1,0,1,0,0,406238.109000000170000,5757692.811999999000000,7.635338714000056,51.962013861000059,1,
05,5,15,000,2019,09,07,3,3,5,3,0,1,1,0,0,0,0,406409.190364121460000,5756529.895987397100000,7.638144760000046,51.951589837000029,0,
05,5,15,000,2019,09,13,3,3,8,7,0,1,0,0,0,0,0,410634.435000001450000,5760696.883000001300000,7.698524662000068,51.989740532000042,1,
05,5,15,000,2019,09,15,3,3,4,7,0,1,0,0,0,0,0,405904.056153533980000,5760101.440464038400000,7.629817924000065,51.983607208000080,0,
05,5,12,000,2019,09,17,3,3,5,3,0,0,1,0,1,0,0,356562.065326299520000,5709031.709430556700000,6.932808179000062,51.514177231000076,0,
05,5,62,032,2019,09,10,3,3,8,1,0,0,0,0,0,0,1,371574.139582960870000,5722093.947439236600000,7.144253823000042,51.635178457000052,0,