ULAND,UREGBEZ,UKREIS,UGEMEINDE,UJAHR,UMONAT,USTUNDE,UWOCHENTAG,UKATEGORIE,UART,UTYP1,ULICHTVERH,IstRad,IstPKW,IstFuss,IstKrad,IstGkfz,IstSonstige,LINREFX,LINREFY,XGCSWGS84,YGCSWGS84,STRZUSTAND,UIDENTSTLAE
05,5,15,000,2019,10,01,1,3,0,1,2,1,0,0,0,0,0,406095.607554780320000,5757509.472507458200000,7.633315433000064,51.960341871000026,0,
05,5,62,004,2019,10,16,1,3,0,6,0,0,1,1,0,0,0,382381.826768633910000,5719073.359178617600000,7.301361163000024,51.610394405000079,1,
05,5,62,032,2019,10,11,1,3,0,6,0,0,1,0,1,0,0,375624.173449103720000,5719121.735073657700000,7.203800372000046,51.609376918000066,1,
05,5,70,052,2019,10,10,2,3,5,2,0,1,1,0,0,0,0,431733.410094163380000,5755207.846097515900000,8.006833269000026,51.943390248000071,0,
05,5,58,012,2019,10,11,2,2,0,1,0,1,0,0,0,0,0,374465.673923686150000,5755548.003805454800000,7.173910590000048,51.936474314000066,0,
05,5,66,072,2019,10,16,7,3,5,3,0,0,1,0,0,0,0,413308.641662389040000,5800892.998777639100000,7.727189619000058,52.351466923000032,0,
05,5,66,080,2019,10,12,7,3,0,5,0,0,1,0,0,0,1,407707.219408743080000,5782055.610347641600000,7.650125759000048,52.181241359000069,0,
05,5,54,008,2019,10,18,2,3,3,6,1,1,0,0,0,0,0,334506.374810522420000,5746221.252676917200000,6.597601661000056,51.842244118000053,0,
05,5,58,044,2019,10,19,7,3,5,3,2,0,1,0,1,0,0,395089.523000000980000,5746545.784000001800000,7.476529711000069,51.859833534000074,1,
05,5,58,016,2019,10,20,7,3,0,5,2,1,1,0,0,0,0,381415.714198365810000,5743235.067191185400000,7.279190177000032,51.827341505000049,0,
05,5,15,000,2019,10,06,7,3,1,1,0,0,1,0,0,0,0,408400.225837177600000,5760765.380087928800000,7.665977880000071,51.989992247000032,0,
05,5,15,000,2019,10,16,7,3,1,7,0,1,1,0,0,0,0,403816.323902715000000,5754367.614325098700000,7.601032351000072,51.931712104000042,0,
05,5,15,000,2019,10,00,7,3,6,6,2,1,0,1,0,0,0,406358.785648089830000,5756962.676705423700000,7.637293600000021,51.955471396000064,1,
05,5,54,008,2019,10,06,2,3,5,3,2,1,1,0,0,0,0,338771.979236954820000,5745787.514020746600000,6.659669226000062,51.839595408000037,0,
05,5,15,000,2019,10,11,2,3,5,3,0,1,0,0,0,0,0,405657.454624214210000,5755114.684842484100000,7.627597868000066,51.938742261000073,0,
05,5,62,028,2019,10,14,2,3,6,6,0,1,0,1,0,0,0,379696.429225208240000,5722333.239185333300000,7.261478025000031,51.639124833000039,0,
05,5,13,000,2019,10,14,2,3,2,2,0,0,1,0,0,0,0,362981.080645646900000,5716500.502285471200000,7.022347938000053,51.582887313000072,0,
05,5,70,008,2019,10,20,6,3,1,6,2,0,1,0,0,0,0,433443.853130362000000,5734855.565331460900000,8.035632533000069,51.760632424000050,1,
05,5,70,004,2019,10,20,6,3,5,3,2,0,1,0,0,0,0,423193.832840137180000,5733304.324333889400000,7.887485442000070,51.745375242000080,1,
05,5,66,016,2019,10,11,6,3,5,3,0,1,1,0,0,0,0,407796.373999999840000,5789138.814000003000000,7.649499745000071,52.244921063000049,1,
05,5,66,084,2019,10,12,6,3,5,3,0,0,1,0,1,0,0,385812.032819908110000,5778723.122109908600000,7.331140888000050,52.147195184000054,1,
05,5,66,084,2019,10,13,6,3,1,6,0,0,1,0,0,0,0,386023.024787581530000,5778705.104653745900000,7.334229170000072,52.147076843000036,1,
05,5,66,008,2019,10,15,6,2,5,2,0,1,1,0,0,0,0,401338.697134381160000,5779787.796592956400000,7.557670110000061,52.159756339000069,1,
05,5,66,012,2019,10,15,6,3,1,3,0,1,1,0,0,0,0,404924.360434480010000,5773622.025306891600000,7.611795782000058,52.104966890000071,1,
05,5,58,032,2019,10,14,6,3,5,2,0,1,1,0,0,0,0,387558.475936118510000,5754129.027530133700000,7.364740493000056,51.926520991000075,1,
05,5,54,008,2019,10,13,6,3,5,3,0,1,1,0,0,0,0,336588.432619409640000,5745934.753301831000000,6.627933184000028,51.840283503000080,0,
05,5,62,028,2019,10,14,6,3,5,3,0,0,1,0,0,0,0,378835.947273989210000,5723083.702963642800000,7.248789451000050,51.645684769000070,1,
05,5,62,004,2019,10,21,6,3,5,3,2,1,1,0,0,0,0,383272.631295430470000,5716239.084769226600000,7.315163230000053,51.585106237000048,1,
05,5,62,014,2019,10,19,6,3,8,1,2,0,1,0,0,0,0,360422.223906622270000,5712705.879310388100000,6.986946158000023,51.548160660000065,1,
05,5,13,000,2019,10,18,6,3,5,3,0,0,1,1,0,0,0,365677.558998486030000,5712290.074386360100000,7.062852189000068,51.545699514000034,1,
05,5,13,000,2019,10,13,6,3,9,7,0,0,1,0,0,0,0,368711.770012889990000,5713428.974584795500000,7.106159339000044,51.556648569000060,1,
05,5,13,000,2019,10,12,6,3,6,2,0,0,1,1,0,0,0,368881.338237227870000,5708503.605385579200000,7.110438156000043,51.512424821000081,1,
05,5,66,076,2019,10,20,5,3,5,3,2,0,1,0,0,0,0,390606.745738655330000,5793468.105484655100000,7.396419592000029,52.280680543000074,1,
05,5,66,068,2019,10,17,5,2,0,7,0,1,0,1,0,0,0,375825.105697714720000,5784806.890685627200000,7.183031290000031,52.199710070000037,1,
05,5,15,000,2019,10,21,5,3,1,7,2,1,1,0,0,0,0,404255.312943981960000,5748982.779522137700000,7.608911677000037,51.883386502000064,0,
05,5,62,004,2019,10,04,5,3,9,1,2,0,1,0,0,0,0,382975.211000001060000,5711935.737999999900000,7.312305218000063,51.546367279000037,0,
05,5,13,000,2019,10,11,5,3,5,3,0,0,1,0,0,0,0,367606.796488730240000,5709102.676092058400000,7.091856525000026,51.517511279000075,0,
05,5,66,060,2019,10,07,4,3,5,3,0,1,1,0,0,0,0,388984.329687867310000,5789678.270246049400000,7.373893829000053,52.246296292000068,1,
05,5,66,068,2019,10,17,4,3,6,4,0,0,1,1,0,0,0,379040.231470013040000,5784893.303087785800000,7.230020587000070,52.201201428000047,0,
05,5,58,004,2019,10,15,4,3,5,3,0,1,1,0,0,0,0,404304.264679310840000,5738483.180847281600000,7.612526845000048,51.789018571000042,1,
05,5,58,004,2019,10,11,4,2,0,7,0,1,0,0,0,0,0,403038.908652472310000,5741570.073943531100000,7.593323188000056,51.816547381000078,0,
05,5,54,020,2019,10,15,4,2,5,3,0,1,1,0,0,0,0,364685.575530339960000,5786753.943205755200000,7.019357022000065,52.214583353000080,0,
05,5,54,068,2019,10,16,4,3,5,2,1,1,1,0,0,0,0,351288.831000000240000,5767365.430000001600000,6.831884456000068,52.036938615000054,1,
05,5,54,056,2019,10,07,4,3,4,2,0,1,1,0,0,0,0,356763.873233042660000,5762373.011227594700000,6.913737103000074,51.993523180000068,0,
05,5,54,012,2019,10,13,4,3,8,7,0,0,1,0,0,0,0,354378.404023740440000,5743134.069491442300000,6.887147858000049,51.820041730000071,1,
05,5,54,048,2019,10,08,4,3,5,3,0,1,1,0,0,0,0,341284.656036259610000,5744305.942965181500000,6.696789783000043,51.827004804000069,0,
05,5,54,008,2019,10,16,4,3,5,6,0,1,0,0,0,0,0,335327.427482974720000,5744739.345793930800000,6.610214517000031,51.829174302000069,0,
05,5,54,068,2019,10,15,4,3,1,6,0,1,1,0,0,0,0,351370.650471431200000,5767607.792419716700000,6.832971074000056,52.039138047000051,0,
05,5,15,000,2019,10,15,4,3,5,2,0,1,0,0,0,0,0,405699.282058048990000,5757616.283359833100000,7.627519772000028,51.961234856000033,1,
05,5,62,036,2019,10,07,4,3,2,6,0,0,1,0,0,0,0,389013.622997486030000,5719094.809134043800000,7.397089047000065,51.611933626000052,1,
05,5,12,000,2019,10,20,4,3,5,7,2,0,1,0,0,0,0,356635.719879031180000,5711715.173220645600000,6.932776821000061,51.538309082000069,0,
05,5,62,020,2019,10,13,4,3,5,3,0,1,1,0,0,0,0,370517.768000000160000,5717698.498000001500000,7.130622042000027,51.595435462000069,0,
05,5,62,032,2019,10,15,4,3,2,6,0,0,1,0,0,1,0,376768.127000001260000,5716335.665000001000000,7.221291070000063,51.584589381000058,1,
05,5,62,032,2019,10,15,4,2,5,7,0,0,1,0,1,0,0,375042.384411401120000,5720037.213453507100000,7.195076428000050,51.617475585000079,0,
05,5,62,032,2019,10,11,4,3,6,4,0,0,1,1,0,0,0,374794.392349865290000,5719117.047974344300000,7.191824992000022,51.609150885000076,0,
05,5,13,000,2019,10,05,4,3,1,5,2,1,1,0,0,0,0,364812.321057564580000,5716764.039857830900000,7.048660916000074,51.585697803000073,1,
05,5,70,008,2019,10,13,5,3,1,5,0,1,1,0,0,0,0,432436.975000000560000,5733749.209000000700000,8.021260672000039,51.750565676000065,0,
05,5,70,004,2019,10,16,5,3,5,3,0,0,1,0,1,0,0,425372.114034747700000,5734963.042185079300000,7.918674973000066,51.760581060000050,0,
05,5,66,076,2019,10,17,5,3,7,7,0,0,1,0,0,0,0,394770.646252935750000,5794220.346409745500000,7.457198311000070,52.288254044000041,0,
05,5,66,060,2019,10,16,5,3,3,7,0,0,1,0,1,0,0,389089.258662565610000,5788875.591430334400000,7.375693587000058,52.239103798000031,0,
05,5,54,020,2019,10,09,5,3,5,2,0,1,0,0,0,0,0,366055.723624565640000,5785927.430297993100000,7.039726579000046,52.207491605000030,1,
05,5,15,000,2019,10,15,5,3,5,2,0,1,1,0,0,0,0,407171.914963285440000,5757929.435931155500000,7.648861768000074,51.964297457000043,0,
05,5,62,012,2019,10,11,5,2,5,3,0,1,1,0,0,0,0,361653.983355592000000,5726343.986539017400000,6.999317451000024,51.671017214000074,0,
05,5,12,000,2019,10,18,5,3,5,2,2,1,1,0,0,0,0,355890.003604299390000,5710389.754703197600000,6.922574053000062,51.526209305000066,0,
05,5,62,032,2019,10,11,5,3,3,6,0,0,1,0,0,0,1,375534.674258549700000,5719712.397889185700000,7.202298794000058,51.614665502000037,0,
05,5,13,000,2019,10,11,5,3,6,6,0,0,1,1,0,0,0,365117.971828821120000,5716011.596509708100000,7.053359074000070,51.579009283000062,0,
05,5,54,004,2019,10,10,4,3,5,3,0,0,1,0,0,0,0,360609.352570172400000,5770603.069127423700000,6.966355337000039,52.068450775000031,0,
05,5,54,052,2019,10,15,4,3,2,1,0,1,1,0,0,0,0,379158.582000002260000,5772888.501000000200000,7.236020921000034,52.093346740000072,1,
05,5,54,068,2019,10,10,4,3,5,7,0,1,1,0,0,0,0,350855.502662105490000,5767437.759064920200000,6.825540172000046,52.037472075000039,0,
05,5,15,000,2019,10,08,4,3,5,3,0,0,1,0,1,0,0,400409.600491468790000,5761044.042285628600000,7.549563398000032,51.991121614000065,0,
05,5,62,012,2019,10,08,4,2,5,3,0,1,0,0,0,0,0,363343.570912531580000,5731098.623128067700000,7.021873213000049,51.714156241000069,0,
05,5,13,000,2019,10,08,4,3,5,3,0,0,1,0,0,0,0,364624.590723639350000,5716989.456477332900000,7.045865925000044,51.587678411000070,0,
05,5,13,000,2019,10,15,4,3,0,1,0,1,0,0,0,0,0,365408.913299871610000,5709567.705525856500000,7.060020861000055,51.521170899000026,1,
05,5,58,020,2019,10,07,3,3,6,4,0,1,0,1,0,0,0,391414.905230761510000,5759667.813193248600000,7.419051814000056,51.977067022000028,1,
05,5,54,068,2019,10,10,3,3,5,3,0,1,1,0,0,0,0,351561.239961444400000,5767144.635570593200000,6.835948768000037,52.035027876000072,1,
05,5,54,008,2019,10,07,3,3,5,2,1,1,1,0,0,0,0,335274.848493067550000,5744977.504029804800000,6.609338854000043,51.831298270000048,1,
05,5,54,020,2019,10,13,3,3,0,1,0,1,0,1,0,0,0,365827.626171885060000,5783117.077428555100000,7.037503292000054,52.182184040000038,1,
05,5,15,000,2019,10,07,3,3,5,3,1,1,1,0,0,0,0,411318.179999998770000,5760959.980000002300000,7.708411588000047,51.992215022000039,1,
05,5,15,000,2019,10,12,3,3,1,7,0,0,1,0,0,0,0,404664.720664235760000,5754293.525333229500000,7.613388678000035,51.931192129000067,1,
05,5,15,000,2019,10,19,3,3,2,6,2,0,1,0,0,0,1,402513.667999999600000,5758308.655999999500000,7.580973984000025,51.966908643000068,0,
05,5,62,012,2019,10,13,3,3,5,3,0,1,1,0,0,0,0,362925.746000000280000,5731819.819000002000000,7.015545274000033,51.720534960000066,1,
05,5,62,020,2019,10,14,3,3,8,1,0,0,1,0,0,0,0,371618.458000000570000,5715272.957000002300000,7.147391072000062,51.573889316000077,0,
05,5,62,032,2019,10,07,3,2,6,7,1,0,1,1,0,0,0,375908.590865938920000,5720713.185867544300000,7.207342112000049,51.623742273000062,1,
05,5,62,032,2019,10,14,3,2,2,6,0,0,1,0,0,0,0,375227.924359191210000,5717891.310821110400000,7.198518685000067,51.598231279000061,0,
05,5,13,000,2019,10,08,3,3,6,7,0,0,1,1,0,0,0,365378.166015214290000,5709305.184350617200000,7.059678237000071,51.518804415000034,1,
05,5,66,076,2019,10,18,3,3,0,7,0,1,0,1,0,0,0,393205.445554454810000,5792426.435293361500000,7.434827851000023,52.271829909000076,1,
05,5,66,076,2019,10,18,3,3,6,7,0,1,0,1,0,0,0,393741.544887035150000,5792835.768481060900000,7.442552762000048,52.275612537000029,1,
05,5,66,076,2019,10,19,3,3,5,3,2,1,1,0,0,0,0,394028.494883765470000,5794497.525943376100000,7.446234542000070,52.290602497000066,1,
05,5,66,008,2019,10,08,3,3,5,3,0,1,1,0,0,0,0,399071.715726243330000,5782327.893813259900000,7.523785304000057,52.182176201000061,0,
05,5,54,012,2019,10,19,3,3,5,3,2,1,1,0,0,0,0,352090.827163998970000,5744738.893131304500000,6.853296255000032,51.833860170000037,1,
05,5,54,004,2019,10,13,3,3,6,1,0,0,1,1,0,0,0,363493.631259760820000,5771448.544060155700000,7.008069639000041,52.076766048000081,0,
05,5,15,000,2019,10,09,3,2,5,3,0,1,1,0,0,0,0,408665.026000000540000,5755637.187000002700000,7.671197339000059,51.943940648000080,0,
05,5,15,000,2019,10,16,3,3,5,3,0,1,1,0,0,0,0,406679.315438378600000,5754912.294806171200000,7.642513271000041,51.937095391000071,0,
05,5,15,000,2019,10,17,3,3,5,2,0,1,1,0,0,0,0,403899.479496651330000,5761557.563833326100000,7.600229420000062,51.996352121000029,1,
05,5,13,000,2019,10,17,3,2,6,4,0,0,1,1,0,0,0,364985.540552853610000,5719507.321497025000000,7.050103846000070,51.610391469000035,1,
05,5,13,000,2019,10,13,3,2,6,4,0,1,0,1,0,0,0,366622.702231822540000,5705685.313568219500000,7.078973742000073,51.486569097000029,0,
05,5,66,028,2019,10,14,2,3,5,3,0,1,1,0,0,0,0,411889.009788013060000,5790927.674513805700000,7.708960641000033,52.261670291000030,0,
05,5,66,008,2019,10,16,2,3,5,3,0,1,1,0,0,0,0,399061.343159703540000,5781321.682091271500000,7.523933100000022,52.173130775000061,0,
05,5,66,012,2019,10,17,2,3,5,3,0,1,0,0,0,0,0,404966.454298925590000,5772462.175707005000000,7.612733715000047,52.094549202000053,0,
05,5,54,056,2019,10,14,2,3,7,7,0,0,0,0,0,0,1,356138.609602928160000,5762049.894326919700000,6.904772148000063,51.990458383000032,0,
05,5,54,008,2019,10,11,2,3,5,3,0,1,0,0,0,0,1,337062.095726141710000,5747068.318422542900000,6.634268431000066,51.850605312000027,0,
05,5,15,000,2019,10,20,2,2,2,6,2,0,1,0,1,0,0,407096.730999999680000,5753971.733999999200000,7.648837355000069,51.928710950000038,0,
05,5,15,000,2019,10,16,2,3,5,3,0,1,1,0,0,0,0,401890.595999999900000,5759504.846000000800000,7.571565591000024,51.977550624000060,0,
05,5,12,000,2019,10,15,2,3,2,2,0,0,1,0,0,0,0,356436.520000000480000,5719179.530000003100000,6.926856456000053,51.605331185000068,0,
05,5,66,084,2019,10,21,1,3,0,2,2,1,1,0,0,0,0,389440.670286420730000,5775842.904963271700000,7.385086791000049,52.122048459000041,1,
05,5,54,024,2019,10,17,1,3,0,5,0,1,1,0,0,0,0,370265.888437487190000,5777734.281997451600000,7.104437722000057,52.134877051000046,0,
05,5,54,004,2019,10,18,1,3,0,1,0,0,0,0,1,0,0,365824.256208512930000,5771735.242604740000000,7.041944190000038,52.079911849000041,0,
05,5,13,000,2019,10,20,1,3,5,3,2,0,1,0,1,0,0,368367.408422874290000,5712163.381633002300000,7.101668437000058,51.545194804000062,0,
05,5,66,028,2019,10,23,7,3,4,1,2,0,1,0,0,0,0,412907.512729361650000,5792404.527107870200000,7.723498883000048,52.275106920000042,1,
05,5,66,076,2019,10,22,7,2,5,3,2,1,1,0,0,0,0,393857.009003353310000,5793325.473037634000000,7.444090309000046,52.280035921000035,0,
05,5,15,000,2019,10,14,7,3,3,2,0,1,0,0,0,0,1,405435.483812553810000,5758991.283741725600000,7.623302869000042,51.973549120000030,0,
05,5,15,000,2019,10,14,7,3,0,1,0,1,0,0,0,0,0,405816.836681305430000,5757862.287090187900000,7.629162705000056,51.963465972000051,0,
05,5,15,000,2019,10,02,7,2,0,1,2,0,0,0,1,0,0,408253.240000001150000,5758392.098000001200000,7.664472479000040,51.968635635000055,0,
05,5,62,024,2019,10,14,7,3,2,6,0,0,1,0,0,0,0,368825.477530579080000,5723702.286003217100000,7.103956056000072,51.648997692000080,0,
05,5,70,020,2019,10,19,6,3,6,2,2,0,1,1,0,0,0,433686.464000000620000,5743971.107999999100000,8.037403557000062,51.842609895000066,1,
05,5,70,040,2019,10,09,6,3,1,7,0,0,1,0,0,1,0,412913.267353632490000,5747035.040220512100000,7.735160983000071,51.867298005000066,1,
05,5,66,076,2019,10,15,6,3,5,3,0,1,1,0,0,0,0,393038.855239348490000,5792231.676735201900000,7.432449062000046,52.270047198000043,1,
05,5,58,012,2019,10,14,6,3,3,2,0,0,1,0,1,0,0,374621.944221192040000,5755258.767740100600000,7.176287951000063,51.933910323000077,0,
05,5,54,068,2019,10,15,6,3,3,6,0,1,1,0,0,0,0,350516.967888432550000,5766822.515742462100000,6.820877223000025,52.031853331000036,1,
05,5,54,008,2019,10,08,6,3,5,2,0,1,1,0,0,0,0,336664.376868926920000,5745689.479705078500000,6.629150362000075,51.838102304000074,1,
05,5,54,008,2019,10,07,6,3,2,2,1,1,0,0,0,0,0,335444.205649658110000,5745388.064830794900000,6.611599222000052,51.835036412000079,1,
05,5,15,000,2019,10,07,6,3,6,2,2,0,1,1,0,0,0,406363.411550538610000,5756981.264801846800000,7.637355832000026,51.955639253000072,1,
05,5,62,024,2019,10,12,6,3,0,7,0,0,1,0,0,0,1,366946.664572647770000,5724654.931956484900000,7.076452910000057,51.657117104000065,0,
05,5,62,014,2019,10,11,6,2,6,4,0,0,1,1,0,0,0,362480.246474646960000,5712680.907089738200000,7.016618371000050,51.548441565000076,1,
05,5,13,000,2019,10,11,6,3,2,5,0,0,1,0,0,0,0,362729.618332365530000,5711422.901184696700000,7.020703322000031,51.537197478000053,1,
05,5,13,000,2019,10,14,6,3,1,5,0,1,1,0,0,0,0,369826.442976665680000,5706426.755795566400000,7.124816725000073,51.493978923000043,0,
05,5,70,004,2019,10,14,7,3,5,3,0,0,1,0,0,0,1,425519.109937318600000,5736276.537982164000000,7.920522836000032,51.772408591000044,1,
05,5,66,016,2019,10,17,7,3,5,3,0,1,1,0,0,0,0,406193.140167675910000,5790502.718196757100000,7.625645698000028,52.256908889000044,1,
05,5,58,016,2019,10,22,7,2,5,3,2,0,1,0,0,0,0,381794.617063077170000,5743659.973477657900000,7.284540770000035,51.831240515000047,1,
05,5,54,068,2019,10,01,7,3,4,6,2,0,1,0,0,0,0,351530.362239809710000,5767057.038194904100000,6.835536980000029,52.034232593000070,0,
05,5,62,014,2019,10,16,7,3,6,7,0,0,1,1,0,0,0,360833.016698542980000,5715431.995490007100000,6.991787755000075,51.572759300000030,1,
05,5,13,000,2019,10,18,7,3,5,3,1,0,1,0,1,0,0,362226.814012774270000,5717686.601150007900000,7.011002776000055,51.593361918000028,1,
05,5,66,076,2019,10,23,1,3,5,3,2,0,1,0,0,0,0,392767.980552771130000,5792882.836956800900000,7.428273902000058,52.275846520000073,1,
05,5,15,000,2019,10,16,6,3,3,5,0,0,1,0,1,0,0,406756.977593766530000,5751639.079938927700000,7.644529227000021,51.907686929000079,0,
05,5,15,000,2019,10,12,6,3,5,3,0,0,1,0,0,0,0,412161.243481493560000,5752457.442048188300000,7.722860446000027,51.915921481000055,1,
05,5,15,000,2019,10,16,6,3,5,2,0,1,1,0,0,0,0,404584.779792467130000,5760140.062782058500000,7.610602546000052,51.983729337000057,0,
05,5,15,000,2019,10,10,6,3,6,4,0,0,1,1,0,0,0,404736.580988660450000,5755653.932379029700000,7.614056734000030,51.943432347000055,0,
05,5,62,036,2019,10,16,6,3,5,2,0,1,1,0,0,0,0,389140.686445087190000,5721210.827375903700000,7.398253746000023,51.630977487000052,0,
05,5,62,008,2019,10,16,6,3,5,3,0,1,1,0,0,0,0,385571.905429203990000,5723992.175917418700000,7.345803491000027,51.655261035000080,0,
05,5,66,068,2019,10,19,1,3,0,1,2,1,0,0,0,0,0,376488.263570860960000,5785890.852933645200000,7.192334250000044,52.209599710000077,1,
05,5,62,016,2019,10,11,6,3,9,7,0,0,1,0,0,0,0,375869.895504384300000,5734993.573179770300000,7.201703911000038,51.752071839000052,1,
05,5,62,014,2019,10,10,6,3,6,7,0,0,1,1,0,0,0,360899.650835088450000,5715555.492515686900000,6.992699767000033,51.573885500000074,0,
05,5,13,000,2019,10,10,6,3,6,7,0,0,1,1,0,0,0,363053.378716298380000,5711521.311218502000000,7.025330341000029,51.538160459000039,0,
05,5,13,000,2019,10,14,6,3,5,3,0,0,1,0,0,0,0,367679.525308035310000,5713285.289110941800000,7.091332070000021,51.555116133000070,1,
05,5,54,028,2019,10,22,1,2,0,7,2,0,1,1,0,0,0,356797.104202947580000,5743483.890291165600000,6.922071474000063,51.823810004000052,0,
05,5,54,008,2019,10,17,1,3,8,1,0,0,1,0,0,0,0,336089.152158151380000,5746730.228424228700000,6.620315432000041,51.847283290000064,1,
05,5,70,004,2019,10,10,5,3,5,2,0,1,1,0,0,0,0,424393.270000000480000,5735032.680000001600000,7.904479583000068,51.761075773000073,1,
05,5,62,016,2019,10,13,1,3,5,3,0,0,1,0,0,0,0,374723.601470571010000,5733748.338338175800000,7.185554804000049,51.740625941000076,1,
05,5,66,008,2019,10,20,5,2,5,3,2,1,1,0,0,0,0,400239.951000000350000,5781034.521999999900000,7.541246708000074,52.170764188000078,1,
05,5,58,012,2019,10,14,5,3,4,1,0,0,1,0,0,0,0,373963.124496386390000,5755576.814628599200000,7.166593716000023,51.936619632000031,1,
05,5,12,000,2019,10,04,1,3,8,1,2,0,0,0,1,0,0,360096.368436746300000,5711269.746966648800000,6.982820529000037,51.535174758000039,1,
05,5,54,008,2019,10,14,5,3,1,5,0,1,1,0,0,0,0,335531.183666502130000,5744501.634481895700000,6.613281661000031,51.827098862000071,0,
05,5,54,004,2019,10,18,5,2,6,1,2,1,0,1,0,0,0,363564.401146786290000,5771532.972078431400000,7.009067892000076,52.077542110000081,1,
05,5,15,000,2019,10,08,5,3,1,5,0,1,1,0,0,0,0,403115.172373957930000,5757654.491397799900000,7.589911252000036,51.961133987000039,1,
05,5,15,000,2019,10,18,5,3,0,7,2,1,1,0,0,0,0,399280.688587646930000,5756773.120581910000000,7.534380852000027,51.952530757000034,1,
05,5,15,000,2019,10,06,5,3,5,2,2,0,1,0,0,0,0,407501.618888921100000,5754294.394593853500000,7.654637450000053,51.931678643000055,1,
05,5,62,028,2019,10,16,5,3,5,3,0,0,1,0,0,0,0,379606.940177183600000,5722583.191138939900000,7.260099456000035,51.641352094000069,0,
05,5,62,028,2019,10,15,5,3,1,5,0,1,0,0,0,0,1,379411.126405562270000,5721891.336679777100000,7.257509382000023,51.635092201000077,0,
05,5,62,016,2019,10,11,5,2,4,6,0,0,1,0,0,0,0,373158.850336803120000,5736171.910637054600000,7.162020049000034,51.762053917000060,1,
05,5,62,024,2019,10,16,5,3,2,1,0,0,1,0,0,0,0,372131.939494915310000,5725412.934610474900000,7.151096031000066,51.665132647000064,1,
05,5,62,024,2019,10,14,5,3,4,2,0,0,1,0,0,0,0,368636.622152798810000,5725781.682401031300000,7.100446504000047,51.667640179000045,1,
05,5,62,014,2019,10,16,1,3,0,7,0,1,0,0,0,0,0,358510.177885394540000,5717199.442861586800000,6.957579247000069,51.588063234000060,1,
05,5,66,028,2019,10,23,4,3,5,3,2,1,1,0,0,0,0,412074.624178962780000,5792366.203289331900000,7.711304689000031,52.274629881000067,1,
05,5,66,008,2019,10,16,4,3,1,3,0,1,0,0,1,0,0,399493.615111209450000,5781515.929102446900000,7.530194580000057,52.174955520000026,1,
05,5,66,012,2019,10,08,4,3,5,3,0,1,1,0,0,0,0,405692.077308212410000,5772285.212266616500000,7.623371749000057,52.093082763000041,1,
05,5,58,016,2019,10,10,4,3,0,1,0,1,0,0,0,0,0,382206.508857700970000,5743309.731786515600000,7.290634683000064,51.828179828000032,0,
05,5,54,008,2019,10,07,4,3,2,6,1,0,1,0,1,0,0,335250.332687081770000,5743918.433478126300000,6.609487351000041,51.821776995000050,1,
05,5,54,008,2019,10,17,4,3,6,4,0,0,1,1,0,0,0,336144.289593879130000,5745563.589231558100000,6.621667817000059,51.836819033000040,1,
05,5,54,056,2019,10,07,4,3,6,1,2,0,1,1,0,0,0,356919.872953284530000,5762801.785959964600000,6.915828690000069,51.997415937000028,1,
05,5,54,008,2019,10,09,4,3,0,1,0,1,0,0,0,0,0,337257.626982004380000,5745754.892190743200000,6.637722825000026,51.838863121000031,1,
05,5,15,000,2019,10,15,4,3,0,1,0,1,0,0,0,0,0,404934.470000000670000,5757591.280000003100000,7.616398887000059,51.960879870000042,1,
05,5,12,000,2019,10,15,4,3,5,3,0,0,1,0,0,0,0,356648.517504262740000,5710468.039571147400000,6.933468923000021,51.527105811000069,1,
05,5,62,014,2019,10,10,4,3,5,3,0,1,1,0,0,0,0,360669.899000001140000,5715603.126000002000000,6.989367616000038,51.574256804000072,1,
05,5,62,032,2019,10,17,4,3,5,3,1,0,1,0,0,0,0,375936.945410509590000,5720230.962709290900000,7.207922289000067,51.619414719000076,1,
05,5,15,000,2019,10,17,5,2,5,3,0,1,1,0,0,0,0,410233.660424686970000,5751958.421147938800000,7.694972007000047,51.911128524000048,0,
05,5,62,032,2019,10,22,5,3,8,1,2,0,0,0,1,0,0,375285.498300636190000,5715842.402359619700000,7.200077552000039,51.579830186000038,0,
05,5,66,076,2019,10,17,4,3,6,4,0,1,0,1,0,0,0,394120.620420155120000,5793962.214100662600000,7.447752951000041,52.285809295000035,0,
05,5,66,008,2019,10,10,4,2,5,3,0,1,1,0,0,0,0,398764.163281865420000,5782820.763336118300000,7.519141382000043,52.186549591000073,0,
05,5,54,004,2019,10,19,4,3,7,7,2,0,0,0,1,0,0,356675.210000000890000,5771164.948000000800000,6.908762887000023,52.072495196000034,0,
05,5,54,020,2019,10,07,4,3,5,3,2,1,1,0,0,0,0,366450.656166661530000,5786245.028858700800000,7.045377488000042,52.210441194000055,0,
05,5,62,020,2019,10,10,4,3,6,4,0,0,1,1,0,0,0,371352.186839600090000,5716792.091178115500000,7.142994267000063,51.587480889000062,0,
05,5,13,000,2019,10,14,4,3,6,4,0,0,1,1,0,0,0,368717.553503241390000,5709255.344162758400000,7.107799229000023,51.519142511000041,0,
05,5,66,012,2019,10,18,3,3,0,3,2,0,1,1,0,0,0,404547.295362113970000,5772109.514709953200000,7.606715695000048,52.091307283000049,0,
05,5,66,008,2019,10,18,3,3,9,1,2,0,0,0,1,0,0,399599.480000000450000,5779056.479000000300000,7.532469659000071,52.152869862000045,1,
05,5,58,032,2019,10,15,3,3,3,6,0,1,0,0,0,0,1,387385.095916078430000,5753853.544762618800000,7.362310237000031,51.924010072000044,0,
05,5,15,000,2019,10,06,3,2,4,7,2,1,0,0,1,0,0,406449.703967734240000,5761182.982562100500000,7.637465916000053,51.993420728000046,0,
05,5,62,028,2019,10,11,3,3,5,3,0,0,1,0,0,0,0,378834.350193773400000,5723083.607414677700000,7.248766413000055,51.645683566000059,0,
05,5,62,024,2019,10,17,3,2,0,2,0,0,1,0,0,0,0,367977.375015115370000,5724206.585446778700000,7.091514203000031,51.653331077000075,0,
05,5,13,000,2019,10,09,3,3,1,5,0,1,1,0,0,0,0,366940.316401807590000,5708881.643623679900000,7.082339965000074,51.515368340000066,0,
05,5,13,000,2019,10,14,3,3,8,1,0,1,0,0,0,0,0,365015.399293655530000,5716036.892175162200000,7.051869927000041,51.579212046000066,0,
05,5,66,012,2019,10,16,2,3,0,7,0,1,1,0,0,0,0,405289.008946872320000,5771679.472105244200000,7.617658235000022,52.087569409000082,0,
05,5,54,008,2019,10,14,2,3,8,3,0,1,1,0,0,0,0,335327.609794381070000,5744739.938290216000000,6.610216879000063,51.829179678000060,0,