ULAND,UREGBEZ,UKREIS,UGEMEINDE,UJAHR,UMONAT,USTUNDE,UWOCHENTAG,UKATEGORIE,UART,UTYP1,ULICHTVERH,IstRad,IstPKW,IstFuss,IstKrad,IstGkfz,IstSonstige,LINREFX,LINREFY,XGCSWGS84,YGCSWGS84,STRZUSTAND,UIDENTSTLAE
05,5,15,000,2019,10,09,2,3,0,7,0,1,1,0,0,0,0,407077.532923713330000,5758686.879546651600000,7.647283429000026,51.971089972000073,1,
05,5,62,028,2019,10,16,2,3,2,6,0,0,1,0,0,0,0,378757.187222128730000,5722280.355952590700000,7.247930052000072,51.638447871000039,0,
05,5,62,004,2019,10,20,2,3,0,7,2,0,0,0,0,0,1,383223.037434552800000,5716225.815201990300000,7.314452142000050,51.584976699000038,0,
05,5,62,004,2019,10,12,2,2,5,2,0,0,1,0,1,0,0,385279.743599211800000,5716515.756968697500000,7.344030223000061,51.588005106000026,0,
05,5,70,052,2019,10,08,3,2,0,7,0,1,1,0,0,0,0,429414.860658230260000,5756464.483131408700000,7.972849875000065,51.954397560000075,0,
05,5,66,012,2019,10,15,3,3,5,7,0,1,1,0,0,0,0,405137.347484059630000,5771517.531905701400000,7.615490433000048,52.086087886000030,0,
05,5,58,012,2019,10,13,3,2,5,3,0,0,1,0,0,0,0,371318.123405503110000,5757650.194237701600000,7.127363909000053,51.954646198000034,0,
05,5,54,004,2019,10,13,3,3,6,6,0,1,0,1,0,0,0,363745.826610665770000,5771121.359872123200000,7.011877977000040,52.073888273000080,0,
05,5,15,000,2019,10,07,3,3,0,2,0,0,1,0,0,0,0,401480.286792521360000,5758332.089432273100000,7.565930271000070,51.966937078000058,0,
05,5,12,000,2019,10,07,3,2,5,3,0,0,1,0,0,0,0,356648.870851856660000,5710468.442116500800000,6.933473850000041,51.527109518000032,0,
05,5,13,000,2019,10,06,3,3,5,3,1,1,1,0,0,0,0,367580.235000001270000,5714198.280999999500000,7.089556842000036,51.563297560000080,0,
05,5,13,000,2019,10,13,3,3,5,3,0,0,1,0,0,0,0,367952.011885826480000,5709351.268943589200000,7.096735906000049,51.519826119000072,0,
05,5,70,020,2019,10,15,2,3,5,2,0,0,1,0,0,0,0,433011.959811732170000,5744538.423952339200000,8.027504174000057,51.847629489000042,0,
05,5,66,044,2019,10,17,2,2,5,3,0,0,1,0,1,0,0,428213.312000000850000,5778042.609999999400000,7.950834365000048,52.148217683000041,0,
05,5,66,076,2019,10,15,2,2,5,3,0,1,1,0,0,0,0,394655.314270330590000,5795859.565260518300000,7.454995403000055,52.302963992000059,0,
05,5,66,076,2019,10,07,2,2,6,4,0,0,1,1,0,0,0,392596.328583460300000,5792633.253996780100000,7.425838469000041,52.273569976000033,0,
05,5,66,076,2019,10,09,2,3,5,3,0,1,1,0,0,0,0,392292.807281671090000,5794181.628175279100000,7.420897075000028,52.287426013000072,0,
05,5,66,012,2019,10,06,2,3,6,2,1,0,1,1,0,0,0,404678.921000001020000,5772164.381999999300000,7.608621025000048,52.091823126000065,0,
05,5,54,068,2019,10,07,2,3,5,3,0,1,1,0,0,0,0,351122.720075178890000,5767785.975837582700000,6.829281451000043,52.040672413000038,0,
05,5,54,056,2019,10,20,2,3,5,3,2,1,1,0,0,0,0,356205.678999999540000,5762023.728000002000000,6.905759228000022,51.990240646000075,0,
05,5,54,004,2019,10,08,2,3,1,1,0,0,1,0,0,0,0,357605.841000000950000,5770677.302000002900000,6.922535373000073,52.068353785000056,1,
05,5,15,000,2019,10,08,2,3,5,2,0,1,0,0,0,0,0,402418.686801913190000,5757833.440547490500000,7.579726920000041,51.962620624000067,1,
05,5,15,000,2019,10,13,2,3,1,6,0,0,1,0,0,0,0,408106.760510655120000,5751405.196442352600000,7.664207550000072,51.905808934000049,0,
05,5,15,000,2019,10,13,2,3,5,2,0,1,1,0,0,0,0,406042.139254949990000,5756997.434562666300000,7.632677539000042,51.955730405000054,0,
05,5,15,000,2019,10,15,2,2,0,2,1,1,0,0,0,0,0,405078.488266986790000,5757450.976379558400000,7.618533069000023,51.959643370000038,1,
05,5,62,014,2019,10,14,2,2,2,6,0,0,1,0,0,0,0,361094.031999999660000,5715703.466000000000000,6.995444441000075,51.575263132000032,0,
05,5,13,000,2019,10,13,2,3,5,2,0,1,1,0,0,0,0,362658.563111804430000,5710465.918617896700000,7.020052693000025,51.528580460000057,0,
05,5,54,056,2019,10,17,1,3,9,1,0,0,0,0,1,0,0,356620.764555050060000,5763366.357107721300000,6.911238681000043,52.002411450000068,0,
05,5,54,012,2019,10,18,1,3,1,7,2,0,1,0,0,0,0,352587.531000001360000,5746431.486000001400000,6.859778484000060,51.849199297000041,0,
05,5,54,068,2019,10,14,1,3,4,6,0,1,0,0,0,0,0,349987.521331202240000,5766372.447568863600000,6.813362498000060,52.027666812000064,0,
05,5,70,004,2019,10,16,7,3,6,4,0,0,1,1,0,0,0,424785.303000000310000,5734329.756000002800000,7.910311048000040,51.754809492000049,0,
05,5,66,056,2019,10,11,7,3,6,2,0,0,1,1,0,0,0,416833.559999999590000,5796674.177000004800000,7.779973721000033,52.314092474000063,0,
05,5,58,008,2019,10,13,7,3,5,3,0,0,1,0,1,0,0,383085.446315511130000,5760002.295909574300000,7.297720624000021,51.978383013000041,0,
05,5,54,020,2019,10,17,7,2,9,7,1,0,1,0,0,0,0,363715.084462174210000,5786309.684410464000000,7.005339774000049,52.210352425000053,0,
05,5,54,064,2019,10,10,7,3,5,2,0,1,1,0,0,0,0,361552.660768968050000,5751167.686502948400000,6.987951135000060,51.894052342000066,0,
05,5,15,000,2019,10,16,7,3,5,2,0,1,1,0,0,0,0,399494.060430880640000,5756209.130015121800000,7.537649568000063,51.947500151000042,0,
05,5,15,000,2019,10,12,7,2,6,3,0,1,0,1,0,0,0,405774.582379494790000,5758003.433896718500000,7.628509156000064,51.964727501000027,0,
05,5,15,000,2019,10,18,7,3,0,2,2,0,1,1,0,0,0,406432.963901397770000,5755852.498236585400000,7.638674986000069,51.945505049000076,0,
05,5,15,000,2019,10,18,7,3,2,1,2,0,1,0,0,0,0,405027.790620827120000,5757785.109368642800000,7.617703069000072,51.962638034000065,0,
05,5,62,020,2019,10,20,7,3,2,6,2,0,1,0,0,0,0,367448.259506844920000,5718822.883060153600000,7.085907938000048,51.604825917000028,0,
05,5,62,020,2019,10,12,7,3,6,2,0,0,1,1,0,0,0,367726.384290752000000,5718347.519833311400000,7.090101038000057,51.600619429000062,0,
05,5,62,032,2019,10,16,7,3,5,3,0,0,1,0,0,0,0,377451.458675653670000,5715569.559123370800000,7.231416472000035,51.577853162000054,0,
05,5,66,084,2019,10,07,6,3,6,4,2,0,1,1,0,0,0,386523.367999999780000,5778997.031999999700000,7.341440847000058,52.149803408000082,0,
05,5,58,012,2019,10,13,6,3,0,1,0,1,0,0,0,0,0,373869.188416598360000,5755897.129100689700000,7.165110562000052,51.939476836000040,0,
05,5,54,004,2019,10,13,6,3,4,1,0,1,0,0,0,0,0,363467.128000000490000,5771187.355000000400000,7.007787661000066,52.074412625000036,0,
05,5,54,008,2019,10,15,6,3,6,4,0,1,0,1,0,0,0,335877.291000001130000,5745827.261000001800000,6.617670925000027,51.839109319000045,0,
05,5,15,000,2019,10,10,6,3,0,5,0,1,0,0,0,0,0,404538.055315892210000,5757709.027058742900000,7.610598499000048,51.961870302000079,0,
05,5,15,000,2019,10,18,6,3,5,2,2,1,1,0,0,0,0,404519.041824246760000,5758373.420731753100000,7.610137123000072,51.967838850000078,0,
05,5,15,000,2019,10,14,6,3,6,4,0,1,0,1,0,0,0,405362.214764039030000,5753840.932516798400000,7.623654733000024,51.927243047000047,0,
05,5,62,004,2019,10,16,6,3,0,7,0,1,0,0,0,0,0,385960.695523443630000,5717321.887451475500000,7.353593309000075,51.595388734000039,0,
05,5,13,000,2019,10,18,6,3,4,2,2,0,1,0,1,0,0,363985.639000000430000,5716971.196000004200000,7.036655595000070,51.587360449000073,0,
05,5,70,040,2019,11,13,1,3,5,3,0,0,1,0,0,0,0,419517.101243590940000,5744062.697038285400000,7.831744182000023,51.841570567000076,1,
05,5,70,052,2019,11,19,1,2,6,2,2,0,1,1,0,0,0,430138.561780263670000,5756744.936793770600000,7.983322296000040,51.957010116000049,1,
05,5,54,008,2019,11,16,1,3,2,6,0,0,1,0,0,0,0,336327.243000001650000,5745742.466000000000000,6.624236266000025,51.838479610000036,1,
05,5,15,000,2019,11,00,1,3,4,6,2,1,1,0,0,0,0,405842.321628954260000,5758708.335878849000000,7.629301510000062,51.971074942000030,0,
05,5,62,004,2019,11,17,1,3,5,3,2,1,1,0,0,0,0,384549.500000000930000,5714090.254000002500000,7.334291352000037,51.566056009000079,0,
05,5,62,014,2019,11,17,1,3,1,5,2,1,1,0,0,0,0,358735.995097053240000,5715846.775544187100000,6.961380909000070,51.575964953000039,1,
05,5,54,008,2019,11,14,7,3,0,5,0,1,0,0,0,0,1,336302.639331450690000,5745921.207963706900000,6.623794892000035,51.840078122000079,0,
05,5,54,008,2019,11,18,7,3,9,1,2,0,1,0,0,0,0,337570.501965351400000,5748942.463931705800000,6.640762403000053,51.867589945000077,0,
05,5,15,000,2019,11,15,7,3,5,3,0,1,1,0,0,0,0,401283.006998995320000,5758727.431133372700000,7.562945934000027,51.970455480000055,1,
05,5,15,000,2019,11,11,7,3,4,6,0,1,0,0,0,0,0,406254.928330577910000,5755496.704368734700000,7.636182515000030,51.942277024000077,1,
05,5,15,000,2019,11,23,7,3,0,7,2,1,1,0,0,0,0,407215.913938854820000,5760857.784480696500000,7.648710188000052,51.990626239000051,0,
05,5,62,032,2019,11,20,7,3,9,5,2,0,1,0,0,0,1,375904.062363542620000,5720192.601045448300000,7.207461135000074,51.619062708000058,1,
05,5,66,076,2019,11,12,6,3,1,5,0,1,1,0,0,0,0,391935.374929984100000,5792540.033666880800000,7.416185072000076,52.272602684000049,1,
05,5,13,000,2019,11,17,6,3,6,7,2,0,1,1,0,0,0,366636.259121807290000,5712862.448203224700000,7.076452813000060,51.551070577000075,1,
05,5,66,076,2019,10,18,5,2,6,4,2,0,1,1,0,0,0,393178.685323335230000,5792412.764566389800000,7.434440143000074,52.271701849000067,0,
05,5,66,076,2019,10,15,5,3,5,3,0,0,1,0,0,0,0,394452.769818122500000,5794021.990518434000000,7.452601785000070,52.286410410000030,0,
05,5,54,044,2019,10,15,5,3,9,7,0,0,0,0,1,0,0,365141.253999999720000,5740245.798000002300000,7.044329966000021,51.796788745000072,1,
05,5,54,004,2019,10,15,5,2,5,3,0,1,0,0,0,0,0,363358.745235412380000,5771498.541763208800000,7.006082619000040,52.077182029000028,0,
05,5,15,000,2019,10,16,5,2,5,3,1,1,1,0,0,0,0,409487.415867414330000,5753928.092068757900000,7.683608329000037,51.928712550000057,0,
05,5,15,000,2019,10,09,5,3,2,6,0,1,0,0,0,0,0,405198.424000000580000,5757571.373000001500000,7.620244811000021,51.960746007000068,0,
05,5,62,008,2019,10,18,5,2,0,7,2,1,0,0,0,0,0,385355.025999999610000,5723871.082000004100000,7.342709354000021,51.654128484000069,0,
05,5,62,032,2019,10,23,5,3,9,1,2,0,1,0,0,0,0,376876.743170720530000,5717579.133193567400000,7.222421767000071,51.595788493000043,0,
05,5,62,032,2019,10,09,5,2,1,1,0,0,1,0,0,0,0,376181.577740961690000,5720991.691171562300000,7.211185225000065,51.626305372000047,0,
05,5,13,000,2019,10,17,5,3,5,3,1,1,1,0,0,0,0,366552.549193917770000,5705367.753488928100000,7.078083960000072,51.483698734000029,0,
05,5,13,000,2019,10,16,5,3,6,4,0,0,1,1,0,0,0,368146.919451090510000,5709776.645553939000000,7.099384348000058,51.523694400000068,0,
05,5,66,040,2019,10,13,4,3,1,7,0,0,1,0,0,0,1,421639.043838662100000,5782581.039633097100000,7.853723080000066,52.188119500000028,0,
05,5,66,048,2019,10,10,4,3,0,3,0,0,1,0,0,0,0,426646.173069817950000,5792104.167341867500000,7.924887595000030,52.274411863000068,0,
05,5,66,064,2019,10,15,4,2,5,3,0,0,1,0,1,0,0,394656.922991538420000,5770983.906052488800000,7.462751279000031,52.079396548000034,0,
05,5,58,044,2019,10,18,4,3,6,7,2,0,1,1,0,0,0,395496.571241645140000,5744703.061942830700000,7.482995563000031,51.843347471000072,0,
05,5,58,012,2019,10,12,4,3,5,3,0,1,1,0,0,0,0,373886.057126594710000,5756627.581816850200000,7.165087923000044,51.946044823000079,0,
05,5,54,008,2019,10,14,4,3,5,3,0,1,0,0,0,0,0,334010.929150289860000,5745527.286764606800000,6.590749298000048,51.835863003000043,0,
05,5,54,052,2019,10,16,4,3,0,2,1,0,1,0,1,0,0,379074.678476213480000,5772930.235637854800000,7.234781964000035,52.093703462000065,0,
05,5,15,000,2019,10,14,4,3,0,2,0,0,1,0,1,0,0,403658.437440706420000,5758232.966499056700000,7.597653234000063,51.966427909000060,0,
05,5,15,000,2019,10,11,4,3,5,3,0,0,1,0,0,0,1,406632.531522195790000,5758745.786018446100000,7.640791275000026,51.971544872000038,0,
05,5,62,012,2019,10,06,4,3,4,2,2,1,1,0,0,0,0,361470.971240188930000,5726446.632786432300000,6.996631868000065,51.671894493000082,0,
05,5,70,004,2019,11,19,4,3,4,2,2,1,1,0,0,0,0,423755.476189874110000,5735934.319109333700000,7.895042087000036,51.769094711000037,1,
05,5,66,012,2019,11,13,4,2,5,3,0,0,1,0,1,0,0,400991.251784017310000,5776538.837641127400000,7.553539181000076,52.130492927000034,0,
05,5,58,016,2019,11,16,4,2,0,7,0,1,0,0,0,0,0,381400.689000001180000,5744173.759000001500000,7.278650567000057,51.835774486000048,0,
05,5,54,020,2019,11,15,4,3,4,6,0,1,0,0,0,0,0,364008.333417547870000,5787405.370937770200000,7.009188685000027,52.220269827000038,0,
05,5,15,000,2019,11,07,4,3,6,7,1,1,0,1,0,0,0,406169.362000001590000,5758565.862999999900000,7.634099871000046,51.969849641000053,0,
05,5,62,004,2019,11,13,4,3,0,5,0,0,1,0,1,0,0,383335.728074411860000,5713433.164065767100000,7.317005348000066,51.559900442000071,1,
05,5,62,012,2019,11,20,4,2,1,5,2,0,0,0,1,1,0,358989.131133667190000,5728021.291624002200000,6.960128574000066,51.685426540000037,0,
05,5,70,052,2019,11,15,3,3,5,3,0,0,1,0,0,0,0,430612.046598731540000,5757172.493057267700000,7.990125287000069,51.960912973000063,1,
05,5,66,080,2019,11,08,3,3,0,6,1,1,0,0,0,0,0,406547.070943138560000,5781307.038559023300000,7.633368885000039,52.174317777000056,0,
05,5,66,064,2019,11,16,3,2,6,4,0,0,1,1,0,0,0,394762.705658318470000,5771050.234328456200000,7.464273879000075,52.080012798000041,0,
05,5,66,076,2019,11,07,3,3,2,2,1,0,1,0,0,0,0,391561.850968034940000,5792422.449370859200000,7.410750717000042,52.271472405000054,1,
05,5,58,016,2019,11,10,3,3,3,6,0,1,0,0,0,0,0,381137.641544338320000,5744154.076001452300000,7.274841326000058,51.835541671000044,1,
05,5,54,020,2019,11,11,3,3,0,7,0,0,1,1,0,0,0,366113.889121007170000,5787844.458081798600000,7.039818895000053,52.224730928000042,0,
05,5,15,000,2019,11,21,3,3,0,7,2,1,1,0,0,0,0,406383.134999999780000,5756334.045000001800000,7.637819089000061,51.949825047000047,1,
05,5,15,000,2019,11,14,3,3,5,2,0,1,1,0,0,0,0,407987.545293563980000,5754727.424979798500000,7.661587203000067,51.935651528000051,1,
05,5,62,036,2019,11,21,3,3,3,2,2,1,0,0,1,0,0,389065.647157921460000,5719093.880643801800000,7.397840379000058,51.611935535000043,1,
05,5,62,004,2019,11,08,3,3,5,3,0,0,1,0,1,0,0,383250.845448231320000,5711888.456016583400000,7.316294172000028,51.545999414000050,1,
05,5,62,024,2019,11,12,3,3,0,3,0,1,0,0,0,0,1,367715.269005245530000,5723812.404548810800000,7.087876639000058,51.649727162000033,1,
05,5,62,014,2019,11,16,3,3,4,6,0,1,1,0,0,0,0,360578.646033592520000,5715589.920711504300000,6.988056885000049,51.574115580000068,1,
05,5,62,032,2019,11,07,3,3,4,7,1,0,1,0,1,0,0,379833.449742783790000,5719055.785597082200000,7.264581574000033,51.609698322000042,1,
05,5,13,000,2019,11,15,3,3,5,7,0,0,1,0,0,0,0,368128.590376706790000,5709784.204399615500000,7.099117468000031,51.523758050000026,0,
05,5,70,004,2019,11,17,2,2,0,7,2,1,0,0,0,0,0,422960.981582748700000,5735036.672948230100000,7.883729447000064,51.760916446000067,1,
05,5,58,036,2019,11,09,2,3,3,2,0,1,1,0,0,0,0,388018.907999998890000,5729919.690999999600000,7.379261017000033,51.709029469000029,0,
05,5,58,012,2019,11,13,2,3,0,5,0,1,1,0,0,0,0,374886.615825276820000,5755518.222972460100000,7.180041324000058,51.936301484000069,0,
05,5,54,004,2019,11,17,2,1,6,4,2,0,1,1,0,0,0,363626.057210254480000,5771615.142485013200000,7.009934174000023,52.078295634000028,1,
05,5,54,008,2019,11,17,2,2,5,3,1,1,1,0,0,0,0,336993.894000002180000,5745639.133000001300000,6.633952684000064,51.837746282000069,1,
05,5,54,008,2019,11,16,2,3,4,6,0,1,1,0,0,0,0,336121.475999998860000,5747349.571000000500000,6.620490719000031,51.852856599000063,1,
05,5,54,008,2019,11,11,2,3,5,3,0,1,0,0,0,0,0,336049.878184359520000,5745693.254627015400000,6.620237289000045,51.837956171000030,0,
05,5,54,008,2019,11,07,2,2,2,6,1,0,1,0,0,0,0,336126.543219409880000,5745836.105482298900000,6.621281397000075,51.839261964000059,1,
05,5,54,048,2019,11,17,2,3,5,7,1,1,1,0,0,0,0,342427.163761626000000,5745037.980853632100000,6.713021820000051,51.833904850000067,1,
05,5,54,040,2019,11,19,2,3,9,1,2,0,1,0,0,0,0,352193.282546527680000,5735718.304774900900000,6.858625936000067,51.752837487000079,1,
05,5,15,000,2019,11,09,2,3,5,3,0,0,1,0,0,0,0,410728.195233025590000,5757759.311511566900000,7.700653953000028,51.963350723000076,1,
05,5,15,000,2019,11,07,2,3,6,4,0,0,1,1,0,0,0,405907.837013608780000,5758254.414986040400000,7.630379361000053,51.967005999000037,1,
05,5,62,024,2019,11,11,2,3,2,5,0,0,1,0,0,0,0,370244.127000001260000,5727913.683000002100000,7.122885757000063,51.687173200000075,0,
05,5,12,000,2019,11,09,2,2,6,4,0,0,1,1,0,0,0,358289.743999999950000,5710990.973999999500000,6.956901886000026,51.532219121000026,1,
05,5,12,000,2019,11,12,2,3,6,7,0,0,1,1,0,0,0,355836.855836346750000,5709812.158878430700000,6.922044781000068,51.521005596000066,0,
05,5,13,000,2019,11,10,2,3,5,3,0,0,1,0,0,0,1,363227.248000001530000,5717136.220000002500000,7.025651024000069,51.588659828000061,0,
05,5,66,036,2019,11,12,1,3,5,3,0,0,1,0,0,0,0,387183.526999999770000,5768961.129000000700000,7.354409286000021,52.059745211000063,0,
05,5,62,004,2019,11,22,1,3,1,5,2,0,1,0,0,1,0,383733.337172755040000,5713639.009759398200000,7.322670513000048,51.561832640000034,2,
05,5,12,000,2019,11,04,1,3,5,3,2,0,1,0,0,0,0,356459.285043288020000,5710628.377937438000000,6.930677553000066,51.528498514000034,0,
05,5,70,008,2019,11,23,7,3,0,7,2,0,0,0,1,0,0,433379.955489063640000,5739771.899115933100000,8.033763046000047,51.804822734000027,0,
05,5,66,056,2019,11,08,7,3,6,7,0,0,1,1,0,0,0,416927.638574843290000,5797130.066586177800000,7.781240914000023,52.318204453000078,0,
05,5,15,000,2019,11,21,7,3,0,7,2,1,0,1,0,0,0,404064.549738546830000,5760851.763043060900000,7.602830514000061,51.990036720000035,1,
05,5,62,036,2019,11,16,7,3,1,5,0,0,1,0,1,0,0,390076.065783771690000,5720756.048465142000000,7.411905687000058,51.627073443000029,0,
05,5,62,012,2019,11,23,7,3,1,7,2,0,1,0,0,0,0,360485.783657038580000,5726044.411802440900000,6.982554472000061,51.668036391000044,0,
05,5,62,032,2019,11,18,7,3,2,2,2,0,1,0,0,0,0,379115.186440973540000,5718877.899382408700000,7.254275084000028,51.607945834000077,1,
05,5,70,004,2019,11,14,6,3,5,3,0,0,1,0,0,0,0,424088.086768016220000,5732858.618158653400000,7.900533131000032,51.741490357000032,0,
05,5,70,036,2019,11,18,6,3,1,5,2,0,1,0,0,0,0,433935.963696560820000,5759673.734558513400000,8.038012715000036,51.983803374000047,0,
05,5,66,056,2019,11,10,6,3,6,7,0,0,1,1,0,0,0,416867.245453936980000,5797163.895646946500000,7.780346741000074,52.318499380000048,0,
05,5,66,028,2019,11,06,6,2,6,3,2,0,1,1,0,0,0,416833.353000000120000,5790826.689000001200000,7.781413833000045,52.261532416000080,1,
05,5,66,012,2019,11,17,6,3,5,7,2,0,1,0,0,0,1,404505.234156563880000,5772446.745425749600000,7.606007461000047,52.094331108000063,0,
05,5,54,012,2019,11,11,6,3,5,3,0,1,1,0,0,0,0,352133.826304368670000,5745102.014778738800000,6.853764686000034,51.837134166000055,0,
05,5,54,016,2019,11,07,6,3,5,3,0,0,1,0,0,0,0,362783.844062035900000,5757631.955897918000000,7.003255520000039,51.952442265000059,1,
05,5,62,004,2019,11,13,6,2,0,1,0,0,0,0,1,0,0,383527.705944988880000,5715848.662406176300000,7.318972778000045,51.581650006000075,0,
05,5,62,032,2019,11,06,6,3,0,3,2,0,0,0,1,0,1,374416.949000000950000,5717802.561000002500000,7.186847743000044,51.597253450000039,1,
05,5,66,028,2019,11,10,5,3,2,1,0,0,1,0,0,0,0,414152.140541966070000,5791053.958464270500000,7.742080084000065,52.263163262000035,0,
05,5,66,076,2019,11,17,5,3,5,2,2,0,1,0,0,0,0,393685.880789380520000,5794033.265642708200000,7.441359580000039,52.286363921000031,0,
05,5,66,076,2019,11,16,5,3,5,3,1,1,1,0,0,0,0,393914.913999999870000,5793492.705000001900000,7.444886155000063,52.281550049000032,1,
05,5,66,064,2019,11,13,5,3,3,5,0,1,1,0,0,0,0,395976.062505281530000,5772279.302103456100000,7.481598671000029,52.091288561000056,1,
05,5,66,008,2019,11,12,5,2,5,3,0,0,1,0,0,0,0,398828.167172568850000,5780886.588588461300000,7.520654238000077,52.169177583000078,0,
05,5,58,012,2019,11,15,5,3,0,1,0,1,0,0,0,0,0,374598.869669559410000,5755760.698627222300000,7.175769521000063,51.938415725000027,1,
05,5,15,000,2019,11,08,5,3,0,7,0,1,0,0,0,0,0,405164.399758802730000,5757563.797373993300000,7.619751864000023,51.960672112000054,1,
05,5,15,000,2019,11,15,5,3,5,3,0,1,1,0,0,0,0,404434.768443322740000,5760668.406225372100000,7.608271622000075,51.988452474000042,1,
05,5,15,000,2019,11,12,5,3,0,7,0,0,0,0,0,0,1,405629.710806306450000,5758178.221446525300000,7.626353108000046,51.966273992000026,1,
05,5,13,000,2019,11,18,5,3,5,3,2,0,1,0,0,0,0,369658.129867802370000,5710326.941634936300000,7.120951616000070,51.528990622000038,1,
05,5,13,000,2019,11,12,5,3,2,2,0,0,1,0,0,0,0,366831.380845551380000,5706974.388321688400000,7.081491143000051,51.498202797000033,1,
05,5,70,028,2019,11,07,5,2,0,3,0,1,0,0,0,0,0,441088.099454323760000,5744080.018200798000000,8.144812202000026,51.844419085000027,1,
05,5,70,028,2019,11,07,5,3,0,1,0,1,0,0,0,0,0,442288.336000001060000,5742919.092000003900000,8.162426963000030,51.834107439000036,2,
05,5,70,004,2019,11,07,5,3,5,7,0,1,1,0,0,0,0,422865.724124417640000,5735181.730629053000000,7.882317278000073,51.762207345000036,1,
05,5,66,040,2019,11,19,5,3,5,3,2,1,1,0,0,0,0,421271.218382953670000,5781484.059752585400000,7.848598368000069,52.178206513000077,0,
05,5,66,040,2019,11,07,5,3,3,2,1,1,0,0,0,0,0,422842.265439683570000,5781668.920403845600000,7.871527859000025,52.180090181000025,1,
05,5,66,048,2019,11,07,5,3,1,5,0,1,1,0,0,0,0,430269.413044751620000,5795636.772264247800000,7.977251187000036,52.306638232000068,1,
05,5,66,076,2019,11,13,5,3,5,3,0,0,1,0,0,0,0,394414.683380613100000,5796296.940031850700000,7.451330489000043,52.306848562000027,0,
05,5,66,008,2019,11,17,5,3,0,7,1,1,1,0,0,0,0,399647.743086144330000,5781454.884865254200000,7.532465805000072,52.174434925000071,1,
05,5,66,008,2019,11,06,5,3,5,3,2,1,1,0,0,0,0,401387.022276505830000,5779830.547374531600000,7.558363916000076,52.160149212000078,1,
05,5,15,000,2019,11,10,5,3,5,2,0,1,1,0,0,0,0,405271.750100781210000,5756337.866135094300000,7.621651754000027,51.949671224000042,0,
05,5,15,000,2019,11,08,5,3,0,1,0,1,0,0,0,0,0,409447.420736758970000,5753836.568290744000000,7.683050900000069,51.927883366000060,1,
05,5,15,000,2019,11,06,5,3,5,3,2,1,1,0,0,0,0,401574.738195585090000,5757089.968173967700000,7.567660601000057,51.955789370000048,1,
05,5,70,052,2019,11,15,4,2,1,1,0,0,1,0,0,0,1,430666.798999999650000,5755212.773000003800000,7.991317415000026,51.943302632000041,0,
05,5,66,076,2019,11,18,4,3,5,3,2,1,1,0,0,0,0,391949.412000002340000,5794128.467000002000000,7.415881660000025,52.286880838000059,1,
05,5,58,024,2019,11,08,4,3,5,2,0,1,1,0,0,0,0,392431.589000001550000,5736531.113000001800000,7.441057189000048,51.769316575000062,1,
05,5,58,012,2019,11,13,4,3,0,6,0,1,1,0,0,0,0,373742.748846086670000,5757055.512486087200000,7.162846823000052,51.949857879000035,1,
05,5,54,020,2019,11,15,4,3,2,6,0,1,0,0,0,0,0,366298.601000000720000,5785643.767000002800000,7.043390841000075,52.205001750000065,0,
05,5,54,012,2019,11,12,4,1,0,7,0,1,0,0,0,0,1,351344.742448942740000,5744984.747128767900000,6.842370483000025,51.835871069000063,1,
05,5,54,008,2019,11,07,4,3,5,2,1,1,1,0,0,0,0,336408.408062337900000,5744965.616229889900000,6.625780560000067,51.831524571000045,1,
05,5,54,008,2019,11,18,4,3,5,3,2,1,1,0,0,0,0,335620.802113263870000,5744994.382918607400000,6.614346971000032,51.831551801000046,1,
05,5,54,020,2019,11,20,4,3,1,1,2,0,0,0,1,0,0,364275.919639078900000,5786589.553135480700000,7.013430568000047,52.213005518000045,1,
05,5,15,000,2019,11,10,4,3,1,5,0,1,1,0,0,0,0,407124.115783646700000,5756614.785076832400000,7.648521676000030,51.952472711000041,0,
05,5,15,000,2019,11,15,4,3,5,3,0,1,0,0,0,0,1,403702.073260876350000,5758767.802553704000000,7.598138174000042,51.971242743000062,0,
05,5,15,000,2019,11,10,4,3,1,5,0,1,0,0,0,0,0,406297.815040436570000,5757013.529846215600000,7.636392733000037,51.955918218000079,0,
05,5,15,000,2019,11,16,4,3,5,2,2,1,1,0,0,0,0,408450.762050102460000,5761552.802226588100000,7.666503377000026,51.997078348000059,1,
05,5,62,036,2019,11,17,4,3,5,3,2,0,1,0,1,0,0,388058.659556524830000,5720400.074829965800000,7.382885959000021,51.623476232000030,1,
05,5,62,004,2019,11,12,4,3,1,6,0,0,1,0,0,0,0,382805.977186076340000,5712316.360725924400000,7.309738929000048,51.549753095000028,1,
05,5,62,024,2019,11,12,4,3,1,5,0,1,1,0,0,0,0,369809.873840557410000,5724893.029242929100000,7.117733218000069,51.659927268000047,1,
05,5,12,000,2019,11,13,4,3,2,7,0,0,1,0,0,0,0,356847.954053000550000,5708811.003540432100000,6.937015082000073,51.512266506000060,1,
05,5,12,000,2019,11,08,4,3,5,3,0,1,1,0,0,0,0,357936.426028217190000,5710073.618081118900000,6.952181439000071,51.523887031000072,1,
05,5,62,032,2019,11,17,4,3,5,3,2,0,1,0,0,0,0,376011.815083200110000,5716824.629318639600000,7.210207592000074,51.588817908000067,1,
05,5,62,032,2019,11,21,4,3,0,1,2,0,0,0,1,0,0,375624.421843096610000,5719119.099791886300000,7.203804892000051,51.609353290000058,1,
05,5,62,032,2019,11,13,4,3,6,7,0,0,1,1,0,0,0,375470.545821640640000,5718469.224924624000000,7.201814650000074,51.603478767000070,1,
05,5,13,000,2019,11,14,4,3,5,7,0,0,0,0,0,0,1,363253.769620881420000,5710503.316959830000000,7.028613337000024,51.529060989000072,1,
05,5,70,004,2019,11,16,3,3,5,3,1,0,1,0,0,0,0,425172.522314829750000,5735250.519845778100000,7.915721625000060,51.763138766000054,1,
05,5,66,076,2019,11,14,3,3,2,6,0,0,1,0,0,0,0,393902.743653468790000,5793138.953422820200000,7.444819141000039,52.278368459000035,1,
05,5,54,068,2019,11,15,3,3,5,3,0,1,1,0,0,0,0,351381.124232728970000,5766846.225305337500000,6.833454589000041,52.032298578000052,0,
05,5,15,000,2019,11,08,3,3,0,5,0,1,1,0,0,0,0,407367.885204989460000,5757963.721685750400000,7.651704065000047,51.964638324000077,1,
05,5,62,008,2019,11,14,3,3,1,5,0,0,1,0,0,0,0,385268.560861770060000,5723997.292120479000000,7.341418576000024,51.655245185000069,1,