ULAND,UREGBEZ,UKREIS,UGEMEINDE,UJAHR,UMONAT,USTUNDE,UWOCHENTAG,UKATEGORIE,UART,UTYP1,ULICHTVERH,IstRad,IstPKW,IstFuss,IstKrad,IstGkfz,IstSonstige,LINREFX,LINREFY,XGCSWGS84,YGCSWGS84,STRZUSTAND,UIDENTSTLAE
05,5,12,000,2019,11,18,3,3,1,1,2,0,1,0,0,0,0,357308.818000000900000,5708914.462000003100000,6.943610175000060,51.513312752000047,0,
05,5,62,032,2019,11,07,3,3,0,6,2,1,1,0,0,0,0,376538.074835638520000,5715120.380863672100000,7.218399512000076,51.573616960000038,1,
05,5,13,000,2019,11,13,3,3,2,6,0,0,1,0,0,0,0,365231.563501316120000,5715771.287133138600000,7.055089644000020,51.576876932000062,1,
05,5,13,000,2019,11,07,3,3,5,3,1,1,1,0,0,0,0,366006.498749604450000,5708861.652873532800000,7.068897551000021,51.514967978000072,1,
05,5,13,000,2019,11,14,3,2,5,3,0,1,1,0,0,0,0,368061.015442186040000,5708573.059477694300000,7.098597404000032,51.512858020000067,1,
05,5,66,040,2019,11,13,2,3,4,5,0,0,1,0,0,0,0,422239.245000001040000,5780969.194000000100000,7.862870669000074,52.173715726000069,0,
05,5,66,008,2019,11,19,2,3,5,3,2,1,0,0,0,0,0,399491.741000001320000,5781519.629000004400000,7.530166087000055,52.174988433000067,1,
05,5,58,024,2019,11,20,2,3,4,2,2,1,1,0,0,0,0,393046.374564290050000,5737115.676333349200000,7.449783449000051,51.774688432000062,1,
05,5,58,024,2019,11,17,2,3,4,2,2,1,0,0,0,0,0,392875.763773145150000,5736811.302254589300000,7.447405444000026,51.771920089000048,0,
05,5,58,024,2019,11,11,2,3,6,2,0,0,1,1,0,0,0,392721.677142298780000,5736943.708529576700000,7.445132188000059,51.773080647000029,0,
05,5,58,028,2019,11,10,2,2,1,5,0,1,1,0,0,0,0,398371.554470664820000,5733044.307376200300000,7.528130379000061,51.739085768000052,0,
05,5,58,012,2019,11,07,2,3,5,3,0,1,1,0,0,0,0,374072.483848224390000,5756685.816614959400000,7.167777533000049,51.946610377000070,0,
05,5,54,008,2019,11,12,2,3,0,1,0,1,0,0,0,0,0,335965.402676206080000,5746354.025769213200000,6.618698929000061,51.843867360000047,0,
05,5,54,008,2019,11,07,2,3,5,2,0,1,1,0,0,0,0,335677.161199155260000,5744356.930036429300000,6.615466738000066,51.825841870000033,0,
05,5,15,000,2019,11,14,2,3,0,1,0,1,1,0,0,0,0,405850.962734885510000,5754513.140707502100000,7.630576611000038,51.933368065000082,0,
05,5,15,000,2019,11,15,2,2,4,3,0,1,1,0,0,0,0,406564.702991487460000,5758332.879670366600000,7.639916533000076,51.967822077000051,0,
05,5,62,004,2019,11,14,2,3,5,7,0,0,1,0,1,0,0,384339.579554512170000,5717380.056045966200000,7.330180406000068,51.595581021000044,0,
05,5,12,000,2019,11,14,2,2,1,6,0,0,1,0,0,1,0,357514.026967426760000,5709340.353944039000000,6.946393337000075,51.517191574000037,0,
05,5,62,014,2019,11,17,2,3,6,2,2,0,1,1,0,0,0,360663.539876135070000,5715633.983333315700000,6.989263671000060,51.574532518000069,1,
05,5,13,000,2019,11,17,2,3,6,7,2,0,1,1,0,0,0,369384.699167793620000,5706917.633352782600000,7.118275278000056,51.498288498000079,1,
05,5,54,012,2019,11,08,3,3,2,6,1,0,1,0,0,1,0,352581.433437419120000,5748679.607391009100000,6.858730920000028,51.869396817000052,1,
05,5,15,000,2019,11,13,3,3,5,2,0,1,1,0,0,0,0,406632.373237539080000,5758745.774784941200000,7.640788974000031,51.971544745000074,1,
05,5,62,020,2019,11,17,3,3,5,3,2,0,1,0,1,0,0,366472.668924523520000,5719633.485254768300000,7.071519913000032,51.611879886000054,1,
05,5,66,040,2019,11,07,2,3,5,3,2,0,1,0,0,0,0,421015.262156424110000,5783568.703438101300000,7.844370091000030,52.196908458000053,1,
05,5,66,084,2019,11,18,2,3,6,7,2,0,1,1,0,0,0,385765.551974517290000,5778879.134193519100000,7.330409428000053,52.148587639000027,1,
05,5,54,068,2019,11,13,2,3,0,6,0,1,1,0,0,0,0,351068.582000001330000,5767158.179999999700000,6.828766103000021,52.035017481000068,1,
05,5,15,000,2019,11,13,2,3,5,3,1,1,1,0,0,0,0,406667.473659869280000,5751451.010191382800000,7.643279448000044,51.905981460000078,1,
05,5,15,000,2019,11,18,2,3,4,2,2,1,1,0,0,0,0,405462.046177306210000,5757552.143408309700000,7.624085700000023,51.960618050000051,1,
05,5,15,000,2019,11,07,2,3,1,1,0,1,1,0,0,0,0,406008.615538930520000,5758702.581717506100000,7.631723159000046,51.971051369000065,1,
05,5,15,000,2019,11,18,2,3,1,7,2,1,1,0,0,0,0,405398.439289514910000,5758850.418631849800000,7.622802558000046,51.972276663000059,1,
05,5,15,000,2019,11,15,2,3,0,7,0,1,0,0,0,0,0,405423.445251231080000,5757987.541138455300000,7.623404175000076,51.964525023000078,1,
05,5,15,000,2019,11,09,2,2,0,7,0,1,0,0,0,0,0,404933.433228391220000,5755139.408521767700000,7.617061988000046,51.938841259000071,1,
05,5,15,000,2019,11,17,2,3,5,2,2,1,0,0,0,0,1,402577.547306172550000,5749990.242421491100000,7.584258606000049,51.892151322000075,1,
05,5,15,000,2019,11,16,2,3,5,2,2,1,1,0,0,0,0,406098.045917963610000,5757052.944859139600000,7.633475699000030,51.956238801000040,1,
05,5,62,028,2019,11,10,2,3,5,3,0,0,1,0,0,0,1,380752.624229931270000,5722200.392972096800000,7.276779028000021,51.638155812000036,1,
05,5,62,024,2019,11,07,2,3,6,4,1,0,1,1,0,0,0,371320.690420971250000,5727038.571607783400000,7.138773570000069,51.679556596000054,1,
05,5,13,000,2019,11,13,2,3,1,5,0,1,1,0,0,0,0,365008.939000002110000,5716056.846000000800000,7.051769078000064,51.579389811000055,1,
05,5,13,000,2019,11,12,2,3,5,3,0,1,1,0,0,0,0,368913.014299805280000,5714149.422586483900000,7.108791972000063,51.563169845000061,0,
05,5,70,004,2019,11,13,1,3,2,6,0,0,1,0,0,0,0,423073.277705485000000,5735274.650875162300000,7.885303561000058,51.763071216000071,0,
05,5,62,028,2019,11,16,1,3,5,2,0,1,1,0,0,0,0,380062.929596403610000,5722317.915531177100000,7.266777006000041,51.639065388000063,0,
05,5,70,004,2019,11,18,7,3,1,5,2,0,1,0,0,0,0,423188.964109115300000,5733372.803825475300000,7.887399810000034,51.745990181000082,0,
05,5,70,032,2019,11,11,7,2,0,1,0,0,0,0,1,0,0,421241.532406780870000,5766432.344883795800000,7.851645930000075,52.042902773000037,1,
05,5,54,008,2019,11,19,7,3,2,6,2,0,1,0,0,0,0,335302.344932475130000,5745845.673901433100000,6.609324337000032,51.839105476000043,0,
05,5,54,008,2019,11,13,7,3,0,7,0,1,0,0,0,0,0,334591.985744387840000,5746448.284974899100000,6.598734688000036,51.844308980000051,0,
05,5,54,044,2019,11,22,7,3,9,1,2,0,1,0,1,0,0,365362.973285907880000,5743205.434348039300000,7.046393312000021,51.823437520000027,0,
05,5,54,008,2019,11,09,7,3,0,1,0,1,0,0,0,0,0,335213.165420809760000,5746136.725530246300000,6.607892425000046,51.841693793000047,1,
05,5,15,000,2019,11,01,7,3,1,7,2,1,1,0,0,0,0,405841.653926994650000,5756276.939766548600000,7.629958290000047,51.949220357000058,1,
05,5,62,032,2019,11,16,7,3,5,3,2,0,1,0,0,0,0,376553.792000001300000,5715328.393000001100000,7.218553097000040,51.575489862000040,0,
05,5,66,008,2019,11,07,3,3,5,3,2,1,1,0,0,0,0,399044.611779735420000,5781882.042173368900000,7.523521743000060,52.178164063000054,1,
05,5,66,076,2019,11,20,3,3,5,3,2,0,1,0,0,0,0,394655.222962297500000,5795859.548706211100000,7.454994069000065,52.302963826000052,1,
05,5,66,084,2019,11,12,3,2,0,7,0,0,1,1,0,0,0,385675.162999999710000,5778867.072999998900000,7.329093017000048,52.148460543000056,1,
05,5,66,084,2019,11,17,3,2,0,1,2,1,0,0,0,0,0,385431.475522923280000,5778923.500962045000000,7.325514036000072,52.148917158000074,1,
05,5,54,008,2019,11,07,6,3,0,7,1,1,0,0,0,0,0,336022.816691622140000,5744602.511850731400000,6.620361649000074,51.828149591000056,0,
05,5,15,000,2019,11,11,6,3,6,7,0,0,1,1,0,0,0,402068.364000000060000,5758093.714999999900000,7.574555535000059,51.964898432000041,0,
05,5,15,000,2019,11,12,6,3,0,1,0,0,0,0,1,0,0,408016.244307077490000,5757977.776278330000000,7.661134621000031,51.964872313000058,1,
05,5,70,020,2019,11,08,3,3,1,5,0,0,1,0,0,0,0,434135.992871291940000,5748571.778866363700000,8.043050605000076,51.884022743000060,1,
05,5,15,000,2019,11,14,6,3,8,7,0,1,1,0,0,0,0,406667.273935714740000,5756964.837820576500000,7.641780899000025,51.955542682000043,0,
05,5,62,036,2019,11,13,6,3,2,6,0,1,1,0,0,0,0,388949.821733927350000,5720698.662187298800000,7.395659634000026,51.626336503000061,0,
05,5,62,004,2019,11,10,6,3,6,4,0,0,1,0,0,0,1,382034.890261529010000,5714506.544732812800000,7.297888107000063,51.569277052000075,0,
05,5,62,024,2019,11,15,6,3,9,1,0,0,1,0,0,0,0,368743.274828514080000,5724615.013798857100000,7.102425973000038,51.657180788000062,0,
05,5,66,064,2019,11,06,3,3,6,1,2,0,1,1,0,0,0,395840.384493428280000,5771355.187168754600000,7.479901281000025,52.082957413000031,1,
05,5,70,008,2019,11,12,6,3,0,3,0,0,1,0,1,0,0,434041.830449430270000,5733659.956282338100000,8.044522518000065,51.749954555000045,0,
05,5,66,060,2019,11,08,6,1,6,4,0,0,0,1,0,1,0,388976.912187010050000,5789659.151414124300000,7.373791512000025,52.246122976000038,1,
05,5,54,020,2019,11,11,6,3,1,2,0,0,1,1,0,0,0,364654.812866794880000,5786510.860825456700000,7.019004229000075,52.212391641000067,1,
05,5,54,040,2019,11,12,6,3,2,6,0,1,0,0,1,0,0,350985.833648051140000,5737845.196707598900000,6.840234115000044,51.771627586000079,1,
05,5,62,004,2019,11,15,6,2,6,4,0,0,1,1,0,0,0,382813.930652520620000,5712550.958922438300000,7.309775429000069,51.551863253000079,0,
05,5,62,004,2019,11,08,6,3,5,3,1,0,1,0,1,0,0,382678.587497413160000,5711756.478966273400000,7.308089183000050,51.544694555000035,1,
05,5,62,024,2019,11,07,6,2,6,2,1,0,1,1,0,0,0,368740.536315327510000,5725348.252822723200000,7.102111057000059,51.663769434000073,1,
05,5,70,024,2019,11,16,5,2,5,3,0,1,1,0,0,0,0,421666.334051121960000,5753401.749365402400000,7.860814410000046,51.925828347000049,0,
05,5,70,052,2019,11,15,5,3,0,3,0,1,0,0,0,0,0,430819.571438236160000,5757171.851296013200000,7.993145235000043,51.960933065000063,0,
05,5,66,040,2019,11,16,5,3,1,6,2,0,1,0,0,0,0,420966.493872339840000,5782348.037055643300000,7.843941395000059,52.185929103000035,0,
05,5,66,076,2019,11,16,5,3,2,2,0,1,0,0,0,0,0,393627.440000001340000,5793038.979000002100000,7.440816878000021,52.277416765000055,0,
05,5,58,016,2019,11,08,5,3,5,3,2,1,1,0,0,0,0,381261.966431593520000,5743941.886954262900000,7.276717699000074,51.833661143000029,0,
05,5,58,016,2019,11,12,5,3,4,1,0,1,1,0,0,0,0,381450.638397819360000,5743276.795284489200000,7.279682435000041,51.827723934000062,0,
05,5,54,012,2019,11,19,5,3,0,6,2,1,1,0,0,0,0,352036.207999999630000,5745687.383000001300000,6.852098487000035,51.842367777000050,1,
05,5,54,004,2019,11,17,5,3,5,2,2,0,1,0,0,0,0,363130.003819239330000,5772131.374049726900000,7.002493029000050,52.082811767000067,0,
05,5,15,000,2019,11,08,5,3,5,2,1,1,1,0,0,0,0,403049.831267337310000,5758116.678620005000000,7.588830097000027,51.965276868000046,0,
05,5,15,000,2019,11,06,5,3,6,6,1,0,1,1,0,0,0,407024.820761824960000,5757476.741857660900000,7.646843965000073,51.960203832000047,0,
05,5,15,000,2019,11,12,5,3,5,2,0,1,1,0,0,0,0,405463.080840232780000,5756887.316398188500000,7.624283702000071,51.954642476000060,0,
05,5,62,012,2019,11,11,5,3,5,3,0,0,1,0,0,0,0,362615.001132253560000,5724925.825837748100000,7.013763657000027,51.658509357000071,0,
05,5,13,000,2019,11,07,5,3,2,6,1,0,1,0,0,0,0,366215.805898854510000,5715850.896870667100000,7.069254699000055,51.577826797000057,0,
05,5,70,028,2019,11,13,4,3,1,7,0,0,0,0,0,0,1,441825.345889930610000,5741861.221904946500000,8.155886157000055,51.824548894000031,0,
05,5,66,088,2019,11,11,4,3,7,1,0,0,1,0,0,0,0,424736.620417583730000,5785340.074047915600000,7.898412589000031,52.213351876000047,1,
05,5,58,008,2019,11,07,4,3,0,1,0,1,0,0,0,0,0,382298.592200982380000,5760407.509340550800000,7.286130520000029,51.981858537000051,2,
05,5,54,068,2019,11,09,4,3,5,7,0,1,1,0,0,0,0,350290.822538075040000,5767658.909029318000000,6.817217022000023,52.039306807000060,1,
05,5,54,008,2019,11,17,4,3,5,3,2,1,1,0,0,0,0,335792.559605646880000,5745345.695168361100000,6.616670690000035,51.834758303000058,0,
05,5,54,008,2019,11,13,4,3,5,2,0,1,1,0,0,0,0,336275.896999999880000,5745749.586000001100000,6.623488284000075,51.838528523000036,0,
05,5,54,008,2019,11,08,4,3,7,1,0,1,0,0,0,0,0,335200.250079644840000,5744705.799404414400000,6.608386580000058,51.828835443000060,1,
05,5,15,000,2019,11,12,4,3,4,3,0,1,1,0,0,0,0,406110.632675119680000,5757944.887268615900000,7.633415011000068,51.964258115000064,0,
05,5,15,000,2019,11,19,4,3,5,3,2,1,0,0,0,0,0,405489.101999999960000,5757139.439999999500000,7.624592895000035,51.956913095000061,1,
05,5,15,000,2019,11,09,4,3,2,6,0,0,1,0,0,0,0,403591.539073928260000,5758634.415763052200000,7.596567050000033,51.970024660000036,1,
05,5,62,012,2019,11,08,4,2,0,7,0,1,0,0,0,0,0,363181.927000000140000,5731710.810000002400000,7.019294488000071,51.719617960000051,2,
05,5,62,014,2019,11,19,4,3,5,3,2,1,1,0,0,0,0,359725.035398799930000,5715192.796702038500000,6.975905522000062,51.570335277000027,1,
05,5,62,014,2019,11,08,4,2,0,1,0,0,0,0,1,0,0,359911.331580679860000,5717256.294169684900000,6.977768731000026,51.588924186000042,2,
05,5,13,000,2019,11,08,4,3,0,1,0,0,0,0,1,0,0,364836.673666708170000,5713575.018145529600000,7.050239037000040,51.557045808000055,2,
05,5,13,000,2019,11,07,4,3,0,4,2,0,1,1,0,0,0,367555.675246907400000,5713468.724424520500000,7.089477565000038,51.556735537000066,1,
05,5,66,068,2019,11,21,7,3,4,6,2,1,1,0,0,0,0,377759.256376539360000,5785541.303751966000000,7.211052291000044,52.206741966000038,1,
05,5,66,068,2019,11,00,7,3,2,6,2,1,0,0,0,0,0,375819.424000000580000,5786180.966000001900000,7.182444297000075,52.212056391000033,0,
05,5,15,000,2019,11,12,7,2,0,7,0,1,1,0,0,0,0,404089.457518813200000,5761379.215164938900000,7.603045593000047,51.994781917000068,0,
05,5,62,020,2019,11,11,7,3,0,7,0,0,0,0,0,0,1,367511.929111282340000,5718658.043651949600000,7.086889074000055,51.603359563000026,0,
05,5,66,008,2019,11,06,4,2,3,2,2,1,1,0,0,0,0,401475.177869823760000,5779690.762097641800000,7.559692796000036,52.158908581000048,1,
05,5,66,012,2019,11,05,4,3,2,6,2,0,1,0,0,0,0,405005.824000000020000,5772261.108000000900000,7.613364278000063,52.092748729000050,1,
05,5,58,024,2019,11,17,4,3,6,7,2,0,1,1,0,0,0,391764.102292031050000,5736412.324407082100000,7.431424505000052,51.768120255000042,1,
05,5,58,012,2019,11,16,4,3,5,3,1,1,1,0,0,0,0,373611.574999999250000,5756188.017000002800000,7.161258105000059,51.942032422000068,1,
05,5,58,016,2019,11,13,4,3,1,3,0,0,1,0,0,0,0,380919.630429681390000,5743112.662851216300000,7.272036998000033,51.826135921000059,0,
05,5,54,068,2019,11,11,4,3,5,2,0,1,1,0,0,0,0,350570.766187755390000,5766890.369714211700000,6.821631228000058,52.032477455000048,1,
05,5,54,012,2019,11,13,4,3,2,6,0,0,1,0,0,0,1,350469.694303409200000,5744364.090491958000000,6.829947730000072,51.830061040000032,1,
05,5,54,008,2019,11,10,4,3,0,1,0,1,0,0,0,0,0,334449.531608729620000,5746490.471733566400000,6.596648419000076,51.844645740000033,1,
05,5,54,056,2019,11,10,4,3,1,5,0,1,1,0,0,0,0,355785.457124308680000,5762231.226874645800000,6.899556230000030,51.991996065000080,1,
05,5,15,000,2019,11,07,4,3,5,7,1,1,1,0,0,0,0,407013.594639796760000,5753951.963164929300000,7.647633946000042,51.928519357000027,1,
05,5,15,000,2019,11,16,4,3,6,4,0,0,1,1,0,0,0,405443.262653677720000,5758192.198045235100000,7.623636179000073,51.966367935000051,1,
05,5,15,000,2019,11,07,4,3,2,6,2,0,1,0,0,0,0,408575.720613429320000,5761510.675946511300000,7.668334214000026,51.996720283000059,1,
05,5,15,000,2019,11,07,4,3,5,3,2,1,1,0,0,0,0,405905.018981361760000,5758253.549554325600000,7.630338591000054,51.966997744000082,1,
05,5,15,000,2019,11,09,4,3,1,5,0,1,1,0,0,0,0,405586.866074410270000,5757372.740139203100000,7.625951086000043,51.959026706000031,1,
05,5,62,004,2019,11,11,4,3,5,3,0,0,1,0,0,0,0,383044.194000001070000,5717793.127000002200000,7.311349569000072,51.599026103000028,0,
05,5,62,012,2019,11,11,4,3,5,3,0,0,1,0,0,0,0,363091.076675249260000,5730567.821381438500000,7.018429190000063,51.709324878000075,1,
05,5,62,024,2019,11,15,4,3,6,4,0,0,1,1,0,0,0,370098.656874585900000,5725362.987393938000000,7.121731304000036,51.664217434000079,1,
05,5,13,000,2019,11,19,4,2,1,2,2,0,1,0,0,0,0,368385.467931700870000,5709300.965544600000000,7.102998591000073,51.519475220000061,1,
05,5,13,000,2019,11,13,4,3,6,4,0,0,1,1,0,0,0,367799.826389457100000,5709813.162022745200000,7.094370394000066,51.523941423000053,0,
05,5,66,084,2019,11,10,3,3,6,7,0,1,0,1,0,0,0,386014.134374249730000,5778933.846542803600000,7.334022557000026,52.149130695000053,1,
05,5,66,080,2019,11,16,3,3,6,4,2,0,1,1,0,0,0,406478.986000000500000,5781149.587999999500000,7.632416941000031,52.172891055000036,0,
05,5,54,020,2019,11,14,3,3,0,1,0,1,0,0,0,0,0,363876.220231695100000,5786992.534278972100000,7.007421991000058,52.216527786000029,0,
05,5,54,008,2019,11,09,3,3,2,6,0,0,1,0,0,0,0,335299.738149926070000,5745546.594990370800000,6.609428901000058,51.836417970000070,1,
05,5,54,008,2019,11,05,3,3,5,7,2,0,1,0,0,0,0,336408.064161364920000,5744965.448161996900000,6.625775653000062,51.831522961000076,1,
05,5,62,024,2019,11,16,3,2,6,2,2,0,1,1,0,0,0,370045.068847893740000,5725425.994904026400000,7.120933482000055,51.664771269000028,0,
05,5,62,032,2019,11,14,3,3,2,6,0,0,1,0,1,0,0,377126.183033206500000,5715719.758812163000000,7.226672058000077,51.579132238000057,0,
05,5,70,028,2019,11,00,2,3,9,1,2,0,1,0,0,0,0,445724.839652423750000,5742568.808634558700000,8.212350853000032,51.831302807000043,0,
05,5,70,004,2019,11,07,2,2,5,3,1,1,1,0,0,0,0,423701.231879458760000,5734193.364105274900000,7.894638404000034,51.753436744000055,1,
05,5,66,028,2019,11,16,2,3,6,7,2,0,0,1,0,0,1,407748.458486608230000,5797620.632386790600000,7.646476859000075,52.321147769000049,1,
05,5,66,060,2019,11,17,2,3,5,3,2,1,1,0,0,0,0,388152.880458762870000,5788634.859943138400000,7.362065884000060,52.236750913000037,1,
05,5,54,016,2019,11,19,2,3,5,3,2,0,1,0,0,0,0,363019.749559831810000,5757420.526804305600000,7.006770393000068,51.950600598000051,0,
05,5,54,008,2019,11,19,2,3,5,2,2,1,0,0,0,0,0,337052.828502615910000,5745363.514591060600000,6.634937131000072,51.835287449000077,0,
05,5,62,004,2019,11,17,2,3,0,7,1,0,0,0,0,0,1,382804.330115720630000,5712317.185090405900000,7.309714910000025,51.549760162000041,0,
05,5,62,024,2019,11,07,2,3,6,4,0,0,0,1,1,0,0,368386.404491514900000,5723889.599733030400000,7.097542811000039,51.650578386000063,1,
05,5,54,012,2019,11,16,1,3,6,2,1,0,1,1,0,0,0,352549.797017679550000,5745580.076364614100000,6.859594068000035,51.841539488000080,0,
05,5,13,000,2019,11,20,1,3,0,3,2,0,1,0,1,0,0,364093.520195335150000,5717118.887174909900000,7.038154674000055,51.588713678000033,1,
05,5,66,016,2019,12,06,1,3,0,1,2,1,0,0,0,0,0,403622.336143930440000,5794853.923532757900000,7.586749787000031,52.295572285000048,2,
05,5,58,044,2019,12,08,1,3,0,1,1,1,0,0,0,0,0,395674.073504891250000,5746399.471679713600000,7.485059297000021,51.858628069000076,2,
05,5,15,000,2019,12,09,1,2,0,7,0,1,0,0,0,0,0,398118.764083487910000,5753824.406872322800000,7.518352685000025,51.925815962000058,2,
05,5,15,000,2019,12,02,1,3,8,1,2,0,1,0,0,0,0,402601.396832893600000,5758862.511005250700000,7.582093424000050,51.971902209000064,2,
05,5,70,024,2019,11,16,7,3,5,3,2,0,1,0,0,0,0,421247.657702186140000,5752497.769845284500000,7.854933819000053,51.917643148000082,1,
05,5,70,052,2019,11,09,7,3,5,3,0,1,1,0,0,0,0,430137.410305960100000,5756034.418912272900000,7.983450005000066,51.950622691000035,1,
05,5,66,060,2019,11,22,7,2,0,1,2,1,0,0,0,0,0,388822.630802113560000,5789655.572635887200000,7.371533845000045,52.246059669000033,1,
05,5,66,052,2019,11,17,7,3,7,1,2,0,0,0,1,0,0,377527.825718046170000,5778722.352478692300000,7.210129145000053,52.145413503000043,0,
05,5,58,044,2019,11,10,7,3,4,7,0,1,1,1,0,0,0,395879.500000000000000,5745995.183000000200000,7.488163034000024,51.855032671000060,0,
05,5,54,020,2019,11,13,7,2,5,3,0,1,1,0,0,0,0,363731.139999388720000,5786416.727794071700000,7.005531521000023,52.211318200000051,0,
05,5,54,008,2019,11,23,7,3,0,7,2,1,0,0,0,0,0,338220.591092405840000,5747834.241966061300000,6.650715091000052,51.857823002000032,1,
05,5,15,000,2019,11,16,7,3,0,7,0,1,0,0,0,0,0,404324.721682528030000,5754208.327035533300000,7.608468800000026,51.930367991000026,1,
05,5,15,000,2019,11,15,7,3,0,6,0,1,1,0,0,0,0,407385.039097802710000,5751283.521512018500000,7.653752173000044,51.904595726000082,0,
05,5,70,020,2019,11,11,6,3,8,1,0,0,1,0,0,0,0,432914.892997407350000,5743620.171258868600000,8.026273363000030,51.839362834000042,0,
05,5,70,008,2019,11,12,6,3,6,4,0,0,1,1,0,0,0,432803.254967856220000,5739216.589438200000000,8.025507703000073,51.799761505000049,0,
05,5,70,052,2019,11,09,6,3,5,3,0,1,1,0,0,0,0,430907.166000000200000,5755930.173000002300000,7.994669578000071,51.949781715000029,0,
05,5,70,052,2019,11,13,6,3,5,2,0,1,1,0,0,0,0,430378.598198979160000,5756350.948217015700000,7.986894737000057,51.953498415000070,0,
05,5,66,088,2019,11,21,6,3,3,7,2,0,1,1,0,0,0,423889.101012969390000,5785447.175525622400000,7.885986369000023,52.214198181000029,1,
05,5,66,092,2019,11,20,6,3,5,3,2,0,1,0,0,0,0,423598.916927827520000,5796800.082316285000000,7.879169338000054,52.316207412000040,0,
05,5,66,028,2019,11,11,6,3,5,3,0,1,0,0,0,0,0,412534.412428269160000,5792530.090206170500000,7.717999324000061,52.276176284000030,0,
05,5,54,056,2019,11,16,6,3,5,3,1,1,1,0,0,0,0,356582.606000000610000,5761226.042000001300000,6.911578437000060,51.983170886000039,0,
05,5,54,008,2019,11,23,6,2,0,1,2,1,0,0,0,0,0,336091.287000002340000,5745372.534000001800000,6.620989711000050,51.835087146000035,0,
05,5,13,000,2019,11,18,6,3,6,6,2,0,1,1,0,0,0,366096.321000001390000,5713581.251000000200000,7.068396190000044,51.557402238000066,0,
05,5,13,000,2019,11,11,6,3,5,2,0,0,1,1,0,0,0,368060.565571880900000,5708572.846850857100000,7.098591004000070,51.512856004000071,0,
05,5,70,052,2019,11,17,5,3,6,6,2,1,0,1,0,0,0,429876.467619611880000,5755167.640564138100000,7.979830573000072,51.942797850000034,1,
05,5,70,052,2019,11,17,5,3,5,3,2,1,1,0,0,0,0,430739.435598690060000,5756450.062031559600000,7.992124653000076,51.954434469000034,1,
05,5,66,076,2019,11,18,5,3,1,5,2,0,1,0,0,0,0,393943.427818200550000,5793385.475607572100000,7.445337709000057,52.280591858000037,1,
05,5,66,084,2019,11,11,5,3,0,7,0,1,0,0,0,0,0,390042.505730827340000,5775727.766055196500000,7.393911111000023,52.121133716000031,1,
05,5,54,048,2019,11,18,5,3,1,5,2,1,1,0,0,0,0,340955.420245661400000,5745277.959302371400000,6.691569582000057,51.835643695000044,1,
05,5,54,008,2019,11,15,5,3,0,2,0,1,1,0,0,0,0,335715.390836735260000,5745045.658672597300000,6.615694126000051,51.832040258000063,1,
05,5,15,000,2019,11,11,5,3,3,6,0,1,0,0,0,0,0,405965.748205150480000,5757167.782838881000000,7.631519575000027,51.957248661000051,1,
05,5,62,036,2019,11,10,5,3,5,3,0,0,1,0,0,0,1,389844.095284568150000,5719930.036090729800000,7.408815519000029,51.619603823000034,1,
05,5,62,012,2019,11,14,5,2,8,1,1,0,1,0,0,0,0,355425.831006370480000,5724925.070737797800000,6.909899576000044,51.656699436000054,1,
05,5,62,032,2019,11,19,5,3,6,7,2,0,1,1,0,0,0,374953.509999998850000,5714733.729000000300000,7.195683411000061,51.569792817000064,1,
05,5,62,032,2019,11,15,5,3,1,6,0,0,1,0,0,0,0,375207.134338618260000,5717939.089186737300000,7.198201678000032,51.598656063000078,1,
05,5,13,000,2019,11,07,5,3,4,6,1,0,1,0,0,0,1,362753.637632917610000,5714601.119265340300000,7.019809349000070,51.565763666000066,1,
05,5,70,008,2019,12,10,4,3,5,3,0,1,1,0,0,0,0,433604.162927722560000,5734726.996678615000000,8.037979560000053,51.759495615000048,1,
05,5,70,008,2019,12,15,4,3,3,2,0,1,1,0,0,0,0,433753.230145438570000,5734002.772629082200000,8.040277130000050,51.753002445000050,0,
05,5,66,040,2019,12,07,4,2,5,3,2,1,1,0,0,0,0,420878.974683169280000,5782226.057337118300000,7.842689965000034,52.184820098000046,1,
05,5,66,044,2019,12,19,4,3,0,7,2,1,1,0,0,0,0,429677.817192151210000,5777469.670846354200000,7.972352981000029,52.143255794000027,1,
05,5,66,028,2019,12,11,4,3,1,1,0,1,1,0,0,0,0,412399.618000000720000,5792187.887000002000000,7.716113040000039,52.273079004000067,0,
05,5,66,076,2019,12,05,4,3,5,3,2,1,1,0,0,0,0,395292.114255808290000,5793730.041682865500000,7.464993067000023,52.283947143000034,1,
05,5,66,076,2019,12,13,4,3,5,3,0,1,1,0,0,0,0,392249.840244649910000,5792546.190431302400000,7.420790066000052,52.272719731000052,0,
05,5,66,084,2019,12,10,4,2,0,1,0,1,0,0,0,0,0,390052.104664063080000,5776219.524387968700000,7.393892352000023,52.125555172000077,2,
05,5,66,012,2019,12,13,4,3,0,6,0,1,1,0,0,0,0,404887.596952035090000,5772833.965691605600000,7.611479182000039,52.097877364000055,0,
05,5,58,028,2019,12,16,4,3,5,2,1,0,1,0,0,0,1,399136.105999999680000,5733056.722000001000000,7.539195770000049,51.739335483000048,0,
05,5,58,024,2019,12,07,4,3,0,1,1,1,0,0,0,0,0,392531.029574608430000,5735879.458148563300000,7.442699363000031,51.763478604000056,2,
05,5,58,012,2019,12,22,4,3,8,1,2,0,1,0,0,0,0,374717.409987096670000,5753490.385914648000000,7.178319479000038,51.918040219000034,2,
05,5,58,012,2019,12,08,4,3,0,1,0,1,0,0,0,0,0,373314.394000000320000,5756803.528999999200000,7.156710234000059,51.947496066000042,2,
05,5,54,008,2019,12,11,4,3,5,3,0,1,0,0,0,0,0,335752.355000000450000,5745838.414999997200000,6.615853811000022,51.839172791000067,0,
05,5,54,048,2019,12,19,4,3,0,1,2,1,0,0,0,0,0,341444.493965807370000,5745227.242919154500000,6.698685223000041,51.835327108000058,0,
05,5,54,044,2019,12,07,4,2,6,2,1,0,1,1,0,0,0,365273.662929162380000,5744221.056788995900000,7.044702940000036,51.832542360000048,1,
05,5,54,040,2019,12,07,4,3,0,7,2,1,0,0,0,0,0,350875.486105155200000,5736749.773611236400000,6.839106206000054,51.761755919000052,2,
05,5,15,000,2019,12,08,4,3,0,2,0,1,1,0,0,0,0,406646.116246477700000,5754526.450441557900000,7.642135200000041,51.933621648000042,1,
05,5,15,000,2019,12,09,4,3,5,2,0,1,1,0,0,0,0,405207.520999999720000,5757578.170000003700000,7.620375293000052,51.960808652000026,1,
05,5,62,024,2019,12,13,4,3,5,3,0,1,1,0,0,0,0,370732.171250396410000,5724973.809005340600000,7.131030093000049,51.660866098000042,0,