ULAND,UREGBEZ,UKREIS,UGEMEINDE,UJAHR,UMONAT,USTUNDE,UWOCHENTAG,UKATEGORIE,UART,UTYP1,ULICHTVERH,IstRad,IstPKW,IstFuss,IstKrad,IstGkfz,IstSonstige,LINREFX,LINREFY,XGCSWGS84,YGCSWGS84,STRZUSTAND,UIDENTSTLAE
05,5,62,024,2019,12,10,4,3,0,7,0,1,1,0,0,0,0,369691.145318754020000,5725226.813267471300000,7.115893218000053,51.662899341000070,0,
05,5,62,014,2019,12,22,4,3,3,6,2,0,1,0,0,0,0,358909.503865695560000,5713066.329171314800000,6.964999190000071,51.551023453000028,0,
05,5,13,000,2019,12,09,4,3,0,1,0,1,0,0,0,0,0,366948.394393740220000,5713455.413682432800000,7.080727792000062,51.556473011000037,2,
05,5,70,044,2019,12,12,3,3,5,3,0,1,0,0,0,0,0,416572.774054669780000,5759871.395340794700000,7.785186697000029,51.983244009000032,0,
05,5,70,052,2019,12,13,3,3,5,3,0,1,1,0,0,0,0,429970.292999999600000,5756079.335000002800000,7.981009593000067,51.951005452000061,1,
05,5,66,076,2019,12,13,3,3,2,2,0,1,0,0,0,0,0,396542.652999999930000,5787526.129999999000000,7.485219932000064,52.228426827000078,0,
05,5,66,008,2019,12,12,3,3,1,6,0,0,1,0,0,0,0,399618.712876409290000,5778832.930136486900000,7.532816744000058,52.150864152000054,0,
05,5,15,000,2019,12,19,3,3,6,7,2,0,1,1,0,0,0,403477.208967363460000,5761890.148971388100000,7.593987093000067,51.999268240000049,1,
05,5,15,000,2019,12,08,3,3,0,1,0,1,0,0,0,0,0,403761.435999999750000,5758953.497000001400000,7.598950008000031,51.972922105000066,1,
05,5,12,000,2019,12,16,3,3,5,3,0,1,1,0,0,0,0,355916.647515077140000,5710714.211721725800000,6.922825149000062,51.529131600000028,0,
05,5,12,000,2019,12,10,3,3,5,3,0,1,1,0,0,0,0,356490.936553133650000,5718574.032674443000000,6.927889472000061,51.599904247000040,0,
05,5,62,014,2019,12,17,3,2,6,7,2,0,0,1,0,0,1,360773.326132750140000,5715627.725111698700000,6.990849405000063,51.574503405000030,1,
05,5,62,032,2019,12,14,3,3,1,6,0,0,1,0,0,0,0,376165.155674307610000,5720013.138243656600000,7.211294016000068,51.617507353000065,1,
05,5,66,036,2019,12,07,2,3,5,3,2,1,1,0,0,0,0,386839.047000000250000,5768024.485999997700000,7.349697079000066,52.051257218000046,2,
05,5,66,008,2019,12,11,2,3,5,3,0,1,1,0,0,0,0,399404.706926244310000,5781231.513632191300000,7.528979187000061,52.172383070000080,1,
05,5,54,068,2019,12,17,2,3,0,7,1,1,0,0,0,0,0,351073.010678674090000,5767243.997388390800000,6.828793251000036,52.035789692000037,1,
05,5,54,020,2019,12,07,2,2,0,1,1,1,0,0,0,0,0,363933.714549616910000,5786786.444465272100000,7.008345897000027,52.214690232000066,2,
05,5,54,020,2019,12,09,2,3,5,3,0,1,1,0,0,0,0,364657.760574069810000,5786509.358523313000000,7.019047946000057,52.212378866000051,1,
05,5,15,000,2019,12,15,2,3,5,3,0,1,1,0,0,0,0,399075.885976101270000,5756001.933256963300000,7.531628160000025,51.945562136000035,0,
05,5,62,024,2019,12,13,2,2,0,7,0,1,0,1,0,0,0,368507.645775955170000,5724497.030065618500000,7.099065884000027,51.656065451000075,1,
05,5,12,000,2019,12,07,2,3,2,6,2,0,1,0,0,0,0,356450.340703677390000,5710634.697033437000000,6.930546124000045,51.528553023000029,1,
05,5,62,014,2019,12,09,2,3,5,3,0,0,1,0,0,0,0,360869.285629062910000,5713347.957857083500000,6.993135661000054,51.554040866000037,1,
05,5,62,014,2019,12,21,2,3,1,5,2,1,1,0,0,0,0,359318.037922519260000,5716330.063396502300000,6.969581251000022,51.580453311000042,1,
05,5,13,000,2019,12,13,2,3,3,6,0,0,1,0,0,0,0,365649.432071235960000,5709853.890159599500000,7.063376410000046,51.523799974000042,1,
05,5,13,000,2019,12,07,2,2,8,1,0,0,0,0,1,0,0,362674.943244840950000,5717322.661346944000000,7.017610546000071,51.590200894000077,1,
05,5,66,064,2019,12,11,1,3,4,1,0,0,1,0,0,0,0,395822.644471554090000,5771425.522088300400000,7.479620998000030,52.083586222000065,1,
05,5,62,032,2019,12,17,1,3,2,2,2,0,1,0,0,0,0,375645.842649155300000,5719112.603582870200000,7.204116386000067,51.609299639000028,1,
05,5,66,076,2019,12,04,7,3,0,1,2,1,0,0,0,0,0,395222.146952909420000,5793935.708391811700000,7.463903819000052,52.285782195000081,1,
05,5,54,008,2019,12,14,7,3,2,2,0,0,1,0,0,0,0,336067.705282188020000,5745411.352289039600000,6.620629369000028,51.835428948000072,0,
05,5,54,008,2019,12,16,7,3,5,3,1,1,1,0,0,0,0,335241.625496702270000,5745109.776946699200000,6.608794175000071,51.832476730000053,0,
05,5,54,020,2019,12,18,7,3,0,4,2,1,0,1,0,0,0,366513.303625766190000,5786515.190019805000000,7.046187283000052,52.212883879000060,1,
05,5,15,000,2019,12,09,7,3,1,5,0,1,1,0,0,0,0,404516.723533530720000,5760138.256260095200000,7.609612357000060,51.983701406000080,1,
05,5,62,004,2019,12,02,7,2,8,1,2,0,1,0,0,0,0,382423.462376184760000,5720512.356257012100000,7.301479337000046,51.623336223000081,1,
05,5,66,076,2019,12,13,6,3,0,1,0,0,0,0,1,0,0,391633.061662028540000,5793550.641128644300000,7.411431383000036,52.281625590000033,1,
05,5,58,032,2019,12,16,6,3,5,3,2,0,1,0,0,0,0,387142.379954809320000,5755096.996679086200000,7.358374321000042,51.935136290000059,1,
05,5,54,004,2019,12,00,6,3,0,1,2,1,0,0,0,0,0,363258.056171942500000,5771478.237263893700000,7.004622430000040,52.076974730000074,1,
05,5,54,008,2019,12,18,6,3,2,6,2,0,1,0,0,0,0,336201.198084597480000,5745316.302355568900000,6.622610120000047,51.834614233000082,1,
05,5,54,008,2019,12,16,6,3,5,2,2,1,1,0,0,0,0,336135.301119488660000,5745760.178180750500000,6.621444367000038,51.838582444000053,1,
05,5,15,000,2019,12,11,6,3,5,3,0,1,1,0,0,0,0,405405.422564122830000,5757585.868394389700000,7.623252564000040,51.960911554000063,1,
05,5,12,000,2019,12,20,6,3,5,3,2,0,1,0,0,0,0,357520.852017642000000,5709331.381918231000000,6.946495263000031,51.517112674000032,1,
05,5,62,014,2019,12,17,6,3,6,2,2,0,1,1,0,0,0,361503.102695794780000,5717355.381713237600000,7.000692284000024,51.590208097000072,1,
05,5,62,020,2019,12,06,6,3,0,1,2,1,0,0,0,0,0,370294.551755798980000,5717487.933345856100000,7.127479085000061,51.593491813000071,0,
05,5,62,032,2019,12,21,6,3,5,3,2,0,1,0,0,0,0,375368.581451624630000,5714831.963199788700000,7.201634520000027,51.570767567000075,1,
05,5,13,000,2019,12,16,6,3,6,4,1,0,1,1,0,0,0,368261.270184790720000,5709263.174122242300000,7.101223675000028,51.519106645000079,1,
05,5,66,076,2019,12,20,5,3,6,2,2,0,1,1,0,0,0,394090.375000000000000,5794712.919000001600000,7.447073766000074,52.292550210000059,0,
05,5,66,096,2019,12,07,5,3,5,3,1,0,1,0,0,0,1,385217.675296756440000,5785730.893815347900000,7.320086710000055,52.210049583000057,2,
05,5,66,008,2019,12,14,5,3,5,3,0,0,1,0,0,1,0,400868.352703905660000,5779257.175049703600000,7.550951425000051,52.154902940000056,1,
05,5,66,008,2019,12,17,5,3,5,3,2,1,1,0,0,0,0,399516.133269811980000,5781281.614047246100000,7.530593173000057,52.172853661000033,0,
05,5,66,076,2019,12,09,5,2,5,2,0,0,1,0,0,0,0,393182.187019607050000,5792417.434298437100000,7.434489964000022,52.271744497000043,0,
05,5,54,020,2019,12,22,5,3,1,5,2,0,1,0,1,0,0,364280.257677777670000,5786588.951996116000000,7.013494263000041,52.213001185000053,1,
05,5,54,008,2019,12,09,5,3,5,3,0,0,1,0,0,0,0,337173.406559077090000,5745573.404162805500000,6.636586861000069,51.837208166000039,0,
05,5,54,008,2019,12,15,5,3,0,2,0,1,1,0,0,0,0,335669.944158827890000,5744624.387957943600000,6.615235157000029,51.828242437000029,0,
05,5,54,008,2019,12,05,5,3,4,6,2,0,1,0,1,0,0,333332.711868645620000,5743203.995326168800000,6.582033077000062,51.814790430000073,0,
05,5,54,056,2019,12,17,5,3,1,1,2,0,1,0,0,0,0,357939.178980289030000,5761908.194985710100000,6.931036122000023,51.989648627000065,0,
05,5,15,000,2019,12,16,5,3,5,2,1,1,1,0,0,0,0,406097.620915647600000,5754738.715658221400000,7.634101644000054,51.935437319000073,1,
05,5,62,028,2019,12,10,5,3,5,3,0,0,1,0,0,0,0,379677.607236537150000,5721973.543835241300000,7.261329819000025,51.635888091000027,1,
05,5,62,012,2019,12,07,5,2,0,5,2,0,1,0,0,1,0,358537.701149393800000,5724202.138236962300000,6.955148956000073,51.650995105000050,1,
05,5,62,024,2019,12,07,5,3,6,4,2,0,1,1,0,0,0,371739.499554149810000,5725136.550789449400000,7.145526195000059,51.662559413000054,1,
05,5,12,000,2019,12,06,5,3,6,7,2,0,1,1,0,0,0,359248.965731266890000,5711162.861387129900000,6.970653330000062,51.534003647000077,1,
05,5,62,032,2019,12,12,5,3,5,2,0,1,1,0,0,0,0,375192.678613621740000,5720011.523989986600000,7.197255312000038,51.617278057000078,0,
05,5,13,000,2019,12,15,5,3,6,7,0,0,0,1,0,0,1,367850.612634886060000,5709640.201056197300000,7.095166904000053,51.522398957000064,0,
05,5,66,004,2019,12,12,4,3,5,3,0,0,1,0,0,0,1,394818.262923870240000,5766651.463534796600000,7.466439120000075,52.040488788000062,1,
05,5,66,012,2019,12,16,4,2,7,3,1,0,1,1,0,0,0,405690.619349794460000,5772282.720454039100000,7.623351163000052,52.093060117000050,1,
05,5,54,020,2019,12,10,4,3,0,1,0,1,0,0,0,0,0,366197.748723664320000,5787587.078817194300000,7.041147680000051,52.222438661000069,1,
05,5,54,008,2019,12,17,4,3,5,3,2,1,1,0,0,0,0,335281.438000000080000,5745125.559000000400000,6.609363936000023,51.832630247000054,1,
05,5,15,000,2019,12,17,4,2,6,4,2,0,1,1,0,0,0,406126.981213723310000,5760259.757168645000000,7.633019729000068,51.985067939000032,1,
05,5,15,000,2019,12,07,4,3,5,3,2,1,1,0,0,0,0,405277.992908896880000,5755882.868326930300000,7.621867941000062,51.945582568000077,1,
05,5,62,014,2019,12,15,4,3,5,3,0,1,1,0,0,0,0,358602.841478522870000,5714030.394338358200000,6.960191478000070,51.559609719000036,1,
05,5,62,014,2019,12,07,4,3,3,2,2,1,1,0,0,0,0,358455.358000000940000,5715710.638000000300000,6.957388584000057,51.574671242000079,1,
05,5,70,004,2019,12,16,3,3,0,3,1,0,1,0,1,0,0,423153.478879316710000,5735150.977747356500000,7.886492822000037,51.761970454000050,1,
05,5,70,052,2019,12,09,3,2,0,7,0,1,0,0,0,0,0,430839.087053994650000,5755379.526160119100000,7.993789956000057,51.944823131000078,1,
05,5,66,040,2019,12,08,3,3,0,1,0,1,0,0,0,0,0,422053.900010075420000,5781706.731964454100000,7.859991372000025,52.180319233000034,2,
05,5,66,040,2019,12,08,3,3,0,1,0,1,0,0,0,0,0,422054.864024091510000,5781713.769285116300000,7.860003851000045,52.180382627000029,2,
05,5,66,028,2019,12,09,3,3,0,1,0,1,0,0,0,0,0,409746.844356860030000,5792447.707523427900000,7.677175053000042,52.274985248000064,2,
05,5,66,076,2019,12,08,3,2,0,7,0,1,0,0,0,0,0,391644.295000000860000,5793382.035000002000000,7.411650176000023,52.280112530000054,2,
05,5,66,012,2019,12,12,3,3,1,2,0,0,1,0,0,0,0,405986.168999999760000,5772267.328999999900000,7.627668252000035,52.092972066000073,0,
05,5,66,012,2019,12,09,3,3,6,7,0,0,0,1,0,0,1,404823.733828070570000,5772248.971916068300000,7.610710530000063,52.092608360000042,0,
05,5,58,016,2019,12,08,3,3,0,1,1,0,0,0,1,0,0,380741.232106521730000,5745219.661665283100000,7.268723319000060,51.845033688000058,1,
05,5,54,056,2019,12,17,3,3,5,3,2,1,0,0,1,0,0,356824.882689618510000,5761674.549316387600000,6.914916701000038,51.987263221000035,1,
05,5,54,008,2019,12,06,3,3,1,5,2,0,1,0,1,0,0,336753.156082854610000,5746881.428070077700000,6.629875247000030,51.848836130000052,0,
05,5,54,020,2019,12,20,3,3,3,6,2,1,0,0,0,0,0,365382.642410209400000,5783739.973385900300000,7.030751495000061,52.187672576000068,0,
05,5,15,000,2019,12,09,3,3,0,1,0,1,0,0,0,0,0,402137.834141157570000,5758468.919599823700000,7.575459433000049,51.968283090000057,2,
05,5,15,000,2019,12,09,3,3,0,1,0,1,0,0,0,0,0,404843.779454028230000,5755151.378877721700000,7.615754889000073,51.938933529000053,2,
05,5,15,000,2019,12,08,3,3,0,1,0,1,0,0,0,0,0,404924.975780502890000,5755176.106461111500000,7.616928851000068,51.939169671000059,2,
05,5,15,000,2019,12,15,3,3,1,6,0,0,0,0,0,0,1,406156.675392658450000,5757136.996457688500000,7.634305694000034,51.957004193000046,0,
05,5,15,000,2019,12,08,3,3,0,1,1,1,0,0,0,0,0,405926.043762692250000,5755631.118013981700000,7.631362549000073,51.943429685000069,2,
05,5,15,000,2019,12,07,3,3,0,1,2,0,0,0,1,0,0,405871.791367496360000,5754383.507904890900000,7.630914943000050,51.932206385000029,2,
05,5,15,000,2019,12,17,3,3,0,3,2,1,1,0,0,0,0,405315.483621809630000,5755930.593059623600000,7.622400087000074,51.946017922000067,0,
05,5,15,000,2019,12,17,3,3,5,3,2,0,1,0,0,0,0,399074.945727515030000,5756010.123457567800000,7.531612080000059,51.945635579000054,0,
05,5,62,008,2019,12,07,3,3,5,3,2,1,1,0,0,0,0,382382.885459965090000,5723022.520814368500000,7.300050022000050,51.645888001000060,2,
05,5,62,004,2019,12,08,3,3,0,7,1,1,0,0,0,0,0,383839.101818912660000,5713180.905415242500000,7.324346994000052,51.557737090000046,2,
05,5,62,016,2019,12,08,3,3,0,1,0,1,0,0,0,0,0,374908.125287739560000,5734606.532671371500000,7.187917288000051,51.748379624000052,2,
05,5,62,012,2019,12,07,3,3,6,4,1,0,1,1,0,0,0,359020.032470156440000,5727943.687871322000000,6.960606634000044,51.684736972000053,1,
05,5,12,000,2019,12,08,3,3,0,1,0,1,0,0,0,0,0,359231.422964249740000,5711324.596332209200000,6.970335906000059,51.535452627000041,2,
05,5,12,000,2019,12,08,3,3,0,1,0,1,0,0,0,0,0,359568.767025520090000,5711731.503503428800000,6.975034293000022,51.539193132000037,2,
05,5,12,000,2019,12,08,3,2,0,7,0,1,0,0,0,0,0,354213.781577061860000,5715806.376448266200000,6.896183011000062,51.574450621000040,2,
05,5,62,032,2019,12,07,3,3,6,4,2,0,1,1,0,0,0,375471.552042744120000,5713941.794545577800000,7.203434974000061,51.562790196000037,1,
05,5,70,024,2019,12,17,2,3,5,3,2,0,1,0,1,0,0,420436.146000001580000,5753239.382000003000000,7.842965558000060,51.924194320000026,1,
05,5,66,076,2019,12,15,2,3,1,7,0,1,1,0,0,0,0,394230.918666091750000,5793212.031527366500000,7.449604717000057,52.279088470000033,0,
05,5,54,032,2019,12,07,2,2,7,1,2,0,0,0,1,0,0,325341.191999998870000,5745711.914000004500000,6.464948730000060,51.834877874000028,1,
05,5,54,020,2019,12,21,2,3,5,3,2,0,1,0,0,0,0,363815.679217559290000,5786730.229552794200000,7.006641920000050,52.214155970000036,1,
05,5,15,000,2019,12,08,2,3,1,7,1,1,1,0,0,0,0,409134.279481717390000,5757745.602601250600000,7.677464849000046,51.962969266000073,0,
05,5,13,000,2019,12,14,2,2,6,7,0,0,1,1,0,0,0,367425.503147883340000,5709444.980622567200000,7.089116386000057,51.520544946000030,1,
05,5,13,000,2019,12,13,2,3,6,7,0,0,1,1,0,0,0,367921.819000001070000,5708231.491999998700000,7.096720562000030,51.509755917000064,1,
05,5,70,008,2019,12,13,4,3,5,3,0,0,1,0,0,0,0,432523.779000001030000,5733626.936000000700000,8.022541674000024,51.749476901000037,1,
05,5,70,052,2019,12,15,4,3,1,7,1,0,1,0,1,0,0,429760.041776408440000,5756041.989428691600000,7.977958421000039,51.950643217000049,1,
05,5,70,052,2019,12,11,4,3,5,3,0,1,1,0,0,0,0,430216.735502832570000,5756191.609841903700000,7.984572127000035,51.952045736000059,1,
05,5,66,016,2019,12,09,4,2,6,5,0,0,0,1,0,0,1,403282.853279966860000,5794608.791073823300000,7.581843755000023,52.293309435000026,1,
05,5,62,004,2019,12,00,1,2,8,1,2,0,1,0,0,0,0,383860.857000001710000,5716053.466000001900000,7.323711133000074,51.583559481000066,1,
05,5,70,004,2019,12,01,7,3,6,2,2,0,0,1,0,0,1,423278.326982126570000,5735280.964279487700000,7.888272802000074,51.763156105000064,0,
05,5,70,052,2019,12,07,7,3,5,3,2,1,1,0,0,0,0,430876.318645041440000,5755830.296622823900000,7.994240897000054,51.948880028000076,1,
05,5,62,004,2019,12,02,7,2,6,4,2,0,1,1,0,0,0,384294.688594836740000,5717198.289775960100000,7.329592543000047,51.593938131000073,1,
05,5,62,024,2019,12,19,7,3,1,7,2,0,1,0,0,0,0,367876.298777739520000,5723487.658808969000000,7.090325533000055,51.646846699000037,1,
05,5,66,076,2019,12,12,6,3,2,6,0,0,1,0,0,0,0,393647.358780321670000,5793009.207700127700000,7.441118116000041,52.277153059000057,1,
05,5,54,008,2019,12,15,6,3,0,6,0,1,0,0,0,0,0,335625.878736551850000,5746240.923314839600000,6.613828397000020,51.842751475000057,1,
05,5,15,000,2019,12,12,6,3,1,5,0,1,1,0,0,0,0,406357.653963858260000,5751260.842155566400000,7.638828828000044,51.904220129000066,1,
05,5,15,000,2019,12,17,6,3,5,3,2,1,1,0,0,0,0,405854.201745281930000,5754435.865031382100000,7.630644856000060,51.932674021000082,1,
05,5,15,000,2019,12,18,6,3,5,3,2,1,1,0,0,0,0,405878.487766054460000,5758307.121841006000000,7.629937832000053,51.967474783000057,1,
05,5,62,028,2019,12,12,6,3,0,5,0,0,0,0,0,0,1,379843.996967527080000,5721859.030216885700000,7.263772285000073,51.634894480000071,1,
05,5,12,000,2019,12,12,6,3,5,3,0,0,1,0,0,0,0,356650.524468558840000,5710468.747050693300000,6.933497547000059,51.527112678000037,1,
05,5,13,000,2019,12,17,6,3,6,2,0,0,1,1,0,0,0,363117.857428229410000,5710752.695707326800000,7.026558298000055,51.531269061000046,0,
05,5,13,000,2019,12,11,6,3,6,7,0,0,1,1,0,0,0,368234.853000001050000,5708534.995000002900000,7.101115362000030,51.512556512000060,1,
05,5,58,012,2019,12,16,2,3,6,2,1,0,1,1,0,0,0,373827.160996031020000,5756653.054512912400000,7.164222132000020,51.946260377000044,0,
05,5,54,008,2019,12,17,2,3,5,2,1,1,0,0,0,0,1,334725.754977784120000,5745690.246474113300000,6.601036973000021,51.837538892000055,0,
05,5,54,008,2019,12,16,2,3,2,1,1,1,1,0,0,0,0,336871.611389028840000,5745474.787572251600000,6.632256858000062,51.836234179000030,0,
05,5,54,044,2019,12,16,2,2,2,3,2,1,1,0,0,0,0,365465.229620755650000,5741432.432931708200000,7.048564706000036,51.807529922000072,1,
05,5,62,012,2019,12,19,2,2,0,1,2,1,0,0,0,0,0,362345.308595512060000,5726510.765241667600000,7.009242767000046,51.672685704000060,1,
05,5,62,012,2019,12,16,2,3,5,3,2,0,1,0,1,0,0,358917.789772761050000,5724181.836736256300000,6.960647609000034,51.650908186000038,1,
05,5,13,000,2019,12,16,2,3,6,4,1,0,1,1,0,0,0,363094.202065196820000,5711030.618958186400000,7.026109421000058,51.533760838000035,0,
05,5,70,004,2019,12,05,5,3,0,1,2,1,0,0,0,0,0,424757.601166862990000,5735076.626411896200000,7.909748090000051,51.761519913000029,1,
05,5,66,032,2019,12,05,5,3,1,7,2,1,1,0,0,0,0,413352.170855212960000,5777247.421058626800000,7.733893381000030,52.138938487000075,1,
05,5,66,008,2019,12,18,5,3,5,3,2,1,1,0,0,0,0,401094.761827493090000,5779812.269767930700000,7.554098118000070,52.159932651000076,0,
05,5,62,024,2019,12,11,5,3,5,3,0,1,1,0,0,0,0,370469.147147870620000,5725162.579869652200000,7.127159486000039,51.662501960000043,0,
05,5,13,000,2019,12,20,5,3,8,7,2,0,1,0,0,0,0,370213.700595413330000,5706562.358423542200000,7.130342200000030,51.495286609000061,1,
05,5,70,008,2019,12,07,5,3,5,3,2,0,1,0,0,0,0,433558.712705548850000,5734769.818064587200000,8.037312937000024,51.759875191000049,1,
05,5,70,016,2019,12,16,5,2,0,7,2,0,0,0,0,0,1,412513.325098576020000,5737660.399742500900000,7.731722872000034,51.782966611000063,0,
05,5,66,040,2019,12,17,5,3,5,2,2,1,1,0,0,0,0,423166.271999999880000,5781276.798000000400000,7.876354471000070,52.176610635000031,1,
05,5,54,008,2019,12,17,5,3,1,7,2,0,1,1,0,0,0,327632.545312656090000,5748535.920957047500000,6.496763992000069,51.860956581000039,0,
05,5,54,008,2019,12,12,5,3,0,7,0,1,0,0,0,0,0,336388.779785305260000,5746919.070854375100000,6.624572084000022,51.849067630000036,0,
05,5,54,004,2019,12,17,5,2,9,7,2,1,0,0,0,0,0,361736.304953189570000,5773134.590230744300000,6.981759924000073,52.091479594000077,0,
05,5,15,000,2019,12,08,5,2,5,2,0,0,1,0,0,0,1,406326.975621128450000,5756461.183156665400000,7.636967535000053,51.950958372000059,0,
05,5,15,000,2019,12,07,5,3,5,2,1,1,1,0,0,0,0,403186.771385656670000,5759035.289803952000000,7.590563644000042,51.973557471000049,0,
05,5,62,014,2019,12,13,5,3,1,6,0,0,1,0,0,0,0,358922.105120474470000,5713439.721503565100000,6.965031052000029,51.554381897000042,0,
05,5,13,000,2019,12,11,5,3,0,1,0,0,0,0,1,0,0,367834.362586557870000,5713835.077928569200000,7.093357550000064,51.560093193000057,0,
05,5,70,004,2019,12,17,4,3,5,3,2,1,1,0,0,0,0,423473.706946143880000,5735640.686749177100000,7.891024121000044,51.766416616000072,0,
05,5,66,028,2019,12,13,4,3,5,2,0,1,0,0,0,0,0,412345.994396679100000,5792337.193137895300000,7.715288533000035,52.274412463000033,0,
05,5,54,008,2019,12,13,4,3,0,6,0,1,0,1,0,0,0,336291.170099522920000,5745747.468123855100000,6.623710775000063,51.838513974000080,0,
05,5,54,008,2019,12,12,4,3,3,2,0,1,1,0,0,0,0,335430.368590555150000,5745845.608315898100000,6.611180957000045,51.839142626000069,0,
05,5,15,000,2019,12,17,4,3,3,6,2,1,1,0,0,0,0,405466.493364776480000,5757549.454927420200000,7.624151144000052,51.960594641000057,0,
05,5,62,036,2019,12,04,4,3,1,5,2,0,1,0,0,0,0,389154.836957190190000,5719677.550100721400000,7.398943343000042,51.617199146000075,0,
05,5,62,024,2019,12,08,4,3,5,2,1,1,1,0,0,0,0,368718.335600122810000,5724863.111037356800000,7.101972470000021,51.659404501000040,1,
05,5,62,024,2019,12,10,4,3,5,3,0,1,1,0,0,0,0,367385.481938062240000,5725699.512223927300000,7.082396698000025,51.666607863000081,0,
05,5,62,024,2019,12,20,4,3,5,3,2,1,1,0,0,0,0,370712.336629844270000,5725253.457223780500000,7.130640039000070,51.663374647000069,0,
05,5,70,052,2019,12,15,3,3,5,2,0,1,1,0,0,0,0,429890.956000000240000,5755310.934000000400000,7.980012097000042,51.944087829000068,1,
05,5,54,008,2019,12,07,3,3,3,6,1,1,1,0,0,0,0,336874.656234767290000,5745476.956964014100000,6.632299990000036,51.836254557000075,0,
05,5,54,008,2019,12,12,3,2,0,6,0,1,0,0,0,0,0,337586.360230965540000,5748981.943685859400000,6.640973964000068,51.867949229000033,1,
05,5,54,008,2019,12,13,3,3,6,7,0,1,0,1,0,0,0,335570.902540582230000,5745721.186579834700000,6.613278106000053,51.838066289000039,0,
05,5,54,020,2019,12,21,3,3,0,7,2,0,1,1,0,0,0,365852.159933702090000,5782924.815274370800000,7.037937967000062,52.180462453000075,1,
05,5,54,004,2019,12,07,3,3,2,6,2,1,1,0,0,0,0,363146.480920413510000,5771473.532941618900000,7.002997249000032,52.076904895000041,0,
05,5,15,000,2019,12,13,3,3,0,5,0,1,1,0,0,0,0,405986.425050078890000,5756478.942926738400000,7.632008862000021,51.951060545000075,0,
05,5,62,032,2019,12,17,3,2,5,3,0,0,1,0,1,0,0,374737.708546673880000,5717839.247974060500000,7.191463242000054,51.597654581000029,0,
05,5,70,004,2019,12,12,6,3,4,2,0,1,1,0,0,0,0,423103.289905881510000,5735262.961432563100000,7.885740947000045,51.762970255000027,1,
05,5,66,072,2019,12,13,6,3,5,3,0,0,1,0,0,0,0,412905.008909002880000,5802736.960229581200000,7.720786455000052,52.367976783000074,0,
05,5,54,008,2019,12,14,6,3,0,4,0,0,1,1,0,1,0,336336.841924133710000,5746154.231926016500000,6.624180664000051,51.842181509000056,0,
05,5,62,028,2019,12,19,6,3,5,3,2,1,1,0,0,0,0,378836.615775750950000,5722643.064660981300000,7.248951706000071,51.641724763000070,0,
05,5,12,000,2019,12,16,6,2,1,5,0,0,1,0,0,0,0,357578.407123952170000,5712751.753632444900000,6.945940854000071,51.547862299000030,0,
05,5,12,000,2019,12,14,6,3,5,3,0,0,1,0,0,0,0,356159.561000000690000,5720534.385000001600000,6.922303879000026,51.617434751000076,0,
05,5,62,014,2019,12,19,6,3,3,6,2,0,1,0,0,0,0,361032.920431667940000,5715191.559694193300000,6.994765610000059,51.570648028000051,0,
05,5,58,016,2019,12,09,6,3,0,7,0,1,0,0,0,0,0,381082.696897909050000,5744002.951877987000000,7.274096192000059,51.834171803000061,0,
05,5,54,068,2019,12,19,6,3,0,3,2,1,1,0,0,0,0,350772.378818165510000,5767981.486078511900000,6.824091917000033,52.042334778000054,0,
05,5,58,016,2019,12,11,5,3,8,1,0,0,1,0,0,0,0,385624.532999999820000,5749334.765000000600000,7.338218657000027,51.883039459000031,1,
05,5,54,008,2019,12,23,5,3,8,1,2,0,1,0,0,0,1,336833.671567252840000,5745662.735272577000000,6.631618054000057,51.837911529000053,1,
05,5,54,016,2019,12,14,6,3,1,7,0,1,1,0,0,0,0,362466.741460203190000,5758042.893752878500000,6.998479671000041,51.956056443000080,1,
05,5,70,028,2019,12,05,4,2,0,1,2,1,0,0,0,0,0,440868.179999999700000,5741758.278000000900000,8.142016936000061,51.823522917000048,1,
05,5,54,008,2019,12,11,6,3,5,2,0,1,1,0,0,0,0,335694.116251139900000,5743162.444377383200000,6.616279218000045,51.815116260000082,1,
05,5,54,028,2019,12,09,3,3,2,6,0,1,1,0,0,0,0,358043.105368497780000,5743978.224891033000000,6.939936064000051,51.828569743000060,1,
05,5,54,008,2019,12,10,3,3,5,3,0,0,1,0,0,0,1,336147.812232007270000,5745323.387326020700000,6.621832639000047,51.834662223000066,1,
05,5,15,000,2019,12,11,3,3,5,2,0,1,1,0,0,0,0,406127.785962623540000,5757696.853087896500000,7.633732401000032,51.962031567000054,1,
05,5,15,000,2019,12,19,3,3,6,2,2,0,1,1,0,0,0,405622.043327135970000,5758609.350697075900000,7.626123022000058,51.970147861000044,1,
05,5,62,032,2019,12,12,3,3,5,2,0,0,1,0,0,0,0,374489.653425955210000,5718736.916803827500000,7.187562508000042,51.605666775000032,1,
05,5,13,000,2019,12,14,3,3,6,7,0,0,1,1,0,0,0,369402.990075149570000,5706491.502900278200000,7.118696349000061,51.494463140000050,1,
05,5,70,004,2019,12,11,2,3,5,3,0,1,1,0,0,0,0,424273.773161988710000,5736377.266339017100000,7.902455317000033,51.773147008000080,1,
05,5,66,076,2019,12,18,2,3,5,2,2,0,1,0,0,0,0,393249.375670382750000,5792445.503653664100000,7.435465392000026,52.272009810000043,1,
05,5,58,012,2019,12,22,2,3,9,1,2,1,0,0,0,0,0,373779.763383101670000,5755241.450155256300000,7.164050964000069,51.933564342000068,1,
05,5,54,004,2019,12,16,2,3,0,3,0,1,1,0,0,0,0,363788.262000001040000,5771825.659000000000000,7.012215585000035,52.080227140000034,1,
05,5,15,000,2019,12,18,2,3,5,3,2,1,1,0,0,0,0,406273.466299578550000,5757400.948796821800000,7.635932807000074,51.959396419000029,1,
05,5,15,000,2019,12,17,2,3,2,7,1,0,1,0,0,0,0,401346.610612544230000,5758334.776239415600000,7.563984345000051,51.966937520000045,0,
05,5,54,040,2019,12,07,6,3,0,4,1,1,0,1,0,0,0,350691.687130667270000,5737235.110857619000000,6.836236355000040,51.766067655000029,1,
05,5,15,000,2019,12,16,2,2,5,2,2,1,1,0,0,0,0,408691.927554435100000,5756398.528898036100000,7.671386374000065,51.950788478000050,1,
05,5,13,000,2019,12,14,2,3,6,4,0,0,1,1,0,0,0,364970.443926260810000,5715751.373046910400000,7.051331297000047,51.576635488000079,1,
05,5,13,000,2019,12,12,2,3,0,6,0,1,0,1,0,0,0,367781.425077011810000,5708034.092070367200000,7.094772672000033,51.507949102000055,1,