ULAND,UREGBEZ,UKREIS,UGEMEINDE,UJAHR,UMONAT,USTUNDE,UWOCHENTAG,UKATEGORIE,UART,UTYP1,ULICHTVERH,IstRad,IstPKW,IstFuss,IstKrad,IstGkfz,IstSonstige,LINREFX,LINREFY,XGCSWGS84,YGCSWGS84,STRZUSTAND,UIDENTSTLAE
05,5,58,024,2020,01,07,2,3,2,6,1,0,1,0,0,0,0,393114.737900000070000,5740248.193600000800000,7.449808854000025,51.802856529000053,1,05200113706300743209
05,5,70,048,2020,01,17,7,3,8,1,2,0,1,0,0,0,0,442351.579199999570000,5734124.654899999500000,8.164806630000044,51.755049199000041,0,05200111711322074480
05,5,54,004,2020,01,12,3,3,5,3,0,1,1,0,0,0,0,364467.088600000370000,5772585.099400000600000,7.021813733000045,52.087217654000028,0,05200114705000368647
05,5,70,008,2020,01,07,7,3,8,1,0,0,1,0,0,0,0,432351.398699999790000,5730589.851500000800000,8.020635391000042,51.722152572000027,2,05200111711312081132
05,5,12,000,2020,01,12,2,3,2,7,0,0,1,0,0,0,0,356669.379999999890000,5711864.140599999600000,6.933201183000051,51.539656223000065,0,05200113701400801203
05,5,70,044,2020,01,20,7,2,5,2,2,0,0,0,0,0,1,419720.824799999590000,5758233.373999999800000,7.831399258000033,51.968983475000073,0,05200111711142581020
05,5,54,056,2020,01,19,2,3,5,3,2,0,1,0,0,0,0,356838.094600000420000,5762352.096100000700000,6.914826111000025,51.993354394000050,1,05200113705000003115
05,5,58,024,2020,01,19,7,3,4,2,2,1,1,0,0,0,0,391788.044800000270000,5736325.296700000800000,7.431798456000024,51.767342683000038,0,05200111706300705203
05,5,15,000,2020,01,20,3,3,5,3,2,1,1,0,0,0,0,405234.569000000130000,5750568.948999999100000,7.622699128000022,51.897811137000076,0,05200114702100072376
05,5,62,024,2020,01,01,7,2,6,4,2,0,1,1,0,0,0,367512.613099999730000,5724652.913100000500000,7.084630636000043,51.657232644000032,0,05200111701500275204
05,5,70,036,2020,01,06,1,2,9,1,2,0,1,0,0,0,0,434292.911000000310000,5759963.449200000600000,8.043154092000066,51.986450165000065,0,05200112711121776740
05,5,12,000,2020,01,16,3,3,2,6,1,0,1,0,0,0,0,359761.767599999900000,5709924.626800000700000,6.978534951000029,51.523004382000067,1,05200114701400397209
05,5,54,056,2020,01,22,1,3,5,3,2,0,1,0,0,0,0,356856.186400000010000,5763371.564200000800000,6.914663694000069,52.002518981000037,1,05200112705000076685
05,5,12,000,2020,01,14,7,3,1,2,0,0,1,0,0,0,0,360209.570100000130000,5711421.670399999200000,6.984391301000073,51.536568000000045,0,05200111701400352207
05,5,13,000,2020,01,14,7,3,1,6,0,0,1,0,1,0,0,367459.265999999830000,5708456.388000000300000,7.089974491000021,51.511668683000039,0,05200111700100401200
05,5,62,012,2020,01,07,1,3,8,1,2,0,1,0,0,0,0,359318.462100000120000,5725080.974300000800000,6.966073655000059,51.659088074000067,0,05200112701610446204
05,5,66,016,2020,01,09,2,3,8,1,0,0,0,0,0,1,0,400351.316599999550000,5801791.179300000900000,7.536745310000072,52.357337493000045,1,05200113709500064206
05,5,70,028,2020,01,07,2,2,4,6,2,1,0,0,1,0,0,438644.026600000450000,5741774.180800000200000,8.109746520000044,51.823426059000042,1,05200113711412776177
05,5,62,014,2020,01,14,1,3,2,7,0,0,1,0,0,0,0,360461.711000000130000,5717118.702999999700000,6.985763062000046,51.587824354000077,1,05200112701300528202
05,5,58,044,2020,01,08,2,2,5,3,0,1,1,0,0,0,0,395221.183000000190000,5746186.593000000300000,7.478549818000033,51.856629861000044,1,05200113706000476763
05,5,15,000,2020,01,05,3,3,1,5,2,0,1,0,0,1,0,408765.687599999830000,5758519.293899999900000,7.671896036000021,51.969863296000028,1,05200114702100922206
05,5,66,084,2020,01,12,3,3,5,2,0,1,1,0,0,0,0,390136.080799999650000,5775420.139299999900000,7.395376639000062,52.118387603000031,1,05200114709300342419
05,5,15,000,2020,01,10,2,3,3,6,0,0,1,0,0,1,0,399241.569000000130000,5752321.138399999600000,7.535115619000067,51.912508729000081,1,05200113702330900146
05,5,62,008,2020,01,14,3,3,8,6,0,0,0,0,0,1,1,382324.172600000170000,5720955.709400000100000,7.299896708000063,51.627300138000066,1,05200114701910423208
05,5,62,032,2020,01,22,1,2,8,1,2,0,1,0,0,0,0,375483.206500000320000,5718359.381799999600000,7.202036371000077,51.602494391000050,1,05200112701110560204
05,5,13,000,2020,01,11,1,3,5,3,0,0,1,0,0,0,0,367632.027200000360000,5709117.180400000900000,7.092214503000037,51.517647537000073,0,05200112700100432202
05,5,62,032,2020,01,07,3,3,6,2,2,0,1,1,0,0,0,374005.782599999570000,5717060.812000000800000,7.181180936000033,51.590495497000063,0,05200114701110200205
05,5,54,024,2020,01,19,4,2,8,1,2,0,1,0,0,0,0,368605.394799999890000,5772428.003200000200000,7.082238202000042,52.086803853000049,1,05200115071400140207
05,5,66,040,2020,01,12,2,3,1,6,0,0,1,0,0,0,1,421213.441499999720000,5782938.650800000900000,7.847415529000045,52.191273373000058,1,05200113709800071200
05,5,54,016,2020,01,13,2,3,0,7,0,1,0,0,0,0,0,362824.640300000090000,5757202.328099999600000,7.004020254000068,51.948591875000034,1,05200113705000181907
05,5,66,012,2020,01,16,2,3,2,6,1,0,1,0,0,0,0,400447.885999999940000,5776923.350999999800000,7.545491119000076,52.133851262000064,0,05200113709100112205
05,5,58,008,2020,01,18,3,3,5,2,2,0,1,0,0,0,0,382292.900399999690000,5760020.607999999100000,7.286180412000022,51.978380263000076,1,05200114706000287333
05,5,62,008,2020,01,10,2,3,5,2,0,1,0,0,0,0,1,384949.290900000370000,5722806.405899999700000,7.337196989000063,51.644476593000036,0,05200113701910991204
05,5,12,000,2020,01,13,3,3,5,3,0,1,1,0,0,0,0,357754.627000000330000,5709775.565300000800000,6.949682974000041,51.521162990000050,1,05200114701400919201
05,5,15,000,2020,01,12,3,3,5,2,0,1,1,0,0,0,0,403058.600100000390000,5758145.626399999500000,7.588949519000039,51.965538588000072,1,05200114702100542458
05,5,13,000,2020,01,12,3,3,1,6,0,0,1,0,0,0,0,368631.316100000400000,5708926.152200000400000,7.106679707000069,51.516164084000081,1,05200114700100740201
05,5,66,028,2020,01,15,2,3,5,3,0,0,1,0,0,0,0,417940.435800000090000,5789542.561400000000000,7.797943409000027,52.250156207000032,0,05200113709700111206
05,5,66,084,2020,01,17,3,3,0,6,1,0,1,0,0,0,0,388288.477900000290000,5776139.388000000300000,7.368167008000057,52.124481356000047,0,05200114709300774741
05,5,58,016,2020,01,15,2,3,0,5,0,1,1,0,0,0,0,379785.465200000440000,5741163.756600000000000,7.256263838000052,51.808378079000079,1,05200113706100889209
05,5,62,024,2020,01,12,2,3,9,1,0,0,1,0,0,0,0,365388.163999999870000,5725205.581599999200000,7.053723600000069,51.661694329000056,0,05200113702340072347
05,5,62,036,2020,01,18,3,3,5,2,2,1,1,0,0,0,0,388661.111399999820000,5720255.341800000500000,7.391631330000053,51.622294891000081,0,05200114701930051205
05,5,15,000,2020,01,10,6,3,6,7,0,0,1,1,0,0,0,401781.448400000110000,5757201.619699999700000,7.570635832000050,51.956829467000034,0,05200117702100757476
05,5,54,068,2020,01,05,7,3,0,1,2,0,1,0,0,0,0,352355.200000000190000,5771637.367599999500000,6.845573186000024,52.075604851000037,1,05200118705215177200
05,5,54,016,2020,01,10,1,3,8,1,0,0,1,0,0,0,0,358491.155799999830000,5757348.905400000500000,6.940948568000067,51.948823440000069,1,05200119705000487348
05,5,70,008,2020,01,13,6,3,6,4,0,0,1,1,0,0,0,434438.752000000330000,5734015.440999999600000,8.050204478000069,51.753196995000053,0,05200117711311081007
05,5,70,036,2020,01,12,1,3,5,3,0,1,1,0,0,0,0,430846.667500000450000,5761093.822499999800000,7.992749065000055,51.996193396000081,1,05200119711121872261
05,5,66,012,2020,01,11,6,2,5,3,0,1,1,0,0,0,0,403202.305599999610000,5773487.569599999100000,7.586698388000059,52.103459719000057,0,05200117709110081124
05,5,12,000,2020,01,14,7,3,2,6,0,0,1,0,0,0,0,356555.520700000230000,5709398.021700000400000,6.932564852000041,51.517467194000062,0,05200118701400740202
05,5,66,004,2020,01,02,7,2,9,1,2,0,1,0,0,0,0,395890.314600000160000,5763197.732000000800000,7.483114533000048,52.009649813000067,1,05200118709100620208
05,5,70,040,2020,01,18,5,3,6,4,2,0,1,1,0,0,0,412783.291400000450000,5747147.281500000500000,7.733245376000070,51.868286632000036,1,05200116711232068996
05,5,70,044,2020,01,11,5,3,9,1,0,0,0,1,0,1,1,416855.959699999540000,5758191.453400000900000,7.789716281000040,51.968185487000028,0,05200116711141574649
05,5,66,076,2020,01,14,5,2,2,2,0,0,1,0,1,0,0,394338.708899999970000,5785538.116399999700000,7.453584123000042,52.210141416000056,0,05200116709500976614
05,5,66,028,2020,01,21,5,2,4,2,2,0,1,0,0,0,0,416295.877700000070000,5790408.136600000800000,7.773644304000072,52.257688727000073,0,05200116709300802595
05,5,66,008,2020,01,07,5,3,5,3,2,1,1,0,0,0,0,399641.321899999860000,5781937.196900000800000,7.532229231000031,52.178768650000052,1,05200116709100428206
05,5,58,044,2020,01,04,1,3,8,1,2,0,1,0,0,0,0,396326.870699999850000,5750402.416300000600000,7.493332858000031,51.894728351000026,1,05200119706300234200
05,5,58,024,2020,01,09,5,2,8,1,0,0,0,0,1,0,0,384632.218200000000000,5733338.717900000500000,7.329133804000037,51.739071981000052,2,05200116706300851312
05,5,58,036,2020,01,14,5,3,5,3,0,0,1,0,0,0,0,391924.150999999610000,5727649.055999999900000,7.436463456000070,51.689386755000044,1,05200116706300556214
05,5,58,024,2020,01,12,5,3,5,3,0,1,1,0,0,0,0,391436.495000000110000,5736241.418999999800000,7.426732098000059,51.766520738000054,0,05200116706300050202
05,5,58,012,2020,01,07,5,3,4,6,1,0,1,0,0,0,0,368882.511400000190000,5757128.768999999400000,7.092139766000059,51.949391769000044,1,05200116706200011207
05,5,54,004,2020,01,15,5,3,5,3,0,1,1,0,0,0,0,363084.952999999750000,5772348.831000000200000,7.001748684000063,52.084754556000064,0,05200116705000547518
05,5,15,000,2020,01,18,1,3,2,6,2,0,1,0,0,0,0,409862.646099999550000,5761097.059800000900000,7.687182687000075,51.993212849000031,1,05200119702100839947
05,5,70,052,2020,01,06,6,3,8,6,2,0,1,0,0,0,0,424708.685600000430000,5759425.973799999800000,7.903729627000075,51.980402220000030,1,05200117711111587328
05,5,54,012,2020,01,21,5,3,1,1,2,0,1,0,0,0,0,352355.004999999890000,5744928.143799999700000,6.857046799000045,51.835630463000030,0,05200116705000515757
05,5,54,004,2020,01,15,5,3,2,6,0,0,1,0,0,0,0,361978.246799999850000,5775496.557199999700000,6.984332307000045,52.112762815000053,0,05200116705000021131
05,5,62,032,2020,01,19,6,3,5,2,2,0,1,1,0,0,0,374882.072300000120000,5720840.667400000600000,7.192475126000034,51.624660665000079,1,05200117701110618209
05,5,12,000,2020,01,17,5,3,2,7,1,0,1,0,0,0,0,355522.953099999580000,5713106.198300000300000,6.916171689000066,51.550524722000034,0,05200116702340850945
05,5,58,004,2020,01,12,5,2,2,6,0,0,1,0,0,0,0,406844.987099999560000,5732456.505999999100000,7.650968853000052,51.735274700000048,0,05200116702330500146
05,5,66,072,2020,01,15,4,3,5,2,0,0,1,0,0,0,0,413328.340200000440000,5800803.391599999700000,7.727501890000042,52.350664630000040,0,05200115709700068331
05,5,15,000,2020,01,17,5,3,6,2,2,0,1,1,0,0,0,404771.152300000190000,5761209.598300000700000,7.613018561000047,51.993374664000044,0,05200116702100087860
05,5,62,016,2020,01,17,5,2,1,6,1,0,1,0,0,0,0,372237.686999999920000,5733115.293999999800000,7.149802444000045,51.734375763000060,1,05200116701700258205
05,5,12,000,2020,01,07,5,3,6,4,2,0,1,1,0,0,0,359923.351999999960000,5711397.278000000900000,6.980276844000059,51.536277860000041,1,05200116701400511206
05,5,13,000,2020,01,13,5,3,5,2,0,0,1,0,1,0,0,368718.854700000030000,5707177.715900000200000,7.108591540000020,51.500471570000059,0,05200116700100067205
05,5,54,008,2020,01,16,6,3,2,1,0,0,1,0,1,0,0,335071.337399999610000,5745863.212500000400000,6.605965934000039,51.839194861000067,1,05200117705000776771
05,5,58,020,2020,01,15,4,2,8,1,0,0,0,0,1,0,0,389528.502299999820000,5761390.546599999100000,7.391043446000026,51.992178159000048,0,05200115706000387397
05,5,54,020,2020,01,08,4,2,3,2,0,1,0,0,0,1,0,365251.969999999740000,5785996.909000000000000,7.027943529000027,52.207919972000070,0,05200115705000820896
05,5,58,008,2020,01,16,7,3,5,3,1,0,1,0,0,0,0,382718.776999999770000,5761196.383999999600000,7.291976218000059,51.989036996000038,1,05200118706200503108
05,5,54,068,2020,01,09,4,3,4,6,0,0,1,0,0,0,0,355097.260800000280000,5774139.158199999500000,6.884492324000064,52.098806974000070,0,05200115705000572375
05,5,54,012,2020,01,07,4,3,5,2,2,0,1,0,0,0,0,352983.258000000380000,5747119.955000000100000,6.865226773000074,51.855489502000069,0,05200115705000170576
05,5,15,000,2020,01,07,4,3,2,6,2,0,1,0,0,0,0,399858.631799999620000,5752452.622999999700000,7.544045469000025,51.913801827000043,0,05200115702330070556
05,5,62,028,2020,01,18,4,2,6,2,2,0,1,1,0,0,0,380453.438000000080000,5722366.497999999700000,7.272400919000063,51.639585158000045,1,05200115701920893203
05,5,62,004,2020,01,12,4,3,0,7,0,0,0,0,0,0,1,384746.311099999580000,5716866.406099999300000,7.336218541000051,51.591047809000031,0,05200115701800093200
05,5,54,048,2020,01,08,1,3,0,1,0,1,0,0,0,0,0,340651.474299999890000,5745266.858699999700000,6.687166988000058,51.835457340000062,2,05200119705113188200
05,5,62,016,2020,01,17,4,3,2,2,1,0,1,0,0,0,0,369469.584400000050000,5737512.900900000700000,7.108088173000056,51.773256820000029,1,05200115701700884201
05,5,62,016,2020,01,16,4,2,5,3,0,0,1,0,0,0,0,377496.307699999770000,5731500.059200000000000,7.226483601000041,51.721033496000075,1,05200115701700872202
05,5,62,024,2020,01,19,4,3,6,2,2,0,1,1,0,0,0,367761.675999999980000,5724036.101399999100000,7.088462449000076,51.651748328000053,1,05200115701500903206
05,5,70,052,2020,01,11,6,3,0,7,0,0,1,0,0,0,0,427994.725999999790000,5756664.220000000700000,7.952146012000071,51.956011030000070,0,05200117711100081965
05,5,66,076,2020,01,17,7,3,5,2,2,0,1,0,0,0,0,393037.146999999880000,5797976.052999999400000,7.430599903000029,52.321672341000067,1,05200118709500653208
05,5,12,000,2020,01,20,4,3,6,2,2,0,1,1,0,0,0,356674.541500000280000,5711886.040300000500000,6.933266641000046,51.539854320000074,1,05200115701400485406
05,5,15,000,2020,01,12,6,3,2,6,0,0,1,0,0,0,0,406951.641400000080000,5755721.796399999400000,7.646254418000069,51.944417230000056,0,05200117702100250945
05,5,62,032,2020,01,17,4,3,5,3,2,1,1,0,0,0,0,376233.988400000150000,5715866.806600000700000,7.213750696000034,51.580258588000049,1,05200115701120770161
05,5,54,028,2020,01,05,7,3,8,1,2,0,1,0,0,0,0,354828.221400000150000,5744895.078999999900000,6.892931076000025,51.835981676000074,1,05200118705000020836
05,5,66,076,2020,01,03,1,2,0,1,2,1,0,0,0,0,0,393651.218000000340000,5794099.025000000400000,7.440830852000033,52.286948206000034,2,05200119709500664208
05,5,58,016,2020,01,15,6,3,6,2,1,0,1,1,0,0,0,381633.515200000260000,5743953.554800000000000,7.282103492000033,51.833844866000049,1,05200117706100202209
05,5,54,004,2020,01,04,1,2,8,1,2,0,1,0,0,0,0,357995.173899999820000,5770304.453199999400000,6.928366623000045,52.065103698000030,2,05200119705000030800
05,5,70,052,2020,01,07,6,3,4,2,0,0,1,0,0,0,0,427759.448499999940000,5746803.799000000600000,7.950790760000075,51.867339448000052,0,05200117711114065808
05,5,13,000,2020,01,15,7,3,2,7,0,0,1,0,0,0,0,367290.173000000420000,5711578.173000000400000,7.086363115000040,51.539683448000062,0,05200118700100290209
05,5,58,044,2020,01,08,7,3,5,3,0,0,1,0,0,0,1,395035.454199999570000,5753485.596500000000000,7.473632711000050,51.922197963000031,0,05200118706300217205
05,5,54,060,2020,01,16,1,3,3,6,0,1,0,0,0,0,0,348025.237499999810000,5754090.836799999700000,6.790219490000027,51.916791111000066,1,05200119705121717244
05,5,62,016,2020,01,17,1,3,9,1,1,0,1,0,0,0,0,374284.004700000400000,5733976.913100000500000,7.179108751000058,51.742581658000063,1,05200119701700925209
05,5,70,052,2020,01,10,6,2,5,2,0,1,1,0,0,0,0,430385.007699999960000,5757073.649800000700000,7.986841545000061,51.959996028000035,0,05200117711111003041
05,5,62,012,2020,01,06,6,3,5,3,2,1,1,0,0,0,0,356374.677000000140000,5727976.223999999500000,6.922352826000065,51.684358973000030,0,05200117701610344200
05,5,70,008,2020,01,23,4,3,3,6,2,0,1,0,0,1,0,430550.738900000230000,5733387.301100000700000,7.994012824000038,51.747081459000071,1,05200122031100452206
05,5,62,008,2020,01,08,5,3,5,3,1,1,1,0,0,0,0,386208.449500000100000,5724016.378300000000000,7.354993531000048,51.655607782000061,1,05200123701911386167
05,5,15,000,2020,01,18,3,3,2,6,2,0,1,0,0,0,0,399399.123499999750000,5761374.622400000700000,7.534754966000037,51.993910765000066,1,05200121702100587529
05,5,66,016,2020,01,12,4,2,9,1,0,0,1,0,0,1,0,405619.471099999730000,5793833.957499999600000,7.616311472000064,52.286751680000066,1,05200122702350205074
05,5,62,024,2020,01,18,3,3,2,6,2,0,1,0,0,0,0,370370.919499999840000,5726793.460599999900000,7.125134910000043,51.677135464000060,0,05200121701500620201
05,5,62,028,2020,01,12,4,3,8,6,0,0,1,0,1,0,0,377749.855100000280000,5722815.641000000800000,7.233193597000025,51.643040559000042,1,05200122701920879201
05,5,66,072,2020,01,13,2,3,8,1,0,0,1,0,0,0,0,411153.407300000080000,5799676.312500000000000,7.695876933000022,52.340186210000070,0,05200120709700945589
05,5,62,004,2020,01,06,2,2,2,6,2,0,1,0,0,0,0,382169.413999999870000,5718179.814400000500000,7.298595243000023,51.602319171000033,1,05200120702340805235
05,5,66,028,2020,01,14,5,2,0,1,0,1,0,0,0,0,0,412573.280500000340000,5792377.635500000800000,7.718608390000043,52.274812160000067,0,05200123709700748420
05,5,66,028,2020,01,07,3,3,5,3,1,0,1,0,0,0,0,413195.020600000400000,5790624.869000000900000,7.728169587000025,52.259156234000045,0,05200121709700203001
05,5,62,024,2020,01,13,5,2,8,7,0,0,1,0,0,0,0,364197.342299999670000,5724455.477099999800000,7.036808415000053,51.654667251000035,0,05200123701500207207
05,5,12,000,2020,01,14,2,3,1,6,0,0,1,0,0,0,0,355803.823800000360000,5712045.372700000200000,6.920654608000064,51.541064279000068,0,05200120701400385406
05,5,66,008,2020,01,14,5,2,6,4,0,0,1,1,0,0,0,398893.223799999800000,5779490.304300000900000,7.522021036000069,52.156640102000040,0,05200123709100702638
05,5,54,008,2020,01,18,3,3,6,2,2,0,1,1,0,0,0,333846.163999999870000,5745558.598999999500000,6.588345062000030,51.836095300000068,1,05200121705000970558
05,5,13,000,2020,01,07,3,3,6,2,0,0,1,1,0,0,0,369052.141099999660000,5706763.650900000700000,7.113544177000051,51.496827740000072,1,05200121700100534205
05,5,13,000,2020,01,09,4,3,1,1,0,0,1,0,1,0,0,368537.838200000110000,5710364.263499999400000,7.104796682000028,51.529066315000080,0,05200122700100708202
05,5,15,000,2020,01,17,3,3,0,1,2,0,0,0,1,0,0,404420.848100000060000,5756483.509800000100000,7.609234082000057,51.950834758000042,1,05200121702100253125
05,5,15,000,2020,01,13,4,3,1,6,0,0,1,0,0,0,0,407832.583200000230000,5756797.848400000500000,7.658778735000055,51.954236047000052,1,05200122702100673207
05,5,66,012,2020,01,16,2,3,9,1,1,0,1,0,0,0,0,404374.769199999980000,5772550.836899999500000,7.604074393000076,52.095244166000043,0,05200120709100872341
05,5,62,012,2020,01,07,2,3,5,2,2,0,1,0,0,0,0,356797.368999999950000,5729871.828999999900000,6.927685012000040,51.701499969000054,1,05200120701610353201
05,5,66,076,2020,01,17,5,3,6,2,1,0,1,1,0,0,0,393886.017099999820000,5793168.331100000100000,7.444564815000035,52.278629254000066,1,05200123709500283206
05,5,66,068,2020,01,09,3,3,5,3,0,0,1,0,0,0,1,377985.861700000240000,5783786.424100000400000,7.214998896000054,52.191022330000067,0,05200121709300040735
05,5,62,014,2020,01,09,2,3,4,6,0,1,0,0,0,0,0,359530.821000000460000,5715094.156999999700000,6.973144429000058,51.569400550000069,0,05200120701300096200
05,5,54,008,2020,01,22,5,2,5,3,2,1,1,0,0,0,0,327497.808600000110000,5748072.658500000800000,6.495040520000032,51.856753661000027,0,05200123705000087338
05,5,54,068,2020,01,15,3,2,5,3,0,0,1,0,0,0,0,348766.647400000130000,5770390.464700000400000,6.793803118000028,52.063434078000057,0,05200121705000564267
05,5,54,052,2020,01,12,4,3,5,3,0,1,0,0,0,0,1,378871.322999999860000,5772529.413000000600000,7.231957420000072,52.090056982000078,1,05200122705000064594
05,5,62,004,2020,01,06,3,3,6,2,2,0,1,1,0,0,0,382887.744599999860000,5716649.417700000100000,7.309473492000052,51.588714319000076,2,05200121701800347200
05,5,15,000,2020,01,16,4,3,5,3,0,0,1,0,0,0,0,407044.504999999890000,5757870.224999999600000,7.647023867000030,51.963743950000037,1,05200122702100378035
05,5,66,040,2020,01,17,2,3,4,2,2,0,1,0,0,0,0,424828.563900000420000,5779996.072799999300000,7.900943311000049,52.165327143000070,0,05200120709800512513
05,5,12,000,2020,01,07,2,3,2,6,2,0,1,0,0,0,0,356415.695700000040000,5710075.133600000300000,6.930275097000049,51.523516081000082,1,05200120701400990201
05,5,54,016,2020,01,18,2,2,8,6,2,1,0,0,0,0,0,363385.394199999980000,5757590.185799999200000,7.012020065000058,51.952215013000057,0,05200120705000921214
05,5,66,028,2020,01,12,3,3,3,6,0,1,0,0,0,1,0,411997.456699999980000,5792220.856000000600000,7.710211905000051,52.273311115000070,0,05200121709700442518
05,5,62,004,2020,01,08,5,3,5,2,1,1,1,0,0,0,0,382615.007399999540000,5714669.973899999600000,7.306200037000053,51.570866976000048,1,05200123701800014207
05,5,15,000,2020,01,16,3,3,2,6,1,0,1,0,1,0,1,404552.469899999910000,5745073.982499999900000,7.614307963000044,51.848303112000053,1,05200121702100468269
05,5,15,000,2020,01,15,4,3,5,2,0,1,1,0,0,0,0,408397.253100000320000,5753910.463500000500000,7.667762579000055,51.928375756000037,1,05200122702100770512
05,5,66,012,2020,01,13,5,2,2,6,0,1,1,0,0,0,0,400514.143600000070000,5776806.214099999500000,7.546493110000029,52.132810386000074,0,05200123709100979238
05,5,58,024,2020,01,12,3,3,2,6,0,0,1,0,0,0,0,393010.040699999780000,5736379.255400000100000,7.449483897000050,51.768062526000051,0,05200121706300479203
05,5,62,014,2020,01,06,3,3,0,7,2,0,0,0,1,0,0,356800.122999999670000,5714531.687999999200000,6.933999177000032,51.563659455000050,1,05200121701300065866
05,5,62,008,2020,01,13,4,3,5,3,0,1,1,0,0,0,0,384147.978099999950000,5723487.485200000900000,7.325395521000075,51.650433382000074,1,05200122701910986167
05,5,66,084,2020,01,19,2,2,5,2,2,0,1,0,0,0,0,386620.997999999670000,5779876.244999999200000,7.342573656000070,52.157724910000070,1,05200120709300712294
05,5,62,014,2020,01,19,2,3,2,6,2,0,0,0,0,0,1,357200.226200000380000,5713767.845499999800000,6.940077852000059,51.556897155000058,0,05200120702340005138
05,5,66,056,2020,01,11,5,3,1,6,0,0,1,0,0,0,0,417061.885999999940000,5796595.500199999700000,7.783341767000024,52.313419832000079,0,05200123709700270208
05,5,66,076,2020,01,15,3,3,1,6,0,0,1,0,0,0,0,396164.836000000130000,5788420.893999999400000,7.479415393000068,52.236397351000051,1,05200121709500576614
05,5,62,014,2020,01,18,2,3,2,6,2,0,1,0,0,0,0,360014.224600000310000,5715779.626399999500000,6.979841747000023,51.575680413000043,0,05200120701300423203
05,5,54,016,2020,01,07,5,3,5,3,2,1,1,0,0,0,0,363544.092400000430000,5757325.248500000700000,7.014433085000064,51.949873341000057,1,05200123705000320977
05,5,54,008,2020,01,17,3,3,2,6,2,1,0,0,0,0,0,335083.428999999540000,5745862.380999999100000,6.606141681000054,51.839190962000032,1,05200121705000765869
05,5,70,008,2020,01,17,4,3,2,6,1,0,1,0,0,0,0,433662.895399999800000,5736039.322699999400000,8.038579811000034,51.771300456000063,1,05200122711113535328
05,5,13,000,2020,01,21,5,1,0,1,2,0,1,0,0,0,0,367543.403699999680000,5707093.427899999500000,7.091698154000028,51.499439865000056,0,05200123700100915200
05,5,15,000,2020,01,10,3,3,5,3,0,1,1,0,0,0,0,403048.699000000020000,5758116.989800000600000,7.588813534000053,51.965279468000062,1,05200121702100079167
05,5,15,000,2020,01,11,4,3,0,7,0,1,0,0,0,0,0,407837.765800000170000,5758254.632500000300000,7.658463245000064,51.967331287000036,1,05200122702100659209
05,5,66,008,2020,01,12,2,3,9,1,0,0,1,0,0,0,0,398177.257199999880000,5781061.949100000800000,7.511087409000027,52.170633951000070,0,05200120709100752201
05,5,62,012,2020,01,16,2,3,2,6,0,0,1,0,0,0,0,360388.420699999670000,5726917.601500000800000,6.980798503000074,51.675858581000057,0,05200120701610294206
05,5,66,080,2020,01,14,5,3,5,3,0,0,1,0,0,0,0,404674.757299999710000,5781707.651699999300000,7.605884770000046,52.177598206000027,0,05200123709110868373
05,5,66,012,2020,01,06,3,2,0,2,2,0,1,0,0,0,0,408984.410899999550000,5776170.312699999700000,7.670377711000072,52.128554780000059,1,05200121709100074663
05,5,66,084,2020,01,07,6,2,5,3,2,1,1,0,0,0,0,386000.048499999570000,5779276.031899999800000,7.333701947000066,52.152202981000073,1,05200124709300672352
05,5,62,020,2020,01,17,1,3,5,3,2,0,1,0,0,0,0,368153.807400000280000,5718481.847500000100000,7.096218432000057,51.601926798000079,0,05200126701200863209
05,5,66,084,2020,01,22,6,2,0,3,2,1,1,0,0,0,0,390035.929600000380000,5775788.858799999600000,7.393795356000055,52.121681463000073,1,05200124709300298202
05,5,12,000,2020,01,15,3,3,2,6,0,0,1,0,0,0,0,355966.131699999790000,5709644.793800000100000,6.923975244000076,51.519534669000052,1,05200128701400490200
05,5,58,024,2020,01,16,6,3,1,1,0,0,1,0,0,0,0,393201.315499999560000,5736377.217199999800000,7.452255418000050,51.768080728000029,1,05200124706300734200
05,5,58,024,2020,01,07,6,2,8,1,2,0,1,0,0,0,0,389627.988499999980000,5736072.825999999400000,7.400588282000058,51.764651856000057,1,05200124706300056214
05,5,54,012,2020,01,14,2,3,5,3,0,0,1,0,0,0,0,347282.320000000300000,5746797.714800000200000,6.782653700000026,51.851063649000082,1,05200127705000021129
05,5,70,016,2020,01,07,2,3,5,3,0,0,1,0,0,0,0,411770.544999999930000,5734851.482000000800000,7.721671412000035,51.757600419000028,1,05200127711221602733
05,5,54,048,2020,01,07,6,3,2,6,2,1,1,0,0,0,0,341077.327999999750000,5746507.454600000800000,6.692772591000050,51.846724067000082,0,05200124705113613208
05,5,15,000,2020,01,14,6,2,5,3,0,0,1,0,0,0,0,403512.483000000010000,5748148.706499999400000,7.598355666000032,51.875761418000081,1,05200124702100368301
05,5,54,036,2020,01,07,4,3,3,6,0,0,1,0,0,0,0,367061.674700000320000,5766961.092700000900000,7.061849050000035,52.037311192000061,0,05200129071400568202
05,5,62,024,2020,01,12,7,3,1,6,0,0,1,0,0,0,0,373420.593500000420000,5724076.228599999100000,7.170203028000060,51.653411578000032,1,05200125702340905244