ULAND,UREGBEZ,UKREIS,UGEMEINDE,UJAHR,UMONAT,USTUNDE,UWOCHENTAG,UKATEGORIE,UART,UTYP1,ULICHTVERH,IstRad,IstPKW,IstFuss,IstKrad,IstGkfz,IstSonstige,LINREFX,LINREFY,XGCSWGS84,YGCSWGS84,STRZUSTAND,UIDENTSTLAE
05,5,15,000,2020,01,13,6,2,0,4,0,0,1,1,0,0,0,398688.081600000150000,5753460.626800000700000,7.526736310000047,51.922650171000043,1,05200124702100268269
05,5,62,004,2020,01,18,6,2,8,1,2,1,0,0,0,0,0,383196.567099999640000,5714439.607200000400000,7.314664283000070,51.568917285000055,0,05200124701800615208
05,5,62,014,2020,01,09,6,3,0,1,0,0,1,0,0,0,0,361939.463899999860000,5712911.798000000400000,7.008733368000037,51.550384348000080,0,05200124701300714019
05,5,62,014,2020,01,13,6,3,2,6,0,0,1,0,0,0,0,360298.256299999540000,5713703.252399999600000,6.984763287000021,51.557092458000056,0,05200124701300063386
05,5,13,000,2020,01,15,6,3,1,6,0,0,1,0,0,0,0,368692.597500000150000,5707989.316400000800000,7.107911320000028,51.507759174000057,0,05200124700100023208
05,5,62,008,2020,01,17,1,3,5,3,1,1,1,0,0,0,0,383987.426300000400000,5719933.345499999800000,7.324253758000054,51.618456844000036,0,05200126701930885435
05,5,13,000,2020,01,16,6,2,6,4,1,0,1,1,0,0,0,368022.690999999640000,5705267.407999999800000,7.099281911000048,51.483141921000026,0,05200124700000765435
05,5,15,000,2020,01,13,3,3,6,2,0,0,1,1,0,0,0,406910.524899999610000,5755792.010399999100000,7.645637389000058,51.945041472000071,1,05200128702100544204
05,5,66,012,2020,01,15,1,3,1,6,0,0,1,0,0,0,0,401708.911100000140000,5778074.821499999600000,7.563576104000049,52.144426337000027,0,05200126709110172380
05,5,66,004,2020,01,20,3,3,9,1,2,0,1,0,0,0,0,392123.211099999960000,5767673.031800000000000,7.426838388000022,52.049152296000045,1,05200128709110070516
05,5,62,020,2020,01,15,3,3,5,3,0,1,1,0,0,0,0,371447.729600000200000,5719980.977700000600000,7.143203787000061,51.616160733000072,1,05200128701200885383
05,5,66,016,2020,01,06,2,3,5,3,2,1,1,0,0,0,0,406244.705099999900000,5790917.575999999400000,7.626285711000037,52.260646411000039,1,05200127709500587305
05,5,70,008,2020,01,10,1,3,0,6,0,0,1,0,0,0,0,432317.250300000420000,5736599.740199999900000,8.018971258000022,51.776177509000036,0,05200126301911435106
05,5,12,000,2020,01,10,2,2,0,1,0,0,0,0,1,0,0,356333.526300000030000,5710212.569900000500000,6.929035438000028,51.524730162000026,1,05200127701400114019
05,5,66,004,2020,01,11,7,3,5,2,0,0,1,0,0,0,0,396298.012900000440000,5767360.168899999900000,7.487790843000028,52.047137218000046,1,05200125709100474741
05,5,62,020,2020,01,12,7,2,5,3,0,0,1,0,0,0,1,372116.048000000420000,5718285.021700000400000,7.153470138000046,51.601071601000058,0,05200125701200717208
05,5,58,024,2020,01,12,1,2,8,1,0,0,1,0,0,0,0,393156.576999999580000,5740356.289999999100000,7.450382102000049,51.803836092000040,0,05200126706300287295
05,5,54,056,2020,01,08,3,3,0,2,1,1,0,0,0,0,0,356929.178999999540000,5762443.172000000300000,6.916113814000028,51.994196183000042,1,05200128705000976687
05,5,62,014,2020,01,13,1,2,3,2,0,0,1,0,1,1,0,359395.135700000450000,5715429.242799999200000,6.971053828000038,51.572377805000031,0,05200126701300832207
05,5,62,024,2020,01,14,3,3,2,2,0,0,1,0,0,0,0,367602.790300000460000,5723614.173900000800000,7.086326815000064,51.647919291000051,0,05200128701500464203
05,5,58,040,2020,01,20,2,3,8,1,2,0,1,0,0,0,0,373594.667500000450000,5763786.794199999400000,7.158213463000038,52.010313874000076,1,05200127706000868276
05,5,13,000,2020,01,17,3,3,8,1,2,0,1,0,0,0,0,366298.216300000440000,5718387.789999999100000,7.069476904000055,51.600644100000068,1,05200128700000681308
05,5,62,032,2020,01,08,2,3,5,3,0,1,1,0,0,0,0,374413.071800000030000,5718578.090399999200000,7.186514108000040,51.604222319000030,1,05200127701110990207
05,5,54,032,2020,01,19,7,1,9,1,2,0,1,0,0,0,0,327373.251600000080000,5745745.290999999300000,6.494395396000073,51.835809372000028,0,05200125705112717206
05,5,66,076,2020,01,07,3,3,6,4,1,0,1,1,0,0,0,393148.662999999710000,5793447.005000000800000,7.433672611000077,52.280990914000029,1,05200128709500539964
05,5,12,000,2020,01,06,2,3,3,6,2,0,1,0,0,1,0,356757.727800000460000,5707971.098999999500000,6.936056906000033,51.504696362000061,1,05200127052300732208
05,5,54,060,2020,01,10,1,3,0,7,0,0,0,0,1,0,0,350022.144399999640000,5755943.016599999700000,6.818425530000070,51.933973457000036,0,05200126705000916030
05,5,15,000,2020,01,14,3,2,5,3,0,1,1,0,0,0,0,404099.684000000360000,5753880.054999999700000,7.605288312000027,51.927378622000049,1,05200128702100868281
05,5,12,000,2020,01,08,3,2,5,3,0,0,1,0,1,0,0,355480.614000000060000,5717456.369999999200000,6.913772263000055,51.589603039000053,1,05200128701400350204
05,5,70,024,2020,01,05,2,3,8,1,2,0,1,0,0,0,0,421463.231399999930000,5755286.152400000000000,7.857431160000033,51.942739139000082,1,05200127711161381091
05,5,62,014,2020,01,13,7,3,6,6,0,0,1,1,0,0,0,361478.106900000010000,5713541.531099999300000,7.001835481000057,51.555930164000074,0,05200125701300728208
05,5,62,004,2020,01,08,2,3,6,4,1,0,0,1,1,0,0,382443.308500000280000,5717627.105499999600000,7.302733492000073,51.597408870000038,1,05200127701800014200
05,5,66,072,2020,01,21,7,3,5,5,2,0,1,0,0,1,0,412801.850399999880000,5802409.487400000900000,7.719356846000039,52.365017001000069,0,05200125709700770497
05,5,62,024,2020,01,04,1,2,9,1,2,0,1,0,0,0,0,367756.856999999840000,5724266.568000000000000,7.088305676000061,51.653818278000074,0,05200126701500799204
05,5,58,004,2020,01,19,1,2,0,1,2,1,0,0,0,0,0,403454.622200000100000,5741345.866900000700000,7.599414753000076,51.814604054000029,0,05200126706300773205
05,5,58,024,2020,01,08,3,3,5,2,1,1,0,0,0,0,1,393148.522199999540000,5736752.688400000300000,7.451375117000055,51.771445399000072,1,05200128706300935203
05,5,70,008,2020,01,17,6,3,5,2,2,0,1,0,0,0,0,431780.451000000350000,5740057.301000000900000,8.010511827000073,51.807195588000070,0,05200124711314082312
05,5,13,000,2020,01,19,3,3,2,6,2,0,1,0,0,0,0,368946.097799999640000,5710826.252399999600000,7.110506916000077,51.533313013000054,1,05200128700100572204
05,5,15,000,2020,01,17,3,3,5,2,2,0,1,1,0,0,0,404684.754999999890000,5759085.980000000400000,7.612350699000047,51.974272033000034,1,05200128702100542206
05,5,66,008,2020,01,17,2,3,6,4,1,0,1,1,0,0,0,399225.786799999890000,5780596.981699999400000,7.526552189000029,52.166647426000054,1,05200127709100478204
05,5,62,020,2020,01,06,2,3,4,2,2,0,1,0,0,0,1,370961.265700000340000,5719352.695100000100000,7.136412658000040,51.610403183000074,1,05200127701200000203
05,5,66,012,2020,01,00,7,2,5,2,2,0,1,0,0,0,0,401316.555999999870000,5772605.653999999200000,7.559430128000031,52.095199899000079,1,05200125709100009878
05,5,66,012,2020,01,15,3,2,2,6,0,0,1,0,0,1,0,406287.666600000110000,5772304.466800000500000,7.632057680000060,52.093357011000080,1,05200128709700574200
05,5,13,000,2020,01,19,7,3,2,6,2,0,1,0,0,0,0,368590.340400000100000,5707595.307299999500000,7.106585513000027,51.504194521000045,1,05200125700100111201
05,5,66,076,2020,01,11,6,3,1,5,0,1,0,0,0,0,1,393419.386900000270000,5792874.403799999500000,7.437820530000067,52.275897400000076,1,05200124709500267200
05,5,54,016,2020,01,17,1,2,7,7,2,0,0,0,1,0,0,360198.101800000300000,5760109.562999999200000,6.964645198000028,51.974060500000064,0,05200126705000920739
05,5,54,004,2020,01,20,3,3,5,3,2,1,1,0,0,0,0,363889.904799999670000,5772157.080600000900000,7.013565678000020,52.083230100000037,1,05200128705000531358
05,5,13,000,2020,02,08,2,3,5,3,0,0,1,0,0,0,0,368551.622600000350000,5709928.448899999300000,7.105157922000046,51.525152961000060,1,05200203700100214203
05,5,15,000,2020,01,07,6,2,4,1,2,0,1,0,0,1,0,408376.964399999940000,5756857.630999999100000,7.666682310000056,51.954863364000062,1,05200131702100732209
05,5,62,016,2020,01,15,6,3,5,3,0,1,1,0,0,0,0,377715.492800000120000,5737046.928999999500000,7.227704942000059,51.770931319000056,0,05200131701700529209
05,5,62,024,2020,01,15,6,3,0,6,0,0,1,0,0,0,0,371111.059600000270000,5725558.179899999900000,7.136289459000068,51.666204693000054,0,05200131701500544206
05,5,62,020,2020,01,15,6,3,0,5,0,0,1,0,0,0,0,371457.241899999790000,5719936.747400000700000,7.143357328000036,51.615765415000055,0,05200131701200485383
05,5,13,000,2020,01,12,6,3,5,3,0,1,1,0,0,0,0,366643.148799999620000,5714630.553099999200000,7.075881496000022,51.566961393000042,0,05200131700200979205
05,5,15,000,2020,02,18,7,3,0,2,2,0,1,1,0,0,0,405573.349399999720000,5754360.479599999300000,7.626581801000043,51.931948842000054,0,05200201702100909116
05,5,54,004,2020,02,10,2,2,5,3,0,1,1,0,0,0,0,357995.447499999780000,5770303.924200000200000,6.928370831000052,52.065099015000044,1,05200203705000520910
05,5,66,084,2020,02,21,2,3,8,1,2,0,1,0,0,0,0,388259.474200000060000,5776534.147500000900000,7.367613858000027,52.128023241000051,1,05200203709300287292
05,5,62,020,2020,02,16,7,2,5,2,0,1,1,0,0,0,0,371184.330500000160000,5717988.603499999300000,7.140133432000027,51.598195411000063,1,05200201701200732201
05,5,15,000,2020,02,16,2,3,6,4,1,0,0,1,0,0,1,404690.425400000070000,5759097.132799999800000,7.612430128000028,51.974373251000031,0,05200203702100087860
05,5,66,040,2020,02,00,1,2,8,1,2,0,1,0,0,0,0,423972.674399999900000,5780537.310699999300000,7.888310914000044,52.170075100000076,0,05200202709800368146
05,5,12,000,2020,02,15,2,3,5,2,0,1,1,0,0,0,0,355621.232200000440000,5719616.976600000600000,6.914911448000055,51.609053474000063,1,05200203701400280205
05,5,15,000,2020,02,20,1,2,8,1,2,0,1,0,0,0,0,400513.010999999940000,5759758.597999999300000,7.551441802000056,51.979586440000048,1,05200202071100836207
05,5,70,028,2020,02,07,2,3,6,2,2,0,1,1,0,0,0,441092.394600000230000,5742379.798399999700000,8.145164057000045,51.829134210000063,1,05200203711411581082
05,5,15,000,2020,02,15,7,3,5,3,0,0,1,0,0,0,0,402749.170599999840000,5746224.648800000500000,7.587812691000067,51.858334577000051,0,05200201702100268269
05,5,54,008,2020,02,12,7,3,5,3,0,0,1,0,0,0,0,334152.384999999780000,5750398.847999999300000,6.590462679000041,51.879667364000056,0,05200201705000817214
05,5,66,012,2020,02,08,2,3,5,2,0,1,1,0,0,0,0,403788.994900000280000,5772284.946000000500000,7.595601160000058,52.092752766000046,1,05200203709100512134
05,5,62,032,2020,02,17,7,3,2,6,2,0,1,0,0,0,0,375387.961000000130000,5719457.001900000500000,7.200271686000065,51.612337772000046,1,05200201701110743201
05,5,54,020,2020,02,06,2,2,5,3,2,1,1,0,0,0,0,365947.822900000030000,5783072.795499999100000,7.039277761000051,52.181815370000038,1,05200203705000120731
05,5,12,000,2020,02,14,1,3,5,3,0,0,1,0,0,0,0,356845.526999999770000,5712344.309000000400000,6.935544105000076,51.544015631000036,1,05200202701400857200
05,5,13,000,2020,02,06,2,2,5,2,2,0,1,0,0,1,1,362995.533200000410000,5711340.680900000000000,7.024567082000033,51.536523220000049,1,05200203700200175206
05,5,62,008,2020,02,16,2,3,1,6,1,0,1,0,0,0,0,384149.217000000180000,5723487.677999999400000,7.325413357000059,51.650435370000082,0,05200203701910266207
05,5,12,000,2020,02,04,3,3,8,1,2,0,1,0,0,0,0,359231.209499999880000,5708123.239700000700000,6.971611745000075,51.506685017000052,1,05200204052300654206
05,5,54,036,2020,02,06,7,2,8,7,2,0,1,0,0,0,0,368055.305700000380000,5771038.495500000200000,7.074751770000034,52.074187228000028,1,05200201702340070606
05,5,58,016,2020,02,19,2,2,4,2,2,0,1,0,0,0,0,388513.785199999810000,5747917.018699999900000,7.380636690000074,51.870882604000030,1,05200203706100338201
05,5,70,032,2020,02,17,2,3,2,6,0,0,1,0,0,0,0,421359.021900000050000,5765766.357300000300000,7.853511826000045,52.036932827000044,0,05200203711151087328
05,5,12,000,2020,02,18,7,2,6,2,2,0,1,1,0,0,0,355705.371500000360000,5709819.886499999100000,6.920147755000073,51.521041461000038,1,05200201701400257383
05,5,15,000,2020,02,07,2,3,5,2,1,1,1,0,0,0,0,401195.111999999730000,5753700.882400000500000,7.563111689000039,51.925260207000065,1,05200203702100272414
05,5,70,028,2020,01,18,4,2,5,2,2,1,1,0,0,0,0,441097.226800000300000,5742361.992100000400000,8.145237201000043,51.828974637000044,1,05200129711411976177
05,5,70,028,2020,01,16,6,3,5,3,0,1,1,0,0,0,0,442195.773500000130000,5742756.857100000600000,8.161110855000061,51.832639334000078,0,05200131711412278050
05,5,70,016,2020,01,07,4,3,5,3,2,0,1,0,0,0,0,413573.403500000010000,5739804.172399999600000,7.746552444000031,51.802401998000050,1,05200129711221862090
05,5,70,004,2020,01,18,4,3,5,2,2,1,1,0,0,0,0,424570.331399999560000,5735056.892500000100000,7.907039393000048,51.761317316000031,1,05200129711213776665
05,5,70,040,2020,01,07,5,3,8,6,2,0,1,0,0,0,1,420429.123999999840000,5746149.995999999300000,7.844499315000064,51.860464762000049,0,05200130711231872377
05,5,70,012,2020,01,06,5,2,5,3,2,0,1,0,0,0,0,438979.911999999550000,5752764.512000000100000,8.112676869000040,51.922266768000043,1,05200130711131576143
05,5,66,040,2020,01,15,5,1,3,2,0,1,0,0,0,1,0,421582.667200000030000,5782782.775900000700000,7.852851898000040,52.189924866000069,0,05200130709800472435
05,5,70,004,2020,02,06,1,2,8,1,2,0,1,0,0,0,0,422764.817599999720000,5738996.988199999600000,7.880006500000036,51.796490997000035,0,05200202711211162090
05,5,66,020,2020,01,07,5,3,6,4,2,0,1,1,0,0,0,404664.521099999550000,5804072.815099999300000,7.599411468000028,52.378611298000067,1,05200130709700717205
05,5,12,000,2020,02,21,2,3,6,2,2,0,1,1,0,0,0,356502.912700000220000,5709600.023299999500000,6.931724906000056,51.519268987000032,1,05200203701400312208
05,5,66,016,2020,01,11,4,2,4,2,0,0,1,0,0,0,0,405406.805800000210000,5792444.972699999800000,7.613584353000022,52.274231068000063,1,05200129709500072447
05,5,66,040,2020,01,13,6,3,5,3,0,0,1,0,0,0,0,422225.065000000410000,5782357.281999999700000,7.862344996000047,52.186191124000061,0,05200131709800072364
05,5,66,072,2020,01,11,5,2,9,1,0,0,1,0,0,0,0,410850.662800000050000,5798824.736500000600000,7.691660318000061,52.332483039000067,1,05200130709000069049
05,5,58,016,2020,01,19,5,3,6,4,2,0,1,1,0,0,0,382607.336000000130000,5743780.660000000100000,7.296288793000031,51.832496545000026,1,05200130706100132203
05,5,58,016,2020,01,18,5,2,6,2,2,0,1,1,0,0,0,381430.641999999990000,5743489.960999999200000,7.279319381000050,51.829635446000054,1,05200130706100130205
05,5,54,020,2020,01,14,5,3,0,7,0,1,0,1,0,0,0,363499.886500000020000,5786699.566199999300000,7.002035005000039,52.213802316000056,0,05200130705000820789
05,5,62,016,2020,01,13,5,3,3,7,0,0,1,0,0,1,0,374746.566999999810000,5740094.269999999600000,7.183598861000064,51.797660672000063,0,05200130702330674733
05,5,62,004,2020,01,15,5,2,5,2,0,0,1,0,0,0,0,381664.048000000420000,5713242.378200000200000,7.292965403000039,51.557837476000032,0,05200130701800208202
05,5,13,000,2020,02,10,1,3,0,1,0,1,0,0,0,0,0,364630.260800000280000,5715197.653300000400000,7.046638415000075,51.571577961000060,1,05200202700200101203
05,5,62,012,2020,01,06,5,2,5,2,2,0,1,0,0,0,1,363621.108099999840000,5738745.288599999600000,7.022889323000072,51.782936683000059,0,05200130701610006200
05,5,13,000,2020,02,11,2,2,0,2,0,0,1,1,0,0,0,368066.750000000000000,5707420.273000000000000,7.099111294000068,51.502499542000066,1,05200203700000775466
05,5,66,036,2020,01,18,4,2,5,3,2,0,1,0,0,0,0,386960.611800000070000,5769280.716299999500000,7.351053413000045,52.062571951000052,1,05200129709300699209
05,5,58,044,2020,01,12,6,3,5,3,0,0,1,0,0,1,0,399192.087100000120000,5742220.421800000600000,7.537344822000023,51.821712268000056,0,05200131706300156214
05,5,62,024,2020,01,15,5,3,5,3,0,1,1,0,0,0,0,368594.843399999660000,5724447.379100000500000,7.100344381000070,51.655639652000048,0,05200130701500177208
05,5,62,020,2020,01,08,5,3,5,3,0,0,1,0,0,0,0,367492.633000000380000,5720897.610999999600000,7.085763910000026,51.623480968000081,0,05200130701200985204
05,5,66,084,2020,01,16,4,3,6,4,0,0,1,1,0,0,0,390010.102900000290000,5775781.131200000600000,7.393420773000059,52.121606875000055,1,05200129709300342391
05,5,62,020,2020,01,15,5,3,0,7,0,0,0,0,0,0,1,372084.187099999750000,5718271.407800000200000,7.153015318000030,51.600942019000058,1,05200130701200202208
05,5,66,080,2020,01,17,4,3,2,6,2,0,1,0,0,0,0,411503.281999999660000,5778159.435599999500000,7.706647123000039,52.146843007000030,1,05200129709110772341
05,5,62,032,2020,01,07,5,3,6,4,1,0,1,1,0,0,0,377212.772400000130000,5714975.382899999600000,7.228181298000038,51.572461173000079,0,05200130701120001205
05,5,15,000,2020,02,11,7,3,3,6,0,0,1,0,0,0,0,404242.997499999590000,5759054.980399999800000,7.605930064000063,51.973917455000048,1,05200201702100811200
05,5,66,028,2020,01,13,4,3,5,3,0,0,1,0,0,1,0,411954.791000000200000,5793031.807199999700000,7.709375012000066,52.280593318000058,1,05200129709000881515
05,5,13,000,2020,01,13,5,3,2,6,0,0,1,0,0,0,0,366922.131500000130000,5716143.533600000700000,7.079331167000021,51.580623789000072,1,05200130700200841208
05,5,13,000,2020,01,08,5,3,5,3,0,0,1,0,0,0,0,365236.264499999580000,5709902.304999999700000,7.057405880000033,51.524136617000067,0,05200130700100783208
05,5,66,076,2020,02,19,7,2,6,2,2,0,1,1,0,0,0,396646.415400000290000,5787203.628599999500000,7.486837162000029,52.225547838000068,0,05200201709500902203
05,5,15,000,2020,01,07,4,3,5,3,2,1,1,0,0,0,0,407044.722400000320000,5756923.664400000100000,7.647283177000077,51.955235815000037,1,05200129702100761900
05,5,66,008,2020,02,07,2,2,4,3,1,1,0,0,0,0,0,399162.731999999840000,5781440.929600000400000,7.525379773000054,52.174221075000048,1,05200203709100809878
05,5,62,008,2020,01,20,4,3,5,2,2,0,1,0,0,0,0,384564.380300000310000,5721745.581000000200000,7.331986425000025,51.634863335000034,0,05200129701910905206
05,5,62,032,2020,02,22,7,3,5,3,2,0,1,0,0,0,0,377528.162999999710000,5720593.775000000400000,7.230768544000057,51.623023901000067,1,05200201701110778209
05,5,62,004,2020,01,07,4,3,3,6,2,0,1,0,1,0,0,382590.237999999900000,5711902.211999999400000,7.306767051000065,51.545985989000030,1,05200129701800620207
05,5,15,000,2020,02,07,2,2,5,3,2,1,1,0,0,0,0,400146.652900000100000,5756905.551899999400000,7.546939070000065,51.953877217000070,1,05200203702100079199
05,5,62,024,2020,01,14,4,3,2,6,0,0,1,0,0,0,0,364199.266900000160000,5724455.176400000200000,7.036836337000068,51.654665014000045,1,05200129701500842201
05,5,54,056,2020,02,16,2,3,1,6,0,0,1,0,0,0,0,357566.010999999940000,5762543.571300000000000,6.925341237000055,51.995261967000033,0,05200203705000287348
05,5,62,020,2020,01,10,4,3,5,3,0,0,1,0,0,0,0,367054.112999999900000,5719598.039000000800000,7.079925825000032,51.611698951000051,1,05200129701200751201
05,5,13,000,2020,01,18,4,3,6,4,2,0,1,1,0,0,0,368596.892699999730000,5710012.506899999500000,7.105778757000053,51.525918906000072,1,05200129700100746201
05,5,54,008,2020,02,00,1,3,0,1,2,1,0,0,0,0,0,337123.210500000040000,5749329.625199999700000,6.634089016000075,51.870937604000062,1,05200202705000476771
05,5,62,014,2020,02,14,2,3,2,2,0,0,1,0,0,1,0,360199.023099999870000,5713505.239600000900000,6.983411494000052,51.555288518000054,0,05200203701300472209
05,5,13,000,2020,01,14,4,3,0,6,0,0,1,0,0,0,1,364220.924200000240000,5709898.871099999200000,7.042780415000038,51.523862566000048,0,05200129700100735201
05,5,58,016,2020,01,06,6,3,0,1,2,1,0,0,0,0,0,381615.784699999730000,5746209.613299999400000,7.281074001000036,51.854116645000033,1,05200131706100137208
05,5,54,004,2020,01,10,6,3,0,1,0,0,0,0,1,0,0,364059.799599999560000,5770268.560200000200000,7.016795914000056,52.066302637000035,1,05200131705000410935
05,5,54,056,2020,01,13,6,3,2,6,0,0,1,0,0,0,0,365210.273000000040000,5762722.717299999700000,7.036542564000058,51.998779725000077,0,05200131705000249719
05,5,70,008,2020,02,13,2,3,2,6,0,0,1,0,0,0,0,433255.614000000060000,5737148.938999999300000,8.032464679000043,51.781227512000044,0,05200203711313053526
05,5,54,004,2020,02,14,7,3,2,6,0,0,1,0,0,0,0,360600.716199999680000,5771097.511199999600000,6.966027485000041,52.072891253000080,0,05200201705000030800
05,5,58,016,2020,02,18,2,2,3,6,2,1,0,0,0,1,0,381436.155500000340000,5743551.533299999300000,7.279378262000023,51.830189976000042,1,05200203706100348202
05,5,13,000,2020,02,14,7,2,9,7,0,0,1,0,0,0,0,365838.905500000340000,5712833.351199999500000,7.064970466000034,51.550620064000043,1,05200201700200071208
05,5,62,016,2020,02,15,7,3,2,7,0,0,1,0,0,0,0,370862.820199999960000,5732581.217700000900000,7.130101733000060,51.729261190000045,0,05200201701700722200
05,5,13,000,2020,02,13,1,2,5,3,0,0,1,0,0,0,0,367136.669099999590000,5714957.486899999900000,7.082874266000033,51.570015908000073,1,05200202700200116209
05,5,70,008,2020,02,05,1,3,1,5,1,0,1,0,0,0,0,435265.328900000080000,5734483.911399999600000,8.062090230000024,51.757504746000052,0,05200202711300079196
05,5,62,012,2020,02,12,2,3,5,2,0,1,1,0,0,0,0,360421.676300000400000,5726363.124500000800000,6.981500734000065,51.670884384000033,1,05200203701610095207
05,5,54,020,2020,01,14,6,3,5,2,0,0,1,0,0,0,0,364568.849999999630000,5786238.637000000100000,7.017855744000030,52.209924521000062,0,05200131705000020843
05,5,66,028,2020,02,09,7,2,5,3,0,1,1,0,0,0,0,411243.931099999700000,5793445.996400000500000,7.698848604000034,52.284201809000081,1,05200201709700976667
05,5,62,028,2020,02,00,2,3,9,1,2,0,1,0,0,0,0,379729.072999999860000,5721439.698499999900000,7.262256542000046,51.631101226000055,1,05200210701920655830
05,5,62,020,2020,02,08,6,3,2,6,0,0,1,0,0,0,0,370361.672299999740000,5718697.957800000900000,7.128000339000039,51.604381478000050,0,05200207701200317206
05,5,54,020,2020,02,01,1,3,5,3,2,0,1,0,0,0,0,366586.082299999890000,5787839.947699999400000,7.046729533000075,52.224804976000030,1,05200209705221609204
05,5,58,024,2020,02,17,7,2,0,1,2,1,0,0,0,0,0,391788.036700000060000,5736325.294900000100000,7.431798339000068,51.767342666000047,0,05200208706300474662
05,5,15,000,2020,02,15,5,3,8,1,0,0,0,0,0,1,0,411506.292999999600000,5754934.427999999400000,7.712703399000077,51.938082921000046,0,05200206702100272376
05,5,62,032,2020,02,17,7,2,0,6,1,0,1,0,0,0,1,375499.623900000010000,5719694.193000000000000,7.201799283000071,51.614494142000069,0,05200208701110873206
05,5,66,076,2020,02,07,6,3,3,6,1,0,1,0,0,0,0,393106.975499999710000,5793860.055400000900000,7.432930785000053,52.284694958000046,0,05200207709000061948
05,5,70,008,2020,02,18,6,2,5,2,2,0,1,0,1,0,0,432830.234000000170000,5739962.023000000000000,8.025754443000039,51.806466164000028,0,05200207711314076703
05,5,70,008,2020,02,12,2,3,0,1,0,0,1,0,0,0,0,430652.335599999870000,5733696.768799999700000,7.995422512000062,51.749876147000066,1,05200210301911577836
05,5,66,028,2020,02,07,2,3,2,7,1,0,1,0,0,0,0,411225.252100000160000,5794716.260399999100000,7.698240172000055,52.295616169000027,1,05200210709700270497
05,5,62,004,2020,02,12,6,3,2,6,0,0,1,0,0,0,0,383763.372200000100000,5713358.425699999600000,7.323196388000042,51.559317003000046,0,05200207701800369374
05,5,70,008,2020,02,15,4,3,5,2,0,1,1,0,0,0,0,433141.103000000120000,5734085.963999999700000,8.031394549000027,51.753677606000053,0,05200205711312581979
05,5,62,014,2020,02,08,2,3,0,7,0,0,0,0,0,0,1,361056.224299999890000,5714862.597200000700000,6.995231728000022,51.567697678000059,1,05200210701300904200
05,5,70,008,2020,02,07,4,3,8,1,0,0,1,0,0,0,0,432218.223000000230000,5730506.205000000100000,8.018723959000056,51.721384501000045,2,05200205711312549811
05,5,66,028,2020,02,08,4,3,8,1,0,0,1,0,0,0,0,419837.974000000390000,5791710.191999999800000,7.825218449000033,52.269920030000037,2,05200205709700142518
05,5,62,024,2020,02,09,1,3,0,7,0,0,1,0,0,0,1,369178.353500000200000,5722367.028200000500000,7.109552902000075,51.637080471000047,0,05200209701500870209
05,5,66,020,2020,02,09,4,3,0,1,0,0,1,1,0,0,0,404661.879999999890000,5804076.013800000800000,7.599371770000062,52.378639587000066,0,05200205709700070493
05,5,66,060,2020,02,07,4,3,2,6,0,0,1,0,0,1,1,390396.940899999810000,5789497.998999999800000,7.394634730000064,52.244959321000067,0,05200205709500751486
05,5,70,004,2020,02,16,1,3,4,6,0,0,1,0,0,0,0,422685.469999999740000,5734466.591600000900000,7.879865019000022,51.755753665000043,0,05200209711215070581
05,5,66,076,2020,02,17,4,3,2,6,2,0,1,0,0,0,0,394711.680399999950000,5790624.296700000800000,7.457456626000067,52.255924052000069,0,05200205709500161948
05,5,66,016,2020,02,17,7,3,0,1,0,1,0,0,0,0,0,406282.830000000070000,5790870.305600000500000,7.626857273000042,52.260228043000041,0,05200208709500574669
05,5,54,004,2020,02,08,5,3,5,2,0,0,1,0,0,0,0,360230.457899999800000,5775046.165699999800000,6.959009908000041,52.108277047000058,0,05200206705000831358
05,5,66,016,2020,02,07,4,2,6,4,2,0,1,1,0,0,0,403728.371700000020000,5792368.438999999300000,7.589014061000057,52.273251858000037,0,05200205709500076633
05,5,66,076,2020,02,07,4,3,5,3,1,1,1,0,0,0,0,392862.335400000210000,5793231.763599999200000,7.429545457000074,52.279000773000064,1,05200205709500074704
05,5,66,084,2020,02,10,4,2,0,1,0,1,0,0,0,0,0,385811.650999999610000,5778232.076999999600000,7.331300312000053,52.142782122000028,1,05200205709300572411
05,5,66,064,2020,02,17,4,2,4,1,1,0,1,0,1,0,0,395568.190999999640000,5772942.809299999800000,7.475444085000049,52.097175101000062,1,05200205709100774663
05,5,66,088,2020,02,14,6,3,6,6,0,0,1,1,0,0,0,412626.303100000140000,5783310.704600000800000,7.721728824000024,52.193323788000043,0,05200207709800587201
05,5,58,024,2020,02,07,4,2,4,6,1,0,1,0,0,0,0,387477.844999999740000,5737584.161399999600000,7.368954153000061,51.777807265000035,2,05200205706300471204
05,5,58,020,2020,02,06,4,3,6,3,2,0,1,1,0,0,0,391269.750599999910000,5760040.219900000800000,7.416821294000044,51.980385665000028,2,05200205706200203150
05,5,66,032,2020,02,15,6,3,2,6,0,0,1,0,0,0,0,412762.343200000000000,5777144.343699999200000,7.725303516000054,52.137919150000073,0,05200207702350605219