ULAND,UREGBEZ,UKREIS,UGEMEINDE,UJAHR,UMONAT,USTUNDE,UWOCHENTAG,UKATEGORIE,UART,UTYP1,ULICHTVERH,IstRad,IstPKW,IstFuss,IstKrad,IstGkfz,IstSonstige,LINREFX,LINREFY,XGCSWGS84,YGCSWGS84,STRZUSTAND,UIDENTSTLAE
05,5,58,040,2020,02,14,4,2,8,7,0,0,0,0,0,0,1,378311.472799999640000,5764867.466199999700000,7.226519231000054,52.021079658000076,0,05200205706200072339
05,5,66,088,2020,02,16,7,3,0,1,0,1,0,0,0,0,0,417939.758799999950000,5789542.579099999700000,7.797933490000048,52.250156265000044,0,05200208709800476376
05,5,66,088,2020,02,12,5,3,5,3,0,0,1,0,0,0,0,411955.526999999770000,5781705.989000000100000,7.712334870000063,52.178793261000067,1,05200206709800072435
05,5,13,000,2020,02,17,2,3,5,3,1,0,1,0,0,0,0,366841.629399999980000,5709340.302699999900000,7.080745252000043,51.519466897000029,1,05200210700100301200
05,5,15,000,2020,02,10,2,3,5,3,0,1,1,0,0,0,0,405927.805999999870000,5756688.597999999300000,7.631098769000062,51.952935110000055,1,05200210702100668301
05,5,12,000,2020,02,20,6,2,6,4,2,0,0,1,0,0,1,359031.741399999710000,5711450.673299999900000,6.967408275000025,51.536535730000026,0,05200207701400047096
05,5,58,016,2020,02,06,4,3,0,1,2,0,1,0,0,0,0,390543.240399999540000,5746931.730699999300000,7.410414898000056,51.862429069000029,2,05200205706100454209
05,5,54,008,2020,02,07,4,3,8,1,1,0,0,0,0,1,0,334073.654099999930000,5750431.917300000800000,6.589304023000068,51.879941012000074,2,05200205705000968294
05,5,66,012,2020,02,12,1,2,5,3,0,0,1,0,0,0,0,401031.836400000380000,5777767.192199999500000,7.553774335000071,52.141540505000080,0,05200209709110976750
05,5,54,064,2020,02,08,4,3,5,3,0,0,1,0,0,0,1,356656.986399999820000,5755015.362600000600000,6.915251582000053,51.927386736000074,0,05200205705000881798
05,5,66,012,2020,02,16,7,2,2,6,0,0,1,0,0,0,0,403718.702700000260000,5772538.083100000400000,7.594503924000037,52.095015764000038,0,05200208709100225692
05,5,15,000,2020,02,07,5,3,4,2,0,0,1,0,0,0,0,405373.525999999610000,5761218.922000000300000,7.621786638000060,51.993561436000050,0,05200206702100876694
05,5,54,016,2020,02,12,4,3,2,6,0,0,1,0,0,0,0,363402.746299999770000,5757531.524700000900000,7.012295719000065,51.951692169000069,0,05200205705000747427
05,5,54,028,2020,02,05,4,3,8,1,2,0,1,0,0,0,0,359802.286000000310000,5742063.142000000900000,6.966222896000033,51.811805880000065,2,05200205705000620970
05,5,54,032,2020,02,08,4,2,0,1,0,1,0,0,0,0,0,325480.177400000390000,5744550.130599999800000,6.467549593000058,51.824485678000030,2,05200205705000572471
05,5,62,012,2020,02,16,7,3,1,2,0,0,1,0,1,0,0,362776.405799999830000,5731671.764299999900000,7.013442966000071,51.719168023000066,0,05200208701620768208
05,5,54,016,2020,02,07,4,3,5,2,2,1,1,0,0,0,0,363312.619400000200000,5758212.180199999400000,7.010714335000046,51.957786129000056,1,05200205705000121191
05,5,62,016,2020,02,08,4,2,0,1,0,0,1,0,0,0,0,374989.020899999890000,5733841.368799999400000,7.189363515000025,51.741521263000038,2,05200205701700672200
05,5,66,028,2020,02,16,6,3,5,3,0,1,1,0,0,0,0,410805.398000000040000,5788369.447000000600000,7.693763180000076,52.238501687000053,0,05200207709700406669
05,5,62,012,2020,02,09,4,3,2,6,0,0,1,0,0,1,0,358847.382699999960000,5727368.137900000400000,6.958343527000068,51.679521862000058,2,05200205701610677205
05,5,70,028,2020,02,14,6,3,5,3,0,1,1,0,0,0,0,441548.644799999890000,5741169.368100000500000,8.151988492000044,51.818300076000071,0,05200207711411036320
05,5,62,024,2020,02,07,4,2,0,1,0,0,0,0,1,0,0,374268.056300000290000,5724706.987999999900000,7.182220213000051,51.659270369000069,1,05200205701500632206
05,5,70,008,2020,02,18,2,3,5,3,2,0,1,0,0,0,0,433103.438599999990000,5733900.812899999300000,8.030884607000075,51.752008591000049,1,05200210711312202949
05,5,15,000,2020,02,12,6,3,1,5,0,0,1,0,0,0,0,407183.092899999580000,5757937.123600000500000,7.649022339000055,51.964368424000043,0,05200207702100053153
05,5,70,008,2020,02,12,2,3,2,6,0,0,1,0,0,0,0,431076.933899999600000,5734786.707699999200000,8.001356160000057,51.759727066000039,1,05200210031100120203
05,5,12,000,2020,02,16,4,3,5,3,0,1,1,0,0,0,0,357041.786700000060000,5719330.463400000700000,6.935529216000020,51.606841408000037,0,05200205701400849204
05,5,62,024,2020,02,17,2,3,6,4,0,0,1,1,0,0,0,367513.427500000220000,5724651.979599999300000,7.084642757000040,51.657224447000033,0,05200210701500308200
05,5,70,008,2020,02,18,4,3,9,7,0,0,1,0,0,1,0,430468.050200000410000,5733179.475800000100000,7.992856811000024,51.745202862000042,0,05200205031100553205
05,5,12,000,2020,02,08,4,2,5,2,0,0,1,0,0,0,1,357346.330000000070000,5711214.841000000000000,6.943218983000065,51.533993189000057,0,05200205701400646203
05,5,70,016,2020,02,15,3,3,2,6,0,0,1,0,0,0,0,409358.503899999890000,5740674.466900000300000,7.685212979000028,51.809557601000051,1,05200204711221174779
05,5,12,000,2020,02,07,4,3,0,1,1,0,0,0,1,0,0,352451.446999999690000,5719893.736800000100000,6.869051303000049,51.610718572000053,2,05200205701400628209
05,5,15,000,2020,02,10,1,2,0,3,0,0,1,0,0,0,0,401352.043999999760000,5761129.959000000700000,7.563259757000026,51.992062040000064,0,05200209702330933550
05,5,70,036,2020,02,06,3,3,8,1,2,0,1,0,0,0,0,436607.002100000160000,5766827.473999999500000,8.075576673000057,52.048425034000047,2,05200204711121669112
05,5,62,014,2020,02,15,4,3,2,6,0,0,1,0,1,0,0,360016.098000000230000,5715777.642000000900000,6.979869555000050,51.575663046000045,0,05200205701300828203
05,5,15,000,2020,02,04,7,3,2,6,2,0,1,0,0,1,0,401940.217899999580000,5747055.095699999500000,7.575833998000064,51.865657393000049,0,05200208071100408207
05,5,54,004,2020,02,07,7,2,5,3,2,1,1,0,0,0,0,357384.250400000250000,5778056.396299999200000,6.916215992000048,52.134596909000038,0,05200208705000155357
05,5,66,028,2020,02,07,3,3,5,3,1,1,1,0,0,0,0,416358.865000000220000,5792123.779999999300000,7.774141633000056,52.273119356000052,1,05200204709700170493
05,5,58,016,2020,02,13,3,3,5,3,0,1,1,0,0,0,0,380663.684899999760000,5742756.408600000700000,7.268447621000064,51.822879612000065,1,05200204706100401207
05,5,58,024,2020,02,11,3,3,9,1,0,0,1,0,0,0,0,390638.938299999570000,5732803.569000000100000,7.416260215000023,51.735466463000080,1,05200204706000462038
05,5,62,032,2020,02,14,4,2,2,2,0,0,1,0,0,0,0,377704.583300000060000,5716091.401100000400000,7.234885883000061,51.582598106000034,0,05200205701120685338
05,5,66,016,2020,02,19,7,2,9,1,2,0,0,0,1,0,0,408175.049399999900000,5791073.824999999300000,7.654518302000042,52.262376424000081,1,05200208709500651486
05,5,66,008,2020,02,07,5,3,4,2,1,0,1,0,0,0,0,398592.131599999960000,5783995.079800000400000,7.516274450000026,52.197072330000026,0,05200206709110379238
05,5,54,008,2020,02,18,3,3,2,6,2,0,1,0,0,0,1,334468.310499999670000,5743764.028200000500000,6.598224766000044,51.820158832000061,0,05200204705000087250
05,5,62,014,2020,02,06,3,3,2,6,2,0,1,0,0,1,0,356663.852400000210000,5715413.749199999500000,6.931674761000068,51.571550829000046,0,05200204702340905167
05,5,62,016,2020,02,10,3,3,3,6,0,0,1,0,0,1,1,375673.289599999790000,5741447.719300000000000,7.196545377000064,51.810030634000043,1,05200204702330779352
05,5,15,000,2020,02,07,3,3,2,6,2,0,1,0,0,0,0,400194.218100000170000,5756439.455099999900000,7.547766359000036,51.949696412000037,1,05200204702330679352
05,5,62,032,2020,02,14,4,3,5,3,0,0,1,0,1,0,0,375706.972099999900000,5719541.806399999200000,7.204846541000052,51.613170442000069,0,05200205701110798208
05,5,58,044,2020,02,07,3,2,2,6,1,0,1,0,0,0,0,393803.241000000390000,5751365.989000000100000,7.456374663000077,51.902913636000051,1,05200204702330661973
05,5,13,000,2020,02,16,4,3,2,6,0,0,1,0,0,0,0,368140.075600000100000,5705105.030700000000000,7.101032097000029,51.481710046000046,0,05200205700100713204
05,5,15,000,2020,02,17,3,3,5,2,1,1,1,0,0,0,0,403209.349700000140000,5755253.948000000800000,7.591957535000063,51.939573548000055,1,05200204702100872470
05,5,62,016,2020,02,08,3,3,6,2,0,0,1,1,0,0,0,375085.815000000410000,5734005.536599999300000,7.190705762000050,51.743018202000030,1,05200204701700681202
05,5,62,024,2020,02,12,3,3,5,3,0,1,1,0,0,0,0,373129.127100000160000,5725557.876199999800000,7.165454212000043,51.666661247000036,1,05200204701500463204
05,5,12,000,2020,02,13,3,2,5,3,0,1,1,0,0,0,0,355412.767300000410000,5716422.802400000400000,6.913219216000073,51.580298381000034,1,05200204701400548209
05,5,13,000,2020,02,11,4,2,4,6,0,0,1,0,0,0,0,365342.521300000140000,5707590.367399999900000,7.059819748000052,51.503385633000050,1,05200205700100656203
05,5,62,020,2020,02,11,3,3,0,1,0,1,0,0,0,0,0,368314.582899999800000,5718235.944599999100000,7.098630881000076,51.599754578000045,1,05200204701200442203
05,5,62,032,2020,02,18,3,3,5,3,2,0,1,0,0,0,0,377370.796600000000000,5720499.938500000200000,7.228529244000072,51.622146301000043,1,05200204701110580201
05,5,54,028,2020,02,17,3,3,8,1,2,0,1,0,0,0,0,361462.180700000380000,5742408.946699999300000,6.990147788000058,51.815327017000072,2,05200211071400565208
05,5,13,000,2020,02,10,3,3,2,6,0,0,1,0,0,0,0,366178.652499999850000,5709769.291099999100000,7.071032439000021,51.523165364000079,1,05200204700100271515
05,5,70,016,2020,02,11,6,2,5,3,0,0,1,0,0,0,0,418268.606300000100000,5734027.745899999500000,7.815990895000027,51.751181561000067,0,05200207711221676704
05,5,13,000,2020,02,06,3,3,5,3,2,0,1,0,1,0,0,369055.607200000440000,5708140.832900000700000,7.113082828000074,51.509205063000081,1,05200204700000968361
05,5,66,076,2020,02,05,2,2,8,1,2,0,1,0,0,0,0,397836.348000000230000,5790327.544099999600000,7.503307668000048,52.253846114000055,1,05200210709500176633
05,5,12,000,2020,02,14,6,2,0,7,0,0,0,0,0,0,1,356781.194799999710000,5712230.240199999900000,6.934663430000057,51.542974309000044,0,05200207701400767026
05,5,54,020,2020,02,07,6,3,5,3,0,1,1,0,0,0,0,363784.237999999900000,5786634.296000000100000,7.006220618000043,52.213286218000064,0,05200207705000087350
05,5,70,044,2020,02,09,5,2,5,3,0,0,1,0,0,0,0,419155.144999999550000,5758523.599999999600000,7.823098342000037,51.971510356000067,1,05200206711142745696
05,5,62,032,2020,02,06,2,3,6,2,2,0,1,1,0,0,0,375253.745400000360000,5718992.415500000100000,7.198499616000049,51.608132759000057,1,05200210701110775470
05,5,13,000,2020,02,18,1,3,3,6,2,0,1,0,0,0,0,366255.953599999660000,5718321.842399999500000,7.068892191000032,51.600041431000079,1,05200209700000465506
05,5,66,076,2020,02,18,1,2,4,6,2,0,1,0,0,0,0,394336.238300000320000,5785536.239499999200000,7.453548564000073,52.210124074000078,1,05200209709500876769
05,5,66,012,2020,02,21,7,1,8,1,2,0,1,0,0,0,0,404248.786000000310000,5773548.500499999200000,7.601955522000026,52.104189507000058,1,05200208709110070536
05,5,58,016,2020,02,03,5,2,8,1,2,0,0,0,0,1,0,381883.266699999570000,5745922.765699999400000,7.285053952000055,51.851595372000077,0,05200206702330800146
05,5,70,020,2020,02,10,6,3,5,1,0,0,1,0,0,0,0,425907.670199999590000,5742790.350900000000000,7.924761080000053,51.831017257000042,0,05200207711421876757
05,5,62,028,2020,02,18,7,3,6,2,1,0,1,1,0,0,0,380058.507399999540000,5722368.235600000200000,7.266695885000047,51.639516691000040,0,05200208701920781207
05,5,66,092,2020,02,12,6,3,1,6,0,0,1,0,0,0,0,424505.761400000190000,5792513.569900000500000,7.893431189000069,52.277802172000065,0,05200207709700442411
05,5,13,000,2020,02,15,6,3,9,1,0,0,1,0,0,0,0,365846.696299999950000,5714078.588600000400000,7.064607713000044,51.561812252000038,0,05200207702340181034
05,5,66,028,2020,02,21,7,3,3,2,2,1,1,0,0,0,0,412037.286999999550000,5792378.343000000300000,7.710754433000034,52.274733023000067,1,05200208709700148420
05,5,66,076,2020,02,07,5,3,2,6,1,0,1,0,0,0,0,392448.403099999760000,5794378.849300000800000,7.423114395000027,52.289228934000050,0,05200206709500461948
05,5,54,056,2020,02,19,5,3,5,3,2,0,1,0,0,0,0,356835.853699999860000,5762415.156300000800000,6.914767164000068,51.993920413000069,1,05200213705000503115
05,5,70,052,2020,02,07,5,3,9,1,1,0,1,0,0,0,0,424607.724899999800000,5759392.392400000200000,7.902267272000074,51.980086655000036,2,05200213711111866356
05,5,62,012,2020,02,15,5,3,3,6,0,0,1,0,0,0,0,366455.190000000410000,5734212.051000000900000,7.065692277000039,51.742883700000050,1,05200213701610861203
05,5,54,016,2020,02,14,5,3,3,6,0,0,1,0,0,0,0,363801.877799999900000,5750811.541799999800000,7.020758317000059,51.891406278000034,1,05200213071400754202
05,5,54,016,2020,02,00,5,1,7,1,2,0,1,0,0,1,1,366127.327399999830000,5762571.441800000100000,7.049951819000057,51.997642253000038,1,05200213071400663202
05,5,66,016,2020,02,17,4,3,2,6,1,0,1,0,0,0,0,403765.609100000000000,5792176.410900000500000,7.589614433000065,52.271532464000074,0,05200212709500779202
05,5,66,084,2020,02,07,4,2,4,2,1,0,1,0,0,0,0,388095.180399999950000,5779247.921700000800000,7.364321389000054,52.152378903000056,0,05200212709300350032
05,5,66,012,2020,02,22,4,3,5,3,2,0,1,0,1,0,0,405391.050400000070000,5773118.160399999500000,7.618747735000056,52.100518079000040,1,05200212709100803203
05,5,66,012,2020,02,18,4,2,6,4,2,0,1,1,0,0,0,403652.575400000440000,5772306.964400000900000,7.593604260000063,52.092926935000037,0,05200212709100781201
05,5,66,012,2020,02,16,4,3,5,3,0,0,1,0,0,0,0,403558.772900000210000,5772332.013900000600000,7.592228372000022,52.093135743000062,0,05200212709100574663
05,5,70,020,2020,02,16,5,3,8,6,0,0,1,0,0,0,0,428227.888100000100000,5745553.487999999900000,7.957852846000037,51.856160018000026,1,05200213711421081044
05,5,58,036,2020,02,15,4,3,5,3,0,0,1,0,0,0,0,391924.992499999700000,5727649.677400000400000,7.436475433000055,51.689392502000032,0,05200212706300374760
05,5,54,008,2020,02,14,4,3,2,2,0,0,1,0,0,0,0,334039.254399999980000,5748364.668400000800000,6.589798192000046,51.861360282000078,0,05200212705000576754
05,5,54,004,2020,02,16,4,3,5,3,0,0,1,0,0,0,0,365464.642599999900000,5772267.761700000600000,7.036489556000049,52.084609560000047,0,05200212705000576687
05,5,15,000,2020,02,16,4,3,5,2,0,1,1,0,0,0,0,406573.971599999820000,5759149.772800000400000,7.639829077000059,51.975166252000065,1,05200212702100760767
05,5,15,000,2020,02,15,4,3,5,2,0,1,1,0,0,0,0,408118.856200000270000,5760401.401300000000000,7.661978853000051,51.986674140000048,0,05200212702100042458
05,5,62,024,2020,02,08,4,3,2,6,0,0,1,0,0,0,0,364726.161899999720000,5724368.532400000800000,7.044481972000028,51.654013449000047,1,05200212701500814202
05,5,62,024,2020,02,13,4,3,6,4,0,0,1,1,0,0,0,367453.100499999710000,5724207.029999999300000,7.083939811000050,51.653211704000057,0,05200212701500067201
05,5,12,000,2020,02,21,4,2,5,3,2,0,1,0,0,0,0,360245.622000000440000,5711383.900800000900000,6.984925773000043,51.536237525000047,0,05200212701400061084
05,5,54,020,2020,02,13,5,3,4,6,0,1,0,0,0,0,0,365251.969999999740000,5785996.909000000000000,7.027943529000027,52.207919972000070,1,05200213705000987381
05,5,62,032,2020,02,11,4,3,5,2,0,1,1,0,0,0,0,375662.807000000030000,5720971.811100000500000,7.203701519000049,51.626012316000072,0,05200212701110994202
05,5,70,032,2020,02,14,5,3,5,2,0,1,0,0,0,1,0,421192.388000000270000,5766625.051999999200000,7.850885096000070,52.044628049000039,1,05200213711151548067
05,5,54,020,2020,02,15,5,2,5,3,0,1,1,0,0,0,0,365258.066399999890000,5786083.534900000300000,7.027998220000029,52.208699823000075,1,05200213705000520955
05,5,62,028,2020,02,23,5,2,6,6,2,0,0,1,0,1,0,378118.314699999990000,5721399.424300000100000,7.239009162000059,51.630392622000045,1,05200213701920635202
05,5,70,044,2020,02,11,3,3,0,1,0,0,1,0,0,0,0,416512.526999999770000,5760710.767000000900000,7.784105297000053,51.990780030000053,0,05200211711142568129
05,5,12,000,2020,02,05,5,2,3,6,2,0,1,0,0,1,0,354347.469899999910000,5712291.687300000300000,6.899566788000072,51.542903636000062,0,05200213702340505131
05,5,70,052,2020,02,12,3,3,2,2,0,0,1,0,0,0,0,430858.247000000440000,5758133.722200000700000,7.993514347000030,51.969584733000033,1,05200211711111280988
05,5,66,028,2020,02,12,3,3,5,3,0,0,1,0,0,0,1,413739.309999999590000,5792330.736999999700000,7.735706047000065,52.274574810000047,0,05200211709700011895
05,5,66,060,2020,02,13,3,2,5,3,0,0,1,0,0,0,0,390930.893799999730000,5789559.274700000900000,7.402432497000063,52.245616083000073,0,05200211709500542537
05,5,66,084,2020,02,18,3,3,5,3,2,1,1,0,0,0,0,389929.186999999920000,5775774.453999999900000,7.392241530000035,52.121530760000041,0,05200211709300781036
05,5,66,012,2020,02,06,5,3,2,6,2,0,1,0,0,0,0,405849.967699999920000,5773801.772099999700000,7.625256701000069,52.106740816000070,1,05200213709000670516
05,5,58,008,2020,02,15,3,3,0,7,0,1,0,0,0,0,0,382559.567999999970000,5759017.318600000800000,7.290404518000059,51.969420134000075,1,05200211706100203156
05,5,15,000,2020,02,14,3,3,8,1,0,0,1,0,0,0,0,408341.005900000220000,5760946.379499999800000,7.665067292000060,51.991609396000058,1,05200211702100579223
05,5,62,028,2020,02,19,3,2,5,2,2,0,1,0,0,0,0,381148.918700000270000,5722001.222899999500000,7.282570661000023,51.636449656000082,1,05200211701920673205
05,5,62,032,2020,02,14,3,3,2,2,0,0,1,0,0,0,0,376704.475300000050000,5718274.067600000600000,7.219691697000030,51.601996350000036,1,05200211701910620203
05,5,62,004,2020,02,11,3,2,2,6,0,0,1,0,0,0,1,383195.176199999640000,5714149.222600000000000,7.314740745000051,51.566307099000028,1,05200211701800487208
05,5,12,000,2020,02,18,3,3,2,6,2,0,1,0,0,0,0,360582.217699999920000,5709821.502699999100000,6.990394292000076,51.522280816000034,1,05200211701400657383
05,5,62,024,2020,02,07,5,3,4,2,1,0,1,0,0,0,0,363696.773000000040000,5725095.852000000000000,7.029327013000057,51.660300614000050,0,05200213701500592258
05,5,62,032,2020,02,11,3,3,5,3,0,1,1,0,0,0,0,375812.190000000410000,5720948.531999999700000,7.205866768000021,51.625836092000043,1,05200211701110467206
05,5,13,000,2020,02,13,3,3,5,3,0,0,1,0,0,0,0,367432.623999999840000,5708578.490000000200000,7.089544873000023,51.512759728000049,1,05200211700100354202
05,5,70,040,2020,02,17,5,3,0,1,1,0,0,0,1,0,0,412862.346099999730000,5746982.735700000100000,7.734434800000031,51.866819890000045,1,05200213711232879615
05,5,54,040,2020,02,07,5,2,5,3,0,0,1,0,0,0,0,351810.517900000330000,5744262.454500000900000,6.849435027000027,51.829505133000055,0,05200213705000916030
05,5,15,000,2020,02,06,5,3,5,3,2,1,1,0,0,0,0,403066.516200000420000,5760217.133800000000000,7.588479628000073,51.984159231000035,1,05200213702100579199
05,5,70,008,2020,02,17,1,2,7,7,1,0,1,0,0,0,0,432584.650000000370000,5737337.231000000600000,8.022703240000055,51.782839817000081,0,05200216711313835328
05,5,15,000,2020,02,22,2,3,0,1,2,1,0,0,0,0,0,412240.615899999630000,5753559.579299999400000,7.723733231000040,51.925840940000057,1,05200217702100188934
05,5,62,004,2020,02,14,7,3,5,2,0,1,1,0,0,0,0,384146.499900000170000,5716496.236099999400000,7.327685928000051,51.587597789000029,0,05200215701800153209
05,5,62,032,2020,02,17,1,3,0,7,1,1,0,0,0,0,0,376016.576799999920000,5716816.729399999600000,7.210279083000046,51.588747958000056,0,05200216701110320203
05,5,66,076,2020,02,15,7,3,5,3,0,0,1,0,0,0,1,400624.146800000220000,5794441.162799999100000,7.542922276000070,52.291328403000080,0,05200215709500976209
05,5,54,064,2020,02,07,2,3,5,3,2,1,0,0,0,0,1,356516.759800000120000,5749617.453099999600000,6.915460752000058,51.878849611000078,0,05200217705000521190
05,5,70,004,2020,02,17,6,2,8,7,1,0,1,0,0,0,0,422568.810600000430000,5735834.382400000500000,7.877870392000034,51.768033439000078,0,05200214711211876665
05,5,66,084,2020,02,16,1,3,8,1,0,0,1,0,0,0,0,389873.227699999700000,5778899.139599999400000,7.390412438000055,52.149601796000070,0,05200216709300040735
05,5,62,032,2020,02,22,2,2,5,3,2,0,1,0,0,0,0,374253.990199999880000,5715082.862299999200000,7.185470400000042,51.572774942000081,1,05200217701120807204
05,5,54,020,2020,02,14,7,3,4,3,0,1,1,0,0,0,0,361599.202399999830000,5784217.638000000300000,6.975247375000038,52.191028014000040,0,05200215705000353131
05,5,62,012,2020,02,22,7,2,5,3,2,1,1,0,0,0,0,359819.013799999840000,5726263.722799999600000,6.972831136000025,51.669841130000066,0,05200215701610226205
05,5,54,064,2020,02,00,3,3,9,1,2,0,1,0,0,0,0,363314.841699999760000,5749670.172800000800000,7.014137454000036,51.881031034000046,1,05200218071400004206
05,5,70,052,2020,02,04,6,3,8,1,2,0,1,0,0,0,0,432780.218299999830000,5755750.707499999600000,8.021954042000061,51.948397896000074,1,05200214711115681132
05,5,66,040,2020,02,15,6,3,5,3,0,0,1,0,0,0,0,415600.343200000000000,5782333.882899999600000,7.765470934000064,52.185006810000061,0,05200214709800379113
05,5,66,076,2020,02,09,2,3,4,2,0,1,1,0,0,0,0,392664.127299999820000,5793214.067600000600000,7.426646886000071,52.278803070000038,0,05200217709500043204
05,5,66,048,2020,02,14,6,2,3,2,0,0,1,0,1,0,0,428697.115000000220000,5795967.671000000100000,7.954124081000032,52.309410771000046,0,05200214709700769049
05,5,62,004,2020,02,11,1,3,2,6,0,0,1,0,0,0,0,383411.558000000190000,5718562.243000000700000,7.316395546000024,51.606014839000068,0,05200216701800277209
05,5,15,000,2020,02,19,2,3,1,7,2,0,1,0,0,1,0,400344.184500000440000,5755533.704900000200000,7.550210261000075,51.941582273000051,1,05200217702330550945
05,5,15,000,2020,02,21,7,3,0,1,2,1,0,0,0,0,0,408208.478000000120000,5754194.665999999300000,7.664942093000036,51.930899247000070,0,05200215702100150183
05,5,66,072,2020,02,18,7,3,5,3,2,0,1,0,1,0,0,413016.368300000210000,5802920.236600000400000,7.722374079000076,52.369641788000081,0,05200215709700069191
05,5,13,000,2020,02,20,7,3,1,6,2,0,1,0,0,0,0,363095.587799999860000,5711811.323300000300000,7.025825779000058,51.540776840000035,0,05200215700200872206
05,5,62,014,2020,02,21,6,3,3,6,2,0,1,0,0,0,0,359369.369599999860000,5713331.294399999100000,6.971521586000051,51.553519239000082,0,05200214702340072347
05,5,58,004,2020,02,16,6,2,0,7,0,0,1,0,0,0,0,406092.626099999990000,5737986.744699999700000,7.638582326000062,51.784859302000029,0,05200214702330181369
05,5,66,004,2020,02,07,2,3,1,6,0,0,1,0,0,0,0,396909.242800000120000,5764044.481000000600000,7.497699925000063,52.017450452000048,0,05200217709300079098
05,5,15,000,2020,02,15,6,2,3,6,0,0,1,0,0,1,0,401372.384999999780000,5751392.073999999100000,7.566350028000045,51.904539447000047,0,05200214702330092275
05,5,66,076,2020,02,15,1,3,0,1,0,1,0,0,0,0,0,393641.531200000080000,5794093.004200000300000,7.440690792000055,52.286892221000073,0,05200216709500876769
05,5,62,008,2020,02,17,2,3,0,2,2,0,1,0,0,0,1,383709.682599999940000,5720145.876100000000000,7.320173194000063,51.620309684000063,1,05200217701910048505
05,5,58,032,2020,02,11,7,2,4,6,0,0,1,0,1,0,0,389694.648799999620000,5755712.798000000400000,7.395286187000068,51.941182552000043,0,05200215706100932209
05,5,62,016,2020,02,12,7,3,0,7,0,0,0,0,0,0,1,378702.737800000240000,5732234.892999999200000,7.243684544000075,51.727899803000071,0,05200215701700126203
05,5,15,000,2020,02,14,6,3,2,6,0,0,1,0,0,1,0,408359.355299999940000,5756523.167700000100000,7.666515331000028,51.951854108000077,0,05200214702100149932
05,5,54,016,2020,02,17,2,3,2,6,0,0,1,0,0,0,0,366123.765499999750000,5762535.444499999300000,7.049914027000057,51.997317932000044,1,05200217702340305236
05,5,62,008,2020,02,13,6,3,5,2,0,1,1,0,0,0,0,384079.176900000310000,5721131.108899999400000,7.325182042000051,51.629240878000076,0,05200214701910385679
05,5,70,008,2020,02,16,2,3,7,7,0,1,0,0,0,0,0,433668.316300000060000,5736033.172900000600000,8.038659539000037,51.771245811000028,1,05200217711311402622
05,5,13,000,2020,02,08,6,3,4,7,0,0,1,0,0,0,0,367923.771800000220000,5717311.900200000000000,7.093339280000066,51.591359057000034,1,05200214700200738204
05,5,13,000,2020,02,08,1,2,9,7,0,0,1,0,0,1,0,363426.556800000370000,5713619.078199999400000,7.029893550000054,51.557102110000073,1,05200216702340054150
05,5,13,000,2020,02,14,2,3,2,2,0,0,1,0,0,0,0,367631.326000000350000,5709118.825999999400000,7.092203785000038,51.517662162000079,1,05200217700100172205
05,5,70,032,2020,02,07,7,2,6,4,1,0,1,1,0,0,0,420762.385300000200000,5766077.573400000100000,7.844743387000051,52.039645428000028,1,05200215711161081020
05,5,15,000,2020,02,22,7,3,2,6,2,0,1,0,0,0,0,407187.030899999660000,5755358.638499999400000,7.649776061000068,51.941192289000071,0,05200215702100885206
05,5,62,032,2020,02,13,7,3,0,6,0,0,1,0,0,0,1,376081.741200000050000,5714732.438300000500000,7.211954730000059,51.570030308000071,0,05200215701120148203
05,5,54,016,2020,02,15,2,3,9,1,0,0,1,0,0,0,0,365808.738599999810000,5758697.355399999800000,7.046829161000062,51.962753760000055,1,05200217071400001209
05,5,66,036,2020,02,17,2,2,5,3,0,0,1,0,0,0,0,388508.935300000010000,5767252.216000000000000,7.374291448000065,52.044655075000037,0,05200217709300872352
05,5,58,016,2020,02,13,5,3,0,2,0,1,1,0,0,0,0,382178.796900000420000,5744816.911000000300000,7.289719522000041,51.841719311000077,0,05200220706000227034
05,5,13,000,2020,02,06,4,3,6,4,2,0,0,1,0,0,1,368460.448699999600000,5707840.691600000500000,7.104623551000032,51.506369523000046,1,05200219700100328208
05,5,62,016,2020,02,06,4,3,4,2,2,0,1,0,0,0,0,374228.856800000180000,5738432.907800000200000,7.176697527000044,51.782614285000079,1,05200219701700166200
05,5,54,044,2020,02,16,6,2,5,3,0,0,1,0,0,0,1,364376.391999999990000,5744326.508999999600000,7.031647696000050,51.833272810000039,0,05200221705000076760
05,5,62,020,2020,02,07,4,3,5,3,0,1,1,0,0,0,0,370524.919400000010000,5719166.385299999300000,7.130183328000044,51.608628685000042,1,05200219701200191208
05,5,62,028,2020,02,15,6,3,8,1,0,0,1,0,0,0,0,378573.977900000290000,5723460.694700000800000,7.244874195000023,51.649016389000053,0,05200221701920233205
05,5,15,000,2020,02,07,5,3,4,7,1,0,1,0,0,0,0,403746.800400000070000,5754122.968900000700000,7.600089911000055,51.929501119000065,1,05200220702100370512