ULAND,UREGBEZ,UKREIS,UGEMEINDE,UJAHR,UMONAT,USTUNDE,UWOCHENTAG,UKATEGORIE,UART,UTYP1,ULICHTVERH,IstRad,IstPKW,IstFuss,IstKrad,IstGkfz,IstSonstige,LINREFX,LINREFY,XGCSWGS84,YGCSWGS84,STRZUSTAND,UIDENTSTLAE
05,5,54,004,2020,02,17,7,3,8,1,0,0,1,0,0,0,0,357263.713399999770000,5774721.086400000400000,6.915854837000040,52.104598636000048,0,05200229705000849719
05,5,15,000,2020,02,10,5,3,3,1,0,1,0,0,0,0,0,405458.485200000000000,5756271.278999999200000,7.624386321000031,51.949104480000074,0,05200227702100561966
05,5,54,004,2020,03,19,2,3,1,6,2,0,1,0,0,0,0,362751.670199999590000,5771136.439899999600000,6.997375456000043,52.073778281000045,1,05200302705000076626
05,5,13,000,2020,03,18,3,3,1,6,1,0,1,0,0,0,0,368590.793999999760000,5707594.393999999400000,7.106592385000056,51.504186419000064,0,05200303700100823206
05,5,66,028,2020,03,06,7,3,9,1,2,0,1,0,0,0,0,410242.440100000240000,5788429.864399999400000,7.685505074000048,52.238953230000050,1,05200307709700876667
05,5,62,024,2020,03,16,7,2,3,2,0,0,1,0,1,0,0,372381.454800000410000,5725514.287100000300000,7.154664856000068,51.666100205000077,0,05200307701500358200
05,5,66,040,2020,03,17,7,2,8,1,0,0,0,0,1,0,0,417792.621899999680000,5783290.861899999900000,7.797297919000073,52.193939911000029,1,05200307702350687689
05,5,66,076,2020,03,16,6,3,2,1,0,0,1,0,0,1,0,393181.276300000030000,5793310.821699999300000,7.434193641000036,52.279773350000028,1,05200306709500584200
05,5,62,032,2020,03,07,5,3,6,2,0,0,1,1,0,0,0,374122.410000000150000,5717778.837999999500000,7.182606039000063,51.596974506000038,1,05200305701110627207
05,5,62,032,2020,03,16,4,3,0,1,0,0,0,0,1,0,0,375826.022099999710000,5717411.649499999400000,7.207319335000022,51.594052651000027,1,05200304701110537206
05,5,15,000,2020,03,08,6,3,3,6,0,1,1,0,0,0,0,408998.377799999900000,5757565.667799999900000,7.675535069000034,51.961329673000080,1,05200306702100742458
05,5,54,004,2020,03,07,5,3,8,1,1,0,0,0,0,1,0,364603.738599999810000,5770741.073000000800000,7.024538799000027,52.070681622000052,0,05200305705000087229
05,5,54,004,2020,03,15,4,2,4,3,0,0,1,0,0,0,0,364785.898000000040000,5771100.082000000400000,7.027052602000026,52.073952003000045,0,05200304705000272466
05,5,58,024,2020,03,07,6,3,0,3,0,0,1,0,1,0,0,393210.239699999800000,5736363.524599999200000,7.452388908000046,51.767959361000067,1,05200306706300041209
05,5,66,012,2020,03,09,7,3,2,6,0,0,1,0,0,0,0,405455.342500000260000,5776132.879100000500000,7.618848819000050,52.127625876000081,1,05200307709100595200
05,5,70,048,2020,03,14,6,3,8,1,0,0,1,0,0,0,0,451625.843299999830000,5729304.350600000500000,8.299827602000050,51.712589160000050,1,05200306711322102622
05,5,13,000,2020,03,15,5,3,2,6,0,0,1,0,0,0,0,365845.307400000280000,5714353.013599999200000,7.064482953000038,51.564278041000080,1,05200305071400103203
05,5,15,000,2020,03,15,7,3,5,3,0,0,1,0,0,0,0,403808.814500000330000,5760941.198100000600000,7.599082190000047,51.990796356000033,0,05200307702100092506
05,5,58,012,2020,03,09,5,3,2,1,0,0,1,0,0,0,0,370706.087000000290000,5755481.790200000600000,7.119277887000067,51.935018551000041,0,05200305706000868276
05,5,70,052,2020,03,13,4,3,5,2,0,0,1,0,0,0,0,425570.691999999810000,5763081.497999999700000,7.915484516000049,52.013379162000035,0,05200304711111572261
05,5,66,024,2020,03,16,6,3,8,1,0,0,1,0,0,0,0,381949.828999999910000,5769141.367799999200000,7.278042435000032,52.060274587000038,1,05200306709300342386
05,5,62,020,2020,03,13,7,3,5,2,0,1,1,0,0,0,0,371171.907399999910000,5717571.393699999900000,7.140107368000031,51.594443174000048,0,05200307701200343204
05,5,15,000,2020,03,09,5,3,0,7,0,1,0,0,0,0,0,405515.153699999680000,5754636.263199999900000,7.625659877000032,51.934417838000059,0,05200305702100339623
05,5,15,000,2020,03,07,4,3,5,3,1,1,1,0,0,0,0,405788.246000000280000,5760322.271999999900000,7.628071417000058,51.985572503000071,1,05200304702100070617
05,5,54,008,2020,03,07,6,3,1,6,0,0,1,0,1,0,0,336435.363800000400000,5743245.072899999100000,6.626984120000032,51.816075949000037,1,05200306705000979006
05,5,15,000,2020,03,05,6,3,5,2,2,0,1,0,0,0,0,409479.199099999850000,5752251.020099999400000,7.683929823000028,51.913636509000071,1,05200306702100454202
05,5,54,008,2020,03,16,7,3,8,1,0,0,1,0,0,0,0,337708.597500000150000,5751137.649700000900000,6.641734310000061,51.887350644000037,0,05200307705000582335
05,5,70,052,2020,03,16,3,3,2,6,0,0,1,0,0,0,0,432557.198499999940000,5757456.697599999600000,8.018374729000072,51.963707248000048,0,05200303711113051183
05,5,70,036,2020,03,10,7,3,0,7,0,0,0,0,1,0,0,433505.160000000150000,5760741.978499999300000,8.031533414000023,51.993355157000053,1,05200307711121476726
05,5,66,012,2020,03,09,3,2,0,3,0,0,1,1,0,0,0,401038.362399999980000,5775799.968399999700000,7.554442154000071,52.123860483000044,0,05200303709100976750
05,5,62,012,2020,03,12,7,3,5,3,0,0,1,0,1,0,0,361802.288700000380000,5736287.361099999400000,6.997516875000031,51.760403983000060,0,05200307701610307206
05,5,66,012,2020,03,13,3,3,1,5,0,0,1,0,0,0,1,405147.260800000280000,5775159.420800000400000,7.614621023000041,52.118823510000027,0,05200303709100313200
05,5,54,004,2020,03,12,5,3,5,3,0,1,1,0,0,0,0,364063.655399999580000,5772169.326500000400000,7.016094923000026,52.083382826000047,0,05200305705000481092
05,5,66,040,2020,03,19,6,3,9,1,2,0,1,0,0,0,0,420900.644999999550000,5781442.465700000500000,7.843189658000028,52.177779622000060,1,05200306709800481017
05,5,13,000,2020,03,23,7,3,1,6,2,0,1,0,0,0,0,364273.647400000130000,5712743.041099999100000,7.042443410000033,51.549434150000081,0,05200307700200292205
05,5,58,044,2020,03,16,3,3,2,1,0,0,1,0,0,0,0,396088.001099999990000,5745680.112800000200000,7.491284075000067,51.852239659000077,0,05200303706000103112
05,5,62,004,2020,03,20,5,2,8,1,2,0,1,0,0,0,0,383149.403300000350000,5715214.936899999200000,7.313726197000051,51.575875958000040,1,05200305701800907201
05,5,12,000,2020,03,09,4,3,5,2,0,1,1,0,0,0,0,355572.786999999550000,5718643.644899999700000,6.914613181000050,51.600295076000066,1,05200304701400586110
05,5,58,012,2020,03,17,4,2,9,1,0,0,1,0,0,0,0,376908.105800000020000,5750611.176300000400000,7.211184967000065,51.892654131000029,0,05200304706200694200
05,5,58,024,2020,03,12,6,3,3,2,0,1,1,0,0,0,0,393148.548899999820000,5736752.635099999600000,7.451375520000056,51.771444925000026,1,05200306706300779094
05,5,62,032,2020,03,20,3,2,8,1,2,0,0,0,0,0,1,373312.535500000230000,5722217.481599999600000,7.169314926000027,51.636682846000042,1,05200303702340072347
05,5,66,076,2020,03,18,7,1,4,6,2,0,1,0,0,0,0,397863.976900000130000,5786567.774100000000000,7.504848411000069,52.220060201000081,0,05200307709500074722
05,5,70,028,2020,03,15,7,3,8,1,0,0,1,0,0,0,0,438818.428600000220000,5739526.167199999100000,8.112673728000061,51.803235170000050,0,05200307031100374202
05,5,62,014,2020,03,13,7,3,5,3,0,1,1,0,0,0,0,361387.218899999750000,5713956.995200000700000,7.000361510000062,51.559641265000039,0,05200307701300321204
05,5,15,000,2020,03,17,3,3,3,6,1,1,0,0,0,0,0,410491.412999999710000,5760624.801000000900000,7.696461159000023,51.989069582000070,0,05200303702100842370
05,5,15,000,2020,03,11,7,3,0,3,0,0,1,0,0,0,0,403502.562699999660000,5753996.809299999800000,7.596574237000027,51.928324861000078,0,05200307702330205260
05,5,70,020,2020,03,12,5,3,0,7,0,0,1,0,0,1,1,426312.138799999840000,5744639.948799999400000,7.930235658000072,51.847697977000053,0,05200305711421153467
05,5,70,036,2020,03,07,4,2,3,2,0,0,1,0,0,0,1,433894.720300000160000,5764592.533900000200000,8.036463059000027,52.028016891000050,0,05200304711121476757
05,5,66,016,2020,03,19,6,3,5,3,2,0,1,0,0,0,0,406242.669900000100000,5790920.067800000300000,7.626255208000032,52.260668461000080,1,05200306709500061951
05,5,15,000,2020,03,16,5,2,0,5,0,1,1,0,0,0,0,401181.352500000040000,5761882.617200000200000,7.560557625000058,51.998796682000034,1,05200305702100887529
05,5,15,000,2020,03,15,4,2,6,7,0,0,1,1,0,0,0,410925.524000000210000,5759758.042899999800000,7.703006583000047,51.981348364000041,0,05200304702100260729
05,5,58,016,2020,03,12,6,3,5,3,0,0,1,0,0,0,0,377708.773599999960000,5748121.068099999800000,7.223696948000054,51.870452240000077,1,05200306706100777207
05,5,15,000,2020,03,10,3,3,4,2,0,1,1,0,0,0,0,407061.798799999990000,5757348.482300000300000,7.647416681000038,51.959057152000071,0,05200303702100061966
05,5,70,028,2020,03,15,7,3,0,6,0,0,1,0,0,0,1,438421.490000000220000,5739380.766000000800000,8.106943445000070,51.801884412000049,0,05200307301911573344
05,5,70,032,2020,03,15,7,3,0,1,0,0,0,0,0,0,1,422920.800999999980000,5766423.506999999300000,7.876127694000047,52.043059365000033,0,05200307711151676143
05,5,62,032,2020,03,06,5,3,5,3,2,1,1,0,0,0,0,375185.720999999900000,5719347.964999999900000,7.197391187000051,51.611313045000031,0,05200305701110448524
05,5,15,000,2020,03,07,6,3,5,3,0,0,1,0,0,0,0,409548.995199999770000,5760812.326999999600000,7.682690898000033,51.990602505000027,1,05200306702100565857
05,5,54,060,2020,03,04,7,2,7,6,2,0,1,1,0,0,0,353422.372200000100000,5757586.673200000100000,6.867147143000068,51.949647264000077,1,05200307705000887346
05,5,62,012,2020,03,14,7,3,5,3,0,0,1,0,1,0,0,359717.230499999600000,5730854.618699999500000,6.969514570000058,51.711068545000046,0,05200307701610332204
05,5,54,004,2020,03,13,5,3,0,7,0,1,0,0,0,0,0,361715.453999999910000,5773035.382999999400000,6.981496008000022,52.090582985000026,0,05200305705000881101
05,5,66,040,2020,03,13,4,2,8,1,0,0,1,0,0,0,0,423973.281899999830000,5782693.612700000400000,7.887836370000059,52.189458157000047,1,05200304709800000966
05,5,66,012,2020,03,06,6,1,4,6,1,0,1,0,0,1,0,409866.722199999730000,5766404.146099999500000,7.685844814000063,52.040916615000071,1,05200306709100076750
05,5,70,052,2020,03,06,6,3,0,1,2,0,1,0,0,0,0,425569.711099999960000,5751753.981000000600000,7.917925154000045,51.911551363000058,1,05200306711114479213
05,5,13,000,2020,03,12,7,3,5,3,0,0,1,0,0,0,0,366628.957100000230000,5712704.519099999200000,7.076407436000068,51.549649608000038,0,05200307700200881309
05,5,70,032,2020,03,15,2,3,2,2,0,0,1,0,0,0,0,419891.156200000080000,5765193.252000000300000,7.832251163000024,52.031571031000055,0,05200302711151081020
05,5,62,036,2020,03,21,5,3,8,7,2,0,1,0,0,0,0,386496.192999999970000,5720035.041999999400000,7.360442594000062,51.619882394000058,1,05200305701930486669
05,5,66,044,2020,03,06,2,3,5,3,1,0,1,0,0,0,0,425535.943699999710000,5775498.802400000400000,7.912269182000046,52.124996564000071,1,05200302709800574652
05,5,15,000,2020,03,16,4,3,2,6,0,0,1,0,0,0,0,404092.840200000440000,5759197.022399999200000,7.603705020000064,51.975168281000037,0,05200304702100046979
05,5,54,020,2020,03,15,6,3,2,6,0,0,1,0,0,0,0,365227.122299999930000,5784633.723400000500000,7.028122519000021,52.195665240000039,1,05200306705000020717
05,5,66,028,2020,03,16,2,3,5,3,0,1,1,0,0,0,0,411986.468200000000000,5793002.594399999800000,7.709846857000059,52.280335819000072,1,05200302709700542445
05,5,12,000,2020,03,23,6,3,1,5,2,1,1,0,0,0,0,355796.546400000340000,5709855.919299999300000,6.921446267000022,51.521388528000045,0,05200306701400221202
05,5,12,000,2020,03,08,3,3,2,2,0,0,1,0,0,0,0,355747.571999999690000,5709746.142999999200000,6.920785787000057,51.520389597000076,0,05200303701400976206
05,5,62,032,2020,03,08,3,2,3,7,0,0,1,0,0,0,0,379412.795800000430000,5719639.384600000500000,7.258308820000025,51.614853421000078,1,05200303701110785387
05,5,66,072,2020,03,07,2,3,5,3,0,1,1,0,0,0,0,412774.393600000070000,5802135.651799999200000,7.719024905000026,52.362551356000040,1,05200302709700416209
05,5,70,052,2020,03,09,3,3,5,3,0,1,1,0,0,0,0,430846.533999999990000,5757494.164999999100000,7.993472683000050,51.963833899000065,1,05200310711111176726
05,5,66,060,2020,03,08,3,3,8,1,0,0,1,0,0,0,0,390435.066399999890000,5791444.740499999400000,7.394561253000063,52.262462352000057,1,05200310709500733200
05,5,66,084,2020,03,12,3,3,5,2,0,1,1,0,0,0,0,385811.650999999610000,5778232.076999999600000,7.331300312000053,52.142782122000028,0,05200310709300342520
05,5,66,012,2020,03,07,3,3,0,6,0,0,1,0,0,1,0,404736.808000000190000,5774483.695000000300000,7.608817142000021,52.112679428000035,1,05200310709100726206
05,5,15,000,2020,03,18,3,3,1,6,1,0,1,0,0,0,0,407979.641999999990000,5754446.789100000600000,7.661547345000031,51.933127696000042,1,05200310702100768200
05,5,66,076,2020,03,13,4,3,5,3,0,0,1,0,0,0,0,391440.350899999960000,5789479.270700000200000,7.409917252000071,52.244997804000036,0,05200311709500676633
05,5,15,000,2020,03,15,3,3,5,3,0,1,1,0,0,0,0,404686.041899999600000,5759319.766300000300000,7.612304499000061,51.976373608000074,1,05200310702100760729
05,5,58,044,2020,03,05,5,2,2,6,1,0,1,0,0,0,0,399412.467899999580000,5738328.385999999900000,7.541670732000057,51.786769035000077,1,05200312706300987291
05,5,62,012,2020,03,17,3,3,1,6,0,0,1,0,0,0,1,359454.989299999550000,5724991.291600000100000,6.968082237000033,51.658316357000047,1,05200310701610275206
05,5,12,000,2020,03,17,3,3,1,2,0,0,1,0,0,0,0,355262.933799999770000,5715032.981000000600000,6.911630879000029,51.567771499000060,1,05200310701400368204
05,5,12,000,2020,03,17,3,2,5,3,0,0,1,0,0,0,0,356418.882899999620000,5710083.662399999800000,6.930317532000061,51.523593529000038,1,05200310701400271200
05,5,62,014,2020,03,20,3,3,5,3,2,1,1,0,0,0,0,361007.223399999550000,5715013.608400000300000,6.994465449000074,51.569042605000050,1,05200310701300294209
05,5,62,020,2020,03,16,3,3,2,6,1,0,1,0,0,0,0,371318.802500000220000,5717701.598799999800000,7.142179139000064,51.595646881000050,1,05200310701200265205
05,5,62,032,2020,03,14,3,3,2,2,1,0,1,0,0,1,0,376013.590499999930000,5716829.712899999700000,7.210231411000052,51.588863986000035,1,05200310701110259200
05,5,54,064,2020,03,06,4,3,3,6,0,0,1,0,0,1,0,363094.135999999940000,5749100.601700000500000,7.011158884000054,51.875858883000035,0,05200311702340366481
05,5,13,000,2020,03,06,3,2,5,2,2,1,1,0,0,0,0,366837.021900000050000,5709341.838500000500000,7.080678303000070,51.519479612000055,1,05200310700100482208
05,5,54,012,2020,03,09,5,3,8,1,0,0,1,0,0,0,0,353779.900299999860000,5742115.688799999700000,6.878900298000076,51.810735229000045,0,05200312705000615757
05,5,13,000,2020,03,10,3,3,5,3,1,0,1,0,0,0,0,370474.481999999840000,5709739.937999999200000,7.132929499000056,51.523903126000050,1,05200310700100381235
05,5,62,032,2020,03,17,4,3,6,4,0,0,1,1,0,0,0,380426.162899999880000,5718159.658900000200000,7.273442805000059,51.601770594000072,1,05200311701110598201
05,5,58,020,2020,03,13,4,2,5,3,0,1,1,0,0,0,0,390466.459999999960000,5759648.545399999200000,7.405254802000059,51.976707710000028,0,05200311706000503200
05,5,70,004,2020,03,19,4,2,7,1,2,1,0,0,0,0,0,426026.713999999690000,5741160.826799999900000,7.926836502000072,51.816384184000071,0,05200311711212876765
05,5,15,000,2020,03,18,4,3,5,3,2,0,1,0,0,0,0,408786.747700000180000,5751455.756500000100000,7.674075830000049,51.906375155000035,0,05200311702100768281
05,5,62,036,2020,03,14,5,3,5,2,0,1,1,0,0,0,0,388484.161500000390000,5720523.756400000300000,7.388990796000030,51.624672360000034,0,05200312701930881203
05,5,58,024,2020,03,16,5,3,2,2,0,0,1,0,0,0,0,389737.245099999940000,5736030.558100000000000,7.402184281000075,51.764293486000042,0,05200312706000809883
05,5,13,000,2020,03,07,4,3,5,3,0,0,1,0,0,0,0,364558.247000000440000,5715517.811000000700000,7.045476488000077,51.574437724000063,1,05200311700200639200
05,5,66,028,2020,03,07,4,3,9,1,1,1,0,0,0,0,0,412572.174899999980000,5793173.003599999500000,7.718385953000052,52.281960977000040,1,05200311709700270493
05,5,70,052,2020,03,14,5,2,4,6,0,0,1,0,0,0,0,426220.062500000000000,5749066.293400000800000,7.927953514000024,51.887476829000036,0,05200312711114802616
05,5,66,032,2020,03,05,4,3,7,7,2,0,1,0,0,1,1,414323.519700000060000,5779699.530500000300000,7.747464698000044,52.161130961000026,0,05200311702350564223
05,5,54,036,2020,03,15,5,3,4,6,0,1,1,0,0,0,0,370011.926400000230000,5766014.286100000100000,7.105195802000026,52.029502655000044,0,05200312705000620894
05,5,15,000,2020,03,13,4,3,3,6,0,1,0,0,0,0,0,406939.529000000100000,5756954.990000000200000,7.645744344000036,51.955499792000069,1,05200311702100072436
05,5,62,032,2020,03,14,5,3,1,2,0,0,1,0,0,0,0,375222.084999999960000,5719094.451199999100000,7.198006326000041,51.609042750000071,0,05200312701110947205
05,5,58,020,2020,03,09,4,3,8,1,0,0,1,0,0,0,0,395183.772499999960000,5756096.056299999400000,7.474993339000037,51.945688388000065,1,05200311706100745931
05,5,70,020,2020,03,17,2,2,4,6,0,0,1,0,0,0,0,435355.608099999840000,5747312.402400000000000,8.061003906000053,51.872843783000064,0,05200309711422380981
05,5,70,004,2020,03,09,2,3,0,6,0,1,0,1,0,0,0,422760.437099999750000,5735236.551799999500000,7.880779786000062,51.762685652000073,1,05200309711215970571
05,5,66,048,2020,03,14,2,2,5,3,0,0,1,0,0,0,0,428466.358400000260000,5796043.278699999700000,7.950723870000047,52.310060393000072,0,05200309709700511895
05,5,66,028,2020,03,10,2,3,0,1,0,0,0,0,1,0,0,416225.985999999570000,5790826.505000000800000,7.772516736000057,52.261438591000058,1,05200309709700076667
05,5,15,000,2020,03,09,4,3,2,7,0,0,1,0,0,0,1,403732.675800000320000,5758067.950200000800000,7.598779760000070,51.964957551000055,1,05200311702100855576
05,5,66,076,2020,03,12,2,2,5,3,0,0,1,0,0,0,0,392692.648699999790000,5793215.085999999200000,7.427064464000068,52.278817791000051,0,05200309709500576732
05,5,13,000,2020,03,17,5,3,2,6,1,0,0,0,0,1,0,363938.668700000270000,5708872.094000000500000,7.039110770000036,51.514567580000062,1,05200312702340530260
05,5,54,032,2020,03,09,2,2,5,3,0,1,1,0,0,0,0,325406.032499999740000,5747652.438500000200000,6.464909327000044,51.852328700000044,0,05200309705000880892
05,5,54,056,2020,03,08,2,3,0,7,0,0,1,0,1,0,0,365096.819000000130000,5763707.882999999400000,7.034503096000037,52.007604537000077,1,05200309705000787229
05,5,58,044,2020,03,07,5,3,2,2,0,0,1,0,0,0,0,395989.947599999610000,5752344.560799999200000,7.487852100000055,51.912121518000049,1,05200312706300048202
05,5,54,008,2020,03,07,2,3,5,3,0,0,1,0,0,0,0,335749.975999999790000,5746157.450400000400000,6.615667833000032,51.842038118000062,0,05200309705000687403
05,5,54,024,2020,03,04,2,2,9,1,2,0,1,0,0,0,0,374714.750099999830000,5776765.342399999500000,7.169761007000034,52.127196619000074,1,05200309705000647427
05,5,15,000,2020,03,02,2,3,9,1,2,0,1,0,0,0,0,400112.097400000320000,5761048.605299999900000,7.545230735000075,51.991109200000039,0,05200309702100942534
05,5,15,000,2020,03,16,2,2,2,6,0,0,1,0,0,0,0,399144.456600000150000,5760139.752699999100000,7.531410247000054,51.982765540000059,1,05200309702100542458
05,5,13,000,2020,03,07,4,3,2,6,1,0,1,0,0,1,0,365596.238499999980000,5714373.633999999600000,7.060883840000031,51.564404042000035,1,05200311700200644206
05,5,62,012,2020,03,16,2,3,6,2,0,0,1,1,0,0,0,358520.659500000070000,5727920.644300000700000,6.953397083000027,51.684404317000030,1,05200309701610879201
05,5,12,000,2020,03,12,2,3,5,2,0,0,1,0,1,0,0,357279.983199999670000,5713252.193299999500000,6.941436825000039,51.552283773000056,1,05200309701400114019
05,5,62,032,2020,03,17,2,3,2,2,0,0,1,0,0,0,0,376826.622999999670000,5720139.432000000000000,7.220799069000066,51.618787518000033,0,05200309701110892200
05,5,13,000,2020,03,19,2,3,1,5,2,0,1,0,1,0,0,367842.192499999890000,5713599.743000000700000,7.093558897000037,51.557980154000063,1,05200309700200469209
05,5,13,000,2020,03,13,2,3,1,6,0,0,1,0,0,0,0,368895.186999999920000,5711477.489000000100000,7.109530810000024,51.539153709000061,1,05200309700100443203
05,5,70,044,2020,03,21,1,3,8,1,2,0,1,0,0,0,0,421892.060100000350000,5761160.794399999100000,7.862331926000024,51.995608041000082,1,05200308711142072431
05,5,58,012,2020,03,12,1,2,8,1,0,0,1,0,0,0,0,371732.846599999820000,5748421.102600000800000,7.136832430000027,51.871806386000060,0,05200308706000487400
05,5,15,000,2020,03,10,1,3,5,1,0,1,1,0,0,0,0,397708.105999999680000,5754561.883999999600000,7.512163480000027,51.932369125000037,0,05200308702100547546
05,5,62,012,2020,03,19,1,3,6,2,2,0,1,1,0,0,0,359392.866999999620000,5725451.065500000500000,6.966999771000076,51.662432264000074,1,05200308701610526203
05,5,13,000,2020,03,20,1,2,5,3,2,0,1,0,0,0,0,368074.298000000420000,5710329.077099999400000,7.098131263000028,51.528641994000054,1,05200308700100320202
05,5,66,040,2020,03,09,4,3,5,3,0,0,1,0,0,0,0,420283.440000000410000,5782614.607999999100000,7.833889602000056,52.188226952000036,1,05200311709800772435
05,5,70,024,2020,03,21,5,3,8,7,2,0,1,0,0,0,0,417717.129999999890000,5754110.889000000400000,7.803225834000045,51.931633156000032,0,05200312711161064112
05,5,15,000,2020,03,05,4,2,0,1,2,1,0,0,0,0,0,406290.763500000350000,5758766.258600000300000,7.635811876000048,51.971671369000035,1,05200311702100264414
05,5,54,060,2020,03,20,4,3,1,3,2,0,1,0,0,0,0,353237.537899999880000,5757231.586300000500000,6.864611228000058,51.946408149000035,0,05200311705000179154
05,5,54,052,2020,03,16,5,3,5,3,0,0,1,0,0,0,0,377870.772599999790000,5771537.400100000200000,7.217715881000061,52.080922402000056,0,05200312705000887380
05,5,70,028,2020,03,07,6,2,9,1,0,0,0,0,0,0,1,441720.093899999750000,5740763.329199999600000,8.154543903000047,51.814667588000077,1,05200313400410850649
05,5,62,016,2020,03,07,5,3,5,3,0,1,1,0,0,0,0,374554.328999999910000,5734316.145400000700000,7.182899708000036,51.745690860000082,1,05200312701700650207
05,5,62,032,2020,03,14,5,3,2,6,0,0,1,0,0,0,0,373592.814000000250000,5714769.122500000500000,7.176047619000030,51.569807486000059,0,05200319701120717204
05,5,13,000,2020,03,15,3,2,5,3,0,1,1,0,0,0,0,365328.844499999660000,5716838.973700000000000,7.056083194000053,51.586494865000077,0,05200317700200472335
05,5,66,020,2020,03,18,6,2,8,1,1,0,1,0,0,0,0,406674.649699999950000,5812463.276100000400000,7.626592040000048,52.454368758000044,1,05200320709700324203
05,5,58,032,2020,03,19,2,3,2,6,2,0,1,0,0,0,0,391332.581699999980000,5751730.798499999600000,7.420361880000030,51.905716034000079,0,05200316702330481369
05,5,66,012,2020,03,10,1,3,0,1,0,0,0,0,1,0,0,403420.535299999640000,5772959.550899999200000,7.590033307000056,52.098751990000039,0,05200315709110357478
05,5,62,032,2020,03,16,2,2,5,3,0,0,1,0,0,0,0,377729.618700000460000,5716404.883600000300000,7.235137862000045,51.585420908000060,0,05200316701120853201
05,5,54,004,2020,03,13,4,3,5,3,0,0,1,0,1,0,0,357083.681099999700000,5778147.522800000400000,6.911789176000070,52.135338007000030,0,05200318705000064267
05,5,54,044,2020,03,13,5,3,0,7,0,0,1,1,0,0,0,364655.484899999570000,5741089.435499999700000,7.036960658000055,51.804252319000057,0,05200319705000520733
05,5,62,016,2020,03,18,1,2,8,7,1,0,0,0,1,0,0,374257.514999999660000,5736019.778999999200000,7.177986477000047,51.760934524000049,0,05200315701700510204
05,5,54,032,2020,03,16,7,3,5,4,0,0,1,1,0,0,0,324495.869699999690000,5746410.809100000200000,6.452338019000024,51.840890620000039,0,05200314705000879006
05,5,15,000,2020,03,11,3,3,3,1,0,0,0,0,0,1,1,405230.093799999920000,5754801.598600000100000,7.621469251000065,51.935855478000065,0,05200317702100074733
05,5,15,000,2020,03,11,2,2,9,1,0,0,1,0,0,0,0,409347.899699999950000,5751511.669099999600000,7.682215984000038,51.906969337000078,0,05200316702100568314
05,5,13,000,2020,03,16,3,3,3,2,0,1,1,0,0,0,0,368993.104600000200000,5708120.715199999500000,7.112190161000058,51.509009781000032,0,05200317700100568361
05,5,62,032,2020,03,06,6,2,1,1,2,0,1,0,0,0,0,375144.939899999650000,5720434.011600000800000,7.196415576000049,51.621064402000059,0,05200320701110843203
05,5,58,012,2020,03,14,2,3,1,6,0,0,1,0,0,0,0,375128.114299999550000,5755748.036699999100000,7.183468935000064,51.938420953000048,0,05200316706200303156
05,5,62,012,2020,03,17,4,3,1,5,0,0,1,0,0,0,1,359311.191100000400000,5725517.024599999200000,6.965793092000070,51.663004519000026,0,05200318701610441207
05,5,70,044,2020,03,14,7,2,2,6,0,0,1,0,1,0,0,417104.212799999860000,5760607.193199999600000,7.792745454000055,51.989937636000036,0,05200314711142279213
05,5,15,000,2020,03,08,5,3,7,7,0,0,0,0,0,1,1,408542.935300000010000,5753678.913200000300000,7.669942246000062,51.926318387000038,0,05200319702100172414
05,5,58,008,2020,03,16,1,3,5,2,0,0,1,0,1,0,0,382919.215599999760000,5760091.216000000000000,7.295271117000027,51.979147138000030,0,05200315706000420577
05,5,54,068,2020,03,14,7,2,0,7,0,0,0,0,1,0,0,352478.050599999730000,5766963.877800000800000,6.849382463000040,52.033648483000036,0,05200314705000187229
05,5,54,044,2020,03,11,3,3,2,1,0,0,0,0,1,0,0,365096.964800000190000,5741567.943800000500000,7.043173610000054,51.808658886000046,0,05200317705000179154
05,5,54,028,2020,03,11,7,2,8,3,0,0,0,0,1,0,0,358480.853000000120000,5742898.448999999100000,6.946725522000065,51.818978530000038,0,05200314705000015757
05,5,13,000,2020,03,14,1,3,3,2,0,0,1,0,0,0,0,368394.059299999850000,5707131.947100000500000,7.103931937000027,51.499984724000058,0,05200315700100665472
05,5,62,014,2020,03,12,7,3,5,2,0,0,1,0,0,0,0,360307.414699999620000,5715391.553200000900000,6.984224319000020,51.572265899000058,0,05200314701300342201
05,5,62,032,2020,03,09,3,2,5,3,0,1,1,0,0,0,0,380442.867999999780000,5718150.912000000500000,7.273686878000035,51.601695528000050,0,05200317701110996204
05,5,70,004,2020,03,13,6,3,2,6,0,0,1,0,1,0,0,428468.652599999680000,5735519.957200000100000,7.963419694000038,51.765991766000070,0,05200320711213081366
05,5,13,000,2020,03,16,3,3,3,5,0,1,1,0,0,0,0,368818.039300000300000,5716147.398700000700000,7.106676535000077,51.581102983000051,0,05200317700000420256
05,5,54,016,2020,03,16,2,3,5,3,0,1,1,0,0,0,0,362178.466799999590000,5757705.131999999300000,6.994422654000061,51.952950113000043,0,05200316705000020819