ULAND,UREGBEZ,UKREIS,UGEMEINDE,UJAHR,UMONAT,USTUNDE,UWOCHENTAG,UKATEGORIE,UART,UTYP1,ULICHTVERH,IstRad,IstPKW,IstFuss,IstKrad,IstGkfz,IstSonstige,LINREFX,LINREFY,XGCSWGS84,YGCSWGS84,STRZUSTAND,UIDENTSTLAE
05,5,70,020,2020,03,16,6,2,9,1,0,0,1,0,0,0,0,435318.749800000340000,5742825.122899999800000,8.061308346000033,51.832498975000078,1,05200313711422468129
05,5,66,048,2020,03,20,1,3,9,6,2,0,1,0,0,0,0,431080.057500000110000,5795700.370600000000000,7.989125987000023,52.307312262000039,0,05200315709700076657
05,5,70,028,2020,03,15,6,3,2,6,0,0,1,0,0,0,0,441047.503999999720000,5741481.186000000700000,8.144665734000057,51.821050747000072,0,05200313711411202949
05,5,12,000,2020,03,15,2,3,1,2,0,0,1,0,0,0,0,356769.618400000040000,5712209.575799999800000,6.934505016000060,51.542785684000080,0,05200316701400812208
05,5,54,060,2020,03,16,4,3,2,6,0,0,1,0,0,0,0,350413.312500000000000,5755918.617900000900000,6.824121621000074,51.933859512000026,0,05200318705000579991
05,5,58,016,2020,03,07,5,3,1,6,0,0,1,0,0,0,1,379855.137199999760000,5745251.753499999600000,7.255855160000067,51.845132123000042,0,05200319706000525215
05,5,70,016,2020,03,06,6,3,5,3,0,1,1,0,0,0,0,410192.726999999960000,5744748.583000000600000,7.696253235000029,51.846314049000057,1,05200313711222076638
05,5,54,036,2020,03,12,1,3,5,3,0,0,1,0,0,0,0,370823.762000000100000,5766214.554999999700000,7.116947178000032,52.031491946000074,0,05200315705000647427
05,5,66,076,2020,03,15,7,3,5,2,0,1,1,0,0,0,0,394505.147900000210000,5792905.016200000400000,7.453718916000071,52.276381941000068,0,05200314709500802746
05,5,13,000,2020,03,13,5,3,5,3,0,1,1,0,0,0,0,366460.616000000390000,5715284.414999999100000,7.073000952000029,51.572794146000035,0,05200319700200581309
05,5,66,040,2020,03,16,6,3,2,6,0,0,1,0,0,0,0,421729.410600000060000,5782685.996200000900000,7.855020457000023,52.189075774000059,0,05200313709800980991
05,5,66,088,2020,03,07,6,3,8,7,0,0,0,0,1,0,0,420290.344499999660000,5787722.505500000000000,7.832787758000052,52.234141662000070,1,05200313709800165391
05,5,66,008,2020,03,13,6,3,2,6,0,0,1,0,0,0,0,401610.610799999910000,5778257.303999999500000,7.562087199000075,52.146048970000038,1,05200313709110042437
05,5,66,016,2020,03,13,6,3,1,2,0,0,1,0,0,0,0,402913.878399999810000,5793347.607799999400000,7.576798651000047,52.281909170000063,1,05200313709000935185
05,5,13,000,2020,03,15,3,3,0,7,0,0,1,0,1,0,0,368292.513500000350000,5713082.933199999900000,7.100244709000037,51.553441069000030,0,05200317700200385206
05,5,66,056,2020,03,23,6,3,9,1,2,0,1,0,0,0,0,417207.519500000400000,5800152.206800000700000,7.784601641000052,52.345411023000054,0,05200320709700070493
05,5,58,020,2020,03,14,6,3,7,3,0,0,1,1,0,0,0,391640.279199999760000,5758349.960200000600000,7.422747801000071,51.965266691000068,1,05200313706200951444
05,5,15,000,2020,03,18,3,3,0,7,1,1,1,0,0,0,0,407809.274000000210000,5761457.188999999300000,7.657188010000027,51.996112795000045,0,05200317702100970298
05,5,54,068,2020,03,10,6,3,5,3,0,0,1,0,0,0,0,348173.769700000060000,5771394.225999999800000,6.784714769000061,52.072289842000032,1,05200313705000928616
05,5,62,014,2020,03,22,6,2,4,1,2,0,1,0,0,0,0,359927.515999999830000,5713604.617399999900000,6.979458118000025,51.556114184000080,0,05200313702340881317
05,5,15,000,2020,03,06,2,3,4,2,1,0,1,0,0,0,0,399880.581000000240000,5761026.885999999900000,7.541866447000075,51.990872299000046,0,05200316702110770511
05,5,12,000,2020,03,16,6,3,4,2,0,1,1,0,0,0,0,389584.639299999920000,5719104.686699999500000,7.405329340000037,51.612134689000072,1,05200313701930985643
05,5,66,084,2020,03,15,2,3,5,3,0,1,1,0,0,0,0,391564.859799999740000,5782909.896800000200000,7.413845091000042,52.185982234000051,0,05200316709300712229
05,5,62,004,2020,03,08,6,3,0,6,0,0,0,0,1,0,0,383304.152599999680000,5711451.664599999800000,7.317207441000051,51.542084656000043,0,05200313701800035201
05,5,62,012,2020,03,11,6,2,5,3,0,1,1,0,0,0,0,359286.206899999640000,5726302.318399999300000,6.965115852000054,51.670054754000034,0,05200313701610134204
05,5,13,000,2020,03,11,2,3,2,6,0,0,1,0,0,0,1,365031.877100000160000,5716346.251199999800000,7.051988688000051,51.581996016000062,0,05200316700200194204
05,5,15,000,2020,03,16,4,3,5,3,0,1,1,0,0,0,0,412162.022400000130000,5759473.362400000900000,7.721078959000067,51.978986312000075,0,05200318702100278035
05,5,70,004,2020,03,08,7,3,0,7,0,1,0,0,0,0,0,422603.686499999840000,5735543.188300000500000,7.878440589000036,51.765420546000030,0,05200314711215779152
05,5,62,024,2020,03,09,5,2,2,6,0,0,1,0,0,1,0,372169.346499999990000,5730381.732799999400000,7.149816602000044,51.709794512000030,0,05200319702340381317
05,5,62,024,2020,03,00,6,3,5,3,2,0,1,0,0,0,0,370912.178999999540000,5725512.178999999500000,7.133432319000065,51.665745643000037,0,05200313701500181147
05,5,13,000,2020,03,16,1,3,0,1,0,0,0,0,1,0,0,365042.304800000040000,5717612.628599999500000,7.051652201000024,51.593378675000054,0,05200315700200824635
05,5,58,040,2020,03,15,1,2,9,1,0,0,1,0,0,0,0,373845.221499999990000,5765971.473999999500000,7.161056990000077,52.030003055000066,0,05200315706200065772
05,5,54,020,2020,03,15,7,3,0,1,0,0,0,0,1,0,0,367033.707399999720000,5786744.970899999100000,7.053709269000024,52.215074381000079,0,05200314705000470634
05,5,13,000,2020,03,10,6,3,3,2,0,0,1,0,0,0,1,363013.708800000140000,5711330.888100000100000,7.024832794000076,51.536439630000075,1,05200313700200959208
05,5,13,000,2020,03,14,6,3,2,6,0,0,1,0,1,0,0,366467.259700000290000,5709553.564999999500000,7.075271796000038,51.521295026000075,1,05200313700100364202
05,5,13,000,2020,03,19,6,3,6,2,2,0,1,1,0,0,0,365045.471499999990000,5717840.830499999200000,7.051610119000031,51.595430142000055,1,05200313700000568362
05,5,12,000,2020,03,21,3,3,5,3,2,0,1,0,0,0,0,356713.838200000110000,5708286.362500000700000,6.935296867000034,51.507518155000071,0,05200317701400144208
05,5,13,000,2020,03,19,3,2,4,1,2,0,1,0,0,0,0,368927.327899999920000,5711245.571200000100000,7.110080349000043,51.537076980000052,0,05200317700100400205
05,5,13,000,2020,03,10,6,3,8,7,0,0,1,0,0,0,0,368067.410699999890000,5717393.314300000700000,7.095381018000069,51.592124348000027,0,05200320700200675201
05,5,54,064,2020,03,21,2,2,8,1,2,0,1,0,0,0,0,355780.542799999940000,5750251.009600000500000,6.904507850000073,51.884352289000049,0,05200316705000087346
05,5,66,044,2020,03,12,1,2,2,6,0,1,0,0,0,0,0,422679.924999999810000,5774773.148800000500000,7.870723503000022,52.118081501000063,0,05200315709800081941
05,5,62,012,2020,03,05,4,2,5,2,2,1,1,0,0,0,0,359668.621799999850000,5725189.195900000600000,6.971089276000043,51.660148071000037,0,05200318701610174201
05,5,66,072,2020,03,13,7,2,1,6,0,0,1,0,1,0,0,411127.239000000060000,5803063.005000000800000,7.694596223000076,52.370621833000030,0,05200314709700976376
05,5,62,016,2020,03,13,2,3,5,2,0,0,1,0,1,0,0,374750.149000000210000,5732289.406999999700000,7.186464115000035,51.727520666000032,0,05200316701700789206
05,5,66,056,2020,03,15,4,2,0,1,0,1,0,0,0,0,0,416648.211799999700000,5797235.883999999600000,7.777116219000050,52.319113225000081,0,05200318709700468339
05,5,54,008,2020,03,21,1,3,5,7,2,0,1,0,0,0,1,334175.582399999720000,5746006.660299999600000,6.592907130000071,51.840218249000031,0,05200315705000662116
05,5,66,028,2020,03,15,7,3,3,2,0,0,1,0,1,0,0,417393.399000000210000,5790878.233999999200000,7.789605210000048,52.262080126000058,0,05200328709700076667
05,5,66,008,2020,03,07,5,3,5,3,0,1,1,0,0,0,0,399088.162800000050000,5781297.875399999300000,7.524332234000042,52.172921713000051,0,05200326709000076750
05,5,66,088,2020,03,11,6,3,2,6,0,0,1,0,1,0,0,424482.911199999970000,5785819.897099999700000,7.894592864000060,52.217630268000050,0,05200327709800581048
05,5,62,032,2020,04,16,4,3,9,1,0,0,0,0,1,0,0,373208.146099999550000,5720489.850800000100000,7.168432835000033,51.621133230000055,0,05200401702340505235
05,5,66,068,2020,03,21,2,2,0,1,2,0,1,0,0,0,0,371378.581600000150000,5785582.904500000200000,7.117710938000073,52.205663707000042,0,05200330709300678200
05,5,58,020,2020,03,14,6,3,8,1,0,0,0,0,1,0,0,393260.044599999670000,5760486.327700000300000,7.445650747000059,51.984781062000081,0,05200327706200823201
05,5,66,036,2020,04,16,4,2,0,1,0,1,0,0,0,0,0,388304.146200000310000,5768891.963500000500000,7.370770566000033,52.059350656000049,0,05200401709300776711
05,5,58,016,2020,03,06,5,3,5,3,0,0,1,0,0,0,0,375926.006799999620000,5743220.804500000600000,7.199574116000065,51.826021138000044,0,05200326706100759206
05,5,70,008,2020,03,16,3,3,2,6,0,0,1,0,0,0,0,429169.471499999990000,5735725.764599999400000,7.973531718000061,51.767931052000051,0,05200331711313081979
05,5,54,052,2020,03,07,5,3,5,3,0,0,1,0,1,0,0,378849.164900000210000,5772548.163000000600000,7.231627495000055,52.090220630000033,0,05200326705000502898
05,5,15,000,2020,03,16,3,2,6,4,0,0,1,1,0,0,0,405841.708399999890000,5753312.383500000500000,7.630770583000071,51.922573495000051,0,05200331702100927209
05,5,70,020,2020,03,18,6,2,5,3,1,0,1,0,1,0,0,433623.144000000320000,5741342.159000000000000,8.036988791000056,51.818968260000076,0,05200327711421078050
05,5,66,060,2020,03,08,4,2,5,3,0,0,1,0,0,0,0,388221.482200000440000,5792114.962099999200000,7.361918149000076,52.268040163000080,0,05200325709500579091
05,5,66,008,2020,03,16,4,2,2,6,0,0,1,0,0,0,0,401897.698699999600000,5785770.864099999900000,7.564107887000034,52.213630871000078,0,05200325709100503206
05,5,66,012,2020,03,06,4,3,2,6,1,0,1,0,0,0,0,410268.428199999970000,5772820.888699999100000,7.690013070000020,52.098658684000043,0,05200325709000076669
05,5,58,024,2020,03,11,7,3,6,6,0,1,0,1,0,0,0,389455.530600000170000,5735239.616200000000000,7.398355287000072,51.757129103000068,0,05200328706300881209
05,5,54,008,2020,03,19,4,3,5,3,2,0,1,0,0,0,1,331376.168999999760000,5748603.978499999300000,6.551043987000071,51.862711675000071,0,05200325705000276771
05,5,13,000,2020,03,07,5,3,2,6,0,0,1,0,0,0,0,367569.775700000110000,5708642.302899999500000,7.091496241000073,51.513365360000080,0,05200326700100154207
05,5,54,012,2020,03,12,4,3,5,3,0,1,1,0,0,0,0,350095.147800000380000,5751728.595300000200000,6.821320821000029,51.896128328000032,0,05200325705000052632
05,5,54,060,2020,03,12,4,3,2,6,0,0,1,0,0,1,0,350436.008600000290000,5758247.980900000800000,6.823438288000034,51.954793899000038,0,05200325705000020713
05,5,66,064,2020,03,19,6,3,8,7,2,0,1,0,0,0,0,393072.442900000140000,5770312.644799999900000,7.439848885000060,52.073059839000052,0,05200327709100776669
05,5,54,032,2020,04,04,5,3,2,6,2,0,0,0,0,1,1,322257.381599999960000,5744344.167799999900000,6.420940107000035,51.821619915000042,0,05200402052300162207
05,5,58,032,2020,03,17,4,2,2,1,0,0,1,0,1,1,0,392595.803100000140000,5751479.251900000500000,7.438795623000033,51.903700164000043,0,05200325702330479352
05,5,62,032,2020,03,08,4,3,6,4,0,0,1,1,0,0,0,375469.525299999860000,5719946.944900000500000,7.201274973000068,51.616758994000065,0,05200325701110896208
05,5,62,028,2020,03,17,7,3,0,1,0,0,0,0,1,0,0,379621.882000000220000,5722577.953999999900000,7.260317088000022,51.641308224000056,0,05200328701920549495
05,5,12,000,2020,03,09,2,2,0,7,0,0,1,0,1,0,0,356648.208599999550000,5711774.317700000500000,6.932932689000040,51.538843715000041,0,05200330701400000205
05,5,62,014,2020,03,12,6,3,2,2,0,0,1,0,0,0,0,361538.329400000160000,5713221.061100000500000,7.002829787000053,51.553065148000030,0,05200327701300727201
05,5,54,020,2020,04,16,4,1,0,6,0,0,1,0,0,0,1,361741.080699999820000,5785702.464700000400000,6.976715659000035,52.204404839000063,0,05200401705000770634
05,5,62,032,2020,04,20,4,3,5,2,1,1,1,0,0,0,0,373662.913200000300000,5719942.119000000900000,7.175196059000029,51.616313044000037,0,05200401701110826207
05,5,70,028,2020,03,17,6,2,9,1,0,0,0,0,0,0,1,443462.158499999900000,5741495.361800000100000,8.179693376000046,51.821427741000036,0,05200327400410070299
05,5,70,008,2020,03,18,7,2,0,6,0,1,1,0,0,0,0,433782.384499999690000,5735890.987900000100000,8.040339582000058,51.769981067000060,0,05200328711313702968
05,5,66,076,2020,03,15,3,1,5,3,0,0,1,0,1,0,0,400084.723000000230000,5794366.231499999800000,7.535038104000023,52.290557127000056,0,05200331709500739207
05,5,58,016,2020,03,10,7,3,6,4,0,0,1,1,0,0,0,387708.254200000320000,5747505.694299999600000,7.369075016000068,51.867024239000045,0,05200328706100880200
05,5,66,076,2020,03,18,2,3,5,3,0,1,1,0,0,0,0,392599.126699999910000,5794239.477399999300000,7.425367768000058,52.288005862000034,0,05200330709500202281
05,5,70,016,2020,03,10,6,3,8,1,0,0,1,0,0,0,0,413216.357300000270000,5741443.033900000200000,7.740965075000077,51.817078550000076,0,05200327711221073422
05,5,62,012,2020,04,10,4,3,9,7,0,0,0,0,0,1,0,356934.450299999680000,5723871.636199999600000,6.932125165000059,51.647619654000039,0,05200401702340839209
05,5,58,008,2020,03,21,1,3,9,1,2,0,1,0,0,0,0,382461.997499999590000,5761719.488299999400000,7.288059098000076,51.993683834000080,0,05200322706000572373
05,5,62,004,2020,03,15,1,3,5,3,0,0,1,0,0,0,0,383129.820199999960000,5709598.569800000600000,7.315309773000024,51.525393368000039,1,05200329701800904206
05,5,58,008,2020,03,17,6,2,8,1,0,0,0,0,1,0,0,385103.859400000420000,5765591.089900000000000,7.325220997000031,52.029031155000041,0,05200327706200829205
05,5,66,088,2020,04,10,4,2,4,6,0,0,0,0,1,1,1,412689.779600000010000,5786868.101299999300000,7.721739757000023,52.225309146000029,0,05200401709800074652
05,5,15,000,2020,03,00,1,2,1,7,2,0,1,0,0,1,0,401137.845099999570000,5760857.238800000400000,7.560219792000055,51.989572707000036,0,05200322702330874733
05,5,15,000,2020,03,08,1,3,5,3,0,1,0,0,0,0,1,406462.691999999810000,5759014.996999999500000,7.638246205000030,51.973936106000053,0,05200322702100666481
05,5,62,024,2020,03,14,1,2,2,2,0,0,1,0,0,0,0,366657.017599999900000,5722995.345300000200000,7.072900751000020,51.642134748000046,0,05200322701500373567
05,5,66,068,2020,03,17,3,3,2,6,0,0,1,0,0,0,0,371109.466699999760000,5784084.562400000200000,7.114345004000029,52.192137070000058,0,05200324709300774736
05,5,58,024,2020,03,17,3,3,5,3,0,1,0,0,1,0,0,393598.943300000390000,5736240.906400000700000,7.458057406000023,51.766931271000033,0,05200324706000023116
05,5,54,028,2020,03,17,3,2,2,1,0,0,1,0,1,0,0,358736.805200000290000,5742745.465500000900000,6.950498911000068,51.817668655000034,0,05200324705000652632
05,5,54,032,2020,03,11,3,3,9,6,0,0,1,0,0,1,0,323805.719499999660000,5744263.207699999200000,6.443423562000021,51.821383005000030,0,05200331705000681625
05,5,54,044,2020,03,16,3,3,2,1,0,0,1,0,0,0,0,366102.795699999670000,5746426.203199999400000,7.055875054000069,51.852557219000062,0,05200324705000620853
05,5,66,068,2020,03,14,3,3,9,1,0,0,0,0,0,1,0,371346.348500000310000,5784367.832900000700000,7.117700988000024,52.194737800000041,0,05200324702340505204
05,5,15,000,2020,03,16,3,3,2,6,0,0,1,0,0,0,0,404756.093899999750000,5756028.356399999900000,7.614236799000025,51.946801165000068,0,05200324702100587866
05,5,62,004,2020,03,15,3,2,0,7,0,0,1,0,0,0,0,384363.132699999960000,5716574.453099999600000,7.330785765000030,51.588345285000059,0,05200324701800950851
05,5,62,004,2020,03,18,3,3,2,6,1,0,1,0,0,0,0,382887.248300000090000,5716639.279999999300000,7.309469714000045,51.588623102000042,0,05200324701800775205
05,5,58,024,2020,03,16,7,2,5,2,0,0,1,0,0,0,0,387906.550999999980000,5737412.708000000600000,7.375221045000046,51.776352327000041,0,05200328706300895206
05,5,62,016,2020,03,16,3,3,8,1,0,0,0,0,1,0,0,375162.724799999970000,5742263.456000000200000,7.188849286000050,51.817247673000054,0,05200324701700076773
05,5,66,076,2020,03,07,6,3,5,3,0,1,1,0,0,0,0,396942.665099999870000,5787670.860799999900000,7.491030431000070,52.229802596000070,0,05200327709500576769
05,5,13,000,2020,03,19,7,3,8,7,1,0,1,0,0,0,0,366402.474399999720000,5714254.716700000700000,7.072553937000066,51.563526957000079,0,05200328702340572346
05,5,54,024,2020,03,16,2,3,4,3,0,1,1,0,0,0,0,370031.570600000210000,5777913.552899999500000,7.100947584000039,52.136432882000065,0,05200330705000076685
05,5,54,012,2020,03,15,6,2,5,2,0,0,1,0,1,0,0,351679.931400000120000,5742267.372899999800000,6.848395792000076,51.811544896000044,0,05200327705000061422
05,5,54,060,2020,04,15,4,3,2,6,0,0,1,0,0,0,0,351983.287200000140000,5758401.321699999300000,6.845872048000047,51.956585556000050,0,05200401705000921047
05,5,12,000,2020,04,13,4,3,5,3,0,1,0,0,0,1,0,353707.314299999740000,5717909.661100000100000,6.888003226000024,51.593218462000038,0,05200401701400739203
05,5,70,028,2020,03,06,7,2,1,5,0,1,1,0,0,0,0,441399.643799999730000,5735614.642500000100000,8.150765596000042,51.768345896000028,0,05200321711411580981
05,5,66,008,2020,03,07,7,3,5,3,0,1,1,0,0,0,0,400278.740000000220000,5781238.339999999900000,7.541753800000038,52.172603070000036,0,05200321709110079238
05,5,70,024,2020,03,07,3,3,2,6,1,0,1,0,0,0,0,417343.741799999960000,5753682.880300000300000,7.797899142000063,51.927730421000035,1,05200331711161981616
05,5,58,008,2020,03,16,7,2,1,5,0,0,1,0,0,0,0,383741.267799999560000,5759390.837400000500000,7.307472022000070,51.973025395000036,0,05200321706200051223
05,5,58,012,2020,03,16,7,3,5,3,0,0,1,0,0,1,0,373211.867999999780000,5754867.240000000200000,7.155933089000030,51.930072460000076,0,05200328706200303109
05,5,58,004,2020,03,11,6,2,4,6,0,0,1,0,1,0,0,405014.275200000030000,5739239.113399999200000,7.622610911000038,51.795934412000065,0,05200327706300427144
05,5,70,044,2020,04,14,4,3,0,1,0,1,0,0,0,0,0,417080.298600000330000,5760138.453299999200000,7.792510601000060,51.985720574000027,0,05200401711142272431
05,5,54,008,2020,03,03,7,3,8,1,2,0,1,0,0,0,0,330245.988499999980000,5742653.241699999200000,6.537565703000041,51.808914202000039,1,05200321705000681237
05,5,58,032,2020,03,08,7,2,8,1,0,0,1,0,0,0,0,388258.629399999980000,5750474.736700000200000,7.376103824000040,51.893819107000070,0,05200321702330061973
05,5,70,040,2020,03,06,6,3,5,3,0,0,1,0,0,0,1,418179.211000000130000,5746216.596999999100000,7.811818566000056,51.860738069000035,0,05200327711231662090
05,5,12,000,2020,03,13,7,3,5,2,0,0,1,0,0,0,0,355017.776999999770000,5709464.928300000700000,6.910389924000072,51.517675836000080,0,05200321701400173205
05,5,62,032,2020,03,22,7,2,8,1,2,0,1,0,0,0,0,372306.842899999580000,5721229.762299999600000,7.155150591000052,51.627578948000064,0,05200321701110143202
05,5,62,004,2020,03,12,7,3,2,6,0,0,1,0,0,0,0,383220.984400000420000,5718053.389799999100000,7.313814289000050,51.601401944000031,0,05200328701800749201
05,5,70,036,2020,03,16,2,2,2,7,0,0,1,0,0,0,0,432775.559500000440000,5759357.808900000500000,8.021180117000029,51.980824095000060,0,05200323711121576740
05,5,66,088,2020,03,16,2,3,4,1,0,0,1,0,0,0,0,425229.067800000310000,5788114.500800000500000,7.905005452000069,52.238358162000054,0,05200323709800168329
05,5,13,000,2020,03,19,6,3,9,1,2,0,1,0,0,0,0,366549.518099999990000,5710972.092199999800000,7.075919300000066,51.534062221000056,0,05200327700100276209
05,5,66,028,2020,03,15,2,2,5,3,0,1,1,0,0,0,0,411963.608400000260000,5792233.550200000400000,7.709712639000031,52.273419795000052,0,05200323709700390204
05,5,66,012,2020,04,10,4,3,3,1,0,0,1,0,0,1,0,407082.630699999630000,5771257.442900000100000,7.643943793000062,52.084080101000040,0,05200401702350629631
05,5,62,032,2020,03,10,7,3,2,6,0,0,1,0,0,0,0,373510.792600000280000,5719087.878300000000000,7.173308317000021,51.608601838000027,0,05200321701110075201
05,5,66,036,2020,03,19,1,2,8,1,0,0,0,0,1,0,0,386917.263899999670000,5770689.699400000300000,7.349954575000027,52.075225807000038,0,05200329709300812086
05,5,58,012,2020,03,10,2,3,3,6,0,1,0,0,0,0,0,374085.642500000070000,5755474.205000000100000,7.168412510000053,51.935725269000045,0,05200323706000468276
05,5,13,000,2020,03,09,7,3,5,3,0,0,1,0,1,0,0,368567.620000000110000,5709956.429999999700000,7.105377951000037,51.525408144000039,0,05200321700100754202
05,5,54,012,2020,03,16,2,3,6,7,0,1,0,1,0,0,0,352983.258000000380000,5747119.955000000100000,6.865226773000074,51.855489502000069,0,05200323705000740327
05,5,54,004,2020,03,17,2,3,2,6,0,0,1,0,0,0,0,364028.765599999580000,5770300.612999999900000,7.016330692000054,52.066583029000071,0,05200323705000551911
05,5,15,000,2020,03,06,2,3,0,1,0,1,0,0,0,0,0,407458.976800000300000,5758096.393600000100000,7.652993788000060,51.965846020000072,0,05200323702100209409
05,5,62,032,2020,03,17,2,3,3,6,0,0,1,0,0,0,0,375709.410899999550000,5719539.298000000400000,7.204882635000047,51.613148437000063,0,05200323701110461202
05,5,54,028,2020,03,18,3,3,8,1,0,0,1,0,0,0,0,359069.487200000320000,5740388.318399999300000,6.956280738000032,51.796572434000041,0,05200331705000821134
05,5,70,016,2020,03,20,5,2,8,1,2,0,1,0,0,0,0,410391.894700000060000,5740172.028899999300000,7.700328409000065,51.805207826000071,0,05200326711221074779
05,5,66,064,2020,03,16,5,3,5,3,0,1,1,0,0,0,0,398336.957200000060000,5771271.284700000700000,7.516347731000053,52.082667437000055,0,05200326709000176750
05,5,54,016,2020,03,16,7,3,0,3,0,0,1,0,1,0,0,363356.186200000350000,5757701.954900000200000,7.011550875000069,51.953212152000049,0,05200328705000021131
05,5,12,000,2020,04,15,1,2,0,1,0,0,0,0,1,0,0,352439.599299999890000,5714939.111800000100000,6.870963200000062,51.566196317000049,0,05200405701400460202
05,5,58,016,2020,04,17,7,2,8,1,0,0,0,0,0,0,1,381956.049800000150000,5742783.341800000500000,7.287181371000031,51.823396187000071,0,05200404706100458204
05,5,62,020,2020,04,18,2,2,9,7,0,0,1,0,0,0,0,367636.936300000180000,5720952.053700000000000,7.087826730000074,51.624004177000074,0,05200406701200772207
05,5,13,000,2020,04,15,7,3,0,5,0,0,1,0,0,0,1,369266.817800000310000,5707529.616200000000000,7.116351198000075,51.503761053000062,0,05200404700100831202
05,5,54,024,2020,04,21,1,3,8,1,2,0,1,0,0,0,0,367916.361100000330000,5775281.367100000400000,7.071081528000036,52.112279363000027,0,05200405705000081780
05,5,62,008,2020,04,16,7,2,2,1,0,0,1,0,1,0,0,384435.310300000010000,5726693.773800000500000,7.328486540000029,51.679309507000028,0,05200404701910308065
05,5,70,008,2020,04,11,7,3,9,1,0,0,1,0,0,0,0,430489.384999999780000,5733278.458000000600000,7.993146003000049,51.746095355000080,0,05200404031100351201
05,5,15,000,2020,04,13,6,3,4,2,0,1,1,0,0,0,0,405371.123700000350000,5761224.111300000900000,7.621750228000053,51.993607670000074,0,05200403702100107204
05,5,62,008,2020,04,07,6,3,5,3,0,1,1,0,0,0,0,386207.571700000200000,5724016.664799999400000,7.354980753000064,51.655610179000064,0,05200403701910119202
05,5,70,040,2020,04,13,1,2,2,6,0,1,1,0,1,0,0,414167.135800000280000,5745942.600500000600000,7.753638797000065,51.857672357000069,0,05200405711232073422
05,5,62,032,2020,04,10,6,2,0,1,0,1,0,0,0,0,0,373265.606100000440000,5720772.710999999200000,7.169160080000040,51.623688221000066,0,05200403701110144200
05,5,62,016,2020,04,15,1,3,3,6,0,0,1,0,1,0,0,374702.188299999570000,5732273.201899999800000,7.185775882000030,51.727364317000081,0,05200405701700443207
05,5,13,000,2020,04,20,6,3,5,3,2,0,1,0,0,0,0,368567.620000000110000,5709956.429999999700000,7.105377951000037,51.525408144000039,0,05200403700100793204
05,5,58,004,2020,04,16,7,3,8,1,0,0,0,0,1,0,0,408455.239400000310000,5740246.544500000800000,7.672227626000051,51.805563883000048,0,05200404706300876748
05,5,13,000,2020,04,21,7,3,2,2,2,0,1,0,0,0,0,363995.197800000200000,5712353.018699999900000,7.038580682000031,51.545862213000078,0,05200404700200837206
05,5,58,008,2020,04,15,1,2,9,1,0,0,0,0,1,0,0,382675.348799999800000,5761676.278999999200000,7.291179851000038,51.993340627000066,0,05200405706200220577
05,5,62,020,2020,04,16,1,3,5,2,0,0,0,0,1,0,1,371443.568799999540000,5717510.930600000500000,7.144049282000026,51.593961860000036,0,05200405701200455206
05,5,54,048,2020,04,21,7,3,5,3,2,1,0,0,0,0,1,343745.320000000300000,5744551.805999999900000,6.732356506000031,51.829907261000074,0,05200404705000270558
05,5,62,020,2020,04,11,2,3,6,2,0,0,1,1,0,0,0,373561.526999999770000,5713312.079299999400000,7.176120531000038,51.556705923000038,0,05200406701200602208
05,5,70,004,2020,04,18,5,2,8,7,0,0,0,0,0,0,1,429851.763700000010000,5738591.681299999400000,7.982838496000056,51.793781204000027,0,05200402711212381052
05,5,66,068,2020,04,07,5,3,5,3,0,0,1,0,0,0,0,373878.750099999830000,5784468.563999999300000,7.154693393000059,52.196228034000058,0,05200402709300812204
05,5,62,016,2020,04,10,1,2,4,2,0,0,1,0,1,0,0,368102.454599999820000,5731496.766699999600000,7.090566220000028,51.718873293000058,0,05200405701700754265
05,5,66,068,2020,04,11,7,3,4,2,0,0,1,0,0,0,1,375615.157999999820000,5786401.948000000800000,7.179375008000022,52.213996085000076,0,05200404709300174741
05,5,12,000,2020,04,17,7,3,4,6,0,1,0,0,0,0,0,355283.764700000170000,5714378.552799999700000,6.912200674000076,51.561896381000054,0,05200404701400374207
05,5,66,052,2020,04,14,1,2,5,2,0,0,1,0,1,0,0,380730.542600000280000,5780970.643400000400000,7.256121913000072,52.166318736000051,0,05200405709300926203
05,5,58,024,2020,04,16,5,3,5,3,0,0,1,0,0,0,0,386788.193300000390000,5737977.849600000300000,7.358833435000065,51.781206496000038,0,05200409706300072207
05,5,66,008,2020,04,13,3,3,5,3,0,0,1,0,0,0,0,398552.368800000290000,5781213.263199999900000,7.516525276000039,52.172063000000037,0,05200407709100065203
05,5,62,012,2020,04,07,5,2,5,2,0,0,1,0,0,0,0,361094.381400000300000,5722826.193700000600000,6.992627655000035,51.639268384000047,0,05200409701610565202
05,5,62,014,2020,04,16,5,3,5,2,0,1,1,0,0,0,0,361426.945399999620000,5713845.425899999200000,7.000978204000035,51.558648447000053,0,05200409701300779131
05,5,58,024,2020,04,21,4,2,5,3,2,0,1,0,1,0,0,394764.748999999840000,5733596.746999999500000,7.475746032000075,51.743385520000061,0,05200408706300960203