ULAND,UREGBEZ,UKREIS,UGEMEINDE,UJAHR,UMONAT,USTUNDE,UWOCHENTAG,UKATEGORIE,UART,UTYP1,ULICHTVERH,IstRad,IstPKW,IstFuss,IstKrad,IstGkfz,IstSonstige,LINREFX,LINREFY,XGCSWGS84,YGCSWGS84,STRZUSTAND,UIDENTSTLAE
05,5,58,004,2020,04,18,4,3,2,6,0,0,1,0,0,0,0,405686.715699999590000,5739741.426599999900000,7.632222339000066,51.800563359000080,0,05200408702330942797
05,5,58,008,2020,04,12,5,3,5,3,0,0,1,0,0,0,0,382325.908499999900000,5759037.259199999300000,7.286997913000050,51.969549922000056,0,05200409706200330453
05,5,70,008,2020,04,13,5,3,9,1,0,0,1,0,0,0,0,432977.788300000130000,5736851.262099999900000,8.028495385000042,51.778518187000032,0,05200409301911479615
05,5,12,000,2020,04,15,5,3,5,2,0,1,1,0,0,0,0,356412.627899999730000,5710106.571300000000000,6.930218095000043,51.523797794000075,0,05200409701400676204
05,5,15,000,2020,04,07,5,2,3,1,0,0,1,0,0,1,0,400300.526600000450000,5755808.667199999100000,7.549495620000073,51.944045857000049,0,05200409071100360201
05,5,54,032,2020,04,08,4,3,0,7,0,1,1,0,0,0,0,322631.506199999710000,5747127.359300000600000,6.424936351000042,51.846737765000057,0,05200408705000040603
05,5,15,000,2020,04,16,3,3,1,6,0,0,1,0,0,0,0,406443.337000000290000,5750778.227199999600000,7.640204932000074,51.899896505000072,0,05200407702100068301
05,5,62,036,2020,04,16,4,3,2,2,0,0,1,0,0,0,0,388687.882299999710000,5718086.354900000600000,7.392706733000068,51.602805307000040,0,05200408701930270163
05,5,62,014,2020,04,10,3,3,5,3,0,1,1,0,0,0,0,361343.554999999700000,5716455.698000000800000,6.998745960000065,51.582084205000058,0,05200407701300976207
05,5,62,032,2020,04,11,3,2,1,6,0,0,1,0,0,0,0,373506.818300000390000,5719085.107999999100000,7.173251954000023,51.608576048000032,0,05200407701110000201
05,5,66,088,2020,04,17,5,2,5,3,0,0,1,0,1,0,0,423538.235799999910000,5784429.338999999700000,7.881081810000069,52.205000348000056,0,05200409709800381124
05,5,13,000,2020,04,11,3,3,0,1,0,0,0,0,1,0,0,365294.882000000220000,5715112.349700000100000,7.056255532000023,51.570970569000053,0,05200407700200120201
05,5,66,084,2020,04,11,3,3,5,3,0,0,1,0,0,0,0,391968.891999999990000,5778049.315999999600000,7.421299651000027,52.142378084000029,0,05200407709300076711
05,5,15,000,2020,04,17,5,2,5,3,0,1,1,0,0,0,0,409263.479799999860000,5760354.296099999900000,7.678655099000025,51.986438884000052,0,05200409702100479102
05,5,15,000,2020,04,20,3,3,0,1,1,0,1,0,0,0,0,406571.656000000420000,5761250.890000000600000,7.639223065000067,51.994051640000066,0,05200407702100976712
05,5,62,014,2020,04,13,5,3,1,6,0,0,1,0,1,0,0,361086.789300000300000,5714782.383999999600000,6.995704156000045,51.566984403000049,0,05200409701300814019
05,5,58,036,2020,04,12,4,2,4,3,0,1,1,0,0,0,0,387667.595999999900000,5729901.725999999800000,7.374184357000047,51.708797772000082,0,05200408706300968251
05,5,62,012,2020,04,20,4,3,9,7,2,0,0,0,0,1,0,356367.296699999830000,5728293.334400000100000,6.922115645000076,51.687206488000072,0,05200408702340305186
05,5,58,024,2020,04,16,5,3,3,6,0,1,0,0,0,0,0,394376.536399999630000,5734745.108999999200000,7.469776419000027,51.753634111000054,0,05200409706300071208
05,5,54,056,2020,04,17,3,2,2,6,0,0,1,0,0,0,0,356845.213899999860000,5763232.405400000500000,6.914562091000050,52.001265811000053,0,05200407705000020894
05,5,12,000,2020,04,17,5,3,4,6,0,0,0,0,1,0,1,357901.554299999960000,5720866.827500000600000,6.947313697000027,51.620864451000045,0,05200409701400717209
05,5,13,000,2020,04,13,5,3,5,2,0,1,1,0,0,0,0,367074.224299999890000,5710380.339199999300000,7.083703286000059,51.528868133000060,0,05200409700000315749
05,5,70,052,2020,04,14,2,3,5,2,0,0,1,0,0,0,0,424241.972000000070000,5757617.384600000500000,7.897334635000050,51.964080764000073,0,05200406711111579151
05,5,54,056,2020,04,06,4,3,5,2,1,1,1,0,0,0,0,356835.799399999900000,5762414.680900000000000,6.914766572000076,51.993916127000034,0,05200408705000072375
05,5,66,048,2020,04,12,2,2,5,7,0,0,1,0,0,0,0,427050.907700000330000,5795665.083399999900000,7.930047489000060,52.306474595000054,0,05200406709700972366
05,5,15,000,2020,04,19,4,3,5,3,0,1,1,0,0,0,0,399096.639999999660000,5756797.636600000800000,7.531696417000035,51.952717747000065,0,05200408702100687529
05,5,66,016,2020,04,14,2,3,4,6,0,0,1,0,1,0,0,407429.155799999830000,5791170.017899999400000,7.643565883000065,52.263115979000077,0,05200406709500676769
05,5,58,032,2020,04,12,2,2,8,1,0,0,0,0,1,0,0,388668.125699999740000,5757587.748199999300000,7.379751517000045,51.957829100000026,0,05200406706100403163
05,5,54,032,2020,04,19,2,2,8,1,0,0,0,0,1,0,0,324247.380499999970000,5746677.283700000500000,6.448599356000045,51.843206025000029,0,05200406705000480892
05,5,54,028,2020,04,19,2,1,9,7,0,0,0,0,1,0,0,362581.779199999760000,5746789.590700000500000,7.004640105000021,51.854966814000079,0,05200406702340649701
05,5,62,016,2020,04,15,2,3,0,6,0,0,1,0,0,0,0,375148.601800000300000,5740799.698499999900000,7.189171913000052,51.804090091000035,0,05200406702330005260
05,5,15,000,2020,04,12,2,3,2,6,0,0,1,0,0,0,1,407029.574500000100000,5755616.412799999100000,7.647416409000073,51.943483015000027,0,05200406702100305260
05,5,12,000,2020,04,16,5,3,5,3,0,0,1,0,1,0,0,359491.727199999620000,5719146.064700000000000,6.970958795000058,51.605801066000026,0,05200409701400314019
05,5,62,036,2020,04,11,2,3,5,3,0,0,1,0,0,0,0,388787.792999999600000,5719069.967299999700000,7.393836778000036,51.611665781000056,0,05200406701930655200
05,5,15,000,2020,04,06,5,2,8,1,2,0,1,0,0,1,0,400340.820500000380000,5755460.598400000500000,7.550182526000071,51.940924577000033,0,05200409702330505093
05,5,62,008,2020,04,08,2,2,5,2,0,1,1,0,0,0,0,384586.218999999580000,5724180.880000000800000,7.331498388000057,51.656755526000040,0,05200406701910533208
05,5,15,000,2020,04,15,3,2,3,6,0,0,1,0,0,1,0,400964.668700000270000,5752625.639699999200000,7.560070862000032,51.915554722000081,0,05200407702330476716
05,5,62,004,2020,04,13,2,3,2,6,0,0,1,0,0,0,0,383135.342600000090000,5713227.572599999600000,7.314184277000038,51.558011155000031,0,05200406701800686202
05,5,62,004,2020,04,12,2,3,2,6,0,0,1,0,0,0,0,383212.886800000440000,5718025.663000000600000,7.313706654000043,51.601151065000067,0,05200406701800661205
05,5,13,000,2020,04,11,4,1,9,1,0,0,1,0,0,0,0,363918.830000000070000,5717804.303500000400000,7.035368786000049,51.594830871000056,0,05200408702340572347
05,5,62,012,2020,04,17,2,2,5,3,0,0,1,0,1,0,0,361132.196600000370000,5726418.307600000900000,6.991747103000023,51.671556328000065,0,05200406701610760208
05,5,12,000,2020,04,18,4,2,5,3,0,1,1,0,0,0,0,357821.000400000250000,5709772.480799999100000,6.950640262000036,51.521151985000074,0,05200408701400445208
05,5,15,000,2020,04,16,3,3,6,6,0,1,0,1,0,0,0,408582.508899999780000,5753993.956100000100000,7.670433908000064,51.929156697000053,0,05200407702100292200
05,5,70,044,2020,04,04,3,3,7,7,2,0,0,0,1,0,0,414637.079400000160000,5761576.610899999700000,7.756582924000043,51.998277882000082,0,05200414711142476726
05,5,58,032,2020,04,10,2,3,1,6,0,0,1,0,0,0,0,389846.381000000050000,5752248.605000000400000,7.398601309000071,51.910077987000079,0,05200413706100108206
05,5,54,008,2020,04,14,2,3,8,1,0,0,1,0,0,0,0,331915.914499999960000,5745361.764799999100000,6.560451139000065,51.833749611000030,0,05200413705000768294
05,5,12,000,2020,04,23,3,3,5,3,2,0,1,0,0,0,0,357201.700699999930000,5710721.732499999900000,6.941335120000076,51.529525618000037,0,05200414701400558201
05,5,62,020,2020,04,01,2,3,8,1,2,0,1,0,0,0,0,367674.801300000400000,5720955.800499999900000,7.088372000000049,51.624046753000073,0,05200413701200121207
05,5,15,000,2020,04,17,4,2,0,7,0,0,0,0,1,0,0,409463.236800000070000,5758713.218000000300000,7.681996245000050,51.971720469000047,0,05200415702100539947
05,5,13,000,2020,04,06,2,3,9,1,1,0,1,0,0,0,0,366284.935999999750000,5709670.061599999700000,7.072601188000022,51.522298801000034,0,05200413700100314200
05,5,62,004,2020,04,15,1,3,0,1,0,0,0,0,1,0,0,388459.478900000450000,5715961.043500000600000,7.390085701000032,51.583657753000068,0,05200412031100141202
05,5,66,040,2020,04,15,7,2,1,6,0,0,0,0,1,0,0,418898.791699999940000,5784180.287000000500000,7.813264570000058,52.202098527000032,0,05200411709800038412
05,5,66,076,2020,04,18,7,3,5,3,0,0,1,0,0,0,0,394307.827200000170000,5792897.744799999500000,7.450830130000043,52.276278691000073,0,05200411709500276614
05,5,66,076,2020,04,09,7,2,5,3,0,1,1,0,0,0,0,396325.917000000370000,5792656.901000000500000,7.480472681000038,52.274498418000064,0,05200411709500207209
05,5,66,064,2020,04,16,7,3,2,6,0,1,0,0,0,0,0,393306.841000000010000,5769702.744200000500000,7.443458216000067,52.067623550000064,0,05200411709110872341
05,5,58,016,2020,04,11,7,3,0,1,0,0,0,0,0,0,1,382419.540000000040000,5744378.009999999800000,7.293361636000043,51.837825560000056,0,05200411706100976658
05,5,58,032,2020,04,03,7,3,8,1,2,0,0,0,1,0,0,388930.400000000370000,5755761.108999999200000,7.384157111000036,51.941464710000048,0,05200411706100074646
05,5,54,028,2020,04,13,7,2,2,6,0,1,0,0,0,0,0,357112.663099999540000,5744439.516100000600000,6.926252661000035,51.832477400000073,0,05200411705000881028
05,5,13,000,2020,04,20,7,3,9,1,2,0,1,0,0,0,0,367071.145600000400000,5710770.867300000000000,7.083511522000038,51.532376946000056,0,05200411702340205235
05,5,66,052,2020,04,17,3,2,3,3,0,1,1,0,0,0,0,377880.511199999600000,5780328.142100000800000,7.214703450000059,52.159921789000066,0,05200414709300295200
05,5,15,000,2020,04,14,7,2,2,6,0,0,1,0,1,0,0,401273.261800000440000,5763383.692600000600000,7.561463388000050,52.012304869000047,0,05200411702100070298
05,5,62,004,2020,04,13,7,3,5,2,0,1,0,0,0,0,1,383618.952899999920000,5709957.963199999200000,7.322238641000070,51.528724550000049,0,05200411701800917203
05,5,62,016,2020,04,13,7,2,0,7,0,0,0,0,1,0,0,377688.082100000230000,5737889.600900000000000,7.227011044000051,51.778498421000052,0,05200411701700911209
05,5,62,024,2020,04,12,7,3,5,2,0,1,1,0,0,0,0,370363.041600000110000,5725448.007500000300000,7.125520347000077,51.665042535000055,0,05200411701500935207
05,5,62,024,2020,04,13,7,3,2,2,0,0,1,0,0,0,0,370576.855000000450000,5729137.065999999600000,7.127242566000064,51.698244076000037,0,05200411701500926205
05,5,12,000,2020,04,16,7,3,5,3,0,0,1,0,1,0,0,355714.989000000060000,5718957.870400000400000,6.916535710000062,51.603155033000064,0,05200411701400939203
05,5,12,000,2020,04,10,7,3,5,2,0,1,1,0,0,0,0,357034.252899999730000,5709681.147099999700000,6.939345054000057,51.520132685000078,0,05200411701400877207
05,5,62,014,2020,04,14,7,3,2,6,0,0,1,0,0,0,0,360095.086000000130000,5712916.129200000300000,6.982147559000055,51.549968968000030,0,05200411701300913207
05,5,62,020,2020,04,05,7,2,0,1,2,1,0,0,0,0,0,367838.668499999680000,5718426.140499999700000,7.091691717000060,51.601352319000057,0,05200411701200863200
05,5,62,032,2020,04,22,7,2,0,1,2,1,0,0,0,0,0,379096.650700000110000,5716575.899800000700000,7.254800918000058,51.587252862000071,0,05200411701120985202
05,5,13,000,2020,04,09,7,3,2,6,0,1,1,0,0,0,0,364587.618800000290000,5714189.168500000600000,7.046412068000052,51.562505081000040,0,05200411700200248207
05,5,58,024,2020,04,16,4,3,2,6,0,0,1,0,0,0,0,390833.340599999760000,5733392.025599999400000,7.418889723000063,51.740793370000063,0,05200415706300410201
05,5,66,040,2020,04,13,1,3,0,7,0,0,0,0,0,0,1,425432.751000000160000,5780109.928999999500000,7.909750176000046,52.166432564000047,0,05200412709800912245
05,5,66,040,2020,04,12,1,2,5,3,0,0,1,0,1,0,0,414153.680599999610000,5781938.938899999500000,7.744415794000076,52.181233578000047,0,05200412709800011847
05,5,62,008,2020,04,15,3,3,2,2,0,0,1,0,0,1,0,384433.508600000290000,5721503.643999999400000,7.330176099000028,51.632662006000032,0,05200414701910512203
05,5,66,076,2020,04,15,1,2,5,3,0,1,1,0,0,0,0,398245.513500000350000,5794401.943900000300000,7.508070578000059,52.290540577000058,0,05200412709000042537
05,5,62,016,2020,04,15,4,3,2,6,0,0,1,0,0,0,0,374257.768500000240000,5738192.681099999700000,7.177203458000065,51.780461928000079,0,05200415702330500146
05,5,58,012,2020,04,15,1,2,8,1,0,0,0,0,1,0,0,375817.565299999900000,5759532.645500000600000,7.192125276000070,51.972585818000027,0,05200412706000579112
05,5,54,012,2020,04,14,1,2,4,2,0,0,1,0,1,0,0,351938.534799999560000,5743581.318099999800000,6.851582733000043,51.823419134000062,0,05200412705000678089
05,5,12,000,2020,04,10,1,3,5,2,0,0,1,0,0,0,0,353758.294599999670000,5711049.609400000400000,6.891592524000032,51.531590497000082,0,05200412701400035202
05,5,13,000,2020,04,14,1,3,4,2,0,0,1,0,0,0,0,363223.549300000070000,5719737.580499999200000,7.024583278000023,51.612035346000027,0,05200412700000071568
05,5,66,072,2020,04,12,3,3,0,7,0,0,1,0,0,0,0,411173.547700000000000,5800685.343800000800000,7.695905619000030,52.349258746000032,0,05200414709700737247
05,5,62,032,2020,04,12,3,2,5,2,0,0,1,0,0,0,0,378527.051300000400000,5718068.934000000400000,7.246066195000026,51.600548805000074,0,05200414701110434201
05,5,70,008,2020,04,19,7,2,8,1,0,0,1,0,0,0,0,432717.460500000040000,5736734.459000000700000,8.024745093000036,51.777436888000068,0,05200411301911053468
05,5,62,008,2020,04,16,4,3,1,5,0,1,1,0,0,0,0,384915.201999999580000,5722743.749700000500000,7.336725144000070,51.643906481000045,0,05200415701910769205
05,5,70,016,2020,04,01,6,3,8,7,2,0,1,0,0,0,0,416571.494800000450000,5733506.264100000300000,7.791536492000034,51.746243591000052,0,05200410711221953108
05,5,58,036,2020,04,11,6,3,8,1,0,1,0,1,0,0,0,385158.957399999720000,5729551.469300000000000,7.338007866000055,51.705141904000072,0,05200410706300376677
05,5,58,032,2020,04,12,6,2,5,7,0,0,1,0,1,0,0,388567.119199999610000,5753800.303500000400000,7.379509447000032,51.923769408000055,0,05200410706100083207
05,5,15,000,2020,04,08,6,3,5,2,0,1,1,0,0,0,0,408979.301099999810000,5754137.261700000600000,7.676165235000042,51.930509850000078,0,05200410702100401206
05,5,62,024,2020,04,16,6,2,0,1,0,1,0,0,0,0,0,366451.651600000450000,5724569.618899999200000,7.069333484000026,51.656233056000076,0,05200410701500800207
05,5,62,020,2020,04,16,6,3,5,3,0,0,1,0,0,0,1,371426.601999999960000,5715576.982999999100000,7.144512773000031,51.576577842000063,0,05200410701200823206
05,5,62,024,2020,04,10,3,2,1,6,0,0,0,0,0,1,0,367213.620500000190000,5726447.576400000600000,7.079628750000040,51.673289688000068,0,05200414702340779605
05,5,58,032,2020,04,18,4,2,4,2,0,0,1,0,1,0,0,385073.950899999590000,5751200.864900000400000,7.329600965000054,51.899697447000051,0,05200415706100411200
05,5,58,012,2020,04,16,5,3,2,6,0,0,1,0,0,0,0,369593.235799999910000,5747328.560900000900000,7.106183821000059,51.861492428000076,0,05200416706200571208
05,5,66,068,2020,04,08,7,2,5,3,0,0,1,0,0,0,1,372834.305900000040000,5782196.314300000700000,7.140272908000043,52.175569854000059,0,05200418709300011911
05,5,66,076,2020,04,18,6,3,8,1,0,0,0,0,1,0,0,393210.000799999570000,5789230.032500000700000,7.435905693000052,52.243104055000060,0,05200417709500674704
05,5,54,004,2020,04,15,1,3,0,1,0,1,0,0,0,0,0,365975.504900000060000,5772548.252299999800000,7.043830516000071,52.087253850000081,0,05200419705000218559
05,5,58,004,2020,04,06,7,3,8,7,0,0,1,0,0,0,0,406392.159699999730000,5734939.274599999200000,7.643744917000049,51.757516436000060,0,05200418702330992275
05,5,62,032,2020,04,19,6,2,3,6,0,0,1,0,0,0,0,373556.038900000040000,5719341.530700000000000,7.173869893000074,51.610891571000082,0,05200417702340372347
05,5,66,044,2020,04,17,5,3,8,1,0,0,1,1,0,0,0,429306.792899999770000,5777919.965099999700000,7.966838321000068,52.147256251000044,0,05200416709800781941
05,5,66,076,2020,04,14,7,2,5,3,0,1,1,0,0,0,0,397356.320799999870000,5787506.492300000000000,7.497134824000057,52.228402592000066,0,05200418709000061948
05,5,54,028,2020,04,14,1,3,2,6,0,0,1,0,0,0,0,360419.356399999930000,5740448.452500000600000,6.975818567000033,51.797451280000075,0,05200419071400708205
05,5,70,024,2020,04,17,6,3,5,7,0,0,1,0,0,0,0,421991.546099999920000,5753715.398000000000000,7.865471782000043,51.928693498000030,0,05200417711161081979
05,5,62,012,2020,04,15,7,3,0,1,0,1,0,0,0,0,0,359052.337100000120000,5726981.675699999600000,6.961461990000032,51.676100678000068,1,05200418701610481206
05,5,54,020,2020,04,17,6,2,5,3,0,1,1,0,0,0,0,361826.769999999550000,5781204.092000000200000,6.979801943000041,52.164008098000068,0,05200417705000721161
05,5,62,020,2020,04,10,6,3,0,1,0,1,0,0,0,0,0,371554.855600000360000,5719459.721799999500000,7.144941262000032,51.611500747000036,0,05200417701200274208
05,5,58,032,2020,04,07,5,3,5,3,0,0,1,0,0,0,0,387985.610600000250000,5754822.897199999500000,7.370723812000051,51.932843205000040,0,05200416706100448206
05,5,58,032,2020,04,17,5,2,8,1,0,0,0,0,1,0,0,390545.416199999860000,5753363.591000000000000,7.408405186000039,51.920236855000041,0,05200416706000268328
05,5,54,032,2020,04,16,5,3,5,3,0,1,0,0,0,0,0,322269.803500000390000,5745170.686799999300000,6.420695908000027,51.829047750000029,0,05200416705000362116
05,5,58,044,2020,04,18,5,3,5,3,0,1,1,0,0,0,0,398883.938900000420000,5742524.642400000200000,7.532786534000024,51.824391009000067,0,05200416706300573206
05,5,66,092,2020,04,13,7,2,2,6,0,0,1,0,1,0,0,421549.315999999640000,5793061.130000000800000,7.849978491000059,52.282310063000068,0,05200418709700042445
05,5,15,000,2020,04,15,5,3,5,3,0,1,0,0,0,0,0,410233.605200000110000,5751951.281199999200000,7.694973065000056,51.911064336000038,0,05200416702100069209
05,5,66,088,2020,04,21,6,3,0,7,2,0,1,0,0,0,0,414117.855999999680000,5785480.693000000000000,7.742994100000033,52.213063030000058,0,05200417709800072371
05,5,58,028,2020,04,14,1,3,0,1,0,1,0,1,0,0,0,404887.138700000010000,5731625.338700000200000,7.622851983000032,51.727474707000056,0,05200419706000651312
05,5,66,028,2020,04,19,7,3,9,1,0,0,1,0,0,0,0,408420.129999999890000,5791985.528799999500000,7.657860864000043,52.270611753000026,0,05200418702350505145
05,5,62,036,2020,04,19,5,3,2,6,0,0,1,0,0,0,0,391324.094100000340000,5722947.876499999300000,7.429248301000030,51.647016326000028,0,05200416701930108205
05,5,62,014,2020,04,13,6,3,2,1,0,0,1,0,0,0,0,360221.001500000250000,5713574.435499999700000,6.983700811000063,51.555915763000030,0,05200417702340739209
05,5,13,000,2020,04,10,6,3,6,4,0,0,1,1,0,0,0,365307.093500000420000,5716838.149800000700000,7.055769738000038,51.586482262000061,0,05200417700200419931
05,5,62,004,2020,04,18,5,2,8,1,0,0,1,0,0,0,0,379142.957999999630000,5715421.446499999600000,7.255866386000037,51.576887227000043,0,05200416701800109204
05,5,62,012,2020,04,09,5,3,2,2,0,1,1,0,0,0,0,361671.078200000340000,5732155.680700000400000,6.997259687000053,51.723244915000066,0,05200416701610946200
05,5,58,016,2020,04,15,5,2,9,1,0,0,0,0,1,0,0,389004.189600000160000,5741386.775299999900000,7.389852520000034,51.812288905000059,0,05200416706100568200
05,5,66,004,2020,04,14,7,3,8,1,0,0,0,0,1,0,0,393413.817300000230000,5765031.660900000500000,7.446474998000042,52.025662430000068,0,05200418709100902638
05,5,12,000,2020,04,13,5,3,2,6,0,0,1,0,0,0,1,360593.328099999580000,5709784.811400000000000,6.990568851000035,51.521953845000041,0,05200416701400055201
05,5,70,028,2020,04,13,6,3,2,6,0,1,0,0,0,0,0,441817.835599999870000,5740752.406300000800000,8.155963493000058,51.814579572000071,0,05200417711411253165
05,5,62,032,2020,04,17,1,2,0,1,0,1,0,0,0,0,0,377437.816300000060000,5718525.966700000700000,7.230187179000041,51.604420307000055,0,05200419701110606207
05,5,62,016,2020,04,01,7,3,8,7,2,0,1,0,0,0,0,368685.634800000120000,5732118.898700000700000,7.098769137000033,51.724600886000076,0,05200418701700404205
05,5,15,000,2020,04,16,6,3,4,6,0,1,0,0,0,0,0,407694.539900000210000,5758509.091199999700000,7.656310619000067,51.969594732000076,0,05200417702100587529
05,5,58,012,2020,04,19,6,3,8,1,0,0,0,0,1,0,0,370735.188000000080000,5755582.906999999700000,7.119662951000066,51.935933968000029,0,05200417706000503149
05,5,13,000,2020,04,21,5,2,5,3,1,0,1,0,0,0,0,367368.839900000020000,5714143.027599999700000,7.086529685000073,51.562751345000038,0,05200416700200380930
05,5,66,076,2020,04,13,5,2,2,6,0,0,1,0,0,0,0,397966.286899999720000,5785939.413100000500000,7.506535027000041,52.214431724000065,0,05200416709500842490
05,5,70,008,2020,04,07,1,2,9,1,0,0,1,0,0,0,0,433578.342299999670000,5736135.507600000100000,8.037336176000054,51.772155135000048,0,05200419711313676733
05,5,66,028,2020,04,15,7,2,8,5,0,0,1,0,0,0,0,411943.421000000090000,5792179.424000000600000,7.709430979000047,52.272930062000057,0,05200418709700553126
05,5,66,040,2020,04,17,6,2,5,3,0,0,1,0,1,0,0,420283.440000000410000,5782614.607999999100000,7.833889602000056,52.188226952000036,0,05200417709800336577
05,5,58,020,2020,04,14,7,3,2,2,0,0,1,0,1,0,0,389973.542000000370000,5760643.304999999700000,7.397762207000028,51.985550702000069,0,05200418706000352435
05,5,54,008,2020,04,11,6,3,0,7,0,0,0,0,1,0,1,335747.110299999830000,5746094.509600000500000,6.615656159000025,51.841471852000041,1,05200417705000680892
05,5,70,024,2020,04,13,4,3,7,7,0,1,0,0,0,0,0,420791.902800000270000,5752926.029100000900000,7.848210020000067,51.921428241000058,0,05200415711161669095
05,5,70,052,2020,04,09,4,3,5,3,0,0,1,0,0,0,0,430178.655600000170000,5756121.844599999500000,7.984032289000027,51.951413794000075,0,05200415711112680988
05,5,62,020,2020,04,09,6,2,5,2,0,0,0,0,1,1,0,373561.976700000460000,5713310.397800000400000,7.176127619000056,51.556690912000079,0,05200417701200250200
05,5,66,028,2020,04,14,4,2,5,3,0,1,1,0,0,0,0,411963.740399999540000,5792233.809599999300000,7.709714505000022,52.273422148000066,0,05200415709700542411
05,5,66,008,2020,04,12,4,2,3,2,0,1,0,0,0,1,0,398631.298399999740000,5781233.470200000300000,7.517673012000046,52.172259119000046,0,05200415709100272380
05,5,62,028,2020,04,14,4,2,4,6,0,0,1,0,0,1,0,378394.646599999630000,5722949.901100000400000,7.242460972000060,51.644386992000079,0,05200422701920521205
05,5,12,000,2020,04,12,4,3,5,2,0,0,1,0,0,0,0,356200.575000000190000,5710485.350999999800000,6.927008932000035,51.527147481000043,0,05200422701400537203
05,5,13,000,2020,04,17,4,3,2,6,0,0,1,0,0,0,0,365009.489799999630000,5717313.091000000000000,7.051293978000047,51.590679054000077,0,05200422700200054201
05,5,13,000,2020,04,16,4,3,2,6,0,0,1,0,0,0,0,366973.463499999610000,5706092.393200000700000,7.083869302000039,51.490310023000063,0,05200422700100253798
05,5,70,024,2020,04,08,5,2,5,3,0,0,1,0,0,1,0,417759.240000000220000,5753702.755000000800000,7.803935712000055,51.927970620000053,0,05200423711161079136
05,5,58,032,2020,04,15,5,2,5,2,0,0,1,0,1,0,0,390997.127000000330000,5750198.817700000500000,7.415971983000077,51.891881556000044,0,05200423706100836457
05,5,62,012,2020,04,08,5,3,9,1,0,0,0,0,0,0,1,356330.011699999680000,5727895.437100000700000,6.921740417000024,51.683621635000065,0,05200423702340003172
05,5,62,032,2020,04,17,5,2,5,3,0,0,1,0,0,1,0,375348.424300000070000,5714904.604100000100000,7.201318045000051,51.571415948000038,0,05200423701120828204
05,5,15,000,2020,04,05,5,3,8,1,1,0,1,0,0,0,0,403406.708899999970000,5764188.331700000900000,7.592312348000064,52.019912572000067,0,05200423702350943286
05,5,66,076,2020,04,15,5,3,0,1,0,0,0,0,1,0,0,397330.389000000430000,5787483.500099999800000,7.496762264000040,52.228191115000072,0,05200423709500355136
05,5,62,008,2020,04,21,5,2,4,6,2,0,1,0,0,0,1,387534.450000000190000,5724453.012299999600000,7.374013774000048,51.659799061000058,0,05200423701910854201
05,5,66,076,2020,04,08,2,3,5,3,0,1,1,0,0,0,0,394383.870000000110000,5793700.971000000800000,7.451692657000024,52.283512095000049,0,05200420709500370605
05,5,70,040,2020,04,10,4,2,7,4,0,0,1,1,0,0,0,419306.635400000030000,5744360.137299999600000,7.828620435000062,51.844213975000059,0,05200422711231172377
05,5,66,008,2020,04,14,2,3,0,1,0,1,1,0,0,0,0,399088.405100000090000,5781312.501199999800000,7.524331426000060,52.173053209000045,0,05200420709110009177
05,5,58,016,2020,04,18,2,3,4,2,0,0,1,0,0,0,0,379470.476800000300000,5745872.214400000900000,7.250057555000069,51.850625295000043,0,05200420706100572192
05,5,54,068,2020,04,11,2,3,5,3,0,0,1,0,1,0,0,354206.032999999820000,5773776.439999999500000,6.871645701000034,52.095313981000061,0,05200420705000968647
05,5,54,020,2020,04,08,2,3,4,2,0,1,1,0,0,0,0,363164.753600000400000,5786746.747300000900000,6.997113803000048,52.214143124000032,0,05200420705000565798
05,5,54,028,2020,04,07,2,3,8,7,0,0,0,0,0,1,0,361698.768899999560000,5742858.869799999500000,6.993398200000058,51.819428491000053,0,05200420702340848171
05,5,15,000,2020,04,16,2,3,0,6,0,1,0,0,0,0,1,398715.575600000100000,5753689.182399999400000,7.527068732000032,51.924709455000027,0,05200420702100785206
05,5,70,004,2020,04,13,5,3,3,2,0,1,1,0,0,0,0,427203.855999999680000,5740187.198000000800000,7.944115252000074,51.807786110000052,0,05200423711212002816
05,5,62,028,2020,04,11,2,3,1,5,0,1,1,0,0,0,0,379942.610999999570000,5722367.037100000300000,7.265022276000025,51.639481192000062,0,05200420701920255641
05,5,66,040,2020,04,11,4,3,5,3,0,0,1,0,0,0,1,422205.188699999820000,5782354.592700000900000,7.862054935000060,52.186164147000056,0,05200422709800512392
05,5,62,032,2020,04,01,2,3,1,5,2,0,1,0,0,0,0,378788.548299999910000,5715968.912499999600000,7.250565365000057,51.581731431000037,0,05200420701120630206
05,5,13,000,2020,04,11,2,2,6,4,0,0,1,1,0,0,0,364670.606399999930000,5716648.497300000900000,7.046661183000026,51.584625480000057,0,05200420700200798202
05,5,66,012,2020,04,10,5,3,5,3,0,1,0,0,0,0,1,403400.162800000050000,5772994.779600000000000,7.589725998000063,52.099065072000030,0,05200423709100680202
05,5,66,084,2020,04,18,4,3,8,1,0,0,1,0,1,0,0,393164.616899999790000,5776497.534299999500000,7.439253773000075,52.128664133000029,0,05200422709300812389
05,5,12,000,2020,04,17,5,2,0,1,0,0,0,0,1,0,0,355636.674999999810000,5719625.128200000200000,6.915130954000063,51.609130680000078,0,05200423701400806204