ULAND,UREGBEZ,UKREIS,UGEMEINDE,UJAHR,UMONAT,USTUNDE,UWOCHENTAG,UKATEGORIE,UART,UTYP1,ULICHTVERH,IstRad,IstPKW,IstFuss,IstKrad,IstGkfz,IstSonstige,LINREFX,LINREFY,XGCSWGS84,YGCSWGS84,STRZUSTAND,UIDENTSTLAE
05,5,54,028,2020,04,15,5,2,8,7,0,0,1,0,0,0,0,360661.149199999870000,5740918.090700000500000,6.979133935000050,51.801731584000038,0,05200423702340505256
05,5,58,012,2020,04,17,4,2,0,1,0,0,0,0,1,0,0,372808.848000000230000,5756734.339999999900000,7.149384220000059,51.946758950000060,0,05200422706200203180
05,5,62,004,2020,04,16,4,3,3,7,0,0,1,0,0,1,0,386882.871899999680000,5716249.306500000900000,7.367246820000048,51.585934386000076,0,05200422031100980685
05,5,70,024,2020,04,18,3,3,5,3,0,0,1,0,1,0,0,418151.625699999740000,5752014.214299999200000,7.810042449000036,51.912849928000071,0,05200421711161576263
05,5,70,036,2020,04,15,3,2,5,3,0,1,1,0,0,0,0,433750.790300000460000,5760720.740499999400000,8.035114461000035,51.993193592000068,0,05200421711121376747
05,5,70,052,2020,04,12,3,3,5,3,0,0,1,0,0,0,0,427763.234199999830000,5746806.799900000900000,7.950845106000031,51.867366916000037,0,05200421711114776726
05,5,66,060,2020,04,11,3,3,7,3,0,0,1,0,0,0,0,389090.403300000350000,5788860.560100000400000,7.375715276000051,52.238968942000042,0,05200421709500062050
05,5,66,008,2020,04,17,3,2,0,3,0,1,1,0,0,0,0,399309.722500000150000,5781222.222899999500000,7.527593469000067,52.172282243000041,0,05200421709100379238
05,5,58,020,2020,04,15,3,3,5,3,0,0,1,0,0,0,0,394667.733599999920000,5758589.322100000500000,7.466723810000076,51.967999904000067,0,05200421706200081437
05,5,58,016,2020,04,18,3,2,4,2,0,1,1,0,0,0,0,381201.934899999760000,5743183.873700000300000,7.276107049000075,51.826836003000039,0,05200421706100036202
05,5,70,052,2020,04,16,5,3,5,3,0,0,1,0,1,0,0,429940.223199999890000,5757452.304899999900000,7.980292131000056,51.963344114000051,0,05200423711111045696
05,5,54,008,2020,04,10,3,2,5,3,0,1,1,0,0,0,0,335760.951000000350000,5746338.345000000700000,6.615741109000055,51.843666396000060,0,05200421705000976754
05,5,54,020,2020,04,15,3,3,5,2,0,0,1,0,0,0,0,367988.419300000180000,5780914.630599999800000,7.069945871000073,52.162915090000070,0,05200421705000921000
05,5,54,008,2020,04,13,3,2,0,7,0,1,0,0,0,0,0,331640.801500000060000,5745976.979199999900000,6.556162769000025,51.839193249000061,0,05200421705000278089
05,5,62,036,2020,04,11,3,3,6,4,0,0,1,1,0,0,0,389214.595999999900000,5720354.289999999100000,7.399592143000064,51.623293471000068,0,05200421701930525204
05,5,62,028,2020,04,20,3,3,5,3,0,0,1,0,1,0,0,379625.438599999990000,5722419.425499999900000,7.260422994000066,51.639884232000043,0,05200421701920447339
05,5,62,024,2020,04,21,3,3,5,3,2,0,1,0,0,0,0,370443.091799999590000,5725366.397399999200000,7.126707419000070,51.664327594000042,0,05200421701500304206
05,5,54,024,2020,04,10,5,3,5,3,0,0,1,0,0,0,1,366370.668100000360000,5774251.867599999500000,7.048926606000066,52.102657391000037,0,05200423705000021214
05,5,13,000,2020,04,14,3,3,4,2,0,0,1,0,0,1,0,369707.707100000230000,5709021.125099999800000,7.122148830000072,51.517266878000044,0,05200421700100067056
05,5,58,032,2020,04,10,4,3,1,1,0,0,1,0,0,0,0,391523.956899999640000,5750962.123700000300000,7.423384586000054,51.898844711000038,0,05200422706100182422
05,5,54,008,2020,04,11,4,3,0,3,0,1,1,0,0,0,0,334864.760200000370000,5745870.370799999700000,6.602966761000062,51.839198124000063,0,05200422705000076754
05,5,15,000,2020,04,14,5,3,2,6,0,0,1,0,0,0,0,406462.400999999610000,5761336.058000000200000,7.637609022000049,51.994798774000060,0,05200423702100955576
05,5,13,000,2020,04,17,5,3,0,2,0,0,1,0,1,0,0,369596.228900000450000,5707390.250099999800000,7.121146242000066,51.502584689000059,0,05200423700100265435
05,5,66,028,2020,04,17,5,1,0,6,0,0,1,0,0,0,0,410929.670500000010000,5790859.102099999800000,7.694926026000076,52.260899432000031,0,05200423702350005178
05,5,66,076,2020,04,18,5,3,0,3,0,1,1,0,0,0,0,394435.866899999790000,5793734.507200000800000,7.452444115000048,52.283823483000049,0,05200423709500042530
05,5,62,036,2020,04,15,4,3,5,3,0,1,1,0,0,0,0,386632.155899999660000,5719790.876299999700000,7.362484712000025,51.617715268000040,0,05200422701930515200
05,5,62,008,2020,04,15,5,2,0,1,0,0,0,0,1,0,0,381949.016999999990000,5726206.802799999700000,7.292706751000026,51.674415777000036,0,05200423701910670205
05,5,62,014,2020,04,17,3,3,5,3,0,1,1,0,0,0,0,359280.499499999920000,5715925.009600000500000,6.969202134000057,51.576804145000040,1,05200428701300934204
05,5,66,084,2020,04,22,7,3,8,1,2,0,1,0,0,0,0,390285.588299999940000,5773353.375600000800000,7.398225232000073,52.099842722000062,0,05200425709300752209
05,5,62,004,2020,04,19,3,1,1,1,1,0,1,1,0,1,0,384629.078499999830000,5717782.804600000400000,7.334225618000062,51.599260201000050,1,05200428031100680561
05,5,70,052,2020,04,18,6,3,0,1,0,1,0,0,0,0,0,430444.947999999860000,5755934.977000000000000,7.987944265000067,51.949767290000068,0,05200424711112674649
05,5,12,000,2020,04,17,7,2,9,1,0,0,0,0,1,0,0,357411.029699999840000,5719208.244699999700000,6.940907471000060,51.605836801000066,0,05200425702340005236
05,5,66,040,2020,04,15,1,3,5,3,0,0,1,0,0,0,0,415593.653400000180000,5782317.993499999900000,7.765377062000027,52.184862963000057,0,05200426709000176750
05,5,62,036,2020,04,13,2,2,5,3,0,1,1,0,0,0,0,386629.702999999750000,5719790.137000000100000,7.362449537000032,51.617708130000040,0,05200427701930596200
05,5,66,044,2020,04,20,6,3,9,1,2,0,0,0,1,0,0,423359.622200000100000,5771409.835599999900000,7.881405285000028,52.087943037000059,0,05200424709800081048
05,5,54,004,2020,04,18,6,3,0,3,0,1,0,0,0,0,0,362674.630099999720000,5771093.302100000900000,6.996269447000032,52.073371574000078,0,05200424705000876626
05,5,13,000,2020,04,19,6,3,3,6,0,0,1,0,0,0,0,368265.202200000170000,5711161.121400000500000,7.100570477000076,51.536163924000050,0,05200424702340881141
05,5,15,000,2020,04,15,6,3,5,3,0,1,1,0,0,0,0,408810.300400000070000,5754084.666999999400000,7.673721883000042,51.930009431000030,0,05200424702100134203
05,5,13,000,2020,04,19,7,3,2,6,0,0,1,0,0,0,0,365319.078300000170000,5715096.403999999200000,7.056610572000068,51.570833054000047,0,05200425700000957809
05,5,12,000,2020,04,17,1,1,5,3,0,0,0,0,1,0,0,352443.244599999860000,5714695.877699999100000,6.871117869000045,51.564011712000081,0,05200426701400356202
05,5,62,016,2020,04,20,6,3,0,7,2,0,0,0,1,0,0,375371.959599999710000,5738447.062200000500000,7.193255060000070,51.782997250000051,0,05200424701700102207
05,5,62,016,2020,04,11,6,3,2,2,0,0,1,0,0,0,0,377207.351099999620000,5737061.280200000900000,7.220339088000060,51.770949063000046,0,05200424701700031209
05,5,12,000,2020,04,14,6,3,2,6,0,0,1,0,1,0,0,356793.865699999970000,5710307.802300000600000,6.935627916000044,51.525702822000028,0,05200424701400275295
05,5,54,020,2020,04,13,3,3,2,6,0,0,1,0,0,0,0,367021.269999999550000,5785547.694000000100000,7.053997600000059,52.204313313000057,0,05200428705000520717
05,5,62,014,2020,04,07,6,3,5,3,0,1,1,0,0,0,0,356800.122999999670000,5714531.687999999200000,6.933999177000032,51.563659455000050,0,05200424701300898201
05,5,62,032,2020,04,10,6,3,2,6,0,0,1,0,0,0,0,374414.224999999630000,5718577.887000000100000,7.186530824000045,51.604220748000046,0,05200424701110673555
05,5,13,000,2020,04,09,6,3,8,1,0,0,0,0,1,0,0,370259.330299999560000,5709813.876199999800000,7.129802701000074,51.524518216000047,0,05200424700100189201
05,5,13,000,2020,04,16,3,3,3,1,0,0,1,0,0,0,0,368416.475200000220000,5711203.712899999700000,7.102734414000054,51.536581963000060,1,05200428702340081034
05,5,66,028,2020,04,10,7,2,0,1,0,0,1,0,0,0,0,410009.581000000240000,5794219.903000000900000,7.680551708000053,52.290957057000071,0,05200425709700474680
05,5,12,000,2020,04,13,7,3,5,3,0,1,1,0,0,0,0,357423.361800000070000,5713463.589900000000000,6.943417758000066,51.554219602000046,0,05200425701400214019
05,5,54,068,2020,04,12,1,3,2,6,0,0,1,0,1,0,0,343937.244500000030000,5769210.808599999200000,6.723949797000046,52.051497003000065,0,05200426705000064191
05,5,66,012,2020,04,20,7,3,8,7,0,0,1,0,0,0,0,405409.021399999970000,5768436.911200000000000,7.620308134000027,52.058445031000076,0,05200425702350524222
05,5,66,032,2020,04,11,1,2,8,1,0,0,1,0,0,0,0,418415.463800000030000,5775829.090600000700000,7.808201135000047,52.126960334000046,0,05200426709800081046
05,5,58,004,2020,04,08,2,3,2,6,0,0,1,0,0,0,1,403875.871399999600000,5738868.375099999800000,7.606210897000040,51.792407489000027,0,05200427706300548612
05,5,62,014,2020,04,15,2,3,5,3,0,1,1,0,0,0,0,361802.652099999600000,5712004.501199999800000,7.007117753000046,51.542197695000027,0,05200427701300619201
05,5,54,036,2020,04,16,3,2,5,3,0,0,1,0,0,0,0,372394.404699999840000,5768439.199999999300000,7.138999589000036,52.051846533000059,1,05200428705000118559
05,5,70,028,2020,04,15,7,3,5,3,0,0,1,0,1,0,0,442570.822300000120000,5738458.255699999600000,8.167265786000030,51.794032334000065,0,05200425711411681044
05,5,62,024,2020,04,15,3,3,3,2,0,1,1,0,0,0,0,370144.482699999590000,5725319.349700000100000,7.122409740000023,51.663835869000081,0,05200428701500904201
05,5,66,076,2020,04,23,7,3,6,2,2,0,1,1,0,0,0,393568.783200000410000,5792022.328600000600000,7.440278248000027,52.268268567000064,0,05200425709500753208
05,5,62,004,2020,04,19,3,1,9,1,0,0,1,0,0,1,0,384826.535199999810000,5717609.319299999600000,7.337132249000035,51.597741364000058,1,05200428031100886201
05,5,13,000,2020,04,13,7,3,9,1,0,0,0,0,0,0,1,363855.126099999990000,5717567.699799999600000,7.034541464000029,51.592689290000067,0,05200425702340072347
05,5,66,028,2020,04,18,1,3,0,1,0,1,0,0,0,0,0,414651.368300000210000,5792751.624199999500000,7.748963777000029,52.278500255000040,0,05200426709700068331
05,5,15,000,2020,04,06,2,3,5,7,0,1,1,0,0,0,0,402080.758000000380000,5761134.528999999200000,7.573868107000067,51.992232076000050,0,05200427702100550181
05,5,62,032,2020,04,20,7,2,0,1,0,1,0,0,0,0,0,375759.597400000320000,5713833.976500000800000,7.207626504000075,51.561884740000039,0,05200425701120242203
05,5,15,000,2020,04,12,1,3,5,3,0,0,1,0,0,0,0,404686.929399999790000,5759087.741900000700000,7.612381856000070,51.974288242000057,0,05200426702100564121
05,5,13,000,2020,04,18,2,3,1,5,0,0,1,0,0,0,0,361558.808100000020000,5717525.835999999200000,7.001428666000038,51.591753509000057,0,05200427700000875938
05,5,70,008,2020,04,20,3,3,8,1,2,0,1,0,0,0,0,431653.201100000180000,5740123.773399999400000,8.008653323000033,51.807777625000028,1,05200428711314281007
05,5,54,068,2020,04,14,7,3,5,3,0,0,1,0,0,1,0,346279.567999999970000,5768756.194000000100000,6.758286697000074,52.048067333000063,0,05200425705000021128
05,5,70,004,2020,04,13,1,2,0,1,0,0,0,0,1,0,0,423797.553999999540000,5736183.694700000800000,7.895597051000038,51.771342237000056,0,05200426711212164309
05,5,62,020,2020,04,03,3,2,9,1,2,0,1,0,0,0,0,371114.662299999970000,5715347.117300000000000,7.140097958000069,51.574440833000040,0,05200428702340905117
05,5,66,088,2020,04,13,7,2,5,7,0,0,1,0,1,0,0,414991.692599999720000,5788916.168299999100000,7.754916995000031,52.244078258000059,0,05200425709800281124
05,5,15,000,2020,04,11,7,3,5,2,0,1,1,0,0,0,0,405517.718700000080000,5754619.942800000300000,7.625701658000025,51.934271578000050,0,05200425702100065908
05,5,58,032,2020,04,21,1,3,0,7,2,1,0,0,0,0,0,383225.018600000070000,5755137.938300000500000,7.301405131000024,51.934696055000074,0,05200426706100285202
05,5,62,014,2020,04,19,2,2,1,5,0,1,1,0,0,0,0,362183.195100000130000,5711416.359999999400000,7.012832114000048,51.537005559000079,0,05200427701300649204
05,5,66,068,2020,04,18,2,2,8,1,0,0,1,0,0,0,0,375583.333100000400000,5786542.165100000800000,7.178857896000068,52.215248903000031,0,05200427709300760719
05,5,12,000,2020,04,11,1,2,0,1,0,0,0,0,1,0,0,357189.184700000100000,5721390.779999999300000,6.936816708000038,51.625392230000045,0,05200426701400310204
05,5,54,020,2020,04,13,3,3,2,6,0,0,1,0,0,0,0,366860.232200000440000,5782103.647900000200000,7.052995205000059,52.173328067000057,0,05200428705000281002
05,5,15,000,2020,04,08,3,3,5,3,0,1,1,0,0,0,0,403769.270399999800000,5754709.913100000500000,7.600252444000034,51.934780680000074,0,05200428702100765812
05,5,66,028,2020,04,17,7,2,3,2,0,1,1,0,0,0,0,410948.559999999590000,5792341.053400000600000,7.694811566000055,52.274222586000064,0,05200425709700281515
05,5,62,020,2020,04,23,7,3,0,1,2,1,0,0,0,0,0,371469.681400000120000,5718853.534099999800000,7.143934076000051,51.606033598000067,0,05200425701200277201
05,5,62,004,2020,04,16,7,3,2,6,0,0,1,0,0,0,0,383922.904199999760000,5713640.614099999900000,7.325403527000049,51.561886107000078,0,05200425702340505234
05,5,66,056,2020,04,15,1,2,2,6,0,1,1,0,0,0,0,416653.097099999900000,5797231.987500000700000,7.777188841000054,52.319078943000079,0,05200426709700676376
05,5,58,028,2020,04,17,2,3,5,3,0,1,0,0,1,0,0,399858.474700000140000,5729436.027000000700000,7.550695307000069,51.706920404000073,0,05200427706300076677
05,5,15,000,2020,04,13,1,3,5,3,0,1,0,0,0,0,0,402739.751600000080000,5754892.935799999200000,7.585230485000068,51.936246772000061,0,05200426702100576642
05,5,62,032,2020,04,09,2,3,5,5,0,1,1,0,0,0,0,376062.886300000360000,5719146.627299999800000,7.210124000000064,51.609697371000038,0,05200427701110473209
05,5,66,048,2020,04,10,3,2,2,6,0,0,1,0,0,1,0,426724.653900000270000,5791286.144500000400000,7.926215332000027,52.267069152000033,0,05200428702350405190
05,5,70,052,2020,04,18,7,2,0,1,0,1,0,0,0,0,0,429047.551500000060000,5752358.238800000400000,7.968352779000043,51.917437335000045,0,05200425711114374620
05,5,66,064,2020,05,02,1,3,5,3,2,0,1,0,0,0,0,392905.461900000460000,5770260.961999999400000,7.437429709000071,52.072563073000026,0,05200503709110576669
05,5,66,028,2020,05,20,3,3,0,1,0,1,0,0,0,0,0,412050.863300000320000,5792205.094599999500000,7.710998541000038,52.273177993000047,0,05200505709700834934
05,5,15,000,2020,05,01,4,3,8,7,2,0,1,0,0,0,0,403899.327999999750000,5753148.958599999500000,7.602579514000070,51.920772683000052,0,05200506702100597204
05,5,15,000,2020,05,11,3,2,5,3,0,1,1,0,0,0,0,408256.248900000010000,5754128.073400000100000,7.665654447000065,51.930308548000028,0,05200505702100072376
05,5,54,012,2020,05,09,1,3,5,3,0,0,1,0,0,0,1,349990.825500000270000,5745306.258199999100000,6.822595156000034,51.838397770000029,0,05200503705000279162
05,5,70,028,2020,05,20,2,3,0,1,0,0,0,0,1,0,0,441127.677000000140000,5741754.675000000700000,8.145782312000051,51.823517930000037,0,05200504711411781082
05,5,66,068,2020,05,19,1,2,2,6,1,0,1,0,0,0,0,371245.023599999960000,5784129.748199999300000,7.116309858000022,52.192574768000043,1,05200503702340705204
05,5,62,014,2020,05,21,2,3,4,2,2,0,1,0,0,0,0,358305.133100000210000,5716342.296399999400000,6.954967364000027,51.580309509000074,0,05200504701300790206
05,5,70,052,2020,05,15,7,3,2,6,0,0,1,0,0,0,0,429985.268199999820000,5756288.401799999200000,7.981184862000021,51.952886766000063,1,05200502711112560974
05,5,62,016,2020,05,14,1,3,2,2,0,0,1,0,1,0,0,378582.638700000010000,5732869.345000000700000,7.241725171000041,51.733575713000050,0,05200503701700730207
05,5,66,032,2020,05,15,7,2,8,1,0,0,1,0,0,0,0,416089.218500000420000,5776893.684399999700000,7.773964627000055,52.136181365000027,1,05200502709800381017
05,5,62,014,2020,05,11,3,3,9,6,0,0,1,0,0,0,0,360278.928600000220000,5713569.230900000800000,6.984537916000022,51.555883345000041,0,05200505702340905235
05,5,66,084,2020,05,15,7,2,7,1,0,1,0,0,0,0,0,390014.097900000400000,5775790.224700000100000,7.393476162000070,52.121689395000033,1,05200502709300972411
05,5,66,092,2020,05,19,7,2,9,1,0,0,1,0,0,0,0,423709.296699999830000,5790264.815099999300000,7.882267785000067,52.257478527000046,1,05200502709000668339
05,5,54,044,2020,05,15,7,3,2,2,0,0,1,0,0,0,1,363035.645999999720000,5741108.099999999600000,7.013474257000041,51.804025605000049,0,05200502705000020771
05,5,62,004,2020,05,09,4,3,2,2,0,0,1,1,0,0,0,383114.467299999670000,5717768.474700000100000,7.312371941000038,51.598819124000045,0,05200506701800571209
05,5,62,014,2020,05,10,7,2,2,6,0,0,1,0,0,0,0,356530.126199999820000,5715011.379000000700000,6.929910748000054,51.567901221000056,2,05200502702340581010
05,5,62,014,2020,05,10,7,2,3,1,0,0,1,0,0,0,1,360394.362999999900000,5713593.763499999400000,6.986192199000072,51.556132375000061,1,05200502702340039209
05,5,15,000,2020,05,14,7,3,1,5,0,1,1,0,0,0,1,405708.453400000000000,5755662.309299999800000,7.628189355000075,51.943673211000032,0,05200502702100268314
05,5,62,032,2020,05,02,7,3,9,7,2,0,1,0,0,0,0,379229.713600000370000,5720062.858899999400000,7.255519856000035,51.618620095000040,0,05200502701110599200
05,5,62,024,2020,05,16,3,2,1,6,0,0,1,0,0,0,1,364940.540300000460000,5724333.629799999300000,7.047592566000049,51.653751351000039,0,05200505701500420203
05,5,62,012,2020,05,16,1,2,0,1,0,0,0,0,1,0,0,363656.329199999570000,5731985.462300000700000,7.026050466000072,51.722201529000074,0,05200503701620735202
05,5,62,032,2020,05,21,2,2,6,6,2,0,1,1,0,0,0,376171.380099999720000,5715396.546499999200000,7.213013385000068,51.576018501000078,0,05200504701120089202
05,5,13,000,2020,05,15,1,3,2,6,0,0,1,0,0,0,0,366896.621000000280000,5706458.063999999300000,7.082625221000058,51.493578114000059,0,05200503700100760200
05,5,66,048,2020,05,14,2,2,8,1,0,0,1,0,0,0,0,426508.996700000020000,5793030.785499999300000,7.922675476000052,52.282722859000046,0,05200504709700669049
05,5,15,000,2020,05,07,3,3,3,6,0,1,0,0,0,0,0,404814.470700000410000,5761202.207299999900000,7.613651333000064,51.993315658000029,0,05200505702100701949
05,5,70,012,2020,05,16,3,2,5,3,0,1,1,0,0,0,0,439388.963999999690000,5753687.336999999400000,8.118461807000074,51.930607654000028,0,05200505711131280988
05,5,13,000,2020,05,19,3,3,5,3,0,0,1,0,1,0,0,369278.058000000190000,5707505.669999999900000,7.116521931000023,51.503548452000075,0,05200505700100073492
05,5,70,020,2020,05,13,2,3,2,2,0,0,1,0,0,0,0,439468.087000000290000,5744847.866000000400000,8.121163985000067,51.851148841000054,0,05200504711413081044
05,5,70,008,2020,04,15,5,3,3,6,0,0,1,0,0,0,0,433518.956799999810000,5737019.116800000900000,8.036306414000023,51.780091757000037,0,05200430301911671307
05,5,70,028,2020,05,19,6,3,5,2,0,1,1,0,0,0,0,441774.393799999730000,5741589.816800000100000,8.155192573000022,51.822103586000026,0,05200501711411079196
05,5,54,004,2020,05,11,2,3,5,3,0,0,1,0,1,0,0,363129.248399999920000,5772351.434000000400000,7.002393698000049,52.084788898000056,0,05200504705000070577
05,5,66,012,2020,05,08,3,2,2,1,0,0,1,0,0,1,1,406590.138500000350000,5771874.571499999600000,7.636589386000026,52.089544137000075,0,05200505709000525692
05,5,15,000,2020,05,10,4,3,5,1,0,1,1,0,0,0,0,406997.196999999690000,5751290.437999999200000,7.648114338000028,51.904593285000033,0,05200506702100142019
05,5,62,028,2020,05,08,3,2,5,2,0,1,1,0,0,0,0,379518.986700000240000,5722439.820100000100000,7.258878362000075,51.640044732000035,0,05200505701920152208
05,5,70,048,2020,04,16,4,3,5,3,0,0,1,0,1,0,0,446661.002600000240000,5729979.962400000500000,8.227869269000053,51.718213154000068,0,05200429711321439972
05,5,70,008,2020,05,11,6,3,0,6,0,0,1,0,0,0,0,429690.810700000260000,5731228.846699999600000,7.981994841000073,51.727569820000042,0,05200501031100549201
05,5,66,076,2020,04,14,4,3,2,1,0,0,1,0,0,0,0,393544.038399999960000,5792908.374600000700000,7.439636120000046,52.276226854000072,0,05200429709500476732
05,5,70,020,2020,04,11,5,3,5,3,0,0,1,0,0,0,0,426048.617100000380000,5746824.171099999900000,7.925943239000048,51.867298407000078,0,05200430711114776263
05,5,66,020,2020,04,18,5,3,2,6,0,0,1,0,0,0,0,408460.728000000120000,5809429.941999999800000,7.653700023000056,52.427407995000067,0,05200430709700512408
05,5,66,008,2020,04,10,5,2,5,2,0,1,0,0,0,1,0,399301.029699999840000,5781225.539300000300000,7.527465414000062,52.172310464000077,1,05200430709100953107
05,5,54,004,2020,04,08,5,3,9,1,0,0,1,0,0,0,0,356014.915000000040000,5776529.084799999400000,6.896869346000074,52.120519380000076,1,05200430705000976745
05,5,66,080,2020,04,08,4,3,5,3,0,0,1,0,0,0,0,407287.347000000070000,5780112.687999999200000,7.644517511000061,52.163707625000029,0,05200429709100901209
05,5,62,020,2020,05,15,2,3,2,6,0,0,1,0,0,0,0,371777.450699999930000,5716545.981000000600000,7.149219310000035,51.585366053000030,0,05200504701200037209
05,5,54,004,2020,04,15,5,3,2,1,0,0,1,0,1,0,0,361611.077999999750000,5771015.867900000900000,6.980792821000023,52.072411062000072,0,05200430705000047427
05,5,15,000,2020,04,08,5,2,5,2,0,1,0,1,0,0,0,405930.756000000050000,5756160.029600000000000,7.631286357000022,51.948184590000039,0,05200430702100661900
05,5,15,000,2020,04,18,5,2,8,1,0,0,1,0,0,0,0,409673.672299999740000,5753888.446300000000000,7.686326831000031,51.928386442000033,0,05200430702100419202
05,5,70,040,2020,05,00,2,3,8,7,2,0,1,0,0,0,0,412709.112700000410000,5748840.878799999100000,7.731739980000043,51.883498682000038,0,05200504711232374710
05,5,62,016,2020,04,22,5,3,5,7,2,0,1,0,0,0,0,373838.128499999640000,5733644.168600000400000,7.172774805000074,51.739491149000060,1,05200430701700472203
05,5,62,024,2020,04,16,5,3,5,3,0,0,1,0,0,0,0,367960.719499999660000,5724287.097899999500000,7.091243177000024,51.654050691000066,0,05200430701500439202
05,5,62,014,2020,04,16,5,3,5,3,0,1,0,0,0,0,1,359425.707999999630000,5714892.504000000700000,6.971709424000039,51.567562304000035,0,05200430701300432209
05,5,62,032,2020,04,14,5,3,3,6,0,0,1,0,0,0,1,375499.762000000100000,5719646.737999999900000,7.201818135000053,51.614067688000034,0,05200430701110400208
05,5,13,000,2020,04,17,5,3,5,2,0,1,1,0,0,0,0,364453.487300000150000,5709787.515000000600000,7.046173493000026,51.522917733000043,0,05200430700100881231
05,5,58,040,2020,04,07,4,3,5,3,0,1,1,0,0,0,0,371491.324099999850000,5762463.138000000300000,7.128080730000022,51.997936306000042,0,05200429706200272440
05,5,13,000,2020,04,14,5,3,2,6,0,0,1,0,0,0,1,368067.668499999680000,5706712.948000000800000,7.099389026000040,51.496143184000061,0,05200430700100670209
05,5,15,000,2020,05,10,3,2,0,1,0,1,0,0,0,0,0,405455.252999999560000,5759121.153999999200000,7.623554810000030,51.974719809000078,0,05200505702100887529
05,5,54,032,2020,04,11,4,3,1,6,0,0,1,0,0,0,0,323843.671500000170000,5744066.761299999400000,6.444073568000022,51.819630433000043,0,05200429705000570620
05,5,54,008,2020,04,07,4,3,0,1,1,1,0,0,0,0,0,335281.626899999570000,5745846.740900000600000,6.609023378000074,51.839108952000061,1,05200429705000270620
05,5,15,000,2020,04,16,4,3,8,1,0,0,1,0,0,0,0,400858.568400000220000,5753118.773499999200000,7.558386758000040,51.919968247000043,0,05200429702330776654
05,5,15,000,2020,04,16,4,3,6,4,0,0,1,1,0,0,0,405396.006000000050000,5755466.605000000400000,7.623698942000033,51.941861089000042,0,05200429702100978035
05,5,62,032,2020,05,17,3,2,2,6,0,0,1,0,1,0,0,374819.666699999940000,5719427.858999999200000,7.192078808000076,51.611949787000071,0,05200505701110434200
05,5,12,000,2020,04,18,4,3,1,6,0,0,1,0,0,0,0,357240.828499999830000,5707540.015200000300000,6.943187419000026,51.500944913000069,0,05200429701400189201
05,5,62,004,2020,05,17,3,3,2,6,0,0,1,0,0,1,0,386028.341300000440000,5716589.449699999800000,7.354807378000032,51.588819366000052,0,05200505301911473344
05,5,62,032,2020,04,22,4,3,5,2,2,0,1,0,0,0,0,378625.368599999700000,5721163.302899999500000,7.246413403000076,51.628380143000072,0,05200429701110202202
05,5,13,000,2020,04,15,4,2,5,3,0,1,0,0,0,0,1,365370.378800000060000,5715371.506400000300000,7.057244939000043,51.573317498000051,0,05200429700200081309
05,5,62,032,2020,05,11,4,3,6,4,0,1,0,1,0,0,0,374357.011099999770000,5719888.130899999300000,7.185235486000067,51.615983207000056,0,05200506701110613203
05,5,54,008,2020,05,15,2,3,2,6,0,0,1,0,0,0,0,334474.303000000310000,5745639.015000000600000,6.597415106000028,51.837004201000070,0,05200504705111321116
05,5,58,036,2020,05,09,5,2,8,1,0,0,1,0,0,0,0,385666.764800000000000,5729621.818700000600000,7.345330528000034,51.705877883000028,0,05200507706300874204
05,5,58,016,2020,05,07,7,3,2,2,0,0,1,0,0,0,1,372801.424200000240000,5745994.121600000200000,7.153239022000037,51.850241034000078,0,05200509706100038203
05,5,12,000,2020,05,07,3,3,2,6,0,0,0,0,0,1,0,353191.932300000450000,5712024.140399999900000,6.883026744000063,51.540200201000061,0,05200512702340572347
05,5,13,000,2020,05,06,5,3,5,2,0,1,1,0,0,0,0,367527.676599999890000,5709434.322200000300000,7.090592206000054,51.520473134000042,0,05200507700100781260
05,5,58,016,2020,05,14,6,3,0,7,0,0,0,0,0,0,1,378276.493400000040000,5743390.613199999600000,7.233604432000050,51.828064244000075,0,05200508702330976716
05,5,15,000,2020,05,12,2,3,0,2,0,0,1,0,0,0,1,406321.843799999920000,5756458.735099999200000,7.636893552000061,51.950935503000039,0,05200511702100461966
05,5,66,076,2020,05,11,6,3,1,5,0,0,1,0,0,0,0,393790.842500000260000,5793068.597899999500000,7.443201704000046,52.277714550000042,0,05200508709500174669
05,5,66,028,2020,05,18,2,2,5,2,0,0,1,0,0,0,0,408526.535099999980000,5794819.838099999400000,7.658650650000027,52.296104406000040,0,05200511709700470493
05,5,15,000,2020,05,12,7,3,4,6,0,1,0,0,0,0,0,401118.934500000440000,5761933.328299999200000,7.559634092000067,51.999241367000081,0,05200509702100941596
05,5,62,020,2020,05,15,6,3,1,5,0,1,1,0,0,0,0,367656.478099999950000,5719051.126599999100000,7.088826736000044,51.606926013000077,0,05200508701200317206
05,5,62,032,2020,05,15,1,3,2,6,0,0,1,0,0,0,0,377153.171000000090000,5716865.325999999400000,7.226660496000022,51.589433664000069,1,05200510702340280983
05,5,70,004,2020,05,15,1,3,9,1,0,1,0,0,0,0,0,425404.317499999890000,5735523.044700000400000,7.919021263000047,51.765619617000027,0,05200510711212453661