ULAND,UREGBEZ,UKREIS,UGEMEINDE,UJAHR,UMONAT,USTUNDE,UWOCHENTAG,UKATEGORIE,UART,UTYP1,ULICHTVERH,IstRad,IstPKW,IstFuss,IstKrad,IstGkfz,IstSonstige,LINREFX,LINREFY,XGCSWGS84,YGCSWGS84,STRZUSTAND,UIDENTSTLAE
05,5,66,016,2020,05,14,5,3,4,6,0,0,1,0,0,1,0,407497.027400000020000,5788352.537399999800000,7.645331809000027,52.237803720000045,0,05200507709500374762
05,5,66,080,2020,05,16,7,3,5,3,0,0,1,0,1,0,0,406350.958300000060000,5781379.696599999400000,7.630481813000074,52.174937585000066,0,05200509709110647851
05,5,66,040,2020,05,15,7,3,0,1,0,0,0,0,1,0,0,421162.811700000430000,5781588.718299999800000,7.846988947000057,52.179131793000067,0,05200509709800872364
05,5,58,016,2020,05,14,5,2,5,3,0,1,0,0,0,1,0,380572.268199999820000,5740298.918099999400000,7.267968904000043,51.800774284000056,0,05200507706100885204
05,5,54,068,2020,05,15,7,3,8,1,0,1,0,0,0,0,0,349163.802799999710000,5765445.983999999200000,6.801773491000063,52.019119821000061,0,05200509705000955357
05,5,12,000,2020,05,19,3,3,3,7,0,0,1,0,0,0,0,355438.449799999590000,5710345.588800000000000,6.916087402000073,51.525697033000029,0,05200512701400685395
05,5,70,052,2020,05,21,3,3,0,7,2,0,1,0,0,0,0,427199.281499999580000,5746577.767699999700000,7.942704129000049,51.865234687000054,0,05200512711114003042
05,5,62,012,2020,05,06,5,2,5,3,0,1,1,0,0,0,0,362365.441100000400000,5730146.412100000300000,7.008099807000065,51.705360567000071,0,05200507701610833209
05,5,58,032,2020,05,15,6,3,3,5,0,0,1,0,1,0,0,383169.265800000170000,5754909.643600000100000,7.300672069000029,51.932632646000059,0,05200508706100022208
05,5,58,036,2020,05,19,2,2,9,1,0,0,1,0,0,0,0,383716.232200000440000,5729494.900599999400000,7.317157105000035,51.704336358000035,0,05200511706300987295
05,5,62,008,2020,05,20,7,3,6,4,0,1,0,1,0,0,0,385043.618499999870000,5722983.895500000600000,7.338501344000065,51.646091111000032,0,05200509701910494209
05,5,13,000,2020,05,19,6,3,0,7,0,1,0,0,0,0,0,364114.605100000280000,5709981.942399999100000,7.041216775000066,51.524583510000070,0,05200508700100473524
05,5,15,000,2020,05,11,6,2,5,3,0,1,1,0,0,0,0,398555.595300000160000,5753733.528400000200000,7.524729977000050,51.925078912000060,0,05200508702100740200
05,5,12,000,2020,05,16,2,3,0,7,0,0,1,0,0,0,1,356375.478000000120000,5709570.408700000500000,6.929901503000053,51.518970488000036,0,05200511701400948200
05,5,66,056,2020,05,14,1,3,5,3,0,1,1,0,0,0,0,416436.235100000170000,5794657.015100000400000,7.774647240000036,52.295901017000062,0,05200510709700070260
05,5,58,036,2020,05,18,5,3,4,6,0,0,1,0,1,0,0,389677.251699999910000,5730794.429800000000000,7.402975700000070,51.717220094000027,0,05200507706300915676
05,5,70,044,2020,05,13,5,3,5,3,0,1,0,0,0,0,1,422127.195000000300000,5757863.290999999300000,7.866504508000048,51.965999063000027,0,05200507711141380988
05,5,62,028,2020,05,09,1,3,5,3,0,0,1,0,0,0,0,381765.850100000390000,5722808.718900000700000,7.291208372000028,51.643837051000048,0,05200510701920548202
05,5,66,028,2020,05,21,7,3,0,1,2,1,0,0,0,0,0,411112.291199999860000,5796938.523000000000000,7.695997437000074,52.315571957000031,0,05200509709700047179
05,5,54,040,2020,05,17,5,2,5,2,0,0,1,0,0,0,0,346309.957000000400000,5739620.383999999600000,6.771731941000041,51.786312624000061,0,05200507705000721195
05,5,70,040,2020,05,11,6,2,6,4,0,0,1,1,0,0,0,419308.894100000150000,5744358.590600000700000,7.828653577000068,51.844200398000055,0,05200508711231502636
05,5,66,040,2020,05,17,2,2,5,3,0,0,1,0,0,0,0,415599.284400000240000,5782331.354800000800000,7.765456080000035,52.184983924000051,0,05200511709800781124
05,5,58,036,2020,05,15,7,3,5,2,0,0,1,0,0,0,0,391224.041699999940000,5731485.763399999600000,7.425141839000048,51.723735919000035,0,05200509706300753113
05,5,66,064,2020,05,12,3,2,8,7,0,0,1,0,0,0,0,397591.352199999620000,5771338.378799999100000,7.505450350000047,52.083133034000070,0,05200512709110887270
05,5,62,032,2020,05,14,5,2,8,1,0,0,0,0,1,0,0,377760.411500000390000,5717899.500600000800000,7.235061457000029,51.598860186000081,0,05200507701110031208
05,5,54,024,2020,05,16,6,3,2,6,0,0,1,0,0,0,0,368900.912299999970000,5774112.522900000200000,7.085900877000029,52.102010669000038,0,05200508702340003172
05,5,58,024,2020,05,09,2,2,5,3,0,0,1,0,0,0,0,385251.288300000130000,5736992.829500000900000,7.336889426000028,51.772040573000027,0,05200511706300062202
05,5,54,004,2020,05,16,7,2,1,6,0,0,1,0,1,0,0,361653.851099999620000,5770486.837500000400000,6.981630920000043,52.067668269000080,0,05200509705000070577
05,5,62,016,2020,05,11,6,3,5,2,0,1,0,0,0,0,1,374381.188000000080000,5734050.876000000200000,7.180488896000043,51.743268143000080,0,05200508701700187209
05,5,66,068,2020,05,14,1,3,5,3,0,0,1,0,1,0,0,375601.571499999610000,5786417.051400000200000,7.179170700000043,52.214128739000046,0,05200510709300248146
05,5,66,028,2020,05,14,5,3,0,1,0,1,0,0,0,0,0,416199.997700000180000,5790878.266300000300000,7.772123190000059,52.261899888000073,0,05200507709700259205
05,5,66,028,2020,05,15,7,2,2,6,0,1,0,0,0,0,0,410901.395999999720000,5789235.991000000400000,7.694940150000036,52.246305949000032,0,05200509709500353203
05,5,58,016,2020,05,17,5,2,5,3,0,0,1,0,1,0,0,375923.281999999660000,5743216.585000000900000,7.199536110000054,51.825982613000065,0,05200507706100886203
05,5,54,052,2020,05,19,7,2,9,1,0,0,0,0,0,0,1,379249.131900000390000,5768972.035199999800000,7.238728068000057,52.058170844000074,0,05200509705000972375
05,5,15,000,2020,05,17,3,3,9,1,0,0,1,0,0,0,0,403908.701600000260000,5754763.557499999200000,7.602264937000030,51.935286949000044,0,05200512702100844592
05,5,13,000,2020,05,14,5,3,1,5,0,0,1,0,1,0,0,365046.175499999900000,5717718.055500000700000,7.051667499000075,51.594327008000050,0,05200507700000137293
05,5,15,000,2020,05,17,6,3,0,3,0,1,1,0,0,0,0,405702.277200000360000,5753881.491599999400000,7.628587715000037,51.927665323000042,0,05200508702100771202
05,5,62,024,2020,05,15,2,3,4,2,0,0,1,0,0,0,0,373037.746199999940000,5725521.066999999800000,7.164146954000046,51.666309808000051,0,05200511701500170547
05,5,54,012,2020,05,13,5,3,5,2,0,1,1,0,0,0,0,352594.088999999690000,5746389.085999999200000,6.859891702000027,51.848820068000066,0,05200507705000208064
05,5,66,036,2020,05,13,6,2,5,3,0,0,1,0,1,0,0,386595.510900000110000,5771502.847300000500000,7.344991521000054,52.082467835000045,0,05200508709300972411
05,5,66,064,2020,05,18,2,2,0,1,0,0,0,0,0,1,0,393589.328700000420000,5770573.718699999200000,7.447306207000054,52.075505815000042,0,05200511709110170536
05,5,15,000,2020,05,19,7,3,2,6,0,0,1,0,1,0,0,408859.556200000460000,5753188.658099999700000,7.674675333000039,51.921963576000053,0,05200509702100791204
05,5,13,000,2020,05,18,6,3,2,6,0,0,1,0,0,0,0,365623.468000000340000,5709902.618000000700000,7.062983790000033,51.524231692000058,0,05200508700100477746
05,5,66,028,2020,05,17,1,3,5,3,0,1,1,0,0,0,0,411788.110999999570000,5793324.179099999400000,7.706855874000041,52.283194500000036,1,05200510709700170493
05,5,66,012,2020,05,12,5,3,5,3,0,1,1,0,0,0,0,404921.249900000170000,5769592.707200000100000,7.612873954000065,52.068750095000041,0,05200507709100240203
05,5,70,020,2020,05,17,5,2,0,1,0,0,0,0,1,0,0,432760.745000000110000,5745290.542199999100000,8.023711441000046,51.854360740000061,0,05200507711421580981
05,5,15,000,2020,05,12,1,3,5,3,0,1,1,0,0,0,0,413523.891699999570000,5752562.299799999200000,7.742641267000067,51.917077309000035,0,05200510702100800208
05,5,66,056,2020,05,13,7,3,5,3,0,1,1,0,0,0,0,415919.407499999740000,5801713.633800000000000,7.765305744000045,52.359249658000067,0,05200509709700351205
05,5,54,028,2020,05,22,4,3,7,7,2,0,1,0,0,0,0,360817.261800000440000,5741181.006400000300000,6.981291002000035,51.804132937000077,0,05200513071400994205
05,5,58,012,2020,05,02,5,2,5,3,2,0,1,0,0,0,0,375816.892400000240000,5759530.037599999500000,7.192116428000077,51.972562231000040,0,05200507706000003200
05,5,70,020,2020,05,08,2,3,0,3,0,1,0,0,0,1,0,427840.936099999580000,5741545.771800000200000,7.953071225000031,51.820081936000065,0,05200511711421576329
05,5,54,008,2020,05,12,7,3,5,2,0,1,1,0,0,0,0,332944.468899999750000,5745373.482300000300000,6.575359306000053,51.834163416000081,0,05200509705000181000
05,5,66,008,2020,05,17,7,3,3,6,0,1,0,0,0,0,0,400415.072700000370000,5782508.848600000100000,7.543373671000040,52.184046740000042,0,05200509709100770516
05,5,70,052,2020,05,16,4,3,5,2,0,0,1,0,1,0,0,430395.515100000430000,5755760.256200000600000,7.987260500000048,51.948190431000057,0,05200506711112302754
05,5,66,068,2020,05,15,3,3,2,1,0,0,1,0,0,0,0,371197.247899999840000,5785607.446599999400000,7.115049460000023,52.205841891000034,0,05200512709300060719
05,5,66,032,2020,05,20,4,3,9,7,1,0,1,0,0,0,0,412083.694400000390000,5774989.809299999800000,7.715946822000035,52.118445538000060,0,05200506709800280991
05,5,62,020,2020,05,17,5,3,5,3,0,0,1,0,0,0,0,371557.859000000170000,5717315.445399999600000,7.145769897000037,51.592231129000027,0,05200507701200045205
05,5,58,036,2020,05,14,2,3,0,1,0,1,0,0,0,0,0,386694.353699999860000,5727183.386900000300000,7.360987603000069,51.684170334000044,0,05200511706300987254
05,5,13,000,2020,05,16,7,3,0,7,0,0,1,0,0,0,0,368423.097299999560000,5716645.727000000000000,7.100793029000045,51.585489226000050,0,05200509700200311209
05,5,66,028,2020,05,11,4,2,0,4,0,0,1,1,0,0,0,412572.777700000440000,5792372.625199999700000,7.718602322000038,52.274767047000068,0,05200506709700068339
05,5,66,048,2020,05,20,4,1,8,1,0,0,0,0,1,0,0,426207.161999999550000,5789166.382999999400000,7.919096780000075,52.247945499000082,0,05200506709700045589
05,5,66,012,2020,05,14,4,2,0,6,0,0,1,0,0,1,0,404722.044099999590000,5774495.062899999300000,7.608598423000046,52.112779060000037,0,05200506709000265868
05,5,15,000,2020,05,14,6,3,3,2,0,1,1,0,0,0,0,404680.878800000060000,5759559.368200000400000,7.612162796000064,51.978526349000049,0,05200508702100264029
05,5,13,000,2020,05,13,2,3,5,2,0,0,1,0,0,0,0,364558.247000000440000,5715517.811000000700000,7.045476488000077,51.574437724000063,0,05200511700200404207
05,5,54,056,2020,05,18,4,3,3,3,0,0,1,0,1,0,0,357660.065000000410000,5762510.868799999400000,6.926723813000024,51.994992246000038,0,05200506705000449719
05,5,66,048,2020,05,00,1,3,9,7,0,0,1,0,0,0,0,427293.958899999970000,5799471.792099999300000,7.932788623000022,52.340724963000071,0,05200510709700069049
05,5,62,032,2020,05,08,4,2,2,6,0,0,0,0,0,1,0,379142.580000000070000,5717565.628599999500000,7.255122699000026,51.596157817000062,0,05200506702340572346
05,5,66,020,2020,05,17,5,3,5,2,0,1,1,0,0,0,0,409690.158400000070000,5807444.034700000700000,7.672312678000026,52.409763304000080,0,05200507709700381515
05,5,13,000,2020,05,14,1,3,6,4,0,0,1,1,0,0,0,367372.429200000130000,5707295.900499999500000,7.089160279000055,51.501219340000034,1,05200510700100325206
05,5,66,056,2020,05,10,7,3,3,2,0,1,0,0,1,0,0,419094.471699999650000,5796501.409700000700000,7.813174320000030,52.312877395000044,0,05200509709700011896
05,5,15,000,2020,05,13,4,3,5,2,0,1,0,0,0,0,1,406309.736200000160000,5756677.391200000400000,7.636657817000071,51.952898851000043,0,05200506702100768301
05,5,54,008,2020,05,16,5,3,7,7,0,0,0,0,1,0,0,335045.756400000300000,5750543.847699999800000,6.603360539000050,51.881234895000034,0,05200507705000620713
05,5,54,056,2020,05,21,2,3,5,3,1,0,1,0,0,0,0,355581.012099999930000,5759986.042600000300000,6.897525787000063,51.971770131000028,0,05200518705000187273
05,5,66,028,2020,05,04,1,3,0,1,2,0,1,0,0,0,0,412011.445700000040000,5790344.512800000600000,7.710906141000066,52.256448267000053,0,05200517709700681204
05,5,15,000,2020,05,09,3,2,1,7,0,0,1,0,1,0,0,406257.635400000030000,5751171.640599999600000,7.637399682000023,51.903401515000041,0,05200519702100237205
05,5,66,040,2020,05,01,6,3,0,1,2,0,0,0,1,0,0,422024.805999999870000,5783186.638000000300000,7.859225518000073,52.193617831000040,0,05200515709800600966
05,5,66,008,2020,05,03,6,3,5,3,2,0,1,0,0,0,0,399225.848000000230000,5780803.727000000000000,7.526491692000036,52.168505607000043,0,05200515709110787270
05,5,54,056,2020,05,17,6,3,3,6,0,1,0,0,0,0,0,357214.860500000420000,5762506.026599999500000,6.920245740000041,51.994834455000046,0,05200515705000287273
05,5,62,012,2020,05,13,2,3,3,6,0,0,1,0,1,0,0,359702.377700000070000,5725177.499199999500000,6.971581684000057,51.660051394000050,0,05200518701610968201
05,5,54,040,2020,05,14,1,3,2,6,0,0,1,0,0,0,0,352154.302199999800000,5736521.087300000700000,6.857720192000045,51.760040237000055,0,05200517705000182365
05,5,70,052,2020,05,13,3,3,4,3,0,1,0,0,0,0,0,430387.131099999880000,5757071.811599999700000,7.986872816000073,51.959979769000029,0,05200519711111676726
05,5,54,048,2020,05,10,6,3,0,3,0,1,1,0,0,0,0,338713.274000000210000,5743087.961699999900000,6.660075516000063,51.815326448000064,0,05200515705000087252
05,5,13,000,2020,05,16,3,3,5,2,0,0,1,0,0,0,0,363227.905000000260000,5719734.596999999100000,7.024647310000034,51.612009594000028,0,05200519700200199208
05,5,54,008,2020,05,13,6,3,2,2,0,0,1,0,0,0,0,331669.804899999870000,5745408.711600000000000,6.556859806000034,51.834097228000076,0,05200515705000087235
05,5,54,068,2020,05,10,6,2,5,3,0,1,1,0,0,0,0,349450.334599999710000,5766838.664300000300000,6.805333321000035,52.031709919000036,0,05200515705000000484
05,5,13,000,2020,05,13,6,3,3,6,0,0,1,0,0,1,0,365275.372000000440000,5713972.553099999200000,7.056411106000041,51.560723185000029,0,05200515702340387245
05,5,15,000,2020,05,14,6,3,2,6,0,0,1,0,0,0,0,408594.215099999680000,5756453.403699999700000,7.669950390000054,51.951265676000048,0,05200515702100050183
05,5,62,004,2020,05,16,6,2,1,6,0,0,1,0,0,0,0,382972.554200000130000,5717055.642000000900000,7.310561691000032,51.592382953000026,0,05200515701800273493
05,5,62,014,2020,05,21,6,2,5,3,2,0,1,0,1,0,0,362224.640900000000000,5712512.924499999700000,7.013000059000035,51.546869681000032,0,05200515701300885406
05,5,13,000,2020,05,13,2,3,4,2,0,1,1,0,0,0,0,364608.338700000200000,5714790.899299999700000,7.046479010000041,51.567917447000070,0,05200518700200021207
05,5,62,020,2020,05,13,6,3,1,6,0,0,1,0,1,0,0,368187.755900000220000,5718225.372400000700000,7.096804722000059,51.599629903000050,0,05200515701200470200
05,5,62,032,2020,05,15,6,3,5,2,0,1,1,0,0,0,0,376606.242499999700000,5718245.726500000800000,7.218283988000053,51.601720128000068,0,05200515701110490202
05,5,62,032,2020,05,12,6,2,5,3,0,1,1,0,0,0,0,375514.293499999680000,5718275.317700000500000,7.202514854000071,51.601745767000068,0,05200515701110432204
05,5,13,000,2020,05,13,6,3,4,2,0,1,1,0,0,0,0,368847.883500000460000,5715838.331599999200000,7.107222444000058,51.578332437000029,0,05200515700000980930
05,5,62,024,2020,05,10,7,2,2,2,0,0,1,0,0,0,0,370836.711000000130000,5722096.198000000800000,7.133603265000033,51.635029842000051,0,05200516701500576206
05,5,54,064,2020,05,06,2,3,8,1,0,0,0,0,0,1,0,357992.716599999930000,5747035.573300000300000,6.937950101000070,51.856028363000064,0,05200518705000815757
05,5,58,004,2020,05,03,7,3,0,7,2,0,1,0,0,0,0,404156.130300000310000,5732762.118599999700000,7.611957949000043,51.737568423000027,0,05200516706300653113
05,5,70,036,2020,05,13,2,3,8,1,0,0,1,0,0,0,0,434240.722500000150000,5766635.985500000400000,8.041112571000042,52.046427919000052,0,05200518711121276757
05,5,15,000,2020,05,15,2,3,1,7,0,1,1,0,0,0,0,406386.591599999930000,5751115.576600000300000,7.639288793000048,51.902919263000058,0,05200518702100670512
05,5,66,024,2020,05,17,1,2,8,1,0,0,0,0,1,0,0,380687.123700000350000,5775616.134899999900000,7.257367048000049,52.118190667000079,0,05200517709300174736
05,5,62,024,2020,05,13,3,3,5,3,0,1,1,0,0,0,0,372268.348299999720000,5725510.071900000800000,7.153031818000045,51.666036624000071,0,05200519701500244202
05,5,54,012,2020,05,16,3,3,0,7,0,0,1,0,0,1,0,351938.575899999590000,5743581.830099999900000,6.851583110000036,51.823423745000071,0,05200519705000287394
05,5,62,032,2020,05,09,2,3,5,2,0,1,1,0,0,0,0,375857.890499999750000,5717322.700099999100000,7.207810642000027,51.593260270000030,0,05200518701110868209
05,5,62,004,2020,05,19,1,3,5,3,0,1,1,0,0,0,0,382722.577300000000000,5714210.868599999700000,7.307904713000028,51.566763063000053,0,05200517701800752202
05,5,66,060,2020,05,23,7,2,8,3,2,1,1,0,0,0,0,390104.427099999970000,5789492.223600000100000,7.390353964000042,52.244849088000080,0,05200516709500042490
05,5,54,008,2020,05,10,7,3,2,6,0,0,1,0,0,0,0,335415.069799999710000,5743165.710000000900000,6.612233100000026,51.815063504000079,0,05200516705000780892
05,5,66,088,2020,05,15,2,3,2,7,0,0,1,0,1,0,0,418260.509200000200000,5786160.587200000900000,7.803448732000049,52.219804516000067,0,05200518709800481941
05,5,66,076,2020,05,09,3,2,5,2,0,1,1,0,0,0,0,393748.342000000180000,5791588.993000000700000,7.443045037000047,52.264408804000027,0,05200519709500974669
05,5,62,014,2020,05,15,7,3,1,5,0,0,1,0,0,0,0,361366.944500000220000,5717649.585300000400000,6.998611806000042,51.592818354000030,0,05200516701300625204
05,5,54,004,2020,05,14,2,2,2,6,0,0,1,0,0,1,0,360445.103000000120000,5781979.532600000500000,6.959295877000045,52.170627859000035,0,05200518705000687349
05,5,70,036,2020,05,15,1,3,2,2,0,0,0,0,1,0,1,435228.303100000140000,5768149.760800000300000,8.055224109000051,52.060152523000056,0,05200517711121565808
05,5,13,000,2020,05,15,3,3,3,6,0,0,1,0,0,0,1,371449.987999999900000,5715385.156300000800000,7.144920279000075,51.574859249000042,0,05200519702340149700
05,5,62,032,2020,05,18,2,3,3,2,0,1,1,0,0,0,0,376153.096099999730000,5721051.052500000200000,7.210752973000069,51.626832593000074,0,05200518701110011208
05,5,15,000,2020,05,16,2,3,5,3,0,1,1,0,0,0,0,406292.694899999540000,5751055.630400000100000,7.637940680000042,51.902364648000059,0,05200518702100072420
05,5,58,028,2020,05,20,1,3,5,3,0,1,1,0,0,0,0,397312.951500000430000,5733520.653200000500000,7.512663728000064,51.743174349000071,0,05200517706300187272
05,5,13,000,2020,05,17,3,3,5,2,0,0,1,0,0,0,1,365480.239699999800000,5714339.056199999500000,7.059224528000073,51.564065652000068,0,05200519700200204206
05,5,66,028,2020,05,12,7,3,2,6,0,0,1,0,0,0,0,410901.383000000380000,5789240.808000000200000,7.694938689000026,52.246349243000054,0,05200516709000752883
05,5,54,012,2020,05,20,7,3,9,2,1,0,1,0,0,0,0,352156.256199999710000,5752660.032999999800000,6.850854057000049,51.905047654000043,0,05200516705000020733
05,5,58,016,2020,05,18,2,3,5,3,0,0,1,0,1,0,0,391791.147800000380000,5743087.923100000200000,7.429733049000049,51.828125053000065,0,05200518706000687405
05,5,58,012,2020,05,19,3,3,1,3,0,0,1,0,1,0,0,373771.752600000240000,5756205.334599999700000,7.163580772000046,51.942224408000072,0,05200519706200151223
05,5,70,004,2020,05,21,2,2,6,2,1,0,1,1,0,0,0,422790.818199999630000,5732902.207399999700000,7.881738350000035,51.741704963000075,0,05200518711215502938
05,5,70,048,2020,05,06,4,3,0,2,0,0,1,0,0,0,0,448391.980899999850000,5732343.134899999900000,8.252574084000059,51.739621482000075,0,05200513711321735328
05,5,66,060,2020,05,15,4,3,2,6,0,0,1,0,0,0,0,388543.917200000030000,5784235.026100000400000,7.369239018000030,52.197289008000041,1,05200513709500074722
05,5,66,076,2020,05,02,1,2,8,1,2,0,1,0,0,0,0,396062.909900000320000,5788359.480900000800000,7.477942220000045,52.235826173000078,0,05200517709500476732
05,5,62,012,2020,05,17,3,3,2,6,0,0,1,0,1,0,0,359083.655199999920000,5726885.497199999200000,6.961953445000063,51.675244298000052,0,05200519701610279200
05,5,66,008,2020,05,16,4,3,4,3,0,0,1,0,0,0,0,398878.657999999820000,5779458.467000000200000,7.521817671000065,52.156351289000042,1,05200513709100562209
05,5,66,008,2020,05,11,5,2,0,1,0,1,0,0,0,0,0,399055.277700000440000,5781295.140399999900000,7.523852331000057,52.172891116000073,0,05200514709000976750
05,5,66,008,2020,05,06,4,1,8,1,0,0,1,0,0,0,0,403668.568199999630000,5779473.699500000100000,7.591808337000032,52.157344711000064,0,05200513709000670516
05,5,58,036,2020,05,19,5,2,4,6,0,0,1,0,0,0,1,389221.466599999930000,5726797.689700000000000,7.397650140000053,51.681207960000052,0,05200514706300776729
05,5,54,064,2020,05,17,5,3,4,2,0,1,0,0,0,0,0,360502.958100000400000,5751251.130400000100000,6.972672374000069,51.894540398000061,0,05200514705000405265
05,5,54,004,2020,05,07,5,3,0,1,0,0,1,0,0,1,0,365246.820199999960000,5771833.274900000500000,7.033484174000023,52.080652485000030,0,05200514705000087378
05,5,15,000,2020,05,13,5,3,0,6,0,0,1,0,0,0,0,400810.864400000310000,5752591.681099999700000,7.557845162000035,51.915222121000056,0,05200514702330900146
05,5,12,000,2020,05,10,2,3,2,2,0,0,1,0,0,0,0,359095.657999999820000,5711468.447799999300000,6.968322138000076,51.536711410000066,0,05200518701400884205
05,5,62,008,2020,05,11,4,3,0,1,0,1,0,0,0,0,0,384115.565700000150000,5721162.921000000100000,7.325697016000049,51.629534291000027,0,05200513701910349495
05,5,58,004,2020,05,08,1,2,2,6,0,0,1,0,0,0,0,403471.127399999650000,5743047.811300000200000,7.599179650000053,51.829904905000035,0,05200517702330905088
05,5,70,052,2020,05,13,3,2,0,1,0,1,0,0,0,0,0,429407.309999999590000,5757930.319299999600000,7.972438743000055,51.967573840000057,0,05200519711111345696
05,5,62,024,2020,05,14,5,3,6,4,0,0,1,1,0,0,0,370105.613400000150000,5727239.265300000100000,7.121134079000058,51.681080448000046,0,05200514701500167206
05,5,13,000,2020,05,13,3,2,3,6,0,0,0,0,1,0,1,367064.074000000020000,5710367.433800000700000,7.083561915000075,51.528749767000079,0,05200519700100015749
05,5,62,004,2020,05,06,4,3,5,2,0,0,1,0,0,0,0,380628.157399999910000,5715772.955199999700000,7.277169883000056,51.580362905000072,0,05200513701800885414
05,5,13,000,2020,05,15,5,3,2,6,0,0,1,0,0,0,0,365035.076799999920000,5717422.168899999900000,7.051621170000033,51.591665400000068,0,05200514700200697207
05,5,62,024,2020,05,15,4,3,4,2,0,1,0,0,0,1,0,364045.770299999970000,5725203.425400000100000,7.034327773000030,51.661351819000060,0,05200513701500558209
05,5,62,032,2020,05,09,4,3,6,4,0,1,0,1,0,0,0,376099.322900000030000,5714863.734899999600000,7.212161987000059,51.571214165000072,0,05200513701120485397
05,5,13,000,2020,05,12,4,3,3,6,0,0,1,0,0,0,0,368509.801900000310000,5707710.170199999600000,7.105382935000023,51.505208039000081,0,05200513700100593209
05,5,70,004,2020,05,18,7,3,0,3,0,1,1,0,0,0,0,425292.044400000010000,5735484.523199999700000,7.917402891000052,51.765258349000078,0,05200516711212974779
05,5,54,008,2020,05,09,7,3,5,3,0,0,1,0,0,0,0,332497.615000000220000,5748540.478499999300000,6.567345845000034,51.862479000000064,0,05200516705000887252
05,5,70,052,2020,05,14,2,3,5,2,0,0,1,0,1,0,0,431757.961500000210000,5755887.683000000200000,8.007055433000062,51.949504783000066,0,05200518711113445696
05,5,15,000,2020,05,21,2,3,1,1,0,0,1,0,0,0,0,406877.085599999870000,5757728.626599999100000,7.644626192000033,51.962443174000043,0,05200518702100147546
05,5,66,012,2020,05,14,1,2,4,7,0,1,0,0,0,0,0,403021.040699999780000,5773950.704399999200000,7.583920822000039,52.107590648000041,0,05200517709100691205
05,5,62,014,2020,05,08,7,3,1,5,0,0,1,0,0,0,0,361043.234199999830000,5714897.202899999900000,6.995030739000072,51.568005448000065,0,05200516701300875203
05,5,54,012,2020,05,09,2,1,8,1,0,0,0,0,1,0,0,354815.157599999570000,5744903.271999999900000,6.892738165000026,51.836051895000026,0,05200518705000781035
05,5,66,016,2020,05,07,3,2,9,1,0,0,1,0,0,0,0,402663.487999999900000,5794056.095000000700000,7.572924763000060,52.288232577000031,0,05200519702350707722
05,5,62,032,2020,05,14,2,3,5,2,0,1,1,0,0,0,0,377678.309399999680000,5718402.700200000800000,7.233701147000033,51.603364765000038,0,05200518701110785383
05,5,62,020,2020,05,16,3,3,5,2,0,1,1,0,0,0,0,371170.370199999770000,5717570.983200000600000,7.140085339000052,51.594439133000037,0,05200519701200270209
05,5,66,012,2020,05,12,7,2,4,2,0,0,1,0,1,0,0,402933.086299999620000,5776203.255699999600000,7.581994534000046,52.127821202000064,0,05200516709110279197
05,5,54,012,2020,05,11,7,2,8,1,0,0,0,0,1,0,0,346968.640100000430000,5743338.656600000300000,6.779632759000037,51.819900014000041,0,05200516705000501676
05,5,66,076,2020,05,17,2,3,5,3,0,1,1,0,0,0,0,395372.306499999950000,5793955.752499999500000,7.466098155000054,52.285990945000037,0,05200518709300731201
05,5,66,016,2020,05,18,3,3,0,2,0,0,0,0,1,0,1,402272.581299999730000,5794548.633300000800000,7.567052662000037,52.292589983000028,1,05200519709500774722
05,5,62,020,2020,05,18,4,3,5,3,0,1,1,0,0,0,0,371123.799999999810000,5718042.108699999700000,7.139240319000066,51.598662407000063,0,05200520701200658207
05,5,66,020,2020,05,11,4,2,5,2,0,1,1,0,0,0,0,404362.443099999800000,5804436.091700000700000,7.594871381000075,52.381823648000079,0,05200520709700787219
05,5,70,028,2020,05,20,5,2,5,3,0,0,1,0,1,0,0,442083.549899999980000,5738133.972999999300000,8.160255207000034,51.791066685000033,0,05200521711411502810
05,5,58,036,2020,05,14,5,2,9,1,0,0,0,0,1,0,0,389212.847099999900000,5726811.130000000800000,7.397521251000057,51.681327060000058,0,05200521706300387254
05,5,62,032,2020,05,15,4,3,2,6,0,0,1,0,0,0,0,373515.107699999590000,5719090.886099999800000,7.173369515000047,51.608629838000070,0,05200520701110592205
05,5,62,012,2020,05,12,5,2,0,1,0,1,0,0,0,0,0,365016.149699999950000,5728752.597999999300000,7.046977089000052,51.693479405000062,0,05200521701610802202
05,5,13,000,2020,05,18,4,3,0,1,0,1,0,0,0,0,0,367205.922199999910000,5710199.859200000800000,7.085668785000053,51.527277208000044,0,05200520700100339206
05,5,13,000,2020,05,11,4,3,5,3,0,1,1,0,0,0,0,368621.552600000050000,5712456.761199999600000,7.105221856000071,51.547890551000080,0,05200520700100298201
05,5,58,020,2020,05,15,4,3,5,3,0,1,0,0,0,0,1,390464.386900000270000,5759653.630300000300000,7.405223008000064,51.976753001000077,0,05200520706300979112