ULAND,UREGBEZ,UKREIS,UGEMEINDE,UJAHR,UMONAT,USTUNDE,UWOCHENTAG,UKATEGORIE,UART,UTYP1,ULICHTVERH,IstRad,IstPKW,IstFuss,IstKrad,IstGkfz,IstSonstige,LINREFX,LINREFY,XGCSWGS84,YGCSWGS84,STRZUSTAND,UIDENTSTLAE
05,5,70,008,2020,05,21,5,3,5,3,1,1,1,0,0,0,0,431839.118400000040000,5736831.101800000300000,8.011996648000036,51.778199413000038,0,05200521711314872463
05,5,58,012,2020,05,15,5,3,3,6,0,1,0,0,0,0,0,375476.061900000090000,5754879.058399999500000,7.188842387000022,51.930689797000070,0,05200521706000603156
05,5,62,020,2020,05,10,5,2,8,1,0,1,1,0,0,0,0,368929.704400000160000,5720777.679899999900000,7.106556819000048,51.622739730000035,0,05200521701200686202
05,5,70,012,2020,05,12,4,2,8,3,0,0,0,0,1,0,1,440499.399100000040000,5752019.689300000700000,8.134898440000029,51.915735238000082,0,05200520711131060974
05,5,58,016,2020,05,16,4,3,5,3,0,1,1,0,0,0,0,380089.001199999820000,5745044.902200000400000,7.259320197000022,51.843323418000068,0,05200520706100537204
05,5,54,020,2020,05,13,4,3,5,3,0,1,1,0,0,0,0,366714.575299999680000,5782260.512800000600000,7.050804860000028,52.174702411000055,0,05200520705000821000
05,5,54,020,2020,05,23,4,2,1,5,2,1,0,0,0,1,0,363421.262699999850000,5786710.542899999800000,7.000880510000059,52.213881461000028,0,05200520705000587381
05,5,70,028,2020,05,14,5,3,5,3,0,0,1,0,0,0,0,441101.127799999900000,5742715.031400000700000,8.145233718000043,51.832148948000054,0,05200521711412102810
05,5,54,032,2020,05,23,4,3,0,1,2,1,0,0,0,0,0,322356.008799999950000,5747492.812799999500000,6.420753264000041,51.849932714000033,0,05200520705000587250
05,5,66,040,2020,05,15,5,3,5,2,0,1,1,0,0,0,0,419817.759899999950000,5785571.021400000900000,7.826379166000038,52.214733940000031,0,05200521709800472435
05,5,12,000,2020,05,15,4,3,8,7,0,0,1,0,0,1,0,357385.415300000460000,5719336.912499999600000,6.940485505000027,51.606986491000043,0,05200520702340549700
05,5,62,036,2020,05,18,5,2,0,2,0,1,1,0,0,0,0,386628.327999999750000,5719792.659299999500000,7.362428869000041,51.617730523000034,0,05200521701930270163
05,5,54,024,2020,05,17,4,3,3,6,0,0,1,0,0,1,0,369003.004900000060000,5775974.682099999900000,7.086674208000034,52.118767794000064,0,05200520702340405236
05,5,12,000,2020,05,05,4,3,3,6,1,0,1,0,0,0,0,356654.735299999830000,5713723.098600000100000,6.932232756000076,51.556356720000053,0,05200520702340081141
05,5,66,016,2020,05,15,4,2,0,7,0,1,1,0,0,0,0,408127.737800000240000,5789342.219300000000000,7.654296436000038,52.246804704000056,0,05200520709500539759
05,5,70,028,2020,05,20,5,2,0,1,0,1,0,0,0,0,1,441617.828400000000000,5741087.569199999800000,8.153005877000055,51.817571915000030,0,05200521711411481044
05,5,15,000,2020,05,18,4,3,0,1,0,1,0,0,0,0,0,407044.504999999890000,5757870.224999999600000,7.647023867000030,51.963743950000037,0,05200520702100870622
05,5,58,008,2020,05,14,5,3,9,1,0,0,0,0,0,1,0,382747.113900000230000,5760339.619699999700000,7.292681580000021,51.981343250000066,0,05200521706200566208
05,5,62,012,2020,05,11,5,2,0,1,0,1,0,0,0,0,0,364377.375799999570000,5728409.943099999800000,7.037873966000063,51.690246294000076,0,05200521701610085411
05,5,15,000,2020,05,11,4,2,0,7,0,1,0,0,0,0,0,404012.926799999550000,5753568.532700000300000,7.604113857000073,51.924563581000029,0,05200520702100272420
05,5,54,064,2020,05,15,5,1,5,3,0,1,1,0,0,0,0,358378.016800000330000,5755479.707399999700000,6.940073184000028,51.931999470000051,0,05200521705000987394
05,5,66,044,2020,05,16,5,2,3,2,0,1,0,0,1,0,0,426817.001000000160000,5774350.399000000200000,7.931225590000054,52.114844430000062,0,05200521709800679113
05,5,62,012,2020,05,07,4,3,5,3,0,1,1,0,0,0,0,361150.612200000320000,5726438.142100000800000,6.992005362000043,51.671739111000079,0,05200520701610185436
05,5,12,000,2020,05,17,4,3,2,6,0,0,1,0,1,0,0,356500.386099999770000,5721315.360400000600000,6.926903553000045,51.624539313000071,0,05200520701400615206
05,5,70,044,2020,05,08,2,3,5,2,0,1,1,0,0,0,0,416365.333399999890000,5759506.836999999400000,7.782255694000071,51.979935819000048,0,05200525711141564112
05,5,66,028,2020,05,15,2,2,8,1,0,1,0,0,0,0,0,414526.302000000140000,5792744.146999999900000,7.747132932000056,52.278413615000034,0,05200525709700157409
05,5,66,088,2020,05,14,2,3,0,7,0,1,0,0,0,0,0,414990.273000000040000,5788921.185000000500000,7.754894946000036,52.244123131000038,0,05200525709700072366
05,5,66,056,2020,05,16,2,2,5,3,0,1,1,0,0,0,0,417555.181200000460000,5800165.350199999300000,7.789700870000047,52.345581540000069,0,05200525709700068331
05,5,66,076,2020,05,16,2,2,1,1,0,0,1,0,1,0,0,395964.223100000060000,5789120.186599999700000,7.476263425000070,52.242644307000035,0,05200525709500928207
05,5,58,004,2020,05,10,2,3,4,6,0,0,1,0,0,0,0,406017.009999999780000,5730296.120400000400000,7.639565181000023,51.715717110000071,0,05200525706300835116
05,5,58,004,2020,05,12,2,1,8,1,0,0,1,0,0,0,0,408549.666699999940000,5736228.826199999100000,7.674655814000062,51.769464568000046,0,05200525706000587295
05,5,15,000,2020,05,04,2,3,3,6,1,0,1,0,0,1,0,400742.745000000110000,5753584.792400000600000,7.556568785000025,51.924136294000050,1,05200525702330561993
05,5,15,000,2020,05,19,2,3,2,6,1,0,1,0,0,0,0,407196.707999999630000,5761114.434000000400000,7.648361092000073,51.992929916000037,0,05200525702100568134
05,5,15,000,2020,05,01,2,3,5,3,2,1,1,0,0,0,0,405946.015999999830000,5756806.164999999100000,7.631331492000072,51.953994937000061,0,05200525702100105103
05,5,15,000,2020,05,14,2,3,0,2,0,1,1,0,0,0,0,405373.525999999610000,5761218.922000000300000,7.621786638000060,51.993561436000050,0,05200525702100068134
05,5,70,036,2020,05,15,1,3,5,3,0,0,1,0,0,0,0,434182.166899999600000,5760101.988700000600000,8.041515059000062,51.987682485000050,1,05200524711121553358
05,5,66,016,2020,05,18,1,2,8,1,0,0,1,0,0,0,0,403646.125199999660000,5788527.996200000900000,7.588905066000052,52.238720185000034,1,05200524709000539759
05,5,58,032,2020,05,14,1,3,8,1,0,0,1,0,0,0,0,388638.170199999590000,5751470.873199999300000,7.381295384000055,51.902847873000042,1,05200524706100058249
05,5,54,004,2020,05,16,1,3,0,1,0,0,0,0,1,0,0,362297.730000000450000,5770873.561000000700000,6.990862369000070,52.071303544000045,1,05200524705000020894
05,5,66,088,2020,05,15,1,2,9,1,0,0,1,0,0,0,0,418369.454400000160000,5789747.127599999300000,7.804176990000030,52.252058785000031,1,05200524702350143286
05,5,15,000,2020,05,17,1,3,3,7,0,0,1,0,0,0,0,408178.589399999940000,5751408.058299999700000,7.665250612000023,51.905846502000031,1,05200524702100468201
05,5,62,004,2020,05,17,1,3,1,1,0,0,1,0,0,0,0,383416.817499999890000,5719454.119100000700000,7.316174846000024,51.614031818000058,1,05200524701800185414
05,5,66,076,2020,05,14,6,3,5,3,0,1,1,0,0,0,0,392629.669999999930000,5793213.114199999700000,7.426142314000060,52.278787773000033,1,05200522709500072447
05,5,70,004,2020,05,21,7,3,5,2,2,0,1,0,1,0,0,425086.147499999960000,5735450.479199999900000,7.914427146000037,51.764924792000045,1,05200523711213076704
05,5,70,032,2020,05,17,7,3,9,1,0,0,0,0,1,0,0,416470.849999999630000,5771660.416999999400000,7.780823326000075,52.089198681000028,0,05200523711152282073
05,5,58,020,2020,05,04,6,3,8,1,2,1,0,0,0,0,0,392718.531899999830000,5755472.205299999600000,7.439334579000047,51.939611449000040,0,05200522706200581437
05,5,66,076,2020,05,11,7,3,5,3,0,1,1,0,0,0,0,392781.764999999660000,5794103.059000000400000,7.428087784000070,52.286815517000036,0,05200523709500076732
05,5,66,016,2020,05,03,7,2,9,1,2,0,0,0,1,0,0,406686.579900000240000,5790516.623999999800000,7.632868950000045,52.257117793000077,0,05200523709300876202
05,5,66,060,2020,05,12,7,3,5,3,0,0,1,0,0,0,0,388222.062400000170000,5792112.187500000000000,7.361927567000066,52.268015346000027,0,05200523709000535185
05,5,58,024,2020,05,17,7,3,0,1,0,1,0,0,1,0,0,383752.475899999960000,5738166.991000000400000,7.314783300000045,51.782283994000068,0,05200523706300287272
05,5,58,008,2020,05,18,7,3,2,6,0,0,1,0,0,0,0,383473.821000000460000,5759405.369200000500000,7.303575364000039,51.973099983000054,0,05200523706200187397
05,5,66,004,2020,05,18,7,3,8,1,0,0,0,0,1,0,0,399972.518899999560000,5766860.131999999300000,7.541500648000067,52.043318197000076,0,05200523702100069101
05,5,62,036,2020,05,13,7,2,5,2,0,0,1,0,1,0,0,388619.345800000240000,5720325.107899999200000,7.391006069000071,51.622913683000036,0,05200523701930099205
05,5,62,004,2020,05,13,6,2,8,6,0,0,1,0,0,0,0,381825.500500000080000,5718045.486800000100000,7.293676963000053,51.601039830000047,0,05200522702340279605
05,5,62,012,2020,05,18,7,3,2,6,0,0,1,0,0,0,0,360175.460400000210000,5726874.445499999400000,6.977737804000071,51.675417818000028,0,05200523701610127202
05,5,62,020,2020,05,20,7,3,2,6,0,0,1,0,0,0,0,371182.848100000060000,5717600.670199999600000,7.140254481000056,51.594708779000030,1,05200523701200138202
05,5,62,032,2020,05,17,7,2,5,3,0,0,1,0,0,0,0,376169.509800000120000,5718892.563600000000000,7.211752767000064,51.607437516000061,0,05200523701110114204
05,5,13,000,2020,05,09,7,3,0,1,0,0,0,0,1,0,0,370675.485999999570000,5707654.746999999500000,7.136590285000068,51.505209696000065,1,05200523700100536203
05,5,62,014,2020,05,09,6,3,5,3,0,1,1,0,0,0,0,360453.519399999640000,5715078.696399999800000,6.986455475000071,51.569490730000041,0,05200522701300926177
05,5,54,036,2020,05,09,5,3,1,6,0,0,1,0,0,0,0,367144.086000000130000,5768632.958000000600000,7.062400014000048,52.052353900000071,0,05200528702340087283
05,5,15,000,2020,05,14,4,3,0,3,0,1,1,0,0,0,0,405233.709499999880000,5750571.313400000300000,7.622685990000036,51.897832243000039,0,05200527702100579608
05,5,15,000,2020,05,17,6,3,2,6,0,0,1,0,0,0,0,402980.594600000420000,5763640.682800000500000,7.586259675000065,52.014915849000033,0,05200529071300799209
05,5,54,068,2020,05,07,5,3,2,6,0,0,1,0,0,0,0,350390.660400000400000,5765877.087099999200000,6.819450748000065,52.023325167000053,0,05200528705000955357
05,5,62,004,2020,05,17,5,3,8,7,0,0,1,0,0,0,0,382249.066100000400000,5714806.471100000700000,7.300876456000026,51.572017458000062,0,05200528701800435204
05,5,13,000,2020,05,14,4,3,1,1,0,1,1,0,0,0,0,368729.154400000350000,5711967.875700000700000,7.106955199000026,51.543522104000033,0,05200527700100941207
05,5,54,004,2020,05,21,5,3,5,2,1,1,1,0,0,0,0,360321.719999999740000,5771086.818000000000000,6.961963817000026,52.072724877000041,0,05200528705000287380
05,5,66,028,2020,05,11,4,3,2,7,0,0,1,0,1,0,0,410901.390700000340000,5789237.937899999300000,7.694939559000034,52.246323448000055,0,05200527709000248420
05,5,66,092,2020,05,07,5,3,2,6,0,0,1,0,0,0,0,424044.082999999630000,5796490.485999999600000,7.885768631000076,52.313486297000054,0,05200528709700448420
05,5,54,012,2020,05,16,5,1,5,3,0,1,1,0,0,0,0,349629.966000000010000,5748477.127000000300000,6.815982023000061,51.866789878000077,0,05200528705000521129
05,5,15,000,2020,05,17,5,3,2,6,0,0,1,0,0,0,0,404326.968299999830000,5765972.018100000900000,7.605220515000042,52.036104244000057,0,05200528702350005173
05,5,54,008,2020,05,12,4,3,5,3,0,1,1,0,0,0,0,340633.360100000170000,5750918.308299999700000,6.684297692000030,51.886223839000081,0,05200527705000365869
05,5,70,004,2020,05,15,3,3,2,6,0,0,1,0,0,0,0,424909.268699999900000,5735431.161499999500000,7.911868678000076,51.764727436000044,0,05200526711213402631
05,5,70,004,2020,05,16,3,3,2,6,0,0,1,0,0,0,1,423885.880599999800000,5736510.847999999300000,7.896805202000053,51.774295244000029,0,05200526711200981366
05,5,70,028,2020,05,14,5,3,3,6,0,0,1,0,0,1,0,439128.474200000060000,5739623.626100000000000,8.117152677000036,51.804145186000028,0,05200528301911387409
05,5,66,028,2020,05,18,3,3,1,5,0,1,1,0,0,0,0,412013.662999999710000,5792216.070800000800000,7.710450612000045,52.273270698000033,0,05200526709700087219
05,5,62,032,2020,05,16,5,3,2,2,0,0,1,0,0,0,0,376218.105800000020000,5719834.165100000800000,7.212121663000062,51.615910538000037,0,05200528701110867060
05,5,66,076,2020,05,17,3,3,0,2,0,1,1,0,0,0,0,394024.214300000110000,5791841.330099999900000,7.447006660000056,52.266729845000043,0,05200526709500674762
05,5,66,016,2020,05,07,3,3,2,2,0,0,1,0,0,0,0,397957.538300000130000,5798173.207599999400000,7.502706567000075,52.324381092000067,0,05200526709500061948
05,5,66,028,2020,05,13,5,3,5,3,0,0,1,0,0,0,0,409259.472900000400000,5796663.597899999500000,7.668898198000022,52.312797790000047,0,05200528709000848420
05,5,66,068,2020,05,14,3,3,9,1,0,0,1,0,0,0,0,370057.898799999620000,5785590.845799999300000,7.098392050000030,52.205425293000076,0,05200526709300036372
05,5,66,092,2020,05,15,3,3,2,6,0,0,1,0,1,0,0,422262.192999999970000,5790737.845000000700000,7.860961881000037,52.261527898000054,0,05200526709000753126
05,5,58,012,2020,05,13,3,2,2,2,0,0,1,1,0,0,0,373540.300999999980000,5758805.754000000700000,7.159258433000048,51.965540227000076,0,05200526706200987333
05,5,70,052,2020,05,05,4,2,0,1,0,0,1,0,1,1,0,435892.320000000300000,5754967.895199999200000,8.067374372000074,51.941727929000081,0,05200527711115545696
05,5,58,020,2020,05,10,3,2,5,3,0,0,1,0,1,0,0,391617.453400000000000,5758340.930199999400000,7.422418542000060,51.965181084000051,0,05200526706000587325
05,5,54,004,2020,05,17,3,3,0,7,0,0,1,0,0,0,0,361423.099999999630000,5773173.345899999100000,6.977175386000056,52.091749488000062,0,05200526705000772466
05,5,54,012,2020,05,07,3,3,5,3,0,0,1,0,0,0,0,349309.368999999950000,5745883.710400000200000,6.812459927000020,51.843402520000041,0,05200526705000587337
05,5,15,000,2020,05,11,5,3,5,3,0,0,1,0,0,0,0,403886.285000000150000,5754770.105000000400000,7.601937142000054,51.935341929000060,0,05200528702100068301
05,5,62,032,2020,05,11,4,3,3,2,0,1,1,0,0,0,0,375221.266800000330000,5719099.630799999500000,7.197992672000055,51.609089118000043,0,05200527701110044208
05,5,54,020,2020,05,12,3,2,0,1,0,1,0,0,0,0,1,362173.261599999850000,5786888.853199999800000,6.982552972000065,52.215172844000051,0,05200526705000520950
05,5,54,008,2020,05,13,3,3,9,1,0,0,0,0,0,0,1,338463.851900000130000,5745629.084000000700000,6.655274566000060,51.838083086000040,0,05200526705000287235
05,5,62,024,2020,05,07,3,3,1,6,0,0,1,0,0,0,0,368752.616700000130000,5726613.197899999100000,7.101810405000038,51.675139721000050,0,05200526702340740997
05,5,12,000,2020,05,11,3,3,2,6,0,0,1,0,0,1,0,356393.123999999840000,5714460.843000000300000,6.928160312000046,51.562919372000067,0,05200526702340472362
05,5,13,000,2020,05,05,3,2,9,1,1,0,1,0,0,0,0,370486.290199999700000,5715199.135099999600000,7.131089864000046,51.572966932000043,0,05200526702340005234
05,5,15,000,2020,05,15,3,3,4,2,0,0,1,0,1,0,0,412290.338100000280000,5753463.457699999200000,7.724480633000042,51.924984754000036,0,05200526702100615203
05,5,70,052,2020,05,13,5,2,2,2,0,1,0,0,1,0,0,436078.338700000200000,5756295.452500000600000,8.069833268000025,51.953683878000049,0,05200528711115287328
05,5,62,004,2020,05,17,3,3,5,2,0,1,1,0,0,0,0,382315.861700000240000,5717947.321300000000000,7.300786872000060,51.600260234000075,0,05200526701800818204
05,5,62,016,2020,05,16,3,2,5,3,0,0,1,0,0,0,0,381727.697300000120000,5733375.422499999400000,7.287075309000045,51.738796428000057,0,05200526701700821202
05,5,54,028,2020,05,14,5,3,8,1,0,0,0,0,1,0,0,359667.683600000110000,5739340.997700000200000,6.965373317000058,51.787312035000070,0,05200528705000521134
05,5,12,000,2020,05,07,3,3,5,3,0,1,1,0,0,0,0,355510.214499999770000,5713191.798200000100000,6.915952927000035,51.551290635000043,0,05200526701400385406
05,5,62,014,2020,05,23,3,3,1,5,2,0,1,0,0,0,0,361537.772300000300000,5714495.285499999300000,7.002319962000058,51.564515407000044,0,05200526701300858208
05,5,62,020,2020,05,14,5,2,2,2,0,0,1,0,0,0,0,369290.006900000390000,5717694.165799999600000,7.112908364000020,51.595112988000039,0,05200528701200685387
05,5,62,014,2020,05,14,3,3,2,6,0,0,1,0,0,0,1,360531.604500000370000,5716182.860899999700000,6.987143053000068,51.579432139000062,0,05200526701300799209
05,5,13,000,2020,05,12,3,3,0,7,0,1,0,0,0,0,0,369884.425200000410000,5715032.016699999600000,7.122471726000072,51.571326490000047,0,05200526700200804208
05,5,54,012,2020,05,07,5,2,4,6,0,0,1,0,0,1,1,352778.713100000280000,5744346.913799999300000,6.863439231000029,51.830519979000030,0,05200528705000287244
05,5,58,016,2020,05,16,4,3,1,2,0,0,1,0,0,0,0,381248.630400000140000,5743219.619500000000000,7.276772060000042,51.827167184000075,0,05200527706100381078
05,5,13,000,2020,05,11,3,2,4,2,0,0,1,0,1,0,0,363951.517599999900000,5712292.605699999300000,7.037974496000061,51.545308790000036,0,05200526700200796203
05,5,13,000,2020,05,11,4,3,5,3,0,0,1,0,0,0,1,368702.546000000090000,5709250.448300000300000,7.107584874000054,51.519095025000070,0,05200527700100921205
05,5,66,076,2020,05,12,5,3,0,3,0,1,1,0,0,0,0,395263.365899999630000,5793948.091099999800000,7.464504026000043,52.285901339000077,0,05200528709500469125
05,5,54,008,2020,05,12,5,3,0,2,0,1,1,0,0,0,0,335752.121799999850000,5746210.180500000700000,6.615673915000059,51.842512445000068,0,05200528705000287399
05,5,70,048,2020,05,09,4,2,8,7,0,0,1,0,0,0,0,447220.465300000270000,5729524.202700000300000,8.236036271000046,51.714168536000045,0,05200527711322902573
05,5,62,008,2020,05,13,6,3,0,6,0,1,1,0,0,0,0,383825.406000000420000,5720439.501299999700000,7.321746684000061,51.622972593000043,0,05200529701910653202
05,5,62,016,2020,05,19,6,3,5,3,0,0,1,0,0,0,0,368899.487599999640000,5732112.458499999700000,7.101865989000032,51.724593051000056,0,05200529701700726208
05,5,62,014,2020,05,21,6,3,3,2,1,1,1,0,0,0,0,358930.349399999720000,5714676.044099999600000,6.964653824000038,51.565493502000038,0,05200529701300729205
05,5,54,040,2020,05,10,1,3,6,3,0,0,1,1,0,0,0,350454.872000000440000,5738155.395999999700000,6.832410872000025,51.774273102000052,0,05200531705000081798
05,5,62,020,2020,05,13,6,2,4,2,0,0,1,0,0,0,0,371426.601999999960000,5715576.982999999100000,7.144512773000031,51.576577842000063,0,05200529701200669207
05,5,62,032,2020,05,17,6,3,0,1,0,0,1,0,1,0,0,376037.809799999930000,5714464.610899999700000,7.211415650000049,51.567613623000057,0,05200529701120703209
05,5,62,024,2020,05,20,1,3,1,5,0,1,1,0,0,0,0,374392.777700000440000,5725761.339299999200000,7.183643440000026,51.668773662000035,0,05200531701500947203
05,5,62,032,2020,05,12,6,3,2,2,0,0,1,0,0,0,0,375236.496299999770000,5719951.613800000400000,7.197909218000063,51.616749352000056,0,05200529701110619202
05,5,13,000,2020,05,10,6,3,5,3,0,1,1,0,0,0,0,367667.830199999730000,5716211.812100000700000,7.090061403000050,51.581412955000076,0,05200529700200095203
05,5,12,000,2020,06,18,2,3,5,2,0,0,1,0,1,0,0,356688.946600000370000,5708707.419700000400000,6.934767308000062,51.511295407000034,0,05200601701400029204
05,5,62,032,2020,05,17,1,2,5,3,0,0,1,0,1,0,0,376623.560499999670000,5714721.635399999100000,7.219772488000047,51.570052041000054,0,05200531701120939200
05,5,54,012,2020,06,00,2,3,0,7,2,1,0,0,0,0,0,350265.564500000330000,5744027.157800000200000,6.827133342000025,51.826979109000035,0,05200601705000781131
05,5,66,032,2020,05,18,1,3,5,2,0,0,1,0,1,0,0,412191.707299999890000,5777996.662799999100000,7.716747572000031,52.145489807000047,0,05200531709800281124
05,5,66,028,2020,05,00,7,2,0,1,2,1,0,0,0,0,0,413520.503999999720000,5793777.517000000900000,7.732128795000051,52.287544565000076,0,05200530709700242411
05,5,66,028,2020,05,13,7,2,5,3,0,1,1,0,0,0,0,410817.001000000160000,5788367.857000000800000,7.693933475000051,52.238489275000063,0,05200530709700125207
05,5,66,020,2020,05,18,7,3,8,1,0,0,1,0,0,0,0,405570.112900000070000,5803453.692199999500000,7.612885793000032,52.373203653000076,0,05200530709000570497
05,5,15,000,2020,05,15,1,3,0,7,0,1,0,0,0,0,0,412319.016499999910000,5752446.248800000200000,7.725156637000055,51.915845731000047,0,05200531702100830204
05,5,66,024,2020,05,12,7,3,0,1,0,1,0,0,0,0,0,383350.220399999990000,5775418.375800000500000,7.296312049000051,52.116981726000063,0,05200530709000160719
05,5,54,012,2020,05,12,7,3,0,1,0,0,1,0,1,0,0,355512.425999999980000,5742009.969000000500000,6.904058509000038,51.810235787000067,0,05200530705000387244
05,5,54,012,2020,05,15,7,3,3,6,0,1,0,0,0,0,0,347988.788099999540000,5744616.981599999600000,6.793861186000072,51.831663611000067,0,05200530705000187386
05,5,58,024,2020,05,10,1,3,8,1,0,0,0,0,1,0,0,389513.706399999560000,5734940.745699999900000,7.399292821000074,51.754454388000056,0,05200531706000487304
05,5,62,004,2020,05,12,7,2,0,6,0,0,1,0,0,1,0,383341.699400000270000,5718329.308299999700000,7.315464712000050,51.603906829000039,0,05200530702340780972
05,5,62,028,2020,05,14,7,3,5,2,0,1,1,0,0,0,0,381098.208999999800000,5722059.921000000100000,7.281818307000037,51.636966487000052,0,05200530701920814201
05,5,62,028,2020,05,08,7,3,5,3,0,0,1,0,0,0,0,378472.862300000150000,5721427.617399999900000,7.244119414000068,51.630722698000056,0,05200530701920228209
05,5,62,016,2020,05,12,7,3,5,3,0,1,1,0,0,0,0,374259.176900000310000,5733957.994100000700000,7.178756175000046,51.742406066000058,0,05200530701700791200
05,5,12,000,2020,05,16,7,1,8,1,0,0,0,0,1,0,0,355609.220300000160000,5720190.561400000000000,6.914501830000063,51.614204394000069,0,05200530701400386110
05,5,12,000,2020,05,05,1,3,0,1,0,0,1,0,0,0,0,360158.547199999910000,5712214.680900000000000,6.983341042000063,51.543681428000070,0,05200531701400888204
05,5,12,000,2020,05,17,7,2,4,2,0,0,1,0,1,0,0,354040.474000000390000,5720137.517999999200000,6.891882269000064,51.613323237000031,0,05200530701400171478
05,5,62,014,2020,05,11,7,3,5,2,0,1,1,0,0,0,0,361493.951999999580000,5713404.221000000800000,7.002117975000033,51.554700162000074,0,05200530701300787203
05,5,62,020,2020,05,22,7,3,0,1,1,1,0,0,0,0,0,372684.720300000160000,5715933.764699999200000,7.162529675000030,51.580069791000028,0,05200530701200854205
05,5,62,032,2020,05,19,7,3,5,3,0,1,1,0,0,0,0,376182.451000000350000,5716112.162000000500000,7.212920756000074,51.582452332000059,0,05200530701120867203
05,5,13,000,2020,05,16,7,3,2,6,0,1,0,0,0,0,0,364664.947200000290000,5716643.283800000300000,7.046581559000060,51.584577271000057,0,05200530700200198202
05,5,13,000,2020,05,09,7,3,8,7,0,0,0,0,1,0,0,365000.274199999870000,5717281.783700000500000,7.051173069000072,51.590395507000039,0,05200530700200180209
05,5,13,000,2020,05,02,1,3,0,5,2,0,1,0,0,0,0,366922.840400000100000,5706379.180400000900000,7.083032433000028,51.492875383000069,0,05200531700100221204
05,5,13,000,2020,05,20,7,3,8,1,0,0,1,0,1,0,0,370165.806499999950000,5710167.861899999900000,7.128324869000039,51.527677952000033,0,05200530700100210204
05,5,62,036,2020,06,20,2,2,3,2,0,1,0,0,0,0,0,388620.338000000450000,5720323.549799999200000,7.391020892000029,51.622899875000030,0,05200601701930585435
05,5,58,016,2020,05,17,1,2,5,3,0,0,0,0,1,0,1,387733.464999999850000,5747269.243000000700000,7.369517875000042,51.864904202000048,0,05200531706100931208
05,5,54,012,2020,05,14,1,3,5,3,0,0,1,0,1,0,0,351992.504999999890000,5754397.357000000800000,6.847729022000067,51.920613592000052,0,05200531705000087394
05,5,62,014,2020,05,10,1,2,9,1,0,0,0,0,1,0,0,359530.120799999680000,5715099.989600000900000,6.973132001000067,51.569452788000035,0,05200531701300901205
05,5,62,016,2020,05,11,1,2,3,2,0,0,1,0,1,0,0,383535.900700000110000,5732880.391000000800000,7.313416666000023,51.734726031000037,0,05200531701700085651
05,5,62,016,2020,06,13,2,2,1,6,0,0,0,0,1,0,0,374878.878200000150000,5732943.519500000400000,7.188091924000048,51.733427835000043,0,05200601701700003208
05,5,58,020,2020,06,13,2,3,2,6,0,0,1,0,1,0,0,392909.238699999640000,5755503.962700000000000,7.442097867000030,51.939933612000061,0,05200601706000020577
05,5,58,012,2020,05,18,1,2,0,1,0,0,1,0,0,0,0,375044.302299999630000,5752564.278899999300000,7.183406072000025,51.909791143000064,0,05200531706000487325
05,5,62,016,2020,05,16,1,3,0,1,0,0,1,0,0,0,0,374918.941100000400000,5740455.464400000900000,7.185966947000054,51.800945216000059,0,05200531702330774733
05,5,12,000,2020,05,20,1,2,5,3,0,1,1,0,0,0,0,360267.427099999970000,5711384.861899999900000,6.985239583000066,51.536251559000050,0,05200531701400958203
05,5,13,000,2020,05,01,1,2,8,7,2,1,0,0,0,0,0,367183.735000000340000,5713314.989000000100000,7.084173578000048,51.555266528000061,0,05200531700200220205
05,5,54,068,2020,06,12,2,3,5,3,0,1,1,0,0,0,0,341753.752700000070000,5769584.585500000000000,6.691959968000049,52.054235761000029,0,05200601705000176745
05,5,58,036,2020,05,15,1,3,8,1,0,1,0,0,0,0,0,389980.496299999770000,5726088.392599999900000,7.408847998000056,51.674982025000077,0,05200531706300187405
05,5,15,000,2020,05,20,1,3,1,6,1,0,1,0,0,0,0,408354.151100000370000,5756524.720799999300000,7.666439211000068,51.951867211000035,0,05200531702100439947
05,5,54,032,2020,05,11,1,3,0,3,0,0,1,0,1,0,0,327831.627000000330000,5746392.232000000800000,6.500719748000051,51.841762087000063,0,05200531705000587403
05,5,13,000,2020,05,02,7,1,6,4,2,0,1,1,0,0,1,369822.483000000010000,5715000.091900000300000,7.121590264000076,51.571025290000080,0,05200530071400807204
05,5,12,000,2020,05,15,1,2,2,6,0,0,1,0,1,0,0,355543.477599999870000,5712486.122300000900000,6.916722102000051,51.544958157000053,0,05200531701400385395
05,5,58,016,2020,06,11,2,2,9,7,0,1,0,0,0,0,0,380639.864699999800000,5739854.976299999300000,7.269101577000072,51.796798940000031,0,05200601706100376624
05,5,70,016,2020,05,16,6,3,1,2,0,0,1,0,1,0,0,411770.544999999930000,5734851.482000000800000,7.721671412000035,51.757600419000028,0,05200529711221102909
05,5,12,000,2020,06,22,2,2,8,1,2,0,1,0,0,0,0,359220.347299999560000,5708110.245899999500000,6.971460520000051,51.506565548000026,0,05200601500630808702
05,5,70,032,2020,05,12,6,3,2,6,0,0,0,0,0,1,0,419335.613900000230000,5764224.963300000900000,7.824383128000022,52.022786536000069,0,05200529711151069095