ULAND,UREGBEZ,UKREIS,UGEMEINDE,UJAHR,UMONAT,USTUNDE,UWOCHENTAG,UKATEGORIE,UART,UTYP1,ULICHTVERH,IstRad,IstPKW,IstFuss,IstKrad,IstGkfz,IstSonstige,LINREFX,LINREFY,XGCSWGS84,YGCSWGS84,STRZUSTAND,UIDENTSTLAE
05,5,66,056,2020,05,15,6,3,0,7,0,1,0,0,0,0,0,417005.976200000380000,5796263.898099999900000,7.782603584000071,52.310430795000059,0,05200529709700369049
05,5,66,076,2020,05,14,6,3,2,6,0,0,1,0,0,0,0,393730.247399999760000,5793013.077400000800000,7.442331363000051,52.277203866000036,0,05200529709500105205
05,5,66,080,2020,05,15,6,2,5,3,0,1,1,0,0,0,0,405639.277599999680000,5781428.685799999200000,7.620063866000066,52.175256651000041,0,05200529709100111200
05,5,62,016,2020,06,19,2,2,2,2,0,0,0,0,1,0,0,378653.148199999700000,5733705.191400000800000,7.242454243000054,51.741102841000043,0,05200601701700035209
05,5,54,004,2020,05,14,6,3,2,7,0,0,1,0,0,0,0,364877.379399999980000,5772953.414200000500000,7.027652368000076,52.090627453000081,0,05200529705000718397
05,5,54,040,2020,05,11,6,3,8,1,0,0,0,0,1,0,0,352142.040099999870000,5736532.127800000800000,6.857537951000040,51.760136199000044,0,05200529705000587300
05,5,54,012,2020,05,22,6,2,7,1,2,1,0,0,0,0,0,349944.652999999930000,5745436.846999999100000,6.821868836000022,51.839558668000052,0,05200529705000415757
05,5,54,056,2020,05,14,6,3,0,6,0,0,0,0,1,0,0,356856.097699999810000,5763370.862999999900000,6.914662695000061,52.002512658000057,0,05200529705000087236
05,5,13,000,2020,05,19,6,3,3,6,0,0,1,0,0,0,0,367628.376699999910000,5710856.267599999900000,7.091508436000026,51.533275333000063,0,05200529702340879605
05,5,12,000,2020,05,15,6,3,2,6,0,0,1,0,1,0,0,356295.131699999790000,5714035.492000000600000,6.926921424000057,51.559072318000062,0,05200529702340340997
05,5,15,000,2020,05,20,6,3,3,2,0,1,1,0,0,0,0,405723.748900000010000,5753793.796499999200000,7.628923913000051,51.926880713000060,0,05200529702100804207
05,5,15,000,2020,05,15,6,3,0,1,0,1,0,0,0,0,0,405574.321399999780000,5754356.275100000200000,7.626597088000040,51.931911214000081,0,05200529702100794204
05,5,15,000,2020,05,22,6,3,4,1,2,1,0,0,0,0,0,406477.680800000210000,5756264.820499999400000,7.639213203000054,51.949218728000062,0,05200529702100557491
05,5,58,016,2020,05,19,1,3,5,3,0,1,1,0,0,0,0,381770.661399999630000,5744189.949899999400000,7.284012207000046,51.835998438000047,0,05200531706000581060
05,5,15,000,2020,05,08,6,3,5,3,0,1,0,0,0,0,0,406384.718500000420000,5757328.532199999300000,7.637571178000030,51.958764247000033,0,05200529702100364215
05,5,15,000,2020,06,15,5,3,0,7,0,1,0,0,0,0,0,407163.647099999710000,5756899.567099999600000,7.649019801000065,51.955039082000042,1,05200604702100987204
05,5,66,028,2020,06,18,3,3,4,2,0,0,1,0,0,0,0,412790.877000000330000,5794403.260999999900000,7.721272688000056,52.293053616000066,0,05200602709700442448
05,5,66,076,2020,06,12,5,3,2,5,0,0,0,0,0,1,1,393052.242300000040000,5798063.593699999200000,7.430793460000075,52.322462018000067,0,05200604709500572447
05,5,62,012,2020,06,09,4,3,1,2,0,0,1,0,0,0,0,359317.182000000030000,5726270.313999999300000,6.965576371000054,51.669774926000059,0,05200603701610486201
05,5,70,020,2020,06,16,5,3,9,1,0,0,1,0,0,0,0,433429.897599999790000,5747292.378900000800000,8.033039980000069,51.872437245000071,1,05200604711422454976
05,5,54,008,2020,06,07,4,2,5,3,0,1,1,0,0,0,0,331646.883000000380000,5745901.836999999400000,6.556287524000027,51.838520078000045,0,05200603705000187399
05,5,15,000,2020,06,14,3,3,2,6,0,0,1,0,0,0,0,405943.915699999780000,5752585.060799999200000,7.632455088000029,51.916053217000069,0,05200602702100168281
05,5,54,012,2020,06,10,5,3,5,2,0,0,1,0,0,0,0,351936.777999999930000,5743857.323999999100000,6.851439232000075,51.825898554000048,1,05200604705000315730
05,5,13,000,2020,06,21,3,2,0,7,1,1,0,0,0,0,0,366929.330699999820000,5714889.499900000200000,7.079910071000029,51.569356043000028,0,05200602700200452200
05,5,62,020,2020,06,17,5,2,2,6,0,0,1,0,0,0,0,371420.008500000460000,5718707.598600000100000,7.143270684000072,51.604710759000056,1,05200604701200585383
05,5,58,040,2020,06,09,4,3,5,3,0,1,1,0,0,0,0,371412.531800000000000,5763923.308299999700000,7.126385669000058,52.011039363000066,0,05200603706200649716
05,5,70,004,2020,06,11,5,2,8,1,0,0,1,0,0,0,0,424614.189199999910000,5736152.158800000300000,7.907437066000057,51.771169317000044,1,05200604711212279152
05,5,12,000,2020,06,22,3,3,5,3,2,0,1,0,0,0,1,357212.131000000050000,5712560.513000000300000,6.940739556000040,51.546051278000050,0,05200602701400685370
05,5,58,016,2020,06,16,3,3,5,3,0,0,1,0,0,0,0,374357.075000000190000,5745804.246999999500000,7.175881657000048,51.848887011000045,0,05200602706100287398
05,5,58,004,2020,06,06,5,3,5,2,0,0,1,0,0,0,0,410524.647400000130000,5732048.941700000300000,7.704345910000029,51.732210582000050,0,05200604706300187291
05,5,13,000,2020,06,11,4,2,5,2,0,0,1,0,1,0,0,369704.847599999980000,5709020.677799999700000,7.122107807000020,51.517262198000026,0,05200603700100531201
05,5,13,000,2020,06,10,5,3,2,6,0,0,1,0,0,0,0,365307.366000000390000,5715202.583000000600000,7.056400968000048,51.571784427000068,1,05200604700200637207
05,5,54,016,2020,06,18,5,3,8,1,0,0,1,0,0,0,0,365560.762900000440000,5756276.496099999200000,7.044169086000068,51.940940529000045,1,05200604702340605242
05,5,70,008,2020,06,19,6,3,8,1,0,0,1,0,0,0,0,437275.135700000450000,5738909.548200000100000,8.090405672000031,51.797520676000033,1,05200605031100040204
05,5,70,016,2020,06,16,3,3,0,1,0,0,1,0,0,0,0,412882.372000000440000,5732678.031999999700000,7.738320575000046,51.738236980000067,0,05200602711221977896
05,5,66,072,2020,06,15,5,3,8,1,0,0,1,0,0,0,0,411961.387400000360000,5801296.050000000700000,7.707308829000056,52.354874917000075,1,05200604709700011895
05,5,62,008,2020,06,10,4,3,5,2,0,1,0,0,0,0,1,384564.120400000360000,5721745.112999999900000,7.331982826000058,51.634859075000065,0,05200603701910385483
05,5,54,020,2020,06,11,4,3,0,7,0,0,0,0,1,0,0,365257.877799999900000,5786244.025599999400000,7.027931589000048,52.210141836000048,1,05200603705000820955
05,5,15,000,2020,06,10,3,3,0,3,0,0,0,0,0,0,1,407851.268000000160000,5756792.740000000200000,7.659051926000075,51.954193227000076,0,05200602702100842666
05,5,54,008,2020,06,17,5,3,5,3,0,1,1,0,0,0,0,335201.693300000390000,5742185.062500000000000,6.609606731000042,51.806191072000047,1,05200604705000487340
05,5,62,014,2020,06,16,3,3,0,1,0,1,0,0,0,0,0,360693.646599999630000,5716472.587500000400000,6.989365214000031,51.582075712000062,0,05200602701300351201
05,5,62,004,2020,06,15,5,2,5,2,0,1,1,0,0,0,0,382590.552500000220000,5714776.953900000100000,7.305811582000047,51.571823386000062,1,05200604701800945208
05,5,66,076,2020,06,13,4,3,5,2,0,0,1,0,1,0,0,392854.791100000030000,5794064.803899999700000,7.429170135000049,52.286485955000046,0,05200603709500751486
05,5,58,024,2020,06,03,3,1,5,3,2,0,1,0,0,0,0,393887.421299999580000,5738557.777100000500000,7.461528177000048,51.787810189000027,0,05200602706300174760
05,5,70,004,2020,06,17,5,3,5,3,0,0,1,0,0,0,0,424349.894299999810000,5730245.657600000500000,7.904892107000023,51.718035956000051,1,05200604711214572472
05,5,54,044,2020,06,14,4,2,9,1,0,1,0,0,0,0,0,367220.408300000240000,5745555.687300000300000,7.072426622000023,51.845001653000054,0,05200603705000115785
05,5,15,000,2020,06,23,3,3,0,2,2,0,1,0,0,0,0,402295.523299999540000,5754691.738800000400000,7.578827929000056,51.934360537000032,0,05200602702100055909
05,5,54,020,2020,06,12,5,3,2,6,0,1,1,0,0,0,0,366217.998499999750000,5783902.716900000300000,7.042899516000034,52.189338153000051,1,05200604705000187350
05,5,66,060,2020,06,14,5,3,0,2,0,1,0,0,0,0,0,387928.360000000340000,5788240.905999999500000,7.358909985000025,52.233164827000053,1,05200604709500072447
05,5,62,024,2020,06,12,4,3,5,3,0,1,1,0,0,0,0,370503.517799999560000,5726261.536699999100000,7.127248846000043,51.672385836000046,0,05200603701500472201
05,5,13,000,2020,06,16,3,3,3,6,0,0,1,0,0,0,0,365885.233400000260000,5709868.830600000900000,7.066767645000027,51.523990282000057,0,05200602700100665435
05,5,62,032,2020,06,15,5,3,0,2,0,1,1,0,0,0,0,376190.471499999990000,5716078.882300000600000,7.213048192000031,51.582155002000036,1,05200604701120947206
05,5,58,016,2020,06,09,4,3,0,7,0,0,1,0,0,0,0,379488.806699999610000,5749238.812300000300000,7.249148922000074,51.880884753000032,0,05200603706100025208
05,5,66,088,2020,06,20,5,3,4,6,1,0,1,0,0,0,0,420931.271499999800000,5787961.900299999900000,7.842114959000071,52.236385943000073,1,05200604709800479184
05,5,62,032,2020,06,08,4,3,2,6,0,0,0,0,0,1,0,380655.258100000210000,5717785.384400000800000,7.276876506000065,51.598455395000030,0,05200603702340472346
05,5,66,084,2020,06,02,2,3,8,1,2,0,1,0,0,0,0,381748.597500000150000,5781373.290899999400000,7.270859555000072,52.170156223000049,0,05200601709300079098
05,5,12,000,2020,06,10,3,3,5,2,0,1,1,0,0,0,0,356420.487700000410000,5710074.726900000100000,6.930344290000051,51.523513645000037,0,05200602701400226201
05,5,66,012,2020,06,16,3,3,3,1,0,0,0,0,1,1,0,406533.551900000310000,5770541.844100000300000,7.636128960000065,52.077555656000072,0,05200602702350542420
05,5,58,004,2020,06,18,2,2,0,1,0,1,0,0,0,0,0,407568.832399999720000,5732335.304999999700000,7.661480366000035,51.734305074000076,0,05200601706300187272
05,5,58,036,2020,06,19,5,3,0,1,0,0,0,0,1,0,0,388924.279699999840000,5729678.756500000100000,7.392435954000064,51.707043965000082,1,05200604706300087254
05,5,58,008,2020,06,08,2,2,8,1,0,0,0,0,1,0,0,385114.791199999860000,5765586.619599999900000,7.325381772000071,52.028993244000048,0,05200601706200787342
05,5,13,000,2020,06,12,2,3,1,6,0,0,1,0,0,0,0,368458.957999999630000,5707838.786100000100000,7.104602794000073,51.506352051000079,0,05200608700100008204
05,5,66,044,2020,06,17,6,3,8,1,0,1,0,0,0,0,0,426104.798799999990000,5779111.992100000400000,7.919791536000048,52.157552390000035,1,05200605709800323203
05,5,12,000,2020,06,12,3,3,1,1,0,0,1,0,0,0,0,359645.246600000190000,5711452.952299999100000,6.976247419000060,51.536709077000069,0,05200609701400055207
05,5,66,060,2020,06,08,6,3,8,1,0,0,1,0,0,0,0,390453.294800000270000,5784344.649100000000000,7.397128532000068,52.198656903000028,0,05200605709500297204
05,5,54,008,2020,06,14,3,3,5,3,0,1,1,0,0,0,0,335201.974999999630000,5742186.566999999800000,6.609610098000076,51.806204670000056,0,05200609705000670620
05,5,66,036,2020,06,06,6,3,2,6,0,0,1,0,0,0,0,388243.021999999880000,5768225.584000000700000,7.370097402000056,52.053349424000032,0,05200605709300140735
05,5,58,032,2020,06,17,6,3,8,1,0,0,1,0,0,0,0,390664.515900000000000,5754088.131200000600000,7.409906182000043,51.926772140000026,1,05200605706100887369
05,5,58,032,2020,06,09,2,3,1,6,0,0,1,0,0,1,0,386694.688900000420000,5755351.704500000900000,7.351781218000042,51.937334467000028,0,05200608706000887240
05,5,58,024,2020,06,06,6,3,4,2,0,1,1,0,0,0,0,392175.594999999740000,5736410.288000000600000,7.437386172000061,51.768181356000071,0,05200605706000451312
05,5,58,044,2020,06,14,6,3,5,3,0,0,1,0,0,0,1,395304.004999999890000,5752241.486999999700000,7.477914655000063,51.911066582000046,1,05200605706000376763
05,5,54,020,2020,06,07,6,3,5,3,0,1,1,0,0,0,0,366764.362999999900000,5784899.230000000400000,7.050495468000065,52.198424540000076,0,05200605705000987233
05,5,15,000,2020,06,16,6,3,2,6,0,0,1,0,0,0,0,404283.769199999980000,5759014.890499999700000,7.606534625000052,51.973564137000039,1,05200605702100760729
05,5,15,000,2020,06,19,6,3,2,6,0,0,1,0,0,0,0,407837.021999999880000,5754599.084000000700000,7.659432724000055,51.934473014000048,1,05200605702100572376
05,5,15,000,2020,06,19,6,3,0,3,1,1,1,0,0,0,0,407194.418200000190000,5761114.229199999900000,7.648327808000033,51.992927693000070,1,05200605702100072467
05,5,62,004,2020,06,09,6,2,5,3,0,1,1,0,0,0,0,382493.774899999610000,5715629.398700000700000,7.304130585000053,51.579464716000075,0,05200605701800058201
05,5,66,068,2020,06,16,3,3,0,7,0,0,0,0,0,0,1,376278.251000000160000,5780971.953600000600000,7.191057520000072,52.165350479000040,0,05200609709300348146
05,5,62,016,2020,06,07,6,2,5,2,0,1,1,0,0,0,0,377257.387699999850000,5737195.113099999700000,7.221016602000020,51.772162789000049,0,05200605701700011204
05,5,62,032,2020,06,14,6,3,2,6,0,0,1,0,0,0,0,375954.559899999760000,5719278.825099999100000,7.208513615000072,51.610861597000053,1,05200605701110232209
05,5,13,000,2020,06,19,3,3,5,3,0,1,1,0,0,0,0,367486.088999999690000,5715052.001000000200000,7.087877481000021,51.570947499000056,0,05200609700200187205
05,5,62,032,2020,06,15,6,3,5,3,0,1,1,0,0,0,0,375910.319699999880000,5717172.333900000900000,7.208620316000065,51.591920452000068,1,05200605701110219200
05,5,62,032,2020,06,11,6,3,5,3,0,1,1,0,0,0,0,375236.185700000260000,5719951.015200000300000,7.197904948000030,51.616743904000032,0,05200605701110104202
05,5,62,024,2020,06,14,3,3,5,3,0,1,1,0,0,0,0,367180.784599999900000,5723484.602800000500000,7.080280012000060,51.646655380000027,0,05200609701500786129
05,5,13,000,2020,06,14,6,3,2,6,0,0,1,0,0,0,0,366295.426300000400000,5709687.653400000200000,7.072745630000043,51.522459375000039,1,05200605700100830208
05,5,70,012,2020,06,09,1,3,4,2,0,1,1,0,1,0,0,439810.840400000100000,5753479.222999999300000,8.124633284000026,51.928782489000071,0,05200607711131081020
05,5,66,048,2020,06,11,1,3,3,1,0,1,0,0,0,0,0,427089.359000000170000,5799620.240599999200000,7.929753763000065,52.342032186000040,1,05200607709700042518
05,5,66,076,2020,06,01,1,2,9,1,2,0,1,0,0,0,0,395835.104399999600000,5795963.366100000200000,7.472259599000040,52.304121902000077,0,05200607709500062076
05,5,54,012,2020,06,16,2,3,5,3,0,0,1,0,0,0,0,353734.773000000040000,5747275.504000000700000,6.876065287000074,51.857084555000029,0,05200608705000887358
05,5,62,032,2020,06,15,1,2,9,1,0,0,0,0,1,0,0,376485.480000000450000,5716445.517999999200000,7.217174863000025,51.585514777000071,0,05200607702340672346
05,5,62,016,2020,06,16,1,2,5,3,0,1,1,0,0,0,0,369609.300599999730000,5732157.852299999400000,7.112119963000055,51.725166488000070,0,05200607701700285348
05,5,66,092,2020,06,05,2,2,2,6,0,0,1,0,0,0,0,423204.395999999720000,5790867.654999999300000,7.874734884000077,52.262827096000080,0,05200608702350987344
05,5,66,012,2020,06,15,3,3,5,3,0,1,0,0,0,0,1,403318.831899999640000,5773161.576300000800000,7.588491696000062,52.100550047000070,0,05200609709100570536
05,5,54,028,2020,06,17,2,2,2,6,0,0,1,0,0,1,0,362756.400999999610000,5747682.130000000800000,7.006819517000054,51.863029898000036,0,05200608702340070606
05,5,12,000,2020,06,16,3,3,5,2,0,1,1,0,0,0,0,356031.759999999780000,5708772.535000000100000,6.925276772000075,51.511713454000073,0,05200609701400085395
05,5,15,000,2020,06,16,2,3,5,3,0,1,1,0,0,0,0,409878.451000000350000,5761082.107999999100000,7.687416745000064,51.993081018000055,0,05200608702100760729
05,5,15,000,2020,06,16,2,3,0,7,0,0,1,0,0,0,0,409032.152400000020000,5757742.094000000500000,7.675979764000033,51.962921027000050,0,05200608702100338623
05,5,70,044,2020,06,09,2,3,5,2,0,1,1,0,0,0,0,415878.900100000200000,5759604.451700000100000,7.775150898000049,51.980739836000055,0,05200608711141581965
05,5,15,000,2020,06,09,2,3,2,6,0,0,1,0,0,0,0,407859.708100000400000,5754599.798200000100000,7.659762419000060,51.934483190000037,0,05200608702100105209
05,5,62,004,2020,06,11,2,3,1,5,0,0,1,0,0,0,0,383195.210799999540000,5714151.137399999400000,7.314740607000033,51.566324316000077,0,05200608701800646204
05,5,66,068,2020,06,18,7,3,0,3,0,1,1,0,0,0,0,379340.792299999860000,5784529.002800000800000,7.234546128000034,52.197993556000029,0,05200606709300379098
05,5,66,008,2020,06,12,7,2,9,2,0,1,0,0,0,0,0,399310.680700000380000,5781640.936499999800000,7.527483197000038,52.176045698000053,0,05200606709100910023
05,5,54,056,2020,06,15,7,3,4,6,0,1,0,0,0,0,0,357472.216099999850000,5762571.539599999800000,6.923964385000033,51.995489200000065,0,05200606705000865800
05,5,54,012,2020,06,12,7,3,1,5,0,0,1,0,0,0,0,353422.512000000100000,5745323.699999999300000,6.872361688000069,51.839465704000077,0,05200606705000687358
05,5,66,056,2020,06,18,3,3,5,3,0,1,1,0,0,0,0,416183.568300000390000,5797436.600400000800000,7.770250950000047,52.320846589000041,0,05200609709700042411
05,5,62,024,2020,06,11,7,3,6,4,0,0,1,1,0,0,0,367683.049499999730000,5724446.498999999800000,7.087171273000024,51.655417856000042,1,05200606701500300200
05,5,62,032,2020,06,13,3,3,3,6,0,1,1,0,0,0,0,372446.879800000230000,5721137.626000000200000,7.157206207000058,51.626782693000052,0,05200609701110109200
05,5,12,000,2020,06,12,7,3,3,6,0,0,1,0,1,0,0,356353.481999999840000,5710180.824400000300000,6.929335843000047,51.524449979000053,1,05200606701400307203
05,5,62,014,2020,06,22,7,2,8,1,2,0,1,0,0,0,0,360881.705500000160000,5719648.779999999300000,6.990818256000068,51.610663586000044,0,05200606701300359206
05,5,62,012,2020,06,15,2,3,5,2,0,1,1,0,0,0,0,359366.388700000010000,5725064.027499999900000,6.966772909000042,51.658947787000045,0,05200608701610773202
05,5,62,012,2020,06,13,3,3,2,6,0,0,1,0,0,0,0,356368.364000000060000,5727975.675000000700000,6.922261794000065,51.684352425000043,0,05200609702340205186
05,5,12,000,2020,06,17,2,3,5,2,0,0,1,0,1,0,0,356674.697499999780000,5708717.420099999800000,6.934558045000074,51.511381655000037,0,05200608701400785395
05,5,66,012,2020,06,06,3,3,2,6,0,0,1,0,0,0,1,401704.481700000350000,5778083.030999999500000,7.563509021000073,52.144499335000035,1,05200609709110552454
05,5,12,000,2020,06,09,3,3,5,3,0,0,1,0,0,0,0,355391.182099999860000,5716103.627200000000000,6.913039329000071,51.577424851000046,0,05200609701400955202
05,5,13,000,2020,06,14,2,3,2,6,0,0,1,0,0,0,0,366783.955099999900000,5712775.324200000600000,7.078614784000024,51.550322520000066,0,05200608700200039206
05,5,13,000,2020,06,17,2,3,2,6,0,0,1,0,0,0,0,369537.493200000380000,5706999.099899999800000,7.120445124000071,51.499055913000063,0,05200608700100258203
05,5,58,028,2020,06,16,2,3,5,2,0,1,1,0,0,0,0,399596.298200000080000,5736735.327600000400000,7.544795792000059,51.772483020000038,0,05200608706000027144
05,5,13,000,2020,06,21,7,3,2,2,1,0,1,0,0,0,0,365235.155000000260000,5709902.293099999400000,7.057389901000022,51.524136245000079,0,05200613700100535200
05,5,66,012,2020,06,19,1,3,0,1,0,1,0,0,0,0,0,401135.287999999710000,5775602.466000000000000,7.555914871000027,52.122102693000045,1,05200614709500369125
05,5,66,068,2020,06,11,6,3,0,3,0,1,1,0,0,0,0,375636.615299999710000,5786386.203999999900000,7.179694692000055,52.213859452000065,0,05200612709000353119
05,5,62,014,2020,06,15,3,2,0,7,0,0,0,0,0,0,1,360545.611200000160000,5717973.956199999900000,6.986633498000060,51.595530456000063,0,05200616701300612204
05,5,62,008,2020,06,08,6,3,0,2,0,0,0,0,0,0,1,384069.193300000390000,5721121.995400000400000,7.325040883000042,51.629156912000042,0,05200612701910086669
05,5,54,024,2020,06,21,2,2,5,3,1,0,1,0,0,0,0,372106.253999999720000,5780547.106000000600000,7.130253184000026,52.160581947000026,0,05200615705000187273
05,5,66,092,2020,06,16,7,3,2,6,0,0,1,0,0,0,0,423396.838999999690000,5796446.935000000500000,7.876285807000045,52.313004899000077,0,05200613709700887219
05,5,62,004,2020,06,10,2,3,1,5,0,1,1,0,0,0,0,384487.292000000370000,5709709.884999999800000,7.334832359000075,51.526673160000030,0,05200615701800139090
05,5,58,016,2020,06,17,7,3,8,1,0,0,1,0,0,0,0,378609.334200000390000,5751210.541799999800000,7.235684061000029,51.898413650000066,0,05200613706100288205
05,5,70,020,2020,06,10,6,2,4,2,0,1,1,0,0,0,0,427364.036000000310000,5742625.623999999800000,7.945926751000059,51.829727700000035,0,05200612711200158483
05,5,66,088,2020,06,14,5,3,5,3,0,0,1,0,0,0,0,425085.457000000400000,5783967.599999999600000,7.903820980000035,52.201062256000057,0,05200611709800081941
05,5,66,012,2020,06,19,5,3,6,7,0,0,1,1,0,0,0,403575.634600000460000,5772327.465099999700000,7.592475712000066,52.093097796000052,0,05200611709100879197
05,5,66,040,2020,06,15,1,2,9,1,0,0,1,0,0,0,0,416286.318400000220000,5781459.607599999800000,7.775718163000022,52.177252821000081,1,05200614702350087689
05,5,58,028,2020,06,20,5,2,0,7,0,1,0,0,0,0,0,399581.081899999640000,5729781.141000000800000,7.546582683000054,51.709972886000060,0,05200611706300874760
05,5,62,012,2020,06,14,6,3,2,6,0,0,1,0,0,0,1,356591.723500000310000,5729613.798900000800000,6.924817282000049,51.699128924000036,0,05200612702340105242
05,5,58,044,2020,06,15,5,3,8,1,0,0,1,0,0,0,0,396104.025399999690000,5741764.904100000900000,7.492692260000069,51.817052371000045,0,05200611706300262209
05,5,13,000,2020,06,19,3,3,1,6,0,0,1,0,0,0,0,367432.623999999840000,5708578.490000000200000,7.089544873000023,51.512759728000049,0,05200616700100837204
05,5,58,020,2020,06,12,5,3,5,3,0,1,1,0,0,0,0,394948.433000000190000,5759840.077999999700000,7.470425437000074,51.979294559000039,0,05200611706200679103
05,5,58,012,2020,06,14,5,3,2,6,0,0,1,0,0,0,0,375947.340699999590000,5755163.349800000000000,7.195590796000033,51.933349842000041,0,05200611706000787325
05,5,54,012,2020,06,17,5,3,3,6,0,1,0,0,0,0,0,353971.004399999980000,5748154.340600000700000,6.879121654000073,51.865042768000080,0,05200611705000981237
05,5,15,000,2020,06,19,1,3,9,1,0,0,1,0,0,0,0,402226.539599999790000,5752670.625900000300000,7.578398984000046,51.916182048000053,1,05200614702330905260
05,5,62,020,2020,06,16,6,2,3,6,0,0,1,0,1,0,0,370192.292000000370000,5719110.912499999600000,7.125402988000076,51.608053580000046,0,05200612701200875205
05,5,54,012,2020,06,12,5,2,8,1,0,0,0,0,1,0,0,354947.626500000250000,5739623.425100000600000,6.896869802000026,51.788645950000046,0,05200611705000221134
05,5,15,000,2020,06,18,2,3,5,2,0,1,1,0,0,0,0,403220.964499999770000,5754225.521700000400000,7.592415778000031,51.930331721000073,1,05200615702100979092
05,5,58,008,2020,06,16,2,3,2,2,0,0,1,0,0,0,0,382915.932000000030000,5760090.153000000900000,7.295223692000036,51.979136893000032,0,05200615706000565909
05,5,13,000,2020,06,06,2,3,2,6,0,0,1,0,0,0,0,368372.046400000340000,5708855.993899999200000,7.102971445000037,51.515473236000048,0,05200615700100608206
05,5,13,000,2020,06,20,7,3,1,5,0,0,1,0,1,0,0,361233.782399999910000,5717707.814300000700000,6.996667638000076,51.593308822000040,0,05200613700200528206
05,5,66,084,2020,06,11,7,3,0,2,0,1,0,0,0,0,0,389912.199900000360000,5775774.593399999700000,7.391993467000020,52.121528630000057,0,05200613709300872411
05,5,70,028,2020,06,22,1,2,1,1,2,0,1,0,0,0,0,441103.722299999560000,5740520.711400000400000,8.145644628000071,51.812421779000033,1,05200614400410987091
05,5,15,000,2020,06,14,6,3,5,2,0,1,1,0,0,0,0,399201.104000000280000,5763066.806900000200000,7.531374081000024,52.009084214000040,0,05200612702100076712
05,5,66,068,2020,06,16,6,3,5,3,0,0,0,0,1,0,1,374516.132799999790000,5785572.254799999300000,7.163604990000067,52.206291262000036,0,05200612709300011911
05,5,62,024,2020,06,15,3,3,0,1,0,0,0,0,1,0,0,367048.474100000230000,5725918.593900000700000,7.077443159000040,51.668496981000033,1,05200616701500248203
05,5,54,032,2020,06,12,2,2,5,3,0,1,1,0,0,0,0,322485.241999999620000,5745524.717000000200000,6.423637483000050,51.832296183000039,0,05200615705000380974
05,5,70,044,2020,06,19,7,3,0,6,0,0,0,0,1,0,0,416153.716599999930000,5758844.822899999100000,7.779337006000048,51.973953112000061,0,05200613711141272431
05,5,62,004,2020,06,16,2,3,5,2,0,0,1,0,0,1,0,383415.648599999960000,5712072.036800000800000,7.318608957000038,51.547683470000038,0,05200615701800903205
05,5,66,084,2020,06,10,7,2,8,1,0,0,1,0,0,0,0,389499.231399999930000,5772334.980599999400000,7.387079920000076,52.090533655000058,0,05200613709300141172
05,5,70,004,2020,06,17,6,3,1,6,0,0,1,0,0,0,0,422710.187900000250000,5732307.676300000400000,7.880702853000059,51.736349225000026,0,05200612711215079152
05,5,13,000,2020,06,14,7,3,5,3,0,1,0,0,0,0,1,369464.687900000250000,5707139.232400000100000,7.119344987000034,51.500298459000078,0,05200613700100517206
05,5,66,096,2020,06,01,1,2,0,7,2,1,0,0,0,0,0,385457.519199999980000,5784421.818600000800000,7.324038120000068,52.198335097000040,0,05200614709300011911
05,5,58,044,2020,06,14,6,3,9,1,0,0,1,0,0,0,0,398020.491100000220000,5746771.504899999100000,7.519009921000077,51.862405705000072,0,05200612706300781019
05,5,62,020,2020,06,06,3,3,8,1,0,0,0,0,1,0,0,369751.624800000340000,5718990.962600000200000,7.119087411000066,51.606873863000033,0,05200616701200108207
05,5,66,024,2020,06,18,2,3,5,2,0,0,1,0,0,0,0,384338.370799999680000,5770359.793800000100000,7.312453970000036,52.071728313000051,0,05200615709300876628
05,5,62,032,2020,06,15,1,3,3,1,0,0,1,0,0,0,1,375986.946399999780000,5716356.437100000700000,7.210014203000071,51.584604697000032,1,05200614702340505235
05,5,12,000,2020,06,11,6,3,2,6,0,0,1,0,0,0,0,356249.340699999590000,5710041.693800000500000,6.927892469000028,51.523173281000027,0,05200612701400756200
05,5,66,048,2020,06,13,2,2,2,6,0,0,0,0,0,1,0,427025.353799999690000,5791954.901699999300000,7.930476313000042,52.273120580000068,1,05200615702350515187
05,5,66,072,2020,06,22,7,3,8,7,2,0,1,0,0,0,0,414335.906999999660000,5800948.760999999900000,7.742253826000024,52.352129597000044,0,05200613709700281515
05,5,62,032,2020,06,15,2,3,2,2,0,0,1,0,0,0,0,376672.780000000260000,5714727.398000000000000,7.220480297000052,51.570114599000078,0,05200615701120923207
05,5,12,000,2020,06,18,7,3,5,3,0,0,1,0,0,0,0,353707.861999999730000,5717913.490000000200000,6.888009531000023,51.593253009000080,0,05200613701400063203
05,5,15,000,2020,06,23,6,2,8,1,2,1,0,0,0,0,0,406699.997999999670000,5750235.573000000800000,7.644081090000043,51.895061841000029,0,05200612702100764215
05,5,66,060,2020,06,18,6,2,5,3,0,0,1,0,1,0,0,387919.457999999630000,5788229.608899999400000,7.358783434000031,52.233061489000079,0,05200612709500074722
05,5,13,000,2020,06,01,1,3,5,2,2,0,1,0,0,0,0,365345.370299999600000,5715362.240700000900000,7.056887832000029,51.573228260000064,0,05200614700200542204