ULAND,UREGBEZ,UKREIS,UGEMEINDE,UJAHR,UMONAT,USTUNDE,UWOCHENTAG,UKATEGORIE,UART,UTYP1,ULICHTVERH,IstRad,IstPKW,IstFuss,IstKrad,IstGkfz,IstSonstige,LINREFX,LINREFY,XGCSWGS84,YGCSWGS84,STRZUSTAND,UIDENTSTLAE
05,5,62,032,2020,06,11,6,3,6,6,0,1,0,1,0,0,0,375629.550999999980000,5719677.929999999700000,7.203680642000052,51.614376704000051,0,05200612701110085351
05,5,62,004,2020,06,19,1,2,8,7,0,0,1,0,0,0,0,384757.799499999730000,5717673.275100000200000,7.336119287000031,51.598302126000078,1,05200614032200256209
05,5,66,048,2020,06,13,4,3,5,3,0,1,1,0,0,0,0,426707.853199999780000,5796425.068199999600000,7.924851320000073,52.313260343000081,0,05200610709700748420
05,5,54,008,2020,06,19,2,3,5,3,0,1,1,0,0,0,0,335201.486100000330000,5742183.955900000400000,6.609604255000022,51.806181070000036,0,05200615705000473909
05,5,70,048,2020,06,10,7,2,5,3,0,1,1,0,0,0,0,442328.821200000120000,5731832.232300000300000,8.164857082000026,51.734437073000038,0,05200613711322881132
05,5,66,076,2020,06,20,4,3,5,2,0,0,1,0,0,0,0,393352.629700000400000,5792901.784199999600000,7.436833789000048,52.276130527000078,0,05200610709500235185
05,5,58,024,2020,06,10,4,2,9,7,0,0,1,0,0,0,0,388366.024600000120000,5736293.602800000500000,7.382237913000040,51.766385956000079,0,05200610706300976677
05,5,15,000,2020,06,13,4,3,4,7,0,1,1,0,0,0,0,404442.097400000320000,5755347.819499999300000,7.609858859000042,51.940630379000027,0,05200610702100405103
05,5,62,028,2020,06,22,2,2,0,1,2,1,0,0,0,0,1,380805.605299999940000,5723288.941400000800000,7.277173438000034,51.647950306000041,0,05200615701920070163
05,5,66,068,2020,06,17,7,3,2,2,0,0,1,0,0,0,1,375975.696399999780000,5785997.544199999400000,7.184797518000039,52.210443336000026,0,05200613709300442459
05,5,15,000,2020,06,21,4,3,5,2,0,0,1,0,0,0,0,406462.400999999610000,5761336.058000000200000,7.637609022000049,51.994798774000060,0,05200610702100065831
05,5,70,020,2020,06,19,6,3,5,2,0,0,1,0,1,0,0,427578.538599999620000,5742768.663300000100000,7.949009055000033,51.831041433000053,0,05200612711422437680
05,5,62,024,2020,06,14,4,3,4,6,0,1,0,0,0,0,0,373619.974000000390000,5725684.426000000900000,7.172502159000032,51.667909152000050,0,05200610701500428209
05,5,12,000,2020,06,23,4,3,8,1,2,0,1,0,0,0,0,355604.489199999720000,5719618.738900000200000,6.914669096000068,51.609065016000045,0,05200610701400522207
05,5,13,000,2020,06,17,4,3,0,7,0,1,0,0,0,0,0,366818.784599999900000,5714984.721799999500000,7.078279864000024,51.570185660000050,0,05200610700200305203
05,5,54,060,2020,06,12,7,3,0,1,0,1,1,0,0,0,0,348528.251699999910000,5756269.702400000800000,6.796568840000020,51.936503989000073,0,05200620705000887394
05,5,62,004,2020,06,22,6,3,5,3,1,0,1,0,0,0,1,382891.135099999610000,5716675.125299999500000,7.309513833000040,51.588946075000081,0,05200619701800256202
05,5,70,028,2020,06,13,7,3,7,7,0,1,0,0,0,0,0,440739.219300000000000,5735565.726800000300000,8.141204245000040,51.767836606000060,0,05200620711412064222
05,5,66,028,2020,06,14,6,3,2,6,0,0,1,0,1,0,0,411887.906000000420000,5790083.459000000700000,7.709164824000027,52.254082069000049,0,05200619709700855927
05,5,70,028,2020,06,13,6,3,8,6,0,0,1,0,0,0,1,442274.611100000330000,5740985.645500000600000,8.162550202000034,51.816723824000064,0,05200619400410806460
05,5,58,012,2020,06,17,6,3,9,1,0,0,1,0,0,0,0,376181.482200000440000,5751150.692500000800000,7.200437290000025,51.897341649000055,0,05200619706200020577
05,5,15,000,2020,06,13,7,3,5,3,0,1,1,0,0,0,0,401195.318799999540000,5753700.862800000200000,7.563114701000075,51.925260068000057,0,05200620702100612203
05,5,62,032,2020,06,12,6,3,5,3,0,0,1,0,0,0,0,378670.519199999980000,5717814.334300000200000,7.248224734000075,51.598291548000077,0,05200619701110184205
05,5,15,000,2020,06,12,6,3,2,6,0,0,1,0,0,0,0,409099.174999999810000,5751483.331000000200000,7.678608857000029,51.906674082000052,0,05200619702100589201
05,5,70,008,2020,06,07,7,3,3,6,0,0,1,0,0,0,0,435383.752399999650000,5737892.609099999100000,8.063171445000023,51.788162974000045,0,05200620031100880685
05,5,70,024,2020,06,23,7,2,7,7,2,0,0,0,1,0,0,417665.435600000430000,5751549.595100000500000,7.803086657000051,51.908601741000041,0,05200620711161376757
05,5,70,020,2020,06,09,4,3,2,6,0,0,1,0,0,0,1,427761.501400000420000,5741888.029100000900000,7.951847541000063,51.823148472000071,0,05200617711421579196
05,5,66,076,2020,06,13,6,3,0,2,0,0,0,0,0,0,1,395404.502000000330000,5791361.470000000700000,7.467374550000045,52.262681435000047,0,05200619709500679091
05,5,70,028,2020,06,13,4,2,5,3,0,1,1,0,0,0,0,441502.479299999770000,5742543.969399999800000,8.151086532000022,51.830653242000039,0,05200617711413674654
05,5,66,040,2020,06,10,4,3,2,6,0,0,1,0,0,0,0,422178.800999999980000,5782413.744000000900000,7.861655451000047,52.186692129000050,0,05200617709800079184
05,5,66,060,2020,06,14,4,2,5,3,0,0,1,0,0,0,0,388222.548299999910000,5792109.596899999300000,7.361935543000072,52.267992164000077,0,05200617709500874722
05,5,66,084,2020,06,18,4,3,5,3,0,0,1,0,0,0,0,390199.622999999670000,5773972.982999999100000,7.396771006000051,52.105394251000064,1,05200617709300042419
05,5,66,008,2020,06,06,4,3,9,1,0,0,1,0,0,0,0,401432.451000000350000,5785168.936000000700000,7.557475808000049,52.208137839000074,1,05200617709110370630
05,5,15,000,2020,06,12,6,1,5,7,0,1,1,0,0,0,0,402697.101200000380000,5754855.792099999300000,7.584620794000045,51.935905457000047,0,05200619702100870512
05,5,12,000,2020,06,23,7,3,5,3,2,0,1,0,0,0,1,358963.686499999840000,5711423.319000000100000,6.966438629000038,51.536272926000038,0,05200620701400531201
05,5,54,024,2020,06,23,4,3,4,6,2,0,1,0,0,0,0,368909.002199999990000,5774072.197100000500000,7.086034438000070,52.101650227000050,0,05200617705000287273
05,5,70,044,2020,06,09,5,2,1,6,0,0,1,0,0,1,0,416515.629200000320000,5760711.039999999100000,7.784150399000055,51.990782950000039,1,05200618711142364112
05,5,54,008,2020,06,14,4,3,2,6,0,0,1,0,0,1,0,334500.760200000370000,5745920.683499999300000,6.597664030000033,51.839542353000070,0,05200617705000179139
05,5,58,004,2020,06,22,4,3,2,6,2,0,1,0,0,0,0,405697.089399999940000,5739716.847899999500000,7.632379423000032,51.800344177000056,1,05200617702330057492
05,5,15,000,2020,06,17,4,3,1,7,0,1,1,0,0,0,0,411681.021200000310000,5751948.716900000300000,7.716010551000068,51.911272683000050,1,05200617702100179092
05,5,62,028,2020,06,19,4,3,5,3,0,1,0,0,0,0,0,379091.389200000090000,5721255.812799999500000,7.253111019000073,51.629311898000026,1,05200617701920305207
05,5,66,072,2020,06,12,5,3,0,1,0,0,0,0,1,0,0,412399.716599999930000,5799197.787900000800000,7.714290449000032,52.336085616000048,1,05200618709700970497
05,5,62,004,2020,06,17,4,3,1,6,0,0,1,0,0,0,0,383187.620900000450000,5714814.228399999400000,7.314410710000061,51.572282424000036,0,05200617701800296203
05,5,62,004,2020,06,13,6,3,5,3,0,1,1,0,0,0,0,382784.810399999840000,5718477.054099999400000,7.307377668000072,51.605119076000051,0,05200619701800585414
05,5,66,084,2020,06,13,5,2,5,7,0,0,1,0,0,0,1,393085.627799999900000,5778648.248800000200000,7.437423899000066,52.147978193000029,0,05200618709300876011
05,5,62,004,2020,06,14,4,3,1,6,0,0,1,0,1,0,0,383659.403199999590000,5709817.656899999800000,7.322867854000037,51.527471837000064,0,05200617701800267209
05,5,66,012,2020,06,18,5,3,2,6,0,0,1,0,0,0,0,408343.631900000390000,5775831.929800000000000,7.661110676000021,52.125407393000046,0,05200618709100565868
05,5,12,000,2020,06,13,4,3,5,3,0,1,1,0,0,0,0,356545.403300000350000,5711446.286200000000000,6.931584994000048,51.535869971000068,0,05200617701400272205
05,5,62,014,2020,06,11,4,2,5,3,0,1,0,0,1,0,0,357539.014000000430000,5716918.014000000400000,6.943684290000022,51.585289679000027,0,05200617701300228204
05,5,62,032,2020,06,19,4,3,5,3,0,1,1,0,0,0,0,377293.956699999980000,5720461.774700000900000,7.227433174000055,51.621786566000026,1,05200617701110311202
05,5,13,000,2020,06,18,4,3,5,2,0,0,1,0,0,0,1,363548.482099999670000,5712061.716900000300000,7.032255325000051,51.543136636000042,0,05200617700200964202
05,5,58,036,2020,06,17,5,3,0,1,0,1,0,0,0,0,0,387649.645600000400000,5729326.982899999200000,7.374109903000033,51.703628510000044,0,05200618706300887304
05,5,13,000,2020,06,13,6,3,4,7,0,1,1,0,0,0,0,368810.601099999620000,5708993.033199999500000,7.109237201000042,51.516806793000057,0,05200619700100252202
05,5,54,016,2020,06,15,5,3,5,3,0,1,0,0,1,0,0,364605.763399999590000,5756037.367699999400000,7.030378667000036,51.938560228000028,0,05200618705000355357
05,5,54,016,2020,06,16,5,3,5,3,0,0,1,0,1,0,0,364957.400399999690000,5761799.050100000600000,7.033225196000046,51.990418522000027,0,05200618705000087229
05,5,58,012,2020,06,08,7,3,2,6,0,0,1,0,0,0,0,372967.632000000220000,5756280.828999999900000,7.151860769000052,51.942719818000057,0,05200620706200587400
05,5,15,000,2020,06,14,5,3,2,6,0,0,1,0,0,0,1,405972.618999999950000,5752311.448000000800000,7.632946998000023,51.913598688000036,0,05200618702100552205
05,5,15,000,2020,06,17,5,3,5,2,0,1,1,0,0,0,0,405575.330299999560000,5754351.975099999500000,7.626612938000051,51.931872735000070,0,05200618702100055909
05,5,62,012,2020,06,21,5,3,0,6,1,0,1,0,1,0,0,359311.505499999970000,5725819.388800000800000,6.965675908000037,51.665721583000050,0,05200618701610630201
05,5,70,004,2020,06,15,6,3,5,3,0,0,1,0,1,0,0,423834.810999999750000,5734530.546000000100000,7.896499332000076,51.756486077000034,0,05200619711213768996
05,5,62,014,2020,06,07,5,3,0,3,0,0,1,0,1,0,0,361792.253299999980000,5713874.201700000100000,7.006233299000030,51.558996657000080,1,05200618701300422204
05,5,15,000,2020,06,15,6,3,5,3,0,1,1,0,0,0,0,411043.593799999920000,5751987.693900000300000,7.706736048000039,51.911521598000036,0,05200619702100600204
05,5,58,020,2020,06,15,6,3,5,2,0,1,0,0,0,0,0,391058.912999999710000,5759288.727000000000000,7.413991210000063,51.973590289000072,0,05200619706200303108
05,5,66,032,2020,06,11,7,3,2,6,0,0,1,0,0,0,0,407666.183699999940000,5771845.710000000900000,7.652298432000066,52.089465291000067,0,05200620702350587344
05,5,13,000,2020,06,14,5,2,5,3,0,1,1,0,0,0,0,366800.022499999960000,5708121.094900000800000,7.080606615000022,51.508500487000049,0,05200618700100137203
05,5,62,014,2020,06,14,6,3,2,2,0,0,1,0,0,0,0,357349.709200000390000,5713992.693299999500000,6.942141465000020,51.558955420000075,0,05200619701300785492
05,5,70,028,2020,06,16,7,3,2,2,0,0,1,0,0,0,0,444486.402300000190000,5739577.473799999800000,8.194859849000068,51.804287946000045,0,05200620711411302616
05,5,66,016,2020,06,12,6,3,0,1,0,1,0,0,0,0,0,403690.767900000330000,5792663.482599999800000,7.588378854000041,52.275897067000074,0,05200619709500809205
05,5,70,028,2020,06,16,4,2,9,1,0,0,1,0,0,0,0,440725.445299999790000,5740295.167300000800000,8.140196556000035,51.810354096000026,1,05200617400410062510
05,5,58,016,2020,06,18,6,3,0,6,0,0,1,0,0,0,0,381246.782999999820000,5745700.214999999900000,7.275893749000034,51.849460236000027,0,05200619702330742546
05,5,62,016,2020,06,14,7,3,2,2,0,0,0,0,1,0,0,369326.638500000350000,5735374.123600000500000,7.106821895000053,51.754003545000046,0,05200620701700345204
05,5,13,000,2020,06,16,6,3,1,7,0,0,1,0,1,0,0,366195.122999999670000,5709733.573000000800000,7.071283273000063,51.522848282000041,0,05200619700100275201
05,5,15,000,2020,06,08,6,3,0,3,0,1,1,0,0,0,0,404247.341500000100000,5748608.848200000800000,7.608899660000077,51.880024056000082,0,05200619702100572376
05,5,66,068,2020,06,14,7,2,8,1,0,0,0,0,1,0,0,375545.538900000040000,5783209.518300000600000,7.179529431000049,52.185292849000064,0,05200620709300781036
05,5,58,044,2020,06,20,6,2,5,2,0,0,1,0,1,0,0,393078.582999999630000,5744961.870600000000000,7.447829016000071,51.845215813000038,0,05200619706300276748
05,5,70,020,2020,06,06,6,3,5,3,0,0,1,0,1,0,0,434034.274600000120000,5748294.261399999300000,8.041626005000069,51.881515868000065,0,05200619711422979233
05,5,70,012,2020,06,09,3,3,2,6,0,0,1,0,0,0,0,436544.560300000010000,5754725.795299999400000,8.076906371000064,51.939626255000064,0,05200616711131102616
05,5,66,088,2020,06,20,3,3,0,1,1,1,0,0,0,0,0,415016.326700000090000,5788912.301000000900000,7.755278682000039,52.244047301000080,0,05200616709800369049
05,5,58,024,2020,06,09,3,2,4,2,0,0,1,0,0,0,0,387844.384700000290000,5737416.735899999700000,7.374319043000071,51.776376074000041,0,05200616706000376748
05,5,54,020,2020,06,15,3,3,4,2,0,1,1,0,0,0,0,365931.348299999720000,5782655.408900000200000,7.039201946000048,52.178060975000051,1,05200616705000587350
05,5,15,000,2020,06,16,6,3,2,6,0,0,1,0,0,1,0,408211.250300000420000,5754190.465600000700000,7.664983523000046,51.930861949000075,0,05200619702100770498
05,5,13,000,2020,06,08,7,3,5,3,0,0,1,0,0,1,0,366179.377500000410000,5709768.850700000300000,7.071043050000071,51.523161578000042,0,05200620700100312200
05,5,62,032,2020,06,21,3,3,8,1,2,0,1,0,0,1,0,377796.713800000030000,5717157.279899999500000,7.235843859000056,51.592197493000072,0,05200616702340172367
05,5,15,000,2020,06,06,3,2,5,7,0,0,1,0,0,0,0,405374.967699999920000,5761215.867699999400000,7.621808473000044,51.993534228000044,0,05200616702100965912
05,5,62,020,2020,06,16,5,3,5,3,0,0,1,0,0,0,0,369479.083100000400000,5718891.337500000400000,7.115191020000054,51.605915456000048,0,05200625701200809209
05,5,62,024,2020,06,14,2,3,2,6,0,0,1,0,0,0,0,364963.877500000410000,5724329.796700000800000,7.047931196000036,51.653722512000058,0,05200622701500788203
05,5,13,000,2020,06,14,3,2,6,4,0,0,1,1,0,0,0,368017.270899999890000,5707906.415599999900000,7.098216904000026,51.506856838000033,0,05200623700100614204
05,5,54,068,2020,06,19,3,2,3,5,0,1,0,0,0,0,1,351531.877000000330000,5763345.662699999300000,6.837168416000054,52.000888088000067,0,05200623705000987380
05,5,58,012,2020,06,13,5,3,4,6,0,0,1,0,0,1,0,373211.867999999780000,5754867.240000000200000,7.155933089000030,51.930072460000076,0,05200625706000187397
05,5,66,012,2020,06,17,2,3,2,1,0,0,1,0,0,0,0,405178.771999999880000,5771213.415400000300000,7.616179391000060,52.083361522000075,0,05200622709100525692
05,5,66,060,2020,06,12,4,2,5,2,0,0,1,0,1,0,0,388198.326999999580000,5788589.302999999400000,7.362746195000057,52.236350727000058,0,05200624709500074722
05,5,66,084,2020,06,15,3,3,2,7,0,0,1,0,1,0,0,387668.537399999800000,5779025.645700000200000,7.358161548000055,52.150294678000080,0,05200623709300179098
05,5,62,004,2020,06,15,5,3,2,6,0,0,1,0,0,0,0,384924.558799999770000,5714243.022099999700000,7.339650189000054,51.567505729000061,1,05200625701800630204
05,5,54,056,2020,06,23,2,3,1,5,2,0,1,0,0,1,0,356481.828300000170000,5761675.129599999600000,6.909924089000072,51.987179913000034,0,05200622705000020977
05,5,54,012,2020,06,09,2,3,5,3,0,1,1,0,0,0,0,352823.158699999560000,5746061.025200000000000,6.863354577000052,51.845932899000047,1,05200622705000979991
05,5,15,000,2020,06,17,4,3,2,2,0,1,1,0,0,0,0,408962.418499999680000,5756242.510099999600000,7.675362446000065,51.949430422000034,0,05200624702100010903
05,5,13,000,2020,06,17,5,3,2,6,0,0,1,0,0,0,0,364915.384899999950000,5716762.057399999400000,7.050148405000073,51.585704703000033,0,05200625700200828205
05,5,13,000,2020,06,18,2,3,2,6,0,0,1,0,0,0,1,367771.159799999560000,5708712.563200000700000,7.094370383000069,51.514043939000032,0,05200622700100381130
05,5,15,000,2020,06,20,3,3,0,6,0,0,0,0,1,0,0,407855.055499999780000,5756791.498900000000000,7.659107358000028,51.954182698000068,0,05200623702100568200
05,5,58,044,2020,06,17,2,3,0,7,0,0,0,1,0,0,1,396231.222900000400000,5746942.191299999100000,7.492983750000064,51.863609947000043,0,05200622706300547208
05,5,54,012,2020,06,22,4,3,2,1,1,0,1,0,0,0,0,352805.739599999970000,5746454.581000000200000,6.862934353000071,51.849464379000040,0,05200624705000281798
05,5,12,000,2020,06,10,5,3,1,7,0,0,1,0,0,0,0,360583.760300000200000,5709616.291200000800000,6.990497707000031,51.520437134000076,0,05200625701400670201
05,5,15,000,2020,06,15,5,3,6,7,0,0,0,1,0,0,1,404186.592199999840000,5765526.631100000800000,7.603299456000059,52.032076764000067,0,05200625702350005026
05,5,54,048,2020,06,06,2,2,3,1,0,0,1,0,1,0,1,342112.559200000020000,5742064.923699999200000,6.709815012000036,51.807105946000036,0,05200622705000370620
05,5,62,032,2020,06,14,4,3,0,7,0,0,0,0,0,0,1,374980.849100000230000,5719528.545700000600000,7.194369531000064,51.612890483000058,0,05200624701110262207
05,5,15,000,2020,06,08,2,3,5,1,0,1,1,0,0,0,0,404576.923999999650000,5755276.292999999600000,7.611839492000058,51.940010609000069,0,05200622702100693200
05,5,70,040,2020,06,11,1,3,0,1,0,0,0,0,1,0,0,419217.618999999950000,5744568.291899999600000,7.827279898000029,51.846072269000047,0,05200621711231702909
05,5,70,032,2020,06,09,1,3,0,7,0,0,0,0,1,0,0,418985.035600000060000,5763487.673399999700000,7.819449408000025,52.016107937000072,0,05200621711151043987
05,5,62,020,2020,06,00,3,3,9,1,2,0,1,0,0,0,0,368043.455699999820000,5718229.429099999400000,7.094720930000051,51.599632571000029,0,05200623701200896208
05,5,66,016,2020,06,18,1,2,9,1,0,0,0,0,1,0,0,403529.637000000100000,5796387.173000000400000,7.584951625000031,52.309336480000070,0,05200621709500142490
05,5,66,068,2020,06,20,1,3,5,3,0,0,1,0,0,0,0,378544.144999999550000,5784989.933000000200000,7.222730581000064,52.201960699000040,0,05200621709300941172
05,5,66,084,2020,06,12,1,2,8,1,0,1,0,0,0,0,0,385378.000099999830000,5777837.107400000100000,7.325099240000043,52.139142760000027,0,05200621709300642520
05,5,66,012,2020,06,19,1,3,0,3,0,1,1,0,0,0,0,403207.439699999990000,5773477.851900000100000,7.586776086000043,52.103373274000035,0,05200621709100070260
05,5,66,076,2020,06,09,5,3,5,3,0,1,1,0,0,0,0,394761.879800000230000,5793773.549599999600000,7.457209348000049,52.284236888000066,0,05200625709500500952
05,5,58,032,2020,06,16,1,3,2,6,0,0,1,0,1,0,0,390900.604700000030000,5754697.035499999300000,7.413145207000071,51.932291057000043,0,05200621706000687372
05,5,58,004,2020,06,19,2,3,4,2,0,0,1,0,0,0,0,406435.014000000430000,5739445.928999999500000,7.643150976000072,51.798032916000068,0,05200622706000276677
05,5,54,028,2020,06,17,1,3,0,1,0,0,0,0,1,0,0,359584.792899999770000,5739403.741900000700000,6.964146943000060,51.787855033000028,0,05200621705000481028
05,5,66,028,2020,06,11,2,3,5,3,0,1,1,0,0,0,0,409212.567099999640000,5798275.868000000700000,7.667775142000039,52.327281178000078,0,05200622709700748420
05,5,66,088,2020,06,22,4,2,5,3,1,0,1,0,1,0,0,414654.612300000150000,5786253.522500000900000,7.750653338000063,52.220093000000077,0,05200624709800372364
05,5,66,060,2020,06,07,3,3,2,2,0,0,1,0,0,0,1,389285.639999999660000,5788952.956000000200000,7.378543031000049,52.239838603000067,0,05200623709500376732
05,5,54,016,2020,06,20,1,3,0,1,0,0,0,0,1,0,0,366865.799999999810000,5759072.982999999100000,7.062059658000067,51.966383221000058,0,05200621705000387380
05,5,62,008,2020,06,17,5,3,5,3,0,1,1,0,0,0,0,383621.963200000110000,5723392.077600000400000,7.317827412000042,51.649467255000047,0,05200625701910787207
05,5,54,012,2020,06,13,2,3,8,1,0,0,1,0,0,0,0,349706.465099999680000,5745176.322799999300000,6.818527293000045,51.837153890000081,0,05200622705000076760
05,5,15,000,2020,06,14,4,3,1,7,0,0,1,0,0,0,0,402470.362200000320000,5757590.265200000300000,7.580547845000069,51.960443969000039,0,05200624702100465831
05,5,66,068,2020,06,16,1,3,9,1,0,0,0,0,1,0,0,371416.677600000050000,5784170.247700000200000,7.118804328000067,52.192978742000037,0,05200621702340680983
05,5,62,032,2020,06,17,5,3,1,6,0,0,1,0,1,0,0,375956.944799999710000,5717038.507700000000000,7.209340353000073,51.590727998000034,0,05200625701110799206
05,5,62,024,2020,06,14,2,3,5,3,0,1,1,0,0,0,0,366562.378899999890000,5724709.980900000800000,7.070879683000044,51.657520699000031,0,05200622701500774206
05,5,54,016,2020,06,15,1,3,8,1,0,0,0,0,0,0,1,364673.878800000060000,5754077.578299999200000,7.032139610000058,51.920966606000036,0,05200621702340048171
05,5,62,016,2020,06,13,1,3,1,6,0,0,1,0,0,0,0,378622.233000000010000,5733242.855200000100000,7.242167987000073,51.736941073000082,0,05200621701700460203
05,5,62,024,2020,06,16,1,3,0,1,0,1,0,0,0,0,0,369941.422000000250000,5722205.970599999700000,7.120633112000064,51.635810053000057,0,05200621701500480205
05,5,13,000,2020,06,11,3,3,5,3,0,1,1,0,0,0,0,367762.610200000000000,5707950.416400000500000,7.094533095000031,51.507192728000064,0,05200623700100572200
05,5,12,000,2020,06,14,1,3,0,1,0,0,0,0,1,0,0,354487.890999999830000,5709749.412000000500000,6.902640778000034,51.520095869000045,0,05200621701400978918
05,5,54,004,2020,06,14,3,3,8,7,0,0,1,0,0,0,0,361436.093700000080000,5768458.452099999400000,6.979279012000063,52.049388249000060,0,05200623705000487273
05,5,62,014,2020,06,18,1,2,6,4,0,0,1,1,0,0,0,361886.774199999870000,5713308.576799999900000,7.007818112000052,51.553936990000068,0,05200621701300014019
05,5,66,028,2020,06,06,2,3,2,6,0,0,1,0,0,0,0,410050.062300000340000,5794214.806199999500000,7.681146439000031,52.290917875000048,0,05200622709000848420
05,5,54,012,2020,06,12,4,3,5,3,0,0,1,0,0,0,0,347993.264999999660000,5751560.235999999600000,6.790871158000073,51.894046426000045,0,05200624705000315730
05,5,62,016,2020,06,06,5,2,9,7,0,0,1,0,0,0,0,365796.793999999760000,5729287.455199999700000,7.058059105000041,51.698472938000066,0,05200625701700574205
05,5,54,016,2020,06,12,2,2,8,1,0,0,1,0,0,0,0,365008.102300000380000,5754814.399199999900000,7.036707729000057,51.927668652000079,0,05200622702340503172
05,5,54,012,2020,06,14,5,2,5,3,0,1,1,0,0,0,0,347482.031499999580000,5744477.977900000300000,6.786573793000059,51.830276606000041,0,05200625705000587386
05,5,54,012,2020,06,17,2,3,0,6,0,0,1,0,0,0,0,356093.632000000220000,5740097.742699999400000,6.913277172000051,51.793203789000074,0,05200622705000821134
05,5,62,016,2020,06,12,4,3,5,3,0,1,0,0,0,0,1,372262.222400000320000,5738049.584699999500000,7.148344258000066,51.778724037000075,0,05200624701700387209
05,5,62,036,2020,06,15,3,3,1,5,0,1,1,0,0,0,0,387717.606999999840000,5720148.018400000400000,7.378042001000040,51.621142819000056,0,05200623701930169201
05,5,70,036,2020,06,13,2,3,0,1,0,1,0,0,0,0,0,434272.585500000040000,5761373.688400000300000,8.042587778000041,51.999125406000076,0,05200622711121581020
05,5,66,076,2020,06,13,5,3,0,3,0,1,1,0,0,0,0,393130.396800000220000,5793663.316099999500000,7.433336382000050,52.282931386000030,0,05200625709500962076
05,5,58,016,2020,06,12,2,3,6,2,0,0,1,1,0,0,0,381474.099000000390000,5743653.458000000600000,7.279893733000051,51.831114042000081,0,05200622706100541204
05,5,54,056,2020,06,13,4,2,2,6,0,0,1,0,1,0,0,356992.724600000310000,5764891.741299999900000,6.916016720000073,52.016212947000042,0,05200624705000005150
05,5,70,008,2020,06,14,3,3,0,3,0,1,1,0,0,0,0,433036.762799999680000,5733358.075600000100000,8.030023363000055,51.747121387000050,0,05200623711312672788
05,5,15,000,2020,06,11,5,3,0,1,0,1,0,0,0,0,0,406538.672500000340000,5758767.041799999800000,7.639419539000073,51.971720154000081,0,05200625702100870498
05,5,54,024,2020,06,05,2,3,0,1,0,0,0,0,1,0,0,370867.481100000440000,5775594.956900000600000,7.114034486000037,52.115794228000027,1,05200622705000121108
05,5,58,012,2020,06,04,1,2,8,1,1,0,1,0,0,0,0,373334.122100000270000,5749805.880000000800000,7.159570814000063,51.884616617000063,0,05200628706000087397
05,5,15,000,2020,06,03,1,2,8,1,2,0,1,0,0,0,0,401960.746100000110000,5749159.466000000000000,7.575534375000075,51.884575861000030,1,05200628702330781369
05,5,15,000,2020,06,10,1,3,4,6,0,1,0,0,0,0,0,413561.095399999990000,5752536.268500000200000,7.743188601000043,51.916849092000064,0,05200628702100344201
05,5,62,008,2020,06,14,1,3,1,5,0,1,1,0,0,0,1,384120.618200000380000,5721167.182900000400000,7.325768570000037,51.629573637000078,0,05200628701910264261
05,5,13,000,2020,06,12,2,3,1,6,0,0,1,0,0,0,0,364551.598799999800000,5713761.448100000600000,7.046057524000048,51.558652765000033,0,05200629700200132201
05,5,70,008,2020,06,08,7,3,0,7,0,0,1,0,0,0,0,432462.137199999760000,5733562.863800000400000,8.021661318000042,51.748893461000080,0,05200627711312666782
05,5,66,076,2020,06,06,7,2,5,3,0,0,1,0,0,0,0,397098.172000000250000,5796091.029500000200000,7.490738417000046,52.305507366000029,0,05200627709500561951
05,5,58,024,2020,06,16,7,3,5,3,0,1,1,0,0,0,0,393065.024199999870000,5736912.903400000200000,7.450116102000038,51.772869469000057,0,05200627706300451312
05,5,58,012,2020,06,21,7,3,0,1,0,0,1,0,0,0,0,373037.429999999700000,5755494.294999999900000,7.153166009000074,51.935667659000046,0,05200627706200748201
05,5,58,012,2020,06,16,7,3,0,7,0,0,0,1,1,0,0,375891.002700000070000,5758009.458699999400000,7.193744320000064,51.958914045000029,0,05200627706200420577
05,5,54,008,2020,06,19,7,2,2,6,0,0,1,0,0,0,0,335287.622000000440000,5745846.259999999800000,6.609110547000057,51.839106400000048,0,05200627705000487331
05,5,62,016,2020,06,07,7,3,9,1,0,0,1,0,0,0,0,373882.327600000430000,5735914.436200000300000,7.172591205000060,51.759903466000026,0,05200627702330776716
05,5,15,000,2020,06,00,7,2,0,7,2,1,0,0,0,0,0,400277.648599999960000,5756850.773399999400000,7.548860549000040,51.953408365000030,0,05200627702100348538
05,5,12,000,2020,06,19,7,2,5,2,0,1,1,0,0,0,0,357462.342899999580000,5709713.933800000700000,6.945497848000059,51.520535492000079,0,05200627701400165866
05,5,62,014,2020,06,14,7,3,3,3,0,1,1,0,0,0,0,361899.678399999630000,5713204.854499999400000,7.008044851000022,51.553008079000051,1,05200627701300267202
05,5,13,000,2020,06,15,7,3,5,2,0,0,1,0,0,0,0,368458.942400000060000,5707838.766100000600000,7.104602577000037,51.506351868000081,0,05200627700100993209
05,5,13,000,2020,06,12,7,3,0,3,0,0,1,0,0,0,1,367966.690200000070000,5708754.919700000400000,7.097170752000068,51.514470316000029,0,05200627700100988203