ULAND,UREGBEZ,UKREIS,UGEMEINDE,UJAHR,UMONAT,USTUNDE,UWOCHENTAG,UKATEGORIE,UART,UTYP1,ULICHTVERH,IstRad,IstPKW,IstFuss,IstKrad,IstGkfz,IstSonstige,LINREFX,LINREFY,XGCSWGS84,YGCSWGS84,STRZUSTAND,UIDENTSTLAE
05,5,13,000,2020,06,12,2,3,5,3,0,1,1,0,0,0,0,364263.037999999710000,5716492.778699999700000,7.040842258000055,51.583128120000026,0,05200629700000671568
05,5,70,024,2020,06,20,6,3,8,1,0,0,1,0,0,0,0,421158.069299999620000,5754207.935499999700000,7.853239727000073,51.933003614000029,0,05200626711161648067
05,5,66,076,2020,06,21,6,3,8,7,0,0,1,0,0,0,0,395889.597400000320000,5794913.318399999300000,7.473383136000052,52.294695136000030,0,05200626709500038473
05,5,58,024,2020,06,15,6,3,5,3,0,1,1,0,0,0,0,388537.416699999940000,5737094.433199999900000,7.384463596000046,51.773617755000032,0,05200626706300987405
05,5,54,012,2020,06,14,6,3,2,6,0,0,1,0,0,0,0,352844.414599999790000,5745897.355499999600000,6.863732573000050,51.844467939000026,0,05200626705000587358
05,5,54,008,2020,06,09,6,3,8,1,0,0,1,0,0,0,0,338371.635499999860000,5749577.257899999600000,6.652090936000036,51.873525343000040,0,05200626705000187338
05,5,15,000,2020,06,11,6,3,6,4,0,0,1,1,0,0,0,399373.989500000140000,5756988.718900000700000,7.535674909000022,51.954485463000026,0,05200626702100907203
05,5,15,000,2020,06,18,6,3,4,2,0,1,1,0,0,0,0,400144.917299999860000,5747452.186200000300000,7.549654170000054,51.868908108000028,0,05200626702100572376
05,5,62,036,2020,06,16,6,3,5,3,0,1,1,0,0,0,0,386628.634499999690000,5719789.805600000500000,7.362434217000043,51.617704936000052,0,05200626701930555830
05,5,62,008,2020,06,07,6,3,3,6,0,1,1,0,0,0,0,384978.819899999540000,5724209.811599999700000,7.337162001000024,51.657096032000027,0,05200626701910892205
05,5,62,016,2020,06,18,6,2,5,2,0,0,1,0,0,0,0,370290.139999999660000,5732388.675799999400000,7.121885884000051,51.727398702000073,0,05200626701700159207
05,5,62,016,2020,06,15,6,3,3,6,0,1,0,0,0,0,0,375517.456399999560000,5735818.103599999100000,7.196305512000038,51.759403584000040,0,05200626701700148207
05,5,62,024,2020,06,17,6,2,5,3,0,1,1,0,0,0,0,367604.794599999670000,5723619.600600000500000,7.086353714000040,51.647968530000071,0,05200626701500134200
05,5,12,000,2020,06,13,6,3,5,2,0,1,1,0,0,0,0,357041.781399999750000,5719330.466499999200000,6.935529139000039,51.606841434000046,0,05200626701400563936
05,5,62,014,2020,06,14,6,3,2,6,0,0,1,0,0,0,0,361484.804899999870000,5713481.567199999500000,7.001955654000028,51.555392963000031,0,05200626701300092206
05,5,62,020,2020,06,17,6,3,2,6,0,0,1,0,0,0,0,371660.508999999610000,5717025.755000000800000,7.147356889000037,51.589651108000055,0,05200626701200227208
05,5,62,020,2020,06,15,6,3,5,3,0,0,1,0,1,0,0,371493.898299999540000,5719817.805500000700000,7.143930100000034,51.614704874000040,0,05200626701200069227
05,5,13,000,2020,06,17,3,3,2,6,0,0,1,0,0,0,0,366723.746799999850000,5714720.616200000000000,7.077009530000055,51.567789805000075,0,05200630700200278201
05,5,66,040,2020,07,12,4,3,8,1,0,0,1,0,0,0,0,419089.829300000330000,5781834.885800000300000,7.816619309000032,52.181044391000057,1,05200701709800170347
05,5,15,000,2020,07,12,4,3,6,7,0,0,1,1,0,0,0,406014.148500000130000,5751592.081599999200000,7.633746868000060,51.907139647000065,1,05200701702100779092
05,5,66,040,2020,07,18,5,3,4,2,0,1,1,0,0,0,0,422022.918200000190000,5782335.887000000100000,7.859393644000022,52.185970263000058,0,05200702709800680991
05,5,15,000,2020,07,16,5,3,0,7,0,0,0,0,1,0,0,407099.056499999950000,5751310.072499999800000,7.649589227000035,51.904786767000076,0,05200702702100192204
05,5,58,024,2020,07,11,4,3,5,3,0,0,1,0,0,0,0,392236.467299999670000,5735910.262800000600000,7.438423103000048,51.763698862000069,1,05200701706300987369
05,5,15,000,2020,07,07,4,3,0,3,0,0,1,0,1,0,0,408116.313000000080000,5760399.453999999900000,7.661942351000050,51.986656216000029,1,05200701702100050183
05,5,66,076,2020,07,16,5,3,0,1,0,1,0,0,0,0,0,393651.218000000340000,5794099.025000000400000,7.440830852000033,52.286948206000034,1,05200702709500476614
05,5,66,096,2020,06,10,3,2,5,3,0,1,1,0,0,0,0,384595.804999999700000,5785482.462999999500000,7.311074192000035,52.207687124000074,0,05200630709000172411
05,5,58,012,2020,06,17,3,2,2,6,0,0,1,0,0,0,0,368101.317900000140000,5755812.085000000900000,7.081284739000068,51.937375363000058,1,05200630706200287335
05,5,54,016,2020,06,18,3,2,4,6,0,0,1,0,0,0,0,361397.464999999850000,5757231.807600000900000,6.983255983000049,51.948503001000063,0,05200630705000102898
05,5,13,000,2020,07,17,5,3,2,6,0,0,1,0,0,0,1,366463.920099999760000,5711087.842100000000000,7.074642002000076,51.535082178000039,1,05200702700100557871
05,5,15,000,2020,06,17,3,3,5,7,0,1,0,0,0,0,0,404133.479299999770000,5756277.283600000700000,7.605111457000021,51.948931664000042,0,05200630702100565857
05,5,70,052,2020,07,17,4,3,5,3,0,0,1,0,0,0,0,430012.441800000150000,5754829.082200000100000,7.981877321000070,51.939771458000052,1,05200701711113906657
05,5,15,000,2020,06,12,3,3,5,3,0,1,1,0,0,0,0,409764.444099999960000,5751793.053300000700000,7.688195757000074,51.909566256000062,0,05200630702100270610
05,5,66,076,2020,06,13,3,3,8,1,0,0,1,0,0,0,0,395228.158999999990000,5794846.626000000200000,7.463708684000039,52.293970013000035,0,05200630709500676732
05,5,13,000,2020,07,08,4,3,3,6,0,0,1,0,0,1,0,365835.873999999840000,5714061.542600000300000,7.064458184000046,51.561656494000033,1,05200701702340380972
05,5,70,044,2020,07,17,5,3,5,3,0,0,1,0,0,0,0,416952.707799999970000,5760032.163300000100000,7.790678788000037,51.984746075000032,1,05200702711142602616
05,5,13,000,2020,07,16,4,3,1,6,0,0,1,0,0,0,0,369678.583999999800000,5706388.100999999800000,7.122702282000034,51.493597472000033,1,05200701700100133208
05,5,15,000,2020,06,19,3,3,0,2,0,1,1,0,0,0,0,403994.963499999610000,5761414.516100000600000,7.601659827000049,51.995082884000055,0,05200630702100179102
05,5,62,012,2020,07,12,5,2,8,1,0,0,1,0,0,0,0,356493.621700000020000,5728799.842000000200000,6.923733555000069,51.691790026000035,0,05200702702340849701
05,5,15,000,2020,06,17,3,3,0,1,0,1,0,0,0,0,0,407404.172899999660000,5755092.879200000300000,7.653005611000026,51.938839675000054,0,05200630702100068203
05,5,62,036,2020,06,06,3,3,4,2,0,0,1,0,0,0,0,392627.279000000100000,5720152.240800000700000,7.448933989000068,51.622138909000057,0,05200630701930864261
05,5,15,000,2020,07,11,4,3,0,1,0,0,1,0,0,0,0,397953.888700000010000,5758108.482999999100000,7.514684191000072,51.964291132000028,1,05200701702100570622
05,5,66,068,2020,07,08,4,3,5,3,0,0,1,0,0,0,0,376099.100999999790000,5785147.700999999400000,7.186913637000032,52.202834289000066,1,05200701709300276200
05,5,12,000,2020,06,10,3,3,5,3,0,1,1,0,0,0,0,355803.300499999900000,5709859.362700000400000,6.921542143000067,51.521421193000037,0,05200630701400934206
05,5,62,032,2020,07,17,5,3,0,3,0,1,1,0,0,0,0,376632.903800000440000,5720105.611700000200000,7.218014220000043,51.618441142000052,1,05200702701110762200
05,5,66,076,2020,07,13,5,3,4,6,0,0,1,0,0,0,1,395967.765999999830000,5794957.309399999700000,7.474515330000031,52.295105304000060,0,05200702709500779230
05,5,66,040,2020,06,15,2,3,2,6,0,0,1,0,0,0,0,420734.548899999820000,5783267.783600000700000,7.840334272000064,52.194163256000081,0,05200629709800581039
05,5,66,084,2020,06,10,2,3,2,6,0,0,1,0,0,0,0,389462.277599999680000,5776835.464999999900000,7.385079755000049,52.130973107000045,0,05200629709300087409
05,5,58,024,2020,06,22,2,2,0,1,2,1,0,0,0,0,0,392924.658599999730000,5737326.506600000000000,7.447954941000035,51.776560103000065,0,05200629706300487296
05,5,58,008,2020,06,13,2,2,8,1,0,0,1,0,0,0,0,382971.281899999830000,5759703.448899999300000,7.296161095000059,51.975673238000070,0,05200629706200420577
05,5,54,052,2020,06,17,2,3,2,6,0,0,1,0,1,0,0,377161.492100000380000,5773855.608599999900000,7.206535176000045,52.101597861000073,0,05200629705000002662
05,5,70,048,2020,07,07,4,2,4,6,0,0,1,0,0,0,0,449015.085400000210000,5728639.441700000300000,8.262139795000053,51.706379959000060,1,05200701711322949811
05,5,62,024,2020,06,18,2,3,2,3,0,0,1,0,0,0,0,372035.611700000240000,5729852.391000000800000,7.148076371000059,51.705006985000068,0,05200629702340380983
05,5,15,000,2020,06,10,2,3,5,3,0,1,1,0,0,0,0,406010.232900000180000,5751601.283199999500000,7.633687455000029,51.907221695000032,0,05200629702100978209
05,5,62,016,2020,06,21,2,3,0,1,1,0,0,0,1,0,0,375031.103199999780000,5734243.079600000800000,7.189828385000055,51.745140769000045,0,05200629701700773207
05,5,54,020,2020,07,03,4,3,8,1,2,0,1,0,0,0,0,368248.780799999830000,5784369.894999999600000,7.072407917000021,52.194024901000034,1,05200701705000381002
05,5,62,012,2020,06,06,2,3,1,6,0,0,1,0,0,0,0,357018.749599999750000,5730076.566099999500000,6.930802452000023,51.703396089000080,0,05200629701620484201
05,5,12,000,2020,06,18,2,3,5,3,0,0,1,0,0,0,0,354761.675999999980000,5709708.844200000200000,6.906600900000058,51.519801803000064,0,05200629701400457383
05,5,62,032,2020,07,21,4,3,5,3,1,1,1,0,0,0,0,375974.735899999740000,5714349.667899999800000,7.210546634000025,51.566566733000059,0,05200701701120329201
05,5,62,020,2020,06,08,2,2,5,6,0,1,1,0,0,0,0,368973.743800000290000,5718496.343200000000000,7.108045444000027,51.602248420000080,1,05200629701200549204
05,5,62,020,2020,06,10,3,3,5,3,0,1,1,0,0,0,0,370583.344300000000000,5720134.070000000300000,7.130669283000032,51.617338472000029,0,05200630701200904203
05,5,66,096,2020,07,18,5,2,5,2,0,0,1,0,1,0,0,385464.770499999630000,5784422.711999999400000,7.324143868000022,52.198344633000033,0,05200702709300511911
05,5,62,032,2020,06,17,3,3,5,3,0,1,1,0,0,0,0,377804.829199999570000,5720706.328199999400000,7.234723962000032,51.624095589000035,0,05200630701110036209
05,5,62,032,2020,06,17,2,3,2,6,0,0,1,0,0,0,0,374005.837799999860000,5717062.396600000600000,7.181181164000066,51.590509750000081,0,05200629701110733203
05,5,66,076,2020,07,16,2,3,2,6,0,0,1,0,0,0,0,395441.322100000460000,5793954.379100000500000,7.467109996000033,52.285991737000074,1,05200706709500974762
05,5,62,016,2020,07,09,2,3,1,6,0,0,1,0,0,0,0,376433.720599999650000,5738088.763000000300000,7.208766920000073,51.780012725000063,0,05200706701700785410
05,5,54,032,2020,07,15,2,3,5,3,0,0,1,0,0,0,0,328517.042999999600000,5744132.504000000700000,6.511778994000053,51.821674456000039,1,05200706705000376736
05,5,13,000,2020,07,20,2,3,6,2,0,0,0,1,0,0,1,368459.017199999650000,5707838.861800000100000,7.104603619000045,51.506352745000072,1,05200706700100815200
05,5,70,016,2020,07,04,7,2,8,1,0,0,1,0,0,0,0,410860.427799999710000,5740169.896800000200000,7.707122667000022,51.805263559000082,0,05200704711221579615
05,5,70,052,2020,07,12,7,3,0,6,0,0,1,0,0,0,0,431232.579400000160000,5755930.345100000500000,7.999403666000035,51.949823591000040,0,05200704711113803042
05,5,66,076,2020,07,19,7,3,5,5,0,1,1,0,0,0,0,393851.182000000030000,5794109.599400000600000,7.443758000000059,52.287081901000079,1,05200704709500274704
05,5,66,068,2020,07,13,7,3,1,5,0,0,1,0,0,0,0,378128.139800000000000,5785224.460200000600000,7.216561954000042,52.203976412000031,0,05200704709300460719
05,5,66,092,2020,07,18,7,3,8,1,0,0,1,0,0,0,0,423469.945399999620000,5790817.498800000200000,7.878636472000039,52.262413264000031,1,05200704709000070493
05,5,54,004,2020,07,09,7,3,2,6,0,0,1,0,0,0,0,365125.480999999680000,5773167.061599999700000,7.031186994000052,52.092607699000041,1,05200704705000605150
05,5,54,048,2020,07,00,7,2,9,1,2,0,0,0,0,0,1,341091.290000000040000,5747434.752800000800000,6.692548891000058,51.855058787000075,0,05200704705000577675
05,5,54,048,2020,07,11,7,3,8,1,0,0,0,0,1,0,0,341096.794999999930000,5747400.172000000300000,6.692644655000038,51.854749685000058,0,05200704705000087250
05,5,54,052,2020,07,10,7,2,0,4,0,0,1,1,0,0,0,378869.132100000050000,5772260.926200000600000,7.232020846000069,52.087643736000075,0,05200704705000081101
05,5,15,000,2020,07,11,7,3,5,3,0,0,1,0,0,0,0,402952.431099999700000,5757816.145099999400000,7.587497771000074,51.962558594000029,0,05200704702100555355
05,5,66,096,2020,07,15,2,3,5,2,0,0,0,0,1,0,1,385859.896099999550000,5786056.357400000100000,7.329371941000034,52.213107855000032,1,05200706709300011911
05,5,15,000,2020,07,14,2,3,2,1,0,0,1,0,0,0,0,404675.095800000240000,5759233.459799999400000,7.612169156000050,51.975595977000069,1,05200706702100009583
05,5,12,000,2020,07,14,2,3,2,6,0,0,1,0,0,1,0,360231.520200000140000,5711414.181399999200000,6.984710557000028,51.536506138000050,0,05200706701400402201
05,5,58,016,2020,07,11,2,3,5,3,0,0,1,0,1,0,0,389650.577999999750000,5743831.816299999100000,7.398446062000062,51.834392222000076,1,05200706706100287240
05,5,62,028,2020,07,14,2,3,0,3,0,0,1,0,1,0,0,379635.202899999920000,5722428.294199999400000,7.260560981000026,51.639966028000060,1,05200706701920394206
05,5,62,032,2020,07,11,2,3,6,7,0,0,1,1,0,0,0,376051.717199999840000,5715013.144600000200000,7.211422703000039,51.572546481000074,0,05200706701120281206
05,5,70,040,2020,07,13,1,3,8,6,0,0,1,0,0,0,1,413013.600399999880000,5744205.799300000100000,7.737329935000048,51.841881626000031,1,05200705711232076718
05,5,66,020,2020,07,04,1,3,8,1,2,0,1,0,0,0,0,404329.539499999960000,5801811.739700000700000,7.595136756000045,52.358231052000065,1,05200705709700512163
05,5,70,008,2020,07,15,6,3,5,3,0,0,1,0,0,0,0,432830.234000000170000,5739962.023000000000000,8.025754443000039,51.806466164000028,0,05200703711314602622
05,5,66,060,2020,07,15,6,2,5,3,0,1,1,0,0,0,0,389897.352400000210000,5784228.554300000900000,7.389035270000022,52.197502797000027,0,05200703709500912050
05,5,66,060,2020,07,18,6,3,5,3,0,0,1,0,0,0,0,390315.514000000430000,5789499.974999999600000,7.393441930000051,52.244960858000070,0,05200703709500674669
05,5,66,076,2020,07,07,1,3,8,1,0,0,1,0,0,0,0,391280.394199999980000,5790668.337099999200000,7.407192564000070,52.255652487000077,1,05200705709300000952
05,5,58,024,2020,07,15,6,2,9,1,0,0,1,0,0,0,0,396238.005099999720000,5737886.382500000300000,7.495796030000065,51.782216480000045,0,05200703706300687304
05,5,54,004,2020,07,15,6,3,7,1,0,1,0,0,0,0,0,363976.566399999890000,5772084.753499999600000,7.014858468000057,52.082601510000075,0,05200703705000670577
05,5,54,060,2020,07,18,6,1,5,3,0,1,1,0,0,0,0,351212.500300000420000,5758810.656800000000000,6.834485939000047,51.960057586000062,0,05200703705000581798
05,5,15,000,2020,07,17,6,3,1,6,0,0,1,0,0,0,0,411053.692999999970000,5759216.780200000900000,7.705012620000048,51.976503654000055,0,05200703702100557491
05,5,15,000,2020,07,14,6,3,5,3,0,1,1,0,0,0,0,406485.846599999820000,5750687.976600000600000,7.640847082000050,51.899092416000030,0,05200703702100368209
05,5,15,000,2020,07,06,6,3,5,3,0,0,1,0,0,0,0,407198.187800000420000,5755367.268500000200000,7.649935991000064,51.941271721000078,0,05200703702100253125
05,5,58,004,2020,07,17,1,2,5,2,0,0,1,0,0,0,0,405623.495400000360000,5738433.617599999500000,7.631661662000056,51.788797180000074,0,05200705706300896200
05,5,62,008,2020,07,12,6,3,2,6,0,0,1,0,0,0,0,384593.964399999940000,5721929.983400000300000,7.332352914000069,51.636526760000038,0,05200703701910828202
05,5,62,004,2020,07,21,6,3,5,3,0,1,1,0,0,0,0,385650.192800000310000,5710177.174000000600000,7.351436874000058,51.531109821000030,0,05200703701800936207
05,5,62,004,2020,07,13,6,3,2,6,0,0,1,0,0,0,0,382988.428399999630000,5717128.493400000000000,7.310766455000021,51.593041015000040,0,05200703701800882204
05,5,66,076,2020,07,17,2,3,2,2,0,0,1,0,0,0,0,400085.047199999910000,5794366.122800000000000,7.535042888000021,52.290556209000044,0,05200706709500312050
05,5,62,024,2020,07,16,6,3,1,3,0,0,1,0,1,0,0,372189.435899999920000,5725505.176000000900000,7.151893194000024,51.665974682000069,0,05200703701500571548
05,5,54,020,2020,07,01,1,2,0,1,2,1,0,0,0,0,0,366999.482800000350000,5785493.395800000100000,7.053700291000041,52.203820162000056,1,05200705705000587381
05,5,66,028,2020,07,16,1,2,8,7,0,0,0,0,0,1,0,411597.079300000330000,5790569.341600000900000,7.704778186000056,52.258402659000069,0,05200705702350005173
05,5,62,024,2020,07,13,6,3,0,1,0,1,0,0,0,0,0,369436.945399999620000,5722307.734899999600000,7.113309636000054,51.636607706000063,0,05200703701500076701
05,5,13,000,2020,07,13,1,3,6,4,0,0,1,1,0,0,0,369656.773000000040000,5715254.555999999900000,7.119106114000033,51.573273815000050,0,05200705700200696203
05,5,15,000,2020,07,10,2,2,2,6,0,0,0,0,0,1,1,404657.326999999580000,5766905.164000000800000,7.609774926000057,52.044548493000036,0,05200706702350805205
05,5,13,000,2020,07,04,1,3,8,1,2,0,1,0,0,0,0,367485.330599999990000,5708362.152499999900000,7.090385299000047,51.510827929000072,1,05200705700100684204
05,5,62,012,2020,07,12,2,3,2,2,0,0,1,0,0,0,0,359415.316999999810000,5726237.627000000300000,6.967007699000021,51.669505771000047,0,05200706701610310202
05,5,58,008,2020,07,16,2,2,5,3,0,1,1,0,0,0,0,382241.805100000460000,5762394.559100000200000,7.284621633000029,51.999704003000033,1,05200706706200987333
05,5,15,000,2020,07,17,2,3,0,7,0,1,1,0,0,0,0,405513.157700000330000,5754648.963199999200000,7.625627365000071,51.934531653000079,0,05200706702100007436
05,5,62,014,2020,07,13,2,3,2,6,0,0,1,0,0,0,0,361417.792600000280000,5713870.044199999400000,7.000836552000067,51.558867422000048,1,05200706701300371207
05,5,54,036,2020,07,11,5,3,4,7,0,0,1,0,0,0,0,370772.587700000030000,5765056.852600000800000,7.116638824000063,52.021076846000028,1,05200709705000587236
05,5,58,024,2020,07,04,6,2,7,7,1,0,0,0,1,0,0,392902.558199999850000,5733184.150100000200000,7.448911174000045,51.739324250000038,0,05200710706000387304
05,5,66,028,2020,07,11,7,3,5,3,0,0,1,0,0,0,0,416656.307000000030000,5789862.276000000500000,7.779058427000052,52.252836971000079,0,05200711709700653209
05,5,15,000,2020,07,22,6,3,5,3,1,1,1,0,0,0,0,405482.343100000170000,5754870.253599999500000,7.625118481000072,51.936515482000061,0,05200710702100405103
05,5,58,016,2020,07,17,7,3,0,5,0,0,1,1,0,0,0,381584.198300000280000,5743865.386199999600000,7.281418256000052,51.833042027000033,0,05200711706100903163
05,5,62,008,2020,07,15,7,3,2,6,0,0,1,0,0,0,0,386410.776999999770000,5726525.298000000400000,7.357101488000069,51.678198305000080,0,05200711701910349495
05,5,70,044,2020,07,18,6,3,1,2,0,0,1,0,0,0,0,416514.684999999590000,5760710.965800000400000,7.784136669000077,51.990782141000068,0,05200710711142572431
05,5,13,000,2020,07,22,7,3,1,6,2,0,1,0,0,0,0,366813.278400000180000,5706771.358799999600000,7.081307141000025,51.496373970000036,0,05200711700100341200
05,5,70,016,2020,07,19,4,3,2,6,1,1,0,0,0,0,0,408363.457799999970000,5744255.253300000000000,7.669835811000041,51.841582354000082,0,05200708711222973422
05,5,15,000,2020,07,08,5,3,0,7,0,1,0,0,0,0,0,409547.904500000180000,5760811.437799999500000,7.682675252000024,51.990594335000026,1,05200709702100397729
05,5,62,024,2020,07,14,6,3,8,1,0,0,0,0,0,1,0,371950.554999999700000,5729982.805999999900000,7.146798208000064,51.706159582000055,0,05200710702340581141
05,5,62,004,2020,07,17,6,3,1,6,0,0,1,0,0,0,0,383171.775799999940000,5715017.763800000800000,7.314114485000061,51.574108460000048,1,05200710701800681207
05,5,70,044,2020,07,15,7,3,1,6,0,0,1,0,1,0,0,417509.377299999820000,5760563.480799999100000,7.798655186000076,51.989605030000064,0,05200711711142070622
05,5,66,076,2020,07,13,7,3,5,5,0,1,1,0,0,0,0,392831.990000000220000,5794078.990000000200000,7.428831479000053,52.286609002000034,0,05200711709500976732
05,5,62,032,2020,07,18,7,2,5,2,0,1,1,0,0,0,0,375773.916000000200000,5713650.369000000900000,7.207897847000027,51.560237771000061,0,05200711701120835202
05,5,70,048,2020,07,05,5,3,4,6,0,0,1,0,0,0,1,450919.215599999760000,5726659.115000000200000,8.289972987000056,51.688745182000048,0,05200709711322081007
05,5,58,020,2020,07,19,7,2,0,3,0,1,1,0,0,0,0,392830.792999999600000,5761760.187000000800000,7.439004344000068,51.996147400000041,0,05200711706000887335
05,5,66,076,2020,07,16,4,3,4,1,0,0,1,0,0,0,0,391730.655600000170000,5795370.029100000900000,7.412276835000057,52.297995772000036,0,05200708709500438566
05,5,12,000,2020,07,15,5,3,3,6,0,0,1,0,1,0,0,356659.585300000380000,5709164.577899999900000,6.934158600000046,51.515395918000081,1,05200709701400567026
05,5,66,084,2020,07,10,4,2,9,1,0,0,0,0,1,0,0,388429.586400000380000,5779107.564300000700000,7.369253252000021,52.151185165000072,1,05200708709300174741
05,5,66,004,2020,07,05,4,2,5,3,0,1,1,0,0,0,0,394750.758500000460000,5767263.441700000300000,7.465266858000064,52.045976232000044,1,05200708709100074663
05,5,58,016,2020,07,23,6,3,1,5,2,1,1,0,0,0,0,381624.782899999990000,5743937.963899999900000,7.281982152000069,51.833702898000070,1,05200710706100672192
05,5,54,020,2020,07,07,4,3,9,1,0,0,1,0,0,0,0,361786.508899999780000,5784349.354299999800000,6.977932035000038,52.192258468000034,0,05200708705000187233
05,5,13,000,2020,07,00,6,3,2,6,2,0,1,0,0,0,1,364592.438799999650000,5714323.618499999900000,7.046429770000032,51.563714460000028,0,05200710700200674464
05,5,66,028,2020,07,20,7,2,0,1,0,1,0,0,0,0,0,410551.003499999640000,5794903.854499999400000,7.688306221000062,52.297192924000058,1,05200711709700757409
05,5,54,012,2020,07,16,4,3,8,3,0,1,1,0,0,0,0,345667.752999999560000,5742241.718599999300000,6.761262029000022,51.809686986000031,1,05200708705000079991
05,5,58,020,2020,07,12,7,3,2,2,0,0,1,0,1,0,0,390241.557599999940000,5759951.560399999800000,7.401884805000066,51.979386678000026,0,05200711706200520577
05,5,54,064,2020,07,15,7,3,5,3,0,1,1,0,0,0,0,355065.906100000250000,5751166.284399999300000,6.893747270000063,51.892390775000081,0,05200711705000366228
05,5,62,008,2020,07,12,4,2,5,2,0,0,1,0,0,0,0,383279.648500000130000,5728718.476500000800000,7.311101761000032,51.697267596000074,0,05200708701910548785
05,5,70,048,2020,07,21,6,2,8,1,2,0,1,0,0,0,0,449928.384899999950000,5727436.033099999700000,8.275528848000022,51.695642729000042,0,05200710711322674737
05,5,62,004,2020,07,07,4,3,1,6,0,0,1,0,0,0,0,383328.134300000030000,5711277.990700000900000,7.317610679000040,51.540528671000061,1,05200708701800971312
05,5,13,000,2020,07,01,7,3,5,3,2,0,1,0,0,0,0,364915.363699999640000,5716762.171399999400000,7.050148055000022,51.585705722000057,0,05200711700200294200
05,5,54,052,2020,07,07,5,3,9,1,0,0,1,0,0,0,0,371101.417100000200000,5771529.603800000600000,7.118986820000032,52.079317728000035,1,05200709705000002662
05,5,12,000,2020,07,00,6,3,8,1,2,0,1,0,0,0,0,354195.777999999930000,5712272.632300000600000,6.897388741000043,51.542693248000035,0,05200710702340680972
05,5,62,016,2020,07,20,4,3,2,6,0,0,1,0,0,0,0,375153.083899999970000,5734590.655500000300000,7.191469554000037,51.748291579000067,0,05200708701700063201
05,5,15,000,2020,07,11,6,2,5,3,0,0,1,0,0,0,0,403602.778099999760000,5766029.893799999700000,7.594649939000021,52.036499018000029,1,05200710702100042484
05,5,58,016,2020,07,12,7,3,0,1,0,0,0,0,1,0,0,369143.582799999970000,5745751.998900000000000,7.100254545000041,51.847219807000045,0,05200711706100787255
05,5,70,020,2020,07,22,3,2,4,6,2,0,1,0,0,1,0,433241.355999999680000,5746788.293999999800000,8.030399216000035,51.867883052000082,1,05200707711421074654
05,5,66,072,2020,07,21,7,3,8,1,1,0,1,0,0,0,0,409420.371199999940000,5803008.338099999400000,7.669547000000023,52.369850962000044,1,05200711709700270497
05,5,70,052,2020,07,14,3,2,5,2,0,1,1,0,0,0,0,430426.698200000450000,5755885.584300000200000,7.987688766000076,51.949320986000032,0,05200707711113776143
05,5,54,012,2020,07,15,3,3,0,7,0,0,1,0,0,0,0,353986.684000000360000,5747011.764000000400000,6.879832034000060,51.854780808000044,0,05200707705000687244
05,5,62,020,2020,07,11,7,3,6,4,0,1,0,1,0,0,0,367133.828999999910000,5719778.218399999700000,7.081008130000043,51.613336952000054,0,05200711701200776203
05,5,54,004,2020,07,06,3,2,5,3,0,0,1,0,0,0,0,361259.756599999960000,5776719.444499999300000,6.973348110000075,52.123570856000072,0,05200707705000647427
05,5,66,076,2020,07,16,6,3,2,6,0,0,1,0,0,0,0,392051.092600000090000,5793034.044999999900000,7.417722225000034,52.277065147000030,0,05200710709500651201
05,5,66,072,2020,07,18,4,3,3,6,0,1,1,0,0,0,0,412774.218899999750000,5802134.369300000400000,7.719022674000030,52.362539801000082,1,05200708709700070497
05,5,54,008,2020,07,15,3,2,5,3,0,1,1,0,0,0,0,335255.864199999720000,5745939.861300000900000,6.608605427000043,51.839937887000076,0,05200707705000568294
05,5,62,024,2020,07,09,5,3,2,6,0,0,1,0,0,0,0,364937.060300000010000,5724334.200899999600000,7.047542070000077,51.653755647000082,1,05200709701500220204
05,5,62,032,2020,07,15,6,2,3,6,0,0,1,0,0,0,0,374173.976499999870000,5718322.459000000700000,7.183155137000028,51.601871577000054,0,05200710702340554150
05,5,54,008,2020,07,09,3,3,5,3,0,0,1,0,0,1,0,338734.660000000150000,5745641.618300000200000,6.659196007000048,51.838273950000030,0,05200707705000221092
05,5,54,020,2020,07,14,3,3,1,6,0,0,1,0,1,0,0,365204.827700000260000,5785355.028999999200000,7.027509530000032,52.202140953000026,1,05200707705000087251
05,5,12,000,2020,07,10,3,3,2,6,0,0,1,0,0,0,0,356807.473799999800000,5707755.340099999700000,6.936860774000024,51.502770183000052,0,05200707701400578204
05,5,62,032,2020,07,11,6,3,4,7,0,0,1,0,0,0,0,375944.502100000160000,5717074.217700000900000,7.209148204000030,51.591046191000032,1,05200710701110623209
05,5,70,052,2020,07,14,7,1,0,6,0,1,1,0,0,0,0,424276.635999999940000,5759085.517400000200000,7.897515213000077,51.977283029000034,0,05200711711111051183
05,5,66,012,2020,07,05,7,2,8,1,0,0,0,0,0,0,1,402255.780500000340000,5770315.675100000600000,7.573792589000050,52.074784189000070,0,05200711709110272341
05,5,62,032,2020,07,14,7,3,5,2,0,0,1,0,1,0,0,372380.879399999980000,5722519.939600000200000,7.155749316000026,51.639190389000078,0,05200711701110769604