ULAND,UREGBEZ,UKREIS,UGEMEINDE,UJAHR,UMONAT,USTUNDE,UWOCHENTAG,UKATEGORIE,UART,UTYP1,ULICHTVERH,IstRad,IstPKW,IstFuss,IstKrad,IstGkfz,IstSonstige,LINREFX,LINREFY,XGCSWGS84,YGCSWGS84,STRZUSTAND,UIDENTSTLAE
05,5,54,016,2020,07,09,7,3,4,2,0,0,1,0,0,0,0,364810.891999999990000,5755765.505000000800000,7.033467683000026,51.936167208000029,0,05200711705000587346
05,5,62,032,2020,07,07,5,3,1,5,0,1,1,0,0,0,0,374912.281899999830000,5719493.133400000600000,7.193392395000046,51.612556999000049,1,05200709701110123209
05,5,62,032,2020,07,15,3,3,0,1,0,0,0,0,1,0,0,375759.650500000450000,5713834.292500000400000,7.207627158000037,51.561887591000072,1,05200714701120564203
05,5,66,040,2020,07,13,2,3,8,1,0,0,1,0,0,0,0,416345.199699999760000,5782038.670299999400000,7.776436222000029,52.182466733000069,0,05200713709800074652
05,5,62,016,2020,07,10,4,3,8,1,0,0,1,0,0,0,0,369065.829099999740000,5738182.577999999700000,7.101987046000033,51.779180487000076,0,05200715701700783200
05,5,66,012,2020,07,06,4,2,5,3,0,0,1,0,0,0,0,410262.530000000260000,5772816.943000000000000,7.689928026000075,52.098622262000049,1,05200715709110070516
05,5,54,008,2020,07,15,2,3,5,2,0,0,1,0,0,0,1,331861.105999999680000,5742031.650599999400000,6.561272937000069,51.803818434000050,0,05200713705000173909
05,5,62,008,2020,07,20,2,2,9,7,0,0,1,0,0,0,0,389516.049300000070000,5724617.879300000100000,7.402598801000067,51.661673934000078,0,05200713701910283200
05,5,12,000,2020,07,10,3,3,5,3,0,0,1,0,0,0,0,357760.325199999850000,5719535.363800000400000,6.945815362000076,51.608864556000071,0,05200714701400448205
05,5,58,028,2020,07,13,3,2,8,1,0,0,1,0,0,0,0,403184.128700000230000,5731143.164000000800000,7.598335891000033,51.722849090000068,0,05200714706300876763
05,5,13,000,2020,07,15,3,3,5,2,0,0,1,0,0,0,0,363720.489099999890000,5719585.778999999200000,7.031814863000022,51.610791729000027,1,05200714700200857809
05,5,15,000,2020,07,14,4,3,5,3,0,1,1,0,0,0,0,405654.320199999960000,5757011.572899999100000,7.627031664000072,51.955791825000063,0,05200715702100341782
05,5,15,000,2020,07,13,2,2,0,7,0,1,0,0,0,0,0,404844.390700000340000,5762368.306199999500000,7.613763212000038,52.003802064000070,0,05200713702100772460
05,5,66,012,2020,07,18,2,3,5,6,0,0,1,0,0,0,0,406277.993999999950000,5772327.194000000100000,7.631910280000056,52.093559650000032,0,05200713709000076750
05,5,62,032,2020,07,16,4,3,5,3,0,1,1,0,0,0,0,372878.622600000350000,5718593.534399999300000,7.164363103000028,51.604016826000077,0,05200715701110874200
05,5,70,052,2020,07,16,3,2,5,3,0,0,1,0,0,0,0,428000.350999999790000,5746389.816999999800000,7.954375258000027,51.863649034000048,0,05200714711114064231
05,5,62,032,2020,07,10,2,2,8,1,0,0,1,0,0,0,0,376208.500199999660000,5718834.129799999300000,7.212336167000046,51.606920934000073,0,05200713701110127208
05,5,13,000,2020,07,16,3,3,2,6,0,0,1,0,0,0,0,369487.479000000280000,5707095.519899999700000,7.119689325000024,51.499910883000041,1,05200714700000373492
05,5,66,072,2020,07,08,4,3,5,3,0,0,1,0,0,0,0,412378.641099999660000,5800482.304700000200000,7.713646155000049,52.347627701000079,1,05200715709700548420
05,5,62,032,2020,07,22,3,2,5,2,2,0,1,0,0,0,0,374986.562900000250000,5714846.415100000800000,7.196119988000021,51.570812874000069,1,05200714701120579209
05,5,70,044,2020,07,18,2,2,5,7,0,1,1,0,0,0,0,416483.550099999640000,5760763.982599999800000,7.783670423000046,51.991254025000046,0,05200713711142048067
05,5,15,000,2020,07,09,4,2,0,7,0,0,0,0,0,0,1,405130.042000000370000,5757071.271999999900000,7.619387993000032,51.956239230000051,0,05200715702100168269
05,5,58,024,2020,07,08,2,3,2,6,0,0,1,0,0,0,0,393136.611999999730000,5736376.721999999100000,7.451318246000028,51.768063930000039,0,05200713706300076748
05,5,13,000,2020,07,16,4,3,5,3,0,1,1,0,0,0,0,367980.116799999960000,5707330.742900000900000,7.097897334000038,51.501674726000033,0,05200715700100171515
05,5,66,008,2020,07,16,3,3,2,6,0,0,1,0,0,0,0,399371.209499999880000,5781745.194199999800000,7.528337145000023,52.176993780000032,1,05200714709100745208
05,5,13,000,2020,07,18,2,3,2,6,0,0,1,0,0,0,0,364270.766999999990000,5708811.864000000100000,7.043917093000061,51.514106209000033,0,05200713700000765472
05,5,15,000,2020,07,12,2,2,5,3,0,0,1,0,1,0,0,399979.844999999740000,5761179.025000000400000,7.543267236000077,51.992257619000043,0,05200713702100079167
05,5,15,000,2020,07,17,3,3,5,3,0,0,1,0,0,0,0,409340.949000000020000,5760555.642999999200000,7.679729689000055,51.988261358000045,1,05200714702000648264
05,5,62,032,2020,07,13,3,3,2,6,0,0,1,0,0,0,0,373925.067200000400000,5719306.304700000200000,7.179209244000049,51.610657753000055,1,05200714701110493205
05,5,66,092,2020,07,15,2,3,5,3,0,1,1,0,0,0,0,422386.637000000100000,5796498.150000000400000,7.861458197000047,52.313323374000049,0,05200713709700555927
05,5,54,028,2020,07,16,4,3,2,6,0,0,1,0,0,0,1,355501.976800000300000,5745805.527000000700000,6.902322781000066,51.844336924000061,0,05200715705000938824
05,5,54,020,2020,07,14,2,2,5,2,0,0,1,0,1,0,0,367127.388500000350000,5781820.661800000800000,7.057010420000040,52.170849682000039,0,05200713705000096592
05,5,62,014,2020,07,12,4,3,0,1,0,1,0,0,0,0,0,359578.006000000050000,5717961.387399999400000,6.972678155000040,51.595177151000030,0,05200715701300249574
05,5,70,032,2020,07,12,3,3,8,1,0,0,1,0,0,0,0,419329.323499999940000,5764192.705600000900000,7.824299075000056,52.022495656000046,0,05200714711151080988
05,5,62,014,2020,07,11,2,3,2,6,0,0,1,0,0,0,0,361875.441499999720000,5712945.092199999800000,7.007797492000066,51.550667868000062,0,05200713701300163206
05,5,62,014,2020,07,12,3,2,5,2,0,1,1,0,0,0,0,361470.642900000330000,5713604.676300000400000,7.001703009000039,51.556495764000033,0,05200714701300491207
05,5,70,008,2020,07,13,1,3,5,3,0,0,1,0,1,0,0,433121.279000000100000,5733895.301999999200000,8.031144077000022,51.751961178000045,0,05200712711311302622
05,5,70,052,2020,07,06,1,2,8,1,0,0,1,0,0,0,0,425317.511900000270000,5760406.012499999300000,7.912379245000068,51.989294314000063,0,05200712711111202754
05,5,66,088,2020,07,17,1,3,4,2,0,1,1,0,0,0,0,424528.298700000160000,5785430.370699999900000,7.895343979000074,52.214135052000074,0,05200712709800380991
05,5,66,040,2020,07,12,1,2,5,1,0,0,1,0,0,0,0,417785.706399999560000,5781761.443099999800000,7.797567712000046,52.180191410000077,0,05200712709800379113
05,5,66,044,2020,07,21,1,3,7,7,1,0,0,0,1,0,0,428877.925099999640000,5775292.795700000600000,7.961121220000052,52.123584852000079,0,05200712709800012513
05,5,13,000,2020,07,19,3,3,2,7,0,0,1,0,0,0,0,367589.891999999990000,5708621.897500000900000,7.091793637000023,51.513186698000027,1,05200714700100563204
05,5,66,084,2020,07,18,1,2,5,3,0,1,1,0,0,0,0,387669.161899999720000,5778171.149000000200000,7.358453155000063,52.142615409000030,0,05200712709300642419
05,5,70,008,2020,07,14,4,3,3,2,0,0,1,0,0,1,0,433413.079599999820000,5736375.872500000500000,8.034895259000052,51.774296387000049,0,05200715711313572788
05,5,54,020,2020,07,17,1,3,4,1,0,0,1,0,0,0,0,368167.662299999970000,5785413.785499999300000,7.070815610000068,52.203385448000063,0,05200712705000281092
05,5,54,004,2020,07,20,1,2,5,2,0,0,1,0,1,0,0,362566.655500000340000,5772670.101800000300000,6.994059751000066,52.087512843000070,0,05200712705000121108
05,5,54,020,2020,07,16,1,2,0,3,0,1,1,0,0,0,0,367643.940700000150000,5788949.615399999500000,7.061773327000026,52.235031065000044,0,05200712705000081549
05,5,58,004,2020,07,07,1,2,8,1,0,0,1,0,0,0,0,407056.424499999730000,5730982.421099999900000,7.654423431000055,51.722059411000032,0,05200712702330787388
05,5,15,000,2020,07,14,4,3,5,2,0,1,1,0,0,0,0,403284.500400000250000,5754184.708300000100000,7.593351034000023,51.929975919000071,0,05200715702100270512
05,5,62,004,2020,07,09,1,3,5,3,0,1,1,0,0,0,0,384990.417399999690000,5717100.210300000400000,7.339664192000043,51.593199080000034,0,05200712701800471312
05,5,62,016,2020,07,12,1,2,1,2,0,0,1,0,1,0,0,369471.206899999640000,5737513.848700000000000,7.108111320000035,51.773265716000026,0,05200712701700884208
05,5,62,016,2020,07,01,1,3,8,7,2,0,1,0,0,0,0,377592.741000000390000,5738255.533199999500000,7.225500687000022,51.781766202000028,0,05200712701700860200
05,5,12,000,2020,07,11,1,3,0,2,0,0,1,0,0,0,0,358805.785000000150000,5711315.356000000600000,6.964206736000051,51.535263301000043,0,05200712701400057383
05,5,58,004,2020,07,15,2,2,8,1,0,0,1,0,0,0,0,408539.606999999840000,5733956.770999999700000,7.675108026000032,51.749039599000071,0,05200713706300976763
05,5,13,000,2020,07,11,1,3,6,2,0,0,1,1,0,0,0,364819.200000000190000,5716743.448999999100000,7.048768076000044,51.585514416000080,0,05200712700200824635
05,5,62,032,2020,07,09,4,3,2,2,0,0,1,0,0,0,0,372513.321000000460000,5721113.685000000500000,7.158174281000072,51.626582595000059,0,05200715701110719207
05,5,66,052,2020,07,15,3,3,8,1,0,0,1,0,0,0,0,377616.509999999780000,5781346.760999999900000,7.210478730000034,52.169016962000057,1,05200714709300542459
05,5,13,000,2020,07,17,2,3,8,5,0,1,1,0,0,0,0,370186.031100000250000,5710050.342399999500000,7.128659568000046,51.526626468000075,0,05200713700100558208
05,5,15,000,2020,07,06,2,3,5,3,0,0,1,0,0,0,0,411796.020999999720000,5754363.224999999600000,7.717063327000062,51.932994492000034,0,05200713702100538623
05,5,15,000,2020,07,16,3,3,2,1,0,0,1,0,0,0,0,403428.749400000090000,5759854.716299999500000,7.593854679000060,51.980964810000046,1,05200714702100164271
05,5,15,000,2020,07,15,2,3,5,3,0,1,1,0,0,0,0,407074.228799999690000,5753966.720899999100000,7.648511540000072,51.928662134000035,0,05200720702100076642
05,5,54,008,2020,07,04,1,3,8,1,1,0,1,0,0,0,0,331219.571100000290000,5745339.311000000700000,6.550365408000062,51.833337948000064,0,05200719705000173909
05,5,54,068,2020,07,11,7,2,8,1,0,0,0,0,1,0,0,342956.734400000420000,5770888.452400000800000,6.708890835000034,52.066291466000052,0,05200718705000396513
05,5,58,004,2020,07,10,7,3,0,7,0,0,0,0,1,0,0,404672.575899999590000,5741470.295099999800000,7.617043794000040,51.815931556000066,0,05200718702330139723
05,5,66,020,2020,07,01,2,2,7,1,2,0,0,0,1,0,0,406120.713000000450000,5801932.177999999400000,7.621397029000036,52.359623229000078,0,05200720709700072366
05,5,13,000,2020,07,16,2,3,3,6,0,0,1,0,0,0,0,366737.559799999930000,5710833.760600000600000,7.078681186000040,51.532863506000069,0,05200720700000467056
05,5,62,012,2020,07,18,1,2,8,1,0,0,1,0,0,0,0,359883.620600000020000,5739102.169500000800000,6.968598419000045,51.785220132000063,0,05200719702340105256
05,5,54,020,2020,07,16,2,3,5,3,0,1,1,0,0,0,0,363777.592899999580000,5786636.747400000700000,7.006122431000051,52.213306601000056,0,05200720705000520945
05,5,58,008,2020,07,06,1,3,5,3,0,1,1,0,0,0,0,378673.193900000300000,5756998.433299999700000,7.234571698000025,51.950442224000028,0,05200719706200872440
05,5,66,032,2020,07,10,7,3,2,6,0,0,1,0,0,0,0,413245.281000000420000,5778065.718000000300000,7.732123025000021,52.146277004000069,0,05200718702350505058
05,5,70,016,2020,07,17,7,3,5,3,0,1,1,0,0,0,0,417135.849899999800000,5733845.926400000200000,7.799628307000035,51.749380696000060,0,05200718711221772472
05,5,62,024,2020,07,16,7,2,2,2,0,0,1,0,0,0,0,370743.915400000290000,5729558.658500000800000,7.129502286000047,51.702071268000054,0,05200718701500735206
05,5,58,044,2020,07,16,2,3,5,2,0,0,0,0,1,0,0,392664.141999999990000,5749262.507999999400000,7.440478599000073,51.883789713000056,0,05200720706300096636
05,5,70,016,2020,07,14,1,2,8,1,0,0,0,0,1,0,0,413568.791400000450000,5741041.121899999700000,7.746177060000036,51.813520347000065,0,05200719711221581146
05,5,62,032,2020,07,09,7,3,0,7,0,0,0,0,0,0,1,376129.559299999850000,5715080.557399999400000,7.212521609000021,51.573169445000076,0,05200718701120692203
05,5,15,000,2020,07,13,2,3,8,1,0,0,1,0,0,0,0,408928.450899999590000,5758114.800400000100000,7.674372001000052,51.966254159000073,0,05200720702100569780
05,5,54,020,2020,07,19,1,2,0,1,0,1,0,0,0,0,0,362802.898699999790000,5786799.417799999900000,6.991799427000046,52.214526395000064,0,05200719705000581549
05,5,66,076,2020,07,09,7,3,8,1,0,1,0,0,0,0,0,399079.320899999700000,5790445.868100000500000,7.521475179000049,52.255138957000042,0,05200718709000412546
05,5,70,028,2020,07,15,5,3,5,3,0,1,1,0,0,0,0,441580.017099999820000,5742565.137199999800000,8.152208050000070,51.830851660000064,0,05200716711413476177
05,5,66,044,2020,07,19,5,3,8,1,1,0,0,0,1,0,0,429580.229899999690000,5779061.011800000400000,7.970597257000065,52.157548364000036,0,05200716709800572364
05,5,66,028,2020,07,09,5,3,5,3,0,0,1,0,1,0,0,413198.394999999550000,5790623.025000000400000,7.728219488000036,52.259140192000075,0,05200716709700042796
05,5,62,032,2020,07,22,7,3,8,1,2,0,1,0,0,0,0,373123.059000000360000,5720438.845699999500000,7.167222861000028,51.620655675000080,0,05200718702340772367
05,5,66,076,2020,07,17,5,3,8,7,0,0,0,0,0,0,1,394030.016200000420000,5785312.658800000300000,7.449138583000035,52.208055877000049,0,05200716709500676614
05,5,66,064,2020,07,04,5,2,9,1,2,0,1,0,0,0,0,393899.737800000240000,5775336.287200000100000,7.450350921000052,52.118369067000060,0,05200716709110052454
05,5,66,004,2020,07,11,5,2,8,1,0,0,0,0,1,0,0,400073.359899999570000,5767381.599199999100000,7.542818037000075,52.048023319000038,0,05200716709100456195
05,5,62,004,2020,07,12,5,3,6,4,0,0,1,1,0,0,0,383363.511300000360000,5716609.712200000900000,7.316351225000062,51.588456146000055,1,05200716701800122206
05,5,54,008,2020,07,17,2,3,4,6,0,0,0,0,1,0,0,333662.359699999910000,5743077.648199999700000,6.586871602000031,51.813753612000028,0,05200720705000696651
05,5,62,016,2020,07,15,5,3,2,6,0,0,0,0,0,1,1,368644.744500000030000,5732120.611800000100000,7.098176814000055,51.724606703000063,1,05200716701700296201
05,5,66,044,2020,07,12,1,3,0,1,0,1,0,0,0,0,0,426816.992600000460000,5781051.034399999300000,7.929782361000036,52.175077569000052,0,05200719709100076669
05,5,70,004,2020,07,14,2,3,9,1,0,0,1,0,0,0,0,417737.302600000050000,5737389.446399999800000,7.807499813000050,51.781323357000076,0,05200720711211574710
05,5,62,024,2020,07,09,5,3,0,1,0,0,0,0,1,0,0,368519.343000000340000,5724362.429999999700000,7.099285502000043,51.654858599000079,1,05200716701500042206
05,5,62,032,2020,07,16,5,3,8,1,0,0,0,0,1,0,0,376047.500400000250000,5716679.969300000000000,7.210773531000029,51.587525671000037,1,05200716701110290207
05,5,13,000,2020,07,16,5,3,1,6,0,0,1,0,1,0,0,370066.860500000420000,5709197.516100000600000,7.127257154000063,51.518934809000029,1,05200716700100994204
05,5,13,000,2020,07,07,2,3,2,6,0,0,1,0,0,0,0,365395.655000000260000,5714675.776799999200000,7.057875983000031,51.567071395000028,1,05200720700200923208
05,5,54,028,2020,07,14,1,2,9,7,0,0,1,0,0,0,0,362815.323300000280000,5747997.164200000500000,7.007549572000073,51.865875198000026,0,05200719702340848171
05,5,54,032,2020,07,15,7,3,0,1,0,1,0,0,0,0,0,325827.273900000380000,5746044.281700000200000,6.471829152000055,51.838015124000037,0,05200718705000276754
05,5,70,040,2020,07,17,7,2,5,3,0,1,0,0,1,0,0,422293.178999999540000,5741176.821000000500000,7.872679897000069,51.816021302000081,0,05200718711231158483
05,5,70,028,2020,07,17,6,3,0,1,0,1,0,0,0,0,0,441115.972199999730000,5743227.740399999500000,8.145361864000051,51.836759876000031,0,05200717711413780981
05,5,70,008,2020,07,13,6,3,7,4,0,0,0,1,1,0,0,433885.617200000210000,5735435.570299999800000,8.041922147000037,51.765899039000033,0,05200717711313172463
05,5,66,008,2020,07,11,2,3,0,3,0,0,1,0,0,0,0,400999.374200000430000,5779388.947100000500000,7.552827545000071,52.156110795000075,0,05200720709100542513
05,5,70,008,2020,07,19,6,3,4,6,0,0,1,0,1,0,0,438167.781999999660000,5731180.536000000300000,8.104724034000071,51.728134547000082,0,05200717711312602622
05,5,70,008,2020,07,14,6,2,5,3,0,0,1,0,0,0,0,434062.060399999840000,5734467.255100000600000,8.044662397000025,51.757214623000039,0,05200717711311702622
05,5,66,076,2020,07,12,6,2,4,7,0,1,0,1,0,0,0,393261.289300000300000,5793000.105499999600000,7.435464401000047,52.276996432000033,0,05200717709500638566
05,5,66,008,2020,07,12,6,3,0,2,0,1,1,0,0,0,0,400129.564799999820000,5780964.062400000200000,7.539653878000024,52.170110946000079,0,05200717709100076669
05,5,58,024,2020,07,17,1,2,5,2,0,0,0,0,1,0,1,392420.776700000280000,5742371.256300000500000,7.439088899000069,51.821805336000068,0,05200719706000956214
05,5,54,004,2020,07,21,6,3,7,1,0,0,0,0,1,0,0,360596.900500000450000,5772742.217299999700000,6.965299732000062,52.087668245000032,0,05200717705000051911
05,5,13,000,2020,07,23,6,2,9,1,2,0,1,0,0,0,0,364002.255800000390000,5708857.532099999500000,7.040032216000043,51.514452031000076,0,05200717702330472346
05,5,15,000,2020,07,07,6,2,5,3,0,1,1,0,0,0,0,398725.377000000330000,5755248.876000000200000,7.526752125000030,51.938729903000080,0,05200717702100957476
05,5,62,024,2020,07,10,1,3,0,1,0,0,0,0,1,0,0,364918.735000000340000,5724337.208100000400000,7.047276165000028,51.653778267000064,0,05200719701500831202
05,5,15,000,2020,07,12,6,3,2,6,0,0,1,0,1,0,0,405600.366200000050000,5754303.666699999900000,7.626990221000028,51.931442763000064,0,05200717702100811201
05,5,66,056,2020,07,00,7,3,9,1,2,1,0,0,0,0,0,414671.242899999950000,5795672.949599999900000,7.748515139000062,52.304761283000062,0,05200718709700548420
05,5,62,004,2020,07,16,6,3,6,4,0,0,1,1,0,0,0,381920.751799999740000,5714706.565899999800000,7.296174772000029,51.571050879000040,0,05200717701800589203
05,5,62,004,2020,07,17,6,3,5,3,0,0,1,0,1,0,0,384794.129200000320000,5716375.627800000800000,7.337069616000065,51.586646572000063,0,05200717701800577487
05,5,66,048,2020,07,06,7,2,8,1,0,0,0,0,1,0,0,425260.794999999930000,5791365.643999999400000,7.904750386000046,52.267586761000075,0,05200718702350005058
05,5,62,024,2020,07,18,6,2,3,3,0,1,1,0,0,0,0,365361.512900000440000,5724267.826199999100000,7.053699656000049,51.653261001000033,0,05200717701500608208
05,5,58,016,2020,07,06,2,2,5,3,0,0,1,0,0,1,0,384132.640200000260000,5744192.467000000200000,7.318277166000030,51.836516081000070,0,05200720706100381201
05,5,66,076,2020,07,00,1,3,0,6,2,0,1,1,0,0,0,395869.264999999660000,5796039.578199999400000,7.472736851000036,52.304813320000051,0,05200719709500579617
05,5,62,024,2020,07,09,6,2,5,3,0,0,1,0,0,0,0,371510.949799999590000,5724368.562200000500000,7.142505833000030,51.655605481000066,0,05200717701500461207
05,5,62,032,2020,07,09,6,2,0,1,0,0,1,0,0,0,0,374412.000900000330000,5718578.279300000500000,7.186498585000038,51.604223778000062,0,05200717701110445201
05,5,62,028,2020,07,15,7,3,3,2,0,1,1,0,0,0,0,379036.569400000390000,5723868.170499999100000,7.251416323000058,51.652778213000033,1,05200725701920677202
05,5,70,052,2020,07,11,7,2,5,3,0,1,1,0,0,0,0,429323.328999999910000,5753332.126199999800000,7.972161933000052,51.926227294000057,0,05200725711114953158
05,5,66,048,2020,07,14,5,3,5,3,0,1,1,0,0,0,0,426902.625699999740000,5793660.523000000000000,7.928308108000067,52.288436029000081,0,05200723709700881515
05,5,66,032,2020,07,15,5,2,5,3,0,0,1,0,0,0,0,416774.565000000410000,5776695.017999999200000,7.784024525000064,52.134499268000070,0,05200723709000581046
05,5,66,092,2020,07,06,6,3,9,1,0,0,1,0,0,0,0,424795.029600000010000,5801842.246700000000000,7.895584514000063,52.361695431000044,0,05200724709700076376
05,5,62,024,2020,07,15,5,2,5,2,0,0,1,0,0,0,0,370512.279299999590000,5725891.184699999200000,7.127512761000048,51.669059629000060,0,05200723701500250209
05,5,62,004,2020,07,18,5,2,3,6,0,0,1,0,1,0,0,383405.975899999960000,5718531.523800000500000,7.316325190000043,51.605737589000057,0,05200723701800270201
05,5,62,014,2020,07,13,6,2,2,6,0,0,1,0,0,1,0,356662.665199999700000,5715410.597699999800000,6.931658927000058,51.571522209000079,0,05200724702340581139
05,5,66,008,2020,07,10,7,2,8,1,0,0,0,0,1,0,0,401791.932000000030000,5785543.827700000300000,7.562626215000023,52.211571471000070,0,05200725709000070592
05,5,66,028,2020,07,13,5,3,2,1,0,0,1,0,0,0,0,412324.621899999680000,5791607.980299999900000,7.715164908000077,52.267854686000078,0,05200723709700170493
05,5,70,008,2020,07,15,5,3,9,1,0,0,1,0,0,0,0,438175.873800000180000,5731160.127900000700000,8.104844805000028,51.727951965000045,0,05200723711312580621
05,5,13,000,2020,07,14,7,3,0,1,0,1,0,0,0,0,0,365118.595599999650000,5716244.585100000700000,7.053278581000029,51.581103163000080,1,05200725700200346941
05,5,54,008,2020,07,16,5,3,2,6,0,0,1,0,1,0,0,335414.794999999930000,5743164.459000000700000,6.612229711000055,51.815052185000070,0,05200723705000540603
05,5,66,084,2020,07,05,6,3,5,3,0,0,1,0,1,0,0,385342.674999999810000,5779819.198000000800000,7.323914416000037,52.156948246000070,0,05200724709300076711
05,5,62,016,2020,07,17,5,3,0,6,0,1,0,0,0,0,0,373640.943300000390000,5733496.660700000800000,7.169974073000049,51.738121106000051,0,05200723701700269201
05,5,62,014,2020,07,19,6,3,8,1,0,0,0,0,1,0,0,362435.773900000380000,5712265.001000000200000,7.016139987000031,51.544693284000061,0,05200724701300580208
05,5,62,032,2020,07,12,5,3,2,6,0,0,1,0,0,0,0,378903.486499999650000,5717591.280999999500000,7.251663664000034,51.596337016000064,0,05200723701110183207
05,5,54,032,2020,07,16,4,3,3,6,0,0,1,0,0,0,0,323301.508100000210000,5743975.481200000300000,6.436262140000054,51.818639391000033,0,05200722052300584208
05,5,66,028,2020,07,05,3,3,5,3,0,1,1,0,0,0,0,411057.032899999990000,5792462.552100000900000,7.696368916000040,52.275332201000026,0,05200721709700870493
05,5,54,020,2020,07,17,7,3,2,6,0,0,1,0,0,0,0,366084.490600000140000,5785873.791799999800000,7.040168531000063,52.207016633000080,0,05200725705000020896
05,5,66,084,2020,07,16,3,2,3,6,0,1,1,0,0,0,0,386314.168999999760000,5779034.046000000100000,7.338372228000026,52.150093026000036,0,05200721709300242459
05,5,66,012,2020,07,19,3,3,5,2,0,0,1,0,0,0,0,407028.622000000440000,5771333.776100000400000,7.643135007000069,52.084757139000033,0,05200721709110872380
05,5,70,028,2020,07,12,7,2,8,1,0,0,0,0,1,0,0,441363.715400000100000,5736137.315500000500000,8.150156733000074,51.773041132000060,0,05200725711411802810
05,5,66,064,2020,07,14,3,2,8,1,0,0,1,0,0,0,0,398733.017199999650000,5771276.803300000700000,7.522124037000026,52.082789631000026,0,05200721709110572380
05,5,58,024,2020,07,17,3,3,4,2,0,1,1,0,0,0,0,391519.152200000360000,5736261.190899999800000,7.427923279000027,51.766714468000032,0,05200721706000687372
05,5,66,040,2020,07,14,5,3,5,3,0,1,1,0,0,0,0,421675.019399999640000,5781944.253499999600000,7.854396347000034,52.182400619000077,0,05200723709800081046
05,5,54,032,2020,07,17,3,3,1,5,0,0,1,0,0,0,0,322659.163499999790000,5747122.984099999100000,6.425339690000044,51.846707252000044,0,05200721705000096552
05,5,58,016,2020,07,14,3,3,2,6,0,0,1,0,0,0,0,381767.468999999580000,5745901.320200000000000,7.283380825000052,51.851378123000075,0,05200721702330205152
05,5,15,000,2020,07,15,3,3,0,7,0,1,0,0,0,0,1,401063.991399999710000,5761969.306399999200000,7.558823643000039,51.999554955000065,0,05200721702100491818
05,5,62,036,2020,07,14,3,3,2,6,0,0,1,0,1,0,0,386672.911999999550000,5718272.050100000600000,7.363564188000055,51.604072440000039,0,05200721701921769617
05,5,62,024,2020,07,15,3,3,2,7,0,0,1,0,1,0,0,364950.676599999890000,5724331.966399999300000,7.047739646000025,51.653738838000038,0,05200721701500785410
05,5,12,000,2020,07,20,3,3,5,2,0,0,1,0,0,0,1,354474.899500000290000,5720105.537200000100000,6.898165474000052,51.613148335000062,0,05200721701400558204
05,5,15,000,2020,07,13,5,2,1,1,0,1,0,0,0,0,0,407361.245000000110000,5755143.222600000000000,7.652367763000029,51.939285044000030,0,05200723702100087866
05,5,12,000,2020,07,12,3,3,5,3,0,1,1,0,0,0,0,356926.608300000430000,5712509.674000000600000,6.936645342000077,51.545522133000077,0,05200721701400048560
05,5,66,028,2020,07,17,6,3,0,1,0,0,0,0,1,0,0,416356.652499999850000,5790307.460000000900000,7.774559444000033,52.256793039000058,0,05200724702350042439
05,5,70,020,2020,07,13,4,3,9,1,0,0,1,0,0,0,0,426306.440999999640000,5744552.680999999900000,7.930171557000051,51.846912720000034,0,05200722711421572261
05,5,66,052,2020,07,15,5,3,0,1,0,1,0,0,0,0,0,379613.322800000200000,5779683.134299999100000,7.240251501000046,52.154506029000061,0,05200723709300860719
05,5,13,000,2020,07,20,3,3,5,3,0,0,1,0,0,0,0,366404.856700000350000,5718562.031400000700000,7.070949378000023,51.602235221000058,0,05200721700200120202
05,5,66,092,2020,07,15,6,3,5,3,0,1,1,0,0,0,0,423039.877000000330000,5796508.835999999200000,7.871036368000034,52.313511388000052,0,05200724709700881515
05,5,70,044,2020,07,08,4,1,9,6,0,0,1,0,0,0,0,414818.384300000030000,5764731.681700000500000,7.758438372000057,52.026666114000079,0,05200722711143245696
05,5,62,012,2020,07,16,5,2,4,6,0,0,1,0,0,0,0,361987.220399999990000,5729287.806600000700000,7.002969446000066,51.697552283000050,0,05200723701610256203
05,5,70,020,2020,07,14,4,2,1,5,0,0,1,0,0,0,0,426228.488400000150000,5744233.096100000700000,7.929108295000049,51.844029476000060,0,05200722711114576743
05,5,66,084,2020,07,17,4,2,0,7,0,0,0,0,1,0,0,389806.092199999840000,5776455.834599999700000,7.390223615000025,52.127629952000063,0,05200722709300074741
05,5,66,004,2020,07,11,4,3,2,6,0,1,0,0,0,0,0,394418.745299999600000,5763935.427300000600000,7.461454522000054,52.016002015000026,0,05200722709100074663
05,5,58,016,2020,07,20,4,3,0,1,0,0,0,0,0,0,1,381563.553999999540000,5743828.468000000300000,7.281131424000023,51.832705860000033,0,05200722706100450201
05,5,58,012,2020,07,12,4,3,0,7,0,1,0,0,0,0,0,377594.286100000140000,5752151.836799999700000,7.220604505000040,51.906650814000045,0,05200722706000096562
05,5,70,052,2020,07,04,7,2,8,1,2,0,1,0,0,0,0,432902.067200000400000,5755721.045399999200000,8.023732452000047,51.948145954000040,0,05200725711113972431
05,5,54,004,2020,07,10,4,3,2,3,0,1,0,0,0,1,0,364466.343999999580000,5772584.326500000400000,7.021803179000074,52.087210527000082,0,05200722705000096513