ULAND,UREGBEZ,UKREIS,UGEMEINDE,UJAHR,UMONAT,USTUNDE,UWOCHENTAG,UKATEGORIE,UART,UTYP1,ULICHTVERH,IstRad,IstPKW,IstFuss,IstKrad,IstGkfz,IstSonstige,LINREFX,LINREFY,XGCSWGS84,YGCSWGS84,STRZUSTAND,UIDENTSTLAE
05,5,54,020,2020,07,15,4,2,5,2,0,0,1,0,0,0,0,365251.969999999740000,5785996.909000000000000,7.027943529000027,52.207919972000070,0,05200722705000081049
05,5,66,056,2020,07,14,5,3,4,6,0,1,0,0,0,0,0,416549.692999999970000,5795157.410000000100000,7.776186547000066,52.300416037000048,0,05200723709700212408
05,5,62,036,2020,07,13,4,2,0,1,0,1,0,0,0,0,0,388670.120600000020000,5719966.159800000500000,7.391853319000063,51.619697506000080,0,05200722701930949495
05,5,62,032,2020,07,18,7,3,5,5,0,0,1,0,0,0,0,374362.428199999970000,5718587.021900000100000,7.185780005000026,51.604291290000049,0,05200725701110697204
05,5,62,008,2020,07,07,4,3,0,3,0,0,0,0,0,0,1,383772.933899999600000,5720310.188500000200000,7.321031930000061,51.621799537000072,0,05200722701910130205
05,5,62,024,2020,07,19,4,2,1,7,0,0,1,0,1,0,0,367607.717000000180000,5723627.513000000300000,7.086392934000060,51.648040323000032,0,05200722701500824203
05,5,58,032,2020,07,18,5,2,8,1,0,0,0,0,1,0,0,385078.571200000120000,5756431.868300000200000,7.327921778000075,51.946710727000038,0,05200723706200096576
05,5,66,076,2020,07,16,6,3,1,6,0,0,1,0,0,0,0,391959.993200000380000,5794585.505699999600000,7.415890191000074,52.290990360000080,0,05200724709500074673
05,5,62,032,2020,07,16,5,3,3,2,0,0,1,0,0,0,1,376191.277400000020000,5716075.486999999700000,7.213061014000061,51.582124665000038,0,05200723701120837207
05,5,62,004,2020,07,17,5,3,5,2,0,1,1,0,0,0,0,384300.072999999860000,5711491.815300000800000,7.331549160000066,51.542650572000070,0,05200723701800253206
05,5,15,000,2020,07,15,6,3,0,1,0,1,0,1,0,0,0,409135.142099999820000,5751486.578999999900000,7.679130691000069,51.906709146000026,0,05200724702100265837
05,5,54,048,2020,07,21,7,2,9,1,1,1,0,0,0,0,0,340505.944400000390000,5745362.452299999100000,6.685012521000033,51.836274604000039,0,05200725705000896552
05,5,66,060,2020,07,17,5,3,1,1,0,0,1,0,0,0,0,389363.727099999790000,5789024.179700000200000,7.379662835000033,52.240494389000048,0,05200723709500512050
05,5,70,040,2020,07,17,5,3,3,6,0,1,0,0,0,0,0,411763.381000000050000,5748887.723999999500000,7.717991043000041,51.883770894000065,0,05200723711232274779
05,5,13,000,2020,07,15,7,3,8,1,0,0,0,0,1,0,0,365409.675300000240000,5714330.925200000400000,7.058210207000059,51.563975747000029,1,05200725700000875938
05,5,15,000,2020,07,15,5,3,5,2,0,1,1,0,0,0,0,405908.929800000040000,5755977.586999999400000,7.631018820000065,51.946541019000051,0,05200723702100166481
05,5,58,028,2020,07,14,6,3,5,3,0,0,1,0,0,0,0,398400.311599999670000,5733837.843000000300000,7.528314947000069,51.746223587000031,0,05200724706300542200
05,5,62,012,2020,07,21,5,2,5,2,0,0,1,0,0,0,0,363313.578900000080000,5727802.398900000400000,7.022731226000076,51.684528870000065,0,05200723701610297206
05,5,62,014,2020,07,12,6,3,2,6,0,0,1,0,0,0,0,360414.456299999730000,5717383.841900000300000,6.984975951000024,51.590195195000035,0,05200724701300482204
05,5,12,000,2020,07,15,3,3,2,6,0,0,0,0,0,0,1,354211.823699999600000,5712258.170299999400000,6.897625955000024,51.542567443000053,0,05200728702340551446
05,5,58,028,2020,07,16,4,2,8,1,0,0,0,0,1,0,0,399513.701500000430000,5733290.559200000000000,7.544595012000059,51.741505151000069,0,05200729706300409883
05,5,54,008,2020,07,14,5,1,5,3,0,1,1,1,0,0,0,331446.709999999960000,5746569.208000000600000,6.553059610000048,51.844454696000071,0,05200730705000281087
05,5,70,004,2020,07,15,2,3,0,2,0,1,1,0,0,0,0,424563.021999999880000,5736095.153999999200000,7.906708031000051,51.770649970000079,0,05200727711112768279
05,5,62,016,2020,07,04,4,3,9,1,2,0,1,0,0,0,0,372911.691499999720000,5734334.133099999300000,7.159112430000050,51.745482341000070,0,05200729702330005152
05,5,62,024,2020,07,06,5,3,5,2,0,0,1,0,1,0,0,365038.256599999960000,5721180.628599999500000,7.050220206000063,51.625441009000042,0,05200730701500320296
05,5,66,028,2020,07,19,5,3,2,6,0,0,1,0,0,0,0,411880.462299999780000,5790067.731599999600000,7.709059909000075,52.253939515000070,0,05200730709700738566
05,5,58,032,2020,07,12,3,3,9,1,0,0,1,0,0,0,0,390482.564600000160000,5753722.908900000200000,7.407377328000052,51.923453903000052,0,05200728706000676773
05,5,66,076,2020,07,18,4,3,5,3,0,1,1,0,0,0,0,395526.804999999700000,5791176.716000000000000,7.469223137000029,52.261044231000028,0,05200729709500674722
05,5,58,024,2020,07,14,5,2,8,7,0,0,0,0,1,0,0,392129.842000000180000,5732099.866000000400000,7.438060487000030,51.729430479000030,0,05200730706000974771
05,5,66,064,2020,07,14,5,3,5,3,0,0,1,0,0,1,0,397560.509999999780000,5771335.414000000800000,7.505001296000046,52.083100681000076,0,05200730709110247851
05,5,62,032,2020,07,07,3,3,5,3,0,1,1,0,0,0,0,375957.304899999870000,5717037.475199999300000,7.209345914000039,51.590718798000069,0,05200728701110245206
05,5,58,020,2020,07,14,4,3,5,2,0,1,1,0,0,0,0,391407.373999999840000,5759365.232599999800000,7.419037951000064,51.974346086000025,0,05200729706200496576
05,5,66,040,2020,07,16,1,2,2,6,0,0,1,0,0,0,0,421185.327999999750000,5779623.285000000100000,7.847774719000029,52.161467973000072,0,05200726709800272364
05,5,58,012,2020,07,04,1,3,9,1,2,0,1,0,0,0,0,375158.668300000020000,5752264.147199999500000,7.185176562000038,51.907119627000043,1,05200726706200504204
05,5,54,016,2020,07,15,1,3,2,6,0,0,1,0,0,0,0,366558.031000000420000,5755798.426999999200000,7.058853858000020,51.936884712000051,0,05200726705000896621
05,5,62,024,2020,07,13,1,3,9,1,0,0,0,0,1,0,0,372076.923499999570000,5729956.122500000500000,7.148635844000069,51.705948610000064,0,05200726702340672367
05,5,15,000,2020,07,12,4,3,5,2,0,1,1,0,0,0,0,401649.468899999750000,5755591.327400000800000,7.569176577000064,51.942332464000060,0,05200729702100679175
05,5,62,032,2020,07,12,5,3,0,3,0,1,1,0,0,0,0,376154.366700000130000,5715268.999800000300000,7.212812962000044,51.574868471000059,0,05200730701120019208
05,5,62,032,2020,07,17,1,3,2,1,0,0,1,0,0,0,0,381363.827700000260000,5717895.581199999900000,7.287064769000040,51.599595485000066,1,05200726702340605076
05,5,62,014,2020,07,01,1,3,3,1,2,0,1,0,0,0,0,361440.065399999730000,5713796.605799999100000,7.001186585000028,51.558212964000063,1,05200726702340581141
05,5,13,000,2020,07,20,1,3,5,2,0,1,0,0,0,0,1,364036.465300000270000,5716483.002399999600000,7.037577873000032,51.582985652000048,0,05200726700200826200
05,5,66,076,2020,07,18,5,3,5,3,0,1,1,0,0,0,0,393412.197999999860000,5794016.891000000800000,7.437353991000066,52.286163746000057,0,05200730709500562050
05,5,54,012,2020,07,17,3,3,2,1,0,0,1,0,0,0,0,349371.553000000310000,5741640.053200000900000,6.815208033000033,51.805291394000051,0,05200728705000282365
05,5,66,068,2020,07,11,3,3,5,3,0,1,0,0,0,1,0,378494.708999999800000,5785661.846000000800000,7.221766475000038,52.207987823000053,0,05200728709300140204
05,5,58,024,2020,07,17,5,2,4,6,0,0,1,0,0,0,1,389433.454900000240000,5736237.378200000200000,7.397718094000027,51.766092437000054,0,05200730706300614207
05,5,54,068,2020,07,16,4,3,8,1,0,0,0,0,1,0,0,353133.061999999920000,5768272.489499999200000,6.858362119000049,52.045579697000051,0,05200729705000721131
05,5,62,012,2020,07,09,5,3,0,6,0,0,1,0,0,0,0,359811.804800000040000,5726262.711200000700000,6.972727363000047,51.669830241000057,0,05200730701610920203
05,5,58,044,2020,07,05,4,3,0,1,0,0,0,0,1,0,0,396224.026999999770000,5747380.125000000000000,7.492747703000021,51.867544779000070,0,05200729706300496612
05,5,54,048,2020,07,09,5,2,4,1,0,0,1,0,0,0,0,341942.894299999810000,5744003.710599999900000,6.706471555000064,51.824476139000069,0,05200730705000596536
05,5,70,052,2020,07,07,2,3,2,6,0,0,1,0,0,0,0,430012.821000000460000,5754829.677300000600000,7.981882715000040,51.939776856000037,0,05200727711113664231
05,5,13,000,2020,07,11,5,2,0,1,0,0,0,0,1,0,0,369163.708399999890000,5707730.966099999800000,7.114791734000050,51.505546694000031,0,05200730700100070184
05,5,66,012,2020,07,12,5,3,0,2,0,0,1,0,1,0,0,406462.780899999660000,5774295.418299999100000,7.634066411000049,52.111281799000039,0,05200730709110372380
05,5,66,040,2020,07,11,5,3,5,3,0,0,1,0,0,0,0,417298.644600000230000,5784914.415999999300000,7.789676288000067,52.208459587000050,0,05200730709800081046
05,5,58,012,2020,07,05,3,3,2,6,1,0,1,0,0,0,0,376058.820000000300000,5754870.350999999800000,7.197316995000051,51.930741613000066,0,05200728706200596640
05,5,70,016,2020,07,16,4,3,5,3,0,0,1,0,1,0,0,412398.559999999590000,5738912.065999999600000,7.729743531000054,51.794199973000048,0,05200729711221568996
05,5,58,016,2020,07,16,5,3,5,3,0,1,1,0,0,0,0,381226.436999999920000,5742887.846999999100000,7.276563987000031,51.824180775000059,0,05200730706100278383
05,5,62,032,2020,07,09,3,3,0,2,0,0,1,0,0,0,1,377736.771900000050000,5716570.006500000100000,7.235183548000066,51.586906474000045,0,05200728701120355209
05,5,58,044,2020,07,10,4,3,5,2,0,0,1,0,1,0,0,399321.360700000080000,5742254.135700000500000,7.539210034000064,51.822038606000035,0,05200729706300196746
05,5,15,000,2020,07,16,2,3,5,2,0,1,1,0,0,0,0,405839.716400000270000,5753319.395099999400000,7.630739707000032,51.922636182000076,0,05200727702100142554
05,5,15,000,2020,07,11,4,3,0,2,0,0,1,0,0,0,1,405615.047000000250000,5757054.303099999200000,7.626448579000055,51.956169239000076,0,05200729702100772414
05,5,62,024,2020,07,10,5,2,5,5,0,0,1,0,1,0,0,370556.184000000360000,5725487.642300000400000,7.128296792000072,51.665443244000073,0,05200730701500249387
05,5,70,008,2020,07,18,3,3,2,6,0,0,1,0,0,0,0,434063.446000000460000,5734465.997999999700000,8.044682708000039,51.757203484000058,0,05200728711311076703
05,5,66,092,2020,07,06,5,2,8,1,0,0,1,0,0,0,0,421113.200400000440000,5795537.607899999200000,7.843006879000029,52.304507896000075,0,05200730709700042411
05,5,54,008,2020,07,17,3,3,5,2,0,1,1,0,0,0,0,335199.998999999840000,5742176.014200000100000,6.609586480000075,51.806109288000073,0,05200728705000696570
05,5,66,024,2020,07,17,4,2,3,6,0,0,1,0,1,0,0,386672.617899999950000,5772512.033600000700000,7.345780886000057,52.091553258000033,0,05200729709300176628
05,5,58,032,2020,07,09,5,2,0,3,0,0,0,0,1,0,0,383520.348399999550000,5753230.284800000500000,7.306344523000064,51.917613598000059,0,05200730706000564262
05,5,58,036,2020,07,12,5,2,0,1,0,1,0,0,0,0,0,387316.097900000400000,5730352.108400000300000,7.368953631000068,51.712775211000064,1,05200730706300796684
05,5,13,000,2020,07,11,3,3,0,7,0,0,0,0,0,0,1,368289.474000000390000,5716295.172000000300000,7.098996936000049,51.582307698000079,0,05200728700200776203
05,5,54,068,2020,07,09,4,3,3,2,0,0,1,0,0,0,0,353884.472000000070000,5768180.396999999900000,6.869350452000049,52.044950837000044,0,05200729705000796695
05,5,15,000,2020,07,12,5,3,5,3,0,1,1,0,0,0,0,407296.219100000340000,5757988.425000000700000,7.650654581000026,51.964848424000081,0,05200730702100665812
05,5,70,016,2020,07,19,2,2,7,5,0,0,1,0,1,0,0,416426.733000000010000,5734167.139399999800000,7.789281279000022,51.752162845000043,0,05200727711221758483
05,5,12,000,2020,07,18,4,3,3,6,0,0,1,0,0,0,1,356344.634300000030000,5710567.796299999600000,6.929050585000027,51.527924984000038,0,05200729701400805204
05,5,62,032,2020,07,15,5,3,1,5,0,1,1,0,0,0,0,375367.762000000100000,5719878.734899999600000,7.199830139000028,51.616123461000029,0,05200730701110111208
05,5,70,008,2020,07,16,5,3,2,6,0,0,1,0,0,0,0,433301.268500000240000,5736819.537599999500000,8.033189689000039,51.778271632000042,0,05200730711313864309
05,5,66,068,2020,07,11,5,3,5,3,0,0,1,0,0,1,0,374722.776700000280000,5790653.474400000600000,7.164745045000075,52.251998087000061,0,05200730709300941172
05,5,66,012,2020,07,16,3,2,8,1,0,1,0,0,0,0,0,405086.836199999790000,5770794.450400000400000,7.614954692000026,52.079580024000052,0,05200728709110856195
05,5,70,040,2020,07,14,4,2,8,1,0,0,1,0,0,0,0,422209.828400000000000,5742026.825200000800000,7.871280012000057,51.823650810000061,0,05200729711231979615
05,5,58,020,2020,07,19,5,3,5,3,0,0,1,0,1,0,0,395174.215200000440000,5761260.361099999400000,7.473277539000037,51.992102402000057,0,05200730706200681437
05,5,54,024,2020,07,19,6,2,2,6,0,0,1,0,0,0,1,370669.576000000350000,5782792.550899999200000,7.108406128000070,52.180424363000043,0,05200731702340148171
05,5,13,000,2020,08,13,2,3,9,7,0,0,1,0,0,0,1,364251.935999999750000,5708870.825999999400000,7.043623171000036,51.514631545000043,0,05200803702340005117
05,5,15,000,2020,07,10,6,2,0,1,0,0,0,0,1,0,0,405517.969499999660000,5754618.347200000700000,7.625705743000026,51.934257279000064,0,05200731702100588934
05,5,15,000,2020,07,12,6,3,2,6,0,0,1,0,0,0,1,404276.213999999690000,5759001.720000000700000,7.606428343000061,51.973444455000049,0,05200731702100564121
05,5,70,052,2020,08,18,4,3,5,3,0,1,0,0,0,0,0,430013.346099999730000,5754830.501299999700000,7.981890185000054,51.939784329000076,0,05200805711111857428
05,5,15,000,2020,07,20,6,2,8,1,0,1,0,0,0,0,0,400385.066999999810000,5760232.792999999600000,7.549441855000055,51.983825630000069,0,05200731702100464164
05,5,13,000,2020,08,17,2,3,2,6,0,0,1,0,0,0,0,366431.214300000110000,5711124.837600000200000,7.074156693000020,51.535406904000070,0,05200803700100217209
05,5,15,000,2020,07,13,6,3,2,6,0,0,1,0,0,0,0,401305.514499999580000,5748229.687000000800000,7.566283280000050,51.876103097000055,0,05200731702100429209
05,5,58,016,2020,08,12,4,2,5,3,0,1,1,0,0,0,0,381394.870000000110000,5750825.661000000300000,7.276281972000049,51.895554543000060,0,05200805706100181060
05,5,15,000,2020,08,18,3,2,0,3,0,1,0,0,0,0,0,403488.899199999870000,5749779.496200000900000,7.597557028000040,51.890415598000061,0,05200804702100668281
05,5,62,004,2020,07,10,6,3,5,2,0,1,1,0,0,0,0,382478.909900000320000,5716680.669900000100000,7.303564240000071,51.588910078000026,0,05200731701800295204
05,5,66,076,2020,08,13,1,3,5,2,0,1,1,0,0,0,0,394212.688000000080000,5793577.905999999500000,7.449222786000064,52.282373161000066,0,05200802709500279086
05,5,58,028,2020,08,12,1,3,9,1,0,0,0,0,1,0,0,400627.274799999780000,5733925.407199999300000,7.560536685000045,51.747410072000037,0,05200802706300596612
05,5,58,024,2020,08,08,1,3,3,6,0,1,0,0,1,0,0,396302.328900000080000,5733745.544199999400000,7.497964054000022,51.745009610000068,0,05200802706300549772
05,5,54,020,2020,08,02,1,2,0,1,2,1,0,0,0,0,0,363643.698200000450000,5786676.414899999300000,7.004147932000024,52.213629904000072,0,05200802705000920789
05,5,13,000,2020,07,06,6,3,5,3,0,0,1,0,0,0,0,368288.837600000200000,5713087.382999999400000,7.100190053000063,51.553480199000035,0,05200731700200959202
05,5,62,032,2020,08,17,4,3,5,2,0,1,1,0,0,0,0,373509.789900000210000,5719087.179400000700000,7.173294097000053,51.608595332000050,0,05200805701110664207
05,5,62,020,2020,08,17,1,3,9,1,0,0,1,0,0,0,0,371347.017900000330000,5715394.890100000400000,7.143431612000029,51.574923236000075,1,05200802702340605204
05,5,13,000,2020,07,10,6,3,8,1,0,0,0,0,1,0,0,366248.170599999840000,5706275.910599999100000,7.073358889000076,51.491788132000067,0,05200731700100268218
05,5,15,000,2020,08,09,4,3,8,1,0,1,0,0,0,0,0,406429.367100000380000,5756299.938699999800000,7.638500874000044,51.949526262000063,0,05200805702100170596
05,5,62,014,2020,08,20,1,2,0,1,0,0,0,0,0,0,1,360419.560499999670000,5714945.491499999500000,6.986018712000032,51.568285337000077,0,05200802701400674201
05,5,13,000,2020,08,22,1,3,9,1,2,0,1,0,0,0,0,362344.033099999650000,5711022.094100000300000,7.015303875000029,51.533501821000073,0,05200802700000571568
05,5,54,008,2020,08,12,2,2,0,7,0,1,0,0,0,1,0,334996.062400000170000,5745868.856300000100000,6.604871613000057,51.839223327000070,0,05200803705000581000
05,5,15,000,2020,08,15,2,3,5,3,0,0,1,0,0,0,0,406567.578099999580000,5759140.074100000800000,7.639738664000049,51.975078001000043,0,05200803702100387860
05,5,66,076,2020,08,11,4,3,0,7,0,1,0,0,0,0,0,397932.995099999940000,5798116.393699999900000,7.502363816000070,52.323865919000070,0,05200805709500976769
05,5,70,016,2020,08,16,3,3,4,6,0,0,1,0,0,0,0,411310.137600000020000,5740091.393600000100000,7.713663552000071,51.804629415000079,0,05200804711221202733
05,5,70,024,2020,08,18,4,3,4,6,0,1,0,0,0,0,0,419253.014600000340000,5748182.711799999700000,7.826948754000057,51.878568441000027,0,05200805711161569095
05,5,54,012,2020,08,14,4,3,0,1,0,0,0,0,1,0,0,347203.364099999890000,5752838.427699999900000,6.778834221000068,51.905314175000058,0,05200805705000281798
05,5,62,020,2020,08,17,3,3,8,1,0,0,1,0,1,0,0,369477.330000000070000,5718890.259199999300000,7.115166121000073,51.605905359000076,0,05200804701200251306
05,5,62,008,2020,08,14,4,3,1,6,0,0,1,0,0,0,0,384543.012500000190000,5721706.130100000600000,7.331690819000073,51.634504376000052,0,05200805701910616200
05,5,66,016,2020,08,13,2,2,9,1,0,1,0,0,0,0,0,403411.465699999590000,5792229.411599999300000,7.584410739000020,52.271946727000056,0,05200803709500474704
05,5,62,014,2020,08,16,2,3,2,2,0,0,1,0,0,0,0,359922.459999999960000,5716791.926000000900000,6.978114569000070,51.584754145000034,0,05200803701300064205
05,5,70,052,2020,08,22,4,1,7,3,1,0,1,0,0,0,1,427430.088000000450000,5750767.015000000600000,7.945174364000025,51.902924469000027,0,05200805711114064231
05,5,15,000,2020,08,15,4,3,5,3,0,1,1,0,0,0,0,411528.327999999750000,5751923.823999999100000,7.713797680000027,51.911024691000080,0,05200805702100256376
05,5,13,000,2020,08,13,3,2,5,3,0,0,1,0,1,0,0,368226.143799999730000,5713155.804500000600000,7.099260653000044,51.554080442000043,0,05200804700000372393
05,5,58,036,2020,08,19,4,3,5,3,0,0,1,0,1,0,0,387522.636300000360000,5730211.438600000000000,7.371987278000063,51.711552355000038,0,05200805706300165763
05,5,54,020,2020,08,08,3,3,2,6,0,0,1,0,0,0,0,365571.072700000370000,5786835.935900000900000,7.032277467000029,52.215536829000030,0,05200804705000096522
05,5,66,076,2020,08,10,7,3,0,7,0,1,1,0,0,0,0,394345.977599999870000,5793673.310799999200000,7.451146053000059,52.283256224000070,0,05200801709500572447
05,5,66,084,2020,08,11,7,2,5,3,0,1,1,0,0,0,0,385836.491999999620000,5779479.893999999400000,7.331243875000041,52.154001282000081,0,05200801709300611856
05,5,66,084,2020,08,07,7,3,8,7,0,0,1,0,0,0,0,388457.221800000410000,5774972.134199999300000,7.371013428000026,52.114025162000075,0,05200801709300374736
05,5,15,000,2020,08,11,7,3,0,3,0,0,1,0,1,0,0,399372.357300000270000,5756988.622800000000000,7.535651193000035,51.954484304000061,1,05200801702100068134
05,5,62,004,2020,08,22,7,3,0,7,2,1,0,0,0,0,0,383080.230700000190000,5715463.047399999600000,7.312645836000058,51.578091560000075,0,05200801701800561201
05,5,12,000,2020,08,16,4,3,5,3,0,1,1,0,0,0,0,353450.989900000390000,5711872.495100000900000,6.886822755000026,51.538904904000049,0,05200805701400642207
05,5,62,024,2020,08,11,7,3,6,4,0,0,1,1,0,0,0,367397.309200000020000,5724792.115599999200000,7.082911893000073,51.658456390000026,0,05200801701500481201
05,5,12,000,2020,08,10,7,3,5,3,0,1,1,0,0,0,0,353603.025299999860000,5711965.390200000300000,6.888974807000068,51.539779069000076,0,05200801701400479202
05,5,58,032,2020,08,05,2,3,0,7,0,1,0,0,0,0,0,385666.295599999840000,5755414.451300000800000,7.336807407000038,51.937688046000062,0,05200803706100564168
05,5,70,040,2020,08,16,4,2,5,2,0,1,1,0,0,0,0,417824.182300000450000,5744339.744200000500000,7.807110344000023,51.843814425000062,0,05200805711231079196
05,5,15,000,2020,08,16,2,2,3,1,0,1,1,0,0,0,0,398480.167899999770000,5750883.508700000100000,7.524473434000072,51.899448879000033,0,05200803702100542019
05,5,66,028,2020,08,15,4,2,5,2,0,1,1,0,0,0,0,409532.593700000080000,5785751.800000000700000,7.675828802000069,52.214766035000082,0,05200805709700347179
05,5,70,028,2020,08,14,3,3,0,6,0,1,0,0,0,0,0,441158.838000000450000,5742184.823400000100000,8.146161279000069,51.827388344000042,0,05200804711411536320
05,5,54,004,2020,08,12,4,2,5,2,0,0,1,0,0,0,0,361980.976999999960000,5771565.769999999600000,6.985963917000049,52.077444395000043,0,05200805705000328616
05,5,62,008,2020,08,08,3,3,3,5,0,1,1,0,0,0,0,385064.230100000280000,5723023.033299999300000,7.338786255000059,51.646447084000044,0,05200804701910212206
05,5,13,000,2020,08,07,4,3,2,6,0,0,1,0,0,0,0,366085.093999999580000,5711740.873700000300000,7.068934898000066,51.540860951000070,0,05200805700200677746
05,5,62,008,2020,08,16,4,3,1,6,0,0,1,0,0,0,1,383715.215300000270000,5720159.260800000300000,7.320248635000041,51.620431125000039,0,05200805701910646203
05,5,13,000,2020,08,13,2,3,2,6,0,0,1,0,0,0,0,364636.940999999640000,5708858.674000000600000,7.049172996000038,51.514614719000065,0,05200803702340666481
05,5,70,052,2020,08,07,2,3,2,6,0,0,1,0,0,0,0,432709.912999999710000,5754113.763100000100000,8.021251595000024,51.933673698000064,0,05200803711115372431
05,5,12,000,2020,08,09,2,2,2,6,0,0,1,0,0,0,0,355577.671500000170000,5712435.340900000200000,6.917235720000065,51.544510602000059,0,05200803701400804208
05,5,66,016,2020,08,07,4,2,9,2,0,0,0,0,1,0,1,399539.320000000300000,5801245.549900000900000,7.524989410000046,52.352285474000041,0,05200805709500176769
05,5,70,052,2020,08,17,4,3,2,6,0,0,1,0,1,0,0,428637.701999999580000,5752388.117000000600000,7.962388436000026,51.917653554000026,0,05200805711114079136
05,5,54,004,2020,08,13,4,3,0,1,0,1,0,0,0,0,0,361314.541100000030000,5773265.707100000200000,6.975554232000036,52.092552179000052,0,05200805705000096634
05,5,13,000,2020,08,10,3,3,1,6,0,0,1,0,0,0,0,367079.850999999790000,5714535.360999999600000,7.082214583000052,51.566209048000076,0,05200804700200288205
05,5,66,028,2020,08,08,3,3,2,6,0,0,1,0,0,0,0,411962.413999999870000,5792231.202999999700000,7.709695751000027,52.273398507000081,0,05200804709700048432
05,5,62,024,2020,08,12,4,2,2,2,0,0,1,0,0,0,0,366013.123999999840000,5724353.311000000700000,7.063080615000047,51.654184880000059,0,05200805701500574206
05,5,70,052,2020,07,19,6,2,9,7,0,0,1,0,0,0,0,427695.434000000360000,5756711.776000000500000,7.947781360000022,51.956399700000077,0,05200731711112745696
05,5,70,052,2020,07,15,6,3,2,2,0,0,1,0,0,0,0,430748.453700000420000,5759672.321200000100000,7.991605868000022,51.983402456000078,0,05200731711111076747
05,5,66,092,2020,07,15,6,3,0,7,0,0,0,0,1,0,0,422362.424800000150000,5789978.641599999700000,7.862604805000046,52.254717736000032,0,05200731709700369049
05,5,66,068,2020,07,09,6,3,2,7,0,0,1,0,0,0,0,373417.266599999740000,5785434.014599999400000,7.147584363000021,52.204797768000049,0,05200731709300512303
05,5,66,024,2020,07,07,6,3,9,6,0,0,1,0,0,0,0,386705.658900000150000,5773293.251100000000000,7.346003268000061,52.098580875000039,0,05200731709300468304
05,5,66,084,2020,07,10,6,2,0,3,0,1,1,0,0,0,0,384777.714100000450000,5777280.077800000100000,7.316520495000020,52.134011944000065,0,05200731709300279098
05,5,58,008,2020,07,14,6,2,8,1,0,0,0,0,1,0,0,386585.905799999830000,5764519.266499999900000,7.347169409000060,52.019703515000060,0,05200731706200972440
05,5,66,076,2020,08,09,2,2,5,2,0,1,1,0,0,0,0,394065.921400000340000,5793023.609699999900000,7.447246296000060,52.277363308000076,0,05200803709500112546
05,5,54,044,2020,07,10,6,2,5,3,0,0,1,0,1,0,0,366075.971900000240000,5744884.605000000400000,7.056082851000042,51.838697960000047,0,05200731705000996587
05,5,54,008,2020,07,11,6,3,9,1,0,1,0,0,0,0,0,335426.603600000030000,5743161.116900000700000,6.612402455000051,51.815025638000066,0,05200731705000264170
05,5,54,032,2020,07,13,6,3,0,1,0,1,0,0,0,0,0,322474.328499999830000,5746646.847500000100000,6.422903545000054,51.842371812000067,0,05200731705000096646
05,5,70,052,2020,08,11,5,3,2,6,0,0,1,0,0,0,0,430052.224100000230000,5756231.962600000200000,7.982170489000055,51.952387825000073,0,05200806711112202754
05,5,66,084,2020,08,06,6,2,5,3,0,0,1,0,0,0,0,391960.567200000400000,5778041.271700000400000,7.421180605000075,52.142304159000048,0,05200807709300172352
05,5,13,000,2020,08,07,5,2,5,2,0,1,1,0,0,0,0,368892.639000000430000,5708630.326999999600000,7.110553788000061,51.513566267000044,0,05200806700100446207
05,5,15,000,2020,08,10,5,3,5,6,0,1,1,0,0,0,0,405526.650899999770000,5751880.212400000500000,7.626583400000072,51.909647051000036,0,05200806702100472399
05,5,54,020,2020,08,16,6,3,0,3,0,1,1,0,0,0,0,365483.524899999610000,5786579.700099999100000,7.031098629000042,52.213213103000044,0,05200807705000481024
05,5,62,004,2020,08,13,6,3,2,6,0,0,1,0,0,1,0,383353.408400000070000,5719299.716800000500000,7.315310835000048,51.612630967000030,0,05200807701800163201
05,5,70,020,2020,08,20,6,2,5,2,1,1,1,0,0,0,0,432250.124200000430000,5743055.199999999300000,8.016736548000040,51.834203546000026,0,05200807711422049749
05,5,66,004,2020,08,19,5,3,8,1,0,0,1,0,0,0,0,394869.764600000340000,5763783.297000000300000,7.468071006000059,52.014720343000079,0,05200806709000076750
05,5,66,092,2020,08,07,6,3,2,6,0,0,1,0,0,0,1,425068.853500000200000,5796690.261900000300000,7.900753935000068,52.315422870000077,0,05200807709700311847
05,5,15,000,2020,08,12,5,3,5,3,0,0,1,0,0,0,0,408812.537999999710000,5754085.600999999800000,7.673754171000041,51.930018193000080,0,05200806702100050945
05,5,62,014,2020,08,18,6,3,2,6,0,0,1,0,0,0,0,360100.351099999620000,5713410.043600000400000,6.982026998000038,51.554408620000061,0,05200807702340054150
05,5,66,012,2020,08,05,6,3,0,7,0,0,0,0,1,0,0,402486.263899999670000,5774506.958900000900000,7.575955358000044,52.112496242000077,0,05200807709000672363
05,5,12,000,2020,08,08,6,3,2,2,0,0,1,0,0,0,0,356928.099799999970000,5712517.167400000600000,6.936663790000068,51.545589845000052,0,05200807701400314019
05,5,12,000,2020,08,12,5,2,3,6,0,0,1,0,0,1,0,356652.378700000230000,5707924.844499999700000,6.934558816000049,51.504254014000026,0,05200806500630179566