ULAND,UREGBEZ,UKREIS,UGEMEINDE,UJAHR,UMONAT,USTUNDE,UWOCHENTAG,UKATEGORIE,UART,UTYP1,ULICHTVERH,IstRad,IstPKW,IstFuss,IstKrad,IstGkfz,IstSonstige,LINREFX,LINREFY,XGCSWGS84,YGCSWGS84,STRZUSTAND,UIDENTSTLAE
05,5,70,016,2020,08,18,6,2,8,1,0,0,1,0,0,0,0,413619.453200000340000,5740427.891499999900000,7.747064684000065,51.808015791000059,0,05200807711221076743
05,5,13,000,2020,08,10,5,3,2,6,0,0,1,0,0,0,1,365391.431400000120000,5709102.478199999800000,7.059946738000065,51.516985949000059,0,05200806702340051446
05,5,70,040,2020,08,15,5,3,8,1,0,0,1,0,0,0,0,414887.437800000420000,5745882.354100000100000,7.764110354000025,51.857241124000041,0,05200806711232573422
05,5,66,068,2020,08,15,6,2,5,2,0,0,0,0,1,0,1,382916.450500000270000,5784913.338600000400000,7.286705647000076,52.202218409000068,0,05200807709300842459
05,5,62,012,2020,08,15,5,3,6,7,0,0,1,1,0,0,0,358776.825199999850000,5727489.273000000000000,6.957274673000029,51.680592613000044,0,05200806701610902209
05,5,54,008,2020,08,13,6,3,5,3,0,0,1,0,0,0,0,335226.175900000150000,5745851.314700000000000,6.608217055000068,51.839133683000057,0,05200807705000696651
05,5,12,000,2020,08,07,6,3,1,6,0,0,1,0,0,0,1,356712.605999999680000,5708227.625800000500000,6.935302990000025,51.506990042000041,0,05200807701400014203
05,5,15,000,2020,08,22,6,3,0,1,2,1,0,0,0,0,0,405800.343899999750000,5755753.140599999600000,7.629500934000021,51.944505212000081,0,05200807702100305103
05,5,66,016,2020,08,17,5,3,4,1,0,0,1,0,0,0,0,403872.029000000100000,5792990.035499999300000,7.590941663000024,52.278863788000081,0,05200806709500074704
05,5,66,008,2020,08,11,6,3,5,2,0,1,1,0,1,0,0,399057.931699999610000,5781295.681800000400000,7.523890966000067,52.172896468000033,0,05200807709110572380
05,5,66,088,2020,08,16,6,3,0,3,0,0,1,0,1,0,0,414991.429499999620000,5788917.097999999300000,7.754912909000041,52.244086574000050,0,05200807709800976770
05,5,15,000,2020,08,13,5,3,4,2,0,0,1,0,0,0,0,402133.687800000420000,5753661.357999999100000,7.576767767000035,51.925070740000081,0,05200806702100068281
05,5,54,008,2020,08,09,6,3,5,3,0,1,0,0,0,0,0,328139.252600000240000,5748364.980599999400000,6.504200206000064,51.859577360000060,0,05200807705000280892
05,5,62,024,2020,08,18,6,3,2,2,0,0,1,0,0,0,0,365005.805700000380000,5721008.079199999600000,7.049818185000049,51.623882640000033,0,05200807701500220202
05,5,70,040,2020,08,18,6,2,8,1,0,0,1,0,0,0,0,422918.358900000340000,5742477.652799999300000,7.881458141000053,51.827801731000079,0,05200807711231581366
05,5,12,000,2020,08,17,5,3,2,6,0,0,1,0,1,0,0,354058.538099999540000,5712238.330900000400000,6.895425294000063,51.542349560000048,0,05200806702340940997
05,5,66,016,2020,08,14,6,3,1,2,0,0,1,0,0,1,0,398390.015999999830000,5798788.589999999900000,7.508864101000029,52.329992028000049,0,05200807709500074722
05,5,62,028,2020,08,11,5,3,1,2,0,1,1,0,0,0,0,380043.563299999570000,5722637.029699999800000,7.266387887000064,51.641929262000076,0,05200806701920855209
05,5,54,052,2020,08,17,6,3,5,3,0,1,0,0,0,0,1,378980.951100000180000,5771028.566999999800000,7.234089331000064,52.076593529000036,0,05200807705000881101
05,5,12,000,2020,08,16,6,3,2,6,0,0,1,0,0,0,0,359232.143299999650000,5711470.403200000500000,6.970287987000063,51.536763031000078,0,05200807701400208202
05,5,62,032,2020,08,08,6,2,3,6,0,0,0,0,0,1,1,375711.286299999800000,5716335.982499999900000,7.206044705000068,51.584360138000079,0,05200807702340051446
05,5,70,004,2020,08,10,6,3,0,1,0,1,0,0,0,0,0,422748.257799999790000,5735127.511299999400000,7.880627585000070,51.761703741000076,0,05200807711215568996
05,5,54,024,2020,08,07,2,3,5,3,0,1,1,0,0,0,0,370488.682400000280000,5775976.671199999700000,7.108360196000035,52.119135673000073,0,05200810705000530800
05,5,12,000,2020,08,12,2,2,0,6,0,0,1,0,0,0,0,356369.591799999590000,5714358.455199999700000,6.927862882000056,51.561993349000034,0,05200810702340470441
05,5,15,000,2020,08,08,2,3,5,2,0,1,1,0,0,0,0,410596.309500000440000,5753369.782199999300000,7.699876309000047,51.923873252000078,0,05200810702100705244
05,5,15,000,2020,08,15,2,3,4,6,0,1,0,0,0,0,0,408202.679800000040000,5758350.172399999600000,7.663747917000023,51.968250436000062,0,05200810702100476768
05,5,62,028,2020,08,10,2,3,5,2,0,0,1,0,1,0,0,379252.626000000160000,5722522.981000000600000,7.255002298000022,51.640735004000078,0,05200810701920631200
05,5,62,024,2020,08,18,2,2,5,3,0,0,1,0,0,0,0,367415.048999999650000,5724214.798000000400000,7.083387136000056,51.653272538000067,0,05200810701500843203
05,5,62,014,2020,08,21,2,3,8,1,1,0,1,0,0,0,0,361842.451000000350000,5716358.247400000700000,7.005980257000033,51.581331016000036,0,05200810701300870209
05,5,62,032,2020,08,09,2,3,6,7,0,0,1,1,0,0,0,375489.097099999900000,5720007.474199999100000,7.201536012000076,51.617307308000079,0,05200810701110578205
05,5,13,000,2020,08,11,2,3,5,2,0,1,1,0,0,0,0,368373.098000000230000,5708856.258999999600000,7.102986493000060,51.515475863000063,0,05200810700100968218
05,5,13,000,2020,08,17,2,3,3,6,0,0,1,0,0,0,1,368189.844399999830000,5707715.822599999600000,7.100773337000021,51.505184301000043,0,05200810700100776206
05,5,13,000,2020,08,09,2,3,2,6,0,0,1,0,0,0,0,367893.328999999910000,5710858.774299999700000,7.095325219000074,51.533359919000077,0,05200810700100703202
05,5,13,000,2020,08,09,2,3,8,1,0,0,1,0,0,0,0,367967.378899999890000,5705522.830700000700000,7.098390280000047,51.485424443000056,0,05200810700100692200
05,5,70,028,2020,08,18,1,3,8,1,0,0,1,0,0,0,0,445432.766999999990000,5739567.861800000100000,8.208585515000038,51.804294698000035,1,05200809711411979226
05,5,70,052,2020,08,09,1,2,5,3,0,0,1,0,0,0,0,427761.394600000230000,5746805.328199999400000,7.950818700000070,51.867353447000028,0,05200809711114054394
05,5,66,028,2020,08,12,1,2,8,1,0,0,0,0,1,0,0,410517.164699999620000,5794802.541099999100000,7.687837062000028,52.296276793000061,0,05200809709700776657
05,5,66,052,2020,08,02,1,3,0,1,2,1,0,0,0,0,0,377759.124300000260000,5779069.611600000400000,7.213382751000040,52.148585334000074,0,05200809709300748146
05,5,70,028,2020,08,08,2,3,5,3,0,1,0,0,0,0,1,442572.349000000390000,5738459.267999999200000,8.167287753000039,51.794041592000042,0,05200810711411564222
05,5,66,016,2020,08,19,1,2,2,7,0,1,1,0,0,0,0,407182.350899999960000,5784664.323599999800000,7.641736810000054,52.204600761000052,0,05200809709000939552
05,5,58,032,2020,08,15,1,2,8,1,0,0,0,0,1,0,0,392110.410699999890000,5750130.552799999700000,7.432164985000043,51.891484615000081,0,05200809706100796668
05,5,54,020,2020,08,22,1,3,1,7,2,0,1,0,0,0,0,365241.930499999780000,5785997.812000000800000,7.027796334000072,52.207925632000070,0,05200809705000020843
05,5,66,040,2020,08,16,1,3,9,7,0,0,1,0,0,0,0,418452.094999999740000,5783949.549499999700000,7.806785246000061,52.199958592000030,0,05200809702350549908
05,5,15,000,2020,08,16,1,3,1,6,0,0,1,0,1,0,0,400857.788999999870000,5753006.591499999200000,7.558407731000045,51.918959790000031,0,05200809702330579352
05,5,70,052,2020,08,14,2,2,8,7,0,0,1,0,0,0,0,428671.504499999810000,5751255.306099999700000,7.963114432000054,51.907474347000061,0,05200810711114076747
05,5,15,000,2020,08,18,1,3,0,1,0,0,0,0,1,0,0,412094.695000000300000,5752017.524700000900000,7.722005399000068,51.911956629000031,1,05200809702100600194
05,5,15,000,2020,08,21,1,3,1,6,0,1,1,0,0,0,0,404655.399000000210000,5756666.654500000200000,7.612595123000062,51.952521192000063,0,05200809702100170596
05,5,62,016,2020,08,15,1,3,5,2,0,0,1,0,0,0,0,376424.248999999840000,5738078.689999999500000,7.208633277000047,51.779920109000045,0,05200809701700437200
05,5,62,016,2020,08,10,1,2,5,3,0,0,1,0,1,0,0,373697.837600000200000,5738175.911299999800000,7.169097097000076,51.780185130000064,0,05200809701700411204
05,5,62,014,2020,08,13,1,3,0,1,0,1,0,0,0,0,0,360670.847599999980000,5716369.293099999400000,6.989077356000053,51.581141866000053,0,05200809701300442206
05,5,70,052,2020,08,07,2,3,4,2,0,0,1,0,0,0,0,427760.552000000140000,5746804.653999999200000,7.950806606000072,51.867347278000068,1,05200810711114002754
05,5,66,076,2020,08,16,2,3,4,2,0,0,1,0,0,0,0,393566.061999999920000,5792018.752000000300000,7.440239514000041,52.268235896000078,0,05200810709500176614
05,5,66,076,2020,08,09,2,3,5,2,0,0,1,0,0,0,0,391974.433000000190000,5792994.674000000600000,7.416611653000075,52.276696258000072,0,05200810709500072447
05,5,66,084,2020,08,15,2,3,5,3,0,1,1,0,0,0,0,386465.166000000200000,5778959.019999999600000,7.340603264000038,52.149449834000052,0,05200810709300676628
05,5,66,028,2020,08,16,2,3,5,3,0,1,1,0,0,0,0,411238.633999999610000,5793449.678999999500000,7.698770001000071,52.284234054000081,0,05200810709000506677
05,5,66,068,2020,08,11,7,2,8,1,0,0,0,0,1,0,0,374146.417899999770000,5784433.052400000400000,7.158620695000025,52.195970089000070,0,05200808709300242459
05,5,58,012,2020,08,06,7,3,8,1,0,0,0,0,1,0,0,379233.562900000250000,5755775.613500000900000,7.243151010000076,51.939574922000077,0,05200808706200020577
05,5,58,016,2020,08,17,2,3,5,2,0,0,1,0,1,0,0,382792.950400000440000,5743587.097799999600000,7.299046873000066,51.830795932000058,0,05200810706000596636
05,5,58,016,2020,08,21,7,2,4,2,2,1,1,0,0,0,0,381563.553999999540000,5743828.468000000300000,7.281131424000023,51.832705860000033,0,05200808706100596673
05,5,54,028,2020,08,21,7,3,8,5,1,1,1,0,0,0,0,356237.042899999770000,5742097.352600000800000,6.914526040000055,51.811207766000052,0,05200808705000596524
05,5,13,000,2020,08,06,7,2,3,1,0,0,1,0,0,1,0,367569.752999999560000,5710842.967700000900000,7.090668725000057,51.533142062000081,0,05200808702340840998
05,5,62,004,2020,08,17,7,3,5,3,0,1,1,0,0,0,0,382903.864099999890000,5712878.959000000700000,7.310962765000056,51.554829904000030,0,05200808701800339206
05,5,62,012,2020,08,09,7,3,5,3,0,0,1,0,0,0,0,362635.119800000450000,5731047.392699999700000,7.011645089000069,51.713522849000071,0,05200808701620283205
05,5,62,024,2020,08,18,7,3,5,3,0,0,1,0,1,0,0,371281.970399999990000,5724578.773700000700000,7.139120091000052,51.657442210000056,0,05200808701500347209
05,5,62,014,2020,08,00,7,2,1,5,2,0,1,0,1,0,0,362450.071000000460000,5712248.155700000000000,7.016352621000067,51.544545393000078,0,05200808701300251204
05,5,62,014,2020,08,20,7,3,2,2,0,0,1,0,0,0,0,361206.263500000350000,5715225.191500000700000,6.997251944000027,51.570992945000057,0,05200808701300026205
05,5,62,032,2020,08,22,7,3,1,6,2,0,1,0,0,0,0,374680.841300000440000,5714827.980699999300000,7.191717519000065,51.570579332000079,0,05200808701120362206
05,5,13,000,2020,08,13,7,3,6,2,0,0,1,1,0,0,0,367926.903300000350000,5713498.420099999800000,7.094818222000072,51.557089440000027,0,05200808700200618206
05,5,54,008,2020,08,23,2,3,7,7,2,0,1,0,0,0,0,331283.074500000100000,5742360.772700000600000,6.552737081000032,51.806600857000035,0,05200810705000596552
05,5,66,060,2020,08,18,4,3,0,7,0,0,1,0,1,0,0,388711.864799999630000,5788705.818900000300000,7.370224913000072,52.237501896000026,1,05200812709500711931
05,5,62,032,2020,08,07,4,3,1,5,0,1,1,0,0,0,0,376468.061400000010000,5720076.106599999600000,7.215644786000041,51.618139820000067,0,05200812701110748381
05,5,15,000,2020,08,17,4,3,3,6,0,1,0,0,0,0,0,405765.637799999680000,5753565.382799999800000,7.629595461000065,51.924834709000038,0,05200812702100974209
05,5,66,028,2020,08,10,5,2,5,2,0,0,1,0,0,0,1,411232.508999999610000,5792460.823000000800000,7.698940593000032,52.275345020000032,0,05200813709000806677
05,5,70,020,2020,08,15,4,3,1,6,0,0,1,0,0,0,0,437670.828999999910000,5746544.916999999400000,8.094767713000067,51.866207612000039,0,05200812711422002622
05,5,15,000,2020,08,19,5,3,5,2,0,1,1,0,0,0,0,406689.443900000300000,5751237.872199999200000,7.643656435000025,51.904069332000063,0,05200813702100029204
05,5,54,008,2020,08,12,4,3,0,3,0,1,0,0,0,0,0,338364.332700000140000,5749565.953800000300000,6.651990240000032,51.873421675000031,0,05200812705000996646
05,5,62,014,2020,08,06,5,3,5,3,1,1,1,0,0,0,0,359255.505199999550000,5715330.629699999500000,6.969079808000060,51.571456832000081,1,05200813701300588209
05,5,62,024,2020,08,15,4,3,5,2,0,0,1,0,1,0,0,374213.400700000110000,5726446.074699999800000,7.180804370000033,51.674887199000068,0,05200812701500500209
05,5,54,024,2020,08,00,4,2,8,1,2,0,1,0,0,0,0,369439.813400000330000,5779589.646600000600000,7.091662327000051,52.151354330000061,0,05200812071400912205
05,5,54,008,2020,08,19,5,3,1,6,0,0,1,0,0,0,0,334684.953900000080000,5746786.358200000600000,6.599921443000028,51.847373525000080,0,05200813705000596574
05,5,62,024,2020,08,13,5,3,5,3,0,1,1,0,0,0,0,367675.399000000210000,5724458.629000000700000,7.087056150000024,51.655525061000048,0,05200813701500272201
05,5,66,092,2020,08,15,4,3,4,1,0,0,0,0,0,0,1,423456.656200000080000,5799308.153999999200000,7.876511738000033,52.338731967000058,0,05200812709700803001
05,5,62,014,2020,08,23,4,3,2,6,2,0,1,0,0,0,0,360358.700100000020000,5713786.990800000700000,6.985601371000030,51.557859904000054,0,05200812701300556208
05,5,54,024,2020,08,08,4,2,9,1,0,0,1,0,0,0,0,367040.196299999950000,5781913.435499999700000,7.055699855000057,52.171662302000072,0,05200812705000096550
05,5,54,020,2020,08,18,5,3,5,3,0,1,0,0,0,0,1,366448.276700000280000,5784225.082100000200000,7.046139114000027,52.192290556000046,0,05200813705000465910
05,5,66,076,2020,08,16,5,3,4,1,0,0,1,0,0,0,1,398553.641499999910000,5788263.045199999600000,7.514432056000032,52.235424035000051,0,05200813709100505203
05,5,66,048,2020,08,18,3,3,0,7,0,0,0,0,1,0,0,428155.088000000450000,5796324.753300000000000,7.946098808000045,52.312549915000034,0,05200811709700969049
05,5,66,068,2020,08,12,4,3,2,1,0,0,1,0,0,0,0,375580.585199999620000,5786512.813300000500000,7.178828487000033,52.214984525000034,0,05200812709000053119
05,5,66,036,2020,08,22,3,2,7,7,2,0,0,0,1,0,1,390043.695500000380000,5766657.756999999300000,7.396852233000061,52.039619004000031,0,05200811709300472352
05,5,66,080,2020,08,16,3,3,5,2,0,0,1,0,0,0,0,407290.971599999820000,5780117.775499999500000,7.644569098000034,52.163753961000054,0,05200811709100440200
05,5,58,004,2020,08,12,3,2,2,6,0,0,1,0,0,0,1,408424.699500000100000,5740237.626900000500000,7.671787158000029,51.805478723000078,0,05200811706300796612
05,5,62,024,2020,08,17,4,3,5,2,0,1,0,0,0,0,0,369656.973100000060000,5728428.648399999400000,7.114204284000039,51.691664974000048,0,05200812701500520201
05,5,58,036,2020,08,06,3,2,8,1,0,0,1,0,0,0,0,390465.952999999750000,5728656.666400000500000,7.415059926000026,51.698160541000050,0,05200811706300196684
05,5,58,040,2020,08,12,3,2,4,2,0,0,1,0,0,0,0,377056.775700000110000,5763714.146199999400000,7.208657087000063,52.010438698000030,0,05200811706200579112
05,5,54,008,2020,08,13,3,3,0,6,0,0,1,0,0,0,0,332006.407200000250000,5743939.604599999300000,6.562453346000041,51.821001457000079,0,05200811705000996646
05,5,15,000,2020,08,12,3,3,2,6,0,0,0,0,0,0,1,405448.981800000180000,5755188.316199999300000,7.624545911000041,51.939368708000075,0,05200811702100861966
05,5,62,012,2020,08,16,3,3,9,6,0,0,1,0,0,1,0,357947.469899999910000,5728844.356599999600000,6.944735212000069,51.692559769000070,0,05200811701610163204
05,5,58,032,2020,08,16,5,2,5,3,0,0,1,0,0,0,1,387985.080000000070000,5754825.264000000400000,7.370715327000028,51.932864370000061,0,05200813706000779121
05,5,13,000,2020,08,17,3,3,0,1,0,0,0,0,1,0,0,369389.751000000160000,5707291.665999999300000,7.118209541000056,51.501651049000031,1,05200811700100567104
05,5,62,004,2020,08,16,5,3,5,2,0,0,1,0,0,0,0,382675.921400000340000,5712596.996799999800000,7.307770440000070,51.552248346000056,0,05200813701800328202
05,5,13,000,2020,08,17,3,3,1,6,0,0,1,0,0,0,0,366541.511199999600000,5708080.255300000300000,7.076899214000036,51.508072480000067,0,05200811700100180378
05,5,54,020,2020,08,18,4,3,5,3,0,1,1,0,0,0,0,362578.530799999830000,5786830.170399999200000,6.988504983000041,52.214746799000068,0,05200812705000523814
05,5,70,004,2020,08,11,4,3,5,2,0,1,1,0,0,0,0,424775.456600000150000,5735776.211899999500000,7.909855278000066,51.767811369000071,0,05200812711212172377
05,5,13,000,2020,08,15,5,3,2,2,0,0,1,0,0,0,0,368459.059899999760000,5707838.916300000600000,7.104604213000073,51.506353245000071,0,05200813700100573492
05,5,62,024,2020,08,16,4,2,8,7,0,0,1,0,0,0,0,374885.417999999600000,5728670.107999999100000,7.189721001000066,51.695024564000050,0,05200812701500092258
05,5,54,016,2020,08,17,5,3,8,4,0,0,1,1,0,0,0,365847.768699999900000,5756615.741599999400000,7.048209497000073,51.944058199000040,0,05200813705000496549
05,5,66,048,2020,08,10,5,2,5,3,0,0,1,0,0,0,0,425660.230200000110000,5792940.679400000700000,7.910255476000032,52.281798756000057,0,05200813709700876770
05,5,62,032,2020,08,15,1,2,9,1,0,0,0,0,1,0,0,374620.057000000030000,5715844.667500000400000,7.190478008000071,51.579702909000048,0,05200816702340051446
05,5,62,004,2020,08,15,1,3,2,6,0,0,1,0,1,0,0,383000.629599999640000,5715745.905700000000000,7.311403351000024,51.580617287000052,0,05200816701800844208
05,5,62,016,2020,08,14,1,2,2,6,0,0,1,0,0,0,1,378693.100999999790000,5740797.412000000500000,7.240555122000046,51.804849775000037,0,05200816701700843209
05,5,62,020,2020,08,11,2,3,2,6,0,0,1,0,0,0,0,371253.706100000070000,5717638.059299999800000,7.141263165000055,51.595060987000068,1,05200817701200351306
05,5,12,000,2020,08,14,1,2,5,3,0,1,1,0,0,0,0,357515.840900000180000,5710884.714500000700000,6.945794878000072,51.531069514000080,0,05200816701400857383
05,5,62,020,2020,08,20,2,3,9,1,1,0,1,0,0,0,0,371471.794900000100000,5715403.427600000100000,7.145228107000037,51.575028423000049,1,05200817702340505117
05,5,13,000,2020,08,22,1,3,2,6,2,0,1,0,0,0,0,368978.046000000090000,5710969.606000000600000,7.110913921000076,51.534608716000037,0,05200816700100768361
05,5,70,008,2020,08,17,6,2,9,1,0,0,0,0,0,0,1,435335.598199999890000,5730396.674799999200000,8.063867851000055,51.720767965000050,0,05200814711312039521
05,5,15,000,2020,08,17,2,3,5,3,0,1,1,0,0,0,0,402079.814299999740000,5761133.346000000800000,7.573854705000031,51.992221276000066,0,05200817702100060729
05,5,70,004,2020,08,17,6,3,2,6,0,0,1,0,0,0,0,425913.294900000100000,5735791.554800000000000,7.926338270000031,51.768101036000076,0,05200814711213576765
05,5,54,012,2020,08,14,2,2,8,1,0,0,0,0,0,0,1,354952.068799999540000,5739608.750099999800000,6.896940300000040,51.788515244000052,0,05200817705000796682
05,5,66,076,2020,08,16,2,2,4,6,0,0,1,0,1,0,0,394627.975800000130000,5799179.366399999700000,7.453554739000026,52.332794450000051,0,05200817709500174722
05,5,70,012,2020,08,07,6,2,8,1,0,0,1,0,0,0,0,440885.412899999880000,5751326.567900000100000,8.140629117000060,51.909545132000062,0,05200814711131760674
05,5,62,032,2020,08,16,2,2,3,2,0,1,1,0,0,0,0,374109.539900000210000,5719171.734899999600000,7.181920305000062,51.609489649000068,0,05200817701110161202
05,5,66,020,2020,08,12,6,2,2,1,0,0,1,0,1,0,0,405571.983500000090000,5803451.134999999800000,7.612913983000055,52.373180992000073,0,05200814709700670497
05,5,54,064,2020,08,19,6,2,0,3,0,0,1,0,1,0,0,356368.322100000460000,5749421.039999999100000,6.913387508000028,51.877046593000046,0,05200814705000996519
05,5,54,008,2020,08,13,6,3,0,7,0,1,0,0,0,0,0,328099.986800000070000,5747357.674499999700000,6.504131514000051,51.850516997000057,0,05200814705000996502
05,5,54,012,2020,08,07,6,3,5,3,0,1,1,0,0,0,0,352588.541000000200000,5750058.119999999200000,6.858245446000069,51.881784444000061,0,05200814705000796572
05,5,54,032,2020,08,16,6,2,2,6,0,1,0,0,0,0,0,327202.587000000290000,5745283.756999999300000,6.492151273000047,51.831610830000045,0,05200814705000521081
05,5,54,020,2020,08,13,6,3,0,1,0,0,0,0,1,0,0,362478.743700000460000,5786845.031500000500000,6.987039296000035,52.214855431000046,0,05200814705000370634
05,5,54,032,2020,08,21,6,3,5,3,1,0,1,0,0,0,0,325839.905000000260000,5743518.412000000500000,6.473282879000067,51.815330513000049,0,05200814705000368371
05,5,54,012,2020,08,09,6,3,1,5,0,1,1,0,0,0,0,352343.896499999800000,5744885.858300000400000,6.856903733000024,51.835247595000055,0,05200814705000038824
05,5,62,032,2020,08,14,6,2,2,1,0,0,1,0,0,0,0,374775.435200000180000,5714792.691999999800000,7.193094300000041,51.570283204000077,0,05200814702340905129
05,5,70,048,2020,08,08,2,3,8,1,0,0,1,0,0,0,0,448166.560700000260000,5727549.124399999200000,8.250023050000038,51.696499549000066,0,05200817711322850913
05,5,15,000,2020,08,12,6,3,2,6,0,0,1,0,0,0,0,401866.456899999640000,5749655.880799999500000,7.574023636000050,51.889021219000028,0,05200814702330505152
05,5,62,004,2020,08,19,6,2,0,7,0,1,0,0,0,0,0,382469.149100000040000,5716943.985700000100000,7.303335226000058,51.591274631000033,0,05200814701800371312
05,5,58,044,2020,08,21,2,3,6,2,2,0,1,1,0,0,0,395971.372000000440000,5746296.836999999400000,7.489405714000043,51.857761085000050,1,05200817706300096610
05,5,62,012,2020,08,18,6,3,2,2,0,0,1,0,0,0,0,359099.209699999540000,5726748.856399999900000,6.962233379000054,51.674020378000080,0,05200814701610573206
05,5,62,014,2020,08,21,2,2,1,5,2,1,1,0,0,0,0,361876.079199999570000,5711766.158600000700000,7.008269459000076,51.540073869000082,1,05200817701300865510
05,5,62,012,2020,08,14,6,3,8,1,0,0,0,1,0,0,1,355908.262500000190000,5728324.128599999500000,6.915466972000047,51.687365580000062,0,05200814701610549207
05,5,62,032,2020,08,07,2,3,2,6,0,0,1,0,0,0,0,374525.641999999990000,5716311.924200000200000,7.188949141000023,51.583881184000063,0,05200817702340572362
05,5,12,000,2020,08,19,6,3,5,3,0,0,1,0,0,0,1,353454.953200000340000,5711876.206800000700000,6.886878317000026,51.538939284000037,0,05200814701400589201
05,5,70,008,2020,08,14,7,2,5,3,0,1,1,0,0,0,0,434844.311999999920000,5738594.336999999400000,8.055219781000062,51.794408978000035,0,05200815711113335328
05,5,66,084,2020,08,08,7,3,9,7,0,0,1,0,0,0,0,388148.055399999950000,5774682.827400000800000,7.366595347000043,52.111362674000077,0,05200815709300672352
05,5,12,000,2020,08,14,6,3,4,6,0,0,1,0,0,0,0,358770.452999999750000,5709836.292999999600000,6.964290716000051,51.521963601000039,0,05200814701400542204
05,5,66,008,2020,08,15,7,2,8,1,0,0,1,0,0,0,0,401472.155299999750000,5785191.658099999700000,7.558050063000053,52.208349161000058,1,05200815709100509878
05,5,58,016,2020,08,11,7,3,0,7,0,0,0,0,1,0,0,389877.868599999700000,5744534.800400000100000,7.401519683000061,51.840755297000044,1,05200815706100881081
05,5,58,016,2020,08,03,7,3,8,1,2,0,1,0,0,0,0,387315.874300000260000,5747251.355499999600000,7.363461576000020,51.864659253000070,1,05200815706000279038
05,5,62,020,2020,08,17,6,3,5,2,0,1,0,0,1,0,0,371410.936999999920000,5720135.787000000500000,7.142615850000027,51.617543572000045,0,05200814701200586204
05,5,54,044,2020,08,08,7,3,4,6,0,0,1,0,0,0,1,365406.303000000310000,5743874.599999999600000,7.046761482000022,51.829461079000055,0,05200815705000996524
05,5,54,008,2020,08,18,7,2,5,3,0,1,1,0,0,0,0,340752.475999999790000,5750284.598999999500000,6.686319450000042,51.880564757000059,0,05200815705000057876
05,5,54,020,2020,08,19,7,2,5,2,0,0,1,0,1,0,0,365250.361800000070000,5785997.053600000200000,7.027919950000069,52.207920879000028,0,05200815705000021119
05,5,62,020,2020,08,12,6,3,2,2,0,0,1,0,0,0,0,367862.403900000270000,5718351.620200000700000,7.092062308000038,51.600688206000029,0,05200814701200519204
05,5,66,028,2020,08,12,7,3,9,1,0,0,1,0,0,0,0,417799.164699999620000,5789746.331100000100000,7.795824883000023,52.251966722000077,1,05200815702350949809
05,5,62,012,2020,08,23,7,3,8,1,2,0,1,0,0,0,0,356906.277800000270000,5723962.396299999200000,6.931681117000039,51.648428023000065,0,05200815702340780972
05,5,62,032,2020,08,08,6,3,3,6,0,0,1,0,0,0,1,373767.424100000410000,5719183.932399999400000,7.176977848000036,51.609522670000047,0,05200814701110430203
05,5,62,032,2020,08,16,7,3,9,1,0,0,1,0,0,0,0,376432.886599999850000,5716463.122899999800000,7.216409922000025,51.585661466000033,1,05200815702340340998
05,5,58,004,2020,08,04,7,2,8,7,2,0,1,0,0,0,0,406826.670599999840000,5732817.223099999100000,7.650607094000065,51.738514094000038,1,05200815702330605232
05,5,15,000,2020,08,13,7,3,2,6,0,0,1,0,0,0,0,401885.176199999640000,5749538.263699999100000,7.574329011000032,51.887967332000073,1,05200815702330176654
05,5,13,000,2020,08,11,6,3,6,7,0,1,0,1,0,0,0,366440.123999999840000,5716100.526000000500000,7.072395100000051,51.580123288000038,0,05200814700200673765
05,5,15,000,2020,08,14,7,3,0,1,0,1,0,0,0,0,0,402687.706000000240000,5754820.392999999200000,7.584494190000044,51.935585636000042,1,05200815702100439947
05,5,15,000,2020,08,16,7,3,2,6,0,0,1,0,0,0,0,404412.290000000040000,5755367.060000000500000,7.609420022000052,51.940798200000074,0,05200815702100076642
05,5,12,000,2020,08,17,7,3,0,1,0,1,0,0,0,0,0,355149.164599999790000,5710610.273399999400000,6.911811376000060,51.528001288000041,0,05200815701400679131
05,5,58,012,2020,08,16,2,2,0,7,0,1,0,0,0,0,0,373814.147099999710000,5756111.922199999900000,7.164231480000069,51.941394580000065,0,05200817706200481907
05,5,66,076,2020,08,17,2,3,5,2,0,0,1,0,0,0,0,392781.764999999660000,5794103.059000000400000,7.428087784000070,52.286815517000036,0,05200817709500512546
05,5,62,032,2020,08,18,2,3,2,6,0,0,1,0,0,0,0,376062.971300000320000,5719145.984300000600000,7.210125454000036,51.609691611000073,1,05200817701110175209
05,5,66,072,2020,08,17,1,3,0,1,0,1,0,0,0,0,0,412777.898599999960000,5802703.006500000100000,7.718928850000054,52.367651383000066,0,05200816709700368339
05,5,66,004,2020,08,14,1,2,9,1,0,0,0,0,1,0,0,393643.767699999730000,5765190.728299999600000,7.449775823000039,52.027136205000033,0,05200816709110072380
05,5,66,080,2020,08,15,2,2,5,2,0,1,0,0,0,1,0,407446.934500000440000,5782028.863800000400000,7.646327281000026,52.180957347000060,0,05200817709110770630