ULAND,UREGBEZ,UKREIS,UGEMEINDE,UJAHR,UMONAT,USTUNDE,UWOCHENTAG,UKATEGORIE,UART,UTYP1,ULICHTVERH,IstRad,IstPKW,IstFuss,IstKrad,IstGkfz,IstSonstige,LINREFX,LINREFY,XGCSWGS84,YGCSWGS84,STRZUSTAND,UIDENTSTLAE
05,5,58,020,2020,08,12,1,2,0,1,0,0,0,0,1,0,0,391620.129099999550000,5758352.865499999400000,7.422453705000066,51.965288875000056,0,05200816706200158239
05,5,13,000,2020,08,20,2,3,8,1,2,0,1,0,0,0,0,364919.636699999680000,5716777.913300000100000,7.050203638000028,51.585848209000062,1,05200817700200481209
05,5,62,024,2020,08,18,2,3,5,2,0,0,1,0,0,0,0,370016.238499999980000,5728497.786299999800000,7.119373337000070,51.692369585000051,0,05200817701500201208
05,5,54,068,2020,08,21,2,2,9,1,2,0,1,0,0,0,0,347795.893000000160000,5768794.041799999800000,6.780364452000072,52.048825785000076,0,05200817705000096667
05,5,66,028,2020,08,05,2,2,0,1,2,1,0,0,0,0,0,411779.250099999830000,5794468.252200000000000,7.706426492000048,52.293476263000059,1,05200817709700076666
05,5,54,004,2020,08,15,1,3,9,1,0,0,1,0,0,0,0,359081.053500000390000,5768405.447799999300000,6.944980273000056,52.048318271000028,0,05200816705000030800
05,5,58,008,2020,08,14,2,3,5,3,0,0,1,0,0,0,0,379422.594999999740000,5762070.677999999400000,7.243688882000072,51.996188310000036,0,05200817706200781437
05,5,70,012,2020,08,14,4,2,4,6,0,0,1,0,0,1,0,437545.729399999600000,5752427.503900000800000,8.091885649000062,51.919078044000059,0,05200819711131065808
05,5,62,016,2020,08,13,5,2,5,7,0,0,1,0,0,1,1,380408.901499999690000,5730795.459499999900000,7.268870826000068,51.715329746000066,0,05200820701700060204
05,5,62,036,2020,08,11,4,3,9,7,0,1,0,0,0,0,0,389139.801199999640000,5720548.948000000800000,7.398450499000035,51.625028331000067,0,05200819701930755830
05,5,58,024,2020,08,10,4,2,0,7,0,1,0,0,0,0,0,391290.890399999920000,5736199.379899999100000,7.424636057000043,51.766114641000058,0,05200819706300038857
05,5,13,000,2020,08,15,5,3,2,3,0,0,1,0,0,0,0,366827.862999999900000,5712781.752000000300000,7.079245254000057,51.550390650000054,0,05200820700000571568
05,5,62,016,2020,08,09,4,3,1,5,0,0,1,0,0,0,0,374471.563099999910000,5734112.335999999200000,7.181775034000054,51.743840725000041,0,05200819701700615203
05,5,66,084,2020,08,15,3,3,5,3,0,1,1,0,0,0,0,386551.266999999990000,5779504.121300000700000,7.341679071000044,52.154366329000027,0,05200818709300974736
05,5,12,000,2020,08,10,3,2,2,6,0,0,0,0,0,1,0,353809.934700000100000,5712176.791099999100000,6.891868435000049,51.541732252000031,0,05200818702340999971
05,5,54,008,2020,08,07,5,3,5,2,0,0,1,0,0,0,0,329298.486999999730000,5744445.538599999600000,6.522951993000049,51.824725629000056,0,05200820705000579006
05,5,70,008,2020,08,06,5,2,8,1,0,0,0,0,1,0,0,437780.362999999900000,5739608.836999999400000,8.097605652000027,51.803863827000043,1,05200820711312074654
05,5,66,028,2020,08,19,4,3,5,3,1,1,1,0,0,0,0,417420.440799999980000,5790740.369799999500000,7.790035077000027,52.260844988000031,0,05200819709700012163
05,5,62,024,2020,08,19,5,3,5,3,0,1,1,0,0,0,0,370513.723899999630000,5725810.363099999700000,7.127563593000048,51.668333645000075,0,05200820701500124208
05,5,54,064,2020,08,16,4,3,2,2,0,0,1,0,0,0,0,356550.352800000460000,5749118.574100000800000,6.916155759000048,51.874375728000075,0,05200819705000115730
05,5,62,014,2020,08,15,4,3,5,3,0,1,1,0,0,0,0,361538.629800000230000,5713220.010800000300000,7.002834530000030,51.553055784000037,0,05200819701300781206
05,5,58,004,2020,08,14,3,2,0,7,0,1,0,0,0,0,0,406631.856200000270000,5734813.266300000300000,7.647250610000071,51.756423782000070,0,05200818706300865809
05,5,62,004,2020,08,17,4,3,0,1,0,1,0,0,0,0,0,384627.032800000160000,5716606.384400000800000,7.334582923000028,51.588686376000055,0,05200819701800782205
05,5,70,052,2020,08,09,3,3,0,7,0,1,0,0,0,0,0,429326.343000000340000,5753121.615000000200000,7.972248984000032,51.924335260000078,0,05200818711100071088
05,5,62,032,2020,08,12,5,3,1,6,0,0,1,0,0,0,0,374916.608699999750000,5713318.414699999600000,7.195654891000061,51.557064967000031,0,05200820071400394202
05,5,66,040,2020,08,12,5,2,0,7,0,1,0,0,0,0,0,422337.815999999640000,5782149.862999999900000,7.864041430000043,52.184342543000071,0,05200820709800968329
05,5,62,024,2020,08,08,3,2,8,1,0,0,1,0,0,0,0,372261.997499999590000,5727897.765100000400000,7.152066629000046,51.687492846000055,0,05200818702340572362
05,5,15,000,2020,08,18,3,2,2,6,0,0,1,0,0,0,0,401293.097199999730000,5761071.490700000900000,7.562418362000074,51.991526046000047,0,05200818702300205260
05,5,66,084,2020,08,15,4,2,0,7,0,1,0,0,0,0,0,386286.683500000280000,5778371.308399999500000,7.338192479000043,52.144131379000044,0,05200819709300476711
05,5,13,000,2020,08,09,5,1,8,1,0,0,1,0,0,0,0,368549.844700000250000,5714532.433900000500000,7.103412320000075,51.566527322000070,0,05200820700200606200
05,5,15,000,2020,08,19,3,2,9,1,0,1,0,0,0,0,0,410978.496299999770000,5759167.189300000700000,7.703930983000021,51.976045855000052,0,05200818702100270612
05,5,70,032,2020,08,16,4,3,2,6,0,0,1,0,0,1,0,424318.686999999920000,5767217.432399999400000,7.896329975000072,52.050388741000063,0,05200819711151766356
05,5,62,004,2020,08,14,5,3,2,6,0,0,1,0,0,0,0,383205.352400000210000,5713965.615100000100000,7.314948515000026,51.564658991000044,0,05200820701800047205
05,5,62,012,2020,08,09,3,3,2,2,0,0,1,0,0,0,0,359440.087000000290000,5726202.821000000500000,6.967379658000027,51.669199208000066,0,05200818701610306205
05,5,15,000,2020,08,16,4,3,0,6,0,0,1,0,1,0,0,408296.836099999960000,5754072.870500000200000,7.666259297000067,51.929819038000062,0,05200819702100179608
05,5,62,032,2020,08,21,3,3,2,2,1,0,1,0,1,0,0,374219.379399999980000,5715349.540599999900000,7.184875745000056,51.575163885000052,0,05200818701120518208
05,5,62,016,2020,08,23,4,3,0,7,2,0,0,0,1,0,0,367885.665699999780000,5732154.974500000500000,7.087180062000073,51.724737168000047,1,05200819701700825208
05,5,66,028,2020,08,06,3,2,5,3,0,1,1,0,0,0,0,414290.333200000230000,5788617.030200000900000,7.744723007000061,52.241280702000040,1,05200818709700348420
05,5,62,032,2020,08,15,4,2,2,6,0,0,1,0,0,0,0,375664.674300000070000,5717862.395099999400000,7.204831468000066,51.598067987000036,0,05200819701110779207
05,5,58,016,2020,08,11,3,3,2,6,0,0,1,0,0,0,0,371772.810899999920000,5746424.666400000500000,7.138153639000052,51.853874768000026,0,05200818706100196615
05,5,62,032,2020,08,21,3,3,6,4,2,0,1,1,0,0,0,375438.012000000100000,5719846.553999999500000,7.200855720000050,51.615849798000056,0,05200818701110515201
05,5,66,028,2020,08,16,5,3,4,6,0,0,1,0,0,0,0,408449.832299999890000,5795524.948499999900000,7.657334542000058,52.302429181000036,0,05200820709700047179
05,5,13,000,2020,08,16,3,3,5,3,0,1,0,0,0,0,1,366460.616000000390000,5715284.414999999100000,7.073000952000029,51.572794146000035,0,05200818700000765474
05,5,66,092,2020,08,15,4,3,2,1,0,0,1,0,0,0,0,422385.414499999960000,5796490.163899999100000,7.861442110000041,52.313251417000060,0,05200819709700512163
05,5,62,024,2020,08,08,5,3,2,6,0,0,1,0,0,0,0,370557.327100000340000,5726041.072399999900000,7.128108273000066,51.670417000000043,0,05200820701500770384
05,5,62,008,2020,08,07,4,2,2,6,0,0,1,0,1,0,0,383862.468999999580000,5723435.559000000400000,7.321287727000026,51.649907782000071,0,05200819701910564207
05,5,54,008,2020,08,14,4,3,0,1,0,0,0,0,0,0,1,338333.040000000040000,5745623.070200000000000,6.653380337000044,51.837991211000030,0,05200819705000481798
05,5,62,012,2020,08,08,4,3,5,7,0,0,1,0,1,0,0,360144.563900000420000,5724994.720300000200000,6.978043628000023,51.658519170000034,0,05200819701610596208
05,5,58,024,2020,08,07,3,2,2,6,0,0,1,0,1,0,0,392464.804299999960000,5736400.330000000100000,7.441578862000029,51.768147480000039,0,05200818706300891702
05,5,70,020,2020,08,16,3,3,5,2,0,0,1,0,1,0,0,432057.579199999570000,5743673.163300000100000,8.013821196000038,51.839735569000027,0,05200818711421574710
05,5,70,016,2020,08,18,5,3,2,6,0,0,1,0,0,0,0,409348.284400000240000,5740242.022399999200000,7.685177905000046,51.805668750000052,0,05200820711221168996
05,5,66,060,2020,08,23,4,3,4,7,2,0,1,0,0,0,0,391068.790400000290000,5789532.250299999500000,7.404460173000075,52.245400523000058,0,05200819709500912546
05,5,62,020,2020,08,10,5,3,5,3,0,0,1,0,1,0,0,367838.852699999700000,5718425.546800000600000,7.091694599000050,51.601347027000031,0,05200820701200980201
05,5,54,012,2020,08,22,5,1,8,1,2,0,1,0,0,0,0,348784.190799999980000,5748486.781800000000000,6.803703229000064,51.866648032000057,0,05200820705000505265
05,5,54,008,2020,08,18,4,3,1,6,0,1,0,0,0,0,0,335417.735999999570000,5743177.848300000700000,6.612265978000039,51.815173333000075,0,05200819705000096651
05,5,62,004,2020,08,09,4,3,5,5,0,0,1,0,0,0,0,382898.963200000110000,5716231.923599999400000,7.309774635000053,51.584964349000074,0,05200819701800595209
05,5,66,028,2020,08,23,3,3,5,7,2,0,1,0,0,0,0,414217.650999999610000,5791257.767000000900000,7.742987942000070,52.265005394000070,0,05200818709700669049
05,5,62,014,2020,08,15,4,3,6,4,0,0,1,1,0,0,0,361007.338999999690000,5715012.839099999500000,6.994467420000035,51.569035720000045,0,05200819701300194941
05,5,58,016,2020,08,06,3,3,9,1,0,0,1,0,0,0,0,382223.980700000190000,5749021.111999999700000,7.288941930000021,51.879512683000030,0,05200818706100496615
05,5,66,028,2020,08,11,5,3,0,2,0,1,0,0,0,0,1,412570.029000000100000,5792525.426000000900000,7.718522431000054,52.276140027000054,0,05200820709700252883
05,5,54,060,2020,08,12,1,3,8,7,0,1,0,0,0,0,0,354226.634600000460000,5757439.794600000600000,6.878903572000070,51.948538923000058,0,05200823705000747429
05,5,66,092,2020,08,16,2,3,2,6,0,0,1,0,0,0,0,424003.110500000420000,5796481.829600000800000,7.885169666000024,52.313402817000053,0,05200824709000535094
05,5,70,052,2020,08,13,7,2,8,1,0,0,0,0,1,0,0,425180.785000000150000,5759911.788499999800000,7.910496267000042,51.984833159000061,0,05200822711111071088
05,5,66,076,2020,08,21,7,3,8,1,2,0,1,0,0,0,0,394521.734199999830000,5793751.461400000400000,7.453697115000068,52.283992340000054,0,05200822709500574704
05,5,66,008,2020,08,01,7,3,5,3,2,0,1,0,0,0,0,399310.066599999550000,5781223.733500000100000,7.527598051000041,52.172295883000061,0,05200822709100068373
05,5,54,036,2020,08,14,7,3,8,1,0,0,0,0,1,0,0,368195.966599999930000,5768038.331599999200000,7.077960845000064,52.047261854000055,0,05200822705000996634
05,5,62,012,2020,08,14,1,3,5,3,0,1,1,0,0,0,0,356374.677000000140000,5727976.223999999500000,6.922352826000065,51.684358973000030,1,05200823701610693206
05,5,54,032,2020,08,11,7,3,2,6,0,0,1,0,0,0,0,324352.108699999750000,5745478.170299999400000,6.450726798000062,51.832468181000081,0,05200822705000979139
05,5,13,000,2020,08,07,2,2,2,6,0,0,1,0,0,0,0,367751.415799999610000,5714877.775100000200000,7.091769329000044,51.569444093000072,0,05200824702340272346
05,5,54,032,2020,08,18,7,3,0,1,0,1,0,0,0,0,0,327175.049899999980000,5745334.610899999700000,6.491726641000071,51.832059112000081,0,05200822705000696533
05,5,54,036,2020,08,05,7,3,8,1,2,0,1,0,0,0,0,372158.431400000120000,5768243.477099999800000,7.135633349000045,52.050033362000079,0,05200822705000247427
05,5,66,012,2020,08,05,7,2,3,6,2,0,1,0,0,1,0,411607.050900000150000,5775242.860099999200000,7.708921432000068,52.120644081000080,0,05200822702350842014
05,5,62,004,2020,08,14,7,3,0,7,0,0,0,0,1,0,0,383095.047399999570000,5715412.197200000300000,7.312876493000033,51.577637606000053,0,05200822701800530201
05,5,62,012,2020,08,12,7,2,0,7,0,1,0,0,0,0,0,358942.562500000000000,5727201.536599999300000,6.959786586000064,51.678048738000030,0,05200822701610516203
05,5,62,016,2020,08,08,2,2,6,4,0,0,1,1,0,0,0,375028.640800000170000,5734276.645700000200000,7.189780676000055,51.745441873000061,0,05200824701700294955
05,5,62,024,2020,08,09,1,2,0,1,0,0,0,0,1,0,0,368903.241999999620000,5726596.678500000400000,7.103993767000077,51.675026442000046,0,05200823702340580972
05,5,54,012,2020,08,15,2,3,0,1,0,1,0,0,0,0,0,351431.681699999610000,5746921.715399999200000,6.842799293000041,51.853297516000055,0,05200824705000996572
05,5,66,092,2020,08,16,2,3,4,2,0,0,1,0,0,0,0,422375.166299999690000,5796499.506699999800000,7.861289652000039,52.313333948000036,0,05200824709700172366
05,5,15,000,2020,08,15,2,3,0,6,0,1,0,0,0,0,0,406575.049200000240000,5759151.265300000100000,7.639844354000047,51.975179849000028,0,05200824702100042484
05,5,62,032,2020,08,15,2,3,5,3,0,0,1,0,0,0,0,370973.484400000420000,5722052.075300000600000,7.135594763000029,51.634664711000028,0,05200824701110010202
05,5,66,028,2020,08,14,1,3,2,7,0,0,1,0,0,0,0,412087.045500000010000,5790503.275900000700000,7.711972084000024,52.257887363000066,1,05200823709700057409
05,5,66,084,2020,08,16,2,3,5,3,0,1,1,0,0,0,0,387189.502999999560000,5779248.206000000200000,7.351089197000022,52.152197182000066,0,05200824709300574736
05,5,62,012,2020,08,16,1,2,5,3,0,0,1,0,1,0,0,361937.225300000050000,5736767.896099999500000,6.999279891000072,51.764755274000038,1,05200823701610706206
05,5,66,048,2020,08,16,2,3,2,6,0,0,1,0,0,1,0,426918.756900000390000,5791686.752900000700000,7.928972414000043,52.270696040000075,0,05200824702350442420
05,5,62,008,2020,08,12,2,3,2,6,0,0,1,0,0,0,0,384514.909699999730000,5721654.135299999300000,7.331302083000026,51.634031294000067,0,05200824701910623901
05,5,54,004,2020,08,15,1,3,0,6,0,0,0,0,1,0,0,361396.476999999960000,5768411.917300000800000,6.978720531000022,52.048960215000079,0,05200823705000096634
05,5,58,044,2020,08,13,2,3,0,6,0,0,0,0,1,0,0,395700.831000000240000,5746281.190999999600000,7.485483405000025,51.857569960000035,1,05200824706000176773
05,5,70,020,2020,08,16,2,3,4,6,0,0,1,0,0,0,0,438654.517400000240000,5746678.881899999500000,8.109028549000072,51.867521008000040,1,05200824711422564222
05,5,15,000,2020,08,06,2,3,4,2,0,0,1,0,0,0,0,408964.218999999580000,5756241.443000000000000,7.675388919000056,51.949421125000072,0,05200824702100461966
05,5,62,020,2020,08,07,2,3,2,2,0,0,1,0,1,0,0,370100.408599999730000,5719052.258500000500000,7.124098566000043,51.607505282000034,0,05200824701200776203
05,5,70,048,2020,08,23,6,3,6,7,2,0,1,1,0,0,0,446807.198300000280000,5724040.576300000800000,8.230890970000075,51.664828271000033,0,05200821711321581365
05,5,70,036,2020,08,13,6,3,5,3,0,1,1,0,0,0,0,433899.311900000090000,5760557.754200000300000,8.037308695000036,51.991746092000028,0,05200821711121357428
05,5,66,044,2020,08,08,6,3,9,1,0,0,1,0,0,0,1,427504.899000000210000,5773825.700999999400000,7.941381610000065,52.110218409000026,1,05200821709800511971
05,5,66,028,2020,08,08,6,3,1,6,0,0,1,0,0,0,1,414074.776200000200000,5793598.093699999200000,7.740298560000042,52.286018794000029,1,05200821709700476376
05,5,66,028,2020,08,11,6,3,5,2,0,0,1,0,0,0,0,412463.928000000310000,5792948.410000000100000,7.716857898000058,52.279925039000034,1,05200821709700076666
05,5,66,028,2020,08,21,6,2,0,3,1,1,1,0,0,0,0,412306.913399999960000,5791629.254100000500000,7.714899941000056,52.268043077000073,0,05200821709700070493
05,5,66,076,2020,08,14,6,3,5,7,0,0,1,0,0,0,0,396968.548999999650000,5795786.788000000600000,7.488931059000038,52.302748734000033,0,05200821709500074722
05,5,66,068,2020,08,18,6,3,2,6,0,0,1,0,0,0,0,373313.629099999550000,5785425.822499999800000,7.146071653000035,52.204700344000059,0,05200821709300653119
05,5,66,084,2020,08,07,6,2,9,1,0,0,1,0,0,0,0,393024.124400000090000,5776446.433599999200000,7.437218231000031,52.128177694000044,1,05200821709300642428
05,5,58,020,2020,08,17,6,3,5,2,0,1,1,0,0,0,0,390464.378700000230000,5759653.652300000200000,7.405222882000032,51.976753198000040,0,05200821706200979210
05,5,15,000,2020,08,13,6,3,2,6,0,0,1,0,0,0,0,401936.156999999660000,5762191.186400000000000,7.571460481000031,52.001703975000055,0,05200821702350005233
05,5,62,014,2020,08,22,6,3,9,1,2,0,1,0,0,0,0,358918.809600000270000,5713280.458699999400000,6.965047433000052,51.552949942000055,0,05200821702340754150
05,5,54,016,2020,08,18,6,3,3,6,0,0,1,0,0,0,0,363653.384899999950000,5750446.011600000800000,7.018746290000024,51.888085414000045,0,05200821702340503172
05,5,15,000,2020,08,17,6,2,0,6,0,1,0,0,0,0,0,399625.290099999870000,5760797.227499999100000,7.538216937000072,51.988762039000051,1,05200821702100870553
05,5,15,000,2020,08,17,6,3,5,3,0,1,1,0,0,0,0,403991.976599999700000,5761395.088099999400000,7.601621777000048,51.994907743000056,1,05200821702100661625
05,5,15,000,2020,08,19,6,3,3,6,0,0,1,0,0,0,0,414294.294599999670000,5753959.578299999200000,7.753492114000039,51.929756478000058,1,05200821702100485202
05,5,62,036,2020,08,14,6,3,1,7,0,0,1,0,1,0,0,386771.693099999800000,5718503.945100000100000,7.364915073000077,51.606176560000051,0,05200821701921532345
05,5,66,084,2020,08,17,2,3,9,7,0,0,0,0,1,0,0,391965.288099999540000,5778045.833499999700000,7.421248114000036,52.142346081000028,0,05200824709300874736
05,5,62,004,2020,08,16,6,3,5,3,0,0,1,0,0,0,0,384794.238400000150000,5716374.498600000500000,7.337071563000052,51.586636445000067,0,05200821701800404202
05,5,62,012,2020,08,15,6,2,2,6,0,0,0,0,1,1,0,363738.503999999720000,5724527.243000000700000,7.030151601000057,51.655201119000026,0,05200821701610420208
05,5,12,000,2020,08,15,6,3,5,3,0,1,0,0,0,0,1,355802.538300000130000,5718959.657099999500000,6.917798281000046,51.603193510000040,0,05200821701400391202
05,5,62,014,2020,08,15,6,3,0,2,0,0,1,0,1,0,0,359681.641999999990000,5716064.959899999200000,6.974931425000023,51.578161732000069,0,05200821701300371478
05,5,62,014,2020,08,15,6,3,6,4,0,0,1,1,0,0,0,361394.391200000420000,5713935.482699999600000,7.000473391000071,51.559449713000049,0,05200821701300294965
05,5,62,008,2020,08,08,2,3,5,2,0,1,1,0,0,0,0,385405.511599999850000,5723427.564500000300000,7.343584178000072,51.650152562000073,0,05200824701910902204
05,5,62,016,2020,08,17,1,3,0,1,0,1,0,0,0,0,0,375030.855000000450000,5734263.399299999700000,7.189817491000042,51.745323324000026,0,05200823701700717206
05,5,62,032,2020,08,07,6,3,6,2,0,0,1,1,0,0,0,376118.002999999560000,5715000.595000000700000,7.212383134000049,51.572448264000059,1,05200821701120186202
05,5,54,060,2020,08,12,2,3,2,5,0,0,1,1,0,0,0,349292.833899999970000,5756072.761700000600000,6.807768531000022,51.934942152000076,0,05200824705000020771
05,5,13,000,2020,08,07,6,3,0,1,1,0,0,0,1,0,0,369032.356399999930000,5708125.252800000800000,7.112753764000047,51.509059658000069,1,05200821700100875466
05,5,13,000,2020,08,16,6,3,5,2,0,1,0,0,1,0,0,366839.191499999720000,5709341.116800000900000,7.080709828000067,51.519473638000079,0,05200821700100780206
05,5,13,000,2020,08,07,2,2,4,7,0,0,1,0,0,0,0,367972.459300000220000,5705421.550100000600000,7.098501278000072,51.484515441000042,0,05200824700100380507
05,5,15,000,2020,08,07,3,3,3,6,0,1,0,0,0,0,0,404113.911100000140000,5756263.990100000100000,7.604830533000040,51.948808804000066,0,05200825702100861966
05,5,15,000,2020,08,17,3,3,1,3,0,1,1,0,0,0,0,408661.090400000100000,5753500.502399999600000,7.671707420000075,51.924734114000046,0,05200825702100860669
05,5,15,000,2020,08,17,3,3,3,1,0,0,1,0,1,0,0,404686.621299999770000,5759087.492200000200000,7.612377441000035,51.974285945000076,1,05200825702100570596
05,5,13,000,2020,08,16,7,3,1,6,0,0,1,0,1,0,0,368728.749400000090000,5711969.420199999600000,7.106948786000032,51.543535890000044,0,05200829700100339207
05,5,58,016,2020,08,16,5,2,5,3,0,0,1,0,1,0,0,380059.352599999870000,5742161.335999999200000,7.259889297000029,51.817402249000054,0,05200827706100196583
05,5,15,000,2020,08,18,3,2,0,2,0,1,1,0,0,0,0,406349.925599999730000,5751094.457299999900000,7.638761738000028,51.902723269000035,1,05200825702100378035
05,5,66,028,2020,08,18,6,3,5,2,0,0,1,0,0,0,0,413571.901999999770000,5793761.369999999200000,7.732886279000070,52.287407517000076,0,05200828709700376376
05,5,70,028,2020,08,18,6,2,8,7,0,0,1,0,0,0,0,443020.990699999970000,5741317.268300000600000,8.173322502000076,51.819781813000077,0,05200828400410772260
05,5,15,000,2020,08,15,3,3,1,6,0,0,1,0,0,1,0,407850.451700000090000,5754610.134800000100000,7.659625049000056,51.934574569000063,1,05200825702100072420
05,5,62,036,2020,08,15,5,3,5,3,0,1,0,0,1,0,0,390529.318199999630000,5720344.626499999300000,7.418579824000062,51.623463905000051,0,05200827701930651537
05,5,15,000,2020,08,17,3,3,1,6,0,0,1,0,0,1,0,411141.883299999870000,5751974.585599999900000,7.708167987000024,51.911419459000058,1,05200825702100060669
05,5,54,044,2020,08,16,6,3,5,3,0,0,1,0,0,0,0,364384.980000000450000,5746617.655899999700000,7.030873858000064,51.853862881000055,0,05200828705000096572
05,5,62,024,2020,08,17,3,3,5,2,0,0,1,0,0,1,0,363826.520899999890000,5725134.195200000000000,7.031186777000073,51.660676624000075,1,05200825701500362201
05,5,66,012,2020,08,00,4,3,4,6,2,0,1,0,0,0,0,404963.144600000230000,5767995.673100000200000,7.613929453000026,52.054402776000074,1,05200826709100725692
05,5,62,032,2020,08,16,3,3,0,1,0,0,0,0,1,0,0,372441.100700000300000,5721140.038799999300000,7.157121883000059,51.626803066000036,1,05200825701110359203
05,5,62,032,2020,08,07,3,3,5,3,0,1,1,0,0,0,0,380446.703999999910000,5718150.553999999500000,7.273742362000064,51.601693125000054,0,05200825701110076202
05,5,13,000,2020,08,14,3,3,6,6,0,1,0,1,0,0,0,368684.206299999730000,5713179.972799999600000,7.105854945000033,51.554404443000067,1,05200825700200372393
05,5,13,000,2020,08,05,6,2,5,3,1,0,1,0,1,0,0,362611.724299999890000,5720717.527599999700000,7.015368399000067,51.620692328000075,1,05200828700000771568
05,5,66,076,2020,08,21,7,2,0,7,2,1,0,0,0,0,0,397548.778300000350000,5797172.969399999800000,7.497015627000053,52.315315425000051,0,05200829709500338806
05,5,13,000,2020,08,15,3,3,2,6,0,0,1,0,0,0,1,365909.638000000270000,5712530.635999999900000,7.066105412000070,51.547916520000058,1,05200825700000920170
05,5,15,000,2020,08,09,4,3,7,2,0,0,1,0,0,0,1,402197.559999999590000,5750191.047000000300000,7.578681517000064,51.893889676000072,1,05200826702100661966
05,5,13,000,2020,08,16,3,3,2,6,0,0,1,0,0,0,0,364513.059700000100000,5716523.113399999200000,7.044436972000028,51.583460881000065,1,05200825700000519942
05,5,58,020,2020,08,11,7,2,0,6,2,1,0,0,0,0,0,395911.499900000170000,5761242.417199999100000,7.484017002000030,51.992079797000031,0,05200829706200020577
05,5,54,048,2020,08,13,5,3,8,7,0,0,1,0,0,0,0,341581.696800000030000,5740054.169999999900000,6.703039973000045,51.788891107000040,0,05200827705000476764
05,5,12,000,2020,08,16,7,2,2,6,0,0,1,0,1,0,0,357374.127000000330000,5722384.721000000800000,6.939081858000066,51.634370396000065,0,05200829701400384204
05,5,66,040,2020,08,05,5,2,5,3,1,0,1,0,0,1,0,421185.327999999750000,5779623.285000000100000,7.847774719000029,52.161467973000072,1,05200827709800070347
05,5,62,012,2020,08,14,5,2,0,1,0,1,1,0,0,0,0,360418.400600000280000,5726909.320399999600000,6.981235122000044,51.675791619000051,0,05200827701610933209
05,5,62,016,2020,08,17,6,2,2,6,0,1,0,0,0,0,0,378232.494800000450000,5732387.004300000100000,7.236825961000022,51.729164912000044,0,05200828701700261203
05,5,70,044,2020,08,12,7,2,5,3,0,1,1,0,0,0,0,413207.877100000160000,5759697.020500000600000,7.736245997000026,51.981161084000064,0,05200829711142376757
05,5,66,008,2020,08,02,6,3,8,1,2,0,1,0,0,0,0,401470.337899999690000,5785191.023600000900000,7.558023660000060,52.208343133000028,1,05200828709110772380
05,5,66,080,2020,08,18,7,2,5,2,0,0,1,0,0,0,0,407412.276700000280000,5780155.910499999300000,7.646331673000077,52.164117087000079,0,05200829709100309878
05,5,70,048,2020,08,14,3,3,5,3,0,1,1,0,0,0,0,448876.196000000460000,5729019.620999999300000,8.260074185000065,51.709785382000064,0,05200825711322076733
05,5,70,024,2020,08,11,3,2,5,2,0,0,1,0,0,0,0,420913.302199999800000,5754027.454800000400000,7.849721838000050,51.931346499000028,0,05200825711161576747
05,5,54,020,2020,08,14,4,3,0,2,0,1,0,0,0,1,0,365258.037899999880000,5786083.110200000900000,7.027997972000037,52.208696000000032,1,05200826705000520966
05,5,15,000,2020,08,23,7,3,7,1,2,1,0,0,0,0,0,401203.182199999690000,5756818.507999999400000,7.562333399000067,51.953283546000080,0,05200829702100368249
05,5,66,040,2020,08,17,3,2,4,1,0,0,1,0,0,0,0,416128.946399999780000,5785306.685200000200000,7.772464944000035,52.211808747000077,1,05200825709800368098
05,5,13,000,2020,08,19,7,3,5,3,0,1,1,0,0,0,0,365477.828300000170000,5714358.340900000200000,7.059182379000049,51.564238378000027,0,05200829700200345202
05,5,66,008,2020,08,22,5,3,5,2,2,0,1,0,1,0,0,400237.046000000090000,5780709.751000000200000,7.541299725000044,52.167844691000028,1,05200827709110972380
05,5,70,028,2020,08,06,6,3,0,1,1,0,0,0,1,0,0,440380.048799999990000,5740518.000700000700000,8.135148696000044,51.812320684000042,1,05200828711412979188
05,5,15,000,2020,08,20,5,2,5,3,1,0,1,0,0,0,0,409847.487999999900000,5751858.771999999900000,7.689385473000073,51.910170432000029,0,05200827702100072436
05,5,54,008,2020,08,07,6,3,5,3,0,1,0,0,0,1,0,335760.584999999960000,5746333.043800000100000,6.615738318000069,51.843618666000054,0,05200828705000376646
05,5,66,040,2020,08,06,3,3,2,6,0,0,1,0,0,0,0,415797.969999999740000,5785385.071000000500000,7.767602492000037,52.212462844000072,0,05200825709800079143
05,5,66,076,2020,08,07,4,3,5,2,0,1,1,0,0,0,0,392529.389100000260000,5793210.951899999800000,7.424673666000047,52.278748744000040,1,05200826709500016765
05,5,13,000,2020,08,15,5,3,5,2,0,1,1,0,0,0,0,369655.785500000230000,5715255.591000000000000,7.119091488000038,51.573282888000051,0,05200827700000065506
05,5,13,000,2020,08,05,6,2,5,2,1,0,1,0,0,0,0,364901.918999999760000,5719327.627000000300000,7.048966175000032,51.608756614000072,1,05200828700200258208
05,5,66,028,2020,08,17,7,3,2,7,0,0,1,0,1,0,0,412089.056499999950000,5790507.730599999400000,7.712000379000074,52.257927724000069,0,05200829709700176657
05,5,66,068,2020,08,10,3,3,7,1,0,1,0,0,0,0,0,375186.178399999630000,5787910.233899999400000,7.172543053000027,52.227452604000064,0,05200825709300840735