ULAND,UREGBEZ,UKREIS,UGEMEINDE,UJAHR,UMONAT,USTUNDE,UWOCHENTAG,UKATEGORIE,UART,UTYP1,ULICHTVERH,IstRad,IstPKW,IstFuss,IstKrad,IstGkfz,IstSonstige,LINREFX,LINREFY,XGCSWGS84,YGCSWGS84,STRZUSTAND,UIDENTSTLAE
05,5,15,000,2020,08,05,4,3,5,3,2,1,1,0,0,0,0,407364.532999999820000,5756876.542199999100000,7.651948480000044,51.954865621000067,1,05200826702100950183
05,5,12,000,2020,08,18,7,3,5,3,0,0,1,0,1,0,0,356856.728500000200000,5721630.769300000700000,6.931919004000065,51.627464226000029,0,05200829701400402200
05,5,58,024,2020,08,13,7,3,5,2,0,1,1,0,0,0,0,393902.251000000160000,5735665.021999999900000,7.462627036000072,51.761812737000071,0,05200829706300057209
05,5,66,068,2020,08,13,3,3,4,6,0,0,1,0,0,1,0,375804.652300000190000,5785917.974899999800000,7.182324694000045,52.209689796000077,0,05200825709300741205
05,5,54,068,2020,08,16,5,3,5,3,0,1,1,0,0,0,0,350549.211600000040000,5764934.182399999400000,6.822171433000051,52.014896440000030,0,05200827705000496621
05,5,66,084,2020,08,14,6,3,2,6,0,0,1,0,0,0,0,390236.825799999760000,5775253.108599999900000,7.396901317000072,52.116906465000056,0,05200828709300065811
05,5,70,044,2020,08,17,5,3,3,2,0,1,1,0,0,0,0,415878.500799999570000,5759604.828299999200000,7.775144993000026,51.980743161000078,0,05200827711141682073
05,5,70,028,2020,08,12,6,3,8,6,0,0,1,0,0,0,0,444923.797600000170000,5742012.116800000900000,8.200815810000051,51.826219540000068,0,05200828400410079871
05,5,62,004,2020,08,11,5,3,8,5,0,0,1,0,0,0,0,383020.971599999820000,5717289.370500000200000,7.311182409000026,51.594493684000042,1,05200827701800834206
05,5,15,000,2020,08,18,6,3,5,3,0,0,1,0,0,0,0,402400.016699999570000,5757577.255799999500000,7.579528068000059,51.960314694000033,0,05200828702100042487
05,5,66,024,2020,08,18,7,3,8,1,0,0,1,0,0,0,0,382221.360700000080000,5772367.685000000500000,7.280887622000023,52.089326630000073,0,05200829709300174736
05,5,66,064,2020,08,18,3,3,8,1,0,0,1,0,0,0,0,392597.616899999790000,5770039.404500000200000,7.433009616000049,52.070512210000061,1,05200825709100172363
05,5,15,000,2020,08,12,4,3,2,6,0,0,1,0,0,0,0,406195.622000000440000,5757964.953299999200000,7.634646192000048,51.964452825000080,0,05200826702100542370
05,5,58,016,2020,08,16,3,3,2,6,0,0,1,0,1,0,0,382607.542000000370000,5743779.007099999100000,7.296292342000072,51.832481733000066,1,05200825706100396583
05,5,66,076,2020,08,09,4,3,8,7,0,0,0,0,1,0,0,390070.067300000230000,5796119.979100000100000,7.387690573000043,52.304405728000063,1,05200826709000502375
05,5,54,020,2020,08,17,7,3,8,6,0,0,1,0,1,0,0,362562.696200000120000,5786790.914799999400000,6.988289301000066,52.214390135000031,0,05200829705000020717
05,5,54,020,2020,08,16,3,3,8,1,0,0,1,0,0,0,0,366742.463499999610000,5787999.292700000100000,7.048954844000036,52.226274610000075,1,05200825705000796550
05,5,62,014,2020,08,13,7,2,5,3,0,0,1,0,0,0,0,362148.082399999720000,5712602.246799999800000,7.011861648000036,51.547653656000080,0,05200829701300377200
05,5,66,016,2020,08,16,5,3,5,2,0,1,1,0,0,0,0,403691.322900000030000,5793251.970000000700000,7.588218893000033,52.281186371000047,0,05200827709500012491
05,5,13,000,2020,08,14,5,3,5,3,0,1,1,0,0,0,0,366797.793899999930000,5714797.007200000800000,7.078048323000076,51.568493793000073,0,05200827700200274464
05,5,62,020,2020,08,14,6,3,5,7,0,0,1,0,1,0,0,371475.799200000240000,5719195.486300000900000,7.143897020000054,51.609108064000054,0,05200828701200194201
05,5,54,056,2020,08,16,5,2,2,6,0,0,1,0,0,0,0,359060.085400000210000,5761248.126299999700000,6.947620789000041,51.984003317000031,0,05200827705000096699
05,5,66,012,2020,08,00,6,2,8,1,2,0,0,0,1,0,0,406414.353900000450000,5767612.106000000600000,7.635193222000055,52.051202141000033,1,05200828709110268030
05,5,70,028,2020,08,18,4,3,0,4,0,1,0,1,0,0,0,440313.321800000030000,5740431.306399999200000,8.134195804000058,51.811534161000054,0,05200826711412054976
05,5,58,044,2020,08,10,7,3,2,2,0,0,1,0,0,0,1,403098.614099999890000,5744401.285900000500000,7.593396440000049,51.842006114000071,0,05200829706300496641
05,5,66,028,2020,08,13,7,3,0,1,0,1,1,0,0,0,0,412920.832899999800000,5793623.401799999200000,7.723379230000035,52.286064635000059,0,05200829709700981515
05,5,54,020,2020,08,15,3,3,1,6,0,0,1,0,0,0,0,366966.203099999580000,5785568.864000000100000,7.053183942000032,52.204490247000081,1,05200825705000521182
05,5,66,048,2020,08,14,4,2,2,6,0,0,1,0,0,0,0,424774.279500000180000,5791283.354699999100000,7.897640623000029,52.266780733000076,1,05200826702350476655
05,5,15,000,2020,08,09,7,2,5,6,0,1,0,0,0,0,1,411607.597599999980000,5757151.349700000100000,7.713606556000059,51.958026424000082,0,05200829702100039947
05,5,58,008,2020,09,16,4,3,5,3,0,1,1,0,0,0,0,382630.513700000010000,5760248.858599999900000,7.291015630000061,51.980502962000060,0,05200902706100020577
05,5,62,028,2020,09,07,3,3,5,3,0,0,1,0,0,0,0,382066.676500000060000,5722877.491499999500000,7.295530840000026,51.644518316000074,0,05200901701920949207
05,5,54,008,2020,09,14,4,2,5,3,0,0,1,0,0,0,0,336596.156000000420000,5750991.043999999800000,6.625653731000057,51.885708698000030,0,05200902705000068299
05,5,62,024,2020,09,18,4,2,2,2,0,0,1,0,1,0,0,370700.211000000130000,5729821.054400000700000,7.128772886000036,51.704419251000047,0,05200902701500465206
05,5,15,000,2020,09,13,4,3,2,6,0,0,1,0,0,0,0,407652.017199999650000,5758326.927600000100000,7.655740800000046,51.967950285000029,0,05200902702100365837
05,5,70,024,2020,09,08,4,2,9,1,0,0,1,0,0,0,0,419361.990600000140000,5748420.531500000500000,7.828475974000071,51.880722035000076,0,05200902711161174649
05,5,66,020,2020,09,15,3,3,2,2,0,0,1,0,0,1,1,405689.677000000140000,5802790.493000000700000,7.614828058000057,52.367263572000070,0,05200901709700542411
05,5,66,072,2020,08,16,2,3,0,7,0,0,1,0,0,0,0,412916.536299999800000,5801643.104299999800000,7.721239641000068,52.358146862000069,0,05200831709700876657
05,5,54,056,2020,09,13,4,3,5,3,0,1,1,0,0,0,0,356835.839800000190000,5762415.034499999100000,6.914767013000073,51.993919315000028,0,05200902705000821108
05,5,66,064,2020,08,12,2,3,4,7,0,0,1,0,0,0,0,393366.428999999540000,5775581.646999999900000,7.442487901000050,52.120471624000061,0,05200831709110179197
05,5,62,024,2020,09,18,3,2,0,1,0,1,0,0,0,0,0,367942.786000000310000,5723329.774000000200000,7.091345544000035,51.645443484000054,0,05200901701500385206
05,5,66,008,2020,09,07,4,2,5,2,0,0,1,0,0,0,0,398669.045900000260000,5778581.797299999700000,7.519016218000047,52.148433599000043,0,05200902709110438159
05,5,58,016,2020,08,14,2,3,6,6,0,0,0,1,1,0,0,381475.968100000170000,5743657.738099999700000,7.279919379000035,51.831152905000067,0,05200831706100117207
05,5,54,008,2020,09,15,3,3,3,2,0,1,1,0,0,0,0,334510.668800000100000,5745646.986700000200000,6.597938638000073,51.837086589000080,0,05200901705000668299
05,5,62,032,2020,09,10,4,3,5,2,0,1,1,0,0,0,0,375692.435999999750000,5717785.595799999300000,7.205259297000055,51.597383907000051,0,05200902701110310204
05,5,58,004,2020,08,14,2,3,4,2,0,0,1,0,0,0,0,406432.167700000110000,5739444.447499999800000,7.643110112000045,51.798019123000074,0,05200831706000868251
05,5,54,012,2020,08,14,2,3,0,3,0,0,1,0,1,0,0,352820.055100000460000,5746078.286299999800000,6.863302208000050,51.846087170000033,0,05200831705000181028
05,5,15,000,2020,08,07,2,3,5,2,0,1,0,0,0,1,0,407216.995699999850000,5751345.512000000100000,7.651293539000051,51.905124973000056,0,05200831702100361900
05,5,62,014,2020,08,14,2,2,5,3,0,0,1,0,0,0,0,361697.884899999950000,5713067.339700000400000,7.005190156000026,51.551722914000038,0,05200831701300840204
05,5,62,012,2020,09,18,4,3,2,6,0,0,1,0,0,1,0,358624.447200000290000,5733438.566700000300000,6.952659358000062,51.734012666000069,0,05200902702340305234
05,5,62,020,2020,08,14,2,2,5,3,0,0,1,0,0,0,0,369522.194500000220000,5718906.764499999600000,7.115807475000054,51.606064084000081,0,05200831701200847207
05,5,62,020,2020,08,08,2,3,2,2,0,0,1,0,0,0,0,371452.577999999750000,5719958.670700000600000,7.143281959000035,51.615961371000026,0,05200831701200632207
05,5,62,032,2020,08,15,2,3,2,2,0,0,1,0,0,0,0,377721.645999999720000,5716898.121999999500000,7.234851015000061,51.589852071000053,0,05200831701120871206
05,5,13,000,2020,08,08,2,3,2,6,0,0,1,0,1,0,0,364744.543899999930000,5715432.633400000600000,7.048196003000044,51.573717012000031,0,05200831700200569607
05,5,13,000,2020,08,13,2,3,2,6,0,0,1,0,0,0,0,366279.828499999830000,5709673.806800000400000,7.072526191000065,51.522331248000057,0,05200831700100431207
05,5,13,000,2020,08,18,2,3,3,2,0,0,1,0,0,0,1,367963.656299999920000,5708754.032199999300000,7.097127386000068,51.514461631000074,0,05200831700100103209
05,5,15,000,2020,09,05,4,3,4,2,2,0,1,0,0,0,0,402948.864500000140000,5757813.245300000500000,7.587446697000075,51.962531907000027,0,05200902702100097729
05,5,62,014,2020,09,10,4,3,6,4,0,1,0,1,0,0,0,361481.218700000080000,5713512.501900000500000,7.001891773000068,51.555670067000051,0,05200902701300303200
05,5,66,032,2020,09,16,4,2,5,3,0,1,0,0,0,1,0,411944.697700000370000,5779418.481899999100000,7.712770112000044,52.158230440000068,0,05200902709800579143
05,5,66,028,2020,09,15,3,3,1,7,0,0,1,0,0,0,0,416148.161399999630000,5790776.094399999800000,7.771389233000036,52.260973617000047,0,05200901709700206677
05,5,58,012,2020,09,16,4,3,1,6,0,0,1,0,1,0,0,374163.022699999620000,5755254.308700000900000,7.169617919000075,51.933766680000076,0,05200902706200836604
05,5,15,000,2020,09,16,3,2,8,1,0,1,0,0,0,0,0,412291.761800000440000,5752372.573499999900000,7.724779235000028,51.915179182000031,0,05200901702100042451
05,5,13,000,2020,09,14,4,3,1,2,0,0,1,0,0,0,0,369391.743999999950000,5707288.589800000200000,7.118239378000055,51.501623865000056,0,05200902700100627204
05,5,15,000,2020,09,16,4,3,0,2,0,1,1,0,0,0,0,410730.071499999610000,5758990.426300000400000,7.700361136000026,51.974417135000067,0,05200902702100911209
05,5,54,020,2020,09,22,4,3,0,1,2,0,1,0,0,0,0,364373.471300000320000,5785780.596300000300000,7.015181549000033,52.205760867000038,0,05200902705000320946
05,5,62,014,2020,09,15,3,3,6,2,0,0,1,1,0,0,0,361427.033999999990000,5713845.187599999800000,7.000979576000020,51.558646327000076,0,05200901701300138204
05,5,62,016,2020,09,20,4,2,3,2,1,1,1,0,0,0,0,375932.968000000340000,5735352.419999999900000,7.202489106000030,51.755310735000080,0,05200902701700475207
05,5,62,032,2020,09,17,4,3,3,5,0,1,1,0,0,0,0,375005.074699999760000,5714835.010099999600000,7.196391019000032,51.570714480000049,0,05200902701120447202
05,5,66,028,2020,09,07,4,3,5,3,0,0,1,0,0,0,0,410817.001000000160000,5788367.857000000800000,7.693933475000051,52.238489275000063,0,05200902709700069191
05,5,70,028,2020,09,16,3,3,5,3,0,1,1,0,0,0,0,445290.069000000130000,5743179.437000000800000,8.205945495000037,51.836750152000036,0,05200901711411979196
05,5,58,032,2020,09,16,4,3,1,6,0,0,1,0,0,1,0,390160.196200000120000,5752000.729499999400000,7.403240623000045,51.907912151000062,0,05200902706000382422
05,5,62,004,2020,09,16,3,3,2,6,0,0,1,0,0,0,1,382812.951200000010000,5713746.353499999300000,7.309362909000072,51.562606925000068,0,05200901701800140203
05,5,58,012,2020,09,09,3,2,8,1,0,1,0,0,0,0,0,373713.097000000070000,5756461.086999999400000,7.162633969000069,51.944509395000068,1,05200901706200179103
05,5,62,032,2020,09,13,4,3,5,3,0,0,1,0,0,0,1,376036.477900000290000,5716728.722400000300000,7.210597290000067,51.587961400000040,0,05200902701110394208
05,5,12,000,2020,09,09,4,1,2,6,0,0,1,0,1,0,0,354320.950400000440000,5712303.057700000700000,6.899179924000066,51.542998961000080,0,05200902702340681010
05,5,62,024,2020,09,11,4,3,4,6,0,1,0,0,0,0,0,369193.269700000060000,5722364.059100000200000,7.109769433000054,51.637057257000038,0,05200902701500339207
05,5,15,000,2020,09,14,4,3,2,6,0,0,1,0,0,0,1,407900.167899999770000,5760299.126599999100000,7.658822607000047,51.985718626000050,0,05200902702100279199
05,5,70,032,2020,09,18,4,3,5,3,0,0,1,0,0,0,0,417968.269000000320000,5769587.164500000000000,7.803172783000036,52.070786459000033,0,05200902711152569095
05,5,66,092,2020,09,10,3,2,4,2,0,0,1,0,0,0,0,423458.741999999620000,5799271.583000000600000,7.876550678000058,52.338403532000029,0,05200901709700368339
05,5,54,008,2020,09,14,4,3,5,2,0,1,0,0,0,0,1,338727.726800000300000,5745641.280300000700000,6.659095618000038,51.838268911000057,0,05200902705000781625
05,5,58,028,2020,09,17,4,3,5,3,0,1,1,0,0,0,0,400073.577999999750000,5728546.381999999300000,7.554062308000027,51.698962138000070,0,05200902706300176682
05,5,54,048,2020,09,16,3,3,1,7,0,0,1,0,0,0,0,341580.659500000070000,5740050.311200000300000,6.703026708000039,51.788856146000057,0,05200901705000017214
05,5,13,000,2020,09,18,4,3,2,6,0,0,1,0,0,0,0,368513.171099999920000,5707703.305299999200000,7.105434012000046,51.505147129000079,0,05200902700100634208
05,5,15,000,2020,09,07,4,3,1,6,0,0,1,0,0,0,0,412441.989799999630000,5752340.658199999500000,7.726970984000047,51.914915939000082,0,05200902702100936203
05,5,12,000,2020,09,15,3,3,5,2,0,0,1,0,1,0,0,356336.940299999900000,5710509.066900000000000,6.928963699000065,51.527395296000066,0,05200901701400128203
05,5,62,028,2020,09,14,4,2,5,2,0,0,1,0,1,0,0,381143.377999999560000,5721997.122999999700000,7.282492028000036,51.636411638000027,0,05200902701920585483
05,5,66,072,2020,08,19,1,2,5,3,0,1,1,0,0,0,0,412902.790000000040000,5801665.935000000500000,7.721031916000072,52.358349884000063,0,05200830709700712163
05,5,66,072,2020,08,18,1,3,1,2,0,0,1,0,0,0,0,412777.118099999610000,5802155.652699999500000,7.719059706000053,52.362731560000043,0,05200830709700476657
05,5,66,076,2020,08,20,1,3,5,3,2,1,1,0,0,0,0,393081.582000000400000,5793863.517999999200000,7.432557564000035,52.284721138000066,0,05200830709500535185
05,5,58,044,2020,08,15,1,3,4,2,0,0,1,0,0,0,0,396209.468600000250000,5746210.893899999600000,7.492887624000048,51.857032956000069,0,05200830706300061206
05,5,62,004,2020,08,15,1,3,4,6,0,0,1,0,0,0,0,384654.693900000300000,5711148.938600000000000,7.336773022000045,51.539641429000028,0,05200830701800527209
05,5,62,016,2020,08,18,1,3,5,2,0,0,1,0,1,0,0,371125.801799999550000,5735184.619100000700000,7.132943149000028,51.752717381000082,0,05200830701700556203
05,5,12,000,2020,08,15,1,3,2,6,0,0,1,0,0,0,0,356203.585900000300000,5713733.040699999800000,6.925725406000026,51.556331239000031,0,05200830071400801206
05,5,62,020,2020,09,15,4,2,6,4,0,0,1,1,0,0,0,371407.671600000000000,5720023.150900000700000,7.142610044000037,51.616530586000067,0,05200902701200422205
05,5,62,032,2020,08,19,1,2,9,1,0,0,0,0,1,0,0,379249.726300000210000,5719902.986999999700000,7.255863882000028,51.617187560000048,0,05200830701110563207
05,5,66,028,2020,09,12,4,3,2,2,0,0,1,0,1,0,0,412105.906399999750000,5791828.309200000000000,7.711903225000071,52.269800147000069,0,05200902709700706677
05,5,58,012,2020,09,16,3,3,0,7,0,1,0,0,0,0,0,373767.594499999660000,5756312.322100000500000,7.163481037000054,51.943184899000073,0,05200901706200579112
05,5,62,032,2020,09,14,4,3,2,6,0,0,1,0,0,0,0,374681.756400000300000,5714828.075400000400000,7.191730682000070,51.570580386000074,0,05200902701120423204
05,5,13,000,2020,09,16,7,3,2,6,0,0,1,0,0,0,0,365046.008700000120000,5717749.006500000100000,7.051653188000046,51.594605106000074,0,05200905700200856202
05,5,62,016,2020,09,05,6,2,5,3,2,0,1,0,0,1,0,370316.417799999940000,5731387.051899999400000,7.122639113000048,51.718403635000072,0,05200904701700792208
05,5,62,032,2020,09,22,1,3,3,2,2,0,1,0,0,0,1,375500.065000000410000,5719719.866000000400000,7.201796531000070,51.614724965000050,0,05200906701110353208
05,5,54,016,2020,09,13,2,3,2,2,0,0,1,0,0,0,0,361173.293999999760000,5759125.060000000500000,6.979231383000069,51.965458789000081,0,05200907705000476745
05,5,13,000,2020,09,07,6,3,5,3,1,1,1,0,0,0,0,366552.394299999810000,5714543.072300000100000,7.074606072000051,51.566153773000053,1,05200904700200761206
05,5,62,008,2020,09,13,2,2,2,2,0,0,1,0,1,0,0,384434.470399999990000,5721505.410599999100000,7.330189406000045,51.632678081000051,0,05200907701910593206
05,5,70,004,2020,09,16,7,3,4,2,0,0,1,0,0,0,0,423952.819000000130000,5733650.244999999200000,7.898401284000045,51.748588493000057,0,05200905711215081979
05,5,70,004,2020,09,16,6,1,4,6,0,0,1,0,0,0,0,421421.294400000010000,5734831.256300000500000,7.861471030000075,51.758855898000036,0,05200904711215376329
05,5,62,012,2020,09,14,2,3,5,3,0,0,1,0,0,0,1,360648.337500000370000,5724824.781600000300000,6.985389801000054,51.657117239000058,0,05200907701610613200
05,5,58,032,2020,09,12,7,3,2,6,0,0,1,0,0,0,0,389848.899500000290000,5752246.615299999700000,7.398638544000050,51.910060602000044,0,05200905706100005068
05,5,13,000,2020,09,18,6,2,2,6,0,0,0,0,1,1,0,362156.225899999960000,5715471.566400000800000,7.010854003000077,51.573439965000034,0,05200904702340581141
05,5,66,084,2020,09,07,6,3,8,1,0,0,1,0,0,0,0,390276.737800000240000,5782367.126399999500000,7.395186456000033,52.180849526000031,1,05200904709300292705
05,5,62,032,2020,09,08,2,3,6,4,0,0,1,1,0,0,0,380441.577999999750000,5718172.766000000800000,7.273660811000070,51.601891667000075,0,05200907701110429201
05,5,66,008,2020,09,16,5,3,1,6,0,0,1,0,0,0,1,400845.997800000010000,5782761.862400000900000,7.549600609000038,52.186398409000049,1,05200903709100879088
05,5,70,004,2020,09,07,2,3,5,2,0,1,1,0,0,0,0,422688.899199999870000,5735253.916999999400000,7.879739534000066,51.762831885000026,0,05200907711215376765
05,5,62,020,2020,09,13,6,2,4,2,0,0,1,0,0,0,0,371475.652499999850000,5719195.006699999800000,7.143895078000071,51.609103720000064,0,05200904701200031202
05,5,66,008,2020,09,09,1,3,0,1,0,1,0,0,0,0,0,398286.099200000060000,5781364.637599999100000,7.512587636000035,52.173374485000068,0,05200906709100379088
05,5,58,020,2020,09,06,2,3,5,3,0,1,1,0,0,0,0,391909.656000000420000,5760753.436000000700000,7.425910158000022,51.986920614000041,0,05200907706200668276
05,5,62,008,2020,09,16,2,3,5,3,0,0,1,0,1,0,0,389930.658999999990000,5724311.979499999400000,7.408687155000052,51.659005863000061,0,05200907701910585438
05,5,15,000,2020,09,08,2,3,5,3,0,1,1,0,0,0,0,407900.100200000220000,5760298.740199999900000,7.658821725000053,51.985715142000060,0,05200907702100864164
05,5,70,020,2020,09,10,7,2,4,6,0,0,1,0,0,0,0,432864.546000000090000,5746141.853000000100000,8.025052945000027,51.862026413000081,1,05200905711421580981
05,5,66,028,2020,09,14,6,2,5,3,0,1,1,0,0,0,0,410817.001000000160000,5788367.857000000800000,7.693933475000051,52.238489275000063,0,05200904709700552883
05,5,62,024,2020,09,11,2,2,5,3,0,1,0,0,0,0,0,369138.275500000450000,5724829.845200000300000,7.108052706000024,51.659203488000060,0,05200907701500527205
05,5,70,032,2020,09,15,7,2,8,1,0,0,0,0,1,0,0,420792.157899999990000,5770634.218900000700000,7.844120467000039,52.080609536000054,1,05200905711152687219
05,5,58,044,2020,09,08,6,3,5,3,0,1,1,0,0,0,0,396379.449000000020000,5746146.626000000200000,7.495374211000069,51.856486899000060,1,05200904706300672172
05,5,13,000,2020,09,09,2,3,5,2,0,0,1,0,0,0,0,368895.186999999920000,5711477.489000000100000,7.109530810000024,51.539153709000061,0,05200907700100931207
05,5,54,008,2020,09,09,5,3,5,3,0,1,1,0,0,0,0,335761.165599999950000,5746340.667300000800000,6.615743118000069,51.843687321000061,1,05200903705000980974
05,5,54,044,2020,09,19,5,2,0,1,0,1,0,0,0,0,0,366040.965400000100000,5746034.352499999100000,7.055129705000070,51.849021213000071,1,05200903705000938824
05,5,70,008,2020,09,06,1,2,9,1,2,0,0,0,1,0,0,438918.243999999950000,5732650.244000000900000,8.115330690000064,51.741429924000045,0,05200906711312081007
05,5,66,008,2020,09,16,2,3,1,6,0,0,1,0,0,0,0,401319.183600000110000,5778798.400499999500000,7.557672429000036,52.150860290000026,0,05200907709110579197
05,5,54,012,2020,09,16,5,3,2,6,0,0,1,0,0,0,0,353260.637400000360000,5745420.928099999200000,6.869972514000040,51.840296787000057,1,05200903705000915730
05,5,13,000,2020,09,17,6,3,2,6,0,0,1,0,0,0,0,365384.858000000010000,5715703.307000000000000,7.057326598000032,51.576302662000046,0,05200904700200832204
05,5,12,000,2020,09,14,7,2,6,2,0,0,1,1,0,0,0,358263.346699999650000,5711124.546299999600000,6.956467801000031,51.533412769000051,0,05200905701400171208
05,5,58,016,2020,09,17,5,3,8,1,0,0,1,0,0,0,0,382419.607400000100000,5745212.390900000900000,7.293078970000067,51.845324330000039,1,05200903702330039723
05,5,62,004,2020,09,13,6,3,2,6,0,0,1,0,0,0,0,385491.580500000160000,5717182.553099999200000,7.346869111000046,51.594041254000047,0,05200904701800398204
05,5,15,000,2020,09,16,1,3,0,4,0,1,0,1,0,0,0,403713.901200000200000,5758610.998299999200000,7.598354286000074,51.969835387000046,0,05200906702100076712
05,5,54,004,2020,09,07,2,3,2,6,0,0,1,0,0,0,0,364512.048899999820000,5770090.206599999200000,7.023460210000053,52.064810840000064,0,05200907705000591822
05,5,15,000,2020,09,15,5,3,5,2,0,1,1,0,0,0,0,405180.044200000350000,5750136.800499999900000,7.622025772000029,51.893917488000056,1,05200903702100971205
05,5,62,028,2020,09,08,2,3,6,4,0,0,1,1,0,0,0,379484.994900000280000,5722449.405400000500000,7.258384076000027,51.640123596000080,0,05200907701920048785
05,5,62,036,2020,09,18,5,3,1,7,0,0,1,0,1,0,0,389925.795500000010000,5720324.420600000800000,7.409871254000052,51.623164565000081,0,05200903701930745200
05,5,70,040,2020,09,11,7,2,4,6,0,0,1,0,0,0,0,416301.930800000210000,5745658.483300000400000,7.784698903000049,51.855442660000051,1,05200905711231068279
05,5,66,084,2020,09,13,6,3,1,3,0,1,1,0,0,0,0,386828.911999999550000,5779141.426100000700000,7.345856516000026,52.151163772000075,0,05200904709300387329
05,5,12,000,2020,09,17,2,3,5,7,0,1,1,0,0,0,0,353812.568099999800000,5710895.933499999300000,6.892438221000020,51.530223683000031,0,05200907701400661207
05,5,70,028,2020,09,15,5,3,2,6,0,0,1,0,0,0,0,440886.354000000280000,5737946.327899999900000,8.142930822000039,51.789254462000031,1,05200903711411536320
05,5,70,008,2020,09,14,6,3,2,2,0,0,1,0,0,0,0,432575.788900000040000,5730991.540799999600000,8.023805654000057,51.725790816000028,1,05200904711312002622
05,5,62,004,2020,09,13,2,3,2,6,0,0,1,0,0,0,0,382906.054499999620000,5712805.479100000100000,7.311018811000054,51.554169941000055,0,05200907701800564202
05,5,66,048,2020,09,11,7,3,9,1,0,0,1,0,0,0,0,426687.806400000120000,5794587.663000000600000,7.924957446000065,52.296741403000055,1,05200905709700542411
05,5,62,004,2020,09,09,5,3,5,3,0,1,1,0,0,0,0,382722.144500000400000,5714212.701899999800000,7.307897859000036,51.566779450000070,0,05200903701800535205
05,5,66,048,2020,09,15,6,3,2,6,0,0,1,0,0,0,0,426643.832399999720000,5791405.752100000200000,7.925005185000032,52.268133525000053,0,05200904702350215187
05,5,12,000,2020,09,16,5,3,0,1,0,0,0,0,1,0,0,359569.450600000100000,5709952.877100000200000,6.975753396000073,51.523210456000072,1,05200903701400739205
05,5,66,004,2020,09,12,1,3,8,1,0,0,0,0,1,0,0,400065.481999999840000,5767354.894999999600000,7.542711007000037,52.047781882000038,0,05200906709110080991
05,5,70,020,2020,09,07,2,3,2,6,0,0,1,0,0,0,0,434924.557000000030000,5743001.475999999800000,8.055555262000041,51.834038599000053,0,05200907711421087326
05,5,13,000,2020,09,22,7,3,4,2,2,0,1,0,0,0,0,368458.839700000360000,5707838.634800000100000,7.104601147000039,51.506350664000081,0,05200905700100775758
05,5,62,024,2020,09,14,6,3,2,2,0,0,1,0,0,0,0,368586.369300000370000,5724441.290400000300000,7.100224236000031,51.655582954000067,0,05200904701500044200
05,5,54,056,2020,09,08,2,3,6,2,0,0,1,1,0,0,0,356882.143000000160000,5762804.855900000800000,6.915278209000064,51.997433798000031,0,05200907705000087378
05,5,62,032,2020,09,13,5,3,5,2,0,1,1,0,0,0,0,374882.807500000110000,5720839.372500000500000,7.192486203000044,51.624649191000060,1,05200903701110638204
05,5,58,024,2020,09,11,2,3,5,3,0,1,1,0,0,0,0,392214.678000000310000,5736465.305999999900000,7.437935271000072,51.768683382000063,0,05200907706300172172
05,5,13,000,2020,09,11,6,3,2,2,0,0,1,0,0,0,0,368507.347199999730000,5709856.885399999100000,7.104546775000074,51.524499529000082,1,05200904700100784205
05,5,62,008,2020,09,13,2,3,5,3,0,0,1,0,0,0,1,385059.713200000110000,5723616.431299999400000,7.338525992000029,51.651779452000028,0,05200907701910591208
05,5,70,036,2020,09,20,6,3,5,3,1,0,1,0,0,0,0,434881.337299999780000,5759422.964400000900000,8.051824265000050,51.981660636000072,0,05200904711121960674
05,5,62,024,2020,09,17,2,3,3,6,0,0,1,0,1,0,0,369525.908099999650000,5725032.565899999800000,7.113577998000039,51.661115378000034,0,05200907701500671208
05,5,13,000,2020,09,15,5,3,2,6,0,0,1,0,0,0,0,367571.896200000310000,5709299.008300000800000,7.091280042000051,51.519267478000074,1,05200903700100718204
05,5,54,052,2020,09,04,7,3,9,1,2,0,1,0,0,0,0,376737.682699999770000,5774102.626599999100000,7.200261402000024,52.103723390000027,0,05200905705000021108
05,5,70,004,2020,09,13,7,2,5,3,0,0,1,0,0,0,0,424885.479000000280000,5735160.623999999800000,7.911582502000044,51.762292195000043,1,05200905711213179152
05,5,66,012,2020,09,12,6,3,0,3,0,1,1,0,0,0,0,403288.396999999880000,5773275.402799999300000,7.588015192000057,52.101567808000027,0,05200904709100665868
05,5,13,000,2020,09,15,2,2,9,7,0,0,1,0,0,0,0,368142.785500000230000,5717099.089099999500000,7.096579050000059,51.589497903000051,0,05200907700200775467
05,5,58,012,2020,09,11,5,3,2,6,0,0,1,0,0,0,0,370050.082999999630000,5747137.852000000000000,7.112886165000020,51.859885241000029,1,05200903706200179103
05,5,66,076,2020,09,17,2,3,4,3,0,1,1,0,0,0,0,391506.010999999940000,5795043.193000000000000,7.409089171000062,52.295014163000076,0,05200907709500638473
05,5,62,032,2020,09,15,6,3,2,6,0,0,1,0,0,0,0,375848.627899999730000,5719391.146500000700000,7.206944749000058,51.611847697000030,0,05200904701110651306