ULAND,UREGBEZ,UKREIS,UGEMEINDE,UJAHR,UMONAT,USTUNDE,UWOCHENTAG,UKATEGORIE,UART,UTYP1,ULICHTVERH,IstRad,IstPKW,IstFuss,IstKrad,IstGkfz,IstSonstige,LINREFX,LINREFY,XGCSWGS84,YGCSWGS84,STRZUSTAND,UIDENTSTLAE
05,5,62,032,2020,09,13,6,3,2,1,0,0,1,0,0,0,0,374496.862200000320000,5716492.745500000200000,7.188469326000075,51.585499834000075,0,05200904702340205235
05,5,58,016,2020,09,10,1,2,5,3,0,1,1,0,0,0,0,387731.753999999720000,5747268.582000000400000,7.369493252000041,51.864897917000064,0,05200906706100527034
05,5,58,012,2020,09,12,2,3,0,7,0,1,0,0,0,0,0,374949.700899999590000,5755872.713999999700000,7.180829609000057,51.939501303000043,0,05200907706200579103
05,5,70,020,2020,09,11,6,2,1,6,0,0,1,0,0,0,0,428189.089999999850000,5742842.695000000300000,7.957852516000060,51.831785787000058,0,05200904711421278050
05,5,15,000,2020,09,14,2,3,5,2,0,1,1,0,0,0,0,406322.628999999720000,5756457.540999999300000,7.636905299000034,51.950924902000054,0,05200907702100670610
05,5,70,040,2020,09,05,7,2,9,1,2,0,1,0,0,0,0,418366.271800000220000,5745723.383500000500000,7.814650917000051,51.856331849000071,1,05200905711231768279
05,5,66,076,2020,09,07,6,3,0,2,0,0,1,0,1,0,0,393251.959999999960000,5793018.948999999100000,7.435321746000057,52.277163970000061,1,05200904709500738473
05,5,12,000,2020,09,18,2,3,2,2,0,0,1,0,0,0,0,355393.014299999920000,5716112.584799999400000,6.913062064000030,51.577505811000037,0,05200907701400682208
05,5,70,028,2020,09,14,5,3,2,6,0,0,1,0,0,0,0,440855.269399999640000,5738013.652300000200000,8.142468713000028,51.789856441000040,1,05200903711411987402
05,5,62,004,2020,09,14,2,3,5,3,0,0,1,0,0,1,0,385923.233699999750000,5712839.559900000700000,7.354508445000022,51.555094451000059,0,05200907701800629205
05,5,70,036,2020,09,09,7,1,5,1,0,0,1,0,0,0,1,437889.994800000450000,5758973.736300000900000,8.095707820000030,51.977966646000027,1,05200905711121481091
05,5,58,044,2020,09,18,6,2,4,6,0,0,1,0,0,0,0,396243.204199999570000,5748013.453299999200000,7.492835822000075,51.873240730000077,0,05200904706300538857
05,5,70,004,2020,09,06,1,3,9,1,1,0,1,0,0,0,0,425730.635999999940000,5729063.248999999800000,7.925127863000057,51.707590873000072,0,05200906711214777896
05,5,66,004,2020,09,03,2,3,7,7,2,0,0,0,1,0,0,393618.985700000080000,5767129.821499999600000,7.448811564000039,52.044559260000028,0,05200907709110472341
05,5,66,004,2020,09,18,4,3,5,2,0,1,1,0,0,0,0,394637.783400000070000,5768201.042999999600000,7.463331004000054,52.054381598000077,0,05200909709110174676
05,5,62,004,2020,09,06,4,3,0,1,0,0,0,0,1,0,0,383385.803000000310000,5718464.410299999600000,7.316056339000056,51.605130217000067,0,05200909701800060203
05,5,62,032,2020,09,11,4,3,5,2,0,1,1,0,0,0,0,375983.097000000070000,5715007.133999999600000,7.210435154000038,51.572477372000037,0,05200909701120172204
05,5,66,008,2020,09,19,3,3,2,6,1,1,0,0,0,0,0,398874.088800000030000,5781255.109500000300000,7.521215634000043,52.172498154000039,0,05200908709110038159
05,5,58,044,2020,09,06,3,3,4,6,1,0,0,0,0,1,0,396484.659199999650000,5749614.251000000200000,7.495861692000062,51.887673632000030,0,05200908706300156214
05,5,58,012,2020,09,14,3,3,5,2,0,1,1,0,0,0,0,374016.183100000020000,5757058.198400000100000,7.166822342000046,51.949944014000039,0,05200908706200972440
05,5,54,004,2020,09,11,3,3,1,5,0,0,1,0,0,0,0,364960.845999999900000,5773025.214299999200000,7.028841485000044,52.091292984000063,0,05200908705000576687
05,5,15,000,2020,09,13,3,3,2,6,0,0,1,0,0,0,0,404650.273699999790000,5760137.025200000000000,7.611556783000026,51.983713279000028,0,05200908702100110864
05,5,62,012,2020,09,11,3,3,2,2,0,0,1,0,0,0,0,359440.266400000080000,5724976.465199999500000,6.967875487000072,51.658179448000055,0,05200908701610869203
05,5,66,044,2020,09,14,4,1,4,6,0,0,1,0,1,0,0,427102.234899999570000,5774244.832399999700000,7.935413011000037,52.113933147000068,0,05200909709800681941
05,5,13,000,2020,09,07,3,2,2,6,0,0,1,0,0,0,0,363114.954599999820000,5711604.967199999800000,7.026185122000072,51.538927154000078,0,05200908700000071568
05,5,62,024,2020,09,16,4,3,5,2,0,0,1,0,0,0,0,369263.519299999810000,5724879.510800000300000,7.109843794000028,51.659678959000075,0,05200909701500265202
05,5,54,008,2020,09,08,4,2,4,6,0,0,1,0,0,0,1,335139.262299999590000,5741567.601299999300000,6.608995647000029,51.800625752000030,0,05200909705000986828
05,5,13,000,2020,09,21,4,3,3,2,2,0,1,0,0,0,0,369465.393000000160000,5707137.953600000600000,7.119355613000039,51.500287129000071,1,05200909700100243205
05,5,66,076,2020,09,18,4,3,0,1,1,0,0,0,1,0,0,393082.218000000340000,5793845.083000000600000,7.432572732000040,52.284555583000042,1,05200909709500536091
05,5,15,000,2020,09,10,4,3,5,3,0,1,0,0,0,0,0,404685.562500000000000,5759365.830900000400000,7.612284727000031,51.976787571000045,0,05200909702100501949
05,5,62,032,2020,09,14,4,3,2,6,0,0,1,0,0,0,0,376139.096300000320000,5716291.016799999400000,7.212232241000038,51.584050213000069,0,05200909701120573344
05,5,62,012,2020,09,18,4,2,5,3,1,1,1,0,0,0,0,359096.551199999640000,5735686.179300000900000,6.958581058000050,51.754327776000082,1,05200909701610291209
05,5,66,012,2020,09,10,4,2,0,6,0,0,1,0,1,0,0,404950.299399999900000,5768478.781199999200000,7.613607735000073,52.058742863000077,0,05200909709100476669
05,5,62,032,2020,09,22,4,2,0,1,2,0,0,0,1,0,0,378349.247700000180000,5718620.737099999600000,7.243308795000075,51.605469670000048,1,05200909701110308205
05,5,66,044,2020,09,06,4,3,8,1,0,0,1,0,0,0,0,423339.875699999740000,5776322.335300000400000,7.880011132000050,52.132099116000063,0,05200909709800174620
05,5,54,032,2020,09,16,4,2,2,1,0,1,0,0,0,0,0,323696.221499999990000,5746909.226600000600000,6.440488556000048,51.845115652000061,0,05200909705000217366
05,5,13,000,2020,09,17,4,3,5,3,0,1,1,0,0,0,0,367668.414300000300000,5716212.015300000100000,7.090069752000034,51.581414919000053,0,05200909700000071568
05,5,62,024,2020,09,07,4,3,5,3,0,1,1,0,0,0,0,368161.095099999570000,5724160.176999999200000,7.094185928000059,51.652957143000037,0,05200909701500078206
05,5,70,052,2020,09,22,7,2,7,5,2,0,1,0,1,0,0,424149.089700000360000,5757458.377399999600000,7.896018115000061,51.962638729000048,0,05200912711111179213
05,5,66,096,2020,09,15,7,3,0,3,0,0,1,0,1,0,0,383416.612700000410000,5789618.160299999600000,7.292399554000042,52.244604878000075,0,05200912709300587315
05,5,66,068,2020,09,13,7,3,0,1,0,1,0,0,0,0,0,376049.442099999640000,5786061.024599999200000,7.185853020000025,52.211030371000049,1,05200912709300442386
05,5,66,052,2020,09,10,7,2,2,2,0,0,1,0,0,0,1,377467.781800000000000,5776636.950099999100000,7.210003635000021,52.126660017000063,0,05200912709300287307
05,5,58,024,2020,09,09,7,3,5,2,0,1,1,0,0,0,0,391063.016499999910000,5739343.167199999100000,7.420348509000064,51.794326327000078,0,05200912706300976682
05,5,58,020,2020,09,13,7,2,5,3,0,1,1,0,0,0,0,390605.749800000340000,5758626.974099999300000,7.407607499000051,51.967553750000036,0,05200912706200085477
05,5,58,016,2020,09,17,7,2,0,3,0,1,0,0,0,0,0,381226.974000000390000,5742888.725999999800000,7.276571474000036,51.824188789000061,0,05200912706000486167
05,5,54,056,2020,09,11,7,3,5,2,0,0,1,0,1,0,0,357057.647800000380000,5762467.640100000400000,6.917973478000022,51.994449110000062,0,05200912705000921108
05,5,54,060,2020,09,12,7,2,5,3,0,0,1,0,0,0,0,349466.380300000310000,5756020.094799999100000,6.810314040000037,51.934515932000068,0,05200912705000038824
05,5,12,000,2020,09,09,7,3,8,1,0,0,1,0,0,0,0,357421.950000000190000,5718631.878900000800000,6.941299379000043,51.600660482000080,0,05200912702340901709
05,5,15,000,2020,09,22,7,3,0,1,2,0,0,0,0,0,1,404001.241999999620000,5753527.782199999300000,7.603955351000025,51.924195285000053,0,05200912702100007436
05,5,62,020,2020,09,11,7,2,0,1,0,1,0,0,0,0,0,368867.182900000360000,5720804.332399999700000,7.105644187000053,51.622964681000042,0,05200912701200941208
05,5,70,028,2020,09,07,6,3,5,3,0,1,1,0,0,0,0,439777.332200000060000,5741835.828400000900000,8.126177576000032,51.824103591000039,0,05200911711412036320
05,5,70,008,2020,09,13,6,3,5,3,0,1,1,0,0,0,0,433046.672399999570000,5733341.927300000600000,8.030169992000026,51.746977397000080,0,05200911711312548079
05,5,70,024,2020,09,20,6,2,3,2,2,1,1,0,0,0,0,420195.765300000090000,5750564.387099999900000,7.840090432000068,51.900113720000036,0,05200911711161253158
05,5,66,068,2020,09,13,6,3,1,6,0,0,1,0,0,0,0,378531.195899999700000,5784990.375000000000000,7.222541037000042,52.201961817000040,0,05200911709300725047
05,5,66,008,2020,09,12,6,3,5,2,0,1,1,0,0,0,0,399238.824599999930000,5780876.007799999800000,7.526659904000042,52.169157617000053,0,05200911709110172341
05,5,58,012,2020,09,14,6,3,5,2,0,1,1,0,0,0,0,374262.661899999720000,5754835.136199999600000,7.171219619000055,51.930022315000031,0,05200911706200574763
05,5,58,016,2020,09,09,6,2,5,2,0,0,1,0,0,0,0,388510.963999999690000,5747914.598999999500000,7.380596510000032,51.870860293000078,0,05200911706100836378
05,5,58,032,2020,09,16,6,2,5,3,0,1,1,0,0,0,0,389440.390999999830000,5752564.098999999500000,7.392600327000025,51.912833071000080,0,05200911706000107182
05,5,54,012,2020,09,19,6,3,8,1,1,0,1,0,0,0,0,352354.287999999710000,5753572.616900000700000,6.853339522000056,51.913299536000068,0,05200911705000371216
05,5,54,020,2020,09,14,6,3,5,2,0,1,1,0,0,0,0,365317.921000000090000,5786382.304300000900000,7.028754797000033,52.211398990000077,0,05200911705000320728
05,5,62,014,2020,09,14,6,2,2,7,0,0,1,0,0,1,0,360199.953099999580000,5713550.503300000000000,6.983406907000074,51.555695491000051,0,05200911702340387377
05,5,15,000,2020,09,15,6,3,2,6,0,0,1,0,0,1,1,401967.575899999590000,5747482.113199999600000,7.576109982000048,51.869500398000071,0,05200911702330487221
05,5,15,000,2020,09,13,6,3,9,6,0,0,1,0,0,0,0,400885.115100000050000,5753020.466600000900000,7.558800940000026,51.919089368000073,0,05200911702330476716
05,5,62,004,2020,09,13,6,3,2,2,0,0,1,0,0,0,0,383640.156100000250000,5709884.514900000800000,7.322568434000061,51.528068779000080,0,05200911701800670167
05,5,62,016,2020,09,07,6,3,5,3,0,0,1,0,1,0,0,372996.679399999790000,5733316.181299999400000,7.160714404000032,51.736353565000059,0,05200911701700685202
05,5,62,012,2020,09,13,6,2,4,6,0,1,0,0,0,0,1,358841.141599999740000,5727378.966199999700000,6.958248938000054,51.679617594000035,0,05200911701610780209
05,5,12,000,2020,09,12,6,3,1,6,0,0,1,0,0,0,0,355504.675999999980000,5713227.378000000500000,6.915858484000069,51.551608926000029,0,05200911701400815202
05,5,13,000,2020,09,18,6,3,2,6,2,0,1,0,0,0,1,364029.407700000330000,5710080.916600000100000,7.039951229000053,51.525452428000051,0,05200911700200423207
05,5,12,000,2020,09,16,6,2,9,7,0,0,1,0,0,0,0,357070.493099999610000,5708138.210799999500000,6.940492607000067,51.506277198000078,0,05200911052300420207
05,5,70,004,2020,09,18,5,3,2,6,0,0,1,0,0,0,0,423937.369699999690000,5736693.990199999900000,7.897511211000051,51.775948626000059,0,05200910711211953661
05,5,70,012,2020,09,18,5,3,5,3,0,1,1,0,0,0,0,440496.713999999690000,5753039.678999999500000,8.134683113000051,51.924904714000036,0,05200910711131687231
05,5,70,052,2020,09,18,5,3,5,2,0,1,0,0,1,0,0,430384.143000000160000,5757074.398399999400000,7.986828811000066,51.960002650000035,0,05200910711111287228
05,5,66,032,2020,09,15,5,3,2,6,0,0,1,0,0,0,0,414838.468899999750000,5777720.372600000400000,7.755487216000063,52.143420783000067,0,05200910709800711994
05,5,66,028,2020,09,16,5,3,2,1,0,0,1,0,1,0,0,411110.759899999950000,5794820.357699999600000,7.696534300000053,52.296533301000068,0,05200910709700581017
05,5,66,084,2020,09,15,5,3,0,1,0,0,1,0,0,0,0,386726.511800000440000,5780740.751000000200000,7.343826962000037,52.165515842000048,0,05200910709300992705
05,5,66,012,2020,09,11,5,2,0,7,0,1,0,0,0,0,0,400740.328999999910000,5776431.426999999200000,7.549905960000046,52.129482521000057,0,05200910709100179150
05,5,58,028,2020,09,07,5,3,5,3,0,1,1,0,0,0,0,399532.671600000000000,5730213.345400000000000,7.545757652000020,51.713849088000075,0,05200910706300974760
05,5,58,036,2020,09,13,5,3,2,6,0,0,1,0,0,0,1,386691.383899999780000,5727044.550899999200000,7.360989730000028,51.682921910000061,0,05200910706300836457
05,5,58,028,2020,09,11,5,2,5,3,0,1,1,0,0,0,0,399857.974999999630000,5729437.634999999800000,7.550687616000062,51.706934768000053,0,05200910706300776682
05,5,58,036,2020,09,17,5,2,8,1,0,0,0,0,1,0,0,389910.992999999780000,5725466.643999999400000,7.408039192000047,51.669380138000065,0,05200910706300023116
05,5,58,012,2020,09,07,5,3,5,3,0,1,1,0,0,0,0,374073.332899999800000,5755545.912100000300000,7.168207300000063,51.936366876000079,0,05200910706200687452
05,5,58,008,2020,09,19,5,2,0,1,0,1,0,0,0,0,0,382242.688199999740000,5762389.302400000400000,7.284636298000066,51.999656949000041,0,05200910706200536604
05,5,58,008,2020,09,08,5,3,5,3,0,1,1,0,0,0,0,382630.638700000010000,5760248.940600000300000,7.291017421000049,51.980503726000052,0,05200910706100485477
05,5,54,028,2020,09,09,5,2,5,2,0,0,0,0,0,1,1,354967.752899999730000,5744730.808499999300000,6.895023656000035,51.834541932000036,0,05200910705000291759
05,5,54,012,2020,09,16,5,2,0,1,0,1,0,0,0,0,0,353735.254200000320000,5747274.529500000200000,6.876072681000039,51.857075925000061,0,05200910705000220970
05,5,15,000,2020,09,17,5,3,8,1,0,0,0,0,1,0,0,398940.190999999640000,5752224.135999999900000,7.530764025000053,51.911582255000042,0,05200910702330076716
05,5,15,000,2020,09,20,5,3,2,6,2,0,1,0,0,0,0,403061.764000000430000,5760221.779799999700000,7.588409138000031,51.984200161000047,0,05200910702100639713
05,5,62,004,2020,09,16,5,3,5,7,0,0,1,0,1,0,0,383306.041799999770000,5711434.741900000700000,7.317240282000057,51.541932949000056,0,05200910701800557205
05,5,62,014,2020,09,17,5,3,2,6,0,0,1,0,0,0,0,359564.741200000050000,5715900.876399999500000,6.973311060000071,51.576658169000041,0,05200910701300694201
05,5,62,032,2020,09,18,5,3,6,4,0,1,0,1,0,0,0,375887.448400000110000,5714216.628300000000000,7.209334882000064,51.565351871000075,0,05200910701120578206
05,5,62,032,2020,09,09,5,2,8,1,0,0,1,0,0,0,0,372353.838299999940000,5722320.051999999200000,7.155431661000023,51.637387893000039,0,05200910701110421206
05,5,13,000,2020,09,13,5,3,2,6,0,0,1,0,0,0,0,367689.956500000320000,5713777.256699999800000,7.091297328000053,51.559539719000043,0,05200910700200077491
05,5,13,000,2020,09,11,5,2,2,6,0,0,1,0,1,0,0,366904.587199999950000,5705607.754499999800000,7.083060507000027,51.485938508000061,0,05200910700100474766
05,5,70,048,2020,09,11,2,3,5,3,0,1,1,0,0,0,0,445095.400000000370000,5734310.411299999800000,8.204524720000052,51.756994942000063,0,05200914711321087401
05,5,70,044,2020,09,20,2,2,6,4,2,0,1,1,0,0,0,417244.067999999970000,5760278.379400000000000,7.794861102000027,51.987002790000076,0,05200914711142281965
05,5,70,052,2020,09,12,2,3,9,2,0,0,1,0,0,0,0,428756.259100000370000,5758370.964400000900000,7.962872140000059,51.971451967000064,0,05200914711111204297
05,5,66,028,2020,09,06,2,3,5,3,1,1,1,0,0,0,0,412583.724600000310000,5793603.173800000900000,7.718443651000030,52.285829300000046,0,05200914709700648420
05,5,66,016,2020,09,16,2,3,1,5,0,0,1,0,0,0,1,406151.960300000380000,5790990.454099999700000,7.624906963000058,52.261285621000070,0,05200914709500872366
05,5,66,076,2020,09,20,2,3,5,2,2,0,0,0,1,0,0,393659.199300000440000,5794100.107799999400000,7.440947476000076,52.286959482000043,0,05200914709500074704
05,5,58,036,2020,09,21,2,3,5,2,2,0,1,0,1,0,0,389832.596800000410000,5731211.719599999500000,7.405091551000055,51.721001190000038,0,05200914706300309883
05,5,58,024,2020,09,13,2,3,4,6,0,1,0,0,0,0,0,392323.656100000250000,5736416.573000000800000,7.439529097000047,51.768266342000061,0,05200914706300281019
05,5,54,008,2020,09,13,2,3,5,2,0,1,0,0,0,0,1,334507.094700000250000,5745939.870899999500000,6.597746714000039,51.839716596000073,0,05200914705000170578
05,5,62,032,2020,09,07,2,3,3,6,0,0,1,0,0,1,0,375009.287200000140000,5716342.242799999200000,7.195915372000059,51.584261138000045,0,05200914702340587398
05,5,62,032,2020,09,08,2,2,2,1,0,0,1,0,0,1,1,380090.378100000320000,5717716.707499999600000,7.268748129000073,51.597718191000070,0,05200914702340408416
05,5,15,000,2020,09,14,2,3,5,3,0,1,0,0,0,0,0,408455.570199999960000,5756500.122600000400000,7.667921106000051,51.951662810000073,0,05200914702100538209
05,5,15,000,2020,09,07,2,3,1,6,0,0,1,0,0,0,0,405493.568199999630000,5754885.519400000600000,7.625277520000054,51.936654604000069,0,05200914702100166481
05,5,62,004,2020,09,16,2,2,0,6,0,1,0,0,0,0,1,383943.763799999840000,5711817.313200000700000,7.326306005000049,51.545502930000055,0,05200914701800458205
05,5,62,004,2020,09,14,2,3,2,6,0,0,1,0,0,0,0,383110.458700000310000,5713139.038899999100000,7.313854917000072,51.557210281000039,0,05200914701800422208
05,5,62,004,2020,09,16,2,3,2,6,0,0,1,0,0,0,0,382570.439000000250000,5711856.244599999900000,7.306496994000042,51.545568727000045,0,05200914701800223206
05,5,62,004,2020,09,05,2,2,5,2,2,0,1,0,0,0,0,383208.587000000290000,5714099.277000000700000,7.314950744000043,51.565860979000036,0,05200914701800189201
05,5,62,012,2020,09,16,2,3,5,2,0,1,1,0,0,0,0,359425.142300000410000,5724983.814600000200000,6.967654025000059,51.658241706000069,0,05200914701610420200
05,5,62,012,2020,09,13,2,3,5,3,0,1,1,0,0,0,0,359103.409799999560000,5725060.384600000500000,6.962974915000075,51.658849192000048,0,05200914701610362200
05,5,62,014,2020,09,09,2,3,5,3,0,0,1,0,0,0,0,361493.828400000000000,5713405.266499999900000,7.002115781000043,51.554709527000057,0,05200914701300471478
05,5,62,020,2020,09,15,2,3,5,2,0,1,1,0,0,0,0,368324.159199999650000,5718236.742900000900000,7.098768769000060,51.599763991000032,0,05200914701200424206
05,5,62,032,2020,09,16,2,3,3,2,0,1,1,0,0,0,0,376598.415099999870000,5718249.772399999200000,7.218169601000056,51.601754774000028,0,05200914701110433208
05,5,62,004,2020,09,11,2,3,3,6,0,0,0,0,0,1,1,386879.000199999660000,5716045.170299999400000,7.367256739000027,51.584098844000039,0,05200914301911271307
05,5,70,028,2020,09,10,1,2,5,2,0,1,1,0,0,0,0,440849.121000000280000,5745079.874500000800000,8.141172441000038,51.853382704000069,0,05200913711413036320
05,5,66,028,2020,09,02,1,3,5,2,2,1,1,0,0,0,0,410901.383000000380000,5789240.808000000200000,7.694938689000026,52.246349243000054,0,05200913709000706669
05,5,58,032,2020,09,19,1,3,8,1,1,1,0,0,0,0,0,381973.312599999830000,5753264.620999999300000,7.283849134000036,51.917596443000036,0,05200913706100568328
05,5,62,004,2020,09,13,1,2,8,1,0,0,0,0,1,0,0,382901.674999999810000,5713539.780999999500000,7.310711124000022,51.560768738000036,0,05200913702340870441
05,5,62,032,2020,09,21,1,3,0,1,2,0,1,0,0,0,0,374399.377000000330000,5717428.309000000400000,7.186728157000061,51.593886102000056,0,05200913702340681139
05,5,62,016,2020,09,19,1,3,3,2,1,0,0,0,1,0,1,375348.881000000050000,5742709.550000000700000,7.191388047000032,51.821298161000072,0,05200913701700981081
05,5,62,016,2020,09,14,1,3,0,1,0,1,0,0,0,0,0,374814.239799999630000,5731939.068399999300000,7.187517558000025,51.724386530000061,0,05200913701700126208
05,5,62,016,2020,09,16,1,3,2,6,0,0,1,0,0,0,0,376449.235999999570000,5738068.966199999700000,7.208998761000032,51.779838239000071,0,05200913701700057635
05,5,12,000,2020,09,15,1,3,5,3,0,1,1,0,0,0,0,356951.229799999860000,5721756.531199999200000,6.933231996000075,51.628618314000050,0,05200913701400857383
05,5,70,008,2020,09,07,6,2,2,7,0,0,1,0,0,0,1,434137.498999999840000,5737254.838800000000000,8.045226574000026,51.782284054000058,0,05200918301911185587
05,5,70,016,2020,09,16,5,3,1,6,0,0,1,0,0,0,0,410876.427199999800000,5740168.537200000100000,7.707355008000036,51.805253888000038,0,05200917711221776743
05,5,70,024,2020,09,22,5,3,8,1,2,0,1,0,0,0,0,419523.874400000090000,5749726.715399999200000,7.830522598000073,51.892487048000078,0,05200917711161079151
05,5,70,044,2020,09,18,5,3,5,3,0,1,0,0,0,0,0,411086.407399999910000,5759232.681500000900000,7.705484664000039,51.976651822000065,0,05200917711141072261
05,5,66,028,2020,09,14,5,3,3,7,0,0,1,0,0,0,0,411076.489400000310000,5794868.909600000800000,7.696019082000021,52.296964147000040,0,05200917709700576770
05,5,66,020,2020,09,15,5,2,0,7,0,0,0,1,1,0,0,406609.958300000060000,5812817.131899999500000,7.625541281000039,52.457538041000078,0,05200917709700087281
05,5,66,076,2020,09,15,5,3,5,2,0,1,1,0,0,0,0,393517.484000000170000,5792899.438999999300000,7.439249881000023,52.276141405000033,0,05200917709500802746
05,5,66,012,2020,09,20,5,3,2,3,2,0,1,0,0,0,0,404800.520999999720000,5774589.017000000900000,7.609717831000069,52.113637049000033,0,05200917709110547851
05,5,58,044,2020,09,13,5,3,5,3,0,1,1,0,0,0,0,396209.999099999670000,5746915.203199999400000,7.492683744000033,51.863363429000060,0,05200917706000276677
05,5,15,000,2020,09,07,5,2,5,3,0,0,1,0,0,0,0,404703.076799999920000,5761078.218800000800000,7.612063893000027,51.992182105000040,0,05200917702100074594
05,5,62,012,2020,09,18,5,2,1,5,0,0,1,0,0,0,0,358986.396999999880000,5724436.106300000100000,6.961536127000045,51.653210213000079,0,05200917701610276208
05,5,62,012,2020,09,15,5,3,5,2,0,1,1,0,0,0,0,360027.780399999580000,5726289.173699999200000,6.975837899000055,51.670121877000042,0,05200917701610225204
05,5,62,012,2020,09,15,5,2,5,2,0,1,1,0,0,0,0,358851.920500000010000,5727360.201600000300000,6.958412326000030,51.679451689000075,0,05200917701610221208
05,5,62,024,2020,09,15,5,3,5,3,0,0,1,0,0,0,0,366924.858400000260000,5723252.829800000400000,7.076671356000077,51.644512058000032,0,05200917701500092258
05,5,12,000,2020,09,18,5,2,5,2,0,1,1,0,0,0,0,356697.735600000250000,5708396.603700000800000,6.935020198000075,51.508504685000048,0,05200917701400851234
05,5,13,000,2020,09,05,5,3,6,4,2,0,1,1,0,0,0,365319.687800000420000,5715100.389299999900000,7.056617834000065,51.570869013000049,0,05200917700200118208
05,5,13,000,2020,09,09,5,3,5,3,0,1,1,0,0,0,0,367206.669999999930000,5710198.826099999200000,7.085679948000063,51.527268099000082,0,05200917700100864208
05,5,70,004,2020,09,17,4,3,1,5,0,0,1,0,0,0,0,425912.924100000410000,5735791.355100000300000,7.926332940000066,51.768099192000079,0,05200916711213179152
05,5,66,028,2020,09,20,4,3,6,7,2,0,1,1,0,0,0,414576.716099999850000,5793344.590299999300000,7.747719557000039,52.283818463000046,0,05200916709700881017
05,5,66,008,2020,09,17,4,3,5,2,0,1,1,0,0,0,0,399634.432199999690000,5781934.856200000300000,7.532129196000028,52.178746359000058,0,05200916709110874197
05,5,66,008,2020,09,15,4,3,5,3,0,1,1,0,0,0,0,398274.235999999570000,5781370.216000000000000,7.512412545000075,52.173422435000077,0,05200916709100942513
05,5,66,012,2020,09,15,4,3,1,7,0,0,1,0,1,0,0,403794.002799999900000,5772341.512299999600000,7.595658271000048,52.093262061000075,0,05200916709100006884
05,5,58,012,2020,09,14,4,3,5,2,0,1,1,0,0,0,0,374580.350499999710000,5756401.640300000100000,7.175266509000039,51.944171364000056,0,05200916706200074763
05,5,58,016,2020,09,21,4,3,4,2,2,0,1,0,0,0,0,380546.010999999940000,5744602.986999999700000,7.266103682000050,51.839449850000051,0,05200916706100205114
05,5,58,016,2020,09,12,4,3,9,1,0,0,0,0,1,0,0,389571.999900000170000,5745270.229699999100000,7.396846878000076,51.847304692000080,0,05200916706000525215
05,5,54,004,2020,09,17,4,3,5,3,0,1,1,0,0,0,0,362683.621000000280000,5771098.500000000000000,6.996398456000065,52.073420509000073,0,05200916705000381092
05,5,54,004,2020,09,05,4,2,5,3,2,1,1,0,0,0,0,364466.719999999740000,5772571.592000000200000,7.021813725000072,52.087096194000026,0,05200916705000087239
05,5,62,032,2020,09,09,4,3,2,6,0,0,0,0,0,1,0,379414.694600000050000,5717608.742200000200000,7.259034576000033,51.596603615000049,0,05200916702340708416
05,5,62,032,2020,09,16,4,2,2,6,0,0,1,0,0,0,0,374911.525299999860000,5713281.909000000000000,7.195594588000063,51.556735757000069,0,05200916702340254150
05,5,15,000,2020,09,15,4,3,5,2,0,1,1,0,0,0,0,405588.700000000190000,5754352.823599999800000,7.626807104000022,51.931882630000075,0,05200916702100825207
05,5,15,000,2020,09,23,4,3,2,6,2,0,1,0,0,0,0,403901.862599999640000,5754801.887000000100000,7.602154781000024,51.935630288000027,0,05200916702100449932
05,5,62,004,2020,09,07,4,2,3,6,0,0,1,0,0,0,0,382959.586199999790000,5712670.425000000700000,7.311835545000065,51.552967218000049,0,05200916701800817200
05,5,62,014,2020,09,07,4,2,6,7,0,0,1,1,0,0,0,362342.254099999550000,5712373.835500000000000,7.014749600000073,51.545648495000080,0,05200916701300833206
05,5,62,032,2020,09,15,4,3,5,3,0,1,0,0,0,0,0,375130.988300000320000,5719970.687899999300000,7.196379271000069,51.616897377000043,0,05200916701110997200
05,5,13,000,2020,09,08,4,3,5,3,0,1,1,0,0,0,0,368291.457600000310000,5716295.263900000600000,7.099025515000051,51.582308987000033,0,05200916700200755832
05,5,13,000,2020,09,13,4,3,2,6,0,0,1,0,0,0,0,368105.701700000090000,5708796.098200000800000,7.099157554000044,51.514872848000039,0,05200916700100818209
05,5,13,000,2020,09,14,4,3,2,6,0,0,1,0,0,0,0,365621.524000000210000,5709902.749700000500000,7.062955735000060,51.524232413000050,0,05200916700100275283
05,5,70,048,2020,09,08,3,3,9,1,0,0,1,0,0,0,0,450358.534599999900000,5727159.937799999500000,8.281791318000046,51.693198644000063,0,05200915711322865825
05,5,70,040,2020,09,16,3,3,5,3,0,1,1,0,0,0,0,419071.326999999580000,5744310.141000000800000,7.825217072000044,51.843730484000048,0,05200915711231081979
05,5,70,044,2020,09,11,3,3,5,3,0,1,1,0,0,0,0,417671.090599999760000,5760112.506899999500000,7.801117990000023,51.985575217000076,0,05200915711142069095
05,5,66,040,2020,09,13,3,3,5,3,0,1,1,0,0,0,0,416899.004999999890000,5783800.585999999200000,7.784102360000077,52.198387673000070,0,05200915709800287280