ULAND,UREGBEZ,UKREIS,UGEMEINDE,UJAHR,UMONAT,USTUNDE,UWOCHENTAG,UKATEGORIE,UART,UTYP1,ULICHTVERH,IstRad,IstPKW,IstFuss,IstKrad,IstGkfz,IstSonstige,LINREFX,LINREFY,XGCSWGS84,YGCSWGS84,STRZUSTAND,UIDENTSTLAE
05,5,66,084,2020,09,17,3,2,4,1,0,0,1,0,1,0,1,392574.998999999840000,5777671.453999999900000,7.430272738000042,52.139100301000042,0,05200915709300181036
05,5,58,024,2020,09,14,3,3,5,3,0,0,1,0,0,0,0,392937.650999999610000,5733459.437000000800000,7.449334506000071,51.741805250000027,0,05200915706300981019
05,5,58,024,2020,09,15,3,3,1,6,0,0,1,0,0,1,0,392374.450000000190000,5736413.577800000100000,7.440265848000024,51.768249189000073,0,05200915706300376677
05,5,58,004,2020,09,20,3,2,8,7,2,0,1,0,0,0,0,408262.682500000110000,5740191.053200000900000,7.669450265000023,51.805033518000073,0,05200915706300272172
05,5,58,024,2020,09,12,3,3,0,1,0,0,0,0,1,0,0,382264.652099999600000,5738150.515900000900000,7.293230468000047,51.781824864000043,1,05200915706300151312
05,5,54,020,2020,09,17,3,1,5,3,0,1,1,0,0,0,0,366912.635999999940000,5785270.721000000800000,7.052517688000023,52.201798367000038,0,05200915705000618559
05,5,54,004,2020,09,07,3,3,5,3,0,0,1,0,0,0,0,360807.582899999800000,5773504.221400000200000,6.968061595000052,52.094567994000045,0,05200915705000091829
05,5,15,000,2020,09,16,3,3,5,3,0,1,1,0,0,0,0,403808.507000000220000,5760941.895899999900000,7.599077517000069,51.990802575000032,0,05200915702100744344
05,5,15,000,2020,09,15,3,3,0,7,0,0,1,0,0,0,1,403704.274299999700000,5754651.694599999100000,7.599323629000025,51.934246148000057,0,05200915702100570562
05,5,15,000,2020,09,20,3,2,1,1,2,0,1,0,0,0,1,401392.461199999790000,5759151.629699999500000,7.564416890000075,51.974287681000078,0,05200915702100072460
05,5,62,028,2020,09,16,3,2,0,1,0,1,0,0,0,0,0,380809.005400000140000,5723163.125900000300000,7.277265430000057,51.646820268000056,0,05200915701920736201
05,5,12,000,2020,09,12,3,3,2,2,0,0,1,0,1,0,0,355119.890700000340000,5709590.122999999700000,6.911809158000040,51.518826999000055,0,05200915701400639206
05,5,62,014,2020,09,08,3,2,2,6,0,1,1,0,0,0,0,360873.318699999710000,5715169.330099999900000,6.992472950000035,51.570408912000062,0,05200915701300580208
05,5,62,020,2020,09,08,3,3,5,3,0,0,1,0,0,0,0,371221.826000000350000,5720009.077999999700000,7.139932381000051,51.616361629000039,0,05200915701200573204
05,5,62,032,2020,09,12,3,3,5,3,0,1,0,0,0,0,1,376773.311499999840000,5714760.075200000800000,7.221918679000055,51.570430259000034,0,05200915701120743205
05,5,62,032,2020,09,13,3,3,5,2,0,1,1,0,0,0,0,373507.165900000370000,5719085.350400000800000,7.173256883000022,51.608578305000037,0,05200915701110690201
05,5,62,032,2020,09,19,3,3,5,3,1,1,1,0,0,0,0,380436.479000000280000,5718155.323000000800000,7.273593167000058,51.601733815000046,0,05200915701110085347
05,5,62,032,2020,09,18,3,3,5,3,0,0,1,0,0,0,0,374230.824000000020000,5721250.835999999200000,7.182924607000075,51.628201678000039,0,05200915701110029204
05,5,66,060,2020,09,01,1,3,5,3,2,0,1,0,0,0,0,389089.379599999640000,5788860.104900000600000,7.375700440000060,52.238964645000067,0,05200920709500269125
05,5,66,096,2020,09,14,1,3,5,3,0,1,1,0,0,0,0,384595.804999999700000,5785482.462999999500000,7.311074192000035,52.207687124000074,0,05200920709300868286
05,5,66,052,2020,09,15,1,3,2,6,0,1,0,0,1,0,0,377887.227400000210000,5779405.306600000700000,7.215133401000060,52.151630349000072,0,05200920709300781036
05,5,66,084,2020,09,16,1,2,5,2,0,0,1,0,1,0,0,384228.955199999730000,5777001.449999999300000,7.308601366000062,52.131393264000053,0,05200920709300180201
05,5,58,016,2020,09,16,1,3,8,1,0,0,0,0,0,0,1,386361.414699999620000,5746589.444399999500000,7.349823638000032,51.858516778000080,0,05200920706100979210
05,5,54,060,2020,09,08,1,3,0,2,0,1,1,0,0,0,0,350417.304499999620000,5755917.477700000600000,6.824180139000021,51.933850341000038,0,05200920705000778089
05,5,54,016,2020,09,13,1,3,2,6,0,0,1,0,0,0,0,361175.101900000130000,5759125.535299999600000,6.979257490000066,51.965463511000053,0,05200920705000591829
05,5,54,020,2020,09,03,1,3,0,1,2,1,0,0,0,0,0,366249.019999999550000,5783933.271900000100000,7.043340987000022,52.189620227000034,0,05200920705000582575
05,5,54,020,2020,09,15,1,3,0,5,0,1,1,0,0,0,0,365240.006699999790000,5785833.589700000400000,7.027833555000029,52.206449573000043,0,05200920705000365794
05,5,62,004,2020,09,06,1,3,2,6,1,0,1,0,0,0,0,382642.675200000410000,5713525.409199999600000,7.306981282000038,51.560585735000075,0,05200920702340387301
05,5,62,012,2020,09,18,1,3,5,2,0,1,1,0,0,0,0,359024.362200000320000,5735672.055600000500000,6.957541622000065,51.754182703000026,0,05200920701610841202
05,5,62,020,2020,09,21,1,3,2,2,2,0,1,0,0,0,0,371254.684799999930000,5717795.514100000300000,7.141219508000063,51.596476233000033,0,05200920701200882205
05,5,70,008,2020,09,01,1,3,8,6,2,0,1,0,0,0,0,432526.994400000200000,5736667.021099999500000,8.021997843000065,51.776807690000055,0,05200920031100933202
05,5,70,028,2020,09,17,7,3,9,1,0,0,1,0,0,0,0,441560.290300000460000,5740336.146700000400000,8.152297996000073,51.810810418000074,0,05200919711411487402
05,5,66,028,2020,09,14,7,3,5,3,0,1,1,0,0,0,0,417071.993999999950000,5792889.765000000600000,7.784402431000046,52.280112445000043,0,05200919709700511895
05,5,66,076,2020,09,15,7,3,5,3,0,1,1,0,0,0,0,393728.057500000110000,5788811.295600000800000,7.443622032000064,52.239441022000051,0,05200919709500516765
05,5,66,036,2020,09,10,7,3,8,1,0,0,0,0,1,0,0,386891.663300000130000,5770450.118300000200000,7.349660606000043,52.073067436000031,0,05200919709300787315
05,5,66,084,2020,09,15,7,3,1,5,0,1,1,0,0,0,0,385914.495000000110000,5779382.316999999800000,7.332416316000035,52.153140488000076,0,05200919709110979197
05,5,66,064,2020,09,22,7,2,3,1,2,1,0,0,0,0,0,396074.854100000110000,5771856.619999999200000,7.483168999000043,52.087508196000044,0,05200919709100057478
05,5,54,060,2020,09,16,7,3,0,7,0,1,0,0,0,0,0,349444.012199999760000,5756026.785900000500000,6.809985999000048,51.934569998000029,0,05200919705000191759
05,5,54,024,2020,09,03,7,3,9,1,2,0,1,0,0,0,0,370980.054399999790000,5778119.735700000100000,7.114720094000063,52.138507902000072,0,05200919705000174694
05,5,15,000,2020,09,01,7,3,9,1,2,1,0,0,0,0,0,401179.356900000010000,5763702.893300000600000,7.560003458000040,52.015157163000026,0,05200919702100570511
05,5,15,000,2020,09,21,7,3,0,1,2,1,0,0,0,0,0,405806.599299999890000,5760284.051799999500000,7.628349094000043,51.985232077000035,0,05200919702100464164
05,5,15,000,2020,09,17,7,3,5,3,0,1,1,0,0,0,0,404113.358799999580000,5759176.347799999600000,7.604009427000051,51.974985991000040,0,05200919702100065857
05,5,62,004,2020,09,15,7,3,5,3,0,1,1,0,0,0,0,382748.316300000060000,5714066.684100000200000,7.308324009000046,51.565472528000043,0,05200919701800669202
05,5,62,024,2020,09,16,7,2,1,6,0,0,1,0,0,0,0,369977.903900000270000,5727393.881799999600000,7.119230303000052,51.682440372000030,0,05200919701500689204
05,5,12,000,2020,09,14,7,3,2,6,0,0,1,0,1,0,0,355216.387299999590000,5715399.511399999300000,6.910808732000021,51.571053059000064,0,05200919701400664207
05,5,62,032,2020,09,10,7,3,2,6,0,0,1,0,0,0,0,374198.453200000340000,5715406.224300000800000,7.184553623000056,51.575668637000035,0,05200919701120632206
05,5,70,040,2020,09,05,6,3,2,6,1,0,1,0,0,0,0,417824.182300000450000,5744339.744200000500000,7.807110344000023,51.843814425000062,0,05200918711231002816
05,5,70,044,2020,09,15,6,3,2,6,0,0,1,0,0,1,0,421015.283699999560000,5757992.524000000200000,7.850293597000075,51.967003885000054,0,05200918711142587306
05,5,66,032,2020,09,21,6,2,4,6,2,0,1,0,0,0,0,419492.657100000420000,5775248.553799999900000,7.824070696000035,52.121899923000058,0,05200918709800781039
05,5,66,028,2020,09,13,6,3,9,1,0,1,1,0,0,0,0,413074.888799999840000,5792497.983300000400000,7.725927340000055,52.275973423000039,0,05200918709700069191
05,5,66,052,2020,09,07,6,3,4,6,0,0,1,0,0,0,0,377455.870600000020000,5776602.241900000700000,7.209842226000035,52.126345475000051,0,05200918709300576628
05,5,66,084,2020,09,12,6,2,5,3,0,1,1,0,0,0,0,385872.478400000370000,5778336.220499999800000,7.332153837000021,52.143730623000067,0,05200918709300387315
05,5,66,008,2020,09,09,6,3,5,3,0,1,1,0,0,0,0,398215.784400000240000,5780194.904999999300000,7.511910603000047,52.162848355000051,0,05200918709110306884
05,5,58,012,2020,09,20,6,3,9,1,2,0,1,0,0,0,0,369084.350200000220000,5752251.822499999800000,7.096930032000046,51.905614575000072,0,05200918706000881437
05,5,54,016,2020,09,08,6,3,5,2,0,1,1,0,0,0,0,362202.311999999920000,5758484.300000000700000,6.994456936000063,51.959957246000045,0,05200918705000851911
05,5,54,016,2020,09,15,6,3,8,5,0,0,1,0,1,0,0,362007.705400000330000,5758274.405899999700000,6.991710769000065,51.958022984000081,0,05200918705000321108
05,5,15,000,2020,09,16,6,3,2,2,0,0,1,0,0,0,0,403476.177600000050000,5749786.453500000800000,7.597370277000039,51.890475930000036,0,05200918702100866481
05,5,15,000,2020,09,07,6,3,5,2,0,1,0,0,0,0,0,403928.683000000190000,5758093.485999999600000,7.601624681000033,51.965220983000052,0,05200918702100853748
05,5,15,000,2020,09,10,6,3,0,7,0,1,0,1,0,0,0,406586.638199999930000,5757176.242399999900000,7.640550329000064,51.957429351000030,0,05200918702100570562
05,5,15,000,2020,09,18,6,2,6,4,0,0,1,1,0,0,0,399115.079099999740000,5757218.335100000700000,7.531841120000024,51.956502362000037,0,05200918702100092506
05,5,62,004,2020,09,17,6,3,0,7,0,1,0,0,0,0,0,383247.027999999930000,5711635.334000000700000,7.316323132000036,51.543723621000026,0,05200918701800553205
05,5,62,016,2020,09,14,6,3,0,7,0,0,0,0,1,0,0,374379.123999999840000,5734049.359999999400000,7.180459564000046,51.743254056000069,0,05200918701700510204
05,5,62,016,2020,09,13,6,3,8,7,0,0,1,0,0,0,0,382901.360899999740000,5732933.948100000600000,7.304213839000056,51.735075168000037,0,05200918701700498202
05,5,62,024,2020,09,14,6,3,3,2,0,0,1,0,1,0,0,371611.332000000400000,5729851.230000000400000,7.141940021000039,51.704899635000061,0,05200918701500581147
05,5,62,020,2020,09,20,6,3,2,6,1,0,1,0,0,0,0,369664.998700000350000,5719675.263599999200000,7.117582755000058,51.613003428000070,0,05200918701200605200
05,5,62,032,2020,09,09,6,2,5,3,0,1,1,0,0,0,0,376226.084300000220000,5715795.281700000200000,7.213661891000072,51.579614041000070,0,05200918701120441204
05,5,13,000,2020,09,14,6,3,1,6,0,0,1,0,1,0,0,365046.238699999640000,5717706.328299999200000,7.051672921000034,51.594221639000068,0,05200918700200031205
05,5,13,000,2020,09,12,6,3,5,3,0,1,1,0,0,0,0,365477.218500000420000,5714362.293700000300000,7.059172073000070,51.564273754000055,0,05200918700200018206
05,5,15,000,2020,09,19,4,2,9,1,2,0,1,0,0,0,0,401428.135300000200000,5751179.762099999900000,7.567220867000060,51.902640992000045,0,05200923702330310864
05,5,62,004,2020,09,14,4,3,2,6,0,0,1,0,0,0,0,383206.200100000020000,5713999.192900000100000,7.314949582000054,51.564960955000060,0,05200923701800715206
05,5,62,016,2020,09,18,4,3,3,6,1,1,0,0,0,0,1,369387.086099999960000,5735781.071699999300000,7.107544228000052,51.757674652000048,1,05200923701700751204
05,5,62,014,2020,09,18,4,3,5,2,0,1,1,0,0,0,0,361005.476700000460000,5715025.272700000600000,6.994435649000025,51.569146991000082,0,05200923701300987205
05,5,70,020,2020,09,16,3,3,6,2,0,0,1,1,0,0,0,432986.423999999650000,5742931.934000000400000,8.027444773000070,51.833184229000040,0,05200922711422082312
05,5,66,084,2020,09,05,3,3,5,3,2,0,1,0,0,0,0,386471.182000000030000,5778953.323999999100000,7.340693056000021,52.149399881000079,0,05200922709300287315
05,5,66,068,2020,09,12,3,3,2,6,0,0,1,0,0,0,0,375906.460900000300000,5785965.699400000300000,7.183796421000068,52.210141588000056,0,05200922709300160719
05,5,66,096,2020,09,19,3,1,4,6,2,0,1,0,1,0,0,383744.545099999760000,5788662.715700000500000,7.297529175000022,52.236088028000040,0,05200922709300055917
05,5,66,012,2020,09,17,3,3,5,1,0,0,1,0,0,0,0,406627.156999999660000,5772494.176999999200000,7.636959811000054,52.095119566000051,0,05200922709100502638
05,5,58,008,2020,09,16,3,2,5,2,0,0,1,0,1,0,0,378518.777200000360000,5758441.196399999800000,7.231815799000060,51.963374259000034,0,05200922706200679103
05,5,62,020,2020,09,21,3,3,2,6,2,0,1,0,0,0,0,371505.512900000440000,5715404.795299999400000,7.145713912000076,51.575048401000060,0,05200922702340987386
05,5,15,000,2020,09,17,3,3,0,6,0,1,0,0,0,0,0,408912.672199999910000,5753105.777200000400000,7.675469429000032,51.921227279000050,0,05200922702100872460
05,5,15,000,2020,09,17,3,3,2,6,0,1,0,0,0,0,0,410595.361399999820000,5760590.971500000000000,7.697983387000022,51.988782242000070,0,05200922702100773242
05,5,15,000,2020,09,09,3,3,0,2,0,0,1,1,0,0,0,407168.123800000180000,5757930.229000000300000,7.648806389000072,51.964303953000069,0,05200922702100270553
05,5,13,000,2020,09,16,3,3,1,6,0,0,1,0,0,0,0,365236.276899999940000,5709902.305199999400000,7.057406058000026,51.524136622000071,0,05200922700100968218
05,5,13,000,2020,09,14,3,3,5,2,0,1,1,0,0,0,0,368458.196000000460000,5707837.812000000800000,7.104592184000069,51.506343120000054,0,05200922700100294202
05,5,13,000,2020,09,14,3,3,3,6,0,0,1,0,1,0,0,363509.952200000170000,5716362.971100000700000,7.030029961000025,51.581779751000056,0,05200922700000186650
05,5,70,048,2020,09,12,4,3,0,7,0,1,0,0,0,0,0,448268.730100000280000,5728804.928400000600000,8.251314872000023,51.707799468000076,0,05200923711322276733
05,5,70,004,2020,09,17,4,3,2,6,0,0,1,0,0,0,0,422663.237999999900000,5734235.712999999500000,7.879594354000062,51.753675086000044,0,05200923711215679615
05,5,66,016,2020,09,18,4,2,0,1,0,0,0,0,1,0,0,404324.730299999940000,5795384.388299999800000,7.596895406000044,52.300462772000060,1,05200923709500062050
05,5,66,004,2020,09,18,4,3,9,1,0,0,1,0,0,0,1,394764.176500000060000,5767216.805800000200000,7.465476801000023,52.045559632000050,1,05200923709100772341
05,5,66,032,2020,09,05,4,3,4,1,2,0,1,0,1,0,0,411814.504999999890000,5774645.827400000800000,7.712105398000063,52.115310782000051,0,05200923709100512517
05,5,66,040,2020,09,18,2,3,2,6,0,0,1,0,0,0,0,420833.099999999630000,5781402.881999999300000,7.842211286000065,52.177414121000027,0,05200921709800424005
05,5,66,048,2020,09,18,2,3,5,3,0,0,1,0,1,0,0,424764.531299999920000,5792366.820599999300000,7.897256131000063,52.276518540000041,0,05200921709700012064
05,5,66,076,2020,09,17,2,3,5,3,0,1,1,0,0,0,0,391438.716400000270000,5789477.767000000900000,7.409893804000035,52.244983968000042,0,05200921709500579157
05,5,66,084,2020,09,11,2,3,5,3,0,1,1,0,0,0,0,390802.315999999640000,5773864.014000000400000,7.405602347000070,52.104534222000041,0,05200921709300381036
05,5,66,068,2020,09,16,2,3,5,3,0,0,1,0,0,0,0,374442.362999999900000,5784093.989000000100000,7.163073926000038,52.192990726000062,0,05200921709300287285
05,5,66,068,2020,09,15,2,3,4,2,0,0,1,0,0,0,0,378430.696000000460000,5783711.845000000700000,7.221529931000021,52.190450381000062,0,05200921709000055917
05,5,58,012,2020,09,14,2,2,2,6,0,0,1,0,1,0,0,373211.867999999780000,5754867.240000000200000,7.155933089000030,51.930072460000076,0,05200921706000903200
05,5,58,040,2020,09,13,2,1,4,1,0,0,1,0,0,1,0,374484.748499999750000,5764326.034299999500000,7.170977564000054,52.015361671000051,0,05200921706000879103
05,5,58,016,2020,09,19,2,3,1,2,0,0,1,0,0,0,0,382327.012099999930000,5743279.149199999900000,7.292392928000027,51.827930370000047,0,05200921706000874646
05,5,54,052,2020,09,16,2,3,2,6,0,0,1,0,1,0,0,378957.154000000100000,5772451.903699999700000,7.233237118000034,52.089379220000069,0,05200921705000691822
05,5,54,008,2020,09,09,2,3,5,3,0,0,1,0,0,0,0,331375.686900000090000,5748603.989099999900000,6.551036987000032,51.862711624000042,0,05200921705000387244
05,5,54,012,2020,09,17,2,2,2,6,0,0,1,0,0,0,0,343760.374499999920000,5744551.266200000400000,6.732575043000054,51.829906622000067,0,05200921705000374716
05,5,15,000,2020,09,21,2,3,0,7,2,1,0,0,0,0,1,405671.851499999870000,5755636.220300000200000,7.627664171000049,51.943432506000079,0,05200921702100985205
05,5,15,000,2020,09,15,2,3,2,6,0,0,1,0,0,0,0,402834.608300000430000,5753949.345400000000000,7.586876319000055,51.927782045000072,0,05200921702100679108
05,5,15,000,2020,09,12,2,3,5,3,0,1,1,0,0,0,0,404889.136300000360000,5762150.534700000700000,7.614475313000071,52.001852331000066,0,05200921702100066481
05,5,62,028,2020,09,22,2,3,5,3,2,0,1,0,0,0,0,378225.491999999620000,5723046.870999999300000,7.239983702000075,51.645221880000065,0,05200921701920309483
05,5,62,004,2020,09,08,2,3,2,6,0,0,1,0,0,0,0,384576.250500000080000,5716542.029999999300000,7.333871374000069,51.588097571000048,0,05200921701800958208
05,5,62,012,2020,09,14,2,2,5,3,0,1,1,0,0,0,0,359479.141900000160000,5726332.468000000300000,6.967891896000026,51.670373960000063,0,05200921701610087645
05,5,12,000,2020,09,16,2,3,5,2,0,0,1,0,1,0,0,357828.830199999730000,5711749.326899999800000,6.949955032000048,51.538917742000081,0,05200921701400142200
05,5,62,032,2020,09,14,2,3,5,2,0,1,1,0,0,0,0,376074.566300000060000,5714678.776799999200000,7.211870182000041,51.569546462000062,0,05200921701120128202
05,5,13,000,2020,09,14,2,2,4,2,0,0,1,0,0,0,0,367014.743400000040000,5705819.176300000400000,7.084566470000027,51.487864411000032,0,05200921700100223206
05,5,13,000,2020,09,16,2,3,3,5,0,1,1,0,0,0,0,364739.867899999950000,5718792.585500000000000,7.046833755000023,51.603909647000080,0,05200921700000367100
05,5,58,036,2020,09,16,4,3,5,3,0,1,1,0,0,0,0,387427.884700000290000,5729085.398600000900000,7.370980060000022,51.701412759000050,0,05200923706300972172
05,5,54,012,2020,09,14,4,3,2,5,0,1,0,0,0,0,0,347356.012799999680000,5753085.581599999200000,6.780941960000064,51.907576535000032,0,05200923705000291759
05,5,58,020,2020,09,15,2,3,2,6,0,0,1,0,0,0,0,389715.684100000190000,5761035.710400000200000,7.393882612000027,51.989026292000062,1,05200928706200374763
05,5,58,032,2020,09,11,2,2,5,3,0,0,1,0,1,0,0,391474.146599999630000,5750780.212200000900000,7.422718194000026,51.897200045000034,0,05200928706100572192
05,5,54,044,2020,09,08,2,3,8,1,0,0,0,0,0,1,0,367749.684299999850000,5746810.208000000600000,7.079625586000020,51.856400563000079,1,05200928705000820771
05,5,54,004,2020,09,18,2,3,5,3,1,1,0,0,0,0,0,364350.995199999770000,5772465.815800000000000,7.020167824000055,52.086117399000045,1,05200928705000521108
05,5,54,020,2020,09,11,2,2,9,1,0,0,1,0,0,0,0,367263.352400000210000,5783853.533299999300000,7.058201735000068,52.189148802000034,1,05200928705000310850
05,5,15,000,2020,09,07,2,3,5,3,0,1,1,0,0,0,0,404389.881400000300000,5754931.915200000600000,7.609215103000054,51.936883094000052,0,05200928702100275203
05,5,66,016,2020,09,06,1,3,8,4,2,0,1,1,0,0,0,404196.640999999830000,5794557.891000000800000,7.595252642000048,52.293012055000077,1,05200927709500800952
05,5,66,040,2020,09,13,1,3,0,6,0,1,1,0,0,0,0,414116.472000000070000,5781805.619000000900000,7.743905490000032,52.180029437000030,0,05200927709110870536
05,5,62,016,2020,09,13,2,3,2,6,0,0,1,0,0,0,0,374007.425599999730000,5733772.046099999900000,7.175179116000038,51.740678444000082,1,05200928701700913205
05,5,58,044,2020,09,08,1,3,0,1,0,0,0,0,1,0,0,396231.097299999560000,5746939.146800000200000,7.492982841000071,51.863582560000054,1,05200927706300476677
05,5,15,000,2020,09,14,1,2,5,3,0,1,1,0,0,0,0,400962.893400000410000,5762199.742499999700000,7.557284881000044,52.001608115000067,0,05200927702100464164
05,5,62,028,2020,09,14,1,3,5,3,0,1,1,0,0,0,0,378776.927400000390000,5723399.074300000400000,7.247827562000055,51.648506383000040,0,05200927701920748505
05,5,62,012,2020,09,16,2,2,6,4,0,0,1,1,0,0,0,360234.745799999680000,5726315.442399999100000,6.978818343000057,51.670409448000044,0,05200928701610936204
05,5,62,008,2020,09,15,1,2,1,5,0,1,1,0,0,0,0,384042.597299999560000,5719923.813600000000000,7.325053464000064,51.618382544000042,0,05200927701910975334
05,5,62,012,2020,09,05,2,2,6,4,2,0,1,1,0,0,0,363050.938500000160000,5724639.001700000800000,7.020174494000059,51.656038309000053,1,05200928701610580207
05,5,62,004,2020,09,17,1,3,1,5,0,0,1,0,0,0,0,384034.122100000270000,5716455.516100000600000,7.326077983000062,51.587208690000068,0,05200927701800553201
05,5,62,004,2020,09,00,1,3,6,4,2,0,1,1,0,0,0,382880.395100000310000,5713230.275599999400000,7.310507384000061,51.557982570000036,1,05200927701800440201
05,5,62,016,2020,09,10,1,3,0,1,0,1,0,0,0,0,0,370015.550499999900000,5731384.152599999700000,7.118287227000053,51.718307933000062,1,05200927701700484201
05,5,62,024,2020,09,09,2,3,5,2,0,1,1,0,0,0,0,369845.964900000020000,5725120.593399999700000,7.118169975000058,51.661980661000030,0,05200928701500705208
05,5,62,032,2020,09,22,1,3,2,6,2,0,1,0,0,0,0,372526.014200000090000,5721109.521900000100000,7.158359076000068,51.626548057000036,0,05200927701110567208
05,5,12,000,2020,09,17,2,3,0,1,0,0,0,0,1,0,0,355646.155799999830000,5709949.440300000800000,6.919241755000030,51.522190469000066,1,05200928701400863936
05,5,62,032,2020,09,15,2,3,5,7,0,1,1,0,0,0,0,375497.411299999800000,5718320.969900000800000,7.202255009000055,51.602152318000037,1,05200928701110902205
05,5,13,000,2020,09,12,2,2,8,7,0,0,1,0,0,0,1,364017.411199999970000,5712383.767699999700000,7.038888951000047,51.546143888000074,1,05200928700200071537
05,5,13,000,2020,09,18,2,2,6,4,0,0,1,1,0,0,0,369464.616600000300000,5707139.361700000200000,7.119343913000023,51.500299604000077,0,05200928700100081231
05,5,13,000,2020,09,14,2,3,4,2,0,0,1,0,1,0,0,364901.995299999600000,5719328.987999999900000,7.048966752000069,51.608768863000080,1,05200928700000166386
05,5,70,028,2020,09,17,7,3,0,1,0,1,0,0,0,0,0,440415.306499999950000,5738899.396500000700000,8.135938353000029,51.797772813000051,1,05200926711411487228
05,5,66,076,2020,09,16,7,3,0,7,0,0,1,1,0,0,0,395515.550099999640000,5792879.201999999600000,7.468531027000040,52.276342902000067,0,05200926709500376614
05,5,58,040,2020,09,11,7,3,5,7,0,1,1,0,0,0,0,381489.404799999670000,5765139.341000000000000,7.272717003000025,52.024210873000072,1,05200926706200120577
05,5,58,016,2020,09,20,7,3,4,2,2,0,1,0,0,0,0,381255.026999999770000,5743224.392999999200000,7.276863199000047,51.827211443000067,1,05200926706100265766
05,5,58,004,2020,09,00,7,2,9,1,2,0,1,0,0,0,0,408659.107699999590000,5734040.247899999800000,7.676816683000027,51.749809465000055,0,05200926706000468328
05,5,54,040,2020,09,01,7,3,7,7,2,1,1,0,0,0,0,350758.491000000390000,5737514.290599999900000,6.837083791000055,51.768593868000039,1,05200926705000091737
05,5,54,020,2020,09,05,7,3,5,2,2,0,1,0,0,0,1,368168.679999999700000,5785413.915999999300000,7.070830443000034,52.203386864000038,1,05200926705000020896
05,5,54,024,2020,09,02,7,2,9,7,2,0,1,0,0,0,0,369279.937199999580000,5778223.600999999800000,7.089852362000045,52.139041588000055,1,05200926702340387397
05,5,15,000,2020,09,19,7,3,5,2,2,1,1,0,0,0,0,406630.883999999610000,5758715.395999999700000,7.640775564000023,51.971271436000052,1,05200926702100134481
05,5,15,000,2020,09,11,7,3,3,3,0,1,0,0,1,0,0,401157.067499999890000,5756798.871799999800000,7.561668226000052,51.953098858000033,0,05200926702100065854
05,5,62,012,2020,09,18,7,3,2,2,2,0,1,0,0,0,1,365524.520600000400000,5734432.218499999500000,7.052135408000027,51.744639596000070,1,05200926701610418200
05,5,62,012,2020,09,14,7,2,1,6,0,0,1,0,0,0,0,363828.752700000070000,5724514.936300000200000,7.031460234000065,51.655112398000028,0,05200926701610389204
05,5,62,014,2020,09,05,7,3,9,7,2,0,1,0,0,0,0,361076.709599999710000,5714808.024100000000000,6.995548682000049,51.567212325000071,1,05200926701300314202
05,5,62,020,2020,09,14,7,3,2,6,0,0,1,0,0,0,1,372008.252100000160000,5718238.807499999200000,7.151931398000045,51.600631792000058,0,05200926701200393201
05,5,62,032,2020,09,14,7,3,5,3,0,0,1,0,1,0,0,379320.658300000240000,5719772.864299999500000,7.256932737000057,51.616033310000034,0,05200926701110394200
05,5,70,040,2020,09,19,6,2,4,6,2,0,1,0,0,0,0,423211.116499999540000,5742331.639599999400000,7.885737908000067,51.826529461000064,0,05200925711231970571
05,5,66,028,2020,09,07,6,3,2,6,0,1,1,0,0,0,0,412032.806800000370000,5792369.538499999800000,7.710691082000039,52.274653169000032,1,05200925709700648420
05,5,66,048,2020,09,08,6,3,0,3,0,1,1,0,0,0,0,428458.773699999790000,5796047.549399999900000,7.950611728000069,52.310097794000058,0,05200925709700011847
05,5,66,076,2020,09,07,6,3,0,1,1,1,0,0,0,0,0,393134.433000000190000,5793569.786000000300000,7.433425177000061,52.282091600000058,1,05200925709500651486
05,5,54,056,2020,09,05,6,3,0,1,1,0,0,0,1,0,0,359141.719800000080000,5761177.918899999900000,6.948837560000072,51.983393191000062,1,05200925705000491829
05,5,66,016,2020,09,19,6,2,0,7,1,0,1,0,0,0,0,403208.637000000100000,5793971.481000000600000,7.580938967000066,52.287568380000039,0,05200925702350542014
05,5,15,000,2020,09,15,6,3,5,2,0,1,1,0,0,0,0,403210.209800000300000,5755254.610600000200000,7.591969856000048,51.939579653000067,0,05200925702100739947
05,5,15,000,2020,09,11,6,3,5,3,0,1,1,0,0,0,0,409072.111999999730000,5752860.084000000700000,7.677852115000064,51.919044881000048,0,05200925702100241204
05,5,15,000,2020,09,07,6,3,5,3,0,1,0,0,1,0,0,407097.149299999700000,5760310.743400000000000,7.647129241000073,51.985689325000067,1,05200925702100060767
05,5,62,024,2020,09,12,6,3,5,3,0,0,1,0,1,0,0,367656.347699999810000,5723809.697699999400000,7.087026490000028,51.649688971000046,0,05200925701500178200
05,5,13,000,2020,09,17,6,3,0,2,0,0,1,0,0,1,0,365236.619400000200000,5709902.308900000500000,7.057410991000040,51.524136737000049,0,05200925700100534202
05,5,70,044,2020,09,09,2,3,5,3,0,1,1,0,0,0,0,416575.980000000450000,5759445.184000000400000,7.785337012000070,51.979413291000071,1,05200928711141787219
05,5,70,052,2020,09,11,2,3,0,7,0,0,1,0,0,0,1,430547.079099999740000,5755909.337400000500000,7.989435247000074,51.949549562000072,0,05200928711113287376