ULAND,UREGBEZ,UKREIS,UGEMEINDE,UJAHR,UMONAT,USTUNDE,UWOCHENTAG,UKATEGORIE,UART,UTYP1,ULICHTVERH,IstRad,IstPKW,IstFuss,IstKrad,IstGkfz,IstSonstige,LINREFX,LINREFY,XGCSWGS84,YGCSWGS84,STRZUSTAND,UIDENTSTLAE
05,5,66,028,2020,09,15,5,2,1,1,0,0,1,0,0,0,0,413225.802000000140000,5791648.815999999600000,7.728357165000034,52.268364673000065,0,05200924709700070260
05,5,66,076,2020,09,13,5,3,8,2,0,0,1,0,0,0,0,395526.804999999700000,5791176.716000000000000,7.469223137000029,52.261044231000028,0,05200924709500562050
05,5,66,004,2020,09,10,5,3,0,1,0,0,0,0,1,0,0,395379.796299999580000,5766330.751100000000000,7.474721320000072,52.037712565000049,0,05200924709000279150
05,5,58,016,2020,09,18,5,2,0,1,0,1,0,0,0,0,0,381769.785799999720000,5744190.619500000000000,7.283999276000031,51.836004270000046,0,05200924706100336378
05,5,54,020,2020,09,18,5,3,9,6,1,0,1,0,0,0,0,366409.288900000040000,5782584.679500000600000,7.046215431000064,52.177541371000075,0,05200924705000591762
05,5,15,000,2020,09,10,5,3,1,6,0,0,1,0,0,0,0,405972.618999999950000,5752311.448000000800000,7.632946998000023,51.913598688000036,0,05200924702100468997
05,5,15,000,2020,09,16,5,3,4,2,0,1,1,0,0,0,0,402897.277999999930000,5755015.423000000400000,7.587486567000042,51.937375236000037,0,05200924702100272721
05,5,15,000,2020,09,08,5,3,2,7,0,0,1,0,0,1,0,409764.094399999830000,5751792.751700000800000,7.688190754000061,51.909563489000050,0,05200924702100163202
05,5,15,000,2020,09,09,5,3,0,1,0,1,0,0,0,0,0,404138.031999999660000,5754021.997999999700000,7.605806303000065,51.928661068000054,0,05200924702100160205
05,5,12,000,2020,09,13,5,3,3,2,0,1,1,0,0,0,0,356963.989000000060000,5712697.478000000100000,6.937107712000056,51.547219182000049,0,05200924701400976205
05,5,62,020,2020,09,14,5,3,1,2,0,0,1,0,0,0,0,370533.914200000460000,5717618.496099999200000,7.130884537000043,51.594720213000073,0,05200924701200982200
05,5,13,000,2020,09,08,5,3,0,7,0,0,1,0,0,0,1,366743.344999999740000,5716087.695000000300000,7.076773554000056,51.580079752000074,1,05200924700200414208
05,5,58,012,2020,09,10,2,3,5,3,0,1,1,0,0,0,0,374104.137400000360000,5755419.951500000400000,7.168701249000037,51.935241906000044,1,05200928706200919987
05,5,12,000,2020,09,12,3,2,6,4,0,0,1,1,0,0,0,359892.613199999560000,5711391.622600000400000,6.979836178000028,51.536219412000037,1,05200929701400209207
05,5,62,004,2020,10,14,6,3,2,6,0,0,1,0,0,0,0,383316.775899999770000,5718306.924100000400000,7.315112435000060,51.603700483000068,0,05201002701800115203
05,5,54,020,2020,10,17,5,3,3,2,0,1,1,0,0,0,0,365706.086699999870000,5782439.362900000100000,7.035995051000043,52.176064932000031,0,05201001705000661201
05,5,54,004,2020,09,10,4,3,2,2,0,0,1,0,0,0,1,360750.335699999700000,5771101.744599999900000,6.968207367000048,52.072966931000053,1,05200930705000147427
05,5,13,000,2020,10,14,6,3,2,6,0,0,1,0,1,0,0,363080.949900000360000,5712085.711200000700000,7.025508086000059,51.543239027000027,0,05201002700200387347
05,5,62,004,2020,09,07,4,3,1,5,0,0,1,0,0,0,0,385861.908599999730000,5717377.771199999400000,7.352149558000065,51.595871002000081,1,05200930701800372203
05,5,15,000,2020,09,17,3,3,2,6,0,0,1,0,0,0,0,405477.763000000270000,5754900.428999999500000,7.625043586000061,51.936785934000056,1,05200929702100042487
05,5,54,020,2020,10,14,6,3,5,3,0,0,1,0,0,0,0,361593.116999999620000,5784375.297000000300000,6.975094023000054,52.192443060000073,0,05201002705000520896
05,5,66,004,2020,10,09,5,3,0,7,0,1,0,1,0,0,0,394328.989900000390000,5768438.077899999900000,7.458755800000063,52.056453178000027,0,05201001709000672363
05,5,58,004,2020,10,07,6,3,5,3,1,0,1,0,0,0,0,406435.014000000430000,5739445.928999999500000,7.643150976000072,51.798032916000068,1,05201002706300156214
05,5,66,040,2020,10,15,5,2,5,3,0,0,1,0,0,0,0,417298.150100000200000,5784913.880899999300000,7.789669184000047,52.208454703000029,0,05201001709800170347
05,5,62,014,2020,09,15,3,3,2,6,0,0,1,0,0,0,0,360318.814899999650000,5713735.634099999400000,6.985046790000069,51.557388534000040,1,05200929701300254207
05,5,12,000,2020,10,16,6,3,6,4,0,0,1,1,0,0,0,356143.400799999940000,5709573.467199999800000,6.926557618000061,51.518938916000081,0,05201002701400149202
05,5,54,020,2020,10,06,5,3,5,2,2,1,1,0,0,0,0,364567.763799999840000,5786238.671399999400000,7.017839843000047,52.209924563000072,0,05201001705000510850
05,5,66,084,2020,09,15,4,3,4,3,0,1,1,0,0,0,0,389767.205000000070000,5775561.645999999700000,7.389945470000043,52.119585932000064,0,05200930709300387329
05,5,13,000,2020,10,10,6,3,1,6,0,0,1,0,0,0,0,366466.388000000270000,5709554.247999999700000,7.075258980000058,51.521300958000040,0,05201002700100046204
05,5,12,000,2020,09,07,4,3,6,7,0,0,1,1,0,0,0,356368.939299999740000,5710753.958300000100000,6.929324807000057,51.529603982000026,1,05200930701400362202
05,5,15,000,2020,09,18,4,3,0,7,1,1,1,0,0,0,0,404299.593299999830000,5748324.881699999800000,7.609737278000068,51.877480595000065,0,05200930702100072420
05,5,70,040,2020,10,21,6,3,7,7,2,0,0,0,1,0,0,421790.168700000270000,5742623.845000000700000,7.865057233000073,51.828959108000049,0,05201002711231187237
05,5,66,036,2020,09,07,3,2,2,6,0,0,1,0,0,0,0,389625.624499999920000,5768414.762299999600000,7.390191972000025,52.055326730000047,0,05200929709300092705
05,5,54,024,2020,10,19,6,3,5,3,2,0,1,0,0,0,0,366659.300599999730000,5774466.128300000000000,7.053054322000037,52.104652296000040,0,05201002705000981780
05,5,66,016,2020,10,13,5,2,0,6,0,0,1,0,1,0,0,409713.117999999780000,5788932.035499999300000,7.677621232000035,52.243380278000075,0,05201001709500074704
05,5,70,020,2020,09,06,4,3,5,2,1,1,1,0,0,0,0,432983.922600000170000,5742935.440600000300000,8.027407797000024,51.833215453000037,0,05200930711422778050
05,5,13,000,2020,09,13,3,3,5,2,0,1,1,0,0,0,0,366928.135999999940000,5714890.596999999100000,7.079892428000051,51.569365620000042,1,05200929700000986650
05,5,62,032,2020,10,14,6,3,5,2,0,0,1,0,0,0,1,375618.094999999740000,5719700.598999999500000,7.203507221000052,51.614577902000065,0,05201002701110162201
05,5,62,028,2020,09,17,3,3,2,6,0,0,1,0,0,0,0,381146.616200000050000,5721998.291200000800000,7.282538401000068,51.636422821000053,1,05200929701920951205
05,5,58,032,2020,10,09,6,3,8,3,0,0,1,0,0,0,1,390230.041600000110000,5751861.666999999400000,7.404299855000033,51.906676079000079,0,05201002702330310864
05,5,54,008,2020,10,16,5,3,3,1,0,0,1,0,0,0,0,337987.424800000150000,5744477.642599999900000,6.648904434000031,51.827600956000026,1,05201001705000981625
05,5,54,012,2020,09,18,4,3,5,2,0,1,1,0,0,0,0,352246.531999999660000,5745874.637900000400000,6.855069329000060,51.844105934000027,1,05200930705000279154
05,5,13,000,2020,10,11,5,3,1,5,0,1,1,0,0,0,0,367631.157800000160000,5707731.550000000700000,7.092722216000027,51.505195058000027,0,05201001700100671515
05,5,62,008,2020,09,14,4,2,3,2,0,0,1,0,1,0,0,383124.194199999790000,5723283.045399999200000,7.310672264000061,51.648384062000048,0,05200930701910749577
05,5,58,036,2020,10,18,6,2,7,1,0,0,0,0,1,0,0,387386.825100000020000,5729011.073699999600000,7.370410153000023,51.700736505000066,0,05201002706300376677
05,5,70,052,2020,10,07,5,2,4,6,0,0,0,0,0,0,1,423441.636500000020000,5746076.301899999400000,7.888253241000029,51.860223765000057,0,05201001711421254394
05,5,15,000,2020,09,17,3,3,1,6,0,0,1,0,0,0,0,407219.736299999990000,5751346.616599999400000,7.651333067000053,51.905135358000052,1,05200929702100770512
05,5,54,056,2020,10,06,6,3,4,6,2,1,0,0,0,0,0,357817.804999999700000,5762191.612999999900000,6.929152173000034,51.992164111000079,1,05201002705000591822
05,5,66,012,2020,10,18,5,3,1,6,1,0,1,0,0,0,0,401709.692599999720000,5778073.361400000800000,7.563587944000062,52.144413353000061,1,05201001709110279197
05,5,62,014,2020,09,20,3,2,2,6,2,0,1,0,1,0,0,360159.038200000300000,5713417.460999999200000,6.982870012000035,51.554489824000029,1,05200929701300298207
05,5,12,000,2020,10,17,6,2,5,2,0,0,1,0,1,0,0,357945.798100000250000,5709767.921499999200000,6.952439691000052,51.521142415000043,0,05201002701400885489
05,5,54,020,2020,10,16,5,3,5,7,0,0,1,0,0,0,0,366027.291000000200000,5787277.707000000400000,7.038776283000061,52.219617417000052,1,05201001705000521020
05,5,66,076,2020,09,01,4,2,2,6,2,0,1,0,0,1,0,397293.530600000170000,5795745.332200000100000,7.493708126000058,52.302437022000049,0,05200930702350305233
05,5,66,028,2020,09,16,4,3,9,1,0,1,0,0,0,0,0,412704.073200000450000,5792802.861700000200000,7.720414784000070,52.278655001000061,0,05200930709700738412
05,5,13,000,2020,10,07,6,3,0,6,2,0,0,0,1,0,0,364204.952200000170000,5712646.714600000500000,7.041490437000050,51.548551994000036,1,05201002700200027201
05,5,62,012,2020,09,11,4,2,0,1,0,1,0,0,0,0,0,365302.409599999900000,5734536.120899999500000,7.048879925000051,51.745519929000068,1,05200930701610551206
05,5,62,036,2020,09,13,3,2,8,1,0,0,1,0,0,0,0,388925.630499999970000,5720060.954600000800000,7.395512514000075,51.620600007000064,1,05200929701930228200
05,5,70,004,2020,09,18,3,3,5,3,1,1,1,0,0,0,0,423878.268000000160000,5734731.403999999200000,7.897084829000050,51.758297631000062,1,05200929711213287237
05,5,54,020,2020,10,06,6,3,5,3,1,1,1,0,0,0,0,366229.750099999830000,5783892.148900000400000,7.043075493000060,52.189246046000051,0,05201002705000988517
05,5,66,076,2020,10,17,5,2,5,3,0,1,1,0,0,0,0,393096.000000000000000,5793846.913000000600000,7.432774116000076,52.284574711000062,1,05201001709500535185
05,5,62,032,2020,09,19,3,3,1,6,2,0,1,0,0,0,0,373888.750500000080000,5719391.309900000700000,7.178654457000050,51.611413562000052,1,05200929701110290205
05,5,62,020,2020,10,10,6,3,5,3,0,1,1,0,0,0,0,370279.687699999660000,5718830.445499999400000,7.126768137000056,51.605553233000080,0,05201002701200005200
05,5,62,032,2020,10,14,5,3,0,1,0,0,0,0,1,0,0,376966.805200000290000,5720180.574699999800000,7.222808460000067,51.619187937000049,0,05201001701110840202
05,5,54,052,2020,10,06,6,3,5,2,1,0,1,0,1,0,0,378162.094700000250000,5769399.187200000500000,7.222728373000052,52.061771501000067,0,05201002705000021131
05,5,58,016,2020,10,19,5,3,5,7,1,1,1,0,0,0,0,382762.475999999790000,5742322.701999999600000,7.299032990000058,51.819426082000064,1,05201001706200986167
05,5,58,020,2020,09,17,4,3,8,1,0,0,0,0,1,0,0,389502.318699999710000,5761431.742399999900000,7.390648982000073,51.992543194000064,0,05200930706200003156
05,5,62,032,2020,09,16,4,3,5,3,0,1,1,0,0,0,0,371496.599499999550000,5721851.506699999800000,7.143223002000070,51.632981983000036,0,05200930701110592209
05,5,62,028,2020,09,20,4,2,4,6,2,0,1,0,0,0,0,378148.574900000360000,5722249.571799999100000,7.239150226000049,51.638039684000034,0,05200930701920874176
05,5,66,056,2020,10,21,6,3,5,2,2,1,1,0,0,0,0,417048.414900000210000,5796542.670700000600000,7.783157225000025,52.312942942000063,0,05201002709300502595
05,5,66,012,2020,09,17,3,3,5,3,0,0,0,0,1,0,1,401038.347099999900000,5777768.977700000600000,7.553868923000039,52.141557719000048,1,05200929709100979150
05,5,54,020,2020,10,17,6,3,1,7,0,0,1,0,0,0,0,363456.082700000140000,5786705.636700000600000,7.001391818000059,52.213846008000075,0,05201002705000881549
05,5,66,068,2020,10,08,5,2,9,7,0,0,1,0,0,0,0,376176.264000000430000,5781105.225199999300000,7.189518549000070,52.166525216000082,0,05201001709300611866
05,5,70,008,2020,09,11,4,3,5,2,0,1,1,0,0,0,0,435741.586000000130000,5734655.995999999300000,8.068957687000022,51.759106661000033,0,05200930711312565825
05,5,15,000,2020,10,07,4,3,2,6,1,0,1,0,0,0,0,405963.585500000040000,5752420.471699999600000,7.632785934000026,51.914577126000040,1,05201007702100579608
05,5,70,008,2020,10,11,2,2,0,1,0,1,0,0,0,0,0,432808.028699999680000,5740255.777599999700000,8.025375464000035,51.809104336000075,0,05201005711312687401
05,5,15,000,2020,10,06,4,3,5,2,2,0,1,0,0,0,0,408962.720499999820000,5756242.331100000100000,7.675366887000052,51.949428863000037,1,05201007702100365812
05,5,62,016,2020,10,23,4,3,0,7,2,0,0,0,1,0,0,375154.609199999830000,5729851.700300000600000,7.193190817000073,51.705703406000055,1,05201007701700482202
05,5,58,016,2020,10,09,5,3,5,3,0,1,1,0,0,0,0,380664.842199999840000,5742757.555600000500000,7.268464010000059,51.822890167000025,1,05201008706200649916
05,5,62,032,2020,10,04,4,3,5,3,2,0,1,0,0,0,0,374291.636500000020000,5714787.727000000000000,7.186118947000068,51.570130925000058,1,05201007701110178209
05,5,15,000,2020,10,15,2,2,9,1,0,0,1,0,0,0,0,410731.974999999630000,5758991.027000000700000,7.700388684000075,51.974422841000035,0,05201005702100088934
05,5,54,016,2020,10,15,2,3,6,4,0,1,0,1,0,0,0,362136.797399999570000,5757772.331900000600000,6.993789725000056,51.953543612000033,1,05201005705000568885
05,5,15,000,2020,10,15,5,3,1,7,0,1,0,0,0,0,0,404683.600100000390000,5759449.547299999700000,7.612232911000035,51.977539707000062,1,05201008702100772452
05,5,66,012,2020,10,18,3,3,5,2,1,0,1,0,0,0,0,411029.386500000020000,5773030.912900000800000,7.701064316000043,52.100669381000046,1,05201006709110402638
05,5,62,016,2020,10,18,5,2,4,6,2,0,1,0,0,0,0,369298.942800000310000,5731233.961400000400000,7.107975722000049,51.716791704000059,1,05201008701700755202
05,5,15,000,2020,10,21,3,3,5,1,2,0,1,0,0,0,1,411144.158999999990000,5751974.046000000100000,7.708201202000055,51.911414972000046,1,05201006702100872399
05,5,62,032,2020,10,16,3,3,4,7,0,0,1,0,0,0,0,376034.434299999850000,5716737.766699999600000,7.210564612000042,51.588042233000067,0,05201006701110390998
05,5,62,004,2020,10,10,3,3,5,7,0,1,1,0,0,0,0,383417.590599999760000,5718607.617799999200000,7.316467533000036,51.606423902000074,1,05201006701800003205
05,5,70,004,2020,10,12,2,3,3,2,0,1,1,0,0,0,0,423799.355000000450000,5736183.357999999100000,7.895623221000051,51.771339455000032,0,05201005711211053661
05,5,58,012,2020,10,07,5,3,0,6,0,0,1,0,1,0,0,374387.324000000020000,5753809.566999999800000,7.173406031000070,51.920834184000057,1,05201008706100787452
05,5,66,088,2020,10,12,5,3,2,6,0,0,1,0,0,0,0,418172.385999999940000,5788813.370999999300000,7.801516987000071,52.243636340000080,1,05201008709800481124
05,5,54,016,2020,10,12,2,2,2,6,0,0,1,0,0,1,0,365787.668100000360000,5758422.808800000700000,7.046629944000074,51.960281657000053,0,05201005702340387377
05,5,15,000,2020,10,16,5,3,5,2,0,1,1,0,0,0,0,405073.671000000090000,5757449.222999999300000,7.618463466000037,51.959626788000037,1,05201008702100550183
05,5,66,004,2020,10,09,3,2,8,1,0,0,1,0,0,0,0,390891.279000000100000,5767907.171599999100000,7.408805876000031,52.051015461000077,0,05201006709100574685
05,5,66,048,2020,10,08,1,3,1,6,0,0,1,0,0,0,0,427040.371000000280000,5795682.507999999400000,7.929889199000058,52.306629824000026,1,05201004709700876667
05,5,62,024,2020,10,01,2,3,8,1,2,0,1,0,0,0,0,368854.399199999870000,5724780.344499999700000,7.103969523000046,51.658692481000060,0,05201005701500081147
05,5,12,000,2020,10,11,1,3,6,7,0,0,1,1,0,0,0,358125.817099999640000,5711085.995699999900000,6.954501817000050,51.533031813000036,0,05201004701400357209
05,5,62,014,2020,10,07,5,3,2,6,0,0,1,0,0,0,0,361784.788499999790000,5713887.470799999300000,7.006120467000073,51.559114066000063,1,05201008701300986110
05,5,58,016,2020,10,11,3,3,8,1,0,0,0,0,0,1,0,385171.480499999600000,5748250.083499999700000,7.332000053000058,51.873197946000062,0,05201006071100862207
05,5,15,000,2020,10,09,3,3,5,2,0,1,1,0,0,0,0,402295.907999999820000,5754690.562000000800000,7.578833857000063,51.934350027000050,0,05201006702100588934
05,5,62,004,2020,10,18,5,3,9,1,2,0,0,0,0,0,1,387142.185899999920000,5716210.434100000200000,7.371000672000037,51.585636998000041,1,05201008301613068295
05,5,62,024,2020,10,13,3,2,2,6,0,0,1,0,0,0,0,363856.025999999610000,5724508.848700000000000,7.031856626000035,51.655064300000049,1,05201006701500051202
05,5,70,028,2020,10,11,5,3,5,5,0,1,1,0,0,0,0,441558.406200000080000,5742562.527699999500000,8.151894910000067,51.830825939000079,1,05201008711411079196
05,5,54,012,2020,10,12,2,2,3,6,0,0,1,0,1,0,0,352905.070399999620000,5745756.640300000100000,6.864672304000067,51.843219602000033,0,05201005705000591737
05,5,13,000,2020,10,10,3,3,0,1,0,0,0,0,1,0,1,366991.866899999790000,5714765.988900000200000,7.080858618000036,51.568260857000041,1,05201006700200344202
05,5,66,028,2020,10,21,5,3,0,1,2,0,1,0,0,0,0,412347.424100000410000,5794821.406199999200000,7.714663402000042,52.296741437000037,1,05201008709300202595
05,5,62,004,2020,10,14,3,3,8,1,0,0,0,0,1,0,0,387238.427000000140000,5716193.850600000500000,7.372394547000056,51.585507213000028,1,05201006301911680678
05,5,15,000,2020,10,14,2,3,5,3,0,0,1,0,0,1,0,405578.327999999750000,5756998.950999999400000,7.625929598000028,51.955665476000036,0,05201005702100370610
05,5,66,028,2020,10,16,3,3,2,6,0,0,1,0,0,0,0,412128.118599999700000,5790587.420099999800000,7.712551784000027,52.258650237000040,1,05201006709700006677
05,5,62,004,2020,10,10,3,3,5,3,0,1,1,0,0,0,0,384728.109100000000000,5716818.845599999700000,7.335971521000033,51.590616621000038,0,05201006701800189559
05,5,62,004,2020,10,08,5,3,2,6,0,0,1,0,0,0,0,383050.798600000330000,5715568.026799999200000,7.312186319000034,51.579028977000064,1,05201008701800531200
05,5,54,056,2020,10,15,3,3,5,3,0,1,1,0,0,0,0,356809.023500000130000,5761959.078800000300000,6.914567111000054,51.989815635000070,1,05201006705000568885
05,5,66,056,2020,10,10,4,2,5,2,0,0,0,0,1,0,1,418844.404400000350000,5792829.606699999400000,7.810391595000056,52.279836254000031,0,05201007709800568331
05,5,62,032,2020,10,06,3,2,6,2,2,0,1,1,0,0,0,373888.812300000340000,5719391.165400000300000,7.178655401000071,51.611412277000056,1,05201006701110900203
05,5,70,016,2020,10,08,5,3,9,1,0,0,1,0,0,0,0,412410.745099999940000,5739621.824699999800000,7.729740888000038,51.800581944000044,1,05201008711221387237
05,5,66,028,2020,10,07,4,3,3,6,0,0,1,0,0,1,0,412698.564000000250000,5792784.336999999400000,7.720338848000040,52.278487620000078,0,05201007709700068331
05,5,70,004,2020,10,13,2,3,5,3,0,0,1,0,0,0,0,425545.019000000320000,5735177.411000000300000,7.921133875000066,51.762531194000076,1,05201005711213870571
05,5,58,016,2020,10,20,5,2,7,1,2,0,0,0,1,0,0,381762.956699999980000,5744192.783399999100000,7.283899467000026,51.836022272000037,1,05201008706100958239
05,5,62,032,2020,10,17,2,3,0,1,0,0,1,0,0,0,0,376419.415400000290000,5716478.240000000200000,7.216210256000068,51.585794373000056,1,05201005702340472367
05,5,15,000,2020,10,13,5,3,4,2,0,0,1,0,0,0,1,404690.553000000310000,5759085.980000000400000,7.612435082000047,51.974273027000038,1,05201008702100572452
05,5,66,008,2020,10,14,3,2,4,2,0,0,1,0,0,0,0,398590.338000000450000,5784000.000000000000000,7.516246745000046,52.197116221000044,1,05201006709100987292
05,5,70,008,2020,10,07,6,2,9,1,1,0,1,0,0,0,0,431052.425099999640000,5734723.784800000500000,8.001013588000035,51.759158375000027,1,05201009301911180561
05,5,62,008,2020,10,16,2,3,5,3,0,1,1,0,0,0,0,383622.126400000420000,5723392.107000000800000,7.317829760000052,51.649467553000079,1,05201005701910449495
05,5,12,000,2020,10,08,5,3,6,4,0,0,1,1,0,0,0,356862.713299999940000,5710381.858100000800000,6.936589598000069,51.526385730000072,1,05201008701400546206
05,5,15,000,2020,10,07,3,2,6,2,1,0,0,1,0,0,1,405455.252999999560000,5759121.153999999200000,7.623554810000030,51.974719809000078,1,05201006702100753166
05,5,66,052,2020,10,23,4,2,8,7,2,0,1,0,0,0,0,377916.048799999990000,5779736.952700000300000,7.215435248000063,52.154617013000063,1,05201007709300812304
05,5,54,004,2020,10,12,4,3,5,3,0,0,1,0,0,0,0,356586.597000000070000,5776811.063200000700000,6.905094782000049,52.123201475000030,1,05201007705000751911
05,5,62,012,2020,10,14,3,3,0,1,0,1,0,0,0,0,0,359305.076600000260000,5725566.768999999400000,6.965684717000045,51.663449982000031,1,05201006701601589564
05,5,62,012,2020,10,15,4,3,0,6,0,0,1,0,0,0,0,363810.307199999690000,5722790.486899999900000,7.031865127000060,51.639611700000046,1,05201007702340272367
05,5,66,028,2020,10,11,2,2,9,1,0,0,1,0,0,0,0,415703.375900000330000,5789521.374099999700000,7.765187073000050,52.249627607000036,0,05201005709000152883
05,5,13,000,2020,10,07,3,3,0,1,2,1,0,0,0,0,0,361900.492100000380000,5719357.292500000400000,7.005637021000041,51.608295058000067,1,05201006700200375467
05,5,70,008,2020,10,02,7,2,0,1,2,1,0,0,0,0,0,434746.945799999870000,5736101.748700000300000,8.054276839000067,51.771989095000038,0,05201003711313476733
05,5,66,028,2020,10,14,5,3,5,2,0,1,1,0,0,0,0,411538.086000000130000,5792414.936000000700000,7.703430206000064,52.274981832000037,1,05201008709700365887
05,5,70,012,2020,10,21,7,3,0,2,2,0,1,1,0,0,0,439608.474999999630000,5753559.085000000900000,8.121676520000051,51.929478529000050,1,05201003711131079136
05,5,58,032,2020,10,11,2,2,2,1,0,0,1,0,0,1,0,389353.984100000000000,5751538.051799999500000,7.391674118000026,51.903594258000055,0,05201005702330042546
05,5,66,084,2020,10,02,7,2,9,1,2,0,1,0,0,0,0,389862.373800000180000,5772959.896199999400000,7.392176322000069,52.096222329000057,0,05201003709300887315
05,5,58,016,2020,10,12,7,3,5,3,0,0,0,0,1,0,0,380286.781800000000000,5740805.422299999700000,7.263655699000026,51.805265259000066,0,05201003706300636378
05,5,15,000,2020,10,17,5,2,5,2,1,0,1,0,1,0,0,409480.720300000160000,5752248.983999999200000,7.683952469000076,51.913618454000073,1,05201008702100072420
05,5,58,012,2020,10,06,7,3,8,1,2,0,1,0,0,0,0,377673.434200000020000,5755291.988500000900000,7.220638793000035,51.934887936000052,0,05201003706200881907
05,5,54,008,2020,10,19,5,1,0,1,2,0,1,0,0,0,0,339522.816300000060000,5750892.631699999800000,6.668187083000021,51.885674634000054,1,05201008705000691776
05,5,58,032,2020,10,22,7,1,8,1,2,0,1,0,0,0,0,392352.399799999780000,5749831.314200000800000,7.435773512000026,51.888841915000057,1,05201003706000779214
05,5,70,036,2020,10,16,3,2,4,2,0,0,1,0,0,0,0,430855.666699999940000,5759227.367300000000000,7.993256452000026,51.979415854000081,0,05201006711111779213
05,5,12,000,2020,10,19,2,3,5,3,2,0,1,0,0,0,0,355705.585699999700000,5709816.247199999200000,6.920152331000054,51.521008813000037,1,05201005701400838206
05,5,54,020,2020,10,01,7,3,0,1,2,1,0,0,0,0,0,366710.446299999950000,5783377.719599999500000,7.050305439000056,52.184740047000048,0,05201003705000981049
05,5,62,032,2020,10,03,7,2,8,7,2,0,1,0,0,0,0,380610.026999999770000,5717778.539000000800000,7.276226098000052,51.598384286000055,1,05201003702340087398
05,5,13,000,2020,10,06,5,3,0,1,1,0,0,0,1,0,0,369694.438299999570000,5706216.554899999900000,7.122993869000027,51.492059457000039,1,05201008700100300555
05,5,62,020,2020,10,16,7,2,9,1,0,0,1,0,0,0,0,372418.567900000140000,5715473.873400000900000,7.158857642000044,51.575876583000081,1,05201003702340087253
05,5,15,000,2020,10,14,3,3,5,3,0,1,1,0,0,0,0,403181.662299999970000,5759054.700400000400000,7.590483813000049,51.973731049000037,0,05201006702100292910
05,5,15,000,2020,10,17,7,3,3,2,0,1,1,0,0,0,0,405501.914300000300000,5756468.903300000400000,7.624963697000055,51.950888195000061,1,05201003702100560871
05,5,62,008,2020,10,13,7,3,0,7,0,0,0,0,0,0,1,384832.111899999900000,5722589.210500000000000,7.335575691000031,51.642500517000030,0,05201003701910267208
05,5,54,012,2020,10,07,3,3,1,5,1,0,1,0,0,0,0,352101.013500000350000,5752740.848600000100000,6.850016943000071,51.905759102000047,0,05201006705000891759
05,5,13,000,2020,10,22,7,3,0,1,2,1,0,0,0,0,0,367099.103000000120000,5714490.043999999800000,7.082509322000021,51.565806340000051,1,05201003700200757848
05,5,15,000,2020,10,17,4,3,2,7,0,0,1,0,0,0,0,397915.470800000240000,5751754.502800000800000,7.516010885000071,51.907174283000074,0,05201007702330554103
05,5,62,020,2020,10,08,3,2,5,3,0,0,1,0,0,0,1,370361.721800000410000,5718697.886700000600000,7.128001080000047,51.604380850000041,1,05201006701200979201
05,5,70,008,2020,10,10,5,3,5,2,0,0,1,0,0,0,0,433382.010999999940000,5734259.690999999600000,8.034850828000060,51.755268128000068,1,05201008711312680621
05,5,70,040,2020,10,12,7,2,1,5,0,0,1,0,0,0,0,412741.206500000320000,5746717.942399999100000,7.732742762000044,51.864420737000046,0,05201010711232076765
05,5,58,032,2020,10,14,1,2,8,1,0,0,0,0,1,0,0,392110.410699999890000,5750130.552799999700000,7.432164985000043,51.891484615000081,1,05201011706000282422
05,5,54,020,2020,10,20,7,3,1,6,2,0,1,0,0,0,0,365242.964100000450000,5785873.331100000100000,7.027860992000058,52.206807385000047,1,05201010705000581049
05,5,13,000,2020,10,18,1,3,2,2,1,0,1,0,0,0,0,369465.327899999920000,5707138.071499999600000,7.119354632000068,51.500288174000048,1,05201011700100374766
05,5,62,012,2020,10,19,7,3,5,3,2,0,1,0,0,0,0,360262.341799999590000,5724264.230100000300000,6.980037199000037,51.651984355000081,1,05201010701610190202
05,5,54,008,2020,10,23,1,3,5,2,2,0,1,0,0,0,0,334274.327899999920000,5747447.187699999700000,6.593648801000029,51.853188193000051,1,05201011705000187244
05,5,15,000,2020,10,21,7,3,6,2,2,0,1,1,0,0,0,406435.926199999640000,5757293.625800000500000,7.638325708000025,51.958459110000035,1,05201010702100939947
05,5,66,084,2020,10,22,7,3,8,1,2,0,1,0,0,0,0,383616.867399999870000,5781097.020700000200000,7.298260072000062,52.168070622000073,1,05201010709300381036
05,5,62,020,2020,10,15,1,3,5,3,0,0,1,0,0,0,0,370585.024899999610000,5720133.737700000400000,7.130693667000060,51.617335872000069,0,05201011701200280203
05,5,66,040,2020,10,15,1,3,8,1,0,0,0,0,1,0,0,421660.216699999760000,5782900.203299999200000,7.853958961000046,52.190991428000075,1,05201011709800841782
05,5,54,016,2020,10,22,7,1,5,3,2,1,1,0,0,0,0,361929.125000000000000,5758692.402000000700000,6.990399896000042,51.961759377000078,1,05201010705000765800
05,5,62,028,2020,10,11,7,2,5,3,0,0,1,0,1,0,0,380490.930999999870000,5722653.109999999400000,7.272844589000044,51.642169029000058,0,05201010701920138208