ULAND,UREGBEZ,UKREIS,UGEMEINDE,UJAHR,UMONAT,USTUNDE,UWOCHENTAG,UKATEGORIE,UART,UTYP1,ULICHTVERH,IstRad,IstPKW,IstFuss,IstKrad,IstGkfz,IstSonstige,LINREFX,LINREFY,XGCSWGS84,YGCSWGS84,STRZUSTAND,UIDENTSTLAE
05,5,70,008,2020,10,07,6,3,4,6,1,1,0,0,0,0,0,436381.063199999740000,5734917.852000000000000,8.078173852000020,51.761533804000067,0,05201009711312280621
05,5,70,040,2020,10,13,6,3,5,2,0,1,1,0,0,0,0,419844.949000000020000,5744723.562500000000000,7.836348834000035,51.847558473000049,0,05201009711231202636
05,5,66,072,2020,10,07,6,2,8,1,1,0,1,0,0,0,0,412650.814899999650000,5799744.782999999800000,7.717832609000027,52.341042150000078,1,05201009709700206677
05,5,66,076,2020,10,14,6,2,5,3,0,0,1,0,0,0,0,394419.940000000410000,5791122.645999999700000,7.453028262000032,52.260346948000063,0,05201009709500874669
05,5,66,076,2020,10,18,6,3,8,1,1,0,0,0,1,0,0,400460.286199999970000,5792796.443299999500000,7.541006251000056,52.276516653000044,0,05201009709500169125
05,5,66,004,2020,10,18,6,2,8,1,1,0,0,0,1,0,0,399983.887199999760000,5766875.945900000600000,7.541661724000051,52.043462383000076,0,05201009709100657478
05,5,58,016,2020,10,18,6,2,8,1,0,0,1,0,0,0,0,386393.584099999630000,5744947.741000000400000,7.350830100000053,51.843768588000046,0,05201009706000479214
05,5,54,040,2020,10,11,6,3,4,1,0,1,1,0,0,0,0,351438.025399999690000,5734387.582900000700000,6.848260724000056,51.740681169000027,0,05201009705000615757
05,5,54,036,2020,10,19,6,2,0,1,1,0,1,0,0,0,0,367203.238599999810000,5768810.785399999500000,7.063193058000024,52.053965987000026,0,05201009702340605242
05,5,62,014,2020,10,07,6,3,2,7,0,0,1,0,0,0,0,356860.557400000280000,5715895.986899999900000,6.934314716000074,51.575934077000056,1,05201009702340587386
05,5,15,000,2020,10,07,6,2,2,3,1,0,1,0,0,0,0,401169.844499999660000,5751970.995300000500000,7.563240846000042,51.909707056000059,1,05201009702330387371
05,5,15,000,2020,10,13,6,2,9,1,0,1,0,0,0,0,0,410527.252600000240000,5751947.432900000400000,7.699241930000028,51.911076994000041,0,05201009702100770512
05,5,15,000,2020,10,11,6,2,0,3,0,1,1,0,0,0,0,411045.452999999750000,5751987.757099999100000,7.706763054000021,51.911522463000040,0,05201009702100079608
05,5,66,084,2020,10,19,7,2,4,2,2,0,1,0,0,0,0,391968.891999999990000,5778049.315999999600000,7.421299651000027,52.142378084000029,1,05201010709300679098
05,5,62,004,2020,10,15,6,3,2,6,0,0,1,0,0,0,0,383390.559999999590000,5718902.384700000300000,7.315979332000040,51.609067574000051,0,05201009701800019203
05,5,62,014,2020,10,19,6,3,5,3,2,0,1,0,0,0,0,360149.784699999730000,5713397.301699999700000,6.982744641000068,51.554306377000046,0,05201009701300053203
05,5,62,020,2020,10,21,6,3,5,2,2,0,1,0,0,0,0,371426.601999999960000,5715576.982999999100000,7.144512773000031,51.576577842000063,1,05201009701200063204
05,5,54,012,2020,10,22,1,3,9,7,2,0,1,0,0,0,0,345076.397599999790000,5744373.542099999300000,6.751737411000022,51.828676394000070,0,05201011705000476760
05,5,62,032,2020,10,10,6,3,6,7,0,0,1,1,0,0,0,376054.004200000320000,5715012.920800000400000,7.211455767000075,51.572544973000049,0,05201009701120571187
05,5,62,032,2020,10,17,6,3,4,2,0,0,1,0,0,0,0,378624.980000000450000,5721161.126900000500000,7.246408546000055,51.628360503000067,0,05201009701110033201
05,5,13,000,2020,10,20,7,3,1,7,2,0,1,0,0,0,0,363285.441499999720000,5716039.553099999200000,7.026917562000051,51.578819015000079,1,05201010702340666481
05,5,62,032,2020,10,16,6,3,3,2,0,1,1,0,0,0,0,375164.941700000320000,5719095.932099999900000,7.197180997000032,51.609043392000046,0,05201009701110011201
05,5,62,032,2020,10,10,7,3,0,6,0,0,1,0,0,0,1,375370.494099999780000,5719443.778400000200000,7.200024254000027,51.612215064000054,0,05201010701110123202
05,5,58,004,2020,10,21,1,3,3,6,2,0,1,0,0,0,0,405086.984299999660000,5740870.432900000400000,7.623218263000069,51.810610138000072,1,05201011702330205093
05,5,58,024,2020,10,12,7,3,3,3,0,1,1,0,0,0,0,393634.717699999920000,5736242.818499999100000,7.458575053000061,51.766955255000028,0,05201010706300072172
05,5,15,000,2020,10,13,7,3,3,6,0,1,0,0,0,0,0,406210.728500000200000,5757453.491499999500000,7.635005674000070,51.959858119000046,0,05201010702100865812
05,5,70,036,2020,10,06,3,3,2,6,2,0,1,0,0,0,0,430845.473000000230000,5761093.611999999700000,7.992731712000023,51.996191355000065,0,05201013711121387260
05,5,66,028,2020,10,21,5,2,4,6,2,0,1,0,0,0,0,413669.920199999590000,5797496.657099999500000,7.733365093000032,52.320996786000080,0,05201015709300002595
05,5,15,000,2020,10,10,3,3,5,2,0,1,1,0,0,0,0,405019.896999999880000,5757700.723999999500000,7.617611551000039,51.961878196000043,0,05201013702100560767
05,5,54,036,2020,10,15,3,3,2,6,0,0,1,0,0,1,0,366472.571100000290000,5764153.772299999400000,7.054360990000021,52.011943827000039,0,05201013702340703172
05,5,13,000,2020,10,14,3,3,3,6,0,0,1,0,1,0,0,366844.145399999800000,5710665.078099999600000,7.080280746000028,51.531372767000050,0,05201013700100862206
05,5,70,008,2020,10,11,5,3,5,3,0,1,1,0,0,0,0,432768.262000000100000,5734596.714800000200000,8.025895132000073,51.758224643000062,0,05201015711312984994
05,5,62,020,2020,10,11,4,3,2,6,0,0,1,0,0,0,0,371318.482900000180000,5717701.887900000400000,7.142174422000039,51.595649406000064,0,05201014701200976200
05,5,66,084,2020,10,09,3,3,5,3,0,0,1,0,0,0,1,386540.646999999880000,5779121.982000000800000,7.341651549000062,52.150929879000046,0,05201013709300048146
05,5,58,044,2020,10,06,5,2,2,6,2,0,1,0,0,0,0,396164.670099999760000,5746010.451099999200000,7.492297587000053,51.855223030000047,0,05201015706000910692
05,5,62,024,2020,10,04,3,2,9,6,2,0,1,0,0,0,0,373039.572100000460000,5724500.470599999700000,7.164544077000073,51.657138263000036,0,05201013702340387377
05,5,15,000,2020,10,10,3,3,3,6,0,1,0,0,0,0,0,407027.145399999800000,5751295.934299999800000,7.648548054000059,51.904647688000068,0,05201013702100076642
05,5,70,032,2020,10,15,4,2,8,7,0,0,1,0,0,0,0,420885.603799999690000,5766148.934100000200000,7.846522963000041,52.040304491000029,0,05201014711151387219
05,5,54,008,2020,10,20,3,3,5,2,2,0,1,0,0,0,1,335414.794999999930000,5743164.459000000700000,6.612229711000055,51.815052185000070,0,05201013705000888516
05,5,70,012,2020,10,23,3,3,7,7,2,0,0,0,1,0,0,441361.157100000420000,5750391.748800000200000,8.147703445000047,51.901191297000082,0,05201013711131574649
05,5,66,016,2020,10,17,5,3,2,6,0,0,1,0,0,0,0,403322.240299999710000,5795196.032099999500000,7.582252540000070,52.298594343000048,0,05201015709500042460
05,5,15,000,2020,10,17,3,3,6,4,0,0,1,1,0,0,0,406617.692200000400000,5761142.653100000700000,7.639922858000034,51.993086503000029,0,05201013702100574053
05,5,62,014,2020,10,17,3,3,2,6,0,0,1,0,0,0,0,361421.939899999650000,5713858.889299999900000,7.000900737000052,51.558768201000078,1,05201013701300869204
05,5,70,008,2020,10,21,2,3,8,1,2,0,1,0,0,0,0,429448.361700000240000,5734053.240700000900000,7.977912249000042,51.752930456000058,0,05201012711312085567
05,5,70,016,2020,10,06,2,3,7,7,2,0,1,0,0,0,0,406495.911500000390000,5743506.666300000600000,7.642937622000034,51.834543926000038,1,05201012711221572377
05,5,66,076,2020,10,07,2,3,3,2,2,1,1,0,0,0,0,392163.571000000460000,5794496.471999999100000,7.418902361000050,52.290230198000074,1,05201012709500079157
05,5,58,036,2020,10,17,2,1,8,1,0,0,1,0,0,0,0,385608.341500000100000,5732121.808000000200000,7.343664512000032,51.728334965000045,0,05201012706300985679
05,5,54,056,2020,10,21,4,3,5,3,2,1,1,0,0,0,0,356822.167000000370000,5761984.460000000900000,6.914747798000064,51.990047074000074,0,05201014705000776687
05,5,58,008,2020,10,18,2,3,5,3,0,1,1,0,0,0,0,379425.639000000430000,5762063.576400000600000,7.243735696000044,51.996125150000069,0,05201012706200179210
05,5,66,028,2020,10,16,3,3,2,6,0,0,1,0,0,0,0,410844.833700000310000,5788539.709899999200000,7.694295627000031,52.240038441000081,1,05201013709700587281
05,5,15,000,2020,10,12,2,3,2,2,0,0,1,0,0,0,0,405639.236200000160000,5756984.670600000800000,7.626819611000030,51.955547456000033,0,05201012702100165837
05,5,58,032,2020,10,19,5,3,6,1,2,0,1,1,0,0,0,391549.730000000450000,5750866.612999999900000,7.423789071000044,51.897991305000062,0,05201015706200649804
05,5,15,000,2020,10,12,2,3,5,3,0,1,1,0,0,0,0,405648.829900000240000,5755620.499600000700000,7.627333659000044,51.943287297000040,0,05201012702100072433
05,5,62,008,2020,10,20,2,3,9,1,2,0,1,0,0,0,0,383396.353900000450000,5720269.961400000400000,7.315607929000066,51.621360091000042,0,05201012701910608205
05,5,15,000,2020,10,17,3,3,5,3,1,1,1,0,0,0,0,403877.371000000280000,5759409.053999999500000,7.600509663000025,51.977036858000076,0,05201013702100288557
05,5,62,004,2020,10,14,2,2,5,2,0,1,1,0,0,0,0,382522.136500000020000,5716056.008500000500000,7.304396980000036,51.583304852000026,0,05201012701800573205
05,5,13,000,2020,10,14,3,2,8,6,0,0,1,0,0,0,1,363843.780799999830000,5719661.472300000500000,7.033564944000034,51.611501758000031,0,05201013702340505117
05,5,62,012,2020,10,14,2,3,2,2,0,0,1,0,1,0,0,362463.852699999700000,5730445.769700000100000,7.009405026000025,51.708074718000034,0,05201012701610560207
05,5,62,032,2020,10,14,2,2,5,2,0,0,1,1,0,0,0,376190.828999999910000,5716077.399000000200000,7.213053872000046,51.582141750000062,0,05201012701110570208
05,5,62,032,2020,10,12,2,3,0,1,0,0,0,0,1,0,0,375857.663099999540000,5717323.334599999700000,7.207807136000042,51.593265922000057,1,05201012701110455209
05,5,62,032,2020,10,09,2,3,0,1,0,0,0,0,1,0,1,376070.758500000460000,5719086.639699999200000,7.210258836000037,51.609159985000076,1,05201012701110389206
05,5,70,004,2020,10,16,3,3,2,6,0,0,1,0,0,0,0,425399.501400000420000,5735521.082399999700000,7.918951907000064,51.765601335000042,0,05201013711212081052
05,5,62,032,2020,10,15,4,3,2,6,0,0,1,0,0,0,0,376044.928299999800000,5714485.445200000000000,7.211510956000041,51.567802430000029,0,05201014701120078203
05,5,58,012,2020,10,13,3,3,5,3,0,1,1,0,0,0,0,380355.834900000130000,5754551.432800000500000,7.259894821000046,51.928815764000035,0,05201013706000084916
05,5,66,016,2020,10,16,5,2,8,7,0,0,0,0,0,1,0,401360.572700000370000,5794280.062300000300000,7.553763386000071,52.290013187000056,0,05201015702350107722
05,5,66,092,2020,10,10,5,3,2,6,0,0,1,0,0,0,0,422386.637000000100000,5796498.150000000400000,7.861458197000047,52.313323374000049,0,05201015709700072366
05,5,15,000,2020,10,16,3,3,5,3,0,1,1,0,0,0,0,406293.581899999640000,5756641.329199999600000,7.636432652000053,51.952571986000066,0,05201013702100768301
05,5,62,004,2020,10,15,3,3,5,3,0,0,1,0,0,0,0,383125.319000000130000,5709598.179999999700000,7.315245047000076,51.525388933000045,0,05201013701800839201
05,5,58,032,2020,10,20,4,2,5,3,2,0,1,0,0,0,0,386652.523799999620000,5754392.984600000100000,7.351483984000026,51.928709542000036,0,05201014706100725202
05,5,62,024,2020,10,10,2,3,3,6,0,0,1,0,1,0,0,371672.240899999630000,5729505.628599999500000,7.142948203000060,51.701807756000051,1,05201019702340074784
05,5,62,024,2020,10,00,3,3,0,7,2,1,0,0,0,0,0,365270.208700000310000,5721225.595000000700000,7.053551815000049,51.625900675000082,1,05201020701500205200
05,5,15,000,2020,10,07,2,3,2,7,0,0,1,0,0,1,0,401968.081799999810000,5746672.460599999900000,7.576347137000028,51.862223017000076,0,05201019702330939723
05,5,62,004,2020,10,11,2,3,2,6,0,0,1,0,0,0,0,383139.621899999680000,5715251.584400000100000,7.313572914000076,51.576203308000061,0,05201019701800070208
05,5,58,044,2020,10,15,4,2,2,6,0,0,1,0,0,0,1,396613.597099999900000,5751235.291500000300000,7.497248479000064,51.902267513000027,0,05201021071100415204
05,5,12,000,2020,10,21,2,2,5,3,2,0,1,0,0,0,0,360596.196399999780000,5709568.939500000300000,6.990695570000071,51.520014693000064,0,05201019701400202203
05,5,66,080,2020,10,22,3,3,5,3,2,0,1,0,0,0,0,409916.509999999780000,5778718.423000000400000,7.683315277000077,52.151610852000033,1,05201020709110570536
05,5,15,000,2020,10,15,3,2,5,3,0,0,1,0,0,0,0,404356.615000000220000,5744411.394999999600000,7.611648740000021,51.842313886000056,0,05201020702100772721
05,5,70,008,2020,10,14,7,3,2,6,0,0,1,0,0,0,0,431067.315299999900000,5734717.033299999300000,8.001230637000049,51.759099512000034,1,05201017031100570205
05,5,70,004,2020,10,21,6,3,8,1,2,0,1,0,0,0,0,420249.150000000370000,5734308.430999999900000,7.844611458000031,51.753990259000034,0,05201016711215674779
05,5,66,012,2020,10,05,6,3,0,7,2,0,0,0,1,0,0,406588.739099999890000,5767796.541799999800000,7.637685166000040,52.052889332000063,0,05201016709110680991
05,5,13,000,2020,10,07,2,3,5,3,1,0,1,0,0,0,0,369682.209999999960000,5706310.607999999100000,7.122783099000060,51.492901886000027,0,05201019700100375466
05,5,66,064,2020,10,15,6,3,4,6,0,0,1,0,0,0,0,395427.399799999780000,5773257.867200000200000,7.473292832000027,52.099980128000027,0,05201016709000012336
05,5,70,004,2020,10,06,2,1,6,6,2,1,0,1,0,0,0,418864.819400000390000,5733970.741800000900000,7.824639324000032,51.750755800000036,1,05201019711221587303
05,5,54,028,2020,10,15,6,3,4,2,0,0,1,0,0,0,0,361134.475999999790000,5741505.777699999500000,6.985758698000041,51.807130103000077,0,05201016705000901676
05,5,54,032,2020,10,09,3,3,5,3,0,1,1,0,0,0,0,324334.072499999780000,5745431.673699999200000,6.450488907000022,51.832044863000078,0,05201020705000968371
05,5,70,012,2020,10,05,2,3,8,1,2,0,1,0,0,1,0,441000.204599999820000,5752716.145099999400000,8.142059609000057,51.922049713000035,1,05201019711131176740
05,5,66,044,2020,10,16,2,2,4,6,0,0,1,0,1,0,0,429785.081799999810000,5779497.878699999300000,7.973500931000046,52.161501570000041,0,05201019709800372371
05,5,54,020,2020,10,12,6,3,0,7,0,0,1,0,0,0,1,364656.516499999910000,5787148.108200000600000,7.018774316000076,52.218117886000073,0,05201016705000381049
05,5,54,020,2020,10,19,6,3,0,1,2,1,0,0,0,0,0,365349.323599999770000,5786796.322799999300000,7.029049422000071,52.215126747000056,0,05201016705000191816
05,5,62,004,2020,10,10,6,2,8,7,0,0,1,0,0,1,0,383028.793800000100000,5718342.736099999400000,7.310944016000065,51.603962606000039,0,05201016702340587242
05,5,62,024,2020,10,07,3,3,5,3,2,0,1,0,1,0,0,368551.462600000200000,5722730.684399999700000,7.100362737000069,51.640202343000055,0,05201020701500249200
05,5,66,072,2020,10,07,2,3,5,3,1,0,1,0,0,0,0,413326.899000000210000,5800808.779999999300000,7.727479345000063,52.350712834000035,0,05201019709700561973
05,5,15,000,2020,10,06,6,3,0,1,2,0,0,0,1,0,0,404417.407100000420000,5755039.062599999800000,7.609585600000060,51.937850907000040,0,05201016702100110864
05,5,70,040,2020,10,11,1,3,8,1,0,1,0,0,0,0,0,420097.681699999610000,5744116.957699999200000,7.840157237000028,51.842141720000029,0,05201018711231770571
05,5,15,000,2020,10,17,6,3,3,7,0,1,0,0,0,0,1,407667.221300000320000,5758381.080800000600000,7.655947489000027,51.968439569000054,0,05201016702100069101
05,5,70,024,2020,10,19,1,2,4,6,2,0,1,0,0,0,0,421887.180200000290000,5757121.770400000700000,7.863180316000069,51.959299678000036,1,05201018711161004297
05,5,62,028,2020,10,19,6,3,5,3,2,1,1,0,0,0,0,379252.626000000160000,5722522.981000000600000,7.255002298000022,51.640735004000078,0,05201016701920639200
05,5,66,092,2020,10,11,1,3,8,1,0,0,0,0,1,0,0,424084.756699999790000,5801014.915200000600000,7.885343150000040,52.354160865000040,0,05201018709700042445
05,5,66,068,2020,10,20,1,2,5,3,2,0,1,0,0,0,1,374782.723199999890000,5791586.651499999700000,7.165276658000039,52.260397217000047,0,05201018709300068286
05,5,58,008,2020,10,06,2,1,9,1,2,0,1,0,0,0,0,389603.660299999640000,5763220.328099999600000,7.391548170000021,52.008638106000035,0,05201019706200603156
05,5,58,044,2020,10,20,1,3,9,7,2,0,1,0,0,0,0,393561.924599999560000,5745072.025299999900000,7.454808986000046,51.846298232000038,0,05201018706000221866
05,5,54,020,2020,10,19,1,3,0,6,2,0,1,0,0,0,0,365399.698099999690000,5786819.009099999400000,7.029777285000023,52.215342899000063,1,05201018705000987251
05,5,62,008,2020,10,22,6,3,3,6,2,0,0,0,1,0,1,383204.531700000170000,5723310.463300000900000,7.311823767000021,51.648647177000043,0,05201016701910285438
05,5,54,044,2020,10,14,1,3,8,1,0,0,0,0,1,0,0,367734.887900000440000,5741702.582399999700000,7.081363047000025,51.810499097000047,0,05201018705000838824
05,5,62,004,2020,10,21,6,3,6,4,2,0,1,1,0,0,0,382937.946200000120000,5712743.966099999800000,7.311499082000069,51.553623697000035,0,05201016701800640200
05,5,54,048,2020,10,02,1,3,0,7,2,1,0,1,0,0,0,339117.734000000170000,5745627.960000000900000,6.664757776000045,51.838261726000042,0,05201018705000774671
05,5,62,004,2020,10,11,1,3,8,1,0,0,1,0,0,0,0,383039.384899999950000,5713578.888399999600000,7.312683822000054,51.561148799000080,0,05201018702340387222
05,5,62,008,2020,10,17,1,3,1,5,1,1,1,0,0,0,1,384859.298600000330000,5722640.413100000500000,7.335951569000031,51.642966278000074,0,05201018701910308065
05,5,62,012,2020,10,10,6,3,6,4,0,0,1,1,0,0,0,359242.428000000310000,5725072.328600000600000,6.964978607000035,51.658991350000065,0,05201016701610506208
05,5,13,000,2020,10,18,1,3,0,7,2,0,0,0,1,0,0,364569.769799999890000,5713866.573400000100000,7.046278997000059,51.559601827000051,1,05201018700200971537
05,5,12,000,2020,10,21,6,3,5,2,2,0,1,0,0,0,0,356666.318799999540000,5708885.435399999800000,6.934369077000042,51.512889292000068,0,05201016701400650201
05,5,58,012,2020,10,16,2,3,0,2,0,0,1,1,0,0,0,374073.622399999760000,5755549.458200000200000,7.168210210000041,51.936398809000082,0,05201019706200585477
05,5,58,004,2020,10,08,2,2,8,7,0,0,1,0,0,0,0,408539.606999999840000,5733956.770999999700000,7.675108026000032,51.749039599000071,1,05201019706000610692
05,5,12,000,2020,10,17,6,3,2,6,1,0,1,0,0,0,0,356084.899000000210000,5708781.398099999900000,6.926038399000049,51.511806634000038,0,05201016701400606200
05,5,70,028,2020,10,16,3,3,5,3,0,1,1,0,0,0,0,441110.308400000450000,5743432.502499999500000,8.145244812000044,51.838600132000067,1,05201020711413078050
05,5,62,020,2020,10,15,6,3,3,6,0,0,1,0,1,0,0,370828.859000000170000,5717582.967000000200000,7.135153334000052,51.594468626000037,0,05201016701200598205
05,5,58,008,2020,10,07,2,3,1,6,2,0,1,0,0,0,0,388430.293899999930000,5763297.684100000200000,7.374434669000038,52.009098717000029,1,05201019706000378383
05,5,54,012,2020,10,09,3,3,5,3,0,1,1,0,0,0,0,352230.340499999930000,5745920.944199999800000,6.854814670000053,51.844517706000033,0,05201020705000220970
05,5,54,048,2020,10,17,2,3,5,3,0,0,1,0,0,0,0,341675.148000000040000,5745014.088999999700000,6.702127607000023,51.833477565000067,0,05201019705000974716
05,5,70,004,2020,10,20,7,2,8,7,2,0,1,0,0,0,0,427029.960599999870000,5737899.613399999200000,7.942074829000035,51.787198659000069,0,05201017711213202946
05,5,66,076,2020,10,19,7,3,5,3,2,0,1,0,0,0,0,395323.587500000370000,5793956.527400000000000,7.465383943000063,52.285988632000056,0,05201017709500076732
05,5,66,076,2020,10,00,7,3,1,5,2,0,1,0,0,0,0,397435.198300000280000,5787298.154600000000000,7.498352470000043,52.226544849000049,0,05201017709500074722
05,5,58,032,2020,10,19,7,3,8,1,2,0,1,0,0,0,0,389752.597799999640000,5755735.621899999700000,7.396121550000032,51.941399168000032,0,05201017706100887304
05,5,54,020,2020,10,14,7,3,1,6,0,0,1,0,0,0,0,366672.967400000430000,5785686.128499999600000,7.048849258000075,52.205473068000060,0,05201017705000887336
05,5,54,060,2020,10,14,7,3,1,6,0,1,0,0,0,0,0,353726.276800000110000,5757584.332399999700000,6.871566958000074,51.949706229000071,0,05201017705000791811
05,5,54,012,2020,10,05,7,3,9,1,2,1,0,0,0,0,0,352572.301599999890000,5748998.526000000500000,6.858462221000025,51.872259847000066,0,05201017705000315730
05,5,54,020,2020,10,16,7,3,0,7,0,1,0,0,0,0,1,366844.249300000260000,5783558.313699999800000,7.052190490000044,52.186395087000051,0,05201017705000087336
05,5,66,004,2020,10,11,3,2,3,7,0,1,1,1,0,0,0,394775.183799999770000,5767180.285700000800000,7.465648488000056,52.045233491000033,0,05201020709100572339
05,5,54,016,2020,10,15,7,2,4,2,0,0,1,0,1,0,0,364076.637400000360000,5756665.023399999400000,7.022438175000048,51.944071156000064,0,05201017705000072455
05,5,66,028,2020,10,01,7,2,8,7,2,0,1,0,0,0,0,418014.510400000030000,5789730.379200000300000,7.798982642000055,52.251855467000041,0,05201017702350072417
05,5,13,000,2020,10,22,7,3,2,6,2,0,1,0,0,0,0,363384.297600000170000,5713669.286200000000000,7.029264832000024,51.557543062000036,0,05201017702340587253
05,5,15,000,2020,10,11,7,3,5,3,0,1,1,0,0,0,0,406198.584599999710000,5751296.093100000200000,7.636507731000052,51.904510225000081,0,05201017702100072399
05,5,13,000,2020,10,13,7,3,2,6,0,0,1,0,0,0,0,368786.678999999540000,5708971.870999999300000,7.108900505000065,51.516611057000034,0,05201017700100705126
05,5,13,000,2020,10,08,7,3,0,7,0,1,0,0,0,0,0,368154.264200000090000,5713238.349500000500000,7.098193512000023,51.554805454000075,0,05201017700000071568
05,5,62,004,2020,10,22,3,3,6,2,2,0,1,1,0,0,0,383028.310499999670000,5712533.122999999700000,7.312872009000046,51.551747436000028,1,05201020701800478208
05,5,54,008,2020,10,16,2,3,1,6,0,0,1,0,0,0,0,338655.260800000280000,5745637.930900000000000,6.658046267000032,51.838217892000046,0,05201019705000686931
05,5,54,024,2020,10,11,2,3,2,7,0,0,1,0,0,0,0,366258.843999999580000,5774165.857000000800000,7.047328694000044,52.101857514000073,0,05201019705000455357
05,5,54,056,2020,10,18,3,3,1,6,2,0,1,0,0,0,0,356881.401200000200000,5762814.621700000000000,6.915263334000031,51.997521352000035,1,05201020705000368254
05,5,13,000,2020,10,15,6,3,0,7,0,0,1,1,0,0,0,369336.810999999750000,5707385.291699999900000,7.117412561000037,51.502480215000048,1,05201023700100071515
05,5,54,068,2020,10,13,6,3,9,6,0,0,1,0,0,0,1,353758.895499999630000,5773457.568800000500000,6.865259924000043,52.092331077000040,0,05201023705000051911
05,5,70,020,2020,10,07,4,3,0,2,2,0,1,1,0,0,0,433136.772599999790000,5743140.660000000100000,8.029586080000058,51.835078679000048,1,05201021711422579226
05,5,66,044,2020,10,18,6,3,5,2,0,0,1,0,1,0,0,427179.252999999560000,5774135.379000000700000,7.936560974000031,52.112959393000040,0,05201023709000581046
05,5,70,028,2020,10,08,4,2,6,2,0,0,1,1,0,0,0,441045.177000000140000,5741473.630300000300000,8.144633262000070,51.820982574000027,1,05201021711412666782
05,5,70,016,2020,10,15,4,3,4,2,0,0,1,0,0,0,0,412615.441499999720000,5735311.481200000300000,7.733793938000076,51.761867882000047,0,05201021711221681146
05,5,70,052,2020,10,02,4,3,4,6,2,0,1,0,0,0,0,433423.503899999890000,5755596.972999999300000,8.031342153000026,51.947093231000053,1,05201021711113381616
05,5,62,004,2020,10,13,6,3,5,3,0,0,1,0,0,0,0,382973.850700000300000,5715844.044500000800000,7.310984337000036,51.581493769000076,1,05201023701800361205
05,5,54,012,2020,10,12,4,3,0,7,0,0,1,0,0,0,0,350226.607699999590000,5744176.897800000400000,6.826503677000062,51.828314043000034,0,05201021705000938824
05,5,54,012,2020,10,19,4,3,0,1,2,1,0,0,0,0,0,354730.806200000460000,5746428.584899999200000,6.890874115000031,51.849735059000068,0,05201021705000038824
05,5,62,012,2020,10,20,4,3,2,7,2,0,1,0,0,0,0,359532.300400000070000,5735520.187300000300000,6.964956987000051,51.752945669000042,0,05201021702340070606
05,5,15,000,2020,10,09,4,3,5,2,0,1,0,0,0,0,1,409847.487999999900000,5751858.771999999900000,7.689385473000073,51.910170432000029,1,05201021702100039947
05,5,62,016,2020,10,17,4,3,4,2,0,0,1,0,0,0,0,370289.441499999720000,5732388.448000000800000,7.121875861000035,51.727396494000061,1,05201021701700185012
05,5,62,012,2020,10,18,4,3,3,6,0,0,1,0,1,0,0,359393.060899999920000,5726244.260900000100000,6.966683402000058,51.669559812000045,0,05201021701610770202
05,5,62,024,2020,10,16,4,3,2,2,0,0,1,0,0,0,0,372190.987800000240000,5725505.274100000000000,7.151915586000030,51.665975916000036,1,05201021701500779203
05,5,62,014,2020,10,08,4,3,0,1,2,1,0,0,0,0,0,360711.568400000220000,5716282.920700000600000,6.989698946000033,51.580375783000079,1,05201021701300286669
05,5,54,020,2020,10,19,6,3,0,3,2,1,1,0,0,0,0,365932.929800000040000,5782657.311899999200000,7.039224309000076,52.178078459000062,0,05201023705000487381
05,5,62,020,2020,10,15,6,3,1,3,0,1,1,0,0,0,0,370746.564000000250000,5718393.916999999400000,7.133667119000052,51.601737598000057,1,05201023701200388200
05,5,62,016,2020,10,14,6,2,8,6,0,0,1,0,0,0,1,374609.461299999620000,5739767.187799999500000,7.181729922000045,51.794690546000027,1,05201023702330481369
05,5,66,076,2020,10,23,6,3,0,1,2,0,0,0,1,0,0,393195.815999999640000,5793312.917999999600000,7.434406022000076,52.279795015000047,1,05201023709500479617
05,5,54,052,2020,10,06,6,3,8,1,2,0,1,0,0,0,0,376902.157999999820000,5774076.346999999100000,7.202671103000057,52.103523856000038,1,05201023705000081092
05,5,15,000,2020,10,12,6,3,2,6,0,0,1,0,0,0,0,404993.461000000130000,5763605.397199999500000,7.615591049000045,52.014946963000057,1,05201023702100073242
05,5,70,040,2020,10,07,5,3,8,1,1,0,1,0,0,0,0,422289.314899999650000,5741853.863900000200000,7.872471925000070,51.822107038000070,0,05201022711231979152
05,5,70,040,2020,10,19,5,2,8,1,2,0,1,0,0,0,0,419065.912600000390000,5742975.559299999800000,7.825450726000042,51.831732722000027,1,05201022711231976765
05,5,66,092,2020,10,15,5,2,4,6,0,0,1,0,0,0,0,424089.082000000400000,5794978.698100000600000,7.886769541000035,52.299903378000067,1,05201022709700676770
05,5,66,068,2020,10,23,5,3,8,1,2,0,1,0,0,0,0,381866.739599999970000,5782609.734099999100000,7.272155652000038,52.181292943000074,1,05201022709300672352
05,5,62,032,2020,10,01,6,2,3,1,2,0,1,0,0,0,1,377421.397300000300000,5717003.735300000800000,7.230482110000025,51.590736007000032,1,05201023702340887386
05,5,66,012,2020,10,05,5,3,4,2,2,0,1,0,0,0,0,401047.565999999640000,5777771.505999999100000,7.554002857000057,52.141582094000057,0,05201022709110372341