ULAND,UREGBEZ,UKREIS,UGEMEINDE,UJAHR,UMONAT,USTUNDE,UWOCHENTAG,UKATEGORIE,UART,UTYP1,ULICHTVERH,IstRad,IstPKW,IstFuss,IstKrad,IstGkfz,IstSonstige,LINREFX,LINREFY,XGCSWGS84,YGCSWGS84,STRZUSTAND,UIDENTSTLAE
05,5,58,040,2020,10,07,6,3,4,2,2,0,1,0,0,0,0,371781.225800000130000,5761789.198599999800000,7.132553213000051,51.991947177000043,0,05201023706000085477
05,5,58,004,2020,10,11,5,2,0,1,0,1,0,0,0,0,0,407662.703700000420000,5733445.297299999700000,7.662544753000077,51.744298165000032,1,05201022706300476677
05,5,58,016,2020,10,18,5,2,5,3,2,0,1,0,0,0,0,382649.430999999870000,5745158.537000000500000,7.296432013000072,51.844888687000036,1,05201022706100127034
05,5,62,004,2020,10,10,6,3,2,6,0,0,0,0,0,1,1,385191.063699999820000,5714420.274000000200000,7.343435773000067,51.569153170000050,1,05201023701800242200
05,5,54,008,2020,10,11,5,3,0,3,0,1,1,0,0,0,0,336766.415000000040000,5749217.432000000000000,6.628964103000044,51.869825435000052,0,05201022705000776646
05,5,54,020,2020,10,23,5,3,1,6,2,0,1,0,0,0,0,365251.969999999740000,5785996.909000000000000,7.027943529000027,52.207919972000070,1,05201022705000220880
05,5,15,000,2020,10,07,5,3,5,3,2,1,1,0,0,0,0,409071.341900000350000,5752861.267899999400000,7.677840608000054,51.919055397000079,0,05201022702100865796
05,5,15,000,2020,10,22,5,3,5,3,2,0,1,0,0,0,0,407169.713499999610000,5757930.935200000200000,7.648829329000023,51.964310566000051,1,05201022702100772436
05,5,15,000,2020,10,11,5,3,5,3,0,1,1,0,0,0,0,405515.797100000080000,5751864.493000000700000,7.626429971000050,51.909503916000062,0,05201022702100268200
05,5,62,008,2020,10,07,5,3,2,6,2,0,1,0,0,0,1,382466.779299999590000,5721099.342000000200000,7.301907813000071,51.628620854000076,1,05201022701910848785
05,5,70,024,2020,10,17,6,2,4,1,1,0,1,0,0,0,0,417306.597000000070000,5748717.118000000700000,7.798550756000054,51.883087055000033,1,05201023711161976757
05,5,62,004,2020,10,19,5,3,6,4,2,0,1,1,0,0,0,382559.652999999930000,5714903.042799999900000,7.305323769000040,51.572950197000068,1,05201022701800076205
05,5,54,032,2020,10,19,6,3,8,7,2,0,0,0,1,0,0,325426.759200000200000,5747661.303700000000000,6.465205483000034,51.852414812000063,0,05201023705000387244
05,5,15,000,2020,10,21,6,3,0,7,2,1,0,0,0,0,0,405185.536000000310000,5759111.482999999100000,7.619631993000041,51.974586930000044,1,05201023702100092910
05,5,15,000,2020,10,18,4,3,5,2,2,1,1,0,0,0,0,403933.676300000400000,5758088.594100000300000,7.601698707000026,51.965177876000041,1,05201028702100555355
05,5,15,000,2020,10,17,3,3,2,6,2,0,1,0,1,0,1,401702.726999999960000,5753655.024700000900000,7.570504381000035,51.924937887000056,0,05201027702100365812
05,5,58,004,2020,10,20,2,2,2,2,2,0,1,0,0,0,0,408071.082200000060000,5740133.831399999600000,7.666687300000035,51.804487691000077,0,05201026706300585357
05,5,70,044,2020,10,07,2,2,2,6,0,0,1,0,0,0,0,415541.181900000200000,5759737.072599999600000,7.770202109000024,51.981880718000070,1,05201026711141187376
05,5,54,044,2020,10,17,1,3,7,7,2,0,1,0,0,0,0,364408.870000000110000,5746825.461699999900000,7.031138996000038,51.855736001000082,1,05201025705000578089
05,5,15,000,2020,10,00,2,2,9,1,2,0,1,0,0,0,0,400244.795599999840000,5756189.074699999800000,7.548574701000064,51.947455028000036,1,05201026702330474771
05,5,66,016,2020,10,16,4,3,5,3,0,0,1,0,0,0,1,406783.036000000310000,5790245.607999999100000,7.634356517000072,52.254698251000036,0,05201028709500762050
05,5,58,032,2020,10,12,1,3,3,1,0,0,1,0,0,0,0,388269.670599999840000,5750466.056800000400000,7.376267024000072,51.893743310000048,1,05201025702330805093
05,5,15,000,2020,10,19,1,3,5,2,2,1,1,0,0,0,0,405020.444500000220000,5758079.669999999900000,7.617514714000038,51.965284406000080,1,05201025702100844971
05,5,15,000,2020,10,18,1,3,5,3,2,0,1,0,0,0,0,405575.979399999600000,5754349.248900000000000,7.626623124000048,51.931848341000034,1,05201025702100772452
05,5,15,000,2020,10,10,1,2,5,3,0,1,1,0,0,0,0,407385.582000000400000,5761125.160000000100000,7.651108236000027,51.993057857000053,1,05201025702100097729
05,5,62,024,2020,10,05,2,3,5,3,2,0,1,0,0,0,1,367578.650799999940000,5724577.150299999900000,7.085613465000051,51.656567366000047,1,05201026701500734207
05,5,54,068,2020,10,14,4,3,5,3,0,0,1,0,0,1,0,343242.877600000240000,5769347.180800000200000,6.713769153000044,52.052526186000080,1,05201028705000064594
05,5,62,012,2020,10,00,1,2,8,1,2,0,1,0,0,0,0,359158.855299999940000,5726381.493100000500000,6.963243534000071,51.670734291000031,0,05201025701610616201
05,5,13,000,2020,10,18,1,3,5,2,2,0,1,0,0,0,0,365480.230000000450000,5714339.161399999600000,7.059224348000043,51.564066595000043,1,05201025700200816200
05,5,54,040,2020,10,15,3,2,5,3,0,1,1,0,0,0,0,350179.673899999820000,5737348.836100000900000,6.828772994000076,51.766952696000033,0,05201027705000220733
05,5,62,014,2020,10,16,4,3,5,3,0,1,1,0,0,0,0,357631.043200000190000,5713770.292700000100000,6.946287201000075,51.557028038000055,1,05201028701300688209
05,5,62,032,2020,10,18,3,3,5,3,2,1,1,0,0,0,0,376099.967100000010000,5716452.508500000500000,7.211610764000056,51.585492972000054,0,05201027701110371209
05,5,66,028,2020,10,11,2,3,5,3,0,1,0,0,0,0,1,410817.001000000160000,5788367.857000000800000,7.693933475000051,52.238489275000063,0,05201026709700269049
05,5,54,048,2020,10,07,2,2,9,1,0,0,0,0,1,0,0,342440.196000000460000,5744003.241000000400000,6.713681783000027,51.824612367000043,1,05201026705000691754
05,5,54,016,2020,10,18,4,3,3,6,2,0,1,0,0,0,1,366115.726099999620000,5761234.782700000300000,7.050304847000064,51.985628558000030,1,05201028702340787397
05,5,15,000,2020,10,14,2,3,5,3,0,1,1,0,0,0,0,404929.993700000460000,5762790.784399999300000,7.614892649000069,52.007614100000069,0,05201026702100945931
05,5,66,076,2020,10,15,4,3,2,6,0,0,1,0,0,0,0,394424.061700000430000,5791115.361600000400000,7.453090908000036,52.260282273000030,0,05201028709500274722
05,5,70,032,2020,10,06,3,2,0,2,2,1,0,0,0,1,0,420653.889600000340000,5767673.541899999600000,7.842791368000064,52.053976155000043,1,05201027711151881965
05,5,13,000,2020,10,23,4,2,9,1,2,0,1,0,0,0,0,366528.123499999750000,5706620.026100000400000,7.077258913000037,51.494946740000046,1,05201028700100569502
05,5,70,004,2020,10,06,2,2,1,5,2,1,0,0,0,1,0,422792.933799999770000,5733388.405999999500000,7.881661062000035,51.746076004000031,1,05201026711214181052
05,5,15,000,2020,10,23,3,3,8,1,2,0,1,0,0,0,0,402831.456899999640000,5752909.392000000900000,7.587124054000071,51.918434040000079,1,05201027702330366481
05,5,58,028,2020,10,12,2,3,7,7,0,1,1,0,0,0,0,399388.469800000080000,5729592.352700000600000,7.543850371000076,51.708241451000049,0,05201026706300676677
05,5,54,016,2020,10,05,2,3,1,5,1,0,1,0,0,0,0,363596.807000000030000,5757112.843699999200000,7.015283923000027,51.947977678000029,1,05201026705000087276
05,5,66,028,2020,10,09,4,2,2,1,0,0,1,0,0,0,0,413223.832100000230000,5793852.421499999200000,7.727761176000058,52.288171061000071,1,05201028709700276667
05,5,62,036,2020,10,11,2,2,5,2,0,1,1,0,0,0,0,389280.864099999890000,5720234.742200000200000,7.400586838000038,51.622232013000030,0,05201026701930748785
05,5,54,048,2020,10,14,4,3,5,2,0,0,1,0,1,0,0,340818.694000000130000,5745200.010500000800000,6.689622686000064,51.834904463000044,0,05201028705000091840
05,5,54,004,2020,10,07,3,3,2,1,0,0,1,0,0,0,0,362675.300200000410000,5773363.596799999500000,6.995365105000076,52.093771076000053,0,05201027705000387276
05,5,62,028,2020,10,17,4,3,2,6,2,0,1,0,0,0,0,378923.213899999860000,5723413.509899999900000,7.249935944000072,51.648667641000031,0,05201028701920731203
05,5,70,028,2020,10,03,1,2,8,7,2,0,1,0,0,0,0,439667.046400000340000,5739777.717199999800000,8.124936022000043,51.805588875000069,0,05201025301911780495
05,5,15,000,2020,10,11,3,3,5,3,0,1,1,0,0,0,0,408586.706399999560000,5753612.234200000800000,7.670596333000049,51.925726223000026,0,05201027702100142799
05,5,66,044,2020,10,15,2,3,8,1,0,0,1,0,0,0,0,421398.937400000170000,5774527.905400000500000,7.852075067000044,52.115696379000042,0,05201026709800279149
05,5,15,000,2020,10,18,2,3,0,3,2,1,1,0,0,0,0,411439.281000000420000,5752600.168700000300000,7.712329554000064,51.917090079000047,0,05201026702100965812
05,5,66,076,2020,10,17,4,3,9,1,2,0,1,0,0,0,0,393978.042200000030000,5793358.424699999400000,7.445853418000070,52.280355423000060,1,05201028709500474722
05,5,58,008,2020,10,06,2,3,8,1,2,0,1,0,0,0,0,381928.707299999890000,5763019.400100000200000,7.279847669000048,52.005252895000069,1,05201026706000952435
05,5,62,020,2020,10,18,2,2,5,2,2,0,1,0,1,0,0,370279.414200000460000,5717572.690899999800000,7.127229339000053,51.594250025000065,1,05201026701200063200
05,5,15,000,2020,10,06,4,2,2,6,2,0,1,0,0,1,0,402231.264700000170000,5762678.074799999600000,7.575619071000062,52.006132259000026,1,05201028702350118937
05,5,70,016,2020,10,16,3,3,5,3,0,0,1,0,0,0,0,413657.512600000020000,5740171.814500000300000,7.747680386000070,51.805719768000074,0,05201027711221102909
05,5,62,032,2020,10,17,4,3,4,6,1,1,0,0,0,0,0,373985.194000000130000,5719166.349999999600000,7.180127442000071,51.609413438000047,0,05201028701110703208
05,5,66,040,2020,10,11,7,2,8,1,0,0,1,0,0,0,0,420477.644999999550000,5777689.447000000600000,7.837883861000023,52.143983453000033,1,05201024709800174620
05,5,13,000,2020,10,18,3,3,3,6,2,0,1,0,0,0,1,370741.478500000200000,5715264.881200000600000,7.134745991000045,51.573616347000041,0,05201027702340087344
05,5,66,088,2020,10,17,7,3,8,7,1,0,1,0,0,0,0,421524.453800000250000,5788617.982799999400000,7.850647283000058,52.242368201000033,1,05201024709800070347
05,5,58,040,2020,10,14,7,2,5,3,0,0,1,0,0,0,0,371519.424499999730000,5762753.365199999900000,7.128381021000052,52.000550836000059,0,05201024706200353747
05,5,66,012,2020,10,15,2,3,8,1,0,0,1,0,0,0,0,401071.216400000270000,5768055.770099999400000,7.557169084000066,52.054261788000076,0,05201026709110572341
05,5,62,014,2020,10,05,7,2,2,6,2,0,1,0,0,0,0,356445.510300000200000,5714691.008700000100000,6.928821565000021,51.565000920000045,0,05201024702340330260
05,5,15,000,2020,10,23,7,2,0,1,2,1,0,0,0,0,0,405517.006799999620000,5756532.892799999600000,7.625165647000074,51.951465925000036,0,05201024702100510903
05,5,62,004,2020,10,16,7,3,5,2,0,0,1,0,0,0,0,383127.487300000150000,5709598.367799999200000,7.315276226000037,51.525391069000079,0,05201024701800592201
05,5,54,048,2020,10,15,2,3,9,2,0,1,0,0,0,0,0,340439.513000000270000,5745404.460999999200000,6.684029776000045,51.836633031000076,0,05201026705000381625
05,5,70,016,2020,10,07,4,3,5,3,0,0,1,0,0,1,0,411770.544999999930000,5734851.482000000800000,7.721671412000035,51.757600419000028,0,05201028711221776765
05,5,62,016,2020,10,13,7,3,0,7,0,1,0,0,0,0,0,369848.177099999970000,5731369.691199999300000,7.115871069000036,51.718139160000078,1,05201024701700591202
05,5,13,000,2020,10,10,7,1,5,3,0,0,1,0,0,0,0,362608.590800000350000,5720723.346799999500000,7.015320882000026,51.620743855000057,1,05201024700200075467
05,5,15,000,2020,10,16,2,3,4,6,1,1,0,0,0,0,1,406198.854399999600000,5761403.956800000700000,7.633753019000039,51.995364622000068,1,05201026702100397729
05,5,54,068,2020,10,07,4,3,0,7,0,0,1,0,0,1,0,350891.803999999540000,5765781.721000000800000,6.826790746000029,52.022603267000079,0,05201028705000661422
05,5,66,028,2020,10,17,3,3,4,2,2,0,1,0,1,0,0,411441.940999999640000,5793316.278999999200000,7.701784672000031,52.283067824000057,0,05201027709700581017
05,5,54,020,2020,10,13,5,3,2,6,0,0,1,0,0,0,0,367022.083499999720000,5785867.292400000600000,7.053883994000046,52.207185245000062,0,05201029705000021020
05,5,66,084,2020,11,14,1,2,5,3,0,1,0,0,0,0,0,386302.648699999790000,5778353.844799999100000,7.338431531000026,52.143977721000056,1,05201101709300174736
05,5,54,028,2020,10,08,5,3,5,2,0,0,1,0,0,0,0,356260.603000000120000,5743546.987999999900000,6.914266000000055,51.824239201000069,1,05201029705000015757
05,5,62,032,2020,11,16,1,3,5,3,1,0,1,0,0,0,0,376887.689899999650000,5718376.113399999200000,7.222300004000033,51.602953540000044,1,05201101701110544200
05,5,62,020,2020,10,21,5,2,8,1,2,0,1,0,0,0,0,371916.956699999980000,5715422.346599999800000,7.151641669000071,51.575299766000057,1,05201029702340487386
05,5,62,032,2020,10,06,5,3,0,6,2,0,1,0,0,0,0,373467.402300000190000,5719439.458599999500000,7.172555136000028,51.611751734000052,1,05201029702340340998
05,5,66,096,2020,10,16,7,3,2,6,0,0,1,0,1,0,0,385708.881000000050000,5785961.312000000800000,7.327194699000074,52.212222399000041,0,05201031709100202281
05,5,15,000,2020,10,16,5,2,0,1,0,1,0,0,0,0,0,403859.326000000350000,5754777.892000000900000,7.601542949000077,51.935407265000038,0,05201029702100768200
05,5,15,000,2020,10,18,5,3,5,3,2,1,1,0,0,0,0,403926.357900000180000,5759360.175799999400000,7.601236339000025,51.976605997000036,1,05201029702100265912
05,5,62,016,2020,10,18,5,2,6,2,2,0,1,1,0,0,0,370328.244199999610000,5731387.097300000500000,7.122810201000050,51.718406778000030,1,05201029701700002208
05,5,62,024,2020,10,18,5,3,0,1,2,1,0,0,0,0,0,367625.935899999920000,5723691.261900000300000,7.086631988000022,51.648617490000049,1,05201029701500996208
05,5,62,004,2020,10,00,7,2,9,1,2,0,1,0,0,0,0,383168.796099999920000,5715049.448799999400000,7.314060968000035,51.574392618000047,1,05201031701800319208
05,5,12,000,2020,10,14,5,3,2,6,0,0,1,0,0,0,1,359097.382299999710000,5709887.729800000800000,6.968979378000029,51.522507467000082,0,05201029701400942207
05,5,62,032,2020,10,16,5,2,5,3,1,0,1,0,0,0,0,377981.695100000130000,5715124.540999999300000,7.239219381000055,51.573968655000044,1,05201029701120982201
05,5,62,014,2020,10,13,7,2,2,6,0,0,1,0,0,0,0,360162.206899999640000,5713424.364099999900000,6.982912944000020,51.554552641000043,0,05201031701300391204
05,5,13,000,2020,11,09,2,3,5,3,0,1,1,0,0,0,0,364479.763899999670000,5713341.675400000100000,7.045183679000047,51.554863265000051,0,05201102700200347205
05,5,62,004,2020,10,23,7,3,2,1,2,0,1,0,0,0,0,384589.421199999750000,5717791.137399999400000,7.333650548000037,51.599326969000060,1,05201031301911681557
05,5,62,032,2020,10,18,5,2,6,4,2,0,1,1,0,0,0,375161.504399999980000,5719963.777100000500000,7.196822276000034,51.616842038000073,1,05201029701110007203
05,5,13,000,2020,10,17,5,3,1,7,2,0,1,0,0,0,0,367430.871399999600000,5714072.171700000800000,7.087450799000067,51.562129174000063,1,05201029700200172209
05,5,70,036,2020,10,15,7,2,4,2,0,0,1,0,0,0,0,434786.802099999970000,5767978.484799999700000,8.048817931000031,52.058561021000060,0,05201031711121581020
05,5,62,032,2020,11,17,1,3,4,2,2,0,1,0,0,0,0,370998.486700000240000,5719271.257999999400000,7.136979869000072,51.609679853000046,1,05201101702340051306
05,5,70,008,2020,10,10,6,3,3,6,0,0,1,0,0,0,0,433860.344100000340000,5734626.932000000000000,8.041709895000054,51.758626343000060,0,05201030711313081146
05,5,70,004,2020,10,01,6,2,8,1,2,0,0,0,1,0,0,426243.519799999890000,5731519.115499999400000,7.932029226000054,51.729736354000067,1,05201030711214076704
05,5,54,012,2020,10,14,7,2,8,1,0,0,0,0,1,0,0,354783.376699999910000,5740177.561599999700000,6.894258102000038,51.793582370000081,0,05201031705000901676
05,5,70,052,2020,10,07,6,3,4,2,1,0,1,0,0,0,0,427197.057199999690000,5761594.536000000300000,7.939494002000060,52.000228008000079,1,05201030711111279151
05,5,66,008,2020,10,17,6,2,5,1,1,0,1,0,1,0,0,396918.736999999730000,5781637.833000000600000,7.492516459000058,52.175576104000072,1,05201030709300102638
05,5,66,012,2020,10,05,6,2,5,3,2,1,1,0,0,0,0,403307.431099999700000,5772189.718499999500000,7.588601055000027,52.091812918000073,1,05201030709110676669
05,5,66,012,2020,10,20,6,3,0,3,2,0,1,0,0,0,0,406277.993999999950000,5772327.194000000100000,7.631910280000056,52.093559650000032,1,05201030709100087292
05,5,54,024,2020,10,07,6,3,6,7,0,0,1,1,0,0,0,370174.849499999550000,5776394.478800000600000,7.103619684000023,52.122816425000053,1,05201030705000404992
05,5,12,000,2020,10,16,7,2,5,3,0,0,1,0,0,0,0,358607.554499999620000,5719745.676799999500000,6.957957588000056,51.610967782000046,0,05201031701400418201
05,5,12,000,2020,11,11,2,3,5,2,0,0,1,0,0,0,1,354239.052000000140000,5711181.838999999700000,6.898463980000031,51.532902978000038,0,05201102701400737200
05,5,54,008,2020,10,10,6,2,5,3,0,1,1,0,0,0,0,333493.122499999590000,5745506.740299999700000,6.583250678000070,51.835524313000064,0,05201030705000374468
05,5,54,064,2020,10,06,6,3,5,3,1,1,1,0,0,0,0,361574.764200000090000,5751219.926200000600000,6.988251179000031,51.894527236000044,1,05201030705000179154
05,5,62,012,2020,10,07,6,3,2,6,0,0,1,0,0,1,0,359742.396900000050000,5738526.597999999300000,6.966784946000075,51.780012880000072,1,05201030702340503172
05,5,15,000,2020,10,09,6,3,2,6,0,0,1,0,0,0,0,404903.531000000420000,5762250.720000000700000,7.614657137000052,52.002755295000043,1,05201030702100854101
05,5,15,000,2020,10,13,6,3,2,6,0,0,1,0,0,0,0,403886.285000000150000,5754770.105000000400000,7.601937142000054,51.935341929000060,1,05201030702100666481
05,5,62,036,2020,10,22,6,3,0,3,2,0,1,0,1,0,0,388787.571999999690000,5719066.981000000600000,7.393834535000053,51.611638896000045,1,05201030701930885438
05,5,62,012,2020,10,07,6,3,5,3,1,1,1,0,0,0,0,361127.468000000340000,5726448.574999999300000,6.991666732000056,51.671827140000062,1,05201030701610064202
05,5,12,000,2020,10,09,6,3,2,6,0,0,1,0,0,0,0,355955.848100000060000,5711596.535599999100000,6.923028954000074,51.537069956000039,1,05201030701400379131
05,5,12,000,2020,10,15,6,3,2,6,0,0,1,0,0,0,0,356433.680999999870000,5710005.546099999900000,6.930562524000038,51.522895352000035,1,05201030701400293200
05,5,12,000,2020,10,14,6,2,2,6,0,0,1,0,0,0,0,355731.134700000290000,5709798.849899999800000,6.920527454000023,51.520859011000027,1,05201030701400269201
05,5,62,032,2020,10,15,6,3,2,6,0,0,1,0,0,0,0,375387.624900000170000,5719456.740599999200000,7.200266928000076,51.612335349000034,1,05201030701110256203
05,5,62,032,2020,10,09,6,3,2,6,0,0,1,0,0,0,0,373839.516900000160000,5720943.181299999400000,7.177385024000046,51.625349189000076,1,05201030701110106206
05,5,13,000,2020,10,14,6,3,2,6,0,0,1,0,0,0,0,366434.018000000160000,5714472.485200000900000,7.072925994000059,51.565491414000064,0,05201030700200811208
05,5,66,028,2020,11,15,1,3,3,7,0,0,1,0,0,0,0,412355.196000000460000,5791258.236999999700000,7.715703682000026,52.264715965000050,1,05201101709700581017
05,5,62,020,2020,11,15,1,2,5,3,0,0,1,0,0,0,0,368143.192200000400000,5718494.970499999800000,7.096060312000077,51.602042244000074,1,05201101701200543201
05,5,66,092,2020,10,08,7,3,4,1,0,0,1,0,0,0,0,424070.843999999580000,5794987.098999999500000,7.886500242000068,52.299976371000071,1,05201031709700287281
05,5,62,014,2020,10,18,7,3,2,6,2,0,1,0,0,0,0,360550.697999999860000,5716194.918199999300000,6.987413646000050,51.579545210000049,0,05201031701300422208
05,5,13,000,2020,11,11,2,3,0,7,0,1,0,0,0,0,0,365045.704800000410000,5716369.885500000800000,7.052179057000046,51.582211715000028,0,05201102700200366208
05,5,62,004,2020,10,09,7,3,5,3,0,0,1,0,1,0,0,381717.036799999890000,5712382.319199999800000,7.294018684000037,51.550118677000057,1,05201031701800350201
05,5,54,032,2020,11,11,1,2,8,1,0,0,1,0,0,0,0,326124.794700000440000,5743399.292300000800000,6.477471517000026,51.814349207000078,0,05201101705000276761
05,5,66,068,2020,11,21,1,2,6,2,2,0,1,1,0,0,0,377527.762000000100000,5785557.194000000100000,7.207660504000046,52.206833367000058,1,05201101709300055917
05,5,13,000,2020,11,19,1,3,4,2,2,0,1,0,0,0,0,367424.788099999540000,5708567.892899999400000,7.089436001000024,51.512662656000032,1,05201101700100325205
05,5,70,048,2020,10,02,7,3,8,7,2,0,1,0,0,0,0,451488.224899999800000,5731551.411599999300000,8.297522832000027,51.732779946000051,1,05201031711321035328
05,5,58,012,2020,10,13,7,3,5,3,0,1,1,0,0,0,0,377453.370699999850000,5752225.341399999300000,7.218530964000024,51.907280402000026,1,05201031706200914206
05,5,62,024,2020,10,14,7,3,5,3,0,1,1,0,0,0,0,370401.600899999960000,5726702.059399999700000,7.125612330000024,51.676321155000039,0,05201031701500394201
05,5,66,040,2020,11,02,1,3,7,6,2,0,1,1,0,0,0,423425.106499999760000,5782550.514100000300000,7.879851322000036,52.188096003000055,1,05201101709800236577
05,5,12,000,2020,11,01,1,3,8,1,2,0,1,0,0,0,0,355413.871600000190000,5716440.233599999900000,6.913227966000022,51.580455294000046,0,05201101701400473202
05,5,62,004,2020,10,11,7,3,5,7,0,0,1,0,1,0,0,383379.701899999750000,5710904.563799999700000,7.318477653000059,51.537183045000063,0,05201031701800371202
05,5,70,036,2020,10,15,7,3,0,2,0,1,1,0,0,0,0,434191.351900000130000,5760181.643799999700000,8.041633511000043,51.988399650000076,1,05201031711000553624
05,5,70,008,2020,10,02,6,3,8,7,2,0,0,0,0,1,0,430518.128499999640000,5733349.708599999500000,7.993548045000068,51.746739460000072,1,05201030031100784934
05,5,12,000,2020,10,12,7,3,5,3,0,1,1,0,0,0,0,357133.112999999900000,5722020.482000000800000,6.935750315000064,51.631036304000077,0,05201031701400404204
05,5,62,020,2020,11,05,2,3,3,2,2,1,1,0,0,0,0,373561.076999999580000,5713313.762000000100000,7.176113438000073,51.556720945000052,1,05201102701200485372
05,5,70,024,2020,10,05,5,2,5,2,2,0,1,0,0,0,0,420911.449599999930000,5754029.600099999500000,7.849694406000026,51.931365520000043,1,05201029711161581146
05,5,70,044,2020,10,12,5,3,5,7,0,0,1,0,0,0,0,416389.901399999860000,5759498.117100000400000,7.782615448000058,51.979861134000032,0,05201029711141476143
05,5,70,036,2020,10,09,5,3,5,3,0,0,1,0,0,0,0,435134.722299999560000,5761122.842900000500000,8.055191631000071,51.996971764000079,0,05201029711121777896
05,5,66,084,2020,10,13,5,3,0,7,0,1,1,0,0,0,0,385548.267400000240000,5777975.930199999400000,7.327539362000039,52.140425648000075,0,05201029709300187315
05,5,66,060,2020,10,21,5,3,0,6,2,0,0,0,0,0,1,391722.552000000140000,5783848.032999999800000,7.415851097000029,52.194444458000078,1,05201029709100379088
05,5,66,008,2020,10,13,5,3,5,3,0,0,1,0,1,0,0,403197.161399999630000,5779631.062799999500000,7.584874629000069,52.158676634000074,0,05201029709100376750
05,5,66,004,2020,10,10,5,3,2,6,0,0,1,0,0,1,0,395638.876899999570000,5765715.501700000800000,7.478684805000057,52.032231692000039,1,05201029709100072339
05,5,58,016,2020,10,09,5,3,2,1,0,0,1,0,0,0,0,378238.292100000200000,5747616.858300000400000,7.231562112000063,51.866036806000068,0,05201029706100803163
05,5,58,016,2020,10,15,5,3,0,7,0,1,0,0,0,0,0,381563.553999999540000,5743828.468000000300000,7.281131424000023,51.832705860000033,0,05201029706100564168
05,5,54,016,2020,10,08,5,3,1,6,0,0,1,0,0,0,0,364527.916600000110000,5761057.409600000800000,7.027267086000052,51.983649820000039,1,05201029705000930800
05,5,54,008,2020,11,11,1,3,1,6,0,0,1,0,0,0,0,334559.636199999600000,5746198.960999999200000,6.598384762000023,51.842059646000052,0,05201101705000980974
05,5,54,056,2020,10,16,5,3,0,2,2,0,1,0,0,0,0,355580.273000000040000,5759983.771999999900000,6.897515990000045,51.971749538000040,1,05201029705000086784
05,5,54,016,2020,10,16,5,3,5,2,2,0,1,0,0,0,0,364656.630199999550000,5756200.194000000100000,7.031054096000048,51.940035716000068,1,05201029705000072455
05,5,12,000,2020,11,12,5,3,5,3,0,1,1,0,0,0,0,356581.526700000280000,5711541.242200000200000,6.932066796000072,51.536732405000066,0,05201105701400836206
05,5,66,084,2020,11,13,6,3,2,6,0,0,1,0,0,0,0,386465.166000000200000,5778959.019999999600000,7.340603264000038,52.149449834000052,0,05201106709300453119
05,5,62,016,2020,11,14,6,3,5,3,0,1,1,0,0,0,0,376129.230600000360000,5735287.654500000200000,7.205354175000025,51.754772131000038,0,05201106701700185012
05,5,66,068,2020,11,13,3,3,2,2,0,0,1,0,0,0,0,376689.107499999930000,5785290.809200000000000,7.195490657000050,52.204252588000031,0,05201103709300476628
05,5,58,016,2020,11,18,4,3,0,1,2,0,1,0,0,0,0,379125.139999999660000,5746804.213800000000000,7.244720266000059,51.858926463000046,0,05201104706000486167
05,5,54,032,2020,11,00,6,2,9,1,2,0,1,0,0,0,0,323776.214100000450000,5743654.660199999800000,6.443305495000061,51.815907560000028,0,05201106052300109200
05,5,62,036,2020,11,13,3,3,5,2,0,1,1,0,0,0,0,388038.874400000090000,5720162.756899999500000,7.382676115000038,51.621339293000062,0,05201103701930056202
05,5,15,000,2020,11,10,4,3,5,2,0,1,1,0,0,0,0,405629.323900000190000,5758065.498199999300000,7.626378457000044,51.965260721000050,0,05201104702100770553
05,5,58,040,2020,11,12,5,3,5,3,0,0,1,0,0,0,0,371558.793100000360000,5763241.790500000100000,7.128771108000024,52.004949010000075,0,05201105706000079210
05,5,62,024,2020,11,10,3,3,2,6,0,0,1,0,0,0,0,371182.608500000090000,5724015.280400000500000,7.137892033000071,51.652355482000075,0,05201103701500682204
05,5,13,000,2020,11,15,4,2,5,3,0,0,1,0,0,0,0,363548.244300000370000,5712061.729800000800000,7.032251893000023,51.543136694000054,0,05201104700200463350
05,5,15,000,2020,11,14,5,3,6,2,0,0,1,1,0,0,0,407044.504999999890000,5757870.224999999600000,7.647023867000030,51.963743950000037,0,05201105702100865812
05,5,12,000,2020,11,10,5,3,1,6,0,0,1,0,0,0,0,355973.162899999880000,5711611.576999999600000,6.923272286000042,51.537209532000077,0,05201105701400643206
05,5,58,016,2020,11,14,6,3,5,3,0,1,1,0,0,0,0,380909.344800000080000,5745000.164699999600000,7.271238193000045,51.843096930000058,0,05201106706100349804
05,5,13,000,2020,11,17,5,3,2,6,0,0,1,0,0,0,0,364670.035799999720000,5715314.192700000500000,7.047167112000068,51.572634778000065,0,05201105700200648200
05,5,58,016,2020,11,15,6,3,8,1,0,0,0,0,1,0,0,381894.184700000100000,5745927.638499999400000,7.285210729000028,51.851641475000065,1,05201106702330867821
05,5,66,040,2020,11,14,4,3,4,2,0,0,1,0,0,0,1,422227.593999999580000,5782357.784199999600000,7.862381866000021,52.186195995000048,0,05201104709800574652
05,5,62,004,2020,11,14,3,3,2,6,0,0,1,0,0,0,0,382454.278400000180000,5717501.225900000000000,7.302933977000066,51.596279800000048,0,05201103701800112204