ULAND,UREGBEZ,UKREIS,UGEMEINDE,UJAHR,UMONAT,USTUNDE,UWOCHENTAG,UKATEGORIE,UART,UTYP1,ULICHTVERH,IstRad,IstPKW,IstFuss,IstKrad,IstGkfz,IstSonstige,LINREFX,LINREFY,XGCSWGS84,YGCSWGS84,STRZUSTAND,UIDENTSTLAE
05,5,62,028,2020,11,08,4,3,5,3,0,0,1,0,0,1,0,381801.886900000270000,5721958.777200000400000,7.292016029000024,51.636205765000057,0,05201104701920264209
05,5,62,032,2020,11,11,6,3,5,2,0,1,1,0,0,0,0,375262.622000000440000,5720961.606000000600000,7.197926759000040,51.625832033000052,0,05201106701110072201
05,5,58,016,2020,11,16,3,3,5,3,0,0,1,0,0,0,0,380664.842199999840000,5742757.555600000500000,7.268464010000059,51.822890167000025,0,05201103706000336378
05,5,62,024,2020,11,15,4,2,9,1,0,0,0,0,1,0,0,368710.765700000340000,5726609.907400000800000,7.101206723000075,51.675100371000042,0,05201104702340381139
05,5,66,024,2020,11,15,5,3,0,4,0,0,1,1,0,0,0,384081.701899999750000,5771536.787200000100000,7.308310943000038,52.082252193000045,0,05201105709300987329
05,5,62,014,2020,11,10,3,3,2,2,0,0,1,0,0,0,0,360979.638600000180000,5715189.989299999500000,6.993997905000072,51.570620782000049,0,05201103701300047200
05,5,62,012,2020,11,05,5,3,5,2,2,0,1,0,0,0,0,356648.290000000040000,5724511.115000000200000,6.927729801000055,51.653292881000027,0,05201105701610521204
05,5,54,020,2020,11,13,5,3,6,4,0,0,1,1,0,0,0,365403.610200000000000,5786461.157800000200000,7.029976812000029,52.212128449000033,0,05201105705000021020
05,5,62,020,2020,11,10,5,3,2,2,0,0,1,0,0,0,0,370660.400299999860000,5719196.918600000400000,7.132127494000031,51.608934219000048,1,05201105701200273207
05,5,54,064,2020,11,12,6,3,5,3,0,0,1,0,0,0,0,359905.749300000260000,5754034.625199999700000,6.962867322000022,51.919401468000046,0,05201106705000516030
05,5,66,076,2020,11,13,6,2,2,6,0,0,1,0,1,0,0,396373.381199999710000,5795240.021600000600000,7.480373848000056,52.297722792000059,0,05201106709500241174
05,5,13,000,2020,11,16,5,3,5,2,0,1,1,0,0,0,0,364671.229799999860000,5716649.098099999100000,7.046669944000030,51.584631029000036,0,05201105700000065506
05,5,62,028,2020,11,14,6,3,2,6,0,0,1,0,0,0,1,379622.883700000120000,5722418.851099999600000,7.260386289000053,51.639878523000050,0,05201106701920172203
05,5,66,060,2020,11,20,4,3,8,1,2,0,1,0,0,0,0,391915.261500000020000,5783641.565800000000000,7.418735217000062,52.192626699000073,0,05201104709500169125
05,5,54,020,2020,11,10,3,2,5,3,0,1,0,0,0,1,0,367023.461000000130000,5786216.405999999500000,7.053767025000070,52.210322520000034,0,05201103705000520896
05,5,66,076,2020,11,07,6,3,0,7,0,0,0,1,0,0,1,394839.733199999670000,5793797.378599999500000,7.458342797000057,52.284465947000058,0,05201106709500535185
05,5,15,000,2020,11,08,4,3,5,2,0,1,0,0,0,1,0,405200.425999999980000,5750139.330000000100000,7.622321183000054,51.893943692000050,0,05201104702100839947
05,5,66,076,2020,11,13,5,3,2,6,0,0,1,0,0,0,0,397349.798799999990000,5787527.044399999100000,7.497033128000055,52.228586088000043,1,05201105709000039759
05,5,62,012,2020,11,10,3,2,2,6,0,1,0,0,0,0,0,357347.093100000170000,5724404.978700000800000,6.937867822000044,51.652516931000036,1,05201103701610014200
05,5,62,032,2020,11,09,4,3,0,1,0,1,0,0,0,0,0,376543.486200000160000,5718285.627800000800000,7.217364259000021,51.602064976000065,0,05201104701110290206
05,5,62,024,2020,11,13,5,3,0,6,0,0,1,0,0,1,0,372408.684999999590000,5727554.813500000200000,7.154312883000046,51.684444171000052,0,05201105702340580972
05,5,70,028,2020,11,14,7,1,3,6,0,0,1,0,0,1,0,444422.329900000240000,5741900.814700000000000,8.193557899000041,51.825169233000054,0,05201107400410246830
05,5,12,000,2020,11,13,5,3,5,2,0,1,1,0,0,0,0,355647.149899999610000,5709948.295700000600000,6.919256543000074,51.522180438000078,0,05201105701400822209
05,5,66,008,2020,11,13,6,3,0,6,0,1,0,0,0,0,0,398772.746600000190000,5781244.797100000100000,7.519737299000042,52.172386888000062,0,05201106709100142437
05,5,62,016,2020,11,13,6,3,6,4,0,0,1,1,0,0,0,377621.420099999760000,5737151.314999999500000,7.226305448000062,51.771848879000061,0,05201106701700164200
05,5,66,004,2020,11,16,3,3,5,3,0,0,1,0,1,0,0,394745.451999999580000,5767521.134999999800000,7.465110147000075,52.048291283000026,0,05201103709100572363
05,5,13,000,2020,11,08,5,3,6,2,0,0,1,1,0,0,0,363549.884999999780000,5712061.641000000800000,7.032275573000050,51.543136293000032,0,05201105700200685661
05,5,54,036,2020,11,18,6,3,2,6,2,0,1,0,0,0,0,367361.893400000410000,5769468.633600000300000,7.065250127000070,52.059915236000052,0,05201106702340870606
05,5,62,008,2020,11,11,3,3,1,5,0,0,1,0,0,0,0,384628.954300000330000,5722187.281899999800000,7.332773479000025,51.638846461000071,0,05201103701910045202
05,5,15,000,2020,11,06,4,3,2,6,1,0,1,0,0,0,0,412294.739199999720000,5753455.418600000400000,7.724546667000027,51.924913185000037,0,05201104702100079608
05,5,70,036,2020,11,08,2,3,5,3,0,0,1,0,0,0,0,433367.167999999600000,5766569.696000000500000,8.028389483000069,52.045727676000070,1,05201102711121080981
05,5,54,064,2020,11,17,4,2,6,4,2,0,1,1,0,0,0,358381.661000000310000,5755480.845000000700000,6.940125684000066,51.932010619000039,0,05201104705000281798
05,5,66,092,2020,11,15,2,3,0,7,0,0,1,0,0,0,0,423605.356200000270000,5795615.233999999200000,7.879532758000039,52.305557990000068,0,05201102709700369049
05,5,66,076,2020,11,18,5,3,5,3,2,1,0,0,0,0,1,391974.433000000190000,5792994.674000000600000,7.416611653000075,52.276696258000072,0,05201105709500362050
05,5,66,048,2020,11,06,2,3,9,1,2,1,0,0,0,0,0,425147.321999999690000,5792648.396199999400000,7.902803156000061,52.279101845000071,1,05201102709700348420
05,5,12,000,2020,11,14,3,3,5,2,0,1,1,0,0,0,0,357616.014999999660000,5709772.182000000000000,6.947687773000041,51.521097664000081,0,05201103701400686669
05,5,66,028,2020,11,14,2,2,9,7,0,0,1,0,0,0,0,410856.373700000350000,5792217.924699999400000,7.693493356000033,52.273100941000052,0,05201102709700069191
05,5,62,012,2020,11,22,5,3,0,1,2,0,0,0,1,0,0,362910.588899999860000,5724662.136800000400000,7.018137743000068,51.656211993000056,0,05201105701610953203
05,5,54,012,2020,11,05,5,3,1,5,2,0,1,0,1,0,0,351544.605600000360000,5746044.869400000200000,6.844814183000040,51.845449255000062,0,05201105705000920713
05,5,66,076,2020,11,09,2,3,5,2,0,1,1,0,0,0,0,396950.406000000420000,5787665.309000000400000,7.491145423000035,52.229754148000040,1,05201102709500402281
05,5,62,020,2020,11,17,5,3,5,3,2,1,1,0,0,0,0,369097.916000000200000,5718572.482999999100000,7.109808960000066,51.602961538000045,0,05201105701200908203
05,5,58,012,2020,11,14,6,3,2,6,0,0,1,0,0,0,0,376358.940899999810000,5754885.189799999800000,7.201674496000067,51.930941711000060,0,05201106706000881907
05,5,66,064,2020,11,18,2,3,8,1,2,0,1,0,0,0,0,396909.256799999620000,5774637.357899999200000,7.494501502000048,52.112656677000075,1,05201102709100074685
05,5,58,028,2020,11,08,2,2,9,1,1,0,1,0,0,0,0,402342.550300000240000,5735690.384600000500000,7.584879192000074,51.763576350000051,1,05201102706300585679
05,5,58,016,2020,11,17,2,3,5,3,2,1,1,0,0,0,0,383061.186999999920000,5742206.607000000800000,7.303404052000076,51.818445290000057,1,05201102706100465763
05,5,66,028,2020,11,19,2,3,2,6,2,0,1,0,0,0,0,409865.125300000420000,5791294.940400000700000,7.679216186000076,52.264643405000072,1,05201102702350666481
05,5,13,000,2020,11,15,5,3,2,6,0,0,1,0,1,0,0,370742.175999999980000,5707137.935900000900000,7.137740046000033,51.500580388000060,0,05201105700100015749
05,5,15,000,2020,11,06,6,3,5,2,2,1,1,0,0,0,0,405242.486800000070000,5750593.799599999600000,7.622807337000040,51.898035853000067,0,05201106702100772399
05,5,66,092,2020,11,14,4,3,3,7,0,1,1,0,0,0,0,423493.707499999550000,5796771.975600000500000,7.877632592000055,52.315940115000046,0,05201104709700311891
05,5,15,000,2020,11,12,2,3,2,6,0,0,1,0,0,0,0,403887.851999999960000,5753107.964999999900000,7.602424137000071,51.920402236000029,0,05201102702100872399
05,5,15,000,2020,11,17,2,3,6,2,2,0,1,1,0,0,0,405968.266699999570000,5756447.078999999900000,7.631753440000068,51.950771068000051,1,05201102702100861201
05,5,15,000,2020,11,20,2,3,4,2,2,0,1,0,0,0,0,406939.529000000100000,5756954.990000000200000,7.645744344000036,51.955499792000069,1,05201102702100410903
05,5,58,016,2020,11,16,3,3,5,3,0,0,1,0,0,0,0,389950.343899999750000,5744080.396600000600000,7.402715816000068,51.836685536000061,0,05201103706000321866
05,5,66,028,2020,11,09,6,3,5,3,0,0,1,0,1,0,0,412565.821000000460000,5792486.617000000600000,7.718470832000037,52.275790531000041,0,05201106709700048420
05,5,12,000,2020,11,10,4,3,8,6,0,0,1,0,0,0,1,356963.318900000300000,5722863.463600000400000,6.932954277000022,51.638567913000031,0,05201104702340249701
05,5,15,000,2020,11,20,2,3,0,7,2,1,0,0,0,0,1,402378.371799999850000,5759756.456499999400000,7.578593461000025,51.979898065000043,1,05201102702100374709
05,5,66,012,2020,11,16,5,3,5,3,0,0,1,0,0,0,0,401045.647800000380000,5777770.979900000600000,7.553974989000039,52.141577022000035,0,05201105709110025692
05,5,15,000,2020,11,07,2,3,0,2,0,1,1,0,0,0,0,405927.422000000250000,5756739.491000000400000,7.631079250000028,51.953392495000060,1,05201102702100268200
05,5,13,000,2020,11,07,3,3,6,4,0,0,1,1,0,0,0,369683.060300000010000,5706303.979399999600000,7.122797788000071,51.492842511000049,0,05201103700100673524
05,5,62,012,2020,11,09,3,3,5,3,0,0,1,0,0,0,0,359567.110999999570000,5725210.768999999400000,6.969613959000071,51.660316569000031,0,05201103701610984202
05,5,62,014,2020,11,13,4,3,2,6,0,0,1,0,0,0,0,362060.443900000300000,5712707.821399999800000,7.010557128000073,51.548580957000070,0,05201104701300415207
05,5,62,024,2020,11,17,2,3,2,6,2,0,1,0,0,0,0,363865.403400000180000,5724507.395199999200000,7.031992669000033,51.655053509000027,1,05201102701500846204
05,5,54,040,2020,11,16,5,2,5,3,1,0,1,0,1,0,0,354887.284500000070000,5735877.728099999900000,6.897560589000022,51.754974293000032,0,05201105705000020771
05,5,12,000,2020,11,16,2,3,5,2,0,1,1,0,0,0,0,355026.465599999760000,5709480.014399999800000,6.910508857000025,51.517813625000031,0,05201102701400830209
05,5,62,032,2020,11,12,5,3,2,2,0,0,1,0,0,0,0,372517.319000000130000,5721112.373700000300000,7.158232487000021,51.626571716000058,0,05201105701110809200
05,5,54,044,2020,11,17,6,2,5,3,2,0,1,0,1,0,0,365417.976300000210000,5743648.990000000200000,7.047018495000032,51.827436561000070,0,05201106705000371216
05,5,66,028,2020,11,12,2,3,2,2,0,0,1,0,0,0,0,410901.383000000380000,5789240.808000000200000,7.694938689000026,52.246349243000054,0,05201109709700034934
05,5,66,068,2020,11,17,2,3,2,1,2,0,1,0,0,0,0,371681.744500000030000,5784080.811899999200000,7.122713909000026,52.192236832000049,0,05201109709300791841
05,5,66,068,2020,11,16,2,3,8,1,1,0,1,0,0,0,0,375330.761900000270000,5787452.664100000600000,7.174827455000070,52.223373609000078,0,05201109709300460719
05,5,70,020,2020,11,17,3,2,5,7,2,1,0,0,0,0,1,432710.180700000380000,5740869.312000000800000,8.023837229000037,51.814608204000081,0,05201110711421203028
05,5,66,084,2020,11,11,2,3,1,6,0,0,1,0,0,0,0,386736.497000000440000,5778632.529999999300000,7.344676014000072,52.146571389000030,1,05201109709300226733
05,5,58,016,2020,11,10,2,3,2,6,0,0,1,0,0,0,0,382070.400500000450000,5742890.419800000300000,7.288803330000064,51.824382667000066,0,05201109706000723545
05,5,54,004,2020,11,07,2,3,1,6,1,0,1,0,0,0,1,363044.737900000070000,5772332.099099999300000,7.001168858000028,52.084594266000067,0,05201109705000964594
05,5,54,028,2020,11,07,2,3,9,7,1,0,1,0,0,0,0,359429.663399999960000,5742351.641000000800000,6.960704088000057,51.814304624000044,1,05201109705000761422
05,5,54,008,2020,11,12,2,3,5,3,1,1,1,0,0,0,0,332575.792999999600000,5742428.967000000200000,6.571436961000075,51.807602029000066,1,05201109705000597650
05,5,62,024,2020,11,01,2,2,8,7,2,0,0,0,0,0,1,364013.543399999850000,5721244.994000000900000,7.035400616000061,51.625772718000064,0,05201109702340987242
05,5,54,064,2020,11,13,3,3,1,7,0,0,1,0,0,0,1,360730.988400000150000,5751837.812200000500000,6.975747149000029,51.899869053000032,0,05201110705000152632
05,5,62,032,2020,11,14,2,3,0,1,0,0,0,0,1,0,0,374547.286199999970000,5716278.241100000200000,7.189273413000024,51.583583289000046,0,05201109702340587253
05,5,66,076,2020,11,11,3,3,5,3,0,1,1,0,0,0,0,396215.025999999610000,5790568.938999999300000,7.479490180000028,52.255712184000060,0,05201110709500302281
05,5,62,014,2020,11,06,4,3,2,3,2,0,1,0,0,0,0,357192.216599999930000,5716978.561400000000000,6.938657388000024,51.585745969000072,0,05201111702340987397
05,5,58,044,2020,11,18,2,2,8,1,2,0,1,0,0,0,0,402631.342500000260000,5744301.044999999900000,7.586644049000029,51.841023813000049,0,05201109702330287221
05,5,62,012,2020,11,12,2,2,5,2,0,1,1,0,0,0,0,362695.866700000130000,5731254.922900000600000,7.012442054000076,51.715402584000060,0,05201109701620793206
05,5,62,024,2020,11,07,2,3,6,4,0,0,1,1,0,0,0,370592.130099999720000,5725472.358999999200000,7.128821919000075,51.665314178000074,1,05201109701500571202
05,5,12,000,2020,11,12,2,3,3,6,0,0,1,0,0,0,1,356106.384600000460000,5710645.025299999900000,6.925586825000039,51.528558288000056,1,05201109701400859208
05,5,62,024,2020,11,11,3,2,5,2,0,0,1,0,0,0,1,366913.720900000070000,5723268.331100000100000,7.076504587000045,51.644648724000035,0,05201110701500111201
05,5,62,020,2020,11,15,2,3,5,3,0,0,1,0,0,0,1,371995.514899999830000,5718233.457100000200000,7.151749541000072,51.600580814000068,0,05201109701200844202
05,5,66,048,2020,11,09,5,3,9,7,0,0,1,0,0,0,0,426789.231999999840000,5788368.299000000600000,7.927794153000036,52.240849262000040,1,05201112709700068285
05,5,13,000,2020,11,10,2,3,2,6,0,0,1,0,0,0,0,365440.957499999550000,5714478.914400000100000,7.058604594000030,51.565313111000080,1,05201109700200920605
05,5,13,000,2020,11,15,2,3,2,6,0,0,1,0,0,0,0,366824.245900000450000,5712827.530300000700000,7.079175785000075,51.550801187000047,0,05201109700000571568
05,5,62,012,2020,11,22,5,2,5,2,2,0,1,0,1,0,0,358678.606999999840000,5727657.533199999500000,6.955786858000067,51.682079847000068,0,05201112701610263209
05,5,70,008,2020,11,07,3,3,6,3,1,0,1,1,0,0,0,433954.490000000220000,5734536.770999999700000,8.043090894000045,51.757826900000055,1,05201110711311082312
05,5,66,048,2020,11,16,4,3,6,4,0,0,1,1,0,0,0,426570.754999999890000,5794680.880999999100000,7.923221021000074,52.297563698000033,1,05201111709700069191
05,5,66,076,2020,11,13,3,2,8,1,0,0,1,0,0,0,0,393831.409500000070000,5786097.895300000900000,7.445986864000076,52.215074827000080,1,05201110709500079091
05,5,62,036,2020,11,17,4,2,8,1,2,1,0,0,0,0,0,388322.442099999640000,5718307.266799999400000,7.387361846000033,51.604718513000080,0,05201111701930967206
05,5,15,000,2020,11,17,3,3,2,6,2,0,1,0,0,0,1,404194.053999999540000,5754225.316999999800000,7.606564204000051,51.930498227000044,0,05201110702100265796
05,5,70,028,2020,11,17,5,3,5,2,2,1,1,0,0,0,0,441460.922000000250000,5746342.138000000300000,8.149840414000039,51.864795193000077,1,05201112711413179226
05,5,62,032,2020,11,13,3,3,5,3,0,1,1,0,0,0,0,376003.652800000270000,5720934.440199999100000,7.208636351000052,51.625751670000056,0,05201110701110143202
05,5,66,084,2020,11,13,5,3,1,1,0,0,1,0,0,1,0,393910.284699999730000,5779076.097500000100000,7.449338024000042,52.151982478000036,1,05201112709300887311
05,5,66,020,2020,11,17,3,3,5,2,2,1,1,0,0,0,0,404804.575500000270000,5803943.476399999100000,7.601505094000061,52.377473200000054,0,05201110709700970493
05,5,58,044,2020,11,17,3,3,5,3,2,0,1,0,0,0,0,396593.121199999940000,5749025.525100000200000,7.497613581000053,51.882402270000057,1,05201110706000807182
05,5,62,024,2020,11,13,4,2,5,2,0,0,1,0,1,0,0,366393.332799999970000,5724592.464199999300000,7.068482173000064,51.656424493000031,0,05201111701500932208
05,5,54,068,2020,11,15,4,3,5,3,0,1,1,0,0,0,0,349670.318300000390000,5768680.238800000400000,6.807728004000069,52.048314868000034,0,05201111705000281572
05,5,62,004,2020,11,17,3,3,2,6,2,0,1,0,1,0,0,383268.714499999770000,5711576.470400000000000,7.316655250000054,51.543199055000059,0,05201110701800204209
05,5,70,052,2020,11,12,5,3,5,2,0,1,1,0,0,0,0,430834.929999999700000,5757510.425100000600000,7.993300541000053,51.963978628000064,0,05201112711111002733
05,5,15,000,2020,11,09,5,2,7,1,0,0,0,0,0,0,1,403538.065700000150000,5748180.640399999900000,7.598718254000062,51.876052880000032,1,05201112702100762434
05,5,70,008,2020,11,13,3,3,5,3,0,1,1,0,0,0,0,435741.586000000130000,5734655.995999999300000,8.068957687000022,51.759106661000033,0,05201110711313435328
05,5,70,020,2020,11,18,4,3,5,3,2,0,1,0,0,0,1,437753.934600000270000,5746548.855399999800000,8.095973818000061,51.866252298000063,1,05201111711422087376
05,5,58,044,2020,11,04,1,2,9,1,2,0,1,0,0,0,0,396216.039699999620000,5754367.986999999700000,7.490527927000073,51.930350162000082,0,05201108706300276682
05,5,58,016,2020,11,13,1,3,2,2,0,0,1,0,1,0,0,390274.128999999720000,5749404.278000000900000,7.405722511000022,51.884598653000069,0,05201108706100882422
05,5,58,016,2020,11,14,1,3,8,1,0,0,0,0,1,0,0,382145.516499999910000,5748378.432900000400000,7.288021977000028,51.873720264000042,0,05201108706000676658
05,5,58,024,2020,11,12,1,3,0,1,0,0,0,0,1,0,0,391534.057799999600000,5734557.261700000600000,7.428671000000065,51.751402537000047,0,05201108706000423116
05,5,66,060,2020,11,16,3,3,5,2,1,0,1,0,0,0,0,391438.510200000370000,5789475.229499999400000,7.409891601000027,52.244961122000063,1,05201110709500235185
05,5,54,008,2020,11,23,1,1,7,1,2,0,1,0,0,0,0,338355.527800000270000,5749552.734999999400000,6.651868639000043,51.873300371000028,1,05201108705000776771
05,5,15,000,2020,11,14,4,3,3,6,0,0,1,0,0,1,0,409018.445000000300000,5762643.289000000800000,7.674480242000072,52.006973546000040,1,05201111702100379199
05,5,15,000,2020,11,14,1,3,0,2,0,1,1,0,0,0,0,408674.985000000340000,5761736.187899999300000,7.669719567000072,51.998763640000050,0,05201108702100279223
05,5,15,000,2020,11,19,1,3,2,6,2,0,1,0,0,0,0,408200.252600000240000,5756600.126000000200000,7.664180311000052,51.952519616000075,0,05201108702100065857
05,5,62,028,2020,11,14,1,2,2,6,0,1,0,0,0,0,0,379305.496199999940000,5724270.997099999300000,7.255162792000022,51.656456345000038,0,05201108701920574176
05,5,12,000,2020,11,15,1,3,5,3,0,0,1,0,1,0,0,353507.650399999690000,5716734.767500000100000,6.885613157000023,51.582609618000049,0,05201108701400979131
05,5,12,000,2020,11,20,3,2,6,2,2,0,1,1,0,0,0,357963.537100000310000,5709766.980000000400000,6.952695583000036,51.521138416000042,0,05201110701400614019
05,5,62,014,2020,11,12,1,2,3,6,0,0,1,0,1,0,0,360524.762000000100000,5714063.746799999800000,6.987885523000045,51.560387942000034,0,05201108701300439208
05,5,66,016,2020,11,17,5,3,5,3,2,1,1,0,0,0,0,406783.036000000310000,5790245.607999999100000,7.634356517000072,52.254698251000036,1,05201112709500542460
05,5,62,020,2020,11,00,1,3,0,1,2,1,0,0,0,0,0,370809.099299999890000,5720089.847699999800000,7.133944592000034,51.616992916000072,0,05201108701200388202
05,5,70,004,2020,11,14,3,3,2,6,0,0,1,0,1,0,0,422708.802799999710000,5734723.843299999800000,7.880145787000060,51.758069479000028,0,05201110711215081052
05,5,58,044,2020,11,23,4,2,8,7,2,1,0,0,0,0,0,400073.389499999580000,5742056.238700000600000,7.550174869000045,51.820394835000059,0,05201111706300891864
05,5,66,024,2020,11,07,3,3,0,1,1,0,0,0,1,0,0,386663.109899999570000,5773455.001299999700000,7.345328568000070,52.100025818000063,1,05201110709300253119
05,5,62,004,2020,11,16,4,2,5,3,0,0,0,0,1,0,1,381645.547000000250000,5720532.573999999100000,7.290240046000065,51.623354862000042,0,05201111701800964209
05,5,70,020,2020,11,08,2,3,0,4,0,0,1,1,0,0,0,434170.125300000420000,5748836.390000000600000,8.043495952000058,51.886405597000078,0,05201109711422681082
05,5,70,020,2020,11,09,2,3,2,6,0,0,1,0,0,0,0,432747.813199999740000,5742507.407099999500000,8.024064902000021,51.829339089000030,0,05201109711422081082
05,5,70,028,2020,11,07,2,3,6,4,0,0,1,1,0,0,0,441948.457600000310000,5747278.803300000700000,8.156762562000040,51.873266932000035,0,05201109711413379233
05,5,15,000,2020,11,16,3,3,5,3,0,1,1,0,0,0,0,406205.701399999670000,5757441.744000000900000,7.634935741000049,51.959751679000078,1,05201110702100172436
05,5,70,008,2020,11,06,2,3,0,7,2,0,0,1,0,0,1,428973.441899999980000,5731539.219000000500000,7.971546545000024,51.730269618000079,0,05201109711313702615
05,5,70,036,2020,11,18,5,3,1,5,2,0,1,0,1,0,0,434169.858099999840000,5760252.960000000900000,8.041306855000073,51.989038215000051,0,05201112711121881965
05,5,70,024,2020,11,14,7,3,2,2,0,0,1,0,0,0,0,424605.149500000290000,5755760.653000000900000,7.903027118000068,51.947439279000037,0,05201107711161787268
05,5,70,008,2020,11,18,2,3,0,4,2,0,1,1,0,0,0,434104.188799999650000,5734409.029699999800000,8.045283720000043,51.756696130000080,0,05201109711311435328
05,5,58,032,2020,11,14,7,2,2,1,0,1,1,0,0,0,0,388275.153599999850000,5757089.680400000900000,7.374196907000055,51.953273947000071,0,05201107706000827034
05,5,58,044,2020,11,18,7,3,3,6,2,0,1,0,0,0,0,395123.039099999700000,5751060.446599999400000,7.475644209000052,51.900417443000038,0,05201107702330649924
05,5,62,036,2020,11,13,7,3,2,6,0,0,1,0,0,0,0,389806.156000000420000,5720318.463999999700000,7.408145537000053,51.623087612000063,0,05201107701930310203
05,5,62,014,2020,11,18,7,2,0,1,2,0,0,0,1,0,0,359766.839999999850000,5717153.724999999600000,6.975725322000073,51.587966560000041,0,05201107701300357200
05,5,13,000,2020,11,06,3,3,4,2,2,0,1,0,0,0,0,364901.819899999540000,5719325.795700000600000,7.048965450000026,51.608740134000072,0,05201110700200876209
05,5,62,020,2020,11,13,7,3,5,3,0,1,1,0,0,0,0,370569.988400000150000,5718380.381200000600000,7.131123941000055,51.601575403000027,0,05201107701200314209
05,5,66,028,2020,11,10,2,2,3,2,0,1,1,0,0,0,0,412614.150999999610000,5791998.786000000300000,7.719305414000075,52.271413449000079,0,05201109709700372366
05,5,58,020,2020,11,02,5,2,5,3,2,1,1,0,0,0,0,392120.860600000250000,5759741.656800000000000,7.429302791000055,51.977868202000082,0,05201112706200787452
05,5,62,032,2020,11,15,7,3,2,2,0,0,1,0,0,0,0,374709.766900000160000,5721647.134700000300000,7.189698700000065,51.631870081000045,0,05201107701110785383
05,5,62,032,2020,11,11,7,3,5,3,0,0,1,0,1,0,0,375812.190000000410000,5720948.531999999700000,7.205866768000021,51.625836092000043,0,05201107701110311202
05,5,66,028,2020,11,04,2,2,0,1,2,0,1,0,0,0,0,410009.497700000180000,5794218.526699999300000,7.680550855000035,52.290944673000070,0,05201109709700076666
05,5,62,032,2020,11,08,2,3,5,3,0,0,1,0,0,0,0,374709.831299999730000,5721552.501700000800000,7.189733494000052,51.631019626000068,0,05201116701110485383
05,5,15,000,2020,11,08,4,3,2,2,0,0,1,0,1,0,0,404922.251400000420000,5759096.690999999600000,7.615804237000020,51.974408991000075,0,05201118702100465831
05,5,62,012,2020,11,12,5,3,0,1,0,1,0,0,0,0,0,361443.816399999890000,5736275.318499999100000,6.992330852000066,51.760207196000067,1,05201119701610822201
05,5,70,036,2020,11,17,1,3,0,1,2,0,1,0,0,0,0,430845.473000000230000,5761093.611999999700000,7.992731712000023,51.996191355000065,0,05201115711121343987
05,5,62,032,2020,11,19,1,3,2,1,2,0,1,0,0,0,0,376815.614199999720000,5716654.062699999700000,7.221864407000055,51.587461287000053,1,05201115702340087398
05,5,15,000,2020,11,17,1,3,0,1,1,1,0,0,0,0,0,403875.841599999930000,5759410.580000000100000,7.600486976000070,51.977050310000038,1,05201115702100568249
05,5,62,014,2020,11,19,1,3,1,5,2,0,1,0,0,0,0,362190.360100000170000,5712552.920700000600000,7.012490315000036,51.547220726000035,1,05201115701300794201
05,5,15,000,2020,11,15,3,3,2,6,0,0,1,0,0,0,0,406343.743999999950000,5758971.879000000700000,7.636526808000042,51.973528509000062,0,05201117702100310864
05,5,13,000,2020,11,08,1,3,2,6,0,0,1,0,0,0,1,366520.343000000340000,5708074.252000000300000,7.076596643000073,51.508013531000074,0,05201115700100376559
05,5,66,084,2020,11,07,2,3,2,6,1,0,1,0,0,0,0,391595.282200000250000,5771469.595400000000000,7.417937224000070,52.083170637000080,1,05201116709300474741
05,5,13,000,2020,11,10,2,3,6,7,0,0,1,0,0,0,1,364602.012000000100000,5718818.806199999500000,7.044834230000049,51.604112148000070,0,05201116700200875310
05,5,13,000,2020,11,13,2,3,0,7,0,1,0,0,0,0,0,368614.141999999990000,5712670.877699999100000,7.105035075000046,51.549813033000078,1,05201116700200185661
05,5,54,048,2020,11,15,4,3,4,1,0,0,1,0,0,0,0,340004.660299999640000,5743965.765100000400000,6.678388610000070,51.823583635000034,0,05201118705000980974
05,5,58,016,2020,11,14,5,2,9,1,0,0,1,0,0,0,0,378831.402900000100000,5744112.788599999600000,7.241400079000073,51.834675051000033,1,05201119702330081369
05,5,58,036,2020,11,12,5,3,5,2,0,0,1,0,0,0,1,388259.105299999940000,5728109.593399999700000,7.383316012000023,51.692808504000027,1,05201119706300410704
05,5,15,000,2020,11,07,4,3,5,3,1,1,1,0,0,0,0,403052.591000000010000,5758116.297000000300000,7.588870361000033,51.965273919000026,0,05201118702100179199
05,5,62,012,2020,11,07,5,3,2,2,0,0,1,0,0,0,0,356658.231999999840000,5724514.409000000000000,6.927872070000035,51.653325014000075,0,05201119701610727204
05,5,62,020,2020,11,07,3,3,5,3,2,1,1,0,0,0,0,371122.534699999730000,5718043.045499999100000,7.139221717000055,51.598670537000032,1,05201117701200197209
05,5,54,012,2020,11,09,3,3,8,5,0,1,0,0,0,0,1,352221.113599999810000,5745982.205000000100000,6.854654647000075,51.845065685000066,1,05201117705000724235
05,5,13,000,2020,11,13,4,2,6,4,0,0,1,1,0,0,0,364425.914200000460000,5713022.441800000100000,7.044530465000037,51.551981564000073,0,05201118700200456202
05,5,70,028,2020,11,07,2,2,2,6,0,0,1,0,0,0,0,442109.937500000000000,5748413.829800000400000,8.158917500000030,51.883487805000073,0,05201116711413874654