ULAND,UREGBEZ,UKREIS,UGEMEINDE,UJAHR,UMONAT,USTUNDE,UWOCHENTAG,UKATEGORIE,UART,UTYP1,ULICHTVERH,IstRad,IstPKW,IstFuss,IstKrad,IstGkfz,IstSonstige,LINREFX,LINREFY,XGCSWGS84,YGCSWGS84,STRZUSTAND,UIDENTSTLAE
05,5,12,000,2020,12,15,1,2,5,2,0,0,1,0,1,0,0,355508.274899999610000,5721477.452299999100000,6.912514159000068,51.625741945000073,1,05201213701400450200
05,5,62,032,2020,12,13,1,3,9,1,0,0,1,0,1,0,0,374948.285400000400000,5720737.899399999500000,7.193467856000041,51.623751801000026,1,05201213701110429208
05,5,12,000,2020,12,13,2,3,2,6,0,0,1,0,0,0,0,360592.320799999870000,5709362.323200000500000,6.990721480000047,51.518157049000081,1,05201214701400314019
05,5,13,000,2020,12,18,3,3,0,1,2,0,0,0,1,0,0,369726.803999999540000,5706079.517000000900000,7.123510395000039,51.490835368000035,1,05201215700100875283
05,5,66,076,2020,12,11,2,3,5,3,0,0,1,0,0,0,0,393509.023000000040000,5791946.292899999800000,7.439426830000059,52.267573649000042,1,05201214709500642490
05,5,66,008,2020,12,16,3,3,5,3,2,1,1,0,0,0,0,399644.372600000350000,5778761.407400000800000,7.533212785000046,52.150225985000077,1,05201215709110070536
05,5,58,012,2020,12,10,2,3,5,3,0,1,1,0,0,0,0,374198.451200000010000,5756904.387499999300000,7.169529336000039,51.948603053000056,1,05201214706200574763
05,5,62,014,2020,12,06,3,3,3,6,2,0,1,0,0,1,1,359086.665199999700000,5713287.243400000000000,6.967464221000057,51.553052858000058,1,05201215702340672367
05,5,66,040,2020,12,14,7,3,5,3,0,0,1,0,0,0,0,421158.428999999540000,5781598.901599999500000,7.846922496000047,52.179222703000050,1,05201212709800868098
05,5,66,032,2020,12,09,7,3,5,3,0,1,1,0,0,0,0,413550.009999999780000,5777153.574999999300000,7.736807331000023,52.138125940000066,1,05201212709800574652
05,5,15,000,2020,12,10,7,3,2,6,0,0,1,0,0,0,0,404223.682799999600000,5754332.174799999200000,7.606965254000045,51.931463808000046,1,05201212702100078205
05,5,62,004,2020,12,11,7,2,6,2,0,0,1,1,0,0,0,384915.045699999670000,5717016.073899999300000,7.338604175000057,51.592427486000076,1,05201212701800295205
05,5,54,012,2020,12,17,2,3,6,7,1,0,1,1,0,0,0,352297.920599999840000,5745689.872899999800000,6.855893674000072,51.842459435000080,1,05201214705000691842
05,5,12,000,2020,12,16,7,3,5,3,1,0,1,0,0,0,0,356788.122299999930000,5707778.287200000100000,6.936572833000071,51.502971480000042,1,05201212701400331205
05,5,62,004,2020,12,16,3,3,5,3,2,0,1,0,1,0,1,381722.535000000150000,5712573.755000000800000,7.294033574000025,51.551840390000052,1,05201215701800145201
05,5,15,000,2020,12,16,2,2,8,1,0,0,1,0,0,0,0,400306.026399999860000,5760976.283500000800000,7.548075167000036,51.990494010000077,1,05201214702100557448
05,5,13,000,2020,12,08,3,3,3,2,0,0,1,0,0,1,0,367964.016999999990000,5708754.137800000600000,7.097132542000054,51.514462664000064,1,05201215700100285202
05,5,70,016,2020,12,17,2,2,5,3,2,1,1,0,0,0,0,416445.782399999910000,5734949.633600000300000,7.789369081000075,51.759199782000053,0,05201214711221479615
05,5,70,028,2020,12,13,3,2,4,2,0,1,1,0,0,0,0,441105.048200000080000,5742874.993400000000000,8.145263380000074,51.833587454000053,1,05201215711413587326
05,5,66,028,2020,12,01,2,3,8,1,2,0,1,0,0,0,0,407424.182000000030000,5796955.575999999400000,7.641903518000049,52.315115682000055,1,05201214709300802595
05,5,54,008,2020,12,00,3,3,0,1,2,1,0,0,0,0,0,333855.005599999800000,5745559.290799999600000,6.588472939000042,51.836104145000036,1,05201215705000485645
05,5,66,028,2020,12,21,2,2,2,6,2,0,1,0,0,0,1,408980.072300000120000,5791677.668199999300000,7.666147684000066,52.267937644000028,0,05201214702350005205
05,5,62,020,2020,12,17,3,3,6,4,2,0,1,1,0,0,0,369998.149000000210000,5719666.549000000600000,7.122394863000068,51.613002142000028,1,05201215701200148208
05,5,58,016,2020,12,15,2,3,5,3,0,0,1,0,1,0,0,380908.724000000390000,5744999.163000000600000,7.271229530000028,51.843087796000077,1,05201214706100482422
05,5,62,004,2020,12,08,3,3,1,6,0,0,1,0,0,1,0,380841.375099999830000,5713342.594799999100000,7.281069843000068,51.558564993000061,1,05201215702340387301
05,5,15,000,2020,12,14,2,3,2,6,0,0,1,0,0,0,0,405922.603900000450000,5756091.242000000600000,7.631186606000028,51.947564916000033,0,05201214702100264311
05,5,70,004,2020,12,14,5,2,9,1,0,0,1,0,0,0,0,427711.019000000320000,5733511.484899999600000,7.952860331000068,51.747838631000036,0,05201210711213476743
05,5,66,072,2020,12,18,5,2,8,1,2,0,1,0,0,0,0,411154.388000000270000,5799681.690999999600000,7.695889902000033,52.340234712000040,1,05201210709700061973
05,5,66,028,2020,12,16,5,3,5,2,0,1,1,0,0,0,0,410758.834800000300000,5795330.658399999100000,7.691239926000037,52.301062904000048,0,05201210709700057409
05,5,70,008,2020,12,10,6,3,2,6,0,0,1,0,0,0,1,433275.394600000230000,5736976.509700000300000,8.032784526000057,51.779679729000065,0,05201211711313581007
05,5,66,076,2020,12,14,6,2,4,1,0,0,1,0,0,0,1,395897.765800000170000,5790699.551799999500000,7.474803643000030,52.256826110000077,0,05201211709800058201
05,5,66,072,2020,12,12,6,2,8,1,0,0,1,0,0,0,0,411134.649000000210000,5799628.542999999600000,7.695614305000049,52.339753814000062,2,05201211709700076657
05,5,66,052,2020,12,14,5,2,8,1,0,1,0,0,0,0,0,375174.554600000380000,5778115.376000000200000,7.175978853000061,52.139432317000058,0,05201210709300787315
05,5,66,028,2020,12,17,2,1,6,1,2,0,1,1,0,0,0,415952.480999999680000,5790777.859999999400000,7.768522370000028,52.260959622000030,1,05201214709700012163
05,5,66,008,2020,12,07,6,3,8,1,2,0,1,0,0,0,0,397859.273099999870000,5780665.656999999700000,7.506558646000030,52.167013455000074,0,05201211709100572380
05,5,66,028,2020,12,17,3,3,2,6,2,0,1,0,0,0,0,412452.532300000080000,5791687.988600000700000,7.717018094000025,52.268594202000031,1,05201215709700055928
05,5,66,008,2020,12,18,6,3,4,6,2,1,0,0,0,0,0,400227.436099999580000,5782363.664100000600000,7.540672801000028,52.182707948000029,1,05201211709100039088
05,5,58,044,2020,12,07,6,3,5,3,1,0,1,0,0,0,0,396593.220999999900000,5749023.573000000800000,7.497615616000076,51.882384743000046,0,05201211706300664168
05,5,54,064,2020,12,15,6,2,5,3,0,1,1,0,0,0,0,355818.469999999740000,5750154.925100000600000,6.905098680000037,51.883498767000049,1,05201211705000852632
05,5,54,004,2020,12,23,6,3,6,2,2,0,1,1,0,0,0,363806.053000000310000,5772208.663300000100000,7.012322117000053,52.083672970000066,1,05201211705000772466
05,5,54,012,2020,12,09,6,3,4,2,0,0,1,0,0,0,1,351638.310300000010000,5746507.254699999500000,6.845975102000068,51.849628616000075,0,05201211705000201676
05,5,54,004,2020,12,21,6,3,5,3,2,1,1,0,0,0,0,364466.383100000210000,5772584.367100000400000,7.021803733000070,52.087210902000038,1,05201211705000020910
05,5,66,024,2020,12,11,5,2,4,2,0,0,1,0,0,0,0,383138.946000000460000,5771062.126000000200000,7.294721727000024,52.077788280000050,1,05201210709300142419
05,5,66,088,2020,12,22,2,2,2,6,2,0,1,0,0,0,0,421323.065200000070000,5788601.812999999200000,7.847702157000072,52.242194104000077,0,05201214709000081046
05,5,54,012,2020,12,08,3,3,5,2,0,0,1,0,0,0,0,352596.019600000230000,5744173.935100000400000,6.860863533000043,51.828917599000079,1,05201215705000320853
05,5,66,068,2020,12,19,5,2,8,1,2,0,1,0,0,0,0,379760.268400000410000,5784368.725600000500000,7.240737535000051,52.196644884000079,0,05201210709300087315
05,5,58,036,2020,12,21,5,2,8,1,2,0,1,0,0,0,0,390808.987399999980000,5729547.427400000400000,7.419742594000070,51.706233539000038,1,05201210706300849812
05,5,54,036,2020,12,15,5,3,5,3,1,0,1,0,0,0,1,368942.806800000370000,5771401.775000000400000,7.087554222000051,52.077662343000043,0,05201210705000687233
05,5,54,012,2020,12,10,5,2,6,7,0,0,1,1,0,0,0,353030.873100000430000,5745600.575300000600000,6.866563486000075,51.841850490000070,0,05201210705000620853
05,5,54,064,2020,12,07,2,3,5,3,2,0,1,0,1,0,0,356497.142400000240000,5749264.437999999200000,6.915322710000055,51.875672656000063,1,05201214705000847564
05,5,62,008,2020,12,16,3,3,2,6,2,0,1,0,0,0,0,385752.650799999940000,5725088.029300000500000,7.348057023000024,51.665147047000062,1,05201215701910574176
05,5,54,004,2020,12,00,5,3,8,1,2,0,1,0,0,0,0,361991.929999999700000,5775308.508999999600000,6.984608221000030,52.111076575000027,1,05201210705000576687
05,5,62,032,2020,12,20,5,2,3,6,2,0,1,0,0,1,0,374169.830099999900000,5718368.623800000200000,7.183078735000038,51.602285535000078,1,05201210702340030261
05,5,62,032,2020,12,17,2,2,5,3,2,1,1,0,0,0,0,376099.958899999970000,5716452.542799999900000,7.211610634000067,51.585493278000058,0,05201214701110779209
05,5,62,012,2020,12,00,5,2,2,6,2,0,1,0,0,1,0,358162.171400000340000,5732894.877399999600000,6.946191032000058,51.729010520000031,0,05201210702340030260
05,5,15,000,2020,12,14,2,3,5,2,0,1,0,0,0,0,1,406939.529000000100000,5756954.990000000200000,7.645744344000036,51.955499792000069,1,05201214702100607436
05,5,13,000,2020,12,08,3,3,5,3,0,1,1,0,0,0,0,367093.711400000380000,5712082.795800000400000,7.083341335000057,51.544172081000056,1,05201215700100385661
05,5,15,000,2020,12,07,5,3,0,2,2,1,1,0,0,0,0,403692.782999999820000,5759593.043099999400000,7.597771398000020,51.978658645000053,1,05201210702100876651
05,5,15,000,2020,12,07,5,3,0,1,2,0,0,0,1,0,0,406306.170500000010000,5751069.350199999300000,7.638132762000055,51.902490236000062,1,05201210702100013204
05,5,62,012,2020,12,16,5,3,2,6,2,0,1,0,0,0,0,362418.978400000370000,5732097.150699999200000,7.008103910000045,51.722902958000077,1,05201210701620897202
05,5,13,000,2020,12,07,5,3,2,2,2,0,1,0,0,0,0,367632.338600000370000,5709116.449500000100000,7.092219263000061,51.517641042000037,0,05201210700100967209
05,5,58,016,2020,12,09,2,3,5,2,0,1,1,0,0,0,0,381679.637699999850000,5744034.529999999300000,7.282744871000034,51.834582377000061,1,05201214706100964262
05,5,12,000,2020,12,00,3,3,8,1,2,0,0,0,0,1,0,354940.220700000410000,5712581.362800000200000,6.907989206000025,51.545659220000061,0,05201215702340587386
05,5,15,000,2020,12,13,4,3,0,7,0,0,1,1,0,0,0,407611.066399999890000,5756846.929899999900000,7.655542981000053,51.954640462000043,1,05201216702100088934
05,5,54,020,2020,12,17,6,3,5,3,2,1,1,0,0,0,0,366107.949799999590000,5787357.173000000400000,7.039924851000023,52.220351057000073,0,05201218705000091733
05,5,15,000,2020,12,12,4,2,5,2,0,1,1,0,0,0,0,411741.892099999820000,5752510.455499999200000,7.716751310000063,51.916331707000040,0,05201216702100087866
05,5,62,016,2020,12,11,4,3,3,2,0,0,1,0,0,0,0,375670.426599999890000,5736240.390799999200000,7.198369709000076,51.763232607000077,1,05201216701700325203
05,5,12,000,2020,12,17,4,3,2,2,2,0,1,0,1,0,0,355613.400100000200000,5720086.558399999500000,6.914605002000030,51.613270938000028,1,05201216701400814019
05,5,62,008,2020,12,16,2,3,4,6,2,1,0,0,0,0,0,385652.324199999680000,5723602.868200000400000,7.347092831000055,51.651778401000058,1,05201221701910504209
05,5,62,020,2020,12,15,6,3,2,6,0,0,1,0,0,0,0,371320.957000000400000,5717699.650000000400000,7.142210942000077,51.595629859000042,0,05201218701200905203
05,5,54,024,2020,12,09,2,3,2,6,0,0,1,0,0,0,0,370398.375400000250000,5776105.703099999600000,7.106992817000048,52.120273975000032,0,05201221705000887233
05,5,12,000,2020,12,17,4,3,2,6,2,0,1,0,0,1,0,360406.979899999690000,5711006.787699999300000,6.987400308000076,51.532888663000051,1,05201216701400576201
05,5,62,020,2020,12,10,4,3,1,6,0,0,1,0,0,0,0,367762.968999999580000,5718765.844000000500000,7.090471238000021,51.604387320000058,1,05201216701200319208
05,5,62,020,2020,12,13,4,3,2,6,0,0,1,0,0,0,0,373561.397499999960000,5713312.563500000200000,7.176118490000022,51.556710246000080,0,05201216701200086164
05,5,62,032,2020,12,05,4,3,1,5,2,0,1,0,0,0,0,377710.166100000030000,5716261.487199999400000,7.234907176000036,51.584127937000062,1,05201216701120209205
05,5,54,068,2020,12,13,5,3,8,1,0,0,1,0,0,0,0,351621.447700000370000,5766365.012499999300000,6.837163985000075,52.028039466000052,1,05201217705000576687
05,5,13,000,2020,12,15,4,3,5,3,0,0,1,0,1,0,0,369055.833999999800000,5708139.555999999900000,7.113086568000028,51.509193640000035,0,05201216700000441236
05,5,13,000,2020,12,08,4,3,5,3,0,0,1,0,0,0,0,369204.116999999620000,5716068.706000000200000,7.112274769000067,51.580485522000060,1,05201216700000079356
05,5,66,084,2020,12,07,5,3,0,3,2,1,1,0,0,0,0,386156.369400000200000,5778974.778500000000000,7.336086748000071,52.149527886000044,1,05201217709300612062
05,5,70,028,2020,12,22,7,3,0,1,2,0,1,0,0,0,0,443863.491999999620000,5744110.727000000000000,8.185091374000024,51.844981138000037,0,05201219711413554394
05,5,13,000,2020,12,07,5,3,5,2,2,0,1,0,0,0,0,366466.388000000270000,5709554.247999999700000,7.075258980000058,51.521300958000040,1,05201217700100479201
05,5,58,044,2020,12,12,6,3,5,7,0,0,1,0,0,0,0,395721.825299999680000,5752309.111400000800000,7.483966214000077,51.911752766000063,0,05201218706200376677
05,5,66,060,2020,12,12,7,3,5,3,0,0,1,0,0,0,0,389375.251000000160000,5789442.189999999500000,7.379694682000036,52.244253359000027,0,05201219709500779230
05,5,15,000,2020,12,15,6,3,5,3,0,1,1,0,0,0,0,408811.145499999630000,5754085.019799999900000,7.673734078000052,51.930012741000041,0,05201218702100739606
05,5,62,032,2020,12,14,6,2,2,6,0,0,1,0,1,0,0,378891.151399999860000,5717600.730299999900000,7.251482403000068,51.596419289000039,0,05201218701110895200
05,5,58,004,2020,12,14,2,2,2,6,0,0,1,0,0,0,0,405485.883500000460000,5740179.911800000800000,7.629191118000051,51.804470856000080,1,05201221702330579352
05,5,66,040,2020,12,17,5,2,5,3,2,1,1,0,0,0,0,420441.030799999830000,5783186.681500000900000,7.836060058000044,52.193391969000061,1,05201217709800668146
05,5,62,032,2020,12,17,2,3,6,6,2,0,1,1,0,0,0,375676.041799999770000,5719583.599199999100000,7.204385229000025,51.613539210000056,1,05201221701110394204
05,5,66,008,2020,12,07,5,3,5,3,2,1,1,0,0,0,0,399087.057000000030000,5781292.794999999900000,7.524317581000048,52.172875849000036,1,05201217709100879088
05,5,70,052,2020,12,10,7,3,9,1,0,0,1,0,0,0,0,424599.610600000250000,5759389.693399999300000,7.902149742000063,51.980061291000027,2,05201219711111081020
05,5,70,028,2020,12,16,4,2,0,1,1,1,0,0,0,0,0,445710.235299999830000,5739110.371200000900000,8.212681010000040,51.800208681000072,1,05201216711411554394
05,5,70,024,2020,12,07,2,2,9,1,0,0,1,0,0,0,0,421588.559700000100000,5755695.742200000200000,7.859160653000060,51.946438726000054,1,05201221711161266356
05,5,70,004,2020,12,11,4,3,0,3,0,1,1,0,0,0,0,425225.606999999840000,5736509.818900000300000,7.916219580000075,51.774466583000049,0,05201216711211576743
05,5,15,000,2020,12,14,5,3,1,5,0,0,1,0,0,0,0,405920.881400000300000,5752775.520700000200000,7.632068245000028,51.917761279000047,0,05201217702100542451
05,5,66,084,2020,12,18,6,2,4,6,2,0,1,0,0,0,0,384964.792899999770000,5780047.133199999100000,7.318315809000069,52.158918061000065,0,05201218709300579098
05,5,54,020,2020,12,13,7,3,8,6,0,0,0,0,1,0,0,362474.371100000110000,5786705.063300000500000,6.987032207000027,52.213596715000051,1,05201219705000020896
05,5,66,088,2020,12,13,4,3,4,2,0,1,1,0,0,0,0,423763.107800000350000,5785520.660900000500000,7.884126067000068,52.214841316000047,1,05201216709800772371
05,5,12,000,2020,12,12,6,3,5,2,0,1,1,0,0,0,0,358619.578800000250000,5719721.729699999100000,6.958140787000048,51.610755617000052,0,05201218701400863209
05,5,58,016,2020,12,08,6,3,0,3,1,1,1,0,0,0,0,381769.785799999720000,5744190.619500000000000,7.283999276000031,51.836004270000046,1,05201218706100239834
05,5,15,000,2020,12,23,2,3,8,1,2,0,0,0,0,0,1,403035.013899999670000,5758381.852499999100000,7.588539608000076,51.967657741000039,1,05201221702100344344
05,5,58,024,2020,12,13,2,2,5,3,0,0,1,0,0,1,0,391651.355999999680000,5734908.539000000800000,7.430260115000067,51.754582503000051,1,05201221706300591760
05,5,70,028,2020,12,15,3,3,9,1,0,0,0,0,0,0,1,440097.575699999930000,5739900.195900000600000,8.131158435000032,51.806736283000077,1,05201222301911881149
05,5,66,032,2020,12,07,4,3,1,6,2,0,1,0,0,0,0,413119.922600000170000,5778068.939899999600000,7.730290637000053,52.146286259000078,1,05201216709800512513
05,5,58,020,2020,12,17,5,3,5,2,2,0,1,0,0,0,0,390389.550999999980000,5759757.978000000100000,7.404100566000068,51.977676070000030,0,05201217706200172373
05,5,62,016,2020,12,14,1,3,5,2,0,0,0,0,1,0,0,376426.495299999600000,5738077.815800000000000,7.208666134000055,51.779912748000072,0,05201220701700654265
05,5,66,060,2020,12,07,5,3,5,3,2,1,0,0,0,0,0,388709.262600000020000,5788706.846599999800000,7.370186483000055,52.237510606000058,1,05201217709500712004
05,5,66,084,2020,12,17,2,2,6,4,2,0,1,1,0,0,0,389387.167000000370000,5775267.924000000600000,7.384492497000053,52.116870289000076,1,05201221709300072352
05,5,66,076,2020,12,12,4,3,5,3,0,1,1,0,0,0,0,395547.252700000070000,5793952.302799999700000,7.468663041000070,52.285993220000080,1,05201216709500074669
05,5,70,008,2020,12,19,5,3,2,1,2,0,1,0,0,0,0,437915.035299999640000,5739190.853800000600000,8.099633455000060,51.800121066000031,0,05201217301911868874
05,5,62,032,2020,12,10,5,3,6,6,0,0,0,1,1,0,0,374951.271700000390000,5719549.438200000700000,7.193935124000063,51.613071676000061,0,05201217701110531202
05,5,58,024,2020,12,14,6,2,2,6,0,0,1,0,0,0,0,390116.547899999660000,5736037.418999999800000,7.407676288000062,51.764429717000041,0,05201218706300891850
05,5,66,028,2020,12,12,7,3,0,2,0,0,0,1,0,0,1,417375.938099999910000,5791031.451300000800000,7.789311914000052,52.263454704000026,0,05201219709700012577
05,5,54,016,2020,12,22,4,2,9,7,2,0,1,0,0,0,0,361916.720300000160000,5758652.751100000000000,6.990235408000046,51.961400014000048,0,05201216705131587239
05,5,66,076,2020,12,15,6,3,3,6,0,0,1,0,0,0,0,397150.421600000000000,5795853.452400000800000,7.491577052000025,52.303381959000035,0,05201218702350624222
05,5,62,032,2020,12,15,6,3,6,4,0,0,1,1,0,0,0,372474.472900000400000,5721649.751000000200000,7.157418123000070,51.631391351000048,0,05201218701110907201
05,5,54,056,2020,12,18,2,1,0,6,2,0,1,1,0,0,0,359153.273000000040000,5764111.054199999200000,6.947800523000069,52.009750912000072,1,05201221705000491833
05,5,70,004,2020,12,15,5,2,5,2,0,1,0,0,0,0,1,422753.732499999930000,5735235.600199999300000,7.880682867000076,51.762676173000045,0,05201217711215777896
05,5,62,012,2020,12,15,2,3,5,3,0,0,1,0,0,0,0,358763.558600000110000,5727512.002599999300000,6.957073714000046,51.680793519000076,1,05201221701610383204
05,5,66,084,2020,12,17,5,2,6,4,2,0,1,1,0,0,0,390566.558799999770000,5774445.722999999300000,7.401974583000026,52.109715621000078,1,05201217709300026733
05,5,70,052,2020,12,00,7,1,5,2,2,0,1,0,0,0,0,429950.359899999570000,5754726.954800000400000,7.980995160000020,51.938845558000082,0,05201219711112502616
05,5,54,028,2020,12,20,4,3,8,1,2,0,1,0,0,0,0,358498.642400000240000,5744380.627699999100000,6.946377670000061,51.832301073000053,1,05201216705000691843
05,5,58,012,2020,12,09,6,3,5,3,0,0,1,0,0,0,0,368789.500199999660000,5757191.251599999100000,7.090763342000059,51.949931309000078,1,05201218706200121291
05,5,66,048,2020,12,15,4,2,2,6,0,0,0,0,0,1,0,425723.027900000100000,5789409.672499999400000,7.911953155000049,52.250067283000078,0,05201216702350087689
05,5,15,000,2020,12,08,5,2,6,4,1,0,1,1,0,0,0,405949.292299999860000,5756481.920900000300000,7.631467895000071,51.951081035000072,1,05201217702100579141
05,5,70,008,2020,12,10,6,3,5,7,0,1,1,0,0,0,0,433821.516699999570000,5735623.556900000200000,8.040957578000075,51.767581476000032,0,05201218711311682312
05,5,54,064,2020,12,16,7,3,7,7,1,0,0,0,1,0,0,357074.661000000310000,5755064.732599999800000,6.921301320000055,51.927937720000045,0,05201219705000121129
05,5,62,032,2020,12,23,4,2,9,1,2,0,1,0,0,0,0,374687.348500000310000,5721621.422199999900000,7.189384157000063,51.631634009000038,1,05201216702340587344
05,5,15,000,2020,12,11,6,2,0,4,0,1,0,1,0,0,0,405157.322999999860000,5759109.698799999400000,7.619221872000026,51.974566078000066,0,05201218702100668134
05,5,15,000,2020,12,08,2,3,5,2,0,1,1,0,0,0,0,403013.915000000040000,5758689.755000000800000,7.588145603000044,51.970421572000078,1,05201221702100874709
05,5,66,056,2020,12,06,5,2,5,7,2,0,1,0,0,1,0,415334.768000000160000,5794486.881999999300000,7.758542522000028,52.294203143000061,0,05201217709700068285
05,5,13,000,2020,12,18,2,3,2,6,2,0,1,0,0,0,0,363112.512900000440000,5712092.580600000900000,7.025960289000068,51.543308414000080,1,05201221700000919942
05,5,58,012,2020,12,07,5,2,5,3,2,0,1,0,0,0,0,376438.189699999990000,5750392.309499999500000,7.204438009000057,51.890583264000043,1,05201217706200303108
05,5,66,092,2020,12,11,7,2,4,3,0,1,1,0,0,0,0,423459.014399999750000,5799276.312999999200000,7.876553598000044,52.338446087000079,1,05201219709700081017
05,5,66,076,2020,12,16,2,3,6,7,1,0,1,1,0,0,0,393190.497999999670000,5793312.538000000600000,7.434328219000065,52.279790567000077,1,05201221709500412397
05,5,62,014,2020,12,16,4,3,2,6,0,0,1,0,0,0,0,357362.954800000410000,5713719.541999999400000,6.942443216000072,51.556504277000045,0,05201216702340005120
05,5,62,020,2020,12,08,5,3,1,6,0,0,1,0,0,0,0,370713.322599999610000,5717627.422199999900000,7.133469905000027,51.594841633000044,1,05201217701200526206
05,5,66,012,2020,12,13,6,3,2,6,0,0,1,0,0,0,0,401881.701200000010000,5777752.592100000000000,7.566193428000076,52.141560885000047,0,05201218709110570536
05,5,62,004,2020,12,15,1,3,8,1,0,0,1,0,0,0,0,384611.298100000250000,5714039.790999999300000,7.335199132000071,51.565615105000063,1,05201227701800506200
05,5,12,000,2020,12,01,1,3,8,1,2,0,1,0,0,0,0,354859.928899999710000,5709005.887800000600000,6.908305525000060,51.513510499000063,1,05201227701400478203
05,5,13,000,2020,12,20,4,3,6,2,2,0,1,1,0,0,0,368459.331100000070000,5707839.263000000300000,7.104607989000044,51.506356424000046,1,05201230700100957871
05,5,66,048,2020,12,08,2,3,8,7,1,0,0,0,0,1,0,426126.636800000440000,5792993.386399999300000,7.917079637000029,52.282335421000028,1,05201228709700061973
05,5,15,000,2020,12,06,2,3,5,3,2,1,1,0,0,0,0,401575.532100000420000,5757083.687100000700000,7.567673949000039,51.955733055000053,1,05201228702100564121
05,5,15,000,2020,12,15,3,3,5,2,0,1,1,0,0,0,0,405507.818500000050000,5755510.050400000100000,7.625313148000032,51.942270597000061,1,05201229702100188934
05,5,70,020,2020,12,07,4,3,8,1,2,0,1,0,0,0,0,435025.446200000120000,5742922.874800000300000,8.057034020000060,51.833343721000062,2,05201230711422126853
05,5,15,000,2020,12,17,4,3,6,2,2,0,1,1,0,0,0,404582.643299999650000,5755705.213400000700000,7.611803644000077,51.943866901000035,0,05201230702100470631
05,5,66,040,2020,12,12,7,3,5,3,0,0,1,0,0,0,0,418911.711600000040000,5784165.877399999600000,7.813457030000052,52.201970904000063,1,05201226709800987277
05,5,58,032,2020,12,11,7,2,5,2,0,1,1,0,0,0,0,386560.922100000080000,5754522.551100000700000,7.350109622000048,51.929855340000074,0,05201226706100465763
05,5,54,012,2020,12,12,7,3,8,1,0,0,1,0,0,0,0,345232.258700000120000,5741814.923900000800000,6.755140573000062,51.805732126000066,1,05201226705000801676
05,5,62,032,2020,12,11,7,3,8,1,0,0,1,0,0,0,0,373144.259999999780000,5720392.987999999900000,7.167545552000036,51.620248333000063,1,05201226702340330260
05,5,62,036,2020,12,13,7,3,4,6,0,1,0,0,0,0,0,388801.640900000000000,5719252.573999999100000,7.393978755000035,51.613309789000027,0,05201226701930749479
05,5,62,012,2020,12,19,7,3,5,2,2,1,1,0,0,0,0,358806.065899999810000,5724199.267300000400000,6.959026700000038,51.651036767000051,1,05201226701610447201
05,5,58,036,2020,12,18,5,2,4,6,2,0,1,0,0,0,0,386656.478500000200000,5727562.826899999800000,7.360316739000041,51.687573005000047,1,05201231706000423116
05,5,66,016,2020,12,06,2,3,8,1,2,0,1,0,0,0,0,403689.976800000300000,5788554.208499999700000,7.589539589000026,52.238963452000064,1,05201228709500569125
05,5,62,024,2020,12,22,2,3,0,1,2,0,0,0,1,0,0,368899.057599999940000,5724798.843299999800000,7.104607852000072,51.658869140000036,1,05201228701500775202
05,5,13,000,2020,12,17,3,3,5,3,2,1,1,0,0,0,0,369055.607200000440000,5708140.832900000700000,7.113082828000074,51.509205063000081,0,05201229700000070184
05,5,70,028,2020,12,17,6,2,0,7,2,1,0,0,0,0,0,440606.668999999760000,5741978.085500000000000,8.138185251000039,51.825471293000078,1,05201225711412380981
05,5,70,016,2020,12,22,3,3,8,1,2,0,1,0,0,0,0,408092.030399999580000,5745217.231899999100000,7.665641322000056,51.850184732000059,1,05201229711222074710
05,5,70,004,2020,12,15,6,3,9,1,0,0,1,0,0,0,0,418974.867800000120000,5737040.705800000600000,7.825517172000048,51.778368957000055,1,05201225711215076743
05,5,62,012,2020,12,21,6,3,2,6,2,0,1,0,0,0,0,357646.441300000060000,5732331.829700000600000,6.938958650000075,51.723820516000046,1,05201225702340087397
05,5,62,008,2020,12,09,6,2,8,1,0,0,1,0,0,0,0,382215.674399999900000,5727372.566800000100000,7.296168124000076,51.684949026000027,1,05201225701910346200
05,5,62,020,2020,12,15,6,3,5,3,0,0,1,0,0,0,0,371426.853500000200000,5715579.634600000500000,7.144515430000070,51.576601729000060,0,05201225701200363205
05,5,62,032,2020,12,17,4,3,6,2,2,0,1,1,0,0,0,373968.690000000410000,5719867.922000000300000,7.179636959000050,51.615714781000065,1,05201230701110169208
05,5,66,008,2020,12,15,4,3,0,1,0,1,1,0,0,0,0,399225.848000000230000,5780803.727000000000000,7.526491692000036,52.168505607000043,1,05201230709110179197
05,5,70,048,2020,12,15,5,3,8,1,0,0,1,0,0,0,0,450620.372399999760000,5725210.880400000100000,8.285855010000034,51.675698264000061,1,05201224711322287401
05,5,15,000,2020,12,17,2,3,6,2,2,0,1,1,0,0,0,403503.124099999670000,5760699.182900000400000,7.594699700000035,51.988568031000057,1,05201228702100814075
05,5,70,016,2020,12,11,5,3,5,3,0,0,1,0,0,0,0,416381.927000000140000,5734935.996999999500000,7.788447374000043,51.759067667000068,1,05201224711221685562