ULAND,UREGBEZ,UKREIS,UGEMEINDE,UJAHR,UMONAT,USTUNDE,UWOCHENTAG,UKATEGORIE,UART,UTYP1,ULICHTVERH,IstRad,IstPKW,IstFuss,IstKrad,IstGkfz,IstSonstige,LINREFX,LINREFY,XGCSWGS84,YGCSWGS84,STRZUSTAND,UIDENTSTLAE
05,5,54,008,2020,01,19,1,3,5,2,2,1,1,0,0,0,0,334250.425999999980000,5744836.464900000000000,6.594553013000052,51.829728274000047,0,05200119705000876767
05,5,54,020,2020,01,09,1,3,0,1,0,1,0,0,0,0,0,366358.266900000160000,5787011.562200000500000,7.043723480000040,52.217306395000037,2,05200119705000620789
05,5,15,000,2020,01,06,1,3,0,1,2,1,0,0,0,0,0,403023.850300000050000,5757525.305800000200000,7.588619034000033,51.959956909000027,0,05200119702100443954
05,5,13,000,2020,01,05,1,3,9,5,2,0,1,0,0,1,0,369787.810399999840000,5708553.679500000600000,7.123475343000052,51.513084471000070,1,05200119700100971538
05,5,66,084,2020,01,14,5,3,2,6,0,0,1,0,0,0,0,389079.410000000150000,5775267.898000000000000,7.379999637000026,52.116808401000071,1,05200116709300772411
05,5,66,004,2020,01,09,5,3,5,3,0,1,1,0,0,0,0,395108.711000000130000,5767053.711999999400000,7.470548829000052,52.044159098000080,0,05200116709100423201
05,5,62,032,2020,01,16,2,2,5,3,0,0,1,0,0,0,0,375280.241000000390000,5718522.073100000600000,7.199049344000059,51.603911606000054,1,05200120701110317207
05,5,58,020,2020,01,21,5,2,6,4,2,1,0,1,0,0,0,391337.457299999890000,5758873.132999999400000,7.418176256000038,51.969909640000026,0,05200116706200119201
05,5,58,016,2020,01,16,5,3,0,7,0,0,1,1,0,0,0,387805.651999999770000,5747396.067299999300000,7.370524616000068,51.866058560000056,1,05200116706100114206
05,5,58,016,2020,01,15,5,3,1,3,0,1,1,0,0,0,0,381599.004800000230000,5743802.080299999600000,7.281654700000047,51.832476225000050,0,05200116706100108201
05,5,58,016,2020,01,07,5,2,5,3,2,1,1,0,0,0,0,383458.617600000460000,5742243.074599999900000,7.309155152000074,51.818856057000062,1,05200116706100087398
05,5,54,008,2020,01,14,5,3,5,3,0,1,1,0,0,0,0,335859.617899999950000,5746234.912300000000000,6.617221203000042,51.842766228000073,0,05200116705000887252
05,5,54,012,2020,01,17,5,3,6,7,1,0,1,1,0,0,0,354855.750199999660000,5746475.094399999800000,6.892667294000034,51.850185450000026,0,05200116705000221129
05,5,54,020,2020,01,10,5,2,0,7,0,1,0,0,0,0,1,365922.065600000320000,5786123.356699999400000,7.037694151000039,52.209219575000077,0,05200116705000020950
05,5,15,000,2020,01,15,5,3,5,2,0,1,1,0,0,0,0,403871.146599999630000,5758255.532099999500000,7.600742110000056,51.966667560000076,0,05200116702100968057
05,5,15,000,2020,01,16,5,2,4,6,0,1,1,0,0,0,0,409472.590300000270000,5765592.877200000000000,7.680314737000060,52.033560296000076,0,05200116702100768057
05,5,15,000,2020,01,12,5,2,6,2,0,1,0,1,0,0,0,406070.485399999660000,5757993.578500000800000,7.632817518000024,51.964688992000049,0,05200116702100587866
05,5,62,024,2020,01,07,5,3,5,2,1,1,1,0,0,0,0,369737.193099999800000,5725122.494999999200000,7.116597506000062,51.661972548000051,0,05200116701500585410
05,5,62,020,2020,01,16,5,3,6,4,0,1,0,1,0,0,0,372061.132899999620000,5718467.189600000200000,7.152611204000039,51.602696252000044,0,05200116701200230201
05,5,62,032,2020,01,20,5,2,0,1,2,1,0,0,0,0,0,375336.815899999810000,5715098.469300000000000,7.201081837000061,51.573155683000039,0,05200116701120292205
05,5,13,000,2020,01,17,5,3,1,6,1,1,1,0,0,0,0,364071.064500000330000,5715476.499399999200000,7.038466500000027,51.573949228000060,1,05200116700200086208
05,5,13,000,2020,01,10,5,2,5,2,0,1,1,0,0,0,0,365720.671699999830000,5709657.162699999300000,7.064477655000076,51.522049014000061,1,05200116700100966201
05,5,70,008,2020,01,10,3,3,6,4,0,0,1,1,0,0,0,434078.652900000100000,5734167.579199999600000,8.044959597000059,51.754522465000036,0,05200121711311649811
05,5,15,000,2020,01,19,4,3,0,2,2,0,1,1,0,0,0,401182.525200000030000,5759374.271700000400000,7.561297459000059,51.976251532000049,0,05200122702100744344
05,5,54,020,2020,01,16,6,3,0,7,1,1,0,0,0,0,1,364598.611399999820000,5786306.861099999400000,7.018263758000046,52.210544845000072,0,05200124705000521068
05,5,13,000,2020,01,15,4,3,5,3,0,0,1,0,0,0,0,366857.378600000400000,5706889.381200000600000,7.081897534000063,51.497444989000030,1,05200122700100781207
05,5,54,008,2020,01,12,5,2,5,3,0,1,1,0,0,0,0,335619.086199999790000,5744994.491000000400000,6.614322040000047,51.831552267000063,0,05200123705000582335
05,5,15,000,2020,01,12,7,3,0,7,0,1,0,1,0,0,0,405840.643699999900000,5757568.186200000300000,7.629589739000039,51.960826496000038,0,05200125702100356376
05,5,70,004,2020,01,15,4,3,5,3,0,1,1,0,0,0,0,423486.141499999910000,5734202.861400000800000,7.891520867000054,51.753492780000045,1,05200122711214326206
05,5,12,000,2020,01,22,6,3,5,3,2,0,1,0,0,0,0,359595.507600000130000,5710962.899800000700000,6.975726138000027,51.532293069000048,0,05200124701400348560
05,5,15,000,2020,01,12,4,3,3,3,0,1,0,0,0,0,0,403576.482699999590000,5761545.721400000200000,7.595529605000024,51.996189685000047,0,05200122702100479228
05,5,66,012,2020,01,13,5,3,5,3,0,0,1,0,0,0,0,400469.034900000320000,5776565.474800000000000,7.545904751000023,52.130638532000035,0,05200123709110057478
05,5,62,032,2020,01,20,5,3,5,3,2,0,1,0,0,0,0,376580.562699999660000,5715125.223200000800000,7.219010607000030,51.573669783000071,0,05200123701120291202
05,5,66,076,2020,01,07,3,3,0,2,1,1,0,0,0,0,1,394282.693300000390000,5794716.414500000000000,7.449891463000029,52.292618662000052,0,05200121709500012449
05,5,58,004,2020,01,11,3,3,6,2,0,0,1,1,0,0,0,407676.165599999950000,5732971.724999999600000,7.662865371000066,51.740043487000037,0,05200121706300523116
05,5,58,008,2020,01,08,3,3,0,3,0,1,1,0,0,0,0,382413.976400000040000,5759691.463300000900000,7.288055212000074,51.975447881000036,1,05200121706200579209
05,5,70,028,2020,01,12,3,3,5,2,0,1,1,0,0,0,0,441545.151800000110000,5742651.711200000700000,8.151687521000042,51.831626333000031,0,05200121711413126853
05,5,66,028,2020,01,08,6,3,0,1,1,1,0,0,0,0,0,413921.048999999650000,5792959.784000000000000,7.738208448000023,52.280257391000077,2,05200124709700511847
05,5,58,024,2020,01,07,4,3,6,4,1,0,1,1,0,0,0,392539.463999999690000,5736727.147500000900000,7.442559296000070,51.771099248000041,0,05200122706300490204
05,5,58,016,2020,01,10,3,2,6,4,0,0,1,1,0,0,0,381019.705000000070000,5743616.566999999800000,7.273315251000042,51.830685897000080,0,05200121706100427200
05,5,54,048,2020,01,17,7,3,0,2,2,1,1,0,0,0,0,341086.265100000430000,5744212.434100000200000,6.693956254000057,51.826108335000072,1,05200125705000821137
05,5,62,032,2020,01,09,4,3,5,3,0,1,1,0,0,0,0,374867.480000000450000,5719992.516799999400000,7.192567372000042,51.617035038000040,1,05200122701110760207
05,5,54,004,2020,01,13,3,3,5,3,0,1,1,0,0,0,0,364859.804700000210000,5771656.401399999900000,7.027909961000034,52.078968858000053,0,05200121705000764191
05,5,54,008,2020,01,10,5,3,5,3,0,1,0,0,0,0,1,335202.213000000450000,5744706.298000000400000,6.608414802000027,51.828840501000059,0,05200123705000980974
05,5,54,008,2020,01,08,3,3,5,3,0,1,1,0,0,0,0,336088.784199999650000,5746729.871700000000000,6.620310264000068,51.847279978000074,1,05200121705000587250
05,5,54,004,2020,01,15,3,3,2,2,0,0,1,0,0,0,0,359945.129999999890000,5770432.352000000000000,6.956741329000067,52.066749309000045,1,05200121705000121108
05,5,15,000,2020,01,17,4,3,6,4,2,1,0,1,0,0,0,406012.999499999920000,5756706.521299999200000,7.632333187000029,51.953110617000050,1,05200122702100672420
05,5,54,008,2020,01,16,3,3,5,3,0,1,1,0,0,0,0,337052.002399999650000,5746219.290699999800000,6.634522085000072,51.842975105000050,0,05200121705000087331
05,5,54,004,2020,01,10,6,3,3,6,0,0,1,0,0,0,0,364017.835500000040000,5771221.301000000900000,7.015804530000025,52.074853147000056,0,05200124705000030800
05,5,12,000,2020,01,12,5,3,9,1,0,0,1,0,0,0,1,358704.957000000400000,5712577.637199999800000,6.962247213000069,51.546580901000027,0,05200123701400211204
05,5,70,004,2020,01,13,5,3,5,3,0,1,1,0,0,0,0,423619.618800000290000,5735846.237299999200000,7.893092968000076,51.768284367000035,0,05200123711211302909
05,5,62,024,2020,01,13,7,3,2,6,0,0,1,0,0,0,0,368619.196999999690000,5725620.646999999900000,7.100255231000062,51.666188956000042,0,05200125701500285410
05,5,62,028,2020,01,08,3,3,1,1,0,0,1,0,1,0,0,379177.719300000000000,5723482.170099999800000,7.253589046000059,51.649339461000068,1,05200121701920412204
05,5,70,004,2020,01,17,6,3,4,2,1,0,1,0,1,0,0,423183.007299999710000,5733456.392799999600000,7.887295081000048,51.746740800000055,1,05200124711214279152
05,5,66,028,2020,01,07,4,3,6,4,2,0,1,1,0,0,0,413350.478000000120000,5791910.717000000200000,7.730116487000032,52.270738386000062,1,05200122709700811895
05,5,62,024,2020,01,16,4,3,5,3,1,0,1,0,0,0,0,367376.749499999920000,5724383.085100000700000,7.082769994000046,51.654775808000068,1,05200122701500944205
05,5,58,012,2020,01,12,5,3,5,3,0,1,1,0,0,0,0,374350.574300000440000,5757098.299699999400000,7.171670694000056,51.950380019000079,1,05200123706000465772
05,5,66,060,2020,01,20,2,3,5,3,2,1,1,0,0,0,0,389048.861999999730000,5789388.482000000800000,7.374933826000074,52.243704989000037,0,05200120709500451486
05,5,58,016,2020,01,07,2,2,6,4,1,0,0,1,0,0,1,381385.284900000320000,5743901.226099999600000,7.278520524000044,51.833321920000060,1,05200120706100296204
05,5,62,014,2020,01,07,3,3,6,2,2,0,1,1,0,0,0,360879.848000000230000,5714137.471000000800000,6.992975547000071,51.561138130000074,1,05200121701300647281
05,5,54,044,2020,01,07,2,3,5,3,2,1,1,0,0,0,0,365142.761300000360000,5741489.216299999500000,7.043868125000074,51.807962489000033,1,05200120705124241205
05,5,66,076,2020,01,06,4,3,1,5,2,1,1,0,0,0,0,395994.187400000170000,5793807.026900000900000,7.475257668000040,52.284772342000053,1,05200129709500572447
05,5,54,012,2020,01,19,4,3,5,3,2,1,0,0,0,0,0,352851.538999999870000,5746089.123999999800000,6.863754324000070,51.846192845000076,1,05200129705121089200
05,5,54,012,2020,01,10,4,3,0,2,0,0,1,1,0,0,0,352531.303299999800000,5745577.284299999500000,6.859327004000022,51.841509518000066,1,05200129705000487394
05,5,70,036,2020,01,11,3,2,5,3,0,0,1,0,0,1,0,433763.257299999710000,5767106.464800000200000,8.034060149000027,52.050600490000079,1,05200128711121882073
05,5,70,052,2020,01,09,3,3,5,2,0,1,1,0,0,0,0,430740.430200000290000,5756451.592100000000000,7.992138815000033,51.954448347000039,1,05200128711111380988
05,5,66,028,2020,01,13,3,2,1,7,0,1,1,0,0,0,0,411422.076399999670000,5795019.960999999200000,7.701045653000051,52.298377659000039,1,05200128709700069191
05,5,66,068,2020,01,13,3,3,5,3,0,1,1,0,0,0,0,375713.071100000290000,5786732.858599999900000,7.180685858000061,52.216991773000075,1,05200128709300187292
05,5,54,008,2020,01,08,3,3,5,2,0,1,1,0,0,0,0,334508.031399999750000,5745118.368599999700000,6.598153190000062,51.832337070000051,1,05200128705000887252
05,5,15,000,2020,01,07,3,3,5,3,2,1,1,0,0,0,0,407855.713100000280000,5757275.515799999200000,7.658987112000034,51.958533423000063,1,05200128702100088934
05,5,62,004,2020,01,15,3,3,5,2,0,0,1,0,0,0,1,383055.694199999790000,5712090.035399999500000,7.313414093000063,51.547770752000076,0,05200128701800492208
05,5,62,004,2020,01,13,3,2,0,7,0,0,0,0,0,1,0,382949.870299999600000,5718574.393799999700000,7.309727570000064,51.606028265000077,1,05200128701800452204
05,5,62,032,2020,01,17,3,3,1,4,2,0,1,1,0,0,0,376552.187699999660000,5719738.942800000300000,7.216978091000044,51.615128122000044,1,05200128701110511203
05,5,13,000,2020,01,16,3,3,5,3,0,0,1,0,0,0,0,366183.807000000030000,5714539.548800000900000,7.069292649000033,51.566034764000051,1,05200128700200558206
05,5,54,008,2020,01,07,4,3,5,3,1,1,1,0,0,0,0,336162.778500000010000,5745759.294399999100000,6.621843259000059,51.838582566000071,1,05200129705000281087
05,5,54,008,2020,01,12,4,3,5,3,0,1,1,0,0,0,0,336062.128800000060000,5745433.016699999600000,6.620538242000066,51.835621933000027,1,05200129705000276764
05,5,70,044,2020,01,17,1,3,5,2,1,1,1,0,0,0,0,416575.532999999820000,5759456.086999999400000,7.785327854000059,51.979511231000060,0,05200126711141872431
05,5,15,000,2020,01,17,4,3,1,6,1,0,1,0,0,0,0,409399.096599999820000,5764784.771500000700000,7.679457690000049,52.026284618000034,0,05200129702100466481
05,5,54,056,2020,01,04,1,2,8,1,2,0,1,0,0,0,0,357879.488400000150000,5762019.783700000500000,6.930121160000056,51.990635994000058,1,05200126705214718205
05,5,54,016,2020,01,17,1,3,5,3,1,0,1,0,1,0,0,363354.291000000200000,5756985.137000000100000,7.011808282000061,51.946770636000053,1,05200126705000087348
05,5,54,020,2020,01,03,1,3,3,6,2,1,1,0,0,0,0,365816.551300000400000,5784501.937899999300000,7.036793214000056,52.194624856000075,1,05200126705000051111
05,5,15,000,2020,01,23,1,2,0,1,2,1,0,0,0,0,0,405892.091799999590000,5755382.124199999500000,7.630936898000073,51.941185868000048,1,05200126702100870566
05,5,62,032,2020,01,13,1,3,5,3,0,0,1,0,1,0,0,376215.112499999810000,5714570.846300000300000,7.213935094000021,51.568607337000060,0,05200126701120837202
05,5,13,000,2020,01,17,1,3,4,7,1,0,1,0,1,0,0,369723.956600000150000,5709145.011299999400000,7.122337098000060,51.518383974000074,0,05200126700100165202
05,5,62,032,2020,01,08,4,3,5,3,0,0,1,0,0,0,0,375044.906999999660000,5719200.963999999700000,7.195410991000074,51.609960698000066,1,05200129701110132209
05,5,13,000,2020,01,10,4,3,5,3,0,0,1,0,0,0,0,369015.329300000330000,5708660.998099999500000,7.112309503000063,51.513870361000045,1,05200129700100634200
05,5,70,052,2020,01,07,2,3,5,2,1,1,0,0,0,1,0,429252.810999999750000,5756254.802999999400000,7.970535322000046,51.952492031000077,1,05200127711112580988
05,5,66,028,2020,01,07,2,2,0,6,2,0,1,1,0,0,0,417207.665000000040000,5789604.333699999400000,7.787196805000065,52.250601685000049,1,05200127709700534934
05,5,58,024,2020,01,22,2,3,0,3,2,1,1,0,0,0,0,391849.918100000360000,5735970.295800000400000,7.432805275000021,51.764163908000057,1,05200127706300987295
05,5,54,008,2020,01,10,2,3,6,7,0,0,1,1,0,0,0,333966.000699999740000,5745112.193099999800000,6.590296954000053,51.832120758000030,1,05200127705000476761
05,5,54,012,2020,01,17,2,3,5,2,2,1,1,0,0,0,0,352802.135999999940000,5746452.360999999600000,6.862883018000048,51.849443483000073,1,05200127705000421129
05,5,54,056,2020,01,15,2,3,5,3,0,0,1,0,0,0,0,358464.798999999650000,5760192.697000000600000,6.939393555000038,51.974368774000027,1,05200127705000370577
05,5,54,008,2020,01,15,2,3,5,3,0,1,1,0,0,0,0,336119.523400000300000,5745903.844599999500000,6.621147507000046,51.839868435000028,1,05200127705000276771
05,5,54,020,2020,01,13,2,3,5,3,0,0,1,0,0,0,0,366098.048799999990000,5785616.840500000900000,7.040468431000022,52.204711122000049,1,05200127705000081002
05,5,15,000,2020,01,14,2,3,0,1,1,1,0,0,0,0,0,404899.329900000240000,5758344.475999999800000,7.615679031000070,51.967643877000057,1,05200127702100842487
05,5,15,000,2020,01,18,2,3,2,6,2,0,1,0,0,0,0,404456.515800000170000,5760769.989600000900000,7.608559928000034,51.989369280000062,1,05200127702100272433
05,5,12,000,2020,01,17,2,3,5,2,1,1,1,0,0,0,0,355868.790300000460000,5710571.465500000900000,6.922194117000061,51.527836703000048,1,05200127701400227202
05,5,62,032,2020,01,07,2,3,5,3,0,1,1,0,0,0,0,375711.976300000210000,5715809.837400000500000,7.206240902000047,51.579631724000080,1,05200127701120043204
05,5,62,032,2020,01,13,2,2,5,3,0,1,1,0,0,0,0,375907.132500000300000,5719222.726399999100000,7.207848879000039,51.610346978000052,0,05200127701110214207
05,5,62,032,2020,01,13,2,2,5,7,0,1,1,0,0,0,0,375574.765900000000000,5719106.847799999600000,7.203092504000040,51.609232208000037,0,05200127701110195202
05,5,13,000,2020,01,20,2,3,0,3,2,0,1,0,0,0,1,364956.160600000060000,5709601.084200000400000,7.053486192000037,51.521362789000079,1,05200127700100310206
05,5,66,028,2020,01,13,7,3,2,1,0,0,1,0,0,0,0,412520.061300000180000,5792899.065600000300000,7.717693305000068,52.279490455000030,1,05200125709700765887
05,5,54,008,2020,02,10,7,3,5,3,0,1,1,0,0,0,0,335138.089700000360000,5747318.489600000900000,6.606240227000058,51.852287825000076,1,05200201705000676736
05,5,62,024,2020,01,15,6,3,0,7,0,1,0,0,0,0,0,369357.444400000390000,5725128.141100000600000,7.111108015000070,51.661935138000047,1,05200131701500532207
05,5,70,052,2020,01,11,6,3,6,2,0,0,1,1,0,0,0,430296.489599999970000,5756617.062200000500000,7.985646139000039,51.955880392000040,0,05200131711113681616
05,5,66,008,2020,02,07,7,3,6,7,1,0,1,1,0,0,0,399321.482599999760000,5781309.967299999700000,7.527739338000060,52.173073011000042,1,05200201709110372341
05,5,15,000,2020,02,11,7,3,0,1,0,1,0,0,0,0,0,406069.104399999600000,5758871.237800000200000,7.632557301000077,51.972577550000040,1,05200201702100542458
05,5,66,076,2020,02,18,1,3,2,6,2,0,1,0,0,0,0,395314.960900000300000,5793723.201899999800000,7.465329991000033,52.283890024000073,1,05200202709500925202
05,5,62,014,2020,02,07,2,3,5,2,0,1,1,0,0,0,0,358913.521099999550000,5713126.403400000200000,6.965032998000027,51.551564283000062,0,05200203701300945203
05,5,54,020,2020,01,07,6,2,5,2,1,1,1,0,0,0,0,366133.450100000020000,5787784.919199999400000,7.040128662000029,52.224200705000044,1,05200131705000521011
05,5,54,056,2020,02,19,7,3,4,6,2,1,0,0,0,0,0,357019.259899999950000,5762227.630999999100000,6.917514828000037,51.992282740000064,0,05200201705000949719
05,5,70,004,2020,01,18,5,2,6,7,2,0,1,1,0,0,0,423781.464100000450000,5736091.819700000800000,7.895384070000034,51.770514123000055,1,05200130711211780621
05,5,13,000,2020,02,12,7,3,6,4,0,0,1,1,0,0,0,365687.232800000350000,5708762.729800000800000,7.064336833000027,51.514003185000036,1,05200201700100060208
05,5,66,012,2020,02,07,2,3,0,5,0,0,0,0,0,1,0,406333.892699999730000,5771818.812599999800000,7.632865692000053,52.088999653000030,1,05200203709100265868
05,5,70,052,2020,01,07,5,3,4,2,2,0,1,0,0,0,0,435162.255599999800000,5754615.387399999400000,8.056821553000020,51.938474340000027,1,05200130711115072374
05,5,66,064,2020,01,14,5,3,0,7,0,1,0,0,0,0,0,395772.429999999700000,5771262.697499999800000,7.478938201000062,52.082113357000026,0,05200130709100778200
05,5,54,004,2020,01,11,5,3,6,4,0,1,0,1,0,0,0,363901.558400000450000,5771972.873500000700000,7.013809146000028,52.081577786000082,0,05200130705000255357
05,5,15,000,2020,01,13,6,3,2,5,0,1,1,0,0,0,0,405586.798600000330000,5757372.208499999700000,7.625950250000074,51.959021916000040,0,05200131702100965912
05,5,15,000,2020,01,21,5,3,5,2,2,1,0,0,0,0,0,405050.865000000220000,5756671.631999999300000,7.618346550000069,51.952633588000026,1,05200130702100707201
05,5,15,000,2020,01,07,5,3,5,2,2,1,1,0,0,0,0,401518.997000000440000,5758993.867000000600000,7.566303711000046,51.972892119000051,1,05200130702100487529
05,5,15,000,2020,01,02,5,3,8,1,2,1,1,0,0,0,0,405146.479899999690000,5758883.534199999600000,7.619126564000055,51.972531373000038,1,05200130702100061999
05,5,70,048,2020,02,18,7,3,5,3,2,0,1,0,0,0,0,448468.098399999550000,5732073.562599999800000,8.253716301000054,51.737204871000074,1,05200201711321477896
05,5,54,020,2020,02,19,7,3,4,6,2,1,0,0,0,0,0,364031.995799999680000,5786889.749399999200000,7.009742035000045,52.215642708000075,0,05200201705000221068
05,5,62,032,2020,01,17,6,3,2,6,2,0,1,0,0,0,0,375540.463399999770000,5718886.320299999800000,7.202675669000030,51.607242717000076,0,05200131701110565207
05,5,62,024,2020,02,12,2,3,6,4,0,0,1,1,0,0,0,368023.034699999730000,5725229.498999999800000,7.091787684000053,51.662534205000043,1,05200203701500082209
05,5,58,032,2020,01,09,6,3,0,7,0,0,1,1,0,0,0,387043.975399999880000,5754373.681600000700000,7.357181026000035,51.928615631000071,0,05200131706100036457
05,5,58,044,2020,02,13,7,2,5,3,0,0,1,0,0,0,0,395801.183799999770000,5752109.278500000000000,7.485179966000032,51.909971530000064,1,05200201706000076748
05,5,12,000,2020,02,09,7,3,5,3,0,0,1,0,0,0,0,359505.008200000040000,5710403.350600000500000,6.974645457000065,51.527242414000057,1,05200201701400651202
05,5,70,052,2020,02,13,2,3,5,3,0,0,1,0,1,0,0,429001.404400000350000,5755356.741800000900000,7.967063172000053,51.944386804000032,1,05200203711112081020
05,5,15,000,2020,02,21,1,2,6,4,2,0,1,1,0,0,0,405579.552600000050000,5754355.572799999300000,7.626673344000039,51.931905789000041,1,05200202702100876642
05,5,13,000,2020,02,11,2,3,5,3,0,0,1,0,0,0,0,367731.996199999940000,5706590.507600000100000,7.094602112000075,51.494964405000076,1,05200203700100247203
05,5,54,020,2020,01,13,6,3,2,5,0,0,1,0,0,0,0,364732.179999999700000,5786132.302500000200000,7.020287148000023,52.209009191000064,0,05200131705000520896
05,5,54,008,2020,02,16,2,3,9,4,1,1,0,1,0,0,0,336129.006799999620000,5745518.414599999800000,6.621467591000055,51.836408725000069,0,05200203705000787250
05,5,62,014,2020,02,07,6,3,5,2,0,0,1,0,0,0,0,358914.553600000220000,5713141.528799999500000,6.965041813000028,51.551700458000028,0,05200207701300306206
05,5,13,000,2020,02,01,6,2,8,1,2,0,1,0,0,0,0,363632.797000000250000,5716453.958000000600000,7.031766524000034,51.582627122000076,0,05200207700200907203
05,5,70,008,2020,02,15,4,2,3,2,0,1,1,0,0,0,0,436968.175499999900000,5733077.433800000700000,8.087013531000025,51.745054484000036,0,05200205711312074737
05,5,66,048,2020,02,10,4,3,0,7,0,0,1,0,0,0,1,425504.588100000280000,5792566.084400000100000,7.908057145000043,52.278410487000031,0,05200205709700284208
05,5,66,084,2020,02,11,4,2,0,1,0,1,0,0,0,0,0,390652.085300000380000,5774579.252699999100000,7.403180097000075,52.110932609000031,2,05200205709300887292
05,5,66,008,2020,02,14,4,3,1,7,0,1,1,0,0,0,0,399875.104500000370000,5781432.949500000100000,7.535795996000047,52.174279080000076,0,05200205709100509878
05,5,58,024,2020,02,10,4,2,0,1,0,1,0,0,0,0,0,391988.273799999620000,5736710.119000000900000,7.434579323000037,51.770840114000066,2,05200205706300974760
05,5,58,012,2020,02,07,4,3,0,1,2,1,0,0,0,0,0,373213.583300000060000,5755958.862500000700000,7.155555707000076,51.939882603000058,2,05200205706200603156
05,5,58,040,2020,02,08,4,3,0,1,0,1,0,0,0,0,0,377044.157700000330000,5764586.337500000400000,7.208160156000076,52.018273882000074,2,05200205706200603109
05,5,58,012,2020,02,07,4,3,0,7,0,1,0,0,0,0,0,373217.930599999610000,5755956.826899999800000,7.155619665000074,51.939865301000054,2,05200205706200203149
05,5,58,044,2020,02,06,4,3,0,1,2,1,0,0,0,0,0,395181.844999999740000,5752053.695000000300000,7.476196492000042,51.909355748000053,2,05200205706100465766
05,5,54,012,2020,02,09,4,3,0,1,0,1,0,0,0,0,0,353003.425999999980000,5753186.544999999900000,6.862935142000026,51.910002437000060,2,05200205705121425206
05,5,54,048,2020,02,06,4,2,0,1,2,1,0,0,0,0,0,341763.343399999660000,5744631.134700000300000,6.703581616000065,51.830062098000042,2,05200205705000987331
05,5,54,048,2020,02,05,4,3,0,1,2,1,0,0,0,0,0,342121.688500000160000,5744396.923800000900000,6.708884446000070,51.828059324000037,2,05200205705000887331
05,5,54,008,2020,02,08,4,3,0,5,0,1,0,0,0,0,1,336839.179700000210000,5745788.067199999500000,6.631638826000028,51.839039060000061,2,05200205705000770558
05,5,54,012,2020,02,07,4,3,0,1,2,1,0,0,0,0,0,351369.249699999580000,5745357.308499999300000,6.842565869000055,51.839224992000027,2,05200205705000579991
05,5,54,020,2020,02,15,4,3,0,1,0,1,0,0,0,0,0,364031.931300000290000,5786622.402699999500000,7.009848490000024,52.213240528000028,0,05200205705000520789
05,5,54,008,2020,02,07,4,3,0,3,2,1,1,0,0,0,0,335492.052199999800000,5746196.460300000400000,6.611908643000049,51.842312638000067,1,05200205705000465810
05,5,54,008,2020,02,06,4,3,0,1,2,0,0,0,1,0,0,334661.211000000130000,5743721.899000000200000,6.601041110000040,51.819837472000074,2,05200205705000409603
05,5,54,028,2020,02,07,4,3,8,1,1,0,1,0,0,0,0,356723.498399999920000,5744581.791300000600000,6.920549756000071,51.833656101000031,2,05200205705000221057
05,5,54,012,2020,02,22,4,3,0,1,2,1,1,0,0,0,0,352998.275000000370000,5752861.745999999300000,6.862998883000046,51.907082811000066,0,05200205705000179154
05,5,54,068,2020,02,08,4,2,0,7,0,1,0,0,0,0,0,350463.341000000010000,5766754.895999999700000,6.820125634000021,52.031231352000077,2,05200205705000021108
05,5,15,000,2020,02,09,4,3,0,7,0,1,0,0,0,1,0,405105.582399999720000,5755622.085200000600000,7.619432267000036,51.943209154000044,2,05200205702100672376
05,5,62,036,2020,02,08,4,3,0,7,0,1,0,0,0,0,0,388417.728000000120000,5719182.322000000600000,7.388458683000067,51.612602399000082,2,05200205701930848380
05,5,62,036,2020,02,15,4,2,2,6,0,1,1,0,0,0,0,389049.730600000360000,5720540.607300000300000,7.397152478000066,51.624935613000048,0,05200205701930148505
05,5,62,016,2020,02,10,4,3,0,1,0,1,0,0,0,0,0,377067.227800000460000,5737596.580099999900000,7.218119806000061,51.775729026000079,2,05200205701700712206
05,5,62,012,2020,02,09,4,3,0,1,0,0,0,0,1,0,0,359672.013799999840000,5730206.607899999200000,6.969121405000067,51.705234372000064,2,05200205701610689204
05,5,62,020,2020,02,16,4,3,5,3,0,1,1,0,0,0,0,371401.605999999680000,5719638.962400000500000,7.142663457000026,51.613076567000064,0,05200205701200863202
05,5,62,020,2020,02,08,4,3,0,1,1,0,0,0,1,0,0,370354.687099999750000,5718688.495600000000000,7.127903028000048,51.604294835000076,2,05200205701200725204
05,5,62,032,2020,02,10,4,2,5,3,0,1,1,0,0,0,0,377127.056699999610000,5715712.379100000500000,7.226687242000025,51.579066105000038,1,05200205701120748203
05,5,13,000,2020,02,18,4,2,6,2,2,0,1,1,0,0,0,363013.431699999610000,5711586.444299999600000,7.024729356000023,51.538736073000052,0,05200205700200721207
05,5,58,012,2020,02,21,6,2,0,7,2,1,0,0,0,0,0,375051.310999999750000,5755394.456199999900000,7.182480710000050,51.935226252000064,0,05200207706000687333
05,5,54,036,2020,02,16,6,3,4,1,0,1,1,0,0,0,0,369965.304100000300000,5766319.235500000400000,7.104400691000024,52.032231998000043,0,05200207705000820956