ULAND,UREGBEZ,UKREIS,UGEMEINDE,UJAHR,UMONAT,USTUNDE,UWOCHENTAG,UKATEGORIE,UART,UTYP1,ULICHTVERH,IstRad,IstPKW,IstFuss,IstKrad,IstGkfz,IstSonstige,LINREFX,LINREFY,XGCSWGS84,YGCSWGS84,STRZUSTAND,UIDENTSTLAE
05,5,70,008,2020,02,10,5,3,0,2,0,1,1,0,0,0,0,433483.168999999760000,5734231.688999999300000,8.036321522000037,51.755028411000069,1,05200206711311082312
05,5,70,052,2020,02,18,5,2,5,3,2,0,1,0,1,0,0,429836.048399999740000,5756030.474600000300000,7.979066533000037,51.950549297000066,0,05200206711111581020
05,5,66,096,2020,02,17,5,3,0,3,2,1,1,0,0,0,0,385127.342000000180000,5785618.319000000100000,7.318803438000032,52.209019077000050,0,05200206709300011911
05,5,58,028,2020,02,07,5,3,5,2,1,1,0,0,0,0,1,398233.259999999780000,5732935.879000000700000,7.526159908000068,51.738086077000048,0,05200206706300516205
05,5,54,012,2020,02,12,6,2,5,3,0,1,1,0,0,0,0,351758.628700000230000,5745595.888800000800000,6.848111311000025,51.841472095000029,0,05200207705000087386
05,5,58,012,2020,02,18,5,2,1,5,2,0,1,0,0,0,0,374941.391099999660000,5755492.269200000900000,7.180847113000027,51.936080561000040,0,05200206706000187397
05,5,70,048,2020,02,17,3,3,5,3,2,0,1,0,0,0,0,448467.405000000260000,5732073.307399999400000,8.253706298000054,51.737202513000057,1,05200204711321065825
05,5,66,084,2020,02,17,3,2,0,7,1,1,0,1,0,0,0,385877.889499999580000,5778903.779999999300000,7.332042262000073,52.148832353000046,0,05200204709300087308
05,5,54,064,2020,02,09,5,2,5,3,0,1,1,0,0,0,0,360497.777999999930000,5750616.569000000100000,6.972853810000061,51.888837255000055,0,05200206705000578089
05,5,66,012,2020,02,17,3,3,2,6,1,0,1,0,0,0,0,407715.616000000390000,5770690.392100000800000,7.653332375000048,52.079089142000043,0,05200204709100131207
05,5,54,008,2020,02,13,3,3,2,2,0,0,1,0,1,0,0,336091.286999999550000,5745372.534000000000000,6.620989711000050,51.835087146000035,1,05200204705000540603
05,5,54,044,2020,02,15,3,3,5,3,0,1,1,0,0,0,0,364646.586000000130000,5739114.458000000600000,7.037602443000026,51.786503032000041,1,05200204705000079162
05,5,62,014,2020,02,06,3,3,4,2,2,0,1,0,0,0,0,358915.573499999940000,5713162.698300000300000,6.965048023000065,51.551890941000067,1,05200204701300332200
05,5,54,008,2020,02,08,5,3,5,3,1,1,1,0,0,0,0,334966.836000000130000,5744652.948999999100000,6.605027606000022,51.828291770000078,1,05200206705000179006
05,5,62,032,2020,02,20,3,3,1,7,2,0,1,0,1,0,0,375160.766300000250000,5720173.345000000700000,7.196736955000063,51.618725280000035,1,05200204701110185383
05,5,13,000,2020,02,17,3,3,6,4,0,0,1,1,0,0,0,364898.425900000150000,5716278.722500000100000,7.050089753000066,51.581357203000039,1,05200204700200585206
05,5,13,000,2020,02,17,5,3,3,6,1,1,1,0,0,0,0,365723.111299999990000,5715259.987199999400000,7.062374486000067,51.572399457000074,0,05200206700200894203
05,5,13,000,2020,02,16,5,2,6,4,0,0,1,1,0,0,0,365451.559700000100000,5715914.896299999200000,7.058207539000023,51.578220021000050,0,05200206700200881205
05,5,13,000,2020,02,14,7,3,6,6,0,0,1,0,0,0,1,366156.133899999780000,5713697.553899999700000,7.069214212000077,51.558461592000072,0,05200208700200070202
05,5,15,000,2020,02,11,6,3,0,7,0,1,1,0,0,0,0,400986.254099999550000,5753781.651000000500000,7.560052134000046,51.925949066000044,0,05200207702100742572
05,5,15,000,2020,02,15,6,3,7,7,0,0,1,1,0,0,0,405466.743700000460000,5757550.238900000200000,7.624154571000076,51.960601731000054,0,05200207702100079100
05,5,62,020,2020,02,15,5,3,1,5,0,1,1,0,0,0,0,369763.852300000380000,5719666.186799999300000,7.119013033000044,51.612944735000042,1,05200213701200580200
05,5,62,032,2020,02,16,6,3,4,7,0,1,1,0,0,0,0,374768.103799999690000,5720662.492399999900000,7.190893257000028,51.623034046000043,0,05200214701110996203
05,5,70,008,2020,02,09,2,2,9,7,0,0,1,0,0,0,0,433967.433000000190000,5734312.028000000900000,8.043321091000053,51.755807970000035,1,05200210711311450913
05,5,70,052,2020,02,07,2,3,5,3,1,1,1,0,0,0,0,431337.189000000250000,5755490.941999999800000,8.001013307000051,51.945886426000072,1,05200210711113576747
05,5,66,028,2020,02,12,2,3,6,4,0,0,0,1,0,0,1,412332.393000000160000,5792834.088999999700000,7.714960052000038,52.278876529000058,1,05200210709700876667
05,5,58,016,2020,02,15,2,3,5,2,0,0,1,0,0,0,0,381053.477099999790000,5743482.422900000600000,7.273851225000044,51.829487519000054,1,05200210706100664168
05,5,62,012,2020,02,15,2,3,6,4,0,0,1,1,0,0,0,362178.760800000280000,5736073.166899999600000,7.003053313000066,51.758572038000068,1,05200210701610485379
05,5,62,014,2020,02,14,2,3,9,7,0,0,1,0,0,0,0,359139.250500000080000,5714860.701300000800000,6.967591786000071,51.567205043000058,1,05200210701300478918
05,5,54,012,2020,02,07,4,3,7,3,2,1,1,0,0,0,0,352809.683199999850000,5746062.218499999500000,6.863158585000065,51.845940068000061,0,05200212705000487346
05,5,54,008,2020,02,08,6,3,5,3,0,1,1,0,0,0,0,335278.286299999800000,5745810.742300000000000,6.608992073000024,51.838784578000059,1,05200214705000081000
05,5,66,044,2020,02,16,5,3,6,7,0,0,0,1,0,0,1,429582.662299999970000,5777854.827199999200000,7.970882870000025,52.146705952000048,1,05200213709800000966
05,5,15,000,2020,02,18,3,3,5,3,1,1,1,0,0,0,0,406207.542700000110000,5755091.310399999800000,7.635603921000040,51.938625155000068,1,05200211702100107436
05,5,13,000,2020,02,11,6,3,5,3,0,0,1,0,0,0,1,367012.648099999870000,5705823.724400000600000,7.084534596000026,51.487904790000073,1,05200214700100760205
05,5,15,000,2020,02,14,4,3,3,2,0,1,0,0,0,0,1,404684.754999999890000,5759085.980000000400000,7.612350699000047,51.974272033000034,0,05200212702100468372
05,5,66,096,2020,02,18,3,3,5,3,2,0,1,0,1,0,0,385571.824699999760000,5785829.155400000500000,7.325234297000066,52.211006291000047,1,05200211709300763207
05,5,54,008,2020,02,10,5,3,0,2,0,1,1,0,0,0,0,337057.621299999770000,5746229.712899999700000,6.634598668000024,51.843070373000046,1,05200213705000165810
05,5,62,014,2020,02,19,3,3,5,3,2,0,1,0,0,0,0,360739.291600000110000,5713407.264100000300000,6.991238343000020,51.554541726000082,1,05200211701300450786
05,5,12,000,2020,02,08,6,3,6,4,0,1,0,1,0,0,0,356241.077100000340000,5719294.175300000200000,6.923989134000067,51.606311489000063,1,05200214701400721207
05,5,70,052,2020,02,16,4,3,2,6,0,0,1,0,0,0,0,430061.969800000080000,5756617.731300000100000,7.982233756000028,51.955856961000052,0,05200212711111602616
05,5,54,016,2020,02,15,6,3,0,3,0,1,1,0,0,0,0,363330.974000000390000,5757144.854399999600000,7.011405744000058,51.948200068000062,0,05200214705000087229
05,5,70,008,2020,02,13,5,3,5,3,0,0,1,0,0,0,0,432476.566499999720000,5739042.890799999200000,8.020804615000031,51.798160609000035,1,05200213711314202622
05,5,58,012,2020,02,12,3,3,5,3,0,1,1,0,0,0,0,373024.571899999860000,5756606.692399999100000,7.152568357000064,51.945661143000052,1,05200211706200130453
05,5,13,000,2020,02,12,5,3,6,2,0,0,1,1,0,0,0,363013.428799999880000,5711586.459300000200000,7.024729308000076,51.538736207000056,1,05200213700200977491
05,5,62,032,2020,02,18,6,2,0,1,2,1,0,0,0,0,0,376358.374800000340000,5718311.264100000300000,7.214683723000064,51.602254766000044,0,05200214701110033205
05,5,15,000,2020,02,18,1,3,6,2,2,0,1,1,0,0,0,405945.871199999940000,5756809.604100000100000,7.631328444000076,51.954025825000031,1,05200209702100565912
05,5,15,000,2020,02,15,1,3,0,7,0,1,0,0,0,0,0,405556.545500000010000,5757715.855799999100000,7.625415608000026,51.962105628000074,1,05200209702100070553
05,5,15,000,2020,02,15,4,3,4,1,0,0,1,0,0,0,0,408158.599299999890000,5754137.080299999600000,7.664232218000052,51.930373403000033,0,05200212702100676642
05,5,66,028,2020,02,18,3,3,2,1,2,0,1,0,0,0,0,412204.943500000050000,5792884.829299999400000,7.713079184000037,52.279312255000036,1,05200211709700865887
05,5,58,012,2020,02,12,5,3,5,2,0,1,1,0,0,0,0,373745.434299999850000,5756472.776900000900000,7.163099895000073,51.944621785000038,1,05200213706200703156
05,5,62,028,2020,02,19,3,3,3,6,2,0,1,0,0,0,0,380760.873999999840000,5722353.664000000800000,7.276845964000074,51.639535076000072,1,05200211701920672206
05,5,62,012,2020,02,10,6,3,5,3,0,0,1,0,0,0,0,363628.800099999640000,5732384.834000000700000,7.025495776000071,51.725783605000061,1,05200214701620485379
05,5,70,044,2020,02,13,7,2,5,3,0,0,1,0,0,0,0,416029.996000000280000,5759554.631999999300000,7.777362588000074,51.980314867000061,0,05200208711141372374
05,5,15,000,2020,02,21,7,3,9,5,2,1,1,0,0,0,0,406655.444299999620000,5757865.232400000100000,7.641364125000052,51.963633885000036,0,05200208702100570562
05,5,15,000,2020,02,18,7,2,0,7,2,0,0,0,0,0,1,403813.727099999790000,5758577.747800000000000,7.599816307000026,51.969553806000079,0,05200208702100279167
05,5,62,008,2020,02,13,4,3,6,6,0,1,0,1,0,0,0,384606.346199999560000,5723177.638000000300000,7.332120284000041,51.647742841000081,0,05200212701910046200
05,5,66,008,2020,02,17,3,3,2,6,0,1,0,0,0,0,0,399867.035199999810000,5781436.528100000700000,7.535676978000026,52.174309779000055,1,05200211709110070536
05,5,70,024,2020,02,16,4,3,6,4,1,1,0,1,0,0,0,420623.346800000410000,5753553.742799999200000,7.845614773000023,51.927046910000058,1,05200212711161904296
05,5,70,004,2020,02,11,6,3,6,4,0,1,1,1,0,0,0,423822.902200000360000,5735437.581399999600000,7.896127985000021,51.764638394000031,0,05200214711216081965
05,5,15,000,2020,02,19,7,3,6,7,2,0,0,1,0,0,1,407418.233599999920000,5760638.149199999900000,7.651715151000076,51.988685814000064,0,05200208702100150183
05,5,62,020,2020,02,17,7,2,6,4,0,0,1,1,0,0,0,367542.408999999990000,5718579.986999999700000,7.087358417000075,51.602665272000081,0,05200208701200792207
05,5,15,000,2020,02,20,1,3,5,2,2,0,1,1,0,0,0,406140.996899999680000,5757131.573999999100000,7.634079078000070,51.956952808000040,1,05200216702100069780
05,5,70,028,2020,02,06,4,2,5,3,2,1,1,0,0,0,0,440936.128600000400000,5742283.546099999900000,8.142913106000037,51.828252380000038,1,05200219711412976177
05,5,66,076,2020,02,06,3,2,0,7,2,1,1,0,0,0,0,393648.901800000110000,5794595.171800000600000,7.440640318000021,52.291406720000055,1,05200218709500104201
05,5,66,004,2020,02,16,3,3,6,4,0,0,1,1,0,0,0,394956.283599999730000,5767281.404999999300000,7.468257123000058,52.046176666000065,1,05200218709110512336
05,5,58,016,2020,02,12,3,3,5,3,0,1,1,0,0,0,0,381113.504900000060000,5743616.380599999800000,7.274675907000074,51.830704193000031,0,05200218706100587360
05,5,15,000,2020,02,09,3,3,5,3,0,1,1,0,0,0,0,399178.246000000280000,5756783.125199999700000,7.532887750000043,51.952602117000026,0,05200218702100568125
05,5,15,000,2020,02,20,3,3,3,2,2,1,1,0,0,0,0,405210.541100000030000,5757221.863399999200000,7.620517554000060,51.957606536000071,0,05200218702100162595
05,5,15,000,2020,02,21,3,3,0,1,2,1,0,0,0,0,0,412300.329599999820000,5753445.329399999200000,7.724630514000069,51.924823376000063,1,05200218702100079208
05,5,62,014,2020,02,08,3,3,5,2,0,0,1,0,0,0,1,361444.289699999620000,5716944.316999999800000,7.000006095000060,51.586499765000042,0,05200218701300887202
05,5,62,014,2020,02,16,3,3,5,3,0,1,1,0,0,0,0,360498.674700000320000,5715573.649100000000000,6.986910074000036,51.573949580000033,0,05200218701300126177
05,5,62,020,2020,02,16,3,2,6,7,0,0,1,1,0,0,0,372107.445299999790000,5717325.867699999400000,7.153695651000021,51.592449821000059,0,05200218701110288202
05,5,13,000,2020,02,14,3,3,6,7,0,0,1,1,0,0,0,367907.571899999860000,5707826.035399999500000,7.096667260000061,51.506108850000032,0,05200218700100295202
05,5,70,036,2020,02,07,4,3,5,3,0,1,1,0,0,0,0,434293.278800000440000,5760669.658800000300000,8.043024120000041,51.992798834000041,1,05200219711121879116
05,5,54,008,2020,02,11,7,2,5,3,0,1,1,0,0,0,0,335721.916500000280000,5745353.611099999400000,6.615642567000066,51.834808644000077,0,05200215705000969813
05,5,54,012,2020,02,07,4,3,0,6,0,1,0,0,0,0,0,351888.592199999840000,5745307.843499999500000,6.850119770000049,51.838918531000047,1,05200219705000240327
05,5,54,064,2020,02,16,7,2,8,1,0,1,0,0,0,0,0,355604.405500000340000,5750092.765799999200000,6.902016667000055,51.882884865000051,0,05200215705000880990
05,5,15,000,2020,02,14,4,2,0,7,0,0,1,1,0,0,0,405280.150000000370000,5753913.225099999500000,7.622441716000026,51.927878889000056,0,05200219702100272420
05,5,54,068,2020,02,20,7,3,5,3,2,0,1,0,0,0,0,350674.821600000370000,5766560.820599999300000,6.823290796000038,52.029544673000032,0,05200215705000502662
05,5,15,000,2020,02,05,7,3,0,7,2,1,0,0,0,0,0,405058.525200000030000,5758221.516799999400000,7.618029608000029,51.966565886000069,0,05200215702100272433
05,5,15,000,2020,02,14,7,3,4,3,0,1,0,0,0,0,0,405692.135599999690000,5757607.849800000000000,7.627418108000029,51.961157839000066,0,05200215702000162229
05,5,13,000,2020,02,10,7,3,5,3,0,1,1,0,0,0,0,368717.782399999910000,5707403.280700000000000,7.108492154000032,51.502498431000049,0,05200215700100834200
05,5,62,004,2020,02,14,4,3,1,6,0,0,1,0,0,1,0,380809.065799999980000,5714428.833599999500000,7.280235647000040,51.568320821000043,0,05200219701800429209
05,5,62,016,2020,02,08,4,2,5,2,0,1,1,0,0,0,0,374681.019700000060000,5734343.463099999400000,7.184724006000067,51.745964710000067,0,05200219701700216207
05,5,62,024,2020,02,13,4,3,1,6,0,0,1,0,0,0,0,368708.398799999620000,5724833.117599999500000,7.101840157000027,51.659132643000078,0,05200219701500368202
05,5,66,076,2020,02,11,2,3,4,6,0,0,1,0,0,0,0,393972.882000000220000,5795480.731000000600000,7.445109994000063,52.299428023000075,0,05200217709500572447
05,5,54,008,2020,02,13,2,3,5,3,0,1,1,0,0,0,0,335579.277999999930000,5746256.461300000500000,6.613145155000041,51.842877339000040,0,05200217705000068299
05,5,15,000,2020,02,16,2,3,0,1,0,1,0,0,0,0,0,406401.872999999670000,5756983.098700000000000,7.637914870000031,51.955662212000050,1,05200217702100965812
05,5,62,012,2020,02,18,2,2,0,1,2,1,0,0,0,0,0,362215.726800000300000,5726517.248500000700000,7.007367423000062,51.672712196000077,1,05200217701610766209
05,5,12,000,2020,02,05,4,2,6,2,2,0,1,1,0,0,0,356945.361899999900000,5708814.117599999500000,6.938416599000050,51.512319160000061,1,05200219701400164202
05,5,62,032,2020,02,20,4,3,0,7,2,1,0,0,0,0,0,374796.242399999870000,5713842.830900000400000,7.193732764000060,51.561751278000031,0,05200219701120458203
05,5,58,012,2020,02,22,2,3,0,1,2,1,0,0,0,0,0,374509.737800000240000,5756023.938799999700000,7.174377565000043,51.940761235000082,1,05200224706000781907
05,5,15,000,2020,02,17,3,3,5,6,0,1,0,0,0,0,0,405931.339599999600000,5751311.405700000000000,7.632620086000031,51.904602802000056,1,05200225702100474201
05,5,15,000,2020,02,22,1,3,8,1,2,1,0,0,0,0,0,405304.382500000300000,5758432.054199999200000,7.621549125000058,51.968500218000031,1,05200223702100670524
05,5,62,004,2020,02,11,2,3,6,4,0,0,1,1,0,0,0,382906.889200000090000,5712037.094799999100000,7.311286630000041,51.547264076000033,0,05200224701800745204
05,5,66,012,2020,02,17,6,3,0,2,1,1,1,0,0,0,0,404678.587500000370000,5772166.666699999900000,7.608615519000068,52.091843604000076,0,05200221709100496204
05,5,66,012,2020,02,14,6,3,4,2,0,0,1,0,0,0,0,401251.692099999640000,5776632.455199999700000,7.557315574000029,52.131380951000040,0,05200221709100488201
05,5,62,008,2020,02,20,7,3,6,5,2,0,1,1,0,0,0,385556.416899999600000,5724293.998800000200000,7.345480883000050,51.657970586000033,1,05200222701910428203
05,5,70,052,2020,02,11,7,3,0,5,0,1,1,0,0,0,0,430847.251099999990000,5756049.013299999800000,7.993774023000071,51.950842601000033,0,05200222711113674649
05,5,58,044,2020,02,15,6,2,8,1,0,0,1,0,0,0,0,394595.993300000210000,5749298.653300000400000,7.468525194000051,51.884483157000034,0,05200221706000076677
05,5,54,012,2020,02,14,2,3,5,5,0,1,1,0,0,0,0,352970.749099999670000,5753185.167199999100000,6.862461024000027,51.909981434000031,1,05200224705000621129
05,5,66,016,2020,02,18,2,3,6,4,2,0,1,1,0,0,0,403225.866000000390000,5792324.995999999300000,7.581664092000040,52.272773184000073,1,05200224709500639209
05,5,66,052,2020,02,03,3,3,6,6,2,0,1,1,0,0,0,377136.201000000350000,5778774.275000000400000,7.204390007000029,52.145793123000033,0,05200225709000042538
05,5,12,000,2020,02,17,3,3,5,3,0,0,1,0,0,0,0,357933.796000000090000,5709873.289999999100000,6.952224329000046,51.522086232000049,1,05200225701400547764
05,5,54,008,2020,02,00,6,3,9,1,2,0,1,0,0,0,0,336143.619099999780000,5745560.204500000900000,6.621659697000041,51.836788430000070,1,05200221705000873909
05,5,54,012,2020,02,12,6,3,5,7,0,1,1,0,0,0,0,352563.561099999580000,5745992.871300000700000,6.859617752000077,51.845252052000035,0,05200221705000481798
05,5,54,008,2020,02,01,7,3,0,1,2,0,1,0,0,0,0,336178.125000000000000,5745598.745999999300000,6.622141829000043,51.837144788000046,0,05200222705000568299
05,5,15,000,2020,02,06,6,3,3,2,2,1,1,0,0,0,0,403584.204699999650000,5758376.983999999200000,7.596532612000033,51.967709512000056,0,05200221702100797729
05,5,13,000,2020,02,17,2,3,6,4,1,0,1,1,0,0,0,367399.076000000350000,5714146.804600000400000,7.086964215000023,51.562792397000067,1,05200224700000319959
05,5,58,012,2020,02,16,2,3,5,3,0,0,1,0,0,0,0,373558.037800000050000,5755607.781800000000000,7.160692980000022,51.936806024000077,1,05200224706200603159
05,5,54,008,2020,02,21,3,3,5,3,2,0,1,0,1,0,0,335284.375000000000000,5746397.194000000100000,6.608801121000056,51.844054684000071,1,05200225705000072449
05,5,66,008,2020,02,07,5,2,6,4,0,0,1,1,0,0,0,398645.059700000100000,5782208.448999999100000,7.517582834000052,52.181024441000034,1,05200220709100326205
05,5,54,048,2020,02,06,5,3,6,4,2,0,1,1,0,0,0,341281.133799999950000,5745858.584000000700000,6.696026612000026,51.840952638000033,0,05200220705000881087
05,5,15,000,2020,02,19,2,3,5,2,2,1,0,0,0,0,0,406684.204900000240000,5757259.086899999500000,7.641947288000040,51.958190380000076,1,05200224702100170562
05,5,54,004,2020,02,08,5,2,0,1,0,0,0,0,1,0,0,363217.572300000120000,5771681.517899999400000,7.003950567000061,52.078791284000033,1,05200220705000502662
05,5,54,068,2020,02,11,5,3,5,3,0,1,1,0,0,0,0,350591.282300000080000,5766883.998800000200000,6.821932859000071,52.032425743000033,0,05200220705000320894
05,5,62,004,2020,02,11,6,2,5,3,0,1,1,0,0,0,0,384251.549899999980000,5717480.108300000400000,7.328877071000022,51.596462184000075,0,05200221701800125200
05,5,54,064,2020,02,16,5,3,5,7,0,0,1,0,1,0,0,357287.029799999670000,5750660.869599999900000,6.926211826000042,51.888422613000046,0,05200220705000076760
05,5,62,004,2020,02,20,5,3,5,7,2,0,1,0,0,0,1,382984.802199999800000,5716157.126299999700000,7.311037979000048,51.584309925000071,1,05200220701800475427
05,5,62,016,2020,02,18,5,2,6,7,1,0,1,1,0,0,0,375046.235299999830000,5734008.418899999900000,7.190131751000024,51.743035280000072,0,05200220701700839208
05,5,12,000,2020,02,08,6,3,0,6,0,1,1,0,0,0,0,356713.644399999640000,5709879.210200000600000,6.934646610000073,51.521831212000052,0,05200221701400380205
05,5,15,000,2020,02,11,7,3,1,6,0,0,1,0,0,0,0,406091.497000000440000,5753621.926000000900000,7.634317389000046,51.925398012000073,0,05200222702100318209
05,5,13,000,2020,02,17,6,3,0,7,0,1,0,0,0,0,0,362502.787899999880000,5710263.326899999800000,7.017887528000074,51.526722001000053,0,05200221700200081322
05,5,54,016,2020,02,05,2,3,0,7,2,1,0,1,0,0,0,364161.249900000170000,5751782.965299999300000,7.025594688000069,51.900222966000058,1,05200224705000666228
05,5,66,048,2020,02,16,2,3,6,7,0,0,1,1,0,0,0,425963.675599999730000,5792112.454500000900000,7.914884669000060,52.274394869000048,1,05200224709700638200
05,5,62,032,2020,02,09,2,3,6,4,0,0,1,1,0,0,0,374133.760200000370000,5713870.572899999100000,7.184170604000030,51.561853143000064,0,05200224701120630206
05,5,12,000,2020,02,10,3,3,6,7,0,0,1,1,0,0,0,358998.815000000410000,5711093.909000000000000,6.967076711000061,51.533321620000038,0,05200225701400922209
05,5,13,000,2020,02,17,6,3,6,4,0,0,1,1,0,0,0,367013.034199999650000,5710179.846699999600000,7.082897381000066,51.527051970000059,0,05200221700100973608
05,5,13,000,2020,02,14,6,3,2,6,0,0,1,0,0,0,0,368077.585699999700000,5706944.625199999700000,7.099445189000051,51.498227531000055,0,05200221700100666200
05,5,54,008,2020,02,01,7,3,3,2,2,0,1,0,0,0,0,335774.500799999570000,5745349.422299999700000,6.616407058000050,51.834786476000033,0,05200222705000582335
05,5,13,000,2020,02,10,6,3,0,7,0,0,1,1,0,0,0,368484.768299999650000,5708711.487500000700000,7.104648958000041,51.514200841000047,0,05200221700100625207
05,5,62,004,2020,02,21,7,3,6,6,2,0,1,1,0,0,0,383742.426799999550000,5716939.004799999300000,7.321709262000070,51.591494048000072,1,05200222701800431201
05,5,66,008,2020,02,19,2,2,6,7,2,1,0,1,0,0,0,399711.915500000120000,5781438.426799999500000,7.533408784000073,52.174298672000077,1,05200224709100766207
05,5,54,008,2020,02,12,3,3,2,6,0,0,1,0,0,0,1,332973.293300000020000,5743156.879300000100000,6.576846464000028,51.814259898000046,0,05200225705000180993
05,5,54,008,2020,02,23,2,3,0,1,2,1,1,0,0,0,0,335479.076600000260000,5748381.204199999600000,6.610680741000067,51.861935167000070,0,05200224705000497724
05,5,13,000,2020,02,21,3,3,2,2,2,0,1,0,0,0,1,366831.640300000090000,5705377.041099999100000,7.082097516000033,51.483847982000043,1,05200225700100066201
05,5,54,012,2020,02,18,7,3,0,2,2,0,1,1,0,0,0,352676.270700000230000,5745847.076600000300000,6.861314869000069,51.843971847000034,1,05200222705000515785
05,5,58,024,2020,03,17,1,2,0,1,1,1,0,0,0,0,0,392612.184000000360000,5736907.279999999300000,7.443557115000033,51.772732232000067,0,05200301706300503200
05,5,54,060,2020,03,21,1,3,1,7,2,1,1,0,0,0,0,349368.175099999640000,5756319.012499999300000,6.808755775000066,51.937174982000045,0,05200301705000581028
05,5,62,004,2020,03,20,1,3,1,5,2,0,1,0,0,0,0,383411.076299999840000,5714161.249399999200000,7.317850314000054,51.566459873000042,0,05200301701800341206
05,5,62,014,2020,03,11,1,3,1,5,0,0,1,0,0,0,0,359796.861600000410000,5717630.918600000400000,6.975967767000043,51.592262080000069,0,05200301701300291209
05,5,66,052,2020,02,11,7,3,5,3,0,0,1,0,0,0,0,376983.249699999580000,5778942.015599999600000,7.202095143000065,52.147266448000039,0,05200229709300060719
05,5,66,004,2020,02,13,7,3,4,7,0,1,0,0,0,0,0,394966.737599999640000,5767300.672100000100000,7.468403583000054,52.046351813000058,0,05200229709100068204
05,5,13,000,2020,02,11,7,3,5,3,0,1,1,0,0,0,0,364791.617300000040000,5715619.045399999200000,7.048803122000038,51.575403476000076,0,05200229700200665496
05,5,13,000,2020,02,23,7,2,0,7,2,1,0,0,0,0,0,368073.251899999570000,5709272.650100000200000,7.098511787000064,51.519147922000059,0,05200229700100521202
05,5,13,000,2020,02,15,7,3,6,4,0,0,1,1,0,0,0,363163.319799999710000,5711731.153100000700000,7.026833025000030,51.540072829000053,1,05200229700000708171
05,5,66,056,2020,02,07,6,3,0,1,1,0,0,0,1,0,0,414217.323699999600000,5796337.242599999500000,7.741690114000051,52.310661444000061,2,05200228709700069191
05,5,66,076,2020,02,08,6,3,0,7,1,1,0,0,0,0,0,394671.796099999920000,5793565.076199999100000,7.455954383000062,52.282346027000074,2,05200228709500958208
05,5,66,036,2020,02,07,6,3,0,2,0,1,1,0,0,0,0,387272.131000000050000,5767711.337999999500000,7.356113523000033,52.048531161000028,0,05200228709300744867
05,5,66,084,2020,02,10,6,3,5,3,0,0,1,0,0,1,0,388772.504300000150000,5775298.222899999500000,7.375509303000058,52.117019282000058,0,05200228709300242520
05,5,66,008,2020,02,06,6,3,4,1,2,0,1,0,0,0,0,400195.366999999620000,5779253.925300000200000,7.541118509000057,52.154752496000071,2,05200228709110170630
05,5,66,012,2020,02,07,6,3,0,3,0,1,1,0,0,0,0,403768.129499999810000,5772177.817800000300000,7.595326930000056,52.091786258000070,2,05200228709100969208
05,5,58,044,2020,02,07,6,3,8,1,1,0,1,0,0,0,0,395728.859500000250000,5748840.539799999400000,7.485117442000046,51.880578665000030,2,05200228706300774662
05,5,58,012,2020,02,10,6,3,4,1,0,1,1,0,0,0,0,373836.968600000250000,5756906.016899999200000,7.164271913000050,51.948535828000047,1,05200228706000565772
05,5,54,004,2020,02,09,6,3,1,3,0,1,1,0,0,0,0,363129.474200000060000,5771985.981699999400000,7.002543647000039,52.081505233000030,1,05200228705000587236
05,5,54,008,2020,02,17,6,3,6,7,0,0,1,1,0,0,0,336175.219600000420000,5744831.584699999500000,6.622462855000038,51.830252169000062,0,05200228705000576764
05,5,54,052,2020,02,07,6,3,5,3,0,1,1,0,0,0,0,379085.686099999580000,5773273.112400000900000,7.234820921000051,52.096787144000075,2,05200228705000302898
05,5,54,056,2020,02,18,6,3,4,6,2,1,0,0,0,0,0,356412.443900000300000,5762048.395700000200000,6.908758082000077,51.990515772000037,1,05200228705000120894
05,5,15,000,2020,02,07,6,3,0,7,0,1,0,0,0,0,0,407567.376000000160000,5751519.060100000400000,7.656338645000062,51.906743177000067,2,05200228702100870612
05,5,15,000,2020,02,19,6,3,5,3,2,0,1,0,0,0,0,403927.234000000170000,5758084.698999999100000,7.601606055000048,51.965141752000079,1,05200228702100670553
05,5,15,000,2020,02,07,6,3,0,1,0,1,0,0,0,0,0,404759.937800000420000,5760134.025599999400000,7.613153993000026,51.983705129000043,2,05200228702100564164
05,5,15,000,2020,02,07,6,3,0,1,1,1,0,0,0,0,0,401303.330699999820000,5758741.102800000500000,7.563237761000039,51.970581972000048,2,05200228702100542458
05,5,15,000,2020,02,08,6,3,0,7,0,1,0,0,0,0,0,407145.376799999740000,5758118.562000000800000,7.648424473000034,51.965992987000050,2,05200228702100370612
05,5,15,000,2020,02,08,6,3,0,1,0,1,0,0,0,0,0,402199.086799999700000,5758201.648499999200000,7.576426896000044,51.965891576000047,2,05200228702100069524
05,5,12,000,2020,02,08,6,2,0,1,0,0,0,0,1,0,0,357141.697599999610000,5710970.002000000300000,6.940369972000042,51.531741357000044,2,05200228701400894205
05,5,62,024,2020,03,20,2,2,5,3,2,1,1,0,0,0,0,369611.758799999950000,5724166.401699999300000,7.115141568000070,51.653351418000057,1,05200302701500697201
05,5,66,040,2020,02,08,4,3,0,7,0,1,0,0,0,0,0,421033.987499999810000,5781689.309299999800000,7.845081857000025,52.180017566000060,1,05200226709800872371