ULAND,UREGBEZ,UKREIS,UGEMEINDE,UJAHR,UMONAT,USTUNDE,UWOCHENTAG,UKATEGORIE,UART,UTYP1,ULICHTVERH,IstRad,IstPKW,IstFuss,IstKrad,IstGkfz,IstSonstige,LINREFX,LINREFY,XGCSWGS84,YGCSWGS84,STRZUSTAND,UIDENTSTLAE
05,5,66,012,2020,02,16,4,3,1,5,0,1,1,0,0,0,0,405281.011300000360000,5772068.518400000400000,7.617433452000057,52.091064867000057,1,05200226709000776750
05,5,58,016,2020,02,08,4,3,4,2,0,1,1,0,0,0,0,381544.894799999890000,5742986.415300000500000,7.281148923000046,51.825134232000039,1,05200226706000987360
05,5,54,008,2020,02,16,4,3,0,6,0,1,0,0,0,0,0,334515.659300000410000,5743730.865700000900000,6.598926965000032,51.819874944000048,1,05200226705000879006
05,5,54,048,2020,02,16,4,3,2,3,0,1,1,0,0,0,0,341857.832999999630000,5745378.502000000300000,6.704610198000069,51.836803197000052,1,05200226705000580993
05,5,15,000,2020,02,09,4,3,6,7,0,0,1,1,0,0,0,399295.907700000330000,5756865.676400000200000,7.534575112000027,51.953365412000039,1,05200226702100742541
05,5,15,000,2020,02,15,4,3,9,1,0,0,1,0,0,0,0,404736.849999999630000,5757324.491599999400000,7.613597587000072,51.958448048000037,1,05200226702100039947
05,5,12,000,2020,02,06,4,3,4,2,1,1,1,0,0,0,0,358154.169599999670000,5708513.977099999800000,6.955945697000061,51.509926869000026,1,05200226701400750786
05,5,62,020,2020,02,12,4,3,5,3,0,0,1,0,0,0,1,369765.343500000420000,5719666.091000000000000,7.119034593000038,51.612944219000042,1,05200226701200397202
05,5,70,028,2020,02,16,5,2,5,3,0,0,1,0,0,0,0,441545.138299999760000,5742652.251599999100000,8.151687233000075,51.831631190000053,1,05200227711413979597
05,5,66,008,2020,02,08,5,2,0,1,0,1,0,0,0,1,0,398842.110999999570000,5782822.868000000700000,7.520280546000038,52.186582810000061,1,05200227709100947851
05,5,15,000,2020,03,06,2,3,0,7,2,1,0,0,0,0,0,405460.409900000320000,5757713.161699999100000,7.624017572000071,51.962065073000076,0,05200302702100273242
05,5,54,036,2020,02,09,5,3,5,3,0,1,1,0,0,0,0,369795.643799999730000,5766355.085300000400000,7.101915265000059,52.032514339000045,0,05200227705131003115
05,5,54,020,2020,02,18,5,3,5,3,2,1,1,0,0,0,0,366560.012799999680000,5786711.694599999100000,7.046793054000034,52.214660865000042,1,05200227705000070634
05,5,15,000,2020,02,08,5,3,1,5,0,1,1,0,0,0,0,405357.777999999930000,5753607.858699999700000,7.623654320000071,51.925147315000061,1,05200227702100656201
05,5,13,000,2020,02,19,4,3,5,3,2,1,1,0,0,0,0,365547.319099999960000,5715632.306500000900000,7.059696855000027,51.575703392000037,1,05200226700000946941
05,5,54,020,2020,03,15,3,3,5,3,0,1,1,0,0,0,0,364637.536999999550000,5786378.071000000500000,7.018804631000023,52.211194247000037,0,05200303705000521119
05,5,15,000,2020,03,07,3,3,0,2,0,1,1,0,0,0,0,403803.687699999660000,5761689.613399999200000,7.598797537000053,51.997522432000039,1,05200303702100897729
05,5,15,000,2020,03,17,3,3,5,3,0,1,1,0,0,0,0,399492.438000000080000,5756208.003000000500000,7.537626300000056,51.947489728000050,0,05200303702100865831
05,5,15,000,2020,03,09,3,3,1,7,0,1,0,0,0,0,1,405804.077499999660000,5758822.480599999400000,7.628713622000021,51.972094443000060,0,05200303702100760729
05,5,66,028,2020,03,15,5,3,5,3,0,0,1,0,0,0,0,405926.046900000420000,5797221.022800000400000,7.619858362000059,52.317246806000071,0,05200305709700048420
05,5,15,000,2020,03,20,3,3,6,4,2,0,1,1,0,0,0,401401.550400000070000,5758264.697799999300000,7.564803910000023,51.966317390000029,1,05200303702100042458
05,5,62,020,2020,03,16,3,3,0,7,0,0,1,0,0,0,0,372381.637000000100000,5718316.749600000700000,7.157291323000038,51.601416980000067,0,05200303701200201203
05,5,15,000,2020,03,10,5,3,5,2,0,1,1,0,0,0,0,407193.664699999620000,5753594.071799999100000,7.650348554000061,51.925332476000051,0,05200305702100088934
05,5,54,020,2020,03,22,6,2,4,1,2,1,0,0,0,0,0,365027.349899999800000,5786398.946000000500000,7.024498017000042,52.211477428000080,1,05200306705000720922
05,5,62,032,2020,03,17,3,2,5,3,0,0,1,0,0,0,0,376748.952300000000000,5717335.368599999700000,7.220663387000059,51.593569775000049,0,05200303701110217208
05,5,13,000,2020,03,14,3,3,8,7,0,0,1,0,1,0,0,362669.219499999660000,5711522.293500000600000,7.019794219000062,51.538075956000057,0,05200303700200808209
05,5,62,014,2020,03,07,4,3,6,4,0,0,1,1,0,0,0,358361.653199999590000,5716022.341700000700000,6.955911579000031,51.577448640000057,1,05200304701300305201
05,5,62,014,2020,03,16,7,3,2,6,0,0,1,0,0,0,0,360464.152599999680000,5714870.804800000000000,6.986691351000047,51.567625234000047,0,05200307701300458202
05,5,66,028,2020,03,13,5,3,0,1,0,0,1,0,0,0,0,413090.414499999960000,5790623.278000000900000,7.726637762000053,52.259125417000064,0,05200305709000906677
05,5,15,000,2020,03,06,6,3,0,3,1,1,1,0,0,0,0,404899.662399999800000,5755230.707900000700000,7.616545630000076,51.939656127000035,1,05200306702100569780
05,5,66,076,2020,03,10,6,3,5,3,0,1,1,0,0,0,0,393750.640999999830000,5794752.219000000500000,7.442081931000075,52.292837814000052,1,05200306709500842537
05,5,58,016,2020,03,00,7,2,1,1,2,0,1,0,1,0,0,380914.136099999770000,5743814.610099999200000,7.271715803000063,51.832443240000032,1,05200307706100790206
05,5,66,012,2020,03,08,4,3,4,2,0,1,1,0,0,0,0,405968.248800000180000,5772565.919399999100000,7.627324368000075,52.095652821000044,1,05200304709000676750
05,5,54,004,2020,03,17,5,3,2,6,1,0,1,0,1,0,0,363654.825299999680000,5771652.485400000600000,7.010338780000041,52.078638260000048,1,05200305705000620894
05,5,54,008,2020,03,14,6,3,5,3,0,1,1,0,0,0,0,336523.665099999870000,5747232.861800000100000,6.626380262000055,51.851926073000072,1,05200306705000865869
05,5,15,000,2020,03,14,7,3,8,1,0,0,1,0,0,0,0,405395.393099999990000,5754584.797499999400000,7.623932582000066,51.933934895000050,0,05200307702100439623
05,5,54,004,2020,03,11,4,3,0,7,0,0,0,0,1,0,0,363528.911999999550000,5771825.974999999600000,7.008433147000062,52.080166114000065,1,05200304705000087236
05,5,66,068,2020,03,15,5,3,1,5,0,1,1,0,0,0,0,376846.251000000160000,5785638.651000000500000,7.197662527000034,52.207413493000047,0,05200305709300511911
05,5,62,020,2020,03,11,5,3,4,3,0,1,1,0,0,0,0,372061.009999999780000,5719242.410000000100000,7.152326568000035,51.609663041000033,1,05200305701200722204
05,5,54,004,2020,03,07,6,2,6,2,0,0,1,1,0,0,0,364590.559200000020000,5771168.597799999600000,7.024177002000045,52.074519923000082,1,05200306705000551911
05,5,70,028,2020,03,10,6,3,5,3,0,0,1,0,1,0,0,441196.404000000100000,5742240.728499999300000,8.146696833000021,51.827894899000057,1,05200306711411466782
05,5,66,012,2020,03,13,7,2,5,3,0,0,1,0,1,0,0,404878.193799999540000,5772666.432199999700000,7.611388717000068,52.096369928000058,0,05200307709110970630
05,5,70,008,2020,03,14,3,3,4,2,0,1,1,0,0,0,0,434217.116399999710000,5735170.218800000800000,8.046775501000070,51.763552559000061,0,05200303711313272463
05,5,70,052,2020,03,08,3,3,5,2,0,1,1,0,0,0,0,428809.775999999610000,5752841.703199999400000,7.964796169000067,51.921753144000036,0,05200303711114971088
05,5,13,000,2020,03,14,7,3,5,3,0,0,1,0,0,0,1,365090.088999999690000,5719180.413000000600000,7.051738607000061,51.607478813000057,0,05200307700200946941
05,5,66,056,2020,03,16,4,2,5,3,0,1,1,0,0,0,0,416992.501000000160000,5797566.404999999300000,7.782084596000061,52.322136264000051,0,05200304709700076667
05,5,66,060,2020,03,08,3,3,5,3,0,1,1,0,0,0,0,388951.559399999680000,5789615.137099999900000,7.373434788000054,52.245722306000062,1,05200303709500264202
05,5,13,000,2020,03,16,4,3,6,2,0,0,1,1,0,0,0,368152.924100000410000,5708074.575899999600000,7.100107547000050,51.508399722000036,0,05200304700100983204
05,5,70,004,2020,03,09,2,3,5,3,0,0,1,0,0,0,0,423470.139800000000000,5735993.188300000500000,7.890894771000035,51.769584987000030,0,05200302711212573422
05,5,58,012,2020,03,18,5,3,5,3,2,1,1,0,0,0,0,373809.501000000160000,5756487.752699999100000,7.164025999000046,51.944770899000048,1,05200305706000708215
05,5,66,092,2020,03,13,6,3,6,7,0,0,0,1,0,0,1,421393.285000000150000,5791478.916400000500000,7.848060514000053,52.268065699000033,1,05200306709000781515
05,5,66,076,2020,03,07,2,3,4,3,0,0,1,0,1,0,0,392478.332899999800000,5792838.672599999200000,7.424044285000036,52.275393038000061,0,05200302709500979617
05,5,58,012,2020,03,13,2,3,1,1,0,1,1,0,0,0,0,371290.167299999860000,5752708.407700000300000,7.128805953000040,51.910231557000031,0,05200302706000968276
05,5,15,000,2020,03,18,7,3,0,4,1,1,0,1,0,0,0,408963.290500000120000,5755961.721699999600000,7.675449497000045,51.946906661000071,0,05200307702100739623
05,5,62,012,2020,03,12,6,3,5,3,0,0,1,0,0,0,0,357993.265399999920000,5727465.462400000500000,6.945958368000049,51.680181086000061,1,05200306701610113207
05,5,54,004,2020,03,13,2,3,0,4,0,1,0,1,0,0,0,362499.339499999770000,5772228.901200000200000,6.993255770000076,52.083531802000039,0,05200302705000818559
05,5,66,028,2020,03,10,3,3,0,7,0,1,1,0,0,0,0,417082.723699999970000,5790289.571399999800000,7.785198746000049,52.256742163000069,0,05200303709000012548
05,5,54,020,2020,03,17,4,3,3,7,0,1,1,0,0,0,0,366501.461799999700000,5782776.967399999500000,7.047486942000035,52.179291476000060,1,05200304705000461201
05,5,15,000,2020,03,02,2,2,0,7,2,1,0,0,0,0,0,403866.197100000460000,5757413.969100000300000,7.600905654000030,51.959102457000029,0,05200302702100768134
05,5,13,000,2020,03,17,6,3,2,2,0,0,1,0,1,0,0,363296.113900000230000,5714880.314999999500000,7.027522591000036,51.568404365000049,1,05200313700200019209
05,5,70,052,2020,03,11,6,3,5,7,0,1,1,0,0,0,0,430490.627100000160000,5756931.122800000000000,7.988407285000051,51.958727979000059,1,05200313711111074626
05,5,15,000,2020,03,08,6,3,3,6,0,1,0,0,0,0,0,405443.114799999630000,5758192.428899999700000,7.623633964000021,51.966369985000028,1,05200313702100144344
05,5,70,004,2020,03,17,4,3,0,4,0,0,0,1,1,0,0,423241.838700000200000,5735624.656600000300000,7.887668241000029,51.766240769000035,1,05200311711216177896
05,5,70,036,2020,03,18,4,3,0,2,0,0,1,0,0,0,0,434100.058799999770000,5759956.766799999400000,8.040347431000043,51.986367245000054,0,05200311711121402616
05,5,66,076,2020,03,07,4,3,3,2,0,1,1,0,0,0,0,392143.742200000210000,5792872.759400000800000,7.419131275000041,52.275633841000058,0,05200311709500882208
05,5,66,076,2020,03,17,4,3,4,2,0,0,1,0,0,0,0,393043.429800000040000,5792890.879200000300000,7.432307038000033,52.275972454000055,0,05200311709500512025
05,5,54,056,2020,03,09,4,3,2,1,0,1,1,0,0,0,0,356958.257199999880000,5762175.074899999400000,6.916648895000037,51.991794816000038,0,05200311705000376745
05,5,54,020,2020,03,07,4,2,0,1,0,1,0,0,0,0,0,365686.434500000440000,5785694.435000000500000,7.034417894000058,52.205308190000039,1,05200311705000220731
05,5,54,004,2020,03,13,4,2,1,5,0,1,1,0,0,0,0,363886.458800000140000,5770643.886900000300000,7.014119069000060,52.069632550000051,0,05200311705000102662
05,5,15,000,2020,03,13,4,3,1,5,0,1,1,0,0,0,0,405216.977599999870000,5757877.726800000300000,7.620430213000077,51.963502803000040,0,05200311702100550183
05,5,15,000,2020,03,09,4,3,5,3,0,1,1,0,0,0,0,403666.823099999690000,5758236.952800000100000,7.597774138000034,51.966465192000044,1,05200311702100541782
05,5,62,012,2020,03,13,4,3,0,1,0,0,0,0,0,0,1,364426.897900000210000,5732385.451999999600000,7.037043776000076,51.725982694000038,0,05200311701620519202
05,5,62,014,2020,03,21,4,3,5,7,2,0,1,0,0,0,0,359102.595800000240000,5715954.661900000600000,6.966624555000067,51.577026161000049,1,05200311701300607205
05,5,62,014,2020,03,11,4,3,5,3,0,0,1,0,0,0,0,361408.991100000220000,5713344.847400000300000,7.000916655000026,51.554145756000082,1,05200311701300432209
05,5,13,000,2020,03,13,4,3,5,7,0,0,1,0,1,0,0,368855.910400000400000,5716002.745500000200000,7.107276822000074,51.579811842000026,1,05200311700200741201
05,5,54,020,2020,03,13,6,3,0,7,0,0,1,1,0,0,0,365449.248100000430000,5786161.581299999700000,7.030763432000072,52.209447804000035,1,05200313705000081549
05,5,70,008,2020,03,07,5,3,0,7,0,1,1,0,0,0,0,433506.959999999960000,5734134.039000000800000,8.036684826000055,51.754153357000064,1,05200312711311227091
05,5,62,032,2020,03,10,6,3,6,4,0,0,1,1,0,0,0,379742.781399999750000,5719033.238600000700000,7.263280544000054,51.609476324000070,0,05200313701110104201
05,5,58,044,2020,03,15,5,3,6,4,0,1,0,1,0,0,0,395722.734199999830000,5746079.486600000400000,7.485862204000057,51.855761126000061,0,05200312706000576748
05,5,13,000,2020,03,17,5,3,5,3,0,1,1,0,0,0,0,365546.934399999680000,5715632.545299999400000,7.059691215000044,51.575705446000029,1,05200312700200471537
05,5,15,000,2020,03,20,6,2,0,7,2,1,0,0,0,0,0,406982.402800000270000,5754951.782800000200000,7.646910113000047,51.937501077000036,1,05200313702100998202
05,5,70,004,2020,03,06,3,3,5,3,0,0,1,0,0,0,0,422503.416000000200000,5735123.560000000500000,7.877081460000056,51.761634387000072,1,05200310711215264268
05,5,70,052,2020,03,18,3,3,8,7,2,1,1,0,0,0,0,430106.630900000220000,5755717.369500000000000,7.983066693000069,51.947768670000073,1,05200310711113974620
05,5,58,044,2020,03,17,3,3,0,7,1,0,1,1,0,0,0,395918.429100000300000,5746048.167199999100000,7.488712118000024,51.855516157000068,1,05200310706300972206
05,5,54,004,2020,03,18,3,3,5,2,1,0,1,0,0,0,0,364575.548299999910000,5771175.614900000400000,7.023955327000067,52.074579304000054,1,05200310705000802662
05,5,62,014,2020,03,07,3,2,6,4,1,0,1,1,0,0,0,358526.564100000080000,5716572.874399999200000,6.958068117000039,51.582437079000044,1,05200310701300016205
05,5,13,000,2020,03,10,3,3,5,3,0,1,1,0,0,0,0,366437.931800000370000,5708215.893999999400000,7.075356192000072,51.509266944000046,1,05200310700100555204
05,5,12,000,2020,03,20,1,3,8,7,2,0,1,0,0,0,0,356008.064500000330000,5719849.775000000400000,6.920398413000044,51.611244371000055,1,05200308701400542209
05,5,13,000,2020,03,17,1,3,2,6,0,0,1,0,0,0,0,366918.380499999970000,5709406.110300000800000,7.081825971000058,51.520076375000031,1,05200308700100312209
05,5,66,076,2020,03,23,6,3,0,7,2,1,0,0,0,0,0,395240.289400000130000,5793022.427300000600000,7.464453498000069,52.277577727000050,1,05200313709500174722
05,5,62,032,2020,03,16,6,2,8,1,0,0,1,0,0,0,0,374395.517500000070000,5715113.018799999700000,7.187500772000021,51.573077511000065,1,05200313701120244207
05,5,70,028,2020,03,15,2,3,0,3,0,1,0,0,0,0,1,441324.143199999820000,5744098.066600000500000,8.148235232000047,51.844606202000080,0,05200309711413587347
05,5,70,028,2020,03,13,2,3,5,3,0,0,1,0,0,0,0,441341.002000000330000,5742341.337999999500000,8.148777803000030,51.828814604000058,1,05200309711411580988
05,5,66,028,2020,03,12,2,3,5,3,0,1,1,0,0,0,0,412627.660000000150000,5792800.066999999800000,7.719295746000057,52.278617741000062,1,05200309709700683203
05,5,58,024,2020,03,05,2,3,8,1,2,1,1,0,0,0,0,393305.393299999650000,5737595.963800000000000,7.453388660000030,51.779054702000053,1,05200309706300029209
05,5,15,000,2020,03,18,2,3,3,6,1,1,0,0,0,0,0,404453.071000000460000,5755175.235999999600000,7.610066398000072,51.939081014000067,0,05200309702100703204
05,5,15,000,2020,03,19,2,3,0,2,1,1,1,0,0,0,0,406048.376000000160000,5756807.462999999500000,7.632820216000027,51.954023906000032,0,05200309702100057448
05,5,62,016,2020,03,07,2,2,5,2,0,1,1,0,0,0,0,375951.696499999610000,5734992.816299999100000,7.202888618000031,51.752083157000072,1,05200309701700603206
05,5,62,014,2020,03,08,2,3,5,3,0,0,1,0,0,0,0,358921.519600000230000,5713426.859099999100000,6.965027771000052,51.554266169000073,1,05200309701300604205
05,5,54,008,2020,03,14,6,3,1,2,0,0,1,0,0,0,0,336510.463100000280000,5745027.899000000200000,6.627230903000054,51.832113965000076,1,05200313705000079139
05,5,62,032,2020,03,18,3,2,1,2,2,0,1,0,0,0,0,380426.238599999810000,5718306.865900000600000,7.273393707000025,51.603093631000036,0,05200317701110132209
05,5,15,000,2020,03,14,6,3,5,3,0,1,1,0,0,0,0,404389.894000000320000,5759062.469000000500000,7.608065875000023,51.974010057000044,0,05200320702100242519
05,5,54,008,2020,03,07,4,3,9,1,0,0,1,0,0,0,0,337733.991000000390000,5745853.224199999100000,6.644585021000069,51.839885102000039,0,05200318705000340603
05,5,58,016,2020,03,15,2,3,5,3,0,0,1,0,0,0,0,380281.929899999870000,5744545.462799999900000,7.262292305000074,51.838876324000069,0,05200316706100208202
05,5,70,016,2020,03,14,3,2,0,7,0,0,1,1,0,0,0,412790.859799999740000,5739324.099999999600000,7.735326919000045,51.797965086000033,0,05200317711221973422
05,5,15,000,2020,03,16,3,3,4,2,0,1,1,0,0,0,0,406636.354199999940000,5758239.254200000300000,7.640984659000026,51.966992567000034,0,05200317702100970524
05,5,13,000,2020,03,14,6,3,0,7,0,0,0,0,0,0,1,365421.013700000010000,5716454.324899999400000,7.057560241000033,51.583060267000064,0,05200320700200732202
05,5,70,032,2020,03,12,7,3,4,2,0,1,1,0,0,0,0,421378.940000000410000,5766001.595000000700000,7.853748056000029,52.039050227000075,0,05200314711151876726
05,5,66,012,2020,03,10,7,3,0,3,0,1,1,0,0,0,0,404996.434799999930000,5772238.750199999700000,7.613233498000056,52.092546161000030,0,05200314709100028203
05,5,70,052,2020,03,13,2,3,0,7,0,1,1,0,0,0,0,428855.562599999830000,5753124.245100000900000,7.965403456000047,51.924298939000039,0,05200316711114037680
05,5,62,032,2020,03,13,4,2,5,3,0,0,1,0,1,0,0,377415.834800000300000,5715891.402100000500000,7.230790277000040,51.580737920000047,0,05200318701120410205
05,5,58,020,2020,03,15,7,3,6,4,0,0,1,1,0,0,0,392099.896999999880000,5759394.394999999600000,7.429106873000023,51.974743077000028,0,05200314706200752637
05,5,54,008,2020,03,13,7,3,2,3,0,0,1,0,0,0,0,333509.312400000170000,5745419.066299999100000,6.583527620000041,51.834741545000043,0,05200314705100980993
05,5,66,012,2020,03,12,1,2,0,7,0,1,0,1,0,0,0,406087.641499999910000,5771774.398399999400000,7.629284798000072,52.088558716000080,0,05200315709110072341
05,5,13,000,2020,03,07,2,3,8,1,0,0,1,0,0,0,0,362170.769999999550000,5718879.703700000400000,7.009725428000024,51.604069605000063,0,05200316700200877491
05,5,54,020,2020,03,13,5,3,0,1,0,1,0,0,0,0,0,364914.108699999750000,5786427.653899999300000,7.022830196000029,52.211707629000045,0,05200319705000320955
05,5,54,068,2020,03,07,7,3,6,4,0,0,1,1,0,0,0,349759.782599999570000,5767783.764900000800000,6.809425629000032,52.040284921000080,1,05200314705000881780
05,5,66,076,2020,03,10,3,2,6,7,0,0,1,1,0,0,0,394234.158999999990000,5794515.464999999900000,7.449243181000043,52.290803345000029,0,05200317709500151205
05,5,66,008,2020,03,17,1,3,0,7,1,1,0,1,0,0,0,400322.721499999990000,5779527.869100000700000,7.542899038000030,52.157237655000074,0,05200315709000570592
05,5,54,056,2020,03,11,6,3,5,3,0,1,1,0,0,0,0,356766.944500000220000,5762377.046900000400000,6.913780119000023,51.993560233000039,0,05200320705000621131
05,5,54,008,2020,03,16,7,3,0,1,0,1,0,0,0,0,0,336126.278800000440000,5745754.689999999500000,6.621316126000068,51.838530494000054,0,05200314705000487403
05,5,62,004,2020,03,21,7,3,9,7,2,1,0,0,0,0,0,382410.747700000180000,5718749.737299999200000,7.301887191000049,51.607491860000039,0,05200314701800416206
05,5,62,004,2020,03,09,7,3,1,5,0,1,1,0,0,0,0,383594.800900000150000,5716467.877399999600000,7.319735384000069,51.587229204000039,0,05200314701800313207
05,5,12,000,2020,03,12,3,3,5,3,0,0,1,0,0,0,0,357745.094300000000000,5719132.550100000600000,6.945758982000029,51.605241114000080,0,05200317701400041209
05,5,62,032,2020,03,19,7,2,5,3,2,0,1,0,1,0,0,378346.466000000010000,5717978.893400000400000,7.243491293000034,51.599700601000052,0,05200314701110403208
05,5,58,024,2020,03,21,1,3,9,1,2,1,0,0,0,0,0,393342.574900000360000,5737620.164500000000000,7.453919985000027,51.779279306000035,0,05200315706300153113
05,5,66,076,2020,03,15,2,3,5,7,0,1,1,0,0,0,0,392954.829300000330000,5792009.846500000000000,7.431288520000067,52.268037221000043,0,05200316709500562050
05,5,70,016,2020,03,16,4,3,0,7,0,0,0,0,1,0,0,409228.175699999560000,5744783.266400000100000,7.682245558000034,51.846469813000056,0,05200318711222474480
05,5,54,048,2020,03,04,1,3,0,1,1,1,0,0,0,0,0,342183.128399999810000,5745498.009899999900000,6.709273183000050,51.837968867000029,0,05200315705000377675
05,5,15,000,2020,03,15,1,2,0,7,0,1,0,0,0,0,0,401062.095099999570000,5761506.650800000900000,7.558929579000051,51.995396215000028,0,05200315702100009583
05,5,66,008,2020,03,18,3,3,6,4,0,0,1,1,0,0,0,404953.442999999970000,5778755.560000000500000,7.610785841000052,52.151112712000042,0,05200317709110479197
05,5,62,016,2020,03,17,6,3,1,5,0,0,1,0,1,0,0,374861.644700000060000,5733334.977700000600000,7.187701740000023,51.736941969000043,0,05200320701700022209
05,5,15,000,2020,03,17,4,3,4,6,0,1,0,0,0,0,0,406837.122999999670000,5757694.148000000000000,7.644054078000067,51.962126568000031,0,05200318702100568386
05,5,62,004,2020,03,15,2,3,9,1,0,0,1,0,0,0,0,380350.839599999600000,5715302.487600000600000,7.273329742000044,51.576075765000041,0,05200316701800836206
05,5,54,068,2020,03,09,5,3,7,5,0,0,1,0,1,0,0,351334.243300000210000,5767184.648000000000000,6.832624609000050,52.035326562000080,0,05200319705000687380
05,5,66,076,2020,03,15,3,3,9,7,0,1,0,0,0,0,0,400609.407800000160000,5793549.320900000600000,7.542969272000050,52.283310212000060,0,05200317709500974669
05,5,15,000,2020,03,17,3,3,1,7,0,1,1,0,0,0,0,405901.827399999830000,5758841.166200000800000,7.630131084000027,51.972278956000082,0,05200317702100365857
05,5,13,000,2020,03,13,6,3,5,3,0,0,1,0,0,0,0,367709.757000000220000,5709173.352299999400000,7.093313050000063,51.518170547000068,0,05200320700100707204
05,5,70,052,2020,03,09,2,3,5,3,0,1,1,0,0,0,0,431923.289900000210000,5755096.198400000100000,8.009617368000022,51.942409836000081,0,05200316711113181965
05,5,70,004,2020,03,07,6,3,6,4,0,0,0,1,1,0,0,424594.979000000280000,5734352.748999999800000,7.907549241000027,51.754990601000031,1,05200313711213581052
05,5,13,000,2020,03,23,2,3,9,1,2,0,1,0,0,0,0,365929.217100000010000,5709224.108999999200000,7.067646582000066,51.518206885000041,0,05200316700100269208
05,5,70,052,2020,03,13,6,3,5,3,0,0,1,0,0,0,0,431513.142799999560000,5755354.542700000100000,8.003600042000073,51.944681931000048,1,05200313711113676263
05,5,66,084,2020,03,15,3,2,0,1,0,1,0,0,0,0,0,385855.321200000120000,5779249.015599999600000,7.331596566000030,52.151930292000031,0,05200317709300025047
05,5,66,028,2020,03,13,2,2,0,7,0,1,0,0,0,0,0,413333.593299999830000,5791927.210100000700000,7.729864863000046,52.270883971000046,0,05200323709700342411
05,5,62,032,2020,03,05,2,3,0,1,1,1,0,0,0,0,0,373830.679800000040000,5717654.418199999300000,7.178441134000025,51.595791073000044,0,05200323701120233203
05,5,13,000,2020,03,16,2,3,5,3,0,0,1,0,0,0,0,368990.781000000420000,5707551.771999999900000,7.112368054000058,51.503896244000032,0,05200323700100907208
05,5,66,008,2020,03,21,1,3,5,3,2,0,1,0,0,0,0,398788.364299999550000,5782573.252900000700000,7.519569155000056,52.184329491000028,0,05200329709000370592
05,5,54,020,2020,03,14,7,3,1,5,0,1,0,0,1,0,0,364202.533699999560000,5786381.347200000700000,7.012440655000034,52.211116662000052,0,05200328705000565798
05,5,54,020,2020,03,16,7,3,0,7,0,1,0,0,0,0,0,367032.190000000410000,5781950.215399999200000,7.055568437000034,52.171990859000061,0,05200328705000480992
05,5,54,020,2020,03,19,7,3,5,3,2,0,1,0,0,0,0,365542.999200000430000,5783272.915300000500000,7.033281004000060,52.183515001000046,0,05200328705000180992
05,5,15,000,2020,03,14,7,2,6,7,0,0,1,1,0,0,0,408769.159599999900000,5752916.958399999900000,7.673433203000059,51.919506552000030,0,05200328702100782206
05,5,62,004,2020,03,21,7,3,6,4,2,0,1,1,0,0,0,383204.971800000410000,5711777.571699999300000,7.315669716000059,51.544993319000071,0,05200328701800810209
05,5,62,004,2020,03,18,7,3,6,4,0,0,1,1,0,0,0,383330.859799999740000,5716255.521500000700000,7.315997844000037,51.585266024000077,0,05200328701800801207
05,5,62,016,2020,03,13,7,2,0,1,0,0,0,0,1,0,0,374253.770700000230000,5734796.257899999600000,7.178374845000064,51.749938163000081,0,05200328701700750201
05,5,62,032,2020,03,17,7,2,5,2,0,1,1,0,0,0,0,376256.621000000280000,5718732.126000000200000,7.213066712000057,51.606014784000081,0,05200328701110789205
05,5,66,012,2020,03,11,6,3,5,3,0,1,1,0,0,0,0,405692.171000000090000,5772285.372300000900000,7.623373072000049,52.093084217000069,0,05200327709110142391
05,5,13,000,2020,03,16,6,3,8,7,0,0,1,0,0,0,0,367316.522199999540000,5715227.411100000100000,7.085365926000065,51.572483959000067,0,05200327700200274201
05,5,13,000,2020,03,20,6,3,2,2,2,0,1,0,0,0,0,365917.969999999740000,5709250.892699999700000,7.067474387000061,51.518444910000028,0,05200327700100543680
05,5,66,076,2020,03,23,1,3,0,1,2,0,0,0,1,0,0,392349.631000000050000,5793631.240000000200000,7.421905616000061,52.282490749000033,0,05200322709500962050
05,5,66,016,2020,03,00,1,3,8,2,2,0,1,0,0,0,0,403073.032700000330000,5795053.062500000000000,7.578640357000040,52.297265454000069,0,05200322709500076769
05,5,62,014,2020,03,15,1,3,0,1,0,1,0,0,0,0,0,360787.162200000140000,5714677.094599999500000,6.991425578000076,51.565964372000053,0,05200322701300189200
05,5,15,000,2020,03,08,5,3,5,3,0,1,1,0,0,0,0,405037.280799999830000,5758542.132600000100000,7.617631792000054,51.969444076000059,0,05200326702100950181
05,5,15,000,2020,03,17,5,3,4,3,0,1,1,0,0,0,0,407030.306499999950000,5758712.548100000200000,7.646589187000075,51.971312795000074,0,05200326702100279175
05,5,54,020,2020,03,16,4,3,7,1,0,1,0,0,0,0,0,364972.530899999660000,5787137.170600000800000,7.023401671000045,52.218097150000062,0,05200325705000481393
05,5,54,020,2020,03,17,4,2,0,3,0,0,1,1,0,0,0,365263.030799999830000,5783639.982000000800000,7.029042621000031,52.186744911000062,0,05200325705000020896
05,5,62,032,2020,03,10,4,2,3,7,0,0,1,0,1,0,0,379646.135499999860000,5719009.243899999200000,7.261893741000051,51.609240023000041,0,05200325701110991205