ULAND,UREGBEZ,UKREIS,UGEMEINDE,UJAHR,UMONAT,USTUNDE,UWOCHENTAG,UKATEGORIE,UART,UTYP1,ULICHTVERH,IstRad,IstPKW,IstFuss,IstKrad,IstGkfz,IstSonstige,LINREFX,LINREFY,XGCSWGS84,YGCSWGS84,STRZUSTAND,UIDENTSTLAE
05,5,54,012,2020,04,11,7,3,0,7,0,0,1,1,0,0,0,347154.183799999770000,5752837.435200000200000,6.778120320000028,51.905291769000030,0,05200425705121564548
05,5,66,088,2020,04,15,1,2,8,1,0,1,0,0,0,0,0,414369.341900000350000,5786679.814899999600000,7.746370519000038,52.223880442000052,0,05200426709800074652
05,5,13,000,2020,04,18,7,3,2,6,0,0,1,0,0,0,0,363788.302000000140000,5716985.403000000900000,7.033803360000036,51.587440450000031,0,05200425700200180930
05,5,62,020,2020,04,15,1,3,8,1,0,0,0,0,1,0,0,371570.784300000410000,5715278.292099999300000,7.146701554000060,51.573926403000030,1,05200426701200340207
05,5,66,040,2020,04,18,7,3,5,1,0,1,1,0,0,0,0,421318.929999999700000,5782660.275000000400000,7.849023031000058,52.188786156000049,0,05200425709800979157
05,5,15,000,2020,04,11,3,3,0,1,0,0,0,0,1,0,0,408642.927299999630000,5756299.679700000200000,7.670699860000070,51.949891914000034,0,05200428702100254207
05,5,62,014,2020,04,17,7,3,5,3,0,0,1,0,0,0,0,361881.599799999970000,5714716.323499999900000,7.007190477000052,51.566586006000080,0,05200425701300678918
05,5,54,060,2020,04,20,1,3,5,3,1,1,0,0,0,0,0,348956.288999999870000,5756277.466000000000000,6.802787056000057,51.936690074000069,0,05200426705000501676
05,5,15,000,2020,04,05,2,3,0,7,2,0,0,1,0,0,1,406747.803199999970000,5761486.283900000200000,7.641723821000028,51.996197070000051,0,05200427702100164271
05,5,62,032,2020,04,17,1,2,2,2,0,0,1,0,1,0,0,374676.163900000040000,5722368.558900000500000,7.188955151000073,51.638346054000067,0,05200426701110348209
05,5,13,000,2020,04,19,7,3,0,7,0,0,1,0,0,0,0,363339.023900000380000,5715608.392799999600000,7.027858136000020,51.574957482000059,0,05200425700200824635
05,5,66,076,2020,04,17,7,3,0,2,0,0,0,0,1,0,0,391584.569500000220000,5792407.829399999200000,7.411088236000069,52.271345494000059,0,05200425709500012491
05,5,62,004,2020,04,21,1,3,0,7,2,1,0,0,0,0,0,382436.192200000400000,5713221.106799999300000,7.304105678000042,51.557807756000045,0,05200426701800367202
05,5,54,008,2020,04,16,3,3,5,2,0,1,1,0,0,0,0,332221.405600000170000,5743272.539899999300000,6.565892980000058,51.815073724000058,1,05200428705000176646
05,5,70,004,2020,04,13,7,3,5,2,0,1,1,0,0,0,0,425689.785000000150000,5736427.210999999200000,7.922963771000070,51.773785784000040,0,05200425711212477896
05,5,15,000,2020,04,16,7,3,0,7,0,1,0,1,0,0,0,404106.958499999720000,5748567.785499999300000,7.606872228000043,51.879630840000061,0,05200425702100966481
05,5,54,040,2020,04,16,1,3,5,3,0,1,0,1,0,0,0,350800.489500000140000,5737196.890399999900000,6.837828312000056,51.765753249000056,0,05200426705000615757
05,5,54,008,2020,04,07,2,3,4,2,0,1,1,0,0,0,0,335284.375000000000000,5746397.194000000100000,6.608801121000056,51.844054684000071,0,05200427705000068294
05,5,62,020,2020,04,15,1,3,6,6,0,0,1,1,0,0,0,369309.053999999540000,5721060.334100000600000,7.111928238000076,51.625368067000068,0,05200426701200339207
05,5,70,004,2020,04,18,5,2,5,3,0,1,1,0,0,0,0,424822.677000000140000,5734414.983699999700000,7.910833973000024,51.755580682000073,0,05200423711213550795
05,5,66,068,2020,05,17,1,3,8,1,0,1,0,0,0,0,0,376813.318199999630000,5785616.354100000100000,7.197188931000028,52.207205769000041,1,05200503709300542538
05,5,54,032,2020,05,14,1,3,3,6,0,1,0,0,0,0,0,325353.613900000230000,5744582.566500000700000,6.465698614000075,51.824737489000029,0,05200503705000544446
05,5,66,012,2020,04,17,4,3,5,3,0,1,1,0,0,0,0,404844.149899999610000,5772191.636099999800000,7.611024455000063,52.092096527000081,0,05200429709100939204
05,5,58,016,2020,04,10,4,2,8,1,0,1,0,0,0,0,0,380613.612800000240000,5744894.642899999400000,7.266983785000036,51.842085443000030,0,05200429706100456202
05,5,54,008,2020,04,08,4,3,5,3,0,1,0,0,0,0,0,335633.074799999590000,5745228.275699999200000,6.614413840000054,51.833656569000027,0,05200429705000072449
05,5,15,000,2020,04,22,4,2,9,1,2,0,1,0,0,0,0,406275.001899999570000,5762580.441199999300000,7.634540022000067,52.005952194000031,0,05200429702100861999
05,5,62,032,2020,04,12,4,3,2,2,0,0,1,0,0,0,0,375295.939899999650000,5715439.440400000700000,7.200371252000025,51.576211010000065,0,05200429701120135200
05,5,13,000,2020,04,13,4,3,9,7,0,0,1,0,0,0,0,369757.359600000080000,5715393.459499999900000,7.120505270000024,51.574545356000044,0,05200429700200569207
05,5,66,076,2020,05,00,7,3,0,7,2,0,1,1,0,0,0,391425.703200000340000,5792772.714900000000000,7.408643443000074,52.274593399000082,0,05200502709500665807
05,5,54,008,2020,05,07,7,3,0,2,0,0,1,1,0,0,0,335875.324000000020000,5746053.915999999300000,6.617534869000053,51.841144879000069,1,05200502705000976767
05,5,54,008,2020,05,14,7,2,5,3,0,1,1,0,0,0,0,332037.600999999790000,5742912.393999999400000,6.563403555000036,51.811783295000055,1,05200502705000881625
05,5,54,008,2020,05,13,7,3,5,3,0,1,1,0,0,0,0,335377.846800000410000,5745456.622099999300000,6.610604363000050,51.835632735000047,1,05200502705000268294
05,5,62,032,2020,05,15,7,2,5,3,0,1,1,0,0,0,0,375469.160000000150000,5713940.732000000800000,7.203400859000055,51.562780119000081,1,05200502701120769227
05,5,54,008,2020,05,11,2,3,5,3,0,0,1,0,0,0,0,335726.022300000300000,5745355.870200000700000,6.615701031000072,51.834830145000069,0,05200504705000968371
05,5,54,020,2020,05,18,2,3,5,6,0,1,0,0,0,0,0,363814.256400000300000,5786731.750399999300000,7.006620496000039,52.214169283000047,0,05200504705000820728
05,5,70,028,2020,05,15,6,2,1,1,0,1,1,0,0,0,0,440977.662800000050000,5742747.385999999900000,8.143436637000036,51.832426789000067,0,05200501711412479196
05,5,66,056,2020,04,15,5,2,8,1,0,0,1,0,0,0,0,418626.465200000440000,5795056.626199999800000,7.806659875000037,52.299821739000038,0,05200430709700645589
05,5,66,056,2020,04,17,5,3,8,7,0,1,0,0,0,0,0,417071.837199999950000,5798333.811000000700000,7.783059091000041,52.329046033000054,0,05200430709700281515
05,5,66,068,2020,04,15,5,3,5,3,0,1,1,0,0,0,0,376495.733599999920000,5785987.150699999200000,7.192408389000036,52.210466732000043,0,05200430709300974203
05,5,54,020,2020,04,10,5,3,2,1,0,0,1,0,0,0,0,365788.592000000180000,5782949.034199999600000,7.036999221000031,52.180664609000075,0,05200430705000721000
05,5,54,020,2020,04,20,5,3,8,1,0,1,0,0,0,0,0,365640.963000000450000,5786478.706000000200000,7.033441648000064,52.212344048000034,0,05200430705000003147
05,5,15,000,2020,04,17,5,3,7,7,0,1,0,0,0,0,0,404312.907399999910000,5760308.656800000000000,7.606597883000063,51.985197953000068,0,05200430702100564164
05,5,12,000,2020,04,15,5,3,5,3,0,1,1,0,0,0,0,355701.680900000040000,5712204.104199999900000,6.919117647000064,51.542464493000068,0,05200430701400425205
05,5,13,000,2020,04,20,5,3,5,3,2,0,1,0,0,0,0,366220.683199999850000,5709317.905300000700000,7.071809296000026,51.519118898000045,1,05200430700100073461
05,5,70,004,2020,04,14,3,3,0,2,0,1,1,0,0,0,0,423241.448099999690000,5735624.168999999800000,7.887662690000070,51.766236332000062,1,05200428711211676329
05,5,13,000,2020,05,17,6,3,5,3,0,1,1,0,0,0,0,369456.523799999620000,5709680.582599999400000,7.118286419000071,51.523135328000080,0,05200508700100815749
05,5,54,008,2020,05,15,5,3,7,5,0,0,1,0,0,0,0,335049.901700000280000,5745015.435000000500000,6.606059191000043,51.831572644000062,0,05200507705000476754
05,5,54,004,2020,05,17,6,3,0,2,0,0,0,0,1,0,0,357313.341900000350000,5771387.119999999200000,6.917974244000050,52.074656164000032,0,05200508705000168885
05,5,62,014,2020,05,07,6,3,5,3,0,1,1,0,0,0,0,361223.646800000220000,5714988.710000000900000,6.997596013000020,51.568872172000056,0,05200508701300155208
05,5,15,000,2020,05,11,5,3,2,6,0,1,1,0,0,0,0,407171.656000000420000,5757931.798000000400000,7.648857361000069,51.964318646000038,0,05200507702100339623
05,5,15,000,2020,05,17,6,3,5,5,0,1,1,0,0,0,0,398743.306400000120000,5752877.177400000400000,7.527710685000045,51.917416110000033,0,05200508702100761201
05,5,13,000,2020,05,15,6,2,0,1,0,1,0,0,0,0,0,363347.257899999620000,5717060.415400000300000,7.027411803000064,51.588007746000073,0,05200508700200275209
05,5,54,032,2020,05,15,5,3,0,1,0,0,0,0,0,0,1,323917.427600000050000,5744011.008800000000000,6.445170920000066,51.819152889000065,0,05200507705000581087
05,5,54,012,2020,05,21,4,3,5,3,0,0,1,0,0,0,0,352497.678299999800000,5753132.269999999600000,6.855611272000033,51.909381101000065,0,05200506705000981131
05,5,66,076,2020,05,14,3,3,5,3,0,0,1,0,0,0,0,392858.283999999990000,5792582.550000000700000,7.429692359000057,52.273165400000039,0,05200505709500129200
05,5,54,008,2020,05,16,3,3,0,1,0,0,0,0,1,0,0,335283.763600000180000,5744979.877800000800000,6.609466988000065,51.831322223000029,0,05200505705111676754
05,5,54,068,2020,05,08,3,3,5,3,0,1,1,0,0,0,0,350591.282300000080000,5766883.998800000200000,6.821932859000071,52.032425743000033,0,05200505705000572375
05,5,54,020,2020,05,13,3,2,0,2,0,1,0,0,1,0,0,366467.272800000380000,5786939.263499999400000,7.045346654000070,52.216683193000051,0,05200505705000420997
05,5,54,008,2020,05,19,4,2,4,6,0,1,0,0,0,0,0,336721.348000000230000,5744489.092000000200000,6.630542859000059,51.827335257000072,0,05200506705000065897
05,5,15,000,2020,05,15,4,3,7,4,0,0,1,1,0,0,0,405802.843100000170000,5757390.962999999500000,7.629088354000032,51.959227132000080,0,05200506702100070820
05,5,15,000,2020,05,09,3,3,5,3,0,1,1,0,0,0,0,403941.831000000240000,5758259.220000000700000,7.601769633000060,51.966712927000060,0,05200505702100497729
05,5,54,048,2020,05,11,6,3,5,2,0,1,1,0,0,0,0,342168.372000000440000,5745086.031999999700000,6.709247094000034,51.834263480000061,0,05200508705000364134
05,5,15,000,2020,05,13,3,2,0,7,0,0,0,1,0,1,0,407435.723799999800000,5758332.584599999700000,7.652591750000056,51.967965157000037,0,05200505702100270562
05,5,12,000,2020,05,11,3,3,1,5,0,1,1,0,0,0,0,355894.670300000350000,5712799.617200000200000,6.921654840000031,51.547864924000066,0,05200505701400443202
05,5,13,000,2020,05,12,3,3,1,5,0,1,1,0,0,0,0,367800.069500000220000,5708586.407400000800000,7.094834081000045,51.512916976000042,0,05200505700100780893
05,5,13,000,2020,05,19,6,3,4,6,0,1,1,0,0,0,0,369729.966900000350000,5709181.028000000900000,7.122410360000060,51.518709038000054,0,05200508700100272202
05,5,62,008,2020,05,17,4,3,6,7,0,0,0,1,1,0,0,384070.522300000300000,5722346.103800000600000,7.324654674000044,51.640159073000063,0,05200506701910763200
05,5,15,000,2020,05,15,6,3,1,5,0,1,1,0,0,0,0,406747.324900000360000,5761485.683000000200000,7.641717019000055,51.996191588000045,0,05200508702100369524
05,5,15,000,2020,05,14,5,3,5,3,0,1,1,0,0,0,0,409635.262099999930000,5752374.332699999200000,7.686165804000041,51.914770276000070,0,05200507702100672436
05,5,62,016,2020,05,16,4,3,5,6,0,1,1,0,0,0,0,377451.652099999600000,5737225.400399999700000,7.223820046000071,51.772477543000036,0,05200506701700753209
05,5,15,000,2020,05,19,6,3,1,5,0,0,1,1,0,0,0,404112.109699999910000,5756155.250000000000000,7.604834665000055,51.947831097000062,0,05200508702100770610
05,5,58,012,2020,05,14,5,3,5,7,0,0,1,0,0,0,0,373972.006000000050000,5756831.020999999700000,7.166263174000051,51.947892493000040,0,05200507706200251444
05,5,62,020,2020,05,16,6,3,6,6,0,1,0,1,0,0,0,371133.006000000050000,5717232.823999999100000,7.139670405000061,51.591391604000080,0,05200508701200347175
05,5,13,000,2020,05,15,5,3,1,6,0,0,1,0,1,0,0,368399.078300000170000,5705755.964500000700000,7.104517301000044,51.487620197000069,0,05200507700100169202
05,5,62,014,2020,05,19,4,2,0,7,0,1,0,1,0,0,0,361545.008500000460000,5711510.494999999200000,7.003599134000069,51.537695311000050,0,05200506701300761202
05,5,15,000,2020,05,07,6,3,5,2,0,1,1,0,0,0,0,407988.817900000140000,5754725.740100000100000,7.661606160000076,51.935636593000027,0,05200508702100743207
05,5,54,008,2020,05,18,5,3,2,6,0,0,1,0,0,0,0,335568.388500000350000,5743879.555900000000000,6.614116469000066,51.821521416000053,0,05200514705000582335
05,5,70,008,2020,05,15,5,3,7,1,0,1,1,0,0,0,0,433519.103199999780000,5733889.137499999300000,8.036907558000053,51.751953117000028,0,05200514711311935328
05,5,66,028,2020,05,05,3,3,3,7,0,0,1,0,0,1,0,413066.122600000350000,5790594.954600000800000,7.726289237000060,52.258866998000030,0,05200512709700272366
05,5,54,064,2020,05,16,3,3,4,6,0,1,0,0,0,0,0,361270.338000000450000,5751254.242000000600000,6.983816070000046,51.894759892000081,0,05200512705000987358
05,5,54,012,2020,05,04,3,3,7,7,2,0,0,0,1,0,0,354916.203099999580000,5741351.677300000600000,6.895691525000075,51.804166501000054,0,05200512705000187394
05,5,13,000,2020,05,05,3,3,5,3,1,0,1,0,0,0,0,364498.115000000220000,5708559.345000000700000,7.047288566000020,51.511891525000067,0,05200512700100446209
05,5,54,020,2020,05,07,5,2,5,3,0,1,1,0,0,0,0,367205.043800000100000,5782255.297499999400000,7.057975149000072,52.174773804000040,0,05200514705000087382
05,5,62,020,2020,05,05,5,3,5,3,0,0,1,0,0,0,0,366856.478000000120000,5719544.019999999600000,7.077093725000054,51.611166806000028,0,05200514701200417200
05,5,54,068,2020,05,18,5,3,5,3,0,1,1,0,0,0,0,350158.397400000130000,5767966.341000000000000,6.815153035000037,52.042033115000038,0,05200514705000864191
05,5,70,028,2020,05,16,2,3,0,2,0,0,1,1,0,0,0,441101.635999999940000,5741762.686200000300000,8.145403148000071,51.823587207000060,0,05200511711411081082
05,5,70,004,2020,05,14,2,3,0,3,0,1,1,0,0,0,0,423358.123700000350000,5736539.559800000900000,7.889151123000033,51.774481333000040,0,05200511711212062090
05,5,66,008,2020,05,16,2,3,2,6,0,0,1,0,0,0,0,399609.788099999540000,5781409.102900000300000,7.531924503000028,52.174016544000040,0,05200511709100068373
05,5,54,008,2020,05,09,2,3,0,6,0,0,1,0,0,0,1,336666.007899999620000,5745689.265599999600000,6.629174116000058,51.838100858000075,0,05200511705000981237
05,5,62,020,2020,05,07,2,3,5,3,0,0,1,0,0,0,0,367498.004599999640000,5718804.162499999600000,7.086632916000042,51.604669391000073,0,05200511701200589201
05,5,13,000,2020,05,11,2,3,5,3,0,0,1,0,0,0,0,365787.862999999900000,5715804.732000000800000,7.063100151000072,51.577310208000029,0,05200511700200390208
05,5,70,008,2020,05,14,5,3,0,6,0,0,0,0,0,1,0,433338.830000000070000,5739825.668999999800000,8.033156324000061,51.805301222000026,0,05200514711314853526
05,5,70,008,2020,05,15,4,3,4,7,0,0,1,0,0,0,0,432835.024000000210000,5739512.902000000700000,8.025910939000028,51.802429161000077,0,05200513711314862090
05,5,66,012,2020,05,10,4,3,4,6,0,1,1,0,0,0,0,403495.027900000100000,5772575.063600000000000,7.591229357000032,52.095309183000040,0,05200513709100536202
05,5,54,048,2020,05,14,4,3,0,6,0,1,1,0,0,0,0,341860.782999999820000,5745392.052999999400000,6.704646786000069,51.836925774000065,1,05200513705000068299
05,5,15,000,2020,05,16,4,3,5,2,0,0,1,0,0,0,0,406370.705799999650000,5751595.165599999900000,7.638927648000049,51.907227411000065,0,05200513702100985203
05,5,15,000,2020,05,08,4,3,0,2,0,1,1,0,0,0,0,400322.383999999610000,5761387.291999999400000,7.548193821000041,51.994191124000054,0,05200513702100936207
05,5,70,016,2020,05,10,1,3,8,1,0,0,1,0,0,0,0,413114.117200000210000,5736734.001800000700000,7.740662039000029,51.774732721000078,0,05200510711221081979
05,5,62,024,2020,05,14,4,3,8,1,0,0,0,1,0,0,1,364339.296900000420000,5724978.846899999300000,7.038656159000027,51.659404640000048,0,05200513701500555202
05,5,70,004,2020,05,11,1,2,5,3,0,1,1,0,0,0,0,422743.094499999660000,5735101.427400000400000,7.880558585000074,51.761468544000081,0,05200510711215376638
05,5,66,012,2020,05,10,1,2,0,3,0,1,0,0,0,0,1,409528.707100000230000,5768662.899100000000000,7.680319835000034,52.061164347000044,0,05200510709110579197
05,5,54,048,2020,05,19,1,3,5,3,0,1,1,0,0,0,0,341495.680800000210000,5745750.712899999700000,6.699187704000053,51.840044465000062,1,05200510705000320853
05,5,15,000,2020,05,08,1,3,1,5,0,1,1,0,0,0,0,407783.890200000260000,5757813.782600000500000,7.657797640000069,51.963359754000066,0,05200510702100249932
05,5,62,008,2020,05,14,1,2,0,7,0,0,0,1,1,0,0,382053.537299999970000,5721329.187100000700000,7.295862808000038,51.630600122000033,0,05200510701910578205
05,5,54,008,2020,05,16,5,3,5,2,0,1,1,0,0,0,0,334331.084599999710000,5743624.232400000100000,6.596302448000074,51.818862341000056,0,05200514705000881625
05,5,70,004,2020,05,17,7,3,0,1,0,1,0,0,0,0,0,422471.238699999640000,5735454.764000000400000,7.876541403000033,51.764607322000074,0,05200509711215970571
05,5,66,028,2020,05,16,7,2,5,2,0,0,1,0,1,0,0,412317.352500000040000,5790667.588300000900000,7.715302750000035,52.259401009000044,0,05200509709700011895
05,5,66,076,2020,05,19,7,3,4,3,0,1,1,0,0,0,0,394260.817999999970000,5795836.478299999600000,7.449219192000044,52.302680698000074,0,05200509709500062050
05,5,66,084,2020,05,11,7,3,0,7,0,1,0,0,0,0,0,386349.412600000390000,5778073.076799999900000,7.339208513000074,52.141464094000071,0,05200509709300074736
05,5,58,016,2020,05,09,7,3,6,4,0,0,1,1,0,0,0,381129.058299999680000,5743501.099999999600000,7.274941106000028,51.829671460000043,0,05200509706100040202
05,5,54,048,2020,05,15,7,3,2,2,0,0,1,0,1,0,0,341462.485000000340000,5744605.945000000300000,6.699230725000064,51.829750499000056,0,05200509705000979006
05,5,54,008,2020,05,17,7,3,5,3,0,1,0,0,0,0,0,337315.073200000450000,5745921.024199999900000,6.638477794000039,51.840372314000035,0,05200509705000868371
05,5,54,008,2020,05,16,7,3,0,6,0,1,0,0,0,0,0,335873.794300000180000,5746053.732799999400000,6.617512772000055,51.841142783000066,0,05200509705000576767
05,5,54,012,2020,05,19,7,2,5,3,0,1,0,0,0,0,0,352453.805999999870000,5745773.948000000800000,6.858119000000045,51.843256053000061,0,05200509705000381798
05,5,15,000,2020,05,20,7,3,5,2,0,0,1,0,0,0,0,407447.519000000320000,5757313.107899999200000,7.653038141000025,51.958803526000054,0,05200509702100792203
05,5,15,000,2020,05,14,7,3,0,7,0,0,1,0,1,0,0,405145.444799999710000,5754985.924599999600000,7.620187493000060,51.937497860000065,0,05200509702100072436
05,5,54,008,2020,05,12,5,3,2,2,0,0,1,0,0,0,1,333221.031200000080000,5743959.296199999700000,6.580050740000047,51.821542149000038,0,05200514705000287340
05,5,70,020,2020,05,20,7,3,0,1,0,0,0,0,1,0,0,432814.149000000210000,5743315.950699999900000,8.024870399000065,51.836615807000044,0,05200516711421753165
05,5,66,056,2020,05,15,6,3,5,3,0,0,1,0,1,0,0,416946.520200000140000,5797262.080600000900000,7.781485264000025,52.319393909000041,0,05200515709700248420
05,5,58,032,2020,05,12,6,3,1,5,0,1,1,0,0,0,0,386736.799100000410000,5754507.532500000700000,7.352671427000075,51.929756178000048,0,05200515706100356203
05,5,15,000,2020,05,16,2,2,3,3,0,1,0,0,0,0,1,405618.123599999580000,5757237.021099999500000,7.626443141000038,51.957812111000067,0,05200518702100268269
05,5,54,020,2020,05,10,6,3,5,3,0,1,1,0,0,0,0,363881.619500000030000,5786978.282099999500000,7.007506706000072,52.216401062000045,0,05200515705000120789
05,5,54,068,2020,05,18,1,3,5,3,0,1,1,0,0,0,0,350053.843200000000000,5767133.414599999800000,6.813994943000068,52.034521547000054,0,05200517705000187348
05,5,15,000,2020,05,10,6,3,6,7,0,0,1,1,0,0,0,403531.927500000220000,5757673.963800000000000,7.595969381000032,51.961381478000078,0,05200515702100378035
05,5,15,000,2020,05,14,6,3,5,3,0,1,0,0,0,0,0,405901.031999999660000,5757240.263000000300000,7.630558198000074,51.957889198000032,0,05200515702100062595
05,5,62,020,2020,05,13,6,3,6,6,0,1,1,1,0,0,0,371490.382100000050000,5716586.576799999900000,7.145063199000049,51.585665491000043,0,05200515701200453205
05,5,62,032,2020,05,15,6,2,5,3,0,1,1,0,0,0,0,374096.817999999970000,5713803.987999999900000,7.183661787000062,51.561246491000077,0,05200515701120511205
05,5,66,096,2020,05,00,7,3,0,7,2,0,0,0,0,0,1,384143.499900000170000,5785427.004599999600000,7.304476875000034,52.207093839000038,0,05200516709300087307
05,5,62,014,2020,05,09,2,3,2,6,0,0,1,0,0,0,0,361974.119699999690000,5713978.482599999800000,7.008814235000045,51.559978278000074,0,05200518701300877201
05,5,70,036,2020,05,06,2,3,0,7,0,1,0,0,0,0,0,433963.536999999550000,5766929.843000000300000,8.037014544000044,52.049036630000046,0,05200518711121106657
05,5,70,004,2020,05,21,1,3,5,7,1,1,0,0,0,0,0,424784.008399999700000,5734351.033900000200000,7.910287692000054,51.755000600000074,0,05200517711214662090
05,5,62,036,2020,05,14,7,2,0,7,0,1,0,0,0,0,0,389043.793200000190000,5719251.616000000400000,7.397474953000028,51.613348959000064,0,05200516701930618200
05,5,62,016,2020,05,18,7,3,6,2,0,0,1,1,0,0,0,374130.417700000110000,5733901.965299999300000,7.176912502000050,51.741873640000051,0,05200516701700320472
05,5,13,000,2020,05,16,1,3,5,3,0,1,1,0,0,0,0,369863.830500000160000,5710422.713800000000000,7.123879959000021,51.529898758000058,0,05200517700100902209
05,5,15,000,2020,05,14,2,3,5,3,0,1,1,0,0,0,0,408532.046000000090000,5753973.948999999100000,7.669705513000054,51.928968570000052,0,05200518702100644586
05,5,54,004,2020,05,18,1,3,2,2,0,0,1,0,0,0,0,363377.131000000050000,5771409.731799999300000,7.006386297000063,52.076388573000031,0,05200517705000787273
05,5,70,024,2020,05,06,2,3,5,3,0,0,1,0,0,0,0,420789.100999999790000,5752927.502000000300000,7.848168948000023,51.921441082000058,0,05200518711161802616
05,5,70,008,2020,05,15,7,3,0,3,0,1,1,0,0,0,0,432356.894399999640000,5733867.855499999600000,8.020077698000023,51.751622646000044,0,05200516711312681132
05,5,15,000,2020,05,07,2,3,3,2,0,1,1,0,0,0,0,407294.122999999670000,5756461.954900000200000,7.651036013000066,51.951127355000040,0,05200518702100088934
05,5,62,028,2020,05,14,1,3,5,3,0,0,1,0,0,0,0,379680.492499999700000,5721971.643400000400000,7.261372144000063,51.635871629000064,0,05200517701920733209
05,5,54,020,2020,05,14,7,3,2,6,0,1,0,0,0,0,0,365363.026600000450000,5786211.015399999900000,7.029482674000064,52.209870927000054,0,05200516705000020854
05,5,13,000,2020,05,12,2,3,5,2,0,0,1,0,0,0,1,368253.888100000100000,5708245.786499999500000,7.101497589000076,51.509961901000054,0,05200518700100023205
05,5,66,088,2020,05,17,2,3,4,1,0,0,1,0,0,0,0,418159.156499999580000,5786463.236500000600000,7.801892206000048,52.222509877000050,0,05200518709800811994
05,5,58,020,2020,05,11,1,3,3,6,0,1,1,0,0,0,0,393916.527999999930000,5761695.138000000300000,7.454832727000053,51.995771238000032,0,05200517706200587342
05,5,70,020,2020,05,01,7,1,8,1,2,1,0,0,0,0,0,433484.958700000310000,5743840.989000000100000,8.034504012000070,51.841416166000045,0,05200523711422276177
05,5,66,040,2020,05,10,7,2,0,7,0,1,0,0,0,0,0,422196.285099999980000,5781286.975600000500000,7.862169692000066,52.176566181000055,0,05200523709800281039
05,5,54,056,2020,05,20,1,3,0,1,1,0,0,0,1,0,0,356696.658999999990000,5763515.021099999500000,6.912281353000026,52.003766787000075,1,05200524705000672375
05,5,58,016,2020,05,08,7,3,0,3,0,1,1,0,0,0,0,383831.973899999630000,5742519.534499999100000,7.314476734000039,51.821418432000030,0,05200523706100676624
05,5,70,028,2020,05,18,6,2,0,7,0,0,1,1,0,0,0,441236.121600000190000,5742270.550599999700000,8.147268045000033,51.828167186000030,1,05200522711412553358
05,5,15,000,2020,05,10,7,3,9,1,0,0,0,0,0,0,1,403795.576899999750000,5749363.712400000500000,7.602128022000045,51.886731361000045,0,05200523702100970612
05,5,70,032,2020,05,20,6,3,9,1,0,0,1,0,0,0,0,418462.944500000220000,5767045.556800000400000,7.810995142000024,52.048013182000034,1,05200522711151979151
05,5,62,028,2020,05,13,6,2,8,1,0,0,1,0,0,0,0,380885.941800000150000,5723076.975299999100000,7.278406229000041,51.646062298000061,0,05200522701920649495
05,5,15,000,2020,05,13,7,3,1,7,0,1,1,0,0,0,0,405226.597000000070000,5756545.084000000700000,7.620937815000048,51.951526095000077,0,05200523702100424843
05,5,62,004,2020,05,00,7,2,8,1,2,0,1,0,0,0,0,382494.809200000020000,5713353.691600000500000,7.304906537000022,51.559011603000044,0,05200523701800030201
05,5,15,000,2020,05,12,1,3,5,3,0,1,1,0,0,0,0,406195.159900000320000,5752282.602199999600000,7.636189358000024,51.913376934000041,0,05200524702100462207
05,5,62,014,2020,05,15,7,2,9,7,0,0,1,0,0,0,0,363220.701000000350000,5712579.786699999100000,7.027330076000055,51.547712836000073,0,05200523701300108209
05,5,62,032,2020,05,16,7,3,2,6,0,0,1,0,0,0,0,376299.151399999860000,5717428.126800000700000,7.214140442000030,51.594304826000041,0,05200523701110109208
05,5,54,048,2020,05,02,1,2,3,6,2,1,0,0,0,0,0,341003.093700000080000,5745561.855599999400000,6.692130469000063,51.838207766000039,0,05200524705000687338
05,5,70,052,2020,05,18,5,3,4,1,0,1,0,0,0,0,0,429668.787899999880000,5756580.839199999300000,7.976520551000021,51.955475726000032,0,05200521711112245696
05,5,13,000,2020,05,20,7,3,0,1,1,0,1,0,1,0,0,364838.373300000090000,5714979.565999999600000,7.049723462000031,51.569668069000045,1,05200523700200573200
05,5,66,040,2020,05,22,5,2,8,1,2,0,1,0,0,0,0,421845.179800000040000,5779438.613199999600000,7.857461800000067,52.159901791000038,0,05200521709800400966
05,5,54,008,2020,05,19,5,3,6,2,0,1,0,1,0,0,0,336720.086500000210000,5745289.981499999800000,6.630146766000053,51.834529697000050,0,05200521705000887403
05,5,54,060,2020,05,19,5,3,7,5,0,1,1,0,0,0,0,349437.758000000380000,5755641.951600000300000,6.810063493000030,51.931110767000064,0,05200521705000787298
05,5,54,020,2020,05,16,5,3,0,3,0,1,1,0,0,0,0,366004.389999999660000,5785954.340800000400000,7.038965139000027,52.207720928000072,0,05200521705000520896
05,5,54,004,2020,05,17,5,3,0,2,0,1,0,0,0,0,0,357420.457799999970000,5771269.778699999700000,6.919585147000021,52.073629452000034,0,05200521705000087283
05,5,66,008,2020,05,10,3,3,5,3,0,1,1,0,0,0,0,399660.238900000230000,5781458.253900000800000,7.532647480000037,52.174467477000064,0,05200519709000070516
05,5,54,020,2020,05,12,1,3,5,3,0,0,1,0,0,0,0,364002.340400000100000,5786627.886299999400000,7.009413451000057,52.213282497000080,0,05200524705000081549