ULAND,UREGBEZ,UKREIS,UGEMEINDE,UJAHR,UMONAT,USTUNDE,UWOCHENTAG,UKATEGORIE,UART,UTYP1,ULICHTVERH,IstRad,IstPKW,IstFuss,IstKrad,IstGkfz,IstSonstige,LINREFX,LINREFY,XGCSWGS84,YGCSWGS84,STRZUSTAND,UIDENTSTLAE
05,5,58,012,2020,05,16,3,2,0,1,0,0,1,0,0,0,1,372591.679999999700000,5757114.423599999400000,7.146085362000065,51.950124811000080,0,05200519706000051444
05,5,54,004,2020,05,15,3,3,0,7,0,1,1,0,0,0,0,363298.149400000460000,5771290.929700000200000,7.005282141000066,52.075301598000067,0,05200519705000587229
05,5,15,000,2020,05,14,3,3,6,7,0,0,1,1,0,0,0,408979.779699999840000,5762683.698300000300000,7.673906349000049,52.007330428000046,0,05200519702100960729
05,5,15,000,2020,05,13,3,3,0,6,0,1,1,0,0,0,0,405192.524500000290000,5759645.565899999800000,7.619586147000064,51.979388663000066,0,05200519702100787529
05,5,15,000,2020,05,14,3,3,5,7,0,1,0,0,1,0,0,411482.326000000350000,5761478.928999999500000,7.710667602000058,51.996905880000043,0,05200519702100565912
05,5,70,052,2020,05,05,4,3,5,3,1,0,1,0,0,0,0,434363.642900000330000,5754877.875700000700000,8.045155967000028,51.940740425000058,0,05200520711115269112
05,5,15,000,2020,05,17,3,3,0,2,0,1,1,0,0,0,0,406042.438500000160000,5756997.988500000900000,7.632681741000056,51.955735435000065,0,05200519702100069780
05,5,70,052,2020,05,22,4,2,0,1,2,1,0,0,0,0,0,429687.414300000300000,5755699.251299999700000,7.976971937000030,51.947552960000053,0,05200520711111987328
05,5,13,000,2020,05,10,3,3,5,3,0,0,1,0,0,0,0,365054.379200000320000,5719070.333100000400000,7.051265603000047,51.606481039000073,0,05200519700200154209
05,5,66,040,2020,05,17,4,2,5,3,0,1,1,0,0,0,0,421706.252000000330000,5781321.201999999600000,7.854996912000047,52.176804515000072,0,05200520709800012392
05,5,54,056,2020,05,10,4,3,0,1,0,1,0,0,0,0,0,357136.714100000450000,5763144.492300000000000,6.918842198000050,52.000550989000033,0,05200520705000568647
05,5,54,020,2020,05,16,4,2,0,2,0,0,1,1,0,0,1,366473.779900000430000,5786353.341900000300000,7.045672991000060,52.211420033000081,0,05200520705000081024
05,5,15,000,2020,05,14,4,3,0,7,0,1,0,1,0,0,0,406195.050300000240000,5757031.426500000100000,7.634892814000068,51.956061756000054,0,05200520702100444592
05,5,62,028,2020,05,18,4,3,5,3,0,1,0,0,0,0,0,379035.001000000160000,5723065.355000000400000,7.251671319000025,51.645562726000037,0,05200520701920985435
05,5,62,004,2020,05,13,4,3,5,3,0,0,1,0,0,0,0,383276.110100000170000,5712748.115800000700000,7.316373105000025,51.553731062000054,0,05200520701800582204
05,5,62,024,2020,05,10,4,3,3,6,0,0,1,0,1,0,0,368846.775999999610000,5723735.284000000000000,7.104251357000067,51.649299199000041,0,05200520701500395208
05,5,13,000,2020,05,20,1,3,5,3,1,0,1,0,0,0,0,367681.402300000190000,5709255.888199999900000,7.092873630000042,51.518905632000042,1,05200524700100611208
05,5,13,000,2020,05,19,1,3,5,3,0,0,1,0,1,0,0,367135.724000000390000,5708791.751000000200000,7.085188375000030,51.514606494000077,1,05200524700100609209
05,5,62,032,2020,05,10,3,3,5,3,0,1,0,0,0,0,1,376643.438000000080000,5717691.039000000800000,7.219015852000041,51.596743174000039,0,05200526701110715205
05,5,62,032,2020,05,10,4,3,5,7,0,1,1,0,0,0,0,380551.887400000360000,5717924.964400000900000,7.275337215000036,51.599687958000061,0,05200527701110012207
05,5,54,020,2020,05,13,3,3,2,5,0,0,1,0,0,0,0,365434.156000000420000,5783591.845000000700000,7.031563377000055,52.186354160000064,0,05200526705000020854
05,5,62,020,2020,05,20,4,2,0,1,0,1,0,0,0,0,0,370488.903800000440000,5717883.533500000800000,7.130137253000044,51.597091701000068,0,05200527701200168208
05,5,66,064,2020,05,10,3,3,5,3,0,1,1,0,0,0,0,395772.444600000050000,5771415.051799999500000,7.478891854000040,52.083482669000034,0,05200526709100076750
05,5,54,008,2020,05,19,4,3,0,7,0,1,0,1,0,0,0,333589.027200000360000,5748257.256100000800000,6.583317669000053,51.860261305000051,0,05200527705000517282
05,5,66,008,2020,05,19,2,3,0,7,0,0,0,0,0,0,1,397607.814500000330000,5781908.422800000800000,7.502508258000034,52.178136369000072,0,05200525709100425692
05,5,58,036,2020,05,19,2,2,8,1,0,1,0,0,0,0,0,388328.404600000010000,5730604.866699999200000,7.383518972000047,51.715249395000058,0,05200525706300281019
05,5,54,020,2020,05,16,2,2,2,6,0,0,1,0,0,0,0,365292.345999999900000,5784192.485099999200000,7.029251602000045,52.191716503000066,0,05200525705000820955
05,5,54,008,2020,05,10,2,3,5,2,0,1,0,0,0,0,1,335215.477900000290000,5746047.043899999900000,6.607968683000024,51.840888833000065,0,05200525705000781237
05,5,15,000,2020,05,13,2,3,5,3,0,1,1,0,0,0,0,404397.351300000210000,5759053.811599999700000,7.608176818000061,51.973933524000074,0,05200525702100670298
05,5,15,000,2020,05,11,2,3,3,6,0,1,1,0,0,0,0,403795.336600000040000,5757413.120999999300000,7.599874948000036,51.959082578000050,0,05200525702100066481
05,5,62,004,2020,05,15,2,3,5,3,0,1,1,0,0,0,0,383409.856499999760000,5713332.117599999500000,7.318107735000069,51.559007589000032,0,05200525701800523204
05,5,70,016,2020,05,15,3,2,6,7,0,0,1,1,0,0,0,413866.393000000160000,5739114.748900000000000,7.750971863000075,51.796249893000038,0,05200526711221081979
05,5,66,028,2020,05,10,4,2,0,4,0,0,0,1,0,1,0,412081.793999999760000,5792376.167199999100000,7.711407148000035,52.274720586000058,0,05200527709700947179
05,5,62,016,2020,05,19,2,3,5,3,0,1,1,0,0,0,0,373212.567599999720000,5733212.349099999300000,7.163877032000073,51.735469328000079,0,05200525701700563208
05,5,62,016,2020,05,15,2,1,5,3,0,1,0,0,0,1,0,374097.186999999920000,5734234.661000000300000,7.176311040000030,51.744856043000027,0,05200525701700526201
05,5,54,056,2020,05,08,3,3,5,3,0,1,1,0,0,0,0,355669.805999999870000,5762359.131999999300000,6.897819189000074,51.993115241000055,0,05200526705000721214
05,5,15,000,2020,05,07,4,3,6,2,0,0,0,1,1,0,0,408027.599000000390000,5753054.017000000900000,7.662616888000059,51.920616526000060,0,05200527702100668281
05,5,62,024,2020,05,14,2,3,5,3,0,1,0,0,0,0,1,368945.096800000410000,5725966.428400000600000,7.104835206000075,51.669372442000054,0,05200525701500504201
05,5,62,014,2020,05,10,3,3,2,2,0,0,1,0,0,0,0,358915.335400000210000,5713153.684599999300000,6.965048206000063,51.551809885000068,0,05200526701300585370
05,5,13,000,2020,05,17,2,3,5,3,0,1,1,0,0,0,0,365307.646099999550000,5719431.010999999900000,7.054782165000063,51.609782863000078,0,05200525700200726206
05,5,62,032,2020,05,17,4,3,0,6,0,1,1,0,0,0,0,371574.084800000300000,5722093.582699999200000,7.144253166000055,51.635175166000067,0,05200527701110148206
05,5,13,000,2020,05,17,2,3,6,4,0,0,1,1,0,0,0,366793.413599999620000,5705923.373900000000000,7.081341183000063,51.488748710000038,0,05200525700100875466
05,5,13,000,2020,05,15,2,2,6,4,0,0,1,1,0,0,0,367744.548200000080000,5708458.546099999900000,7.094082393000065,51.511754927000027,0,05200525700100722200
05,5,66,008,2020,05,13,3,3,5,3,0,1,0,0,0,0,0,400083.524000000210000,5781567.812000000800000,7.538803078000058,52.175528973000041,0,05200526709100842437
05,5,54,044,2020,05,20,3,3,8,1,0,0,0,0,1,0,0,365211.015499999750000,5740350.472699999800000,7.045300300000065,51.797746172000075,0,05200526705000287244
05,5,62,014,2020,05,17,4,3,4,2,0,0,1,0,1,0,0,358455.358000000010000,5715710.638000000300000,6.957388584000057,51.574671242000079,0,05200527701300146208
05,5,58,004,2020,05,22,4,2,8,2,2,0,1,0,0,0,0,403703.307599999940000,5737403.035800000700000,7.604116205000025,51.779206434000059,0,05200527706300587272
05,5,70,008,2020,05,19,3,3,5,3,0,0,1,0,0,0,0,433827.310999999750000,5732942.310000000500000,8.041551989000027,51.743477552000058,0,05200526711312382312
05,5,58,016,2020,05,16,3,3,4,2,0,1,0,0,0,0,0,381159.890499999750000,5743571.838800000000000,7.275364036000042,51.830313760000081,0,05200526706100766202
05,5,54,008,2020,05,18,4,2,5,2,0,1,1,0,0,0,0,334271.907300000080000,5746285.265699999400000,6.594170566000059,51.842749630000071,0,05200527705000169813
05,5,62,012,2020,05,06,3,2,0,1,0,0,0,0,1,0,0,360428.241299999880000,5724448.436200000300000,6.982360218000054,51.653680826000027,0,05200526701610605202
05,5,62,020,2020,05,16,4,3,5,3,0,0,1,0,0,0,0,369198.972099999900000,5720577.952700000300000,7.110518957000068,51.621007500000076,0,05200527701200138205
05,5,70,004,2020,05,12,3,3,8,7,0,0,1,1,0,0,0,423409.457999999630000,5735065.775000000400000,7.890219992000027,51.761239585000055,0,05200526711211176638
05,5,66,076,2020,05,14,4,3,2,6,0,0,1,0,0,0,0,393646.025700000110000,5794272.957499999600000,7.440699867000035,52.288510365000036,0,05200527709500569125
05,5,54,068,2020,05,16,3,3,2,2,0,0,1,0,1,0,0,350674.898199999700000,5766560.504599999600000,6.823292049000031,52.029541855000048,0,05200526705000581101
05,5,62,014,2020,05,20,4,3,5,3,0,0,1,0,1,0,0,360814.004800000230000,5714463.701500000400000,6.991897113000050,51.564053427000033,0,05200527701300167209
05,5,66,068,2020,05,13,7,3,0,4,0,0,1,1,0,0,0,377314.850800000130000,5785680.619200000500000,7.204501556000025,52.207895140000062,0,05200530709300440735
05,5,66,012,2020,05,09,7,3,5,3,0,1,0,0,0,0,0,405201.774799999780000,5772801.048200000100000,7.616073489000030,52.097635416000060,0,05200530709100838292
05,5,58,012,2020,05,11,7,3,0,7,0,1,1,0,0,0,0,373903.640499999750000,5757005.864600000900000,7.165204852000045,51.949448219000033,0,05200530706200803122
05,5,54,020,2020,05,23,7,3,8,1,2,1,0,0,0,0,0,366429.532700000330000,5786172.785000000100000,7.045097023000039,52.209786935000068,0,05200530705000520854
05,5,54,008,2020,05,11,7,3,2,2,0,1,1,0,0,0,0,336762.998700000350000,5748113.997999999700000,6.629435938000029,51.859911778000026,0,05200530705000070633
05,5,15,000,2020,05,11,7,3,0,6,0,1,0,0,0,0,0,404889.768000000160000,5757235.598899999600000,7.615846972000043,51.957675222000034,0,05200530702100062595
05,5,62,016,2020,05,18,7,3,1,7,0,1,1,0,0,0,0,378708.172199999910000,5734155.696100000300000,7.243093706000025,51.745163494000053,0,05200530701700833204
05,5,62,032,2020,05,10,7,2,0,7,0,0,1,0,0,0,0,375891.374900000170000,5719764.975099999500000,7.207429421000029,51.615216775000079,0,05200530701110796205
05,5,13,000,2020,05,11,7,2,5,3,0,1,1,0,0,0,0,362621.231999999840000,5711370.424000000600000,7.019161986000029,51.536699536000071,0,05200530700200187202
05,5,13,000,2020,05,03,7,3,5,3,2,0,1,0,0,0,0,366917.260300000200000,5713738.439899999600000,7.080171833000065,51.559009106000076,0,05200530700200164203
05,5,70,004,2020,05,12,5,3,2,6,0,0,1,0,0,0,0,422913.764100000260000,5735282.792199999100000,7.882990817000064,51.763122465000038,0,05200528711211153519
05,5,66,028,2020,05,19,5,2,0,1,0,1,0,0,0,0,0,412647.440999999640000,5792562.074899999400000,7.719647272000032,52.276481743000033,0,05200528709700069191
05,5,66,084,2020,05,17,5,3,0,3,0,1,0,0,0,0,0,386193.699699999760000,5778925.260500000800000,7.336648698000033,52.149090565000051,0,05200528709300872411
05,5,66,044,2020,05,16,5,3,6,4,0,0,1,1,0,0,0,430021.759899999950000,5777780.664400000100000,7.977314244000070,52.146095091000063,0,05200528709000381046
05,5,70,052,2020,05,15,1,3,5,3,0,1,1,0,0,0,0,430337.691999999810000,5755188.677999999400000,7.986535146000051,51.943044913000051,0,05200531711112469112
05,5,66,060,2020,05,21,1,3,4,6,0,1,1,0,0,0,0,390488.506000000050000,5786237.292600000300000,7.397031373000061,52.215673314000071,0,05200531709500143201
05,5,66,048,2020,05,14,5,3,5,3,0,1,0,0,1,0,0,430379.981499999760000,5795725.965900000200000,7.978854183000067,52.307454028000052,0,05200528709000352883
05,5,58,008,2020,05,14,5,2,6,7,0,0,1,1,0,0,0,382459.472000000070000,5759847.459000000700000,7.288663838000048,51.976859436000041,0,05200528706200321291
05,5,58,012,2020,05,10,5,3,5,3,0,0,1,0,0,0,0,373558.459699999540000,5755612.061000000700000,7.160697541000047,51.936844575000066,0,05200528706200081437
05,5,54,044,2020,05,13,1,3,5,3,0,1,1,0,0,0,0,368784.953800000250000,5740987.649000000200000,7.096856869000021,51.804321960000038,0,05200531705000638824
05,5,54,012,2020,05,11,5,3,5,3,0,0,1,0,0,0,0,353093.288999999870000,5745344.116000000400000,6.867577766000068,51.839562634000060,0,05200528705000820713
05,5,54,040,2020,05,14,5,3,2,1,0,1,0,0,0,0,0,350241.320700000040000,5737170.437400000200000,6.829742601000021,51.765366300000039,0,05200528705000187346
05,5,54,008,2020,05,12,5,3,5,3,0,1,1,0,0,0,0,337204.251400000420000,5745580.674399999900000,6.637030740000057,51.837282470000048,0,05200528705000087235
05,5,54,008,2020,05,19,1,2,0,1,0,0,0,0,1,0,0,338037.803000000310000,5746310.122600000400000,6.648777142000029,51.844077897000034,0,05200531705000365869
05,5,15,000,2020,05,17,5,3,5,2,0,1,1,0,0,0,0,404403.814899999650000,5755372.511800000400000,7.609295252000038,51.940845747000026,0,05200528702100736206
05,5,15,000,2020,05,17,5,3,0,1,0,1,1,0,0,0,0,405115.634100000370000,5755200.295199999600000,7.619694843000048,51.939419635000036,0,05200528702100353125
05,5,62,012,2020,05,16,5,3,5,3,0,1,1,0,0,0,0,360415.441300000060000,5726370.873800000200000,6.981407531000059,51.670952470000032,0,05200528701610585436
05,5,62,020,2020,05,10,5,3,5,5,0,1,1,0,0,0,0,370414.278800000440000,5718861.560000000500000,7.128699090000055,51.605863840000040,0,05200528701200585484
05,5,15,000,2020,05,18,1,3,5,3,0,0,1,0,0,0,0,404650.895499999630000,5752740.419500000800000,7.613617883000075,51.917229763000080,0,05200531702100597729
05,5,15,000,2020,05,02,1,3,3,6,2,1,0,0,0,0,0,403027.151999999770000,5758700.009400000800000,7.588335338000036,51.970516051000061,0,05200531702100472433
05,5,13,000,2020,05,15,5,3,5,2,0,1,1,0,0,0,0,364497.316999999810000,5713453.453999999900000,7.045393646000036,51.555871969000066,0,05200528700200775758
05,5,70,004,2020,05,16,6,3,5,3,0,1,1,0,0,0,0,424569.701600000260000,5735055.278400000200000,7.907030619000068,51.761302720000060,0,05200529711213774480
05,5,66,040,2020,05,07,6,3,4,1,0,1,0,0,0,0,0,422182.787899999880000,5781850.028000000900000,7.861843147000059,52.181625504000067,0,05200529709800870347
05,5,66,028,2020,05,18,6,2,0,1,0,1,0,0,0,0,0,417668.509999999780000,5790184.132999999400000,7.793804606000037,52.255882403000044,0,05200529709700069191
05,5,66,076,2020,05,23,6,3,1,5,2,1,1,0,0,0,0,394025.744199999610000,5794732.074699999800000,7.446120453000049,52.292709904000048,0,05200529709500328400
05,5,66,012,2020,05,12,6,3,5,5,0,0,0,0,0,0,1,405996.176099999810000,5771100.452299999100000,7.628136003000066,52.082485594000048,0,05200529709100102208
05,5,58,012,2020,05,15,6,3,5,3,0,1,1,0,0,0,0,373096.291000000200000,5756777.409000000000000,7.153548233000038,51.947211630000027,0,05200529706200827953
05,5,62,016,2020,05,19,1,3,1,3,0,1,1,0,0,0,0,375109.875000000000000,5733969.040999999300000,7.191067169000064,51.742695583000057,0,05200531701700943207
05,5,62,004,2020,05,13,6,3,1,7,0,0,1,0,0,0,0,382797.200400000440000,5714281.132799999800000,7.308957446000022,51.567410092000046,0,05200529701800658207
05,5,62,016,2020,05,13,6,3,3,2,0,1,1,0,0,0,0,374876.140200000260000,5733045.754200000300000,7.188015542000073,51.734345993000034,0,05200529701700635208
05,5,62,020,2020,05,11,6,3,1,5,0,0,1,0,0,0,1,371462.506400000300000,5718730.440600000300000,7.143875646000026,51.604925738000077,0,05200529701200608202
05,5,62,032,2020,05,14,6,3,5,3,0,1,1,0,0,0,0,375135.553299999800000,5717262.492100000400000,7.197409517000040,51.592559536000067,0,05200529701110668208
05,5,13,000,2020,05,02,6,2,9,7,2,0,1,0,0,0,0,365542.559700000100000,5715927.779600000000000,7.059515101000045,51.578357510000046,0,05200529700200073203
05,5,13,000,2020,05,16,6,3,5,2,0,0,1,0,1,0,0,366636.836799999700000,5708392.098700000000000,7.078154051000070,51.510897414000056,0,05200529700100144201
05,5,13,000,2020,05,17,6,3,2,2,0,1,0,0,0,0,0,367724.965499999930000,5706580.431500000900000,7.094504668000070,51.494872208000061,0,05200529700000615749
05,5,13,000,2020,05,20,1,3,0,4,0,0,1,1,0,0,0,369071.377000000330000,5708480.043700000300000,7.113183972000059,51.512257147000071,0,05200531700100254204
05,5,13,000,2020,05,18,1,3,5,3,0,1,0,0,0,0,0,369073.379399999980000,5707213.052300000600000,7.113683192000053,51.500871363000044,0,05200531700100241206
05,5,70,004,2020,06,22,3,2,5,3,2,0,1,0,0,0,0,423172.826000000350000,5733599.262000000100000,7.887116070000047,51.748023748000037,0,05200602711214372377
05,5,54,044,2020,06,22,3,3,0,1,1,1,0,0,0,0,0,365224.772099999710000,5740572.926200000600000,7.045413209000060,51.799748461000036,0,05200602705000338824
05,5,54,068,2020,06,15,4,3,5,3,0,1,0,0,0,0,0,350591.327600000430000,5767283.766300000300000,6.821758900000020,52.036017428000036,0,05200603705000321097
05,5,58,012,2020,06,15,5,3,0,7,0,0,1,0,0,0,0,375270.184000000360000,5755126.326999999600000,7.185759949000044,51.932865793000076,0,05200604706200787335
05,5,62,032,2020,06,13,4,3,4,6,0,0,0,0,0,1,0,376936.673899999820000,5716360.884999999800000,7.223713749000069,51.584852872000056,0,05200603701110385383
05,5,66,084,2020,06,15,3,3,8,1,0,0,1,0,0,0,0,388307.698900000190000,5780644.037799999100000,7.366967100000068,52.164968909000038,0,05200602709300412229
05,5,62,012,2020,06,08,3,3,1,5,0,0,1,0,0,0,0,356591.800900000150000,5724267.118100000500000,6.927013836000072,51.651086014000043,0,05200602701610089200
05,5,70,004,2020,06,16,4,3,1,5,0,1,1,0,0,0,0,425787.655500000340000,5734637.742499999700000,7.924764307000032,51.757711925000081,0,05200603711213668996
05,5,15,000,2020,06,19,4,3,5,3,0,0,1,0,0,0,0,407042.531999999660000,5757868.790300000500000,7.646995546000028,51.963730724000072,0,05200603702100142451
05,5,15,000,2020,06,13,5,3,0,3,0,1,1,0,0,0,0,399109.804899999870000,5757238.116800000900000,7.531758584000045,51.956679204000068,1,05200604702100268057
05,5,13,000,2020,06,11,4,3,5,3,0,0,1,0,0,0,0,365391.684600000270000,5713750.445699999100000,7.058173076000060,51.558754995000072,0,05200603700000937293
05,5,70,040,2020,06,15,3,3,5,3,0,1,1,0,0,0,0,419484.501899999570000,5744777.653200000500000,7.831104618000040,51.847992840000074,0,05200602711231568996
05,5,58,016,2020,06,21,3,3,0,7,1,1,0,0,0,0,0,381600.794800000270000,5743800.667999999600000,7.281681148000075,51.832463912000037,0,05200602706100887296
05,5,70,052,2020,06,09,2,3,5,5,0,0,1,0,0,0,0,428683.457700000140000,5753288.235700000100000,7.962867135000067,51.925751127000069,0,05200601711114676757
05,5,66,084,2020,06,13,5,3,5,2,0,0,1,0,1,0,0,385434.479399999600000,5779224.718399999700000,7.325456338000038,52.151624787000060,1,05200604709300674741
05,5,62,020,2020,06,19,4,3,5,7,0,1,1,0,0,0,0,372408.860600000250000,5718014.568800000500000,7.157794113000023,51.598707473000047,0,05200603701200676204
05,5,13,000,2020,06,12,3,3,0,2,0,1,1,0,0,0,0,362946.923200000080000,5717483.452099999400000,7.021471464000058,51.591712019000056,0,05200602700200402205
05,5,58,016,2020,06,15,2,3,6,2,0,0,1,1,0,0,0,381244.758899999780000,5743411.166600000100000,7.276650192000034,51.828887824000049,0,05200601706000387372
05,5,66,084,2020,06,09,4,2,9,7,0,1,0,0,0,0,0,385920.381099999880000,5778784.535499999300000,7.332703054000035,52.147769491000076,0,05200603709300668304
05,5,54,020,2020,06,17,2,2,0,7,0,1,0,0,0,0,0,365355.585199999620000,5786563.123900000000000,7.029233785000031,52.213032914000053,0,05200601705000380992
05,5,13,000,2020,06,11,5,3,6,7,0,0,1,1,0,0,0,362924.582399999720000,5710723.766499999900000,7.023784878000072,51.530962205000037,1,05200604700200662205
05,5,15,000,2020,06,11,2,3,5,2,0,1,1,0,0,0,0,403795.305200000290000,5761083.619100000700000,7.598845544000028,51.992074136000042,0,05200601702100845200
05,5,62,014,2020,06,13,2,3,0,1,0,1,0,0,0,0,0,360211.368800000290000,5716914.368100000500000,6.982233150000070,51.585926149000045,0,05200601701300486110
05,5,13,000,2020,06,13,2,3,6,7,0,0,1,1,0,0,0,366819.074900000360000,5709120.127800000800000,7.080503569000030,51.517482945000040,0,05200601700100285206
05,5,66,076,2020,06,06,3,2,5,3,0,1,0,0,0,0,1,393553.168499999680000,5793282.965900000200000,7.439651636000065,52.279595147000066,0,05200602709500142490
05,5,54,008,2020,06,15,3,3,0,3,0,1,1,0,0,0,0,336295.593000000340000,5747409.615000000200000,6.622988106000037,51.853447090000031,0,05200602705000087252
05,5,54,020,2020,06,13,4,3,5,5,0,1,0,0,0,0,1,365904.385099999610000,5786333.692299999300000,7.037352240000075,52.211105214000042,0,05200603705000020950
05,5,15,000,2020,06,18,5,3,0,3,0,1,1,0,0,0,0,408585.363800000400000,5753207.117799999200000,7.670684402000063,51.922084551000069,1,05200604702100668281
05,5,13,000,2020,06,13,4,3,0,7,0,1,0,0,0,0,0,362571.879999999890000,5717876.140000000600000,7.015906953000069,51.595149430000049,1,05200603700200560205
05,5,62,032,2020,06,11,3,3,1,6,0,0,1,0,1,0,0,376584.341799999590000,5716227.353800000600000,7.218677799000034,51.583575742000050,0,05200602701110229208
05,5,66,060,2020,06,12,4,2,5,2,0,0,1,0,0,1,0,391447.006199999710000,5789478.370600000000000,7.410014981000074,52.244991027000026,0,05200603709500942490
05,5,66,060,2020,06,10,3,3,5,3,0,1,1,0,0,0,0,388074.957000000400000,5788684.416899999600000,7.360908837000068,52.237180441000078,0,05200602709300385207
05,5,70,052,2020,06,09,5,3,0,3,0,1,0,0,0,0,0,429980.252000000330000,5756072.482999999100000,7.981155876000059,51.950945109000031,1,05200604711112048067
05,5,62,004,2020,06,18,4,3,6,6,0,1,0,1,0,0,0,383397.037800000050000,5714344.010500000800000,7.317587218000028,51.568099580000080,0,05200603701800673207
05,5,62,024,2020,06,19,5,3,1,6,1,0,1,0,0,0,0,368876.214399999940000,5725906.658700000500000,7.103862129000049,51.668819247000044,1,05200604701500980207
05,5,58,032,2020,06,12,3,3,2,6,0,0,1,0,0,0,0,386874.216199999680000,5754346.035700000800000,7.354722255000070,51.928332693000073,0,05200609706000436378
05,5,66,008,2020,06,02,1,3,0,6,2,1,1,0,0,0,0,399978.422500000340000,5781275.911599999300000,7.537352662000046,52.172886400000039,0,05200607709100053107
05,5,15,000,2020,06,18,1,3,1,1,0,1,1,0,0,0,0,405644.282499999740000,5756079.591700000700000,7.627141520000066,51.947413057000063,0,05200607702100165831
05,5,15,000,2020,06,14,1,2,0,1,0,1,0,0,0,0,0,408592.908400000070000,5756839.352199999600000,7.669828719000066,51.954734600000052,0,05200607702100079200
05,5,66,012,2020,06,09,2,3,6,6,0,1,0,1,0,0,0,405017.957999999630000,5772226.356000000600000,7.613551027000028,52.092438455000035,0,05200608709100702638
05,5,58,032,2020,06,11,2,3,0,7,0,0,0,0,1,0,0,391501.980200000110000,5751119.520999999700000,7.423015761000045,51.900255073000039,1,05200608706100879121
05,5,54,020,2020,06,17,2,3,0,1,0,0,0,0,1,0,0,365377.739299999550000,5786600.012499999300000,7.029543171000057,52.213369782000029,0,05200608705000287382
05,5,62,024,2020,06,10,3,3,5,3,0,1,1,0,0,0,0,370401.384800000120000,5727215.871500000400000,7.125418498000045,51.680938547000039,0,05200609701500942204
05,5,54,020,2020,06,15,2,3,5,7,0,1,1,0,0,0,0,365282.626199999820000,5786431.318399999300000,7.028219038000032,52.211830769000073,0,05200608705000287251
05,5,15,000,2020,06,15,2,2,1,1,0,1,1,0,0,0,0,405387.783999999990000,5759291.460000000900000,7.622525907000068,51.976239104000058,1,05200608702100753162
05,5,62,036,2020,06,16,2,2,6,7,0,0,0,1,0,0,1,388382.712199999950000,5720244.737400000900000,7.387614749000022,51.622144431000038,0,05200608701930547339
05,5,62,004,2020,06,22,2,3,2,6,2,1,0,0,0,0,0,385827.636900000270000,5717541.276100000400000,7.351601774000073,51.597333615000082,0,05200608701800085664
05,5,62,012,2020,06,10,2,3,0,7,0,0,1,1,0,0,0,359489.647699999620000,5725201.613500000900000,6.968498429000022,51.660214938000081,0,05200608701601085411
05,5,62,014,2020,06,13,2,2,5,2,0,0,1,0,0,0,0,360573.995400000360000,5713367.992799999200000,6.988871182000025,51.554148003000080,0,05200608701300785395
05,5,13,000,2020,06,08,2,3,2,6,0,0,1,0,0,0,0,365677.100999999790000,5712301.028899999300000,7.062841407000065,51.545797848000063,0,05200608700200977207
05,5,70,008,2020,06,13,7,3,8,1,0,1,0,0,0,0,0,432607.399100000040000,5733529.599700000100000,8.023771668000052,51.748611910000079,0,05200606711312939972
05,5,13,000,2020,06,16,2,3,0,7,0,0,1,1,0,0,0,366972.617100000380000,5709216.022399999200000,7.082678996000027,51.518380896000053,0,05200608700000871515
05,5,66,076,2020,06,16,7,3,5,3,0,0,1,0,0,0,0,391738.668300000020000,5793873.304600000400000,7.412875215000042,52.284546201000069,0,05200606709500331206
05,5,58,036,2020,06,13,7,3,0,7,0,1,0,0,0,0,0,388326.531999999660000,5729831.302999999400000,7.383739767000066,51.708296371000074,0,05200606706300076729
05,5,54,064,2020,06,20,7,3,9,1,1,1,0,0,0,0,0,362166.814600000160000,5751087.750600000800000,6.996902650000038,51.893486284000062,0,05200606705000021129
05,5,15,000,2020,06,13,7,3,0,1,0,1,0,0,0,0,0,405425.104700000030000,5758253.704900000200000,7.623355014000026,51.966917695000063,1,05200606702100665831
05,5,15,000,2020,06,19,7,3,1,6,0,1,1,0,0,0,0,410054.630400000140000,5753325.186400000000000,7.692012984000030,51.923385141000040,0,05200606702100460669
05,5,58,032,2020,06,19,3,3,4,7,0,0,1,0,1,0,0,386832.300999999980000,5754213.464999999900000,7.354156514000067,51.927132714000038,0,05200609706000847456
05,5,62,020,2020,06,16,7,3,0,7,0,0,0,0,0,0,1,370162.627899999730000,5721245.713600000400000,7.124183822000020,51.627231612000060,1,05200606701200329203
05,5,13,000,2020,06,17,3,3,0,6,0,0,1,0,0,0,1,367766.832899999800000,5706661.503699999300000,7.095077053000068,51.495610579000072,0,05200609700100182200
05,5,54,020,2020,06,14,3,3,5,2,0,1,1,0,0,0,0,366743.292399999690000,5786733.526699999300000,7.049465499000064,52.214901391000069,0,05200609705000820950
05,5,70,028,2020,06,13,6,3,8,1,0,0,1,0,0,0,0,442556.555700000380000,5744075.457200000100000,8.166127167000070,51.844531106000034,0,05200605711413010761
05,5,70,016,2020,06,15,6,2,8,1,0,0,1,0,0,0,0,414478.187300000340000,5741299.276599999500000,7.759302212000023,51.815980824000064,1,05200605711221502599