ULAND,UREGBEZ,UKREIS,UGEMEINDE,UJAHR,UMONAT,USTUNDE,UWOCHENTAG,UKATEGORIE,UART,UTYP1,ULICHTVERH,IstRad,IstPKW,IstFuss,IstKrad,IstGkfz,IstSonstige,LINREFX,LINREFY,XGCSWGS84,YGCSWGS84,STRZUSTAND,UIDENTSTLAE
05,5,70,004,2020,06,15,6,3,5,3,0,0,1,0,0,0,0,423621.359199999830000,5735848.734699999900000,7.893117636000056,51.768307055000037,1,05200605711211276718
05,5,66,028,2020,06,13,6,3,4,6,0,0,1,0,1,0,0,416126.660600000060000,5791537.348999999500000,7.770885066000062,52.267812863000074,1,05200605709700042445
05,5,66,076,2020,06,16,6,2,5,3,0,0,1,0,0,0,0,395155.131000000050000,5794202.646999999900000,7.462838669000064,52.288168466000059,0,05200605709500320206
05,5,66,012,2020,06,09,6,3,0,7,0,1,0,0,0,0,0,404888.907599999570000,5772852.023199999700000,7.611493270000040,52.098039893000077,0,05200605709000865868
05,5,58,024,2020,06,10,6,3,0,7,0,1,0,0,0,0,0,392771.446499999610000,5736781.368200000400000,7.445903375000057,51.771631069000080,0,05200605706300276677
05,5,54,012,2020,06,14,6,3,5,3,0,1,1,0,0,0,0,352775.496700000020000,5747045.440700000200000,6.862243957000032,51.854765233000080,1,05200605705121987346
05,5,54,012,2020,06,15,6,3,0,3,0,1,1,0,0,0,0,353985.951999999580000,5747045.576999999600000,6.879807128000039,51.855084427000065,1,05200605705000878089
05,5,15,000,2020,06,19,6,3,1,6,0,0,1,0,0,0,0,405895.221599999820000,5755917.458399999900000,7.630835894000029,51.945998236000037,1,05200605702100964215
05,5,62,004,2020,06,10,6,3,0,7,0,1,1,0,0,0,0,384256.030399999580000,5711048.251900000500000,7.331060204000039,51.538654861000055,0,05200605701800122206
05,5,62,032,2020,06,11,6,3,5,3,0,1,1,0,0,0,0,375635.698800000360000,5719111.155099999200000,7.203970483000035,51.609284381000066,0,05200605701110090203
05,5,13,000,2020,06,15,6,3,2,6,0,0,1,0,0,0,0,369726.334300000220000,5709159.259800000100000,7.122366080000063,51.518512572000077,1,05200605700100837201
05,5,66,024,2020,06,17,3,3,5,3,0,0,1,0,0,0,1,383789.360200000000000,5771366.526499999700000,7.304104594000023,52.080660789000035,0,05200609709300379098
05,5,13,000,2020,06,13,3,3,0,7,0,1,0,0,0,0,0,368216.718000000340000,5712879.071699999300000,7.099228461000052,51.551591328000029,0,05200609700200166204
05,5,13,000,2020,06,17,3,3,1,5,0,1,1,0,0,0,0,368404.928600000220000,5709157.788200000300000,7.103332384000055,51.518193053000061,0,05200609700100178203
05,5,70,004,2020,06,16,5,3,5,3,0,1,1,0,0,0,0,425043.789099999700000,5734527.572499999800000,7.914012535000040,51.756622459000027,1,05200604711213372472
05,5,54,036,2020,06,16,4,3,5,3,0,0,1,0,0,0,0,370401.445100000130000,5765759.825699999900000,7.110966761000043,52.027307217000043,0,05200610705000121214
05,5,15,000,2020,06,08,4,3,0,2,0,1,1,0,0,0,0,405436.608000000010000,5751217.391000000800000,7.625456706000023,51.903673994000030,1,05200610702100197206
05,5,15,000,2020,06,07,4,3,0,1,0,1,0,0,0,0,0,406630.091099999850000,5758636.357300000300000,7.640785523000034,51.970560866000028,0,05200610702100065835
05,5,66,016,2020,06,11,7,3,5,3,0,1,0,0,0,0,0,397898.962000000290000,5799071.575699999900000,7.501574549000054,52.332444172000066,0,05200613709500606204
05,5,62,004,2020,06,18,4,3,5,3,0,0,1,0,0,0,0,383277.070199999960000,5712748.945200000000000,7.316386672000022,51.553738715000065,0,05200610701800489204
05,5,62,014,2020,06,14,5,3,5,2,0,0,1,0,0,0,0,358921.817300000230000,5713431.029999999300000,6.965030389000049,51.554303723000032,0,05200611701300985370
05,5,62,012,2020,06,13,4,3,5,3,0,1,1,0,0,0,0,359126.796500000170000,5727711.285800000700000,6.962243800000067,51.682675458000062,0,05200610701610425202
05,5,70,004,2020,06,16,6,3,8,7,0,0,0,0,1,0,0,426786.931800000370000,5736241.938500000200000,7.938901681000061,51.772264818000053,0,05200612711212581052
05,5,13,000,2020,06,18,7,3,0,7,0,1,0,0,0,0,0,363557.735000000340000,5712676.013000000300000,7.032150468000054,51.548659152000027,0,05200613700200069607
05,5,62,024,2020,06,07,4,3,5,3,0,1,1,0,0,0,0,374448.903500000010000,5724907.034099999800000,7.184761557000059,51.661108604000049,0,05200610701500792258
05,5,13,000,2020,06,14,4,3,6,4,0,0,1,1,0,0,0,362948.827899999920000,5717480.577899999900000,7.021500065000055,51.591686654000057,0,05200610700200292203
05,5,62,032,2020,06,13,6,3,6,4,0,1,0,1,0,0,0,375030.833899999970000,5720032.379699999500000,7.194911402000059,51.617429580000078,0,05200612701110837209
05,5,13,000,2020,06,14,4,3,5,3,0,1,1,0,0,0,0,367156.605100000280000,5714633.378399999800000,7.083284282000022,51.567107976000045,0,05200610700200291204
05,5,54,008,2020,06,07,6,3,6,4,0,0,1,1,0,0,0,336505.017500000070000,5746354.773299999500000,6.626524933000042,51.844032331000051,0,05200612705000381087
05,5,58,016,2020,06,09,7,2,0,7,0,1,1,0,0,0,0,382257.298600000330000,5744368.805199999400000,7.291011023000067,51.837708653000050,0,05200613706000387398
05,5,54,028,2020,06,16,5,3,0,7,0,1,0,0,0,0,0,357469.883000000380000,5741569.500000000000000,6.932614512000043,51.806780493000076,0,05200611705000920771
05,5,66,040,2020,06,10,6,2,5,3,0,1,1,0,0,0,0,420073.826000000350000,5782769.948999999100000,7.830787384000075,52.189592941000058,0,05200612709800081046
05,5,15,000,2020,06,11,6,3,5,2,0,0,0,0,1,0,1,408358.163999999870000,5760779.912499999600000,7.665361604000054,51.990115934000073,0,05200612702100364164
05,5,70,052,2020,06,10,7,3,1,5,0,1,1,0,0,0,0,430833.616600000300000,5757007.490199999900000,7.993382712000027,51.959457267000062,0,05200613711111381091
05,5,62,028,2020,06,21,5,3,5,3,0,1,1,0,0,0,0,378769.047600000170000,5723510.732599999800000,7.247675022000067,51.649508189000073,0,05200611701920620201
05,5,66,028,2020,06,08,6,3,5,2,0,1,1,0,0,0,0,412147.355200000110000,5793229.792899999800000,7.712145376000024,52.282403675000069,0,05200612709000076666
05,5,70,004,2020,06,19,6,3,0,7,0,1,0,0,0,0,0,424752.953499999830000,5734477.023399999400000,7.909810588000028,51.756129037000051,0,05200612711213679152
05,5,15,000,2020,06,20,7,2,0,7,0,0,0,0,1,0,0,404893.961299999620000,5759810.089299999200000,7.615194777000056,51.980816434000076,0,05200613702100014075
05,5,15,000,2020,06,17,6,3,1,2,0,0,1,0,0,0,1,406668.088700000200000,5751449.532199999300000,7.643288787000074,51.905968278000046,0,05200612702100281203
05,5,66,036,2020,06,11,7,2,9,1,0,0,0,0,0,0,1,387350.662499999630000,5768315.282299999100000,7.357059109000034,52.053974883000080,0,05200613709300041172
05,5,70,004,2020,06,12,5,3,4,1,0,0,1,0,1,0,0,423106.472500000150000,5734293.127200000000000,7.886001640000075,51.754252243000053,0,05200611711215777896
05,5,70,004,2020,06,16,6,3,5,3,0,1,1,0,0,0,0,423716.653300000350000,5735100.148700000700000,7.894662742000037,51.761590526000077,0,05200612711211676329
05,5,13,000,2020,06,02,5,3,6,7,2,0,1,1,0,0,0,367242.596199999560000,5706884.249099999700000,7.087445724000077,51.497489466000047,0,05200611700100324206
05,5,15,000,2020,06,14,6,3,0,2,0,1,1,0,0,0,0,405967.692300000230000,5757182.086799999700000,7.631543944000043,51.957377561000044,0,05200612702100839947
05,5,70,004,2020,06,13,7,3,8,7,0,0,1,0,0,0,0,426184.274600000120000,5736191.142400000200000,7.930179628000076,51.771729022000045,0,05200613711212774779
05,5,54,004,2020,06,17,5,3,7,1,0,1,0,0,0,0,0,363891.584200000390000,5771959.912100000300000,7.013668851000034,52.081458870000063,0,05200611705000287223
05,5,66,012,2020,06,10,6,2,5,2,0,1,1,0,0,0,0,404678.440000000410000,5772167.677100000900000,7.608613084000069,52.091852661000075,0,05200612709110870516
05,5,15,000,2020,06,12,7,3,9,1,0,1,1,0,0,0,0,404192.587799999860000,5761636.396400000900000,7.604475339000032,51.997111341000050,0,05200613702100074709
05,5,15,000,2020,06,19,6,3,0,4,0,1,0,1,0,0,0,406135.716000000010000,5757123.527000000700000,7.634004448000042,51.956879586000071,0,05200612702100339947
05,5,66,080,2020,06,09,4,2,8,1,0,0,1,0,0,0,0,407917.033900000150000,5781960.408800000300000,7.653219438000065,52.180420734000052,0,05200610709100568030
05,5,66,076,2020,06,11,3,3,4,6,0,1,1,0,0,0,0,396189.653800000440000,5793839.263100000100000,7.478112211000052,52.285099015000071,0,05200616709500442564
05,5,54,008,2020,06,15,3,3,5,2,0,1,1,0,0,0,0,336668.128299999980000,5745688.987400000900000,6.629204997000045,51.838098979000051,1,05200616705000787403
05,5,54,048,2020,06,09,3,3,5,3,0,0,0,0,1,0,1,341861.342100000010000,5744294.220499999800000,6.705156506000037,51.827063008000039,1,05200616705000776761
05,5,54,012,2020,06,12,3,2,3,7,0,1,1,0,0,0,0,352357.337700000030000,5747644.871200000900000,6.855920620000063,51.860040590000040,0,05200616705000579162
05,5,54,012,2020,06,09,3,3,6,7,0,1,0,1,0,0,0,350934.753899999890000,5744723.416999999400000,6.836536925000075,51.833413802000052,1,05200616705000281131
05,5,15,000,2020,06,16,3,3,5,7,0,1,1,0,0,0,0,406904.562400000170000,5761551.865199999900000,7.643988612000044,51.996812847000058,0,05200616702100565831
05,5,15,000,2020,06,07,3,3,2,6,0,0,1,0,0,0,0,404662.276999999770000,5759742.419999999900000,7.611841178000077,51.980168491000029,0,05200616702100407356
05,5,15,000,2020,06,22,3,3,0,7,2,0,0,0,0,0,1,407271.291199999860000,5761331.554099999400000,7.649388308000027,51.994893952000041,0,05200616702100042458
05,5,62,004,2020,06,18,3,3,5,3,0,1,1,0,0,0,0,382701.003899999890000,5715657.299300000100000,7.307110623000028,51.579758643000048,0,05200616701800623204
05,5,62,016,2020,06,09,3,3,6,7,0,0,1,1,0,0,0,374610.932599999940000,5733835.715700000500000,7.183892352000044,51.741385989000037,1,05200616701700716808
05,5,13,000,2020,06,14,3,3,6,6,0,0,0,1,0,0,1,367893.336699999870000,5713659.268699999900000,7.094273872000031,51.558527072000061,0,05200616700200821209
05,5,70,008,2020,06,16,4,3,0,7,0,1,0,0,0,0,0,436287.995500000190000,5734386.316400000800000,8.076922959000058,51.756744631000061,1,05200617711312374737
05,5,54,064,2020,06,21,4,2,8,7,1,0,1,0,0,0,0,357307.299100000410000,5750079.705199999700000,6.926746517000026,51.883205899000075,1,05200617705000070528
05,5,15,000,2020,06,09,4,3,0,3,0,1,0,0,0,0,1,404738.126899999570000,5755653.516899999200000,7.614079333000063,51.943428877000031,1,05200617702100676712
05,5,15,000,2020,06,07,4,3,1,6,0,0,1,0,0,0,0,407430.034400000240000,5757312.411900000600000,7.652783943000031,51.958794360000070,1,05200617702100574733
05,5,15,000,2020,06,16,4,3,0,6,0,0,0,0,1,0,0,405926.373999999840000,5754217.292999999600000,7.631754043000058,51.930721591000065,1,05200617702100506206
05,5,15,000,2020,06,14,4,3,0,3,0,1,1,0,0,0,0,406980.557699999770000,5757042.762199999800000,7.646317468000063,51.956295598000054,0,05200617702100087294
05,5,15,000,2020,06,08,4,3,8,7,0,1,0,0,0,0,0,402574.984299999660000,5757576.802699999900000,7.582073835000074,51.960341307000078,1,05200617702100055355
05,5,54,008,2020,06,17,1,3,5,3,0,1,0,0,0,0,0,335593.405600000170000,5746172.989900000400000,6.613389724000058,51.842131642000027,1,05200614705000581000
05,5,15,000,2020,06,13,1,3,5,3,0,1,0,0,0,0,0,407290.508399999700000,5757990.669199999400000,7.650570879000043,51.964867644000037,0,05200614702100765837
05,5,62,036,2020,06,14,1,3,2,2,0,0,1,0,0,0,0,388738.205599999990000,5719065.992300000000000,7.393122186000028,51.611620256000037,0,05200614701930585679
05,5,62,008,2020,06,18,4,3,1,6,0,1,0,0,0,0,0,386110.545599999840000,5724071.556099999700000,7.353560856000058,51.656083879000050,0,05200617701910009224
05,5,70,004,2020,06,16,2,3,0,1,0,1,0,0,0,0,0,423156.811499999840000,5733598.322200000300000,7.886884346000045,51.748013103000062,0,05200615711214053519
05,5,70,004,2020,06,21,2,2,0,1,0,0,0,0,1,0,0,424019.240100000050000,5734247.265699999400000,7.899232777000066,51.753964531000065,1,05200615711213587228
05,5,66,008,2020,06,17,2,3,4,6,0,0,1,0,0,0,1,398363.667100000200000,5783976.499800000300000,7.512938518000055,52.196863269000062,1,05200615709100779197
05,5,58,016,2020,06,11,2,3,5,3,0,1,0,0,0,0,0,381400.512000000100000,5743749.439999999500000,7.278793430000064,51.831961028000080,0,05200615706000772192
05,5,54,008,2020,06,14,2,3,2,2,0,1,0,0,0,0,0,335276.730999999680000,5745776.254000000700000,6.608985938000046,51.838474298000051,0,05200615705000687399
05,5,54,056,2020,06,15,2,3,0,5,0,1,1,0,0,0,0,356528.734400000420000,5762362.371400000500000,6.910319172000072,51.993366889000072,0,05200615705000687229
05,5,15,000,2020,06,17,2,3,4,3,0,1,1,0,0,0,0,404511.028699999680000,5758929.519999999600000,7.609865833000072,51.972835892000035,0,05200615702100765831
05,5,12,000,2020,06,17,2,2,0,7,0,1,0,1,0,0,0,352612.211699999870000,5715239.611600000400000,6.873325818000069,51.568941575000053,0,05200615701400917202
05,5,62,020,2020,06,19,2,2,6,4,0,0,1,1,0,0,0,371300.230399999770000,5717034.418500000600000,7.142155855000056,51.589646787000049,0,05200615701200947205
05,5,62,020,2020,06,14,2,3,5,3,0,1,0,1,0,0,0,368258.572800000200000,5718959.707900000700000,7.097550764000062,51.606245658000034,0,05200615701200925205
05,5,62,032,2020,06,10,2,3,5,3,0,1,1,0,0,0,0,375185.924300000070000,5717990.888000000300000,7.197877172000062,51.599116886000047,0,05200615701110363209
05,5,62,032,2020,06,14,2,2,2,6,0,0,1,0,0,0,0,375914.813199999740000,5717159.436100000500000,7.208689711000034,51.591805527000076,0,05200615701000485383
05,5,62,012,2020,06,16,4,3,0,7,0,1,0,1,0,0,0,363735.942300000230000,5731595.663599999600000,7.027354834000050,51.718718127000045,0,05200617701620294205
05,5,13,000,2020,06,11,4,2,6,4,0,0,1,1,0,0,0,367366.749800000340000,5709603.260999999900000,7.088210463000053,51.521953568000072,0,05200617700100924208
05,5,66,064,2020,06,16,6,3,5,3,0,1,1,0,0,0,0,395116.186200000350000,5771295.833300000100000,7.469354698000075,52.082287227000052,0,05200619709100814201
05,5,54,040,2020,06,03,1,2,6,7,2,1,0,1,0,0,0,351973.564299999740000,5736657.798200000100000,6.855045053000026,51.761220845000082,0,05200621705000081035
05,5,15,000,2020,06,08,6,3,0,2,0,1,0,0,0,1,0,402433.170900000260000,5758366.702400000800000,7.579786150000075,51.967416256000035,0,05200619702100068134
05,5,66,060,2020,06,19,5,3,5,3,0,0,1,0,1,0,0,390348.310899999920000,5789323.027699999500000,7.393979532000060,52.243377159000033,0,05200618709500791200
05,5,62,028,2020,06,12,7,3,6,4,0,0,1,1,0,0,0,378968.956299999730000,5723535.836400000400000,7.250554450000038,51.649776874000054,0,05200620701920486669
05,5,66,084,2020,06,06,5,3,5,3,0,1,1,0,0,0,0,385497.805100000460000,5779999.767000000900000,7.326120206000041,52.158603191000054,1,05200618709300187374
05,5,54,008,2020,06,14,6,3,0,6,0,1,0,0,0,0,0,338059.205900000410000,5746845.061000000700000,6.648837064000077,51.848889787000076,0,05200619705000076646
05,5,15,000,2020,06,16,1,3,5,3,0,1,1,0,0,0,0,404653.086299999620000,5752739.702099999400000,7.613649925000061,51.917223690000071,0,05200621702100279108
05,5,54,064,2020,06,13,5,2,0,2,0,1,1,0,0,0,0,361097.875199999660000,5751309.457699999200000,6.981289073000028,51.895213080000076,0,05200618705000987358
05,5,54,068,2020,06,19,5,3,5,3,0,1,0,0,0,0,0,350710.117200000210000,5767058.422499999400000,6.823587748000023,52.034024838000050,0,05200618705000581092
05,5,54,068,2020,06,19,5,2,5,3,0,1,0,0,0,0,0,351657.440899999810000,5767910.510399999100000,6.837017945000071,52.041934610000055,0,05200618705000287283
05,5,54,004,2020,06,18,5,3,0,1,0,1,0,0,0,0,0,363864.544999999930000,5772363.922299999700000,7.013113245000056,52.085082424000063,0,05200618705000228616
05,5,62,014,2020,06,14,5,3,2,6,0,0,1,0,0,0,0,360508.673799999990000,5714651.277799999300000,6.987420436000036,51.565663564000033,0,05200618701300555206
05,5,13,000,2020,06,08,6,3,2,6,0,0,1,0,0,0,0,365351.897300000300000,5715121.435399999800000,7.057074250000028,51.571065836000059,0,05200619700200184201
05,5,13,000,2020,06,18,5,3,0,1,0,1,1,0,0,0,0,366562.326799999920000,5705469.435599999500000,7.078186268000025,51.484614826000040,0,05200618700100226205
05,5,66,008,2020,06,23,7,3,0,1,2,1,0,0,0,0,0,399628.685100000350000,5783087.764100000300000,7.531703864000065,52.189107329000080,0,05200620709100076750
05,5,13,000,2020,06,18,7,3,6,7,0,0,1,1,0,0,0,368121.238400000150000,5708067.000199999700000,7.099654065000038,51.508324247000076,0,05200620700100343202
05,5,15,000,2020,06,15,6,3,0,5,0,1,1,0,0,0,0,407007.595599999650000,5759069.172100000100000,7.646162052000022,51.974514506000048,0,05200619702100072460
05,5,13,000,2020,06,20,1,2,5,3,0,1,1,0,0,0,0,363294.870400000360000,5714882.109600000100000,7.027503962000026,51.568420191000030,0,05200621700000071568
05,5,66,012,2020,06,19,6,3,5,3,0,0,1,0,0,0,1,406359.506000000050000,5774586.195000000300000,7.632478765000030,52.113877887000058,0,05200619709100818207
05,5,54,012,2020,06,14,1,3,5,3,0,1,1,0,0,0,0,350612.957299999890000,5745369.540500000100000,6.831591168000045,51.839133104000041,0,05200621705000638824
05,5,54,068,2020,06,19,7,3,0,7,0,0,1,0,0,0,0,351360.516200000420000,5767396.636399999300000,6.832915210000067,52.037238207000030,0,05200620705000102662
05,5,54,008,2020,06,18,6,3,5,3,0,1,1,0,0,0,0,335302.798399999740000,5742646.646299999200000,6.610852537000028,51.810367467000049,0,05200619705000587252
05,5,15,000,2020,06,02,1,3,5,3,2,0,1,0,0,0,0,404684.754999999890000,5759085.980000000400000,7.612350699000047,51.974272033000034,0,05200621702100570617
05,5,62,032,2020,06,19,6,2,5,3,0,1,1,0,0,0,0,376658.025000000370000,5717611.950999999400000,7.219254151000030,51.596035586000028,0,05200619701110232204
05,5,66,008,2020,06,15,7,2,2,6,0,1,0,0,0,0,0,401455.294099999590000,5780037.662499999600000,7.559301530000028,52.162022927000066,0,05200620709100838209
05,5,62,016,2020,06,19,7,3,5,3,0,1,1,0,0,0,0,374731.646599999630000,5735017.293999999800000,7.185214219000045,51.752031635000037,0,05200620701700378204
05,5,54,008,2020,06,11,6,2,5,3,0,0,1,0,0,0,1,336766.023000000040000,5745809.146999999900000,6.630567954000071,51.839207054000042,0,05200619705000057876
05,5,62,012,2020,06,20,1,3,6,2,0,0,1,1,0,0,0,363252.372700000180000,5731432.199400000300000,7.020423033000043,51.717131541000072,0,05200621701620502207
05,5,70,008,2020,06,16,1,1,0,7,0,1,0,0,0,0,0,434866.959400000050000,5735199.044999999900000,8.056185239000058,51.763887682000075,0,05200621711300572788
05,5,66,044,2020,06,14,7,2,4,1,0,0,1,0,1,0,0,427985.809899999760000,5781029.816999999800000,7.946876326000051,52.175040639000031,0,05200620709000679150
05,5,70,008,2020,06,12,2,3,2,6,0,0,1,0,0,0,0,433761.581500000320000,5734611.591399999300000,8.040282075000050,51.758476757000039,0,05200622711311427091
05,5,66,028,2020,06,17,2,3,6,4,0,0,0,1,0,0,1,412249.702999999750000,5792389.135999999900000,7.713864096000066,52.274863979000031,0,05200622709700070497
05,5,58,012,2020,06,14,2,3,6,7,0,0,1,1,0,0,0,374181.731900000010000,5756261.525100000200000,7.169521461000045,51.942822222000075,0,05200622706200668276
05,5,54,024,2020,06,11,2,3,5,7,0,1,1,0,0,0,0,370404.769999999550000,5776047.232599999800000,7.107108429000050,52.119750066000051,0,05200622705000005150
05,5,12,000,2020,06,10,2,2,5,3,0,0,1,0,0,0,0,358086.932199999690000,5713120.677799999700000,6.953121130000056,51.551305535000040,0,05200622701400674204
05,5,13,000,2020,06,06,2,3,0,7,1,0,0,0,1,0,0,364949.912800000050000,5715743.953999999900000,7.051038041000027,51.576563899000064,1,05200622700200680930
05,5,13,000,2020,06,18,2,3,1,5,0,1,1,0,0,0,0,364800.291400000450000,5714687.056199999500000,7.049286852000023,51.567030327000055,0,05200622700200516200
05,5,70,052,2020,06,19,4,3,2,6,0,0,1,0,0,0,0,430357.295500000010000,5757036.892200000600000,7.986445750000030,51.959662121000065,0,05200624711111403042
05,5,66,040,2020,06,15,4,3,0,1,0,1,0,0,0,0,0,422312.553999999540000,5781636.700500000300000,7.863789579000070,52.179726214000027,0,05200624709800081048
05,5,66,076,2020,06,19,4,3,0,5,0,1,1,0,0,0,0,392728.822999999860000,5793386.105000000400000,7.427540087000068,52.280361823000078,0,05200624709500574722
05,5,54,008,2020,06,08,4,2,5,3,0,1,1,0,0,0,0,336569.384300000030000,5743698.777100000500000,6.628712643000029,51.820191017000070,0,05200624705000181625
05,5,54,004,2020,06,13,4,3,2,6,0,1,1,0,0,0,0,363244.424899999980000,5771222.860700000100000,7.004526002000034,52.074676707000037,0,05200624705000047427
05,5,70,004,2020,06,19,3,3,5,3,0,1,1,0,0,0,0,425859.191899999980000,5729402.031600000300000,7.926915983000072,51.710653474000026,0,05200623711214976329
05,5,66,040,2020,06,14,3,2,0,7,0,1,0,0,0,0,0,420895.486200000160000,5782894.613299999400000,7.842775402000029,52.190832006000051,0,05200623709800379143
05,5,66,060,2020,06,18,3,3,5,3,0,1,1,0,0,0,0,390613.550400000070000,5786346.813300000500000,7.398825528000032,52.216682429000059,0,05200623709500574704
05,5,66,012,2020,06,19,3,3,5,3,0,1,1,0,0,0,0,405274.285000000150000,5772099.799000000600000,7.617326610000021,52.091344872000036,0,05200623709100016200
05,5,66,076,2020,06,18,3,3,5,2,0,1,1,0,0,0,0,393746.339800000190000,5793461.583300000100000,7.442425804000038,52.281237791000081,0,05200623709000202746
05,5,58,032,2020,06,17,3,3,0,3,0,1,1,0,0,0,0,386975.634999999780000,5754365.230000000400000,7.356190309000056,51.928525801000035,0,05200623706100368276
05,5,54,020,2020,06,20,3,3,5,2,0,0,1,0,0,0,0,366037.961000000130000,5784115.407999999800000,7.040183347000038,52.191205566000065,0,05200623705000882575
05,5,62,024,2020,06,15,4,3,5,2,0,1,1,0,0,0,0,368887.882899999620000,5727007.510999999900000,7.103617514000064,51.678714815000035,0,05200624701500720472
05,5,15,000,2020,06,13,3,3,3,6,0,1,0,0,0,0,0,412655.627100000160000,5753681.752900000700000,7.729736042000070,51.927004412000031,0,05200623702100787207
05,5,15,000,2020,06,19,3,3,3,2,0,1,0,0,0,0,0,405884.440000000410000,5758352.781999999700000,7.630011931000070,51.967886204000081,0,05200623702100356376
05,5,15,000,2020,06,17,3,3,5,2,0,0,1,1,0,0,0,407680.108599999920000,5756830.554999999700000,7.656551794000052,51.954504741000051,0,05200623702100187344
05,5,15,000,2020,06,09,3,3,4,2,0,1,1,0,0,0,0,403955.734600000080000,5761492.941299999100000,7.601066657000047,51.995781008000051,0,05200623702100070596
05,5,15,000,2020,06,22,3,3,5,3,2,1,1,0,0,0,0,403872.810999999750000,5761631.964099999500000,7.599820235000038,51.997016235000046,0,05200623702100064121
05,5,62,036,2020,06,18,3,3,5,3,0,0,1,0,0,0,0,388792.297000000250000,5723233.519999999600000,7.392579386000023,51.649088633000076,0,05200623701930495204
05,5,62,024,2020,06,14,3,3,5,3,0,1,1,0,0,0,0,368220.254900000060000,5725151.714299999200000,7.094666855000071,51.661881474000040,0,05200623701500103201
05,5,12,000,2020,06,18,4,3,4,3,0,1,1,0,0,0,0,356653.876000000160000,5710024.564999999500000,6.933726566000075,51.523122182000066,0,05200624701400489209
05,5,62,014,2020,06,08,4,3,0,7,0,1,0,0,0,1,0,360691.852500000040000,5713587.979100000100000,6.990482925000038,51.556153938000080,0,05200624701300573206
05,5,62,020,2020,06,21,4,3,0,1,0,0,0,0,1,0,0,369702.809500000440000,5719347.366800000900000,7.118250421000028,51.610065470000052,0,05200624701200505207
05,5,66,084,2020,06,20,5,3,6,4,0,0,1,1,0,0,0,389667.879700000400000,5775881.975600000500000,7.388391493000029,52.122444989000030,0,05200625709300742386
05,5,66,076,2020,06,19,5,3,1,5,0,1,0,0,0,0,1,395743.953099999580000,5793239.539599999800000,7.471766111000022,52.279624737000063,0,05200625709000076614
05,5,58,028,2020,06,16,5,3,6,4,0,0,1,1,0,0,0,398129.851499999870000,5732966.813999999300000,7.524653770000043,51.738345345000027,0,05200625706300208328
05,5,58,036,2020,06,12,5,3,5,3,0,1,1,0,0,0,0,386498.667999999600000,5730408.937999999200000,7.357108432000075,51.713121179000041,0,05200625706300087304
05,5,62,004,2020,06,17,6,3,5,3,0,1,1,0,0,0,0,383699.310200000180000,5717540.904500000200000,7.320887610000057,51.596894854000027,0,05200626701800135209
05,5,66,008,2020,06,15,1,3,3,1,0,1,0,0,0,0,0,400869.919700000440000,5779448.346200000500000,7.550918519000049,52.156621437000069,0,05200628709000179150
05,5,54,036,2020,06,19,7,3,0,1,0,1,0,0,0,0,0,369943.049200000240000,5766853.874500000800000,7.103873161000024,52.037031034000051,0,05200627705000128616
05,5,54,004,2020,06,14,5,3,0,5,0,1,1,0,0,0,0,364067.008500000460000,5772202.267200000600000,7.016130699000030,52.083679636000056,0,05200625705000847427
05,5,54,068,2020,06,13,5,3,5,3,0,0,1,0,0,0,0,350922.571800000030000,5766413.481699999400000,6.826963628000044,52.028287556000066,0,05200625705000081101
05,5,13,000,2020,06,04,1,3,1,7,1,0,1,0,0,0,0,364919.467100000010000,5715287.630300000300000,7.050774414000046,51.572455895000076,0,05200628700200581308
05,5,15,000,2020,06,11,7,3,0,5,0,0,0,1,0,0,1,403976.591500000100000,5761461.306299999400000,7.601379213000030,51.995500271000026,0,05200627702100276712
05,5,15,000,2020,06,12,5,3,5,2,0,1,0,0,0,0,0,405623.027200000360000,5757095.134899999900000,7.626553460000025,51.956537607000030,0,05200625702100342022
05,5,62,004,2020,06,18,5,3,6,3,0,0,1,1,0,0,0,382885.053999999540000,5712271.910000000100000,7.310893700000065,51.549370003000035,0,05200625701800816203
05,5,62,012,2020,06,12,5,3,1,6,0,0,1,0,0,0,1,359068.569400000390000,5725431.074699999800000,6.962322093000068,51.662171400000034,0,05200625701610747209
05,5,12,000,2020,06,16,5,3,6,7,0,0,1,1,0,0,0,356001.952800000090000,5710051.723500000300000,6.924324889000047,51.523200386000042,0,05200625701400805203
05,5,62,032,2020,06,10,5,3,6,2,0,0,1,1,0,0,0,374286.286500000390000,5713804.730000000400000,7.186393408000072,51.561295423000047,0,05200625701120668202
05,5,13,000,2020,06,14,5,3,6,4,0,0,1,1,0,0,0,367922.337500000370000,5708233.867499999700000,7.096727139000052,51.509777386000053,0,05200625700100815207
05,5,66,032,2020,06,10,6,3,0,1,0,1,0,0,0,0,0,414087.642400000240000,5776681.913899999100000,7.744780263000052,52.133970238000074,0,05200626709800374652
05,5,15,000,2020,06,11,6,3,5,7,0,0,1,0,1,0,0,407210.084800000300000,5756893.933199999900000,7.649696893000055,51.954996192000067,0,05200626702100057528