ULAND,UREGBEZ,UKREIS,UGEMEINDE,UJAHR,UMONAT,USTUNDE,UWOCHENTAG,UKATEGORIE,UART,UTYP1,ULICHTVERH,IstRad,IstPKW,IstFuss,IstKrad,IstGkfz,IstSonstige,LINREFX,LINREFY,XGCSWGS84,YGCSWGS84,STRZUSTAND,UIDENTSTLAE
05,5,66,068,2020,06,14,7,3,5,3,0,0,1,0,1,0,0,375678.825000000190000,5785458.375000000000000,7.180652892000069,52.205531413000074,0,05200627709300579125
05,5,62,032,2020,06,17,6,3,5,3,0,1,1,0,0,0,0,377432.102900000290000,5717466.402599999700000,7.230474966000031,51.594896463000055,0,05200626701110142203
05,5,15,000,2020,06,04,1,2,6,7,2,0,1,1,0,0,0,406125.561999999920000,5758080.064799999800000,7.633595291000063,51.965475673000071,0,05200628702100270498
05,5,54,020,2020,06,13,7,3,1,1,0,0,1,0,0,0,0,364099.436099999580000,5786613.479199999900000,7.010839489000034,52.213177001000076,0,05200627705000021020
05,5,12,000,2020,06,18,7,3,4,6,0,0,1,0,0,0,0,359634.853600000030000,5707936.494000000900000,6.977498419000028,51.505107301000066,0,05200627701400294208
05,5,54,008,2020,06,15,6,3,5,2,0,1,1,0,0,0,0,336560.560999999750000,5746687.980000000400000,6.627173047000042,51.847041946000047,0,05200626705000082335
05,5,62,008,2020,06,12,6,3,2,6,0,1,0,0,0,0,1,384503.906000000420000,5724162.436300000200000,7.330315052000060,51.656572852000068,0,05200626701910988207
05,5,66,076,2020,06,19,1,3,5,3,0,0,1,0,0,0,0,392384.754999999890000,5791754.867000000600000,7.423019017000058,52.265634421000073,0,05200628709500774722
05,5,54,004,2020,06,03,7,3,0,7,2,1,0,0,0,0,0,362288.856999999840000,5770751.377900000700000,6.990782291000073,52.070203484000047,0,05200627705000187273
05,5,13,000,2020,06,18,6,3,1,3,0,1,1,0,0,0,0,368161.171799999660000,5707469.569499999300000,7.100452490000066,51.502964591000080,0,05200626700100281231
05,5,62,014,2020,06,11,1,3,5,3,0,0,1,0,0,0,0,361616.911899999720000,5715693.251900000500000,7.002989215000071,51.575299943000061,0,05200628701300393201
05,5,15,000,2020,06,16,7,3,1,5,0,1,1,0,0,0,0,406922.228099999950000,5758069.752399999600000,7.645190571000057,51.965516943000068,0,05200627702100368301
05,5,62,024,2020,06,17,6,3,5,3,0,1,1,0,0,0,0,374257.955699999820000,5725339.918999999800000,7.181846548000067,51.664956227000062,0,05200626701500130204
05,5,15,000,2020,06,17,1,3,3,6,0,1,0,0,0,0,0,405045.690700000150000,5758355.241000000400000,7.617805866000026,51.967765659000065,0,05200628702100668249
05,5,15,000,2020,06,15,6,3,1,3,0,1,1,0,0,0,0,406197.686999999920000,5752281.045800000400000,7.636226512000064,51.913363370000070,0,05200626702100542451
05,5,62,008,2020,06,12,7,2,0,7,0,0,1,0,0,0,0,385937.526700000280000,5724813.094399999800000,7.350818754000045,51.662713560000043,0,05200627701910253205
05,5,54,020,2020,06,14,7,3,9,1,0,0,1,0,0,0,0,366065.882000000220000,5783721.526699999300000,7.040747199000066,52.187673165000035,0,05200627705000081549
05,5,66,076,2020,06,19,6,2,5,3,0,1,1,0,0,0,0,391362.182000000030000,5793466.376000000200000,7.407489329000043,52.280814824000061,0,05200626709500274722
05,5,62,028,2020,06,12,6,3,5,7,0,0,1,0,0,0,0,376344.095800000240000,5723966.969300000000000,7.212480588000062,51.653080337000063,0,05200626701931348505
05,5,66,012,2020,06,20,7,3,5,3,0,1,1,0,0,0,0,404771.548399999740000,5773417.070800000800000,7.609622575000060,52.103098441000043,0,05200627709100137203
05,5,13,000,2020,06,15,6,3,5,3,0,0,1,0,0,0,1,370229.280000000260000,5706821.881999999300000,7.130471059000058,51.497622509000053,0,05200626700100944203
05,5,15,000,2020,06,11,1,3,0,3,0,0,1,0,0,0,1,405997.820700000040000,5757026.985700000100000,7.632024706000038,51.955988535000074,0,05200628702000087860
05,5,15,000,2020,06,17,7,3,5,2,0,1,1,0,0,0,0,406331.104000000280000,5758856.544999999900000,7.636374322000052,51.972489705000044,0,05200627702100542871
05,5,66,088,2020,06,20,5,2,9,1,0,1,0,0,0,0,0,418903.277999999930000,5787751.183000000200000,7.812474338000072,52.234196874000077,0,05200625709800368146
05,5,15,000,2020,06,18,6,3,5,3,0,1,1,0,0,0,0,405960.366999999620000,5754098.719200000200000,7.632280706000074,51.929661535000037,0,05200626702100588934
05,5,70,048,2020,07,17,5,3,6,7,0,1,0,1,0,0,0,448423.969999999740000,5730660.415799999600000,8.253286686000024,51.724495763000050,0,05200702711321276703
05,5,54,004,2020,07,13,5,3,4,6,0,1,0,0,0,0,0,363806.318500000050000,5771849.120999999300000,7.012469551000038,52.080442397000070,0,05200702705000587380
05,5,66,072,2020,07,17,4,3,5,3,0,1,1,0,0,0,0,413042.492300000040000,5802446.667700000100000,7.722880462000035,52.365389422000078,1,05200701709200345200
05,5,54,008,2020,07,13,4,3,1,5,0,1,1,0,0,0,0,336556.401499999690000,5745990.265499999700000,6.627442426000073,51.840772823000066,1,05200701705000287244
05,5,15,000,2020,07,17,4,3,0,1,0,1,0,0,0,0,0,402926.125500000080000,5757505.629799999300000,7.587202785000045,51.959763002000045,1,05200701702100570511
05,5,62,024,2020,07,16,4,3,3,6,0,0,1,0,0,0,0,366953.074000000020000,5723545.898900000400000,7.076967449000051,51.647152381000069,1,05200701701500586669
05,5,15,000,2020,07,08,5,3,5,3,0,1,1,0,0,0,0,404793.707999999630000,5761209.490499999400000,7.613347004000048,51.993377563000081,0,05200702702100364029
05,5,70,044,2020,07,18,5,3,5,3,0,1,0,0,0,0,0,413712.842699999920000,5765190.093200000000000,7.742213145000051,52.030615780000062,0,05200702711143349206
05,5,62,032,2020,07,10,5,3,5,7,0,1,0,0,0,1,0,375792.503800000060000,5713582.233300000400000,7.208189928000024,51.559629513000061,0,05200702701120444200
05,5,66,016,2020,06,17,2,3,5,3,0,1,1,0,0,0,0,408567.948599999770000,5789095.721100000700000,7.660809248000021,52.244662461000075,0,05200629709500876614
05,5,66,076,2020,06,12,2,3,5,3,0,1,1,0,0,0,0,395003.859000000170000,5797099.791999999400000,7.459718334000058,52.314176942000074,0,05200629709500870605
05,5,66,008,2020,06,06,2,3,7,5,0,1,1,0,0,0,0,398539.282700000330000,5780566.553500000400000,7.516527350000047,52.166248173000042,0,05200629709110370630
05,5,54,008,2020,06,15,2,3,9,1,0,0,1,1,0,0,0,335866.884499999690000,5745980.603299999600000,6.617447259000073,51.840483799000026,0,05200629705000977675
05,5,54,008,2020,06,11,2,3,5,2,0,1,1,0,0,0,0,336093.242200000210000,5744841.672499999400000,6.621269473000041,51.830318747000035,0,05200629705000887338
05,5,54,008,2020,06,18,2,2,2,7,0,1,0,0,0,0,0,335406.767300000410000,5745284.216199999700000,6.611105735000024,51.834092468000051,0,05200629705000176764
05,5,15,000,2020,06,14,2,3,5,3,0,1,1,0,0,0,0,406685.840099999680000,5754911.224800000000000,7.642608443000029,51.937086867000062,0,05200629702100472399
05,5,62,024,2020,06,16,2,2,6,4,0,0,1,1,0,0,0,371939.495799999680000,5725181.558399999500000,7.148399751000056,51.663009497000075,0,05200629701500723202
05,5,58,004,2020,07,06,5,3,0,7,0,1,1,0,0,0,0,408351.805999999870000,5733321.109999999400000,7.672555844000044,51.743294992000074,0,05200702706300887295
05,5,66,076,2020,06,17,3,3,5,3,0,1,1,0,0,0,0,392924.754499999810000,5792272.584599999700000,7.430764573000033,52.270392638000033,0,05200630709500476732
05,5,66,092,2020,06,16,3,3,5,3,0,1,1,0,0,0,0,423148.169800000270000,5796754.650499999500000,7.872568483000066,52.315736119000064,0,05200630709000506669
05,5,15,000,2020,06,12,3,3,3,2,0,1,0,0,0,0,1,404685.260999999940000,5759070.570699999100000,7.612362342000040,51.974133615000028,0,05200630702100779199
05,5,15,000,2020,06,07,3,3,3,3,0,1,1,0,0,0,0,406391.589900000020000,5757885.994000000900000,7.637519220000058,51.963776134000057,0,05200630702100564164
05,5,62,004,2020,06,14,3,3,1,1,0,0,1,1,0,0,0,384173.988900000230000,5717493.512700000800000,7.327753368000060,51.596566716000041,0,05200630701800944400
05,5,12,000,2020,06,17,3,2,9,1,0,0,0,0,1,0,0,359842.391999999990000,5709570.444000000100000,6.979837216000021,51.519841673000030,0,05200630701400050207
05,5,70,032,2020,07,09,5,3,5,3,0,1,1,0,0,0,0,420860.502999999560000,5765700.823999999100000,7.846260793000056,52.036272814000029,0,05200702711151066356
05,5,54,008,2020,07,12,5,3,2,6,0,0,1,0,0,0,0,336729.782100000420000,5745302.873900000000000,6.630281276000062,51.834648350000066,0,05200702705000040603
05,5,15,000,2020,07,13,5,3,6,4,0,1,0,1,0,0,0,406801.049899999980000,5757526.603800000600000,7.643574671000067,51.960614552000038,0,05200702702100565908
05,5,66,076,2020,07,17,5,3,0,1,0,0,0,0,1,0,0,395420.346800000410000,5793117.362800000200000,7.467062273000067,52.278465225000048,1,05200702709500574669
05,5,54,004,2020,07,18,2,2,5,2,0,1,1,0,0,0,0,363541.763299999760000,5771077.126000000200000,7.008920065000041,52.073440569000070,1,05200706705000818397
05,5,54,020,2020,07,12,3,3,5,3,0,0,1,0,0,0,0,365632.896700000390000,5786102.225900000000000,7.033473086000072,52.208959282000080,0,05200707705000087226
05,5,62,020,2020,07,14,6,3,0,7,0,0,0,1,0,0,1,371249.053000000310000,5717261.576999999600000,7.141334166000036,51.591676535000033,0,05200703701200567108
05,5,66,076,2020,07,14,2,3,5,6,0,1,1,0,0,0,0,395295.814799999820000,5793736.623900000000000,7.465045251000049,52.284007004000046,1,05200706709500969125
05,5,66,028,2020,07,22,3,2,0,7,2,1,0,0,0,0,0,411495.603299999610000,5792967.271800000200000,7.702662743000076,52.279939514000034,0,05200707709700070260
05,5,15,000,2020,07,17,7,3,6,4,0,0,1,1,0,0,0,405048.992600000460000,5755096.916999999400000,7.618754239000054,51.938479059000031,0,05200704702100569780
05,5,62,014,2020,07,08,2,3,6,4,0,0,1,1,0,0,0,360574.374699999580000,5715470.225199999300000,6.988042793000034,51.573038932000031,0,05200706701300235207
05,5,66,076,2020,07,22,6,3,8,1,1,0,0,0,1,0,0,392071.411000000310000,5795099.225999999800000,7.417358570000033,52.295629100000042,0,05200703709500074722
05,5,54,012,2020,07,18,2,3,0,6,0,0,1,0,1,0,0,353472.286999999550000,5745146.510999999900000,6.873158703000058,51.837886721000075,1,05200706705200916030
05,5,70,020,2020,07,19,2,2,8,1,0,0,1,0,0,0,0,432958.462299999780000,5743515.929099999400000,8.026925868000035,51.838430939000034,1,05200706711422549749
05,5,13,000,2020,07,20,2,3,0,7,1,1,1,0,0,0,0,367024.236299999990000,5711395.017699999700000,7.082599884000047,51.537974912000038,1,05200706700100907209
05,5,13,000,2020,07,14,2,3,0,1,0,0,0,0,1,0,0,368904.217699999920000,5708199.200799999800000,7.110880869000027,51.509694502000059,1,05200706700100794207
05,5,66,028,2020,07,17,3,3,3,3,0,1,1,0,0,0,0,412234.729500000370000,5793417.244799999500000,7.713377060000028,52.284102499000028,0,05200707709000674680
05,5,58,020,2020,07,01,1,2,0,6,2,1,0,1,0,0,0,391143.802000000140000,5759462.080000000100000,7.415171566000026,51.975164942000049,1,05200705706200987335
05,5,62,028,2020,07,00,1,3,5,3,2,0,1,0,1,0,0,378720.271099999550000,5722177.325500000300000,7.247432552000021,51.637513946000070,1,05200705701920848544
05,5,62,012,2020,07,14,1,3,9,1,0,0,1,0,0,0,0,360040.849799999970000,5733501.110099999200000,6.973132040000053,51.734930099000053,0,05200705701620123206
05,5,62,020,2020,07,10,6,3,0,6,0,1,1,0,0,0,0,371178.221599999820000,5717425.656700000200000,7.140251980000073,51.593134902000031,0,05200703701200752209
05,5,70,012,2020,07,18,2,3,4,3,0,1,0,0,0,0,0,438891.913200000300000,5753517.212300000700000,8.111263757000074,51.929023884000060,1,05200706711131276740
05,5,70,028,2020,07,17,3,3,2,5,0,0,1,0,0,0,0,441924.644000000320000,5742948.200200000800000,8.157144406000043,51.834331428000041,0,05200707711413536320
05,5,54,020,2020,07,02,7,3,5,3,2,0,1,0,0,0,0,365453.531999999660000,5786174.075999999400000,7.030821124000056,52.209561118000067,0,05200704705000520955
05,5,62,024,2020,07,17,2,3,0,3,0,0,1,0,1,0,0,369928.654000000100000,5725564.415999999300000,7.119199649000052,51.665988273000039,1,05200706701500426209
05,5,15,000,2020,07,11,3,3,6,4,0,1,0,1,0,0,0,405370.676799999550000,5759828.679600000400000,7.622128759000020,51.981064930000059,0,05200707702100168134
05,5,66,008,2020,07,13,2,2,9,7,0,0,1,0,0,0,0,399632.123599999580000,5781483.360099999200000,7.532229045000065,52.174688012000047,1,05200706709110468030
05,5,62,032,2020,07,11,7,3,1,6,0,0,1,0,0,0,0,374886.655500000340000,5713854.926200000600000,7.195032118000029,51.561880045000066,0,05200704701120988200
05,5,66,008,2020,07,09,3,3,5,3,0,1,1,0,0,0,0,398645.544400000010000,5782207.198799999400000,7.517590294000058,52.181013293000035,0,05200707709100473207
05,5,15,000,2020,07,15,6,3,0,3,0,1,1,0,0,0,0,407647.283900000150000,5755381.528000000900000,7.656463585000040,51.941474620000065,0,05200703702100154101
05,5,70,004,2020,07,16,2,3,5,3,0,1,1,0,0,0,0,424390.161000000310000,5734440.716000000000000,7.904563333000056,51.755753784000035,0,05200706711213374480
05,5,58,012,2020,07,18,1,3,0,1,0,1,0,0,0,0,0,373842.678999999540000,5756330.910000000100000,7.164565994000043,51.943368968000073,0,05200712706200487335
05,5,66,084,2020,07,04,7,3,0,1,2,0,1,0,0,0,0,390448.521800000220000,5775664.197200000300000,7.399859521000053,52.120643013000063,0,05200711709300650032
05,5,62,012,2020,07,18,6,2,8,1,0,0,1,0,0,0,0,361097.831500000320000,5723730.189600000200000,6.992318605000037,51.647392527000079,0,05200710701610699200
05,5,62,032,2020,07,12,7,3,5,3,0,1,0,0,0,0,0,376203.273900000380000,5715096.735500000400000,7.213579069000048,51.573331033000045,0,05200711701120770209
05,5,66,088,2020,07,18,5,3,9,1,1,0,0,0,1,0,0,424140.999200000430000,5785367.663200000300000,7.889690402000042,52.213518189000069,1,05200709709800581124
05,5,66,076,2020,07,14,5,3,8,5,0,0,1,0,1,0,0,396379.636199999600000,5793868.972600000000000,7.480887208000070,52.285401878000073,1,05200709709500876769
05,5,15,000,2020,07,12,1,2,1,5,0,0,1,0,0,0,1,403160.101499999870000,5757306.021800000200000,7.590663189000054,51.958009666000066,0,05200712702100079175
05,5,66,040,2020,07,10,6,2,5,3,0,1,1,0,0,0,0,421866.605999999680000,5782296.812000000800000,7.857116693000023,52.185596899000075,0,05200710709800372371
05,5,70,052,2020,07,16,7,3,5,2,0,1,1,0,0,0,0,430961.042000000370000,5755810.419999999900000,7.995477421000032,51.948711867000043,0,05200711711113682312
05,5,13,000,2020,07,21,6,3,1,6,0,0,1,0,0,0,0,368432.963000000450000,5709751.686200000300000,7.103514453000059,51.523536805000049,0,05200710700100289204
05,5,58,032,2020,07,15,5,2,1,5,0,1,1,0,0,0,0,392143.478099999950000,5750757.852399999300000,7.432449105000046,51.897129029000041,1,05200709706000782422
05,5,66,012,2020,07,14,7,2,4,6,0,0,1,0,0,0,1,404910.050599999730000,5772197.236199999200000,7.611984530000029,52.092158189000031,0,05200711709110070630
05,5,54,032,2020,07,17,5,3,0,6,0,1,0,0,0,0,0,322819.343100000170000,5747305.669800000300000,6.427569069000072,51.848399008000058,1,05200709705000882335
05,5,54,008,2020,07,13,5,3,5,3,0,1,0,0,0,0,0,334907.014800000000000,5746499.583200000200000,6.603279226000041,51.844863039000074,1,05200709705000876736
05,5,13,000,2020,07,20,1,3,0,2,0,0,0,0,0,0,1,365263.483199999670000,5709581.258099999300000,7.057920762000038,51.521258016000047,0,05200712700100382203
05,5,66,012,2020,07,16,1,3,5,3,0,1,1,0,0,0,0,407756.611200000160000,5770710.043899999900000,7.653925108000067,52.079272611000079,0,05200712709100102638
05,5,66,028,2020,07,15,7,3,1,7,0,0,1,0,0,0,0,412333.798600000330000,5793900.056900000200000,7.714703407000059,52.288457950000065,0,05200711709700048420
05,5,54,024,2020,07,20,5,3,0,1,0,1,0,0,0,0,0,370064.162600000390000,5777727.159099999800000,7.101494752000065,52.134765648000041,1,05200709705000551911
05,5,15,000,2020,07,07,6,3,5,3,0,1,1,0,0,0,0,406657.388199999930000,5757655.911399999600000,7.641449301000023,51.961752732000036,0,05200710702100668314
05,5,12,000,2020,07,00,7,2,8,5,2,0,1,0,0,0,0,357072.131099999880000,5710903.923599999400000,6.939394527000047,51.531129980000060,0,05200711701400718205
05,5,15,000,2020,07,14,5,3,5,3,0,1,0,0,0,0,0,406112.864000000060000,5757493.588999999700000,7.633570847000044,51.960202017000029,1,05200709702100068125
05,5,62,008,2020,07,07,5,3,8,1,0,0,1,0,0,0,0,381300.133500000460000,5726760.950300000600000,7.283138539000049,51.679259389000038,1,05200709701910194205
05,5,15,000,2020,07,00,1,2,0,1,2,1,0,0,0,0,0,406359.180900000040000,5757815.270500000600000,7.637066932000039,51.963134980000063,0,05200712702100239947
05,5,70,044,2020,07,17,4,3,5,3,0,1,1,0,0,0,0,416612.253600000400000,5759076.565099999300000,7.785954613000058,51.976105231000076,0,05200708711141576143
05,5,66,032,2020,07,07,4,3,1,1,0,1,1,0,0,0,0,414085.431800000370000,5777368.957299999900000,7.744574347000025,52.140145445000030,1,05200708709800074652
05,5,54,012,2020,07,12,4,3,5,3,0,1,1,0,0,0,0,351680.231999999840000,5745766.698000000800000,6.846900919000063,51.842985973000054,0,05200708705000570576
05,5,54,008,2020,07,09,4,3,2,6,0,0,1,0,0,0,0,336070.322399999950000,5745416.187699999700000,6.620665029000065,51.835473155000045,1,05200708705000087250
05,5,13,000,2020,07,11,4,3,5,2,0,0,1,0,0,0,0,366008.042000000370000,5708862.224999999600000,7.068919562000076,51.514973485000041,1,05200708700000767056
05,5,66,008,2020,07,17,7,2,0,2,0,1,1,0,0,0,0,398116.394000000320000,5781175.794999999900000,7.510163571000021,52.171645925000064,0,05200711709110179238
05,5,62,024,2020,07,16,6,3,5,3,0,1,1,0,0,0,0,368015.746799999850000,5725177.049300000100000,7.091702180000027,51.662061155000060,0,05200710701500155784
05,5,13,000,2020,07,08,7,3,1,6,0,0,1,0,0,0,1,368256.341400000270000,5708243.804800000000000,7.101533662000065,51.509944664000045,0,05200711700100307200
05,5,62,012,2020,07,08,5,2,5,3,0,1,0,0,0,0,1,359132.502999999560000,5725516.719000000500000,6.963211337000075,51.662957011000060,1,05200709701610136207
05,5,70,052,2020,07,19,1,3,2,2,0,0,1,0,0,0,0,430341.706000000240000,5757016.346999999100000,7.986223071000040,51.959475475000033,0,05200712711111503041
05,5,13,000,2020,07,17,5,3,5,3,0,1,1,0,0,0,0,366792.391699999570000,5712233.991900000700000,7.078941354000051,51.545459778000065,0,05200709700200176204
05,5,62,014,2020,07,13,1,3,6,6,0,1,0,1,0,0,0,360386.875099999830000,5715411.376599999100000,6.985362298000041,51.572463715000026,0,05200712701300890203
05,5,66,028,2020,07,11,6,3,5,3,0,0,1,0,0,0,0,416828.959200000390000,5790826.076099999200000,7.781349620000071,52.261526242000059,0,05200710709700452883
05,5,66,040,2020,07,21,7,2,5,3,1,1,1,0,0,0,0,421876.405000000260000,5782455.049000000600000,7.857223527000031,52.187020661000076,0,05200711709800970347
05,5,54,016,2020,07,09,7,2,0,4,0,0,0,1,0,0,1,362467.065000000410000,5757943.436000000700000,6.998524185000065,51.955162841000060,0,05200711705000002662
05,5,15,000,2020,07,16,4,2,4,6,0,0,1,0,0,0,0,403973.721599999820000,5752998.503799999100000,7.603702903000055,51.919433169000058,0,05200715702100468281
05,5,62,024,2020,07,23,4,3,0,1,2,0,0,0,1,0,0,368680.390300000090000,5723769.081199999900000,7.101835073000075,51.649564083000030,0,05200715701500923208
05,5,13,000,2020,07,17,4,3,1,7,0,1,1,0,0,0,0,368147.659599999900000,5708099.895899999900000,7.100022263000028,51.508626038000045,0,05200715700100626209
05,5,54,012,2020,07,11,5,3,1,7,0,1,1,0,0,0,0,353310.193400000220000,5746569.109400000400000,6.870204289000071,51.850626192000050,1,05200716705000915730
05,5,54,064,2020,07,21,6,3,0,7,0,1,0,0,0,0,0,361313.656999999660000,5751406.441999999800000,6.984383997000066,51.896138273000076,0,05200717705000996555
05,5,13,000,2020,07,16,6,2,5,3,0,0,1,0,0,0,0,366851.506500000130000,5715768.479599999300000,7.078454673000067,51.577236670000048,0,05200717700200563350
05,5,62,008,2020,07,21,3,3,5,7,1,1,1,0,0,0,0,385073.129999999890000,5723620.384999999800000,7.338718546000052,51.651817730000062,0,05200714701910353357
05,5,70,020,2020,07,22,6,3,0,1,2,1,0,0,0,0,0,433576.669999999930000,5743582.027000000700000,8.035884771000042,51.839099034000071,0,05200717711422376177
05,5,15,000,2020,07,16,5,3,5,3,0,1,0,0,0,0,0,405902.458599999550000,5757239.038300000100000,7.630579289000025,51.957878431000040,0,05200716702100955922
05,5,15,000,2020,07,22,6,3,0,1,2,1,1,0,0,0,0,404870.055999999870000,5758645.160299999600000,7.615169726000033,51.970341532000077,0,05200717702100065835
05,5,13,000,2020,07,14,6,3,6,7,0,0,1,1,0,0,0,366777.843000000340000,5705674.575400000400000,7.081210930000054,51.486509165000029,0,05200717700000615749
05,5,70,020,2020,07,17,2,3,5,3,0,1,1,0,0,0,0,432998.724000000390000,5743210.121999999500000,8.027569383000071,51.835686592000059,0,05200713711421879597
05,5,66,076,2020,07,10,5,2,4,6,0,1,0,0,0,0,0,393211.127000000330000,5793315.487999999900000,7.434629554000026,52.279821087000073,0,05200716709500169125
05,5,66,084,2020,07,09,2,2,4,2,0,0,1,0,0,0,0,384677.376699999910000,5779223.729000000300000,7.314395673000036,52.151458309000077,0,05200713709300642419
05,5,62,032,2020,07,21,5,2,0,1,1,0,0,0,1,0,0,374024.285000000150000,5715094.257999999400000,7.182153434000043,51.572826075000080,0,05200716701120340204
05,5,62,032,2020,07,15,6,2,9,1,0,0,1,0,0,0,1,378024.554100000300000,5716752.480200000100000,7.239272034000067,51.588608796000074,0,05200717701110576205
05,5,66,076,2020,07,15,6,3,0,5,0,1,1,0,0,0,0,392820.378299999980000,5792714.047100000100000,7.429095238000059,52.274339797000039,0,05200717709000538473
05,5,66,096,2020,07,22,2,2,0,1,2,1,0,0,0,0,0,384673.814399999570000,5785712.765399999900000,7.312136864000024,52.209773120000079,0,05200713709300040735
05,5,66,008,2020,07,19,2,3,5,3,0,0,1,0,0,0,0,399031.118200000380000,5781590.763100000100000,7.523411178000060,52.175543665000077,0,05200713709100968030
05,5,66,012,2020,07,07,2,2,5,3,0,1,1,0,0,0,0,404945.222599999980000,5773914.775900000700000,7.612018590000048,52.107601763000048,0,05200713709100072341
05,5,15,000,2020,07,04,3,3,0,1,2,1,0,0,0,0,0,406600.432500000110000,5759082.433199999900000,7.640232524000055,51.974565421000079,0,05200714702100879175
05,5,54,024,2020,07,16,2,3,1,7,0,0,1,0,0,0,1,368591.096300000320000,5775550.723500000300000,7.080825239000035,52.114860470000053,0,05200713705000655357
05,5,13,000,2020,07,08,2,3,2,6,0,0,1,0,0,0,0,362482.660299999640000,5717699.011900000300000,7.014689112000042,51.593535952000082,0,05200713700200408201
05,5,54,028,2020,07,00,5,3,0,1,2,1,0,0,0,0,0,357235.209099999630000,5743253.610500000400000,6.928518993000068,51.821852966000051,0,05200716705000196644
05,5,15,000,2020,07,16,6,3,2,6,0,0,1,0,1,0,0,406194.148099999870000,5757322.121099999200000,7.634800314000074,51.958674503000054,0,05200717702100370562
05,5,13,000,2020,07,13,6,3,8,1,0,0,0,0,0,1,0,369704.887199999760000,5709011.267500000100000,7.122111856000061,51.517177638000078,0,05200717700100819209
05,5,66,080,2020,07,15,4,3,4,2,0,0,0,0,1,0,0,406699.196000000460000,5780957.260999999900000,7.635689031000027,52.171199671000068,0,05200715709100972380
05,5,54,068,2020,07,00,4,3,8,1,2,0,1,0,0,0,0,350469.044499999840000,5766762.087500000400000,6.820205568000063,52.031297501000040,0,05200715705000681780
05,5,13,000,2020,07,12,3,2,1,5,0,1,1,0,0,0,0,365540.843799999920000,5715189.592000000200000,7.059772916000043,51.571723414000076,0,05200714700200549206
05,5,54,024,2020,07,15,4,2,8,1,0,0,0,0,1,0,0,369642.751600000080000,5778952.631799999600000,7.094871206000050,52.145678211000074,0,05200715705000051911
05,5,62,016,2020,07,15,5,3,0,1,0,1,0,0,0,0,0,374174.477900000290000,5733819.742300000000000,7.177580057000057,51.741144612000028,1,05200716701700170384
05,5,12,000,2020,07,17,6,3,2,6,0,0,1,0,0,0,0,357783.578800000250000,5710028.396700000400000,6.949997946000053,51.523442207000073,0,05200717701400075295
05,5,66,008,2020,07,14,6,3,0,4,0,0,1,1,0,0,0,398758.832999999630000,5782741.380999999100000,7.519087147000050,52.185835151000049,0,05200717709110379197
05,5,54,008,2020,07,15,3,3,0,1,0,1,0,0,0,0,0,336672.835900000300000,5745688.306399999200000,6.629273587000057,51.838094237000064,1,05200714705000080993
05,5,15,000,2020,07,17,4,3,5,2,0,1,1,0,0,0,0,406937.717799999750000,5756955.725900000000000,7.645717796000042,51.955506103000062,0,05200715702100588934
05,5,54,004,2020,07,14,3,3,8,1,0,1,0,0,0,1,0,363358.588200000110000,5771498.528000000900000,7.006080334000046,52.077181867000036,1,05200714705000851911
05,5,54,008,2020,07,12,3,3,0,3,0,1,1,0,0,0,0,333869.297000000250000,5745341.740199999900000,6.588784616000055,51.834154086000069,0,05200721705000696536
05,5,58,032,2020,07,14,1,2,0,7,0,0,0,0,1,0,0,383151.010599999690000,5754977.510399999100000,7.300383620000048,51.933238740000036,0,05200719706100276624
05,5,70,004,2020,07,10,7,3,1,6,0,0,1,0,0,0,0,423719.586000000130000,5734727.709000000700000,7.894786984000064,51.758242822000057,0,05200718711214902946
05,5,70,052,2020,07,13,7,3,0,6,0,1,0,0,0,0,0,430359.842799999750000,5756409.228499999300000,7.986610050000024,51.954019984000070,0,05200718711113657376
05,5,66,076,2020,07,09,7,2,0,2,0,1,0,0,0,0,0,392340.889000000430000,5792294.347999999300000,7.422204326000042,52.270474225000044,0,05200718709500676614
05,5,66,016,2020,07,19,7,2,0,1,0,1,0,0,0,0,0,402481.327899999920000,5793697.998800000200000,7.570358587000044,52.284981813000059,0,05200718709500074673
05,5,66,084,2020,07,12,7,3,5,3,0,1,0,0,0,0,0,390231.923399999740000,5774892.419099999600000,7.396946054000068,52.113663882000026,0,05200718709300176628
05,5,54,004,2020,07,11,7,2,5,3,0,1,0,0,0,0,0,361724.604899999690000,5771361.598300000700000,6.982308069000055,52.075545898000030,0,05200718705000896634
05,5,54,068,2020,07,16,2,3,5,3,0,1,0,0,0,0,0,350630.584300000220000,5767212.719100000300000,6.822361807000050,52.035389686000030,0,05200720705000996539
05,5,54,012,2020,07,16,7,3,0,6,0,0,1,1,0,0,0,353405.905399999580000,5745585.494000000900000,6.872009872000035,51.841813563000073,0,05200718705000805068
05,5,66,076,2020,07,19,3,3,5,2,0,1,1,0,0,0,0,393901.655000000260000,5793534.875000000000000,7.444678595000028,52.281926481000028,0,05200721709500279091
05,5,54,020,2020,07,17,7,3,0,3,0,1,1,0,0,0,0,364766.618099999610000,5786341.158199999500000,7.020707414000071,52.210894267000072,0,05200718705000596748
05,5,54,004,2020,07,18,7,3,5,3,0,1,0,0,1,0,0,357652.777499999850000,5777668.031400000700000,6.920299244000034,52.131176755000070,0,05200718705000521131