ULAND,UREGBEZ,UKREIS,UGEMEINDE,UJAHR,UMONAT,USTUNDE,UWOCHENTAG,UKATEGORIE,UART,UTYP1,ULICHTVERH,IstRad,IstPKW,IstFuss,IstKrad,IstGkfz,IstSonstige,LINREFX,LINREFY,XGCSWGS84,YGCSWGS84,STRZUSTAND,UIDENTSTLAE
05,5,62,036,2020,07,15,3,3,0,7,0,1,0,0,0,0,1,391162.844700000250000,5720218.217100000000000,7.427767342000038,51.622450603000061,0,05200721701930527202
05,5,62,032,2020,07,12,7,3,3,6,0,1,0,0,0,0,0,377923.325000000190000,5716628.832800000900000,7.237854530000050,51.587475612000048,0,05200718701120701207
05,5,15,000,2020,07,12,1,3,0,2,0,1,0,0,0,0,0,407856.700699999930000,5757292.658399999100000,7.658996882000054,51.958687674000032,0,05200719702100568281
05,5,70,052,2020,07,08,2,2,0,2,0,1,0,0,0,0,0,430626.065000000410000,5755220.259999999800000,7.990723392000064,51.943364859000042,1,05200720711113072374
05,5,54,004,2020,07,22,2,3,5,3,2,0,1,0,0,0,0,364104.170199999590000,5770478.344799999100000,7.017359298000031,52.068198537000058,0,05200720705000687378
05,5,62,032,2020,07,19,3,3,0,7,0,0,0,1,0,0,1,375362.862700000410000,5718683.093699999200000,7.200184533000027,51.605377011000030,0,05200721701110553209
05,5,66,008,2020,07,07,3,3,5,3,0,0,1,0,1,0,0,398476.000799999570000,5782031.390300000100000,7.515164085000038,52.179402009000057,0,05200721709100774685
05,5,66,008,2020,07,16,1,3,9,1,0,1,0,0,0,0,0,398668.552000000140000,5782535.981000000600000,7.517828425000062,52.183972505000042,0,05200719709110052454
05,5,58,016,2020,07,20,2,3,5,3,0,1,1,0,0,0,0,382056.657899999990000,5743040.567700000500000,7.288552866000032,51.825729177000028,0,05200720706000581078
05,5,66,076,2020,07,17,3,3,0,2,0,1,1,0,0,0,0,393901.655000000260000,5793534.875000000000000,7.444678595000028,52.281926481000028,0,05200721709500376614
05,5,13,000,2020,07,05,2,2,5,3,1,1,1,0,0,0,0,369534.440299999900000,5707177.220400000000000,7.120335297000054,51.500655957000049,1,05200720700100913207
05,5,15,000,2020,07,18,3,3,1,7,0,0,1,0,1,0,0,408577.907700000330000,5752905.790500000100000,7.670656026000074,51.919374799000082,0,05200721702100972208
05,5,54,008,2020,07,18,1,2,1,6,0,0,1,0,1,0,0,336405.235000000340000,5745731.231599999600000,6.625372608000021,51.838401536000049,0,05200719705000096502
05,5,54,008,2020,07,09,2,3,5,3,0,1,0,0,0,0,0,335463.160899999550000,5745372.612299999200000,6.611881432000075,51.834903179000037,0,05200720705000996520
05,5,66,076,2020,07,09,3,2,5,2,0,0,1,0,0,0,0,393657.310999999750000,5794308.673000000400000,7.440853988000072,52.288833530000034,0,05200721709500176732
05,5,62,014,2020,07,10,3,3,5,2,0,0,1,0,1,0,1,361811.939100000080000,5712733.340399999200000,7.006965358000059,51.548749473000044,0,05200721701300422205
05,5,15,000,2020,07,17,1,3,1,7,0,1,1,0,0,0,0,405275.927500000220000,5755852.439799999800000,7.621846285000061,51.945308712000042,0,05200719702100268301
05,5,54,012,2020,07,08,2,3,0,2,0,0,1,0,0,1,0,350512.466799999590000,5744496.595100000500000,6.830510756000024,51.831263010000043,0,05200720705000020733
05,5,66,028,2020,07,15,2,3,6,6,0,0,1,1,0,0,0,413229.502600000240000,5793459.278699999700000,7.727945512000076,52.284638270000073,0,05200720709700612260
05,5,70,004,2020,07,21,3,2,0,5,1,1,1,0,0,0,0,424551.958800000140000,5734667.881799999600000,7.906857689000049,51.757817755000076,0,05200721711213068996
05,5,54,056,2020,07,19,1,3,8,7,0,1,0,0,0,0,0,356689.442800000310000,5762204.501599999100000,6.912724218000051,51.991989921000027,0,05200726705000021097
05,5,15,000,2020,07,19,1,3,5,3,0,0,1,1,0,0,0,412547.064899999650000,5753049.742499999700000,7.728318198000068,51.921306315000038,0,05200726702100759201
05,5,70,052,2020,07,22,7,3,1,5,2,1,1,0,0,0,0,428990.947700000370000,5752916.701300000800000,7.967414722000058,51.922450485000070,0,05200725711114351183
05,5,66,076,2020,07,20,7,3,1,1,0,1,1,0,0,0,0,394161.151999999770000,5794328.845000000700000,7.448231784000029,52.289112094000075,0,05200725709500162076
05,5,66,068,2020,07,17,7,3,0,4,0,0,0,1,1,0,0,376424.029000000100000,5785914.385999999900000,7.191386057000045,52.209796782000069,1,05200725709300372411
05,5,54,008,2020,07,18,7,3,0,3,0,1,0,0,0,0,0,336395.535000000150000,5746474.312999999200000,6.624880489000020,51.845074145000069,0,05200725705000570620
05,5,12,000,2020,07,11,2,3,5,3,0,1,1,0,0,0,0,357519.012099999930000,5709335.045900000300000,6.946467282000072,51.517145134000032,0,05200727701400149200
05,5,15,000,2020,07,10,1,3,0,7,0,1,0,0,0,0,0,406205.992100000380000,5756184.999099999700000,7.635283017000063,51.948455507000062,1,05200726702100568372
05,5,62,014,2020,07,13,7,2,5,3,0,1,0,0,0,0,0,358354.162999999710000,5716416.642000000900000,6.955644523000046,51.580989892000048,0,05200725701300026177
05,5,15,000,2020,07,23,1,3,3,6,2,1,0,0,0,0,0,405436.350499999710000,5758995.600199999300000,7.623314294000068,51.973588065000058,0,05200726702100069101
05,5,62,014,2020,07,14,2,3,6,6,0,1,0,1,0,0,0,360757.851800000300000,5715624.846599999800000,6.990627387000075,51.574473717000046,0,05200727701300125202
05,5,13,000,2020,07,17,1,3,6,4,0,0,1,1,0,0,0,363759.528599999850000,5715679.960699999700000,7.033894791000023,51.575702395000064,0,05200726700200669607
05,5,70,052,2020,07,18,6,2,1,5,0,1,1,0,0,0,0,430318.263299999760000,5756331.418800000100000,7.986020874000076,51.953315296000028,0,05200724711112076143
05,5,66,028,2020,07,19,6,3,5,7,0,1,1,0,0,0,0,416351.466000000010000,5792034.016000000800000,7.774055481000062,52.272311388000048,0,05200724709500769049
05,5,54,048,2020,07,16,6,2,3,2,0,1,0,0,0,0,1,340504.457000000400000,5745433.507999999400000,6.684958198000061,51.836912534000078,1,05200724705000996533
05,5,54,020,2020,07,12,6,3,5,3,0,0,1,0,1,0,0,365991.785699999890000,5782989.650499999500000,7.039953235000041,52.181078959000047,0,05200724705000696573
05,5,54,020,2020,07,03,6,3,0,1,2,0,0,0,1,0,0,365503.049200000240000,5786154.452400000800000,7.031553174000067,52.209396881000032,0,05200724705000620953
05,5,54,012,2020,07,15,6,3,9,1,0,0,1,0,0,0,0,351963.476300000210000,5748194.828900000100000,6.849969621000071,51.864877528000079,0,05200724705000596524
05,5,15,000,2020,07,16,6,3,0,7,0,1,0,0,0,0,0,404919.670800000430000,5757228.737700000400000,7.616283913000075,51.957618665000041,0,05200724702100561966
05,5,15,000,2020,07,08,6,3,1,7,0,1,1,0,0,0,0,407370.670300000350000,5758340.327800000100000,7.651642995000032,51.968023919000075,0,05200724702100450182
05,5,15,000,2020,07,16,2,3,4,2,0,0,1,0,0,0,0,403931.760400000030000,5758085.935399999800000,7.601671573000033,51.965153648000069,1,05200727702100464029
05,5,66,020,2020,07,00,1,3,8,1,2,0,1,0,0,0,0,405087.664599999790000,5803836.430400000900000,7.605692862000069,52.376560226000038,0,05200726709700170260
05,5,62,014,2020,07,19,2,2,6,4,0,0,1,1,0,0,0,361815.439199999910000,5714881.752200000000000,7.006171468000048,51.568056369000033,0,05200727701300182201
05,5,70,004,2020,07,20,5,3,0,4,0,0,1,1,0,0,0,423992.449400000270000,5735229.026599999500000,7.898630007000065,51.762786600000027,0,05200723711216703042
05,5,66,028,2020,07,14,5,3,6,7,0,1,0,1,0,0,0,413122.564699999990000,5792166.444100000000000,7.726711352000052,52.273000980000063,0,05200723709700576770
05,5,66,076,2020,07,15,5,3,1,6,0,1,1,0,0,0,0,392774.998399999920000,5792289.631799999600000,7.428565306000053,52.270516662000034,0,05200723709500516765
05,5,66,084,2020,07,16,5,2,0,7,0,1,0,0,0,0,0,390112.400999999610000,5775897.792999999600000,7.394876692000025,52.122675686000036,0,05200723709300074736
05,5,66,012,2020,07,14,5,3,5,3,0,0,1,0,0,0,0,401108.832999999630000,5777626.026699999300000,7.554940173000034,52.140285515000073,0,05200723709110170630
05,5,54,012,2020,07,18,5,3,5,3,0,1,0,0,0,1,0,352668.331399999560000,5747327.207900000700000,6.860568932000035,51.857268608000027,0,05200723705000696524
05,5,54,008,2020,07,14,5,3,2,6,0,0,1,0,1,0,0,336145.888000000270000,5745326.815999999600000,6.621803113000055,51.834692460000042,0,05200723705000596536
05,5,54,068,2020,07,16,5,3,5,2,0,1,1,0,0,0,0,350417.348600000140000,5766698.429600000400000,6.819480392000060,52.030711634000056,0,05200723705000096531
05,5,15,000,2020,07,23,5,3,0,6,2,1,1,0,0,0,0,406144.224200000060000,5757031.162799999100000,7.634153461000039,51.956050809000033,0,05200723702100070622
05,5,15,000,2020,07,18,5,3,0,6,0,1,0,0,0,0,0,406624.589900000020000,5758870.098999999500000,7.640641882000068,51.972660922000046,0,05200723702100052432
05,5,62,036,2020,07,12,5,3,0,1,0,1,0,0,0,0,0,389009.048600000330000,5719886.099899999800000,7.396772388000045,51.619044867000071,0,05200723701930055844
05,5,62,024,2020,07,16,5,2,5,3,0,0,1,0,0,0,1,370153.946200000120000,5728063.777899999200000,7.121526066000058,51.688501195000072,0,05200723701500767067
05,5,12,000,2020,07,08,5,3,5,3,0,0,1,0,0,0,0,358673.745500000190000,5712545.593200000000000,6.961810258000071,51.546285139000076,0,05200723701400083205
05,5,13,000,2020,07,13,5,3,8,1,0,1,0,0,0,0,0,367708.730100000280000,5708341.065600000300000,7.093610612000020,51.510690777000036,0,05200723700100862587
05,5,70,004,2020,07,09,4,3,3,5,0,1,1,0,0,0,0,424289.959300000220000,5735275.848700000000000,7.902929949000054,51.763247822000039,0,05200722711213702599
05,5,62,004,2020,07,21,4,2,5,3,1,0,1,0,0,0,0,382690.695000000300000,5715646.875000000000000,7.306965394000031,51.579662807000034,0,05200722701800997207
05,5,62,016,2020,07,11,4,3,1,6,0,1,1,0,0,0,0,373635.659799999560000,5732976.413699999500000,7.170086498000046,51.733444572000053,0,05200722701700867202
05,5,62,012,2020,07,12,4,3,5,3,0,1,1,0,0,0,0,358767.843899999750000,5724567.595799999300000,6.958325820000027,51.654336885000077,0,05200722701610877203
05,5,58,016,2020,07,19,1,3,0,3,0,1,0,0,0,0,0,380790.957999999630000,5743668.597999999300000,7.269979303000071,51.831104737000032,0,05200726706100287372
05,5,54,068,2020,07,04,1,2,0,1,2,0,0,0,0,0,1,351231.274799999780000,5767342.188500000200000,6.831056083000021,52.036714365000080,1,05200726705000081780
05,5,70,020,2020,07,16,3,3,0,2,0,1,1,0,0,0,0,432950.917899999770000,5743849.186200000300000,8.026751781000030,51.841425983000079,0,05200728711422781044
05,5,66,012,2020,07,11,5,3,5,3,0,1,1,0,0,0,0,405010.777099999600000,5772234.996099999200000,7.613443833000076,52.092514881000056,0,05200730709100172363
05,5,54,016,2020,07,16,4,3,5,3,0,0,1,0,0,0,0,362723.776999999770000,5757471.948999999100000,7.002445919000024,51.950989691000075,0,05200729705000576687
05,5,70,008,2020,07,11,3,3,7,7,0,0,1,1,0,0,0,433671.770600000400000,5736371.697499999800000,8.038644930000032,51.774289570000064,0,05200728711312039521
05,5,70,004,2020,07,20,3,3,5,2,0,1,1,0,0,0,0,422628.434000000360000,5733237.211999999400000,7.879312421000066,51.744694132000063,0,05200728711215581146
05,5,66,060,2020,07,22,5,3,0,7,2,0,0,0,1,0,0,388815.858199999670000,5789584.413400000000000,7.371458107000024,52.245418796000081,0,05200730709500569125
05,5,70,004,2020,07,10,3,3,5,3,0,1,1,0,0,0,0,422503.416000000200000,5735123.560000000500000,7.877081460000056,51.761634387000072,0,05200728711215176704
05,5,13,000,2020,07,18,5,3,5,3,0,0,1,0,0,0,0,367680.496500000360000,5713283.840299999300000,7.091346615000020,51.555103341000063,0,05200730700200963350
05,5,66,076,2020,07,11,4,3,6,7,0,0,0,1,0,1,0,393800.199000000020000,5796343.793500000600000,7.442306378000069,52.307151153000063,0,05200729709500159206
05,5,66,076,2020,07,13,3,3,5,3,0,1,1,0,0,0,0,393661.202999999750000,5793589.466000000000000,7.441137944000047,52.282370634000074,0,05200728709500879230
05,5,66,008,2020,07,14,3,3,3,6,0,1,0,0,0,0,0,399151.868499999870000,5781174.315300000800000,7.525300218000041,52.171822837000036,0,05200728709110970516
05,5,54,012,2020,07,12,3,3,5,3,0,1,0,0,0,0,0,352442.096900000240000,5745851.527599999700000,6.857916053000054,51.843950005000067,0,05200728705000296567
05,5,66,012,2020,07,17,5,3,0,1,0,1,1,0,0,0,0,400967.072999999860000,5775634.751299999700000,7.553449259000047,52.122362760000044,0,05200730709110372381
05,5,54,048,2020,07,17,4,3,5,3,0,1,1,0,0,0,0,341553.580000000070000,5745692.096000000800000,6.700054272000045,51.839534284000081,0,05200729705000580892
05,5,62,004,2020,07,18,3,3,0,1,0,0,0,0,1,0,0,383519.854000000280000,5716286.552999999400000,7.318714224000075,51.585584024000070,0,05200728701800485204
05,5,62,024,2020,07,00,3,2,8,1,2,0,1,0,0,0,0,367319.483000000010000,5725849.599999999600000,7.081385937000050,51.667941035000069,0,05200728701500571187
05,5,62,024,2020,07,15,3,3,0,7,0,0,1,0,0,0,0,369989.502999999560000,5728365.610999999600000,7.119036000000051,51.691175590000057,0,05200728701500487202
05,5,62,024,2020,07,16,5,3,5,3,0,1,1,0,0,0,0,367204.938900000420000,5724960.793700000300000,7.080068323000035,51.659926787000074,0,05200730701500140202
05,5,13,000,2020,07,18,3,3,1,5,0,1,1,0,0,0,0,364615.388100000100000,5712429.589999999900000,7.047489811000048,51.546699443000080,0,05200728700200581309
05,5,13,000,2020,07,17,5,3,1,5,0,0,1,0,1,0,0,366911.745199999770000,5713166.921000000100000,7.080308625000043,51.553871800000081,0,05200730700200381322
05,5,66,076,2020,07,12,5,2,6,4,0,0,1,1,0,0,0,393349.004700000400000,5793011.134999999800000,7.436746093000068,52.277112580000050,0,05200730709500072447
05,5,58,036,2020,07,19,4,3,5,2,0,1,1,0,0,0,0,387470.939000000250000,5730539.928999999500000,7.371133251000060,51.714494381000065,0,05200729706000796610
05,5,70,004,2020,07,12,2,2,4,6,0,0,1,0,0,0,1,423490.753499999640000,5734202.656099999300000,7.891587714000025,51.753491564000058,1,05200727711214481146
05,5,15,000,2020,07,15,2,3,5,2,0,1,0,0,0,0,1,403714.520100000310000,5757402.473099999100000,7.598702141000047,51.958972882000069,1,05200727702100976689
05,5,70,004,2020,08,14,2,3,4,6,0,1,0,0,0,0,1,421147.849399999720000,5732305.151000000500000,7.858082718000048,51.736108891000072,0,05200803711215572377
05,5,66,028,2020,08,18,2,3,0,3,0,1,1,0,0,0,0,416674.337199999950000,5792957.380300000300000,7.778558112000042,52.280660065000063,0,05200803709700206676
05,5,58,020,2020,08,17,2,3,5,3,0,1,1,0,0,0,0,391556.609299999660000,5759626.940500000500000,7.421127028000058,51.976727348000054,0,05200803706200496654
05,5,58,036,2020,08,12,2,2,0,1,0,1,0,0,0,0,0,388400.649199999870000,5730871.700099999100000,7.384478813000044,51.717662024000049,0,05200803706000396566
05,5,54,008,2020,08,10,2,3,5,3,0,1,1,0,0,0,0,332679.508799999950000,5745959.787900000800000,6.571233892000066,51.839350971000044,0,05200803705000096552
05,5,15,000,2020,08,11,2,3,8,1,0,0,1,0,0,0,0,406117.952999999750000,5755862.095000000700000,7.634090615000048,51.945538237000051,0,05200803702100494201
05,5,15,000,2020,08,13,2,3,5,3,0,1,1,0,0,0,0,405209.887799999680000,5757221.024000000200000,7.620508281000070,51.957598880000035,0,05200803702100265831
05,5,62,024,2020,08,06,2,2,8,7,0,0,1,0,0,0,0,370326.046099999920000,5724046.529699999800000,7.125505601000043,51.652439386000026,0,05200803701500738205
05,5,62,024,2020,08,16,2,3,2,6,0,0,1,0,0,0,0,368434.397199999540000,5726994.872800000000000,7.097067031000051,51.678495198000064,0,05200803701500005208
05,5,12,000,2020,08,12,2,3,5,3,0,0,1,0,0,0,0,357745.106200000270000,5719131.886600000800000,6.945759423000027,51.605235155000059,0,05200803701400917208
05,5,62,024,2020,08,20,1,3,6,7,0,0,0,1,0,0,1,374273.257799999790000,5725010.260099999600000,7.182186286000047,51.661997024000073,0,05200802701500671548
05,5,62,024,2020,08,11,1,2,5,2,0,0,1,0,1,0,0,374039.243499999870000,5724833.568000000000000,7.178868319000060,51.660356702000058,0,05200802701500623207
05,5,62,020,2020,08,10,1,3,4,6,0,1,0,0,0,0,0,371488.700100000020000,5716467.186100000500000,7.145082639000066,51.584592158000078,0,05200802701200613206
05,5,70,028,2020,07,11,6,3,2,6,0,1,1,0,0,0,0,441162.789900000210000,5742528.761399999300000,8.146160149000025,51.830480839000074,0,05200731711413053165
05,5,13,000,2020,08,12,1,3,6,4,0,0,1,1,0,0,0,365236.721900000240000,5715738.818499999100000,7.055176499000027,51.576586389000056,0,05200802700200343400
05,5,66,016,2020,07,09,6,3,5,3,0,0,1,0,0,0,0,403835.843000000340000,5792306.290999999300000,7.590606395000066,52.272712091000074,0,05200731709500072447
05,5,66,012,2020,07,18,6,3,5,3,0,1,0,0,0,0,0,400676.920099999760000,5776359.746200000900000,7.549000867000075,52.128826871000058,0,05200731709100274685
05,5,54,008,2020,07,10,6,3,5,3,0,1,1,0,0,0,0,337062.579800000410000,5747068.756400000300000,6.634275247000062,51.850609388000066,0,05200731705000596651
05,5,54,056,2020,07,20,6,2,0,1,1,0,0,0,1,0,0,357440.681900000200000,5762239.117499999700000,6.923643613000024,51.992494274000080,0,05200731705000296503
05,5,54,008,2020,07,10,6,3,2,2,0,0,1,0,0,0,0,335712.729000000280000,5744988.594000000500000,6.615682616000072,51.831526839000048,0,05200731705000040603
05,5,54,004,2020,07,11,6,3,4,1,0,1,0,0,0,1,0,364597.045099999760000,5771801.102099999800000,7.024020562000032,52.080204869000056,0,05200731705000021066
05,5,13,000,2020,07,16,6,3,0,7,0,0,0,0,1,0,0,369791.480100000280000,5711002.462600000200000,7.122623139000041,51.535092192000036,0,05200731700100024209
05,5,66,040,2020,08,16,7,3,0,4,0,0,0,1,1,0,0,421625.545800000430000,5782427.008199999100000,7.853561286000058,52.186733013000037,0,05200801709800170347
05,5,66,028,2020,08,22,7,3,0,6,2,0,1,0,0,0,0,413364.976400000040000,5790501.611500000600000,7.730690680000066,52.258075146000067,0,05200801709700242518
05,5,66,076,2020,08,13,7,3,2,6,0,0,1,0,0,0,0,391555.987200000320000,5792447.814300000700000,7.410656660000029,52.271699206000051,0,05200801709500500952
05,5,66,076,2020,08,19,7,2,9,1,0,0,1,0,0,0,1,390785.351999999960000,5793646.106499999800000,7.398978981000028,52.282315757000049,0,05200801709500038473
05,5,66,096,2020,08,17,7,3,8,1,0,0,1,0,0,0,0,384556.135700000450000,5789070.308900000500000,7.309269441000026,52.239921712000069,0,05200801709300979125
05,5,58,004,2020,08,13,7,2,0,7,0,1,0,0,0,0,0,406281.672000000250000,5739223.818000000000000,7.640987964000033,51.796010742000078,0,05200801706300096612
05,5,58,016,2020,08,20,7,3,0,7,0,1,0,0,0,0,0,381353.030000000260000,5743620.042700000100000,7.278149031000055,51.830788031000054,0,05200801706100703163
05,5,54,004,2020,08,19,7,3,0,1,0,1,0,0,0,0,0,363236.468200000000000,5772353.170600000800000,7.003956829000060,52.084831002000044,0,05200801705000842447
05,5,54,040,2020,08,10,7,3,2,1,0,0,1,0,0,0,0,351684.598399999550000,5737251.656700000200000,6.850607522000075,51.766480204000061,0,05200801705000396587
05,5,54,008,2020,08,20,7,3,0,5,1,0,1,1,0,0,0,335615.045900000260000,5744978.757799999800000,6.614270930000032,51.831409741000073,0,05200801705000370633
05,5,15,000,2020,08,19,7,3,4,2,0,1,1,0,0,0,0,404663.239500000140000,5757231.495600000000000,7.612552452000045,51.957599548000076,0,05200801702100441209
05,5,62,012,2020,08,08,7,3,5,3,0,1,1,0,0,0,0,361525.165300000460000,5736033.650399999700000,6.993605099000035,51.758055733000049,1,05200801701610464206
05,5,62,014,2020,08,10,7,3,0,5,0,0,1,0,0,0,1,361381.725300000050000,5714951.761800000400000,6.999890006000044,51.568579033000049,0,05200801701300484208
05,5,62,020,2020,08,16,7,3,5,7,0,0,1,0,1,0,0,368245.231399999930000,5719097.619599999900000,7.097306394000043,51.607481894000045,0,05200801701200546204
05,5,62,020,2020,08,12,7,3,0,7,0,1,1,0,0,0,0,370180.491399999710000,5718734.793800000100000,7.125371926000071,51.604670776000034,0,05200801701200513204
05,5,66,028,2020,08,13,5,3,5,2,0,0,1,0,0,0,0,412128.965800000350000,5790794.521700000400000,7.712510280000060,52.260511862000044,0,05200806709700676770
05,5,62,020,2020,08,16,5,3,1,5,0,1,1,0,0,0,0,367314.194600000050000,5719169.421700000800000,7.083842024000035,51.607908525000028,0,05200806701200909202
05,5,54,008,2020,08,12,5,3,5,3,0,1,0,0,0,0,0,334645.733599999920000,5744543.967800000700000,6.600424205000024,51.827217816000029,0,05200806705000476764
05,5,70,012,2020,08,16,4,3,5,2,0,1,1,0,0,0,0,438540.712000000290000,5754392.768999999400000,8.106000252000058,51.936856441000032,0,05200805711131569095
05,5,62,012,2020,08,10,4,3,5,3,0,0,0,0,0,0,1,358132.568900000300000,5727533.339299999200000,6.947944335000045,51.680826210000077,0,05200805701610545202
05,5,54,004,2020,08,17,4,3,5,3,0,1,1,0,0,0,0,356683.765800000170000,5771141.876599999100000,6.908897322000030,52.072290117000080,0,05200805705000553157
05,5,13,000,2020,08,11,4,3,5,3,0,1,1,0,0,0,0,366571.088399999770000,5707975.591299999500000,7.077364757000055,51.507138886000064,0,05200805700100379205
05,5,66,012,2020,08,18,5,3,9,1,0,1,1,0,0,0,0,404903.467199999840000,5773126.999099999700000,7.611629008000023,52.100513924000040,0,05200806709000476750
05,5,15,000,2020,08,19,5,3,1,5,0,1,1,0,0,0,0,407210.963600000370000,5756781.286200000000000,7.649740098000052,51.953983808000032,0,05200806702100510903
05,5,66,024,2020,08,20,4,3,8,1,0,0,0,0,1,0,0,386105.395499999630000,5771345.035199999800000,7.337894796000057,52.080948953000075,0,05200805709300374736
05,5,15,000,2020,08,12,4,3,1,7,0,0,1,0,0,0,0,404012.545500000010000,5753997.981499999800000,7.603988541000035,51.928423573000032,0,05200805702100368281
05,5,12,000,2020,08,13,4,3,0,1,0,1,0,0,0,0,0,358810.487900000070000,5711033.092700000900000,6.964387681000062,51.532728060000068,0,05200805701400587204
05,5,54,012,2020,08,08,5,3,5,3,0,1,0,0,0,0,1,352695.847199999730000,5745691.545299999400000,6.861665086000073,51.842579574000069,0,05200806705000996682
05,5,66,040,2020,08,07,3,3,5,3,0,0,1,0,0,0,0,421594.203700000420000,5781109.575899999600000,7.853407540000035,52.174886319000052,0,05200804709800072435
05,5,62,024,2020,08,17,5,2,4,6,0,1,1,0,0,0,0,371329.502899999730000,5724920.845300000200000,7.139680967000061,51.660527202000026,0,05200806701500871548
05,5,54,016,2020,08,16,3,3,0,1,0,1,0,0,0,0,0,362859.174700000320000,5757880.234300000600000,7.004251918000023,51.954691767000043,0,05200804705000696634
05,5,15,000,2020,08,18,3,3,5,2,0,1,1,0,0,0,0,401167.016599999740000,5761545.750499999200000,7.560446008000042,51.995766331000027,0,05200804702100564121
05,5,70,048,2020,08,13,4,2,8,7,0,0,0,0,1,0,0,442885.052500000220000,5731698.573999999100000,8.172932957000057,51.733292386000073,0,05200805711322974737
05,5,15,000,2020,08,17,3,2,0,1,0,1,0,0,0,0,0,412027.951600000260000,5752491.682700000700000,7.720914211000036,51.916208225000048,0,05200804702100539953
05,5,13,000,2020,08,19,6,3,5,3,0,0,1,0,0,0,0,362503.211000000130000,5710259.676999999200000,7.017895048000071,51.526689305000048,0,05200807700000873524
05,5,62,004,2020,08,17,3,2,5,2,0,1,1,0,0,0,0,382619.829800000410000,5718739.496300000700000,7.304908561000048,51.607443443000079,0,05200804701800376200
05,5,62,028,2020,08,16,4,2,1,1,0,0,1,0,0,0,0,379400.058600000110000,5722936.296700000800000,7.256989417000057,51.644481249000080,0,05200805701920370163
05,5,12,000,2020,08,07,3,3,2,6,0,0,1,0,0,0,0,358224.350300000050000,5710694.236400000800000,6.956079181000064,51.529536234000034,0,05200804701400147202
05,5,54,008,2020,08,17,4,3,2,6,0,0,1,0,1,0,0,335748.071000000460000,5745352.634999999800000,6.616022286000032,51.834807566000052,0,05200805705000596520
05,5,62,014,2020,08,10,3,2,5,3,0,1,1,0,0,0,0,360594.940100000240000,5715304.404200000700000,6.988405158000035,51.571553939000069,0,05200804701300257205
05,5,13,000,2020,08,10,4,3,5,3,0,1,1,0,0,0,0,366865.253999999720000,5707867.973099999100000,7.081641587000036,51.506241137000075,0,05200805700100477746
05,5,66,012,2020,08,18,5,3,5,3,0,1,1,0,0,0,0,404529.105399999770000,5772098.889200000100000,7.606453245000068,52.091208641000037,0,05200806709100574685
05,5,15,000,2020,08,16,5,2,0,3,0,1,1,0,0,0,0,406646.846699999650000,5754525.640300000100000,7.642146041000046,51.933614489000036,0,05200806702100966481
05,5,66,076,2020,08,07,4,2,5,3,0,1,1,0,0,0,0,392382.694099999960000,5791754.644899999700000,7.422988900000064,52.265632022000034,0,05200805709500666141
05,5,13,000,2020,08,10,5,3,6,2,0,0,1,1,0,0,0,366644.478699999860000,5705998.063600000000000,7.079169061000073,51.489384819000065,0,05200806700100470206
05,5,54,004,2020,08,07,4,3,2,6,0,0,1,0,0,0,0,363536.839999999850000,5770465.389599999400000,7.009092856000052,52.067942649000031,0,05200805705000096531
05,5,12,000,2020,08,15,4,3,5,3,0,1,1,0,0,0,0,355822.427799999710000,5710545.680700000400000,6.921536779000064,51.527593171000035,0,05200805701400627200
05,5,58,016,2020,08,16,5,3,5,3,0,1,1,0,0,0,0,380874.535000000150000,5743839.347999999300000,7.271132842000043,51.832657118000043,0,05200806706100368328
05,5,15,000,2020,08,08,5,2,0,3,0,1,0,0,0,0,0,409325.254900000060000,5754590.594200000200000,7.681075978000024,51.934641177000060,0,05200806702100465837
05,5,58,012,2020,08,09,4,3,0,7,0,1,0,0,0,0,0,374077.155799999830000,5756688.315199999100000,7.167844556000034,51.946633888000065,0,05200805706200696562
05,5,70,028,2020,08,15,4,3,0,7,0,0,1,0,0,0,1,442040.123700000350000,5742087.114900000400000,8.158964397000034,51.826602053000045,0,05200805711411536320
05,5,15,000,2020,08,08,4,3,5,2,0,1,1,0,0,0,0,407509.598699999970000,5754698.199300000400000,7.654644918000031,51.935309600000039,0,05200805702100087866
05,5,12,000,2020,08,16,4,3,5,3,0,0,1,0,1,0,0,355776.491999999620000,5710307.122999999700000,6.920972708000022,51.525437819000047,0,05200805701000094965
05,5,54,008,2020,08,13,3,3,1,5,0,0,1,0,0,0,1,335430.262699999850000,5745845.602000000000000,6.611179424000056,51.839142538000033,0,05200811705000380993
05,5,70,032,2020,08,09,3,3,5,2,0,1,1,0,0,0,0,420434.673999999650000,5766002.340700000500000,7.839984036000033,52.038922224000032,0,05200811711151002754
05,5,70,008,2020,08,17,1,3,5,3,0,0,1,0,0,0,0,434151.713999999690000,5733514.946000000500000,8.046141527000032,51.748663826000040,1,05200809711312581366
05,5,62,020,2020,08,06,3,3,5,7,0,1,1,0,0,0,0,369691.971499999990000,5721081.481100000400000,7.117449099000055,51.625646909000068,0,05200811701200889201