ULAND,UREGBEZ,UKREIS,UGEMEINDE,UJAHR,UMONAT,USTUNDE,UWOCHENTAG,UKATEGORIE,UART,UTYP1,ULICHTVERH,IstRad,IstPKW,IstFuss,IstKrad,IstGkfz,IstSonstige,LINREFX,LINREFY,XGCSWGS84,YGCSWGS84,STRZUSTAND,UIDENTSTLAE
05,5,66,052,2020,08,02,1,3,4,3,2,1,0,0,0,0,0,376845.957000000400000,5778469.797000000300000,7.200260798000045,52.142992356000036,0,05200809709300941172
05,5,62,024,2020,08,12,1,3,5,2,0,0,1,0,1,0,0,369729.716099999850000,5725745.978199999800000,7.116257036000036,51.667573816000072,0,05200809701500427209
05,5,12,000,2020,08,03,1,3,6,7,2,0,1,1,0,0,0,356669.509999999780000,5719939.323999999100000,6.929907985000057,51.612217804000068,0,05200809701400194965
05,5,62,014,2020,08,15,1,3,0,1,0,0,0,0,1,0,0,363162.509200000200000,5712948.158099999700000,7.026348067000072,51.551009028000067,0,05200809701300441207
05,5,13,000,2020,08,18,1,3,6,7,0,1,0,1,0,0,0,367926.786000000310000,5708157.445000000300000,7.096819831000062,51.509091636000051,0,05200809700100967056
05,5,54,020,2020,08,14,3,3,5,2,0,1,1,0,0,0,0,365934.098000000230000,5785982.463999999700000,7.037925929000039,52.207956531000036,0,05200811705000920728
05,5,66,076,2020,08,16,2,3,0,7,0,1,0,0,0,0,0,395312.983099999840000,5793720.931700000500000,7.465301713000031,52.283869244000073,0,05200810709500574673
05,5,66,076,2020,08,11,2,3,5,3,0,0,1,0,1,0,0,391627.850999999790000,5792369.898000000000000,7.411734482000043,52.271013134000043,0,05200810709500079091
05,5,58,040,2020,08,08,2,3,6,4,0,0,1,1,0,0,0,376225.400299999860000,5764608.499600000700000,7.196226736000028,52.018291009000052,0,05200810706000596625
05,5,70,048,2020,08,18,7,3,6,7,0,1,0,1,0,0,0,446843.578599999660000,5732843.406500000500000,8.230074668000043,51.743974455000057,0,05200808711321602573
05,5,54,008,2020,08,11,2,3,1,1,0,0,1,0,0,0,0,336692.743300000210000,5743471.586899999500000,6.630607979000047,51.818186104000063,0,05200810705000781087
05,5,70,052,2020,08,12,7,3,0,5,0,0,1,0,1,0,0,430891.618200000380000,5757065.531400000700000,7.994215024000027,51.959986248000064,0,05200808711113557376
05,5,70,052,2020,08,17,7,3,0,7,0,1,1,0,0,0,0,429417.124599999750000,5756464.455299999600000,7.972882820000052,51.954397597000082,0,05200808711112003041
05,5,54,008,2020,08,21,2,3,2,6,2,0,1,0,0,0,0,336068.406200000080000,5745412.647299999400000,6.620638919000044,51.835440787000039,0,05200810705000096552
05,5,66,044,2020,08,14,7,3,5,2,0,0,1,0,1,0,0,424190.593000000340000,5777240.587999999500000,7.892232655000044,52.140470718000074,0,05200808709800970347
05,5,66,060,2020,08,09,7,2,5,3,0,1,1,0,0,0,0,388797.017199999650000,5789129.867900000900000,7.371331861000044,52.241330013000038,0,05200808709500576769
05,5,62,012,2020,08,19,2,3,5,3,0,1,1,0,0,0,0,358940.795199999590000,5728336.181700000500000,6.959302554000033,51.688243918000069,0,05200810701610844202
05,5,66,076,2020,08,23,7,3,0,7,2,1,0,0,0,0,0,393632.729700000030000,5792086.247899999800000,7.441194839000048,52.268855396000049,0,05200808709500174669
05,5,54,060,2020,08,19,7,2,5,3,0,0,1,0,1,0,0,353320.150000000370000,5756723.600999999800000,6.866029028000071,51.941865789000076,0,05200808705000796644
05,5,54,012,2020,08,11,7,3,5,3,0,1,1,0,0,0,0,350964.462000000290000,5744766.065999999600000,6.836949396000023,51.833804922000070,0,05200808705000696572
05,5,62,032,2020,08,05,2,3,5,3,0,1,1,0,0,0,0,377338.610000000340000,5716521.226399999100000,7.229456250000055,51.586381540000048,0,05200810701120509207
05,5,62,024,2020,08,21,7,3,6,4,1,0,1,1,0,0,0,368421.550599999730000,5724481.053099999200000,7.097827991000031,51.655901727000071,0,05200808701500358209
05,5,62,032,2020,08,10,2,3,6,6,0,0,1,1,0,0,0,372899.228199999780000,5719140.996999999500000,7.164462031000028,51.608941494000078,0,05200810701110637204
05,5,13,000,2020,08,15,2,3,5,3,0,0,1,0,0,0,0,367219.367899999950000,5713620.580600000900000,7.084571868000069,51.558021149000069,0,05200810700200770202
05,5,62,014,2020,08,09,3,3,5,3,0,1,1,0,0,0,0,361117.622800000010000,5715203.355399999800000,6.995982361000074,51.570774896000046,0,05200811701300045421
05,5,66,060,2020,08,18,3,3,0,7,0,1,0,0,0,0,0,386693.412299999970000,5793362.777200000400000,7.339115666000055,52.278941261000057,0,05200811709500072447
05,5,62,020,2020,08,20,3,2,8,1,0,0,1,0,0,0,0,370564.367100000380000,5717753.091099999800000,7.131274282000049,51.595936788000074,0,05200811701200543200
05,5,66,028,2020,08,20,6,2,0,1,0,1,0,0,0,0,0,414017.693300000390000,5795870.007300000600000,7.738881949000074,52.306430565000028,0,05200807709700576667
05,5,66,076,2020,08,18,6,3,8,7,0,1,0,0,0,0,0,394298.997899999840000,5791212.570900000600000,7.451228744000048,52.261131901000056,0,05200807709500774669
05,5,66,076,2020,08,13,6,3,5,2,0,1,0,0,0,0,1,393760.759200000200000,5794753.298299999900000,7.442229893000047,52.292849471000068,0,05200807709500074704
05,5,66,076,2020,08,15,6,3,0,7,0,1,0,0,0,0,0,394040.470599999650000,5792099.642699999700000,7.447163663000026,52.269054495000034,0,05200807709500038566
05,5,66,012,2020,08,13,6,3,5,3,0,1,1,0,0,0,0,404663.217299999670000,5773420.508600000300000,7.608040436000067,52.103110681000032,0,05200807709110757478
05,5,58,016,2020,08,13,6,3,6,6,0,0,0,1,0,0,1,380712.938199999740000,5743519.120799999700000,7.268899117000046,51.829744714000071,0,05200807706100027034
05,5,54,012,2020,08,15,6,2,5,3,0,0,1,0,1,0,0,352281.616999999620000,5745916.632999999400000,6.855560334000074,51.844492538000054,0,05200807705000696587
05,5,54,028,2020,08,07,6,3,0,6,0,1,0,0,1,0,0,358377.601200000380000,5743154.051500000100000,6.945123978000027,51.821249077000061,0,05200807705000409653
05,5,15,000,2020,08,17,6,3,0,7,0,1,1,0,0,0,0,407274.318799999540000,5758560.738900000200000,7.650181346000068,51.969989022000050,0,05200807702100964164
05,5,15,000,2020,08,15,6,3,5,3,0,1,1,0,0,0,0,412656.316100000400000,5752697.236400000800000,7.729995860000031,51.918154833000074,0,05200807702100942019
05,5,15,000,2020,08,20,6,3,1,6,0,0,1,0,0,0,0,406215.586199999790000,5754984.011099999800000,7.635750153000060,51.937662051000075,0,05200807702100750182
05,5,15,000,2020,08,14,6,2,1,1,0,1,1,0,0,0,0,405540.941700000320000,5755438.804500000600000,7.625814451000053,51.941635831000042,0,05200807702100570820
05,5,15,000,2020,08,11,6,3,5,2,0,1,1,0,0,0,0,403937.229000000280000,5752923.336999999400000,7.603193414000032,51.918751245000067,0,05200807702100539947
05,5,15,000,2020,08,14,6,3,0,3,0,1,1,0,0,0,0,403811.035000000150000,5760936.160000000100000,7.599115932000075,51.990751457000044,0,05200807702100079178
05,5,15,000,2020,08,14,6,3,0,1,0,0,1,1,0,0,0,406346.019100000150000,5760152.171399999400000,7.636237759000039,51.984137883000074,0,05200807702100066481
05,5,62,004,2020,08,19,6,3,1,5,0,1,1,0,0,0,0,383227.940999999640000,5717276.367000000600000,7.314173345000029,51.594419753000068,0,05200807701800226206
05,5,62,016,2020,08,10,6,3,5,3,0,0,1,0,0,0,0,374242.402999999930000,5733691.748800000200000,7.178609593000033,51.740009606000058,0,05200807701700174724
05,5,12,000,2020,08,14,6,3,1,5,0,0,1,0,1,0,0,356302.232699999590000,5712250.644899999700000,6.927752912000074,51.543035918000044,0,05200807701400170205
05,5,54,012,2020,08,14,4,3,8,7,0,0,1,1,0,0,0,352568.687099999750000,5745664.931900000200000,6.859831905000021,51.842306896000082,0,05200812705000579162
05,5,54,016,2020,08,15,4,3,5,3,0,0,1,0,0,0,0,363132.894000000320000,5757395.826999999600000,7.008425543000044,51.950406507000082,0,05200812705000296695
05,5,54,004,2020,08,18,4,3,0,7,0,1,0,0,0,0,1,362914.711699999870000,5771233.967599999200000,6.999713686000064,52.074694985000065,0,05200812705000065800
05,5,70,020,2020,08,11,5,3,0,5,0,0,1,0,0,0,1,433022.622700000180000,5743196.416099999100000,8.027918839000051,51.835566244000063,0,05200813711421279597
05,5,15,000,2020,08,18,4,3,0,1,0,1,0,0,0,0,0,407370.765900000000000,5756256.401799999200000,7.652206310000054,51.949292502000048,0,05200812702100976207
05,5,15,000,2020,08,07,4,3,0,5,0,1,1,0,0,0,0,405505.980999999680000,5755672.437999999200000,7.625241796000069,51.943729899000061,0,05200812702100761900
05,5,54,040,2020,08,16,5,3,4,6,0,1,0,0,0,0,0,352597.558699999940000,5735419.916400000500000,6.864605053000048,51.750262963000068,0,05200813705000544445
05,5,15,000,2020,08,13,4,3,5,3,0,0,1,0,0,0,0,406083.786000000310000,5758058.464999999900000,7.632993308000039,51.965274468000075,0,05200812702100079178
05,5,70,020,2020,08,07,6,3,5,3,0,0,1,0,1,0,0,433484.405700000000000,5743840.631500000100000,8.034496055000034,51.841412886000057,0,05200814711422779136
05,5,62,004,2020,08,14,4,3,2,2,0,0,1,0,0,0,0,384524.284799999560000,5716588.467100000000000,7.333106319000024,51.588504290000060,0,05200812701800458204
05,5,62,016,2020,08,15,4,2,3,5,0,0,0,0,1,0,1,375292.320600000210000,5734585.112299999200000,7.193487441000059,51.748272773000053,0,05200812701700370384
05,5,13,000,2020,08,12,4,3,6,4,0,0,1,1,0,0,0,367882.208499999720000,5709557.005799999500000,7.095653259000073,51.521658697000078,0,05200812700100017208
05,5,13,000,2020,08,07,4,3,5,3,0,0,1,0,0,0,0,364614.512799999680000,5717238.248600000500000,7.045624577000069,51.589911724000046,1,05200812700000519942
05,5,15,000,2020,08,07,6,3,5,3,0,1,1,0,0,0,0,406009.813199999740000,5752866.359200000800000,7.633336141000029,51.918592801000045,0,05200814702100679608
05,5,66,012,2020,08,09,5,3,0,1,0,1,0,0,0,0,1,400687.103900000450000,5776362.450899999600000,7.549148799000022,52.128853011000047,0,05200813709100755927
05,5,15,000,2020,08,11,5,3,3,6,0,1,0,0,0,0,0,406132.645899999890000,5758760.675899999200000,7.633512286000041,51.971594507000077,0,05200813702100564164
05,5,66,076,2020,08,12,6,3,5,3,0,1,1,0,0,0,0,395293.745000000110000,5793731.916799999800000,7.465016382000044,52.283964306000030,0,05200814709500532209
05,5,13,000,2020,08,10,6,3,6,7,0,0,0,1,0,0,1,367673.381199999710000,5713293.473799999800000,7.091240417000051,51.555188245000068,0,05200814700200974464
05,5,54,064,2020,08,09,5,3,5,3,0,1,1,0,0,0,0,356718.114799999630000,5750674.008700000100000,6.917945244000066,51.888394741000070,0,05200813705000696524
05,5,13,000,2020,08,18,5,3,0,6,0,1,1,0,0,0,0,368665.502100000160000,5708443.829199999600000,7.107351816000062,51.511837494000076,0,05200813700000881333
05,5,15,000,2020,08,15,6,3,0,5,0,1,1,0,0,0,0,407018.768500000240000,5757354.742799999200000,7.646788931000060,51.959106230000032,0,05200814702100939623
05,5,70,004,2020,08,18,5,3,0,3,0,1,0,0,0,0,0,425274.410000000150000,5734044.568000000000000,7.917457025000033,51.752311198000029,0,05200813711213476704
05,5,54,020,2020,08,21,5,3,4,6,2,0,1,0,0,0,0,365602.359000000170000,5786114.554400000700000,7.033021544000064,52.209062611000036,1,05200813705000296645
05,5,66,016,2020,08,11,6,3,2,1,0,0,1,0,1,0,0,403976.139000000430000,5795103.377000000300000,7.591865015000053,52.297876274000032,0,05200814709500862050
05,5,15,000,2020,08,11,6,3,0,6,0,1,1,0,0,0,0,412534.749099999670000,5752622.712999999500000,7.728247638000028,51.917465870000058,0,05200814702100064203
05,5,70,028,2020,08,10,4,2,6,2,0,0,1,1,0,0,0,441545.187699999660000,5742650.266699999600000,8.151688285000034,51.831613350000055,0,05200812711413681082
05,5,66,076,2020,08,19,4,3,0,7,0,1,1,0,0,0,0,394019.379300000150000,5796424.327299999100000,7.445494581000048,52.307917267000050,0,05200812709500912033
05,5,58,016,2020,08,21,4,2,8,1,2,0,0,0,0,0,1,379402.441800000150000,5742794.727299999400000,7.250142986000071,51.822953194000036,0,05200812706100823545
05,5,15,000,2020,08,07,5,3,0,1,0,1,0,0,0,0,0,406765.371899999680000,5759418.016200000400000,7.642541910000034,51.977609495000081,0,05200813702100542516
05,5,58,016,2020,08,02,6,2,9,1,2,0,0,0,1,0,0,382308.457999999630000,5746013.607000000800000,7.291193439000040,51.852501591000077,0,05200814706100081907
05,5,54,008,2020,08,14,5,3,5,2,0,1,1,0,0,0,0,335588.020800000060000,5744018.424900000900000,6.614335135000033,51.822774712000069,0,05200813705000876771
05,5,54,008,2020,08,14,4,3,1,5,0,1,1,0,0,0,0,337051.889299999920000,5746990.066099999500000,6.634157258000073,51.849899352000079,0,05200812705000696574
05,5,70,008,2020,08,14,1,3,2,2,0,1,1,0,0,0,0,433441.818599999880000,5734856.843499999500000,8.035602814000072,51.760643673000061,0,05200816711312335328
05,5,70,004,2020,08,20,1,3,0,1,1,1,0,0,0,0,0,423395.411999999550000,5733609.302300000600000,7.890337485000032,51.748144488000037,0,05200816711214579615
05,5,66,068,2020,08,15,1,2,8,1,0,1,0,0,0,0,0,379029.764000000430000,5784151.875000000000000,7.230132243000071,52.194536391000042,0,05200816709300640735
05,5,54,008,2020,08,15,1,3,0,2,0,1,1,0,0,0,0,335716.251799999740000,5748094.851700000500000,6.614258130000053,51.859432629000082,0,05200816705000981087
05,5,54,012,2020,08,15,1,3,0,7,0,0,0,0,0,0,1,352655.653099999760000,5752045.425699999600000,6.858370835000073,51.899657810000065,0,05200816705000142405
05,5,12,000,2020,08,20,1,3,4,1,1,0,1,0,0,0,0,358172.387400000360000,5710643.355699999300000,6.955351056000040,51.529065973000058,1,05200816701400875200
05,5,66,028,2020,08,17,3,3,0,1,0,1,1,0,0,0,0,409984.712299999780000,5791925.205900000400000,7.680799885000056,52.270327921000046,0,05200818709700744867
05,5,13,000,2020,08,14,1,2,3,6,0,1,0,0,0,0,0,365187.859799999740000,5710495.403000000900000,7.056481577000056,51.529454945000055,0,05200816700200881205
05,5,66,076,2020,08,17,3,3,5,3,0,0,1,0,0,0,1,395391.817999999970000,5794325.096000000800000,7.466269445000023,52.289314058000059,0,05200818709500574722
05,5,66,012,2020,08,16,3,3,0,6,0,1,1,0,0,0,0,404999.086299999620000,5771918.400699999200000,7.613361468000051,52.089667257000031,0,05200818709100576669
05,5,58,016,2020,08,07,3,3,0,1,0,1,0,0,0,0,0,381552.199199999680000,5742938.055999999900000,7.281271408000066,51.824701166000068,0,05200818706100678383
05,5,54,008,2020,08,10,3,3,5,2,0,1,1,0,0,0,0,336338.053799999880000,5745235.130300000300000,6.624633001000063,51.833925140000076,0,05200818705000196533
05,5,15,000,2020,08,12,3,3,0,1,0,1,0,0,0,0,0,404680.448900000190000,5757416.701999999600000,7.612751433000028,51.959267204000071,0,05200818702100776651
05,5,62,024,2020,08,12,3,3,1,6,0,0,1,0,0,0,0,368784.034300000410000,5726283.293999999800000,7.102388460000043,51.672182372000066,0,05200818701500434202
05,5,12,000,2020,08,07,3,3,4,5,0,0,1,0,0,0,0,357702.913900000040000,5709971.854399999600000,6.948858826000048,51.522913804000041,0,05200818701400494965
05,5,66,028,2020,08,14,2,3,7,1,0,0,0,0,1,0,0,412357.487999999900000,5793928.422000000300000,7.715043251000054,52.288716681000039,0,05200817709700376376
05,5,66,008,2020,08,10,2,3,5,7,0,1,1,0,0,0,0,399755.736700000240000,5781060.031300000800000,7.534161193000045,52.170905711000046,0,05200817709100564200
05,5,58,012,2020,08,20,2,3,0,1,1,1,0,0,0,0,0,374769.163999999870000,5753629.960300000400000,7.179020840000021,51.919306150000068,0,05200817706200065909
05,5,58,016,2020,08,18,2,3,0,1,0,1,0,0,0,0,0,380729.706000000240000,5744486.359999999400000,7.268808944000057,51.838440975000026,1,05200817706000981081
05,5,54,004,2020,08,15,2,3,1,5,0,1,1,0,0,0,0,363466.991899999790000,5771771.466800000500000,7.007551934000048,52.079661070000043,0,05200817705131803115
05,5,54,008,2020,08,08,2,3,4,2,0,1,0,0,0,0,0,333981.179999999700000,5743459.490000000200000,6.591309461000037,51.817278585000054,1,05200817705000570620
05,5,15,000,2020,08,19,2,3,0,1,0,1,0,0,0,0,0,406112.864000000060000,5757493.588999999700000,7.633570847000044,51.960202017000029,1,05200817702100368375
05,5,15,000,2020,08,16,2,3,0,4,0,1,0,1,0,0,0,406135.716000000010000,5757123.527000000700000,7.634004448000042,51.956879586000071,0,05200817702100070612
05,5,62,008,2020,08,15,2,3,4,5,0,0,1,0,1,0,0,384336.165699999780000,5721411.799799999200000,7.328800575000059,51.631816533000062,0,05200817701910948785
05,5,62,008,2020,08,10,2,2,6,4,0,0,1,1,0,0,0,385800.115799999800000,5724025.629499999800000,7.349090144000058,51.655608118000032,0,05200817701910050833
05,5,12,000,2020,08,17,2,3,6,4,0,0,1,1,0,0,0,356207.713800000030000,5719019.963700000200000,6.923620119000020,51.603839000000050,0,05200817701400179205
05,5,62,014,2020,08,17,2,3,5,3,0,1,1,0,0,0,0,360941.997700000180000,5714042.770500000600000,6.993909019000057,51.560302466000053,0,05200817701300210200
05,5,62,020,2020,08,11,2,3,0,7,0,0,1,0,0,0,0,372228.052000000140000,5715686.716000000000000,7.156032388000028,51.577746238000032,1,05200817701200052208
05,5,58,004,2020,08,19,7,3,3,6,0,1,0,0,0,0,0,403628.095499999820000,5738262.711400000400000,7.602787579000051,51.786920781000049,0,05200815706300953113
05,5,58,012,2020,08,13,7,3,0,2,0,1,1,0,0,0,0,373916.621399999600000,5755741.789200000500000,7.165857157000062,51.938091632000067,1,05200815706200496625
05,5,54,004,2020,08,00,7,2,9,1,2,0,1,0,0,0,0,357624.216199999680000,5770494.405799999800000,6.922879546000047,52.066715197000065,0,05200815705000496503
05,5,15,000,2020,08,09,7,3,0,5,0,0,1,0,0,0,0,403688.173299999910000,5754185.126299999700000,7.599220114000048,51.930049672000052,0,05200815702100079092
05,5,62,012,2020,08,13,7,3,5,3,0,1,0,0,0,0,0,359288.825899999590000,5725413.005799999500000,6.965511813000035,51.662064227000030,1,05200815701610686206
05,5,62,020,2020,08,11,7,3,4,6,0,1,0,0,0,0,0,371551.792500000450000,5719434.205299999600000,7.144906399000035,51.611270735000062,0,05200815701200678203
05,5,13,000,2020,08,15,7,2,5,3,0,0,1,0,1,0,0,369202.118800000290000,5714618.054400000700000,7.112786079000045,51.567448444000036,1,05200815700200746941
05,5,62,032,2020,08,17,4,3,5,3,0,1,1,0,0,0,0,375286.739000000060000,5716406.584000000700000,7.199895055000070,51.584900851000043,0,05200819701110651306
05,5,66,028,2020,08,07,4,3,5,2,0,1,1,0,0,0,0,411527.902999999930000,5793109.560000000500000,7.703098735000026,52.281223632000035,0,05200819709700448420
05,5,54,008,2020,08,12,4,3,2,2,0,1,0,0,0,1,0,336098.332999999630000,5745989.281999999700000,6.620799720000036,51.840629739000065,0,05200819705000596537
05,5,62,014,2020,08,08,4,3,6,2,0,0,1,1,0,0,0,360701.216099999850000,5715300.430700000400000,6.989939265000032,51.571544500000073,0,05200819701300871478
05,5,66,028,2020,08,09,5,3,1,2,0,1,1,0,0,0,0,415616.853000000120000,5791748.141000000800000,7.763363289000040,52.269629563000080,0,05200820709700476376
05,5,62,032,2020,08,18,5,3,2,6,0,0,1,0,1,0,0,375493.979899999690000,5719602.835400000200000,7.201750263000065,51.613671852000039,0,05200820701110109201
05,5,15,000,2020,08,10,6,3,5,3,0,1,1,0,0,0,0,404912.875500000080000,5756292.655400000500000,7.616444080000065,51.949203616000034,0,05200821702100870562
05,5,62,004,2020,08,20,6,3,5,3,1,1,1,0,0,0,0,383509.043100000360000,5716305.471999999100000,7.318551972000023,51.585751828000070,0,05200821701800434205
05,5,58,036,2020,08,07,4,2,0,7,0,1,1,1,0,0,0,388301.391400000080000,5730533.185300000000000,7.383151095000073,51.714599757000030,0,05200819706300776682
05,5,62,024,2020,08,14,6,3,5,3,0,1,1,0,0,0,0,370426.013399999590000,5725923.057900000400000,7.126254190000054,51.669326174000048,0,05200821701500382200
05,5,12,000,2020,08,17,6,3,0,1,0,1,0,0,0,0,0,359605.646399999970000,5708002.822200000300000,6.977051456000027,51.505696079000074,1,05200821701400495200
05,5,62,032,2020,08,15,6,3,5,5,0,1,1,0,0,0,0,375390.731599999590000,5719327.817600000600000,7.200357605000022,51.611177391000069,0,05200821701110671187
05,5,62,032,2020,08,22,6,3,3,6,2,1,1,0,0,0,0,376128.156000000420000,5719889.274199999900000,7.210803649000070,51.616386025000054,0,05200821701110548296
05,5,15,000,2020,08,16,4,3,0,6,0,1,1,0,0,0,0,406087.677799999710000,5758929.012900000400000,7.632811801000059,51.973099997000077,0,05200819702100533550
05,5,62,032,2020,08,16,6,2,0,1,0,1,0,0,0,0,0,374384.037800000050000,5720051.559699999200000,7.185567059000050,51.617457979000051,1,05200821701110412205
05,5,70,024,2020,08,17,5,2,8,1,0,0,1,0,0,0,0,419063.205000000070000,5754251.898000000000000,7.822766326000021,51.933098087000076,0,05200820711161453624
05,5,13,000,2020,08,21,6,3,6,4,1,0,1,1,0,0,0,366820.224000000390000,5709118.279999999300000,7.080520819000071,51.517466610000042,1,05200821700100071538
05,5,15,000,2020,08,18,5,3,5,2,0,1,1,0,0,0,0,405422.991999999620000,5758291.105000000400000,7.623313969000037,51.967253503000052,0,05200820702100070553
05,5,66,040,2020,08,16,4,3,0,3,0,1,1,0,0,0,0,420981.158200000410000,5782358.116499999500000,7.844153500000061,52.186021806000042,0,05200819709800574652
05,5,54,008,2020,08,14,4,3,5,3,0,1,0,0,0,0,1,334640.036199999970000,5744175.555700000400000,6.600517553000032,51.823906561000058,0,05200819705000596552
05,5,62,032,2020,08,08,5,3,4,5,0,1,1,0,0,0,0,376364.179600000380000,5718551.768600000100000,7.214682707000065,51.604417502000047,1,05200820701110880209
05,5,62,024,2020,08,05,4,3,5,2,1,1,1,0,0,0,0,369075.543300000020000,5725173.711200000700000,7.107017479000035,51.662279054000066,0,05200819701500547202
05,5,70,052,2020,08,15,5,3,7,4,0,1,0,1,0,0,0,428009.259999999780000,5764828.227000000000000,7.950643130000060,52.029402950000076,0,05200820711111172431
05,5,66,060,2020,08,06,4,3,5,7,0,1,1,0,0,0,0,388655.113800000400000,5789268.398399999400000,7.369208821000029,52.242546293000032,0,05200819709500574704
05,5,54,008,2020,08,12,4,3,7,5,0,1,1,0,0,0,0,336180.866299999880000,5746294.769300000700000,6.621851984000045,51.843398285000035,0,05200819705000596536
05,5,70,004,2020,08,07,5,3,2,6,0,0,1,0,0,0,0,422946.779199999760000,5735283.681900000200000,7.883468923000066,51.763135008000063,1,05200820711215170571
05,5,62,020,2020,08,15,4,3,6,4,0,0,1,1,0,0,0,367768.542999999600000,5718342.529500000200000,7.090711285000054,51.600584483000034,0,05200819701200768207
05,5,58,016,2020,08,21,5,3,1,5,2,1,1,0,0,0,0,381011.224399999720000,5744349.648700000700000,7.272940157000051,51.837272389000077,0,05200820706100696516
05,5,13,000,2020,08,14,5,3,2,7,0,0,0,0,1,0,1,367416.984000000170000,5713608.630400000100000,7.087425377000045,51.557960240000057,0,05200820700000680896
05,5,70,008,2020,08,21,4,3,5,3,2,0,1,0,1,0,0,433674.144100000150000,5734335.373700000300000,8.039068114000031,51.755983192000031,0,05200819711311072788
05,5,15,000,2020,08,14,4,3,0,5,0,1,1,0,0,0,0,406706.644299999810000,5750712.803400000600000,7.644048507000036,51.899352585000031,0,05200819702100336204
05,5,70,052,2020,08,11,5,3,5,2,0,1,1,0,0,0,0,430801.622000000440000,5756873.597999999300000,7.992944126000054,51.958249644000034,0,05200820711111561701
05,5,58,016,2020,08,07,4,3,5,3,0,1,1,0,0,0,0,379941.845999999900000,5744614.910599999100000,7.257334346000050,51.839427444000080,0,05200819706100898205
05,5,12,000,2020,08,09,5,3,4,6,0,1,0,0,0,0,0,357934.986700000240000,5709867.331700000900000,6.952243883000051,51.522032991000060,0,05200820701400884205
05,5,66,072,2020,08,17,2,2,5,3,0,1,1,0,0,0,0,412846.036000000310000,5803162.039999999100000,7.719810054000050,52.371788084000059,0,05200824709000852883
05,5,66,076,2020,08,08,4,3,0,2,0,1,1,0,0,0,0,393252.862999999900000,5792447.134999999800000,7.435515965000036,52.272025149000058,1,05200826709500666141
05,5,62,014,2020,08,23,2,3,1,5,2,0,1,0,1,0,0,362795.771099999550000,5712206.863500000900000,7.021350960000063,51.544258481000043,0,05200824701300041204
05,5,62,032,2020,08,08,4,3,5,3,0,1,1,0,0,0,0,374845.298499999570000,5719884.825400000400000,7.192285614000070,51.616062276000036,0,05200826701110474202
05,5,58,016,2020,08,18,3,3,5,3,0,1,1,0,0,0,0,380600.302000000140000,5743771.703999999900000,7.267178201000036,51.831990641000061,0,05200825706100874646
05,5,62,024,2020,08,07,3,3,5,2,0,0,1,0,0,0,0,368447.773099999870000,5723934.002399999600000,7.098412658000029,51.650991775000080,0,05200825701500471548
05,5,70,004,2020,08,10,1,3,6,7,0,0,1,1,0,0,0,422481.720900000070000,5734885.791799999800000,7.876820207000037,51.759493944000042,0,05200823711215076718
05,5,15,000,2020,08,13,2,3,0,3,0,1,0,0,0,0,0,408911.122999999670000,5753108.305800000200000,7.675446239000053,51.921249754000030,0,05200824702100544586
05,5,54,008,2020,08,20,4,3,5,3,1,1,1,0,0,0,0,337144.143000000160000,5745760.798000000400000,6.636074287000042,51.838883096000075,0,05200826705000480974
05,5,66,076,2020,08,00,1,3,1,1,2,1,1,0,0,0,1,394575.546199999750000,5788368.667899999800000,7.456166867000036,52.235625939000045,0,05200823709500979157
05,5,58,024,2020,08,20,1,2,0,1,2,1,0,0,0,0,0,391749.804999999700000,5736542.182499999200000,7.431176918000062,51.769284648000053,0,05200823706300208328
05,5,70,032,2020,08,15,2,2,5,3,0,1,1,0,0,0,0,420185.033599999730000,5767267.529699999800000,7.836049798000033,52.050259168000082,0,05200824711152074649
05,5,15,000,2020,08,09,1,2,5,2,0,1,0,0,0,0,0,407162.353000000120000,5757798.263000000300000,7.648758093000026,51.963116811000077,0,05200823702100168301
05,5,13,000,2020,08,13,1,3,5,3,0,0,1,0,0,0,0,369590.578999999910000,5709204.346999999100000,7.120393887000034,51.518886439000028,1,05200823700100773492
05,5,13,000,2020,08,16,2,3,5,2,0,0,1,0,1,0,0,368387.335799999540000,5708957.268699999900000,7.103153850000069,51.516386932000046,0,05200824700100912201
05,5,54,068,2020,08,06,3,2,0,3,0,1,1,0,0,0,0,351044.238900000230000,5767276.872099999300000,6.828359795000040,52.036077326000054,1,05200825705000096634
05,5,13,000,2020,08,15,3,3,0,1,0,0,0,0,1,0,0,363146.662700000220000,5710608.476900000100000,7.027029364000043,51.529980044000069,1,05200825700200881308
05,5,66,008,2020,08,14,2,3,0,7,0,1,0,0,0,0,0,399502.325400000440000,5781723.701999999600000,7.530260356000042,52.176824513000042,1,05200824709110279238
05,5,66,076,2020,08,17,4,3,5,3,0,0,1,0,1,0,0,393751.758500000460000,5794747.047399999600000,7.442099941000038,52.292791552000040,1,05200826709500879157
05,5,62,014,2020,08,17,2,3,5,5,0,1,1,0,0,0,0,361051.438500000160000,5715262.921099999900000,6.995004421000033,51.571293853000043,0,05200824701300550786