ULAND,UREGBEZ,UKREIS,UGEMEINDE,UJAHR,UMONAT,USTUNDE,UWOCHENTAG,UKATEGORIE,UART,UTYP1,ULICHTVERH,IstRad,IstPKW,IstFuss,IstKrad,IstGkfz,IstSonstige,LINREFX,LINREFY,XGCSWGS84,YGCSWGS84,STRZUSTAND,UIDENTSTLAE
05,5,62,032,2020,08,11,4,2,2,7,0,0,1,0,1,0,0,374763.588299999940000,5713840.214800000200000,7.193262860000061,51.561720517000026,0,05200826701120451306
05,5,62,012,2020,08,10,3,3,5,3,0,0,1,0,0,0,0,361656.038200000300000,5726348.800400000100000,6.999345241000071,51.671060977000081,0,05200825701610157201
05,5,13,000,2020,08,09,2,2,1,5,0,1,1,0,0,0,0,370028.020299999970000,5709242.963700000200000,7.126680905000058,51.519334306000076,0,05200824700100273524
05,5,66,064,2020,08,21,3,3,8,1,2,0,1,0,0,0,0,396327.402499999850000,5772481.528500000000000,7.486663614000065,52.093172036000055,1,05200825709100925692
05,5,70,004,2020,08,17,2,3,5,3,0,1,1,0,0,0,0,423357.605000000450000,5736536.989000000100000,7.889144174000023,51.774458151000033,0,05200824711211958483
05,5,54,012,2020,08,12,2,3,4,1,0,1,0,0,0,0,0,351813.892599999900000,5747527.793400000800000,6.848084871000026,51.858844625000074,0,05200824705000196567
05,5,58,032,2020,08,18,4,3,4,2,0,1,1,0,0,0,0,386949.210300000380000,5754374.275499999500000,7.355803191000064,51.928601730000082,1,05200826706100876624
05,5,13,000,2020,08,13,2,3,6,4,0,0,1,1,0,0,0,362983.743099999610000,5710727.819499999300000,7.024635675000070,51.531012986000064,0,05200824700200902200
05,5,13,000,2020,08,21,4,2,5,3,2,0,1,0,1,0,0,366480.212799999860000,5705365.571399999800000,7.077043624000055,51.483662051000067,0,05200826700100868361
05,5,54,008,2020,08,14,3,3,5,3,0,0,1,0,0,0,0,335720.120500000190000,5745146.897900000200000,6.615714650000030,51.832951123000043,1,05200825705000596570
05,5,62,014,2020,08,15,3,3,5,3,0,0,1,0,0,0,0,359282.667999999600000,5714889.359999999400000,6.969648210000059,51.567498376000060,1,05200825701300778918
05,5,66,076,2020,08,19,2,2,5,3,1,0,1,0,0,0,0,392929.315999999640000,5792341.189999999500000,7.430809621000037,52.271010095000065,0,05200824709500574669
05,5,66,028,2020,08,17,7,3,2,6,0,0,1,0,0,0,0,414439.020999999720000,5791731.765000000600000,7.746110741000052,52.269300359000056,0,05200822709700934934
05,5,66,028,2020,08,23,7,3,8,1,2,0,0,0,1,0,0,413011.669400000010000,5790554.236199999200000,7.725502124000059,52.258492399000033,0,05200822709700869191
05,5,13,000,2020,08,07,2,3,3,6,0,0,1,0,0,0,1,368385.506599999960000,5707962.021199999400000,7.103499051000028,51.507442437000066,0,05200824700100774464
05,5,66,028,2020,08,14,7,2,0,1,0,0,0,0,1,0,0,413679.683000000190000,5792133.629499999800000,7.734882794000043,52.272793781000075,0,05200822709700242518
05,5,66,076,2020,08,17,3,3,0,6,0,0,1,0,0,0,0,393678.373499999750000,5794357.409499999100000,7.441147295000064,52.289275610000061,1,05200825709500179230
05,5,15,000,2020,08,17,2,3,7,1,0,0,1,0,0,0,0,409257.960699999700000,5757617.825300000600000,7.679298251000034,51.961840925000047,0,05200824702100047546
05,5,54,020,2020,08,15,4,3,0,1,0,0,0,0,1,0,0,368490.719100000340000,5785616.833699999400000,7.075461360000077,52.205287120000037,1,05200826705000021020
05,5,66,076,2020,08,22,7,2,0,1,2,1,0,0,0,0,0,395064.845999999900000,5795352.335000000900000,7.461157380000032,52.298483783000052,0,05200822709500262050
05,5,62,024,2020,08,20,7,2,0,1,1,1,0,0,0,0,0,369637.372000000440000,5725859.347500000100000,7.114880194000023,51.668571203000056,0,05200822701500570205
05,5,62,024,2020,08,13,7,3,4,5,0,1,1,0,0,0,0,369480.435100000350000,5724025.054500000600000,7.113297052000064,51.652050711000072,0,05200822701500539202
05,5,15,000,2020,08,10,3,3,0,7,0,1,0,1,0,0,0,401215.846599999820000,5761393.025499999500000,7.561201011000037,51.994402308000076,0,05200825702100972452
05,5,62,014,2020,08,21,7,3,5,3,2,0,1,0,0,0,0,362402.942499999890000,5712581.717900000500000,7.015542965000066,51.547531381000056,0,05200822701300587209
05,5,70,008,2020,08,10,2,3,5,3,0,1,1,0,0,0,0,433652.707999999630000,5734436.315999999600000,8.038738325000054,51.756888131000039,0,05200824711311176733
05,5,62,014,2020,08,13,7,3,5,3,0,1,1,0,0,0,0,361990.905700000000000,5712961.198899999300000,7.009455457000058,51.550840860000051,0,05200822701300026177
05,5,70,004,2020,08,11,6,3,1,5,0,1,1,0,0,0,0,423492.541299999690000,5736128.060799999200000,7.891189646000044,51.770800502000043,0,05200828711211776329
05,5,66,056,2020,08,13,6,3,8,1,0,1,0,0,0,0,0,417012.332499999550000,5797563.668999999800000,7.782376175000024,52.322114671000065,0,05200828709700081515
05,5,66,076,2020,08,13,6,3,0,6,0,1,1,0,0,0,0,394173.791000000200000,5796469.061000000700000,7.447744498000077,52.308349076000070,0,05200828709500502281
05,5,15,000,2020,08,13,6,2,0,5,0,1,1,0,0,0,0,408737.798799999990000,5751228.301200000600000,7.673424729000033,51.904322612000044,0,05200828702100939947
05,5,15,000,2020,08,19,6,3,1,6,1,0,1,0,0,0,0,404325.245099999940000,5754208.438500000200000,7.608476379000024,51.930369083000073,0,05200828702100072420
05,5,62,012,2020,08,14,6,2,5,3,0,1,1,0,0,0,0,358560.484899999570000,5727460.630400000100000,6.954159166000068,51.680280798000069,0,05200828701610214205
05,5,62,032,2020,08,07,6,3,5,3,0,1,1,0,0,0,0,374993.077899999920000,5720460.573499999900000,7.194213560000037,51.621269405000078,0,05200828701110031206
05,5,13,000,2020,08,21,6,3,0,3,2,1,1,0,0,0,0,364446.778400000180000,5716195.829700000600000,7.043607243000054,51.580503855000075,1,05200828700200328207
05,5,70,020,2020,08,10,7,2,7,7,0,1,0,1,0,0,0,433651.184600000270000,5744301.828099999600000,8.036828070000070,51.845578853000063,0,05200829711422603006
05,5,70,052,2020,08,05,7,2,0,7,1,1,0,0,0,0,0,429956.192999999970000,5756421.384099999400000,7.980734740000059,51.954078563000053,0,05200829711111472261
05,5,58,024,2020,08,01,7,3,8,1,2,1,1,0,0,0,0,395354.859000000170000,5738522.535000000100000,7.482806329000027,51.787769840000067,1,05200829706300109883
05,5,62,036,2020,08,11,7,3,1,7,0,1,1,0,0,0,0,388868.474200000060000,5720513.103299999600000,7.394543783000074,51.624652639000033,0,05200829701930318203
05,5,12,000,2020,08,18,7,3,5,3,0,0,1,0,0,0,0,359742.718700000080000,5712366.785700000800000,6.977287754000031,51.544945063000057,0,05200829701400420204
05,5,62,032,2020,08,12,7,3,2,6,0,0,1,0,0,0,0,375207.647499999960000,5717937.892400000200000,7.198209509000037,51.598645421000072,0,05200829701110357208
05,5,62,032,2020,08,13,7,3,5,3,0,0,1,0,0,0,1,376245.825899999590000,5719123.463700000200000,7.212772771000061,51.609529435000070,0,05200829701110343201
05,5,13,000,2020,08,10,7,3,8,7,0,0,1,0,0,0,0,362097.875599999910000,5717670.840299999300000,7.009148728000071,51.593188742000052,0,05200829700000920537
05,5,62,032,2020,08,09,1,3,3,2,0,0,1,0,1,0,0,374767.325400000440000,5723026.643799999700000,7.190036289000034,51.644280581000032,0,05200830701110482208
05,5,70,004,2020,08,13,5,3,4,6,0,1,0,0,0,0,0,424567.347599999980000,5736415.053099999200000,7.906701218000023,51.773526340000046,0,05200827711212972472
05,5,66,076,2020,08,13,5,3,6,7,0,1,0,1,0,0,0,396960.461099999960000,5787689.486800000100000,7.491285227000049,52.229973327000039,0,05200827709500072447
05,5,66,084,2020,08,05,5,3,6,6,1,0,1,1,0,0,0,390473.348199999890000,5775432.794999999900000,7.400296462000028,52.118568259000028,1,05200827709300112086
05,5,66,012,2020,08,15,5,3,1,5,0,1,1,0,0,0,0,405006.505499999970000,5771984.643200000700000,7.613451267000073,52.090263930000049,0,05200827709100938292
05,5,54,008,2020,08,07,5,3,1,3,0,1,1,0,0,0,0,335898.478900000450000,5745399.706100000100000,6.618180971000072,51.835274634000029,0,05200827705000985645
05,5,15,000,2020,08,19,5,3,5,3,1,1,1,0,0,0,0,404338.395100000310000,5760185.765900000900000,7.607003192000036,51.984097759000065,0,05200827702100279100
05,5,15,000,2020,08,07,5,3,4,6,0,1,1,0,0,0,0,404811.630699999630000,5755144.307299999500000,7.615289324000059,51.938864468000077,0,05200827702100142436
05,5,15,000,2020,08,21,5,3,6,1,2,1,0,1,0,0,0,406243.199599999930000,5757023.105699999300000,7.635595568000042,51.955995085000040,0,05200827702100055909
05,5,62,036,2020,08,13,5,2,2,6,0,1,0,0,0,0,1,389201.542000000370000,5722216.134700000300000,7.398814423000033,51.640025183000034,0,05200827701930047339
05,5,12,000,2020,08,11,5,3,5,3,0,1,1,0,0,0,0,358286.216199999680000,5711934.751700000800000,6.956471161000025,51.540698973000076,1,05200827701400808209
05,5,62,032,2020,08,09,5,3,3,5,0,1,1,0,0,0,0,374535.302799999710000,5718828.517599999900000,7.188188578000052,51.606500170000061,0,05200827701110778204
05,5,15,000,2020,08,15,1,3,0,5,0,1,1,0,0,0,0,405295.781999999660000,5757345.360999999600000,7.621723642000063,51.958731109000041,0,05200830702100365835
05,5,62,004,2020,08,17,1,3,8,1,0,1,0,0,0,0,0,382235.417600000280000,5719210.045800000400000,7.299201806000042,51.611592283000050,0,05200830701800538209
05,5,15,000,2020,09,16,3,3,2,6,0,1,0,0,0,0,0,405314.260700000450000,5755979.837600000200000,7.622368737000045,51.946460345000048,0,05200901702100168372
05,5,66,084,2020,09,16,4,3,5,2,0,1,1,0,0,0,0,385718.171000000090000,5778860.205000000100000,7.329723618000060,52.148407722000059,0,05200902709300065811
05,5,13,000,2020,09,10,3,3,5,2,0,0,1,0,0,0,0,368256.468600000250000,5708246.276599999500000,7.101534570000069,51.509966907000035,0,05200901700100484209
05,5,54,012,2020,09,13,4,3,3,7,0,1,0,0,1,0,0,353225.771599999630000,5745402.449500000100000,6.869474630000070,51.840121594000038,0,05200902705000470528
05,5,70,004,2020,08,07,2,3,5,3,0,1,1,0,0,0,0,423625.223100000060000,5735848.046099999900000,7.893173772000068,51.768301392000069,0,05200831711211579152
05,5,70,004,2020,08,06,2,3,8,1,1,0,1,0,0,0,0,423229.737399999980000,5734202.791600000100000,7.887807033000058,51.753457067000056,0,05200831711211081979
05,5,66,028,2020,08,06,2,3,4,7,0,1,0,0,0,0,1,412985.252999999560000,5792410.499399999200000,7.724636463000024,52.275172910000038,0,05200831709700769049
05,5,66,012,2020,08,16,2,2,6,1,0,1,0,1,0,0,0,404982.023000000040000,5772420.568000000000000,7.612972509000031,52.094177898000055,0,05200831709100402638
05,5,62,032,2020,09,15,4,3,1,7,0,0,1,0,0,0,0,374137.804100000300000,5719397.024700000900000,7.182247378000056,51.611520654000060,0,05200902701110424203
05,5,66,064,2020,08,18,2,3,5,7,0,1,1,0,0,0,0,396051.983000000010000,5771526.315999999600000,7.482936003000020,52.084535237000068,0,05200831709100074663
05,5,58,024,2020,08,13,2,2,4,6,0,0,1,0,0,0,0,391680.053999999540000,5736638.587999999500000,7.430136390000030,51.770137642000066,0,05200831706300291702
05,5,54,008,2020,08,17,2,3,2,2,0,0,1,0,0,0,0,336596.946000000460000,5744416.977000000000000,6.628773275000071,51.826651042000037,0,05200831705000881625
05,5,54,012,2020,08,14,2,3,0,7,0,1,0,0,0,0,0,352220.578499999830000,5746135.349800000000000,6.854581441000050,51.846441533000075,0,05200831705000679162
05,5,15,000,2020,08,15,2,3,5,3,0,1,0,0,0,0,0,407124.591500000100000,5756622.797000000300000,7.648526431000050,51.952544805000059,0,05200831702100087866
05,5,12,000,2020,09,10,3,3,5,3,0,0,1,0,0,1,0,357130.907300000080000,5708701.184499999500000,6.941134430000034,51.511351302000037,0,05200901701400036204
05,5,15,000,2020,08,14,2,3,3,6,0,1,0,0,0,0,0,407558.856599999590000,5758810.778200000500000,7.654254826000056,51.972283902000072,0,05200831702100026998
05,5,62,032,2020,08,16,2,3,3,5,0,1,1,0,0,0,0,375274.252399999650000,5715633.511800000400000,7.199989523000056,51.577950364000060,0,05200831701120869207
05,5,66,076,2020,09,11,3,3,8,1,0,0,1,0,0,0,0,392962.098299999720000,5792350.492900000900000,7.431286920000048,52.271100084000068,1,05200901709500038473
05,5,13,000,2020,08,15,2,3,2,2,0,0,1,0,0,0,0,367206.758200000040000,5709561.058499999300000,7.085921616000064,51.521536715000082,0,05200831700100800555
05,5,70,016,2020,09,19,4,3,5,3,0,0,1,0,0,0,0,413576.870000000110000,5739802.398000000000000,7.746603149000066,51.802386584000033,0,05200902711221053108
05,5,13,000,2020,09,14,3,3,6,4,0,0,1,1,0,0,0,368373.752299999820000,5709497.714199999300000,7.102756337000074,51.521240624000029,0,05200901700100262587
05,5,62,008,2020,09,11,4,3,1,6,0,0,1,0,0,0,0,384247.566999999810000,5721749.448999999100000,7.327409377000038,51.634832996000057,0,05200902701910335201
05,5,66,008,2020,09,22,4,2,5,3,2,1,1,0,0,0,0,399635.626000000160000,5781452.266699999600000,7.532289444000071,52.174409190000063,0,05200902709100668030
05,5,13,000,2020,09,14,4,3,5,7,0,0,1,0,0,0,0,368253.869300000370000,5706728.911499999500000,7.102063882000039,51.496330069000066,0,05200902700100630202
05,5,54,048,2020,09,10,3,2,0,7,0,1,0,0,0,0,0,341971.752000000330000,5746274.003000000500000,6.705853181000066,51.844880613000043,0,05200901705000121048
05,5,70,052,2020,09,16,4,3,1,5,0,1,1,0,0,0,0,430129.481900000010000,5756517.289799999400000,7.983236478000038,51.954962518000059,0,05200902711111581616
05,5,13,000,2020,09,16,3,3,8,7,0,1,0,0,0,0,0,369642.238499999980000,5709473.235300000800000,7.121038560000045,51.521314824000058,0,05200901700100668218
05,5,54,004,2020,09,17,4,3,2,1,0,1,0,0,0,0,0,356732.293200000190000,5777521.715800000400000,6.906922231000067,52.129624296000031,0,05200902705000964594
05,5,12,000,2020,09,11,4,3,1,5,0,1,0,0,0,0,1,356151.245500000190000,5709759.924100000400000,6.926594495000074,51.520616379000046,0,05200902701400325200
05,5,70,040,2020,09,15,3,3,5,3,0,1,1,0,0,0,0,412916.989000000060000,5746671.985999999600000,7.735306561000073,51.864035102000059,0,05200901711232202946
05,5,12,000,2020,09,14,3,3,5,3,0,1,1,0,0,0,0,357521.745000000110000,5709332.135999999900000,6.946507819000033,51.517119675000060,0,05200901701400125206
05,5,66,068,2020,09,22,4,3,0,1,2,1,0,0,0,0,0,375547.627899999730000,5785631.085100000700000,7.178670495000063,52.207053795000036,0,05200902709300036372
05,5,13,000,2020,09,10,3,3,5,2,0,0,1,0,1,0,0,366453.490699999970000,5708189.150399999700000,7.075590390000059,51.509030286000041,0,05200901700100479203
05,5,15,000,2020,09,17,4,2,0,7,0,1,0,1,0,0,0,405339.528300000350000,5758449.039400000100000,7.622055887000045,51.968658874000027,0,05200902702100772433
05,5,13,000,2020,09,15,4,3,0,7,0,1,1,0,0,0,0,366479.406999999660000,5715841.453700000400000,7.073060206000037,51.577804437000054,0,05200902700200082308
05,5,66,084,2020,09,19,3,3,5,3,0,0,1,0,0,0,0,385687.419999999930000,5779847.350999999800000,7.328942171000051,52.157272738000074,0,05200901709300412264
05,5,70,044,2020,09,18,4,3,0,7,0,1,0,0,0,0,0,416614.137699999850000,5760026.353800000600000,7.785751192000021,51.984643134000066,0,05200902711142487306
05,5,13,000,2020,09,11,3,3,9,6,0,0,1,0,0,0,0,363295.281100000250000,5714843.872899999800000,7.027524759000073,51.568076684000062,0,05200901700000537293
05,5,62,012,2020,09,08,4,3,5,3,0,1,1,0,0,0,0,361320.786000000310000,5726397.578400000900000,6.994480839000062,51.671416640000075,0,05200902701610258208
05,5,62,020,2020,09,11,3,3,6,2,0,0,1,1,0,0,0,372056.603000000120000,5718490.455499999200000,7.152537343000063,51.602904311000032,0,05200901701200034206
05,5,58,016,2020,09,07,4,3,5,2,0,1,1,0,0,0,0,382281.042399999690000,5743586.355399999800000,7.291621679000059,51.830681616000049,0,05200902706100138208
05,5,70,008,2020,09,19,1,2,9,1,0,0,0,0,1,0,0,433191.444299999620000,5734911.144300000700000,8.031965123000020,51.761102023000035,0,05200906711312953526
05,5,66,008,2020,09,16,1,2,3,6,0,1,0,0,0,0,0,398814.535500000230000,5780745.292700000100000,7.520497117000048,52.167905158000053,0,05200906709100609878
05,5,66,072,2020,09,19,1,2,5,3,0,0,1,0,1,0,0,411027.622999999670000,5800706.144999999600000,7.693758336000030,52.349422050000044,0,05200906709000568339
05,5,66,076,2020,09,18,1,3,5,7,0,0,1,0,0,0,0,394272.771599999630000,5794813.498999999800000,7.449715573000049,52.293489272000045,0,05200906709000155136
05,5,54,004,2020,09,18,1,3,6,7,1,0,1,1,0,0,0,363415.951000000350000,5771418.567600000600000,7.006948854000029,52.076477543000067,0,05200906705000381780
05,5,15,000,2020,09,14,1,3,2,6,0,0,0,0,0,0,1,404071.997700000180000,5754391.444599999100000,7.604743226000039,51.931970425000031,0,05200906702100339947
05,5,62,004,2020,09,15,1,3,2,6,0,0,1,0,1,0,0,385756.585699999700000,5717059.676400000200000,7.350733227000035,51.592990661000044,0,05200906701800308208
05,5,62,014,2020,09,02,1,2,0,7,2,1,0,0,0,0,0,362566.365600000140000,5712096.411699999100000,7.018087922000063,51.543210112000054,0,05200906701300252207
05,5,66,076,2020,09,20,6,3,1,6,2,1,1,0,0,0,0,393821.178700000050000,5793218.043999999800000,7.443599129000063,52.279063514000029,0,05200904709500074722
05,5,54,004,2020,09,22,6,3,0,7,2,0,0,0,1,0,0,364505.759700000290000,5772544.532700000300000,7.022393917000045,52.086862611000072,0,05200904705000587233
05,5,54,008,2020,09,07,6,3,5,3,0,1,1,0,0,0,0,336675.182500000110000,5747404.154500000200000,6.628497279000044,51.853509228000064,1,05200904705000486931
05,5,54,044,2020,09,07,6,2,0,1,0,1,0,0,0,0,0,365327.761300000360000,5738982.283399999100000,7.047523437000052,51.785479676000080,1,05200904705000180990
05,5,54,060,2020,09,15,6,3,4,6,0,0,1,0,0,0,0,350243.102099999790000,5756222.705700000700000,6.821515314000067,51.936545835000061,0,05200904705000101676
05,5,54,004,2020,09,12,6,3,5,3,0,1,1,0,0,0,0,363377.389700000170000,5771408.592399999500000,7.006390525000029,52.076378399000077,0,05200904705000087378
05,5,15,000,2020,09,14,6,2,0,7,0,0,0,0,0,0,1,405317.451100000180000,5755938.940600000300000,7.622426405000056,51.946093288000043,0,05200904702100505244
05,5,62,014,2020,09,15,6,3,6,4,0,1,0,1,0,0,0,361694.941100000400000,5716572.047900000600000,7.003768432000072,51.583216079000067,1,05200904701300056209
05,5,62,032,2020,09,19,6,3,2,2,1,0,1,0,0,0,0,375647.368900000120000,5719112.832399999700000,7.204138334000049,51.609302032000073,0,05200904701110080208
05,5,70,004,2020,09,13,7,3,5,3,0,1,1,0,0,0,0,423358.327499999660000,5736540.569800000600000,7.889153854000028,51.774490440000079,0,05200905711211265767
05,5,70,052,2020,09,12,7,3,5,3,0,1,1,0,0,0,0,430337.448800000360000,5757368.903000000900000,7.986089617000062,51.962644282000042,1,05200905711111387219
05,5,66,076,2020,09,00,7,3,5,3,2,0,1,0,0,0,0,392766.669999999930000,5792882.492000000600000,7.428254810000055,52.275843164000037,0,05200905709500938566
05,5,66,076,2020,09,07,5,3,6,7,0,1,0,1,0,0,0,393183.444000000130000,5792595.837200000900000,7.434451881000030,52.273348081000051,0,05200903709500874722
05,5,54,052,2020,09,07,5,3,4,3,0,1,1,0,0,0,0,379763.276200000200000,5773349.259199999300000,7.244680879000043,52.097619100000031,0,05200903705000987378
05,5,54,012,2020,09,10,5,3,0,1,0,1,0,0,0,0,0,352508.184200000020000,5746107.869999999200000,6.858765386000073,51.846270679000042,1,05200903705000821190
05,5,54,008,2020,09,15,5,3,0,3,0,1,1,0,0,0,0,336600.467899999580000,5744430.598200000800000,6.628817907000041,51.826774439000076,1,05200903705000685882
05,5,66,076,2020,09,19,7,2,1,5,1,0,1,0,0,0,0,393104.845999999900000,5792781.429999999700000,7.433241560000056,52.275000760000069,0,05200905709500374704
05,5,13,000,2020,09,15,5,3,6,4,0,0,1,1,0,0,0,368843.618700000460000,5710239.606499999800000,7.109248752000042,51.528017158000068,1,05200903700100714208
05,5,66,068,2020,09,14,7,3,5,3,0,0,1,0,0,0,1,376238.876600000080000,5787180.866699999200000,7.188214564000020,52.221135993000075,1,05200905709300587285
05,5,54,004,2020,09,22,7,2,0,1,2,1,0,0,0,0,0,361159.302500000220000,5770844.688200000700000,6.974275135000028,52.070759901000031,0,05200905705000764191
05,5,12,000,2020,09,16,7,3,5,3,0,0,1,0,0,0,0,356846.938400000330000,5718590.379100000500000,6.933019464000040,51.600141724000082,0,05200905701400320296
05,5,12,000,2020,09,02,7,3,1,5,2,1,1,0,0,0,0,354394.149600000120000,5711027.311499999800000,6.900762407000059,51.531554469000071,1,05200905701400116207
05,5,62,020,2020,09,10,5,3,5,3,0,1,1,0,0,0,0,371934.243499999870000,5717872.102099999800000,7.150997269000072,51.597319428000048,0,05200910701200399203
05,5,15,000,2020,09,10,3,3,4,2,0,1,1,0,0,0,0,404758.198499999940000,5757290.618899999200000,7.613917573000038,51.958147244000031,0,05200908702100070512
05,5,54,008,2020,09,13,4,2,8,1,0,0,1,0,0,0,0,335324.098199999890000,5744732.704099999700000,6.610169407000058,51.829113656000061,0,05200909705000097146
05,5,62,032,2020,09,08,3,3,5,2,0,0,1,0,0,0,0,379835.798299999910000,5719053.665999999300000,7.264616201000024,51.609679773000039,0,05200908701110816201
05,5,66,076,2020,09,18,5,3,5,3,0,0,1,0,1,0,0,392876.769999999550000,5792519.253000000500000,7.429983289000063,52.272600142000044,0,05200910709500379230
05,5,13,000,2020,09,19,4,3,5,3,0,0,1,0,1,0,0,363385.872999999670000,5713310.458000000600000,7.029426942000043,51.554318899000066,0,05200909700000071570
05,5,66,008,2020,09,14,5,3,3,6,0,1,0,0,0,0,0,399619.937500000000000,5781512.206700000900000,7.532042363000073,52.174945061000074,0,05200910709000339552
05,5,13,000,2020,09,18,5,3,2,6,0,0,1,0,0,0,0,366054.094899999910000,5714741.836100000900000,7.067345201000023,51.567821825000067,0,05200910700200327201
05,5,66,028,2020,09,17,3,3,5,3,0,1,1,0,0,0,0,412402.397800000380000,5792135.810599999500000,7.716167296000037,52.272611370000050,0,05200908709700106677
05,5,62,004,2020,09,13,4,3,5,2,0,0,1,1,0,0,0,383787.719700000250000,5717273.605200000100000,7.322251990000041,51.594510689000060,0,05200909701800579205
05,5,62,012,2020,09,22,3,2,3,7,2,0,1,0,1,0,0,358279.883399999700000,5727541.729299999800000,6.950070305000054,51.680938793000053,0,05200908701610025204
05,5,15,000,2020,09,11,5,3,6,4,0,0,1,1,0,0,0,406011.138000000270000,5756696.676999999200000,7.632308800000033,51.953021818000082,0,05200910702100739947
05,5,66,008,2020,09,09,5,2,5,1,0,1,1,0,0,0,0,399591.616999999620000,5780710.293500000600000,7.531865665000055,52.167732519000026,0,05200910709100802638
05,5,70,004,2020,09,16,2,3,5,3,0,1,1,0,0,0,0,424635.911999999550000,5735487.688899999500000,7.907896009000069,51.765198871000052,0,05200907711212002816
05,5,13,000,2020,09,08,5,3,1,5,0,0,1,0,0,0,0,367157.317800000310000,5710767.077899999900000,7.084754583000063,51.532363174000068,0,05200910700100259200
05,5,70,004,2020,09,18,2,3,2,6,0,0,1,0,1,0,0,423667.170500000010000,5736483.158900000200000,7.893641951000063,51.774016544000062,0,05200907711211076718
05,5,66,076,2020,09,07,2,3,5,3,0,1,1,0,0,0,0,395464.015999999830000,5793730.721999999100000,7.467511940000065,52.283985980000068,0,05200907709500465807
05,5,66,068,2020,09,13,2,3,8,1,0,0,0,0,1,0,0,377920.766800000330000,5786321.978800000600000,7.213133171000038,52.213793113000065,0,05200907709300987285
05,5,58,044,2020,09,16,2,3,0,4,0,1,0,1,0,0,0,395787.696800000030000,5746101.727700000600000,7.486798419000024,51.855973165000080,0,05200907706000376729
05,5,15,000,2020,09,14,3,3,6,4,0,0,1,1,0,0,0,408484.708499999720000,5764268.684299999800000,7.666272035000077,52.021495670000036,0,05200908702100365835
05,5,54,008,2020,09,07,2,3,2,6,0,1,1,0,0,0,0,335087.951999999580000,5746046.657600000500000,6.606119430000035,51.840847719000067,0,05200907705000786931
05,5,54,008,2020,09,14,2,3,5,1,0,1,0,0,0,0,0,336130.521599999630000,5745759.691500000700000,6.621375286000045,51.838576670000066,0,05200907705000417366
05,5,15,000,2020,09,16,2,3,0,3,0,1,0,0,0,0,1,405425.048999999650000,5758255.198000000800000,7.623353792000046,51.966931106000061,0,05200907702100455964
05,5,62,032,2020,09,13,3,3,0,1,0,1,0,0,0,0,0,374738.980299999940000,5720689.664100000600000,7.190463047000037,51.623271758000044,0,05200908701110908200
05,5,15,000,2020,09,11,2,3,4,6,0,1,0,0,0,0,0,407377.349999999630000,5751396.289999999100000,7.653610127000036,51.905608081000082,0,05200907702100106200
05,5,15,000,2020,09,15,2,2,0,7,0,1,0,0,0,0,0,407384.740000000220000,5751265.245400000400000,7.653752738000037,51.904431399000032,0,05200907702100042451
05,5,62,012,2020,09,16,2,3,4,6,0,0,1,0,1,0,1,362097.063299999570000,5730801.594399999800000,7.003959077000047,51.711182108000060,0,05200907701620669209
05,5,13,000,2020,09,20,4,3,5,3,1,1,1,0,0,0,0,368157.098899999630000,5708068.822899999100000,7.100169820000076,51.508348995000063,0,05200909700100239208
05,5,66,060,2020,09,11,5,3,4,3,0,0,1,0,0,0,0,388572.305999999870000,5789815.635999999900000,7.367816035000033,52.247447523000062,0,05200910709000400952
05,5,12,000,2020,09,17,2,3,5,3,0,1,1,0,0,0,0,355286.959300000220000,5708118.903699999700000,6.914819334000072,51.505649819000041,0,05200907701400657200
05,5,62,032,2020,09,15,5,3,5,3,0,0,1,0,0,0,0,374909.991999999620000,5716053.870300000500000,7.194585676000031,51.581647464000071,0,05200910701120555207
05,5,12,000,2020,09,10,2,3,1,5,0,1,1,0,0,0,0,356800.444899999540000,5710641.441700000300000,6.935587057000021,51.528702522000060,0,05200907701400450203
05,5,13,000,2020,09,06,2,3,2,6,0,0,1,0,0,0,0,363651.633100000210000,5710646.474700000100000,7.034290031000069,51.530443671000057,0,05200907700200915201
05,5,13,000,2020,09,03,2,3,2,2,2,0,1,0,1,0,0,367214.163499999790000,5712451.637599999100000,7.084938152000063,51.547515079000050,0,05200907700200905200
05,5,13,000,2020,09,18,2,3,5,3,0,1,1,0,0,0,0,367731.390900000000000,5706590.847699999800000,7.094593270000075,51.494967320000057,0,05200907700100013208
05,5,15,000,2020,09,17,4,3,5,3,0,1,1,0,0,0,0,408002.212199999950000,5751392.636499999100000,7.662691600000073,51.905678781000063,0,05200909702100874698
05,5,66,068,2020,09,13,5,3,0,1,0,1,0,0,0,0,0,376670.044400000010000,5785152.852700000600000,7.195262079000031,52.203008620000048,0,05200910709300140735
05,5,15,000,2020,09,15,3,3,5,3,0,1,1,0,0,0,0,401364.144600000230000,5758721.441099999500000,7.564128399000026,51.970416045000036,0,05200908702100070298
05,5,54,008,2020,09,07,5,3,4,2,0,1,1,0,0,0,0,336395.535000000150000,5746474.312999999200000,6.624880489000020,51.845074145000069,0,05200910705000768294
05,5,13,000,2020,09,07,5,3,7,3,0,1,1,0,0,0,0,366631.921500000170000,5713386.385299999300000,7.076191610000024,51.555777950000049,0,05200910700200187347