ULAND,UREGBEZ,UKREIS,UGEMEINDE,UJAHR,UMONAT,USTUNDE,UWOCHENTAG,UKATEGORIE,UART,UTYP1,ULICHTVERH,IstRad,IstPKW,IstFuss,IstKrad,IstGkfz,IstSonstige,LINREFX,LINREFY,XGCSWGS84,YGCSWGS84,STRZUSTAND,UIDENTSTLAE
05,5,15,000,2020,09,16,3,3,6,4,0,1,0,1,0,0,0,407418.324599999930000,5760639.276100000400000,7.651716171000032,51.988695958000051,0,05200908702100387860
05,5,62,032,2020,09,12,4,3,6,5,0,0,1,0,0,0,1,376292.868099999610000,5715420.191299999100000,7.214757350000070,51.576257676000068,0,05200909701120199209
05,5,62,014,2020,09,14,3,3,4,2,0,1,1,0,0,0,0,360126.510599999690000,5715781.534000000000000,6.981460323000022,51.575725426000076,0,05200908701300932209
05,5,66,008,2020,09,07,5,3,5,3,0,1,1,0,0,0,0,399193.661000000310000,5780809.626000000200000,7.526019473000076,52.168552748000081,0,05200910709100168030
05,5,70,004,2020,09,13,1,3,2,5,0,0,1,0,1,0,0,424407.079099999740000,5734274.417799999900000,7.904844560000072,51.754261098000029,0,05200913711213877896
05,5,66,028,2020,09,18,1,3,0,7,0,1,0,1,0,0,0,408439.316200000230000,5794470.061400000000000,7.657467143000076,52.292946070000028,0,05200913709700672667
05,5,54,008,2020,09,16,1,2,6,1,0,0,1,1,0,0,0,334487.490000000220000,5746456.066999999800000,6.597215415000051,51.844347925000079,0,05200913705000957876
05,5,54,008,2020,09,15,1,3,1,5,0,1,1,0,0,0,0,337049.749699999580000,5745357.657199999300000,6.634895243000074,51.835233931000062,0,05200913705000562068
05,5,15,000,2020,09,10,1,2,1,1,0,1,1,0,0,0,0,405124.012299999590000,5755201.972500000100000,7.619816222000054,51.939436140000055,0,05200913702100860669
05,5,70,004,2020,09,18,7,3,6,4,0,0,1,1,0,0,0,422960.162600000390000,5733188.384199999300000,7.884127170000056,51.744300899000052,0,05200912711214264309
05,5,66,068,2020,09,20,7,2,0,7,2,1,0,0,0,0,0,376444.058100000020000,5785992.825500000300000,7.191650410000023,52.210506143000032,0,05200912709300342386
05,5,54,032,2020,09,14,7,3,0,1,0,1,0,0,0,0,0,323252.086000000130000,5747365.760999999900000,6.433814402000053,51.849075917000050,0,05200912705000986931
05,5,54,020,2020,09,12,7,3,5,5,0,1,1,0,0,0,0,365290.033699999560000,5786421.567500000800000,7.028331268000045,52.211744965000037,0,05200912705000520896
05,5,54,012,2020,09,15,7,3,5,3,0,1,1,0,0,0,0,352629.785400000400000,5745918.098099999100000,6.860610291000057,51.844597703000034,0,05200912705000220771
05,5,15,000,2020,09,02,7,2,0,1,2,0,0,0,0,0,1,405094.397900000210000,5758533.186699999500000,7.618465455000035,51.969373423000036,0,05200912702100768125
05,5,15,000,2020,09,16,7,3,0,7,0,0,1,1,0,0,0,403795.565700000150000,5762205.633099999300000,7.598534410000070,52.002159148000032,0,05200912702100097729
05,5,12,000,2020,09,11,7,2,8,1,0,0,1,0,0,0,0,356012.634399999860000,5720676.833699999400000,6.920124576000035,51.618677176000062,0,05200912701400386110
05,5,13,000,2020,09,16,7,2,1,1,0,0,1,0,0,0,1,367656.407700000330000,5706775.847200000700000,7.093444354000042,51.496612316000039,0,05200912700100474201
05,5,70,048,2020,09,07,6,2,8,1,0,0,0,0,1,0,0,448488.198099999690000,5730366.312999999200000,8.254259995000041,51.721857501000045,0,05200911711321887401
05,5,70,032,2020,09,15,6,2,5,3,0,1,1,0,0,0,0,420356.172000000250000,5764077.575999999400000,7.839287896000030,52.021609118000072,0,05200911711151579116
05,5,66,052,2020,09,15,6,2,5,3,0,1,1,0,0,0,0,377102.049999999810000,5778391.983999999200000,7.204029414000047,52.142350138000040,0,05200911709300487285
05,5,66,084,2020,09,13,6,3,6,7,0,0,1,1,0,0,0,386393.824000000020000,5778855.852000000000000,7.339595519000056,52.148507997000081,0,05200911709300442547
05,5,58,028,2020,09,10,6,2,3,5,0,0,1,0,1,0,0,397998.154500000180000,5733089.957900000700000,7.522711034000054,51.739428254000075,0,05200911706300123116
05,5,58,012,2020,09,11,6,3,5,3,0,1,1,0,0,0,0,373290.954199999570000,5756449.361500000600000,7.156499905000032,51.944308042000046,0,05200911706200552435
05,5,58,016,2020,09,07,6,3,5,3,0,1,1,0,0,0,0,381533.705699999820000,5743060.666099999100000,7.280961234000074,51.825799164000045,0,05200911706100295209
05,5,54,048,2020,09,14,6,3,0,3,0,1,1,0,0,0,0,341289.803299999800000,5745843.820100000100000,6.696159123000030,51.840822464000041,0,05200911705000165897
05,5,15,000,2020,09,10,6,3,0,4,0,1,0,1,0,0,0,406366.149899999610000,5757290.396600000600000,7.637311417000035,51.958418339000048,0,05200911702100461966
05,5,62,036,2020,09,17,6,3,2,6,0,0,1,0,0,0,1,389444.475999999790000,5720381.645999999700000,7.402902968000035,51.623584556000026,0,05200911701930814200
05,5,62,012,2020,09,08,6,3,5,3,0,1,1,0,0,0,0,358677.782700000330000,5725287.420800000400000,6.956733794000058,51.660782429000051,0,05200911701610668207
05,5,62,020,2020,09,13,6,3,1,5,0,1,1,0,0,0,0,367418.951399999670000,5718900.460899999400000,7.085455642000056,51.605516174000059,0,05200911701200797203
05,5,13,000,2020,09,17,6,3,1,6,0,0,1,0,1,0,0,362752.904900000430000,5717781.378799999100000,7.018555849000052,51.594342019000067,0,05200911700200824635
05,5,13,000,2020,09,07,6,3,4,2,0,0,1,0,0,0,0,367373.484799999740000,5714620.661699999100000,7.086416425000039,51.567044748000058,0,05200911700200353208
05,5,13,000,2020,09,12,6,3,5,3,0,1,1,0,0,0,0,364976.853099999950000,5709379.622400000700000,7.053869126000052,51.519377568000039,0,05200911700100375208
05,5,70,048,2020,09,15,5,2,9,1,0,0,0,0,1,0,0,444523.205099999900000,5732876.783299999300000,8.196464207000076,51.744049581000070,0,05200910711321548079
05,5,70,004,2020,09,22,5,2,8,1,2,1,0,0,0,0,0,423761.385099999610000,5734652.679600000400000,7.895408941000028,51.757574025000054,0,05200910711213572261
05,5,70,052,2020,09,13,5,3,7,5,0,1,0,0,0,0,1,428595.595700000410000,5753088.667500000400000,7.961631016000069,51.923945827000068,0,05200910711114153158
05,5,54,012,2020,09,15,3,3,0,1,0,1,0,0,0,0,0,350535.228699999860000,5744384.964700000400000,6.830889045000049,51.830266127000073,0,05200915705000582365
05,5,15,000,2020,09,13,4,3,3,6,0,1,0,0,0,0,0,404452.851499999870000,5757092.284399999300000,7.609530339000060,51.956312154000045,0,05200916702100823209
05,5,66,076,2020,09,07,3,3,0,1,0,1,0,0,0,0,0,393905.834599999710000,5794390.766899999200000,7.444470417000048,52.289619363000043,0,05200915709500136091
05,5,66,012,2020,09,09,4,3,0,3,0,1,1,0,0,0,0,400839.504999999890000,5775612.066999999800000,7.551593158000060,52.122136008000041,0,05200916709100852454
05,5,15,000,2020,09,13,3,2,5,3,0,1,0,0,0,1,0,405509.891999999990000,5751883.525000000400000,7.626338932000067,51.909673984000051,0,05200915702100593200
05,5,13,000,2020,09,17,4,3,5,3,0,1,1,0,0,0,0,364008.412100000310000,5712890.384299999100000,7.038563419000070,51.550694369000041,0,05200916700200019942
05,5,13,000,2020,09,11,3,2,5,2,0,0,1,0,0,0,0,366744.650299999860000,5707259.364600000900000,7.080134767000061,51.500743348000071,0,05200915700100677202
05,5,66,028,2020,09,18,4,3,0,1,0,1,0,0,0,0,0,414445.841199999680000,5794652.822399999900000,7.745469295000021,52.295556964000070,0,05200916709700072667
05,5,66,008,2020,09,17,3,3,0,7,0,1,0,0,0,0,1,399078.756599999960000,5782324.351800000300000,7.523889303000033,52.182145655000056,0,05200915709100812498
05,5,54,008,2020,09,12,4,3,3,6,0,1,0,0,0,0,0,336277.681099999700000,5745749.338600000400000,6.623514274000058,51.838526823000052,0,05200916705000385882
05,5,15,000,2020,09,21,3,2,5,3,2,1,0,0,0,0,0,405592.080799999650000,5757551.925799999400000,7.625977707000061,51.960638190000054,0,05200915702100555938
05,5,13,000,2020,09,08,4,3,1,1,0,1,0,0,0,0,1,369344.126000000160000,5710995.790999999300000,7.116179304000070,51.534928878000073,0,05200916700100273608
05,5,54,008,2020,09,11,3,3,5,2,0,1,1,0,0,0,0,336669.853000000120000,5745688.760999999900000,6.629230115000041,51.838097449000031,0,05200915705000520971
05,5,62,036,2020,09,13,4,2,5,2,0,1,1,0,0,0,0,389669.586699999870000,5719701.389399999800000,7.406367820000071,51.617514549000077,0,05200916701930976209
05,5,66,040,2020,09,13,3,3,1,1,0,1,1,0,0,0,0,424361.196800000030000,5780077.629300000100000,7.894093289000068,52.165996404000055,0,05200915709800655928
05,5,66,012,2020,09,16,4,3,3,2,0,1,0,0,0,0,0,404689.694400000390000,5772166.212400000500000,7.608777719000045,52.091841434000060,0,05200916709110606884
05,5,54,048,2020,09,07,3,3,5,3,0,1,1,0,0,0,0,341421.923499999570000,5745299.757799999800000,6.698324683000067,51.835972170000048,0,05200915705000668294
05,5,15,000,2020,09,16,4,3,5,2,0,1,1,0,0,0,0,405158.863199999560000,5753878.655600000200000,7.620687860000032,51.927547511000057,0,05200916702100827205
05,5,70,052,2020,09,17,2,3,4,2,0,1,1,0,0,0,0,429327.885900000110000,5756689.385299999300000,7.971538184000053,51.956408289000080,0,05200914711111972261
05,5,66,040,2020,09,17,2,3,1,1,0,1,1,0,0,0,0,420813.006599999960000,5783458.557900000400000,7.841437279000047,52.195889365000028,0,05200914709700057409
05,5,54,068,2020,09,18,3,3,0,6,0,1,0,0,0,0,0,350754.344999999740000,5767273.039000000800000,6.824138370000071,52.035964945000046,0,05200915705000030800
05,5,62,012,2020,09,17,4,3,5,3,0,0,1,0,0,0,0,363248.345300000160000,5730879.021600000600000,7.020581869000068,51.712159689000032,0,05200916701620025200
05,5,66,084,2020,09,13,2,2,0,1,0,1,0,0,0,0,0,389317.134200000200000,5774778.372600000400000,7.383629273000054,52.112456577000046,0,05200914709300287329
05,5,66,024,2020,09,15,2,3,5,3,0,0,1,0,1,0,0,384256.965300000270000,5771186.267599999900000,7.310986438000043,52.079138771000032,0,05200914709300187329
05,5,58,012,2020,09,18,2,2,2,6,0,0,0,0,1,0,0,375141.331000000240000,5758162.894700000100000,7.182783903000029,51.960125070000061,0,05200914706200879112
05,5,62,024,2020,09,14,3,3,5,7,0,1,1,0,0,0,0,371051.242600000460000,5725637.752699999100000,7.135395643000038,51.666906066000081,0,05200915701500711204
05,5,15,000,2020,09,16,2,3,4,2,0,0,1,0,1,0,0,399566.372899999840000,5756259.361600000400000,7.538686660000053,51.947964699000067,0,05200914702100572362
05,5,62,004,2020,09,10,2,2,1,5,0,0,1,0,1,0,0,385238.960099999790000,5716914.374399999200000,7.343311438000058,51.591579505000027,0,05200914701800291202
05,5,13,000,2020,09,14,2,3,5,3,0,0,1,0,0,0,0,368793.622899999840000,5708340.598600000100000,7.109235488000024,51.510939547000078,0,05200914700100603209
05,5,13,000,2020,09,07,2,3,1,1,0,0,1,0,1,0,0,365183.743200000380000,5709367.727399999300000,7.056853802000035,51.519320091000054,0,05200914700100526206
05,5,54,008,2020,09,17,3,3,5,3,0,0,1,0,0,0,0,332802.709800000300000,5746344.714099999500000,6.572834456000066,51.842845709000073,0,05200915705000570578
05,5,66,060,2020,09,07,3,3,5,7,0,0,1,0,1,0,0,389191.154400000350000,5787817.265599999600000,7.377532122000048,52.229613153000059,0,05200915709500002281
05,5,54,068,2020,09,19,4,2,2,6,1,1,0,0,0,0,0,351379.087299999780000,5766847.954399999200000,6.833424166000043,52.032313567000074,0,05200916705000881092
05,5,15,000,2020,09,16,3,3,5,3,0,1,0,0,0,0,0,409431.864099999890000,5761518.570499999400000,7.680798934000052,51.996931545000052,0,05200915702100572362
05,5,13,000,2020,09,21,4,2,5,3,2,1,0,0,1,0,0,367554.955299999560000,5709720.881300000500000,7.090877441000032,51.523054752000064,0,05200916700100475758
05,5,15,000,2020,09,01,4,3,0,1,2,0,0,0,0,0,1,407720.150000000370000,5758122.476900000100000,7.656787226000063,51.966123888000027,0,05200916702100510903
05,5,13,000,2020,09,11,3,3,2,6,0,0,1,0,0,1,0,366740.698300000280000,5707344.998099999500000,7.080045515000052,51.501511977000064,0,05200915700100674205
05,5,70,016,2020,09,16,3,3,6,4,0,0,1,1,0,0,0,413367.120799999680000,5738605.211200000700000,7.743861040000070,51.791592484000034,0,05200915711221076638
05,5,66,024,2020,09,08,4,2,0,7,0,0,1,0,0,0,0,383830.618999999950000,5771696.768300000600000,7.304593930000067,52.083637295000074,0,05200916709300581036
05,5,66,008,2020,09,15,3,2,5,3,0,1,1,0,0,0,0,399562.148099999870000,5781326.694399999500000,7.531252476000077,52.173267209000073,0,05200915709100009878
05,5,54,012,2020,09,18,4,3,5,3,1,0,1,0,0,0,0,354074.282499999740000,5747224.568099999800000,6.881013208000070,51.856715767000026,0,05200916705000001676
05,5,54,008,2020,09,13,3,3,5,3,0,0,1,0,0,0,0,332922.667799999940000,5745440.869999999200000,6.575010657000064,51.834762250000040,0,05200915705000081000
05,5,62,008,2020,09,13,4,3,4,5,0,1,1,0,0,0,0,384887.701999999580000,5722558.736500000600000,7.336388748000047,51.642238007000060,0,05200916701910151205
05,5,15,000,2020,09,15,3,3,5,7,0,0,1,0,0,0,0,401831.102599999870000,5757385.728000000100000,7.571305592000044,51.958493042000043,0,05200915702100068249
05,5,62,012,2020,09,15,7,2,5,3,0,1,0,0,0,0,0,362337.713999999690000,5725465.739000000100000,7.009544754000046,51.663293198000076,0,05200919701610688205
05,5,70,004,2020,09,11,5,2,6,4,0,0,1,1,0,0,0,424990.436300000180000,5734158.528699999700000,7.913319331000025,51.753297717000066,0,05200917711213902814
05,5,66,040,2020,09,15,5,3,2,7,0,1,1,0,0,0,0,421779.700199999850000,5781562.710300000400000,7.856015119000062,52.178985825000041,0,05200917709800068146
05,5,54,008,2020,09,12,6,3,1,6,0,0,1,0,0,0,1,335295.721400000150000,5745838.385199999400000,6.609231753000074,51.839038046000042,0,05200918705000386945
05,5,66,004,2020,09,14,5,3,6,7,0,0,1,1,0,0,0,394185.100200000220000,5767424.452700000300000,7.456971867000050,52.047315646000072,0,05200917709110957478
05,5,66,004,2020,09,14,5,3,6,7,0,0,1,1,0,0,0,394188.250799999570000,5767421.803300000700000,7.457018612000070,52.047292436000077,0,05200917709110057478
05,5,54,048,2020,09,18,6,3,2,6,0,0,1,0,0,0,0,341462.485000000340000,5744605.945000000300000,6.699230725000064,51.829750499000056,0,05200918705000068299
05,5,58,012,2020,09,18,5,3,5,3,0,1,1,0,0,0,0,372820.457000000400000,5756986.506999999300000,7.149459741000044,51.949027664000027,0,05200917706200070570
05,5,62,020,2020,09,14,7,3,6,4,0,1,0,1,0,0,0,372069.863599999810000,5718421.286699999100000,7.152753946000075,51.602285711000036,0,05200919701200654206
05,5,58,016,2020,09,11,5,3,5,3,0,1,1,0,0,0,0,380339.331000000240000,5744618.308000000200000,7.263099871000065,51.839543291000041,0,05200917706000958249
05,5,54,008,2020,09,12,5,3,1,5,0,1,1,0,0,0,0,335895.146200000310000,5746105.286499999500000,6.617797974000041,51.841612187000067,0,05200917705000785682
05,5,54,004,2020,09,13,5,2,3,2,0,1,0,0,0,0,0,363129.039300000300000,5772161.919099999600000,7.002466704000028,52.083085987000061,0,05200917705000681780
05,5,62,016,2020,09,18,6,3,1,5,0,1,1,0,0,0,0,374152.491299999880000,5734263.295199999600000,7.177101319000030,51.745125796000082,0,05200918701700029209
05,5,15,000,2020,09,14,5,3,2,6,0,1,1,0,0,0,0,405392.118999999950000,5758849.607300000300000,7.622710800000050,51.972268294000060,0,05200917702100965831
05,5,13,000,2020,09,14,7,3,8,6,0,1,1,0,0,0,0,364529.923200000080000,5718441.061100000500000,7.043939821000038,51.600700271000051,0,05200919700000571568
05,5,62,008,2020,09,14,5,3,5,3,0,1,0,0,0,0,0,385544.723799999800000,5724099.375600000800000,7.345375630000035,51.656218983000031,0,05200917701910229200
05,5,62,004,2020,09,17,5,3,5,3,0,0,1,0,0,0,0,382696.947900000030000,5715647.562999999200000,7.307055365000053,51.579670292000060,0,05200917701800259203
05,5,62,012,2020,09,16,5,3,0,7,0,1,0,0,0,0,0,362438.006099999880000,5726500.106399999900000,7.010586682000053,51.672612630000060,0,05200917701610306203
05,5,12,000,2020,09,16,5,3,2,6,0,0,1,0,0,0,0,355042.814799999820000,5709455.661299999800000,6.910754344000054,51.517598990000067,0,05200917701400237203
05,5,62,032,2020,09,12,5,2,5,2,0,0,1,0,0,0,1,377375.889899999830000,5717476.650399999700000,7.229660249000062,51.594976329000076,0,05200917701110184209
05,5,13,000,2020,09,12,5,3,5,3,0,1,1,0,0,0,0,366581.585799999540000,5712096.198100000600000,7.075955297000064,51.544171684000048,0,05200917700200910209
05,5,13,000,2020,09,06,5,3,5,3,2,1,1,0,0,0,0,363171.111100000330000,5714265.291999999400000,7.025959535000027,51.562847274000035,0,05200917700200853208
05,5,66,040,2020,09,16,6,3,8,1,0,0,0,0,0,0,1,421392.489900000390000,5783111.055700000400000,7.849994299000059,52.192848648000052,0,05200918709800136577
05,5,13,000,2020,09,15,5,2,5,2,0,1,1,0,0,0,0,365945.798999999650000,5709147.994999999200000,7.067914381000037,51.517526816000043,0,05200917700100937204
05,5,15,000,2020,09,18,6,3,0,3,0,1,0,0,0,0,0,404404.087700000030000,5755373.011199999600000,7.609299081000074,51.940850283000032,0,05200918702100447546
05,5,54,008,2020,09,16,6,3,5,3,0,1,0,0,0,0,1,335754.531999999660000,5744375.902000000700000,6.616579438000031,51.826035052000066,0,05200918705000285882
05,5,62,032,2020,09,12,6,3,1,5,0,1,1,0,0,0,0,374720.235399999660000,5713836.655099999200000,7.192639028000031,51.561678897000036,0,05200918701120466201
05,5,54,004,2020,09,07,6,3,5,3,0,0,0,0,1,1,0,364295.766800000330000,5771977.768999999400000,7.019556465000051,52.081718541000043,0,05200918705000568885
05,5,54,012,2020,09,15,6,3,0,1,0,1,0,0,0,0,0,352925.834900000130000,5752409.105599999400000,6.862139763000073,51.902996790000032,0,05200918705000142405
05,5,15,000,2020,09,18,6,3,5,3,0,0,1,0,0,0,1,402405.716000000010000,5758363.089900000000000,7.579387668000038,51.967378966000069,0,05200918702000470524
05,5,70,008,2020,09,14,7,3,4,2,0,0,1,0,0,0,0,433442.383700000120000,5734856.488500000900000,8.035611068000037,51.760640548000026,0,05200919711312085567
05,5,70,036,2020,09,09,7,3,0,4,0,1,0,1,0,0,0,434278.360000000340000,5760656.584300000200000,8.042809376000037,51.992679533000057,0,05200919711121657428
05,5,13,000,2020,09,13,6,2,5,2,0,0,1,0,0,0,0,367553.888700000010000,5709087.957599999400000,7.091099967000048,51.517366605000063,0,05200918700100967056
05,5,70,052,2020,09,15,7,3,9,7,0,0,1,0,0,0,0,430483.491399999710000,5755000.853199999800000,7.988693889000047,51.941374672000052,0,05200919711113604297
05,5,54,020,2020,09,20,6,3,5,3,2,1,1,0,0,0,0,366471.589599999600000,5786353.412399999800000,7.045640925000043,52.211420136000072,0,05200918705000320717
05,5,70,036,2020,09,15,6,3,2,6,0,0,1,0,1,0,0,433794.567800000310000,5759383.740499999400000,8.036010071000021,51.981179578000081,0,05200918711121779136
05,5,15,000,2020,09,15,6,3,0,3,0,1,1,0,0,0,0,410594.023000000040000,5753371.460999999200000,7.699842632000070,51.923887975000071,0,05200918702100910203
05,5,66,068,2020,09,13,7,3,5,3,0,0,1,0,0,0,0,376795.331000000240000,5785605.039999999100000,7.196929950000026,52.207100078000053,0,05200919709300068286
05,5,62,020,2020,09,16,6,2,5,3,0,0,1,0,0,0,0,366788.679499999620000,5719661.409299999500000,7.076070537000021,51.612205685000049,0,05200918701200561208
05,5,54,048,2020,09,18,6,3,0,1,0,1,0,0,0,0,0,341231.220599999650000,5745518.760099999600000,6.695458656000028,51.837885497000059,0,05200918705000668294
05,5,54,044,2020,09,17,6,3,8,6,0,0,1,0,1,0,0,365780.572700000370000,5741250.988500000900000,7.053206190000026,51.805975245000070,0,05200918705000279991
05,5,62,032,2020,09,07,6,3,0,5,0,0,1,0,0,0,1,376836.126699999910000,5718849.109999999400000,7.221389698000053,51.607193195000036,0,05200918701110345208
05,5,15,000,2020,09,16,6,3,6,4,0,0,1,1,0,0,0,404516.557699999770000,5761568.524199999900000,7.609211666000022,51.996557088000031,0,05200918702100374053
05,5,54,068,2020,09,10,7,3,5,3,0,1,1,0,0,0,0,351385.399199999870000,5767175.227600000800000,6.833373919000053,52.035255635000055,0,05200919705000131358
05,5,15,000,2020,09,16,7,3,5,3,0,1,1,0,0,0,0,403954.256099999880000,5761495.184000000400000,7.601044501000047,51.995800911000060,0,05200919702100761999
05,5,15,000,2020,09,13,2,3,5,2,0,1,1,0,0,0,0,405318.046000000090000,5755930.721999999100000,7.622437321000064,51.946019517000082,0,05200921702100983207
05,5,13,000,2020,09,20,2,3,5,3,2,1,1,0,0,0,0,365682.487599999640000,5715985.477299999400000,7.061511223000025,51.578909369000030,0,05200921700200575310
05,5,15,000,2020,09,08,4,3,5,3,0,1,0,0,0,0,0,406833.210900000300000,5757604.897099999700000,7.644021367000050,51.961323681000067,0,05200923702100059203
05,5,54,004,2020,09,07,3,3,5,7,0,1,0,0,0,0,1,360852.367999999780000,5773098.199999999300000,6.968880664000039,52.090931089000037,0,05200922705000220870
05,5,15,000,2020,09,07,3,3,0,3,0,1,0,0,0,0,0,405298.042000000370000,5753185.757799999800000,7.622901998000032,51.921343112000045,0,05200922702100079608
05,5,66,060,2020,09,16,2,3,1,7,0,1,1,0,0,0,0,388796.504900000060000,5789130.999600000700000,7.371323988000029,52.241340080000043,0,05200921709500249438
05,5,13,000,2020,09,15,3,3,5,3,0,1,1,0,0,0,0,367187.832799999970000,5708951.538400000000000,7.085878699000034,51.516054705000045,0,05200922700100457809
05,5,62,024,2020,09,16,2,3,5,3,0,1,1,0,0,0,0,368750.371500000360000,5724914.893600000100000,7.102415918000077,51.659877330000029,0,05200921701500173202
05,5,54,048,2020,09,15,4,3,9,1,0,0,0,0,0,0,1,341426.648099999870000,5745284.160199999800000,6.698400346000028,51.835833384000068,0,05200923705000386931
05,5,13,000,2020,09,16,4,3,5,3,0,1,1,0,0,0,0,366459.778800000440000,5713860.116800000900000,7.073530077000044,51.559994439000036,0,05200923700000672393
05,5,15,000,2020,09,21,3,2,8,1,2,0,1,0,0,0,0,406566.670099999760000,5763524.714500000700000,7.638530374000027,52.014488873000062,0,05200922702100553166
05,5,62,016,2020,09,07,3,3,4,6,0,1,0,0,0,0,1,374586.877100000160000,5733566.939200000800000,7.183641009000041,51.738965156000063,0,05200922701700054265
05,5,62,032,2020,09,14,2,2,0,7,0,1,0,0,0,0,0,376551.353199999780000,5715349.339299999200000,7.218510559000038,51.575677577000079,0,05200921701120203207
05,5,54,012,2020,09,18,2,3,1,5,0,1,1,0,0,0,0,352593.179399999790000,5745914.326300000800000,6.860080885000059,51.844554151000068,0,05200921705000217244
05,5,15,000,2020,09,17,4,3,1,5,0,1,1,0,0,0,0,406011.138000000270000,5756696.676999999200000,7.632308800000033,51.953021818000082,0,05200923702100272721
05,5,66,040,2020,09,12,3,3,6,7,0,0,1,1,0,0,0,421725.950000000190000,5781612.985999999600000,7.855217579000055,52.179430124000078,1,05200922709800368098
05,5,15,000,2020,09,12,3,2,2,2,0,1,0,0,0,0,0,405212.911999999550000,5757224.910000000100000,7.620551207000062,51.957634324000026,0,05200922702100247547
05,5,13,000,2020,09,09,3,3,0,7,0,0,1,0,1,0,0,363237.745699999850000,5710291.080600000900000,7.028464884000073,51.527149877000056,0,05200922700200258204
05,5,15,000,2020,09,17,2,2,5,7,0,1,1,0,0,0,0,405721.190499999560000,5755001.459400000100000,7.628555785000060,51.937735339000028,0,05200921702100072436
05,5,66,064,2020,09,18,4,3,8,7,0,0,1,0,0,0,0,395944.632299999710000,5771494.070399999600000,7.481379713000024,52.084225255000035,1,05200923709110879238
05,5,66,040,2020,09,17,1,2,0,3,0,1,1,0,0,0,0,420919.455699999820000,5782470.345200000300000,7.843224966000037,52.187021768000079,0,05200920709800568146
05,5,66,060,2020,09,17,1,3,8,1,0,0,1,0,0,0,0,388477.261800000440000,5788479.796299999600000,7.366865320000045,52.235423170000047,0,05200920709500279617
05,5,54,012,2020,09,02,1,3,9,1,2,0,1,0,0,0,0,351978.078599999660000,5748774.210999999200000,6.849933231000023,51.870087050000052,0,05200920705000171216
05,5,62,032,2020,09,11,4,3,5,3,0,1,1,0,0,0,0,374645.614699999800000,5719465.208799999200000,7.189553049000040,51.612246725000034,0,05200923701110661203
05,5,54,064,2020,09,00,1,2,8,1,2,1,0,0,0,0,0,358966.735500000420000,5753185.176000000900000,6.949570225000059,51.911531866000075,0,05200920705000082365
05,5,15,000,2020,09,15,1,2,2,6,0,1,0,0,0,0,1,402408.076299999840000,5758348.574799999600000,7.579426139000077,51.967248915000027,0,05200920702100961999
05,5,54,068,2020,09,13,3,3,5,3,0,1,0,0,0,0,0,350780.775000000370000,5767525.289799999400000,6.824413332000063,52.038238384000067,0,05200922705000187378
05,5,15,000,2020,09,18,1,3,1,1,0,1,1,0,0,0,0,405689.646599999630000,5756791.660700000800000,7.627605955000036,51.953821149000078,0,05200920702100570610
05,5,62,008,2020,09,14,1,3,1,5,0,1,1,0,0,0,0,383702.055399999950000,5720801.948599999800000,7.319845244000021,51.626204671000039,0,05200920701910822209
05,5,13,000,2020,09,15,1,3,0,1,0,0,0,0,1,0,0,362792.672600000170000,5715563.732599999800000,7.019996293000077,51.574423446000026,1,05200920700200743400
05,5,15,000,2020,09,18,3,2,0,1,0,1,0,0,0,0,0,410644.245000000110000,5753462.723999999500000,7.700549074000037,51.924716379000074,0,05200922702100036204
05,5,58,032,2020,09,06,2,3,0,6,1,1,0,0,0,0,1,387206.597400000320000,5753732.321300000000000,7.359755311000072,51.922884455000030,0,05200921706100649804
05,5,13,000,2020,09,16,3,3,7,1,0,1,0,0,0,0,0,369197.718799999920000,5708350.895899999900000,7.115051543000050,51.511125780000043,0,05200922700100309200
05,5,62,020,2020,09,13,2,3,3,6,0,1,0,0,0,0,0,371561.064500000330000,5715667.114600000900000,7.146419195000021,51.577418498000043,0,05200921701200079204
05,5,15,000,2020,09,20,4,3,0,1,2,0,1,0,1,0,0,403651.237300000150000,5762131.109799999700000,7.596453531000066,52.001464284000065,1,05200923702100564591
05,5,66,076,2020,09,13,3,2,6,4,0,1,0,1,0,0,0,393038.777999999930000,5792230.401000000500000,7.432448335000061,52.270035718000031,0,05200922709800879184
05,5,62,032,2020,09,19,3,3,5,3,1,1,1,0,0,0,0,377414.481800000180000,5715891.094799999100000,7.230770867000047,51.580734864000078,0,05200922701120514203
05,5,15,000,2020,09,16,3,3,5,2,0,0,1,0,1,0,0,408070.434200000020000,5754798.623600000500000,7.662773521000077,51.936305203000074,0,05200922702100272721
05,5,66,040,2020,09,20,7,3,5,3,2,0,1,0,0,0,0,421052.608300000430000,5781629.583900000900000,7.845368040000039,52.179483368000035,1,05200926709000574768
05,5,15,000,2020,09,17,7,3,3,2,0,1,1,0,0,0,0,406042.313799999650000,5756997.757700000000000,7.632679990000042,51.955733339000062,1,05200926702100274594
05,5,15,000,2020,09,21,7,3,1,5,2,1,1,0,0,0,0,403714.788099999540000,5758739.719000000500000,7.598331089000055,51.970992523000064,1,05200926702100201949