ULAND,UREGBEZ,UKREIS,UGEMEINDE,UJAHR,UMONAT,USTUNDE,UWOCHENTAG,UKATEGORIE,UART,UTYP1,ULICHTVERH,IstRad,IstPKW,IstFuss,IstKrad,IstGkfz,IstSonstige,LINREFX,LINREFY,XGCSWGS84,YGCSWGS84,STRZUSTAND,UIDENTSTLAE
05,5,12,000,2020,09,22,7,3,1,5,2,0,1,0,0,0,0,357932.254700000400000,5709984.998700000300000,6.952157085000067,51.523089653000056,1,05200926701400433207
05,5,62,014,2020,09,17,7,2,0,7,0,0,0,0,0,0,1,358376.190200000070000,5715973.741900000700000,6.956140826000024,51.577015581000069,0,05200926701300420209
05,5,13,000,2020,09,07,7,3,5,3,1,0,1,0,0,0,1,368782.972000000070000,5708983.929999999700000,7.108842620000075,51.516718568000044,1,05200926700100560209
05,5,70,040,2020,09,18,1,3,0,1,0,1,0,0,0,0,0,419862.344300000000000,5743568.131200000600000,7.836869047000050,51.837174399000048,0,05200927711231770571
05,5,70,052,2020,09,17,6,2,5,3,0,1,1,0,0,0,0,428833.035000000150000,5752942.392999999200000,7.965113511000027,51.922661280000057,0,05200925711114987231
05,5,66,008,2020,09,20,6,3,0,2,2,0,1,0,1,0,0,399732.544999999930000,5780666.175000000700000,7.533938566000074,52.167361615000061,0,05200925709100271201
05,5,54,008,2020,09,05,6,3,5,3,2,1,1,0,0,0,0,335268.444000000130000,5743923.767999999200000,6.609747362000064,51.821830257000045,1,05200925705000474671
05,5,13,000,2020,09,11,1,3,0,7,0,1,0,0,0,0,0,366980.781999999660000,5707882.990299999700000,7.083299580000073,51.506403297000077,1,05200927700100967038
05,5,15,000,2020,09,17,6,3,5,2,0,1,1,0,0,0,0,407467.786799999890000,5756144.452999999700000,7.653647720000038,51.948302393000063,0,05200925702100360209
05,5,15,000,2020,09,17,6,2,5,3,0,1,1,0,0,0,0,399567.410000000150000,5756260.082000000400000,7.538701534000040,51.947971361000043,0,05200925702100074776
05,5,12,000,2020,09,16,6,3,5,7,0,0,1,0,1,0,0,355800.229899999690000,5712355.866900000700000,6.920475601000021,51.543853379000041,0,05200925701400247200
05,5,13,000,2020,09,13,6,3,5,2,0,1,0,0,0,0,0,368158.568099999800000,5709769.945599999300000,7.099554667000064,51.523636909000061,0,05200925700100516208
05,5,15,000,2020,09,13,1,3,4,6,0,1,0,0,0,0,0,406367.061599999670000,5757264.403799999500000,7.637331766000045,51.958184857000049,0,05200927702100979108
05,5,70,004,2020,09,18,5,3,0,4,1,0,1,1,0,0,0,423278.335699999700000,5735564.507700000000000,7.888210310000034,51.765705056000058,0,05200924711216386957
05,5,66,076,2020,09,15,5,2,3,1,0,1,1,0,0,0,0,396661.812400000170000,5788052.483200000600000,7.486803088000045,52.233179782000036,0,05200924709500079230
05,5,58,012,2020,09,17,5,3,5,3,0,1,1,0,0,0,0,373875.173799999990000,5755866.300499999900000,7.165208891000020,51.939201153000056,0,05200924706200881437
05,5,58,016,2020,09,16,5,3,1,7,0,1,1,0,0,0,0,381399.866999999620000,5743896.445000000300000,7.278733693000049,51.833282048000058,0,05200924706100779200
05,5,62,032,2020,09,21,5,3,6,4,2,0,1,1,0,0,0,376185.322599999610000,5720472.597699999800000,7.211422790000029,51.621641024000041,0,05200924701110039203
05,5,13,000,2020,09,15,5,3,2,6,0,0,1,0,0,0,0,368790.824300000440000,5715965.188300000500000,7.106352059000074,51.579459180000072,0,05200924700200267100
05,5,62,014,2020,09,20,1,3,5,3,2,0,1,0,0,0,0,362402.488699999640000,5712582.127499999500000,7.015536264000048,51.547534951000046,0,05200927701300120296
05,5,62,036,2020,09,11,4,3,5,3,0,0,1,0,0,0,0,388312.838100000280000,5720230.560699999300000,7.386610323000070,51.622003148000033,0,05200930701930748505
05,5,62,004,2020,09,07,4,3,5,3,0,1,1,0,0,0,0,382931.858199999670000,5711935.788000000600000,7.311680273000036,51.546358737000048,1,05200930701800355208
05,5,62,036,2020,09,16,4,3,0,3,0,1,1,0,0,0,0,389724.148500000130000,5720916.806299999400000,7.406772954000076,51.628449481000075,0,05200930701000149717
05,5,13,000,2020,09,19,4,3,6,4,1,0,1,1,0,0,0,362926.661399999630000,5710724.070200000000000,7.023814713000036,51.530965439000056,0,05200930700000871537
05,5,66,084,2020,09,15,3,3,0,5,0,0,1,0,0,0,0,390540.395999999720000,5775045.331299999700000,7.401399924000032,52.115099294000061,1,05200929709500335205
05,5,54,056,2020,09,21,3,3,5,3,2,1,1,0,0,0,0,357298.142099999820000,5762337.840500000900000,6.921527929000035,51.993344701000069,1,05200929705000731358
05,5,15,000,2020,09,14,3,3,5,3,0,1,0,0,0,0,0,402469.378499999640000,5758347.749199999500000,7.580318408000039,51.967252254000073,1,05200929702100844971
05,5,62,016,2020,09,17,3,3,5,3,0,1,0,0,0,0,0,381864.394100000150000,5733090.798100000200000,7.289150750000033,51.736267240000075,1,05200929701700278205
05,5,54,020,2020,09,13,3,3,0,4,0,0,1,1,0,0,0,363856.489400000310000,5786646.562300000300000,7.007272529000034,52.213414289000070,1,05200929705000520950
05,5,58,016,2020,09,17,3,3,5,3,0,1,1,0,0,0,0,381671.310899999920000,5744477.218100000200000,7.282472675000065,51.838559124000028,1,05200929706200884916
05,5,15,000,2020,09,23,3,3,0,7,2,1,0,0,0,0,0,407058.707600000310000,5757346.144799999900000,7.647372339000071,51.959035625000070,1,05200929702100509409
05,5,13,000,2020,09,13,3,3,5,3,0,0,1,0,0,0,0,366469.003600000400000,5706309.910100000000000,7.076525107000066,51.492145871000048,1,05200929700100100555
05,5,70,004,2020,09,15,2,2,5,2,0,0,1,1,0,0,0,424663.870000000110000,5735378.338999999700000,7.908324783000069,51.764219612000034,0,05200928711211572377
05,5,70,052,2020,09,07,3,3,5,3,0,1,1,0,0,0,0,430406.517300000410000,5755207.534600000800000,7.987532448000025,51.943223041000067,0,05200929711113065808
05,5,70,052,2020,09,14,2,3,3,6,0,1,0,0,0,0,0,430742.457999999630000,5756454.711500000200000,7.992167690000031,51.954476642000031,0,05200928711111179136
05,5,54,044,2020,09,05,3,3,0,2,2,0,1,1,0,0,0,368362.957700000140000,5744501.589299999200000,7.089404252000065,51.835799865000070,0,05200929705000816030
05,5,66,076,2020,09,07,2,3,5,3,0,1,1,0,0,0,0,396293.627000000330000,5792703.360999999600000,7.479985307000050,52.274909882000031,1,05200928709500138473
05,5,15,000,2020,09,22,3,3,2,2,2,0,1,0,0,0,0,406184.799700000320000,5755145.607400000100000,7.635258369000042,51.939109370000040,1,05200929702100010903
05,5,58,012,2020,09,16,2,2,6,2,0,0,1,1,0,0,0,375684.343000000340000,5751036.932000000000000,7.193256822000024,51.896208647000037,0,05200928706200479112
05,5,54,020,2020,09,13,3,2,5,3,0,1,1,0,0,0,0,365368.739000000060000,5783780.953900000100000,7.030531964000033,52.188037407000081,1,05200929705000020950
05,5,54,012,2020,09,16,2,3,0,1,0,1,0,0,0,0,1,352018.231999999840000,5745685.823000000800000,6.851838405000024,51.842348997000045,1,05200928705000471216
05,5,54,020,2020,09,12,2,3,2,6,0,0,1,0,1,0,0,364165.360999999570000,5786604.869999999200000,7.011807249000071,52.213115901000037,1,05200928705000020789
05,5,15,000,2020,09,10,2,3,6,4,0,0,1,1,0,0,0,403842.196000000460000,5757771.922599999200000,7.600456255000040,51.962315712000077,0,05200928702100284205
05,5,66,012,2020,09,12,3,3,0,7,0,1,0,0,0,0,1,405578.025500000450000,5772283.313699999800000,7.621707963000063,52.093046249000054,1,05200929709000779150
05,5,15,000,2020,09,06,2,3,1,6,2,1,0,0,0,1,0,407197.115600000140000,5754878.361600000400000,7.650052327000026,51.936876976000065,0,05200928702100271207
05,5,15,000,2020,09,13,2,3,5,3,0,1,1,0,0,0,0,403182.291400000450000,5757032.244200000500000,7.591063171000030,51.955552734000037,0,05200928702100044971
05,5,54,008,2020,09,16,3,3,5,2,0,1,1,0,0,0,0,335674.794999999930000,5745364.392999999200000,6.614954158000046,51.834891641000070,1,05200929705000682335
05,5,15,000,2020,09,14,2,3,3,2,0,1,1,0,0,0,0,406031.782999999820000,5756763.716900000300000,7.632590793000077,51.953627892000043,0,05200928702100010903
05,5,15,000,2020,09,16,3,3,0,7,0,1,0,0,0,0,0,406269.817400000060000,5761498.281800000000000,7.634760511000025,51.996224436000034,1,05200929702100765831
05,5,66,076,2020,09,16,4,3,5,3,0,1,1,0,0,0,0,391999.962000000290000,5791909.185000000500000,7.417333241000051,52.266945867000061,0,05200930709500039759
05,5,62,032,2020,09,16,2,3,5,2,0,1,1,0,0,0,0,374333.429100000300000,5716786.179099999400000,7.186006531000032,51.588100524000026,1,05200928701110952200
05,5,66,076,2020,09,12,4,3,5,2,0,0,1,0,0,0,0,394337.442999999970000,5792986.653999999200000,7.451236189000042,52.277083433000030,0,05200930709500035185
05,5,62,024,2020,09,17,3,3,5,3,0,1,1,0,0,0,0,368440.182900000360000,5724561.602000000000000,7.098066880000033,51.656629943000041,1,05200929701500472412
05,5,66,084,2020,09,19,4,3,0,6,2,1,1,0,0,0,0,390867.726099999620000,5775909.139799999100000,7.405901414000027,52.122927295000068,0,05200930709300511964
05,5,70,052,2020,09,10,3,2,8,7,0,0,1,0,0,0,0,432852.899500000290000,5754870.684599999300000,8.023183264000068,51.940495502000033,0,05200929711115787219
05,5,54,008,2020,09,09,3,3,1,2,0,1,1,0,0,0,0,335889.103299999610000,5745826.711999999400000,6.617842487000075,51.839107858000034,1,05200929705000087250
05,5,54,008,2020,09,18,3,3,0,1,0,0,0,0,1,0,0,336482.810100000350000,5745162.529799999700000,6.626766331000056,51.833315327000037,1,05200929705000981024
05,5,15,000,2020,09,15,3,3,5,7,0,1,1,0,0,0,0,407448.730899999850000,5757321.535900000500000,7.653053502000034,51.958879483000032,0,05200929702100371209
05,5,54,012,2020,09,15,4,3,0,3,0,1,1,0,0,0,0,352110.548999999650000,5747566.941999999800000,6.852372802000048,51.859275061000062,0,05200930705000091737
05,5,54,020,2020,10,19,7,2,0,1,2,1,0,0,0,0,0,363206.739900000390000,5786820.540100000800000,6.997698134000075,52.214816587000030,1,05201003705000465798
05,5,66,060,2020,10,12,6,3,5,3,0,1,1,0,0,0,0,388694.903199999590000,5788856.606200000300000,7.369926967000026,52.238853585000072,0,05201002709500579230
05,5,62,020,2020,10,20,2,2,0,1,2,1,0,0,0,0,0,370473.442900000140000,5717908.254499999800000,7.129905031000021,51.597310309000079,1,05201005701200847208
05,5,70,052,2020,10,05,2,3,7,7,2,1,0,0,0,0,0,428408.171600000000000,5753377.279799999700000,7.958845931000042,51.926516261000074,0,05201005711114574649
05,5,66,048,2020,10,14,7,2,0,1,0,0,0,0,1,0,0,430393.648599999960000,5795794.517400000200000,7.979040432000033,52.308071974000029,0,05201003709700187281
05,5,15,000,2020,10,03,7,3,0,1,2,0,0,0,0,0,1,406067.625400000250000,5758866.598200000800000,7.632537046000039,51.972535597000046,1,05201003702100455355
05,5,58,012,2020,10,12,2,3,0,7,0,1,0,0,0,0,1,375580.015999999830000,5751521.844000000500000,7.191566393000073,51.900543092000078,0,05201005706000015970
05,5,15,000,2020,10,15,6,3,0,7,0,1,0,0,0,0,0,405683.218100000170000,5751307.044999999900000,7.629015705000029,51.904521655000053,0,05201002702100986200
05,5,15,000,2020,10,07,6,3,4,6,0,1,0,0,0,0,0,404359.081399999560000,5755711.404100000900000,7.608550428000058,51.943884157000070,0,05201002702100444586
05,5,62,024,2020,10,18,6,3,2,6,1,1,0,0,0,0,0,371121.095800000240000,5725183.323400000100000,7.136572745000024,51.662838267000041,1,05201002701500177207
05,5,13,000,2020,10,16,2,3,5,2,0,1,1,0,0,0,0,363296.190000000410000,5714882.003000000500000,7.027523032000033,51.568419553000069,0,05201005700200873765
05,5,62,014,2020,10,07,6,3,5,3,0,1,1,0,0,0,0,362446.078900000080000,5712639.653000000900000,7.016142036000076,51.548062517000062,0,05201002701300089552
05,5,54,040,2020,10,16,7,3,1,1,0,0,1,0,1,0,0,349705.253999999720000,5737695.187000000800000,6.821753102000059,51.769937449000054,1,05201003705000616030
05,5,70,028,2020,10,13,2,2,0,1,0,1,0,0,0,0,0,439988.020999999720000,5741310.571000000500000,8.129325297000037,51.819404097000074,0,05201005711412276177
05,5,66,040,2020,10,15,6,3,0,1,0,0,1,0,0,0,0,421710.437199999580000,5781715.667999999600000,7.854967043000045,52.180350919000034,0,05201002709800679143
05,5,54,008,2020,10,16,1,3,0,6,0,1,0,1,0,0,0,333682.226900000130000,5745959.698899999300000,6.585775053000020,51.839649679000047,0,05201004705000081000
05,5,66,008,2020,10,16,5,3,5,2,0,1,0,0,0,0,1,399882.701000000350000,5781429.269999999600000,7.535908132000031,52.174247388000026,1,05201001709110479238
05,5,62,024,2020,10,18,7,3,5,3,0,0,1,0,0,0,0,369061.185800000090000,5724534.553799999900000,7.107049430000075,51.656531876000031,1,05201003701500420296
05,5,62,024,2020,10,08,2,3,5,3,0,1,1,0,0,0,0,370469.644799999890000,5725160.953299999200000,7.127167280000037,51.662487457000054,0,05201005701500494208
05,5,54,008,2020,10,13,5,3,5,3,0,1,1,0,0,0,0,336773.210199999620000,5745581.818299999500000,6.630779432000054,51.837166944000046,0,05201001705000781024
05,5,54,028,2020,10,13,5,3,5,7,0,1,1,0,0,0,0,358101.693699999710000,5743252.715600000700000,6.941083045000028,51.822065624000061,0,05201001705000249444
05,5,15,000,2020,10,16,5,3,6,4,0,0,1,1,0,0,0,405406.997700000180000,5751068.242599999500000,7.625067371000057,51.902328345000058,0,05201001702100464207
05,5,15,000,2020,10,08,5,2,5,3,0,1,1,0,0,0,0,404346.139600000340000,5758425.971899999300000,7.607606443000066,51.968281472000058,0,05201001702100376712
05,5,62,032,2020,10,11,5,3,2,6,0,0,0,0,1,0,1,376396.272400000130000,5716155.697000000600000,7.215989938000064,51.582890528000064,0,05201001701120990998
05,5,62,032,2020,10,19,5,3,5,2,2,1,1,0,0,0,0,376243.068300000390000,5719123.244599999900000,7.212733044000061,51.609526860000074,1,05201001701110903207
05,5,13,000,2020,10,13,5,3,5,3,0,0,1,0,0,0,0,367197.762299999590000,5709555.393100000900000,7.085794163000060,51.521483687000057,0,05201001700100441236
05,5,66,012,2020,10,13,6,3,7,7,0,0,1,1,0,0,0,404532.339800000190000,5773641.522800000400000,7.606068234000077,52.105074615000035,0,05201002709100072339
05,5,62,032,2020,10,13,2,3,0,1,0,0,0,0,1,0,0,375295.972500000150000,5715439.137299999600000,7.200371829000062,51.576208293000036,1,05201005701110735207
05,5,15,000,2020,10,12,7,2,1,5,0,0,1,0,0,0,1,399690.109500000250000,5757304.300899999200000,7.540181383000061,51.957379057000026,0,05201003702100655964
05,5,66,076,2020,10,14,2,3,6,7,0,0,1,1,0,0,0,391463.734600000080000,5793507.880100000600000,7.408963993000043,52.281207885000072,0,05201005709500638473
05,5,70,020,2020,10,16,6,3,0,3,0,1,1,1,0,0,0,432954.207899999800000,5743040.848899999600000,8.026956196000072,51.834159499000066,0,05201002711421887313
05,5,66,036,2020,10,13,7,3,4,6,0,1,0,0,0,0,0,387505.388000000270000,5768469.203700000400000,7.359264025000073,52.055389634000051,0,05201003709300142386
05,5,15,000,2020,10,22,7,2,0,1,2,0,0,0,0,0,1,406051.181400000120000,5756989.581000000200000,7.632811232000051,51.955661341000052,1,05201003702100076712
05,5,62,024,2020,10,13,2,3,5,3,0,1,1,0,0,0,0,369924.339499999770000,5725560.582200000100000,7.119138725000028,51.665952821000076,0,05201005701500737205
05,5,58,016,2020,10,12,6,3,4,1,0,1,0,0,0,0,0,381965.786299999800000,5742895.462400000500000,7.287284357000033,51.824405895000041,0,05201009706000805114
05,5,70,004,2020,10,14,6,3,0,1,0,0,0,0,1,0,0,424632.543200000190000,5734845.439999999500000,7.907986515000061,51.759424800000033,0,05201009711213781146
05,5,15,000,2020,10,11,6,3,5,3,0,1,1,0,0,0,0,411488.809999999590000,5760787.703999999900000,7.710940487000073,51.990693706000059,0,05201009702100064121
05,5,70,008,2020,10,16,4,3,0,2,0,1,1,0,0,0,0,433451.330799999650000,5739055.063400000300000,8.034935706000056,51.798386892000053,0,05201007711313587401
05,5,70,004,2020,10,05,4,3,5,3,2,1,1,0,0,0,0,423172.826000000350000,5733599.262000000100000,7.887116070000047,51.748023748000037,1,05201007711214487086
05,5,70,004,2020,10,15,4,3,5,3,0,1,0,0,1,0,0,425062.794999999930000,5734395.728000000100000,7.914316270000029,51.755439758000080,1,05201007711213102814
05,5,70,052,2020,10,13,4,3,3,5,0,1,0,0,0,0,1,430899.630900000220000,5755977.755400000100000,7.994550390000029,51.950208528000076,0,05201007711113253158
05,5,13,000,2020,10,12,6,3,5,3,0,0,1,0,0,0,0,367116.360299999830000,5708926.134299999100000,7.084858816000065,51.515809599000079,0,05201009700100157809
05,5,66,060,2020,10,14,4,2,0,1,0,0,0,0,1,0,0,389105.068400000220000,5789282.765399999900000,7.375791402000061,52.242766245000041,1,05201007709500679091
05,5,66,060,2020,10,14,4,3,0,1,0,0,0,0,1,0,0,389108.867999999780000,5789177.890000000600000,7.375881446000051,52.241824498000028,1,05201007709500579091
05,5,70,052,2020,10,08,6,3,0,2,0,1,1,0,0,0,0,430718.447800000200000,5756418.253699999300000,7.991825704000064,51.954145909000033,0,05201009711111887306
05,5,66,012,2020,10,13,4,2,0,1,0,0,0,0,1,0,0,405004.732200000440000,5772260.614399999400000,7.613348484000028,52.092744105000065,1,05201007709100265868
05,5,66,076,2020,10,07,4,3,0,1,0,1,0,0,0,0,0,392843.618999999950000,5793342.404600000000000,7.429236055000047,52.279991472000063,1,05201007709000441174
05,5,58,016,2020,10,13,4,3,2,6,0,0,1,0,0,0,0,380639.711799999700000,5744498.398600000900000,7.267499182000051,51.838529940000058,1,05201007706000572192
05,5,54,064,2020,10,15,4,3,0,7,0,1,1,0,0,0,0,356748.432900000360000,5750759.766100000600000,6.918349874000057,51.889173079000045,1,05201007705000382365
05,5,54,008,2020,10,09,4,3,5,3,0,0,1,0,0,0,0,335722.103000000120000,5745189.361999999700000,6.615723240000023,51.833333179000078,1,05201007705000180974
05,5,15,000,2020,10,07,4,3,5,3,0,0,1,0,0,0,1,402243.048399999740000,5749530.800699999600000,7.579529508000064,51.887963125000056,1,05201007702100976642
05,5,15,000,2020,10,13,4,3,5,3,0,1,1,0,0,0,0,407029.592500000260000,5755264.319800000600000,7.647511868000038,51.940318216000037,1,05201007702100922205
05,5,15,000,2020,10,14,4,3,5,2,0,1,0,0,0,0,0,405555.789300000300000,5758700.669900000100000,7.625133727000048,51.970957421000037,0,05201007702100692910
05,5,62,012,2020,10,11,4,2,4,2,0,1,1,0,0,0,0,359196.201999999580000,5726935.327999999700000,6.963559990000022,51.675720288000036,1,05201007701610486937
05,5,62,014,2020,10,20,4,3,5,3,1,1,1,0,0,0,0,360690.486700000240000,5715500.842100000000000,6.989705075000074,51.573342761000049,0,05201007701300474209
05,5,70,008,2020,10,06,6,2,0,7,2,1,0,0,0,0,0,433518.329300000330000,5733844.990199999900000,8.036904791000040,51.751556138000069,0,05201009711311735328
05,5,15,000,2020,10,14,6,3,1,5,0,1,1,0,0,0,0,405268.458999999800000,5755623.003399999800000,7.621800876000066,51.943245165000064,0,05201009702100242488
05,5,70,044,2020,10,11,5,3,8,5,0,1,1,0,0,0,0,415830.663900000040000,5759860.842800000700000,7.774385820000020,51.983037212000056,1,05201008711142376757
05,5,70,052,2020,10,18,5,2,5,3,0,1,1,0,0,0,0,428859.031000000420000,5753383.017000000900000,7.965400397000053,51.926625639000065,1,05201008711114687309
05,5,66,076,2020,10,12,5,3,5,6,0,1,0,0,0,0,0,393646.737700000410000,5794116.563200000700000,7.440759658000047,52.287104958000043,1,05201008709500274704
05,5,58,016,2020,10,11,5,3,5,3,0,1,1,0,0,0,0,381674.469700000250000,5744348.341499999200000,7.282562582000026,51.837401558000067,1,05201008706100660209
05,5,15,000,2020,10,14,5,3,0,1,0,1,0,0,0,0,0,404757.946200000120000,5757290.999399999200000,7.613913797000066,51.958150621000073,1,05201008702100874698
05,5,15,000,2020,10,17,5,3,5,3,0,0,1,0,0,0,0,407779.515599999580000,5754369.599099999300000,7.658658022000054,51.932400741000038,1,05201008702100205103
05,5,15,000,2020,10,15,5,3,6,2,0,0,1,1,0,0,0,405949.908800000320000,5757760.245200000700000,7.631126918000064,51.962571302000072,1,05201008702100064591
05,5,62,014,2020,10,10,5,3,2,6,0,0,1,0,0,0,0,358776.412999999710000,5712675.586799999700000,6.963237733000028,51.547478960000035,1,05201008701300611200
05,5,62,020,2020,10,11,5,3,5,5,0,1,1,0,0,0,0,369736.332399999720000,5719667.954800000400000,7.118615140000031,51.612954256000080,1,05201008701200671206
05,5,13,000,2020,10,06,5,3,6,4,2,0,1,1,0,0,0,366350.418600000440000,5714126.063699999800000,7.071852287000070,51.562358479000068,0,05201008700200491202
05,5,70,012,2020,10,07,3,2,5,3,1,1,0,0,0,0,0,439418.562800000420000,5753478.547199999900000,8.118929003000062,51.928733856000065,1,05201006711422087326
05,5,70,028,2020,10,07,3,3,0,3,2,1,1,0,0,0,0,440146.057099999860000,5741262.622300000900000,8.131626143000062,51.818989978000047,1,05201006711412402968
05,5,70,004,2020,10,15,3,3,5,3,0,0,1,0,0,0,0,424548.672500000340000,5734876.492399999900000,7.906764792000047,51.759692657000073,0,05201006711213476703
05,5,66,076,2020,10,07,3,3,5,3,1,1,1,0,0,0,0,394020.719300000000000,5795052.487900000100000,7.445946001000039,52.295588552000027,1,05201006709500036096
05,5,66,084,2020,10,15,3,2,7,1,0,0,1,0,0,0,0,389911.843799999920000,5775945.671599999100000,7.391932919000055,52.123066078000079,0,05201006709300087285
05,5,66,012,2020,10,19,3,3,5,3,2,0,1,0,0,0,1,405027.634600000460000,5772254.303899999700000,7.613684444000057,52.092691316000071,1,05201006709110787356
05,5,66,012,2020,10,07,3,3,5,3,0,1,1,0,0,0,0,404930.751000000160000,5773620.598999999500000,7.611889460000043,52.104955168000060,1,05201006709110070592
05,5,13,000,2020,10,16,6,3,5,3,0,1,1,0,0,0,0,364854.951899999750000,5716173.826099999200000,7.049503058000028,51.580404140000041,0,05201009700200641201
05,5,66,012,2020,10,06,3,2,5,3,2,0,1,0,0,0,0,401047.161199999970000,5777773.125700000700000,7.553996472000051,52.141596579000066,1,05201006709100512264
05,5,70,044,2020,10,18,6,3,3,2,0,1,0,0,0,0,0,416308.657800000160000,5760340.424900000900000,7.781227299000022,51.987420363000069,0,05201009711142681091
05,5,66,008,2020,10,15,3,3,3,2,0,1,1,0,0,0,0,400201.217400000430000,5780699.715500000900000,7.540778987000067,52.167748017000065,1,05201006709000487267
05,5,54,020,2020,10,00,3,3,1,6,2,0,1,0,0,0,0,365426.108099999840000,5783615.060900000900000,7.031436512000028,52.186560799000063,1,05201006705000481002
05,5,54,068,2020,10,15,3,3,5,3,0,1,0,0,0,0,1,351494.002999999560000,5767438.087999999500000,6.834841873000073,52.037646392000056,1,05201006705000420987
05,5,15,000,2020,10,17,3,2,3,2,0,1,1,0,0,0,0,407124.279400000350000,5756617.540699999800000,7.648523311000076,51.952497507000032,0,05201006702100887204
05,5,15,000,2020,10,13,3,3,4,3,0,1,0,0,0,0,0,405769.576000000350000,5758391.417999999600000,7.628329834000056,51.968214021000051,1,05201006702100587529
05,5,13,000,2020,10,17,3,2,5,3,0,0,0,0,1,0,1,366827.404000000100000,5706987.377000000300000,7.081428982000034,51.498318586000039,0,05201006700100969502
05,5,62,024,2020,10,01,1,3,0,7,2,1,0,0,0,0,0,368534.742800000120000,5725290.310799999200000,7.099159035000071,51.663200630000063,1,05201011701500223204
05,5,66,012,2020,10,07,2,2,6,7,0,1,0,1,0,0,0,404634.764299999920000,5772155.988900000200000,7.607979034000039,52.091740080000079,0,05201012709110979197
05,5,66,076,2020,10,16,3,2,0,2,0,1,1,0,0,0,0,393058.968999999580000,5792377.134999999800000,7.432697603000065,52.271358370000030,0,05201013709500487278
05,5,62,032,2020,10,11,1,3,1,5,0,1,1,0,0,0,0,378855.440499999560000,5716663.733999999200000,7.251290560000030,51.587990456000057,0,05201011701120971187
05,5,66,076,2020,10,07,5,3,0,2,1,0,1,1,0,0,0,394499.416000000200000,5793876.867000000600000,7.453330809000022,52.285115107000081,0,05201015709500379184
05,5,70,020,2020,10,17,7,3,5,3,0,1,0,0,0,0,0,433206.049999999810000,5743556.285000000100000,8.030511129000047,51.838823405000028,0,05201010711422178050
05,5,58,024,2020,10,11,7,3,7,5,0,1,1,0,0,0,0,389302.572599999610000,5735856.867499999700000,7.395943444000068,51.762646624000070,0,05201010706000251312
05,5,13,000,2020,10,09,7,3,5,3,0,0,1,0,0,0,0,362329.916000000200000,5717682.882300000600000,7.012491729000033,51.593353704000037,0,05201010700000984980
05,5,54,008,2020,10,12,2,3,5,3,0,1,1,0,0,0,0,336666.500300000420000,5745689.200999999400000,6.629181287000051,51.838100421000036,0,05201012705000169813
05,5,15,000,2020,10,07,5,3,0,2,0,0,0,0,0,0,1,406096.809899999760000,5753623.422399999600000,7.634394221000036,51.925412359000063,0,05201015702100138623
05,5,15,000,2020,10,15,4,3,5,3,0,1,1,0,0,0,0,405864.677199999800000,5754080.182800000500000,7.630894486000045,51.929478745000040,0,05201014702100194207
05,5,70,008,2020,10,14,3,3,5,3,0,1,1,0,0,0,0,433574.887099999930000,5734162.751199999800000,8.037663281000050,51.754419541000061,0,05201013711311076703
05,5,70,008,2020,10,10,2,3,6,2,0,0,1,1,0,0,0,433771.697900000030000,5734125.114800000600000,8.040521325000043,51.754104494000046,1,05201012711311379233
05,5,62,032,2020,10,15,4,3,0,6,0,0,1,0,1,0,0,373270.402599999680000,5718822.621400000500000,7.169934513000044,51.606163927000068,0,05201014701110088204
05,5,62,032,2020,10,15,3,2,6,4,0,0,1,1,0,0,0,377208.211799999700000,5716490.011099999800000,7.227585918000045,51.586072599000033,0,05201013701120844207
05,5,54,020,2020,10,20,2,3,0,1,2,1,0,0,0,0,0,365562.036000000310000,5786575.833000000600000,7.032248588000073,52.213197516000037,0,05201012705000881049
05,5,54,008,2020,10,11,5,3,0,5,0,0,1,0,1,0,0,335149.497299999930000,5746458.686799999300000,6.606815617000052,51.844567293000068,0,05201015705000086007
05,5,58,004,2020,10,19,4,3,9,1,2,0,1,0,1,0,0,407703.395299999970000,5732815.675100000600000,7.663301022000042,51.738645254000062,0,05201014706000176677
05,5,15,000,2020,10,16,2,3,0,5,0,1,1,0,0,0,0,403377.540199999700000,5762066.858899999400000,7.592485904000057,52.000839216000031,0,05201012702100565857
05,5,66,076,2020,10,15,1,3,5,2,0,0,1,0,0,0,0,392383.285500000230000,5791754.708699999400000,7.422997542000076,52.265632711000080,0,05201011709500042445
05,5,15,000,2020,10,13,1,2,5,2,0,1,1,0,0,0,0,405139.223100000060000,5755806.796000000100000,7.619870571000035,51.944875151000076,0,05201011702100205103
05,5,12,000,2020,10,09,4,2,9,7,0,0,1,0,0,0,0,355815.978199999780000,5710704.333799999200000,6.921378922000031,51.529017144000079,0,05201014701400940203
05,5,66,076,2020,10,11,2,3,0,6,0,1,0,0,0,0,1,393092.285799999720000,5792921.698300000300000,7.433013073000041,52.276258933000065,0,05201019709500176614
05,5,54,020,2020,10,09,3,3,5,3,0,1,1,0,0,0,0,366389.264999999660000,5787433.416999999400000,7.044010374000038,52.221104439000044,0,05201020705000565910