ULAND,UREGBEZ,UKREIS,UGEMEINDE,UJAHR,UMONAT,USTUNDE,UWOCHENTAG,UKATEGORIE,UART,UTYP1,ULICHTVERH,IstRad,IstPKW,IstFuss,IstKrad,IstGkfz,IstSonstige,LINREFX,LINREFY,XGCSWGS84,YGCSWGS84,STRZUSTAND,UIDENTSTLAE
05,5,15,000,2020,10,12,2,3,2,6,0,0,1,0,0,0,0,406924.889000000430000,5749216.759999999800000,7.647623373000045,51.885941723000030,0,05201019702100042666
05,5,15,000,2020,10,23,4,3,4,6,2,1,0,0,0,0,0,406127.513199999930000,5758080.793199999300000,7.633623484000054,51.965482550000047,0,05201021702100670553
05,5,13,000,2020,10,09,2,3,8,1,0,0,1,0,0,0,0,366427.041299999690000,5708831.228700000800000,7.074966217000053,51.514794155000061,1,05201019700100365472
05,5,54,068,2020,10,16,2,3,2,5,0,0,1,0,0,0,0,351145.697999999860000,5767774.684000000400000,6.829621139000039,52.040577132000067,0,05201019705000002662
05,5,62,024,2020,10,13,2,3,2,6,0,0,1,0,0,1,0,368380.575400000440000,5726995.324899999400000,7.096288858000037,51.678486651000071,0,05201019701500685410
05,5,62,028,2020,10,15,4,3,6,4,0,0,1,1,0,0,0,378738.855000000450000,5722907.724500000500000,7.247447859000033,51.644082269000080,0,05201021701920815209
05,5,62,004,2020,10,14,3,3,5,7,0,0,1,0,0,0,0,383946.878499999640000,5717528.296000000100000,7.324464447000025,51.596832594000034,1,05201020701800424207
05,5,66,084,2020,10,06,4,3,5,3,2,1,0,0,0,0,1,390123.118999999950000,5775531.115000000200000,7.395151577000036,52.119382393000080,1,05201021709300074736
05,5,54,024,2020,10,10,6,3,0,3,0,0,1,0,0,0,0,371461.126299999650000,5776218.693000000000000,7.122463996000022,52.121537403000048,0,05201016705000781572
05,5,70,008,2020,10,09,2,3,5,3,0,1,1,0,0,0,0,432806.537999999710000,5739632.955000000100000,8.025474601000042,51.803505010000038,0,05201019711314584994
05,5,15,000,2020,10,09,6,3,5,3,0,0,1,0,1,0,0,405274.571800000030000,5755898.287200000100000,7.621813934000045,51.945720577000031,0,05201016702100464311
05,5,13,000,2020,10,09,6,3,6,7,0,0,0,1,0,0,1,364745.125599999910000,5708589.309000000400000,7.050834511000062,51.512219982000033,0,05201016700100681235
05,5,54,004,2020,10,16,3,3,0,7,0,1,1,0,0,0,0,363515.699099999850000,5771814.343699999200000,7.008245107000050,52.080058345000054,1,05201020705000787378
05,5,62,032,2020,10,18,2,2,5,3,0,0,1,0,0,0,1,376642.290000000040000,5714526.149700000900000,7.220111229000054,51.568299254000067,0,05201019701120194208
05,5,13,000,2020,10,23,6,2,5,3,2,0,1,0,0,0,0,367437.936800000260000,5709399.625800000500000,7.089312555000049,51.520140274000028,0,05201016700100238208
05,5,15,000,2020,10,10,2,3,0,7,0,1,0,1,0,0,0,404373.148299999540000,5756515.966000000000000,7.608531196000058,51.951118288000032,0,05201019702100165812
05,5,54,004,2020,10,11,4,3,5,3,0,1,1,0,0,0,0,363157.074199999680000,5771366.536599999300000,7.003194639000071,52.075946111000064,1,05201021705000555357
05,5,66,076,2020,10,18,7,3,5,3,1,1,1,0,0,0,0,393725.059000000360000,5795040.017999999200000,7.441616182000075,52.295419368000069,0,05201017709500974704
05,5,13,000,2020,10,18,4,3,2,2,2,0,1,0,0,0,0,365817.404000000100000,5716039.260999999900000,7.063436607000028,51.579424828000072,0,05201021700200579207
05,5,58,032,2020,10,17,7,2,2,2,0,1,1,0,0,0,0,392432.435899999920000,5752388.462300000700000,7.436138051000057,51.911840401000063,0,05201017706100079200
05,5,15,000,2020,10,00,7,3,4,1,2,1,0,0,0,0,0,404388.951500000430000,5758417.678099999200000,7.608231749000026,51.968214290000049,0,05201017702100342572
05,5,58,012,2020,10,11,2,3,0,7,0,1,0,0,0,0,0,374578.800999999980000,5755932.782999999800000,7.175414985000032,51.939957636000031,0,05201019706200587452
05,5,15,000,2020,10,23,3,3,0,7,2,0,0,0,0,0,1,406112.864000000060000,5757493.588999999700000,7.633570847000044,51.960202017000029,1,05201020702100545931
05,5,70,052,2020,10,12,4,3,5,3,0,1,1,0,0,0,0,429248.053000000310000,5752810.846000000800000,7.971174548000022,51.921531619000064,0,05201021711114557428
05,5,62,004,2020,10,19,2,3,5,3,2,0,1,0,0,0,0,382908.038999999870000,5715829.606000000600000,7.310039749000055,51.581350331000067,0,05201019701800820209
05,5,15,000,2020,10,14,4,3,2,6,0,0,1,0,0,0,0,404987.206799999810000,5754447.644500000400000,7.618035065000072,51.932632565000063,1,05201021702100412207
05,5,13,000,2020,10,16,2,2,5,2,0,1,1,0,0,0,0,366391.490799999800000,5711300.196499999600000,7.073517744000071,51.536973382000042,0,05201019700100071568
05,5,62,014,2020,10,14,7,3,6,4,0,0,1,1,0,0,0,360798.719200000170000,5715632.448699999600000,6.991213733000052,51.574552123000046,0,05201017701300717202
05,5,15,000,2020,10,16,2,3,0,1,0,1,0,0,0,0,0,402208.030600000170000,5758615.657900000000000,7.576439117000064,51.969614362000073,0,05201019702100453125
05,5,62,024,2020,10,15,2,3,4,6,0,0,1,0,0,0,0,372431.694400000390000,5724417.622500000500000,7.155791165000039,51.656256089000067,0,05201019701500146201
05,5,66,012,2020,10,15,4,3,3,6,0,1,1,0,0,0,0,405916.637099999930000,5772637.629200000300000,7.626551378000045,52.096288592000064,0,05201021709110172341
05,5,62,012,2020,10,18,4,3,1,5,1,1,1,0,0,0,0,357443.182099999860000,5726979.959799999400000,6.938205491000076,51.675679187000071,1,05201021701610762209
05,5,62,016,2020,10,15,1,3,1,5,0,1,1,0,0,0,0,381852.988599999810000,5733098.661900000600000,7.288982984000029,51.736335510000060,0,05201018701700843201
05,5,15,000,2020,10,01,1,3,6,2,2,0,0,1,0,0,1,406036.385200000370000,5756774.784900000300000,7.632654716000047,51.953728154000032,0,05201025702100538205
05,5,62,008,2020,10,18,7,3,5,3,2,0,1,0,0,0,0,384504.152200000360000,5723766.250800000500000,7.330449480000027,51.653012119000039,1,05201024701910588204
05,5,66,076,2020,10,19,2,3,6,4,2,1,0,1,0,0,0,393762.527499999850000,5793440.486800000100000,7.442669653000053,52.281051321000064,0,05201026709500639960
05,5,66,008,2020,10,23,6,3,5,3,2,0,1,0,1,0,0,398929.599499999550000,5780991.323899999300000,7.522105662000058,52.170137498000031,1,05201023709100179088
05,5,70,008,2020,10,15,6,2,0,7,0,0,1,0,0,0,0,436467.502000000330000,5734823.818000000000000,8.079443353000045,51.760698237000042,1,05201023711313182312
05,5,15,000,2020,10,14,2,3,0,1,0,1,0,0,0,0,0,406112.864000000060000,5757493.588999999700000,7.633570847000044,51.960202017000029,1,05201026702100468375
05,5,66,076,2020,10,12,5,3,0,3,0,1,1,0,0,0,0,395154.852300000380000,5794205.570599999300000,7.462833675000070,52.288194688000033,0,05201022709500812449
05,5,66,076,2020,10,18,5,3,5,3,1,1,1,0,0,0,0,392712.570000000300000,5793046.304999999700000,7.427410059000067,52.277304821000030,1,05201022709500002746
05,5,66,084,2020,10,10,7,2,0,7,0,0,0,0,1,0,0,385541.698900000190000,5777422.344599999500000,7.327629802000047,52.135449261000076,1,05201024709300074736
05,5,58,016,2020,10,11,5,3,0,1,0,1,0,0,0,0,0,380040.548999999650000,5744527.962999999500000,7.258796475000054,51.838667253000040,1,05201022706000086167
05,5,54,008,2020,10,07,5,3,6,4,2,0,1,1,0,0,0,334280.149000000210000,5742458.222999999300000,6.596121820000064,51.808372601000030,0,05201022705000986007
05,5,54,008,2020,10,10,5,3,5,3,0,1,1,0,0,0,0,336089.690999999640000,5745757.759999999800000,6.620784081000068,51.838547337000080,0,05201022705000485682
05,5,15,000,2020,10,18,5,3,5,7,1,1,1,0,0,0,0,405241.742700000290000,5757571.688400000300000,7.620874993000030,51.960756226000058,0,05201022702100942871
05,5,62,020,2020,10,13,7,3,3,3,0,1,1,0,0,0,0,372362.453599999660000,5716099.238199999600000,7.157821017000060,51.581484006000039,0,05201024701200535202
05,5,62,016,2020,10,14,5,3,0,1,0,1,0,0,0,0,0,373953.913900000040000,5734181.587099999200000,7.174256112000023,51.744346868000036,1,05201022701700006208
05,5,13,000,2020,10,18,5,2,0,7,1,1,0,1,0,0,0,366344.505300000310000,5714139.787200000100000,7.071761811000044,51.562480404000041,1,05201022700200678200
05,5,54,008,2020,10,07,2,3,5,3,0,1,1,0,0,0,0,335694.690999999640000,5745729.854699999100000,6.615069124000058,51.838180588000057,1,05201026705000785682
05,5,70,052,2020,10,12,6,3,2,2,0,0,1,0,0,0,0,430163.663200000300000,5756780.634199999300000,7.983680273000061,51.957334175000028,1,05201023711111987219
05,5,54,004,2020,10,12,1,3,6,3,0,0,1,1,0,0,0,363023.319000000130000,5771671.768999999400000,7.001121631000046,52.078655665000042,1,05201025705000020894
05,5,62,032,2020,10,12,7,3,6,6,0,0,1,1,0,0,0,375174.233599999920000,5719664.721300000300000,7.197112561000040,51.614157218000059,0,05201024701110516209
05,5,15,000,2020,10,06,7,3,0,7,2,1,0,0,0,0,0,405110.800200000410000,5760183.298399999700000,7.618247865000058,51.984208051000053,1,05201024702100512209
05,5,66,076,2020,10,16,2,3,5,3,0,1,1,0,0,0,0,394073.404500000180000,5794980.448400000100000,7.446740910000074,52.294951279000031,0,05201026709500674669
05,5,66,076,2020,10,06,6,3,5,3,2,1,1,0,0,0,0,393454.673000000420000,5796576.374500000800000,7.437166770000033,52.309174461000055,1,05201023709500511931
05,5,15,000,2020,10,16,2,3,5,3,0,1,1,0,0,0,0,407988.565100000240000,5754726.074799999600000,7.661602394000056,51.935639560000027,0,05201026702100571206
05,5,66,016,2020,10,08,7,3,6,7,0,1,0,1,0,0,0,403114.278599999850000,5791944.507300000600000,7.580138480000073,52.269333784000082,0,05201024709500572447
05,5,62,004,2020,10,15,7,2,6,4,0,0,1,1,0,0,0,384090.734000000170000,5710966.457000000400000,7.328704781000056,51.537885782000046,0,05201024701800595208
05,5,66,076,2020,10,18,2,3,0,3,2,0,1,0,0,0,1,393485.445000000300000,5794738.504000000700000,7.438199304000023,52.292663208000079,0,05201026709500279157
05,5,70,004,2020,10,07,6,3,5,3,1,1,1,0,0,0,0,425037.620000000110000,5735208.702999999700000,7.913776241000051,51.762744800000064,1,05201023711211581979
05,5,15,000,2020,10,15,2,3,5,3,0,1,1,0,0,0,0,405903.491100000220000,5757238.151799999200000,7.630594553000037,51.957870638000031,1,05201026702100439947
05,5,54,008,2020,10,15,6,3,1,6,0,0,1,0,0,0,0,335629.698599999770000,5744552.064500000300000,6.614685997000038,51.827580886000078,0,05201023705000486945
05,5,54,008,2020,10,23,7,3,6,7,2,0,1,1,0,0,0,334136.335300000380000,5745763.753399999800000,6.592454420000024,51.838024498000038,0,05201024705000986828
05,5,66,028,2020,10,12,1,3,6,6,0,1,0,1,0,0,0,417583.372000000440000,5791624.227199999600000,7.792205911000053,52.268814024000051,1,05201025709700047179
05,5,62,032,2020,10,16,7,3,5,2,0,1,1,0,0,0,0,375420.097400000320000,5720290.389000000400000,7.200439301000074,51.619834626000056,0,05201024701110885372
05,5,70,028,2020,10,11,2,3,9,7,0,0,1,0,0,0,0,441445.817200000400000,5742406.842399999500000,8.150287552000066,51.829414501000031,0,05201026711411387313
05,5,66,040,2020,10,10,6,2,0,1,0,1,0,0,0,0,0,421821.577800000090000,5782494.928500000400000,7.856412501000023,52.187371364000057,1,05201023709800879143
05,5,54,008,2020,10,08,2,3,5,3,0,1,1,0,0,0,0,337048.467100000010000,5747065.953500000800000,6.634071851000044,51.850580089000061,1,05201026705000581000
05,5,54,020,2020,10,13,6,2,0,7,0,1,0,0,0,0,0,365769.256400000300000,5785674.139399999800000,7.035637206000047,52.205146003000038,1,05201030705000491841
05,5,54,012,2020,10,07,6,3,5,3,0,0,1,0,0,0,0,352492.953999999910000,5753133.960999999200000,6.855541918000029,51.909395044000064,1,05201030705000016030
05,5,70,004,2020,10,17,5,3,5,2,1,1,1,0,0,0,0,423701.522499999960000,5735620.797299999700000,7.894329200000072,51.766268911000054,1,05201029711211602801
05,5,66,040,2020,10,16,5,3,2,6,0,0,1,0,1,0,0,421060.076700000090000,5781628.891499999900000,7.845477405000054,52.179478213000039,1,05201029709800181124
05,5,66,076,2020,10,07,5,3,0,1,0,1,0,0,0,0,0,392813.478299999610000,5792429.431700000500000,7.429084596000052,52.271780569000043,0,05201029709500135185
05,5,54,020,2020,10,07,5,3,0,3,0,1,1,0,0,0,0,366481.791000000200000,5786381.023199999700000,7.045779251000056,52.211670702000049,0,05201029705000620950
05,5,54,004,2020,10,17,5,3,0,1,2,0,0,0,1,0,0,357450.283400000070000,5770788.491000000400000,6.920221045000062,52.069312798000055,1,05201029705000564594
05,5,54,004,2020,10,11,5,3,5,3,0,1,0,0,0,0,0,357321.121600000190000,5776836.268899999600000,6.915806045000068,52.123618006000072,1,05201029705000064594
05,5,70,028,2020,10,07,4,3,5,3,0,1,1,0,0,0,0,440004.934999999590000,5742532.482999999100000,8.129358900000057,51.830391132000045,0,05201028711412202956
05,5,66,024,2020,10,07,4,3,1,1,2,0,0,0,1,0,1,384416.382399999540000,5771215.231599999600000,7.313301873000057,52.079432371000053,1,05201028709300779125
05,5,66,012,2020,10,07,4,3,2,6,0,0,1,0,0,0,0,404750.791500000280000,5772175.898499999200000,7.609666549000053,52.091939014000047,1,05201028709110057478
05,5,66,012,2020,10,11,4,3,1,1,0,1,1,0,0,0,0,404967.163800000210000,5772700.642000000900000,7.612677571000063,52.096692700000062,0,05201028709100868030
05,5,15,000,2020,10,10,5,3,0,3,0,0,1,0,0,0,1,405996.201000000350000,5757027.876000000200000,7.632000899000047,51.955996263000031,0,05201029702100668200
05,5,15,000,2020,10,16,4,3,5,3,0,1,0,0,0,0,1,407854.961699999870000,5757275.653400000200000,7.658976143000075,51.958534535000069,0,05201028702100839947
05,5,15,000,2020,10,10,5,3,3,6,0,1,0,0,0,0,1,407857.174999999810000,5757275.247999999700000,7.659008453000070,51.958531258000050,0,05201029702100565812
05,5,15,000,2020,10,17,4,3,5,3,1,1,1,0,0,0,0,407989.008100000210000,5754725.488299999400000,7.661608993000073,51.935634362000030,1,05201028702100568260
05,5,15,000,2020,10,07,4,3,5,2,0,1,1,0,0,0,1,405269.103199999780000,5757294.410599999100000,7.621349544000054,51.958268601000043,1,05201028702100474053
05,5,15,000,2020,10,18,4,2,0,7,2,1,0,0,0,0,0,406866.295699999670000,5758296.189600000200000,7.644315265000046,51.967542903000037,1,05201028702100072436
05,5,58,016,2020,10,07,6,3,5,3,0,1,1,0,0,0,0,381669.904000000100000,5743277.395600000400000,7.282862538000074,51.827775815000052,1,05201030706100719987
05,5,15,000,2020,10,09,5,3,5,3,0,1,1,0,0,0,0,406519.377500000410000,5758205.828500000800000,7.639291548000074,51.966672461000030,0,05201029702100260767
05,5,62,032,2020,10,16,4,3,5,2,1,0,0,0,1,1,0,379836.108000000010000,5719052.844100000300000,7.264620953000076,51.609672453000030,0,05201028701110700201
05,5,62,012,2020,10,13,5,3,5,3,0,1,0,0,0,0,0,359490.721300000320000,5725137.203900000100000,6.968539831000044,51.659636433000060,0,05201029701610908207
05,5,62,014,2020,10,08,6,3,5,2,0,1,1,0,0,0,0,358527.231499999760000,5716785.653000000900000,6.957992007000030,51.584349250000059,1,05201030701300073204
05,5,62,012,2020,10,07,5,3,5,3,0,0,1,0,0,0,0,361581.052500000220000,5726497.309499999500000,6.998202704000050,51.672377006000033,1,05201029701610847200
05,5,62,020,2020,10,14,5,3,0,7,0,1,0,0,0,0,0,367067.921000000090000,5719526.448000000800000,7.080152276000035,51.611058858000035,1,05201029701200963208
05,5,13,000,2020,10,07,5,3,2,2,0,0,1,0,0,0,0,365148.701000000350000,5717430.643999999400000,7.053257194000025,51.591768768000065,1,05201029700200105209
05,5,54,012,2020,10,07,6,3,4,7,0,1,1,0,0,0,0,353198.136800000440000,5745285.985500000400000,6.869123214000069,51.839067904000046,0,05201030705000281028
05,5,66,096,2020,10,18,3,3,0,1,2,0,0,0,1,0,0,385912.432199999690000,5785221.173699999200000,7.330421987000023,52.205613093000068,0,05201027709300629206
05,5,58,036,2020,10,07,3,3,0,3,0,0,1,0,1,0,0,387835.941999999810000,5729915.411000000300000,7.376615413000025,51.708954452000057,1,05201027706000538857
05,5,12,000,2020,10,07,3,3,5,3,0,1,1,0,0,0,0,356643.199099999850000,5708441.541600000100000,6.934216609000032,51.508894658000031,0,05201027701400154200
05,5,62,014,2020,10,22,3,2,0,1,2,0,0,0,0,0,1,358922.123999999840000,5713445.441999999800000,6.965029029000050,51.554433306000078,0,05201027701300389202
05,5,13,000,2020,10,13,3,3,6,7,0,1,0,1,0,0,0,365862.738300000320000,5713389.088600000400000,7.065102052000043,51.555619873000069,1,05201027700200867100
05,5,62,014,2020,10,12,6,3,5,2,0,0,1,1,0,0,0,358805.815399999730000,5715877.332900000700000,6.962375536000025,51.576257031000068,1,05201030701300171208
05,5,13,000,2020,10,17,6,2,6,4,1,0,1,1,0,0,0,368092.516599999740000,5707371.325099999100000,7.099500623000040,51.502065672000072,1,05201030700200244206
05,5,62,004,2020,11,13,4,3,0,7,0,1,0,0,0,0,0,383270.934999999590000,5716239.775599999400000,7.315138528000034,51.585112094000067,0,05201104701800398200
05,5,66,024,2020,10,12,7,3,5,2,0,1,1,0,0,0,0,382981.360000000340000,5774835.286000000300000,7.291127803000052,52.111663684000064,1,05201031709300661208
05,5,54,004,2020,10,12,7,3,0,7,0,0,1,1,0,0,0,364769.572800000200000,5771217.071399999800000,7.026768187000073,52.074999226000045,0,05201031705000228616
05,5,62,012,2020,10,14,7,3,4,6,0,1,0,0,0,1,0,362044.257100000050000,5730970.774900000500000,7.003128277000030,51.712689371000067,1,05201031701620787577
05,5,13,000,2020,10,09,7,3,5,3,0,0,1,0,0,0,1,366945.371399999600000,5713368.554999999700000,7.080717077000031,51.555691734000050,1,05201031700200258203
05,5,13,000,2020,10,15,7,3,5,3,0,0,1,0,0,0,0,366637.858000000010000,5708390.023000000000000,7.078169543000058,51.510879001000035,0,05201031700100573492
05,5,15,000,2020,11,15,4,3,6,2,0,0,0,1,0,0,1,404246.433400000450000,5748607.245600000000000,7.608886916000074,51.880009495000081,0,05201104702100947205
05,5,58,016,2020,11,14,3,2,4,1,0,1,0,0,1,0,0,374627.168999999760000,5745980.021999999900000,7.179737074000059,51.850527363000026,0,05201103706100903163
05,5,62,014,2020,11,08,4,3,0,7,0,0,1,0,0,0,1,361753.311499999840000,5716186.260600000600000,7.004762260000064,51.579763660000026,0,05201104701300267206
05,5,54,008,2020,11,09,2,3,5,2,0,1,1,0,0,0,0,337692.582499999550000,5745600.123400000900000,6.644103232000020,51.837599313000055,0,05201102705000586931
05,5,15,000,2020,11,20,4,3,5,3,2,1,1,0,0,0,0,403543.108799999580000,5757820.992399999900000,7.596090773000071,51.962704957000028,0,05201104702100370596
05,5,15,000,2020,11,17,3,2,0,1,1,1,0,0,0,0,0,404500.583999999800000,5760999.012399999400000,7.609137721000025,51.991435389000060,1,05201103702100844971
05,5,13,000,2020,11,11,4,3,0,1,0,1,0,0,0,0,0,368651.786799999890000,5705775.796099999900000,7.108147613000028,51.487857175000045,0,05201104700100673608
05,5,13,000,2020,11,21,2,3,5,2,2,0,1,0,0,0,0,369201.890599999580000,5714617.742499999700000,7.112782904000028,51.567445588000055,1,05201102700200421201
05,5,54,008,2020,11,14,1,2,5,3,0,0,1,0,0,0,0,336968.457000000400000,5746070.909000000000000,6.633380328000044,51.841617730000053,0,05201101705000986007
05,5,54,020,2020,11,15,1,3,5,3,0,0,1,0,0,0,0,364977.450000000190000,5784005.528000000900000,7.024722174000033,52.189959623000050,1,05201101705000920880
05,5,66,076,2020,11,07,3,3,5,3,1,1,1,0,0,0,0,393751.116899999790000,5794750.016699999600000,7.442089601000021,52.292818114000056,0,05201103709500441174
05,5,54,068,2020,11,18,1,3,8,1,2,0,1,0,0,0,0,351090.542700000110000,5767234.734699999900000,6.829052684000033,52.035711180000078,1,05201101705000076685
05,5,15,000,2020,11,04,1,3,0,1,2,0,0,0,0,0,1,405556.168999999760000,5756653.222999999300000,7.625702255000022,51.952554158000055,1,05201101702100557405
05,5,66,084,2020,11,17,2,3,3,6,1,1,1,0,0,0,0,387048.402700000440000,5777021.960400000200000,7.349767555000028,52.132161056000029,1,05201102709300074736
05,5,62,012,2020,11,16,4,3,5,3,0,0,1,0,0,0,1,361144.625799999570000,5726158.064899999600000,6.992030171000067,51.669220875000065,0,05201104701610987577
05,5,62,024,2020,11,14,1,2,5,3,0,1,1,0,0,0,0,369938.063099999910000,5725553.321799999100000,7.119339752000030,51.665890752000053,1,05201101701500362613
05,5,12,000,2020,11,13,1,3,5,3,0,1,1,0,0,0,0,354460.716300000440000,5709806.115199999900000,6.902225955000063,51.520598384000039,0,05201101701400556209
05,5,15,000,2020,11,20,4,3,5,3,2,0,1,0,0,0,0,405271.579599999820000,5756338.918400000800000,7.621648984000046,51.949680653000030,0,05201104702100574698
05,5,54,012,2020,11,19,3,2,5,3,2,0,0,0,1,0,1,354074.769899999720000,5747224.398800000500000,6.881020352000064,51.856714373000045,0,05201103705000016030
05,5,13,000,2020,11,10,4,3,6,7,0,0,1,1,0,0,0,366355.745799999680000,5711283.487299999200000,7.073008998000034,51.536814762000063,0,05201104700100981313
05,5,54,020,2020,11,13,2,3,0,1,0,0,0,0,1,0,0,366253.222699999810000,5785926.523099999900000,7.042615506000061,52.207531416000052,1,05201102705000065910
05,5,70,032,2020,11,07,3,3,0,3,0,1,1,0,0,0,0,420874.902999999930000,5766049.484999999400000,7.846389996000028,52.039409009000053,0,05201103711151006657
05,5,66,088,2020,10,11,6,3,6,7,0,0,0,1,0,0,1,419161.894799999890000,5786304.395999999700000,7.816606321000052,52.221230187000060,1,05201030709800574652
05,5,15,000,2020,11,12,3,2,0,1,0,1,0,0,0,0,0,404313.325000000190000,5760310.199999999300000,7.606603532000065,51.985211895000077,1,05201103702100774772
05,5,66,076,2020,11,09,2,3,8,7,0,1,0,0,0,0,0,395462.002299999820000,5793730.626399999500000,7.467482460000042,52.283984738000072,1,05201102709500712050
05,5,13,000,2020,11,14,4,3,5,3,0,1,1,0,0,0,0,362555.623900000010000,5709922.120300000500000,7.018781826000065,51.523668675000067,0,05201104700100570209
05,5,58,016,2020,10,07,6,3,5,3,0,1,1,0,0,0,0,382003.122899999840000,5743943.976600000600000,7.287468421000028,51.833836990000066,1,05201030706100900209
05,5,70,016,2020,11,15,6,3,3,5,0,1,1,0,0,0,0,413042.799100000410000,5739184.581800000700000,7.739014477000069,51.796750177000035,0,05201106711221758483
05,5,66,008,2020,11,20,6,3,0,1,2,0,0,0,1,0,0,400754.892699999730000,5778504.157800000200000,7.549513515000058,52.148114558000032,0,05201106709110870536
05,5,58,024,2020,11,18,6,3,1,5,2,1,1,0,0,0,0,393227.419300000180000,5736764.067700000500000,7.452514643000029,51.771562731000074,0,05201106706300556214
05,5,70,020,2020,11,16,1,3,8,1,1,0,1,0,0,0,0,427536.942999999970000,5743315.687599999800000,7.948290966000059,51.835953621000044,0,05201108711421278050
05,5,58,016,2020,11,07,6,3,9,1,1,1,0,0,0,0,0,381567.072900000030000,5743475.978099999900000,7.281303091000041,51.829538720000073,0,05201106706100823578
05,5,54,012,2020,11,13,6,3,5,3,0,0,1,0,1,0,0,352095.372999999670000,5744889.099999999600000,6.853297981000026,51.835210967000080,0,05201106705000680990
05,5,15,000,2020,11,22,6,3,0,7,2,1,0,0,0,0,0,405519.709999999960000,5754337.651900000900000,7.625808137000036,51.931734552000080,0,05201106702100360669
05,5,62,024,2020,11,18,6,3,5,2,2,1,1,0,0,0,0,368981.172000000250000,5725246.550499999900000,7.105626501000074,51.662911635000057,0,05201106701500228204
05,5,70,004,2020,11,18,1,3,5,3,2,0,1,0,1,0,0,424048.633999999610000,5735235.364000000100000,7.899442590000035,51.762851195000053,0,05201108711213485562
05,5,62,032,2020,11,14,6,3,6,4,0,0,1,1,0,0,0,377664.844700000250000,5716559.300899999200000,7.234149572000035,51.586794648000080,0,05201106701120174201
05,5,13,000,2020,11,18,6,3,5,3,2,0,1,0,0,0,0,369025.468999999580000,5715470.585999999200000,7.109920975000023,51.575068905000080,0,05201106700200731208
05,5,13,000,2020,11,12,6,3,0,7,0,0,0,0,1,0,1,364946.817200000400000,5716082.753399999800000,7.050863113000048,51.579607744000043,0,05201106700200694209
05,5,66,096,2020,11,19,1,3,9,1,2,1,0,0,0,0,0,385002.131500000130000,5785931.662000000500000,7.316865358000030,52.211808900000051,0,05201108709300968286
05,5,62,024,2020,11,12,1,3,5,2,0,1,1,0,0,0,0,370428.464999999850000,5727370.315999999600000,7.125752652000074,51.682332732000077,0,05201108701500449209
05,5,13,000,2020,11,00,1,3,1,7,2,0,1,0,1,0,0,361590.613499999980000,5717618.211799999700000,7.001851082000030,51.592591422000055,0,05201108700200783201
05,5,66,012,2020,11,10,5,3,5,3,0,1,0,0,0,0,1,404994.324099999850000,5772237.134800000100000,7.613203148000025,52.092531280000060,0,05201105709110672341
05,5,66,012,2020,11,10,5,3,2,6,0,1,1,0,0,0,0,400965.235700000080000,5775882.258800000000000,7.553350389000059,52.124587004000034,0,05201105709100387267
05,5,54,024,2020,11,11,5,2,7,1,0,1,0,0,0,0,0,370337.783400000070000,5775282.098700000000000,7.106422033000058,52.112858970000048,0,05201105705000791729
05,5,54,008,2020,11,13,5,3,0,7,0,1,0,0,0,0,0,335021.552000000140000,5745325.015000000600000,6.605500562000032,51.834345340000027,0,05201105705000097146
05,5,54,056,2020,11,16,5,3,0,3,0,1,0,0,0,0,0,357136.529000000100000,5762618.106000000600000,6.919058900000039,51.995821347000060,0,05201105705000091867
05,5,15,000,2020,11,15,5,3,0,1,0,1,0,0,0,0,0,401927.962899999690000,5755789.723700000000000,7.573170215000062,51.944164861000047,0,05201105702100065812
05,5,15,000,2020,11,15,5,2,0,1,0,1,0,0,0,0,0,406818.839800000190000,5758633.283299999300000,7.643533197000068,51.970564911000054,0,05201105702100050208
05,5,62,024,2020,11,16,5,3,6,4,0,0,1,1,0,0,0,370493.482200000440000,5725447.139399999800000,7.127405683000063,51.665064811000036,0,05201105701500896202
05,5,54,020,2020,11,11,7,3,5,3,0,1,1,0,0,0,0,365600.448400000110000,5783118.265399999900000,7.034182081000040,52.182139413000073,0,05201107705000620880
05,5,54,020,2020,11,14,7,3,0,1,0,1,0,0,0,0,0,367669.067900000140000,5788938.967399999500000,7.062145231000045,52.234941427000081,1,05201107705000081049
05,5,15,000,2020,11,20,7,3,3,6,2,0,0,0,0,0,1,405972.409400000240000,5757040.846599999800000,7.631651226000031,51.956108827000037,0,05201107702100668200
05,5,12,000,2020,11,13,7,3,5,2,0,1,1,0,0,0,0,358073.566999999810000,5710292.327999999700000,6.954068832000075,51.525886827000079,0,05201107701400214019
05,5,70,032,2020,11,07,4,3,5,3,1,1,0,0,0,0,0,420624.627399999650000,5766229.182499999200000,7.842700169000068,52.040988546000051,0,05201104711151476143
05,5,70,052,2020,11,07,4,2,0,7,1,1,0,0,0,0,0,430254.917899999770000,5756131.213099999400000,7.985139889000038,51.951507582000033,0,05201104711111887260
05,5,66,076,2020,11,09,4,2,5,2,0,0,1,0,0,0,0,393040.348399999550000,5792895.327700000300000,7.432260480000025,52.276011834000030,0,05201104709500076732
05,5,66,068,2020,11,10,4,3,5,7,0,1,0,0,0,0,0,377136.991000000390000,5785872.587300000700000,7.201830300000040,52.209580584000037,0,05201104709300012303