ULAND,UREGBEZ,UKREIS,UGEMEINDE,UJAHR,UMONAT,USTUNDE,UWOCHENTAG,UKATEGORIE,UART,UTYP1,ULICHTVERH,IstRad,IstPKW,IstFuss,IstKrad,IstGkfz,IstSonstige,LINREFX,LINREFY,XGCSWGS84,YGCSWGS84,STRZUSTAND,UIDENTSTLAE
05,5,58,012,2020,11,06,4,2,5,3,1,1,1,0,0,0,0,373893.250799999570000,5754774.698100000600000,7.165871856000024,51.929395622000072,1,05201104706200027953
05,5,54,004,2020,11,09,4,3,0,3,0,1,1,0,0,0,0,363797.902499999850000,5772197.484999999400000,7.012207706000027,52.083570523000049,0,05201104705000587378
05,5,54,008,2020,11,14,4,3,4,1,0,1,0,0,0,0,0,335061.354899999690000,5744101.057399999400000,6.606660888000022,51.823361832000046,0,05201104705000273909
05,5,62,032,2020,11,21,4,3,0,1,2,0,0,0,1,0,0,375665.263299999760000,5719361.182099999900000,7.204308536000042,51.611537937000037,1,05201111701110995201
05,5,66,076,2020,11,11,5,3,2,6,0,0,0,0,0,1,0,393679.476099999620000,5794368.388399999600000,7.441159990000074,52.289374493000082,1,05201112709500674762
05,5,54,008,2020,11,08,5,3,3,2,1,1,1,0,0,0,0,336418.870000000110000,5745729.281999999700000,6.625571262000051,51.838388016000067,1,05201112705000287244
05,5,62,032,2020,11,17,4,3,1,7,2,0,1,0,0,0,0,375773.496700000020000,5721441.269600000200000,7.205133269000044,51.630255841000064,0,05201111701110969204
05,5,13,000,2020,11,15,4,3,4,2,0,1,1,0,0,0,0,363384.192499999890000,5713308.634899999900000,7.029403426000044,51.554302109000048,0,05201111700200963350
05,5,66,076,2020,11,12,5,3,5,3,0,1,1,0,0,0,0,392033.064000000250000,5793597.939999999500000,7.417277503000037,52.282129386000065,0,05201112709500012033
05,5,62,028,2020,11,13,5,3,5,3,0,1,1,0,0,0,0,379444.490899999630000,5722865.205700000700000,7.257655766000028,51.643851857000072,0,05201112701920048544
05,5,62,024,2020,11,16,6,3,5,2,1,1,1,0,0,0,0,368529.933100000020000,5723371.400800000900000,7.099811039000031,51.645955146000063,0,05201113701500539206
05,5,66,060,2020,11,09,2,3,5,2,0,1,1,0,0,0,0,388747.313500000160000,5788244.347400000300000,7.370895698000027,52.233361835000039,0,05201109709500141174
05,5,70,020,2020,11,17,4,3,8,1,2,0,1,0,0,0,0,436812.648000000040000,5744768.103000000100000,8.082630647000030,51.850137469000060,1,05201111711422303006
05,5,70,052,2020,11,13,4,3,3,6,0,1,1,0,0,0,0,429843.256500000130000,5755710.134500000600000,7.979236786000058,51.947670474000063,1,05201111711112266356
05,5,70,044,2020,11,16,5,3,0,5,0,1,1,0,0,0,0,416739.669900000100000,5759448.764100000300000,7.787718909000034,51.979470026000058,1,05201112711142081020
05,5,66,084,2020,11,19,2,2,6,2,2,0,1,1,0,0,0,385822.035000000150000,5778217.039999999100000,7.331457041000022,52.142649132000031,0,05201109709300642520
05,5,66,076,2020,11,13,4,3,1,6,0,0,1,0,1,0,0,393166.785000000150000,5792967.453999999900000,7.434090098000070,52.276684630000034,1,05201111709500579617
05,5,58,044,2020,11,10,5,3,4,2,0,1,1,0,0,0,0,396103.330000000070000,5746560.517599999900000,7.491241865000063,51.860155644000031,1,05201112706300538857
05,5,66,008,2020,11,06,2,3,2,2,2,1,1,0,0,0,0,397445.569000000130000,5781673.307000000000000,7.500207377000038,52.175993106000078,0,05201109709100438159
05,5,66,084,2020,11,09,4,2,6,4,0,1,0,1,0,0,0,390014.238400000150000,5775856.440199999100000,7.393456811000021,52.122284517000026,1,05201111709300226733
05,5,66,012,2020,11,04,2,3,0,1,2,1,0,0,0,1,0,405028.372999999670000,5772097.954600000800000,7.613738781000052,52.091286147000062,0,05201109709000072363
05,5,66,068,2020,11,12,4,3,0,1,0,1,0,0,0,0,0,376543.688699999820000,5784894.824300000400000,7.193508110000039,52.200661647000061,0,05201111709300060719
05,5,54,016,2020,11,17,4,3,5,2,1,1,1,0,0,0,0,363330.921099999920000,5757597.823499999900000,7.011224865000031,51.952270260000034,0,05201111705000721191
05,5,54,008,2020,11,22,2,3,9,1,2,1,1,0,0,0,0,336132.383500000460000,5745525.941400000800000,6.621512993000067,51.836477333000062,0,05201109705000351344
05,5,66,016,2020,11,16,5,3,8,1,1,0,1,0,0,0,0,397558.500099999830000,5799524.918700000300000,7.496441637000032,52.336455059000059,1,05201112709500576614
05,5,54,008,2020,11,12,2,3,3,2,0,1,0,0,0,0,1,337139.392199999650000,5747010.444199999800000,6.635416945000031,51.850107952000030,1,05201109705000168294
05,5,54,052,2020,11,15,4,3,1,5,0,0,1,0,0,0,0,379417.509700000290000,5772606.683399999500000,7.239898368000070,52.090870647000031,0,05201111705000520910
05,5,15,000,2020,11,15,2,3,0,6,0,1,0,0,0,0,0,405489.101999999960000,5757139.439999999500000,7.624592895000035,51.956913095000061,0,05201109702100507436
05,5,15,000,2020,11,08,5,3,1,7,0,1,0,0,0,0,1,405465.644500000400000,5758794.287699999300000,7.623796076000076,51.971783571000060,0,05201112702100186207
05,5,15,000,2020,11,15,2,2,4,6,0,1,0,0,0,0,0,406447.543999999760000,5760963.738800000400000,7.637494292000042,51.991449708000061,0,05201109702100102203
05,5,62,016,2020,11,14,2,3,3,6,0,0,1,0,0,0,0,381778.407999999820000,5732747.439999999500000,7.288022726000065,51.733163231000049,0,05201109701700872207
05,5,54,008,2020,11,17,4,3,0,1,2,1,0,0,0,0,0,335723.757199999880000,5745282.795600000800000,6.615702874000021,51.834173019000048,0,05201111705000291754
05,5,70,008,2020,11,13,3,3,5,3,0,1,1,0,0,0,0,433857.133000000380000,5734113.069499999300000,8.041761166000072,51.754006302000050,0,05201110711311884994
05,5,66,040,2020,11,14,3,2,4,1,0,1,1,0,0,0,0,423241.378100000320000,5781592.009800000100000,7.877381282000044,52.179454515000032,0,05201110709800279149
05,5,62,020,2020,11,14,2,3,6,4,0,0,1,1,0,0,0,367892.141499999910000,5718471.760600000600000,7.092446182000060,51.601774833000036,0,05201109701200833202
05,5,66,012,2020,11,13,5,3,5,3,0,1,1,0,0,0,0,400995.460300000380000,5777878.055800000200000,7.553210658000069,52.142530414000078,1,05201112709110879238
05,5,66,048,2020,11,08,3,2,0,1,1,1,0,0,0,0,0,426747.342799999750000,5792356.327400000800000,7.926315334000037,52.276692008000055,0,05201110709700172366
05,5,66,084,2020,11,04,3,3,4,6,2,1,1,0,0,0,0,385493.462899999690000,5778542.739399999400000,7.326547916000038,52.145508149000079,0,05201110709300172411
05,5,70,004,2020,11,11,5,3,5,3,0,1,1,0,0,0,0,423427.635999999940000,5734203.619000000900000,7.890673284000059,51.753491595000071,0,05201112711214548079
05,5,54,008,2020,11,15,3,3,3,2,0,1,1,0,0,0,0,333978.640999999830000,5743458.953999999900000,6.591272916000037,51.817273016000058,0,05201110705000876646
05,5,54,008,2020,11,14,3,3,5,3,0,1,1,0,0,0,0,335270.193500000050000,5746401.376900000500000,6.608593448000022,51.844088077000038,0,05201110705000086007
05,5,62,032,2020,11,07,2,3,6,4,1,0,1,1,0,0,0,377419.529299999590000,5715833.522900000200000,7.230863776000035,51.580218545000037,0,05201109701120686116
05,5,13,000,2020,11,12,5,3,6,4,0,0,1,1,0,0,0,363114.292999999600000,5710758.144099999200000,7.026504824000028,51.531317158000036,1,05201112700000419942
05,5,15,000,2020,11,11,3,3,0,3,0,0,1,0,0,0,1,406070.754099999550000,5752337.380999999100000,7.634366262000071,51.913848348000045,0,05201110702100044586
05,5,62,004,2020,11,15,3,3,0,7,0,1,0,0,0,0,1,380564.019500000400000,5714787.216900000300000,7.276579857000058,51.571489956000050,1,05201110701800202201
05,5,13,000,2020,11,15,2,3,0,5,0,1,1,0,0,0,0,362959.468799999920000,5710994.177699999900000,7.024182279000058,51.533400677000031,0,05201109700200646941
05,5,62,014,2020,11,18,3,3,9,1,2,0,1,0,0,0,0,357775.555999999870000,5713693.232000000800000,6.948401567000076,51.556372033000059,1,05201110701300221204
05,5,62,032,2020,11,07,3,2,5,3,1,1,1,0,0,0,0,375825.290799999610000,5714644.654899999500000,7.208287316000053,51.569184958000051,0,05201110701120001208
05,5,15,000,2020,11,09,4,2,0,1,0,1,0,0,0,0,0,406201.960400000210000,5756167.129300000100000,7.635229249000076,51.948294205000082,1,05201111702100455885
05,5,12,000,2020,11,06,4,3,5,2,2,1,1,0,0,0,0,356284.277999999930000,5710051.433399999500000,6.928391749000070,51.523269690000063,1,05201111701400397207
05,5,15,000,2020,11,13,2,2,5,3,0,1,1,0,0,0,0,402459.906000000420000,5758871.871500000400000,7.580031656000074,51.971961530000044,1,05201116702100070622
05,5,13,000,2020,11,13,3,3,0,5,0,0,1,0,0,0,1,368159.345099999570000,5708061.176100000700000,7.100205027000072,51.508280799000033,1,05201117700100581313
05,5,70,028,2020,11,05,3,3,0,6,2,1,1,0,0,0,0,441920.613099999730000,5743794.057900000400000,8.156943894000051,51.841935467000042,1,05201117711413902956
05,5,66,012,2020,11,11,1,3,5,3,0,0,1,0,0,0,0,400945.399100000040000,5774735.146600000600000,7.553394605000051,52.114273313000069,0,05201115709100279088
05,5,62,004,2020,11,20,4,3,8,1,2,0,1,0,0,0,0,385643.649400000460000,5712700.427799999700000,7.350522641000055,51.553787336000028,0,05201118701800665208
05,5,54,056,2020,11,13,4,3,1,5,0,1,1,0,0,0,0,356780.723500000310000,5762392.713600000400000,6.913974125000038,51.993704551000064,0,05201118705000091786
05,5,66,076,2020,11,09,2,3,0,1,0,1,0,0,0,0,0,394267.383000000380000,5795835.220000000700000,7.449315832000025,52.302670653000064,1,05201116709500072447
05,5,13,000,2020,11,16,2,2,5,3,1,0,1,0,1,0,0,366284.662299999970000,5712388.378900000800000,7.071564898000077,51.546727111000052,0,05201116700000066386
05,5,54,028,2020,11,08,3,3,5,3,0,0,1,0,0,0,1,360451.196000000460000,5740867.127000000300000,6.976111493000076,51.801221289000068,1,05201117705000221057
05,5,54,052,2020,11,16,1,3,6,2,0,1,0,1,0,0,0,378937.373800000180000,5773357.412399999800000,7.232626936000031,52.097512279000057,0,05201115705000420968
05,5,15,000,2020,11,15,4,3,0,3,0,1,1,0,0,0,0,407846.678199999970000,5754604.415500000100000,7.659571710000023,51.934522536000031,0,05201118702100365796
05,5,54,068,2020,11,17,2,2,8,7,2,1,0,0,0,0,0,350104.729199999940000,5768001.461999999400000,6.814355714000044,52.042334147000076,1,05201116705000076687
05,5,66,016,2020,11,07,2,3,1,5,1,1,1,0,0,0,0,403782.957799999970000,5792432.389499999600000,7.589795585000047,52.273836189000065,1,05201116709500561951
05,5,12,000,2020,11,13,4,3,0,7,0,1,0,0,0,0,1,359675.672700000000000,5710969.015499999700000,6.976878702000022,51.532367954000051,1,05201118701400580203
05,5,12,000,2020,11,04,3,3,6,4,2,0,0,1,0,1,0,356761.780899999660000,5708526.289100000600000,6.935889763000034,51.509686259000034,1,05201117701400136204
05,5,70,032,2020,11,18,1,3,8,1,2,1,0,0,0,0,0,419488.617100000380000,5765445.979299999800000,7.826325179000037,52.033784509000043,1,05201115711151781616
05,5,54,016,2020,11,17,7,3,0,1,2,0,0,0,1,0,0,364199.754800000230000,5751793.292899999800000,7.026149926000073,51.900325152000050,1,05201114705000921214
05,5,62,008,2020,11,14,4,2,0,1,0,1,0,0,0,0,0,385001.664599999790000,5722810.096599999800000,7.337952378000068,51.644520477000071,0,05201118701910149495
05,5,62,024,2020,11,14,1,3,0,1,0,0,0,0,1,0,0,369485.511300000360000,5729085.547199999900000,7.111479270000075,51.697528385000055,0,05201115701500771202
05,5,66,076,2020,11,07,2,3,0,1,2,1,0,0,0,0,0,391329.216799999590000,5793277.467199999800000,7.407067187000052,52.279110574000072,0,05201116709500176614
05,5,54,008,2020,11,20,7,3,1,5,2,1,1,0,0,0,0,337336.747899999840000,5745802.730100000300000,6.638847755000029,51.839315925000051,0,05201114705000197146
05,5,13,000,2020,11,15,2,3,5,3,0,0,1,0,0,0,1,366656.344999999740000,5708908.973999999500000,7.078239495000048,51.515546993000044,0,05201116700100776559
05,5,15,000,2020,11,13,7,3,0,5,0,1,1,0,0,0,1,407184.789599999790000,5758669.269400000600000,7.648849107000046,51.970949605000044,0,05201114702100214075
05,5,54,016,2020,11,07,3,3,1,2,1,1,1,0,0,0,0,363546.899899999610000,5757323.670099999800000,7.014474537000069,51.949859847000027,1,05201117705000591867
05,5,58,036,2020,11,12,1,2,0,2,0,1,1,0,0,0,0,388066.669400000010000,5729908.495999999300000,7.379955581000047,51.708938382000042,0,05201115706300387272
05,5,66,028,2020,11,16,2,3,0,1,1,0,0,0,1,0,1,408879.225499999710000,5798116.120699999900000,7.662928386000033,52.325790116000064,1,05201116709700006669
05,5,13,000,2020,11,19,3,2,5,3,2,0,1,0,1,0,0,366587.680999999870000,5706054.084000000700000,7.078330279000056,51.489874859000054,0,05201117700100079621
05,5,54,004,2020,11,15,4,3,9,1,0,1,0,0,0,0,0,360896.558100000020000,5773120.493799999400000,6.969516166000062,52.091142511000044,0,05201118705000030800
05,5,66,068,2020,11,07,2,3,2,6,0,1,1,0,0,0,0,376153.844999999740000,5785976.785499999300000,7.187411055000041,52.210296860000028,0,05201116709300760719
05,5,12,000,2020,11,16,4,3,5,3,1,1,0,0,0,0,0,355119.002000000330000,5712195.519999999600000,6.910724544000061,51.542238088000033,0,05201118701400638202
05,5,54,008,2020,11,05,6,3,5,3,2,1,1,0,0,0,0,334638.304999999700000,5746166.347999999300000,6.599541266000074,51.841789974000051,0,05201113705000517366
05,5,54,020,2020,11,11,6,3,5,2,0,1,1,0,0,0,0,366358.802500000220000,5782985.984200000800000,7.045319395000036,52.181135047000055,0,05201113705000503147
05,5,54,008,2020,11,14,6,3,2,6,0,0,1,0,1,0,0,334877.495099999940000,5746540.267799999600000,6.602831657000024,51.845219793000069,0,05201113705000476736
05,5,54,052,2020,11,09,6,3,5,3,0,1,1,0,0,0,0,378881.534699999730000,5773050.503900000800000,7.231921244000034,52.094742017000044,0,05201113705000420756
05,5,15,000,2020,11,19,6,2,5,3,2,1,1,0,0,0,0,405264.661899999720000,5755570.338099999400000,7.621760162000044,51.942771139000058,1,05201113702100839947
05,5,54,004,2020,11,14,3,3,0,1,0,1,0,0,0,0,0,363415.556800000370000,5771728.695900000600000,7.006818949000035,52.079264071000068,1,05201117705000020977
05,5,15,000,2020,11,18,6,3,1,5,2,0,0,0,0,0,1,408496.805100000460000,5762921.290899999400000,7.666808369000023,52.009386623000069,1,05201113702100365854
05,5,15,000,2020,11,10,6,3,5,3,0,1,1,0,0,0,0,402307.479000000280000,5758582.717000000200000,7.577895682000076,51.969335770000043,1,05201113702100215203
05,5,15,000,2020,11,16,6,3,5,2,0,1,0,0,0,0,0,400464.884499999690000,5756295.331299999700000,7.551745091000043,51.948449505000042,1,05201113702100179175
05,5,15,000,2020,11,17,6,3,1,7,2,0,1,0,0,0,0,402368.946499999610000,5758320.825300000600000,7.578864635000059,51.966992625000046,1,05201113702100161999
05,5,15,000,2020,11,11,4,3,3,6,0,1,0,0,0,0,0,402388.020800000060000,5754341.570699999100000,7.580272267000055,51.931229353000049,0,05201118702100055909
05,5,62,028,2020,11,12,6,2,6,7,0,0,1,1,0,0,0,380754.462700000030000,5722289.880699999600000,7.276775092000037,51.638960468000050,0,05201113701920449495
05,5,62,004,2020,11,17,1,2,6,4,2,0,1,1,0,0,0,384424.634399999860000,5711229.185499999700000,7.333430827000029,51.540315615000054,1,05201115701800785209
05,5,66,076,2020,11,12,2,3,5,3,0,1,1,0,0,0,0,392531.605999999680000,5792756.392999999200000,7.424851014000069,52.274663996000072,1,05201116709500176615
05,5,62,004,2020,11,17,6,3,6,4,2,0,1,1,0,0,0,385777.433699999940000,5717639.765599999600000,7.350845204000052,51.598208645000057,1,05201113701800531204
05,5,62,012,2020,11,12,6,3,0,7,0,0,0,0,1,0,0,363584.024400000460000,5732384.297000000300000,7.024848099000053,51.725767888000064,1,05201113701620451204
05,5,13,000,2020,11,12,1,3,8,1,0,0,1,0,0,0,0,369244.398299999540000,5708329.198899999300000,7.115731881000045,51.510941597000055,1,05201122700100671515
05,5,13,000,2020,11,10,6,3,2,6,0,1,1,0,0,0,0,362701.979899999690000,5716131.706900000600000,7.018466349000050,51.579505312000038,0,05201120700000874464
05,5,70,008,2020,11,09,5,3,5,6,0,1,0,0,0,0,0,434245.047700000000000,5733710.501499999300000,8.047456348000026,51.750432853000063,0,05201119711311884994
05,5,70,004,2020,11,18,5,3,0,1,2,1,0,0,0,0,0,422985.681099999700000,5735282.026200000200000,7.884032879000074,51.763125476000027,1,05201119711216977896
05,5,66,008,2020,11,11,5,2,5,3,0,1,1,0,0,0,0,399030.841000000010000,5781588.219000000500000,7.523407883000061,52.175520749000043,0,05201119709110276669
05,5,54,056,2020,11,13,5,3,1,5,0,1,1,0,0,0,0,357677.837700000030000,5761626.821200000100000,6.927349421000031,51.987053560000049,1,05201119705000930800
05,5,54,056,2020,11,17,5,3,5,3,2,1,1,0,0,0,0,356842.066999999810000,5762812.687999999200000,6.914691591000064,51.997493839000072,1,05201119705000076687
05,5,62,032,2020,11,21,5,2,5,3,2,0,1,0,0,0,0,375284.937099999750000,5715558.237700000400000,7.200170369000034,51.577276227000027,0,05201119701120946201
05,5,70,004,2020,11,08,2,3,3,2,1,1,1,0,0,0,0,423172.826000000350000,5733599.262000000100000,7.887116070000047,51.748023748000037,0,05201123711214081979
05,5,66,068,2020,11,20,7,2,7,1,2,0,1,0,1,0,0,377325.253200000150000,5785072.865700000900000,7.204873878000058,52.202436045000070,1,05201121709300587307
05,5,15,000,2020,11,11,1,3,8,5,0,1,1,0,0,0,0,409007.870400000360000,5764863.736099999400000,7.673736070000075,52.026930352000079,1,05201122702100944344
05,5,62,014,2020,11,09,2,2,5,3,0,1,0,0,0,0,0,360685.604000000280000,5714493.577400000800000,6.990033999000048,51.564290190000065,1,05201123701110546206
05,5,58,016,2020,11,18,7,3,6,7,2,0,0,1,1,0,0,380909.796199999750000,5750803.089500000700000,7.269243536000033,51.895248251000055,0,05201121706100058239
05,5,54,008,2020,11,13,6,3,5,2,0,1,1,0,0,0,0,337591.100499999710000,5745594.820000000300000,6.642634053000052,51.837522170000057,0,05201120705000380993
05,5,54,008,2020,11,11,2,3,5,2,0,1,1,0,0,0,0,335397.160199999810000,5745437.044299999300000,6.610893736000037,51.835462552000081,0,05201123705000274671
05,5,54,040,2020,11,10,7,3,0,7,0,1,0,0,0,0,1,350420.251000000160000,5737645.068000000000000,6.832129237000061,51.769678623000061,0,05201121705000982365
05,5,54,004,2020,11,07,7,3,9,1,1,0,1,0,0,0,0,363235.285299999640000,5772855.421099999900000,7.003738133000070,52.089343613000040,0,05201121705000887233
05,5,66,008,2020,11,19,1,3,4,6,2,0,1,0,0,0,0,400157.025000000370000,5779256.013000000300000,7.540557633000049,52.154764327000066,1,05201122709110672380
05,5,54,008,2020,11,17,7,3,0,6,2,0,1,0,1,0,0,335627.829199999570000,5745370.531899999800000,6.614270209000040,51.834932971000057,0,05201121705000676771
05,5,62,020,2020,11,18,1,3,6,2,2,0,1,1,0,0,0,367462.449699999760000,5718790.152400000000000,7.086125097000036,51.604535122000073,1,05201122701200420208
05,5,62,032,2020,11,16,6,3,6,4,0,0,1,1,0,0,0,375328.355999999680000,5719846.312599999800000,7.199272802000053,51.615823352000064,0,05201120701110225209
05,5,15,000,2020,11,08,7,2,8,1,0,1,0,0,0,0,0,407185.484899999570000,5756584.626599999100000,7.649422562000041,51.952211875000046,0,05201121702100853670
05,5,62,036,2020,11,18,7,3,5,3,2,1,0,0,1,0,0,389218.822999999860000,5720343.558800000700000,7.399656574000062,51.623197851000043,0,05201121701930789674
05,5,54,068,2020,11,11,1,3,9,1,0,0,1,0,0,0,0,350297.254099999550000,5767579.710500000000000,6.817345393000039,52.038596994000045,1,05201122705000474694
05,5,58,012,2020,11,06,6,3,0,1,2,1,0,0,0,0,0,374336.159699999730000,5753779.748600000500000,7.172673318000022,51.920554676000052,0,05201120706000985477
05,5,62,032,2020,11,15,2,3,2,6,0,0,1,0,0,0,0,374359.145299999970000,5715104.480399999800000,7.186979250000036,51.572992671000065,0,05201123701120742204
05,5,13,000,2020,11,12,7,2,0,3,0,1,1,0,0,0,0,362713.775299999860000,5717876.523600000900000,7.017954069000041,51.595187475000046,0,05201121700200765200
05,5,66,060,2020,11,07,2,3,2,6,0,1,1,0,0,0,0,388838.048000000420000,5789258.776000000500000,7.371890123000071,52.242496791000065,0,05201123709500079091
05,5,62,014,2020,11,00,1,3,9,7,2,0,1,0,0,0,0,360435.152099999600000,5715426.838300000900000,6.986052337000047,51.572614608000038,0,05201122701300399204
05,5,62,032,2020,11,07,2,3,4,6,0,0,1,0,0,0,0,375179.057300000450000,5717666.201899999800000,7.197893604000058,51.596197370000027,1,05201123701110495200
05,5,62,036,2020,11,16,6,3,5,3,0,1,1,0,0,0,0,389432.528699999680000,5720963.483899999400000,7.402546755000060,51.628811789000054,0,05201120701930085483
05,5,70,004,2020,11,15,4,3,6,6,0,1,0,1,0,0,0,423610.806300000290000,5735004.856899999100000,7.893150289000062,51.760719457000050,0,05201118711216677896
05,5,15,000,2020,11,11,2,3,5,2,0,1,1,0,0,0,0,409572.551500000060000,5752327.416600000100000,7.685266617000025,51.914338381000050,1,05201123702100265796
05,5,70,012,2020,11,12,4,3,5,3,0,1,1,0,0,0,0,438580.656000000420000,5751855.381999999300000,8.107034021000061,51.914049794000050,0,05201118711131679116
05,5,54,008,2020,11,05,1,3,5,3,2,1,1,0,0,0,0,334618.262000000100000,5747010.627000000300000,6.598846850000030,51.849368446000028,0,05201122705000591754
05,5,66,084,2020,11,09,6,3,5,3,0,1,1,0,0,0,0,385723.534099999820000,5779900.698400000100000,7.329451903000063,52.157759641000041,0,05201120709300212389
05,5,54,008,2020,11,20,4,3,0,3,2,1,1,0,0,0,0,335754.889399999750000,5745352.147800000400000,6.616121388000067,51.834805194000069,0,05201118705000581024
05,5,15,000,2020,11,14,4,3,0,1,0,0,0,0,1,0,0,406006.789400000130000,5757022.055700000400000,7.632156533000057,51.955945737000036,0,05201125702100564311
05,5,54,016,2020,11,14,6,3,5,3,0,1,1,0,0,0,0,363261.222500000150000,5757948.780400000500000,7.010071641000025,51.955406689000029,0,05201127705000881780
05,5,66,060,2020,11,11,7,3,7,7,0,1,0,0,0,0,1,388728.230000000450000,5789498.481000000600000,7.370203460000028,52.244628818000081,0,05201128709500061951
05,5,12,000,2020,11,17,6,3,5,2,2,0,1,0,1,0,0,356358.981200000270000,5709379.242900000900000,6.929741810000053,51.517248511000048,0,05201127701400906207
05,5,15,000,2020,11,13,4,3,5,3,0,1,1,0,0,0,0,406497.065999999640000,5751370.048599999400000,7.640825053000071,51.905225155000039,0,05201125702100524201
05,5,62,016,2020,11,22,4,3,3,6,2,0,1,0,0,0,0,375378.490500000310000,5732254.683199999900000,7.195569641000077,51.727348621000033,1,05201125701700338206
05,5,12,000,2020,11,06,4,3,4,6,2,0,1,0,0,0,1,356705.664599999790000,5710533.101399999100000,6.934265703000051,51.527704950000043,0,05201125701400098206
05,5,54,008,2020,11,13,6,3,3,6,0,1,1,0,0,0,0,336675.336500000210000,5746970.225199999300000,6.628704511000024,51.849611078000066,0,05201127705000276646
05,5,66,076,2020,11,14,6,2,5,6,0,1,1,0,0,0,0,392254.643000000160000,5792538.236999999700000,7.420862968000051,52.272649194000053,0,05201127709500439963
05,5,62,014,2020,11,12,7,3,1,5,0,1,1,0,0,0,0,359657.279900000430000,5716505.070399999600000,6.974404181000068,51.582110491000037,0,05201128701300984207
05,5,54,008,2020,11,13,1,3,5,3,0,0,1,0,0,0,0,336871.570399999620000,5745474.758300000800000,6.632256278000057,51.836233904000039,0,05201129705000774671
05,5,13,000,2020,11,16,4,3,5,3,0,0,1,0,0,0,0,364785.306200000460000,5716253.977299999400000,7.048467653000046,51.581107706000068,0,05201125700200023201
05,5,66,008,2020,11,15,3,3,5,3,0,1,1,0,0,0,0,399071.365100000050000,5782328.070200000000000,7.523780125000030,52.182177722000063,0,05201124709100087267
05,5,54,008,2020,11,07,3,3,5,3,1,1,1,0,0,0,0,334132.843000000340000,5745608.791999999400000,6.592478062000055,51.836631402000080,0,05201124705000970578
05,5,58,016,2020,11,15,6,3,0,1,0,1,0,0,0,0,0,381422.062199999580000,5743889.757099999100000,7.279057951000027,51.833226655000033,1,05201127706000607182
05,5,54,048,2020,11,15,3,3,5,2,0,1,1,0,0,0,0,341333.581000000240000,5745302.667999999600000,6.697042222000050,51.835973227000068,0,05201124705000781024
05,5,15,000,2020,11,08,5,3,5,3,0,1,1,0,0,0,0,401910.384700000290000,5758556.740700000900000,7.572124562000056,51.969032354000035,1,05201126702100762061
05,5,54,008,2020,11,11,3,3,5,3,0,1,1,0,0,0,0,335726.131900000390000,5745366.120799999700000,6.615697754000053,51.834922263000067,0,05201124705000474671
05,5,70,004,2020,11,11,7,3,5,3,0,1,1,0,0,0,0,427078.503999999720000,5740111.229000000300000,7.942313381000076,51.807086832000039,0,05201128711212658483
05,5,54,008,2020,11,14,3,3,3,6,0,1,0,0,0,0,0,336776.668999999760000,5745672.259800000100000,6.630786924000063,51.837980437000056,0,05201124705000076736
05,5,15,000,2020,11,16,6,2,0,6,0,1,0,1,0,0,0,408838.227599999870000,5755982.294700000400000,7.673624949000043,51.947071103000042,0,05201127702100574776
05,5,62,024,2020,11,14,3,3,5,3,0,1,1,0,0,0,0,370162.199900000360000,5723620.931299999400000,7.123296500000038,51.648576858000069,0,05201124701500979204
05,5,62,014,2020,11,14,3,3,5,3,0,1,1,0,0,0,0,360846.500400000250000,5715321.538599999600000,6.992025949000038,51.571770053000080,0,05201124701300000205
05,5,62,032,2020,11,12,1,3,0,1,0,1,0,0,0,0,0,377149.931900000200000,5715508.695200000000000,7.227088458000026,51.577240523000057,2,05201129701120110201
05,5,66,076,2020,11,12,6,3,5,3,0,1,1,0,0,0,0,393745.394000000320000,5793462.815999999600000,7.442411557000071,52.281248687000073,0,05201127709500516765
05,5,54,068,2020,11,23,6,3,0,1,2,1,0,0,0,0,0,351481.310999999750000,5767458.565999999600000,6.834648078000043,52.037826977000066,0,05201127705000787276
05,5,70,008,2020,11,18,4,3,5,3,2,1,1,0,0,0,0,432353.211000000130000,5733867.062999999200000,8.020024501000023,51.751615077000054,0,05201125711312576733
05,5,15,000,2020,11,09,7,3,0,1,0,1,0,0,0,0,0,405817.678700000050000,5758283.834899999200000,7.629059338000047,51.967255170000044,0,05201128702100968375
05,5,13,000,2020,11,11,6,3,1,5,0,1,1,0,0,0,0,366635.402700000440000,5705785.791999999400000,7.079118601000062,51.487475060000065,0,05201127700100166204
05,5,66,060,2020,11,09,1,3,0,1,0,1,0,0,0,0,0,388876.364000000060000,5790029.145700000200000,7.372197660000040,52.249427802000071,0,05201129709500142490
05,5,58,016,2020,11,00,4,2,7,1,2,1,0,0,0,1,0,383243.344999999740000,5742364.426000000900000,7.305992422000031,51.819901744000049,0,05201125706000779121
05,5,66,008,2020,11,14,6,3,5,3,0,1,1,0,0,0,0,398454.747000000440000,5780532.946000000500000,7.515301845000067,52.165930572000036,0,05201127709110647851
05,5,66,064,2020,11,12,5,3,5,3,0,1,1,0,0,0,0,395772.054299999960000,5771421.667300000800000,7.478884138000069,52.083542053000031,1,05201126709110111964