ULAND,UREGBEZ,UKREIS,UGEMEINDE,UJAHR,UMONAT,USTUNDE,UWOCHENTAG,UKATEGORIE,UART,UTYP1,ULICHTVERH,IstRad,IstPKW,IstFuss,IstKrad,IstGkfz,IstSonstige,LINREFX,LINREFY,XGCSWGS84,YGCSWGS84,STRZUSTAND,UIDENTSTLAE
05,5,62,020,2020,11,13,7,3,3,2,0,1,1,0,0,0,0,371389.035899999550000,5720134.283099999700000,7.142300234000061,51.617525053000065,0,05201128701200051306
05,5,54,020,2020,11,19,6,1,6,4,2,0,0,1,0,0,1,364986.521900000050000,5786225.820399999600000,7.023969875000034,52.209911844000032,0,05201127705000020717
05,5,62,012,2020,11,16,1,3,6,2,2,0,1,1,0,0,0,359318.918300000020000,5725111.284099999800000,6.966068048000068,51.659360547000063,0,05201129701610125207
05,5,15,000,2020,11,08,4,3,4,6,0,1,1,0,0,0,0,405844.898900000380000,5758743.004899999100000,7.629329508000069,51.971386999000060,0,05201125702100964164
05,5,15,000,2020,11,10,4,3,5,3,0,1,1,0,0,0,0,407071.767500000070000,5758349.124099999700000,7.647290951000059,51.968053094000027,0,05201125702100739947
05,5,70,004,2020,11,05,6,3,5,3,2,0,1,0,0,1,0,423172.826000000350000,5733599.262000000100000,7.887116070000047,51.748023748000037,0,05201127711214981146
05,5,70,008,2020,12,11,5,3,6,2,0,0,1,1,0,0,0,433483.455099999900000,5734228.331800000700000,8.036326308000071,51.754998264000051,1,05201203711311139972
05,5,70,004,2020,12,15,5,3,5,3,0,1,1,0,0,0,0,423778.881599999960000,5736075.682800000500000,7.895350192000024,51.770368706000056,0,05201203711211653661
05,5,66,076,2020,12,15,5,3,5,2,0,1,1,0,0,0,0,393914.877999999560000,5793778.944000000100000,7.444795546000023,52.284122532000026,1,05201203709500074704
05,5,54,012,2020,12,07,5,3,5,3,2,1,1,0,0,0,0,350565.156700000170000,5744981.359099999100000,6.831065519000049,51.835632599000064,1,05201203705000105265
05,5,15,000,2020,12,18,5,3,4,6,2,1,1,0,0,0,0,406641.784400000240000,5761353.335599999900000,7.640216270000053,51.994984259000034,0,05201203702100874700
05,5,15,000,2020,12,17,5,3,0,3,2,1,1,0,0,0,0,403056.036000000310000,5757535.926999999200000,7.589084310000033,51.960057988000074,1,05201203702100001949
05,5,62,012,2020,12,19,5,2,0,7,2,1,0,0,0,0,0,360357.201999999580000,5725995.502299999800000,6.980715908000036,51.667564955000046,1,05201203701610110204
05,5,54,016,2020,12,12,6,3,5,3,0,1,1,0,0,0,0,363330.917700000110000,5757597.800400000100000,7.011224825000056,51.952270052000074,0,05201204705131187239
05,5,66,076,2020,12,06,6,3,0,4,2,1,0,1,0,0,0,394161.995500000190000,5794612.549300000100000,7.448155032000045,52.291661967000039,1,05201204709000061948
05,5,15,000,2020,12,16,6,3,2,6,2,1,1,0,0,0,0,402121.907200000250000,5758139.609799999700000,7.575321541000051,51.965320375000033,1,05201204702100155355
05,5,66,092,2020,12,12,4,3,5,3,0,1,1,0,0,0,0,423040.848000000230000,5796493.791999999400000,7.871054050000055,52.313376298000037,1,05201202709700055928
05,5,54,068,2020,12,05,4,3,5,3,2,1,1,0,0,0,0,348537.921000000090000,5765665.935000000500000,6.792562130000022,52.020925431000080,1,05201202705000068647
05,5,54,008,2020,12,14,4,3,5,2,0,1,1,0,0,0,0,336668.150799999940000,5745688.984400000400000,6.629205325000044,51.838098958000046,1,05201202705000017366
05,5,15,000,2020,12,07,4,3,5,3,2,1,1,0,0,0,0,408069.602800000460000,5754797.931399999200000,7.662761616000068,51.936298844000078,0,05201202702100678204
05,5,15,000,2020,12,10,4,3,0,7,0,1,1,0,0,0,0,400897.444099999960000,5761627.770800000100000,7.556497176000050,51.996455495000077,0,05201202702100274054
05,5,15,000,2020,12,07,4,3,3,6,0,1,0,0,0,0,0,406087.201999999580000,5758927.321000000500000,7.632805339000072,51.973084709000034,0,05201202702100274053
05,5,62,024,2020,12,16,4,3,0,7,1,0,1,1,0,0,0,369588.311300000180000,5724949.070399999600000,7.114510863000021,51.660379521000038,1,05201202701500844204
05,5,62,014,2020,12,07,4,2,2,6,2,0,1,0,1,0,0,361054.235200000000000,5715696.586500000200000,6.994873232000032,51.575191505000078,1,05201202701300713200
05,5,70,004,2020,11,14,2,3,5,3,0,1,1,0,0,0,0,423685.722799999640000,5735600.250299999500000,7.894104801000026,51.766082048000044,0,05201130711216187303
05,5,13,000,2020,12,10,4,3,6,7,0,0,1,1,0,0,0,367556.515700000340000,5706109.485500000400000,7.092256227000064,51.490600497000059,0,05201202700100573461
05,5,70,044,2020,11,15,2,3,6,7,0,0,1,1,0,0,0,416594.964999999850000,5759990.268200000700000,7.785480845000052,51.984315884000068,0,05201130711142876740
05,5,66,040,2020,11,09,2,3,5,3,0,0,1,0,0,0,0,421018.393400000410000,5783567.145199999200000,7.844416257000034,52.196894899000029,0,05201130709800687328
05,5,58,036,2020,11,07,2,3,9,7,0,0,0,1,0,1,0,386980.841900000350000,5730753.031500000500000,7.363973042000055,51.716311153000049,1,05201130706300349812
05,5,54,012,2020,11,17,2,3,9,7,2,0,0,1,0,0,1,354235.516400000080000,5746853.220499999800000,6.883509369000024,51.853421327000035,1,05201130705000647564
05,5,54,008,2020,11,07,2,3,5,2,0,1,1,0,0,0,0,336667.702899999920000,5745689.043199999300000,6.629198802000076,51.838099355000054,0,05201130705000174716
05,5,54,056,2020,11,17,2,2,6,1,2,1,0,1,0,0,0,356985.269700000060000,5762300.495500000200000,6.916989729000022,51.992928679000045,1,05201130705000131358
05,5,58,024,2020,12,07,6,3,5,3,2,1,0,0,1,0,0,392307.707000000400000,5736305.773000000000000,7.439332403000037,51.767267407000077,0,05201204706000779214
05,5,62,016,2020,11,07,2,3,1,5,2,0,1,0,0,0,0,375334.554999999700000,5734627.422000000300000,7.194083752000040,51.748662404000072,0,05201130701700187201
05,5,66,068,2020,12,14,6,3,4,6,0,0,1,0,0,0,0,376782.803299999800000,5786446.660000000100000,7.196440374000076,52.214660224000056,1,05201204709300055917
05,5,15,000,2020,12,06,6,3,1,5,2,1,1,0,0,0,0,407667.654099999930000,5755259.265799999200000,7.656792668000037,51.940379038000060,1,05201204702100565837
05,5,70,020,2020,12,06,3,3,2,6,2,0,1,0,0,0,0,433361.428600000220000,5743723.427899999500000,8.032733842000027,51.840344571000060,1,05201201711422078050
05,5,66,072,2020,12,07,3,3,6,7,2,1,1,1,0,0,0,412593.691599999550000,5803039.445699999100000,7.716136372000051,52.370645990000071,0,05201201709700311847
05,5,66,028,2020,12,07,3,3,6,7,1,0,1,1,0,0,0,412330.591099999850000,5792835.913499999800000,7.714933173000077,52.278892641000027,1,05201201709700112393
05,5,54,020,2020,12,07,3,2,1,5,2,0,1,0,1,0,0,364330.682199999690000,5786581.875900000300000,7.014234673000033,52.212950022000030,1,05201201705000561201
05,5,54,020,2020,12,12,3,3,6,2,0,0,1,1,0,0,0,365459.579099999740000,5786296.767100000800000,7.030860812000071,52.210665014000028,1,05201201705000520843
05,5,54,060,2020,12,16,3,2,6,7,2,0,1,1,0,0,0,349331.775000000370000,5756173.346400000200000,6.808290480000039,51.935856395000030,1,05201201705000321129
05,5,54,004,2020,12,14,3,3,5,3,0,1,1,0,0,0,0,363320.951000000350000,5771232.493000000700000,7.005638045000069,52.074782149000043,1,05201201705000076745
05,5,54,068,2020,12,06,3,3,5,3,2,1,0,0,0,0,0,346891.596900000240000,5770294.173900000800000,6.766515342000048,52.062053989000049,1,05201201705000076687
05,5,15,000,2020,12,12,3,3,5,3,0,0,1,0,0,0,0,405691.071499999610000,5756948.784000000000000,7.627583558000026,51.955233685000053,1,05201201702100572436
05,5,15,000,2020,12,08,3,3,3,5,0,1,1,0,0,0,0,406965.216000000010000,5756763.466600000900000,7.646169897000050,51.953782579000062,1,05201201702100379610
05,5,15,000,2020,12,13,3,3,5,3,0,1,1,0,0,0,0,405761.949799999590000,5755784.087300000700000,7.628934033000064,51.944776873000080,1,05201201702100355909
05,5,62,016,2020,12,17,3,3,5,3,2,1,1,0,0,0,0,374555.194199999790000,5733698.164000000800000,7.183135083000025,51.740137361000052,1,05201201701700628204
05,5,62,032,2020,12,07,3,3,5,3,2,1,1,0,0,0,0,376772.851800000300000,5716302.766699999600000,7.221370779000040,51.584294749000037,1,05201201701120285372
05,5,58,036,2020,12,10,6,2,4,6,0,0,1,0,0,0,0,387277.707600000310000,5729923.530500000300000,7.368536812000059,51.708915545000082,1,05201204706300376682
05,5,13,000,2020,12,13,3,3,5,3,0,0,1,0,0,0,0,367890.741899999790000,5708619.691099999500000,7.096127534000061,51.513237297000046,1,05201201700100157756
05,5,66,012,2020,12,13,2,3,5,3,0,1,1,0,0,0,0,404561.752999999560000,5772452.539999999100000,7.606830612000067,52.094392941000081,1,05201207709100074685
05,5,13,000,2020,12,19,2,3,5,3,1,0,1,0,0,0,0,365460.210599999870000,5715917.511700000600000,7.058331309000039,51.578245589000062,1,05201207700200566386
05,5,54,008,2020,12,09,3,3,8,5,0,0,1,1,0,0,0,336197.702800000090000,5746239.232599999800000,6.622122472000058,51.842904313000076,0,05201208705000485645
05,5,70,028,2020,12,14,4,3,3,2,0,1,1,0,0,0,0,440509.692999999970000,5742629.457000000400000,8.136666315000070,51.831316936000064,0,05201209711412203006
05,5,54,008,2020,12,13,2,3,5,2,0,1,1,0,0,0,0,336666.940700000150000,5745689.143200000700000,6.629187701000035,51.838100031000067,1,05201207705000774659
05,5,58,016,2020,12,13,3,3,2,7,0,1,1,0,0,0,0,382433.563900000420000,5742982.790699999800000,7.294039057000020,51.825289360000056,0,05201208706000665766
05,5,15,000,2020,12,13,3,3,0,3,0,1,0,0,1,0,0,408122.116499999540000,5757096.035000000100000,7.662911046000033,51.956964230000040,0,05201208702100855885
05,5,15,000,2020,12,08,4,3,0,1,1,1,0,0,0,0,0,404894.314799999820000,5758959.168299999100000,7.615435755000021,51.973168105000070,0,05201209702100774700
05,5,58,024,2020,12,19,7,3,0,7,2,1,0,0,0,0,0,392886.565999999640000,5736671.157999999800000,7.447605168000052,51.770662539000057,2,05201205706000991864
05,5,66,012,2020,12,07,2,3,5,3,1,1,1,0,0,0,0,404930.751000000160000,5773620.598999999500000,7.611889460000043,52.104955168000060,1,05201207709110376750
05,5,54,056,2020,12,10,7,3,0,1,0,1,0,0,0,0,0,355749.508600000290000,5762207.983599999900000,6.899042808000047,51.991777891000027,0,05201205705000864267
05,5,15,000,2020,12,15,7,3,0,5,0,1,1,0,0,0,0,407100.867999999780000,5757064.444000000100000,7.648061916000074,51.956510598000079,0,05201205702100865837
05,5,62,020,2020,12,14,7,3,0,1,0,1,0,0,0,0,0,371830.973799999800000,5714457.947499999800000,7.150753356000053,51.566613237000070,1,05201205701200436206
05,5,54,020,2020,12,11,2,3,5,3,0,1,1,0,0,0,0,364637.536999999550000,5786378.071000000500000,7.018804631000023,52.211194247000037,1,05201207705000010850
05,5,54,004,2020,12,12,3,2,0,1,0,1,0,0,0,0,0,361401.707999999630000,5773035.694399999500000,6.976919297000052,52.090507303000038,0,05201208705000587233
05,5,58,016,2020,12,06,2,3,0,3,2,1,1,0,0,0,0,383834.623999999840000,5742521.562999999200000,7.314514487000054,51.821437214000071,1,05201207706100681081
05,5,13,000,2020,12,07,2,3,5,3,2,0,1,0,0,0,0,367128.726700000460000,5708930.425200000400000,7.085035318000053,51.515851069000064,1,05201207700100733206
05,5,58,016,2020,12,08,3,3,0,1,0,1,0,0,0,0,1,380929.390399999920000,5743273.746400000500000,7.272123148000048,51.827585681000073,1,05201208706100091741
05,5,54,008,2020,12,15,3,3,0,3,0,1,1,0,0,0,0,336064.327999999750000,5746757.071000000500000,6.619942641000023,51.847517140000036,1,05201208705000474659
05,5,54,020,2020,12,12,4,3,5,3,0,0,1,0,0,0,0,366418.718999999580000,5785482.995999999300000,7.045210973000053,52.203586281000071,1,05201209705000691722
05,5,54,028,2020,12,13,2,3,0,1,0,0,0,0,1,0,0,357633.189699999990000,5743936.347100000800000,6.934008800000072,51.828089147000071,1,05201207705000347657
05,5,70,004,2020,12,08,2,2,5,3,1,1,1,0,0,0,0,424047.959599999710000,5735230.570399999600000,7.899433867000028,51.762808011000061,1,05201207711216402946
05,5,54,008,2020,12,13,3,3,1,1,0,1,1,0,0,0,0,335633.191399999890000,5746572.576600000300000,6.613776840000071,51.845732999000063,1,05201208705000770578
05,5,62,024,2020,12,17,3,3,6,2,2,0,1,1,0,0,0,369948.485100000170000,5724090.838400000700000,7.120034472000043,51.652750357000059,1,05201208701500072209
05,5,15,000,2020,12,07,4,3,2,6,2,0,1,0,0,0,0,404465.570199999960000,5757666.169999999900000,7.609555770000043,51.961472637000043,0,05201209702100455885
05,5,70,052,2020,12,09,3,3,5,3,0,1,1,0,0,0,0,429839.816999999810000,5756025.932600000900000,7.979122286000063,51.950508941000066,0,05201215711111979213
05,5,70,028,2020,12,07,2,3,6,4,1,0,1,1,0,0,0,440328.359000000170000,5741397.931500000900000,8.134247375000030,51.820225934000064,0,05201214711412679597
05,5,70,028,2020,12,10,2,3,0,7,0,0,1,0,0,0,0,441764.968899999750000,5743165.796199999700000,8.154790666000054,51.836271040000042,1,05201214711411002733
05,5,70,004,2020,12,07,2,3,5,3,0,1,0,0,0,0,0,423203.975899999960000,5734216.728299999600000,7.887430816000062,51.753578822000065,0,05201214711214979615
05,5,66,008,2020,12,17,2,3,4,6,2,1,1,0,0,0,0,397412.717500000260000,5782704.888900000600000,7.499415051000028,52.185258440000041,1,05201214709110506884
05,5,66,012,2020,12,17,2,3,6,2,2,0,1,1,0,0,0,404678.115000000220000,5772272.888000000300000,7.608578920000070,52.092798257000027,1,05201214709000972363
05,5,58,016,2020,12,17,2,3,5,3,2,0,1,0,1,0,0,380881.934000000360000,5744533.616000000400000,7.271001153000043,51.838898161000031,1,05201214706000525215
05,5,62,014,2020,12,16,2,3,5,3,2,1,1,0,0,0,0,360622.122600000350000,5715306.076600000300000,6.988796474000026,51.571575687000063,1,05201214701300381320
05,5,13,000,2020,12,16,2,3,2,2,1,0,1,0,0,0,0,369727.843999999580000,5706251.517899999400000,7.123461884000051,51.492381365000028,0,05201214700100473524
05,5,13,000,2020,12,15,2,3,1,6,0,0,1,0,0,0,0,368344.719399999830000,5708083.685300000000000,7.102866250000034,51.508526305000032,1,05201214700100457756
05,5,58,032,2020,12,09,3,3,8,1,0,1,0,0,0,0,0,387497.488699999640000,5754071.982999999100000,7.363872580000020,51.925995987000078,1,05201215706000272192
05,5,13,000,2020,12,07,3,3,6,2,2,0,1,1,0,0,0,364895.104000000280000,5716279.451999999600000,7.050041557000043,51.581362962000071,1,05201215700000570110
05,5,54,020,2020,12,20,1,3,6,4,2,0,1,1,0,0,0,364770.472400000320000,5786700.443399999300000,7.020620257000076,52.214123485000073,0,05201213705000981049
05,5,54,020,2020,12,11,7,3,0,7,0,1,0,0,0,0,0,365995.111800000070000,5782900.756999999300000,7.040036978000046,52.180281022000031,1,05201212705000805037
05,5,15,000,2020,12,16,7,3,3,7,1,1,1,0,0,0,0,405353.528599999850000,5757673.529200000700000,7.622473369000034,51.961690654000051,1,05201212702100092506
05,5,62,032,2020,12,19,7,3,5,3,2,0,1,0,0,0,0,379561.401800000110000,5718452.364000000100000,7.260861946000034,51.604216992000033,1,05201212701110785456
05,5,70,044,2020,12,15,5,3,5,3,0,1,1,0,0,0,0,415999.834200000390000,5759872.147800000400000,7.776845782000066,51.983164436000038,0,05201210711142087219
05,5,66,076,2020,12,07,5,2,5,3,2,1,1,0,0,0,0,392771.793700000270000,5792866.300100000600000,7.428335027000060,52.275698645000034,0,05201210709500236096
05,5,66,060,2020,12,17,3,3,0,1,2,0,0,0,1,0,0,389324.497000000440000,5788338.237999999900000,7.379313146000072,52.234321949000048,1,05201215709500379157
05,5,58,016,2020,12,15,5,3,5,3,0,1,0,0,0,0,0,381621.946299999950000,5744347.576799999900000,7.281800862000068,51.837383555000031,1,05201210706000378383
05,5,54,020,2020,12,07,5,2,0,2,2,1,1,0,0,0,0,365458.605999999680000,5783521.313999999300000,7.031948795000062,52.185726378000027,2,05201210705000281002
05,5,54,016,2020,12,19,5,2,9,1,2,0,1,0,0,0,0,363624.905700000000000,5756463.332800000900000,7.015950130000022,51.942148291000080,0,05201210705000081780
05,5,15,000,2020,12,07,5,2,0,1,1,0,0,0,1,0,0,399413.417000000370000,5756817.571799999100000,7.536298560000034,51.952954309000063,1,05201210702100669101
05,5,13,000,2020,12,15,5,3,4,7,0,0,1,0,1,0,0,364763.572700000370000,5716889.382899999600000,7.047909420000053,51.586812485000053,0,05201210700000284980
05,5,66,076,2020,12,14,6,3,5,2,0,1,1,0,0,0,0,392932.537200000140000,5792342.104100000100000,7.430856520000020,52.271018937000065,0,05201211709100887267
05,5,58,044,2020,12,16,6,3,6,4,1,0,0,1,1,0,0,396104.485000000340000,5746559.973999999500000,7.491258794000032,51.860150973000032,1,05201211706000735116
05,5,58,016,2020,12,11,6,3,5,7,0,0,0,0,1,0,1,381986.771800000220000,5742617.038200000300000,7.287683613000070,51.821908071000053,1,05201211706000081060
05,5,54,004,2020,12,13,6,3,0,1,0,0,0,0,1,0,0,363520.400700000110000,5772719.316999999800000,7.007951525000067,52.088191043000052,0,05201211705000891833
05,5,54,056,2020,12,07,6,3,8,1,0,0,0,0,1,0,0,356864.523199999700000,5761844.676899999400000,6.915422578000062,51.988802036000038,1,05201211705000676745
05,5,54,008,2020,12,16,6,2,0,2,0,1,1,0,0,0,0,336664.718100000170000,5745689.434900000700000,6.629155332000039,51.838102001000038,1,05201211705000009603
05,5,15,000,2020,12,07,6,3,5,3,0,0,1,0,0,0,0,406498.888399999590000,5751367.640900000900000,7.640852189000043,51.905203819000064,0,05201211702100849932
05,5,15,000,2020,12,12,6,3,5,3,0,1,0,0,0,1,0,404933.861200000160000,5760397.519300000700000,7.615612762000069,51.986103293000042,0,05201211702100668375
05,5,15,000,2020,12,15,6,3,5,2,0,0,1,0,0,0,0,407515.926699999720000,5761489.942399999100000,7.652907672000026,51.996358418000057,1,05201211702100348538
05,5,62,008,2020,12,17,6,3,5,3,2,1,1,0,0,0,0,385711.814100000080000,5725065.199999999300000,7.347474282000064,51.664933559000076,1,05201211701910216206
05,5,62,028,2020,12,17,3,3,6,4,2,0,1,1,0,0,0,378831.438199999740000,5722518.320699999100000,7.248920113000054,51.640602535000028,1,05201215701920161207
05,5,62,024,2020,12,19,6,3,6,7,2,0,1,1,0,0,0,368873.723699999970000,5724285.366399999700000,7.104434386000037,51.654248838000058,1,05201211701500138831
05,5,13,000,2020,12,15,6,3,2,6,0,0,1,0,0,0,0,364411.099899999800000,5709539.218800000800000,7.045658433000028,51.520676255000069,0,05201211700100973492
05,5,62,020,2020,12,18,6,3,6,4,2,0,0,1,1,0,0,371630.650100000200000,5714653.768799999700000,7.147793142000069,51.568327500000066,1,05201218701200935206
05,5,15,000,2020,12,13,2,3,5,3,0,1,1,0,0,0,0,403528.344999999740000,5761903.369999999200000,7.594728009000050,51.999395961000062,1,05201221702100079175
05,5,15,000,2020,12,17,3,3,0,1,2,1,0,0,0,0,0,406206.356599999590000,5756186.614600000900000,7.635287878000042,51.948470089000068,1,05201222702100565812
05,5,66,060,2020,12,12,6,3,5,2,0,1,1,0,0,0,0,388535.813000000080000,5789033.222699999800000,7.367539849000025,52.240408638000076,0,05201218709500279617
05,5,54,068,2020,12,17,2,3,5,2,2,1,1,0,0,0,0,350984.097099999900000,5767270.894799999900000,6.827486268000030,52.036007465000068,1,05201221705000621108
05,5,66,016,2020,12,23,1,3,0,7,2,0,0,0,1,0,0,402423.646399999970000,5794587.213800000000000,7.569255760000033,52.292963582000027,0,05201220709500876614
05,5,66,008,2020,12,16,3,3,5,2,1,1,1,0,0,0,0,399633.281999999660000,5781453.065999999600000,7.532254942000066,52.174415947000057,1,05201222709100512498
05,5,12,000,2020,12,10,2,3,8,1,0,0,1,0,0,0,0,355918.770899999890000,5712375.897800000400000,6.922175685000070,51.544063647000030,0,05201221701400274200
05,5,70,020,2020,12,10,4,3,0,1,0,0,0,0,1,0,0,433144.715900000180000,5743168.622199999200000,8.029695944000025,51.835331008000026,1,05201216711422982391
05,5,54,008,2020,12,01,7,2,9,1,2,1,1,0,0,0,0,334300.972799999640000,5745363.969900000800000,6.595033336000029,51.834481999000047,1,05201219705000365897
05,5,54,008,2020,12,13,5,3,6,4,0,1,0,1,0,0,0,337429.666000000200000,5747152.960000000900000,6.639560570000072,51.851472854000065,0,05201217705000786828
05,5,62,036,2020,12,14,6,3,5,2,0,1,1,0,0,0,0,390114.221400000150000,5719521.428799999900000,7.412843979000058,51.615984027000081,0,05201218701930903205
05,5,70,020,2020,12,16,4,3,0,3,1,1,1,0,0,0,0,432905.262400000360000,5743545.772199999500000,8.026148030000059,51.838692836000064,0,05201216711422065825
05,5,70,040,2020,12,13,4,3,5,2,0,0,1,0,0,0,1,419516.550999999980000,5744273.349999999600000,7.831687174000024,51.843464116000064,0,05201216711231985562
05,5,66,076,2020,12,17,4,3,0,2,2,1,1,0,0,0,0,391588.908200000410000,5792404.471000000800000,7.411152876000074,52.271316168000055,0,05201216709500261951
05,5,54,004,2020,12,20,5,3,0,3,2,0,1,0,0,0,0,363271.378299999980000,5771369.110400000600000,7.004860433000033,52.075997472000040,0,05201217705000587276
05,5,54,004,2020,12,11,2,3,0,1,0,1,0,0,0,0,0,362815.587399999610000,5771320.019400000600000,6.998233669000058,52.075443644000075,0,05201221705000125217
05,5,58,036,2020,12,16,4,3,5,3,2,0,1,0,1,0,0,388595.809000000360000,5729732.091000000000000,7.387667081000075,51.707458203000044,1,05201216706000819996
05,5,58,016,2020,12,06,4,3,5,2,2,0,1,0,0,0,0,378642.884800000120000,5745204.660599999100000,7.238282335000065,51.844446722000043,1,05201216706000078383
05,5,54,028,2020,12,13,4,3,8,7,0,1,1,0,0,0,0,359506.596099999730000,5741288.447399999900000,6.962250449000067,51.804770578000046,0,05201216705000466228
05,5,15,000,2020,12,07,3,3,5,3,2,1,1,0,0,0,0,407854.641699999570000,5757275.711999999400000,7.658971471000029,51.958535009000059,1,05201222702100568260
05,5,62,028,2020,12,20,5,3,5,5,2,0,1,0,0,0,0,378769.446000000460000,5723506.525000000400000,7.247682236000060,51.649470460000032,0,05201217701920285438
05,5,15,000,2020,12,12,4,3,5,6,0,1,1,0,0,0,0,402052.154000000100000,5754195.832000000400000,7.575430331000064,51.929860407000035,1,05201216702100065796
05,5,62,032,2020,12,18,4,3,5,3,2,0,1,0,1,0,0,377356.946100000290000,5715744.645099999400000,7.229992051000068,51.579406158000040,1,05201216701120426204
05,5,62,024,2020,12,12,5,3,1,5,0,0,1,0,0,0,0,371712.947399999950000,5724845.877800000800000,7.145249191000062,51.659941143000026,1,05201217701500581207
05,5,62,032,2020,12,17,5,3,6,7,2,0,1,1,0,0,0,375986.331199999900000,5719439.918600000400000,7.208915225000055,51.612316369000041,0,05201217701110697204
05,5,13,000,2020,12,11,6,3,1,5,0,0,1,0,0,0,0,364466.168399999850000,5715925.276100000400000,7.043991332000076,51.578077226000062,0,05201218700200524635
05,5,66,012,2020,12,07,2,3,8,1,2,0,1,0,0,0,0,410214.827999999750000,5771745.869000000900000,7.689513981000061,52.088987216000078,1,05201221709110057478
05,5,13,000,2020,12,08,3,3,2,7,0,0,1,0,0,0,1,365391.208300000060000,5715702.376700000800000,7.057418541000061,51.576295818000062,1,05201222700000719942
05,5,15,000,2020,12,13,2,2,0,7,0,1,0,0,0,0,0,405687.639999999660000,5757907.540300000500000,7.627270401000033,51.963850825000065,1,05201221702100042572
05,5,15,000,2020,12,10,6,3,5,3,0,1,1,0,0,0,0,401033.640200000260000,5747910.502200000000000,7.562426659000039,51.873185982000052,0,05201218702100242799
05,5,54,048,2020,12,09,2,3,5,3,0,1,1,0,0,0,0,341353.928999999540000,5745301.357000000800000,6.697337906000030,51.835967229000062,1,05201221705000486007
05,5,58,012,2020,12,11,1,3,0,7,0,1,0,0,0,0,0,374335.800499999900000,5753779.539300000300000,7.172668174000023,51.920552714000053,0,05201220706200603108
05,5,15,000,2020,12,13,3,3,1,1,0,1,1,0,0,0,0,407159.692400000060000,5756600.947399999900000,7.649042950000023,51.952354270000058,1,05201222702100570622
05,5,13,000,2020,12,20,2,3,5,3,2,0,1,0,0,0,0,362961.356100000440000,5710971.296800000600000,7.024218377000068,51.533195520000049,1,05201221700000368362
05,5,15,000,2020,12,12,7,3,0,7,0,1,0,0,0,0,0,409463.912100000310000,5752527.237900000100000,7.683635018000075,51.916116867000028,0,05201219702100561966
05,5,15,000,2020,12,22,7,3,0,1,2,1,0,0,0,0,0,406198.184799999930000,5756150.465399999200000,7.635178878000033,51.948143785000070,1,05201226702100357528
05,5,62,020,2020,12,07,7,2,5,3,2,1,1,0,0,0,0,370820.433699999940000,5719198.277699999500000,7.134436813000036,51.608983172000080,0,05201226701200285435
05,5,62,014,2020,12,19,6,2,3,6,2,0,1,0,0,0,0,360633.313799999650000,5713313.306099999700000,6.989747914000077,51.553671239000039,1,05201225701300375204
05,5,66,040,2020,12,13,4,3,5,2,0,1,1,0,0,0,0,421183.817699999550000,5782687.023399999400000,7.847040769000046,52.189007300000071,1,05201230709800112245
05,5,15,000,2020,12,16,5,3,5,3,0,0,1,0,0,0,0,404651.960099999790000,5752740.070900000600000,7.613633453000034,51.917226812000081,1,05201224702100839947
05,5,15,000,2020,12,06,4,2,6,4,2,0,1,1,0,0,0,407766.196800000030000,5754515.197300000100000,7.658425324000064,51.933707257000037,2,05201230702100765390
05,5,62,004,2020,12,08,5,3,0,7,1,0,1,0,0,0,1,383139.731999999840000,5709726.432000000000000,7.315410167000039,51.526544618000059,1,05201224701800263203
05,5,62,032,2020,12,13,4,3,5,3,0,0,1,0,0,0,0,376508.958499999720000,5714980.620500000200000,7.218028700000048,51.572354520000033,1,05201230701120155201
05,5,13,000,2020,12,11,4,3,5,3,0,0,1,0,0,0,1,369736.216199999680000,5715800.500299999500000,7.120049373000029,51.578198451000048,1,05201230700200276203
05,5,15,000,2020,12,17,3,3,5,3,2,0,1,0,0,0,1,405854.011800000440000,5754436.451899999800000,7.630641933000049,51.932679264000058,1,05201229702100420206
05,5,15,000,2020,12,09,3,3,8,1,0,0,1,0,0,0,0,402672.018299999650000,5758133.425699999600000,7.583327861000043,51.965361376000033,1,05201229702100079228
05,5,62,024,2020,12,17,3,3,0,7,0,0,1,1,0,0,0,369398.146800000220000,5724353.460400000200000,7.111985586000060,51.654982855000071,0,05201229701500683203
05,5,13,000,2020,12,15,3,3,6,2,0,0,1,1,0,0,0,367575.513000000270000,5709556.294500000800000,7.091235451000046,51.521580480000068,1,05201229700100203209
05,5,58,016,2020,12,10,4,3,7,7,0,1,0,0,0,0,0,381121.734000000170000,5743685.969699999300000,7.274771369000064,51.831331351000074,1,05201223706000865766
05,5,54,008,2020,12,16,4,3,5,3,1,1,1,0,0,0,0,336090.601499999870000,5746731.633500000500000,6.620335789000023,51.847296338000035,1,05201223705000585882
05,5,54,012,2020,12,19,2,3,5,2,2,1,1,0,0,0,0,352807.288200000300000,5746060.706299999700000,6.863124485000071,51.845925850000071,1,05201228705000279162
05,5,62,008,2020,12,18,4,3,6,2,2,0,1,1,0,0,0,385249.619099999780000,5724235.122199999200000,7.341066812000065,51.657378867000034,1,05201223701910649495