ULAND,UREGBEZ,UKREIS,UGEMEINDE,UJAHR,UMONAT,USTUNDE,UWOCHENTAG,UKATEGORIE,UART,UTYP1,ULICHTVERH,IstRad,IstPKW,IstFuss,IstKrad,IstGkfz,IstSonstige,LINREFX,LINREFY,XGCSWGS84,YGCSWGS84,STRZUSTAND,UIDENTSTLAE
05,5,62,004,2020,12,15,2,3,1,7,0,0,1,0,0,0,0,384984.731999999840000,5716369.048000000400000,7.339821770000071,51.586626371000079,0,05201228701800724208
05,5,13,000,2020,12,10,2,3,1,5,0,1,1,0,0,0,1,368961.207399999720000,5716339.198899999300000,7.108670060000065,51.582859938000070,1,05201228700000682308
05,5,66,068,2020,12,03,1,3,7,1,2,1,0,0,0,0,1,376087.482200000440000,5786230.954199999600000,7.186347271000045,52.212565934000054,1,05201227709300587285
05,5,66,012,2020,12,19,1,3,7,7,2,0,1,0,0,0,0,400977.681300000290000,5776627.624500000800000,7.553315141000041,52.131288502000075,1,05201227709000553107
5,5,54,32,2021,4,15,6,3,2,6,0,0,1,0,0,0,0,323821.252595015801489,5744046.278936371207237,6.443759050000040,51.819439388000035,0,5210416705000570000
5,5,54,32,2021,10,15,1,2,4,6,0,0,1,0,1,0,0,322015.715429552830756,5744345.685530848801136,6.417436572000042,51.821556635000036,0,5211010705000080000
5,5,54,32,2021,12,6,6,2,5,3,2,1,1,0,0,0,0,323711.722722244448960,5743897.088120013475418,6.442247478000070,51.818064779000053,1,5211217705000580000
5,5,54,32,2021,3,11,1,3,9,7,0,0,0,0,0,1,0,324161.453884979709983,5744209.290586989372969,6.448607109000022,51.821010745000081,0,5210321705000580000
5,5,54,32,2021,6,20,6,3,0,2,0,0,0,0,1,0,0,323840.911999530158937,5744086.602998195216060,6.444023481000045,51.819807787000059,1,5210618705000380000
5,5,54,32,2021,3,9,7,3,9,6,0,0,1,0,0,1,0,324322.621866045519710,5743384.960176365450025,6.451361179000060,51.813657018000072,1,5210313052300620000
5,5,54,32,2021,3,10,4,3,8,1,0,0,1,0,0,0,0,322235.403241203166544,5745119.627468822523952,6.420223440000029,51.828578186000072,0,5210324705000270000
5,5,54,32,2021,1,16,7,3,5,3,1,0,1,0,0,0,0,323859.972304296679795,5744080.554479058831930,6.444302815000071,51.819759464000072,1,5210123705000370000
5,5,54,32,2021,3,8,6,3,2,6,0,0,1,0,0,0,0,324426.161674449220300,5744235.051446052268147,6.452430823000043,51.821325360000060,0,5210319705000180000
5,5,54,32,2021,4,11,5,3,4,2,0,0,1,0,0,0,0,324331.788999536074698,5745425.786998223513365,6.450458789000038,51.831991269000071,0,5210401705000680000
5,5,54,32,2021,2,14,6,3,2,2,0,0,1,0,0,1,0,323798.715999529697001,5744137.279998188838363,6.443386116000056,51.820249680000074,0,5210226705000670000
5,5,54,32,2021,5,15,1,2,5,3,0,0,1,0,1,0,0,324495.333999537862837,5746411.966998232528567,6.452329664000047,51.840900852000061,0,5210530705000390000
5,5,54,32,2021,12,17,3,3,1,6,2,0,1,0,0,0,0,324333.442092992365360,5745430.048590483143926,6.450480592000076,51.832030068000051,1,5211214705000370000
5,5,54,32,2021,1,6,4,3,4,2,1,0,1,0,0,0,0,324493.682082480750978,5746414.664649918675423,6.452304341000058,51.840924564000034,1,5210113705000270000
5,5,54,32,2021,4,14,6,3,8,1,0,0,1,0,0,0,0,323210.150975516065955,5744022.150108637288213,6.434914243000037,51.819029693000061,0,5210402052300310000
5,5,54,48,2021,10,14,7,3,0,1,0,1,0,0,0,0,0,339743.611416936852038,5742622.695483267307281,6.675225379000040,51.811442923000072,0,5211009705000870000
5,5,54,8,2021,11,14,3,2,5,3,0,1,0,0,0,0,1,332321.324625134468079,5743325.223526399582624,6.567315681000025,51.815576970000052,1,5211102705000180000
5,5,54,8,2021,12,17,2,3,5,2,2,1,1,0,0,0,0,336743.939460319466889,5744127.106175629422069,6.631041081000035,51.824089946000072,0,5211220705000180000
5,5,54,48,2021,6,23,7,1,4,6,2,0,1,0,0,0,0,338681.445543607696891,5744513.258849849924445,6.658950242000060,51.828121737000060,0,5210612705000580000
5,5,54,32,2021,3,15,3,3,5,2,0,0,1,0,0,0,0,327139.966152328997850,5745392.396871916949749,6.491189124000073,51.832567325000070,0,5210330705000070000
5,5,54,8,2021,5,18,7,3,5,3,0,0,1,0,0,0,0,335237.596468055620790,5745982.619595071300864,6.608320141000036,51.840316612000038,0,5210522705000290000
5,5,54,48,2021,1,7,6,3,6,2,2,0,1,1,0,0,0,340439.512999702244997,5745404.460999000817537,6.684029776000045,51.836633031000076,1,5210129705000290000
5,5,54,68,2021,10,6,6,2,9,1,2,0,1,0,0,0,0,346936.085457738488913,5769575.909710664302111,6.767485663000059,52.055613370000060,0,5211001705000690000
5,5,54,8,2021,10,15,5,3,5,3,0,0,1,0,0,0,0,335825.299999659880996,5746826.368998827412724,6.616442713000026,51.848069438000039,1,5211021705000760000
5,5,54,8,2021,3,13,3,3,5,3,0,0,1,0,0,0,0,335453.626423306763172,5750808.702101608738303,6.609154667000041,51.883734661000062,0,5210323705000980000
5,5,54,32,2021,12,21,2,3,0,4,2,0,0,1,1,0,0,326810.185439864173532,5745679.975117692723870,6.486263893000057,51.835048371000028,1,5211220705000660000
5,5,54,8,2021,12,14,6,3,5,2,0,1,1,0,0,0,0,334474.302999648265541,5745639.014998771250248,6.597415106000028,51.837004201000070,0,5211217705000380000
5,5,54,8,2021,6,17,4,2,0,3,0,1,0,0,0,0,0,334845.145875777117908,5745862.978222336620092,6.602685846000043,51.839125914000078,0,5210609705000070000
5,5,54,48,2021,10,16,2,3,0,2,0,0,1,1,0,0,0,344228.969474664889276,5748439.707195356488228,6.737618141000041,51.864971940000032,0,5211018705000780000
5,5,54,8,2021,6,13,3,2,0,7,0,1,0,0,0,0,0,335139.449999653734267,5741492.305998804047704,6.609034166000072,51.799949398000081,0,5210615705000790000
5,5,54,8,2021,6,17,6,3,1,5,0,1,0,0,0,0,1,334994.461895600892603,5745868.991340233013034,6.604848338000068,51.839224067000032,0,5210611705000870000
5,5,54,8,2021,3,14,7,3,1,5,0,0,1,0,0,1,0,334418.178574810735881,5743562.200838644057512,6.597594553000022,51.818330900000035,0,5210320705000090000
5,5,54,8,2021,9,18,5,2,0,7,0,1,0,0,0,0,0,335516.813717471435666,5743135.044151457026601,6.613722359000064,51.814817967000067,0,5210902705000170000
5,5,54,12,2021,11,12,7,3,0,1,0,1,0,0,0,0,0,347089.385924649424851,5745584.858642779290676,6.780390986000043,51.840113999000039,1,5211106705000890000
5,5,54,40,2021,10,10,7,3,5,3,0,1,0,0,0,0,1,345263.984560923650861,5741881.120336951687932,6.755570815000056,51.806335638000064,0,5211009705000320000
5,5,54,32,2021,9,13,1,3,8,6,0,1,0,0,0,0,0,326248.227570255286992,5747031.670520491898060,6.477437053000074,51.847015437000039,0,5210919705000090000
5,5,54,8,2021,3,18,2,3,1,6,0,0,1,0,0,0,0,334412.382256911136210,5743543.826662916690111,6.597519318000025,51.818164122000042,0,5210322705000160000
5,5,54,8,2021,5,20,7,2,5,3,1,0,1,0,0,0,1,328022.575999580323696,5748287.918998446315527,6.502545890000022,51.858849203000034,1,5210515705000390000
5,5,54,12,2021,3,7,5,3,0,7,0,0,1,0,1,0,0,347084.170521186664701,5752611.317019015550613,6.777203707000069,51.903241036000054,1,5210304705000690000
5,5,54,48,2021,9,14,1,3,5,3,0,1,1,0,0,0,0,341282.931630845181644,5743385.146744702011347,6.697186818000034,51.818731917000036,0,5210926705000540000
5,5,54,48,2021,2,8,2,2,0,1,0,1,0,0,0,0,0,341028.101999708451331,5747031.809999018907547,6.691817474000061,51.851420804000043,2,5210201705000180000
5,5,54,8,2021,7,19,4,3,2,6,0,0,1,0,0,0,0,335746.809999658726156,5746087.533998824656010,6.615655116000028,51.841409099000032,1,5210714705000060000
5,5,54,8,2021,11,18,6,3,4,2,2,1,1,0,0,0,0,336742.371999668888748,5744131.064998866990209,6.631016491000025,51.824125053000046,1,5211126705000180000
5,5,54,8,2021,3,15,2,3,5,3,0,0,1,0,0,0,0,333808.235541843809187,5745555.608619617298245,6.587796509000043,51.836057153000070,0,5210301705000690000
5,5,54,48,2021,4,16,5,2,9,1,0,0,0,0,1,0,0,345479.788705222308636,5749865.137015422806144,6.755131772000027,51.878126158000043,0,5210401705000280000
5,5,54,8,2021,7,12,5,2,5,3,0,1,1,0,0,0,0,335751.979999659582973,5746208.113998824730515,6.615672840000059,51.842493839000042,1,5210701705000770000
5,5,54,8,2021,12,7,5,2,8,1,1,0,1,0,0,0,0,338119.683861644938588,5744497.860290737822652,6.650812557000052,51.827820921000068,2,5211209705000280000
5,5,54,48,2021,3,18,3,2,8,1,0,0,1,0,0,0,0,342765.316722908988595,5751014.421627951785922,6.715205844000025,51.887692637000043,1,5210309705000470000
5,5,54,48,2021,1,13,4,3,2,6,0,0,1,0,0,0,0,341710.954569510184228,5745008.264963267371058,6.702649504000021,51.833435389000044,0,5210120705000420000
5,5,54,48,2021,10,18,6,1,4,6,1,0,1,0,0,0,0,338608.488914282992482,5744516.359933432191610,6.657891006000057,51.828128527000047,1,5211022705000080000
5,5,54,8,2021,3,17,6,3,3,2,0,0,1,0,1,0,0,335451.003999657928944,5750806.951998803764582,6.609117434000041,51.883718166000051,0,5210326705000280000
5,5,54,8,2021,10,14,1,3,5,3,0,0,1,0,0,0,0,334058.080999643541873,5745576.885998753830791,6.591409245000023,51.836322576000043,1,5211003705000280000
5,5,54,8,2021,2,14,3,3,1,6,0,0,1,0,0,1,0,335787.506681853905320,5746645.299469010904431,6.615980512000021,51.846431703000064,0,5210202705000080000
5,5,54,8,2021,11,15,2,3,8,1,0,0,1,0,0,0,0,334474.302999648265541,5745639.014998771250248,6.597415106000028,51.837004201000070,0,5211101705000390000
5,5,54,48,2021,2,18,2,3,0,6,2,0,1,0,1,0,0,344800.960711090825498,5749286.632354101166129,6.745538060000058,51.872740274000080,1,5210201705000380000
5,5,54,8,2021,10,10,3,3,1,6,0,0,1,0,0,0,0,334633.478001377545297,5745674.681186201050878,6.599706276000063,51.837371751000035,1,5211012705000090000
5,5,54,8,2021,5,13,6,3,5,3,0,0,1,0,0,0,0,334369.704052481800318,5743423.621268058195710,6.596958172000029,51.817071632000079,0,5210528705000180000
5,5,54,8,2021,11,18,3,3,1,6,2,0,1,0,0,0,0,335751.979999659582973,5746208.113998824730515,6.615672840000059,51.842493839000042,1,5211130705000990000
5,5,54,8,2021,1,7,3,3,5,3,1,1,1,0,0,0,0,334540.847185780294240,5746944.614819003269076,6.597755530000029,51.848752503000071,1,5210112705000780000
5,5,54,8,2021,4,18,6,3,2,6,0,0,1,0,0,0,0,335687.239198796451092,5746081.997950233519077,6.614793808000059,51.841341842000077,0,5210430705000170000
5,5,54,8,2021,10,13,3,3,2,7,0,0,1,0,1,0,0,338679.819418682716787,5745639.082048200070858,6.658401883000067,51.838235327000064,0,5211026705000690000
5,5,54,8,2021,12,16,5,3,0,7,1,0,1,0,0,0,0,334273.546064577996731,5747454.268852468580008,6.593634065000060,51.853251572000033,1,5211202705000770000
5,5,54,8,2021,6,15,7,3,2,6,0,1,0,0,0,0,0,335070.242039467208087,5745863.287840547040105,6.605950013000040,51.839195215000075,0,5210626705000580000
5,5,54,8,2021,11,16,2,3,0,1,0,1,0,0,0,0,0,340504.386999703012407,5753676.150998998433352,6.681149465000033,51.910962725000047,0,5211101705000080000
5,5,54,8,2021,12,9,2,3,8,1,0,0,1,0,0,0,0,331235.568749637342989,5747755.536402679979801,6.549418383000045,51.855047664000040,1,5211227705000460000
5,5,54,8,2021,6,14,4,3,5,2,0,1,1,0,0,0,0,335279.941999655216932,5745846.875998806208372,6.608998880000058,51.839109668000049,0,5210616705000690000
5,5,54,8,2021,3,15,3,3,5,3,0,0,1,0,0,0,0,329292.389999591745436,5744452.933998521417379,6.522859963000030,51.824790198000073,0,5210330705000580000
5,5,54,12,2021,5,7,4,3,5,2,0,0,1,0,0,0,0,347020.124717483296990,5747034.428130509331822,6.778745154000035,51.853118591000054,0,5210512705000090000
5,5,54,8,2021,3,20,7,2,8,1,2,0,1,0,0,0,0,330820.021222860552371,5746511.826858151704073,6.543998848000058,51.843749727000045,0,5210327705000270000
5,5,54,8,2021,11,23,7,3,0,1,2,1,0,0,0,0,0,332248.810999624431133,5745330.098998669534922,6.565293389000033,51.833565223000051,0,5211106705000190000
5,5,54,48,2021,9,8,4,3,4,2,0,0,1,0,0,0,0,342654.219238052144647,5744848.405387345701456,6.716400617000033,51.832265696000036,1,5210915705000660000
5,5,54,8,2021,6,15,6,3,5,3,0,1,0,0,0,0,1,331775.242999619804323,5744628.346998648717999,6.558767890000070,51.827118937000080,0,5210611705000090000
5,5,54,8,2021,1,17,2,3,4,2,2,0,1,0,0,0,0,335414.794999654404819,5743164.458998816087842,6.612229711000055,51.815052185000070,1,5210118705000090000
5,5,54,48,2021,3,15,3,3,5,3,0,0,1,0,0,0,0,343480.207111995667219,5750265.420340606942773,6.725924894000059,51.881164735000027,0,5210330705000180000
5,5,54,8,2021,12,7,5,3,4,1,1,0,1,0,0,0,0,338639.473039994947612,5750012.493431378155947,6.655774757000074,51.877512876000026,2,5211209705000390000
5,5,54,8,2021,12,16,4,3,4,2,1,0,1,0,0,0,0,332450.293999626301229,5742906.800998685881495,6.569387292000044,51.811856892000037,1,5211201705000660000
5,5,54,32,2021,10,3,7,3,4,6,2,1,0,0,0,0,0,326626.430999563075602,5745893.578998368233442,6.483492572000046,51.836910072000080,0,5211030705000290000
5,5,54,8,2021,12,17,5,3,3,6,2,0,1,0,0,1,0,335230.962378794327378,5743571.827559182420373,6.609371445000022,51.818657585000039,1,5211216705000070000
5,5,54,48,2021,3,18,6,2,2,2,1,0,1,0,0,0,0,339386.942253542132676,5743679.171310758218169,6.669566122000049,51.820831732000045,0,5210319705000090000
5,5,54,8,2021,10,12,4,2,4,1,0,0,1,0,0,1,0,335029.230392755940557,5743546.484812490642071,6.606459347000055,51.818370413000082,0,5211013705000190000
5,5,54,8,2021,10,13,4,3,2,6,0,0,1,0,0,0,0,334466.800526515580714,5743755.973400486633182,6.598206727000047,51.820086026000070,1,5211006705000890000
5,5,54,8,2021,9,13,6,3,0,6,0,1,0,0,0,0,0,334177.279952436685562,5745586.957431498914957,6.593132903000026,51.836448451000081,0,5210917705000170000
5,5,54,8,2021,10,17,3,2,4,2,0,0,1,0,0,0,0,329298.487033386714756,5744445.538649421185255,6.522951994000039,51.824725629000056,0,5211026705000690000
5,5,54,8,2021,5,16,3,3,1,6,0,0,1,0,1,0,0,335445.791825366206467,5743336.742516594007611,6.612597152000035,51.816609008000057,1,5210511705000680000
5,5,54,8,2021,5,22,6,3,0,4,1,0,1,1,0,0,0,332735.966999629512429,5745368.367998693138361,6.572338516000059,51.834055080000041,0,5210528705000980000
5,5,54,12,2021,10,7,3,3,4,6,2,1,0,0,0,0,0,347088.616080188192427,5744484.208000872284174,6.780866192000076,51.830225036000058,1,5211012705000490000
5,5,54,8,2021,11,14,2,3,5,2,0,0,1,0,0,0,0,334246.357999646104872,5747566.175998758524656,6.593186007000043,51.854248789000053,0,5211108705000260000
5,5,54,48,2021,5,17,2,2,5,3,0,1,1,0,0,0,0,341026.398999708704650,5745119.180999021977186,6.692671834000066,51.834237451000035,0,5210503705000670000
5,5,54,8,2021,5,17,2,2,5,3,0,0,1,0,0,0,0,329543.311535088345408,5746396.458225052803755,6.525540178000028,51.842325135000067,0,5210510705000660000
5,5,54,8,2021,5,12,2,3,6,1,0,1,0,1,0,0,0,334980.397728698328137,5745870.178170368075371,6.604643815000031,51.839230573000066,0,5210503705000570000
5,5,54,32,2021,9,7,5,1,8,7,0,0,1,0,0,0,0,325690.676411814987659,5744023.901345431804657,6.470865786000047,51.819824544000028,0,5210909705000390000
5,5,54,8,2021,7,13,1,3,5,3,0,0,1,0,0,0,0,334507.094720264896750,5745939.870873287320137,6.597746715000028,51.839716596000073,0,5210704705000490000
5,5,54,48,2021,9,16,7,1,5,3,0,1,0,0,1,0,0,340913.722438666038215,5749240.209544073790312,6.689141389000042,51.871228163000069,0,5210918705000580000
5,5,54,8,2021,9,11,5,3,2,6,0,0,1,0,0,0,0,335125.548999652266502,5745859.644998796284199,6.606753805000039,51.839178820000029,0,5210923705000390000
5,5,54,48,2021,3,6,2,3,7,7,2,0,1,0,0,1,0,342123.557084033265710,5741352.416609294712543,6.710298885000043,51.800707836000072,0,5210301705000360000
5,5,54,8,2021,12,15,5,2,0,7,0,0,1,0,0,0,0,331774.948501584120095,5744629.327601354569197,6.558763144000068,51.827127657000062,0,5211223705000490000
5,5,54,8,2021,9,9,2,3,2,6,0,0,1,0,0,0,1,334641.307061975821853,5746833.875889681279659,6.599265647000038,51.847787466000057,0,5210927705000890000
5,5,54,8,2021,9,16,6,3,1,6,0,0,1,0,0,0,0,335279.914305382408202,5742529.734182007610798,6.610576454000068,51.809310454000070,0,5210917705000270000
5,5,54,48,2021,12,0,7,3,4,6,2,0,1,0,0,0,0,342649.740291263908148,5744840.524252809584141,6.716339252000068,51.832193629000074,1,5211211705000780000
5,5,54,8,2021,11,16,3,3,1,6,0,0,1,0,0,0,0,334331.810022586025298,5743329.655728021636605,6.596453846000031,51.816216279000059,1,5211102705000680000
5,5,54,8,2021,10,10,6,3,1,6,0,0,1,0,0,0,0,334373.588334597647190,5743403.165282927453518,6.597024253000029,51.816889021000065,1,5211015705000990000
5,5,54,8,2021,1,7,6,3,2,6,2,0,1,0,0,0,0,335337.065977947786450,5742789.537099411711097,6.611281269000074,51.811661210000068,1,5210115705000070000
5,5,54,48,2021,10,7,6,3,3,3,2,1,0,0,0,0,1,341104.520013753324747,5746484.085646228864789,6.693177755000022,51.846521862000031,0,5211029705000190000
5,5,54,8,2021,2,17,2,3,1,6,0,0,1,0,0,0,0,332566.390999628230929,5742762.372998688369989,6.571139640000069,51.810594255000069,2,5210208705000180000
5,5,54,8,2021,11,10,7,3,2,6,0,0,1,0,0,0,0,338730.597999688237906,5745641.412998944520950,6.659137195000028,51.838270933000047,1,5211113705000990000
5,5,54,32,2021,5,15,7,2,2,6,0,0,1,0,1,0,0,324688.544650187715888,5743175.259482199326158,6.456770249000044,51.811888281000051,0,5210529052300940000
5,5,54,48,2021,9,8,6,3,0,1,0,1,0,0,0,0,0,341069.778635241091251,5746493.923358494415879,6.692669305000038,51.846600355000078,1,5210924705000780000
5,5,54,8,2021,2,15,3,3,5,3,0,1,1,0,0,0,0,335201.466842278838158,5742183.853203251957893,6.609604024000021,51.806180141000027,0,5210223705000270000
5,5,54,8,2021,1,17,1,3,2,2,2,0,1,0,0,0,0,338730.597999688237906,5745641.412998944520950,6.659137195000028,51.838270933000047,1,5210124705000170000
5,5,54,48,2021,9,23,4,3,0,1,2,1,0,0,0,0,0,341476.033999712206423,5745017.290999034419656,6.699238781000076,51.833449861000076,0,5210901705000290000
5,5,54,8,2021,12,13,7,3,2,6,0,0,1,0,0,0,0,334573.162963188253343,5746908.657797016203403,6.598241470000062,51.848439067000072,0,5211225705000270000
5,5,54,48,2021,1,10,4,3,8,1,0,0,1,0,0,0,0,339756.793342584744096,5745527.739077119156718,6.674072016000025,51.837545083000066,1,5210113705000480000
5,5,54,8,2021,5,12,1,2,5,3,0,1,0,0,1,0,0,331646.882999620400369,5745901.836998637765646,6.556287524000027,51.838520078000045,0,5210530705000380000
5,5,54,12,2021,9,10,6,2,0,2,0,0,1,0,1,0,0,347350.273493353277445,5753175.253184914588928,6.780818868000040,51.908380603000069,0,5210917705000090000
5,5,54,8,2021,9,18,7,3,5,3,0,1,1,0,0,0,0,337012.873208138160408,5743223.930479573085904,6.635364931000026,51.816054711000049,0,5210925705000490000
5,5,54,8,2021,1,6,3,3,0,1,2,1,0,0,0,0,1,328029.712498776614666,5748210.631755441427231,6.502687880000053,51.858157159000029,1,5210112705000470000
5,5,54,68,2021,11,19,3,3,5,3,2,0,1,0,0,0,0,347339.038521897979081,5768608.624584505334496,6.773790265000059,52.047034347000078,0,5211109705000520000
5,5,54,8,2021,11,15,4,3,0,1,0,1,0,0,0,0,0,332113.428581027314067,5742775.733342975378036,6.564568706000045,51.810578433000046,1,5211103705000290000
5,5,54,8,2021,11,5,2,3,6,4,2,0,1,1,0,0,0,336742.835677349939942,5744129.893921321257949,6.631023765000066,51.824114668000050,1,5211108705000780000
5,5,54,8,2021,10,17,5,3,5,3,0,1,1,0,0,0,0,333191.376651726663113,5745403.912251921370625,6.578924797000070,51.834510560000069,0,5211028705112690000
5,5,54,12,2021,6,15,3,2,4,1,0,0,1,0,0,1,0,345817.577432933263481,5750476.765142645686865,6.759761864000041,51.883714673000043,0,5210608705000280000
5,5,54,48,2021,2,17,1,3,4,2,0,0,1,0,1,0,0,342336.543999718502164,5744902.671999061480165,6.711769359000073,51.832663660000037,0,5210221705000580000
5,5,54,48,2021,12,15,6,2,5,3,0,0,1,0,0,0,0,341675.147999714128673,5745014.088999040424824,6.702127607000023,51.833477565000067,1,5211217705000390000
5,5,54,8,2021,6,7,3,3,3,6,0,1,0,0,0,0,0,335195.025555799715221,5745853.893465654924512,6.607764088000067,51.839147657000069,0,5210601705000670000
5,5,54,48,2021,3,6,6,3,5,3,1,0,1,0,0,0,0,341466.240154888480902,5745017.422674661502242,6.699096700000041,51.833448264000026,0,5210326705000480000
5,5,54,8,2021,12,20,5,2,5,3,2,1,1,0,0,0,0,333820.197812980040908,5746399.096955010667443,6.587564798000074,51.843637962000059,1,5211223705000580000
5,5,54,8,2021,12,17,4,3,4,2,2,0,1,0,0,0,0,334511.970069401897490,5745940.929048951715231,6.597816911000052,51.839727546000063,1,5211229705000990000
5,5,54,8,2021,11,13,2,1,9,1,0,0,0,0,1,0,0,340503.888999704271555,5753671.367998996749520,6.681144446000076,51.910919614000079,0,5211101705000590000
5,5,54,8,2021,12,7,5,3,2,6,2,0,1,0,0,0,0,335706.308168058283627,5746085.262658175081015,6.615068809000036,51.841376781000065,0,5211223705000980000
5,5,54,8,2021,2,8,3,3,0,1,1,0,0,0,1,0,0,332557.288019887171686,5742467.715181784704328,6.571150079000063,51.807944569000028,1,5210202705000980000
5,5,54,8,2021,11,15,6,3,4,2,0,0,1,0,0,0,0,338076.983999682590365,5745611.707998914644122,6.649672336000037,51.837814961000049,1,5211105705000090000
5,5,54,12,2021,10,5,4,3,5,3,2,0,1,0,0,1,0,343954.222320525906980,5744544.422636255621910,6.735388968000052,51.829899317000070,1,5211027705000790000
5,5,54,40,2021,10,1,1,3,8,7,2,1,0,0,0,0,0,346588.138605441898108,5739330.318063933402300,6.775890088000040,51.783782865000035,0,5211031705000080000
5,5,54,8,2021,11,12,1,3,5,3,0,1,1,0,0,0,0,335161.584571028128266,5745856.661837359890342,6.607277811000074,51.839162658000077,0,5211107705000480000
5,5,54,32,2021,6,10,1,2,0,1,0,1,0,0,0,0,0,325839.904999553225935,5743518.411998320370913,6.473282879000067,51.815330513000049,0,5210627705000390000
5,5,54,8,2021,11,17,6,3,2,6,2,0,1,0,0,0,0,335638.142688550055027,5746073.593464648351073,6.614085771000020,51.841251894000038,0,5211112705000590000
5,5,54,8,2021,12,15,5,3,5,3,0,1,0,0,0,0,1,336807.372999669052660,5743906.262998867779970,6.632064773000025,51.822124521000035,1,5211216705000920000
5,5,54,48,2021,3,11,5,3,5,3,0,0,1,0,0,0,0,343480.940324729308486,5750263.630573306232691,6.725936350000040,51.881148861000042,0,5210325705000180000
5,5,54,8,2021,1,15,3,3,4,2,0,0,1,0,0,0,0,329298.487033386714756,5744445.538649421185255,6.522951994000039,51.824725629000056,1,5210105705000270000
5,5,54,8,2021,7,15,2,3,1,6,0,0,1,0,0,0,0,334485.391174631193280,5743885.619997940957546,6.598414254000033,51.821256190000042,0,5210712705000480000
5,5,62,14,2021,9,16,5,3,2,6,0,0,1,0,0,0,1,358980.355797862634063,5716030.237834172323346,6.964831289000074,51.577674714000068,0,5210930701300280000
5,5,54,12,2021,6,11,5,3,0,7,0,0,0,0,1,0,0,351908.022576997056603,5754501.235212862491608,6.846456768000053,51.921524448000071,0,5210610705000470000
5,5,54,56,2021,12,13,6,3,2,6,0,0,1,0,0,0,0,357020.960831527598202,5765469.139205398038030,6.916186758000038,52.021408131000044,0,5211217705000590000
5,5,54,4,2021,3,11,1,3,3,6,0,0,1,0,0,0,0,359243.511493392288685,5775744.701296057552099,6.944319238000048,52.114303112000073,0,5210321705000030000
5,5,12,0,2021,11,16,5,3,5,2,2,0,1,0,0,0,0,358608.693968048319221,5719743.434123942628503,6.957974938000064,51.610947916000043,0,5211104701400780000
5,5,12,0,2021,11,14,7,3,4,6,0,0,1,0,0,0,0,357719.355710077099502,5710973.660110959783196,6.948691006000047,51.531920091000075,0,5211120701400660000
5,5,12,0,2021,12,22,5,3,5,3,2,0,1,0,0,0,0,357172.684591615572572,5711364.467211008071899,6.940656406000073,51.535293807000073,1,5211223701400380000
5,5,54,4,2021,6,10,1,3,8,1,0,1,0,0,0,0,0,355211.201591314747930,5777480.470488743856549,6.884733622000056,52.128857342000060,0,5210627705000570000
5,5,54,4,2021,5,22,2,2,5,3,1,1,1,0,0,0,0,361160.937140624970198,5771184.569586547091603,6.974160701000073,52.073814220000031,0,5210531705000390000
5,5,54,40,2021,5,10,6,3,5,3,0,0,1,0,0,0,0,350778.136734724044800,5737517.958272121846676,6.837366717000066,51.768632058000037,0,5210521705000390000
5,5,12,0,2021,11,13,3,3,2,6,0,0,1,0,0,1,0,356711.896655703894794,5708426.719424305483699,6.935211878000075,51.508778892000066,0,5211116701400970000
5,5,54,4,2021,9,15,2,3,6,6,0,1,0,1,0,0,0,361159.893894404172897,5773362.193519243970513,6.973259015000053,52.093380352000054,0,5210906705000290000
5,5,62,14,2021,1,15,5,3,5,2,0,0,1,0,0,0,1,360020.125999840907753,5715773.373999428004026,6.979929346000063,51.575625694000053,0,5210121701300050000
5,5,54,12,2021,1,21,1,3,2,2,2,0,1,0,0,0,0,352921.419183416292071,5746814.076200215145946,6.864459664000037,51.852724910000063,0,5210110705000490000
5,5,12,0,2021,4,16,4,3,2,6,0,0,1,0,0,0,0,354686.683780268765986,5712416.613703629001975,6.904403431000048,51.544113618000040,0,5210428702340050000
5,5,54,60,2021,10,17,4,3,8,1,0,0,1,0,0,0,0,355263.668909324333072,5757318.817369384691119,6.894032971000058,51.947722732000045,0,5211020705000890000
5,5,54,40,2021,11,3,1,3,8,1,2,0,1,0,0,0,0,352994.251919257454574,5735247.378737622871995,6.870420533000072,51.748816921000071,1,5211128705000490000
5,5,62,14,2021,6,14,3,2,5,2,0,1,1,0,0,0,0,358542.643243615515530,5714388.941375169903040,6.959179375000076,51.562816502000032,0,5210622701300470000
5,5,12,0,2021,12,16,5,3,5,3,1,1,1,0,0,0,0,356033.658414290286601,5718854.793523726984859,6.921176319000040,51.602310372000034,1,5211202701400640000
5,5,62,12,2021,4,13,3,3,9,1,0,0,1,0,0,1,0,359525.604170496575534,5735423.453837007284164,6.964899123000066,51.752074776000029,2,5210406702340280000
5,5,62,14,2021,2,13,7,3,2,6,0,0,1,0,0,0,0,360122.847209268249571,5712725.511121466755867,6.982623483000054,51.548262942000065,2,5210213701300720000
5,5,62,12,2021,9,14,4,3,9,1,0,0,1,0,0,0,0,359726.864785381592810,5726263.057292375713587,6.971499729000072,51.669812151000031,1,5210915701610080000
5,5,62,12,2021,4,7,3,3,3,6,0,0,1,0,0,1,0,356604.398010182194412,5729603.353294741362333,6.925004853000075,51.699038303000066,1,5210406702340580000
5,5,62,12,2021,4,17,4,2,8,1,0,0,0,0,1,0,0,357380.679528447799385,5724424.085704334080219,6.938345202000050,51.652697142000079,0,5210421701610980000
5,5,62,12,2021,9,7,1,2,8,7,0,0,1,0,0,0,0,359865.325241711921990,5739036.416155142709613,6.968359905000057,51.784624715000064,0,5210912702340940000
5,5,62,12,2021,3,12,2,3,2,6,0,0,1,0,0,0,0,358885.380469862371683,5727301.665037013590336,6.958919622000053,51.678934103000074,0,5210329701610630000
5,5,12,0,2021,12,14,3,3,5,3,0,0,1,0,0,0,0,358930.434312564320862,5718447.937913933768868,6.963139633000026,51.599387452000030,0,5211221701400840000