ULAND,UREGBEZ,UKREIS,UGEMEINDE,UJAHR,UMONAT,USTUNDE,UWOCHENTAG,UKATEGORIE,UART,UTYP1,ULICHTVERH,IstRad,IstPKW,IstFuss,IstKrad,IstGkfz,IstSonstige,LINREFX,LINREFY,XGCSWGS84,YGCSWGS84,STRZUSTAND,UIDENTSTLAE
5,5,62,12,2021,10,13,4,3,5,3,0,1,1,0,0,0,0,359715.328981524333358,5726514.192420950159431,6.971232171000054,51.672065927000062,1,5211006701610560000
5,5,54,64,2021,11,3,4,3,9,1,2,0,1,0,0,0,0,360723.668886317871511,5755924.771628547459841,6.973987861000069,51.936590445000036,1,5211124705000190000
5,5,54,64,2021,3,16,4,3,4,1,0,0,1,0,0,1,0,356771.685329101048410,5752431.717130862176418,6.917992992000052,51.904201831000080,0,5210331705000380000
5,5,54,4,2021,11,17,3,3,5,3,2,1,1,0,0,0,0,361517.221900830045342,5770423.324454369023442,6.979664705000062,52.067063446000077,1,5211116705000790000
5,5,62,12,2021,6,13,4,3,3,6,0,0,1,0,0,0,1,359566.711950168013573,5725229.767930191010237,6.969600560000060,51.660487190000026,1,5210630701610040000
5,5,62,12,2021,11,9,5,3,5,3,0,1,1,0,0,0,0,356375.597921478562057,5727975.111659631133080,6.922366596000074,51.684349213000075,0,5211111701610580000
5,5,54,16,2021,6,7,6,2,4,6,0,0,1,0,0,1,0,359935.050543012097478,5757398.222334492951632,6.961923701000046,51.949632003000033,0,5210625705000050000
5,5,54,12,2021,3,7,3,3,0,2,0,1,1,0,0,0,0,352228.989367656409740,5745928.722217919304967,6.854791747000036,51.844587233000027,0,5210302705000520000
5,5,54,12,2021,1,7,3,3,3,6,2,0,1,0,0,0,0,351833.639942447654903,5744299.903018748387694,6.849754296000071,51.829847736000033,1,5210112705000790000
5,5,54,12,2021,2,18,7,3,2,6,2,0,1,0,0,0,0,352784.200614093802869,5746442.135590825229883,6.862627169000064,51.849346879000052,2,5210213705000890000
5,5,12,0,2021,12,10,4,2,4,6,0,0,1,0,0,0,0,355226.147782222367823,5715303.595639815554023,6.910988993000046,51.570193702000040,0,5211208701400070000
5,5,62,14,2021,1,13,2,3,5,2,0,0,1,0,0,0,0,359137.766478888690472,5717845.789933267980814,6.966372972000045,51.594028494000042,1,5210104701300080000
5,5,12,0,2021,5,14,3,3,5,3,0,1,1,0,0,0,0,357034.074519342742860,5709681.147604087367654,6.939342484000065,51.520132644000057,0,5210518701400880000
5,5,12,0,2021,3,10,3,2,5,3,0,0,1,0,0,0,0,356439.751999818719923,5709973.711999382823706,6.930662943000073,51.522610840000027,0,5210330701400600000
5,5,62,12,2021,5,17,2,3,9,1,0,0,1,0,0,0,0,356777.916447071358562,5724639.869878822937608,6.929549607000069,51.654482861000076,0,5210510702340680000
5,5,62,12,2021,4,13,3,2,9,1,0,0,0,0,0,0,1,359485.936854892410338,5735252.045032717287540,6.964394109000068,51.750524606000056,2,5210406702340980000
5,5,12,0,2021,12,1,7,2,9,1,2,0,1,0,0,0,0,359223.128205904737115,5708109.122200090438128,6.971501012000033,51.506556143000068,0,5211211500630180000
5,5,54,12,2021,3,11,7,3,5,2,0,1,1,0,0,0,0,347487.837568515911698,5744477.684161467477679,6.786658116000069,51.830275552000046,0,5210306705000980000
5,5,12,0,2021,10,8,7,3,5,3,0,0,1,0,1,0,0,355645.139197628945112,5718895.299150424078107,6.915553557000067,51.602574892000064,1,5211002701400970000
5,5,12,0,2021,12,18,1,3,6,2,2,0,1,1,0,0,0,356347.185933139175177,5710237.593229839578271,6.929222001000028,51.524958491000064,1,5211205701400580000
5,5,12,0,2021,11,17,7,2,8,1,2,0,1,0,0,0,0,356117.498317985795438,5713559.825884427875280,6.924555331000022,51.554752826000026,1,5211113702340790000
5,5,54,12,2021,11,12,4,3,2,6,0,0,1,0,0,0,0,354348.913182813674212,5748197.056345961987972,6.884588224000026,51.865525350000041,0,5211110705000280000
5,5,54,56,2021,11,1,7,2,0,1,2,0,1,0,0,0,0,357673.818771914578974,5762487.918972421437502,6.926933532000021,51.994789565000076,1,5211127705000180000
5,5,62,12,2021,2,12,4,3,6,2,0,0,1,1,0,0,0,359365.590643240138888,5725064.704717662185431,6.966761106000035,51.658953673000042,1,5210203701610590000
5,5,54,12,2021,6,15,2,3,7,6,0,0,1,0,0,0,1,352080.565999792888761,5754683.522999303415418,6.848885652000035,51.923208118000048,0,5210607705000890000
5,5,12,0,2021,11,12,5,2,3,2,0,0,1,0,1,0,0,356689.073799479752779,5708706.028923122212291,6.934769705000065,51.511282942000037,0,5211118701400080000
5,5,12,0,2021,10,15,3,3,5,3,0,1,1,0,0,0,0,356357.771196816116571,5710668.434990320354700,6.929198793000069,51.528832646000069,1,5211012701400790000
5,5,12,0,2021,12,6,5,3,6,2,2,0,1,1,0,0,0,355706.381007110700011,5712232.384228557348251,6.919173783000076,51.542719811000040,1,5211202701400980000
5,5,54,12,2021,2,15,5,2,8,7,0,0,1,0,0,0,0,351542.595394587144256,5741503.570600332692266,6.846732224000050,51.804645756000070,0,5210204705000180000
5,5,54,40,2021,11,6,2,3,5,3,2,1,1,0,0,0,0,350471.310999780893326,5738155.471999268978834,6.832648931000051,51.774278177000042,1,5211108705000380000
5,5,54,12,2021,10,16,3,3,2,1,0,0,1,0,1,0,0,353002.537849725224078,5747226.702528854832053,6.865461117000052,51.856453699000042,1,5211019705000490000
5,5,12,0,2021,9,17,7,2,6,4,0,0,1,1,0,0,0,356791.465981194749475,5712248.452205924317241,6.934804035000070,51.543140565000044,0,5210925701400540000
5,5,62,14,2021,11,8,2,3,2,6,0,0,1,0,0,0,0,359923.207999839447439,5716676.121999423950911,6.978171561000067,51.583713716000034,0,5211108701300590000
5,5,54,4,2021,6,16,6,3,5,3,0,1,0,0,0,0,1,357519.372707064263523,5777548.722616642713547,6.918401563000032,52.130070411000077,0,5210604705000090000
5,5,62,12,2021,12,16,6,3,5,3,1,1,1,0,0,0,0,359291.439741386100650,5725821.282764842733741,6.965385196000057,51.665733577000026,0,5211210701610090000
5,5,54,40,2021,3,6,2,2,5,3,2,0,0,0,0,0,1,351847.538999790325761,5734574.949999298900366,6.854107751000072,51.742473076000067,0,5210329705000320000
5,5,54,56,2021,9,6,3,2,4,1,2,0,1,0,0,1,0,356900.499999826774001,5763740.190999390557408,6.915154847000053,52.005842514000051,0,5210928705000220000
5,5,62,14,2021,10,6,2,3,5,3,1,1,1,0,0,0,0,357349.647905128076673,5713992.703588973730803,6.942140578000021,51.558955497000056,0,5211004701300370000
5,5,54,64,2021,9,15,1,2,0,7,0,1,0,0,0,0,0,356655.316702052019536,5747917.862181449308991,6.918177829000058,51.863614055000028,0,5210905705000990000
5,5,54,12,2021,2,14,4,3,5,3,0,0,1,0,0,0,0,353734.772999803535640,5747275.503999335691333,6.876065287000074,51.857084555000029,1,5210203705000780000
5,5,62,12,2021,9,9,5,3,1,6,0,0,1,0,0,0,0,357107.434389920905232,5729893.156338403001428,6.932160140000065,51.701770639000074,0,5210909701610590000
5,5,54,64,2021,6,11,2,2,5,3,0,0,1,0,0,0,0,360788.119999847374856,5755934.302999440580606,6.974920922000024,51.936692215000051,0,5210614705000890000
5,5,62,14,2021,12,6,7,3,8,1,2,0,1,0,0,0,0,356937.969525332562625,5716094.852384692057967,6.935350092000022,51.577740687000073,1,5211218702340590000
5,5,62,14,2021,12,17,1,3,0,7,2,0,1,0,0,0,0,360269.719629264436662,5713647.091015353798866,6.984374228000036,51.556580720000056,0,5211219701300770000
5,5,54,12,2021,11,13,3,3,2,6,0,1,0,0,0,0,0,351433.896112954244018,5746968.663827367126942,6.842811243000028,51.853719928000032,0,5211109705000890000
5,5,12,0,2021,11,20,4,3,4,6,2,1,0,0,0,0,0,354889.786999809555709,5710711.345999354496598,6.908033193000051,51.528842902000065,0,5211124701400360000
5,5,12,0,2021,10,20,6,3,0,1,2,0,0,0,0,0,1,357199.772999823093414,5710720.731999391689897,6.941307754000036,51.529516140000055,0,5211015701400680000
5,5,62,14,2021,3,11,3,3,5,3,0,0,1,0,0,0,1,360098.164043730124831,5712882.836667746305466,6.982205164000050,51.549670562000074,0,5210330701300620000
5,5,62,12,2021,12,12,6,3,2,6,0,0,1,0,0,1,1,356541.545469884760678,5729195.340586785227060,6.924263803000031,51.695356036000078,1,5211217702340500000
5,5,62,12,2021,6,11,1,3,5,2,0,1,1,0,0,0,0,359443.862999836914241,5725384.342999424785376,6.967763441000045,51.661845464000066,0,5210613701610140000
5,5,62,14,2021,10,18,5,2,6,2,2,0,1,1,0,0,0,357741.523019057698548,5713893.788401680067182,6.947829840000054,51.558165625000072,0,5211014701300890000
5,5,62,14,2021,12,7,5,3,6,7,1,0,1,1,0,0,0,360120.846287466585636,5715869.970558449625969,6.981343417000062,51.576518714000031,0,5211216701300980000
5,5,54,12,2021,11,17,5,2,4,2,2,0,1,0,1,0,0,355014.513622131198645,5746201.706831652671099,6.895085322000057,51.847770287000060,0,5211118705000980000
5,5,12,0,2021,9,15,6,3,2,6,0,0,1,0,1,0,0,356713.236210856586695,5708255.998573526740074,6.935300536000057,51.507245156000067,0,5210924701400060000
5,5,62,12,2021,4,21,3,3,2,7,2,0,1,0,0,0,0,359312.967372906394303,5724695.150594690814614,6.966149528000074,51.655619759000047,0,5210413701610080000
5,5,54,28,2021,6,10,6,3,2,6,0,0,1,0,0,0,0,357090.551999825052917,5743058.893999390304089,6.926501890000054,51.820066397000062,0,5210604705000990000
5,5,12,0,2021,3,15,4,2,5,2,0,0,1,0,0,0,0,356420.152999819256365,5710076.481999378651381,6.930338753000058,51.523529331000077,0,5210303701400570000
5,5,12,0,2021,12,11,3,3,2,6,0,0,1,0,0,0,1,356406.670548361726105,5714444.743517834693193,6.928362189000040,51.562778156000036,1,5211228702340430000
5,5,62,12,2021,5,18,7,3,5,3,0,1,1,0,0,0,0,358220.689582958817482,5735502.556337907910347,6.945975162000025,51.752456821000067,0,5210529701620880000
5,5,62,14,2021,9,13,5,3,1,6,0,0,1,0,0,0,0,358959.710474702529609,5714694.629366926848888,6.965069698000036,51.565667852000047,0,5210909701300140000
5,5,12,0,2021,10,13,1,3,0,1,0,0,1,0,1,0,0,355507.235664978623390,5713044.015689810737967,6.915970695000055,51.549961943000028,0,5211010702340590000
5,5,54,68,2021,7,1,1,3,9,7,2,0,1,0,0,0,0,348908.957999772392213,5765154.455999232828617,6.798191097000029,52.016431317000070,0,5210711705000190000
5,5,12,0,2021,11,15,1,3,5,3,0,1,1,0,0,0,0,355219.410630037076771,5721518.277644578367472,6.908327025000062,51.626034537000066,1,5211121701400070000
5,5,12,0,2021,11,17,4,3,0,7,1,0,1,0,0,0,1,356287.095985012128949,5710052.280994744971395,6.928431995000039,51.523278023000046,0,5211124701400880000
5,5,12,0,2021,11,20,5,3,2,6,2,0,1,0,0,0,0,360156.962934349663556,5712231.950228178873658,6.983311348000029,51.543836220000060,0,5211125701400580000
5,5,54,56,2021,12,14,1,2,0,3,0,1,1,0,0,0,0,355943.452999820001423,5761688.124999372288585,6.902083865000066,51.987157327000034,1,5211205705000890000
5,5,62,12,2021,10,17,3,3,2,6,0,0,1,0,0,1,0,359386.805846146307886,5725437.559823231771588,6.966917628000033,51.662309388000040,1,5211012701610580000
5,5,62,14,2021,3,20,6,2,0,1,2,0,0,0,1,0,0,359665.620999838225543,5716054.097999420017004,6.974704706000068,51.578060139000058,1,5210312701300070000
5,5,62,12,2021,4,11,6,3,5,3,0,1,0,0,0,1,0,359102.154914040118456,5726555.730454526841640,6.962353849000067,51.672285731000045,0,5210430701610060000
5,5,12,0,2021,11,0,2,2,4,6,2,0,1,0,0,0,0,355199.206991870887578,5714166.204915704205632,6.911069106000070,51.559966595000049,1,5211101701400020000
5,5,62,14,2021,10,20,6,2,3,6,2,0,1,0,0,0,0,359536.943780359812081,5713390.421648759394884,6.973913461000052,51.554092303000061,0,5211029702340040000
5,5,12,0,2021,9,10,3,3,2,6,0,0,1,0,0,0,0,356418.491178932599723,5709998.138218665495515,6.930346742000040,51.522824925000066,0,5210928701400680000
5,5,12,0,2021,10,14,6,2,2,6,0,0,1,0,1,0,0,355412.968999813310802,5716426.635999362915754,6.913220547000037,51.580332880000071,0,5211022701400610000
5,5,12,0,2021,10,17,5,2,5,3,0,0,1,0,1,0,0,356407.860683416016400,5710940.175134483724833,6.929809603000024,51.531287190000057,0,5211028701400370000
5,5,12,0,2021,6,7,2,3,5,3,0,1,0,0,0,0,0,355757.489999816752970,5709753.740999367088079,6.920925531000023,51.520460404000062,1,5210621701400580000
5,5,62,12,2021,12,19,7,3,5,3,2,1,1,0,0,0,0,360424.272999842651188,5726336.581999434158206,6.981548865000036,51.670646522000027,1,5211218701610770000
5,5,54,12,2021,12,16,2,3,9,1,2,0,1,0,0,0,0,351249.268839403986931,5745791.255469290539622,6.840639026000076,51.843091979000064,1,5211220705000390000
5,5,12,0,2021,9,12,3,2,5,2,0,0,0,0,1,1,0,356040.433850686065853,5710777.893091507256031,6.924582423000061,51.529735399000060,0,5210914701400450000
5,5,54,64,2021,12,16,1,3,5,2,0,0,0,0,1,0,1,360732.932999845594168,5751252.277999445796013,6.976011910000068,51.894608221000055,1,5211205705000690000
5,5,54,12,2021,5,7,3,3,5,2,0,1,1,0,0,0,0,352983.257999800145626,5747119.954999320209026,6.865226773000074,51.855489502000069,0,5210511705000890000
5,5,54,4,2021,12,22,5,3,9,1,2,0,1,0,0,0,0,359682.596193773671985,5778227.255685947835445,6.949703553000063,52.136720469000068,2,5211202705000180000
5,5,62,12,2021,10,6,4,3,0,7,2,0,1,0,0,0,0,356782.397556141018867,5724558.495843291282654,6.929647670000065,51.653752807000046,0,5211013701610600000
5,5,54,20,2021,12,23,1,3,4,1,2,0,1,0,0,0,0,361467.124841541983187,5784334.746132262051105,6.973268570000073,52.192047072000037,0,5211219705000080000
5,5,54,12,2021,9,12,2,3,5,3,0,0,1,0,0,0,0,351758.246666261926293,5744351.476222315803170,6.848638905000030,51.830291114000033,0,5210920705000520000
5,5,54,56,2021,3,8,4,3,5,3,0,1,1,0,0,0,0,358681.651165375486016,5761572.633118821308017,6.941980143000023,51.986822938000046,0,5210324705000040000
5,5,54,12,2021,7,9,2,3,5,2,0,1,1,0,0,0,0,352511.020358240231872,5745529.947993682697415,6.859052979000069,51.841078848000052,1,5210705705000090000
5,5,54,56,2021,7,13,2,3,0,1,0,1,0,0,0,0,0,358628.365864956751466,5761618.696665851399302,6.941185704000077,51.987223269000026,0,5210712705000020000
5,5,62,14,2021,10,15,5,3,0,7,0,0,1,0,0,0,0,358897.714371032081544,5714885.127034494653344,6.964099343000044,51.567364145000056,0,5211007701300080000
5,5,54,4,2021,3,14,5,2,8,1,0,0,0,0,1,0,0,356222.822999820113182,5771149.405999379232526,6.902173482000023,52.072238296000080,0,5210325705000870000
5,5,54,12,2021,6,15,3,3,5,3,0,1,1,0,0,0,0,352451.218788428232074,5745286.192987155169249,6.858289522000064,51.838872932000072,0,5210608705000290000
5,5,62,14,2021,11,9,3,2,2,6,0,0,0,0,0,1,1,359590.530645828694105,5713405.362710880115628,6.974679932000072,51.554239903000052,1,5211123702340150000
5,5,12,0,2021,9,12,6,3,5,2,0,1,1,0,0,0,0,355533.565999814309180,5710122.562999367713928,6.917549021000070,51.523717320000060,0,5210924701400670000
5,5,62,12,2021,6,17,3,3,5,3,0,1,1,0,0,0,0,359102.100982864387333,5726555.903295848518610,6.962353000000064,51.672287271000073,0,5210622701610880000
5,5,12,0,2021,2,7,2,3,0,1,1,0,0,0,1,0,0,354643.700481083244085,5708658.070183437317610,6.905334977000052,51.510329528000057,2,5210215701400880000
5,5,12,0,2021,10,14,4,2,3,6,0,1,0,0,0,0,1,355814.249264408834279,5709864.689789686352015,6.921697667000046,51.521471857000051,0,5211027701400840000
5,5,12,0,2021,9,7,5,3,2,6,0,0,1,0,0,0,0,356712.386456874199212,5708217.739477794617414,6.935303845000021,51.506901149000043,0,5210916701400440000
5,5,54,12,2021,12,11,3,3,0,7,0,1,0,0,0,0,0,354403.416022515855730,5746678.547100381925702,6.886019039000075,51.851895696000042,1,5211221705000290000
5,5,12,0,2021,6,12,4,3,5,3,0,1,1,0,0,0,0,357033.363439359702170,5709681.149763233959675,6.939332241000045,51.520132483000054,0,5210616701400560000
5,5,12,0,2021,5,13,2,3,5,2,0,1,1,0,0,0,0,356419.308877180330455,5710081.254005959257483,6.930324649000056,51.523571996000044,1,5210524701400780000
5,5,54,60,2021,12,7,5,3,0,3,2,1,1,0,0,0,0,349506.104159451089799,5756012.623917333781719,6.810894682000026,51.934459553000067,1,5211209705000590000
5,5,54,56,2021,3,16,3,3,2,6,0,0,1,0,0,0,0,359092.272608505561948,5761220.434046471491456,6.948100552000028,51.983762660000082,0,5210309705000940000
5,5,62,12,2021,4,12,1,3,2,6,0,0,1,0,0,0,0,359299.446083171293139,5725674.006607826799154,6.965560186000062,51.664412188000028,0,5210418701610540000
5,5,54,12,2021,9,15,5,2,8,1,0,0,0,0,1,0,0,351905.448999793268740,5754464.145999299362302,6.846435324000026,51.921190527000078,0,5210902705000690000
5,5,62,12,2021,9,16,7,3,2,2,0,0,1,0,0,0,0,358007.784035417251289,5724875.072486866265535,6.947220984000069,51.656908318000035,0,5210911701610080000
5,5,54,56,2021,10,18,5,3,2,6,0,0,1,0,0,0,0,356943.302540845237672,5760798.454050783067942,6.917005369000037,51.979421981000030,0,5211007705000180000
5,5,12,0,2021,6,13,4,3,3,2,0,1,1,0,0,0,0,356545.458383172750473,5711446.431107984855771,6.931585728000073,51.535871287000077,0,5210602701400170000
5,5,54,12,2021,12,12,3,3,1,1,0,0,1,0,0,0,0,354261.487081963568926,5745320.858817506581545,6.884532001000025,51.839659748000031,0,5211221705000690000
5,5,12,0,2021,10,15,7,3,5,2,0,1,1,0,0,0,0,356971.136684667319059,5712728.304085068404675,6.937198194000075,51.547497991000057,0,5211016701400680000
5,5,54,12,2021,1,14,2,3,3,6,0,0,1,0,0,0,0,353717.088999803178012,5745054.630999332293868,6.876748202000044,51.837125350000065,0,5210111705000480000
5,5,62,12,2021,10,13,4,3,5,2,0,1,1,0,0,0,0,359426.433238749392331,5724985.086386380717158,6.967672165000067,51.658253457000058,0,5211027701610690000
5,5,54,60,2021,10,7,5,2,4,6,2,0,1,0,1,0,0,351444.918957393616438,5759959.735071020200849,6.837368997000056,51.970443739000075,1,5211007705000090000
5,5,54,40,2021,11,16,7,2,4,2,2,0,1,0,1,0,0,354163.316861721687019,5735608.176812646910548,6.887192256000048,51.752364297000042,1,5211127705000090000
5,5,54,68,2021,6,14,5,3,2,6,0,0,1,0,1,0,0,349692.903061933815479,5768668.884364612400532,6.808062093000046,52.048218981000048,0,5210624705000090000
5,5,54,4,2021,12,19,1,3,8,1,2,0,1,0,0,0,1,357206.506732598878443,5779199.432965666055679,6.913140687000066,52.144820938000066,1,5211212705000080000
5,5,54,4,2021,3,11,6,3,0,7,0,1,0,0,0,0,0,361437.551172759383917,5771304.349316745996475,6.978145494000046,52.074959750000062,0,5210319705000070000
5,5,54,4,2021,6,10,6,3,1,7,0,0,1,0,0,0,0,358641.978999835439026,5767663.472999412566423,6.938888558000031,52.041539780000051,0,5210604705000040000
5,5,54,56,2021,11,6,2,3,0,7,2,0,1,1,0,0,0,355178.102052326314151,5762591.402979157865047,6.890564607000044,51.995074171000056,0,5211115705000030000
5,5,54,40,2021,11,6,2,2,9,1,2,0,1,0,0,0,0,352943.517184665426612,5734886.167627466842532,6.869838846000050,51.745558079000034,1,5211101705000020000
5,5,54,28,2021,12,6,4,3,5,3,2,0,1,0,1,0,0,358460.762999832630157,5742881.463999411091208,6.946441183000047,51.818820824000056,1,5211215705000490000
5,5,62,14,2021,3,19,3,2,9,1,1,0,0,0,1,0,0,357207.743996898643672,5714061.083923779428005,6.940067139000064,51.559534046000067,0,5210330701300170000
5,5,62,12,2021,6,13,6,3,2,6,0,0,1,0,0,0,0,360319.977693015709519,5724927.311010390520096,6.980604904000074,51.657957057000033,0,5210618701610880000
5,5,54,12,2021,6,14,3,2,5,2,0,0,1,0,1,0,0,355645.140999816358089,5741869.711999366059899,6.906040715000074,51.809009830000036,0,5210601705000990000
5,5,12,0,2021,10,14,2,2,5,3,0,1,1,0,0,0,0,356128.683599183335900,5718662.180467519909143,6.922626486000070,51.600603899000077,0,5211018701400140000
5,5,62,12,2021,3,7,6,3,5,2,0,1,1,0,0,0,0,358505.607999831438065,5724988.671999407932162,6.954367089000073,51.658054628000059,0,5210326701610870000
5,5,62,12,2021,11,22,7,3,3,2,2,0,1,0,0,0,0,359441.261967873200774,5726232.187262644991279,6.967384822000042,51.669463382000060,0,5211120701610900000
5,5,12,0,2021,11,15,3,3,5,3,0,0,1,0,0,0,0,356456.606837829574943,5711136.390716362744570,6.930431909000049,51.533062740000048,0,5211116701400980000
5,5,62,14,2021,10,8,3,3,2,6,0,0,1,0,0,0,0,358271.237391642294824,5713386.898816561326385,6.955670356000041,51.553744102000053,1,5211012702340290000
5,5,54,56,2021,9,21,6,3,5,3,2,0,1,0,1,0,0,358839.031521801836789,5761434.268831096589565,6.944327422000072,51.985619722000081,0,5210924705000020000
5,5,12,0,2021,3,19,5,3,2,6,2,0,1,0,0,0,0,360171.796282779425383,5712179.513674205169082,6.983545954000022,51.543368695000026,0,5210318701400800000
5,5,54,60,2021,7,9,3,3,8,2,0,0,1,0,0,0,0,351719.419999793171883,5756637.856999292969704,6.842795526000032,51.940671139000074,1,5210713705000520000
5,5,54,60,2021,1,12,4,2,1,2,0,0,1,0,0,0,0,350053.211992612108588,5755940.810011414811015,6.818878046000066,51.933962003000033,0,5210120705000490000
5,5,54,68,2021,2,9,7,2,2,6,0,0,1,0,0,0,1,348673.287268324755132,5768296.446659957990050,6.793369746000053,52.044595509000033,0,5210213705000890000
5,5,62,14,2021,3,20,2,2,5,3,2,0,1,0,0,0,0,360149.796719237230718,5713397.327895373106003,6.982744804000049,51.554306616000076,0,5210322701300180000
5,5,12,0,2021,6,9,7,3,5,3,0,0,1,0,1,0,0,355637.393420173786581,5719614.925981124863029,6.915145523000035,51.609039191000079,0,5210626701400720000
5,5,54,12,2021,5,13,2,3,8,7,0,0,0,0,0,0,1,354385.739359335973859,5738847.548452254384756,6.889054447000035,51.781528599000069,0,5210503705000320000
5,5,12,0,2021,6,10,6,3,3,2,0,1,1,0,0,0,0,356677.616999819874763,5711907.811999384313822,6.933302094000055,51.540050737000058,0,5210611701400310000
5,5,62,12,2021,3,8,6,3,5,2,0,1,0,0,0,0,1,359441.886223620735109,5725386.186239220201969,6.967734138000026,51.661861533000035,0,5210319701610650000
5,5,62,12,2021,5,12,1,3,6,2,0,0,1,1,0,0,0,358702.280907211825252,5725132.339867079630494,6.957150439000031,51.659395068000038,0,5210523701610090000
5,5,54,12,2021,5,10,5,3,0,3,0,1,1,0,0,0,0,351501.779999788850546,5746001.508999291807413,6.844211560000076,51.845048281000061,0,5210520705000050000
5,5,62,12,2021,7,22,4,2,9,1,2,0,1,0,0,0,1,356332.112383756786585,5728233.420462789013982,6.921631670000068,51.686659129000077,0,5210714702340040000
5,5,62,12,2021,1,20,7,2,6,4,2,0,1,1,0,0,0,359301.767999836243689,5724767.935999423265457,6.965958444000023,51.656270992000032,1,5210116701610990000
5,5,54,28,2021,9,19,4,3,7,7,0,0,0,1,0,0,1,359086.692542329430580,5743473.940924769267440,6.955275304000054,51.824302700000032,0,5210908705000690000
5,5,54,28,2021,9,15,2,3,4,2,0,0,1,0,0,0,0,357090.551999825052917,5743058.893999390304089,6.926501890000054,51.820066397000062,0,5210906705121090000
5,5,62,12,2021,10,13,1,3,5,2,0,0,1,0,0,0,0,358517.161857852712274,5727926.616515606641769,6.953344101000027,51.684457100000031,0,5211010701610170000
5,5,12,0,2021,11,21,5,3,0,6,2,0,1,0,0,0,0,356187.230999818071723,5713593.319999376311898,6.925546789000066,51.555071576000046,0,5211118702340710000
5,5,54,12,2021,11,7,4,3,5,3,1,1,1,0,0,0,0,352819.148999797180295,5746067.192999316379428,6.863293785000053,51.845987259000026,1,5211103705000020000
5,5,12,0,2021,9,16,7,2,0,1,0,0,0,0,1,0,0,354876.075514952652156,5709114.005020612850785,6.908493547000035,51.514486157000078,0,5210911701400110000
5,5,12,0,2021,4,15,5,3,5,2,0,0,1,0,0,1,1,355636.994675865396857,5719621.023546287789941,6.915137258000073,51.609093879000056,0,5210401701400380000
5,5,54,68,2021,12,11,7,3,9,7,0,0,1,0,0,0,0,353812.259999806061387,5773487.788999335840344,6.866025362000073,52.092616692000036,0,5211225705000080000
5,5,54,16,2021,3,7,2,3,5,3,0,1,1,0,0,0,0,361457.125727095641196,5759051.624689983204007,6.983389709000051,51.964869744000055,1,5210315705000570000
5,5,54,4,2021,9,6,7,3,2,6,1,0,1,0,0,0,0,361103.166281761601567,5773361.584210613742471,6.972431734000054,52.093360642000050,1,5210911705000020000
5,5,62,12,2021,5,19,5,3,0,1,0,1,0,0,0,0,0,356442.456999821588397,5727898.880999382585287,6.923364427000024,51.683681336000063,0,5210513701610290000
5,5,12,0,2021,11,15,1,3,2,6,0,0,1,0,0,0,0,356964.935525820590556,5712701.616533270105720,6.937119671000062,51.547256610000034,0,5211128701400860000
5,5,62,12,2021,11,19,1,3,3,2,2,0,1,0,0,0,0,359413.425311682745814,5726197.072522232308984,6.966996681000069,51.669140883000068,0,5211114701610570000
5,5,54,28,2021,5,15,7,2,2,6,0,0,1,0,0,0,1,354963.204875520430505,5744738.533117227256298,6.894954457000040,51.834610158000032,1,5210508705000670000
5,5,54,12,2021,3,23,5,3,5,3,2,0,1,0,0,0,0,353539.285416311584413,5747929.034026725217700,6.872951687000068,51.862905239000042,1,5210304705000980000
5,5,54,4,2021,12,8,5,2,0,7,0,1,0,0,0,0,0,356998.395355121232569,5777205.387870868667960,6.910940042000050,52.126851073000068,2,5211209705000970000
5,5,62,12,2021,11,7,2,3,6,2,1,0,1,1,0,0,0,359273.850195973180234,5724071.287987791001797,6.965835467000034,51.650004050000064,0,5211115701610880000
5,5,62,14,2021,9,13,5,3,2,6,0,0,1,0,0,0,1,360227.826983151957393,5713557.486432541161776,6.983805939000035,51.555765149000081,0,5210909702340690000
5,5,62,12,2021,5,5,4,3,0,7,0,1,0,0,0,0,0,357207.815169879235327,5735450.046665409579873,6.931333007000035,51.751727735000031,0,5210519701620410000
5,5,54,64,2021,9,16,4,3,8,1,0,1,0,0,0,0,0,355854.836999818682671,5750917.783999372273684,6.905307956000058,51.890362548000041,0,5210908705000470000
5,5,12,0,2021,9,12,5,2,6,2,0,0,1,1,0,0,0,355750.848585012368858,5709743.431354690343142,6.920834092000064,51.520366068000044,0,5210916701400460000
5,5,62,12,2021,6,12,3,2,1,5,0,0,1,0,0,0,1,360483.671940677799284,5726347.019877368584275,6.982403111000053,51.670755069000052,0,5210629701610050000
5,5,12,0,2021,9,6,3,3,0,7,2,0,1,0,0,0,0,354806.815617351792753,5720054.034830048680305,6.902977246000034,51.612771258000066,1,5210928701400680000
5,5,54,12,2021,10,17,7,3,0,7,0,1,0,1,0,0,0,353300.637374233454466,5747792.582549221813679,6.869546326000034,51.861616539000067,0,5211009705000280000
5,5,12,0,2021,9,16,6,3,8,1,0,0,0,0,1,0,0,354410.069936187006533,5722510.319766864180565,6.896230314000036,51.634739683000078,0,5210924701400290000
5,5,12,0,2021,10,17,6,3,2,6,0,0,1,0,0,0,0,357925.803000459447503,5711618.777714222669601,6.951405064000028,51.537769054000080,0,5211008701400840000
5,5,54,28,2021,7,16,7,3,3,6,0,0,1,0,0,1,0,356647.634984838776290,5746504.779629228636622,6.918652508000037,51.850915197000063,0,5210710705000190000
5,5,54,12,2021,3,16,2,3,2,6,0,0,1,0,0,0,0,350363.930056927725673,5744138.467704692855477,6.828511552000066,51.828005555000061,0,5210308705000850000
5,5,54,56,2021,12,14,2,3,1,6,0,0,1,0,0,0,0,356842.523999825119972,5763097.457999387755990,6.914579303000039,52.000052615000072,0,5211206705000120000
5,5,54,4,2021,11,16,4,2,5,3,0,1,1,0,0,0,0,361159.407999850809574,5771183.946999449282885,6.974138657000026,52.073808243000030,0,5211103705000190000