ULAND,UREGBEZ,UKREIS,UGEMEINDE,UJAHR,UMONAT,USTUNDE,UWOCHENTAG,UKATEGORIE,UART,UTYP1,ULICHTVERH,IstRad,IstPKW,IstFuss,IstKrad,IstGkfz,IstSonstige,LINREFX,LINREFY,XGCSWGS84,YGCSWGS84,STRZUSTAND,UIDENTSTLAE
5,5,12,0,2021,9,12,3,3,1,5,0,1,1,0,0,0,0,356521.240386878140271,5719950.420283099636436,6.927763524000056,51.612279746000070,0,5210921701400890000
5,5,54,28,2021,11,21,5,3,2,7,2,0,1,0,0,0,0,354982.094274624250829,5744705.520479926839471,6.895242250000024,51.834318439000072,1,5211111705000820000
5,5,54,4,2021,10,20,6,3,5,3,2,0,1,0,0,0,0,360665.590999846346676,5773337.486999442800879,6.966058359000044,52.093034128000056,0,5211015705000580000
5,5,62,14,2021,9,22,5,3,8,1,2,0,1,0,0,0,0,359598.657180332578719,5717209.495304156094790,6.973276918000067,51.588425829000073,0,5210930701300780000
5,5,12,0,2021,6,14,2,3,0,1,0,0,1,0,0,0,0,356481.388247865252197,5709701.447458749637008,6.931373578000034,51.520174899000040,0,5210614701400290000
5,5,62,14,2021,6,8,2,3,2,6,0,0,1,0,0,0,0,356827.636951499618590,5715848.240612814202905,6.933859426000026,51.575496680000072,0,5210614702340980000
5,5,12,0,2021,10,6,2,3,5,3,2,0,1,0,0,0,0,356347.924999819137156,5712066.835999375209212,6.928486397000029,51.541395883000064,1,5211011701400670000
5,5,62,12,2021,3,2,6,3,9,1,2,0,1,0,0,0,0,359742.716091469861567,5726265.366596924141049,6.971727874000067,51.669836859000043,1,5210319701610280000
5,5,54,4,2021,1,19,6,3,5,2,2,0,1,0,0,0,0,359389.951999838463962,5768965.330999428406358,6.949251429000071,52.053427331000080,1,5210129705000540000
5,5,62,12,2021,10,13,3,3,6,4,0,0,0,1,0,1,0,359344.071635212749243,5725078.770758241415024,6.966444544000069,51.659074683000028,0,5211005701610240000
5,5,12,0,2021,11,14,5,3,5,3,0,0,1,0,1,0,0,355733.944933784194291,5718958.260280922055244,6.916809077000039,51.603163392000056,0,5211111701400780000
5,5,62,12,2021,3,13,1,2,9,6,0,0,1,0,0,0,0,356790.835026286542416,5724564.266644954681396,6.929767193000032,51.653806811000038,0,5210328702340280000
5,5,54,12,2021,10,16,7,3,5,3,0,1,1,0,0,0,0,352243.227063653059304,5745914.670988049358130,6.855004284000074,51.844464752000079,0,5211016705000070000
5,5,54,12,2021,11,18,3,3,5,3,2,0,1,0,1,0,0,352844.771281180903316,5746079.529138399288058,6.863660229000061,51.846104852000053,1,5211130705000590000
5,5,54,4,2021,11,7,4,3,5,3,1,1,1,0,0,0,0,357036.273632251657546,5777219.587147699669003,6.911487027000021,52.126988448000077,0,5211103705000050000
5,5,54,56,2021,10,7,5,3,5,3,2,1,1,0,0,0,0,356000.919661239720881,5761380.877827003598213,6.903049138000029,51.984411624000074,1,5211014705000370000
5,5,62,12,2021,4,10,6,3,2,6,0,0,1,0,0,0,0,359448.157756060361862,5725004.994744503870606,6.967978028000061,51.658437783000068,0,5210430701610060000
5,5,54,56,2021,10,8,2,3,5,3,0,1,1,0,0,0,0,356369.976017331704497,5760971.881989022716880,6.908590782000033,51.980832334000070,0,5211018705000520000
5,5,12,0,2021,11,17,2,3,5,2,2,1,1,0,0,0,0,356036.659433388151228,5710760.478329630568624,6.924535165000066,51.529577951000078,0,5211108701400180000
5,5,62,12,2021,3,10,2,3,5,2,0,1,1,0,0,0,0,359009.956935646012425,5725071.204176241531968,6.961620369000059,51.658922980000057,0,5210329701610330000
5,5,54,40,2021,9,11,5,2,5,1,0,0,1,0,0,0,0,354161.728789051994681,5735607.768454981967807,6.887169437000068,51.752360214000078,0,5210902705000890000
5,5,62,12,2021,6,15,1,2,0,1,0,1,0,0,0,0,0,359303.472518596798182,5725572.393484352156520,6.965659275000064,51.663500120000037,0,5210613701610090000
5,5,54,4,2021,12,14,6,3,1,6,0,0,1,0,0,0,0,358045.845723741687834,5778524.390793565660715,6.925680415000045,52.138972121000052,1,5211224705000390000
5,5,54,12,2021,1,11,2,3,5,3,0,0,1,0,0,1,0,352844.513379754498601,5746541.387634301558137,6.863459927000065,51.850254553000070,1,5210104705000110000
5,5,12,0,2021,4,7,4,3,5,3,2,1,1,0,0,0,0,356713.562470806762576,5709659.426930049434304,6.934734800000058,51.519856252000068,1,5210407701400280000
5,5,54,28,2021,10,14,3,3,2,6,0,0,1,0,1,0,0,358631.640999833121896,5744131.942999411374331,6.948408131000065,51.830100204000075,1,5211012705000380000
5,5,54,56,2021,12,14,2,3,5,2,0,1,1,0,0,0,0,357157.707368852570653,5762491.407983826473355,6.919419954000034,51.994688409000048,1,5211213705000920000
5,5,62,14,2021,3,6,5,3,2,6,2,0,1,0,0,1,0,358933.436878367327154,5714677.998485865071416,6.964697555000043,51.565511836000042,1,5210311701300110000
5,5,54,12,2021,4,7,2,3,2,1,0,0,1,0,0,0,0,352587.835874125361443,5749617.630662370473146,6.858423347000041,51.877826524000056,1,5210419705000010000
5,5,54,12,2021,11,18,2,2,5,3,2,0,1,0,0,0,0,348315.749999767169356,5749481.978999225422740,6.796467746000076,51.875462226000082,1,5211129705000520000
5,5,54,64,2021,1,16,3,3,2,6,0,0,1,0,0,0,0,358297.071098276413977,5747101.062813244760036,6.942339619000052,51.856694167000057,0,5210126705000980000
5,5,54,4,2021,7,0,5,3,8,1,2,0,1,0,0,0,0,354172.604882776737213,5777404.755712576210499,6.869604200000026,52.127904035000029,1,5210715705000580000
5,5,62,12,2021,5,14,1,2,5,3,0,0,1,0,0,0,0,360255.200769281014800,5724277.083214195445180,6.979928906000055,51.652098077000062,0,5210523701610250000
5,5,54,12,2021,11,6,5,2,5,2,2,0,1,0,0,0,0,351936.777999791316688,5743857.323999302461743,6.851439232000075,51.825898554000048,1,5211104705000490000
5,5,54,68,2021,9,16,3,3,1,2,0,0,1,0,0,0,0,352205.818588619120419,5767718.552920117974281,6.845090684000070,52.040356412000051,0,5210921705000090000
5,5,12,0,2021,11,15,7,3,0,1,0,1,0,0,0,0,0,356463.992577064782381,5709783.298760311678052,6.931089678000035,51.520905980000066,1,5211113701400600000
5,5,12,0,2021,6,14,5,3,2,6,0,0,1,0,0,0,0,356720.749554359354079,5707399.717156669124961,6.935756546000050,51.499552618000052,0,5210617701400060000
5,5,62,14,2021,9,13,6,3,3,6,0,0,1,0,0,0,0,357880.670519910752773,5713547.719845654442906,6.949975613000049,51.555090970000037,1,5210910702340190000
5,5,54,12,2021,9,21,2,2,5,3,2,0,1,0,1,0,0,354337.520999807864428,5738811.986999344080687,6.888370868000038,51.781196524000052,0,5210906705000390000
5,5,54,60,2021,12,14,3,3,1,6,0,0,1,0,0,0,0,354763.000846165232360,5758427.231049004942179,6.886284999000054,51.957551242000079,0,5211214705000290000
5,5,54,4,2021,10,12,1,3,0,7,0,1,0,1,0,0,0,357807.548008626326919,5771405.732468787580729,6.925172618000033,52.074950512000044,0,5211010705000680000
5,5,54,60,2021,9,13,4,3,0,1,0,1,0,0,0,0,0,349552.818145263008773,5756005.901426360011101,6.811576594000030,51.934411784000076,1,5210915705000320000
5,5,54,56,2021,12,15,2,3,0,2,0,1,1,0,0,0,0,356961.538151983171701,5762448.247440362349153,6.916582685000037,51.994250121000050,1,5211220705000060000
5,5,62,12,2021,11,14,2,3,1,3,0,1,1,0,0,0,0,359094.429737780243158,5735685.798024849966168,6.958550497000033,51.754323817000056,0,5211122701610180000
5,5,54,4,2021,9,18,1,3,0,1,0,1,0,0,0,0,0,360586.082661419175565,5772773.299350410699844,6.965129236000053,52.087944797000034,0,5210912705000790000
5,5,12,0,2021,7,10,5,3,2,2,0,0,1,0,0,0,0,355951.092552484944463,5711157.252432683482766,6.923140155000056,51.533121449000078,1,5210701701400380000
5,5,54,60,2021,3,16,3,3,0,1,0,1,1,0,0,0,0,350310.501588524319232,5755932.651427706703544,6.822621201000061,51.933957957000075,0,5210323705000790000
5,5,62,12,2021,7,11,7,2,5,3,0,1,1,0,0,0,0,360050.265090658329427,5726308.744729768484831,6.976154995000059,51.670303341000078,0,5210710701610010000
5,5,12,0,2021,10,9,2,2,6,4,0,0,1,1,0,0,0,356217.038999818265438,5710022.514999374747276,6.927435008000032,51.522992722000026,0,5211018701400890000
5,5,12,0,2021,6,11,4,3,5,3,0,0,1,0,0,0,1,354767.877999809570611,5709706.392999352887273,6.906691239000054,51.519781372000068,0,5210616701400550000
5,5,62,14,2021,4,23,5,2,3,6,2,0,1,0,0,0,0,356941.982170091010630,5716151.378416957333684,6.935384938000027,51.578249635000077,0,5210401702340280000
5,5,54,4,2021,12,17,4,3,3,2,2,0,1,0,0,0,0,357022.388999826274812,5777214.100999390706420,6.911286642000050,52.126935565000053,1,5211201705000570000
5,5,12,0,2021,2,12,6,2,5,2,0,1,1,0,0,0,0,354346.172998600639403,5709756.461795784533024,6.900596666000069,51.520122691000040,0,5210205701400120000
5,5,12,0,2021,5,18,6,3,5,3,0,1,1,0,0,0,0,355572.744301401078701,5718640.288528328761458,6.914613947000021,51.600264906000064,1,5210514701400870000
5,5,54,60,2021,12,7,6,3,5,3,2,0,1,0,0,0,0,352669.111999797634780,5756076.407999312505126,6.856841773000042,51.935878916000036,1,5211210705000240000
5,5,12,0,2021,9,11,3,3,3,2,0,0,1,0,0,0,1,356426.134518654085696,5709962.121571863070130,6.930471516000068,51.522503229000051,0,5210907701400380000
5,5,54,40,2021,11,16,6,3,5,3,2,1,1,0,0,0,0,353018.901999797672033,5734785.278999323025346,6.870972637000023,51.744671360000041,1,5211126705000390000
5,5,62,12,2021,12,16,5,3,2,6,2,0,1,0,0,0,0,359024.625951115973294,5727043.326090464368463,6.961036588000070,51.676647699000057,0,5211209701610350000
5,5,54,40,2021,3,10,7,3,2,6,0,0,1,0,0,0,0,352795.072112170048058,5735198.758132275193930,6.867557875000045,51.748327763000077,0,5210320705000060000
5,5,54,68,2021,9,12,6,3,3,6,0,0,1,0,0,0,0,352707.011285942047834,5772214.831580352038145,6.850453583000046,52.080886767000038,0,5210903705000090000
5,5,62,14,2021,11,15,5,3,2,6,0,0,1,0,0,0,0,358933.256475561298430,5714677.884292986243963,6.964695000000063,51.565510765000056,0,5211104701300060000
5,5,12,0,2021,7,15,2,3,3,6,0,0,1,0,0,0,0,355503.335945989005268,5713238.400123510509729,6.915834642000050,51.551707624000073,0,5210705701400860000
5,5,62,12,2021,9,12,7,3,4,7,0,0,1,0,0,0,0,360031.716495616361499,5724676.548497598618269,6.976540616000023,51.655632029000060,0,5210911701610180000
5,5,12,0,2021,9,17,4,2,5,3,0,0,1,0,0,0,0,355876.142098185606301,5718596.408075185492635,6.919009625000058,51.599948328000039,0,5210901701400420000
5,5,54,12,2021,9,7,4,3,2,6,0,0,1,0,0,0,0,352248.952443475835025,5752531.997177850455046,6.852255413000023,51.903921869000044,0,5210922705000980000
5,5,62,12,2021,12,15,7,3,2,2,0,0,1,0,0,0,0,357627.587020064704120,5735418.423020498827100,6.937423042000034,51.751550419000068,0,5211218701620190000
5,5,54,12,2021,12,20,5,3,9,1,2,0,1,0,0,0,0,347639.330886301584542,5746176.172670062631369,6.788106932000062,51.845576966000067,1,5211223705000130000
5,5,12,0,2021,5,16,6,3,2,6,0,0,1,0,1,0,0,356269.348638767376542,5710033.671547528356314,6.928183945000058,51.523106286000029,0,5210507701400010000
5,5,54,20,2021,5,15,2,3,5,2,0,0,1,0,0,0,0,362010.242806481197476,5786899.676803363487124,6.980163968000056,52.215229293000050,0,5210531705000920000
5,5,54,60,2021,5,20,4,2,0,7,1,0,0,0,1,0,0,349709.009999778121710,5755985.111999250948429,6.813855874000069,51.934267199000033,0,5210512705000090000
5,5,62,12,2021,5,14,2,3,8,7,0,0,1,0,0,0,0,358544.202697806991637,5725040.698737736791372,6.954903631000036,51.658531842000059,1,5210524701610190000
5,5,12,0,2021,3,17,7,3,1,6,0,0,1,0,0,0,0,356177.207241489551961,5710024.420967824757099,6.926860478000037,51.522999707000054,0,5210320701400890000
5,5,12,0,2021,12,16,2,3,2,6,0,0,1,0,0,0,0,355412.808426717296243,5716423.583705063909292,6.913219488000038,51.580305412000030,1,5211227701400480000
5,5,62,14,2021,2,14,1,3,8,1,0,0,0,0,1,0,0,356804.362383488565683,5714529.669065890833735,6.934061120000024,51.563642390000041,0,5210228701300800000
5,5,12,0,2021,9,10,4,2,5,2,0,0,0,0,1,0,1,355820.842340629547834,5712015.264530781656504,6.920912179000027,51.540798082000038,0,5210908701400480000
5,5,62,14,2021,2,17,6,3,2,6,1,0,1,0,0,0,0,360139.592240359634161,5712425.905300067737699,6.982983922000074,51.545574811000051,0,5210205701300180000
5,5,54,12,2021,9,11,7,2,5,3,0,0,1,0,0,0,1,351992.504999794065952,5754397.356999300420284,6.847729022000067,51.920613592000052,0,5210918705000790000
5,5,54,40,2021,9,18,5,3,5,3,0,1,1,0,0,0,0,350467.881999781355262,5738157.861999271437526,6.832598239000049,51.774298734000070,0,5210916705000120000
5,5,12,0,2021,1,14,5,3,2,6,0,0,1,0,0,0,1,354156.248297793790698,5712244.076430043205619,6.896830938000051,51.542426443000068,1,5210128702340380000
5,5,54,4,2021,5,15,4,3,8,1,0,0,1,0,0,0,0,359878.023046101443470,5778015.270906040444970,6.952644483000029,52.134865378000029,0,5210505705000960000
5,5,12,0,2021,9,15,5,3,5,2,0,1,1,0,0,0,0,356346.760032523423433,5710238.727453488856554,6.929215403000057,51.524968575000059,0,5210930701400870000
5,5,12,0,2021,7,11,6,3,5,2,0,1,1,0,0,0,0,356498.417999819852412,5709623.178999381139874,6.931650739000077,51.519475918000069,0,5210709701400870000
5,5,54,12,2021,9,16,7,3,0,7,0,1,0,0,0,0,0,352612.065125124529004,5746387.968865772709250,6.860152967000033,51.848814777000030,0,5210925705000780000
5,5,54,68,2021,7,5,2,2,5,3,1,1,1,0,0,0,0,352700.249993468634784,5766902.913681648671627,6.852645539000036,52.033159805000082,0,5210705705000470000
5,5,54,12,2021,7,13,5,3,1,5,0,0,0,0,0,1,0,347165.478501272387803,5740766.163110993802547,6.783620860000042,51.796841268000037,0,5210708705000390000
5,5,62,14,2021,9,18,5,3,5,3,0,0,1,0,0,0,1,359184.185520637780428,5715965.807400552555919,6.967796760000056,51.577146701000061,0,5210930701300780000
5,5,62,12,2021,2,14,3,3,2,7,0,0,1,0,0,0,0,359319.627698955126107,5725531.340906310826540,6.965909230000022,51.663135274000069,0,5210223701610800000
5,5,12,0,2021,11,7,3,3,0,1,0,0,0,0,1,0,0,356425.320375037379563,5711010.557842817157507,6.930032450000056,51.531924075000063,1,5211123701400670000
5,5,54,60,2021,12,7,3,3,5,3,1,0,1,0,0,0,1,349488.793999776244164,5756015.113999245688319,6.810641995000026,51.934477244000050,1,5211207705000590000
5,5,54,56,2021,5,13,3,3,8,1,0,0,0,0,1,0,0,360071.332999843172729,5764238.125999433919787,6.961115965000033,52.011124880000068,0,5210511705000890000
5,5,62,12,2021,11,7,5,3,5,2,0,1,1,0,0,0,0,359299.725724222138524,5725536.051299791783094,6.965619768000067,51.663172619000079,0,5211125701610840000
5,5,54,12,2021,11,14,2,3,0,3,0,1,1,0,0,0,0,347484.109661582857370,5744477.872732974588871,6.786603975000048,51.830276229000049,0,5211115705000190000
5,5,54,56,2021,11,7,4,3,1,6,2,0,1,0,0,0,0,356853.730999823659658,5762422.192999390885234,6.915024428000038,51.993988246000072,1,5211124705000790000
5,5,12,0,2021,3,7,5,3,9,1,0,0,1,0,0,1,0,353714.404113725759089,5712153.518837995827198,6.890501515000039,51.541498387000047,1,5210311702340550000
5,5,12,0,2021,10,16,4,3,5,2,0,1,1,0,0,0,0,357488.403231697157025,5719452.426819264888763,6.941924781000068,51.608050548000051,0,5211013701400660000
5,5,12,0,2021,4,11,3,2,5,3,0,0,1,0,0,0,0,358932.203695084899664,5718442.077126514166594,6.963167520000070,51.599335231000055,0,5210420701400500000
5,5,12,0,2021,3,17,4,2,6,2,0,0,1,1,0,0,0,353662.045395277440548,5711311.904465232044458,6.890096882000023,51.533922432000054,0,5210324701400580000
5,5,62,12,2021,5,8,2,3,5,3,0,0,1,0,0,0,0,358596.969135705381632,5727793.624698027968407,6.954551653000067,51.683282176000034,0,5210531701610090000
5,5,62,12,2021,3,16,3,3,5,3,0,1,1,0,0,0,0,356373.248999818228185,5727977.983999378979206,6.922331459000077,51.684374422000076,0,5210323701610380000
5,5,62,14,2021,6,22,6,3,9,1,2,0,1,0,0,0,0,357817.962793816812336,5713596.142155632376671,6.949052121000022,51.555510286000072,1,5210604702340380000
5,5,62,12,2021,12,18,7,3,5,2,2,0,1,0,0,0,0,359309.600999836809933,5724754.455999419093132,6.966077031000054,51.656151824000062,1,5211218701610580000
5,5,54,12,2021,5,15,5,3,1,1,0,1,0,0,0,0,1,352232.491969318129122,5745919.851379401981831,6.854846347000034,51.844508456000028,0,5210520705000690000
5,5,62,14,2021,9,13,1,3,2,6,0,0,1,0,0,0,0,357218.803083791397512,5717019.756288163363934,6.939024125000060,51.586122874000068,0,5210905702340240000
5,5,54,68,2021,12,21,4,3,2,6,2,0,1,0,0,1,0,350675.171430596150458,5766095.714778929948807,6.823498856000072,52.025366060000067,1,5211201705000090000
5,5,62,12,2021,6,12,4,3,2,6,0,0,1,0,0,0,0,356030.126699431799352,5726824.642817184329033,6.917847012000038,51.673923202000026,0,5210616702340580000
5,5,54,4,2021,4,16,5,2,2,1,0,0,1,0,0,0,0,358233.729816112667322,5769942.001584313809872,6.931994815000053,52.061908170000038,0,5210422705000130000
5,5,54,28,2021,1,12,2,3,8,1,0,0,1,0,0,0,0,355603.365281250327826,5743781.852019559592009,6.904638051000063,51.826180046000047,1,5210118705000520000
5,5,54,12,2021,4,8,1,3,5,3,0,1,1,0,0,0,0,347491.932999760843813,5744477.476999200880527,6.786717594000038,51.830274809000059,0,5210404705000720000
5,5,12,0,2021,6,12,3,3,5,3,0,1,1,0,0,0,0,352745.206727459095418,5715131.146793335676193,6.875288847000036,51.568001719000051,0,5210608701400580000
5,5,54,56,2021,5,13,3,3,5,5,0,0,1,0,0,0,0,356442.361544542945921,5760921.397562913596630,6.909665157000063,51.980397438000068,1,5210525705000080000
5,5,54,56,2021,9,15,6,2,8,7,0,0,1,0,0,0,0,354623.470128090120852,5766354.307773116976023,6.880894731000069,52.028738175000058,0,5210917705000780000
5,5,54,16,2021,11,7,3,3,5,2,1,0,1,0,0,0,0,361438.333065252751112,5757712.681728744879365,6.983656381000060,51.952834059000054,1,5211116705000790000
5,5,12,0,2021,12,17,4,3,2,2,2,0,1,0,0,0,0,355670.247999815270305,5718971.185999367386103,6.915884634000065,51.603263218000052,0,5211222701400170000
5,5,62,12,2021,2,9,4,3,9,1,0,0,1,0,0,0,0,359630.431900681927800,5737120.061556879431009,6.965731520000077,51.767346188000033,2,5210210702340880000
5,5,54,40,2021,4,2,6,3,0,1,0,0,1,0,0,0,0,351405.996751014143229,5737377.735478902235627,6.846519161000060,51.767539150000061,0,5210409705000680000
5,5,12,0,2021,10,16,6,3,2,6,0,0,1,0,0,0,0,355249.426146430894732,5712837.577624619007111,6.912339883000072,51.548040879000041,0,5211029702340080000
5,5,12,0,2021,6,16,3,3,1,5,0,1,1,0,0,0,0,354542.006324965506792,5709742.431668214499950,6.903423096000040,51.520047084000055,0,5210601701400080000
5,5,54,12,2021,12,5,5,3,5,3,2,1,1,0,0,0,0,354343.817999808117747,5746722.844999346882105,6.885135681000065,51.852278167000065,1,5211202705000080000
5,5,54,28,2021,12,17,3,3,9,1,2,0,1,0,0,0,0,358075.326999831013381,5744490.084999406710267,6.940193445000034,51.833177199000033,1,5211207705000040000
5,5,54,4,2021,12,10,5,3,9,1,0,0,1,0,0,0,0,357629.957049167715013,5782071.810722768306732,6.918120569000052,52.170737918000043,2,5211209705000290000
5,5,12,0,2021,12,14,2,3,6,7,0,0,0,1,0,0,1,359222.160024317912757,5711468.176195183768868,6.970145027000058,51.536740530000031,0,5211220701400650000
5,5,12,0,2021,5,18,6,3,9,6,0,0,1,0,0,0,0,357752.055996252223849,5708292.872237375006080,6.950244259000044,51.507838945000060,0,5210507052200740000
5,5,62,12,2021,10,11,2,2,0,1,0,1,0,0,0,0,0,359479.142981879413128,5726332.470025090500712,6.967891910000048,51.670373979000033,1,5211011701610280000
5,5,12,0,2021,12,15,2,3,5,2,0,1,1,0,0,0,0,355713.480999814346433,5709820.088999366387725,6.920264479000025,51.521045352000044,0,5211213701400540000
5,5,12,0,2021,11,14,6,3,4,6,0,1,0,0,0,0,0,354950.085257477127016,5709524.389145135879517,6.909390518000066,51.518192756000076,0,5211119701400780000
5,5,54,16,2021,2,14,1,1,5,3,0,0,1,0,1,0,0,361431.921999851241708,5757711.086999451741576,6.983563792000041,51.952818132000061,0,5210228705000730000
5,5,54,60,2021,4,15,5,3,5,3,0,0,1,0,0,1,0,351718.347982038743794,5756637.385336231440306,6.842780146000052,51.940666615000055,0,5210401705000780000
5,5,54,56,2021,3,20,6,3,5,3,1,1,1,0,0,0,0,358840.986249646171927,5761418.344233334064484,6.944362421000051,51.985477133000074,0,5210319705000790000
5,5,62,12,2021,6,16,6,3,8,1,0,0,0,0,1,0,0,359490.696506526321173,5735796.394310547038913,6.964243023000051,51.755417136000062,0,5210625701610040000
5,5,12,0,2021,11,6,3,3,3,6,2,0,1,0,0,0,0,355460.040081581100821,5712996.994306607171893,6.915309794000052,51.549527336000040,0,5211116702340570000
5,5,62,12,2021,12,17,3,3,0,2,1,1,1,0,0,0,0,359443.070527241565287,5725385.081938415765762,6.967751694000071,51.661851906000038,1,5211214701610980000
5,5,12,0,2021,10,10,6,2,6,2,0,0,1,1,0,0,0,356676.131285986863077,5708696.051393536850810,6.934587379000050,51.511190002000035,1,5211015701400680000
5,5,54,28,2021,12,13,2,3,4,7,0,0,1,0,0,0,0,358076.387141453102231,5743031.736214008182287,6.940806669000040,51.820073605000061,0,5211220705000180000
5,5,62,14,2021,3,14,4,3,2,6,0,0,1,0,0,0,1,360149.507025741972029,5713369.758635029196739,6.982751590000021,51.554058805000068,0,5210331701300310000
5,5,54,56,2021,6,18,3,1,5,3,0,1,1,0,0,0,0,358677.236406103707850,5761576.410652706399560,6.941914339000050,51.986855756000068,0,5210601705000820000
5,5,54,68,2021,10,15,3,3,8,1,0,0,1,0,0,0,0,353133.707654813304543,5768268.562731200829148,6.858373214000039,52.045544587000052,0,5211005705000090000
5,5,12,0,2021,6,7,2,3,5,3,0,1,1,0,0,0,0,357614.118999827653170,5709771.531999394297600,6.947660726000038,51.521091345000059,0,5210607701400480000
5,5,54,68,2021,3,17,4,3,5,3,0,1,1,0,0,0,0,349450.189647221937776,5766841.274314792826772,6.805330061000063,52.031733329000076,0,5210331705000970000
5,5,54,4,2021,11,13,4,3,3,3,0,1,1,0,0,0,0,360663.549860402010381,5773333.736274903640151,6.966030117000059,52.092999914000075,1,5211117705000080000
5,5,54,4,2021,3,14,4,3,5,3,0,1,1,0,0,0,0,361517.438305471092463,5770423.405999973416328,6.979667826000025,52.067064233000053,0,5210324705000250000
5,5,12,0,2021,9,10,6,3,2,6,0,0,1,0,0,0,0,358486.282831775955856,5711166.374166650697589,6.959663047000049,51.533844556000076,0,5210910701400280000
5,5,12,0,2021,12,16,2,3,5,2,1,0,1,0,0,0,0,355185.550999812781811,5715759.629999360069633,6.910215652000034,51.574281033000034,1,5211227701400570000
5,5,54,60,2021,12,21,5,3,9,1,2,0,1,0,0,0,0,352527.852607250213623,5755756.241358710452914,6.854925727000023,51.932964886000036,2,5211202705000880000
5,5,54,12,2021,1,14,2,2,4,2,0,0,1,0,0,0,0,352848.160033665597439,5745877.252930592745543,6.863795458000027,51.844288305000077,1,5210118705000390000
5,5,12,0,2021,7,13,2,3,2,6,0,0,1,0,0,0,0,355470.858138808980584,5713499.153888426721096,6.915259381000055,51.554042358000061,0,5210712701400040000
5,5,54,12,2021,10,12,2,3,5,3,0,0,1,0,1,0,0,352493.902552466839552,5745439.849028866738081,6.858843105000062,51.840264795000053,0,5211004705000060000
5,5,54,56,2021,11,16,6,2,9,1,1,0,1,0,0,0,0,355556.730618734844029,5766005.674049882218242,6.894635758000049,52.025849563000065,1,5211126705000790000
5,5,62,12,2021,6,13,6,3,5,3,0,0,1,0,1,0,0,360400.068991140462458,5726913.769923923537135,6.980968391000033,51.675827046000052,0,5210611701610440000
5,5,54,56,2021,6,7,3,3,8,1,0,0,1,0,0,0,0,360605.469420927576721,5761467.231026064604521,6.970020414000032,51.986361933000069,0,5210601705000090000
5,5,62,14,2021,1,11,7,1,9,7,0,0,1,0,0,0,0,357001.544946770183742,5716994.127383723855019,6.935900741000069,51.585837490000074,0,5210116701300930000
5,5,62,12,2021,1,23,7,2,2,6,2,0,1,0,0,0,0,359655.903693466447294,5737743.711814779788256,6.965848418000064,51.772956471000043,0,5210130702340580000
5,5,62,12,2021,10,12,2,3,1,5,0,0,1,0,0,0,0,358628.296823360025883,5726897.773607606068254,6.955367225000032,51.675240196000061,0,5211011701610970000
5,5,54,68,2021,11,8,2,3,8,1,0,0,1,0,0,0,0,350817.884974231943488,5771590.024430830031633,6.823178874000064,52.074767500000064,2,5211122705000690000
5,5,54,28,2021,11,11,3,3,5,3,0,0,1,0,1,0,0,357653.437999827787280,5744455.734999395906925,6.934088828000029,51.832761199000061,0,5211109705000870000
5,5,62,14,2021,10,7,3,3,2,6,1,0,1,0,0,1,0,358661.874944745562971,5713296.359299551695585,6.961337545000049,51.553028517000030,1,5211012702340080000
5,5,54,40,2021,10,15,1,2,5,3,0,0,1,0,1,0,0,351801.020813149400055,5738107.575402898713946,6.851928242000042,51.774201450000078,0,5211024705000280000
5,5,54,12,2021,10,8,2,3,9,1,0,0,1,0,0,0,0,350677.149114998057485,5753489.372950598597527,6.829010039000025,51.912104530000079,1,5211004705000820000
5,5,12,0,2021,10,0,7,3,2,2,2,0,1,0,0,0,0,356497.641890030354261,5709626.745987186208367,6.931638108000072,51.519507773000043,0,5211009701400740000
5,5,62,12,2021,5,16,1,3,2,6,0,0,1,0,1,0,0,359547.211999839171767,5725186.770999424159527,6.969336095000074,51.660095954000042,0,5210530701610280000
5,5,62,14,2021,5,15,1,3,2,2,0,0,1,0,0,0,0,358935.144390570931137,5714679.079321244731545,6.964721740000073,51.565521975000081,0,5210509701300140000
5,5,54,12,2021,1,20,2,3,1,6,2,0,1,0,0,0,0,354311.460997319780290,5745252.017488511279225,6.885285855000063,51.839054243000078,1,5210118705000090000
5,5,54,20,2021,3,0,3,3,0,7,2,0,1,0,1,0,0,362095.287273222580552,5786240.898189369589090,6.981676355000047,52.209331426000062,1,5210316705000790000
5,5,62,12,2021,6,16,3,3,5,3,0,1,1,0,0,0,0,359674.676276700571179,5725187.345442526042461,6.971177496000053,51.660132955000051,0,5210629701610100000
5,5,12,0,2021,10,8,2,3,5,3,0,0,1,0,1,0,0,355594.445082912221551,5718819.018406642600894,6.914853477000065,51.601876468000057,1,5211011701400980000
5,5,54,60,2021,12,5,4,3,4,2,2,1,0,0,1,0,0,349371.950999775901437,5756047.554999243468046,6.808929519000060,51.934737100000063,1,5211215705000010000
5,5,12,0,2021,10,13,5,3,5,2,0,0,1,0,0,0,0,358365.960245279595256,5720863.246446931734681,6.954019117000030,51.620949330000030,0,5211007701400470000
5,5,54,12,2021,6,8,3,3,2,6,0,0,1,0,1,0,0,348933.249413612298667,5750083.182842584326863,6.805167978000043,51.881031359000076,0,5210622705000190000
5,5,62,14,2021,12,18,4,3,2,6,2,0,0,0,1,0,0,359564.921226777136326,5715900.895111680030823,6.973313649000033,51.576658382000062,0,5211208701300980000
5,5,54,56,2021,10,16,7,3,2,6,0,0,1,0,0,0,0,358921.718970041722059,5761367.059801043942571,6.945558372000050,51.985036840000078,1,5211002705000290000
5,5,54,40,2021,12,20,5,2,9,1,2,0,1,0,0,0,0,354600.458852964453399,5735761.103211017325521,6.893456770000057,51.753852010000060,2,5211202705000090000
5,5,54,12,2021,11,18,3,3,2,6,2,0,1,0,0,0,0,352497.724781975150108,5745521.590526353567839,6.858863690000021,51.841000245000032,1,5211102705000090000