ULAND,UREGBEZ,UKREIS,UGEMEINDE,UJAHR,UMONAT,USTUNDE,UWOCHENTAG,UKATEGORIE,UART,UTYP1,ULICHTVERH,IstRad,IstPKW,IstFuss,IstKrad,IstGkfz,IstSonstige,LINREFX,LINREFY,XGCSWGS84,YGCSWGS84,STRZUSTAND,UIDENTSTLAE
5,5,12,0,2021,9,10,1,3,2,6,0,0,1,0,0,0,0,357422.981343540363014,5718807.416478838771582,6.941242904000035,51.602238082000042,0,5210905702340670000
5,5,54,40,2021,1,10,3,2,5,3,0,1,1,0,0,0,0,350474.034999780356884,5738149.242999270558357,6.832691066000052,51.774222938000037,1,5210126705000310000
5,5,54,56,2021,11,17,3,3,2,6,2,0,1,0,1,0,0,356010.281266360543668,5761349.260631615296006,6.903198636000070,51.984129972000062,1,5211109705000570000
5,5,54,12,2021,5,20,6,3,5,3,0,0,1,0,0,0,0,352445.147784161381423,5745264.338155332952738,6.858210788000065,51.838674964000063,0,5210514705000590000
5,5,54,16,2021,11,23,7,3,8,1,2,0,1,0,0,0,0,360989.149846708402038,5759403.459437662735581,6.976440076000074,51.967914305000079,1,5211120705000660000
5,5,12,0,2021,11,5,3,3,6,2,2,0,1,1,0,0,0,355761.563533488661051,5709734.738133400678635,6.920991983000022,51.520290689000035,1,5211130701400380000
5,5,54,68,2021,3,10,4,2,0,1,0,0,0,0,0,0,1,349231.712697475217283,5765522.731413196772337,6.802728596000065,52.019827799000041,0,5210331705000720000
5,5,12,0,2021,6,17,7,3,1,2,0,0,1,0,0,0,0,357170.751520000398159,5707570.520837627351284,6.942166129000043,51.501201331000061,0,5210612701400080000
5,5,12,0,2021,1,11,5,2,9,7,0,0,1,0,0,0,0,356704.142865372821689,5712047.774913262575865,6.933627345000048,51.541315153000028,0,5210114701400180000
5,5,54,12,2021,4,9,3,3,2,6,0,0,1,0,0,1,0,352803.690689783543348,5746453.318774690851569,6.862905165000029,51.849452498000062,0,5210413705000110000
5,5,54,28,2021,2,7,1,3,4,6,2,0,1,0,0,0,1,358538.356328244321048,5743026.777755878865719,6.947506833000034,51.820146181000041,2,5210207705000120000
5,5,62,12,2021,12,7,5,3,5,2,2,1,1,0,0,0,0,359667.836656569503248,5725189.425840055570006,6.971077840000021,51.660149941000043,0,5211216701610110000
5,5,54,68,2021,1,18,1,3,5,3,2,0,1,0,0,0,0,350113.827334222383797,5765966.404959194362164,6.815379973000063,52.024052914000038,0,5210131705000030000
5,5,54,28,2021,6,15,6,3,5,2,0,1,1,0,0,0,0,356870.391999823972583,5742740.348999384790659,6.923441447000073,51.817147823000028,0,5210625705000510000
5,5,62,14,2021,2,19,1,2,0,1,2,1,0,0,0,0,0,359141.016028152778745,5715253.174702316522598,6.967459918000031,51.570732234000047,0,5210221701300320000
5,5,54,12,2021,3,6,6,3,9,1,0,0,1,0,0,0,0,350979.088286635465920,5745637.628673903644085,6.836786114000063,51.841639637000071,2,5210319705000310000
5,5,12,0,2021,4,10,3,3,2,6,0,0,1,0,0,0,0,357422.770022895187140,5713462.717451123520732,6.943409582000072,51.554211612000074,0,5210413701400280000
5,5,54,68,2021,12,15,6,2,8,1,0,0,0,0,1,0,0,349284.743181105703115,5765580.955062424764037,6.803475205000041,52.020365305000041,1,5211217705000090000
5,5,62,12,2021,2,7,3,2,6,2,1,0,1,1,0,0,0,360141.250492344610393,5726302.482522822916508,6.977472379000062,51.670269726000072,1,5210202701610230000
5,5,54,60,2021,9,9,5,3,6,7,0,0,1,1,0,0,0,352451.908999796956778,5755704.109999310225248,6.853844272000060,51.932476372000053,0,5210909705000080000
5,5,54,12,2021,6,16,1,2,9,1,0,0,1,0,0,0,0,354940.440570011734962,5739642.260767128318548,6.896757814000068,51.788813329000050,0,5210620705000790000
5,5,54,60,2021,11,17,3,3,1,6,2,0,1,0,1,0,0,351845.549999792128801,5755196.264999298378825,6.845249860000024,51.927752472000066,0,5211109705000590000
5,5,12,0,2021,11,17,5,3,0,4,2,0,0,1,0,0,1,355814.778225843794644,5709864.937191780656576,6.921705185000064,51.521474215000069,0,5211111701300280000
5,5,12,0,2021,10,18,5,3,5,3,0,0,1,0,0,1,0,356870.413903612643480,5713753.975456785410643,6.935329194000076,51.556688936000057,0,5211007702340420000
5,5,12,0,2021,4,12,6,3,5,2,0,0,1,0,0,0,0,355014.956999811343849,5709459.891999356448650,6.910351381000055,51.517629857000031,0,5210409701400740000
5,5,62,12,2021,7,23,7,3,0,1,2,1,0,0,0,0,0,358280.696328125894070,5726868.227881377562881,6.950355394000042,51.674887120000051,0,5210710701610280000
5,5,62,12,2021,10,10,6,3,2,6,0,0,0,0,0,1,1,356836.110448982566595,5724308.572972659021616,6.930525912000064,51.651520776000041,1,5211015702340980000
5,5,54,4,2021,6,8,4,3,5,3,0,1,1,0,0,0,0,357636.973850971087813,5776453.907270800322294,6.920576549000032,52.120263976000047,0,5210609705000520000
5,5,54,12,2021,9,10,3,3,5,3,0,1,1,0,0,0,0,354657.755999810993671,5746484.843999352306128,6.889790643000026,51.850221538000028,0,5210921705000770000
5,5,54,12,2021,1,6,6,3,5,3,2,0,1,0,1,0,0,352541.676361169666052,5751463.625521842390299,6.856964272000027,51.894400292000057,1,5210108705000090000
5,5,62,12,2021,3,11,4,2,5,2,0,0,1,0,0,0,0,358764.081169534474611,5727511.107278149574995,6.957081630000062,51.680785605000040,1,5210317701610250000
5,5,54,20,2021,11,6,2,3,5,3,2,0,1,0,0,0,0,361593.116999851539731,5784375.296999454498291,6.975094023000054,52.192443060000073,0,5211115705000020000
5,5,54,12,2021,10,22,3,2,0,1,2,1,0,0,0,0,0,352964.406927807256579,5747032.881507864221931,6.864990292000073,51.854702186000054,1,5211019705000590000
5,5,12,0,2021,6,15,3,2,6,4,0,0,1,1,0,0,0,356074.395604115910828,5709585.549809500575066,6.925558795000029,51.519029910000029,0,5210629701400480000
5,5,54,12,2021,4,11,6,3,2,1,0,0,1,0,0,0,0,352778.820387786254287,5744346.952815534546971,6.863440770000068,51.830520358000058,0,5210416705000910000
5,5,12,0,2021,5,15,6,3,2,6,0,0,1,0,0,0,0,356667.228527202270925,5708905.649959905073047,6.934373960000073,51.513071168000067,0,5210514701400840000
5,5,12,0,2021,12,18,6,3,5,2,2,1,1,0,0,0,0,359774.964635761454701,5711393.172930229455233,6.978140359000065,51.536204132000080,1,5211217701400470000
5,5,12,0,2021,4,14,7,3,2,6,0,0,1,0,0,0,0,357143.115994958207011,5710688.260246850550175,6.940504691000058,51.529210022000029,0,5210403701400770000
5,5,62,12,2021,10,13,4,3,5,3,0,1,1,0,0,0,0,359290.789999837055802,5725822.232999417930841,6.965375425000047,51.665741953000065,1,5211013701610180000
5,5,12,0,2021,11,11,3,3,5,2,0,1,1,0,0,0,0,356962.714564641937613,5712691.075125094503164,6.937091948000045,51.547161324000058,0,5211109701400780000
5,5,12,0,2021,5,7,5,3,6,4,0,0,1,1,0,0,0,355330.270945367403328,5709668.531229048967361,6.914807068000073,51.519585473000063,0,5210513701400710000
5,5,62,12,2021,2,12,1,3,8,1,0,0,1,0,0,0,0,356970.226368473842740,5723518.469740493223071,6.932786302000068,51.644455327000060,2,5210207702340580000
5,5,12,0,2021,5,12,7,3,1,6,0,0,1,0,0,0,0,358246.409280098974705,5709786.796744395047426,6.956762121000054,51.521387551000032,1,5210515701400450000
5,5,54,4,2021,5,16,3,3,5,3,0,1,1,0,0,0,0,361159.407999850809574,5771183.946999449282885,6.974138657000026,52.073808243000030,1,5210525705000180000
5,5,12,0,2021,1,13,6,3,6,4,0,0,1,1,0,0,0,359814.827506490051746,5711383.570538794621825,6.978718567000044,51.536127745000044,1,5210115701400800000
5,5,12,0,2021,1,15,4,3,1,5,0,1,1,0,0,0,0,356735.440515073016286,5712145.143545666709542,6.934038717000021,51.542198034000080,0,5210120701400850000
5,5,62,12,2021,6,8,6,2,5,2,0,1,0,0,0,1,0,359051.899976160377264,5726982.777886262163520,6.961455228000034,51.676110472000062,0,5210625701610640000
5,5,54,64,2021,6,21,5,3,8,1,0,0,0,0,1,0,0,355276.143591883592308,5748427.924534963443875,6.897948610000071,51.867841010000063,0,5210617705000790000
5,5,54,12,2021,6,12,3,3,5,3,0,1,1,0,0,0,1,351778.244999792426825,5746277.711999295279384,6.848103631000072,51.847603382000045,0,5210608705000590000
5,5,12,0,2021,9,16,2,3,5,2,0,0,1,0,0,0,0,355670.075855576433241,5718969.916251679882407,6.915882672000066,51.603251764000049,1,5210927701400320000
5,5,62,14,2021,1,16,7,3,2,2,0,0,1,0,0,0,0,359768.159456386230886,5716233.167254030704498,6.976112037000064,51.579694772000039,1,5210123701300390000
5,5,62,14,2021,4,14,3,3,9,1,0,0,1,0,0,0,0,360087.970158066600561,5712993.829221988096833,6.982014092000043,51.550665421000076,0,5210413701300780000
5,5,62,20,2021,3,8,5,3,5,3,0,1,1,0,0,0,0,371592.094080497510731,5717932.784799069166183,7.146037913000043,51.597786882000037,1,5210304701200660000
5,5,62,24,2021,3,17,3,2,0,7,0,0,0,0,0,0,1,370873.368224384263158,5725504.200340466573834,7.132874397000023,51.665665024000077,0,5210302701500290000
5,5,13,0,2021,9,16,6,3,2,6,0,0,1,0,0,0,0,366034.084277491085231,5709812.199023734778166,7.068933518000051,51.523516686000050,0,5210903700100780000
5,5,62,14,2021,10,5,2,2,3,6,2,0,1,0,0,1,0,361872.805085485801101,5715320.886951973661780,7.006826020000062,51.572016566000059,0,5211025702340030000
5,5,13,0,2021,6,20,7,2,5,3,1,0,1,0,0,0,0,368729.020646472461522,5711968.385754827409983,7.106953081000029,51.543526657000029,0,5210605700100270000
5,5,62,20,2021,3,22,4,3,5,3,2,0,1,0,1,0,0,371555.667999895289540,5719704.393999537453055,7.144863327000053,51.613699761000078,0,5210331701200350000
5,5,54,56,2021,10,19,4,3,9,1,2,0,1,0,0,0,0,365202.963540522381663,5763558.900359705090523,7.036107226000070,52.006291615000066,0,5211013705000420000
5,5,62,24,2021,6,11,7,3,5,3,0,1,1,0,0,0,0,365200.921267889440060,5721346.234640741720796,7.052505006000047,51.626968189000081,0,5210626701500290000
5,5,54,24,2021,10,7,5,3,2,6,1,0,1,0,0,0,0,372515.700786301866174,5775806.191826388239861,7.138013583000031,52.118074850000028,1,5211007705000320000
5,5,54,20,2021,11,16,3,3,2,6,2,0,1,0,0,0,0,367970.322544133290648,5785388.426729317754507,7.067939479000074,52.203110354000046,1,5211123705000020000
5,5,62,16,2021,3,10,7,3,8,7,0,0,0,0,0,0,1,374093.754018216393888,5736840.015180218964815,7.175317626000037,51.768268993000049,2,5210327702330080000
5,5,54,4,2021,4,13,4,3,2,1,0,0,1,0,0,0,0,364979.432071646675467,5772899.884197853505611,7.029162248000034,52.090171365000060,0,5210421705000030000
5,5,13,0,2021,1,10,7,3,0,1,0,0,0,0,1,0,0,362089.779143362306058,5719339.680232193320990,7.008375756000021,51.608183185000030,0,5210130700000570000
5,5,62,32,2021,11,14,5,3,0,6,0,0,1,0,0,0,0,373110.974395977333188,5720425.531762396916747,7.167053213000031,51.620533299000044,0,5211118702340080000
5,5,62,14,2021,11,19,7,2,5,2,2,0,1,0,0,0,1,361206.894733046181500,5715233.899079347029328,6.997257607000051,51.571071347000043,1,5211113701300640000
5,5,62,14,2021,6,18,4,3,2,6,0,0,1,0,0,0,0,361619.727143244817853,5716447.447405096143484,7.002732645000037,51.582077940000033,0,5210602701300060000
5,5,13,0,2021,6,13,2,3,4,2,0,0,1,0,0,0,1,368764.153999883681536,5716205.039999516680837,7.105877733000057,51.581608443000050,0,5210614700000180000
5,5,58,12,2021,11,16,3,2,3,2,1,1,0,0,0,1,0,372808.847999901510775,5756734.339999560266733,7.149384220000059,51.946758950000060,1,5211123706000190000
5,5,62,14,2021,9,18,6,3,6,4,0,0,1,1,0,0,0,360982.585621991194785,5715781.032917128875852,6.993806518000042,51.575932685000055,0,5210903701300700000
5,5,13,0,2021,9,12,2,3,6,4,0,0,1,1,0,0,0,365029.672797827050090,5718792.357210341840982,7.051016037000068,51.603977127000064,0,5210920700000480000
5,5,13,0,2021,3,14,7,3,9,3,0,0,1,0,0,0,0,363856.067495098337531,5708871.463745359331369,7.037921332000053,51.514542017000053,0,5210320702340080000
5,5,62,24,2021,10,9,6,2,5,3,0,1,1,0,0,0,0,370220.797999890521169,5725386.109999531880021,7.123487758000067,51.664453450000053,0,5211015701500850000
5,5,62,12,2021,12,6,2,3,5,3,2,0,1,0,1,0,0,361617.116999850608408,5732121.002999452874064,6.996492724000063,51.722919992000072,0,5211206701610580000
5,5,13,0,2021,2,7,5,3,4,7,1,0,1,0,0,0,1,369380.055244117975235,5713624.144770406186581,7.115721267000026,51.558557659000030,0,5210204700200840000
5,5,54,28,2021,3,16,7,3,8,1,0,0,1,0,0,0,0,362522.484577057883143,5744976.560383491218090,7.004500507000046,51.838660804000028,1,5210313702340180000
5,5,13,0,2021,5,9,5,3,0,1,0,1,0,0,0,0,0,366928.135999875143170,5714890.596999501809478,7.079892428000051,51.569365620000042,0,5210513700200270000
5,5,13,0,2021,9,13,4,3,2,6,0,0,1,0,0,0,0,368675.223334470763803,5707394.089678365737200,7.107882747000076,51.502405946000067,1,5210915700100300000
5,5,62,20,2021,4,16,2,3,2,2,0,0,1,0,0,0,1,368049.909915735945106,5718217.601767638698220,7.094818514000053,51.599527796000075,0,5210412701200170000
5,5,54,36,2021,3,14,5,2,2,6,0,0,1,0,0,1,0,367728.564564994536340,5770388.644024172797799,7.070238955000036,52.068269883000028,0,5210318702340980000
5,5,13,0,2021,2,14,5,3,1,5,0,0,1,0,0,0,0,362967.544606107287109,5711325.917638495564461,7.024169526000037,51.536383759000046,0,5210218700000520000
5,5,13,0,2021,10,21,6,3,5,2,2,0,1,0,0,0,0,366553.282999873161316,5714543.768999498337507,7.074618622000060,51.566160244000059,0,5211001700200970000
5,5,13,0,2021,10,15,4,3,2,6,0,0,1,0,0,0,0,366074.520350353792310,5711756.497809026390314,7.068776573000036,51.540998849000061,0,5211013700200090000
5,5,13,0,2021,10,13,3,2,0,7,0,1,0,0,0,0,0,367171.949862887151539,5714965.383436746895313,7.083380051000063,51.570095183000035,1,5211026700000550000
5,5,58,12,2021,3,16,3,3,4,7,0,1,1,0,0,0,0,373769.522835475392640,5756183.151619313284755,7.163556494000034,51.942024556000035,0,5210316706200070000
5,5,54,16,2021,5,6,6,2,9,1,1,0,0,0,0,1,0,364977.939794657751918,5754751.753936685621738,7.036293907000072,51.927098420000050,1,5210514702340640000
5,5,13,0,2021,3,16,3,3,5,3,0,0,1,0,0,0,0,367307.650595710612833,5707049.847388580441475,7.088320082000052,51.498992926000028,0,5210302700100510000
5,5,62,14,2021,5,10,3,3,0,1,0,0,0,0,0,1,0,360267.210086587816477,5713566.465096242725849,6.984370089000038,51.555855588000043,1,5210518702340070000
5,5,13,0,2021,4,16,2,3,5,3,0,1,1,0,0,0,0,364492.649446310475469,5713422.891395162791014,7.045338137000044,51.555596200000082,0,5210419700000190000
5,5,13,0,2021,1,16,7,2,6,4,0,0,0,1,0,0,1,369228.083657922223210,5710735.120799429714680,7.114603971000065,51.532559418000062,0,5210130700100540000
5,5,54,36,2021,3,12,7,3,2,6,0,0,1,0,0,0,0,367060.228459495119750,5766859.386751253157854,7.061867513000038,52.036396941000078,2,5210313702340060000
5,5,62,24,2021,6,5,1,3,0,7,1,1,0,0,0,0,0,373446.340253195725381,5725656.121852533891797,7.170002987000032,51.667615704000070,1,5210620701500180000
5,5,54,16,2021,1,22,5,3,7,7,2,0,1,0,0,0,0,365219.930711063556373,5754013.799586076289415,7.040100025000072,51.920525942000040,1,5210121705000870000
5,5,62,20,2021,1,14,6,3,5,3,0,0,1,0,0,0,0,371433.102999895811081,5715645.529999537393451,7.144581447000064,51.577195349000078,0,5210129701200670000
5,5,58,12,2021,9,14,5,3,1,7,0,0,1,0,0,0,0,372808.847999901510775,5756734.339999560266733,7.149384220000059,51.946758950000060,0,5210930706000590000
5,5,62,24,2021,11,7,2,2,5,3,2,1,1,0,0,0,0,368605.197073785588145,5724423.300048721954226,7.100503019000030,51.655425685000068,2,5211129701500180000
5,5,62,20,2021,5,12,6,3,3,2,0,1,0,0,0,0,0,371109.291163831017911,5717662.540188049897552,7.139170407000051,51.595247969000070,0,5210528701200080000
5,5,54,4,2021,11,7,7,3,5,3,2,0,1,0,0,0,0,362751.159999857656658,5771137.374999469146132,6.997367640000050,52.073786556000073,0,5211120705000890000
5,5,62,20,2021,9,12,6,3,5,3,0,0,1,0,0,0,0,370093.604816890321672,5719088.481841446831822,7.123986946000059,51.607829242000037,0,5210924701200080000
5,5,66,68,2021,12,9,2,3,2,6,0,0,1,0,0,0,0,371390.263629610650241,5784519.766406506299973,7.118285455000034,52.196113290000028,1,5211220702340550000
5,5,62,20,2021,9,5,3,3,2,2,2,0,1,0,0,0,0,368046.615534577518702,5718211.528907664120197,7.094773261000057,51.599472449000075,0,5210907701200750000
5,5,58,40,2021,12,16,3,3,9,1,0,0,1,0,0,0,0,372819.683081764727831,5760331.871693968772888,7.148209634000068,51.979089994000049,1,5211221706000780000
5,5,54,20,2021,5,17,7,3,5,3,0,0,1,0,0,0,1,365559.959285991266370,5786716.610262949019670,7.032162295000035,52.214461939000046,0,5210515705000390000
5,5,13,0,2021,11,7,2,3,6,2,2,0,1,1,0,0,0,365020.800999865867198,5717430.092999486252666,7.051412162000076,51.591733189000081,1,5211129700000490000
5,5,62,32,2021,11,16,6,3,5,2,0,1,1,0,0,0,0,373508.127999904565513,5719086.020999552682042,7.173270528000046,51.608584548000067,0,5211105701110160000
5,5,62,24,2021,10,6,6,3,5,3,2,1,1,0,0,0,0,370222.096967385150492,5725387.028236109763384,7.123506188000022,51.664462002000050,1,5211022701500260000
5,5,13,0,2021,1,5,2,3,0,1,2,1,0,0,0,0,0,365418.833999869413674,5715373.212999485433102,7.057943079000040,51.573344403000078,1,5210104700000470000
5,5,13,0,2021,11,17,5,3,2,6,2,0,1,0,0,0,0,367419.741934661753476,5708581.112382857128978,7.089358351000044,51.512780271000054,1,5211125700000590000
5,5,58,40,2021,12,10,5,3,5,3,0,1,1,0,0,0,0,372669.550999901257455,5760509.877999560907483,7.145958836000034,51.980655226000067,1,5211230706200750000
5,5,54,24,2021,12,11,1,3,9,1,0,0,1,0,0,0,0,366258.843999873846769,5774165.856999509036541,7.047328694000043,52.101857514000073,1,5211219705000180000
5,5,62,14,2021,9,12,6,3,1,3,0,1,1,0,0,0,0,361699.306757159531116,5714093.013017561286688,7.004807265000068,51.560940153000047,0,5210917701300270000
5,5,62,20,2021,11,14,2,3,6,4,0,0,1,1,0,0,0,372330.614504459314048,5716064.535264424979687,7.157374360000063,51.581164921000038,0,5211122701200980000
5,5,13,0,2021,4,14,1,2,9,7,0,0,1,0,0,0,0,363842.320894511416554,5717537.311709702014923,7.034368509000046,51.592413119000071,0,5210418702340050000
5,5,62,20,2021,9,18,3,3,0,7,0,0,1,0,0,0,0,370989.678152186796069,5718136.023802358657122,7.137270382000054,51.599475702000063,0,5210907701200380000
5,5,13,0,2021,10,7,5,3,5,2,1,0,1,0,0,0,0,365984.226874271407723,5716463.378392510116100,7.065680900000075,51.583275837000031,0,5211028700000620000
5,5,62,16,2021,1,17,3,2,5,2,1,1,1,0,0,0,0,370312.802999891340733,5731387.037999534979463,7.122586819000048,51.718402674000060,1,5210112701700140000
5,5,62,14,2021,10,22,7,3,5,3,2,0,1,0,0,0,0,361493.951999847777188,5713404.220999445766211,7.002117975000033,51.554700162000074,0,5211030701300320000
5,5,62,24,2021,9,22,3,3,5,3,2,0,1,0,0,0,0,367579.353030907921493,5724576.318959990516305,7.085623926000039,51.656560060000061,0,5210914701500650000
5,5,62,24,2021,6,7,4,3,5,2,0,0,1,0,0,0,0,372184.435800981707871,5725504.859903745353222,7.151821050000024,51.665970704000074,0,5210602701500950000
5,5,13,0,2021,12,13,6,3,2,6,0,0,1,0,0,0,0,368470.366548674181104,5707836.553866609930992,7.104767918000050,51.506334646000028,0,5211210700000870000
5,5,62,14,2021,12,7,4,2,5,2,2,0,1,1,0,0,0,360519.827463779598475,5716175.372317753732204,6.986976170000048,51.579361932000040,1,5211201701300280000
5,5,54,16,2021,10,15,7,3,8,1,0,0,1,0,0,0,0,366096.014305663295090,5762036.486680723726749,7.049704937000058,51.992827729000055,0,5211016702340070000
5,5,13,0,2021,7,17,3,3,2,6,0,0,1,0,0,0,0,363000.758081945590675,5711343.675593415275216,7.024641204000034,51.536551400000064,0,5210706700000080000
5,5,13,0,2021,10,20,4,3,3,6,1,0,1,0,0,0,0,368572.690786593593657,5707590.114066360518336,7.106333293000034,51.504143746000068,1,5211020700100470000
5,5,62,20,2021,3,9,6,3,5,2,0,0,0,0,1,0,1,371511.066114814952016,5717394.394459689036012,7.145065854000052,51.592929964000064,0,5210326701200880000
5,5,13,0,2021,12,8,3,3,2,6,0,1,1,0,0,0,0,369039.199012928642333,5708152.484901435673237,7.112842195000042,51.509305975000075,1,5211207700000270000
5,5,54,20,2021,4,15,2,3,0,6,0,0,1,0,0,0,0,365807.530814846977592,5787097.247897755354643,7.035632832000033,52.217942446000052,0,5210419705000520000
5,5,62,32,2021,1,21,6,3,0,1,2,0,0,0,1,0,0,373217.584675091318786,5720081.635968690738082,7.168716819000053,51.617466751000052,2,5210108701110510000
5,5,13,0,2021,10,14,7,3,2,6,0,0,1,0,0,0,0,368512.910999884828925,5707210.460999511182308,7.105613983000069,51.500717974000054,1,5211030700000790000
5,5,62,20,2021,10,7,5,3,5,3,0,1,1,0,0,0,0,371443.626615074463189,5715769.228471763432026,7.144687955000052,51.578309413000056,0,5211028701200560000
5,5,13,0,2021,11,17,6,3,4,2,2,1,1,0,0,0,0,366888.266999877057970,5706788.703999498859048,7.082380235000073,51.496547508000049,1,5211119700000680000
5,5,62,20,2021,11,11,6,3,5,2,0,0,1,0,0,0,0,372628.734994329512119,5718498.998233947902918,7.160791054000072,51.603110773000026,0,5211126701200180000
5,5,62,20,2021,11,12,3,3,2,6,0,0,0,0,0,1,0,371720.540970611386001,5715413.326430795714259,7.148812091000025,51.575174042000071,1,5211130702340590000
5,5,13,0,2021,9,19,3,2,3,2,0,0,1,0,0,0,1,364823.339022596366704,5716745.148064451292157,7.048827128000028,51.585530677000065,0,5210907700200580000
5,5,54,20,2021,9,2,7,2,0,1,2,0,0,0,1,0,0,366946.227864608168602,5783687.924218164756894,7.053630435000059,52.187584309000044,0,5210925705000020000
5,5,54,24,2021,1,5,3,3,5,3,2,1,1,0,0,0,0,369959.252999891526997,5777861.673999544233084,7.099911375000033,52.135949693000043,1,5210112705000430000
5,5,13,0,2021,3,21,2,3,2,6,2,0,1,0,0,0,0,365295.952614879235625,5715120.636356698349118,7.056267794000064,51.571045292000065,0,5210329700200660000
5,5,62,12,2021,9,12,3,3,2,6,0,0,1,0,0,0,0,363305.901251849718392,5727809.202843623235822,7.022617570000023,51.684588142000052,0,5210907701620380000
5,5,62,24,2021,12,5,2,3,5,3,2,0,1,0,0,0,0,365773.311999871395528,5724197.002999495714903,7.059676023000065,51.652723035000065,1,5211220701500480000
5,5,62,24,2021,6,22,5,3,1,5,2,1,1,0,0,0,0,369774.178473179228604,5722206.839524406939745,7.118217496000057,51.635779168000056,1,5210603701500960000
5,5,54,36,2021,5,15,3,3,0,7,0,1,0,0,0,0,0,369414.474663761444390,5766335.292372969910502,7.096369550000077,52.032246863000069,0,5210525705000680000
5,5,62,12,2021,3,17,4,3,8,1,0,0,0,0,1,0,0,365073.608918620273471,5728813.051804095506668,7.047784541000055,51.694036468000036,0,5210331701610330000
5,5,54,4,2021,5,23,7,3,5,3,2,1,1,0,0,0,0,365157.013033887371421,5771106.714250985532999,7.032461567000041,52.074102085000050,0,5210508705000030000
5,5,13,0,2021,6,12,1,3,5,3,0,0,1,0,1,0,0,365017.836740963160992,5718103.421202428638935,7.051110362000031,51.597783259000039,0,5210606700000080000
5,5,13,0,2021,6,17,5,3,0,7,0,1,0,0,0,0,0,365260.425298264250159,5718699.824087429791689,7.054381607000039,51.603200846000050,0,5210624700200980000
5,5,54,64,2021,12,12,5,3,8,1,0,0,1,0,0,0,0,362500.301816266961396,5749276.486762264743447,7.002467802000069,51.877293244000043,1,5211223705000580000
5,5,62,24,2021,12,7,2,3,5,2,2,1,1,0,0,0,0,370534.562045371159911,5726188.136214101687074,7.127724748000048,51.671733366000069,1,5211213701500080000
5,5,62,14,2021,11,11,5,3,5,3,0,0,1,0,0,0,1,361470.422999848611653,5713606.211999444290996,7.001699234000057,51.556509510000069,0,5211125701300940000
5,5,62,20,2021,5,8,4,3,1,6,0,0,1,0,0,0,0,371951.436985364183784,5718214.526011982932687,7.151120370000058,51.600400663000073,0,5210512701200790000
5,5,13,0,2021,1,8,6,3,9,6,1,0,1,0,0,0,0,363896.609289447776973,5713730.141038324683905,7.036626895000040,51.558213768000030,1,5210108702340970000
5,5,13,0,2021,11,17,3,3,2,1,2,0,1,0,0,0,0,364160.372501005418599,5708871.345179850235581,7.042304203000072,51.514614202000075,1,5211102071400440000
5,5,62,20,2021,5,12,5,3,6,4,0,0,1,1,0,0,0,368016.131918037310243,5718252.403623240068555,7.094318001000033,51.599832632000073,0,5210513701200980000
5,5,54,4,2021,10,6,1,2,8,1,2,0,1,0,0,0,0,361918.779390153475106,5770678.802846217527986,6.985415792000026,52.069459238000036,0,5211024705000090000
5,5,13,0,2021,3,16,2,2,2,6,0,0,1,0,0,0,0,364524.460307982750237,5708857.564700912684202,7.047553384000025,51.514577789000043,0,5210315702340770000
5,5,62,24,2021,5,17,3,2,5,3,0,1,1,0,0,0,0,371101.286275648511946,5724760.418250860646367,7.136442447000036,51.659033194000074,0,5210511701500780000
5,5,54,16,2021,10,23,7,3,2,6,2,0,1,0,0,0,0,365230.429853908717632,5755245.960949877277017,7.039770155000042,51.931600447000051,0,5211002702340880000
5,5,54,16,2021,11,16,4,3,2,6,1,0,1,0,0,0,0,363551.190444026142359,5757316.547238072380424,7.014539756000033,51.949796896000066,0,5211110705000680000
5,5,62,20,2021,2,14,5,3,2,2,0,0,1,0,0,0,1,369981.942249889485538,5719053.346955420449376,7.122388359000070,51.607487722000030,0,5210225701200310000
5,5,13,0,2021,12,17,5,3,2,6,2,0,1,0,0,0,0,368959.409996386617422,5708111.606042135506868,7.111708291000070,51.508920105000072,0,5211230700000180000
5,5,62,24,2021,10,7,2,3,5,3,1,0,1,0,0,0,1,366794.724655593745410,5724849.857551511377096,7.074183383000047,51.658832797000059,0,5211025701500780000
5,5,13,0,2021,6,16,3,3,5,3,0,0,1,0,1,0,0,366853.115374241024256,5710652.934971166774631,7.080414580000024,51.531265757000028,0,5210622700100780000
5,5,13,0,2021,6,4,7,1,8,1,1,0,1,0,0,0,0,365226.643347499892116,5709902.193326640874147,7.057267321000040,51.524133318000054,0,5210626700100710000
5,5,54,20,2021,11,13,4,3,5,3,0,1,1,0,0,0,0,366467.912999876774848,5785769.535999516025186,7.045817426000042,52.206172880000054,0,5211103705000020000
5,5,13,0,2021,12,18,5,3,1,6,2,0,1,0,0,0,0,363334.868145005777478,5716100.739300588145852,7.027606628000058,51.579380837000031,0,5211216702340380000
5,5,62,24,2021,4,16,5,2,1,5,0,0,1,0,0,0,0,366697.018970536068082,5724791.792887263000011,7.072793805000060,51.658287841000060,0,5210422701500670000
5,5,13,0,2021,6,14,7,3,5,3,0,1,1,0,0,0,0,366463.019999872893095,5714484.887999499216676,7.073339464000071,51.565609740000070,0,5210619700000920000
5,5,13,0,2021,3,21,1,2,9,6,2,0,1,0,0,0,0,365666.584476922638714,5709260.795764822512865,7.063849613000059,51.518474178000076,0,5210328702340170000
5,5,58,12,2021,12,14,5,3,2,1,0,0,1,0,0,0,0,374282.586464871652424,5754570.727594023570418,7.171605843000066,51.927650711000069,0,5211223706200930000
5,5,13,0,2021,4,17,7,3,3,6,0,0,1,0,0,0,0,368710.587423584423959,5711230.990125332027674,7.106962469000052,51.536895576000063,0,5210403702340570000
5,5,62,20,2021,10,7,3,3,8,1,1,0,0,0,1,0,0,371475.241999894380569,5719193.664999540895224,7.143889645000058,51.609091569000043,1,5211026701200770000