ULAND,UREGBEZ,UKREIS,UGEMEINDE,UJAHR,UMONAT,USTUNDE,UWOCHENTAG,UKATEGORIE,UART,UTYP1,ULICHTVERH,IstRad,IstPKW,IstFuss,IstKrad,IstGkfz,IstSonstige,LINREFX,LINREFY,XGCSWGS84,YGCSWGS84,STRZUSTAND,UIDENTSTLAE
5,5,62,14,2021,2,18,7,3,5,3,2,1,1,0,0,0,0,360979.443183200433850,5715180.136845495551825,6.993998986000065,51.570532198000080,1,5210206701300290000
5,5,62,14,2021,10,21,6,2,5,2,2,0,1,0,1,0,0,362008.298684395849705,5711447.382324945181608,7.010299774000032,51.537241608000045,1,5211022701300080000
5,5,62,20,2021,10,20,7,3,2,2,2,0,1,0,1,0,0,369870.882804092019796,5719415.004318397492170,7.120651218000035,51.610712180000064,0,5211009701200480000
5,5,62,14,2021,6,14,7,3,5,3,0,0,1,0,1,0,0,361341.768721475265920,5716455.290633115917444,6.998720356000035,51.582080105000045,0,5210619701300610000
5,5,13,0,2021,10,14,1,2,4,7,0,1,1,0,0,0,0,367273.116517737507820,5710079.631199583411217,7.086682164000024,51.526212556000075,0,5211024700100780000
5,5,13,0,2021,2,16,6,3,4,2,0,0,1,0,0,0,1,365305.199365362524986,5715941.721265377476811,7.056086298000025,51.578426126000068,1,5210205700200470000
5,5,62,24,2021,9,14,4,2,1,5,0,1,1,0,0,0,0,370244.448376356624067,5722222.514587020501494,7.125003230000061,51.636028710000062,0,5210908701500030000
5,5,54,4,2021,9,22,7,2,0,1,2,1,0,0,0,0,0,362806.173305970616639,5771036.209589270874858,6.998210493000045,52.072891181000045,0,5210904705000590000
5,5,54,36,2021,10,16,6,3,3,2,0,1,0,0,0,0,1,369561.724443232640624,5766143.962691690772772,7.098587780000059,52.030562234000058,0,5211001705000180000
5,5,62,14,2021,10,14,3,3,1,5,0,1,1,0,0,0,0,361235.144850651733577,5715104.340190898627043,6.997716147000062,51.569914069000049,0,5211026701300770000
5,5,13,0,2021,5,13,6,2,6,4,0,0,0,1,0,0,1,367521.975410494953394,5708252.589767320081592,7.090954224000029,51.509851913000034,0,5210521700100480000
5,5,13,0,2021,6,13,5,3,3,6,0,1,1,0,0,0,0,368784.823999884538352,5708977.849999515339732,7.108871560000068,51.516664358000071,0,5210610700100220000
5,5,62,24,2021,9,13,6,3,5,2,0,0,1,0,0,0,0,368197.960999881848693,5723164.794999515637755,7.095093604000056,51.644020763000071,0,5210917701500580000
5,5,13,0,2021,5,16,7,3,0,3,0,0,1,0,0,0,0,366426.166924128308892,5710096.705134039744735,7.074473924000074,51.526166298000078,1,5210522702340280000
5,5,58,12,2021,12,18,4,2,5,3,2,0,1,0,0,1,0,373466.024226210080087,5754073.132839262485504,7.159919537000064,51.922994104000054,1,5211215706200370000
5,5,13,0,2021,3,9,3,3,0,7,0,0,0,0,0,0,1,366952.234431866556406,5706228.326363129541278,7.083512463000034,51.491526620000059,0,5210316700100240000
5,5,62,24,2021,12,13,6,3,5,2,0,0,1,0,0,0,0,373101.954769733361900,5724103.127290377393365,7.165589653000040,51.653581476000056,0,5211210701500380000
5,5,54,16,2021,12,13,6,3,5,3,0,0,1,0,0,0,1,365290.908569750376046,5755014.344036139547825,7.040739936000023,51.929533823000043,0,5211210705000080000
5,5,13,0,2021,6,11,3,3,2,6,0,0,1,0,0,0,0,367740.256643570028245,5708701.152670765295625,7.093929566000043,51.513934162000055,0,5210615700100960000
5,5,13,0,2021,9,16,2,3,2,6,0,0,1,0,0,0,0,364613.019059694372118,5714927.606160566210747,7.046493829000042,51.569147073000067,0,5210927700000880000
5,5,54,16,2021,6,18,5,3,0,3,0,1,0,0,0,0,1,363625.052405798807740,5757225.955210767686367,7.015649763000056,51.949000982000030,0,5210617705000080000
5,5,54,44,2021,4,10,1,2,5,3,0,0,1,0,1,0,0,367344.856999878771603,5745648.994999511167407,7.074196360000030,51.845869709000056,0,5210418705000350000
5,5,13,0,2021,9,11,6,3,9,7,0,0,1,0,0,0,0,362645.401787803508341,5711352.602775432169437,7.019517215000064,51.536545271000080,0,5210917700000680000
5,5,54,4,2021,1,21,2,3,5,3,2,0,1,0,0,0,0,363983.357999864034355,5772079.056999482214451,7.014959793000060,52.082551993000038,1,5210118705000450000
5,5,62,24,2021,11,18,4,3,5,3,2,0,1,0,1,0,0,370178.738511682488024,5727156.218446344137192,7.122222071000067,51.680351046000055,0,5211110701500090000
5,5,13,0,2021,9,20,7,3,2,6,2,0,1,0,1,0,0,368589.771336241625249,5707596.453342627733946,7.106576892000021,51.504204688000073,1,5210911700100370000
5,5,62,20,2021,4,23,5,2,5,3,2,0,1,0,0,0,0,371452.562105937860906,5718767.636842029169202,7.143718492000062,51.605257745000074,0,5210408701200650000
5,5,13,0,2021,3,12,3,3,3,6,0,0,1,0,0,1,0,366328.372422565706074,5709637.001532977446914,7.073239452000053,51.522011985000063,0,5210309700100860000
5,5,62,12,2021,2,14,2,3,5,3,0,0,1,0,0,0,1,366638.612856892868876,5734096.057951170951128,7.068391871000074,51.741885041000046,1,5210215701610880000
5,5,58,40,2021,9,7,3,3,8,1,2,0,0,0,0,0,1,374826.635945241898298,5766118.102535268291831,7.175301422000075,52.031543065000051,0,5210921706200660000
5,5,62,24,2021,9,14,4,3,2,6,0,0,1,0,0,0,0,370248.762825044803321,5725405.878258144482970,7.123884535000059,51.664637558000038,0,5210908701500690000
5,5,62,12,2021,2,15,5,2,5,3,0,1,1,0,0,0,0,362449.791742121800780,5730401.863675091415644,7.009218975000067,51.707676732000039,0,5210225701620300000
5,5,62,16,2021,2,13,4,3,5,2,0,0,1,0,1,0,0,373784.882999906316400,5739055.854999560862780,7.170038204000036,51.788112559000069,0,5210224701700480000
5,5,13,0,2021,11,22,7,3,3,2,2,0,1,0,0,0,1,369433.542155223898590,5707203.044346315786242,7.118872905000046,51.500864735000050,1,5211113700000270000
5,5,62,20,2021,11,17,4,3,2,6,2,0,1,0,0,0,0,371297.775426638312638,5717675.717338230460882,7.141885229000025,51.595409484000072,1,5211117701200280000
5,5,62,14,2021,5,15,4,3,2,6,0,0,1,0,0,0,0,361396.819941882975399,5713928.331805570051074,7.000511224000036,51.559386051000047,1,5210526701300370000
5,5,13,0,2021,12,8,3,3,4,6,0,0,1,0,0,0,1,368972.377999884076416,5711103.103999517858028,7.110782565000022,51.535807118000037,2,5211221700000280000
5,5,62,20,2021,6,16,7,3,2,2,0,0,1,0,0,0,0,370568.786667672917247,5718381.756741229444742,7.131106091000049,51.601587489000053,0,5210605701200260000
5,5,62,24,2021,3,16,4,3,5,2,0,1,1,0,0,0,0,370224.197623103857040,5725388.513183908537030,7.123535993000075,51.664475832000051,0,5210303701500560000
5,5,13,0,2021,11,8,2,3,1,6,0,0,1,0,0,0,0,370242.114407899789512,5714630.186506293714046,7.127778492000061,51.567797750000068,2,5211129700000770000
5,5,62,12,2021,5,10,7,2,1,3,0,1,1,0,0,0,0,362101.704455182887614,5736291.785133864730597,7.001850802000035,51.760517543000049,0,5210515701610900000
5,5,62,24,2021,7,11,6,3,5,3,0,1,1,0,0,0,0,369739.490808245725930,5725125.547675605863333,7.116629570000043,51.662000514000056,0,5210709701500880000
5,5,13,0,2021,6,18,6,3,2,6,0,0,1,0,0,0,1,368540.398160744458437,5712678.959941811859608,7.103969081000059,51.549868489000062,0,5210604700000180000
5,5,54,20,2021,11,18,6,2,5,3,2,0,1,0,0,0,0,369456.245999890379608,5785572.227999543771148,7.089599768000028,52.205115832000047,1,5211126705000980000
5,5,13,0,2021,11,13,6,3,1,5,0,0,1,0,0,0,0,367821.752284023910761,5713623.771155403926969,7.093255179000039,51.558191298000054,0,5211119700000880000
5,5,62,24,2021,5,16,6,3,9,7,0,0,1,0,0,0,0,370550.664421927183867,5722184.861330093815923,7.129439502000025,51.635760883000046,0,5210514701500380000
5,5,62,20,2021,12,17,3,3,5,2,2,0,1,0,0,0,1,371733.054544841870666,5718057.863999243825674,7.148026229000038,51.598943070000075,0,5211207701200080000
5,5,54,16,2021,12,8,6,3,0,1,1,0,0,0,0,0,1,361976.783999854698777,5757415.724999455735087,6.991605939000067,51.950299633000043,0,5211210705000860000
5,5,62,12,2021,2,5,3,3,9,1,2,0,1,0,0,0,0,363825.305299671366811,5722927.577297680079937,7.032028388000072,51.640847254000050,2,5210209702340680000
5,5,13,0,2021,4,18,7,2,0,1,0,0,0,0,1,0,0,364826.364830735139549,5714009.470233093947172,7.049923394000075,51.560947509000073,0,5210417700200580000
5,5,54,36,2021,12,21,4,3,8,1,2,0,1,0,0,0,0,373588.048803127370775,5768832.601811155676842,7.156252340000037,52.055655273000070,1,5211215705000190000
5,5,54,20,2021,12,17,2,3,2,6,2,0,1,0,0,0,1,365676.367969673126936,5785942.208170525729656,7.034172386000023,52.207532064000077,0,5211220705000590000
5,5,13,0,2021,9,17,3,2,1,5,0,0,1,0,0,0,0,365042.777193375863135,5717621.278429886326194,7.051655690000075,51.593456519000028,0,5210914700200690000
5,5,62,20,2021,3,12,4,3,0,7,0,0,0,0,0,0,1,370040.771785049699247,5719189.246364716440439,7.123187059000031,51.608722594000028,0,5210331701200320000
5,5,62,32,2021,4,10,5,3,2,6,0,0,1,0,0,0,0,372518.078920902684331,5721112.124480877071619,7.158243550000066,51.626569649000032,0,5210401701110450000
5,5,62,20,2021,6,13,4,3,2,6,0,0,1,0,0,0,0,371664.406203286722302,5716388.825919475406408,7.147645978000071,51.583927984000070,0,5210602701200030000
5,5,54,20,2021,2,5,7,3,5,2,2,0,1,0,0,0,0,365251.969999871216714,5785996.908999500796199,7.027943529000027,52.207919972000070,0,5210220705000560000
5,5,62,20,2021,12,12,1,2,2,6,0,0,1,0,0,0,0,371934.621177498251200,5715406.186621099710464,7.151902333000066,51.575158551000072,0,5211226702340140000
5,5,62,24,2021,5,9,3,3,5,2,0,0,1,0,0,0,0,367663.218999879434705,5723838.558999510481954,7.087114832000054,51.649949950000064,0,5210504701500870000
5,5,62,20,2021,6,7,2,3,0,1,0,1,0,0,0,0,0,371197.229125021025538,5717948.738987963646650,7.140334196000026,51.597840105000046,1,5210621701200870000
5,5,13,0,2021,11,18,6,3,5,3,2,1,1,0,0,0,0,364558.246999866329134,5715517.810999481007457,7.045476488000077,51.574437724000063,0,5211112700000590000
5,5,12,0,2021,5,12,6,3,3,6,0,0,1,0,0,0,0,360584.604210343211889,5709681.098853018134832,6.990484222000021,51.521019714000033,0,5210528701400480000
5,5,62,24,2021,2,6,4,3,5,3,2,1,1,0,0,0,0,363822.510007688775659,5725150.339326446875930,7.031122535000065,51.660820726000054,2,5210210701500050000
5,5,62,24,2021,5,20,1,2,0,1,1,1,0,0,0,0,0,369624.391495768912137,5725085.223976448178291,7.114981419000060,51.661611451000056,0,5210502701500670000
5,5,13,0,2021,11,15,5,3,1,6,0,0,1,0,0,0,0,366396.400999872945249,5712623.153999496251345,7.073086251000063,51.548863399000027,0,5211118700000570000
5,5,54,20,2021,6,17,1,3,0,1,0,1,0,0,0,0,0,365681.970999874174595,5782369.553999505937099,7.035670232000030,52.175431801000059,0,5210613705000890000
5,5,13,0,2021,3,2,6,3,8,7,2,0,1,0,0,0,0,366625.563659498468041,5710925.762575225904584,7.077032605000056,51.533663845000035,1,5210312700100090000
5,5,13,0,2021,12,22,5,3,8,1,2,0,1,0,0,0,0,366846.968999874778092,5709338.514999497681856,7.080822843000021,51.519452090000073,1,5211223700000260000
5,5,62,32,2021,11,7,3,3,5,2,1,0,1,0,0,1,0,373663.575304010882974,5719939.291594842448831,7.175206637000031,51.616287783000075,1,5211123701110470000
5,5,62,24,2021,12,20,5,2,5,2,2,0,1,0,1,0,0,370332.995814899913967,5726898.382179103791714,7.124547764000056,51.678069603000040,1,5211209701500970000
5,5,62,16,2021,5,16,5,3,2,6,0,0,1,0,0,0,0,372403.025358166545630,5733588.938760031014681,7.152021792000028,51.738669919000074,0,5210520702330170000
5,5,54,20,2021,1,13,1,3,5,1,0,1,1,0,0,0,0,363175.817260542884469,5786745.149424182251096,6.997276283000076,52.214131514000030,0,5210103705000020000
5,5,54,20,2021,6,11,7,3,4,2,0,0,1,0,0,0,0,364574.073437949642539,5786238.598874377086759,7.017932159000054,52.209925462000058,0,5210626705000970000
5,5,54,16,2021,12,10,3,3,5,2,0,1,1,0,0,0,0,362956.447999858297408,5757181.669999470934272,7.005945111000074,51.948438738000050,0,5211214705000950000
5,5,13,0,2021,2,14,3,3,2,6,0,0,1,0,0,0,0,368610.493221030570567,5712773.276197526603937,7.104944233000026,51.550732411000070,1,5210202700000880000
5,5,13,0,2021,10,15,4,3,3,6,0,0,1,0,0,0,0,367581.211511418223381,5709231.363299379125237,7.091439644000047,51.518661756000029,1,5211006700100770000
5,5,62,20,2021,2,7,6,3,6,4,2,0,1,1,0,0,0,371436.915056263096631,5720030.266511103138328,7.143029588000047,51.616601213000081,1,5210205701200030000
5,5,13,0,2021,4,15,6,3,3,2,0,0,1,0,0,0,1,368980.080479265190661,5711044.698076985776424,7.110915293000062,51.535284024000077,0,5210402700100010000
5,5,54,4,2021,9,12,4,3,5,3,0,1,1,0,0,0,0,362172.756177857518196,5772898.567683324217796,6.988221979000059,52.089467731000070,0,5210922705000080000
5,5,13,0,2021,9,16,4,3,0,1,0,1,0,0,0,0,0,364703.057703263126314,5715400.317935565486550,7.047610157000065,51.573416658000042,0,5210901700200300000
5,5,13,0,2021,1,15,2,3,6,7,0,0,1,1,0,0,0,364961.407279388979077,5718361.195582382380962,7.050196901000049,51.600086189000081,1,5210125700000960000
5,5,62,12,2021,6,14,7,3,6,7,0,0,1,1,0,0,0,363133.759721637703478,5726679.510167827829719,7.020571843000027,51.674394704000065,0,5210619701610980000
5,5,13,0,2021,3,12,4,3,0,7,0,0,0,0,1,0,0,365487.553659937344491,5714301.792975677177310,7.059344245000034,51.563732532000074,0,5210324700000270000
5,5,62,24,2021,10,13,6,3,0,1,0,1,0,0,0,0,0,372121.327851466834545,5725501.362066531553864,7.150910318000058,51.665924911000047,0,5211022701500660000
5,5,66,68,2021,12,10,5,3,9,1,0,0,1,0,0,0,0,370741.223025279119611,5782980.942557338625193,7.109381615000075,52.182134001000065,1,5211230702340840000
5,5,13,0,2021,9,13,4,3,6,4,0,0,1,1,0,0,0,364646.429075893014669,5715248.452757269144058,7.046852003000026,51.572038346000056,0,5210922700000170000
5,5,12,0,2021,6,17,3,3,5,3,0,1,1,0,0,0,0,360577.182578362524509,5710024.711597729474306,6.990241348000040,51.524105640000073,0,5210601701400920000
5,5,62,20,2021,12,11,4,3,2,6,0,0,1,0,1,0,0,370808.805262858048081,5717586.293952243402600,7.134862758000054,51.594493926000041,1,5211215701200480000
5,5,62,32,2021,2,16,4,3,2,2,0,0,1,0,0,0,0,373287.478943524882197,5715120.995982067659497,7.171517390000076,51.572901249000040,0,5210224701120060000
5,5,58,12,2021,2,13,1,2,5,2,0,1,1,0,0,0,0,372802.815237664617598,5755135.097005657851696,7.149887960000058,51.932386200000053,0,5210221706200950000
5,5,62,32,2021,9,0,2,2,8,1,2,0,1,0,0,0,0,373655.658999904058874,5719160.274999551475048,7.175373169000068,51.609284992000028,0,5210920702340300000
5,5,62,20,2021,9,10,1,3,5,5,0,0,1,0,1,0,0,371606.325274254195392,5717224.365101158618927,7.146502501000043,51.591423649000035,0,5210905701200470000
5,5,13,0,2021,12,8,7,3,6,7,0,0,0,1,0,0,1,369214.986358472146094,5707640.078220959752798,7.115563867000049,51.504741768000031,0,5211218700000070000
5,5,62,12,2021,4,14,4,3,2,6,0,0,1,0,0,0,1,362698.732546158134937,5728287.999381843954325,7.013651737000032,51.688742495000042,1,5210407701610470000
5,5,13,0,2021,3,10,4,3,2,6,0,0,0,0,0,1,0,368744.772756529040635,5714940.981729237362742,7.106070524000074,51.570244226000057,1,5210317702340030000
5,5,62,20,2021,4,13,3,2,9,6,0,0,1,0,0,0,1,371419.634358835406601,5715105.384527452290058,7.144584900000041,51.572338047000073,0,5210427701200380000
5,5,62,14,2021,12,16,3,3,2,6,2,0,1,0,0,0,0,360960.566094036214054,5715176.123042702674866,6.993728366000028,51.570491475000040,0,5211207701300680000
5,5,54,16,2021,11,6,6,3,5,3,1,0,1,0,0,0,1,364810.891999866813421,5755765.504999490454793,7.033467683000026,51.936167208000029,0,5211105705000480000
5,5,54,20,2021,5,17,3,3,5,3,0,1,1,0,0,0,0,366857.167368906550109,5782104.125422656536102,7.052950227000053,52.173331618000077,1,5210511705000010000
5,5,13,0,2021,7,13,1,3,5,2,0,1,1,0,0,0,0,368042.141844308935106,5713365.647144954651594,7.096529399000076,51.555923222000047,0,5210711700200370000
5,5,54,16,2021,10,16,3,3,5,3,0,1,1,0,0,0,0,362174.916999854147434,5757692.947999460622668,6.994375918000060,51.952839754000081,0,5211012705000080000
5,5,13,0,2021,10,21,3,3,4,1,2,0,1,0,1,0,0,367424.447059164755046,5714079.545281371101737,7.087355391000074,51.562193928000056,1,5211005700200080000
5,5,58,12,2021,1,7,6,2,4,2,2,0,1,0,0,1,0,371948.680551477707922,5748610.098651034757495,7.139895684000066,51.873554372000058,1,5210129706200490000
5,5,12,0,2021,10,21,7,3,2,6,2,0,1,0,0,0,0,360595.630669163540006,5709538.257491715252399,6.990699559000063,51.519738840000059,1,5211002701400370000
5,5,13,0,2021,6,15,4,3,3,2,0,0,1,0,0,0,1,362883.873624848201871,5711263.644160849973559,7.022988124000051,51.535803834000035,0,5210630700200070000
5,5,13,0,2021,11,8,6,3,3,2,0,0,1,0,0,1,0,370569.625509573146701,5715221.891543941572309,7.132283338000036,51.573190578000037,0,5211112702340490000
5,5,54,16,2021,10,6,6,3,5,3,2,0,1,0,0,0,0,365197.405935025773942,5752696.229257462546229,7.040288359000044,51.908681034000040,1,5211022705000290000
5,5,62,14,2021,9,13,6,3,5,2,0,1,1,0,0,0,0,361538.973401183262467,5713162.052491124719381,7.002862299000071,51.552535045000070,0,5210917701300940000
5,5,62,16,2021,3,11,3,2,5,2,0,1,1,0,0,0,0,369610.988551871851087,5732158.426273280754685,7.112144173000047,51.725172038000039,0,5210302701700200000
5,5,62,24,2021,5,18,2,3,0,1,0,0,1,0,0,0,0,367372.949270301498473,5724850.264307904988527,7.082537863000027,51.658973192000076,0,5210531701500780000
5,5,62,16,2021,9,8,5,3,6,7,0,0,1,1,0,0,0,373085.955882045440376,5733337.535236701369286,7.161998817000040,51.736565689000031,0,5210909701700540000
5,5,54,20,2021,9,0,1,2,9,1,2,1,0,0,0,0,0,366995.607660973444581,5788289.552940400317311,7.052544695000051,52.228943906000040,0,5210905705000080000
5,5,58,12,2021,11,5,7,3,8,1,2,0,1,0,0,0,0,368220.047891959547997,5747188.313932349905372,7.086307308000073,51.859909543000072,1,5211113706200590000
5,5,62,24,2021,4,14,1,3,2,6,0,0,1,0,0,0,0,371186.686425697058439,5724017.435996579006314,7.137950153000077,51.652375788000029,0,5210404701500870000
5,5,13,0,2021,12,21,6,3,5,3,2,0,1,0,0,0,0,366842.745571054518223,5709339.929010909050703,7.080761471000073,51.519463802000075,1,5211224700000880000
5,5,54,20,2021,3,14,7,3,5,3,0,1,1,0,0,0,0,362265.008433879353106,5786487.413502402603626,6.984058372000050,52.211588825000035,0,5210320705000170000
5,5,54,20,2021,11,19,4,3,0,7,2,1,1,0,0,0,0,365420.728999870829284,5786483.021999502554536,7.030218519000073,52.212329087000057,0,5211117705000590000
5,5,54,4,2021,1,17,3,3,5,2,1,0,1,0,1,0,0,362751.159999857656658,5771137.374999469146132,6.997367640000050,52.073786556000073,0,5210126705000650000
5,5,54,20,2021,1,12,4,3,3,2,0,1,0,0,0,1,0,364556.103820484131575,5787268.607457544654608,7.017257146000077,52.219175923000080,1,5210127705000590000
5,5,62,20,2021,11,11,6,3,6,2,0,0,1,1,0,0,0,367857.063642586581409,5718366.855931587517262,7.091979506000030,51.600823870000056,0,5211126701200960000
5,5,54,4,2021,3,16,3,3,2,6,0,0,1,0,0,0,0,362337.189999856054783,5776973.398999465629458,6.988973461000057,52.126122051000038,0,5210330705000080000
5,5,13,0,2021,2,15,4,3,2,6,0,0,1,0,0,0,0,370686.594259461387992,5708161.355973729863763,7.136564475000057,51.509765111000036,0,5210224700100080000
5,5,13,0,2021,12,6,2,3,5,2,2,0,1,0,0,0,0,364248.495999863371253,5712708.205999476835132,7.042094326000040,51.549115057000051,2,5211206700000720000
5,5,62,20,2021,5,16,3,3,1,1,0,0,1,0,1,0,0,368176.159104491584003,5718224.405704637989402,7.096637742000041,51.599618502000055,1,5210504701200580000
5,5,62,20,2021,3,8,3,2,8,1,0,0,1,0,0,0,0,367392.756880727596581,5719992.012458048760891,7.084664691000057,51.615319268000064,0,5210302701200880000
5,5,13,0,2021,2,13,1,3,5,3,0,0,1,0,0,0,0,368786.678999884054065,5708971.870999515056610,7.108900505000065,51.516611057000034,2,5210214700100070000
5,5,54,24,2021,10,13,7,3,5,3,0,0,1,0,0,0,0,372106.253999900072813,5780547.105999562889338,7.130253184000026,52.160581947000026,0,5211016705000280000
5,5,62,14,2021,9,18,7,3,8,1,0,0,1,0,0,0,0,360516.123035722412169,5715118.230105536058545,6.987342502000047,51.569861473000060,0,5210925701300080000
5,5,13,0,2021,10,8,4,3,1,3,0,0,1,0,0,0,0,364587.215701571665704,5714176.261947615072131,7.046411228000068,51.562389001000042,0,5211020700200070000
5,5,62,14,2021,10,20,7,3,5,2,2,0,1,0,0,0,0,360746.747376195155084,5714848.841496100649238,6.990774803000022,51.567497727000045,0,5211023701300340000
5,5,54,16,2021,11,14,6,3,1,6,0,0,1,0,0,0,0,365959.349951706826687,5755835.913219356909394,7.050135827000076,51.937077682000051,0,5211105705000090000
5,5,54,36,2021,3,14,6,3,2,6,0,0,1,0,0,0,0,367309.294860570691526,5769241.094555385410786,7.064571761000025,52.057858036000027,0,5210319702340980000
5,5,62,32,2021,10,7,5,2,5,2,1,1,1,0,0,0,0,373327.860560571774840,5718863.922987684607506,7.170748871000058,51.606548032000035,0,5211028701110800000
5,5,54,20,2021,1,18,1,3,2,6,2,0,1,0,0,0,0,365229.732986547052860,5785692.697649929672480,7.027739372000042,52.205181102000040,1,5210110705000810000
5,5,54,4,2021,2,16,2,3,6,6,0,0,0,1,0,0,1,363997.463125699199736,5772095.254916805773973,7.015159052000058,52.082701004000057,0,5210222705000970000
5,5,66,68,2021,12,9,2,2,3,6,0,0,1,0,0,1,0,371597.057754511013627,5785082.830707428976893,7.121095921000062,52.201221080000039,0,5211220702340880000
5,5,13,0,2021,1,5,3,3,6,7,2,0,1,1,0,0,0,368648.684325255453587,5708931.677225198596716,7.106927817000042,51.516217775000030,1,5210112700100480000
5,5,62,14,2021,10,14,1,2,8,1,0,0,1,0,0,0,0,361408.726919585838914,5713894.330580128356814,7.000696284000071,51.559083436000037,1,5211003701300070000
5,5,54,4,2021,9,11,5,3,5,3,0,0,1,0,0,1,0,365382.148999871686101,5772032.536999501287937,7.035379193000040,52.082475884000075,0,5210923705000880000
5,5,62,20,2021,4,12,7,3,4,6,0,1,1,0,0,0,0,371199.116014189086854,5717942.025837387889624,7.140363889000071,51.597780207000028,0,5210403701200840000
5,5,62,24,2021,4,8,6,3,2,6,0,0,1,0,1,0,0,369504.224644828587770,5722286.084200263023376,7.114289353000061,51.636428751000039,0,5210409701500670000
5,5,62,20,2021,5,11,3,3,2,2,0,0,1,0,0,0,0,369876.295779909007251,5719408.480198701843619,7.120731769000031,51.610654800000077,0,5210511701200430000
5,5,62,20,2021,12,14,2,3,5,3,0,1,1,0,0,0,0,368811.899456480517983,5718395.919272840023041,7.105747430000065,51.601308269000072,1,5211227701200270000
5,5,62,20,2021,1,15,3,2,5,3,0,1,1,0,0,0,0,371435.640172842890024,5720024.848394010215998,7.143013172000053,51.616552230000082,0,5210112701200130000
5,5,13,0,2021,12,9,4,3,2,2,0,0,1,0,0,0,0,368975.437999883666635,5710950.889999518170953,7.110883306000062,51.534439914000075,1,5211208700000040000
5,5,13,0,2021,11,21,5,3,5,3,2,0,1,0,0,0,0,364881.229999866336584,5719043.202999485656619,7.048777190000067,51.606195718000038,0,5211104700000880000
5,5,62,12,2021,12,21,5,3,9,1,2,0,1,0,0,0,0,363695.322728656232357,5726385.733932381495833,7.028802901000063,51.671891332000030,2,5211202701610590000
5,5,62,14,2021,11,14,4,3,3,2,0,1,0,0,0,1,0,361262.003538520075381,5714320.766114778816700,6.998412769000026,51.562879377000058,1,5211103701300040000
5,5,13,0,2021,5,16,4,3,2,2,0,0,1,0,0,0,0,368458.195999883115292,5707837.811999516561627,7.104592184000069,51.506343120000054,0,5210505700000270000
5,5,13,0,2021,1,19,2,3,1,6,2,0,1,0,0,0,0,366209.681747741065919,5714455.824511222541332,7.069697614000063,51.565288514000031,1,5210104700200130000
5,5,62,14,2021,2,19,5,3,5,2,2,0,1,0,0,0,0,360809.165999844670296,5716334.950999438762665,6.991085982000072,51.580867442000056,1,5210218701300410000
5,5,13,0,2021,6,17,6,3,5,3,0,1,1,0,0,0,0,364935.898999867029488,5716758.769999483600259,7.050445592000074,51.585680078000053,0,5210611700000340000
5,5,54,20,2021,5,14,4,3,1,3,0,1,1,0,0,0,0,367035.414833202958107,5785541.998516244813800,7.054206702000045,52.204265548000080,1,5210519705000090000
5,5,66,68,2021,7,23,4,2,9,1,2,0,1,0,0,0,0,374369.745864031836390,5789715.299369050189853,7.159925105000070,52.243487217000052,0,5210707702340280000
5,5,54,20,2021,12,15,2,3,2,6,1,0,1,0,0,0,0,365251.969999871216714,5785996.908999500796199,7.027943529000027,52.207919972000070,0,5211220705000090000
5,5,62,14,2021,9,18,6,3,5,2,0,1,1,0,0,0,0,361494.234754794277251,5713402.822177117690444,7.002122602000043,51.554687662000049,0,5210903701300670000
5,5,62,24,2021,5,12,6,3,0,7,0,0,1,0,0,0,1,368605.197073785588145,5724423.300048721954226,7.100503019000030,51.655425685000068,0,5210528701500180000
5,5,62,24,2021,10,6,6,3,2,6,2,0,1,0,0,1,0,366888.727505858056247,5723301.802652977406979,7.076130842000055,51.644943598000054,0,5211029701500370000
5,5,54,4,2021,4,16,4,3,5,2,0,0,1,0,1,0,0,365053.529074220918119,5773105.950220078229904,7.030161549000070,52.092041043000052,0,5210428705000020000
5,5,13,0,2021,9,17,6,3,1,5,0,0,1,0,0,0,0,368020.821674280799925,5708772.058380756527185,7.097944001000030,51.514636985000038,0,5210917700100580000
5,5,54,20,2021,9,10,7,2,5,3,0,1,1,0,0,0,0,363194.407665763981640,5786742.530755482614040,6.997549273000061,52.214112601000068,0,5210911705000080000
5,5,54,52,2021,1,7,2,3,7,7,1,0,1,0,0,0,0,370996.435217101126909,5771337.474947126582265,7.117528367000034,52.077566812000043,0,5210125705000920000
5,5,58,12,2021,6,21,7,2,0,1,2,1,0,0,0,0,0,369380.272306608036160,5746617.504884235560894,7.103361693000068,51.855052893000050,0,5210605706000590000
5,5,62,12,2021,4,18,3,2,3,6,0,1,0,0,1,0,0,367345.937574031762779,5733629.724868629127741,7.078808339000034,51.737862314000040,0,5210420701610550000
5,5,62,20,2021,4,17,7,2,5,3,0,0,1,0,0,0,0,368941.824634957127273,5718476.524859532713890,7.107592224000030,51.602062892000049,0,5210403701200790000
5,5,54,4,2021,11,17,4,3,5,3,2,1,1,0,0,0,0,362164.242218340747058,5772902.666227480396628,6.988096132000067,52.089502438000068,1,5211117705000890000
5,5,13,0,2021,6,12,2,3,6,2,0,0,1,1,0,0,0,369678.441449138335884,5706395.191542727872729,7.122697611000035,51.493661161000034,0,5210621700100370000
5,5,13,0,2021,6,12,6,2,6,4,0,0,1,1,0,0,0,370065.995918143540621,5709196.933629054576159,7.127244915000063,51.518929375000027,0,5210611700100460000
5,5,13,0,2021,3,8,3,3,5,3,0,0,1,0,0,0,0,368188.817560583353043,5715557.054786218330264,7.097822042000075,51.575650968000048,0,5210316700000680000
5,5,13,0,2021,4,17,2,3,3,6,0,0,1,0,0,0,0,367450.530151291750371,5708555.322663258761168,7.089811478000058,51.512555731000077,0,5210426700000850000
5,5,13,0,2021,4,13,4,3,5,3,0,1,1,0,0,0,0,366891.164875657297671,5709323.346327623352408,7.081465197000057,51.519326191000061,0,5210414700100980000