ULAND,UREGBEZ,UKREIS,UGEMEINDE,UJAHR,UMONAT,USTUNDE,UWOCHENTAG,UKATEGORIE,UART,UTYP1,ULICHTVERH,IstRad,IstPKW,IstFuss,IstKrad,IstGkfz,IstSonstige,LINREFX,LINREFY,XGCSWGS84,YGCSWGS84,STRZUSTAND,UIDENTSTLAE
5,5,13,0,2021,4,17,5,2,5,3,0,1,1,0,0,0,0,364671.269031196832657,5716649.135921878740191,7.046670496000047,51.584631378000040,0,5210401700000070000
5,5,12,0,2021,1,17,3,3,2,6,2,0,1,0,0,0,0,360584.174803803674877,5709628.286343403160572,6.990498931000047,51.520545027000026,1,5210126701400980000
5,5,62,24,2021,6,18,3,3,0,7,0,0,0,0,0,0,1,366791.262999877333641,5724847.880999501794577,7.074134120000053,51.658814215000064,0,5210615701500280000
5,5,54,20,2021,12,5,7,3,5,2,2,0,1,0,0,0,0,365251.969999871216714,5785996.908999500796199,7.027943529000027,52.207919972000070,0,5211211705000920000
5,5,13,0,2021,7,17,5,3,6,4,0,0,1,1,0,0,0,367072.025734437629580,5709204.032520946115255,7.084115431000043,51.518296549000070,1,5210701700100770000
5,5,62,20,2021,5,16,3,2,1,5,0,1,1,0,0,0,0,371853.288805217482150,5718161.471183216199279,7.149723398000049,51.599901543000044,0,5210511701200490000
5,5,54,16,2021,10,7,4,3,0,1,1,0,0,0,0,0,1,361454.768999850377440,5756333.705999452620745,6.984451113000034,51.940447407000079,1,5211006705000390000
5,5,13,0,2021,6,2,6,3,0,7,2,1,0,0,0,0,0,364496.592726261354983,5713447.653336690738797,7.045385441000064,51.555819668000026,0,5210618700200260000
5,5,13,0,2021,10,18,3,3,3,6,0,0,1,0,0,0,0,363391.112229814752936,5713669.467478986829519,7.029363002000025,51.557546342000080,1,5211005702340790000
5,5,62,24,2021,3,13,4,3,6,7,0,0,1,1,0,0,0,369636.012108411639929,5725092.142094045877457,7.115146756000058,51.661676317000058,0,5210331701500290000
5,5,54,4,2021,10,6,4,3,7,7,2,0,1,0,0,0,0,367256.086615499109030,5771123.551559764891863,7.063064204000057,52.074760517000072,1,5211006705000530000
5,5,58,12,2021,9,18,4,2,5,2,0,1,1,0,0,0,0,374196.296013422310352,5756905.943704314529896,7.169497425000031,51.948616550000054,0,5210908706200350000
5,5,62,12,2021,3,12,3,3,5,2,0,1,1,0,0,0,0,362623.731827990151942,5724709.371515935286880,7.013974855000072,51.656566415000043,0,5210330701610630000
5,5,62,24,2021,6,7,3,3,6,4,0,0,1,1,0,0,0,367335.834384373389184,5723541.939620284363627,7.082497947000036,51.647207238000078,0,5210615701500980000
5,5,62,24,2021,9,5,6,3,4,6,2,1,0,0,0,0,0,366621.233139538206160,5724500.678170703351498,7.071809874000053,51.655653792000066,1,5210917701500570000
5,5,13,0,2021,1,16,1,3,5,3,0,0,1,0,1,0,0,363665.302999860607088,5710661.572999471798539,7.034481138000046,51.530582651000032,0,5210131700000940000
5,5,13,0,2021,4,10,6,2,2,6,0,0,1,0,0,0,0,368022.690999880433083,5705267.407999508082867,7.099281911000048,51.483141921000026,0,5210423700100570000
5,5,13,0,2021,11,17,4,2,6,2,2,0,1,1,0,0,0,367370.211452133953571,5714141.611109048128128,7.086549995000041,51.562738938000052,0,5211124700000870000
5,5,54,16,2021,9,13,3,3,1,6,0,0,1,0,0,1,0,365560.456999870948493,5755855.750999500975013,7.044329100000027,51.937159719000078,0,5210928702340500000
5,5,54,44,2021,3,14,4,3,2,7,0,0,1,0,0,0,0,363847.072674013674259,5741233.151234677061439,7.025186475000055,51.805347474000030,0,5210324705000290000
5,5,13,0,2021,12,22,6,2,5,7,2,0,1,0,0,0,1,365491.253999869339168,5714163.710999486967921,7.059450436000077,51.562492545000055,1,5211210700000570000
5,5,62,32,2021,11,14,5,3,2,6,0,0,1,0,0,0,0,373133.043025954626501,5720384.984800213947892,7.167386508000050,51.620173881000028,0,5211111702340550000
5,5,58,40,2021,2,9,6,3,8,7,0,0,0,0,0,0,1,373137.772668379358947,5760823.104997305199504,7.152656884000066,51.983577083000057,0,5210226706200290000
5,5,54,4,2021,5,12,4,3,5,3,0,1,1,0,0,0,0,362785.704414413310587,5771692.132689923048019,6.997648259000073,52.078779807000046,0,5210526705000880000
5,5,13,0,2021,2,5,4,3,5,2,2,0,1,0,0,0,1,369391.162999886088073,5707289.506999522447586,7.118230673000028,51.501631973000030,2,5210210700100350000
5,5,54,28,2021,1,10,7,2,8,1,0,0,1,0,0,0,0,362580.935315134003758,5745360.826274786144495,7.005195717000049,51.842128107000065,0,5210130702340640000
5,5,62,20,2021,6,11,6,3,6,4,0,0,1,1,0,0,0,368976.437999885529280,5718498.015999520197511,7.108083700000066,51.602264080000054,0,5210611701200960000
5,5,54,44,2021,10,15,7,2,0,2,0,0,0,0,1,0,0,366903.622999877668917,5738853.517999503761530,7.070405587000039,51.784699644000057,0,5211016705000090000
5,5,62,24,2021,6,16,3,3,2,6,0,0,1,0,0,0,0,364944.408411662094295,5724332.995023464784026,7.047648693000042,51.653746576000060,0,5210615701500870000
5,5,54,16,2021,5,3,4,3,7,1,2,0,1,0,0,0,0,362034.452863523736596,5758167.523240761831403,6.992142703000070,51.957069227000034,1,5210526705000580000
5,5,13,0,2021,11,13,3,3,3,6,0,0,1,0,0,0,0,363797.278916635550559,5719440.151088612154126,7.032979759000057,51.609501661000081,1,5211123702340500000
5,5,62,14,2021,12,16,4,3,5,3,1,1,1,0,0,0,0,361580.032495917752385,5712489.441350774839520,7.003718796000044,51.546500909000031,1,5211215701300690000
5,5,13,0,2021,10,6,3,3,4,6,2,0,1,0,1,0,0,362300.868458350189030,5719372.443971730768681,7.011409346000050,51.608529265000072,1,5211026700000270000
5,5,54,4,2021,10,19,2,3,2,6,2,0,1,0,0,0,0,364875.329366154968739,5772951.643640154972672,7.027623165000023,52.090611043000081,0,5211025705000830000
5,5,62,20,2021,11,10,5,3,1,3,0,0,1,0,0,0,0,369970.852723830379546,5719286.931513540446758,7.122141672000055,51.609584322000046,0,5211104701200180000
5,5,62,14,2021,10,19,1,3,5,3,1,0,1,0,0,0,0,361493.951999847777188,5713404.220999445766211,7.002117975000033,51.554700162000074,1,5211031701300290000
5,5,62,24,2021,10,5,5,3,3,6,2,1,0,0,0,1,0,373987.481583560816944,5725841.425312483683228,7.177756915000032,51.669402634000051,1,5211014701500780000
5,5,62,24,2021,6,6,4,2,4,2,0,0,1,0,0,0,0,373102.096919769421220,5724103.125343114137650,7.165591707000033,51.653581490000079,0,5210630701500570000
5,5,13,0,2021,3,20,6,3,9,1,2,0,1,0,0,0,0,363940.556606308557093,5713737.006954619660974,7.037257804000035,51.558286070000065,0,5210326702340570000
5,5,62,24,2021,10,7,3,3,2,6,1,0,1,0,0,0,0,364481.045868962071836,5724410.594829635694623,7.040924503000042,51.654332395000040,1,5211019701500270000
5,5,62,20,2021,10,20,7,2,5,3,2,0,1,0,0,0,1,371221.825999893248081,5720009.077999537810683,7.139932381000051,51.616361629000039,1,5211002701200480000
5,5,13,0,2021,10,14,5,3,0,7,0,0,0,0,1,0,0,364944.806175541132689,5718443.259516991674900,7.049925752000036,51.600819664000028,0,5211014700200290000
5,5,62,20,2021,9,19,6,3,2,2,1,0,1,0,1,0,0,371467.306999895721674,5718819.014999540522695,7.143912461000070,51.605722838000077,1,5210910701200080000
5,5,13,0,2021,4,20,5,3,1,5,0,0,1,0,0,0,0,366921.250999876298010,5706796.427999500185251,7.082852207000030,51.496624687000065,0,5210415700000360000
5,5,66,68,2021,6,16,2,3,5,3,0,0,1,0,0,0,0,374442.190514963120222,5784092.050659760832787,7.163072122000074,52.192973269000049,0,5210628709300180000
5,5,62,14,2021,9,18,5,3,5,3,0,1,1,0,0,0,0,361023.687426799908280,5714949.277864124625921,6.994728295000073,51.568468582000037,0,5210923701300080000
5,5,13,0,2021,6,13,5,3,3,2,0,0,1,0,0,1,0,363946.326935100369155,5719492.150569027289748,7.035110745000054,51.610004978000063,0,5210610702340080000
5,5,54,44,2021,10,11,7,3,5,3,0,0,1,0,0,0,0,365961.564999872818589,5746657.261999499052763,7.053736125000057,51.854599616000030,0,5211016705000490000
5,5,13,0,2021,3,17,5,3,2,6,0,0,1,0,0,0,1,368239.477811117656529,5711136.620528556406498,7.100208957000063,51.535937738000030,0,5210325702340870000
5,5,13,0,2021,10,11,6,3,5,3,0,0,1,0,0,0,0,368451.592999882064760,5712902.920999515801668,7.102605252000046,51.551860466000051,0,5211001700200520000
5,5,13,0,2021,12,11,6,3,9,1,0,0,1,0,0,0,0,367746.952697307802737,5708737.326398389413953,7.094012437000060,51.514260813000078,0,5211231700000160000
5,5,54,28,2021,4,15,2,2,2,6,0,0,0,0,0,1,0,361159.239126565866172,5741861.421664280816913,6.985975165000070,51.810331960000042,0,5210412702340580000
5,5,13,0,2021,7,9,2,3,2,6,0,0,1,0,0,0,0,363009.017831974662840,5711268.771384123712778,7.024789370000065,51.535880290000080,1,5210705700000070000
5,5,62,12,2021,11,8,3,3,2,6,0,0,1,0,0,0,0,362943.582267139106989,5731850.085468424484134,7.015791417000059,51.720811294000043,0,5211102701620250000
5,5,13,0,2021,9,13,6,3,5,3,0,1,1,0,0,0,0,366463.019999872893095,5714484.887999499216676,7.073339464000071,51.565609740000070,0,5210917700000590000
5,5,13,0,2021,11,20,6,3,5,2,2,0,1,0,0,0,0,362608.023694684728980,5720724.385351128876209,7.015312288000075,51.620753049000029,0,5211105700000490000
5,5,62,24,2021,5,15,5,2,5,2,0,0,1,0,0,0,0,370218.017973041161895,5728647.184487052261829,7.122235449000073,51.693758851000041,0,5210527701500680000
5,5,62,20,2021,11,17,3,2,5,2,2,0,1,0,0,0,0,371426.705367056652904,5715578.072910146787763,7.144513865000022,51.576587660000030,1,5211130701200280000
5,5,62,24,2021,7,18,3,3,2,6,0,0,1,0,0,0,0,367786.662375885993242,5724276.251110225915909,7.088732620000030,51.653912306000052,0,5210713701500070000
5,5,54,16,2021,11,14,7,3,5,3,0,1,1,0,0,0,0,364573.784997363574803,5755546.370774656534195,7.030107064000049,51.934140477000028,0,5211106705000060000
5,5,54,20,2021,12,15,4,3,5,2,0,1,1,0,0,0,0,365182.460090656764805,5784947.346676493063569,7.027344684000070,52.198472328000037,1,5211201705000820000
5,5,54,36,2021,2,15,1,3,9,1,0,0,1,0,0,0,0,367087.425409332849085,5768164.428783109411597,7.061756411000033,52.048130236000077,2,5210214702340210000
5,5,62,24,2021,4,16,2,3,6,4,0,1,0,1,0,0,0,373462.152199277654290,5725658.528498688712716,7.170230635000053,51.667640893000055,0,5210412701500140000
5,5,13,0,2021,3,16,5,3,1,5,0,0,1,0,0,0,0,369453.552384411916137,5707161.788554459810257,7.119176301000039,51.500498597000046,1,5210311700100080000
5,5,13,0,2021,9,7,6,3,3,7,0,0,1,0,0,0,1,368657.203999882563949,5712228.905999513342977,7.105820788000074,51.545851176000042,0,5210917700100170000
5,5,62,14,2021,10,14,6,3,5,3,0,1,1,0,0,0,0,361386.938722473569214,5713957.935986895114183,7.000357100000031,51.559649650000040,0,5211001701300480000
5,5,62,24,2021,6,15,2,3,2,6,0,0,1,0,0,0,0,364947.723310048691928,5724332.451039316132665,7.047696793000057,51.653742484000077,0,5210614701500560000
5,5,13,0,2021,5,9,5,3,1,6,0,0,1,0,0,0,0,367290.172999877482653,5711578.172999504953623,7.086363115000040,51.539683448000062,1,5210527700100060000
5,5,62,24,2021,12,12,2,3,5,2,0,1,1,0,0,0,0,366934.117180169560015,5724376.521943660452962,7.076377583000067,51.654612226000040,1,5211206701500680000
5,5,54,4,2021,1,10,3,3,5,3,0,0,1,0,0,1,0,363046.468873142264783,5770722.839471396058798,7.001840073000039,52.070134908000057,0,5210105705000780000
5,5,13,0,2021,11,18,6,3,2,2,2,0,1,0,0,0,0,368089.616241476498544,5707791.792584899812937,7.099301609000065,51.505843640000080,1,5211126700000250000
5,5,13,0,2021,3,15,3,3,1,6,0,0,1,0,0,0,0,368536.619319579564035,5712678.766900254413486,7.103914684000074,51.549865874000034,0,5210330700000410000
5,5,13,0,2021,6,15,4,3,5,2,0,0,1,0,0,0,0,368697.370999882929027,5707392.593999512493610,7.108202218000031,51.502397650000034,0,5210602700100160000
5,5,13,0,2021,9,20,4,3,0,7,2,1,0,0,0,0,0,366223.559123179875314,5714466.178231624886394,7.069893772000057,51.565384850000044,0,5210922700200670000
5,5,62,14,2021,11,18,5,3,2,6,2,0,1,0,0,0,1,360548.433999842964113,5714129.100999435409904,6.988200873000039,51.560981074000040,0,5211111701300180000
5,5,54,20,2021,10,17,2,3,5,3,0,0,1,0,0,0,0,366420.463999874889851,5782573.324999511241913,7.046383237000043,52.177442052000060,0,5211004705000470000
5,5,13,0,2021,9,18,6,3,1,6,0,0,1,0,0,0,0,363000.358066037297249,5711343.444237176328897,7.024635530000069,51.536549223000065,0,5210917700000680000
5,5,54,20,2021,9,19,1,2,5,6,1,1,1,0,0,0,0,364472.695023337379098,5787363.204352721571922,7.015999040000054,52.220005386000082,0,5210926705000620000
5,5,54,20,2021,10,18,2,2,8,1,0,1,0,0,0,0,0,367027.326565723866224,5786237.603521037846804,7.053815240000063,52.210513921000029,0,5211011705000080000
5,5,62,16,2021,2,22,2,3,2,6,2,0,1,0,0,0,1,373823.381298326887190,5735753.064942046999931,7.171796145000030,51.758439985000052,2,5210208702330180000
5,5,54,4,2021,11,7,4,3,5,3,1,1,1,0,0,0,0,363033.799073677510023,5772328.157857744023204,7.001010896000025,52.084556146000068,0,5211124705000390000
5,5,13,0,2021,10,10,4,3,1,5,0,0,1,0,0,0,1,366975.617605664767325,5706079.454228844493628,7.083905188000074,51.490194251000048,0,5211027700000590000
5,5,13,0,2021,2,18,1,3,2,6,2,0,1,0,0,0,0,368599.476566568017006,5707541.658000085502863,7.106737061000047,51.503714509000076,2,5210207700100770000
5,5,13,0,2021,6,19,4,3,5,3,0,0,1,0,0,0,0,370443.840999891050160,5709181.648999527096748,7.132693347000043,51.518878802000074,0,5210616700100980000
5,5,54,20,2021,10,10,7,3,8,6,0,1,0,0,0,0,0,367022.806749624200165,5786892.988004609942436,7.053491652000048,52.216401748000067,0,5211009705000220000
5,5,13,0,2021,10,21,7,3,5,3,2,0,1,0,0,0,0,364184.660676712170243,5716489.379792582243681,7.039713027000062,51.583078694000051,1,5211002700200790000
5,5,62,12,2021,9,10,2,2,2,2,0,0,1,0,0,0,0,361919.627600500360131,5736266.933615121990442,6.999224112000036,51.760249368000075,0,5210913701620890000
5,5,54,24,2021,10,7,5,3,2,5,1,0,1,0,0,0,0,372518.653950038366020,5775805.849891228601336,7.138056819000042,52.118072458000029,1,5211007705000420000
5,5,13,0,2021,12,7,2,3,2,6,1,0,1,0,0,0,0,366095.624621900729835,5714158.467213578522205,7.068166306000023,51.562589237000054,1,5211213702340690000
5,5,54,20,2021,11,17,1,3,0,7,2,1,1,0,0,0,0,362336.888969456776977,5786865.403060205280781,6.984956010000076,52.215003048000028,0,5211121705000020000
5,5,13,0,2021,1,15,4,3,2,6,1,0,1,0,0,0,0,363118.270999857224524,5711090.261999463662505,7.026433036000071,51.534302647000061,0,5210106700000770000
5,5,13,0,2021,7,8,5,3,2,6,0,0,1,0,0,0,0,365468.564722834154963,5714418.383187072351575,7.059025830000053,51.564775736000058,0,5210708700200470000
5,5,13,0,2021,10,4,5,3,5,3,2,0,1,0,0,0,1,367993.434323599562049,5712779.337107814848423,7.096047277000025,51.550642848000052,0,5211007700200280000
5,5,13,0,2021,2,9,2,3,5,3,0,1,1,0,0,0,0,366459.428263557143509,5715285.384426532313228,7.072983455000042,51.572802576000072,0,5210222700200030000
5,5,54,20,2021,11,16,3,3,0,7,0,0,1,0,0,0,0,366499.426654058508575,5782489.744006194174290,7.047570244000042,52.176710149000030,0,5211109705000220000
5,5,13,0,2021,1,10,5,3,0,7,0,1,0,0,0,0,1,364914.245392103679478,5716768.166968712583184,7.050129616000049,51.585759332000066,0,5210114700000260000
5,5,13,0,2021,5,15,5,3,2,6,0,0,1,0,0,0,0,365124.767374601215124,5713923.379739411175251,7.054258639000068,51.560245298000041,1,5210527702340580000
5,5,13,0,2021,3,16,1,3,1,5,0,1,1,0,0,0,0,370094.574663484469056,5710593.516906160861254,7.127141585000061,51.531486878000067,0,5210321700100550000
5,5,54,20,2021,1,13,7,3,1,6,0,0,1,0,0,0,0,366128.000999874435365,5782699.403999507427216,7.042058871000052,52.178504041000053,0,5210116705000520000
5,5,62,24,2021,11,13,7,2,5,2,0,1,1,0,0,0,0,373289.759489513002336,5725619.467613967135549,7.167753331000029,51.667251007000061,0,5211106701500640000
5,5,54,4,2021,11,15,2,3,5,2,0,1,1,0,0,0,0,362726.494060608558357,5771181.975157540291548,6.996990030000063,52.074181191000037,0,5211122705000820000
5,5,62,20,2021,9,16,5,3,2,2,0,0,1,0,0,0,0,369728.712058651261032,5719584.140870869159698,7.118536295000069,51.612199282000063,0,5210923701200470000
5,5,54,36,2021,10,11,4,3,9,1,0,0,1,0,0,0,0,370070.147435885854065,5768986.221769746392965,7.104914454000038,52.056222031000061,1,5211020705000450000
5,5,54,24,2021,11,6,4,3,1,1,2,0,1,0,0,0,0,369337.064785113558173,5776179.562726680189371,7.091471853000030,52.120687854000039,0,5211110705000580000
5,5,62,20,2021,11,17,4,3,0,1,2,0,0,0,1,0,0,371312.550994854420424,5715557.616290420293808,7.142874890000030,51.576377770000079,1,5211103701200960000
5,5,13,0,2021,5,10,1,2,2,6,0,0,1,0,0,0,0,364914.420999866910279,5714056.809999480843544,7.051174750000030,51.561394021000069,0,5210509700000070000
5,5,62,24,2021,11,18,2,3,5,3,2,0,1,0,0,0,0,367467.747729864902794,5721882.493086049333215,7.085031898000068,51.632325755000068,0,5211108701500370000
5,5,54,36,2021,10,9,2,2,1,6,0,0,1,0,0,0,1,366637.648506649769843,5768771.939373206347227,7.054964365000046,52.053481110000064,0,5211025705000490000
5,5,13,0,2021,5,15,2,3,5,3,0,0,1,0,0,0,0,368066.749999880790710,5707420.272999512031674,7.099111294000068,51.502499542000066,0,5210531700100980000
5,5,13,0,2021,9,8,2,2,6,7,0,0,1,1,0,0,0,364316.058716432191432,5716491.835798211395741,7.041607415000044,51.583132415000080,0,5210913700200080000
5,5,13,0,2021,6,18,7,3,0,7,0,1,0,0,0,0,0,366916.681825374253094,5716141.447293527424335,7.079253352000023,51.580603753000048,0,5210626700200080000
5,5,13,0,2021,12,9,2,2,2,6,0,0,1,0,1,0,0,368733.433114500716329,5710298.976343298330903,7.107639122000023,51.528525098000046,0,5211220700000990000
5,5,62,20,2021,7,15,5,2,9,7,0,0,1,0,0,0,0,366435.085656317882240,5720918.686902360990644,7.070487561000050,51.623420364000026,0,5210708701200760000
5,5,13,0,2021,9,8,4,1,8,1,0,0,1,0,0,0,0,365388.400999868288636,5715694.555999487638474,7.057381050000060,51.576224867000064,1,5210915700000560000
5,5,13,0,2021,12,18,5,3,5,3,2,0,1,0,1,0,0,369243.540952237322927,5707579.205436283722520,7.115997628000059,51.504201320000050,0,5211202700000570000
5,5,13,0,2021,9,23,4,3,9,7,2,0,1,0,0,0,0,365865.901308180764318,5715542.065161090344191,7.064325986000028,51.574968334000062,0,5210922700200670000
5,5,13,0,2021,5,13,7,3,0,6,0,0,1,0,0,0,0,366149.741093211807311,5714157.724721448495984,7.068946848000053,51.562595411000075,0,5210508702340110000
5,5,62,16,2021,11,7,4,2,0,1,2,1,0,0,0,0,0,372634.801386018283665,5733227.501060660928488,7.155508998000073,51.735474507000049,1,5211124701700480000
5,5,13,0,2021,7,5,7,3,0,7,1,0,0,0,0,0,1,369619.418397095054388,5706843.535178316757083,7.121682213000042,51.497676772000034,0,5210703700000860000
5,5,62,20,2021,6,12,2,3,5,3,0,1,1,0,0,0,0,371858.207197306677699,5718164.691830910742283,7.149793197000065,51.599931605000052,0,5210607701200380000
5,5,62,16,2021,2,17,4,2,9,1,0,0,1,0,0,0,1,374191.639842421747744,5737501.410078380256891,7.176495861000035,51.774234791000026,0,5210224702330170000
5,5,62,12,2021,5,17,4,2,3,2,0,1,1,0,0,0,0,362795.559999855235219,5731931.217999465763569,7.013617882000062,51.721504155000048,0,5210512701620040000
5,5,58,12,2021,10,13,3,2,4,2,0,0,1,0,0,0,0,370697.786614326760173,5755483.392582787200809,7.119156617000044,51.935031022000032,1,5211019706200590000
5,5,54,16,2021,6,8,6,3,8,7,0,0,1,0,0,0,0,362795.118663779459894,5752936.560094792395830,7.005291723000028,51.910254072000043,0,5210625705000470000
5,5,13,0,2021,3,1,2,3,5,2,2,1,1,0,0,0,0,368678.155177365988493,5710178.555052261799574,7.106887591000032,51.527430046000063,0,5210308700100370000
5,5,62,24,2021,7,14,2,3,0,7,0,0,0,0,0,0,1,366648.155028815381229,5722984.659689484164119,7.072776817000033,51.642036622000035,0,5210712701500770000
5,5,62,24,2021,9,7,6,3,3,6,0,0,1,0,0,1,0,371013.762009620666504,5727706.209264975041151,7.134089982000035,51.685486033000075,0,5210910702340070000
5,5,62,16,2021,6,11,4,2,0,1,0,1,0,0,0,0,0,373120.188006464391947,5738040.679832765832543,7.160777438000025,51.778839182000070,0,5210602701700380000
5,5,54,20,2021,6,20,5,3,5,3,0,0,1,0,1,0,0,366860.381458555348217,5782107.449345383793116,7.052995895000038,52.173362260000033,0,5210624705000750000
5,5,13,0,2021,10,11,2,3,5,3,0,0,1,0,0,0,0,368189.676794968545437,5708810.204319447278976,7.100361801000076,51.515019215000052,0,5211018700100260000
5,5,13,0,2021,3,14,2,2,5,3,0,0,1,0,0,0,0,366099.486999873071909,5716107.826999496668577,7.067479074000062,51.580108077000034,0,5210301700200400000
5,5,62,24,2021,6,12,6,3,2,6,0,0,1,0,0,0,0,370324.132312851957977,5726888.114897429943085,7.124423452000030,51.677975288000027,0,5210604702340780000
5,5,13,0,2021,6,11,5,3,2,6,0,0,1,0,0,0,0,367732.308484001085162,5713726.440286610275507,7.091927050000038,51.559092983000028,0,5210617700200220000
5,5,13,0,2021,4,16,3,3,3,2,0,0,0,0,1,0,1,368786.678999884054065,5708971.870999515056610,7.108900505000065,51.516611057000034,0,5210420700100860000
5,5,62,20,2021,10,8,5,3,1,6,0,0,1,0,0,0,0,371674.388196174055338,5716388.911748250946403,7.147789942000031,51.583931028000052,0,5211021701200070000
5,5,13,0,2021,4,10,2,3,8,1,0,0,1,0,0,0,0,364749.383094620890915,5715431.617927690967917,7.048266183000067,51.573709048000069,1,5210405700000570000
5,5,13,0,2021,9,6,7,3,3,1,2,0,1,0,0,0,1,363343.873955902643502,5713668.633629860356450,7.028682330000038,51.557527406000077,0,5210918702340690000
5,5,62,14,2021,11,14,1,3,5,3,0,0,1,0,0,0,0,361481.504522718489170,5713509.835300313308835,7.001896944000066,51.555646174000060,0,5211121701300390000
5,5,66,68,2021,6,11,4,3,2,6,0,0,1,0,0,0,0,374803.590073273517191,5790076.806244036182761,7.166142015000048,52.246834559000035,0,5210630709300770000
5,5,54,16,2021,12,8,6,3,9,7,0,0,1,0,0,0,0,365480.605491733178496,5757872.099511364474893,7.042379295000046,51.955258909000065,2,5211210705000070000
5,5,62,20,2021,5,11,7,3,8,1,0,0,0,0,1,0,0,370528.210909618064761,5719167.419536419212818,7.130230454000070,51.608638737000035,0,5210501701120080000
5,5,12,0,2021,1,13,1,3,3,6,0,0,1,0,0,0,0,360348.439233130775392,5711085.296827333047986,6.986525715000028,51.533579679000070,0,5210131701400440000
5,5,13,0,2021,11,14,3,3,2,2,0,0,1,0,0,0,0,364606.341817764565349,5714743.371220089495182,7.046468527000059,51.567489862000059,1,5211130700000580000
5,5,54,16,2021,10,21,4,3,8,1,2,0,1,0,0,0,0,366075.832556662149727,5760469.882718710228801,7.050022846000047,51.978745725000067,1,5211020702340200000
5,5,13,0,2021,4,10,5,2,3,7,0,0,1,0,0,0,1,362995.765592906624079,5711340.812489490956068,7.024570379000068,51.536524459000077,0,5210408700000280000
5,5,62,12,2021,5,17,3,3,5,7,0,0,1,0,0,1,0,362667.496981514617801,5724702.168284883722663,7.014609980000046,51.656512381000027,1,5210525701610080000
5,5,13,0,2021,11,14,3,3,5,2,0,1,1,0,0,0,0,368849.791999884881079,5715839.210999518632889,7.107249643000046,51.578340784000034,0,5211102700000890000
5,5,62,24,2021,10,10,6,1,9,7,0,0,1,0,0,0,0,367035.811211997643113,5726017.292284827679396,7.077222594000034,51.669380927000077,0,5211022701500040000
5,5,13,0,2021,2,7,3,3,2,6,2,0,1,0,0,0,0,365295.777247499674559,5715119.279033916071057,7.056265786000040,51.571033053000065,2,5210209700200230000
5,5,54,16,2021,6,6,2,2,0,1,0,1,0,0,0,0,0,365673.085999870672822,5756162.194999502971768,7.045846787000073,51.939940567000065,0,5210614705000490000
5,5,13,0,2021,5,18,7,3,2,6,0,0,1,0,0,0,0,363137.015522838570178,5711097.406285231932998,7.026700346000041,51.534371392000025,1,5210522700200740000
5,5,13,0,2021,6,10,2,2,3,2,0,0,1,0,1,0,0,367425.150482108816504,5708566.926552554592490,7.089441583000053,51.512654057000077,0,5210607700100260000
5,5,62,24,2021,5,14,6,3,1,5,0,0,1,0,0,0,1,369123.248900938779116,5724826.644525825977325,7.107836783000039,51.659171226000069,0,5210521701500960000
5,5,13,0,2021,12,18,3,3,2,6,0,0,1,0,0,0,0,367721.130242843180895,5708865.132857600226998,7.093592552000075,51.515403329000037,0,5211207700000840000
5,5,54,20,2021,12,12,3,3,0,6,0,0,1,0,0,0,0,366535.964241669513285,5785742.030996574088931,7.046823539000059,52.205942218000075,0,5211221705000080000
5,5,13,0,2021,11,21,5,2,5,2,2,0,1,0,0,0,1,363548.244252175092697,5712061.729752643033862,7.032251892000033,51.543136694000054,0,5211125700000580000
5,5,13,0,2021,12,19,3,3,5,3,2,0,1,0,0,0,0,364821.948999865911901,5714007.673999482765794,7.049860419000026,51.560930309000071,1,5211228700000970000
5,5,13,0,2021,7,17,6,3,2,6,0,0,1,0,0,0,0,363025.164592386223376,5711289.653614100068808,7.025013909000052,51.536071863000075,0,5210702700000780000
5,5,66,68,2021,6,9,3,3,2,7,0,0,1,0,0,0,0,372578.814787616021931,5784228.735345900058746,7.135774805000040,52.193774073000043,0,5210601709300810000
5,5,62,24,2021,7,7,3,3,5,2,0,0,1,0,0,0,0,366398.584792762994766,5724590.588416811078787,7.068558770000038,51.656408885000076,1,5210706701500360000
5,5,62,16,2021,12,18,6,2,2,6,2,0,1,0,0,0,1,373864.400035520084202,5738256.094347164034843,7.171481157000073,51.780943279000041,1,5211217701700230000
5,5,13,0,2021,3,11,3,2,0,1,0,0,1,0,0,1,0,363289.175669677555561,5713670.035075889900327,7.027893244000040,51.557526747000054,0,5210323702340750000
5,5,62,14,2021,11,7,3,3,5,3,0,1,1,0,0,0,0,361573.218999847769737,5713148.169999448582530,7.003361393000034,51.552418697000064,0,5211109701300420000
5,5,54,24,2021,1,7,4,2,8,1,1,0,1,0,0,0,0,368744.357930272817612,5773771.789095310494304,7.083747764000066,52.098911792000081,0,5210127705000720000
5,5,62,16,2021,11,12,6,3,5,3,0,1,1,0,0,0,0,374087.918999905698001,5734447.062999559566379,7.176099975000056,51.746762772000068,1,5211126701700450000
5,5,54,16,2021,9,6,5,3,2,6,1,0,1,0,0,1,0,365346.660293070599437,5755961.591158324852586,7.041179562000025,51.938059088000045,0,5210930705000000000
5,5,54,16,2021,3,21,2,3,8,1,2,0,1,0,0,0,0,367855.160312403924763,5755721.712741283699870,7.077740805000076,51.936504881000076,0,5210301705000020000
5,5,54,36,2021,12,19,5,3,9,1,2,0,1,0,0,0,0,366689.369999878108501,5765181.902999512851238,7.057117714000071,52.021234479000043,2,5211202705000590000
5,5,62,14,2021,5,14,5,2,1,6,0,0,1,1,0,0,0,360422.069126460701227,5717739.039282178506255,6.984944501000030,51.593388892000064,0,5210520701300670000
5,5,54,16,2021,9,11,4,1,8,5,0,0,1,0,0,1,0,365604.674791568890214,5756493.627792555838823,7.044722658000069,51.942902240000080,0,5210908702340200000
5,5,54,44,2021,6,10,2,2,5,3,0,1,1,0,0,0,0,364376.391999865882099,5744326.508999481797218,7.031647696000050,51.833272810000039,0,5210628705000070000
5,5,62,32,2021,9,6,2,3,5,3,0,0,1,0,0,0,1,373264.367475774139166,5720773.504428753629327,7.169141909000075,51.623695072000032,0,5210906701110490000