ULAND,UREGBEZ,UKREIS,UGEMEINDE,UJAHR,UMONAT,USTUNDE,UWOCHENTAG,UKATEGORIE,UART,UTYP1,ULICHTVERH,IstRad,IstPKW,IstFuss,IstKrad,IstGkfz,IstSonstige,LINREFX,LINREFY,XGCSWGS84,YGCSWGS84,STRZUSTAND,UIDENTSTLAE
5,5,13,0,2021,3,19,6,3,3,6,2,0,1,0,0,1,0,364759.506870398297906,5715443.633336078375578,7.048407557000075,51.573819452000066,1,5210312700200770000
5,5,13,0,2021,9,15,5,3,2,6,0,0,1,0,0,0,0,366035.815005765296519,5711961.481312552466989,7.068140752000033,51.542831757000044,0,5210930700200040000
5,5,13,0,2021,10,12,2,3,2,6,0,0,1,0,0,0,0,365295.641844980418682,5715118.231034422293305,7.056264235000071,51.571023603000071,0,5211025700000380000
5,5,13,0,2021,3,10,4,3,1,6,0,0,1,0,0,0,1,367700.460818674415350,5713762.814280081540346,7.091454207000027,51.559412394000049,1,5210317700200280000
5,5,62,20,2021,5,16,2,3,3,6,0,0,1,0,0,1,0,371277.927974610589445,5715388.545642163604498,7.142437476000055,51.574850447000074,1,5210517702340080000
5,5,13,0,2021,10,15,4,3,2,6,0,0,1,0,0,0,0,366652.479999876581132,5718962.445999501273036,7.074370506000037,51.605892225000048,1,5211006700200580000
5,5,13,0,2021,9,15,1,2,0,7,0,1,0,0,0,0,0,365923.416555876843631,5712461.770974690094590,7.066330253000046,51.547300937000045,0,5210926700000680000
5,5,58,12,2021,12,9,5,2,0,7,0,1,0,0,0,0,0,374448.855999908410013,5755991.674999568611383,7.173504127000058,51.940457563000052,2,5211209706000500000
5,5,62,24,2021,11,9,5,3,5,3,0,0,1,0,0,0,1,368318.722999881953001,5724019.647999521344900,7.096516099000041,51.651731220000045,0,5211118701500590000
5,5,62,24,2021,12,19,1,3,6,2,2,0,1,1,0,0,0,367568.905915583483875,5724588.392812823876739,7.085468412000068,51.656666100000052,1,5211212701500180000
5,5,54,4,2021,12,17,7,3,5,3,2,1,1,0,0,0,0,362709.289505410008132,5772577.001563815400004,6.996177705000036,52.086711703000049,1,5211218705000090000
5,5,54,44,2021,10,13,2,2,4,2,0,0,1,0,0,0,0,364658.028824185021222,5741087.842745184898376,7.036998154000059,51.804238622000071,0,5211011705000590000
5,5,62,16,2021,4,18,3,3,2,6,0,0,1,0,0,1,0,368011.185003774240613,5732149.470749497413635,7.088998391000075,51.724717269000053,1,5210406701700230000
5,5,54,56,2021,10,15,7,3,5,3,0,1,0,0,1,0,0,361722.582578925415874,5761120.900689337402582,6.986417454000048,51.983529194000027,0,5211009705000680000
5,5,54,20,2021,6,1,4,3,1,1,2,1,1,0,0,0,0,366498.978070112876594,5782490.218826757743955,7.047563501000070,52.176714307000054,0,5210602705000220000
5,5,62,14,2021,6,19,4,3,5,2,0,1,1,0,0,0,0,362418.844962548464537,5712284.244097154587507,7.015888482000037,51.544862081000076,0,5210609701300770000
5,5,54,16,2021,5,0,7,2,0,7,2,1,0,0,0,0,0,363332.895999860018492,5757128.609999472275376,7.011440150000055,51.948054574000082,0,5210529705000890000
5,5,13,0,2021,4,18,7,3,3,2,0,0,1,0,1,0,0,369528.844696654938161,5715390.362624226137996,7.117210701000033,51.574464684000077,0,5210403700000320000
5,5,62,20,2021,5,15,2,2,6,4,0,0,1,1,0,0,0,371461.262838399037719,5717479.013191713020205,7.144316276000040,51.593679060000056,1,5210517701200280000
5,5,13,0,2021,9,15,1,3,2,3,0,1,1,0,0,0,0,369039.404684492386878,5708122.630954595282674,7.112856245000046,51.509037730000045,0,5210905700100980000
5,5,58,12,2021,4,14,7,3,5,3,0,1,0,0,0,0,0,369134.627327980473638,5745732.452205577865243,7.100132007000070,51.847042056000078,0,5210417706200370000
5,5,13,0,2021,9,17,2,3,4,7,0,1,0,0,0,0,0,367382.929688207805157,5708510.198135573416948,7.088854836000053,51.512134347000028,0,5210906700100990000
5,5,62,24,2021,5,14,2,3,1,5,0,1,1,0,0,0,0,367023.874656235799193,5724985.675966780632734,7.077442644000030,51.660107579000055,0,5210510701500380000
5,5,13,0,2021,11,11,3,2,2,6,0,0,1,0,0,0,0,366818.954262859188020,5709326.867502920329571,7.080423703000065,51.519340814000032,0,5211102700000070000
5,5,54,4,2021,10,15,5,3,5,3,0,1,1,0,0,0,0,361925.690144467167556,5773003.763099862262607,6.984575521000068,52.090351360000057,0,5211028705000980000
5,5,62,12,2021,6,16,4,2,0,1,0,0,0,0,1,0,0,362494.490683645009995,5728741.712555278092623,7.010520074000056,51.692769583000029,0,5210616701620600000
5,5,13,0,2021,6,16,7,3,5,2,0,0,1,0,0,0,0,362699.209136985242367,5716037.768131121993065,7.018463112000063,51.578660482000032,0,5210605700000460000
5,5,54,36,2021,11,16,4,3,0,7,1,1,1,0,0,0,0,369994.143240159377456,5765950.549208501353860,7.104960954000035,52.028925748000063,0,5211124705000190000
5,5,13,0,2021,12,17,5,2,6,2,2,0,1,1,0,0,0,367528.594999876804650,5709431.722999503836036,7.090606413000046,51.520449991000078,1,5211209700000870000
5,5,13,0,2021,1,12,2,3,1,6,0,0,1,0,0,0,0,361502.836686756461859,5717562.100365642458200,7.000606867000045,51.592065628000057,1,5210104700200100000
5,5,62,12,2021,10,19,6,3,5,3,2,1,1,0,0,0,0,361494.452359201386571,5736279.464698402211070,6.993062425000062,51.760256978000029,0,5211022701610980000
5,5,13,0,2021,3,18,5,3,0,2,1,0,1,0,0,0,1,365302.702397696673870,5715946.299595993012190,7.056048528000076,51.578466672000047,0,5210304700000360000
5,5,62,16,2021,5,8,3,3,5,7,0,0,1,0,0,1,0,370314.997042938135564,5731387.046426769345999,7.122618559000045,51.718403257000034,0,5210504701700850000
5,5,58,12,2021,6,12,6,3,5,3,0,1,1,0,0,0,0,372972.343254292383790,5755418.532948851585388,7.152247746000057,51.934971980000057,0,5210618706000690000
5,5,62,20,2021,4,6,5,3,5,3,0,0,1,0,0,0,0,369727.795219158753753,5719587.506549045443535,7.118521810000061,51.612229316000082,0,5210415701200670000
5,5,54,28,2021,3,20,6,3,8,1,2,0,1,0,0,0,0,362563.521923576481640,5745257.746763069182634,7.004984064000041,51.841197575000081,1,5210312702340180000
5,5,13,0,2021,3,21,5,2,6,2,2,0,1,1,0,0,0,366929.241472571156919,5714889.581842042505741,7.079908753000041,51.569356758000026,1,5210311700000380000
5,5,13,0,2021,3,15,2,3,5,2,0,1,1,0,0,0,0,367776.461999879218638,5713674.870999509468675,7.092583015000059,51.558639899000070,0,5210322700000370000
5,5,13,0,2021,12,11,5,3,5,3,0,0,1,0,0,0,0,368824.175999885424972,5708854.163999516516924,7.109484418000022,51.515561955000067,0,5211223700000290000
5,5,13,0,2021,6,17,1,3,5,2,0,1,1,0,0,0,0,366888.266999877057970,5706788.703999498859048,7.082380235000073,51.496547508000049,0,5210613700100080000
5,5,62,24,2021,12,18,2,3,6,2,2,0,1,1,0,0,0,366918.447185052558780,5724382.223099324852228,7.076149023000028,51.654659749000075,0,5211206701500550000
5,5,54,44,2021,5,17,6,3,5,3,0,0,1,0,0,0,0,366076.115999872796237,5744879.654999498277903,7.056086857000025,51.838653514000043,0,5210528705000140000
5,5,54,20,2021,10,11,7,3,0,1,0,1,0,0,0,0,0,366215.753999873995781,5782750.103999510407448,7.043321491000029,52.178980889000059,0,5211016705000080000
5,5,54,20,2021,3,20,5,3,0,6,2,0,1,0,0,0,0,365259.720244617201388,5784547.719967719167471,7.028633357000047,52.194900437000058,1,5210318705000020000
5,5,13,0,2021,3,8,6,3,5,2,0,0,1,0,0,0,1,362784.613198521547019,5711231.743606958538294,7.021570286000042,51.535493048000035,0,5210326700000780000
5,5,62,20,2021,1,14,5,3,5,3,0,0,1,0,0,0,0,370093.382457454688847,5719088.429515978321433,7.123983757000076,51.607828720000043,1,5210128701200440000
5,5,62,14,2021,9,18,3,2,3,5,0,0,1,0,1,0,0,361299.948176342062652,5714210.847252285107970,6.999003211000058,51.561900964000074,0,5210921701300780000
5,5,54,52,2021,9,8,7,3,5,3,0,0,1,0,0,0,0,371053.511999894864857,5772055.781999550759792,7.118089233000035,52.084034800000040,0,5210918705000090000
5,5,13,0,2021,4,9,6,2,2,6,0,0,1,0,0,1,0,368348.744863039813936,5707106.071012685075402,7.103289126000050,51.499741629000027,0,5210430700100060000
5,5,62,24,2021,9,7,6,3,3,6,0,0,1,0,0,0,1,367997.333609353750944,5726548.715669674798846,7.090917871000045,51.674383275000082,0,5210910702340090000
5,5,62,20,2021,10,12,3,3,2,2,0,0,1,0,0,0,0,368973.620896536856890,5718496.266884328797460,7.108043699000063,51.602247705000082,1,5211019701200580000
5,5,13,0,2021,4,9,4,3,5,2,0,1,1,0,0,0,0,366212.361999871209264,5714455.602999497205019,7.069736345000024,51.565287159000036,1,5210407700000720000
5,5,62,32,2021,4,12,6,3,5,3,0,0,1,0,0,0,1,372474.517557648010552,5721649.265346312895417,7.157418945000074,51.631386996000060,0,5210409701110790000
5,5,62,14,2021,3,12,5,3,2,6,0,0,1,0,0,0,0,360542.506760132499039,5714108.117378612980247,6.988123744000063,51.560791047000066,0,5210325701300760000
5,5,13,0,2021,5,16,7,3,2,6,0,0,1,0,0,0,0,366426.633612566627562,5710098.331779973581433,7.074480031000064,51.526181026000074,1,5210522702340380000
5,5,62,24,2021,10,18,1,3,5,2,0,0,1,0,0,0,0,373102.026432996615767,5724103.126308687031269,7.165590688000066,51.653581483000039,1,5211003701500650000
5,5,13,0,2021,6,19,6,3,5,2,0,1,1,0,0,0,0,367358.873999876901507,5707121.211999503895640,7.089030779000041,51.499646282000072,0,5210611700100780000
5,5,54,16,2021,1,7,3,3,7,7,1,1,0,0,0,0,0,363582.259851660579443,5757278.788209056481719,7.015006538000023,51.949465228000065,1,5210126705000340000
5,5,62,24,2021,5,18,2,3,6,2,0,0,0,1,0,0,1,370130.698683851398528,5725307.002705642953515,7.122215140000037,51.663721726000063,0,5210503701500880000
5,5,13,0,2021,12,6,5,3,5,3,1,0,1,0,0,0,1,368573.760304569266737,5707588.136007366701961,7.106349432000059,51.504126219000057,0,5211209700000580000
5,5,13,0,2021,2,21,7,2,9,1,2,0,1,0,0,0,0,366368.696482509374619,5709940.203213497996330,7.073705333000021,51.524746281000034,2,5210206702340270000
5,5,54,16,2021,1,14,6,3,1,6,0,0,1,0,0,0,1,361504.430521487258375,5756334.945068852975965,6.985172604000070,51.940470903000062,0,5210129705000940000
5,5,54,16,2021,6,14,3,3,2,2,0,0,1,0,0,0,0,364565.890063461847603,5755537.304315263405442,7.029995868000071,51.934057087000042,0,5210601705000580000
5,5,62,24,2021,6,7,4,3,5,2,0,1,1,0,0,0,0,370282.605263770557940,5727008.606033761054277,7.123778407000032,51.679048508000051,0,5210602701500780000
5,5,62,24,2021,11,11,5,3,5,3,0,1,1,0,0,0,0,373458.754324245266616,5725658.011327501386404,7.170181715000069,51.667635480000058,0,5211118701500260000
5,5,54,16,2021,10,9,3,3,4,1,0,0,1,0,0,0,1,362992.701965478248894,5759021.250402526929975,7.005738740000027,51.964977357000066,0,5211026705000390000
5,5,13,0,2021,2,11,5,3,6,4,0,0,0,1,0,0,1,367631.325999879278243,5709118.825999507680535,7.092203785000038,51.517662162000079,0,5210204700100860000
5,5,13,0,2021,12,16,4,3,0,7,2,1,0,0,0,0,0,366493.111965804360807,5718706.961111258715391,7.072167793000062,51.603558556000053,0,5211208700000280000
5,5,62,20,2021,12,15,5,3,2,6,0,0,1,0,0,0,0,372545.483878909610212,5715982.927329039201140,7.160503424000069,51.580480145000081,0,5211209701200760000
5,5,58,12,2021,11,9,2,3,5,2,0,0,1,0,1,0,0,374448.855999908410013,5755991.674999568611383,7.173504127000058,51.940457563000052,1,5211108706000290000
5,5,54,44,2021,3,16,7,3,2,2,0,0,1,0,0,0,0,362212.106999852694571,5740973.912999458611012,7.001590831000044,51.802617500000053,0,5210320705000590000
5,5,62,24,2021,11,6,5,3,5,3,2,0,1,0,0,0,1,368521.225999883376062,5724353.523999519646168,7.099316056000021,51.654779005000080,0,5211104701500580000
5,5,62,24,2021,10,13,4,3,2,6,0,0,1,0,0,0,0,367562.794999877922237,5723505.885999508202076,7.085790068000051,51.646936745000062,1,5211006701500080000
5,5,54,20,2021,11,15,6,3,5,3,0,1,1,0,0,0,0,366238.512011576443911,5787485.034379312768579,7.041784419000066,52.221531655000035,1,5211126705000480000
5,5,13,0,2021,10,12,1,2,0,2,0,1,0,0,0,0,0,368521.146991099230945,5712665.131856009364128,7.103696755000044,51.549739735000060,1,5211024700000080000
5,5,13,0,2021,4,17,2,3,5,3,0,0,1,0,0,0,0,367590.093669824302197,5713640.526438016444445,7.089909062000061,51.558287540000038,1,5210405700000080000
5,5,13,0,2021,2,17,1,2,6,4,0,0,1,1,0,0,0,370250.908567213453352,5710603.031840840354562,7.129390666000063,51.531608335000044,0,5210228700100350000
5,5,54,4,2021,7,21,7,3,5,3,0,1,1,0,0,0,0,362163.499364142306149,5772903.023830862715840,6.988085152000053,52.089505466000048,0,5210710705000090000
5,5,13,0,2021,7,16,3,3,5,3,0,1,1,0,0,0,0,364895.925089830532670,5718855.210839321836829,7.049061698000060,51.604509881000070,0,5210713700000980000
5,5,62,24,2021,9,16,7,3,0,7,0,0,0,0,0,0,1,370892.435592435300350,5722078.203638790175319,7.134414657000036,51.634880924000072,0,5210904701500470000
5,5,13,0,2021,11,17,3,3,5,3,2,1,1,0,0,0,0,365687.477805183269083,5709898.689554804936051,7.063907412000049,51.524211615000070,1,5211109700000070000
5,5,13,0,2021,3,9,7,2,8,7,0,0,1,0,0,0,1,362324.434952876530588,5711021.930034335702658,7.015021559000047,51.533495568000035,0,5210320700200670000
5,5,54,44,2021,10,15,6,3,2,6,0,0,1,0,1,0,0,368917.840792867355049,5744854.762995278462768,7.097319278000043,51.839104076000069,0,5211008705000380000
5,5,62,32,2021,10,14,2,3,5,3,0,1,1,0,0,0,0,373836.472999904304743,5720940.854999557137489,7.177341911000042,51.625327600000048,0,5211004701110150000
5,5,62,24,2021,10,16,4,3,5,2,0,0,1,0,0,0,0,373101.685584629885852,5724103.130977842956781,7.165585762000035,51.653581448000068,0,5211020701500970000
5,5,54,24,2021,6,8,3,3,5,3,0,0,0,0,1,1,0,370041.104832557030022,5776756.011695547029376,7.101529121000056,52.126033672000062,0,5210622705000620000
5,5,54,24,2021,4,21,2,3,8,1,2,0,1,0,0,0,0,369014.846633640117943,5776014.941697236150503,7.086831569000026,52.119132362000073,1,5210405702340580000
5,5,13,0,2021,9,17,3,3,3,2,0,0,1,0,1,0,0,365623.467999869026244,5709902.617999488487840,7.062983790000033,51.524231692000058,0,5210914700100600000
5,5,58,12,2021,12,16,5,2,2,6,1,0,1,0,0,0,0,372648.867592647671700,5755092.982933033257723,7.147665608000068,51.931972545000065,0,5211216706000780000
5,5,13,0,2021,2,18,6,3,3,2,1,1,1,0,0,0,0,364590.086617640219629,5714258.531781731173396,7.046420929000021,51.563129000000060,0,5210226700200060000
5,5,62,24,2021,4,7,2,3,6,4,1,0,1,1,0,0,0,366799.671358447521925,5724852.682042524218559,7.074253781000039,51.658859351000046,0,5210412701500060000
5,5,62,20,2021,10,20,6,2,0,1,2,0,0,0,1,0,0,370820.897851527668536,5717584.136318169534206,7.135038034000047,51.594477309000069,0,5211015701200280000
5,5,54,44,2021,6,14,3,2,9,1,0,0,0,0,1,0,0,365910.015970272012055,5741204.421758329495788,7.055100555000024,51.805587852000031,0,5210601705000050000
5,5,62,24,2021,1,18,5,2,2,6,2,0,1,0,0,0,0,368472.437686758115888,5726604.333876531571150,7.097764007000023,51.674994531000038,1,5210128702340170000
5,5,13,0,2021,10,12,5,3,5,2,0,0,1,0,0,0,0,366965.557520266622305,5706139.881998866796494,7.083737594000070,51.490734931000077,0,5211028700000640000
5,5,62,24,2021,7,15,2,3,2,6,0,0,1,0,0,0,0,372193.375888921320438,5725505.423648182302713,7.151950043000056,51.665977803000033,0,5210705701500880000
5,5,13,0,2021,6,15,3,3,3,6,0,0,1,0,0,0,0,366795.648119870573282,5714794.956550441682339,7.078018158000020,51.568474858000059,0,5210608700000220000
5,5,62,14,2021,10,12,7,3,2,6,0,0,1,0,0,0,0,360529.562663955613971,5714424.112423706799746,6.987811760000056,51.563627404000044,0,5211009701300980000
5,5,62,14,2021,11,7,5,2,3,6,0,0,1,0,1,0,0,360743.550227036699653,5715157.906791163608432,6.990606223000043,51.570274226000038,1,5211118701300880000
5,5,54,20,2021,9,13,4,3,2,6,0,0,1,0,0,0,0,365182.319999870844185,5784948.539999498054385,7.027342161000036,52.198483016000068,1,5210929705000780000
5,5,62,14,2021,6,11,2,3,8,6,0,0,0,0,0,1,0,362712.927583633922040,5713749.823193598538637,7.019554822000032,51.558103793000043,0,5210607702340080000
5,5,62,14,2021,5,14,3,3,5,3,0,0,1,0,0,0,0,360981.799488372169435,5715182.217670317739248,6.994032140000058,51.570551478000027,1,5210511701300060000
5,5,62,24,2021,10,16,3,3,2,6,0,0,1,0,0,0,0,364130.465073992498219,5724465.929031325504184,7.035838174000048,51.654745014000071,0,5211005701500470000
5,5,13,0,2021,12,17,4,3,6,2,2,0,1,1,0,0,0,366087.067711917683482,5716095.789572380483150,7.067304533000026,51.579996953000034,1,5211229700000160000
5,5,62,14,2021,4,14,2,3,2,6,0,0,1,0,0,0,0,360316.685220565646887,5713732.569409420713782,6.985017307000021,51.557360467000080,0,5210405701300970000
5,5,62,16,2021,4,15,1,2,9,7,0,0,1,0,0,0,0,370916.036938774399459,5738027.848238600417972,7.128849530000025,51.778219826000054,0,5210425701700780000
5,5,62,24,2021,10,19,2,2,2,6,2,0,1,0,0,1,0,365917.471679372712970,5725820.260411679744720,7.061135986000068,51.667344563000029,0,5211004702340590000
5,5,62,24,2021,9,16,1,3,0,1,0,0,0,0,1,0,0,372211.716310277581215,5725506.560746869072318,7.152214676000028,51.665992193000079,0,5210926701500380000
5,5,62,14,2021,4,14,4,3,2,6,0,0,0,0,0,1,0,361161.127502813003957,5713747.923705091699958,6.997184598000047,51.557706914000050,1,5210407702340070000
5,5,54,16,2021,9,7,2,3,0,7,0,1,1,0,0,0,0,363476.117923949845135,5757410.597028039395809,7.013410732000068,51.950623572000040,0,5210920705000690000
5,5,13,0,2021,10,17,4,2,5,3,0,1,1,0,0,0,0,368432.679420179687440,5705274.750988207757473,7.105180291000067,51.483303433000060,0,5211027700000740000
5,5,62,20,2021,9,17,1,3,5,2,0,0,1,0,0,0,0,367861.188870738260448,5718354.151232866570354,7.092043821000061,51.600710666000055,0,5210905701200280000
5,5,62,20,2021,9,18,3,2,5,5,0,0,1,0,1,0,0,371452.631662436760962,5719958.423777334392071,7.143282825000028,51.615959164000060,0,5210907701200070000
5,5,13,0,2021,5,9,2,3,5,2,0,1,1,0,0,0,0,365012.213028864003718,5718130.680350994691253,7.051018728000031,51.598026872000048,0,5210503700200370000
5,5,13,0,2021,9,5,3,3,5,3,2,1,1,0,0,0,0,367246.175999878905714,5713358.636999504640698,7.085057248000055,51.555673473000070,0,5210914700000180000
5,5,13,0,2021,2,12,4,3,1,3,0,0,1,0,0,0,0,364308.522537582553923,5715638.636356942355633,7.041828371000065,51.575463453000054,0,5210224700200170000
5,5,62,32,2021,6,10,3,3,5,3,0,0,1,0,0,0,1,373803.840999905019999,5719172.330999553203583,7.177507662000039,51.609426571000029,0,5210608701110430000
5,5,13,0,2021,1,13,3,3,4,2,0,0,1,0,0,0,0,368795.301999883726239,5710433.172999516129494,7.108480519000068,51.529745473000048,1,5210112700100960000
5,5,13,0,2021,1,20,6,3,9,1,2,0,1,0,0,0,0,364461.435999862849712,5709808.878999477252364,7.046279779000031,51.523111627000048,2,5210108700100670000
5,5,12,0,2021,4,14,6,3,1,6,0,0,1,0,0,0,0,360583.994415843859315,5709623.065789707005024,6.990498399000046,51.520498069000041,0,5210402701400650000
5,5,62,14,2021,3,18,4,3,4,1,1,0,1,0,0,0,0,361553.094634446315467,5711446.469349237158895,7.003740832000062,51.537121946000070,0,5210317701300330000
5,5,13,0,2021,2,17,6,3,1,6,0,0,1,0,0,1,0,363225.202147108502686,5719730.691890180110931,7.024609823000048,51.611973845000080,2,5210212700200480000
5,5,13,0,2021,6,7,4,2,5,3,0,0,1,0,1,0,0,369261.672449414618313,5707540.577801559120417,7.116273042000046,51.503858374000060,0,5210609700100260000
5,5,13,0,2021,9,12,3,3,3,6,0,1,1,0,0,0,0,365800.050825087353587,5715563.122560970485210,7.063368244000060,51.575141894000069,0,5210907700000680000
5,5,54,4,2021,12,12,3,2,5,2,0,1,1,0,0,0,0,363983.357999864034355,5772079.056999482214451,7.014959793000060,52.082551993000038,1,5211207705000540000
5,5,62,14,2021,4,13,7,3,2,6,0,0,1,0,0,0,1,361462.797726760618389,5713678.860635874792933,7.001560689000030,51.557160470000042,0,5210424701300680000
5,5,54,24,2021,12,18,2,3,2,6,2,0,1,0,0,0,0,368841.565283405594528,5775868.552211975678802,7.084358564000070,52.117775864000066,0,5211206705000380000
5,5,62,20,2021,6,12,4,3,5,2,0,0,1,0,0,0,0,371533.306580549106002,5716059.592955732718110,7.145875255000021,51.580939334000050,0,5210602701200180000
5,5,66,68,2021,7,22,6,2,8,1,2,0,1,0,0,0,0,375027.599810812622309,5788692.217264119535685,7.169933493000030,52.234443557000077,0,5210709709300810000
5,5,54,20,2021,5,16,7,3,0,6,0,1,0,0,0,0,0,366077.745618354529142,5785865.296622719615698,7.040073241000073,52.206938662000027,0,5210529705000320000
5,5,13,0,2021,3,20,7,3,7,7,2,0,0,0,1,0,0,362471.594734054990113,5720972.938909139484167,7.013245210000036,51.622953263000056,0,5210306700000180000
5,5,62,20,2021,11,14,6,3,4,2,0,0,1,0,0,0,1,371426.990077326074243,5715581.074915196746588,7.144516873000043,51.576614704000065,0,5211126701200840000
5,5,58,12,2021,5,18,2,3,1,6,0,0,1,0,0,0,0,372808.847999901510775,5756734.339999560266733,7.149384220000059,51.946758950000060,0,5210503706000480000
5,5,13,0,2021,5,17,5,3,2,6,0,0,1,0,0,0,0,366094.270928419195116,5716033.313291979953647,7.067432252000060,51.579437222000081,1,5210527700000060000
5,5,62,24,2021,10,6,3,2,4,7,2,0,1,0,0,0,0,364599.381679685786366,5724390.066702270880342,7.042642050000040,51.654176439000082,1,5211012701500610000
5,5,62,16,2021,1,20,7,2,8,1,2,0,1,0,0,0,0,370734.951904360204935,5731469.472947863861918,7.128663937000056,51.719240938000041,0,5210102701700190000
5,5,54,4,2021,3,8,2,3,2,6,0,0,1,0,0,0,0,362746.849126895889640,5771134.896593077108264,6.997305777000065,52.073763219000057,0,5210329705000880000
5,5,13,0,2021,5,15,4,3,2,6,0,0,1,0,0,0,1,369447.941469488665462,5711331.187008935958147,7.117550889000029,51.537967037000044,1,5210519702340070000
5,5,62,20,2021,11,6,6,3,0,7,2,1,0,1,0,0,0,371407.286156515590847,5717779.772642964497209,7.143427237000026,51.596369624000033,1,5211126701200160000
5,5,54,20,2021,11,15,4,3,0,7,0,1,0,0,0,0,0,362560.995768781751394,5786832.743068063631654,6.988247443000034,52.214765541000077,1,5211103705000170000
5,5,13,0,2021,12,12,7,3,5,3,0,0,1,0,0,0,0,365017.638791567645967,5718104.380698909983039,7.051107137000031,51.597791834000077,0,5211225700000590000
5,5,54,20,2021,11,17,7,3,0,7,2,1,0,0,0,0,0,366095.902653062716126,5787345.081915142014623,7.039753387000076,52.220239486000082,1,5211113705000420000
5,5,66,68,2021,10,16,5,3,2,6,0,0,1,0,0,0,1,371458.992103150114417,5784708.755572652444243,7.119218746000058,52.197827538000070,0,5211028702340780000
5,5,13,0,2021,12,16,5,3,5,3,2,0,1,0,0,0,1,369043.193999886512756,5708122.719999520108104,7.112910784000064,51.509039408000035,1,5211209700000090000
5,5,62,12,2021,3,9,1,2,5,3,0,1,1,0,0,0,0,361260.838114062324166,5728170.393157945945859,6.992910043000052,51.687332232000074,0,5210307701610250000
5,5,54,20,2021,11,7,3,3,5,3,0,1,1,0,0,0,0,366842.143999877385795,5782107.489999517798424,7.052729345000046,52.173358225000072,0,5211109705000080000
5,5,13,0,2021,12,6,2,3,2,6,2,0,1,0,0,0,0,363999.988446501083672,5710084.104992039501667,7.039526180000053,51.525473997000063,2,5211206700000220000
5,5,54,16,2021,4,18,4,3,8,3,0,0,1,0,0,0,0,361454.768999850377440,5756333.705999452620745,6.984451113000034,51.940447407000079,0,5210407705000720000
5,5,13,0,2021,9,8,4,3,0,1,0,0,1,0,0,0,0,365441.489688120782375,5709115.228109776973724,7.060662893000028,51.517112453000038,0,5210901702340080000
5,5,13,0,2021,12,21,1,3,2,6,2,0,1,0,0,0,1,368657.203999882563949,5712228.905999513342977,7.105820788000074,51.545851176000042,1,5211219700000770000
5,5,13,0,2021,6,9,3,2,3,6,0,0,1,0,0,0,1,369025.033218245953321,5714925.667095117270947,7.110117842000022,51.570171771000048,0,5210601702340270000
5,5,62,24,2021,3,3,3,3,8,7,2,0,1,0,0,0,0,372011.537492404691875,5729933.187980812042952,7.147698499000057,51.705727593000063,1,5210309702340080000
5,5,54,20,2021,11,11,3,3,7,5,0,0,1,0,0,0,0,362851.239331619814038,5786792.687118098139763,6.992509262000056,52.214477954000074,0,5211109705000000000
5,5,62,24,2021,6,11,3,3,5,3,0,1,1,0,0,0,0,366941.941772919148207,5723322.716734128072858,7.076891532000047,51.645144135000066,0,5210622701500940000
5,5,13,0,2021,1,7,4,2,3,3,2,1,0,0,0,0,1,365724.347223347984254,5707681.736303731799126,7.065283034000061,51.504297571000052,0,5210127700100360000
5,5,62,24,2021,10,21,7,3,5,2,0,0,1,0,0,0,0,370141.981380675919354,5725317.161501072347164,7.122374407000052,51.663815626000030,0,5211016701500940000
5,5,54,16,2021,10,16,3,3,1,6,0,0,1,0,0,0,0,366466.257393117062747,5755804.790779111906886,7.057517209000025,51.936919883000030,1,5211005705000870000
5,5,62,16,2021,1,22,7,2,5,3,2,0,1,0,0,0,0,372314.088441441766918,5733138.336242452263832,7.150899781000021,51.734600245000081,1,5210109701700610000
5,5,13,0,2021,10,12,5,3,9,1,0,0,1,0,0,0,0,366722.102066398598254,5710819.664160758256912,7.078463793000026,51.532733178000058,0,5211007700100180000
5,5,54,24,2021,11,8,3,3,5,3,0,0,1,0,0,0,0,372106.253999900072813,5780547.105999562889338,7.130253184000026,52.160581947000026,1,5211123705000690000
5,5,54,4,2021,10,7,2,3,5,2,0,0,1,0,0,0,0,362116.207696480676532,5776156.443000532686710,6.986078459000055,52.118726450000054,0,5211004705000690000
5,5,13,0,2021,1,17,2,3,5,3,2,0,1,0,0,0,0,364671.027723159641027,5716648.903356280177832,7.046667104000051,51.584629230000075,1,5210118700200880000
5,5,13,0,2021,10,8,1,3,8,1,0,0,1,0,0,0,0,363066.892629805020988,5713712.234431343153119,7.024672340000052,51.557852047000040,1,5211031702340590000
5,5,54,20,2021,1,10,2,3,6,4,0,0,1,1,0,0,0,365212.386024517007172,5784734.720505461096764,7.027866872000061,52.196569130000057,1,5210125705000790000
5,5,54,20,2021,11,16,2,3,0,7,0,1,0,0,0,0,0,364656.756604947149754,5786234.206794034689665,7.019143266000071,52.209906311000054,1,5211108705000020000
5,5,13,0,2021,10,14,5,3,5,2,0,0,1,0,1,0,0,369621.679054162465036,5706838.750904979184270,7.121716530000072,51.497634298000037,0,5211007700100190000
5,5,62,12,2021,10,14,3,3,5,2,0,1,0,0,1,0,0,361646.653999850153923,5722109.796999450773001,7.000886650000041,51.632966935000070,0,5211005701610390000
5,5,13,0,2021,3,19,5,2,5,3,2,0,1,0,0,0,0,369204.832412650808692,5716069.444354481995106,7.112284813000031,51.580492324000033,1,5210304700200660000
5,5,13,0,2021,3,12,3,3,1,5,0,0,1,0,0,0,0,367221.556747066788375,5714311.397430228069425,7.084342507000031,51.564229761000036,0,5210323700000770000
5,5,58,12,2021,7,14,6,3,5,2,0,1,1,0,0,0,0,373838.102503105998039,5756046.246701760217547,7.164603887000055,51.940809824000041,0,5210702706000480000
5,5,13,0,2021,12,18,2,3,6,2,2,0,0,1,0,0,1,368303.488769096322358,5707061.659826902672648,7.102654080000036,51.499331972000050,0,5211220700000470000