ULAND,UREGBEZ,UKREIS,UGEMEINDE,UJAHR,UMONAT,USTUNDE,UWOCHENTAG,UKATEGORIE,UART,UTYP1,ULICHTVERH,IstRad,IstPKW,IstFuss,IstKrad,IstGkfz,IstSonstige,LINREFX,LINREFY,XGCSWGS84,YGCSWGS84,STRZUSTAND,UIDENTSTLAE
5,5,12,0,2021,2,11,5,3,1,2,0,0,1,0,0,0,0,360231.120849772356451,5711418.102535793557763,6.984703246000038,51.536541275000047,2,5210211701400370000
5,5,54,24,2021,5,11,1,2,3,2,0,0,0,0,1,0,0,370321.349999892525375,5776201.579999549314380,7.105831888000068,52.121117450000042,0,5210509705000840000
5,5,66,68,2021,4,9,6,3,1,7,0,0,1,0,0,0,0,373053.278549084439874,5785348.698717851191759,7.142292761000022,52.203947416000062,0,5210423709300660000
5,5,62,20,2021,10,14,5,3,5,2,0,1,1,0,0,0,0,370590.314975161105394,5719824.147890506312251,7.130884360000039,51.614554879000082,0,5211028701200480000
5,5,62,20,2021,10,4,7,2,8,1,2,0,1,0,0,0,0,372574.108522149734199,5715980.734308356419206,7.160917118000043,51.580466909000052,0,5211023701200370000
5,5,62,12,2021,11,14,2,3,5,2,0,0,1,0,0,0,0,361917.811462446115911,5736286.354374311864376,6.999190097000053,51.760423432000039,0,5211101701610380000
5,5,62,20,2021,4,15,3,3,5,3,0,0,1,0,0,0,0,368326.187999883666635,5718236.911999516189098,7.098797982000065,51.599765985000033,0,5210427701200620000
5,5,62,24,2021,10,16,6,3,5,3,0,0,1,0,0,0,1,370227.611619971692562,5725390.926528979092836,7.123584432000030,51.664498308000077,0,5211029701500080000
5,5,13,0,2021,11,17,1,3,5,2,2,0,1,0,0,0,0,368022.690999880433083,5705267.407999508082867,7.099281911000048,51.483141921000026,0,5211128700000670000
5,5,13,0,2021,1,5,1,3,9,1,2,0,1,0,0,0,0,365483.103587957099080,5713852.327079808339477,7.059452070000020,51.559692358000063,2,5210110700000530000
5,5,62,14,2021,9,18,5,3,5,3,0,1,1,0,0,0,0,361220.701999846845865,5715160.666999440640211,6.997485636000022,51.570416674000057,0,5210916701300770000
5,5,62,20,2021,12,21,3,3,5,3,2,1,1,0,0,0,0,369755.030974100343883,5718968.882260933518410,7.119144773000073,51.606676221000043,0,5211207701200680000
5,5,54,28,2021,3,15,7,3,3,6,0,0,1,0,0,1,0,362506.179273616522551,5744967.335314746946096,7.004267656000025,51.838573896000071,2,5210313702340480000
5,5,62,20,2021,2,13,1,3,9,1,0,0,1,0,0,0,0,368144.764474007301033,5718495.729150585830212,7.096082716000069,51.602049430000079,2,5210207701200330000
5,5,13,0,2021,4,15,7,3,5,7,0,0,1,0,0,0,0,366355.287920652888715,5718482.335257627069950,7.070264434000023,51.601507273000038,1,5210410700200570000
5,5,58,12,2021,11,13,3,3,3,1,0,1,1,0,0,0,0,373446.795801517553627,5756398.351392813026905,7.158784766000053,51.943885116000047,1,5211123706000690000
5,5,54,28,2021,2,19,3,3,8,1,2,0,1,0,0,0,0,361517.692601162940264,5742515.211623331531882,6.990910118000045,51.816295639000032,2,5210209702340070000
5,5,54,20,2021,4,17,5,3,5,2,0,1,1,0,0,0,0,365585.028053828515112,5786836.225221494212747,7.032481495000070,52.215542834000075,0,5210401705000220000
5,5,54,36,2021,3,16,6,3,9,1,0,0,1,0,0,0,0,367397.196876950562000,5765880.284110859036446,7.067156691000037,52.027679613000032,0,5210319705000990000
5,5,13,0,2021,10,17,3,2,6,4,1,0,1,1,0,0,0,369690.777999887242913,5706243.817999521270394,7.122931108000046,51.492303625000034,1,5211005700100370000
5,5,62,20,2021,4,17,3,3,2,6,0,0,1,0,1,0,0,370314.687169101089239,5718766.040008876472712,7.127297077000037,51.604982498000027,0,5210427701200640000
5,5,13,0,2021,1,14,1,3,5,3,0,0,1,0,0,0,0,368124.568790891207755,5713272.213910562917590,7.097752726000067,51.555102842000053,1,5210110700000880000
5,5,13,0,2021,12,16,5,3,5,3,1,0,1,0,0,0,0,364279.134124374017119,5712750.620271306484938,7.042519570000024,51.549503579000032,0,5211230700000390000
5,5,13,0,2021,11,7,4,3,2,6,0,0,1,0,0,0,0,368303.214219398796558,5707061.328197903931141,7.102650251000057,51.499328928000068,0,5211124700000190000
5,5,12,0,2021,3,20,7,2,5,2,2,0,1,0,0,0,0,360582.895569114014506,5709582.242490898817778,6.990498722000041,51.520130953000034,0,5210313701400570000
5,5,54,16,2021,9,14,1,2,0,7,0,0,0,0,0,0,1,363367.495129656977952,5757659.907392691820860,7.011732053000060,51.952837108000040,0,5210905705000090000
5,5,62,20,2021,4,10,4,3,5,2,0,1,1,0,0,0,0,370820.130999893881381,5717581.019999537616968,7.135028117000047,51.594449128000065,0,5210428701200700000
5,5,62,32,2021,4,14,6,3,4,6,0,1,0,0,0,0,0,372357.135610742494464,5722335.569863151758909,7.155473623000034,51.637528098000075,0,5210423701110070000
5,5,62,24,2021,9,20,3,3,4,2,2,0,1,0,0,0,0,370139.737999889999628,5725315.198999529704452,7.122342718000027,51.663797472000056,0,5210928701500080000
5,5,54,24,2021,9,8,3,3,1,6,0,1,1,0,0,0,0,370417.137958041392267,5776081.993139801546931,7.107275735000030,52.120065319000048,0,5210928705000990000
5,5,62,20,2021,1,16,5,3,6,2,1,0,1,1,0,0,0,371448.973199483938515,5717812.691056650131941,7.144016697000040,51.596674972000073,1,5210107701200210000
5,5,62,24,2021,1,15,4,3,6,4,0,0,1,1,0,0,0,369445.167166076600552,5724987.488732654601336,7.112428148000049,51.660691537000048,1,5210127701500670000
5,5,13,0,2021,2,12,4,3,5,3,0,1,1,0,0,0,0,367138.556642822921276,5714957.909367883577943,7.082901326000069,51.570020149000072,0,5210224700200060000
5,5,62,24,2021,10,12,5,3,5,3,0,0,1,0,0,0,0,366788.124288598075509,5724846.175610199570656,7.074089420000064,51.658798145000048,1,5211014701500170000
5,5,13,0,2021,12,22,7,3,2,6,2,0,1,0,0,0,0,365875.781693935394287,5709849.674144210293889,7.066638778000026,51.523815887000069,1,5211204700000170000
5,5,58,12,2021,12,12,5,3,0,1,0,1,0,0,0,0,0,374448.855999908410013,5755991.674999568611383,7.173504127000058,51.940457563000052,1,5211230706200660000
5,5,13,0,2021,6,0,1,3,0,7,2,1,0,0,0,0,0,367586.880999878980219,5713636.624999508261681,7.089864214000045,51.558251725000048,1,5210620700200610000
5,5,13,0,2021,11,12,5,3,2,6,0,0,1,0,0,0,1,365238.587503185495734,5709902.330006565898657,7.057439335000026,51.524137396000071,0,5211104700000770000
5,5,62,12,2021,9,18,4,2,5,7,0,0,1,0,1,0,0,363834.843228217214346,5724628.723551366478205,7.031503911000073,51.656136385000082,0,5210908701610940000
5,5,13,0,2021,10,14,7,3,5,2,0,0,1,0,0,0,0,363153.476649418473244,5716247.774129662662745,7.024933105000059,51.580658120000066,1,5211030700000080000
5,5,62,24,2021,6,9,3,3,5,2,0,1,1,0,0,0,0,369735.223372640088201,5725125.319254495203495,7.116567990000021,51.661997472000053,0,5210615701500680000
5,5,62,24,2021,9,0,3,3,1,5,2,0,1,0,0,0,0,366747.751585450954735,5724822.619809530675411,7.073515066000027,51.658576894000078,0,5210914701500190000
5,5,62,32,2021,7,21,4,3,3,6,1,0,1,0,0,0,0,373404.035528895445168,5719594.780211571604013,7.171584365000058,51.613133360000063,1,5210714702340080000
5,5,13,0,2021,3,22,2,3,8,1,2,0,1,0,0,0,0,369706.997184019535780,5711338.828246723860502,7.121281260000046,51.538095562000080,0,5210308702340580000
5,5,54,16,2021,9,11,7,2,3,6,0,1,0,0,1,0,0,363051.893692865967751,5759003.747413609176874,7.006606743000020,51.964834667000048,0,5210925705000520000
5,5,13,0,2021,12,16,7,2,6,2,1,0,1,1,0,0,0,369016.672999884933233,5706868.111999515444040,7.112994738000054,51.497758299000054,1,5211218700000360000
5,5,58,12,2021,6,19,3,3,2,2,0,0,1,0,0,0,0,373849.421999906189740,5757366.383999567478895,7.164284044000055,51.952675702000079,0,5210615706200270000
5,5,13,0,2021,11,15,5,3,5,2,0,0,1,0,0,0,0,363666.051975305192173,5710660.484119795262814,7.034492351000040,51.530573047000075,0,5211111700000070000
5,5,13,0,2021,11,12,6,2,5,3,0,0,1,0,0,1,0,366545.464767963625491,5708081.376565102487803,7.076955725000062,51.508083491000036,0,5211112700000490000
5,5,54,16,2021,7,16,1,2,8,1,0,0,1,0,0,0,0,368085.454141424968839,5757398.215222859755158,7.080445570000052,51.951624561000074,1,5210704705000250000
5,5,13,0,2021,11,10,7,3,2,6,0,0,1,0,0,0,0,365350.161011741496623,5715374.752259481698275,7.056952125000066,51.573341838000033,1,5211127700000300000
5,5,12,0,2021,11,20,7,2,6,4,2,0,1,1,0,0,0,360230.293986159376800,5711426.221959996968508,6.984688109000047,51.536614032000045,0,5211120701400020000
5,5,58,12,2021,3,16,3,3,2,6,0,0,1,0,0,0,1,374194.371999906376004,5756907.332999570295215,7.169468937000033,51.948628600000063,1,5210309706200520000
5,5,13,0,2021,5,8,2,3,0,5,1,0,1,0,0,0,0,369158.241306005977094,5716039.675995292142034,7.111623867000048,51.580213990000061,0,5210524700200970000
5,5,62,24,2021,9,19,3,3,2,6,1,0,1,0,0,0,0,367318.011044114828110,5723540.421480979770422,7.082241063000026,51.647189390000051,0,5210914701500280000
5,5,62,20,2021,6,9,2,3,5,3,0,1,1,0,0,0,0,370566.257999891415238,5718384.650999533012509,7.131068531000039,51.601612918000058,0,5210628701200980000
5,5,54,24,2021,5,13,5,2,8,1,0,0,1,0,0,0,0,366360.323818119242787,5774244.287094978615642,7.048778641000069,52.102586777000056,0,5210520705000150000
5,5,54,20,2021,12,17,3,3,5,3,2,0,1,0,0,0,1,366215.753999873995781,5782750.103999510407448,7.043321491000029,52.178980889000059,1,5211228705000020000
5,5,54,4,2021,10,18,1,3,5,3,2,1,1,0,0,0,0,364472.624608954414725,5772590.845339370891452,7.021892199000035,52.087270640000042,1,5211031705000420000
5,5,13,0,2021,5,9,1,3,9,1,0,0,0,0,1,0,0,365475.416088989004493,5714373.975294277071953,7.059141614000055,51.564378301000033,1,5210523700200480000
5,5,13,0,2021,10,16,7,3,2,6,0,0,1,0,0,0,0,366129.242999872192740,5709719.558999493718147,7.070339556000022,51.522706732000074,0,5211023702340980000
5,5,54,4,2021,9,14,2,3,2,6,0,0,1,0,0,0,0,362308.108136000111699,5770879.528843464329839,6.991011282000045,52.071359747000031,0,5210913705000090000
5,5,13,0,2021,11,15,5,3,2,6,1,0,1,0,0,0,0,365032.631591312587261,5717411.302701188251376,7.051590072000067,51.591567166000061,0,5211118700000470000
5,5,13,0,2021,5,11,5,3,5,3,0,0,1,0,1,0,0,366639.953999875113368,5714627.112999498844147,7.075836734000063,51.566929722000054,0,5210513700000660000
5,5,54,4,2021,11,13,3,2,5,4,0,0,1,1,0,0,0,363232.060795488767326,5772370.762485716491938,7.003885491000062,52.084987983000076,0,5211109705000890000
5,5,13,0,2021,2,15,5,2,6,2,0,0,0,1,0,1,0,365934.628999870270491,5715784.696999497711658,7.065224570000055,51.577165089000061,0,5210204700200990000
5,5,62,14,2021,10,14,6,3,2,6,0,0,1,0,1,0,0,361499.710999848321080,5712844.707999449223280,7.002421306000031,51.549673693000045,0,5211008701300080000
5,5,13,0,2021,2,13,1,3,2,6,0,0,1,0,0,0,0,368474.204256074503064,5714957.146954176947474,7.102162644000032,51.570326447000070,0,5210221702340340000
5,5,54,36,2021,11,13,6,3,2,6,0,0,1,0,0,0,0,368877.181281003169715,5767474.842667179182172,7.088104846000022,52.042359971000053,0,5211105705000190000
5,5,62,12,2021,9,8,6,3,5,3,0,0,1,0,0,0,0,360650.892999845556915,5724823.602999439463019,6.985427191000042,51.657107282000027,1,5210910701610590000
5,5,13,0,2021,10,22,6,3,0,7,2,0,0,0,0,0,1,364637.584874876774848,5715222.066102635115385,7.046734628000024,51.571799102000057,0,5211008700200450000
5,5,62,20,2021,3,13,5,2,5,2,0,0,1,0,0,0,0,370635.079043532721698,5717636.077337138354778,7.132337746000076,51.594901452000045,0,5210318701200080000
5,5,62,20,2021,7,7,5,3,5,3,0,0,1,0,0,0,0,369811.845826277509332,5719653.263773178681731,7.119710596000061,51.612839700000052,1,5210701701200300000
5,5,13,0,2021,9,8,2,3,2,6,0,0,1,0,0,0,0,368702.895055987872183,5711229.936649210751057,7.106852012000047,51.536884320000070,0,5210913702340890000
5,5,54,4,2021,6,13,5,3,5,3,0,1,1,0,0,0,0,363035.602435120381415,5772355.733583889901638,7.001026123000031,52.084804370000029,0,5210624705000040000
5,5,13,0,2021,11,18,5,3,2,6,2,0,1,0,0,0,0,368957.558009970001876,5708111.141577692702413,7.111681792000070,51.508915502000036,1,5211125700000870000
5,5,13,0,2021,12,12,5,3,2,6,0,0,1,0,0,0,0,367015.824999876320362,5709270.779999498277903,7.083280713000022,51.518883158000051,0,5211223700000170000
5,5,58,12,2021,12,10,1,3,5,2,0,0,1,0,0,0,0,373773.255999905057251,5756294.409999564290047,7.163569934000066,51.943025218000059,1,5211212706200020000
5,5,62,14,2021,1,15,3,3,0,1,0,1,0,0,0,0,0,361019.578745731152594,5714960.224532041698694,6.994664721000049,51.568565937000074,1,5210105701300720000
5,5,62,24,2021,2,19,6,3,5,3,2,1,1,0,0,0,0,365198.725477837026119,5721216.950073491781950,7.052523063000024,51.625805869000033,0,5210205701500190000
5,5,54,20,2021,12,7,4,2,5,3,2,1,1,0,0,0,0,363278.717999860644341,5784977.544999480247498,6.999495139000032,52.198274855000079,1,5211229705000040000
5,5,13,0,2021,11,10,1,3,8,7,0,1,0,0,0,0,0,368286.764999883249402,5713089.891999512910843,7.100159235000035,51.553502263000041,1,5211107700000860000
5,5,58,12,2021,9,17,5,3,9,6,0,0,1,0,1,0,0,367632.704190502874553,5748048.621769491583109,7.077453494000054,51.867501348000076,0,5210902706000870000
5,5,54,28,2021,3,8,7,3,8,1,0,0,1,0,0,0,0,362866.215284015983343,5748266.554129473865032,7.008181277000062,51.868308373000048,1,5210327071400170000
5,5,54,24,2021,12,15,5,1,8,1,0,0,1,0,0,0,0,372026.434883235953748,5780403.583736838772893,7.129141034000043,52.159273772000063,1,5211223705000080000
5,5,54,4,2021,3,8,3,3,4,2,0,0,1,0,0,1,0,362751.159999857656658,5771137.374999469146132,6.997367640000050,52.073786556000073,0,5210323705000080000
5,5,54,20,2021,6,16,4,3,0,7,0,1,0,0,0,0,0,364544.604062499478459,5786133.717464756220579,7.017543093000029,52.208975834000057,0,5210602705000850000
5,5,58,12,2021,4,17,6,3,5,3,0,0,1,0,0,0,0,369588.779999888502061,5747330.451999530196190,7.106118437000021,51.861508380000032,0,5210402706200110000
5,5,13,0,2021,5,8,3,3,5,3,0,1,1,0,0,0,0,367485.301013331860304,5708362.279037918895483,7.090384826000047,51.510829060000049,0,5210525700100800000
5,5,62,16,2021,6,11,4,2,0,7,0,0,0,0,1,0,0,369572.907999887131155,5737572.714999528601766,7.109562403000041,51.773818418000076,0,5210602701700970000
5,5,62,14,2021,12,12,6,3,2,6,0,0,1,0,0,0,0,360907.055091017857194,5715870.437488930299878,6.992681835000042,51.576717451000036,1,5211203701300570000
5,5,62,24,2021,6,21,4,2,6,4,1,1,0,1,0,0,0,373664.810501524247229,5725715.639898169785738,7.173138868000024,51.668199751000031,0,5210602701500480000
5,5,13,0,2021,11,16,2,3,1,6,1,0,1,0,0,0,0,367504.723532512784004,5713987.419248409569263,7.088547555000048,51.561384890000056,0,5211115700200800000
5,5,62,24,2021,10,16,7,3,2,6,0,0,1,0,0,0,0,367055.656312477774918,5725878.225720461457968,7.077562316000069,51.668135916000040,0,5211009701500850000
5,5,54,44,2021,6,16,4,2,8,6,0,0,1,0,0,0,0,367768.387327952310443,5745628.813693111762404,7.080348892000075,51.845788826000046,0,5210609705000150000
5,5,54,56,2021,4,5,2,2,8,1,2,0,1,0,0,0,0,361616.157939579337835,5762037.956602897495031,6.984498726000027,51.991742821000059,0,5210412705000080000
5,5,13,0,2021,4,19,5,3,1,5,0,0,1,0,0,1,0,365667.692035476677120,5713410.563737548887730,7.062282083000071,51.555766447000053,0,5210408700000980000
5,5,54,16,2021,12,16,2,3,2,6,2,0,1,0,0,0,0,363517.393999860621989,5758274.719999475404620,7.013667750000025,51.958398383000031,0,5211213705000660000
5,5,62,24,2021,11,6,2,2,0,1,2,0,0,0,1,0,0,370100.868028304539621,5728541.266283268108964,7.120580872000062,51.692779911000059,2,5211129701500280000
5,5,62,14,2021,10,14,3,2,9,1,0,0,1,0,0,0,0,361394.267590725794435,5713935.846660912036896,7.000471466000022,51.559452953000061,1,5211019701300130000
5,5,13,0,2021,6,6,2,3,5,3,0,1,1,0,0,0,0,368927.637999884784222,5708515.894999517127872,7.111100426000064,51.512546009000062,1,5210628700100980000
5,5,54,20,2021,4,7,3,3,5,3,0,0,1,0,0,0,0,363452.589999861083925,5785143.253999477252364,7.001970764000021,52.199806871000078,0,5210420705000780000
5,5,62,24,2021,7,18,3,3,5,3,0,0,1,0,0,0,0,368526.187999882735312,5724363.756999516859651,7.099383897000052,51.654872125000054,0,5210706701500080000
5,5,54,16,2021,12,21,5,3,0,1,2,1,0,0,0,0,0,362401.177999855019152,5758335.001999463886023,6.997409170000026,51.958664971000076,2,5211202705000880000
5,5,62,12,2021,9,19,4,2,5,3,1,0,1,0,0,1,0,362169.463739184662700,5732178.465041922405362,7.004461620000029,51.723572372000035,0,5210901701620380000
5,5,13,0,2021,6,7,4,3,5,3,0,0,1,0,0,0,0,367612.880999878980219,5713865.394999504089355,7.090152914000043,51.560313700000052,0,5210602700200880000
5,5,54,24,2021,6,9,6,3,0,2,0,1,1,0,0,0,0,370552.357832521200180,5775853.747869243845344,7.109336441000039,52.118046011000047,0,5210611705000290000
5,5,13,0,2021,6,13,7,3,0,1,0,1,0,0,0,0,0,367914.053044696338475,5713513.704997526481748,7.094627223000032,51.557223791000069,0,5210619700000470000
5,5,12,0,2021,6,18,4,3,5,3,0,1,1,0,0,0,0,360451.432999841868877,5709696.252999434247613,6.988559979000058,51.521123006000039,0,5210602701400280000
5,5,62,12,2021,12,13,1,3,3,6,0,0,1,0,0,0,0,361156.466385622508824,5726440.042001776397228,6.992089212000053,51.671757630000059,1,5211205701610950000
5,5,13,0,2021,10,16,4,2,6,4,0,0,1,1,0,0,0,362988.866702075116336,5711314.630666058510542,7.024481159000061,51.536287506000065,1,5211020700200880000
5,5,54,16,2021,6,17,2,3,8,1,0,0,1,0,0,0,0,366325.027558493427932,5757744.144242454320192,7.054710016000058,51.954312731000073,1,5210628705000660000
5,5,62,24,2021,12,16,7,3,5,3,1,1,1,0,0,0,0,373597.185999902896583,5725672.156999552622437,7.172177256000055,51.667793765000056,1,5211218701500680000
5,5,13,0,2021,6,3,5,2,9,1,2,0,1,0,0,1,0,369684.987941421568394,5711329.129164667800069,7.120967678000056,51.538003318000051,0,5210624702340580000
5,5,54,16,2021,5,18,2,3,5,3,0,1,0,0,0,0,1,362275.353993979282677,5757595.561180658638477,6.995875532000071,51.951989561000062,0,5210531705000820000
5,5,54,4,2021,4,16,6,3,2,1,0,0,1,0,0,0,1,365462.477999870665371,5772267.652999499812722,7.036458027000037,52.084608057000082,0,5210409705000020000
5,5,13,0,2021,5,17,4,3,2,1,0,0,1,0,0,0,0,368318.622504320926964,5711162.485870398581028,7.101339757000062,51.536188650000042,0,5210512702340580000
5,5,54,4,2021,4,14,3,3,1,6,0,0,1,0,0,0,0,362246.176568211987615,5770844.393933631479740,6.990122454000073,52.071028649000027,0,5210427705000070000
5,5,13,0,2021,2,18,6,3,6,2,2,0,1,1,0,0,0,369267.959809825755656,5710717.272102249786258,7.115185175000022,51.532408250000060,0,5210205700100070000
5,5,62,24,2021,6,20,7,2,4,2,0,0,1,0,1,0,0,366393.243720564991236,5724592.501485938206315,7.068480872000066,51.656424807000064,0,5210612701500580000
5,5,62,16,2021,11,15,3,3,5,2,0,0,1,0,1,0,0,373631.372999903745949,5733489.493999557569623,7.169838148000053,51.738054543000032,0,5211102701700080000
5,5,13,0,2021,5,16,1,3,9,1,0,0,0,0,1,0,0,362591.464578263461590,5711146.143034225329757,7.018820585000071,51.534676837000063,0,5210530700000070000
5,5,62,24,2021,10,13,3,3,2,2,0,0,1,0,0,0,0,369929.230411418713629,5722205.337839432060719,7.120457279000050,51.635801547000028,0,5211026701500470000
5,5,62,20,2021,5,21,7,3,5,3,0,1,1,0,0,0,0,371513.997129550203681,5717389.449250450357795,7.145109955000066,51.592886190000058,0,5210529701200590000
5,5,13,0,2021,6,7,3,3,5,2,0,0,1,0,0,0,0,366099.486999873071909,5716107.826999496668577,7.067479074000062,51.580108077000034,0,5210615700000280000
5,5,13,0,2021,2,17,3,3,2,6,0,0,1,0,0,0,0,366844.628576558083296,5709339.298577349632978,7.080788834000032,51.519458580000048,0,5210223700100120000
5,5,62,32,2021,11,6,3,3,1,6,2,0,1,0,0,0,0,373662.838881382718682,5719942.436272751539946,7.175194872000077,51.616315879000069,0,5211116701110090000
5,5,13,0,2021,10,16,1,3,5,3,0,0,1,0,0,0,0,363136.627999856136739,5711606.432999467477202,7.026496872000052,51.538945582000053,0,5211017700000780000
5,5,54,24,2021,6,15,1,2,5,3,0,1,1,0,0,0,0,367297.291106468997896,5772977.461918845772743,7.062943745000041,52.091429057000028,0,5210620705000520000
5,5,58,12,2021,10,15,2,3,5,3,0,0,1,0,1,0,0,374073.332908149808645,5755545.912093177437782,7.168207300000063,51.936366876000079,0,5211025706200130000
5,5,54,44,2021,6,12,4,3,5,3,0,1,1,0,0,0,0,363431.873519282788038,5744122.177236665040255,7.018029026000022,51.831206589000033,0,5210616705000160000
5,5,13,0,2021,11,21,4,3,2,6,2,0,1,0,0,0,0,368975.669713594019413,5711079.133073525503278,7.110838920000049,51.535592460000032,0,5211117700000170000
5,5,54,16,2021,7,18,4,1,5,3,0,0,0,0,1,0,1,365138.757078770548105,5755407.704261533915997,7.038374218000058,51.933031635000077,1,5210714705000850000
5,5,13,0,2021,5,11,6,3,4,6,0,0,1,0,0,0,0,370724.028127001598477,5708416.902973506599665,7.137009897000041,51.512070266000080,0,5210514700100080000
5,5,13,0,2021,6,16,5,3,2,6,0,0,1,0,0,0,0,364310.882917899638414,5715637.478192105889320,7.041862860000037,51.575453613000036,0,5210610700000870000
5,5,54,20,2021,11,23,7,3,5,2,2,0,1,0,0,0,0,365244.207471087574959,5784517.075103610754013,7.028418724000062,52.194621292000079,0,5211113705000660000
5,5,62,12,2021,9,16,5,3,5,3,0,0,1,0,0,0,0,363150.903025623410940,5727782.583326023072004,7.020387282000058,51.684311185000070,0,5210923701610060000
5,5,13,0,2021,11,17,3,3,3,6,1,0,1,0,0,0,0,370262.923041654750705,5714660.912367179989815,7.128067215000044,51.568078666000076,0,5211109700000690000
5,5,62,14,2021,9,13,3,3,5,2,0,1,1,0,0,0,0,361481.474322239868343,5713510.117038579657674,7.001896398000042,51.555648699000074,0,5210907701300580000
5,5,62,20,2021,9,10,5,3,5,3,0,0,1,0,0,0,0,367492.632999877445400,5720897.610999507829547,7.085763910000026,51.623480967000035,0,5210923701200270000
5,5,66,68,2021,4,9,3,2,9,1,0,0,1,0,0,0,0,375492.051629788242280,5782756.690768830478191,7.178913747000024,52.181211610000048,1,5210406709300880000
5,5,13,0,2021,5,7,2,3,5,3,0,1,1,0,0,0,0,369480.371999887749553,5715453.210999524220824,7.116488261000029,51.575018267000075,0,5210524700200860000
5,5,13,0,2021,11,19,3,3,2,2,2,0,1,0,0,0,0,368801.947999883443117,5708922.114999514073133,7.109138961000042,51.516167456000062,0,5211109700000570000
5,5,13,0,2021,3,19,6,3,5,3,2,0,1,0,0,0,0,365236.178541182540357,5709902.304120244458318,7.057404642000051,51.524136589000079,0,5210319700100760000
5,5,54,64,2021,6,16,3,2,0,7,0,1,0,0,0,0,0,361454.237579885870218,5751220.847419029101729,6.986500351000075,51.894505566000078,0,5210615705000790000
5,5,54,44,2021,3,6,4,3,4,6,2,0,1,0,0,0,0,364446.061544783413410,5744930.246879745274782,7.032421665000072,51.838714853000056,0,5210310705000420000
5,5,13,0,2021,4,19,6,3,5,2,0,0,1,0,0,0,0,364913.910202996805310,5716769.964072844013572,7.050124090000054,51.585775402000081,0,5210430700000770000
5,5,58,12,2021,12,19,5,2,6,4,2,0,1,1,0,0,0,374283.884999907575548,5756018.893999570980668,7.171095528000023,51.940664917000049,0,5211216706200570000
5,5,62,24,2021,5,17,3,3,2,2,0,0,1,0,0,0,0,372466.831950586289167,5725516.969261880964041,7.155897722000020,51.666143693000038,0,5210518701500580000
5,5,54,20,2021,9,13,6,3,0,1,0,1,0,0,0,0,0,365250.280240925960243,5785970.084017941728234,7.027929490000076,52.207678529000077,0,5210910705000120000
5,5,13,0,2021,9,17,1,3,6,2,0,0,0,1,1,0,0,368712.363999884575605,5711959.869999513030052,7.106716195000047,51.543446253000070,0,5210905700100780000
5,5,62,24,2021,1,19,6,3,5,3,2,0,1,0,0,0,0,367486.001164655201137,5724683.414507694542408,7.084234578000064,51.657500470000059,0,5210122701500290000
5,5,62,12,2021,6,13,5,3,9,1,0,0,0,0,0,0,1,362346.108999853953719,5729774.658999457955360,7.007966975000045,51.702015261000042,1,5210603701610390000
5,5,62,24,2021,4,12,3,3,2,2,0,0,1,0,0,1,0,370534.004004898481071,5726189.683903237804770,7.127716109000062,51.671747146000030,0,5210413701500870000
5,5,62,24,2021,10,10,7,3,2,7,0,0,1,0,0,0,0,368473.130117764696479,5722827.331085428595543,7.099195056000042,51.641052551000030,0,5211023701500660000
5,5,13,0,2021,10,15,6,3,5,3,0,1,1,0,0,0,0,367241.197564400732517,5714288.503846190869808,7.084634351000034,51.564028650000068,1,5211022700000090000
5,5,54,36,2021,12,11,5,3,8,1,0,0,1,0,0,0,0,367035.870815725997090,5768532.096805896610022,7.060862007000026,52.051421637000033,0,5211209705000750000
5,5,54,20,2021,9,18,6,3,1,7,0,1,0,0,0,0,0,366237.103227248415351,5787483.595994690433145,7.041764377000050,52.221518389000039,0,5210903705000080000
5,5,13,0,2021,3,14,6,3,5,3,0,1,1,0,0,0,0,368371.655842878855765,5705295.232935450971127,7.104294318000029,51.483473302000050,0,5210305700100710000
5,5,62,24,2021,7,16,2,2,0,7,0,0,0,0,0,0,1,367798.193719914183021,5723396.816883699968457,7.089231633000054,51.646011990000034,0,5210712701500670000
5,5,54,20,2021,5,13,5,3,2,6,0,0,1,0,0,0,0,366574.283238684758544,5785726.026578029617667,7.047390270000051,52.205807689000039,0,5210520705000990000
5,5,54,16,2021,10,16,4,3,5,3,0,1,0,0,0,0,0,363669.887958608567715,5757170.196469776332378,7.016323843000066,51.948510944000077,1,5211006705000250000
5,5,62,24,2021,3,15,4,3,2,6,0,0,1,0,0,0,0,369766.364584417082369,5725124.578343741595745,7.117018259000076,51.661998031000053,0,5210303701500570000
5,5,58,12,2021,9,17,6,3,0,1,0,1,0,0,0,0,0,373296.088999902829528,5756360.027999566867948,7.156607489000066,51.943506426000056,0,5210903706000070000
5,5,13,0,2021,6,3,7,3,0,7,2,1,0,0,0,0,0,367965.874701463617384,5708754.681147506460547,7.097159095000052,51.514467982000042,1,5210605700100070000
5,5,62,32,2021,5,18,1,2,8,7,0,0,1,0,0,0,0,373786.327607465907931,5719889.009156497195363,7.176996804000055,51.615863432000026,0,5210523701110970000
5,5,13,0,2021,12,12,6,3,2,6,0,0,1,0,0,0,0,367267.476860561408103,5708977.624777326360345,7.087016036000023,51.516307854000047,1,5211224700000370000
5,5,13,0,2021,6,12,2,3,2,6,0,0,1,0,0,0,0,366735.294664300978184,5710835.879147605970502,7.078647746000058,51.532882010000037,0,5210607700000560000
5,5,13,0,2021,9,15,6,3,2,6,0,0,1,0,0,0,0,366952.038272297009826,5710523.174700096249580,7.081888919000050,51.530122968000057,0,5210917700100760000
5,5,62,24,2021,4,18,7,3,5,3,0,1,0,0,0,0,1,372379.204999898560345,5725514.207999549806118,7.154632371000048,51.666098983000040,0,5210417701500140000
5,5,13,0,2021,12,5,2,3,8,1,2,0,1,0,0,0,0,364043.567136107012630,5710027.932934453710914,7.040175661000035,51.524979704000032,2,5211206700000280000