ULAND,UREGBEZ,UKREIS,UGEMEINDE,UJAHR,UMONAT,USTUNDE,UWOCHENTAG,UKATEGORIE,UART,UTYP1,ULICHTVERH,IstRad,IstPKW,IstFuss,IstKrad,IstGkfz,IstSonstige,LINREFX,LINREFY,XGCSWGS84,YGCSWGS84,STRZUSTAND,UIDENTSTLAE
5,5,62,24,2021,11,12,3,3,2,6,0,0,1,0,0,0,0,368001.463080211542547,5723298.760641222819686,7.092204813000023,51.645178559000044,1,5211123701500670000
5,5,62,20,2021,6,16,3,3,5,3,0,0,1,0,1,0,0,371555.667999895289540,5719704.393999537453055,7.144863327000053,51.613699761000078,0,5210629701200100000
5,5,13,0,2021,10,18,7,3,1,3,0,1,1,0,0,0,0,368931.667087368667126,5707031.572529006749392,7.111710096000024,51.499207590000026,0,5211016700000280000
5,5,62,14,2021,6,14,4,3,1,5,0,1,0,0,0,0,1,360878.730671793222427,5715003.464722717180848,6.992616661000056,51.568919765000032,0,5210609701300360000
5,5,62,20,2021,11,7,3,3,6,4,2,0,1,1,0,0,0,371124.157399316318333,5718041.844067649915814,7.139245574000029,51.598660111000072,1,5211130701200640000
5,5,66,52,2021,9,20,1,2,8,1,1,0,1,0,0,0,0,375146.067179908044636,5779357.198004188016057,7.175106562000053,52.150585107000040,0,5210912709300130000
5,5,54,44,2021,1,6,5,3,7,7,2,0,1,0,0,0,0,364309.643256606534123,5745616.011536195874214,7.030173781000030,51.844843925000077,1,5210121705000050000
5,5,54,20,2021,4,7,7,3,5,3,0,0,1,0,0,0,0,367423.950999880209565,5783954.349999520927668,7.060510232000070,52.190093322000052,0,5210403705000520000
5,5,58,12,2021,11,11,4,3,6,1,0,0,1,1,0,0,0,374065.108999907970428,5755988.597999567165971,7.167925649000040,51.940343192000057,0,5211103706200870000
5,5,13,0,2021,1,10,5,2,0,4,0,0,0,1,1,0,0,369428.480079624801874,5707213.481005249544978,7.118796153000062,51.500957359000040,0,5210121700100570000
5,5,62,24,2021,6,11,6,3,5,2,0,1,1,0,0,0,0,368859.911999884061515,5721432.686999520286918,7.105303938000077,51.628609767000057,0,5210618701500580000
5,5,54,24,2021,12,11,2,2,2,6,0,0,1,0,0,0,1,370760.995360658504069,5782987.816936824470758,7.109668027000055,52.182200406000049,1,5211220702340600000
5,5,13,0,2021,11,11,3,3,2,2,0,0,1,0,0,0,0,368069.570738575421274,5717397.468466755002737,7.095410620000052,51.592162186000053,1,5211130700000890000
5,5,13,0,2021,1,8,4,3,5,2,0,0,1,0,0,0,0,366404.992452161386609,5718562.255210708826780,7.070951252000043,51.602237264000053,1,5210106700200190000
5,5,58,12,2021,6,17,3,3,5,3,0,1,1,0,0,0,0,371558.501999896951020,5755853.894999548792839,7.131531110000026,51.938559764000047,0,5210608706200410000
5,5,58,12,2021,11,7,6,3,4,2,2,0,1,0,1,0,0,373460.721999906003475,5756402.161999564617872,7.158985862000065,51.943922527000041,1,5211119706000590000
5,5,58,16,2021,9,18,1,2,9,1,1,0,1,0,0,0,0,372418.840006878599524,5746155.393979093059897,7.147627999000065,51.851602998000033,0,5210926706000570000
5,5,13,0,2021,6,17,4,3,3,6,0,0,0,0,1,1,0,365925.621567972004414,5712451.504588507115841,7.066365946000076,51.547209201000044,0,5210616700200770000
5,5,62,14,2021,1,16,6,3,2,6,0,0,1,0,0,0,0,361492.635495396330953,5713415.353087160736322,7.002094613000054,51.554799874000082,1,5210129701300660000
5,5,54,20,2021,3,16,7,3,8,1,0,0,1,0,0,0,0,369835.279602125287056,5781834.277382213622332,7.096578641000065,52.171617368000057,0,5210327705000280000
5,5,62,16,2021,9,18,6,3,3,6,0,0,0,0,0,0,1,374291.626000037416816,5738470.254551146179438,7.177593467000065,51.782964016000051,1,5210910702330450000
5,5,62,20,2021,9,16,1,2,5,3,0,0,1,0,0,0,0,371883.562801126390696,5715663.211035914719105,7.151072177000060,51.577456809000068,0,5210905701200770000
5,5,13,0,2021,6,17,5,3,2,2,0,0,1,0,0,0,0,364247.866805207915604,5712707.197754202410579,7.042085646000032,51.549105845000042,0,5210617700000080000
5,5,13,0,2021,7,11,6,3,3,6,0,0,1,0,1,0,0,366579.542763268575072,5706664.451863551512361,7.077982393000070,51.495358117000080,0,5210709700100480000
5,5,54,24,2021,2,11,7,3,5,3,0,0,1,0,0,0,0,372106.253999900072813,5780547.105999562889338,7.130253184000026,52.160581947000026,1,5210206705000570000
5,5,54,20,2021,3,12,6,3,1,5,0,0,1,0,0,0,0,366503.057249098084867,5785755.528114752843976,7.046336944000075,52.206055526000057,0,5210326705000580000
5,5,54,44,2021,11,12,5,3,4,2,0,0,1,0,0,0,1,364384.909999864175916,5746618.781999485567212,7.030872400000021,51.853872983000031,0,5211118705000800000
5,5,13,0,2021,6,10,4,3,5,2,0,0,1,0,1,0,0,363225.247999859042466,5719736.412999466061592,7.024608252000064,51.612025267000035,0,5210602700200570000
5,5,54,16,2021,2,20,2,3,5,3,2,0,1,0,0,0,0,363336.183796660974622,5757128.419099891558290,7.011488034000024,51.948053666000078,1,5210215705000360000
5,5,13,0,2021,2,15,1,2,2,7,0,1,1,0,0,0,0,370793.639680552296340,5713651.630387252196670,7.136091377000071,51.559130242000037,0,5210221700200980000
5,5,62,32,2021,3,21,3,3,9,1,2,0,1,0,0,0,0,372383.850425211712718,5722842.482274474576116,7.155674601000044,51.642089706000036,1,5210323701110410000
5,5,54,20,2021,9,17,5,3,2,6,0,0,1,0,0,0,0,365259.107019538991153,5786233.223258519545197,7.027953867000065,52.210045074000050,0,5210916705000620000
5,5,62,14,2021,10,17,2,3,2,1,0,0,1,0,0,0,0,362344.962846579961479,5712370.598347401246428,7.014789906000033,51.545620066000026,0,5211004701300690000
5,5,13,0,2021,4,11,7,3,5,3,0,0,1,0,0,0,0,369706.132580866105855,5709020.878832602873445,7.122126241000046,51.517264301000068,0,5210417700100770000
5,5,13,0,2021,10,17,1,2,0,7,2,1,0,0,0,0,0,361982.811190254054964,5719344.059592356905341,7.006830266000065,51.608196329000066,1,5211031700000990000
5,5,62,20,2021,9,8,2,2,4,2,0,0,1,0,0,0,0,371426.601999894715846,5715576.982999539002776,7.144512773000031,51.576577842000063,0,5210906701200480000
5,5,13,0,2021,12,8,5,3,6,2,1,0,1,1,0,0,0,369051.935131129808724,5706764.264016536995769,7.113540984000053,51.496833202000062,0,5211209700000380000
5,5,13,0,2021,5,5,4,3,7,1,0,0,0,0,0,0,1,366935.348671185784042,5705670.989272411912680,7.083479459000046,51.486514020000072,0,5210512700000620000
5,5,58,12,2021,4,16,4,2,5,3,0,1,1,0,0,0,0,373829.650582974776626,5757462.162848183885217,7.163961330000063,51.953531925000050,0,5210428706200380000
5,5,54,20,2021,7,13,7,3,0,7,0,1,0,0,0,0,0,365782.772999873384833,5787078.106999509036541,7.035278239000036,52.217764428000066,0,5210710705000320000
5,5,13,0,2021,9,14,1,2,0,7,0,1,0,0,0,0,0,364111.046999862417579,5709985.231999475508928,7.041164248000030,51.524612216000037,0,5210926700100340000
5,5,13,0,2021,11,17,2,3,5,3,1,1,1,0,0,0,0,365292.227999868802726,5714870.402999488636851,7.056310016000054,51.568795695000063,0,5211108700000470000
5,5,62,14,2021,10,16,6,3,2,6,0,0,1,0,0,1,0,360277.474728743545711,5713663.080662515014410,6.984479669000052,51.556726325000056,0,5211008701300080000
5,5,13,0,2021,11,20,6,3,3,6,2,0,1,0,0,0,0,362943.253865069709718,5711291.936226757243276,7.023832738000067,51.536072495000042,1,5211126700000760000
5,5,13,0,2021,6,14,2,3,2,6,0,0,1,0,0,1,0,363304.297751126810908,5716040.807747084647417,7.027189035000049,51.578834863000054,0,5210607702340080000
5,5,13,0,2021,6,14,1,3,5,2,0,0,1,0,0,0,0,365695.109417385421693,5715569.966859417036176,7.061852156000043,51.575178408000056,0,5210613700000080000
5,5,13,0,2021,3,7,6,3,2,1,1,0,1,0,0,0,0,366224.055684380233288,5711332.601019222289324,7.071092678000070,51.537224934000051,2,5210319700100380000
5,5,54,20,2021,9,9,1,3,8,1,0,0,1,0,0,0,0,367018.967007711529732,5788007.978626163676381,7.052997225000070,52.226419486000054,0,5210926705000820000
5,5,54,44,2021,5,15,6,3,4,3,0,1,1,0,0,0,0,368964.583391444757581,5744822.661752060055733,7.098009511000043,51.838826576000031,0,5210528705000490000
5,5,13,0,2021,10,14,3,3,5,3,0,0,1,0,0,0,1,364395.903942811302841,5716489.440216790884733,7.042760061000024,51.583130105000066,1,5211019700000170000
5,5,62,24,2021,10,22,7,3,0,1,2,1,0,0,0,0,0,370336.353371457196772,5725470.434782519936562,7.125126351000063,51.665237923000063,0,5211030701500850000
5,5,58,12,2021,11,15,4,3,9,1,0,0,1,0,0,0,0,371306.597209089435637,5752943.352234801277518,7.128956905000052,51.912346635000063,0,5211124706200080000
5,5,62,20,2021,1,15,3,3,2,6,0,0,1,0,0,0,1,371180.941999894566834,5717993.193999536335468,7.140082850000056,51.598235890000069,0,5210126701200970000
5,5,62,14,2021,12,17,3,3,5,2,2,1,1,0,0,0,0,360316.092075772583485,5715377.965181177482009,6.984354853000070,51.572145946000035,0,5211214701300940000
5,5,54,16,2021,3,15,4,3,2,6,0,0,1,0,0,0,1,365695.805482337251306,5757236.039569554850459,7.045757633000051,51.949595415000033,0,5210331702340740000
5,5,13,0,2021,3,21,6,3,8,1,2,0,1,0,0,0,0,369440.179584984667599,5716446.052739398553967,7.115539470000044,51.583931369000027,0,5210305700200670000
5,5,62,24,2021,3,15,6,3,1,6,0,0,1,0,0,0,0,364381.143244088627398,5724427.597201004624367,7.039474617000053,51.654461089000051,1,5210312701500570000
5,5,62,14,2021,12,13,6,3,6,7,0,1,0,1,0,0,0,362239.193308734335005,5712495.945889774709940,7.013216446000058,51.546720660000062,0,5211217701300170000
5,5,13,0,2021,12,12,3,3,6,4,0,0,1,1,0,0,0,369477.663602028973401,5707324.958538129925728,7.119463105000023,51.501970554000081,1,5211207700000920000
5,5,62,24,2021,9,19,3,3,1,5,0,0,1,0,0,0,0,367379.725698068737984,5723542.776276197284460,7.083131644000048,51.647225110000079,0,5210914701500980000
5,5,62,20,2021,10,17,6,3,2,1,0,0,1,0,0,0,0,372596.870252978987992,5715521.562654880806804,7.161412019000068,51.576345491000041,0,5211008702340490000
5,5,62,24,2021,1,17,5,3,5,2,2,0,1,0,0,0,1,366996.610485642217100,5726302.111787106841803,7.076547621000032,51.671931149000045,0,5210114701500610000
5,5,62,24,2021,6,17,3,3,2,6,0,0,1,0,0,0,0,371186.347231565974653,5724017.256699195131660,7.137945319000039,51.652374099000042,0,5210615701500370000
5,5,58,12,2021,12,15,5,1,4,6,0,0,1,0,0,0,1,371337.802999895997345,5755357.604999551549554,7.128508025000031,51.934048991000054,1,5211230706000060000
5,5,62,12,2021,10,10,3,3,5,2,0,0,1,0,0,0,1,367324.255191136151552,5732166.004821354523301,7.079052381000054,51.724703736000038,0,5211026701620730000
5,5,13,0,2021,11,7,4,3,2,6,0,0,1,0,0,0,0,368806.495999884791672,5713287.988999517634511,7.107577563000063,51.555403608000063,0,5211110700000450000
5,5,62,14,2021,7,19,7,3,2,6,0,0,1,0,0,0,0,360534.178829885087907,5714371.180549778044224,6.987899316000039,51.563152896000076,0,5210710701300200000
5,5,13,0,2021,12,17,6,3,2,6,2,0,1,0,0,0,0,364725.501577344723046,5708879.896801630035043,7.050440375000051,51.514826650000032,0,5211217702340290000
5,5,13,0,2021,3,10,6,3,3,2,0,0,1,0,0,0,0,366550.053391689434648,5714541.237338984385133,7.074573015000055,51.566136729000050,0,5210319700000060000
5,5,62,24,2021,11,18,1,2,4,6,2,0,1,0,0,0,0,371175.434171660803258,5725578.049739534035325,7.137212448000071,51.666398020000031,0,5211114701500800000
5,5,13,0,2021,12,9,3,3,0,1,0,0,0,0,1,0,0,367017.696999874897301,5705828.023999502882361,7.084605653000040,51.487944617000039,0,5211221700000860000
5,5,54,24,2021,9,14,1,3,0,1,0,1,0,0,0,0,1,370126.423061124049127,5776435.979443220421672,7.102896890000068,52.123177968000050,0,5210905705000190000
5,5,13,0,2021,1,13,6,3,2,6,0,0,1,0,0,0,0,367444.770656611770391,5708573.192044289782643,7.089721808000036,51.512714966000033,1,5210129700100340000
5,5,13,0,2021,6,10,6,3,3,5,0,0,1,0,1,0,0,364568.907601154409349,5713860.766984716057777,7.046268803000032,51.559549441000058,0,5210611700000920000
5,5,13,0,2021,1,11,7,3,0,7,0,1,0,0,0,0,0,364910.190257929265499,5716796.132274487987161,7.050060358000053,51.586009667000042,1,5210130700000580000
5,5,54,4,2021,5,9,4,3,1,7,0,0,1,0,0,0,0,364010.816414892673492,5770307.344794750213623,7.016066322000029,52.066639111000029,0,5210519705000790000
5,5,62,12,2021,4,11,3,2,4,6,0,0,1,0,0,0,0,366299.282421168871224,5732115.778456145897508,7.064240678000033,51.724008936000075,0,5210427701620600000
5,5,62,20,2021,12,16,5,3,4,2,2,0,1,0,0,0,0,371427.021509693935513,5715581.406340289860964,7.144517205000056,51.576617689000045,1,5211216701200070000
5,5,62,16,2021,10,11,5,2,2,2,0,0,1,0,0,0,0,368754.040169001556933,5732116.105512060225010,7.099760008000032,51.724591800000042,1,5211021701700580000
5,5,13,0,2021,11,13,4,3,8,1,0,0,0,0,1,0,0,366757.954635718837380,5715035.490165751427412,7.077383406000024,51.570627521000063,1,5211117700000570000
5,5,62,24,2021,10,17,6,3,2,2,0,0,1,0,0,0,0,371183.898919632658362,5724015.962526082992554,7.137910425000030,51.652361908000046,0,5211015701500310000
5,5,13,0,2021,2,10,6,3,2,6,0,0,1,0,0,0,0,365313.292428193613887,5715368.682288352400064,7.056422755000028,51.573278484000070,0,5210219700000810000
5,5,13,0,2021,3,19,5,3,3,6,2,0,1,0,0,0,0,363196.389879561029375,5711064.017748519778252,7.027568836000057,51.534085742000059,1,5210304700200780000
5,5,66,68,2021,9,14,7,3,0,1,0,0,0,0,1,0,0,375039.538703753612936,5792146.532782129943371,7.168830216000060,52.265486687000077,0,5210904709300880000
5,5,62,12,2021,1,12,4,3,6,6,0,0,0,1,0,0,1,363134.257632109336555,5731901.792172715067863,7.018529786000045,51.721322496000028,0,5210113701620280000
5,5,13,0,2021,6,7,3,3,8,1,0,0,1,0,0,0,0,367585.415298739448190,5711600.574648816138506,7.090609448000066,51.539954103000071,0,5210629700100120000
5,5,62,20,2021,9,17,4,2,4,1,0,0,0,0,1,0,1,370570.240793257951736,5718456.557769879698753,7.131099471000027,51.602260044000047,0,5210908701200060000
5,5,58,12,2021,9,11,5,3,2,6,0,0,1,0,0,0,0,373713.990010635927320,5756458.816709749400616,7.162647788000072,51.944489196000063,0,5210930706200490000
5,5,54,16,2021,2,18,7,3,3,6,1,0,0,0,0,0,1,364838.844999866560102,5754459.164999488741159,7.034387146000029,51.924435528000060,0,5210220702340180000
5,5,13,0,2021,4,6,3,3,1,6,2,0,0,0,0,0,1,368023.878566832281649,5705265.765246326103806,7.099299618000032,51.483127435000029,2,5210406700100100000
5,5,13,0,2021,10,14,1,2,3,1,0,0,1,0,0,0,0,366704.368675355799496,5714386.149666354060173,7.076856956000029,51.564779522000038,0,5211031702340080000
5,5,62,16,2021,3,3,7,2,2,6,2,0,1,0,0,1,0,374027.790985558182001,5736431.992342399433255,7.174510144000067,51.764587356000050,1,5210313702340580000
5,5,13,0,2021,1,17,3,3,5,2,2,0,1,0,0,0,0,364497.995110210962594,5716516.533595737069845,7.044222212000022,51.583398131000081,1,5210112700000940000
5,5,54,4,2021,1,23,3,3,9,1,2,0,1,0,0,0,0,364450.602512151934206,5772568.420531740412116,7.021579894000070,52.087063750000027,1,5210119705000730000
5,5,13,0,2021,6,16,3,3,3,6,0,0,1,0,0,1,0,363091.507999856956303,5711843.128999464213848,7.025754613000061,51.541061667000065,0,5210608700000380000
5,5,54,64,2021,3,8,7,3,9,1,0,0,1,0,0,0,0,362891.593972130678594,5748383.387006821110845,7.008503268000027,51.869364439000037,1,5210327702340580000
5,5,62,20,2021,12,16,4,3,6,2,1,0,1,1,0,0,0,368303.968004671856761,5718235.059757577255368,7.098478039000042,51.599744144000056,1,5211229701200360000
5,5,54,4,2021,11,18,6,3,4,2,2,0,1,0,0,0,0,362751.159999857656658,5771137.374999469146132,6.997367640000050,52.073786556000073,0,5211112705000560000
5,5,13,0,2021,6,18,7,3,5,3,0,0,1,0,0,0,0,368677.376618859358132,5707991.510282620787621,7.107691304000070,51.507775353000056,0,5210619700100450000
5,5,62,14,2021,1,15,4,2,5,2,0,0,1,0,0,0,0,360809.165999844670296,5716334.950999438762665,6.991085982000072,51.580867442000056,0,5210120701300570000
5,5,62,12,2021,6,16,6,3,2,6,0,0,1,0,0,0,0,362918.291257173754275,5731844.303420318290591,7.015427784000053,51.720753155000068,0,5210618701620080000
5,5,13,0,2021,12,15,4,3,5,3,0,0,1,0,0,0,0,366466.387999874539673,5709554.247999498620629,7.075258980000058,51.521300958000040,1,5211229700000210000
5,5,62,14,2021,9,2,7,3,8,1,2,0,1,0,0,0,0,361548.521625049412251,5714473.096030358225107,7.002483688000041,51.564318648000040,1,5210911701300100000
5,5,62,14,2021,11,11,4,3,1,5,0,0,1,0,0,0,0,361427.999747460708022,5713842.590073075145483,7.000994522000042,51.558623223000041,0,5211103701300970000
5,5,62,24,2021,6,6,3,3,5,3,0,0,1,0,1,0,0,367417.998486555181444,5724214.036909667775035,7.083430035000049,51.653266394000070,0,5210608701500690000
5,5,54,44,2021,4,17,7,3,8,1,0,0,1,0,0,0,0,364969.704273106530309,5744163.838554704561830,7.040316664000045,51.831954805000066,0,5210403705000920000
5,5,13,0,2021,5,8,6,3,6,4,0,0,0,1,0,0,1,367469.862256037071347,5714027.423365414142609,7.088029846000040,51.561736201000031,0,5210514700200980000
5,5,62,20,2021,10,9,7,3,2,6,0,0,1,0,1,0,1,371172.622049206867814,5718002.609164251014590,7.139959335000071,51.598318600000027,1,5211030701200080000
5,5,13,0,2021,10,15,1,2,3,7,0,0,1,0,0,0,1,365491.253999869339168,5714163.710999486967921,7.059450436000077,51.562492545000055,1,5211003700200470000
5,5,62,14,2021,9,1,2,3,9,1,2,0,1,0,0,0,0,361205.693315602838993,5714484.354070961475372,6.997536316000037,51.564335546000052,0,5210913701300160000
5,5,13,0,2021,9,11,2,3,5,2,0,0,1,0,0,0,0,368459.309748528525233,5707839.235688501968980,7.104607692000059,51.506356173000029,0,5210920700100440000
5,5,62,24,2021,4,14,7,3,2,2,0,0,1,0,0,0,0,368350.218211977742612,5722986.259005308151245,7.097360014000060,51.642452007000031,0,5210424701500070000
5,5,62,20,2021,3,11,4,3,3,1,0,0,1,0,0,1,0,372872.606486580334604,5715611.481906015425920,7.165356496000072,51.577215847000048,1,5210317702340080000
5,5,13,0,2021,1,18,5,3,5,3,2,1,1,0,0,0,0,366795.992288436740637,5714795.285450307652354,7.078022997000062,51.568477895000058,0,5210114700000520000
5,5,13,0,2021,12,8,2,3,6,4,0,0,1,1,0,0,0,364693.692089887335896,5715375.239207135513425,7.047484751000070,51.573189044000060,0,5211220700000990000
5,5,13,0,2021,10,14,7,2,3,2,0,0,1,0,1,0,0,364945.519397451542318,5718437.325095515698195,7.049938329000042,51.600766506000070,0,5211023700200780000
5,5,58,12,2021,1,15,3,3,1,7,0,0,1,0,0,0,0,370404.135263276286423,5755538.523311177268624,7.114866860000063,51.935458135000033,1,5210112706000280000
5,5,62,24,2021,1,6,4,3,0,1,2,1,0,0,0,0,0,373601.477991423569620,5725674.467796636745334,7.172238449000076,51.667815498000039,2,5210113701500780000
5,5,13,0,2021,1,6,2,2,0,6,2,0,1,0,1,0,0,362743.692514275200665,5713765.484075285494328,7.019992225000067,51.558252013000072,1,5210118702340580000
5,5,62,24,2021,5,17,3,3,5,2,0,1,1,0,0,0,0,370141.386744205839932,5725316.641315201297402,7.122366008000029,51.663810814000044,1,5210504701500580000
5,5,62,24,2021,1,12,2,2,9,6,0,0,1,0,0,0,0,369085.515975664369762,5726640.968331158161163,7.106611777000069,51.675466964000066,0,5210125702340540000
5,5,62,20,2021,7,7,5,3,5,2,0,0,1,0,0,0,0,371433.102999895811081,5715645.529999537393451,7.144581447000064,51.577195349000078,0,5210708701200070000
5,5,54,16,2021,6,13,3,3,8,1,0,0,0,0,0,1,0,364924.837114126421511,5754605.082049695774913,7.035579653000070,51.925767577000045,0,5210629702340070000
5,5,54,24,2021,5,7,4,3,2,2,0,0,1,0,0,0,0,369095.008572078309953,5774394.609663374722004,7.088624656000036,52.104591404000075,0,5210526705000780000
5,5,62,20,2021,11,11,6,3,5,3,0,0,1,0,1,0,0,367055.143293214030564,5719599.114674959331751,7.079940288000046,51.611708860000078,0,5211112701200380000
5,5,62,24,2021,11,10,2,3,5,2,0,1,1,0,0,0,0,370286.378913471475244,5727001.355408221483231,7.123835651000036,51.678984221000064,0,5211122701500580000
5,5,54,36,2021,3,12,7,2,9,1,0,0,1,0,0,0,0,367048.465958030894399,5767212.914598159492016,7.061558686000069,52.039570834000074,2,5210313702340280000
5,5,62,20,2021,2,18,5,3,0,1,2,1,0,0,0,0,0,372114.577481554821134,5718284.412287589162588,7.153449139000031,51.601065790000064,1,5210218701200560000
5,5,62,14,2021,12,20,1,2,1,5,2,0,1,0,0,0,1,362226.096973804756999,5711409.452027218416333,7.013453016000028,51.536953955000058,1,5211205701300760000
5,5,13,0,2021,11,14,5,3,5,2,0,1,1,0,0,0,0,367526.091506790369749,5709438.923032214865088,7.090567643000043,51.520514109000032,0,5211118700000280000
5,5,62,20,2021,7,3,1,2,5,3,2,0,1,0,0,0,1,371320.956999895162880,5717699.649999538436532,7.142210942000077,51.595629859000042,1,5210704701200470000
5,5,62,12,2021,10,20,6,2,0,7,2,0,1,0,0,0,0,364544.239611915312707,5735048.025882774963975,7.037705235000033,51.749937172000045,1,5211029701610810000
5,5,13,0,2021,11,12,1,3,0,1,0,1,0,0,0,0,0,366708.546989651396871,5715076.511973325163126,7.076655348000031,51.570984487000032,1,5211107700000870000
5,5,13,0,2021,2,11,7,3,5,3,0,0,1,0,0,0,1,365290.332260779105127,5716837.514972912147641,7.055528191000064,51.586472551000043,0,5210227700000920000
5,5,54,16,2021,1,12,6,3,6,2,0,0,1,1,0,0,0,363192.437028176151216,5758191.818119339644909,7.008974505000026,51.957573610000054,0,5210115705000830000
5,5,62,20,2021,9,21,4,3,1,5,2,0,1,0,0,0,0,370369.444685286842287,5718689.141047675162554,7.128115769000033,51.604304033000062,0,5210908701200370000
5,5,13,0,2021,6,22,5,3,5,3,2,0,1,0,0,0,0,368089.816999881528318,5707699.691999511793256,7.099338948000025,51.505016000000069,0,5210617700100780000
5,5,13,0,2021,4,17,7,3,5,2,0,0,1,0,0,0,0,365480.302437129430473,5714338.379898926243186,7.059225692000041,51.564059589000067,0,5210403700000580000
5,5,13,0,2021,1,18,5,2,5,2,2,0,1,0,0,0,0,367424.833799881860614,5708567.770972060039639,7.089436705000026,51.512661571000081,0,5210121700100060000
5,5,62,24,2021,11,6,3,3,5,3,2,1,1,0,0,0,0,366537.113999874331057,5724694.628999503329396,7.070520510000051,51.657376742000054,1,5211123701500350000
5,5,54,16,2021,5,15,3,3,8,1,0,0,1,0,0,0,0,365549.738030679523945,5750509.472658311948180,7.046260054000072,51.889116250000029,1,5210518705000790000
5,5,13,0,2021,2,19,2,3,1,6,2,0,1,0,0,0,0,364911.955212940461934,5716782.574908873066306,7.050091036000026,51.585888259000058,0,5210222700200060000
5,5,13,0,2021,6,16,4,3,2,6,0,0,1,0,0,0,0,366512.791861628182232,5710331.727624364197254,7.075632837000057,51.528298836000033,0,5210602702340670000
5,5,13,0,2021,12,23,7,2,3,6,2,0,1,0,0,0,0,365818.788098637014627,5709358.838133797049522,7.066004652000061,51.519391418000055,1,5211211702340590000
5,5,62,32,2021,10,12,7,3,3,6,0,0,1,0,0,0,0,373512.713024999946356,5723319.327700169757009,7.171807689000048,51.646630109000057,0,5211009702340780000
5,5,58,12,2021,9,11,4,3,5,1,0,1,1,0,0,0,0,373265.235865030437708,5756352.355423804372549,7.156161691000023,51.943430450000051,1,5210929706200770000
5,5,58,12,2021,5,15,2,3,6,3,0,0,1,1,0,0,0,373863.870942571200430,5755947.311504008248448,7.165014844000041,51.939926591000074,0,5210503706200030000
5,5,58,12,2021,10,12,7,2,8,1,0,0,0,0,1,0,0,368591.709358330816031,5757399.480509102344513,7.087807416000032,51.951755767000066,0,5211002706200340000
5,5,62,20,2021,3,16,2,2,5,2,0,1,1,0,0,0,0,371171.907383174635470,5717571.393682049587369,7.140107368000031,51.594443173000059,0,5210301701200060000
5,5,13,0,2021,11,16,5,3,2,6,2,0,1,0,0,0,1,366987.703504887409508,5712353.503956248983741,7.081711172000041,51.546579856000051,1,5211125700000820000
5,5,62,14,2021,5,13,5,3,0,1,0,0,0,0,1,0,0,360396.621999843977392,5715282.515999436378479,6.985554056000069,51.571308181000063,0,5210513701300680000
5,5,62,20,2021,9,19,3,3,2,6,1,0,1,0,0,0,0,371557.542546071112156,5717315.979406213387847,7.145765136000023,51.592235856000059,0,5210928701200360000
5,5,62,24,2021,3,20,6,3,8,1,2,0,0,0,0,0,1,364732.747429412789643,5724093.881465952843428,7.044683351000060,51.651546951000057,2,5210312702340980000
5,5,62,14,2021,10,12,2,3,2,6,0,0,1,0,0,0,0,360734.289799033664167,5714840.084989037364721,6.990598647000070,51.567415964000077,0,5211025701300890000
5,5,54,20,2021,7,9,3,2,2,6,0,0,1,0,0,0,0,365526.878345510922372,5786656.246951894834638,7.031702372000041,52.213911483000061,0,5210713705000850000
5,5,13,0,2021,9,14,4,3,2,6,0,0,1,0,0,1,0,365714.529202144593000,5715575.332291532307863,7.062130178000075,51.575231251000048,1,5210915700000220000
5,5,62,12,2021,11,18,6,3,5,2,2,0,1,0,0,0,0,364580.120593420229852,5732032.007861053571105,7.039398318000053,51.722843631000046,0,5211112701620100000
5,5,62,14,2021,1,17,1,3,5,2,2,0,1,0,0,0,0,362585.321999853476882,5712131.466999460011721,7.018347425000059,51.543529744000068,0,5210131701300380000
5,5,54,20,2021,12,20,5,2,9,1,2,0,1,0,0,0,0,363250.246999860741198,5784621.185999477282166,6.999222657000075,52.195065848000070,1,5211230705000380000
5,5,62,24,2021,4,19,7,2,5,3,0,0,1,0,0,0,0,367530.984159582294524,5721406.281668620184064,7.086125217000074,51.628061172000059,0,5210417701500140000
5,5,62,20,2021,4,4,7,3,2,6,2,0,1,0,0,0,0,370088.828999890014529,5719087.357999527826905,7.123918434000075,51.607818040000041,0,5210403701200730000
5,5,58,40,2021,7,9,4,3,0,1,0,1,0,0,0,0,0,371521.738093269988894,5763322.155877402052283,7.128201437000030,52.005662611000048,0,5210707706000980000
5,5,54,20,2021,11,11,3,3,9,1,0,1,0,0,0,0,0,367571.112497701309621,5788866.803926110267639,7.060739930000068,52.234269455000060,1,5211102705000960000
5,5,62,20,2021,10,11,6,2,2,2,0,0,1,0,0,0,0,372113.207364024594426,5718283.844505179673433,7.153429574000029,51.601060376000078,0,5211008701200070000
5,5,58,16,2021,12,9,2,3,5,3,0,0,1,0,0,0,0,384132.098872615024447,5744193.641288464888930,7.318268920000037,51.836526523000032,1,5211213706100670000
5,5,62,32,2021,11,10,6,2,1,3,0,1,1,0,0,0,0,375199.072933973744512,5714851.374724382534623,7.199183006000055,51.570904527000039,0,5211126701120480000
5,5,58,32,2021,11,20,6,2,8,1,2,0,1,0,0,0,0,389674.395749936811626,5755670.695239454507828,7.395005179000066,51.940800138000043,0,5211112706000070000
5,5,66,84,2021,2,13,7,3,5,3,0,1,1,0,0,0,0,388603.861580406315625,5775098.031624374911189,7.373112844000048,52.115186182000059,0,5210206709300070000
5,5,62,16,2021,3,13,4,3,1,5,0,0,1,0,1,0,0,374547.007615016773343,5734088.372089903801680,7.182875864000039,51.743642262000037,0,5210324701700680000
5,5,66,64,2021,1,18,7,2,9,1,2,0,1,0,0,0,0,396587.933707665652037,5774459.503071518614888,7.489864801000067,52.110998182000060,1,5210109709110860000
5,5,62,36,2021,1,7,2,3,5,3,1,1,1,0,0,0,0,388798.475330820307136,5719211.969518862664700,7.393945938000059,51.612944210000080,0,5210111701930730000