ULAND,UREGBEZ,UKREIS,UGEMEINDE,UJAHR,UMONAT,USTUNDE,UWOCHENTAG,UKATEGORIE,UART,UTYP1,ULICHTVERH,IstRad,IstPKW,IstFuss,IstKrad,IstGkfz,IstSonstige,LINREFX,LINREFY,XGCSWGS84,YGCSWGS84,STRZUSTAND,UIDENTSTLAE
5,5,62,32,2021,6,13,6,3,2,6,0,0,1,0,0,0,0,377740.147993366234004,5716644.403858523815870,7.235206343000073,51.587575839000067,0,5210604701120340000
5,5,62,28,2021,11,11,3,2,6,7,0,0,1,1,0,0,0,379826.996046251617372,5722591.422121364623308,7.263275265000061,51.641473134000080,0,5211102701920740000
5,5,62,32,2021,12,10,2,2,5,3,0,0,1,0,0,0,0,375702.873999912291765,5719546.100999565795064,7.204785861000062,51.613208134000047,0,5211220701110280000
5,5,66,84,2021,12,17,7,1,6,4,2,0,1,1,0,0,0,385604.732546932063997,5779658.651811642572284,7.327797541000052,52.155559794000055,1,5211204709300170000
5,5,66,84,2021,10,13,7,3,5,2,0,1,1,0,0,0,0,386113.412999943830073,5778935.557999636977911,7.335472341000070,52.149166558000047,0,5211002709300180000
5,5,58,16,2021,9,16,3,3,5,3,0,1,1,0,0,0,0,379736.257999924942851,5741844.038999598473310,7.255314312000053,51.814481245000081,0,5210928706000270000
5,5,66,76,2021,12,7,5,3,5,3,2,1,1,0,0,0,0,393757.587331078946590,5794106.133605126291513,7.442387456000063,52.287032666000073,1,5211202709500560000
5,5,58,24,2021,9,20,7,2,0,7,1,1,0,0,0,0,0,393021.369167327880859,5736971.151885466650128,7.449465683000028,51.773384666000027,1,5210911706300670000
5,5,62,8,2021,10,19,2,2,6,2,2,0,1,1,0,0,0,384603.055999939329922,5723412.396999606862664,7.331995296000059,51.649852106000026,1,5211025701910440000
5,5,62,4,2021,4,21,7,3,2,6,2,0,1,0,0,0,0,382970.009387460537255,5712854.095368534326553,7.311924697000052,51.554620162000049,0,5210403701800820000
5,5,58,20,2021,5,18,1,3,4,2,0,0,1,0,1,0,0,391935.888687702827156,5759621.504748277366161,7.426648573000023,51.976752381000040,0,5210530706200390000
5,5,62,4,2021,3,11,3,3,2,2,0,0,1,0,0,0,0,383332.028263301588595,5712206.408930424600840,7.317358974000058,51.548873893000064,0,5210302701800200000
5,5,62,32,2021,2,13,5,2,6,4,0,0,1,1,0,0,0,375499.761999911628664,5719646.737999564036727,7.201818135000053,51.614067688000034,0,5210204701110870000
5,5,62,32,2021,3,21,4,3,1,5,2,0,1,0,0,0,0,376167.316092739813030,5715365.993236389011145,7.212965539000038,51.575743018000026,0,5210324701120630000
5,5,62,32,2021,6,13,2,3,5,3,0,1,1,0,0,0,0,374961.925999908708036,5719845.529999557882547,7.193983282000033,51.615735044000076,1,5210621701110670000
5,5,62,16,2021,3,14,4,3,0,7,0,0,0,0,1,0,0,377685.397451000288129,5737890.573679178953171,7.226971806000051,51.778506576000041,0,5210324701700270000
5,5,66,64,2021,11,8,2,2,8,1,0,0,0,0,0,1,0,392033.862805810756981,5770725.202710637822747,7.424570871000071,52.076566169000046,1,5211129709300280000
5,5,62,4,2021,9,13,6,3,1,5,0,0,1,0,0,0,0,383192.413464332930744,5717135.900053994730115,7.313707438000051,51.593149915000026,1,5210910701800980000
5,5,62,4,2021,1,7,4,3,5,3,1,1,1,0,0,0,0,384726.431818340905011,5716813.703744407743216,7.335949009000046,51.590570064000076,0,5210120701800670000
5,5,62,32,2021,10,6,4,3,0,7,2,0,1,0,0,0,0,374530.176925237290561,5716284.564117709174752,7.189024339000071,51.583636306000074,1,5211006702340590000
5,5,62,28,2021,12,8,3,2,0,1,0,1,0,0,0,0,0,378309.577530902810395,5721290.713988829404116,7.241808975000026,51.629457013000035,2,5211221701920080000
5,5,62,36,2021,12,11,2,3,2,6,0,0,1,0,0,0,0,388000.643870688974857,5721084.479266278445721,7.381829343000049,51.629616077000037,1,5211213701930540000
5,5,58,40,2021,10,7,3,3,2,6,1,0,1,0,0,0,0,377688.035774801857769,5764172.084598371759057,7.217686477000029,52.014693470000054,0,5211026706200080000
5,5,58,16,2021,3,15,2,3,2,7,0,0,1,0,0,0,0,379385.706292055547237,5746168.262866903096437,7.248724112000048,51.853267567000046,0,5210329706000260000
5,5,58,32,2021,4,7,2,3,5,3,0,0,1,0,0,0,0,389440.390999950468540,5752564.098999630659819,7.392600327000025,51.912833071000080,0,5210426706100070000
5,5,62,28,2021,10,13,5,3,2,6,0,0,1,0,0,0,0,379638.355397032573819,5722403.637427467852831,7.260614997000062,51.639745103000052,0,5211028701920030000
5,5,66,60,2021,7,11,6,3,2,1,0,1,0,0,0,0,0,387854.167085776105523,5788146.189509162679315,7.357855463000021,52.232298513000046,0,5210702709500770000
5,5,62,32,2021,3,6,6,3,8,1,1,1,0,0,0,0,0,375271.668953129090369,5720019.613340957090259,7.198392779000073,51.617368266000028,0,5210326701110980000
5,5,62,24,2021,2,13,4,2,9,1,0,0,1,0,0,0,0,374769.263999909162521,5728346.800999565050006,7.188157334000039,51.692093125000042,1,5210210701500230000
5,5,58,36,2021,9,13,7,2,4,6,0,0,1,0,0,0,1,387222.242722650058568,5728837.484074804931879,7.368085712000038,51.699143271000082,0,5210911706300870000
5,5,58,16,2021,2,12,6,3,5,3,0,0,1,0,0,0,1,380754.511788442730904,5741667.566943714395165,7.270139731000029,51.813113435000048,0,5210226706100870000
5,5,58,32,2021,5,15,1,2,2,6,0,0,1,0,0,0,0,391100.684455653652549,5751787.431531552225351,7.416974408000044,51.906179751000082,0,5210509702330940000
5,5,66,36,2021,6,15,6,2,3,1,0,1,0,0,1,0,0,389636.117747167125344,5771915.392816755920649,7.389212943000075,52.086790022000059,0,5210611709300410000
5,5,62,4,2021,9,0,3,3,8,1,0,0,1,0,0,0,0,380903.048999929800630,5714268.862999590113759,7.281645257000037,51.566902932000062,0,5210921701800380000
5,5,62,32,2021,10,14,2,2,2,6,0,0,1,0,0,0,0,375314.956739834509790,5714882.079593177884817,7.200843369000040,51.571206116000042,0,5211018701120580000
5,5,62,4,2021,3,11,5,3,2,6,0,0,1,0,0,0,1,383648.699919851496816,5709854.719245251268148,7.322701386000062,51.527802741000073,1,5210304701800980000
5,5,62,8,2021,10,17,1,3,5,3,0,0,1,0,0,0,1,382472.181196326389909,5721095.693455006927252,7.301987046000022,51.628589191000060,0,5211010701910960000
5,5,66,60,2021,2,17,6,2,5,2,2,0,1,0,0,0,0,389217.527804384008050,5790511.414011579006910,7.377034842000057,52.253830717000028,0,5210219709000260000
5,5,62,4,2021,7,13,6,3,2,6,0,0,1,0,0,0,0,385659.050329701974988,5713648.814217731356621,7.350436268000067,51.562314468000068,0,5210702032200230000
5,5,66,68,2021,9,14,6,3,2,6,0,0,1,0,0,0,0,375959.466647324152291,5785990.270280886441469,7.184562776000064,52.210374319000039,0,5210924709300290000
5,5,66,4,2021,12,13,2,3,9,7,0,0,1,0,0,0,0,396644.332869820296764,5764874.153388701379299,7.493590411000071,52.024858114000040,0,5211227709110250000
5,5,62,32,2021,11,6,6,2,8,7,2,0,1,0,0,0,0,376398.215329948812723,5718487.476411040872335,7.215196591000051,51.603847167000026,0,5211105701110180000
5,5,62,8,2021,6,7,4,3,5,2,0,1,1,0,0,0,0,384603.055999939329922,5723412.396999606862664,7.331995296000059,51.649852106000026,0,5210609701910210000
5,5,58,40,2021,3,3,6,2,9,1,2,0,1,0,0,0,0,376027.292385446839035,5760913.434139780700207,7.194678021000072,51.985041130000070,1,5210319706200070000
5,5,58,16,2021,11,4,6,3,8,6,2,0,1,0,0,0,0,383376.209328495897353,5746927.794148465618491,7.306380649000062,51.860941736000029,0,5211126702330200000
5,5,66,76,2021,9,11,2,3,1,6,0,0,1,0,0,0,0,392755.285429053939879,5794116.807626582682133,7.427695354000036,52.286933911000062,1,5210913709500450000
5,5,62,4,2021,2,18,3,3,2,6,2,0,1,0,0,0,0,383180.661885218694806,5713575.835529629141092,7.314722000000074,51.561150640000051,1,5210216071400870000
5,5,62,28,2021,10,14,5,2,9,7,0,0,1,0,0,0,0,381515.397539775818586,5722314.789165759459138,7.287757671000065,51.639345148000075,0,5211014701920880000
5,5,62,8,2021,7,7,5,3,4,1,0,0,1,0,0,0,0,385850.315713698044419,5725641.491591602563858,7.349287736000065,51.670141268000066,0,5210708701910670000
5,5,62,32,2021,4,10,3,3,3,6,0,0,1,0,0,0,0,374542.443482475355268,5716211.324204416945577,7.189227465000045,51.582980822000081,0,5210413702340050000
5,5,62,28,2021,9,17,6,3,8,1,0,0,1,0,0,0,0,378337.040740532800555,5723184.402219738811255,7.241547275000073,51.646482055000035,0,5210924701920740000
5,5,66,84,2021,10,6,2,2,1,1,2,0,1,0,0,0,0,390175.933464623056352,5774387.277575690299273,7.396291656000074,52.109112925000034,0,5211018709300670000
5,5,58,44,2021,10,15,2,1,5,3,0,1,0,0,1,0,0,393939.428103168494999,5748457.290640302002430,7.459247884000035,51.876796569000078,0,5211004706300710000
5,5,58,20,2021,12,15,4,2,5,2,1,0,1,0,0,0,0,389116.139554516412318,5758138.353587385267019,7.386091066000063,51.962867156000073,1,5211215706200680000
5,5,62,32,2021,11,10,6,3,0,1,0,1,0,0,0,0,0,377737.290218515321612,5716578.195717649534345,7.235188174000029,51.586980185000073,1,5211119701120180000
5,5,66,36,2021,2,9,6,3,9,1,0,0,1,0,0,0,0,389978.538844681344926,5770311.506902348250151,7.394725835000031,52.072443582000062,0,5210226709300510000
5,5,66,76,2021,9,16,3,3,0,7,0,1,1,0,0,0,0,393673.740774613805115,5792987.705820467323065,7.441511439000067,52.276964920000069,0,5210928709500570000
5,5,58,16,2021,5,13,3,3,5,2,0,0,1,0,1,0,0,380546.010999928228557,5744602.986999599263072,7.266103682000050,51.839449850000051,1,5210511706100680000
5,5,66,36,2021,1,5,4,2,5,3,2,1,0,0,0,1,0,387229.326875719241798,5769063.297320302575827,7.355043308000063,52.060672738000051,1,5210106709300480000
5,5,58,12,2021,9,16,4,3,2,1,0,0,1,0,0,0,0,376065.679848860017955,5754871.427321821451187,7.197416328000031,51.930752813000026,0,5210908706000350000
5,5,66,76,2021,12,19,6,2,2,6,2,0,1,0,0,0,0,397547.745999966748059,5787546.371999662369490,7.499924466000039,52.228796657000032,0,5211210709500570000
5,5,62,36,2021,5,1,7,3,8,1,2,0,1,0,0,0,0,388068.712396788410842,5720964.094940656796098,7.382850859000030,51.628547615000059,0,5210501701930120000
5,5,66,76,2021,5,15,6,3,2,6,0,0,1,0,0,1,0,393038.414999959059060,5797982.503999663516879,7.430616448000023,52.321730563000074,0,5210521709500860000
5,5,62,8,2021,11,10,5,3,0,7,0,0,0,0,0,0,1,384012.944385097362101,5721066.578803168609738,7.324246934000030,51.628647252000064,0,5211104701910040000
5,5,66,60,2021,1,17,5,3,5,3,2,1,1,0,0,0,0,389065.700763946399093,5787085.892055749893188,7.375935916000060,52.223015044000078,0,5210121709500070000
5,5,62,4,2021,7,17,6,3,6,7,0,0,1,1,0,0,0,382771.185887350700796,5712641.184282656759024,7.309129120000023,51.552665294000064,0,5210702701800370000
5,5,62,4,2021,9,21,6,2,5,3,2,0,1,0,0,0,0,383195.739609148353338,5713604.551084982231259,7.314929874000029,51.561411851000059,1,5210910701800090000
5,5,62,8,2021,11,15,6,3,6,4,0,1,0,1,0,0,0,386462.687111911363900,5724053.109754059463739,7.358655315000021,51.655989327000043,0,5211105701910040000
5,5,58,24,2021,5,15,2,3,5,3,0,1,1,0,0,0,0,391651.676763622090220,5734909.523471951484680,7.430264453000063,51.754591414000060,0,5210531706300990000
5,5,62,4,2021,5,9,7,3,5,7,0,0,1,0,1,0,0,384839.518728441558778,5716931.809120144695044,7.337541996000027,51.591654698000070,0,5210529701800470000
5,5,62,32,2021,10,7,2,3,8,1,0,0,1,0,0,0,0,376478.069895337335765,5716403.391232699155807,7.217082783000023,51.585134550000078,1,5211011702340890000
5,5,66,76,2021,11,9,4,3,5,3,0,0,1,0,0,0,0,396605.844999965280294,5794209.455999664962292,7.484097793000046,52.288504532000047,1,5211117709500270000
5,5,62,36,2021,5,12,2,3,0,1,0,0,0,0,1,0,0,388688.609992007724941,5718328.133722612634301,7.392640489000030,51.604978565000067,0,5210503701930470000
5,5,62,32,2021,10,14,2,3,5,2,0,1,1,0,0,0,0,376115.133898742496967,5714981.432366767898202,7.212348511000073,51.572275415000036,0,5211004701120840000
5,5,62,32,2021,6,16,5,3,2,6,0,0,1,0,1,0,0,375516.306698933243752,5718269.873571781441569,7.202545840000028,51.601697285000057,0,5210610701110660000
5,5,66,64,2021,5,18,3,3,8,1,0,0,0,0,1,0,0,394691.745468823239207,5774330.472549924626946,7.462225207000074,52.109480689000065,1,5210511709100470000
5,5,62,4,2021,3,15,5,3,5,3,0,1,0,0,0,1,0,384581.915979226119816,5716559.240911263972521,7.333947458000068,51.588253420000058,0,5210318701800570000
5,5,58,16,2021,1,11,7,3,5,3,0,1,1,0,0,0,0,379730.665698794648051,5741838.631354309618473,7.255235102000029,51.814431443000046,1,5210102706100860000
5,5,58,32,2021,3,21,6,2,7,7,2,1,0,0,0,0,0,387687.569217013195157,5756399.292746875435114,7.365875815000038,51.946950826000034,0,5210326706000060000
5,5,66,76,2021,4,5,3,3,8,1,2,0,1,0,0,0,0,394499.835999961942434,5790286.537999661639333,7.454459722000024,52.252847932000066,1,5210413709500160000
5,5,58,44,2021,9,9,6,3,5,3,0,1,1,0,0,0,0,395495.323519428260624,5746261.256487887352705,7.482506411000031,51.857352341000080,0,5210903706300590000
5,5,62,36,2021,2,12,1,3,5,2,0,1,1,0,0,0,0,388482.096729446202517,5720526.280863786116242,7.388960177000058,51.624694640000030,0,5210221701930240000
5,5,66,96,2021,12,14,5,3,5,3,0,0,1,0,0,0,0,385115.737886447459459,5790269.345738276839256,7.317053500000043,52.250814169000080,1,5211230709300680000
5,5,62,32,2021,1,17,5,3,8,1,2,0,1,0,0,0,0,376075.010967285372317,5714682.102187084034085,7.211875422000048,51.569576446000042,1,5210107701120200000
5,5,58,16,2021,2,7,4,2,5,3,0,0,1,0,0,0,0,382102.957999932579696,5744734.536999605596066,7.288647260000062,51.840962993000062,1,5210217706000370000
5,5,54,52,2021,9,21,5,3,9,6,2,0,1,0,0,0,1,378019.557446009479463,5769744.606853868812323,7.220526843000073,52.064844257000061,0,5210930705000390000
5,5,66,64,2021,2,19,4,2,9,1,2,0,0,0,0,0,1,396820.183999966830015,5771165.810999656096101,7.494252334000066,52.081438843000058,1,5210217709100070000
5,5,62,36,2021,3,8,7,3,5,3,0,0,1,0,0,0,0,386650.466661277227104,5718229.569243866950274,7.363253953000026,51.603686110000069,1,5210327701930140000
5,5,62,32,2021,10,6,7,2,6,4,2,0,1,1,0,0,0,375698.285854832269251,5717769.216079961508512,7.205349516000069,51.597237991000043,0,5211030701110080000
5,5,62,4,2021,5,16,3,3,2,6,0,0,1,0,0,0,0,383245.806050727143884,5718134.436881083995104,7.314145544000041,51.602135515000043,1,5210511701800980000
5,5,62,32,2021,9,16,6,2,5,3,0,0,1,0,0,0,1,375964.326999912038445,5715008.104999566450715,7.210164102000022,51.572481970000069,1,5210910701120760000
5,5,62,32,2021,4,19,7,3,5,7,0,0,1,0,1,0,0,375432.575908069498837,5719849.044223444536328,7.200776359000031,51.615870974000075,0,5210424701110280000
5,5,62,28,2021,7,16,2,3,2,6,0,0,1,0,0,0,0,378293.711368571966887,5721300.478166513144970,7.241576463000058,51.629541335000056,0,5210705701920080000
5,5,62,28,2021,10,11,4,2,5,3,0,0,1,0,1,0,0,382063.019922020845115,5722874.069585945457220,7.295479171000068,51.644486795000034,1,5211006701920180000
5,5,58,36,2021,9,9,7,3,5,3,0,1,1,0,0,0,0,387658.085898213088512,5729923.096692970022559,7.374039887000038,51.708987943000068,0,5210918706300770000
5,5,62,32,2021,12,8,6,3,3,6,2,1,1,0,0,0,0,374064.103999905288219,5717455.448999553918839,7.181880765000074,51.594055161000028,1,5211217701110080000
5,5,62,32,2021,9,14,5,3,5,3,0,1,0,0,0,0,1,378674.322999921627343,5717809.001999577507377,7.248281471000041,51.598244444000045,0,5210916701110280000
5,5,58,44,2021,12,17,4,3,1,1,2,0,1,0,0,0,1,396276.280664506368339,5750765.376343041658401,7.492488720000040,51.897981224000034,1,5211208706300570000
5,5,62,32,2021,6,13,4,3,6,4,0,0,1,1,0,0,0,376222.213457800447941,5715766.409765731543303,7.213616231000060,51.579353712000056,0,5210623701120680000
5,5,54,52,2021,9,18,4,3,2,1,0,1,0,0,0,0,0,376825.143428348004818,5768032.553073044866323,7.203729108000061,52.049194681000074,0,5210922705000980000
5,5,62,36,2021,10,10,7,3,8,1,0,0,1,0,0,0,0,391190.127854944206774,5719975.260140979662538,7.428236772000048,51.620272144000069,0,5211016701930780000
5,5,62,32,2021,3,9,3,3,3,6,0,0,0,0,1,0,1,375240.492109341546893,5719033.193230025470257,7.198293812000031,51.608496297000045,1,5210309701110610000
5,5,62,36,2021,3,17,2,3,2,6,0,0,1,0,1,0,0,392631.086025778204203,5720146.326360428705812,7.448990775000027,51.622086475000060,0,5210329701930490000
5,5,62,28,2021,2,11,7,3,2,6,0,0,1,0,0,0,0,380561.297036417759955,5721706.664587043225765,7.274184020000064,51.633677864000049,0,5210220701920240000
5,5,62,16,2021,4,16,5,2,5,2,0,0,1,0,1,0,0,376425.865260546095669,5738078.061023496091366,7.208656918000031,51.779914813000062,0,5210401701700580000
5,5,58,24,2021,1,8,3,2,6,2,1,0,1,1,0,0,0,391507.826999954879284,5736258.391999628394842,7.427760098000022,51.766687117000060,1,5210105706300090000
5,5,62,36,2021,11,16,6,3,2,6,2,0,1,0,0,0,0,388623.398067638278008,5716634.415069019421935,7.392236957000023,51.589742471000079,1,5211126701930340000
5,5,58,16,2021,9,7,6,3,2,6,0,0,1,0,0,0,0,382781.632197202183306,5742314.186227357015014,7.299313672000039,51.819353567000064,0,5210903706100350000
5,5,66,68,2021,9,21,5,3,7,5,2,0,1,0,0,0,0,375988.015050485730171,5785183.339122259989381,7.185275910000030,52.203129558000057,1,5210923709300360000
5,5,62,8,2021,10,17,4,2,5,3,1,1,1,0,0,0,0,384749.013233602046967,5722426.841429261490703,7.334428763000062,51.641024167000069,0,5211020701910670000
5,5,58,16,2021,1,14,2,2,5,3,0,0,1,0,0,1,1,379854.468030228279531,5745252.362768204882741,7.255845239000053,51.845137455000042,1,5210104706000770000
5,5,62,32,2021,4,12,4,3,6,4,0,0,1,1,0,0,0,377937.643418977968395,5718517.469553120434284,7.237404016000028,51.604452502000072,0,5210421701110650000
5,5,58,8,2021,3,5,5,1,6,6,2,0,0,1,0,1,0,380986.635028389282525,5757769.856954202055931,7.267950656000039,51.957874761000028,1,5210311706200880000
5,5,62,32,2021,9,13,6,3,0,7,0,1,0,0,0,0,0,377205.002818103879690,5714972.689971992745996,7.228070182000067,51.572435279000047,1,5210910701120660000
5,5,62,4,2021,6,8,4,3,5,2,0,1,1,0,0,0,0,382851.401686321943998,5713351.145256133750081,7.310049066000033,51.559062892000043,0,5210609701800370000
5,5,62,36,2021,1,18,5,3,5,3,2,0,1,0,0,0,0,391647.225779578089714,5719498.213570736348629,7.434984437000026,51.616072548000034,1,5210128701930470000
5,5,62,32,2021,11,12,7,3,2,7,0,0,1,0,0,0,0,375459.137999911792576,5719831.281999565660954,7.201166124000054,51.615717221000068,1,5211106701110280000
5,5,62,28,2021,9,8,3,2,5,3,0,0,1,0,0,0,0,378572.410999921150506,5723459.043999582529068,7.244852131000073,51.649001215000055,0,5210914701920470000
5,5,66,84,2021,2,20,4,2,5,3,2,0,1,0,1,0,0,390538.496567552909255,5774514.638328826054931,7.401542818000053,52.110329430000036,0,5210224709300380000
5,5,58,20,2021,6,14,6,3,4,6,0,1,0,0,0,0,0,389235.567376015707850,5758363.983760235831141,7.387755815000048,51.964918803000046,0,5210604706000090000
5,5,62,32,2021,6,18,1,3,5,3,0,0,1,0,0,0,0,377706.158879375085235,5716171.575905015692115,7.234880685000064,51.583319005000078,0,5210620701120770000
5,5,62,32,2021,6,9,2,3,5,3,0,1,0,0,0,0,0,374959.617190819233656,5719089.665392467752099,7.194219600000054,51.608941512000058,0,5210614701110210000
5,5,62,32,2021,6,11,5,3,5,2,0,0,1,0,0,0,0,377075.477780713699758,5718436.307481478899717,7.224989095000069,51.603535540000053,0,5210603701110070000
5,5,66,84,2021,10,13,6,3,0,7,0,1,0,0,0,0,0,384040.886999937705696,5776884.399999625980854,7.305894923000039,52.130301926000072,1,5211022709300480000
5,5,58,32,2021,9,5,6,3,2,6,2,0,1,0,0,0,1,391698.185712002217770,5751637.643294187262654,7.425703570000053,51.904949976000069,1,5210924702330080000
5,5,62,4,2021,5,15,7,3,2,6,0,0,1,0,0,0,0,383202.312381214462221,5717988.741897506639361,7.313566336000065,51.600817038000059,0,5210529701800180000
5,5,62,4,2021,11,22,7,3,3,6,2,0,1,0,0,0,0,386780.409114615060389,5716281.794634532183409,7.365758022000023,51.586205809000035,0,5211106301911980000
5,5,66,4,2021,9,18,2,3,8,1,0,0,0,0,1,0,0,393386.259500359185040,5764937.518522597849369,7.446102825000025,52.024811020000072,0,5210906709000670000
5,5,58,20,2021,9,16,2,3,5,3,0,0,1,0,1,0,0,391150.533893100917339,5759282.304067473858595,7.415326549000042,51.973550515000056,0,5210927706000070000
5,5,58,32,2021,1,21,3,3,1,7,2,0,1,0,0,0,0,389398.865598839707673,5752594.466047514230013,7.391987105000055,51.913097751000066,1,5210119706000590000
5,5,62,4,2021,6,12,7,3,1,5,0,0,1,0,0,0,0,383498.145524539984763,5716579.176129125058651,7.318303906000040,51.588209550000045,0,5210626701800730000
5,5,58,16,2021,9,14,4,3,0,1,0,0,0,0,1,0,0,381432.777308028191328,5743462.952131347730756,7.279359606000071,51.829393166000045,1,5210915706100950000
5,5,62,32,2021,2,11,5,2,5,2,0,1,1,0,0,0,0,376170.796809189952910,5718890.766077550128102,7.211771978000058,51.607421644000055,0,5210204701110850000
5,5,58,24,2021,3,15,5,2,6,1,0,0,1,1,0,0,0,391954.083734128624201,5736365.705846849828959,7.434191143000021,51.767737947000057,0,5210318706300290000
5,5,58,32,2021,5,19,7,2,9,1,0,0,0,0,1,0,0,382391.433125036768615,5753537.207659553736448,7.289832724000064,51.920134661000077,0,5210529706000860000
5,5,62,32,2021,1,14,6,3,3,2,0,0,1,0,0,0,1,375499.966634559445083,5719717.469843562692404,7.201795962000062,51.614703409000072,0,5210115701110840000
5,5,58,16,2021,6,23,6,3,9,1,2,0,0,0,1,0,0,382650.380675863474607,5745161.864251434803009,7.296444664000035,51.844918789000076,0,5210625706100650000
5,5,66,76,2021,4,8,2,3,2,6,0,0,1,0,0,0,0,397318.123101001605392,5795726.752346614375710,7.494074331000036,52.302274636000050,0,5210419702350040000
5,5,66,76,2021,4,11,4,3,4,1,0,0,1,0,0,1,0,391781.171973719261587,5794736.828072644770145,7.413220753000076,52.292315114000075,0,5210421709000020000
5,5,62,4,2021,6,9,6,2,8,1,0,0,1,0,0,0,1,383133.323783668689430,5712371.734960710629821,7.314439571000037,51.550318683000057,0,5210625701800170000
5,5,58,16,2021,11,18,6,3,0,7,2,0,0,0,0,0,1,381217.195117933675647,5743159.570266198366880,7.276336722000053,51.826620829000035,0,5211112706000280000
5,5,58,16,2021,9,15,6,3,5,3,0,1,1,0,0,0,0,376639.909999916329980,5745732.681999580934644,7.209032373000070,51.848752997000076,0,5210917706100780000
5,5,66,60,2021,4,12,2,3,0,1,0,0,0,0,1,0,0,389380.469592763110995,5789433.813335232436657,7.379773827000065,52.244179127000052,1,5210412709500470000
5,5,58,16,2021,10,14,1,2,5,3,0,0,1,0,0,0,1,379317.969999923370779,5741436.937999589368701,7.249390995000056,51.810732452000082,0,5211031706000470000
5,5,58,44,2021,6,15,1,3,2,1,0,0,1,0,1,0,0,396077.349999963305891,5745642.269999645650387,7.491140865000034,51.851897543000064,0,5210613706000680000
5,5,66,60,2021,7,11,6,3,0,3,0,1,1,0,0,0,0,390581.195999953895807,5785956.715999647974968,7.398478253000064,52.213170156000047,0,5210709709500170000
5,5,62,32,2021,9,15,5,3,5,2,0,1,1,0,0,0,0,376175.755427600815892,5715426.116840027272701,7.213066068000046,51.576285217000077,0,5210902701120370000
5,5,66,76,2021,2,19,5,3,5,2,2,1,1,0,0,0,0,393643.165999960154295,5794093.788999659940600,7.440714502000048,52.286899591000065,1,5210204709500870000
5,5,58,16,2021,5,16,1,3,4,6,0,1,0,0,0,0,0,380358.812725667841733,5740682.152123460546136,7.264742481000042,51.804172832000063,0,5210509706000170000
5,5,62,32,2021,3,13,4,3,6,4,0,0,1,1,0,0,0,375613.989168232306838,5719708.528740245848894,7.203445136000028,51.614648260000081,0,5210310701110340000
5,5,58,16,2021,11,11,3,2,1,1,0,0,1,0,0,0,0,384781.296043123118579,5743160.186957187950611,7.328031232000058,51.827372782000054,1,5211123706000680000
5,5,62,16,2021,6,1,1,2,4,1,2,0,1,0,0,0,0,375267.558465360663831,5735017.901714079082012,7.192973682000058,51.752156681000031,0,5210627701700560000
5,5,66,76,2021,9,16,7,3,2,7,0,0,1,0,1,0,0,391565.109118540771306,5795005.117023831233382,7.409967656000049,52.294683640000073,0,5210904709500030000
5,5,62,4,2021,6,8,4,3,5,3,0,1,1,0,0,0,0,382522.625303827226162,5716070.131983434781432,7.304399306000050,51.583431891000032,0,5210630701800980000
5,5,58,32,2021,9,14,4,3,5,2,0,1,0,0,0,0,0,391618.980999954976141,5755013.452999638393521,7.423490047000030,51.935275261000072,0,5210908706100880000
5,5,66,84,2021,11,9,7,2,4,1,0,0,1,0,0,0,0,387343.026470622047782,5773700.119324281811714,7.355169574000058,52.102367585000081,1,5211113709300870000
5,5,58,16,2021,9,12,7,3,8,1,0,0,1,0,0,0,0,385287.705999940633774,5739946.142999613657594,7.336440715000037,51.798590935000050,0,5210911706000320000
5,5,58,16,2021,12,18,4,3,5,7,2,1,1,0,0,0,0,381773.069999932311475,5744174.083999603986740,7.284052570000028,51.835856358000058,1,5211201706000760000
5,5,62,16,2021,6,7,3,3,5,3,0,1,1,0,0,0,0,374841.363975171931088,5732848.678682826459408,7.187583067000048,51.732567138000036,1,5210629701700550000
5,5,66,68,2021,5,8,3,2,5,3,0,0,1,0,0,0,0,378595.515387499704957,5786417.240181483328342,7.222970096000040,52.214798243000075,1,5210504709300210000
5,5,58,16,2021,6,7,2,3,1,1,0,1,1,0,0,0,0,387685.219680506736040,5747624.210554556921124,7.368702066000026,51.868084769000063,0,5210628706100660000
5,5,62,32,2021,1,14,2,3,0,1,0,1,0,0,0,0,0,375783.427999913692474,5713613.957999564707279,7.208047861000068,51.559912631000032,0,5210111701120910000
5,5,66,84,2021,6,12,7,3,9,1,0,0,0,0,1,0,0,392579.623359088785946,5777850.465129999443889,7.430283713000051,52.140710039000055,0,5210626709000020000
5,5,58,24,2021,9,22,2,1,5,3,2,0,1,0,1,0,0,395570.117999961599708,5737687.760999636724591,7.486177282000028,51.780306991000032,0,5210906706300850000
5,5,62,36,2021,1,17,6,3,2,6,2,0,1,0,0,0,0,388791.787531897425652,5719566.765400534495711,7.393736802000035,51.616131799000073,1,5210129701930670000
5,5,58,16,2021,10,0,5,3,2,6,2,0,1,0,0,0,1,386013.876023988239467,5748816.334001105278730,7.344044175000022,51.878459854000027,0,5211028702330130000
5,5,58,8,2021,2,10,1,2,8,1,0,0,0,0,1,0,0,385077.126672456040978,5765603.778119230642915,7.324827247000030,52.029139647000079,0,5210221706200010000
5,5,58,32,2021,6,12,3,3,8,1,0,0,0,0,1,0,0,390418.580824717879295,5755906.639479212462902,7.405751701000042,51.943067764000034,0,5210601706100090000
5,5,58,16,2021,1,11,4,3,5,3,0,1,1,0,0,0,0,382685.561988253146410,5742356.490270823240280,7.297906152000053,51.819713605000061,1,5210127706100580000
5,5,58,32,2021,5,11,3,3,8,1,0,0,1,0,0,0,0,386685.817397583276033,5752139.758070213720202,7.352709483000069,51.908465757000045,1,5210504706100970000
5,5,62,16,2021,9,13,3,3,8,7,0,0,1,0,0,0,0,374856.514946477487683,5740317.651250232011080,7.185111821000021,51.799692757000059,0,5210907702330690000