ULAND,UREGBEZ,UKREIS,UGEMEINDE,UJAHR,UMONAT,USTUNDE,UWOCHENTAG,UKATEGORIE,UART,UTYP1,ULICHTVERH,IstRad,IstPKW,IstFuss,IstKrad,IstGkfz,IstSonstige,LINREFX,LINREFY,XGCSWGS84,YGCSWGS84,STRZUSTAND,UIDENTSTLAE
5,5,66,76,2021,12,12,3,3,5,3,0,1,1,0,0,0,0,395841.002999964170158,5790708.027999661862850,7.473969719000024,52.256891545000030,0,5211207709500220000
5,5,62,32,2021,6,11,6,3,5,3,0,1,1,0,0,0,0,376460.136999914422631,5720074.513999572023749,7.215530943000033,51.618123768000032,0,5210618701110880000
5,5,66,76,2021,7,23,2,2,8,1,2,0,1,0,0,0,0,393895.537924770265818,5793191.080713411793113,7.444697158000054,52.278835547000028,0,5210705709500550000
5,5,62,28,2021,9,3,1,2,0,1,2,0,1,0,0,0,0,380231.108138895593584,5724930.523043407127261,7.268311444000062,51.662581741000054,0,5210912701920580000
5,5,62,36,2021,9,21,1,3,5,2,2,0,1,0,0,0,0,390526.316472860984504,5720345.059336312115192,7.418536344000074,51.623467211000047,0,5210912701930710000
5,5,62,4,2021,4,16,4,3,0,7,0,0,0,0,0,0,1,382854.952267223969102,5712712.616542147472501,7.310312981000038,51.553324708000048,0,5210414701800350000
5,5,62,4,2021,6,15,1,2,3,5,0,0,1,0,1,0,0,383306.179999935440719,5711433.503999596461654,7.317242685000053,51.541921852000030,0,5210627701800040000
5,5,58,24,2021,5,23,2,2,8,1,2,0,1,0,0,0,0,392006.753879855386913,5738302.509109711274505,7.434351681000066,51.785155988000042,1,5210524706000290000
5,5,58,32,2021,1,10,7,2,9,2,0,0,1,0,0,0,1,385734.148951930925250,5755291.962346162647009,7.337834701000077,51.936601142000029,0,5210123706100360000
5,5,62,32,2021,10,16,4,3,2,6,0,0,1,0,0,0,0,375499.943221048451960,5719716.899496134370565,7.201795827000069,51.614698278000049,1,5211006701110870000
5,5,62,16,2021,6,12,1,3,3,7,0,0,1,0,1,0,0,375062.176999909803271,5733623.126999566331506,7.190500896000060,51.739576267000075,0,5210627701700870000
5,5,58,32,2021,12,13,2,2,8,1,0,0,1,0,0,0,0,389097.741593519225717,5752815.004941182211041,7.387539967000066,51.915019972000039,1,5211206706100600000
5,5,58,8,2021,1,14,6,3,6,7,0,0,0,1,1,0,0,378716.410837912000716,5757023.575305752456188,7.235191354000051,51.950677595000059,0,5210122706200670000
5,5,66,52,2021,4,16,5,3,5,3,0,1,1,0,0,0,0,377808.082999919541180,5779188.028999596834183,7.214055344000030,52.149660309000069,0,5210415709300510000
5,5,66,76,2021,4,17,4,3,2,6,0,0,1,0,0,0,0,393557.348150884732604,5792007.713779021054506,7.440115349000052,52.268135007000069,1,5210407709500070000
5,5,62,16,2021,11,13,2,3,2,2,0,0,1,0,0,0,0,376247.891210435889661,5738150.943001413717866,7.206052368000030,51.780530467000062,0,5211122701700180000
5,5,62,16,2021,5,10,7,2,5,3,0,1,0,0,0,0,0,377691.107999918051064,5737905.720999583601952,7.227049205000071,51.778643953000028,0,5210529701700770000
5,5,58,20,2021,6,6,7,3,9,1,0,0,1,0,0,0,0,390880.848317528143525,5761195.191031904891133,7.410793551000040,51.990689749000069,0,5210626706200680000
5,5,62,4,2021,2,14,2,2,8,1,0,0,1,0,0,0,0,383195.803110833279788,5713605.799542829394341,7.314930375000074,51.561423085000058,2,5210215701800520000
5,5,66,36,2021,6,16,4,2,4,1,0,0,1,0,0,1,0,387458.195411501452327,5768907.132034109905362,7.358431733000032,52.059315791000074,0,5210616709100190000
5,5,66,84,2021,11,9,7,3,9,1,0,0,1,0,0,0,0,388530.325026646256447,5780554.570868592709303,7.370250030000022,52.164209869000047,1,5211113709300090000
5,5,62,32,2021,12,18,7,3,9,1,2,0,1,0,0,0,0,375756.116171486675739,5713716.197307553142309,7.207617935000030,51.560825464000061,1,5211204701110560000
5,5,66,84,2021,5,11,6,3,5,3,0,1,1,0,0,0,0,390010.228809336200356,5775780.267483647912741,7.393422890000068,52.121599137000032,0,5210528709300480000
5,5,62,4,2021,4,9,7,3,5,3,0,1,1,0,0,0,0,381727.023415768519044,5712398.691151149570942,7.294157146000032,51.550267916000053,0,5210424701800140000
5,5,62,8,2021,10,14,3,3,2,6,0,0,1,0,0,0,0,384720.219753948040307,5722382.607473293319345,7.334027411000022,51.640620704000071,1,5211019701910760000
5,5,66,68,2021,2,14,2,2,4,6,0,0,1,0,0,1,0,377622.908227852545679,5783884.333213677629828,7.209656533000043,52.191821743000048,1,5210215709300580000
5,5,66,64,2021,2,16,3,3,9,1,0,0,0,0,1,0,0,392526.666347866877913,5770155.173234984278679,7.431938418000072,52.071538916000065,0,5210223709100950000
5,5,62,8,2021,1,17,1,3,6,2,2,0,1,1,0,0,0,385100.393601437099278,5723275.111290397122502,7.339225901000020,51.648720081000079,1,5210117701910540000
5,5,58,16,2021,4,9,5,3,0,7,0,1,0,0,0,0,0,382003.737999932840466,5744599.350999604910612,7.287253826000040,51.839727094000068,0,5210415706100370000
5,5,62,32,2021,2,9,2,2,5,7,0,0,1,0,0,0,0,375365.927346668206155,5718674.552727794274688,7.200231800000040,51.605300930000055,0,5210222701110410000
5,5,58,24,2021,9,18,4,3,3,6,0,0,1,0,1,0,0,393618.736513864248991,5736241.843116393312812,7.458343846000048,51.766943452000078,0,5210922706300350000
5,5,62,16,2021,6,12,2,3,5,2,0,0,1,0,1,0,0,376423.234638969413936,5738077.556146897375584,7.208618984000054,51.779909695000072,0,5210628701700660000
5,5,62,32,2021,6,14,4,3,1,5,0,0,1,0,0,0,0,378859.072751320898533,5720788.547079788520932,7.249917828000036,51.625062453000055,0,5210609701110160000
5,5,58,36,2021,12,16,4,3,5,2,2,0,1,0,0,0,1,388929.276523669250309,5729678.509455315768719,7.392508319000058,51.707042734000026,1,5211222706300280000
5,5,66,52,2021,10,9,7,3,9,1,0,0,0,0,0,1,0,377725.274987171404064,5777748.415934968739748,7.213363602000072,52.136705096000071,0,5211023709300530000
5,5,66,76,2021,5,16,2,2,0,7,0,1,0,0,0,0,0,393665.875486308708787,5794101.013574210926890,7.441045030000055,52.286968914000056,0,5210503709500560000
5,5,62,4,2021,9,23,6,2,6,7,2,0,1,1,0,0,0,382549.442000780254602,5714944.683169089257717,7.305162571000039,51.573322320000045,0,5210910701800370000
5,5,62,8,2021,2,12,7,2,5,3,0,1,0,0,1,0,0,386373.283367094583809,5726468.794299324974418,7.356577827000024,51.677682880000077,0,5210220701910070000
5,5,66,68,2021,5,17,1,3,5,3,0,1,1,0,0,0,0,375613.091999914497137,5786909.922999588772655,7.179158077000068,52.218560325000055,0,5210509709300940000
5,5,58,12,2021,9,13,1,3,2,6,0,0,1,0,0,0,0,376060.030999912880361,5754870.600999580696225,7.197334509000029,51.930744130000051,0,5210905706200030000
5,5,62,32,2021,9,6,4,3,0,1,1,1,0,0,0,0,0,377058.251999917440116,5718429.686999572440982,7.224742807000041,51.603472280000062,0,5210922701110780000
5,5,66,84,2021,5,7,2,3,5,3,0,0,1,0,0,1,0,388196.440606004558504,5777700.575143124908209,7.366309925000053,52.138493292000078,0,5210510709300770000
5,5,66,76,2021,5,12,6,3,8,1,0,0,1,0,0,0,0,394597.338999963365495,5790789.937999660149217,7.455730395000046,52.257390825000073,1,5210514709500170000
5,5,58,44,2021,3,9,2,2,4,1,0,0,1,0,0,0,0,395999.999999965541065,5754299.292999645695090,7.487407710000070,51.929692421000027,1,5210308706300770000
5,5,62,4,2021,2,12,7,3,2,6,0,0,1,0,0,0,0,383118.235212028026581,5717781.397808572277427,7.312422012000070,51.598936055000081,0,5210227701800370000
5,5,62,32,2021,6,16,3,2,1,5,0,1,1,0,0,0,0,375556.253069827333093,5720238.293825441971421,7.202423535000037,51.619396562000077,0,5210622701110780000
5,5,58,24,2021,5,23,5,3,0,1,2,0,1,0,0,0,0,389843.223999951966107,5737794.133999625220895,7.403159954000046,51.780165039000053,0,5210513706300540000
5,5,62,4,2021,5,19,6,3,2,6,0,0,1,0,0,0,0,382132.041713338345289,5713436.321829276159406,7.299648140000045,51.559678565000070,0,5210528702340070000
5,5,58,8,2021,7,12,1,3,0,3,0,1,1,0,0,0,0,388457.982642574235797,5760077.646878065541387,7.375885628000049,51.980164684000044,1,5210711706100350000
5,5,66,84,2021,7,16,1,2,4,1,0,0,1,0,0,0,0,386113.412999943830073,5778935.557999636977911,7.335472341000070,52.149166558000047,1,5210704709300470000
5,5,58,12,2021,12,14,4,3,0,7,0,0,1,0,0,0,0,378754.586956272833049,5751243.923880945891142,7.237782374000062,51.898745272000042,0,5211208706000770000
5,5,58,16,2021,5,10,7,3,9,1,0,0,1,0,0,0,0,377484.595401714555919,5742692.036521226167679,7.222365925000076,51.821613106000029,0,5210508702330460000
5,5,66,76,2021,7,17,6,3,5,3,0,1,1,0,0,0,0,393882.227413972839713,5793159.371866930276155,7.444512107000037,52.278548004000072,0,5210709709500610000
5,5,58,8,2021,9,13,5,3,5,7,0,0,1,0,0,1,0,381013.262614324688911,5759871.043384650722146,7.267609857000025,51.976763605000031,0,5210923706200090000
5,5,58,12,2021,6,16,6,3,2,6,0,0,1,0,0,0,0,376658.409677156247199,5754890.681021945551038,7.206025909000061,51.931057499000076,0,5210604706200120000
5,5,62,8,2021,9,9,2,3,2,6,0,0,1,0,0,0,0,384603.055999939329922,5723412.396999606862664,7.331995296000059,51.649852106000026,0,5210913701910360000
5,5,62,4,2021,9,19,4,2,5,3,1,1,0,0,1,0,0,382910.080354288220406,5716134.714107276871800,7.309967446000030,51.584092971000075,0,5210908701800470000
5,5,66,4,2021,5,11,1,3,9,2,0,0,1,0,0,1,0,392153.158899611793458,5771523.665865315124393,7.426058467000075,52.083765558000039,0,5210502709100370000
5,5,62,4,2021,11,22,6,3,2,2,2,0,1,0,0,0,0,383304.999540257267654,5711444.077864769846201,7.317222164000043,51.542016644000057,1,5211126701800480000
5,5,58,36,2021,4,12,6,3,5,3,0,0,1,0,0,0,0,391924.150999956764281,5727649.055999627336860,7.436463456000070,51.689386755000044,0,5210409706300120000
5,5,62,32,2021,2,16,2,3,3,6,0,0,1,0,0,0,1,375500.125926497392356,5719722.858670616522431,7.201796347000027,51.614751874000035,1,5210215701110540000
5,5,62,4,2021,11,6,5,2,6,4,2,0,1,1,0,0,0,385510.283752276562154,5715945.078037809580564,7.347542666000038,51.582922819000032,0,5211125701800430000
5,5,62,32,2021,11,18,6,3,5,2,2,0,1,0,0,0,1,374725.367763119749725,5721806.163625115528703,7.189867088000028,51.633302753000066,0,5211112701110940000
5,5,62,32,2021,12,16,4,3,5,2,1,1,1,0,0,0,0,376200.707347241230309,5715611.423275865614414,7.213360649000037,51.577956090000043,0,5211222701120970000
5,5,66,60,2021,6,15,6,2,5,2,0,0,1,0,0,0,0,391275.978738188743591,5789420.746025064960122,7.407529520000026,52.244439390000082,0,5210618709500070000
5,5,66,76,2021,11,16,3,2,5,3,1,0,1,0,0,0,0,392509.260999957099557,5793208.616999659687281,7.424379489000046,52.278723824000053,1,5211130709500070000
5,5,62,4,2021,12,13,3,3,5,3,0,0,1,0,0,0,0,383199.749378982931376,5713676.453092887997627,7.314963803000069,51.562058918000048,0,5211221701800540000
5,5,58,36,2021,12,11,6,2,5,3,0,0,1,0,1,0,0,386868.056135367602110,5729369.617748377844691,7.362790174000054,51.703854668000076,1,5211217706000840000
5,5,62,4,2021,3,11,6,3,0,5,0,0,1,0,0,0,1,384779.902499844320118,5716890.857368279248476,7.336695212000052,51.591274442000042,0,5210319701800720000
5,5,62,28,2021,11,5,7,3,8,1,2,0,1,0,0,0,0,381215.645999929867685,5721940.567999590188265,7.283555006000029,51.635918617000073,0,5211120701920650000
5,5,62,32,2021,3,19,5,3,2,2,2,0,1,0,0,0,0,374575.202620779164135,5719119.293411053717136,7.188660430000027,51.609122280000065,1,5210304701110480000
5,5,62,16,2021,9,15,4,3,2,3,0,0,1,0,1,0,0,378582.062999920919538,5732867.284999586641788,7.241717557000072,51.733557075000078,0,5210908701700280000
5,5,58,24,2021,10,12,7,2,5,3,0,0,1,0,0,0,1,388535.534999950788915,5737098.003999624401331,7.384435188000054,51.773649473000035,0,5211009706000670000
5,5,62,32,2021,11,20,3,3,4,2,2,0,1,0,0,0,0,375952.423978508450091,5719280.954678658396006,7.208482030000027,51.610880266000038,1,5211130701110580000
5,5,58,16,2021,12,15,2,3,5,3,0,1,1,0,0,0,0,379473.583507085219026,5745865.947284318506718,7.250104823000072,51.850569643000028,1,5211213706000680000
5,5,62,36,2021,9,16,3,3,2,2,0,0,1,0,0,1,0,388799.074887098744512,5719219.571528695523739,7.393952182000021,51.613012655000034,0,5210921701930580000
5,5,62,4,2021,9,7,3,3,5,7,0,1,1,0,0,0,0,383529.239335331134498,5713248.807121179997921,7.319856715000071,51.558283478000078,1,5210928701800370000
5,5,58,24,2021,12,12,2,3,5,3,0,1,0,0,0,0,0,392175.594999956898391,5736410.287999631837010,7.437386172000060,51.768181356000071,0,5211206706300930000
5,5,62,32,2021,6,19,7,3,6,7,0,0,1,1,0,0,0,374869.185138690285385,5720863.364460702985525,7.192280941000035,51.624861779000071,0,5210612701110980000
5,5,62,4,2021,9,20,7,3,6,2,2,0,1,1,0,0,0,382549.442460847087204,5714944.681293075904250,7.305162579000068,51.573322303000054,0,5210925701800180000
5,5,62,4,2021,10,16,5,3,2,6,0,0,1,0,0,1,0,386124.985458552837372,5712782.998730037361383,7.357435625000051,51.554626845000030,0,5211014032200430000
5,5,66,68,2021,6,15,6,3,0,1,0,1,0,0,0,0,0,376033.009693888016045,5785168.870105285197496,7.185939275000067,52.203009658000042,0,5210625709000450000
5,5,66,84,2021,6,3,7,3,1,1,1,0,1,0,0,0,0,385984.336027553305030,5779295.558703910559416,7.333465834000037,52.152375223000035,0,5210619709300360000
5,5,62,16,2021,10,14,1,2,5,2,0,0,1,0,1,0,0,374842.005727187730372,5731786.345316812396049,7.187974232000045,51.723020224000038,0,5211010701700330000
5,5,58,8,2021,11,6,2,3,8,1,2,0,1,0,0,0,0,379016.644996918737888,5762090.393200356513262,7.237771940000073,51.996277191000047,2,5211129706200930000
5,5,66,36,2021,10,14,7,3,8,1,0,0,1,0,0,0,0,388081.473032113164663,5768399.079243659973145,7.367685511000047,52.054876063000052,0,5211016709300990000
5,5,62,28,2021,6,7,7,2,4,6,0,0,1,0,0,0,0,377592.185999917797744,5723607.688999576494098,7.230638914000053,51.650124565000056,0,5210619701920960000
5,5,66,76,2021,11,15,2,3,5,1,0,1,1,0,0,0,0,396351.777999964542687,5787016.996999662369490,7.482582309000065,52.223815125000044,0,5211115709500500000
5,5,58,20,2021,12,13,7,3,5,3,0,0,1,0,0,0,0,391408.562999955378473,5761318.380999641492963,7.418436975000077,51.991900352000073,1,5211211706200930000
5,5,62,4,2021,4,7,6,3,3,7,0,0,1,0,0,0,0,382957.702192095108330,5712675.502439852803946,7.311806693000051,51.553012462000027,0,5210416701800860000
5,5,66,84,2021,12,0,5,3,9,2,2,0,1,0,0,0,0,389792.195994602516294,5778880.059010587632656,7.389234794000060,52.149414151000030,1,5211202709300320000
5,5,62,4,2021,1,17,6,3,2,6,2,0,1,0,0,0,0,383383.640271708369255,5719377.076358787715435,7.315721521000057,51.613332512000056,0,5210108701800490000
5,5,66,4,2021,12,18,3,3,6,2,2,0,1,1,0,0,0,395001.171652960591018,5766768.283172484487295,7.469069040000022,52.041573397000036,1,5211214709110600000
5,5,66,76,2021,9,17,5,3,5,2,0,1,1,0,0,0,0,393201.076423918828368,5793315.375371249392629,7.434482322000065,52.279818122000052,0,5210916709500160000
5,5,62,32,2021,9,16,3,3,6,2,0,0,0,1,1,0,0,375333.273196141235530,5714899.989622753113508,7.201101173000040,51.571371127000077,0,5210914701120080000
5,5,62,8,2021,6,17,4,3,2,6,0,0,1,0,0,0,0,383773.205502699129283,5720310.987622158601880,7.321035587000040,51.621806775000039,0,5210623701910740000
5,5,62,32,2021,9,20,5,3,5,3,2,1,1,0,0,0,0,374715.164519173093140,5719089.240795748308301,7.190691364000031,51.608883356000035,0,5210930701110190000
5,5,66,84,2021,1,20,6,1,4,6,2,0,1,0,0,1,0,390394.563943780027330,5773298.185473883524537,7.399833303000037,52.099368312000081,1,5210129709300370000
5,5,62,32,2021,9,3,4,2,0,1,2,1,0,0,0,0,0,375174.639248246327043,5719096.203228402882814,7.197320874000070,51.609047979000081,0,5210908701110280000
5,5,66,68,2021,9,20,6,2,7,7,2,0,1,0,0,0,1,378473.687240185216069,5784140.277711536735296,7.222004897000033,52.194309895000060,0,5210924709300690000
5,5,62,4,2021,1,1,1,2,8,1,2,0,1,0,0,0,0,379991.867846595123410,5715629.415123388171196,7.268040214000052,51.578937716000041,1,5210103701800210000
5,5,62,4,2021,6,23,7,2,0,1,2,0,0,0,0,0,1,384243.068946258164942,5713661.113429633900523,7.330013547000021,51.562136156000065,0,5210619701800270000
5,5,58,24,2021,1,15,5,3,2,6,0,0,1,0,0,0,0,391462.635519519448280,5736247.650526583194733,7.427108817000033,51.766581814000062,0,5210114706300840000
5,5,62,4,2021,9,20,7,3,9,6,2,0,1,0,0,0,0,383119.759053195826709,5713589.291130503639579,7.313839329000075,51.561258958000053,0,5210918702340090000
5,5,54,52,2021,11,6,4,2,0,1,2,0,1,0,0,0,0,379360.211654704995453,5767298.334342993795872,7.240938359000040,52.043154097000070,1,5211124705000420000
5,5,62,28,2021,7,19,1,2,0,1,1,0,0,0,1,0,0,381089.482625515200198,5722576.448232131078839,7.281516760000045,51.641606913000032,0,5210711701920040000
5,5,66,76,2021,3,23,3,3,5,3,2,0,1,0,0,0,0,393241.161999959498644,5791602.611999658867717,7.435611780000045,52.264432986000031,0,5210302709500560000
5,5,62,4,2021,4,13,3,3,5,3,0,1,1,0,0,0,0,385199.126782534644008,5714425.895318949595094,7.343550225000058,51.569205336000039,0,5210406701800230000
5,5,62,32,2021,6,10,4,3,3,6,0,0,1,0,0,0,1,375500.064999911934137,5719719.865999564528465,7.201796531000070,51.614724965000050,0,5210630701110170000
5,5,58,32,2021,3,8,4,2,2,5,0,0,1,0,0,0,0,389924.827583665959537,5752186.629650324583054,7.399761077000051,51.909536486000036,0,5210324706000270000
5,5,58,32,2021,5,10,4,3,6,2,0,0,1,1,0,0,0,386601.935999942943454,5754558.107999622821808,7.350694155000042,51.930183259000046,0,5210526706000080000
5,5,62,32,2021,2,1,6,3,9,7,2,0,1,0,0,0,0,374295.885399401187897,5718333.676945580169559,7.184910449000029,51.601999616000057,1,5210219701110430000
5,5,58,44,2021,11,11,6,2,4,6,0,0,1,0,0,0,1,396233.867826274596155,5747780.477995276451111,7.492770273000076,51.871145001000059,0,5211126706000570000
5,5,62,32,2021,10,20,2,3,0,1,2,0,0,0,0,0,1,376319.176473111845553,5718579.550738111138344,7.214023396000073,51.604657304000057,0,5211004701110610000
5,5,58,16,2021,10,14,6,3,5,3,0,1,1,0,0,0,0,380664.842241950333118,5742757.555598527193069,7.268464010000059,51.822890167000025,0,5211001706100980000
5,5,58,44,2021,6,16,3,2,8,1,0,0,0,0,1,0,0,393290.623210594058037,5748705.404659697785974,7.449749637000025,51.878902811000046,0,5210608706300060000
5,5,62,4,2021,12,8,5,3,5,7,0,0,1,0,0,0,0,382863.655999934300780,5713232.682999594137073,7.310265228000048,51.558000731000050,1,5211202701800680000
5,5,62,28,2021,6,22,4,2,5,2,2,0,1,0,0,0,0,378224.092232683673501,5723045.095402017235756,7.239964099000076,51.645205619000080,0,5210602701920570000
5,5,58,36,2021,6,16,7,2,0,1,0,1,0,0,0,0,0,389037.633059058338404,5726972.049898277968168,7.394936791000021,51.682738801000028,0,5210605706300790000
5,5,58,24,2021,3,6,6,2,9,1,0,0,1,0,0,0,0,387705.584912306629121,5735506.766394680365920,7.372925488000021,51.759182038000063,2,5210319706300540000
5,5,62,16,2021,12,15,7,3,5,3,1,1,1,0,0,0,0,374555.767286384478211,5734321.786738622933626,7.182918495000024,51.745741880000026,1,5211204701700480000
5,5,66,68,2021,3,17,2,2,5,3,0,1,1,0,0,0,0,375717.774871320463717,5786334.585058297961950,7.180900929000074,52.213413911000032,0,5210308709300910000
5,5,66,76,2021,12,12,4,3,5,3,0,1,1,0,0,0,0,393632.945999961346388,5792118.928999656811357,7.441187704000072,52.269149150000032,0,5211208709500070000
5,5,62,32,2021,11,17,3,2,8,7,2,0,1,0,0,0,0,374905.478702690452337,5719484.858302721753716,7.193297144000041,51.612481118000062,1,5211123701110780000
5,5,62,16,2021,3,14,4,2,5,2,0,0,1,0,1,0,0,377491.665999919176102,5731501.441999580711126,7.226415950000046,51.721044909000057,0,5210324701700570000
5,5,58,36,2021,5,10,7,3,5,2,0,1,1,0,0,0,0,389879.852999951690435,5729129.829999621957541,7.406433262000064,51.702298616000064,0,5210501706300610000
5,5,58,32,2021,3,16,2,3,5,2,0,0,1,0,0,0,1,391556.496467469260097,5750871.583035826683044,7.423885811000048,51.898037291000037,0,5210315706100580000
5,5,66,68,2021,12,12,3,2,0,7,0,1,0,0,0,0,0,376087.773800466209650,5785043.009358638897538,7.186786273000052,52.201890969000033,1,5211228709300790000
5,5,62,28,2021,12,17,4,2,6,4,2,0,1,1,0,0,0,378935.615366248413920,5723739.358273938298225,7.250002312000049,51.651598808000074,0,5211208701920660000
5,5,62,36,2021,4,17,1,3,5,2,0,0,1,0,0,0,0,388768.657999949529767,5719821.824999613687396,7.393321900000046,51.618419707000044,0,5210425701930290000
5,5,62,32,2021,9,15,4,3,6,2,0,0,1,1,0,0,0,376074.092301661148667,5714674.859434753656387,7.211864728000023,51.569511152000075,1,5210929701120480000
5,5,66,4,2021,6,7,2,3,2,6,0,0,1,0,0,0,0,393014.100999959744513,5768704.016999647021294,7.439502089000030,52.058590999000046,1,5210621709100890000
5,5,62,16,2021,5,15,6,2,2,6,0,0,1,0,1,0,0,375152.843288402073085,5734589.767208222299814,7.191466389000027,51.748283542000081,0,5210514701700860000
5,5,58,8,2021,9,15,3,3,6,7,0,1,0,1,0,0,0,383523.982042546384037,5761030.966930748894811,7.303753420000021,51.987719819000063,0,5210914706200870000
5,5,58,32,2021,11,15,2,3,8,1,0,0,1,0,0,0,0,388531.895322861149907,5757304.398588376119733,7.377861700000039,51.955255227000066,1,5211129706000380000
5,5,66,76,2021,9,15,3,3,0,3,0,1,1,0,0,0,0,395069.492285517044365,5792972.935625990852714,7.461966367000059,52.277100357000052,0,5210907709500570000
5,5,62,8,2021,3,13,1,3,0,1,0,1,0,0,0,0,0,384597.542788405902684,5721955.321118667721748,7.332396245000041,51.636755222000033,0,5210328701910640000
5,5,62,4,2021,11,7,2,2,1,6,1,0,1,0,0,0,0,383376.839998934417963,5718961.633529882878065,7.315761576000057,51.609597241000074,0,5211115701800780000
5,5,58,16,2021,5,16,2,3,2,2,0,1,1,0,0,0,0,389880.709361660294235,5744537.619364144280553,7.401560004000032,51.840781193000055,0,5210503706100980000
5,5,66,76,2021,9,7,5,3,4,6,0,1,0,0,0,0,0,393858.038970841094851,5793141.196934960782528,7.444163413000069,52.278379992000055,0,5210923709500070000
5,5,62,4,2021,2,12,3,3,6,7,0,0,1,1,0,0,0,382733.345718159340322,5716701.930566867813468,7.307228231000067,51.589154174000043,0,5210209701800080000
5,5,66,76,2021,9,13,4,2,8,1,0,0,1,0,0,0,0,392476.706603795289993,5789349.145127013325691,7.425132013000052,52.244031783000082,1,5210929709500260000
5,5,58,16,2021,2,16,7,2,0,1,0,1,0,0,0,0,0,383919.176834463141859,5748229.159196851775050,7.313824576000059,51.872750669000027,1,5210220706100760000
5,5,66,60,2021,3,19,3,2,5,2,2,0,1,0,1,0,0,388846.025149476714432,5787958.819129956886172,7.372434399000042,52.230815737000057,0,5210302709300850000
5,5,66,76,2021,11,13,4,3,4,6,0,0,1,0,0,0,0,394955.095386472530663,5798024.721911827102304,7.458714431000033,52.322480158000076,1,5211117709500230000
5,5,58,32,2021,10,11,7,3,4,6,0,0,1,0,0,0,0,388672.643980025313795,5757517.324947949498892,7.379840065000053,51.957197081000061,1,5211002706000080000
5,5,58,44,2021,9,14,4,2,1,1,0,0,1,0,0,0,0,396158.069391409866512,5745977.134628299623728,7.492211790000056,51.854922352000074,0,5210922706300090000
5,5,62,32,2021,3,16,4,3,8,1,0,0,1,0,0,0,0,376225.952164480462670,5715794.162549875676632,7.213660379000032,51.579603954000049,0,5210303701120590000
5,5,62,36,2021,5,6,3,3,0,7,0,0,1,0,0,0,0,392126.235986042767763,5721199.001634083688259,7.441376551000076,51.631451588000061,0,5210518701930970000
5,5,66,84,2021,2,18,3,2,5,2,1,1,1,0,0,0,0,385557.117999942973256,5777983.075999632477760,7.327666229000044,52.140491700000041,0,5210223709300520000
5,5,66,84,2021,7,5,2,3,3,6,1,0,1,0,0,1,0,391023.776999954134226,5772810.528999643400311,7.409171503000039,52.095109872000080,0,5210712709300670000
5,5,66,36,2021,10,0,7,2,0,1,2,1,0,0,0,0,0,387333.761065219528973,5768400.371090982109308,7.356784657000048,52.054736155000057,1,5211009709100770000
5,5,58,24,2021,6,21,1,3,8,1,1,0,0,0,1,0,0,391558.566999956034124,5736270.909999629482627,7.428491202000032,51.766809458000068,0,5210613706300450000
5,5,66,84,2021,3,15,5,3,2,1,0,0,1,0,0,0,0,386129.058768616057932,5778708.943571470677853,7.335776860000067,52.147133215000053,1,5210311709300070000
5,5,66,24,2021,6,13,2,3,9,1,0,0,1,0,0,0,0,382283.123740863986313,5770986.028645332902670,7.282265570000050,52.076923120000060,0,5210628709300290000
5,5,66,76,2021,6,14,4,3,5,2,0,1,1,0,0,0,0,397547.745999966748059,5787546.371999662369490,7.499924466000039,52.228796657000032,0,5210623709500530000
5,5,62,32,2021,4,17,5,3,2,6,0,0,1,0,0,0,0,375898.415993007831275,5717206.502118423581123,7.208436479000056,51.592224906000069,0,5210415701110820000
5,5,66,60,2021,2,13,7,2,2,7,0,0,1,0,1,0,0,390196.766696507111192,5786531.737587796524167,7.392667332000030,52.218261451000046,0,5210227709500740000
5,5,58,44,2021,10,17,6,3,2,6,0,0,1,0,1,0,0,394869.939228137955070,5747761.386417983099818,7.472972221000020,51.870718005000072,0,5211029706000550000
5,5,58,44,2021,6,16,5,3,1,6,0,0,1,0,0,0,0,396293.572073124349117,5751151.337279330939054,7.492623820000063,51.901453458000049,0,5210610702330670000
5,5,66,84,2021,5,9,6,3,1,1,0,0,1,0,0,0,0,390361.750920697115362,5774948.786397516727448,7.398823102000051,52.114196226000047,0,5210528709300380000
5,5,62,32,2021,12,20,4,2,1,5,2,0,1,0,0,0,0,376334.120121045038104,5719954.021542446687818,7.213754172000051,51.617013208000060,0,5211222701110760000
5,5,58,16,2021,12,16,6,3,5,2,1,0,1,0,0,0,0,384779.240542689338326,5743162.949493443593383,7.328000498000051,51.827397186000042,0,5211210706000680000
5,5,62,4,2021,1,20,2,3,8,5,2,0,1,0,0,0,1,382477.338994061574340,5716832.919982787221670,7.303490592000060,51.590278120000050,1,5210104701800520000
5,5,58,16,2021,12,11,5,2,3,1,0,0,1,0,0,1,0,386892.864346943795681,5749420.333666721358895,7.356610184000033,51.884067242000071,0,5211223702330210000
5,5,62,8,2021,5,11,4,2,5,3,0,0,1,0,0,0,0,384978.450490077026188,5724213.860527362674475,7.337155331000076,51.657132347000072,0,5210512701910540000
5,5,58,16,2021,4,7,2,3,5,3,0,1,1,0,0,0,0,387930.295664206147194,5747423.525637514889240,7.372325202000070,51.866330395000034,0,5210412706100070000
5,5,66,68,2021,2,21,4,3,5,2,2,1,1,0,0,0,0,377525.291110822930932,5785553.808178488165140,7.207625587000052,52.206802392000043,0,5210224709300210000
5,5,62,32,2021,2,11,5,3,0,7,0,0,0,0,0,0,1,376230.651066918857396,5719847.230559548363090,7.212298154000052,51.616030718000047,0,5210204701110840000
5,5,58,16,2021,1,17,7,3,5,6,2,0,1,0,0,0,1,386083.043411201797426,5748877.839983869343996,7.345028264000064,51.879026767000028,1,5210109702330930000
5,5,66,76,2021,9,16,6,2,5,7,0,1,1,0,0,0,0,391141.543999955058098,5795282.316999653354287,7.403669744000069,52.297091078000051,0,5210903709500700000