ULAND,UREGBEZ,UKREIS,UGEMEINDE,UJAHR,UMONAT,USTUNDE,UWOCHENTAG,UKATEGORIE,UART,UTYP1,ULICHTVERH,IstRad,IstPKW,IstFuss,IstKrad,IstGkfz,IstSonstige,LINREFX,LINREFY,XGCSWGS84,YGCSWGS84,STRZUSTAND,UIDENTSTLAE
5,5,62,4,2021,6,12,4,3,3,7,0,0,1,0,1,0,0,382122.062483619898558,5711673.777731934562325,7.300094944000023,51.543835288000082,0,5210623701800980000
5,5,58,32,2021,9,18,3,3,2,6,0,0,1,0,0,0,0,386754.444999945349991,5754300.317999623715878,7.352996149000035,51.927897459000064,0,5210914706100200000
5,5,62,8,2021,10,14,6,3,5,3,0,0,1,0,0,0,0,384665.381923615001142,5722298.314748065546155,7.333263062000071,51.639851863000047,0,5211008701910980000
5,5,62,28,2021,10,16,5,3,2,2,0,0,1,0,0,0,0,377962.301367145963013,5721489.182162359356880,7.236724889000072,51.631165481000039,1,5211021701920390000
5,5,58,36,2021,11,12,2,3,5,3,0,1,1,0,0,0,0,387168.350999944843352,5728734.265999615192413,7.367339624000067,51.698204739000062,0,5211108706000010000
5,5,58,24,2021,6,15,6,3,8,1,0,0,0,0,0,0,1,390727.926763664931059,5733073.092703890055418,7.417463760000032,51.737906280000061,0,5210618706000470000
5,5,62,4,2021,7,13,6,3,5,2,0,1,1,0,0,0,0,382898.052999935112894,5712810.453999597579241,7.310901794000074,51.554212993000078,0,5210702701800060000
5,5,58,16,2021,11,7,2,3,0,6,1,1,1,0,0,0,0,381497.464557196944952,5743706.963403455913067,7.280214340000043,51.831599861000029,2,5211129706100290000
5,5,62,32,2021,12,19,1,3,6,7,2,1,0,1,0,0,0,376104.511894702911377,5716433.743601337075233,7.211682953000036,51.585325327000078,1,5211205701110760000
5,5,62,32,2021,12,17,1,3,2,6,2,0,1,0,0,0,0,374561.486335909925401,5716098.399063527584076,7.189542513000049,51.581970190000050,0,5211226702340680000
5,5,66,84,2021,5,7,2,3,5,7,0,0,1,0,0,0,0,390386.587999954819679,5776155.827999643981457,7.398796904000051,52.125049149000063,0,5210503709300060000
5,5,62,8,2021,5,17,7,3,5,3,0,0,1,0,0,0,0,382154.811999931931496,5720849.127999596297741,7.297486924000054,51.626306787000033,1,5210515701910950000
5,5,62,32,2021,12,0,3,3,9,1,2,0,1,0,0,0,0,378973.655251042917371,5717539.000738328322768,7.252694256000041,51.595882234000044,1,5211228702340930000
5,5,58,24,2021,2,7,2,3,5,3,0,1,1,0,0,0,0,393194.290900794789195,5738033.873550262302160,7.451644036000062,51.782969445000049,0,5210222706200370000
5,5,66,84,2021,4,18,5,3,5,3,0,0,1,0,0,0,0,385811.650999942794442,5778232.076999632641673,7.331300312000053,52.142782122000028,0,5210401709300870000
5,5,58,32,2021,3,21,6,3,1,7,2,0,1,0,0,0,0,390799.795318931341171,5751561.665156753733754,7.412673857000073,51.904091743000038,1,5210312706100220000
5,5,58,32,2021,9,12,1,3,1,7,0,1,1,0,0,0,0,391790.299865717999637,5750381.926252782344818,7.427436195000041,51.893681839000067,0,5210905706100080000
5,5,62,4,2021,10,19,3,3,2,6,2,0,1,0,0,0,0,383132.766999934799969,5713219.835999593138695,7.314149712000074,51.557941087000074,1,5211019701800370000
5,5,58,20,2021,4,16,4,3,5,3,0,0,1,0,0,0,0,394678.836999962106347,5758592.920999646186829,7.466884271000026,51.968034354000054,0,5210414706200510000
5,5,62,32,2021,11,17,6,3,5,7,2,1,1,0,0,0,0,376061.896766265854239,5719150.800879906862974,7.210108242000047,51.609734661000061,1,5211105701110180000
5,5,58,32,2021,10,11,1,3,3,5,0,0,0,0,1,0,0,382583.373484884388745,5753982.508361069485545,7.292470547000050,51.924177122000060,0,5211024706000310000
5,5,66,4,2021,6,14,2,3,1,1,0,0,1,0,1,0,0,395152.665614908561110,5766591.729606796056032,7.471331184000064,52.040015258000039,1,5210621709100350000
5,5,58,32,2021,3,23,2,3,8,1,2,0,1,0,0,0,0,388721.781059772707522,5753160.672636987641454,7.381964355000036,51.918051665000064,0,5210301706100370000
5,5,62,32,2021,11,8,6,3,5,3,1,1,1,0,0,0,0,374117.899999907240272,5719172.004999553784728,7.182040877000077,51.609493945000054,1,5211119701110570000
5,5,66,52,2021,11,16,4,3,0,7,1,0,0,0,1,0,0,378108.616345033980906,5778640.504843600094318,7.218642020000061,52.144806459000051,1,5211103709300790000
5,5,62,32,2021,12,11,6,3,9,1,0,0,1,0,0,0,1,375910.115152928046882,5716332.010762125253677,7.208914449000076,51.584368260000076,1,5211217702340580000
5,5,62,16,2021,9,12,1,3,8,1,0,0,1,0,0,0,0,378990.612803466618061,5732112.727435622364283,7.247893166000040,51.726864088000070,0,5210905701700570000
5,5,62,32,2021,6,16,2,3,0,7,0,0,0,0,0,0,1,377650.349018324166536,5718394.098567845299840,7.233300613000040,51.603281386000049,0,5210607701110580000
5,5,66,76,2021,1,12,2,2,5,3,0,0,1,0,0,0,0,392295.176045102067292,5793130.585399845615029,7.421267605000025,52.277980642000045,1,5210111709500070000
5,5,62,8,2021,6,11,4,3,5,3,0,0,1,0,0,1,0,384840.197999940253794,5721956.785999609157443,7.335900616000060,51.636818121000033,0,5210616701910550000
5,5,66,24,2021,11,14,3,2,8,1,0,0,1,0,0,0,0,382349.973917352035642,5772291.021198734641075,7.282790419000037,52.088665024000079,1,5211123709300780000
5,5,66,52,2021,12,11,5,1,4,1,0,0,1,0,0,0,0,378009.389932081103325,5777359.619338810443878,7.217652302000033,52.133274017000076,1,5211230709300080000
5,5,62,28,2021,10,12,2,3,5,3,0,1,1,0,0,0,0,379609.534462006762624,5722421.545284060761333,7.260192543000073,51.639899879000041,0,5211004701920340000
5,5,62,36,2021,12,16,7,3,2,2,2,0,1,0,0,0,0,388744.547409264370799,5719960.852696374058723,7.392929635000030,51.619664523000040,1,5211204701930820000
5,5,62,32,2021,9,19,6,3,5,3,0,0,1,0,0,0,0,379554.838999923318624,5719383.008999582380056,7.260447497000030,51.612579680000067,0,5210903701110070000
5,5,58,24,2021,9,13,6,3,5,3,0,1,1,0,0,0,0,392119.597999957390130,5736395.434999631717801,7.436579590000065,51.768037070000048,0,5210903706300300000
5,5,62,4,2021,12,19,3,2,9,1,2,0,1,0,0,0,0,383583.592482644133270,5712063.610137352719903,7.321032729000024,51.547642408000058,2,5211221701800970000
5,5,58,24,2021,2,2,1,3,8,1,2,1,0,0,0,0,0,389837.822904855944216,5736014.195204703137279,7.403646330000072,51.764166216000035,0,5210228706300470000
5,5,66,76,2021,10,12,7,3,0,6,0,1,0,0,0,0,0,395100.047999964095652,5791857.881999662145972,7.462760843000069,52.267084865000072,0,5211023709500810000
5,5,62,4,2021,1,14,2,3,6,2,0,0,1,1,0,0,0,385747.139759509824216,5717272.485743751749396,7.350527626000030,51.594901445000062,0,5210125701800860000
5,5,62,16,2021,5,14,7,2,5,3,0,1,1,0,0,0,0,374748.182027031667531,5732563.479760967195034,7.186337050000077,51.729983282000035,0,5210529701700490000
5,5,62,4,2021,4,14,5,3,6,4,0,0,1,1,0,0,0,384424.768613670021296,5711420.175310492515564,7.333370042000070,51.542032232000054,0,5210429701800920000
5,5,62,32,2021,5,16,5,3,2,7,0,0,1,0,0,0,0,375032.406421428546309,5714834.813261037692428,7.196785261000059,51.570718770000042,0,5210520701120680000
5,5,58,16,2021,10,12,6,3,0,1,0,1,0,0,0,0,0,387309.384748433716595,5747717.638147242367268,7.363215226000023,51.868848653000043,0,5211008706100660000
5,5,66,76,2021,9,0,7,2,8,5,2,0,1,0,0,0,0,395879.088999964296818,5793949.723999662324786,7.473526872000036,52.286033014000054,0,5210911709000160000
5,5,58,32,2021,10,20,4,3,0,6,2,1,0,1,0,0,0,392882.324135628528893,5751448.906509658321738,7.442968200000053,51.903482588000031,1,5211006706000580000
5,5,58,16,2021,9,13,6,3,6,7,0,0,0,1,0,0,1,380561.912744894623756,5740361.225490527227521,7.267797330000064,51.801332039000044,0,5210903706100500000
5,5,62,8,2021,11,16,1,3,5,2,0,0,1,0,0,0,0,384430.629831320606172,5726666.498469185084105,7.328427901000055,51.679063403000043,0,5211114701910070000
5,5,66,76,2021,12,14,2,3,8,1,0,0,1,0,0,0,0,391806.151557154022157,5789461.428086848929524,7.415278655000066,52.244909481000036,1,5211220709500790000
5,5,66,84,2021,5,11,4,3,2,6,0,0,1,0,0,0,0,389812.957999953068793,5776447.292999641969800,7.390326639000023,52.127554556000064,0,5210526709300070000
5,5,62,4,2021,7,13,6,3,5,3,0,1,1,0,0,0,0,383122.341709377244115,5709597.826965581625700,7.315202266000028,51.525385143000051,0,5210702701800980000
5,5,62,32,2021,11,21,2,3,8,1,2,0,1,0,0,0,0,381441.990236707031727,5717913.722437618300319,7.288186649000068,51.599774989000082,0,5211101702340080000
5,5,62,32,2021,6,11,6,3,5,3,0,1,1,0,0,0,0,375468.941284587606788,5719945.138838645070791,7.201267184000073,51.616742634000047,0,5210618701110840000
5,5,62,32,2021,9,15,3,3,0,7,0,0,1,0,0,0,1,375615.192504999227822,5720342.548699449747801,7.203237444000024,51.620346541000060,0,5210914701110980000
5,5,66,8,2021,11,23,6,2,8,1,2,0,1,0,0,0,0,393749.354314687661827,5781930.709129111841321,7.446093141000063,52.177607069000032,1,5211126709110570000
5,5,66,76,2021,2,8,7,2,8,1,0,0,1,0,0,0,0,394577.910257650539279,5790825.687970293685794,7.455434690000061,52.257708398000034,1,5210206709500770000
5,5,62,16,2021,3,16,1,3,0,1,0,0,0,0,1,0,0,377704.553293896839023,5737889.184221038594842,7.227249828000026,51.778498276000050,1,5210328701700580000
5,5,66,64,2021,10,11,5,2,8,1,0,0,0,0,0,1,0,396109.047928793355823,5774005.713426560163498,7.483012682000037,52.106829929000071,0,5211028709110040000
5,5,62,4,2021,10,22,6,2,6,4,2,0,1,1,0,0,0,382937.840955378487706,5712746.423158982768655,7.311496747000035,51.553645758000073,1,5211022701800430000
5,5,58,16,2021,3,5,6,3,5,3,2,0,1,0,1,0,0,384132.181150438264012,5744193.462808489799500,7.318270173000030,51.836524936000046,2,5210319706000180000
5,5,66,24,2021,12,15,6,3,9,1,0,0,1,0,0,0,0,382204.333925053477287,5775485.519999369978905,7.279561092000051,52.117342197000028,1,5211224709300380000
5,5,62,32,2021,11,7,4,3,1,6,2,0,1,0,0,0,0,376053.089524767361581,5716655.270274439826608,7.210862888000065,51.587304925000069,1,5211124701110760000
5,5,66,84,2021,12,16,6,3,2,1,2,0,1,0,0,0,0,392848.741999957710505,5776558.306999651715159,7.434621909000043,52.129149171000051,1,5211217709300040000
5,5,58,16,2021,2,15,1,2,2,6,0,0,1,0,1,0,0,385629.058986887335777,5740494.486232176423073,7.341207885000074,51.803589080000052,0,5210221706000850000
5,5,66,68,2021,12,12,6,3,5,3,0,0,1,0,0,0,0,375891.977981943637133,5785958.955201445147395,7.183587040000020,52.210077723000040,0,5211210709300870000
5,5,62,32,2021,12,16,3,3,5,3,1,0,1,0,0,0,0,376233.828651310876012,5715863.880428256466985,7.213749423000024,51.580232254000066,0,5211207701120170000
5,5,58,24,2021,1,10,5,2,4,2,0,0,1,0,1,0,0,393197.058064579963684,5738035.295700851827860,7.451683698000068,51.782982756000081,1,5210121706300580000
5,5,66,96,2021,6,18,7,3,5,3,0,0,0,0,1,1,0,385728.917000289075077,5785958.045270111411810,7.327488921000054,52.212197197000080,0,5210626709300160000
5,5,66,24,2021,6,11,6,3,5,2,0,1,1,0,0,0,0,384010.075999938882887,5774210.676999624818563,7.306356182000059,52.106267130000049,0,5210625709000720000
5,5,62,32,2021,9,15,4,3,5,2,0,1,1,0,0,0,0,375982.585445643402636,5716963.631638638675213,7.209736761000045,51.590060717000028,0,5210901701110460000
5,5,62,32,2021,4,9,2,3,5,2,0,0,1,0,0,0,0,375957.782869093120098,5719275.554093947634101,7.208561294000049,51.610832911000045,0,5210412701110120000
5,5,62,36,2021,9,16,6,3,5,2,0,0,1,0,0,0,0,388787.885019255802035,5719071.211198739707470,7.393837712000050,51.611676979000038,0,5210917701930680000
5,5,66,24,2021,5,16,7,3,5,3,0,0,1,0,0,0,0,383138.945999936200678,5771062.125999618321657,7.294721727000024,52.077788280000050,1,5210508709300080000
5,5,66,76,2021,9,17,5,3,0,1,0,1,0,0,0,0,0,393656.099266792647541,5794099.687238924205303,7.440902178000044,52.286955102000036,0,5210902709500160000
5,5,58,8,2021,4,13,4,3,8,1,0,0,1,0,0,0,0,380557.635473812930286,5756216.375548578798771,7.262250227000038,51.943821807000063,1,5210407706200480000
5,5,66,76,2021,12,15,5,2,9,1,0,0,1,0,0,0,0,394396.958874141797423,5785582.367996070533991,7.454422505000025,52.210550287000046,1,5211202709500070000
5,5,62,32,2021,3,18,3,2,9,6,0,0,1,0,0,0,0,378467.553264706395566,5717430.644539630040526,7.245428674000038,51.594799434000038,0,5210330702340050000
5,5,62,36,2021,3,6,6,3,5,2,2,0,1,0,0,0,0,388415.029783783480525,5718314.087449470534921,7.388696084000060,51.604798172000073,0,5210305701930750000
5,5,62,32,2021,1,3,2,2,9,7,2,0,1,0,0,1,0,376121.875470527447760,5716368.266669403761625,7.211956553000050,51.584740689000057,1,5210118702340080000
5,5,62,28,2021,12,15,5,3,2,6,0,0,1,0,0,0,0,379638.415184103883803,5722428.452140005305409,7.260607326000070,51.639968135000061,1,5211230701920280000
5,5,66,76,2021,3,18,4,3,3,6,0,0,1,0,1,0,0,393347.746971725486219,5793995.098879884928465,7.436416375000022,52.285955393000052,0,5210324709500070000
5,5,66,68,2021,6,15,4,3,8,1,0,0,0,0,1,0,0,377204.171142434701324,5785300.918098118156195,7.203020315000060,52.204458415000033,0,5210623709300680000
5,5,66,96,2021,4,13,6,2,8,1,0,0,1,0,0,0,0,387350.537326965481043,5785175.018039518967271,7.351473332000069,52.205494101000056,0,5210430709300270000
5,5,62,28,2021,6,7,6,2,2,6,0,0,1,0,0,0,0,379178.635230025276542,5721283.819630689918995,7.254361256000038,51.629582347000053,0,5210611701920870000
5,5,58,44,2021,2,15,6,3,2,6,0,0,1,0,0,1,0,394971.315731177106500,5751086.655841050669551,7.473431813000047,51.900624431000040,0,5210212702330070000
5,5,66,76,2021,5,17,3,3,0,1,0,1,0,0,0,0,0,394143.812999960966408,5788373.370999660342932,7.449845607000043,52.235585367000056,1,5210518709500470000
5,5,62,8,2021,3,14,3,2,2,6,0,0,1,0,0,0,0,384525.747072449885309,5721674.186184775084257,7.331451992000041,51.634213730000056,1,5210316701910960000
5,5,58,20,2021,11,17,2,2,0,6,2,1,0,0,0,0,1,390989.607343625277281,5759878.760883944109082,7.412795225000025,51.978879653000035,1,5211122706200200000
5,5,62,4,2021,6,14,4,3,2,6,0,0,1,0,0,1,0,382994.919853857718408,5715766.403096001595259,7.311314154000058,51.580800326000031,0,5210602701800470000
5,5,66,76,2021,6,16,6,3,2,1,0,0,1,0,0,0,0,392641.092750175856054,5793213.534466125071049,7.426309548000063,52.278793781000047,0,5210611709000030000
5,5,58,16,2021,1,7,6,3,5,3,1,0,1,0,0,0,0,384132.098872615024447,5744193.641288464888930,7.318268920000037,51.836526523000032,1,5210129706000070000
5,5,66,76,2021,6,17,7,3,5,2,0,1,1,0,0,0,0,393190.497999958693981,5793312.537999657914042,7.434328219000065,52.279790567000077,0,5210605709500370000
5,5,62,32,2021,11,11,3,3,6,4,0,0,1,1,0,0,0,375465.940110681578517,5719540.616316806524992,7.201367605000030,51.613106479000066,1,5211116701110860000
5,5,58,12,2021,4,22,2,3,8,1,2,0,1,0,0,0,0,379325.707767786458135,5755734.741120416671038,7.244505148000030,51.939227600000038,1,5210412706200070000
5,5,62,32,2021,12,7,6,3,1,6,1,0,1,0,0,0,0,378847.970865829847753,5717519.455300414934754,7.250887360000036,51.595679554000071,1,5211210702340690000
5,5,58,44,2021,7,20,7,3,3,6,0,0,1,0,0,0,0,396109.600037841126323,5751100.058084813877940,7.489966239000069,51.900958289000073,0,5210710702330960000
5,5,58,32,2021,5,7,5,2,2,1,0,0,1,0,0,0,1,389585.901877712458372,5752454.726855110377073,7.394750036000062,51.911878947000048,0,5210520706000090000
5,5,62,32,2021,5,17,4,3,5,3,0,0,1,0,0,0,0,374065.322388752363622,5719171.486540954560041,7.181282162000059,51.609477528000070,0,5210512701110840000
5,5,62,32,2021,7,20,4,3,5,2,0,1,1,0,0,0,0,376175.526999912224710,5715424.467999566346407,7.213063355000031,51.576270348000037,0,5210707701120450000
5,5,66,76,2021,1,15,6,3,2,6,0,0,1,0,0,0,0,393681.556589881889522,5792992.981124119833112,7.441624291000039,52.277013842000031,0,5210129709500470000
5,5,58,8,2021,12,14,7,3,5,3,0,0,1,0,0,0,0,380781.890314829535782,5757208.084903826937079,7.265167314000053,51.952782312000068,0,5211225706200630000
5,5,62,32,2021,11,14,2,3,5,3,0,0,1,0,0,0,1,375702.873999912291765,5719546.100999565795064,7.204785861000062,51.613208134000047,0,5211115701110790000
5,5,66,76,2021,6,6,2,2,3,6,0,0,1,0,0,0,0,391301.462323439307511,5790468.810167822986841,7.407565329000022,52.253863483000032,1,5210621709500570000
5,5,66,76,2021,4,14,5,3,5,2,0,1,1,0,0,0,0,395268.696999962441623,5793949.619999663904309,7.464581677000069,52.285916095000061,0,5210415709500270000
5,5,66,76,2021,10,21,2,3,0,1,2,1,0,0,0,0,0,392771.845579236745834,5794108.201857693493366,7.427940779000039,52.286859801000048,0,5211018709500660000
5,5,62,28,2021,6,18,2,3,5,3,0,1,1,0,0,0,0,380636.174166398122907,5722362.222270594909787,7.275041856000030,51.639585542000077,0,5210621701920840000
5,5,62,32,2021,12,18,5,3,5,3,2,0,1,0,0,0,1,378833.156429457478225,5718809.703236300498247,7.250227836000022,51.607272310000042,0,5211216701110980000
5,5,62,4,2021,6,11,1,3,0,7,0,0,0,0,0,0,1,383644.072335997596383,5717116.329519992694259,7.320231278000051,51.593067488000031,0,5210606701800870000
5,5,62,32,2021,7,12,2,3,2,6,0,0,1,0,1,0,0,376117.778508647345006,5714999.337080977857113,7.212380339000049,51.572436910000079,0,5210712701120720000
5,5,66,76,2021,10,15,2,3,5,3,0,1,1,0,0,0,0,393578.396791458129883,5792647.284639775753021,7.440221911000037,52.273887038000055,0,5211025709500510000
5,5,62,32,2021,12,0,3,2,7,7,2,0,1,0,0,0,0,378980.114098990336061,5717539.928253253921866,7.252787138000031,51.595891957000049,1,5211228702340730000
5,5,66,76,2021,3,8,1,3,4,2,0,1,1,0,0,0,0,396946.398343594744802,5787668.183323297649622,7.491085888000043,52.229779231000066,1,5210314709700070000
5,5,62,4,2021,10,16,6,2,3,6,0,0,1,0,0,0,0,382824.857251315377653,5718320.860041189938784,7.308007878000069,51.603723594000030,0,5211008702340500000
5,5,62,4,2021,10,10,7,3,2,6,0,0,1,0,0,0,0,383171.872878260910511,5713508.669121770188212,7.314617587000043,51.560545146000038,0,5211023032200030000
5,5,66,76,2021,10,8,4,3,1,6,0,0,1,0,0,0,0,392989.064999958500266,5793270.664999658241868,7.431389994000028,52.279375071000061,1,5211006709500970000
5,5,62,32,2021,4,9,5,2,9,7,0,0,1,0,0,0,0,374551.110999907366931,5716256.024999557062984,7.189336527000023,51.583384482000042,0,5210401702340880000
5,5,62,16,2021,6,20,4,2,5,3,0,1,1,0,0,0,0,376977.972429193556309,5736479.801629289984703,7.217222327000059,51.765672979000044,0,5210616701700490000
5,5,15,0,2021,5,15,4,3,9,1,0,1,0,0,0,0,0,395756.374535800889134,5755954.490096835419536,7.483364081000047,51.944523600000082,0,5210512702100360000
5,5,66,84,2021,12,17,4,3,7,1,2,1,0,0,0,0,0,389963.634310681372881,5775435.865994179621339,7.392853950000074,52.118494648000080,1,5211222709300840000
5,5,62,4,2021,2,10,4,2,0,1,0,1,0,0,0,0,0,381648.572950902394950,5714618.752855561673641,7.292278821000025,51.570204579000062,0,5210224701800940000
5,5,66,76,2021,11,7,2,3,6,2,1,0,1,1,0,0,0,393479.979999961331487,5791909.164999654516578,7.439013112000055,52.267234348000045,1,5211129709500070000
5,5,62,32,2021,1,16,7,3,2,6,1,0,1,0,0,0,0,374687.808791058138013,5714786.527791177853942,7.191832786000020,51.570208337000054,0,5210116702340470000
5,5,62,8,2021,2,16,4,3,6,4,0,0,1,1,0,0,0,382473.879538322798908,5721101.963492298498750,7.302009467000062,51.628645898000059,0,5210217701910910000
5,5,66,76,2021,10,9,2,2,5,3,0,1,1,0,0,0,0,395018.351999963633716,5792303.413999661803246,7.461425468000073,52.271073406000028,0,5211025709500570000
5,5,66,84,2021,12,7,3,2,3,5,1,0,1,0,0,0,0,388159.763240659609437,5777728.020751992240548,7.365765196000041,52.138732525000080,1,5211207709300080000
5,5,62,32,2021,12,17,5,3,4,2,2,0,1,0,0,0,1,378537.983999921940267,5721138.603999581187963,7.245160100000021,51.628139309000062,1,5211230701110880000
5,5,62,8,2021,11,11,2,2,8,1,0,0,1,0,0,0,0,383292.204254348762333,5724971.436245862394571,7.312535943000057,51.663593519000074,0,5211122701910080000
5,5,62,8,2021,12,20,7,3,5,3,2,0,1,0,0,1,0,383655.703244509175420,5720015.300729217007756,7.319437179000033,51.619124960000079,0,5211225701910780000
5,5,58,16,2021,11,10,2,3,1,1,0,0,1,0,0,0,0,381492.840110345743597,5743696.373761041089892,7.280150885000069,51.831503709000060,1,5211129706000420000
5,5,58,36,2021,3,13,4,3,5,3,0,0,1,0,0,0,0,391919.697141756303608,5727651.528135463595390,7.436398282000027,51.689408118000074,0,5210303706300670000
5,5,58,16,2021,3,18,5,3,5,2,2,1,1,0,0,0,0,382102.957999932579696,5744734.536999605596066,7.288647260000062,51.840962993000062,1,5210311706100370000
5,5,62,16,2021,10,6,7,3,8,1,1,0,1,0,0,0,0,375816.838966904208064,5735434.790703507140279,7.200778070000069,51.756025257000033,1,5211002701700980000
5,5,58,16,2021,3,11,5,3,8,1,0,0,1,0,0,0,0,379242.684847692027688,5751087.194641593843699,7.244927833000077,51.897442749000049,0,5210311706100080000
5,5,66,84,2021,1,16,2,2,5,3,0,1,1,0,0,0,0,390446.300933562219143,5774739.942787161096931,7.400124568000024,52.112336048000031,1,5210118709300570000
5,5,62,8,2021,5,16,1,3,5,3,0,1,1,0,0,0,0,382382.299999931827188,5723025.018999595195055,7.300040724000041,51.645910331000039,0,5210509701910060000
5,5,66,84,2021,12,16,6,3,2,1,2,0,1,0,0,0,0,388961.573538449592888,5777105.009257018566132,7.377679790000059,52.133295163000071,1,5211210709800070000
5,5,62,8,2021,10,16,5,3,5,2,0,0,1,0,0,0,0,384485.207354748621583,5723524.733851790428162,7.330255528000066,51.650837552000041,0,5211028701910760000
5,5,58,16,2021,2,17,3,2,2,6,2,0,1,0,0,0,1,378575.837614536285400,5747388.336220514029264,7.236542365000048,51.864056667000057,1,5210202706100820000
5,5,66,76,2021,9,13,5,3,5,2,0,1,1,0,0,0,0,394352.395567128434777,5794380.303746012970805,7.451018477000048,52.289611367000077,0,5210916709500430000
5,5,66,84,2021,4,4,3,2,5,2,2,0,1,0,0,0,0,391249.836305314674973,5773115.552536264061928,7.412372792000042,52.097895702000073,1,5210406709300170000
5,5,58,24,2021,9,16,5,3,5,3,0,1,0,0,0,0,0,391823.586775066331029,5735218.028118306770921,7.432658045000039,51.757397471000047,0,5210902706300570000
5,5,62,8,2021,11,17,4,3,6,2,2,0,1,1,0,0,0,385070.329576647840440,5723647.005881905555725,7.338669335000077,51.652056418000029,1,5211103701910920000
5,5,66,84,2021,11,17,3,3,0,5,2,0,1,1,0,0,0,390310.071538996882737,5775073.352694049477577,7.398028548000070,52.115305487000057,0,5211123709300080000
5,5,66,84,2021,10,9,4,2,4,1,0,0,1,0,0,1,0,388721.024197123944759,5774675.877808831632137,7.374961186000064,52.111415807000071,0,5211027709300090000
5,5,58,16,2021,4,19,2,3,5,3,0,1,1,0,0,0,0,380417.776044499129057,5744745.185435039922595,7.264194091000036,51.840700352000056,0,5210412706000660000
5,5,62,16,2021,11,13,6,3,2,6,0,0,1,0,0,0,0,375258.698823900893331,5734982.403354620561004,7.192858135000051,51.751835689000075,0,5211112701700210000
5,5,62,4,2021,10,5,4,2,6,2,2,0,1,1,0,0,0,382469.776215654797852,5716678.027562035247684,7.303433341000073,51.588884425000060,1,5211006701800580000
5,5,58,32,2021,10,2,1,3,8,1,2,0,1,0,0,0,0,391531.919167913496494,5750935.584296483546495,7.423508614000070,51.898607733000063,1,5211003706100090000
5,5,62,8,2021,4,14,3,2,5,6,0,1,0,0,1,0,0,386365.493115887977183,5726457.054225452244282,7.356469024000035,51.677575787000080,0,5210420701910850000
5,5,66,84,2021,4,14,3,3,0,1,0,0,0,0,1,0,0,386160.114999943412840,5778968.843999629840255,7.336143456000059,52.149475325000026,0,5210413709300770000
5,5,62,16,2021,2,14,1,2,4,6,0,1,0,0,0,0,0,374832.853379182517529,5731838.226319465786219,7.187823150000042,51.723484430000042,0,5210221701700280000
5,5,62,16,2021,4,20,4,2,8,1,2,0,1,0,0,0,0,378383.167615422047675,5730963.355425605550408,7.239503707000040,51.716403092000064,0,5210407701700480000
5,5,66,4,2021,9,18,4,3,8,1,0,0,0,0,1,0,0,393535.627999958582222,5765186.508999647572637,7.448201541000060,52.027077538000071,0,5210922709000090000
5,5,62,16,2021,2,9,5,3,5,2,0,0,1,0,0,1,0,376426.750434854067862,5738081.350272180512547,7.208668572000022,51.779944569000065,0,5210218701700230000
5,5,62,32,2021,11,14,7,3,5,3,0,0,1,0,0,0,1,377678.607030425220728,5718402.906950335949659,7.233705371000042,51.603366688000051,0,5211106701110880000
5,5,62,36,2021,9,8,4,3,3,6,0,1,1,0,0,0,0,388740.263999951072037,5719985.470999617129564,7.392859970000075,51.619884946000070,0,5210908701930780000
5,5,62,36,2021,1,15,2,3,8,1,0,0,0,0,1,0,0,391780.113797103054821,5718668.645082155242562,7.437159203000022,51.608641780000028,1,5210104701930780000
5,5,62,32,2021,6,16,3,2,2,6,0,1,1,0,0,0,0,375523.927591129206121,5720172.693006264045835,7.201980150000054,51.618799852000052,0,5210601701110180000
5,5,62,24,2021,1,7,6,3,3,2,2,1,0,0,0,0,1,374448.958957818336785,5723926.545814240351319,7.185114469000041,51.652296997000064,1,5210108701500290000
5,5,62,8,2021,1,8,5,3,2,6,1,0,1,0,0,0,0,384625.172460629604757,5722174.275410486385226,7.332723141000031,51.638728787000048,1,5210107701910100000
5,5,62,24,2021,10,14,6,3,2,2,0,0,1,0,0,0,0,375246.509999909438193,5725528.511999567970634,7.196065446000034,51.666871455000035,0,5211008701500440000
5,5,62,32,2021,10,16,5,2,5,3,0,0,1,0,0,0,1,379114.467999923042953,5718880.418999580666423,7.254263845000025,51.607968325000058,0,5211007701110370000
5,5,58,16,2021,1,17,1,3,5,3,2,0,1,0,0,0,0,387721.195903079584241,5747388.250289687886834,7.369301079000024,51.865971314000035,1,5210103706100770000
5,5,62,32,2021,9,23,7,3,3,1,2,0,1,0,0,0,0,376391.514599000103772,5716467.020741853863001,7.215811690000066,51.585687424000071,1,5210911702340460000
5,5,62,4,2021,12,7,5,2,6,2,2,0,1,1,0,0,0,383415.865995435044169,5712056.121669769287109,7.318617365000023,51.547540474000073,0,5211216701800470000
5,5,62,32,2021,2,16,5,3,2,6,0,0,1,0,0,0,0,376035.412687086500227,5716733.436273692175746,7.210580257000061,51.588003530000037,0,5210204701110930000
5,5,66,76,2021,3,13,5,3,1,6,0,0,1,0,0,0,0,393181.925054496154189,5793310.942478565499187,7.434203109000066,52.279774562000057,0,5210318709500670000
5,5,62,32,2021,5,9,7,2,6,4,0,0,1,1,0,0,0,375438.011999910697341,5719846.553999561816454,7.200855720000050,51.615849798000056,1,5210522701110380000
5,5,62,4,2021,5,14,6,3,5,2,0,0,1,0,0,0,0,383657.235547536984086,5709824.952076088637114,7.322834210000053,51.527536958000042,0,5210521701800930000
5,5,66,60,2021,3,21,4,2,6,4,2,0,1,1,0,0,0,390915.526838796213269,5791708.108172537758946,7.401513261000048,52.264924747000066,0,5210324709500170000
5,5,62,32,2021,4,4,6,3,5,3,2,1,1,0,0,0,0,376672.779999914579093,5714727.397999569773674,7.220480297000051,51.570114599000078,0,5210430701120970000