ULAND,UREGBEZ,UKREIS,UGEMEINDE,UJAHR,UMONAT,USTUNDE,UWOCHENTAG,UKATEGORIE,UART,UTYP1,ULICHTVERH,IstRad,IstPKW,IstFuss,IstKrad,IstGkfz,IstSonstige,LINREFX,LINREFY,XGCSWGS84,YGCSWGS84,STRZUSTAND,UIDENTSTLAE
5,5,62,32,2021,11,23,6,3,5,3,2,0,1,0,0,0,0,377706.171766143292189,5716172.231642939150333,7.234880643000054,51.583324901000026,0,5211105701120090000
5,5,62,4,2021,5,15,6,3,4,6,0,1,0,0,0,0,1,382536.320999935269356,5715000.526999594643712,7.304954648000034,51.573821492000036,0,5210507701800270000
5,5,58,16,2021,10,12,6,3,1,6,0,0,1,0,0,0,0,385273.883621997199953,5746794.308331357315183,7.333970459000057,51.860135446000072,0,5211001706100490000
5,5,58,20,2021,6,16,5,2,9,1,0,0,1,0,0,0,0,391144.439999954774976,5761209.529999637976289,7.414626345000045,51.990870345000076,0,5210624706200590000
5,5,62,4,2021,4,14,7,3,2,2,0,0,1,0,0,0,0,382889.353999935090542,5712764.286999594420195,7.310791750000021,51.553796251000051,0,5210417701800120000
5,5,66,84,2021,4,16,7,2,8,1,0,0,1,0,0,0,0,389834.065873062238097,5778891.254378357902169,7.389842859000055,52.149523119000037,0,5210403709300070000
5,5,62,4,2021,5,8,4,3,0,1,0,0,0,0,1,0,0,383332.683225122280419,5711244.396786481142044,7.317687379000063,51.540227676000029,0,5210512701800540000
5,5,62,32,2021,9,17,2,3,0,6,0,1,1,0,0,0,0,375963.910440512001514,5714332.923007294535637,7.210396434000074,51.566413862000047,0,5210920701120720000
5,5,66,84,2021,10,6,4,3,2,1,2,0,1,0,0,0,0,387178.363764273002744,5781506.421058069914579,7.350175963000027,52.172489441000039,0,5211020709300990000
5,5,62,24,2021,3,2,1,3,5,3,2,0,1,0,0,0,0,374482.330231429077685,5725744.355019086971879,7.184943826000051,51.668641039000079,1,5210314701500980000
5,5,62,36,2021,9,14,2,3,4,6,0,1,0,0,0,0,0,392361.488071911968291,5722494.709550287574530,7.444375769000033,51.643142730000079,0,5210906701930780000
5,5,58,16,2021,1,20,4,1,3,6,2,0,1,0,0,0,0,380713.589585531502962,5741490.359903279691935,7.269607388000054,51.811512118000053,1,5210127706000970000
5,5,62,32,2021,11,14,4,3,6,2,0,0,1,1,0,0,0,375692.262088267132640,5717786.079156886786222,7.205256617000032,51.597388212000055,1,5211117701110280000
5,5,66,76,2021,12,6,2,3,5,2,2,0,1,0,0,0,0,394267.339999961666763,5788527.128999659791589,7.451605719000042,52.236990975000026,1,5211220709500570000
5,5,62,8,2021,9,6,6,3,2,6,0,0,1,0,1,0,0,384580.681796734221280,5721826.649843132123351,7.332195139000021,51.635595303000059,0,5210903701910500000
5,5,62,32,2021,9,12,4,3,5,2,0,1,1,0,0,0,0,375081.474234391003847,5719460.353057654574513,7.195846371000073,51.612299966000080,0,5210922701110180000
5,5,58,24,2021,6,12,1,2,9,1,0,0,1,0,0,0,0,390502.362859229557216,5732270.088979644700885,7.414451011000040,51.730644922000067,0,5210620706300750000
5,5,62,8,2021,9,14,4,3,5,7,0,0,1,0,1,0,0,382777.348191063851118,5720903.102653244510293,7.306458414000076,51.626921924000044,0,5210908701910920000
5,5,62,4,2021,5,10,4,2,2,2,0,0,1,0,0,0,0,383191.855999935418367,5714771.130999596789479,7.314486123000052,51.571895954000070,0,5210526701800220000
5,5,62,32,2021,2,17,7,3,5,3,0,1,1,0,0,0,0,375966.161646578460932,5715008.010090567171574,7.210190595000029,51.572481520000053,0,5210227701120710000
5,5,62,8,2021,10,9,6,3,0,5,0,1,1,0,0,0,0,385085.747353198938072,5723149.540651122108102,7.339055553000037,51.647588494000047,0,5211015701910880000
5,5,58,12,2021,2,17,2,3,3,6,0,0,1,0,0,0,0,376093.753907683305442,5751476.385053083300591,7.199045877000060,51.900249042000041,2,5210208706000180000
5,5,58,16,2021,11,19,3,2,2,6,2,0,1,0,0,0,1,386370.548949919641018,5749069.975018981844187,7.349139973000035,51.880812221000042,1,5211116702330290000
5,5,58,16,2021,1,17,3,2,8,1,2,0,1,0,0,0,0,389580.022323741577566,5748818.917109448462725,7.395828959000028,51.879200617000038,1,5210105706000170000
5,5,66,36,2021,6,9,3,2,5,3,0,0,1,0,0,0,0,388511.501999949105084,5767245.209999635815620,7.374331144000053,52.044592626000053,0,5210629709300980000
5,5,62,36,2021,11,18,3,3,6,4,2,0,1,1,0,0,0,389159.073901138268411,5720508.680382955819368,7.398741550000068,51.624670202000061,1,5211116701930270000
5,5,58,16,2021,9,21,1,3,5,2,2,0,1,0,1,0,0,384781.296043123118579,5743160.186957187950611,7.328031232000058,51.827372782000054,0,5210912706100670000
5,5,62,32,2021,9,16,2,3,5,2,0,0,1,0,0,0,1,374889.635815426707268,5719088.015265241265297,7.193210089000047,51.608911137000064,0,5210927701110450000
5,5,62,4,2021,9,21,4,3,0,3,2,0,1,0,1,0,0,382499.671008910052478,5715239.603513568639755,7.304346051000039,51.575962596000068,0,5210922701800280000
5,5,66,76,2021,10,9,6,2,6,4,0,0,1,1,0,0,0,392870.926269014365971,5794052.798758763819933,7.429410409000070,52.286381209000069,0,5211029709500730000
5,5,62,28,2021,6,16,4,3,5,3,0,0,0,0,0,0,1,379607.473204726353288,5722421.961297316476703,7.260162626000067,51.639903177000065,0,5210623701920970000
5,5,62,16,2021,7,3,2,2,2,6,2,0,1,0,0,1,0,376531.650143380276859,5742127.397363301366568,7.208747747000075,51.816329039000038,0,5210705702330640000
5,5,58,16,2021,4,7,3,3,1,6,0,0,1,0,0,0,0,380057.897385566495359,5742159.898917464539409,7.259868693000044,51.817389021000054,0,5210413706200570000
5,5,62,36,2021,12,6,5,3,5,2,2,1,1,0,0,0,0,388786.718857420608401,5719054.444689197465777,7.393826197000067,51.611526051000055,0,5211209701930470000
5,5,62,4,2021,6,9,4,3,2,6,0,0,1,0,0,0,0,383425.342384933494031,5712042.350959299132228,7.318758533000050,51.547418663000030,0,5210623701800870000
5,5,66,76,2021,9,18,4,3,1,5,0,0,1,0,0,0,0,395635.850834487006068,5793950.521646756678820,7.469961989000069,52.285994045000052,0,5210915709500860000
5,5,66,76,2021,9,8,6,3,0,3,0,0,0,1,0,1,0,393490.873324756510556,5792873.211853839457035,7.438868280000065,52.275900542000045,0,5210903709500050000
5,5,58,36,2021,11,13,2,3,2,6,0,0,1,0,0,0,0,389665.958999950438738,5730750.081999624148011,7.402826341000036,51.716819279000049,0,5211122706000760000
5,5,62,16,2021,10,11,1,3,3,2,0,1,1,0,0,0,0,374750.630109542980790,5732286.622618889436126,7.186472079000055,51.727495751000049,0,5211024701700680000
5,5,62,28,2021,6,20,7,3,5,3,0,0,1,0,0,0,0,380490.930999929085374,5722653.109999587759376,7.272844589000044,51.642169029000058,0,5210612701920770000
5,5,66,76,2021,12,7,6,3,2,6,0,0,1,0,0,0,0,396371.298509231768548,5787026.698474153876305,7.482865010000069,52.223905990000048,1,5211217709500470000
5,5,66,76,2021,11,18,6,2,5,2,2,0,1,0,0,0,0,391945.524080351926386,5795929.761450644582510,7.415246874000047,52.303068425000049,1,5211126709500020000
5,5,66,84,2021,1,6,3,3,0,2,2,1,1,0,0,0,0,389715.684838308952749,5775490.457183703780174,7.389216359000045,52.118935868000051,1,5210126709300280000
5,5,58,16,2021,10,14,6,3,8,1,0,1,0,0,0,0,0,381432.081074823625386,5743530.825780013576150,7.279326256000047,51.830003009000052,0,5211001706100740000
5,5,66,84,2021,3,15,3,3,0,1,0,1,0,0,0,0,0,386528.220121357589960,5778082.983163831755519,7.341816959000028,52.141589879000037,0,5210330709300770000
5,5,62,4,2021,10,15,3,3,5,2,0,0,1,0,1,0,0,383607.798999936319888,5709996.497999593615532,7.322065185000042,51.529068595000069,0,5211026701800760000
5,5,62,36,2021,11,7,2,3,6,4,1,0,1,1,0,0,0,389214.595999950543046,5720354.289999619126320,7.399592143000064,51.623293471000068,1,5211129701930350000
5,5,66,76,2021,12,18,2,3,2,6,2,0,1,0,0,0,0,395016.507993442006409,5794789.739168519154191,7.460624143000075,52.293418354000039,1,5211227709500690000
5,5,62,32,2021,3,11,4,2,4,1,0,0,1,0,0,0,0,374226.555440966039896,5719902.898127065971494,7.183346928000049,51.616086787000029,0,5210303701110510000
5,5,66,84,2021,2,11,3,3,5,3,0,1,1,0,0,0,0,387671.984095889143646,5778168.717259759083390,7.358495183000059,52.142594129000031,1,5210202709300980000
5,5,58,36,2021,10,20,7,3,4,6,2,0,1,0,0,0,1,392470.988615652546287,5726932.361215084791183,7.444592239000031,51.683050017000028,0,5211016706300180000
5,5,58,40,2021,4,11,2,3,5,3,0,0,1,0,0,0,0,376833.536534489132464,5762872.982150061056018,7.205708526000024,52.002830055000061,0,5210419706200270000
5,5,66,24,2021,4,19,4,3,8,1,0,0,1,0,0,0,1,385466.238015168346465,5773297.635243264958262,7.327915645000076,52.098365092000051,1,5210407709300080000
5,5,62,32,2021,9,14,5,3,0,1,0,1,0,0,0,0,0,375367.171181077137589,5719441.421861253678799,7.199977126000022,51.612193150000053,0,5210930701110880000
5,5,62,16,2021,3,9,5,3,5,3,0,1,1,0,0,0,0,375001.111322617158294,5734259.037502549588680,7.189388452000060,51.745277490000035,1,5210311701700090000
5,5,58,16,2021,11,20,1,3,2,3,2,0,1,0,0,0,0,382498.999999932944775,5745067.758999608457088,7.294280108000066,51.844041207000032,1,5211128706100020000
5,5,66,60,2021,12,14,6,2,4,1,0,0,1,0,1,0,0,389506.575022771023214,5790244.876779297366738,7.381354767000062,52.251493475000075,0,5211231709500360000
5,5,62,32,2021,9,17,3,3,5,3,0,1,1,0,0,0,0,375934.663269695825875,5714287.742361545562744,7.209990625000046,51.566001379000056,0,5210921701120290000
5,5,62,28,2021,1,12,2,3,2,6,0,0,1,0,0,0,0,378775.133517288602889,5723399.255863381549716,7.247801583000069,51.648507628000061,0,5210118701920150000
5,5,58,44,2021,12,13,6,3,2,1,0,0,1,0,0,0,0,396061.526999964378774,5745588.496999640017748,7.490927385000020,51.851411281000026,0,5211210706300370000
5,5,66,84,2021,1,12,5,3,8,1,0,0,1,0,0,0,0,390152.572155557572842,5775415.079814996570349,7.395619035000038,52.118345409000028,1,5210114709300740000
5,5,62,28,2021,7,19,4,3,9,1,0,0,0,0,0,0,1,381767.416999931447208,5722809.261999597772956,7.291230823000035,51.643842262000078,1,5210714701920260000
5,5,66,76,2021,3,14,7,3,2,6,0,0,0,0,1,0,0,393656.132756156846881,5792975.685184046626091,7.441257242000063,52.276853482000035,0,5210306709000860000
5,5,62,32,2021,2,16,7,3,6,2,1,0,1,1,0,0,0,375663.692397654056549,5720971.763530310243368,7.203714320000074,51.626012084000081,1,5210206701110280000
5,5,58,16,2021,12,9,2,2,9,3,0,0,1,0,1,0,0,383225.559482988901436,5743922.084884507581592,7.305209053000056,51.833897158000070,1,5211213706000090000
5,5,66,84,2021,1,20,7,3,5,3,2,0,1,0,0,0,0,391968.891999957151711,5778049.315999647602439,7.421299651000027,52.142378084000029,1,5210130709300560000
5,5,58,32,2021,11,8,3,2,2,6,1,0,1,0,0,0,1,392952.840321900323033,5751472.128569005057216,7.443985581000049,51.903704856000047,1,5211116702330070000
5,5,58,24,2021,10,15,3,3,1,1,0,0,1,0,0,0,0,393155.948657961562276,5736373.915101138874888,7.451599229000067,51.768042392000041,1,5211019706300200000
5,5,62,4,2021,11,20,3,3,0,7,0,1,0,1,0,0,0,382720.985209975391626,5714217.833423692733049,7.307879428000035,51.566825329000039,0,5211123701800060000
5,5,62,4,2021,6,7,3,3,2,2,0,0,1,0,0,0,0,383141.687763667665422,5713252.657382220029831,7.314267429000040,51.558237925000071,0,5210601701800450000
5,5,66,76,2021,9,16,4,3,5,2,0,1,1,0,0,0,0,393090.737196203321218,5793853.745862886309624,7.432694826000045,52.284635095000056,0,5210922709500170000
5,5,58,16,2021,6,15,7,3,5,3,0,1,0,0,0,0,1,378941.468236208893359,5748706.395315382629633,7.241387676000045,51.875981411000055,0,5210619706100870000
5,5,58,16,2021,11,18,3,3,2,6,2,0,1,0,0,0,0,379983.085158264264464,5745110.655993448570371,7.257760623000024,51.843891593000080,1,5211123702330640000
5,5,58,44,2021,10,13,5,3,1,6,0,0,1,0,0,0,0,396152.528000356629491,5745949.269773062318563,7.492139732000055,51.854670869000074,0,5211007706100300000
5,5,58,36,2021,10,14,7,3,1,1,0,0,1,0,0,0,0,389037.633059058338404,5726972.049898277968168,7.394936791000021,51.682738801000028,0,5211009706300480000
5,5,66,76,2021,12,7,6,3,5,2,2,1,1,0,0,0,0,393665.190315417945385,5794100.920617384836078,7.441035018000036,52.286967946000061,1,5211210709500070000
5,5,62,28,2021,5,23,7,2,5,3,2,1,1,0,0,0,0,380053.132934332825243,5723377.052897470071912,7.266272392000076,51.648582176000048,0,5210508701920360000
5,5,62,4,2021,4,9,2,3,9,1,0,0,1,0,0,0,0,382503.192999932914972,5712258.810999596491456,7.305393221000031,51.549172883000040,0,5210412701800340000
5,5,58,32,2021,4,7,2,3,5,2,0,1,1,0,0,0,0,386840.343999944627285,5754001.024999620392919,7.354343280000023,51.925225074000082,0,5210412706100020000
5,5,62,32,2021,4,15,3,3,0,7,0,0,0,0,1,0,1,374447.111458126455545,5716227.069197734817863,7.187846615000069,51.583101093000039,1,5210427702340080000
5,5,54,52,2021,7,19,3,2,0,7,0,1,0,0,0,0,0,378186.011180997826159,5769375.941980518400669,7.223085358000048,52.061567866000075,0,5210706705000230000
5,5,58,20,2021,12,6,2,3,5,3,2,0,1,0,0,0,0,393370.489999959245324,5755582.282999642193317,7.448780970000030,51.940726119000033,1,5211213706000850000
5,5,62,32,2021,11,15,2,3,2,6,0,1,1,0,0,0,0,375948.678379554301500,5719284.851137641817331,7.208426585000041,51.610914459000071,0,5211122701110880000
5,5,66,76,2021,11,17,3,3,6,2,2,0,1,1,0,0,0,392858.035999958403409,5793230.474999656900764,7.429482870000072,52.278988354000035,0,5211102709500070000
5,5,62,32,2021,11,9,1,2,8,1,0,0,1,0,0,0,0,378515.582076267339289,5717467.895179338753223,7.246108821000064,51.595144579000078,1,5211121702340480000
5,5,62,8,2021,10,13,5,2,5,3,0,0,1,0,0,0,0,384056.591996024362743,5721110.042659427970648,7.324862862000032,51.629046888000062,0,5211007701910950000
5,5,66,76,2021,10,11,3,3,2,6,0,0,1,0,0,0,0,391058.779725538566709,5795335.862876741215587,7.402439258000072,52.297555889000080,0,5211026709500030000
5,5,66,84,2021,12,11,2,3,4,3,0,0,1,0,0,0,1,388921.224501190707088,5779008.380547346547246,7.376468483000053,52.150392899000053,1,5211220709300080000
5,5,66,76,2021,11,15,5,3,2,3,0,1,1,0,0,0,0,395067.442311725579202,5791942.739846438169479,7.462256823000075,52.267841288000056,0,5211118709500570000
5,5,62,32,2021,9,15,4,3,5,2,0,1,1,0,0,0,0,375077.696278793737292,5719093.527215976268053,7.195922562000021,51.609002429000043,0,5210929701110940000
5,5,58,12,2021,5,19,2,3,2,6,0,0,1,0,0,0,0,377322.798930650576949,5755085.631958076730371,7.215614707000043,51.932956293000075,0,5210531706200070000
5,5,58,24,2021,11,16,4,3,2,1,1,0,1,0,1,0,0,392912.020263272337615,5736357.675966078415513,7.448070584000050,51.767849829000056,1,5211103706300090000
5,5,58,36,2021,2,6,3,3,0,7,2,0,1,0,0,0,0,390745.673572792671621,5729470.276633389294147,7.418850846000055,51.705527784000026,0,5210223706300840000
5,5,62,4,2021,9,18,6,3,5,3,0,0,1,0,0,0,0,382881.636988670565188,5713064.298632469028234,7.310580575000074,51.556491072000028,1,5210910701800080000
5,5,62,8,2021,2,8,3,3,2,6,0,0,1,0,0,0,0,383606.729747104458511,5723389.323011267930269,7.317608240000027,51.649439344000029,1,5210202701910280000
5,5,66,4,2021,10,11,6,3,5,3,0,0,1,0,0,0,0,394916.099266782402992,5766864.880546718835831,7.467799433000039,52.042425464000075,0,5211008709100270000
5,5,58,8,2021,3,18,5,2,6,4,1,0,1,1,0,0,0,382622.789344576187432,5760243.790581004694104,7.290904946000069,51.980455785000061,1,5210311706200380000
5,5,66,60,2021,6,10,4,2,5,2,0,0,1,0,1,0,0,388921.014121477492154,5787562.037566175684333,7.373662277000051,52.227265000000045,0,5210616709500590000
5,5,62,24,2021,6,13,3,3,4,7,0,0,1,0,0,0,1,374428.794536636210978,5724011.497790725901723,7.184792637000044,51.653055954000081,0,5210608701500780000
5,5,66,76,2021,5,14,1,3,4,2,0,0,1,0,0,0,1,393640.032999960705638,5794092.284999659284949,7.440669063000030,52.286885468000037,0,5210530709500010000
5,5,66,76,2021,3,7,6,3,5,3,0,1,1,0,0,0,0,391818.235100560821593,5792940.721728488802910,7.414340435000042,52.276180669000041,0,5210326709000520000
5,5,62,4,2021,11,18,5,3,6,2,2,0,1,1,0,0,0,383193.587374678812921,5714083.609815418720245,7.314739639000038,51.565717059000065,0,5211118701800570000
5,5,66,76,2021,10,13,2,3,5,2,0,0,1,0,0,0,0,393091.432989527471364,5793853.003182191401720,7.432705258000055,52.284628556000030,0,5211004709500270000
5,5,62,28,2021,10,8,4,2,8,1,0,0,1,0,0,0,0,381422.706361923366785,5722689.166359439492226,7.286291954000035,51.642690323000068,0,5211013701920230000
5,5,58,16,2021,7,21,6,3,1,6,0,0,1,0,0,0,0,382320.297519279643893,5743216.544322051107883,7.292316820000053,51.827366312000038,0,5210702706000870000
5,5,58,16,2021,10,17,7,3,6,1,0,0,1,1,0,0,0,388356.606199237518013,5746751.706815518438816,7.378731284000025,51.860377855000081,0,5211030706000850000
5,5,62,32,2021,2,15,2,3,5,3,0,0,1,0,0,0,0,375773.915999912656844,5713650.368999563157558,7.207897847000027,51.560237771000061,0,5210222701120540000
5,5,62,32,2021,9,12,5,3,6,4,0,1,0,1,0,0,0,377400.623403431847692,5715013.600418940186501,7.230877257000031,51.572845528000073,0,5210923701120190000
5,5,62,4,2021,6,10,2,3,5,3,0,0,1,0,0,0,0,381725.170117025263608,5712637.397139238193631,7.294050162000076,51.552412936000053,0,5210607701800770000
5,5,62,32,2021,11,18,2,3,2,3,2,0,1,0,1,0,0,376258.480724744498730,5718727.600229168310761,7.213095150000072,51.605974518000039,0,5211108701110880000
5,5,62,32,2021,4,9,6,3,5,3,0,0,1,0,0,0,1,375621.734756876714528,5719687.590946573764086,7.203564380000046,51.614461801000061,0,5210423701100680000
5,5,62,4,2021,6,16,4,3,2,6,0,0,1,0,0,0,0,382446.257192078977823,5717595.421832147985697,7.302786661000027,51.597124725000072,1,5210630701800240000
5,5,66,84,2021,9,9,4,3,1,1,0,0,1,0,0,0,0,386075.887386888265610,5779162.205531248822808,7.334848125000065,52.151195683000026,0,5210908709300440000
5,5,58,24,2021,1,22,7,3,6,2,2,0,1,1,0,0,0,392897.873999958857894,5737174.230999631807208,7.447613829000034,51.775186325000050,0,5210130706300050000
5,5,66,76,2021,9,7,4,3,2,6,0,0,1,0,0,0,0,394510.324513348750770,5793750.514025552198291,7.453530213000022,52.283981636000078,1,5210915709500170000
5,5,62,32,2021,11,11,2,3,6,2,0,0,1,1,0,0,0,378650.618860709480941,5721166.380459273234010,7.246776962000069,51.628413248000072,1,5211129701110300000
5,5,66,76,2021,4,16,2,3,2,1,0,0,1,0,0,0,0,392125.801038826815784,5793063.524564467370510,7.418807392000076,52.277344748000075,0,5210419709500510000
5,5,66,24,2021,3,17,5,3,5,3,0,0,1,0,0,0,0,384330.020282526500523,5770363.947680544108152,7.312330782000060,52.071763900000064,1,5210318709300570000
5,5,58,16,2021,9,16,2,3,5,2,0,1,1,0,0,0,0,381503.629998376592994,5743719.240442175418139,7.280299569000022,51.831711505000044,0,5210920706100720000
5,5,66,76,2021,12,14,5,3,3,7,0,0,1,0,0,0,0,393272.114836937747896,5792978.369879426434636,7.435629893000055,52.276803192000045,1,5211202709500070000
5,5,62,4,2021,3,17,2,3,2,6,0,0,1,0,0,0,0,383659.051530486904085,5709818.830701369792223,7.322862399000030,51.527482314000054,0,5210308701800550000
5,5,62,32,2021,5,16,5,3,5,2,0,0,1,0,0,0,0,378625.629933952353895,5721162.829455349594355,7.246417341000040,51.628375944000027,0,5210513701110370000
5,5,58,32,2021,5,5,5,2,5,2,1,0,1,0,0,1,0,390289.252186159603298,5751898.635180650278926,7.405148454000027,51.907019999000056,1,5210527706100570000
5,5,62,32,2021,12,22,7,3,5,3,2,0,1,0,0,0,0,374202.857106759212911,5715462.839637786149979,7.184596865000060,51.576178427000059,1,5211211701120980000
5,5,58,24,2021,11,7,2,3,4,2,2,1,0,0,0,0,1,392484.829091292805970,5736396.588370347395539,7.441870107000057,51.768117697000037,1,5211129706300270000
5,5,62,28,2021,10,17,7,3,5,3,0,1,1,0,0,0,0,380274.500178229063749,5722686.013501487672329,7.269706989000042,51.642418711000062,1,5211016701920880000
5,5,62,4,2021,12,14,3,3,2,6,0,0,1,0,0,0,0,384251.490232381969690,5713670.773447696119547,7.330131802000039,51.562224707000041,1,5211207701800780000
5,5,62,4,2021,11,9,3,3,2,1,0,0,0,0,0,0,1,384630.915009285323322,5713672.781578004360199,7.335602498000071,51.562320500000055,0,5211102301921080000
5,5,58,16,2021,12,17,1,2,6,2,2,0,1,1,0,0,0,381815.001999932341278,5742420.924999602138996,7.285259448000033,51.820109258000059,1,5211219706100780000
5,5,58,16,2021,2,19,4,2,2,7,1,0,1,0,0,0,0,387443.793469200842083,5743889.277247084304690,7.366413165000040,51.834468297000058,0,5210217706100060000
5,5,62,32,2021,1,6,4,3,9,1,2,0,1,0,0,0,0,374064.493668706156313,5717457.617132810875773,7.181885609000062,51.594074733000070,2,5210113701110220000
5,5,62,32,2021,11,13,5,3,6,4,0,0,1,1,0,0,0,376444.894654674455523,5720062.617199718952179,7.215315086000032,51.618013503000043,0,5211125701110680000
5,5,66,76,2021,11,7,5,3,0,1,0,1,0,0,0,0,0,394102.199860163033009,5792999.524206193163991,7.447785408000072,52.277153836000082,0,5211111709500070000
5,5,58,16,2021,6,13,5,3,5,3,0,0,1,0,1,0,0,380923.169236481189728,5742252.014924600720406,7.272384288000069,51.818401912000070,0,5210624706100990000
5,5,62,32,2021,11,17,3,3,5,3,2,0,1,0,0,0,1,375484.487805561162531,5718355.917037585750222,7.202056093000067,51.602463536000073,1,5211116701110070000
5,5,58,32,2021,4,17,5,3,4,6,0,1,0,0,0,0,0,390087.872898852452636,5752057.843600414693356,7.402171469000052,51.908411204000060,0,5210401706000870000
5,5,58,32,2021,9,14,2,3,1,1,0,0,1,0,0,0,0,386605.215844751335680,5754461.796860193833709,7.350773574000073,51.929318346000059,0,5210913706100020000
5,5,62,8,2021,3,21,3,2,0,1,2,0,1,0,0,0,0,384753.015632967464626,5721815.539850825443864,7.334687880000047,51.635530784000082,0,5210323701910180000
5,5,62,32,2021,3,16,4,3,2,2,0,0,1,0,1,0,0,379170.233510348945856,5720244.082124950364232,7.254598619000035,51.620236049000027,0,5210303701110580000
5,5,62,36,2021,12,23,6,3,8,1,2,0,1,0,0,0,0,386652.911823502741754,5718229.094330471009016,7.363289398000063,51.603682333000052,1,5211203701930270000
5,5,62,32,2021,9,14,2,2,2,6,0,0,1,0,0,1,0,376281.859645830467343,5716430.123490365222096,7.214242740000032,51.585331756000073,0,5210906702340090000
5,5,62,4,2021,7,15,1,3,2,6,0,0,1,0,1,0,0,382966.619302377104759,5712849.224575182422996,7.311877441000036,51.554575681000074,0,5210711701800470000
5,5,62,4,2021,3,15,3,3,5,3,0,0,0,0,1,0,1,383366.230696914717555,5716609.203911524266005,7.316390630000058,51.588452140000072,0,5210316701800080000
5,5,66,76,2021,10,10,2,2,1,7,0,0,0,0,0,1,0,395351.606806244701147,5796983.364681744948030,7.464853976000029,52.313196976000029,0,5211004702350840000
5,5,62,16,2021,10,16,1,3,2,2,0,0,1,0,1,0,0,381730.868386986665428,5733374.753407064825296,7.287121441000068,51.738791083000081,0,5211010701700440000
5,5,62,32,2021,10,15,3,3,6,4,0,1,1,1,0,0,0,375456.010067272931337,5719902.257873069494963,7.201095744000042,51.616354397000066,0,5211005701110880000
5,5,66,16,2021,11,9,3,2,0,3,0,1,0,0,0,1,0,397186.943999966606498,5801007.598999669775367,7.490536452000072,52.349710857000048,0,5211109709500070000
5,5,66,76,2021,10,14,6,3,2,6,0,0,1,0,0,0,0,393695.086604915559292,5793002.113240892067552,7.441819650000070,52.277098531000036,0,5211029709500070000
5,5,58,16,2021,12,7,3,3,7,1,2,1,0,0,0,0,0,380267.699999928474426,5740852.024999596178532,7.263362971000049,51.805679998000073,2,5211221706200300000
5,5,58,12,2021,11,11,2,1,5,3,0,0,1,0,0,0,1,376422.301150168292224,5750404.468521527945995,7.204202887000065,51.890689012000053,0,5211101706000080000
5,5,66,60,2021,12,16,4,3,4,2,2,0,1,0,0,0,1,391273.816244662739336,5789411.587449422106147,7.407500807000076,52.244356654000057,1,5211201709500090000
5,5,62,4,2021,11,19,7,3,0,7,2,0,1,0,0,0,0,382565.492999933660030,5711896.936999592930079,7.306412117000036,51.545933430000048,0,5211120701800970000
5,5,66,76,2021,11,13,4,3,5,3,0,1,0,0,0,0,1,392534.087237891741097,5794301.367190213873982,7.424394862000042,52.288549357000079,0,5211110709500070000
5,5,62,4,2021,10,15,5,3,2,6,0,0,1,0,0,0,1,383172.951429783366621,5713509.605665102601051,7.314632828000072,51.560553786000071,0,5211007702340370000
5,5,58,12,2021,11,15,4,3,1,7,0,0,1,0,0,0,0,375598.276351489126682,5759099.335669718682766,7.189091560000065,51.968642835000026,0,5211110706000490000
5,5,58,32,2021,10,20,7,3,2,6,2,0,1,0,0,0,0,387839.814257343299687,5750088.920962508767843,7.370145471000058,51.890267469000037,1,5211030702330570000
5,5,62,32,2021,2,17,4,3,6,2,1,0,1,1,0,0,0,375950.856999913230538,5719282.516999565064907,7.208458858000029,51.610893961000045,1,5210203701110380000
5,5,62,32,2021,10,0,7,3,5,2,2,0,1,0,0,0,0,376083.048280210234225,5714742.214059168472886,7.211970132000033,51.570118452000031,0,5211030701120780000
5,5,62,32,2021,1,12,7,3,5,2,0,0,1,0,0,0,1,375500.102357064373791,5719721.700956663116813,7.201796418000072,51.614741465000066,1,5210109701110560000
5,5,58,12,2021,10,17,2,3,4,6,0,1,0,0,0,0,0,378270.278134610503912,5751545.104760006070137,7.230640543000050,51.901346346000082,0,5211004706000430000
5,5,62,8,2021,6,10,1,3,5,3,0,1,1,0,0,0,0,383089.044005574658513,5720579.533438581973314,7.311067453000021,51.624078655000062,0,5210627701910070000
5,5,66,4,2021,9,20,7,3,5,3,2,0,1,0,1,0,0,395002.764995117671788,5766766.477850370109081,7.469092818000036,52.041557473000069,0,5210904709110570000
5,5,66,96,2021,3,6,3,2,3,6,2,1,1,0,0,0,0,382623.484933834522963,5788984.644184840843081,7.281008293000070,52.238743193000062,0,5210302709300680000
5,5,66,76,2021,3,11,6,3,8,6,0,0,1,0,1,0,0,393271.249503512866795,5791641.495818533003330,7.436040191000075,52.264788282000040,0,5210305709500140000
5,5,62,36,2021,6,14,4,3,2,6,0,1,1,0,0,0,0,389189.675999950617552,5720452.843999618664384,7.399201121000033,51.624174370000048,0,5210609701930750000
5,5,62,4,2021,9,17,1,3,3,6,0,0,1,0,0,0,0,387549.707141329534352,5716121.985710641369224,7.376908655000022,51.584923496000044,0,5210912301911950000
5,5,62,16,2021,10,16,6,3,0,7,0,0,0,0,0,0,1,374635.731856567785144,5733991.681497026234865,7.184195140000043,51.742793176000077,0,5211001701700880000
5,5,66,84,2021,2,18,1,3,5,3,1,0,1,0,1,0,0,385723.396438464522362,5779588.026157334446907,7.329555107000033,52.154949661000046,0,5210228709300610000
5,5,58,44,2021,4,23,7,3,2,6,2,0,1,0,0,0,0,396553.515161413699389,5751216.118704896420240,7.496381250000070,51.902084036000076,0,5210417702330980000
5,5,66,68,2021,6,14,4,3,2,1,0,0,1,0,0,0,0,378501.239239159971476,5784837.726590376347303,7.222157664000065,52.200583468000048,0,5210602709300560000