ULAND,UREGBEZ,UKREIS,UGEMEINDE,UJAHR,UMONAT,USTUNDE,UWOCHENTAG,UKATEGORIE,UART,UTYP1,ULICHTVERH,IstRad,IstPKW,IstFuss,IstKrad,IstGkfz,IstSonstige,LINREFX,LINREFY,XGCSWGS84,YGCSWGS84,STRZUSTAND,UIDENTSTLAE
5,5,58,16,2021,6,11,7,3,0,1,0,0,1,0,1,0,0,387276.743884082883596,5747253.246280584484339,7.362892909000038,51.864668341000026,0,5210626706100520000
5,5,58,16,2021,4,12,3,3,0,1,0,1,1,0,0,0,0,380573.492999927140772,5740291.635999593883753,7.267989167000053,51.800709101000052,0,5210420706000060000
5,5,62,4,2021,5,20,6,3,5,3,0,1,1,0,0,0,0,384405.073999937623739,5716654.983999602496624,7.331364387000065,51.589077685000063,0,5210507701800330000
5,5,62,32,2021,6,15,2,2,6,4,0,0,1,1,0,0,0,374979.214775105006993,5719529.653036408126354,7.194345545000033,51.612900072000059,0,5210614701110310000
5,5,58,8,2021,12,13,3,3,2,1,0,0,1,0,0,1,0,381785.560999931767583,5760208.695999607443810,7.278732327000057,51.979962895000028,1,5211228706200230000
5,5,66,76,2021,10,7,3,3,0,1,1,1,0,0,0,0,0,393117.662506883032620,5793298.982499284669757,7.433265287000040,52.279654584000070,1,5211012709000460000
5,5,58,24,2021,10,7,4,2,4,6,2,0,1,0,0,1,0,385831.189820179715753,5731672.842022467404604,7.347037008000029,51.724345249000066,0,5211020706000780000
5,5,66,84,2021,3,13,4,3,0,3,0,1,1,0,0,0,0,390178.320105777122080,5775942.711210552603006,7.395824663000042,52.123092477000057,0,5210310709300270000
5,5,62,4,2021,3,15,1,2,9,1,0,0,1,0,0,0,0,381954.526180988177657,5718115.195506809279323,7.295515616000046,51.601693402000080,1,5210314702340270000
5,5,58,24,2021,3,7,5,3,9,1,0,0,0,0,0,0,1,387705.584912306629121,5735506.766394680365920,7.372925488000021,51.759182038000063,0,5210318706300040000
5,5,62,28,2021,9,21,5,2,0,1,2,0,0,0,0,0,1,380931.227665538899601,5722329.238388214260340,7.279314901000021,51.639351642000065,1,5210909701920870000
5,5,62,32,2021,6,8,2,3,0,7,0,0,0,0,0,0,1,376175.841031987220049,5715426.734751008450985,7.213067085000034,51.576290789000041,0,5210607701120180000
5,5,62,32,2021,9,11,5,3,0,7,0,0,0,1,0,0,1,375685.188999911770225,5719569.381999565288424,7.204522315000077,51.613413458000082,0,5210923701110990000
5,5,62,32,2021,5,18,3,3,2,6,0,0,1,0,0,0,0,374871.775888703763485,5719087.368568699806929,7.192952532000049,51.608901356000047,1,5210525701110150000
5,5,62,16,2021,6,18,2,2,4,6,0,1,0,0,0,0,0,377638.781999917700887,5737139.794999582692981,7.226561012000047,51.771749144000069,0,5210628701700030000
5,5,58,32,2021,6,17,2,3,0,7,0,1,0,0,0,0,0,386840.343999944627285,5754001.024999620392919,7.354343280000023,51.925225074000082,0,5210628706100870000
5,5,62,4,2021,10,15,3,2,2,6,0,0,1,0,0,0,0,384684.020245356485248,5711113.396063636988401,7.337207348000049,51.539327969000055,0,5211026701800690000
5,5,62,32,2021,3,17,2,3,9,7,0,0,0,0,0,0,1,381032.455996319651604,5717860.643251126632094,7.282294401000058,51.599211583000056,1,5210315702340580000
5,5,15,0,2021,9,12,4,3,8,1,0,0,1,0,0,0,0,401778.785214944742620,5752631.347634777426720,7.571902133000037,51.915750210000056,1,5210915702350470000
5,5,66,28,2021,6,13,4,3,0,1,0,1,0,0,0,0,0,411745.968735849484801,5793145.411201011389494,7.706285062000063,52.281580928000039,0,5210630709700510000
5,5,66,8,2021,9,13,3,3,5,3,0,1,1,0,0,0,0,399310.322999969124794,5781224.858999663963914,7.527601465000032,52.172306045000028,0,5210907709110070000
5,5,15,0,2021,12,13,6,3,5,2,0,1,1,0,0,0,0,404898.183970837853849,5762255.374846715480089,7.614577975000032,52.002796219000061,1,5211210702100040000
5,5,70,32,2021,7,11,1,3,1,5,0,1,1,0,0,0,0,416187.801578686572611,5770421.972780345007777,7.776997384000026,52.078023787000063,0,5210711711152170000
5,5,66,80,2021,9,15,3,2,2,2,0,0,1,0,1,0,0,408165.893255510367453,5781323.307985901832581,7.657030607000024,52.174735820000080,0,5210907709100460000
5,5,66,16,2021,6,22,6,3,4,6,2,1,0,0,0,0,0,406897.370209859684110,5793546.191649520769715,7.635120109000070,52.284383236000053,0,5210625709500530000
5,5,66,20,2021,1,8,7,3,8,1,1,0,1,0,0,0,0,405064.720074824988842,5808386.771687019616365,7.604065770000034,52.417453270000067,2,5210123709700050000
5,5,70,4,2021,3,3,7,2,6,4,2,0,1,1,0,0,0,424218.301878081634641,5737615.970635440200567,7.901381071000060,51.784275011000034,0,5210306711211670000
5,5,58,4,2021,12,11,1,3,8,1,0,0,1,0,0,0,0,402139.829694210551679,5735529.264268988743424,7.581987986000058,51.762092715000051,1,5211205706000750000
5,5,15,0,2021,10,11,1,3,0,7,0,1,0,0,0,0,0,411801.841797825880349,5754563.530038028955460,7.717096614000070,51.934795918000077,0,5211031702100770000
5,5,66,8,2021,6,14,5,3,4,2,0,0,1,0,0,0,0,398590.337999969720840,5783999.999999662861228,7.516246745000046,52.197116221000044,0,5210603709100580000
5,5,70,4,2021,2,10,2,3,4,1,0,0,1,0,0,0,0,421474.536209555342793,5731066.155114576220512,7.863092212000026,51.725016680000067,2,5210208711215770000
5,5,70,16,2021,2,16,3,2,6,4,0,0,1,1,0,0,1,412401.923217374831438,5738810.440356066450477,7.729817954000055,51.793286981000051,0,5210223711221670000
5,5,15,0,2021,3,8,4,3,5,2,0,1,1,0,0,0,0,406900.763107542879879,5755808.358204914256930,7.645490981000023,51.945186781000075,0,5210310702100080000
5,5,15,0,2021,4,5,5,3,5,3,2,1,1,0,0,0,0,404682.210872982628644,5759085.917833190411329,7.612313689000075,51.974271038000040,0,5210422702100080000
5,5,58,44,2021,1,1,1,3,8,7,2,0,1,0,0,0,0,402749.035150554962456,5744085.977320967242122,7.588412325000036,51.839111194000054,1,5210110702330970000
5,5,66,28,2021,9,16,6,3,5,3,0,1,1,0,0,0,0,410807.570472339168191,5788369.149298131465912,7.693795065000074,52.238499363000074,0,5210903709700190000
5,5,58,4,2021,1,20,5,2,9,1,2,0,1,0,0,0,0,407045.350041850470006,5730965.988949356600642,7.654267535000031,51.721909868000068,1,5210128702330980000
5,5,15,0,2021,4,14,3,3,2,6,0,0,1,0,0,0,0,403882.815778033807874,5754712.492857448756695,7.601902793000022,51.934823490000042,0,5210420702100070000
5,5,70,40,2021,9,14,6,3,3,2,0,1,0,0,1,0,0,419244.192586722783744,5744002.624663196504116,7.827797675000056,51.840991153000061,0,5210917711231880000
5,5,15,0,2021,9,7,2,3,5,3,0,0,1,0,1,0,0,402146.777999973855913,5750075.292999653145671,7.577976618000037,51.892840325000066,0,5210927702100570000
5,5,15,0,2021,9,11,6,3,2,6,0,0,1,0,0,0,0,405031.683121666312218,5758078.671970689669251,7.617678523000052,51.965277355000069,0,5210903702100870000
5,5,15,0,2021,7,15,3,3,0,7,0,0,1,1,0,0,0,412216.805667668581009,5752209.786854045465589,7.723731206000025,51.913704106000068,0,5210706702100830000
5,5,15,0,2021,9,17,6,3,3,3,0,1,0,0,0,0,0,409354.019640294834971,5765197.282950023189187,7.678691573000037,52.029985122000028,0,5210903702100770000
5,5,58,28,2021,2,10,1,3,8,6,0,0,1,0,0,0,0,402371.597596663050354,5730500.831386594101787,7.586756248000029,51.716934508000065,2,5210214706000410000
5,5,66,40,2021,4,16,6,3,5,2,0,0,1,0,0,0,0,422462.970999992452562,5782402.560999676585197,7.865813876000061,52.186631631000068,0,5210430709800970000
5,5,66,44,2021,1,4,7,3,9,1,2,0,1,0,0,0,0,427609.850556964986026,5778625.796384986490011,7.941892089000021,52.153381286000069,1,5210130709800080000
5,5,66,92,2021,7,7,6,3,6,2,0,0,1,1,0,0,0,423845.915999993681908,5796448.378999687731266,7.882871759000068,52.313080355000068,0,5210702709700560000
5,5,70,44,2021,7,18,6,2,0,1,0,1,0,0,0,0,0,418809.890081213787198,5758555.191356953233480,7.818065964000027,51.971744004000072,0,5210709711142460000
5,5,70,44,2021,7,13,1,3,0,1,0,1,0,0,0,0,0,417745.645711419172585,5760087.635091060772538,7.802209377000054,51.985362688000066,1,5210704711142750000
5,5,66,8,2021,3,13,6,3,5,3,0,1,1,0,0,0,0,399645.974411269649863,5778757.380088923498988,7.533237378000024,52.150190080000073,0,5210312709100570000
5,5,66,76,2021,11,14,5,2,5,2,0,0,1,0,0,0,1,398298.225999969057739,5794410.194999670609832,7.508840677000023,52.290624492000063,0,5211111709500370000
5,5,15,0,2021,9,9,5,3,5,3,0,1,1,0,0,0,0,404853.140307161957026,5750273.552445847541094,7.617238786000030,51.895090970000069,0,5210909702100570000
5,5,70,16,2021,5,18,1,2,2,6,0,0,0,0,1,0,0,411761.282999984920025,5734631.106999652460217,7.721593201000076,51.755617989000029,0,5210509711222540000
5,5,58,4,2021,12,14,1,2,5,3,0,1,1,0,0,0,0,406217.621999979019165,5733850.636999648064375,7.641510528000026,51.747701681000080,1,5211205706300700000
5,5,66,16,2021,10,15,1,2,9,1,0,0,0,0,1,0,0,406662.844064209610224,5790499.878043105825782,7.632525935000047,52.256963254000027,0,5211010709700690000
5,5,15,0,2021,12,17,5,3,5,2,2,0,1,0,0,0,1,405201.477733875624835,5750139.067591184750199,7.622336535000045,51.893941512000026,1,5211223702100050000
5,5,66,48,2021,12,17,1,3,5,3,2,0,1,0,0,0,0,427216.039464209228754,5799528.740046154707670,7.931632765000074,52.341226526000071,1,5211219709700370000
5,5,15,0,2021,11,2,1,3,0,7,2,1,0,0,0,0,0,407099.263801948167384,5755488.078370159491897,7.648464656000044,51.942341117000069,1,5211121702100890000
5,5,70,52,2021,12,7,3,3,2,6,0,0,1,0,0,0,0,422901.471519267186522,5759467.668024711310863,7.877411924000057,51.980529175000072,1,5211214711115080000
5,5,70,40,2021,11,14,4,3,0,1,0,1,0,0,0,0,0,413168.979773838073015,5746758.232121303677559,7.738943545000041,51.864849643000071,1,5211103711232690000
5,5,66,72,2021,11,11,2,3,9,1,0,0,1,0,0,0,0,411823.539701469242573,5801168.460873562842607,7.705318855000030,52.353705976000072,0,5211122709700490000
5,5,15,0,2021,11,2,5,2,0,1,2,1,0,0,0,0,0,404935.158866432495415,5762895.513664951547980,7.614938813000037,52.008556324000040,1,5211125702100310000
5,5,70,8,2021,10,9,3,2,2,6,0,0,1,0,0,1,0,429805.727076726034284,5731525.023462386801839,7.983598710000024,51.730246837000038,0,5211005301911280000
5,5,66,28,2021,3,12,6,3,2,6,0,1,1,0,0,0,0,412502.692150718532503,5792000.527251338586211,7.717671906000021,52.271411374000081,1,5210312709700730000
5,5,66,16,2021,11,18,2,3,0,1,2,0,0,0,1,0,0,404629.846689064055681,5793966.597375279292464,7.601769968000042,52.287772974000063,0,5211115702350040000
5,5,66,16,2021,9,16,5,3,5,3,0,1,1,0,0,0,0,403059.870053690858185,5795096.362570552155375,7.578434938000044,52.297652300000038,0,5210916709500000000
5,5,15,0,2021,12,13,6,3,0,7,0,1,0,0,0,0,1,405507.037190240807831,5751870.835930431261659,7.626300923000031,51.909559444000081,1,5211203702100430000
5,5,58,44,2021,1,17,5,3,4,2,2,0,1,0,0,0,0,399415.556481774896383,5738328.774023083969951,7.541715383000053,51.786773078000067,0,5210121706300760000
5,5,15,0,2021,5,0,7,3,6,3,2,0,1,1,0,0,0,405153.674309940077364,5757204.400680663064122,7.619695046000061,51.957439877000070,0,5210529702100360000
5,5,70,16,2021,5,10,6,3,2,6,0,0,1,0,0,0,0,416450.835931360721588,5734020.847516173496842,7.789665528000057,51.750851374000035,0,5210514711221080000
5,5,70,16,2021,3,17,3,2,4,2,0,0,1,0,0,0,0,413936.556198434904218,5735030.219506727531552,7.753001681000057,51.759544179000045,0,5210302711221570000
5,5,15,0,2021,1,12,4,3,5,2,0,1,1,0,0,0,0,406832.934999979101121,5757698.925999660044909,7.643991846000063,51.962168814000051,1,5210127702100080000
5,5,58,44,2021,5,21,1,2,0,6,2,0,1,0,0,1,0,396977.128999966196716,5751340.371999645605683,7.502499158000035,51.903279318000045,0,5210502702330680000
5,5,70,8,2021,10,6,6,2,8,1,2,0,1,0,0,0,0,429318.749652307480574,5733983.441552000120282,7.976049062000072,51.752286628000036,0,5211015711313580000
5,5,66,12,2021,1,13,3,3,2,6,0,0,1,0,0,0,0,403513.308280294761062,5775781.256331939250231,7.590587632000052,52.124129853000056,1,5210105709100330000
5,5,66,28,2021,9,16,2,3,2,1,0,0,1,0,0,0,0,410823.660364242270589,5788399.875300224870443,7.694022524000047,52.238778143000047,0,5210906709700090000
5,5,58,4,2021,4,15,2,2,2,6,0,0,1,0,0,1,0,406954.998999979346991,5731611.212999645620584,7.652787478000050,51.727694734000067,0,5210419702330240000
5,5,58,28,2021,5,14,7,2,8,1,0,0,0,0,1,0,0,403255.775547333993018,5730551.549956841394305,7.599537156000054,51.717543615000068,0,5210529706300590000
5,5,15,0,2021,6,14,2,2,2,6,0,0,1,0,0,1,0,401994.537397920154035,5748618.556007716804743,7.576178818000074,51.879719908000027,1,5210628702330730000
5,5,15,0,2021,5,11,6,3,2,6,0,0,1,0,0,0,0,410225.345770747400820,5758895.258458809927106,7.693040026000062,51.973480397000060,0,5210507702100660000
5,5,66,56,2021,12,15,2,2,5,3,0,0,1,0,0,0,0,416923.941999987699091,5797044.453999685123563,7.781207838000057,52.317434370000058,0,5211220709700570000
5,5,66,28,2021,9,15,7,3,5,3,0,1,1,0,0,0,0,408646.877999980933964,5794745.151999680325389,7.660435068000027,52.295453149000082,0,5210904709700240000
5,5,66,12,2021,10,19,7,3,0,6,2,0,1,0,0,0,0,409467.022420831955969,5773127.848897131159902,7.678235173000076,52.101287209000077,0,5211016702350800000
5,5,15,0,2021,4,15,5,3,2,6,0,0,1,0,0,0,0,406166.364630283787847,5756692.153260869905353,7.634568142000035,51.953007368000044,0,5210422702100560000
5,5,66,72,2021,12,18,2,3,8,1,2,0,1,0,0,0,0,407472.806907086633146,5799661.279962755739689,7.641872004000049,52.339442557000041,1,5211220709700390000
5,5,15,0,2021,11,16,5,3,0,2,0,1,1,0,0,0,0,405413.104013431817293,5755346.660951977595687,7.623980599000049,51.940785885000082,1,5211104702100670000
5,5,70,4,2021,5,16,2,2,5,2,0,1,1,0,0,0,0,425991.508371499367058,5729715.098979895934463,7.928764225000066,51.713485368000079,0,5210531711214270000
5,5,66,12,2021,2,12,5,3,5,3,0,1,1,0,0,0,0,401433.205596246756613,5775057.499860566109419,7.560422808000055,52.117257774000052,0,5210225709000670000
5,5,58,28,2021,2,18,7,3,9,1,2,0,1,0,0,0,0,399658.038788130506873,5733331.285965466871858,7.546673065000050,51.741897086000051,1,5210206706000560000
5,5,66,8,2021,2,13,5,3,0,3,0,1,1,0,0,0,0,399094.718731327913702,5781289.018731642514467,7.524430704000054,52.172843310000076,0,5210218709100310000
5,5,70,16,2021,3,7,2,2,4,6,0,0,1,0,0,0,1,414484.968893324956298,5741214.301652703434229,7.759421548000034,51.815218011000070,1,5210322711221770000
5,5,58,4,2021,3,12,7,2,3,1,0,0,1,0,0,0,0,407050.328885233961046,5731014.596178259700537,7.654326621000052,51.722347619000061,1,5210313702330230000
5,5,15,0,2021,6,19,4,3,5,2,0,1,1,0,0,0,0,406276.309523944742978,5757399.150461563840508,7.635974664000059,51.959380734000035,0,5210616702100660000
5,5,58,28,2021,4,18,3,2,0,1,0,0,0,0,0,0,1,399861.529734159819782,5729426.195859858766198,7.550742330000048,51.706832582000061,0,5210427706300410000
5,5,66,8,2021,10,17,7,3,0,3,0,1,1,0,0,0,0,399260.070475027896464,5780324.388579770922661,7.527134189000037,52.164203691000068,0,5211016709110270000
5,5,15,0,2021,6,12,7,3,3,6,0,1,1,0,0,0,0,403860.225336873903871,5765051.089614598080516,7.598677086000066,52.027746011000033,0,5210619702100470000
5,5,66,12,2021,12,9,7,3,2,6,0,0,1,0,0,0,0,402334.544949361123145,5776915.571856742724776,7.573049090000040,52.134118032000060,1,5211204709110270000
5,5,70,4,2021,9,12,4,3,0,7,0,0,1,0,0,0,1,425168.287999994121492,5736329.854999653995037,7.915427743000066,51.772841102000029,0,5210908711212220000
5,5,66,28,2021,11,19,6,2,5,2,2,1,1,0,0,0,0,412050.119899832643569,5791882.694099834188819,7.711071713000024,52.270280053000079,1,5211126709700170000
5,5,66,76,2021,12,12,5,3,0,1,0,1,0,0,0,0,0,398268.199632985517383,5788076.091878857463598,7.510309872000050,52.233691112000031,1,5211216709500670000
5,5,15,0,2021,10,20,4,2,3,6,2,1,0,0,0,0,1,405019.475331526249647,5757703.677153179422021,7.617604600000050,51.961904668000045,0,5211027702100470000
5,5,15,0,2021,6,19,5,3,0,3,0,1,1,0,0,0,0,406630.783999978564680,5758698.302999662235379,7.640778758000067,51.971117779000053,0,5210624702100570000
5,5,15,0,2021,9,12,1,2,1,6,0,1,0,0,0,0,0,404392.976937214843929,5761265.217448314651847,7.607496787000059,51.993809609000039,0,5210919702100490000
5,5,15,0,2021,6,14,4,3,0,7,0,0,0,0,1,0,0,402664.357481101527810,5754831.421511974185705,7.584151553000027,51.935680680000075,0,5210609702100070000
5,5,15,0,2021,5,15,1,3,5,2,0,0,1,0,0,0,0,400908.258830277249217,5762030.395482882857323,7.556538239000076,52.000076258000036,0,5210502702100680000
5,5,66,8,2021,12,8,4,3,5,3,0,1,1,0,0,0,0,399089.844949818216264,5781291.384996369481087,7.524358755000037,52.172863686000028,1,5211201709110440000
5,5,66,44,2021,9,12,5,3,5,3,0,1,1,0,0,0,0,423665.416999994777143,5772521.371999675408006,7.885618616000045,52.097977025000034,0,5210909709800080000
5,5,15,0,2021,10,12,7,3,5,3,0,1,1,0,0,0,0,401848.869999974034727,5759113.913999656215310,7.571070089000045,51.974029482000049,0,5211002702100390000
5,5,15,0,2021,3,21,1,3,3,6,2,0,1,0,0,0,0,398889.195999969728291,5752205.199999647215009,7.530028467000022,51.911402800000076,1,5210314702330260000
5,5,58,28,2021,11,16,3,3,5,3,0,1,1,0,0,0,0,397029.346999966539443,5733044.232999635860324,7.508698464000076,51.738840092000032,0,5211102706300680000
5,5,15,0,2021,4,6,2,3,2,6,0,0,1,0,0,1,0,403562.308999975211918,5759722.144999656826258,7.595836033000069,51.979796420000071,0,5210426702100190000
5,5,66,28,2021,6,18,5,3,5,3,0,0,1,0,0,0,0,412627.659999987110496,5792800.066999677568674,7.719295746000057,52.278617741000062,0,5210610709700380000
5,5,15,0,2021,10,7,5,3,2,6,1,0,1,0,0,0,0,409035.367558054625988,5762666.719968313351274,7.674720495000031,52.007186930000046,1,5211021702100570000
5,5,15,0,2021,10,8,3,3,6,4,0,0,1,1,0,0,0,406504.921176639385521,5757242.803019938990474,7.639343345000043,51.958013896000068,0,5211026702100530000
5,5,15,0,2021,1,19,2,3,5,3,2,1,1,0,0,0,0,405903.779211184941232,5755952.442710017785430,7.630950787000074,51.946314139000037,0,5210125702100060000
5,5,58,28,2021,2,12,2,2,4,1,0,0,1,0,0,0,0,400073.577999971807003,5728546.381999641656876,7.554062308000027,51.698962138000070,1,5210201706300080000
5,5,15,0,2021,10,8,5,3,5,2,0,1,1,0,0,0,0,405372.271963568404317,5761218.522911250591278,7.621768489000033,51.993557635000059,0,5211007702100770000
5,5,70,4,2021,12,8,5,3,8,1,0,0,1,0,0,0,0,424130.343250094912946,5742020.906844280660152,7.899141977000056,51.823861705000070,1,5211216711212070000
5,5,15,0,2021,11,19,3,3,4,2,2,0,1,0,0,0,0,405369.732483176514506,5761217.714739196002483,7.621731737000061,51.993549938000058,1,5211116702100690000
5,5,70,4,2021,5,14,2,3,5,3,0,1,1,0,0,0,0,422663.431850075721741,5734237.727683145552874,7.879596714000058,51.753693224000074,0,5210503711215080000
5,5,66,88,2021,6,17,4,2,8,1,0,0,0,0,1,0,0,417743.553846077993512,5785743.760047223418951,7.795984369000053,52.215980856000044,0,5210616709000180000
5,5,66,28,2021,11,15,2,3,3,3,0,0,1,0,1,0,0,415014.712999987415969,5788910.928999681025743,7.755255398000031,52.244034720000059,0,5211101709700890000
5,5,15,0,2021,10,10,2,3,2,6,0,0,1,0,0,0,1,406996.835310879163444,5755647.835467191413045,7.646931745000074,51.943759987000078,0,5211004702100290000
5,5,66,8,2021,2,11,7,3,5,3,0,1,0,0,0,0,0,399303.633999970741570,5781628.798999665305018,7.527383784000051,52.175935324000079,0,5210220709100180000
5,5,70,8,2021,5,7,7,2,0,1,0,0,1,0,0,0,0,429586.938217094168067,5735815.875161852687597,7.979562294000061,51.768793800000026,0,5210515711312750000
5,5,66,92,2021,6,13,4,3,5,2,0,1,1,0,0,0,0,423289.719361169263721,5796495.229684477671981,7.874703756000031,52.313424051000027,0,5210602709700080000
5,5,66,28,2021,6,13,6,3,3,2,0,1,1,0,0,0,0,411238.315749661996961,5792460.139576274901628,7.699025858000027,52.275339815000052,0,5210625709700960000
5,5,66,12,2021,6,12,4,2,4,1,0,0,1,0,0,0,0,406274.053058614023030,5777712.303940441459417,7.630369826000049,52.141961479000031,0,5210616709110670000
5,5,15,0,2021,4,17,2,3,3,6,0,0,1,0,0,0,0,400350.725832756608725,5752552.106405913829803,7.551168759000063,51.914784271000030,0,5210426702330950000
5,5,70,4,2021,1,2,5,3,8,1,2,0,1,0,0,0,0,425354.871999995782971,5735343.466999653726816,7.918343463000042,51.763998674000050,1,5210128711213080000
5,5,66,8,2021,7,9,5,3,5,2,0,0,1,0,0,0,0,400237.045999971218407,5780709.750999661162496,7.541299725000044,52.167844691000028,0,5210701709100040000
5,5,15,0,2021,10,14,7,1,4,6,0,0,0,0,1,0,1,398056.344263679347932,5756822.130800995975733,7.516556656000034,51.952748189000033,0,5211002702100060000
5,5,66,28,2021,5,8,3,3,5,3,0,0,1,0,0,0,0,417359.141617682762444,5791175.748535962775350,7.789030517000072,52.264749203000065,0,5210504709700510000
5,5,15,0,2021,1,16,2,3,2,6,0,0,1,0,0,1,1,409341.952885077334940,5760557.731780469417572,7.679743753000025,51.988280297000074,1,5210118702100560000
5,5,15,0,2021,11,13,3,3,5,3,0,1,1,0,0,0,0,406921.386629399843514,5759731.210071818903089,7.644727772000067,51.980450786000063,0,5211102702100670000
5,5,15,0,2021,9,12,2,3,2,2,0,0,1,0,0,0,0,405576.048610334284604,5757016.693337358534336,7.625891561000060,51.955824565000057,0,5210913702100060000
5,5,15,0,2021,3,16,4,3,5,3,0,0,1,0,0,0,0,398905.121991771273315,5763253.420072466135025,7.527008121000051,52.010707656000079,0,5210303702100060000
5,5,15,0,2021,9,18,4,3,2,6,1,0,1,0,0,0,1,403686.947723632678390,5755656.057181516662240,7.598790419000068,51.943270724000058,1,5210929702100070000
5,5,15,0,2021,1,18,7,3,5,2,2,0,1,0,0,0,0,402179.575293787755072,5758921.022102290764451,7.575938014000030,51.972354036000070,0,5210123702100340000
5,5,66,28,2021,11,3,2,3,8,1,2,0,1,0,0,0,0,412268.819064210169017,5790897.381954083219171,7.714532119000069,52.261458724000079,0,5211122709700070000
5,5,15,0,2021,10,16,6,3,5,3,0,1,1,0,0,0,0,408148.428089587949216,5761314.370992880314589,7.662164799000038,51.994885277000037,1,5211022702100670000
5,5,58,4,2021,4,13,2,3,2,6,0,0,0,0,0,1,0,406173.694342794828117,5736588.145434835925698,7.640135280000038,51.772301225000035,0,5210419702330770000
5,5,15,0,2021,12,1,7,2,0,1,2,1,0,0,0,0,1,406150.384645940735936,5757699.672652682289481,7.634060444000056,51.962060726000061,0,5211211702100050000
5,5,15,0,2021,3,12,2,3,3,1,0,1,0,0,0,0,0,405477.762999978847802,5754900.428999656811357,7.625043586000061,51.936785934000056,0,5210329702100830000
5,5,15,0,2021,10,14,6,3,2,6,0,0,1,0,0,0,0,404461.153971427120268,5766345.884567782282829,7.607071672000075,52.039487782000037,0,5211029702350700000
5,5,58,4,2021,9,21,3,3,9,6,2,0,1,0,1,0,0,401616.126279208809137,5742593.266333602368832,7.572398130000067,51.825495628000056,0,5210928706300380000
5,5,15,0,2021,11,16,2,3,5,2,1,0,1,0,0,0,0,411083.617999983951449,5752708.917999658733606,7.707131561000040,51.918010927000068,1,5211108702100090000
5,5,15,0,2021,10,9,5,3,0,7,0,0,1,1,0,0,0,405931.578978718258440,5756164.520255478098989,7.631297098000061,51.948225093000076,0,5211028702100320000
5,5,15,0,2021,7,8,4,2,0,1,0,1,0,0,0,0,0,404147.196963144466281,5758809.495583014562726,7.604604360000053,51.971694440000078,0,5210707702100070000
5,5,70,4,2021,11,10,6,3,2,6,0,0,1,0,0,0,0,423914.833404134027660,5733779.614522295072675,7.897822837000035,51.749746326000036,0,5211105711213080000
5,5,70,20,2021,10,4,1,2,9,1,2,0,1,0,0,0,0,425976.965411895886064,5742761.674339761957526,7.925772645000052,51.830768653000064,1,5211003711421580000
5,5,15,0,2021,6,17,2,3,3,1,0,0,1,0,1,0,0,405595.365279797464609,5754324.738713456317782,7.626911726000060,51.931631320000065,0,5210614702100360000
5,5,15,0,2021,11,19,4,3,4,3,2,1,0,0,0,0,0,405407.553999979048967,5758172.530999658629298,7.623121985000068,51.966185084000074,0,5211124702100070000
5,5,15,0,2021,10,13,3,3,5,3,0,0,1,0,0,0,0,410951.200999983586371,5759643.664999663829803,7.703410044000066,51.980324373000030,1,5211019702100370000
5,5,15,0,2021,9,8,5,3,2,1,0,1,0,0,0,0,0,409326.875171927735209,5758675.022454129531980,7.680021797000052,51.971354914000074,0,5210916702100470000
5,5,15,0,2021,1,12,7,3,5,3,0,1,1,0,0,0,0,406938.182999979704618,5759769.172999665141106,7.644961964000061,51.980794828000057,0,5210109702100750000
5,5,70,52,2021,11,5,2,3,0,1,2,0,0,0,1,0,0,429919.907999996095896,5757445.256999665871263,7.979997936000075,51.963278196000033,2,5211129711111780000
5,5,66,20,2021,9,15,3,2,0,1,0,1,0,0,0,0,0,404292.021130089648068,5802465.643997250124812,7.594399487000032,52.364101596000069,0,5210928709000990000
5,5,70,4,2021,9,17,4,3,2,6,0,0,1,0,1,0,0,422141.708451657555997,5735204.456587925553322,7.871823316000075,51.762311437000051,0,5210922711212370000
5,5,15,0,2021,6,12,4,3,4,2,0,1,0,0,0,0,0,406275.953015339560807,5757399.375952690839767,7.635969416000023,51.959382701000038,0,5210609702100370000
5,5,15,0,2021,10,11,7,3,5,2,0,0,1,0,0,0,0,399200.771662326529622,5763067.016496486961842,7.531369179000023,52.009086037000031,1,5211030702100570000
5,5,15,0,2021,6,17,4,3,3,5,0,1,0,0,0,0,1,405942.462006523273885,5756798.731164775788784,7.631281826000077,51.953927517000068,0,5210609702100970000
5,5,70,4,2021,4,13,5,3,8,1,0,0,1,0,0,0,0,424113.754999994300306,5729048.763999655842781,7.901735101000043,51.707244283000080,0,5210401711214870000
5,5,70,52,2021,6,22,6,3,0,7,2,0,0,0,1,0,0,425896.120232917368412,5747906.794487353414297,7.923496446000058,51.877010485000028,0,5210618711114170000
5,5,15,0,2021,6,14,5,3,5,2,0,1,1,0,0,0,0,405380.003727867268026,5755692.163054687902331,7.623404142000027,51.943885785000077,0,5210617702100060000
5,5,15,0,2021,11,18,4,3,5,3,2,1,1,0,0,0,0,406952.549999981187284,5758304.253999661654234,7.645568246000039,51.967629835000082,1,5211117702100370000
5,5,66,92,2021,9,8,2,2,5,3,0,0,1,0,0,0,1,423174.124999991618097,5796631.085999686270952,7.872977387000049,52.314629064000030,0,5210927709700380000
5,5,15,0,2021,6,18,1,2,1,5,0,0,1,0,0,0,0,406343.202762158587575,5756825.426350357010961,7.637104312000076,51.954235099000073,0,5210627702100330000
5,5,66,12,2021,9,15,5,3,5,3,0,1,1,0,0,0,0,400761.330904366448522,5777726.957850202918053,7.549834544000021,52.141130355000030,0,5210916709110120000
5,5,15,0,2021,2,14,5,2,3,6,0,1,0,0,0,1,0,403851.147663071751595,5749305.786653943359852,7.602951364000035,51.886220285000036,0,5210225702100770000
5,5,70,52,2021,11,5,4,3,0,7,2,0,1,0,0,0,0,425657.397531093098223,5762210.345404654741287,7.916936757000030,52.005559702000028,1,5211124711111800000
5,5,66,28,2021,1,15,4,2,6,2,0,0,1,1,0,0,0,412302.872679873369634,5791042.657541844993830,7.714993198000059,52.262769934000062,0,5210120709700510000