ULAND,UREGBEZ,UKREIS,UGEMEINDE,UJAHR,UMONAT,USTUNDE,UWOCHENTAG,UKATEGORIE,UART,UTYP1,ULICHTVERH,IstRad,IstPKW,IstFuss,IstKrad,IstGkfz,IstSonstige,LINREFX,LINREFY,XGCSWGS84,YGCSWGS84,STRZUSTAND,UIDENTSTLAE
5,5,15,0,2021,4,15,7,3,5,2,0,1,1,0,0,0,0,405446.351672776974738,5751080.038728160783648,7.625635977000059,51.902441054000064,0,5210403702100130000
5,5,66,28,2021,5,1,5,3,8,7,2,1,1,0,0,0,0,417353.343525871634483,5791223.919409194961190,7.788933778000057,52.265181318000032,0,5210520709700060000
5,5,66,28,2021,11,17,5,3,5,3,2,1,1,0,0,0,0,414698.626919766888022,5792118.746841192245483,7.749816400000043,52.272819040000059,0,5211118709700500000
5,5,15,0,2021,5,15,1,3,8,1,0,1,0,0,0,0,0,409580.900307464413345,5760838.463166011497378,7.683148532000075,51.990842628000053,0,5210509702100960000
5,5,15,0,2021,6,11,5,3,6,2,0,0,1,1,0,0,0,405446.834973624907434,5751087.868410931900144,7.625640852000060,51.902511514000082,0,5210610702100070000
5,5,15,0,2021,6,9,4,3,2,1,0,0,1,0,0,0,0,404642.425097946077585,5760507.169949550181627,7.611339624000038,51.987038918000053,0,5210630702100270000
5,5,66,40,2021,2,19,4,3,4,2,2,0,1,0,0,0,0,420829.887501672841609,5781401.001307530328631,7.842164754000066,52.177396755000075,1,5210203709800570000
5,5,66,12,2021,6,15,3,3,5,3,0,1,1,0,0,0,0,403419.933999975211918,5772960.582999665290117,7.590024239000059,52.098761162000073,0,5210615709110270000
5,5,66,44,2021,5,13,5,2,0,1,0,1,0,0,0,0,0,427826.520497905090451,5780887.299489255994558,7.944577654000057,52.173738712000045,0,5210513709800620000
5,5,15,0,2021,10,8,6,2,8,7,0,0,0,0,0,1,0,401875.380051463842392,5753654.813514988869429,7.573014419000060,51.924966447000031,0,5211029702100940000
5,5,15,0,2021,3,12,5,3,0,1,0,1,0,0,0,0,0,412251.347929864190519,5752458.685579881072044,7.724169860000075,51.915946865000080,0,5210318702100940000
5,5,70,44,2021,11,4,1,3,3,6,2,1,0,0,0,0,0,416350.671999988146126,5759109.844999665394425,7.782139052000048,51.976365067000074,0,5211114711141580000
5,5,15,0,2021,6,15,3,3,6,7,0,1,0,1,0,0,0,409063.462890785187483,5752873.380435144528747,7.677722877000065,51.919162986000060,0,5210608702100450000
5,5,15,0,2021,9,23,7,3,0,6,2,1,0,0,0,0,0,405989.142151147127151,5751657.904557030647993,7.633365507000065,51.907727079000040,0,5210904702100990000
5,5,15,0,2021,11,18,6,3,4,2,2,0,1,0,0,0,0,405456.825343403965235,5759121.035376422107220,7.623577727000054,51.974719010000058,1,5211126702100270000
5,5,15,0,2021,9,13,6,3,2,6,0,1,1,0,0,0,0,404419.296695269644260,5758297.096459321677685,7.608706898000037,51.967135678000034,0,5210903702100060000
5,5,70,4,2021,6,17,3,3,5,3,0,1,0,0,0,0,1,424762.663665667176247,5735815.417651241645217,7.909661428000049,51.768162098000062,0,5210608711211880000
5,5,70,4,2021,5,7,4,3,9,1,0,0,1,0,0,0,0,422779.568458293564618,5738957.883920818567276,7.880229068000062,51.796141504000047,0,5210519711211180000
5,5,66,88,2021,9,11,4,3,0,1,0,1,0,0,0,0,0,418790.554626177996397,5785896.456206917762756,7.811269433000064,52.217508723000037,0,5210922709800370000
5,5,15,0,2021,9,18,7,3,3,1,0,1,0,0,0,0,0,401563.936512342654169,5750950.068645212799311,7.569259723000073,51.900600447000045,0,5210904702100170000
5,5,70,44,2021,6,11,7,2,4,1,0,0,1,0,1,0,0,413482.473389638587832,5761951.521744221448898,7.739674371000035,52.001469164000071,0,5210626711142870000
5,5,58,44,2021,12,15,2,3,5,3,0,0,1,0,0,0,0,397240.998438020236790,5745169.987370492890477,7.508170112000073,51.847868044000052,0,5211213706300660000
5,5,70,24,2021,12,17,1,2,5,2,2,0,1,0,0,0,0,420921.741322323679924,5754027.420483076944947,7.849844562000044,51.931347389000052,0,5211205711161580000
5,5,15,0,2021,12,7,3,2,5,3,2,1,1,0,0,0,0,403693.656016909517348,5759592.174611588940024,7.597784349000051,51.978650990000062,1,5211221702100070000
5,5,66,80,2021,12,13,5,3,0,3,0,0,1,0,0,0,0,406929.344999979250133,5783045.028999669477344,7.638480398000070,52.190003691000072,0,5211223709000370000
5,5,15,0,2021,1,16,4,2,5,3,1,1,1,0,0,0,0,405929.759776833467185,5756153.922500308603048,7.631273537000027,51.948129528000038,1,5210127702100080000
5,5,70,4,2021,6,14,2,3,1,6,0,0,1,0,0,0,0,424136.945078049786389,5732611.934120409190655,7.901294421000046,51.739279357000044,0,5210628711214370000
5,5,66,76,2021,1,11,5,2,0,1,0,0,0,0,1,0,0,400363.258275468833745,5794342.414203517138958,7.539127601000075,52.290393645000051,2,5210107709500870000
5,5,15,0,2021,9,7,4,3,1,6,1,0,1,0,0,0,0,405336.940302906557918,5761297.950580023229122,7.621232120000059,51.994265538000036,0,5210901702100170000
5,5,66,28,2021,6,7,3,3,5,6,0,1,0,0,0,0,1,413212.655565136112273,5790515.393720045685768,7.728456045000030,52.258175015000063,0,5210615709000210000
5,5,66,88,2021,3,6,7,2,8,1,0,0,1,0,0,0,0,414954.040588349103928,5786055.373402575030923,7.755085267000027,52.218358248000072,1,5210327709800670000
5,5,15,0,2021,6,9,3,3,5,3,0,1,0,0,0,0,0,403371.010360443964601,5758091.982975218445063,7.593510482000056,51.965110817000038,0,5210629702100560000
5,5,70,32,2021,3,18,2,3,2,2,0,0,1,0,0,0,0,422824.387999991886318,5765205.117999671027064,7.874997203000021,52.032093651000082,0,5210329711151780000
5,5,15,0,2021,6,21,4,3,0,1,1,1,0,0,0,0,0,406309.503859356977046,5756677.367324601858854,7.636654444000044,51.952898597000058,0,5210602702100260000
5,5,15,0,2021,11,17,6,3,0,1,2,1,0,0,0,0,0,405724.626720262691379,5753790.224616121500731,7.628937654000026,51.926848755000037,1,5211126702100760000
5,5,70,40,2021,11,8,4,3,0,3,0,1,1,0,0,0,0,419246.543741507455707,5744268.273905793204904,7.827769767000063,51.843379498000047,0,5211117711231160000
5,5,15,0,2021,7,0,5,2,0,1,2,0,0,0,0,0,1,405050.281225191429257,5758223.025880685076118,7.617909229000077,51.966578042000037,0,5210701702100760000
5,5,15,0,2021,11,12,7,2,4,7,0,0,1,0,0,0,0,412591.848084168508649,5762881.337435342371464,7.726466587000061,52.009687517000032,0,5211106702100360000
5,5,15,0,2021,11,11,4,2,5,3,0,1,1,0,0,0,0,406054.159758009016514,5757319.943116230890155,7.632764222000048,51.958631292000064,0,5211117702100070000
5,5,15,0,2021,5,8,2,3,0,7,0,0,1,0,0,0,0,404645.264666773378849,5759085.015042088925838,7.611776228000053,51.974256585000035,0,5210510702100750000
5,5,15,0,2021,5,16,4,3,5,2,0,1,1,0,0,0,0,403038.253999975509942,5758133.420999655500054,7.588656910000054,51.965425334000031,1,5210519702100850000
5,5,15,0,2021,11,16,1,2,3,6,0,0,1,0,1,0,0,401072.459456423297524,5752245.438070781528950,7.561746762000041,51.912156531000051,1,5211121702330700000
5,5,58,4,2021,12,14,1,2,2,6,0,0,1,0,0,0,0,406817.516258168034256,5732905.254731543362141,7.650450978000038,51.739303876000065,1,5211212702330300000
5,5,66,28,2021,6,19,3,3,1,7,0,1,1,0,0,0,0,414572.917850452475250,5793454.015964856371284,7.747636156000056,52.284801432000052,0,5210601709700060000
5,5,70,44,2021,9,13,2,1,4,6,0,0,1,0,0,0,1,415105.701265784911811,5756203.102049505338073,7.764736431000074,51.950047773000051,0,5210927711141080000
5,5,15,0,2021,6,14,5,3,5,3,0,1,1,0,0,0,0,403517.945031904615462,5759376.009239122271538,7.595287615000075,51.976677551000080,0,5210624702100760000
5,5,15,0,2021,7,9,7,3,2,6,0,0,1,0,0,0,1,404188.554993229918182,5765642.146946350112557,7.603295702000025,52.033115387000066,0,5210703702350940000
5,5,70,4,2021,10,15,6,3,5,3,0,1,1,0,0,0,0,423797.372440609149635,5736183.728588003665209,7.895594412000037,51.771342517000051,1,5211015711211880000
5,5,66,48,2021,7,18,3,2,4,2,0,0,1,0,0,0,0,425657.028999993577600,5792939.373999685049057,7.910208847000035,52.281786589000035,0,5210713709700470000
5,5,66,12,2021,6,14,6,2,5,3,0,0,1,0,0,0,0,411749.060892740264535,5766869.329652072861791,7.713161900000046,52.045400809000057,0,5210618709110870000
5,5,66,16,2021,10,7,7,3,5,3,1,1,1,0,0,0,0,405674.013999979011714,5791787.160999678075314,7.617683431000046,52.268364616000042,1,5211023709500560000
5,5,66,72,2021,6,12,5,3,0,7,0,1,0,0,0,0,0,413010.115675199776888,5801483.533022642135620,7.722654779000038,52.356727467000042,0,5210624709700030000
5,5,70,24,2021,2,18,7,3,0,7,2,0,1,0,0,0,0,416482.430999988690019,5753778.854999661445618,7.785352510000052,51.928464579000035,0,5210213711161180000
5,5,70,40,2021,10,11,6,3,2,6,0,0,1,0,0,0,0,420323.007051979191601,5746040.430502327159047,7.842983929000070,51.859464697000078,0,5211001711231560000
5,5,58,44,2021,3,18,2,2,0,1,0,0,1,1,0,0,0,402761.691570209339261,5744041.609966889023781,7.588608443000055,51.838714603000028,0,5210329706300070000
5,5,15,0,2021,9,15,4,3,2,6,0,0,1,0,0,1,0,406212.709436471574008,5757467.010413043200970,7.635030804000053,51.959979967000038,1,5210929702100640000
5,5,15,0,2021,9,14,6,3,0,2,0,1,1,0,0,0,0,403797.943999976851046,5761132.581999663263559,7.598870225000042,51.992514686000050,0,5210910702100060000
5,5,66,32,2021,10,22,2,2,2,6,2,0,1,0,0,0,0,414044.450196080841124,5779356.046724049374461,7.743472901000075,52.158000156000071,0,5211011702350600000
5,5,15,0,2021,6,17,3,2,0,1,0,0,0,0,1,0,0,411397.429914868436754,5759303.791025096550584,7.709993315000077,51.977340685000058,0,5210615702100550000
5,5,70,44,2021,11,6,4,3,8,1,2,0,1,0,0,0,0,415497.579073731787503,5757576.738027788698673,7.770099213000037,51.962454998000055,1,5211110711141690000
5,5,15,0,2021,7,16,6,3,4,2,0,0,1,0,0,0,0,399145.890730779618025,5760140.828284924849868,7.531430806000060,51.982775468000057,0,5210702702100680000
5,5,66,28,2021,4,16,3,3,5,3,0,0,1,0,0,0,0,412926.434916348196566,5798469.973719362169504,7.722207559000026,52.329627727000059,1,5210413709700060000
5,5,66,20,2021,9,6,3,2,8,7,0,0,0,0,1,0,0,409092.557670018635690,5808805.383661642670631,7.663159647000043,52.421899967000058,0,5210921709700560000
5,5,15,0,2021,1,14,4,3,2,6,0,1,1,0,0,0,0,406558.407625704072416,5757198.904681969434023,7.640133449000075,51.957628307000050,0,5210113702100560000
5,5,15,0,2021,12,16,5,3,1,6,1,0,1,0,1,0,0,404438.778999977745116,5755342.268999654799700,7.609812142000067,51.940579919000072,1,5211223702100270000
5,5,70,4,2021,5,16,6,3,5,2,0,0,1,0,0,0,0,424380.738999992609024,5738588.560999657958746,7.903523483000072,51.793040222000059,0,5210514711212080000
5,5,15,0,2021,9,11,5,3,8,1,0,0,1,0,0,0,0,402707.666705150157213,5750056.334093784913421,7.586130230000037,51.892768108000041,0,5210916702100530000
5,5,15,0,2021,9,8,5,3,5,2,0,1,1,0,0,0,0,401652.989749472588301,5755588.359249377623200,7.569228630000055,51.942306408000036,0,5210909702100660000
5,5,15,0,2021,11,10,3,2,8,1,0,0,0,0,0,0,1,411032.780778354033828,5755154.826411094516516,7.705760209000061,51.939988522000078,0,5211123702100040000
5,5,66,72,2021,4,19,7,3,0,1,0,1,0,0,0,0,0,412773.718289013952017,5802696.725020714104176,7.718869102000042,52.367594258000054,0,5210417709700580000
5,5,66,28,2021,5,16,2,2,0,1,0,1,1,0,0,0,0,411190.474609489552677,5794383.770626008510590,7.697818008000070,52.292622069000060,0,5210524709700030000
5,5,15,0,2021,5,16,5,3,5,3,0,1,1,0,0,0,0,407874.362866985611618,5758263.568763792514801,7.658993406000036,51.967417677000071,0,5210527702100180000
5,5,15,0,2021,4,13,6,3,2,6,0,0,1,0,0,1,1,406360.350999979302287,5755142.667999656870961,7.637812156000052,51.939112520000037,0,5210416702100070000
5,5,66,44,2021,11,20,7,3,8,1,2,0,1,0,0,0,0,424903.182725733146071,5774140.889384090900421,7.903327618000048,52.112704502000042,1,5211127709800460000
5,5,66,28,2021,6,0,2,3,0,1,2,1,0,0,0,0,0,412465.989943899214268,5791758.367148684337735,7.717196997000030,52.269228927000029,0,5210628709700140000
5,5,70,40,2021,11,11,2,2,2,2,0,0,1,0,0,0,0,416993.624829113483429,5743835.606426488608122,7.795177570000021,51.839159759000040,0,5211115711231890000
5,5,15,0,2021,10,11,1,3,0,6,0,0,1,0,1,0,0,407044.504999980330467,5757870.224999658763409,7.647023867000030,51.963743950000037,0,5211017702100010000
5,5,15,0,2021,1,7,6,2,2,6,2,1,1,0,0,0,0,404690.834062171168625,5758891.096300110220909,7.612493289000042,51.972521390000054,1,5210129702100270000
5,5,15,0,2021,6,6,4,3,5,3,0,1,0,0,0,0,1,403090.610999974422157,5760529.155999658629298,7.588742215000025,51.986967969000034,0,5210602702100010000
5,5,15,0,2021,11,8,6,3,6,6,0,1,1,1,0,0,0,406179.927124433219433,5756689.574442163109779,7.634766142000046,51.952986476000035,0,5211119702100620000
5,5,15,0,2021,11,3,5,2,8,1,2,0,1,0,0,0,0,403853.287451191805303,5754694.284441653639078,7.601478509000060,51.934654726000076,0,5211111702330040000
5,5,70,40,2021,10,15,3,3,0,3,0,0,1,0,1,0,0,419217.765182902105153,5744567.609617132693529,7.827282179000065,51.846066157000052,1,5211019711231400000
5,5,15,0,2021,4,8,4,3,5,3,0,1,1,0,0,0,0,411544.355265039019287,5761232.771386601030827,7.711634385000025,51.994703130000062,1,5210407702100250000
5,5,15,0,2021,9,17,4,3,1,6,0,1,1,0,0,0,0,412453.536509206518531,5752444.364873724058270,7.727112456000043,51.915849960000060,1,5210929702100870000
5,5,15,0,2021,3,0,7,3,6,6,2,1,0,1,0,0,0,407929.667634457349777,5754500.371012737974524,7.660806333000039,51.933601058000079,1,5210313702100160000
5,5,66,28,2021,6,15,5,3,2,6,0,0,1,0,0,0,0,409732.350186546333134,5791350.754427764564753,7.677256208000074,52.265123294000034,0,5210610702350510000
5,5,15,0,2021,1,7,6,3,5,3,2,1,1,0,0,0,0,406651.596356342546642,5756707.903645385056734,7.641622623000046,51.953230597000072,1,5210108702100060000
5,5,15,0,2021,3,13,5,3,6,4,0,0,1,1,0,0,0,406090.257999978959560,5756729.392999656498432,7.633450830000072,51.953329250000081,0,5210325702100050000
5,5,15,0,2021,9,8,5,3,3,4,0,1,0,1,0,0,0,405507.544620462693274,5756492.719090871512890,7.625039050000055,51.951103219000061,0,5210923702100170000
5,5,66,40,2021,10,16,6,2,2,6,0,0,1,0,0,0,0,420528.813391782343388,5784965.014090772718191,7.836926747000064,52.209389698000052,0,5211008702350310000
5,5,15,0,2021,1,13,4,3,5,7,0,1,1,0,0,0,0,402809.477061438374221,5753936.172336928546429,7.586514663000059,51.927659254000048,0,5210120702100860000
5,5,70,52,2021,4,19,2,2,2,6,0,0,0,0,1,0,0,426424.416098469868302,5761054.004170544445515,7.928357248000054,51.995267104000050,0,5210426711111080000
5,5,66,8,2021,9,16,4,2,8,1,0,0,1,0,0,0,0,401474.145999972708523,5785192.352999670431018,7.558078985000066,52.208355762000053,1,5210929709110300000
5,5,58,4,2021,3,12,7,3,2,6,0,0,1,0,0,0,0,406884.568923010490835,5732054.464663937687874,7.651649452000072,51.731667378000054,2,5210313702330240000
5,5,70,52,2021,12,10,6,2,5,2,0,0,1,0,0,1,0,427047.541011548601091,5756217.499763384461403,7.938459524000052,51.951871789000052,0,5211210711100040000
5,5,70,16,2021,4,18,1,3,1,6,0,0,1,0,0,0,0,413573.777751504443586,5739803.980789115652442,7.746557919000054,51.802400333000037,0,5210404711221480000
5,5,66,28,2021,11,19,3,2,3,6,2,0,1,0,0,0,1,411998.383506795391440,5790462.669427588582039,7.710684023000056,52.257508204000032,1,5211123702350180000
5,5,66,56,2021,10,10,1,3,5,3,0,1,1,0,0,0,0,415605.229672566056252,5799898.117856880649924,7.761149689000035,52.342882941000028,1,5211003709700580000
5,5,58,28,2021,10,12,5,3,8,1,0,0,0,0,0,0,1,397088.124122436158359,5732901.731071365997195,7.509591557000022,51.737570036000079,0,5211007706000850000
5,5,15,0,2021,3,19,6,3,5,3,2,1,1,0,0,0,0,404952.796999978832901,5756364.455999657511711,7.617004916000042,51.949855812000067,0,5210319702100340000
5,5,66,28,2021,9,7,2,3,0,1,0,1,0,0,0,0,0,412743.117999984882772,5792986.190999681130052,7.720939502000022,52.280309016000047,0,5210927709700860000
5,5,15,0,2021,5,9,3,3,5,2,0,1,0,0,0,0,0,406257.643723851069808,5758702.994144050404429,7.635347154000044,51.971097134000047,1,5210525702100570000
5,5,15,0,2021,2,17,2,3,0,1,1,1,0,0,0,0,0,405970.545532366260886,5757194.128622114658356,7.631582159000061,51.957486280000069,2,5210215702100060000
5,5,15,0,2021,1,12,3,3,5,2,0,1,1,0,0,0,0,400729.030169690959156,5759697.342489581555128,7.554603740000061,51.979074505000028,0,5210126702100060000
5,5,15,0,2021,1,22,7,3,8,1,2,0,1,0,0,0,0,404139.427999976091087,5756445.765999656170607,7.605150994000041,51.950447071000042,2,5210116702100070000
5,5,70,4,2021,11,16,2,3,2,6,0,0,1,0,0,0,0,424264.534672996029258,5735014.419784720987082,7.902618592000067,51.760894223000037,0,5211108711213580000
5,5,66,92,2021,10,21,6,3,8,1,2,0,1,0,0,0,0,420195.933239500969648,5794126.811164595186710,7.829891115000066,52.291694248000056,1,5211022709700540000
5,5,15,0,2021,9,19,5,3,6,4,2,0,1,1,0,0,0,401707.402889793738723,5759085.005318773910403,7.569019517000072,51.973744642000042,0,5210923702100060000
5,5,70,16,2021,10,8,2,3,8,1,0,0,0,0,0,1,0,413017.989895531907678,5742775.874515825882554,7.737753124000051,51.829028678000043,0,5211025711221180000
5,5,15,0,2021,11,15,5,3,5,2,0,1,0,0,0,0,1,406936.491011672653258,5759765.348790753632784,7.644938372000070,51.980760171000043,0,5211111702100560000
5,5,66,8,2021,1,9,1,3,5,3,0,0,1,0,0,0,0,397743.841195416636765,5780825.753767903894186,7.504823252000051,52.168430972000067,1,5210124709100870000
5,5,15,0,2021,10,23,4,3,0,1,2,1,0,0,0,0,0,404903.914415785111487,5762254.373696681112051,7.614661707000039,52.002788202000033,1,5211020702100270000
5,5,66,16,2021,4,12,7,3,5,3,0,1,1,0,0,0,0,404018.637144738808274,5795001.057287849485874,7.592517181000062,52.296964074000073,0,5210417709500170000
5,5,15,0,2021,9,14,5,3,2,6,0,0,1,0,0,0,0,407706.182385078631341,5758562.513288361951709,7.656465686000047,51.970076851000044,0,5210930702100540000
5,5,15,0,2021,2,13,5,3,0,2,0,1,1,0,0,0,0,406326.520560453645885,5756453.966612150892615,7.636962882000034,51.950893429000075,0,5210225702100950000
5,5,70,4,2021,2,15,4,3,5,2,0,0,1,0,0,0,0,423799.354999993927777,5736183.357999652624130,7.895623221000051,51.771339455000032,2,5210210711211070000
5,5,70,40,2021,5,21,2,2,8,1,2,0,1,0,0,0,0,418954.012632154859602,5742213.049886615946889,7.824005699000054,51.824862050000036,0,5210510711231580000
5,5,70,4,2021,11,8,4,3,7,3,0,0,1,0,0,0,0,425486.095448188483715,5741427.761641236022115,7.918937578000055,51.818712010000070,0,5211110711212800000
5,5,15,0,2021,9,13,6,2,0,1,0,1,0,0,0,0,0,411775.941135831177235,5754389.055592149496078,7.716764718000036,51.933223496000039,0,5210924702100870000
5,5,66,20,2021,4,19,7,2,8,1,0,0,1,0,0,0,0,408801.841999981552362,5802900.303999681025743,7.660493974000076,52.368777355000077,0,5210403709700060000
5,5,15,0,2021,10,11,3,3,6,2,0,0,1,1,0,0,0,406621.093636165373027,5757653.494958903640509,7.640921871000046,51.961724917000026,1,5211012702100380000
5,5,15,0,2021,1,11,2,3,1,5,0,0,1,0,0,0,1,404255.226024385541677,5759042.957145782187581,7.606111389000034,51.973811492000038,0,5210118702100550000
5,5,70,52,2021,4,8,3,3,8,1,0,0,0,0,0,0,1,426152.061390754766762,5745977.025194471701980,7.927626476000057,51.859696615000075,0,5210420711114470000
5,5,15,0,2021,7,15,2,3,0,6,0,0,1,0,0,1,0,405401.406196094118059,5761230.152787555009127,7.622189481000021,51.993667132000041,0,5210712702100670000
5,5,66,8,2021,9,8,4,3,2,6,0,0,1,0,0,0,0,399426.848940733820200,5781825.018828719854355,7.529126894000058,52.177721367000061,0,5210908709100360000
5,5,58,44,2021,6,6,6,2,9,1,0,0,1,0,0,0,0,397272.560890124179423,5754400.522076340392232,7.505878973000051,51.930838583000082,0,5210618706300740000
5,5,70,44,2021,5,5,2,3,9,7,0,0,1,0,0,0,0,420989.464262554422021,5759489.308355771005154,7.849573277000047,51.980455087000053,0,5210510711142560000
5,5,66,28,2021,4,13,1,2,0,1,0,1,0,0,0,0,0,412570.899662029929459,5793167.929131781682372,7.718368580000060,52.281915163000065,0,5210418709700570000
5,5,66,28,2021,7,5,3,3,5,2,0,1,1,0,0,0,0,411233.841427734121680,5792460.666180055588484,7.698960158000034,52.275343826000039,0,5210706709700060000
5,5,15,0,2021,11,17,6,3,4,6,1,1,0,0,0,0,0,407748.320038932375610,5754708.725327540189028,7.658113478000075,51.935443838000026,1,5211105702100670000
5,5,15,0,2021,6,11,7,3,5,2,0,0,1,0,0,0,0,400563.439322085119784,5756756.508209841325879,7.553045159000021,51.952612266000074,0,5210626702100040000
5,5,70,4,2021,9,7,6,3,0,7,0,1,0,0,0,0,0,424182.867999992333353,5736114.571999656036496,7.901195391000044,51.770773170000041,0,5210924711212290000
5,5,66,28,2021,4,14,7,3,2,6,0,0,1,0,0,0,0,412500.145999984815717,5791936.126999679952860,7.717651307000040,52.270832121000069,0,5210417709700260000
5,5,15,0,2021,6,13,4,3,1,5,0,1,1,0,0,0,0,405609.836640057154000,5756971.597900660708547,7.626395499000068,51.955424964000031,0,5210630702100060000
5,5,15,0,2021,12,9,2,3,5,3,0,1,1,0,0,0,0,399671.907365296967328,5753672.853253068402410,7.540976075000060,51.924735852000026,1,5211213702100470000
5,5,66,56,2021,11,7,6,3,1,6,1,0,1,0,0,0,0,417280.972999989055097,5796653.762999685481191,7.786540550000041,52.313976579000041,1,5211119709700870000
5,5,15,0,2021,5,5,3,3,5,3,1,1,1,0,0,0,0,402984.824999975040555,5754029.412999654188752,7.589037705000067,51.928527920000079,1,5210511702100160000
5,5,15,0,2021,2,14,1,2,4,6,0,1,0,0,0,0,0,409981.509191711433232,5751892.864066531881690,7.691324381000072,51.910498553000082,0,5210221702100970000
5,5,70,32,2021,9,15,4,2,5,3,0,1,1,0,0,0,0,424323.985364062711596,5767219.897356143221259,7.896406680000041,52.050411623000059,0,5210908711151790000
5,5,15,0,2021,4,11,6,3,2,6,0,0,1,0,0,0,0,409183.271288715302944,5758871.349627684801817,7.677879934000032,51.973096175000080,0,5210416702100070000
5,5,15,0,2021,9,14,2,3,1,7,0,1,1,0,0,0,0,406525.229822135530412,5750602.958076847717166,7.641442365000046,51.898334827000042,0,5210913702100140000
5,5,15,0,2021,11,5,2,2,5,3,2,0,1,0,0,0,0,405972.618999979458749,5752311.447999658063054,7.632946998000023,51.913598688000036,1,5211101702100070000
5,5,15,0,2021,6,11,4,3,5,7,0,1,1,0,0,0,0,405470.847737501375377,5758129.237740894779563,7.624054914000055,51.965806713000063,0,5210602702100980000
5,5,15,0,2021,12,19,4,3,5,3,2,1,1,0,0,0,0,404364.062564454041421,5756269.981393763795495,7.608467478000023,51.948905722000063,1,5211201702100470000
5,5,66,48,2021,6,17,6,2,2,1,0,0,1,0,0,0,0,426999.407724059186876,5795767.940447611734271,7.929269969000075,52.307392325000080,0,5210611709700670000
5,5,66,76,2021,1,15,5,2,8,1,0,0,1,0,0,0,0,401459.370305246673524,5786850.942793641239405,7.557379862000062,52.223260154000059,1,5210128709500650000
5,5,70,52,2021,5,19,1,3,5,3,0,1,1,0,0,0,0,423500.397390322759748,5749782.400454998016357,7.888284941000052,51.893547630000057,0,5210530711114870000
5,5,70,16,2021,12,19,3,3,8,1,2,0,1,0,0,0,0,413532.539999986067414,5741094.216999655589461,7.745638059000044,51.813992016000043,0,5211221711221280000
5,5,66,12,2021,9,7,6,3,5,7,0,1,1,0,0,0,0,405201.132999978959560,5773031.628999665379524,7.615999970000075,52.099707808000062,0,5210917709110990000
5,5,66,72,2021,6,15,6,3,5,3,0,1,1,0,0,0,0,412902.789999985136092,5801665.934999685734510,7.721031916000072,52.358349884000063,0,5210618709700510000
5,5,15,0,2021,10,16,5,3,4,6,0,1,0,0,0,0,0,408962.695417759940028,5756242.345988091081381,7.675366518000033,51.949428993000026,0,5211014702100080000
5,5,15,0,2021,11,16,7,3,2,6,2,0,1,0,0,0,0,406189.563999980688095,5755074.088999662548304,7.635347163000063,51.938467330000037,1,5211113702100560000
5,5,15,0,2021,10,15,6,3,2,6,0,0,1,0,1,0,0,406295.674935592338443,5751091.470240043476224,7.637974238000027,51.902687298000046,0,5211001702100470000
5,5,70,4,2021,11,15,6,3,5,3,0,0,1,0,0,0,0,423919.633795514702797,5734229.356971897184849,7.897793944000057,51.753790016000039,1,5211119711213080000
5,5,70,4,2021,2,14,1,3,5,1,0,0,1,0,0,0,0,425529.052999995648861,5736713.498999655246735,7.920573195000031,51.776338066000051,2,5210207711212950000
5,5,15,0,2021,6,9,2,3,9,1,0,1,0,0,0,0,1,406954.078597070649266,5756982.805323313921690,7.645948480000072,51.955752245000042,0,5210607702100050000
5,5,15,0,2021,11,10,3,3,4,2,0,1,1,0,0,0,0,410950.885585257783532,5759645.070000240579247,7.703405088000068,51.980336952000073,0,5211109702100460000
5,5,15,0,2021,7,1,5,3,0,1,2,0,0,0,0,0,1,404782.378217675723135,5758300.311816748231649,7.613989424000067,51.967226892000042,0,5210708702100650000
5,5,66,44,2021,4,13,1,3,8,1,0,0,1,0,0,0,0,430289.146221209317446,5779845.416104087606072,7.980797404000043,52.164689571000054,1,5210411709800770000
5,5,15,0,2021,6,20,4,2,0,1,0,0,0,0,1,0,0,410627.186083429493010,5760582.029514176771045,7.698449057000062,51.988706988000047,0,5210616702100160000
5,5,70,4,2021,12,11,1,3,0,1,0,1,1,0,0,0,0,423866.237697628326714,5734433.716401159763336,7.896975768000061,51.755619884000055,1,5211212711200080000
5,5,70,4,2021,5,7,2,3,2,6,0,0,1,0,0,0,0,425354.871999995782971,5735343.466999653726816,7.918343463000042,51.763998674000050,0,5210531711113880000
5,5,15,0,2021,5,14,6,3,5,3,0,1,1,0,0,0,0,405603.178729036822915,5756977.451198671013117,7.626297032000025,51.955476446000034,0,5210514702100350000
5,5,15,0,2021,3,11,6,3,5,2,0,1,0,0,0,0,1,405164.608930658549070,5756894.794724006205797,7.619939587000033,51.954658875000064,0,5210326702100570000
5,5,15,0,2021,5,14,4,3,5,3,0,1,1,0,0,0,0,401196.215259797871113,5753700.777616631239653,7.563127758000064,51.925259461000053,0,5210512702100270000
5,5,15,0,2021,6,19,2,3,2,6,0,0,1,0,0,0,0,405477.762999978847802,5754900.428999656811357,7.625043586000061,51.936785934000056,1,5210628702100050000
5,5,15,0,2021,5,7,4,3,3,6,0,0,1,0,0,0,0,404651.075128932483494,5760117.642219439148903,7.611573837000037,51.983539195000048,0,5210512702100550000
5,5,15,0,2021,12,17,5,3,5,2,2,1,1,0,0,0,0,403186.533406672067940,5759055.973723320290446,7.590554346000033,51.973743342000034,0,5211209702100370000
5,5,15,0,2021,9,12,1,3,8,1,0,0,1,0,0,0,0,401117.345944437198341,5752100.763216935098171,7.562440651000031,51.910864127000082,0,5210919702330080000
5,5,66,92,2021,4,16,3,3,5,3,0,0,1,0,0,1,0,423928.474781844764948,5790935.694696286693215,7.885327089000043,52.263539320000064,1,5210406709700060000
5,5,66,12,2021,3,15,6,1,5,3,0,0,1,0,0,0,1,402429.570804288610816,5776750.516246881335974,7.574484369000061,52.132651305000081,0,5210326709110570000