ULAND,UREGBEZ,UKREIS,UGEMEINDE,UJAHR,UMONAT,USTUNDE,UWOCHENTAG,UKATEGORIE,UART,UTYP1,ULICHTVERH,IstRad,IstPKW,IstFuss,IstKrad,IstGkfz,IstSonstige,LINREFX,LINREFY,XGCSWGS84,YGCSWGS84,STRZUSTAND,UIDENTSTLAE
5,5,15,0,2021,5,21,6,3,4,3,1,0,1,0,0,0,0,409845.227509351447225,5751861.083088394254446,7.689352015000054,51.910190840000041,1,5210514702100070000
5,5,15,0,2021,6,17,7,2,5,2,0,0,1,0,0,0,0,403773.488297850824893,5754713.674110505729914,7.600312724000048,51.934815215000071,0,5210605702100570000
5,5,15,0,2021,11,19,6,3,2,2,2,0,1,0,0,0,0,406169.361999979242682,5758565.862999657168984,7.634099871000046,51.969849641000053,0,5211119702100940000
5,5,15,0,2021,10,1,5,3,0,1,2,1,0,0,0,0,0,405627.464999978430569,5758065.369999658316374,7.626351444000022,51.965259254000046,0,5211014702100090000
5,5,15,0,2021,11,14,2,3,0,2,0,1,0,0,0,0,1,405159.244746911339462,5756932.444801308214664,7.619851159000063,51.954996375000064,0,5211129702100740000
5,5,15,0,2021,5,17,2,3,8,1,0,0,1,0,0,0,0,401021.313278865069151,5752533.845385286957026,7.560920549000059,51.914739722000036,1,5210517702330980000
5,5,66,12,2021,9,11,2,3,5,2,0,0,1,0,0,0,1,407148.180410511791706,5771159.767072167247534,7.644926744000031,52.083213160000071,0,5210920709000970000
5,5,66,20,2021,5,9,2,2,4,2,0,0,1,0,1,0,0,406481.502142847515643,5804167.871268816292286,7.626070090000042,52.379778883000029,0,5210510709700570000
5,5,70,52,2021,4,15,6,3,5,3,0,0,1,0,0,0,0,429371.326667901128531,5756505.745788836851716,7.972208000000023,51.954762966000033,0,5210416711111080000
5,5,15,0,2021,9,15,6,3,3,2,0,1,0,0,0,0,0,407189.115999980829656,5750962.674999659880996,7.650991499000042,51.901679156000057,0,5210910702100550000
5,5,15,0,2021,10,8,4,3,5,3,0,1,1,0,0,0,0,405774.161432010121644,5757999.907172823324800,7.628503999000031,51.964695730000074,0,5211027702100340000
5,5,66,8,2021,10,12,6,3,2,6,0,0,1,0,0,0,1,400869.667727755382657,5779628.522913154214621,7.550862238000036,52.158240791000026,0,5211015709110550000
5,5,66,48,2021,1,17,6,2,0,2,2,1,1,0,0,0,0,428461.109999995678663,5796045.942999688908458,7.950646333000066,52.310083658000053,1,5210122709700040000
5,5,15,0,2021,10,17,3,2,3,6,0,0,1,0,0,0,0,402023.199379744008183,5752661.723913738504052,7.575445989000059,51.916066296000054,0,5211012702330340000
5,5,15,0,2021,5,14,3,3,2,6,0,0,1,0,0,0,0,406477.666686368174851,5751168.055010380223393,7.640597965000040,51.903406265000058,1,5210525702100660000
5,5,15,0,2021,12,18,4,3,5,2,2,1,1,0,0,0,0,405989.055903050117195,5751658.175884574651718,7.633364180000058,51.907729504000031,0,5211215702100090000
5,5,15,0,2021,4,16,4,3,5,3,0,1,0,0,0,0,0,407069.436999979428947,5757446.472999658435583,7.647501301000034,51.959939219000034,0,5210428702100560000
5,5,15,0,2021,2,15,2,3,3,6,0,0,1,0,1,1,0,408359.191008650697768,5756824.570743976160884,7.666432561000022,51.954563271000040,0,5210222702100770000
5,5,58,28,2021,5,16,7,3,5,3,0,1,1,0,0,0,0,399530.550774288363755,5730217.112413257360458,7.545725878000042,51.713882568000031,1,5210508706300310000
5,5,66,88,2021,2,8,7,2,2,6,0,0,1,0,0,1,0,423289.340116277337074,5787138.167569609358907,7.876826204000054,52.229315144000054,0,5210220702350840000
5,5,70,40,2021,5,1,7,2,0,7,2,1,0,0,0,0,0,417494.284821112640202,5744569.146119238808751,7.802267843000038,51.845827918000055,0,5210529711231070000
5,5,70,32,2021,10,8,4,3,0,3,0,1,1,0,0,0,0,421194.016761884093285,5766626.908023286610842,7.850908413000070,52.044644964000042,0,5211027711152070000
5,5,15,0,2021,10,1,5,3,8,1,2,0,1,0,0,0,0,403689.895724173635244,5760757.726414276286960,7.597402363000072,51.989126653000028,1,5211021702100150000
5,5,70,44,2021,5,18,7,3,8,1,0,0,1,0,0,0,0,416273.809153300710022,5762902.492181925103068,7.780094008000049,52.010445333000064,1,5210508711143970000
5,5,15,0,2021,6,13,3,2,1,7,0,0,0,0,0,0,1,406237.971806895919144,5757720.687782367691398,7.635329108000064,51.962264398000059,0,5210622702100550000
5,5,66,12,2021,10,21,6,2,0,1,2,0,0,0,1,0,0,406750.621246999129653,5771707.517433259636164,7.638976769000067,52.088069671000028,0,5211015709110570000
5,5,70,52,2021,3,15,6,3,2,2,0,0,1,0,0,0,0,428353.719132180325687,5758780.517184657976031,7.956927734000033,51.975081898000042,0,5210312711111550000
5,5,70,4,2021,4,18,5,3,2,6,0,0,1,0,0,0,0,424140.119049443863332,5732595.421241648495197,7.901343980000036,51.739131341000075,0,5210401711214770000
5,5,15,0,2021,2,16,4,3,9,7,0,0,1,0,0,0,0,402645.473856358788908,5763279.059425335377455,7.581480813000042,52.011606821000044,0,5210224702350060000
5,5,66,48,2021,11,10,3,3,8,1,0,0,1,0,0,0,0,426688.413999993354082,5794585.688999682664871,7.924966784000048,52.296723740000061,1,5211116709700070000
5,5,15,0,2021,9,7,4,2,3,6,0,1,0,0,0,0,0,405373.359831854701042,5755761.725429134443402,7.623288367000043,51.944509912000058,0,5210929702100050000
5,5,66,88,2021,1,16,1,2,4,6,0,0,1,0,0,0,1,423143.458096269518137,5784366.931863883510232,7.875320120000026,52.204384466000079,2,5210124709800970000
5,5,15,0,2021,2,16,2,3,4,6,0,1,0,0,0,0,0,401538.897491645999253,5757064.942846894264221,7.567146374000060,51.955558092000047,0,5210222702100540000
5,5,15,0,2021,1,17,2,3,5,3,2,1,1,0,0,0,0,410651.806624332442880,5753317.867010708898306,7.700696609000033,51.923415508000062,1,5210111702100150000
5,5,66,48,2021,3,17,4,3,1,7,0,1,1,0,0,0,0,430441.603256403468549,5795932.349228866398335,7.979715206000037,52.309317029000056,0,5210331709700760000
5,5,66,12,2021,2,12,1,3,5,3,0,0,1,0,0,0,0,403717.907999976538122,5772539.945999665185809,7.594491801000061,52.095032370000069,0,5210221709000270000
5,5,15,0,2021,12,21,6,3,5,3,2,0,1,0,0,0,0,408661.279680305160582,5753477.584527458995581,7.671716253000056,51.924528144000078,1,5211224702100070000
5,5,15,0,2021,1,1,1,3,0,7,2,0,0,0,0,0,1,406308.170801165513694,5756685.607086259871721,7.636632805000033,51.952972435000049,0,5210124702100890000
5,5,58,44,2021,9,11,4,3,0,1,0,0,1,0,0,0,0,400042.378822653554380,5746777.229193938896060,7.548360706000039,51.862823044000038,0,5210922706000960000
5,5,15,0,2021,11,14,1,3,5,3,0,1,1,0,0,0,0,403973.899172537028790,5757478.766228046268225,7.602454491000060,51.959703486000080,0,5211121702100890000
5,5,70,52,2021,10,7,2,2,4,7,1,0,1,0,0,0,0,425732.353159873746336,5762983.064664166420698,7.917860988000029,52.012515971000028,0,5211018711111180000
5,5,66,72,2021,4,3,1,3,9,1,2,0,1,0,0,0,0,412401.607493028044701,5799199.827972276136279,7.714317662000042,52.336104254000077,1,5210411709700460000
5,5,15,0,2021,9,8,5,3,0,1,0,1,0,0,0,0,0,405508.942467360757291,5756498.631905050948262,7.625057758000025,51.951156603000072,0,5210923702100370000
5,5,15,0,2021,4,13,6,2,0,1,0,1,0,0,0,0,0,405161.778516988269985,5756922.730372838675976,7.619890701000031,51.954909490000034,1,5210430702100560000
5,5,15,0,2021,12,8,5,3,5,3,0,1,1,0,0,0,0,403038.137500789016485,5758130.783958142623305,7.588655960000040,51.965401611000061,0,5211209702100270000
5,5,15,0,2021,10,20,1,3,1,5,2,0,1,0,0,0,1,401297.033185780048370,5764410.694542100653052,7.561513555000033,52.021539891000032,0,5211024702100570000
5,5,66,28,2021,9,19,6,3,3,1,0,0,1,0,0,0,0,407980.511985175311565,5796719.074894107878208,7.650127149000070,52.313083547000076,1,5210910709700840000
5,5,15,0,2021,10,14,3,3,2,6,0,0,1,0,0,0,0,405030.664063218981028,5757800.996119745075703,7.617740485000070,51.962781321000080,1,5211019702100570000
5,5,15,0,2021,10,7,2,2,1,7,0,1,1,0,0,0,0,403864.384858798235655,5761299.267331315204501,7.599790846000076,51.994024405000062,0,5211011702100070000
5,5,58,4,2021,5,13,5,2,2,6,0,0,1,0,0,0,0,407714.712570434436202,5733609.780528325587511,7.663254208000069,51.745785257000080,1,5210527706300410000
5,5,15,0,2021,12,14,6,3,3,2,0,1,1,0,0,0,0,406148.966616516932845,5756695.474480263888836,7.634314143000040,51.953034285000058,0,5211210702100170000
5,5,15,0,2021,10,13,5,3,5,2,0,1,1,0,0,0,0,406539.798999979160726,5757657.116999661549926,7.639738047000037,51.961743814000044,0,5211007702100850000
5,5,15,0,2021,10,18,4,3,4,7,1,1,1,0,0,0,0,405515.825722562149167,5758097.285970486700535,7.624718191000056,51.965527164000036,0,5211020702100070000
5,5,15,0,2021,5,18,4,3,5,2,0,0,1,0,0,0,1,404402.695904935710132,5755370.462383124977350,7.609279548000075,51.940827134000074,0,5210512702100770000
5,5,15,0,2021,10,17,6,3,0,3,1,1,1,0,0,0,0,408264.385138120502234,5754116.999835861846805,7.665775700000040,51.930210352000074,0,5211029702100430000
5,5,66,8,2021,6,14,6,3,5,7,0,1,0,0,0,0,0,398888.815429494716227,5779478.589759267866611,7.521960106000051,52.156534007000062,0,5210604709100970000
5,5,66,92,2021,11,19,3,3,5,3,1,1,1,0,0,0,0,423606.941916398704052,5796441.262550376355648,7.879368515000067,52.312983186000054,0,5211102709700660000
5,5,66,32,2021,3,13,4,2,8,1,0,0,1,0,0,0,0,418247.733202944509685,5775873.912670157849789,7.805740705000062,52.127338446000067,1,5210317709800010000
5,5,66,28,2021,5,17,1,3,4,2,0,0,1,0,0,0,0,411741.419023131020367,5792331.625962570309639,7.706431399000053,52.274265701000047,0,5210502709700550000
5,5,58,4,2021,6,6,4,3,5,2,0,0,1,0,0,0,0,404577.583827607333660,5739136.941154021769762,7.616308545000038,51.794941685000026,0,5210609706300610000
5,5,15,0,2021,12,20,5,3,2,6,2,0,1,0,0,0,0,412120.281711683608592,5752009.189177403226495,7.722379414000045,51.911885740000059,1,5211209702100540000
5,5,66,12,2021,12,7,3,2,5,3,1,1,1,0,0,0,0,410850.716268736869097,5773237.599461611360312,7.698402442000031,52.102498416000060,1,5211207709800370000
5,5,15,0,2021,10,15,2,3,0,1,0,1,0,0,0,0,0,406370.027263042517006,5751106.022161243483424,7.639050693000058,51.902830599000026,0,5211004702100940000
5,5,15,0,2021,4,16,3,3,0,3,0,1,1,0,0,0,0,405762.591798199340701,5756906.787615180015564,7.628635542000040,51.954868327000042,0,5210427702100830000
5,5,15,0,2021,12,18,4,2,6,4,2,0,1,1,0,0,0,400581.779238258488476,5756756.141457950696349,7.553312047000077,51.952612249000026,1,5211229702100190000
5,5,15,0,2021,5,17,2,2,0,2,0,1,0,0,1,0,0,403906.022955439984798,5748652.005859404802322,7.603930533000039,51.880353261000039,0,5210510702100060000
5,5,66,40,2021,4,16,5,1,8,1,0,0,1,0,0,0,0,420201.130917298607528,5784874.447270080447197,7.832153488000074,52.208528259000047,0,5210408702350070000
5,5,70,4,2021,10,7,3,3,2,2,1,0,1,0,0,0,0,425540.642999994568527,5729237.455999655649066,7.922341474000063,51.709131778000028,0,5211005711214170000
5,5,66,28,2021,4,7,5,3,0,1,0,1,0,0,0,0,0,412568.458089617080986,5793155.699712382629514,7.718335970000055,52.281804853000040,0,5210415709700740000
5,5,66,16,2021,5,12,4,2,5,3,0,1,1,0,0,0,0,406370.475026529282331,5793908.334058688953519,7.627297641000041,52.287548639000079,0,5210512709500040000
5,5,66,4,2021,3,7,2,3,2,6,0,0,1,0,0,0,0,398252.884214929305017,5762327.723060445860028,7.517783131000044,52.002268361000063,1,5210315702100560000
5,5,15,0,2021,12,17,7,3,1,6,2,0,1,0,0,0,0,405184.833110385574400,5756936.322247121483088,7.620222341000044,51.955035591000069,1,5211204702100590000
5,5,15,0,2021,11,17,3,3,5,3,2,1,0,0,0,0,0,405422.518963368609548,5755280.607481779530644,7.624135689000070,51.940193766000050,0,5211109702100540000
5,5,66,8,2021,7,13,6,3,2,6,0,0,1,0,1,0,0,400265.937638327479362,5780658.307946963235736,7.541737139000077,52.167387554000072,0,5210709709100390000
5,5,66,16,2021,3,17,4,3,2,2,0,0,1,0,0,0,1,399138.499253731220961,5800696.520950220525265,7.519271423000021,52.347277531000032,0,5210303709500040000
5,5,66,88,2021,11,18,7,2,8,7,2,1,0,0,0,0,0,419127.353743936866522,5788308.268142895773053,7.815621495000073,52.239237290000062,1,5211113709800600000
5,5,70,16,2021,11,18,4,3,9,7,2,0,1,0,0,0,0,409289.877886507660151,5742126.167600095272064,7.683837642000071,51.822595614000079,0,5211124711221000000
5,5,66,8,2021,11,21,4,3,6,4,2,0,1,1,0,0,0,399667.824999970383942,5781949.215999664738774,7.532613152000067,52.178881495000041,1,5211103709110570000
5,5,15,0,2021,11,5,7,3,9,1,2,0,1,0,0,0,0,404893.937770072370768,5758278.217613466084003,7.615618919000042,51.967047399000080,1,5211127702100060000
5,5,70,24,2021,11,17,2,3,4,2,2,0,1,0,0,0,0,420922.889305876567960,5754027.415820600464940,7.849861257000043,51.931347511000070,0,5211115711161080000
5,5,58,28,2021,6,11,1,3,8,1,0,1,0,0,0,0,0,403161.591999975033104,5731209.107999645173550,7.597991381000043,51.723437948000026,0,5210627706300790000
5,5,70,44,2021,12,17,3,3,5,3,2,0,1,0,0,0,0,416028.721184139139950,5759554.828202582895756,7.777343983000037,51.980316438000045,1,5211214711143170000
5,5,15,0,2021,10,7,2,3,0,3,0,1,1,0,0,0,0,407899.700959694571793,5760296.461326831951737,7.658816525000020,51.985694592000073,0,5211004702100890000
5,5,15,0,2021,10,15,3,3,5,3,0,0,1,0,1,0,0,406413.642538748681545,5756686.319356432184577,7.638166926000054,51.952996596000048,0,5211026702100930000
5,5,58,4,2021,10,19,2,2,9,1,2,0,1,0,0,0,0,405482.277237104251981,5731531.236500237137079,7.631491937000021,51.726729490000082,1,5211025706300270000
5,5,70,20,2021,10,6,6,1,8,1,2,1,1,0,0,0,0,428217.252999993972480,5745643.711999660357833,7.957679707000068,51.856969735000064,1,5211008711421050000
5,5,70,4,2021,6,7,3,3,4,6,0,0,1,0,0,0,0,419432.787382244132459,5739009.336697347462177,7.831696211000065,51.796131912000078,0,5210601711215070000
5,5,58,44,2021,3,19,2,3,4,6,2,0,1,0,0,0,1,402337.095462567172945,5743865.975651757791638,7.582497144000058,51.837061826000081,0,5210308706300270000
5,5,15,0,2021,6,12,6,3,2,6,0,0,1,0,0,0,0,405647.383351576514542,5755619.514482855796814,7.627312891000031,51.943278197000041,0,5210611702100570000
5,5,66,8,2021,9,16,5,2,5,3,0,0,1,0,1,0,0,398537.641081566922367,5781209.682140564545989,7.516311061000067,52.172028107000074,0,5210916709000070000
5,5,15,0,2021,11,21,2,3,0,7,2,1,0,0,0,0,0,405286.201999979093671,5758220.713999658823013,7.621342860000027,51.966597510000042,0,5211115702100050000
5,5,70,44,2021,11,16,4,3,2,6,1,0,1,0,0,0,0,416906.564053112640977,5757174.713690398260951,7.790698735000035,51.959053571000027,1,5211103711141370000
5,5,15,0,2021,6,16,2,3,0,7,0,1,0,0,0,0,0,406939.528999979607761,5756954.989999659359455,7.645744344000036,51.955499792000069,0,5210607702100760000
5,5,15,0,2021,10,15,4,3,1,6,0,0,1,0,0,0,0,404833.996999979019165,5759091.944999657571316,7.614521101000037,51.974351226000067,0,5211020702100690000
5,5,66,28,2021,10,12,6,3,5,3,0,0,1,0,0,0,0,411312.088149368762970,5792451.723417203873396,7.700109047000069,52.275276075000079,0,5211008709700540000
5,5,15,0,2021,12,19,7,3,1,6,2,0,1,0,0,0,0,403931.024276201613247,5759355.550940111279488,7.601305551000053,51.976565234000077,0,5211218702100670000
5,5,70,20,2021,1,15,5,2,8,1,0,1,0,0,0,0,0,427681.337020294740796,5743586.205739859491587,7.950329730000021,51.838404215000025,0,5210121711421580000
5,5,66,28,2021,12,16,1,2,4,3,1,0,1,0,1,0,0,412173.441999983973801,5792888.637999681755900,7.712616561000061,52.279341456000054,1,5211205709700710000
5,5,15,0,2021,6,14,7,3,5,2,0,1,1,0,0,0,0,405077.930524726398289,5757443.619766198098660,7.618526987000052,51.959577151000076,0,5210626702100330000
5,5,66,12,2021,5,14,6,3,2,6,0,0,1,0,0,0,0,404841.585874156095088,5774405.364081278443336,7.610368679000032,52.111993419000044,0,5210507709110170000
5,5,15,0,2021,11,20,5,2,5,2,2,1,0,0,1,0,0,403085.811999975703657,5760527.133999660611153,7.588672923000047,51.986948957000038,1,5211104702100560000
5,5,66,12,2021,6,15,5,3,5,3,0,0,1,0,0,0,0,401704.058914927765727,5778083.812447996810079,7.563502618000030,52.144506283000055,0,5210617709100170000
5,5,66,92,2021,3,16,4,3,3,6,0,0,1,0,0,1,1,423850.303317826241255,5791046.933799587190151,7.884156779000023,52.264528413000050,0,5210324702350210000
5,5,15,0,2021,10,16,3,3,2,6,0,0,1,0,0,0,0,401964.078312125056982,5753656.939682299271226,7.574303284000052,51.925001185000042,0,5211005702100540000
5,5,15,0,2021,2,15,6,3,0,5,0,1,1,0,0,0,0,404926.654614211060107,5756832.630003679543734,7.616495126000075,51.954059484000027,0,5210219702100940000
5,5,66,28,2021,6,23,6,3,0,1,2,0,1,0,0,0,0,412800.533117812126875,5792641.081935679540038,7.721870152000065,52.277216187000079,0,5210625709700440000
5,5,70,44,2021,5,15,3,3,5,2,0,0,0,0,0,1,1,416568.573863892816007,5759452.088416878134012,7.785227525000039,51.979474243000027,0,5210518711141380000
5,5,15,0,2021,11,13,2,3,6,7,0,0,0,1,0,0,1,405428.801187814213336,5756139.566212425008416,7.623990781000032,51.947915541000043,0,5211108702100060000
5,5,15,0,2021,12,7,4,3,0,2,0,1,1,0,0,0,0,404194.862097390927374,5754228.229872763156891,7.606575143000043,51.930524548000051,0,5211208702100070000
5,5,15,0,2021,5,20,1,3,5,3,0,0,1,0,1,0,0,405258.549949234351516,5750584.560936074703932,7.623043263000056,51.897955543000080,0,5210530702100430000
5,5,66,92,2021,11,7,3,1,2,6,2,0,1,0,0,1,1,423643.579435212537646,5791001.570193100720644,7.881138485000065,52.264091985000050,1,5211123702350200000
5,5,15,0,2021,5,18,3,3,2,6,0,1,0,0,0,0,0,404859.298553642816842,5758314.654223849996924,7.615104767000048,51.967368978000081,0,5210504702100160000
5,5,66,40,2021,11,19,2,3,2,6,2,0,1,0,0,0,0,421281.254301461391151,5785133.385478846728802,7.847897260000025,52.211011158000076,0,5211101702350500000
5,5,58,28,2021,1,18,6,3,5,7,2,1,1,0,0,0,0,402911.790095794945955,5731920.962494553998113,7.594177471000023,51.729793377000078,1,5210122706300620000
5,5,66,72,2021,11,14,3,2,1,2,0,1,0,0,0,1,0,412772.592395238578320,5802695.033203653991222,7.718853010000032,52.367578873000070,0,5211102709700040000
5,5,15,0,2021,10,11,6,3,3,6,0,1,0,0,0,0,0,406501.631386971101165,5759048.581679798662663,7.638803778000067,51.974244533000046,0,5211008702100540000
5,5,66,44,2021,3,11,1,2,9,1,0,0,1,0,0,0,0,426292.112196031026542,5774256.185299351811409,7.923581902000024,52.113927803000081,1,5210314709800570000
5,5,15,0,2021,11,7,3,3,2,6,1,0,1,0,0,0,0,411775.534723579883575,5754885.903446165844798,7.716631377000056,51.937689498000054,0,5211116702100170000
5,5,15,0,2021,5,18,3,3,5,3,0,1,1,0,0,0,0,405654.596999978646636,5757012.944999657571316,7.627035315000057,51.955804205000049,0,5210518702100060000
5,5,58,44,2021,12,18,1,3,1,6,2,0,1,0,0,0,0,399416.146852090954781,5738328.874824568629265,7.541723910000030,51.786774090000051,1,5211212706300630000
5,5,66,28,2021,11,11,2,3,0,1,0,0,1,0,0,0,0,410010.330751844681799,5794213.099766450002789,7.680564515000071,52.290896032000035,0,5211108709700440000
5,5,58,44,2021,6,14,6,3,5,3,0,1,1,0,0,0,0,396887.242870800197124,5746163.934422580525279,7.502739761000043,51.856736523000052,0,5210604706300230000
5,5,15,0,2021,11,8,4,3,5,2,0,1,1,0,0,0,0,404598.342583446763456,5755713.360038898885250,7.612029715000062,51.943942819000029,0,5211103702100960000
5,5,70,32,2021,12,6,5,3,1,2,2,0,1,0,0,0,0,421598.180452415719628,5765745.750113677233458,7.857002435000027,52.036781455000039,0,5211209711151380000
5,5,66,28,2021,4,13,3,2,2,7,0,0,1,0,0,0,0,410901.508264744654298,5789244.518897341564298,7.694939545000068,52.246382618000041,0,5210413709700270000
5,5,15,0,2021,11,5,7,2,0,7,2,1,0,0,0,0,0,406279.905745828524232,5757396.875856928527355,7.636027607000074,51.959360895000032,0,5211127702100270000
5,5,15,0,2021,11,5,5,3,0,1,2,0,0,0,0,0,1,404004.503578620031476,5758506.678211875259876,7.602612419000025,51.968947990000061,1,5211118702100090000
5,5,15,0,2021,12,6,4,3,5,3,2,1,1,0,0,0,0,402147.283157663419843,5750076.633108697831631,7.577983576000065,51.892852459000039,1,5211215702100590000
5,5,15,0,2021,11,7,5,2,5,3,0,1,1,0,0,0,0,411415.971999985165894,5751922.725999658927321,7.712164975000064,51.910996963000059,1,5211104702100970000
5,5,15,0,2021,6,7,5,3,5,2,0,1,0,0,0,0,1,409072.111999982967973,5752860.083999661728740,7.677852115000064,51.919044881000048,0,5210617702100560000
5,5,15,0,2021,12,16,1,3,5,3,1,1,1,0,0,0,0,405471.092999979853630,5756324.462999658659101,7.624555085000054,51.949584665000032,0,5211205702100790000
5,5,66,12,2021,4,14,4,3,0,1,0,1,0,0,0,0,0,404536.706999978050590,5772147.499999668449163,7.606550553000034,52.091646874000048,1,5210407709110970000
5,5,15,0,2021,11,15,6,3,2,6,0,0,1,0,0,0,0,403037.715196565724909,5760245.291529390960932,7.588052413000071,51.984407293000061,1,5211105702100990000
5,5,70,4,2021,6,17,3,2,5,3,0,1,1,0,0,0,0,426068.610864792950451,5729055.742595333606005,7.930019915000059,51.707568032000040,0,5210601711214970000
5,5,15,0,2021,7,16,3,3,5,3,0,0,1,0,0,0,0,400849.310999970883131,5756463.780999651178718,7.557288057000051,51.950032219000036,0,5210713702100060000
5,5,15,0,2021,6,10,6,3,4,6,0,1,0,0,0,0,0,406932.771825356408954,5757769.866864381358027,7.645425267000064,51.962823187000026,0,5210618702100870000
5,5,15,0,2021,11,7,2,3,1,6,0,0,1,0,1,0,0,404674.320162059739232,5759085.725021418184042,7.612198902000046,51.974267951000058,1,5211108702100560000
5,5,70,52,2021,1,12,6,3,5,3,0,0,1,0,0,1,0,430151.481666327454150,5755156.864596964791417,7.983833034000043,51.942735574000039,1,5210129711113080000
5,5,15,0,2021,9,14,3,3,5,2,0,1,1,0,0,0,0,403021.107156218960881,5758692.064943460747600,7.588249614000063,51.970443589000070,0,5210914702100970000
5,5,66,88,2021,11,4,6,2,0,7,2,0,0,0,0,1,0,423127.520710286684334,5786715.546703331172466,7.874553458000037,52.225493692000043,0,5211126702350400000
5,5,15,0,2021,5,22,4,2,1,7,2,1,1,0,0,0,0,406334.896126427687705,5758871.805783132091165,7.636425347000056,51.972627514000067,1,5210526702100880000
5,5,15,0,2021,11,8,5,3,0,6,0,0,1,0,1,0,0,403933.420999976806343,5758086.388999661430717,7.601695609000046,51.965158012000074,0,5211104702100170000
5,5,70,4,2021,10,7,6,3,5,2,1,1,1,0,0,0,0,424885.478999991901219,5735160.623999657109380,7.911582502000044,51.762292195000043,0,5211029711113100000
5,5,66,28,2021,9,23,6,3,2,6,2,0,1,0,0,1,0,412005.174789278768003,5790449.028994996100664,7.710787051000068,52.257386686000075,0,5210924702350370000
5,5,15,0,2021,10,9,5,2,9,1,0,0,1,0,0,0,0,405066.710783485323191,5757459.431688543409109,7.618359379000026,51.959717359000081,1,5211021702100070000
5,5,15,0,2021,4,13,1,3,4,2,0,0,1,0,0,0,0,409070.421950167976320,5752862.682144491001964,7.677826862000074,51.919067959000074,0,5210404702100970000
5,5,66,72,2021,11,17,2,3,8,1,1,0,1,0,0,0,0,406918.294241489842534,5800585.967910220846534,7.633479039000065,52.347659715000077,0,5211108709700090000
5,5,15,0,2021,2,16,5,3,0,6,0,1,1,0,0,0,0,405479.920165733434260,5754975.805210292339325,7.625054242000033,51.937463817000037,0,5210225702100710000
5,5,15,0,2021,10,14,4,3,5,2,0,0,1,0,0,0,1,404335.292999976314604,5755228.981999658048153,7.608338661000062,51.939543867000054,0,5211013702100360000
5,5,15,0,2021,12,23,2,3,9,1,2,0,1,0,0,0,0,401052.516999972984195,5765718.500999657437205,7.557573016000049,52.033250985000052,1,5211227702100560000
5,5,15,0,2021,12,15,5,3,5,3,0,1,1,0,0,0,0,407192.010287113487720,5750964.421696290373802,7.651033084000062,51.901695338000081,0,5211209702100570000
5,5,66,12,2021,11,17,4,3,2,6,2,0,1,0,0,0,0,402332.732028122060001,5776918.849394870921969,7.573021670000060,52.134147170000062,1,5211103709110570000
5,5,15,0,2021,12,11,6,3,3,6,0,1,0,0,0,0,0,405018.652334816753864,5758088.257541052997112,7.617486261000067,51.965361288000054,1,5211224702100060000
5,5,58,28,2021,2,13,7,3,8,1,0,0,1,0,0,0,0,403142.774395408108830,5730544.600311024114490,7.597903819000067,51.717461643000036,0,5210206706000370000
5,5,66,28,2021,9,10,7,3,2,1,0,0,1,0,0,1,0,412700.571140970103443,5790379.087841387838125,7.720990632000053,52.256868826000073,0,5210918702350300000
5,5,66,56,2021,12,15,2,2,4,2,0,0,1,0,0,0,0,417157.522999989800155,5796723.836999686434865,7.784712770000056,52.314587821000032,1,5211227709700940000
5,5,15,0,2021,6,14,5,3,5,2,0,1,1,0,0,0,0,406579.758999980054796,5751215.373999655246735,7.642068659000074,51.903848723000067,0,5210610702100340000
5,5,15,0,2021,3,7,6,3,2,6,1,0,1,0,0,0,0,405229.384310021996498,5754801.434018429368734,7.621458979000067,51.935853878000046,0,5210312702100760000
5,5,15,0,2021,3,11,2,3,5,2,0,0,1,0,0,0,0,405371.398842376656830,5761218.245046477764845,7.621755853000025,51.993554988000028,0,5210322702100350000
5,5,70,44,2021,11,11,4,3,5,3,0,1,1,0,0,0,0,417434.852561782114208,5760092.476249244064093,7.797683507000045,51.985360098000058,0,5211103711142060000
5,5,70,40,2021,7,11,4,3,5,3,0,1,1,0,0,0,0,410922.925999985076487,5749743.695999657735229,7.705562195000027,51.891331436000030,0,5210707711232060000
5,5,58,44,2021,3,20,2,3,9,1,2,0,1,0,0,0,0,398610.886372133158147,5742863.717357344925404,7.528726590000076,51.827389219000054,1,5210315706300970000
5,5,15,0,2021,9,15,3,2,5,2,0,0,1,0,0,0,0,403129.739111114293337,5754144.046762272715569,7.591112338000073,51.929583526000044,0,5210907702100060000
5,5,66,28,2021,10,12,7,3,1,6,0,0,1,0,0,0,0,412575.387562109157443,5792541.339405067265034,7.718596825000077,52.276283913000043,0,5211023709700940000
5,5,70,44,2021,9,15,6,3,5,3,0,1,0,0,0,0,1,416113.653823767788708,5759543.412605633959174,7.778583124000022,51.980226653000045,0,5210910711141680000
5,5,70,40,2021,11,1,5,2,9,7,2,0,1,0,0,0,0,410517.641110245138407,5750028.457572890445590,7.699600474000022,51.893826184000034,1,5211104711232290000
5,5,15,0,2021,9,12,6,3,6,1,0,1,0,1,0,0,0,406373.961269246414304,5751108.285471606999636,7.639107243000069,51.902851604000034,0,5210910702100160000
5,5,15,0,2021,6,16,2,3,2,6,0,0,1,0,0,0,0,405825.548030186444521,5753341.696154240518808,7.630527636000068,51.922834239000053,0,5210628702100660000
5,5,15,0,2021,12,18,5,3,5,2,2,0,1,0,0,0,1,403995.806654023006558,5761414.376745667308569,7.601672142000041,51.995081777000053,0,5211216702100060000
5,5,66,44,2021,5,16,6,3,0,1,0,1,0,0,0,0,1,428485.195493167266250,5780869.897329472005367,7.954211651000037,52.173668047000035,1,5210528709800210000
5,5,70,4,2021,10,8,2,3,7,3,0,0,1,0,1,0,0,423921.433476130478084,5733945.692551961168647,7.897882088000074,51.751240210000049,1,5211011711213780000
5,5,66,28,2021,9,11,2,3,0,3,0,0,1,0,0,0,1,412591.997999984771013,5794123.040999682620168,7.718430062000039,52.290503321000074,0,5210906709700580000