ULAND,UREGBEZ,UKREIS,UGEMEINDE,UJAHR,UMONAT,USTUNDE,UWOCHENTAG,UKATEGORIE,UART,UTYP1,ULICHTVERH,IstRad,IstPKW,IstFuss,IstKrad,IstGkfz,IstSonstige,LINREFX,LINREFY,XGCSWGS84,YGCSWGS84,STRZUSTAND,UIDENTSTLAE
5,5,15,0,2021,9,21,1,3,5,3,2,1,1,0,0,0,0,405577.789566637016833,5757000.382653107866645,7.625921371000061,51.955678253000031,0,5210905702100570000
5,5,66,8,2021,11,13,2,3,5,3,0,1,1,0,0,0,0,400043.758459086529911,5781170.948080971837044,7.538338678000059,52.171954851000066,0,5211122709110270000
5,5,58,44,2021,6,19,2,3,6,6,0,1,0,1,0,0,0,397701.519081101752818,5746682.378274586051702,7.514405744000044,51.861546232000080,0,5210614706300470000
5,5,15,0,2021,3,23,7,3,0,1,2,0,0,0,1,0,0,401452.521575324237347,5759085.023543884977698,7.565310110000041,51.973699667000062,0,5210306702100960000
5,5,66,28,2021,3,6,2,3,0,1,2,0,1,0,0,1,0,413270.665566098876297,5796454.938609242439270,7.727777345000050,52.311570611000036,0,5210329709700270000
5,5,66,28,2021,10,15,1,3,4,7,0,0,1,0,0,0,0,417424.069884915836155,5792082.954021669924259,7.789759647000039,52.272913408000079,0,5211010709700460000
5,5,15,0,2021,9,12,7,3,5,3,0,0,1,0,0,0,0,414331.961999987252057,5753938.885999664664268,7.754044963000069,51.929576275000045,0,5210918702100170000
5,5,15,0,2021,5,12,2,3,2,6,0,0,1,0,0,0,0,406685.722634055651724,5756710.802236918359995,7.642118280000034,51.953262379000080,0,5210510702100070000
5,5,15,0,2021,10,16,3,3,2,6,0,0,1,0,1,0,0,404684.754999978467822,5759085.979999661445618,7.612350699000046,51.974272033000034,1,5211019702100490000
5,5,70,24,2021,11,7,3,2,4,2,1,1,1,0,0,0,0,420241.837036864832044,5753175.596675928682089,7.840155280000033,51.923593135000033,1,5211130711161870000
5,5,15,0,2021,12,11,6,3,5,2,0,0,1,0,0,0,1,407165.148747473955154,5751326.660634530708194,7.650545189000070,51.904946888000040,1,5211217702100750000
5,5,15,0,2021,9,12,7,3,0,3,0,1,1,0,0,0,0,408593.240206689573824,5756453.966408200562000,7.669936059000065,51.951270574000034,0,5210925702100790000
5,5,15,0,2021,11,14,6,3,1,6,0,0,1,0,1,0,0,406191.984370478428900,5757980.881197847425938,7.634588911000037,51.964595378000070,0,5211112702100170000
5,5,15,0,2021,9,16,7,3,5,2,0,1,1,0,0,0,0,398717.892999968491495,5753691.612999651581049,7.527101705000064,51.924731723000036,0,5210911702100690000
5,5,15,0,2021,10,17,5,3,0,3,0,1,1,0,0,0,0,403808.366499125026166,5760942.214670171961188,7.599075382000024,51.990805416000057,1,5211021702100290000
5,5,66,40,2021,12,1,2,3,8,1,2,0,1,0,0,0,0,424069.698633700609207,5782783.652298646047711,7.889226351000048,52.190280805000043,1,5211220709800280000
5,5,66,28,2021,2,13,1,3,5,3,0,1,0,0,1,0,0,413139.775999984703958,5793902.720999684184790,7.726516181000022,52.288609887000064,0,5210228709700760000
5,5,15,0,2021,2,14,1,3,0,1,0,1,0,0,0,0,0,406678.374787402339280,5757109.681666266173124,7.641903051000043,51.956846473000041,0,5210228702100590000
5,5,15,0,2021,3,19,3,3,0,6,0,1,0,0,0,0,0,405486.843759504146874,5756396.869984753429890,7.624764284000037,51.950238167000066,0,5210323702100070000
5,5,15,0,2021,6,18,5,3,0,7,0,1,0,0,0,0,1,404464.747191733680665,5755463.765539888292551,7.610156043000075,51.941676438000059,0,5210603702100860000
5,5,15,0,2021,1,10,2,3,0,7,0,0,0,0,0,0,1,402948.946523181162775,5757813.311955733224750,7.587447871000052,51.962532520000082,0,5210125702100770000
5,5,66,48,2021,10,12,2,3,1,6,0,0,1,0,0,1,0,427129.246222929097712,5795559.882827682420611,7.931219046000024,52.305539357000043,0,5211004709700410000
5,5,66,16,2021,9,16,2,2,2,6,0,0,0,0,1,0,1,401514.425473647192121,5794261.212292391806841,7.556023884000069,52.289871366000057,0,5210913702350200000
5,5,15,0,2021,10,19,2,3,5,3,2,0,1,0,0,0,0,407042.140533535741270,5757876.488470265641809,7.646987766000052,51.963799854000058,1,5211011702100070000
5,5,15,0,2021,11,8,5,3,2,6,0,0,1,0,0,0,0,411277.589599117636681,5752281.753545934334397,7.710061241000062,51.914202168000031,1,5211104702100270000
5,5,15,0,2021,7,21,7,2,0,1,1,1,0,0,0,0,0,409826.518806770443916,5751846.777855761349201,7.689083854000046,51.910059225000055,0,5210703702100070000
5,5,15,0,2021,12,19,3,3,5,2,2,1,1,0,0,0,0,404900.095999976620078,5755229.206999657675624,7.616552351000053,51.939642710000044,0,5211207702100370000
5,5,66,16,2021,3,16,3,3,5,2,0,1,1,0,0,0,0,404306.999687559902668,5789343.211934663355350,7.598349493000057,52.246162536000043,0,5210316709500770000
5,5,66,72,2021,9,9,3,3,0,2,0,1,1,0,0,0,0,412847.419999985024333,5802839.249999683350325,7.719914263000021,52.368887021000035,0,5210928709700280000
5,5,15,0,2021,11,19,5,3,0,6,2,0,1,0,1,0,0,406232.158397583290935,5757623.707306517288089,7.635270998000067,51.961391712000079,1,5211104702100060000
5,5,15,0,2021,4,21,7,3,9,5,2,1,1,0,0,0,0,406503.268507594242692,5757244.132078319787979,7.639318938000031,51.958025564000081,1,5210410702100990000
5,5,15,0,2021,12,10,4,2,0,1,0,1,0,0,0,0,0,405935.162514975294471,5756179.124392963945866,7.631345226000064,51.948356968000041,1,5211229702100060000
5,5,66,12,2021,12,16,4,3,4,1,2,0,1,0,0,0,0,404396.637999976985157,5772429.479999665170908,7.604427571000031,52.094157172000052,1,5211201709000730000
5,5,66,92,2021,4,14,6,3,2,6,0,0,1,0,0,0,0,424874.224224381148815,5796646.669557327404618,7.897909014000049,52.315004427000076,0,5210416709700460000
5,5,66,92,2021,12,16,3,3,5,7,0,0,1,0,0,0,1,420397.052498107776046,5792227.118254590779543,7.833287946000041,52.274647733000052,1,5211214709700070000
5,5,70,52,2021,2,6,4,3,8,1,1,0,1,0,0,0,0,425720.152777161449194,5748143.408769624307752,7.920889739000074,51.879114129000072,2,5210210711114360000
5,5,15,0,2021,9,10,2,3,5,3,0,0,1,0,0,0,0,407013.102999980561435,5757122.621999658644199,7.646769332000076,51.957018862000041,0,5210906702100170000
5,5,58,4,2021,6,8,5,2,4,1,0,0,1,0,0,0,0,404965.274799999780953,5739239.627999652177095,7.621900436000033,51.795930714000065,0,5210603706300970000
5,5,66,40,2021,4,15,4,2,1,1,0,0,1,0,0,0,0,421911.711346800439060,5780658.002073796465993,7.858153657000059,52.170872193000037,0,5210428709800480000
5,5,66,28,2021,4,8,4,3,2,6,0,0,1,0,0,0,0,413495.591999986208975,5791508.567999683320522,7.732345744000042,52.267146582000066,1,5210407709700440000
5,5,15,0,2021,12,14,6,3,6,6,0,1,0,1,0,0,0,406786.548427639529109,5751254.091623285785317,7.645063113000049,51.904231377000031,0,5211210702100070000
5,5,15,0,2021,2,18,4,3,8,1,2,0,1,0,0,0,0,407256.681999980472028,5755810.108999660238624,7.650667249000037,51.945261969000057,2,5210210702100280000
5,5,66,88,2021,2,11,1,3,2,2,0,0,1,0,0,0,0,414329.684242568910122,5787848.193882443010807,7.745494068000028,52.234376192000070,1,5210214709800380000
5,5,70,4,2021,9,18,2,3,5,2,0,0,1,0,0,0,0,417466.905781274661422,5737638.713879544287920,7.803521716000034,51.783524287000034,0,5210906711211190000
5,5,66,12,2021,3,14,3,2,8,1,0,0,1,0,0,0,0,411502.265594920143485,5776649.029616089537740,7.707025519000069,52.133266633000062,1,5210309709110550000
5,5,15,0,2021,3,12,6,3,2,6,0,0,1,0,0,0,0,410000.920603144913912,5755794.322611261159182,7.690586172000053,51.945570811000039,0,5210312702100560000
5,5,66,20,2021,1,5,6,3,9,7,2,0,1,0,0,0,0,405821.255002327263355,5804987.475938620045781,7.616142766000053,52.387032152000074,1,5210101709700060000
5,5,66,56,2021,3,15,3,3,5,3,0,0,1,0,0,0,0,416864.616920339874923,5798956.296429097652435,7.779864988000043,52.334609829000044,0,5210302709700070000
5,5,66,28,2021,9,6,6,3,5,3,1,1,0,0,0,0,0,408614.285786504857242,5794767.122469987720251,7.659951330000069,52.295645200000081,0,5210917709700370000
5,5,66,28,2021,3,22,6,3,8,6,2,0,1,0,0,0,0,409648.226552136242390,5794237.735203657299280,7.675250245000029,52.291058033000070,0,5210319709700170000
5,5,15,0,2021,11,5,7,2,0,1,2,0,0,0,0,0,1,406445.319454754702747,5757287.831849455833435,7.638463948000037,51.958408612000028,0,5211120702100050000
5,5,15,0,2021,9,19,3,3,0,3,1,1,1,0,0,0,0,405917.367867981083691,5756044.763539109379053,7.631123167000055,51.947146260000068,0,5210907702100680000
5,5,15,0,2021,3,6,2,2,5,3,1,0,1,0,1,0,0,400626.301999971270561,5756682.297999657690525,7.553981052000040,51.951956488000064,0,5210301702100350000
5,5,15,0,2021,10,14,4,3,2,6,0,0,1,0,0,0,0,404228.168170976452529,5765746.956634839996696,7.603843635000032,52.034064284000067,0,5211013702350000000
5,5,66,44,2021,11,16,6,3,2,6,0,0,1,0,0,0,0,429370.714480761438608,5777885.829664429649711,7.967779449000034,52.146957577000080,1,5211119709800510000
5,5,15,0,2021,5,16,2,3,3,6,0,1,0,0,0,0,0,398462.109407407231629,5763532.689537862315774,7.520472775000030,52.013136842000051,0,5210510702100060000
5,5,15,0,2021,1,5,7,3,4,6,2,0,1,0,0,0,1,410866.453237884677947,5760005.121684733778238,7.702082506000067,51.983559801000069,0,5210109702100360000
5,5,66,8,2021,12,23,3,3,0,7,2,1,0,0,0,0,0,399303.633999970741570,5781628.798999665305018,7.527383784000051,52.175935324000079,2,5211221709110070000
5,5,66,44,2021,5,8,3,2,2,1,0,1,1,0,0,0,0,430108.157305471599102,5777773.501505931839347,7.978578141000071,52.146041641000068,0,5210518709800780000
5,5,66,92,2021,11,13,6,3,0,1,0,0,1,0,0,0,0,423126.046999992802739,5796787.423999685794115,7.872236517000033,52.316027614000063,0,5211112709700590000
5,5,66,8,2021,12,13,4,3,5,2,0,0,1,0,0,0,0,399310.322999969124794,5781224.858999663963914,7.527601465000032,52.172306045000028,0,5211208709110370000
5,5,66,40,2021,11,6,3,3,0,1,2,1,0,0,0,0,0,424246.798999991267920,5780389.224999677389860,7.892351474000066,52.168781654000043,1,5211130709800070000
5,5,66,40,2021,6,13,3,3,5,3,0,0,1,0,0,0,0,419534.941421347670257,5780633.534061884507537,7.823412951000023,52.170310800000038,0,5210601709800520000
5,5,66,72,2021,11,10,3,3,5,3,0,0,1,0,0,0,1,412737.122999983839691,5802961.825999684631824,7.718262782000068,52.369971197000041,0,5211102709700510000
5,5,66,28,2021,9,15,5,2,1,6,0,0,1,0,0,0,1,416369.691999989561737,5793271.679999679327011,7.774015556000052,52.283438870000055,0,5210923709700470000
5,5,66,8,2021,11,14,3,3,2,6,0,0,1,0,0,0,0,398608.316890849731863,5783955.581584060564637,7.516522997000038,52.196720311000036,1,5211130709110280000
5,5,15,0,2021,9,15,6,3,5,3,0,1,1,0,0,0,0,401197.323503577150404,5753700.672328490763903,7.563143899000067,51.925258711000026,0,5210917702100160000
5,5,66,32,2021,9,21,5,2,2,6,2,0,1,0,0,0,0,412945.444305888377130,5777523.319444347172976,7.727881174000061,52.141354465000063,0,5210909702350580000
5,5,70,44,2021,6,10,5,3,5,2,0,1,0,0,0,0,0,416750.516999988816679,5759828.813999664038420,7.787784582000029,51.982887910000045,0,5210603711142880000
5,5,66,32,2021,5,15,4,3,9,1,0,0,1,0,0,0,0,414385.151190407574177,5779745.312288865447044,7.748353932000043,52.161552035000057,1,5210505702350070000
5,5,15,0,2021,9,9,4,3,0,6,0,0,1,0,1,0,0,406778.260361113585532,5751252.729120876640081,7.644943044000058,51.904217743000061,0,5210908702100590000
5,5,66,16,2021,9,13,1,3,3,6,0,1,1,0,0,0,0,406226.411398524418473,5790939.964084520936012,7.626011533000053,52.260844516000077,0,5210926709500660000
5,5,70,52,2021,1,14,6,3,2,6,0,0,1,0,0,0,0,429297.808999994769692,5756506.364999668672681,7.971138226000051,51.954759190000061,1,5210108711112770000
5,5,66,8,2021,4,14,5,2,9,1,0,0,1,0,0,0,0,403425.715630567632616,5779534.799700506031513,7.588242059000038,52.157851452000045,0,5210415709110270000
5,5,66,28,2021,12,18,3,2,4,3,2,1,1,0,0,0,0,410817.000999983400106,5788367.856999678537250,7.693933475000051,52.238489275000063,1,5211214709110250000
5,5,15,0,2021,6,17,5,2,4,1,0,1,0,0,0,0,0,408600.865999982692301,5756449.564999658614397,7.670048161000068,51.951232264000055,0,5210610702100580000
5,5,15,0,2021,6,17,6,3,2,6,0,0,1,0,0,0,0,400399.270531871356070,5756801.008635781705379,7.550644178000027,51.952982867000060,0,5210625702100660000
5,5,15,0,2021,9,0,5,3,9,1,2,0,1,0,0,0,0,411656.508934896439314,5755617.943562010303140,7.714712357000053,51.944250765000049,0,5210909702100290000
5,5,15,0,2021,9,13,2,3,2,6,0,0,1,0,0,1,0,408951.045737092383206,5753043.145254243165255,7.676043834000041,51.920670577000067,0,5210906702100670000
5,5,15,0,2021,6,15,3,3,4,6,0,1,0,0,0,0,0,406120.823557602241635,5756701.506572626531124,7.633903093000072,51.953083754000033,0,5210615702100560000
5,5,70,4,2021,3,17,3,3,1,6,0,0,1,0,0,1,0,422790.763326865620911,5732903.035730926319957,7.881737372000032,51.741712402000076,0,5210330711215180000
5,5,66,32,2021,12,22,7,3,9,1,2,0,1,0,0,0,0,413956.119261218234897,5780098.760295959189534,7.741993742000034,52.164662308000061,1,5211204709800100000
5,5,15,0,2021,10,21,4,3,9,6,2,0,1,0,0,0,0,403508.015247119590640,5754011.400776008144021,7.596649420000062,51.928456960000062,1,5211006702330070000
5,5,66,72,2021,1,8,4,3,5,3,0,0,1,0,0,0,0,412831.760760281234980,5802789.332607086747885,7.719697298000028,52.368435866000027,1,5210113709700970000
5,5,66,12,2021,9,7,6,3,1,6,0,0,1,0,0,0,0,406545.116840268485248,5774364.339391339570284,7.635249484000042,52.111915198000077,0,5210903709110180000
5,5,15,0,2021,4,17,7,3,0,3,0,1,1,0,0,0,0,405969.506261212751269,5756350.391730893403292,7.631797924000068,51.949902207000036,0,5210417702100070000
5,5,15,0,2021,4,12,3,3,2,2,0,0,1,0,0,0,0,404043.001999977976084,5753672.437999654561281,7.604522116000055,51.925502709000057,0,5210413702100060000
5,5,66,12,2021,11,16,3,1,5,3,1,0,1,0,0,1,0,407149.057784079574049,5771158.711842991411686,7.644939832000034,52.083203822000030,1,5211123709110050000
5,5,15,0,2021,11,16,4,3,3,3,0,0,1,0,0,1,0,405644.026843346655369,5756984.687195330858231,7.626889300000073,51.955548418000035,0,5211110702100550000
5,5,66,4,2021,10,19,3,3,8,1,2,0,1,0,0,0,0,400074.642933417111635,5767383.545546947047114,7.542836171000033,52.048041044000058,1,5211019709100060000
5,5,66,76,2021,9,18,5,1,5,3,0,0,1,0,1,0,0,399017.298999968916178,5794614.541999667882919,7.519318702000021,52.292593685000043,0,5210909709500370000
5,5,70,16,2021,11,14,7,3,7,1,0,0,0,0,1,0,0,416725.646181487478316,5732663.953469593077898,7.793970489000060,51.738694691000035,0,5211106711221990000
5,5,66,28,2021,6,17,4,3,4,1,0,0,1,0,0,0,0,411613.298905085772276,5798258.406758049502969,7.702998412000056,52.327516177000064,1,5210630709700080000
5,5,15,0,2021,3,4,7,3,0,1,2,1,0,0,0,0,0,406956.132750687189400,5758322.847567826509476,7.645615343000031,51.967797563000033,1,5210313702100070000
5,5,15,0,2021,6,18,7,3,5,2,0,1,1,0,0,0,0,404759.177128992974758,5758420.111172782257199,7.613618578000057,51.968299718000026,0,5210612702100070000
5,5,66,40,2021,6,7,6,3,0,7,0,1,0,0,0,0,0,421159.401784075424075,5782971.914446599781513,7.846617406000064,52.191564650000032,0,5210611709800070000
5,5,15,0,2021,9,16,5,3,2,6,0,0,1,0,0,0,0,406074.193948754109442,5750862.539242712780833,7.634818306000057,51.900592245000041,0,5210923702100170000
5,5,15,0,2021,9,7,5,3,2,6,0,0,1,0,0,0,0,405828.904999978840351,5759024.385999660938978,7.629019549000077,51.973913462000041,0,5210902702100970000
5,5,15,0,2021,6,16,3,3,2,6,0,0,1,0,0,0,1,400365.284676561132073,5759356.099793467670679,7.549408479000022,51.975942272000054,0,5210608702330590000
5,5,70,4,2021,1,4,2,3,5,3,2,0,1,0,0,1,0,424885.478999991901219,5735160.623999657109380,7.911582502000044,51.762292195000043,1,5210118711213270000
5,5,66,12,2021,7,8,3,2,4,2,0,0,1,0,0,0,0,411752.523999986238778,5766867.085999665781856,7.713212963000046,52.045381193000026,1,5210713709100070000
5,5,66,28,2021,12,16,2,3,8,1,1,0,1,0,0,0,0,417322.301828632131219,5791453.924530809745193,7.788422657000069,52.267244062000032,1,5211220709700070000
5,5,70,40,2021,9,8,2,3,8,1,0,0,1,0,0,0,0,413859.124846516177058,5746115.050164837390184,7.749124390000077,51.859175052000069,0,5210927711231990000
5,5,15,0,2021,11,6,2,3,4,2,1,0,1,0,1,0,0,405972.836202741600573,5752318.829997569322586,7.632948139000064,51.913665078000065,1,5211108702100970000
5,5,66,12,2021,5,12,2,2,5,1,0,0,1,0,0,0,0,404878.905637584626675,5774686.712768547236919,7.610834889000046,52.114528641000049,0,5210517709000090000
5,5,15,0,2021,12,15,2,3,5,3,0,1,0,0,0,0,0,403022.609999976120889,5754056.401999657973647,7.589579454000045,51.928777091000029,0,5211220702100060000
5,5,70,40,2021,9,5,6,3,8,7,2,0,1,0,0,0,0,421791.387659611180425,5742621.968432962894440,7.865075342000068,51.828942409000035,0,5210924711231490000
5,5,15,0,2021,12,18,5,3,6,7,2,0,1,1,0,0,0,407228.549811780452728,5751293.110010605305433,7.651475548000064,51.904655876000049,0,5211216702100090000
5,5,15,0,2021,11,9,3,3,1,6,0,0,1,0,0,0,0,408583.217929728329182,5761516.643522588536143,7.668441795000035,51.996775157000059,1,5211123702100570000
5,5,58,44,2021,9,12,4,2,0,1,0,1,1,0,0,0,0,399752.086999969556928,5742170.638999646529555,7.545481623000057,51.821365553000078,1,5210929706000170000
5,5,58,28,2021,6,13,3,2,5,3,0,0,1,0,1,0,0,398403.903999968431890,5733839.522999642416835,7.528366474000052,51.746239339000056,0,5210608706300750000
5,5,66,40,2021,2,17,1,2,6,4,0,0,1,1,0,0,0,421283.056722788140178,5782897.962769299745560,7.848443172000032,52.190917576000061,0,5210228709800480000
5,5,70,44,2021,12,17,6,3,6,2,2,0,1,1,0,0,0,415799.980593664571643,5760043.867535829544067,7.773894214000052,51.984677757000043,0,5211217711142470000
5,5,15,0,2021,6,7,2,3,2,1,0,0,1,0,0,0,0,400324.828764863312244,5755653.567704357206821,7.549894027000050,51.942656152000040,0,5210614702330470000
5,5,66,8,2021,3,12,5,2,8,3,0,0,0,0,1,1,0,399250.259487248025835,5780383.478233369067311,7.526973260000034,52.164732983000079,0,5210325709100860000
5,5,70,52,2021,10,18,2,2,8,1,0,0,1,0,0,0,0,427902.781943979673088,5760102.343031868338585,7.950086101000068,51.986906098000077,1,5211011711111080000
5,5,70,4,2021,4,8,5,3,5,3,0,0,1,0,0,1,0,423799.354999993927777,5736183.357999652624130,7.895623221000051,51.771339455000032,0,5210415711212160000
5,5,66,40,2021,7,2,2,2,8,1,2,1,0,0,0,0,0,419988.258795020170510,5784853.999540699645877,7.829043668000054,52.208313593000071,1,5210712709800380000
5,5,66,28,2021,6,17,2,3,5,3,0,1,1,0,0,0,0,412044.055247473530471,5792207.103452548384666,7.710898265000026,52.273194960000069,0,5210614709700440000
5,5,15,0,2021,11,14,3,3,8,7,0,0,1,0,0,0,0,405581.893584298901260,5756991.573249237611890,7.625983497000050,51.955599767000081,0,5211116702100570000
5,5,15,0,2021,9,13,1,3,8,1,0,0,1,0,0,0,0,401244.334372657351196,5764252.743155341595411,7.560791362000032,52.020110832000057,0,5210905702100040000
5,5,70,44,2021,10,17,5,3,5,2,0,1,1,0,0,0,0,416616.665999988093972,5759608.502999667078257,7.785889568000073,51.980887468000049,0,5211007711141080000
5,5,66,16,2021,9,15,4,3,1,5,0,0,1,0,0,0,0,407355.101988076232374,5789558.499433314427733,7.642923321000069,52.248619116000043,1,5210929709000070000
5,5,15,0,2021,11,9,5,3,5,2,0,1,1,0,0,0,0,405574.374173711985350,5754356.046621786430478,7.626597918000073,51.931909170000040,0,5211111702100240000
5,5,15,0,2021,10,16,6,3,1,5,0,1,1,0,0,0,0,404551.458999978378415,5756573.478999655693769,7.611109001000045,51.951665866000042,1,5211022702100130000
5,5,66,48,2021,4,11,3,2,1,7,0,0,1,0,0,0,0,429756.400999996811152,5796595.591999687254429,7.969527940000035,52.315191705000075,1,5210406709700060000
5,5,58,4,2021,2,22,7,2,2,1,2,0,1,0,0,0,0,402889.123398461379111,5743849.011118542402983,7.590511548000052,51.837005607000037,0,5210213702330140000
5,5,70,24,2021,1,6,4,3,4,2,2,0,1,0,0,0,0,421974.630103642120957,5753720.320629416033626,7.865224697000031,51.928735378000056,0,5210120711161070000
5,5,15,0,2021,12,10,2,1,2,1,0,0,1,0,0,1,1,401878.005248940549791,5749583.717420672997832,7.574211917000071,51.888374623000061,1,5211206702330880000
5,5,66,88,2021,9,20,3,3,0,1,2,1,0,0,0,0,0,414323.488517660647631,5786421.872132532298565,7.745764733000044,52.221554803000060,0,5210928709800410000
5,5,15,0,2021,12,11,5,3,5,3,0,1,1,0,0,0,0,409779.406823834404349,5753868.841088481247425,7.687869299000056,51.928227364000065,1,5211230702100950000
5,5,15,0,2021,10,20,7,3,3,2,2,1,1,0,0,0,0,405020.228897476568818,5757696.931440269574523,7.617617429000063,51.961844164000070,1,5211030702100090000
5,5,15,0,2021,1,17,2,3,6,4,1,0,1,1,0,0,0,412343.787736356258392,5752443.299975914880633,7.725517454000055,51.915823124000042,0,5210118702100760000
5,5,15,0,2021,12,18,1,3,0,1,2,1,0,0,0,0,0,406679.386015188880265,5759300.281948735937476,7.641322389000038,51.976536811000074,0,5211205702100870000
5,5,15,0,2021,10,6,6,3,0,2,2,1,1,0,0,0,0,406089.009610806591809,5758926.817101430147886,7.632831785000064,51.973080485000082,0,5211001702100440000
5,5,58,4,2021,10,12,6,2,8,7,0,0,1,0,0,0,0,405121.970884101465344,5740785.861144496127963,7.623748768000041,51.809855891000041,0,5211008702330190000
5,5,15,0,2021,5,8,3,3,0,1,0,1,0,0,0,0,0,404481.734188608825207,5761257.624560980126262,7.608791228000030,51.993756636000057,0,5210518702100470000
5,5,70,4,2021,2,4,4,2,1,5,2,0,1,0,0,0,0,422483.195660337805748,5735273.511210819706321,7.876755075000062,51.762979589000054,1,5210217711215480000
5,5,70,44,2021,2,16,5,2,7,4,0,0,1,1,0,0,0,418472.600132104940712,5758689.215029384940863,7.813125131000049,51.972899376000044,0,5210225711142440000
5,5,66,72,2021,6,10,2,3,5,3,0,1,1,0,0,0,0,414156.857999986037612,5799433.503999684005976,7.740012961000048,52.338482078000027,0,5210628709700140000
5,5,15,0,2021,10,7,4,3,2,6,1,0,1,0,0,0,0,398897.315194402821362,5752190.477803606539965,7.530150784000057,51.911271949000081,0,5211027702330690000
5,5,70,44,2021,3,14,4,3,4,2,0,0,0,0,1,1,0,416289.018683557398617,5764382.967158943414688,7.779953556000066,52.023755458000039,0,5210303711143450000
5,5,15,0,2021,7,14,3,3,5,2,0,1,1,0,0,0,0,405968.729162006638944,5756448.308906257152557,7.631759830000021,51.950782201000038,0,5210706702100060000
5,5,70,4,2021,3,6,6,3,9,6,1,0,1,0,0,1,0,424210.746823898516595,5731387.960111964493990,7.902629605000072,51.728286164000053,1,5210305711214580000
5,5,70,44,2021,10,19,6,3,2,6,2,0,1,0,0,0,0,414683.275245343334973,5759698.908024430274963,7.757722850000050,51.981406577000030,1,5211001711142080000
5,5,15,0,2021,12,17,3,2,5,3,2,1,0,0,0,0,1,404858.757647379301488,5758305.997776271775365,7.615099294000061,51.967291078000073,1,5211214702100570000
5,5,15,0,2021,2,14,5,3,5,3,0,1,1,0,0,0,0,403481.377953597344458,5760694.653957676142454,7.594384385000069,51.988523546000067,0,5210218702100780000
5,5,66,40,2021,1,17,3,3,2,6,2,0,1,0,0,0,0,422162.795748659409583,5782429.683067386969924,7.861417721000066,52.186833145000037,0,5210126709800480000
5,5,15,0,2021,7,17,6,3,0,3,0,0,1,0,0,0,1,406337.806990054436028,5758853.884796492755413,7.636472600000047,51.972466923000070,0,5210709702100770000
5,5,66,8,2021,1,22,6,2,5,3,2,0,1,0,0,0,0,399119.704435362480581,5779920.195734405890107,7.525202820000061,52.160545280000065,1,5210115709100260000
5,5,15,0,2021,5,16,3,3,2,6,0,0,1,0,0,0,0,404166.687145306728780,5765586.155026925727725,7.602992710000024,52.032608340000081,1,5210525702350460000
5,5,66,48,2021,5,13,6,3,5,3,0,1,1,0,0,0,0,428461.109999995678663,5796045.942999688908458,7.950646333000066,52.310083658000053,0,5210507709700360000
5,5,70,4,2021,10,6,4,3,3,1,2,1,1,0,0,0,0,425153.413334384560585,5729134.206227971240878,7.916760306000072,51.708152054000038,0,5211027711214280000
5,5,66,32,2021,9,19,6,3,2,6,1,0,1,0,0,0,0,411847.947737578302622,5775616.354182465001941,7.712342276000072,52.124039698000047,0,5210910702350820000
5,5,66,20,2021,9,15,6,3,5,3,0,0,1,0,1,0,0,405902.984999979846179,5802290.288999680429697,7.618100309000056,52.362804520000054,0,5210917709700090000
5,5,15,0,2021,12,19,5,3,2,6,2,0,1,0,0,0,0,406930.623436521738768,5761085.721138484776020,7.644494654000027,51.992627304000052,1,5211230702100170000
5,5,58,4,2021,11,13,7,3,8,1,0,0,1,0,0,0,0,404397.038972625508904,5743834.371272420510650,7.612394826000070,51.837134194000043,0,5211106706000170000
5,5,66,16,2021,6,2,7,3,9,1,2,0,1,0,0,0,0,403746.986237514764071,5792540.598951442167163,7.589237658000059,52.274802458000067,0,5210626709000530000
5,5,66,88,2021,10,13,3,2,9,1,0,0,1,0,0,0,0,421790.745184613391757,5789007.568571144714952,7.854456352000057,52.245908007000082,0,5211005709800070000
5,5,66,28,2021,1,18,1,3,9,1,2,0,1,0,0,0,0,408087.129304192028940,5796695.350181054323912,7.651697174000049,52.312888169000075,0,5210124709700010000
5,5,66,16,2021,2,14,2,3,8,1,0,0,1,0,0,0,0,399327.291111865080893,5798269.933243298903108,7.522769022000034,52.325503387000026,2,5210208709500430000
5,5,70,52,2021,6,7,2,2,8,1,0,0,1,0,0,0,0,427256.001781910657883,5746578.880214707925916,7.943527500000073,51.865252087000044,1,5210621711114580000
5,5,66,44,2021,5,15,4,3,4,6,0,0,1,0,0,0,0,423691.207999828271568,5776706.280081890523434,7.885056806000023,52.135599044000060,1,5210505709800870000
5,5,66,16,2021,6,9,5,3,9,1,0,0,1,0,0,0,0,402849.117566723376513,5798988.600766677409410,7.574221534000060,52.332597305000036,0,5210617709700040000
5,5,15,0,2021,2,9,5,3,5,2,0,1,0,0,0,0,0,403690.095948137342930,5758054.266249053180218,7.598164026000063,51.964827180000043,0,5210225702100070000
5,5,66,28,2021,12,8,6,3,5,7,0,1,1,0,0,0,0,412600.866999984718859,5792595.748999681323767,7.718956080000055,52.276777013000071,0,5211224709700090000
5,5,15,0,2021,6,8,4,3,5,3,0,1,1,0,0,0,0,408147.520909886807203,5761314.845479985699058,7.662151462000054,51.994889392000061,0,5210616702100540000
5,5,15,0,2021,10,21,6,3,0,4,2,0,1,1,1,0,0,406038.823743136599660,5756774.623945131897926,7.632690235000041,51.953727119000064,1,5211001702100770000
5,5,15,0,2021,6,16,4,3,5,3,0,1,1,0,0,0,0,405447.888269650749862,5755196.094068240374327,7.624527870000065,51.939438433000078,0,5210609702100760000
5,5,15,0,2021,6,7,1,3,0,1,0,1,0,0,0,0,0,404400.144282563589513,5761264.628645665943623,7.607601309000074,51.993805551000037,0,5210627702100390000
5,5,15,0,2021,12,12,5,3,5,2,0,1,1,0,0,0,0,403014.314481364563107,5758684.201846435666084,7.588152985000022,51.970371728000032,0,5211209702100560000