ULAND,UREGBEZ,UKREIS,UGEMEINDE,UJAHR,UMONAT,USTUNDE,UWOCHENTAG,UKATEGORIE,UART,UTYP1,ULICHTVERH,IstRad,IstPKW,IstFuss,IstKrad,IstGkfz,IstSonstige,LINREFX,LINREFY,XGCSWGS84,YGCSWGS84,STRZUSTAND,UIDENTSTLAE
5,5,70,52,2021,10,13,3,2,2,6,0,0,1,0,0,0,1,429049.984405255876482,5758147.144912220537663,7.967193542000075,51.969477508000068,0,5211005711111890000
5,5,70,20,2021,5,17,4,3,0,7,0,0,0,1,1,0,0,426480.354998185299337,5742696.573791988193989,7.933090327000059,51.830249905000073,0,5210526711421370000
5,5,15,0,2021,9,6,4,3,3,2,0,1,0,0,0,0,0,400850.970083557069302,5756461.871939031407237,7.557312741000032,51.950015356000051,0,5210901702100950000
5,5,15,0,2021,1,7,6,3,6,4,2,0,1,1,0,0,0,407076.596999980509281,5757527.650999661535025,7.647583514000075,51.960670085000061,0,5210129702100550000
5,5,15,0,2021,10,9,4,2,0,1,0,1,0,0,0,0,0,408413.451114820316434,5758417.300174491479993,7.666797213000052,51.968888588000027,1,5211013702100070000
5,5,66,12,2021,6,14,6,3,2,6,0,0,1,0,0,0,0,400560.037999971769750,5776727.227999662980437,7.547186499000077,52.132108730000027,0,5210611709100570000
5,5,66,92,2021,3,20,2,3,5,2,2,0,1,0,0,0,0,423490.188380588777363,5796426.126889150589705,7.877659622000067,52.312830877000067,0,5210329709700640000
5,5,66,12,2021,2,12,7,2,5,3,0,1,1,0,0,0,0,405183.226700778119266,5771308.836044603958726,7.616217852000034,52.084219946000076,0,5210220709100570000
5,5,66,88,2021,4,22,3,3,8,7,2,0,1,0,0,0,0,416488.293479371815920,5787486.814769169315696,7.777184844000033,52.231459575000031,1,5210406709700670000
5,5,15,0,2021,11,13,4,3,0,4,0,1,0,1,0,0,0,405913.372187599539757,5757913.325107932090759,7.630553364000036,51.963941070000033,1,5211124702100210000
5,5,66,12,2021,2,15,5,3,2,6,0,0,1,0,0,0,0,404395.574387648142874,5772429.217647878453135,7.604412124000021,52.094154630000048,0,5210218709100970000
5,5,70,20,2021,11,10,1,2,0,1,0,0,0,0,1,0,0,428201.863948924466968,5742839.091333528980613,7.958038611000063,51.831755033000036,0,5211128711421880000
5,5,15,0,2021,9,0,2,3,0,7,2,1,0,0,0,0,0,405450.175291039049625,5759121.068145368248224,7.623480932000064,51.974718174000031,0,5210906702100060000
5,5,66,16,2021,5,22,1,3,2,2,2,0,1,0,0,0,0,402275.003999973647296,5794544.323999674990773,7.567089424000073,52.292551683000056,0,5210530709500670000
5,5,70,40,2021,11,7,3,3,5,3,0,0,1,0,0,0,0,412778.836190621368587,5747113.930186109617352,7.733189108000033,51.867986141000074,1,5211130711232980000
5,5,70,32,2021,10,16,5,3,9,1,0,0,1,0,0,0,0,414792.733525385148823,5771428.282365988940001,7.756394033000049,52.086856274000070,0,5211014711152080000
5,5,15,0,2021,11,10,2,3,3,2,0,1,1,0,0,0,0,406819.837988801300526,5751259.709574939683080,7.645545340000069,51.904287443000044,1,5211101702100770000
5,5,15,0,2021,6,13,2,2,9,7,0,0,1,0,0,0,0,404818.102526201866567,5761717.014681790024042,7.613561265000044,51.997943539000062,0,5210614702100860000
5,5,66,16,2021,1,19,4,3,5,2,2,0,1,0,0,0,0,404015.957502607256174,5795401.857121884822845,7.592363667000029,52.300565908000067,1,5210106709500570000
5,5,66,40,2021,6,6,2,3,5,3,0,1,1,0,0,0,0,423182.821597586385906,5781390.257048135623336,7.876570752000021,52.177632818000063,0,5210607709800970000
5,5,15,0,2021,3,10,2,3,5,3,0,1,1,0,0,0,0,410659.651369140483439,5760576.049261013045907,7.698923280000031,51.988658456000053,0,5210329702100010000
5,5,15,0,2021,9,11,5,3,8,1,0,1,0,0,0,0,0,408814.652999982237816,5758533.049999663606286,7.672604968000030,51.969994979000035,1,5210916702100470000
5,5,15,0,2021,12,16,4,3,5,3,0,1,1,0,0,0,0,406305.052999978885055,5756676.909999659284949,7.636589821000030,51.952893736000078,1,5211222702100690000
5,5,15,0,2021,11,7,3,3,5,3,1,1,1,0,0,0,0,403933.873244618065655,5754805.419731345027685,7.602619273000073,51.935667569000032,1,5211116702100690000
5,5,66,72,2021,5,23,6,2,5,3,2,0,1,0,0,0,0,412378.395630286075175,5800491.226076530292630,7.713640225000063,52.347707849000074,1,5210521709700130000
5,5,15,0,2021,9,10,3,3,3,6,0,0,1,0,0,0,1,405577.542261382564902,5757001.040219038724899,7.625917593000054,51.955684122000036,0,5210914702100050000
5,5,58,44,2021,1,8,5,2,5,3,0,0,1,0,0,0,1,399416.146852090954781,5738328.874824568629265,7.541723910000030,51.786774090000051,1,5210107706300790000
5,5,58,4,2021,9,18,4,2,9,6,0,0,1,0,0,0,1,404237.453754453919828,5742075.149451062083244,7.610566040000037,51.821293956000034,0,5210908702330570000
5,5,70,52,2021,2,17,6,3,5,2,1,0,1,0,0,0,0,429691.879999994300306,5761800.751999670639634,7.975786888000073,52.002403336000043,0,5210219711111540000
5,5,15,0,2021,7,7,3,3,0,2,0,1,1,0,0,0,0,403126.943647477775812,5758121.735839391127229,7.589950721000037,51.965335767000056,1,5210713702100270000
5,5,58,28,2021,2,14,5,3,0,1,0,0,0,0,1,0,0,399587.495748027227819,5729786.794667810201645,7.546673853000073,51.710024852000060,1,5210218706300270000
5,5,15,0,2021,1,15,6,3,5,3,0,1,1,0,0,0,0,403703.422999976202846,5754051.717999657616019,7.599479171000041,51.928853186000026,0,5210129702100560000
5,5,15,0,2021,12,7,4,3,2,6,2,0,1,0,0,0,0,409847.487999983131886,5751858.771999659016728,7.689385473000073,51.910170432000029,1,5211215702100040000
5,5,58,4,2021,5,2,4,3,9,1,2,0,1,0,0,0,0,404709.200517551973462,5738886.233905559405684,7.618285362000051,51.792710603000046,1,5210526706300890000
5,5,15,0,2021,5,15,1,3,5,3,0,1,0,0,0,0,0,403768.457460201345384,5758577.716476414352655,7.599157539000032,51.969545688000039,0,5210530702100360000
5,5,15,0,2021,10,14,3,2,0,1,0,1,0,0,0,0,0,408010.040139845572412,5760369.360888194292784,7.660403279000036,51.986368134000031,1,5211019702100770000
5,5,15,0,2021,12,21,4,3,0,1,2,0,0,0,0,0,1,406638.125152468681335,5757653.470036832615733,7.641169686000069,51.961727554000049,0,5211222702100070000
5,5,66,16,2021,6,11,2,3,8,7,0,1,0,0,0,0,0,403679.171148579567671,5793505.046645713970065,7.587968507000028,52.283458843000062,0,5210621709500910000
5,5,15,0,2021,12,16,3,3,0,3,2,1,0,0,0,0,1,408392.876196236349642,5753918.825021732598543,7.667696716000023,51.928450194000050,0,5211207702100570000
5,5,15,0,2021,7,15,6,2,5,3,0,0,1,0,0,0,0,399991.939999971538782,5761169.427999654784799,7.543446130000063,51.992173539000078,0,5210709702100860000
5,5,66,76,2021,6,18,3,2,0,3,0,1,1,0,0,0,0,398914.939935981296003,5788654.199340099468827,7.519603964000055,52.239006023000059,0,5210601709500570000
5,5,66,92,2021,11,6,5,3,5,2,2,1,1,0,0,0,0,423492.495999992825091,5796425.962999688461423,7.877693503000046,52.312829726000075,0,5211111709700880000
5,5,70,16,2021,6,20,3,3,4,6,0,1,0,0,0,0,0,418285.454607490450144,5734026.631813732907176,7.816235175000031,51.751174004000063,0,5210629711221180000
5,5,66,12,2021,1,22,6,3,7,5,2,0,1,0,0,0,0,405240.514735229313374,5773048.677815102040768,7.616569994000031,52.099867793000044,0,5210115709100420000
5,5,15,0,2021,11,9,3,3,2,6,0,0,1,0,0,0,0,406451.150255084037781,5755195.267802285030484,7.639118314000029,51.939600587000029,0,5211109702100070000
5,5,15,0,2021,7,10,3,3,0,2,0,1,1,0,0,0,0,405910.211915727704763,5755984.771848587319255,7.631035502000032,51.946605816000044,1,5210713702100070000
5,5,66,12,2021,5,23,7,3,9,1,2,0,1,0,0,0,0,404414.607228793203831,5774774.210199853405356,7.604031798000051,52.115235011000038,0,5210501709000070000
5,5,70,4,2021,11,17,7,2,9,1,2,0,1,0,0,0,0,428262.619039195589721,5735522.191338615491986,7.960434073000044,51.765985489000059,0,5211106711213750000
5,5,66,92,2021,5,14,4,3,5,3,0,0,1,0,0,0,0,425166.876953032799065,5793716.020369840785861,7.902852703000065,52.288701246000073,0,5210512709700070000
5,5,15,0,2021,11,14,4,3,0,3,0,0,1,0,0,0,1,405611.868203184567392,5754254.950818395242095,7.627170826000054,51.931006832000037,1,5211103702100530000
5,5,15,0,2021,6,13,6,2,3,1,0,1,0,0,0,0,0,405133.004870346747339,5757121.317396637052298,7.619417278000071,51.956689564000044,0,5210604702100440000
5,5,66,92,2021,5,20,1,3,8,7,0,0,1,0,0,0,0,422459.133021089248359,5793487.944285046309233,7.863214593000066,52.286275702000069,0,5210523709700070000
5,5,66,32,2021,9,22,1,2,0,1,2,1,0,0,0,0,0,413151.789661807939410,5776544.518601818010211,7.731145719000040,52.132588953000038,0,5210905709100070000
5,5,66,28,2021,9,15,4,3,8,3,0,0,1,0,0,0,1,414751.534811308607459,5792098.967736724764109,7.750596622000046,52.272649464000040,1,5210929709700590000
5,5,66,28,2021,10,8,2,3,6,4,1,0,1,1,0,0,0,410129.744999983347952,5792312.397999679669738,7.682821607000051,52.273831790000031,0,5211025709700430000
5,5,15,0,2021,6,18,7,3,5,3,0,0,1,0,0,0,0,407012.531808593310416,5757120.986344741657376,7.646761465000054,51.957004065000035,0,5210612702100570000
5,5,70,52,2021,12,17,5,3,9,1,2,0,1,0,0,0,0,429915.649900083430111,5761862.724685234948993,7.979033418000029,52.002988736000077,2,5211202711111180000
5,5,66,40,2021,1,16,3,3,5,3,2,1,1,0,0,0,0,421185.327999991364777,5779623.284999679774046,7.847774719000029,52.161467973000072,1,5210105709800170000
5,5,15,0,2021,5,23,4,3,5,3,2,0,1,0,0,1,0,403207.760999973863363,5755252.723999653011560,7.591934776000073,51.939562270000067,1,5210526702100250000
5,5,66,40,2021,12,17,1,3,2,6,2,0,1,0,0,0,0,421985.960050854831934,5780607.592865014448762,7.859250716000076,52.170429571000057,1,5211219709800580000
5,5,15,0,2021,6,11,6,3,2,2,0,0,0,0,0,0,1,406346.799999979324639,5758973.697999661788344,7.636570788000029,51.973545374000082,0,5210625702100160000
5,5,66,8,2021,12,4,3,3,5,3,2,0,1,0,0,0,0,399225.847999971359968,5780803.726999662816525,7.526491692000036,52.168505607000043,1,5211207709110470000
5,5,15,0,2021,1,15,6,3,2,6,0,0,1,0,0,0,0,403903.233360459096730,5754791.199787188321352,7.602177700000027,51.935534464000057,0,5210122702100080000
5,5,66,48,2021,3,8,2,3,1,6,0,0,1,0,0,0,1,424724.054725222289562,5792340.179330160841346,7.896668922000060,52.276273524000032,1,5210308709700980000
5,5,15,0,2021,6,7,5,3,9,1,0,0,0,0,1,0,0,405019.898329609073699,5757748.795381123200059,7.617598277000070,51.962310281000043,0,5210624702100240000
5,5,66,40,2021,9,5,4,3,0,2,1,0,1,0,0,0,0,424959.980687156319618,5779960.006026765331626,7.902872304000027,52.165020820000052,0,5210929709800690000
5,5,15,0,2021,5,3,7,3,8,1,2,1,0,0,0,0,0,405155.514712647534907,5757212.382931096479297,7.619719617000044,51.957511939000028,0,5210529702100270000
5,5,66,92,2021,11,6,3,3,5,3,2,1,1,0,0,0,0,422497.427999991923571,5792407.975999683141708,7.864024186000051,52.276573531000054,1,5211109709700870000
5,5,70,16,2021,3,6,5,3,5,3,0,0,1,0,0,1,0,416585.874999987892807,5736689.796999655663967,7.790980539000032,51.774863541000059,0,5210325711221570000
5,5,66,28,2021,9,15,2,3,5,2,0,0,1,0,1,0,0,414695.616985196247697,5792116.164680322632194,7.749772951000068,52.272795364000046,0,5210927709700860000
5,5,15,0,2021,4,15,4,3,0,6,0,1,0,0,0,0,0,404860.107137775048614,5758313.659606870263815,7.615116809000028,51.967360176000057,0,5210428702100460000
5,5,66,88,2021,9,17,5,3,2,1,0,0,1,0,0,0,0,423202.086744479835033,5786893.426649797707796,7.875604516000067,52.227103036000074,0,5210930702350240000
5,5,15,0,2021,11,13,6,3,0,2,0,1,1,0,0,0,0,408727.511153442785144,5753396.482193581759930,7.672700644000031,51.923810005000064,1,5211119702100870000
5,5,70,52,2021,11,14,3,3,0,7,0,0,0,0,0,0,1,427756.806826967746019,5746801.752197716385126,7.950752828000077,51.867320706000044,1,5211130711114880000
5,5,70,40,2021,4,17,7,3,5,3,0,1,1,0,0,0,0,419220.971999990753829,5744550.643999658524990,7.827332686000034,51.845914112000060,0,5210424711231750000
5,5,66,44,2021,3,14,3,2,9,1,0,0,0,0,1,0,0,425380.998101514764130,5775383.453366303816438,7.910031563000075,52.123938779000071,0,5210302709800860000
5,5,15,0,2021,12,9,7,3,5,2,0,1,1,0,0,0,0,405031.289669840596616,5758080.535369018092752,7.617672283000047,51.965294037000035,1,5211204702100670000
5,5,70,44,2021,9,17,3,3,2,2,0,0,1,0,0,0,0,416763.864337419159710,5758930.323928821831942,7.788196855000024,51.974813403000041,0,5210928711141590000
5,5,66,12,2021,11,8,6,3,2,6,0,0,1,0,0,0,0,409469.493999982252717,5768285.032999664545059,7.679556526000056,52.057758233000072,0,5211105709110080000
5,5,66,16,2021,6,23,2,2,2,6,2,0,1,0,0,0,0,407496.120108149014413,5792726.194945564493537,7.644120076000036,52.277114204000043,0,5210607702350240000
5,5,15,0,2021,12,16,4,3,2,6,2,0,1,0,0,0,1,403064.340989237651229,5760219.260399805381894,7.588447363000057,51.984177966000061,1,5211229702100570000
5,5,66,28,2021,10,17,1,2,8,1,0,0,1,0,0,0,0,409129.244982077740133,5791608.964852096512914,7.668351600000051,52.267344800000046,1,5211003702350560000
5,5,15,0,2021,11,8,7,3,2,6,0,0,1,0,0,0,0,400249.606617089360952,5760988.169467993080616,7.547250307000070,51.990590712000028,0,5211120702100770000
5,5,66,8,2021,9,9,2,2,0,1,0,1,0,0,0,0,0,399083.894334942102432,5781288.671748491004109,7.524272575000055,52.172838212000045,0,5210906709100440000
5,5,15,0,2021,7,9,6,3,2,6,0,0,1,0,0,1,0,403676.180203543044627,5755649.135561542585492,7.598635758000057,51.943206646000078,0,5210709702100050000
5,5,70,4,2021,3,13,2,3,4,2,0,0,1,0,0,0,0,422956.455999991856515,5736142.049999658018351,7.883418730000074,51.770852732000037,0,5210329711211570000
5,5,66,32,2021,9,16,7,3,2,6,0,0,1,0,0,0,0,411649.667264464311302,5775331.066412709653378,7.709520820000023,52.121443735000071,0,5210904702350080000
5,5,58,44,2021,5,0,1,3,7,7,2,0,0,0,1,0,0,397300.418497321195900,5746442.639139946550131,7.508654290000038,51.859317745000055,0,5210502706300070000
5,5,15,0,2021,10,20,7,3,2,6,2,0,1,0,0,0,0,404936.134205699898303,5756368.135684931650758,7.616761521000058,51.949886039000035,0,5211002702100070000
5,5,15,0,2021,11,13,2,1,1,7,0,0,0,0,0,1,1,403749.378949738107622,5764713.132804498076439,7.597156988000052,52.024689156000079,0,5211115702350200000
5,5,70,44,2021,11,17,3,3,0,2,1,1,1,0,0,0,0,416575.109999989159405,5759447.533999662846327,7.785323777000031,51.979434285000082,0,5211123711141080000
5,5,15,0,2021,1,15,6,3,0,1,0,0,0,0,1,0,0,407945.987271273508668,5758280.914910674095154,7.660031032000063,51.967585460000066,2,5210115702100650000
5,5,15,0,2021,4,13,4,3,5,2,0,1,1,0,0,0,0,408795.245886909775436,5754078.383376859128475,7.673504657000024,51.929950483000027,0,5210428702100970000
5,5,15,0,2021,10,15,1,3,0,1,0,1,0,0,0,0,0,406583.379372438415885,5759162.802252305671573,7.639962454000056,51.975284948000080,1,5211031702100270000
5,5,15,0,2021,10,15,5,3,2,6,0,0,1,0,0,0,0,405927.400588018819690,5756742.454943120479584,7.631078127000023,51.953419133000068,1,5211021702100570000
5,5,15,0,2021,6,11,3,3,1,6,0,0,1,0,0,0,0,405427.985737635754049,5755336.896265361458063,7.624199712000063,51.940700645000049,0,5210629702100510000
5,5,70,4,2021,12,14,5,3,4,3,0,1,0,0,0,0,0,424698.093548651784658,5735952.780999038368464,7.908696080000027,51.769388269000046,0,5211209711212670000
5,5,66,48,2021,9,20,6,3,0,1,2,0,1,0,0,0,0,427291.861348951235414,5792584.452615395188332,7.934245799000053,52.278814909000062,0,5210917702350700000
5,5,15,0,2021,10,10,3,3,5,3,0,1,1,0,0,0,0,407168.980762686580420,5757930.609710671007633,7.648818755000036,51.964307518000055,0,5211005702100020000
5,5,15,0,2021,10,22,1,2,0,7,2,1,0,0,0,0,0,408431.410072587430477,5756502.059381537139416,7.667569135000065,51.951676242000076,0,5211024702100060000
5,5,70,40,2021,6,13,6,2,5,3,0,0,1,0,0,0,0,418179.299436153843999,5746214.860185125842690,7.811820261000037,51.860722469000052,0,5210625711231180000
5,5,66,32,2021,4,19,5,2,9,7,0,0,0,0,0,1,0,413706.107356299646199,5778869.007703922688961,7.738651947000051,52.153569605000030,0,5210408702350020000
5,5,66,88,2021,6,7,4,3,5,2,0,0,1,0,0,0,0,418455.349820532836020,5788623.314755015075207,7.805706291000035,52.241969991000076,0,5210602709800540000
5,5,70,40,2021,9,16,7,3,7,7,0,0,0,0,1,0,0,414616.352862017229199,5745919.809679746627808,7.760165763000032,51.857536403000040,0,5210918711232570000
5,5,70,16,2021,2,12,6,2,4,6,0,0,1,0,0,0,0,409406.218097770586610,5744650.877743052318692,7.684864189000052,51.845308715000044,1,5210205711222070000
5,5,66,40,2021,12,14,5,3,5,2,0,0,1,0,0,0,0,421287.446999991312623,5782896.281999679282308,7.848507774000041,52.190903095000067,1,5211230709800950000
5,5,66,20,2021,11,11,6,3,5,2,0,0,1,0,0,1,0,404257.773999976925552,5804566.705999681726098,7.593296747000068,52.382979277000061,0,5211112709700540000
5,5,15,0,2021,11,6,4,3,2,6,1,0,1,0,0,0,0,411781.037164596840739,5754345.626837305724621,7.716849957000022,51.932833931000062,1,5211103702100050000
5,5,15,0,2021,10,9,3,2,4,6,0,1,0,0,0,0,0,410508.629037287086248,5758945.137483861297369,7.697149968000076,51.973974433000080,1,5211026702100170000
5,5,15,0,2021,9,6,4,3,3,6,1,1,0,0,0,0,1,406400.365167226642370,5757668.447202548384666,7.637706196000067,51.961822199000039,0,5210908702100240000
5,5,15,0,2021,10,7,6,3,8,1,1,0,0,0,1,0,0,405913.327193243429065,5761506.249926257878542,7.629567421000047,51.996235768000076,0,5211015702100970000
5,5,66,12,2021,12,23,4,3,8,1,2,0,1,0,0,0,0,404359.227999976836145,5772420.336999664083123,7.603884219000065,52.094068528000037,1,5211215709000470000
5,5,15,0,2021,6,7,6,3,6,4,0,0,1,1,0,0,0,402590.897767227143049,5753823.471728209406137,7.583368714000073,51.926608058000056,0,5210611702100060000
5,5,66,48,2021,11,20,2,3,5,2,2,0,0,0,1,1,0,426702.016999993473291,5796432.614999685436487,7.924764079000056,52.313327401000038,0,5211129709700490000
5,5,15,0,2021,12,19,7,3,9,1,2,0,1,0,0,0,0,411804.635196628980339,5754558.941196594387293,7.717138411000064,51.934755112000062,1,5211211702100390000
5,5,66,12,2021,12,10,5,3,5,3,0,1,1,0,0,0,0,405399.984271476045251,5773119.229595210403204,7.618877828000052,52.100529217000030,1,5211209709110140000
5,5,70,16,2021,1,17,2,2,2,7,2,0,1,0,0,0,0,413657.360618326812983,5740173.268833914771676,7.747677820000035,51.805732817000035,0,5210111711221570000
5,5,66,28,2021,3,16,7,2,8,3,0,1,1,0,0,0,0,410012.126588277518749,5794209.384443428367376,7.680591830000026,52.290862932000039,0,5210306709700060000
5,5,15,0,2021,6,15,3,3,5,2,0,1,1,0,0,0,0,406714.879999979399145,5757661.391999658197165,7.642284320000044,51.961811644000079,0,5210629702100080000
5,5,15,0,2021,9,13,3,3,5,3,0,0,1,0,0,0,1,404687.650241788476706,5758997.816060407087207,7.612417319000031,51.973480080000058,0,5210907702100540000
5,5,15,0,2021,1,18,1,3,5,3,2,1,0,0,0,0,1,407679.199711354449391,5761472.365110553801060,7.655289878000076,51.996227594000061,0,5210124702100360000
5,5,15,0,2021,7,23,7,2,0,1,2,1,0,0,0,0,0,408570.214176266454160,5753637.911778634414077,7.670349739000073,51.925954321000063,1,5210703702100070000
5,5,15,0,2021,11,15,2,3,2,6,0,0,1,0,0,0,0,403950.895038345828652,5759336.362548347562551,7.601600132000044,51.976396198000032,0,5211129702100490000
5,5,66,48,2021,11,19,4,3,0,6,2,1,0,0,0,0,0,428489.234865086153150,5796033.662136213853955,7.951061411000069,52.309976930000062,0,5211124709700260000
5,5,15,0,2021,4,12,4,2,5,3,0,1,1,0,0,0,0,411349.230183183215559,5752636.554362976923585,7.711011208000059,51.917402814000070,0,5210414702100080000
5,5,70,44,2021,5,8,2,2,8,7,0,0,1,0,0,0,0,415610.889298322610557,5760425.600176718086004,7.771047456000076,51.988080424000032,0,5210531711141040000
5,5,66,12,2021,2,14,6,3,5,3,0,1,1,0,0,0,0,405394.204490707255900,5773111.645972652360797,7.618795578000061,52.100460066000039,0,5210219709110070000
5,5,70,16,2021,11,15,2,3,9,7,0,0,1,0,0,0,0,411991.282999984920025,5736467.758099999278784,7.724459304000050,51.772164003000057,1,5211108711221690000
5,5,66,28,2021,11,6,6,3,4,6,2,0,1,0,0,1,0,409613.553216863423586,5786098.133229847997427,7.676920958000039,52.217892244000041,1,5211119709700570000
5,5,15,0,2021,4,14,7,3,0,4,0,1,1,1,0,0,0,406681.465309049002826,5757107.633080111816525,7.641948570000068,51.956828578000056,0,5210417702100160000
5,5,15,0,2021,9,17,2,3,2,6,0,0,1,0,0,0,0,406018.750660581514239,5751584.499234719201922,7.633815816000038,51.907072269000082,0,5210913702100290000
5,5,15,0,2021,1,17,6,3,5,3,2,1,1,0,0,0,0,405473.300129195675254,5754856.657868411391973,7.624990717000060,51.936391741000079,1,5210108702100330000
5,5,15,0,2021,3,5,6,3,5,2,2,0,1,0,0,0,0,404405.968944133259356,5755376.455858491361141,7.609325482000031,51.940881568000066,0,5210319702100260000
5,5,70,32,2021,7,20,6,3,0,1,0,0,0,0,1,0,0,420170.823704526759684,5765087.903363483026624,7.836351559000036,52.030664374000082,0,5210709711151880000
5,5,15,0,2021,11,10,3,3,5,3,0,1,1,0,0,0,0,402694.077006976120174,5754851.318430194631219,7.584578084000043,51.935864717000072,0,5211102702100190000
5,5,66,28,2021,9,5,2,3,7,1,2,1,1,0,0,0,0,408013.317021818831563,5794989.449854563921690,7.651080852000064,52.297543182000027,0,5210906709700680000
5,5,15,0,2021,9,20,6,2,2,6,2,0,1,0,0,0,0,400194.103256103582680,5756440.330755738541484,7.547764434000044,51.949704262000068,0,5210924702330790000
5,5,15,0,2021,9,23,5,3,4,6,2,0,1,0,0,0,1,411177.794576918706298,5755075.882739262655377,7.707889589000047,51.939302084000076,0,5210916702100560000
5,5,15,0,2021,1,9,3,3,5,3,0,0,1,0,0,0,0,404947.772516326047480,5756355.419250860810280,7.616934329000060,51.949773728000082,1,5210112702100050000
5,5,15,0,2021,4,6,3,3,4,6,0,1,0,0,0,0,0,405859.740999978035688,5753250.336999656632543,7.631049696000048,51.922018839000032,0,5210420702100370000
5,5,15,0,2021,6,18,4,2,5,3,0,0,1,0,1,0,0,405247.669999978505075,5750589.500999655574560,7.622883827000067,51.897998097000027,0,5210616702100970000
5,5,66,92,2021,5,16,3,2,9,1,0,0,1,0,0,0,0,420209.760999990627170,5794110.368999684229493,7.830097709000029,52.291548464000073,1,5210525709700370000
5,5,15,0,2021,10,14,5,2,5,3,0,1,1,0,0,0,0,409201.285178448073566,5756170.738248137757182,7.678856024000027,51.948824336000030,0,5211028702100800000
5,5,58,44,2021,6,12,6,2,2,6,0,0,1,0,1,0,0,402725.282153037376702,5744094.405701840296388,7.588065296000025,51.839182815000072,0,5210611702330280000
5,5,58,28,2021,9,7,7,3,5,3,0,0,1,0,0,0,0,401497.194140077568591,5730378.452357441186905,7.574137416000042,51.715681602000075,0,5210918706300990000
5,5,66,76,2021,2,8,4,2,9,1,0,0,1,0,0,0,0,399696.750108961947262,5792136.352469049394131,7.530015081000045,52.270445258000052,1,5210217709500560000
5,5,66,12,2021,7,23,7,3,0,1,2,1,0,0,0,0,0,405211.023708689026535,5774184.177521662786603,7.615823576000025,52.110068807000061,0,5210710709100770000
5,5,66,28,2021,10,14,1,3,8,1,0,0,1,0,0,0,0,407440.650920585729182,5796963.111558904871345,7.642142972000045,52.315186188000041,1,5211003709700080000
5,5,15,0,2021,9,17,5,3,3,2,0,1,0,0,0,0,1,406034.788822994567454,5756776.962620969861746,7.632630898000059,51.953747459000056,0,5210930702100350000
5,5,15,0,2021,10,5,6,3,5,3,2,1,0,0,0,0,0,404219.943981128744781,5759077.647059002891183,7.605588223000041,51.974117217000071,0,5211029702100370000
5,5,70,4,2021,2,14,2,3,5,2,0,1,1,0,0,0,0,424348.221131460741162,5730249.784024557098746,7.904866994000031,51.718072826000082,0,5210222711214350000
5,5,15,0,2021,9,23,5,3,2,2,2,0,1,0,0,0,0,407097.390956280753016,5760311.802157687023282,7.647132472000067,51.985698882000065,1,5210923702100470000
5,5,66,8,2021,7,13,5,3,5,3,0,0,1,0,0,0,0,400209.071999970823526,5777778.505999661982059,7.541752123000037,52.141494176000037,1,5210701709110970000
5,5,70,16,2021,10,11,1,2,5,3,0,0,1,0,0,0,0,418268.727583858184516,5734027.736938977614045,7.815992653000023,51.751181498000051,0,5211010711221090000
5,5,70,40,2021,2,15,3,3,6,2,0,0,0,1,0,0,1,412778.150999985635281,5747109.514999659731984,7.733180274000063,51.867946346000053,1,5210216711232470000
5,5,70,40,2021,10,7,5,3,2,2,1,0,1,0,0,0,0,416726.151459095999599,5749527.803959315642715,7.789923806000047,51.890288019000081,0,5211028711231090000
5,5,66,12,2021,12,10,3,2,0,7,0,0,1,0,0,0,0,405035.561767866834998,5774280.148486025631428,7.613235401000054,52.110901307000063,1,5211207709110970000
5,5,66,28,2021,7,11,1,3,2,1,0,0,1,0,1,0,0,412569.075888154096901,5793138.368216769769788,7.718349519000071,52.281649171000026,1,5210704709700070000
5,5,15,0,2021,3,12,4,3,0,1,0,0,1,0,0,1,0,408809.853454601950943,5758542.148913078010082,7.672532704000048,51.970075978000068,0,5210303702100190000
5,5,66,80,2021,10,13,7,3,4,6,0,0,1,0,0,0,0,406837.711965152062476,5779371.470752520486712,7.638149132000024,52.156969731000061,0,5211016709100060000
5,5,15,0,2021,3,18,6,3,5,2,1,1,1,0,0,0,0,405767.052287165075541,5755714.437655335292220,7.629027337000025,51.944151694000027,0,5210305702100910000
5,5,66,8,2021,4,16,7,3,8,1,0,0,0,0,1,0,0,401050.574890418909490,5784280.922841597348452,7.552148498000065,52.200088146000041,0,5210417709100480000
5,5,15,0,2021,11,9,5,3,5,3,0,1,1,0,0,0,0,404004.996049094013870,5761392.742666430771351,7.601812004000067,51.994888913000068,0,5211111702100860000
5,5,70,4,2021,3,18,3,3,4,1,0,0,1,0,0,0,0,423845.249441842548549,5732854.642054788768291,7.897017579000021,51.741421662000050,0,5210323711214970000
5,5,66,8,2021,5,3,3,3,5,3,2,0,1,0,0,0,0,399997.614176914095879,5777745.952228551730514,7.538672749000057,52.141163349000067,1,5210511709000170000
5,5,15,0,2021,10,22,4,3,5,3,2,1,1,0,0,0,0,405152.156571276485920,5756971.806777397170663,7.619737176000058,51.955348968000067,0,5211006702100270000
5,5,66,92,2021,12,7,2,3,2,6,2,0,1,0,0,0,0,422386.636999991722405,5796498.149999685585499,7.861458197000047,52.313323374000049,0,5211220709700570000
5,5,15,0,2021,7,8,3,2,5,7,0,1,1,0,0,0,0,406723.064452731981874,5757080.058631688356400,7.642561259000047,51.956587705000061,1,5210706702100460000
5,5,15,0,2021,12,10,4,3,2,6,0,1,0,0,0,0,0,404688.070607517845929,5758538.363237304612994,7.612551009000072,51.969350423000037,1,5211215702100790000
5,5,70,52,2021,11,15,4,3,5,2,0,1,1,0,0,0,0,430150.137426599860191,5755153.024537554010749,7.983814261000020,51.942700885000079,1,5211103711112850000
5,5,66,16,2021,6,17,2,2,8,1,0,0,1,0,0,0,0,403608.073820321820676,5788505.924965638667345,7.588354285000037,52.238515150000069,1,5210621709100270000