ULAND,UREGBEZ,UKREIS,UGEMEINDE,UJAHR,UMONAT,USTUNDE,UWOCHENTAG,UKATEGORIE,UART,UTYP1,ULICHTVERH,IstRad,IstPKW,IstFuss,IstKrad,IstGkfz,IstSonstige,LINREFX,LINREFY,XGCSWGS84,YGCSWGS84,STRZUSTAND,UIDENTSTLAE
5,5,15,0,2021,3,16,6,3,6,2,0,0,1,1,0,0,0,407651.973549417220056,5758331.738643368706107,7.655738871000040,51.967993522000029,0,5210305702100890000
5,5,15,0,2021,11,0,7,3,0,7,2,0,0,0,0,0,1,406275.784332260489464,5756524.698615431785583,7.636205559000075,51.951520655000081,0,5211120702100670000
5,5,15,0,2021,9,17,2,3,2,6,0,0,1,0,0,0,0,406141.874355836771429,5751402.574918337166309,7.635654644000056,51.905457791000060,0,5210913702100560000
5,5,66,80,2021,11,7,6,3,1,7,0,0,1,0,0,1,0,404298.488859143108130,5781815.554426772519946,7.600353237000036,52.178502894000076,1,5211105709110030000
5,5,70,20,2021,11,14,4,3,5,3,0,1,1,0,0,0,0,427848.066329360008240,5741544.908734045922756,7.953174836000073,51.820075098000075,0,5211124711421780000
5,5,66,88,2021,9,5,1,2,0,1,2,0,0,0,1,0,0,424605.595217267982662,5786859.539469767361879,7.896156616000042,52.226992363000079,0,5210912709800360000
5,5,15,0,2021,5,17,2,2,5,3,0,0,1,0,0,0,0,411868.012701713480055,5760284.954392705112696,7.716590827000061,51.986234934000038,0,5210524702100760000
5,5,58,28,2021,12,15,4,3,6,6,1,1,0,1,0,0,0,399029.674601273611188,5733227.782239984720945,7.537605229000064,51.740853879000042,1,5211229706000750000
5,5,15,0,2021,7,10,6,3,0,3,0,1,1,0,0,0,0,406088.946747321635485,5758926.834625555202365,7.632830865000074,51.973080632000062,0,5210702702100560000
5,5,15,0,2021,11,10,7,3,0,1,0,0,0,0,1,0,0,405411.824753609485924,5755355.552321970462799,7.623959549000062,51.940865587000076,1,5211113702100770000
5,5,15,0,2021,6,10,2,3,2,6,0,1,1,0,0,0,0,404293.603999977000058,5759004.517999656498432,7.606680650000044,51.973472599000047,0,5210607702100150000
5,5,66,12,2021,3,7,4,2,2,7,0,0,0,0,0,1,0,403319.190169000066817,5775928.979793967679143,7.587711038000066,52.125423678000061,0,5210324709000180000
5,5,70,52,2021,6,14,4,3,4,6,0,0,1,0,0,1,0,426915.422867045737803,5756222.112636102363467,7.936536432000025,51.951895910000076,0,5210616711112140000
5,5,66,16,2021,9,14,5,2,0,6,0,0,1,0,1,0,0,401829.842988430522382,5794741.918620817363262,7.560506817000032,52.294248239000069,0,5210909709500070000
5,5,58,4,2021,12,6,6,2,7,7,1,0,1,1,0,0,0,407947.751119517721236,5734337.204684030264616,7.666436199000032,51.752362341000037,1,5211210706000580000
5,5,70,4,2021,12,15,4,3,5,3,0,1,1,0,0,0,0,422687.574722398072481,5735955.810274066403508,7.879564133000031,51.769141441000045,0,5211222711216480000
5,5,66,88,2021,1,13,1,3,6,4,0,0,0,1,1,0,0,419083.173079241067171,5786112.765921967104077,7.815500009000061,52.219496124000045,0,5210131709800770000
5,5,15,0,2021,3,17,4,2,5,3,0,0,1,0,1,0,0,401650.823717696592212,5755590.185273364186287,7.569196607000038,51.942322438000076,0,5210331702100370000
5,5,70,24,2021,6,13,5,3,8,1,0,0,1,0,0,0,0,417552.567263904958963,5754371.174080219119787,7.800770518000036,51.933948528000030,0,5210624711161580000
5,5,58,28,2021,10,16,6,2,8,1,0,0,0,0,1,0,0,398540.765847310423851,5729202.693136226385832,7.531699298000035,51.704586353000082,0,5211029706000870000
5,5,15,0,2021,6,10,3,3,1,6,0,0,1,0,1,0,0,404892.495088703930378,5758265.616960309445858,7.615601416000061,51.966933893000032,0,5210608702100570000
5,5,70,32,2021,7,14,6,2,8,1,0,0,0,0,1,0,0,416348.707640987820923,5771819.655231293290854,7.779001921000031,52.090611590000037,0,5210709711152680000
5,5,15,0,2021,10,21,3,3,6,4,2,0,1,1,0,0,0,406232.973730648867786,5757629.715908391401172,7.635281221000071,51.961445858000047,1,5211005702100570000
5,5,15,0,2021,4,7,4,2,0,6,0,1,0,0,0,0,1,405946.015999978408217,5756806.164999656379223,7.631331492000072,51.953994937000061,0,5210414702100170000
5,5,15,0,2021,10,18,4,3,4,6,2,1,0,0,0,0,0,402592.903832178562880,5757600.754611352458596,7.582327758000076,51.960559733000082,0,5211020702100670000
5,5,66,12,2021,6,23,3,2,0,7,2,0,1,0,0,0,0,407286.544670473784208,5771013.774968534708023,7.646985101000041,52.081924127000036,0,5210601709100580000
5,5,70,40,2021,11,9,3,3,8,1,0,0,1,0,0,0,0,412995.054686360061169,5744743.059264998883009,7.736925628000051,51.846708172000035,1,5211123711231190000
5,5,58,4,2021,5,20,6,2,9,1,0,0,1,0,0,0,0,406503.503137398511171,5734464.212935267016292,7.645485433000033,51.753264792000039,1,5210514702330470000
5,5,70,40,2021,10,16,1,2,2,6,0,0,1,0,0,0,0,420503.158324196003377,5743879.463910201564431,7.846096333000048,51.840064678000033,0,5211031711231680000
5,5,15,0,2021,6,1,4,3,9,1,2,1,0,0,0,0,0,403208.700925058685243,5755253.448133453726768,7.591948241000068,51.939568942000051,1,5210630702100570000
5,5,66,92,2021,11,14,5,2,0,1,0,0,1,0,0,0,0,423178.676455542445183,5796554.446271380409598,7.873061641000049,52.313940807000051,0,5211118709700880000
5,5,15,0,2021,9,11,2,3,2,6,0,0,1,0,0,0,0,408839.179861485958099,5761802.610487522557378,7.672092938000048,51.999387665000029,0,5210927702100070000
5,5,66,12,2021,5,8,5,3,5,3,0,1,0,0,0,0,0,406551.562684777192771,5767756.358126243576407,7.637154140000064,52.052521880000029,0,5210513709100190000
5,5,66,8,2021,9,7,2,3,5,3,0,1,1,0,0,0,0,399299.232863938435912,5779408.366345895454288,7.527978249000057,52.155977865000068,0,5210913709110920000
5,5,66,16,2021,11,21,1,3,9,7,2,0,1,0,0,0,0,404807.599725098349154,5796680.073607387021184,7.603608133000023,52.312192051000068,0,5211121709500070000
5,5,70,52,2021,3,11,4,2,5,3,0,0,1,0,0,0,0,427922.602999995462596,5759601.948999665677547,7.950479846000064,51.982410392000077,0,5210303711111580000
5,5,70,4,2021,11,10,3,3,5,3,0,1,1,0,0,0,0,423859.927587119862437,5734452.391939587891102,7.896880275000058,51.755786913000065,0,5211109711214880000
5,5,66,28,2021,6,13,4,3,4,6,0,1,0,0,0,0,0,412463.779297172091901,5792014.668587591499090,7.717098099000054,52.271532287000070,0,5210623709700940000
5,5,15,0,2021,12,16,3,3,2,6,2,1,0,0,0,0,0,405494.296098863705993,5751856.668905686587095,7.626119643000038,51.909429942000031,1,5211207702100070000
5,5,66,8,2021,4,8,5,3,0,1,0,1,0,0,0,0,0,399987.437023334205151,5777757.796822462230921,7.538520598000048,52.141267964000065,0,5210401709110070000
5,5,70,16,2021,9,7,2,3,0,3,0,1,1,0,0,0,0,412336.396999985910952,5739684.259999657049775,7.728647157000069,51.801131527000052,0,5210906711221380000
5,5,66,80,2021,3,5,2,3,4,6,2,0,1,0,0,0,1,409956.662976445630193,5781520.879686808213592,7.683158565000042,52.176806810000073,1,5210308709110950000
5,5,66,12,2021,11,13,6,3,2,6,0,0,1,0,0,1,0,405943.751999978907406,5773680.860999666154385,7.626659069000027,52.105669998000053,0,5211126709110180000
5,5,66,4,2021,6,20,3,2,8,1,0,0,0,0,1,0,0,400070.980888141319156,5767377.774453297257423,7.542784476000065,52.047988513000064,0,5210601709100090000
5,5,15,0,2021,6,16,6,3,0,1,0,1,0,0,0,0,0,405386.589718456380069,5755638.714341072365642,7.623514638000074,51.943406484000036,0,5210625702100950000
5,5,70,4,2021,1,6,3,3,5,3,2,1,1,0,0,0,0,422759.130383682437241,5735236.122548479586840,7.880760951000070,51.762681613000041,1,5210119711215680000
5,5,15,0,2021,10,11,6,3,3,2,0,1,1,0,0,0,0,406952.549999981187284,5758304.253999661654234,7.645568246000039,51.967629835000082,0,5211001702100060000
5,5,15,0,2021,10,14,6,3,2,6,0,0,1,0,0,0,0,403146.330553314648569,5754159.399627123028040,7.591349245000060,51.929724411000052,0,5211008702100540000
5,5,15,0,2021,5,7,2,3,5,2,0,1,1,0,0,0,0,407637.971161924302578,5754832.044230332598090,7.656475715000056,51.936533997000026,0,5210531702100440000
5,5,15,0,2021,2,18,5,3,5,7,2,0,1,0,1,0,0,406371.636654666624963,5757337.396518217399716,7.637378433000038,51.958841721000056,0,5210225702100540000
5,5,66,12,2021,3,15,3,2,0,7,0,1,0,0,0,0,0,400951.065287792123854,5775941.354040294885635,7.553126261000045,52.125115607000055,0,5210323709110550000
5,5,70,52,2021,2,11,7,3,0,1,0,1,0,0,0,0,0,428142.171728521585464,5745886.102723490446806,7.956539276000058,51.859139089000053,0,5210227711114460000
5,5,66,28,2021,9,9,3,3,5,3,0,1,1,0,0,0,0,412480.984595917165279,5791835.381669064983726,7.717396702000030,52.269923543000061,0,5210907709700430000
5,5,70,44,2021,9,14,4,3,2,2,0,0,1,0,0,0,1,415806.872767508029938,5759728.615630770102143,7.774071928000069,51.981845026000030,1,5210915711142080000
5,5,66,28,2021,4,16,1,3,5,3,0,0,1,0,0,0,0,417207.464418374933302,5789498.929389415308833,7.787219707000077,52.249654222000061,0,5210418709000510000
5,5,66,12,2021,10,17,6,2,5,2,0,0,1,0,0,0,0,407028.623960936442018,5771333.773070259019732,7.643135036000047,52.084757112000034,0,5211015709100730000
5,5,15,0,2021,11,17,7,3,0,7,2,1,1,0,0,0,0,405539.044479993171990,5756641.749921418726444,7.625456299000064,51.952448125000046,0,5211120702100400000
5,5,15,0,2021,4,13,4,3,6,7,0,0,0,1,0,0,1,404666.344388315454125,5760015.116694850847125,7.611824603000059,51.982620281000038,0,5210421702100070000
5,5,66,40,2021,5,13,6,3,0,2,0,0,1,1,0,0,0,420830.631451237946749,5783205.296293521299958,7.841754264000031,52.193615373000057,0,5210507709800020000
5,5,15,0,2021,9,13,6,3,0,3,0,1,1,0,0,0,0,403067.412999974563718,5760216.256999656558037,7.588492931000076,51.984151507000036,0,5210903702100060000
5,5,58,28,2021,4,17,3,2,8,1,0,0,0,0,1,0,0,400661.127646482549608,5728527.793032981455326,7.562566568000022,51.698899357000073,0,5210413706300360000
5,5,15,0,2021,9,6,5,2,0,7,2,0,0,0,1,0,0,407209.531142473220825,5751342.503636855632067,7.651185876000056,51.905096689000061,1,5210930702100490000
5,5,66,8,2021,5,6,5,3,5,2,0,0,1,0,0,0,1,399225.846423476003110,5780727.097313478589058,7.526514424000027,52.167816881000078,0,5210520709110570000
5,5,58,28,2021,6,7,5,3,9,1,0,0,1,0,0,0,0,403255.775547333993018,5730551.549956841394305,7.599537156000054,51.717543615000068,0,5210610706300590000
5,5,70,52,2021,6,15,2,2,5,3,0,0,1,0,0,0,1,427760.551999996416271,5746804.653999662026763,7.950806606000071,51.867347278000068,1,5210621711114960000
5,5,66,28,2021,7,10,7,3,4,2,0,0,1,0,1,0,0,412220.424999983981252,5787323.651999682188034,7.714751822000039,52.229329187000076,0,5210710709700970000
5,5,15,0,2021,9,20,4,3,2,6,2,0,1,0,0,0,0,405044.457999977283180,5758001.296999659389257,7.617885807000050,51.964584061000039,1,5210929702100270000
5,5,15,0,2021,1,13,3,3,2,6,0,0,1,0,0,1,0,409119.778163154609501,5758857.403180429711938,7.676959553000074,51.972960436000051,1,5210112702100060000
5,5,15,0,2021,11,12,1,2,0,1,0,1,0,0,0,0,0,406629.604877125471830,5756129.980011889711022,7.641459715000053,51.948032237000064,0,5211114702100670000
5,5,15,0,2021,12,17,5,3,3,2,2,1,1,0,0,0,0,405458.522656012326479,5759120.907325059175491,7.623602465000033,51.974718148000079,0,5211216702100470000
5,5,70,4,2021,4,16,2,3,8,3,0,1,1,0,0,0,0,428660.513026861473918,5735554.972473697736859,7.966192316000047,51.766331029000071,0,5210426711213880000
5,5,66,8,2021,9,11,5,3,1,5,0,1,1,0,0,0,0,399089.505307952873409,5781314.270420674234629,7.524346983000044,52.173069312000052,1,5210916709000570000
5,5,70,4,2021,11,12,4,3,5,3,0,0,1,0,0,0,1,422739.533999992534518,5735251.794999659061432,7.880473568000070,51.762819799000056,1,5211117711215990000
5,5,66,12,2021,9,16,5,3,4,6,0,1,0,0,0,0,0,403978.904517060145736,5772303.269881106913090,7.598367223000025,52.092950449000057,0,5210930709000540000
5,5,66,72,2021,1,10,7,3,0,1,0,1,0,0,0,0,0,412788.199422711506486,5802471.612540643662214,7.719140263000043,52.365573219000055,1,5210109709700960000
5,5,70,44,2021,12,12,1,3,5,2,0,0,1,0,0,0,0,416335.344531791284680,5767168.619352824985981,7.779947040000025,52.048802295000030,1,5211212711143540000
5,5,66,28,2021,11,13,3,3,5,3,0,1,0,0,0,0,0,409561.208360695280135,5794255.279066488146782,7.673970034000035,52.291201403000059,0,5211109709700040000
5,5,15,0,2021,11,18,2,3,5,2,2,0,1,0,0,0,0,406306.210000705905259,5751069.267009224742651,7.638133358000061,51.902489495000054,0,5211108702100070000
5,5,58,28,2021,4,16,1,2,3,2,0,1,1,0,0,0,0,400025.799999970011413,5728741.205999638885260,7.553315343000065,51.700704815000051,1,5210411706300970000
5,5,70,4,2021,9,15,5,3,5,6,0,0,1,0,0,0,1,423881.942210280336440,5734386.861544299870729,7.897213510000029,51.755200809000030,0,5210923711213660000
5,5,66,12,2021,5,6,5,3,2,1,0,0,1,0,0,0,0,400067.566121894866228,5770258.297740707173944,7.541891741000029,52.073877904000028,1,5210527709000170000
5,5,15,0,2021,6,13,7,3,2,2,0,0,1,0,0,0,0,398356.585719966329634,5750827.491460440680385,7.522694407000074,51.898922860000027,0,5210619702100470000
5,5,70,40,2021,6,13,4,3,9,1,0,0,1,0,0,0,0,414471.387488295324147,5749429.014703979715705,7.757191897000041,51.889058579000050,0,5210630711231080000
5,5,15,0,2021,6,11,1,3,5,3,0,1,0,0,1,0,0,404659.057745852507651,5755252.423865310847759,7.613040565000063,51.939810143000045,0,5210606702100760000
5,5,66,92,2021,7,13,5,2,0,2,0,1,1,0,0,0,0,423174.004350489936769,5796634.087946109473705,7.872974932000034,52.314656031000027,1,5210701709700380000
5,5,70,16,2021,7,11,7,3,5,3,0,1,1,0,0,0,0,410238.929999982938170,5740167.095999656245112,7.698111712000070,51.805138947000046,0,5210703711221070000
5,5,66,8,2021,10,0,1,3,5,3,2,0,1,0,0,0,0,399225.847999971359968,5780803.726999662816525,7.526491692000036,52.168505607000043,1,5211031709110240000
5,5,15,0,2021,11,8,2,3,5,3,0,1,1,0,0,0,0,403993.256999975070357,5761414.572999661788344,7.601634963000038,51.995083100000045,1,5211129702100360000
5,5,70,4,2021,11,11,4,3,5,2,0,1,1,0,0,0,0,423799.354999993927777,5736183.357999652624130,7.895623221000051,51.771339455000032,0,5211124711211570000
5,5,66,16,2021,12,17,3,3,2,2,2,0,1,0,0,0,0,402915.426999976858497,5793341.292999673634768,7.576823163000029,52.281852687000026,0,5211214709500070000
5,5,15,0,2021,6,15,6,3,0,7,0,1,1,0,0,0,0,405592.486160779371858,5756889.050545364618301,7.626165767000032,51.954680046000078,0,5210611702100060000
5,5,66,20,2021,10,5,5,2,8,1,1,0,1,0,0,0,0,400607.916058047674596,5801895.513511531054974,7.540481023000041,52.358321783000065,1,5211007709000890000
5,5,15,0,2021,6,22,3,3,5,2,2,0,1,0,0,0,0,405151.358853337354958,5757194.358012065291405,7.619664132000025,51.957349215000079,0,5210601702100560000
5,5,15,0,2021,1,22,1,2,8,1,2,0,1,0,0,0,1,409357.664680582471192,5761572.038817381486297,7.679704327000024,51.997400042000038,1,5210103702100860000
5,5,15,0,2021,9,9,4,3,5,3,0,1,1,0,0,0,0,405578.327999978326261,5756998.950999662280083,7.625929598000027,51.955665476000036,0,5210908702100490000
5,5,15,0,2021,12,17,4,2,2,6,2,0,1,0,0,0,0,401315.335999973118305,5761152.320999657735229,7.562718875000030,51.992256512000040,1,5211215702330990000
5,5,15,0,2021,1,14,3,3,5,3,0,1,1,0,0,0,0,407236.135999980382621,5751236.058999661356211,7.651601146000075,51.904144330000065,1,5210119702100780000
5,5,15,0,2021,6,8,5,3,5,3,0,1,1,0,0,0,0,408416.299740183167160,5751425.574128009378910,7.668700391000073,51.906043076000060,0,5210624702100550000
5,5,15,0,2021,11,14,3,3,6,6,0,0,0,1,0,0,1,406195.538789627142251,5757443.002288263291121,7.634787538000069,51.959761274000073,0,5211109702100080000
5,5,66,44,2021,9,14,7,2,4,2,0,0,1,0,1,0,0,427583.628999994136393,5776206.648999679833651,7.942024363000030,52.131631636000066,0,5210918709800570000
5,5,15,0,2021,10,10,6,3,6,4,0,0,0,1,0,1,0,401874.479322019033134,5753654.791975289583206,7.573001331000057,51.924966095000059,0,5211022702100570000
5,5,70,16,2021,11,12,3,3,5,3,0,1,1,0,0,0,0,413300.045246239751577,5739011.188336517661810,7.742787241000030,51.795231464000040,1,5211123711221000000
5,5,66,72,2021,12,16,7,3,4,2,1,0,1,0,0,0,0,411991.849999983794987,5803023.153999684378505,7.707302958000071,52.370403215000067,1,5211218709700670000
5,5,70,24,2021,3,14,4,2,5,3,0,1,1,0,0,0,0,415434.220896346494555,5753772.336972026154399,7.770113117000051,51.928247726000052,0,5210324702100070000
5,5,15,0,2021,1,18,4,3,5,2,2,1,1,0,0,0,0,405017.682625291869044,5757717.275562029331923,7.617574755000021,51.962026590000050,1,5210127702100160000
5,5,15,0,2021,2,16,2,3,3,3,1,0,1,0,1,0,0,403812.804098103195429,5759473.441541392356157,7.599551862000055,51.977604420000034,1,5210201702100060000
5,5,66,32,2021,12,9,4,3,2,6,0,0,1,0,0,0,0,412703.769377640448511,5777032.939513379707932,7.724476485000025,52.136908539000046,1,5211229702350290000
5,5,15,0,2021,5,10,3,3,2,6,0,0,1,0,0,0,0,408206.670080718584359,5760577.956023627892137,7.663210011000047,51.988275626000075,1,5210518702100560000
5,5,15,0,2021,10,17,2,3,5,2,0,1,1,0,0,0,0,405428.197106653824449,5756136.602089628577232,7.623982810000030,51.947888796000029,0,5211004702100390000
5,5,15,0,2021,5,23,7,3,0,1,2,1,0,1,0,0,0,404258.149785186164081,5748545.752670584246516,7.609074138000040,51.879458778000071,0,5210501702100430000
5,5,70,4,2021,6,19,6,3,0,3,0,1,1,0,0,0,0,424569.300999992527068,5735056.567999655380845,7.907024536000051,51.761314260000063,0,5210611711211070000
5,5,15,0,2021,9,8,5,2,6,7,0,1,0,1,0,0,0,406929.618728039786220,5749168.327469475567341,7.647705141000074,51.885507171000029,0,5210909702100050000
5,5,15,0,2021,12,16,4,3,5,3,1,0,1,0,0,0,1,404646.031901550479233,5760311.687720440328121,7.611446480000041,51.985282477000055,1,5211201702100450000
5,5,70,20,2021,1,15,5,3,8,1,0,0,1,0,0,0,0,429019.635522004216909,5740912.746652778238058,7.970299261000036,51.814542148000044,1,5210114711421580000
5,5,66,40,2021,3,15,7,2,8,1,0,0,0,0,1,0,0,420882.924434963613749,5779078.372203320264816,7.843481702000076,52.156526556000074,0,5210306709800960000
5,5,15,0,2021,6,18,4,3,5,3,0,1,1,0,0,0,0,403054.664287882857025,5758146.528273593634367,7.588891994000051,51.965546008000047,0,5210623702100560000
5,5,66,92,2021,9,8,2,3,1,6,0,0,1,0,0,0,0,422855.425044859759510,5796481.639711111783981,7.868337365000059,52.313241041000026,0,5210906709700090000
5,5,15,0,2021,12,16,4,3,0,6,1,0,0,0,0,0,1,407228.781048975884914,5751291.274194061756134,7.651479403000053,51.904639413000041,1,5211222702100130000
5,5,15,0,2021,4,16,3,3,0,7,0,1,0,0,0,0,0,405683.780049814842641,5753902.925991699099541,7.628312912000069,51.927854852000053,0,5210420702100740000
5,5,66,8,2021,11,16,5,3,5,3,1,1,1,0,0,0,0,399094.575785195454955,5781289.084006631746888,7.524428595000074,52.172843871000055,1,5211125709100030000
5,5,66,40,2021,5,14,2,3,2,6,0,0,1,0,0,0,0,419352.983161481097341,5784521.009881081059575,7.819827976000056,52.205227836000063,0,5210531702350940000
5,5,66,92,2021,2,9,6,2,9,1,0,0,1,0,0,0,0,418883.457419150508940,5800020.052763249725103,7.809230599000045,52.344473626000081,0,5210226709700370000
5,5,66,28,2021,6,15,4,3,0,3,0,0,1,0,1,0,0,411956.530999984592199,5793030.784999679774046,7.709400778000031,52.280584408000038,0,5210623709700570000
5,5,66,12,2021,11,7,3,3,5,3,0,0,1,0,1,0,0,399790.678563597612083,5770099.980771157890558,7.537899604000074,52.072404927000036,0,5211109709110780000
5,5,15,0,2021,10,0,6,3,0,7,2,0,0,0,0,0,1,405028.881856828927994,5757791.042896434664726,7.617717305000042,51.962691553000070,0,5211001702100900000
5,5,15,0,2021,10,12,1,3,3,6,0,1,0,0,0,0,0,403682.801330610178411,5755653.391780704259872,7.598730862000025,51.943246049000038,1,5211024702100540000
5,5,66,12,2021,1,16,6,3,2,6,1,0,1,0,0,0,0,406972.259009914472699,5774712.467104459181428,7.641390141000045,52.115116280000052,1,5210108709110650000
5,5,15,0,2021,6,8,2,3,5,2,0,1,1,0,0,0,0,406165.184720505960286,5758559.671701375395060,7.634040773000038,51.969793286000026,0,5210628702100580000
5,5,15,0,2021,11,14,3,3,0,6,0,1,0,0,0,0,0,405468.126711370423436,5755055.438109233975410,7.624860853000030,51.938177591000056,0,5211116702100290000
5,5,15,0,2021,11,13,2,3,6,4,0,0,1,1,0,0,0,407215.508206321857870,5761115.717152180150151,7.648634479000066,51.992944591000082,0,5211115702100560000
5,5,66,8,2021,11,18,3,3,0,1,2,1,0,0,0,0,0,398928.639999968931079,5779590.912999665364623,7.522508619000064,52.157550830000048,1,5211116709110970000
5,5,15,0,2021,10,7,4,3,6,4,2,0,1,1,0,0,0,401818.537488368339837,5759115.333298426121473,7.570628236000061,51.974036881000075,0,5211020702100570000
5,5,70,16,2021,2,12,5,2,9,7,0,0,1,0,0,0,0,413115.991342725232244,5738947.579701699316502,7.740134956000077,51.794631118000041,0,5210225711211270000
5,5,66,28,2021,11,9,3,3,5,3,0,0,1,0,0,1,0,411743.188538981601596,5794483.470034196972847,7.705893884000034,52.293607252000072,0,5211102709700980000
5,5,15,0,2021,9,17,3,3,5,2,0,1,1,0,0,0,0,409480.456899750046432,5752249.336509035900235,7.683948548000046,51.913621580000040,0,5210921702100090000
5,5,15,0,2021,11,13,3,2,0,1,0,1,0,0,0,0,0,404985.665586533956230,5763557.993887757882476,7.615490646000069,52.014519553000071,1,5211130702100260000
5,5,15,0,2021,12,8,2,3,5,3,1,1,1,0,0,0,0,406307.862470924854279,5751065.777154428884387,7.638158319000070,51.902458404000072,0,5211213702100030000
5,5,15,0,2021,11,8,3,3,5,3,1,1,0,0,0,0,0,405929.625851106829941,5756153.101469766348600,7.631271814000058,51.948122126000044,1,5211116702100270000
5,5,66,8,2021,10,9,5,3,0,7,0,0,1,0,0,1,0,401084.450964094139636,5784163.958367912098765,7.552678165000032,52.199042975000054,0,5211028709110170000
5,5,70,24,2021,9,15,7,2,9,1,0,0,1,0,0,0,0,424407.259795112535357,5755679.149421310052276,7.900166377000062,51.946679755000048,0,5210918711161290000
5,5,70,44,2021,12,19,3,3,0,3,2,0,1,0,1,0,1,419720.480045585893095,5758233.478897701948881,7.831394216000035,51.968984368000065,1,5211214711141580000
5,5,66,12,2021,12,14,3,3,8,1,0,0,1,0,0,0,1,402822.253991027362645,5769006.513377735391259,7.582428111000070,52.063117019000060,1,5211221709110550000
5,5,66,16,2021,2,14,7,3,5,3,0,0,1,0,0,0,0,406387.594834608025849,5793901.453927744179964,7.627550468000038,52.287489718000074,1,5210206709500070000
5,5,66,8,2021,9,8,3,3,7,6,0,1,0,0,0,0,0,400272.012706798501313,5780649.055273160338402,7.541828654000028,52.167305491000036,0,5210928709110370000
5,5,70,4,2021,2,14,5,2,3,6,0,0,0,0,1,1,0,421376.599502407014370,5736275.746303001418710,7.860496657000056,51.771834925000064,0,5210204711200080000
5,5,70,16,2021,11,7,2,3,5,3,1,0,1,0,0,0,1,413657.432955991476774,5740172.576769167557359,7.747679042000073,51.805726608000043,1,5211129711221950000
5,5,15,0,2021,5,18,6,2,6,4,0,0,1,1,0,0,0,404928.375783828087151,5761188.330999184399843,7.615313651000065,51.993210444000056,0,5210514702100560000
5,5,15,0,2021,11,19,2,3,0,1,2,1,0,0,0,0,0,406419.860517876222730,5761347.106331164017320,7.636986586000035,51.994890914000052,1,5211108702100270000
5,5,66,16,2021,4,9,3,2,2,6,0,0,1,0,0,1,0,406526.104492719285190,5793458.244780195876956,7.629703446000065,52.283529755000075,0,5210413702350520000
5,5,66,16,2021,6,15,3,3,5,3,0,0,1,0,0,0,0,404602.023375836201012,5794086.903978090733290,7.601328121000051,52.288849441000082,0,5210629709500570000
5,5,70,20,2021,12,21,6,3,1,5,2,0,1,0,0,0,0,427397.989022648893297,5743075.469804028049111,7.946325000000058,51.833776091000061,1,5211203711421990000
5,5,66,92,2021,11,14,6,3,5,3,0,0,1,0,0,0,0,419911.494999990798533,5794631.127999687567353,7.825601651000056,52.296185972000046,0,5211112709700350000
5,5,70,52,2021,10,19,6,2,0,1,2,1,0,0,0,0,0,425542.770116829313338,5753177.611797053366899,7.917225713000050,51.924345460000040,1,5211001711161480000
5,5,70,44,2021,3,5,6,3,5,3,1,1,1,0,0,0,0,415903.836771133355796,5759582.561313655227423,7.775519266000060,51.980546840000045,0,5210319711141180000
5,5,66,8,2021,9,18,3,2,8,1,0,0,0,0,1,0,0,398063.016864470206201,5776530.774496871978045,7.510777192000035,52.129888088000030,0,5210921709100270000
5,5,66,20,2021,10,22,2,3,1,6,2,0,1,0,0,0,0,405923.874105175025761,5802255.358640486374497,7.618416782000054,52.362494159000050,0,5211004709700070000
5,5,66,12,2021,12,14,5,3,2,6,0,0,1,0,0,1,1,406973.576661515980959,5771418.369765955954790,7.642308818000060,52.085508244000039,1,5211209709110280000
5,5,15,0,2021,12,11,7,3,0,6,0,0,1,0,0,0,0,405967.633373812772334,5752310.990437829867005,7.632874659000038,51.913593734000074,0,5211225702100970000
5,5,15,0,2021,3,15,4,3,5,3,0,1,1,0,0,0,0,404681.094878212548792,5758302.417773082852364,7.612515002000066,51.967228462000037,0,5210303702100070000
5,5,66,44,2021,3,16,1,3,7,7,0,0,0,0,1,0,0,423406.165624132379889,5771539.318114725872874,7.882055373000071,52.089113412000074,0,5210328709800980000
5,5,66,16,2021,9,14,3,3,5,3,0,0,1,0,1,0,0,405530.955999978817999,5791519.979999676346779,7.615662435000047,52.265938657000049,0,5210914709500030000
5,5,66,56,2021,2,14,6,2,5,7,0,1,1,0,0,0,0,417193.671999988146126,5796947.537999687716365,7.785187882000059,52.316604000000041,0,5210205709700360000
5,5,15,0,2021,9,19,6,3,5,3,0,0,1,0,1,0,0,408149.262780196033418,5761313.934420134872198,7.662177069000052,51.994881491000058,0,5210903702100090000
5,5,70,52,2021,12,9,7,3,2,6,0,0,1,0,0,0,0,428698.419620864093304,5752701.118924995884299,7.963206297000056,51.920475097000065,1,5211218711000090000
5,5,58,28,2021,9,17,2,3,4,2,0,0,1,0,0,0,0,402473.954999973997474,5730521.484999643638730,7.588231681000025,51.717137964000074,0,5210906706300870000
5,5,66,16,2021,6,8,2,3,8,1,0,0,0,0,0,1,0,401705.984044275246561,5795444.113164313137531,7.558486333000076,52.300537175000045,1,5210621709500040000
5,5,15,0,2021,9,9,4,2,5,3,0,1,1,0,0,0,0,405227.361296191811562,5750565.592781266197562,7.622595328000045,51.897779744000047,0,5210908702100550000
5,5,70,40,2021,12,7,3,2,6,4,2,0,1,1,0,0,0,422647.579195093363523,5739937.776497451588511,7.878096856000070,51.804932047000079,1,5211214711231900000
5,5,66,40,2021,7,20,4,3,9,1,1,0,1,0,0,0,0,418846.952152178622782,5784257.203321216627955,7.812487759000021,52.202782276000050,0,5210707702350340000
5,5,15,0,2021,11,10,2,3,2,6,0,0,1,0,0,0,0,401900.994267863221467,5757272.472090611234307,7.572354755000049,51.957487407000031,1,5211129702100550000
5,5,66,32,2021,6,13,1,2,5,2,0,0,1,0,1,0,0,413587.158109550364316,5778090.441982895135880,7.737111783000046,52.146552832000054,0,5210620709000920000
5,5,15,0,2021,12,20,3,2,5,3,2,0,1,0,0,0,0,411066.320500994101167,5759223.365144571289420,7.705194709000068,51.976564866000047,0,5211221702100290000