ULAND,UREGBEZ,UKREIS,UGEMEINDE,UJAHR,UMONAT,USTUNDE,UWOCHENTAG,UKATEGORIE,UART,UTYP1,ULICHTVERH,IstRad,IstPKW,IstFuss,IstKrad,IstGkfz,IstSonstige,LINREFX,LINREFY,XGCSWGS84,YGCSWGS84,STRZUSTAND,UIDENTSTLAE
5,5,58,4,2021,3,19,3,3,8,1,0,0,1,0,0,0,0,409168.935247140005231,5734240.133087400346994,7.684147827000061,51.751689123000062,0,5210330706300010000
5,5,66,28,2021,11,13,4,3,2,6,0,0,1,0,0,0,0,412573.474999985657632,5792411.721999680623412,7.718602404000023,52.275118571000064,0,5211110709700940000
5,5,15,0,2021,6,11,3,3,5,3,0,0,1,0,0,0,0,404258.891266128048301,5759039.353416906669736,7.606165737000026,51.973779732000082,0,5210622702100370000
5,5,66,28,2021,11,8,3,3,5,3,0,1,1,0,0,0,0,412565.662979468703270,5792492.315955150872469,7.718467039000075,52.275841730000081,0,5211102709800470000
5,5,15,0,2021,12,7,6,2,2,6,2,0,1,0,1,0,0,405518.037563528865576,5754617.914275679737329,7.625706851000075,51.934253399000056,1,5211217702100490000
5,5,66,92,2021,1,8,3,3,3,6,1,0,1,0,0,0,0,422347.173209202475846,5790711.483726652339101,7.862212836000026,52.261302946000058,1,5210105702350540000
5,5,15,0,2021,10,7,3,2,5,3,2,1,0,0,0,0,1,401318.173999971710145,5748333.690999651327729,7.566437386000075,51.877040160000035,0,5211019702100070000
5,5,66,32,2021,11,7,1,2,2,6,0,0,1,0,0,0,0,413189.926175729371607,5777993.951628508046269,7.731332591000069,52.145623232000048,1,5211128702350770000
5,5,15,0,2021,5,12,6,3,0,7,0,1,0,0,0,0,0,406712.945677398703992,5751241.886055475100875,7.643996862000051,51.904109347000031,0,5210514702100030000
5,5,66,44,2021,5,13,5,3,2,6,0,0,1,0,0,0,0,430309.454090652987361,5777657.032781781628728,7.981543341000076,52.145020104000082,0,5210520709800380000
5,5,70,48,2021,10,16,6,3,5,3,0,1,1,0,0,0,0,451272.121261853724718,5726099.481365719810128,8.295156020000036,51.683744394000030,0,5211029711321540000
5,5,70,52,2021,3,16,1,3,0,1,0,0,0,0,1,0,0,431206.363999997265637,5757468.140999669209123,7.998714348000021,51.963644598000030,0,5210321711113140000
5,5,70,28,2021,6,17,6,3,2,6,0,0,1,0,0,0,0,443469.560198131948709,5741498.650561431422830,8.179800219000072,51.821458057000029,0,5210611400410590000
5,5,70,28,2021,6,14,2,3,8,1,0,0,1,0,0,0,0,438054.741380395367742,5740138.840430974960327,8.101489800000024,51.808659104000071,1,5210628711412470000
5,5,70,20,2021,6,17,4,3,5,3,0,1,1,0,0,0,0,437186.807225136086345,5746486.370309682562947,8.087749671000040,51.865626986000052,0,5210623711422770000
5,5,70,28,2021,4,15,4,1,4,6,0,1,0,0,0,0,0,444330.957684261724353,5743053.616678778082132,8.192046776000041,51.835524200000066,0,5210428711411880000
5,5,70,48,2021,1,19,7,3,2,6,2,0,1,0,0,0,0,449169.241225398145616,5731309.182760819792747,8.263980968000055,51.730396652000081,0,5210102711321540000
5,5,70,28,2021,12,1,4,2,8,7,2,0,0,0,0,1,0,442922.127394202165306,5741255.564668057486415,8.171898479000049,51.819216989000040,1,5211208400410280000
5,5,70,52,2021,11,20,5,3,4,6,2,0,1,0,0,0,0,432403.928535513579845,5755595.899800464510918,8.016510349000043,51.946960617000059,1,5211111711113490000
5,5,70,28,2021,3,20,7,3,0,1,2,1,0,0,0,0,0,441510.452999998815358,5742478.224999660626054,8.151213343000052,51.830063019000079,1,5210313711412170000
5,5,70,48,2021,10,14,5,3,1,6,0,0,1,0,0,1,0,448818.445694257505238,5731309.394044850021601,8.258901946000037,51.730366632000027,0,5211028711321880000
5,5,70,20,2021,10,6,2,2,9,1,2,0,1,0,0,0,0,438882.855654984712601,5746492.508777877315879,8.112377448000075,51.865870562000055,1,5211011711422080000
5,5,70,8,2021,3,16,1,2,0,7,0,0,0,0,1,0,0,435820.785787859931588,5729699.826875047758222,8.071019192000051,51.714558897000074,0,5210321711312180000
5,5,70,8,2021,1,17,6,3,5,3,0,1,1,0,0,0,0,433048.841131454333663,5733355.915839336812496,8.030198709000047,51.747103414000037,0,5210122711312570000
5,5,70,8,2021,9,18,4,3,2,6,0,1,1,0,0,0,0,431589.551817122846842,5737259.615627622231841,8.008295264000026,51.782021277000069,0,5210922711313370000
5,5,70,8,2021,11,10,2,3,0,2,0,0,1,0,0,0,1,434211.270999996922910,5734199.611999655142426,8.046874562000028,51.754826036000054,0,5211122711311690000
5,5,70,52,2021,12,13,2,3,5,3,0,1,0,0,0,0,1,430413.325753256678581,5755856.121566152200103,7.987500191000038,51.949054454000077,0,5211220711112190000
5,5,70,48,2021,2,18,3,3,8,1,2,0,1,0,0,0,0,445722.523140408098698,5734213.442213194444776,8.213624895000066,51.756184274000077,1,5210216711321870000
5,5,70,28,2021,1,0,6,3,9,1,2,0,1,0,0,0,0,441154.695735991932452,5741426.120615001767874,8.146230137000032,51.820566996000082,1,5210122711411670000
5,5,70,48,2021,10,18,7,3,1,7,1,0,1,0,1,0,0,449044.860603350214660,5729420.115942062810063,8.262456522000036,51.713401440000041,0,5211030711322010000
5,5,70,28,2021,11,18,5,3,3,6,2,0,1,0,0,1,0,439367.495000360533595,5739708.350422268733382,8.120604041000036,51.804932847000032,0,5211118301911670000
5,5,70,36,2021,9,11,5,2,5,3,0,1,1,0,0,0,0,434841.854962658137083,5759269.473639350384474,8.051278611000043,51.980276163000042,0,5210902711121540000
5,5,70,28,2021,11,14,5,2,0,1,0,0,0,0,1,0,0,440875.394416547380388,5744392.974014380946755,8.141671353000049,51.847210130000065,1,5211125711413780000
5,5,70,28,2021,9,13,5,3,6,4,0,0,1,1,0,0,0,441119.638368954882026,5737412.305819651111960,8.146403357000054,51.784478054000033,0,5210902711411880000
5,5,70,28,2021,9,19,6,2,5,2,0,0,1,0,0,0,0,440214.726970419287682,5740068.957809196785092,8.132828304000043,51.808266031000073,0,5210903711412590000
5,5,70,8,2021,1,6,6,3,9,1,2,0,1,0,0,0,0,434154.301613779738545,5733579.939927551895380,8.046166697000046,51.749248432000059,1,5210101711312480000
5,5,70,52,2021,9,6,6,3,2,6,1,0,1,0,0,0,1,430444.947999995201826,5755934.976999666541815,7.987944265000067,51.949767290000068,0,5210924711112280000
5,5,70,28,2021,10,15,6,2,2,6,0,0,1,0,0,0,0,443187.262277126312256,5741391.058319406583905,8.175722469000050,51.820462137000050,0,5211008400410840000
5,5,70,8,2021,11,11,2,3,4,6,0,0,1,0,0,0,0,435954.353371558710933,5732200.078887689858675,8.072492377000060,51.737051933000032,1,5211129711312790000
5,5,70,8,2021,5,14,3,2,4,6,0,0,1,0,0,1,0,431665.637302489019930,5740140.605715716257691,8.008830357000022,51.807930467000062,1,5210504711314080000
5,5,70,28,2021,10,4,7,2,8,1,2,0,1,0,0,0,0,440713.739854426123202,5741123.464375121518970,8.139885022000044,51.817799436000030,0,5211030711411800000
5,5,70,36,2021,3,11,4,2,4,2,0,0,1,0,0,0,1,431213.476481140591204,5762837.078437633812428,7.997740922000048,52.011910088000036,0,5210331711121540000
5,5,70,36,2021,4,19,6,1,9,1,0,0,0,0,1,0,0,435407.730828158557415,5766928.308976951986551,8.058071868000070,52.049193037000066,0,5210409711121650000
5,5,70,20,2021,3,19,7,3,8,1,2,0,1,0,0,0,0,432983.297812674194574,5746362.720173118636012,8.026734350000027,51.864026257000035,1,5210327711421480000
5,5,66,44,2021,10,18,5,3,8,1,1,0,0,0,1,0,0,432045.286999994888902,5779741.621999680995941,8.006489481000074,52.163975542000060,1,5211028709800570000
5,5,70,52,2021,12,10,4,3,8,1,0,0,0,0,1,0,0,432596.607799322344363,5754460.813804117962718,8.019535802000064,51.936779882000053,1,5211201711115380000
5,5,70,8,2021,10,19,5,2,7,4,1,0,1,1,0,0,0,432951.796122176572680,5737744.664685320109129,8.027946074000056,51.786546760000078,0,5211007711314180000
5,5,70,28,2021,7,18,6,3,5,3,0,0,1,0,0,0,0,441773.527433626353741,5741588.353452075272799,8.155180251000047,51.822090339000056,0,5210702711411180000
5,5,70,28,2021,9,14,6,3,2,6,0,0,1,0,0,0,0,439175.320398582145572,5739637.045808034017682,8.117829666000034,51.804270930000030,0,5210910301911480000
5,5,70,8,2021,9,16,5,3,5,2,0,1,0,0,0,0,1,433510.695594508200884,5736214.979181459173560,8.036340690000031,51.772861555000077,0,5210930711311080000
5,5,70,8,2021,3,9,7,2,0,1,0,0,1,1,0,0,0,432079.368303192779422,5733270.794347476214170,8.016174537000040,51.746221473000048,1,5210320711312750000
5,5,70,8,2021,9,11,5,2,5,3,0,0,1,0,0,0,1,431780.450999996624887,5740057.300999660044909,8.010511827000073,51.807195588000070,0,5210909711314890000
5,5,70,20,2021,1,5,4,2,9,1,2,0,1,0,0,0,0,432996.610136295668781,5749638.563917340710759,8.026291640000068,51.893477187000030,2,5210113711421760000
5,5,70,36,2021,11,13,4,3,5,3,0,0,1,0,0,1,0,437743.440774464048445,5766802.451385132968426,8.092150987000025,52.048328909000077,0,5211110711121070000
5,5,70,8,2021,3,15,6,3,5,3,0,0,1,0,0,0,0,435741.585999997332692,5734655.995999654754996,8.068957687000022,51.759106661000033,0,5210326711313680000
5,5,70,52,2021,3,16,4,3,5,3,0,1,1,0,0,0,0,430858.024816049262881,5757510.538740094751120,7.993636607000042,51.963982523000027,0,5210324711111860000
5,5,70,48,2021,6,10,3,3,5,3,0,0,1,0,0,0,0,449348.377868928946555,5733218.020197616890073,8.266296697000030,51.747574504000056,0,5210622711321670000
5,5,70,36,2021,6,10,4,3,9,1,0,0,0,0,0,0,1,436407.007421387359500,5766831.762432251125574,8.072659881000050,52.048440675000052,0,5210609711121880000
5,5,70,28,2021,10,13,3,3,0,2,0,1,0,0,0,1,0,441101.111428901553154,5742714.357758086174726,8.145233596000025,51.832142890000057,0,5211005711413790000
5,5,70,52,2021,10,15,6,3,0,6,0,1,0,0,0,0,0,430834.326999996788800,5757505.064999666064978,7.993292845000042,51.963930368000035,0,5211008711111730000
5,5,70,28,2021,11,0,6,2,8,6,2,0,1,0,0,0,0,442868.734853654168546,5741248.835533361881971,8.171125043000075,51.819151035000061,0,5211126400410500000
5,5,70,8,2021,6,16,4,3,2,6,0,0,1,0,0,0,1,434218.807911147363484,5735170.716930320486426,8.046799914000076,51.763557236000054,0,5210602711311480000
5,5,70,28,2021,3,13,2,2,2,6,0,0,1,0,0,0,0,442280.096506209112704,5740970.318723471835256,8.162632326000050,51.816586599000061,0,5210322400410060000
5,5,70,48,2021,10,12,1,3,9,1,0,1,1,0,0,0,0,449776.823601818643510,5724624.089406965300441,8.273740751000048,51.670347782000078,0,5211031711322880000
5,5,70,20,2021,10,11,7,2,8,1,0,0,1,0,0,0,0,433265.392931407317519,5746959.970746822655201,8.030715096000051,51.869429280000077,1,5211030711421690000
5,5,70,48,2021,11,22,6,3,8,1,2,0,1,0,0,0,0,448141.425999999977648,5724282.462999649345875,8.250144719000048,51.667127732000040,1,5211126711322490000
5,5,70,36,2021,5,20,3,3,8,1,0,0,1,0,0,0,0,434387.518148787319660,5760752.221385829150677,8.044380646000036,51.993552191000049,1,5210511711121470000
5,5,70,28,2021,11,17,5,2,4,6,2,0,1,0,0,0,1,440292.994770807214081,5735554.825668228790164,8.134740312000076,51.767691187000082,0,5211111711411980000
5,5,70,28,2021,9,7,4,3,0,6,0,1,0,0,0,0,0,441819.783595834858716,5742173.830050090327859,8.155752917000029,51.827358739000033,1,5210915711400790000
5,5,70,8,2021,6,14,6,3,2,6,0,0,1,0,0,0,0,434100.982631294056773,5734413.672858670353889,8.045236394000028,51.756737495000039,0,5210618711311080000
5,5,70,8,2021,12,9,5,3,9,6,0,0,1,0,0,1,0,431147.231610958464444,5734920.278516175225377,8.002348088000076,51.760936511000068,0,5211216301911570000
5,5,70,28,2021,4,18,1,2,9,1,0,0,1,0,0,0,0,442481.072983184829354,5741077.285811150446534,8.165529880000065,51.817568985000037,0,5210418400410720000
5,5,70,28,2021,6,13,3,3,1,2,0,0,1,0,0,0,0,439666.051999998278916,5740441.668999660760164,8.124805996000021,51.811557829000037,0,5210629711412070000
5,5,70,36,2021,11,13,4,2,9,1,0,0,0,0,0,1,0,436933.599302703514695,5761943.323530506342649,8.081238839000036,52.004554955000060,1,5211117711121880000
5,5,70,20,2021,10,16,5,3,1,6,0,0,1,0,0,0,0,439438.235197573900223,5744898.787986733019352,8.120721713000023,51.851603398000066,0,5211028711422070000
5,5,70,8,2021,11,7,6,3,9,1,0,0,0,0,1,0,0,435935.647008996456861,5732159.901343574747443,8.072228908000056,51.736688592000064,0,5211112711312080000
5,5,70,8,2021,10,15,5,2,5,2,0,1,1,0,0,0,0,433144.739681115373969,5734080.260082796216011,8.031448324000053,51.753626762000067,0,5211028711311080000
5,5,70,28,2021,11,11,3,3,8,7,0,0,1,0,0,0,0,441165.994612491689622,5740532.099368605762720,8.146545914000058,51.812530718000062,1,5211130400410780000
5,5,70,48,2021,6,4,1,1,8,1,2,0,1,0,0,0,0,446624.979531141929328,5734908.876498030498624,8.226591622000058,51.762523319000081,0,5210606711321380000
5,5,70,20,2021,3,20,6,2,8,1,2,0,1,0,0,0,0,434394.208599506877363,5748126.596324549987912,8.046886350000023,51.880051046000062,0,5210319711422870000
5,5,70,20,2021,1,6,6,3,3,2,2,1,1,0,0,0,0,432743.471093514002860,5742519.512118527665734,8.023999549000052,51.829447389000052,1,5210108711422470000
5,5,70,20,2021,10,13,7,3,2,6,0,0,1,0,0,0,0,439318.256383869796991,5745041.673693422228098,8.118954913000039,51.852874926000027,1,5211030711422480000
5,5,70,8,2021,1,11,2,3,5,3,0,0,1,0,0,0,0,433911.011999996379018,5734788.271999657154083,8.042413222000050,51.760082783000030,1,5210118711313680000
5,5,70,28,2021,12,15,3,3,5,3,0,0,1,0,0,0,0,444413.967230929061770,5739540.605961229652166,8.193815314000062,51.803949293000073,1,5211221711411380000
5,5,70,28,2021,2,13,1,3,5,2,0,0,1,0,0,0,0,441036.427447521127760,5741445.078700488433242,8.144511194000074,51.820724965000068,0,5210221711411480000
5,5,70,8,2021,11,2,7,3,8,1,2,0,1,0,0,1,0,438093.147263206541538,5739276.926954243332148,8.102200752000044,51.800914625000075,0,5211113301911280000
5,5,70,8,2021,12,7,3,3,2,6,1,0,1,0,0,0,0,433219.543923357501626,5737490.074349464848638,8.031876238000052,51.784290017000046,1,5211214711313700000
5,5,70,28,2021,9,16,6,2,5,1,0,0,1,0,0,0,0,441153.702233750373125,5742213.737898629158735,8.146081847000062,51.827647751000029,0,5210924711412700000
5,5,70,48,2021,12,7,4,1,2,6,2,1,1,0,0,1,1,450939.240696961060166,5729328.236789872869849,8.289887101000033,51.712744280000038,1,5211215711322470000
5,5,70,8,2021,10,16,6,3,2,6,0,0,1,0,0,0,0,436520.395748684182763,5738487.086162608116865,8.079539783000030,51.793637531000059,0,5211015301911580000
5,5,70,20,2021,12,21,7,3,9,1,2,0,1,0,0,0,0,438849.860488273203373,5746544.956071084365249,8.111889025000039,51.866338452000036,1,5211211711422090000
5,5,70,28,2021,3,17,4,3,5,3,0,1,1,0,0,0,0,441113.005999999120831,5743121.529999660328031,8.145336897000050,51.835804710000048,0,5210324711413070000
5,5,70,8,2021,10,16,6,2,4,6,0,0,0,0,1,0,0,437729.682316585443914,5728351.973447958007455,8.098887149000063,51.702656480000030,0,5211008711312480000
5,5,66,48,2021,11,14,2,3,0,3,0,1,1,0,0,0,0,431065.055187172256410,5795708.112260812893510,7.988904395000077,52.307379970000056,0,5211129709700050000
5,5,70,8,2021,10,19,1,3,2,6,1,0,1,0,0,0,0,431322.561141636222601,5735415.235535915941000,8.004790297000056,51.765407688000039,0,5211017301911960000
5,5,70,12,2021,6,13,2,2,5,3,0,1,1,0,0,0,0,442822.666999998502433,5751548.837999662384391,8.168751555000028,51.911745612000061,1,5210621711131080000
5,5,70,28,2021,9,15,2,2,0,7,0,1,0,0,0,0,0,440697.256999999284744,5741152.193999661132693,8.139641001000030,51.818055973000071,0,5210927711412480000
5,5,70,28,2021,6,7,4,3,5,3,0,1,1,0,0,0,0,445290.068999999202788,5743179.436999661847949,8.205945495000037,51.836750152000036,0,5210602711000380000
5,5,70,8,2021,1,20,6,3,9,1,2,0,1,0,0,0,1,436266.959355900995433,5738663.635061822831631,8.075833001000035,51.795195902000046,1,5210101711313780000
5,5,70,36,2021,9,14,7,3,5,3,0,1,1,0,0,0,0,434089.768898779526353,5760423.802000056952238,8.040107843000044,51.990564537000068,0,5210918711121780000
5,5,70,48,2021,10,16,7,2,5,3,0,0,1,0,1,0,0,448165.376752722077072,5732260.681297641247511,8.249304821000067,51.738859261000073,0,5211009711321530000
5,5,70,8,2021,4,9,7,3,4,2,0,0,1,0,0,0,1,434188.889999996870756,5734103.440999655053020,8.046568569000044,51.753958821000026,0,5210417711311680000
5,5,70,28,2021,9,13,7,2,3,6,0,0,1,0,0,1,0,440404.161892764270306,5740061.719438984990120,8.135576921000052,51.808221184000047,0,5210925400410920000
5,5,70,36,2021,6,20,2,2,0,1,0,1,0,0,0,0,0,431829.606009316630661,5761169.655795846134424,8.007048605000023,51.996996653000053,0,5210614711121540000
5,5,70,28,2021,10,19,2,3,6,2,2,0,1,1,0,0,0,445290.068999999202788,5743179.436999661847949,8.205945495000037,51.836750152000036,0,5211018711411080000
5,5,70,8,2021,5,14,6,2,4,2,0,0,1,0,0,1,1,431780.521021783351898,5740060.542267605662346,8.010512204000065,51.807224735000034,0,5210507711314880000
5,5,70,28,2021,10,14,4,2,6,6,0,0,1,1,0,0,0,441454.205193051137030,5749877.483640808612108,8.149143053000046,51.896577776000072,0,5211027711413560000
5,5,70,28,2021,11,18,7,3,5,1,2,0,1,0,0,0,0,441469.515223901718855,5742619.885153859853745,8.150595375000023,51.831332288000056,0,5211120711413510000
5,5,70,8,2021,6,7,3,3,5,2,0,1,1,0,0,0,0,433023.008170497603714,5739195.828695606440306,8.028698096000028,51.799601231000054,0,5210615711314870000
5,5,70,28,2021,11,7,2,3,1,6,1,0,1,0,0,0,0,440413.869773518294096,5740569.473464418202639,8.135630392000053,51.812787042000082,0,5211115711411600000
5,5,70,36,2021,1,14,5,3,5,3,0,0,1,0,0,0,0,434731.349229619838297,5760938.147644683718681,8.049352260000035,51.995264136000060,0,5210121711121580000
5,5,70,28,2021,10,0,7,3,5,3,2,0,1,0,0,0,0,445291.617408801801503,5743177.472858106717467,8.205968277000068,51.836732645000041,1,5211023711411080000
5,5,70,8,2021,3,12,7,3,9,1,0,0,1,0,0,0,0,433762.718666803091764,5737122.144817525520921,8.039819730000033,51.781046890000027,1,5210313301911580000
5,5,70,28,2021,11,20,6,3,2,6,2,0,1,0,1,0,0,441251.553283450193703,5745934.123906189575791,8.146869522000031,51.861105067000040,0,5211112711413770000
5,5,70,8,2021,12,18,3,3,5,3,2,1,1,0,0,0,0,433040.635520997457206,5733359.320421393960714,8.030079212000032,51.747133041000041,1,5211214711311750000
5,5,70,36,2021,9,11,5,3,4,6,0,1,0,0,0,0,0,435673.659999997355044,5761374.425999669358134,8.062993277000032,51.999296133000030,0,5210930711121380000
5,5,70,28,2021,3,16,3,3,5,2,0,0,1,0,0,0,0,440171.377693248912692,5737031.486385375261307,8.132723632000022,51.780953788000033,0,5210330711411080000
5,5,70,8,2021,6,16,3,3,8,1,0,0,0,0,1,0,0,436841.682999998331070,5730723.112999653443694,8.085608874000059,51.723874377000072,0,5210615711312450000
5,5,70,8,2021,2,16,7,3,2,6,0,0,1,0,1,0,0,434211.270999996922910,5734199.611999655142426,8.046874562000028,51.754826036000054,0,5210220711311220000
5,5,70,48,2021,3,8,3,2,4,6,0,0,1,0,0,0,0,450515.738993631675839,5727025.213439492508769,8.284084658000040,51.692001255000037,0,5210302711321480000
5,5,70,28,2021,3,19,6,3,5,3,2,0,1,0,0,0,0,441127.676999999210238,5741754.674999661743641,8.145782312000051,51.823517930000037,1,5210312711412180000
5,5,70,8,2021,3,7,5,3,5,3,1,0,1,0,0,0,0,434681.889999996870756,5733856.231999654322863,8.053756248000070,51.751794095000037,1,5210304711311580000
5,5,70,48,2021,4,12,2,2,8,1,0,0,0,0,0,1,0,446703.748352242633700,5734289.734280316159129,8.227827836000074,51.756964417000063,0,5210412711321180000
5,5,70,12,2021,10,12,6,2,5,3,0,0,1,0,0,0,0,440243.530883957631886,5752611.251778684556484,8.131076070000063,51.921026015000052,0,5211008711131280000
5,5,70,8,2021,11,22,6,3,6,2,2,0,1,1,0,0,0,433847.154159205965698,5734568.801359850913286,8.041529882000020,51.758102187000077,0,5211119711311720000
5,5,70,52,2021,7,9,2,3,9,1,0,0,1,0,0,0,0,430685.711167361587286,5750515.189817707985640,7.992538391000039,51.901075193000054,1,5210705711114380000
5,5,70,28,2021,2,11,1,3,8,1,0,0,1,0,0,0,0,438418.726612396538258,5739396.126631867140532,8.106900645000053,51.802022202000046,2,5210207301100140000
5,5,70,52,2021,2,17,4,3,5,3,1,0,1,0,0,0,0,432382.469999996945262,5755263.116999665275216,8.016263643000059,51.943966386000056,1,5210203711113280000
5,5,70,8,2021,5,22,2,3,2,6,2,0,1,0,0,0,0,430655.992491421289742,5736386.701703140512109,7.994938628000057,51.774058936000074,0,5210524711313670000
5,5,70,28,2021,12,15,2,3,2,1,0,0,1,0,0,0,1,443469.644811065867543,5741498.688156925141811,8.179801440000062,51.821458404000055,0,5211206400410500000
5,5,70,8,2021,2,17,4,3,5,3,0,1,1,0,0,0,0,434709.652785025537014,5732365.650333182886243,8.054438204000064,51.738396817000080,0,5210224711312040000
5,5,70,52,2021,10,12,2,3,5,2,0,1,1,0,0,0,0,430511.137999995611608,5756953.969999669119716,7.988701115000026,51.958935931000042,0,5211025711111180000
5,5,70,8,2021,2,6,2,3,0,7,1,0,1,0,0,1,0,431439.840311891399324,5735709.793001931160688,8.006431383000063,51.768070124000076,2,5210201031100780000
5,5,70,48,2021,11,11,7,2,9,1,0,0,1,0,0,0,0,446464.615112525410950,5735788.435605362057686,8.224132599000029,51.770415678000063,1,5211120711321080000
5,5,70,12,2021,6,14,3,2,4,6,0,0,1,0,0,0,0,439656.361127655953169,5754428.053218735381961,8.122220452000022,51.937295751000079,0,5210608711131070000
5,5,70,36,2021,11,22,6,3,5,3,2,1,1,0,0,0,0,434183.917175036855042,5760100.859110204502940,8.041540761000022,51.987672537000037,0,5211112711121080000
5,5,70,8,2021,3,15,2,3,5,3,0,0,1,0,0,0,0,433022.603615165688097,5733270.226419234648347,8.029835215000048,51.746329925000055,0,5210329711312070000
5,5,70,28,2021,3,13,5,2,5,2,0,0,1,0,0,0,0,440284.040627616457641,5740390.083439655601978,8.133778214000074,51.811160430000029,0,5210325711411570000
5,5,70,8,2021,12,12,4,3,9,6,0,0,1,0,0,0,0,430233.584487872198224,5732574.123090017586946,7.989582649000056,51.739731621000033,0,5211222301911880000
5,5,70,48,2021,12,22,3,3,9,1,2,0,1,0,0,0,0,442100.757231029681861,5734539.680842930451035,8.161104075000026,51.758754561000046,1,5211221711321720000
5,5,70,12,2021,9,9,6,3,5,3,0,0,1,0,0,0,0,437888.248716523870826,5752703.841460123658180,8.096815515000060,51.921600622000028,0,5210924711131090000
5,5,66,44,2021,5,17,1,2,5,5,0,0,1,0,1,0,0,432166.053553959354758,5779708.602981327101588,8.008261423000022,52.163693577000060,0,5210523709800270000
5,5,70,28,2021,2,15,1,3,1,5,0,0,1,0,0,0,0,440311.084838379174471,5739685.739555567502975,8.134291784000027,51.804831108000030,0,5210221711411770000
5,5,70,12,2021,6,16,5,2,9,1,0,0,0,0,1,0,0,437797.348285628482699,5752619.741096979007125,8.095509080000056,51.920834415000058,0,5210617711131850000
5,5,70,20,2021,10,15,6,2,5,3,0,0,1,0,0,1,0,438603.550202504731715,5746703.519969450309873,8.108284026000035,51.867736898000032,0,5211001711422880000
5,5,70,8,2021,2,7,5,3,5,3,2,0,1,0,0,0,0,435743.424518710002303,5734656.650458049029112,8.068984201000035,51.759112756000036,1,5210204711313450000
5,5,70,8,2021,12,17,5,2,5,3,2,0,1,0,0,0,0,433376.624033937230706,5739618.676051659509540,8.033744187000025,51.803444865000074,0,5211216711314850000
5,5,70,8,2021,2,22,4,3,4,6,2,1,0,0,0,0,0,434218.959056637249887,5740264.711901305243373,8.045836322000071,51.809352472000057,0,5210224711314580000
5,5,70,36,2021,9,14,1,3,2,2,0,0,1,0,0,0,0,430654.914788688533008,5761694.527860106900334,7.989835015000040,52.001569560000064,0,5210912711121880000
5,5,70,8,2021,1,2,4,3,9,1,2,0,1,0,0,0,0,437694.358828332275152,5739565.162911508232355,8.096366320000072,51.803461613000081,2,5210113711412180000
5,5,70,28,2021,4,15,5,3,2,2,0,0,1,0,0,0,0,439388.966966830193996,5736558.833744084462523,8.121465758000056,51.776620323000031,0,5210401711411070000
5,5,70,8,2021,3,17,4,2,6,4,1,0,1,1,0,0,0,433917.796859679743648,5734815.904402112588286,8.042506261000028,51.760332001000052,0,5210310711311880000
5,5,70,20,2021,7,6,4,2,9,1,0,0,1,0,0,0,1,435657.953299305401742,5747077.411685356870294,8.065438802000074,51.870766189000051,1,5210714711422080000
5,5,70,12,2021,2,15,1,3,5,2,0,1,1,0,0,0,0,439927.045999998226762,5753404.041999666020274,8.126336243000026,51.928119164000066,0,5210221711131980000
5,5,70,20,2021,6,18,2,3,5,3,0,0,1,0,0,0,0,434002.501506867818534,5748241.644442003220320,8.041174527000067,51.881039088000080,0,5210621711421270000
5,5,70,52,2021,3,17,3,2,5,3,0,0,1,0,1,0,0,432333.695767908357084,5755841.725240016356111,8.015440265000052,51.949161977000074,0,5210330711113880000
5,5,70,8,2021,11,5,4,3,8,1,2,0,1,0,0,0,0,430830.099126636050642,5734457.954383146017790,7.997845729000062,51.756741154000053,1,5211124711312070000
5,5,70,20,2021,4,7,4,2,8,1,0,0,0,0,1,0,0,433172.934169187210500,5749538.528549117967486,8.028873009000051,51.892599057000041,0,5210428711421480000
5,5,70,28,2021,10,15,4,3,5,2,0,1,1,0,0,0,0,444486.094958870671690,5739577.364208418875933,8.194855410000059,51.804286930000046,1,5211013711411890000
5,5,70,36,2021,7,6,4,3,8,1,0,0,1,0,0,0,0,431487.691602271981537,5766719.671324169263244,8.000958168000068,52.046846758000072,0,5210707711121880000
5,5,70,48,2021,1,3,7,3,8,1,2,0,1,0,0,0,0,449434.956999999471009,5734187.245999652892351,8.267409738000026,51.756296251000038,1,5210123711321180000
5,5,70,52,2021,5,19,1,3,8,1,0,0,1,0,0,0,0,433582.036063252948225,5752917.526295023038983,8.034165734000055,51.923024550000036,0,5210530711113040000
5,5,70,20,2021,12,12,3,3,7,7,0,0,1,0,0,0,1,434928.796220621094108,5750496.900029936805367,8.054204393000020,51.901422485000069,1,5211228711422440000
5,5,70,36,2021,10,14,1,3,0,7,0,1,0,0,0,0,0,433387.532257204875350,5766608.040726359933615,8.028678905000049,52.046074828000030,0,5211024711121740000
5,5,70,28,2021,2,6,6,3,8,7,2,0,1,0,0,0,0,446684.298113822937012,5737508.474796526134014,8.227051880000033,51.785900625000068,2,5210219711411480000
5,5,70,20,2021,1,5,4,3,9,1,2,0,1,0,0,0,0,435423.649880495853722,5747216.517428776249290,8.062010043000043,51.871989665000058,2,5210113711422770000
5,5,70,28,2021,5,18,3,2,9,1,0,0,1,0,0,0,0,440138.205311943776906,5739924.487439956516027,8.131743469000071,51.806959021000068,1,5210525301911890000
5,5,70,8,2021,10,17,4,3,8,1,0,0,1,0,0,0,0,430186.033063647337258,5732451.676049388945103,7.988918654000031,51.738624905000052,1,5211006301911450000
5,5,70,8,2021,10,19,6,3,2,6,2,0,1,0,0,0,0,437603.644481482915580,5739055.680788971483707,8.095142547000023,51.798871180000049,0,5211029031100420000
5,5,70,28,2021,10,18,1,3,2,6,0,0,1,0,0,0,0,441522.831814186647534,5740687.789514547213912,8.151695348000032,51.813967861000037,0,5211024400410690000
5,5,70,48,2021,12,7,3,3,3,6,2,1,1,0,0,0,0,448898.393017907626927,5731212.658236429095268,8.260073663000071,51.729504211000062,2,5211221711321080000