ULAND,UREGBEZ,UKREIS,UGEMEINDE,UJAHR,UMONAT,USTUNDE,UWOCHENTAG,UKATEGORIE,UART,UTYP1,ULICHTVERH,IstRad,IstPKW,IstFuss,IstKrad,IstGkfz,IstSonstige,LINREFX,LINREFY,XGCSWGS84,YGCSWGS84,STRZUSTAND,UIDENTSTLAE
5,5,70,20,2021,1,4,4,3,8,1,2,0,1,0,0,0,0,438869.565818189643323,5746513.856336928904057,8.112180682000030,51.866061022000054,2,5210113711422580000
5,5,70,28,2021,3,16,3,2,2,2,0,0,1,0,0,0,0,444257.583999998867512,5744672.958999661728740,8.190720964000036,51.850075258000061,0,5210316711413580000
5,5,70,8,2021,10,7,3,3,7,7,1,1,0,0,0,0,0,433242.450536496005952,5734223.241341643035412,8.032836213000053,51.754923826000038,0,5211026711311780000
5,5,70,8,2021,12,7,6,3,5,2,1,0,1,1,0,0,0,433010.511349939741194,5733984.391758462414145,8.029522494000048,51.752748863000079,0,5211203711311250000
5,5,70,28,2021,4,15,5,3,1,2,0,0,1,0,0,0,0,439390.118220737203956,5736559.735238194465637,8.121482286000060,51.776628552000034,0,5210401711411980000
5,5,70,20,2021,10,16,5,2,5,3,0,0,1,0,0,0,0,433621.629977940581739,5741343.790425755083561,8.036966516000064,51.818982746000074,1,5211021711422270000
5,5,70,8,2021,7,8,7,3,0,2,0,1,1,0,0,0,0,433100.417187887243927,5734413.785423960536718,8.030742118000035,51.756619878000038,0,5210710711311780000
5,5,70,28,2021,4,16,6,3,2,6,0,0,1,0,0,0,0,444886.974710763432086,5739586.803726190701127,8.200667446000068,51.804411457000072,0,5210430711413970000
5,5,70,8,2021,1,12,5,3,0,3,0,1,1,0,0,0,0,432536.624958891421556,5733627.581115540117025,8.022727606000046,51.749484247000055,1,5210114711312580000
5,5,70,8,2021,7,14,1,3,3,6,0,0,1,0,1,0,0,430499.164700050838292,5734838.751570863649249,7.992975694000052,51.760123527000076,0,5210711711312080000
5,5,70,8,2021,10,21,7,3,2,6,2,0,1,0,0,0,0,435425.138500172644854,5737914.873137194663286,8.063767245000065,51.788367909000044,0,5211023301911680000
5,5,70,8,2021,6,18,2,2,8,6,0,0,1,0,0,1,1,433045.742568254470825,5736867.218235947191715,8.029477170000064,51.778669767000054,0,5210614301911730000
5,5,70,20,2021,7,5,6,2,9,1,0,0,1,0,0,0,0,434464.350182961672544,5742949.609382344409823,8.048887060000027,51.833518506000075,0,5210702711422880000
5,5,70,36,2021,1,22,3,3,8,1,2,0,1,0,0,0,0,432249.309682172723114,5765070.354155847802758,8.012389066000026,52.032113742000035,2,5210112711121080000
5,5,70,8,2021,10,19,6,3,3,6,2,0,1,0,0,0,0,437723.974217707291245,5739126.602445023134351,8.096874568000032,51.799522190000062,0,5211029301911080000
5,5,70,36,2021,7,3,3,3,9,1,2,0,1,0,0,0,0,434017.681876050308347,5763662.113354925066233,8.038434445000064,52.019667374000051,0,5210713711121870000
5,5,70,20,2021,11,6,2,3,4,6,2,0,1,0,0,0,0,433202.195698431693017,5746681.743009153753519,8.029851151000059,51.866920484000048,1,5211129711422070000
5,5,70,48,2021,5,6,3,2,9,1,0,0,1,0,0,0,0,451218.026469776406884,5729317.851531239226460,8.293923411000037,51.712675224000066,0,5210525711322030000
5,5,70,8,2021,6,17,4,3,3,6,0,0,1,0,0,1,0,430549.294449825771153,5733383.641477959230542,7.993992635000041,51.747048380000081,0,5210602301911080000
5,5,70,28,2021,5,11,6,3,4,2,0,1,1,0,0,0,0,441469.849213384091854,5742619.518302179872990,8.150600284000063,51.831329025000059,0,5210514711413080000
5,5,70,8,2021,6,18,7,1,4,2,0,0,1,0,0,0,0,433025.196999996900558,5737706.418999660760164,8.029017446000069,51.786211724000054,0,5210626711314280000
5,5,70,28,2021,9,8,3,2,8,1,0,0,1,0,0,0,0,447129.866999998688698,5740134.115999659523368,8.233110555000053,51.809548642000038,0,5210921711411080000
5,5,70,8,2021,10,19,1,2,2,6,2,0,1,0,0,0,0,431413.379958884790540,5735648.196291562169790,8.006060147000028,51.767513130000054,0,5211017301911000000
5,5,70,28,2021,10,18,3,3,5,3,2,0,1,0,0,0,0,442775.008999997749925,5746848.514999661594629,8.168838719000064,51.869483973000058,0,5211026711413080000
5,5,70,8,2021,4,8,5,2,0,1,0,1,0,0,0,0,0,433911.472484033554792,5734790.015988057479262,8.042419562000021,51.760098516000028,0,5210422711311780000
5,5,70,28,2021,6,16,4,2,4,1,0,0,1,0,1,0,0,444575.683363302610815,5744934.893347999081016,8.195296699000039,51.852461803000040,0,5210623711413080000
5,5,70,20,2021,10,6,2,3,5,3,2,0,1,0,0,1,1,433266.310092994011939,5746964.145718876272440,8.030727608000063,51.869466922000072,1,5211011711421880000
5,5,70,20,2021,4,14,3,1,9,7,0,0,1,0,0,0,0,434761.955579543486238,5749862.461084375157952,8.051899829000035,51.895699443000069,0,5210413711422170000
5,5,70,8,2021,7,20,3,3,9,1,1,0,1,0,0,0,0,430550.920192220248282,5733433.337995436042547,7.994006255000045,51.747495351000055,1,5210713301911880000
5,5,70,8,2021,10,17,1,2,8,1,0,0,0,0,1,0,0,437791.393656229600310,5739621.717548962682486,8.097763301000043,51.803980852000052,0,5211010711313730000
5,5,70,8,2021,2,14,2,3,6,7,0,0,1,1,0,0,0,434173.946999995969236,5734218.910999657586217,8.046330250000040,51.754995150000070,0,5210222711214970000
5,5,66,44,2021,11,8,3,3,4,6,0,1,0,0,0,0,1,430654.564957707189023,5777873.343323551118374,7.986541783000064,52.147008028000073,1,5211102709800580000
5,5,70,36,2021,10,14,5,2,7,7,0,0,0,0,1,0,0,431603.408356030471623,5764003.385216765105724,8.003188504000036,52.022442880000028,0,5211028711121870000
5,5,70,8,2021,6,10,2,3,0,6,0,1,0,0,0,0,0,433810.728054381906986,5735700.786442600190639,8.040786538000020,51.768274498000039,0,5210628711313080000
5,5,70,8,2021,11,7,6,2,9,6,1,0,1,0,0,0,0,430229.801213953644037,5736125.949931971728802,7.988814905000027,51.771661837000067,1,5211119711312480000
5,5,70,48,2021,6,16,4,3,9,1,0,0,1,0,0,0,0,442440.690472883172333,5733763.081955274567008,8.166157370000064,51.751807685000074,0,5210630711322070000
5,5,70,12,2021,9,18,4,2,0,2,0,0,1,0,0,0,0,439757.651859698817134,5754987.945550642907619,8.123595593000061,51.942340158000036,0,5210922711131780000
5,5,70,36,2021,12,14,6,3,8,1,0,0,1,0,0,0,0,434380.784999997355044,5767717.323999673128128,8.042946943000061,52.056165346000057,1,5211224711121090000
5,5,70,52,2021,9,11,3,3,5,2,0,0,1,0,0,0,0,432382.579944078810513,5755270.859709816053510,8.016263720000040,51.944036004000054,0,5210928711113280000
5,5,70,28,2021,9,13,5,3,2,6,0,0,1,0,0,0,1,441171.046177290380001,5745706.484051672741771,8.145739320000075,51.859050063000041,0,5210909711413750000
5,5,70,8,2021,6,6,7,2,8,1,0,0,1,0,0,0,0,430895.961116516962647,5734320.293279225006700,7.998827170000027,51.755511717000047,0,5210612301911980000
5,5,70,48,2021,12,11,6,3,1,7,0,0,1,0,0,0,1,448363.198999999091029,5729044.920999651774764,8.252646398000024,51.709965858000032,0,5211203711321970000
5,5,70,8,2021,3,6,5,3,0,3,1,1,1,0,0,0,0,434508.833238425664604,5733255.052289426326752,8.051362829000027,51.746369216000062,1,5210311711312270000
5,5,70,52,2021,3,14,6,2,2,2,0,0,1,0,0,0,0,433158.224250514060259,5753418.409075129777193,8.027906443000063,51.927476652000053,1,5210312711113080000
5,5,70,48,2021,5,1,7,3,8,1,2,0,1,0,0,0,0,441757.608528845012188,5731961.482790522277355,8.156564616000026,51.735540018000052,1,5210515711321850000
5,5,70,12,2021,11,17,3,3,5,3,2,0,1,0,1,0,0,439479.971695753745735,5753889.367223814129829,8.119749733000049,51.932433809000031,1,5211130711131030000
5,5,70,36,2021,9,6,5,2,5,2,2,1,1,0,0,0,0,434098.936533282510936,5760410.116546608507633,8.040243967000038,51.990442597000026,1,5210930711121880000
5,5,70,52,2021,11,5,7,2,5,3,2,1,1,0,0,0,0,432333.861580715514719,5755847.264253908768296,8.015441587000055,51.949211791000039,1,5211127711113790000
5,5,70,28,2021,12,10,5,3,3,6,0,1,1,0,0,0,0,441269.360976927913725,5741349.912875721231103,8.147906509000052,51.819893934000049,0,5211209711412700000
5,5,70,48,2021,9,11,1,3,4,6,0,0,1,0,1,0,0,443143.791270112618804,5731658.128056691959500,8.176685877000068,51.732955065000056,0,5210912711322480000
5,5,12,0,2021,8,10,7,3,1,5,0,0,1,0,0,0,0,357279.811056933365762,5711260.561831418424845,6.942242046000047,51.534387219000052,1,5210828701400380000
5,5,13,0,2021,8,14,6,2,0,1,0,1,0,0,0,0,0,363095.116924128495157,5711815.021590340882540,7.025817554000071,51.540809960000047,0,5210806700000080000
5,5,13,0,2021,7,15,2,3,3,6,0,0,1,0,0,0,0,369377.059033278375864,5709066.526431491598487,7.117369268000061,51.517598532000079,0,5210719700100180000
5,5,62,14,2021,8,14,1,3,5,3,0,0,1,0,0,0,0,362005.925999851897359,5711447.804999452084303,7.010265419000064,51.537244826000062,0,5210808701300990000
5,5,12,0,2021,8,10,1,3,5,3,0,0,1,0,0,0,0,354128.318999804556370,5711346.187999343499541,6.896800539000026,51.534351156000071,0,5210801701400870000
5,5,13,0,2021,8,20,7,3,5,3,0,1,1,0,0,0,0,369349.101115641184151,5707363.556243592873216,7.117597584000066,51.502287723000052,0,5210814700100770000
5,5,62,4,2021,8,17,3,3,5,3,0,0,1,0,1,0,0,383125.318999934941530,5709598.179999593645334,7.315245047000076,51.525388933000045,0,5210831701800260000
5,5,13,0,2021,8,21,6,3,5,2,1,0,1,0,0,0,0,370221.152999890036881,5710609.305999526754022,7.128959610000038,51.531657882000047,0,5210813700100760000
5,5,13,0,2021,8,12,4,3,5,3,0,1,1,0,0,0,0,364009.288999861106277,5710070.806999474763870,7.039665299000035,51.525356735000059,0,5210804700100270000
5,5,12,0,2021,7,17,4,3,2,1,0,0,1,0,0,0,0,353287.680553927086294,5712047.773383278399706,6.884396571000025,51.540437451000059,0,5210721702340500000
5,5,12,0,2021,7,5,5,3,8,1,1,1,0,0,0,0,0,360576.771965732797980,5711343.176879260689020,6.989713481000024,51.535953457000062,0,5210729701400170000
5,5,12,0,2021,8,18,1,2,5,3,0,0,1,0,0,0,0,360245.054181364364922,5711388.852707430720329,6.984915626000031,51.536281883000072,0,5210822701400590000
5,5,12,0,2021,8,22,6,2,4,2,2,0,1,0,1,0,0,356191.425999817438424,5710479.421999374404550,6.926879555000028,51.527091875000053,0,5210813701400390000
5,5,13,0,2021,7,16,6,3,5,2,0,1,1,0,0,0,0,368606.827999883331358,5709626.828999513760209,7.106065736000062,51.522455218000061,0,5210723700100070000
5,5,13,0,2021,8,6,4,3,2,6,0,0,1,0,0,0,0,369011.073246412910521,5711273.419512717053294,7.111276794000048,51.537346686000035,0,5210825702340770000
5,5,12,0,2021,8,8,5,3,3,2,0,1,1,0,0,0,0,356191.622999817132950,5712088.760999374091625,6.926225096000053,51.541553094000051,1,5210819701400890000
5,5,13,0,2021,8,7,4,3,6,4,0,0,1,1,0,0,0,369299.295585467480123,5707458.449761075899005,7.116845248000061,51.503129002000037,1,5210818700100750000
5,5,13,0,2021,8,12,6,3,2,2,0,0,1,0,0,0,0,366466.387999874539673,5709554.247999498620629,7.075258980000058,51.521300958000040,0,5210820700100670000
5,5,12,0,2021,8,22,2,2,5,2,2,0,1,0,0,0,0,356499.353069336153567,5709618.369493165984750,6.931666165000024,51.519432938000080,1,5210809701400960000
5,5,13,0,2021,7,15,6,3,5,2,0,0,1,0,1,0,0,368975.437999883666635,5710950.889999518170953,7.110883306000062,51.534439914000075,0,5210730700100070000
5,5,12,0,2021,8,14,7,3,2,6,0,0,1,0,0,0,0,358990.066433642059565,5708172.268351834267378,6.968119772000023,51.507065472000079,0,5210828500630640000
5,5,13,0,2021,8,17,6,3,5,2,0,0,1,0,0,0,0,368892.097937942482531,5708632.055152226239443,7.110545353000020,51.513581672000043,1,5210827700100760000
5,5,13,0,2021,4,16,4,2,2,6,0,0,1,0,0,0,0,364230.325661621056497,5708857.471190648153424,7.043317066000043,51.514506339000036,0,5210414702340000000
5,5,62,4,2021,8,17,7,2,0,1,0,1,0,0,0,0,0,383622.270491027273238,5709946.501485968008637,7.322290233000047,51.528622218000066,0,5210821701800050000
5,5,12,0,2021,7,6,6,3,2,2,0,0,1,0,0,0,1,357459.313999825157225,5709712.840999394655228,6.945454662000031,51.520524908000027,0,5210716701400860000
5,5,13,0,2021,4,13,2,3,3,6,0,0,1,0,0,0,0,367984.485999880358577,5707678.496999509632587,7.097830092000038,51.504800931000034,0,5210426700000870000
5,5,12,0,2021,8,14,6,3,2,1,0,0,1,0,0,0,0,356075.821052032522857,5709988.991759579628706,6.925414545000024,51.522655520000058,1,5210827701400760000
5,5,13,0,2021,8,17,3,3,5,2,0,1,1,0,0,0,0,367784.745999880135059,5708002.375999506562948,7.094832388000043,51.507664855000030,0,5210810700100460000
5,5,12,0,2021,8,18,5,3,2,6,0,0,1,0,0,0,0,355956.799190863035619,5711010.781387345865369,6.923282288000053,51.531806751000033,0,5210826701400170000
5,5,13,0,2021,7,19,6,2,5,3,0,0,1,0,0,0,0,363673.552937988191843,5710649.579028179869056,7.034604644000069,51.530476861000068,0,5210723700000800000
5,5,13,0,2021,8,20,7,3,1,6,1,0,1,0,0,0,0,365615.983999868854880,5709903.124999487772584,7.062875782000049,51.524234467000042,0,5210807700100080000
5,5,12,0,2021,4,7,6,3,5,3,0,0,1,0,0,0,0,356357.497999818995595,5710666.333999380469322,6.929195714000059,51.528813697000032,0,5210423701400780000
5,5,12,0,2021,8,16,6,3,2,6,0,0,1,0,0,0,0,353923.084403065033257,5712185.628332853317261,6.893495254000072,51.541840955000055,0,5210806702340000000
5,5,13,0,2021,8,15,3,3,2,6,0,0,1,0,0,0,0,368874.761937357485294,5710617.382937997579575,7.109556798000028,51.531419385000049,0,5210831700100980000
5,5,12,0,2021,7,15,1,3,5,3,0,1,1,0,0,0,0,360577.067580996081233,5710029.470246884971857,6.990237808000074,51.524148374000049,0,5210718701400010000
5,5,13,0,2021,8,9,4,3,2,6,0,0,1,0,0,0,0,367966.381656471639872,5711128.365410983562469,7.096276748000037,51.535799744000030,1,5210818700100880000
5,5,13,0,2021,8,17,7,2,9,1,0,0,0,0,1,0,0,366305.615031422115862,5711263.356862071901560,7.072294257000067,51.536621988000036,0,5210821700100880000
5,5,12,0,2021,8,17,6,2,5,3,0,1,1,0,0,0,0,355748.649276849813759,5709745.251463709399104,6.920801669000070,51.520381861000033,0,5210820701400970000
5,5,13,0,2021,4,8,2,3,3,6,0,0,1,0,0,0,0,364630.854550300166011,5708858.558624960482121,7.049085378000029,51.514612224000075,0,5210426702340080000
5,5,13,0,2021,8,8,5,2,2,6,0,0,1,0,0,1,0,367910.320357467979193,5707963.799653816968203,7.096655238000039,51.507347546000062,0,5210805700100760000
5,5,13,0,2021,7,19,6,2,4,6,0,1,0,0,0,0,1,364002.889158165082335,5710114.822024121880531,7.039556110000035,51.525750731000073,0,5210723700100740000
5,5,13,0,2021,8,17,6,3,2,6,0,0,1,0,0,0,0,363004.438999855890870,5711323.379999462515116,7.024702142000024,51.536369910000076,0,5210806700100470000
5,5,13,0,2021,7,10,6,3,5,3,0,0,1,0,0,0,1,363099.277461255900562,5711104.172308566048741,7.026153953000062,51.534423044000050,0,5210730700200070000
5,5,12,0,2021,7,17,1,3,5,2,0,0,1,0,0,0,0,356407.216279592365026,5710088.687366394326091,6.930147431000023,51.523635717000047,0,5210718701400770000
5,5,62,4,2021,7,22,6,2,2,2,2,0,1,0,0,0,0,382974.503999933600426,5715841.467999598011374,7.310994620000031,51.581470748000072,0,5210716701800770000
5,5,62,8,2021,6,11,4,3,5,3,0,1,1,0,0,0,0,381951.473999933339655,5726213.384999597445130,7.292740043000038,51.674475451000035,0,5210609701910300000
5,5,66,92,2021,8,12,3,3,5,2,0,1,1,0,0,0,0,423175.556368182413280,5796602.967060415074229,7.873004801000036,52.314376511000034,0,5210817709700040000
5,5,62,8,2021,8,21,2,3,2,6,2,0,1,0,0,0,0,384948.486999939195812,5722804.928999608382583,7.337185861000023,51.644463154000050,0,5210816701910560000
5,5,70,44,2021,8,19,7,2,4,6,0,0,1,0,0,0,0,419112.385999990627170,5758571.991999667137861,7.822464615000058,51.971939135000071,0,5210807711142600000
5,5,70,8,2021,7,15,4,3,4,2,0,0,1,0,0,0,0,434188.889999996870756,5734103.440999655053020,8.046568569000044,51.753958821000026,1,5210714711311800000
5,5,13,0,2021,8,20,1,2,5,3,1,0,1,0,0,0,1,365479.995160032995045,5714341.693961197510362,7.059219993000056,51.564089298000056,1,5210829700000920000
5,5,54,20,2021,8,20,6,3,1,7,1,0,1,0,0,0,0,364568.849999866448343,5786238.636999495327473,7.017855744000030,52.209924521000062,0,5210806705000620000
5,5,58,12,2021,7,15,3,3,5,2,0,0,1,0,0,0,1,369685.950664084404707,5752235.206204744055867,7.105676373000051,51.905606300000045,0,5210720706200970000
5,5,54,16,2021,3,19,4,3,7,7,2,0,1,0,0,0,0,362827.459520921111107,5756235.153915608301759,7.004447098000071,51.939901945000031,0,5210310705000000000
5,5,62,32,2021,7,12,4,3,8,7,0,0,1,0,0,0,0,374090.553318849764764,5717602.521221706643701,7.182209625000041,51.595382819000065,0,5210721701110070000
5,5,54,12,2021,5,14,5,3,5,3,0,1,1,0,0,0,0,352841.352130637504160,5745921.794165626168251,6.863677749000033,51.844686712000055,0,5210506705000550000
5,5,54,12,2021,7,21,7,2,5,3,1,1,1,0,0,0,0,352244.803999793715775,5745910.134999308735132,6.855029097000056,51.844424414000059,0,5210731705000650000
5,5,62,32,2021,7,16,2,2,0,1,0,1,0,0,0,0,0,374729.933684461750090,5719703.640200300142169,7.190684963000024,51.614408292000064,0,5210719701110770000
5,5,58,32,2021,8,7,3,2,9,1,0,0,1,0,0,0,0,383840.155275300145149,5754420.816682193428278,7.310590720000050,51.928379907000078,0,5210810706000990000
5,5,15,0,2021,2,20,4,3,2,6,2,0,1,0,0,0,0,403992.086999976076186,5756988.022999657317996,7.602856252000038,51.955295656000033,1,5210203702100000000
5,5,15,0,2021,7,13,6,3,5,3,0,1,0,0,0,0,0,405842.832699827849865,5760210.852944554761052,7.628896658000031,51.984580278000067,0,5210730702100060000
5,5,66,60,2021,7,15,2,3,9,2,0,0,0,0,1,0,0,389050.885939556173980,5787133.040272587910295,7.375703660000056,52.223435781000035,0,5210719709500270000
5,5,66,72,2021,8,11,6,3,4,1,0,0,1,0,0,0,0,412895.511999985203147,5802922.534999685361981,7.720598811000059,52.369643247000056,0,5210820709700070000
5,5,62,28,2021,7,20,6,3,5,3,0,1,1,0,0,0,0,377320.842999917455018,5723860.972999574616551,7.226629919000061,51.652341732000082,0,5210723701920080000
5,5,58,16,2021,8,8,5,3,8,1,0,0,1,0,0,0,0,380828.352087126113474,5744886.569217400625348,7.270102193000071,51.842058756000029,1,5210826706100980000
5,5,70,28,2021,1,4,4,3,2,6,2,0,1,0,0,1,0,444299.418820663355291,5741845.532072858884931,8.191783523000026,51.824659983000060,0,5210113400410400000
5,5,66,8,2021,8,14,4,3,0,7,0,1,0,0,0,0,0,395766.937671274878085,5779630.723253678530455,7.476295120000032,52.157320775000073,0,5210825709110040000
5,5,54,68,2021,8,18,6,3,1,2,0,0,1,0,0,0,0,350685.053839546628296,5765691.191600972786546,6.823819261000040,52.021734309000067,0,5210827705000990000
5,5,66,60,2021,8,15,2,3,5,3,0,1,1,0,0,0,0,389928.381999952718616,5790800.058999652042985,7.387350284000036,52.256567440000026,0,5210802709500030000
5,5,13,0,2021,8,13,1,3,1,6,0,0,1,0,0,0,0,363382.173324278555810,5716064.522271266207099,7.028303004000065,51.579066848000082,1,5210829702340370000
5,5,54,24,2021,3,2,6,3,8,1,2,0,0,0,0,1,0,369428.412994530983269,5779611.510404959321022,7.091487389000065,52.151548097000045,0,5210326702340100000
5,5,62,14,2021,6,15,7,3,2,6,0,0,1,0,0,0,0,361485.727868738584220,5713473.762540860101581,7.001972033000072,51.555323055000031,0,5210612701300970000
5,5,15,0,2021,8,11,4,3,0,3,0,1,1,0,0,0,0,405506.124688534066081,5751876.280422361567616,7.626286169000025,51.909608227000035,0,5210825702100050000
5,5,66,76,2021,7,22,1,3,2,6,2,0,1,0,0,0,0,394143.448673502542078,5797452.941483667120337,7.446990108000023,52.317185533000043,0,5210725702350540000
5,5,15,0,2021,8,7,2,3,0,1,0,0,0,0,1,0,0,405914.958885911852121,5757912.433896880596876,7.630576696000048,51.963933328000053,1,5210823702100350000
5,5,62,16,2021,4,13,2,3,5,3,0,1,1,0,0,0,0,374555.011999906972051,5734318.435999564826488,7.182908769000051,51.745711598000071,0,5210426701700920000
5,5,62,32,2021,7,16,3,3,0,7,0,1,0,0,0,0,0,377301.586999918334186,5720444.426999576389790,7.227549418000024,51.621632321000050,0,5210720701110770000
5,5,70,52,2021,3,13,2,2,5,3,0,0,1,0,0,0,0,423185.274290995672345,5747041.585087124258280,7.884316549000062,51.868865907000043,1,5210315711114500000
5,5,54,68,2021,8,10,1,2,0,7,0,1,0,0,0,0,0,353449.731758102774620,5774434.480778500437737,6.860330257000044,52.101026399000034,1,5210829705000990000
5,5,13,0,2021,8,18,7,3,2,6,0,0,1,0,0,0,0,365910.701999871060252,5712525.416999494656920,7.066122737000057,51.547869872000035,0,5210814700000760000
5,5,62,12,2021,4,15,6,2,8,1,0,0,1,0,0,0,0,359880.733752570115030,5739042.476733025163412,6.968580696000060,51.784683032000032,0,5210416702340600000
5,5,54,36,2021,6,14,1,2,9,1,0,0,1,0,0,0,0,367060.263383247889578,5766860.920278854668140,7.061867426000049,52.036410729000067,0,5210606702340170000
5,5,66,16,2021,7,22,7,2,5,3,2,0,1,0,1,0,0,402794.080999974161386,5793612.586999673396349,7.574966697000036,52.284269561000031,0,5210717709500300000
5,5,58,40,2021,8,17,1,3,0,2,0,0,1,0,0,0,0,376167.325602559372783,5761178.644565355032682,7.196620377000045,51.987455682000075,1,5210801706200970000
5,5,66,88,2021,8,15,6,3,8,1,0,0,0,0,0,1,0,423412.814999992959201,5789557.697999684140086,7.878085339000052,52.251081165000073,1,5210827709800880000
5,5,54,4,2021,8,14,4,3,5,3,0,1,1,0,0,0,0,364451.346950430423021,5772582.833388291299343,7.021585023000057,52.087193439000032,1,5210818705000990000
5,5,66,20,2021,8,11,4,2,2,6,0,0,1,0,0,0,0,405505.428512881509960,5809937.420247483998537,7.610105587000021,52.431466288000081,0,5210804709700780000
5,5,54,8,2021,8,7,5,3,1,5,0,0,1,0,0,0,0,334475.462473277933896,5745478.295880207791924,6.597508801000060,51.835560756000064,1,5210819705000990000
5,5,54,28,2021,8,13,6,3,0,7,0,1,0,0,0,0,0,356602.928238158114254,5742317.551831640303135,6.919738785000050,51.813280300000031,0,5210820705000990000
5,5,15,0,2021,7,15,6,3,2,6,0,0,1,0,0,0,1,403168.819090852513909,5763882.029227681457996,7.588933273000066,52.017117997000071,0,5210730702350580000
5,5,66,92,2021,8,10,4,2,0,6,0,0,1,0,1,1,0,422007.481640056706965,5790702.707649750635028,7.857238695000035,52.261175998000056,0,5210818702350600000
5,5,66,84,2021,8,11,2,3,8,1,0,0,0,0,1,0,0,390429.419996125623584,5782493.096255470067263,7.397377937000044,52.182011984000042,1,5210802709300140000
5,5,58,12,2021,8,21,1,3,5,3,2,0,1,0,0,0,0,374079.003515156917274,5755556.621842566877604,7.168285821000040,51.936464402000070,1,5210829706200070000
5,5,15,0,2021,6,18,2,3,5,3,0,1,0,0,0,0,0,403971.120802078396082,5757688.506092792376876,7.602355430000046,51.961588220000067,1,5210628702100200000
5,5,62,4,2021,5,7,5,3,5,2,0,0,1,0,0,0,1,384004.472999936901033,5716903.553999600932002,7.325502129000029,51.591229439000074,1,5210506701800080000
5,5,70,16,2021,8,16,1,2,8,1,0,1,0,0,0,0,0,415492.258803041651845,5733427.502638312056661,7.775926699000024,51.745373832000041,0,5210822711221220000
5,5,54,32,2021,6,6,4,3,4,6,0,0,1,0,0,0,0,322806.559999519959092,5747059.399998113512993,6.427509864000058,51.846182926000040,0,5210616705000770000
5,5,54,56,2021,7,16,6,3,1,6,0,0,1,0,0,0,0,356835.330777457915246,5762410.226491430774331,6.914761612000063,51.993875984000056,0,5210730705000990000
5,5,54,4,2021,8,7,6,3,5,3,0,0,1,0,1,0,0,364466.356326829642057,5772584.339363005012274,7.021803354000042,52.087210646000074,0,5210813705000080000
5,5,54,28,2021,3,15,7,3,2,6,0,0,1,0,0,0,0,362461.467290621250868,5744776.808304375037551,7.003694826000071,51.836850859000037,2,5210313702340200000
5,5,66,40,2021,8,18,2,3,8,1,0,0,0,0,1,0,0,425375.765999993309379,5779663.207999678328633,7.909015376000070,52.162409253000078,0,5210802709700170000
5,5,15,0,2021,8,7,5,3,5,3,0,1,1,0,0,0,0,404035.269172664731741,5753644.989235537126660,7.604417348000027,51.925254655000060,0,5210819702100730000
5,5,66,76,2021,7,18,5,3,0,4,0,1,0,1,0,0,0,395078.091999962925911,5791910.352999662980437,7.462422901000025,52.267552249000062,0,5210729709000660000
5,5,58,4,2021,3,12,7,2,2,6,0,0,1,0,0,0,0,406903.540325559675694,5731894.580690104514360,7.651966845000061,51.730233351000038,1,5210313702330000000
5,5,66,56,2021,6,11,3,3,5,2,0,0,1,0,1,0,0,414414.749999986030161,5799084.039999682456255,7.743886266000061,52.335381298000073,0,5210615709700870000
5,5,58,12,2021,7,17,6,3,5,3,0,0,1,0,0,0,0,374496.618999908678234,5756785.257999569177628,7.173908926000024,51.947599852000053,0,5210730706200990000
5,5,58,20,2021,3,8,6,3,5,2,0,1,1,0,0,0,0,391113.042640695348382,5759278.699906595051289,7.414782106000075,51.973510778000048,0,5210319706200000000
5,5,54,40,2021,2,19,1,3,5,2,2,0,1,0,0,0,0,350852.009962939657271,5737862.911937585100532,6.838288396000053,51.771751119000044,0,5210228705000800000
5,5,58,16,2021,8,8,3,3,0,1,0,1,0,0,0,0,0,381434.961393889039755,5743430.027052571997046,7.279402564000065,51.829097726000043,0,5210817706100380000
5,5,70,48,2021,8,17,5,2,8,1,0,0,1,0,0,0,0,451777.306197023019195,5729335.743632702156901,8.302015371000039,51.712884449000057,0,5210826711322970000
5,5,66,28,2021,8,21,7,1,9,1,0,1,0,0,0,0,0,409673.303634530864656,5796797.357292097061872,7.674931141000059,52.314068269000074,0,5210828709700160000
5,5,70,4,2021,5,15,2,3,2,6,0,0,1,0,0,0,0,424313.791068455204368,5735019.710705164819956,7.903331007000077,51.760948447000033,0,5210517711213200000
5,5,58,16,2021,8,9,4,3,0,1,0,1,0,0,0,0,0,380358.808124538511038,5740682.157226953655481,7.264742413000022,51.804172877000042,0,5210818706100990000
5,5,70,20,2021,6,8,3,2,5,3,0,0,1,0,0,0,0,438071.879999997094274,5747185.254999665543437,8.100476723000043,51.872008949000076,0,5210601711422600000
5,5,15,0,2021,6,11,7,3,2,6,0,0,1,0,0,0,0,406307.362999980337918,5751066.836999656632543,7.638150773000064,51.902467846000036,0,5210612702100060000
5,5,66,76,2021,4,18,4,2,4,1,0,0,1,0,0,1,0,393055.149585700593889,5793287.348145058378577,7.432353004000049,52.279537866000055,0,5210428709500700000
5,5,15,0,2021,7,13,3,3,5,3,0,0,1,0,0,0,1,406719.328999978490174,5757662.142999658361077,7.642348849000030,51.961819141000035,0,5210727702100570000
5,5,70,4,2021,8,10,5,3,9,1,0,0,1,0,0,0,0,421549.132838306017220,5731114.516487149521708,7.864161112000033,51.725461873000029,1,5210819711215400000
5,5,66,88,2021,8,11,4,3,4,1,0,0,0,0,0,1,0,422213.879420105367899,5789250.716583060100675,7.860596743000031,52.248153586000058,0,5210804709700970000
5,5,54,4,2021,7,13,3,3,4,7,0,1,0,0,0,0,1,362751.159999857656658,5771137.374999469146132,6.997367640000050,52.073786556000073,0,5210727705000480000
5,5,54,28,2021,7,17,7,3,0,7,0,1,0,0,0,0,0,358075.326999831013381,5744490.084999406710267,6.940193445000034,51.833177199000033,0,5210724705000990000