ULAND,UREGBEZ,UKREIS,UGEMEINDE,UJAHR,UMONAT,USTUNDE,UWOCHENTAG,UKATEGORIE,UART,UTYP1,ULICHTVERH,IstRad,IstPKW,IstFuss,IstKrad,IstGkfz,IstSonstige,LINREFX,LINREFY,XGCSWGS84,YGCSWGS84,STRZUSTAND,UIDENTSTLAE
5,5,12,0,2021,5,17,6,3,2,6,0,0,1,0,0,0,0,357764.235999828204513,5719536.560999402776361,6.945871316000023,51.608876302000056,0,5210507701400200000
5,5,62,12,2021,7,4,6,3,9,1,2,0,1,0,0,0,0,359388.428393930196762,5734909.194718768820167,6.963121107000063,51.747419406000063,0,5210723702340940000
5,5,58,16,2021,4,16,2,2,5,3,0,0,1,0,1,0,0,387786.292999946512282,5747302.851999627426267,7.370273859000065,51.865216892000035,0,5210426706100370000
5,5,58,40,2021,4,18,7,3,8,1,0,0,1,0,0,0,0,375950.777927394025028,5763114.360681815072894,7.192767984000056,52.004802659000063,0,5210424706200600000
5,5,62,14,2021,8,12,6,3,3,6,0,0,1,0,0,1,0,359257.207391043193638,5713309.249805707484484,6.969913655000028,51.553293177000057,0,5210820702340070000
5,5,62,32,2021,8,18,3,3,5,3,0,0,1,0,0,0,0,374293.848999907262623,5714788.021999558433890,7.186150749000035,51.570134069000062,1,5210810701120670000
5,5,66,76,2021,8,14,6,3,2,6,0,0,1,0,0,0,0,393580.038174728862941,5792643.698230801150203,7.440247090000071,52.273855124000079,0,5210813709500410000
5,5,54,16,2021,7,12,7,3,8,1,0,0,1,0,0,0,0,365466.758999869227409,5755910.047999499365687,7.042945712000062,51.937624978000031,0,5210717702340540000
5,5,70,40,2021,10,6,2,2,0,1,2,1,0,0,0,0,0,417814.121999989263713,5744343.743999661877751,7.806963389000032,51.843848900000069,0,5211018711231990000
5,5,15,0,2021,8,7,4,3,5,3,0,1,1,0,0,0,0,405131.231999976560473,5761746.616999661549926,7.618112742000051,51.998263204000068,0,5210818702100370000
5,5,62,12,2021,8,13,5,3,5,2,0,0,1,0,0,0,1,362883.123999855481088,5727521.182999463751912,7.016618855000047,51.681896907000066,0,5210812701610680000
5,5,54,20,2021,8,8,3,3,1,6,0,0,1,0,0,0,0,368057.215766924433410,5784492.499870359897614,7.069559199000025,52.195080769000072,0,5210810705000990000
5,5,15,0,2021,8,12,2,3,6,2,0,0,1,1,0,0,0,402132.250050721690059,5753661.282578885555267,7.576746887000070,51.925069809000036,1,5210816702100580000
5,5,66,48,2021,8,16,2,3,5,3,0,0,1,0,0,0,0,425833.942999992519617,5789013.179999684914947,7.913664641000025,52.246518188000039,0,5210823709700870000
5,5,62,24,2021,8,18,3,3,2,2,0,0,1,0,0,0,0,374443.687489184550941,5725753.905108502134681,7.184381900000062,51.668718231000071,1,5210817701500580000
5,5,54,12,2021,8,16,7,3,0,7,0,1,0,0,0,0,0,348122.117417080327868,5744666.263743571937084,6.795773023000038,51.832142655000041,0,5210814705000990000
5,5,70,8,2021,7,17,6,3,2,6,0,0,1,0,0,0,0,433967.623477117158473,5735055.330558257177472,8.043182611000077,51.762490337000031,0,5210723711313650000
5,5,66,8,2021,7,17,7,3,1,6,0,0,1,0,0,0,0,398597.529850391671062,5781245.415952239185572,7.517175819000045,52.172360279000031,1,5210731709100280000
5,5,15,0,2021,7,14,3,2,9,6,0,0,1,0,0,1,0,409430.580999983474612,5763818.726999664679170,7.680172093000067,52.017606433000026,0,5210720702100070000
5,5,62,14,2021,7,7,6,3,3,7,0,0,0,0,0,1,1,360516.449625342153013,5713633.594126362353563,6.987936327000057,51.556520497000065,0,5210723702340570000
5,5,62,32,2021,8,15,4,2,5,3,0,0,1,0,0,0,0,373285.880999902263284,5715122.441999549046159,7.171493823000048,51.572913885000048,0,5210811701120180000
5,5,58,12,2021,8,22,5,3,5,2,2,1,1,0,0,0,0,373492.522520772181451,5754039.356400448828936,7.160317078000048,51.922696596000037,0,5210812706000170000
5,5,66,16,2021,8,7,6,2,5,2,0,0,1,0,0,0,0,404617.516055058687925,5794559.194697579368949,7.601421490000064,52.293097000000046,0,5210820709500010000
5,5,58,8,2021,8,17,6,2,0,1,0,0,0,0,1,0,0,383174.107999935746193,5759487.782999612390995,7.299186073000044,51.973777718000065,0,5210806706200420000
5,5,70,4,2021,8,18,3,3,5,2,0,0,1,0,0,0,1,423927.846999992616475,5734249.989999659359455,7.897908392000033,51.753976616000045,0,5210824711214670000
5,5,62,32,2021,7,20,5,2,0,1,0,0,0,0,1,0,0,375108.922480976209044,5721833.950314691290259,7.195396314000050,51.633637756000041,0,5210729701110390000
5,5,54,44,2021,8,16,2,3,2,6,0,1,0,0,0,0,0,364359.555999864824116,5748222.322999486699700,7.029874962000065,51.868276007000077,0,5210830705000990000
5,5,70,4,2021,8,21,4,3,5,3,2,1,1,0,0,0,0,424566.035959291271865,5736092.715995863080025,7.906752233000077,51.770628459000079,0,5210818711211470000
5,5,54,28,2021,8,16,7,3,5,3,0,0,1,0,1,0,0,358463.077999833039939,5742894.477999407798052,6.946469429000047,51.818938347000028,0,5210821705000350000
5,5,54,20,2021,8,7,2,3,5,3,0,1,1,0,0,0,0,365636.013999872840941,5782250.481999507173896,7.035045724000042,52.174350702000027,0,5210830705000810000
5,5,15,0,2021,8,18,4,3,5,3,0,1,1,0,0,0,0,406928.581367657519877,5749178.956493297591805,7.647687206000057,51.885602538000057,0,5210825702100870000
5,5,62,4,2021,7,19,1,3,0,7,0,1,0,0,0,0,0,382890.279999935068190,5716671.565999597311020,7.309502683000062,51.588913908000052,1,5210725701800880000
5,5,62,16,2021,7,14,7,3,2,6,0,0,1,0,1,0,0,368395.981552504934371,5731153.646832693368196,7.094942583000034,51.715858827000034,0,5210703701700880000
5,5,66,76,2021,7,17,1,3,5,3,0,1,1,0,0,0,0,396395.776216517202556,5787038.791912229731679,7.483219526000028,52.224019284000065,0,5210718709500670000
5,5,66,76,2021,8,11,2,2,8,3,0,0,1,0,0,0,0,399749.132880541495979,5794465.988816937431693,7.530089739000061,52.291392575000032,0,5210802709500030000
5,5,62,24,2021,4,15,2,3,2,6,0,0,1,0,0,0,0,367759.230999879539013,5724256.164999511092901,7.088343908000070,51.653725351000048,0,5210426701500370000
5,5,70,8,2021,8,13,1,3,5,3,0,0,1,0,0,0,0,432534.460886979475617,5733628.391685554757714,8.022696105000023,51.749491274000036,0,5210822711312970000
5,5,62,8,2021,5,14,7,3,5,3,0,1,1,0,0,0,0,384392.987999939359725,5721429.212999604642391,7.329615462000049,51.631984717000080,0,5210501701911250000
5,5,66,84,2021,8,11,1,2,0,1,0,1,0,0,0,0,0,390891.115999954752624,5775974.936999646946788,7.406221828000071,52.123523250000062,0,5210815709300880000
5,5,54,20,2021,7,13,2,3,0,1,0,1,0,0,0,0,0,367021.269999877549708,5785547.693999521434307,7.053997600000059,52.204313313000057,0,5210719705000990000
5,5,66,76,2021,4,16,5,3,2,6,0,0,1,0,0,0,0,393346.002910360693932,5793994.166638435795903,7.436391111000034,52.285946676000037,0,5210401709500000000
5,5,54,16,2021,8,18,1,3,0,1,0,0,0,0,1,0,0,361174.076828636229038,5759122.265163794159889,6.979243901000075,51.965433871000073,1,5210822705000380000
5,5,70,4,2021,8,10,4,3,8,1,0,0,1,0,0,0,0,426068.886929242871702,5732608.843839854001999,7.929269569000041,51.739509784000063,0,5210818711214800000
5,5,15,0,2021,6,14,7,3,5,3,0,1,1,0,0,0,0,404140.446547318249941,5761305.508019469678402,7.603808629000071,51.994128220000050,0,5210612702100070000
5,5,54,68,2021,8,14,2,3,8,1,0,0,0,0,1,0,0,353988.616697551682591,5774258.270531387999654,6.868267713000023,52.099585703000059,1,5210816705000990000
5,5,62,24,2021,7,11,6,3,5,2,0,1,1,0,0,0,0,370360.193999890238047,5725446.615999534726143,7.125479712000072,51.665029373000039,0,5210716701500880000
5,5,62,36,2021,8,15,2,3,2,2,0,0,1,0,0,0,0,389538.870999952778220,5719258.217999618500471,7.404620221000073,51.613505660000044,0,5210802701930540000
5,5,15,0,2021,4,9,3,3,0,2,0,1,1,0,0,0,0,404194.053999976255000,5754225.316999658942223,7.606564204000051,51.930498227000044,0,5210413702100200000
5,5,15,0,2021,7,17,7,3,2,6,0,0,1,0,0,0,0,405132.632086250931025,5757054.287916459143162,7.619430363000049,51.956087012000069,1,5210731702100220000
5,5,58,4,2021,2,13,1,2,4,6,0,1,0,0,1,0,0,410686.524133329279721,5730808.821221821010113,7.707007447000024,51.721088847000033,0,5210221706300000000
5,5,66,28,2021,5,20,7,2,8,1,0,0,0,0,0,0,1,410606.772999983280897,5787729.113999675959349,7.691024524000056,52.232713996000030,0,5210501709700550000
5,5,54,44,2021,5,19,1,2,5,3,0,1,1,0,0,0,0,368790.497146137058735,5744473.838671632111073,7.095616429000074,51.835651094000070,0,5210530705000000000
5,5,12,0,2021,7,19,6,3,2,2,0,0,1,0,0,0,0,357377.774799888953567,5719420.983934264630079,6.940341046000071,51.607740000000035,0,5210723702340060000
5,5,70,52,2021,7,18,4,3,5,3,0,1,0,0,0,0,1,423867.003434508107603,5748483.670715849846601,7.893898149000051,51.881922960000054,0,5210728711114800000
5,5,62,32,2021,5,15,2,3,2,6,0,0,1,0,0,0,1,376118.002999912947416,5715000.594999564811587,7.212383134000049,51.572448264000059,0,5210531701120100000
5,5,15,0,2021,5,12,5,3,2,1,0,0,1,0,0,0,0,405418.262839137576520,5756088.569454630836844,7.623851528000046,51.947455368000078,0,5210506702100940000
5,5,62,20,2021,8,21,1,3,5,3,2,1,1,0,0,0,0,371126.146999893710017,5718040.370999533683062,7.139274825000030,51.598647328000027,1,5210801701200390000
5,5,70,28,2021,5,16,5,3,5,3,0,0,1,0,0,0,0,439321.280359498225152,5740531.165109429508448,8.119789758000024,51.812325094000073,0,5210506711412180000
5,5,12,0,2021,7,18,6,3,2,6,0,0,1,0,0,0,1,356967.850319139659405,5722465.261278165504336,6.933182434000059,51.634990954000045,0,5210723702340760000
5,5,15,0,2021,8,17,4,2,5,6,0,1,1,0,0,0,0,399241.733044927939773,5763041.220471343025565,7.531973357000027,52.008861620000062,0,5210811702100150000
5,5,13,0,2021,8,17,3,3,5,2,0,0,1,0,0,0,0,368603.338999883271754,5712682.466999517753720,7.104875027000048,51.549914667000053,0,5210831700000580000
5,5,62,14,2021,8,17,6,3,5,2,0,1,1,0,0,0,0,360417.389999844133854,5714945.051999432966113,6.985987589000047,51.568280851000054,0,5210813701300970000
5,5,66,28,2021,8,14,6,3,0,1,0,0,0,0,0,0,1,412170.883747967891395,5792862.764322258532047,7.712585812000043,52.279108488000077,1,5210827709700560000
5,5,15,0,2021,8,16,4,3,1,5,0,1,1,0,0,0,0,405461.999378781765699,5755005.554846016690135,7.624785459000066,51.937728176000064,0,5210804702100040000
5,5,62,4,2021,7,11,7,3,2,6,0,0,0,0,0,1,1,383310.556782992556691,5717115.484264194965363,7.315419009000038,51.592990908000047,0,5210703701800510000
5,5,54,44,2021,8,16,2,3,5,2,0,0,1,0,0,0,0,365961.564999872818589,5746657.261999499052763,7.053736125000057,51.854599616000030,0,5210809705000230000
5,5,15,0,2021,7,6,1,2,2,7,1,0,1,0,0,1,0,401476.251767125912011,5761360.485400214791298,7.565001897000059,51.994156094000061,0,5210725702330460000
5,5,54,4,2021,4,21,5,3,5,3,1,1,1,0,0,0,0,364466.356326829642057,5772584.339363005012274,7.021803354000042,52.087210646000074,1,5210429705000500000
5,5,54,24,2021,8,5,4,2,9,1,2,0,0,0,1,0,0,366911.534401043318212,5774649.530101919546723,7.056663306000075,52.106361018000030,0,5210825705000990000
5,5,66,60,2021,8,12,2,3,2,6,0,0,1,0,0,0,0,390794.753999954089522,5785590.893999647349119,7.401720721000061,52.209924832000070,0,5210823709500470000
5,5,66,76,2021,7,7,3,3,5,2,0,1,0,0,0,0,0,395231.244999964721501,5792986.115999663248658,7.464332261000038,52.277249663000077,0,5210720709500510000
5,5,15,0,2021,7,17,6,3,3,6,0,0,1,0,0,0,0,400341.434188527055085,5755550.736523855477571,7.550165327000059,51.941734863000079,0,5210723702330570000
5,5,54,16,2021,8,16,5,3,0,1,0,1,0,0,0,0,0,361016.883773080073297,5759374.101738708093762,6.976855406000027,51.967657449000058,0,5210812705000990000
5,5,54,12,2021,5,12,6,3,4,3,0,1,1,0,0,0,0,352419.237640048377216,5746410.584266748279333,6.857345866000060,51.848967033000065,0,5210528705000800000
5,5,66,64,2021,8,10,3,3,5,3,0,1,1,0,0,0,0,392905.742967090569437,5770260.578030131757259,7.437433929000065,52.072559676000026,0,5210831709110570000
5,5,62,24,2021,8,15,7,3,5,3,0,0,1,0,0,0,0,370912.178999893367290,5725512.178999535739422,7.133432319000065,51.665745643000037,0,5210807701500070000
5,5,54,12,2021,8,12,5,2,4,1,0,0,1,0,0,0,1,353849.887800794094801,5747123.765563566237688,6.877799812000035,51.855751340000040,0,5210812705000740000
5,5,54,20,2021,1,18,5,3,5,2,2,0,1,0,0,0,0,361598.462130552157760,5784200.478161746636033,6.975243560000024,52.190873646000057,1,5210114705000800000
5,5,15,0,2021,8,15,6,3,5,3,0,1,1,0,0,0,0,402439.080060336738825,5750151.472671329975128,7.582201453000039,51.893576298000028,0,5210813702100570000
5,5,15,0,2021,7,8,2,3,5,3,0,1,0,0,0,1,0,405737.538999979384243,5753737.685999657958746,7.629139771000041,51.926378699000054,0,5210726702100660000
5,5,62,12,2021,8,14,3,2,1,3,0,0,1,0,1,0,0,361617.116999850608408,5732121.002999452874064,6.996492724000063,51.722919992000072,0,5210824701610390000
5,5,54,4,2021,8,7,5,3,5,3,0,1,1,0,0,0,0,361085.922273394651711,5770339.911915892735124,6.973410635000050,52.066205973000081,1,5210826705000080000
5,5,70,20,2021,7,13,5,2,6,3,0,0,1,1,0,0,0,427756.853225905448198,5742840.547786051407456,7.951581309000062,51.831710745000066,0,5210708711421990000
5,5,62,20,2021,8,15,1,3,5,3,0,0,1,0,0,0,0,370379.488999891094863,5719128.549999531358480,7.128098288000047,51.608255208000060,0,5210822701200390000
5,5,70,8,2021,7,14,5,2,0,1,0,1,0,0,0,0,0,433582.185324599966407,5736131.131818175315857,8.037392702000034,51.772116252000046,0,5210715711313180000
5,5,70,20,2021,8,1,7,2,8,1,2,0,1,0,0,0,0,434159.660999996587634,5748871.641999663785100,8.043337201000043,51.886721273000035,1,5210828711421280000
5,5,58,8,2021,6,8,5,2,0,1,0,0,0,0,1,0,0,385398.002665566280484,5765471.753942262381315,7.329546564000054,52.028019525000047,0,5210617706000490000
5,5,66,28,2021,8,10,4,3,0,1,0,1,0,0,0,1,0,412493.150092259049416,5791897.661115853115916,7.717558785000051,52.270485265000048,0,5210818709700510000
5,5,12,0,2021,6,13,5,3,0,6,0,0,1,0,0,0,0,356308.660231295041740,5713625.660497879609466,6.927283919000047,51.555393121000066,0,5210624702340800000
5,5,62,32,2021,8,16,5,2,2,6,0,0,1,0,0,0,0,376232.028897103853524,5715894.467238262295723,7.213712681000061,51.580506750000040,0,5210826701120390000
5,5,15,0,2021,7,11,6,3,2,6,0,0,1,0,0,0,1,405773.306999978609383,5758001.692999657243490,7.628491076000046,51.964711637000050,0,5210723702100070000
5,5,62,4,2021,8,17,5,3,3,5,0,0,1,0,0,0,0,383332.687999936752021,5718339.865999599918723,7.315331136000054,51.603999851000026,0,5210812701800410000
5,5,58,28,2021,8,22,5,2,8,1,2,0,1,0,0,0,0,400584.917688105255365,5733844.558191956952214,7.559946442000069,51.746675846000073,0,5210812706300870000
5,5,54,44,2021,8,16,4,3,5,3,0,0,1,0,0,0,1,366581.903628596104681,5741401.592984348535538,7.064763993000042,51.807520387000068,0,5210825705000990000
5,5,12,0,2021,7,17,6,3,2,6,0,0,1,0,0,0,0,357113.055886455811560,5721063.146654948592186,6.935851292000052,51.622428891000027,0,5210716702340370000
5,5,58,16,2021,8,12,1,3,0,2,0,0,1,0,1,0,0,378708.041032949462533,5748208.917693320661783,7.238173197000037,51.871459913000081,0,5210815706000470000
5,5,66,12,2021,5,8,5,2,4,2,0,1,1,0,0,0,0,403206.427999976091087,5773479.779999662190676,7.586760771000058,52.103390427000079,0,5210506709000550000
5,5,58,24,2021,7,20,6,2,8,1,1,0,0,0,1,0,0,391508.470999956130981,5738786.480999633669853,7.426979349000021,51.789409477000049,0,5210730706000990000
5,5,66,40,2021,8,10,4,2,0,7,0,1,0,0,0,0,0,422499.827484036795795,5783180.919349020346999,7.866174896000075,52.193633401000056,0,5210804709800660000
5,5,62,24,2021,8,7,6,3,5,3,0,1,1,0,0,0,0,370559.742999891750515,5726012.749999532476068,7.128153684000040,51.670163032000062,0,5210827701500380000
5,5,15,0,2021,7,18,4,3,0,6,0,1,0,0,0,0,1,405233.709494078531861,5750571.313440149649978,7.622685990000036,51.897832244000028,0,5210721702100170000
5,5,66,76,2021,8,14,4,3,1,3,0,1,1,0,0,0,0,395477.962999964132905,5793953.649999665096402,7.467647191000026,52.285992154000041,0,5210818709500770000
5,5,58,12,2021,8,18,3,3,5,2,0,0,1,0,1,0,0,373073.499464169144630,5755534.797980586066842,7.153675447000069,51.936039862000030,0,5210824706200450000
5,5,70,24,2021,8,10,5,3,2,6,0,0,1,0,0,1,0,423373.680060903541744,5757524.407844115048647,7.884719881000024,51.963125962000049,1,5210819711161480000
5,5,66,28,2021,8,15,4,3,5,3,0,1,1,0,0,0,0,416093.328999988734722,5789750.328999681398273,7.770840960000044,52.251745169000060,0,5210825709700660000
5,5,70,28,2021,8,16,5,3,5,3,0,1,1,0,0,0,0,441107.099568759091198,5742938.952473407611251,8.145282261000034,51.834162676000062,0,5210812711412880000
5,5,62,16,2021,4,23,2,3,9,1,2,0,1,0,0,0,0,374147.033565193414688,5737117.598474964499474,7.175988772000039,51.770775545000049,2,5210405702330200000
5,5,66,28,2021,8,10,2,3,1,3,0,0,1,0,0,0,0,412363.972553657367826,5791290.660041522234678,7.715823832000069,52.265008792000060,0,5210823709700260000
5,5,12,0,2021,7,22,5,3,2,6,2,0,1,0,0,0,0,355221.659999811090529,5714182.679999360814691,6.911386003000075,51.560120397000048,0,5210729701400380000
5,5,62,24,2021,7,9,6,3,0,7,0,1,0,0,0,0,0,366964.036319822072983,5726565.208288196474314,7.075976621000052,51.674287723000077,0,5210730701500040000
5,5,62,24,2021,7,6,3,2,8,1,0,0,1,0,0,0,0,374456.265505688264966,5723883.360288133844733,7.185235535000061,51.651910521000048,0,5210720701500070000
5,5,15,0,2021,8,0,7,3,0,6,2,0,0,0,0,0,1,406318.910688046365976,5756678.333874437958002,7.636791023000058,51.952908869000055,0,5210821702100870000
5,5,15,0,2021,8,22,3,3,4,2,2,1,1,0,0,0,0,406087.201999978162348,5758927.320999659597874,7.632805339000072,51.973084709000034,0,5210810702100070000
5,5,66,44,2021,8,19,7,3,2,6,0,0,1,0,1,0,0,427704.722999994643033,5778570.007999677211046,7.943290434000062,52.152892224000027,0,5210814709800180000
5,5,58,44,2021,8,12,2,3,5,3,0,1,1,0,0,0,0,395520.759506715461612,5746264.248252686113119,7.482874718000062,51.857383994000031,1,5210816706300990000
5,5,54,24,2021,8,19,5,3,9,1,0,0,1,0,0,0,0,371539.101189245469868,5779737.460281468927860,7.122272754000051,52.153174885000055,1,5210819705000070000
5,5,15,0,2021,4,14,5,3,4,2,0,1,1,0,0,0,0,407221.709999979473650,5751347.411999659612775,7.651361535000035,51.905142837000028,0,5210429702100030000
5,5,70,24,2021,8,16,4,2,9,6,0,0,1,0,0,1,0,415602.726756589487195,5753772.837700381875038,7.772563060000039,51.928277802000082,0,5210811711161570000
5,5,66,48,2021,8,12,6,3,2,6,0,0,1,0,0,1,0,426807.214521599002182,5791505.096322687342763,7.927377452000030,52.269048298000030,0,5210806702350040000
5,5,54,4,2021,8,13,4,3,0,1,0,1,0,0,0,0,0,362449.624355121515691,5770962.120899608358741,6.993041412000025,52.072137029000032,1,5210818705000990000
5,5,62,12,2021,6,10,3,3,8,1,0,0,1,0,0,0,0,355442.013999816030264,5724757.325999360531569,6.910202719000040,51.655196328000045,0,5210615701610580000
5,5,15,0,2021,7,18,2,2,6,4,0,0,0,1,0,0,1,404858.437245728448033,5756221.918916370719671,7.615671812000073,51.948558498000068,0,5210726702100750000
5,5,15,0,2021,6,18,1,3,2,6,0,0,1,0,0,0,0,412166.517999984323978,5759474.415999665856361,7.721144127000059,51.978996493000068,0,5210627702100400000
5,5,62,32,2021,7,2,1,3,9,1,2,0,1,0,0,0,0,373642.979317280463874,5719150.641775596886873,7.175193625000077,51.609195573000079,1,5210725702340050000
5,5,70,4,2021,8,16,3,2,2,6,0,0,1,0,0,0,0,423816.531011186540127,5736258.690652193501592,7.895855577000020,51.772019006000050,0,5210831711211520000
5,5,70,8,2021,7,18,3,3,0,6,0,1,0,0,0,0,0,432723.165999997407198,5740677.056999659165740,8.024062913000023,51.812881407000077,0,5210720711314570000
5,5,15,0,2021,8,19,7,2,5,2,0,0,1,0,1,0,0,404624.552999977953732,5762846.587999664247036,7.610428455000033,52.008063280000044,0,5210828702100050000
5,5,62,4,2021,8,13,6,3,2,6,0,0,1,0,0,0,0,383059.992175850085914,5712482.285042772069573,7.313345655000035,51.551297085000044,0,5210820701800330000
5,5,66,40,2021,2,7,3,3,9,1,0,0,0,0,0,0,1,418283.538562268018723,5783813.610075166448951,7.804352291000043,52.198711713000080,2,5210209702350000000
5,5,70,32,2021,4,17,6,2,5,2,0,0,1,0,0,0,0,420449.441999989561737,5766632.528999673202634,7.840052652000054,52.044589137000060,0,5210423711151600000
5,5,66,56,2021,8,13,5,3,3,2,0,1,1,0,0,0,0,417157.522999989800155,5796723.836999686434865,7.784712770000056,52.314587821000032,1,5210826709700560000
5,5,62,8,2021,8,9,4,3,2,6,0,0,1,0,0,0,1,384603.055999939329922,5723412.396999606862664,7.331995296000059,51.649852106000026,0,5210818701910240000
5,5,15,0,2021,7,18,4,3,3,6,0,0,1,0,0,0,0,406716.135999980382621,5755390.364999661222100,7.642919043000063,51.941398712000080,1,5210714702100400000
5,5,54,16,2021,7,20,6,2,3,6,1,0,1,0,0,0,0,365880.696146612055600,5759453.486046008765697,7.047580537000044,51.969565551000073,1,5210709702340900000
5,5,70,4,2021,5,15,6,3,3,2,0,0,0,0,1,1,0,427311.810999993234873,5740027.359999656677246,7.945714344000066,51.806363257000044,0,5210507711212000000
5,5,54,8,2021,4,21,4,3,5,3,1,0,1,0,0,0,0,332499.920999628491700,5748540.177998678758740,6.567379448000054,51.862476993000030,0,5210428705000170000
5,5,62,36,2021,5,6,6,3,5,3,1,0,1,0,0,0,0,389330.884999951347709,5720125.086999615654349,7.401343763000057,51.621256267000035,0,5210507701930970000
5,5,62,4,2021,8,17,4,3,5,3,0,0,1,0,0,0,1,384104.990999937057495,5711701.775999598205090,7.328668117000063,51.544497636000074,0,5210825701800040000
5,5,58,4,2021,8,10,4,2,5,3,0,0,1,0,0,0,1,403124.422352897934616,5737041.310178469866514,7.595828536000056,51.775855116000059,0,5210825706300440000
5,5,66,68,2021,8,19,4,1,9,1,0,0,0,0,1,0,0,371361.691126237623394,5784477.690810017287731,7.117883624000058,52.195728542000040,0,5210811702340570000
5,5,15,0,2021,8,14,4,3,8,1,0,0,0,0,1,0,0,400646.664911977015436,5766241.663792658597231,7.551506679000056,52.037880624000081,0,5210825702100160000
5,5,66,28,2021,8,19,2,2,5,3,0,1,1,0,0,0,0,414117.377938717603683,5792313.591197261586785,7.741250175000062,52.274479887000041,0,5210830709700260000
5,5,15,0,2021,8,14,3,3,0,3,0,1,1,0,0,0,0,408774.770291008986533,5754069.836987689137459,7.673209209000049,51.929870307000044,0,5210831702100070000
5,5,15,0,2021,8,16,5,2,1,7,0,0,1,0,0,0,0,406767.798519448377192,5757052.746502373367548,7.643219479000038,51.956349712000076,0,5210805702100040000
5,5,62,20,2021,7,12,4,3,5,2,0,1,1,0,0,0,0,370944.084999893791974,5717654.019999533891678,7.136789773000032,51.595133576000080,0,5210728701200170000
5,5,70,36,2021,8,8,6,2,5,3,0,0,1,0,0,0,0,434872.459395073354244,5759421.315985037013888,8.051695328000051,51.981644777000042,0,5210820711121370000
5,5,66,96,2021,8,12,5,3,5,3,0,0,1,0,0,1,0,385117.866678101941943,5790267.751834293827415,7.317085212000052,52.250800290000029,0,5210826709300240000
5,5,54,4,2021,7,12,1,3,5,2,0,0,1,0,0,0,0,364785.897999867796898,5771100.081999493762851,7.027052602000026,52.073952003000045,0,5210725705000990000
5,5,70,8,2021,8,7,4,3,2,6,0,0,1,0,1,0,0,429321.869111681357026,5735757.983488554134965,7.975733311000056,51.768239957000048,0,5210825711312480000
5,5,54,32,2021,7,17,7,2,8,1,0,0,1,0,0,0,0,326081.337451426312327,5743423.577432682737708,6.476829522000060,51.814553830000079,0,5210717705000470000
5,5,66,44,2021,7,23,3,2,8,1,2,0,1,0,0,0,0,429681.851262721233070,5778702.612050995230675,7.972156723000069,52.154339565000043,0,5210720709800200000
5,5,70,32,2021,8,15,5,3,8,1,0,0,1,0,0,0,0,423986.703131186775863,5764540.229450272396207,7.892084760000046,52.026277350000043,1,5210819711151580000
5,5,66,28,2021,7,16,5,3,5,3,0,0,1,0,1,0,0,417393.398999989032745,5790878.233999680727720,7.789605210000047,52.262080126000058,0,5210722709700510000
5,5,62,4,2021,8,9,4,3,0,7,0,0,0,0,1,0,0,382890.279999935068190,5716671.565999597311020,7.309502683000062,51.588913908000052,1,5210818701800860000
5,5,58,28,2021,7,14,7,3,8,1,0,0,0,0,1,0,0,401724.518912724219263,5730491.747228892520070,7.577394968000021,51.716739843000028,0,5210724706300990000
5,5,66,40,2021,8,16,6,3,1,6,0,0,1,0,0,0,0,421624.009062749333680,5785247.951451960951090,7.852886092000062,52.212089831000071,0,5210827702350900000
5,5,62,24,2021,8,4,2,2,9,7,2,0,1,0,0,0,0,364207.612999863922596,5724453.871999476104975,7.036957420000022,51.654655309000077,1,5210809701500070000
5,5,13,0,2021,8,13,2,2,4,2,0,0,1,0,0,1,0,364901.918999865651131,5719327.626999482512474,7.048966175000032,51.608756614000072,0,5210830700200360000
5,5,62,32,2021,8,21,4,3,9,7,1,0,1,0,0,0,0,371280.206841778941453,5721953.171008991077542,7.140060685000037,51.633846148000032,0,5210804701110970000
5,5,70,40,2021,8,8,1,3,0,2,0,1,0,0,0,0,0,412792.544709384441376,5747176.887220203876495,7.733372261000056,51.868554203000031,0,5210815711232500000
5,5,15,0,2021,8,14,2,3,7,7,0,0,0,0,1,0,0,401147.844696904532611,5763051.883977442979813,7.559732344000054,52.009300216000042,0,5210802702100070000
5,5,58,32,2021,2,19,2,3,8,1,2,0,1,0,0,0,0,390709.477650619111955,5751854.404815196990967,7.411268707000033,51.906705073000069,2,5210208702330400000
5,5,15,0,2021,5,21,7,3,5,2,0,0,1,0,0,0,0,406950.150999979116023,5758340.339999662712216,7.645523556000057,51.967953792000060,0,5210529702100600000
5,5,62,16,2021,8,9,4,3,5,3,0,0,1,0,0,0,0,373991.848054125905037,5733760.456472929567099,7.174957819000042,51.740570788000070,0,5210825701700150000
5,5,54,24,2021,8,14,6,3,2,7,0,0,1,0,0,0,0,366365.134999875910580,5774248.049999510869384,7.048847368000054,52.102621751000072,0,5210820705000990000
5,5,54,56,2021,8,6,5,2,4,1,0,0,1,0,0,0,0,358404.003757799975574,5767337.093859432265162,6.935556282000050,52.038546521000058,0,5210812705131010000
5,5,15,0,2021,8,19,1,2,5,2,0,1,1,0,0,0,0,402294.862789039500058,5754693.759267430752516,7.578817751000031,51.934378581000033,0,5210822702100630000
5,5,15,0,2021,8,15,5,3,1,1,0,0,1,0,0,0,0,406224.032676540315151,5757563.824757069349289,7.635169120000057,51.960852089000070,1,5210819702100970000
5,5,66,40,2021,8,18,6,2,8,1,0,0,1,0,0,0,0,420489.236149899661541,5784955.595483593642712,7.836349870000049,52.209299327000053,1,5210827702350440000
5,5,66,28,2021,8,19,2,3,2,6,1,0,1,0,0,0,0,413390.949999986216426,5792451.193999685347080,7.730570672000056,52.275602749000029,1,5210816709700670000
5,5,62,8,2021,8,14,5,2,8,7,0,0,1,0,0,0,0,383865.116342126391828,5723436.069402923807502,7.321325805000072,51.649912916000062,0,5210826701910470000