ULAND,UREGBEZ,UKREIS,UGEMEINDE,UJAHR,UMONAT,USTUNDE,UWOCHENTAG,UKATEGORIE,UART,UTYP1,ULICHTVERH,IstRad,IstPKW,IstFuss,IstKrad,IstGkfz,IstSonstige,LINREFX,LINREFY,XGCSWGS84,YGCSWGS84,STRZUSTAND,UIDENTSTLAE
5,5,15,0,2021,7,21,1,3,5,2,1,0,1,0,0,0,0,404740.958999976515770,5755240.004999656230211,7.614235076000057,51.939712545000077,0,5210725702100860000
5,5,70,16,2021,7,14,1,3,0,7,0,1,1,0,0,0,0,412096.219932114705443,5737084.964870903640985,7.725823522000042,51.777728613000079,0,5210718711221420000
5,5,54,60,2021,8,7,4,2,9,1,0,0,0,0,1,0,0,352441.949977344833314,5755704.733447128906846,6.853699256000027,51.932479334000050,0,5210825705000990000
5,5,15,0,2021,8,17,2,3,0,7,0,0,0,1,0,0,1,405645.787999978289008,5757040.246999658644199,7.626899663000074,51.956048113000065,0,5210823702100030000
5,5,54,4,2021,5,10,4,3,5,3,0,0,1,0,0,1,0,364908.369481379166245,5771323.985075477510691,7.028749831000027,52.075993777000065,0,5210505705000800000
5,5,70,28,2021,8,13,2,3,5,2,0,1,0,0,0,1,0,441107.483994235284626,5742950.938127556815743,8.145285800000067,51.834270470000035,0,5210823711413100000
5,5,62,32,2021,8,20,4,2,5,7,0,0,1,0,1,0,0,375458.040105854161084,5719530.152562985196710,7.201257285000054,51.613010693000035,0,5210825701110070000
5,5,58,4,2021,8,11,1,3,2,6,0,0,1,0,0,0,0,404629.965984440408647,5741531.873373495414853,7.616408873000069,51.816477790000079,1,5210829702330630000
5,5,54,12,2021,8,12,5,3,5,3,0,0,1,0,0,0,0,348315.749999767169356,5749481.978999225422740,6.796467746000076,51.875462226000082,0,5210805705000230000
5,5,66,28,2021,7,17,1,2,9,1,0,0,0,0,1,0,0,408371.397999981418252,5792024.187999678775668,7.657136389000073,52.270951107000030,0,5210718702350400000
5,5,62,4,2021,7,6,2,3,5,3,0,1,1,0,0,0,0,384782.546944741159678,5716386.842256514355540,7.336898828000074,51.586744997000039,0,5210719701800540000
5,5,66,12,2021,7,17,6,3,2,6,0,0,1,0,0,0,1,405563.809468707069755,5768738.041040970012546,7.622481875000062,52.061178071000029,0,5210709702350800000
5,5,15,0,2021,8,16,7,3,5,3,0,0,1,0,0,0,0,404684.754999978467822,5759085.979999661445618,7.612350699000046,51.974272033000034,1,5210828702100750000
5,5,62,24,2021,8,13,7,3,2,7,0,0,1,0,0,0,0,369458.439999886788428,5722301.418999524787068,7.113622416000055,51.636555936000036,0,5210807701500260000
5,5,70,40,2021,8,6,3,3,2,6,0,0,1,0,0,0,0,413407.389999985694885,5746327.115999657660723,7.742513172000031,51.861011395000048,0,5210803711231760000
5,5,15,0,2021,4,16,5,3,2,6,0,0,1,0,0,0,0,404989.227302620187402,5767639.409984251484275,7.614408814000058,52.051205068000058,0,5210401702350000000
5,5,54,16,2021,8,7,5,3,5,2,0,0,1,0,0,0,0,361173.293999847956002,5759125.059999449178576,6.979231383000069,51.965458789000081,1,5210819705000990000
5,5,62,32,2021,8,12,2,2,0,1,0,1,0,0,0,0,0,375859.472999912686646,5717318.282999565824866,7.207835038000042,51.593220922000057,0,5210823701110060000
5,5,58,28,2021,8,18,3,2,8,1,0,0,1,0,0,0,0,403539.187926569022238,5732418.912068665027618,7.603121178000038,51.734377600000073,0,5210831706300270000
5,5,66,40,2021,7,10,6,1,4,6,0,0,1,0,0,1,0,420651.779757158830762,5781509.077217308804393,7.839535283000032,52.178342644000054,0,5210723709800720000
5,5,70,24,2021,8,14,1,2,5,2,0,0,1,0,0,0,0,420916.204963937401772,5754027.442968729883432,7.849764051000022,51.931346805000032,0,5210808711161480000
5,5,70,48,2021,7,18,6,3,9,1,0,0,1,0,0,0,0,444167.222131316550076,5730996.596807971596718,8.191610310000044,51.727110462000041,0,5210730711322270000
5,5,15,0,2021,8,14,5,2,5,3,0,0,1,0,0,0,0,399884.612033543176949,5761024.404734449461102,7.541925859000060,51.990850724000040,0,5210812702100770000
5,5,66,88,2021,8,11,2,3,2,6,0,0,1,0,0,0,0,423242.906545272096992,5787029.258986577391624,7.876171201000034,52.228329707000057,1,5210816702350870000
5,5,54,52,2021,8,14,7,2,0,1,0,1,0,0,0,0,0,379601.003907091915607,5769541.531639778986573,7.243657080000048,52.063365274000034,0,5210814705000080000
5,5,62,8,2021,7,17,5,2,5,3,0,0,1,0,0,0,0,386214.502999943681061,5724014.402999609708786,7.355081646000031,51.655591254000058,0,5210722701910960000
5,5,54,44,2021,8,15,7,3,3,6,0,0,1,0,0,0,0,368758.936999885365367,5744362.560999525710940,7.095200842000054,51.834643711000069,0,5210821705000080000
5,5,70,44,2021,8,18,3,2,5,2,0,0,1,0,0,0,1,413122.178635375574231,5759686.972068998962641,7.735001041000032,51.981057366000073,0,5210824711142600000
5,5,54,48,2021,4,16,2,3,0,3,0,1,1,0,0,0,0,338713.300999687053263,5743086.902998939156532,6.660076400000037,51.815316944000074,0,5210426705000070000
5,5,66,84,2021,7,10,7,3,8,1,0,0,0,0,1,0,0,386468.716526933945715,5779924.890388913452625,7.340332282000077,52.158130791000076,0,5210710709300370000
5,5,66,48,2021,6,16,4,3,2,6,0,0,0,0,0,1,1,426613.347453100606799,5791426.207764664664865,7.924554080000064,52.268313332000048,0,5210602702350200000
5,5,62,32,2021,8,23,3,3,2,6,2,0,1,0,0,0,0,376080.838239353150129,5714725.684941217303276,7.211944089000042,51.569969415000060,0,5210831701120850000
5,5,62,16,2021,6,10,2,3,5,3,0,1,1,0,0,0,0,368356.471999882720411,5731200.257999517023563,7.094353385000034,51.716268424000077,0,5210628701700500000
5,5,62,4,2021,7,14,7,3,1,6,0,0,1,0,0,0,0,383059.992175850085914,5712482.285042772069573,7.313345655000035,51.551297085000044,0,5210731701800510000
5,5,62,4,2021,7,16,3,3,4,6,0,0,0,0,0,1,0,381086.749936080537736,5715819.049850730225444,7.283769693000067,51.580874126000026,0,5210727701800870000
5,5,54,56,2021,8,21,7,2,0,1,2,1,0,1,0,0,0,356849.561842800118029,5762146.121287072077394,6.915079007000031,51.991506664000042,0,5210807705000990000
5,5,54,4,2021,8,16,6,3,0,3,0,1,1,0,0,0,0,362205.154826385900378,5772882.971262959763408,6.988700870000059,52.089335660000074,1,5210827705000990000
5,5,66,56,2021,8,20,5,3,9,1,2,0,1,0,0,0,0,416023.606020507402718,5800945.250971242785454,7.767027724000059,52.352359154000055,1,5210819709700500000
5,5,58,4,2021,8,22,6,2,2,6,2,0,1,0,0,0,0,404544.372151051647961,5741654.936116313561797,7.615133587000059,51.817569340000034,0,5210820702330630000
5,5,66,76,2021,4,13,2,3,2,6,0,0,1,0,0,0,0,393796.599999959580600,5792318.643999658524990,7.443522223000059,52.270975664000048,0,5210426709500010000
5,5,70,4,2021,7,4,5,2,9,1,2,0,1,0,0,0,0,424763.085348450578749,5729276.162785384804010,7.911081620000061,51.709376002000056,1,5210729711211770000
5,5,13,0,2021,6,23,4,3,9,1,2,0,0,0,0,0,1,370718.673105248250067,5715258.840833744034171,7.134419311000045,51.573556834000044,0,5210630702340000000
5,5,54,20,2021,7,19,3,3,6,3,0,1,0,1,0,0,0,364204.377783756703138,5787732.107163045555353,7.011925600000041,52.223253978000059,0,5210720705000820000
5,5,62,24,2021,8,14,5,3,9,7,0,0,1,0,0,0,0,366901.444999875500798,5723285.416999503970146,7.076320771000042,51.644799360000036,0,5210805701500670000
5,5,15,0,2021,8,12,4,3,2,6,0,1,0,0,0,0,0,405567.292606084607542,5756764.810211034491658,7.625833405000037,51.953559042000052,0,5210804702100570000
5,5,62,32,2021,7,14,4,3,5,3,0,0,1,0,0,0,1,375592.641999910585582,5718061.746999565511942,7.203721305000045,51.599843688000078,0,5210721701110780000
5,5,70,8,2021,8,14,2,3,4,2,0,0,1,0,0,0,0,433006.697322683408856,5733981.458735868334770,8.029467814000043,51.752722039000048,0,5210823711311080000
5,5,70,28,2021,6,7,2,3,5,3,0,0,1,0,0,0,0,442670.061194805428386,5738525.445911966264248,8.168693498000039,51.794646577000037,0,5210607711411850000
5,5,70,20,2021,8,6,4,2,9,1,0,0,1,0,0,0,0,439227.678999996744096,5745931.091999661177397,8.117483553000056,51.860861040000032,1,5210818711413780000
5,5,66,84,2021,8,17,7,3,5,3,0,1,1,0,0,0,0,391031.326243254356086,5773434.764898736029863,7.409082039000054,52.100721579000037,0,5210821709300080000
5,5,12,0,2021,8,13,7,3,2,6,0,0,1,0,0,0,0,360169.377999840304255,5712206.664999427273870,6.983500315000072,51.543612080000059,0,5210828701400740000
5,5,62,14,2021,8,6,2,3,0,1,0,1,0,0,0,0,0,358929.078999833203852,5714675.239999411627650,6.964635829000031,51.565485958000068,0,5210809701300770000
5,5,66,8,2021,8,17,3,3,5,3,0,0,1,0,0,0,1,398590.687084197998047,5783999.022791618481278,7.516252143000031,52.197107502000051,0,5210831709000870000
5,5,15,0,2021,8,17,2,3,5,2,0,1,1,0,0,0,0,410243.667399028316140,5751952.391653440892696,7.695119019000060,51.911075939000057,0,5210830702100030000
5,5,66,4,2021,8,15,3,3,9,1,0,0,1,0,0,0,0,400067.198351250961423,5767335.685781639069319,7.542741644000046,52.047609539000064,1,5210817709110750000
5,5,66,28,2021,7,20,1,2,8,1,0,1,0,0,0,0,0,412715.414907816797495,5792858.282803200185299,7.720566639000026,52.279154942000048,0,5210718709700680000
5,5,15,0,2021,8,18,2,3,5,3,0,1,0,0,0,0,0,403035.080999975092709,5757933.662999659776688,7.588667144000055,51.963629299000047,0,5210809702100150000
5,5,58,4,2021,6,13,2,2,0,6,0,0,1,0,0,0,0,406862.159677081741393,5732272.343735218048096,7.651266750000048,51.733622143000048,1,5210621702330800000
5,5,15,0,2021,8,15,3,3,2,6,0,0,1,0,0,0,0,405914.418999978341162,5761506.399999661371112,7.629583278000041,51.996237302000054,0,5210817702100360000
5,5,66,76,2021,8,10,5,3,9,1,0,0,0,0,1,0,0,396164.835999965667725,5788420.893999662250280,7.479415393000068,52.236397351000051,0,5210826709500210000
5,5,54,68,2021,7,16,4,2,5,3,0,0,1,0,0,0,0,347085.264758639968932,5772251.542026739567518,6.768461266000031,52.079692524000052,0,5210728705000880000
5,5,62,24,2021,8,22,1,3,9,1,2,0,1,0,0,0,0,370139.737999889999628,5725315.198999529704452,7.122342718000027,51.663797472000056,1,5210808701500990000
5,5,58,24,2021,8,16,6,3,0,3,0,0,1,0,1,0,0,387810.869880524463952,5737420.908784933388233,7.373832113000049,51.776406861000055,0,5210813706300990000
5,5,54,16,2021,8,13,2,3,2,1,0,0,1,0,0,0,0,365403.557221608236432,5750721.097845634445548,7.044054608000067,51.890982614000052,0,5210823705000990000
5,5,70,52,2021,5,16,5,3,1,6,0,0,1,0,0,0,0,429580.854326565749943,5756505.958590589463711,7.975256486000035,51.954791451000062,0,5210520711111700000
5,5,62,12,2021,7,17,7,2,2,6,0,0,1,0,0,0,0,357732.349038200452924,5732438.327027633786201,6.940158078000024,51.724799256000040,0,5210731702340580000
5,5,54,56,2021,7,12,7,3,0,7,0,0,0,0,1,0,0,355952.172582718543708,5761642.202006883919239,6.902230044000021,51.986746972000049,1,5210717705000720000
5,5,66,88,2021,8,19,6,3,8,1,0,0,1,0,0,0,0,422157.212120608426630,5787017.965436704456806,7.860281135000037,52.228075792000027,0,5210813709800280000
5,5,70,28,2021,8,11,6,3,2,6,0,0,1,0,0,0,1,440785.599251962266862,5741166.002755215391517,8.140920146000042,51.818189485000062,1,5210806711413980000
5,5,66,32,2021,8,18,1,2,0,1,0,1,0,0,0,0,0,413212.621971004642546,5776838.987562246620655,7.731959086000074,52.135245360000056,0,5210801709100260000
5,5,66,84,2021,8,14,2,3,0,5,0,1,1,0,0,0,0,386104.423056634142995,5778651.023483870550990,7.335436388000062,52.146607611000036,0,5210830709300660000
5,5,62,4,2021,6,21,3,2,5,3,0,0,1,0,1,0,0,382319.484999933280051,5714822.031999593600631,7.301886894000063,51.572172017000071,0,5210615701800860000
5,5,66,88,2021,8,17,2,3,0,6,0,1,0,0,0,0,1,425197.198968121781945,5784087.282007806003094,7.905429275000074,52.202153254000052,0,5210823709800000000
5,5,15,0,2021,7,18,1,2,5,2,0,0,1,0,1,0,0,401663.639031491242349,5751942.835374353453517,7.570425081000053,51.909541341000079,0,5210718702100940000
5,5,62,28,2021,8,20,1,2,0,1,2,1,0,0,0,0,0,380243.208823347464204,5723292.247034139931202,7.269047457000056,51.647860510000044,0,5210822701920580000
5,5,15,0,2021,8,15,3,3,2,6,0,0,1,0,0,0,0,404859.971999977715313,5758306.286999657750130,7.615116885000020,51.967293885000061,0,5210824702100070000
5,5,54,44,2021,1,5,4,3,8,1,2,0,1,0,0,0,0,362367.928078621625900,5740949.040920244529843,7.003859178000027,51.802432378000049,2,5210113705000400000
5,5,70,44,2021,8,9,5,3,0,6,0,1,1,0,0,0,0,413513.733445162884891,5761948.991048475727439,7.740130265000062,52.001451287000066,0,5210812711143570000
5,5,54,12,2021,8,22,4,2,5,3,2,1,1,0,0,0,0,356207.975999820977449,5738685.631999373435974,6.915519201000052,51.780544914000075,1,5210825705000990000
5,5,66,40,2021,8,13,2,3,2,6,0,0,1,0,0,0,0,420989.567999991588295,5783078.413999680429697,7.844108573000028,52.192497648000028,0,5210802709800170000
5,5,58,32,2021,5,18,7,3,8,1,0,0,1,0,0,0,0,389045.323291433975101,5751316.754276935011148,7.387260653000055,51.901543953000044,1,5210515702330100000
5,5,66,28,2021,8,14,5,3,0,1,0,1,0,0,0,0,0,412155.141476715914905,5793011.590501751750708,7.712316345000033,52.280443661000049,1,5210819709700570000
5,5,70,24,2021,8,11,3,2,3,6,0,0,1,0,0,0,1,422304.510054386220872,5754491.274858208373189,7.869847246000063,51.935711871000080,0,5210817711161280000
5,5,15,0,2021,8,18,2,3,0,2,0,1,0,0,0,0,0,406007.110999978147447,5757793.151999661698937,7.631950218000043,51.962876757000060,0,5210809702100170000
5,5,62,20,2021,7,19,3,3,5,3,1,0,1,0,0,0,0,371322.914999895729125,5717697.878999534994364,7.142239844000073,51.595614391000026,1,5210727701200380000
5,5,58,12,2021,2,15,4,3,2,1,0,0,1,0,0,0,1,374495.281999908387661,5753322.038999570533633,7.175152733000061,51.916477348000058,0,5210203706000400000
5,5,66,76,2021,8,15,2,3,5,3,0,0,1,0,0,1,0,394976.669999962672591,5797835.968999665230513,7.459089805000076,52.320787925000047,0,5210823709500970000
5,5,15,0,2021,8,17,4,3,5,2,0,1,1,0,0,0,0,405773.306999978609383,5758001.692999657243490,7.628491076000046,51.964711637000050,0,5210804702100650000
5,5,54,28,2021,1,21,1,2,2,6,2,0,1,0,0,0,0,361184.408089464530349,5741910.035252815112472,6.986320548000037,51.810775037000042,1,5210117702340800000
5,5,62,8,2021,8,0,1,2,8,1,2,0,1,0,1,0,0,383561.007435583509505,5720985.706469891592860,7.317747374000021,51.627827053000033,0,5210801701910140000
5,5,66,44,2021,6,17,1,3,0,7,0,0,0,0,1,0,1,423608.667115387506783,5772395.688088485971093,7.884818491000033,52.096839406000072,0,5210613709800000000
5,5,62,4,2021,7,12,1,3,2,6,0,0,1,0,0,0,1,383194.347999935038388,5714105.688999595120549,7.314743270000065,51.565915659000041,0,5210718701800270000
5,5,66,76,2021,5,21,7,3,8,5,0,0,1,0,0,0,0,393996.729322930797935,5794146.923969430848956,7.445879269000045,52.287445438000077,0,5210501709000230000
5,5,15,0,2021,8,13,6,3,5,2,0,0,1,0,1,0,0,405059.378762844018638,5755263.461988598108292,7.618859302000033,51.939977810000073,1,5210827702100260000
5,5,70,8,2021,8,10,6,2,8,1,0,0,1,0,0,0,0,430261.390677857212722,5732690.450581111013889,7.989961975000028,51.740780861000076,0,5210813301911200000
5,5,70,16,2021,7,17,2,3,5,2,0,0,1,0,1,0,0,408837.235506877303123,5744683.836210446432233,7.676598039000055,51.845512353000061,0,5210726711222570000
5,5,66,76,2021,8,13,1,3,4,6,0,0,1,0,0,0,0,398549.461999967694283,5788258.474999666213989,7.514372246000050,52.235382190000053,0,5210801709500500000
5,5,58,16,2021,8,18,7,3,2,2,0,0,1,0,0,0,0,385128.539271402172744,5744157.495015984401107,7.332736828000066,51.836407503000032,0,5210814706000570000
5,5,58,44,2021,5,20,5,3,9,1,1,0,1,0,0,0,0,395374.241328157484531,5751036.202805833891034,7.479301328000076,51.900246766000066,1,5210506702330430000
5,5,15,0,2021,8,6,4,3,0,3,0,0,0,0,1,1,0,398121.444803122431040,5753724.407141624018550,7.518421256000067,51.924917649000065,1,5210818702100870000
5,5,70,8,2021,7,16,5,3,4,2,0,0,1,0,0,0,0,432641.035909876227379,5731311.884149836376309,8.024688200000071,51.728678569000067,0,5210715711312480000
5,5,13,0,2021,8,14,5,3,2,6,0,0,1,0,0,0,0,365910.089999871328473,5714085.208999494090676,7.065519189000042,51.561886821000030,1,5210819702340970000
5,5,66,88,2021,8,11,1,3,2,6,0,0,1,0,0,0,0,422376.719305718317628,5785710.526744976639748,7.863794332000055,52.216354409000076,0,5210801702350400000
5,5,62,12,2021,6,12,3,2,4,2,0,0,1,0,0,0,0,354949.436197262257338,5725039.916983414441347,6.902969678000034,51.657608653000068,0,5210615701610390000
5,5,58,32,2021,8,16,4,3,8,1,0,0,0,0,1,0,0,385127.087526659481227,5756363.711596667766571,7.328650128000049,51.946108209000045,0,5210825706000990000
5,5,15,0,2021,8,9,6,3,0,3,0,1,1,0,0,0,0,403962.630200856365263,5759325.030376285314560,7.601774103000025,51.976296369000067,0,5210820702100570000
5,5,13,0,2021,7,2,5,2,9,1,2,0,0,0,1,1,0,361147.771115904673934,5719490.610800929367542,6.994720954000059,51.609307949000026,0,5210722700200060000
5,5,70,4,2021,6,5,6,2,9,7,0,0,1,1,0,0,0,424456.092788695357740,5736133.188434997573495,7.905150360000050,51.770977466000033,0,5210625711212300000
5,5,54,12,2021,7,19,3,2,4,6,0,1,0,0,0,0,0,348362.077999765984714,5743963.476999226957560,6.799560695000025,51.825893598000050,0,5210720705000990000
5,5,15,0,2021,7,19,5,3,8,1,1,0,1,0,0,0,0,401997.420999973081052,5748412.349999651312828,7.576279252000063,51.877866959000073,1,5210708702330680000
5,5,54,56,2021,8,14,7,2,5,2,0,0,1,0,0,0,0,358393.991291660815477,5763483.089167498052120,6.937004746000071,52.003915391000078,0,5210828705000990000
5,5,66,12,2021,5,16,5,3,2,6,0,0,1,0,0,0,1,402971.080379542894661,5776175.718350417912006,7.582557243000053,52.127580368000054,0,5210506709110970000
5,5,62,32,2021,8,12,2,2,6,4,0,0,1,1,0,0,0,374224.944130837917328,5715303.248308200389147,7.184972581000068,51.574749093000037,1,5210816701120470000
5,5,66,68,2021,8,17,3,3,4,2,0,0,1,0,0,0,0,374335.515301538631320,5784587.923353102058172,7.161328415000071,52.197404894000044,0,5210810709300250000
5,5,66,76,2021,8,18,2,3,1,6,0,0,1,0,1,0,0,391652.323458534665406,5794942.389219980686903,7.411266164000040,52.294137109000076,0,5210816709500270000
5,5,62,24,2021,7,14,3,3,2,6,0,0,1,0,0,0,0,368555.450999883934855,5722726.052999515086412,7.100422082000023,51.640161655000043,0,5210720701500860000
5,5,54,16,2021,4,15,4,3,2,6,0,0,1,0,0,1,0,365466.758999869227409,5755910.047999499365687,7.042945712000062,51.937624978000031,0,5210414702340700000
5,5,70,8,2021,7,20,1,3,8,1,1,0,1,0,0,0,0,430352.906177519820631,5732922.925212813541293,7.991240646000051,51.742882181000027,1,5210725301911280000
5,5,54,32,2021,7,12,7,3,5,3,0,1,1,0,0,0,0,325405.053999549709260,5747652.019998287782073,6.464895346000048,51.852324634000070,0,5210724705000160000
5,5,13,0,2021,7,11,1,2,4,2,0,0,1,0,1,0,0,367365.466999877244234,5714146.510999506339431,7.086479739000026,51.562781855000026,0,5210718700000530000
5,5,15,0,2021,7,4,3,2,8,7,1,0,1,0,0,0,0,412459.944202877581120,5750795.652283210307360,7.727624519000074,51.901030889000026,0,5210720702100570000
5,5,62,4,2021,8,13,5,3,0,7,0,0,0,1,0,0,1,384897.162656797096133,5716993.605049893260002,7.338353498000060,51.592221887000051,0,5210826701800350000
5,5,62,16,2021,7,18,5,2,9,6,0,0,1,0,1,0,0,382464.733650914393365,5731662.704318612813950,7.298322926000026,51.723558599000057,0,5210722701700070000
5,5,15,0,2021,8,13,6,3,0,6,0,1,1,0,0,0,0,404889.153482656925917,5761192.630341906100512,7.614741379000066,51.993242372000054,1,5210827702100060000
5,5,62,24,2021,8,5,3,3,5,2,1,1,1,0,0,0,0,370283.907999890856445,5727006.261999534443021,7.123798110000052,51.679027744000052,0,5210810701500870000
5,5,66,12,2021,7,18,1,3,2,6,0,0,1,0,0,0,0,406277.993999978527427,5772327.193999666720629,7.631910280000056,52.093559650000032,0,5210718709100570000
5,5,54,32,2021,7,14,4,3,1,6,0,0,1,0,0,0,0,324331.788999536074698,5745425.786998223513365,6.450458789000038,51.831991269000071,0,5210728705000990000
5,5,62,32,2021,8,16,5,3,5,2,0,1,1,0,0,0,0,375383.463999910280108,5719453.505999563261867,7.200208015000044,51.612305358000071,0,5210805701110590000
5,5,62,16,2021,8,14,7,2,8,1,0,1,0,0,0,0,0,377757.349999917671084,5736646.544999584555626,7.228452186000027,51.767342206000080,0,5210821701700770000
5,5,66,40,2021,8,14,2,3,9,7,0,0,1,0,0,0,0,420212.617374329827726,5781039.727797033265233,7.833224394000069,52.174060405000034,0,5210809709800660000
5,5,54,68,2021,8,8,6,3,9,1,0,0,1,0,0,0,0,352239.643339868634939,5765241.013813259080052,6.846653434000075,52.018105840000032,1,5210827705000990000
5,5,62,28,2021,7,15,5,3,8,7,0,0,0,0,0,0,1,377366.722999919205904,5722259.013999575749040,7.227854340000022,51.637954619000027,0,5210715701920040000
5,5,13,0,2021,8,17,4,2,8,1,0,1,0,0,0,0,0,365986.861999870277941,5716464.663999496027827,7.065718420000053,51.583288017000029,1,5210804700200680000
5,5,58,36,2021,8,16,1,3,5,3,0,0,1,0,1,0,0,390205.482999953441322,5730211.336999623104930,7.410802900000022,51.712082950000081,0,5210815706300990000
5,5,62,14,2021,8,4,4,2,2,7,2,0,1,0,0,1,0,357533.500988999381661,5713696.132224924862385,6.944911145000049,51.556337017000033,0,5210811702340600000
5,5,66,16,2021,8,17,6,3,3,2,0,1,1,0,0,0,0,403559.108999976888299,5795329.592999674379826,7.585686744000043,52.299836393000078,0,5210813709500010000
5,5,15,0,2021,8,7,3,3,2,6,0,0,1,0,0,0,1,407680.344685686752200,5756831.867057168856263,7.656554876000030,51.954516574000081,0,5210803702100760000
5,5,66,28,2021,8,9,4,3,5,3,0,0,1,0,0,0,0,416600.275999987497926,5789903.039999682456255,7.778227736000076,52.253194889000042,0,5210804709700280000
5,5,54,4,2021,7,1,3,2,0,1,2,1,0,0,0,0,0,361505.643903473392129,5773103.068064849823713,6.978408029000036,52.091138688000058,0,5210727705000990000
5,5,58,4,2021,4,13,3,2,2,6,0,0,1,0,0,0,0,403000.958698178641498,5743682.268345946446061,7.592180969000026,51.835526276000053,1,5210406702340700000
5,5,70,28,2021,6,12,4,3,0,7,0,1,0,0,0,0,0,441075.228003811091185,5741582.436699368059635,8.145050699000024,51.821963939000057,0,5210616711412300000
5,5,66,40,2021,6,16,4,3,2,6,0,0,1,0,0,0,0,415726.434063630178571,5781001.243549877777696,7.767645982000033,52.173047526000062,0,5210630702350800000
5,5,15,0,2021,7,13,7,3,1,5,0,1,1,0,0,0,0,404032.671121144667268,5749032.557715758681297,7.605664070000046,51.883795653000050,0,5210717702100990000
5,5,66,76,2021,8,15,3,2,5,3,0,0,1,0,1,0,0,392735.380999959073961,5790958.524999655783176,7.428408041000068,52.258546057000046,0,5210831709500570000
5,5,13,0,2021,4,16,2,3,5,3,0,0,1,0,0,0,0,367900.312999881803989,5716284.635999508202076,7.093387408000069,51.582121934000043,0,5210426700000570000
5,5,62,8,2021,8,15,4,2,5,2,0,1,1,0,0,0,0,386481.089697065763175,5724056.602008834481239,7.358920099000045,51.656024432000038,0,5210811701910050000
5,5,15,0,2021,7,22,1,2,0,6,1,1,0,0,0,0,0,406199.595321435481310,5756685.834664378315210,7.635053279000033,51.952956179000068,0,5210725702100870000
5,5,70,28,2021,8,11,4,3,5,3,0,0,1,0,0,0,0,442572.348999997600913,5738459.267999656498432,8.167287753000039,51.794041592000042,0,5210818711411170000
5,5,58,16,2021,7,13,5,3,7,1,0,0,1,0,0,1,0,388510.963999948464334,5747914.598999628797174,7.380596510000032,51.870860293000078,0,5210715706100780000
5,5,66,44,2021,8,19,7,3,0,1,1,1,0,0,0,0,0,423129.612721269018948,5775701.341970654204488,7.877080223000064,52.126487777000079,1,5210828709800680000
5,5,62,14,2021,7,20,7,3,2,1,0,0,1,0,0,0,0,360034.648737064562738,5713507.359312735497952,6.981041181000023,51.555266808000056,1,5210724702340480000
5,5,62,14,2021,8,17,5,2,3,2,0,1,1,0,0,0,0,360016.036999839358032,5715768.838999427855015,6.979872184000044,51.575583927000082,0,5210805701300790000
5,5,58,44,2021,7,8,3,3,5,3,0,0,1,0,0,0,0,396116.871633390896022,5745781.520822217687964,7.491672617000063,51.853156495000064,0,5210727706300970000
5,5,54,24,2021,6,19,5,2,9,1,0,0,1,0,0,0,0,368869.815051637589931,5773687.716643722727895,7.085610607000035,52.098186083000030,1,5210603702340200000
5,5,12,0,2021,5,18,5,2,2,6,0,0,1,0,0,0,0,360169.377999840304255,5712206.664999427273870,6.983500315000072,51.543612080000059,0,5210506701400080000
5,5,54,40,2021,7,19,6,3,5,3,0,1,1,0,0,0,0,350460.241999780759215,5738144.867999274283648,6.832493181000075,51.774179944000082,0,5210709705000500000
5,5,15,0,2021,7,17,7,2,5,3,0,1,1,0,0,0,0,406677.445823521353304,5750282.320169592276216,7.643740788000059,51.895478256000047,0,5210703702100500000
5,5,54,68,2021,6,12,1,3,1,6,0,0,1,0,1,0,0,351848.132809074595571,5767599.154989149421453,6.839931191000062,52.039188225000032,0,5210613705000080000
5,5,15,0,2021,8,13,2,2,8,1,0,0,1,0,0,0,0,402935.746088190004230,5754002.764775939285755,7.588331665000055,51.928279841000062,0,5210830702100670000
5,5,62,32,2021,7,18,1,3,8,1,0,0,1,0,0,0,0,377504.905677542090416,5717030.891875226050615,7.231677521000051,51.590998234000040,1,5210725702340580000
5,5,62,24,2021,8,6,3,3,4,6,0,1,0,0,0,0,0,366937.032796200364828,5727052.363833934068680,7.075400699000056,51.678659092000032,0,5210824701500750000
5,5,66,76,2021,8,18,2,3,5,3,0,0,1,0,0,0,0,391434.434345647692680,5789480.275038888677955,7.409830305000071,52.245005663000029,0,5210816709500070000
5,5,54,4,2021,7,15,6,3,5,3,0,1,0,0,0,0,1,362149.250975982286036,5772909.748729998245835,6.987874597000030,52.089562342000079,0,5210716705000520000
5,5,54,8,2021,8,11,6,3,6,4,0,1,0,1,0,0,0,334865.149039465002716,5745870.500237917527556,6.602972338000029,51.839199402000077,0,5210827705000990000
5,5,58,16,2021,7,10,4,3,3,6,0,1,0,0,0,1,0,381426.522999932058156,5743380.642999604344368,7.279297084000063,51.828652113000032,1,5210728706100520000
5,5,66,48,2021,7,9,2,2,2,6,0,0,1,0,0,1,0,425354.348054372705519,5791376.712613133713603,7.906118619000040,52.267698963000043,0,5210726702350170000
5,5,62,14,2021,8,16,3,3,3,6,0,1,1,0,0,0,0,357733.604896708391607,5716818.218665959313512,6.946531558000061,51.584442095000043,0,5210824701300590000
5,5,13,0,2021,8,17,7,3,0,7,0,1,0,0,0,0,0,365538.053999869152904,5715435.762999491766095,7.059638465000035,51.573934953000048,0,5210814700000170000
5,5,58,32,2021,8,14,3,2,5,3,0,1,1,0,0,0,0,389097.765607045963407,5752814.987407173961401,7.387540322000063,51.915019819000065,1,5210817706100990000
5,5,66,76,2021,8,6,5,3,5,3,0,1,1,0,0,0,0,400873.460999972186983,5794570.532999670132995,7.546538453000039,52.292536167000037,0,5210805709500160000
5,5,15,0,2021,8,23,7,2,9,2,2,1,1,0,0,0,0,405946.015999978408217,5756806.164999656379223,7.631331492000072,51.953994937000061,0,5210821702100470000
5,5,70,8,2021,8,22,2,3,8,1,2,0,1,0,0,0,0,435067.966393109411001,5738461.231596253812313,8.058487295000020,51.793238363000057,0,5210809711314070000