ULAND,UREGBEZ,UKREIS,UGEMEINDE,UJAHR,UMONAT,USTUNDE,UWOCHENTAG,UKATEGORIE,UART,UTYP1,ULICHTVERH,IstRad,IstPKW,IstFuss,IstKrad,IstGkfz,IstSonstige,LINREFX,LINREFY,XGCSWGS84,YGCSWGS84,STRZUSTAND,UIDENTSTLAE
5,5,54,64,2021,7,19,7,3,7,7,0,0,1,0,0,0,0,355449.173207432962954,5748441.825078299269080,6.900454150000030,51.868010766000054,1,5210724705000990000
5,5,15,0,2021,8,13,6,2,2,6,0,0,1,0,0,0,0,402806.517062619328499,5763468.778319751843810,7.583772696000040,52.013340277000054,1,5210827702350780000
5,5,62,14,2021,7,7,4,3,5,3,0,1,0,0,1,0,0,356554.836533784866333,5714649.097297599539161,6.930414901000063,51.564652133000038,0,5210721701300290000
5,5,15,0,2021,8,23,6,3,7,1,2,1,0,0,0,0,0,407084.695761027745903,5755512.335163788869977,7.648246227000072,51.942556718000048,0,5210813702100570000
5,5,15,0,2021,5,19,7,2,3,6,0,1,0,0,0,0,0,403731.350763509981334,5758052.739642530679703,7.598764743000061,51.964820604000067,0,5210501702100570000
5,5,70,8,2021,4,14,2,1,6,4,0,0,1,1,0,0,0,430356.264999838545918,5732283.729200297966599,7.991417244000047,51.737136250000049,0,5210426711312970000
5,5,58,8,2021,8,16,2,3,5,2,0,1,1,0,0,0,0,379410.816934386268258,5762064.015236163511872,7.243519756000069,51.996125876000065,0,5210830706000990000
5,5,70,8,2021,5,16,7,3,4,6,0,0,1,0,0,0,0,431999.999999996274710,5739006.377999663352966,8.013901917000055,51.797774614000048,0,5210501711314650000
5,5,58,44,2021,4,13,5,3,5,2,0,1,1,0,0,0,0,395520.759506715461612,5746264.248252686113119,7.482874718000062,51.857383994000031,0,5210429706300670000
5,5,54,24,2021,8,19,5,3,2,2,0,0,0,0,1,0,0,369453.726999888196588,5776253.512999540194869,7.093146490000038,52.121379915000034,1,5210819705000570000
5,5,66,76,2021,6,14,7,2,2,6,0,0,0,0,1,0,0,393591.551934514194727,5784991.834391236305237,7.442825082000070,52.205088041000067,0,5210612709500740000
5,5,58,20,2021,8,18,6,3,8,1,0,0,0,0,1,0,0,393370.489999959245324,5755582.282999642193317,7.448780970000030,51.940726119000033,0,5210813706000320000
5,5,15,0,2021,8,13,3,3,1,3,0,1,1,0,0,0,0,407889.057089393027127,5758267.040247164666653,7.659206304000065,51.967451316000052,0,5210824702100370000
5,5,58,4,2021,8,8,3,2,8,7,0,0,0,0,0,1,0,406811.267791601829231,5732958.565975099802017,7.650346231000071,51.739782044000037,0,5210803702330200000
5,5,58,16,2021,8,14,6,2,3,6,0,0,1,0,0,0,0,382837.129834695719182,5746480.770787168294191,7.298707391000050,51.856811315000073,0,5210827702340070000
5,5,66,12,2021,7,17,5,3,1,3,0,1,1,0,0,0,1,402062.564999974332750,5772744.487999662756920,7.570276701000068,52.096580284000026,0,5210729709100650000
5,5,62,24,2021,8,10,5,3,1,6,0,0,1,0,0,0,0,372715.190257791429758,5725516.808018581941724,7.159486990000062,51.666198558000076,1,5210819701500370000
5,5,15,0,2021,7,17,6,3,2,6,0,0,1,0,0,0,0,404207.745205106213689,5765691.777001643553376,7.603561460000037,52.033564789000081,0,5210730702350490000
5,5,54,4,2021,8,15,6,3,1,5,0,0,1,0,0,0,0,362649.865954110398889,5771079.104549465700984,6.995914064000033,52.073237863000031,0,5210820705000990000
5,5,70,44,2021,4,20,6,3,5,2,2,0,1,0,0,0,0,417072.153368769213557,5760131.508827777579427,7.792393697000023,51.985656934000076,0,5210416711142400000
5,5,70,4,2021,8,4,5,2,4,6,2,0,1,0,0,0,0,424695.841999993659556,5735956.728999657556415,7.908662601000060,51.769423457000073,1,5210826711212250000
5,5,70,4,2021,8,21,2,3,5,3,2,0,1,0,1,0,0,425476.960999994538724,5741445.637999659404159,7.918801232000021,51.818871493000074,1,5210802711212900000
5,5,66,40,2021,8,13,4,3,3,7,0,1,1,0,0,0,0,423980.745268018916249,5780531.605671627447009,7.888430182000036,52.170024930000068,0,5210804709800870000
5,5,66,92,2021,4,14,5,1,2,6,0,0,1,0,0,1,0,423566.589659054763615,5790979.581203754991293,7.880015557000036,52.263883635000070,0,5210415702350800000
5,5,13,0,2021,8,13,7,3,0,7,0,1,0,0,0,0,0,365393.147872864268720,5715682.620175320655107,7.057454085000074,51.576118740000027,0,5210821700200660000
5,5,54,4,2021,7,17,2,3,2,7,0,0,1,0,0,0,0,362390.264028605073690,5770926.904505841434002,6.992190077000032,52.071805852000068,0,5210726705000000000
5,5,66,76,2021,5,5,3,3,9,6,1,0,1,0,0,1,0,399026.559843580238521,5794750.476412581279874,7.519413699000040,52.293817098000034,1,5210504702350300000
5,5,58,20,2021,8,15,7,2,5,2,0,0,1,0,0,0,1,392175.551107057370245,5756731.828316248953342,7.431043765000027,51.950827570000058,0,5210814706200990000
5,5,70,44,2021,4,16,5,2,2,6,0,0,1,0,0,0,0,414903.543415674939752,5759681.393639205023646,7.760933657000066,51.981282924000027,0,5210422711142950000
5,5,12,0,2021,8,16,5,3,5,2,0,0,1,0,1,0,0,355578.977999813854694,5718734.136999366804957,6.914665250000041,51.601109790000066,0,5210812701400580000
5,5,62,16,2021,8,8,6,3,1,5,0,1,1,0,0,0,0,374578.542076705954969,5734422.824400186538696,7.183211778000043,51.746654986000067,0,5210820701700770000
5,5,70,40,2021,8,13,1,3,9,1,0,0,1,0,0,0,0,419152.406113843433559,5747063.385666472837329,7.825749634000033,51.868491947000052,1,5210829711231900000
5,5,62,14,2021,7,9,2,3,2,6,0,0,1,0,0,0,0,360133.095706165768206,5712614.166382161900401,6.982815458000061,51.547264930000040,0,5210726701300370000
5,5,13,0,2021,8,18,2,3,5,3,0,0,1,0,0,0,0,367099.102999877184629,5714490.043999502435327,7.082509322000021,51.565806340000051,0,5210830700200140000
5,5,66,40,2021,3,8,2,2,5,3,0,0,1,0,0,0,0,420283.439999992027879,5782614.607999678701162,7.833889602000056,52.188226952000036,1,5210315709800500000
5,5,70,36,2021,7,19,6,2,7,7,0,0,1,0,0,0,0,433868.096055914647877,5764816.365061767399311,8.036031780000030,52.030025879000050,0,5210730711121770000
5,5,58,32,2021,8,10,6,3,8,1,0,0,0,0,0,1,0,380502.560177176259458,5755621.202445110306144,7.261656160000030,51.938461215000075,0,5210820706200620000
5,5,62,32,2021,7,18,5,2,8,1,0,0,1,0,0,0,0,377559.283607667312026,5717068.323903275653720,7.232449051000060,51.591346467000051,1,5210708702340700000
5,5,54,12,2021,8,21,5,3,2,7,2,0,1,0,0,0,0,352476.578999795019627,5746402.935999313369393,6.858181013000035,51.848913470000070,0,5210826705000990000
5,5,66,60,2021,7,8,7,3,5,2,0,0,1,0,0,0,0,388739.598930253647268,5788510.873670089989901,7.370695060000060,52.235755537000045,0,5210724709500510000
5,5,58,16,2021,7,17,6,3,3,3,0,1,1,0,0,0,0,382006.495499125681818,5744603.863453758880496,7.287292294000054,51.839768231000050,0,5210723706000990000
5,5,62,32,2021,8,15,7,3,5,2,0,0,1,0,0,0,1,374676.891999908722937,5719738.973999558016658,7.189906642000039,51.614714033000041,0,5210814701110880000
5,5,54,64,2021,8,7,3,3,5,3,0,1,1,0,0,0,0,357469.761999826878309,5750956.740999398753047,6.928743008000026,51.891127840000081,0,5210810705000370000
5,5,70,24,2021,7,8,6,3,8,1,0,1,0,0,0,0,0,423094.629882392473519,5753699.045090263709426,7.881514982000056,51.928699998000070,0,5210723711114570000
5,5,66,48,2021,7,14,6,3,2,6,0,0,1,0,0,0,0,426824.535514991730452,5791404.051443533971906,7.927653156000076,52.268142314000045,0,5210723702350400000
5,5,13,0,2021,8,16,2,3,5,2,0,1,1,0,0,0,0,364819.199999865144491,5716743.448999483138323,7.048768076000044,51.585514416000080,0,5210823700200980000
5,5,66,72,2021,8,12,6,3,0,7,0,1,0,0,0,0,0,412832.303348176181316,5803203.642382096499205,7.719597577000059,52.372159828000065,0,5210827709700830000
5,5,70,52,2021,8,21,2,3,2,6,1,1,0,0,1,0,0,430941.065869163721800,5755885.023756895214319,7.995171825000057,51.949380049000069,0,5210823711113880000
5,5,15,0,2021,8,17,3,3,5,3,0,1,0,0,0,0,0,404672.055303264409304,5759366.922679759562016,7.612087830000064,51.976795067000069,0,5210831702100090000
5,5,54,12,2021,8,14,1,3,3,7,0,0,1,0,0,0,0,351810.709696370176971,5744262.100861899554729,6.849437960000046,51.829502006000041,1,5210829705000990000
5,5,54,20,2021,8,16,5,3,5,2,0,0,1,0,0,0,0,366985.452999877743423,5788274.149999521672726,7.052402162000021,52.228803052000046,1,5210819705000280000
5,5,62,24,2021,8,7,5,3,5,3,0,1,0,0,0,0,0,370462.175999891012907,5725513.566999532282352,7.126928648000046,51.665654557000039,1,5210826701500540000
5,5,70,28,2021,7,19,6,2,9,1,0,0,1,0,0,0,0,440415.583259077742696,5744215.237935075536370,8.135027592000029,51.845563363000053,0,5210723711413990000
5,5,62,20,2021,8,7,5,3,5,3,0,1,1,0,0,0,0,369995.937999889254570,5719666.138999527320266,7.122363100000030,51.612997947000054,1,5210819701200260000
5,5,58,4,2021,8,14,6,2,9,1,0,0,1,0,0,0,0,403123.349388947710395,5737291.147625312209129,7.595743271000060,51.778100618000053,0,5210820706300870000
5,5,54,64,2021,7,10,6,2,6,7,0,0,1,1,0,0,0,361401.892882417887449,5751195.734457647427917,6.985750221000046,51.894266898000069,0,5210716705000170000
5,5,58,32,2021,8,17,1,3,5,3,0,1,1,0,0,0,0,386703.225999944843352,5754659.312999628484249,7.352133375000051,51.931113449000065,1,5210829706100840000
5,5,58,32,2021,7,22,6,2,4,6,2,0,1,0,1,0,0,388817.074119938537478,5757861.526814347133040,7.381829667000034,51.960319468000080,1,5210716706100380000
5,5,15,0,2021,7,19,7,2,2,6,0,0,1,0,0,0,1,401123.811406058259308,5760865.158592700958252,7.560013199000025,51.989641393000056,0,5210731702330500000
5,5,66,68,2021,1,22,7,2,8,1,2,0,1,0,0,0,0,373159.908635460771620,5788031.396538764238358,7.142846812000073,52.228078425000035,1,5210123702340000000
5,5,62,24,2021,8,12,6,3,2,6,0,0,1,0,0,1,0,364745.964164768345654,5724365.300542306154966,7.044769304000056,51.653989171000035,0,5210827701500870000
5,5,12,0,2021,8,7,1,3,8,1,0,0,1,0,0,0,0,357397.903294550254941,5719144.592960502952337,6.940743933000022,51.605261518000077,1,5210829702340200000
5,5,70,16,2021,7,14,2,3,5,3,0,0,1,0,0,0,0,416248.763379462994635,5735300.680682204663754,7.786430520000067,51.762326021000035,0,5210719711221200000
5,5,58,16,2021,8,20,6,3,5,3,1,1,1,0,0,0,0,379738.369637156836689,5741846.071605827659369,7.255344225000044,51.814499967000074,0,5210820706100880000
5,5,66,8,2021,7,5,3,3,9,7,0,0,1,0,0,0,0,401144.832949012517929,5779116.666354788467288,7.555032355000037,52.153689637000070,1,5210727709100880000
5,5,66,92,2021,1,18,3,3,0,6,2,0,1,0,0,0,0,421729.379999993368983,5790686.353999683633447,7.853168573000062,52.260989495000047,0,5210112702350700000
5,5,12,0,2021,7,16,1,3,2,6,0,0,1,0,0,0,0,356859.609337876550853,5713753.453018883243203,6.935173658000053,51.556681500000082,0,5210718702340850000
5,5,62,32,2021,1,13,6,3,2,1,0,0,1,0,0,0,0,374768.118351786397398,5714915.564152449369431,7.192944984000064,51.571385849000080,0,5210122702340500000
5,5,66,68,2021,3,14,6,3,2,3,0,0,1,0,0,0,0,371486.974681963212788,5784823.589533785358071,7.119584380000049,52.198865937000051,0,5210326702340700000
5,5,66,48,2021,7,19,4,3,0,1,0,0,0,0,1,0,0,431067.765999995172024,5795706.740999687463045,7.988944429000071,52.307367984000052,0,5210721709700060000
5,5,15,0,2021,7,17,5,3,6,7,0,0,0,1,0,0,1,407009.706491983495653,5757838.652592618018389,7.646526073000075,51.963454342000034,0,5210729702100040000
5,5,62,4,2021,7,21,4,3,9,1,1,0,1,0,0,0,0,384754.995753681287169,5717675.771352181211114,7.336078004000058,51.598323988000061,1,5210728301911370000
5,5,70,8,2021,7,7,2,1,4,6,0,0,1,0,0,0,1,432813.550253847613931,5740188.470850246027112,8.025468592000038,51.808499915000027,0,5210719711314770000
5,5,62,8,2021,6,11,4,3,0,2,0,0,1,0,0,0,1,383708.023971689864993,5720141.863505503162742,7.320150578000039,51.620273278000070,0,5210609701910000000
5,5,62,14,2021,8,15,6,3,2,6,0,0,1,0,0,0,0,360133.095706165768206,5712614.166382161900401,6.982815458000061,51.547264930000040,0,5210813701300090000
5,5,66,8,2021,7,12,6,3,0,2,0,1,1,0,0,0,0,399369.616160207428038,5781742.449758613482118,7.528314666000028,52.176968823000038,0,5210723709110070000
5,5,66,4,2021,7,17,7,3,5,3,0,1,1,0,0,0,0,395034.104274506680667,5766040.025219410657883,7.469772583000065,52.035034276000033,0,5210717709100990000
5,5,66,76,2021,7,23,4,3,2,6,2,0,1,0,1,0,0,393556.960999960079789,5794074.618999660015106,7.439457223000034,52.286710616000050,0,5210728709500760000
5,5,15,0,2021,5,13,5,3,1,5,0,1,1,0,0,0,1,405384.425539621151984,5755925.579663190990686,7.623404216000040,51.945984589000034,0,5210520702100200000
5,5,58,20,2021,8,16,3,3,5,3,0,1,0,0,0,0,1,391712.781889937818050,5758150.517826512455940,7.423865586000034,51.963488309000070,1,5210817706200990000
5,5,70,16,2021,5,11,1,3,1,5,0,0,1,0,1,0,0,408513.284999982453883,5744537.387999655678868,7.671935384000051,51.844142970000064,1,5210523711222100000
5,5,58,16,2021,1,8,4,3,0,2,1,0,1,0,1,0,0,382304.678266756236553,5742456.534086246043444,7.292348623000066,51.820532634000074,1,5210113706100000000
5,5,66,80,2021,7,15,6,3,5,3,0,1,1,0,0,0,0,405632.226999978534877,5781430.487999670207500,7.619960288000073,52.175271643000031,0,5210730709000370000
5,5,54,48,2021,7,6,5,2,4,6,0,0,1,0,0,0,0,342752.242088469676673,5751014.590661322697997,6.715015942000036,51.887690468000073,0,5210729705000990000
5,5,54,68,2021,8,15,6,3,0,1,0,1,0,0,0,0,0,351022.615284286439419,5765909.067211039364338,6.828640373000042,52.023782544000028,0,5210806705000880000
5,5,66,48,2021,4,14,4,3,9,1,0,0,1,0,0,0,0,424722.829583788290620,5791288.066799936816096,7.896885775000044,52.266816049000056,2,5210407702350800000
5,5,62,16,2021,8,22,4,2,0,1,2,1,0,0,0,0,0,367416.460999879986048,5732169.386999513953924,7.080385288000059,51.724755939000033,0,5210811701700380000
5,5,62,4,2021,8,13,5,3,2,6,0,0,1,0,0,0,1,383190.265476718544960,5713588.388355897739530,7.314856309000049,51.561265451000054,1,5210819702340800000
5,5,66,92,2021,5,18,7,1,4,2,0,0,1,0,1,0,0,420053.389934624545276,5796135.345943065360188,7.827324709000038,52.309727468000062,0,5210501709700080000
5,5,15,0,2021,6,10,7,2,3,6,0,1,0,0,0,0,1,405474.546572607941926,5759119.698423227295280,7.623836012000027,51.974710008000045,0,5210619702100360000
5,5,62,20,2021,8,14,3,2,4,6,0,0,1,0,0,0,0,369386.830016707070172,5718832.351665489375591,7.113881573000072,51.605363978000071,0,5210803701200270000
5,5,54,40,2021,8,11,7,3,0,2,0,0,1,0,0,0,0,352174.787999792024493,5736501.103999309241772,6.858025306000059,51.759866093000028,0,5210821705000810000
5,5,66,44,2021,7,11,1,2,2,6,0,0,1,0,1,0,0,429708.434751636348665,5778573.033932680264115,7.972572045000049,52.153178136000065,0,5210718709800480000
5,5,70,52,2021,7,18,6,3,4,6,0,0,1,0,0,0,0,431196.864999996498227,5762924.278999667614698,7.997481403000052,52.012691924000080,0,5210723711121580000
5,5,66,52,2021,6,12,1,2,8,1,0,0,0,0,1,0,0,377667.635999918915331,5777408.330999599769711,7.212644199000067,52.133636208000041,0,5210613709300310000
5,5,13,0,2021,7,18,5,3,5,3,0,1,1,0,0,0,0,369656.772999887354672,5715254.555999526754022,7.119106114000033,51.573273815000050,0,5210715700200660000
5,5,66,76,2021,7,20,2,2,4,6,1,0,1,0,0,0,1,397902.272661945782602,5785410.951958879828453,7.505757796000069,52.209670283000037,0,5210726709500670000
5,5,66,76,2021,8,17,3,2,0,1,0,1,0,0,0,0,0,395104.514637436717749,5792976.282574221491814,7.462478470000065,52.277137121000067,0,5210803709500070000
5,5,15,0,2021,8,18,3,3,0,3,0,1,1,0,0,0,0,405380.767533290199935,5755685.394274296239018,7.623417114000063,51.943825074000074,0,5210817702100270000
5,5,62,32,2021,8,22,1,3,8,1,2,0,1,0,0,0,0,374248.554847601801157,5718146.679525736719370,7.184294440000031,51.600308494000046,1,5210829702340550000
5,5,62,28,2021,9,14,5,3,0,1,0,0,0,0,0,0,1,379620.651918385177851,5721416.286401670426130,7.260698839000042,51.630867624000075,0,5210909701920990000
5,5,15,0,2021,7,14,7,3,2,6,0,0,1,0,0,0,0,400906.396999971941113,5762025.973999656736851,7.556512405000035,52.000036185000056,1,5210731702100670000
5,5,54,64,2021,8,11,3,3,5,3,0,0,1,0,0,0,0,355816.845999818295240,5750157.234999367967248,6.905074135000064,51.883519102000037,0,5210817705000910000
5,5,13,0,2021,4,13,1,3,9,1,0,0,1,0,0,0,0,362840.258735748007894,5713729.048130346462131,7.021398572000066,51.557948078000038,0,5210418702340300000
5,5,58,44,2021,8,17,2,3,8,1,0,0,1,0,0,0,0,394299.037720282562077,5752032.206143654882908,7.463374159000068,51.908995788000027,0,5210809706000120000
5,5,54,52,2021,8,13,5,3,5,3,0,0,1,0,0,0,0,377772.539999919943511,5767827.370999595150352,7.217611208000051,52.047560538000027,1,5210819705000990000
5,5,70,40,2021,8,18,7,2,8,1,0,0,0,0,1,0,0,419170.844507230445743,5746088.754462899640203,7.826245452000023,51.859733388000052,0,5210807711231180000
5,5,15,0,2021,7,10,2,3,5,3,0,1,0,0,0,0,1,403998.657936275005341,5761396.214747220277786,7.601718745000028,51.994919025000058,0,5210726702100260000
5,5,58,24,2021,8,14,5,3,3,2,0,0,1,0,0,1,0,392897.862711022607982,5737175.244569027796388,7.447613353000065,51.775195433000079,0,5210805706300670000
5,5,66,28,2021,6,4,2,3,5,2,1,1,1,0,0,0,0,412737.985802729614079,5792959.395862173289061,7.720871227000032,52.280067359000043,0,5210607709000950000
5,5,15,0,2021,8,21,3,3,4,1,2,1,0,1,0,0,0,402687.705999975092709,5754820.392999654635787,7.584494190000044,51.935585636000042,0,5210824702100590000
5,5,58,12,2021,8,5,7,3,5,3,2,0,1,0,1,0,0,375244.550999912433326,5758406.929999576881528,7.184196737000036,51.962341262000052,0,5210814706200550000
5,5,62,24,2021,8,10,5,2,0,7,0,0,0,0,0,0,1,370268.671999891288579,5725419.951999530196190,7.124167018000037,51.664768631000072,0,5210826701500890000
5,5,70,20,2021,5,14,2,2,0,6,0,0,1,0,0,0,0,425906.424971057102084,5742780.061894040554762,7.924745215000030,51.830924597000035,0,5210510711421990000
5,5,62,32,2021,8,9,3,3,5,3,0,0,1,0,0,0,1,375617.948978751897812,5719702.277594733983278,7.203504518000045,51.614592956000081,0,5210831701110390000
5,5,66,40,2021,6,17,5,2,2,6,0,0,1,0,0,0,1,418184.432087113149464,5779822.092662608250976,7.803865592000022,52.162818386000026,0,5210617709800900000
5,5,66,48,2021,8,23,4,2,4,1,2,0,1,0,0,0,1,426208.813929036259651,5790213.592719158157706,7.918892127000049,52.257359056000041,0,5210804709700260000
5,5,70,4,2021,7,16,6,3,5,3,0,1,1,0,0,0,0,426761.151999993249774,5730349.526999654248357,7.939768988000026,51.719289806000063,0,5210730711214300000
5,5,62,28,2021,4,8,1,3,4,6,0,1,0,0,0,0,0,379093.408663894981146,5723930.941057588905096,7.252215846000070,51.653354579000052,0,5210425701920890000
5,5,58,32,2021,8,20,7,3,8,1,1,0,0,0,1,0,0,388062.300999948754907,5756683.076999627053738,7.371233292000056,51.949576841000066,0,5210814706100990000
5,5,15,0,2021,8,19,4,3,2,6,0,0,1,0,0,0,0,409162.314532698132098,5759109.079244997352362,7.677512011000033,51.975229606000028,0,5210811702100870000
5,5,12,0,2021,7,16,3,3,5,3,0,1,1,0,0,0,0,357039.384999823756516,5719331.896999387070537,6.935493973000064,51.606853680000029,0,5210727701400310000
5,5,15,0,2021,7,8,3,2,5,2,0,1,1,0,0,0,0,401219.457612136378884,5763606.039235386997461,7.560615541000061,52.014293769000062,1,5210727702100070000
5,5,66,68,2021,7,17,6,2,2,6,0,0,1,0,1,0,0,375299.155381397344172,5785743.698568416759372,7.174994684000069,52.208009585000070,0,5210723709300240000
5,5,15,0,2021,8,9,3,3,5,2,0,1,1,0,0,0,0,405609.972620777785778,5752103.621409175917506,7.627733107000040,51.911669292000056,0,5210831702100260000
5,5,54,36,2021,8,5,5,3,0,7,0,1,0,0,0,0,0,370301.870512594468892,5767858.914245557039976,7.108720136000045,52.046146357000055,0,5210819705000990000
5,5,66,28,2021,8,9,4,3,1,3,0,1,1,0,0,0,0,413064.547822725027800,5792488.772899039089680,7.725778186000070,52.275889002000042,0,5210818709700200000
5,5,15,0,2021,8,22,6,3,8,7,2,0,1,0,0,0,0,402791.039520218968391,5754932.912779174745083,7.585964987000068,51.936615059000076,1,5210806702100840000
5,5,58,20,2021,7,9,7,3,5,3,0,0,1,0,0,0,0,394678.836999962106347,5758592.920999646186829,7.466884271000026,51.968034354000054,0,5210717706200710000
5,5,70,48,2021,8,15,7,3,5,3,0,1,1,0,0,0,0,448167.027999999932945,5732260.339999660849571,8.249328784000056,51.738856345000045,0,5210821711321730000
5,5,62,8,2021,4,13,5,3,8,1,0,0,1,0,0,0,0,383972.710999936796725,5721013.760999601334333,7.323683420000066,51.628164247000029,0,5210429701910040000
5,5,66,68,2021,8,11,2,2,8,1,0,0,1,0,0,0,0,371338.283387169241905,5784339.737676046788692,7.117593726000052,52.194483460000072,1,5210816702340700000
5,5,54,16,2021,8,17,1,3,8,6,0,0,1,0,0,0,0,365303.761454833671451,5751142.316845234483480,7.042440778000071,51.894743528000049,1,5210801705132990000
5,5,15,0,2021,2,13,6,3,4,6,0,1,0,0,0,0,0,406488.918818612582982,5757659.137473002076149,7.638997190000055,51.961753420000036,0,5210219702100700000
5,5,62,16,2021,7,20,7,3,5,3,0,1,0,0,0,0,0,373698.619818899780512,5731645.208394646644592,7.171480626000061,51.721495495000056,0,5210717701700970000
5,5,54,24,2021,6,10,2,2,9,7,0,0,1,0,0,0,0,368604.527965717948973,5772425.010099442675710,7.082226711000033,52.086776751000059,0,5210628702340500000
5,5,62,24,2021,7,18,5,3,2,6,0,0,1,0,0,0,0,368526.187999882735312,5724363.756999516859651,7.099383897000052,51.654872125000054,0,5210729701500970000
5,5,54,48,2021,4,7,6,2,1,7,0,1,1,0,0,0,0,340632.627623949199915,5745186.331822661682963,6.686930768000025,51.834728520000056,0,5210423705000760000
5,5,13,0,2021,8,1,5,3,8,1,2,0,1,0,0,0,1,366609.901165617629886,5718894.109094135463238,7.073782009000070,51.605268032000026,1,5210819700000770000
5,5,54,40,2021,6,9,7,3,8,1,0,0,1,0,0,0,0,350871.842183867469430,5737869.448002871125937,6.838572812000052,51.771815128000071,0,5210619705000290000
5,5,66,84,2021,8,7,4,3,9,7,0,0,1,0,0,0,1,387489.246034828014672,5780620.609243223443627,7.355013737000036,52.164592133000042,1,5210818709300870000
5,5,66,60,2021,7,9,3,3,2,6,0,0,1,0,0,0,1,390225.827739310450852,5791264.872112918645144,7.391555120000021,52.260804154000027,0,5210720709500430000
5,5,62,4,2021,8,15,4,3,6,2,0,0,1,1,0,0,0,383193.619926073588431,5714084.468078328296542,7.314739824000071,51.565724780000039,0,5210825701800150000
5,5,58,12,2021,8,15,1,2,5,2,0,0,1,0,0,0,0,376438.217227153480053,5750392.288383813574910,7.204438416000073,51.890583081000045,1,5210829706200990000
5,5,15,0,2021,6,15,3,3,3,6,0,0,1,0,0,0,0,403889.544179934076965,5754747.507807156071067,7.601990849000060,51.935139380000066,0,5210601702100200000
5,5,70,52,2021,8,3,7,2,8,1,2,0,1,0,0,0,0,432076.853530581109226,5756834.159637078642845,8.011507575000053,51.958052349000070,0,5210821711113080000
5,5,66,76,2021,7,10,5,3,0,4,0,1,0,1,0,0,0,394934.820845223963261,5788340.867216885089874,7.461434658000030,52.235444763000032,0,5210722709500070000
5,5,62,24,2021,8,16,4,3,0,1,0,0,0,0,1,0,0,370868.772999893873930,5725042.889999534934759,7.132978445000049,51.661518311000066,0,5210825701500070000
5,5,54,8,2021,8,12,4,3,3,2,0,1,0,0,0,1,0,338730.597999688237906,5745641.412998944520950,6.659137195000028,51.838270933000047,0,5210818705000990000
5,5,13,0,2021,8,10,3,3,5,2,0,1,0,0,0,1,0,363227.904999857768416,5719734.596999466419220,7.024647310000034,51.612009594000028,0,5210824700000950000
5,5,70,4,2021,11,13,6,3,4,6,0,0,1,0,0,0,0,424779.815999992191792,5736074.120999654754996,7.909853921000035,51.770490064000057,1,5211119711212990000
5,5,54,48,2021,7,4,3,2,0,7,2,0,1,0,0,0,0,340814.943184219300747,5749897.373722191900015,6.687404809000043,51.877103832000046,0,5210727705000990000
5,5,66,28,2021,8,22,5,3,5,3,2,1,1,0,0,0,0,412501.295999985188246,5792017.679999679327011,7.717647001000046,52.271565326000029,0,5210826709700870000
5,5,13,0,2021,4,14,3,3,2,6,0,0,1,0,0,0,0,364926.945310367271304,5717030.357413778081536,7.050211928000067,51.588118520000080,0,5210420700000500000
5,5,54,20,2021,7,17,6,3,5,3,0,1,0,0,0,0,0,367023.923015601933002,5786842.122577808797359,7.053527968000026,52.215944970000066,0,5210716705000020000
5,5,15,0,2021,8,21,6,3,8,1,1,0,1,0,0,0,0,403617.006287680007517,5752797.766315229237080,7.598573847000068,51.917567230000031,1,5210806702100060000
5,5,62,24,2021,8,18,6,3,1,7,1,0,1,0,0,0,0,365850.697996724396944,5724173.550460701808333,7.060802988000034,51.652530754000054,1,5210827701500970000
5,5,15,0,2021,6,23,7,1,5,3,2,1,1,0,0,0,0,407680.344685686752200,5756831.867057168856263,7.656554876000030,51.954516574000081,0,5210619702100500000
5,5,15,0,2021,7,17,7,3,2,6,0,0,1,0,0,0,0,406325.006999979726970,5758859.043999658897519,7.636284908000050,51.972511139000062,1,5210724702100400000
5,5,70,8,2021,8,15,1,3,3,1,0,0,1,0,0,0,0,436621.126717088744044,5738541.190628239884973,8.080990301000043,51.794135360000041,0,5210829301911680000
5,5,58,16,2021,7,9,7,3,0,1,0,1,0,0,0,0,0,387338.544011641293764,5747718.214558480307460,7.363638378000076,51.868859723000071,0,5210717706100920000
5,5,58,28,2021,8,9,4,3,8,1,0,0,0,0,0,1,0,400850.475381635129452,5728464.418410243466496,7.565323520000049,51.698363192000045,0,5210804706300420000
5,5,70,24,2021,8,19,4,2,0,7,0,1,0,0,0,0,0,420286.077999990433455,5751733.981999665498734,7.841132216000062,51.910640445000070,0,5210811711161580000
5,5,15,0,2021,8,8,2,3,5,2,0,1,0,0,0,0,1,403431.827999975532293,5758084.496999656781554,7.594397534000052,51.965054099000042,0,5210809702100570000
5,5,66,12,2021,8,9,7,3,8,1,0,0,1,0,0,0,0,413044.410078985616565,5772268.682180328294635,7.730669467000041,52.094138393000037,1,5210828709110990000
5,5,70,4,2021,8,14,3,3,5,3,0,0,1,0,0,1,0,420246.913105324842036,5736810.982018303126097,7.844004534000021,51.776486594000062,0,5210831711211370000
5,5,70,28,2021,7,15,3,3,5,2,0,1,1,0,0,0,0,445290.068999999202788,5743179.436999661847949,8.205945495000037,51.836750152000036,0,5210720711411670000
5,5,54,16,2021,7,11,7,3,5,3,0,1,1,0,0,0,0,364419.939055118709803,5760790.634256482124329,7.025801162000050,51.981226333000052,0,5210710705000700000
5,5,62,32,2021,7,14,3,3,5,3,0,1,1,0,0,0,0,375201.594092716462910,5719235.137428436428308,7.197660478000046,51.610302571000034,0,5210727701110790000
5,5,58,24,2021,5,22,2,3,7,7,2,0,1,0,0,0,0,388474.232410904951394,5736476.952855587005615,7.383746485000074,51.768055423000078,0,5210517706300300000
5,5,66,40,2021,6,10,5,3,1,2,0,0,1,0,0,1,0,424463.365816546604037,5780326.937742283567786,7.895531299000027,52.168251438000027,0,5210610709800300000