ULAND,UREGBEZ,UKREIS,UGEMEINDE,UJAHR,UMONAT,USTUNDE,UWOCHENTAG,UKATEGORIE,UART,UTYP1,ULICHTVERH,IstRad,IstPKW,IstFuss,IstKrad,IstGkfz,IstSonstige,LINREFX,LINREFY,XGCSWGS84,YGCSWGS84,STRZUSTAND,UIDENTSTLAE
5,5,66,28,2021,4,18,4,2,3,3,0,1,1,0,0,0,0,414698.727999988943338,5792115.344999684020877,7.749818742000059,52.272788479000042,0,5210428709700660000
5,5,62,32,2021,6,13,1,3,4,6,0,1,0,0,0,0,1,378513.371740945614874,5715522.217137571424246,7.246750300000031,51.577657555000030,0,5210613701120080000
5,5,12,0,2021,7,18,3,2,9,1,0,0,0,0,0,0,1,355676.516701143234968,5713233.158204859122634,6.918332911000050,51.551704847000053,1,5210727702340120000
5,5,70,24,2021,6,10,4,3,5,2,0,1,1,0,0,0,0,420849.181999991647899,5753189.096999665722251,7.848982265000075,51.923801173000072,0,5210630711161700000
5,5,66,36,2021,8,12,5,3,8,1,0,1,0,0,0,0,0,387516.557600266300142,5768376.287090850993991,7.359457456000030,52.054556843000057,0,5210805709300280000
5,5,66,56,2021,7,21,3,3,4,2,0,0,1,0,0,0,0,416028.583999987691641,5797522.935999684035778,7.767956045000062,52.321598917000074,0,5210720709700370000
5,5,15,0,2021,7,7,2,3,0,7,0,0,0,0,0,0,1,404659.849999977275729,5758306.589999658986926,7.612204696000049,51.967262320000032,0,5210719702100960000
5,5,62,4,2021,8,7,5,3,5,3,0,0,1,0,1,0,0,383205.403999934904277,5717999.999999599531293,7.313607206000029,51.600918863000061,0,5210812701800660000
5,5,54,40,2021,7,2,1,2,8,1,2,0,1,0,0,0,0,352218.525999792851508,5736450.269999304786325,6.858680204000052,51.759420891000048,1,5210725705000180000
5,5,70,28,2021,3,15,1,3,2,2,0,0,1,0,0,0,0,440283.088000000454485,5740388.733999660238624,8.133764630000030,51.811148197000080,1,5210314711412000000
5,5,54,12,2021,7,13,7,3,9,2,0,0,1,0,0,0,0,354834.489484448917210,5748306.823577167466283,6.891589356000054,51.866638165000040,0,5210717705000980000
5,5,15,0,2021,8,13,6,3,5,3,0,1,1,0,0,0,0,404929.831999978050590,5762787.505999661982059,7.614891204000060,52.007584605000034,1,5210827702100570000
5,5,58,24,2021,8,15,7,3,5,3,0,0,1,0,1,0,0,384624.486999938264489,5733549.808999609202147,7.328951884000048,51.740967577000049,0,5210821706300990000
5,5,12,0,2021,7,12,5,2,8,7,0,0,1,0,0,0,0,355439.494782028719783,5716828.561074232682586,6.913437641000030,51.583951235000029,0,5210722701400340000
5,5,58,32,2021,8,17,4,3,1,6,0,0,1,0,1,0,0,391000.160237420350313,5751417.455725448206067,7.415630753000073,51.902834873000074,0,5210811706100990000
5,5,66,68,2021,7,12,5,1,8,1,0,0,0,0,1,0,0,371223.142999895848334,5784072.490999560803175,7.116011689000061,52.192055157000027,0,5210722702340580000
5,5,12,0,2021,4,19,4,3,6,2,0,0,0,1,0,0,1,356678.522562735714018,5708873.858245916664600,6.934549533000052,51.512788357000034,0,5210428701400790000
5,5,15,0,2021,8,12,4,2,0,1,0,0,0,0,1,0,0,407907.195503770373762,5754523.640347877517343,7.660473336000052,51.933806498000081,0,5210818702100070000
5,5,62,32,2021,7,16,5,3,5,3,0,0,1,0,0,0,0,379459.546019971370697,5719280.429652014747262,7.259107170000050,51.611637362000067,0,5210715701110730000
5,5,62,12,2021,8,19,2,3,5,3,0,1,1,0,0,0,0,357469.996953411027789,5727080.273658091202378,6.938552102000074,51.676587375000054,0,5210802701610120000
5,5,13,0,2021,8,6,5,3,5,3,0,0,1,0,0,1,0,365907.942999871447682,5714432.777999496087432,7.065355643000032,51.565009740000050,0,5210826700000910000
5,5,70,4,2021,6,13,3,3,2,6,0,0,1,0,0,0,0,424206.957429333589971,5731362.028374973684549,7.902580394000040,51.728052532000049,0,5210615711214500000
5,5,13,0,2021,7,15,6,2,6,4,0,0,1,1,0,0,0,362774.139999855309725,5711226.351999461650848,7.021421478000036,51.535442052000064,0,5210730700200240000
5,5,62,4,2021,8,16,5,3,9,1,0,0,1,0,0,0,0,381656.771388074383140,5718035.464118991047144,7.291245229000026,51.600914321000062,0,5210812701800870000
5,5,58,44,2021,8,11,4,3,1,2,0,0,1,0,0,0,0,396123.270679275505245,5745805.660536423325539,7.491758238000045,51.853374656000028,0,5210804706300850000
5,5,66,36,2021,8,10,3,2,8,1,0,0,1,0,0,1,0,388520.421999949961901,5766303.271999632939696,7.374768279000023,52.036128963000067,0,5210831709000530000
5,5,62,24,2021,4,13,2,2,5,3,0,1,1,0,0,0,0,371423.739858755841851,5725620.496076729148626,7.140785259000040,51.666836347000071,0,5210426701500450000
5,5,62,14,2021,7,15,5,3,0,1,0,1,0,0,0,0,0,357671.723411759361625,5713819.109095823019743,6.946853860000033,51.557476960000031,0,5210715701300740000
5,5,70,16,2021,2,5,2,3,4,6,2,0,1,0,0,0,1,416706.178007761016488,5732875.450406653806567,7.793637971000066,51.740593020000063,2,5210208711221600000
5,5,66,48,2021,7,15,4,3,2,1,0,0,1,0,0,0,0,426490.810999993234873,5790802.457999683916569,7.922894600000063,52.262690103000068,0,5210721702350840000
5,5,13,0,2021,7,10,2,3,5,3,0,1,1,0,0,0,0,364668.008999864570796,5716645.993999481201172,7.046624681000026,51.584602361000066,0,5210712700200960000
5,5,62,28,2021,4,18,5,3,5,3,0,0,1,0,0,0,0,380827.949109454639256,5723043.961299493908882,7.277579696000032,51.645753299000035,0,5210422701920890000
5,5,58,16,2021,8,13,4,3,4,6,0,0,1,0,0,0,0,383496.800334444269538,5745688.122203303501010,7.308548952000024,51.849825675000034,0,5210811706000990000
5,5,62,32,2021,8,19,5,3,5,3,0,0,1,0,0,0,0,377706.193999918177724,5716173.362999577075243,7.234880570000030,51.583335074000047,0,5210826701120060000
5,5,66,68,2021,1,10,3,2,8,1,0,0,1,0,0,0,0,371223.142999895848334,5784072.490999560803175,7.116011689000061,52.192055157000027,1,5210112702340500000
5,5,62,36,2021,7,16,2,3,5,2,0,0,1,0,1,0,0,389272.546145625412464,5720232.112684153020382,7.400467561000028,51.622206743000049,0,5210726701930610000
5,5,15,0,2021,8,19,6,3,3,2,0,1,1,0,0,0,0,405021.112656475044787,5758076.364483503624797,7.617525350000051,51.965254809000044,0,5210806702100070000
5,5,58,16,2021,7,23,1,2,8,1,2,0,1,0,0,0,0,384327.703019044362009,5743817.749387010931969,7.321232303000045,51.833188798000037,0,5210725706000990000
5,5,62,14,2021,8,18,1,3,0,7,0,1,0,0,0,0,0,360407.383423783816397,5717959.817667238414288,6.984644795000065,51.595369171000073,0,5210808701300560000
5,5,66,40,2021,8,17,4,3,5,3,0,1,1,0,0,0,0,423472.534570801071823,5781142.991759914904833,7.880862633000049,52.175450421000050,0,5210825709800270000
5,5,62,32,2021,8,8,3,2,2,6,0,0,1,0,0,0,0,376810.643999915570021,5721613.396999571472406,7.220049943000049,51.632030829000030,0,5210817701110050000
5,5,62,24,2021,8,5,7,3,1,6,2,0,1,0,0,0,0,373231.046545891091228,5725596.955246288329363,7.166912970000055,51.667035448000036,0,5210821701500430000
5,5,62,24,2021,8,5,7,3,8,5,2,0,1,0,0,0,0,373728.725749582052231,5725769.999194070696831,7.174042957000040,51.668702640000049,0,5210821701500550000
5,5,66,76,2021,5,14,5,3,2,2,0,0,1,0,0,0,0,397157.349999965168536,5796221.302999664098024,7.491566255000066,52.306689267000081,0,5210506709500840000
5,5,62,20,2021,4,12,5,2,0,7,0,0,0,0,0,0,1,371852.718664811924100,5718161.097845477983356,7.149715307000065,51.599898058000065,0,5210429701200890000
5,5,54,44,2021,8,17,1,3,3,6,0,0,1,0,1,0,0,365439.566177658736706,5742996.961527086794376,7.047585003000052,51.821582632000059,0,5210815705000990000
5,5,12,0,2021,8,10,6,3,5,3,0,1,1,0,0,0,0,360577.062608075328171,5710029.685407493263483,6.990237652000076,51.524150306000081,0,5210820701400410000
5,5,12,0,2021,7,15,7,3,0,1,0,0,0,0,1,0,0,353854.306217367760837,5718900.316564610227942,6.889711077000072,51.602158121000059,0,5210703701400520000
5,5,62,28,2021,8,23,2,2,8,1,2,0,1,0,0,0,0,377665.051999920047820,5722707.604999577626586,7.232006391000027,51.642051174000073,0,5210823701920050000
5,5,66,28,2021,8,21,6,3,5,3,1,1,1,0,0,0,0,414739.407339209690690,5792102.891308149322867,7.750417935000030,52.272682850000081,1,5210806709700160000
5,5,62,8,2021,8,19,1,3,5,2,0,0,1,0,0,0,0,387093.197999944910407,5724210.501999614760280,7.367715426000075,51.657530947000055,1,5210801701910070000
5,5,66,32,2021,3,10,5,2,0,1,0,0,1,0,0,0,1,412766.001216011121869,5777151.301050579175353,7.725355166000043,52.137982264000073,0,5210325702350200000
5,5,12,0,2021,7,5,6,3,9,1,0,0,0,0,1,0,0,355468.001984312199056,5713031.642434356734157,6.915410312000063,51.549840713000037,1,5210716702340990000
5,5,62,32,2021,8,15,3,3,2,6,0,0,1,0,0,0,0,376167.265268092043698,5714684.503724921494722,7.213205024000047,51.569618298000080,1,5210817701120190000
5,5,66,28,2021,8,5,3,2,0,3,2,0,1,0,0,0,0,415759.095228477381170,5792084.785085182636976,7.765363252000043,52.272677283000064,0,5210824709700060000
5,5,62,32,2021,4,8,6,3,1,6,0,0,1,0,0,0,0,376170.541238421574235,5718891.123029218986630,7.211768163000045,51.607424796000032,0,5210423701110940000
5,5,15,0,2021,8,10,1,2,5,3,0,1,1,0,0,0,0,404053.122999975457788,5754946.132999656721950,7.604314076000037,51.936952927000050,0,5210815702100550000
5,5,12,0,2021,8,14,1,2,2,6,0,0,1,0,1,0,0,355573.109605901874602,5712446.282298356294632,6.917165487000034,51.544607751000058,0,5210801701400040000
5,5,66,12,2021,8,14,1,2,9,1,0,0,0,0,0,0,1,403954.508213814347982,5777794.076437294483185,7.596461769000030,52.142298030000063,0,5210815709100990000
5,5,54,64,2021,8,13,7,3,5,3,0,0,1,0,0,0,0,354355.537999807856977,5755387.399999344721437,6.881646912000065,51.930132128000082,0,5210807705000990000
5,5,62,12,2021,7,0,1,3,1,5,2,0,1,0,0,0,0,360675.428388682194054,5726371.718680690973997,6.985164472000065,51.671024595000063,0,5210718701610910000
5,5,66,12,2021,8,3,1,3,9,1,2,0,0,0,0,0,1,406382.503999961540103,5770306.773136382922530,7.633990036000057,52.075417252000079,1,5210822702350670000
5,5,12,0,2021,8,10,6,2,5,2,0,0,1,0,1,0,0,358450.379409692250192,5711161.225966049358249,6.959147816000041,51.533789294000030,0,5210820701400390000
5,5,62,24,2021,8,5,2,3,5,3,0,1,1,0,0,0,0,367225.554397610016167,5725333.824658054858446,7.080224492000070,51.663283873000069,0,5210816701500990000
5,5,62,32,2021,7,0,1,3,1,5,2,0,1,0,0,0,1,375837.744674623012543,5719402.888645913451910,7.206783492000056,51.611950825000065,0,5210718701110900000
5,5,54,56,2021,7,17,6,3,5,2,0,0,0,0,1,0,0,357805.118858974426985,5762635.803195586428046,6.928783305000024,51.996151951000058,0,5210723705000990000
5,5,12,0,2021,8,12,7,3,5,2,0,0,1,0,0,0,1,356978.741027846932411,5712761.393268646672368,6.937294339000061,51.547797252000066,1,5210828701400160000
5,5,12,0,2021,7,16,3,2,5,2,0,0,1,0,1,0,0,358938.021999835036695,5719819.957999415695667,6.962697178000042,51.611718156000052,0,5210720701400140000
5,5,66,84,2021,7,12,7,3,8,1,0,0,1,0,0,0,0,387090.370522147975862,5780660.434219442307949,7.349171267000031,52.164868590000026,0,5210703709300270000
5,5,62,28,2021,7,14,4,3,2,2,0,0,1,0,0,0,1,380809.149999928660691,5723160.707999590784311,7.277268342000070,51.646798568000065,0,5210728701920740000
5,5,54,52,2021,7,14,7,3,0,1,0,1,0,0,0,0,0,378161.035970424301922,5773162.525295805186033,7.221368877000032,52.095590525000034,0,5210724705000110000
5,5,15,0,2021,8,11,2,2,5,3,0,1,1,0,0,0,0,404903.530999978072941,5762250.719999661669135,7.614657137000052,52.002755295000043,0,5210823702100060000
5,5,62,12,2021,7,0,2,3,8,1,2,0,1,0,0,0,0,358212.737999830394983,5728454.800999408587813,6.948728843000026,51.689126412000064,0,5210726701610510000
5,5,66,92,2021,8,11,3,3,8,1,0,0,1,0,0,0,0,424176.507781749591231,5794580.006405100226402,7.888141138000037,52.296331691000034,0,5210817709700170000
5,5,13,0,2021,8,21,7,3,5,3,2,1,1,0,0,0,0,364668.008999864570796,5716645.993999481201172,7.046624681000026,51.584602361000066,0,5210828700000070000
5,5,62,16,2021,5,13,7,2,0,6,0,0,1,0,0,0,1,372160.910768545232713,5732626.980488009750843,7.148870568000063,51.729969944000061,0,5210501702340040000
5,5,62,32,2021,8,0,1,3,8,6,2,0,1,0,0,0,0,375499.735747842118144,5719642.335372814908624,7.201819320000027,51.614028116000043,0,5210829701110190000
5,5,54,56,2021,2,12,6,2,5,3,0,1,1,0,0,0,0,356836.433618062175810,5762373.383905867114663,6.914793047000046,51.993545237000035,0,5210205705000100000
5,5,62,32,2021,8,16,3,3,2,6,0,0,1,0,0,0,1,373260.447999901138246,5720776.014999553561211,7.169084410000039,51.623716752000064,0,5210831701110680000
5,5,70,40,2021,6,10,6,2,5,2,0,0,0,0,1,0,1,419432.643010536208749,5744323.487963190302253,7.830457743000068,51.843902721000063,0,5210618711231700000
5,5,62,12,2021,7,11,1,2,5,2,0,0,1,0,1,0,0,361917.383999852463603,5736290.285999454557896,6.999182345000065,51.760458655000036,0,5210718701610920000
5,5,58,20,2021,7,20,3,2,8,1,1,0,1,0,0,0,0,391499.495917743071914,5760174.117566511034966,7.420122805000062,51.981633991000081,1,5210727706200990000
5,5,54,44,2021,7,12,1,2,0,7,0,0,0,0,1,0,0,367874.034272271208465,5738612.079429084435105,7.084557747000076,51.782760003000078,0,5210718705000780000
5,5,62,24,2021,7,12,5,2,5,3,0,0,1,0,1,0,0,370220.797999890521169,5725386.109999531880021,7.123487758000067,51.664453450000053,0,5210722701500160000
5,5,58,36,2021,8,13,3,2,4,1,0,0,1,0,0,0,0,388548.174868056550622,5728876.025278039276600,7.387251629000048,51.699754554000037,0,5210817706000990000
5,5,62,12,2021,6,11,7,3,5,3,0,1,1,0,0,0,0,358644.411349972710013,5727715.513692704960704,6.955269081000040,51.682592237000051,0,5210612701610810000
5,5,15,0,2021,4,13,4,3,5,2,0,1,1,0,0,0,0,407058.187999980524182,5757262.265999663621187,7.647387474000027,51.958281592000048,0,5210428702100900000
5,5,62,12,2021,8,11,6,3,5,3,0,1,1,0,0,0,0,361917.269999850541353,5726911.489999452605844,7.002898104000053,51.676181568000061,0,5210827701610170000
5,5,66,12,2021,8,15,7,2,9,1,0,0,1,0,0,0,0,401110.456404240801930,5768170.563730580732226,7.557707955000069,52.055300560000035,1,5210828709100980000
5,5,58,12,2021,8,22,4,3,5,3,2,1,1,0,0,0,0,375309.572999911382794,5751928.181999573484063,7.187490649000040,51.904134239000030,0,5210818706000310000
5,5,62,14,2021,8,22,3,3,5,3,2,0,0,0,0,0,1,360673.965999842621386,5715157.457999439910054,6.989603004000060,51.570253003000062,0,5210831701300360000
5,5,58,28,2021,8,15,7,3,5,3,0,1,1,0,0,0,0,398828.962999969720840,5729241.084999643266201,7.535857426000064,51.704983475000063,0,5210814706300990000
5,5,66,12,2021,7,11,6,3,1,1,0,0,1,0,0,0,0,403139.831114956177771,5776054.162461543455720,7.585056228000042,52.126517421000074,0,5210730709000410000
5,5,62,14,2021,7,15,3,3,2,6,0,0,1,0,0,0,0,361710.006295531988144,5715229.708082212135196,7.004514256000050,51.571157310000046,0,5210720702340540000
5,5,15,0,2021,7,3,7,3,0,1,2,0,0,0,0,0,1,406342.846844710409641,5756822.982704570516944,7.637099800000044,51.954213074000052,0,5210731702100660000
5,5,66,8,2021,7,10,5,2,5,3,0,1,1,0,0,0,0,399092.709999970160425,5781289.935999663546681,7.524401067000042,52.172851187000049,0,5210722709000570000
5,5,15,0,2021,8,17,1,2,5,3,0,1,1,0,0,0,0,407171.655999979935586,5757931.797999659553170,7.648857361000069,51.964318646000038,1,5210801702100060000
5,5,12,0,2021,8,11,7,3,0,1,0,0,0,0,1,0,0,360234.251610964536667,5711387.295417511835694,6.984760588000029,51.536265214000082,0,5210821701400440000
5,5,62,24,2021,8,9,6,3,5,3,0,1,1,0,0,0,0,370107.110999889671803,5727237.561999531462789,7.121156363000068,51.681065487000069,0,5210813701500070000
5,5,62,32,2021,4,18,4,3,1,6,0,0,1,0,0,0,0,378491.598679051734507,5715498.673549180850387,7.246444383000039,51.577441266000051,0,5210428701120770000
5,5,15,0,2021,8,12,2,2,0,6,0,0,1,0,1,0,0,405790.495207155123353,5753474.265230868011713,7.629981778000058,51.924019906000069,0,5210816702100000000
5,5,62,12,2021,8,11,4,3,2,6,0,0,1,0,0,0,0,358682.696600422263145,5727650.515366217121482,6.955848814000035,51.682017815000052,0,5210811701610740000
5,5,66,76,2021,8,14,1,3,8,1,0,0,1,0,0,0,0,396813.463985670357943,5796119.547836489975452,7.486555440000075,52.305710250000061,0,5210829702350500000
5,5,54,16,2021,7,22,1,3,0,7,2,0,0,0,1,0,0,365216.639239888638258,5753813.901044661179185,7.040130440000041,51.918728894000026,0,5210718705000550000
5,5,62,32,2021,7,19,2,3,3,3,0,0,1,0,0,0,0,373733.024642203934491,5719020.172490328550339,7.176540311000053,51.608043246000079,0,5210726702340060000
5,5,54,32,2021,7,12,7,2,5,3,0,0,1,0,1,0,0,325923.900999556295574,5747725.408998319879174,6.472384083000065,51.853145877000031,0,5210703705000580000
5,5,12,0,2021,4,19,5,2,5,3,0,1,1,0,0,0,0,356571.043999820016325,5709644.614999381825328,6.932688070000040,51.519686984000032,0,5210422701400890000
5,5,66,76,2021,8,14,5,3,1,6,0,0,1,0,0,0,0,393660.209385434165597,5792978.456311441957951,7.441316097000026,52.276879176000079,1,5210819709500070000
5,5,13,0,2021,8,15,3,3,4,6,0,1,0,0,0,0,1,364575.519999863579869,5713908.222999481484294,7.046345854000037,51.559977487000026,0,5210831700200200000
5,5,62,32,2021,7,20,1,3,5,3,0,0,1,0,0,0,0,380442.867999927140772,5718150.911999586969614,7.273686878000035,51.601695528000050,0,5210718701110940000
5,5,13,0,2021,7,15,2,3,5,2,0,0,1,0,0,1,0,366858.844999874942005,5705387.973999496549368,7.082484962000024,51.483952637000073,0,5210726700100160000
5,5,58,16,2021,7,20,6,2,4,2,0,0,1,0,0,0,0,385192.388494320213795,5746912.870464896783233,7.332748146000029,51.861184246000050,0,5210723706000380000
5,5,54,32,2021,12,22,5,3,0,1,2,1,0,0,0,0,0,322991.632533950731158,5747375.268600655719638,6.430032140000037,51.849078802000065,1,5211223705000670000
5,5,54,32,2021,9,20,3,3,9,1,2,1,0,0,0,0,0,324882.704999543726444,5745308.304998256266117,6.458505382000055,51.831108967000034,0,5210907705000180000
5,5,54,32,2021,11,7,3,3,5,3,1,1,1,0,0,0,0,322719.476999518461525,5747432.152998110279441,6.426055875000031,51.849503394000067,0,5211109705000960000
5,5,54,32,2021,4,6,4,3,6,2,0,0,1,1,0,0,0,322719.476999518461525,5747432.152998110279441,6.426055875000031,51.849503394000067,2,5210407705000380000
5,5,54,32,2021,6,18,7,3,0,6,0,1,1,0,0,0,0,324184.846413772553205,5745500.878546558320522,6.448290291000035,51.832619538000074,0,5210612705000470000
5,5,54,32,2021,2,14,1,3,8,6,0,1,1,0,0,0,0,323474.635326104238629,5745595.107143865898252,6.437945616000036,51.833241954000073,0,5210221705000570000
5,5,54,8,2021,11,14,3,3,5,3,0,1,1,0,0,0,0,336337.903652166016400,5746691.925371658056974,6.623941621000029,51.847012168000049,0,5211109705000770000
5,5,54,8,2021,5,18,2,3,0,3,0,1,1,0,0,0,0,337048.898044500499964,5747077.087706245481968,6.634072854000067,51.850680239000042,0,5210510705000180000
5,5,54,8,2021,5,15,5,3,0,3,0,0,1,0,1,0,0,336610.440395999699831,5744407.804005784913898,6.628973247000033,51.826572583000029,1,5210527705000190000
5,5,54,8,2021,5,14,3,3,0,1,0,1,0,0,0,0,0,335677.604581813327968,5745441.603053091093898,6.614958234000028,51.835586078000063,1,5210525705000990000
5,5,54,8,2021,9,9,6,3,5,3,0,0,1,0,0,0,1,336792.726653808727860,5745662.426538389176130,6.631024427000057,51.837896792000038,0,5210910705000020000
5,5,54,8,2021,9,11,4,3,5,3,0,1,0,0,0,0,0,336048.907999661751091,5745899.748998835682869,6.620125365000035,51.839810916000033,0,5210908705000490000
5,5,54,8,2021,10,18,6,3,5,6,1,1,1,0,0,0,0,336431.717999666929245,5746019.174998855218291,6.625620519000051,51.840996026000028,0,5211022705000270000
5,5,54,8,2021,11,15,6,3,5,3,0,0,1,0,0,0,0,336690.594999667257071,5744636.957998866215348,6.630027238000025,51.828654627000049,0,5211112705000070000
5,5,54,8,2021,10,12,3,3,0,7,0,1,0,0,0,0,0,335905.492436710745096,5745617.269694278016686,6.618179497000028,51.837231163000070,1,5211012705000890000
5,5,54,8,2021,9,19,2,3,0,1,0,1,0,0,0,0,0,335711.663999660871923,5745552.360998820513487,6.615399538000077,51.836591082000041,0,5210920705000870000
5,5,54,8,2021,4,15,5,3,3,5,0,0,1,0,1,0,0,336209.069999664090574,5744875.968998849391937,6.622932657000035,51.830660819000059,1,5210429705000380000
5,5,54,8,2021,11,17,2,2,6,4,2,0,1,1,0,0,0,335284.374999654479325,5746397.193998804315925,6.608801121000056,51.844054684000071,1,5211129705000580000
5,5,54,8,2021,3,17,2,3,7,7,0,1,0,0,0,0,1,335993.116256769746542,5746068.116119664162397,6.619236438000030,51.841307050000069,0,5210315705000680000
5,5,54,8,2021,5,5,5,3,5,2,0,0,1,0,0,0,0,335629.955414593219757,5744207.729680188000202,6.614853191000066,51.824487655000041,1,5210527705000510000
5,5,54,8,2021,6,14,5,3,2,6,0,0,1,0,0,0,0,335586.986912649124861,5745370.950999313965440,6.613677772000074,51.834924716000046,0,5210624705000090000
5,5,54,8,2021,3,20,7,3,5,3,2,0,1,0,0,0,0,337020.072110304608941,5745539.667195772752166,6.634379164000052,51.836860367000043,0,5210320705000170000
5,5,54,8,2021,5,10,7,3,0,1,0,1,0,0,0,0,0,334830.073699451982975,5745158.636848380789161,6.602803473000051,51.832794124000031,0,5210529705000690000
5,5,54,8,2021,6,22,3,3,0,1,2,0,0,0,1,0,0,336147.970999663695693,5745588.630998838692904,6.621709344000067,51.837045075000049,0,5210629705000460000
5,5,54,8,2021,6,12,3,3,0,3,0,1,0,0,0,0,0,336314.278802235610783,5745063.062956340610981,6.624369635000050,51.832372410000062,0,5210622705000590000
5,5,54,8,2021,11,13,3,3,5,3,0,1,1,0,0,0,0,336924.715999669395387,5747175.452998869121075,6.632225088000041,51.851527642000065,0,5211109705000660000
5,5,54,8,2021,9,14,3,3,5,3,0,1,0,0,0,0,0,335608.420999659225345,5746245.754998819902539,6.613572909000027,51.842789741000047,0,5210928705000990000
5,5,54,8,2021,5,19,7,3,5,3,0,1,1,0,0,0,0,336753.887084546498954,5747219.426963120698929,6.629726259000051,51.851872753000066,1,5210515705000680000
5,5,54,8,2021,9,14,2,3,5,3,0,1,1,0,0,0,0,335278.172598722390831,5744954.358934884890914,6.609398066000040,51.831091329000060,0,5210906705000960000
5,5,54,8,2021,4,12,5,3,2,6,0,0,1,0,0,1,0,335275.218246208503842,5743925.160815261304379,6.609844901000031,51.821844766000027,0,5210401705000170000
5,5,54,8,2021,2,9,4,3,6,7,0,0,1,1,0,0,0,335745.889690199866891,5745839.596494274213910,6.615759490000073,51.839181504000067,0,5210224705000370000
5,5,54,8,2021,12,17,4,3,5,3,2,0,1,0,1,0,0,336176.539999662898481,5744982.689998842775822,6.622410482000021,51.831610006000062,0,5211215705000390000
5,5,54,8,2021,2,10,6,3,4,2,0,1,1,0,0,0,0,335272.609999654814601,5744976.907998804003000,6.609306681000021,51.831292255000051,0,5210226705000380000
5,5,54,8,2021,3,8,5,2,5,3,0,1,1,0,0,0,0,335725.106454927474260,5745326.054849265143275,6.615701904000048,51.834562032000065,1,5210311705000080000
5,5,54,8,2021,12,15,4,3,5,3,0,1,1,0,0,0,0,336848.792578783817589,5745658.561640560626984,6.631839304000039,51.837878452000041,2,5211222705000580000
5,5,54,8,2021,9,17,3,3,5,2,0,1,1,0,0,0,0,334920.670999652706087,5746480.761998791247606,6.603486275000023,51.844697999000061,1,5210928705000420000
5,5,54,8,2021,6,8,3,3,3,6,0,1,1,0,0,0,0,336492.699999666772783,5746355.119998855516315,6.626346120000051,51.844031839000081,1,5210629705000540000
5,5,54,8,2021,12,13,6,3,0,2,0,1,1,0,0,0,0,337388.110999675467610,5744928.057998888194561,6.640003665000052,51.831473199000072,1,5211210705000980000
5,5,54,8,2021,12,12,6,3,1,6,0,0,1,0,0,0,0,335755.111680434085429,5745352.128853743895888,6.616124620000051,51.834805090000032,0,5211210705000180000
5,5,54,8,2021,6,12,6,3,0,7,0,1,0,0,0,0,0,335492.415107085369527,5744697.845909519121051,6.612626352000063,51.828850097000043,0,5210604705000870000
5,5,54,8,2021,5,15,4,3,1,5,0,1,1,0,0,0,0,336692.787730317562819,5743472.801909653469920,6.630608050000035,51.818197032000057,0,5210512705000690000
5,5,54,8,2021,11,13,3,3,5,3,0,1,1,0,0,0,0,335608.686313899233937,5745855.203189175575972,6.613762354000073,51.839281336000056,1,5211123705000960000
5,5,54,8,2021,11,16,3,3,5,2,1,1,1,0,0,0,0,334913.222424377687275,5743961.571254337206483,6.604579937000040,51.822065035000037,0,5211109705000420000
5,5,54,8,2021,12,4,2,3,4,6,2,1,0,0,0,0,0,336671.454080077819526,5745224.711097404360771,6.629472370000030,51.833929121000040,0,5211227705000470000
5,5,54,8,2021,11,15,2,3,0,7,0,1,0,0,0,0,0,335367.715900947339833,5745609.557775445282459,6.610384693000071,51.837003629000037,1,5211129705000140000
5,5,54,8,2021,9,14,6,3,5,3,0,0,1,0,1,0,0,334684.320999650284648,5743713.882998781278729,6.601379930000064,51.819772298000032,0,5210917705000510000
5,5,54,8,2021,3,15,6,3,5,3,0,0,1,0,0,0,0,335732.546884219162166,5745353.090937433764338,6.615796961000058,51.834807097000066,1,5210312705000270000
5,5,54,8,2021,6,18,6,2,0,6,0,0,1,0,1,0,0,336848.752999668940902,5745660.225998871028423,6.631837945000029,51.837893393000058,0,5210625705000480000
5,5,54,8,2021,5,10,3,3,0,1,0,1,0,0,0,0,0,336059.889398121275008,5745396.911596214398742,6.620522874000073,51.835296927000059,1,5210504705112190000
5,5,54,8,2021,6,17,6,3,0,1,0,1,0,0,0,0,0,336784.642918498255312,5748248.881750743836164,6.629686257000060,51.861129833000064,1,5210625705000980000
5,5,54,8,2021,10,9,2,3,5,3,0,0,0,0,0,0,1,335908.379243163391948,5745103.457266559824347,6.618465002000050,51.832616209000037,1,5211011705000080000
5,5,54,8,2021,6,18,4,3,5,3,0,1,0,0,0,0,0,336331.482283091172576,5744066.388538094237447,6.625090281000041,51.823423835000028,0,5210602705000880000
5,5,54,8,2021,10,22,1,3,0,1,2,1,0,0,0,0,0,337210.762999673373997,5746782.129998883232474,6.636559723000062,51.848077700000033,1,5211031705000490000
5,5,54,8,2021,5,17,4,3,2,2,0,0,1,0,0,0,0,336076.655153981409967,5745377.897457281127572,6.620774998000059,51.835131035000074,0,5210512705000190000
5,5,54,8,2021,2,16,6,3,1,6,0,0,1,0,0,0,1,335961.730444023385644,5745205.949280142784119,6.619190011000057,51.833552609000037,0,5210219705000290000
5,5,54,8,2021,12,14,6,3,5,3,0,1,1,0,0,0,0,335761.386008386500180,5746835.187071526423097,6.615511462000029,51.848129857000060,1,5211217705000590000
5,5,54,8,2021,6,6,2,3,2,6,0,0,1,0,0,0,0,336240.497864554636180,5746345.095846893265843,6.622693018000064,51.843867882000040,0,5210614705000880000
5,5,54,8,2021,1,20,3,3,4,2,2,0,1,0,1,0,0,335488.461999657563865,5745008.143998812884092,6.612421563000055,51.831636467000067,0,5210126705000080000
5,5,54,8,2021,9,7,4,3,2,2,0,0,1,0,0,0,0,335671.012983470223844,5744626.317270223051310,6.615249738000045,51.828260083000032,0,5210901705000970000