ULAND,UREGBEZ,UKREIS,UGEMEINDE,UJAHR,UMONAT,USTUNDE,UWOCHENTAG,UKATEGORIE,UART,UTYP1,ULICHTVERH,IstRad,IstPKW,IstFuss,IstKrad,IstGkfz,IstSonstige,LINREFX,LINREFY,XGCSWGS84,YGCSWGS84,STRZUSTAND,UIDENTSTLAE
5,5,54,8,2021,6,16,6,3,5,3,0,1,1,0,0,0,0,335391.814201176166534,5743908.813574297353625,6.611542891000056,51.821732268000062,0,5210604705000380000
5,5,54,8,2021,12,8,5,3,0,1,0,1,0,0,0,0,0,336778.540999669581652,5746158.997998863458633,6.630584422000027,51.842353602000060,2,5211209705000740000
5,5,54,8,2021,6,8,4,3,5,3,0,1,1,0,0,0,0,335975.908999661915004,5745233.343998832628131,6.619382619000021,51.833802872000035,0,5210616705000680000
5,5,54,8,2021,4,10,4,3,4,6,0,1,1,0,0,0,0,335343.938016179949045,5746060.737112449482083,6.609825155000067,51.841049734000080,0,5210421705000370000
5,5,54,8,2021,3,23,7,2,0,1,2,1,0,0,0,0,0,337523.034820841625333,5745596.955617779865861,6.641645979000032,51.837521559000038,0,5210327705000270000
5,5,54,8,2021,10,16,5,2,1,3,0,1,0,0,0,0,1,336216.835999663919210,5745200.397998843342066,6.622891734000063,51.833577595000065,0,5211014705000790000
5,5,54,8,2021,12,21,3,3,4,3,2,1,0,0,0,0,0,335608.074993113055825,5745855.716669386252761,6.613753244000065,51.839285769000071,1,5211214705000290000
5,5,54,8,2021,1,2,6,3,0,1,2,1,0,0,0,0,0,336771.357310473918915,5747030.885760938748717,6.630068703000063,51.850184104000050,1,5210101705000970000
5,5,54,8,2021,11,22,6,3,6,3,2,0,1,1,0,0,0,335273.186558167450130,5745623.878436585888267,6.609007083000051,51.837104406000037,1,5211126705000180000
5,5,54,8,2021,6,10,3,3,4,2,0,1,1,0,0,0,0,336876.995999670587480,5745478.623998869210482,6.632333133000031,51.836270216000059,0,5210601705000880000
5,5,54,8,2021,10,17,5,3,5,3,0,1,1,0,0,0,0,335863.959999659098685,5745953.005998827517033,6.617417940000053,51.840235022000059,0,5211014705000870000
5,5,54,8,2021,11,7,5,3,1,1,2,1,1,0,0,0,0,336511.559875302016735,5743940.773113068193197,6.627760181000042,51.822348080000040,0,5211118705000580000
5,5,54,8,2021,6,15,3,2,0,5,0,1,1,0,0,0,0,336224.511182437650859,5745186.745121473446488,6.623009487000047,51.833457195000051,0,5210629705000570000
5,5,54,8,2021,5,15,6,3,6,4,0,1,0,1,0,0,0,334668.766999647952616,5743762.772998781874776,6.601131128000077,51.820206893000034,0,5210521705000050000
5,5,54,8,2021,5,20,7,3,2,6,0,1,1,0,0,0,0,335725.282853780314326,5745331.710584802553058,6.615701777000027,51.834612892000052,0,5210529705000690000
5,5,54,8,2021,5,15,6,3,1,6,0,0,1,0,0,0,0,336572.340256250463426,5745086.480822889134288,6.628100451000023,51.832658340000080,0,5210528705000080000
5,5,54,8,2021,12,7,4,3,0,7,2,1,0,1,0,0,0,335381.385601107031107,5746343.829962167888880,6.610233513000026,51.843603902000041,0,5211222705000680000
5,5,54,8,2021,9,13,7,3,5,2,0,1,1,0,0,0,0,336123.382232978940010,5745284.474676411598921,6.621496816000047,51.834305486000062,0,5210911705000370000
5,5,54,8,2021,7,20,6,2,3,2,1,1,0,0,0,0,0,333235.264195607043803,5743165.224246541038156,6.580639352000048,51.814413077000040,0,5210709705000870000
5,5,54,8,2021,6,14,1,3,5,3,0,1,0,0,0,0,1,336570.577999667264521,5745090.446998858824372,6.628073025000049,51.832693455000026,0,5210620705000050000
5,5,54,8,2021,5,18,4,2,5,3,0,1,0,0,0,0,0,335479.072999656200409,5745865.789998812600970,6.611877668000034,51.839338275000046,0,5210526705000170000
5,5,54,8,2021,4,18,1,3,0,1,0,1,0,0,0,0,0,336638.651308109983802,5745180.250354431569576,6.629017702000056,51.833520116000045,0,5210425705000950000
5,5,54,8,2021,12,8,6,3,0,1,0,0,0,0,0,0,1,336541.961999667808414,5745961.189998853951693,6.627246753000065,51.840507398000057,2,5211210705000790000
5,5,54,8,2021,10,11,3,3,5,3,0,1,0,0,0,0,0,337122.667999671772122,5745619.113998880609870,6.635829555000043,51.837604009000074,1,5211019705000990000
5,5,54,8,2021,4,8,5,3,5,3,0,1,1,0,0,0,0,337497.971999675966799,5745597.741998896002769,6.641282156000045,51.837521332000051,0,5210408705000480000
5,5,54,8,2021,4,11,2,3,3,6,0,1,0,0,0,0,0,335681.169402280822396,5747808.095156138762832,6.613885485000026,51.856846260000054,0,5210412705000110000
5,5,54,8,2021,10,14,5,3,0,6,0,1,1,0,0,0,0,335619.882933617569506,5746620.912841647863388,6.613560837000023,51.846163305000061,0,5211028705000390000
5,5,54,8,2021,9,15,5,3,5,3,0,1,1,0,0,0,0,336756.671779896132648,5747222.738648198544979,6.629765091000024,51.851903318000041,0,5210902705000870000
5,5,54,8,2021,12,9,2,3,5,2,0,1,1,0,0,0,0,335282.810999654233456,5745604.613998807966709,6.609155821000058,51.836934185000075,1,5211206705000980000
5,5,54,8,2021,9,17,4,3,5,3,0,0,1,0,0,0,1,336411.933734703809023,5745730.273783076554537,6.625470204000067,51.838394894000032,0,5210901705000370000
5,5,54,8,2021,12,13,6,3,2,6,0,0,1,0,0,0,0,336487.393999667838216,5745009.809998856857419,6.626904951000029,51.831944710000073,0,5211217705000490000
5,5,54,8,2021,12,16,5,3,5,3,2,1,1,0,0,0,0,333035.458999632857740,5744825.810998706147075,6.576942852000059,51.829270796000060,0,5211209705000560000
5,5,54,8,2021,11,7,3,3,3,3,0,1,1,0,0,0,0,335424.555988882668316,5745181.492196481674910,6.611412527000027,51.833174899000028,0,5211109705000780000
5,5,54,8,2021,6,14,2,3,5,3,0,0,1,0,1,0,0,335140.213498073630035,5747318.981440173462033,6.606270800000061,51.852292870000042,0,5210614705000990000
5,5,54,8,2021,11,15,4,3,1,5,0,1,1,0,0,0,0,334774.972257236018777,5745142.490437373518944,6.602012221000052,51.832632781000029,0,5211110705000890000
5,5,54,8,2021,9,5,6,3,4,6,2,0,1,0,0,0,0,331300.692872375249863,5743701.715894043445587,6.552339531000030,51.818651915000032,0,5210910705000970000
5,5,54,8,2021,9,17,6,3,0,3,0,1,1,0,0,0,0,335703.584901962429285,5745611.343697648495436,6.615254375000063,51.837118571000076,1,5210910705000480000
5,5,54,8,2021,1,7,4,2,0,1,1,1,0,0,0,0,0,334911.088999653235078,5747170.889998786151409,6.603017819000058,51.850894806000042,2,5210113705000310000
5,5,54,8,2021,3,14,2,3,2,6,0,0,1,0,1,0,0,335327.153999656438828,5747504.608998805284500,6.608894157000066,51.854015604000040,0,5210315705000980000
5,5,54,8,2021,5,10,4,3,0,7,0,1,1,0,0,0,0,336190.009502001106739,5746935.598799400031567,6.621681042000034,51.849157822000052,0,5210512705000080000
5,5,54,8,2021,11,12,5,3,5,2,0,1,1,0,0,0,0,334960.689022604376078,5744012.004904987290502,6.605243996000070,51.822532119000073,0,5211118705000970000
5,5,54,8,2021,11,21,5,3,8,1,2,0,1,0,0,0,0,334503.414048199541867,5745154.043309547007084,6.598069181000028,51.832656179000026,1,5211118705000490000
5,5,54,8,2021,11,8,4,3,5,3,0,1,1,0,0,0,0,334684.320999650284648,5743713.882998781278729,6.601379930000064,51.819772298000032,1,5211103705000490000
5,5,54,8,2021,12,14,5,3,5,3,0,1,1,0,0,0,0,335754.531999659724534,5744375.901998825371265,6.616579438000031,51.826035052000066,0,5211216705000270000
5,5,54,8,2021,6,9,3,3,5,3,0,1,0,0,0,0,0,334998.212588862515986,5744990.410737385973334,6.605321657000047,51.831332578000058,0,5210601705000070000
5,5,54,8,2021,1,11,7,3,0,2,0,1,1,0,0,0,0,336038.406999662518501,5745785.911998836323619,6.620027027000049,51.838785185000063,0,5210116705000580000
5,5,54,32,2021,3,11,7,3,5,7,0,1,1,0,0,0,0,325090.834660413675010,5745338.788094704970717,6.461507383000026,51.831447978000028,0,5210327705000570000
5,5,54,8,2021,1,11,1,3,3,6,0,1,1,0,0,0,0,335925.352999662049115,5746245.502998834475875,6.618169547000036,51.842880687000047,1,5210124705000380000
5,5,54,8,2021,10,12,4,3,5,3,0,0,1,0,0,0,0,334375.916995429433882,5745656.201562229543924,6.595980175000022,51.837129427000036,0,5211020705000680000
5,5,54,8,2021,10,16,6,3,5,3,0,1,1,0,0,0,0,335616.315955161117017,5744998.331138448789716,6.614280049000058,51.831585950000033,0,5211008705000270000
5,5,54,8,2021,10,20,7,3,4,6,2,1,0,0,0,0,0,334813.973721974529326,5743767.723363354802132,6.603233649000060,51.820294301000047,0,5211016705000580000
5,5,54,8,2021,5,13,6,2,9,1,0,0,1,0,0,0,0,337817.281376893632114,5750518.404713910073042,6.643603218000067,51.881819268000072,0,5210514705000590000
5,5,54,8,2021,10,12,6,3,1,5,0,1,1,0,0,0,0,336332.895392368547618,5746040.705220425501466,6.624177141000075,51.841160489000060,0,5211022705000590000
5,5,54,8,2021,1,16,4,3,1,6,0,0,1,0,0,0,1,335451.381204403936863,5745394.010231716558337,6.611700445000054,51.835091935000037,0,5210113705000490000
5,5,54,8,2021,11,15,3,3,5,3,0,1,0,0,0,0,0,335595.698999659158289,5746172.622998815029860,6.613423159000035,51.842129022000051,0,5211116705000070000
5,5,54,8,2021,6,15,5,3,0,3,0,1,1,0,0,0,0,336995.605704616755247,5745650.214437207207084,6.633972286000073,51.837846332000026,0,5210610705000470000
5,5,54,8,2021,11,17,3,3,6,7,1,0,0,1,0,0,1,335731.719034348614514,5746007.630840614438057,6.615474199000062,51.840686858000026,1,5211130705000660000
5,5,54,8,2021,9,7,4,2,0,2,1,1,1,0,0,0,0,336849.025396016426384,5745648.771343350410461,6.631847296000046,51.837790569000049,1,5210915705000500000
5,5,54,8,2021,9,10,2,2,5,2,0,1,1,0,0,0,0,334920.670999652706087,5746480.761998791247606,6.603486275000023,51.844697999000061,0,5210920705000190000
5,5,54,8,2021,9,16,2,3,5,6,0,1,1,0,0,0,0,336186.555304458364844,5745759.069328004494309,6.622188174000030,51.838587518000054,1,5210927705000590000
5,5,54,8,2021,3,10,6,3,6,4,0,1,0,1,0,0,0,336733.354717156849802,5745769.386351056396961,6.630112957000051,51.838840314000038,0,5210312705000790000
5,5,54,8,2021,11,10,7,3,6,3,0,0,1,1,0,0,0,334331.142206858843565,5743624.080264976248145,6.596303356000021,51.818860991000065,1,5211127705000390000
5,5,54,8,2021,3,15,3,3,5,3,0,1,0,0,0,0,1,336597.276890957728028,5744425.920728459954262,6.628773851000062,51.826731485000039,0,5210316705000080000
5,5,54,8,2021,11,1,1,3,8,1,2,0,1,0,0,0,0,335218.199737523682415,5747458.442065997049212,6.607335600000056,51.853568718000076,1,5211107705000460000
5,5,54,8,2021,12,13,3,2,2,7,0,0,1,0,0,0,0,331357.003705551847816,5742973.006210040301085,6.553510461000030,51.812122883000029,1,5211221705000790000
5,5,54,8,2021,6,7,2,3,3,6,0,1,0,0,0,0,0,335999.482960682362318,5746507.887419251725078,6.619120255000041,51.845259575000057,0,5210628705000880000
5,5,54,8,2021,2,12,1,3,5,3,0,0,1,0,0,0,0,336475.390278824605048,5746801.575343571603298,6.625883959000021,51.848037488000045,1,5210214705000080000
5,5,54,8,2021,10,10,4,3,5,2,0,1,1,0,0,0,0,337131.675999672152102,5746367.012998878955841,6.635608064000053,51.844325417000050,0,5211020705000470000
5,5,54,8,2021,12,6,3,3,5,3,2,1,1,0,0,0,0,335350.891652329824865,5744742.564561868086457,6.610553187000050,51.829210133000061,0,5211214705000690000
5,5,54,8,2021,6,12,6,3,0,1,0,1,0,0,0,0,0,335607.515999658033252,5745997.843998819589615,6.613677600000074,51.840562391000049,0,5210618705000570000
5,5,54,8,2021,4,10,7,3,3,2,0,1,1,0,0,0,0,336154.421378513798118,5744860.432440273463726,6.622147643000062,51.830505222000056,0,5210403705000270000
5,5,54,8,2021,1,20,4,3,0,1,2,1,0,0,0,0,0,337124.417411933653057,5746353.930885011330247,6.635508947000062,51.844205777000070,0,5210120705000370000
5,5,54,8,2021,9,18,3,3,5,3,0,1,1,0,0,0,0,337592.660999678075314,5745594.770998898893595,6.642656706000025,51.837522183000033,0,5210914705000090000
5,5,54,8,2021,3,15,2,3,5,3,0,1,1,0,0,0,0,335621.923756654374301,5744994.312284070998430,6.614363268000034,51.831551497000078,0,5210329705000080000
5,5,54,8,2021,10,7,3,3,4,6,1,1,0,0,0,0,0,336103.101999663747847,5745953.044998835772276,6.620886050000024,51.840305605000026,1,5211019705000890000
5,5,54,8,2021,4,11,6,3,1,3,0,1,0,0,0,0,1,336688.641859556548297,5747519.377217551693320,6.628638093000063,51.854548266000052,0,5210416705000770000
5,5,54,8,2021,4,11,4,3,5,2,0,1,1,0,0,0,0,334920.670999652706087,5746480.761998791247606,6.603486275000023,51.844697999000061,0,5210428705000980000
5,5,54,8,2021,5,22,4,3,5,3,2,1,1,0,0,0,0,336672.192999667488039,5744280.243998864665627,6.629928716000052,51.825444698000069,1,5210512705000790000
5,5,54,8,2021,10,15,4,3,6,4,0,0,1,1,0,0,0,335029.904089874587953,5744076.337646206840873,6.606216728000049,51.823130481000078,0,5211020705000470000
5,5,54,8,2021,11,12,7,3,0,2,0,1,1,0,0,0,0,336570.577999667264521,5745090.446998858824372,6.628073025000049,51.832693455000026,0,5211120705000080000
5,5,54,8,2021,11,16,7,3,0,1,1,1,0,0,0,0,0,336329.358166917227209,5745048.293346356600523,6.624595269000054,51.832244146000050,1,5211113705000470000
5,5,54,8,2021,12,14,5,3,0,1,0,0,0,0,1,0,0,335491.951915969140828,5746196.212945826351643,6.611907306000035,51.842310386000065,1,5211209705000890000
5,5,54,8,2021,5,16,3,3,5,2,0,1,1,0,0,0,0,334909.452601806260645,5743793.673991929739714,6.604605323000044,51.820555638000030,1,5210511705000590000
5,5,54,8,2021,12,17,1,3,5,2,2,0,1,0,0,0,0,336052.405404198914766,5745387.466493634507060,6.620418825000058,51.835209881000026,1,5211219705000300000
5,5,54,8,2021,4,16,3,3,5,3,0,1,1,0,0,0,0,336665.610159501433372,5744716.707526190206409,6.629627361000075,51.829363755000031,0,5210427705000070000
5,5,54,8,2021,7,17,1,3,5,3,0,0,1,0,0,0,0,330057.019999600015581,5744196.850998561829329,6.534070079000060,51.822722899000041,0,5210711705000470000
5,5,54,8,2021,3,14,6,2,8,1,0,0,1,0,0,0,0,336419.939226331189275,5743694.890962107107043,6.626548121000042,51.820112383000037,1,5210312705000780000
5,5,54,8,2021,11,11,5,3,0,3,0,1,1,0,0,0,0,337215.805999673902988,5746752.240998882800341,6.636646943000073,51.847810661000040,0,5211118705000870000
5,5,54,8,2021,10,10,2,3,9,1,0,1,0,0,0,0,0,335426.669032937847078,5745818.743633473291993,6.611140085000045,51.838900200000069,0,5211018705000990000
5,5,54,8,2021,12,16,5,3,5,3,1,1,1,0,0,0,0,333797.376999639905989,5745333.837998742237687,6.587745565000034,51.834061705000067,0,5211209705000280000
5,5,54,8,2021,11,5,3,3,4,6,2,0,1,0,1,0,0,336729.062079928815365,5745853.919521093368530,6.630010811000034,51.839598464000062,0,5211109705000790000
5,5,54,8,2021,5,13,2,3,5,3,0,1,1,0,0,0,0,335298.315632591024041,5744872.860731862485409,6.609728906000043,51.830365138000047,0,5210503705000080000
5,5,54,8,2021,11,16,3,3,1,6,1,0,1,0,0,0,0,336417.285353126935661,5745198.431029953062534,6.625799238000070,51.833618661000060,1,5211130705000380000
5,5,54,8,2021,2,10,5,3,5,2,0,1,0,0,0,0,0,333978.640999641269445,5743458.953998751938343,6.591272916000037,51.817273016000058,0,5210225705000080000
5,5,54,8,2021,1,17,1,2,5,3,1,0,1,0,0,0,0,335617.712472533807158,5744994.577481577172875,6.614302080000073,51.831552640000041,0,5210131705000920000
5,5,54,8,2021,9,16,5,3,1,5,0,1,1,0,0,0,0,336208.303055851720273,5745215.602341329678893,6.622760808000066,51.833711681000068,0,5210916705000070000
5,5,54,8,2021,9,17,4,3,2,6,0,0,1,0,0,0,0,337906.474365390837193,5745604.352534092962742,6.647203070000046,51.837699423000061,0,5210929705000690000
5,5,54,48,2021,12,23,6,3,1,1,2,1,1,0,0,0,0,341645.198901970870793,5745601.848339162766933,6.701424328000030,51.838749488000076,0,5211210705000170000
5,5,54,48,2021,12,12,3,3,4,6,0,1,0,0,0,0,0,342195.619335168041289,5745205.380303094163537,6.709587793000026,51.835343406000050,0,5211221705000780000
5,5,54,48,2021,3,18,5,3,0,1,0,1,1,0,0,0,0,341264.021999709308147,5746108.627999028190970,6.695663687000035,51.843194150000045,0,5210325705000460000
5,5,54,8,2021,5,15,2,3,5,3,0,1,0,0,0,0,1,337726.413999677635729,5745847.123998900875449,6.644477997000024,51.839828099000044,0,5210503705000770000
5,5,54,8,2021,6,13,2,3,5,3,0,0,1,0,0,0,0,337773.254999679513276,5745043.485998900607228,6.645534081000051,51.832622136000055,0,5210607705000990000
5,5,54,48,2021,5,15,1,3,0,1,0,1,0,0,0,0,0,340755.144992377609015,5744571.139357652515173,6.688990485000033,51.829236637000065,0,5210523705000880000
5,5,54,48,2021,11,18,3,3,5,3,2,1,1,0,0,0,0,341156.936481074430048,5745400.964128097519279,6.694435437000038,51.836806105000051,1,5211116705000370000
5,5,54,8,2021,10,16,7,3,4,6,0,1,0,0,0,0,0,337769.895999678410590,5746387.341998904943466,6.644855230000076,51.844693834000054,0,5211023705000660000
5,5,54,48,2021,9,10,6,3,0,1,0,1,0,0,0,0,0,340857.952111192047596,5745230.540947243571281,6.690177942000048,51.835189932000048,0,5210910705000790000
5,5,54,48,2021,1,14,2,3,5,7,0,1,1,0,0,0,0,341723.050999713130295,5744794.754999043419957,6.702922558000068,51.831520647000048,1,5210111705000420000
5,5,54,48,2021,3,5,6,2,0,7,2,1,0,0,0,0,0,341951.044999714940786,5743609.594999048858881,6.706769602000065,51.820937701000048,2,5210319705000480000
5,5,54,8,2021,6,8,4,3,5,3,0,1,0,0,0,0,0,338270.605999683029950,5746494.407998919487000,6.652067525000064,51.845800927000028,0,5210616705000670000
5,5,54,48,2021,12,8,4,3,0,3,0,0,1,1,0,0,0,341648.364883935078979,5745598.730787739157677,6.701471671000036,51.838722377000067,1,5211229705000080000
5,5,54,8,2021,9,19,2,3,5,3,1,1,1,0,0,0,0,338092.390999681316316,5747825.847998915240169,6.648859054000070,51.857710418000067,1,5210927705000680000
5,5,54,48,2021,2,10,3,3,5,3,0,0,1,0,0,0,0,341765.460772469639778,5744630.256300158798695,6.703612720000024,51.830054806000078,2,5210209705000780000
5,5,54,68,2021,7,8,1,3,9,1,0,0,1,0,0,0,0,346842.992172311060131,5770130.880194284021854,6.765880130000028,52.060573521000038,0,5210711705000020000
5,5,54,8,2021,5,15,7,3,0,1,0,1,0,0,0,0,0,338479.010105731897056,5747626.359049508348107,6.654561489000059,51.856030304000058,0,5210529705000870000
5,5,54,48,2021,11,8,2,2,0,3,0,1,0,0,0,0,0,341621.384999712929130,5746586.963999038562179,6.700627877000045,51.847592969000061,2,5211122705000970000
5,5,54,48,2021,2,15,1,2,5,3,0,1,1,0,0,0,0,341859.291999717243016,5745390.683999044820666,6.704625789000033,51.836913053000046,0,5210228705000270000
5,5,54,48,2021,5,3,1,3,0,1,2,1,0,0,0,0,0,340846.114999705925584,5745222.381999012082815,6.690010039000072,51.835113260000071,0,5210530705000290000
5,5,54,8,2021,2,16,4,3,4,2,0,1,1,0,0,0,0,337871.664999679662287,5745602.856998907402158,6.646698971000035,51.837675884000078,0,5210224705000580000
5,5,54,48,2021,12,15,4,3,1,5,0,1,1,0,0,0,0,341490.158746059052646,5746200.163336319848895,6.698901656000032,51.844080736000080,0,5211208705000470000
5,5,54,8,2021,9,8,5,3,5,2,0,1,1,0,0,0,0,337874.038752827793360,5745602.958983855322003,6.646733347000065,51.837677489000043,0,5210930705000650000
5,5,54,8,2021,6,20,5,3,4,6,0,1,0,0,0,0,0,338144.473892346024513,5747840.821505082771182,6.649607675000027,51.857860041000038,0,5210617705000990000
5,5,54,48,2021,10,12,6,3,0,5,0,1,1,0,0,0,0,341316.751160990446806,5745550.028650082647800,6.696684715000060,51.838190719000067,0,5211008705000790000
5,5,54,48,2021,6,16,2,3,0,1,0,1,0,1,0,0,0,340709.768125756643713,5745486.022705387324095,6.687911445000054,51.837442911000039,1,5210628705000370000
5,5,54,48,2021,2,13,2,3,5,3,0,1,1,0,0,0,0,342168.371999718248844,5745086.031999059021473,6.709247094000034,51.834263480000061,1,5210201705000870000
5,5,54,48,2021,10,14,5,3,0,1,0,1,0,0,0,0,0,341280.958728126250207,5745480.870566045865417,6.696197361000031,51.837559237000050,0,5211028705000970000
5,5,54,48,2021,11,14,7,3,5,6,0,1,1,0,0,0,0,340963.346999706700444,5745551.297999016940594,6.691558897000050,51.838101601000062,1,5211113705000970000
5,5,54,48,2021,3,8,3,3,5,3,0,1,1,0,0,0,0,341601.854999714531004,5745285.106999037787318,6.700940728000035,51.835891604000039,0,5210302705000370000
5,5,54,8,2021,5,7,3,3,9,1,0,0,1,0,0,0,0,338041.766593306325376,5746842.403139820322394,6.648585344000026,51.848860851000040,1,5210504705000460000
5,5,54,8,2021,12,17,3,3,5,3,2,1,1,0,0,0,0,337874.067498271353543,5745602.960218863561749,6.646733763000043,51.837677509000059,1,5211214705000580000
5,5,54,48,2021,12,12,2,3,5,3,0,1,1,0,0,0,0,341308.017650423571467,5745497.365453731268644,6.696582212000067,51.837715115000037,0,5211213705000190000
5,5,54,48,2021,5,14,4,2,0,7,0,0,1,0,0,0,0,341631.696192303672433,5745116.015861596912146,6.701450865000027,51.834380956000075,0,5210526705000590000
5,5,54,48,2021,2,11,2,3,0,7,0,0,0,1,0,0,1,341323.802967084571719,5745842.141628203913569,6.696653003000051,51.840817046000041,1,5210215705000080000
5,5,54,48,2021,11,11,7,3,5,3,0,1,1,0,0,0,0,342270.110999717377126,5744718.471999056637287,6.710889966000025,51.830990047000057,1,5211120705000720000
5,5,54,48,2021,4,12,5,3,1,7,0,0,1,0,0,0,0,341315.936673859134316,5745386.024867169559002,6.696748120000052,51.836717088000057,0,5210415705000920000
5,5,54,48,2021,3,17,6,2,0,5,0,1,1,0,0,0,0,341225.251767193898559,5743767.856018371880054,6.696175226000037,51.822153778000029,0,5210326705000060000
5,5,54,48,2021,9,15,2,3,5,3,0,1,0,0,0,0,0,341316.684542982839048,5745553.890345539897680,6.696681978000072,51.838225393000073,0,5210920705000660000
5,5,54,8,2021,10,17,2,3,5,2,0,1,1,0,0,0,0,337871.664999679662287,5745602.856998907402158,6.646698971000035,51.837675884000078,0,5211011705000470000
5,5,54,12,2021,9,7,5,3,0,6,1,1,0,0,0,0,0,352473.630362682975829,5745039.619862010702491,6.858719727000050,51.836663412000064,1,5210916705000170000
5,5,54,12,2021,4,7,5,3,5,3,0,0,1,0,0,0,0,351599.763999789953232,5745008.790999293327332,6.846058809000056,51.836154916000055,0,5210401705000460000
5,5,54,68,2021,3,16,4,3,5,3,0,1,1,0,0,0,0,350585.056919605471194,5766881.351280665025115,6.821843333000061,52.032400280000047,0,5210324705000570000
5,5,54,68,2021,1,15,2,3,0,7,0,0,1,1,0,0,0,350870.657736239954829,5767273.915878973901272,6.825832397000056,52.036004114000036,1,5210104705000920000
5,5,54,40,2021,5,12,4,3,7,4,0,0,0,1,0,0,1,350575.375344525091350,5737625.385570600628853,6.834384200000045,51.769543202000079,0,5210512705000090000
5,5,54,68,2021,12,12,6,3,3,3,0,1,1,0,0,0,0,351124.760999788530171,5767790.099999280646443,6.829309390000049,52.040710015000059,1,5211217705000290000
5,5,54,68,2021,7,6,5,3,0,3,0,1,1,0,0,0,0,351549.116999791003764,5767134.411999288946390,6.835776604000046,52.034932777000051,0,5210708705000990000
5,5,54,68,2021,3,7,3,3,5,3,0,1,0,0,0,0,0,350746.550999785773456,5767595.283999273553491,6.823884193000026,52.038858029000039,0,5210323705000920000
5,5,54,68,2021,4,13,4,2,5,3,0,1,1,0,0,0,0,350054.484779331833124,5767134.220031108707190,6.814003936000063,52.034528956000031,0,5210421705000260000
5,5,54,68,2021,12,6,6,3,5,3,2,1,1,0,0,0,0,350573.530033648014069,5766903.032616250216961,6.821665956000061,52.032591968000077,1,5211217705000740000
5,5,54,40,2021,3,0,1,3,0,7,0,0,0,0,0,0,1,351852.747164189815521,5737439.155121371150017,6.852962535000074,51.768209392000074,0,5210321705000580000
5,5,54,68,2021,9,16,5,2,0,3,0,1,1,0,0,0,0,352174.158176234923303,5767826.414493044838309,6.844582780000053,52.041317057000072,0,5210923705000290000
5,5,54,12,2021,12,15,4,2,5,3,0,1,1,0,0,0,0,351759.198999791406095,5745594.627999296411872,6.848120124000047,51.841460918000053,1,5211215705000290000
5,5,54,12,2021,12,20,5,3,0,7,2,1,0,0,0,0,0,351564.908287613652647,5746628.696044230833650,6.844858072000022,51.850700234000044,2,5211202705000170000
5,5,54,68,2021,3,16,4,3,5,2,0,1,1,0,0,0,0,350754.441098470240831,5766555.988372471183538,6.824452610000037,52.029522687000053,0,5210331705000580000
5,5,54,68,2021,12,14,5,3,1,5,0,1,1,0,0,0,0,350717.956254503689706,5767400.969290774315596,6.823552430000063,52.037104529000032,1,5211230705000550000
5,5,54,68,2021,9,6,4,3,5,3,1,1,0,0,0,1,0,348537.920999770984054,5765665.934999223798513,6.792562130000022,52.020925431000080,0,5210929705000680000
5,5,54,12,2021,12,9,6,3,7,5,0,1,1,0,0,0,0,352109.395005117170513,5746139.008267575874925,6.852966969000022,51.846444964000057,0,5211231705000380000
5,5,54,12,2021,10,12,3,3,5,7,0,1,1,0,0,0,0,351361.142607225105166,5745375.202071607112885,6.842440593000049,51.839383605000080,0,5211005705000070000
5,5,54,68,2021,11,7,3,3,4,2,2,1,1,0,0,0,0,350176.264999782666564,5767409.105999261140823,6.815657510000051,52.037031545000048,1,5211123705000220000
5,5,54,68,2021,3,7,3,2,5,3,0,1,1,0,0,0,0,350570.766211899928749,5766890.369634460657835,6.821631228000058,52.032477454000059,1,5210309705000570000
5,5,54,40,2021,4,12,7,3,8,3,0,0,1,0,0,0,0,351370.467999788932502,5737909.155999287962914,6.845777261000023,51.772304508000047,0,5210424705000580000
5,5,54,68,2021,12,2,7,3,6,7,2,0,0,1,0,0,1,350819.211050565354526,5767209.792930549010634,6.825110905000031,52.035414169000035,0,5211218705000180000
5,5,54,68,2021,12,13,2,3,5,3,0,1,0,0,0,1,0,350055.548999781720340,5767135.980999259278178,6.814018667000028,52.034545065000032,0,5211220705000120000
5,5,54,12,2021,7,16,6,3,0,1,0,1,0,0,0,0,0,351840.204777526669204,5747519.158370487391949,6.848470380000037,51.858774026000049,0,5210709705000690000
5,5,54,68,2021,4,9,6,3,5,2,0,1,1,0,0,0,0,348730.911872078664601,5765217.369140813127160,6.795570760000032,52.016948043000070,0,5210416705000340000
5,5,54,12,2021,10,19,6,2,8,7,2,1,0,0,0,0,0,351149.041533462703228,5744976.002362266182899,6.839535958000056,51.835740379000072,1,5211022705000100000
5,5,54,40,2021,4,19,6,1,0,2,0,0,0,0,0,0,1,351768.513999791815877,5737267.620999297127128,6.851815896000062,51.766645865000044,0,5210402705000510000
5,5,54,68,2021,2,17,5,2,9,6,0,0,1,0,0,0,0,350780.484439895488322,5767102.839902989566326,6.824593415000038,52.034442840000054,2,5210211705000080000
5,5,54,68,2021,7,22,7,3,0,1,2,0,0,0,1,0,0,349877.957327360287309,5768386.479751061648130,6.810882654000068,52.045731916000079,0,5210710705000320000
5,5,54,12,2021,6,13,6,3,5,3,0,1,1,0,0,0,0,351018.787999785505235,5744840.446999285370111,6.837705237000023,51.834487713000044,0,5210618705000990000
5,5,54,68,2021,9,17,5,3,5,3,0,0,1,0,0,0,1,350922.297999787144363,5767334.444999277591705,6.826558295000041,52.036561818000052,0,5210909705000490000
5,5,54,60,2021,7,14,2,2,6,7,0,0,1,1,0,0,0,353628.277315553277731,5757122.865725025534630,6.870338510000067,51.945534255000041,0,5210712705000370000
5,5,54,12,2021,6,14,3,3,0,7,0,1,0,0,0,0,0,351586.831275155767798,5745985.584667662158608,6.845452164000051,51.844927817000041,0,5210615705000490000
5,5,54,12,2021,12,2,4,3,0,6,2,1,0,0,0,0,0,351679.856878960505128,5747578.188948052003980,6.846118296000043,51.859261813000046,1,5211201705000750000