ULAND,UREGBEZ,UKREIS,UGEMEINDE,UJAHR,UMONAT,USTUNDE,UWOCHENTAG,UKATEGORIE,UART,UTYP1,ULICHTVERH,IstRad,IstPKW,IstFuss,IstKrad,IstGkfz,IstSonstige,LINREFX,LINREFY,XGCSWGS84,YGCSWGS84,STRZUSTAND,UIDENTSTLAE
5,5,54,60,2021,2,14,5,3,0,7,0,1,0,0,0,0,0,353292.679850261658430,5756856.703412672504783,6.865572894000024,51.943054446000076,1,5210218705000120000
5,5,54,12,2021,12,20,7,3,0,3,2,0,1,0,1,0,0,351793.070999792777002,5747610.916999297216535,6.847747084000048,51.859585946000038,1,5211211705000080000
5,5,54,12,2021,2,14,6,3,9,1,0,0,1,0,0,0,0,350672.226987660862505,5744471.198469545692205,6.832838497000068,51.831077555000036,1,5210212705000590000
5,5,54,68,2021,11,11,6,2,5,3,0,1,1,0,0,0,0,350577.072999784722924,5766905.803999267518520,6.821716354000046,52.032617822000077,0,5211119705000480000
5,5,54,12,2021,11,18,6,3,5,3,2,0,1,0,0,0,0,352665.278999797999859,5747816.623999316245317,6.860315961000026,51.861665157000061,0,5211112705000480000
5,5,54,12,2021,11,19,4,3,0,2,2,1,1,0,0,0,0,347422.567531153559685,5752864.333296503871679,6.782006675000048,51.905606992000060,0,5211110705000890000
5,5,54,68,2021,10,17,2,3,4,6,0,1,0,0,0,0,0,351152.300513074733317,5767798.139445450156927,6.829707122000059,52.040789638000035,0,5211004705000790000
5,5,54,12,2021,4,17,6,3,1,7,0,1,1,0,0,0,0,351979.915963583625853,5745371.490236544981599,6.851417122000043,51.839514601000076,0,5210416705000380000
5,5,54,68,2021,9,7,2,3,0,3,0,0,1,0,0,0,0,350193.106888223439455,5768252.034656949341297,6.815533547000030,52.044609267000055,0,5210920705000790000
5,5,54,12,2021,11,18,6,3,0,3,2,1,1,0,0,0,0,352947.627999799326062,5746249.560999324545264,6.865080035000062,51.847659679000060,1,5211126705000480000
5,5,54,12,2021,4,14,7,3,5,2,0,1,1,0,0,0,0,352399.555999796837568,5747661.167999310418963,6.856526293000059,51.860198183000080,0,5210403705000510000
5,5,54,12,2021,9,22,5,3,0,2,2,1,1,0,0,0,0,352531.741999795660377,5745888.812999311834574,6.859200543000043,51.844308694000063,0,5210909705000890000
5,5,54,12,2021,7,18,7,3,0,7,0,1,0,0,0,0,0,353199.628162077628076,5745518.970519430935383,6.869045975000063,51.841161662000047,0,5210703705000370000
5,5,54,12,2021,9,18,6,2,0,7,0,1,0,0,0,0,0,351470.833397946320474,5745309.495782583951950,6.844059797000057,51.838822428000071,0,5210917705000580000
5,5,54,68,2021,12,19,4,3,5,2,2,0,1,0,1,0,0,351385.598028182983398,5767175.191004509106278,6.833376831000066,52.035255360000065,1,5211208705000590000
5,5,54,12,2021,4,16,6,3,8,7,0,0,1,0,1,0,0,352937.259474249556661,5747742.607360245659947,6.864294366000024,51.861071869000057,0,5210409705000020000
5,5,54,12,2021,2,8,5,3,0,7,0,0,1,0,0,0,0,351588.362551473081112,5745523.931235240772367,6.845672466000053,51.840780342000073,0,5210225705000220000
5,5,54,12,2021,9,7,3,3,5,3,0,1,1,0,0,0,0,353437.589999801479280,5747576.949999328702688,6.871625217000030,51.859715075000054,0,5210928705000790000
5,5,54,68,2021,11,21,1,2,0,1,2,1,0,0,0,0,0,350335.186551649123430,5765743.666006144136190,6.818701192000049,52.022111497000026,1,5211128705000080000
5,5,54,12,2021,10,9,6,3,5,3,0,1,1,0,0,0,0,352872.694999798201025,5746388.564999315887690,6.863933819000067,51.848888880000061,0,5211029705000490000
5,5,54,12,2021,5,7,2,3,0,7,0,1,0,0,0,0,0,351818.413636597804725,5745285.990034310147166,6.849111242000049,51.838703564000070,0,5210503705000420000
5,5,54,12,2021,6,12,3,3,0,1,0,1,0,0,0,0,0,352768.490035007707775,5752934.676928833127022,6.859629795000046,51.907677403000037,0,5210622705000920000
5,5,54,12,2021,5,7,5,3,3,2,0,1,1,0,0,0,0,352196.268951319158077,5744749.689836189150810,6.854820832000030,51.833985088000077,0,5210520705000290000
5,5,54,68,2021,10,16,5,3,5,3,0,1,1,0,0,0,0,350574.322371747344732,5766903.838018355891109,6.821677146000070,52.032599418000075,1,5211021705000060000
5,5,54,68,2021,12,6,6,3,4,3,2,1,1,0,0,0,0,351018.684423805214465,5767199.339009342715144,6.828021296000031,52.035373870000058,1,5211217705000590000
5,5,54,68,2021,12,13,2,3,0,3,0,1,1,0,0,0,0,351478.277984991669655,5767455.832872591912746,6.834605079000028,52.037801609000041,1,5211213705000690000
5,5,54,12,2021,11,9,2,2,0,7,0,1,0,0,0,0,0,351661.145044005475938,5745124.614988515153527,6.846899383000050,51.837211883000066,2,5211122705000480000
5,5,54,68,2021,12,9,4,3,6,7,0,0,1,1,0,0,0,350373.968767367303371,5767758.535202559083700,6.818384762000051,52.040224328000079,1,5211222705000290000
5,5,54,68,2021,7,11,3,3,5,3,0,1,1,0,0,0,0,351481.310999790206552,5767458.565999286249280,6.834648078000043,52.037826977000066,1,5210713705000460000
5,5,54,12,2021,6,21,5,3,0,7,1,1,0,0,0,0,0,353537.020597285591066,5745646.479222768917680,6.873885929000039,51.842395920000058,0,5210603705000690000
5,5,54,12,2021,12,11,6,3,5,3,0,1,1,0,0,0,0,351759.198999791406095,5745594.627999296411872,6.848120124000047,51.841460918000053,0,5211231705000540000
5,5,54,12,2021,10,16,2,3,7,1,0,1,1,0,0,0,0,353243.672225176356733,5745517.386948546394706,6.869685513000036,51.841159010000069,0,5211025705000790000
5,5,54,68,2021,1,13,6,2,0,2,0,0,0,0,0,0,1,350444.965999783016741,5766736.441999265924096,6.819866049000041,52.031060600000046,1,5210129705000120000
5,5,54,12,2021,2,17,2,3,6,1,0,0,1,1,0,0,0,351331.670754511840641,5745578.651682110503316,6.841925688000060,51.841203718000031,2,5210208705000610000
5,5,54,12,2021,11,14,3,3,5,3,0,1,1,0,0,0,0,352111.822940383106470,5745891.222202675417066,6.853108153000051,51.844219279000072,0,5211109705000390000
5,5,54,12,2021,5,14,2,3,5,3,0,1,1,0,0,0,0,351584.314999790862203,5745223.974999289959669,6.845742443000063,51.838084207000065,0,5210503705000680000
5,5,54,12,2021,11,12,3,3,0,7,0,1,0,0,0,0,0,352432.120660841464996,5753002.807292912155390,6.854714364000074,51.908200544000067,0,5211116705000940000
5,5,54,12,2021,9,18,5,3,8,7,0,1,0,0,0,0,0,353096.894156289286911,5745363.026598230004311,6.867622027000039,51.839733494000029,0,5210916705000590000
5,5,54,12,2021,5,15,2,3,3,2,0,1,0,0,0,0,1,352664.079999798908830,5747669.033999314531684,6.860361498000032,51.860338760000047,1,5210517705000020000
5,5,54,12,2021,11,2,7,3,0,7,2,0,0,0,0,0,1,353263.957678536884487,5746454.809536581858993,6.869582003000062,51.849587060000033,1,5211113705000190000
5,5,54,12,2021,3,7,3,3,5,3,0,1,1,0,0,0,0,351457.380999790504575,5745164.561999293044209,6.843926908000071,51.837516644000061,0,5210302705000050000
5,5,54,68,2021,6,12,5,2,5,1,0,1,0,0,0,0,0,351617.116680166684091,5767007.657994205132127,6.836822175000066,52.033812155000078,0,5210624705000420000
5,5,54,12,2021,12,8,6,3,0,1,0,1,0,0,0,0,0,353179.721366350539029,5747304.126207618042827,6.867999169000029,51.857195985000033,2,5211210705000920000
5,5,54,68,2021,1,15,3,3,9,7,0,0,1,0,0,0,0,350595.368407309055328,5766462.635454256087542,6.822176387000070,52.028641142000026,0,5210105705000840000
5,5,54,12,2021,10,20,1,2,5,2,2,0,1,0,1,0,0,351690.187823905609548,5745770.167637446895242,6.847043846000076,51.843019791000074,1,5211003705000250000
5,5,54,68,2021,3,10,6,3,5,3,0,1,1,0,0,0,0,350154.025999780744314,5767963.640999259427190,6.815090529000031,52.042007676000026,0,5210319705000520000
5,5,54,68,2021,12,15,4,3,0,2,0,1,1,0,0,0,0,350485.163367362692952,5766782.411972098052502,6.820431475000021,52.031484450000050,1,5211215705000190000
5,5,54,60,2021,7,23,7,3,0,1,2,1,0,0,0,0,0,353587.980434637516737,5757276.260757850483060,6.869687316000068,51.946901879000052,0,5210710705000680000
5,5,54,12,2021,6,22,3,3,0,3,2,0,1,0,1,0,0,351680.231999791227281,5745766.697999296709895,6.846900919000063,51.842985973000054,1,5210622705000590000
5,5,54,12,2021,4,5,2,3,7,7,2,1,0,0,0,0,0,352943.355659872293472,5746309.389136269688606,6.864992610000058,51.848196106000046,1,5210419705000840000
5,5,54,12,2021,12,9,4,3,6,4,0,0,1,1,0,0,0,350447.695099238306284,5744360.497001009061933,6.829630267000027,51.830022864000057,1,5211201705000060000
5,5,54,68,2021,10,16,3,3,2,6,0,0,1,0,0,0,0,351532.261226481758058,5767064.872570069506764,6.835561243000029,52.034303489000081,1,5211019705000590000
5,5,54,12,2021,6,18,1,3,0,7,0,1,1,0,0,0,0,353487.414280570112169,5747215.844519551843405,6.872501324000041,51.856483635000075,0,5210606705000490000
5,5,54,12,2021,11,11,2,2,5,3,0,1,1,0,0,0,0,352564.734777686186135,5746211.913161803036928,6.859541389000071,51.847220434000064,1,5211122705000490000
5,5,12,0,2021,1,23,7,2,9,1,2,0,1,0,0,0,0,356704.054981454275548,5712047.452082071453333,6.933626210000057,51.541312229000027,2,5210116701400580000
5,5,54,56,2021,5,16,5,3,6,7,0,0,1,1,0,0,1,356701.704137599095702,5762271.627396175637841,6.912874620000025,51.992596209000055,1,5210527705000390000
5,5,54,64,2021,7,14,6,3,4,2,0,1,1,0,0,0,0,355938.580065087415278,5750177.370842244476080,6.906833203000076,51.883731490000059,0,5210709705000990000
5,5,12,0,2021,11,14,6,3,1,5,0,1,1,0,0,0,0,357080.493796545080841,5712347.939302945509553,6.938928768000039,51.544107804000078,1,5211105701400040000
5,5,12,0,2021,6,14,3,3,5,3,0,1,1,0,0,0,0,355616.419330184347928,5712133.096552906557918,6.917918120000024,51.541804633000027,0,5210608701400160000
5,5,54,64,2021,2,12,1,2,0,1,0,1,0,0,0,0,0,355930.248999817296863,5746751.318999372422695,6.908141436000051,51.852945717000068,0,5210228705000480000
5,5,12,0,2021,9,15,3,3,8,1,0,0,1,0,0,0,0,357290.117033955641091,5711457.336606025695801,6.942310777000046,51.536158017000048,0,5210907701400270000
5,5,12,0,2021,10,1,1,3,0,1,2,1,0,0,0,0,0,356869.819633089005947,5719284.213677275925875,6.933066445000065,51.606382138000072,0,5211010701400690000
5,5,62,12,2021,2,14,6,3,5,3,0,0,1,0,0,0,0,358142.750555202364922,5727502.142217025160789,6.948104183000055,51.680548455000064,0,5210205701610150000
5,5,12,0,2021,4,12,5,2,5,3,0,1,1,0,0,0,0,354079.932999804615974,5717867.789999343454838,6.893396136000035,51.592938863000029,0,5210401701400520000
5,5,12,0,2021,12,15,6,3,6,4,0,0,1,1,0,0,0,355159.289064278826118,5711998.579396955668926,6.911386140000047,51.540478782000037,0,5211217701400870000
5,5,12,0,2021,9,18,4,3,5,2,0,1,1,0,0,0,0,356695.298007978126407,5710880.312248818576336,6.933975090000047,51.530822298000032,0,5210915701400870000
5,5,62,12,2021,6,17,6,3,0,7,0,1,0,1,0,0,0,358225.903229898773134,5724595.399777248501778,6.950485557000036,51.654450311000062,0,5210604701610190000
5,5,12,0,2021,12,12,4,3,0,1,0,0,0,0,1,0,0,357011.435999823734164,5710059.427999386563897,6.938862900000061,51.523526093000044,2,5211222701400380000
5,5,54,64,2021,10,2,1,2,8,1,2,0,0,0,1,0,0,355768.778558989055455,5750146.981476156041026,6.904380524000032,51.883414541000036,0,5211010705000090000
5,5,54,56,2021,4,16,5,3,9,1,0,0,1,0,0,0,0,356458.526502791792154,5762693.165772309526801,6.909158818000037,51.996320928000046,0,5210408705000020000
5,5,62,12,2021,7,18,5,3,5,3,0,0,1,0,1,0,0,357993.653711481019855,5727039.232535867020488,6.946137319000059,51.676351223000040,0,5210708701610080000
5,5,12,0,2021,5,18,6,2,5,3,0,0,1,0,1,0,0,354608.870627309195697,5718977.029565447941422,6.900567006000074,51.603042723000044,0,5210521701400280000
5,5,12,0,2021,4,17,6,3,2,6,0,0,1,0,1,0,0,356665.625119247473776,5717005.897832272574306,6.931050527000025,51.585857915000076,0,5210416701400260000
5,5,12,0,2021,9,11,4,3,0,7,0,0,0,1,0,1,0,355650.901674267835915,5712212.518044071272016,6.918382445000020,51.542527113000062,0,5210901701400860000
5,5,12,0,2021,4,12,5,3,3,6,0,0,1,0,0,0,1,354321.180999807082117,5711256.820999342948198,6.899616213000058,51.533597935000046,0,5210415701400430000
5,5,12,0,2021,11,9,4,3,0,1,0,0,1,0,0,0,0,356307.461931489408016,5709925.914157018065453,6.928776892000030,51.522147697000037,0,5211117701400680000
5,5,12,0,2021,4,15,4,2,6,4,0,0,1,1,0,0,0,356886.199902801774442,5708788.022006228566170,6.937575193000043,51.512069685000029,0,5210421701400690000
5,5,54,12,2021,5,16,5,3,5,3,0,0,1,0,0,0,0,353919.280999805778265,5746391.406999334692955,6.879116188000069,51.849189251000041,1,5210527705000990000
5,5,54,28,2021,11,10,4,3,8,7,0,1,1,0,0,0,0,358368.425076605752110,5743448.942069327458739,6.944870316000049,51.823896474000037,1,5211117705000920000
5,5,54,56,2021,2,12,7,3,5,3,0,1,0,0,0,0,0,356928.648885885253549,5762129.093207025900483,6.916237155000033,51.991374043000064,0,5210220705000380000
5,5,54,56,2021,12,18,5,3,5,3,2,1,1,0,0,0,0,356219.116094656288624,5762018.373841514810920,6.905957031000071,51.990196017000073,1,5211202705000770000
5,5,12,0,2021,10,17,3,3,6,4,1,0,1,1,0,0,0,356185.645131574012339,5709848.190228812396526,6.927053950000072,51.521418280000034,1,5211019701400080000
5,5,54,28,2021,5,18,3,3,0,5,0,0,1,0,1,0,0,357497.692084183916450,5743655.492793917655945,6.932159481000042,51.825531025000032,1,5210511705000790000
5,5,12,0,2021,2,9,5,3,0,7,0,0,1,0,0,0,0,356536.312506407499313,5708618.248117493465543,6.932605546000048,51.510455391000050,0,5210218701400410000
5,5,54,28,2021,5,13,4,2,0,7,0,1,0,0,0,0,0,357405.502929804846644,5743274.154158677905798,6.930979715000035,51.822081039000068,0,5210526705000490000
5,5,12,0,2021,6,8,2,3,6,6,0,0,1,1,0,0,0,356250.444999817758799,5709900.925999378785491,6.927965807000021,51.521908649000068,0,5210621701400940000
5,5,54,4,2021,4,13,6,3,5,7,0,1,1,0,0,0,0,357192.310984624549747,5771114.846440995112062,6.916323410000075,52.072178617000077,0,5210416705000580000
5,5,12,0,2021,7,9,7,3,3,7,0,1,1,0,0,0,0,357275.154999824240804,5710367.913999389857054,6.942536713000038,51.526364818000047,0,5210703701400510000
5,5,12,0,2021,9,17,1,3,6,4,0,0,1,1,0,0,0,356182.924380631186068,5709531.267333934083581,6.927144102000057,51.518569780000064,0,5210926701400780000
5,5,12,0,2021,9,13,4,3,2,5,0,1,1,0,0,0,0,355953.723999816924334,5719072.776999372988939,6.919933380000032,51.604248654000060,0,5210922701400280000
5,5,54,64,2021,4,16,6,2,0,3,0,1,0,0,0,0,0,356264.085185677744448,5750589.033847896382213,6.911387791000038,51.887514352000039,0,5210416705000380000
5,5,12,0,2021,6,12,3,2,6,4,0,1,0,1,0,0,0,356438.940080759115517,5709294.607039274647832,6.930927900000029,51.516508313000031,0,5210601701400160000
5,5,54,56,2021,5,12,6,3,5,3,0,0,1,0,0,0,1,356919.116999824531376,5762114.944999387487769,6.916104331000042,51.991244466000069,0,5210507705000440000
5,5,54,56,2021,9,2,1,3,1,5,2,1,1,0,0,0,0,357915.655776467174292,5762363.368078589439392,6.930505164000067,51.993732387000080,0,5210905705000580000
5,5,54,4,2021,7,15,2,3,4,6,0,1,1,0,0,0,0,358104.144672709517181,5777834.376220416277647,6.926819660000035,52.132787413000074,0,5210712705000790000
5,5,12,0,2021,2,15,2,3,5,3,0,1,1,0,0,0,0,356072.233823517337441,5710063.178441736847162,6.925332568000044,51.523321232000058,0,5210222701400530000
5,5,12,0,2021,6,11,2,2,5,2,0,1,0,0,0,1,0,355508.554034471511841,5712351.268760733306408,6.916274182000052,51.543737462000081,0,5210607701400400000
5,5,54,64,2021,2,12,4,3,5,3,0,0,1,0,0,0,0,356920.142853897064924,5750152.563471274450421,6.921095113000035,51.883761334000042,0,5210224705000020000
5,5,54,12,2021,5,13,7,3,8,1,0,0,1,0,0,0,0,354586.755090171471238,5746063.881856789812446,6.888937581000050,51.846420668000064,0,5210529705000190000
5,5,12,0,2021,3,13,6,3,2,6,0,0,1,0,0,0,0,355315.195878109894693,5714747.833419997245073,6.912501804000044,51.565222674000040,0,5210326701400970000
5,5,54,56,2021,11,13,5,3,5,3,0,1,1,0,0,0,0,357216.920998243615031,5762137.252698931843042,6.920429304000038,51.991521536000050,0,5211104705000500000
5,5,12,0,2021,11,11,3,3,9,1,0,0,0,0,1,0,0,356103.235999816097319,5713407.332999372854829,6.924412139000026,51.553378927000040,1,5211102701400180000
5,5,54,56,2021,5,15,5,3,5,3,0,0,1,0,0,0,0,356693.126999824307859,5762239.954999385401607,6.912763022000036,51.992309420000026,1,5210513705000590000
5,5,62,12,2021,11,15,5,3,3,6,0,1,1,0,0,0,0,357080.780701273120940,5735352.873116482049227,6.929533862000028,51.750822191000054,0,5211118701620990000
5,5,12,0,2021,12,7,6,3,5,2,2,1,1,0,0,0,0,355859.781898899003863,5710548.561157153919339,6.922073715000067,51.527628590000063,2,5211203701400970000
5,5,54,56,2021,6,0,1,3,1,5,2,1,1,0,0,0,0,358301.606923305429518,5761541.745524145662785,6.936462192000022,51.986448600000074,0,5210606705000020000
5,5,54,56,2021,12,16,3,3,5,3,0,1,1,0,0,0,0,356542.891019200906157,5760949.773242518305779,6.911116046000075,51.980678357000045,1,5211214705000160000
5,5,54,56,2021,4,16,2,3,5,3,0,0,1,0,1,0,0,355958.070877308025956,5761227.451613411307335,6.902490036000074,51.983021990000054,0,5210419705000670000
5,5,12,0,2021,6,19,3,3,5,3,0,0,1,0,0,0,0,357192.817085058428347,5709128.408348649740219,6.941852919000041,51.515205944000058,1,5210622701400980000
5,5,54,4,2021,4,15,3,3,5,3,0,1,1,0,0,0,0,357481.061361768282950,5770718.207334587350488,6.920699115000048,52.068689225000071,0,5210427705000680000
5,5,12,0,2021,11,16,2,3,5,3,1,1,1,0,0,0,0,356340.099961794912815,5719225.466463409364223,6.925446256000043,51.605719365000027,0,5211108701400580000
5,5,62,12,2021,9,13,5,3,5,3,0,1,1,0,0,0,0,357923.281999829225242,5726778.120999399572611,6.945226448000028,51.673987165000028,0,5210909701610260000
5,5,12,0,2021,9,17,7,3,1,7,0,0,1,0,1,0,0,356158.463963124901056,5709749.746265107765794,6.926702621000061,51.520526761000042,0,5210904701400680000
5,5,54,4,2021,2,15,4,3,6,7,0,0,1,1,0,0,0,357164.115064749494195,5771110.309375189244747,6.915914202000067,52.072130581000067,2,5210210705000020000
5,5,12,0,2021,12,16,7,3,0,7,1,0,1,0,0,0,0,355410.229091851040721,5718683.513557251542807,6.912251247000029,51.600611613000069,0,5211211701400390000
5,5,54,56,2021,12,13,3,2,5,3,0,1,1,0,0,0,0,355747.956109267659485,5761519.023107694461942,6.899310000000071,51.985587228000043,1,5211207705000380000
5,5,12,0,2021,5,16,2,3,4,6,0,1,0,0,0,0,0,355520.349509485065937,5711402.419108442962170,6.916833624000049,51.535214387000053,0,5210531701400380000
5,5,12,0,2021,10,10,5,3,1,5,0,0,1,0,1,0,0,356448.288946187123656,5709284.734647994861007,6.931066567000073,51.516421977000050,1,5211014701400470000
5,5,54,28,2021,2,11,4,2,5,3,0,1,1,0,0,0,0,356881.046999823302031,5744113.714999388903379,6.923028281000029,51.829490683000074,0,5210224705000950000
5,5,12,0,2021,9,13,2,3,5,2,0,1,1,0,0,0,0,355881.941534925252199,5710397.506244488060474,6.922454744000049,51.526276901000074,0,5210927701400970000
5,5,12,0,2021,4,22,3,2,0,7,2,0,1,0,1,0,0,356592.046791187487543,5710014.697062302380800,6.932839964000038,51.523017814000070,0,5210413701400440000
5,5,54,56,2021,11,11,6,3,0,1,0,1,0,0,0,0,0,356733.300375682301819,5762332.838028678670526,6.913308909000023,51.993154338000068,0,5211119705000480000
5,5,12,0,2021,1,15,4,3,4,2,0,1,1,0,0,0,0,353854.213987393304706,5718899.686644604429603,6.889710008000065,51.602152437000029,1,5210113701400350000
5,5,54,56,2021,9,16,5,3,6,4,0,0,1,1,0,0,0,356910.461999826133251,5762038.651999389752746,6.916010201000063,51.990556742000081,0,5210916705000590000
5,5,12,0,2021,7,14,3,3,2,6,0,0,1,0,0,0,0,357244.114149444736540,5708614.151928493753076,6.942799945000047,51.510597848000032,1,5210713701400490000
5,5,54,28,2021,10,11,6,3,5,3,0,1,1,0,0,0,0,357522.753058606758714,5743712.034243848174810,6.932499615000040,51.826045462000081,0,5211008705000320000
5,5,54,28,2021,9,16,5,3,5,2,0,1,1,0,0,0,0,357782.429396276362240,5743559.538552276790142,6.936327802000051,51.824741387000074,0,5210930705125020000
5,5,62,12,2021,6,15,2,2,0,1,0,0,1,0,1,0,0,357816.301972236484289,5727032.947856104001403,6.943576588000042,51.676249887000040,0,5210614701610490000
5,5,12,0,2021,9,13,4,3,1,5,0,1,0,0,0,0,1,354903.845485730096698,5709211.185767114162445,6.908853476000047,51.515366527000026,0,5210901701400580000
5,5,12,0,2021,6,16,2,3,6,6,0,0,1,1,0,0,0,355922.344126785174012,5709790.207909973338246,6.923285106000037,51.520830162000038,0,5210621701400640000
5,5,54,56,2021,6,17,3,3,5,3,0,1,1,0,0,0,0,356379.813260631635785,5762035.646627917885780,6.908288524000056,51.990392786000029,0,5210601705000120000
5,5,12,0,2021,2,11,5,3,0,1,0,1,0,0,0,0,0,354182.814736099913716,5710064.122191939502954,6.898116464000054,51.522845069000027,1,5210204701400820000
5,5,12,0,2021,3,18,1,3,6,4,1,0,1,1,0,0,0,355169.035999813117087,5709727.737999359145761,6.912460438000039,51.520076172000074,0,5210314701400650000
5,5,54,56,2021,5,18,6,3,5,2,0,1,1,0,0,0,0,356770.571191998198628,5762096.915924044325948,6.913949921000039,51.991044189000036,0,5210514705000980000
5,5,54,56,2021,3,14,6,3,8,7,0,1,0,0,0,0,0,356764.790857354179025,5762374.216999482363462,6.913749955000071,51.993534250000039,0,5210326705000540000
5,5,54,40,2021,1,1,6,2,8,1,2,0,1,0,0,0,0,356204.557999818585813,5738126.606999378651381,6.915701228000046,51.775521004000041,1,5210101705000520000
5,5,54,56,2021,6,16,2,3,0,6,0,0,1,0,1,0,0,356995.610685928724706,5762799.498609595000744,6.916932086000031,51.997414894000030,0,5210614705000850000
5,5,12,0,2021,10,19,4,3,5,2,2,0,0,0,0,0,1,356935.034743783995509,5708830.133511656895280,6.938261377000060,51.512460462000035,0,5211013701400650000
5,5,12,0,2021,2,13,7,3,6,4,0,0,1,1,0,0,0,356140.986850049346685,5718891.035346461459994,6.922710141000039,51.602663453000048,1,5210213701400720000
5,5,54,12,2021,7,5,6,2,0,1,1,0,0,0,1,0,0,355002.602999812923372,5746490.335999356582761,6.894791486000031,51.850360560000070,0,5210702705000290000
5,5,62,12,2021,10,9,6,3,5,3,0,0,1,0,0,0,0,357842.252087591215968,5727111.566335715353489,6.943919644000061,51.676962894000042,0,5211008701610080000
5,5,54,56,2021,3,8,5,3,8,1,0,1,0,0,0,0,0,357563.581328832544386,5761964.644889228045940,6.925546369000074,51.990059649000045,1,5210311705000020000
5,5,12,0,2021,11,16,2,3,6,7,0,0,1,1,0,0,0,357795.150711258873343,5708940.679649222642183,6.950603538000053,51.513670959000081,0,5211108701400890000
5,5,12,0,2021,9,14,4,3,6,7,0,1,0,1,0,0,0,355924.278631920926273,5709869.343915624544024,6.923280613000031,51.521541754000054,0,5210922701400480000
5,5,54,4,2021,5,16,1,2,2,1,0,1,0,0,0,0,0,357114.730782044120133,5770764.765769621357322,6.915338815000041,52.069013170000062,0,5210530705000720000
5,5,12,0,2021,10,15,1,3,4,6,0,0,1,0,0,0,1,357460.542184745892882,5709280.453088996931911,6.945647235000024,51.516639817000055,0,5211024701400880000
5,5,12,0,2021,6,17,3,3,3,6,0,0,1,0,0,0,0,357417.667325596325099,5711313.309405911713839,6.944206937000047,51.534896035000031,0,5210601701400970000
5,5,12,0,2021,2,16,1,3,5,2,0,1,1,0,0,0,0,357003.784231523983181,5711108.093931989744306,6.938326943000050,51.532947320000062,0,5210228701400860000
5,5,62,12,2021,11,22,3,2,0,1,2,1,0,0,0,0,0,358118.212186926044524,5725295.146103844046593,6.948645846000034,51.660710864000066,1,5211123701610480000
5,5,12,0,2021,7,9,5,3,6,7,0,0,0,1,0,1,0,356026.952717958018184,5718947.539482725784183,6.921041486000036,51.603142040000080,0,5210708701400970000
5,5,12,0,2021,2,18,2,3,2,6,2,0,1,0,0,0,0,356162.946468942798674,5709742.044726340100169,6.926770329000021,51.520458698000027,1,5210201701400170000
5,5,12,0,2021,6,0,1,3,6,2,2,0,1,1,0,0,0,356268.120139628648758,5710189.286989333108068,6.928102764000073,51.524504304000061,0,5210613701400680000
5,5,12,0,2021,5,21,3,3,5,3,2,0,1,0,0,0,0,357289.963731522671878,5711457.513445148244500,6.942308496000066,51.536159567000027,1,5210511701400500000
5,5,54,4,2021,6,0,1,3,0,7,2,1,0,0,0,0,0,357222.490999829024076,5776671.424999395385385,6.914435489000027,52.122111450000034,0,5210606705000660000
5,5,12,0,2021,7,18,1,2,5,3,0,1,0,0,0,0,0,354826.835092040710151,5716266.555965250357985,6.904833309000026,51.578743806000034,0,5210711701400220000
5,5,54,56,2021,9,15,6,3,1,7,0,1,1,0,0,0,0,356508.417724356986582,5763450.695489427074790,6.909567864000053,52.003140204000033,0,5210917705000190000
5,5,54,56,2021,11,14,5,3,5,5,0,0,1,0,0,0,0,355730.120041901245713,5762175.294204453006387,6.898774380000020,51.991479143000049,1,5211125705000590000
5,5,12,0,2021,6,18,3,3,5,2,0,1,1,0,0,0,0,356938.250999823212624,5708825.300999388098717,6.938309656000058,51.512417852000056,0,5210608701400480000
5,5,12,0,2021,5,11,3,3,3,2,0,0,1,0,1,0,0,357705.024110816419125,5710270.419064842164516,6.948768634000032,51.525597215000062,1,5210504701400490000
5,5,54,56,2021,11,14,3,3,5,3,0,0,1,0,0,0,0,356258.068245457485318,5761737.158891260623932,6.906641792000073,51.987679391000029,1,5211130705000090000
5,5,12,0,2021,11,17,4,3,5,3,2,0,1,0,1,0,0,355500.021999813616276,5715378.577999366447330,6.914907199000027,51.570937721000064,0,5211110701400660000
5,5,54,56,2021,3,21,2,3,9,1,2,0,1,0,0,0,0,354640.298521437682211,5762252.822871383279562,6.882880427000032,51.991891586000065,0,5210322705000090000
5,5,12,0,2021,9,17,7,3,6,4,0,0,1,1,0,0,0,357132.347300120629370,5710958.147083658725023,6.940240069000026,51.531632465000030,0,5210918701400070000
5,5,62,12,2021,7,13,5,3,5,3,0,0,1,0,0,0,0,357996.198003700003028,5727039.786708906292915,6.946173867000027,51.676356845000043,0,5210708701610940000
5,5,54,56,2021,10,11,3,3,1,5,0,1,1,0,0,0,0,357405.816364064812660,5762152.956363689154387,6.923171994000029,51.991711161000069,0,5211005705000020000
5,5,12,0,2021,3,8,7,3,5,2,0,1,1,0,0,0,0,356665.892999821342528,5710022.370999380946159,6.933900557000072,51.523105516000044,0,5210320701400970000
5,5,54,64,2021,11,15,5,2,0,7,0,1,0,0,0,0,0,355935.869750239886343,5750175.354515019804239,6.906794693000052,51.883712673000048,0,5211118705000180000
5,5,54,56,2021,12,15,7,2,5,3,0,1,1,0,0,0,0,357507.102999828755856,5761620.652999399229884,6.924867320000033,51.986954370000035,0,5211218705000020000
5,5,12,0,2021,6,22,1,3,6,7,2,0,1,1,0,0,0,356774.688858283683658,5708544.969779871404171,6.936068053000042,51.509857393000061,0,5210606701400320000
5,5,54,56,2021,12,17,5,2,0,7,2,1,0,0,0,0,0,357473.435904804617167,5762687.085880577564240,6.923934100000054,51.996527703000027,1,5211223705000260000
5,5,12,0,2021,6,18,5,2,9,1,0,0,0,0,1,0,0,353763.789970481768250,5715343.505583787336946,6.889886650000051,51.570174945000076,0,5210603701400380000