ULAND,UREGBEZ,UKREIS,UGEMEINDE,UJAHR,UMONAT,USTUNDE,UWOCHENTAG,UKATEGORIE,UART,UTYP1,ULICHTVERH,IstRad,IstPKW,IstFuss,IstKrad,IstGkfz,IstSonstige,LINREFX,LINREFY,XGCSWGS84,YGCSWGS84,STRZUSTAND,UIDENTSTLAE
5,5,54,4,2021,9,11,1,3,5,3,0,1,0,0,0,0,0,360991.544999848119915,5772858.644999446347356,6.971008506000032,52.088813619000064,0,5210912705000300000
5,5,62,14,2021,10,19,1,3,5,2,2,0,1,0,0,0,0,358921.883137110620737,5713431.952633909881115,6.965030968000065,51.554312030000062,1,5211003701300310000
5,5,62,12,2021,9,8,4,3,5,7,0,0,1,0,1,0,0,359128.963358603417873,5725802.161097945645452,6.963045131000058,51.665521046000038,1,5210915701610090000
5,5,54,16,2021,12,11,7,3,5,2,0,1,1,0,0,0,0,362632.032999855466187,5757949.834999468177557,7.000920777000033,51.955261111000027,1,5211211705000870000
5,5,54,20,2021,5,15,2,3,0,2,0,0,1,1,0,0,0,363882.815634345635772,5786982.208400504663587,7.007522625000036,52.216436636000026,0,5210510705000080000
5,5,62,14,2021,1,21,6,2,9,1,2,0,1,0,0,0,0,360562.992499737069011,5713445.866850366815925,6.988681702000065,51.554845067000031,0,5210122701300290000
5,5,54,4,2021,9,9,5,3,0,3,0,1,1,0,0,0,0,363265.653944544494152,5771393.907850071787834,7.004767021000021,52.076218873000073,0,5210930705000090000
5,5,62,14,2021,9,17,6,3,5,3,0,1,1,0,0,0,0,361118.091607674024999,5715203.404262760654092,6.995989102000067,51.570775450000042,0,5210917701300180000
5,5,54,4,2021,6,18,6,3,4,1,0,1,1,0,0,0,0,362864.112436538562179,5771203.913900895044208,6.998987930000055,52.074412414000051,0,5210625705000920000
5,5,54,4,2021,12,11,6,3,0,5,0,1,1,0,0,0,1,361563.672654842957854,5772956.257035993039608,6.979314114000033,52.089834076000045,0,5211231705000350000
5,5,12,0,2021,5,20,2,2,9,7,0,0,1,0,0,0,0,357926.860538308508694,5710011.721997903659940,6.952068608000047,51.523328430000049,0,5210503701400400000
5,5,54,4,2021,10,14,3,3,5,3,0,1,1,0,0,0,0,363685.377999862655997,5771692.125999484211206,7.010768500000040,52.079001970000036,1,5211019705000220000
5,5,54,4,2021,11,19,3,3,7,7,2,0,0,0,1,0,0,363288.120343286544085,5772056.582899607717991,7.004829075000032,52.082178809000027,1,5211130705000890000
5,5,54,4,2021,5,19,6,3,5,3,0,0,1,0,1,0,0,361145.059999848715961,5772756.474999448284507,6.973289327000032,52.087934135000069,0,5210528705000410000
5,5,54,4,2021,9,8,4,3,5,3,0,0,1,0,1,0,0,363129.401393139734864,5772148.142824715003371,7.002477514000020,52.082962292000047,0,5210908705000590000
5,5,62,14,2021,9,14,6,2,6,4,0,0,1,1,0,0,0,360461.771562069654465,5714913.128082357347012,6.986640213000044,51.568004965000057,0,5210910701300040000
5,5,62,14,2021,10,19,1,3,0,1,2,0,0,0,0,0,1,360763.053240454755723,5715638.742493046447635,6.990696891000027,51.574599871000032,0,5211024701300970000
5,5,12,0,2021,5,11,5,3,6,7,0,0,1,1,0,0,0,359919.277131208218634,5710700.464356770738959,6.980495333000022,51.530015222000031,0,5210513701400070000
5,5,62,12,2021,4,8,7,3,5,3,0,1,1,0,0,0,0,359489.143979354761541,5724786.595858795568347,6.968657960000030,51.656485535000058,0,5210424701610280000
5,5,62,12,2021,6,12,5,2,1,5,0,0,1,0,1,0,0,362279.998844505287707,5731026.828361833468080,7.006516194000028,51.713250988000027,0,5210610701620080000
5,5,62,12,2021,12,6,2,3,6,4,2,0,1,1,0,0,0,360674.087003337219357,5726246.085082694888115,6.985195192000049,51.669895332000067,0,5211206701610970000
5,5,62,14,2021,9,12,5,3,5,3,0,0,1,0,0,0,1,360796.383711637929082,5715645.424426335841417,6.991174910000041,51.574668147000068,0,5210916701300370000
5,5,54,4,2021,5,9,4,2,5,7,0,1,0,0,0,0,0,363366.450178206898272,5771631.558170849457383,7.006141708000030,52.078379135000034,0,5210512705000490000
5,5,54,4,2021,2,15,1,2,6,4,0,0,1,1,0,0,0,363675.561749906279147,5771679.389923203736544,7.010630435000053,52.078885114000059,0,5210221705000780000
5,5,62,14,2021,2,23,5,3,8,7,2,0,1,0,0,0,0,358980.911923717707396,5714245.619349749758840,6.965555522000045,51.561638370000026,1,5210218701300420000
5,5,62,14,2021,12,7,6,3,6,4,2,0,1,1,0,0,0,360662.641188461333513,5715639.018907088786364,6.989248713000052,51.574577546000057,1,5211203701300840000
5,5,62,12,2021,1,15,7,2,2,6,0,1,1,0,0,0,0,359078.556687455624342,5725456.837732547894120,6.962456009000050,51.662405406000062,0,5210123701610390000
5,5,54,4,2021,9,17,2,3,0,7,0,1,0,0,0,0,0,363485.485466971062124,5771250.142794439569116,7.008030229000042,52.074981325000067,0,5210913705000490000
5,5,54,4,2021,12,10,6,3,1,6,0,0,1,0,0,0,0,363415.401787500828505,5771418.461245171725750,7.006940887000042,52.076476452000065,0,5211231705000080000
5,5,54,4,2021,4,15,6,3,5,2,0,1,0,0,0,0,0,363105.113348037935793,5771344.447275640442967,7.002445790000024,52.075734787000044,0,5210402705000920000
5,5,62,14,2021,11,11,5,3,6,7,0,0,1,1,0,0,0,360654.217671938240528,5713379.729277580976486,6.990022919000069,51.554273288000047,0,5211125701300680000
5,5,54,4,2021,9,16,7,3,2,6,0,1,0,0,0,0,0,363333.684999859891832,5773062.123999478295445,7.005090604000031,52.091225220000069,0,5210918705000980000
5,5,54,20,2021,9,14,4,3,6,4,0,0,1,1,0,0,0,363904.751254251226783,5787068.925209993496537,7.007808634000071,52.217221221000045,1,5210929705000090000
5,5,54,4,2021,2,9,3,3,3,2,0,1,0,0,0,0,0,363376.843999859876931,5771410.995999475941062,7.006381605000058,52.076399862000073,0,5210223705000820000
5,5,62,14,2021,6,11,2,3,6,7,0,0,1,1,0,0,0,362036.503106120973825,5711946.197968946769834,7.010510679000049,51.541730980000068,0,5210628701300880000
5,5,54,4,2021,9,17,3,3,0,7,0,1,0,0,0,0,0,362824.877901451662183,5771670.643890520557761,6.998228176000055,52.078596429000072,0,5210907705000680000
5,5,62,14,2021,4,19,3,3,5,3,0,1,1,0,0,0,0,361973.082634681835771,5714541.681816460564733,7.008578144000069,51.565039042000080,0,5210427701300640000
5,5,12,0,2021,4,23,6,3,5,7,2,0,1,0,0,0,0,359498.153999838978052,5710479.633999420329928,6.974516287000029,51.527926196000067,0,5210402701400720000
5,5,54,64,2021,9,15,4,3,2,6,0,0,1,0,1,0,0,361117.197481269016862,5751517.506956512108445,6.981485902000031,51.897087329000044,0,5210915705000290000
5,5,62,14,2021,1,9,4,3,6,4,0,0,1,1,0,0,0,359170.620118321850896,5715678.223409103229642,6.967716422000024,51.574559097000076,1,5210120701300700000
5,5,62,14,2021,11,16,3,3,0,1,1,1,0,0,0,0,0,360566.076329116709530,5716105.276137501001358,6.987671036000052,51.578743486000064,1,5211102701300580000
5,5,12,0,2021,11,18,3,3,5,3,2,0,1,0,1,0,0,358474.103715752251446,5709119.118408277630806,6.960309996000035,51.515444894000041,1,5211102701400780000
5,5,54,4,2021,7,8,5,3,5,3,0,0,1,0,0,0,0,360990.643976857885718,5773043.896589640527964,6.970919832000050,52.090477911000050,1,5210715705000320000
5,5,62,14,2021,10,15,3,3,3,5,0,1,1,0,0,0,0,360479.997713686898351,5717513.986521078273654,6.985869723000064,51.591380911000044,1,5211012701300080000
5,5,54,20,2021,11,15,1,3,1,5,0,0,1,0,0,0,0,363872.086698357015848,5786645.756897034123540,7.007501000000047,52.213410905000046,1,5211107705000020000
5,5,54,4,2021,12,17,2,2,0,7,2,1,0,0,0,0,0,363198.304728461429477,5771558.265935551375151,7.003719004000061,52.077679059000047,0,5211213705000620000
5,5,62,14,2021,7,10,6,3,6,7,0,0,1,1,0,0,0,360926.531804455444217,5713356.238652689382434,6.993957578000050,51.554129393000039,0,5210702701300740000
5,5,62,12,2021,3,8,6,3,0,1,0,1,0,0,0,0,0,359692.938579943962395,5724724.196953430771828,6.971627235000028,51.655975734000037,1,5210319701610670000
5,5,12,0,2021,10,10,4,2,5,3,0,0,1,0,0,0,0,360323.821079841814935,5710153.696874512359500,6.986540465000076,51.525202116000060,0,5211020701400090000
5,5,54,16,2021,1,1,1,3,9,1,2,0,1,0,0,0,0,362389.779604527167976,5757874.907488411292434,6.997427659000039,51.954527959000075,1,5210124705000080000
5,5,54,4,2021,2,11,6,3,4,2,0,1,1,0,0,0,0,363531.691472044214606,5771371.947181172668934,7.008655295000040,52.076087176000044,1,5210219705000060000
5,5,62,14,2021,4,15,3,3,5,3,0,0,1,0,0,0,0,360022.825095925480127,5715441.282092833891511,6.980100598000035,51.572642180000059,1,5210406701300580000
5,5,54,16,2021,3,12,3,2,5,3,0,1,1,0,0,0,0,362871.146580792963505,5757763.035794686526060,7.004472793000048,51.953641623000067,0,5210330705000620000
5,5,62,14,2021,12,22,5,3,1,5,2,1,1,0,0,0,0,358732.875636443495750,5716779.015525650233030,6.960960906000025,51.584341193000057,1,5211223701300270000
5,5,62,14,2021,10,20,5,2,5,2,2,0,1,0,0,0,0,358914.906442401930690,5713146.696785019710660,6.965044826000053,51.551746985000079,0,5211014701300640000
5,5,54,4,2021,6,7,5,3,0,3,0,1,1,0,0,0,0,361250.214882728643715,5770683.289537720382214,6.975666284000056,52.069332478000035,0,5210610705000290000
5,5,62,12,2021,5,8,2,3,5,3,0,1,1,0,0,0,0,359099.390270423144102,5725492.790062891319394,6.962742537000054,51.662733690000039,0,5210531701610780000
5,5,12,0,2021,11,12,3,3,5,3,0,0,1,0,0,0,0,358063.469139968045056,5713136.653311325237155,6.952776497000059,51.551443188000064,1,5211116701400450000
5,5,54,4,2021,6,8,7,3,0,1,0,1,0,0,0,0,0,361104.311100949533284,5773163.575189992785454,6.972529114000054,52.091581782000048,0,5210619705000420000
5,5,12,0,2021,9,14,3,3,0,5,0,1,1,0,0,0,0,360352.789439908228815,5710371.281040992587805,6.986871517000054,51.527164520000042,0,5210907701400040000
5,5,54,20,2021,7,17,2,3,0,7,0,1,0,0,0,0,0,363860.172598318196833,5786646.537432998418808,7.007326414000033,52.213414975000035,0,5210712705000670000
5,5,62,14,2021,11,7,5,3,4,2,1,0,1,0,0,0,0,358921.940231055021286,5713432.752583511173725,6.965031470000042,51.554319233000058,0,5211125701300480000
5,5,62,14,2021,6,14,6,3,5,3,0,1,1,0,0,0,0,358559.244050736539066,5714382.348161684349179,6.959421366000072,51.562761419000026,0,5210618701300740000
5,5,62,14,2021,1,20,3,3,5,3,2,1,1,0,0,0,0,358915.446964568458498,5713157.908645439893007,6.965048120000063,51.551847870000074,1,5210112701300620000
5,5,62,12,2021,6,17,7,2,0,1,0,1,0,0,0,0,0,358807.076253265142441,5724455.874429889023304,6.958937692000063,51.653342837000082,0,5210619701610080000
5,5,54,20,2021,1,17,3,3,2,6,2,0,1,0,0,0,0,363872.562595558352768,5786645.714366130530834,7.007507978000035,52.213410641000053,1,5210119705000290000
5,5,62,12,2021,5,13,1,3,1,5,0,1,1,0,0,0,0,360384.267012605443597,5726128.818922512233257,6.981053742000029,51.668769648000080,0,5210509701610080000
5,5,54,16,2021,12,11,3,3,8,1,0,0,1,0,0,0,0,361692.989842026494443,5757397.909295333549380,6.987486331000071,51.950069059000043,0,5211221705000320000
5,5,62,12,2021,5,14,7,3,1,5,0,1,1,0,0,0,0,361935.072871775366366,5726476.846022520214319,7.003327236000075,51.672280236000063,0,5210529701610240000
5,5,54,4,2021,5,12,6,2,0,7,0,1,1,0,0,0,0,363500.039803285151720,5771454.128868656232953,7.008160859000043,52.076817810000080,0,5210521705000290000
5,5,62,14,2021,9,16,5,3,5,3,0,1,1,0,0,0,0,359698.792211861349642,5715383.236833838745952,6.975451055000065,51.572040042000026,0,5210902701300470000
5,5,54,4,2021,5,11,7,3,8,6,0,0,0,0,0,0,1,362973.665453991852701,5772908.485806323587894,6.999900634000028,52.089755710000077,0,5210508705000650000
5,5,54,4,2021,1,20,6,3,0,7,2,1,0,0,0,0,0,363517.782724391669035,5770647.097233712673187,7.008742354000049,52.069570673000044,1,5210108705000380000
5,5,12,0,2021,3,15,7,3,6,7,0,0,0,1,0,0,1,360194.055365112610161,5710320.113355066627264,6.984605066000029,51.526665445000049,0,5210306701400190000
5,5,62,14,2021,11,9,3,3,5,3,0,1,1,0,0,0,0,361037.717051993124187,5715485.402180047705770,6.994718556000066,51.573289710000040,0,5211102701300570000
5,5,62,12,2021,3,15,2,3,5,3,0,1,0,0,0,0,1,359044.939259260892868,5727891.381437201052904,6.960987807000038,51.684273212000051,0,5210301701610040000
5,5,62,14,2021,10,11,2,3,6,4,0,0,1,1,0,0,0,359857.600952838547528,5715236.498576810583472,6.977799660000073,51.570760947000053,0,5211004701300340000
5,5,54,16,2021,11,10,3,2,6,7,0,0,1,1,0,0,0,363237.654999859631062,5758105.952999472618103,7.009666333000041,51.956813184000055,0,5211102705000230000
5,5,12,0,2021,3,17,7,2,6,4,0,0,1,1,0,0,0,357905.500688672997057,5711601.280844721943140,6.951119585000072,51.537606718000063,0,5210306701400220000
5,5,12,0,2021,10,13,6,3,4,6,0,1,0,0,0,0,0,358066.476244549266994,5710281.814730711281300,6.953970922000053,51.525790573000052,0,5211008701400040000
5,5,62,12,2021,10,16,7,2,8,1,0,1,0,0,0,0,0,360800.991591278463602,5723878.837807185947895,6.987971797000057,51.648654867000062,0,5211016701610570000
5,5,12,0,2021,6,16,4,3,1,5,0,1,1,0,0,0,0,359314.843515713699162,5711436.672811819240451,6.971493104000047,51.536480545000074,0,5210602701400080000
5,5,54,64,2021,11,18,6,3,9,1,2,0,1,0,0,0,0,361776.195572187192738,5749663.246211705729365,6.991800390000037,51.880589520000058,1,5211105705000720000
5,5,62,12,2021,1,21,6,3,9,1,2,0,1,0,0,0,0,360177.517687206156552,5724103.467825593426824,6.978876128000024,51.650518673000079,1,5210101701610100000
5,5,54,20,2021,11,14,4,3,0,3,0,1,0,0,0,0,0,363826.625043605454266,5786802.334730640053749,7.006773022000061,52.214806553000074,0,5211110705000670000
5,5,62,14,2021,12,21,5,2,6,2,2,0,1,1,0,0,0,360315.589258753694594,5715658.119024896994233,6.984236209000073,51.574663297000029,1,5211209701300670000
5,5,62,12,2021,9,19,4,3,0,1,2,0,0,0,1,0,0,360894.636072549037635,5723775.429765651002526,6.989365590000034,51.647748822000040,1,5210929701610470000
5,5,62,14,2021,6,16,2,2,1,1,0,1,1,0,0,0,0,361386.308623344637454,5716086.794327110052109,6.999508242000047,51.578779710000049,0,5210621701300980000
5,5,54,4,2021,12,14,4,3,2,3,0,1,1,0,0,0,0,363261.746984484605491,5771389.195969099178910,7.004711936000035,52.076175571000078,0,5211208705000690000
5,5,62,14,2021,1,15,2,3,1,6,0,0,1,0,0,0,0,361531.633852347731590,5715897.000393506139517,7.001679049000074,51.577109915000051,0,5210118701300680000
5,5,54,4,2021,9,12,6,3,5,3,0,1,1,0,0,0,0,363176.082999859936535,5772989.490999478846788,7.002820760000077,52.090533647000029,0,5210924705000290000
5,5,12,0,2021,10,15,7,3,6,4,0,0,1,1,0,0,0,360073.788257754407823,5711272.734173998236656,6.982493990000023,51.535196006000035,0,5211023701400790000
5,5,62,14,2021,4,18,1,3,5,7,0,0,1,0,0,0,0,359795.964719736017287,5716148.981586245819926,6.976546675000066,51.578945197000053,0,5210404701300890000
5,5,12,0,2021,2,5,4,3,5,3,2,0,1,0,1,0,0,359112.573474716395140,5711732.182680862024426,6.968460323000045,51.539085556000032,1,5210217701400910000
5,5,62,12,2021,9,21,3,3,0,1,2,0,0,0,0,0,1,362181.621150443330407,5726525.672337697818875,7.006871186000069,51.672779527000046,0,5210907701610480000
5,5,62,12,2021,11,7,2,3,0,7,1,0,0,0,0,0,1,358966.383367113769054,5728078.841345855966210,6.959776475000069,51.685937954000053,1,5211108701610050000
5,5,62,12,2021,6,16,3,3,6,4,0,0,0,1,0,0,1,358489.481623553670943,5727601.320586131885648,6.953075826000031,51.681527113000072,0,5210622701610840000
5,5,12,0,2021,10,10,5,3,2,2,0,0,1,0,0,1,0,358683.227710365317762,5712538.475195940583944,6.961949775000051,51.546223552000072,1,5211007701400380000
5,5,54,4,2021,10,18,3,3,5,3,1,1,1,0,0,0,0,363714.469306585378945,5772230.219895610585809,7.010977759000070,52.083844126000031,0,5211005705000620000
5,5,62,14,2021,4,11,7,2,1,7,0,1,1,0,0,0,0,360533.126746552065015,5717555.635793246328831,6.986619640000072,51.591768327000068,0,5210417701300110000
5,5,54,64,2021,12,9,3,3,5,3,0,0,1,0,0,0,0,362592.727999855764210,5751322.971999464556575,7.002994553000065,51.895705063000037,0,5211207705000600000
5,5,54,64,2021,12,3,2,3,0,7,2,0,1,1,0,0,0,362244.091579774394631,5750569.101359670981765,6.998232111000050,51.888844996000046,0,5211227705000880000
5,5,62,12,2021,6,15,2,3,1,5,0,0,1,0,1,0,0,361793.870784142985940,5726259.525953114032745,7.001372512000046,51.670292681000035,0,5210607701610580000
5,5,62,14,2021,9,18,5,3,5,3,0,1,1,0,0,0,0,360189.975558528676629,5715653.950901582837105,6.982426365000038,51.574594704000049,0,5210909701300440000
5,5,62,14,2021,9,23,6,2,0,7,2,0,1,0,0,0,0,360443.378191135823727,5715596.643368018791080,6.986103507000053,51.574142522000045,0,5210917701300490000
5,5,54,4,2021,9,9,6,3,0,7,0,1,0,0,0,0,0,362795.205375797115266,5771163.251326765865088,6.997999489000051,52.074029978000056,0,5210924705000320000
5,5,62,14,2021,7,10,7,3,5,3,0,1,1,0,0,0,0,361515.663383961655200,5716081.689050080254674,7.001375897000059,51.578765628000042,0,5210703701300950000
5,5,62,12,2021,11,11,5,2,0,1,0,1,0,0,0,0,0,359125.401796280406415,5724132.133568268269300,6.963666631000024,51.650513622000062,1,5211125701610690000
5,5,54,4,2021,4,13,5,2,0,1,0,0,0,0,1,0,0,361125.872999849729240,5773028.042999450117350,6.972898852000071,52.090369411000040,0,5210401705000780000
5,5,62,14,2021,9,10,4,3,5,3,0,0,1,0,0,0,0,361597.871351205743849,5714373.511794947087765,7.003234430000020,51.563435880000043,0,5210922701300870000
5,5,12,0,2021,3,16,3,3,3,6,0,1,1,0,0,0,0,359546.119233597069979,5708173.093346877023578,6.976126489000023,51.507211362000078,0,5210302701400300000
5,5,54,4,2021,5,14,3,3,9,6,0,1,0,1,0,0,0,363453.409702187404037,5770755.379824370145798,7.007760456000028,52.070527770000069,0,5210511705000320000
5,5,13,0,2021,5,13,2,3,5,3,0,0,1,0,0,0,0,361463.194999850355089,5718004.556999444961548,6.999860271000045,51.596031841000070,1,5210524700000060000
5,5,62,14,2021,6,17,3,3,1,5,0,1,1,0,0,0,0,361423.475085790269077,5715380.549731690436602,7.000322903000040,51.572442443000057,0,5210601701300980000
5,5,54,4,2021,3,18,3,3,5,3,1,1,1,0,0,0,0,363129.329010382294655,5771968.394842928275466,7.002548587000035,52.081347173000040,0,5210302705000590000
5,5,54,4,2021,9,6,3,3,9,1,0,0,1,0,0,0,0,363672.652107199653983,5771675.614812383428216,7.010589511000035,52.078850477000060,0,5210907705000090000
5,5,62,12,2021,11,10,2,3,1,1,0,0,1,0,0,0,0,359848.765897054225206,5726362.877153666689992,6.973221315000046,51.670739537000031,1,5211129701610780000
5,5,62,14,2021,10,16,2,3,1,5,0,1,1,0,0,0,0,361551.684653116390109,5715896.253680000081658,7.001968519000059,51.577108130000056,0,5211004701300070000
5,5,54,16,2021,3,13,3,2,8,1,0,1,0,0,0,0,0,363171.904943629167974,5757926.138103080913424,7.008781687000067,51.955181267000057,1,5210309705000070000
5,5,13,0,2021,9,7,6,3,3,6,1,1,1,0,0,0,0,361469.220174971967936,5719627.904089119285345,6.999305960000072,51.610620856000025,0,5210924700000080000
5,5,62,14,2021,4,5,7,3,9,1,0,0,1,0,0,0,0,360810.159542967565358,5717650.880537141114473,6.990578529000061,51.592692710000051,0,5210424701300620000
5,5,54,4,2021,11,8,2,3,0,1,1,1,0,0,0,0,0,363683.453700859099627,5772398.578282561153173,7.010458102000030,52.085349258000065,1,5211122705000680000
5,5,54,4,2021,10,7,6,3,5,3,0,1,1,0,0,0,0,363270.125714969821274,5771402.103640008717775,7.004828946000032,52.076293620000058,0,5211001705000520000
5,5,12,0,2021,11,13,3,3,1,5,0,1,1,0,0,0,0,359141.756102175451815,5711294.093948904424906,6.969056126000055,51.535156167000082,1,5211130701400170000
5,5,62,14,2021,5,20,5,2,4,6,0,1,1,0,0,0,0,361421.858278375118971,5714975.206718752160668,7.000459456000044,51.568799577000050,0,5210513701300740000
5,5,62,14,2021,7,7,5,3,5,3,0,0,1,0,0,1,0,360615.510999844409525,5717618.305999435484409,6.987783279000041,51.592351871000062,1,5210701701300360000
5,5,62,14,2021,12,11,1,3,8,7,0,0,1,0,0,1,0,358933.405920352786779,5713816.693228878080845,6.965042728000071,51.557772177000061,1,5211212701300170000
5,5,54,16,2021,2,18,5,2,0,1,1,1,0,0,0,0,0,362918.437967231497169,5758036.185390789061785,7.005051569000045,51.956107687000042,0,5210225705000370000
5,5,54,20,2021,6,13,3,3,5,3,0,1,1,0,0,0,0,363278.495118105784059,5786794.866241620853543,6.998758123000073,52.214603713000031,0,5210615705000290000
5,5,12,0,2021,3,17,4,2,5,2,0,1,1,0,0,0,0,359338.303864724002779,5719894.757534638047218,6.968444357000067,51.612490446000038,0,5210317701400880000
5,5,12,0,2021,1,6,2,3,5,3,2,1,1,0,0,0,0,359463.296791994012892,5710946.036331893876195,6.973828008000055,51.532108639000057,0,5210125701400280000
5,5,62,12,2021,1,8,4,2,0,1,0,1,0,0,0,0,0,359460.572999837808311,5726072.384999420493841,6.967728171000033,51.668032260000075,1,5210106701610830000
5,5,54,4,2021,9,18,6,3,1,6,0,0,1,0,0,0,0,362914.569763191975653,5771233.883303355425596,6.999711650000052,52.074694193000028,1,5210910705000090000
5,5,62,14,2021,7,17,2,3,2,6,0,0,1,0,0,0,0,360514.818694517947733,5714646.925604596734047,6.987510763000046,51.565625974000056,0,5210712701300350000
5,5,62,14,2021,4,9,7,1,3,3,0,1,1,0,0,0,0,358923.908152736723423,5713525.150913815945387,6.965022773000044,51.555150013000059,0,5210410701300850000
5,5,62,12,2021,9,2,3,3,9,1,2,0,1,0,0,0,0,359984.435329456813633,5733781.014460498467088,6.972202993000053,51.737431155000081,1,5210928701610380000
5,5,62,14,2021,6,23,4,3,6,2,2,0,0,1,0,0,1,360659.174959937110543,5715606.912043575197458,6.989211461000025,51.574288175000049,0,5210609701300780000
5,5,54,20,2021,11,12,3,3,4,1,0,1,1,0,0,0,0,363719.120672015473247,5786081.418850168585777,7.005490692000024,52.208302415000048,1,5211116705000070000
5,5,62,14,2021,9,7,4,3,1,3,0,1,1,0,0,0,0,358849.877999832853675,5716322.329999415203929,6.962832143000071,51.580266774000052,0,5210901701300770000
5,5,54,20,2021,12,19,5,3,5,2,2,0,1,0,0,0,0,363932.529814216308296,5787160.506194077432156,7.008178172000044,52.218050955000081,1,5211202705000990000
5,5,54,4,2021,2,9,2,3,0,7,0,1,0,0,0,0,0,363310.786158933304250,5772232.640032539144158,7.005089085000066,52.083766345000072,2,5210201705000880000
5,5,54,16,2021,3,6,3,3,5,2,2,1,1,0,0,0,0,362228.151251249946654,5757903.036331215873361,6.995065841000041,51.954740696000044,0,5210302705000320000
5,5,62,14,2021,9,7,3,3,6,7,0,1,0,1,0,0,0,361029.419327896088362,5715552.759318277239799,6.994572249000043,51.573892943000033,0,5210928701300150000
5,5,54,16,2021,5,20,1,2,0,1,1,1,0,0,0,0,0,362491.352174603380263,5757949.378983989357948,6.998875018000035,51.955222248000041,0,5210530705000990000
5,5,62,12,2021,5,14,3,3,5,3,0,1,1,0,0,0,0,361139.156477830372751,5726295.450202874839306,6.991896524000026,51.670454059000065,1,5210511701610050000
5,5,12,0,2021,9,14,6,3,5,3,0,1,1,0,0,0,0,357928.295188247226179,5710004.405151667073369,6.952092225000058,51.523263042000053,0,5210924701400370000
5,5,54,4,2021,6,16,2,3,6,4,0,1,0,1,0,0,0,363342.118434797972441,5771181.324542166665196,7.005967200000043,52.074327605000065,0,5210628705000740000
5,5,62,14,2021,11,17,3,3,5,2,2,0,1,0,0,0,0,358922.100100960582495,5713438.200640920549631,6.965031590000024,51.554368229000033,1,5211123701300280000
5,5,62,14,2021,3,14,5,3,2,2,0,0,1,0,0,0,0,360184.926251603290439,5715649.349911164492369,6.982355380000058,51.574552107000045,0,5210325701300760000
5,5,54,4,2021,4,10,5,3,8,1,0,1,0,0,0,0,0,363528.919999862089753,5771368.885999482125044,7.008616104000055,52.076058987000067,0,5210415705000070000
5,5,62,12,2021,6,22,7,2,0,1,2,0,0,0,0,0,1,360369.101989077404141,5726089.068055203184485,6.980850478000036,51.668408683000052,0,5210612701610110000
5,5,54,20,2021,10,7,4,1,6,2,1,0,0,1,0,0,1,363871.501286117359996,5786970.876253120601177,7.007361673000048,52.216332019000049,0,5211006705000080000
5,5,12,0,2021,6,5,5,3,5,3,1,1,0,0,0,0,0,358194.562877733260393,5711855.971591439098120,6.955182154000056,51.539968041000066,0,5210610701400780000
5,5,62,14,2021,11,11,7,3,5,2,0,1,1,0,0,0,0,360846.213976648636162,5715319.988731000572443,6.992022433000045,51.571756055000037,0,5211120701300180000
5,5,62,14,2021,6,13,4,3,6,4,0,0,1,1,0,0,0,361733.035017423331738,5716681.596552914008498,7.004274761000033,51.584209846000078,0,5210623701300560000
5,5,62,14,2021,5,16,2,3,5,3,0,1,1,0,0,0,0,361366.814317557960749,5713193.636169992387295,7.000368284000047,51.552776584000071,0,5210531701300570000
5,5,62,14,2021,10,12,6,3,6,4,0,0,1,1,0,0,0,360796.718016210943460,5715645.491446116939187,6.991179705000036,51.574668832000043,0,5211008701300880000
5,5,62,14,2021,1,15,2,3,5,2,0,1,1,0,0,0,0,361171.291397353634238,5713205.904321696609259,6.997545091000063,51.552838750000035,0,5210125701300720000
5,5,54,20,2021,10,20,1,3,0,7,2,0,1,0,0,0,0,366019.220425347797573,5786469.222279496490955,7.038978282000073,52.212350932000049,1,5211031705000290000
5,5,54,20,2021,11,9,5,3,0,7,0,0,1,0,1,0,0,367436.929932987317443,5782170.614551261067390,7.061397292000038,52.174068639000041,1,5211104705000510000
5,5,62,24,2021,12,9,3,3,5,3,0,0,1,0,0,0,1,367084.564975239336491,5727587.476043598726392,7.077329559000020,51.683502748000080,1,5211221701500440000
5,5,62,24,2021,10,14,7,2,8,1,0,0,1,0,0,0,0,367456.725705691613257,5725564.022144820541143,7.083477654000035,51.665407100000039,0,5211030701500580000
5,5,54,44,2021,12,4,1,3,8,1,2,0,1,0,0,0,0,365562.101720331236720,5743347.198268596082926,7.049225848000049,51.824759358000051,1,5211219705000640000
5,5,54,20,2021,9,17,3,3,5,3,0,0,1,0,0,0,0,364973.944049415178597,5786232.428218908607960,7.023783272000060,52.209968135000054,0,5210914705000320000
5,5,13,0,2021,5,13,6,3,2,2,0,0,1,0,0,0,0,366001.451066287234426,5708859.726983705535531,7.068825581000056,51.514949473000058,0,5210507700100270000
5,5,13,0,2021,6,10,3,3,5,3,0,0,0,0,0,1,1,365805.562236979603767,5716354.381197391077876,7.063145384000052,51.582253824000077,0,5210608700200270000
5,5,13,0,2021,6,19,4,3,5,3,0,1,1,0,0,0,0,366699.338105141185224,5713159.054600814357400,7.077249660000064,51.553750960000059,0,5210623700000280000
5,5,13,0,2021,9,17,3,3,0,7,0,0,1,1,0,0,0,362962.013069057837129,5710729.275999784469604,7.024322026000050,51.531020801000068,0,5210928700200920000
5,5,13,0,2021,6,20,5,2,6,4,0,0,1,1,0,0,0,367277.493426654487848,5711215.306087903678417,7.086317201000043,51.536419510000030,0,5210603700000780000
5,5,54,16,2021,9,7,3,3,0,3,0,0,1,0,0,0,1,363330.591834302060306,5757595.551487237215042,7.011220981000065,51.952249764000044,0,5210921705000390000
5,5,13,0,2021,10,13,7,3,0,1,0,1,0,0,0,0,0,363641.592495688237250,5710640.336839709430933,7.034147746000031,51.530386089000046,1,5211002700000370000