ULAND,UREGBEZ,UKREIS,UGEMEINDE,UJAHR,UMONAT,USTUNDE,UWOCHENTAG,UKATEGORIE,UART,UTYP1,ULICHTVERH,IstRad,IstPKW,IstFuss,IstKrad,IstGkfz,IstSonstige,LINREFX,LINREFY,XGCSWGS84,YGCSWGS84,STRZUSTAND,UIDENTSTLAE
5,5,54,20,2021,12,15,5,3,8,7,0,1,0,0,0,0,0,364340.748999866656959,5786092.861999489367008,7.014577882000026,52.208558597000035,0,5211209705000690000
5,5,13,0,2021,10,8,4,3,6,4,1,0,1,1,0,0,0,364766.303174452856183,5715565.933348989114165,7.048458488000051,51.574920118000080,0,5211027700000170000
5,5,13,0,2021,3,18,7,3,5,3,0,0,1,0,0,0,0,367679.394188261590898,5713285.484722141176462,7.091330106000044,51.555117861000042,1,5210313700200970000
5,5,13,0,2021,10,10,4,3,6,7,0,0,1,1,0,0,0,364330.236466111615300,5718136.438176363706589,7.041176164000035,51.597914768000066,1,5211006700200470000
5,5,54,20,2021,10,7,5,3,0,3,1,1,0,0,0,0,0,365934.097999873571098,5785982.463999509811401,7.037925929000039,52.207956531000036,1,5211007705000660000
5,5,62,14,2021,9,6,2,3,1,7,1,0,1,0,0,0,0,362763.543352760374546,5713107.918408852070570,7.020535010000060,51.552347779000058,0,5210913701300440000
5,5,54,16,2021,5,9,3,3,4,6,0,1,1,0,0,0,0,363501.515339407138526,5757684.120135447010398,7.013671423000062,51.953087581000034,0,5210518705000190000
5,5,54,4,2021,10,16,6,3,0,3,0,1,1,0,0,0,0,364574.943999866023660,5771174.544999489560723,7.023946940000030,52.074569543000052,0,5211008705000290000
5,5,13,0,2021,5,11,2,3,0,7,0,0,1,0,0,0,1,365361.311312456615269,5715965.914491074159741,7.056886329000065,51.578656943000055,0,5210531700000680000
5,5,13,0,2021,12,12,4,3,6,7,0,0,1,1,0,0,0,366703.616865860298276,5709037.232406340539455,7.078871864000064,51.516710761000070,0,5211222700000060000
5,5,54,44,2021,7,8,3,3,5,3,0,0,1,0,0,0,0,365484.195602317340672,5741639.650411345064640,7.048759205000067,51.809396549000041,1,5210706705000380000
5,5,54,20,2021,7,12,3,3,0,5,0,1,1,0,0,0,0,367553.689523480832577,5785586.068770319223404,7.061769146000074,52.204786318000060,1,5210713705000120000
5,5,13,0,2021,12,19,3,3,6,4,2,0,1,1,0,0,0,365381.644153637811542,5715894.896733418107033,7.057206814000040,51.578023603000076,0,5211207700000720000
5,5,13,0,2021,3,22,5,3,5,3,2,0,1,0,0,0,0,366644.266545263119042,5705997.342085743322968,7.079166279000049,51.489378285000043,1,5210318700100460000
5,5,13,0,2021,10,6,5,3,5,3,2,0,1,0,0,0,1,364779.578999865800142,5715783.390999481081963,7.048566237000045,51.576877462000027,0,5211014700000520000
5,5,54,4,2021,4,17,2,3,0,1,0,1,0,0,0,0,0,364497.695196923799813,5772550.116965675726533,7.022274068000058,52.086910814000078,0,5210412705000120000
5,5,54,20,2021,12,7,3,3,6,3,2,0,1,1,0,0,0,366618.472141981124878,5787640.761262098327279,7.047281983000062,52.223023053000077,0,5211207705000260000
5,5,13,0,2021,11,8,5,3,5,3,0,1,1,0,0,0,0,366819.190393447875977,5709119.941991319879889,7.080505303000052,51.517481302000078,0,5211118700000270000
5,5,54,20,2021,5,7,3,2,0,1,0,1,0,0,0,0,0,366783.436479896306992,5786735.098088281229138,7.050052118000053,52.214925217000030,0,5210525705000790000
5,5,13,0,2021,4,16,6,3,4,6,0,1,1,0,0,0,0,362598.889930308796465,5715415.956867314875126,7.017259464000063,51.573048304000054,0,5210416700200560000
5,5,13,0,2021,12,15,6,3,1,5,0,0,1,0,0,0,0,362702.681298810057342,5710299.026117624714971,7.020753356000057,51.527091440000049,1,5211203700000090000
5,5,13,0,2021,9,11,3,2,5,2,0,0,1,0,0,0,0,364613.649106918834150,5717239.159009421244264,7.045611765000046,51.589919697000028,0,5210914700200980000
5,5,13,0,2021,9,19,5,3,5,3,0,0,1,0,0,0,0,362969.320731318555772,5710875.628938753157854,7.024370364000049,51.532337750000067,0,5210902700200090000
5,5,62,20,2021,5,10,2,3,5,3,0,1,1,0,0,0,0,367788.285905502736568,5718340.192548220977187,7.090997064000021,51.600568116000034,1,5210517701200060000
5,5,54,16,2021,12,9,6,2,0,1,0,1,0,0,0,0,0,363490.171938204206526,5757226.446381093934178,7.013688237000054,51.948972312000080,2,5211210705100240000
5,5,13,0,2021,6,13,5,3,3,5,0,0,1,0,0,0,0,366030.668999871239066,5711808.694999497383833,7.068124749000049,51.541457515000047,0,5210603700000660000
5,5,13,0,2021,2,6,5,3,5,3,1,1,1,0,0,0,0,366604.314710563048720,5705369.314092060551047,7.078828449000071,51.483724970000026,0,5210225700000970000
5,5,13,0,2021,6,15,5,3,6,4,0,0,1,1,0,0,0,364961.419391471892595,5719051.899901019409299,7.049931117000028,51.606293107000056,0,5210624700200860000
5,5,54,4,2021,10,12,2,3,5,3,0,1,1,0,0,0,0,363924.291413647122681,5771926.008677046746016,7.014159387000063,52.081162274000064,0,5211018705000020000
5,5,54,20,2021,6,11,3,3,8,1,0,0,0,0,1,0,0,366450.705948863178492,5786254.034991573542356,7.045374663000075,52.210522130000072,0,5210601705000020000
5,5,62,24,2021,10,9,5,3,1,3,0,0,1,0,1,0,0,367290.785932807251811,5724133.874723274260759,7.081622617000050,51.652516004000063,1,5211021701500390000
5,5,13,0,2021,11,13,6,3,5,3,0,1,1,0,0,0,0,366513.533087603747845,5713726.782109605148435,7.074355696000055,51.558808944000077,0,5211112700000670000
5,5,54,20,2021,10,15,4,3,0,1,0,0,0,0,1,0,0,365608.811644105240703,5783654.752741757780313,7.034091682000053,52.186961993000068,0,5211027705000220000
5,5,13,0,2021,12,10,4,3,5,3,0,1,1,0,0,0,0,367374.184473088942468,5709018.051536072045565,7.088537807000023,51.516696219000039,1,5211201700000060000
5,5,13,0,2021,1,13,6,2,9,7,0,0,1,0,0,0,0,366698.483329869806767,5711305.024519609287381,7.077939714000024,51.537089346000073,0,5210115700100170000
5,5,13,0,2021,9,19,1,2,5,3,2,1,1,0,0,0,0,364639.177083972841501,5709369.515350051224232,7.049009010000020,51.519205923000072,0,5210919700100680000
5,5,13,0,2021,3,17,1,2,6,4,0,0,1,1,0,0,0,365673.546878474764526,5708818.639414552599192,7.064118413000074,51.514502367000034,0,5210321700100280000
5,5,13,0,2021,3,15,3,3,5,3,0,1,1,0,0,0,0,364310.056999864056706,5718368.985999476164579,7.040795039000045,51.599999655000033,1,5210316700200610000
5,5,62,24,2021,12,16,3,3,5,3,1,0,1,0,0,0,0,367275.741273866035044,5724055.649355085566640,7.081434959000035,51.651809485000058,0,5211221701500780000
5,5,54,4,2021,10,12,6,3,0,2,0,1,0,0,0,0,0,364220.732324350625277,5771288.407405573874712,7.018736497000020,52.075505914000075,0,5211008705000580000
5,5,54,20,2021,7,7,5,2,0,5,0,1,1,0,0,0,0,365055.582866448909044,5783574.393826151266694,7.026036090000048,52.186104865000061,1,5210701705000020000
5,5,62,24,2021,6,11,1,3,1,7,0,0,1,1,0,0,0,367772.597999881953001,5725219.088999511674047,7.088172808000024,51.662381787000072,0,5210613701500070000
5,5,13,0,2021,11,9,4,3,2,2,0,0,1,0,0,0,0,365341.419251566752791,5710397.841085329651833,7.058731299000044,51.528614845000050,0,5211110700100680000
5,5,54,20,2021,10,12,6,3,7,4,0,0,1,1,0,0,0,365529.554184341803193,5782279.604440944269300,7.033478293000030,52.174586446000035,0,5211001705000390000
5,5,54,20,2021,9,8,6,2,5,2,0,1,1,0,0,0,0,365646.748999872244895,5786693.198999507352710,7.033441143000061,52.214272750000077,0,5210910705000820000
5,5,54,44,2021,6,7,3,3,5,3,0,0,1,0,0,0,1,365116.279999868012965,5741313.283999489620328,7.043552720000037,51.806375171000070,0,5210601705000120000
5,5,13,0,2021,11,18,5,3,5,2,2,1,1,0,0,0,0,363914.146829551085830,5713159.884113948792219,7.037100401000032,51.553093465000075,1,5211125700000480000
5,5,54,44,2021,11,12,5,3,0,7,0,0,1,0,0,0,0,365474.344999870285392,5741285.226999493315816,7.048753979000026,51.806209318000072,0,5211111705000070000
5,5,62,24,2021,5,12,7,3,4,6,0,0,1,0,1,0,0,366486.482930449768901,5724820.053379865363240,7.069741080000028,51.658491829000070,0,5210529701500680000
5,5,54,20,2021,9,10,5,3,4,2,0,0,1,0,0,0,0,367503.108451897278428,5782049.278326751664281,7.062411873000030,52.172994261000042,1,5210916705000870000
5,5,54,20,2021,9,7,6,2,0,1,0,1,0,0,0,0,0,366072.680299023166299,5785803.341261595487595,7.040023663000056,52.206380739000053,1,5210910705000090000
5,5,62,24,2021,2,12,6,3,5,2,0,0,0,0,1,0,1,367313.839112688787282,5724219.329521451145411,7.081923236000023,51.653289381000036,0,5210219701500530000
5,5,54,20,2021,1,18,5,3,1,5,2,1,0,0,0,1,0,364921.581526788882911,5783770.676781106740236,7.023998974000051,52.187835730000074,1,5210128705000590000
5,5,62,20,2021,12,12,6,3,6,4,0,0,1,1,0,0,0,367539.125499153509736,5718578.288666797801852,7.087311674000034,51.602649238000026,0,5211217701200770000
5,5,54,20,2021,12,3,4,3,8,1,2,0,1,0,0,0,0,366037.057999875396490,5785939.818999510258436,7.039448680000021,52.207598385000040,1,5211229705000820000
5,5,13,0,2021,9,13,1,3,5,6,0,1,1,0,0,0,0,366855.806860782206059,5713376.281732503324747,7.079422984000075,51.555740039000057,0,5210905700200590000
5,5,13,0,2021,10,12,4,3,6,7,0,0,1,1,0,0,0,366202.198793335817754,5715688.229994729161263,7.069120411000029,51.576361762000033,1,5211006700200100000
5,5,54,4,2021,11,11,5,3,5,3,0,1,0,0,0,0,0,363829.292136116884649,5770645.884665753692389,7.013284759000044,52.069636449000029,1,5211125705000060000
5,5,13,0,2021,4,14,3,3,2,6,0,0,1,0,0,0,0,366775.251527915708721,5707152.533864581957459,7.080615728000055,51.499790509000036,0,5210420700100060000
5,5,62,24,2021,10,10,5,3,6,7,0,0,1,1,0,0,0,367539.006690049543977,5724171.101402319967747,7.085194509000075,51.652909081000075,1,5211021701500790000
5,5,13,0,2021,1,10,6,3,5,3,0,0,1,0,0,0,0,367660.404982403852046,5713554.582856919616461,7.090955085000076,51.557531696000069,0,5210115700000460000
5,5,62,24,2021,12,12,6,3,5,2,0,0,1,0,0,0,1,367365.397173658944666,5724390.631794419139624,7.082603118000065,51.654840947000082,0,5211231701500880000
5,5,54,20,2021,6,11,3,3,0,1,0,1,0,0,0,0,0,365731.369085480459034,5785688.069021554663777,7.035077585000067,52.205261937000046,0,5210622705000790000
5,5,13,0,2021,4,9,3,2,5,3,0,1,1,0,0,0,0,364565.190140862949193,5716215.616954240947962,7.045307536000053,51.580710136000050,0,5210427700000080000
5,5,54,20,2021,12,12,5,3,0,3,0,1,1,0,0,0,0,364658.921084268949926,5786503.175508078187704,7.019067393000057,52.212323595000043,1,5211230705000650000
5,5,13,0,2021,7,10,5,3,0,7,0,0,0,0,1,0,0,367424.801409263163805,5713160.449974766001105,7.087707044000069,51.553934446000028,1,5210701700200480000
5,5,13,0,2021,12,16,5,2,6,4,1,0,1,1,0,0,0,364373.678252820856869,5715385.564803449437022,7.042865754000047,51.573204939000050,0,5211209700000980000
5,5,54,4,2021,3,0,7,3,0,1,2,1,0,0,0,0,0,364078.790264014154673,5771245.052144080400467,7.016683919000059,52.075081526000076,0,5210320705000660000
5,5,13,0,2021,12,6,2,3,5,3,2,1,1,0,0,0,0,364498.114999863319099,5708559.344999477267265,7.047288566000020,51.511891525000067,1,5211213700000090000
5,5,62,12,2021,9,14,6,3,6,4,0,0,1,1,0,0,0,364669.953071939758956,5732511.768772197887301,7.040511646000027,51.727176506000035,0,5210910701620380000
5,5,13,0,2021,6,16,3,2,2,6,0,0,1,0,0,0,0,365055.887956339865923,5708771.368264760822058,7.055240456000035,51.513930369000036,0,5210629700100830000
5,5,13,0,2021,12,15,2,3,6,4,0,0,1,1,0,0,0,363801.060999860987067,5713475.337999474257231,7.035348118000059,51.555900957000063,0,5211220700000280000
5,5,54,20,2021,7,12,1,3,2,6,0,0,1,0,0,0,0,366851.944315428845584,5786738.706802811473608,7.051052848000040,52.214974202000064,0,5210711705000920000
5,5,54,44,2021,10,10,3,3,0,1,0,0,0,0,1,0,0,368342.822999883443117,5744499.378999523818493,7.089113031000068,51.835775257000080,0,5211019705000020000
5,5,13,0,2021,5,18,1,3,3,6,0,1,0,0,0,0,0,365336.764814434573054,5710829.611766207963228,7.058499141000027,51.532493849000048,0,5210530700100160000
5,5,13,0,2021,10,19,4,3,2,6,2,0,1,0,0,0,0,366668.143212120048702,5707802.047581693157554,7.078828028000032,51.505602216000057,0,5211013700100080000
5,5,54,20,2021,5,19,3,3,5,3,0,1,1,0,0,0,0,365589.899454672820866,5786220.826938470825553,7.032797118000076,52.210014467000065,1,5210518705000590000
5,5,13,0,2021,6,13,3,3,4,6,0,1,0,0,0,1,0,364357.873762379400432,5714976.731178335845470,7.042795670000032,51.569527208000068,0,5210608700000890000
5,5,62,14,2021,6,17,4,3,3,6,0,1,1,0,0,0,0,362323.450895469635725,5712818.774489387869835,7.014304489000040,51.549642241000072,0,5210602701300050000
5,5,54,20,2021,9,9,1,3,4,1,0,1,1,0,0,0,0,367895.184592826291919,5785131.064111227169633,7.066941001000032,52.200779814000043,0,5210912705000020000
5,5,13,0,2021,9,15,5,3,1,5,0,0,1,0,1,0,0,362541.414144157432020,5711265.014546185731888,7.018053005000070,51.535732866000046,0,5210930700200660000
5,5,13,0,2021,9,21,5,3,0,7,2,0,0,0,0,0,1,365316.384258529171348,5715775.038365971297026,7.056311538000045,51.576930915000048,1,5210909700200290000
5,5,13,0,2021,3,19,5,3,4,6,2,0,1,0,0,0,0,365841.168138376437128,5719540.089394249022007,7.062440756000058,51.610890465000068,1,5210311700200070000
5,5,54,20,2021,11,11,2,3,0,3,0,1,1,0,0,0,0,366567.509745812043548,5786727.616913516074419,7.046896443000037,52.214805749000050,0,5211108705000090000
5,5,13,0,2021,12,19,1,3,4,6,2,0,1,0,0,0,0,366099.956319010816514,5711143.804732415825129,7.069376195000075,51.535498881000080,1,5211205700000180000
5,5,54,20,2021,4,16,4,3,5,3,0,1,1,0,0,0,0,366120.628999874927104,5784932.193999510258436,7.041069272000072,52.198564792000070,0,5210428705000370000
5,5,54,44,2021,4,18,1,3,0,1,0,1,0,0,0,0,0,364687.404999866150320,5739172.614999486133456,7.038171197000054,51.787035504000073,0,5210425705000010000
5,5,13,0,2021,4,14,5,3,5,3,0,1,1,0,0,0,0,365672.957878882065415,5715992.157414721325040,7.061371219000023,51.578967128000045,0,5210422700200770000
5,5,54,44,2021,3,14,7,3,5,3,0,0,1,0,0,0,0,365754.902999870479107,5743827.837999498471618,7.051835379000067,51.829124754000077,1,5210313705000580000
5,5,13,0,2021,10,6,3,3,8,1,2,0,1,0,0,0,0,362278.812021620571613,5710603.086782239377499,7.014528004000056,51.529720600000076,0,5211005700200880000
5,5,62,20,2021,9,15,4,3,1,5,0,1,1,0,0,0,0,366755.118023352697492,5719664.766871212050319,7.075584837000065,51.612227916000052,0,5210922701200190000
5,5,54,20,2021,11,14,3,3,5,3,0,1,1,0,0,0,0,366557.240833853371441,5786711.502760775387287,7.046752581000021,52.214658470000074,1,5211130705000520000
5,5,54,4,2021,3,17,3,3,5,3,0,1,1,0,0,0,0,363900.608042967505753,5771971.638536002486944,7.013795779000077,52.081566456000076,0,5210330705000520000
5,5,62,24,2021,9,13,7,3,6,4,0,0,1,1,0,0,0,367381.313073272816837,5724386.060960890725255,7.082834797000032,51.654803627000035,0,5210911701500640000
5,5,54,20,2021,10,6,2,3,5,3,2,1,1,0,0,0,0,366547.566866458393633,5786726.078935245051980,7.046605322000062,52.214787099000034,0,5211011705000020000
5,5,13,0,2021,5,4,3,3,5,2,2,0,1,0,0,0,0,363416.008472148329020,5717026.447745090350509,7.028416805000063,51.587719172000050,1,5210504700200440000
5,5,13,0,2021,1,18,7,3,5,3,2,1,1,0,0,0,0,365261.778637622483075,5716796.630111647769809,7.055131981000045,51.586098316000061,0,5210102700000820000
5,5,54,20,2021,10,15,2,3,5,3,0,1,1,0,0,0,0,366357.377999874763191,5782845.202999511733651,7.045354051000061,52.179869720000056,0,5211018705000620000
5,5,13,0,2021,2,12,1,3,0,5,0,1,1,0,0,0,0,363104.703659479506314,5710837.242624619975686,7.026335913000025,51.532025640000029,0,5210228700200340000
5,5,13,0,2021,2,22,7,2,6,7,2,0,1,1,0,0,0,364954.342052762396634,5717069.533725202083588,7.050592082000037,51.588477141000055,0,5210227700200320000
5,5,13,0,2021,6,22,7,2,0,7,1,1,0,0,0,0,0,366254.575606450438499,5711237.785798300057650,7.071568496000054,51.536380102000066,0,5210626700100370000
5,5,13,0,2021,2,11,7,3,6,4,0,0,0,1,1,0,0,362895.022785216569901,5710084.040718024596572,7.023608006000075,51.525206241000035,0,5210220700000570000
5,5,13,0,2021,7,19,5,3,2,7,0,0,1,0,1,0,0,365985.074243801645935,5709133.562210902571678,7.068485586000065,51.517406433000076,1,5210701700100170000
5,5,54,20,2021,12,9,3,3,0,3,0,1,0,0,0,0,0,366318.010999875143170,5786092.939999509602785,7.043497378000040,52.209042455000031,2,5211207705000180000
5,5,54,20,2021,6,13,2,3,0,6,0,1,0,0,1,0,0,364740.827415564097464,5783862.445652894675732,7.021319894000044,52.188616002000060,0,5210628705000290000
5,5,13,0,2021,4,11,3,3,5,3,0,0,1,0,0,0,1,364984.013899312354624,5715979.054194934666157,7.051439483000024,51.578684773000077,1,5210406700200120000
5,5,13,0,2021,2,16,2,3,0,2,0,0,1,0,0,0,0,367254.300386831164360,5709590.360858330503106,7.086595437000028,51.521811221000064,0,5210201700100560000
5,5,13,0,2021,5,0,1,3,0,7,2,0,0,0,0,0,1,367522.343232065439224,5713830.614492263644934,7.088860683000064,51.559979883000040,1,5210523700200560000
5,5,13,0,2021,9,8,6,3,5,3,0,0,0,0,0,0,1,363711.638813902623951,5715358.405679900199175,7.033328878000020,51.572801226000081,0,5210903700200180000
5,5,62,12,2021,6,21,6,3,5,3,2,0,1,0,0,0,0,362966.862466119229794,5730977.089136894792318,7.016471600000045,51.712972237000031,1,5210604701620210000
5,5,54,20,2021,9,15,4,3,0,7,0,1,0,0,0,0,0,366736.219142890535295,5787314.899865154176950,7.049133083000072,52.220123556000033,0,5210908705000190000
5,5,13,0,2021,4,11,6,3,1,5,0,0,1,0,1,0,0,367144.562101585790515,5710722.524861579760909,7.084587599000031,51.531959790000030,0,5210423700100050000
5,5,54,20,2021,9,13,3,3,0,1,0,1,0,0,0,0,0,366542.764597989618778,5786236.111856600269675,7.046728249000068,52.210383385000057,0,5210928705000220000
5,5,54,20,2021,1,15,7,3,0,1,0,1,0,0,0,0,0,366072.997624082490802,5785799.798084100708365,7.040029705000052,52.206348979000040,0,5210123705000920000
5,5,54,20,2021,1,9,2,3,1,5,0,0,1,0,0,0,0,365821.433917338028550,5786654.074167694896460,7.036011927000061,52.213963765000074,1,5210104705000060000
5,5,62,24,2021,5,18,7,3,0,1,0,1,0,0,0,0,0,366786.760503231547773,5725357.623913835734129,7.073874789000058,51.663393899000027,0,5210529701500080000
5,5,54,20,2021,7,19,3,3,5,3,0,1,1,0,0,0,0,364897.533594013191760,5786718.748552588745952,7.022471568000071,52.214319130000035,0,5210713705000820000
5,5,54,20,2021,7,12,4,3,0,1,0,1,0,1,0,0,0,366286.230161918327212,5787360.779375748708844,7.042531659000076,52.220426763000034,0,5210707705000080000
5,5,13,0,2021,10,8,6,3,5,3,0,0,1,0,1,0,0,365369.092999868094921,5717483.230999488383532,7.056416674000047,51.592294044000027,0,5211008700200430000
5,5,13,0,2021,6,7,4,3,0,3,0,1,0,0,0,0,1,366976.152087917551398,5708880.144864577800035,7.082856684000035,51.515363310000055,0,5210616700100860000
5,5,13,0,2021,6,13,3,3,4,2,0,0,1,0,0,0,1,364654.061734759248793,5716663.526107491925359,7.046416734000047,51.584756561000063,0,5210601700000860000
5,5,13,0,2021,10,11,7,3,1,6,0,0,1,0,0,0,1,366817.137719620019197,5712735.917042771354318,7.079108010000027,51.549976218000040,1,5211030700000160000
5,5,54,16,2021,6,1,1,3,6,6,2,0,1,1,0,0,0,363450.928529360331595,5750918.718558983877301,7.015619160000028,51.892283479000071,1,5210620705000390000
5,5,13,0,2021,3,15,6,3,6,4,0,0,1,1,0,0,0,367033.630134933628142,5712381.149729227647185,7.082362673000034,51.546839121000062,0,5210319700200510000
5,5,62,24,2021,11,17,3,3,1,5,2,0,1,0,1,0,0,365183.829325494356453,5721365.099191568791866,7.052250963000063,51.627133618000073,0,5211123701500180000
5,5,13,0,2021,3,17,3,3,5,3,0,0,1,0,0,0,0,366562.520852339453995,5712130.780567545443773,7.075667412000030,51.544477955000048,0,5210302700000080000
5,5,54,20,2021,7,11,5,3,5,3,0,1,1,0,0,0,0,364673.745526419021189,5786501.982385434210300,7.019284709000033,52.212316515000055,1,5210701705000260000
5,5,62,24,2021,1,12,6,3,8,1,0,1,0,0,0,0,0,367974.907999882474542,5723785.780999511480331,7.091637423000066,51.649548938000066,0,5210115701500870000
5,5,13,0,2021,4,12,7,3,2,2,0,0,1,0,0,0,1,366720.892937935888767,5707599.557852920144796,7.079664155000046,51.503794951000032,0,5210403700100030000
5,5,13,0,2021,6,13,4,3,5,3,0,1,1,0,0,0,0,367438.734772057272494,5709399.920731166377664,7.089323939000053,51.520143112000028,0,5210616700100760000
5,5,13,0,2021,12,10,5,3,6,2,0,0,1,1,0,0,0,367220.271115824580193,5709569.421659275889397,7.086113123000075,51.521615049000047,1,5211209700000580000
5,5,13,0,2021,10,14,2,3,6,7,0,0,1,1,0,0,0,366245.119268065318465,5708290.972687169909477,7.072550952000029,51.509896040000058,1,5211011700100870000
5,5,54,20,2021,3,8,3,3,5,3,0,1,1,0,0,0,0,366273.888987729325891,5787389.874567823484540,7.042339609000067,52.220685198000069,0,5210302705000960000
5,5,13,0,2021,4,19,5,3,5,3,0,1,1,0,0,0,0,364507.074007004499435,5715336.243270810693502,7.044808516000046,51.572793792000027,0,5210408700200230000
5,5,13,0,2021,6,11,2,3,1,5,0,1,1,0,0,0,0,364779.794912200421095,5717476.417777903378010,7.047917270000028,51.592091689000029,0,5210621700200080000
5,5,54,20,2021,1,17,4,2,5,3,2,0,1,0,0,0,1,364808.675910490565002,5786428.551187600940466,7.021287679000068,52.211689836000062,1,5210106705000470000
5,5,62,24,2021,1,17,2,3,6,4,2,0,1,1,0,0,0,367961.679689322598279,5724398.391199138015509,7.091215023000075,51.655051053000079,0,5210118701500350000
5,5,13,0,2021,9,15,5,2,0,7,0,1,0,0,0,0,0,364096.915066994726658,5712552.876264818012714,7.039969496000026,51.547682716000054,0,5210923700200570000
5,5,54,20,2021,10,16,6,3,0,6,0,1,1,0,0,0,0,366995.865674748085439,5784208.769488766789436,7.054151724000064,52.192276326000069,0,5211008705000300000
5,5,13,0,2021,3,8,6,3,6,4,0,1,0,1,0,0,0,366391.365738990716636,5708809.080715311691165,7.074460773000055,51.514586683000061,0,5210312700100100000
5,5,13,0,2021,5,12,5,2,5,3,0,0,1,0,0,0,0,366744.661783427000046,5707259.436057511717081,7.080134905000023,51.500743993000071,0,5210520700100710000
5,5,54,20,2021,11,15,6,3,4,7,0,1,0,0,0,0,0,366882.481999877840281,5785705.217999517917633,7.051905936000026,52.205695236000054,0,5211112705000780000
5,5,54,44,2021,6,8,4,3,4,2,0,0,1,0,0,0,0,365283.884999868460000,5744164.639999492093921,7.044873162000044,51.832037865000075,0,5210609705000490000
5,5,13,0,2021,1,7,2,3,0,7,2,1,0,1,0,0,0,363942.129273856058717,5713520.742742974311113,7.037364157000070,51.556343021000032,1,5210111700200120000
5,5,13,0,2021,6,15,6,3,2,6,0,0,1,0,0,0,0,365411.863071240484715,5710461.159453988075256,7.059722011000076,51.529200652000043,0,5210604700100670000
5,5,13,0,2021,11,15,5,3,6,7,0,0,1,1,0,0,0,367294.201662998646498,5711274.284544590860605,7.086535735000041,51.536953457000038,0,5211111700000170000
5,5,13,0,2021,3,18,3,3,6,4,0,0,1,1,0,0,0,365917.297298675402999,5709252.451499350368977,7.067464104000067,51.518458758000065,0,5210323700100690000
5,5,13,0,2021,9,7,4,3,5,3,0,1,1,0,0,0,0,367169.451999876648188,5710821.073999501764774,7.084909053000047,51.532851273000063,0,5210908700100870000
5,5,13,0,2021,10,0,1,3,8,1,2,0,1,0,0,0,1,367470.021569825708866,5709534.448349948972464,7.089724025000066,51.521359412000038,1,5211031700000280000
5,5,13,0,2021,5,16,2,3,6,4,0,0,1,1,0,0,0,367234.459281810559332,5706914.023462019860744,7.087317367000026,51.497755129000041,0,5210503700100180000
5,5,54,20,2021,6,23,5,3,3,6,2,1,0,0,0,0,0,365766.806013030000031,5782956.674901567399502,7.036677754000038,52.180727963000038,0,5210610705000410000
5,5,13,0,2021,4,9,3,3,6,7,0,0,1,1,0,0,0,364761.715667561627924,5715554.052698662504554,7.048396902000036,51.574812253000061,0,5210420700200970000
5,5,13,0,2021,9,17,2,3,0,1,0,0,0,0,0,0,1,362750.740962682291865,5711640.753092108294368,7.020922754000026,51.539160297000080,0,5210920700200780000
5,5,54,20,2021,6,12,2,3,2,6,0,0,1,0,1,0,0,365282.073872355744243,5784259.358535718172789,7.029074837000053,52.192314875000079,0,5210614705000090000
5,5,13,0,2021,6,11,3,3,1,5,0,1,1,0,0,0,0,365527.368549603968859,5715624.910440476611257,7.059411955000030,51.575632168000027,0,5210615700000570000
5,5,54,20,2021,7,15,1,3,0,1,0,1,0,0,0,0,0,366744.502999877557158,5786733.578999515622854,7.049483187000021,52.214902153000082,0,5210711705000090000
5,5,62,24,2021,12,15,5,3,6,4,0,0,1,1,0,0,0,367604.346847758628428,5724604.238593263551593,7.085974466000039,51.656816847000073,0,5211223701500680000
5,5,13,0,2021,6,11,3,2,0,7,0,0,0,0,1,0,0,364653.389079050160944,5714024.956364933401346,7.047423563000052,51.561045192000051,0,5210608700000370000
5,5,13,0,2021,1,9,4,3,5,2,0,0,1,0,0,0,0,366399.919301083311439,5711969.967608384788036,7.073384976000057,51.542994328000077,1,5210127700200360000
5,5,54,20,2021,4,16,1,3,0,3,0,1,1,0,0,0,0,366389.264999874867499,5787433.416999513283372,7.044010374000038,52.221104439000044,0,5210404705000180000
5,5,13,0,2021,6,16,3,3,5,3,0,1,1,0,0,0,0,365727.926020576618612,5715233.925223479047418,7.062453881000067,51.572166398000036,0,5210615700200760000
5,5,54,4,2021,6,10,2,3,4,1,0,1,0,0,0,0,0,364014.818999865092337,5771220.175999486818910,7.015760991000036,52.074842298000078,0,5210628705000040000
5,5,13,0,2021,9,12,5,3,6,7,0,0,1,1,0,0,0,367051.454999877139926,5715134.072999505326152,7.081578609000076,51.571582726000031,0,5210923700000190000
5,5,54,20,2021,12,17,1,3,1,7,2,0,1,0,0,0,0,367021.578794531524181,5785971.390807766467333,7.053835730000060,52.208120494000070,1,5211212705000520000
5,5,62,20,2021,6,23,4,2,1,7,2,0,1,0,0,0,0,366896.141162326559424,5718742.338707175105810,7.077970554000046,51.603971877000049,0,5210609701200480000
5,5,13,0,2021,12,7,5,3,6,4,0,0,1,1,0,0,0,364600.030488949269056,5715827.163715006783605,7.045959829000026,51.577227722000032,0,5211216700000240000
5,5,62,12,2021,5,17,7,3,5,3,0,0,1,0,0,0,0,363090.684987145476043,5730567.711607757955790,7.018423568000060,51.709323796000035,1,5210515701620780000
5,5,54,20,2021,5,14,4,3,0,7,0,0,0,0,1,0,0,365989.467948944307864,5786289.786506123840809,7.038614117000066,52.210731402000079,0,5210505705000180000
5,5,54,44,2021,6,13,5,3,5,3,0,1,1,0,0,0,0,365551.719999870285392,5741060.003999497741461,7.049962934000064,51.804204065000079,0,5210610705000040000
5,5,54,20,2021,11,13,2,3,1,7,0,0,1,0,0,0,0,364885.179561523720622,5786348.718612395226955,7.022438557000044,52.210991281000076,0,5211129705000720000
5,5,54,44,2021,6,9,7,3,1,7,0,1,1,0,0,0,0,365010.404232556000352,5741027.248870693147182,7.042129384000020,51.803779306000081,0,5210626705000290000