ULAND,UREGBEZ,UKREIS,UGEMEINDE,UJAHR,UMONAT,USTUNDE,UWOCHENTAG,UKATEGORIE,UART,UTYP1,ULICHTVERH,IstRad,IstPKW,IstFuss,IstKrad,IstGkfz,IstSonstige,LINREFX,LINREFY,XGCSWGS84,YGCSWGS84,STRZUSTAND,UIDENTSTLAE
5,5,62,8,2021,4,15,7,3,6,6,0,0,0,1,0,0,1,381585.759999929927289,5720883.720999594777822,7.289258053000026,51.626498227000070,0,5210424701910440000
5,5,62,36,2021,12,9,5,3,0,1,0,1,0,0,0,0,0,389100.325913703069091,5720032.834970857948065,7.398043856000072,51.620381718000033,2,5211209701930770000
5,5,62,32,2021,9,15,4,3,9,7,0,0,1,0,0,0,0,376705.918161273933947,5719845.016068022698164,7.219160026000054,51.616115116000060,1,5210929701110880000
5,5,62,8,2021,2,12,2,3,6,6,0,0,1,1,0,0,0,385754.905561958439648,5724576.473487859591842,7.348256840000033,51.660549776000039,2,5210208701910740000
5,5,58,36,2021,6,14,1,3,0,7,0,1,1,0,0,0,0,387685.409091426990926,5729914.458057245239615,7.374437956000065,51.708915771000079,0,5210613706000360000
5,5,62,8,2021,3,6,2,3,5,2,0,1,1,0,0,0,0,384504.359092875383794,5723767.817058265209198,7.330451952000033,51.653026239000042,0,5210315701910750000
5,5,58,16,2021,10,7,5,3,5,2,1,0,1,0,0,0,0,378643.310126062482595,5745205.625768821686506,7.238288167000064,51.844455489000040,0,5211028706100550000
5,5,62,4,2021,2,11,5,3,0,1,0,1,0,0,0,0,0,384922.765683408826590,5716403.510624643415213,7.338916428000061,51.586923463000062,0,5210225701800240000
5,5,66,96,2021,5,16,7,2,0,7,0,1,0,0,0,0,0,385576.592777241021395,5785832.922262221574783,7.325302777000047,52.211041133000037,1,5210515709300470000
5,5,62,4,2021,1,19,2,3,5,3,2,0,1,0,0,0,0,381787.942431778647006,5713137.562682870775461,7.294787006000035,51.556921409000040,1,5210118701800360000
5,5,66,68,2021,4,16,1,3,0,3,0,1,1,0,0,0,0,378015.515899819321930,5785854.655267791822553,7.214687683000022,52.209614604000080,0,5210418709300780000
5,5,62,32,2021,11,13,3,3,1,5,0,1,1,0,0,0,0,374638.691523718647659,5719359.746391072869301,7.189490832000047,51.611297386000047,0,5211109701110870000
5,5,58,36,2021,6,12,6,2,0,7,0,1,0,0,0,0,1,388114.408396229147911,5729896.267237884923816,7.380650150000065,51.708837995000067,0,5210625706300470000
5,5,66,84,2021,4,16,3,3,0,3,0,1,1,0,0,0,0,385932.635976135730743,5778389.194696431979537,7.333014789000060,52.144219124000074,0,5210427709300120000
5,5,58,24,2021,5,19,5,3,0,7,0,0,1,0,0,0,0,389065.551262801513076,5735400.430982338264585,7.392656062000071,51.758497364000050,0,5210513706300250000
5,5,62,4,2021,9,17,6,3,3,6,0,1,0,1,0,0,0,379443.107620504684746,5715121.115108121186495,7.260298888000023,51.574252284000067,0,5210917701800180000
5,5,66,68,2021,4,15,3,3,5,3,0,0,1,0,0,0,1,376359.910042298026383,5785087.224588388577104,7.190750162000029,52.202349399000070,0,5210413709300270000
5,5,66,60,2021,3,7,4,2,2,6,0,0,1,0,1,0,0,389377.393609201535583,5788210.717279035598040,7.380129134000072,52.233186550000028,0,5210324709500570000
5,5,58,12,2021,2,14,1,3,0,7,0,1,0,0,0,0,1,376222.190531568601727,5755017.926332626491785,7.199638809000021,51.932104170000059,0,5210228706200470000
5,5,66,60,2021,5,19,1,2,5,3,0,0,1,0,1,0,0,388244.499645041301847,5788270.485682545229793,7.363527461000047,52.233494914000062,0,5210502709500060000
5,5,62,32,2021,6,11,4,3,5,3,0,1,1,0,0,0,0,377126.174709845334291,5715719.819973815232515,7.226671916000043,51.579132786000059,0,5210616701120450000
5,5,66,84,2021,2,16,5,3,0,3,0,0,1,0,0,0,1,386820.142716356553137,5779433.714192524552345,7.345631009000044,52.153788760000054,0,5210225709300420000
5,5,66,68,2021,2,16,3,3,5,3,0,1,1,0,0,0,0,376349.799755923449993,5785991.877060053870082,7.190271948000031,52.210476478000032,0,5210223709300680000
5,5,58,36,2021,9,16,5,3,0,7,0,1,0,0,0,0,1,388773.507945435121655,5729493.188675759360194,7.390314017000037,51.705346239000050,0,5210923706000160000
5,5,58,16,2021,5,19,6,3,9,1,0,0,1,0,0,0,0,381259.259214067831635,5745236.254142528399825,7.276234126000077,51.845293219000041,0,5210521706100960000
5,5,62,4,2021,12,8,6,3,4,6,0,0,1,0,0,0,0,384587.251727806404233,5715737.497471369802952,7.334294594000028,51.580868852000037,2,5211210701800970000
5,5,62,4,2021,10,10,2,3,5,3,0,0,1,0,0,0,0,382652.600077465176582,5716514.338809322565794,7.306125915000052,51.587451352000073,0,5211011701800990000
5,5,62,32,2021,6,11,7,3,5,3,0,1,1,0,0,0,0,380246.179046911187470,5719085.936933137476444,7.270528889000047,51.610057243000028,0,5210619701110660000
5,5,62,32,2021,7,16,2,3,0,1,0,1,0,0,0,0,0,375717.196606738492846,5714004.308817647397518,7.206954902000064,51.563406212000075,1,5210712701120680000
5,5,62,32,2021,11,17,2,3,5,2,2,1,1,0,0,0,0,377668.875329613685608,5716564.256045538932085,7.234205996000071,51.586840056000028,1,5211108701120570000
5,5,62,4,2021,12,18,5,2,6,7,2,0,1,1,0,0,0,383196.032041880302131,5716217.944109467789531,7.314065150000033,51.584900359000073,1,5211230701800760000
5,5,62,32,2021,12,14,4,3,4,5,0,1,0,0,0,0,1,375995.967984076589346,5716713.891623167321086,7.210018079000065,51.587819199000080,0,5211208701110380000
5,5,58,16,2021,5,17,7,3,0,6,0,1,0,0,0,0,0,381391.554100859910250,5744180.000484732910991,7.278515908000031,51.835828639000056,0,5210529706100920000
5,5,62,4,2021,2,7,3,3,5,3,1,0,1,0,0,1,0,384221.159546195529401,5710679.038288213312626,7.330679054000029,51.535329273000059,1,5210202701800260000
5,5,66,24,2021,6,15,4,3,5,3,0,0,1,0,1,0,0,383871.858999938704073,5771396.798999624326825,7.305297646000042,52.080950155000039,0,5210616709300120000
5,5,66,84,2021,10,13,6,3,0,7,0,1,0,0,0,0,0,386351.115200645290315,5778067.353041773661971,7.339235296000027,52.141413005000061,0,5211001709300880000
5,5,62,32,2021,6,14,3,3,6,7,0,0,1,1,0,0,1,375872.091174426488578,5714653.069888086989522,7.208959269000047,51.569270890000041,0,5210629701120040000
5,5,58,36,2021,7,19,6,3,0,7,0,1,1,0,0,0,0,387376.733805645257235,5730631.549395537003875,7.369740603000025,51.715298936000067,0,5210709706000480000
5,5,58,8,2021,10,6,3,3,8,1,1,0,1,0,0,0,1,381824.539379497058690,5759398.007373571395874,7.279578759000060,51.972685578000039,0,5211005706000650000
5,5,62,16,2021,5,10,5,2,0,7,0,1,0,0,0,0,0,375423.765840366482735,5734685.288299977779388,7.195354648000034,51.749202285000081,0,5210520701700620000
5,5,62,28,2021,10,13,1,2,5,3,0,0,1,0,0,0,0,378830.314999923110008,5723083.365999583154917,7.248708204000025,51.645680527000081,1,5211003701920360000
5,5,58,16,2021,4,16,6,3,1,5,0,1,1,0,0,0,0,380621.085799607448280,5742882.001921610906720,7.267786517000047,51.823999234000041,0,5210430706100380000
5,5,58,32,2021,1,10,5,3,5,3,0,0,1,0,0,0,0,387966.617683912627399,5753842.068659381940961,7.370766984000056,51.924024255000063,1,5210121706000570000
5,5,62,8,2021,12,16,6,3,0,7,1,0,1,0,0,0,0,383988.936999937519431,5721457.888999601826072,7.323770587000070,51.632159272000081,0,5211217701910770000
5,5,62,32,2021,3,21,2,2,9,1,2,0,1,0,0,0,0,374872.074009954929352,5715315.324671154841781,7.194301839000047,51.575001636000081,0,5210301701120090000
5,5,62,8,2021,7,10,6,2,5,3,0,1,1,0,0,0,0,385418.688591580837965,5723392.960358422249556,7.343785897000032,51.649844235000046,0,5210702701910640000
5,5,62,32,2021,11,16,6,3,0,1,1,0,0,0,1,0,0,380662.065233455039561,5718483.316973615437746,7.276737258000026,51.604729507000059,1,5211119701110560000
5,5,62,32,2021,2,15,3,3,6,4,0,0,1,1,0,0,0,375290.610899847000837,5719536.107188699766994,7.198838295000030,51.613027143000068,1,5210216701110830000
5,5,62,4,2021,11,13,3,3,5,3,0,1,1,0,0,0,0,382680.686999933794141,5712216.764999594539404,7.307965962000026,51.548831918000076,0,5211102701800180000
5,5,58,16,2021,3,8,5,3,3,6,0,1,0,0,0,0,0,380857.874635596759617,5744255.875796768814325,7.270747751000044,51.836396947000026,1,5210304706000480000
5,5,66,96,2021,9,10,3,3,5,3,0,1,1,0,0,0,0,385387.711895427666605,5785702.852467212826014,7.322583642000041,52.209832972000072,0,5210907709300480000
5,5,62,4,2021,9,14,6,3,0,1,0,0,0,0,1,0,0,382102.354999933391809,5713181.288999591022730,7.299305604000040,51.557380209000030,1,5210910701800130000
5,5,66,36,2021,9,10,5,3,5,3,0,1,0,0,0,0,0,387694.553950667381287,5767877.331454776227474,7.362216347000071,52.050108730000034,0,5210909709300080000
5,5,62,4,2021,5,8,2,3,8,1,0,0,1,0,0,0,0,383785.394205735065043,5712874.923796312883496,7.323673730000053,51.554975929000079,0,5210503701800170000
5,5,58,16,2021,12,9,6,3,0,1,0,1,0,0,0,0,0,382221.062999933958054,5742625.553999602794647,7.291078538000022,51.822034037000037,2,5211210706000360000
5,5,62,28,2021,11,18,6,3,1,5,2,1,1,0,0,0,0,379407.403451609425247,5722926.300250349566340,7.257098964000022,51.644392982000056,0,5211105701920480000
5,5,62,32,2021,4,15,6,3,5,3,0,1,1,0,0,0,0,376241.202541740611196,5714103.712864492088556,7.214475848000063,51.564414817000056,0,5210423701120080000
5,5,66,68,2021,1,21,6,3,5,3,2,1,1,0,0,0,0,376344.114996268413961,5786001.582213357090950,7.190185247000045,52.210562415000027,0,5210115709300310000
5,5,62,32,2021,10,10,2,3,2,6,0,0,1,0,0,0,1,378805.758690486662090,5717884.636924704536796,7.250152074000027,51.598952500000053,0,5211004701110060000
5,5,66,60,2021,12,18,6,3,0,1,2,1,0,0,0,0,0,389334.772306513041258,5789434.018783666193485,7.379104730000051,52.244171787000028,0,5211231709500530000
5,5,62,32,2021,4,11,4,3,6,6,0,0,1,0,0,0,1,375267.817001378163695,5715731.668011659756303,7.199861836000025,51.578831086000037,0,5210428701120720000
5,5,62,4,2021,11,16,4,2,1,5,0,0,1,0,1,0,0,382953.535446918569505,5712207.906016863882542,7.311902217000068,51.548808962000066,1,5211103701800760000
5,5,62,32,2021,3,17,3,2,5,3,0,1,1,0,0,0,0,376642.333697949536145,5714525.758097143843770,7.220111996000071,51.568295744000068,0,5210302701120300000
5,5,62,4,2021,6,16,6,3,1,5,0,0,1,0,1,0,0,385746.032958392985165,5715949.224773557856679,7.350942422000060,51.583007933000033,0,5210604701800370000
5,5,62,32,2021,2,5,5,3,5,3,2,1,1,0,0,0,0,378207.760522270575166,5717258.723962910473347,7.241739605000021,51.593198217000065,0,5210225701120580000
5,5,62,8,2021,3,14,6,3,2,6,0,1,1,0,0,0,0,385299.245479318313301,5723912.593506071716547,7.341889745000060,51.654490199000065,0,5210319701910760000
5,5,62,8,2021,12,15,5,3,0,7,0,0,0,0,0,0,1,384050.162797616794705,5721770.845856092870235,7.324551166000049,51.634984648000056,0,5211209701910240000
5,5,62,4,2021,1,15,6,2,1,5,0,0,1,0,0,1,0,386197.496924913488328,5717302.139624712988734,7.357016945000055,51.595259133000070,1,5210115701800850000
5,5,58,24,2021,10,7,2,3,0,1,0,0,0,0,1,0,0,389474.378811243921518,5735965.899362636730075,7.398397262000060,51.763660519000041,0,5211025706300100000
5,5,62,8,2021,11,7,6,3,4,5,2,1,1,0,0,0,0,385160.027894231490791,5722961.148905200883746,7.340190550000045,51.645910458000060,0,5211126701910060000
5,5,62,32,2021,9,11,2,2,7,7,0,1,0,0,0,0,0,374801.709121795371175,5720632.583533843979239,7.191389151000067,51.622772731000055,0,5210913701110470000
5,5,66,84,2021,6,20,7,3,5,3,0,0,1,0,0,0,0,389331.305999950505793,5776091.633999641984701,7.383409122000046,52.124261951000051,0,5210612709300140000
5,5,62,8,2021,2,13,1,2,0,7,0,1,0,1,0,0,0,384672.069906339049339,5722004.282441481947899,7.333456562000038,51.637210558000049,0,5210221701910410000
5,5,62,32,2021,4,15,5,3,6,7,0,0,1,1,0,0,0,375202.376748749054968,5719546.071485145017505,7.197561071000052,51.613097140000036,0,5210429701110440000
5,5,62,4,2021,4,16,6,2,5,3,0,0,1,0,0,0,0,382795.806771119125187,5716906.356884697452188,7.308061177000070,51.591004486000031,0,5210430701800440000
5,5,66,68,2021,3,17,5,2,8,7,0,1,0,0,0,0,0,377778.454235334880650,5785198.270307516679168,7.211456904000045,52.203663636000044,0,5210325709300760000
5,5,66,84,2021,6,9,4,2,5,3,0,0,1,0,0,0,1,386931.591999946162105,5779380.477999638766050,7.347277070000075,52.153333160000045,0,5210609709300410000
5,5,58,16,2021,10,16,4,3,0,1,0,1,0,1,0,0,0,381418.865092094056308,5743890.720462778583169,7.279011243000070,51.833234634000064,1,5211006706000780000
5,5,58,36,2021,6,7,3,3,3,3,0,1,1,0,0,0,0,387625.787204652093351,5729915.932677483186126,7.373574930000075,51.708917086000042,0,5210615706000690000
5,5,66,68,2021,11,15,4,3,4,1,0,0,1,0,1,1,1,378185.407739565707743,5785248.601673711091280,7.217390873000056,52.204206013000032,1,5211124709300570000
5,5,66,84,2021,9,7,2,2,5,1,0,1,1,0,0,0,0,390608.461192524060607,5775447.929690467193723,7.402264174000038,52.118731028000070,0,5210927709300390000
5,5,62,4,2021,5,11,7,3,0,1,0,0,0,0,1,0,0,384911.545322244055569,5716338.043773462995887,7.338776006000046,51.586332767000044,0,5210508701800180000
5,5,62,32,2021,9,19,5,2,6,4,2,0,1,1,0,0,0,376146.670378064736724,5715085.244481232017279,7.212766744000021,51.573215328000060,0,5210916701110180000
5,5,62,32,2021,6,17,6,2,0,1,0,1,0,0,0,0,0,375232.468146939761937,5716645.473191469907761,7.199027222000041,51.587035771000046,0,5210625701110700000
5,5,62,32,2021,5,7,2,3,0,7,0,0,0,0,0,0,1,377359.595999917015433,5716348.582999572157860,7.229819328000076,51.584834510000064,0,5210510701120070000
5,5,66,84,2021,12,13,3,3,8,1,0,1,0,0,0,0,0,388697.413837377913296,5775520.023504825308919,7.374340543000073,52.118997528000079,0,5211207709300880000
5,5,62,8,2021,3,14,6,2,3,6,0,0,0,0,1,1,0,384492.846999939531088,5723523.080999603495002,7.330366453000067,51.650824266000029,0,5210319701910140000
5,5,62,32,2021,2,6,5,3,5,3,0,0,1,0,1,0,0,375142.202689662575722,5717259.324225503951311,7.197506586000031,51.592532540000036,0,5210225701110120000
5,5,62,28,2021,4,14,7,3,5,3,0,0,1,0,0,0,0,379226.546069862321019,5721712.250985240563750,7.254905342000029,51.633443097000054,0,5210403701920570000
5,5,66,96,2021,5,16,1,3,5,3,0,1,1,0,0,0,0,385410.936216896399856,5792838.677216533571482,7.320503519000056,52.273965512000075,0,5210530709300080000
5,5,58,12,2021,11,7,3,3,5,3,2,1,1,0,0,0,0,375684.342999911867082,5751036.931999575346708,7.193256822000023,51.896208647000037,0,5211102706000360000
5,5,66,84,2021,3,21,3,3,4,6,2,0,1,0,0,0,1,390136.492531332187355,5776588.707291387021542,7.395005325000056,52.128889884000046,1,5210316709300840000
5,5,62,32,2021,11,13,3,3,6,7,0,0,0,1,0,0,1,375522.555999911390245,5713969.156999563798308,7.204160727000044,51.563047368000070,0,5211123701120680000
5,5,58,32,2021,2,6,4,3,5,3,2,0,1,0,0,0,1,387384.782167002558708,5753853.337903248146176,7.362305744000025,51.924008149000031,1,5210203706100220000
5,5,58,8,2021,4,14,3,3,5,3,0,0,1,0,0,0,0,382795.531999933533370,5759914.827999612316489,7.293531359000042,51.977535864000060,0,5210427706200780000
5,5,62,32,2021,9,14,1,3,6,7,0,0,1,1,0,0,0,375590.966943039558828,5719273.216834237799048,7.203267307000033,51.610730969000031,0,5210912701110080000
5,5,66,84,2021,9,15,4,3,5,3,0,1,1,0,0,0,0,385100.304240516386926,5778723.484184522181749,7.320743663000030,52.147050834000026,0,5210901709300860000
5,5,62,4,2021,7,15,4,2,5,3,0,0,1,0,1,0,0,383387.792999937199056,5716880.052999598905444,7.316611744000056,51.590890915000045,0,5210707701800680000
5,5,62,4,2021,9,16,1,3,5,3,0,1,0,0,0,0,0,383088.260168910957873,5718217.833785876631737,7.311843945000021,51.602852375000055,0,5210926701800650000
5,5,62,32,2021,11,12,4,3,6,7,0,0,1,1,0,0,0,376053.225179428234696,5716317.185117032378912,7.210984217000032,51.584266513000046,0,5211124701120940000
5,5,62,8,2021,6,13,6,2,5,3,0,1,1,0,0,0,0,385515.935354038141668,5723961.041101597249508,7.345004934000031,51.654969807000043,0,5210625701910270000
5,5,62,16,2021,6,19,5,3,0,7,0,0,0,0,1,0,0,375389.908862384967506,5732251.579841686412692,7.195735993000028,51.727323270000056,0,5210610701700870000
5,5,62,4,2021,12,15,5,3,2,6,1,0,1,0,0,0,1,382853.809266526252031,5715758.641630398109555,7.309281106000071,51.580701256000054,1,5211230701800010000
5,5,58,16,2021,11,16,5,3,7,1,0,0,1,0,0,0,0,383942.554855833761394,5743992.560181643813848,7.315586568000072,51.834679986000026,0,5211118706000490000
5,5,66,60,2021,6,16,1,3,5,2,0,1,1,0,0,0,0,389036.105999950319529,5789751.792999647557735,7.374627743000076,52.246967480000080,0,5210620709500530000
5,5,62,4,2021,5,16,2,3,2,6,0,0,1,0,0,0,0,382573.692376725375652,5718811.831321751698852,7.304218376000051,51.608083942000064,0,5210517701800160000
5,5,62,16,2021,6,20,4,3,8,1,0,0,1,0,1,0,0,375716.835831830278039,5734513.024943310767412,7.199659441000051,51.747719263000079,0,5210630701700870000
5,5,62,4,2021,9,18,5,3,4,6,0,1,1,0,0,0,0,383003.426366971805692,5712838.775937126949430,7.312411585000063,51.554489406000073,0,5210902701800180000
5,5,66,84,2021,9,15,1,3,0,1,0,1,0,0,0,0,0,386889.786848739720881,5778693.740992736071348,7.346894929000030,52.147152905000041,0,5210926709300620000
5,5,58,16,2021,9,12,7,3,5,2,0,1,1,0,0,0,0,381621.631237413734198,5743248.928637342527509,7.282172106000075,51.827509750000047,0,5210911706100530000
5,5,66,84,2021,9,14,3,3,9,1,0,1,0,0,0,0,0,386320.155338597483933,5778042.437127877026796,7.338791415000060,52.141182717000049,0,5210914709300280000
5,5,58,36,2021,2,15,1,3,3,6,0,1,0,0,0,0,0,387328.292713237926364,5729926.080882828682661,7.369267802000024,51.708948629000076,0,5210228706300750000
5,5,58,16,2021,7,15,4,2,1,1,0,1,1,0,0,0,0,382847.631999935023487,5742539.109999604523182,7.300194699000031,51.821388859000081,0,5210707706000070000
5,5,66,60,2021,2,16,5,3,5,2,0,1,0,0,0,0,0,390104.706116730347276,5790387.364064730703831,7.390066807000039,52.252893794000045,0,5210204709500070000
5,5,58,16,2021,10,10,6,3,5,2,0,1,1,0,0,0,0,380310.036999925971031,5744242.510999593883753,7.262804887000073,51.836159699000063,1,5211008706000480000
5,5,58,36,2021,6,10,7,2,0,6,0,1,1,0,0,0,0,386862.709999945014715,5729534.831999616697431,7.362659225000073,51.705338492000067,0,5210612706000190000
5,5,62,32,2021,12,12,5,3,1,5,0,0,1,0,0,0,1,376893.076462521217763,5719081.310381880030036,7.222130148000076,51.609292487000062,0,5211202701110880000
5,5,66,84,2021,9,17,2,3,8,1,0,1,1,0,0,0,0,389179.874219203367829,5774960.482867391780019,7.381566367000062,52.114065748000030,0,5210906709300540000
5,5,62,32,2021,6,16,2,3,5,3,0,1,1,0,0,0,0,375186.403186843730509,5716783.726045548915863,7.198313485000028,51.588268067000058,0,5210614701800310000
5,5,62,32,2021,7,11,5,3,5,3,0,1,1,0,0,0,0,376757.973922698758543,5719279.668609833344817,7.220110318000025,51.611045619000038,0,5210708701110360000
5,5,62,8,2021,7,8,5,3,5,3,0,0,1,0,1,0,0,385515.177291419357061,5723805.343254929408431,7.345044960000052,51.653570282000032,1,5210701701910470000
5,5,62,32,2021,1,13,6,2,0,7,0,0,1,0,0,0,0,378276.405841547995806,5716979.397465435788035,7.242826996000076,51.590702647000057,0,5210115701120810000
5,5,66,24,2021,3,13,4,3,5,3,0,0,1,0,0,0,1,383225.419999935664237,5774981.120999619364738,7.294640185000048,52.113025863000075,0,5210331709300370000
5,5,66,84,2021,6,19,5,3,7,3,0,1,1,0,0,0,0,390364.888955853879452,5774433.221470089629292,7.399034924000034,52.109563325000067,0,5210610709300940000
5,5,62,32,2021,6,6,5,3,5,3,0,0,1,0,1,0,0,380007.849999925121665,5719096.837999587878585,7.267084930000067,51.610104473000035,0,5210610701110890000
5,5,62,32,2021,10,10,6,2,5,3,0,0,1,0,0,0,0,379001.200588931329548,5717997.525003775954247,7.252933583000072,51.600009089000082,0,5211022701110470000
5,5,62,4,2021,11,11,6,3,5,2,0,0,1,0,0,0,1,383778.963293601758778,5713453.592914730310440,7.323389738000060,51.560175558000026,0,5211112701800180000
5,5,58,16,2021,5,13,6,3,0,1,0,0,0,0,1,0,0,379720.429936348460615,5744764.691374305635691,7.254069980000054,51.840725882000072,1,5210507706100980000
5,5,62,32,2021,11,7,4,3,5,3,2,1,1,0,0,0,0,377491.998999916948378,5715233.241999570280313,7.232118543000070,51.574839383000040,1,5211124701120080000
5,5,62,4,2021,9,8,5,3,6,7,0,0,1,1,0,0,0,382686.049312133342028,5712675.315111607313156,7.307890329000031,51.552954356000043,0,5210930701800040000
5,5,62,32,2021,9,11,5,3,1,5,0,1,1,0,0,0,0,376044.789494045078754,5718837.413630250841379,7.209972114000038,51.606914431000064,0,5210923701110080000
5,5,62,8,2021,5,12,3,2,0,7,0,0,0,0,0,0,1,384605.866870895959437,5722944.660927647724748,7.332190214000036,51.645648817000051,0,5210518701910040000
5,5,62,28,2021,6,18,3,3,5,3,0,0,1,0,1,0,0,378756.442692926153541,5722278.365435799583793,7.247919988000035,51.638429821000045,0,5210629701930040000
5,5,58,16,2021,5,19,6,3,1,5,0,0,1,0,1,0,0,380367.863048421218991,5744427.208631139248610,7.263579900000025,51.837831980000033,0,5210528706000550000
5,5,62,28,2021,11,10,7,3,1,5,0,0,1,0,0,0,0,379053.375229710713029,5722932.371121175587177,7.251982726000051,51.644371510000042,0,5211113701920870000
5,5,62,4,2021,9,12,5,3,6,4,0,0,1,1,0,0,0,382799.262128110975027,5712319.721635527908802,7.309641005000060,51.549781907000067,0,5210909701800160000
5,5,66,84,2021,11,15,5,3,5,3,0,1,1,0,0,0,0,385987.121203369461000,5777823.978550812229514,7.334000270000047,52.139150811000036,0,5211111709300090000
5,5,58,32,2021,10,12,5,3,5,7,0,1,0,0,0,0,0,387147.977800644002855,5754081.798053352162242,7.358788664000031,51.926013458000057,0,5211028706000580000
5,5,58,32,2021,9,19,3,3,0,1,0,1,0,0,0,0,0,386792.837787537835538,5754307.414352521300316,7.353551937000020,51.927969046000044,0,5210907706100040000
5,5,58,16,2021,6,12,1,3,8,1,0,1,0,0,0,0,0,381695.586621958762407,5744277.578447544947267,7.282893132000027,51.836770073000082,0,5210620706100290000
5,5,62,8,2021,12,10,6,3,0,7,0,0,0,0,0,0,1,385131.545854023657739,5723610.844409450888634,7.339565706000030,51.651743921000048,0,5211203701910420000
5,5,58,36,2021,4,18,3,3,5,3,0,1,1,0,0,0,0,386817.050926918163896,5730880.272017613053322,7.361561766000023,51.717421727000044,0,5210427706300480000
5,5,66,52,2021,6,21,5,3,3,1,0,1,0,0,1,0,0,378264.448072785511613,5779269.698156744241714,7.220692775000032,52.150495003000060,0,5210610709300870000
5,5,62,4,2021,10,6,7,3,0,1,2,1,0,0,0,0,0,384701.805020362138748,5716586.466169426217675,7.335668318000046,51.588522660000081,1,5211023701800610000
5,5,66,68,2021,11,18,6,3,5,3,2,1,1,0,0,0,0,376832.328999917954206,5785466.830999592319131,7.197521389000030,52.205866375000028,0,5211112709300930000
5,5,62,32,2021,5,22,1,3,5,3,2,1,1,0,0,0,0,376770.127241136506200,5716298.196919564157724,7.221333078000043,51.584253083000078,0,5210530701120380000
5,5,62,4,2021,10,9,4,3,3,6,0,1,1,0,0,0,0,382747.291284724138677,5718545.830321604385972,7.306813137000063,51.605729401000076,0,5211027701800440000
5,5,62,32,2021,9,12,7,3,5,3,0,1,1,0,0,0,0,375719.140730773098767,5714004.523538868874311,7.206982859000050,51.563408571000082,0,5210925701120880000
5,5,58,16,2021,9,16,4,3,5,3,0,1,1,0,0,0,0,381144.015999929048121,5744141.311999602243304,7.274938184000064,51.835428316000048,0,5210901706000170000
5,5,62,4,2021,9,19,4,3,1,5,0,0,1,0,0,0,0,384221.344928705133498,5710973.949690068140626,7.330584734000070,51.537979930000063,0,5210915701800410000
5,5,62,16,2021,2,12,3,3,5,3,0,1,1,0,0,0,0,375112.750312453135848,5733994.742122240364552,7.191099566000048,51.742927197000029,0,5210223701700240000
5,5,58,8,2021,4,15,7,3,0,7,0,0,1,0,0,0,0,382731.016999935731292,5759771.012999612838030,7.292641632000027,51.976229787000079,0,5210403706200780000
5,5,62,28,2021,3,15,2,3,5,3,0,1,1,0,0,0,0,379706.314028283581138,5721699.167138066142797,7.261838718000035,51.633428304000063,0,5210329701920450000
5,5,66,84,2021,10,13,6,3,0,2,0,1,1,0,0,0,0,385473.878876230679452,5779142.206851154565811,7.326059771000075,52.150891438000031,0,5211001709300430000
5,5,66,68,2021,6,7,4,3,7,1,0,1,0,0,0,0,0,376333.055954921059310,5785087.040107183158398,7.190357481000035,52.202341718000071,0,5210616709300420000
5,5,58,36,2021,10,11,2,2,5,3,0,0,1,0,1,0,0,388473.769999949261546,5729402.534999620169401,7.386007019000033,51.704471961000081,0,5211025706300100000
5,5,62,4,2021,3,7,5,3,5,3,0,0,1,0,0,0,0,383187.381951707415283,5710898.288668021559715,7.315708004000044,51.537086880000061,0,5210325701800670000
5,5,58,40,2021,7,13,5,3,6,2,0,0,1,1,0,0,0,377205.552232501097023,5764470.464031061157584,7.210552483000072,52.017268321000074,1,5210701706000090000
5,5,62,4,2021,6,11,2,3,1,5,0,0,1,0,0,1,0,385223.643031488172710,5716968.520559433847666,7.343072711000048,51.592063041000074,1,5210621701800130000
5,5,58,16,2021,5,14,3,3,5,3,0,1,1,0,0,0,0,381534.101999930106103,5743057.869999598711729,7.280967939000050,51.825774119000073,1,5210511706100230000
5,5,62,8,2021,1,15,1,3,0,1,0,1,0,0,0,0,0,384431.233364924788475,5722933.389747995883226,7.329671086000076,51.645511651000049,0,5210110701910340000
5,5,62,4,2021,9,11,5,3,5,3,0,1,1,0,0,0,0,382700.957567057572305,5715657.565706843510270,7.307109865000029,51.579761027000075,0,5210916701800680000
5,5,62,32,2021,6,14,7,3,5,3,0,0,1,0,0,0,0,377074.681999916210771,5715192.043999573215842,7.226113867000038,51.574378280000076,0,5210626701120460000
5,5,66,84,2021,9,19,2,3,3,5,1,1,1,0,0,0,1,386415.717113942839205,5778891.718095859512687,7.339903361000040,52.148834827000030,1,5210927709300590000
5,5,66,84,2021,9,10,4,3,8,7,0,0,0,0,0,0,1,390007.666085456497967,5776184.609241135418415,7.393254762000026,52.125232540000070,0,5210922709300290000
5,5,58,16,2021,3,15,4,3,0,1,0,0,0,0,1,0,0,376416.237152426503599,5745516.320112830027938,7.205864094000049,51.846759130000066,0,5210310706100820000
5,5,62,4,2021,6,22,4,3,0,7,2,0,1,0,0,0,1,384032.399884615093470,5717519.829706681892276,7.325701406000064,51.596774114000027,0,5210616701800370000
5,5,62,32,2021,2,13,5,3,6,7,0,0,1,1,0,0,0,377440.650203357450664,5715652.244419744238257,7.231231712000067,51.578593931000057,0,5210204701120670000
5,5,62,28,2021,10,22,3,3,6,2,2,0,0,1,0,0,1,379663.599056060425937,5722103.804946396499872,7.261082716000033,51.637055800000041,0,5211012701920280000
5,5,62,32,2021,6,19,2,3,5,3,0,0,1,0,0,0,1,375452.210424938239157,5714095.561492092907429,7.203101596000067,51.564167860000055,0,5210628701120380000
5,5,66,84,2021,5,15,6,3,8,1,0,0,1,0,0,0,0,387445.685197825543582,5776092.046199947595596,7.355876990000070,52.123884924000038,1,5210521709300770000