ULAND,UREGBEZ,UKREIS,UGEMEINDE,UJAHR,UMONAT,USTUNDE,UWOCHENTAG,UKATEGORIE,UART,UTYP1,ULICHTVERH,IstRad,IstPKW,IstFuss,IstKrad,IstGkfz,IstSonstige,LINREFX,LINREFY,XGCSWGS84,YGCSWGS84,STRZUSTAND,UIDENTSTLAE
5,5,62,32,2021,5,15,1,3,9,1,0,0,0,0,0,0,1,375145.173641915433109,5717251.765070924535394,7.197552143000053,51.592465263000065,0,5210509701110130000
5,5,62,4,2021,12,9,6,3,2,6,0,0,1,0,0,0,0,382686.813675874844193,5712209.682369474321604,7.308056644000033,51.548769535000076,0,5211210701800970000
5,5,66,84,2021,9,15,2,3,3,2,0,1,1,0,0,0,0,390164.672057022340596,5776522.115011567249894,7.395438328000068,52.128297005000036,0,5210913709300580000
5,5,62,8,2021,12,10,7,3,5,3,0,0,1,0,0,0,1,385156.897172009572387,5723608.716659281402826,7.339932694000026,51.651729977000059,1,5211204701910570000
5,5,58,16,2021,6,8,6,3,5,3,0,1,0,0,1,0,0,380899.553999927826226,5744378.506999598816037,7.271310181000047,51.837507938000044,0,5210625706000460000
5,5,62,32,2021,1,5,2,3,8,1,2,0,1,0,0,0,0,374825.397999908775091,5721565.714999560266733,7.191397650000056,51.631164099000046,1,5210118701110100000
5,5,62,32,2021,9,14,4,3,6,4,0,0,1,1,0,0,0,379789.361938833259046,5719155.789953904226422,7.263910888000055,51.610587692000081,1,5210929701110040000
5,5,62,32,2021,9,12,5,2,0,7,0,0,0,0,0,0,1,376310.235557187348604,5717464.133748918771744,7.214287686000034,51.594630862000031,0,5210909701110870000
5,5,62,32,2021,2,8,2,3,6,4,0,0,1,1,0,0,0,374705.870455872267485,5719446.583998203277588,7.190429491000032,51.612092756000038,0,5210222701110380000
5,5,62,8,2021,2,10,4,3,5,3,0,1,1,0,0,0,0,384868.096066472120583,5723851.557596210390329,7.335679989000027,51.653853486000060,1,5210203701910560000
5,5,62,32,2021,6,17,7,3,6,6,0,0,1,1,0,0,0,375225.445127071812749,5719447.974242554977536,7.197928989000047,51.612220644000047,0,5210605701110260000
5,5,62,4,2021,10,15,1,3,1,5,0,1,1,0,0,0,0,382558.315279870294034,5716066.730843801051378,7.304915329000039,51.583408762000033,1,5211003701800070000
5,5,58,16,2021,6,17,6,3,8,1,0,0,0,0,1,0,0,376823.643262057565153,5745810.963627511635423,7.211670557000048,51.849497070000041,0,5210625706100590000
5,5,62,32,2021,9,15,7,3,1,1,0,0,1,0,0,0,0,377423.742319669574499,5720368.886075139045715,7.229339546000062,51.620980036000049,0,5210918701110610000
5,5,58,16,2021,9,14,4,3,5,3,0,0,1,0,0,0,0,382030.774999933317304,5743429.615999603644013,7.288044883000055,51.829220170000042,1,5210915706100070000
5,5,62,32,2021,9,14,6,3,1,5,0,1,1,0,0,0,0,375275.738288838416338,5715759.475939864292741,7.199966220000022,51.579082753000080,0,5210910701120690000
5,5,62,4,2021,9,15,4,3,2,6,0,0,1,0,0,0,0,383022.891492043621838,5711853.722273956984282,7.313019798000028,51.545640028000037,1,5210915701800410000
5,5,58,16,2021,11,11,3,3,5,2,0,1,1,0,0,0,0,381623.473999931477010,5743250.291999604552984,7.282198368000024,51.827522394000027,1,5211123706100170000
5,5,62,32,2021,12,8,2,2,6,7,1,0,1,1,0,0,0,377003.884258331730962,5715188.404278598725796,7.225094015000025,51.574330126000064,1,5211213701120390000
5,5,62,32,2021,2,18,1,3,5,2,2,0,1,0,0,0,0,378254.965176165103912,5717560.911867594346404,7.242315878000056,51.595924287000059,0,5210228701110850000
5,5,62,4,2021,10,15,3,3,5,3,0,1,1,0,0,0,0,382701.059111540205777,5715656.981359511613846,7.307111525000039,51.579755796000029,0,5211005701800570000
5,5,58,16,2021,3,16,5,2,5,3,0,1,1,0,0,0,0,380808.744999930262566,5744141.518999602645636,7.270074419000025,51.835358727000028,0,5210325706000880000
5,5,58,16,2021,3,14,6,3,2,1,0,0,1,0,0,0,0,384662.868999941274524,5743078.048999615013599,7.326340864000031,51.826610140000071,1,5210312706000670000
5,5,66,52,2021,12,12,3,2,5,3,0,1,1,0,0,0,0,377880.059999920427799,5778309.160999597981572,7.215422640000043,52.141778397000053,0,5211207709300680000
5,5,58,8,2021,9,16,2,3,4,6,0,1,0,0,0,0,0,383198.673183916136622,5760260.234943771734834,7.299280620000047,51.980724930000065,0,5210913706000570000
5,5,62,28,2021,9,14,7,3,0,7,0,0,0,0,0,0,1,380041.414743263274431,5722612.008525665849447,7.266365430000064,51.641703929000073,0,5210925701920800000
5,5,62,16,2021,11,16,1,3,5,3,1,0,1,0,1,0,0,375895.456999913789332,5735028.641999572515488,7.202061510000021,51.752392663000080,1,5211128701700370000
5,5,62,28,2021,9,10,2,2,2,2,0,0,1,0,1,0,0,379344.660824076272547,5723003.081653784960508,7.256166129000064,51.645069584000055,0,5210927701920130000
5,5,62,32,2021,11,7,3,3,5,3,0,1,1,0,0,0,0,375705.411051915027201,5715801.280639532953501,7.206149229000061,51.579553375000046,0,5211102701120480000
5,5,54,52,2021,1,15,7,3,6,6,0,0,1,1,0,0,0,379678.025126853026450,5772841.765770155936480,7.243616110000062,52.093039935000036,0,5210116705000870000
5,5,62,4,2021,9,18,7,3,5,3,0,0,1,0,0,0,0,381783.878734229132533,5713139.741695180535316,7.294727683000076,51.556940141000041,0,5210911701800690000
5,5,62,32,2021,2,12,7,3,6,2,0,0,1,1,0,0,0,375601.511068901978433,5719242.645249277353287,7.203430355000023,51.610458548000054,0,5210227701110660000
5,5,66,60,2021,7,16,5,3,0,5,0,1,1,0,0,0,0,388609.565375542268157,5789157.435380870476365,7.368578577000051,52.241539859000056,0,5210701709500370000
5,5,62,8,2021,10,18,2,3,0,1,2,1,0,0,0,0,0,384584.678948988206685,5723378.436392508447170,7.331740993000039,51.649543106000067,1,5211025701910250000
5,5,62,32,2021,4,11,5,2,5,7,0,0,1,0,1,0,0,374843.966760598123074,5719232.926192864775658,7.192499174000034,51.610203313000056,0,5210415701110750000
5,5,62,28,2021,6,16,3,3,1,6,0,0,1,0,1,0,0,380066.923024738207459,5722177.331299850717187,7.266882863000035,51.637802753000074,0,5210608701920050000
5,5,62,16,2021,5,20,1,3,5,3,0,0,1,0,0,0,1,374962.763539684936404,5734023.465923080220819,7.188917963000051,51.743151886000078,0,5210523701700580000
5,5,58,16,2021,9,18,2,2,5,3,0,1,1,0,0,0,0,380308.346999926492572,5741904.318999595940113,7.263588750000054,51.815145791000077,1,5210927706000370000
5,5,62,4,2021,10,16,1,2,5,3,0,0,1,0,0,0,0,386183.221486398950219,5710035.871064886450768,7.359163734000049,51.529947496000034,0,5211024701800880000
5,5,62,32,2021,3,11,5,3,1,7,0,0,1,0,0,0,0,375961.479165070690215,5714835.804320344701409,7.210183861000075,51.570932838000033,0,5210311701120040000
5,5,62,32,2021,2,16,3,3,0,7,0,0,0,0,0,0,1,376763.507550790905952,5720277.327652208507061,7.219839356000023,51.620012999000039,1,5210202701110380000
5,5,66,84,2021,9,7,5,3,5,3,0,1,1,0,0,0,0,385974.024026211351156,5778929.335897728800774,7.333438100000023,52.149081879000050,0,5210923709300930000
5,5,58,16,2021,4,17,2,3,0,1,0,1,0,0,0,0,0,383169.163392881862819,5742300.964162247255445,7.304938048000054,51.819315890000041,0,5210419706000170000
5,5,62,32,2021,2,7,2,3,0,1,2,1,0,0,0,0,0,376472.909711753949523,5720370.502531770616770,7.215610985000069,51.620786673000055,2,5210201701110960000
5,5,66,84,2021,1,3,7,3,0,3,2,1,1,0,0,0,0,385087.698421236127615,5778780.148479290306568,7.320540351000034,52.147557446000064,2,5210109709300410000
5,5,62,8,2021,3,10,4,3,1,5,0,0,1,0,0,0,0,381977.098328553140163,5721354.588529644533992,7.294750351000062,51.630812389000027,0,5210331701910260000
5,5,62,32,2021,3,17,1,3,0,1,0,0,0,0,1,0,0,379305.979262254200876,5718594.807570178061724,7.257126441000025,51.605442504000052,0,5210328701110210000
5,5,62,32,2021,5,17,1,3,2,2,0,0,1,0,0,0,0,375631.110266224481165,5719115.851157100871205,7.203902586000027,51.609325571000056,0,5210530701110580000
5,5,66,36,2021,4,12,2,2,0,7,0,0,0,0,0,0,1,387349.467203937470913,5768283.075685353949666,7.357052304000035,52.053685194000082,0,5210412709300070000
5,5,62,32,2021,12,11,3,3,5,3,0,1,1,0,0,0,0,377583.458873149938881,5716548.278581280261278,7.232979251000074,51.586677912000027,0,5211207701120080000
5,5,62,32,2021,12,12,4,2,0,7,0,0,0,0,0,0,1,377014.617134935222566,5720321.393536372110248,7.223449305000031,51.620463956000037,1,5211222701110070000
5,5,66,84,2021,1,14,7,2,5,3,0,0,1,0,1,0,0,384555.427352344617248,5779220.632479621097445,7.312615099000027,52.151405001000057,0,5210123709300050000
5,5,58,32,2021,9,7,6,3,6,4,1,0,1,1,0,0,0,386530.223999944515526,5754351.090999623760581,7.349719876000051,51.928308113000071,0,5210910706000170000
5,5,58,16,2021,4,16,2,3,8,1,0,1,0,0,0,0,0,381666.624758884310722,5743273.989283250644803,7.282816139000033,51.827744507000034,0,5210419706100980000
5,5,62,4,2021,1,6,2,2,5,3,2,0,1,0,0,0,0,384614.520828309468925,5716324.294258611276746,7.334495125000046,51.586148446000038,1,5210104701800580000
5,5,66,96,2021,9,18,1,2,7,6,0,1,0,0,0,0,0,385759.610952832736075,5786209.666173873469234,7.327853034000043,52.214464827000029,0,5210912709300940000
5,5,62,4,2021,3,14,7,3,5,2,0,1,1,0,0,0,0,383775.820999937132001,5709866.657999595627189,7.324529157000029,51.527936224000030,0,5210306701800180000
5,5,66,52,2021,7,1,1,3,9,1,2,0,1,0,0,0,0,376499.886082563549280,5778032.983831489458680,7.195364834000031,52.138989770000080,0,5210711709300310000
5,5,62,32,2021,12,13,2,3,5,3,0,1,1,0,0,0,0,375472.555287191644311,5713942.240186439827085,7.203449282000065,51.562794423000071,0,5211227701120080000
5,5,66,60,2021,5,9,7,3,2,6,0,0,1,0,0,0,0,389375.361999951303005,5788216.070999648422003,7.380097646000024,52.233234256000060,0,5210508709000030000
5,5,62,4,2021,6,12,4,3,0,7,0,1,0,0,0,0,0,382915.154444637708366,5716397.970730584114790,7.309952846000044,51.586460091000049,0,5210630701800430000
5,5,62,4,2021,4,16,2,3,0,1,0,1,0,0,0,0,0,383073.173932833597064,5712058.839261369779706,7.313676438000073,51.547493991000067,0,5210426701800470000
5,5,62,8,2021,9,6,3,3,5,2,1,1,1,0,0,0,0,385525.670044253580272,5724257.567662512883544,7.345048504000033,51.657636891000038,1,5210928701910940000
5,5,58,16,2021,9,14,3,3,5,2,0,1,1,0,0,0,0,381254.934225712902844,5743772.538621928542852,7.276673799000037,51.832137691000071,0,5210907706100260000
5,5,58,36,2021,9,18,1,3,4,2,0,0,1,0,1,0,0,387748.874102304689586,5729914.827996984124184,7.375355986000045,51.708931798000037,0,5210912706000690000
5,5,62,8,2021,9,7,3,3,6,2,0,0,1,1,0,0,0,384425.108616244979203,5723774.474285313859582,7.329304671000045,51.653069784000081,0,5210928701910240000
5,5,62,4,2021,2,22,7,2,0,1,2,0,0,0,1,0,0,383649.723921262659132,5716678.830676775425673,7.320457881000038,51.589136538000048,0,5210220701800220000
5,5,62,32,2021,12,5,6,3,1,7,2,1,0,0,0,0,1,377545.675567208789289,5717455.596176948398352,7.232117557000038,51.594824042000027,0,5211231701110980000
5,5,62,4,2021,6,17,2,3,4,7,0,0,1,0,0,0,0,382651.491999933496118,5715643.993999596685171,7.306400836000023,51.579628752000076,0,5210628701800660000
5,5,62,32,2021,3,16,6,3,3,5,0,1,1,0,0,0,0,376490.553754442371428,5720490.792306071147323,7.215823317000059,51.621871611000074,0,5210319701110780000
5,5,62,4,2021,12,15,5,3,6,7,0,0,1,1,0,0,0,384922.909181700088084,5716958.525956530123949,7.338736516000040,51.591911863000064,0,5211223701800180000
5,5,66,84,2021,6,15,7,3,0,1,0,1,0,0,0,0,0,385284.292259854264557,5778724.531330231577158,7.323431042000038,52.147098490000076,0,5210626709300060000
5,5,62,32,2021,1,8,4,3,0,1,0,1,0,0,0,0,0,375036.994329805485904,5720419.469810141250491,7.194862277000027,51.620909756000060,2,5210113701110180000
5,5,58,16,2021,10,16,5,3,2,6,0,0,0,0,1,0,0,380423.632973940111697,5743902.175905192270875,7.264570428000070,51.833125412000072,0,5211028706100880000
5,5,62,32,2021,11,20,5,3,0,2,2,0,1,1,0,0,0,375633.083469443023205,5719099.365004040300846,7.203936915000043,51.609177844000044,0,5211111701110280000
5,5,66,84,2021,5,13,7,3,4,6,0,0,1,0,0,0,0,389582.056999953463674,5776293.035999642685056,7.387005024000075,52.126122137000038,0,5210529709300970000
5,5,62,32,2021,12,23,1,3,5,2,2,0,1,0,0,0,0,375295.905761794187129,5715439.759055547416210,7.200370646000067,51.576213866000046,1,5211226701120580000
5,5,62,4,2021,6,21,5,2,5,3,1,1,0,0,0,0,1,382883.500723710283637,5711346.922599036246538,7.311179188000040,51.541056127000047,0,5210624701800340000
5,5,62,8,2021,3,12,4,3,2,6,0,0,1,0,1,0,0,385551.259999942965806,5723989.837999608367682,7.345505935000062,51.655235819000040,0,5210317701910070000
5,5,58,32,2021,11,17,4,3,2,6,2,0,1,0,0,0,0,388332.294999947771430,5753377.790999626740813,7.376233091000074,51.919925042000045,1,5211124706000720000
5,5,62,36,2021,12,17,4,3,2,6,2,0,1,0,0,0,0,389044.834780877456069,5719848.703563136979938,7.397300933000054,51.618715804000033,1,5211215701930270000
5,5,58,32,2021,12,17,3,2,0,7,1,0,0,0,1,0,0,385916.282707094214857,5754557.380799481645226,7.340726491000055,51.930036615000063,0,5211221706000780000
5,5,58,16,2021,12,9,4,3,0,7,0,1,1,0,0,0,0,381718.271114646457136,5743392.666141707450151,7.283524684000042,51.828822015000071,0,5211215706000630000
5,5,62,28,2021,10,17,3,3,5,3,0,0,1,0,0,0,1,379856.634679161943495,5721791.561414323747158,7.263977964000048,51.634290811000028,1,5211005701920560000
5,5,62,32,2021,3,18,2,2,6,6,0,1,0,1,0,0,0,376649.539999915286899,5719898.670999571681023,7.218327246000058,51.616584972000055,0,5210329701110840000
5,5,62,28,2021,4,16,2,3,5,3,0,0,1,0,1,0,0,380750.668999928049743,5722200.301999591290951,7.276750818000039,51.638154580000048,0,5210426701920470000
5,5,58,32,2021,6,14,3,3,4,1,0,1,1,0,0,0,0,385593.339050902053714,5754570.460327384993434,7.336027274000060,51.930087881000077,0,5210629706100550000
5,5,62,4,2021,9,14,6,2,2,2,0,0,1,0,1,0,0,384615.765056083910167,5716320.304640326648951,7.334514388000059,51.586112843000080,1,5210910701800030000
5,5,62,32,2021,3,13,2,3,4,6,0,0,1,0,0,0,0,377148.398475204594433,5717439.029063694179058,7.226390792000075,51.594588650000048,0,5210315701110680000
5,5,58,16,2021,6,11,4,2,0,7,0,1,0,0,0,0,0,381369.406571824103594,5743183.877944303676486,7.278536064000036,51.826871627000060,0,5210609706000960000
5,5,62,32,2021,11,14,2,2,0,7,0,1,0,0,0,0,0,376356.000944794155657,5714695.210840750485659,7.215923120000070,51.569755946000043,0,5211101701120780000
5,5,66,84,2021,6,11,2,2,0,1,0,1,0,0,0,0,0,386282.549359948374331,5778792.033921264111996,7.337991292000027,52.147911567000051,0,5210628709300280000
5,5,58,40,2021,3,12,4,3,0,1,0,0,1,1,0,0,0,381408.271999930031598,5765644.735999608412385,7.271359924000024,52.028735431000030,0,5210303706200490000
5,5,66,60,2021,6,6,2,2,7,1,0,1,1,0,0,0,0,387752.694835638627410,5788414.709058273583651,7.356281119000073,52.234690995000051,0,5210614709500530000
5,5,58,8,2021,6,16,1,2,0,7,0,0,1,1,0,0,0,381891.065402746200562,5759580.360307127237320,7.280484038000054,51.974338516000046,0,5210613706000680000
5,5,62,8,2021,6,14,4,3,4,5,0,1,1,0,0,0,0,384453.700625726021826,5722210.270246190950274,7.330234457000074,51.639017097000078,0,5210609701910040000
5,5,58,12,2021,12,7,6,3,0,3,2,1,0,0,0,0,0,375936.215999913401902,5750834.998999577015638,7.196988119000025,51.894450071000051,2,5211210706000340000
5,5,62,8,2021,6,7,6,3,5,7,0,0,1,0,0,0,0,381695.231201890856028,5721263.942660586908460,7.290710382000043,51.629938506000030,1,5210604701910180000
5,5,62,4,2021,3,15,3,3,1,3,0,1,1,0,0,0,0,382779.268041238188744,5714410.752669550478458,7.308655595000062,51.568571349000081,0,5210302701800290000
5,5,58,16,2021,11,14,3,3,0,1,0,0,0,0,0,0,1,381171.503689859062433,5743723.573288338258862,7.275480390000041,51.831679890000032,1,5211123706000490000
5,5,62,4,2021,6,18,1,3,5,3,0,1,1,0,0,0,0,383899.697637109085917,5709657.556295247748494,7.326383047000036,51.526082334000080,0,5210613701800070000
5,5,62,32,2021,11,12,5,3,5,3,0,0,1,0,0,0,1,379539.760390212759376,5718983.814191633835435,7.260367011000028,51.608988727000053,0,5211111701110070000
5,5,58,16,2021,10,15,3,3,8,6,0,1,1,0,0,0,0,376409.611765399575233,5745875.132360309362411,7.205639700000063,51.849982229000034,0,5211005706100480000
5,5,62,32,2021,3,8,6,3,0,7,0,0,0,0,1,0,0,377724.748653716407716,5716898.289269123226404,7.234895722000033,51.589854247000062,0,5210326701120880000
5,5,62,4,2021,5,11,2,3,0,7,0,0,0,1,0,0,1,383341.128042967990041,5716258.212874904274940,7.316145092000056,51.585292339000034,0,5210531701800720000
5,5,62,32,2021,10,10,6,3,5,3,0,0,1,0,0,0,1,376086.977655293419957,5719410.324747629463673,7.210378524000021,51.612072566000052,0,5211029701110570000
5,5,62,8,2021,9,7,5,3,5,2,0,1,1,0,0,0,0,384531.438999939709902,5723559.212999606505036,7.330912108000064,51.651156936000064,0,5210909701910070000
5,5,62,32,2021,12,9,3,3,0,1,0,0,0,0,0,0,1,374957.617197887040675,5715659.004609316587448,7.195413284000040,51.578109319000077,2,5211221701120380000
5,5,62,4,2021,5,11,3,3,5,3,0,0,1,0,0,0,0,382708.612999932840466,5712541.286999594420195,7.308260326000038,51.551754439000035,1,5210518701800270000
5,5,58,24,2021,11,11,4,3,0,1,0,1,0,0,0,0,0,389248.381908997893333,5735840.752116559073329,7.395163665000041,51.762491067000042,0,5211110706300490000
5,5,62,8,2021,2,18,2,3,0,7,2,1,0,0,0,0,0,384149.534117925912142,5723485.578548023477197,7.325418634000073,51.650416566000047,0,5210222701910550000
5,5,62,32,2021,2,0,1,3,5,3,2,0,1,0,0,0,0,377412.619552141055465,5715893.417989138513803,7.230743193000023,51.580755338000074,2,5210207701120310000
5,5,66,84,2021,9,15,2,2,0,1,0,1,0,0,0,0,0,389650.998177465051413,5775068.279657609760761,7.388408836000053,52.115128759000072,0,5210913709300690000
5,5,62,32,2021,10,17,3,2,5,3,0,0,1,0,0,0,1,379562.652999924495816,5718506.419999582692981,7.260861438000063,51.604703083000061,1,5211005701110490000
5,5,58,16,2021,12,8,2,3,5,3,1,0,1,0,0,0,0,382030.774999933317304,5743429.615999603644013,7.288044883000055,51.829220170000042,0,5211206706000260000
5,5,62,4,2021,1,10,4,3,2,2,0,0,1,0,0,0,1,383167.983089772053063,5711773.808029932901263,7.315137791000041,51.544951835000063,0,5210120701800750000
5,5,15,0,2021,4,8,4,3,6,4,0,0,1,1,0,0,0,403803.182929002679884,5761689.252599570900202,7.598790288000032,51.997519102000069,0,5210414702100810000
5,5,66,76,2021,11,9,6,2,5,3,0,1,1,0,0,0,0,393556.082540483213961,5793285.267298724502325,7.439693608000027,52.279616394000072,1,5211126709500740000
5,5,66,76,2021,11,7,2,2,0,3,1,1,1,0,0,0,0,395293.558008876629174,5793728.858685806393623,7.465014592000045,52.283936786000027,0,5211108709500010000
5,5,66,76,2021,9,15,2,3,0,7,0,1,0,0,0,0,0,391775.882791409268975,5793578.083590410649776,7.413515340000060,52.281900357000040,0,5210920709500770000
5,5,66,8,2021,5,11,2,3,8,1,0,1,0,0,0,0,0,400684.224996247328818,5781289.348023938015103,7.547666298000024,52.173134650000065,0,5210531709000540000
5,5,15,0,2021,10,18,3,2,0,1,0,1,0,0,0,0,0,401688.294872677884996,5757559.380143575370312,7.569178250000050,51.960028634000082,1,5211005702100230000
5,5,66,8,2021,12,13,6,2,5,3,0,1,1,0,0,0,0,399045.219929620623589,5781740.821562295779586,7.523572669000032,52.176894926000045,0,5211217709000540000
5,5,58,44,2021,9,13,2,2,3,2,0,0,1,0,1,0,0,395473.359389794059098,5745006.547170773148537,7.482567006000068,51.846070863000079,0,5210906706300570000
5,5,66,12,2021,6,15,1,3,4,6,0,1,0,0,0,0,0,404566.050018428824842,5772455.155143026262522,7.606892586000072,52.094417187000033,0,5210627709100070000
5,5,15,0,2021,2,17,5,3,0,6,0,1,0,0,0,0,0,402197.602177203632891,5749657.855299271643162,7.578833339000028,51.889097166000056,0,5210225702100570000
5,5,66,8,2021,5,11,2,3,0,1,0,1,1,0,0,0,0,400130.291306984610856,5780069.661890473216772,7.539927680000062,52.162072401000046,0,5210503709000140000
5,5,66,20,2021,10,17,2,3,5,3,0,1,0,0,0,0,0,404462.273351871408522,5804507.398079484701157,7.596317304000024,52.382481950000056,0,5211018709700990000
5,5,15,0,2021,11,12,6,3,5,3,0,0,1,0,0,0,0,399842.560747509822249,5756773.710644196718931,7.542553908000059,51.952637530000061,1,5211119702100170000
5,5,66,76,2021,1,9,4,3,5,3,0,1,1,0,0,0,0,393358.449999960139394,5793247.856999659910798,7.436809615000072,52.279241876000071,0,5210106709500660000
5,5,15,0,2021,6,8,4,3,5,1,0,1,1,0,0,0,0,402081.444482765160501,5759305.096325051039457,7.574400336000053,51.975788897000029,0,5210630702100690000
5,5,15,0,2021,10,13,6,2,1,2,0,1,1,0,0,0,0,399650.599279400892556,5756316.897297758609056,7.539894930000060,51.948497037000038,0,5211001702100060000
5,5,66,4,2021,1,9,4,3,0,7,0,0,0,1,0,1,0,394336.935368306934834,5767539.812767861410975,7.459149444000047,52.048381425000059,1,5210127709110280000
5,5,58,24,2021,7,1,1,2,0,1,2,0,0,0,0,0,1,392582.203999958001077,5735766.651999630033970,7.443475496000076,51.762474522000048,1,5210704706000290000
5,5,66,8,2021,11,23,3,3,8,1,2,1,0,0,0,0,0,400586.386443304829299,5778802.775673501193523,7.546964236000065,52.150768180000057,0,5211109709110000000
5,5,66,76,2021,4,16,2,3,5,3,0,0,1,0,0,0,0,394890.907733591273427,5795904.285388357937336,7.458435341000040,52.303411039000082,0,5210419709500570000
5,5,66,8,2021,9,1,1,2,8,1,2,1,1,0,0,0,0,399031.843551979400218,5781552.233263082802296,7.523433251000029,52.175197503000049,0,5210919709110570000
5,5,15,0,2021,10,10,7,2,5,3,0,1,1,0,0,0,0,404257.370727392844856,5757633.617856087163091,7.606535598000050,51.961144232000038,0,5211023702100970000
5,5,66,8,2021,7,13,5,3,3,7,0,1,0,0,0,0,0,400001.325054048560560,5781235.510519031435251,7.537699363000058,52.172527435000063,1,5210701709110070000
5,5,66,8,2021,6,13,6,3,5,3,0,1,1,0,0,0,0,397486.956999967806041,5781862.530999662354589,7.500755235000042,52.177701468000066,0,5210618709110270000
5,5,15,0,2021,12,13,7,3,6,6,0,0,1,1,0,0,0,398253.111158552579582,5757553.566190786659718,7.519202288000031,51.959358378000047,1,5211218702100970000
5,5,66,8,2021,9,14,3,2,4,1,0,1,0,0,0,0,0,399649.254142419435084,5781456.261479385197163,7.532487487000026,52.174447572000076,0,5210907709110140000
5,5,15,0,2021,2,17,4,3,0,3,1,1,1,0,0,0,0,403433.270999976433814,5755155.258999653160572,7.595241636000026,51.938725404000081,1,5210217702100830000
5,5,58,24,2021,11,6,2,3,0,1,2,1,0,0,0,0,0,392566.479285455308855,5736113.191414859145880,7.443140573000051,51.765586201000076,0,5211122706100840000
5,5,66,76,2021,11,8,4,3,0,3,0,1,1,0,0,0,0,397124.674283272586763,5796152.402283936738968,7.491108224000072,52.306063911000081,1,5211117709500760000
5,5,66,12,2021,11,12,7,2,5,3,0,1,1,0,0,0,0,400796.255999973043799,5776297.491999667137861,7.550761783000041,52.128288771000030,1,5211127709000370000
5,5,62,36,2021,5,15,6,3,1,5,0,1,1,0,0,0,0,390085.313847380690277,5720837.139252154156566,7.412013789000071,51.627804100000048,0,5210528701930070000
5,5,66,8,2021,4,7,6,3,0,3,0,0,1,0,0,0,1,399305.262269447557628,5781631.603607172146440,7.527406755000072,52.175960828000029,0,5210409709100770000
5,5,58,44,2021,3,17,4,3,5,3,0,1,0,0,0,0,0,395415.457564536482096,5746638.049554279074073,7.481233082000074,51.860724001000051,0,5210331706000780000
5,5,66,76,2021,9,13,6,3,4,5,0,0,1,0,1,0,0,393960.112270349636674,5793250.626543795689940,7.445624598000052,52.279383159000076,0,5210924709500070000
5,5,66,76,2021,11,11,2,2,5,2,0,1,1,0,0,0,0,392438.879999957047403,5793050.655999656766653,7.423398643000041,52.277290442000037,0,5211122709500460000
5,5,58,24,2021,5,15,5,3,6,7,0,1,0,1,0,0,0,393513.838052051141858,5736778.682842714712024,7.456659683000055,51.771748651000053,0,5210520706300670000
5,5,15,0,2021,10,15,5,3,5,3,0,1,1,0,0,0,0,399324.324096196331084,5756145.811476582661271,7.535199339000030,51.946900344000028,0,5211007702100060000
5,5,66,76,2021,12,14,7,3,0,1,0,0,0,0,1,0,0,393725.016999961808324,5795528.694999663159251,7.441461369000024,52.299811185000067,1,5211204709500270000
5,5,66,76,2021,4,15,5,3,6,4,0,0,0,1,0,0,1,395463.067782071419060,5794216.328840574249625,7.467347422000046,52.288350094000066,0,5210415709500310000
5,5,66,12,2021,1,7,3,3,6,7,2,1,0,1,0,0,0,404925.232766410335898,5773520.739903338253498,7.611836786000026,52.104056671000080,1,5210119709110550000
5,5,15,0,2021,6,0,1,3,8,1,2,1,0,0,0,0,0,403070.344814866781235,5757923.392472198233008,7.589183143000071,51.963543134000076,0,5210613702100050000
5,5,66,60,2021,11,15,4,2,3,6,0,1,0,0,0,0,0,391210.817246063612401,5785790.849644158035517,7.407743224000058,52.211804159000053,0,5211124709500560000
5,5,15,0,2021,6,13,5,3,5,3,0,1,1,0,0,0,0,404584.109787874855101,5758835.328312033787370,7.610955597000043,51.972001815000056,0,5210624702100570000
5,5,58,24,2021,2,13,4,3,5,3,0,1,1,0,0,0,0,391733.228999956510961,5736540.152999628335238,7.430937419000031,51.769263201000058,0,5210224706300980000
5,5,66,8,2021,9,7,4,3,5,3,0,1,0,0,1,0,0,399031.776999970898032,5781893.646999662742019,7.523330647000023,52.178266015000077,0,5210908709110370000
5,5,66,12,2021,10,14,3,3,3,7,0,1,0,0,0,0,0,404639.066906300373375,5772357.112330881878734,7.607985549000034,52.093548551000026,0,5211005709110980000
5,5,66,4,2021,9,18,3,3,3,6,0,1,0,0,0,0,0,395263.466999963857234,5767019.402999652549624,7.472815017000073,52.043880000000058,0,5210907709100930000
5,5,66,12,2021,5,14,2,3,5,3,0,1,1,0,0,0,0,400676.758758031763136,5776359.703371500596404,7.548998523000023,52.128826457000059,0,5210531709100570000
5,5,66,76,2021,6,14,6,3,5,2,0,1,1,0,0,0,0,391330.780208221636713,5793286.366931110620499,7.407087226000044,52.279190866000079,0,5210625709500070000
5,5,66,4,2021,5,19,2,3,0,1,0,1,0,0,0,0,0,394886.782760931178927,5767461.066894074901938,7.467188800000031,52.047778232000041,0,5210510709000240000
5,5,66,76,2021,11,8,3,2,5,3,0,1,1,0,0,0,0,393033.453999959863722,5793800.681999659165740,7.431872227000042,52.284147056000052,1,5211130709500170000
5,5,15,0,2021,7,16,3,3,6,4,0,0,1,1,0,0,0,399513.472443286329508,5757494.664274975657463,7.537555990000044,51.959058168000070,0,5210706702100480000
5,5,58,32,2021,2,7,2,3,0,1,2,0,0,0,1,0,0,391960.763441530987620,5751125.915134645998478,7.429679315000044,51.900401686000066,2,5210201706000490000
5,5,15,0,2021,12,6,4,3,5,3,2,1,1,0,0,0,0,401571.620201985351741,5757094.143509976565838,7.567614045000028,51.955826347000027,0,5211215702100270000
5,5,15,0,2021,4,13,6,3,7,7,0,1,0,0,0,0,0,404393.122168069705367,5756475.181186914443970,7.608833089000029,51.950755132000040,0,5210423702100150000