ULAND,UREGBEZ,UKREIS,UGEMEINDE,UJAHR,UMONAT,USTUNDE,UWOCHENTAG,UKATEGORIE,UART,UTYP1,ULICHTVERH,IstRad,IstPKW,IstFuss,IstKrad,IstGkfz,IstSonstige,LINREFX,LINREFY,XGCSWGS84,YGCSWGS84,STRZUSTAND,UIDENTSTLAE
5,5,15,0,2021,11,17,4,3,6,4,2,0,1,1,0,0,0,401525.603846994228661,5758365.955818401649594,7.566579977000060,51.967249506000030,0,5211110702100370000
5,5,66,76,2021,10,8,2,3,2,2,0,0,1,0,0,1,0,393661.790339871309698,5794319.599424833431840,7.440916187000028,52.288932595000063,0,5211011709500440000
5,5,66,76,2021,3,14,4,3,0,1,0,1,0,0,0,0,0,391876.753194844350219,5792522.783644111827016,7.415331787000071,52.272436132000053,0,5210310709500370000
5,5,15,0,2021,11,15,4,3,0,2,0,0,1,0,0,0,0,402431.740518689155579,5754751.105595838278532,7.580791798000064,51.934918041000060,1,5211103702100090000
5,5,66,64,2021,7,8,6,3,0,7,0,1,0,0,0,0,1,394980.451595681719482,5771482.443290404975414,7.467317128000047,52.083938672000045,1,5210709709000570000
5,5,66,76,2021,3,11,6,2,5,3,0,1,1,0,0,0,0,392977.163950311020017,5791649.478428563103080,7.431729996000058,52.264802876000033,0,5210305709500370000
5,5,66,16,2021,9,15,6,2,6,7,0,0,1,1,0,0,0,398125.628529419191182,5798796.041124651208520,7.504983363000065,52.330009970000049,0,5210917709500060000
5,5,15,0,2021,12,12,1,3,5,3,0,1,1,0,0,0,0,404446.769123985432088,5760730.189249515533447,7.608429119000050,51.989009865000071,0,5211219702100560000
5,5,66,76,2021,12,6,4,3,4,1,2,1,1,0,0,0,0,397407.848459209315479,5795241.949396612122655,7.495537441000067,52.297934287000032,0,5211208709500050000
5,5,66,12,2021,12,7,5,3,0,3,2,0,1,1,0,0,0,401176.427739962004125,5775398.316626515239477,7.556574866000062,52.120275172000049,0,5211223709000960000
5,5,66,76,2021,12,13,5,3,5,3,0,1,1,0,0,0,0,394652.554999961517751,5795859.064999664202332,7.454955107000046,52.302958967000052,1,5211202709500110000
5,5,66,8,2021,12,12,7,3,5,2,0,1,1,0,0,0,0,398931.238322806544602,5782313.711023347452283,7.521735597000031,52.182023010000080,0,5211218709110580000
5,5,66,12,2021,11,11,4,2,5,3,0,1,1,0,0,0,0,404892.375999978743494,5772594.536999665200710,7.611615752000034,52.095726160000027,0,5211110709110040000
5,5,15,0,2021,1,16,6,3,4,6,0,0,1,1,0,0,0,404058.555887124501169,5751175.483543101698160,7.605443810000054,51.903061706000074,0,5210122702000070000
5,5,66,8,2021,9,19,1,3,5,3,0,1,1,0,0,0,0,398206.758999967016280,5781193.186999659985304,7.511479271000042,52.171818915000074,0,5210905709110080000
5,5,66,76,2021,10,12,6,3,1,6,0,0,1,0,0,0,0,393669.579353653825819,5794337.254792019724846,7.441024769000023,52.289092774000039,0,5211015709500070000
5,5,66,76,2021,5,13,6,3,5,3,0,1,0,0,0,0,0,394419.104249927215278,5792814.677594467997551,7.452486521000026,52.275553527000056,0,5210528709500560000
5,5,15,0,2021,1,6,7,3,8,1,2,0,1,0,0,0,0,402186.482368194498122,5750168.071778830140829,7.578527101000077,51.893681223000044,0,5210123702100940000
5,5,66,76,2021,5,15,7,2,6,7,0,0,0,1,0,0,1,399497.621484948322177,5793656.278731169179082,7.526644801000032,52.284069325000075,0,5210529709000740000
5,5,15,0,2021,10,21,6,2,0,1,2,1,0,0,0,0,0,404081.156619937159121,5757933.089514723047614,7.603888114000029,51.963805614000080,0,5211029702100690000
5,5,15,0,2021,9,2,3,3,0,1,2,0,0,0,1,0,0,404127.482999977655709,5761396.345999658107758,7.603594472000054,51.994942461000051,1,5210928702100010000
5,5,66,8,2021,12,8,6,2,9,1,1,0,1,0,0,0,0,400164.553708337247372,5779256.913285788148642,7.540667380000059,52.154773780000028,1,5211231709110000000
5,5,66,76,2021,6,15,6,2,0,7,0,0,1,1,0,0,0,394735.552651048637927,5793956.580047417432070,7.456766382000069,52.285876788000053,0,5210611709500030000
5,5,66,8,2021,10,14,7,3,4,6,0,1,0,0,0,0,0,398775.595999968238175,5779623.271999660879374,7.520262537000065,52.157813624000028,0,5211009709000170000
5,5,15,0,2021,9,12,7,3,0,6,0,1,1,0,0,0,0,399283.229210744611919,5756766.770231407135725,7.534419670000034,51.952474139000060,0,5210918702100270000
5,5,15,0,2021,1,6,3,2,0,3,2,0,1,0,1,0,0,403718.069099879823625,5757403.140265837311745,7.598753588000022,51.958979493000072,0,5210119702100010000
5,5,66,12,2021,7,15,2,3,0,1,0,0,0,1,1,0,0,401058.506999973207712,5775035.491999665275216,7.554958578000026,52.116993043000036,0,5210705709110670000
5,5,15,0,2021,9,3,1,2,9,1,2,0,1,0,0,0,0,402433.775511148385704,5756158.820775521919131,7.580421980000040,51.947571347000064,0,5210926702100560000
5,5,66,76,2021,6,17,2,3,2,1,0,0,1,0,0,0,0,393745.462646509520710,5793861.349942805245519,7.442286940000031,52.284830404000047,0,5210607709500060000
5,5,58,24,2021,9,16,6,3,5,3,0,0,1,0,0,0,0,393965.676390053704381,5737045.788973487913609,7.463124223000023,51.774235192000049,0,5210924706300500000
5,5,66,76,2021,11,7,5,3,5,3,0,1,1,0,0,0,0,391534.346239159815013,5792444.518992729485035,7.410340685000051,52.271665322000047,0,5211104709500030000
5,5,66,8,2021,6,14,6,3,5,2,0,1,1,0,0,0,0,399241.939931071363389,5780255.454024706035852,7.526889669000070,52.163580817000081,0,5210618709100990000
5,5,15,0,2021,9,17,3,3,1,7,0,0,1,0,1,0,0,402294.998556872829795,5754443.662910612300038,7.578890753000053,51.932130666000035,0,5210914702100560000
5,5,66,8,2021,6,11,1,2,5,3,0,1,1,0,0,0,0,399258.981354915536940,5784371.684809003025293,7.525915798000028,52.200579389000040,0,5210613709100640000
5,5,15,0,2021,3,15,3,3,3,6,0,1,0,0,0,0,0,404146.586999977007508,5761337.118999660015106,7.603889197000058,51.994413409000060,0,5210302702100470000
5,5,66,76,2021,7,17,3,3,5,3,0,1,1,0,0,0,0,394039.283999961800873,5795878.895999664440751,7.445958099000052,52.303019219000078,0,5210713709700470000
5,5,66,76,2021,11,16,2,3,6,4,1,0,1,1,0,0,0,392723.938097710721195,5793010.860916741192341,7.427587898000070,52.276988498000037,0,5211108709500170000
5,5,66,12,2021,2,11,2,2,6,2,0,0,1,1,0,0,0,404957.647184509783983,5774161.520838551223278,7.612131089000059,52.109821679000049,0,5210222709100470000
5,5,66,76,2021,12,15,5,2,4,1,0,1,0,0,0,0,0,393699.104281703941524,5794401.660819020122290,7.441437161000067,52.289677315000063,0,5211216709500520000
5,5,15,0,2021,6,11,6,3,5,3,0,0,1,0,0,0,0,402550.017923832871020,5758278.964706066995859,7.581511350000028,51.966648144000033,0,5210611702100270000
5,5,15,0,2021,1,13,4,2,0,1,0,0,0,0,1,0,0,399812.668197433464229,5756419.099086707457900,7.542222452000033,51.949444854000035,1,5210120702100460000
5,5,62,36,2021,9,13,1,3,5,3,0,1,1,0,0,0,0,390012.091999952681363,5721093.259999619796872,7.410875909000026,51.630091822000054,0,5210912701930570000
5,5,66,8,2021,12,15,4,3,5,3,0,1,1,0,0,0,0,399313.377999968826771,5779099.002999659627676,7.528276661000064,52.153199964000066,1,5211201709110360000
5,5,66,12,2021,6,16,5,3,4,1,0,1,0,0,0,0,1,404744.119665632024407,5772298.292333789169788,7.609534988000064,52.093037961000050,0,5210617709000540000
5,5,66,12,2021,5,16,1,3,4,6,0,1,1,0,0,0,0,400900.576999971643090,5776255.886999664828181,7.552297372000055,52.127933546000065,0,5210502709100570000
5,5,15,0,2021,6,7,2,3,6,4,0,1,0,1,0,0,0,402414.297410621307790,5758390.149382013827562,7.579504849000045,51.967623690000039,0,5210614702100460000
5,5,66,12,2021,5,16,2,3,3,6,0,1,1,0,0,0,0,400453.170999972149730,5776285.304999662563205,7.545755067000073,52.128117547000045,0,5210503709110070000
5,5,66,76,2021,9,22,4,2,0,1,2,1,0,0,0,0,0,393653.623849381692708,5796540.097950747236609,7.440095318000033,52.308887005000031,0,5210908709500030000
5,5,66,4,2021,11,15,2,3,0,7,0,0,0,0,1,0,0,395989.868444241583347,5767803.638036863878369,7.483164123000051,52.051065262000066,0,5211122709000680000
5,5,66,12,2021,1,10,7,3,6,7,0,0,1,1,0,0,0,404808.081995271146297,5772180.573943819850683,7.610501235000072,52.091990895000038,0,5210109709110080000
5,5,66,4,2021,9,6,5,3,4,1,0,1,1,0,0,0,0,395119.630903858691454,5767260.200331628322601,7.470644634000053,52.046017016000064,0,5210930709000790000
5,5,66,8,2021,2,8,2,2,0,1,0,1,0,0,0,0,0,399740.230785712599754,5781443.347363203763962,7.533821259000035,52.174348042000076,0,5210215709000740000
5,5,66,76,2021,9,18,2,3,1,6,0,0,1,0,0,0,0,393529.397953176870942,5792964.504774283617735,7.439403894000066,52.276728472000059,1,5210927709500510000
5,5,62,36,2021,3,19,4,3,6,5,2,0,1,1,0,0,0,389651.411839193664491,5720170.812423160299659,7.405957556000033,51.621730189000061,0,5210303701930610000
5,5,66,76,2021,4,12,2,3,1,6,0,0,1,0,1,0,0,392964.351610161364079,5793638.579689625650644,7.430911072000072,52.282676765000076,1,5210412709500820000
5,5,15,0,2021,1,13,5,2,1,5,0,0,1,0,0,0,0,404551.735053258948028,5754264.243413498625159,7.611753994000026,51.930909567000072,1,5210128702100010000
5,5,66,12,2021,9,2,1,3,0,7,2,1,0,0,0,0,0,404636.178475073538721,5772846.108290527015924,7.607806563000054,52.097943225000051,0,5210905709100230000
5,5,66,76,2021,4,13,6,3,5,3,0,1,1,0,0,0,0,393745.393999961204827,5793462.815999660640955,7.442411557000071,52.281248687000073,0,5210409709500540000
5,5,15,0,2021,12,7,3,3,0,3,0,1,1,0,0,0,0,401744.702910569496453,5757490.146188402548432,7.570018736000065,51.959416315000055,0,5211207702100860000
5,5,66,12,2021,5,12,1,2,5,3,0,1,1,0,0,0,0,401350.375081439502537,5776120.189871458336711,7.558905385000060,52.126794380000035,0,5210530709100870000
5,5,66,8,2021,9,11,1,3,9,1,0,1,0,0,0,0,0,399082.565002321265638,5782322.435919243842363,7.523945557000047,52.182129132000057,0,5210905709100460000
5,5,66,8,2021,7,10,2,3,5,3,0,1,1,0,0,0,0,400832.484999974258244,5779420.253999667242169,7.550379693000025,52.156362226000056,0,5210712709100070000
5,5,66,76,2021,9,12,4,3,1,1,0,0,1,0,0,1,0,394461.992497884668410,5791347.284745693206787,7.453573935000065,52.262373910000065,0,5210901709500300000
5,5,66,8,2021,10,14,6,3,5,3,0,1,0,0,0,0,0,399559.377999970689416,5780413.527999663725495,7.531482271000073,52.165059400000075,0,5211008709110790000
5,5,15,0,2021,11,14,4,3,0,2,0,1,1,0,0,0,0,403874.237071352079511,5757415.148016912862659,7.601022297000043,51.959114443000033,0,5211110702100570000
5,5,66,76,2021,5,9,2,2,2,6,0,0,1,0,0,0,0,393169.759999958798289,5792969.230999663472176,7.434133124000027,52.276701178000053,0,5210517709500930000
5,5,15,0,2021,11,9,7,3,6,6,0,0,1,1,0,0,0,401497.696834952570498,5753803.010974345728755,7.567481368000074,51.926231786000073,1,5211106702100450000
5,5,15,0,2021,11,8,2,3,8,1,0,0,1,0,0,0,0,404164.283999834209681,5751462.091776154935360,7.606900423000070,51.905656066000063,2,5211129702100770000
5,5,15,0,2021,10,11,6,3,1,3,0,0,1,0,0,0,0,402307.179836200550199,5758455.086268160492182,7.577927646000035,51.968188542000064,1,5211015702100060000
5,5,66,8,2021,2,6,3,3,5,3,2,1,1,0,0,0,0,399891.777383525855839,5780659.498983966186643,7.536267929000076,52.167330518000028,0,5210223709110370000
5,5,66,8,2021,3,9,3,2,8,5,0,1,0,0,0,0,0,399627.158847167156637,5781441.658270077779889,7.532168805000026,52.174312304000068,0,5210323709110710000
5,5,15,0,2021,12,15,7,3,4,6,0,1,0,0,0,0,0,403732.713385974057019,5757997.223762214183807,7.598800133000054,51.964321845000029,1,5211218702100570000
5,5,66,76,2021,10,20,1,3,8,1,2,0,0,0,1,0,0,393865.763999960385263,5791713.000999661162496,7.444725985000048,52.265545965000058,0,5211017709500470000
5,5,66,8,2021,1,14,3,3,5,3,0,1,0,0,0,0,1,398203.662999968975782,5779857.815999662503600,7.511834528000065,52.159816473000035,1,5210105709300040000
5,5,62,36,2021,6,14,6,3,1,5,0,1,1,0,0,0,0,390108.374425611458719,5720155.647622473537922,7.412560639000048,51.621683302000065,0,5210618701930170000
5,5,66,4,2021,9,20,2,3,8,1,2,0,1,0,0,0,0,396032.527989700436592,5767468.624155258759856,7.483887943000070,52.048062251000033,1,5210927709100180000
5,5,15,0,2021,12,23,5,3,3,6,2,1,0,0,0,0,0,404923.243197905831039,5756879.964301209896803,7.616432402000044,51.954484360000038,0,5211216702100070000
5,5,15,0,2021,4,17,2,3,5,3,0,1,0,0,0,0,0,406796.391999979503453,5757303.653999656438828,7.643567394000058,51.958609787000057,0,5210426702100970000
5,5,15,0,2021,11,19,2,3,2,5,2,1,0,0,0,0,0,405893.176999979652464,5758383.339999658986926,7.630130696000037,51.968162352000036,1,5211101702100560000
5,5,70,4,2021,2,18,3,3,4,7,2,0,1,0,0,0,0,425060.660525191575289,5734395.731576429679990,7.914285351000046,51.755439504000037,2,5210216711213820000
5,5,66,12,2021,12,15,2,3,5,3,0,1,0,0,0,0,0,405060.194313680753112,5772819.247009765356779,7.614002188000029,52.097774714000082,0,5211206709100930000
5,5,70,52,2021,5,13,6,3,1,5,0,1,1,0,0,0,0,430795.099900669418275,5756820.920482702553272,7.992859837000026,51.957775281000067,0,5210528711111170000
5,5,70,4,2021,9,5,2,3,5,3,2,0,1,0,1,0,0,423357.604999993927777,5736536.988999655470252,7.889144174000023,51.774458151000033,0,5210927711211690000
5,5,15,0,2021,12,10,6,3,0,3,0,1,1,0,0,0,0,406273.853281994350255,5751948.796914406120777,7.637423945000023,51.910389758000065,0,5211210702100060000
5,5,15,0,2021,5,10,2,3,0,4,0,0,1,1,0,0,0,405589.502288273535669,5757387.466566659510136,7.625985393000065,51.959159521000061,1,5210517702100560000
5,5,15,0,2021,12,8,2,3,0,1,0,1,0,0,0,0,0,404921.447992370463908,5755170.272565847262740,7.616879161000043,51.939116631000047,2,5211220702100970000
5,5,15,0,2021,6,19,6,3,4,2,0,1,1,0,0,0,0,406155.631999977864325,5756694.193999657407403,7.634411455000077,51.953023900000062,0,5210618702100870000
5,5,66,28,2021,3,17,7,3,4,6,0,0,1,0,0,0,0,412877.035207566805184,5792439.389161117374897,7.723043292000057,52.275415441000064,1,5210327709700960000
5,5,66,40,2021,4,10,5,3,6,4,0,0,1,1,0,0,0,421656.887999991886318,5782623.303999677300453,7.853974282000024,52.188501944000052,0,5210401709800160000
5,5,70,4,2021,1,21,1,2,5,3,2,0,1,0,0,0,0,425171.050622908398509,5735254.124651396647096,7.915699528000061,51.763170975000037,0,5210131711213550000
5,5,70,4,2021,7,19,7,3,1,5,0,1,1,0,0,0,0,424014.733404560014606,5734174.615099303424358,7.899183380000068,51.753310814000031,0,5210710711213070000
5,5,15,0,2021,5,16,6,3,0,1,0,1,1,0,0,0,0,404739.630758053623140,5758757.061405712738633,7.613240642000051,51.971325002000071,0,5210528702100740000
5,5,15,0,2021,11,20,5,3,0,1,2,1,0,0,0,0,0,405627.211570146493614,5753492.835306417196989,7.627602910000064,51.924159168000074,1,5211104702100670000
5,5,66,28,2021,10,3,1,2,5,6,2,0,1,0,0,0,0,411247.991895933635533,5794125.275778185576200,7.698729221000065,52.290307962000043,0,5211017709700770000
5,5,15,0,2021,3,15,2,3,3,6,0,1,1,0,0,0,0,405368.612862377427518,5758784.609235186129808,7.622386627000026,51.971680064000054,0,5210329702100590000
5,5,70,4,2021,5,14,6,3,5,2,0,1,1,0,0,0,0,424784.868083502165973,5734823.091809459030628,7.910197985000025,51.759244376000026,0,5210507711213280000
5,5,15,0,2021,6,14,4,3,0,4,0,1,0,1,0,0,0,405500.860437748022377,5757173.793210873380303,7.624754512000038,51.957223875000068,0,5210630702100860000
5,5,70,52,2021,2,7,6,3,5,3,1,1,1,0,0,0,0,429922.149999995715916,5755713.172999665141106,7.980383850000067,51.947707734000062,1,5210226711112780000
5,5,15,0,2021,4,17,4,3,0,1,0,1,0,0,0,0,0,406432.904963113367558,5755851.173919057473540,7.638674489000039,51.945493136000039,1,5210407702100060000
5,5,66,40,2021,11,19,2,2,0,7,2,1,0,0,0,0,0,421342.985648727044463,5782245.742514181882143,7.849471039000036,52.185063414000069,0,5211101709800620000
5,5,15,0,2021,9,22,3,2,1,1,2,1,1,0,0,0,0,405507.594183734618127,5755566.222495529800653,7.625294448000034,51.942775460000064,0,5210928702100070000
5,5,66,12,2021,9,18,4,2,8,7,1,0,0,0,0,1,0,410447.145488710142672,5775827.024742607027292,7.691830703000051,52.125708121000059,1,5210929709110550000
5,5,70,52,2021,11,15,3,3,5,3,1,1,1,0,0,0,0,429962.565971413627267,5756415.504607208073139,7.980828661000032,51.954026512000041,1,5211130711111680000
5,5,15,0,2021,10,22,2,3,0,1,2,0,0,0,0,0,1,405334.028713649138808,5758065.375280966982245,7.622081635000029,51.965209409000067,0,5211004702100590000
5,5,15,0,2021,2,13,6,3,1,5,0,1,1,0,0,0,0,406448.607618550769985,5758015.451304020360112,7.638313599000071,51.964949355000044,0,5210205702100560000
5,5,66,92,2021,9,13,3,3,3,1,0,1,0,0,0,0,0,421455.936545042321086,5797896.604160981252789,7.847481794000032,52.325761226000054,0,5210921709700570000
5,5,15,0,2021,5,21,6,2,1,1,0,0,0,0,0,0,1,405110.766884841024876,5759156.306899087503552,7.618531406000045,51.974977062000050,0,5210514702100070000
5,5,15,0,2021,6,16,6,3,3,6,0,1,0,0,0,0,1,406157.204454272054136,5757195.526968896389008,7.634297403000062,51.957530382000073,0,5210604702100660000
5,5,66,28,2021,12,21,4,3,0,7,2,1,0,0,0,0,0,412508.348001477308571,5792549.769082691520452,7.717612290000034,52.276349016000040,0,5211215709700210000
5,5,70,4,2021,5,18,3,2,2,6,0,1,0,0,0,0,0,425844.336637111380696,5736392.096486378461123,7.925210883000034,51.773490612000046,1,5210518711212780000
5,5,70,4,2021,10,15,4,3,6,4,0,0,1,1,0,0,0,423746.264247347600758,5735960.734773021191359,7.894902812000055,51.769330923000041,0,5211027711211100000
5,5,15,0,2021,5,12,1,2,1,1,0,1,1,0,0,0,0,404867.349330166354775,5757581.743615290150046,7.615424950000033,51.960782672000050,0,5210502702100040000
5,5,15,0,2021,6,13,2,2,1,5,0,1,1,0,0,0,0,405994.334093609824777,5756550.921132342889905,7.632104223000056,51.951708856000039,0,5210628702100040000
5,5,70,52,2021,9,18,7,3,6,4,0,0,1,1,0,0,0,430598.745941356755793,5757175.467526089400053,7.989931140000067,51.960938052000074,0,5210904711111380000
5,5,70,4,2021,6,18,5,3,5,3,0,1,1,0,0,0,0,423151.661999992094934,5735151.942999653518200,7.886466287000076,51.761978882000051,0,5210603711216470000
5,5,66,12,2021,6,18,4,3,0,7,0,1,0,1,0,0,0,406094.704148789867759,5772902.633328719064593,7.629077002000031,52.098700760000042,0,5210609709100650000
5,5,66,28,2021,3,19,6,3,2,6,2,0,1,0,0,0,1,414115.761871269904077,5796095.681683598086238,7.740262380000047,52.308474343000057,0,5210312709700870000
5,5,15,0,2021,6,7,4,3,5,2,0,1,0,0,0,0,0,405337.798847637139261,5756881.559653466567397,7.622462734000067,51.954569420000041,0,5210602702100360000
5,5,15,0,2021,11,12,4,3,1,7,0,0,1,1,0,0,0,405770.923259708099067,5758885.757887372747064,7.628213747000075,51.972657586000082,1,5211117702100270000
5,5,15,0,2021,6,13,3,3,5,3,0,1,0,0,0,0,0,409127.699999981559813,5757592.803999660536647,7.677409542000021,51.961594742000045,0,5210608702100270000
5,5,70,52,2021,12,17,5,2,7,5,2,1,1,0,0,0,0,430024.250247899442911,5756060.040471386164427,7.981798510000033,51.950838793000059,1,5211223711112580000
5,5,70,4,2021,6,15,3,2,0,6,0,1,0,0,0,0,0,423548.492999992333353,5734954.153999652713537,7.892258730000037,51.760255152000070,0,5210622711211980000
5,5,66,12,2021,6,16,6,3,7,5,0,1,1,0,0,0,0,405300.966999977827072,5771731.944999668747187,7.617818137000029,52.088043092000078,0,5210611709100070000
5,5,15,0,2021,10,16,7,3,5,3,0,1,1,0,0,0,0,405902.444021944887936,5757239.050766846165061,7.630579074000025,51.957878541000071,0,5211009702100290000
5,5,66,28,2021,12,17,3,2,8,1,2,0,1,0,0,0,0,411275.039150623604655,5787688.760873809456825,7.700817727000071,52.232459381000069,1,5211221709700040000
5,5,70,4,2021,10,1,7,3,0,1,2,1,0,0,0,0,0,426751.624999993480742,5739653.913999659940600,7.937669705000076,51.802932968000050,1,5211002711212080000
5,5,58,4,2021,6,15,2,3,2,6,0,1,1,0,0,0,0,404398.236204075627029,5738318.113372279331088,7.613934374000053,51.787550905000046,1,5210628706300770000
5,5,15,0,2021,10,17,6,3,6,6,0,1,0,1,0,0,0,405986.818884310312569,5757183.736245820298791,7.631821757000068,51.957395621000046,0,5211029702100150000
5,5,70,52,2021,12,7,6,3,1,5,1,1,1,0,0,0,0,429434.302501788362861,5755213.458431148901582,7.973389587000042,51.943153825000081,0,5211210711112380000
5,5,15,0,2021,11,11,4,3,5,2,0,1,1,0,0,0,0,404872.088049202226102,5754413.962496345862746,7.616370498000038,51.932310152000071,1,5211124702100580000
5,5,66,56,2021,1,17,4,3,6,4,2,0,0,1,1,0,0,416972.798666925169528,5797991.503106603398919,7.781690627000046,52.325954248000073,0,5210120709700010000
5,5,15,0,2021,10,21,6,3,0,1,2,0,0,0,0,0,1,406217.679728401824832,5757869.104123318567872,7.634993327000075,51.963595010000063,1,5211001702100080000
5,5,15,0,2021,9,13,4,3,0,7,0,0,0,1,0,0,1,411724.130513270385563,5761691.293365987017751,7.714134026000067,51.998853253000050,0,5210922702100340000
5,5,15,0,2021,4,9,4,3,6,2,0,0,0,1,1,0,0,407722.632876393385231,5758196.187851786613464,7.656803546000049,51.966786854000077,0,5210428702100060000
5,5,70,4,2021,12,8,6,3,0,6,1,0,1,0,0,0,0,423001.622999992221594,5735280.992999656125903,7.884264065000025,51.763118380000037,1,5211203711216380000
5,5,15,0,2021,7,1,1,2,0,1,2,1,0,0,0,0,0,406119.715681387111545,5757030.557688826695085,7.633797073000039,51.956041233000064,0,5210711702100820000
5,5,70,4,2021,2,11,3,3,5,3,0,1,1,0,0,0,0,422774.251503372564912,5735252.504495397210121,7.880976374000056,51.762830966000081,1,5210202711215670000
5,5,66,28,2021,7,10,6,3,0,6,0,1,0,0,0,0,0,414480.640909486450255,5791730.602569216862321,7.746720814000071,52.269296385000075,0,5210702709700070000
5,5,15,0,2021,6,19,6,3,0,1,0,1,0,0,0,0,0,405442.344308687373996,5759029.103492895141244,7.623392296000077,51.973890226000037,0,5210611702100850000
5,5,15,0,2021,3,16,4,3,5,3,0,1,1,0,0,0,0,405772.485740079544485,5758398.249745490029454,7.628370301000075,51.968275921000043,0,5210317702100040000
5,5,70,4,2021,9,7,3,3,0,2,0,0,1,0,0,0,1,425026.876682017929852,5734658.928067184984684,7.913739215000021,51.757801045000065,0,5210907711213590000
5,5,15,0,2021,6,17,3,3,0,3,0,1,1,0,0,0,0,405321.157748557627201,5751433.169840715825558,7.623719796000046,51.905593916000043,0,5210629702100870000
5,5,70,52,2021,12,14,2,3,5,3,0,1,1,0,0,0,0,429840.900548859499395,5756025.713851649314165,7.979138095000053,51.950507111000036,1,5211213711112450000
5,5,70,4,2021,12,16,1,3,5,3,2,0,1,0,0,0,1,424595.943815297447145,5734350.556184420362115,7.907563692000053,51.754971018000049,1,5211212711213920000
5,5,15,0,2021,10,15,7,3,1,5,0,1,1,0,0,0,0,405301.135649821721017,5757275.735745711252093,7.621820725000021,51.958106200000032,0,5211009702100670000
5,5,15,0,2021,6,7,5,2,0,2,0,1,0,0,0,0,0,406408.155311552807689,5756522.477193815633655,7.638131724000061,51.951522979000060,0,5210610702100580000
5,5,15,0,2021,10,13,3,3,6,2,0,0,1,1,0,0,0,404933.210999976843596,5758219.829999659210443,7.616206573000056,51.966529307000030,0,5211005702100640000
5,5,15,0,2021,5,15,5,3,4,2,0,1,1,0,0,0,0,406150.599174940958619,5756688.272841282188892,7.634339859000022,51.952969829000040,1,5210527702100560000
5,5,15,0,2021,7,20,4,3,4,2,1,1,0,0,0,0,0,405879.070229934528470,5757259.082823911681771,7.630233527000030,51.958054642000036,0,5210707702100550000
5,5,15,0,2021,10,12,1,3,1,5,0,1,1,0,0,0,0,404780.332770164124668,5759263.330982338637114,7.613692523000054,51.975882513000045,0,5211017702100160000
5,5,15,0,2021,9,13,3,3,5,2,0,1,1,0,0,0,0,405996.819569230079651,5756569.972946563735604,7.632135167000058,51.951880522000067,0,5210907702100270000
5,5,70,52,2021,9,14,6,3,5,2,0,0,1,0,0,0,0,429738.804940219968557,5755715.039609257131815,7.977716300000054,51.947701385000073,0,5210903711112590000
5,5,15,0,2021,2,17,4,3,9,7,1,1,0,0,0,0,1,405131.848097099922597,5750768.474806196987629,7.621151761000021,51.899587098000040,0,5210224702100260000
5,5,15,0,2021,12,13,6,3,0,1,0,1,0,0,0,0,0,407017.163238828070462,5751119.808660117909312,7.648450518000061,51.903062898000030,1,5211217702100890000
5,5,15,0,2021,1,16,3,2,0,1,1,1,0,0,0,0,0,405606.629527283832431,5757270.909246565774083,7.626266606000058,51.958114761000047,1,5210105702100640000
5,5,70,52,2021,12,6,6,2,7,6,2,1,1,0,0,0,0,430361.883100005798042,5755877.794525027275085,7.986747425000033,51.949242847000050,1,5211203711112280000
5,5,66,12,2021,9,7,4,3,5,3,0,1,1,0,0,0,0,405689.624999978579581,5772281.020999670028687,7.623337123000056,52.093044673000065,0,5210908709110830000
5,5,15,0,2021,10,13,4,3,0,1,0,0,0,0,1,0,0,406371.760860731825233,5751593.234587453305721,7.638943505000043,51.907210231000079,0,5211027702100370000
5,5,15,0,2021,3,13,6,3,2,5,0,0,1,0,0,0,0,407021.445999980904162,5751720.866999657824636,7.648350566000033,51.908466286000078,0,5210319702100160000
5,5,70,4,2021,10,14,2,3,6,4,0,0,1,1,0,0,0,424765.951720320619643,5734437.127719830721617,7.910007507000046,51.755772133000050,0,5211025711213580000
5,5,66,80,2021,5,17,7,3,6,3,0,0,1,1,0,0,0,407116.030999980866909,5780975.247999671846628,7.641777507000029,52.171431662000032,0,5210515709110070000
5,5,70,52,2021,6,16,2,3,5,3,0,1,1,0,0,0,0,429307.371904849074781,5756591.198397027328610,7.971259907000046,51.955523022000079,1,5210621711111350000
5,5,70,4,2021,12,19,6,2,0,5,2,0,1,0,0,0,0,424510.633038356900215,5732856.997524034231901,7.906652208000025,51.741532872000050,1,5211210711213380000
5,5,15,0,2021,6,8,2,3,3,2,0,1,1,0,0,0,0,406180.159999979659915,5755208.502999659627676,7.635173738000049,51.939673924000033,0,5210628702100160000
5,5,66,28,2021,4,17,3,3,9,5,0,0,1,0,0,0,0,413109.890251448377967,5794001.358660506084561,7.726052700000025,52.289491747000056,0,5210427709700250000
5,5,70,4,2021,9,19,2,2,0,1,1,1,1,0,0,0,1,425194.464546254836023,5734387.224448444321752,7.916225349000058,51.755380915000046,0,5210913711213490000
5,5,15,0,2021,11,14,4,3,5,3,0,1,0,0,0,0,0,404927.644083574414253,5755165.862082676962018,7.616970487000060,51.939078046000077,0,5211110702100430000
5,5,70,44,2021,9,13,6,3,5,3,0,1,1,0,0,0,0,416501.215999988839030,5759853.806999664753675,7.784149250000041,51.983075157000030,0,5210917711142570000
5,5,15,0,2021,6,17,5,3,5,4,0,0,1,1,0,0,0,406845.572065533138812,5761030.680340725928545,7.643271257000038,51.992118313000049,0,5210624702100060000
5,5,15,0,2021,4,14,2,3,5,7,0,1,1,0,0,0,0,405996.416887939907610,5756566.886290216818452,7.632130153000048,51.951852710000026,0,5210412702100270000
5,5,15,0,2021,10,11,7,2,5,2,0,1,0,0,0,0,0,405892.889829655177891,5758382.335610194131732,7.630126792000056,51.968153276000066,0,5211009702100570000