ULAND,UREGBEZ,UKREIS,UGEMEINDE,UJAHR,UMONAT,USTUNDE,UWOCHENTAG,UKATEGORIE,UART,UTYP1,ULICHTVERH,IstRad,IstPKW,IstFuss,IstKrad,IstGkfz,IstSonstige,LINREFX,LINREFY,XGCSWGS84,YGCSWGS84,STRZUSTAND,UIDENTSTLAE
5,5,66,28,2021,3,17,1,3,6,7,0,0,1,1,0,0,0,411685.394425738602877,5793266.964246273040771,7.705365505000032,52.282663745000036,0,5210321709700070000
5,5,70,24,2021,11,8,6,3,6,4,0,0,1,1,0,0,0,420573.587597585283220,5753308.282784534618258,7.844947924000053,51.924833312000032,0,5211119711161790000
5,5,70,4,2021,11,7,5,3,5,3,1,1,1,0,0,0,0,424771.553034897893667,5734419.361622750759125,7.910092488000032,51.755613173000029,0,5211111711213290000
5,5,15,0,2021,10,12,2,3,0,1,0,0,0,1,0,1,0,405483.095160772092640,5757550.939225884154439,7.624392285000056,51.960610805000044,0,5211018702100070000
5,5,66,28,2021,1,15,3,3,4,1,1,0,1,0,0,0,0,413174.437523113563657,5792102.447488963603973,7.727487879000023,52.272433952000029,1,5210105709700640000
5,5,66,12,2021,5,15,4,3,0,7,0,1,0,0,0,0,1,405398.117519499734044,5772760.624048272147775,7.618950149000057,52.097305682000069,1,5210505709110480000
5,5,15,0,2021,4,11,6,3,0,6,0,0,1,0,1,0,0,404895.697296036407351,5755720.174980295822024,7.616352590000076,51.944054987000072,0,5210416702100560000
5,5,15,0,2021,4,16,4,3,0,1,0,1,0,0,0,0,0,406763.214051119051874,5753875.310774827376008,7.644014354000035,51.927788480000061,0,5210421702100560000
5,5,66,80,2021,4,15,6,3,0,1,0,1,0,0,0,0,0,406673.767250766977668,5781150.992061333730817,7.635264017000054,52.172936653000079,1,5210416709000840000
5,5,70,4,2021,5,20,6,3,5,3,0,0,1,0,0,0,0,425436.090999994426966,5733612.656999656930566,7.919891460000031,51.748449976000074,1,5210521711213370000
5,5,70,4,2021,12,17,3,3,2,3,2,0,1,0,0,0,0,423917.893999992869794,5734235.507999656721950,7.897767397000052,51.753845075000072,0,5211207711211590000
5,5,15,0,2021,7,13,5,3,0,6,0,1,1,0,0,0,0,406678.567046261392534,5756619.352319119498134,7.642039021000073,51.952439180000056,1,5210701702100070000
5,5,15,0,2021,12,15,3,3,6,7,0,0,0,1,0,0,1,406045.768319849856198,5757642.798369746655226,7.632553826000049,51.961531845000081,1,5211214702100080000
5,5,70,4,2021,12,17,2,2,0,1,2,1,1,0,0,0,0,424639.077199686318636,5729987.968167649582028,7.909133232000045,51.715758323000045,1,5211220711214200000
5,5,66,12,2021,4,15,5,3,5,3,0,1,1,0,0,0,0,405255.047302721068263,5772290.679360577836633,7.616992837000055,52.093057249000026,0,5210429709100580000
5,5,70,44,2021,3,14,5,3,0,6,0,1,0,1,0,0,0,417346.836862448602915,5760282.738308243453503,7.796356273000072,51.987057274000051,0,5210318711142060000
5,5,15,0,2021,5,15,4,3,4,6,0,1,0,0,0,0,0,406134.500164920464158,5757460.921475168317556,7.633894569000063,51.959912039000073,0,5210519702100160000
5,5,70,16,2021,10,20,7,2,8,1,2,0,0,0,1,0,0,411932.668493856675923,5739084.726941892877221,7.722945875000050,51.795678864000081,0,5211002711221480000
5,5,66,40,2021,6,10,4,3,0,7,0,1,0,0,0,0,0,421675.410113720223308,5782633.374432174488902,7.854242843000065,52.188595097000075,0,5210602709800540000
5,5,15,0,2021,6,11,2,3,0,5,0,1,1,0,0,0,0,404816.896105513907969,5754215.941678764298558,7.615622769000026,51.930520818000048,1,5210621702100840000
5,5,70,44,2021,2,17,1,3,6,6,1,0,1,1,0,0,0,416448.580999007448554,5759980.398518746718764,7.783352168000022,51.984205169000063,0,5210221711142080000
5,5,15,0,2021,4,12,7,3,7,3,0,1,1,0,0,0,0,406675.903362884186208,5754916.408280944451690,7.642462536000039,51.937131793000049,0,5210424702100060000
5,5,15,0,2021,4,16,7,3,5,3,0,0,1,0,0,0,0,405615.164039976894855,5754365.705053731799126,7.627188365000052,51.932002903000068,0,5210417702100270000
5,5,15,0,2021,9,14,6,3,1,6,0,1,0,0,0,0,0,405359.017338720150292,5757416.906229065731168,7.622623937000071,51.959384954000029,0,5210924702100670000
5,5,15,0,2021,2,16,5,2,1,6,0,1,0,0,0,0,0,408058.821181457489729,5754807.682319521903992,7.662602224000068,51.936384710000027,0,5210225702100530000
5,5,70,4,2021,1,12,1,3,8,1,0,0,1,0,0,0,0,425132.545316304080188,5734392.731738403439522,7.915327257000058,51.755422151000062,0,5210131711213580000
5,5,15,0,2021,11,12,4,2,0,4,0,1,0,1,0,0,0,405523.312611632980406,5757551.018991356715560,7.624977409000053,51.960618358000033,1,5211117702100570000
5,5,66,28,2021,11,9,2,3,7,1,0,0,1,0,0,0,0,416573.950923496857285,5791675.198196217417717,7.777404134000051,52.269119960000069,0,5211122709700970000
5,5,66,28,2021,6,11,3,3,5,2,0,0,0,0,1,1,0,413939.403909374028444,5795690.260991450399160,7.737779919000047,52.304802687000063,0,5210608709700240000
5,5,70,52,2021,6,17,3,3,5,3,0,1,1,0,0,0,0,429884.951431644149125,5756099.049933072179556,7.979763992000073,51.951171929000054,0,5210629711111470000
5,5,15,0,2021,9,13,4,3,8,1,0,0,0,0,1,0,0,405339.799136631190777,5758451.253290148451924,7.622059217000071,51.968678820000036,1,5210929702100470000
5,5,66,40,2021,12,17,5,3,5,3,2,0,1,0,0,0,0,421242.162999991327524,5782794.722999677062035,7.847869057000025,52.189983731000041,1,5211209709800040000
5,5,70,4,2021,9,11,5,3,0,3,0,1,1,0,0,0,0,424621.876654759049416,5734835.566731248050928,7.907834137000066,51.759334606000039,0,5210902711213180000
5,5,15,0,2021,12,11,3,3,3,6,0,1,1,0,0,0,0,405064.608942131511867,5757066.396597953513265,7.618437413000038,51.956184241000074,0,5211214702100070000
5,5,15,0,2021,11,18,5,3,0,7,1,0,1,0,0,0,1,406775.949025153182447,5757296.446826906874776,7.643271925000022,51.958541579000041,0,5211104702100690000
5,5,15,0,2021,5,2,1,3,4,6,2,1,0,0,0,0,0,407660.022861812263727,5757706.668487016111612,7.656024091000063,51.962376394000046,1,5210523702100560000
5,5,70,4,2021,3,11,4,3,2,6,0,0,1,0,0,0,0,423267.510192159563303,5735090.245279232040048,7.888158213000054,51.761440130000040,0,5210310711216770000
5,5,15,0,2021,6,14,4,3,1,5,0,1,1,0,0,0,0,406055.081406945362687,5756826.269332181662321,7.632912621000060,51.954194079000047,0,5210630702100580000
5,5,70,52,2021,4,17,7,3,0,1,0,1,0,0,0,0,0,430885.847922319546342,5757065.956224245950580,7.994130973000040,51.959989350000058,0,5210403711113080000
5,5,70,4,2021,9,18,5,3,5,3,0,0,1,0,0,0,0,423030.136999993585050,5736714.520999655127525,7.884359460000042,51.776009154000064,0,5210902711211900000
5,5,66,80,2021,9,15,2,3,1,5,0,0,1,0,0,0,0,406245.530534459277987,5781364.374299831688404,7.628944756000067,52.174781962000054,0,5210906709100960000
5,5,15,0,2021,9,13,3,3,5,2,0,1,1,0,0,0,0,405421.915999976918101,5757578.315999656915665,7.623494617000063,51.960846476000029,0,5210914702100970000
5,5,15,0,2021,6,17,2,3,5,3,0,1,1,0,0,0,0,405779.476700414903462,5755018.751066545024514,7.629398657000024,51.937900637000041,0,5210614702100870000
5,5,15,0,2021,6,16,3,3,4,2,0,1,1,0,0,0,0,405474.832999979145825,5758482.646999660879374,7.624015609000026,51.968983980000075,0,5210615702100170000
5,5,70,52,2021,10,16,4,3,5,2,0,0,1,0,0,0,0,429967.458705822937191,5756425.348201742395759,7.980897841000058,51.954115618000060,0,5211020711111680000
5,5,15,0,2021,2,17,6,2,5,3,1,1,1,0,0,0,0,405237.585210373625159,5753183.666960394009948,7.622023723000041,51.921314032000055,0,5210205702100030000
5,5,15,0,2021,2,18,7,2,0,1,2,0,0,0,1,0,0,406528.794236829504371,5756604.672140544280410,7.639864267000064,51.952282076000074,0,5210220702100970000
5,5,15,0,2021,7,10,3,3,0,3,0,1,0,0,0,0,0,405419.937999978661537,5758309.114999657496810,7.623264567000035,51.967414865000080,1,5210713702100260000
5,5,15,0,2021,6,18,7,3,1,5,0,1,1,0,0,0,0,405799.556999978609383,5758418.563999660313129,7.628758670000025,51.968463102000044,0,5210626702100470000
5,5,15,0,2021,11,16,7,3,0,7,0,0,1,0,0,0,1,405945.419875047169626,5757051.565737431868911,7.631255645000067,51.956200611000042,0,5211120702100870000
5,5,15,0,2021,4,20,6,3,5,3,1,1,0,0,0,0,0,408876.671749202534556,5756220.596253186464310,7.674120963000064,51.949219406000054,0,5210416702100870000
5,5,70,52,2021,9,14,4,3,5,2,0,0,1,0,1,0,0,429563.934999994933605,5752232.466999666765332,7.975885411000036,51.916372249000062,1,5210915711114890000
5,5,70,4,2021,10,12,7,3,5,3,0,0,1,0,0,0,0,424663.869999993592501,5735378.338999656960368,7.908324783000069,51.764219612000034,1,5211030711213380000
5,5,15,0,2021,9,14,6,3,2,6,0,0,1,0,0,0,0,405270.113440738059580,5757303.132964037358761,7.621361836000062,51.958347173000050,0,5210924702100260000
5,5,15,0,2021,10,12,1,3,0,6,0,1,1,0,0,0,0,406477.180940913967788,5756130.177279315888882,7.639242567000053,51.948008403000074,0,5211024702100190000
5,5,15,0,2021,11,15,5,3,0,7,0,1,1,0,0,0,0,407131.179077466949821,5756733.399718573316932,7.648592370000074,51.953540061000069,0,5211125702100690000
5,5,66,40,2021,9,16,6,3,2,2,0,0,1,0,0,0,0,421182.584999989718199,5782687.665999680757523,7.847022591000041,52.189012900000080,0,5210903709000540000
5,5,66,48,2021,6,9,2,3,0,1,0,0,0,0,1,0,0,429896.301625459454954,5795802.375428158789873,7.971745169000030,52.308079339000074,0,5210607709700170000
5,5,70,4,2021,7,8,5,3,4,6,0,1,1,0,0,0,1,423747.779706827364862,5735886.705739276483655,7.894941023000058,51.768665635000048,0,5210708711216870000
5,5,15,0,2021,7,12,2,3,1,6,0,0,1,0,0,0,0,405001.733642822131515,5754452.347301643341780,7.618244994000065,51.932677316000081,0,5210712702100760000
5,5,15,0,2021,3,17,4,3,5,3,0,0,1,0,0,0,0,406189.294048176147044,5755143.925639132037759,7.635324188000027,51.939095011000063,0,5210317702100460000
5,5,15,0,2021,5,15,3,2,0,1,0,1,0,0,0,0,0,404919.224592952989042,5758374.786963159218431,7.615960140000027,51.967919727000037,1,5210511702100560000
5,5,15,0,2021,7,16,7,3,6,1,0,1,0,1,0,0,0,406115.991764896549284,5757127.908719675615430,7.633716294000067,51.956915641000080,0,5210710702100930000
5,5,15,0,2021,4,18,1,3,5,3,0,1,1,0,0,0,0,405749.445485624484718,5756563.417925845831633,7.628538473000049,51.951779737000038,0,5210418702100070000
5,5,66,28,2021,11,8,3,2,0,7,0,1,0,0,0,0,0,414439.252436749637127,5791737.548604372888803,7.746112665000055,52.269352380000043,1,5211116709700740000
5,5,15,0,2021,9,7,4,3,0,1,0,1,0,0,0,0,0,405404.649850712157786,5757113.831548059359193,7.623371306000024,51.956668555000078,1,5210915702100080000
5,5,15,0,2021,6,13,2,2,6,1,0,0,1,1,0,0,0,405668.077999977394938,5754380.931999655440450,7.627953577000028,51.932148741000049,1,5210621702100790000
5,5,15,0,2021,9,19,1,3,0,1,2,1,0,0,0,0,0,407159.762047596275806,5756600.903328491374850,7.649043975000041,51.952353886000026,0,5210926702100870000
5,5,66,48,2021,1,7,3,1,7,1,2,0,0,0,1,0,0,425882.090331695042551,5792352.535067697986960,7.913636378000035,52.276541941000062,1,5210119709700210000
5,5,15,0,2021,4,8,4,3,0,7,0,1,0,1,0,0,0,405659.745086208917201,5757581.235252115875483,7.626954144000024,51.960913121000033,0,5210414702100030000
5,5,15,0,2021,2,16,6,3,0,7,0,1,1,0,0,0,0,408752.210102759301662,5753689.432588705793023,7.672982052000066,51.926447285000052,0,5210226702100660000
5,5,70,52,2021,9,14,4,3,8,1,0,1,0,0,0,0,0,429256.515893159434199,5754954.806184645742178,7.970856761000050,51.940806067000040,0,5210908711112390000
5,5,70,4,2021,1,15,6,2,5,3,0,1,1,0,0,0,0,424250.558059029281139,5733658.379641747102141,7.902711624000062,51.748701959000073,1,5210115711214470000
5,5,15,0,2021,6,18,5,3,8,1,0,0,1,0,0,0,0,406243.029897844418883,5752079.618446739390492,7.636940370000048,51.911560466000026,0,5210617702100750000
5,5,66,28,2021,3,15,2,2,0,1,0,0,0,0,1,0,0,412743.067014130763710,5792268.674783095717430,7.721124427000063,52.273859763000075,0,5210329709700050000
5,5,15,0,2021,11,11,6,3,5,6,0,0,1,0,1,0,0,408398.074139569886029,5760684.655197618529201,7.665968117000034,51.989266294000060,1,5211126702100550000
5,5,70,4,2021,12,17,5,3,5,3,2,0,1,0,0,0,1,425173.257766540162265,5735248.476292740553617,7.915732720000051,51.763120493000031,1,5211202711211290000
5,5,15,0,2021,7,9,4,3,5,3,0,1,1,0,0,0,0,405886.011056574061513,5758358.276831682771444,7.630033287000060,51.967935860000068,0,5210707702100570000
5,5,66,72,2021,6,10,1,2,4,2,0,1,0,0,0,0,0,412634.876153916120529,5802583.949901422485709,7.716859794000072,52.366558500000053,0,5210613709700510000
5,5,66,40,2021,5,17,7,3,0,1,0,1,0,0,0,0,0,421732.130511379800737,5782539.821679860353470,7.855093990000057,52.187762216000067,1,5210522709800070000
5,5,70,4,2021,12,16,2,3,6,2,0,1,0,1,0,0,0,423899.830163875594735,5735252.854503424838185,7.897282978000021,51.762988224000026,0,5211213711216190000
5,5,15,0,2021,9,12,2,2,5,3,0,1,0,0,0,0,0,405885.049164650030434,5758354.912576975300908,7.630020212000034,51.967905458000075,0,5210920702100770000
5,5,15,0,2021,6,14,2,3,5,6,0,1,0,0,0,0,0,411650.158396016806364,5752467.039727488532662,7.715429027000027,51.915926903000070,0,5210607702100370000
5,5,15,0,2021,12,7,4,3,4,2,2,1,1,0,0,0,0,404824.265098245814443,5754514.015011386945844,7.615647457000023,51.933201292000035,2,5211222702100750000
5,5,70,44,2021,6,7,7,3,0,1,0,1,0,0,0,0,0,415969.538697988726199,5759848.494303917512298,7.776410542000065,51.982947235000040,0,5210612711142080000
5,5,15,0,2021,3,15,3,3,1,7,0,0,1,0,0,0,0,405994.831504698842764,5756909.868781706318259,7.632013262000044,51.954935328000033,0,5210330702100960000
5,5,70,52,2021,12,12,4,3,4,6,0,1,0,0,0,0,1,430822.777533799409866,5756049.516462020576000,7.993417872000066,51.950844081000071,1,5211229711113740000
5,5,15,0,2021,9,16,1,3,7,7,0,0,1,0,0,0,0,407133.071570687927306,5758693.894050309434533,7.648089790000029,51.971162304000075,0,5210912702100070000
5,5,15,0,2021,11,10,2,2,1,7,0,0,1,0,0,0,1,410576.449566195718944,5760440.812549266964197,7.697747203000063,51.987429471000041,0,5211115702100070000
5,5,66,28,2021,6,15,3,3,5,3,0,1,1,0,0,0,0,414437.312270533293486,5791731.972504645586014,7.746085654000069,52.269301958000028,0,5210601709700470000
5,5,15,0,2021,9,15,2,3,4,2,0,1,0,0,0,0,1,405425.048999977298081,5758255.197999658063054,7.623353792000046,51.966931106000061,0,5210913702100760000
5,5,15,0,2021,12,0,7,3,0,1,2,1,0,0,0,0,0,406447.894706140272319,5758013.532584154978395,7.638303749000045,51.964931989000036,1,5211218702100070000
5,5,15,0,2021,9,14,6,3,5,3,0,1,0,0,0,0,0,405627.464999978430569,5758065.369999658316374,7.626351444000022,51.965259254000046,0,5210917702100790000
5,5,15,0,2021,10,7,3,3,5,3,1,1,0,0,0,0,0,409383.816721121780574,5752512.837038069963455,7.682474579000029,51.915974394000045,1,5211012702100190000
5,5,15,0,2021,12,8,2,3,5,2,0,1,1,0,0,0,0,405070.714907711371779,5761121.696356493979692,7.617404570000076,51.992635858000028,0,5211220702100070000
5,5,15,0,2021,10,12,6,3,6,4,0,1,0,1,0,0,0,406326.674419099465013,5757741.594026841223240,7.636614043000066,51.962467266000033,1,5211015702100060000
5,5,66,72,2021,3,21,1,3,0,1,2,0,1,1,0,0,0,412930.093314201571047,5801763.924011487513781,7.721407316000068,52.359234964000052,0,5210328709700980000
5,5,66,40,2021,5,16,6,3,3,1,0,1,1,0,0,0,0,421365.797645527869463,5782302.575546791777015,7.849791458000027,52.185577532000082,0,5210521709800610000
5,5,15,0,2021,3,13,2,3,3,2,0,1,0,0,0,0,0,408661.718924065120518,5755629.034523386508226,7.671151405000046,51.943866826000033,0,5210322702100970000
5,5,70,4,2021,12,11,4,3,6,6,0,0,0,1,0,0,1,423872.478999992832541,5735251.196999657899141,7.896887093000032,51.762969606000070,1,5211208711216200000
5,5,66,56,2021,7,13,7,3,2,6,0,1,1,0,0,0,0,416925.056800442747772,5797046.588678404688835,7.781223662000059,52.317453726000053,0,5210710709700560000
5,5,15,0,2021,6,3,5,2,0,1,2,1,0,0,0,0,0,405966.628834730014205,5757174.262091200798750,7.631530614000042,51.957307049000065,0,5210603702100570000
5,5,70,52,2021,6,15,5,3,0,1,0,0,0,0,0,0,1,430813.551999996416271,5756051.763999667018652,7.993283203000033,51.950863138000045,0,5210610711113470000
5,5,15,0,2021,10,2,1,3,0,1,2,0,0,0,0,0,1,405811.590023893862963,5755019.105969768017530,7.629865559000052,51.937909264000041,1,5211003702100860000
5,5,15,0,2021,9,6,3,3,8,1,1,0,0,0,1,0,0,411836.699999985285103,5754567.679999664425850,7.717602450000072,51.934838744000047,1,5210928702100570000
5,5,66,40,2021,6,18,1,3,0,1,0,1,0,0,0,0,0,420288.465243593789637,5782609.240346517413855,7.833964358000060,52.188179430000048,0,5210627709700270000
5,5,15,0,2021,5,12,1,3,5,2,0,1,0,0,1,0,0,408078.584358231164515,5754805.408696919679642,7.662890227000048,51.936367538000070,0,5210509702100570000
5,5,70,4,2021,10,13,5,3,0,7,0,0,1,0,0,0,0,424747.880767617374659,5734697.136490670964122,7.909689450000030,51.758107107000058,1,5211021711213650000
5,5,15,0,2021,4,11,4,3,0,7,0,1,1,0,0,0,0,405576.872836174443364,5757712.945584792643785,7.625712172000021,51.962082922000036,0,5210421702100070000
5,5,15,0,2021,11,10,5,2,0,7,0,1,0,0,0,0,0,409789.944275299087167,5761161.356657346710563,7.686107194000044,51.993778983000027,1,5211118702100160000
5,5,70,16,2021,9,12,4,2,6,7,0,0,1,1,0,0,0,413245.528999987058342,5739108.676999652758241,7.741972532000034,51.796099346000062,0,5210908711221200000
5,5,15,0,2021,3,18,4,2,3,1,0,1,1,0,0,0,0,405136.300322391092777,5759260.865168783813715,7.618874122000022,51.975921231000029,0,5210324702100080000
5,5,15,0,2021,10,11,6,3,2,6,0,0,1,0,0,0,0,407412.955411769449711,5756940.048913782462478,7.652635810000049,51.955444518000036,0,5211008702100760000
5,5,70,32,2021,2,15,5,3,5,2,0,1,1,0,0,0,0,420817.566999991424382,5766671.698999671265483,7.845410122000033,52.044993946000034,0,5210225711151970000
5,5,15,0,2021,3,7,5,3,5,3,0,0,1,0,0,0,0,407811.191060203127563,5765173.011688750237226,7.656215583000062,52.029512657000055,1,5210304702100960000
5,5,66,28,2021,9,16,3,2,2,7,0,1,0,0,0,0,0,416382.190999987535179,5792326.561999686062336,7.774433141000031,52.274945606000074,0,5210914709300000000
5,5,70,52,2021,10,19,7,2,6,2,1,0,1,1,0,0,0,430383.848592652007937,5756556.831968508660793,7.986929412000052,51.955349889000047,1,5211030711111190000
5,5,70,16,2021,12,16,5,2,0,4,1,1,0,1,0,0,0,413264.086650693789124,5739226.970569888129830,7.742211978000057,51.797165578000033,0,5211209711221190000
5,5,15,0,2021,1,18,4,3,6,4,2,0,1,1,0,0,0,405210.562730181962252,5757221.891263984143734,7.620517861000053,51.957606790000057,1,5210106702100670000
5,5,66,80,2021,5,22,6,3,9,1,2,0,0,0,1,0,0,406781.017888813279569,5780632.916329784318805,7.636974227000053,52.168298240000070,0,5210507709110070000
5,5,15,0,2021,12,19,2,3,0,1,2,1,0,0,0,0,0,407504.665836106985807,5757647.252722125500441,7.653779600000064,51.961816508000027,1,5211213702100890000
5,5,15,0,2021,1,15,4,2,6,3,1,0,1,1,0,0,0,405341.648823799565434,5751026.692711623385549,7.624129217000075,51.901943774000074,1,5210113702100530000
5,5,15,0,2021,11,8,2,3,0,1,0,1,0,0,0,0,0,406191.784917023032904,5757377.181898314505816,7.634750896000071,51.959169017000079,1,5211108702100510000
5,5,66,28,2021,12,18,4,3,0,1,2,1,0,0,0,0,0,412679.442614941857755,5792362.562487460672855,7.720167863000029,52.274693552000031,0,5211215709700540000
5,5,66,40,2021,12,22,5,3,8,7,2,0,1,0,0,0,0,421458.598186918534338,5783192.110851299017668,7.850942447000023,52.193586662000030,1,5211202709800500000
5,5,70,4,2021,5,14,3,3,5,3,0,1,0,0,0,0,1,426182.799981474876404,5736196.776695331558585,7.930157062000035,51.771779479000031,1,5210504711212380000
5,5,66,40,2021,12,12,5,3,5,3,0,1,1,0,0,0,0,424727.107638118788600,5780147.474809803068638,7.899426669000036,52.166674275000048,1,5211230709800540000
5,5,66,56,2021,11,17,5,3,5,2,2,1,1,0,0,0,0,417108.842706476338208,5796195.949312951415777,7.784128847000034,52.309835579000037,0,5211111709700240000
5,5,15,0,2021,6,18,4,3,0,1,0,1,0,0,0,0,0,406034.924385755322874,5756771.271828263998032,7.632634426000038,51.953696330000071,0,5210602702100950000
5,5,15,0,2021,9,9,2,3,5,3,0,1,0,0,0,0,0,405654.542986135929823,5751481.225502897053957,7.628551324000057,51.906082426000069,0,5210927702100040000
5,5,66,28,2021,4,14,6,2,5,3,0,1,0,0,1,0,0,412483.789995320141315,5790574.130120271816850,7.717764905000024,52.258587483000042,0,5210430709700870000
5,5,15,0,2021,6,11,4,3,5,2,0,1,1,0,0,0,0,405362.405999978072941,5758424.701999656856060,7.622395515000051,51.968444016000035,0,5210623702100750000
5,5,58,4,2021,3,15,3,3,5,3,0,0,1,0,0,0,0,407572.144575474783778,5733140.055311584845185,7.661314546000028,51.741539445000058,1,5210309706000810000
5,5,15,0,2021,6,8,4,3,5,3,0,0,1,0,1,0,0,405444.814568369649351,5758189.754648055881262,7.623659434000047,51.966346237000039,0,5210609702100070000
5,5,15,0,2021,10,11,3,3,0,3,0,1,0,0,0,0,0,406674.108804217539728,5757851.640874579548836,7.641639399000042,51.963514851000070,1,5211019702100540000
5,5,66,44,2021,5,15,6,2,8,1,0,1,1,0,0,0,0,429845.547232449054718,5777645.053224427625537,7.974767457000041,52.144853687000079,0,5210528709000580000
5,5,66,12,2021,1,8,5,3,5,3,1,1,1,0,0,0,0,405460.730168809182942,5772826.071683339774609,7.619845757000064,52.097904641000071,0,5210121709110760000
5,5,66,28,2021,11,17,6,3,9,1,2,0,1,0,0,0,0,408016.076189698651433,5794910.473768748342991,7.651142870000058,52.296833807000041,0,5211119709700040000
5,5,70,4,2021,4,18,5,3,5,3,0,1,1,0,0,0,0,423756.798262312076986,5735942.497951693832874,7.895059447000051,51.769168415000081,0,5210401711211880000
5,5,66,56,2021,11,8,6,3,3,2,1,1,1,0,0,0,0,417208.738423094153404,5797068.149310646578670,7.785379177000038,52.317690382000080,1,5211126709000390000
5,5,15,0,2021,6,11,5,3,3,5,0,1,1,0,0,0,0,406885.917185354046524,5757333.237998284399509,7.644861880000065,51.958890703000066,0,5210617702100340000
5,5,66,28,2021,10,7,3,3,7,7,1,0,1,0,0,0,0,411333.614114502444863,5794432.634940002113581,7.699903363000033,52.293084390000047,1,5211012709700790000
5,5,15,0,2021,9,19,3,3,0,3,2,0,1,0,1,0,0,409038.869052421301603,5757575.163963356986642,7.676121706000060,51.961421656000027,0,5210928702100070000
5,5,15,0,2021,5,23,5,3,0,3,2,1,0,0,0,0,0,405043.399999978020787,5758357.062999656423926,7.617772028000047,51.967781644000070,1,5210527702100430000
5,5,15,0,2021,7,9,3,3,1,1,0,0,1,0,1,0,0,406895.002669032663107,5756838.940412309020758,7.645128020000072,51.954449226000065,1,5210713702100950000
5,5,70,24,2021,12,13,6,3,1,5,0,0,1,0,0,0,0,420164.424100941978395,5753501.017596242949367,7.838954307000051,51.926507321000031,0,5211203711161570000
5,5,70,4,2021,10,14,3,2,5,3,0,0,1,0,0,0,1,425178.026029909960926,5735235.227023988962173,7.915804654000056,51.763002023000070,0,5211005711213600000
5,5,70,4,2021,12,18,7,3,4,2,2,1,1,0,0,0,0,423850.595585411414504,5733596.033968612551689,7.896932671000059,51.748087267000074,1,5211218711214250000
5,5,15,0,2021,5,8,3,3,5,3,0,1,1,0,0,0,0,404825.231014299206436,5762035.427414353936911,7.613576640000076,52.000806758000067,0,5210511702100140000
5,5,15,0,2021,10,7,2,3,0,5,0,1,1,0,0,0,0,406002.309792079962790,5756615.639674335718155,7.632202541000026,51.952291924000065,0,5211004702100470000
5,5,70,4,2021,6,7,3,3,5,3,0,0,1,0,0,0,0,423105.586504627019167,5735264.473673472180963,7.885773884000059,51.762984165000034,0,5210615711216060000
5,5,15,0,2021,10,17,6,3,0,5,0,1,1,0,0,0,0,405738.063999977894127,5757151.739999655634165,7.628211514000043,51.957065911000029,0,5211029702100710000
5,5,15,0,2021,6,2,5,3,8,5,2,1,1,0,0,0,0,405340.164999978616834,5757396.139999659731984,7.622355374000051,51.959195089000048,0,5210603702100550000
5,5,70,4,2021,9,15,4,2,0,1,0,1,0,0,0,0,0,424932.410528700798750,5735787.441297853365541,7.912126965000027,51.767933387000028,0,5210901711213450000
5,5,66,80,2021,10,15,5,3,4,6,0,0,1,0,1,0,0,406008.129130748100579,5781136.754304572939873,7.625537170000030,52.172695700000077,0,5211028709110530000
5,5,70,4,2021,4,18,4,3,5,3,0,0,1,0,0,0,0,424602.777788707986474,5734948.801259877160192,7.907532896000021,51.760349979000068,0,5210421711213280000
5,5,66,80,2021,5,13,7,2,8,1,0,0,0,0,1,0,0,406919.923764741048217,5781593.205385873094201,7.638741191000065,52.176952912000047,0,5210508709100980000
5,5,66,40,2021,9,17,4,3,5,3,0,0,1,0,0,0,0,421182.584999989718199,5782687.665999680757523,7.847022591000041,52.189012900000080,0,5210922709800580000
5,5,15,0,2021,10,11,2,3,6,4,0,0,0,1,0,0,1,408258.211931054480374,5751497.374511886388063,7.666383914000050,51.906662454000070,0,5211004702100070000
5,5,70,4,2021,9,6,5,3,2,6,0,0,1,0,0,0,0,423735.743677690625191,5735112.869454210624099,7.894936512000072,51.761707482000077,0,5210909711216970000
5,5,15,0,2021,11,13,6,3,0,6,0,1,1,0,0,0,0,406755.553612577728927,5756944.044778643175960,7.643070837000039,51.955370593000055,0,5211105702100990000
5,5,15,0,2021,4,18,6,3,5,3,0,1,0,0,0,0,0,405885.021251123398542,5758354.814948322251439,7.630019833000063,51.967904576000080,0,5210416702100070000
5,5,70,24,2021,1,11,6,3,7,1,0,1,0,0,0,0,0,420413.909042193554342,5753517.371246838942170,7.842577974000051,51.926690053000073,1,5210122711161970000
5,5,15,0,2021,6,11,3,3,0,1,0,1,0,0,0,0,0,406747.329999980516732,5758278.367999659851193,7.642588926000030,51.967362769000033,0,5210601702100830000
5,5,66,28,2021,12,14,3,3,5,3,0,1,1,0,0,0,0,414048.980999985709786,5792035.349999679252505,7.740318877000050,52.271968265000055,0,5211221709700180000
5,5,70,52,2021,10,16,2,3,5,3,0,0,1,0,1,0,0,429520.189872622489929,5755207.288211992010474,7.974640150000027,51.943109245000073,0,5211004711112870000
5,5,66,12,2021,9,16,3,3,5,7,0,1,1,0,0,0,0,405691.787182092666626,5772284.716408615931869,7.623367652000070,52.093078257000059,0,5210921709100570000
5,5,15,0,2021,3,12,7,3,6,4,0,0,1,1,0,0,0,405623.155592087656260,5757097.122974295169115,7.626554781000038,51.956555499000046,0,5210306702100630000
5,5,15,0,2021,10,8,4,3,0,1,2,0,0,0,1,0,0,407619.638318678364158,5759083.285941312089562,7.655066067000064,51.974743450000062,1,5211027702100070000
5,5,66,28,2021,6,15,4,3,0,7,0,1,1,0,0,0,0,416225.722967528738081,5791831.186541482806206,7.772263437000049,52.270469116000072,0,5210630709700030000
5,5,70,52,2021,3,16,2,3,1,7,0,1,1,0,0,0,0,430563.394880312494934,5756284.341618495061994,7.989596838000068,51.952922750000027,0,5210301711111950000
5,5,70,4,2021,3,12,6,2,0,7,0,1,0,0,0,0,0,422832.294060781598091,5734778.739470940083265,7.881922466000049,51.758580004000066,0,5210326711215580000