ULAND,UREGBEZ,UKREIS,UGEMEINDE,UJAHR,UMONAT,USTUNDE,UWOCHENTAG,UKATEGORIE,UART,UTYP1,ULICHTVERH,IstRad,IstPKW,IstFuss,IstKrad,IstGkfz,IstSonstige,LINREFX,LINREFY,XGCSWGS84,YGCSWGS84,STRZUSTAND,UIDENTSTLAE
5,5,15,0,2021,4,11,5,3,5,1,0,1,0,0,0,0,0,405803.013874815776944,5757458.498577833175659,7.629072318000055,51.959834201000035,0,5210401702100340000
5,5,15,0,2021,9,7,5,3,0,1,0,1,0,0,0,0,0,407773.678531230427325,5754538.694378864020109,7.658527817000049,51.933919703000072,0,5210909702100390000
5,5,66,48,2021,12,6,2,3,5,3,2,0,1,0,0,0,0,425898.970999993383884,5792286.175999682396650,7.913898336000045,52.275947720000033,0,5211213709700270000
5,5,15,0,2021,6,15,4,3,0,3,0,1,0,0,0,0,1,407007.007838838733733,5754273.574014505371451,7.647451261000072,51.931409075000033,0,5210623702100470000
5,5,15,0,2021,5,18,1,3,0,1,0,1,0,0,0,0,0,406959.028680822812021,5758494.486909881234169,7.645610970000064,51.969340827000053,0,5210530702100960000
5,5,70,4,2021,9,14,2,3,0,6,0,1,0,1,0,0,0,424739.210286032408476,5735399.312412546947598,7.909411761000058,51.764418289000048,0,5210920711112990000
5,5,15,0,2021,6,10,5,3,2,6,0,1,0,0,0,0,0,405291.388448110781610,5757581.242663316428661,7.621594684000058,51.960850563000065,0,5210617702100070000
5,5,66,88,2021,11,10,3,2,9,1,0,0,0,0,1,0,0,418706.337999991141260,5786698.504999678581953,7.809844238000039,52.224705660000041,1,5211109709800870000
5,5,15,0,2021,11,14,4,3,5,2,0,1,1,0,0,0,0,406433.046883204020560,5757978.677553895860910,7.638097194000068,51.964616197000055,1,5211117702100060000
5,5,70,4,2021,12,11,2,3,0,6,0,1,1,0,0,0,0,423640.318999993614852,5735553.832999655976892,7.893457175000037,51.765658582000071,0,5211206711216320000
5,5,58,4,2021,3,10,5,2,5,3,0,1,1,0,0,0,0,404710.535669458098710,5738580.477386526763439,7.618388709000044,51.789962488000072,1,5210304706300480000
5,5,70,44,2021,10,21,1,3,4,6,2,1,1,0,0,0,0,416734.817629252560437,5759450.589986909180880,7.787647834000040,51.979485712000042,0,5211024711141140000
5,5,15,0,2021,6,18,7,2,5,3,0,1,1,0,0,0,0,410914.220554267987609,5760561.785171065479517,7.702633285000047,51.988571129000036,0,5210626702100070000
5,5,15,0,2021,9,10,2,2,0,1,0,1,0,0,0,0,0,407941.787004175595939,5756755.802454305812716,7.660378665000053,51.953876202000060,0,5210913702100150000
5,5,70,4,2021,11,17,3,3,5,3,2,0,1,0,0,0,0,423192.096378498710692,5733306.061368500813842,7.887459912000054,51.745390619000034,1,5211123711214080000
5,5,70,52,2021,10,20,6,2,2,6,2,1,0,0,0,0,1,430844.528067312203348,5755710.426089057698846,7.993802535000043,51.947798483000042,1,5211022711113690000
5,5,70,4,2021,6,17,2,3,4,2,0,0,1,0,0,0,0,422902.130524243228137,5734163.778470605611801,7.883070520000047,51.753061355000057,0,5210621711215080000
5,5,15,0,2021,10,17,3,3,6,7,1,0,1,1,0,0,0,405314.908075705170631,5754006.660289300605655,7.622921354000027,51.928724642000077,0,5211026702100550000
5,5,66,40,2021,12,20,1,3,1,5,2,1,1,0,0,0,0,419441.619543666020036,5784139.161419387906790,7.821215600000073,52.201808462000031,1,5211212709800240000
5,5,15,0,2021,2,20,5,3,6,2,2,0,1,1,0,0,0,405677.654880566522479,5756877.517445011064410,7.627407938000033,51.954590834000044,0,5210204702100350000
5,5,66,40,2021,11,5,4,3,5,6,2,0,0,0,1,0,1,421003.936999990604818,5781633.687999675050378,7.844655406000072,52.179513291000035,1,5211124709800590000
5,5,70,4,2021,12,8,5,3,5,3,1,1,0,0,0,0,0,423895.864762475714087,5735250.831454327329993,7.897225973000047,51.762969498000075,0,5211209711216600000
5,5,15,0,2021,10,18,2,2,0,1,0,1,0,0,0,0,0,404805.780792944133282,5753818.525444129481912,7.615571092000039,51.926946765000082,0,5211004702100630000
5,5,15,0,2021,11,16,3,3,5,2,2,1,0,0,0,0,1,406032.603744032792747,5756777.994590317830443,7.632598828000027,51.953756365000061,1,5211130702100070000
5,5,66,32,2021,9,13,2,3,6,4,0,0,1,1,0,0,0,413445.113146933726966,5777000.000862512737513,7.735314101000029,52.136729106000075,0,5210927709800960000
5,5,15,0,2021,3,14,3,3,6,4,0,0,1,1,0,0,0,405793.364453880116343,5755209.633674506098032,7.629548329000045,51.939618733000032,0,5210323702100220000
5,5,15,0,2021,5,13,3,3,5,3,0,1,0,0,1,0,0,407621.604824195615947,5761027.920798536390066,7.654570988000046,51.992223134000028,0,5210511702100570000
5,5,15,0,2021,4,16,5,2,0,1,0,1,0,0,0,0,0,405600.352457519620657,5757551.531802397221327,7.626098165000030,51.960636053000030,1,5210429702100080000
5,5,66,40,2021,12,15,7,3,5,3,0,0,1,0,0,0,0,422252.733999992720783,5780676.309999680146575,7.863135001000046,52.171084915000051,1,5211218709800040000
5,5,70,52,2021,7,7,5,3,5,3,0,1,1,0,0,0,0,430315.461846554651856,5756423.767582356929779,7.985961387000032,51.954145125000082,0,5210701711111580000
5,5,15,0,2021,2,23,3,3,0,1,2,1,0,0,0,0,0,405116.542747346684337,5756685.517955880612135,7.619298127000036,51.952769610000075,0,5210223702100570000
5,5,15,0,2021,12,11,2,3,0,7,0,1,0,0,0,0,0,407452.544999979436398,5757858.322999659925699,7.652964357000030,51.963705046000030,2,5211220702100760000
5,5,70,4,2021,12,14,5,3,0,2,0,1,1,0,0,0,0,423487.540081958286464,5735044.100889345631003,7.891355928000053,51.761055417000080,1,5211202711216970000
5,5,15,0,2021,5,11,7,3,5,3,0,0,1,0,0,0,0,404998.284755489788949,5754452.479173738509417,7.618194809000045,51.932677913000077,1,5210522702100060000
5,5,15,0,2021,7,19,4,3,6,7,0,0,1,1,0,0,0,411471.452828839421272,5761044.309883104637265,7.710621512000046,51.992997491000040,1,5210714702100050000
5,5,66,40,2021,3,5,3,3,3,6,2,1,1,0,0,0,0,421003.936999990604818,5781633.687999675050378,7.844655406000072,52.179513291000035,0,5210302709800580000
5,5,15,0,2021,5,11,6,2,5,3,0,1,1,0,0,0,0,407888.842367012985051,5758484.428992182016373,7.659144856000069,51.969405289000065,0,5210521702100070000
5,5,70,4,2021,4,7,5,3,5,3,0,1,1,0,0,0,0,423174.136999992653728,5734237.907999653369188,7.886993937000057,51.753765128000055,0,5210415711214080000
5,5,15,0,2021,11,8,6,2,0,1,0,1,0,1,0,0,0,404889.164576750248671,5757933.443076148629189,7.615644957000029,51.963947616000041,1,5211105702100670000
5,5,15,0,2021,7,8,2,3,0,3,0,1,0,0,0,0,0,406112.863999980501831,5757493.588999656960368,7.633570847000044,51.960202017000029,1,5210705702100470000
5,5,15,0,2021,10,3,1,3,0,7,2,0,0,0,0,0,1,405743.933894593268633,5757719.045204460620880,7.628141245000052,51.962166096000033,1,5211003702100270000
5,5,15,0,2021,10,22,3,3,8,1,2,1,0,0,0,0,0,405849.400391381233931,5754472.215212523937225,7.630565094000076,51.932999943000027,0,5211026702100170000
5,5,70,16,2021,4,10,7,2,7,5,0,1,1,0,0,0,0,413409.853595629334450,5739167.170848485082388,7.744340181000041,51.796650620000037,0,5210424711221780000
5,5,15,0,2021,1,19,4,3,6,4,2,0,1,1,0,0,0,405424.965786485001445,5758256.852376349270344,7.623352125000054,51.966945962000068,1,5210113702100070000
5,5,66,12,2021,9,8,1,3,0,5,0,1,1,0,0,0,0,406085.617628333158791,5771133.966682789847255,7.629431653000040,52.082802011000069,0,5210912709100070000
5,5,15,0,2021,6,12,4,3,5,3,0,1,1,0,0,0,0,407126.778999980539083,5756611.642999658361077,7.648561267000048,51.952444913000079,0,5210630702100560000
5,5,15,0,2021,11,5,1,3,5,3,2,1,0,0,0,0,0,405622.472610983997583,5757086.272517029196024,7.626547826000035,51.956457854000064,1,5211107702100250000
5,5,15,0,2021,10,9,5,3,6,6,0,0,0,1,0,0,1,406175.609294051304460,5754779.626458460465074,7.635224552000068,51.935818200000028,0,5211014702100990000
5,5,66,28,2021,9,15,5,3,8,1,0,1,0,0,0,0,0,412922.286050746217370,5793150.118150059133768,7.723522798000033,52.281810855000060,0,5210902709700470000
5,5,15,0,2021,5,16,2,3,4,6,0,1,1,0,0,0,0,407374.452855477109551,5760695.624469749629498,7.651062230000036,51.989195130000041,0,5210503702100340000
5,5,70,4,2021,12,13,3,3,3,5,0,1,1,0,0,0,0,425118.434850448742509,5734820.722429633140564,7.915030652000041,51.759267780000073,1,5211228711213690000
5,5,15,0,2021,7,16,5,3,5,1,0,1,1,0,0,0,0,405468.059916664846241,5758375.501444106921554,7.623946547000060,51.968019759000072,0,5210708702100960000
5,5,15,0,2021,12,5,4,3,3,7,2,1,1,0,0,0,0,405973.935833371244371,5758596.510409587994218,7.631247519000055,51.970092088000058,1,5211201702100070000
5,5,15,0,2021,10,2,7,3,6,1,2,1,0,1,0,0,0,409083.719537271186709,5753219.436284393072128,7.677925951000077,51.922276881000073,0,5211030702100070000
5,5,15,0,2021,9,11,5,3,0,3,0,1,1,0,0,0,0,405210.985999978147447,5755828.763999659568071,7.620908265000025,51.945084842000028,0,5210930702100240000
5,5,15,0,2021,1,16,4,3,6,7,0,0,0,1,0,0,1,406610.339507490396500,5761120.034705094993114,7.639821962000042,51.992881962000070,0,5210120702100810000
5,5,66,40,2021,1,7,6,2,6,4,2,0,1,1,0,0,0,421181.050587864592671,5782685.194652898237109,7.847000725000044,52.188990466000064,1,5210129709800170000
5,5,15,0,2021,6,20,5,3,5,3,0,1,0,0,0,0,0,408579.587712847627699,5756838.146293038502336,7.669635251000045,51.954721571000050,1,5210603702100460000
5,5,15,0,2021,10,13,7,3,5,3,0,0,1,0,0,0,1,405030.536235437728465,5757207.370251324027777,7.617902751000031,51.957445552000081,0,5211023702100850000
5,5,15,0,2021,5,14,6,3,2,6,0,0,1,0,0,0,0,406053.355091466568410,5753772.263735583052039,7.633721837000053,51.926742889000082,0,5210528702100550000
5,5,15,0,2021,9,5,7,3,8,1,2,0,0,0,0,0,1,405851.055100593715906,5757286.956529362127185,7.629818302000047,51.958300441000063,0,5210904702100830000
5,5,15,0,2021,4,17,3,2,4,3,0,1,0,0,0,0,1,405955.769071407616138,5758230.363788569346070,7.631083440000054,51.966797928000062,0,5210413702100080000
5,5,15,0,2021,4,11,3,3,5,3,0,0,1,0,1,0,0,410915.012517753988504,5760567.018932526931167,7.702643456000033,51.988618301000031,1,5210406702100970000
5,5,15,0,2021,10,11,6,3,5,3,0,1,1,0,0,0,0,407714.715549279004335,5751462.192624974995852,7.658495066000057,51.906256445000054,0,5211022702100070000
5,5,70,4,2021,9,13,6,2,2,6,0,0,1,0,1,0,0,426358.819449058733881,5736524.535134226083755,7.932638147000034,51.774749129000043,0,5210910711212790000
5,5,15,0,2021,3,18,2,3,1,7,1,1,1,0,0,0,0,404904.527605838142335,5758350.062379788607359,7.615753119000033,51.967694979000044,0,5210301702100260000
5,5,15,0,2021,11,7,4,3,6,7,1,1,0,1,0,0,0,405850.982738279737532,5751264.812451243400574,7.631465110000022,51.904170423000039,1,5211110702100740000
5,5,70,52,2021,12,11,5,3,5,3,0,0,1,0,0,0,0,430574.787999995052814,5755413.883999666199088,7.989938422000023,51.945099073000051,0,5211209711113290000
5,5,70,4,2021,9,7,6,3,5,2,0,1,1,0,0,0,0,423408.787326053716242,5736002.084771201014519,7.890003841000066,51.769656572000031,0,5210910711211320000
5,5,70,52,2021,12,18,7,3,0,3,2,1,1,0,0,0,0,429882.713264880701900,5756095.299324538558722,7.979732196000043,51.951137930000073,1,5211211711111780000
5,5,15,0,2021,6,13,6,3,5,3,0,1,1,0,0,0,0,405208.893999977968633,5757219.746999656781554,7.620494175000033,51.957587232000037,0,5210618702100060000
5,5,15,0,2021,10,15,3,3,5,3,0,1,0,0,0,0,0,406464.033895857632160,5758832.685832459479570,7.638315418000047,51.972297636000064,1,5211019702100670000
5,5,15,0,2021,7,20,1,3,1,5,0,1,1,0,0,0,0,407200.780770751647651,5756591.663203308358788,7.649643171000037,51.952277676000051,0,5210711702100070000
5,5,15,0,2021,7,3,2,3,4,6,2,1,0,0,0,0,0,405628.759583890438080,5758070.617631768807769,7.626368839000065,51.965306641000041,0,5210705702100970000
5,5,66,12,2021,1,9,4,3,6,4,0,0,1,1,0,0,0,405255.047022523358464,5772290.692076608538628,7.616992830000072,52.093057363000071,1,5210127709110070000
5,5,15,0,2021,5,11,6,3,0,3,0,1,0,0,0,0,0,406324.262892608530819,5758304.749470142647624,7.636425330000066,51.967528762000029,0,5210514702100060000
5,5,70,24,2021,10,18,5,3,0,1,1,1,0,0,0,0,0,421383.576439189724624,5753445.602060770615935,7.856693207000035,51.926182690000076,1,5211021711161870000
5,5,66,44,2021,9,16,5,3,5,3,0,0,1,0,0,0,0,428213.311999994330108,5778042.609999675303698,7.950834365000048,52.148217683000041,0,5210923709800010000
5,5,15,0,2021,10,18,7,3,6,7,2,0,1,1,0,0,0,404830.394434604793787,5757713.247066920623183,7.614850836000073,51.961958352000067,0,5211023702100270000
5,5,70,44,2021,11,11,5,3,0,7,0,0,1,1,0,0,0,416638.268417093902826,5759725.330194262787700,7.786175648000039,51.981940866000059,1,5211125711141500000
5,5,70,52,2021,2,10,2,3,0,7,0,1,0,0,0,1,0,430460.311180020682514,5755976.893671302124858,7.988159287000030,51.950146027000073,2,5210208711111280000
5,5,15,0,2021,10,18,2,3,3,5,1,1,1,0,0,0,0,405846.314158539287746,5758762.178755011409521,7.629344845000048,51.971559582000054,0,5211004702100970000
5,5,66,28,2021,12,12,4,3,0,1,0,1,0,0,0,0,0,412345.063999985344708,5792336.754999680444598,7.715275014000042,52.274408376000054,1,5211201709700830000
5,5,66,88,2021,9,16,4,3,5,7,0,1,1,0,0,0,0,414528.989539686590433,5786173.305078595876694,7.748835122000060,52.219352490000063,0,5210901709800460000
5,5,66,80,2021,9,19,4,3,5,3,0,0,1,0,1,0,0,408209.308999981731176,5782557.853999674320221,7.657331158000034,52.185839406000071,0,5210908709110990000
5,5,70,4,2021,11,6,1,3,5,3,2,1,1,0,0,0,0,424733.127999993972480,5734537.873999657109380,7.909510233000049,51.756673402000047,1,5211107711213900000
5,5,70,20,2021,7,13,6,3,2,2,0,0,1,0,0,0,1,433058.506733617745340,5743458.435694420710206,8.028388862000043,51.837926080000045,0,5210702711422580000
5,5,70,20,2021,9,17,3,2,5,3,0,1,1,0,0,0,0,433121.159806003794074,5743497.644276320934296,8.029290509000020,51.838286069000048,0,5210928711422060000
5,5,70,8,2021,9,18,2,3,5,3,0,1,1,0,0,0,0,433652.707999997772276,5734436.315999656915665,8.038738325000054,51.756888131000039,0,5210920711311190000
5,5,70,8,2021,5,15,5,2,6,4,0,0,1,1,0,0,0,432928.731167796999216,5738834.264251062646508,8.027401042000065,51.796339477000060,0,5210520711314680000
5,5,70,8,2021,5,17,5,3,6,2,0,0,1,1,0,0,0,434111.844242639839649,5734148.958360070362687,8.045443916000067,51.754358967000030,0,5210527711311470000
5,5,70,28,2021,3,13,5,3,8,7,0,1,0,0,0,0,0,441350.208502846769989,5742347.382260400801897,8.148910362000038,51.828869910000037,1,5210311711411480000
5,5,70,20,2021,5,12,4,2,0,5,0,1,1,0,0,0,0,432845.753101458773017,5743311.853066202253103,8.025329822000060,51.836582771000053,1,5210505711421070000
5,5,70,8,2021,4,19,3,3,0,1,0,1,0,0,0,0,0,433669.193897513672709,5734677.697252083569765,8.038931071000036,51.759060117000047,0,5210406711112650000
5,5,70,8,2021,6,12,3,3,5,3,0,0,1,0,1,0,0,432716.817760101519525,5739115.333604522049427,8.024274030000072,51.798840825000070,0,5210601711314880000
5,5,70,8,2021,4,6,3,3,0,3,1,1,1,0,0,0,0,434649.269057648256421,5734944.958185547962785,8.053079038000021,51.761578051000072,0,5210420711313580000
5,5,70,48,2021,3,5,2,2,8,1,2,0,1,0,0,0,0,448452.839218589477241,5730432.556888829916716,8.253738343000066,51.722449825000069,1,5210308711322980000
5,5,70,28,2021,12,13,5,2,5,3,0,1,1,0,0,0,0,441564.893109655007720,5743383.635980660095811,8.151850359000036,51.838208568000027,0,5211209711413590000
5,5,70,20,2021,2,15,3,2,0,3,0,1,1,0,0,0,0,433434.344999996945262,5742862.553999656811357,8.033957711000028,51.832614072000069,0,5210223711422470000
5,5,70,8,2021,6,16,4,3,8,1,0,0,0,0,0,0,1,434061.340999997220933,5739576.697999661788344,8.043681297000035,51.803148655000030,0,5210602711314380000
5,5,70,8,2021,5,1,7,3,8,1,2,0,1,0,0,0,0,438349.976999997161329,5732815.703999657183886,8.107072020000032,51.742855219000035,1,5210515711313070000
5,5,70,8,2021,11,7,3,3,5,2,2,1,1,0,0,0,0,433440.134170142002404,5734857.901792749762535,8.035578208000061,51.760652987000071,1,5211123711311500000
5,5,70,48,2021,1,10,7,3,5,3,0,0,1,0,0,0,0,448465.507000000216067,5732072.608999654650688,8.253678917000059,51.737196060000031,0,5210116711321580000
5,5,70,20,2021,3,15,4,3,0,7,0,0,1,1,0,0,0,432972.774999997578561,5743091.506999658420682,8.027215807000061,51.834617140000034,0,5210331711422080000
5,5,70,52,2021,9,16,7,3,3,2,0,1,1,0,0,0,0,431505.746132301166654,5755359.709139723330736,8.003491418000067,51.944727465000028,0,5210911711111070000
5,5,70,28,2021,11,12,2,3,8,1,0,0,1,0,0,0,0,442448.924784855917096,5743585.654193997383118,8.164646440000070,51.840116573000046,0,5211101711413580000
5,5,70,8,2021,10,17,3,3,5,3,0,1,1,0,0,0,0,436648.890764612704515,5734676.346043305471539,8.082098114000075,51.759392989000048,1,5211012711312070000
5,5,66,44,2021,9,9,5,2,7,1,0,1,0,0,0,0,0,431875.714275801554322,5776493.887613069266081,8.004661982000073,52.134759550000069,0,5210916709800980000
5,5,70,28,2021,10,17,5,3,5,3,0,0,1,0,0,0,0,442537.198148472234607,5743685.839449040591717,8.165910936000046,51.841026355000054,0,5211028711413290000
5,5,70,8,2021,6,19,4,3,0,1,0,0,0,1,0,0,1,432837.014999997802079,5739046.288999663665891,8.026030207000076,51.798234566000076,0,5210616711314280000
5,5,70,48,2021,9,13,1,3,5,3,0,0,1,1,0,0,1,447343.559999999590218,5732622.410999657586217,8.237349232000042,51.742034795000052,0,5210905711321480000
5,5,70,36,2021,9,16,3,3,0,3,0,1,1,0,0,0,0,434159.706379230134189,5760033.387142198160291,8.041201194000053,51.987063114000080,0,5210907711121080000
5,5,70,8,2021,6,23,7,3,3,1,2,1,1,0,0,0,0,432324.771290999837220,5734174.814804051071405,8.019552659000055,51.754378337000048,0,5210612711312580000
5,5,70,8,2021,2,13,2,2,4,6,0,0,1,0,0,1,0,435354.172746360301971,5733654.745825966820121,8.063531459000046,51.750060699000073,0,5210222711312280000
5,5,70,48,2021,12,7,3,3,0,3,2,1,1,0,0,0,0,448466.535724679008126,5732069.195402368903160,8.253694319000033,51.737165464000043,1,5211221711321080000
5,5,70,48,2021,2,12,2,3,0,7,0,1,0,0,0,0,0,448278.997688178904355,5731231.236091908067465,8.251103182000065,51.729614431000073,0,5210222711321580000
5,5,70,28,2021,6,17,6,3,6,6,0,1,0,1,0,0,0,439889.224999997764826,5740970.471999660134315,8.127951139000061,51.816335921000075,0,5210618711412380000
5,5,70,20,2021,9,20,6,3,4,7,2,0,1,0,0,0,0,433090.732213853858411,5743481.250399159267545,8.028852108000024,51.838135045000058,0,5210924711422070000
5,5,70,8,2021,9,13,7,3,6,2,0,0,1,1,0,0,0,434081.770202886313200,5734165.790386525914073,8.045005091000064,51.754506750000075,0,5210925711311590000
5,5,70,8,2021,6,15,2,3,2,5,0,1,1,0,0,0,0,433338.758635399863124,5734352.783071735873818,8.034206438000069,51.756099884000037,1,5210621711311520000
5,5,70,28,2021,2,15,4,3,7,7,0,0,1,0,0,0,1,441404.884012593887746,5742834.731333876028657,8.149621167000021,51.833257027000059,1,5210217711411670000
5,5,70,8,2021,9,22,7,2,3,6,2,0,1,0,0,0,0,432755.359999997541308,5734326.373999655246735,8.025760532000049,51.755792722000081,0,5210925711312880000
5,5,70,28,2021,9,11,5,2,0,7,0,0,1,1,0,0,0,441240.001015932299197,5742273.252168549224734,8.147323875000041,51.828191882000056,0,5210909711411370000
5,5,70,8,2021,12,7,3,3,0,1,2,1,0,0,0,0,0,433743.891353752464056,5733940.822676530107856,8.040153665000048,51.752444405000062,1,5211207711311880000
5,5,70,20,2021,11,19,5,3,8,1,2,0,1,0,0,0,0,436802.517889986746013,5744950.512929365038872,8.082450246000064,51.851776193000035,1,5211104711422080000
5,5,70,36,2021,10,14,7,3,6,7,0,0,1,1,0,0,0,434065.425259001553059,5760355.472108192741871,8.039766504000056,51.989947382000082,1,5211023711121060000
5,5,70,20,2021,9,12,4,3,0,2,0,0,1,0,1,0,0,433798.420999997295439,5744024.783999660983682,8.039018184000042,51.843105725000044,0,5210908711421890000
5,5,70,8,2021,9,18,6,3,5,2,0,1,1,0,0,0,0,433518.752999996766448,5734038.576999654993415,8.036873908000075,51.753296547000048,0,5210903711311300000
5,5,70,28,2021,11,11,6,3,0,3,0,0,1,0,0,0,0,440983.581429107114673,5742332.806627757847309,8.143593221000060,51.828700258000026,0,5211119711412070000
5,5,70,8,2021,2,4,2,3,4,6,2,0,1,0,0,0,0,432774.603690248914063,5739481.225044609978795,8.025040947000036,51.802137125000058,2,5210201711314520000
5,5,70,28,2021,6,16,2,2,8,1,0,0,1,0,0,0,0,441475.992999998852611,5742425.071999661624432,8.150722315000053,51.829581552000036,1,5210621711411570000
5,5,70,8,2021,10,23,5,3,8,5,2,0,1,0,0,1,0,433244.380130328238010,5735002.936986789107323,8.032714393000049,51.761933557000077,0,5211007711311220000
5,5,70,20,2021,11,15,4,3,6,4,0,0,1,1,0,0,0,432737.144818470813334,5743364.492318101227283,8.023743504000038,51.837042922000080,1,5211117711421480000
5,5,70,48,2021,2,7,4,3,5,3,2,1,1,0,0,0,0,448465.507000000216067,5732072.608999654650688,8.253678917000059,51.737196060000031,1,5210203711321480000
5,5,70,8,2021,12,13,4,3,2,5,0,1,1,0,0,0,0,433113.544104848057032,5733044.252276353538036,8.031195740000044,51.744309268000052,0,5211215711312980000
5,5,70,52,2021,6,9,5,3,5,1,0,0,1,0,0,0,0,431786.485928950831294,5755171.578785827383399,8.007612506000044,51.943070726000030,0,5210610711111970000
5,5,70,48,2021,9,18,5,3,5,3,0,1,1,0,0,0,0,447732.965769343078136,5732468.825787568464875,8.243011743000068,51.740690435000033,0,5210909711321080000
5,5,70,36,2021,6,13,6,3,8,1,0,1,0,0,0,0,0,438609.902647526003420,5758868.014335831627250,8.106206864000058,51.977096224000036,0,5210604711121750000
5,5,70,8,2021,5,20,6,3,9,1,1,0,1,0,0,0,0,432992.968869404867291,5734218.249945960938931,8.029223316000071,51.754849160000049,0,5210507711312270000
5,5,70,28,2021,11,12,5,3,5,3,0,1,0,0,0,0,0,440938.532999998889863,5741814.045999661087990,8.143028098000059,51.824031725000054,0,5211125711412390000
5,5,70,36,2021,10,3,7,3,5,2,2,1,1,0,0,0,0,433982.696250792592764,5765973.474474728107452,8.037478616000044,52.040441523000027,1,5211023711121970000
5,5,70,8,2021,5,8,5,3,0,7,0,0,1,0,0,0,0,433353.889529874548316,5734507.779804363846779,8.034395901000039,51.757495114000051,1,5210527711311040000
5,5,70,36,2021,11,16,7,3,8,1,0,0,1,0,0,0,0,434096.888666268438101,5760454.424568645656109,8.040205631000049,51.990840670000068,0,5211127711121590000
5,5,70,20,2021,9,6,5,3,8,6,2,1,1,0,0,0,0,436398.764200322329998,5743337.582078689709306,8.076885721000053,51.837230036000051,0,5210923711422790000
5,5,70,20,2021,9,16,6,3,5,3,0,1,1,0,0,0,0,432585.262034479528666,5743363.787332272157073,8.021539553000025,51.837018270000044,0,5210910711421180000
5,5,70,8,2021,6,11,1,3,8,6,0,1,0,0,0,0,0,431578.775025341659784,5738134.621560366824269,8.007966517000057,51.789886209000031,0,5210613711313370000
5,5,70,36,2021,11,16,5,3,7,7,0,1,0,1,0,0,0,434860.726201917044818,5760932.274194676429033,8.051237491000052,51.995226527000057,0,5211111711121990000
5,5,70,48,2021,2,11,1,3,8,1,0,0,1,0,0,0,0,448426.000000000000000,5730645.579999659210443,8.253318271000069,51.724362567000071,2,5210207711321150000
5,5,70,12,2021,3,9,4,3,8,1,0,0,1,0,0,0,1,439457.596031544730067,5754159.674560306593776,8.119376753000040,51.934861438000041,0,5210331711131860000
5,5,70,8,2021,6,16,2,3,0,1,0,1,0,0,0,0,0,433438.571636029519141,5734858.883465252816677,8.035555383000030,51.760661626000058,1,5210628711311360000
5,5,70,48,2021,9,22,2,3,9,1,2,0,1,0,0,0,0,448442.776934962719679,5730505.971832504495978,8.253581813000039,51.723108946000082,1,5210927711321880000
5,5,70,28,2021,9,9,5,3,0,7,0,0,1,0,0,0,0,441466.047121828421950,5742271.905694341287017,8.150603905000025,51.828203509000048,0,5210923711414090000
5,5,70,12,2021,3,9,2,3,4,2,0,1,1,0,0,0,0,433685.688615252263844,5743972.434916935861111,8.037392049000061,51.842621732000055,0,5210329711422770000
5,5,70,8,2021,1,8,2,2,5,3,1,0,1,0,0,0,1,436472.622775836847723,5734827.613667951896787,8.079516846000047,51.760732941000072,2,5210125711113750000
5,5,70,36,2021,1,18,6,3,6,2,2,0,1,1,0,0,0,434328.954284908249974,5761202.971628051251173,8.043441457000029,51.997597383000027,0,5210115711121880000
5,5,70,48,2021,12,13,4,2,0,7,0,1,0,0,0,0,0,448781.148905275389552,5732212.306593360379338,8.258229055000072,51.738480963000029,1,5211201711321240000
5,5,70,28,2021,2,11,4,1,5,3,0,1,0,0,0,1,0,442103.714999997988343,5743247.563999660313129,8.159692889000041,51.837041374000080,1,5210203711413780000
5,5,70,8,2021,6,13,2,3,6,7,0,0,1,1,0,0,0,432835.338402381166816,5739060.464024433866143,8.026003152000044,51.798361797000041,1,5210621711314070000
5,5,70,28,2021,9,15,5,3,4,6,0,1,0,1,0,0,1,441177.508505624718964,5742219.548565767705441,8.146426271000053,51.827702498000065,0,5210902711411870000
5,5,70,20,2021,9,7,6,3,0,2,0,1,1,0,0,0,0,433485.293831481598318,5743841.205674706026912,8.034508834000064,51.841418154000053,0,5210903711422300000
5,5,70,8,2021,7,12,5,2,5,3,0,0,1,0,0,1,0,436912.266436514444649,5734853.852496849372983,8.085881444000051,51.761018539000077,0,5210708711312570000
5,5,70,12,2021,3,15,2,3,4,6,0,1,1,0,0,0,0,439021.005999999120831,5753467.630999667569995,8.113149784000029,51.928592307000031,0,5210329711131080000
5,5,66,76,2021,6,18,4,3,1,6,0,1,1,0,0,0,0,394865.046999963000417,5793622.492999663576484,7.458768300000031,52.282899046000068,0,5210630709500970000
5,5,62,28,2021,7,18,1,3,0,1,0,1,0,0,0,0,0,379136.962259393185377,5723893.177182899788022,7.252858179000043,51.653024549000065,0,5210718701920350000
5,5,13,0,2021,4,7,2,3,5,3,0,1,0,0,0,0,1,368474.225563013926148,5711391.087760824710131,7.103496602000064,51.538279311000053,0,5210426700100570000
5,5,15,0,2021,7,7,1,3,5,3,0,1,1,0,0,0,0,405330.537999978289008,5765929.350999664515257,7.619858359000034,52.035892988000057,0,5210718702100070000
5,5,54,8,2021,7,19,6,3,5,3,0,1,1,0,0,0,0,337160.874999673105776,5746424.483998879790306,6.636004503000038,51.844850226000062,0,5210716705000080000
5,5,58,16,2021,7,15,3,3,6,2,0,0,1,1,0,0,0,381262.702975854277611,5743711.115094600245357,7.276807564000023,51.831587320000040,0,5210720706100600000
5,5,66,84,2021,8,5,3,3,0,7,2,1,0,0,0,0,0,385268.802999941632152,5779298.782999629154801,7.323010841000041,52.152256000000079,0,5210817709300070000
5,5,66,84,2021,7,17,3,3,5,2,0,1,1,0,0,0,0,390123.118999952450395,5775531.114999646320939,7.395151577000036,52.119382393000080,0,5210720709300530000
5,5,15,0,2021,7,11,1,3,0,6,0,1,0,0,0,0,0,406126.721383397467434,5756676.044077370315790,7.633995846000062,51.952855881000062,0,5210718702100060000
5,5,66,96,2021,8,15,1,3,7,1,0,0,0,0,0,0,1,385138.255237385630608,5786029.043145777657628,7.318823721000058,52.212712432000046,1,5210801709300140000