ULAND,UREGBEZ,UKREIS,UGEMEINDE,UJAHR,UMONAT,USTUNDE,UWOCHENTAG,UKATEGORIE,UART,UTYP1,ULICHTVERH,IstRad,IstPKW,IstFuss,IstKrad,IstGkfz,IstSonstige,LINREFX,LINREFY,XGCSWGS84,YGCSWGS84,STRZUSTAND,UIDENTSTLAE
5,5,15,0,2021,7,22,3,3,0,7,2,1,0,0,0,0,0,406230.825860637240112,5754916.470455531030893,7.635990184000036,51.937057530000061,1,5210727702100460000
5,5,66,8,2021,8,16,3,3,6,4,0,0,1,1,0,0,0,398331.416998924687505,5781614.418005360290408,7.513175239000077,52.175627779000081,0,5210810709110120000
5,5,62,32,2021,8,18,1,3,5,2,0,0,1,0,0,0,0,375624.564999911934137,5719117.580999566242099,7.203807497000071,51.609339672000033,1,5210829701110460000
5,5,54,28,2021,7,20,1,2,0,7,0,0,0,0,0,0,1,357286.779999826103449,5744338.685999391600490,6.928819444000055,51.831615918000068,0,5210725705000990000
5,5,70,4,2021,7,16,1,3,5,2,0,0,1,0,0,0,0,424995.901999993249774,5729088.740999650210142,7.914490900000033,51.707722295000053,0,5210718711214170000
5,5,54,56,2021,7,18,6,3,0,1,0,1,0,0,0,0,0,356348.343192861415446,5763104.664636747911572,6.907382575000042,51.999989738000068,0,5210723705000990000
5,5,13,0,2021,8,12,2,3,5,3,0,0,1,0,0,0,1,364287.228999863378704,5715189.930999478325248,7.041694617000076,51.571426100000053,0,5210830700000510000
5,5,54,64,2021,8,21,6,3,0,6,1,1,1,0,0,0,0,356983.308755816891789,5750707.192883102223277,6.921782327000074,51.888761004000060,0,5210806705000990000
5,5,66,76,2021,8,13,5,3,0,1,0,0,0,0,1,0,0,393726.149302790872753,5795085.325893046334386,7.441617869000027,52.295826769000030,1,5210819709500230000
5,5,70,4,2021,7,14,6,3,0,3,0,1,1,0,0,0,0,424471.338077980093658,5735440.223755870014429,7.905521950000036,51.764749997000081,0,5210730711213770000
5,5,54,8,2021,8,10,3,3,5,3,0,1,0,0,0,0,0,335855.334999660030007,5746239.080998828634620,6.617157110000051,51.842802419000066,0,5210803705000380000
5,5,13,0,2021,7,8,2,3,5,3,0,0,1,0,0,0,0,363716.442092677578330,5718020.481512188911438,7.032364753000024,51.596724580000057,0,5210726700200180000
5,5,58,32,2021,5,12,7,3,5,3,0,1,1,0,0,0,0,387440.493999947793782,5754685.820999627932906,7.362843293000026,51.931501271000059,0,5210501706100080000
5,5,54,4,2021,4,12,5,3,0,1,0,1,0,0,0,0,0,357307.554999828338623,5770781.946999393403530,6.918142881000051,52.069217250000065,0,5210429705000070000
5,5,62,12,2021,8,10,4,3,3,6,0,0,1,0,0,0,0,359200.912066500633955,5725530.992523597553372,6.964194034000059,51.663102413000047,0,5210825701610160000
5,5,15,0,2021,7,0,4,2,3,6,2,1,0,0,0,0,0,405822.707608911208808,5758831.247092861682177,7.628982346000043,51.972176398000045,0,5210721702100370000
5,5,70,4,2021,1,12,6,3,5,3,0,1,1,0,0,0,0,423184.244999992661178,5734938.027999654412270,7.886985609000021,51.760060337000027,1,5210115711215800000
5,5,54,36,2021,8,23,6,3,0,5,2,0,1,1,0,0,0,369420.479750690981746,5766554.768210347741842,7.096373253000024,52.034220474000051,0,5210806705000560000
5,5,13,0,2021,7,9,4,3,5,3,0,0,1,0,0,0,0,368107.363999881781638,5708368.966999510303140,7.099341301000038,51.511034712000026,0,5210728700100570000
5,5,15,0,2021,8,9,3,3,7,1,0,1,0,0,0,0,0,405972.630219590850174,5758009.162486726418138,7.631389368000043,51.964812525000070,0,5210810702100070000
5,5,54,4,2021,7,15,7,3,4,6,0,1,0,0,0,0,0,364069.623957181349397,5773143.232506426051259,7.015793726000027,52.092135255000073,0,5210703705000520000
5,5,66,68,2021,7,14,6,3,1,5,0,1,1,0,0,0,0,376046.869545266032219,5785848.526427140459418,7.185893192000037,52.209120257000052,0,5210716709300160000
5,5,12,0,2021,8,19,7,2,5,3,0,1,1,0,0,0,0,356610.776999819092453,5710703.271999381482601,6.932829482000045,51.529209988000048,0,5210814701400090000
5,5,70,48,2021,8,14,2,2,9,7,0,0,1,0,0,0,0,450501.157191727310419,5732963.554792771115899,8.283029830000032,51.745389739000075,0,5210823711321030000
5,5,15,0,2021,7,17,3,3,0,2,0,1,0,0,0,0,0,405622.801658006384969,5757091.641963517293334,7.626551138000025,51.956506173000037,0,5210720702100330000
5,5,54,8,2021,8,14,7,3,5,2,0,1,1,0,0,0,0,337497.971999675966799,5745597.741998896002769,6.641282156000045,51.837521332000051,0,5210821705000280000
5,5,66,8,2021,5,15,2,2,3,2,0,1,1,0,0,0,0,399310.322999969124794,5781224.858999663963914,7.527601465000032,52.172306045000028,0,5210531709110400000
5,5,62,32,2021,7,18,3,3,0,4,0,0,0,1,1,0,0,376258.548999913036823,5717280.911999568343163,7.213606491000064,51.592972858000053,0,5210720701110070000
5,5,54,4,2021,7,10,1,3,0,1,0,1,0,0,0,0,0,364561.152108154259622,5773139.633260903880000,7.022965472000067,52.092223422000075,0,5210725705000990000
5,5,13,0,2021,8,16,4,3,6,7,0,1,0,1,0,0,0,368043.794623372144997,5708618.931417342275381,7.098332207000055,51.513266238000028,0,5210825700100460000
5,5,13,0,2021,8,18,5,3,3,5,0,0,1,0,1,0,0,368730.482127978466451,5711560.154106725007296,7.107126409000045,51.539858320000064,0,5210812700100340000
5,5,70,4,2021,8,21,4,3,3,6,2,0,1,0,0,0,0,424656.960574306547642,5735376.135300634428859,7.908225158000050,51.764198872000065,0,5210804711216470000
5,5,54,68,2021,7,18,6,2,5,3,0,1,1,0,0,0,0,352065.782023783773184,5767591.682185666635633,6.843105337000054,52.039179195000031,0,5210730705000800000
5,5,54,12,2021,8,10,2,2,4,2,0,0,1,0,1,0,0,351816.942999792285264,5747515.167999295517802,6.848134548000075,51.858731997000064,0,5210823705000470000
5,5,54,60,2021,1,12,4,3,0,3,0,1,1,0,0,0,0,353383.343999803997576,5757061.824999326840043,6.866803505000064,51.944921322000027,1,5210120705000400000
5,5,54,20,2021,8,9,6,3,8,1,0,1,0,0,0,0,0,365944.105952173471451,5785638.336939504370093,7.038208540000028,52.204866857000070,1,5210806705000990000
5,5,58,16,2021,8,18,1,3,8,1,0,0,0,0,1,0,0,380309.517242888920009,5744243.373746329918504,7.262797049000028,51.836167341000078,0,5210815706100130000
5,5,15,0,2021,8,15,3,3,6,4,0,0,0,1,0,0,1,405305.811999977566302,5753936.213999656960368,7.622808489000022,51.928089890000081,1,5210817702100460000
5,5,58,16,2021,7,17,6,3,9,1,0,1,1,0,0,0,0,381081.001851125620306,5743525.796876223757863,7.274235565000026,51.829883186000075,0,5210716706100060000
5,5,66,52,2021,8,16,5,2,5,3,0,0,1,0,0,1,0,376226.895999914966524,5779801.977999590337276,7.190733565000073,52.154825301000074,1,5210819709300660000
5,5,58,36,2021,6,11,5,2,0,7,0,1,0,0,0,0,0,387831.724371464923024,5729861.065894722938538,7.376571885000033,51.708465166000053,0,5210617706000260000
5,5,62,16,2021,6,15,5,3,0,7,0,0,1,0,0,0,0,374946.341997410170734,5734027.203889463096857,7.188678892000041,51.743181814000081,0,5210617701700600000
5,5,62,32,2021,8,12,3,2,5,2,0,0,1,0,1,0,0,376549.750999914482236,5719737.078999567776918,7.216943572000048,51.615110837000032,0,5210831701110680000
5,5,54,8,2021,7,7,2,3,3,2,0,1,1,0,0,0,0,336669.852999669499695,5745688.760998860001564,6.629230115000041,51.838097449000031,0,5210726705000880000
5,5,70,52,2021,8,0,1,2,0,7,2,0,1,0,0,0,1,428683.855576521717012,5752237.824550012126565,7.963090519000048,51.916308396000034,1,5210829711114770000
5,5,62,24,2021,8,13,2,2,0,7,0,1,0,0,0,0,0,366652.625893477350473,5727645.124052284285426,7.071063189000029,51.683918392000066,1,5210816701500890000
5,5,62,24,2021,7,8,4,3,5,3,0,1,1,0,0,0,0,367278.447999877855182,5724054.192999506369233,7.081474614000058,51.651797036000062,0,5210728701500140000
5,5,62,14,2021,8,7,5,3,5,2,0,0,1,0,0,0,0,358915.304999832995236,5713152.534999413415790,6.965048229000047,51.551799547000030,0,5210812701300390000
5,5,66,28,2021,8,8,6,3,5,3,0,1,1,0,0,0,0,411551.490999985486269,5792993.305999681353569,7.703474913000036,52.280182511000078,0,5210820709700780000
5,5,54,12,2021,8,12,3,3,0,1,0,1,0,0,0,0,0,351333.242220861837268,5746598.322318909689784,6.841510128000039,51.850365684000053,0,5210824705000990000
5,5,15,0,2021,7,17,6,3,0,7,0,1,0,0,0,0,0,404529.567914311774075,5757706.674802076071501,7.610475662000056,51.961847702000057,0,5210723702100570000
5,5,66,60,2021,7,15,4,3,8,1,0,0,1,0,0,0,0,387384.542999947443604,5788143.375999642536044,7.350982804000068,52.232177381000042,0,5210721709500870000
5,5,15,0,2021,5,14,1,3,0,1,0,1,0,0,0,0,0,408363.700077235698700,5764296.606431530788541,7.664501522000023,52.021726673000046,0,5210509702100000000
5,5,62,32,2021,7,14,5,3,2,6,0,0,1,0,0,0,0,375495.230492214672267,5719550.042858431115746,7.201787070000023,51.613197675000038,0,5210729701110670000
5,5,66,84,2021,7,22,5,3,8,7,2,1,1,0,0,0,0,385473.019999941810966,5778114.721999628469348,7.326393530000075,52.141657362000046,0,5210715709300170000
5,5,13,0,2021,8,14,6,3,4,6,0,1,1,0,0,0,0,366210.984915638342500,5715561.134329218417406,7.069295538000063,51.575221702000078,0,5210820700200670000
5,5,62,28,2021,6,8,6,3,5,3,0,1,1,0,0,0,0,378830.544964364729822,5723081.160936020314693,7.248712290000071,51.645660758000076,0,5210604701920900000
5,5,66,76,2021,8,12,6,2,0,1,0,1,0,0,0,0,0,392944.705027600750327,5793370.054316842928529,7.430708453000022,52.280259661000059,1,5210827709500040000
5,5,15,0,2021,8,3,6,2,1,7,2,1,1,0,0,0,0,406629.684999980032444,5758745.583999661728740,7.640749904000074,51.971542578000026,0,5210813702100270000
5,5,66,84,2021,8,20,4,2,9,1,1,0,0,0,1,0,0,387419.350999946705997,5775883.005999635905027,7.355561652000063,52.122000904000060,0,5210811709300540000
5,5,66,76,2021,7,20,5,3,3,6,0,1,0,0,0,0,0,393642.507999961264431,5793179.642999658361077,7.440993284000058,52.278683857000033,0,5210722709500570000
5,5,13,0,2021,8,16,5,3,2,6,0,0,1,0,0,0,0,368865.737443130463362,5710882.964101554825902,7.109327864000022,51.533804008000061,0,5210819700100840000
5,5,54,68,2021,8,18,7,3,1,5,0,1,1,0,0,0,0,350417.749434445053339,5767515.283818978816271,6.819129010000040,52.038050678000047,1,5210828705000990000
5,5,54,12,2021,7,17,5,3,0,6,0,0,1,1,0,0,0,352598.650248654186726,5745964.617729799821973,6.860138811000070,51.845007460000033,0,5210729705000010000
5,5,15,0,2021,8,15,2,3,3,2,0,1,1,0,0,0,0,403980.500999976880848,5757465.333999654278159,7.602554296000051,51.959583893000058,0,5210816702100770000
5,5,13,0,2021,8,14,2,3,5,3,0,0,1,0,0,0,1,367828.113813463598490,5709823.517348442226648,7.094774022000024,51.524041104000048,0,5210809700100870000
5,5,62,36,2021,8,18,3,2,5,3,0,1,1,0,0,0,0,388856.971999948844314,5718408.281999617815018,7.395045239000069,51.605732196000076,0,5210831701930040000
5,5,58,12,2021,8,16,4,3,4,6,0,1,1,0,0,0,0,374449.546941914595664,5755716.638590395450592,7.173614574000055,51.937986110000054,0,5210825706200990000
5,5,54,12,2021,8,7,6,3,0,2,0,1,1,0,0,0,0,352622.627123325131834,5745013.679751878604293,6.860891770000023,51.836469678000071,1,5210827705000990000
5,5,15,0,2021,8,15,3,3,6,3,0,0,1,1,0,0,0,405895.695999979972839,5758391.405999660491943,7.630165142000067,51.968235279000055,0,5210824702100040000
5,5,62,32,2021,8,17,4,3,2,2,0,0,1,0,1,0,0,374989.672999910078943,5715400.115999562665820,7.195967805000066,51.575789759000031,0,5210825701120170000
5,5,66,12,2021,8,9,6,3,5,3,0,1,1,0,0,0,0,405247.010999978519976,5773391.554999664425850,7.616569441000024,52.102950747000079,0,5210827709100990000
5,5,66,76,2021,7,8,5,3,5,3,0,1,1,0,0,0,0,393781.668999959714711,5791828.010999657213688,7.443457959000057,52.266563351000059,0,5210701709500000000
5,5,54,12,2021,8,13,2,3,1,7,0,1,1,0,0,0,0,352380.597890308126807,5745736.961155978962779,6.857072850000066,51.842904381000039,0,5210809705000990000
5,5,58,12,2021,8,14,6,3,2,2,0,0,1,0,0,0,0,375079.278684009797871,5758031.839832762256265,7.181928931000073,51.958933409000053,1,5210827706200990000
5,5,54,20,2021,7,11,2,3,0,7,0,0,1,0,0,0,0,365602.233999872580171,5783127.232999507337809,7.034204628000055,52.182220425000082,0,5210726705000320000
5,5,62,32,2021,7,16,6,3,5,3,0,1,1,0,0,0,0,374869.516999907791615,5719992.706999560818076,7.192596711000022,51.617037200000027,0,5210716701110470000
5,5,70,4,2021,4,16,3,3,2,6,0,0,1,0,0,0,0,423785.798536607064307,5736119.212039727717638,7.895440864000022,51.770760960000075,0,5210420711216000000
5,5,54,48,2021,7,13,7,3,0,3,0,1,1,0,0,0,0,341287.933999710716307,5745843.847999028861523,6.696131999000045,51.840822183000057,0,5210724705000600000
5,5,62,8,2021,8,18,3,3,5,3,0,0,1,0,0,0,0,384474.223689687438309,5721401.225529095157981,7.330797920000066,51.631749862000049,0,5210824701910050000
5,5,62,4,2021,7,14,7,2,0,7,0,0,1,0,0,0,1,382689.194518844597042,5712206.933352986350656,7.308091882000042,51.548745323000048,0,5210703701800580000
5,5,66,28,2021,7,11,6,3,9,1,0,0,1,0,0,0,0,413173.053982044570148,5790720.414234824478626,7.727823250000029,52.260011561000056,0,5210716709700510000
5,5,66,8,2021,7,17,5,3,0,3,0,1,0,0,0,0,0,399622.218725649639964,5781238.328591698780656,7.532156748000034,52.172483931000045,0,5210722709110570000
5,5,62,8,2021,8,14,3,3,5,3,0,1,1,0,0,0,0,385488.996092019602656,5723958.391185915097594,7.344616540000061,51.654940503000034,1,5210817701910060000
5,5,70,4,2021,6,16,2,3,1,1,0,0,0,0,0,1,1,423713.259731851518154,5735095.948116632178426,7.894614502000024,51.761552302000041,0,5210614711216000000
5,5,54,4,2021,7,13,5,3,0,7,0,1,0,1,0,0,0,363728.060999861918390,5772656.369999479502439,7.011005702000034,52.087676604000080,1,5210715705000350000
5,5,66,92,2021,8,13,5,2,2,6,0,0,0,0,0,1,0,423649.337999993003905,5791127.468999685719609,7.881194362000031,52.265224468000042,1,5210819709700870000
5,5,70,44,2021,7,18,2,3,0,4,0,0,1,1,0,0,0,416160.805338942445815,5764156.682748692110181,7.778140803000042,52.021702053000070,0,5210719711143860000
5,5,54,8,2021,8,18,6,3,5,2,0,1,1,0,0,0,0,335401.310999655164778,5745843.875998808071017,6.610760390000053,51.839118501000030,0,5210820705000280000
5,5,54,60,2021,2,10,6,3,8,2,0,0,1,0,0,0,0,349451.090781411156058,5755952.721321793273091,6.810121293000066,51.933906481000065,0,5210226705000200000
5,5,58,16,2021,6,17,1,3,0,1,0,1,0,0,0,0,0,381636.322192878462374,5744336.469213249161839,7.282013220000067,51.837286777000031,0,5210613706100600000
5,5,62,12,2021,8,14,2,3,1,5,0,1,1,0,0,0,0,359330.221440603956580,5725024.827736161649227,6.966266145000077,51.658586495000065,0,5210830701610950000
5,5,66,84,2021,7,9,1,3,1,1,0,1,1,0,0,0,0,385933.408483556471765,5779248.720426507294178,7.332737510000072,52.151943774000074,0,5210725709300760000
5,5,70,44,2021,2,14,4,3,0,6,0,1,1,0,0,0,0,417291.342999990098178,5760318.921999666839838,7.795539605000045,51.987374268000053,0,5210224711142700000
5,5,62,32,2021,8,17,7,3,9,7,0,1,0,0,0,0,0,375987.988999913446605,5718771.299999566748738,7.209175677000076,51.606307751000031,0,5210821701110270000
5,5,66,76,2021,8,12,5,3,5,3,0,1,1,0,0,0,0,392075.953999958001077,5794328.219999659806490,7.417672140000036,52.288700901000027,0,5210826709500560000
5,5,70,4,2021,11,8,6,3,5,3,0,0,1,0,0,0,1,424516.842830176465213,5734662.563268397003412,7.906350160000045,51.757765211000049,0,5211112711213990000
5,5,15,0,2021,7,12,6,3,5,3,0,0,1,0,0,0,0,407713.118999981321394,5751437.567999657243490,7.658478460000026,51.906034838000039,0,5210723702100050000
5,5,54,28,2021,7,12,6,3,5,3,0,0,1,0,0,0,0,357691.437641906552017,5743639.678920250386000,6.934975437000048,51.825438311000028,0,5210730705000990000
5,5,54,4,2021,8,5,5,3,5,2,1,1,1,0,0,0,0,364618.928999866358936,5772431.613999491557479,7.024089446000062,52.085875673000032,0,5210826705000070000
5,5,13,0,2021,7,22,2,3,5,3,2,0,1,0,0,0,1,368062.431999879889190,5708573.728999514132738,7.098617555000033,51.512864368000066,1,5210726700100670000
5,5,62,4,2021,7,12,2,3,5,2,0,1,0,0,0,1,0,384590.552983759902418,5715747.835157843306661,7.334338820000028,51.580962442000043,0,5210719701800670000
5,5,70,4,2021,8,7,6,3,0,7,0,0,0,0,0,1,0,423161.807422617450356,5734248.085107257589698,7.886813100000040,51.753854925000041,0,5210827711212460000
5,5,70,52,2021,7,10,7,2,8,1,0,0,0,0,1,0,0,430468.936665222048759,5755231.571308324113488,7.988435530000061,51.943446927000082,0,5210717711113060000
5,5,62,12,2021,6,9,5,2,5,2,0,0,1,0,0,0,1,359168.122720555402339,5725526.802029138430953,6.963721946000021,51.663056542000049,0,5210617701610600000
5,5,58,28,2021,7,14,7,2,0,2,0,0,1,0,1,0,0,397675.385999966412783,5733333.927999641746283,7.517966318000049,51.741562301000044,0,5210717706000990000
5,5,54,28,2021,8,21,3,2,5,3,2,0,1,0,1,0,0,357828.913999829441309,5744136.699999399483204,6.936764824000022,51.829939237000076,1,5210817705000990000
5,5,70,20,2021,8,7,7,3,6,4,0,0,1,1,0,0,0,432974.030999996699393,5743087.271999657154083,8.027234853000039,51.834579218000044,0,5210828711421600000
5,5,58,36,2021,8,6,4,3,5,3,0,1,1,0,0,0,0,388066.260579323396087,5729903.738383827731013,7.379951195000046,51.708895540000071,1,5210818706300510000
5,5,66,84,2021,8,18,3,3,8,1,0,1,0,0,0,0,0,390115.376547919586301,5776362.447174118831754,7.394770064000056,52.126852234000069,0,5210831709300150000
5,5,12,0,2021,8,20,2,3,0,1,0,1,0,0,0,0,0,355107.710111185908318,5708495.603607172146440,6.912083590000066,51.508988819000081,1,5210809701400100000
5,5,66,76,2021,8,17,5,3,5,3,0,0,1,0,0,0,0,395438.123999962583184,5794211.322999661788344,7.466983407000043,52.288300360000051,1,5210819709500070000
5,5,54,8,2021,8,9,2,3,0,7,0,1,0,0,0,0,0,335866.033243232406676,5746817.151579372584820,6.617037919000040,51.847998611000037,0,5210816705000620000
5,5,15,0,2021,8,0,1,3,0,1,2,0,0,0,0,0,1,404948.524999977089465,5757707.922999659553170,7.616571102000023,51.961930706000032,1,5210808702100060000
5,5,66,40,2021,6,8,7,3,0,5,0,0,0,0,1,0,1,421476.643548893742263,5782679.554378306493163,7.851325156000030,52.188981935000072,0,5210619709800540000
5,5,70,4,2021,8,16,2,3,5,3,0,0,1,0,0,0,0,423581.964999992400408,5733621.449999652802944,7.893036601000063,51.748279170000046,1,5210816711214770000
5,5,15,0,2021,8,14,4,3,2,6,0,0,1,0,0,0,1,406049.168999978341162,5756998.756999658420682,7.632779446000029,51.955743480000081,0,5210811702100360000
5,5,54,20,2021,8,14,7,3,5,3,0,0,1,0,1,0,0,363882.748999864794314,5786981.645999487489462,7.007521876000055,52.216431566000040,0,5210807705000520000
5,5,54,20,2021,8,15,5,3,3,6,0,1,0,0,0,1,0,365865.674182049930096,5782918.564000418409705,7.038137975000041,52.180409569000062,0,5210826705000990000
5,5,70,4,2021,3,21,2,3,5,3,2,0,1,0,0,0,0,425172.066999993287027,5735251.784999653697014,7.915714757000046,51.763150078000081,1,5210308711213200000
5,5,66,12,2021,8,9,3,3,0,1,0,1,0,0,0,0,0,405257.793185674585402,5772235.670132320374250,7.617048197000031,52.092563285000040,0,5210810709100990000
5,5,54,12,2021,8,13,3,3,5,3,0,1,1,0,0,0,0,351029.392691397108138,5744406.900507908314466,6.838045651000073,51.830595209000080,0,5210824705000080000
5,5,66,8,2021,1,8,5,3,6,2,2,0,1,1,0,0,0,399563.030999971553683,5781640.190999660640955,7.531172564000030,52.176084993000075,1,5210128709110500000
5,5,66,12,2021,8,20,7,3,5,2,1,1,0,0,0,0,0,402787.743999975733459,5772806.985999662429094,7.580841749000058,52.097269905000076,0,5210821709110990000
5,5,15,0,2021,4,8,6,3,1,5,0,1,1,0,0,0,0,405979.133963288739324,5750639.215261381119490,7.633497977000047,51.898568853000029,0,5210423702100600000
5,5,62,24,2021,8,18,1,3,3,6,0,0,1,0,0,0,0,368935.950999885797501,5725641.745999520644546,7.104824825000037,51.666452535000076,0,5210822701500240000
5,5,54,8,2021,8,10,5,3,0,7,0,0,1,0,1,0,0,334562.068667809478939,5746821.512669766321778,6.598122243000034,51.847652930000038,0,5210819705000990000
5,5,58,44,2021,7,20,3,3,5,3,0,1,0,0,0,0,0,395278.106097796000540,5752793.107096813619137,7.477370560000054,51.916019627000026,0,5210713706300700000
5,5,54,4,2021,7,19,1,3,8,6,0,1,0,0,0,0,0,363737.457885309122503,5771515.604069562628865,7.011598507000031,52.077428665000070,0,5210718705000400000
5,5,13,0,2021,8,21,1,2,5,2,2,1,1,0,0,0,0,366008.041999870911241,5708862.224999491125345,7.068919562000076,51.514973485000041,1,5210829700100570000
5,5,62,28,2021,7,13,2,3,5,3,0,1,1,0,0,0,0,378879.099999922327697,5724223.958999585360289,7.249017927000068,51.655941881000047,0,5210726701920000000
5,5,70,52,2021,8,20,3,3,0,1,0,1,0,0,0,0,0,429698.447819974273443,5756205.807589251548052,7.977028827000026,51.952108094000039,0,5210803711112680000
5,5,70,8,2021,8,7,4,3,6,4,1,0,1,1,0,0,0,437041.325751198455691,5733064.615316066890955,8.088075254000046,51.744947468000078,1,5210818711312130000
5,5,62,36,2021,3,17,6,3,5,3,0,1,1,0,0,0,0,390195.348999953828752,5719858.360999619588256,7.413909690000025,51.619028239000045,0,5210326701930400000
5,5,54,44,2021,6,12,4,3,0,7,0,1,1,0,0,0,0,365303.626716934144497,5743731.660537052899599,7.045327990000033,51.828151880000064,0,5210609705000700000
5,5,54,8,2021,7,10,2,2,0,3,0,0,1,0,0,0,1,335238.266999654471874,5745107.622998805716634,6.608746503000020,51.832456390000061,0,5210726705000880000
5,5,62,32,2021,7,15,7,3,5,3,0,0,1,0,0,0,1,374888.125999909825623,5713855.122999558225274,7.195053251000047,51.561882140000080,0,5210710701120990000
5,5,54,20,2021,8,23,4,3,8,1,2,0,1,0,0,0,0,364641.586881342343986,5786400.687941187992692,7.018854824000073,52.211398461000044,0,5210811705000580000
5,5,54,8,2021,7,18,7,3,9,1,0,0,1,0,1,0,0,337258.654999673366547,5745800.851998884230852,6.637716114000057,51.839276303000076,0,5210717705000380000
5,5,70,52,2021,7,12,7,3,1,2,0,0,1,0,1,0,0,430375.788044656626880,5756754.451072685420513,7.986772084000052,51.957125400000052,0,5210717711111440000
5,5,54,8,2021,4,10,5,2,5,2,0,1,1,0,0,0,0,335671.701999657787383,5744627.560998823493719,6.615259137000066,51.828271459000064,0,5210429705000870000
5,5,66,8,2021,8,15,6,3,5,3,0,1,1,0,0,0,0,399371.583999969996512,5781388.856999659910798,7.528448329000071,52.173791189000042,0,5210806709100340000
5,5,62,20,2021,8,12,6,3,5,3,0,0,1,0,1,0,0,371006.220734545961022,5717579.340743044391274,7.137713786000063,51.594476678000035,0,5210813701200180000
5,5,15,0,2021,7,6,3,3,5,3,0,1,1,0,0,0,0,404655.843999977223575,5752738.798999655991793,7.613690260000055,51.917216045000032,0,5210720702100600000
5,5,70,28,2021,8,12,5,3,1,5,0,1,0,0,0,1,0,441697.905168659985065,5741380.192219616845250,8.154118210000036,51.820211031000042,0,5210826711411170000
5,5,54,4,2021,7,8,6,2,5,3,0,1,1,0,0,0,0,363210.629875248298049,5770912.213618947193027,7.004157721000070,52.071877076000078,0,5210723705000070000
5,5,15,0,2021,6,13,3,3,5,3,0,1,1,0,0,0,0,401136.648850054480135,5758791.533664427697659,7.560797617000048,51.971005630000036,0,5210615702100770000
5,5,13,0,2021,8,10,4,3,3,6,0,1,1,0,0,0,0,363205.508240568451583,5711751.799149980768561,7.027432965000060,51.540268587000071,0,5210811700200660000
5,5,70,48,2021,4,6,4,3,8,1,0,0,1,0,0,0,0,445342.768951455131173,5733084.824708143249154,8.208300990000055,51.746000526000046,0,5210414711322000000
5,5,62,20,2021,7,11,4,2,5,2,0,1,1,0,0,0,0,371251.876999894157052,5717215.834999537095428,7.141391692000070,51.591266103000066,0,5210721701200270000
5,5,54,32,2021,5,8,5,3,4,1,0,0,1,0,1,0,0,324612.540999540127814,5745375.284998241811991,6.454554699000028,51.831625855000027,1,5210506705000580000
5,5,62,4,2021,7,9,6,3,5,3,0,1,1,0,0,0,0,382776.815999933518469,5712106.564999591559172,7.309388450000029,51.547861449000038,0,5210730701800000000
5,5,58,16,2021,5,19,5,3,4,2,0,1,1,0,0,0,0,381079.452999929897487,5743526.340999599546194,7.274212912000053,51.829887747000043,0,5210506706000660000
5,5,54,20,2021,5,12,1,2,5,3,0,1,1,0,0,0,0,366761.462999877519906,5783995.199999514967203,7.050808524000047,52.190300720000039,0,5210509705000600000
5,5,58,36,2021,8,16,1,3,8,1,0,1,0,0,0,0,0,387751.259314735420048,5729914.773478841409087,7.375390511000035,51.708931785000061,0,5210822706300990000
5,5,62,4,2021,8,15,6,3,0,7,0,1,0,0,0,0,0,383901.865999937057495,5709653.063999595120549,7.326415771000029,51.526042404000066,0,5210813701800370000
5,5,15,0,2021,5,15,4,3,5,3,0,1,1,0,0,0,0,404069.585999975912273,5758513.216999657452106,7.603557680000051,51.969018000000062,0,5210526702100900000
5,5,66,12,2021,8,10,7,3,9,1,0,1,0,0,0,0,0,404862.381743026897311,5772190.804001288488507,7.611290731000054,52.092092182000044,0,5210814709100990000
5,5,70,36,2021,8,17,2,3,1,5,0,1,1,0,0,0,0,434499.709029462188482,5761259.788434647023678,8.045917424000038,51.998128320000035,0,5210802711121970000
5,5,66,12,2021,8,17,4,3,2,3,0,1,1,0,0,0,0,405689.624999978579581,5772281.020999670028687,7.623337123000056,52.093044673000065,0,5210811709110990000
5,5,66,76,2021,2,19,5,3,6,6,2,0,1,1,0,0,0,393278.128136901184916,5792860.691088156774640,7.435755240000049,52.275746758000082,2,5210211709500300000
5,5,54,8,2021,8,14,5,3,5,3,0,0,1,0,0,0,0,335183.471999655477703,5747894.994998799636960,6.606623652000053,51.857480165000027,0,5210826705000280000
5,5,13,0,2021,8,3,1,2,0,7,2,1,0,0,0,0,0,367522.895999878644943,5707946.376999506726861,7.091082525000047,51.507100281000078,0,5210815700100570000
5,5,62,20,2021,8,11,4,3,0,7,0,0,0,0,0,0,1,368028.737999882549047,5718758.830999514088035,7.094309346000045,51.604386642000065,0,5210804701200770000
5,5,58,16,2021,6,10,5,3,0,1,0,1,0,0,0,0,0,380956.886978341266513,5743590.812856329604983,7.272412919000033,51.830441058000076,0,5210617706100960000
5,5,13,0,2021,8,19,3,2,0,1,0,1,0,0,0,0,0,368728.899860048666596,5716190.433973327279091,7.105374671000050,51.581468973000028,0,5210824700200770000
5,5,54,24,2021,4,18,4,3,0,1,0,1,1,0,0,0,0,370052.986688264645636,5775937.565240697935224,7.102015137000024,52.118682042000046,0,5210428705000500000
5,5,62,24,2021,4,18,2,3,2,6,0,0,1,0,0,0,0,372192.187999899499118,5725505.349999543279409,7.151932903000045,51.665976871000055,0,5210419701500600000
5,5,66,76,2021,4,6,4,3,1,3,0,1,1,0,0,0,0,394233.838964401744306,5794700.758551761507988,7.449180323000064,52.292468557000063,0,5210421709500570000
5,5,13,0,2021,5,20,7,3,5,3,1,1,1,0,0,0,0,366885.737398637458682,5714054.639941973611712,7.079597640000031,51.561843225000075,0,5210501700200720000
5,5,66,76,2021,7,17,5,3,4,2,0,0,1,0,0,0,0,395155.130999962799251,5794202.646999664604664,7.462838669000064,52.288168466000059,1,5210715709000260000