ULAND,UREGBEZ,UKREIS,UGEMEINDE,UJAHR,UMONAT,USTUNDE,UWOCHENTAG,UKATEGORIE,UART,UTYP1,ULICHTVERH,IstRad,IstPKW,IstFuss,IstKrad,IstGkfz,IstSonstige,LINREFX,LINREFY,XGCSWGS84,YGCSWGS84,STRZUSTAND,UIDENTSTLAE
5,5,70,8,2021,7,11,4,2,5,3,0,1,1,0,0,0,0,433488.881042935885489,5734185.750508537515998,8.036413054000036,51.754616100000078,0,5210707711311900000
5,5,54,8,2021,7,9,2,3,0,3,0,0,1,0,1,0,0,335462.825999657623470,5746838.607998812571168,6.611179272000072,51.848072682000065,0,5210726705000990000
5,5,15,0,2021,8,13,6,3,4,6,0,1,0,0,0,0,0,407853.066999981179833,5756810.732999658212066,7.659073272000057,51.954355256000042,0,5210820702100460000
5,5,66,76,2021,8,19,6,3,6,4,0,0,1,1,0,0,0,393274.787999959662557,5792215.814999656751752,7.435910354000043,52.269950488000063,0,5210813709500400000
5,5,13,0,2021,8,14,6,3,5,3,0,0,1,0,0,0,0,367732.018999880179763,5712757.850999506190419,7.092287166000062,51.550388538000050,0,5210806700200570000
5,5,70,4,2021,2,11,3,3,0,7,0,0,1,0,0,0,1,424699.516248167492449,5734690.046785350888968,7.908990380000034,51.758036871000058,2,5210216711213400000
5,5,15,0,2021,7,16,7,3,6,7,0,0,1,1,0,0,0,405587.767999977804720,5757379.842999659478664,7.625962256000037,51.959090703000072,0,5210724702100560000
5,5,54,20,2021,6,16,7,3,1,7,0,0,1,0,0,0,0,364308.167029771022499,5786550.829099252820015,7.013917783000068,52.212665515000026,0,5210612705000490000
5,5,15,0,2021,6,1,1,3,1,5,2,0,0,0,0,0,1,406987.000602763146162,5754946.604147313162684,7.646978376000050,51.937455297000042,0,5210613702100800000
5,5,54,8,2021,8,19,7,3,6,4,0,0,1,1,0,0,0,336862.347762219607830,5745807.477026596665382,6.631965660000049,51.839220196000042,0,5210821705000970000
5,5,62,24,2021,4,15,1,3,0,7,0,1,0,1,0,0,0,371656.697144746780396,5724747.765643395483494,7.144472418000021,51.659046590000059,0,5210425701500480000
5,5,13,0,2021,8,13,1,3,0,1,0,0,0,0,0,0,1,362948.920999827794731,5716311.232499474659562,7.021957937000025,51.581178670000043,0,5210822700000650000
5,5,70,8,2021,8,19,6,3,5,3,0,0,1,0,0,0,0,433070.523712225258350,5738521.613237198442221,8.029517195000039,51.793545737000045,0,5210827711314570000
5,5,54,48,2021,8,16,7,2,0,7,0,1,0,0,0,0,0,342002.009999715723097,5746311.283999050036073,6.706275034000043,51.845224107000035,0,5210814705000990000
5,5,15,0,2021,7,2,1,3,0,1,2,1,0,0,0,0,0,402898.474999975413084,5757447.028999652713537,7.586817061000033,51.959231453000029,0,5210725702100460000
5,5,62,12,2021,8,16,5,3,5,3,0,1,1,0,0,0,0,359432.988999838009477,5725260.901999425143003,6.967655969000020,51.660733526000058,0,5210805701610380000
5,5,66,8,2021,7,15,1,3,5,3,0,1,0,0,0,0,0,399862.708999970927835,5781438.266999667510390,7.535613222000052,52.174324623000075,0,5210718709110070000
5,5,54,28,2021,2,11,7,3,0,6,0,0,1,0,1,0,0,357620.351999827660620,5743443.933999400585890,6.934025137000049,51.823661359000027,0,5210220705000300000
5,5,13,0,2021,8,15,5,3,5,3,0,0,1,0,0,0,1,368705.002999883145094,5708605.303999515250325,7.107860588000051,51.513297817000080,0,5210812700100570000
5,5,62,24,2021,7,12,1,3,1,5,0,0,1,0,1,0,0,367178.063826103694737,5724488.165246181190014,7.079859570000053,51.655673193000041,0,5210725701500760000
5,5,62,20,2021,4,10,1,3,0,7,0,1,0,0,0,0,0,371816.943095359951258,5714513.105624256655574,7.150530914000058,51.567105750000053,0,5210425701200470000
5,5,58,12,2021,7,11,4,2,5,3,0,1,1,0,0,0,0,374579.284999908879399,5755236.565999569371343,7.175675876000071,51.933701196000072,0,5210728706000850000
5,5,66,84,2021,8,9,1,3,0,5,0,1,1,0,0,0,0,386371.484969058074057,5778620.476276014000177,7.339347888000020,52.146388091000063,0,5210801709300170000
5,5,54,4,2021,4,20,4,2,0,7,0,1,0,0,0,0,0,361125.872999849729240,5773028.042999450117350,6.972898852000071,52.090369411000040,0,5210428705000000000
5,5,62,4,2021,7,16,1,3,0,1,0,1,0,0,0,0,0,383566.201837589964271,5710790.855892840772867,7.321203120000064,51.536199560000057,0,5210718701800650000
5,5,70,48,2021,8,20,4,2,9,1,2,0,0,0,1,0,0,450501.157239379361272,5732963.554877974092960,8.283029831000022,51.745389740000064,0,5210825711321770000
5,5,70,52,2021,8,17,5,3,5,3,0,1,1,0,0,0,0,430589.421369176357985,5756320.499871861189604,7.989968194000028,51.953251049000073,0,5210805711111870000
5,5,58,16,2021,8,17,4,3,4,7,0,1,0,0,0,0,0,389890.720769539475441,5744153.564660262316465,7.401827509000043,51.837331397000071,0,5210825706100180000
5,5,66,8,2021,8,10,2,3,5,3,0,1,1,0,0,0,0,398454.746999968774617,5780532.945999657735229,7.515301845000067,52.165930572000036,0,5210802709100240000
5,5,62,24,2021,8,15,4,3,5,3,0,1,1,0,0,0,0,370468.186999891884625,5725165.717999536544085,7.127144448000024,51.662529940000070,0,5210818701500690000
5,5,15,0,2021,8,12,2,3,1,7,0,1,1,0,0,0,0,405838.499999978579581,5758980.602999661117792,7.629171205000034,51.973521548000065,0,5210830702100280000
5,5,70,4,2021,8,19,4,3,5,3,0,1,1,0,0,0,0,425659.095133327879012,5736485.567976443096995,7.922506549000047,51.774306321000040,0,5210811711212280000
5,5,54,4,2021,8,18,3,3,0,7,0,1,0,0,0,0,0,363376.078999859280884,5771099.230999477207661,7.006495276000066,52.073598341000036,0,5210803705000990000
5,5,62,24,2021,7,9,6,3,5,3,0,1,1,0,0,0,0,370950.784326002001762,5725359.944728741422296,7.134046440000077,51.664386426000078,0,5210723701500270000
5,5,70,4,2021,7,19,7,3,5,3,0,1,1,0,0,0,0,424489.451393232680857,5735313.559360805898905,7.905811907000043,51.763613768000027,1,5210731711211300000
5,5,54,48,2021,8,19,4,3,5,3,0,0,1,0,0,0,1,344267.393999735824764,5747635.342999117448926,6.738538291000054,51.857756129000052,0,5210818705000990000
5,5,70,4,2021,7,14,7,3,4,2,0,0,1,0,1,0,0,423315.594999993219972,5735038.486999657005072,7.888866236000069,51.760981429000026,0,5210703711215970000
5,5,15,0,2021,8,18,7,3,4,2,0,0,1,0,0,0,1,404284.954999975860119,5756120.362999655306339,7.607358468000029,51.947547288000067,0,5210821702100000000
5,5,66,96,2021,7,20,1,3,0,5,0,0,1,0,0,0,0,385149.448476810939610,5785944.316709946841002,7.319016223000062,52.211953349000055,0,5210725709300570000
5,5,54,32,2021,7,8,3,3,8,1,0,0,1,0,0,0,0,325677.564999554306269,5746032.186998307704926,6.469664461000036,51.837859779000041,0,5210727705000380000
5,5,54,8,2021,7,17,3,3,5,3,0,1,0,0,0,0,0,335987.893999661318958,5745332.325998833402991,6.619509494000056,51.834695590000081,0,5210727705000990000
5,5,66,40,2021,8,13,3,3,5,3,0,1,1,0,0,0,0,422136.288138529285789,5781847.053145710378885,7.861163869000052,52.181592202000047,0,5210824709800480000
5,5,62,14,2021,8,13,1,3,5,2,0,1,1,0,0,0,0,361992.051999851129949,5712960.313999455422163,7.009472327000026,51.550833189000059,0,5210808701300570000
5,5,66,76,2021,7,14,5,3,2,3,0,0,1,0,1,0,0,395290.131126915104687,5793730.300380336120725,7.464963926000053,52.283949090000078,0,5210729709500570000
5,5,70,4,2021,7,11,1,3,5,3,0,1,0,0,0,0,0,423734.208999992348254,5733854.355999656021595,7.895190424000020,51.750393665000047,0,5210718711214370000
5,5,15,0,2021,8,19,4,3,5,2,0,1,0,0,0,0,1,404370.636988141573966,5757635.700852014124393,7.608183000000054,51.961182448000045,1,5210804702100840000
5,5,54,20,2021,8,11,7,3,0,7,0,1,1,0,0,0,0,365604.644364441744983,5787016.374280069023371,7.032696907000059,52.217166316000032,0,5210828705000020000
5,5,13,0,2021,8,16,6,2,5,3,0,1,1,0,0,0,0,362459.657071546651423,5710160.217509921640158,7.017306428000040,51.525784926000028,0,5210820700200270000
5,5,54,8,2021,8,17,4,3,5,3,0,1,1,0,0,0,0,333148.076999632641673,5744457.385998714715242,6.578753198000072,51.825994810000054,0,5210825705000060000
5,5,66,40,2021,8,14,4,2,0,1,0,1,0,0,0,0,0,422549.347960911691189,5782590.674050612375140,7.867034120000028,52.188334700000041,1,5210804709800070000
5,5,58,20,2021,4,7,3,3,5,3,0,1,1,0,0,0,0,391296.761999955400825,5759028.555999638512731,7.417534875000058,51.971298558000058,0,5210427706000470000
5,5,70,28,2021,5,7,3,3,4,6,0,1,0,0,0,0,0,441515.174999999813735,5742448.741999659687281,8.151286842000047,51.829798455000059,0,5210518711413900000
5,5,58,16,2021,3,5,2,3,3,3,2,1,1,0,0,0,0,381793.291999931447208,5743661.318999605253339,7.284521090000055,51.831252327000072,0,5210315706100500000
5,5,66,84,2021,8,12,3,3,5,3,0,1,1,0,0,0,0,386192.699999943375587,5778755.385999632999301,7.336690996000073,52.147563707000074,1,5210817709300890000
5,5,54,56,2021,4,12,2,3,6,7,0,0,1,1,0,0,0,356915.815152468159795,5762090.015612373128533,6.916066678000050,51.991019624000046,0,5210426705000120000
5,5,62,14,2021,6,19,3,2,5,3,0,1,0,0,0,0,0,361045.645292214117944,5715445.381309058517218,6.994848717000025,51.572932032000040,0,5210615701300300000
5,5,66,84,2021,8,15,6,3,5,3,0,1,1,0,0,0,0,390225.487999952398241,5775812.019999641925097,7.396555519000060,52.121927292000066,0,5210827709300480000
5,5,62,24,2021,7,7,4,3,5,3,0,1,1,0,0,0,0,370375.327999892644584,5725934.680999532341957,7.125517347000027,51.669418935000067,0,5210721701500680000
5,5,13,0,2021,6,12,1,3,6,4,0,0,1,1,0,0,0,367224.897342980839312,5708457.883076900616288,7.086598499000047,51.511627092000026,0,5210613700100480000
5,5,66,76,2021,8,16,1,3,0,1,0,1,0,0,0,0,0,392608.929392063058913,5794454.672589119523764,7.425442848000046,52.289941762000069,1,5210829709500210000
5,5,70,8,2021,7,15,3,3,6,4,0,0,1,1,0,0,0,435470.264112377539277,5734473.429026922211051,8.065060958000061,51.757434160000059,0,5210713711313000000
5,5,70,20,2021,7,15,6,2,1,5,0,0,1,0,0,0,1,432948.243999996222556,5743832.194999663159251,8.026716268000030,51.841272913000068,0,5210716711422080000
5,5,15,0,2021,8,9,7,3,0,7,0,1,0,0,0,0,0,405678.917255632579327,5757318.763205511495471,7.627305165000053,51.958557160000055,0,5210814702100760000
5,5,66,76,2021,7,12,4,3,0,3,0,1,1,0,0,0,0,391557.183999955654144,5792425.333999656140804,7.410681420000060,52.271497409000062,0,5210728709000060000
5,5,70,4,2021,8,14,4,3,0,1,0,0,0,0,1,0,0,425515.031999993138015,5729660.212999654933810,7.921880514000065,51.712928883000075,0,5210825711214000000
5,5,12,0,2021,8,13,5,3,6,2,0,0,1,1,0,0,0,356292.071999818086624,5709920.431999376043677,6.928557449000039,51.522094519000063,0,5210805701400240000
5,5,62,4,2021,8,15,4,3,5,3,0,0,1,0,0,0,0,382658.763999934308231,5717841.072999600321054,7.305771167000046,51.599376859000074,0,5210825701800670000
5,5,66,8,2021,7,16,4,3,4,6,0,1,0,0,0,0,1,399717.590999972075224,5781440.278999660164118,7.533491204000029,52.174316350000026,0,5210721709100680000
5,5,58,12,2021,7,20,2,2,8,1,0,0,1,0,0,0,0,369311.870272830128670,5758634.606815751641989,7.097810786000025,51.963024371000074,0,5210726706000070000
5,5,62,32,2021,7,18,6,3,0,1,0,1,0,0,0,0,0,377501.399999919347465,5715152.712999572977424,7.232282220000059,51.574117685000033,0,5210730701120370000
5,5,70,4,2021,8,14,3,3,6,6,0,1,0,1,0,0,0,424764.905723274685442,5734440.338212432339787,7.909991661000049,51.755800854000029,0,5210831711213600000
5,5,66,76,2021,7,9,5,3,5,3,0,0,1,0,1,0,0,395997.738999964669347,5787720.285999663174152,7.477184856000065,52.230069151000066,1,5210701709500410000
5,5,13,0,2021,6,15,2,3,5,3,0,0,1,0,0,0,0,368231.390999881550670,5710917.917999511584640,7.100174277000065,51.533970430000068,0,5210628700100500000
5,5,70,32,2021,5,5,6,3,7,7,0,0,0,0,1,0,0,418990.974889805540442,5766773.196741422638297,7.818757869000024,52.045642373000078,0,5210507711151900000
5,5,70,4,2021,9,14,5,3,5,2,0,1,1,0,0,0,0,425187.088999993167818,5736530.375999657437205,7.915656978000072,51.774646238000059,0,5210909711211990000
5,5,62,8,2021,7,18,2,3,5,3,0,1,1,0,0,0,0,384425.807999938726425,5722858.394999600946903,7.329617485000028,51.644836507000036,0,5210726701910070000
5,5,66,76,2021,5,16,6,3,0,4,0,1,0,1,0,0,0,393568.272843108512461,5793295.406888626515865,7.439869026000054,52.279709881000031,0,5210528709500800000
5,5,58,24,2021,8,16,3,2,5,3,0,1,0,0,0,0,0,393346.010862127877772,5736343.583990857005119,7.454361871000060,51.767806015000076,0,5210831706300250000
5,5,54,68,2021,8,18,4,3,5,3,0,1,1,0,0,0,0,351551.494999792426825,5767321.452999286353588,6.835730064000074,52.036613881000051,0,5210811705000270000
5,5,54,8,2021,8,15,2,3,3,6,0,1,0,0,0,0,0,337748.019999678246677,5746798.654998904094100,6.644344956000054,51.848382545000050,0,5210823705000990000
5,5,54,60,2021,8,21,3,3,0,3,1,0,0,0,1,0,0,353453.634999802336097,5757075.664999326691031,6.867819538000049,51.945064191000029,1,5210803705000990000
5,5,62,4,2021,8,22,7,3,0,1,2,0,0,0,1,0,0,382946.475999934598804,5712032.766999596729875,7.311858723000057,51.547233392000066,0,5210814701800370000
5,5,66,60,2021,8,18,7,3,0,3,0,0,1,0,1,0,0,388531.359999949112535,5789032.634999644011259,7.367474854000022,52.240402454000048,0,5210807709500570000
5,5,12,0,2021,8,12,2,3,5,3,0,0,1,0,1,0,0,356339.948999819345772,5712182.137999376282096,6.928324396000050,51.542429932000061,1,5210816701400070000
5,5,62,32,2021,8,8,1,3,6,4,0,1,0,1,0,0,0,375609.143367780372500,5720630.756232088431716,7.203047773000037,51.622935358000063,0,5210801701110680000
5,5,70,28,2021,6,2,1,3,1,5,2,1,1,0,0,0,0,442649.543772983364761,5747990.237415906041861,8.166826925000066,51.879735400000072,0,5210620711413990000
5,5,15,0,2021,6,2,1,3,4,6,2,1,0,1,0,0,0,407243.115008941851556,5756572.836867790669203,7.650264090000064,51.952115517000038,0,5210613702100100000
5,5,12,0,2021,7,22,4,3,8,7,2,0,1,0,0,0,0,357016.812198716215789,5710709.402507346123457,6.938676518000022,51.529368036000051,0,5210721701400590000
5,5,54,8,2021,8,18,2,3,5,3,0,1,0,0,0,0,0,336194.026143101975322,5745758.384916542097926,6.622296839000057,51.838583561000064,0,5210802705000990000
5,5,70,52,2021,5,20,7,3,0,1,1,1,0,0,0,0,0,428941.543850231915712,5753095.326610174030066,7.966659563000064,51.924049954000054,0,5210501711114100000
5,5,58,16,2021,7,12,6,3,5,3,0,0,1,0,0,0,0,380346.514839989133179,5744027.265838664025068,7.263408502000061,51.834233090000055,0,5210730706000420000
5,5,12,0,2021,8,7,4,3,6,4,0,0,1,1,0,0,0,356205.312050307169557,5710651.450028501451015,6.927009365000060,51.528641219000065,0,5210825701400490000
5,5,15,0,2021,7,12,4,3,2,6,0,0,1,0,0,0,0,407925.166999981738627,5758290.443999659270048,7.659725499000047,51.967667665000079,0,5210728702100990000
5,5,54,12,2021,7,16,6,3,0,7,0,1,0,0,0,0,0,351759.198999791406095,5745594.627999296411872,6.848120124000047,51.841460918000053,0,5210723705000570000
5,5,15,0,2021,8,7,5,3,0,5,0,1,1,0,0,0,0,406816.404024703428149,5756900.836404385045171,7.643967806000035,51.954992414000060,0,5210819702100630000
5,5,66,40,2021,8,10,3,2,4,2,0,1,1,0,0,0,0,421876.404999992810190,5782455.048999678343534,7.857223527000031,52.187020661000076,0,5210824709800680000
5,5,13,0,2021,8,18,6,3,5,3,0,1,1,0,0,0,0,363186.129912071861327,5710490.045791689306498,7.027643993000027,51.528925345000061,0,5210820700200470000
5,5,62,36,2021,8,15,7,2,5,2,0,1,0,0,0,0,0,389557.799210283905268,5721194.964199261739850,7.404282864000038,51.630916947000060,0,5210814701930540000
5,5,70,12,2021,8,9,5,3,5,3,0,1,1,0,0,0,0,439205.333999997936189,5753536.100999668240547,8.115818122000064,51.929228015000035,0,5210805711131770000
5,5,54,28,2021,8,15,1,3,9,1,0,0,1,0,0,0,0,357257.854489474557340,5743227.623806092888117,6.928858052000066,51.821625252000047,0,5210829705000370000
5,5,66,12,2021,4,10,1,2,5,3,0,1,1,0,0,0,0,405015.529999977909029,5772235.827999662607908,7.613512957000069,52.092523174000064,0,5210425709100070000
5,5,62,32,2021,8,10,7,3,5,3,0,0,1,0,0,0,1,376587.405999914743006,5715126.002999566495419,7.219109033000052,51.573678289000043,0,5210821701120260000
5,5,70,4,2021,8,16,5,3,1,5,0,1,1,0,0,0,1,424735.332539444789290,5735398.232915975153446,7.909355815000026,51.764408064000065,1,5210826711213570000
5,5,58,16,2021,7,15,7,3,2,6,0,1,1,0,0,0,0,381243.695768898352981,5744769.804892675951123,7.276168469000027,51.841097870000056,1,5210731706000480000
5,5,15,0,2021,8,12,2,3,5,3,0,1,1,0,0,0,0,404363.515999976545572,5755718.021999657154083,7.608613084000069,51.943944403000046,0,5210809702100360000
5,5,54,20,2021,5,9,5,3,5,6,0,1,1,0,0,0,0,364137.748872864991426,5786117.026334190741181,7.011599142000023,52.208725713000035,1,5210506705000580000
5,5,54,8,2021,8,12,3,3,1,5,0,1,1,0,0,0,0,335890.955216145142913,5745402.273333441466093,6.618070654000064,51.835295486000064,0,5210831705000580000
5,5,58,12,2021,6,14,7,3,0,2,0,1,1,0,0,0,0,373891.336999906226993,5754774.568999566137791,7.165844084000071,51.929394029000036,0,5210612706200590000
5,5,58,16,2021,8,13,4,2,1,7,0,0,1,0,0,0,0,381368.667525479570031,5743668.452409502118826,7.278359265000063,51.831226418000028,0,5210818706100060000
5,5,58,36,2021,7,17,5,2,5,2,0,0,1,0,0,0,0,387189.571999946609139,5729919.086999615654349,7.367263196000067,51.708857893000072,0,5210722706000560000
5,5,66,76,2021,8,8,6,3,5,3,0,1,1,0,0,0,0,392404.416962644085288,5793640.210610158741474,7.422705555000050,52.282582096000056,0,5210820709500650000
5,5,66,28,2021,7,8,4,3,5,7,0,1,0,0,0,0,1,412305.139999985694885,5792873.642999680712819,7.714550396000050,52.279227704000050,0,5210721709700550000
5,5,70,20,2021,5,0,6,2,0,1,2,1,0,0,0,0,0,432933.757999996654689,5743739.711999660357833,8.026523963000045,51.840439760000038,0,5210514711421500000
5,5,15,0,2021,8,1,5,3,0,1,2,0,0,0,0,0,1,405487.343880107626319,5757965.681984376162291,7.624339969000062,51.964339411000026,0,5210812702100250000
5,5,54,20,2021,7,18,5,3,2,3,0,0,1,0,1,0,0,365310.389389773830771,5784141.540712442249060,7.029535651000060,52.191263158000027,0,5210722705000080000
5,5,54,28,2021,7,16,5,2,5,3,0,1,1,0,0,0,0,357880.422999830916524,5743963.665999403223395,6.937582861000067,51.828397565000046,1,5210715705000980000
5,5,62,24,2021,7,19,4,3,5,3,0,1,0,0,0,0,0,367294.777110281400383,5724151.371339585632086,7.081673636000062,51.652674179000030,0,5210721701500260000
5,5,13,0,2021,8,7,4,2,5,3,0,0,1,0,0,0,0,368621.679999884217978,5712454.461999515071511,7.105224551000049,51.547869918000060,0,5210804700000380000
5,5,66,48,2021,7,8,7,3,5,3,0,1,1,0,0,0,0,427859.599999994039536,5799438.602999689057469,7.941096936000065,52.340501321000033,0,5210717709700670000
5,5,15,0,2021,8,17,2,3,0,7,0,1,1,0,0,0,0,399278.553977587260306,5760103.999858833849430,7.533372687000053,51.982468520000054,0,5210809702100030000
5,5,62,12,2021,8,13,7,3,1,5,0,1,1,0,0,0,0,359070.750999835319817,5726015.737999418750405,6.962117831000057,51.667425604000073,0,5210821701610450000
5,5,15,0,2021,7,18,1,3,0,1,0,1,0,0,0,0,0,406128.618999979458749,5758081.205999663099647,7.633639462000076,51.965486447000046,1,5210725702100070000
5,5,12,0,2021,7,15,3,3,5,3,0,1,1,0,0,0,0,358290.818314131349325,5710976.244772125035524,6.956923291000066,51.532087034000028,0,5210720701400130000
5,5,58,16,2021,8,14,1,3,0,1,0,1,0,0,0,0,0,382124.939244681037962,5742796.360555218532681,7.289626347000024,51.823548844000072,0,5210808706000220000
5,5,62,32,2021,8,18,7,3,0,1,0,1,0,0,0,0,0,379711.946459003724158,5718482.522579060867429,7.263024395000059,51.604520217000072,0,5210821701110450000
5,5,62,12,2021,4,21,4,3,0,1,2,1,0,0,0,0,0,358234.491147107444704,5726599.364037394523621,6.949796730000060,51.672459532000062,0,5210428701610790000
5,5,54,48,2021,7,10,7,3,7,2,0,0,1,1,0,0,0,341206.998999709263444,5745763.585999021306634,6.694995013000039,51.840078108000057,0,5210731705000990000
5,5,62,24,2021,8,5,2,3,6,4,2,0,1,1,0,0,0,367294.777110281400383,5724151.371339585632086,7.081673636000062,51.652674179000030,0,5210830701500270000
5,5,58,24,2021,8,15,7,3,0,1,0,1,0,0,0,0,0,392636.322999957948923,5736502.874999631196260,7.444031858000073,51.769102074000045,1,5210828706300150000
5,5,13,0,2021,8,11,5,3,8,1,0,0,1,0,0,0,0,367705.187999878078699,5710806.895999507978559,7.092633766000063,51.532849649000070,0,5210826700100380000
5,5,66,8,2021,7,3,6,2,0,3,2,1,1,0,0,0,0,399926.861999971792102,5780382.884999664500356,7.536862298000074,52.164850738000041,0,5210730709110070000
5,5,62,4,2021,6,11,5,3,5,2,0,0,1,0,0,0,0,384611.541076448746026,5716327.541114939376712,7.334451067000032,51.586177018000058,0,5210617701800680000
5,5,62,20,2021,5,18,7,3,5,3,0,0,1,0,1,0,0,371191.248968699015677,5717428.829312441870570,7.140438779000021,51.593166393000047,0,5210501701200160000
5,5,15,0,2021,7,4,7,3,4,6,2,1,0,0,0,0,1,406128.618999979458749,5758081.205999663099647,7.633639462000076,51.965486447000046,0,5210717702100360000
5,5,62,12,2021,8,13,6,3,5,3,0,0,1,0,0,0,1,362898.650374926626682,5731635.288144245743752,7.015225885000063,51.718870145000039,0,5210820701610420000
5,5,66,20,2021,8,2,7,1,1,6,2,1,1,0,0,0,0,404257.795182395726442,5805028.687363781034946,7.593165054000053,52.387131410000052,1,5210821709700500000
5,5,13,0,2021,8,14,4,3,6,7,0,0,0,1,0,0,1,368056.575919525697827,5708570.961179945617914,7.098534248000021,51.512838126000076,0,5210825700100230000
5,5,12,0,2021,7,15,6,3,0,7,0,0,0,0,0,0,1,356531.931256453506649,5709537.477069867774844,6.932168331000071,51.518714327000055,0,5210716701400840000
5,5,66,56,2021,5,15,7,3,6,1,0,0,0,1,0,0,1,417863.346999987959862,5797106.773999683558941,7.794971118000035,52.318135900000073,0,5210501709700070000
5,5,54,20,2021,8,7,6,3,5,3,0,1,1,0,0,0,0,366035.020975781604648,5785625.978830769658089,7.039543046000063,52.204777919000037,0,5210827705000010000
5,5,15,0,2021,8,7,2,3,5,3,0,1,0,0,0,0,1,407754.214999980293214,5757287.844999661669135,7.657507096000074,51.958627415000080,0,5210823702100840000
5,5,54,24,2021,1,7,4,3,0,7,2,0,0,0,1,0,0,369826.721375819295645,5776468.572536820545793,7.098509194000030,52.123400352000033,2,5210113705000800000
5,5,62,24,2021,4,11,2,2,0,7,0,0,0,0,1,0,0,368870.963689970783889,5725874.446247914806008,7.103798335000022,51.668528544000026,0,5210426701500390000
5,5,66,76,2021,4,6,3,3,5,3,0,1,1,0,0,0,0,396220.688999964855611,5796638.026999667286873,7.477704626000047,52.310258285000032,0,5210427709500800000
5,5,15,0,2021,7,16,4,3,6,4,0,0,1,1,0,0,0,405888.340999977663159,5756948.108999658375978,7.630453590000059,51.955261037000071,0,5210728702100670000
5,5,54,20,2021,7,11,7,3,5,3,0,0,1,0,1,0,0,365310.389389773830771,5784141.540712442249060,7.029535651000060,52.191263158000027,0,5210717705000620000
5,5,62,20,2021,5,15,7,3,0,1,0,1,0,0,0,0,0,371191.248968699015677,5717428.829312441870570,7.140438779000021,51.593166393000047,0,5210501701200150000
5,5,54,8,2021,8,17,4,3,5,3,0,1,1,0,0,0,0,337195.737999673932791,5748149.330998882651329,6.635697843000059,51.860355600000048,0,5210811705000990000
5,5,12,0,2021,8,17,2,3,1,6,0,0,1,0,0,0,0,356936.695386006496847,5708827.638351501896977,6.938286305000076,51.512438461000045,1,5210809701400620000
5,5,62,16,2021,6,11,5,3,6,6,0,1,0,1,0,0,0,378564.686654252931476,5731035.040923200547695,7.242105012000025,51.717086670000072,0,5210617701700680000
5,5,70,4,2021,8,17,5,3,5,2,0,1,1,0,0,0,0,424706.239999993704259,5734621.440999655053020,7.909102643000040,51.757421030000046,1,5210819711213080000
5,5,13,0,2021,8,19,5,3,5,3,0,1,0,0,0,0,0,368374.408560696057975,5709467.464156754314899,7.102777091000064,51.520968927000069,0,5210812700100070000
5,5,70,52,2021,8,7,7,3,5,3,0,1,1,0,0,0,0,431191.371999995782971,5757098.202999666333199,7.998570294000046,51.960317132000057,0,5210814711111480000
5,5,13,0,2021,6,11,7,3,6,7,0,0,1,1,0,0,0,368110.679666043259203,5708600.322581276297569,7.099302502000057,51.513114623000035,0,5210612700100370000
5,5,54,20,2021,8,16,4,3,2,6,0,0,1,0,1,0,0,365750.480999872088432,5784137.118999509140849,7.035971692000032,52.191330739000080,0,5210811705000380000
5,5,66,76,2021,7,0,1,3,3,6,2,1,0,0,0,0,0,395378.311976695433259,5796088.306778259575367,7.465523800000028,52.305157950000080,0,5210718709500430000
5,5,62,14,2021,7,19,7,3,1,5,0,0,1,0,0,0,0,358437.384060565382242,5715770.078791866078973,6.957105428000034,51.575200857000027,0,5210731701300020000
5,5,70,4,2021,3,9,5,3,5,3,0,1,1,0,0,0,0,424626.166007983498275,5734839.347956586629152,7.907895454000027,51.759369176000064,0,5210304711213500000
5,5,54,44,2021,7,21,3,3,2,7,1,0,1,0,1,0,0,365355.235724950209260,5744124.805404745042324,7.045923518000052,51.831697115000054,0,5210720705000990000
5,5,13,0,2021,8,2,3,3,1,7,2,0,1,0,0,0,1,368366.539999882690609,5708020.736999511718750,7.103203995000058,51.507965685000045,1,5210810700100520000
5,5,54,24,2021,8,12,4,3,8,1,0,1,0,0,0,0,0,371456.252999897114933,5776212.172999558970332,7.122395317000041,52.121477682000034,0,5210811705000480000
5,5,15,0,2021,7,18,1,3,0,1,0,1,0,0,0,0,0,406128.618999979458749,5758081.205999663099647,7.633639462000076,51.965486447000046,1,5210725702100570000
5,5,54,32,2021,12,7,4,3,5,3,1,1,1,0,0,0,0,324298.665355596167501,5745676.157216602936387,6.449851463000073,51.834229753000045,1,5211201705000290000
5,5,54,32,2021,10,12,6,3,0,7,0,1,0,0,0,0,0,325960.816956986440346,5747767.693605125881732,6.472898259000033,51.853537206000055,0,5211008705000980000
5,5,54,8,2021,6,13,4,3,4,2,0,1,1,0,0,0,0,328734.828064872242976,5748700.039709981530905,6.512674396000023,51.862770177000073,0,5210616705000080000
5,5,54,8,2021,6,16,3,2,0,2,0,1,0,0,0,0,0,332413.051074554561637,5747513.254962826147676,6.566617036000025,51.853226001000053,0,5210622705000070000
5,5,54,8,2021,9,3,7,2,0,1,2,1,0,0,0,0,0,332724.962931132700760,5747470.806395072489977,6.571162177000076,51.852938235000067,0,5210925705000390000
5,5,54,8,2021,9,8,5,3,4,6,0,1,1,0,0,0,0,335404.286346777109429,5747985.683264395222068,6.609783991000029,51.858360012000048,0,5210930705000270000
5,5,54,8,2021,6,18,4,3,0,1,0,1,0,0,0,0,0,335678.368006567703560,5745509.512368986383080,6.614937056000031,51.836196360000031,0,5210602705000170000
5,5,54,8,2021,1,8,7,3,0,7,0,1,0,1,0,0,0,337301.147320921067148,5743334.685214389115572,6.639491392000025,51.817133672000068,1,5210123705000870000
5,5,54,8,2021,5,13,7,3,0,7,0,1,0,1,0,0,0,338195.561178767064121,5744953.360129332169890,6.651699762000021,51.831934956000055,0,5210529705000470000
5,5,54,48,2021,10,14,1,3,0,6,0,1,0,0,0,0,0,339852.806669119745493,5748224.279004491865635,6.674215408000066,51.861797742000078,0,5211010705000770000