ULAND,UREGBEZ,UKREIS,UGEMEINDE,UJAHR,UMONAT,USTUNDE,UWOCHENTAG,UKATEGORIE,UART,UTYP1,ULICHTVERH,IstRad,IstPKW,IstFuss,IstKrad,IstGkfz,IstSonstige,LINREFX,LINREFY,XGCSWGS84,YGCSWGS84,STRZUSTAND,UIDENTSTLAE
5,5,54,48,2021,10,13,1,3,3,2,0,1,0,0,0,0,0,339850.021185282152146,5746488.709762257523835,6.674979099000041,51.846204986000032,0,5211010705000590000
5,5,54,48,2021,12,14,5,3,0,7,0,1,0,0,0,0,0,340328.125083174789324,5745935.803334979340434,6.682169215000044,51.841374695000070,2,5211223705000180000
5,5,54,48,2021,1,12,1,3,0,1,0,1,0,0,0,0,0,341708.431730393669568,5747968.732138280756772,6.701257784000063,51.860031380000066,1,5210131705000870000
5,5,54,48,2021,11,16,5,2,0,1,2,1,0,0,0,0,0,341885.649975334294140,5745834.805513559840620,6.704805063000038,51.840910497000039,1,5211118705000470000
5,5,54,48,2021,7,22,1,2,0,1,2,1,0,0,0,0,0,343135.672060680226423,5739258.619923992082477,6.725911937000035,51.782181579000053,0,5210711705000860000
5,5,54,12,2021,10,14,2,2,5,3,0,1,0,0,0,1,0,347184.131705084058922,5750326.731202525086701,6.779667880000034,51.882742912000026,0,5211018705000760000
5,5,54,12,2021,6,15,3,3,0,2,0,1,0,0,0,0,0,348484.776160547626205,5743263.792209777049720,6.801645916000041,51.819640491000030,0,5210615705000690000
5,5,54,40,2021,9,16,1,3,0,6,0,1,1,0,0,0,0,350176.810359336435795,5739560.553768567740917,6.827777143000048,51.786823852000055,0,5210905705000260000
5,5,54,12,2021,7,15,5,3,7,6,0,1,1,0,0,0,0,351466.624251967528835,5747921.859155893325806,6.842876395000076,51.862292908000029,1,5210701705000990000
5,5,54,12,2021,12,7,2,3,4,1,2,1,0,0,0,0,0,352385.454654307221062,5747359.530014680698514,6.856450520000067,51.857484272000079,1,5211213705000390000
5,5,54,12,2021,9,2,1,2,0,1,2,1,0,0,0,0,0,353496.399189325748011,5749445.349607448093593,6.871686042000022,51.876518003000058,0,5210919705000690000
5,5,54,12,2021,5,15,4,3,8,7,0,1,0,0,0,0,0,354197.013954931695480,5745604.158503441140056,6.883477419000030,51.842188385000043,1,5210519705000690000
5,5,54,60,2021,4,16,4,2,2,6,0,1,0,0,0,0,0,356143.214797512686346,5757766.618785811588168,6.906634018000034,51.951974382000060,0,5210428705000980000
5,5,54,56,2021,10,17,1,3,0,1,0,1,0,0,0,0,0,356613.154733506555203,5760734.186879610642791,6.912228511000023,51.978759446000026,0,5211010705000090000
5,5,62,12,2021,6,22,6,2,0,1,0,1,0,0,0,0,0,355773.625008389353752,5725524.369835334829986,6.914676761000067,51.662173795000058,0,5210625701610280000
5,5,54,28,2021,6,14,2,3,0,7,0,1,0,0,0,0,0,357028.039513676601928,5743606.800146520137787,6.925369308000029,51.824973526000065,0,5210614705000070000
5,5,62,12,2021,10,16,3,2,0,1,0,1,0,0,0,0,0,357175.215242816542741,5735494.110676910728216,6.930842955000060,51.752115360000062,1,5211012701620490000
5,5,54,4,2021,10,14,5,3,8,1,0,1,0,0,0,0,0,358429.893021747702733,5772475.820897458121181,6.933803197000032,52.084724691000076,0,5211028705000890000
5,5,62,12,2021,11,13,5,3,6,4,0,1,0,1,0,0,0,358835.464935015072115,5727051.787804123014212,6.958299152000052,51.676676228000076,1,5211118701610090000
5,5,54,64,2021,6,18,5,3,0,1,0,1,0,0,0,0,0,360034.412577349168714,5754780.418031156994402,6.964433751000058,51.926135068000065,0,5210610705000090000
5,5,62,12,2021,6,16,6,2,0,1,0,1,0,0,0,0,0,359868.121766922995448,5725914.275172827765346,6.973680969000043,51.666713300000026,0,5210604701610140000
5,5,54,64,2021,7,14,4,3,0,7,0,1,0,0,0,0,0,361102.699564904265571,5750089.840111340396106,6.981850260000044,51.884255355000050,0,5210707705000990000
5,5,54,4,2021,12,8,5,3,0,7,1,1,0,0,0,0,0,362139.153027441992890,5769178.209776111878455,6.989234687000021,52.056030826000040,2,5211209705000590000
5,5,54,16,2021,3,19,4,3,5,2,0,1,1,0,0,0,0,362097.565735297859646,5756478.371399571187794,6.993738267000026,51.941906977000031,0,5210331705000920000
5,5,54,20,2021,10,15,6,3,0,1,0,1,1,0,0,0,0,363151.803246016730554,5781767.685453770682216,6.998934844000075,52.169402186000070,0,5211015705000120000
5,5,54,4,2021,6,6,5,3,9,1,0,1,0,0,0,0,0,363810.093707734427880,5774383.215890653431416,7.011512220000043,52.103213185000072,0,5210617705000880000
5,5,62,12,2021,3,16,2,2,0,1,0,1,0,0,0,0,0,362551.293602352845483,5726708.153733116574585,7.012142105000066,51.674509881000063,0,5210301701610780000
5,5,54,20,2021,6,1,7,3,0,1,2,1,0,0,0,0,0,365143.878444305388257,5786629.026027174666524,7.026110805000030,52.213573293000081,0,5210626705000990000
5,5,54,4,2021,2,14,1,3,3,6,0,1,0,0,0,0,0,364936.373027221357916,5777916.936327933333814,7.026543940000067,52.135241347000033,0,5210221705000420000
5,5,54,16,2021,6,2,1,2,0,1,2,1,0,0,0,0,0,365262.199612736701965,5761715.680812975391746,7.037694263000049,51.989743411000063,0,5210627705000090000
5,5,54,20,2021,6,16,6,3,0,6,0,1,0,0,0,0,0,365999.570160973526072,5782545.731455410830677,7.040242410000076,52.177092051000045,0,5210611705000020000
5,5,62,12,2021,2,10,4,3,0,1,0,1,0,0,0,0,0,364670.251646612829063,5732947.704937680624425,7.040346515000067,51.731093949000069,1,5210224701620940000
5,5,54,24,2021,5,19,2,3,2,6,0,1,0,0,0,0,0,366028.985951472015586,5774204.355611621402204,7.043959656000027,52.102147831000082,0,5210531705000020000
5,5,54,4,2021,4,15,3,3,4,1,0,1,1,0,0,0,0,366504.688093239557929,5772106.231590857729316,7.051722458000029,52.083409896000035,0,5210420705000020000
5,5,54,20,2021,6,20,4,2,8,2,0,1,0,0,0,0,0,366886.615578740020283,5781685.051734674721956,7.053545005000046,52.169573134000075,0,5210609705000490000
5,5,54,44,2021,10,15,4,3,0,7,0,1,1,0,0,0,0,365969.513944328122307,5740310.396650198847055,7.056308628000068,51.797568333000072,1,5211006705000990000
5,5,54,36,2021,6,17,5,3,2,1,0,1,0,0,0,0,0,367029.005866395658813,5767432.578428531065583,7.061189705000061,52.041540010000062,0,5210603705000860000
5,5,13,0,2021,1,13,4,3,0,7,0,1,0,1,0,0,0,367101.820676428964362,5711936.834372707642615,7.083513332000052,51.542862290000073,0,5210106700100220000
5,5,13,0,2021,9,8,4,3,7,7,0,1,0,1,0,0,0,367472.570229132892564,5713208.784813186153769,7.088377445000049,51.554380037000044,0,5210908700200170000
5,5,13,0,2021,3,16,2,2,0,1,0,1,0,0,0,0,0,368249.631250482285395,5714326.890217753127217,7.099160399000027,51.564610106000032,0,5210329700000080000
5,5,13,0,2021,9,15,1,3,4,6,0,1,0,0,0,0,0,368705.707748982706107,5705786.166334197856486,7.108919942000057,51.487962892000041,0,5210912700000260000
5,5,66,68,2021,9,9,4,3,4,1,0,1,1,0,0,0,0,371082.834413685079198,5785326.424261262640357,7.113483048000035,52.203289941000037,1,5210929709300290000
5,5,13,0,2021,5,14,5,2,0,6,0,1,0,0,0,0,0,369288.904646859678905,5712222.173832783475518,7.114928132000045,51.545937347000063,0,5210513700100910000
5,5,58,12,2021,5,21,5,3,0,7,0,1,0,0,0,0,1,371095.757711989805102,5749307.810788362286985,7.127252494000061,51.879627786000071,0,5210513706000150000
5,5,13,0,2021,9,11,4,3,4,6,0,1,0,0,0,0,0,370838.309706797823310,5708508.905082346871495,7.138622161000058,51.512923222000040,0,5210908700100280000
5,5,58,40,2021,10,13,1,2,0,1,0,1,0,0,0,0,0,372361.568161780247465,5762095.236193601042032,7.140886874000046,51.994830974000081,1,5211031706000050000
5,5,62,20,2021,4,16,3,3,4,6,0,1,0,0,0,0,0,371991.307699999772012,5715156.109999999403954,7.152811041000064,51.572924003000026,0,5210427701200260000
5,5,62,20,2021,11,17,1,2,0,1,2,1,0,0,0,0,0,372361.763207237469032,5719516.321930643171072,7.156567835000033,51.612192920000041,1,5211121701200180000
5,5,58,12,2021,10,3,1,2,0,1,2,1,0,0,0,0,0,373411.750278633378912,5754057.721863942220807,7.159136383000032,51.922843278000073,0,5211017706000370000
5,5,62,16,2021,9,15,7,3,5,3,0,1,1,0,0,0,0,372907.310999999754131,5732462.183000000193715,7.159732689000066,51.728658658000029,1,5210911701700930000
5,5,62,20,2021,3,18,5,2,0,1,1,1,0,0,0,0,0,372944.623707834456582,5714257.484520495869219,7.166884886000048,51.565063695000049,1,5210325701200810000
5,5,58,12,2021,10,7,6,3,2,5,1,1,0,0,0,0,0,374157.993578644469380,5756884.602452490478754,7.168948228000033,51.948416105000035,0,5211001706000070000
5,5,58,40,2021,6,12,4,3,5,3,0,1,0,0,0,0,0,375567.316962144803256,5763044.268090091645718,7.187209944000074,52.004086958000073,0,5210602706000350000
5,5,66,68,2021,12,15,4,2,0,6,0,1,0,0,1,0,0,376594.392900464124978,5785678.799794657155871,7.193963969000038,52.207717941000055,1,5211215709300640000
5,5,58,16,2021,5,15,5,3,5,3,0,1,0,0,0,0,1,377533.617740976798814,5748920.457312502898276,7.220870527000045,51.877597775000027,0,5210520706000280000
5,5,62,32,2021,5,20,6,2,0,1,1,1,0,0,0,0,0,376753.645469332579523,5715505.549820728600025,7.221373514000049,51.577125748000071,0,5210528701120830000
5,5,62,16,2021,6,1,1,3,0,1,2,1,0,0,0,0,0,377361.952819827944040,5735458.313336835242808,7.223144398000045,51.756577102000051,0,5210613701700780000
5,5,62,32,2021,1,12,7,2,0,7,0,1,0,0,0,0,0,377322.014591746265069,5721297.383119448088109,7.227545590000034,51.629302486000029,0,5210123701110150000
5,5,62,32,2021,10,13,2,2,0,1,0,1,0,0,0,0,0,378027.754871121433098,5717827.926542554982007,7.238944378000042,51.598274883000045,1,5211025701110970000
5,5,58,16,2021,5,11,5,3,0,7,0,1,0,0,0,0,1,380311.642164299555589,5748284.815774584189057,7.261428345000070,51.872488409000027,0,5210520706000970000
5,5,62,32,2021,6,18,7,2,0,1,0,1,0,0,0,0,0,379920.131094709504396,5718938.834704556502402,7.265872848000072,51.608665727000073,0,5210605701110260000
5,5,66,68,2021,7,22,7,2,8,1,2,1,0,0,0,0,0,382471.571941277594306,5785340.231006613932550,7.280050719000030,52.205960044000051,0,5210710709300370000
5,5,58,16,2021,9,7,4,3,2,6,0,1,0,0,1,0,0,381975.802973489742726,5743822.851460438221693,7.287113420000026,51.832742644000064,0,5210929706100200000
5,5,62,4,2021,2,16,2,3,0,1,0,1,0,0,0,0,0,383008.083708816149738,5710600.201002499088645,7.313223010000058,51.534370604000060,1,5210222701800540000
5,5,58,16,2021,3,15,1,2,4,6,0,1,0,0,0,0,1,384233.346048561041243,5748415.218465035781264,7.318323642000053,51.874488131000078,0,5210328706000890000
5,5,62,4,2021,12,7,2,2,0,1,2,1,0,0,0,0,0,383848.478883645846508,5712292.744553399272263,7.324775530000068,51.549756411000033,2,5211206701800350000
5,5,62,4,2021,11,15,1,3,0,7,0,1,0,1,0,0,0,383913.135568711673841,5712639.777057273313403,7.325593095000045,51.552888779000057,0,5211128701800790000
5,5,62,8,2021,10,14,4,3,0,7,0,1,0,1,0,0,0,384147.330562795803417,5722210.155184822157025,7.325809159000073,51.638953039000057,0,5211013701910750000
5,5,66,24,2021,9,15,1,2,2,7,0,1,0,0,0,0,0,385797.198268838226795,5773727.446452317759395,7.332601066000052,52.102296216000070,0,5210905709300390000
5,5,62,8,2021,2,12,1,3,0,1,0,1,0,0,0,0,0,385167.140230189892463,5726395.871851098723710,7.339164802000028,51.676782173000049,0,5210221701910280000
5,5,62,8,2021,9,17,4,3,0,6,0,1,0,0,0,0,0,386296.992777983832639,5725698.136567058041692,7.355725799000027,51.670740959000057,0,5210908701910660000
5,5,58,32,2021,9,11,1,3,2,1,0,1,0,1,0,0,0,387238.348440308240242,5750869.656770225614309,7.361153823000052,51.897162937000076,0,5210905706000030000
5,5,58,36,2021,2,16,4,3,6,6,0,1,0,1,0,0,0,387549.332540397765115,5729703.629867326468229,7.372537351000062,51.706993637000039,0,5210224706300920000
5,5,58,32,2021,5,10,1,2,4,6,0,1,0,0,0,0,1,388521.039971366175450,5751044.612527833320200,7.379731430000049,51.898993426000061,0,5210530706100170000
5,5,66,60,2021,4,15,4,3,4,6,0,1,0,0,0,0,0,390505.698059196234681,5790852.609578616917133,7.395787845000029,52.257154917000037,0,5210421709500570000
5,5,58,32,2021,4,19,2,3,6,6,0,1,0,1,0,0,0,390348.992535000434145,5755982.314422696828842,7.404715584000030,51.943734186000029,0,5210426706100980000
5,5,58,36,2021,4,15,7,2,3,6,0,1,1,0,0,0,0,391098.953781379736029,5731272.958748685196042,7.423398099000053,51.721798955000054,0,5210424706300650000
5,5,66,76,2021,11,10,3,3,0,7,0,1,0,1,0,0,0,393174.901223858469166,5793739.838854335248470,7.433964283000023,52.283627760000059,1,5211116709500060000
5,5,58,24,2021,5,13,4,2,0,1,0,1,0,0,0,0,0,392147.254754789290018,5736703.037364799529314,7.436884718000044,51.770807118000050,0,5210526706300810000
5,5,66,84,2021,6,15,7,3,4,6,0,1,1,0,0,0,0,393020.278094178473111,5775531.735820183530450,7.437449671000024,52.119956175000027,0,5210626709100180000
5,5,58,24,2021,5,12,7,3,0,1,0,1,0,0,0,0,0,392262.560342507611495,5736886.265159590169787,7.438498334000030,51.772476167000036,0,5210529706000290000
5,5,66,76,2021,9,15,7,3,0,7,0,1,0,0,0,0,0,393593.586660207191017,5793295.659369553439319,7.440239861000066,52.279717051000034,0,5210918709500570000
5,5,66,76,2021,7,13,4,3,0,7,0,1,0,0,0,0,0,393742.177481085527688,5795190.943599401041865,7.441819491000047,52.296779074000028,0,5210707709500570000
5,5,58,24,2021,11,8,1,3,0,1,0,1,0,0,0,0,0,393549.899826294044033,5736510.826157597824931,7.457264234000036,51.769348002000072,1,5211114706300130000
5,5,66,4,2021,6,11,1,2,0,7,0,1,0,0,0,0,0,394885.297996988054365,5768731.770188394933939,7.466776188000040,52.059198594000065,0,5210613709110970000
5,5,66,76,2021,11,14,2,3,0,1,0,1,0,0,0,0,0,398192.849031189456582,5792889.393217300996184,7.507755533000022,52.276936817000035,1,5211129709500870000
5,5,58,44,2021,5,16,5,2,8,1,0,1,0,0,0,0,0,397313.315689058625139,5747839.826237312518060,7.508426113000041,51.871878198000047,1,5210527706300180000
5,5,66,76,2021,6,17,2,3,0,7,0,1,1,0,0,0,0,399404.898862434900366,5787775.027460779063404,7.527038495000056,52.231194109000057,0,5210614709500540000
5,5,66,76,2021,12,7,3,2,0,7,2,1,0,0,0,0,0,399526.587242258945480,5793324.758910268545151,7.527168095000036,52.281095070000049,1,5211214709500570000
5,5,15,0,2021,7,19,4,3,4,6,0,1,1,0,0,0,0,398936.356852892320603,5763588.272131856530905,7.527364244000069,52.013722984000026,0,5210707702100680000
5,5,66,8,2021,6,21,4,2,2,1,1,1,0,0,0,0,0,399231.245003841177095,5778244.310685648582876,7.527330076000055,52.145503215000076,0,5210602709100790000
5,5,66,8,2021,10,7,5,3,0,6,1,1,0,0,0,0,0,399310.737661678052973,5780047.681899487972260,7.527956779000021,52.161725969000031,0,5211007709100270000
5,5,58,44,2021,7,16,3,3,0,6,0,1,0,0,0,1,0,398838.553531852317974,5749366.893986390903592,7.530125390000023,51.885882481000067,0,5210706706300790000
5,5,58,28,2021,6,20,5,2,0,1,0,1,0,0,0,0,0,398889.011698794492986,5732311.543913110159338,7.535834895000050,51.732592978000071,0,5210617706300170000
5,5,15,0,2021,2,14,3,3,8,6,0,1,0,0,0,1,0,400008.550396049104165,5752801.701803606003523,7.546123023000064,51.916966351000042,0,5210223702100660000
5,5,15,0,2021,2,8,6,2,0,1,0,1,0,0,0,0,0,400173.385793059074786,5754894.605099035426974,7.547911852000027,51.935807321000027,2,5210219702100070000
5,5,58,4,2021,2,13,7,2,8,6,0,1,0,0,0,0,1,400490.992376241716556,5736694.661156124435365,7.557770273000074,51.772277261000056,0,5210220706300540000
5,5,15,0,2021,3,18,6,3,5,2,1,1,1,0,0,0,0,400752.911611416260712,5749276.486576718278229,7.557957394000027,51.885413968000080,0,5210319702100070000
5,5,15,0,2021,12,9,5,2,0,1,0,1,0,0,0,0,0,401126.027858178713359,5753932.804064056836069,7.562040735000039,51.927332509000053,2,5211209702100070000
5,5,15,0,2021,4,16,3,2,5,3,0,1,0,0,0,0,0,401573.703504192177206,5758299.633942885324359,7.567298904000040,51.966661911000074,0,5210413702100070000
5,5,15,0,2021,11,13,3,3,4,6,0,1,0,0,0,0,0,402730.951983583392575,5754786.140396111644804,7.585132725000051,51.935285323000073,0,5211102702100770000
5,5,15,0,2021,10,15,1,3,0,2,0,1,0,0,1,0,0,402869.496733054984361,5748313.853082998655736,7.588971779000076,51.877134209000076,0,5211017702100550000
5,5,15,0,2021,11,15,3,3,0,1,0,1,0,0,0,0,0,403126.006600742926821,5761201.691238039173186,7.589067498000077,51.993019054000058,0,5211109702100450000
5,5,15,0,2021,1,19,6,3,0,1,2,1,0,0,0,0,0,402930.160838274925482,5748957.906307296827435,7.589671605000035,51.882933790000038,1,5210129702100060000
5,5,15,0,2021,6,16,3,3,1,5,0,1,0,0,0,0,0,403034.554558084812015,5748285.838675038889050,7.591376685000057,51.876911128000074,0,5210608702100170000
5,5,15,0,2021,4,12,3,2,0,7,0,1,0,1,0,0,0,403209.621854458120652,5755745.299756593070924,7.591823187000045,51.943990027000041,0,5210427702100570000
5,5,66,16,2021,5,17,1,3,0,7,0,1,0,1,0,0,0,403962.434189228457399,5793680.757929995656013,7.592069623000043,52.285087671000042,0,5210530709500870000
5,5,15,0,2021,3,8,3,3,0,1,0,1,0,0,0,0,0,404377.491725500847679,5756600.994574530050159,7.608570718000067,51.951883304000035,0,5210330702100570000
5,5,58,4,2021,5,17,5,3,0,1,0,1,0,0,0,0,0,404245.784383869031444,5739277.112235875800252,7.611460041000043,51.796144924000032,0,5210513706000570000
5,5,15,0,2021,6,17,6,3,5,3,0,1,1,0,0,0,0,404618.011481908266433,5757460.973370738327503,7.611830735000069,51.959654425000053,0,5210611702100770000
5,5,66,12,2021,3,16,4,3,5,2,0,1,0,0,1,0,0,404899.076303013134748,5768760.684233717620373,7.612782329000026,52.061267882000038,0,5210303709100070000
5,5,66,12,2021,5,11,6,3,5,3,0,1,1,0,0,0,0,405017.820895501528867,5774450.925480892881751,7.612928772000032,52.112433230000079,0,5210528709000770000
5,5,15,0,2021,6,15,7,3,7,7,0,1,0,1,0,0,0,404914.797595404554158,5757830.561733494512737,7.616046417000064,51.963027263000072,0,5210619702100270000
5,5,66,12,2021,9,13,5,3,7,7,0,1,0,0,0,1,0,405431.808572844020091,5771223.252814740873873,7.619868317000055,52.083493229000055,0,5210930709100490000
5,5,66,80,2021,6,18,3,3,5,3,0,1,1,0,0,0,0,405635.765347252134234,5781418.763633592054248,7.620015278000039,52.175166869000066,0,5210622709100390000
5,5,15,0,2021,11,12,4,3,1,6,0,1,0,0,0,0,0,405280.654583308962174,5757197.295263176783919,7.621544379000056,51.957397655000079,1,5211117702100260000
5,5,66,16,2021,7,17,4,3,0,3,0,1,1,0,0,0,0,406173.512626382405870,5793967.980140963569283,7.624394270000039,52.288051139000061,0,5210707709700510000
5,5,15,0,2021,2,5,2,3,0,1,2,1,0,0,0,0,0,405785.776222061715089,5758354.439385212957859,7.628575727000054,51.967884387000026,2,5210201702100960000
5,5,15,0,2021,3,17,4,3,4,1,0,1,0,0,0,0,0,405798.460044759092852,5757140.624987965449691,7.629093229000034,51.956976240000074,0,5210324702100730000
5,5,15,0,2021,6,16,1,3,6,4,0,1,0,1,0,0,0,405831.638569710368756,5757161.903692046180367,7.629570093000041,51.957173122000029,0,5210613702100060000
5,5,15,0,2021,9,20,5,3,0,4,2,1,0,1,0,0,0,405991.442700591986068,5758344.209334191866219,7.631571377000057,51.967827256000078,0,5210916702100870000
5,5,15,0,2021,3,17,3,3,5,3,0,1,0,0,0,0,0,405991.232060660258867,5757352.212984812445939,7.631839859000024,51.958910713000080,0,5210302702100860000
5,5,15,0,2021,11,18,5,3,0,6,2,1,0,0,0,0,0,406165.774618958006613,5757901.361830702051520,7.634229263000066,51.963876198000037,0,5211118702100740000
5,5,15,0,2021,7,6,3,3,0,7,0,1,0,0,0,0,0,406177.571012303873431,5757669.800186488777399,7.634464168000022,51.961796807000042,1,5210706702100770000
5,5,66,16,2021,2,15,3,2,5,3,0,1,1,0,0,0,0,406896.392819426371716,5789718.512931470759213,7.636162027000069,52.249979904000043,1,5210202709500070000
5,5,15,0,2021,10,17,7,2,9,6,1,1,0,1,0,0,0,406597.740991864586249,5766086.005804321728647,7.638283847000025,52.037515959000075,0,5211009702100970000
5,5,66,12,2021,5,15,4,3,0,1,0,1,0,0,0,0,0,406689.351946391339879,5769179.010164318606257,7.638774338000076,52.065332363000039,0,5210512709000670000
5,5,15,0,2021,10,14,4,3,5,3,0,1,0,0,0,0,0,407020.415901923784986,5757728.481441138312221,7.646711728000071,51.962465859000076,0,5211020702100580000
5,5,15,0,2021,9,14,1,3,2,6,0,1,0,0,0,0,0,407066.635265622055158,5752843.738007857464254,7.648704319000046,51.918566853000073,0,5210926702100860000
5,5,15,0,2021,6,7,4,3,0,6,0,1,0,0,0,0,0,407622.648976446129382,5759233.718093798495829,7.655069393000076,51.976096112000050,0,5210609702100540000
5,5,58,4,2021,10,16,1,2,0,6,0,1,0,0,0,0,0,407845.607760943821631,5730833.281617086380720,7.665884821000077,51.720849055000031,0,5211010706000650000
5,5,15,0,2021,6,15,1,3,3,6,0,1,0,0,0,0,0,408217.256414228584617,5748963.747761817649007,7.666463185000055,51.883881746000043,0,5210620702100730000
5,5,66,12,2021,7,16,6,3,0,7,0,1,0,1,0,0,0,409178.530377286777366,5773279.082066893577576,7.673984143000041,52.102599265000038,0,5210709709110480000
5,5,15,0,2021,6,14,6,3,4,7,0,1,0,0,0,0,0,410406.570870948839001,5752517.260779907926917,7.697339716000045,51.916179644000067,0,5210625702100070000
5,5,66,28,2021,9,13,6,3,0,6,0,1,0,0,0,0,0,411539.109369791927747,5792603.079638829454780,7.703395848000071,52.276673075000076,0,5210924709700570000
5,5,15,0,2021,9,9,2,3,0,7,0,1,0,0,0,0,0,410984.926719858078286,5757736.783593485131860,7.704395470000065,51.963189392000061,0,5210906702100870000
5,5,66,28,2021,9,20,2,2,0,1,2,1,0,0,0,0,0,412173.143521528050769,5798109.415509099140763,7.711250325000037,52.326266907000047,0,5210920709700340000
5,5,70,16,2021,12,15,2,3,5,3,0,1,0,0,0,0,1,412286.930245922296308,5739405.486953733488917,7.728000477000023,51.798617866000029,1,5211206711221380000
5,5,66,88,2021,11,6,2,3,5,3,2,1,1,0,0,0,0,413177.586908105527982,5786302.313660263083875,7.729024781000021,52.220300735000080,1,5211122709800880000
5,5,70,40,2021,9,17,6,3,8,1,0,1,0,0,0,0,0,414252.286451343446970,5747412.441934286616743,7.754510047000053,51.870897913000078,0,5210903711232170000
5,5,66,28,2021,11,7,5,3,4,1,1,1,0,0,0,0,0,415068.565683318825904,5791644.307942622341216,7.755356317000064,52.268611854000028,1,5211125709000170000
5,5,70,16,2021,11,12,1,2,8,1,0,1,0,0,0,0,0,414702.820211996440776,5737481.026343861594796,7.763499561000060,51.781692252000028,0,5211128711221500000
5,5,70,44,2021,5,17,1,3,3,6,0,1,0,0,1,0,0,415754.442634045146406,5755423.886596089228988,7.774364633000062,51.943142061000060,0,5210530711141570000
5,5,70,44,2021,6,16,1,3,5,3,0,1,0,0,0,0,0,416931.748999999836087,5760014.736999999731779,7.790377883000076,51.984586296000032,0,5210627711142570000
5,5,66,56,2021,6,20,5,3,0,4,0,1,0,1,0,0,0,418320.355369328171946,5798190.091743741184473,7.801411181000049,52.327941489000068,0,5210610709700740000
5,5,70,44,2021,9,17,6,3,9,1,0,1,0,0,0,0,0,418759.787769005983137,5758909.115127455443144,7.817252989000053,51.974918132000028,0,5210917711142390000
5,5,70,40,2021,9,16,1,3,0,6,0,1,1,0,0,0,0,421617.692182560916990,5743534.388236762955785,7.862348615000030,51.837120208000044,0,5210926711231000000
5,5,70,40,2021,2,11,3,3,3,1,0,1,0,0,0,1,0,421716.007060237112455,5740396.598414189182222,7.864484733000040,51.808926957000040,0,5210223711231870000
5,5,66,92,2021,3,12,7,3,0,1,0,1,0,0,0,0,0,423443.938091181858908,5792017.975766908377409,7.877983068000049,52.273200520000046,0,5210306709700070000
5,5,66,92,2021,5,15,1,2,0,1,0,1,0,0,0,0,0,423450.252976174000651,5792018.989993892610073,7.878075371000023,52.273210515000073,0,5210509709700560000
5,5,66,40,2021,3,15,4,3,0,7,0,1,0,0,0,0,0,423551.043553001713008,5780199.902293316088617,7.882223013000043,52.166983890000040,0,5210331709800010000
5,5,66,92,2021,9,19,3,2,0,1,1,1,0,0,0,0,0,424336.636092360597104,5797598.481265082955360,7.889810119000060,52.323486222000042,0,5210921709700970000
5,5,70,4,2021,9,23,5,2,0,7,2,1,0,0,0,0,0,424151.164809505455196,5734420.932088749483228,7.901105755000060,51.755543617000058,0,5210923711213080000
5,5,66,92,2021,3,16,3,3,0,1,0,1,0,0,0,0,0,425146.839090027147904,5798209.338125478476286,7.901559649000035,52.329088199000068,0,5210330709700070000
5,5,66,48,2021,12,6,3,3,0,1,2,1,0,0,0,0,0,427641.794999999925494,5791498.618000000715256,7.939607132000049,52.269100520000052,2,5211228709700370000
5,5,70,52,2021,7,15,7,2,5,3,0,1,1,0,0,0,0,427133.479144566692412,5754001.054445150308311,7.940179488000069,51.931958303000044,0,5210710711114780000
5,5,70,52,2021,11,19,6,3,7,1,2,1,0,0,0,0,0,428331.660000000149012,5754639.122999999672174,7.957470568000076,51.937849848000042,0,5211119711112650000
5,5,70,52,2021,11,5,3,3,3,6,2,1,0,0,0,0,1,428964.292436697403900,5754977.123632126487792,7.966601765000064,51.940969457000051,1,5211102711112000000
5,5,70,52,2021,11,10,7,3,0,6,0,1,0,1,0,0,0,430521.385237426322419,5756540.530881865881383,7.988933836000058,51.955220550000035,0,5211120711112880000
5,5,70,52,2021,6,8,2,3,5,3,0,1,0,0,0,0,0,430590.444323172851000,5757386.043869521468878,7.989767781000069,51.962830017000044,0,5210628711111270000
5,5,70,52,2021,10,14,4,2,0,7,0,1,0,0,0,0,1,431597.602431084786076,5755930.069851649925113,8.004714098000022,51.949866129000043,1,5211006711113280000
5,5,70,52,2021,9,15,4,3,4,3,0,1,0,0,0,0,0,431894.808943762618583,5756493.654272734187543,8.008926190000068,51.954969048000066,0,5210908711111680000
5,5,70,52,2021,6,14,2,3,0,1,0,1,0,0,0,0,0,432154.817601790069602,5756547.072242215275764,8.012698707000027,51.955481041000041,0,5210614711113530000
5,5,70,20,2021,6,13,5,2,0,6,0,1,0,0,0,0,1,432540.066396669019014,5746643.060603400692344,8.020243675000074,51.866493057000071,0,5210610711421080000
5,5,70,52,2021,7,18,7,3,4,6,0,1,0,0,0,0,0,432718.133491026936099,5756387.744556010700762,8.020926132000056,51.954117175000079,0,5210710711115060000
5,5,70,8,2021,9,18,5,3,0,1,0,1,0,0,0,0,0,432586.957450756104663,5735168.374571070075035,8.023157759000071,51.763342079000040,0,5210909711313180000
5,5,70,8,2021,9,19,5,3,0,6,0,1,0,1,0,0,0,432794.322273416677490,5736676.171265017241240,8.025870308000037,51.776922117000026,0,5210909711313090000
5,5,70,36,2021,5,15,1,2,3,6,0,1,0,0,0,0,0,435495.422946296981536,5762175.052399610169232,8.060246641000049,52.006472880000047,0,5210509711121680000
5,5,70,8,2021,6,16,5,3,9,7,0,1,0,0,0,0,0,435830.064754636900034,5736423.872805882245302,8.069912877000036,51.775010251000026,0,5210603711313280000
5,5,70,36,2021,2,14,3,2,9,7,0,1,0,0,0,0,1,438092.294099428225309,5758030.577756976708770,8.098822934000054,51.969510336000042,0,5210223711121770000
5,5,70,8,2021,6,17,4,1,4,1,0,1,0,0,0,0,1,438493.016694563033525,5733642.013874209485948,8.108997366000040,51.750299680000069,0,5210602711312380000