ULAND,UREGBEZ,UKREIS,UGEMEINDE,UJAHR,UMONAT,USTUNDE,UWOCHENTAG,UKATEGORIE,UART,UTYP1,ULICHTVERH,IstRad,IstPKW,IstFuss,IstKrad,IstGkfz,IstSonstige,LINREFX,LINREFY,XGCSWGS84,YGCSWGS84,STRZUSTAND,UIDENTSTLAE
5,5,70,28,2021,6,14,1,2,4,6,0,1,1,0,0,0,0,444356.255984694638755,5736450.484051443636417,8.193474082000023,51.776162155000065,0,5210606711411570000
5,5,13,0,2021,7,12,5,3,6,4,0,1,0,1,0,0,0,369083.135737222619355,5709102.245778706856072,7.113122235000048,51.517851493000080,0,5210715700000350000
5,5,62,4,2021,8,19,4,3,0,7,0,1,0,1,0,0,0,383158.147988090058789,5715216.201387227512896,7.313851913000065,51.575889136000058,1,5210811701800410000
5,5,62,20,2021,8,10,4,2,5,3,0,1,0,0,0,0,0,370930.417175271664746,5719003.514200945384800,7.136095950000026,51.607258094000031,1,5210818701200860000
5,5,62,8,2021,3,11,5,3,5,3,0,1,0,0,0,0,1,383011.648877317667939,5720639.533763693645597,7.309929862000047,51.624601831000064,0,5210318701910300000
5,5,62,24,2021,7,20,4,3,2,2,0,1,1,0,0,0,0,364547.010071149270516,5722557.070282051339746,7.042595161000065,51.637692060000063,1,5210728701500060000
5,5,62,12,2021,7,6,2,3,0,1,1,1,0,0,0,0,0,361876.821756190620363,5730091.142789139412344,7.001054848000024,51.704743859000075,0,5210726701610280000
5,5,62,16,2021,8,13,7,3,5,3,0,1,0,0,0,0,0,369043.538218536763452,5730498.689440837129951,7.104556992000028,51.710124629000063,0,5210814701700870000
5,5,58,24,2021,7,17,1,3,0,1,0,1,0,0,0,0,0,393703.692604243755341,5733746.525982111692429,7.460337606000053,51.744531471000073,0,5210725706300080000
5,5,70,4,2021,8,22,5,2,8,1,2,1,0,0,0,0,0,422642.566518488514703,5733900.583957707509398,7.879369511000050,51.750659550000080,0,5210812711215800000
5,5,54,48,2021,5,14,5,2,0,6,0,1,0,0,0,0,0,343000.486954185529612,5743745.906394682824612,6.721921779000070,51.822458150000045,0,5210513705000600000
5,5,58,44,2021,7,20,3,3,0,7,0,1,0,0,0,0,0,392853.184893531608395,5743782.056106828153133,7.444923681000034,51.834568560000037,0,5210720706300990000
5,5,54,12,2021,8,18,5,3,4,1,0,1,0,0,0,0,0,353455.307330153300427,5745765.894516083411872,6.872650033000070,51.843447428000047,0,5210812705000990000
5,5,54,48,2021,8,0,1,3,9,1,2,1,0,0,0,0,0,342555.074105017352849,5748706.377135433256626,6.713206123000020,51.866897886000061,1,5210822705000360000
5,5,58,16,2021,7,16,5,3,8,6,0,1,0,0,0,0,1,377437.677463152387645,5748024.355915153399110,7.219795603000023,51.869523606000030,0,5210722706100810000
5,5,54,8,2021,8,12,1,2,8,1,0,1,0,0,0,0,0,341522.655520643864293,5753477.328636726364493,6.696032195000043,51.909467160000077,1,5210808705000990000
5,5,70,52,2021,8,18,3,2,2,2,0,1,0,0,0,0,0,430898.728948950592894,5756426.000280536711216,7.994447131000072,51.954237979000027,0,5210824711111580000
5,5,54,16,2021,8,13,1,3,5,3,0,1,1,0,0,0,0,367142.595367013884243,5760504.283038938418031,7.065532315000041,51.979310920000046,1,5210801705000990000
5,5,15,0,2021,8,17,3,3,4,6,0,1,0,0,0,0,0,405754.440280106849968,5760060.140577986836433,7.627651308000054,51.983210626000073,1,5210817702100660000
5,5,15,0,2021,8,7,2,3,0,7,0,1,0,0,0,0,0,407229.878960674453992,5762127.056212655268610,7.648569984000062,52.002037372000075,0,5210830702100060000
5,5,54,36,2021,8,14,1,3,8,6,0,1,0,0,0,0,0,365762.926276722108014,5765910.121630903333426,7.043338483000070,52.027554643000030,0,5210815705000340000
5,5,54,4,2021,4,15,1,3,4,1,0,1,1,0,0,0,0,362868.262017537665088,5770637.824175210669637,6.999275893000060,52.069326921000027,0,5210425705000580000
5,5,54,24,2021,8,15,3,3,9,1,0,1,0,0,0,0,0,368556.836272306158207,5776567.835925896652043,7.079932373000076,52.123991818000036,0,5210831705000990000
5,5,66,44,2021,8,10,7,3,5,3,0,1,0,0,0,0,1,426433.227756289998069,5778616.007694276049733,7.924699076000024,52.153137782000044,0,5210821709800040000
5,5,66,44,2021,7,14,4,3,3,6,0,1,1,0,0,0,0,426011.048568802361842,5778855.764987000264227,7.918477178000046,52.155236579000075,0,5210721709800170000
5,5,66,8,2021,8,14,6,3,0,1,0,1,0,0,0,0,0,399940.867174669750966,5780151.289777542464435,7.537135260000071,52.162771752000026,1,5210806709110570000
5,5,66,84,2021,7,13,1,2,7,1,0,1,0,0,0,0,0,383217.985387079068460,5780807.406326605938375,7.292530122000073,52.165383685000052,0,5210725709300090000
5,5,66,40,2021,4,14,2,2,0,1,0,1,0,0,0,0,0,417016.893274813424796,5783801.901981815695763,7.785826508000071,52.198417260000042,0,5210426709800180000
5,5,54,20,2021,8,8,7,2,5,3,0,1,1,0,0,0,0,369542.889785543899052,5787594.759277489967644,7.090087404000030,52.223310069000036,0,5210814705000130000
5,5,66,28,2021,8,15,2,3,5,3,0,1,1,0,0,0,0,416939.677893593674526,5788930.742630654014647,7.783437728000024,52.244506690000037,1,5210809709700770000
5,5,66,20,2021,7,14,3,2,0,6,0,1,0,0,0,0,0,405220.131697217351757,5806503.789819903671741,7.606883591000042,52.400556601000062,0,5210727709000970000
5,5,15,0,2021,8,20,3,3,0,6,0,1,0,0,0,0,0,405790.726255255867727,5757135.665001995861530,7.628982076000057,51.956930347000082,0,5210824702100430000
05,5,62,014,2022,01,10,3,3,2,6,0,0,1,0,0,0,0,360680.083999842987396,5715157.807999439537525,6.989691086000050,51.570257658999999,1,05220104701300981305
05,5,15,000,2022,01,06,4,3,5,2,2,1,1,0,0,0,0,403014.173248262028210,5758686.165114490315318,7.588150375000050,51.970389350000097,0,05220105702100074642
05,5,70,004,2022,01,18,1,3,8,1,2,0,0,0,1,0,0,423036.846612834022380,5738368.529170099645853,7.884089868000050,51.790878923999998,0,05220102711211790739
05,5,12,000,2022,01,19,1,2,8,1,2,0,1,0,0,0,0,357408.263797686027829,5718295.183375050313771,6.941238764000050,51.597631550000102,1,05220102702340487397
05,5,58,044,2022,01,15,2,3,5,3,0,1,1,0,0,0,0,396224.611221869010478,5746364.769816629588604,7.493061211000050,51.858418819000100,1,05220103706300249812
05,5,66,028,2022,01,17,3,3,2,6,2,0,1,0,0,0,0,412487.944270018022507,5791871.140639830380678,7.717489393000050,52.270246063000101,1,05220104709700068285
05,5,62,016,2022,01,14,4,3,8,1,0,0,0,0,0,0,1,373484.791674135020003,5735101.585209869779646,7.167130047000060,51.752508929000001,1,05220105702330791815
05,5,70,028,2022,01,01,2,3,7,1,2,0,1,1,0,0,0,441766.473716848995537,5740781.102240799926221,8.155213660000070,51.814832207000102,1,05220103400410974525
05,5,66,068,2022,01,07,2,3,4,2,2,0,1,0,0,0,0,378400.000646264001261,5783647.488461419939995,7.221104204000030,52.189865284000099,0,05220103709300711866
05,5,62,024,2022,01,15,4,3,5,2,0,1,1,0,0,0,0,367710.427981673972681,5723934.416991320438683,7.087760555000050,51.650822486000003,1,05220105701500865815
05,5,70,016,2022,01,05,3,2,9,1,2,0,0,0,0,1,0,414408.255842314974871,5740925.343709929846227,7.758380338000050,51.812608787000002,1,05220104711221086957
05,5,12,000,2022,01,14,2,2,2,1,0,0,1,0,0,0,0,358291.212631117028650,5708293.895352150313556,6.958007637000040,51.507983600000003,1,05220103500630253183
05,5,62,008,2022,01,22,2,3,5,3,2,1,1,0,0,0,0,384754.377233882027213,5722435.091182749718428,7.334503530000060,51.641099413000099,1,05220103701910267095
05,5,70,016,2022,01,14,2,3,3,6,0,1,0,0,0,0,0,407550.304890168015845,5746485.375889750197530,7.657439391000030,51.861494251000103,1,05220103711222891792
05,5,15,000,2022,01,12,4,3,5,3,0,1,1,0,0,0,0,405361.824999978009146,5755733.299999659880996,7.623128425000060,51.944252450000100,1,05220105702100771673
05,5,62,024,2022,01,17,3,3,1,5,2,0,1,0,0,0,0,370077.010329856013414,5727271.798931850120425,7.120708481000070,51.681366197999999,1,05220104701500765815
05,5,54,012,2022,01,14,4,3,5,7,0,1,1,0,0,0,0,355637.003912020998541,5741868.330248789861798,6.905923342000050,51.808995313000104,1,05220105705000996572
05,5,66,076,2022,01,01,2,2,8,1,2,0,1,0,0,0,0,395019.927907404024154,5790078.467375540174544,7.462140585000040,52.251077410000100,1,05220103709500274762
05,5,54,024,2022,01,17,4,3,1,6,2,0,1,0,0,0,0,368760.942079031025060,5775818.029124559834599,7.083201211000070,52.117302746000099,1,05220105705000791707
05,5,66,028,2022,01,12,1,3,8,1,0,0,1,0,0,0,0,410101.376245094987098,5794206.028666120022535,7.681900935000040,52.290847380000102,1,05220102709700070260
05,5,70,036,2022,01,16,2,3,5,2,0,0,1,0,0,0,0,434234.410157845995855,5766646.201550619676709,8.041018574000081,52.046519009000100,0,05220103711121587376
05,5,70,040,2022,01,17,1,3,5,3,2,1,1,0,0,0,0,413001.764999984996393,5747207.072999659925699,7.736402636000040,51.868858212000099,1,05220102711232190683
05,5,12,000,2022,01,14,1,3,3,6,0,0,1,0,1,0,0,356665.626336324028671,5708874.250296990387142,6.934363652000060,51.512788608000101,0,05220102701400338825
05,5,15,000,2022,01,14,7,3,3,6,0,1,0,0,0,0,0,406856.606775401975028,5759560.713752109557390,7.643831115000070,51.978907429000103,0,05220101702100868134
05,5,12,000,2022,01,11,2,3,2,6,0,0,1,0,0,0,0,358002.256995399016887,5708322.165039010345936,6.953835319000060,51.508165095000003,0,05220103500630501299
05,5,54,012,2022,01,14,3,3,2,6,0,1,1,0,0,0,0,352391.771636279998347,5745069.525805390439928,6.857519721000070,51.836910487000097,1,05220104705000280990
05,5,15,000,2022,01,11,2,3,5,2,0,1,1,0,0,0,0,406087.201999977987725,5758927.320999659597874,7.632805339000070,51.973084708999998,0,05220103702100850183
05,5,15,000,2022,01,14,4,3,2,6,0,0,1,0,0,0,0,406325.006999980018009,5758859.043999659828842,7.636284908000050,51.972511139000098,1,05220105702100079100
05,5,66,068,2022,01,13,4,2,0,1,0,0,0,0,1,1,0,378539.803999921015929,5784985.442999609746039,7.222668703000070,52.201919394000100,1,05220105709300391780
05,5,12,000,2022,01,17,4,3,3,6,2,0,1,0,0,1,0,355923.691954433976207,5713408.433145119808614,6.921823752000020,51.553342991000100,1,05220105702340554150
05,5,62,014,2022,01,12,3,3,6,7,0,0,1,0,0,0,1,360320.946904513984919,5718041.496592090465128,6.983365190000030,51.596081712999997,1,05220104701300847576
05,5,58,024,2022,01,21,3,1,7,4,2,0,1,1,0,0,0,394971.425285279983655,5737354.564700209535658,7.477602699000040,51.777200135999998,1,05220104706300768251
05,5,58,024,2022,01,07,7,3,8,1,2,0,1,0,0,0,0,389603.650281022011768,5734472.536135549657047,7.400744037000040,51.750263932999999,1,05220101706000108303
05,5,70,052,2022,01,16,4,3,5,2,1,1,1,0,0,0,0,430847.717999995977152,5757739.550999670289457,7.993440497000050,51.966039975000101,1,05220105711111087219
05,5,62,024,2022,01,11,4,3,0,6,1,0,1,0,0,0,0,367764.206498468993232,5723412.568299200385809,7.088734742000040,51.646145549000003,1,05220105701500785375
05,5,12,000,2022,01,21,2,3,6,2,2,0,1,1,0,0,0,357614.118999828002416,5709771.531999389640987,6.947660726000040,51.521091345000102,1,05220103701400781320
05,5,15,000,2022,01,15,2,3,5,2,0,1,1,0,0,0,0,405019.896999977005180,5757700.723999660462141,7.617611551000040,51.961878196000001,0,05220103702100442873
05,5,15,000,2022,01,14,2,3,5,7,0,1,0,1,0,0,0,405323.796054568025284,5758209.062572110444307,7.621893122000070,51.966499186000100,0,05220103702100291794
05,5,66,004,2022,01,11,3,3,4,1,0,0,1,0,0,0,0,392016.056772714015096,5767690.351307329721749,7.425270927000040,52.049287088000000,0,05220104709110248281
05,5,70,020,2022,01,03,4,2,0,7,2,1,0,0,0,0,0,433497.028037887997925,5748289.105902239680290,8.033822879000070,51.881405698000002,0,05220105711421043131
05,5,66,068,2022,01,14,2,3,5,2,0,0,1,0,0,0,0,381599.001072603976354,5781990.681435779668391,7.268457692000030,52.175672380000002,0,05220103709300681036
05,5,62,024,2022,01,16,2,3,2,6,1,0,1,0,0,0,0,364346.020451670978218,5724432.915261239744723,7.038965134000020,51.654500403999997,1,05220103701500273567
05,5,54,044,2022,01,10,3,3,0,3,0,1,1,0,0,0,0,365100.636999870010186,5741572.386999489739537,7.043225114000050,51.808699698000098,1,05220104705000409653
05,5,13,000,2022,01,16,4,3,2,6,2,0,1,0,0,0,0,367363.288999876996968,5708729.083999509923160,7.088489608000030,51.514096797999997,0,05220105700000667274
05,5,15,000,2022,01,22,1,3,0,3,2,1,1,0,0,0,0,405575.873999978997745,5757005.475999659858644,7.625892104000060,51.955723708999997,1,05220102702100776645
05,5,54,020,2022,01,14,3,3,8,1,0,0,1,0,0,0,0,361564.323727571987547,5782188.058442070148885,6.975565999000030,52.172783365000001,1,05220104705000081393
05,5,66,012,2022,01,03,7,3,0,7,2,0,1,0,0,0,1,401164.647234279022086,5775548.420851379632950,7.556359262000060,52.121622189999997,0,05220101709110980991
05,5,15,000,2022,01,07,2,3,1,6,2,0,1,0,0,0,0,403883.541945773002226,5754750.070936609990895,7.601902853000070,51.935161381999997,0,05220103702100881369
05,5,54,060,2022,01,12,3,2,9,1,0,0,1,0,0,0,0,353987.353038461005781,5757717.776089180260897,6.875306374000050,51.950973789999999,0,05220104705000752632
05,5,62,014,2022,01,15,2,3,2,6,0,0,1,0,0,0,0,360158.622999840998091,5713389.785999430343509,6.982875031000050,51.554241031000103,0,05220103701300389644
05,5,15,000,2022,01,13,4,3,5,7,0,1,1,0,0,0,0,406378.993881709990092,5757332.405453429557383,7.637486834000070,51.958798098000003,1,05220105702100679610
05,5,13,000,2022,01,10,4,3,9,6,0,0,1,0,0,0,0,369506.515872872027103,5711334.619706479832530,7.118393719000040,51.538011429999997,1,05220105702340091820
05,5,62,032,2022,01,17,7,3,6,4,2,0,1,1,0,0,0,373080.282845211972017,5719374.366348889656365,7.166990815000080,51.611079615000101,0,05220101701110289475
05,5,58,024,2022,01,14,7,2,2,2,0,1,1,0,0,0,0,386750.869191128003877,5737950.630227269604802,7.358301490000030,51.780954307000101,0,05220115706300062038
05,5,15,000,2022,01,17,3,3,2,6,2,0,1,0,0,0,1,401735.146547798998654,5755517.061211899854243,7.570443836000040,51.941680079999998,1,05220118702100676680
05,5,54,012,2022,01,07,5,3,4,1,2,0,1,0,0,0,0,352848.589999797986820,5745875.053999319672585,6.863802631000060,51.844268661000100,2,05220106705000421129
05,5,15,000,2022,01,07,5,3,7,1,2,1,0,0,0,0,0,404321.742999977024738,5756263.405999659560621,7.607853742000030,51.948839341999999,0,05220113702100299922
05,5,62,020,2022,01,16,6,3,3,6,2,0,1,0,0,0,0,372704.549189682991710,5715559.118456020019948,7.162951491000060,51.576707331000101,1,05220107702340991763
05,5,58,020,2022,01,10,5,3,0,1,0,1,1,0,0,0,0,391036.987999955017585,5759293.483999639749527,7.413670639000030,51.973628744000102,1,05220120706200381907
05,5,15,000,2022,01,11,5,3,0,3,0,1,1,0,0,0,0,405019.896999977005180,5757700.723999660462141,7.617611551000040,51.961878196000001,0,05220113702100891740
05,5,66,076,2022,01,06,2,3,8,1,2,0,0,0,0,1,0,402474.400498514994979,5787770.904725690372288,7.571969424000030,52.231709260999999,0,05220117709500174673
05,5,70,028,2022,01,01,7,3,9,1,2,0,1,0,0,0,0,440335.092937281995546,5748910.228322760201991,8.133048136000070,51.887763359000097,2,05220108711413587219
05,5,54,008,2022,01,08,2,3,2,6,0,0,1,0,0,0,0,338077.154622869973537,5745606.701781170442700,6.649677154000070,51.837770036000101,0,05220117705000065974
05,5,15,000,2022,01,08,4,3,1,2,0,0,1,0,0,0,0,409075.458629782020580,5758606.047936170361936,7.676381113000050,51.970693855000000,1,05220112702100072452
05,5,70,028,2022,01,05,4,3,5,3,2,1,1,0,0,0,0,441105.007607107982039,5742873.729093880392611,8.145263006000050,51.833576084000100,0,05220119711412078050
05,5,54,064,2022,01,20,7,2,8,1,2,0,1,0,0,0,0,359875.542426070023794,5751215.911729659885168,6.963574582000040,51.894066558000098,1,05220115705000991736
05,5,66,076,2022,01,15,5,3,2,6,0,0,1,0,0,0,0,393660.209431928000413,5792978.456343050114810,7.441316098000070,52.276879176000101,1,05220106709500902281
05,5,62,024,2022,01,20,3,3,1,5,2,0,1,0,0,0,0,369904.336744968022685,5727508.157783440314233,7.118124184000070,51.683450284999999,0,05220118701500789514
05,5,54,060,2022,01,14,2,3,8,6,0,0,1,0,0,1,0,350209.827179384999909,5757974.571063400246203,6.820268477000070,51.952276574000102,0,05220110705000396551
05,5,62,004,2022,01,13,6,2,8,1,0,0,1,0,0,0,0,383144.056671819998883,5715235.276425009593368,7.313642309000040,51.576057656000003,1,05220121701800285088
05,5,54,012,2022,01,04,5,2,8,1,2,0,1,0,0,0,0,351542.112688014982268,5741418.584130129776895,6.846761624000070,51.803882033000001,2,05220106705000196551
05,5,54,012,2022,01,07,3,2,5,2,2,0,1,0,0,0,0,353146.888999800023157,5745505.917999319732189,6.868286527000070,51.841030519000100,1,05220118705000020713
05,5,62,012,2022,01,12,5,3,5,3,0,0,1,0,0,0,0,360256.684999843011610,5724274.446999429725111,6.979951400000060,51.652074757000001,1,05220120701610191324
05,5,15,000,2022,01,17,2,3,1,6,2,0,1,0,0,0,0,403289.242100542993285,5754183.027283609844744,7.593420449000060,51.929961633000097,0,05220110702100005103
05,5,54,056,2022,01,19,5,3,1,7,2,0,1,0,0,0,0,356853.894377525022719,5762473.290012570098042,6.915005472000080,51.994447395000101,1,05220106705000474694
05,5,54,020,2022,01,11,3,3,5,3,0,0,1,0,0,0,0,365251.969999870983884,5785996.908999499864876,7.027943529000030,52.207919972000099,1,05220118705000020789
05,5,54,020,2022,01,12,3,3,5,3,0,0,1,0,0,0,0,367423.950999879976735,5783954.349999519996345,7.060510232000070,52.190093322000102,1,05220111705000521119
05,5,70,052,2022,01,12,5,3,5,3,0,0,1,0,0,0,0,426404.337638808006886,5749482.419532340019941,7.930541793000030,51.891241980000103,1,05220113711000791829
05,5,13,000,2022,01,18,7,3,5,2,2,1,1,0,0,0,0,367106.869608827983029,5714468.802157400175929,7.082629343000060,51.565617279000001,1,05220108700000492099
05,5,62,016,2022,01,11,2,3,5,3,0,1,1,0,0,0,0,376138.733999914024025,5735292.181999569758773,7.205490175000020,51.754814920999998,1,05220110701700650782
05,5,54,004,2022,01,17,7,3,2,6,2,0,1,0,0,0,0,362092.266289340972435,5770763.582658279687166,6.987910997000030,52.070264233000003,1,05220115705000970577
05,5,66,028,2022,01,12,3,2,8,1,0,0,1,0,0,0,0,413650.357468659989536,5790287.861876609735191,7.734925429000040,52.256198755000099,1,05220118709000870575
05,5,54,028,2022,01,11,5,3,2,1,0,0,1,0,0,0,0,355266.671656702004839,5744211.861062609590590,6.899575991000060,51.829956637000102,1,05220106705000491840
05,5,54,004,2022,01,12,4,3,2,6,0,0,1,0,0,1,0,363894.385004626004957,5770351.426772849634290,7.014351244000070,52.067006612000100,1,05220112705000270577
05,5,70,032,2022,01,18,7,3,5,2,2,0,1,0,0,0,0,420581.018999991996679,5766044.590999670326710,7.842107375000070,52.039322996000102,1,05220108711151591857
05,5,66,076,2022,01,12,6,3,2,6,0,0,1,0,0,0,0,393885.937775679980405,5793168.141558839939535,7.444563712000050,52.278627535000098,1,05220114709500074704
05,5,62,014,2022,01,07,6,3,6,2,1,0,1,1,0,0,0,360016.036999839008786,5715768.838999429717660,6.979872184000040,51.575583927000103,1,05220107701300257635
05,5,15,000,2022,01,16,5,3,2,6,2,0,1,0,0,0,0,405439.373248249001335,5755160.906680439598858,7.624413713000020,51.939120705000100,0,05220113702100476765
05,5,70,036,2022,01,05,7,2,9,1,2,0,1,0,0,0,0,436514.732037301990204,5761747.251148479990661,8.075173904000049,52.002744561000000,2,05220108711121587231
05,5,70,048,2022,01,21,5,3,8,1,2,0,1,0,0,0,0,446864.722287426004186,5733885.847333430312574,8.230221590000040,51.753348559000102,1,05220120711321276703
05,5,12,000,2022,01,18,2,3,0,7,2,0,0,0,0,0,1,353590.478999802027829,5711992.772999330423772,6.888782634000050,51.540021864000003,0,05220110701400179131
05,5,66,056,2022,01,17,2,3,6,2,2,0,1,1,0,0,0,416752.589999990013894,5797167.966999679803848,7.778664020000060,52.318518597999997,0,05220117709700412181
05,5,70,036,2022,01,21,4,3,0,1,2,0,0,0,1,0,0,434077.559948378999252,5760414.687603600323200,8.039931815000051,51.990481152000001,0,05220112711121091857
05,5,54,004,2022,01,14,3,2,8,7,0,0,0,0,0,0,1,357425.691691011015791,5775433.337858829647303,6.917920089000060,52.111039881000103,1,05220118705000587239
05,5,58,012,2022,01,22,6,3,8,1,2,0,1,0,0,0,0,374195.326715102011804,5757654.306515879929066,7.169209386000030,51.955341448000098,2,05220107706000196664
05,5,54,020,2022,01,12,5,3,9,7,0,0,1,0,0,0,0,364979.864745746017434,5786843.264692200347781,7.023626219000050,52.215458123000097,2,05220106705000087381
05,5,54,004,2022,01,13,5,3,6,3,0,1,0,1,0,0,0,364041.177020549017470,5772145.372547130100429,7.015776627000040,52.083162070000100,0,05220113705000668700
05,5,66,096,2022,01,20,3,3,0,1,2,0,1,0,0,0,0,384021.098972661013249,5784654.033071310259402,7.302951139000070,52.200121633000002,0,05220111709300470597
05,5,15,000,2022,01,06,6,3,5,2,2,0,1,1,0,0,0,406325.006999980018009,5758859.043999659828842,7.636284908000050,51.972511139000098,1,05220107702100074776
05,5,62,014,2022,01,22,4,3,2,6,2,0,1,0,0,0,0,360201.811670748982579,5713550.987972280010581,6.983433506000040,51.555700307000102,1,05220119702340272367
05,5,66,076,2022,01,06,2,3,5,3,1,1,1,0,0,0,0,394515.914999963017181,5792904.259999659843743,7.453876908000040,52.276377211000103,1,05220110709500676732
05,5,62,016,2022,01,10,5,3,5,3,0,1,1,0,0,0,0,375004.016999910993036,5734264.049999560229480,7.189428717000060,51.745323185000103,1,05220106701700470567
05,5,66,080,2022,01,05,3,2,9,1,2,0,1,0,0,0,0,411205.992735661973711,5778227.024070819839835,7.702285871000070,52.147402805000098,1,05220118709110074663
05,5,13,000,2022,01,16,2,3,5,3,0,1,1,0,0,0,0,367722.220999879005831,5707878.265999509952962,7.093978518000030,51.506534878000103,0,05220110700000389527
05,5,62,004,2022,01,15,6,3,5,2,0,0,1,0,0,0,0,382895.121999934024643,5716392.322999600321054,7.309665710000050,51.586405169000003,0,05220114701800186822
05,5,62,004,2022,01,22,4,3,2,2,2,0,1,0,0,0,0,383750.528263370972127,5709481.977004320360720,7.324291662000060,51.524473567000001,1,05220119701800755645
05,5,54,064,2022,01,19,6,2,9,1,2,0,1,0,0,0,0,362805.916150090983137,5749047.410990569740534,7.006995766000050,51.875310103000103,1,05220107705000891584
05,5,15,000,2022,01,08,5,3,2,6,1,0,1,0,0,0,0,403996.264235857990570,5757305.796706309542060,7.602828223000070,51.958152638000101,1,05220113702100072433
05,5,58,008,2022,01,17,6,3,8,1,2,0,1,0,0,0,0,385725.575808668974787,5764934.860215219669044,7.334498419000060,52.023261982000101,1,05220114706000120577
05,5,62,004,2022,01,07,7,3,8,1,2,0,1,0,0,0,0,386087.418972447980195,5709769.233365680091083,7.357869451000060,51.527531640000099,2,05220108701800155645
05,5,66,008,2022,01,17,5,3,1,6,1,0,1,0,0,0,0,399310.322999969008379,5781224.858999660238624,7.527601465000030,52.172306044999999,0,05220120709110196563
05,5,66,076,2022,01,07,5,3,0,1,1,1,0,0,0,0,0,396325.916999964974821,5792656.900999659672379,7.480472681000040,52.274498418000100,2,05220106709500174673
05,5,15,000,2022,01,16,2,3,5,2,1,1,1,0,0,0,0,406571.655999979004264,5761250.889999659731984,7.639223065000070,51.994051640000102,1,05220117702100876712
05,5,15,000,2022,01,17,1,3,1,1,2,1,1,0,0,0,0,404690.684351379983127,5758610.731859019957483,7.612568954000040,51.970001347000000,1,05220109702100674776
05,5,54,020,2022,01,19,3,2,5,3,2,0,1,0,0,0,0,366194.525100297993049,5783773.566273160278797,7.042607321000050,52.188171986000000,1,05220111705000320912
05,5,15,000,2022,01,14,7,3,1,6,0,0,1,0,0,0,0,405242.724415785982274,5756950.753973759710789,7.621060548000060,51.955175176000097,0,05220115702100499922
05,5,62,008,2022,01,14,5,3,2,6,0,0,1,0,0,0,0,384118.217787916015368,5721165.158097860403359,7.325734575000070,51.629554944000098,0,05220113701910574176
05,5,70,052,2022,01,12,6,3,8,5,0,1,1,0,0,0,0,430716.470616528007668,5756640.789641589857638,7.991752063000040,51.956146179000001,0,05220114711111590988
05,5,58,044,2022,01,07,3,2,6,1,2,0,1,1,0,0,0,395925.406845471006818,5745358.516899259760976,7.489021049000030,51.849318842999999,1,05220111706300085679
05,5,54,060,2022,01,12,6,2,8,1,0,0,1,0,0,0,0,350281.808801617997233,5758106.472992479801178,6.821257666000070,51.953481029999999,1,05220114705000796572
05,5,62,032,2022,01,08,7,3,0,1,1,1,0,0,0,0,0,374394.416811304981820,5718554.173540250398219,7.186253440000030,51.604003216000102,2,05220108701110885379
05,5,62,020,2022,01,17,5,3,5,3,1,1,0,0,0,0,0,372091.514999897975940,5719970.279999540187418,7.152501245000050,51.616211249000102,0,05220113701200070161
05,5,62,004,2022,01,12,5,3,2,6,0,0,1,0,0,0,0,384624.939999939000700,5711191.889999600127339,7.336330100000050,51.540021389000103,1,05220106701800271551
05,5,66,012,2022,01,12,5,2,1,1,0,0,0,0,0,1,1,410070.130777205980849,5773600.601727169938385,7.686913123000070,52.105634889999997,0,05220113702350276655
05,5,54,020,2022,01,21,7,3,5,3,2,0,1,0,0,0,0,363452.589999861025717,5785143.253999480046332,7.001970764000020,52.199806871000099,1,05220108705000120789
05,5,62,032,2022,01,08,2,3,0,7,0,1,0,0,0,0,0,375524.115999910980463,5719713.474999560043216,7.202145995000020,51.614672847000101,2,05220110701110595055
05,5,54,044,2022,01,17,2,3,6,2,2,0,1,1,0,0,0,365452.856999868992716,5744137.164999489672482,7.047334586000030,51.831831700000102,1,05220117705000791746
05,5,13,000,2022,01,11,4,3,2,2,0,0,1,0,0,0,0,368952.457999883976299,5710854.175999520346522,7.110588169000040,51.533565432000003,0,05220112700000905126
05,5,15,000,2022,01,17,3,3,2,6,2,0,1,0,1,0,0,406294.975999979011249,5756646.422999659553170,7.636451543000020,51.952618007000098,0,05220118702100768281
05,5,58,016,2022,01,05,5,2,9,1,2,0,1,0,0,0,0,379941.372288468992338,5751913.188480770215392,7.254789665000030,51.905016865000100,2,05220106706000579121
05,5,70,008,2022,01,07,3,3,0,2,1,1,1,0,0,0,0,433880.646896170976106,5735447.775817429646850,8.041847809000050,51.766008180000000,1,05220111711313853108
05,5,58,008,2022,01,14,7,3,9,1,0,0,0,0,1,0,0,385077.145330702012870,5765603.764931379817426,7.324827523000070,52.029139532000002,2,05220108706200785477
05,5,54,012,2022,01,23,2,3,9,1,2,0,1,0,0,0,0,352587.827572955982760,5749897.636727370321751,6.858303638000050,51.880342336000098,1,05220110705000579154
05,5,62,024,2022,01,09,6,3,2,6,0,0,1,0,0,0,0,368704.922999884991441,5724729.197999520227313,7.101828966000030,51.658197953000098,2,05220121701500955644
05,5,58,012,2022,01,23,7,3,6,6,2,0,0,1,1,0,0,372562.899143998976797,5754321.766809689812362,7.146701476000030,51.925022443000003,1,05220115706200565772