ULAND,UREGBEZ,UKREIS,UGEMEINDE,UJAHR,UMONAT,USTUNDE,UWOCHENTAG,UKATEGORIE,UART,UTYP1,ULICHTVERH,IstRad,IstPKW,IstFuss,IstKrad,IstGkfz,IstSonstige,LINREFX,LINREFY,XGCSWGS84,YGCSWGS84,STRZUSTAND,UIDENTSTLAE
05,5,62,014,2022,01,08,3,3,5,3,0,1,1,0,0,0,0,360468.037999843014404,5715097.288999440148473,6.986657444000060,51.569661397000097,1,05220118701300585473
05,5,62,008,2022,01,17,3,2,5,2,2,0,1,0,0,0,0,384050.647312174027320,5723471.802327830344439,7.323994483000040,51.650272364999999,0,05220111701910149445
05,5,70,024,2022,01,11,6,3,0,1,0,0,0,0,0,1,0,421879.811869029013906,5751795.856443230062723,7.864282656000060,51.911422469000101,0,05220107711161390658
05,5,12,000,2022,01,10,5,3,5,3,0,0,1,0,0,0,0,356708.978999821003526,5708035.818999379873276,6.935328693000030,51.505265570000098,1,05220106701400086127
05,5,12,000,2022,01,17,5,3,2,6,2,0,1,0,0,0,0,356235.685391291975975,5710038.597922179847956,6.927697035000050,51.523141985999999,0,05220106701400375421
05,5,62,024,2022,01,18,5,3,5,3,2,0,1,0,0,0,1,371424.584302967006806,5725620.607285499572754,7.140797422000050,51.666837540000103,1,05220113701500595037
05,5,62,032,2022,01,22,4,2,0,7,2,1,0,0,0,0,0,375598.431789058027789,5714971.735225649550557,7.204899894000050,51.572074489000002,0,05220112701120573555
05,5,15,000,2022,01,05,7,3,0,7,2,0,0,0,0,0,1,405970.009999977017287,5756451.714999659918249,7.631777530000020,51.950813033000003,0,05220108702100076765
05,5,15,000,2022,01,20,4,3,5,3,2,1,1,0,0,0,0,405404.312999979010783,5756016.686999659985304,7.623668405000050,51.946806885000100,1,05220119702100870583
05,5,58,012,2022,01,18,5,3,1,6,2,0,1,0,0,0,0,374073.445559368992690,5755609.598651139996946,7.168185623000060,51.936939218000099,1,05220120706000881437
05,5,62,032,2022,01,12,6,3,2,6,0,0,1,0,0,0,0,376201.441999913018662,5715617.009999570436776,7.213369276000040,51.578006459999997,1,05220114701120770599
05,5,13,000,2022,01,08,4,3,2,6,1,0,1,0,0,0,0,368786.678999883995857,5708971.870999519713223,7.108900505000070,51.516611056999999,0,05220119700000391624
05,5,62,032,2022,01,20,3,3,1,5,2,0,1,0,0,0,0,376164.358887384994887,5715343.761171859689057,7.212930724000050,51.575542564000003,1,05220111701120795059
05,5,54,004,2022,01,05,7,3,8,1,2,0,1,0,0,0,0,360080.013612964015920,5771076.385539949871600,6.958443793000070,52.072570127000098,1,05220115705000687378
05,5,13,000,2022,01,21,1,3,4,2,2,0,1,0,0,0,0,364719.571999866981059,5715445.347999479621649,7.047830975000070,51.573825279000097,1,05220116700000391843
05,5,66,004,2022,01,01,2,3,0,6,2,0,1,0,0,0,0,394770.539570708991960,5767195.357397410087287,7.465576153000030,52.045368069000098,0,05220110709110972341
05,5,54,016,2022,01,07,4,3,5,3,2,1,1,0,0,0,0,362663.468999855977017,5758202.297999469563365,7.001277045000050,51.957537393999999,1,05220112705000091822
05,5,62,028,2022,01,05,7,2,0,1,2,1,0,0,0,0,0,379515.384999923990108,5722440.546999580226839,7.258826088000030,51.640050492999997,2,05220108701920998320
05,5,66,032,2022,01,18,5,2,5,2,2,0,1,0,0,0,0,418010.152926316019148,5776114.401935270056129,7.802212918000070,52.129464961000103,1,05220106709800968098
05,5,15,000,2022,01,07,3,3,5,3,2,1,1,0,0,0,0,403998.657936275005341,5761396.214747220277786,7.601718745000030,51.994919025000101,1,05220118702100642873
05,5,15,000,2022,01,19,6,3,5,2,2,1,1,0,0,0,0,403685.045521062973421,5755654.834400120191276,7.598763097000070,51.943259404000102,1,05220107702100976673
05,5,66,056,2022,01,15,2,2,5,3,0,1,1,0,0,0,0,417179.096660107024945,5796787.478131799958646,7.785013509000070,52.315163111000103,0,05220110709700576376
05,5,70,040,2022,01,12,6,3,5,3,0,1,1,0,0,0,0,419729.390380890981760,5744301.065110350027680,7.834769666000060,51.843743898000099,1,05220114711211091792
05,5,62,012,2022,01,08,4,2,2,6,2,0,1,0,0,0,0,359427.628319694020320,5735033.286705809645355,6.963638407000080,51.748544291000002,0,05220112702340049701
05,5,62,012,2022,01,06,6,3,8,1,2,0,1,0,0,1,0,356231.877667326014489,5727922.442671690136194,6.920310743000070,51.683839179000103,1,05220114702340049701
05,5,13,000,2022,01,15,5,3,3,6,1,1,0,0,0,0,1,368886.247875933011528,5707064.342956099659204,7.111043949000020,51.499491560000102,0,05220113700000548338
05,5,62,012,2022,01,14,7,3,5,2,0,0,1,0,0,0,0,363153.831397906993516,5727778.948374790139496,7.020431041000050,51.684279235000098,1,05220115701610495121
05,5,62,032,2022,01,20,5,3,5,3,2,1,1,0,0,0,0,376164.358887384994887,5715343.761171859689057,7.212930724000050,51.575542564000003,0,05220106701120385414
05,5,54,012,2022,01,07,5,3,6,4,2,0,1,1,0,0,0,352230.340439120016526,5745920.944463470019400,6.854814669000060,51.844517708000097,1,05220106705000996519
05,5,66,084,2022,01,13,3,3,5,3,0,1,0,0,0,0,0,386133.580172354006208,5778956.452727519907057,7.335759960000080,52.149358495999998,0,05220118709300912389
05,5,15,000,2022,01,17,3,3,5,2,2,0,1,1,0,0,0,408386.439035241026431,5753931.231229229830205,7.667599820000020,51.928560649000097,0,05220111702100872399
05,5,62,028,2022,01,09,2,3,2,2,0,0,1,0,0,0,0,380809.149999929009937,5723160.707999589852989,7.277268342000070,51.646798568000101,1,05220110701920748785
05,5,66,028,2022,01,11,6,3,2,6,0,0,1,0,0,0,0,417142.914559014025144,5789921.186855440028012,7.786170779000030,52.253439990000103,1,05220114702350791777
05,5,13,000,2022,01,11,4,3,6,4,0,0,1,1,0,0,0,369609.613999888009857,5710558.453999520279467,7.120166887000040,51.531059985000098,0,05220119700000389534
05,5,58,008,2022,01,17,6,3,8,1,2,0,1,0,0,0,0,382650.630689093028195,5758330.343804460018873,7.291964263000070,51.963265516000000,2,05220107706200791074
05,5,13,000,2022,01,16,7,3,0,7,1,1,0,0,0,0,0,367629.275929203024134,5708663.280619289726019,7.092345334000070,51.513567825000102,0,05220115700000057809
05,5,58,040,2022,01,07,5,3,2,7,2,0,1,0,0,0,0,369633.485397615004331,5759956.408700229600072,7.101987281000050,51.974977680000102,2,05220106706000189265
05,5,54,008,2022,01,07,3,3,5,3,1,1,0,0,0,0,1,335248.266999654006213,5745986.487998800352216,6.608473046000030,51.840354511000001,1,05220111705000487244
05,5,54,008,2022,01,07,4,3,2,6,2,0,1,0,0,0,0,334475.462473860010505,5745478.295480210334063,6.597508801000060,51.835560753000003,1,05220112705000496646
05,5,58,012,2022,01,14,7,3,2,6,0,0,1,0,0,1,0,372853.667922092019580,5754993.010891330428421,7.150679712000060,51.931120980000102,1,05220108706000691074
05,5,15,000,2022,01,15,5,3,5,2,0,0,1,0,0,0,0,408178.174999980023131,5760497.741999659687281,7.662816636000060,51.987549909999998,1,05220120702100265384
05,5,13,000,2022,01,18,6,3,0,6,2,0,1,0,0,0,1,364458.817999863007572,5709786.500999479554594,7.046250674000020,51.522909900000101,0,05220114700000195211
05,5,70,036,2022,01,04,7,3,0,1,2,1,0,0,0,0,0,432699.919312572979834,5759269.452464640140533,8.020096266000049,51.980020642000099,1,05220115711121787268
05,5,70,004,2022,01,18,7,2,2,2,2,1,1,0,0,0,0,423878.542834790016059,5734743.118097649887204,7.897086244000040,51.758402973999999,1,05220108711213102946
05,5,62,016,2022,01,18,3,3,5,2,2,0,1,0,0,0,1,377666.966999918979127,5737897.251999580301344,7.226702430000050,51.778562566000097,0,05220118701700081147
05,5,66,028,2022,01,05,1,3,9,1,2,0,1,0,0,0,1,412600.866999985009898,5792595.748999680392444,7.718956080000050,52.276777013000100,1,05220109709700968339
05,5,66,028,2022,01,17,6,3,5,3,2,0,1,0,0,0,1,413739.309999986027833,5792330.736999680288136,7.735706047000060,52.274574809999997,1,05220107709700012163
05,5,15,000,2022,01,16,5,2,5,2,1,0,1,0,0,0,0,405131.231999977026135,5761746.616999659687281,7.618112742000050,51.998263204000096,0,05220106702100879100
05,5,58,020,2022,01,15,5,3,3,2,0,1,0,0,0,0,1,390477.570693130022846,5759624.392886290326715,7.405424208000060,51.976492829000101,0,05220113706000896664
05,5,62,004,2022,01,12,3,3,3,6,0,0,0,0,0,1,1,383908.411246208997909,5718203.384472030214965,7.323685886000020,51.602892175000100,0,05220118301911168295
05,5,54,012,2022,01,07,2,3,0,1,2,1,0,0,0,0,0,352390.279999795020558,5745064.075999310240149,6.857500412000040,51.836861126000002,2,05220110705000991842
05,5,58,024,2022,01,14,1,3,0,6,0,0,0,0,1,0,1,394764.748999962001108,5733596.746999629773200,7.475746032000070,51.743385520000103,1,05220109706300876729
05,5,58,012,2022,01,18,6,3,5,2,2,0,1,0,0,0,0,370700.502928843023255,5755482.918156459927559,7.119196284000050,51.935027388999998,1,05220107706200584916
05,5,15,000,2022,01,20,5,3,8,1,2,0,1,0,0,0,0,408629.108999982010573,5754012.431999660097063,7.671106552000030,51.929330422000099,1,05220113702100772463
05,5,54,048,2022,01,19,5,3,8,1,2,0,1,0,0,0,0,343711.961012097017374,5749768.096598760224879,6.729514376000050,51.876761740000099,0,05220106705000091732
05,5,54,048,2022,01,14,5,3,5,2,1,0,1,0,0,0,0,342324.038604513974860,5744127.447301289997995,6.711941134000030,51.825695477000103,1,05220113705000391737
05,5,15,000,2022,01,03,7,3,9,1,2,0,1,0,0,0,0,405997.724125369975809,5755015.695168119855225,7.632573302000030,51.937910082000002,2,05220108702100491721
05,5,66,076,2022,01,09,5,3,9,1,1,0,1,0,0,0,0,402733.203999974997714,5788238.723999669775367,7.575623112000070,52.235959714000003,2,05220106709500535185
05,5,15,000,2022,01,13,2,3,5,3,0,1,1,0,0,0,0,404505.947023065993562,5755540.786987660452724,7.610733836000070,51.942375810999998,0,05220117702100972436
05,5,58,040,2022,01,10,1,3,8,1,0,0,1,0,0,0,0,378780.850999923015479,5764995.146999600343406,7.233311176000030,52.022329829999997,1,05220109706000979103
05,5,70,004,2022,01,14,3,3,2,6,0,0,1,0,0,0,0,423956.639999991981313,5734914.530999650247395,7.898180049000080,51.759954528999998,0,05220111711216991706
05,5,54,020,2022,01,05,2,3,5,2,2,0,1,0,0,0,0,365257.789999871980399,5786079.418999499641359,7.027995815000050,52.208662773000100,1,05220110705000082575
05,5,66,032,2022,01,17,1,3,5,3,2,1,1,0,0,0,0,413590.488999987021089,5776926.164999670349061,7.737456449000040,52.136088182999998,1,05220116709800568098
05,5,66,084,2022,01,10,7,3,9,1,0,0,1,0,0,0,0,391563.140403476019856,5777627.898555729538202,7.415507135000040,52.138511178000002,1,05220115709300574703
05,5,66,020,2022,01,06,1,2,9,1,2,0,1,0,0,0,0,403932.090006103971973,5805004.227004339918494,7.588387734000040,52.386854523000103,0,05220116709700048420
05,5,12,000,2022,01,13,4,3,2,2,0,0,1,0,0,0,0,356708.888999823015183,5708033.620999380014837,6.935328291000080,51.505245797000001,0,05220112701400675295
05,5,12,000,2022,01,17,3,3,6,7,2,0,1,1,0,0,0,356535.408471091010142,5711418.420307010412216,6.931452338000040,51.535617033000101,0,05220111701400595012
05,5,66,016,2022,01,18,4,3,9,7,2,0,1,0,0,0,0,400415.182999823999126,5796989.226999850012362,7.539105825000040,52.314191477000101,1,05220119709500076743
05,5,15,000,2022,01,06,6,3,4,2,2,0,1,0,0,0,0,399742.209756467025727,5760788.363989369943738,7.539921662000040,51.988703489999999,1,05220114702100074772
05,5,70,028,2022,01,14,4,3,0,3,0,1,1,0,0,0,0,441128.772897691000253,5741986.465146089904010,8.145758794000070,51.825601891000098,1,05220112711411503042
05,5,15,000,2022,01,14,3,3,0,2,0,1,1,0,0,0,0,405973.714940238976851,5751708.280451619997621,7.633127563000070,51.908177281000100,0,05220118702100974121
05,5,54,032,2022,01,08,5,3,4,6,0,0,1,0,0,0,0,323213.786573194025550,5743303.957298760302365,6.435333418000030,51.812579873000097,2,05220106705000196646
05,5,15,000,2022,01,06,3,3,2,6,2,0,1,0,0,0,0,408618.157999981020112,5761599.119999670423567,7.668928587000040,51.997522251000099,1,05220111702100054101
05,5,13,000,2022,01,07,4,3,5,2,2,1,1,0,0,0,0,368606.827999882982112,5709626.828999510034919,7.106065736000060,51.522455218000097,0,05220119700000576559
05,5,62,036,2022,01,05,5,2,5,3,2,0,1,0,1,0,0,386629.702999944973271,5719790.136999609880149,7.362449537000030,51.617708129999997,1,05220106701930489734
05,5,70,008,2022,01,14,3,3,5,2,0,1,1,0,0,0,0,434219.007858872995712,5735171.044856489636004,8.046802749000051,51.763560207000097,0,05220111711313276733
05,5,66,064,2022,01,15,6,3,5,3,0,1,1,0,0,0,0,395728.863999964029063,5772761.973999650217593,7.477844117000070,52.095580122000101,0,05220114709110942542
05,5,62,024,2022,01,16,5,3,2,6,1,0,1,0,0,0,0,372275.994999899005052,5725510.545999550260603,7.153142152000040,51.666042623000102,1,05220113701500055644
05,5,58,012,2022,01,11,5,3,2,1,0,0,1,0,0,1,0,373492.522666556993499,5754039.356215150095522,7.160317080000030,51.922696594000101,1,05220120706000687452
05,5,66,008,2022,01,19,2,3,4,2,2,0,1,0,0,0,0,400237.045999970985577,5780709.750999660231173,7.541299725000040,52.167844690999999,0,05220110709110570536
05,5,15,000,2022,01,11,6,3,2,6,0,0,1,0,0,0,0,408665.539559351978824,5753493.789662959985435,7.671773884000060,51.924674504999999,1,05220121702100268953
05,5,58,016,2022,01,07,4,3,5,3,2,1,1,0,0,0,0,382275.405256572004873,5743082.053769550286233,7.291711424000030,51.826148156999999,0,05220112706100703140
05,5,54,028,2022,01,17,3,3,8,7,2,0,1,0,0,0,0,362342.355174341006204,5744353.780260809697211,7.002135395000040,51.833020293000097,0,05220118702340405242
05,5,54,020,2022,01,15,6,3,5,3,0,0,1,0,0,0,0,369868.016580787021667,5781801.978756929747760,7.097069461000050,52.171334862000002,0,05220107705000320756
05,5,15,000,2022,01,09,5,3,5,3,0,1,1,0,0,0,0,408145.238999981025700,5761316.038999659940600,7.662117916000060,51.994899743000097,1,05220106702100874772
05,5,54,004,2022,01,16,1,3,5,3,0,0,1,0,0,0,0,357190.185880677017849,5779273.469351859763265,6.912871225000060,52.145481918000002,0,05220116705000521180
05,5,15,000,2022,01,17,4,3,8,3,1,0,1,0,0,0,0,405900.996999980008695,5760101.257999660447240,7.629773442000040,51.983605050000101,1,05220112702100074771
05,5,66,056,2022,01,15,6,3,5,2,0,1,1,0,0,0,0,415866.549999987997580,5797610.003999680280685,7.765557469000040,52.322356703000104,0,05220114709700472667
05,5,70,004,2022,01,07,2,3,5,3,0,1,1,0,0,0,0,421986.418999990972225,5735047.994999649934471,7.869608753000020,51.760883299000099,1,05220117711215891792
05,5,15,000,2022,01,12,4,3,6,1,0,0,1,1,0,0,0,404548.486674831015989,5756570.834247910417616,7.611066499000060,51.951641584000100,0,05220112702100970610
05,5,54,036,2022,01,01,7,3,8,1,2,0,1,0,0,0,0,367129.093037741025910,5768487.144111230038106,7.062238191000060,52.051040061000002,2,05220108702340387397
05,5,66,092,2022,01,13,5,3,9,1,0,0,1,0,0,0,0,423638.521999992022756,5795364.182999690063298,7.880076039000070,52.303305963000099,1,05220120709700981515
05,5,62,014,2022,01,14,6,3,2,5,0,0,1,0,1,0,0,362165.319916178996209,5711419.607175099663436,7.012573269000030,51.537030375000001,1,05220114701300778413
05,5,62,012,2022,01,18,5,3,2,6,2,0,1,0,0,0,0,359309.005999836022966,5725552.990999420173466,6.965747040000050,51.663327159000097,1,05220106701610989672
05,5,54,048,2022,01,13,5,2,5,3,0,0,1,0,0,0,0,343479.094999729015399,5750268.134999089874327,6.725907519000030,51.881188811000101,1,05220113705000580974
05,5,15,000,2022,01,16,2,3,0,1,1,1,0,0,0,0,0,407223.713719316991046,5757956.038747600279748,7.649608299000020,51.964545224000098,1,05220117702100976680
05,5,62,008,2022,01,14,4,3,2,2,0,0,1,0,0,0,0,384494.394409618980717,5723522.144263849593699,7.330389119000070,51.650816165000002,0,05220119701910977766
05,5,15,000,2022,01,11,5,3,0,4,0,1,0,1,0,0,0,405482.677103304013144,5756377.709679350256920,7.624708944000080,51.950065238000001,0,05220120702100620364
05,5,15,000,2022,01,08,2,3,0,6,0,0,1,0,0,0,1,405389.331999977992382,5751496.380999660119414,7.624693133000050,51.906173673000097,1,05220110702100091783
05,5,13,000,2022,01,11,6,3,2,2,0,0,1,0,0,0,0,366403.931999873020686,5718560.506999500095844,7.070936615000050,51.602221301999997,1,05220114700000672393
05,5,58,032,2022,01,06,5,2,9,1,2,0,1,0,0,0,0,388729.744648354011588,5753144.046452109701931,7.382085472000030,51.917903829000103,2,05220106706200868276
05,5,12,000,2022,01,06,2,3,5,3,2,1,1,0,0,0,0,353959.171999803977087,5710267.410999340005219,6.894810836000030,51.524613961000099,1,05220117701400787645
05,5,62,008,2022,01,07,3,2,5,3,0,1,1,0,0,0,0,386542.551694636989851,5724068.882009279914200,7.359804244000030,51.656147211000103,1,05220118701910147459
05,5,62,024,2022,01,22,3,3,0,1,2,0,1,0,1,0,0,371001.326624993991572,5725529.152207779698074,7.134714362000070,51.665918648999998,0,05220111701500291630
05,5,70,028,2022,01,05,5,3,5,3,2,1,1,0,0,0,0,441112.962386525003240,5743120.198321670293808,8.145336490000030,51.835792733000098,1,05220106711413202810
05,5,15,000,2022,01,15,3,3,3,6,0,1,1,0,0,0,0,406508.303999978990760,5757239.883999659679830,7.639393355000040,51.957988227000001,0,05220111702100668314
05,5,66,016,2022,01,07,5,3,0,3,1,1,1,0,0,0,0,404594.580707205983344,5794337.776565490290523,7.601148003000050,52.291102948999999,1,05220113709500738806
05,5,66,040,2022,01,10,6,3,9,1,0,0,1,0,0,0,0,418685.549165918026119,5784189.246914910152555,7.810142818000030,52.202147648999997,1,05220121702330491721
05,5,66,072,2022,01,16,6,3,8,1,0,0,1,0,0,0,0,411132.770865524013061,5799626.766713240183890,7.695587215000050,52.339737544000101,1,05220107709700276657
05,5,12,000,2022,01,07,4,3,1,1,2,0,1,0,0,0,1,358485.551947854983155,5711166.272220360115170,6.959652557000030,51.533843457000003,0,05220119701400762603
05,5,62,008,2022,01,12,7,3,2,6,0,0,1,0,0,0,0,383774.193999938026536,5720313.895999600179493,7.321048895000050,51.621833119000001,0,05220115701910353357
05,5,66,076,2022,01,14,5,3,2,6,0,0,1,0,0,0,0,396496.542032515979372,5788931.419149889610708,7.484114770000080,52.241048128000003,0,05220106709500016765
05,5,12,000,2022,01,21,2,3,8,1,2,0,1,0,0,0,0,356237.433999818982556,5718303.528999369591475,6.924342619000070,51.597408944000101,1,05220117701400080956
05,5,58,012,2022,01,14,4,3,2,1,0,0,1,0,0,0,0,380047.681318216025829,5755390.478448339737952,7.255122753000020,51.936289857000098,1,05220119706000091755
05,5,66,084,2022,01,13,5,3,5,3,0,1,1,0,0,0,0,390120.636999954003841,5775886.992999640293419,7.395000431000030,52.122580261000103,0,05220113709300602915
05,5,66,084,2022,01,07,2,2,0,7,1,1,0,1,0,0,0,386060.083038413024042,5778575.372205309569836,7.334814030000080,52.145918592999998,1,05220110709300979125
05,5,13,000,2022,01,06,4,3,5,3,2,1,1,0,0,0,0,365399.895991049997974,5715448.698714819736779,7.057641043000050,51.574018230000000,0,05220119700000490481
05,5,54,064,2022,01,11,6,3,0,6,0,0,1,0,0,0,1,361758.453156033996493,5751084.558251629583538,6.990973243000040,51.893356466000100,0,05220107705000709653
05,5,12,000,2022,01,14,7,3,2,6,0,0,1,0,0,0,0,360176.678327869973145,5712124.700404860079288,6.983638089000070,51.542877347999998,1,05220115701400486127
05,5,70,028,2022,01,16,3,3,5,2,0,0,1,0,0,0,0,441476.936999999976251,5749723.888999669812620,8.149499451000050,51.895199327999997,0,05220118711413987402
05,5,66,068,2022,01,15,2,3,3,3,0,1,0,0,1,0,0,376083.687999913992826,5785021.727999590337276,7.186734304000030,52.201698813000100,0,05220117709300070597
05,5,15,000,2022,01,03,7,3,0,1,2,0,0,0,0,0,1,405150.935999976994935,5757192.523999660275877,7.619658486000050,51.957332657999999,1,05220108702100372345
05,5,54,004,2022,01,14,4,3,0,3,0,1,1,0,0,0,0,362507.909936121024657,5770997.096481010317802,6.993877185000030,52.072465769000097,1,05220119705000289359
05,5,62,008,2022,01,10,5,3,0,1,0,1,0,0,0,0,0,384857.869494654994924,5722637.757741450332105,7.335931798000050,51.642942120000001,1,05220120701910048544
05,5,15,000,2022,01,11,6,3,6,4,0,0,1,1,0,0,0,410677.720999985001981,5760305.105999669991434,7.699256927000020,51.986225945999998,1,05220114702100972551
05,5,70,008,2022,01,12,1,3,2,6,0,0,1,0,0,0,0,431257.879889008996543,5735248.942766799591482,8.003886054000080,51.763904785000101,0,05220116301911180561
05,5,62,020,2022,01,21,5,2,4,2,2,0,1,0,0,0,0,370088.828999890014529,5719087.357999529689550,7.123918434000070,51.607818039999998,0,05220106701200777848
05,5,54,052,2022,02,17,6,3,8,1,2,0,1,0,0,0,0,380150.387816047004890,5775467.293375169858336,7.249584073000050,52.116737005000097,1,05220204705000874703
05,5,15,000,2022,01,07,6,3,0,3,0,1,1,0,0,0,0,412546.285894718021154,5753054.028088379651308,7.728305785000030,51.921344714999996,1,05220128702100070513
05,5,66,012,2022,02,07,4,3,2,1,1,0,1,0,0,0,0,428914.686280710971914,5791350.121664569713175,7.958288978000040,52.267931705000102,1,05220209702350505185
05,5,54,048,2022,01,20,6,2,1,1,2,0,1,0,1,0,0,340924.639778879005462,5745157.947347699664533,6.691178384000070,51.834556754000097,1,05220121705000974659
05,5,15,000,2022,02,08,4,3,0,1,0,1,0,0,0,0,0,402687.705999974976294,5754820.392999649979174,7.584494190000040,51.935585635999999,0,05220202702100376723
05,5,54,004,2022,02,07,5,3,2,6,2,0,1,0,0,0,0,358522.965938725974411,5778753.834674759767950,6.932551970000080,52.141156027000100,0,05220203705000076687
05,5,70,052,2022,01,19,6,3,5,2,2,0,1,0,0,0,0,432382.527148461027537,5755255.824460689909756,8.016265909000030,51.943900835000100,0,05220128711113481091
05,5,62,024,2022,01,14,5,3,2,6,0,0,1,0,0,0,1,363818.892999860981945,5725148.066999469883740,7.031071158000030,51.660799430000097,1,05220127701500857635
05,5,54,004,2022,02,07,4,3,5,3,0,1,0,0,0,0,0,363466.941321718972176,5772340.792128940112889,7.007323302000030,52.084776668000103,0,05220202705000889359
05,5,54,056,2022,02,17,3,3,6,4,2,0,1,1,0,0,0,356818.890550438023638,5761974.058263979852200,6.914704457000030,51.989952769000098,1,05220201705000081780
05,5,58,012,2022,01,13,1,3,8,1,0,0,1,0,0,0,0,373168.135518978990149,5759691.849248089827597,7.153516903000020,51.973418192000103,0,05220130706000587452
05,5,70,008,2022,02,14,5,3,3,2,0,1,1,0,0,0,0,434063.445999997027684,5734465.997999650426209,8.044682708000041,51.757203484000101,1,05220210711313981132
05,5,70,052,2022,02,15,7,2,0,3,0,1,1,0,0,0,0,427427.763239288004115,5750763.504069169983268,7.945141318000030,51.902892604000002,0,05220212711114290658
05,5,58,040,2022,02,08,6,3,4,2,0,0,1,0,0,0,0,371617.386999897018541,5763114.166999549604952,7.129672076000080,52.003815719000002,0,05220204706000087452
05,5,62,016,2022,01,09,2,3,4,6,0,0,1,0,0,1,0,376635.422851054987404,5731526.280672189779580,7.214017575000070,51.721080433000097,1,05220131701700181147
05,5,58,044,2022,01,02,7,3,8,7,2,0,1,0,0,0,0,402432.615548275003675,5744679.748364989645779,7.583653539000070,51.844393081000099,0,05220129702330349924
05,5,66,040,2022,02,11,5,2,5,2,0,0,1,0,0,0,1,424830.187999994028360,5779984.087999680079520,7.900969706000070,52.165219632000102,1,05220203709800279149
05,5,66,020,2022,02,06,2,3,3,6,2,0,1,0,0,1,0,406656.237999979988672,5805721.111999680288136,7.628203687000050,52.393768888000103,1,05220207709700081515
05,5,13,000,2022,02,13,3,2,6,4,0,0,1,1,0,0,0,366546.975999874004629,5714538.824999489821494,7.074529557000060,51.566114321999997,0,05220208700000691002
05,5,54,044,2022,02,14,7,2,5,2,0,0,1,0,0,0,0,365961.564999872993212,5746657.261999499984086,7.053736125000060,51.854599616000002,0,05220205705000816030
05,5,12,000,2022,02,13,4,1,0,1,0,1,0,0,0,0,0,355681.965590192994568,5709897.157573619857430,6.919778976000030,51.521729820000097,0,05220209701400961084
05,5,66,008,2022,01,18,3,3,1,6,2,0,1,0,0,0,0,400030.739999971003272,5781300.518999660387635,7.538110196000050,52.173117046000101,0,05220125709110079238
05,5,62,014,2022,02,16,1,3,9,1,0,1,0,0,0,0,0,360409.828416957985610,5717462.171329460106790,6.984878033000030,51.590897918000103,1,05220206701300661166
05,5,12,000,2022,01,22,1,3,5,2,2,0,1,0,1,0,0,357745.145713462028652,5711872.447655090130866,6.948699414000030,51.540003009000003,0,05220123701400585344
05,5,62,024,2022,02,17,5,2,5,2,2,0,1,0,0,0,0,366901.444999876024667,5723285.416999500244856,7.076320771000040,51.644799360000000,1,05220210701500695128
05,5,66,020,2022,01,08,2,3,8,1,0,0,0,0,1,0,0,403666.631050980999134,5800080.131861870177090,7.585902374000060,52.342551812000103,0,05220124709700172667
05,5,54,016,2022,02,07,2,3,5,3,2,0,1,0,1,0,0,363373.508999858982861,5757637.354999479837716,7.011828475000070,51.952635938000100,1,05220207705000355357
05,5,13,000,2022,01,11,6,2,6,4,0,0,1,1,0,0,0,366973.029864335025195,5706094.997977419756353,7.083862078000040,51.490333329000102,0,05220128700000389527
05,5,66,076,2022,01,20,2,3,8,1,2,0,1,0,0,0,0,394498.416294050985016,5790293.228721790015697,7.454436842000060,52.252907790999998,1,05220124709500170605
05,5,62,004,2022,02,09,7,3,0,7,0,0,0,0,0,0,1,384897.602712775988039,5716994.157950719818473,7.338359667000020,51.592226945999997,0,05220205701800849519
05,5,62,012,2022,01,20,7,3,2,7,2,0,1,0,0,0,0,358687.288999834971037,5725126.557999409735203,6.956936175000070,51.659339344999999,1,05220122701610689489
05,5,12,000,2022,02,17,4,3,3,6,0,0,1,0,0,0,0,355940.854999814997427,5711023.049999370239675,6.923047559000050,51.531912926000103,0,05220202701400214019
05,5,15,000,2022,01,13,3,3,2,6,0,0,1,0,1,0,0,404811.252539394015912,5759090.719552000053227,7.614190419000070,51.974336316000098,0,05220125702100465912
05,5,66,088,2022,01,16,2,3,5,3,0,0,1,0,1,0,0,418959.032662944984622,5788414.856417739763856,7.813131447000050,52.240170621000097,1,05220131709800587277
05,5,66,088,2022,02,16,1,3,9,1,0,0,1,0,0,0,0,414994.432689799985383,5786009.347541729919612,7.755687944000040,52.217950778000002,1,05220206709800102638
05,5,15,000,2022,02,08,1,3,1,6,0,0,1,0,0,0,0,405802.433970227022655,5755755.882530369795859,7.629530582000030,51.944530212000103,0,05220213702100742871
05,5,54,040,2022,02,10,5,3,5,2,0,0,1,0,0,1,0,352801.358999798016157,5735187.037999319843948,6.867653840000060,51.748224108000002,1,05220210705000320713
05,5,62,012,2022,01,09,7,3,5,3,0,0,1,0,0,0,0,361262.502999847987667,5728173.087999439798295,6.992933041000070,51.687356858999998,1,05220129701610852596
05,5,13,000,2022,02,14,6,3,2,6,0,0,1,0,0,0,0,367578.283875674998853,5713903.387546460144222,7.089639796000030,51.560647004000003,1,05220204700000691843