ULAND,UREGBEZ,UKREIS,UGEMEINDE,UJAHR,UMONAT,USTUNDE,UWOCHENTAG,UKATEGORIE,UART,UTYP1,ULICHTVERH,IstRad,IstPKW,IstFuss,IstKrad,IstGkfz,IstSonstige,LINREFX,LINREFY,XGCSWGS84,YGCSWGS84,STRZUSTAND,UIDENTSTLAE
05,5,54,068,2022,01,14,5,3,3,6,0,0,1,0,0,1,0,351989.978332708007656,5770302.095159569755197,6.840826958000040,52.063510653999998,0,05220127705000065801
05,5,62,004,2022,02,19,2,3,2,2,2,0,1,0,0,0,0,383192.106539116997737,5714767.672769810073078,7.314490886000040,51.571864924000103,0,05220207701800275247
05,5,66,016,2022,01,14,6,3,5,2,0,0,1,0,0,1,0,407816.411999979987741,5789463.364999679848552,7.649704585000050,52.247841510000100,0,05220128709500379184
05,5,15,000,2022,02,18,4,3,3,6,2,0,1,0,0,1,0,403891.655655923997983,5759394.801065710373223,7.600721565000070,51.976911219000002,0,05220209702100297729
05,5,62,032,2022,01,18,2,3,3,2,2,0,1,0,0,0,0,374958.426999908988364,5719828.564999559894204,7.193938824000040,51.615581801000097,1,05220131701110851237
05,5,15,000,2022,02,11,4,3,5,3,0,1,0,0,0,0,1,406208.938999979000073,5757441.278999660164118,7.634982973000040,51.959748044999998,0,05220202702100076723
05,5,54,056,2022,02,04,2,3,4,6,2,0,1,0,0,0,0,357448.742450339021161,5766215.041643340140581,6.922106225000050,52.028220138999998,1,05220207705000891758
05,5,15,000,2022,01,19,2,3,5,3,2,1,1,0,0,0,0,403802.505999977001920,5760932.148999660275877,7.598992882000060,51.990713927999998,1,05220131702100957476
05,5,15,000,2022,02,07,6,2,6,2,1,0,1,1,0,0,0,405584.006504449993372,5754373.246056060306728,7.626733255000030,51.932065401000003,1,05220211702100072399
05,5,62,014,2022,01,11,6,3,0,7,0,0,1,0,0,0,0,360108.566998791997321,5712880.732474239543080,6.982355942000030,51.549654233000098,0,05220128701300395012
05,5,62,036,2022,01,07,2,2,5,2,2,0,1,0,1,0,0,387042.069999946979806,5719918.268999610096216,7.368361960000070,51.618942674000003,0,05220124701930749550
05,5,13,000,2022,02,18,4,2,0,1,2,0,0,0,1,0,0,366732.722366906993557,5710838.284976050257683,7.078609771000060,51.532903023000102,0,05220209700000157756
05,5,62,004,2022,02,14,4,3,5,3,0,0,1,0,0,0,0,382451.314128633006476,5717309.165786629542708,7.302955549000050,51.594553016000098,0,05220202701800189641
05,5,54,056,2022,01,16,4,3,2,6,1,0,1,0,0,0,0,355932.926999818999320,5761743.396999370306730,6.901907467000060,51.987651212999999,1,05220126705000676745
05,5,15,000,2022,02,00,7,3,0,3,2,0,1,0,1,0,0,411569.435999985027593,5761236.835999660193920,7.711998540000020,51.994743659999997,0,05220212702100591714
05,5,54,012,2022,02,18,7,3,2,6,2,0,1,0,0,0,0,350566.986537679971661,5745433.854084350168705,6.830896621000020,51.839698646999999,1,05220205705000879154
05,5,62,014,2022,02,13,4,3,5,3,0,1,0,0,0,0,1,361452.832982818013988,5714702.603496599942446,7.001013569000070,51.566357537000002,0,05220202701300979393
05,5,58,032,2022,02,22,3,3,9,1,2,0,1,0,0,0,0,387673.639483235019725,5755201.138579109683633,7.366064606000070,51.936179737000003,0,05220201706000581060
05,5,58,044,2022,01,16,6,2,5,3,1,0,1,0,0,0,1,396481.881246628996450,5754363.465029439888895,7.494394341000030,51.930359023999998,1,05220121706000909883
05,5,70,048,2022,02,23,1,3,2,6,2,0,1,0,0,0,0,442882.283999998995569,5731777.426999649964273,8.172879930000020,51.734001026000001,1,05220206711322802733
05,5,62,004,2022,02,10,2,3,5,3,0,0,1,0,0,0,0,383243.001766476023477,5713585.387609500437975,7.315617747000030,51.561249401000097,0,05220214301921092017
05,5,66,028,2022,01,11,7,2,5,3,0,0,1,0,1,0,0,417359.453540257993154,5791173.144427089951932,7.789035725000080,52.264725843000100,1,05220129709700070260
05,5,54,036,2022,01,20,1,3,8,6,2,0,1,0,0,0,0,367103.936999880010262,5768491.509999520145357,7.061869849000060,52.051073260000102,0,05220123705000489359
05,5,13,000,2022,02,14,3,3,6,2,0,0,1,1,0,0,0,369222.939999885973521,5707623.096999520435929,7.115684698000050,51.504591000000097,1,05220201700000389519
05,5,66,072,2022,02,14,4,3,2,7,0,0,1,0,0,0,0,413326.898999986005947,5800808.779999679885805,7.727479345000060,52.350712833999999,0,05220202709700776770
05,5,66,012,2022,02,07,4,2,2,7,1,0,1,0,0,1,0,402046.070815371989738,5777445.688405670225620,7.568682998000040,52.138831625000101,1,05220209709000887292
05,5,62,012,2022,01,07,2,3,2,6,1,0,1,0,0,0,0,358891.004130269982852,5727291.817846000194550,6.959004887000050,51.678847030999997,1,05220131701610395218
05,5,66,096,2022,02,01,1,2,4,6,2,1,0,0,0,0,0,386619.688176675001159,5786758.333033420145512,7.340252486000050,52.219573270000097,0,05220213709000712018
05,5,58,004,2022,02,17,1,2,9,1,0,0,1,0,0,0,0,406774.426787047996186,5733238.223200409673154,7.649737880000030,51.742289716000101,0,05220213702330991821
05,5,58,012,2022,02,15,5,3,5,2,0,1,0,0,1,0,0,372705.595961133018136,5756204.619067190214992,7.148078880000070,51.941975080000098,1,05220210706200020577
05,5,62,012,2022,01,11,7,3,9,1,0,0,1,0,1,0,1,359308.925999837985728,5725794.448999419808388,6.965648676000060,51.665496833000098,1,05220129701610968769
05,5,62,032,2022,02,10,3,2,6,4,0,0,1,1,0,0,0,374906.366204019985162,5719606.021844630129635,7.193266711000040,51.613570222000099,1,05220201701110989502
05,5,70,008,2022,02,11,5,3,2,6,0,0,1,0,0,0,0,433848.767656716983765,5734575.919606289826334,8.041551901000050,51.758166371000101,1,05220210711311076733
05,5,15,000,2022,02,11,6,3,2,6,0,0,1,0,0,0,0,404090.686999976984225,5753849.166999660432339,7.605166116000020,51.927099437999999,1,05220204702100762434
05,5,15,000,2022,02,21,6,3,2,6,2,0,1,0,0,0,0,402006.671540322015062,5746160.127769120037556,7.577052676000050,51.857624744000098,0,05220211702330591821
05,5,58,032,2022,01,06,2,2,5,2,2,1,1,0,0,0,0,381562.724999932979699,5754964.449999599717557,7.277297059000030,51.932785645000102,1,05220124706000096656
05,5,13,000,2022,01,18,7,3,6,4,2,0,1,1,0,0,0,368888.861863815982360,5716071.639406640082598,7.107726389000050,51.580438637000000,0,05220122700000420537
05,5,15,000,2022,01,18,6,3,3,6,2,0,1,0,0,0,1,400648.894977801013738,5752575.205199819989502,7.555495777000030,51.915045159999998,0,05220128702330054103
05,5,66,084,2022,02,08,4,3,2,6,0,0,1,0,0,0,0,391248.987033703015186,5772492.677309259772301,7.412559155000050,52.092297532000003,1,05220209709300872411
05,5,58,032,2022,01,12,2,3,4,2,0,1,1,0,0,0,0,386661.790378886973485,5754379.469831939786673,7.351623147000050,51.928589967000100,0,05220131706100081078
05,5,62,014,2022,02,13,1,3,5,3,0,0,1,0,0,0,1,360468.037999843014404,5715097.288999440148473,6.986657444000060,51.569661397000097,0,05220213701300195123
05,5,15,000,2022,01,01,1,2,9,1,2,0,1,0,0,0,0,405207.983270476979669,5746437.991005919873714,7.623447512000040,51.860675315000002,1,05220123702100172399
05,5,15,000,2022,02,08,5,3,5,2,0,1,1,0,0,0,0,405790.495177577016875,5753474.265321180224419,7.629981777000070,51.924019907000101,0,05220210702100242572
05,5,66,012,2022,02,18,6,3,6,2,2,0,1,1,0,0,0,403792.437999976973515,5772316.775999659672379,7.595642418000070,52.093039457000003,1,05220204709110179197
05,5,15,000,2022,01,15,6,3,0,1,0,0,0,0,1,0,0,406206.303999979980290,5757696.090999660082161,7.634875053000030,51.962037969000100,0,05220128702100668249
05,5,15,000,2022,01,14,2,2,2,6,0,1,0,0,0,0,0,406430.937770250020549,5758996.477054609917104,7.637789105000020,51.973764295000102,0,05220124702100079228
05,5,70,020,2022,01,06,2,3,2,6,2,0,1,0,0,0,0,432986.423999996972270,5742931.933999660424888,8.027444773000070,51.833184228999997,1,05220131711421202733
05,5,54,008,2022,02,17,4,3,5,3,2,0,1,0,0,0,0,332450.293999626010191,5742906.800998689606786,6.569387292000040,51.811856892000002,0,05220209705000080974
05,5,54,012,2022,01,17,5,3,5,3,1,1,1,0,0,0,0,352439.793999793997500,5745541.962999310344458,6.858014713000050,51.841167986000102,1,05220127705000268257
05,5,58,016,2022,01,19,2,3,9,3,2,0,1,0,0,0,0,382549.666077186993789,5746280.871084099635482,7.294603132000020,51.854954354000000,0,05220124702330080977
05,5,66,040,2022,01,07,6,3,9,1,2,0,1,0,0,0,0,423427.290959990001284,5779988.036519720219076,7.880461773000040,52.165062276000100,2,05220121709800079143
05,5,66,004,2022,02,10,4,1,2,6,0,0,1,0,0,0,0,397463.274208549002651,5763090.152023360133171,7.506056382000050,52.008975717000098,1,05220209709300974741
05,5,54,004,2022,01,20,4,3,0,1,2,0,1,0,0,0,0,360564.473141558002681,5771096.114043460227549,6.965499595000040,52.072869574999999,1,05220126705000255357
05,5,13,000,2022,02,15,1,3,9,1,0,1,0,0,0,0,0,368090.647685846022796,5713309.814638660289347,7.097249615000070,51.555432817000103,0,05220213700000491843
05,5,13,000,2022,02,06,6,3,3,6,2,0,1,0,0,1,0,368876.997685944021214,5714918.888420569710433,7.107985570000040,51.570076444999998,1,05220211702340543457
05,5,54,068,2022,02,12,3,3,5,3,0,0,1,0,0,0,0,348743.002795813023113,5770425.273495369590819,6.793443047000040,52.063740352000103,0,05220208705000831358
05,5,62,032,2022,02,16,4,3,2,6,0,0,1,0,0,0,0,372422.033961014007218,5721871.613990659825504,7.156580022000070,51.633373315000000,0,05220209701110670132
05,5,62,028,2022,01,16,2,3,1,5,0,0,1,0,0,1,0,379180.192999923019670,5723445.770999589934945,7.253637358000050,51.649012862000099,1,05220131701920349495
05,5,66,072,2022,01,13,7,3,5,3,0,1,1,0,0,0,0,412763.265999985975213,5803010.701999680139124,7.718633958000050,52.370414664000101,1,05220129709700276376
05,5,58,024,2022,02,07,4,2,4,6,1,0,1,0,0,0,0,394687.693815962004010,5734189.239821880124509,7.474450964000030,51.748696463000002,0,05220202706300908328
05,5,58,040,2022,02,13,1,3,2,2,0,0,1,0,0,0,0,371314.295003615028691,5764352.397908350452781,7.124793877000060,52.014872445000002,1,05220206706000891074
05,5,13,000,2022,01,15,7,3,5,2,0,0,1,0,0,0,0,367677.742999879003037,5711477.574999510310590,7.091986239000050,51.538870396999997,1,05220129700000169502
05,5,54,020,2022,01,07,5,3,5,2,2,1,1,0,0,0,0,366340.324999874981586,5785820.047999509610236,7.043931473000040,52.206595825000100,1,05220127705000565794
05,5,66,012,2022,02,14,7,2,2,6,0,0,1,0,0,0,1,408781.073628126003314,5772656.544963099993765,7.668349542000040,52.096938270000102,0,05220212702350242439
05,5,62,014,2022,02,10,3,2,1,5,0,0,1,0,1,0,0,361201.515706892998423,5714494.795270860195160,6.997471960000040,51.564428344000099,1,05220201701300073593
05,5,70,020,2022,02,11,4,3,5,3,0,0,1,0,0,0,0,438071.879999996977858,5747185.254999670200050,8.100476723000041,51.872008949000097,1,05220209711422090704
05,5,58,008,2022,01,00,1,3,0,1,2,1,0,0,0,0,0,387504.566796855011489,5760184.222041220404208,7.361974521000040,51.980930291000000,1,05220130706000791755
05,5,62,014,2022,01,19,2,3,6,2,2,0,0,1,0,0,1,360980.469999846012797,5715187.001999439671636,6.994011076000050,51.570594143000100,1,05220131701300447576
05,5,62,012,2022,02,18,1,3,5,3,2,0,1,0,0,0,0,360201.723933945992030,5726310.865059739910066,6.978342957000050,51.670360101000000,1,05220206701610373455
05,5,62,012,2022,02,07,5,2,5,3,0,0,1,0,0,0,0,363414.017999859002884,5725270.344999469816685,7.025173366000050,51.661799987000101,1,05220203701610516847
05,5,70,004,2022,02,10,3,3,2,6,0,0,1,0,0,0,0,424582.027847710996866,5739609.628913500346243,7.906219501000070,51.802246423000000,1,05220201711212687237
05,5,58,004,2022,02,12,6,3,2,1,0,0,1,0,0,0,0,407819.276999982015695,5732972.566999649628997,7.664937236000070,51.740074614999997,0,05220211706300276677
05,5,54,048,2022,02,18,7,3,8,1,1,0,0,0,1,0,0,338127.978829056024551,5743108.946582159958780,6.651582016000020,51.815345778999998,0,05220205705000181024
05,5,15,000,2022,01,17,7,3,2,6,2,0,1,0,0,0,0,403067.412999974971171,5760216.256999660283327,7.588492931000080,51.984151507000000,1,05220122702100079199
05,5,54,028,2022,02,03,7,3,8,1,2,0,0,0,0,1,0,356269.466410676017404,5746177.434776529669762,6.913301849000050,51.847876691000103,0,05220212705000908064
05,5,70,016,2022,02,06,2,3,9,2,2,0,1,0,0,1,0,413938.783347505028360,5735029.509184700436890,7.753034118000070,51.759538136000103,1,05220207711221990683
05,5,62,004,2022,01,13,7,3,5,2,0,1,1,0,0,0,0,384427.015999938012101,5716606.155999599955976,7.331697058000030,51.588643331000100,1,05220122701800665467
05,5,58,028,2022,01,19,6,2,9,1,2,0,1,0,0,0,0,404283.052999975974672,5731520.474999640136957,7.614136948000070,51.726429306000099,0,05220128706000674662
05,5,54,004,2022,02,22,4,3,8,7,2,0,1,0,0,0,0,358277.338665253017098,5771594.658321510069072,6.931944346000020,52.076768435000098,0,05220209705000091694
05,5,15,000,2022,01,12,4,3,4,2,0,0,1,0,0,0,0,405900.996999980008695,5760101.257999660447240,7.629773442000040,51.983605050000101,0,05220126702100555964
05,5,54,020,2022,01,06,2,3,5,2,2,0,1,0,0,0,0,361411.125999852025416,5782772.217999460175633,6.973088561000050,52.177993620000102,1,05220131705000064191
05,5,54,012,2022,02,14,1,2,9,1,0,0,0,0,1,0,0,354423.610974856012035,5738878.192031079903245,6.889590211000040,51.781813790999998,0,05220213705000321129
05,5,13,000,2022,01,17,7,3,5,2,0,1,1,0,0,0,0,366522.066445783013478,5708067.201078359968960,7.076624131000070,51.507950574000098,1,05220129700000073461
05,5,54,004,2022,02,09,6,2,5,3,0,0,1,0,0,0,0,359647.654783505015075,5780141.310625850223005,6.948402845000030,52.153909320000103,0,05220204705000091867
05,5,62,032,2022,02,17,7,3,6,4,2,1,0,1,0,0,0,376101.056843496975489,5714876.627418800257146,7.212182447000030,51.571330414999998,0,05220212701110995135
05,5,13,000,2022,02,16,2,3,2,6,0,0,1,0,0,0,0,367426.795375843998045,5708623.623505960218608,7.089443952000070,51.513163960999997,0,05220207700000477988
05,5,12,000,2022,02,07,3,3,5,3,2,0,1,0,0,0,0,360582.815038711996749,5709578.669384860433638,6.990498976000030,51.520098824999998,1,05220201701400781306
05,5,62,012,2022,02,00,7,3,6,4,2,0,1,1,0,0,0,362344.099273801024538,5729799.064923499710858,7.007928276000030,51.702234079000000,0,05220205701620289511
05,5,62,014,2022,01,08,6,3,5,3,0,1,1,0,0,0,0,359922.459999840008095,5716791.925999430008233,6.978114569000070,51.584754144999998,1,05220128701300408633
05,5,54,020,2022,02,16,4,3,1,6,0,0,1,0,0,0,0,365843.375351614027750,5787125.680230179801583,7.036145933000060,52.218206649000102,0,05220202705000881393
05,5,70,024,2022,01,03,7,2,9,1,2,0,1,0,0,0,0,415506.212441800977103,5753772.336418439634144,7.771159870000080,51.928258653999997,1,05220129711161390658
05,5,66,076,2022,01,08,4,2,5,3,1,1,1,0,0,0,0,393412.197999959986191,5794016.890999659895897,7.437353991000070,52.286163746000099,0,05220126709500076743
05,5,66,008,2022,02,05,4,3,2,3,2,0,1,0,1,0,0,399649.406999969971366,5781954.711999660357833,7.532342253000020,52.178927542000103,1,05220202709110096626
05,5,58,024,2022,02,06,4,3,0,1,2,0,1,0,0,0,0,391227.518082485999912,5736191.068664309568703,7.423720671000070,51.766027631999997,1,05220209706000096610
05,5,54,020,2022,01,09,3,3,0,5,0,0,1,0,0,1,0,362431.120243068027776,5786851.762519789859653,6.986339941000040,52.214904021999999,0,05220125705000165798
05,5,62,008,2022,02,15,5,2,0,7,0,1,0,0,0,0,1,384272.048107561015058,5719883.522011240012944,7.328379554000040,51.618067639000103,0,05220210701910255843
05,5,62,028,2022,02,14,5,3,5,3,0,1,1,0,0,0,0,377724.603999919025227,5722971.002999580465257,7.232774548000070,51.644431343000100,0,05220203701920085438
05,5,70,044,2022,02,12,7,2,8,1,0,0,1,0,0,0,0,421177.681736179976724,5761113.581739120185375,7.851939873000050,51.995082693000001,0,05220205711142091857
05,5,15,000,2022,02,11,6,3,0,2,0,1,1,0,0,0,0,405610.577999976987485,5756975.108999660238624,7.626405320000060,51.955456648999998,1,05220204702100170622
05,5,70,004,2022,01,06,6,3,4,6,2,0,1,0,0,0,1,421482.090232832008041,5731068.744671559892595,7.863200973000060,51.725041017000102,1,05220128711214189244
05,5,66,012,2022,02,02,4,2,3,6,2,0,1,0,0,1,0,405968.375459278991912,5769553.009409570135176,7.628156885000070,52.068572050000100,1,05220202702350476655
05,5,70,052,2022,01,17,7,3,5,2,2,0,1,0,0,0,0,430153.252677579002921,5755162.607447479851544,7.983857628000070,51.942787422999999,1,05220129711113881091
05,5,54,008,2022,01,17,4,3,2,6,2,0,1,0,0,0,0,335185.346287607972044,5742097.752863639965653,6.609411354000030,51.805401914000100,0,05220126705000496646
05,5,66,060,2022,01,06,5,3,7,5,2,0,1,0,0,1,0,388861.119447757024318,5787879.190824099816382,7.372681492000030,52.230103165999999,1,05220127709500091793
05,5,70,008,2022,02,14,1,3,9,1,0,0,1,0,0,0,0,431259.077650710998569,5735252.022297970019281,8.003902798000070,51.763932617000101,1,05220206301911785587
05,5,70,036,2022,01,07,6,2,5,2,2,0,1,0,0,0,0,433902.818216432002373,5767552.781650289893150,8.036008724000061,52.054629364999997,1,05220128711121087260
05,5,15,000,2022,02,14,7,3,2,6,0,0,1,0,0,0,0,405646.656999977014493,5756992.089999659918249,7.626925530000050,51.955615404000099,0,05220212702100074754
05,5,62,004,2022,01,07,2,3,8,1,1,0,1,0,0,0,0,383616.968939800979570,5713634.411771720275283,7.320994016000040,51.561767313000097,1,05220131301921300615
05,5,66,076,2022,02,13,6,3,2,6,0,0,1,0,0,0,1,396218.255112642014865,5788994.537228699773550,7.480021218000050,52.241562999999999,1,05220211709500061948
05,5,15,000,2022,02,12,7,3,2,6,0,0,1,0,0,0,0,403022.609999976004474,5754056.401999659836292,7.589579454000050,51.928777091000001,0,05220212702100589732
05,5,62,004,2022,01,23,6,3,5,2,2,0,1,0,0,0,0,382889.353999934974127,5712764.286999589763582,7.310791750000020,51.553796251000101,0,05220128701800689603
05,5,15,000,2022,01,07,2,3,6,4,1,1,0,1,0,0,0,404653.849049517011736,5760486.589001050218940,7.611511656000060,51.986855890000101,0,05220124702100076680
05,5,62,032,2022,02,18,4,3,5,3,1,1,1,0,0,0,0,376156.326999911980238,5715283.377999570220709,7.212836166000050,51.574998122000103,1,05220209701120567095
05,5,58,024,2022,02,07,4,3,3,6,2,1,1,0,0,0,0,392761.396271090023220,5737066.987256850115955,7.445669567000040,51.774196286000098,0,05220202706300538857
05,5,13,000,2022,01,07,5,3,6,4,1,0,1,1,0,0,0,366305.615080711024348,5711263.356803660281003,7.072294258000060,51.536621986999997,1,05220127700000177988
05,5,70,032,2022,02,19,4,3,8,1,2,0,1,0,0,0,0,422869.124888398975600,5765118.874747330322862,7.875668652000060,52.031324619000003,1,05220209711151487268
05,5,62,004,2022,01,13,4,3,0,1,0,0,1,0,0,0,0,381815.112603113986552,5713381.028948030434549,7.295096914000060,51.559115292999998,0,05220126702340372367
05,5,62,014,2022,02,00,1,3,1,6,2,0,1,0,0,0,0,360108.566998791997321,5712880.732474239543080,6.982355942000030,51.549654233000098,1,05220206701300985473
05,5,62,020,2022,01,10,6,2,5,2,0,1,1,0,0,0,0,372111.779999898979440,5718283.252999540418386,7.153409191000040,51.601054736000002,1,05220128701200480911
05,5,66,084,2022,02,17,3,3,9,1,2,0,1,0,0,0,0,392915.470856925006956,5777320.610538199543953,7.435356317000070,52.136013232000003,1,05220201709110970516
05,5,62,020,2022,02,12,7,2,5,2,0,0,1,0,0,0,0,370639.806999893975444,5717636.898999529890716,7.132405662000050,51.594909922000099,0,05220212701200639160
05,5,54,024,2022,01,00,1,3,5,3,2,0,1,0,0,0,1,370715.964999892981723,5775701.796999550424516,7.111782334000050,52.116718876999997,0,05220123705000689359
05,5,54,004,2022,02,11,7,3,0,1,0,1,0,0,0,0,0,363036.053610776027199,5770732.105941410176456,7.001684495000060,52.070215595000001,0,05220205705000191867
05,5,58,028,2022,01,11,7,3,2,6,0,0,1,0,0,0,0,399944.134999971021898,5729027.994999639689922,7.552051713000030,51.703268076000001,0,05220122706300803140
05,5,15,000,2022,01,07,6,3,5,2,0,1,1,0,0,0,0,403035.875618138990831,5758335.944991829805076,7.588565112000030,51.967245262000098,0,05220128702100069101
05,5,70,004,2022,02,10,4,3,0,2,0,1,0,0,0,1,0,425407.579999994020909,5735524.373999659903347,7.919068246000050,51.765632002000103,0,05220202711212976704
05,5,66,040,2022,02,13,4,3,9,1,0,0,1,0,0,0,0,425920.963999993982725,5780494.268999679945409,7.916803064000020,52.169953178000100,0,05220209709800787328
05,5,70,004,2022,01,15,1,3,5,3,0,0,1,0,1,0,0,423940.524999992980156,5734248.220999659970403,7.898092415000060,51.753962435000098,0,05220130711214385562
05,5,62,014,2022,01,19,3,3,5,2,2,0,1,0,0,0,0,359535.929999838001095,5715897.919999419711530,6.972896735000060,51.576624424000002,0,05220125701300071188
05,5,70,024,2022,02,06,1,2,9,1,2,0,1,0,0,0,0,419278.895201919018291,5748238.903261180035770,7.827311506000060,51.879077307999999,1,05220206711161276726
05,5,66,076,2022,01,21,7,2,0,3,2,0,1,0,0,0,0,398298.225999968999531,5794410.194999669678509,7.508840677000020,52.290624492000099,1,05220129709500974669
05,5,54,012,2022,02,07,5,3,5,2,0,0,1,0,0,0,0,351104.705999788013287,5747555.233999280259013,6.837782346000040,51.858902413000102,0,05220203705000291842
05,5,15,000,2022,02,05,6,3,0,3,2,1,0,0,1,0,0,403040.488787789014168,5758123.306149479933083,7.588692285000040,51.965334809000097,1,05220204702100176731
05,5,54,056,2022,02,07,6,3,4,6,1,1,0,0,0,0,0,357180.995916210988071,5762497.156873170286417,6.919756528000050,51.994746053000000,0,05220204705000520997
05,5,70,008,2022,02,22,5,3,9,1,2,0,1,0,0,0,0,429605.324660422978923,5735814.001683910377324,7.979829088000030,51.768779270000003,1,05220210711313274480
05,5,66,012,2022,02,09,6,2,4,6,0,0,1,0,0,0,0,404766.573330765997525,5771680.063804119825363,7.610035351000020,52.087485082000100,0,05220204709110072339
05,5,54,052,2022,02,05,7,3,9,7,2,0,1,0,0,0,0,375513.961474284005817,5774707.783910590223968,7.182182498000030,52.108887471000102,0,05220212705000691707
05,5,66,028,2022,01,16,5,2,8,1,0,1,0,0,0,0,0,412160.943265864974819,5792994.237162150442600,7.712405889000020,52.280288611000103,1,05220127709700672667
05,5,15,000,2022,02,20,6,3,5,3,2,0,1,0,0,0,0,406927.237000107998028,5759744.432999949902296,7.644809343000080,51.980570620000002,1,05220204702100923707
05,5,66,044,2022,02,07,2,3,6,4,1,0,1,1,0,0,0,429440.208579401019961,5777862.422918600030243,7.968799762000060,52.146756050000100,0,05220207709800065807
05,5,58,008,2022,01,07,2,3,5,2,1,1,1,0,0,0,0,380781.896118332981132,5757208.102712590247393,7.265167392000020,51.952782474000102,0,05220124706200584916
05,5,70,004,2022,01,15,2,3,5,3,0,1,1,0,0,0,0,425355.296999994025100,5735346.345999659970403,7.918349001000020,51.764024612000100,1,05220131711213591831
05,5,66,012,2022,02,15,3,2,3,1,0,1,1,0,0,0,0,403786.392503865994513,5772383.685871720314026,7.595535312000040,52.093639799000101,0,05220208709110979150
05,5,13,000,2022,02,16,6,3,2,6,1,0,1,0,0,0,1,365602.852978834009264,5714375.174090909771621,7.060978623000040,51.564419458000003,1,05220204700000189562
05,5,13,000,2022,01,18,6,3,5,3,2,0,1,0,1,0,0,368567.619999883987475,5709956.429999520070851,7.105377951000040,51.525408143999996,0,05220128700000645213
05,5,66,012,2022,02,00,1,2,0,1,2,1,0,0,0,0,0,400779.409321582992561,5776335.685093989595771,7.550504620000030,52.128629021999998,1,05220206709110396626
05,5,15,000,2022,02,21,1,3,6,7,2,1,0,1,0,0,0,405920.058103352028411,5757909.569786599837244,7.630651678000050,51.963908447000101,0,05220213702100565912
05,5,62,024,2022,02,23,7,3,6,4,2,0,1,1,0,0,0,373125.464999902993441,5725556.471999550238252,7.165401797000070,51.666647801000103,0,05220205701500208415
05,5,66,084,2022,01,12,6,3,5,3,0,1,1,0,0,0,0,386950.505194588971790,5778521.232362889684737,7.347839321000040,52.145615002000099,0,05220128709300874703
05,5,62,028,2022,01,09,2,3,9,1,0,0,1,0,0,0,0,380808.983758715970907,5723163.488515050150454,7.277264993000070,51.646823523000101,1,05220131701920989510
05,5,54,012,2022,01,12,2,2,9,1,0,0,1,0,0,0,0,347351.919732954993378,5753147.401567289605737,6.780855120000070,51.908130825999997,0,05220124705000678089
05,5,54,064,2022,01,18,3,3,0,7,2,1,1,0,0,0,0,356632.927038536989130,5749935.828604060225189,6.917014980000030,51.881740154000099,0,05220125705000791736
05,5,15,000,2022,01,10,4,3,5,7,0,0,1,0,0,0,0,406423.270999978005420,5758992.488999660126865,7.637678611000070,51.973727158000003,0,05220126702100079614
05,5,70,028,2022,02,14,1,2,5,3,0,1,1,0,0,0,0,438548.682611788972281,5741724.595774900168180,8.108372094000060,51.822969804000103,0,05220213711412174654
05,5,15,000,2022,02,11,6,3,5,2,0,1,1,0,0,0,0,406280.483516854001209,5757396.510417670011520,7.636036113000050,51.959357707999999,1,05220211702100587860
05,5,62,014,2022,02,16,4,3,2,6,1,0,1,0,1,0,0,359314.541999836976174,5715908.798999420367181,6.969699580000050,51.576666975000101,0,05220202701300165454
05,5,70,008,2022,01,12,7,2,8,1,0,0,1,0,0,0,0,431075.518999996013008,5738208.901999659836292,8.000656285000050,51.790492200000102,1,05220129711314535328
05,5,15,000,2022,01,08,4,3,0,6,0,1,1,0,0,0,0,406551.130470487987623,5757204.654872310347855,7.640026012000020,51.957678770000001,0,05220126702100976723
05,5,54,056,2022,01,16,5,3,5,3,0,1,0,0,0,0,1,357790.996372128021903,5762214.872740100137889,6.928752341000060,51.992366238000002,1,05220127705000701326
05,5,62,012,2022,02,06,2,2,6,2,2,0,1,1,0,0,0,359771.534999840019736,5725162.846999430097640,6.972586761000060,51.659936990000098,1,05220207701610995121
05,5,62,032,2022,02,18,5,3,6,2,2,0,1,1,0,0,0,373253.454999902984127,5718958.671999550424516,7.169640731000070,51.607382796000103,1,05220210701110495166
05,5,62,016,2022,02,11,2,3,5,2,0,1,1,0,0,0,0,374599.570999908028170,5734540.970999560318887,7.183473627000070,51.747721456000100,1,05220207701700589514
05,5,70,028,2022,01,15,7,3,2,6,0,0,1,0,0,0,0,441106.186299344990402,5742910.478472669608891,8.145273855000029,51.833906593000101,1,05220122711413090704
05,5,54,048,2022,02,14,4,3,5,2,0,1,1,0,0,0,0,340819.855999704974238,5745199.545999010093510,6.689639750000030,51.834900621000003,0,05220202705000776646
05,5,58,040,2022,02,09,3,3,8,1,0,0,1,0,0,0,0,374675.088017017988022,5766692.027185590006411,7.172883175000040,52.036666318000101,0,05220201706000417145
05,5,62,012,2022,01,07,2,3,5,3,1,0,1,0,0,0,0,359309.005999836022966,5725552.990999420173466,6.965747040000050,51.663327159000097,1,05220131701610173584
05,5,54,016,2022,02,23,1,3,8,1,2,0,1,0,0,0,0,365722.180998797994107,5757560.092658650130033,7.046014576000060,51.952513658999997,2,05220206702340087397