ULAND,UREGBEZ,UKREIS,UGEMEINDE,UJAHR,UMONAT,USTUNDE,UWOCHENTAG,UKATEGORIE,UART,UTYP1,ULICHTVERH,IstRad,IstPKW,IstFuss,IstKrad,IstGkfz,IstSonstige,LINREFX,LINREFY,XGCSWGS84,YGCSWGS84,STRZUSTAND,UIDENTSTLAE
05,5,12,000,2022,02,19,1,3,2,6,2,0,1,0,0,0,0,357267.094651125022210,5717316.234492089599371,6.939600151000040,51.588799193000099,0,05220213702340926922
05,5,15,000,2022,01,11,7,3,3,2,0,1,1,0,0,0,0,403032.421999977028463,5758526.368999660015106,7.588461076000040,51.968956243000001,0,05220129702100979175
05,5,15,000,2022,02,23,7,3,1,5,2,0,1,0,0,0,0,405661.298862806987017,5759083.062475440092385,7.626564100000050,51.974412444000102,0,05220212702100576768
05,5,15,000,2022,01,17,1,3,5,3,2,1,1,0,0,0,0,405073.670999978028703,5757449.222999650053680,7.618463466000040,51.959626788000001,0,05220123702100718365
05,5,70,008,2022,02,08,6,3,5,3,0,1,1,0,0,0,0,433932.383340034983121,5734880.071648550219834,8.042705379000040,51.760910590000002,0,05220211711311282312
05,5,62,028,2022,02,16,2,2,5,2,0,1,1,0,0,0,0,377939.145999918982852,5723366.005999580025673,7.235735875000050,51.648027937999998,0,05220207701920155843
05,5,62,016,2022,02,17,7,3,5,2,0,0,1,0,0,0,0,371112.413999893993605,5732667.307999540120363,7.133681894000060,51.730092285000097,0,05220205701700885375
05,5,66,084,2022,02,13,4,2,5,3,0,1,1,0,0,0,0,390417.617999953974504,5776990.256999639794230,7.398981166000060,52.132554522000099,0,05220202709300787315
05,5,58,044,2022,02,14,4,3,2,1,0,0,1,0,0,1,1,395881.412989629025105,5744438.257316949777305,7.488659661000040,51.841039286000097,0,05220209706000411018
05,5,62,028,2022,01,13,7,3,9,1,0,0,0,0,1,0,0,381394.971496791986283,5721858.420975780114532,7.286172862000060,51.635218161000097,1,05220122701920470139
05,5,13,000,2022,02,13,4,3,5,3,0,1,1,0,0,0,0,366873.474999875004869,5717012.507999500259757,7.078299838000020,51.588421368000098,0,05220202700000567038
05,5,54,004,2022,02,06,4,3,5,3,2,1,1,0,0,0,0,361581.606854062003549,5773717.311403759755194,6.979266669000030,52.096676801999998,1,05220209705000891867
05,5,66,008,2022,01,16,6,3,5,3,0,0,1,0,0,0,1,399401.699999968986958,5781822.078999670222402,7.528760096000040,52.177690360000000,1,05220121709110372380
05,5,15,000,2022,02,00,1,3,5,3,2,0,1,0,0,0,0,403973.245999976992607,5749153.528999649919569,7.604767272000060,51.884872768000001,1,05220206702100045123
05,5,62,004,2022,02,21,1,3,2,7,2,0,1,0,0,0,0,384605.869999938004185,5716604.524999599903822,7.334278187000050,51.588665329999998,0,05220213701800355843
05,5,70,004,2022,02,08,5,3,5,3,0,1,1,0,0,0,0,422753.679331575985998,5735208.601389760151505,7.880688099000050,51.762433457000000,0,05220210711215702938
05,5,66,076,2022,02,15,6,3,5,3,0,0,1,0,1,0,0,395374.148249241989106,5793955.715832159854472,7.466125157000020,52.285990966000000,1,05220204709500374762
05,5,13,000,2022,02,11,7,3,1,3,0,0,1,0,0,0,0,365347.895456828002352,5716839.678876290097833,7.056357745000070,51.586505755000097,0,05220212700000589622
05,5,66,060,2022,02,17,2,3,5,3,0,0,1,0,0,0,0,389928.381999953009654,5790800.058999650180340,7.387350284000040,52.256567439999998,0,05220207709500072447
05,5,54,012,2022,01,16,2,3,0,3,0,1,1,0,0,0,0,352822.275958542013541,5746061.895437790080905,6.863341401000070,51.845940485000000,0,05220124705000691842
05,5,15,000,2022,02,07,3,3,5,3,1,1,1,0,0,0,0,401578.335999973001890,5757085.122999650426209,7.567714328000020,51.955746456999996,0,05220201702100574772
05,5,62,008,2022,01,11,6,3,5,3,0,1,1,0,0,0,0,384074.306999937980436,5721126.845999600365758,7.325113126000080,51.629201561000102,1,05220128701910381228
05,5,62,024,2022,02,23,1,3,6,2,2,0,1,1,0,0,0,370512.586999890976585,5725892.816999530419707,7.127516603000060,51.669074369000001,1,05220206701500985497
05,5,54,020,2022,02,11,4,3,0,7,0,0,0,0,1,0,0,367024.301299569022376,5786636.991971209645271,7.053614097000040,52.214101873000097,1,05220209705000679162
05,5,58,016,2022,01,13,2,3,3,2,0,1,1,0,0,0,0,382327.203999931982253,5743280.830999599769711,7.292395140000050,51.827945526000100,1,05220131706000165766
05,5,66,028,2022,02,19,1,3,5,3,2,0,1,0,0,0,0,414203.769460639974568,5791274.318760179914534,7.742780374000060,52.265152002000001,0,05220213709700970497
05,5,15,000,2022,02,08,5,3,0,1,0,1,0,0,0,0,0,406589.002553296973929,5758738.853682209737599,7.640159676000050,51.971475247000100,1,05220210702100076649
05,5,58,016,2022,01,12,3,2,5,3,0,0,1,0,0,0,0,381965.375916511984542,5747326.705153379589319,7.285765965000050,51.864230156000097,1,05220125706000596656
05,5,13,000,2022,01,13,2,3,5,3,0,0,1,0,0,0,0,368621.679999883985147,5712454.461999519728124,7.105224551000050,51.547869918000103,1,05220131700000620067
05,5,54,068,2022,02,14,1,3,9,1,0,0,0,0,1,0,0,350985.748930296977051,5763502.148197979666293,6.829150733000060,52.002147735000101,0,05220213705000701326
05,5,54,020,2022,01,17,5,3,0,6,1,1,0,1,0,0,0,367023.460999878996518,5786216.405999519862235,7.053767025000070,52.210322519000002,0,05220127705000651613
05,5,62,014,2022,02,13,6,3,5,2,0,1,1,0,0,0,0,360215.115999842004385,5715943.179999429732561,6.982673820000060,51.577199960000002,0,05220211701300047281
05,5,15,000,2022,02,14,2,3,3,6,0,1,0,0,0,0,0,406836.429344049014617,5757701.122687639668584,7.644042093000050,51.962189144000000,0,05220207702100087866
05,5,15,000,2022,01,07,2,3,0,7,1,1,0,1,0,0,0,404896.935999977984466,5758262.322999659925699,7.615666950000050,51.966905044999997,0,05220124702100572362
05,5,13,000,2022,02,21,3,2,9,1,2,0,1,1,0,0,0,369265.179999886022415,5710718.571999520063400,7.115144638000060,51.532419288000000,1,05220201700000691624
05,5,70,032,2022,01,06,6,3,0,1,2,1,0,0,0,0,0,420575.329227502981666,5767376.842629079706967,7.841714849000030,52.051297859000002,2,05220121711151082073
05,5,70,044,2022,01,07,2,3,5,3,2,0,1,0,0,0,1,414246.806026851001661,5764994.649022360332310,7.750043580000070,52.028941797000101,1,05220131711143681616
05,5,66,028,2022,01,17,6,3,8,7,1,1,0,0,0,0,0,406932.749643569986802,5795928.234113479964435,7.634980471000060,52.305798916000100,0,05220128709700169049
05,5,70,044,2022,02,15,4,3,5,3,0,1,1,0,0,0,0,416036.858428478997666,5759553.711675830185413,7.777462709000080,51.980307631000102,0,05220202711141787219
05,5,54,004,2022,01,02,5,3,9,1,2,0,1,0,0,0,0,361895.301999852992594,5773014.436999459750950,6.984127928000020,52.090439686000103,0,05220127705000520910
05,5,62,008,2022,02,23,6,3,5,3,2,0,1,0,0,1,0,385078.812999940011650,5723278.885999609716237,7.338912873000030,51.648749597000098,0,05220211701910048826
05,5,54,020,2022,02,19,3,3,5,3,2,0,1,0,0,0,1,366211.883029186981730,5785849.994027229957283,7.042041120000020,52.206833738999997,1,05220208705000320728
05,5,70,044,2022,01,13,6,3,0,2,0,1,0,0,0,1,0,416519.870540642004926,5760711.373175909742713,7.784212073000050,51.990786582000098,0,05220121711142190988
05,5,70,020,2022,01,01,1,2,8,1,1,0,1,0,0,0,0,433454.336829653999303,5747338.746943079866469,8.033385978000069,51.872857005000100,1,05220130711422376177
05,5,66,088,2022,02,19,2,2,5,3,2,1,1,0,0,0,0,415006.898811412975192,5785989.636780370026827,7.755875327000070,52.217775532000097,1,05220214709000368098
05,5,15,000,2022,02,07,4,3,5,3,0,1,1,0,0,0,0,404436.277693910989910,5755103.119511290453374,7.609842220000080,51.938429918000097,1,05220223702100470512
05,5,54,068,2022,03,09,6,3,0,7,0,0,1,0,0,0,0,350649.490052809007466,5765511.045325010083616,6.823379940000050,52.020106225000099,0,05220311705000991758
05,5,62,012,2022,02,17,3,3,2,6,0,0,1,0,0,0,0,359376.184914860001300,5726036.257282519713044,6.966523245000080,51.667686510000102,0,05220215701610991324
05,5,62,012,2022,02,07,4,2,5,2,0,0,1,0,0,0,0,363152.737999856995884,5727780.264999469742179,7.020414718000040,51.684290799999999,1,05220216701610170156
05,5,66,076,2022,03,15,3,3,5,3,0,1,1,0,0,0,0,393374.987999958975706,5792891.626999660395086,7.437164581000050,52.276043579000003,0,05220301709500576614
05,5,62,014,2022,03,11,2,3,2,6,0,0,1,0,0,0,0,357840.958357397990767,5713995.250025640241802,6.949222248000070,51.559102414999998,0,05220307701300061084
05,5,62,036,2022,03,19,7,3,2,6,2,0,1,0,0,0,0,388795.737142689991742,5719454.177982539869845,7.393829553000050,51.615120642000100,0,05220305701930251884
05,5,70,028,2022,03,17,5,3,5,2,0,1,1,0,0,0,0,440346.933341516996734,5741919.730666980147362,8.134426928000041,51.824918998000001,0,05220303711412996530
05,5,62,032,2022,03,19,3,3,5,3,2,0,1,0,0,0,1,374170.482999906002078,5719896.652999560348690,7.182539707000050,51.616018130000000,0,05220301701110439160
05,5,15,000,2022,02,16,5,3,4,2,0,0,1,0,0,0,0,405972.618999978993088,5752311.447999659925699,7.632946998000020,51.913598688000000,1,05220224702100691805
05,5,62,032,2022,03,17,5,3,6,4,0,0,1,1,0,0,0,375132.119835231977049,5719425.424118570052087,7.196589880000030,51.611997292000098,0,05220310701110985383
05,5,70,024,2022,03,16,1,2,8,1,0,0,0,0,1,0,0,418509.631913958990481,5751483.635389519855380,7.815371654000050,51.908132961000000,0,05220306711161091712
05,5,66,068,2022,02,19,4,3,7,1,2,0,1,0,0,0,0,381121.597482000011951,5783276.434505510143936,7.261028692000020,52.187124196000099,1,05220216709300087307
05,5,70,052,2022,02,08,2,3,5,3,0,0,1,0,0,0,0,423185.274201344000176,5747041.585056659765542,7.884316548000070,51.868865906000103,0,05220228711114976143
05,5,13,000,2022,03,07,6,3,2,6,1,0,1,0,0,0,0,364436.418773889017757,5713070.588185749948025,7.044663328000070,51.552416751000102,0,05220304700000189526
05,5,13,000,2022,03,20,1,3,5,2,2,0,1,0,0,0,1,370297.204999890003819,5709373.071999530307949,7.130510619000060,51.520565452000000,0,05220306700000695088
05,5,70,008,2022,02,08,7,3,9,1,0,0,1,0,0,0,0,429997.259498595027253,5731967.222341259941459,7.986282660000030,51.734246139000000,1,05220226301911448211
05,5,54,004,2022,02,14,1,3,1,6,0,0,1,0,0,0,0,356628.465381985006388,5777106.417042080312967,6.905581477000060,52.125866017000099,1,05220220705000272466
05,5,66,028,2022,03,03,2,3,8,7,2,0,1,0,0,0,0,407451.187999980989844,5796966.585999679751694,7.642296549000040,52.315219192000001,0,05220307709700781515
05,5,54,040,2022,02,15,7,3,3,3,0,1,1,0,0,0,0,352731.118999796977732,5735162.910999320447445,6.866647308000040,51.747988866000100,0,05220226705000920713
05,5,62,024,2022,03,16,3,2,5,3,0,1,0,0,1,0,0,374558.758516835980117,5725723.076503910124302,7.186056065000060,51.668466878000103,0,05220308701500695146
05,5,54,056,2022,03,12,3,3,8,1,0,0,1,0,0,0,0,359107.135268144018482,5765235.650025100447237,6.946666030000070,52.019843874999999,0,05220301705000091694
05,5,66,040,2022,02,05,2,3,8,1,2,0,0,0,1,0,0,420283.439999992027879,5782614.607999679632485,7.833889602000060,52.188226952000001,1,05220221709800246922
05,5,66,076,2022,03,06,3,3,5,3,0,1,1,0,0,0,0,394383.869999960996211,5793700.970999659970403,7.451692657000020,52.283512094999999,0,05220308709500535185
05,5,70,036,2022,02,06,4,3,6,4,1,0,1,1,0,0,0,434909.887999997008592,5761025.066999670118093,8.051935813000060,51.996066474000003,0,05220223711121691712
05,5,66,040,2022,02,19,6,3,6,1,2,0,1,0,0,0,1,420833.099999990023207,5781402.881999679841101,7.842211286000070,52.177414120999998,1,05220218709700972366
05,5,66,084,2022,03,14,1,3,6,2,0,0,1,1,0,0,0,386134.404999943973962,5778688.562999630346894,7.335861789000030,52.146951158000000,0,05220306709300472411
05,5,12,000,2022,03,16,4,2,2,6,0,0,1,0,0,0,1,356591.384446541022044,5707871.091225819662213,6.933702443000070,51.503755521000102,0,05220302500630020818
05,5,66,076,2022,02,13,2,3,5,3,0,1,1,0,0,0,0,395779.160996193997562,5793947.866936259903014,7.472063008000020,52.285997382000097,0,05220228709500016765
05,5,62,004,2022,02,09,6,3,5,3,0,1,1,0,0,0,0,384768.090999939013273,5716372.465999599546194,7.336694978000030,51.586612830000000,1,05220218701800477639
05,5,15,000,2022,03,11,3,3,0,3,0,1,0,0,0,0,1,403887.851999977021478,5753107.964999659918249,7.602424137000070,51.920402236000001,0,05220301702100476642
05,5,62,036,2022,03,14,5,2,5,3,0,0,1,0,0,0,1,388041.848999948997516,5720161.435999619774520,7.382719488000020,51.621328013000003,0,05220303701930951884
05,5,54,068,2022,02,10,5,1,5,3,0,1,0,0,0,1,0,350816.376389249984641,5766134.435253930278122,6.825538522000040,52.025751931000102,0,05220224705000528616
05,5,13,000,2022,03,13,4,3,2,6,0,0,1,0,0,1,0,368596.786255956976674,5712849.340211589820683,7.104718237000040,51.551412785000103,0,05220302700000075474
05,5,62,020,2022,02,21,7,2,0,1,2,1,0,0,0,0,0,371220.166999894019682,5717883.620999540202320,7.140689092000060,51.597260145000099,0,05220226701200267107
05,5,62,014,2022,03,15,5,3,8,1,0,1,0,0,0,0,0,358929.078999832971022,5714675.239999409765005,6.964635829000030,51.565485958000103,0,05220310701300673593
05,5,58,012,2022,02,07,3,3,0,7,1,0,1,0,0,0,0,370943.088087469979655,5746772.787785369902849,7.125983084000040,51.856811882999999,0,05220215706000487304
05,5,12,000,2022,02,21,1,2,5,7,2,0,1,0,0,0,0,360163.737058922008146,5712267.680342920124531,6.983394775000020,51.544158971999998,0,05220227701400338825
05,5,62,008,2022,02,07,3,2,5,3,0,0,1,0,1,0,0,386214.502999943972100,5724014.402999609708786,7.355081646000030,51.655591254000100,1,05220222701910685414
05,5,54,020,2022,02,04,4,3,5,2,2,0,0,1,1,0,0,365319.205999872996472,5786383.165999500080943,7.028773250000030,52.211407045999998,1,05220216705000021119
05,5,12,000,2022,02,14,2,3,5,2,0,0,1,0,0,1,0,353590.478999802027829,5711992.772999330423772,6.888782634000050,51.540021864000003,0,05220228701400789683
05,5,15,000,2022,02,22,5,2,0,1,2,1,0,0,0,0,0,406051.685193066019565,5756765.684224830009043,7.632879779000060,51.953648938000100,0,05220224702100179610
05,5,54,004,2022,03,15,5,3,4,2,0,0,1,0,0,0,0,362123.546999855025206,5774156.133999460376799,6.986995460000060,52.100755036000102,0,05220310705000989749
05,5,66,012,2022,03,13,6,3,5,2,0,1,1,0,0,0,0,403995.792999974975828,5772307.733999660238624,7.598612409000050,52.092993503000102,0,05220311709300074736
05,5,62,032,2022,02,13,3,3,2,6,0,0,1,0,0,0,0,373663.977999904018361,5719937.571999560110271,7.175213070000040,51.616272418999998,1,05220222701110485659
05,5,62,012,2022,02,17,4,3,2,6,2,0,1,0,0,0,0,363326.299999859009404,5731953.624999470077455,7.021287947000080,51.721835102000099,1,05220216701620420372
05,5,62,008,2022,03,06,6,2,0,1,0,0,0,0,1,0,0,383645.784822235989850,5719989.642763360403478,7.319302497000020,51.618892303999999,0,05220311701910849577
05,5,66,076,2022,02,11,6,3,5,2,0,1,1,0,0,0,0,395268.696999961975962,5793949.619999660179019,7.464581677000070,52.285916095000097,0,05220225709500535185
05,5,15,000,2022,03,07,2,2,6,4,0,0,1,1,0,0,0,405123.649598172982223,5755278.413433999754488,7.619789858000050,51.940123163000102,0,05220307702100070631
05,5,58,024,2022,02,05,7,3,8,1,2,0,1,0,0,0,0,387486.317543055978604,5737578.768423450179398,7.369078659000020,51.777760498000099,2,05220226706000196746
05,5,13,000,2022,02,12,2,3,2,6,0,0,1,0,0,0,0,365479.995114066987298,5714341.694456939585507,7.059219992000070,51.564089302000099,1,05220221700000452559
05,5,66,012,2022,03,02,3,2,2,6,2,0,0,0,0,1,1,411138.227037123986520,5774647.759722970426083,7.702231004000050,52.115219878000097,0,05220308702350505205
05,5,62,012,2022,03,14,5,3,0,7,0,0,0,0,0,0,1,357138.003999825974461,5736897.593999389559031,6.929727367000050,51.764716811000000,0,05220303701610891842
05,5,15,000,2022,02,11,7,3,8,1,0,0,1,0,0,0,0,398410.211226858024020,5763565.399354429915547,7.519707126000070,52.013421337000104,0,05220219702100074776
05,5,15,000,2022,02,05,2,2,4,2,1,0,1,0,1,0,0,405274.049823375011329,5758222.936784430406988,7.621165414000070,51.966615418000103,0,05220214702100572348
05,5,15,000,2022,02,08,4,3,8,1,0,1,0,0,0,0,0,401628.203999973018654,5761520.762999660335481,7.567168338000040,51.995623631000100,2,05220223702100073242
05,5,15,000,2022,03,16,5,3,2,2,0,0,1,0,0,0,0,409166.255359774979297,5759761.699353709816933,7.677396606000060,51.981096387999997,0,05220310702100576645
05,5,58,004,2022,02,16,3,3,6,4,1,0,1,1,0,0,0,404582.138999978022184,5739139.071999650448561,7.616373992000040,51.794961616000101,0,05220215706300596746
05,5,13,000,2022,03,10,7,3,2,6,0,0,1,0,0,0,0,365485.657091348024551,5714311.063559140078723,7.059313352000060,51.563815389000098,0,05220305700000575474
05,5,62,004,2022,03,16,6,2,5,2,0,1,1,0,0,0,0,385921.028999942005612,5712835.950999599881470,7.354477828000030,51.555061567999999,0,05220311701800689604
05,5,13,000,2022,02,11,6,3,2,6,0,0,1,0,0,1,0,368676.447999882977456,5707396.866999519988894,7.107899347000060,51.502431190000003,1,05220218700000880914
05,5,54,064,2022,03,15,2,3,2,1,0,0,1,0,0,0,0,356233.253966861986555,5749229.445055560208857,6.911506503000060,51.875290279000097,0,05220307705000381928
05,5,62,014,2022,03,10,4,3,8,1,0,1,0,0,0,0,0,358929.078999832971022,5714675.239999409765005,6.964635829000030,51.565485958000103,0,05220309701300889735
05,5,66,012,2022,02,15,4,2,5,7,0,1,1,0,0,0,0,411694.923952416982502,5772675.146519210189581,7.710870432000040,52.097578200000001,0,05220223709110979150
05,5,66,008,2022,02,15,5,3,2,6,0,0,1,0,0,0,0,399616.333999969996512,5778831.487999659962952,7.532782412000070,52.150850757999997,1,05220224709110056195
05,5,15,000,2022,03,15,4,3,2,1,0,0,1,0,0,0,0,402771.432111490983516,5753916.330035059712827,7.585967147000080,51.927474261000000,0,05220302702100587866
05,5,62,004,2022,03,20,5,3,3,6,2,0,1,0,0,0,1,383293.214999935007654,5711880.665999599732459,7.316907507000050,51.545938164000098,0,05220310701800475250
05,5,13,000,2022,02,20,3,3,5,3,2,0,1,0,0,0,1,369340.273044876987115,5707379.168887360021472,7.117464681000060,51.502425990000098,1,05220222700000576559
05,5,13,000,2022,02,07,2,3,2,6,1,0,1,0,0,0,0,369053.616999885009136,5709061.678999519906938,7.112712109000030,51.517480085000003,0,05220214700000289618
05,5,70,040,2022,02,08,2,2,2,6,0,1,1,0,0,0,0,414757.835939566022716,5750080.449113840237260,7.761192174000030,51.894958216000099,0,05220228711232491769
05,5,13,000,2022,03,20,6,3,3,2,2,0,1,0,1,0,0,363081.782999856979586,5712101.881999460048974,7.025513801000050,51.543384545000002,0,05220304700000967100
05,5,12,000,2022,02,03,6,3,9,1,2,0,1,0,0,0,0,359794.306999840016942,5711385.962999429553747,6.978421935000030,51.536144148000098,1,05220225701400089699
05,5,70,052,2022,03,07,4,3,2,6,0,0,1,0,0,0,0,431371.223227388982195,5755918.255875419825315,8.001423077000030,51.949732038000001,0,05220309711113181965
05,5,62,024,2022,03,13,7,3,2,6,0,0,1,0,1,0,0,369541.519999888027087,5725040.913999529555440,7.113800471000050,51.661194023000100,0,05220312701500789937
05,5,66,008,2022,02,16,2,2,0,7,0,1,1,0,0,0,0,399247.144079254008830,5780198.896737040020525,7.526982514000050,52.163073445000101,0,05220228709000776730
05,5,58,024,2022,03,21,6,2,8,1,2,0,1,0,0,0,0,392806.985062470019329,5741218.511347330175340,7.445047065000040,51.811518774000000,0,05220311706300996610
05,5,62,014,2022,02,13,4,2,8,1,0,0,1,1,0,0,0,361901.973796347971074,5711465.654041769914329,7.008760505000050,51.537379801000000,0,05220223701300091627
05,5,54,012,2022,02,15,2,2,9,7,0,0,1,0,0,0,0,353321.722926035989076,5747804.265888839960098,6.869847355000050,51.861727056000099,0,05220228705000091795
05,5,66,048,2022,03,17,6,3,0,7,1,1,0,0,0,0,0,428272.468178969982546,5796239.907156369648874,7.947838442000030,52.311802584000098,0,05220304709700011895
05,5,54,028,2022,02,06,6,3,5,3,1,0,1,0,0,0,0,359099.744999837013893,5745766.126999420113862,6.954531234000060,51.844902385000097,1,05220218705000196524
05,5,62,014,2022,02,12,4,2,2,6,0,0,1,0,0,1,0,359276.889855675981380,5713313.072428730316460,6.970195835000030,51.553332437000101,1,05220216702340039209
05,5,13,000,2022,02,05,6,3,0,1,2,0,1,0,1,0,0,368609.909480781992897,5712406.643165390007198,7.105072751000020,51.547437443000000,2,05220225700000573546
05,5,54,056,2022,02,07,2,3,5,3,0,1,1,0,0,0,0,357938.952999831002671,5762145.576999410055578,6.930934492000060,51.991781472000099,0,05220221705000555672
05,5,54,028,2022,03,07,3,3,2,6,0,0,1,0,0,0,0,360755.008934774028603,5746971.328294710256159,6.978059265000070,51.856147084000000,0,05220308705000991840
05,5,66,028,2022,03,15,5,2,0,1,0,0,0,0,1,0,0,412817.567999984021299,5791847.542999680154026,7.722324903000070,52.270086322000097,0,05220303709700476747
05,5,66,088,2022,02,22,3,2,8,1,2,0,0,0,1,0,0,421813.342999992019031,5789029.031999680213630,7.854782307000050,52.246104148000001,1,05220222709700748420
05,5,58,016,2022,02,07,4,2,9,1,0,0,0,0,1,0,0,386163.644717537972610,5749979.584865219891071,7.345835200000070,51.888945034000102,1,05220223706000586167
05,5,58,004,2022,02,05,5,3,0,1,2,1,0,0,0,0,0,405667.988778846978676,5738214.528069050051272,7.632366129000050,51.786835349999997,0,05220224706300176763
05,5,62,024,2022,03,15,5,2,0,7,0,0,1,0,1,0,0,367397.272041397984140,5723541.800837529823184,7.083385472000030,51.647220483000098,0,05220310701500785410
05,5,54,012,2022,03,16,6,2,2,6,0,0,1,0,1,0,0,347944.717547103995457,5744597.879994600079954,6.793230494000060,51.831479998000098,0,05220311705000078089
05,5,62,032,2022,02,13,1,3,2,6,0,0,1,0,0,0,0,375438.011999910988379,5719846.553999559953809,7.200855720000050,51.615849798000099,0,05220227701110985383
05,5,62,028,2022,03,21,6,2,4,6,2,0,1,0,0,0,0,381769.104712722008117,5722575.317961449734867,7.291334256000030,51.641740042999999,0,05220311701920285414
05,5,66,040,2022,02,18,5,3,3,6,2,0,1,0,0,1,0,416268.405051966023166,5781444.217632539570332,7.775460051000040,52.177111768000003,1,05220217702350705058
05,5,15,000,2022,02,18,1,3,1,1,0,0,1,0,0,0,0,405968.203841828973964,5758971.212054629810154,7.631061459000020,51.973459099000102,1,05220220702100774772
05,5,58,040,2022,02,11,7,3,3,2,0,0,1,0,0,0,1,371537.553413346002344,5762043.142723410390317,7.128911133000030,51.994172855999999,0,05220226706000565772
05,5,58,032,2022,03,00,4,2,8,7,2,0,1,0,0,0,0,384452.643999940017238,5754746.066999619826674,7.319385287000050,51.931430469000098,0,05220309706100665895
05,5,58,016,2022,02,21,6,2,8,7,2,0,0,0,0,0,1,384225.903674776025582,5747624.392891960218549,7.318480741000030,51.867379215000000,0,05220225702330370587
05,5,54,008,2022,03,18,2,3,4,2,2,0,1,0,0,0,0,334783.193184108007699,5745816.607924150303006,6.601809562000030,51.838691031000103,0,05220307705000274716
05,5,58,040,2022,02,11,7,3,2,7,0,0,1,0,0,0,0,371606.152067249990068,5763053.211505670100451,7.129531336000070,52.003265365000097,0,05220226706100481081
05,5,66,028,2022,03,16,4,3,1,1,0,0,1,0,0,0,0,414570.698999989021104,5793454.276999689638615,7.747603570000020,52.284803433000000,0,05220309709700791773
05,5,13,000,2022,03,07,5,3,5,2,0,0,1,0,0,0,0,365491.253999868989922,5714163.710999489761889,7.059450436000080,51.562492545000097,0,05220303700000069607
05,5,66,092,2022,02,08,3,3,2,2,0,0,1,0,0,0,1,424494.333999992988538,5792522.001999690197408,7.893261836000020,52.277876397999997,1,05220222709700091773
05,5,13,000,2022,03,15,5,2,6,4,0,0,0,1,0,0,1,369675.851999886974227,5706523.991999519988894,7.122612767000020,51.494818082000101,0,05220303700000489656
05,5,66,012,2022,03,14,5,1,4,6,0,1,1,0,0,0,0,407327.516766381973866,5772620.753949680365622,7.647146022000070,52.096375019000000,0,05220310709110674663
05,5,58,028,2022,03,10,6,3,8,1,0,0,0,0,1,0,0,403142.752251054975204,5730544.599212230183184,7.597903499000040,51.717461629000098,0,05220311706000396746
05,5,15,000,2022,02,13,1,3,2,6,0,0,1,0,0,0,0,411506.292999984987546,5754934.427999660372734,7.712703399000080,51.938082921000003,0,05220227702100056496
05,5,62,012,2022,02,07,4,3,2,6,1,0,1,0,0,0,0,362718.785741718020290,5731456.835741899907589,7.012694048000070,51.717222579000101,1,05220223701610885352
05,5,62,016,2022,02,07,2,3,5,3,0,1,1,0,0,0,0,374867.448021572025027,5731652.664826380088925,7.188390414000030,51.721824531000003,0,05220228701700785375
05,5,15,000,2022,02,13,5,3,2,6,0,0,1,0,0,0,0,405575.873999978997745,5757005.475999659858644,7.625892104000060,51.955723708999997,0,05220217702100073242
05,5,62,004,2022,03,11,3,3,5,3,0,1,1,0,0,0,0,382716.174859603983350,5711238.080054470337927,7.308803748000060,51.540043132000100,0,05220301701800186112
05,5,62,008,2022,02,20,7,3,6,2,2,0,1,1,0,0,0,385742.797999941976741,5723667.105999610386789,7.348379065000070,51.652374150000099,1,05220219701910877766
05,5,54,016,2022,03,09,2,2,3,6,0,0,0,0,0,1,1,364274.633691551978700,5752709.705031120218337,7.026876683000070,51.908578063999997,0,05220307702340549701
05,5,62,024,2022,03,12,4,3,5,3,0,1,1,0,0,0,0,370358.588073137972970,5725481.544256529770792,7.125443547000030,51.665342889999998,0,05220309701500754265
05,5,12,000,2022,03,07,4,3,5,3,0,1,1,0,0,0,0,356697.061881989997346,5712015.519483010284603,6.933538439000070,51.541023514000102,0,05220302701400975486
05,5,62,012,2022,03,18,5,3,5,3,2,1,1,0,0,0,0,359298.252754657005426,5725817.568173579871655,6.965485140000060,51.665701904999999,0,05220303701610595207
05,5,62,020,2022,02,13,3,3,2,6,0,0,1,0,0,0,0,369254.809024607995525,5719231.223590839654207,7.111827499000070,51.608917873999999,1,05220222701200665785
05,5,70,028,2022,02,15,4,3,5,3,0,0,1,0,0,0,0,441824.449106785003096,5741674.345836659893394,8.155904548000020,51.822868737000100,0,05220223711411291692
05,5,66,048,2022,02,16,5,3,1,6,0,0,1,0,0,1,0,426993.366195228998549,5795783.517902580089867,7.929177994000040,52.307531546000099,0,05220224709700176667
05,5,62,020,2022,02,17,2,3,5,2,0,0,1,0,0,0,0,370088.828999890014529,5719087.357999529689550,7.123918434000070,51.607818039999998,0,05220228701200181332
05,5,58,012,2022,03,07,6,3,5,3,1,1,1,0,0,0,0,368330.521999882999808,5752001.397999529726803,7.086074186000080,51.903186593000001,0,05220311706000041017
05,5,58,040,2022,02,18,3,3,6,7,2,0,1,1,0,0,0,371449.522478491009679,5763677.060904799960554,7.127016758000020,52.008835119000103,1,05220215706000885477