ULAND,UREGBEZ,UKREIS,UGEMEINDE,UJAHR,UMONAT,USTUNDE,UWOCHENTAG,UKATEGORIE,UART,UTYP1,ULICHTVERH,IstRad,IstPKW,IstFuss,IstKrad,IstGkfz,IstSonstige,LINREFX,LINREFY,XGCSWGS84,YGCSWGS84,STRZUSTAND,UIDENTSTLAE
05,5,62,004,2022,03,10,3,3,5,2,0,0,1,0,0,0,0,383119.636999935028143,5717785.925999600440264,7.312440733000070,51.598977044000002,0,05220308701800379387
05,5,13,000,2022,03,08,7,3,0,7,0,0,0,0,0,0,1,366958.049597438017372,5710514.531741639599204,7.081978795000050,51.530046712999997,0,05220305700000089648
05,5,66,012,2022,02,10,3,3,2,6,0,0,1,0,0,0,0,403858.241447630978655,5772288.468008910305798,7.596610635000050,52.092796458000102,0,05220222709110772341
05,5,58,012,2022,02,20,7,3,8,1,2,0,1,0,0,0,0,373882.224999905971345,5757218.145999570377171,7.164815520000050,51.951351013000099,1,05220219706200796654
05,5,66,028,2022,02,13,2,2,6,4,0,0,1,1,0,0,0,411786.267863506975118,5794465.294642140157521,7.706530139000050,52.293450807000099,0,05220214709700370497
05,5,54,004,2022,02,08,4,3,5,3,0,0,1,0,0,0,0,364052.959999864979181,5770291.538999490439892,7.016687046000070,52.066507434000101,1,05220223705000091841
05,5,70,004,2022,03,07,4,3,0,3,0,0,1,1,0,0,1,423919.068278864026070,5734230.514990200288594,7.897785499000070,51.753800349000102,0,05220302711211090683
05,5,12,000,2022,02,16,3,2,5,2,0,0,1,0,0,0,0,356468.284999819006771,5708737.439999380148947,6.931577395000030,51.511509155000098,0,05220215701400639160
05,5,15,000,2022,02,18,4,3,5,3,2,1,1,0,0,0,0,406724.745999978971668,5757078.943999660201371,7.642586026000060,51.956577967999998,1,05220216702100556376
05,5,54,008,2022,03,15,6,3,5,3,0,0,1,0,0,0,0,334491.046806125028525,5744344.127910190261900,6.598277091000060,51.825376790000099,0,05220304705000672410
05,5,15,000,2022,03,06,3,3,3,6,2,0,1,0,0,1,0,401313.062332023982890,5751521.577212319709361,7.565450918000070,51.905692952999999,0,05220301702330281369
05,5,12,000,2022,03,08,5,2,2,2,0,0,1,0,0,0,1,360451.432999841985293,5709696.252999429591000,6.988559979000060,51.521123006000003,0,05220310701400889683
05,5,15,000,2022,02,18,2,3,0,2,2,0,1,1,0,0,0,412121.195999983989168,5752011.080999660305679,7.722392220000070,51.911902888999997,0,05220228702100076728
05,5,66,012,2022,02,19,6,3,5,3,2,0,1,0,0,0,0,411755.552172149997205,5766865.215213879942894,7.713257589000020,52.045364859000102,1,05220218709110242437
05,5,62,004,2022,03,06,3,3,2,6,2,0,1,0,0,0,0,382425.274275575997308,5718278.314148229546845,7.302254945000070,51.603257923999998,0,05220301702340587398
05,5,70,008,2022,03,12,2,3,5,3,0,1,1,0,0,0,0,434334.754999995988328,5735370.132999660447240,8.048442098000070,51.765363612000002,0,05220307711313545036
05,5,54,008,2022,02,11,7,3,0,1,0,1,0,0,0,0,0,333497.396999638993293,5745508.175998729653656,6.583311969000020,51.835538483999997,0,05220226705000382335
05,5,12,000,2022,03,21,7,3,0,1,2,1,0,0,0,0,0,355334.587909072986804,5714516.696211770176888,6.912876519000060,51.563150729000000,0,05220312701400747985
05,5,62,014,2022,03,11,7,3,3,6,0,0,1,0,0,0,0,360661.296069924021140,5714778.382114569656551,6.989570616000040,51.566843464999998,0,05220305701300291627
05,5,15,000,2022,02,11,4,3,5,3,0,1,1,0,0,0,0,404645.978999977000058,5760313.865999660454690,7.611445104000040,51.985302047000097,1,05220216702100574772
05,5,62,014,2022,03,15,6,3,2,6,0,1,1,0,0,0,0,360814.103019662026782,5715158.016613859683275,6.991623544000050,51.570292633000101,0,05220311701300075483
05,5,54,036,2022,03,07,2,2,5,3,0,0,1,0,0,1,0,368321.264613435021602,5767955.988746309652925,7.079818623000050,52.046551714000003,0,05220307705000021180
05,5,70,028,2022,03,06,4,3,8,1,0,0,0,0,1,0,0,441323.498409866995644,5736262.927302050404251,8.149552691000050,51.774166207000100,0,05220302711422179597
05,5,62,036,2022,03,16,7,3,5,3,0,0,1,0,0,0,0,389436.260999951977283,5719857.829999620094895,7.402949665000050,51.618874861000101,0,05220305701930789484
05,5,70,040,2022,02,14,4,3,2,2,0,0,1,0,0,0,0,421638.605970004980918,5743145.983876819722354,7.862740065000030,51.833631605999997,0,05220223711231996553
05,5,58,016,2022,02,18,5,3,5,3,1,1,1,0,0,0,0,380951.129999928991310,5742305.970999600365758,7.272771209000040,51.818892781000002,1,05220217706100223578
05,5,54,068,2022,03,18,5,1,3,2,1,0,1,0,1,0,0,352084.865327844978310,5770642.050684389658272,6.842062835000040,52.066590319000099,0,05220310705000091694
05,5,66,076,2022,02,10,1,3,0,2,0,1,1,0,0,0,0,396058.787999961990863,5796246.654999669641256,7.475451539000060,52.306710284000097,1,05220227709500576743
05,5,66,004,2022,02,20,6,1,7,1,2,0,1,0,0,0,0,392744.869284674990922,5769653.166599379852414,7.435278512000020,52.067069435000100,1,05220218709110574685
05,5,15,000,2022,02,17,2,3,2,6,2,0,1,0,0,0,0,411506.292999984987546,5754934.427999660372734,7.712703399000080,51.938082921000003,0,05220214702100576642
05,5,54,008,2022,02,19,1,2,6,2,2,0,1,1,0,0,0,334507.083646027022041,5745939.837329289875925,6.597746570000030,51.839716291000101,1,05220220705000485682
05,5,13,000,2022,02,13,4,3,2,6,0,0,1,0,0,0,0,363251.745542072982062,5716305.211069590412080,7.026328119000030,51.581198114000102,0,05220223700000589622
05,5,62,012,2022,02,14,2,3,0,7,0,0,0,0,0,0,1,356744.289865360013209,5724077.180814820341766,6.929294331000050,51.649418185000101,0,05220228701610095207
05,5,13,000,2022,02,15,3,3,2,6,0,0,1,0,0,1,0,365320.360999867029022,5715104.790999489836395,7.056625854000060,51.570908729999999,0,05220215700000375282
05,5,12,000,2022,03,07,6,3,5,3,0,1,1,0,0,0,0,355568.533999814011622,5709755.389999370090663,6.918203225000070,51.520426937000103,0,05220304701400489528
05,5,62,024,2022,03,13,1,3,5,3,0,1,0,0,0,0,0,370498.870075715996791,5730701.739764790050685,7.125533565000070,51.712287181000100,0,05220306701500085375
05,5,62,016,2022,03,11,3,3,8,7,0,0,1,0,0,0,0,376714.656046791991685,5731499.837250879965723,7.215173414000050,51.720860209000101,0,05220301701700785375
05,5,70,040,2022,02,09,7,3,2,6,0,0,1,0,0,0,0,419810.351999990991317,5745247.360999659635127,7.835725179000060,51.852262103000001,0,05220219711231089382
05,5,70,040,2022,02,05,7,2,8,1,2,0,1,0,0,0,0,417974.610434581991285,5747682.207833060063422,7.808499990000030,51.873882723000101,2,05220226711231174480
05,5,62,036,2022,02,15,2,3,2,6,0,0,1,0,0,0,0,388787.571999948006123,5719066.980999619700015,7.393834535000050,51.611638896000002,0,05220221701930469504
05,5,54,012,2022,03,18,5,2,6,4,2,0,1,1,0,0,0,352390.279999795020558,5745064.075999310240149,6.857500412000040,51.836861126000002,0,05220303705000020713
05,5,58,020,2022,02,13,3,3,2,1,0,0,1,0,0,0,0,389177.881566079973709,5759855.776899069547653,7.386434912000030,51.978314699000101,1,05220222706000096608
05,5,62,004,2022,03,13,4,3,5,2,0,1,1,0,0,0,0,381960.091999932017643,5714719.525999589823186,7.296737808000050,51.571175597000000,0,05220309701800177639
05,5,54,004,2022,02,10,4,3,5,3,0,0,1,0,0,0,0,361085.020308909995947,5770339.481391529552639,6.973397661000040,52.066201878000101,0,05220223705000502662
05,5,15,000,2022,02,19,5,3,9,1,2,0,1,0,0,1,0,400926.703660393017344,5752866.628997080028057,7.559449723000060,51.917714040000099,2,05220224702330554103
05,5,70,052,2022,03,11,5,3,0,3,0,1,1,0,0,0,0,430847.717999995977152,5757739.550999670289457,7.993440497000050,51.966039975000101,0,05220310711111081965
05,5,62,012,2022,02,09,3,3,5,3,0,1,1,0,0,0,0,359952.551999840012286,5726279.214999429881573,6.974754732000060,51.670013643000097,0,05220215701610089652
05,5,15,000,2022,03,14,4,3,2,6,0,0,1,0,0,0,0,403249.236112416023389,5760034.925012620165944,7.591190870000050,51.982553343000099,0,05220302702100569101
05,5,62,012,2022,02,15,1,3,0,7,0,0,0,0,1,0,0,359841.537236934003886,5739215.709328340366483,6.967942852000020,51.786229818999999,0,05220227701610789935
05,5,66,032,2022,03,14,1,3,5,3,0,0,1,0,0,0,0,416928.322999987984076,5774534.468999680131674,7.786798040000060,52.115101774999999,0,05220306709800005208
05,5,66,076,2022,02,20,4,3,7,7,2,0,1,0,0,0,0,396952.123933095019311,5794443.878311259672046,7.489101116000030,52.290676421000100,1,05220216709700776666
05,5,12,000,2022,03,17,6,3,2,6,0,0,1,0,0,0,0,358755.380999833985697,5722529.993999410420656,6.958968406000050,51.636024288999998,0,05220304701400491630
05,5,54,028,2022,02,15,6,3,0,1,0,0,1,0,0,0,0,362096.181952817016281,5746768.586723280139267,6.997602087000080,51.854658311000001,1,05220225705000096524
05,5,62,014,2022,02,16,1,3,2,6,0,0,1,0,0,0,0,356514.607798777986318,5714955.134294410236180,6.929709959000040,51.567391870999998,0,05220220702340692017
05,5,15,000,2022,03,12,6,3,4,6,0,1,0,0,0,0,0,406620.915831570979208,5759227.675038279965520,7.640491123000060,51.975874363999999,0,05220311702100074724
05,5,12,000,2022,03,20,2,2,0,6,2,0,1,0,0,0,1,355963.788040021026973,5713451.030182830058038,6.922384249000060,51.553735994000100,0,05220307702340870441
05,5,66,028,2022,03,07,4,3,0,3,0,1,1,0,0,0,0,411523.591999983997084,5792418.934999680146575,7.703216780000050,52.275015444000097,0,05220309709700742411
05,5,15,000,2022,03,14,3,3,6,4,0,0,1,1,0,0,0,404536.891397305997089,5763037.263723270036280,7.609098534000050,52.009762060000099,0,05220308702100569101
05,5,54,060,2022,03,15,7,3,2,7,0,0,1,0,0,0,0,349455.020999777014367,5756023.612999250181019,6.810147397000040,51.934544469000102,0,05220305705000516031
05,5,54,012,2022,03,17,5,3,9,1,0,0,0,0,1,0,0,354284.949494826025330,5741040.353576930239797,6.886673324000070,51.801205070000002,0,05220303705000580990
05,5,15,000,2022,02,02,7,3,6,4,2,0,1,1,0,0,0,404984.058683099981863,5758214.646588609553874,7.616947913000050,51.966491410000103,0,05220226702100192910
05,5,54,012,2022,03,15,5,3,5,3,0,0,1,0,0,0,0,350399.654575625027064,5744222.385945039801300,6.828993311000030,51.828769106999999,0,05220310705000581928
05,5,15,000,2022,03,17,6,3,5,3,0,0,1,0,1,0,0,405131.231999977026135,5761746.616999659687281,7.618112742000050,51.998263204000096,0,05220311702100868375
05,5,66,052,2022,02,14,3,3,5,3,0,1,1,0,0,0,0,377057.012999916973058,5778570.847999590449035,7.203306914000050,52.143947445000002,0,05220215709300527831
05,5,62,012,2022,02,16,1,2,8,6,0,0,1,0,0,0,0,364135.726778829004616,5723427.252917010337114,7.036317675000020,51.645412524999998,0,05220227702340291226
05,5,70,008,2022,02,09,4,3,5,3,0,0,1,0,0,0,1,433963.787221751001198,5735031.223768609575927,8.043131614000060,51.762273163000003,1,05220216711313127091
05,5,15,000,2022,02,13,6,3,5,3,0,1,1,0,0,0,0,404389.893999979016371,5759062.468999659642577,7.608065875000020,51.974010057000001,1,05220218702100075998
05,5,66,084,2022,02,18,4,3,4,2,2,0,1,0,0,0,0,391968.891999956977088,5778049.315999650396407,7.421299651000030,52.142378084000001,1,05220216709300074741
05,5,13,000,2022,03,15,6,2,5,3,0,1,1,0,0,0,0,366422.532490707002580,5716099.479378069750965,7.072141764000040,51.580109713000098,0,05220311700000291481
05,5,58,004,2022,02,13,6,3,9,1,0,0,1,0,0,0,0,403153.444716801983304,5737839.876027910038829,7.596026264000050,51.783038124000001,2,05220225706300855915
05,5,13,000,2022,03,13,4,2,2,6,0,0,0,0,0,1,1,368488.375050521979574,5711199.736365890130401,7.103771992000080,51.536562982000099,0,05220309702340708339
05,5,70,004,2022,03,11,5,3,8,1,0,0,0,0,1,0,0,422790.874041988980025,5733235.011406759731472,7.881665286000040,51.744696758000003,0,05220303711215176718
05,5,15,000,2022,02,15,5,3,4,6,0,1,0,0,0,0,0,404005.010999976017047,5758508.219999659806490,7.602619372000050,51.968961935999999,1,05220224702100079223
05,5,54,008,2022,03,12,4,2,5,2,0,1,1,0,0,0,0,335746.809999659017194,5746087.533998819999397,6.615655116000030,51.841409099000003,0,05220302705000765869
05,5,15,000,2022,03,17,5,3,0,6,0,0,1,0,1,0,0,400861.527165685023647,5753107.799356349743903,7.558432926000020,51.919870136000000,0,05220310702330791721
05,5,15,000,2022,03,17,6,3,9,6,0,1,1,0,0,0,0,405509.072778626985382,5756499.183114419691265,7.625059502000060,51.951161580000097,0,05220311702100876118
05,5,62,014,2022,02,11,3,3,3,1,0,0,1,0,0,0,0,359559.820170557009988,5713378.379162799566984,6.974248025000070,51.553989784000102,1,05220215702340092017
05,5,62,016,2022,02,13,3,3,5,3,0,1,1,0,0,0,0,375827.034999914001673,5735424.998999569565058,7.200929214000040,51.755939521000101,1,05220222701700181160
05,5,62,020,2022,02,12,4,3,5,3,0,0,1,0,0,0,1,371174.857999893021770,5717572.577999539673328,7.140149507000050,51.594454491000100,1,05220216701200547459
05,5,62,028,2022,03,09,3,3,5,2,0,0,1,0,0,0,0,380658.863999927998520,5723162.981999590061605,7.275096459000050,51.646787128000000,0,05220301701920289484
05,5,15,000,2022,03,08,6,3,0,7,0,0,0,0,0,0,1,402344.166052238026168,5762877.893120730295777,7.577206404000040,52.007948134000102,0,05220304702350574709
05,5,12,000,2022,03,15,3,3,2,5,0,1,1,0,0,0,0,356525.638066959974822,5711389.286487460136414,6.931323434000030,51.535352758999998,0,05220301701400580917
05,5,13,000,2022,02,00,7,3,5,3,2,0,1,0,0,0,0,368564.321999881998636,5707270.988999510183930,7.106331694000060,51.501273885000003,1,05220219700000889281
05,5,54,020,2022,02,12,5,3,4,6,0,0,1,0,0,1,0,366196.934907849994488,5784564.696061610244215,7.042330211000030,52.195281199000100,0,05220224705000520896
05,5,66,060,2022,02,16,7,3,5,3,0,1,1,0,0,0,0,388358.350999947986566,5788805.184999640099704,7.365017288000050,52.238323317000003,0,05220226709500238566
05,5,62,032,2022,02,20,2,2,9,1,2,0,1,0,0,0,0,377734.665667827997822,5715066.704874590039253,7.235676579000030,51.573395339999998,1,05220221701120408297
05,5,62,024,2022,03,16,4,3,2,6,0,0,1,0,0,0,0,367366.244495587015990,5724872.879204499535263,7.082432406000070,51.659174838000098,0,05220309701500095146
05,5,66,044,2022,03,23,4,2,0,1,2,1,0,0,0,0,0,422603.933757885999512,5773883.601691380143166,7.869816111000030,52.110074699999998,0,05220302709800287356
05,5,15,000,2022,02,22,2,2,1,5,2,0,1,0,1,0,0,407151.901160712994169,5751323.058262120001018,7.650353649000070,51.904912299999999,0,05220214702100991783
05,5,54,024,2022,02,07,7,3,8,1,0,0,1,0,0,0,0,369389.412454544974025,5779415.244260969571769,7.090993133000040,52.149775280000000,1,05220226702340205242
05,5,70,020,2022,02,16,2,2,5,3,0,1,1,0,0,0,0,433064.731999996991362,5745186.531999659724534,8.028144675000020,51.853462241999999,0,05220228711422287313
05,5,62,004,2022,02,09,3,2,5,2,0,1,1,0,0,0,0,384544.818999940005597,5716566.825999599881470,7.333409714000030,51.588313993000000,0,05220215701800585088
05,5,62,032,2022,02,14,1,2,1,6,0,0,1,0,1,0,0,374636.487999908975326,5723114.321999560110271,7.188114921000020,51.645039392000101,0,05220227701110591371
05,5,62,012,2022,02,06,4,2,6,2,2,0,1,1,0,0,0,359772.123333911004011,5725154.803052550181746,6.972598489000060,51.659864855000102,1,05220216701610587577
05,5,12,000,2022,03,14,3,3,5,2,0,1,1,0,0,0,0,356711.435822676983662,5708449.627006160095334,6.935195933000050,51.508984620000000,0,05220301701400751551
05,5,15,000,2022,02,19,6,3,6,4,2,1,0,1,0,0,0,406402.614247623016126,5757175.079108599573374,7.637873353000030,51.957387949000100,1,05220225702100076673
05,5,62,004,2022,02,11,2,3,2,6,0,0,1,0,0,0,1,381623.363532271992881,5713346.773141889832914,7.292343649000030,51.558767203999999,1,05220221702340591791
05,5,62,008,2022,03,18,7,2,5,2,2,0,1,0,1,0,0,383972.710999936971348,5721013.760999600403011,7.323683420000070,51.628164247000001,0,05220305701910089484
05,5,54,024,2022,03,10,5,3,0,2,0,0,1,0,0,0,0,370199.546999891987070,5777352.832999549806118,7.103614568000070,52.131433837000003,0,05220303705000191822
05,5,54,016,2022,03,13,1,2,9,7,0,0,1,0,0,0,0,366584.625271649973001,5757677.378158220089972,7.058511358000030,51.953775114999999,0,05220306705000921108
05,5,62,036,2022,02,15,2,3,2,2,0,0,1,0,0,0,1,387634.834402324981056,5720118.392348200082779,7.376856341000060,51.620860022000002,0,05220214701930964261
05,5,70,048,2022,02,12,1,2,8,7,0,0,1,0,0,0,0,447491.673000000009779,5729434.582999650388956,8.239975033000061,51.713388256000002,1,05220220711300002632
05,5,58,004,2022,02,14,4,2,4,1,0,0,1,0,0,0,0,406658.715430855983868,5734771.089316460303962,7.647650966000070,51.756049138000002,1,05220216706000576748
05,5,15,000,2022,02,16,2,3,3,6,0,1,1,0,0,0,0,404353.477903704973869,5756439.985344059765339,7.608266208000030,51.950431962000003,0,05220228702100879223
05,5,15,000,2022,02,20,3,3,3,6,2,1,1,0,0,0,0,406549.461419840983581,5756698.470629010349512,7.640139404000020,51.953128655999997,1,05220215702100076723
05,5,13,000,2022,03,16,1,3,6,4,0,0,1,1,0,0,0,367925.765999879979063,5713499.742999509908259,7.094801329000060,51.557101062000100,0,05220306700000069607
05,5,58,020,2022,02,22,6,1,9,7,2,0,1,0,0,0,0,389536.033512075024191,5758623.513418720103800,7.392043931000050,51.967311102000103,1,05220225706000352435
05,5,62,024,2022,02,13,4,2,0,7,0,0,0,0,0,0,1,366537.113999873981811,5724694.628999499604106,7.070520510000050,51.657376742000103,0,05220223701500295187
05,5,70,004,2022,03,17,6,3,8,1,0,0,0,0,1,0,0,423917.893999992986210,5734235.507999660447240,7.897767397000050,51.753845075000100,0,05220311711213172472
05,5,15,000,2022,03,17,6,3,0,6,0,1,0,0,0,0,1,404265.004554122977424,5754484.501025680452585,7.607523687000030,51.932840087000002,0,05220311702100076645
05,5,66,036,2022,03,06,3,2,8,1,1,0,1,0,0,0,0,386031.197698629985098,5767534.060474139638245,7.338084566000020,52.046684179000103,0,05220308709300372411
05,5,13,000,2022,03,16,7,3,5,3,0,0,1,0,0,0,1,369100.231833330995869,5707798.744968120008707,7.113852481000040,51.506141113000098,0,05220305700000273492
05,5,15,000,2022,02,14,4,2,3,2,0,1,0,0,0,1,0,405972.618999978993088,5752311.447999659925699,7.632946998000020,51.913598688000000,0,05220223702100876642
05,5,12,000,2022,03,11,4,3,2,6,0,0,1,0,0,0,0,355838.097999816003721,5712020.614999369718134,6.921158641000030,51.540850567000099,0,05220302701400081303
05,5,12,000,2022,03,06,6,3,2,6,2,0,1,0,0,0,1,356727.634971463005058,5707894.783794430084527,6.935654608000050,51.504002974999999,0,05220304701400349493
05,5,62,004,2022,03,17,3,3,1,6,1,0,1,0,0,0,0,383363.375211498991121,5719015.342532970011234,7.315549341000060,51.610077171000100,0,05220301701800385088
05,5,54,004,2022,02,18,6,3,2,5,2,0,1,0,0,0,1,361631.637102317996323,5770474.914183789864182,6.981311885000030,52.067555585999997,0,05220225705000087378
05,5,66,092,2022,02,17,7,3,5,3,2,0,1,0,0,0,0,423863.847999994002748,5796453.746999690309167,7.883133541000060,52.313131093000003,0,05220219709700172366
05,5,54,032,2022,02,21,7,3,8,1,2,0,1,0,0,0,0,327847.876372143975459,5744562.621460289694369,6.501865486000040,51.825332330999998,0,05220226705000180993
05,5,62,004,2022,02,14,2,3,1,6,0,0,1,0,0,0,0,383166.030487757991068,5713520.721129849553108,7.314529337000070,51.560652255999997,1,05220221702340991296
05,5,13,000,2022,03,05,5,3,5,3,2,0,1,0,0,0,0,368188.859999881009571,5713200.873999509960413,7.098706289000060,51.554476758000099,0,05220303700000989562
05,5,66,028,2022,02,12,7,3,5,3,0,0,1,0,0,0,0,411066.528818561986554,5792466.257558160461485,7.696507081000050,52.275367041999999,0,05220219709700048432
05,5,54,008,2022,03,07,7,3,4,2,0,0,1,0,0,0,0,334474.302999647974502,5745639.014998770318925,6.597415106000030,51.837004201000099,0,05220305705000491776
05,5,58,016,2022,03,15,6,3,5,3,0,0,1,0,0,0,0,383976.576076704019215,5748040.665279770269990,7.314721301000080,51.871068568000098,0,05220311706100696608
05,5,15,000,2022,02,15,3,3,2,6,0,0,1,0,0,0,0,405515.361931468010880,5754634.938309559598565,7.625663269000030,51.934405965000103,0,05220215702100276642
05,5,70,004,2022,02,16,6,3,8,1,0,0,1,0,0,0,0,423846.557848164986353,5734554.379722109995782,7.896664267000060,51.756701931000102,1,05220218711212791799
05,5,54,040,2022,03,20,1,2,9,1,2,0,1,0,0,0,0,352732.197999796015210,5734206.817999320104718,6.867067680000050,51.739398543999997,0,05220306705000016030
05,5,12,000,2022,02,20,2,2,4,6,2,0,1,0,0,0,0,357031.638999823015183,5709681.154999390244484,6.939307401000060,51.520132094000097,0,05220214701400689500
05,5,62,032,2022,02,08,4,3,6,4,0,0,1,1,0,0,0,375542.421815355017316,5720210.224894669838250,7.202233820000060,51.619141245000002,1,05220216701110996570
05,5,62,016,2022,02,16,2,2,5,3,0,1,1,0,0,0,0,377255.977999917988200,5737176.895999579690397,7.221002620000040,51.771998763000099,0,05220228701700373567
05,5,12,000,2022,02,14,6,3,2,6,0,0,1,0,0,0,0,356363.305403540027328,5714332.158630000427365,6.927782997000070,51.561755454000000,1,05220218702340549700
05,5,66,076,2022,03,12,2,3,2,6,0,0,1,0,0,0,0,393800.456751863996033,5793075.254509589634836,7.443340475000070,52.277776232000100,0,05220307709500012546
05,5,15,000,2022,03,07,4,3,4,7,0,0,1,0,0,0,0,401645.537999973981641,5749180.849999650381505,7.570949985000030,51.884712548000003,0,05220309702100005219
05,5,15,000,2022,03,15,3,3,2,6,0,0,1,0,0,0,0,403082.776579894998576,5760477.764160370454192,7.588642685000020,51.986504679000099,0,05220308702100057476
05,5,62,012,2022,02,14,3,3,5,3,0,1,0,0,0,0,1,359567.110999837983400,5725210.768999420106411,6.969613959000070,51.660316569000003,0,05220222701610495149
05,5,15,000,2022,02,22,5,3,9,7,2,0,1,0,0,0,0,404988.218999976990744,5758200.426999660208821,7.617012387000050,51.966364310000102,1,05220224702100076692
05,5,70,004,2022,02,20,2,3,1,5,2,0,1,0,0,0,0,425134.507496808015276,5736303.455605289898813,7.914943932000030,51.772599263000103,0,05220228711212490018
05,5,58,016,2022,03,07,6,2,8,1,0,0,1,0,0,0,0,390569.292726880987175,5746935.679510270245373,7.410791835000050,51.862469670000102,0,05220311706000286167
05,5,62,014,2022,02,13,3,2,3,6,0,0,1,0,0,0,1,360536.707653347984888,5714343.073680659756064,6.987946927000050,51.562900950000000,0,05220215701300573611
05,5,15,000,2022,02,05,4,3,5,2,2,1,1,0,0,0,0,403403.738999960012734,5758087.945999659597874,7.593987847000050,51.965080220000097,1,05220216702100991803
05,5,62,032,2022,02,10,4,3,6,2,0,0,1,1,0,0,0,374228.289107109012548,5715275.220681039616466,7.185030861000030,51.574497952999998,0,05220223701120585383
05,5,15,000,2022,02,13,6,3,2,6,0,0,1,0,0,0,0,406130.492232475022320,5758508.039368730038404,7.633550025000030,51.969323334000102,1,05220225702100079223
05,5,13,000,2022,03,12,6,2,0,1,0,0,0,0,1,0,0,367962.287999881024007,5708753.631999510340393,7.097107829000040,51.514457714999999,0,05220311700000281322
05,5,58,016,2022,02,07,2,2,5,2,1,0,1,0,0,0,0,388510.963999947998673,5747914.598999629728496,7.380596510000030,51.870860293000099,1,05220221706100186167
05,5,62,020,2022,03,17,5,3,2,2,0,0,1,0,0,0,1,368518.902999882993754,5718711.981999520212412,7.101400797000050,51.604080283000002,0,05220310701200795166
05,5,70,052,2022,03,07,6,2,1,5,0,0,1,0,0,0,0,427952.995598923997022,5761385.567250030115247,7.950547531000040,51.998448107000101,0,05220311711111091829
05,5,15,000,2022,02,17,3,3,5,3,0,1,1,0,0,0,0,402607.068999974988401,5753832.596999649889767,7.583601234000070,51.926692909000103,0,05220215702100442442
05,5,13,000,2022,02,19,3,3,2,6,2,0,1,0,0,0,0,369287.394924440013710,5707484.910021790303290,7.116664075000070,51.503364045000097,1,05220222700000752559
05,5,15,000,2022,02,13,4,3,3,6,0,0,1,0,0,0,0,406085.171999979007524,5757363.440999659709632,7.633203526000050,51.959027510000098,1,05220216702100592910
05,5,62,020,2022,02,20,4,2,4,2,2,0,1,0,0,1,0,371750.634999895002693,5713079.296999540179968,7.150097794000030,51.554205117999999,0,05220223701200265514
05,5,62,014,2022,03,11,6,3,5,2,0,1,1,0,0,0,0,361493.951999848010018,5713404.220999450422823,7.002117975000030,51.554700162000103,0,05220311701300676772
05,5,15,000,2022,03,00,6,2,0,1,2,0,0,0,1,0,0,398350.551041195983998,5759453.058567619882524,7.520057529000040,51.976448851000001,0,05220304702100074772
05,5,58,024,2022,03,17,2,3,6,4,0,0,1,1,0,0,0,393150.761999959009700,5736748.222999629564583,7.451408940000020,51.771405690999998,0,05220307706300455915
05,5,62,032,2022,03,14,4,3,5,3,0,1,1,0,0,0,0,377297.800560365023557,5720463.766138640232384,7.227487975000030,51.621805301000101,0,05220309701110195166
05,5,15,000,2022,02,15,7,3,3,2,0,1,1,0,0,0,0,403974.377424396981951,5757465.119301400147378,7.602465264000050,51.959580905000102,0,05220226702100553166
05,5,58,036,2022,02,11,2,3,2,1,0,0,1,0,0,0,0,389028.051862828026060,5729848.666654570028186,7.393883086000070,51.708591630000100,0,05220228706300948226
05,5,70,008,2022,02,05,2,3,2,6,2,0,1,0,0,0,0,437185.187860717996955,5738861.321121299639344,8.089110222000039,51.797077012000003,1,05220221301911035483
05,5,15,000,2022,02,21,3,3,6,2,2,0,1,1,0,0,0,404288.318999977025669,5758999.999999660067260,7.606604994000070,51.973431080000097,1,05220215702100576680
05,5,66,012,2022,02,19,4,2,1,5,2,0,1,0,0,0,1,400800.347564761992544,5776246.104676149785519,7.550836521000060,52.127827642000099,1,05220216709110574685
05,5,62,004,2022,02,20,1,3,6,2,2,0,1,1,0,0,0,383123.256999936013017,5713234.332999600097537,7.314007772000020,51.558069412000101,1,05220220701800663387
05,5,66,048,2022,03,07,4,3,4,2,0,0,1,0,0,0,0,427062.399344568024389,5794062.450380450114608,7.930563123000070,52.292070163000098,0,05220309709700070493
05,5,15,000,2022,03,17,6,3,0,2,0,1,1,0,0,0,0,405554.609441454987973,5757002.542943939566612,7.625583554000060,51.955693734000100,0,05220311702100579141
05,5,13,000,2022,02,15,5,3,5,3,0,1,0,0,0,0,1,367134.381999876000918,5714956.974999509751797,7.082841478000030,51.570010769000099,0,05220217700000191718
05,5,15,000,2022,02,11,5,3,0,2,0,1,1,0,0,0,0,406853.876999981002882,5757712.090999660082161,7.644292985000050,51.962290656000100,0,05220224702100570513
05,5,66,056,2022,03,11,7,2,1,1,0,0,1,0,0,0,1,418355.776035855000373,5792915.255559420213103,7.803210050000080,52.280533753999997,0,05220305709700591773
05,5,62,014,2022,03,19,3,3,2,2,2,0,1,0,0,0,0,358929.078999832971022,5714675.239999409765005,6.964635829000030,51.565485958000103,0,05220301701300989658