ULAND,UREGBEZ,UKREIS,UGEMEINDE,UJAHR,UMONAT,USTUNDE,UWOCHENTAG,UKATEGORIE,UART,UTYP1,ULICHTVERH,IstRad,IstPKW,IstFuss,IstKrad,IstGkfz,IstSonstige,LINREFX,LINREFY,XGCSWGS84,YGCSWGS84,STRZUSTAND,UIDENTSTLAE
05,5,58,024,2022,02,15,4,3,0,7,0,1,0,0,0,0,0,392752.976707299996633,5735911.040728559717536,7.445904507000020,51.763805023000003,0,05220223706300174662
05,5,13,000,2022,02,18,3,3,6,2,2,0,1,1,0,0,0,365062.527999869023915,5716348.223999490030110,7.052430043000070,51.582021084000097,1,05220222700000071568
05,5,58,004,2022,02,23,2,3,9,1,2,0,1,0,0,0,0,405807.478538995026611,5739416.252292579971254,7.634061504000040,51.797660816000104,0,05220214702330049924
05,5,62,020,2022,02,17,2,2,2,2,0,0,1,0,1,0,0,369278.764999884995632,5718726.999999529682100,7.112361246000030,51.604392141000098,0,05220228701200981314
05,5,13,000,2022,03,13,6,3,2,6,0,0,1,0,0,0,0,365483.169144093990326,5714323.224850240163505,7.059272825000050,51.563924083000103,0,05220304700000690696
05,5,62,012,2022,03,12,1,3,0,6,0,0,1,0,0,0,0,359373.601709775975905,5734913.436009369790554,6.962904762000050,51.747453795000098,0,05220306702340072367
05,5,66,020,2022,02,03,7,1,9,1,2,0,1,0,0,0,0,407480.860422376019415,5810539.817115659825504,7.638985856000030,52.437218361000099,1,05220219709700976666
05,5,62,020,2022,03,17,6,3,5,3,0,1,1,0,0,0,0,367480.560999877983704,5720808.353999510407448,7.085623386000070,51.622676016000099,0,05220311701200863559
05,5,58,044,2022,03,13,4,3,5,3,0,1,1,0,0,0,0,395672.315286017023027,5746272.897252580150962,7.485071992000030,51.857490085000101,0,05220309706300757414
05,5,12,000,2022,03,09,3,3,5,7,0,0,1,0,0,0,0,357947.781999826023821,5709767.848999399691820,6.952468296000060,51.521142263000101,0,05220308701400638825
05,5,62,028,2022,03,17,5,3,2,6,0,1,1,0,0,0,0,381062.467347856028937,5721934.255753559991717,7.281344777000070,51.635829518000001,0,05220303701920325093
05,5,58,024,2022,02,09,3,3,5,3,0,1,1,0,0,0,0,392807.530999958980829,5741216.466999639756978,7.445055614000070,51.811500504000001,0,05220222706300476682
05,5,54,016,2022,03,10,4,3,5,3,0,1,0,0,0,0,0,363545.754999861994293,5757323.152999480254948,7.014458094000080,51.949854920000099,0,05220309705000176745
05,5,62,032,2022,02,10,5,3,2,6,0,1,1,0,0,0,0,375262.621999909984879,5720961.605999560095370,7.197926759000040,51.625832033000101,0,05220224701110985643
05,5,66,088,2022,03,13,4,2,5,3,0,1,1,0,0,0,0,414276.644999985990580,5788641.524999679997563,7.744516372000020,52.241498740000097,0,05220302709800987328
05,5,70,028,2022,02,14,3,3,5,3,0,0,1,0,0,0,0,442775.008999997982755,5746848.514999659731984,8.168838719000060,51.869483973000101,0,05220215711413491857
05,5,62,004,2022,02,02,2,3,9,1,2,0,1,0,0,0,0,386897.899968894023914,5715980.787892390042543,7.367550153000020,51.583523972000101,0,05220228301921377836
05,5,70,004,2022,02,14,6,3,5,3,0,0,0,0,0,1,1,425529.052999995998107,5736713.498999659903347,7.920573195000030,51.776338066000100,1,05220218711212091831
05,5,13,000,2022,02,06,2,3,2,6,2,0,1,0,0,0,0,362523.254999854019843,5720878.934999460354447,7.014027910000040,51.622121154000098,0,05220214700000075282
05,5,12,000,2022,03,08,6,3,5,3,0,0,1,0,0,0,0,356783.993999822996557,5717302.246999380178750,6.932637009000080,51.588550925000000,0,05220311701400189516
05,5,62,012,2022,02,15,3,3,8,1,0,0,0,0,1,0,0,362047.561580698005855,5735379.696171159856021,7.001428760000070,51.752308307000099,1,05220222701610089672
05,5,54,004,2022,02,07,2,3,2,6,0,0,1,0,1,0,0,360248.044999846024439,5775037.544999440200627,6.959270085000070,52.108204033000000,0,05220214705000790507
05,5,15,000,2022,03,14,6,3,5,3,0,1,1,0,0,0,0,407182.379214957996737,5760817.449992969632149,7.648232860000060,51.990258091000001,0,05220304702100270583
05,5,54,068,2022,02,02,5,3,7,1,2,0,1,0,0,0,0,350644.503999784996267,5763808.967999270185828,6.824049594000030,52.004812657999999,1,05220217705000421129
05,5,70,020,2022,02,12,7,3,5,3,0,0,1,0,0,0,0,433623.143999997992069,5741342.158999660052359,8.036988791000059,51.818968260000098,0,05220219711422090704
05,5,70,028,2022,02,14,5,3,5,2,0,1,1,0,0,0,0,441127.676999998977408,5741754.674999659880996,8.145782312000049,51.823517930000001,1,05220217711411091389
05,5,54,052,2022,03,23,3,3,8,7,2,0,1,0,0,0,0,373112.582508658990264,5772968.095943449996412,7.147783711000050,52.092708760999997,0,05220308705000081000
05,5,54,040,2022,03,22,7,2,9,7,2,0,1,0,0,0,0,352683.569520631979685,5738310.364791870117188,6.864624708000060,51.776256484999998,0,05220305705000520713
05,5,66,084,2022,02,18,3,3,0,3,2,1,1,0,0,0,0,386085.181868796003982,5779138.343427930027246,7.334991916000040,52.150983154000102,1,05220222709300572437
05,5,70,052,2022,02,13,4,3,5,3,0,0,1,0,0,1,0,423185.274108238983899,5747041.585025030188262,7.884316546000040,51.868865906000103,0,05220223711114087309
05,5,15,000,2022,02,09,5,3,5,7,0,0,1,0,0,0,0,403598.198451476986520,5758064.971816729754210,7.596823843000040,51.964907476000100,0,05220224702100891756
05,5,12,000,2022,03,14,4,3,1,5,0,1,0,0,0,0,1,356698.501540780998766,5708252.561641030013561,6.935089761000030,51.507210536000102,0,05220302701400480917
05,5,58,016,2022,03,17,5,3,8,2,0,0,0,0,1,0,0,386618.819999945000745,5744181.665999620221555,7.354349392000070,51.836929279000103,0,05220310706000781078
05,5,12,000,2022,03,16,6,3,2,6,0,0,1,0,0,0,0,354948.421983734006062,5712586.712022529914975,6.908105192000050,51.545709393999999,0,05220311702340072367
05,5,54,068,2022,02,12,3,3,0,1,0,0,0,0,1,0,0,348091.197455585992429,5771881.598593889735639,6.783293985000060,52.076645810000102,0,05220222705000587378
05,5,70,028,2022,02,07,4,3,5,3,1,0,1,0,0,1,0,440875.221000000019558,5744394.424999659880996,8.141668588000069,51.847223155999998,1,05220216711413581044
05,5,12,000,2022,02,15,4,3,1,6,0,0,1,0,1,0,0,355838.097999816003721,5712020.614999369718134,6.921158641000030,51.540850567000099,0,05220223701400073594
05,5,66,084,2022,02,20,2,3,8,1,2,0,0,0,0,1,0,393813.798302307026461,5779026.568942950107157,7.447943772000030,52.151518799000002,1,05220228709300242419
05,5,13,000,2022,03,09,6,3,5,2,0,0,1,0,0,0,1,368657.203999882971402,5712228.905999509617686,7.105820788000070,51.545851175999999,0,05220311700000091806
05,5,13,000,2022,02,05,2,3,3,6,2,0,1,0,1,0,0,366751.286884394008666,5714750.744065829552710,7.077395231000030,51.568067059000001,0,05220228700000191481
05,5,62,004,2022,03,18,4,3,5,2,2,0,1,0,0,0,1,382682.789999936008826,5712587.369999590329826,7.307872674000070,51.552163252000099,0,05220309701800775247
05,5,62,024,2022,03,16,5,3,5,2,0,1,1,0,0,0,0,374092.693999906012323,5725843.194999559782445,7.179276906000040,51.669442126000000,0,05220310701500795128
05,5,12,000,2022,02,18,5,3,0,7,2,0,0,0,0,0,1,356978.830806149984710,5712761.813543469645083,6.937295462000070,51.547801051000100,0,05220217701400473593
05,5,54,008,2022,03,19,4,3,1,5,2,1,1,0,0,0,0,334369.849145730026066,5745964.259074780158699,6.595744709000030,51.839894996000098,0,05220309705000588517
05,5,70,008,2022,02,07,5,3,5,3,0,0,1,0,0,0,0,433041.454139670007862,5733359.362566360272467,8.030091060000069,51.747133517000101,1,05220217711312726853
05,5,54,060,2022,03,14,7,3,6,2,0,0,1,1,0,0,0,348590.706663066986948,5756264.860061439685524,6.797478767000030,51.936477478000000,0,05220305705000516030
05,5,54,008,2022,02,13,7,2,3,6,0,1,1,0,0,0,0,335751.979999659990426,5746208.113998820073903,6.615672840000060,51.842493838999999,0,05220219705000181625
05,5,58,004,2022,02,07,4,3,9,1,0,0,1,0,0,0,0,402222.386305907974020,5742294.773103919811547,7.581276662000050,51.822919063000001,2,05220223706000496746
05,5,15,000,2022,02,06,5,3,5,2,2,1,1,0,0,0,0,405019.896999977005180,5757700.723999660462141,7.617611551000040,51.961878196000001,0,05220224702100474714
05,5,70,052,2022,03,16,4,3,2,6,0,0,0,0,0,0,1,427913.168784276000224,5760580.921516929753125,7.950136723000070,51.991209611000002,0,05220302711111891695
05,5,62,032,2022,03,06,5,3,2,6,0,0,1,0,0,0,0,379114.467999922984745,5718880.418999579735100,7.254263845000030,51.607968325000101,0,05220310701110580608
05,5,70,028,2022,03,21,6,2,9,1,2,1,0,0,0,0,0,440388.630181700980756,5738976.609418329782784,8.135538282000031,51.798464133000003,0,05220311711411054394
05,5,58,024,2022,02,06,3,3,5,3,2,1,1,0,0,0,0,392765.314240820996929,5736331.072987260296941,7.445953561000070,51.767582640000100,0,05220215706300955915
05,5,62,004,2022,02,11,3,3,0,7,0,0,0,0,0,0,1,382769.145551223016810,5714082.015366629697382,7.308619273000030,51.565614650999997,0,05220222701800477639
05,5,62,012,2022,02,18,4,3,6,2,2,0,1,1,0,0,0,359403.121999836992472,5725441.412999420426786,6.967151828000060,51.662348094000002,1,05220216701610391630
05,5,54,052,2022,03,19,6,3,7,7,2,0,1,0,0,0,0,377415.943701294017956,5774200.200202910229564,7.210124253000060,52.104750943000099,0,05220304705000081000
05,5,15,000,2022,03,14,3,3,0,3,0,1,1,0,0,0,0,407171.655999979993794,5757931.797999659553170,7.648857361000070,51.964318646000002,0,05220308702100372452
05,5,70,008,2022,03,11,5,2,7,1,0,1,0,0,0,0,0,433949.865552377013955,5734956.975577149540186,8.042944032000040,51.761604024000100,0,05220303711313535328
05,5,54,028,2022,02,20,6,2,4,2,2,0,1,0,0,0,0,360883.952136320003774,5741625.822287639603019,6.982079099000030,51.808146504000000,1,05220225705000078089
05,5,58,040,2022,02,14,5,3,5,3,0,0,1,0,0,0,0,372669.550999901024625,5760509.877999559976161,7.145958836000030,51.980655226000103,0,05220224706000187452
05,5,13,000,2022,02,05,3,3,0,1,2,1,0,0,0,0,0,363709.218999859993346,5712107.256999470293522,7.034554180000040,51.543584715000101,0,05220222700000589562
05,5,54,008,2022,03,10,6,3,4,2,0,1,1,0,0,0,0,329872.134422312024981,5744791.441854570060968,6.531097863000070,51.828007779000103,0,05220304705000380993
05,5,58,016,2022,02,16,6,3,8,7,0,0,1,0,0,0,0,383948.527384612010792,5741450.654742320068181,7.316525180000040,51.811836249000102,1,05220218706100881081
05,5,54,044,2022,03,14,6,3,2,6,0,0,1,0,0,0,0,365412.715022191987373,5744032.507741129957139,7.046793074000050,51.830881581000000,0,05220318705000091746
05,5,70,024,2022,03,07,2,3,0,3,0,1,1,0,0,0,0,420556.167034997022711,5753307.738810730166733,7.844694768000070,51.924825937000001,1,05220314711161668129
05,5,54,008,2022,03,16,4,3,1,6,0,0,1,0,0,0,0,334587.900999649020378,5745663.678998780436814,6.599050613000030,51.837259419000098,0,05220323705000687244
05,5,12,000,2022,03,08,2,2,6,4,0,0,1,1,0,0,0,356624.053605225984938,5709649.433670889586210,6.933449629000050,51.519743741000099,1,05220314701400775421
05,5,62,024,2022,03,15,6,3,5,3,0,1,1,0,0,0,0,365193.884968265017960,5721291.596824119798839,7.052424444000050,51.626475509999999,0,05220325701500095146
05,5,12,000,2022,03,21,5,2,5,2,2,0,1,0,1,0,0,356702.346999819972552,5707293.510999389924109,6.935534738000060,51.498593597000102,0,05220317701400377665
05,5,13,000,2022,03,12,7,3,6,2,0,0,1,1,0,0,0,368764.153999883972574,5716205.039999520406127,7.105877733000060,51.581608443000100,0,05220319700000239232
05,5,62,024,2022,03,10,4,3,3,6,0,0,1,0,0,0,0,372573.171820894000120,5726349.540729129686952,7.157130827000060,51.673649982000001,0,05220316702340505117
05,5,62,004,2022,03,09,4,3,2,6,0,0,1,0,1,0,0,384052.068999938026536,5711738.465999599546194,7.327893184000060,51.544816528000098,0,05220323701800085634
05,5,70,004,2022,03,10,7,3,5,2,0,1,1,0,0,0,0,423878.267999992996920,5734731.403999649919569,7.897084829000050,51.758297631000097,0,05220312711213091757
05,5,66,084,2022,03,16,3,3,4,2,0,0,1,0,0,0,0,389826.779999952996150,5775787.854999640025198,7.390742013000020,52.121630798000098,0,05220315709300287311
05,5,70,004,2022,03,19,7,3,5,2,1,0,1,0,0,0,0,422956.455999991972931,5736142.049999659880996,7.883418730000070,51.770852732000002,0,05220319711211991831
05,5,66,076,2022,03,14,6,2,9,1,0,0,1,0,0,0,0,396625.686539811023977,5796259.125868620350957,7.483759476000050,52.306929371000102,0,05220325702350305178
05,5,54,028,2022,03,18,3,3,5,3,0,0,1,0,0,0,1,358823.174999835027847,5741096.085999409668148,6.952423101000020,51.802869976000103,0,05220322705000721129
05,5,66,012,2022,03,18,6,3,0,1,0,0,0,0,1,0,0,406975.355688972980715,5771415.635756360366940,7.642335520000070,52.085483969000101,0,05220318709000279197
05,5,13,000,2022,03,20,6,2,5,3,2,1,1,0,0,0,0,366998.091608777001966,5714749.558528640307486,7.080954597000070,51.568114673000103,0,05220325700000685656
05,5,70,008,2022,03,11,3,3,6,2,0,0,1,1,0,0,0,433853.387585291988216,5734564.622673160396516,8.041620978000029,51.758065356000003,0,05220322711311035328
05,5,66,056,2022,03,14,6,3,5,3,0,1,1,0,0,0,0,416269.379882376990281,5797415.645161969587207,7.771514875000040,52.320671333000099,0,05220318709700242796
05,5,62,032,2022,03,16,5,2,6,4,0,0,1,1,0,0,0,374254.372999907005578,5715080.137999559752643,7.185476895000020,51.572750544000002,0,05220324701120547459
05,5,66,092,2022,03,08,2,2,4,6,0,0,1,0,0,1,0,422464.587207484000828,5793271.475499919615686,7.863344337000060,52.284330688000097,0,05220321709700172366
05,5,62,028,2022,03,12,1,2,5,2,0,0,1,0,0,0,1,380225.037999927997589,5724930.242999590002000,7.268223817000030,51.662577930000097,0,05220320701920549577
05,5,66,028,2022,03,16,3,3,2,6,0,0,1,0,0,0,0,409658.139999980980065,5786181.399999669753015,7.677551200000040,52.218647979000103,0,05220322709700469049
05,5,70,028,2022,03,07,6,3,5,7,0,1,1,0,0,0,0,440526.105931754980702,5740758.310920390300453,8.137225894000039,51.814496688000098,0,05220318711411387326
05,5,66,012,2022,03,22,1,3,9,6,2,1,0,0,0,0,0,404923.370999977982137,5769503.735999659635127,7.612929672000060,52.067950767000099,1,05220320709110079238
05,5,70,052,2022,03,15,3,2,5,3,0,0,1,0,0,0,0,432397.433180704014376,5756027.748223160393536,8.016330920000030,51.950842020000003,0,05220315711113976143
05,5,13,000,2022,03,20,6,3,2,6,2,0,1,0,0,0,0,366923.246554862998892,5708129.661608939990401,7.082377953000050,51.508606506000000,0,05220325700000974766
05,5,70,020,2022,03,18,5,3,6,4,0,0,1,1,0,0,0,433405.539999996020924,5748232.781999659724534,8.032504785000070,51.880888435000003,0,05220317711422360974
05,5,54,056,2022,03,01,5,3,9,1,2,0,1,0,0,0,0,357060.300999827974010,5765461.833999389782548,6.916762752000070,52.021352630000102,0,05220324705000925217
05,5,62,028,2022,03,07,7,3,0,1,0,0,0,0,0,0,1,380243.208969012019224,5723292.246971189975739,7.269047460000020,51.647860510000001,0,05220319701920048826
05,5,13,000,2022,03,14,1,3,5,3,0,1,1,0,0,0,0,363952.208999860973563,5712296.006999470293522,7.037983145000060,51.545339522000098,0,05220320700000190696
05,5,12,000,2022,03,16,1,2,3,6,0,0,1,0,1,0,0,356084.916515005985275,5710661.813942779786885,6.925270693000070,51.528703676000099,0,05220313701400549493
05,5,70,008,2022,03,13,6,3,8,7,0,0,1,0,0,0,0,437729.377959176024888,5728449.687977069988847,8.098865293000070,51.703534929000099,0,05220318711312381052
05,5,70,028,2022,03,16,5,3,2,2,0,0,1,0,0,0,0,442111.198999998974614,5748415.199999660253525,8.158935596000051,51.883500254000097,0,05220324711413379822
05,5,66,004,2022,03,15,1,3,5,3,0,1,1,0,0,0,0,395054.728679912979715,5766046.317810259759426,7.470071205000070,52.035094736000097,0,05220313709110156195
05,5,70,036,2022,03,08,1,3,5,3,0,0,1,0,1,0,0,433902.818216432002373,5767552.781650289893150,8.036008724000061,52.054629364999997,0,05220320711121902733
05,5,12,000,2022,03,15,6,3,5,3,0,1,1,0,0,0,0,355949.377999813994393,5711130.770999370142817,6.923126286000070,51.532883056000102,0,05220325701400270116
05,5,62,036,2022,03,15,5,2,0,1,0,0,1,0,1,0,0,388625.672999949019868,5716461.026999619789422,7.392324805000040,51.588184501000100,0,05220324701930348505
05,5,15,000,2022,03,15,7,3,0,2,0,1,1,0,0,0,0,405603.839978898991831,5754289.029650590382516,7.627044746000020,51.931311786999999,0,05220312702100270586
05,5,12,000,2022,03,09,3,3,0,1,0,1,0,0,0,0,0,356522.895049049984664,5709509.714776259846985,6.932049484000060,51.518462565000000,0,05220322701400681320
05,5,54,012,2022,03,06,2,3,0,3,1,1,0,0,1,0,0,350613.248999784002081,5745468.533999269828200,6.831552651000040,51.840022614000098,0,05220321705000996524
05,5,62,004,2022,03,21,4,3,2,6,2,0,1,0,0,0,0,383288.767699256015476,5716616.026590590365231,7.315270703000070,51.588497420000103,0,05220323701800385088
05,5,13,000,2022,03,13,3,3,5,3,0,0,1,0,0,0,1,367991.217999880027492,5712780.932999510318041,7.096014731000030,51.550656671000098,0,05220315700000720067
05,5,66,088,2022,03,16,3,3,2,6,0,0,1,0,0,0,0,418809.482999989995733,5785910.517999679781497,7.811543064000030,52.217637910000100,0,05220322709800202638
05,5,62,004,2022,03,08,7,2,4,6,0,1,0,0,0,0,0,382541.682294956990518,5714977.530081219971180,7.305039667000070,51.573615921000098,0,05220319701800077639
05,5,13,000,2022,03,13,6,3,3,6,0,0,1,0,0,0,0,363815.043271310976706,5719531.264242430217564,7.033200751000040,51.610324724000101,0,05220325702340670441
05,5,15,000,2022,03,15,6,2,5,3,0,1,1,0,0,0,0,409503.958323670027312,5753919.006020910106599,7.683851239000030,51.928633568000102,0,05220318702100176118
05,5,54,016,2022,03,08,5,2,5,3,0,1,1,0,0,0,0,363547.964277608029079,5757320.468037360347807,7.014491286000070,51.949831336000003,0,05220324705000791694
05,5,62,020,2022,03,17,4,3,0,7,0,0,0,0,0,0,1,371185.091999895987101,5717595.536999540403485,7.140288743000040,51.594663161000000,0,05220316701200977692
05,5,15,000,2022,03,15,4,3,3,6,0,1,0,0,0,0,0,405154.540863167028874,5756960.345363649539649,7.619775026000070,51.955246355000000,0,05220323702100291756
05,5,15,000,2022,03,18,2,3,8,1,2,0,1,0,0,0,0,405628.859490032016765,5761312.895003199577332,7.625478486000080,51.994449549000102,0,05220314702100691794
05,5,12,000,2022,03,08,6,3,5,3,0,1,1,0,0,0,0,356067.033968446019571,5710698.071857480332255,6.924998257000030,51.529024924000097,0,05220325701400889553
05,5,54,068,2022,03,05,5,3,5,2,2,0,1,0,1,0,0,350875.453336501028389,5766042.191352530382574,6.826439137000020,52.024939055000097,1,05220317705000391867
05,5,54,008,2022,03,18,3,3,0,3,0,1,1,0,0,0,0,332117.180999622971285,5742779.213998669758439,6.564621401000070,51.810610827000097,0,05220322705000491776
05,5,62,020,2022,03,07,6,2,5,3,0,1,1,0,0,0,0,371750.634999895002693,5713079.296999540179968,7.150097794000030,51.554205117999999,0,05220318701200670161
05,5,62,032,2022,03,14,5,2,5,2,0,1,1,0,0,0,0,376118.002999913005624,5715000.594999560154974,7.212383134000050,51.572448264000101,0,05220324701120195187
05,5,62,032,2022,03,13,2,2,2,6,0,0,1,0,0,1,0,374296.411365254025441,5718298.068280439823866,7.184930802000050,51.601679717000103,0,05220321701110289689
05,5,62,020,2022,03,14,4,3,5,3,0,0,1,0,1,0,0,368976.437999885994941,5718498.015999520197511,7.108083700000070,51.602264080000097,0,05220323701200391012
05,5,62,024,2022,03,16,3,3,3,6,0,0,1,0,0,0,0,370097.830851221980993,5725277.200183579698205,7.121751255000050,51.663446303999997,0,05220315701500485464
05,5,70,052,2022,03,13,6,3,0,7,0,0,1,0,0,0,0,429741.819217693991959,5756485.186698930338025,7.977602700000030,51.954625081000103,0,05220325711111079116
05,5,15,000,2022,03,11,6,3,5,3,0,1,1,0,0,0,0,407974.461496074975003,5759755.639957220293581,7.660049969000060,51.980845797000001,0,05220318702100069101
05,5,66,012,2022,03,15,5,2,2,2,0,0,1,0,1,0,0,405472.059779696981423,5776199.392844810150564,7.619074472000020,52.128226570999999,0,05220324709110072380
05,5,58,032,2022,03,21,4,3,8,1,1,0,1,0,0,0,0,387866.327540955971926,5750093.467903790064156,7.370529102000030,51.890313669000101,0,05220316702330181141
05,5,70,020,2022,03,18,4,2,1,5,1,1,0,0,0,0,1,434304.453311481978744,5751642.578912969678640,8.044912615000040,51.911648700999997,0,05220323711422002810
05,5,62,004,2022,03,11,3,3,0,7,0,0,1,0,0,1,0,382538.281999933999032,5714992.241999589838088,7.304985703000060,51.573747438000098,0,05220322701800468379
05,5,62,012,2022,03,16,7,3,5,2,0,0,1,0,1,0,0,361917.269999851007015,5726911.489999449811876,7.002898104000050,51.676181568000104,0,05220312701610369387
05,5,66,012,2022,03,14,2,3,1,7,0,0,0,0,0,1,1,403485.853232115972787,5772352.255280059762299,7.591158566000050,52.093304961000101,0,05220314709000076730
05,5,70,016,2022,03,13,7,3,6,7,0,0,1,1,0,0,0,413657.884999987029005,5740168.251999660395086,7.747686674000020,51.805687802000101,0,05220319711221091757
05,5,54,068,2022,03,22,3,2,8,1,2,0,1,0,0,0,0,354239.122741921979468,5766476.514963380061090,6.875244325000040,52.029735309000003,0,05220322705000091758
05,5,54,032,2022,03,13,5,2,7,1,0,0,0,0,1,0,0,325931.320085868006572,5743479.094845569692552,6.474627493000070,51.815005821000099,0,05220324705000891247
05,5,54,008,2022,03,23,7,2,6,4,2,0,1,1,0,0,0,334306.060999646026175,5747225.251998759806156,6.594215502000050,51.851203908000102,0,05220319705000472410
05,5,66,028,2022,03,05,7,3,9,1,2,0,1,0,0,0,1,417424.739999989978969,5792080.081999680027366,7.789770169000060,52.272887693000001,0,05220312709700576667
05,5,66,048,2022,03,11,1,2,0,1,0,1,0,0,0,0,0,427024.617146596021485,5799666.545034799724817,7.928793546000070,52.342439798999997,0,05220320709700570493
05,5,62,008,2022,03,03,7,2,9,1,2,0,1,0,0,0,0,383436.844373199972324,5728501.864032129757106,7.313447649000070,51.695353453999999,0,05220319701910089503
05,5,62,032,2022,03,18,5,3,5,3,0,0,1,0,0,0,0,374122.409999904979486,5717778.837999549694359,7.182606039000060,51.596974506000002,0,05220317701110367069
05,5,13,000,2022,03,14,5,3,5,3,0,0,1,0,0,0,0,363709.218999859993346,5712107.256999470293522,7.034554180000040,51.543584715000101,0,05220324700000685394
05,5,66,012,2022,03,16,1,2,2,6,0,0,1,0,0,0,0,405853.941926657978911,5769330.809817150235176,7.626549197000030,52.066555420000000,0,05220313702350287689
05,5,66,012,2022,03,05,3,3,5,3,2,1,1,0,0,0,0,403545.912549822009169,5772794.115449819713831,7.591909924000050,52.097286914000101,0,05220315709110552454
05,5,70,040,2022,03,14,7,2,9,1,0,0,1,0,0,0,0,413328.166829312976915,5746464.648912820033729,7.741328498000030,51.862235378000001,0,05220319711231091792
05,5,13,000,2022,03,10,6,3,4,2,0,0,1,0,0,0,0,368784.823999885004014,5708977.849999519996345,7.108871560000070,51.516664358000099,0,05220318700000889555
05,5,15,000,2022,03,23,5,2,0,1,2,0,0,0,0,0,1,405837.259999978006817,5756863.343999659642577,7.629733700000030,51.954490484000097,0,05220324702100056496
05,5,66,076,2022,03,05,2,2,0,1,1,1,0,0,0,0,0,393166.064247691014316,5793399.214180760085583,7.433942735000070,52.280564792000099,0,05220321709500079091
05,5,12,000,2022,03,08,5,2,9,7,0,0,1,0,0,0,0,357190.763999824004713,5707576.573999390006065,6.942451812000060,51.501260780999999,1,05220317701400345421
05,5,66,072,2022,03,14,7,3,2,6,0,0,1,0,0,0,0,407401.933369043981656,5799973.318824619986117,7.640746020000050,52.342235173000098,0,05220312709700072366
05,5,70,052,2022,03,16,2,3,5,3,0,1,1,0,0,0,0,427913.122999994026031,5760569.163999670185149,7.950138528000020,51.991103911000003,0,05220314711111523067
05,5,58,012,2022,03,13,4,3,5,2,0,0,1,0,1,0,0,374510.055915559991263,5756177.039483149535954,7.174326322000070,51.942137143000103,0,05220323706000476761
05,5,13,000,2022,03,08,3,3,5,3,0,1,1,0,0,0,0,366873.474999875004869,5717012.507999500259757,7.078299838000020,51.588421368000098,0,05220315700000075474
05,5,54,020,2022,03,19,1,2,8,1,2,0,1,0,0,0,0,366212.562230797018856,5783829.776302759535611,7.042848828000050,52.188681433000099,0,05220320705000076687
05,5,62,012,2022,03,12,5,3,5,3,0,0,1,0,0,0,1,360693.801999846007675,5727164.620999439619482,6.985113744000050,51.678154087999999,0,05220324701610516847
05,5,66,084,2022,03,14,4,2,8,7,0,0,1,0,0,0,0,387591.074169762025122,5779131.049841069616377,7.356994970000070,52.151226186000002,0,05220316709300887311
05,5,15,000,2022,03,22,3,3,6,2,2,0,0,1,0,0,1,403067.412999974971171,5760216.256999660283327,7.588492931000080,51.984151507000000,0,05220315702100387860
05,5,62,012,2022,03,15,7,3,2,6,0,0,1,0,0,0,0,359567.110999837983400,5725210.768999420106411,6.969613959000070,51.660316569000003,0,05220312701610647175
05,5,13,000,2022,03,15,3,3,5,3,0,0,1,0,0,0,0,366259.131999871984590,5707984.238999499939382,7.072869094000050,51.507142857000098,0,05220315700000457809
05,5,66,028,2022,03,16,6,3,0,1,0,1,0,0,0,0,0,412113.014364260016009,5794327.207286340184510,7.711355901000050,52.292262010999998,0,05220325709700538412
05,5,15,000,2022,03,20,1,3,1,1,2,0,1,0,0,0,1,405476.044132831972092,5755001.850315240211785,7.624990718000050,51.937697264000100,0,05220320702100576118
05,5,58,028,2022,03,20,4,3,9,1,2,0,1,0,0,0,0,400626.798670956981368,5733925.400425409898162,7.560529792000070,51.747409927000000,0,05220316706300876763
05,5,66,012,2022,03,18,7,2,0,7,2,0,1,0,0,0,0,406025.653495885024313,5769635.894394620321691,7.628969445000050,52.069326765000000,0,05220312702350605058
05,5,54,020,2022,03,15,6,3,5,3,0,0,1,0,0,0,0,363450.508999861020129,5785141.338999480009079,7.001941106000060,52.199789148999997,0,05220325705000020922
05,5,58,044,2022,03,11,5,3,5,3,0,1,1,0,0,0,0,396398.725862430001143,5746139.160235559567809,7.495656256000070,51.856423375000098,1,05220317706000874760
05,5,58,036,2022,03,16,3,3,5,1,0,1,1,0,0,0,0,387667.595999948971439,5729901.725999619811773,7.374184357000050,51.708797772000104,0,05220322706000249772
05,5,66,084,2022,03,15,6,2,0,1,0,0,0,0,1,0,0,392872.332719733996782,5776527.362314400263131,7.434976154000030,52.128875632000103,0,05220318709110579197
05,5,15,000,2022,03,14,5,3,1,6,0,0,1,0,0,0,0,404435.892052082985174,5761261.585546850226820,7.608122653000070,51.993784351000002,0,05220324702100974714
05,5,66,028,2022,03,11,1,3,4,2,0,0,1,0,0,0,0,411652.711074019025546,5792372.737595249898732,7.705120834000070,52.274620975000097,0,05220313709700011895
05,5,66,028,2022,03,05,1,3,0,7,2,1,0,0,0,0,0,413706.396232253988273,5794273.866899879649282,7.734726311000030,52.292035140000102,0,05220320709700981515
05,5,62,014,2022,03,07,5,3,5,3,1,1,1,0,0,0,0,361538.610999847995117,5713160.716999449767172,7.002857601000070,51.552522955000001,1,05220317701300747764