ULAND,UREGBEZ,UKREIS,UGEMEINDE,UJAHR,UMONAT,USTUNDE,UWOCHENTAG,UKATEGORIE,UART,UTYP1,ULICHTVERH,IstRad,IstPKW,IstFuss,IstKrad,IstGkfz,IstSonstige,LINREFX,LINREFY,XGCSWGS84,YGCSWGS84,STRZUSTAND,UIDENTSTLAE
05,5,70,044,2022,03,22,6,3,5,3,2,0,1,0,0,0,0,416031.634223238972481,5759554.412296700291336,7.777386489000040,51.980313139000003,0,05220318711141587260
05,5,66,092,2022,03,07,5,3,0,3,0,1,1,0,0,0,0,423264.562022242986131,5796506.030796989798546,7.874332326000060,52.313517623999999,0,05220324709700187281
05,5,54,020,2022,03,14,7,3,5,3,0,1,1,0,0,0,0,365182.082161572994664,5785069.826890960335732,7.027290415000040,52.199572760000102,0,05220312705000018559
05,5,15,000,2022,03,20,1,3,2,6,2,0,1,0,0,0,0,404012.989237249013968,5758488.264981419779360,7.602741052000060,51.968783952000102,1,05220320702100074724
05,5,70,004,2022,03,16,3,3,3,2,0,1,1,0,0,0,0,424393.269999991985969,5735032.679999659769237,7.904479583000070,51.761075773000101,0,05220315711213289244
05,5,62,032,2022,03,11,6,3,5,3,0,1,1,0,0,0,0,377949.223999919020571,5718521.961999570019543,7.237569592000060,51.604495387999997,0,05220325701110678327
05,5,12,000,2022,03,12,6,3,2,6,0,0,1,0,0,1,0,354214.063689831993543,5712258.738362520001829,6.897657999000050,51.542573126000001,0,05220318702340705235
05,5,58,032,2022,03,17,5,3,0,6,0,1,1,0,0,0,0,389293.990363490011077,5755575.573383809998631,7.389504097000040,51.939869672000000,0,05220324706100987304
05,5,15,000,2022,03,09,7,3,3,6,0,1,1,0,0,0,0,404966.366464447986800,5756849.654332179576159,7.617068122000030,51.954219293000101,0,05220319702100010903
05,5,54,068,2022,03,03,1,2,8,1,2,0,1,0,0,0,0,348968.820737897010986,5770095.177624040283263,6.796880662000040,52.060836307999999,0,05220313705000989749
05,5,15,000,2022,03,17,3,3,1,6,0,0,1,0,0,0,0,398717.892999968025833,5753691.612999649718404,7.527101705000060,51.924731723000001,0,05220315702100568281
05,5,15,000,2022,03,10,6,3,5,3,0,1,1,0,0,0,0,398684.029800280986819,5753524.513225619681180,7.526658608000050,51.923223651000100,0,05220325702100276692
05,5,15,000,2022,03,19,2,3,5,2,2,0,1,0,0,0,0,399886.026421450020280,5761034.533344419673085,7.541943493000080,51.990942016000098,0,05220321702100779614
05,5,62,032,2022,03,07,5,2,4,7,0,0,1,0,0,0,0,377735.079999918001704,5716767.199999569915235,7.235090450000030,51.588678348000002,1,05220317701120068293
05,5,58,016,2022,03,18,4,3,2,6,1,0,1,0,0,0,0,379385.422818096005358,5746171.932421980425715,7.248718718000020,51.853300484000002,0,05220316706000686167
05,5,66,040,2022,03,13,6,2,4,2,0,0,1,0,1,0,0,417599.423999988008291,5785150.229999680072069,7.794019699000050,52.210624291999999,0,05220325709800287328
05,5,54,008,2022,03,16,5,3,2,6,0,0,1,0,0,1,0,335631.816575411008671,5746072.510544880293310,6.613994540000020,51.841240303000099,0,05220317705000681024
05,5,15,000,2022,03,12,3,3,2,6,0,0,1,0,0,0,0,406915.035000053001568,5761083.179999680258334,7.644268375000020,51.992601850000000,0,05220322702100350183
05,5,66,072,2022,03,09,5,3,0,6,0,1,1,0,0,0,0,413737.311647847003769,5800222.777670229785144,7.733653895000030,52.345510438000098,0,05220324709700570260
05,5,66,084,2022,03,07,2,3,5,3,0,1,1,0,0,0,0,385557.117999942973256,5777983.075999629683793,7.327666229000040,52.140491699999998,0,05220321709300381036
05,5,62,004,2022,03,11,1,3,0,1,0,0,1,0,1,0,0,382640.059999933000654,5712000.736999589949846,7.307452360000070,51.546881869000103,0,05220320701800077639
05,5,62,024,2022,03,20,6,3,0,7,2,0,0,0,1,0,0,373288.339055226009805,5724136.300686390139163,7.168270477000020,51.653921644000000,0,05220318702340149700
05,5,58,016,2022,03,06,5,3,5,3,0,1,0,0,1,0,0,381937.416999931971077,5747027.884999600239098,7.285462235000070,51.861538702000097,0,05220324706000905114
05,5,70,024,2022,03,13,4,2,5,3,0,0,1,0,0,1,0,418753.914090835023671,5753807.730951130390167,7.818373575000070,51.929060336000099,0,05220316711161579136
05,5,70,012,2022,03,17,4,3,4,2,0,0,1,0,0,0,0,439278.244999998016283,5751588.256999660283327,8.117221942000070,51.911724833000100,0,05220323711131091269
05,5,54,064,2022,03,08,2,2,8,1,0,0,1,0,0,0,0,359488.628777524980251,5754201.690325450152159,6.956737891000050,51.920797514000100,1,05220314705000038824
05,5,62,012,2022,03,14,6,3,5,3,0,1,1,0,0,0,0,362050.358999854011927,5736292.516999459825456,7.001107003000070,51.760511474000097,0,05220325701610817110
05,5,58,012,2022,03,13,5,3,5,2,0,1,0,0,0,0,1,373798.231999906012788,5757609.734999570064247,7.163450181000030,51.954850940000000,0,05220317706200979210
05,5,70,028,2022,03,18,3,2,1,6,0,0,1,0,1,0,0,443976.163623675995041,5739531.956995420157909,8.187467771000060,51.803827837000000,0,05220322711411276177
05,5,66,028,2022,03,10,6,3,5,3,0,0,1,0,0,0,0,412389.955149931018241,5791389.281261810101569,7.716178859000020,52.265899368000099,0,05220318709700647179
05,5,66,052,2022,03,08,5,3,5,3,0,0,1,0,0,0,0,378137.677949055971112,5778655.877008180133998,7.219061001000060,52.144951012000000,0,05220324709300887285
05,5,70,004,2022,03,14,2,3,1,7,0,0,1,0,0,0,0,423806.691033929993864,5736215.533275349996984,7.895722462000040,51.771629697999998,0,05220321711212996498
05,5,15,000,2022,03,14,4,3,5,3,0,1,1,0,0,0,0,403998.657936275005341,5761396.214747220277786,7.601718745000030,51.994919025000101,0,05220316702100079199
05,5,58,024,2022,03,11,7,3,4,2,0,1,1,0,0,0,0,392549.904731112008449,5736050.608422569930553,7.442919837000030,51.765020525000097,0,05220312706000696746
05,5,15,000,2022,03,13,4,3,6,6,0,1,0,1,0,0,0,404664.270058010006323,5759674.179558149538934,7.611889150000020,51.979555464000001,0,05220316702000142494
05,5,66,028,2022,03,09,7,2,1,7,0,0,1,0,0,0,0,412330.147536773001775,5791600.155448299832642,7.715247895000060,52.267785235000098,0,05220312709700276667
05,5,66,044,2022,03,12,2,3,6,4,0,0,1,1,0,0,0,429579.416001635021530,5777842.818999649956822,7.970837924000020,52.146597593000102,0,05220314709800411994
05,5,66,024,2022,03,14,3,3,5,3,0,0,1,0,0,0,0,384469.394106474996079,5772149.020167450420558,7.313758777000030,52.087835332000097,0,05220315709300574741
05,5,70,028,2022,03,19,6,3,0,1,2,1,0,0,0,0,0,442925.426200530026108,5738637.090733420103788,8.172377598000031,51.795676420000099,0,05220325711411081007
05,5,62,032,2022,03,17,5,3,5,3,1,1,1,0,0,0,0,375864.510999912978150,5719489.575999570079148,7.207139160000050,51.612735800000102,0,05220324701110578018
05,5,66,084,2022,03,14,2,2,3,6,0,0,1,0,0,1,0,384202.732418020023033,5780510.928299999795854,7.307022411000050,52.162926775000102,0,05220321709300274736
05,5,62,032,2022,03,18,4,2,6,4,2,0,0,1,1,0,0,376104.573682808026206,5714902.776097220368683,7.212223946000050,51.571566191999999,0,05220316701120073591
05,5,54,004,2022,03,09,7,2,4,2,0,0,1,0,0,0,0,366055.161170582985505,5772577.571958259679377,7.044980898000060,52.087536586000098,0,05220312705000090507
05,5,15,000,2022,03,18,3,3,2,6,0,0,1,0,1,0,0,403887.837884760985617,5754772.037798680365086,7.601959183000080,51.935359570000102,0,05220322702100248319
05,5,54,024,2022,03,03,1,3,4,6,2,1,0,0,0,0,0,365978.247242901998106,5773926.767679559998214,7.043328505000030,52.099641260000098,0,05220320705000489359
05,5,58,036,2022,03,05,3,3,5,3,2,1,1,0,0,0,0,387764.137999947997741,5729451.632999620400369,7.375725946000050,51.704771751000102,0,05220315706000868251
05,5,54,032,2022,03,23,6,3,9,1,2,0,1,0,0,0,0,328053.887999580998439,5746277.303998449817300,6.504000016000020,51.840798205000098,0,05220318705000485882
05,5,54,056,2022,03,07,5,2,0,3,0,0,1,0,1,0,0,358839.509999835980125,5761420.250999419949949,6.944340153000040,51.985493890000001,0,05220324705000386784
05,5,66,076,2022,03,08,2,3,4,6,0,1,0,0,0,0,0,394382.459498072974384,5793699.941379499621689,7.451672310000050,52.283502571000000,1,05220314709500511931
05,5,13,000,2022,03,20,3,3,0,7,2,0,0,1,0,0,1,368293.506127571978141,5708836.195646319538355,7.101847584000040,51.515277009000002,0,05220315700000841236
05,5,58,016,2022,03,08,6,3,5,3,0,1,1,0,0,0,0,382102.957999932987150,5744734.536999610252678,7.288647260000060,51.840962993000097,0,05220325706100065766
05,5,62,016,2022,03,11,5,3,4,2,0,0,1,0,0,0,0,376067.199293655983638,5735271.516224919818342,7.204461692000050,51.754613376000101,0,05220317701700538984
05,5,58,016,2022,03,07,6,3,5,3,0,1,1,0,0,0,1,382401.749037039000541,5742433.251578530296683,7.293764263000070,51.820343825000101,0,05220318706100896608
05,5,66,060,2022,03,00,1,2,5,3,2,0,1,0,0,0,0,391276.038616796024144,5789421.022179840132594,7.407530308000050,52.244441884000103,0,05220320709500691846
05,5,13,000,2022,03,16,1,3,3,6,0,0,1,0,0,0,0,365304.421768946980592,5715182.801669970154762,7.056366093000070,51.571605960000099,0,05220313700000591806
05,5,70,048,2022,03,13,7,2,5,2,0,0,1,0,1,0,0,448268.487999999022577,5732239.446999650448561,8.250801150000029,51.738677880000097,0,05220312711322402632
05,5,58,016,2022,03,15,2,2,0,5,0,1,1,0,0,0,0,387726.425042519986164,5747329.334234139882028,7.369396144000060,51.865442857000097,0,05220321706100885357
05,5,58,032,2022,03,06,6,3,3,6,0,0,1,0,1,0,0,381397.694988059985917,5755003.628054919652641,7.274884321000060,51.933102595000001,0,05220325706000176773
05,5,54,016,2022,03,08,6,3,8,1,0,0,1,0,0,0,0,367655.617474413011223,5755728.832307009957731,7.074837164000030,51.936521440000000,0,05220318705000389749
05,5,62,024,2022,03,10,5,3,5,3,0,0,1,0,0,0,0,370405.259999890986364,5725506.701999530196190,7.126108683000040,51.665579740000098,0,05220324701500795161
05,5,70,004,2022,03,19,2,3,8,7,2,0,1,0,0,0,0,426235.020572650013492,5738305.827794830314815,7.930465508000050,51.790746157000100,0,05220314711212189299
05,5,66,092,2022,03,06,4,3,5,3,2,1,1,0,0,0,0,425430.279945503978524,5796695.233033729717135,7.906053938000070,52.315516769000098,0,05220316709700572667
05,5,54,012,2022,03,07,4,3,4,2,0,0,1,0,0,0,0,350345.129623481014278,5744133.255734859965742,6.828241188000050,51.827953691000097,0,05220323705000696524
05,5,15,000,2022,03,21,4,3,1,5,2,1,1,0,0,0,0,404687.914913473010529,5758301.695315940305591,7.612614445000080,51.967223138000101,0,05220323702100064121
05,5,13,000,2022,03,12,3,3,2,6,0,0,1,0,0,0,0,366466.387999875005335,5709554.247999499551952,7.075258980000060,51.521300957999998,0,05220315700000089525
05,5,58,032,2022,03,09,1,3,3,6,0,1,1,0,0,0,0,391549.729999957024120,5750866.612999630160630,7.423789071000040,51.897991305000097,0,05220313706100105114
05,5,13,000,2022,03,18,1,3,5,7,1,0,1,0,0,0,0,367578.857999878004193,5711593.450999509543180,7.090517630000020,51.539888546999997,0,05220320700000891225
05,5,62,032,2022,03,18,7,3,0,7,0,1,0,0,0,0,0,373753.700978786975611,5719182.338182579725981,7.176780344000060,51.609505265999999,0,05220319701110075229
05,5,15,000,2022,03,09,5,3,3,2,0,1,1,0,0,0,0,412339.490168072981760,5752437.117754429578781,7.725456560000050,51.915766876000099,0,05220324702100176642
05,5,66,056,2022,03,11,4,3,3,6,0,1,0,0,0,0,0,416653.215968130971305,5797443.437999100424349,7.777138187000050,52.320979567000101,0,05220316709700591773
05,5,15,000,2022,03,18,3,3,5,2,0,1,1,0,0,0,0,405373.525999978010077,5761218.921999660320580,7.621786638000060,51.993561436000000,0,05220315702100088886
05,5,70,020,2022,03,18,6,3,5,3,1,0,1,0,0,0,0,433873.618983805004973,5752419.640466320328414,8.038500851000039,51.918583359000102,0,05220325711422682073
05,5,15,000,2022,03,13,5,3,2,6,0,0,1,0,1,0,0,405112.170054845977575,5757398.579041689634323,7.619037586000050,51.959178151000103,0,05220317702100172433
05,5,62,032,2022,03,17,3,3,6,7,0,0,1,1,0,0,0,376083.352314534015022,5714744.487962460145354,7.211973715000060,51.570138955000097,0,05220322701120571520
05,5,58,004,2022,03,08,6,3,4,2,0,0,1,0,0,0,1,407653.419908415991813,5732444.336236470378935,7.662676008000060,51.735299089000101,0,05220318706300011018
05,5,15,000,2022,03,16,5,3,5,3,0,0,1,0,0,0,1,405265.098107481026091,5761184.415573390200734,7.620217440000030,51.993232794000100,0,05220324702100056376
05,5,62,004,2022,03,05,4,3,5,2,2,0,1,0,0,0,0,383129.555942652979866,5713263.487855940125883,7.314088903000030,51.558332753000101,0,05220323701800070167
05,5,13,000,2022,03,13,7,3,2,6,0,0,1,0,0,0,0,368614.280999884009361,5712676.013999519869685,7.105035160000060,51.549859224000002,0,05220319700000115749
05,5,62,004,2022,03,20,3,3,5,2,2,1,1,0,0,0,0,382994.538999933982268,5717156.536999600008130,7.310845278000040,51.593294331000003,0,05220315701800051401
05,5,12,000,2022,03,09,3,3,5,2,0,1,1,0,0,0,0,356354.780344487982802,5710219.974434399977326,6.929338582000070,51.524802104000102,0,05220322701400275295
05,5,62,004,2022,03,17,2,3,0,7,0,0,0,0,0,0,1,382984.325968810007907,5712611.912977109663188,7.312211686000070,51.552446459000102,0,05220321701800955645
05,5,15,000,2022,03,15,5,3,0,3,0,1,1,0,0,0,0,403937.609202880994417,5754810.209494819864631,7.602672261000070,51.935711266000098,0,05220324702100991783
05,5,15,000,2022,03,09,7,3,5,2,0,1,1,0,0,0,0,404651.017467550002038,5760119.002382819540799,7.611572620000060,51.983551411000100,0,05220312702100074714
05,5,54,068,2022,03,07,2,3,5,2,0,1,1,0,0,0,0,353120.518999802006874,5768419.209999320097268,6.858116306000060,52.046894598999998,1,05220314705000764548
05,5,66,028,2022,03,18,6,3,6,4,2,0,0,1,1,0,0,417374.676473067025654,5791043.654785010032356,7.789290444000070,52.263564207000101,0,05220325709700538413
05,5,62,004,2022,03,13,6,3,2,6,0,0,1,0,0,0,0,381724.289281619014218,5712628.331992560066283,7.294040512000040,51.552331277000100,0,05220318701800381153
05,5,12,000,2022,03,09,5,3,0,1,0,0,0,0,1,0,0,358485.551947854983155,5711166.272220360115170,6.959652557000030,51.533843457000003,0,05220324701400085663
05,5,15,000,2022,03,16,2,3,4,2,0,0,1,0,0,0,0,400906.396999971999321,5762025.973999660462141,7.556512405000030,52.000036185000098,0,05220321702100587860
05,5,15,000,2022,03,13,4,3,2,6,0,0,1,0,0,0,0,407357.751999981002882,5755148.188999660313129,7.652315627000060,51.939329104000102,0,05220316702100091749
05,5,54,048,2022,03,15,7,3,0,1,0,0,1,0,0,0,0,340761.318424894008785,5742929.879403119906783,6.689834678000070,51.814493456000001,0,05220312705000691776
05,5,70,020,2022,03,13,3,3,1,6,0,0,1,0,0,1,0,436747.699594344012439,5746515.071553080342710,8.081368037000059,51.865835396000101,0,05220315711422491692
05,5,58,032,2022,03,16,7,3,8,1,0,1,0,0,0,0,0,389678.966197233006824,5755681.793200770393014,7.395068081000030,51.940900786999997,0,05220319706000507182
05,5,62,016,2022,03,07,5,3,6,4,0,1,0,1,0,0,0,375059.744695533998311,5733946.591559809632599,7.190349525000040,51.742482658000000,0,05220324701700186129
05,5,13,000,2022,03,14,7,3,2,6,0,0,1,0,0,0,0,368621.679999883985147,5712454.461999519728124,7.105224551000050,51.547869918000103,0,05220319700000720170
05,5,54,008,2022,03,11,5,3,5,3,0,0,1,0,0,0,0,328022.575999579974450,5748287.918998450040817,6.502545890000020,51.858849202999998,0,05220317705000486931
05,5,70,048,2022,03,19,5,2,4,1,2,0,1,0,1,0,0,445457.463184332009405,5723873.086467360146344,8.211403405000061,51.663193030999999,0,05220324711322068996
05,5,58,004,2022,03,11,4,3,9,1,0,0,1,0,0,0,0,407122.473981568997260,5739820.416362790390849,7.653016994000040,51.801513697000097,0,05220323706000876729
05,5,66,028,2022,03,04,1,3,8,1,2,0,1,0,0,0,0,412036.303118639974855,5798604.006010469980538,7.709113504000070,52.330690453000003,0,05220313709700542796
05,5,54,020,2022,03,07,3,3,5,3,0,1,1,0,0,0,0,367032.436410997004714,5786220.949962619692087,7.053896522000060,52.210365514999999,0,05220315705000596748
05,5,58,032,2022,03,11,6,3,5,2,0,1,1,0,0,0,0,390509.924705936980899,5753604.397471889853477,7.407812731000040,51.922394150999999,0,05220325706000365766
05,5,12,000,2022,03,05,2,3,0,7,2,0,1,0,1,0,0,357148.852821982000023,5713055.231422079727054,6.939626731000030,51.550480722000003,1,05220321701400078460
05,5,13,000,2022,03,19,7,3,2,6,2,0,1,0,0,0,0,368076.441643224970903,5715478.228512319736183,7.096230904000040,51.574916297000101,0,05220319700000163350
05,5,12,000,2022,03,18,5,3,2,6,1,0,1,0,0,0,0,356713.864999820012599,5708284.308999380096793,6.935298088000020,51.507499709000101,0,05220317701400163936
05,5,58,040,2022,03,23,7,2,7,4,2,0,1,1,0,0,0,377551.417063002008945,5764320.904756220057607,7.215643511000050,52.016000724999998,0,05220312706000579112
05,5,13,000,2022,03,17,6,3,5,3,0,0,1,0,0,0,1,368413.577999881992582,5707811.184999509714544,7.103959590000040,51.506093441000097,0,05220325700000675466
05,5,13,000,2022,03,17,2,3,5,3,0,0,1,0,0,0,0,369380.007999886991456,5716270.705999519675970,7.114736712000020,51.582341632000102,0,05220321700000620170
05,5,54,008,2022,03,07,4,3,5,3,0,1,1,0,0,0,0,335201.974999653990380,5742186.566998809576035,6.609610098000080,51.806204670000099,0,05220316705000685682
05,5,62,014,2022,03,05,1,2,9,1,2,0,1,0,0,0,0,361849.212404588004574,5713847.116117279976606,7.007065091000070,51.558767214000099,0,05220327702340579605
05,5,58,036,2022,04,16,6,3,8,1,0,0,1,0,0,0,0,388153.309367640002165,5728613.011971400119364,7.381624583000080,51.697312079000000,1,05220401706300236457
05,5,54,012,2022,03,22,5,3,6,4,2,0,1,1,0,0,0,352983.257999799971003,5747119.954999320209026,6.865226773000070,51.855489502000097,1,05220331705000981928
05,5,62,008,2022,04,07,6,3,8,1,1,0,1,0,0,0,0,387569.451056501013227,5724487.481173230335116,7.374508500000050,51.660115866000098,1,05220401701910789586
05,5,15,000,2022,03,14,3,3,4,3,0,0,1,0,1,0,0,407224.745835705019999,5756892.453660129569471,7.649910580000040,51.954985339000103,0,05220329702100472470
05,5,15,000,2022,03,11,4,3,0,7,0,0,1,0,0,0,1,405544.770999978005420,5756669.024999660439789,7.625532105000050,51.952694258000101,0,05220330702100764311
05,5,66,040,2022,04,16,6,3,2,6,0,0,1,0,0,0,0,418909.356999990006443,5784168.452999680303037,7.813421967000070,52.201993709000099,0,05220408709800587356
05,5,54,016,2022,04,03,1,3,9,1,2,0,1,0,0,0,0,360156.837134831992444,5757413.573788589797914,6.965142457000070,51.949825742000002,0,05220403705000591707
05,5,62,004,2022,03,17,7,3,5,3,0,0,1,0,0,0,1,383785.409999936993700,5713368.735999600030482,7.323510746000070,51.559414211000004,0,05220326701800077639
05,5,66,076,2022,04,16,2,3,5,3,0,1,1,0,0,0,0,393649.391673999023624,5792971.102869540452957,7.441159919000030,52.276810996000101,1,05220404709700691793
05,5,12,000,2022,04,12,6,3,5,2,0,0,1,0,0,0,0,356435.189999818976503,5711050.196999380365014,6.930158484000060,51.532282774000102,0,05220408701400390485
05,5,66,084,2022,04,15,2,3,2,1,0,0,1,0,0,0,1,390073.950073036015965,5773457.600399290211499,7.395103105000030,52.100737408000001,0,05220411709300012392
05,5,62,028,2022,04,05,3,2,5,2,2,0,1,1,0,0,0,381145.807999929005746,5721998.966999590396881,7.282526499000030,51.636428723999998,0,05220412701920738825
05,5,66,040,2022,04,21,6,2,8,1,2,0,1,0,0,0,0,424067.770999991975259,5782771.702999680303037,7.889200835000050,52.190173127999998,0,05220401709800680101
05,5,70,052,2022,04,17,4,3,7,5,0,0,1,0,0,0,0,431188.766853296023328,5755932.859225699678063,7.998765776000030,51.949840774000101,0,05220413711113481616
05,5,62,032,2022,03,21,5,2,6,2,2,0,1,1,0,0,0,375955.566999911970925,5719277.820999570190907,7.208528507000040,51.610852795000000,1,05220331701110489479
05,5,15,000,2022,03,15,3,3,1,3,0,1,0,0,0,0,0,403847.662566912011243,5754781.180479059927166,7.601372428000050,51.935434808000103,0,05220329702100299922
05,5,54,060,2022,04,15,4,2,5,3,0,1,1,0,0,0,0,349753.251766389992554,5755622.052930439822376,6.814657446000070,51.931017232999999,1,05220406705000687336
05,5,66,040,2022,03,15,4,3,5,3,0,0,1,0,0,0,0,417293.767999988980591,5784909.138999680057168,7.789606226000050,52.208411421999998,0,05220330709800479149
05,5,13,000,2022,04,10,3,3,3,6,0,0,0,0,1,0,1,363085.943190711026546,5711884.506023749709129,7.025658323000070,51.541432144000098,1,05220405700000675986
05,5,15,000,2022,03,09,3,3,0,2,0,0,1,0,0,0,1,405004.152999976999126,5758209.062999660149217,7.617241859000050,51.966444657000103,0,05220329702100568125
05,5,15,000,2022,03,05,1,2,8,1,0,1,0,0,0,0,0,398671.044183817983139,5751022.783864559605718,7.527205767000050,51.900735447000002,0,05220327702100499922
05,5,70,036,2022,03,05,2,3,6,2,2,0,1,1,0,0,0,434842.140999996976461,5759272.750999669544399,8.051282153000050,51.980305659000102,0,05220328711121591857
05,5,70,008,2022,04,10,7,3,6,4,0,0,1,1,0,0,0,433872.629305400012527,5734680.785220449790359,8.041877620000040,51.759111937999997,0,05220402711311379597
05,5,62,032,2022,04,13,2,2,8,1,0,0,1,0,0,0,0,374414.224999907019082,5718577.886999559588730,7.186530824000040,51.604220748000003,1,05220404701110977673
05,5,62,012,2022,03,13,5,3,2,6,0,0,1,0,0,0,0,363722.936541340022814,5724529.658602030016482,7.029925754000030,51.655219052000099,1,05220331701610489652
05,5,54,012,2022,03,12,4,3,9,6,0,0,1,0,0,0,0,347834.884543561027385,5752623.901381979696453,6.788101784000050,51.903559616999999,0,05220330705000591746
05,5,62,004,2022,04,16,3,3,2,6,0,0,1,0,0,0,0,383190.265517298015766,5713588.388276689685881,7.314856310000040,51.561265450000100,0,05220412702340568249
05,5,62,032,2022,04,15,6,3,5,3,0,0,1,0,0,0,0,374164.410999907006044,5715853.333999549970031,7.183902429000060,51.579679253000101,1,05220401701120089502
05,5,70,008,2022,04,17,3,3,4,2,0,0,1,0,0,0,0,432605.209999996994156,5739185.036999659612775,8.022642223000050,51.799454015999999,1,05220405711314590829
05,5,66,008,2022,04,17,6,3,0,3,0,1,1,0,0,0,0,399401.699999968986958,5781822.078999670222402,7.528760096000040,52.177690360000000,0,05220408709110779617
05,5,15,000,2022,03,21,7,3,4,6,2,1,0,0,0,0,1,405139.702743333997205,5758233.714596400037408,7.619207489000080,51.966689383000102,0,05220326702100488557
05,5,58,016,2022,04,16,2,3,5,3,0,1,1,0,0,0,0,381481.303886154026259,5743669.956657979637384,7.279992593000030,51.831263847000102,1,05220404706100853317
05,5,58,008,2022,03,14,2,3,5,3,0,1,1,0,0,0,0,382248.030774753016885,5759604.337391160428524,7.285670256000060,51.974629746000097,0,05220328706000879112
05,5,66,028,2022,04,20,6,3,2,6,1,0,1,0,0,0,0,411308.477999984985217,5792452.124999679625034,7.700056042000030,52.275279102000098,1,05220401709700591793
05,5,62,012,2022,04,13,7,3,5,3,0,1,1,0,0,0,0,359308.925999837985728,5725794.448999419808388,6.965648676000060,51.665496833000098,1,05220409701610989672
05,5,66,092,2022,04,16,3,3,8,1,0,0,0,0,0,1,0,420912.314055932976771,5796179.261995810084045,7.839910469000070,52.310246602000099,1,05220405709700476667
05,5,62,004,2022,04,21,2,2,6,2,2,0,1,1,0,0,0,383315.352999934984837,5711366.893999599851668,7.317396985000070,51.541325072000099,1,05220404701800080500
05,5,70,052,2022,03,22,1,3,9,1,2,0,1,0,0,0,0,429755.997365383023862,5756477.941799130290747,7.977810466000050,51.954561743000099,0,05220327711111351245
05,5,66,076,2022,03,15,3,3,1,6,0,0,1,0,0,0,1,393707.743698835023679,5793010.656177420169115,7.442002406000030,52.277177755000103,0,05220329709500302281
05,5,15,000,2022,04,11,2,2,6,4,0,0,1,1,0,0,0,403731.350765732000582,5758052.739642480388284,7.598764743000060,51.964820604000103,1,05220404702100079228
05,5,12,000,2022,03,20,7,2,5,2,2,0,1,0,0,0,0,356407.216461365984287,5710088.687427730299532,6.930147433000060,51.523635716999998,0,05220326701400871188
05,5,66,068,2022,03,08,3,2,5,3,1,0,1,0,0,0,0,380537.748999928997364,5783794.531999610364437,7.252309758000020,52.191653917000103,0,05220329709300872411
05,5,66,040,2022,04,23,1,1,2,6,2,0,1,0,0,1,0,420310.619838319020346,5784907.153294649906456,7.833747787000050,52.208838090000000,0,05220410702350305185
05,5,62,014,2022,03,07,2,3,5,3,0,1,1,0,0,0,0,361883.846999849018175,5712939.304999450221658,7.007920919000070,51.550617920000001,0,05220328701300526177
05,5,62,032,2022,04,09,2,3,5,3,0,1,1,0,0,0,0,379312.637999925005715,5716894.120999580249190,7.257807647000050,51.590159155000002,0,05220411701120081594
05,5,62,008,2022,04,15,5,3,0,1,0,1,0,0,0,0,0,385069.361010927997995,5723432.795222080312669,7.338725738000050,51.650130957000002,1,05220407701910777639
05,5,54,036,2022,03,16,7,2,5,3,0,0,1,0,1,0,0,370871.368004450981971,5765866.741983559913933,7.117772021000060,52.028377564000003,0,05220326705000347518
05,5,70,016,2022,04,17,2,3,2,6,0,0,1,0,0,0,0,416508.156999988015741,5733749.767999649979174,7.790560801000030,51.748423095000099,1,05220404711221702925
05,5,62,012,2022,03,23,1,2,2,6,2,0,1,0,0,1,0,360266.679001530981623,5740134.681926149874926,6.973732372000030,51.794593724999999,0,05220327702340505047
05,5,15,000,2022,03,07,2,3,3,3,0,1,1,0,0,0,0,407028.152999980025925,5760011.474999659694731,7.646205922000040,51.982987815999998,0,05220328702100087860
05,5,54,020,2022,04,00,7,2,9,1,2,0,1,0,0,0,0,366049.544999874022324,5785879.701999509707093,7.039655094000070,52.207061246000102,0,05220402705000081002
05,5,15,000,2022,04,03,3,3,0,7,2,0,1,0,0,0,0,400180.718250682984944,5761012.208223279565573,7.546240379000040,51.990794397999998,0,05220412702100869524
05,5,62,014,2022,04,13,7,3,8,1,0,0,1,0,0,0,0,358982.784172431973275,5713282.224784649908543,6.965968867000070,51.552981805999998,1,05220409702340091864
05,5,15,000,2022,03,00,4,2,0,1,2,1,0,0,0,0,0,407043.895750630006660,5757871.838900930248201,7.647014565000060,51.963758355000003,0,05220330702100676765
05,5,70,028,2022,04,09,3,3,3,2,0,0,1,0,0,0,0,441101.387388134025969,5742725.718339149840176,8.145235666000080,51.832245054000097,0,05220412711413087219
05,5,15,000,2022,04,15,7,3,5,3,0,1,1,0,0,0,0,405544.770999978005420,5756669.024999660439789,7.625532105000050,51.952694258000101,1,05220409702100555909
05,5,58,004,2022,03,15,4,2,0,2,0,0,1,0,0,0,1,411753.223974219989032,5732154.319998590275645,7.722104876000060,51.733352604000103,0,05220330706300036457
05,5,12,000,2022,04,19,5,3,0,6,1,0,1,0,1,0,0,353891.883999802987091,5710083.447999339550734,6.893917870000050,51.522943538000000,1,05220407701400557383