ULAND,UREGBEZ,UKREIS,UGEMEINDE,UJAHR,UMONAT,USTUNDE,UWOCHENTAG,UKATEGORIE,UART,UTYP1,ULICHTVERH,IstRad,IstPKW,IstFuss,IstKrad,IstGkfz,IstSonstige,LINREFX,LINREFY,XGCSWGS84,YGCSWGS84,STRZUSTAND,UIDENTSTLAE
05,5,58,008,2022,04,07,3,3,4,2,0,1,1,0,0,0,0,383128.970999935001601,5760200.108999609947205,7.298286666000020,51.980169918999998,1,05220405706200703118
05,5,66,008,2022,03,12,5,3,5,2,0,1,0,0,0,1,0,400237.045999970985577,5780709.750999660231173,7.541299725000040,52.167844690999999,1,05220331709110087267
05,5,54,040,2022,04,10,6,3,5,3,0,1,1,0,0,0,0,350454.440999782003928,5738154.193999269977212,6.832405147000030,51.774262186999998,0,05220401705000268257
05,5,15,000,2022,04,10,3,3,5,3,0,1,1,0,0,0,0,405654.596999978995882,5757012.944999660365283,7.627035315000060,51.955804205000000,1,05220405702100572343
05,5,15,000,2022,03,00,7,3,5,3,2,0,1,0,1,0,0,405927.409409195999615,5756751.734691849909723,7.631075715000070,51.953502544999999,0,05220326702100676106
05,5,54,012,2022,04,20,1,3,0,1,0,0,1,0,0,0,0,351936.777999791025650,5743857.323999299667776,6.851439232000080,51.825898553999998,0,05220410705000091841
05,5,54,012,2022,04,09,6,3,0,7,0,1,0,1,0,0,0,351498.118507937993854,5745997.927413820289075,6.844159984000040,51.845015127000103,0,05220408705000680990
05,5,66,076,2022,04,05,7,3,0,1,2,0,1,0,0,0,0,392163.570999959018081,5794496.471999660134315,7.418902361000050,52.290230198000103,0,05220402709500938806
05,5,12,000,2022,04,16,2,3,5,2,0,1,1,0,0,0,0,356054.791999818000477,5709590.545999379828572,6.925274401000020,51.519069810000097,0,05220411701400785663
05,5,15,000,2022,03,16,4,3,1,6,0,0,1,0,0,0,0,403197.353447696019430,5754205.151071780361235,7.592078214000030,51.930144515999999,0,05220330702100091805
05,5,54,012,2022,04,15,7,3,5,3,0,1,1,0,0,0,0,352832.073999797983561,5746036.508999319747090,6.863494342000020,51.845714972000103,1,05220409705000821129
05,5,70,008,2022,04,07,2,3,3,7,0,0,1,0,0,0,0,432990.530435745022260,5736847.607763569802046,8.028680762000020,51.778486860000001,0,05220411301911035456
05,5,15,000,2022,03,20,7,3,0,3,2,1,1,0,0,0,0,407040.993841030984186,5761100.525579280219972,7.646097640000050,51.992778858000101,0,05220326702100791756
05,5,62,032,2022,04,17,3,2,0,6,0,0,1,0,0,0,0,374304.395037116017193,5717976.266143419779837,7.185161339000050,51.598789443999998,1,05220405702340091791
05,5,66,028,2022,04,15,1,3,5,3,0,0,1,0,1,0,0,413285.892999983974732,5792470.687999679706991,7.729026249000070,52.275761407000097,1,05220410709700176365
05,5,15,000,2022,04,07,2,3,2,6,0,0,1,0,0,0,0,405042.883741924015339,5758012.752829809673131,7.617859732000060,51.964686761999999,0,05220404702100291782
05,5,58,012,2022,03,16,2,2,5,2,0,1,1,0,0,0,0,370700.502928843023255,5755482.918156459927559,7.119196284000050,51.935027388999998,0,05220328706200681437
05,5,66,084,2022,04,15,2,1,4,1,0,0,1,0,0,1,0,389669.001280087977648,5773682.946460399776697,7.389120484000050,52.102682038000097,0,05220411709300087315
05,5,62,004,2022,03,11,4,2,2,6,0,0,1,0,0,0,0,383124.394623923988547,5713626.204007600434124,7.313893900000040,51.561591682000000,0,05220330702340273590
05,5,62,036,2022,04,19,3,3,6,6,1,0,0,1,0,0,1,392534.567096036975272,5720562.823646320030093,7.447469263000070,51.625811627000097,0,05220412701930049921
05,5,62,032,2022,04,20,6,2,6,2,2,0,1,1,0,0,0,376014.626999913016334,5716825.342999570071697,7.210247909000030,51.588824940999999,1,05220401701110051306
05,5,62,020,2022,03,16,7,3,0,1,0,1,0,0,0,0,0,369729.850999889022205,5719584.984999530017376,7.118552421000060,51.612207132000002,0,05220326701200589475
05,5,15,000,2022,03,14,1,3,9,1,0,1,0,1,0,0,0,405144.451267583004665,5757006.137027000077069,7.619615603000060,51.955656228000102,0,05220327702100276765
05,5,62,004,2022,03,18,2,2,1,5,0,0,1,0,0,1,0,383086.900079625018407,5717643.194345019757748,7.312015858000050,51.597687424000100,0,05220328701800489378
05,5,13,000,2022,04,13,4,3,3,2,0,0,1,0,1,0,0,366544.399374112021178,5712663.902727089822292,7.075204020000060,51.549264612999998,0,05220406700000177491
05,5,12,000,2022,03,15,4,3,5,2,0,1,1,0,0,0,0,357346.329999825975392,5711214.840999389998615,6.943218983000070,51.533993189000100,0,05220330701400589666
05,5,66,044,2022,03,07,4,3,5,3,0,0,1,0,0,0,0,424072.252528771990910,5774341.539102939888835,7.891150868000070,52.114394692000097,0,05220330709800087356
05,5,62,032,2022,04,08,2,3,5,3,0,1,1,0,0,0,0,377283.350334451999515,5720442.197714489884675,7.227286895000020,51.621608310000099,0,05220404701110885379
05,5,13,000,2022,03,05,5,3,5,2,2,0,1,0,1,0,0,366928.135999875026755,5714890.596999499946833,7.079892428000050,51.569365619999999,1,05220331700000367048
05,5,58,036,2022,04,17,4,2,8,1,0,0,1,0,0,0,0,385413.906587932026014,5732509.967343219555914,7.340722696000060,51.731783881000098,0,05220406706000711018
05,5,70,020,2022,04,14,2,3,5,3,0,0,1,0,0,0,0,438072.479999998002313,5747186.054999659769237,8.100485293000080,51.872016207000101,1,05220404711422187326
05,5,62,008,2022,03,14,7,2,5,3,0,1,0,0,1,0,0,386361.510458657983691,5726450.994038630276918,7.356413419000030,51.677520512999997,0,05220326701910155850
05,5,58,016,2022,04,15,5,2,6,1,0,1,0,1,0,0,0,381443.106576784979552,5743577.713908069767058,7.279470121000030,51.830426741000103,0,05220407706100181078
05,5,66,068,2022,04,17,3,3,8,1,0,0,0,0,0,1,0,372168.581782434019260,5786413.625740359537303,7.128951704000030,52.213312222000098,0,05220412702340805242
05,5,66,028,2022,04,08,2,2,5,3,0,0,1,0,0,1,0,416364.428796133026481,5792123.025104110129178,7.774223344000060,52.273113416999998,0,05220404709000791641
05,5,58,016,2022,04,21,6,2,8,1,2,0,1,0,0,0,0,388248.791063965007197,5746647.546680879779160,7.377199976000040,51.859420128000103,0,05220408706100661042
05,5,58,004,2022,04,17,6,3,5,3,0,0,1,0,1,0,0,403578.334584711992647,5738863.045607659965754,7.601899511000060,51.792308372999997,0,05220408706300657414
05,5,13,000,2022,03,06,1,3,5,3,2,0,1,0,0,0,1,369032.017711051972583,5708149.642894189804792,7.112739828000030,51.509278770000002,0,05220327700000289715
05,5,58,016,2022,03,15,7,3,8,1,0,0,0,0,1,0,0,389010.110260249988642,5745818.093182019889355,7.388517155000050,51.852117259000103,0,05220326706100287304
05,5,54,064,2022,04,16,5,3,0,2,0,0,1,0,1,0,0,358773.433137233019806,5751022.782506340183318,6.947647797000060,51.892053062000102,0,05220407705000581928
05,5,62,016,2022,04,12,3,3,5,3,0,1,1,0,0,0,0,373352.678999902971555,5733167.671999559737742,7.165921248000070,51.735099501000001,0,05220412701700747576
05,5,66,016,2022,04,14,6,3,5,3,0,0,1,0,1,0,0,402915.426999976974912,5793341.292999669909477,7.576823163000030,52.281852686999997,1,05220401709500369125
05,5,15,000,2022,04,19,4,3,1,1,0,1,1,0,0,0,0,405677.307266331976280,5755640.014138190075755,7.627742479000060,51.943467532000099,0,05220413702100870610
05,5,13,000,2022,04,20,5,3,4,2,2,0,1,0,1,0,0,368977.663224568997975,5710966.859058259986341,7.110909428000070,51.534583941000101,1,05220407700000091754
05,5,62,028,2022,04,20,3,2,5,3,2,0,1,0,0,0,0,378909.505999921995681,5721219.491999579593539,7.250497047000070,51.628946354999997,1,05220405701920374176
05,5,62,014,2022,03,16,7,2,5,3,0,1,1,0,0,0,0,360751.168999844987411,5714851.698999440297484,6.990837426000040,51.567524497000100,0,05220326701300638825
05,5,66,076,2022,04,07,2,3,2,6,0,0,1,0,1,0,0,393189.750951235997491,5793314.934890969656408,7.434316514000050,52.279811963000000,0,05220404709500876732
05,5,15,000,2022,04,16,6,3,2,6,0,0,1,0,0,0,0,409166.255359774979297,5759761.699353709816933,7.677396606000060,51.981096387999997,0,05220408702100374776
05,5,15,000,2022,03,10,1,3,6,4,0,0,1,1,0,0,0,404509.356306590023451,5759081.267706950195134,7.609799276000050,51.974199566000003,0,05220327702100674470
05,5,54,020,2022,03,12,2,3,5,3,0,0,1,0,0,0,0,362578.538296892016660,5786830.169394180178642,6.988505094000060,52.214746792000000,0,05220328705000296748
05,5,70,024,2022,04,17,5,3,8,1,0,0,1,0,0,0,0,418091.263452720013447,5752741.821923419833183,7.808992010000050,51.919381623000000,1,05220407711161591857
05,5,54,036,2022,04,08,3,3,5,3,0,1,1,0,0,0,0,370529.437999894027598,5766901.115999549627304,7.112399329000030,52.037592770000103,0,05220412705000491207
05,5,54,020,2022,03,15,5,3,4,2,0,1,1,0,0,0,0,365817.203999873017892,5787104.897999510169029,7.035771308000050,52.218013541000097,0,05220331705000020717
05,5,15,000,2022,03,13,3,3,0,6,0,0,1,0,0,1,0,401938.955768187996000,5749260.815086700022221,7.575189070000020,51.885482990000099,0,05220329702330805260
05,5,54,068,2022,04,16,3,3,0,1,0,0,0,0,1,0,0,350772.040437632997055,5766212.820000509731472,6.824858615000040,52.026444249000100,0,05220412705000087239
05,5,15,000,2022,03,16,3,3,3,3,0,1,1,0,0,0,0,407458.837302830012050,5754239.615996619686484,7.654030123000040,51.931179149000101,0,05220329702100338623
05,5,62,036,2022,04,20,4,3,5,3,1,1,1,0,0,0,0,388707.872023364005145,5720136.983537949621677,7.392344136000080,51.621240336000000,1,05220406701930549485
05,5,70,004,2022,03,05,4,3,1,6,2,0,1,0,1,0,0,425407.579999994020909,5735524.373999659903347,7.919068246000050,51.765632002000103,0,05220330711213996484
05,5,66,072,2022,04,07,3,3,9,1,0,0,1,0,0,0,0,412652.910729800001718,5799642.864622309803963,7.717889864000030,52.340126423000100,1,05220405709700091773
05,5,15,000,2022,04,07,6,3,5,3,0,1,1,0,0,0,0,403504.949999974982347,5760699.557999660260975,7.594726177000040,51.988571720000003,1,05220408702100169524
05,5,54,068,2022,04,15,5,3,2,6,0,0,1,0,0,0,0,349448.684985856991261,5773018.575300870463252,6.802585259000070,52.087231384000098,0,05220407705000468647
05,5,13,000,2022,04,16,4,3,6,4,0,0,1,1,0,0,0,368428.393006553989835,5707151.078323069959879,7.104419162000060,51.500164646000002,0,05220413700000175351
05,5,15,000,2022,04,15,2,3,4,2,0,1,1,0,0,0,0,405449.743999978003558,5758145.272999660111964,7.623743413000060,51.965947256000000,1,05220404702100665912
05,5,62,008,2022,04,06,4,3,8,1,1,0,1,0,0,1,0,384783.954999940004200,5722482.780999599955976,7.334915082000070,51.641534095000097,0,05220406701910289586
05,5,62,012,2022,04,12,3,2,6,4,0,0,1,1,0,0,0,358851.020999833999667,5726886.961999409832060,6.958590608000070,51.675199054000103,1,05220405701610589935
05,5,58,016,2022,03,13,7,2,0,1,0,1,0,0,0,0,1,383241.786018988990691,5742122.178164900280535,7.306051481000050,51.817724263999999,1,05220326706100682422
05,5,15,000,2022,04,12,6,3,0,2,0,1,0,0,0,0,1,403207.760999973979779,5755252.723999650217593,7.591934776000070,51.939562270000103,0,05220408702100142871
05,5,66,068,2022,03,16,2,3,1,6,0,0,1,0,0,0,0,374723.712807286006864,5790641.993883029557765,7.164763009000070,52.251895137000098,0,05220328709300274703
05,5,62,004,2022,04,00,7,3,1,7,2,0,1,0,0,0,0,382493.206298213975970,5715355.997699890285730,7.304213861000050,51.577007360000003,1,05220402701800185088
05,5,62,016,2022,03,16,3,3,2,6,0,0,1,0,0,0,0,368361.237105500011239,5732132.655978100374341,7.094069953000030,51.724648452000103,0,05220329701700289658
05,5,66,028,2022,04,10,7,3,9,3,0,1,1,0,0,0,0,413501.738710406003520,5789469.952919130213559,7.732958161000060,52.248823739000002,1,05220409709700348420
05,5,62,032,2022,04,13,2,3,5,2,0,1,1,0,0,0,0,374676.891999909013975,5719738.973999559879303,7.189906642000040,51.614714032999998,1,05220404701110378098
05,5,62,032,2022,04,14,3,3,3,6,0,0,1,0,0,0,0,377736.532999916991685,5716566.230999579653144,7.235181417000040,51.586872490000097,0,05220412701120778742
05,5,66,056,2022,03,06,5,2,6,3,1,0,1,1,0,0,0,414877.456999987014569,5798497.565999680198729,7.750824082000070,52.330181881000001,1,05220331709700576376
05,5,54,008,2022,04,08,2,3,0,7,0,1,0,0,0,0,0,335292.542999654018786,5745904.373998809605837,6.609154244000020,51.839629909999999,1,05220404705000491247
05,5,66,012,2022,03,14,7,3,5,3,0,0,1,0,0,0,0,404964.060999976005405,5774817.223999669775367,7.612041681000050,52.115716337000002,0,05220326709110256195
05,5,54,048,2022,03,11,3,3,9,1,0,0,0,0,1,0,0,342452.122999719984364,5744029.822999060153961,6.713842610000030,51.824854544000097,0,05220329705000381024
05,5,54,020,2022,04,06,7,2,9,1,1,0,1,0,0,0,0,369632.953491109015886,5784307.555766389705241,7.092670879000020,52.193793733000099,0,05220409705000712303
05,5,54,020,2022,04,08,3,3,0,6,0,0,1,0,0,1,0,368157.773933433985803,5785355.723753459751606,7.070693599000040,52.202861366000000,0,05220412705000521119
05,5,12,000,2022,03,10,2,3,2,2,0,0,1,0,1,0,0,356347.924999819020741,5712066.835999379865825,6.928486397000030,51.541395883000099,0,05220328701400085344
05,5,70,016,2022,04,17,6,2,5,3,0,0,1,0,0,0,0,417134.111999990011100,5733845.522999649867415,7.799603234000070,51.749376812000001,1,05220401711221007436
05,5,62,020,2022,04,15,2,3,0,1,0,1,0,0,0,0,0,369417.942999887978658,5719360.257999530062079,7.114133980000080,51.610115323000102,0,05220411701200965514
05,5,58,016,2022,04,11,4,2,9,6,0,0,1,0,0,0,0,371680.650100910977926,5746463.413794839754701,7.136801851000030,51.854201788000097,0,05220406706000179214
05,5,13,000,2022,04,15,5,3,2,6,0,0,1,0,0,0,0,370090.619999888993334,5711283.349999519996345,7.126830076000030,51.537685404999998,1,05220407702340091226
05,5,62,024,2022,04,09,5,2,8,7,0,0,1,0,0,0,0,370078.405627229018137,5725259.586589359678328,7.121477098000070,51.663283526999997,1,05220407701500447707
05,5,70,048,2022,04,13,2,3,9,1,0,0,1,0,0,0,0,449640.259620741999242,5727722.098871050402522,8.271319105000030,51.698188881000100,1,05220404711322776733
05,5,54,028,2022,03,06,2,1,1,1,1,0,0,0,0,1,0,361885.728163558989763,5743217.806741139851511,6.995965834000060,51.822700038000100,0,05220328702340005242
05,5,54,016,2022,04,10,7,3,2,6,0,0,1,0,0,0,1,362033.480488377972506,5756313.075818729586899,6.992872860000030,51.940405822999999,0,05220402705000176745
05,5,70,036,2022,04,13,3,3,0,7,0,1,0,1,0,0,0,434077.839771232975181,5760409.947993939742446,8.039936801000071,51.990438578000102,0,05220412711121087306
05,5,62,028,2022,03,09,5,3,2,2,0,0,1,0,0,0,0,377915.639999918988906,5723351.562999569810927,7.235401334000070,51.647893032000098,1,05220331701920674428
05,5,62,012,2022,04,14,3,3,5,3,0,1,1,0,0,0,0,361129.533999848004896,5726417.861999440006912,6.991708800000030,51.671551665999999,0,05220405701610551227
05,5,58,024,2022,03,11,4,3,2,1,0,0,1,0,0,0,0,392619.287448541028425,5736365.464873960241675,7.443827549000050,51.767863765000101,0,05220330706300923619
05,5,66,040,2022,04,10,3,3,5,3,0,1,1,0,0,0,0,420989.567999991995748,5783078.413999680429697,7.844108573000030,52.192497648000000,1,05220405709800787280
05,5,58,020,2022,04,10,6,3,5,3,0,0,1,0,0,0,0,390243.462999954004772,5759948.999999639578164,7.401913356000020,51.979364042999997,2,05220401706200979103
05,5,70,040,2022,04,09,3,3,2,6,0,0,1,0,1,0,0,419408.781503228005022,5744326.447971089743078,7.830110749000030,51.843925884999997,1,05220405711231087303
05,5,54,032,2022,03,16,7,2,9,1,0,1,0,0,0,0,0,325017.657112264016178,5747579.852054590359330,6.459312864000030,51.851555103000102,0,05220326705000174468
05,5,70,048,2022,04,14,1,3,5,3,0,1,1,0,0,0,0,445887.914999999979045,5730545.264999650418758,8.216591408000060,51.723221471000002,0,05220410711322582312
05,5,70,008,2022,03,11,1,3,7,7,0,0,1,0,0,0,0,433263.868636419007089,5739591.249654619954526,8.032114399000021,51.803184854999998,0,05220327711314019034
05,5,70,008,2022,03,07,2,3,6,4,0,0,1,1,0,0,0,433906.473999997018836,5738946.455999660305679,8.041555728000050,51.797464488999999,0,05220328711314174480
05,5,62,008,2022,04,21,7,3,8,7,2,0,1,0,0,0,1,384621.807771741005126,5722162.631480669602752,7.332678379000070,51.638623444000103,0,05220402701910073490
05,5,15,000,2022,04,15,2,3,5,3,0,1,1,0,0,0,0,406128.461999979976099,5757704.004999659955502,7.633740283000070,51.962095966000000,0,05220411702100305212
05,5,66,076,2022,04,07,5,3,6,7,0,1,0,1,0,0,0,392837.307496828027070,5794075.899037970229983,7.428910389000070,52.286582260000003,1,05220407709500602281
05,5,15,000,2022,04,14,4,3,4,6,0,1,0,0,0,0,0,411025.608999983000103,5751986.295999660156667,7.706475015000020,51.911506159000098,0,05220413702100975998
05,5,62,024,2022,03,09,5,3,5,3,0,1,1,0,0,0,0,368587.025999882025644,5724442.270999520085752,7.100233355000060,51.655591920000099,1,05220331701500476701
05,5,15,000,2022,03,08,3,3,5,3,0,1,1,0,0,0,0,404220.157014248019550,5759077.437601169571280,7.605591382000060,51.974115371000003,0,05220329702100064121
05,5,58,028,2022,04,07,7,3,8,1,0,0,1,0,0,0,0,398446.801297936995979,5735390.443302069790661,7.528534578000060,51.760187363000099,1,05220409706300187272
05,5,66,076,2022,04,15,3,3,5,3,0,0,1,0,0,0,0,397112.060198262974154,5796123.600446599535644,7.490932084000060,52.305802695000096,1,05220405709500311931
05,5,62,028,2022,03,13,7,3,0,7,0,0,0,0,0,0,1,379621.881999926001299,5722577.953999590128660,7.260317088000020,51.641308224000099,0,05220326701920349550
05,5,62,004,2022,03,03,1,3,8,1,2,0,1,0,0,0,0,383291.588999935018364,5711514.343999600037932,7.317005567000020,51.542645407000101,0,05220327701800967134
05,5,66,040,2022,03,13,2,3,4,2,0,0,1,0,0,0,0,424829.422086894977838,5779989.740079680457711,7.900957258000060,52.165270335000102,0,05220328709800487356
05,5,70,004,2022,04,07,6,3,5,3,0,0,1,0,0,0,0,424511.184999993012752,5732832.755999649874866,7.906665461000050,51.741315022000002,1,05220401711214876704
05,5,54,012,2022,04,02,7,2,8,1,2,0,1,0,0,0,0,353307.047403852979187,5738674.723755399696529,6.873501440000040,51.779694036000102,1,05220402705000720713
05,5,62,024,2022,03,20,4,2,5,3,2,1,1,0,0,0,0,367743.240271295013372,5724310.031769160181284,7.088092512000060,51.654205660999999,0,05220330701500238984
05,5,58,012,2022,04,07,2,3,5,3,0,0,1,0,0,0,0,375244.550999912025873,5758406.929999579675496,7.184196737000040,51.962341262000102,0,05220404706000979210
05,5,70,012,2022,03,09,2,3,1,6,0,0,1,0,0,0,0,438276.444780921970960,5754082.934976999647915,8.102212272000029,51.934041797000098,0,05220328711131291857
05,5,54,008,2022,03,16,4,3,5,3,0,0,1,0,0,0,0,332366.079058383009396,5748545.245045989751816,6.565435083000070,51.862482319999998,0,05220330705000785682
05,5,15,000,2022,04,08,3,3,2,6,0,0,1,0,0,0,1,404832.253972742008045,5756366.951299450360239,7.615250803000040,51.949857629000100,0,05220412702100074698
05,5,62,012,2022,03,17,5,3,2,2,0,0,1,0,1,0,0,359151.125999836018309,5724657.703999419696629,6.963826534000020,51.655242743000002,1,05220331701610389652
05,5,62,024,2022,03,11,3,2,5,3,0,0,1,0,0,0,1,364207.612999863980804,5724453.871999479830265,7.036957420000020,51.654655309000098,0,05220329701500279598
05,5,70,040,2022,03,16,3,3,4,2,0,0,1,0,0,0,0,419809.098318123025820,5745245.088075339794159,7.835707508000040,51.852241489999997,0,05220329711231091799
05,5,62,012,2022,04,05,3,3,9,1,2,0,1,0,0,0,0,363475.293664522003382,5731976.809475569985807,7.023434551000040,51.722079730000097,1,05220405701620889672
05,5,13,000,2022,04,18,1,3,5,2,0,0,1,0,1,0,0,365683.340999869978987,5717538.266999489627779,7.060929412000060,51.592863628000003,0,05220410700000891785
05,5,13,000,2022,04,11,2,3,0,1,0,0,0,0,1,0,0,367053.352091222011950,5706880.049866690300405,7.084722619000050,51.497407254000102,1,05220404700000989648
05,5,62,032,2022,04,07,6,3,2,6,0,0,1,0,1,0,0,374036.249999905994628,5716714.952999549917877,7.181744642000070,51.587394055000097,1,05220408701110181327
05,5,66,076,2022,03,21,1,3,0,1,2,1,0,0,0,0,0,393718.616207950981334,5792201.844146840274334,7.442416578000060,52.269910891000102,0,05220327709500591793
05,5,12,000,2022,03,06,2,1,2,6,0,0,0,0,0,1,0,356454.405381418997422,5713694.379094770178199,6.929356733000080,51.556047714000002,0,05220328702340591763
05,5,54,020,2022,04,14,2,3,3,3,0,1,0,0,0,0,0,365801.196173720003571,5787092.587896849960089,7.035542010000030,52.217899031000101,0,05220411705000320922
05,5,12,000,2022,03,17,3,2,5,3,0,0,1,0,0,0,0,355916.123309876013082,5712060.800702719949186,6.922266533000030,51.541231589000098,0,05220329701400589666
05,5,70,028,2022,03,12,4,3,2,6,0,0,1,0,0,0,0,441105.822843605012167,5742899.146614969708025,8.145270510000049,51.833804679000103,0,05220330711413174654
05,5,15,000,2022,04,10,3,3,2,6,0,0,1,0,0,0,0,407851.267999981006142,5756792.739999660290778,7.659051926000070,51.954193227000097,0,05220412702100075998
05,5,15,000,2022,03,16,5,3,6,6,0,1,0,1,0,0,0,405877.064999977999832,5757933.717999660409987,7.630019481000030,51.964118225000000,0,05220331702100579175
05,5,54,064,2022,04,13,7,3,8,7,0,0,1,0,0,0,0,357364.923065376991872,5750838.199930620379746,6.927269580000030,51.890035904000101,1,05220409705000791840
05,5,62,014,2022,04,14,1,3,2,6,0,0,1,0,0,0,1,360310.675302624003962,5713723.679761339910328,6.984934200000050,51.557279096000102,0,05220403701300271478
05,5,54,020,2022,03,22,7,2,8,1,2,0,1,0,0,0,0,366247.728890707017854,5787494.444916419684887,7.041915545000050,52.221618450000101,0,05220326705000020896
05,5,54,064,2022,03,16,3,2,0,3,0,1,1,0,0,0,0,355816.845999818004202,5750157.234999369829893,6.905074135000060,51.883519102000001,0,05220329705000891746
05,5,62,024,2022,04,00,1,3,8,1,2,0,1,0,0,0,0,370974.978444521024358,5724862.249334920197725,7.134579802000080,51.659919339000098,0,05220410701500081150
05,5,66,012,2022,03,17,1,3,3,6,0,1,1,0,0,0,0,409698.689527706999797,5766682.408693140372634,7.683322071000020,52.043390439000099,0,05220327709110072380
05,5,66,012,2022,04,17,3,3,4,6,0,1,0,0,0,0,1,400952.705999972007703,5775933.184999669902027,7.553152598000050,52.125042479000101,0,05220412709000276750
05,5,54,068,2022,04,16,7,3,0,1,0,1,0,0,0,0,0,349760.698968670971226,5766118.523693719878793,6.810170341000060,52.025324087000101,0,05220402705000391694
05,5,13,000,2022,04,14,2,2,5,7,0,0,1,0,0,0,0,367748.084914506005589,5707924.202995269559324,7.094333749000040,51.506953754999998,0,05220411700000867056
05,5,15,000,2022,04,13,4,3,1,6,0,0,1,0,0,0,0,406238.108999979973305,5757692.811999659985304,7.635338714000060,51.962013861000102,0,05220406702100191845
05,5,62,012,2022,03,08,4,3,5,2,0,0,1,0,0,0,0,358679.790999833028764,5727655.491999410092831,6.955804799000020,51.682061803000103,0,05220330701610752596
05,5,62,020,2022,04,20,5,3,1,6,2,0,1,0,0,0,0,367863.306999880995136,5718349.738999510183930,7.092076049000070,51.600671512000098,1,05220407701200190836
05,5,62,004,2022,04,05,3,2,5,7,2,0,1,0,0,0,0,383140.897999935026746,5713249.564999599941075,7.314257069000060,51.558209968000000,1,05220405701800785336
05,5,15,000,2022,04,11,2,3,2,6,0,0,1,0,1,0,0,405144.451360844017472,5757006.136603490449488,7.619615605000040,51.955656224999998,1,05220404702100042871
05,5,58,020,2022,04,18,6,3,5,3,0,1,1,0,0,0,0,391846.505862636025995,5759563.840078859589994,7.425365915000040,51.976216725000000,1,05220408706200476731
05,5,15,000,2022,04,16,2,3,5,2,0,1,1,0,0,0,0,409317.437999981979374,5754008.424999659880996,7.681115752000040,51.929406970999999,0,05220411702100542451
05,5,62,008,2022,04,11,2,3,2,6,0,1,0,0,0,1,0,384603.055999938980676,5723412.396999609656632,7.331995296000060,51.649852105999997,1,05220404701910485414
05,5,58,028,2022,03,17,1,3,6,7,0,1,0,1,0,0,0,397062.319538086012471,5733280.969516229815781,7.509105781000070,51.740974010999999,0,05220327706300668251
05,5,15,000,2022,03,19,7,3,5,2,2,1,1,0,0,0,0,405773.306999979016837,5758001.692999660037458,7.628491076000050,51.964711637000100,0,05220326702100669524
05,5,70,032,2022,04,14,3,2,5,3,0,0,1,0,0,0,0,418745.785229620989412,5769218.498510260134935,7.814601722000020,52.067587172000103,0,05220412711151087260
05,5,70,016,2022,04,14,6,2,5,3,0,0,1,0,0,0,0,411770.544999985024333,5734851.481999649666250,7.721671412000030,51.757600418999999,2,05220401711221587237
05,5,15,000,2022,03,13,4,3,3,6,0,1,0,0,0,0,0,405515.095574660983402,5756524.659204729832709,7.625140109000030,51.951391592999997,0,05220330702100391783
05,5,15,000,2022,04,10,6,3,7,5,0,1,0,0,0,0,1,406352.048752904986031,5757673.921620559878647,7.637001698000060,51.961863268999998,1,05220401702100465755
05,5,62,014,2022,04,12,3,3,2,6,0,0,1,0,0,0,0,360309.943999841983896,5715386.737999429926276,6.984262707000030,51.572223256000001,1,05220405701300348560
05,5,66,068,2022,04,07,1,2,8,1,0,0,1,0,0,0,0,373005.743513130000792,5787834.000902960076928,7.140664982000030,52.226269125999998,0,05220403702340705242
05,5,15,000,2022,03,15,7,3,5,3,0,1,1,0,0,0,0,406402.614247623016126,5757175.079108599573374,7.637873353000030,51.957387949000100,0,05220326702100045931
05,5,62,032,2022,04,17,6,3,3,6,0,0,1,0,0,0,0,376120.513999913993757,5716367.944999570026994,7.211937026000040,51.584737498999999,0,05220408702340091246
05,5,70,040,2022,03,13,2,3,2,6,0,0,1,0,0,0,1,413567.520557612006087,5747230.511529870331287,7.744611894000060,51.869156850000103,0,05220328711232590711
05,5,62,020,2022,04,21,2,3,5,3,2,0,1,0,0,0,0,373561.076999903016258,5713313.761999550275505,7.176113438000070,51.556720945000102,0,05220411701200691012
05,5,58,008,2022,04,15,3,2,2,6,0,1,1,0,0,1,0,381978.938999932026491,5759254.369999609887600,7.281874830000050,51.971427523999999,0,05220412706200549812
05,5,12,000,2022,04,15,6,3,2,6,0,0,1,0,0,0,0,355296.603195841016714,5714849.437696759589016,6.912191910000050,51.566130884000103,1,05220401701400981306
05,5,70,040,2022,04,11,3,3,8,1,0,0,1,0,0,0,0,422370.565999992017169,5741469.379999659955502,7.873736769000060,51.818662016000097,1,05220405711231002814
05,5,62,014,2022,04,12,7,2,2,6,0,0,1,0,0,0,0,359923.207999838981777,5716676.121999420225620,6.978171561000070,51.583713715999998,0,05220409701300589644
05,5,15,000,2022,03,10,4,3,1,6,0,0,1,0,0,0,1,406893.890923857979942,5755820.053417550399899,7.645387859000040,51.945290753999998,0,05220330702100876118
05,5,15,000,2022,04,13,3,3,5,2,0,1,1,0,0,0,0,406877.758469577005599,5755876.804329570382833,7.645137845000020,51.945798160000002,0,05220405702100748314