ULAND,UREGBEZ,UKREIS,UGEMEINDE,UJAHR,UMONAT,USTUNDE,UWOCHENTAG,UKATEGORIE,UART,UTYP1,ULICHTVERH,IstRad,IstPKW,IstFuss,IstKrad,IstGkfz,IstSonstige,LINREFX,LINREFY,XGCSWGS84,YGCSWGS84,STRZUSTAND,UIDENTSTLAE
05,5,66,016,2022,04,18,6,3,1,3,0,1,1,0,0,0,0,403479.809399541001767,5795276.329478760249913,7.584539460000030,52.299343745000002,0,05220408709500038566
05,5,62,014,2022,03,16,7,2,0,7,0,0,0,0,1,0,0,360814.103019662026782,5715158.016613859683275,6.991623544000050,51.570292633000101,0,05220326701300489500
05,5,62,012,2022,04,12,2,3,2,6,0,0,0,0,0,1,0,361905.557999851007480,5732608.850999450311065,7.000472571000050,51.727374849999997,1,05220404701620280956
05,5,12,000,2022,03,10,4,3,1,6,0,0,1,0,0,1,0,360245.054222067003138,5711388.852311619557440,6.984915626000030,51.536281879000100,0,05220330701400047577
05,5,13,000,2022,04,12,3,3,1,7,0,1,1,0,0,0,0,369959.054999888001475,5707571.591999529860914,7.126303962000070,51.504297990000097,0,05220412700000862587
05,5,15,000,2022,03,15,7,3,2,2,0,0,1,0,0,0,0,407221.709999979007989,5751347.411999659612775,7.651361535000040,51.905142837000000,0,05220326702100091866
05,5,66,092,2022,04,12,3,3,5,3,0,0,1,0,0,0,0,423201.894999991985969,5795325.804999689571559,7.873682523000070,52.302900110000103,0,05220412709700348432
05,5,66,028,2022,03,12,2,3,5,3,0,1,1,0,0,0,0,412573.873999986972194,5792383.832999680191278,7.718615480000040,52.274867960000101,0,05220328709700372667
05,5,70,004,2022,04,17,6,3,5,3,0,0,1,0,0,0,0,423799.354999993985984,5736183.357999649830163,7.895623221000050,51.771339455000003,1,05220401711211089299
05,5,15,000,2022,04,14,2,3,5,3,0,1,1,0,0,0,0,405609.972662304004189,5752103.621487029828131,7.627733108000030,51.911669293000003,0,05220411702100072463
05,5,66,028,2022,04,19,7,3,0,7,0,1,0,0,0,0,0,412438.531045903975610,5791616.924204070121050,7.716831410000050,52.267953224999999,1,05220409709700591773
05,5,15,000,2022,03,14,5,3,0,2,0,1,1,0,0,0,0,405477.762999979022425,5754900.428999659605324,7.625043586000060,51.936785934000099,0,05220331702100968953
05,5,15,000,2022,04,12,7,2,5,3,0,1,1,0,0,0,0,403183.698999974993058,5759053.038999659940600,7.590513923000060,51.973716471000003,1,05220409702100664164
05,5,66,008,2022,04,21,2,3,5,3,2,1,1,0,0,0,0,399049.142755631997716,5781293.888882749713957,7.523763022000030,52.172878746000002,1,05220404709110176669
05,5,13,000,2022,03,15,2,3,2,6,0,0,1,0,0,0,0,366822.289235814008862,5706714.766839300282300,7.081458232000050,51.495867519000100,0,05220328700000448338
05,5,66,012,2022,03,13,7,3,1,6,0,0,1,0,0,0,0,405943.751999979023822,5773680.860999669879675,7.626659069000030,52.105669998000103,0,05220326709110372380
05,5,70,028,2022,03,18,5,3,9,1,0,0,1,0,0,0,0,440249.381761092983652,5739974.666724139824510,8.133347160000030,51.807422037999999,1,05220331400410487313
05,5,13,000,2022,04,14,3,3,0,3,0,0,1,0,0,0,1,368575.525041820015758,5707584.872149770148098,7.106376060000060,51.504097297000001,0,05220412700000375480
05,5,62,004,2022,04,07,4,3,2,6,0,0,1,0,0,0,1,380583.816495173028670,5715769.556488050147891,7.276531402000050,51.580322965999997,0,05220406701800577639
05,5,12,000,2022,04,10,5,2,6,6,0,0,0,1,0,0,1,356081.177999817009550,5709992.504999370314181,6.925490273000040,51.522688455000001,1,05220407701400885473
05,5,66,068,2022,03,05,5,3,3,6,2,0,1,0,1,0,0,373497.860244160983711,5783122.889350749552250,7.149625905000050,52.184048578999999,1,05220331709300242428
05,5,54,008,2022,05,13,4,3,5,3,0,1,1,0,0,0,0,335279.941999654984102,5745846.875998809933662,6.608998880000060,51.839109667999999,0,05220504705000374716
05,5,15,000,2022,05,14,2,3,1,6,0,0,1,0,0,0,0,405455.266221815021709,5755143.574145209975541,7.624649603000020,51.938967613000003,0,05220502702100091845
05,5,15,000,2022,04,06,4,3,5,3,1,1,1,0,0,0,0,405645.787999977997970,5757040.246999659575522,7.626899663000070,51.956048113000101,0,05220427702100518365
05,5,13,000,2022,04,15,3,3,2,6,0,0,1,0,0,0,0,365004.522730830998626,5717296.216743229888380,7.051228810000050,51.590526226000101,0,05220419700000463350
05,5,58,008,2022,04,15,5,3,4,6,0,0,1,0,0,0,0,379430.797963902994525,5759559.841957439668477,7.244690863000070,51.973625819000098,0,05220421706000991755
05,5,62,032,2022,04,05,6,2,9,1,2,0,0,0,1,0,0,373642.979409745021258,5719150.641637519933283,7.175193626000070,51.609195571999997,0,05220415702340091864
05,5,13,000,2022,04,06,7,3,2,6,0,0,1,0,0,0,0,370297.204999890003819,5709373.071999530307949,7.130510619000060,51.520565452000000,0,05220416700000251376
05,5,62,024,2022,04,16,5,2,6,7,0,0,0,1,0,0,1,373462.979183706978802,5725658.654369270429015,7.170242541000050,51.667642210000103,0,05220428701500689524
05,5,62,032,2022,04,18,6,3,5,2,0,1,1,0,0,0,0,373315.968999902019277,5718848.543999549932778,7.170582797000070,51.606407146000002,0,05220429701110273595
05,5,15,000,2022,04,14,2,3,0,7,0,0,0,0,1,0,0,404211.457999976992141,5756332.519999650307000,7.606230315000060,51.949441583000102,1,05220425702100774698
05,5,54,044,2022,05,13,3,3,5,2,0,0,1,0,0,0,0,361284.143051802006084,5741432.367039459757507,6.987957551000020,51.806507609000100,0,05220503705000447429
05,5,15,000,2022,04,18,7,3,2,6,0,0,1,0,0,0,0,406286.889842258009594,5756616.877961499616504,7.636341970000050,51.952351079000003,0,05220423702100171673
05,5,66,080,2022,04,03,2,3,0,1,2,1,0,0,0,0,0,411305.645142987021245,5778219.725078900344670,7.703743781000070,52.147353211000102,0,05220418709110987267
05,5,54,024,2022,04,16,3,2,0,7,0,0,1,0,0,1,0,369570.553337814984843,5780194.469218409620225,7.093339891000030,52.156820003000099,0,05220419702340587397
05,5,15,000,2022,04,01,7,2,0,1,2,1,0,0,0,0,0,406215.674999977985863,5754999.776999659836292,7.635747145000040,51.937803778000003,0,05220430702100591805
05,5,70,052,2022,05,14,6,3,1,6,0,0,1,0,0,0,0,430418.769381736987270,5755943.459028420038521,7.987561702000050,51.949840266000102,0,05220506711112579213
05,5,15,000,2022,05,18,2,3,2,6,0,0,1,0,0,0,1,405026.378003251971677,5757624.189953129738569,7.617727013000040,51.961191385000099,0,05220502702100274700
05,5,70,040,2022,05,10,5,3,8,1,0,0,1,0,0,0,0,416573.362394849013072,5749600.533155320212245,7.787686527000060,51.890918941999999,0,05220505711232287376
05,5,66,012,2022,05,11,1,3,1,6,0,0,1,0,0,0,0,411753.523999985016417,5766866.485999669879675,7.713227695000060,52.045375959000097,0,05220501709110265868
05,5,62,024,2022,04,11,7,3,5,2,0,0,1,0,1,0,0,374269.455999906000216,5724698.387999559752643,7.182243532000030,51.659193394000098,0,05220416701500069301
05,5,54,008,2022,04,15,7,3,5,3,0,1,1,0,0,0,0,337010.491280807997100,5743226.877554239705205,6.635329019000040,51.816080491999998,0,05220430705000085645
05,5,58,032,2022,04,14,1,3,1,1,0,0,1,0,1,0,0,388305.027583795017563,5757998.627367979846895,7.374335929000040,51.961449019000000,0,05220424706000076773
05,5,12,000,2022,05,00,1,2,2,2,2,0,1,0,0,0,0,355244.229385725979228,5710533.781376579776406,6.913212299000070,51.527338329000003,0,05220501701400389666
05,5,15,000,2022,04,13,6,3,0,7,0,0,0,0,0,0,1,404653.849049517011736,5760486.589001050218940,7.611511656000060,51.986855890000101,0,05220415702100174772
05,5,66,056,2022,04,01,4,3,8,1,2,0,1,0,0,0,0,415848.199999989010394,5800516.247999689541757,7.764560522000070,52.348476239000000,0,05220427709700887281
05,5,70,028,2022,04,14,5,3,0,6,0,0,1,0,0,0,0,445290.068999999028165,5743179.436999659985304,8.205945495000041,51.836750152000000,0,05220414711411279233
05,5,66,072,2022,04,17,6,3,0,3,0,1,0,0,0,0,0,412618.855497147014830,5801850.064979479648173,7.716815702000080,52.359959682000103,0,05220422709700042445
05,5,66,028,2022,05,13,6,2,2,2,0,0,1,0,0,0,0,414052.971086477977224,5792326.323648889549077,7.740303190000080,52.274584265999998,0,05220506709700972667
05,5,54,020,2022,04,07,6,3,2,6,0,0,1,0,0,0,0,365486.391646916978061,5786584.631726039573550,7.031138603000040,52.213258115000002,0,05220429705000082575
05,5,15,000,2022,04,08,4,3,5,2,0,1,0,0,0,0,0,405968.413136160990689,5757190.915837699547410,7.631552015000070,51.957457042000001,0,05220427702100576692
05,5,66,012,2022,05,14,5,2,9,6,0,0,1,0,0,0,0,403483.329208848997951,5775805.400279570370913,7.590143012000060,52.124341626000003,0,05220505709110570536
05,5,54,032,2022,04,14,4,3,5,3,0,1,1,0,0,0,0,325379.728756011987571,5747951.449641309678555,6.464376759000060,51.855006302000000,0,05220420705000979006
05,5,62,004,2022,04,08,7,2,8,1,0,0,1,0,0,0,0,381991.584855030989274,5713411.405930349603295,7.297631248000070,51.559425260000097,0,05220430702340291246
05,5,54,052,2022,04,15,1,2,5,3,0,1,1,0,0,0,0,379012.412872251996305,5774887.001625940203667,7.233178571000050,52.111274378000097,0,05220417705000087233
05,5,66,068,2022,04,07,5,3,2,6,0,0,1,0,0,1,0,374634.017981692973990,5790109.977201379835606,7.163647221000080,52.247094031000103,0,05220428702340472367
05,5,15,000,2022,04,21,2,2,3,6,2,0,1,0,0,0,0,400338.246777876978740,5755570.474966339766979,7.550113252000070,51.941911705000102,0,05220418702330581369
05,5,54,056,2022,05,12,5,2,5,3,0,1,1,0,0,0,0,355943.452999820001423,5761688.124999370425940,6.902083865000070,51.987157326999998,0,05220505705000091108
05,5,58,028,2022,05,18,3,3,0,1,0,1,0,0,0,0,0,399913.374598284019157,5731984.694797010160983,7.550757297000080,51.729838936000100,0,05220503706300276677
05,5,15,000,2022,04,18,7,3,9,6,0,0,1,0,1,0,0,405031.568954012007453,5763839.026263330131769,7.616081369000030,52.017053416000103,0,05220423702100369101
05,5,13,000,2022,05,05,2,2,0,1,1,0,0,0,1,0,0,365910.701999871002045,5712525.416999490000308,7.066122737000060,51.547869872000000,0,05220502700000285656
05,5,66,068,2022,05,19,4,3,2,6,0,0,1,0,0,0,0,375739.997863536002114,5786320.140720530413091,7.181231328000020,52.213289123999999,0,05220504709300874741
05,5,62,016,2022,04,13,4,3,5,2,0,0,1,0,1,0,0,378656.035999922023620,5733705.265999590046704,7.242496021000020,51.741104135999997,0,05220427701700073567
05,5,70,020,2022,05,10,7,2,6,4,0,0,1,1,0,0,0,432780.036999995994847,5741308.595999659970403,8.024765209000069,51.818565745999997,0,05220507711421090704
05,5,62,024,2022,04,13,6,3,5,3,0,1,1,0,0,0,0,370443.982999891974032,5725365.528999529778957,7.126720620000070,51.664319995000000,0,05220422701500477638
05,5,54,024,2022,05,12,6,2,5,3,0,0,1,0,1,0,0,369617.496018115023617,5775338.784351429902017,7.095887569000070,52.113198986000000,0,05220506705000281092
05,5,62,004,2022,04,10,4,3,1,7,0,0,1,0,0,0,1,384671.396245332027320,5716692.714008410461247,7.335194654000080,51.589471370000098,0,05220427701800879387
05,5,62,024,2022,04,19,7,2,9,1,0,0,1,0,0,0,0,367268.882455557002686,5726475.369098999537528,7.080416909000060,51.673552504000000,0,05220423702340089368
05,5,13,000,2022,04,17,5,3,4,2,0,0,1,0,0,0,0,370602.091999890981242,5708868.479999530129135,7.135087916000030,51.516100648000098,0,05220414700000589525
05,5,13,000,2022,04,13,1,3,5,3,0,0,1,0,1,0,0,369052.895093476981856,5708146.669613650068641,7.113041601000020,51.509256888000003,0,05220424700000273492
05,5,62,016,2022,04,11,5,3,2,6,0,0,1,0,1,0,0,373513.855999902996700,5733440.177999559789896,7.168155045000050,51.737584843000000,0,05220428701700170518
05,5,62,032,2022,04,13,6,3,2,6,0,0,1,0,0,0,0,378969.509025876002852,5717523.244899299927056,7.252639861000030,51.595739739000102,0,05220429702340091763
05,5,62,004,2022,04,07,5,3,1,6,0,0,1,0,0,0,0,386792.254025586007629,5716277.686426980420947,7.365930245000070,51.586171264000001,0,05220428301911209055
05,5,62,016,2022,04,14,2,3,2,2,0,0,1,0,0,0,1,377432.482999917992856,5739171.504999579861760,7.222855145000040,51.789962925000097,0,05220425701700873567
05,5,54,068,2022,05,12,7,3,1,6,0,1,1,0,0,0,0,353246.707344826019835,5766751.526199850253761,6.860670792000060,52.031944508999999,0,05220507705000425217
05,5,70,004,2022,05,10,3,3,0,1,0,1,1,0,0,0,0,426298.183999995002523,5738573.049999659880996,7.931324375000030,51.793156734000000,0,05220503711211887402
05,5,62,032,2022,04,17,7,3,0,1,0,0,0,0,1,0,0,373570.521999904012773,5720583.583999549970031,7.173630826000020,51.622057128999998,0,05220416701110386116
05,5,12,000,2022,05,12,2,2,2,6,0,0,0,0,0,1,0,355604.175114208017476,5713164.152575460262597,6.917318552000040,51.551066273000103,0,05220502702340691226
05,5,58,016,2022,04,17,4,3,2,6,0,0,1,0,0,0,0,377932.242071024025790,5747883.915414170362055,7.227025021000030,51.868369931000103,0,05220420706000581060
05,5,12,000,2022,05,12,7,3,2,6,0,0,1,0,0,0,0,356713.864999820012599,5708284.308999380096793,6.935298088000020,51.507499709000101,0,05220507701400589516
05,5,15,000,2022,04,14,7,3,0,1,0,1,0,0,0,0,0,399285.734999970009085,5757015.186999649740756,7.534383311000060,51.954707384000102,0,05220416702100787860
05,5,54,008,2022,04,08,5,3,5,3,0,1,1,0,0,0,0,336042.349021933972836,5747533.417543049901724,6.619255669000040,51.854484933999998,1,05220414705000786931
05,5,58,036,2022,04,13,2,2,0,1,0,0,0,0,1,0,0,385439.707999942009337,5732477.731999609619379,7.341106757000030,51.731499436000000,0,05220418706000048226
05,5,54,036,2022,05,17,7,2,8,1,0,0,1,0,0,0,0,368314.787449416005984,5771627.505562559701502,7.078308313000040,52.079541706999997,1,05220507702340049701
05,5,70,020,2022,04,14,7,3,9,1,0,0,0,0,1,0,0,438605.970999997982290,5746703.133999659679830,8.108319250000021,51.867733694999998,0,05220416711422587219
05,5,62,032,2022,04,13,5,2,2,6,0,0,1,0,0,0,0,375502.083999910973944,5720061.272999560460448,7.201704383000050,51.617793676000097,0,05220428701110681135
05,5,58,032,2022,04,00,2,3,0,7,2,0,1,0,0,0,0,392271.590213417017367,5751511.230670830234885,7.434074836000040,51.903924986000000,0,05220418702330291800
05,5,13,000,2022,04,07,2,3,0,1,0,0,0,0,1,0,0,366305.615080711024348,5711263.356803660281003,7.072294258000060,51.536621986999997,1,05220425700000671515
05,5,58,012,2022,05,17,5,3,2,6,0,0,1,0,0,0,0,373882.224999905971345,5757218.145999570377171,7.164815520000050,51.951351013000099,0,05220505706200674763
05,5,66,004,2022,05,14,2,3,5,3,0,1,1,0,0,0,0,395036.376428167975973,5766035.955143730156124,7.469806943000040,52.034998126000097,0,05220502709110576669
05,5,54,004,2022,05,04,6,3,7,5,2,0,1,0,0,0,0,361621.222105299995746,5771001.678186709992588,6.980946486000050,52.072286098000099,0,05220506705000989359
05,5,15,000,2022,04,13,4,3,6,4,0,0,1,1,0,0,0,406159.394003740977496,5758198.645523839630187,7.634055180000080,51.966547243000001,0,05220427702100864164
05,5,62,016,2022,04,12,3,2,5,3,0,0,0,0,1,0,1,374577.905999908980448,5734610.200999559834599,7.183134994000060,51.748338764000003,0,05220419701700085436
05,5,54,052,2022,04,11,5,2,5,3,0,0,1,0,1,0,0,371076.669176627008710,5772067.595752569846809,7.118422538000060,52.084146352000097,0,05220421705000121108
05,5,66,072,2022,04,19,1,3,8,3,0,1,0,0,0,0,0,411119.200418131018523,5800834.717158909887075,7.695068409000040,52.350592520000099,0,05220424709700191641
05,5,62,014,2022,04,04,6,2,9,1,2,0,1,0,0,0,0,359529.864274866995402,5715101.279456020332873,6.973127786000020,51.569464314000101,0,05220415701300080909
05,5,66,068,2022,04,17,4,3,5,2,0,1,1,0,0,0,0,378144.358551297977101,5785215.225820939987898,7.216802493000050,52.203897015000102,0,05220427709300074703
05,5,12,000,2022,04,14,2,3,1,6,0,0,1,0,0,0,0,356501.711999820021447,5711317.942999379709363,6.931007777000050,51.534705599000098,1,05220425701400089516
05,5,66,036,2022,04,21,5,3,0,7,2,0,0,0,1,0,0,389083.078385238011833,5767256.994008000008762,7.382658156000050,52.044813191999999,0,05220414709300342428
05,5,13,000,2022,04,15,5,3,5,2,0,0,1,0,0,0,1,364987.944999866012949,5718240.533999480307102,7.050626279000030,51.599008241000000,0,05220428700000891002
05,5,13,000,2022,04,14,3,3,2,6,0,0,1,0,0,0,0,367444.625298216007650,5708505.779546529985964,7.089745062000080,51.512109115999998,0,05220426700000491754
05,5,66,048,2022,05,20,6,3,2,7,1,0,1,0,0,0,0,425657.028999993985053,5792939.373999689705670,7.910208847000040,52.281786588999999,0,05220506709700038412
05,5,15,000,2022,04,21,3,3,5,3,2,1,1,0,0,0,0,403022.609999976004474,5754056.401999659836292,7.589579454000050,51.928777091000001,0,05220419702100565835
05,5,62,016,2022,04,17,7,3,5,3,0,0,1,0,0,0,0,376424.248999913979787,5738078.689999570138752,7.208633277000050,51.779920109000003,0,05220430701700647655
05,5,62,008,2022,04,15,4,3,5,3,0,1,1,0,0,0,0,384272.048107561015058,5719883.522011240012944,7.328379554000040,51.618067639000103,0,05220420701910685435
05,5,66,028,2022,04,10,6,2,0,1,0,1,1,0,0,0,0,412502.701200825977139,5791961.040468559600413,7.717682282000060,52.271056457000000,0,05220429709700776747
05,5,66,048,2022,04,18,4,3,4,2,0,0,1,0,0,0,1,426586.209999994025566,5793020.773999690078199,7.923809330000040,52.282643184999998,0,05220427709700981515
05,5,62,004,2022,05,07,3,3,3,6,0,0,1,0,0,0,0,383343.713999935018364,5719265.889999600127339,7.315182145000050,51.612324934000100,0,05220503701800255645
05,5,58,020,2022,04,16,4,2,0,1,0,1,0,0,0,0,0,393315.309389015019406,5755558.257390259765089,7.447985988000030,51.940499606000103,0,05220420706000087452
05,5,58,044,2022,05,23,1,3,8,1,2,0,1,0,0,0,0,397344.013584900007118,5744998.585228010080755,7.509716003000050,51.846346408999999,0,05220501706300610704
05,5,66,048,2022,04,09,7,2,8,7,0,0,1,0,0,0,0,425454.797946668986697,5788400.149927950464189,7.908247529000050,52.240956464000099,0,05220423709700872374
05,5,70,052,2022,04,23,1,3,9,1,2,1,0,0,0,0,0,422520.130292020970955,5746812.862278630025685,7.874709089000020,51.866717827999999,0,05220417711114276143
05,5,58,020,2022,04,17,7,3,5,3,0,1,1,0,0,0,0,391432.884569160989486,5759372.972007559612393,7.419406749000070,51.974420629000100,0,05220430706200584916
05,5,66,008,2022,04,23,3,3,5,3,2,0,1,0,0,0,0,399225.847999971010722,5780803.726999660022557,7.526491692000040,52.168505607000000,0,05220419709110170630
05,5,15,000,2022,04,15,1,3,2,6,0,0,1,0,1,0,0,407971.495954724028707,5756738.697464739903808,7.660815440000020,51.953727370000102,0,05220424702100539947
05,5,66,008,2022,04,19,7,3,0,2,0,1,1,0,0,0,0,399401.699999968986958,5781822.078999670222402,7.528760096000040,52.177690360000000,0,05220416709110080991
05,5,15,000,2022,04,11,5,3,5,2,0,1,0,0,0,0,1,408287.172999982023612,5760804.439999659545720,7.664321460000050,51.990324682000100,0,05220414702100572362
05,5,12,000,2022,04,12,5,3,2,6,0,0,1,0,0,0,0,353965.765999801980797,5711527.973999329842627,6.894383129000060,51.535942588000097,0,05220428701400577662
05,5,13,000,2022,04,18,6,3,2,2,0,0,1,0,0,0,0,367245.372999875980895,5708971.861999499611557,7.086699830000040,51.516250872000100,0,05220422700000345213
05,5,66,008,2022,05,17,6,3,2,6,0,0,1,0,0,0,0,397621.245211364992429,5780761.037406249903142,7.503050855000030,52.167826597000001,0,05220506709110379238
05,5,70,004,2022,05,07,4,3,0,6,0,0,1,0,0,0,0,424563.021999992022756,5736095.153999649919569,7.906708031000050,51.770649970000100,0,05220504711211882312
05,5,62,012,2022,04,08,6,2,5,3,0,1,1,0,0,0,0,360424.272999843000434,5726336.581999430432916,6.981548865000040,51.670646521999998,0,05220429701610690206
05,5,62,024,2022,05,13,3,3,5,3,0,1,1,0,0,0,0,370360.193999890005216,5725446.615999530069530,7.125479712000070,51.665029373000003,0,05220503701500685012
05,5,58,016,2022,04,09,3,3,4,2,0,1,1,0,0,0,0,382004.699999932025094,5744826.631999599747360,7.287190251000030,51.841769913000100,0,05220419706000086167
05,5,54,052,2022,04,19,2,2,8,1,0,0,0,0,1,0,0,380445.513094026013277,5771178.541519070044160,7.255396888000060,52.078259453999998,1,05220425705000091758
05,5,58,024,2022,05,11,7,3,5,2,0,0,1,0,0,0,0,391507.826999954995699,5736258.391999630257487,7.427760098000020,51.766687117000103,0,05220507706300778383
05,5,13,000,2022,04,11,5,3,5,3,0,0,1,0,0,0,1,364408.148999864002690,5712963.112999480217695,7.044297258000030,51.551444142999998,0,05220428700000191741
05,5,54,016,2022,04,05,2,3,0,7,1,0,1,0,0,0,0,367430.818528494972270,5759262.301829599775374,7.070206089000070,51.968219448000099,0,05220425705000721108
05,5,62,014,2022,05,19,7,3,0,1,0,0,0,0,1,0,0,361793.447999851021450,5713872.077999450266361,7.006251357000050,51.558977865000003,0,05220507701300279131
05,5,58,012,2022,05,16,5,2,5,2,0,1,0,0,0,1,0,374224.629999906988814,5755077.698999569751322,7.170578107000040,51.932193508000097,0,05220505706000085477
05,5,62,020,2022,05,15,3,3,2,6,0,0,1,0,0,0,0,368814.217999884975143,5718397.294999520294368,7.105780373000070,51.601321171999999,0,05220503701200691012
05,5,13,000,2022,04,17,7,3,2,2,0,1,1,0,0,0,0,366460.615999875997659,5715284.414999499917030,7.073000952000030,51.572794146000000,0,05220430700000191449
05,5,13,000,2022,04,05,3,3,4,2,0,1,1,0,0,0,0,367528.594999876979273,5709431.722999500110745,7.090606413000050,51.520449991000099,1,05220426700000491000
05,5,54,008,2022,05,11,6,3,5,3,0,1,1,0,0,0,0,335287.621999656024855,5745846.259998809546232,6.609110547000060,51.839106399999999,0,05220506705000981625
05,5,70,024,2022,05,07,4,2,2,6,0,0,1,0,1,0,0,417234.639525617007166,5750730.897030239924788,7.797022218000050,51.901178522000102,0,05220504711161287219
05,5,58,004,2022,04,18,7,2,9,1,0,0,0,0,1,0,0,403999.607029782026075,5737363.298765099607408,7.608420881000030,51.778900161000102,0,05220423706000710704
05,5,70,008,2022,04,08,2,3,0,5,0,0,1,0,0,0,0,434102.067540635005571,5733868.329840590246022,8.045355494000029,51.751834942000102,0,05220425711311076703
05,5,70,004,2022,04,14,5,3,5,2,0,0,1,0,0,0,1,424745.732999993022531,5735114.243999660015106,7.909568008000060,51.761856487999999,0,05220428711213089447
05,5,66,012,2022,05,15,5,3,5,3,0,0,1,0,0,0,0,407842.266999980027322,5770625.144999669864774,7.655197616000070,52.078523774000097,0,05220505709300874741
05,5,54,032,2022,04,22,7,3,8,6,2,0,1,0,0,0,0,324518.141576308000367,5746360.801998849958181,6.452686344000030,51.840448439000099,0,05220416705000476333
05,5,54,012,2022,05,11,2,3,5,3,0,1,1,0,0,0,0,349045.984999774023890,5745059.391999240033329,6.808999154000050,51.835925189000100,0,05220502705000820733
05,5,15,000,2022,04,19,3,3,3,2,0,1,1,0,0,0,0,405404.312999979010783,5756016.686999659985304,7.623668405000050,51.946806885000100,0,05220426702000191700
05,5,15,000,2022,05,16,2,3,3,4,0,1,0,1,0,0,0,405374.128937622008380,5755631.197818939574063,7.623335477000070,51.943336803000101,0,05220502702100391845
05,5,13,000,2022,05,22,5,3,0,7,2,1,0,0,0,0,0,364923.025999866018537,5716779.109999479725957,7.050252069000070,51.585859776000099,0,05220505700000289700
05,5,66,076,2022,04,05,4,3,3,2,1,0,1,0,1,0,0,394309.828999962017406,5792897.354999659582973,7.450859582000020,52.276275573000099,0,05220420709500591846
05,5,15,000,2022,05,06,1,2,8,1,1,0,1,0,0,0,1,407843.727999981027097,5754591.313999660313129,7.659532320000040,51.934404282999999,0,05220501702100074121
05,5,62,004,2022,04,12,7,2,5,3,0,1,1,0,0,0,0,385210.926999941002578,5717330.949999599717557,7.342770655000040,51.595317901000001,0,05220416701800689378
05,5,70,044,2022,04,15,5,3,8,3,0,0,1,0,0,0,0,416460.427623905998189,5766082.151307979598641,7.782036170000030,52.039055056000102,0,05220414711143091857
05,5,15,000,2022,04,19,3,2,8,1,0,0,1,0,0,0,0,400712.071999971987680,5747745.009999649599195,7.557804786000080,51.871641335000000,0,05220426702100291783
05,5,54,032,2022,04,15,4,3,5,3,0,1,0,0,0,0,0,323158.396999522985425,5747023.133998139761388,6.432630828000070,51.845968720000002,0,05220427705000565974
05,5,66,092,2022,04,14,5,3,2,6,0,0,1,0,0,1,0,425041.537850033026189,5796683.714126390404999,7.900354751000070,52.315360284000100,0,05220421709700812064
05,5,15,000,2022,05,12,7,2,7,3,0,1,1,0,0,0,0,411161.750643901003059,5751951.272983260452747,7.708462754000040,51.911213076000102,0,05220507702100242871
05,5,66,060,2022,04,11,7,3,7,1,0,0,1,0,0,0,0,389302.793107161007356,5790077.991512220352888,7.378425510000060,52.249952724000103,0,05220416709500639964
05,5,70,004,2022,04,15,7,3,8,1,0,0,1,0,0,0,0,428218.364999994984828,5738909.727999660186470,7.959092270000040,51.796433129000000,0,05220430711212591769
05,5,62,020,2022,04,10,5,2,0,1,0,1,0,0,0,0,0,373561.076999903016258,5713313.761999550275505,7.176113438000070,51.556720945000102,0,05220428701200957214
05,5,62,036,2022,04,12,6,3,6,7,0,0,0,1,0,0,1,389203.585445151024032,5720420.381148699671030,7.399412245000060,51.623885332000000,0,05220422701930981228
05,5,54,020,2022,04,13,2,3,5,2,0,0,1,0,0,0,0,363278.717999860993586,5784977.544999480247498,6.999495139000030,52.198274855000101,0,05220425705000021119
05,5,54,008,2022,05,18,3,2,5,3,0,1,1,0,0,0,0,339054.621999691007659,5750981.283998950384557,6.661348745000050,51.886336103000097,0,05220503705000176333
05,5,54,020,2022,05,19,1,3,0,1,0,1,0,0,0,0,0,365521.414203763997648,5786838.436791320331395,7.031550054000040,52.215547183000098,0,05220501705000051452
05,5,66,004,2022,05,08,2,3,2,6,0,0,1,0,0,0,0,394606.506233572028577,5768235.594650349579751,7.462864356000070,52.054686187000101,0,05220502709110965868
05,5,66,008,2022,04,07,5,3,5,7,0,1,0,0,0,0,0,399241.120999970007688,5779797.726999660022557,7.527013552000030,52.159466737000102,0,05220414709000879088
05,5,62,012,2022,05,07,6,3,5,3,0,1,1,0,0,0,0,360047.204999841982499,5726280.641999430023134,6.976122030000060,51.670050050999997,0,05220506701610402177
05,5,62,032,2022,05,13,4,3,1,6,0,0,1,0,1,0,0,374414.224999907019082,5718577.886999559588730,7.186530824000040,51.604220748000003,0,05220504701110289479
05,5,62,014,2022,05,15,2,3,5,2,0,1,0,0,0,1,0,361017.964999845018610,5714964.523999439552426,6.994639752000070,51.568604175000097,0,05220502701300141218
05,5,15,000,2022,04,08,4,3,5,3,0,1,1,0,0,0,0,403504.949999974982347,5760699.557999660260975,7.594726177000040,51.988571720000003,0,05220427702100579100
05,5,12,000,2022,04,09,3,3,0,7,0,0,0,0,0,0,1,354883.233428078005090,5709162.466573240235448,6.908576682000050,51.514923457000101,0,05220419701400475295
05,5,12,000,2022,04,17,5,3,5,3,0,1,1,0,0,0,0,357746.533537664974574,5709776.001210889779031,6.949566219000080,51.521164869000103,0,05220414701400277853