ULAND,UREGBEZ,UKREIS,UGEMEINDE,UJAHR,UMONAT,USTUNDE,UWOCHENTAG,UKATEGORIE,UART,UTYP1,ULICHTVERH,IstRad,IstPKW,IstFuss,IstKrad,IstGkfz,IstSonstige,LINREFX,LINREFY,XGCSWGS84,YGCSWGS84,STRZUSTAND,UIDENTSTLAE
05,5,66,008,2022,04,18,2,2,5,3,0,1,1,0,0,0,0,400790.635792620014399,5779774.808324559591711,7.549664567000040,52.159541382999997,1,05220425709000542437
05,5,58,016,2022,04,17,5,3,4,2,0,0,1,0,0,0,0,381563.553999931027647,5743828.467999599874020,7.281131424000020,51.832705859999997,0,05220421706000281060
05,5,62,016,2022,05,11,1,3,5,2,0,0,1,0,1,0,0,378656.035999922023620,5733705.265999590046704,7.242496021000020,51.741104135999997,0,05220501701700681160
05,5,13,000,2022,04,11,3,2,9,6,0,0,1,0,0,0,1,365581.484763248998206,5714009.748878840357065,7.060810258000060,51.561130480000003,0,05220419702340491226
05,5,62,012,2022,04,16,5,3,5,3,0,0,1,0,0,0,0,362163.599999853002373,5732180.371999460272491,7.004376024000070,51.723588067000001,0,05220421701620491722
05,5,66,044,2022,04,04,6,2,8,1,2,0,1,0,0,0,0,430449.587896740005817,5777662.495057200081646,7.983589787000030,52.145086870000100,0,05220415709800591839
05,5,62,036,2022,04,17,7,2,8,1,0,0,1,0,0,0,0,391649.740259632002562,5722328.370307349599898,7.434145010000070,51.641510963000002,0,05220416701930023901
05,5,15,000,2022,04,13,5,3,5,3,0,1,1,0,0,0,0,405130.740999979025219,5757065.174999659880996,7.619399846000020,51.956184547000099,0,05220428702100476731
05,5,58,020,2022,04,17,6,2,5,3,0,0,1,0,0,0,0,390389.550999953004066,5759757.977999639697373,7.404100566000070,51.977676070000001,0,05220429706200084916
05,5,62,014,2022,05,23,3,2,8,1,2,0,1,0,0,0,0,360551.734884391014930,5714159.540102019906044,6.988236388000080,51.561255418000002,0,05220503701300075486
05,5,15,000,2022,05,19,1,3,8,1,0,0,1,0,0,0,0,399481.292723236023448,5761312.105245529673994,7.535969663000060,51.993363737999999,0,05220501702100591714
05,5,62,032,2022,04,12,5,3,1,2,0,0,1,0,0,0,0,376621.421999914979097,5714721.384999570436776,7.219741735000070,51.570049322000003,0,05220414701120253957
05,5,66,076,2022,04,07,2,3,2,6,0,0,1,0,0,0,1,393990.624989619012922,5791985.934778559952974,7.446469196000070,52.268022968000103,1,05220425709500176732
05,5,15,000,2022,04,19,5,3,9,1,0,0,1,0,0,0,0,404896.742210859025363,5756264.573081090115011,7.616217179000050,51.948948442000102,0,05220421702000461625
05,5,12,000,2022,04,17,1,3,6,6,0,1,0,1,0,0,0,353936.840068690013140,5710542.920964330434799,6.894374920000080,51.527083812000100,0,05220424701400614019
05,5,54,004,2022,05,13,1,2,5,3,0,1,0,0,1,0,0,363878.249012059997767,5768979.214037040248513,7.014662933000070,52.054672683000000,0,05220501705000021108
05,5,58,016,2022,04,12,7,2,9,1,0,0,1,0,0,0,0,387611.078711308015045,5747265.272230629809201,7.367742491000060,51.864843874000002,0,05220416706100681081
05,5,66,056,2022,04,16,5,3,9,7,0,0,1,0,0,0,0,415665.268201941973530,5796270.595717259682715,7.762940686000040,52.310286706000099,0,05220414709700969049
05,5,54,012,2022,04,13,3,3,0,1,0,1,0,0,0,0,0,352119.537103285023477,5748500.830284750089049,6.852103463000050,51.867668285000001,0,05220426705000881028
05,5,62,028,2022,05,12,4,3,5,2,0,0,1,0,0,0,0,377833.124999917985406,5723276.811999579891562,7.234235386000020,51.647203305000097,0,05220504701920975334
05,5,62,008,2022,04,06,4,3,0,1,0,0,0,0,1,0,0,382471.236999934015330,5721096.606999590061605,7.301973104000070,51.628597204000101,0,05220427701910949550
05,5,66,060,2022,04,17,7,3,0,7,0,0,0,0,1,0,0,391323.594292523979675,5789899.823756310157478,7.408072525000020,52.248754317000099,0,05220423709500835185
05,5,54,028,2022,04,21,3,2,9,7,2,0,1,0,0,0,0,362567.604712173982989,5745203.694123649969697,7.005064766000030,51.840712876000097,0,05220419702340205047
05,5,62,014,2022,04,14,5,3,5,2,0,0,1,0,1,0,0,359192.726156260992866,5715962.189661540091038,6.967921382000040,51.577116326000102,0,05220428701300089683
05,5,62,032,2022,04,16,3,2,5,3,0,1,1,0,0,0,0,375671.405842454987578,5717843.782874610275030,7.204935204000040,51.597902202000100,0,05220426701110478327
05,5,66,040,2022,05,17,6,3,0,2,0,0,0,0,1,0,1,422210.094496921985410,5782378.163839760236442,7.862121270000050,52.186376717000002,0,05220506709800079184
05,5,13,000,2022,04,12,2,3,8,1,0,0,1,0,0,0,0,366083.985780727991369,5709582.051893159747124,7.069739864000040,51.521460284000099,0,05220418702340508339
05,5,54,036,2022,04,21,6,3,3,6,2,1,0,0,0,0,0,371569.133102199994028,5767487.143908780068159,7.127328522000030,52.043100654000099,0,05220429705000925217
05,5,15,000,2022,04,14,4,2,8,1,0,0,1,0,0,0,0,404273.964260309992824,5765827.200402540154755,7.604488574000070,52.034793440999998,0,05220427702350305173
05,5,12,000,2022,04,18,7,3,5,3,0,1,1,0,0,0,0,354998.550403708009981,5709430.980279380455613,6.910126979000040,51.517365853999998,0,05220423701400881320
05,5,70,008,2022,04,13,1,3,9,1,0,0,1,0,0,0,0,432241.257528931018896,5738656.603369720280170,8.017468290000069,51.794659442000103,0,05220417711314390829
05,5,13,000,2022,04,12,2,3,2,6,0,0,1,0,0,0,0,368729.608999886026140,5710290.645999520085752,7.107587130000070,51.528449346000102,0,05220418700000980343
05,5,54,064,2022,04,14,1,2,2,1,0,0,1,0,1,0,0,361763.810999850975350,5750959.203999450430274,6.991101302000060,51.892231412999998,0,05220417705000816030
05,5,62,032,2022,04,09,4,2,3,6,0,1,1,0,0,0,0,374730.524999907996971,5719069.360999559983611,7.190920177000070,51.608708112000002,0,05220420701110590836
05,5,62,008,2022,04,13,5,3,8,1,0,0,1,0,0,0,0,383533.514861012983602,5719727.875620950013399,7.317768556000030,51.616516407000098,0,05220421701910151884
05,5,70,004,2022,04,20,5,3,5,2,0,0,1,0,1,0,0,424921.947050881979521,5735432.732630549930036,7.912052023000060,51.764743261000000,0,05220428711213379615
05,5,70,020,2022,05,16,5,3,0,7,0,0,1,0,0,0,0,432779.571430535987020,5741305.908098639920354,8.024758978000021,51.818541525999997,0,05220505711421203028
05,5,62,020,2022,05,08,3,3,5,3,0,1,1,0,0,0,0,373561.076999903016258,5713313.761999550275505,7.176113438000070,51.556720945000102,0,05220503701200777704
05,5,54,004,2022,05,10,1,3,5,3,0,0,1,0,0,0,1,361847.855560665018857,5770639.910667289979756,6.984397457000060,52.069092095000002,0,05220501705000751911
05,5,66,012,2022,04,17,7,2,9,1,0,0,1,0,0,0,0,406071.839531419973355,5769724.589738479815423,7.629618654000070,52.070131818000000,0,05220423702350905210
05,5,15,000,2022,04,20,7,3,4,6,0,1,0,0,0,0,1,405657.288288137991913,5756973.591145140118897,7.627085273000030,51.955450932000097,0,05220430702100139947
05,5,58,036,2022,04,20,6,1,5,3,0,1,1,0,0,0,0,389288.279431350005325,5730150.423077019862831,7.397551961000030,51.711355194000099,0,05220422706300876763
05,5,66,040,2022,05,15,4,3,0,1,0,1,0,0,0,0,0,424248.672600427991711,5780388.475707530044019,7.892379031000080,52.168775176000103,0,05220504709800281124
05,5,15,000,2022,05,15,5,3,5,3,0,0,1,0,0,0,0,398325.310999969020486,5761984.131999660283327,7.518939781000030,51.999193451000103,0,05220505702000248146
05,5,58,016,2022,04,15,3,3,5,3,0,1,0,0,0,1,0,379736.257999925001059,5741844.038999600335956,7.255314312000050,51.814481245000103,0,05220419706100065763
05,5,62,016,2022,04,15,1,2,9,1,0,0,1,0,0,0,0,379782.024577671021689,5732214.947097009979188,7.259311080000030,51.727953008000000,0,05220417701700085497
05,5,70,036,2022,04,08,2,2,9,1,0,0,1,0,0,0,0,432236.796999996993691,5765473.148999669589102,8.012126889000060,52.035733165000103,0,05220425711121591857
05,5,62,012,2022,04,12,7,3,2,6,0,0,1,0,0,0,0,355914.559560196008533,5728322.831275199539959,6.915558540000060,51.687355539000102,0,05220416701610870156
05,5,62,020,2022,04,17,1,3,5,3,0,0,1,0,0,0,0,367052.520999877015129,5719595.802999500185251,7.079903695000040,51.611678481000098,0,05220424701200080906
05,5,66,028,2022,04,11,6,3,9,1,0,0,1,0,0,0,0,409183.114963845000602,5791597.945375350303948,7.669143763000020,52.267254655000002,0,05220429702350406778
05,5,54,052,2022,05,10,7,3,5,3,0,1,1,0,0,0,0,378447.228132018004544,5772684.172045449726284,7.225715188000040,52.091354744999997,0,05220507705000490507
05,5,15,000,2022,04,17,7,3,5,2,0,0,1,0,1,0,0,399723.236999970977195,5760755.196999650448561,7.539655153000070,51.988401959000001,0,05220416702100476731
05,5,62,032,2022,05,15,2,3,5,3,0,0,1,0,0,0,0,377066.514284726988990,5720282.838062049821019,7.224212112000030,51.620128787000098,0,05220502701110473585
05,5,13,000,2022,04,18,7,3,8,1,0,0,1,0,0,0,0,369384.907170457998291,5709065.398232069797814,7.117482733000030,51.517590208000101,0,05220430700000479621
05,5,62,012,2022,04,11,2,3,1,6,0,0,1,0,0,0,0,359332.290235137974378,5726268.973565819673240,6.965795244000050,51.669766664000100,0,05220418701610389672
05,5,15,000,2022,05,18,2,3,2,6,0,0,1,0,0,0,0,405056.992999977024738,5758224.115999660454690,7.618006593000080,51.966588987000101,0,05220502702100074700
05,5,15,000,2022,04,09,4,3,5,3,0,1,1,0,0,0,0,405421.711558435985353,5756104.740487930364907,7.623897242000060,51.947601307000099,0,05220427702100091749
05,5,62,004,2022,05,12,7,2,5,3,0,1,1,0,0,0,0,382791.092999934975524,5718483.173999600112438,7.307466302000020,51.605175387000003,0,05220507701800571551
05,5,70,028,2022,05,17,4,3,3,6,0,0,1,0,0,0,0,444682.494814235018566,5741957.669511560350657,8.197323453000021,51.825706199000102,0,05220504400410090778
05,5,54,032,2022,04,16,7,3,3,6,0,0,1,0,1,0,0,325333.659068051027134,5747621.468791989609599,6.463875229000050,51.852027878999998,0,05220416705000991732
05,5,62,036,2022,04,12,2,3,5,3,0,0,1,0,1,0,0,389586.440999950980768,5719098.195999619551003,7.405357394000020,51.612076704000103,0,05220418701930349550
05,5,70,004,2022,04,16,4,3,5,2,0,1,1,0,0,0,0,422754.756886284973007,5735229.710894550196826,7.880699017000040,51.762623371000103,0,05220427711215581052
05,5,66,076,2022,05,15,5,3,0,7,0,1,0,0,0,0,0,393660.209431928000413,5792978.456343050114810,7.441316098000070,52.276879176000101,0,05220505709500155927
05,5,62,004,2022,05,18,3,3,5,3,0,1,1,0,0,0,0,383343.713999935018364,5719265.889999600127339,7.315182145000050,51.612324934000100,0,05220503701800865786
05,5,13,000,2022,04,09,6,2,5,3,0,0,1,0,0,0,0,368460.561792659980711,5707840.836158630438149,7.104625125000040,51.506370848000103,0,05220429700000090481
05,5,66,084,2022,04,18,7,3,8,7,0,0,1,0,0,0,0,383531.598973794025369,5781149.162623790092766,7.296995989000040,52.168521220000102,0,05220430709300870597
05,5,13,000,2022,05,13,6,3,5,2,0,0,1,0,0,0,0,365479.995114066987298,5714341.694456939585507,7.059219992000070,51.564089302000099,0,05220506700000591186
05,5,12,000,2022,05,21,2,3,7,1,2,0,1,0,0,0,0,357422.992577471013647,5718805.360550289973617,6.941243902000050,51.602219610000098,0,05220502702340191820
05,5,62,012,2022,04,18,5,3,5,3,0,0,1,0,0,0,0,362735.028999855974689,5722838.566999459639192,7.016316961000030,51.639782361000101,0,05220428701610671583
05,5,62,032,2022,04,16,2,3,5,2,0,1,1,0,0,0,0,373985.193999905022793,5719166.349999560043216,7.180127442000070,51.609413437999997,1,05220425701110789479
05,5,15,000,2022,05,21,1,2,0,1,2,0,0,0,0,0,1,406271.889542620978318,5756566.305109780281782,7.636137555000060,51.951893978000001,0,05220501702100576106
05,5,13,000,2022,05,18,4,2,4,2,0,0,1,0,0,0,0,365238.654999868012965,5709878.681999489665031,7.057449353000040,51.523924899000100,0,05220504700000477617
05,5,62,024,2022,05,12,2,3,2,6,0,0,1,0,0,0,0,364207.612999863980804,5724453.871999479830265,7.036957420000020,51.654655309000098,0,05220502701500249485
05,5,62,012,2022,04,16,3,2,0,1,0,0,0,0,0,0,1,360410.138025055988692,5740398.388874799944460,6.975705125000050,51.796999125000099,0,05220419702340172367
05,5,62,024,2022,04,14,5,2,4,7,0,0,1,0,0,0,0,368614.697041128994897,5722009.578030319884419,7.101546717000080,51.633736841000001,0,05220421701500270518
05,5,15,000,2022,04,07,4,3,5,2,0,1,1,0,0,0,0,408550.255298335978296,5753668.319203020073473,7.670051484000060,51.926224364000099,0,05220420702100442488
05,5,13,000,2022,04,16,7,3,0,7,0,1,0,0,0,0,0,364901.918999866000377,5719327.626999479718506,7.048966175000030,51.608756614000100,0,05220416700000689346
05,5,12,000,2022,04,12,5,3,0,3,0,0,1,0,0,0,0,356366.735999819007702,5718104.192999379709363,6.926289784000060,51.595650759000101,0,05220428701400479393
05,5,13,000,2022,05,05,3,3,5,3,0,1,1,0,0,0,0,364620.082850408973172,5713926.257215449586511,7.046981378000050,51.560150248000099,0,05220503700000289526
05,5,62,012,2022,04,13,7,2,6,4,0,0,1,1,0,0,0,358925.519999834010378,5725121.167999420315027,6.960380282000070,51.659350756999999,0,05220423701610485352
05,5,66,008,2022,04,16,2,3,3,2,0,1,1,0,0,0,0,400034.006108067987952,5781258.634166889823973,7.538170283000060,52.172741187000000,0,05220418709110570516
05,5,15,000,2022,04,10,3,3,0,4,0,0,0,1,0,0,1,404681.410085639974568,5759540.943481880240142,7.612175647000070,51.978360832000099,0,05220419702100457476
05,5,58,008,2022,04,10,7,3,2,2,0,0,1,0,0,0,0,382165.876999931992032,5759141.397999609820545,7.284633691000070,51.970451912000001,0,05220430706200520577
05,5,13,000,2022,04,15,4,3,2,1,0,0,1,0,0,0,0,368831.921792011009529,5711247.606967680156231,7.108704749000030,51.537073115000098,0,05220420702000891864
05,5,13,000,2022,04,14,4,3,2,6,0,0,1,0,0,0,0,370384.627016965998337,5714816.742887070402503,7.129764753000070,51.569507076999997,0,05220427700000720256
05,5,62,004,2022,04,08,4,3,2,6,0,0,1,0,0,0,0,382891.602384714991786,5716532.058011510409415,7.309568311000020,51.587660330000098,0,05220420701800838825
05,5,15,000,2022,04,15,3,3,6,4,0,1,0,1,0,0,0,409783.850999984017108,5753867.874999660067260,7.687934169000070,51.928219400000003,0,05220419702100972463
05,5,62,020,2022,04,05,5,3,0,7,1,0,1,0,0,0,0,370513.513999892980792,5718559.717999530024827,7.130242745000030,51.603174082000102,0,05220421701200585643
05,5,62,020,2022,04,17,1,3,3,6,0,0,1,0,0,1,0,370278.354999891016632,5717572.496999530121684,7.127214128000050,51.594248039000000,0,05220424701200975292
05,5,62,012,2022,05,13,1,2,2,6,0,0,1,0,1,0,0,363787.843858860025648,5738784.740384840406477,7.025289490000030,51.783331806000000,0,05220501701610589520
05,5,66,012,2022,04,15,5,3,5,2,0,0,1,0,0,0,0,407013.519811881997157,5771356.985128159634769,7.642908337000050,52.084963211999998,0,05220414709110138480
05,5,70,032,2022,04,07,3,3,2,6,0,0,1,0,0,0,0,420500.488640009018127,5766719.190067100338638,7.840776654000020,52.045375460999999,0,05220426711151591857
05,5,62,014,2022,04,18,6,2,0,6,0,0,1,0,0,0,0,361602.402208603976760,5715169.473414739593863,7.002986300000030,51.570589630000001,0,05220422702340040998
05,5,66,072,2022,05,09,6,2,5,3,0,0,1,0,0,0,0,413943.247999986982904,5799784.267999690026045,7.736788616000070,52.341601362000098,0,05220506709700748432
05,5,70,028,2022,05,09,4,3,5,2,0,1,1,0,0,0,0,441101.002999997988809,5742709.893999660387635,8.145232782000051,51.832102749000100,0,05220504711413036320
05,5,15,000,2022,04,11,4,3,6,4,0,0,1,0,0,0,1,409075.458629782020580,5758606.047936170361936,7.676381113000050,51.970693855000000,0,05220427702100069191
05,5,15,000,2022,05,10,3,3,5,2,0,1,1,0,0,0,0,405435.184999978984706,5755190.813999660313129,7.624344582000050,51.939388813999997,0,05220503702100865409
05,5,66,044,2022,04,17,3,2,5,2,0,0,1,0,1,0,0,422458.328999991994351,5774367.755999679677188,7.867580082000070,52.114406381000002,0,05220419709800553162
05,5,70,008,2022,05,22,7,3,8,1,2,0,1,0,0,0,0,429581.887989771028515,5735811.376985300332308,7.979490030000020,51.768752726999999,0,05220507711314745036
05,5,54,020,2022,04,09,2,3,1,6,0,0,1,0,0,0,0,365203.873434265027754,5785342.657553209923208,7.027500498000050,52.202029558000000,1,05220425705000620950
05,5,15,000,2022,05,07,5,3,0,1,0,0,0,0,1,0,0,409033.626518269011285,5752919.248442250303924,7.677277042000070,51.919570405999998,0,05220505702100776765
05,5,54,012,2022,05,17,1,2,2,2,0,0,0,0,1,0,0,345210.668736101011746,5741709.307733939960599,6.754874838000030,51.804777257000097,0,05220501705000687336
05,5,70,040,2022,05,21,2,2,5,3,1,1,1,0,0,0,0,419393.999999990977813,5744328.728999660350382,7.829895693000030,51.843944256000000,0,05220502711231089244
05,5,54,044,2022,04,17,3,3,4,6,0,0,1,0,0,0,0,365252.241488451021723,5741998.826129809953272,7.045256994000060,51.812568247000101,0,05220426705000049444
05,5,54,004,2022,05,07,6,3,5,2,0,0,1,0,0,0,0,361850.302999852981884,5770641.677999460138381,6.984432426000070,52.069108585999999,0,05220506705000591758
05,5,66,008,2022,05,15,4,3,5,7,0,0,0,0,1,0,1,400952.258999972022139,5779509.896999659948051,7.552103784000050,52.157189424000101,0,05220504709110579617
05,5,62,024,2022,05,15,2,3,5,3,0,0,1,0,0,0,0,370912.178999893018045,5725512.178999540396035,7.133432319000060,51.665745643000001,0,05220502701500285348
05,5,62,036,2022,04,14,2,3,5,3,0,0,1,0,1,0,0,384216.381248157995287,5719893.740378029644489,7.327572472000040,51.618148030000000,0,05220425701930996413
05,5,70,028,2022,05,19,3,3,5,3,0,1,1,0,0,0,0,441703.343999999982771,5741468.579999660141766,8.154182230000060,51.821006227000098,0,05220503711411426853
05,5,15,000,2022,04,05,7,3,1,1,1,0,1,0,1,0,0,410734.001846447004937,5753032.849543330259621,7.701965469000070,51.920866736999997,0,05220430702100574754
05,5,15,000,2022,04,07,3,3,2,6,0,0,1,0,0,0,0,398341.435335777990986,5751966.015470460057259,7.522138436000030,51.909153279000101,0,05220426702330987270
05,5,13,000,2022,04,15,6,2,5,3,0,0,1,0,1,0,0,369690.777999887010083,5706243.817999520339072,7.122931108000050,51.492303624999998,0,05220422700000875453
05,5,58,032,2022,05,18,4,2,9,1,0,0,0,0,1,0,0,390484.976397874997929,5753801.231880020350218,7.407387467000040,51.924158313000099,0,05220504706100657449
05,5,62,004,2022,04,14,4,3,2,6,0,0,1,0,0,0,0,383017.832322573987767,5715684.643091260455549,7.311671923000060,51.580070247999998,0,05220427701800185088
05,5,15,000,2022,04,20,7,3,5,2,1,1,1,0,0,0,0,407221.709999979007989,5751347.411999659612775,7.651361535000040,51.905142837000000,0,05220423702100474121
05,5,13,000,2022,04,01,3,2,9,1,2,0,1,0,0,0,0,366241.209187182015739,5709714.105535769835114,7.071954563000080,51.522684251999998,0,05220419702340039209
05,5,66,076,2022,04,13,1,3,0,1,0,0,1,0,1,0,0,395968.093999963020906,5789117.367999659851193,7.476320965000070,52.242619707000102,0,05220417709500536405
05,5,54,008,2022,04,11,2,3,2,7,0,0,0,0,1,0,0,331446.610524976975285,5746570.982923439703882,6.553057302000070,51.844470610000002,0,05220418705000680892
05,5,70,036,2022,04,21,2,2,8,7,2,0,1,0,0,0,0,434060.536733976972755,5765947.851878070272505,8.038618287000080,52.040220450000000,0,05220425711121587268
05,5,58,032,2022,04,17,5,2,5,3,0,0,1,0,0,0,0,392750.227430057013407,5751383.070016070269048,7.441069335000070,51.902865451000103,0,05220428706000265766
05,5,70,040,2022,04,20,4,3,2,6,1,0,1,0,0,0,0,421632.998999990988523,5743146.174999659880996,7.862658665000030,51.833632537000000,0,05220427711231579152
05,5,13,000,2022,04,13,2,3,0,4,0,0,1,1,0,0,0,364264.975204575981479,5712731.061605449765921,7.042323033000060,51.549324411000001,1,05220425700000991843
05,5,70,048,2022,05,16,5,2,4,7,0,0,1,0,1,0,0,445114.896089600981213,5731071.593638700433075,8.205318200000020,51.727878300999997,0,05220505711321727091
05,5,70,028,2022,04,21,7,2,1,5,2,0,1,0,0,0,0,440703.912378350971267,5741175.454854800365865,8.139733563000050,51.818265799000102,0,05220416711411091389
05,5,66,016,2022,05,15,2,2,8,1,0,0,0,0,1,0,0,397552.372748056019191,5800331.279083070345223,7.496105849000060,52.343700947999999,0,05220502709500179230
05,5,13,000,2022,04,15,7,3,1,5,0,0,1,0,0,0,0,368791.953075914003421,5713279.035789069719613,7.107371250000030,51.555319766000103,0,05220430700000391741
05,5,15,000,2022,04,09,3,3,2,6,0,0,1,0,1,0,0,406220.355441118008457,5757533.245858269743621,7.635123966000040,51.960576612000096,0,05220426702100072348
05,5,13,000,2022,05,17,6,3,2,2,0,0,1,0,0,0,0,364902.154999864986166,5718799.895999480038881,7.049172913000060,51.604014296999999,0,05220506700000275986
05,5,54,020,2022,05,05,4,3,5,2,1,1,0,0,0,1,0,366340.324999874981586,5785820.047999509610236,7.043931473000040,52.206595825000100,0,05220504705000681002
05,5,70,028,2022,04,15,2,3,2,6,0,1,0,0,0,0,0,442053.099788438994437,5739222.396954629570246,8.159631872000030,51.800848793999997,0,05220418711411491692
05,5,66,076,2022,04,14,3,3,5,3,0,1,1,0,0,0,0,393190.224854302010499,5793344.696941490285099,7.434314029000060,52.280079532000101,0,05220419709500474762
05,5,58,016,2022,04,10,5,3,3,3,0,1,1,0,0,0,0,381769.785773466981482,5744190.619545079767704,7.283999276000030,51.836004271000000,0,05220421706100685357
05,5,54,012,2022,04,12,2,2,2,6,0,0,1,0,1,0,0,352587.245286409975961,5749397.702359010465443,6.858508693000030,51.875850342000000,0,05220418705000391635
05,5,15,000,2022,05,10,7,3,3,2,0,1,1,0,0,0,0,405574.813999979989603,5754354.143999650143087,7.626604836000070,51.931892142999999,0,05220507702100768269
05,5,66,084,2022,04,13,5,3,5,3,0,0,1,0,0,0,1,389918.483999953023158,5775440.830999639816582,7.392193178000070,52.118530282000101,0,05220421709300587315
05,5,70,032,2022,04,12,7,2,0,1,0,1,0,0,0,0,0,418532.161456320027355,5762877.388650350272655,7.812996846000030,52.010555777000000,0,05220416711151091695
05,5,70,024,2022,04,12,7,3,0,1,0,0,0,0,1,0,0,420470.601192498987075,5752247.218339219689369,7.843695686000050,51.915280438000103,0,05220430711161091269
05,5,62,014,2022,04,14,5,3,5,3,0,1,1,0,0,0,0,357325.020868720021099,5716943.657252689823508,6.940587188000050,51.585465967000097,0,05220428701300489516
05,5,13,000,2022,04,15,6,3,0,5,0,1,1,0,0,0,0,364922.448999866028316,5718631.359999479725957,7.049530692000080,51.602504641000102,0,05220422700000089238
05,5,15,000,2022,04,12,2,3,5,3,0,0,1,0,0,0,1,409878.450999983004294,5761082.107999660074711,7.687416745000060,51.993081018000098,0,05220418702100454101
05,5,66,008,2022,05,07,3,3,5,3,0,1,1,0,0,0,0,399092.709999969985802,5781289.935999659821391,7.524401067000040,52.172851186999999,0,05220503709110672380
05,5,66,016,2022,05,19,1,3,0,1,0,1,0,0,0,0,0,404790.904278350993991,5793171.039515550248325,7.604355208000070,52.280650546000103,0,05220501709500535185
05,5,70,008,2022,04,11,1,3,0,6,0,0,1,0,0,0,0,432840.220023710979149,5736794.219893029890954,8.026512643000050,51.777988884000102,0,05220424301911668295
05,5,66,028,2022,05,05,2,3,5,3,0,1,1,0,0,0,0,412160.926762084010988,5793203.366054910235107,7.712351157000060,52.282168313000099,0,05220502709700455928
05,5,62,028,2022,05,16,6,3,5,2,0,0,1,0,1,0,0,378267.891471229027957,5723019.436278520151973,7.240605739000050,51.644984497000102,0,05220506701920149550
05,5,62,032,2022,04,18,2,3,5,3,0,0,1,0,0,0,1,375814.725187374977395,5714096.829720970243216,7.208328530000070,51.564259203000098,0,05220418701120191788
05,5,15,000,2022,05,15,4,2,3,6,0,0,1,0,0,0,0,405513.018575205991510,5754649.848198330029845,7.625625099000050,51.934539583999999,0,05220504702100776642
05,5,58,028,2022,04,21,4,3,8,1,0,0,0,0,1,0,0,401244.018918042012956,5731807.833442930132151,7.570068530000070,51.728485192999997,0,05220427706000685679
05,5,15,000,2022,04,17,4,3,5,3,0,1,1,0,0,0,0,407083.637602969014551,5751306.436629760079086,7.649366145000040,51.904751514000097,0,05220420702100991805
05,5,54,004,2022,04,14,5,3,0,3,0,1,1,0,0,0,0,364103.915652307972778,5772211.283851349726319,7.016665397000050,52.083769716000099,0,05220421705000091822
05,5,62,032,2022,04,12,1,3,3,2,0,1,1,0,0,0,0,379554.838999923027586,5719383.008999579586089,7.260447497000030,51.612579680000103,0,05220424701110773555
05,5,62,036,2022,05,01,1,2,6,4,2,0,1,1,0,0,0,388768.657999949995428,5719821.824999609962106,7.393321900000050,51.618419707000001,0,05220501701930625093
05,5,70,020,2022,04,05,5,2,5,3,2,1,1,0,0,0,0,427841.228999994986225,5741544.150999659672379,7.953075812000070,51.820067404000000,1,05220414711421881044
05,5,15,000,2022,05,09,6,3,5,3,0,1,1,0,0,0,0,407561.669999979028944,5761421.806999660097063,7.653592129000060,51.995753600999997,0,05220506702100176690
05,5,58,016,2022,04,07,6,3,3,6,0,1,0,0,0,0,0,386228.490738823020365,5747085.109199590049684,7.347731056000040,51.862944448000100,0,05220429706000476631
05,5,54,016,2022,04,19,4,3,3,7,0,1,1,0,0,0,0,362359.789410274010152,5760663.694188220426440,6.995873668000060,51.979579200000003,0,05220427705000091108
05,5,12,000,2022,04,13,7,3,8,1,0,0,0,0,1,0,0,356987.316999821981881,5707661.567999379709363,6.939488195000020,51.501973090000000,0,05220416701400489683
05,5,62,004,2022,04,07,5,3,1,5,0,0,1,0,0,0,0,382701.969789410999510,5711388.102654269896448,7.308549013000060,51.541388545000103,1,05220414701800777487
05,5,62,012,2022,04,15,6,3,5,3,0,0,1,0,1,0,0,358530.822808432974853,5727903.290761049836874,6.953551035000030,51.684250943999999,0,05220429701610351227
05,5,54,012,2022,05,14,3,2,0,7,0,1,0,0,0,0,0,351753.887720101978630,5746420.341345950029790,6.847689128000070,51.848878417000002,0,05220503705000005265
05,5,15,000,2022,05,20,1,3,0,1,0,1,0,0,0,0,0,406206.374747621011920,5756684.545601249672472,7.635152252000070,51.952945736000103,0,05220501702100339947
05,5,62,014,2022,04,13,6,3,5,3,0,1,1,0,0,0,0,360150.533999841019977,5715618.024999430403113,6.981871874000030,51.574262089999998,0,05220429701300349921
05,5,66,072,2022,04,08,7,3,4,2,0,1,1,0,0,0,0,412792.253554620023351,5802274.928852350451052,7.719250919000050,52.363806040999997,0,05220423709700370497
05,5,62,032,2022,04,15,7,3,5,2,0,0,1,0,0,0,1,375888.016067143995315,5714217.483845760114491,7.209342766000020,51.565359684999997,0,05220430701120689502
05,5,70,044,2022,05,07,6,3,4,2,0,1,1,0,0,0,0,416352.528350452019367,5759112.979245900176466,7.782165309000050,51.976393520999999,0,05220506711141287234
05,5,62,032,2022,05,21,2,3,5,3,0,0,1,0,0,0,0,374254.372999907005578,5715080.137999559752643,7.185476895000020,51.572750544000002,0,05220502701120590836