ULAND,UREGBEZ,UKREIS,UGEMEINDE,UJAHR,UMONAT,USTUNDE,UWOCHENTAG,UKATEGORIE,UART,UTYP1,ULICHTVERH,IstRad,IstPKW,IstFuss,IstKrad,IstGkfz,IstSonstige,LINREFX,LINREFY,XGCSWGS84,YGCSWGS84,STRZUSTAND,UIDENTSTLAE
05,5,62,016,2022,04,14,1,3,5,3,0,1,1,0,0,0,0,374735.595999908982776,5732459.678999559953809,7.186192250000030,51.729047627000099,0,05220424701700838984
05,5,12,000,2022,05,23,1,2,8,7,2,0,1,0,0,0,0,356291.568455811007880,5708768.211413280107081,6.929019995000030,51.511740743000097,0,05220501701400189516
05,5,70,044,2022,05,16,6,3,2,6,0,0,1,0,0,0,0,414824.790424189006444,5759687.635764979757369,7.759785697000040,51.981326965999997,0,05220506711142151245
05,5,62,016,2022,04,16,7,2,9,1,0,0,1,0,0,0,0,373876.848857399018016,5735898.346512810327113,7.172517702000050,51.759757638000103,0,05220416702330679352
05,5,66,076,2022,04,10,3,3,5,7,0,1,0,0,0,0,0,394534.998911601025611,5792884.904909229837358,7.454162571000040,52.276206923000103,0,05220426709500611903
05,5,70,052,2022,05,08,4,3,8,1,0,0,1,0,0,0,0,426831.715577761991881,5750058.816166680306196,7.936628782000070,51.896479808000002,0,05220504711114391829
05,5,62,014,2022,04,14,6,2,0,1,0,1,0,0,0,0,0,360173.988180127984378,5715578.364114910364151,6.982225895000060,51.573911514000002,0,05220429701300989735
05,5,66,064,2022,04,17,3,3,0,6,0,1,0,0,0,0,1,395740.537084507988766,5772743.243666649796069,7.478020186000040,52.095413979999996,0,05220419709000187292
05,5,66,016,2022,04,06,2,2,9,1,1,1,0,0,0,0,0,405676.621636250987649,5791796.843145649880171,7.617718926000070,52.268452086000103,1,05220425709500591846
05,5,62,012,2022,04,11,3,3,0,1,0,0,0,0,1,0,0,358515.820999832998496,5727928.905999409966171,6.953323790000070,51.684477335000103,0,05220419701610591722
05,5,13,000,2022,04,19,7,3,9,1,0,0,1,0,0,0,0,364820.023999864992220,5709842.624999480322003,7.051432477000050,51.523500827000099,0,05220430700000591449
05,5,62,014,2022,04,11,4,2,2,2,0,0,1,0,0,0,0,361216.135494833986741,5715344.355386000126600,6.997347230000060,51.572066196000002,0,05220420701300889552
05,5,62,024,2022,04,15,5,3,5,3,0,1,1,0,0,0,0,369104.939594027993735,5724837.101590280421078,7.107568314000050,51.659260936000102,0,05220428701500548703
05,5,62,004,2022,04,09,4,3,2,6,0,0,0,0,0,1,0,386579.667193480010610,5716345.237008860334754,7.362841232000050,51.586735654000101,0,05220427301911180561
05,5,66,076,2022,05,19,7,3,9,1,0,0,1,0,0,0,0,398976.042881503992248,5794772.417808639816940,7.518666651000050,52.294005009999999,1,05220507702350015187
05,5,54,024,2022,05,11,3,2,5,2,0,0,1,0,0,0,0,371065.893821211997420,5775786.210247630253434,7.116858143000060,52.117559115000098,0,05220503705000290999
05,5,62,012,2022,04,09,7,3,0,1,0,1,0,0,0,0,0,358954.850352369016036,5725102.571423660032451,6.960811547000050,51.659191014000001,0,05220416701610151227
05,5,62,012,2022,04,14,5,3,5,3,0,0,1,0,0,0,0,359438.328877050022129,5724996.865618189796805,6.967839292000060,51.658362277999998,0,05220414701610747459
05,5,58,016,2022,04,09,6,3,5,3,0,1,1,0,0,0,0,382004.699999932025094,5744826.631999599747360,7.287190251000030,51.841769913000100,0,05220422706100465766
05,5,13,000,2022,04,22,4,2,4,2,2,0,1,0,0,0,0,370524.946999892999884,5709529.423999530263245,7.133733883000050,51.522022826000097,0,05220427700000877617
05,5,15,000,2022,05,17,5,3,3,6,0,1,0,0,0,0,0,405477.762999979022425,5754900.428999659605324,7.625043586000060,51.936785934000099,0,05220505702100574754
05,5,66,080,2022,04,16,4,2,5,3,0,0,1,0,1,0,0,408691.647289903019555,5779236.665990020148456,7.665278251000070,52.156067792000002,0,05220420709110779238
05,5,54,008,2022,04,19,1,3,2,6,0,0,1,0,1,0,0,336851.273992231988814,5743750.776956929825246,6.632774440000050,51.820740522000101,0,05220417705000091732
05,5,66,068,2022,04,15,2,2,5,2,0,0,1,0,0,0,0,374333.525660533981863,5784593.900151080451906,7.161297103000040,52.197458148000102,1,05220425709300187307
05,5,58,036,2022,04,12,5,3,5,3,0,0,1,0,0,0,0,391924.150999956997111,5727649.055999630130827,7.436463456000070,51.689386755000001,0,05220428706000776677
05,5,54,056,2022,05,12,5,2,0,1,0,1,0,0,0,0,0,357583.797210971999448,5762535.405964730307460,6.925603515000030,51.995193162000099,0,05220505705000030800
05,5,70,028,2022,04,17,7,2,5,3,0,0,1,0,1,0,0,441146.762741393991746,5742210.565790530294180,8.145981700000050,51.827618502000099,0,05220423711412527091
05,5,66,004,2022,04,10,6,3,3,6,0,0,0,0,1,0,1,393018.379848054028116,5763859.046501619741321,7.441080172000060,52.015047324000101,0,05220429709000687292
05,5,54,032,2022,04,15,2,3,5,3,0,0,1,0,0,0,0,325839.904999552993104,5743518.411998320370913,6.473282879000070,51.815330512999999,0,05220425705000091732
05,5,54,012,2022,05,10,7,2,8,1,0,0,1,0,0,0,0,356165.852697901020292,5739114.679738190025091,6.914731198000030,51.784389226000002,0,05220507705000620853
05,5,54,008,2022,05,16,2,3,0,2,0,1,1,0,0,0,0,335746.809999659017194,5746087.533998819999397,6.615655116000030,51.841409099000003,0,05220502705000081024
05,5,15,000,2022,05,09,4,3,2,6,0,0,1,0,0,0,0,405018.530961112002842,5758088.839145819656551,7.617484334000040,51.965366495000097,0,05220504702100668372
05,5,15,000,2022,05,08,2,3,5,3,0,1,0,0,0,0,0,406063.776255014992785,5757742.585285980254412,7.632788548000060,51.962431817999999,0,05220502702100674777
05,5,66,076,2022,04,01,4,3,0,7,2,0,0,0,1,0,0,399665.991579802997876,5791787.779558070003986,7.529668130000060,52.267306818000101,0,05220420709500079091
05,5,62,014,2022,04,07,4,3,2,6,0,0,1,0,0,0,0,359550.173456850985531,5713375.744456330314279,6.974110024000030,51.553963707000001,0,05220427702340787398
05,5,70,016,2022,04,21,3,2,8,1,2,0,1,0,0,0,0,413659.708232232020237,5740152.749312619678676,7.747716973000020,51.805548728000097,0,05220419711221089447
05,5,70,008,2022,04,14,5,2,0,7,0,1,0,0,0,0,0,434061.741604327980895,5734467.544317110441625,8.044657724000050,51.757217185000101,0,05220421711311684994
05,5,13,000,2022,04,13,1,3,0,7,0,1,0,0,0,0,0,367930.964763401017990,5708756.716477819718421,7.096655519000020,51.514478113000102,0,05220424700000474766
05,5,12,000,2022,04,16,3,2,5,2,0,0,1,0,0,0,1,355647.304999814019538,5719406.073999360203743,6.915374551000070,51.607165071000097,0,05220426701400089644
05,5,13,000,2022,04,07,6,3,2,6,0,0,1,0,0,0,0,366214.779021323018242,5711346.936530879698694,7.070953551000060,51.537351561999998,0,05220422700000985656
05,5,15,000,2022,04,12,2,3,0,3,0,1,1,0,0,0,0,406128.461999979976099,5757704.004999659955502,7.633740283000070,51.962095966000000,0,05220425702100391863
05,5,15,000,2022,05,09,3,3,5,3,0,1,1,0,0,0,0,403008.771965047984850,5758690.420537480153143,7.588070571000060,51.970426656000001,0,05220503702100768372
05,5,62,032,2022,05,16,1,2,9,1,0,0,0,0,1,0,0,373143.829830406000838,5720395.792704660445452,7.167538326000060,51.620273441999998,0,05220501702340008416
05,5,66,040,2022,04,16,2,1,4,2,0,0,1,0,0,0,0,418819.644423034973443,5784264.845415240153670,7.812086426000060,52.202846948000101,0,05220418709800687280
05,5,58,040,2022,05,22,2,2,8,1,2,0,1,0,0,0,0,381511.146142856974620,5766969.383117100223899,7.272399811000070,52.040661776000000,0,05220502706200281907
05,5,12,000,2022,04,14,5,2,3,6,0,0,1,0,0,0,0,355893.651157786021940,5713404.202588420361280,6.921392479000080,51.553297304000097,0,05220414702340279605
05,5,58,032,2022,05,16,2,3,5,3,0,0,1,0,0,0,0,380470.632316700997762,5755382.823097120039165,7.261274771000050,51.936312063999999,0,05220502706000879112
05,5,54,004,2022,04,19,3,3,2,6,0,0,1,0,1,0,0,364617.533986905007623,5772727.300339859910309,7.023951701000040,52.088532214000097,0,05220419705000891822
05,5,66,060,2022,04,14,2,3,5,2,0,1,1,0,0,0,0,388629.895195467979647,5788690.374985789880157,7.369030113000060,52.237346526000103,0,05220425709500341172
05,5,15,000,2022,04,18,5,3,5,3,0,0,1,0,0,0,1,404393.599360315012746,5761265.166315809823573,7.607505864000070,51.993809257000102,0,05220421702100291787
05,5,54,004,2022,05,13,7,3,2,1,0,0,1,0,0,0,0,364467.132670158986002,5772572.334549110382795,7.021819449000080,52.087102967000099,0,05220514705000287233
05,5,58,008,2022,05,14,2,3,8,1,0,0,0,0,1,0,0,380529.114980191981886,5761579.920309159904718,7.259969223000040,51.992017121000103,0,05220509706000070570
05,5,15,000,2022,05,11,7,3,0,5,0,1,1,0,0,0,0,401138.603999971994199,5761917.612999659962952,7.559925046000050,51.999103619000003,0,05220514702100079175
05,5,58,024,2022,05,15,3,2,5,3,0,0,1,0,0,0,0,384624.486999937973451,5733549.808999610133469,7.328951884000050,51.740967576999999,0,05220510706300887272
05,5,62,024,2022,05,10,5,2,5,3,0,0,1,0,0,0,0,369815.926754064974375,5725121.694356610067189,7.117735511000030,51.661983597000102,0,05220512701500295026
05,5,15,000,2022,05,06,2,3,5,2,0,1,1,0,0,0,0,404650.300999977975152,5760135.902999660000205,7.611557492000030,51.983703197000096,0,05220516702100572345
05,5,62,008,2022,05,13,1,3,0,1,0,1,0,0,0,0,0,383768.516863165015820,5720297.192607940174639,7.320972465000070,51.621681821999999,0,05220515701910489734
05,5,70,008,2022,05,13,2,2,8,1,0,0,0,0,1,0,0,434080.326999995973893,5733786.068999660201371,8.045056189000039,51.751092851000102,0,05220509711311980621
05,5,62,020,2022,05,08,2,3,2,6,0,0,1,0,0,0,0,370313.649782966997009,5718767.792197420261800,7.127281458000030,51.604998006000102,0,05220516701200985659
05,5,15,000,2022,05,01,1,3,2,2,2,0,1,0,0,0,0,405933.542393459996674,5756172.521842950023711,7.631323468000060,51.948297347999997,0,05220508702100865384
05,5,66,068,2022,05,14,3,2,5,2,0,0,1,0,1,0,0,371978.673966869013384,5785485.042698740027845,7.126524789000030,52.204924047000098,0,05220510709300735083
05,5,15,000,2022,05,14,1,2,5,2,0,1,0,0,0,0,0,405773.306999979016837,5758001.692999660037458,7.628491076000050,51.964711637000100,0,05220508702100079101
05,5,62,012,2022,05,17,2,3,5,3,0,1,1,0,0,0,0,362845.384232192998752,5731812.500482410192490,7.014385493000020,51.720449549000101,0,05220509701620373484
05,5,13,000,2022,05,13,3,3,5,3,0,1,1,0,0,0,0,366546.975999874004629,5714538.824999489821494,7.074529557000060,51.566114321999997,0,05220510700000389238
05,5,54,004,2022,05,16,5,3,9,1,0,0,1,0,0,0,0,357063.960518606996629,5773960.887424569576979,6.913259181000060,52.097716796999997,0,05220512705000296634
05,5,62,032,2022,05,10,6,2,6,4,0,0,0,1,0,1,0,376147.418710589990951,5715218.036816519685090,7.212730718000050,51.574408928000103,0,05220513701120491788
05,5,62,008,2022,05,11,1,3,0,1,0,1,0,0,0,0,0,386060.494323253980838,5724054.164948989637196,7.352843281000050,51.655917428000102,0,05220515701910595112
05,5,54,016,2022,05,18,2,3,0,1,0,1,0,0,0,0,0,363616.748223810980562,5757235.938154419884086,7.015525049000080,51.949088648999997,0,05220509705000691822
05,5,54,004,2022,05,12,4,3,5,3,0,1,1,0,0,0,0,354163.668422100017779,5777410.147632589563727,6.869471433000060,52.127950120999998,0,05220511705000021119
05,5,13,000,2022,05,19,5,3,5,2,0,1,1,0,0,0,0,364933.013999868009705,5716781.101999480277300,7.050395383000020,51.585880070000002,0,05220512700000589700
05,5,66,056,2022,05,15,7,3,0,7,0,0,1,1,0,0,0,416546.791483211971354,5797887.163602390326560,7.775467003000070,52.324951783000103,0,05220514709700876376
05,5,66,012,2022,05,13,3,3,2,6,0,0,1,0,0,0,0,405958.300751649017911,5773658.932405670173466,7.626877488000050,52.105475372000100,0,05220510709110855929
05,5,66,092,2022,05,14,5,2,4,6,0,0,1,0,0,0,0,425432.226999994018115,5796695.027999689802527,7.906082542000040,52.315515191000003,0,05220512709700448420
05,5,15,000,2022,05,07,6,3,4,6,0,1,0,0,0,0,0,398717.892999968025833,5753691.612999649718404,7.527101705000060,51.924731723000001,0,05220513702100772721
05,5,58,004,2022,05,18,4,2,5,3,0,0,1,0,0,0,0,403160.256251131999306,5738139.712610919959843,7.596041304000040,51.785734411000099,0,05220511706300187272
05,5,15,000,2022,05,18,5,3,6,7,0,0,1,1,0,0,0,404858.495919473003596,5758315.641521950252354,7.615092814000040,51.967377715000097,0,05220512702100076680
05,5,15,000,2022,05,10,4,3,4,2,0,1,1,0,0,0,0,406596.982762805011589,5761190.339813970029354,7.639608333000070,51.993511648999998,0,05220511702100835374
05,5,66,088,2022,05,05,1,3,0,7,1,0,0,0,1,0,0,413145.995999985025264,5783869.512999679893255,7.729186609000070,52.198428714000002,0,05220515709000524120
05,5,15,000,2022,05,17,5,3,5,3,0,1,1,0,0,0,0,408121.059006195981055,5760390.764504269696772,7.662013772000020,51.986578895000001,0,05220512702100291782
05,5,15,000,2022,05,11,2,3,2,6,0,0,1,0,0,0,0,401644.689612678019330,5759060.211829329840839,7.568113927000070,51.973510697999998,0,05220509702100370583
05,5,62,014,2022,05,10,4,3,2,6,0,0,1,0,0,1,0,356487.961504045000765,5714858.745771500281990,6.929365122000040,51.566518968000103,0,05220511702340096525
05,5,12,000,2022,05,09,5,2,5,3,0,0,1,0,0,0,0,357764.235999827971682,5719536.560999399982393,6.945871316000020,51.608876302000098,0,05220512701400985489
05,5,15,000,2022,05,22,7,2,8,1,2,1,0,0,0,0,0,405516.778999980015215,5756531.779999660328031,7.625162639000050,51.951455883999998,0,05220514702100479603
05,5,62,014,2022,05,10,2,3,5,2,0,1,1,0,0,0,0,360309.943999841983896,5715386.737999429926276,6.984262707000030,51.572223256000001,0,05220509701300487645
05,5,62,014,2022,05,13,5,3,5,2,0,1,1,0,0,0,0,360414.633958932012320,5718021.247584680095315,6.984724964000070,51.595922977999997,0,05220512701300661166
05,5,54,016,2022,05,17,1,3,4,2,0,0,1,0,1,0,0,363493.998999861010816,5757118.958999480120838,7.013786571000030,51.948007409000098,0,05220508705000876745
05,5,66,012,2022,05,13,3,2,9,1,0,0,1,0,0,0,0,402431.008844437019434,5770494.530958670191467,7.576297383000050,52.076422659999999,0,05220510709000779088
05,5,70,036,2022,05,14,6,3,0,3,0,1,1,0,0,0,0,434841.934540419024415,5759270.385425900109112,8.051279596000031,51.980284369000103,0,05220513711121081965
05,5,13,000,2022,05,14,6,2,6,4,0,0,0,1,0,0,1,365304.163999867974780,5715943.462999490089715,7.056070697000050,51.578441531000102,0,05220513700000071568
05,5,66,032,2022,05,22,2,3,9,7,2,1,0,0,0,0,0,413509.821191277005710,5777968.200726429931819,7.736012949000040,52.145441955000102,1,05220516709800048557
05,5,13,000,2022,05,07,4,3,3,6,0,0,1,0,0,0,1,367074.794999876990914,5709230.370999500155449,7.084145386000050,51.518533896000100,0,05220511700000167038
05,5,58,024,2022,05,13,7,3,8,1,0,1,0,0,0,0,0,394577.672396900015883,5741561.432218420319259,7.470618530000020,51.814937717000099,0,05220514706300191702
05,5,62,004,2022,05,23,7,3,5,3,2,0,1,0,0,0,0,382902.147999933979008,5712856.609999589622021,7.310945464000040,51.554628681000104,0,05220514701800607528
05,5,66,028,2022,05,08,3,3,5,3,0,1,1,0,0,0,0,413739.309999986027833,5792330.736999680288136,7.735706047000060,52.274574809999997,0,05220510709700591161
05,5,70,052,2022,05,17,6,3,5,3,0,0,1,0,0,0,0,432382.496222582994960,5755259.230207719840109,8.016264789000051,51.943931448000100,0,05220513711113287234
05,5,62,032,2022,05,15,7,2,6,4,0,0,1,1,0,0,0,375500.218999910983257,5719739.683999559842050,7.201791713000030,51.614903106000000,0,05220514701110686116
05,5,70,028,2022,05,13,3,3,5,3,0,0,1,0,0,0,0,441127.676999998977408,5741754.674999659880996,8.145782312000049,51.823517930000001,0,05220510711411391389
05,5,54,048,2022,05,12,6,3,5,3,0,1,1,0,0,0,0,338713.300999686995056,5743086.902998940087855,6.660076400000040,51.815316944000102,0,05220513705000186007
05,5,62,032,2022,05,11,4,3,2,6,0,0,1,0,0,0,0,378521.175977977982257,5717445.402987940236926,7.246197328000050,51.594943639000100,0,05220511702340591761
05,5,70,008,2022,05,00,2,3,3,6,2,0,1,0,0,1,0,431328.181077692017425,5735386.149967930279672,8.004877472000031,51.765146899999998,0,05220509301911389263
05,5,54,012,2022,05,06,7,2,4,2,0,1,1,0,0,0,0,353242.550999801023863,5745435.430999320000410,6.869704020000030,51.840422342000103,0,05220514705000096551
05,5,62,036,2022,05,13,3,3,6,2,0,0,1,1,0,0,0,388486.621999948984012,5720520.747999610379338,7.389027285000050,51.624645808000103,0,05220510701930120045
05,5,15,000,2022,05,15,4,3,2,7,0,0,1,0,0,0,0,400112.600317677017301,5757434.539961179718375,7.546289917000020,51.958625714999997,0,05220511702330280977
05,5,58,044,2022,05,06,2,2,9,1,0,0,1,0,0,0,0,397777.381320110987872,5746713.431032990105450,7.515497839000030,51.861839242000002,0,05220516706000376729
05,5,70,032,2022,05,11,1,3,5,3,0,1,1,0,0,0,0,420777.780507603019942,5770820.709072370082140,7.843867386000060,52.082283839000098,0,05220515711151681091
05,5,54,012,2022,05,17,7,3,2,1,0,0,1,0,0,0,0,353540.023484273988288,5747921.959688399918377,6.872965397000030,51.862841870000103,0,05220514705000091795
05,5,70,008,2022,05,21,1,2,0,1,0,1,0,0,0,0,0,432713.465999995998573,5733755.401999659836292,8.025264183000051,51.750654631000003,0,05220515711311684994
05,5,54,012,2022,05,07,2,2,5,2,0,0,1,0,0,0,1,349060.728813375986647,5745900.534963189624250,6.808845981000050,51.843486528000000,0,05220509705000991737
05,5,12,000,2022,05,18,4,3,0,7,0,0,0,0,0,0,1,356407.216461365984287,5710088.687427730299532,6.930147433000060,51.523635716999998,0,05220511701400295167
05,5,62,004,2022,05,17,3,2,6,4,0,0,1,1,0,0,0,382567.191999933973420,5712371.899999589659274,7.306278065000070,51.550202619000103,0,05220510701800380945
05,5,54,012,2022,05,21,4,3,5,3,1,1,1,0,0,0,0,351222.645999787026085,5748233.943999280221760,6.839201456000070,51.865031921000103,0,05220511705000768257
05,5,54,012,2022,05,12,1,3,2,6,0,0,1,0,0,0,0,351938.289999791013543,5743578.270999300293624,6.851580486000050,51.823391690999998,0,05220515705000047595
05,5,15,000,2022,05,20,2,3,0,1,0,1,0,0,0,0,0,407963.278999981004745,5754487.652999660000205,7.661298480000030,51.933492300000097,0,05220509702100074698
05,5,13,000,2022,05,10,1,3,2,6,0,0,1,0,0,0,0,367560.084402475971729,5708638.520214609801769,7.091358081000070,51.513329095000103,0,05220508700000389275
05,5,62,024,2022,05,11,6,3,5,3,0,0,1,0,0,0,1,368587.025999882025644,5724442.270999520085752,7.100233355000060,51.655591920000099,0,05220513701500877638
05,5,62,014,2022,05,12,3,3,2,6,0,0,1,0,0,0,0,360444.795569180976599,5713898.141092530451715,6.986798402000030,51.558880016000003,0,05220510701300949493
05,5,58,032,2022,05,13,5,1,8,1,0,1,0,0,0,0,0,391856.251404883980285,5750185.275141670368612,7.428455920000030,51.891927191000001,0,05220512706000591823
05,5,70,008,2022,05,15,4,3,2,2,0,0,1,0,0,0,0,430828.479753002990037,5734790.945020560175180,7.997755994000040,51.759734524000102,0,05220511711313302909
05,5,12,000,2022,05,11,4,3,4,2,0,0,1,0,0,0,0,356545.173192427027971,5709478.374696929939091,6.932383113000070,51.518186606000000,0,05220511701400349493
05,5,58,044,2022,05,16,7,3,1,5,0,0,1,0,0,0,0,394959.844999962020665,5745940.574999639764428,7.474831261000080,51.854369525999999,0,05220514706000996566
05,5,15,000,2022,05,11,1,3,5,3,0,1,1,0,0,0,0,405724.843999976990744,5753734.786999659612775,7.628955999000030,51.926350491999997,0,05220508702100168269
05,5,54,056,2022,05,15,3,3,3,3,0,1,1,0,0,0,0,356836.322999824013095,5762419.263999390415847,6.914772279000030,51.993957442000102,0,05220510705000787239
05,5,70,048,2022,05,09,6,3,5,3,0,1,0,0,0,1,0,447742.453089690010529,5731898.072764719836414,8.243234861000079,51.735559922000000,0,05220513711321076703
05,5,62,032,2022,05,16,2,3,5,3,0,1,1,0,0,0,0,375888.814238095015753,5719348.988595769740641,7.207539762000070,51.611477678000000,1,05220516701110370161
05,5,54,008,2022,05,23,7,3,5,3,2,1,1,0,0,0,0,334729.108666561020073,5745738.622344730421901,6.601062498000030,51.837974460000098,0,05220514705000782335
05,5,54,056,2022,05,17,2,3,5,3,0,0,1,0,0,0,0,356898.296434117015451,5763720.851369230076671,6.915130844000030,52.005668179000097,0,05220509705000091707
05,5,15,000,2022,05,13,7,2,5,2,0,1,1,0,0,0,0,405874.756373091018759,5753183.459931409917772,7.631286262000060,51.921420252000097,0,05220514702100172399
05,5,70,024,2022,05,08,3,3,2,6,0,0,1,0,0,0,0,418403.051549563999288,5752244.732399449683726,7.813642358000040,51.914958986000002,0,05220510711161591829
05,5,62,004,2022,05,17,6,3,0,1,0,0,0,0,1,0,0,384405.073999937972985,5716654.983999599702656,7.331364387000060,51.589077685000099,0,05220513701800889378
05,5,58,012,2022,05,14,2,2,5,3,0,1,0,0,0,0,0,372205.664385167998262,5756051.637388769537210,7.140866690000050,51.940485739000103,0,05220516706000352435
05,5,15,000,2022,05,19,4,3,0,2,0,1,1,0,0,0,0,405898.773911635973491,5752299.112252029590309,7.631877073000060,51.913475335999998,0,05220511702100270586
05,5,70,052,2022,05,09,3,3,4,6,0,0,1,0,0,1,0,433515.132826500979718,5755574.944978330284357,8.032679368000061,51.946906163999998,0,05220510711113087234
05,5,62,032,2022,05,12,7,3,5,3,0,0,1,0,1,0,0,377978.771999918972142,5715123.808999580331147,7.239177475000080,51.573961443000002,0,05220514701120095020
05,5,70,004,2022,05,18,4,3,5,3,0,1,1,0,0,0,0,427781.611999994027428,5739240.769999659620225,7.952691089000040,51.799352890000101,0,05220511711212602909
05,5,62,020,2022,05,18,5,3,5,2,0,0,1,0,0,0,0,367863.306999880995136,5718349.738999510183930,7.092076049000070,51.600671512000098,0,05220512701200395159
05,5,62,014,2022,05,15,7,3,2,6,0,0,1,0,0,0,0,360528.670026524981949,5714434.411594529636204,6.987794804000030,51.563719732999999,0,05220514701300491091
05,5,15,000,2022,05,13,3,3,8,1,0,0,1,0,0,0,0,404057.645999976026360,5756222.625999660231173,7.604023668000020,51.948427305999999,0,05220510702100891845
05,5,66,056,2022,05,15,5,3,5,3,0,0,1,0,0,0,0,415418.298287876998074,5795023.856470800004900,7.759632178000060,52.299042548000003,0,05220512709700476657
05,5,15,000,2022,05,17,2,3,2,2,0,0,1,0,0,0,0,409082.807999981974717,5752841.590999660082161,7.678012480000060,51.918880399999999,0,05220516702100568269
05,5,54,024,2022,05,06,1,3,9,1,0,0,1,0,0,0,0,369244.743188351974823,5777797.599074309691787,7.089502232000030,52.135205315000100,0,05220515702340670606
05,5,62,032,2022,05,07,2,3,5,3,0,1,1,0,0,0,0,375993.342451279982924,5720915.217936459928751,7.208494283000050,51.625576645000102,0,05220516701110069387
05,5,66,084,2022,05,18,3,3,5,3,0,1,1,0,0,0,0,385379.390254452999216,5777838.374334179796278,7.325119117000040,52.139154435000101,0,05220510709300025047
05,5,54,056,2022,05,16,4,3,4,7,0,1,1,0,0,0,0,357756.946999830019195,5762281.577999399974942,6.928229096000050,51.992956872000001,0,05220511705000296621
05,5,13,000,2022,05,23,6,3,0,3,2,0,1,0,1,0,0,368677.646999882999808,5710177.447999520227313,7.106880682000050,51.527419979000101,0,05220513700000079621
05,5,54,020,2022,05,13,2,3,3,2,0,0,1,0,1,0,0,363819.049041795020457,5786610.941032730042934,7.006739206000020,52.213084973000001,0,05220516705000320896
05,5,62,032,2022,05,11,4,2,2,6,0,0,1,0,0,1,0,374460.830262864998076,5716262.493536739610136,7.188031851000060,51.583422511999999,0,05220511702340105235
05,5,62,012,2022,05,09,1,2,2,6,0,0,1,0,1,0,0,362432.842215989017859,5724739.521772170439363,7.011205123000020,51.656790661999999,0,05220515701610579195
05,5,62,016,2022,05,11,2,2,5,2,0,1,1,0,0,0,0,369466.913999887008686,5737511.340999529697001,7.108050077000030,51.773242179000100,0,05220509701700891836
05,5,70,020,2022,05,07,1,3,8,1,0,1,0,0,0,0,0,439379.789361090981402,5749661.242037669755518,8.119036985000040,51.894411947000002,0,05220515711422054394
05,5,62,012,2022,05,13,4,3,6,4,0,0,1,1,0,0,0,359098.416999835986644,5726741.432999419979751,6.962224917000070,51.673953474000001,0,05220511701610995084
05,5,70,016,2022,05,11,2,2,1,5,0,0,0,0,1,1,0,413006.379999984987080,5742403.174999659880996,7.737678356000060,51.825676659000102,0,05220516711221777896
05,5,13,000,2022,05,18,1,3,4,2,0,0,1,0,0,0,0,367440.830999877012800,5708555.801999510265887,7.089671606000020,51.512557763000103,0,05220515700000976318
05,5,54,008,2022,05,18,5,3,3,6,0,1,1,0,0,0,0,334942.662018697010353,5745873.368995320051908,6.604095053000040,51.839248087000001,0,05220512705000285645
05,5,13,000,2022,05,18,5,2,5,3,0,1,1,0,0,0,0,367722.220999879005831,5707878.265999509952962,7.093978518000030,51.506534878000103,0,05220512700000475255
05,5,70,040,2022,05,17,4,3,3,6,0,1,1,0,0,0,0,419380.189616227988154,5744332.845898600295186,7.829694302000060,51.843979271000102,0,05220511711231689244
05,5,62,014,2022,05,09,6,3,0,1,0,1,0,0,0,0,0,361730.561371873016469,5712093.282880869694054,7.006043960000060,51.542977849000103,0,05220513701300914019
05,5,66,044,2022,05,08,2,3,3,6,0,1,1,0,0,0,0,426190.289002749021165,5775875.256313100457191,7.921743982000070,52.128468341000001,0,05220509709800087328
05,5,62,032,2022,05,09,5,2,5,3,0,1,1,0,0,0,0,373970.002139501972124,5719200.948863659985363,7.179895726000040,51.609720977999999,0,05220512701110947576
05,5,13,000,2022,05,13,7,3,1,5,0,1,1,0,0,0,0,369677.092636675981339,5706462.282126249745488,7.122653417000040,51.494263787000101,0,05220514700000995111
05,5,62,032,2022,05,20,3,3,6,2,0,0,1,1,0,0,0,375867.056999912019819,5715011.306999569758773,7.208760101000050,51.572489338000103,0,05220510701120582384
05,5,66,076,2022,05,10,6,3,5,3,0,1,1,0,0,0,0,396390.798999965016264,5787036.389999659731984,7.483147422000060,52.223996759999999,0,05220513709500079230
05,5,66,012,2022,05,19,3,3,3,6,0,0,1,0,0,0,0,406753.594249585003126,5770827.878252529539168,7.639260670000060,52.080163718999998,0,05220510702350091777
05,5,70,004,2022,05,00,4,2,9,1,2,0,1,0,0,0,0,427347.251679037988652,5738283.245185039937496,7.946593756000030,51.790688713000101,1,05220511711212890683
05,5,62,032,2022,05,21,6,2,2,2,2,0,1,0,1,0,0,374587.053999906987883,5723333.274999559856951,7.187322339000050,51.646996100000102,0,05220513701110068262
05,5,62,004,2022,05,16,3,3,2,6,0,0,1,0,0,0,0,386879.858841935987584,5716250.204127259552479,7.367203058000030,51.585941849000100,0,05220517301911835443
05,5,62,014,2022,05,18,4,3,2,6,0,0,1,0,0,0,0,360534.662541750993114,5714365.804284400306642,6.987908423000020,51.563104704000096,0,05220511701300763432