ULAND,UREGBEZ,UKREIS,UGEMEINDE,UJAHR,UMONAT,USTUNDE,UWOCHENTAG,UKATEGORIE,UART,UTYP1,ULICHTVERH,IstRad,IstPKW,IstFuss,IstKrad,IstGkfz,IstSonstige,LINREFX,LINREFY,XGCSWGS84,YGCSWGS84,STRZUSTAND,UIDENTSTLAE
05,5,54,004,2022,05,08,2,2,5,3,0,0,1,0,0,0,0,359389.951999837998301,5768965.330999430269003,6.949251429000070,52.053427331000101,0,05220509705000081780
05,5,66,056,2022,05,00,1,3,8,1,2,0,1,0,0,0,0,414847.107977149018552,5798513.477765180170536,7.750374793000050,52.330320192000002,0,05220508709700945589
05,5,62,004,2022,05,14,7,2,1,5,0,0,1,0,0,0,0,382512.576708917971700,5716373.584745699539781,7.304152784000050,51.586157125000099,0,05220514701800673906
05,5,15,000,2022,05,07,3,3,1,6,0,0,1,0,0,0,0,408964.218999981996603,5756241.442999660037458,7.675388919000060,51.949421125000100,0,05220510702100042871
05,5,62,024,2022,05,07,5,3,5,2,0,1,1,0,0,0,0,371042.271999894990586,5725536.947999539785087,7.135303206000060,51.665998106000103,0,05220512701500095037
05,5,15,000,2022,05,16,2,3,3,6,0,1,1,0,0,0,0,405576.216383658000268,5756808.343922659754753,7.625951259000030,51.953951857000000,1,05220516702100291845
05,5,66,028,2022,05,21,2,3,9,1,2,0,1,0,0,0,0,412992.742724318988621,5793885.059595989994705,7.724365621000060,52.288427880000000,0,05220509709700668339
05,5,54,040,2022,05,09,6,3,5,2,0,1,1,0,0,0,0,351089.017999787000008,5737535.878999290056527,6.841861104000030,51.768875845000103,0,05220513705000596644
05,5,62,014,2022,05,20,2,2,5,3,1,0,1,0,0,0,1,360420.896383229002822,5717450.054991260170937,6.985042523000060,51.590791783000000,1,05220516701300995076
05,5,62,014,2022,05,15,7,3,2,1,0,0,1,0,0,0,0,360230.635776843992062,5713558.110358149744570,6.983846181000050,51.555771452000002,0,05220514702340305235
05,5,62,020,2022,05,10,7,3,5,3,0,1,0,0,0,0,1,372627.613999900000636,5718498.601999550126493,7.160775020000070,51.603106959000101,0,05220514701200085383
05,5,54,004,2022,05,08,3,3,1,6,0,0,1,0,0,0,0,365043.911508453020360,5771525.996905329637229,7.030646483000060,52.077842009999998,0,05220510705000472466
05,5,70,004,2022,05,13,6,3,5,3,0,1,1,0,0,0,0,426422.653999994974583,5739632.525999659672379,7.932904029000040,51.802697502999997,0,05220513711212089447
05,5,66,060,2022,05,08,1,3,8,7,0,0,1,0,0,0,0,388071.375478390022181,5789081.733528019860387,7.360724825000030,52.240750361000003,0,05220515709500996564
05,5,62,020,2022,05,13,2,3,5,2,0,0,0,0,1,0,1,368455.801723023003433,5718667.698949210345745,7.100506759000040,51.603667592000100,0,05220509701200870139
05,5,58,044,2022,05,21,7,3,0,6,1,0,1,0,0,0,0,395523.931745291978586,5751020.886112050153315,7.481480842000050,51.900137188000002,0,05220514702330591800
05,5,58,016,2022,05,18,5,3,1,5,0,1,0,0,0,0,1,380685.859636825975031,5744722.718911459669471,7.268091310000050,51.840555789000099,0,05220512706100391823
05,5,15,000,2022,05,22,3,3,0,1,2,1,0,0,0,0,0,398499.951948309026193,5753718.912756050005555,7.523925375000030,51.924937403000101,0,05220510702100005103
05,5,58,024,2022,05,19,4,2,0,2,0,1,0,0,1,0,0,392862.115126440010499,5740993.899087499827147,7.445915921000050,51.809510542000098,0,05220511706000376253
05,5,15,000,2022,05,17,4,2,0,7,0,1,0,0,0,0,0,401398.459999972023070,5764720.892999660223722,7.562901866000060,52.024346019000099,0,05220511702100776651
05,5,62,024,2022,05,14,5,3,5,3,0,0,0,0,0,0,1,370897.517653152986895,5725509.164942599833012,7.133221555000030,51.665715188000000,0,05220512701500061481
05,5,54,036,2022,05,15,1,3,0,2,0,0,1,0,1,0,0,369384.703999889024999,5766399.748999539762735,7.095911211000040,52.032819056000100,0,05220515705000081092
05,5,66,028,2022,05,12,2,3,6,6,0,1,0,1,0,0,0,412467.721249576017726,5792014.557510079815984,7.717155884000020,52.271531916000100,0,05220509709700561973
05,5,12,000,2022,05,12,6,3,2,6,0,0,1,0,0,0,0,360577.041423677990679,5709300.604093389585614,6.990525821000060,51.517598659999997,0,05220513502324478749
05,5,15,000,2022,05,19,1,3,5,3,0,1,1,0,0,0,0,403161.862999974982813,5759031.594999659806490,7.590202181000050,51.973519920999998,0,05220508702100672452
05,5,54,020,2022,05,19,6,3,0,3,0,1,1,0,0,0,0,365734.716986636980437,5787024.462929150089622,7.034596510000030,52.217270708999997,0,05220513705000281393
05,5,62,008,2022,05,08,2,3,2,2,0,0,1,0,0,0,0,386023.553405823011417,5724053.608205210417509,7.352309667000040,51.655904935000102,0,05220516701910248785
05,5,66,012,2022,05,14,4,3,5,1,0,0,1,0,0,0,0,405379.207846957026049,5773114.748731750063598,7.618575841000050,52.100485388999999,0,05220511709110087267
05,5,66,012,2022,05,17,6,3,5,2,0,0,1,0,0,0,0,406277.993999978993088,5772327.193999670445919,7.631910280000060,52.093559650000003,0,05220513709110691847
05,5,15,000,2022,05,15,4,3,4,2,0,0,1,0,0,0,0,403316.585286105982959,5759190.539570209570229,7.592409163000070,51.974975499000003,0,05220511702100176651
05,5,62,014,2022,05,08,5,3,5,3,0,1,1,0,0,0,0,361007.890999845985789,5715009.164999440312386,6.994476833000020,51.569002841000000,0,05220512701300854264
05,5,13,000,2022,05,22,2,3,1,5,2,0,1,0,0,0,1,362335.674540349980816,5711402.930564749985933,7.015034533000060,51.536922084000103,0,05220509700000375986
05,5,62,014,2022,05,11,5,3,0,1,0,1,0,0,0,0,0,360130.851999840990175,5714885.169999429956079,6.981879775000040,51.567671747000098,0,05220512701300478918
05,5,62,032,2022,05,10,7,3,5,3,0,0,1,0,0,0,0,375534.183142310997937,5720976.719208739697933,7.201842532000060,51.626027990000097,0,05220514701110057479
05,5,62,032,2022,05,12,3,2,2,6,0,0,1,0,0,0,0,376806.105796355986968,5721613.172826509922743,7.219984484000070,51.632027821000101,0,05220510701110991012
05,5,54,008,2022,05,05,4,3,0,7,0,1,0,0,0,0,0,331672.868496207986027,5745359.569113469682634,6.556928130000070,51.833656701999999,0,05220511705000774671
05,5,62,020,2022,05,20,4,3,5,3,0,1,1,0,0,0,0,368976.437999885994941,5718498.015999520197511,7.108083700000070,51.602264080000097,0,05220511701200394964
05,5,62,024,2022,05,20,2,3,9,1,1,0,1,0,0,0,0,366996.707341168017592,5726301.411211240105331,7.076549287000030,51.671924877000002,0,05220516701500580957
05,5,66,064,2022,05,16,7,3,9,7,0,0,1,0,0,0,0,394532.474121158011258,5774484.592189939692616,7.459852603000060,52.110835495000103,0,05220514709110596626
05,5,62,014,2022,05,15,7,2,5,2,0,1,1,0,0,0,0,361421.496048824978061,5713860.083065729588270,7.000893868000050,51.558778820000001,0,05220514701300595076
05,5,54,020,2022,05,17,3,3,6,5,0,0,1,1,0,0,0,365257.951824467978440,5786243.374986809678376,7.027932930000080,52.210136008000099,0,05220510705000580992
05,5,70,008,2022,05,10,3,3,8,5,0,0,1,0,0,0,0,433075.006366370012984,5733494.153540479950607,8.030551054000060,51.748349304999998,0,05220510711312519034
05,5,62,008,2022,05,19,4,3,2,6,0,0,1,0,0,0,0,385078.812999940011650,5723278.885999609716237,7.338912873000030,51.648749597000098,0,05220511701910873490
05,5,62,036,2022,05,09,4,3,1,5,0,1,1,0,0,0,0,387040.913999947020784,5719588.152999609708786,7.368451691000080,51.615975392999999,0,05220511701930774176
05,5,15,000,2022,05,07,2,3,1,6,0,0,1,0,0,0,0,399783.240999971982092,5757057.061999649740756,7.541608376000060,51.955173638000097,0,05220509702100966481
05,5,62,014,2022,05,07,4,3,5,2,0,1,1,0,0,0,0,357539.013999826973304,5716918.013999399729073,6.943684290000020,51.585289678999999,0,05220511701300996262
05,5,62,032,2022,05,12,2,2,8,1,0,0,1,0,0,0,0,376410.599414970027283,5718473.791894179768860,7.215380146000030,51.603726899000002,0,05220516701110695214
05,5,62,008,2022,05,19,3,2,5,2,0,1,1,0,0,0,0,384951.506999942008406,5722810.476999609731138,7.337227664000070,51.644513636000099,0,05220510701910985438
05,5,54,028,2022,05,13,4,3,3,6,0,0,1,0,0,1,0,357513.200223155028652,5745453.657868649810553,6.931643980000050,51.841692127000002,0,05220511705000596524
05,5,62,016,2022,05,16,1,2,0,1,0,0,0,0,1,0,0,376235.919396035023965,5737799.013995960354805,7.206004384000040,51.777365074000002,0,05220515701700780957
05,5,15,000,2022,05,19,1,3,5,2,0,1,1,0,0,0,0,404692.640999977011234,5758501.311999659985304,7.612627805000050,51.969018177000102,0,05220508702100079100
05,5,70,052,2022,05,11,1,2,4,6,0,0,1,0,0,0,0,428502.263532024982851,5756585.983294060453773,7.959546893000040,51.955373207000001,0,05220515711112802754
05,5,66,092,2022,05,12,2,2,5,3,0,0,1,0,0,0,0,419925.009904142993037,5794634.618630790151656,7.825798955000040,52.296219318000098,0,05220509709700091773
05,5,13,000,2022,05,14,7,3,2,6,0,0,1,0,0,0,0,370718.673105248017237,5715258.840833740308881,7.134419311000040,51.573556834000001,0,05220514702340554150
05,5,58,012,2022,05,17,3,3,5,3,0,1,1,0,0,0,0,373509.829077031987254,5756413.029512859880924,7.159695922000030,51.944031354000103,0,05220510706200884916
05,5,62,012,2022,05,16,5,3,5,3,0,1,1,0,0,0,0,359567.110999837983400,5725210.768999420106411,6.969613959000070,51.660316569000003,0,05220512701610485352
05,5,66,056,2022,05,06,2,3,5,1,0,1,1,0,0,0,0,414814.081999987014569,5798533.652999679557979,7.749885147000040,52.330496407000098,0,05220516709700948420
05,5,70,004,2022,05,07,2,3,2,6,0,0,1,0,0,0,0,425409.606159459974151,5735525.332520079798996,7.919097396000040,51.765640888000100,0,05220509711212974650
05,5,62,036,2022,05,00,7,2,0,1,2,1,0,0,0,0,0,390280.420240139006637,5717982.653656460344791,7.415725122000030,51.602185755000100,0,05220514701930048785
05,5,62,024,2022,05,22,3,3,5,2,2,0,1,0,0,0,0,366901.444999876024667,5723285.416999500244856,7.076320771000040,51.644799360000000,0,05220510701500581160
05,5,54,032,2022,05,15,6,3,5,3,0,1,1,0,0,0,0,325405.053999550000299,5747652.019998289644718,6.464895346000050,51.852324634000098,0,05220513705000687250
05,5,58,044,2022,05,21,2,2,8,1,2,0,1,0,0,0,0,399480.913254759972915,5747686.764139230363071,7.539944922000070,51.870897292999999,1,05220516706000089265
05,5,66,012,2022,05,16,3,2,2,6,0,0,0,0,0,1,1,406143.828539545007516,5769860.583984700031579,7.630631226000050,52.071366377000103,0,05220517702350001413
05,5,70,052,2022,06,07,4,3,5,3,0,1,1,0,0,0,0,430851.520999996981118,5757998.147999670356512,7.993443761000040,51.968365136000003,0,05220601711111587376
05,5,54,040,2022,05,14,6,2,5,2,0,0,1,0,0,0,0,351007.230153527983930,5737599.761036589741707,6.840649275000030,51.769428060999999,0,05220527705000796604
05,5,54,012,2022,05,14,7,3,2,1,0,0,1,0,0,0,0,344384.007191205979325,5744533.025381029583514,6.741626100000080,51.829916803000103,0,05220528705000196572
05,5,66,076,2022,05,12,1,3,0,7,0,0,1,0,0,0,0,393336.733999960997608,5791726.311999659985304,7.436972577000060,52.265563246000099,0,05220529709500496697
05,5,66,040,2022,05,03,3,2,0,7,2,0,0,0,0,1,1,419354.046881067974027,5784539.985556149855256,7.819839019000030,52.205398559000102,0,05220524702350805185
05,5,62,012,2022,05,21,2,2,8,1,1,0,1,0,0,0,0,356275.946396504994482,5728006.974233030341566,6.920912966000060,51.684610018999997,1,05220523702340087450
05,5,58,012,2022,05,02,7,2,4,1,2,1,0,0,0,0,0,369285.064776980027091,5746229.138345539569855,7.102126936000050,51.851540645999997,0,05220521706200979103
05,5,62,032,2022,05,09,7,3,5,3,0,1,1,0,0,0,0,377706.193999918003101,5716173.362999579869211,7.234880570000030,51.583335073999997,0,05220528701120195187
05,5,70,008,2022,06,04,4,2,1,6,2,0,1,0,0,1,0,431418.406306067015976,5735618.200212430208921,8.006138898000071,51.767244081999998,1,05220601301911794319
05,5,62,024,2022,05,18,5,3,2,6,0,0,1,0,0,0,0,364905.762720539991278,5724339.336890090256929,7.047087934000050,51.653794280000099,0,05220519701500794955
05,5,62,032,2022,05,21,3,2,5,3,2,0,1,0,0,0,0,374711.484362813003827,5721552.684288569726050,7.189757300000050,51.631021635000103,1,05220524701110195166
05,5,62,024,2022,05,08,7,3,2,2,0,0,1,0,0,0,0,367483.336373635975178,5723525.602061489596963,7.084634817000050,51.647095202999999,0,05220528701500570518
05,5,58,016,2022,05,10,6,3,1,5,0,0,1,0,0,0,0,387404.844999947992619,5747262.647999620065093,7.364749469000060,51.864778706000003,0,05220520706100820379
05,5,12,000,2022,05,13,4,3,2,6,0,0,1,0,0,0,0,355181.167316618026234,5709615.835770579986274,6.912681155000030,51.519073759000001,0,05220525701400479393
05,5,62,028,2022,05,19,3,3,5,3,0,1,1,0,0,0,0,378899.795999921974726,5723410.569999580271542,7.249598646000040,51.648636175000000,0,05220524701920795039
05,5,66,060,2022,05,20,5,3,5,2,0,0,1,0,0,0,0,387928.359999948006589,5788240.905999640002847,7.358909985000030,52.233164827000103,0,05220519709500396589
05,5,62,028,2022,05,16,3,3,1,2,0,1,1,0,0,0,0,379252.625999921991024,5722522.980999589897692,7.255002298000020,51.640735004000099,1,05220524701920573490
05,5,15,000,2022,05,10,3,2,0,1,0,0,1,0,0,0,0,400656.034111523011234,5753883.855576779693365,7.555221921000050,51.926808870999999,0,05220531702330091821
05,5,66,040,2022,05,15,3,2,4,6,0,0,1,0,0,0,1,420362.716161514981650,5781129.002460090443492,7.835397922000030,52.174884565000099,0,05220517709800174768
05,5,62,020,2022,05,19,7,2,4,6,0,0,1,0,0,0,0,370567.653551217983477,5718433.386304980143905,7.131070685000050,51.602051211999999,0,05220521701200047459
05,5,66,080,2022,05,06,6,3,0,7,1,0,0,0,1,0,0,401752.283788617001846,5783110.380971370264888,7.562751972000060,52.189693026999997,0,05220527709110496559
05,5,54,028,2022,06,15,4,3,9,1,0,0,1,0,0,0,0,362494.178297800011933,5744851.124780990183353,7.004139763000070,51.837526701999998,0,05220601702340305242
05,5,54,012,2022,05,14,7,2,4,1,0,0,1,0,0,0,0,352587.727325311978348,5749797.655777989886701,6.858344886000050,51.879443995000003,0,05220521705000838824
05,5,54,028,2022,05,17,1,3,2,1,0,0,1,0,0,0,0,358818.568999834998976,5742699.215999409556389,6.951703205000060,51.817273741000101,0,05220522705000082365
05,5,54,056,2022,05,20,7,3,2,6,0,0,1,0,0,0,0,358414.063265884993598,5763522.243035250343382,6.937280782000070,52.004272313000101,0,05220528705000528616
05,5,54,012,2022,05,14,3,3,5,3,0,1,1,0,0,0,0,353734.772999804001302,5747275.503999340347946,6.876065287000070,51.857084555000000,0,05220524705000591840
05,5,66,084,2022,05,07,4,3,2,1,0,0,1,0,0,0,0,388557.308979245019145,5779097.425648040138185,7.371122593000050,52.151119838000099,0,05220518709300912303
05,5,15,000,2022,05,14,3,3,5,3,0,1,1,0,0,0,0,401202.345803510979749,5753700.195187419652939,7.563217049000060,51.925255313999997,0,05220517702100370586
05,5,58,024,2022,05,10,2,3,9,1,0,0,1,0,0,0,0,387654.311453956994228,5737470.613295059651136,7.371547722000060,51.776822185000100,0,05220523706300658239
05,5,62,036,2022,05,17,5,2,5,3,0,0,1,0,0,0,0,388702.809956694021821,5718408.707242580130696,7.392819878000070,51.605705569000101,0,05220526701930664261
05,5,12,000,2022,05,05,7,3,8,1,1,0,1,0,0,0,0,356557.439973760978319,5711989.462119819596410,6.931537090000060,51.540753902000098,0,05220521701400781305
05,5,12,000,2022,05,10,6,3,1,5,0,0,1,0,0,0,1,357491.826999826007523,5722813.145999399945140,6.940606995000050,51.638249925000103,0,05220527701400202177
05,5,54,068,2022,05,17,2,3,2,6,0,0,1,0,0,0,0,353541.239618467981927,5768109.727539409883320,6.864379488000050,52.044225326999999,0,05220530705000595869
05,5,13,000,2022,05,08,4,3,1,6,0,0,1,0,0,0,1,366242.013821077998728,5714193.113188150338829,7.070263784000080,51.562935322000001,0,05220525702340087398
05,5,62,032,2022,05,18,4,3,0,7,0,0,0,0,0,0,1,375076.405999910028186,5719975.001999559812248,7.195589762000050,51.616924036999997,0,05220525701110294999
05,5,13,000,2022,05,14,5,3,2,6,0,0,1,0,0,1,0,366445.250914020987693,5710158.728188809938729,7.074725346000040,51.526728188000000,0,05220519702340372367
05,5,70,016,2022,05,13,6,3,2,2,0,0,1,0,0,0,1,415278.588571642991155,5737066.729583400301635,7.771945166000020,51.778055516999999,0,05220527711221502909
05,5,58,032,2022,05,19,3,3,8,1,0,0,0,0,1,0,0,388671.650999949022662,5757515.453999630175531,7.379826227000020,51.957180067000102,0,05220517706000878383
05,5,70,004,2022,05,13,4,3,5,3,0,1,1,0,0,0,0,422751.916435828024987,5735174.065921650268137,7.880670238000050,51.762122753000000,0,05220518711215170571
05,5,66,084,2022,05,12,7,3,1,1,0,1,1,0,0,0,0,385815.156292979023419,5779507.473848540335894,7.330922877000030,52.154244728000002,0,05220521709110096505
05,5,62,014,2022,05,07,4,3,7,7,0,0,1,0,0,1,0,359665.914678627974354,5713407.355651089921594,6.975765774000020,51.554276567999999,0,05220518702340540998
05,5,70,020,2022,05,11,1,3,5,3,0,0,1,0,0,0,0,427517.325457238010131,5742364.270105619914830,7.948205572000060,51.827398117000001,1,05220529711422602810
05,5,62,014,2022,05,21,4,3,4,6,0,0,1,0,0,0,0,357718.646451401989907,5713900.632845359854400,6.947497289000070,51.558221359000100,0,05220525701300279131
05,5,15,000,2022,05,20,3,2,0,1,1,1,0,0,0,0,0,406102.680999977979809,5758923.005999660119414,7.633031796000070,51.973048538999997,0,05220524702100274714
05,5,13,000,2022,05,18,1,3,5,2,0,1,1,0,0,0,0,363081.782999856979586,5712101.881999460048974,7.025513801000050,51.543384545000002,0,05220522700000089238
05,5,15,000,2022,05,02,1,3,5,3,2,1,1,0,0,0,0,405150.935999976994935,5757192.523999660275877,7.619658486000050,51.957332657999999,0,05220522702100476712
05,5,15,000,2022,05,08,5,2,0,7,0,0,0,0,1,0,0,400525.592086117016152,5759746.802506489679217,7.551628342000070,51.979482673000099,0,05220526702330192275
05,5,62,008,2022,05,18,3,3,2,6,0,0,1,0,0,0,0,384562.714999939023983,5721742.582999610342085,7.331963362000070,51.634836048000103,1,05220524701910273590
05,5,62,020,2022,05,14,6,3,5,2,0,0,1,0,0,0,1,370769.377999891992658,5719259.219999530352652,7.133677442000020,51.609519131000098,0,05220520701200795059
05,5,58,016,2022,06,11,4,3,5,2,0,1,1,0,0,0,0,382004.699999932025094,5744826.631999599747360,7.287190251000030,51.841769913000100,0,05220601706000120160
05,5,66,056,2022,05,15,4,2,6,2,0,0,1,1,0,0,0,417184.599626149982214,5796951.868027930147946,7.785053752000070,52.316641552000100,0,05220525709700342796
05,5,58,016,2022,05,16,3,3,2,1,0,0,1,0,0,0,0,383962.996185479976702,5745978.492551960051060,7.315216780000070,51.852532422000102,1,05220524706100523589
05,5,15,000,2022,05,07,3,3,2,6,0,0,1,0,0,0,0,409395.449999984004535,5764785.413999670185149,7.679404384000070,52.026289797000103,0,05220517702100542871
05,5,62,032,2022,05,16,5,3,2,2,0,0,1,0,0,0,0,374122.409999904979486,5717778.837999549694359,7.182606039000060,51.596974506000002,1,05220519701110094991
05,5,15,000,2022,05,16,4,3,1,1,0,1,1,0,0,0,0,405513.846124080009758,5754741.070486799813807,7.625612076000040,51.935359673000100,0,05220518702100372463
05,5,54,004,2022,06,16,4,3,2,6,0,0,1,0,0,0,0,357508.117403996991925,5777500.669572469778359,6.918257374000060,52.129635761000003,1,05220601705000079139
05,5,66,016,2022,05,11,1,3,0,1,0,0,0,0,1,0,0,404032.245999939972535,5792116.912999680265784,7.593537841000060,52.271044308999997,0,05220529709500035185
05,5,70,044,2022,05,08,6,3,0,2,0,1,1,0,0,0,0,416614.629153022018727,5759600.535985720343888,7.785861854000070,51.980815547000098,0,05220520711142960674
05,5,62,016,2022,05,03,7,2,0,1,2,1,0,0,0,0,0,373999.411470438004471,5736593.376437829807401,7.174040585000060,51.766031289000097,0,05220528701700365815
05,5,15,000,2022,05,12,5,3,1,5,0,1,0,0,0,0,1,406608.157021337014157,5757158.893954649567604,7.640868115000050,51.957277029000103,0,05220519702100055909
05,5,15,000,2022,05,09,4,3,5,3,0,1,1,0,0,0,0,408964.218999981996603,5756241.442999660037458,7.675388919000060,51.949421125000100,0,05220525702100972345
05,5,70,028,2022,05,12,3,3,5,3,0,1,1,0,0,0,0,441955.353999999002554,5742054.242999659851193,8.157739989000049,51.826297725000103,0,05220517711411079822
05,5,62,014,2022,05,21,6,3,1,5,1,1,1,0,0,0,0,360976.452377178007737,5715007.775201640091836,6.994024053000030,51.568982601000101,0,05220527701300281435
05,5,54,004,2022,06,13,4,3,0,7,0,1,0,0,0,0,0,364227.602913528971840,5772339.249506150372326,7.018418437000040,52.084949893000001,0,05220601705000020977
05,5,15,000,2022,05,04,1,3,0,7,2,0,1,0,0,0,0,398128.431999968015589,5753735.675999649800360,7.518519496000070,51.925020212000000,0,05220529702100005103
05,5,66,096,2022,05,13,4,2,0,3,0,1,0,0,0,0,1,385598.988999944005627,5786054.265999630093575,7.325555608000060,52.213034952999998,0,05220525709300576628
05,5,54,060,2022,05,09,3,3,6,5,0,0,0,1,0,0,1,349398.834160829021130,5756039.806875470094383,6.809323650000070,51.934674762000000,0,05220531705000120872
05,5,62,008,2022,05,12,2,3,0,7,0,0,1,0,0,0,0,384789.626561052980833,5722494.529862729832530,7.334993140000050,51.641640852000101,0,05220530701910751205
05,5,62,024,2022,05,12,5,3,5,3,0,0,1,0,0,0,0,364202.170630457985681,5724454.722557939589024,7.036878463000050,51.654661637000103,0,05220519701500354265
05,5,15,000,2022,06,20,4,3,1,6,1,0,1,0,0,0,0,405200.425999979022890,5750139.329999660141766,7.622321183000050,51.893943692000100,1,05220601702100068281
05,5,70,032,2022,05,18,7,3,5,2,0,1,1,0,0,0,0,420581.018999991996679,5766044.590999670326710,7.842107375000070,52.039322996000102,0,05220521711151082073
05,5,12,000,2022,05,09,5,3,9,1,0,0,1,0,0,0,1,356734.866116131015588,5712144.032487980090082,6.934030892000070,51.542187904000102,0,05220519701400094960
05,5,66,044,2022,05,14,3,3,2,6,0,0,1,0,0,0,0,426397.113928739971016,5778946.239719780161977,7.924099742000070,52.156101469000099,0,05220524709800168098
05,5,70,004,2022,05,15,4,2,0,2,0,1,1,0,0,0,0,425085.245024385978468,5735450.370791420340538,7.914414095000040,51.764923695999997,0,05220518711213776704
05,5,66,068,2022,05,11,7,2,4,1,0,0,1,0,1,0,0,373405.524924478027970,5784424.597094279713929,7.147789876000050,52.195724498000097,0,05220521709300092705
05,5,66,028,2022,05,05,6,2,8,1,1,0,0,0,0,1,0,410249.701142743986566,5791132.762945800088346,7.684893056000020,52.263248617999999,1,05220527702350070820
05,5,70,028,2022,06,14,4,3,5,3,0,1,1,0,0,0,0,441652.340400972985663,5741381.507665130309761,8.153456985000050,51.820218101000101,0,05220601711411502988
05,5,66,028,2022,05,12,4,3,5,3,0,0,1,0,0,0,0,411523.591999983997084,5792418.934999680146575,7.703216780000050,52.275015444000097,0,05220525709700457409
05,5,62,024,2022,05,11,3,2,2,7,0,0,1,0,0,0,0,373211.989999902027193,5724265.587999549694359,7.167120512000050,51.655066319000099,0,05220531702340551446
05,5,58,044,2022,05,15,3,3,5,1,0,1,0,0,1,0,0,396149.588562779012136,5746244.064791410230100,7.492008479000050,51.857319959000101,1,05220524706300487272
05,5,54,020,2022,05,19,4,3,5,3,0,1,1,0,0,0,0,365776.299124920973554,5787072.344859650358558,7.035185818000060,52.217711076000100,0,05220518705000996694
05,5,15,000,2022,05,16,3,3,2,6,0,0,1,0,0,0,0,409352.093999983975664,5752427.851999660022557,7.682035844000040,51.915205325999999,0,05220517702100772463
05,5,62,036,2022,05,14,6,3,4,6,0,1,0,0,0,0,0,390994.746148867998272,5720949.479792400263250,7.425112422000040,51.628990755000103,0,05220520701930849550
05,5,54,020,2022,05,11,4,3,4,7,0,1,0,0,0,0,0,363558.872999863000587,5786691.730999480001628,7.002900986000040,52.213746524999998,0,05220518705000596614
05,5,58,016,2022,06,14,4,3,0,7,0,1,1,0,0,0,0,380667.793999927991536,5742760.480999600142241,7.268505810000020,51.822917088000104,1,05220601706000989265
05,5,70,032,2022,05,15,7,3,5,3,0,0,1,0,0,0,0,423750.838999992003664,5764589.523999669589102,7.888636688000080,52.026688096000001,0,05220521711151979116
05,5,13,000,2022,05,17,7,3,5,3,0,0,1,0,1,0,0,361916.810999852023087,5719354.982999449595809,7.005873446000070,51.608278306999999,0,05220528700000692099
05,5,62,012,2022,05,17,1,3,2,6,0,0,1,0,0,0,0,359633.289928141981363,5736526.433570019900799,6.966012737000030,51.762012771999999,0,05220529702340387397
05,5,66,028,2022,05,22,6,3,3,6,2,0,1,0,0,0,0,408310.435563196020667,5792071.412518310360610,7.656230383000040,52.271365401000097,1,05220520702350442439
05,5,15,000,2022,05,07,2,3,5,2,0,0,1,0,0,0,1,407093.475940536009148,5761105.214184580370784,7.646860515000070,51.992829784000001,0,05220530702100760729
05,5,70,004,2022,05,15,4,3,8,1,0,0,1,0,0,0,0,422446.009697727975436,5735279.781575210392475,7.876214950000080,51.763030808000103,0,05220525711215091831
05,5,66,048,2022,05,07,1,2,0,1,0,0,1,0,0,0,1,427040.370999996026512,5795682.507999680005014,7.929889199000060,52.306629823999998,0,05220522709700549809
05,5,62,036,2022,05,05,2,3,4,7,0,0,1,0,0,0,0,388726.493999950005673,5717504.526999619789422,7.393448616000060,51.597583448000101,1,05220530701930070163
05,5,66,008,2022,05,11,6,3,2,6,0,0,1,0,0,0,0,398878.657999967981596,5779458.466999660246074,7.521817671000060,52.156351289000000,0,05220520709110996563
05,5,62,016,2022,05,17,1,3,5,2,0,0,1,0,1,0,0,374750.148999908007681,5732289.406999560073018,7.186464115000040,51.727520665999997,0,05220522701700085012
05,5,66,016,2022,05,22,5,2,0,7,2,1,0,0,0,0,0,403351.967065929027740,5788374.103585399687290,7.584642574000040,52.237285456000102,0,05220526709500676614
05,5,15,000,2022,05,18,5,3,2,6,0,0,1,0,0,1,0,400681.690715713019017,5760092.466628859750926,7.553800326000040,51.982617468999997,0,05220519702330791800
05,5,15,000,2022,05,09,3,3,5,3,0,1,1,0,0,0,0,404691.261022803024389,5758521.051736850291491,7.612602243000030,51.969195368000001,1,05220524702100673308
05,5,70,052,2022,05,00,6,3,9,7,2,0,1,0,0,0,0,428195.967979533015750,5759018.510283489711583,7.954581707000050,51.977200975000102,1,05220527711111087268
05,5,66,096,2022,05,18,2,2,5,3,0,1,1,0,0,0,0,385550.863999942026567,5786090.433999629691243,7.324839318000040,52.213349993000101,1,05220523709300176628
05,5,66,036,2022,05,18,4,3,8,1,0,0,1,0,0,0,0,388535.448214779025875,5765505.529853959567845,7.375247203000070,52.028962444000101,0,05220518709300872411
05,5,62,024,2022,05,14,5,3,5,2,0,0,1,0,1,0,0,370400.636926523002330,5726704.996718030422926,7.125597306000030,51.676347329000102,0,05220519701500189937
05,5,70,008,2022,05,16,3,2,8,1,0,0,1,0,0,0,0,432987.759367945021950,5732738.503482679836452,8.029433020000059,51.741545537000000,0,05220531711312668996
05,5,62,016,2022,05,10,3,3,4,6,0,0,1,0,0,0,0,379553.061111422022805,5732122.546617389656603,7.256029437000050,51.727073443999998,0,05220517701700095026