ULAND,UREGBEZ,UKREIS,UGEMEINDE,UJAHR,UMONAT,USTUNDE,UWOCHENTAG,UKATEGORIE,UART,UTYP1,ULICHTVERH,IstRad,IstPKW,IstFuss,IstKrad,IstGkfz,IstSonstige,LINREFX,LINREFY,XGCSWGS84,YGCSWGS84,STRZUSTAND,UIDENTSTLAE
05,5,58,024,2022,05,15,3,2,5,3,0,0,1,0,0,0,0,394225.513011800998356,5736466.530553639866412,7.467065305000060,51.769077930000002,1,05220524706000551230
05,5,66,012,2022,05,14,3,3,0,1,0,1,0,0,0,0,0,405431.211877934983931,5773143.166051579639316,7.619326951000060,52.100749700999998,0,05220517709110642391
05,5,62,004,2022,05,09,5,3,2,6,0,0,1,0,0,0,0,383181.506999935023487,5717137.459999600425363,7.313549541000040,51.593161674000001,0,05220519701800349519
05,5,12,000,2022,05,17,2,3,9,1,0,0,1,0,0,0,0,356407.216461365984287,5710088.687427730299532,6.930147433000060,51.523635716999998,1,05220523701400295069
05,5,62,024,2022,06,15,4,3,8,1,0,0,1,0,0,0,0,371509.265999895986170,5724370.102999540045857,7.142480938000060,51.655618943000000,1,05220601701500395026
05,5,58,016,2022,05,02,5,3,0,7,2,0,1,0,0,0,0,380790.747680251020938,5752338.422894399613142,7.266983217000070,51.909020831000099,1,05220526706000565763
05,5,70,004,2022,05,07,3,3,5,3,0,1,0,0,0,0,0,422746.248027749010362,5735105.783622659742832,7.880603301000060,51.761508139999997,0,05220524711215174480
05,5,12,000,2022,05,16,3,3,0,1,0,1,0,0,0,0,0,354372.759999805013649,5711006.739999350160360,6.900462758000060,51.531364105000101,1,05220531701400045421
05,5,12,000,2022,05,16,6,3,0,7,0,0,1,0,0,0,0,356700.408999820007011,5712034.058999380096793,6.933579124000060,51.541190956000001,1,05220520701400175295
05,5,66,076,2022,05,07,6,3,0,7,0,1,0,0,0,0,0,394467.117097350012045,5793744.419072199612856,7.452898954000030,52.283918563999997,0,05220527709500496515
05,5,70,020,2022,06,16,4,3,2,6,0,0,1,0,0,0,0,426041.772999993991107,5743627.338999659754336,7.926527919000020,51.838559245000098,1,05220601711421281146
05,5,12,000,2022,05,18,4,3,2,6,0,0,1,0,0,0,0,355400.200641522009391,5712963.605138059705496,6.914461073000040,51.549211980000102,0,05220525702340054150
05,5,62,012,2022,05,05,4,3,5,3,1,1,0,0,0,0,0,360143.626999842992518,5724995.348999430425465,6.978029840000030,51.658524587000002,0,05220518701610695218
05,5,15,000,2022,06,15,4,3,3,3,0,1,0,0,0,0,1,406322.628999979002401,5756457.540999660268426,7.636905299000030,51.950924902000096,1,05220601702100476692
05,5,66,072,2022,05,16,6,3,5,3,0,0,1,0,0,0,0,407554.490999981004279,5799841.139999680221081,7.643021118000040,52.341072897000103,1,05220520709700076770
05,5,58,016,2022,05,09,1,3,5,1,0,1,0,0,0,0,0,384748.130999939981848,5747945.559999619610608,7.325954954000050,51.870373778999998,0,05220522706000139834
05,5,62,032,2022,05,11,5,3,6,4,0,0,1,1,0,0,0,380733.541147832002025,5718148.276969769969583,7.277882827000040,51.601733477000003,0,05220519701110194943
05,5,12,000,2022,05,20,3,3,3,6,0,0,1,0,0,0,0,356191.425999816972762,5710479.421999369747937,6.926879555000030,51.527091875000103,0,05220524701400689696
05,5,58,012,2022,05,09,3,3,2,7,0,0,1,0,0,0,1,373210.324228601006325,5754842.332918760366738,7.155919825000070,51.929848283000098,0,05220531706200176773
05,5,62,032,2022,05,14,2,2,0,6,0,0,1,0,0,0,0,375619.465529681998305,5716321.544691240414977,7.204725200000040,51.584210124000002,0,05220523702340005117
05,5,62,032,2022,05,17,7,3,5,3,0,0,1,0,1,0,0,376958.388450040016323,5714875.001735139638186,7.224547590000040,51.571503557000000,0,05220521701120894988
05,5,54,020,2022,05,13,6,3,2,6,0,0,1,0,0,0,0,367068.880220971012022,5788402.333454269915819,7.053572550000070,52.229974976999998,0,05220527705000820896
05,5,66,076,2022,05,16,4,2,5,2,0,0,1,0,0,0,0,396968.548999965016264,5795786.787999670021236,7.488931059000040,52.302748733999998,0,05220525709500396523
05,5,54,044,2022,05,07,6,3,5,2,0,0,1,0,0,0,0,367499.399123763025273,5741682.427565040066838,7.077956827000040,51.810262216000098,1,05220520705000496621
05,5,54,068,2022,05,17,5,3,0,6,0,1,0,1,0,0,0,342647.410672648984473,5769462.970461609773338,6.705038739000030,52.053397664999999,0,05220526705000191758
05,5,54,020,2022,05,15,3,3,2,6,0,0,1,0,0,0,0,365530.546164131024852,5786663.012925210408866,7.031753336000070,52.213973172000102,0,05220524705000096522
05,5,62,014,2022,05,17,2,3,0,1,0,1,0,0,0,0,0,360462.924303183972370,5716132.365654939785600,6.986172558000020,51.578961388000003,1,05220523701300094993
05,5,12,000,2022,05,16,6,3,2,6,0,0,1,0,0,0,0,360575.579999841982499,5710614.939999439753592,6.989984646000040,51.529409125000001,1,05220520701400785344
05,5,54,008,2022,05,09,4,3,5,7,0,0,0,0,0,1,0,332450.293999626010191,5742906.800998689606786,6.569387292000040,51.811856892000002,0,05220518705000580974
05,5,58,008,2022,06,14,4,3,5,3,0,1,1,0,0,0,0,383174.107999935979024,5759487.782999609597027,7.299186073000040,51.973777718000100,1,05220601706000296664
05,5,13,000,2022,05,01,1,3,8,1,2,0,1,0,0,0,0,368287.317983123008162,5714945.930476729758084,7.099471789000060,51.570182021999997,0,05220522702340072367
05,5,58,036,2022,05,17,3,3,8,1,0,0,0,0,1,0,0,389218.670015605981462,5726801.924142389558256,7.397608363000070,51.681245467000103,0,05220517706300976677
05,5,54,008,2022,05,13,2,3,4,2,0,0,1,0,0,0,0,332450.293999626010191,5742906.800998689606786,6.569387292000040,51.811856892000002,0,05220523705000796651
05,5,66,084,2022,06,13,4,3,1,6,0,1,0,0,0,0,1,386160.114999943005387,5778968.843999629840255,7.336143456000060,52.149475324999997,0,05220601709300987307
05,5,62,008,2022,05,11,5,3,8,1,0,0,1,0,0,0,0,384957.185847065993585,5724345.598722130060196,7.336804698000040,51.658312017000100,0,05220526701910049495
05,5,54,044,2022,05,13,4,3,5,2,0,1,1,0,0,0,0,368790.686616317019798,5744474.218286420218647,7.095619033000050,51.835654550000100,0,05220518705000521190
05,5,62,024,2022,05,20,7,3,2,6,0,0,1,0,0,0,0,367577.342590567015577,5726509.409119609743357,7.084862325000070,51.673931199999998,0,05220528702340505131
05,5,54,020,2022,05,12,2,3,9,1,0,0,1,0,1,0,0,365087.209999868995510,5780982.895999499596655,7.027529006000070,52.162827071000002,0,05220530705000503147
05,5,54,004,2022,05,07,4,3,0,2,0,1,0,0,0,0,0,362780.893999858002644,5771674.887999470345676,6.997585044000060,52.078623665000102,0,05220525705000989359
05,5,62,008,2022,05,14,1,2,3,6,0,1,0,0,1,0,0,386117.580999941972550,5726071.518999610096216,7.353010716000030,51.674060484999998,0,05220522701910657886
05,5,66,092,2022,05,05,5,3,0,1,0,1,0,0,0,0,0,424693.719999991997611,5796609.072999689728022,7.895269976000070,52.314641747000103,0,05220519709700876667
05,5,15,000,2022,05,21,7,2,8,1,1,0,0,0,1,0,0,403955.029925098991953,5756038.184060770086944,7.602582602000040,51.946751765999998,0,05220528702100074735
05,5,62,014,2022,05,11,5,3,2,6,0,0,1,0,0,0,0,360479.327999842993449,5713960.289999430067837,6.987271569000030,51.559447034000101,0,05220526701300294939
05,5,15,000,2022,05,14,7,3,1,6,0,0,1,0,0,0,0,405463.260141653998289,5754997.042020980268717,7.624806133000050,51.937651873000000,0,05220521702100374698
05,5,66,060,2022,05,07,6,3,5,3,0,0,1,0,0,1,0,391278.267093757982366,5789416.687136960215867,7.407564329000020,52.244403364999997,0,05220520709500576632
05,5,13,000,2022,05,18,4,3,5,3,0,1,1,0,0,0,0,364413.708999863010831,5716488.933999479748309,7.043017084000040,51.583129839000001,0,05220525700000589622
05,5,13,000,2022,05,13,3,3,2,6,0,0,1,0,0,0,0,365479.995114066987298,5714341.694456939585507,7.059219992000070,51.564089302000099,0,05220524700000320067
05,5,66,040,2022,05,12,4,3,3,2,0,1,1,0,0,0,0,420989.567999991995748,5783078.413999680429697,7.844108573000030,52.192497648000000,0,05220525709800081039
05,5,54,020,2022,05,01,1,2,5,2,2,0,1,0,0,0,0,365251.969999870983884,5785996.908999499864876,7.027943529000030,52.207919972000099,0,05220522705000079162
05,5,54,020,2022,05,14,5,3,0,3,0,1,1,0,0,0,0,366843.062105623015668,5783556.563834600150585,7.052173822000040,52.186379076999998,0,05220519705000796575
05,5,66,016,2022,05,17,3,3,5,2,0,1,1,0,0,0,0,403137.120999976003077,5792355.381999669596553,7.580355139000060,52.273030659000000,0,05220524709500076632
05,5,66,056,2022,05,07,4,3,3,2,0,1,1,0,0,0,0,417060.266775875992607,5796591.195788189768791,7.783319080000070,52.313380897999998,0,05220518709700176376
05,5,62,032,2022,05,16,3,3,2,2,0,0,1,0,0,0,0,375221.575999911001418,5719097.953999560326338,7.197997732000030,51.609074116999999,0,05220531701110965785
05,5,54,008,2022,05,14,3,2,3,6,0,1,0,0,0,0,0,334746.755999649991281,5745762.468998779542744,6.601307020000040,51.838193904000001,0,05220517705000191247
05,5,54,040,2022,05,16,4,3,4,6,0,0,0,0,0,1,0,353747.637423278007191,5735480.964845390059054,6.881228045000060,51.751112906000102,0,05220525705000991584
05,5,66,076,2022,05,19,3,3,3,6,1,0,1,0,0,0,1,393216.734784292988479,5793165.786995819769800,7.434759134000050,52.278476787999999,0,05220531709500096515
05,5,62,032,2022,05,20,7,3,9,7,0,0,0,0,1,0,0,374521.186832226987462,5716238.134440849535167,7.188911244000050,51.583217036000100,0,05220521702340400846
05,5,66,044,2022,05,16,5,3,0,1,0,1,0,0,0,0,0,427942.894140043004882,5781158.808993009850383,7.946221446000040,52.176194567000003,0,05220526709800668098
05,5,54,004,2022,05,07,5,3,6,7,0,1,0,1,0,0,0,364061.009491398988757,5772166.525370960123837,7.016057449000070,52.083357007000103,0,05220519705000155357
05,5,66,092,2022,05,16,3,2,2,1,0,0,1,0,0,0,0,424445.990470412012655,5791224.203837269917130,7.892844085000040,52.266204028000097,0,05220524702350026309
05,5,70,048,2022,05,18,4,1,5,3,0,1,1,0,0,0,0,442101.363371704996098,5734538.907260079868138,8.161112985000051,51.758747669000101,0,05220518711321027091
05,5,66,028,2022,06,16,4,3,2,6,0,0,1,0,0,0,0,411914.082489506981801,5792252.721049389801919,7.708981965000020,52.273584175000103,0,05220601709700269049
05,5,62,014,2022,05,14,5,3,8,1,0,0,1,0,0,0,0,358424.949746462982148,5714300.380799439735711,6.957518225000060,51.561991173000102,0,05220526701300579393
05,5,62,004,2022,05,14,1,3,1,6,0,0,1,0,0,0,0,385142.561999941011891,5717284.059999610297382,7.341799453000020,51.594882527000003,0,05220522301911489365
05,5,62,014,2022,05,20,6,3,5,2,1,0,1,0,0,0,0,360814.103019662026782,5715158.016613859683275,6.991623544000050,51.570292633000101,0,05220527701300887645
05,5,58,012,2022,05,13,3,3,5,3,0,1,1,0,0,0,0,373793.380874035996385,5757629.788776259869337,7.163372259000030,51.955030051000101,0,05220531706000496664
05,5,66,040,2022,05,13,6,3,5,3,0,1,1,0,0,0,0,422103.876755498989951,5782354.506544649600983,7.860573329000030,52.186149071999999,0,05220520709800672371
05,5,70,052,2022,05,05,2,2,5,3,0,1,1,0,0,0,0,428887.060205000976566,5749284.870742379687726,7.966653858000030,51.889788383000102,0,05220530711114087234
05,5,15,000,2022,05,17,5,3,1,6,0,0,1,0,1,0,0,405476.138120956020430,5755001.214171729981899,7.624992260000060,51.937691562000097,1,05220519702100505260
05,5,66,076,2022,05,15,3,3,2,6,0,0,1,0,0,0,0,395107.891395608021412,5793894.617621540091932,7.462242217000040,52.285391106000098,0,05220524709500376632
05,5,54,012,2022,05,09,4,3,6,3,0,1,0,1,0,0,0,347802.408714665973093,5752633.967107440344989,6.787625645000050,51.903641181000097,0,05220518705000947429
05,5,66,040,2022,06,13,4,3,2,1,0,0,1,0,0,0,0,417363.840999989013653,5784973.711999679915607,7.790615725000070,52.209002357000003,1,05220601709800181039
05,5,62,004,2022,05,22,7,3,5,3,2,0,1,0,0,0,0,382937.485999934026040,5712754.707999589852989,7.311488872000040,51.553720147000000,0,05220521701800810778
05,5,15,000,2022,05,10,7,3,5,2,0,1,1,0,0,0,0,406322.628999979002401,5756457.540999660268426,7.636905299000030,51.950924902000096,0,05220521702100691866
05,5,54,008,2022,05,14,6,3,5,3,0,0,1,0,0,0,0,330279.828856479027309,5748540.714447519741952,6.535168562000020,51.861811021999998,0,05220527705000696533
05,5,15,000,2022,05,08,4,3,5,2,0,1,1,0,0,0,0,406325.006999980018009,5758859.043999659828842,7.636284908000050,51.972511139000098,0,05220518702100378035
05,5,54,016,2022,05,04,7,1,8,7,2,0,1,0,0,0,1,364021.852106200996786,5751537.319452050141990,7.023666745000070,51.897981653000002,0,05220528702340070606
05,5,54,012,2022,05,17,6,3,5,3,0,0,1,0,1,0,0,352512.025999796984252,5744269.119999310001731,6.859604973000050,51.829750662000002,1,05220520705000766228
05,5,15,000,2022,05,13,4,3,0,7,0,1,0,0,0,0,0,405469.855722284002695,5756319.243729930371046,7.624538523000070,51.949537540999998,0,05220525702100087866
05,5,13,000,2022,05,18,3,3,5,3,0,0,1,0,0,0,0,369055.833999884023797,5708139.555999520234764,7.113086568000030,51.509193639999999,0,05220524700000495088
05,5,70,020,2022,05,10,3,2,1,7,0,0,1,0,0,0,0,433033.287030862004030,5742779.786385879851878,8.028154226000030,51.831822055000004,0,05220517711422480981
05,5,15,000,2022,05,16,2,3,0,2,0,0,1,0,0,0,1,405883.845999978017062,5757093.351999660022557,7.630348411000060,51.956565787000002,0,05220530702100665384
05,5,62,024,2022,05,16,4,3,5,2,0,1,1,0,0,0,0,370139.737999889999628,5725315.198999529704452,7.122342718000030,51.663797472000098,0,05220525701500395049
05,5,58,012,2022,05,13,6,3,5,2,0,1,1,0,0,0,0,373431.102387237013318,5754118.261596930213273,7.159395388000060,51.923391713000100,0,05220520706200772440
05,5,12,000,2022,05,16,1,3,5,3,0,1,1,0,0,0,0,357489.559255036991090,5710871.093548029661179,6.945421747000070,51.530940483999998,0,05220522701400485418
05,5,70,052,2022,05,19,5,3,5,3,0,0,1,0,0,0,1,427897.416999995009974,5759862.645999670028687,7.950058380000030,51.984750652999999,0,05220526711111351183
05,5,62,024,2022,05,10,3,3,5,3,0,1,1,0,0,0,0,371264.597453915979713,5725599.537876199930906,7.138493087000030,51.666611563000103,0,05220524701500295097
05,5,70,052,2022,05,15,2,3,4,6,0,1,0,0,0,0,0,429949.066031105990987,5757444.177675300277770,7.980422473000030,51.963272168000103,0,05220523711111151183
05,5,62,032,2022,06,11,4,3,3,6,0,0,0,0,0,1,1,375955.566999911970925,5719277.820999570190907,7.208528507000040,51.610852795000000,0,05220601701110594999
05,5,66,068,2022,05,20,7,2,0,7,0,1,0,0,0,0,0,376089.820345730986446,5785053.669023499824107,7.186812304000060,52.201987218000099,0,05220521709300076628
05,5,13,000,2022,05,12,5,3,2,6,0,0,1,0,0,0,0,363759.889260363997892,5710477.030933639965951,7.035915301000050,51.528947114000097,0,05220519700000791481
05,5,13,000,2022,05,12,4,3,0,7,0,1,0,0,0,0,0,365218.678993504028767,5707574.979120420292020,7.058042378000040,51.503217825000000,0,05220518700000875283
05,5,62,014,2022,05,16,3,3,0,7,0,1,0,0,0,0,1,358434.690833728003781,5714307.757249530404806,6.957655692000060,51.562059902000001,1,05220524701300714019
05,5,54,012,2022,05,07,3,3,2,2,0,0,1,0,0,0,0,351100.149576716008596,5747541.069390649907291,6.837722333000040,51.858773931000002,0,05220531705000596551
05,5,15,000,2022,05,14,1,3,0,6,0,0,0,0,0,0,1,406035.472922708024271,5757292.381312710233033,7.632499887000050,51.958380396000102,0,05220522702100042871
05,5,15,000,2022,05,15,7,2,4,6,0,1,0,0,0,0,0,405967.703542273025960,5757861.768739229999483,7.631358039000080,51.963486850999999,0,05220521702100268125
05,5,62,004,2022,05,14,4,3,2,6,0,0,1,0,0,0,0,383140.897999935026746,5713249.564999599941075,7.314257069000060,51.558209968000000,0,05220518701800486822
05,5,15,000,2022,05,15,2,3,9,1,0,1,1,0,0,0,0,405573.969506255001761,5756797.198500550352037,7.625921635000050,51.953851296000003,0,05220523702100891827
05,5,54,012,2022,06,18,4,3,5,3,0,1,1,0,0,0,0,352304.767990617023315,5745661.749204180203378,6.856005008000070,51.842208556999999,0,05220601705000091737
05,5,13,000,2022,05,14,7,3,0,6,0,0,1,0,0,0,0,363248.351231203996576,5715977.923805099911988,7.026406609000050,51.578256200000098,0,05220521702340789368
05,5,54,020,2022,05,16,6,3,4,6,0,0,1,0,0,1,0,364944.246492417994887,5784518.016189999878407,7.024032513000070,52.194556360000000,0,05220520705000296575
05,5,54,008,2022,05,07,5,3,5,3,0,1,0,0,0,0,0,335749.584999658982269,5746147.565998819656670,6.615666856000080,51.841949206999999,0,05220519705000085645
05,5,62,036,2022,05,22,4,3,0,1,2,0,0,0,0,0,1,389538.870999953011051,5719258.217999620363116,7.404620221000070,51.613505660000001,0,05220525701930767141
05,5,70,004,2022,05,14,3,3,6,4,0,0,1,1,0,0,0,422741.756723185011651,5735058.597784499637783,7.880548727000080,51.761083337999999,0,05220524711215191757
05,5,58,040,2022,05,14,3,3,5,3,0,1,1,0,0,0,0,378483.597999921999872,5762275.864999590441585,7.229945891000060,51.997827577000102,0,05220531706200403200
05,5,13,000,2022,05,08,3,3,5,3,0,0,1,0,0,0,1,368275.028999881003983,5707733.919999510049820,7.101993261000080,51.505366799999997,0,05220517700000473546
05,5,62,020,2022,05,19,4,3,5,3,0,1,1,0,0,0,0,371438.203999895020388,5720025.003999539650977,7.143050126000050,51.616554214000097,0,05220518701200270599
05,5,66,088,2022,05,16,1,3,6,6,0,0,1,1,0,0,0,418298.545667674974538,5785715.326862839981914,7.804112914000030,52.215807863000101,0,05220522709800424005
05,5,62,008,2022,05,08,3,3,6,4,0,0,0,1,1,0,0,384181.654550502018537,5721210.151080509647727,7.326635809000040,51.629972389000002,0,05220531701910674428
05,5,54,044,2022,05,09,1,2,0,1,0,0,0,0,1,0,0,364433.048645331000444,5744949.745401290245354,7.032225260000080,51.838886905999999,0,05220522705000396551
05,5,15,000,2022,05,15,3,3,1,5,0,0,1,0,0,0,0,404369.175248508981895,5754857.143982740119100,7.608934787000070,51.936207461999999,1,05220524702100772436
05,5,15,000,2022,05,17,4,3,3,6,0,1,0,0,0,0,0,405586.547081477998290,5756859.588970880024135,7.626087463000030,51.954414225000100,0,05220525702100087867
05,5,58,008,2022,05,14,1,2,0,1,0,0,0,0,1,0,0,385561.972943045024294,5758342.971802489832044,7.334315430000060,51.963985899000100,0,05220522706200496664
05,5,54,048,2022,05,02,7,2,8,1,2,0,1,0,0,0,0,343654.798873129999265,5744556.643901820294559,6.731041746000070,51.829925400000000,0,05220528705000281625
05,5,66,092,2022,05,16,3,3,4,2,0,0,1,0,0,0,0,423043.976070249977056,5796510.285701369866729,7.871096155000030,52.313524993999998,0,05220524709700576657
05,5,15,000,2022,05,18,3,3,5,3,0,1,0,0,0,0,1,406934.107999980973545,5758374.677999660372734,7.645280789000030,51.968259752999998,0,05220517702100876118
05,5,66,080,2022,05,11,2,3,1,6,0,0,1,0,0,1,0,407913.823542547004763,5782846.086838689632714,7.652931934000040,52.188380838999997,0,05220523709000739088
05,5,66,016,2022,05,12,4,2,5,2,0,0,1,0,0,0,0,407783.054396811989136,5793005.425042759627104,7.648248188000030,52.279672140000102,0,05220518709500570260
05,5,70,040,2022,05,12,2,3,6,4,0,0,1,1,0,0,0,419073.128290241002105,5744302.580194369889796,7.825244983000060,51.843662779000098,0,05220530711231577896
05,5,15,000,2022,05,15,3,3,5,3,0,1,1,0,0,0,0,405260.679952162026893,5750568.757223409600556,7.623078553000030,51.897813853000102,0,05220531702100772436
05,5,58,016,2022,05,17,3,3,5,2,0,0,1,0,0,1,0,379509.048973770986777,5745796.533980679698288,7.250643672000020,51.849953483000000,0,05220524706000181078
05,5,15,000,2022,05,19,3,2,3,2,0,1,0,0,0,0,0,406370.155825080990326,5757338.407673319801688,7.637356613000070,51.958850560000002,0,05220517702100591748
05,5,62,008,2022,05,10,2,2,5,2,0,1,1,0,0,1,0,384174.295764746027999,5721205.555484539829195,7.326531057000070,51.629929570000101,0,05220523701910689510
05,5,62,004,2022,05,08,6,3,5,3,0,0,1,0,0,0,1,382499.083999934024177,5715516.722999599762261,7.304244871000040,51.578453131000103,0,05220520701800786112
05,5,66,068,2022,05,12,4,2,5,2,0,0,1,0,0,0,0,375969.371685714984778,5784510.580064330250025,7.185249574000070,52.197079858000102,0,05220518709300012303
05,5,58,024,2022,06,08,4,2,0,2,0,0,1,0,1,0,0,393194.323073557985481,5738033.890357130207121,7.451644497000070,51.782969602999998,0,05220601706300176677
05,5,62,004,2022,05,12,5,3,8,1,0,0,0,0,1,0,0,384368.609175651974510,5709706.957717089913785,7.333123232000050,51.526622560000099,0,05220526701800679387
05,5,15,000,2022,05,19,7,3,1,1,0,1,0,0,0,0,1,405588.842823815997690,5756870.977299010381103,7.626117731000020,51.954516978000100,0,05220521702100374700
05,5,13,000,2022,05,15,6,3,6,4,0,0,1,1,0,0,0,366953.401076596986968,5706220.557064780034125,7.083532186000070,51.491457074000003,0,05220527700000189648
05,5,62,032,2022,05,11,4,3,5,2,0,0,0,0,1,1,0,374955.803999909025151,5719545.514999560080469,7.194001949000040,51.613037425000101,0,05220518701110395039
05,5,70,004,2022,06,01,5,3,8,1,2,0,1,0,0,0,0,423916.953171278990339,5733875.671268990263343,7.897832519000080,51.750610133000102,1,05220609711214996314
05,5,54,024,2022,06,22,2,3,0,7,2,0,1,0,0,0,0,368275.590039949980564,5780608.421199019998312,7.074260639000040,52.160232206000003,0,05220606705000896575
05,5,13,000,2022,06,12,7,3,2,2,0,0,1,0,0,0,0,367995.530999879993033,5715421.016999510116875,7.095085488000050,51.574383216999998,0,05220618700000670110
05,5,66,040,2022,06,17,6,3,2,6,0,0,1,0,0,0,0,415432.096829864021856,5780730.133775229565799,7.763410473000020,52.170565596000102,0,05220603702350370544
05,5,58,024,2022,06,07,2,3,3,6,0,1,1,0,0,0,0,392807.968782691983506,5737111.535605110228062,7.446330574000060,51.774605608000101,0,05220620706000648226
05,5,62,014,2022,06,19,1,3,2,6,0,0,1,0,0,0,0,360870.083999843976926,5717815.981999440118670,6.991377598000040,51.594191121999998,1,05220605701300596158
05,5,15,000,2022,06,08,4,3,6,7,0,1,0,1,0,0,0,404251.938405930006411,5759046.189588930457830,7.606062640000060,51.973839980000001,0,05220608702100364164
05,5,62,008,2022,06,17,5,3,1,5,0,1,1,0,0,0,0,385085.660161071980838,5723154.319677419960499,7.339052723000070,51.647631429000100,0,05220623701910570163
05,5,54,012,2022,06,01,5,3,8,1,2,0,1,0,0,0,0,345955.327302547986619,5750970.751382900401950,6.761541134000030,51.888190850000100,1,05220609705000047429
05,5,58,032,2022,06,15,6,3,0,7,0,1,0,0,0,0,0,388569.092587628983893,5757789.194233709946275,7.378245537000050,51.959619743000097,0,05220603706000596562
05,5,54,016,2022,06,10,6,3,1,5,0,0,1,0,0,0,0,363765.643999860971235,5757052.913999480195343,7.017762723000030,51.947480544000001,0,05220617705000147427
05,5,58,036,2022,06,17,7,2,0,1,0,1,0,0,0,0,0,390862.805493290012237,5729613.007114069536328,7.420500621000030,51.706833439000000,0,05220604706000796641
05,5,66,068,2022,06,21,1,2,8,6,1,0,1,0,0,0,0,373284.465348515019286,5788231.338146449998021,7.144594576000030,52.229903751000101,1,05220605702340187450
05,5,70,004,2022,06,20,2,3,4,6,1,1,0,0,0,0,1,423849.707999992009718,5736379.946999659761786,7.896309731000030,51.773113572000099,0,05220613711212991831
05,5,62,020,2022,06,16,7,2,5,7,0,0,1,0,0,0,0,370582.099999892991036,5720134.315999530255795,7.130651230000070,51.617340396000003,0,05220611701200908297
05,5,13,000,2022,06,12,3,3,2,6,0,0,1,0,0,0,0,368718.374999884981662,5713220.463999509811401,7.106332402000020,51.554776279000102,0,05220621700000389700
05,5,58,032,2022,06,06,4,3,9,1,0,0,1,0,0,0,0,388979.411498919012956,5757980.327076179906726,7.384152931000070,51.961419616000100,0,05220615706000096641
05,5,70,040,2022,06,19,3,3,8,1,0,0,1,0,0,0,0,419804.273157245013863,5744984.066011940129101,7.835698025000060,51.849894384000002,0,05220607711231502909
05,5,70,008,2022,06,08,2,3,0,1,0,1,0,0,0,0,0,434302.848885075014550,5733449.292413399554789,8.048342900000019,51.748091338000101,1,05220613711312453521
05,5,66,076,2022,06,07,3,2,8,7,0,0,0,0,1,0,0,394969.281987044028938,5797910.536361729726195,7.458958164000020,52.321456664000003,0,05220621709500596523
05,5,66,012,2022,06,14,4,3,9,1,0,0,1,0,0,0,0,402141.489616293984000,5777269.983044129796326,7.570127379000040,52.137269305000103,0,05220615709500096523
05,5,58,024,2022,06,14,5,2,0,6,0,1,0,0,0,0,0,386317.255951653991360,5737596.500996110029519,7.352134457000030,51.777683621999998,0,05220616706000376773
05,5,62,012,2022,06,13,1,3,2,6,0,0,1,0,0,0,0,360650.892999846022576,5724823.602999440394342,6.985427191000040,51.657107281999998,0,05220605701610080956
05,5,62,032,2022,06,17,4,3,8,1,0,0,0,0,1,0,0,379554.838999923027586,5719383.008999579586089,7.260447497000030,51.612579680000103,0,05220615701110594964
05,5,66,076,2022,06,16,2,3,0,2,0,1,1,0,0,0,0,396950.405999966023955,5787665.308999669738114,7.491145423000030,52.229754147999998,0,05220620709500596685
05,5,58,044,2022,06,08,4,3,8,1,0,0,1,0,0,0,0,398980.360009667987470,5747380.914398839697242,7.532766353000060,51.868057821999997,0,05220608706300274662
05,5,66,084,2022,06,07,3,3,8,1,0,0,1,0,0,0,0,389349.047810707008466,5781004.633976950310171,7.382068304000030,52.168419368999999,1,05220607709300596514
05,5,62,032,2022,06,07,5,3,6,4,0,0,1,1,0,0,0,376080.838213081005961,5714725.684744729660451,7.211944089000040,51.569969414000099,0,05220609701120995135
05,5,62,014,2022,06,16,5,3,5,3,0,0,1,0,0,0,0,360130.851999840990175,5714885.169999429956079,6.981879775000040,51.567671747000098,0,05220602701300195012
05,5,15,000,2022,06,07,6,3,5,3,0,1,0,0,0,0,0,406952.549999981012661,5758304.253999659791589,7.645568246000040,51.967629835000103,0,05220603702100091770
05,5,62,032,2022,06,13,3,2,5,3,0,1,1,0,0,0,0,372751.625999900978059,5720160.756999550387263,7.161961362000060,51.618072660000102,0,05220607701110895136
05,5,66,092,2022,06,06,4,3,5,3,0,0,1,0,0,0,0,423291.656999991973862,5796494.338999689556658,7.874732377000040,52.313416316000001,0,05220622709700668339
05,5,62,004,2022,06,19,2,3,5,3,0,0,1,0,0,0,0,382609.906999933009502,5711720.811999590136111,7.307111095000040,51.544359707000098,0,05220613701800671551
05,5,13,000,2022,06,09,7,3,3,6,0,0,1,0,0,0,0,367522.630264703999273,5708250.363714359700680,7.090964492000070,51.509832062000001,0,05220604700000275758
05,5,70,016,2022,06,20,6,3,5,2,1,0,1,0,0,0,0,412851.843916764017195,5740031.694534160196781,7.736033177000020,51.804335213000101,0,05220610711221191831
05,5,54,004,2022,06,06,6,3,5,3,0,0,1,0,0,0,0,358197.155460363021120,5776300.514483329840004,6.928816945000050,52.119029716999997,0,05220610705000196699