ULAND,UREGBEZ,UKREIS,UGEMEINDE,UJAHR,UMONAT,USTUNDE,UWOCHENTAG,UKATEGORIE,UART,UTYP1,ULICHTVERH,IstRad,IstPKW,IstFuss,IstKrad,IstGkfz,IstSonstige,LINREFX,LINREFY,XGCSWGS84,YGCSWGS84,STRZUSTAND,UIDENTSTLAE
05,5,66,092,2022,06,06,3,2,2,2,0,0,1,0,0,0,0,421551.666813686024398,5793060.219937640242279,7.850013156000050,52.282302219000002,1,05220607709700468285
05,5,66,020,2022,06,12,5,3,8,1,0,0,1,0,0,0,0,404929.995972260017879,5807684.602127510122955,7.602284985000040,52.411119019000097,0,05220609709700087281
05,5,62,024,2022,06,21,2,3,0,7,1,0,0,0,1,0,0,370868.772999893990345,5725042.889999530278146,7.132978445000050,51.661518311000101,0,05220606701500176701
05,5,66,092,2022,06,06,6,3,5,3,0,1,0,0,0,0,1,424526.355999993975274,5790970.298999680206180,7.894078302000030,52.263932744999998,0,05220603709700505026
05,5,13,000,2022,06,12,6,3,5,3,0,1,1,0,0,0,0,366259.131999871984590,5707984.238999499939382,7.072869094000050,51.507142857000098,0,05220610700000367038
05,5,70,004,2022,06,15,7,3,5,3,0,0,0,0,1,1,0,425457.872999994026031,5741411.417999659664929,7.918531718000050,51.818561322000100,0,05220618711212990739
05,5,15,000,2022,06,15,6,3,0,7,0,1,0,0,0,0,0,400408.798999972001184,5762305.469999659806490,7.549185217000060,52.002459282000103,0,05220603702100064164
05,5,66,016,2022,06,11,7,2,2,1,0,0,1,0,0,0,0,405164.721316480019595,5792609.779660600237548,7.609991000000040,52.275670630000000,0,05220611709500091846
05,5,66,028,2022,06,13,5,3,8,6,0,1,0,0,0,0,0,406873.351999979000539,5799235.790999679826200,7.633193750000030,52.335516864000098,0,05220616709700372667
05,5,62,014,2022,06,14,4,3,5,3,0,1,1,0,0,0,0,359403.145999834989198,5714903.536999420262873,6.971379692000030,51.567655822000098,0,05220615701300994939
05,5,15,000,2022,06,05,1,3,0,1,0,1,0,0,0,0,0,407533.583858461002819,5754948.546872300095856,7.654926399000030,51.937563854000103,0,05220619702100945123
05,5,62,024,2022,06,16,2,3,2,6,0,0,1,0,0,0,0,363962.245363619003911,5724492.219179529696703,7.033397665000050,51.654940578999998,0,05220620701500895049
05,5,62,004,2022,06,09,3,2,6,4,0,0,0,1,0,0,1,382637.767233613005374,5714573.921056609600782,7.306560379000080,51.570008421000097,0,05220614701800470167
05,5,62,008,2022,06,16,4,3,5,3,0,1,1,0,0,0,0,385974.221498137980234,5724287.006449970416725,7.351520697000070,51.657992657000101,1,05220608701910056173
05,5,13,000,2022,06,16,5,3,5,2,0,1,1,0,0,0,0,365986.861999869986903,5716464.663999499753118,7.065718420000050,51.583288017000001,0,05220623700000082308
05,5,58,036,2022,06,17,5,1,8,6,0,0,0,0,1,0,0,383555.770998550986405,5730125.983447990380228,7.314625201000070,51.709974950000102,0,05220602706000181019
05,5,15,000,2022,06,09,6,3,5,3,0,1,0,0,0,0,1,405575.873999978997745,5757005.475999659858644,7.625892104000060,51.955723708999997,0,05220603702100971673
05,5,58,012,2022,06,11,3,3,9,7,0,0,1,0,0,0,0,377581.476020467001945,5755237.463800019584596,7.219321270000020,51.934377719000103,0,05220607706000296562
05,5,15,000,2022,06,13,7,2,0,7,0,0,0,0,1,0,0,401160.294430729991291,5763748.404172889888287,7.559712641000030,52.015562823000003,0,05220604702100174772
05,5,62,024,2022,06,15,4,3,2,6,0,0,1,0,1,0,0,367759.230999880004674,5724256.164999510161579,7.088343908000070,51.653725350999999,0,05220615701500495038
05,5,62,020,2022,06,21,7,2,5,2,0,0,1,0,1,0,0,369202.070999887015205,5720572.030999519862235,7.110565907000020,51.620955004000102,0,05220611701200880918
05,5,62,024,2022,06,13,5,2,5,2,0,0,1,0,0,0,0,367283.048999877006281,5725137.351999510079622,7.081129907000050,51.661531866000097,0,05220602701500777638
05,5,13,000,2022,06,14,6,3,4,2,0,1,1,0,0,0,0,365986.861999869986903,5716464.663999499753118,7.065718420000050,51.583288017000001,0,05220603700000185656
05,5,15,000,2022,06,20,2,3,9,1,0,1,0,1,0,0,0,405537.971846749016549,5760865.759928129613400,7.624278309000030,51.990415078000098,0,05220613702100053166
05,5,62,016,2022,06,18,7,3,5,3,0,0,1,0,0,0,0,371050.325999894994311,5738094.029999540187418,7.130770431000030,51.778845526000097,0,05220611701700495114
05,5,58,036,2022,06,18,3,3,5,3,0,1,1,0,0,0,0,388190.096999947971199,5728714.389999619685113,7.382124156000030,51.698230578000100,0,05220621706300568251
05,5,66,008,2022,06,18,4,2,5,3,0,1,1,0,0,0,0,399092.709999969985802,5781289.935999659821391,7.524401067000040,52.172851186999999,0,05220615709110879238
05,5,70,016,2022,06,14,5,3,0,1,0,1,0,0,0,0,0,411771.806953397986945,5734892.640474149957299,7.721679242000050,51.757970595000103,0,05220616711221787303
05,5,15,000,2022,06,04,1,3,0,1,0,1,0,0,0,0,0,406756.637464642990381,5757059.538014380261302,7.643055261000030,51.956408886000098,0,05220605702100555909
05,5,62,014,2022,06,02,2,3,8,7,2,0,1,0,0,0,0,359295.549289061978925,5717421.867364440113306,6.968819311000060,51.590258583999997,0,05220620701300896158
05,5,62,004,2022,06,07,5,3,9,1,0,0,1,0,0,0,0,383140.897999935026746,5713249.564999599941075,7.314257069000060,51.558209968000000,0,05220616701800581323
05,5,58,044,2022,06,19,7,3,5,3,0,1,1,0,0,0,0,395796.522924014017917,5746288.521845229901373,7.486870203000020,51.857653726000102,0,05220618706300753747
05,5,54,064,2022,06,13,5,3,5,3,0,1,1,0,0,0,0,357438.096999827015679,5750962.532999389804900,6.928280781000070,51.891171784999997,1,05220609705000991746
05,5,62,004,2022,06,16,6,2,0,7,0,0,0,0,0,0,1,384712.233013421995565,5716771.792389149777591,7.335757901000020,51.590190468000102,0,05220603701800371551
05,5,62,024,2022,06,07,6,3,2,6,0,0,1,0,0,0,0,364207.612999863980804,5724453.871999479830265,7.036957420000020,51.654655309000098,0,05220617701500595161
05,5,66,020,2022,06,11,4,3,0,1,0,1,0,0,0,0,0,405617.792699083976913,5803370.056714169681072,7.613609497000030,52.372460174000103,0,05220622709700291641
05,5,70,020,2022,06,14,3,3,1,5,0,1,0,0,0,1,0,427626.674217324994970,5743387.300470840185881,7.949578083000060,51.836609035000002,0,05220621711421996294
05,5,12,000,2022,06,12,2,3,2,6,0,0,0,0,1,1,0,360582.815038711996749,5709578.669384860433638,6.990498976000030,51.520098824999998,0,05220620701400780917
05,5,62,004,2022,06,22,2,3,3,6,2,0,1,0,0,1,0,382192.302007826976478,5718206.873201849870384,7.298916486000050,51.602567153000102,0,05220606702340991761
05,5,54,008,2022,06,11,3,3,4,2,0,0,1,0,0,0,0,330452.675999604980461,5746478.174998579546809,6.538687865000040,51.843336020999999,0,05220614705000874716
05,5,15,000,2022,06,09,2,3,0,6,0,0,1,0,0,0,0,409534.156999982020352,5764662.690999659709632,7.681457957000020,52.025209336000003,0,05220620702100591740
05,5,66,012,2022,06,16,3,3,0,6,0,1,0,0,0,0,0,404557.061999977973755,5772137.159999670460820,7.606850469000050,52.091557447000099,0,05220614709110696559
05,5,12,000,2022,06,16,6,3,1,5,0,1,1,0,0,0,0,357549.427999824983999,5712204.048999399878085,6.945744923000060,51.542933380000100,0,05220617701400841218
05,5,66,084,2022,06,18,4,3,0,1,0,1,0,0,0,0,0,391974.445986805018038,5778053.869803669862449,7.421379333000060,52.142420096000102,1,05220608709300796527
05,5,13,000,2022,06,11,7,3,2,6,0,0,1,0,1,0,0,366985.259999877016526,5712360.043999499641359,7.081673480000060,51.546638051999999,0,05220604700000891225
05,5,54,008,2022,06,07,5,2,5,1,0,0,1,0,1,0,1,331683.617999617010355,5741444.909998649731278,6.558985952000060,51.798494292000001,0,05220609705000974716
05,5,66,008,2022,06,15,5,3,2,2,0,0,1,0,0,0,0,398258.041999968001619,5781377.812999660149217,7.512173541000040,52.173487729000001,0,05220602709110096689
05,5,62,012,2022,06,20,4,3,5,3,1,0,1,0,0,0,0,358212.737999829987530,5728454.800999410450459,6.948728843000030,51.689126412000100,1,05220608701610578460
05,5,15,000,2022,06,12,4,3,0,6,0,0,1,0,0,0,1,406227.299406757985707,5757587.898944810032845,7.635210077000070,51.961069029999997,0,05220622702100588557
05,5,62,032,2022,06,01,1,2,2,6,2,0,1,0,0,0,0,381210.749542096978985,5717887.430661429651082,7.284858367000030,51.599489967000103,0,05220612702340079605
05,5,62,008,2022,06,17,4,3,2,6,0,0,1,0,0,0,0,384080.437999937974382,5719917.275999600067735,7.325601966000020,51.618331580000103,0,05220622701930948505
05,5,15,000,2022,06,18,3,3,5,2,0,1,1,0,0,0,0,406322.628999979002401,5756457.540999660268426,7.636905299000030,51.950924902000096,0,05220621702100076728
05,5,62,032,2022,06,13,4,3,2,6,0,0,1,0,0,1,0,376035.643422689987347,5716732.415001199580729,7.210583946000040,51.587994402000000,0,05220615701110670599
05,5,15,000,2022,06,14,2,3,6,4,0,1,0,1,0,0,0,404675.461584659991786,5758303.293240440078080,7.612432785000070,51.967235365000100,0,05220620702100291803
05,5,54,016,2022,06,11,5,3,2,1,0,0,1,0,0,0,1,364254.614940483006649,5752611.750191450119019,7.026624436000080,51.907692987000097,0,05220616702340705242
05,5,58,012,2022,06,08,6,3,3,6,0,1,1,0,0,0,0,373713.096999906003475,5756461.086999570019543,7.162633969000070,51.944509395000097,0,05220603706200420577
05,5,54,012,2022,06,05,4,3,0,1,0,1,0,0,0,0,0,352345.579938740993384,5746421.151053530164063,6.856272761000070,51.849042498000102,0,05220608705000696551
05,5,54,004,2022,06,07,5,3,0,6,0,1,1,0,0,0,0,362281.701999854994938,5776667.497999460436404,6.988287231000070,52.123359642000104,0,05220623705000596695
05,5,66,096,2022,06,22,7,2,0,1,1,1,0,0,0,0,0,385910.283000157971401,5786096.412999809719622,7.330095595000050,52.213478262000102,0,05220618709300670597
05,5,70,048,2022,06,10,1,3,5,3,0,0,1,0,1,0,0,448237.846751831006259,5732015.824157189577818,8.250390699000040,51.736664549000103,0,05220612711321580981
05,5,66,028,2022,06,17,7,3,3,6,0,1,0,0,0,0,0,414578.804062256996986,5792141.124218979850411,7.748055054000080,52.273001573999998,0,05220611709700076657
05,5,13,000,2022,06,17,3,3,0,1,0,1,0,0,0,0,0,367574.466625066008419,5709291.092665250413120,7.091320042000060,51.519196944999997,0,05220607700000381235
05,5,54,012,2022,06,12,1,3,8,1,0,0,0,0,1,0,0,348357.948322603013366,5749503.946822210215032,6.797070626000050,51.875671070000102,0,05220612705000796604
05,5,62,014,2022,06,14,5,3,3,2,0,1,1,0,0,0,0,361320.761999848997220,5714150.591999440453947,6.999327060000040,51.561364619000102,1,05220609701300395167
05,5,62,014,2022,06,18,6,2,5,2,0,0,1,0,0,0,0,362308.854886081011500,5716169.580305470153689,7.012781448000060,51.579749753000002,0,05220603701300065428
05,5,62,020,2022,06,16,4,3,2,6,0,0,1,0,0,0,0,371449.813999895006418,5717813.354999540373683,7.144028586000050,51.596681130000000,0,05220608701200149480
05,5,70,036,2022,06,20,4,3,5,3,0,0,1,0,1,0,0,434330.547966047015507,5766760.166469310410321,8.042398326000070,52.047554910000002,0,05220622711121191829
05,5,13,000,2022,06,15,6,3,5,3,0,1,1,0,0,0,0,367486.088999877974857,5715052.000999510288239,7.087877481000020,51.570947499000098,0,05220617700000191002
05,5,66,092,2022,06,17,7,3,9,1,0,1,0,0,0,0,0,423458.127123396028765,5799299.691749050281942,7.876535251000060,52.338656108000102,0,05220618709700276376
05,5,66,028,2022,06,02,1,3,0,1,2,0,1,0,0,0,0,414647.719784734013956,5791094.642928220331669,7.749329585000050,52.263606080999999,0,05220612709700491161
05,5,15,000,2022,06,08,7,1,8,6,0,0,1,0,1,0,0,401221.150693732022773,5751859.515421150252223,7.564018428000050,51.908714144999998,0,05220611702330610864
05,5,54,024,2022,06,08,6,3,7,7,0,0,0,0,1,0,0,368744.371234185004141,5773771.814210800454021,7.083747949000040,52.098912020999997,0,05220603705000696531
05,5,70,008,2022,06,04,5,2,7,7,0,0,1,0,0,1,0,436816.713322574971244,5738646.115622989833355,8.083806848000050,51.795100779000101,0,05220616301911280463
05,5,66,004,2022,06,06,5,3,9,1,0,0,1,0,0,0,0,394745.451999960991088,5767521.134999649599195,7.465110147000080,52.048291282999998,0,05220616709000238480
05,5,62,014,2022,06,09,4,2,5,2,0,1,1,0,0,0,0,360016.097999840974808,5715777.641999430023134,6.979869555000050,51.575663046000003,0,05220615701300575295
05,5,62,032,2022,06,12,2,3,5,3,0,1,1,0,0,0,0,374052.158863058022689,5719173.258811320178211,7.181091524000070,51.609490510999997,0,05220606701110295081
05,5,15,000,2022,06,07,2,3,1,6,0,0,1,0,0,1,0,401869.754999972996302,5753654.678999650292099,7.572932682000040,51.924964246999998,0,05220620702100576673
05,5,66,016,2022,06,08,3,3,0,1,0,1,0,0,0,0,0,403480.114992997027002,5795276.534685670398176,7.584543881000060,52.299345643000002,1,05220607709500196657
05,5,58,008,2022,06,15,1,3,8,1,0,0,1,0,0,0,0,385077.145652609993704,5765603.764703850261867,7.324827528000070,52.029139530000101,1,05220605706200696576
05,5,66,084,2022,06,12,2,3,0,1,0,1,0,0,0,0,0,390117.790495241992176,5776710.569978039711714,7.394692855000070,52.129981374000103,0,05220620709300187315
05,5,12,000,2022,06,13,3,3,1,5,0,0,1,0,0,0,0,356677.616999819991179,5711907.811999379657209,6.933302094000060,51.540050737000101,0,05220614701400079393
05,5,62,016,2022,06,13,5,3,1,2,0,0,1,0,1,0,0,373438.168999904009979,5738078.663999560289085,7.165370422000020,51.779252534000101,0,05220616701700850782
05,5,66,040,2022,06,21,5,2,8,1,1,0,1,0,0,0,0,420253.224715485994238,5781837.468372900038958,7.833630511000020,52.181237023000101,0,05220609709800523988
05,5,15,000,2022,06,18,6,3,2,6,0,0,1,0,0,0,0,403891.154367079026997,5754746.811277830041945,7.602014457000050,51.935133398000097,0,05220617702330087221
05,5,12,000,2022,06,15,1,3,5,2,0,1,1,0,0,0,0,358609.319999833998736,5719742.201999410055578,6.957984470000040,51.610937002000099,0,05220612701400194971
05,5,66,032,2022,06,15,6,3,2,1,0,0,1,0,0,1,1,414333.828747728024609,5779711.325790110044181,7.747612394000040,52.161238583000099,0,05220603702350270544
05,5,15,000,2022,06,15,2,3,3,6,0,1,0,0,0,0,0,405690.949902686988935,5758062.320497769862413,7.627276055000040,51.965242617000101,0,05220613702100076683
05,5,62,024,2022,06,15,3,3,5,2,0,1,1,0,0,0,0,369769.960574354976416,5725124.413239190354943,7.117070283000030,51.661997380999999,0,05220621701500365815
05,5,66,020,2022,06,07,4,3,1,6,0,0,1,0,0,0,0,404949.898586146999151,5803862.020586759783328,7.603662410000030,52.376766335000099,0,05220615709700172366
05,5,66,084,2022,06,18,1,3,8,1,0,0,1,0,0,0,0,382562.539752760028932,5781325.105573610402644,7.282772356000070,52.169897005999999,0,05220619709300335083
05,5,54,048,2022,06,15,6,3,4,7,0,0,1,0,0,0,0,340546.442627644981258,5745335.683812820352614,6.685612153000020,51.836045682000098,0,05220617705000796570
05,5,15,000,2022,06,10,3,3,5,2,0,0,1,0,0,0,1,406305.052999979001470,5756676.909999660216272,7.636589821000030,51.952893736000100,0,05220607702100291700
05,5,62,016,2022,06,22,7,3,5,2,2,0,1,0,1,0,0,374840.360999909986276,5731794.818999559618533,7.187947387000070,51.723096009000102,0,05220604701700279215
05,5,15,000,2022,06,15,5,3,0,1,0,1,0,0,0,0,0,402578.313999975973275,5757598.632999660447240,7.582116088000020,51.960538106999998,0,05220609702100364121
05,5,15,000,2022,06,13,5,3,0,7,0,1,0,0,0,0,0,406136.626999979023822,5750910.901999659836292,7.635712302000060,51.901037477999999,0,05220602702100842871
05,5,62,032,2022,06,19,6,3,2,6,0,0,1,0,0,0,1,372513.320999900985043,5721113.684999549761415,7.158174281000070,51.626582595000102,0,05220603701110189689
05,5,12,000,2022,06,15,4,3,2,6,0,0,1,0,0,0,0,356499.352994401007891,5709618.369878600351512,6.931666164000030,51.519432942000002,0,05220615701400195123
05,5,58,040,2022,06,16,4,3,0,1,0,1,1,0,0,0,0,369997.961844343983103,5761189.939473999664187,7.106823196000050,51.986147662000100,0,05220622706000596562
05,5,66,084,2022,06,14,1,3,8,1,0,1,0,0,0,0,0,390145.877999952004757,5775418.617999640293419,7.395520163000070,52.118375877000098,0,05220612709300387329
05,5,58,012,2022,06,16,5,3,4,3,0,0,1,0,0,0,0,374496.618999909027480,5756785.257999570108950,7.173908926000020,51.947599852000103,0,05220609706200249812
05,5,15,000,2022,06,10,5,3,1,6,0,0,1,0,0,0,0,404287.162536684016231,5759011.550217200070620,7.606584942000040,51.973534698000002,0,05220602702100557476
05,5,66,048,2022,06,19,6,3,0,7,0,1,0,0,0,0,0,426690.815999993996229,5794576.216999690048397,7.925004062000030,52.296638917999999,0,05220617709700076770
05,5,15,000,2022,06,18,3,3,5,2,0,1,0,0,0,0,0,406719.328999978024513,5757662.142999660223722,7.642348849000030,51.961819140999999,0,05220607702100274771
05,5,54,020,2022,06,08,4,3,5,2,0,1,0,0,0,0,0,365631.052585561992601,5786848.815332110039890,7.033149757000050,52.215667186000097,0,05220622705000518559
05,5,70,004,2022,06,05,1,2,8,1,1,0,1,0,0,0,0,424624.153510016971268,5739864.738486370071769,7.906774850000030,51.804545442000098,0,05220605711211377896
05,5,54,004,2022,06,17,2,3,5,2,0,1,0,0,0,0,0,359108.954967027995735,5775848.583538779988885,6.942312485000060,52.115202226000100,0,05220613705000020869
05,5,12,000,2022,06,10,7,3,2,6,0,0,1,0,0,0,0,357735.523380549973808,5719527.771334170363843,6.945460510000030,51.608790065999997,0,05220611701400081362
05,5,15,000,2022,06,22,1,3,0,7,1,1,0,0,0,0,0,406917.615457846026402,5755809.880497540347278,7.645735681000080,51.945203284000101,0,05220619702000091832
05,5,66,060,2022,06,10,3,1,5,3,0,1,1,0,0,0,0,390082.407507184019778,5786700.765015129931271,7.390939113000060,52.219757708000003,0,05220614709500079230
05,5,66,080,2022,06,08,4,2,5,2,0,0,1,0,0,0,0,405632.226999979000539,5781430.487999670207500,7.619960288000070,52.175271643000002,0,05220608709110570516
05,5,62,032,2022,06,16,3,3,0,4,0,0,0,1,0,0,1,376063.487999912002124,5716609.317999569699168,7.211029133000070,51.586894229999999,0,05220607701110170191
05,5,54,064,2022,06,15,7,3,5,2,0,0,1,0,0,0,0,356655.833823445020244,5754150.934562359936535,6.915594768000060,51.919619449000002,0,05220604705000396587
05,5,70,052,2022,06,09,1,3,8,1,0,0,1,0,0,0,0,432029.067230227985419,5756808.896873960271478,8.010817246000039,51.957819406000098,0,05220612711113881091
05,5,13,000,2022,06,15,5,3,4,6,0,0,1,0,0,0,0,367959.910656320978887,5705672.292982890270650,7.098226887000070,51.486765886000100,0,05220602700000075255
05,5,62,014,2022,06,16,4,3,5,3,0,0,1,0,1,0,0,361949.284999851020984,5712869.110999450087547,7.008891679000040,51.550003156000102,0,05220622701300687645
05,5,62,032,2022,06,11,4,3,3,6,0,0,1,0,0,0,1,375499.619102406024467,5719676.802960540167987,7.201805392000040,51.614337853999999,0,05220622701110685655
05,5,62,012,2022,06,07,2,3,5,2,0,0,1,0,0,0,0,363414.017999859002884,5725270.344999469816685,7.025173366000050,51.661799987000101,1,05220613701610695084
05,5,70,004,2022,06,17,3,3,5,3,0,1,0,0,0,0,0,423994.335455439984798,5736905.326597589999437,7.898290466000050,51.777856203000098,0,05220614711211002599
05,5,66,016,2022,06,11,3,2,9,1,0,0,0,0,0,1,0,404611.008909482974559,5794411.257819729857147,7.601367994000040,52.291766238999998,0,05220607709500855136
05,5,15,000,2022,06,16,5,3,2,6,0,0,1,0,1,0,0,400793.635999971011188,5761743.787999659776688,7.554952073000040,51.997479732000002,0,05220616702100174771
05,5,54,012,2022,06,20,1,3,4,2,1,0,1,0,0,0,0,351602.686999788973480,5742036.529999289661646,6.847374956000070,51.809450297000097,1,05220605705000081928
05,5,62,032,2022,06,09,4,3,4,6,0,1,0,0,0,0,0,377798.204999918001704,5720686.686999579891562,7.234635168000070,51.623917630000101,0,05220622701110786132
05,5,62,032,2022,06,19,2,2,5,3,0,0,1,0,1,0,0,376150.038393647002522,5715237.251862639561296,7.212761727000040,51.574582194000101,0,05220620701120395159
05,5,58,020,2022,06,10,3,3,0,1,0,1,0,0,0,0,0,391192.500182327989023,5759295.400074779987335,7.415933107000060,51.973676433999998,0,05220614706200472440
05,5,62,012,2022,06,18,7,3,9,1,0,0,1,0,0,0,0,359630.762758244993165,5737051.340625460259616,6.965764079000050,51.766728769000103,0,05220604702340587397
05,5,62,024,2022,06,13,6,3,5,3,0,1,1,0,0,0,0,369625.697156399022788,5725086.001277440227568,7.114999996000050,51.661618739000097,0,05220610701500695049
05,5,54,004,2022,06,09,7,3,2,6,0,0,1,0,0,0,0,361306.882999851019122,5773272.219999450258911,6.975439870000060,52.092608779000003,0,05220618705000796513
05,5,54,004,2022,06,15,4,3,5,3,0,0,1,0,0,0,0,362722.589434863999486,5771190.186850610189140,6.996929790000020,52.074254008000104,0,05220615705000896695
05,5,62,036,2022,06,10,4,2,4,2,0,0,1,0,1,0,0,391612.816999955975916,5719607.396999619901180,7.434453875000030,51.617047285000098,0,05220622701930451884
05,5,66,068,2022,06,14,1,2,8,1,0,0,0,0,0,0,1,372955.702423630980775,5787759.207299490459263,7.139960838000040,52.225585500000101,0,05220605702340305242
05,5,66,084,2022,06,17,6,2,5,2,0,0,1,0,0,0,0,390963.597193597990554,5778485.387901290319860,7.406475099000030,52.146099660000097,0,05220603709300476628
05,5,58,032,2022,06,06,2,2,9,1,0,0,1,0,0,0,0,390343.735963672981597,5751855.411614820361137,7.405953903000070,51.906642249000100,1,05220606702330505260
05,5,12,000,2022,06,17,6,1,4,6,0,1,0,0,0,0,0,354459.217770454997662,5713292.486621630378067,6.900763135000030,51.551925261000100,0,05220617701400047459
05,5,62,032,2022,06,17,7,3,3,6,0,0,1,0,1,0,0,374933.234482900996227,5719763.665298019535840,7.193598307000060,51.614992946000001,0,05220604701110489512
05,5,15,000,2022,06,04,7,3,9,1,1,0,1,0,0,0,0,401126.213846234022640,5752164.866210330277681,7.562551129000040,51.911441875999998,0,05220618702330781141
05,5,70,016,2022,06,09,5,3,5,2,0,0,1,0,0,0,1,415007.208330633991864,5734684.965093390084803,7.768595217000040,51.756604122000098,0,05220602711221702708
05,5,62,012,2022,06,12,1,2,0,7,0,1,0,0,0,0,0,365414.781994036980905,5734479.059335109777749,7.050528723000070,51.745034168000103,0,05220626701610190206
05,5,66,028,2022,07,19,7,3,3,7,0,0,1,0,1,0,0,412263.468638053978793,5793121.193074190057814,7.713875312000030,52.281446099000000,0,05220702709700669049
05,5,66,040,2022,06,16,5,3,1,6,0,0,1,0,0,0,0,419935.369764322007541,5782324.292772250249982,7.828867679000040,52.185566945000097,0,05220630709800596597
05,5,66,084,2022,07,12,6,2,5,3,0,0,1,0,1,0,0,389956.778968580998480,5775776.619204410351813,7.392643682000030,52.121555712000003,0,05220701709300712303
05,5,15,000,2022,06,12,5,3,0,2,0,0,1,0,0,0,1,406816.223887250002008,5757690.346262459643185,7.643751024000040,51.962088893999997,0,05220630702100074754
05,5,54,056,2022,06,12,2,2,2,6,0,0,1,0,0,0,1,356882.289999824017286,5762802.920999390073121,6.915281157000040,51.997416450000102,0,05220627705000847518
05,5,62,032,2022,06,11,7,3,1,6,0,0,1,0,0,0,0,375500.291105909971520,5719736.481062090024352,7.201793892000070,51.614874337000103,0,05220625701110773591
05,5,15,000,2022,06,10,5,3,2,2,0,1,0,0,0,0,0,404043.275124877982307,5758121.122576289810240,7.603284379000060,51.965489182000098,0,05220630702100274642
05,5,54,032,2022,06,17,7,3,2,6,0,0,1,0,0,0,0,323333.955934675002936,5743256.766184990294278,6.437098912000070,51.812193979000000,0,05220625705000781024
05,5,13,000,2022,07,13,3,3,2,6,0,0,1,0,0,0,0,366546.975999874004629,5714538.824999489821494,7.074529557000060,51.566114321999997,0,05220705700000275986
05,5,62,032,2022,06,12,4,3,1,2,0,0,1,0,0,0,0,378409.712999921990559,5718637.420999580062926,7.244175714000050,51.605632673000102,0,05220629701110491788
05,5,66,076,2022,07,21,7,2,8,1,0,0,1,0,0,0,0,393661.685999960987829,5786490.134999659843743,7.443380319000030,52.218567274000101,0,05220702709500502246
05,5,54,052,2022,07,08,4,3,0,1,0,1,0,0,0,0,0,378913.223137682012748,5771970.015502509661019,7.232767352000050,52.085039101000099,0,05220706705000891707
05,5,58,016,2022,06,15,5,2,9,1,0,0,0,0,1,0,0,382028.496465008007362,5745785.668637000024319,7.287208322000030,51.850393971000102,0,05220630702330981369
05,5,70,004,2022,07,16,2,3,2,6,0,0,1,0,0,0,0,424813.696622631978244,5729198.199901360087097,7.911830803000040,51.708681918000103,0,05220704711214826206
05,5,66,028,2022,07,15,6,3,0,3,0,1,1,0,0,0,0,417322.736937041976489,5791451.785262909717858,7.788429556000040,52.267224898000102,0,05220701709700070260
05,5,70,040,2022,07,15,3,3,0,7,0,1,0,0,0,0,0,419090.307353163021617,5743332.664965310133994,7.825721172000040,51.834946395000003,0,05220705711231302909
05,5,66,088,2022,07,14,3,3,3,6,0,0,1,0,0,0,0,423516.204097211011685,5787563.559647230431437,7.880050956000050,52.233170501000103,0,05220705702350570820
05,5,70,052,2022,07,15,7,3,8,1,0,0,1,0,0,0,0,426257.283999994979240,5756069.303999669849873,7.926994361000030,51.950435368000100,0,05220702711161890658
05,5,62,024,2022,07,10,6,2,0,1,0,0,0,0,1,0,0,372867.045999901019968,5725493.853999550454319,7.161689927000050,51.666026653000102,0,05220701701500362613
05,5,62,032,2022,07,19,3,3,5,2,0,0,1,0,1,0,0,374064.103999904997181,5717455.448999550193548,7.181880765000070,51.594055161000000,0,05220705701110681809
05,5,62,004,2022,07,07,1,3,9,1,0,0,0,0,1,0,0,383199.808619541989174,5713680.292724139988422,7.314963382000030,51.562093440000098,0,05220703701800485634
05,5,66,068,2022,06,16,6,3,8,6,0,1,1,0,0,0,0,371815.274330245971214,5785511.649941319599748,7.124124901000070,52.205125158999998,0,05220624709300092705
05,5,15,000,2022,07,16,2,3,1,6,0,0,1,0,0,0,1,401318.173999972001184,5748333.690999650396407,7.566437386000080,51.877040160000000,0,05220704702100676765
05,5,13,000,2022,07,02,6,3,8,1,2,0,1,0,0,0,0,364938.208977738977410,5709869.234097270295024,7.053124809000050,51.523768224999998,1,05220701700000973546
05,5,66,004,2022,07,19,7,3,0,1,0,1,0,0,0,0,0,393371.008285675023217,5763965.998115640133619,7.446183266000050,52.016076435000102,0,05220702709000376750
05,5,54,068,2022,06,22,5,2,9,1,2,0,1,0,0,0,0,350539.919164835009724,5765185.636187099851668,6.821926371000070,52.017153107000098,1,05220630705000496621
05,5,12,000,2022,06,13,6,3,3,3,0,0,1,0,0,1,0,352928.493999796977732,5711962.399999319575727,6.879256557000080,51.539576854000103,0,05220624702340087398
05,5,54,012,2022,06,17,5,3,1,6,0,0,1,0,0,0,0,353146.888999800023157,5745505.917999319732189,6.868286527000070,51.841030519000100,0,05220630705000191729
05,5,62,016,2022,06,07,6,3,5,2,0,0,1,0,0,0,1,374840.164438673004042,5731795.933098959736526,7.187944143000040,51.723105977000003,1,05220624701700700574