ULAND,UREGBEZ,UKREIS,UGEMEINDE,UJAHR,UMONAT,USTUNDE,UWOCHENTAG,UKATEGORIE,UART,UTYP1,ULICHTVERH,IstRad,IstPKW,IstFuss,IstKrad,IstGkfz,IstSonstige,LINREFX,LINREFY,XGCSWGS84,YGCSWGS84,STRZUSTAND,UIDENTSTLAE
05,5,62,012,2022,06,11,3,2,6,2,0,0,1,1,0,0,0,362635.936999856028706,5731050.443999459967017,7.011655707000050,51.713550468000101,0,05220628701620317110
05,5,66,028,2022,06,14,4,3,5,2,0,1,1,0,0,0,0,414698.727999989001546,5792115.344999680295587,7.749818742000060,52.272788478999999,0,05220629709700976770
05,5,62,012,2022,06,16,7,3,0,1,0,0,0,0,1,0,0,361703.157950484019239,5722036.657417380250990,7.001731451000070,51.632323591999999,0,05220625701610089520
05,5,70,052,2022,06,14,5,3,1,6,0,0,1,0,0,0,1,430418.295060107018799,5755867.628259940072894,7.987570154000030,51.949158516000097,0,05220630711113574649
05,5,15,000,2022,06,13,3,3,4,6,0,1,0,0,0,0,0,405398.613436640007421,5755991.728063270449638,7.623592373000060,51.946581574000000,0,05220628702100272721
05,5,66,076,2022,07,16,3,3,5,2,0,1,1,0,0,0,0,391149.003296317008790,5791846.777931430377066,7.404888374000050,52.266217239000099,0,05220705709500396657
05,5,58,008,2022,07,15,6,2,8,1,0,0,0,0,1,0,0,380022.223405994009227,5761280.249759320169687,7.252695169000050,51.989214778000097,0,05220701706000191074
05,5,12,000,2022,07,20,3,3,2,1,0,1,0,0,0,0,0,352460.427302332012914,5714335.717252519913018,6.871516748000030,51.560780014000002,0,05220705701400580909
05,5,70,012,2022,07,15,1,2,5,3,0,0,1,0,0,0,0,437891.355444666987751,5752707.401606500148773,8.096860042000060,51.921632973999998,0,05220703711131390658
05,5,58,040,2022,06,11,4,3,4,6,0,1,0,0,1,0,0,371350.947999896015972,5764295.114999550394714,7.125349196000060,52.014366193000100,0,05220629706200272440
05,5,62,016,2022,07,12,3,2,5,1,0,0,1,0,1,0,0,372484.701999899989460,5733187.577999549917877,7.153351117000060,51.735081604000101,0,05220705701700789672
05,5,62,036,2022,07,15,2,2,5,3,0,1,1,0,0,0,0,391612.816999955975916,5719607.396999619901180,7.434453875000030,51.617047285000098,0,05220704701930769617
05,5,62,012,2022,07,18,6,3,0,1,0,1,0,0,0,0,0,361787.398881717992481,5736286.686984449625015,6.997301532000050,51.760394251000001,0,05220701701610678460
05,5,15,000,2022,06,17,3,3,2,2,0,0,1,0,0,0,0,407097.630999980028719,5760312.853999660350382,7.647135682000060,51.985708377000002,0,05220628702100574709
05,5,54,048,2022,06,13,1,3,8,1,0,0,0,0,1,0,0,340399.948521092010196,5743070.024341000244021,6.684532133000060,51.815649442000101,0,05220626705000791855
05,5,12,000,2022,06,15,3,2,9,1,0,0,0,0,1,0,0,360245.054222067003138,5711388.852311619557440,6.984915626000030,51.536281879000100,0,05220628701400275780
05,5,70,040,2022,06,23,7,2,8,1,2,1,0,0,0,0,0,410678.914685441006441,5745367.940839380025864,7.703149321000070,51.851959385999997,0,05220625711232681052
05,5,54,048,2022,07,22,2,3,0,1,2,1,0,0,0,0,0,341073.383794453984592,5746558.949799300171435,6.692691713000040,51.847185572000100,0,05220704705000673909
05,5,62,004,2022,06,18,3,3,1,6,0,0,1,0,0,0,0,382945.965999934996944,5715956.610999589785933,7.310544544000040,51.582499691000102,0,05220628701800589569
05,5,62,004,2022,07,11,7,3,2,6,0,0,1,0,1,0,0,383576.687229227973148,5710104.222168520092964,7.321581267000060,51.530030386000099,0,05220702701800085634
05,5,58,016,2022,06,12,7,2,4,2,0,0,1,0,0,0,0,380738.741834331012797,5742829.952447970397770,7.269510819000060,51.823556585000098,0,05220625706100874646
05,5,66,048,2022,07,12,1,3,2,6,0,0,1,0,0,0,0,426211.923459546989761,5790159.951451140455902,7.918949401000020,52.256877293999999,0,05220703702350042439
05,5,66,048,2022,06,15,6,3,6,7,0,0,1,1,0,0,0,426707.597846181015484,5794461.769321720115840,7.925275006000050,52.295612396000102,0,05220624709700069050
05,5,13,000,2022,07,13,7,3,5,2,0,1,1,0,0,0,0,361174.580116724013351,5717725.745612249709666,6.995806419000080,51.593455368999997,0,05220702700000873594
05,5,62,012,2022,06,17,3,3,5,2,0,1,1,0,0,0,0,362635.936999856028706,5731050.443999459967017,7.011655707000050,51.713550468000101,0,05220628701620451227
05,5,54,004,2022,06,13,4,3,5,3,0,1,1,0,0,0,0,357380.053942519007251,5777981.413889219984412,6.916186169000070,52.133922124000001,0,05220629705000847518
05,5,70,052,2022,06,16,2,3,8,1,0,0,1,0,0,0,0,432576.833545917994343,5754522.402907690033317,8.019236134000041,51.937331155999999,0,05220627711115387268
05,5,62,036,2022,07,12,7,3,5,3,0,1,1,0,0,0,0,391006.919999954989180,5720080.932999620214105,7.425558525000040,51.621186497000103,0,05220702701930485438
05,5,15,000,2022,06,15,1,3,8,1,0,0,1,0,0,0,0,398341.435335777990986,5751966.015470460057259,7.522138436000030,51.909153279000101,0,05220626702330010864
05,5,54,056,2022,06,08,1,3,0,1,0,1,0,0,0,0,0,358773.381648848007899,5761381.600447679869831,6.943393738000050,51.985129802000102,0,05220626705000991822
05,5,70,044,2022,06,04,2,2,9,1,1,0,1,0,0,0,0,419679.333999990019947,5758246.002999669872224,7.830792470000060,51.969091004000099,1,05220627711142590988
05,5,54,056,2022,06,03,6,3,0,7,2,0,0,0,0,0,1,356842.523999825003557,5763097.457999389618635,6.914579303000040,52.000052615000101,0,05220624705000091108
05,5,13,000,2022,06,07,6,3,5,3,0,1,1,0,0,0,0,368606.827999882982112,5709626.828999510034919,7.106065736000060,51.522455218000097,1,05220624700000775758
05,5,54,004,2022,07,12,7,3,1,6,0,0,1,0,0,0,0,361412.535497753997333,5773182.336360610090196,6.977017624000040,52.091827624000103,0,05220702705000281101
05,5,70,016,2022,06,13,7,3,4,6,0,0,1,0,0,0,0,408630.172027212975081,5744349.653294459916651,7.673681281000030,51.842474604000103,0,05220625711222302909
05,5,13,000,2022,06,15,7,3,5,3,0,1,0,0,0,0,0,370023.246557309990749,5710582.478418580256402,7.126117907000040,51.531371261000103,0,05220625700000875938
05,5,54,032,2022,06,17,7,2,5,7,0,1,1,0,0,0,0,324442.954999539011624,5747625.125998229719698,6.450954285000020,51.851781336999998,0,05220625705000591855
05,5,62,004,2022,06,17,7,3,2,6,0,0,1,0,0,0,0,383427.394182674004696,5712069.503010299988091,7.318779114000050,51.547663124000103,0,05220625701800249519
05,5,66,036,2022,07,09,2,2,2,6,0,0,1,0,0,1,0,387231.403999947011471,5769061.601999630220234,7.355074153000030,52.060657924000097,0,05220704709300696527
05,5,62,014,2022,07,20,2,3,5,3,0,0,1,0,1,0,0,361320.761999848997220,5714150.591999440453947,6.999327060000040,51.561364619000102,0,05220704701300689528
05,5,66,016,2022,06,18,2,2,5,3,0,1,1,0,0,0,0,398390.015999968978576,5798788.589999670162797,7.508864101000030,52.329992027999999,0,05220627709500811931
05,5,62,032,2022,06,11,3,2,5,2,0,1,1,0,0,0,0,375888.814238095015753,5719348.988595769740641,7.207539762000070,51.611477678000000,0,05220628701110870161
05,5,66,040,2022,07,06,2,3,9,1,0,0,1,0,0,0,0,420541.384779457992408,5783343.836431239731610,7.837491046000030,52.194819076000002,0,05220704709110052454
05,5,12,000,2022,06,15,5,3,2,6,0,0,1,0,0,0,0,356328.450107852986548,5714075.994564830325544,6.927385184000060,51.559444751000100,0,05220630702340108339
05,5,15,000,2022,06,10,3,3,4,6,0,0,1,0,0,0,0,409074.069999983010348,5758862.817999660037458,7.676292888000030,51.973001631000002,0,05220628702100274735
05,5,70,012,2022,07,14,3,3,2,6,0,0,1,0,0,1,1,439846.972227729973383,5753455.157505040057003,8.125162911000070,51.928570045000100,0,05220705711131079136
05,5,13,000,2022,07,17,2,3,5,3,0,1,1,0,0,0,0,365200.283343775023241,5716814.748272500000894,7.054237926000040,51.586246426000102,0,05220704700000291843
05,5,13,000,2022,07,06,2,3,2,3,0,0,1,0,1,0,0,367957.646999882010277,5708739.022999510169029,7.097046456000040,51.514325343000102,0,05220704700000275414
05,5,58,012,2022,07,12,6,3,0,5,0,1,1,0,0,0,0,374155.967562794976402,5755275.148374440148473,7.169507731000070,51.933952359999999,0,05220701706000074763
05,5,15,000,2022,06,00,5,3,0,1,2,0,0,0,0,0,1,405048.325473922013771,5758222.708229750394821,7.617880857000050,51.966574853000097,0,05220630702100274709
05,5,70,036,2022,07,18,7,3,0,1,0,0,0,0,1,0,0,433889.421801416028757,5767564.395083219744265,8.035811126000061,52.054732167000097,0,05220702711121091269
05,5,62,032,2022,06,17,4,2,8,1,0,0,1,0,0,0,0,377099.346533496980555,5718445.481094430200756,7.225330363000070,51.603623195000097,0,05220629701110476672
05,5,62,024,2022,07,16,7,3,2,2,0,1,1,0,0,0,0,367562.794999877980445,5723505.885999510064721,7.085790068000050,51.646936745000097,0,05220702701500395076
05,5,66,012,2022,06,05,7,2,8,1,0,0,0,0,1,0,0,409179.243261964002158,5768457.493837459944189,7.675278400000020,52.059260890000097,0,05220625709110470630
05,5,15,000,2022,07,07,6,3,5,3,0,1,1,0,0,0,0,405972.618999978993088,5752311.447999659925699,7.632946998000020,51.913598688000000,1,05220701702100291783
05,5,58,024,2022,06,11,7,3,5,3,0,1,0,0,0,0,1,391097.807999955024570,5733888.018999629653990,7.422563278000040,51.745302788000103,0,05220625706300876748
05,5,62,012,2022,07,08,3,2,4,6,0,0,1,0,0,0,0,363162.067999858991243,5738047.681999470107257,7.016513817000030,51.776555993000002,0,05220705701610747124
05,5,13,000,2022,06,15,5,2,6,4,0,0,0,1,0,0,1,366421.927108652016614,5709565.494424870237708,7.074614251000070,51.521391512000001,0,05220630700000767056
05,5,62,014,2022,07,18,1,3,8,1,0,0,1,0,0,0,0,361899.073000896023586,5713850.499307679943740,7.007782573000040,51.558809824999997,0,05220703702340791761
05,5,70,004,2022,07,08,2,3,5,3,0,0,1,0,0,0,1,423834.956999993009958,5734528.503999659791589,7.896501894000040,51.756467740000097,0,05220704711214081052
05,5,62,032,2022,07,15,6,3,2,5,0,0,1,0,0,0,1,376006.273721662000753,5716860.561413940042257,7.210114949000060,51.589139617999997,0,05220701701110985655
05,5,62,032,2022,06,14,6,3,5,2,0,0,1,0,1,0,0,375235.124999910010956,5719948.970999560318887,7.197890363000060,51.616725297000102,0,05220624701110776672
05,5,62,012,2022,06,17,5,3,2,6,0,0,1,0,0,0,0,358945.682999835000373,5727196.070999410003424,6.959833897000070,51.678000408999999,0,05220630701610278460
05,5,62,016,2022,06,16,3,3,8,1,0,1,0,0,0,0,0,374929.728829023020808,5729324.420521399937570,7.190127153000050,51.700914701999999,0,05220628701700944448
05,5,62,004,2022,06,16,4,3,5,2,0,1,1,0,0,0,0,384567.436999940022361,5716560.301999599672854,7.333738201000070,51.588259991000001,0,05220629701800791003
05,5,13,000,2022,07,19,1,3,6,6,0,1,0,1,0,0,0,368654.390331115981098,5712156.486415360122919,7.105807267000050,51.545199705000101,0,05220703700000381313
05,5,15,000,2022,06,15,5,3,0,4,0,1,0,1,0,0,0,405520.557999978016596,5755518.681999660097063,7.625496054000050,51.942350346000097,0,05220630702330674764
05,5,58,004,2022,07,08,3,2,8,7,0,0,0,0,1,0,0,404582.138999978022184,5739139.071999650448561,7.616373992000040,51.794961616000101,0,05220705706300272172
05,5,15,000,2022,07,18,2,3,0,3,0,1,0,1,0,0,0,404136.238027652027085,5756279.158028570003808,7.605151061000070,51.948948987000101,0,05220704702100088934
05,5,58,012,2022,06,17,3,3,3,6,0,0,1,0,1,0,0,373277.869272203010041,5756355.497106939554214,7.156344231000050,51.943461560000102,0,05220628706200881437
05,5,15,000,2022,06,00,6,3,0,6,2,1,0,0,0,0,0,399480.398999969009310,5757024.029999650083482,7.537212520000030,51.954822086000000,0,05220624702100353166
05,5,62,032,2022,07,14,3,3,0,3,0,0,1,0,0,0,1,375438.011999910988379,5719846.553999559953809,7.200855720000050,51.615849798000099,0,05220705701110839160
05,5,58,004,2022,07,18,7,3,5,2,0,0,1,0,1,0,0,402186.781511529989075,5739218.819198040291667,7.581628476000050,51.795264642000099,0,05220702706000709883
05,5,12,000,2022,06,21,7,3,5,2,1,1,1,0,0,0,0,356440.177725527028088,5709971.683183150365949,6.930669902000030,51.522592717000101,0,05220625701400082415
05,5,66,056,2022,06,14,5,2,5,3,0,1,1,0,0,0,0,417198.572999988973606,5796943.356999689713120,7.785260794000070,52.316567159000002,0,05220630709700496557
05,5,54,012,2022,07,10,6,2,8,1,0,1,0,0,0,0,0,347078.775999756995589,5745784.717999200336635,6.780148747000060,51.841906720000097,0,05220701705000281028
05,5,62,012,2022,07,10,3,3,5,3,0,1,1,0,0,0,0,363095.280999857990537,5731890.983999460004270,7.017970115000030,51.721215860000001,0,05220705701620547459
05,5,66,096,2022,07,16,1,2,5,3,0,0,1,0,0,0,1,385096.627145325997844,5790266.666833559982479,7.316774588000040,52.250786103999999,0,05220703709300040735
05,5,62,032,2022,06,01,2,1,9,1,2,0,1,0,0,0,0,374122.409999904979486,5717778.837999549694359,7.182606039000060,51.596974506000002,0,05220627701110280918
05,5,54,020,2022,07,15,4,3,0,1,0,1,0,0,0,0,0,363821.044309651013464,5786609.078580729663372,7.006769141000060,52.213068732000103,0,05220706705000520896
05,5,13,000,2022,06,09,5,3,6,2,0,0,1,1,0,0,0,366928.135999875026755,5714890.596999499946833,7.079892428000050,51.569365619999999,0,05220630700000490696
05,5,15,000,2022,07,14,1,3,5,3,0,1,1,0,0,0,0,398376.624163819011301,5759483.861959749832749,7.520427876000040,51.976730480000100,0,05220703702100579167
05,5,54,008,2022,07,16,2,3,5,3,0,0,1,0,1,0,0,333466.122683143010363,5746808.715263799764216,6.582232373000070,51.847212155000101,0,05220704705000796646
05,5,15,000,2022,06,10,3,3,8,1,0,0,0,0,1,0,0,406114.240945479017682,5759616.358966000378132,7.633010346000050,51.979282650000101,0,05220628702100865854
05,5,62,024,2022,06,15,5,3,2,2,0,0,1,0,0,0,1,364322.277999865007587,5724243.097999479621649,7.038695776000050,51.652788934999997,0,05220630701500238984
05,5,54,012,2022,07,11,4,2,5,3,0,0,1,0,0,0,1,351102.780392554006539,5745688.922257750295103,6.838558191000060,51.842133494000102,0,05220706705000291697
05,5,66,084,2022,07,09,2,3,5,2,0,1,1,0,0,0,0,386160.114999943005387,5778968.843999629840255,7.336143456000060,52.149475324999997,0,05220704709300896675
05,5,70,020,2022,06,14,3,3,1,5,0,1,1,0,0,0,0,433441.827625685022213,5743072.940530399791896,8.034025818000030,51.834506325000099,0,05220628711422587326
05,5,70,052,2022,06,05,6,3,5,3,1,0,1,0,0,0,0,432670.696496501972433,5754230.188406339846551,8.020658485000070,51.934715589000099,0,05220624711115551245
05,5,66,064,2022,06,13,3,3,4,6,0,1,0,0,1,0,0,399323.694183202984277,5771410.181969409808517,7.530701843000030,52.084096160000101,0,05220628709110776669
05,5,70,044,2022,06,06,4,3,2,6,0,0,1,0,0,0,0,422324.966275386977941,5757840.343054439872503,7.869387798000050,51.965820448999999,0,05220629711142587219
05,5,66,044,2022,07,10,7,3,5,3,0,0,1,0,0,0,0,422458.328999991994351,5774367.755999679677188,7.867580082000070,52.114406381000002,0,05220702709800048557
05,5,66,084,2022,07,11,6,2,5,3,0,1,1,0,0,0,0,385710.738310183980502,5779595.707665340043604,7.329367576000040,52.155016074000102,0,05220701709300012303
05,5,15,000,2022,06,09,5,3,5,3,0,1,1,0,0,0,0,398639.008999968005810,5758006.703999649733305,7.524682804000070,51.963501678000100,0,05220630702100174772
05,5,70,048,2022,06,20,7,1,8,1,0,0,1,0,0,0,0,441591.633547023986466,5729516.035710220225155,8.154571539000070,51.713537193999997,0,05220625711321602632
05,5,13,000,2022,07,15,3,2,6,4,0,0,1,1,0,0,0,367532.879534606006928,5713955.087523680180311,7.088965689000080,51.561100950000103,0,05220705700000272393
05,5,54,004,2022,06,21,5,3,7,7,1,0,1,0,0,0,1,357596.148105469997972,5776185.976564990356565,6.920092754000050,52.117846145999998,1,05220630705000881000
05,5,62,014,2022,07,16,4,3,9,1,0,0,1,0,0,0,0,361999.457636393024586,5713835.165666930377483,7.009235780000040,51.558696602000097,0,05220706702340591820
05,5,58,016,2022,06,08,6,2,8,1,0,0,1,0,0,0,0,380570.371576356992591,5745449.386685780249536,7.266164823000050,51.847061721000003,1,05220624702330310864
05,5,58,008,2022,07,06,2,3,5,3,0,0,1,0,0,0,0,380781.896118332981132,5757208.102712590247393,7.265167392000020,51.952782474000102,0,05220704706200779094
05,5,58,024,2022,06,20,1,2,0,1,0,1,0,0,0,0,0,395449.759469126991462,5740421.684296689927578,7.483609150000060,51.804857367000103,0,05220626706000441941
05,5,62,024,2022,06,18,5,3,2,2,0,0,1,0,0,0,0,371042.271999894990586,5725536.947999539785087,7.135303206000060,51.665998106000103,0,05220630701500585464
05,5,66,028,2022,06,12,1,3,9,1,0,0,1,0,0,0,0,415178.146781923016533,5792062.703162769787014,7.756856576000080,52.272389482999998,0,05220626709800476667
05,5,66,044,2022,06,11,7,3,3,2,0,1,1,0,0,0,0,430045.759708583005704,5777820.133501750417054,7.977656799000040,52.146452931000098,0,05220625709800023988
05,5,12,000,2022,07,18,1,3,2,6,0,0,1,0,0,0,0,356362.854786888987292,5714330.210248379968107,6.927777297000030,51.561737832000098,0,05220703702340420181
05,5,54,048,2022,06,11,5,3,3,6,0,1,1,0,0,0,0,341102.857999709027354,5746481.444999019615352,6.693154861000040,51.846497666000097,0,05220630705000276764
05,5,70,020,2022,06,19,6,3,4,7,0,0,1,0,0,0,0,433237.530295682023279,5746774.486132940277457,8.030346330000040,51.867758463000001,0,05220624711422260974
05,5,62,020,2022,06,00,5,3,8,1,2,0,1,0,0,0,0,372322.137454770971090,5715455.726955870166421,7.157473414000040,51.575691669000001,0,05220630702340287398
05,5,70,004,2022,07,13,4,3,5,2,0,0,1,0,1,0,0,427303.993297206994612,5740041.346073219552636,7.945598041000040,51.806487971000102,0,05220706711212687237
05,5,13,000,2022,06,15,6,3,2,6,0,0,1,0,0,0,1,365844.838999870000407,5714384.837999490089715,7.064464053000050,51.564563919000101,0,05220624700000869607
05,5,15,000,2022,06,10,5,3,5,3,0,1,1,0,0,0,0,406128.461999979976099,5757704.004999659955502,7.633740283000070,51.962095966000000,0,05220630702100576649
05,5,62,036,2022,07,09,7,2,5,2,0,0,1,0,0,0,1,387251.026079348986968,5719982.567287820391357,7.371358252000050,51.619562479000102,0,05220702701930167141
05,5,62,024,2022,07,16,2,2,7,6,0,0,1,0,0,0,0,371963.396151497028768,5729174.793532099574804,7.147280648000050,51.698901139000000,0,05220704702340991820
05,5,62,008,2022,06,06,3,3,5,2,0,0,1,0,1,0,0,384333.088353333994746,5723516.419382319785655,7.328060434000070,51.650731547000099,0,05220628701910095112
05,5,15,000,2022,06,14,7,3,8,7,0,0,1,0,0,0,0,404575.536140891024843,5745155.844986460171640,7.614620135000050,51.849042881000102,0,05220625702100068301
05,5,70,020,2022,07,20,2,3,9,1,1,0,1,0,0,0,0,425847.589876520971302,5742289.966068060137331,7.923996555000030,51.826511007000100,0,05220704711212391105
05,5,13,000,2022,07,17,2,3,3,7,0,1,1,0,0,0,0,364904.163022359018214,5720117.680999680422246,7.048694058000020,51.615856843000103,0,05220704700000767048
05,5,62,004,2022,06,09,3,3,5,2,0,1,1,0,0,0,0,382640.059999933000654,5712000.736999589949846,7.307452360000070,51.546881869000103,0,05220628701800985336
05,5,54,024,2022,06,14,1,2,0,1,0,0,1,0,0,0,0,368566.548211843008175,5773454.992047430016100,7.081275609000040,52.096022919000099,0,05220626705000496634
05,5,62,024,2022,06,11,7,3,5,3,0,1,0,0,0,0,0,367283.048999877006281,5725137.351999510079622,7.081129907000050,51.661531866000097,0,05220625701500995076
05,5,62,012,2022,07,23,3,2,2,6,2,0,1,0,0,0,0,360029.814217327977531,5739523.227146700024605,6.970546645000070,51.789040194999998,0,05220705702340349701
05,5,70,004,2022,06,19,4,3,5,2,0,1,1,0,0,0,0,422758.805716568022035,5735265.974026099778712,7.880749611000060,51.762949921000001,0,05220629711215458483
05,5,62,020,2022,07,10,2,3,5,2,0,1,1,0,0,0,0,371701.768446222995408,5718029.601944359950721,7.147585098000040,51.598681957000103,0,05220704701200085456
05,5,62,032,2022,06,16,3,3,6,4,0,0,1,1,0,0,0,372380.707283015013672,5722112.664821130223572,7.155895333000050,51.635530231000097,0,05220628701110595055
05,5,66,092,2022,07,16,4,2,2,6,0,0,1,0,1,0,0,423713.490363078017253,5796442.599129820242524,7.880930878000070,52.313010016000099,0,05220706709700091696
05,5,13,000,2022,06,22,4,3,0,7,2,0,1,0,0,0,0,363920.102446070988663,5719916.696110909804702,7.034567433000060,51.613813716999999,0,05220629702340195177
05,5,62,016,2022,07,19,7,2,8,1,0,0,0,0,1,0,0,374445.204655397974420,5735152.313688269816339,7.181017975000030,51.753180903000001,0,05220702701700800574
05,5,70,028,2022,07,21,2,2,8,1,0,0,1,0,0,0,0,445971.765980224998202,5737749.743004979565740,8.216685358000060,51.788001375000100,0,05220704711411387228
05,5,70,048,2022,07,18,6,2,9,1,0,0,1,0,0,0,0,450443.931879142008256,5727105.803443030454218,8.283034425000039,51.692719483000097,0,05220701711322202810
05,5,15,000,2022,06,09,6,3,1,6,0,0,1,0,0,1,0,404403.293999976012856,5755371.557999660260975,7.609287942000040,51.940837085000098,1,05220624702100791845
05,5,54,012,2022,06,16,4,3,2,6,0,0,1,0,0,0,0,352390.279999795020558,5745064.075999310240149,6.857500412000040,51.836861126000002,0,05220629705000581028
05,5,62,014,2022,06,21,2,2,5,3,2,1,1,0,0,0,0,360016.036999839008786,5715768.838999429717660,6.979872184000040,51.575583927000103,0,05220627701300081306
05,5,62,024,2022,07,17,1,3,9,1,0,0,0,0,1,0,0,374607.744203466980252,5723904.205116990022361,7.187416540000070,51.652131660000101,0,05220703701500675471
05,5,58,016,2022,07,15,3,3,3,2,0,0,1,0,0,0,1,381411.070366166997701,5743354.111849119886756,7.279082039000060,51.828410393000098,0,05220705706100789265
05,5,62,024,2022,07,15,2,3,2,2,0,0,1,0,0,0,1,365922.790999873017427,5724311.131999489851296,7.061791736000030,51.653784307000102,0,05220704701500286129
05,5,70,044,2022,07,17,6,3,4,2,0,1,1,0,0,0,0,415571.989285640011076,5760233.081497070379555,7.770528494000080,51.986343980000100,0,05220701711142091269
05,5,54,004,2022,06,14,3,3,8,1,0,0,1,0,0,0,0,360423.581765445997007,5767195.902786020189524,6.965038755000020,52.037789932000102,0,05220628705000247518
05,5,13,000,2022,06,11,4,2,5,3,0,1,1,0,0,0,0,364184.579999863984995,5716506.246999479830265,7.039705339000020,51.583230249000103,0,05220629700000320537
05,5,66,092,2022,06,04,2,3,0,1,1,1,0,0,0,0,0,420976.287968210992403,5796201.406088310293853,7.840843455000030,52.310454859000103,1,05220627709700868339
05,5,54,008,2022,07,11,7,3,2,6,0,0,1,0,0,0,0,328264.171270846971311,5748389.407071639783680,6.506000307000020,51.859835227000097,0,05220702705000196651
05,5,66,088,2022,06,13,7,2,5,3,0,1,0,0,1,0,0,426139.205450602981728,5787604.249968700110912,7.918443016000030,52.233894391000000,0,05220625709700053150
05,5,12,000,2022,07,14,3,3,5,2,0,0,1,0,0,0,0,356499.352994401007891,5709618.369878600351512,6.931666164000030,51.519432942000002,0,05220719701400189683
05,5,62,014,2022,07,11,2,3,2,6,0,0,0,0,0,1,0,356767.980758732999675,5715688.743425480090082,6.933064155000070,51.574048324000003,0,05220725702340572367
05,5,15,000,2022,07,15,4,3,1,1,0,1,1,0,0,0,0,405520.957152727991343,5756552.189297970384359,7.625217806000020,51.951640042000101,0,05220713702100242370
05,5,62,032,2022,07,17,1,3,5,2,0,1,1,0,0,0,0,375170.028593169990927,5720395.078055880032480,7.196791673000060,51.620720067999997,1,05220710701110351237
05,5,62,024,2022,07,06,1,2,0,7,0,0,1,0,0,0,1,369749.058950896025635,5722212.149521349929273,7.117852751000040,51.635821072000098,0,05220724701500981160
05,5,15,000,2022,07,08,6,3,0,1,0,1,0,0,0,0,0,406259.463733866985422,5757688.638585889711976,7.635650566000040,51.961979949000103,0,05220715702100072460
05,5,58,044,2022,07,15,5,2,9,6,0,0,1,0,0,0,1,396296.181558018026408,5750595.808400060050189,7.492828856000070,51.896460849999997,0,05220714706100081081
05,5,13,000,2022,07,23,1,2,9,1,2,0,1,0,0,0,0,370381.613455739978235,5715143.648738809861243,7.129600694000030,51.572444228999998,0,05220717702340772367
05,5,70,040,2022,07,06,5,3,8,1,0,0,0,0,0,0,1,419155.604999992006924,5747069.259999659843743,7.825794710000030,51.868545217000097,1,05220707711231281146
05,5,62,024,2022,07,13,4,3,1,6,0,0,1,0,0,0,0,371280.400999895005953,5724580.211999540217221,7.139096886000060,51.657454777000098,0,05220713701500470518
05,5,58,008,2022,07,18,6,3,5,3,0,1,1,0,0,0,0,382560.197999935015105,5760207.793999609537423,7.290006331000030,51.980119058000099,0,05220722706200996084
05,5,58,012,2022,07,16,3,3,0,3,0,1,1,0,0,0,0,374655.550186383014079,5753104.854372279718518,7.177560812000020,51.914561706000001,0,05220726706000591074
05,5,66,076,2022,07,10,2,2,0,7,0,1,0,0,1,0,0,394318.550005452998448,5793653.289544030092657,7.450750410000070,52.283071015000097,0,05220711709500738473
05,5,15,000,2022,07,16,2,3,0,7,0,0,1,0,0,0,0,405373.525999978010077,5761218.921999660320580,7.621786638000060,51.993561436000000,0,05220725702100191803
05,5,54,036,2022,07,18,7,3,5,3,0,0,1,0,0,0,0,370823.761999894981273,5766214.554999549873173,7.116947178000030,52.031491946000102,0,05220716705000091108
05,5,15,000,2022,07,15,6,3,5,2,0,0,1,0,0,0,1,410234.736999984015711,5751951.529999660328031,7.694989449000050,51.911066755000000,0,05220708702100576728
05,5,54,036,2022,07,18,5,2,8,1,0,0,1,0,0,0,0,370906.494193373015150,5764960.717025759629905,7.118625495000060,52.020244137000098,0,05220721705000402662
05,5,15,000,2022,07,00,7,2,0,1,2,0,0,0,0,0,1,405401.027687428984791,5755431.067591539584100,7.623781751000020,51.941542517000101,0,05220709702100874754
05,5,58,024,2022,07,14,2,3,0,5,0,0,1,0,0,0,1,389266.365278541983571,5735746.669283689931035,7.395454124000030,51.761649026000001,0,05220725706300062038
05,5,70,052,2022,07,03,1,3,0,1,2,1,0,0,0,0,0,430647.216999996977393,5755891.821999670006335,7.990895579000040,51.949404600000001,0,05220717711111091269
05,5,66,080,2022,07,22,6,2,8,7,2,0,1,0,0,0,0,409680.488178001018241,5778783.170722739771008,7.679849292000030,52.152154273000100,0,05220722709110379197
05,5,54,024,2022,07,09,3,3,8,1,0,0,1,0,0,0,0,369584.334330674028024,5780242.696122960187495,7.093522704000070,52.157256611999998,1,05220726702340103172
05,5,58,008,2022,07,17,6,3,0,1,0,1,1,0,0,0,0,382375.559455689974129,5760092.864780520088971,7.287358580000050,51.979047136000098,0,05220708706000496562
05,5,66,008,2022,07,10,3,3,1,5,0,0,1,0,0,0,0,398675.621571397001389,5781241.670583370141685,7.518318471000040,52.172340962000099,0,05220719709110579617
05,5,15,000,2022,07,08,5,3,5,3,0,1,1,0,0,0,0,404638.240883302991278,5760659.332803339697421,7.611236398000070,51.988405890000102,0,05220714702100570513
05,5,13,000,2022,07,18,2,3,2,6,0,0,1,0,0,0,0,364487.537999862979632,5713390.746999479830265,7.045276838000060,51.555306110000103,0,05220718700000492099