ULAND,UREGBEZ,UKREIS,UGEMEINDE,UJAHR,UMONAT,USTUNDE,UWOCHENTAG,UKATEGORIE,UART,UTYP1,ULICHTVERH,IstRad,IstPKW,IstFuss,IstKrad,IstGkfz,IstSonstige,LINREFX,LINREFY,XGCSWGS84,YGCSWGS84,STRZUSTAND,UIDENTSTLAE
05,5,62,014,2022,07,19,2,3,5,3,0,0,1,0,0,0,1,361500.287616102024913,5714573.428455430082977,7.001748709000030,51.565208407000100,0,05220725701300979131
05,5,62,014,2022,07,15,1,3,1,1,0,0,1,0,0,0,0,356602.074594282021280,5715242.377979610115290,6.930853879000040,51.569995222000003,0,05220717702340889368
05,5,58,004,2022,07,07,5,2,4,6,0,0,1,0,0,0,1,402774.060387941019144,5739099.285752570256591,7.590175219000060,51.794292610000099,1,05220707706300072172
05,5,62,004,2022,07,02,1,2,8,1,2,0,1,0,0,0,0,385593.412999942025635,5717140.753999610431492,7.348352214000040,51.593686261000101,0,05220724701800031427
05,5,13,000,2022,07,11,6,3,0,7,0,1,0,0,0,0,0,364922.448999866028316,5718631.359999479725957,7.049530692000080,51.602504641000102,0,05220715700000139232
05,5,58,016,2022,07,15,3,2,4,3,0,0,1,0,0,0,1,379470.172436860972084,5745872.856334850192070,7.250052915000030,51.850630998000000,0,05220719706100281060
05,5,15,000,2022,07,21,3,3,6,7,0,1,0,1,0,0,0,407507.432008533971384,5758142.171030229888856,7.653686550000030,51.966265556000103,0,05220712702100591827
05,5,58,016,2022,07,17,6,3,5,3,0,0,1,0,0,0,0,382428.782938984979410,5742426.686666619963944,7.294158540000070,51.820290513000003,0,05220708706000781060
05,5,13,000,2022,07,20,5,3,5,3,1,0,1,0,0,0,1,369027.462999886018224,5708130.962999519892037,7.112681171000080,51.509109841000097,1,05220721700000491011
05,5,54,008,2022,07,03,7,2,5,3,2,1,1,0,0,0,0,334259.856999645009637,5745593.837998759932816,6.594327048000030,51.836534770000100,0,05220709705000285882
05,5,66,072,2022,07,12,5,2,5,3,0,1,1,0,0,0,0,412824.333123883989174,5801791.097085000015795,7.719847624000070,52.359462389000001,0,05220707709700648420
05,5,12,000,2022,07,22,5,3,8,7,2,0,1,0,0,0,1,354944.861999811022542,5709530.326999359764159,6.909312845000040,51.518244771000099,0,05220714701400989516
05,5,54,068,2022,07,05,2,1,5,3,0,1,1,0,0,0,0,350537.656584722979460,5765103.768380469642580,6.821929161000070,52.016416962000100,0,05220711705000889749
05,5,54,016,2022,07,14,3,3,2,6,0,0,1,0,0,0,0,365220.756079817016143,5754063.817977320402861,7.040092440000020,51.920975597999998,0,05220712705000896503
05,5,13,000,2022,07,19,5,3,5,3,0,1,1,0,0,0,0,365416.371999868017156,5709883.797999490052462,7.060007563000060,51.524013252000003,0,05220714700000275474
05,5,70,036,2022,07,16,4,3,5,2,0,0,1,0,1,0,0,433793.716919792001136,5759381.655428839847445,8.035998086000060,51.981160731999999,0,05220713711121081020
05,5,70,032,2022,07,13,1,2,9,1,0,0,1,0,0,0,0,420867.087290032010060,5769340.367070309817791,7.845513748000030,52.068989795999997,1,05220710711152087234
05,5,70,032,2022,07,12,2,3,0,3,0,0,1,0,1,0,0,421174.979999992006924,5765802.778999670408666,7.850820910000040,52.037234092000098,0,05220711711151661701
05,5,54,060,2022,07,11,4,3,5,2,0,1,0,0,0,0,1,349311.737483197008260,5756066.171490490436554,6.808046177000050,51.934888059999999,0,05220720705000991740
05,5,66,088,2022,07,22,7,2,0,7,2,0,0,0,1,0,0,411587.522459172992967,5781623.362971830181777,7.706975763000060,52.177991731000098,0,05220709709110879238
05,5,54,016,2022,07,16,5,2,8,1,0,0,1,0,0,0,0,365931.569999873987399,5755837.935999499633908,7.049731182000070,51.937089166000099,0,05220707705000047427
05,5,70,040,2022,07,19,1,3,0,3,0,0,1,0,1,0,0,419665.145900906994939,5744185.746782089583576,7.833864073000030,51.842698023000104,0,05220710711231481052
05,5,62,024,2022,07,17,4,3,6,4,0,0,1,1,0,0,0,368704.922999884991441,5724729.197999520227313,7.101828966000030,51.658197953000098,0,05220720701500089524
05,5,58,016,2022,07,17,1,3,1,6,0,0,1,0,0,0,0,377904.340054918022361,5747912.556974619626999,7.226609841000030,51.868621222000101,0,05220717706000165766
05,5,62,016,2022,07,15,2,2,5,3,0,0,1,0,0,0,0,377919.293999921006616,5731275.134999579750001,7.232682963000060,51.719104318000099,0,05220718701700291091
05,5,54,008,2022,07,14,7,3,8,1,0,0,0,0,1,0,0,338329.393998958985321,5749513.500379050150514,6.651507721000030,51.872940330000098,0,05220723705000176333
05,5,13,000,2022,07,15,2,3,0,1,0,0,0,0,1,0,0,369055.833999884023797,5708139.555999520234764,7.113086568000030,51.509193639999999,0,05220718700000691000
05,5,62,032,2022,07,06,3,3,0,1,0,0,0,0,1,0,0,375572.213938318018336,5718117.554494730196893,7.203406709000030,51.600340726000098,1,05220726701110375292
05,5,62,020,2022,07,13,2,3,5,2,0,0,1,0,0,0,1,371548.022999898006674,5719688.635999539867043,7.144758747000030,51.613556402000000,0,05220711701200561079
05,5,70,008,2022,07,07,7,2,8,1,0,0,1,0,0,0,0,435203.243957204977050,5736576.672202049754560,8.060800449000061,51.776311712000101,0,05220716711313590829
05,5,15,000,2022,07,17,3,3,5,2,0,1,1,0,0,0,0,406832.934999978984706,5757698.925999660044909,7.643991846000060,51.962168814000101,0,05220719702100864121
05,5,70,028,2022,07,03,1,3,1,1,2,0,1,0,0,0,0,441291.450906226004008,5741335.529107520356774,8.148229401000039,51.819766942000101,0,05220724711411996061
05,5,66,076,2022,07,10,6,3,5,2,0,0,1,0,0,0,0,393651.217999960994348,5794099.024999660439789,7.440830852000030,52.286948205999998,0,05220708709500096617
05,5,70,020,2022,07,05,5,3,9,6,0,0,0,0,1,1,0,432527.611999996006489,5742729.571999659761786,8.020826625000041,51.831309775000101,0,05220714711422157428
05,5,58,024,2022,07,13,5,3,2,6,0,0,1,0,0,0,1,392990.316999958013184,5736377.148999629542232,7.449198820000050,51.768039823999999,1,05220721706300181019
05,5,66,028,2022,07,21,3,3,0,1,0,1,0,0,0,0,0,413197.910610936000012,5792490.924474409781396,7.727731821000020,52.275929414000103,0,05220719709700176376
05,5,12,000,2022,07,09,5,3,5,3,0,1,1,0,0,0,0,357499.446297270013019,5719455.866225490346551,6.942082750000050,51.608084249000100,0,05220714701400289553
05,5,13,000,2022,07,14,7,3,2,6,0,0,1,0,0,0,0,362414.189024695020635,5711052.662668139673769,7.016302772000070,51.533793619999997,0,05220716700000275986
05,5,66,040,2022,07,14,1,3,8,1,0,1,0,0,0,0,0,421958.273999992001336,5782560.404999679885805,7.858396576000080,52.187979286000001,0,05220717709800481039
05,5,54,020,2022,07,16,6,3,0,1,0,0,1,0,1,0,0,361593.116999852005392,5784375.296999449841678,6.975094023000050,52.192443060000102,0,05220708705000120896
05,5,62,008,2022,07,09,7,2,5,2,0,1,1,0,0,0,0,383127.569188325025607,5728831.656635359860957,7.308864339000020,51.698253156000099,0,05220716701910569617
05,5,58,036,2022,07,05,4,3,8,1,1,1,0,0,0,0,0,383062.346264811989386,5731031.877131380140781,7.307182874000030,51.718014009999997,0,05220720706300291702
05,5,62,004,2022,07,15,5,3,5,3,0,0,1,0,0,0,0,384113.319999939005356,5709666.398999599739909,7.329458152000030,51.526205691000001,1,05220721701800473906
05,5,15,000,2022,07,08,1,2,8,7,0,1,0,0,0,0,0,404403.293999976012856,5755371.557999660260975,7.609287942000040,51.940837085000098,0,05220717702100069191
05,5,62,032,2022,07,01,5,3,8,1,2,0,1,0,0,0,0,376091.824621800973546,5719014.105934659950435,7.210588542000040,51.608512748000102,0,05220707701110582384
05,5,70,016,2022,07,07,4,2,4,6,0,0,1,0,0,0,0,409350.811664469016250,5740721.956565090455115,7.685089008000030,51.809983233000096,0,05220713711221474480
05,5,62,004,2022,07,12,7,3,5,3,0,0,1,0,0,0,1,381702.870999930019025,5713013.564999589696527,7.293602149000040,51.555789126999997,0,05220723701800581301
05,5,62,024,2022,07,08,3,3,5,2,0,0,1,0,0,0,0,373106.715165637026075,5724102.941651980392635,7.165658497000040,51.653580882000000,0,05220726701500981160
05,5,62,004,2022,07,13,2,2,5,2,0,0,1,0,1,0,0,385361.158999941020738,5716065.080999599769711,7.345352094000020,51.583971072000097,0,05220711701800989603
05,5,66,016,2022,07,17,4,3,8,1,0,0,0,0,1,0,0,403313.649999974993989,5792290.604999680072069,7.582960099000050,52.272479529000101,0,05220720709500076657
05,5,70,004,2022,07,13,5,3,1,6,0,0,1,0,0,0,0,423848.201529547979590,5734487.092187950387597,7.896702819000040,51.756097261999997,0,05220721711214191799
05,5,15,000,2022,07,23,7,3,5,3,2,0,1,0,0,0,0,411762.723999985028058,5754366.168999659828842,7.716578395000060,51.933015677000100,0,05220709702100056496
05,5,15,000,2022,07,06,3,3,5,3,0,1,0,0,0,0,0,402295.907999975024723,5754690.561999649740756,7.578833857000060,51.934350027000100,0,05220712702100676692
05,5,62,032,2022,07,15,2,3,3,6,0,0,1,0,0,0,1,376219.473213878984097,5716392.959585489705205,7.213355825000060,51.584984056000103,0,05220725702340305240
05,5,54,040,2022,07,11,4,2,0,3,0,0,1,0,1,0,0,352832.672999796981458,5735194.154999320395291,6.868104110000050,51.748296281000101,0,05220713705000487336
05,5,15,000,2022,07,11,3,3,3,6,0,1,0,0,0,0,0,402175.437999973015394,5758922.184999659657478,7.575877472000060,51.972363761000103,0,05220726702100891723
05,5,62,008,2022,08,16,2,3,6,4,0,0,1,1,0,0,0,385080.117988764017355,5723707.158019430004060,7.338790996000060,51.652599049000102,0,05220808701910085438
05,5,13,000,2022,08,10,2,3,9,6,0,0,1,0,0,0,0,369105.556342587980907,5714906.127244220115244,7.111286337000020,51.570014871000097,0,05220815702340079605
05,5,66,084,2022,08,09,4,3,5,3,0,1,1,0,0,0,0,389567.982932650018483,5772592.479443299584091,7.387999599000070,52.092861585999998,0,05220810709300079125
05,5,13,000,2022,08,11,3,3,0,1,0,1,0,0,0,0,0,368756.844574649003334,5707148.054287349805236,7.109149586000060,51.500213828000000,0,05220816700000680914
05,5,66,096,2022,08,07,3,3,2,2,0,1,1,0,0,0,0,385708.880999940971378,5785961.311999640427530,7.327194699000070,52.212222398999998,0,05220809709300491070
05,5,15,000,2022,07,09,4,3,3,7,0,0,1,0,0,0,0,407257.851999979000539,5755300.306999660097063,7.650821775000050,51.940679783000100,0,05220727702100542666
05,5,66,008,2022,07,16,7,2,4,3,0,1,0,0,0,0,0,399649.406999969971366,5781954.711999660357833,7.532342253000020,52.178927542000103,0,05220730709110076669
05,5,66,048,2022,08,12,5,3,0,1,0,0,0,0,1,0,0,427585.862999994016718,5796314.157999689690769,7.937752613000040,52.312379890999999,0,05220811709700995325
05,5,70,052,2022,07,05,1,3,0,7,0,0,1,1,0,0,0,430896.976850658014882,5755881.376172790303826,7.994531157000040,51.949341783000101,0,05220731711111002616
05,5,54,028,2022,08,16,7,2,5,3,0,0,1,0,0,0,1,360168.882999842986465,5741957.046999430283904,6.971580146000060,51.810944372999998,0,05220806705000995600
05,5,66,076,2022,08,19,4,3,3,6,0,0,1,0,1,0,0,393489.103999960992951,5792886.958999659866095,7.438838015000040,52.276023747000103,0,05220810709500016765
05,5,62,032,2022,07,10,7,2,5,2,0,0,0,0,1,0,1,373073.224205115984660,5720138.315475829876959,7.166612251000060,51.617943592000103,0,05220730701110761183
05,5,15,000,2022,08,13,4,3,3,6,0,1,0,0,0,0,0,406416.456810762989335,5757666.516819479875267,7.637940856000060,51.961807556000103,0,05220803702100779175
05,5,58,020,2022,08,18,1,2,0,1,0,1,0,0,0,0,0,391113.042628176975995,5759278.699906909838319,7.414782106000080,51.973510777999998,0,05220807706200679103
05,5,54,016,2022,08,13,2,2,2,6,0,1,0,0,0,0,0,363386.057747341983486,5757125.643491609953344,7.012214350000020,51.948040976000101,0,05220815705000995107
05,5,12,000,2022,08,14,2,2,3,2,0,1,1,0,0,0,0,355917.216686239000410,5714876.034177550114691,6.921128979000060,51.566528779000102,0,05220801701400995797
05,5,66,076,2022,07,13,6,3,5,2,0,1,1,0,0,0,0,396647.024826391017996,5787887.765118439681828,7.486636987000050,52.231696608000000,1,05220729709500669125
05,5,62,020,2022,07,18,5,3,2,6,0,0,1,0,0,0,0,373561.076999903016258,5713313.761999550275505,7.176113438000070,51.556720945000102,0,05220728701200881316
05,5,54,008,2022,08,07,3,3,2,6,0,0,1,0,0,0,0,331672.816999618022237,5745360.641998640261590,6.556926862000070,51.833666325000102,0,05220809705000995476
05,5,66,012,2022,08,19,6,3,8,1,0,0,1,0,0,0,0,408299.006999981997069,5772810.972999669611454,7.661272656000050,52.098246637000003,0,05220812709110995227
05,5,70,008,2022,08,12,6,3,6,6,0,1,0,1,0,0,0,432802.252270834986120,5733823.865741189569235,8.026536939000041,51.751280780999998,0,05220805711312081007
05,5,58,032,2022,08,12,3,3,2,6,0,0,1,0,0,0,0,390081.711919407011010,5752062.708693760447204,7.402080390000040,51.908453714000103,0,05220809706100995448
05,5,58,024,2022,08,01,2,2,9,1,2,1,0,0,0,0,0,394826.608981093973853,5739708.641834869980812,7.474790776000020,51.798331615000102,0,05220808706300995558
05,5,13,000,2022,08,01,2,2,0,1,2,0,0,0,1,0,0,365977.778091103013139,5714452.401606620289385,7.066355105000070,51.565202688000099,0,05220808700000577491
05,5,66,060,2022,08,16,4,3,0,1,0,1,0,0,0,0,0,389485.599999952013604,5789467.726999640464783,7.381301896000020,52.244505027999999,0,05220810709500995369
05,5,66,048,2022,07,14,1,2,7,7,0,0,0,0,1,0,0,426327.424136653018650,5789830.255941780284047,7.920713190000070,52.253929151000101,0,05220731709700572374
05,5,62,012,2022,08,17,7,2,0,1,0,0,0,0,1,0,0,358503.743163688981440,5727949.896437579765916,6.953140686000040,51.684662906000000,0,05220806701610289546
05,5,54,040,2022,08,09,1,3,0,7,0,0,0,0,0,0,1,352525.644826084026136,5735646.318397140130401,6.863468008000040,51.752278279000102,0,05220807705000995578
05,5,62,014,2022,08,14,2,3,0,1,0,1,0,0,0,0,0,357220.230434786994010,5714047.644558699801564,6.940252601000050,51.559416443000003,0,05220815701300575428
05,5,54,004,2022,08,19,6,3,4,6,0,1,0,0,0,0,0,363941.218981712008826,5770333.740361809730530,7.015041111000070,52.066859196999999,0,05220805705000995633
05,5,62,032,2022,08,16,5,3,5,3,0,0,1,0,0,0,1,375259.693999910028651,5719996.588999560102820,7.198228098000070,51.617158690000103,0,05220811701110995308
05,5,15,000,2022,07,20,1,3,0,3,1,1,1,0,0,0,0,407077.387999981001485,5757671.602999660186470,7.647556078000040,51.961964131999999,0,05220731702100991863
05,5,54,020,2022,07,14,6,3,2,6,0,0,1,0,0,0,0,363582.673026792006567,5786687.582124309614301,7.003250791000030,52.213715139000001,0,05220729705000087381
05,5,66,016,2022,07,07,5,3,5,3,0,1,1,0,0,0,0,405674.013999979011714,5791787.160999679937959,7.617683431000050,52.268364616000000,0,05220728709500576732
05,5,62,020,2022,08,14,7,3,0,5,0,0,1,1,0,0,0,371373.468185176025145,5717634.840164570137858,7.142992397000060,51.595059415999998,0,05220813701110795081
05,5,62,024,2022,08,13,4,2,5,3,0,1,1,0,0,0,0,373342.295999902009498,5725639.410999559797347,7.168505368000070,51.667442080999997,0,05220803701500285375
05,5,66,020,2022,07,15,7,3,9,1,0,0,1,0,0,0,0,404254.843999976990744,5802602.487999680452049,7.593814614000050,52.365325014000099,0,05220730709700409059
05,5,15,000,2022,08,19,5,3,0,6,0,0,0,0,0,0,1,404053.324427959974855,5753711.064676039852202,7.604661416000060,51.925851680000100,0,05220811702100091748
05,5,13,000,2022,07,18,1,3,5,3,0,0,1,0,1,0,0,365874.999999871011823,5718593.999999499879777,7.063290970000030,51.602396568000103,1,05220731700000089238
05,5,54,008,2022,08,17,3,3,5,3,0,1,0,0,0,0,1,335295.714999655028805,5745845.925998800434172,6.609228070000030,51.839105786000097,0,05220802705000376736
05,5,12,000,2022,08,18,1,3,5,2,0,1,1,0,0,0,0,356407.216461365984287,5710088.687427730299532,6.930147433000060,51.523635716999998,0,05220807701400789658
05,5,54,004,2022,07,18,7,2,0,7,0,1,0,0,0,0,0,365423.402077468985226,5772421.401898319832981,7.035827413000050,52.085980076000098,0,05220730705000151911
05,5,62,020,2022,08,13,5,3,4,6,0,1,0,0,1,0,0,372317.985678707016632,5716068.557028399780393,7.157190730000020,51.581198204000003,0,05220804701200689484
05,5,62,032,2022,08,09,4,3,2,6,0,0,1,0,0,0,0,374414.224999907019082,5718577.886999559588730,7.186530824000040,51.604220748000003,0,05220810701110878018
05,5,58,012,2022,08,12,7,2,2,1,0,0,1,0,0,0,0,374809.896583479014225,5752820.537760710343719,7.179907035000040,51.912041396000099,0,05220806706000070570
05,5,15,000,2022,08,09,1,3,5,3,0,1,1,0,0,0,0,404257.532999977003783,5754457.822999659925699,7.607422472000050,51.932599008000103,0,05220807702100374754
05,5,66,008,2022,08,23,6,3,5,3,2,1,1,0,0,0,0,400237.045999970985577,5780709.750999660231173,7.541299725000040,52.167844690999999,0,05220805709110868373
05,5,58,020,2022,07,11,1,3,0,7,0,0,0,0,1,0,0,389263.214493200008292,5761783.837906120344996,7.387054291000030,51.995659994000100,0,05220731706200779103
05,5,70,044,2022,08,11,2,3,0,2,0,0,0,1,1,0,0,416616.665999987977557,5759608.502999669872224,7.785889568000070,51.980887467999999,0,05220801711142802895
05,5,62,014,2022,07,12,4,3,5,2,0,1,1,0,0,0,0,360108.566998791997321,5712880.732474239543080,6.982355942000030,51.549654233000098,0,05220727701300978413
05,5,58,008,2022,07,11,5,3,5,3,0,1,1,0,0,0,0,383174.107999935979024,5759487.782999609597027,7.299186073000040,51.973777718000100,0,05220728706000994169
05,5,54,068,2022,08,08,7,3,5,2,0,1,0,0,0,0,1,351953.407830000971444,5767628.031895210035145,6.841452430000060,52.039475787000100,0,05220813705000421214
05,5,15,000,2022,08,15,6,3,5,2,0,0,1,0,0,0,1,406214.945999981020577,5758634.834999660030007,7.634744395000040,51.970477286000097,0,05220812702100069524
05,5,58,032,2022,08,07,2,2,2,6,0,0,1,0,0,0,1,389182.195794811006635,5751432.782169800251722,7.389211956000050,51.902613999000003,0,05220808702330091815
05,5,70,040,2022,07,15,7,3,5,3,0,1,1,0,0,0,0,420319.303170001017861,5743978.958407930098474,7.843405325000050,51.840932865000099,0,05220730711231202816
05,5,70,048,2022,08,15,5,1,5,3,0,0,1,0,1,0,0,448268.487999999022577,5732239.446999650448561,8.250801150000029,51.738677880000097,0,05220811711321076177
05,5,66,076,2022,08,08,5,3,3,2,0,1,1,0,0,0,0,394221.727322923019528,5793584.300446820445359,7.449353238000070,52.282432368999999,0,05220804709500676632
05,5,13,000,2022,08,07,3,2,1,5,0,1,1,0,0,0,0,368666.525999883015174,5710347.803999509662390,7.106656937000030,51.528948343000103,0,05220816700000891011
05,5,58,044,2022,08,10,2,3,2,6,0,0,1,0,0,0,0,396922.230045890028123,5751321.597201890312135,7.501707078000040,51.903100416000001,1,05220801702330210864
05,5,66,028,2022,08,18,3,2,5,3,0,1,1,0,0,0,0,407581.831982763018459,5794849.567677619867027,7.644793729000070,52.296213501000103,0,05220809709700995431
05,5,70,004,2022,08,13,6,2,3,2,0,0,1,0,1,0,0,420227.573967456992250,5734291.858696119859815,7.844302748000080,51.753838209000001,0,05220812711215491706
05,5,54,036,2022,07,15,5,3,5,3,0,1,1,0,0,0,0,369177.303463939984795,5766842.615704080089927,7.092720176000060,52.036749735999997,0,05220728705000995932
05,5,12,000,2022,07,13,7,3,8,7,0,0,0,0,0,0,1,358535.522940260998439,5709815.156726189889014,6.960915181000080,51.521714878000097,0,05220730701400881643
05,5,62,012,2022,07,12,5,2,5,2,0,0,1,0,0,0,1,356655.601254020992201,5724513.537376309745014,6.927834424000030,51.653316511000099,0,05220728701610890206
05,5,58,020,2022,08,18,5,3,5,1,0,0,1,0,0,0,0,392266.745999958016910,5756401.200999639928341,7.432473838000020,51.947873673000103,0,05220811706000774646
05,5,62,032,2022,08,11,2,3,2,6,0,0,1,0,1,0,0,377723.897999917971902,5715549.397999580018222,7.235353244000070,51.577731133000000,0,05220808701120978018
05,5,15,000,2022,08,10,3,3,5,2,0,1,1,0,0,0,0,405900.996999980008695,5760101.257999660447240,7.629773442000040,51.983605050000101,0,05220802702100079100
05,5,15,000,2022,08,15,2,3,4,6,0,1,0,0,0,0,0,404314.143430544005241,5758240.502207060344517,7.607192525000070,51.966608898000104,0,05220815702100268372
05,5,62,032,2022,08,08,5,3,5,2,0,1,1,0,0,0,0,375090.469104555028025,5719454.149532239884138,7.195978422000050,51.612246210000102,0,05220811701110995348
05,5,58,008,2022,08,16,5,3,5,6,0,0,1,0,1,0,0,379424.492508695984725,5762066.251105009578168,7.243718064000060,51.996148937999997,0,05220804706200995694
05,5,15,000,2022,08,18,4,3,5,2,0,1,1,0,0,0,0,405076.183411989011802,5761172.899214089848101,7.617470014000050,51.993097022000001,0,05220810702100568372
05,5,13,000,2022,08,15,7,2,6,4,0,0,0,1,1,0,0,368099.697999880008865,5707872.287999509833753,7.099416685000050,51.506569387000098,0,05220806700000577988
05,5,15,000,2022,08,07,2,3,4,6,0,1,0,0,0,0,0,401518.996999971976038,5758993.866999659687281,7.566303711000050,51.972892119000100,1,05220801702100079175
05,5,13,000,2022,08,15,3,3,5,2,0,0,1,0,0,0,1,366835.103999876009766,5712777.751999500207603,7.079351143000050,51.550356411999999,0,05220809700000291368
05,5,70,044,2022,08,15,6,3,1,2,0,0,1,0,0,0,0,422325.966700510994997,5757840.229907499626279,7.869402382000030,51.965819571000097,0,05220812711141087268
05,5,54,024,2022,08,08,2,3,5,3,0,1,1,0,0,0,0,370546.574999894015491,5775883.407999549992383,7.109240748000050,52.118311179999999,0,05220808705000995550
05,5,66,040,2022,08,07,5,3,8,1,0,0,1,0,0,0,0,418975.888008310983423,5779311.972895610146224,7.815555642000050,52.158349772000101,0,05220811709800579185
05,5,62,004,2022,07,16,7,3,8,1,0,0,0,0,0,0,1,381190.204471838020254,5712334.173193169757724,7.286440153000060,51.549575268000098,0,05220730701800710778
05,5,66,028,2022,08,12,1,3,0,1,0,1,0,0,0,0,0,412711.824999985983595,5792723.595999680459499,7.720548900000040,52.277943768999997,0,05220807709700070260
05,5,13,000,2022,07,18,6,2,2,6,0,0,1,0,0,0,0,366827.841999873984605,5709323.489999500103295,7.080553003000030,51.519312556999999,0,05220729700000179621
05,5,62,032,2022,08,13,4,3,3,6,0,0,1,0,0,0,0,374452.743161669000983,5716890.142385080456734,7.187690711000070,51.589061448999999,0,05220803702340587398
05,5,54,008,2022,08,13,3,3,8,1,0,0,0,0,1,0,0,337709.020802089013159,5751137.940404389984906,6.641740319000060,51.887353378999997,0,05220802705000995764
05,5,15,000,2022,08,10,1,3,0,1,0,1,0,0,0,0,0,404903.530999978014734,5762250.719999659806490,7.614657137000050,52.002755295000000,0,05220807702100579223
05,5,70,052,2022,08,14,2,3,5,3,0,1,1,0,0,0,0,424349.538131026027258,5757947.693051840178668,7.898827186000060,51.967064671000102,0,05220815711111991829
05,5,15,000,2022,07,14,6,2,3,2,0,1,0,0,0,0,1,406092.015488245990127,5758942.921053309924901,7.632871125000070,51.973225742000103,0,05220729702100068375
05,5,62,028,2022,08,10,7,3,5,3,0,0,1,0,0,0,0,379843.323646685981657,5722375.647547800093889,7.263585204000040,51.639537375000003,0,05220806701920225093
05,5,15,000,2022,08,11,4,3,3,1,0,1,0,0,0,0,0,404702.819202759012114,5758301.079251050017774,7.612831497000060,51.967220156000103,0,05220810702100679100
05,5,62,008,2022,08,10,2,3,5,6,0,1,0,0,0,0,0,383945.470650314004160,5721017.139175049960613,7.323288924000050,51.628188991000101,0,05220808701910653116
05,5,58,024,2022,08,10,4,3,6,2,0,0,1,1,0,0,0,391507.826999954995699,5736258.391999630257487,7.427760098000020,51.766687117000103,0,05220803706300011018
05,5,62,004,2022,08,15,1,3,0,7,0,1,0,0,0,0,0,383230.806046856974717,5716620.516435449942946,7.314432921000050,51.588525765000000,0,05220807701800425407
05,5,62,024,2022,08,08,5,3,6,2,0,0,1,1,0,0,0,367663.218999879027251,5723838.558999509550631,7.087114832000050,51.649949950000099,0,05220804701500507507
05,5,66,052,2022,08,12,2,3,1,5,0,0,1,0,0,1,0,377743.833111418003682,5778581.852603119798005,7.213334869000050,52.144198772000003,0,05220801709300942419
05,5,62,032,2022,08,07,6,3,2,6,0,0,1,0,0,0,0,372513.320999900985043,5721113.684999549761415,7.158174281000070,51.626582595000102,1,05220805701110995673
05,5,54,036,2022,07,12,5,3,8,1,0,0,1,0,0,0,0,367824.490039732016157,5770593.280043579638004,7.071558353000060,52.070131591000099,0,05220728702340203172
05,5,58,016,2022,08,14,7,3,2,1,0,0,1,0,0,0,0,379381.541215903998818,5741496.035354889929295,7.250292120000040,51.811277283000003,0,05220813706100882422
05,5,66,084,2022,07,21,6,3,8,1,1,1,0,0,0,0,0,391750.271105601976160,5777784.492917380295694,7.418190517000030,52.139955237999999,0,05220729709300374741
05,5,54,056,2022,08,06,3,3,5,3,0,1,1,0,0,0,0,358397.558999834000133,5763490.130999409593642,6.937053776000030,52.003979573000002,0,05220809705000995483
05,5,62,036,2022,08,17,2,3,5,2,0,1,0,0,0,0,1,391681.975999956019223,5722230.338999619707465,7.434641033000050,51.640636051999998,0,05220808701930349495
05,5,66,012,2022,08,14,7,3,9,1,0,0,1,0,0,0,0,407235.285776009026449,5774912.828774980269372,7.645175708000070,52.116961373999999,0,05220806709110995610
05,5,66,008,2022,08,12,4,3,5,2,0,0,1,0,0,0,0,400237.045999970985577,5780709.750999660231173,7.541299725000040,52.167844690999999,0,05220810709110079238
05,5,62,032,2022,08,14,2,3,8,1,0,0,0,0,1,0,0,379318.932155276997946,5718246.272565290331841,7.257433338000060,51.602312855000001,0,05220815701110995106
05,5,15,000,2022,08,02,2,2,8,7,2,0,1,0,0,0,0,402449.899036651011556,5750812.143791750073433,7.582171693000020,51.899516544000100,1,05220801702100076765
05,5,62,004,2022,08,07,5,2,1,5,0,1,1,0,0,0,0,381646.354137921007350,5712391.752593910321593,7.292996549000070,51.550188639000098,0,05220804701800089569
05,5,70,052,2022,08,07,2,3,0,1,0,0,0,0,1,0,0,432316.021536534011830,5755841.911643089726567,8.015183106000050,51.949161502000003,1,05220801711113390988
05,5,58,004,2022,08,10,3,2,5,3,0,1,1,0,0,0,0,406753.520999979984481,5734631.123999649658799,7.649061665000030,51.754806805000001,0,05220809706000995451
05,5,58,016,2022,08,14,2,3,5,2,0,0,1,1,0,0,0,380435.934999927005265,5744726.386999599635601,7.264464047000050,51.840535298000098,0,05220808706000995530
05,5,66,076,2022,07,21,7,3,0,1,2,1,0,0,0,0,0,399407.973999971000012,5793290.493999670259655,7.525440201000040,52.280765418000001,0,05220730709500272667
05,5,15,000,2022,08,13,5,3,0,6,0,1,1,0,0,0,0,402607.068999974988401,5753832.596999649889767,7.583601234000070,51.926692909000103,0,05220811702100075998
05,5,62,014,2022,08,17,1,2,6,2,0,0,1,1,0,0,0,359420.399999835994095,5714887.518999420106411,6.971634883000040,51.567516185999999,0,05220814701300273450
05,5,70,008,2022,08,06,4,3,4,2,0,0,1,0,0,0,0,433009.353999997023493,5733983.506999650038779,8.029505900000061,51.752740770999999,0,05220810711312090829