ULAND,UREGBEZ,UKREIS,UGEMEINDE,UJAHR,UMONAT,USTUNDE,UWOCHENTAG,UKATEGORIE,UART,UTYP1,ULICHTVERH,IstRad,IstPKW,IstFuss,IstKrad,IstGkfz,IstSonstige,LINREFX,LINREFY,XGCSWGS84,YGCSWGS84,STRZUSTAND,UIDENTSTLAE
05,5,62,032,2022,08,20,3,3,3,6,1,1,0,0,0,0,1,377297.800560365023557,5720463.766138640232384,7.227487975000030,51.621805301000101,0,05220816701110877848
05,5,62,028,2022,08,19,6,3,5,7,0,1,1,0,0,0,0,379109.220091033028439,5723948.458595659583807,7.252438240000060,51.653515415000101,0,05220805701920995634
05,5,54,024,2022,07,18,1,2,8,1,0,0,1,0,0,0,0,368880.443281378014944,5773810.224464739672840,7.085718536000060,52.099289431000003,1,05220731702340887450
05,5,62,020,2022,08,15,3,3,2,6,0,0,1,0,0,0,0,370010.447800530004315,5719062.417336359620094,7.122796411000020,51.607575816000100,0,05220802701200487635
05,5,58,016,2022,07,15,7,2,0,1,0,1,0,0,0,0,0,388614.065999949991237,5747702.986999629996717,7.382161705000040,51.868979013000100,0,05220730706000881060
05,5,54,012,2022,07,16,5,3,0,1,0,1,0,0,0,0,0,347257.272694269020576,5752869.474547030404210,6.779603480000050,51.905607891999999,0,05220728705000995935
05,5,54,020,2022,08,13,3,3,5,3,0,0,1,0,0,0,0,363168.976999861013610,5786746.105999480001628,6.997175840000070,52.214138409999997,0,05220809705000995450
05,5,58,044,2022,08,07,6,3,1,1,0,0,1,0,0,0,0,399416.142036368022673,5738328.874002319760621,7.541723840000030,51.786774082000100,0,05220812706000993648
05,5,15,000,2022,08,19,2,3,5,2,0,1,1,0,0,0,0,409324.924085533013567,5758674.482690749689937,7.679993545000060,51.971349744000101,0,05220808702100042488
05,5,54,048,2022,08,10,3,3,4,6,0,1,0,0,0,0,0,342336.543999719026033,5744902.671999059617519,6.711769359000070,51.832663660000001,0,05220802705000376333
05,5,66,016,2022,08,05,5,2,2,7,1,0,1,0,0,0,0,400942.333999973023310,5794586.225999670103192,7.547543350000070,52.292689631000002,0,05220804709500038566
05,5,15,000,2022,08,08,3,3,0,6,0,1,0,0,0,0,0,403601.154884353978559,5758064.652166360057890,7.596866951000040,51.964905116000097,0,05220809702100570513
05,5,70,004,2022,08,12,5,2,7,3,0,1,1,0,0,0,0,423849.842547772976104,5734482.308086940087378,7.896727637000030,51.756054478000102,0,05220804711213577896
05,5,70,008,2022,08,22,5,3,2,6,2,0,1,0,0,0,0,429644.686007526994217,5731056.166800060309470,7.981362011000040,51.726011649000000,0,05220811301911485057
05,5,62,016,2022,08,17,3,2,0,7,0,1,0,0,0,0,0,374830.856573621975258,5732814.823711950331926,7.187443166000040,51.732260542000098,0,05220802701700672329
05,5,70,008,2022,08,10,2,2,5,3,0,0,1,0,0,0,0,437420.132977174012922,5739453.614604369737208,8.092409833000030,51.802428152000097,0,05220815711313982312
05,5,12,000,2022,08,16,6,3,3,6,0,0,1,0,0,0,1,356364.917214014974888,5710723.293318839743733,6.929279368000040,51.529327410000100,0,05220805701400481435
05,5,62,014,2022,08,22,7,3,9,6,2,0,1,0,0,0,1,356616.975778832973447,5715237.414237949997187,6.931070769000030,51.569954408000100,0,05220813702340072367
05,5,54,048,2022,07,12,7,3,5,2,0,0,1,0,0,0,0,342650.774678302987013,5744847.620492690242827,6.716351025000050,51.832257674000097,0,05220730705000020853
05,5,15,000,2022,08,16,5,3,5,2,0,1,1,0,0,0,0,406917.615457846026402,5755809.880497540347278,7.645735681000080,51.945203284000101,0,05220811702100039947
05,5,70,004,2022,08,19,7,3,2,6,0,0,1,0,0,0,0,425522.173394971003290,5729248.108135580085218,7.922071936000070,51.709225087000000,0,05220806711214979153
05,5,66,012,2022,08,11,4,2,5,3,0,0,1,0,0,0,0,406277.993999978993088,5772327.193999670445919,7.631910280000060,52.093559650000003,0,05220803709110280991
05,5,66,076,2022,08,14,3,3,0,1,0,1,0,0,0,0,0,395515.893976105027832,5793952.912518150173128,7.468203293000040,52.285992739000100,0,05220802709500074704
05,5,62,004,2022,08,11,4,3,5,3,0,0,1,0,1,0,0,381703.486999930988532,5712867.298999589867890,7.293660233000030,51.554474668000097,0,05220810701800081301
05,5,54,036,2022,08,18,2,3,2,6,0,1,0,0,0,0,0,370151.471999891975429,5769292.706999549642205,7.105983397000050,52.058995156000002,0,05220801705000995790
05,5,58,004,2022,07,14,5,3,1,1,0,0,1,0,0,0,0,406768.047560637991410,5739635.763916440308094,7.647928022000030,51.799794918000003,0,05220728706000409883
05,5,66,008,2022,08,16,3,3,0,1,0,1,0,0,0,0,0,399401.699999968986958,5781822.078999670222402,7.528760096000040,52.177690360000000,0,05220809709500261951
05,5,54,016,2022,08,12,6,3,5,3,0,0,1,0,1,0,0,364920.727168769983109,5751269.119137070141733,7.036827938000040,51.895790251999998,0,05220812705000889359
05,5,54,004,2022,07,16,4,3,5,3,0,1,1,0,0,0,0,359687.465999841981102,5771003.467999430373311,6.952750105000060,52.071815641999997,0,05220727705000995965
05,5,66,028,2022,07,13,7,3,5,3,0,1,1,0,0,0,0,412173.441999983973801,5792888.637999679893255,7.712616561000060,52.279341456000097,0,05220730709700091773
05,5,58,008,2022,07,11,5,2,0,2,0,0,1,0,0,0,0,380610.662066762975883,5756460.637937859632075,7.262936500000020,51.946028351999999,0,05220728706100381081
05,5,58,012,2022,08,14,7,2,8,1,0,0,1,0,1,0,0,369613.468024433997925,5757081.838659279979765,7.102787230000050,51.949141865999998,0,05220806706200993654
05,5,12,000,2022,08,18,1,3,0,1,0,0,0,0,0,0,1,355998.167999816010706,5710838.275999370031059,6.923948831000080,51.530267209000002,0,05220814701400957383
05,5,66,088,2022,07,19,1,2,9,1,1,0,1,0,0,0,0,414994.432689799985383,5786009.347541729919612,7.755687944000040,52.217950778000002,1,05220731709800995843
05,5,70,008,2022,08,14,1,2,8,1,0,0,1,0,0,0,1,430393.481192220002413,5733029.337882390245795,7.991806936000050,51.743843869000003,0,05220807301911568295
05,5,15,000,2022,08,11,4,3,1,5,0,1,0,0,0,1,0,405779.818999978015199,5753564.953999659977853,7.629801745000070,51.924833255000102,0,05220803702100042572
05,5,66,008,2022,08,18,1,3,2,6,0,0,1,0,0,0,0,400760.720999972021673,5779830.691999659873545,7.549211062000040,52.160038280000002,0,05220807709110774676
05,5,58,032,2022,08,11,2,2,5,3,0,0,1,0,0,0,0,387985.079999949026387,5754825.263999629765749,7.370715327000030,51.932864370000097,0,05220815706100081081
05,5,62,032,2022,08,07,5,3,2,6,0,0,1,0,0,0,0,374213.450631052022800,5718097.901420599780977,7.183805342000030,51.599862283999997,0,05220811701110189689
05,5,62,032,2022,07,18,1,3,8,1,0,0,1,0,0,0,0,381445.498768222983927,5717933.073720189742744,7.288230743000040,51.599949648000099,1,05220731702340991761
05,5,15,000,2022,08,13,2,3,1,6,0,0,1,0,0,1,0,405408.668427057971712,5755377.627841969951987,7.623907574000040,51.941063475000099,1,05220801702100027021
05,5,15,000,2022,07,12,5,2,0,2,0,1,1,0,0,0,0,405487.664888627012260,5756994.895039590075612,7.624611750000040,51.955613618000001,0,05220728702100599922
05,5,58,032,2022,08,12,7,3,1,3,0,0,1,0,0,0,0,389846.380999951972626,5752248.604999629780650,7.398601309000070,51.910077987000101,0,05220813706000121866
05,5,15,000,2022,08,07,6,3,5,3,0,1,1,0,0,0,0,403106.575999976019375,5759101.598999660462141,7.589377798000040,51.974139500000000,0,05220812702100591740
05,5,70,008,2022,08,14,2,3,8,1,0,0,0,0,0,1,0,433945.671325304021593,5737186.828250450082123,8.042459114000049,51.781650024000001,0,05220808301911780678
05,5,66,068,2022,07,17,1,2,5,3,0,0,0,0,1,0,0,380451.757328891020734,5785829.898749340325594,7.250334006000060,52.209926016000097,0,05220731709300739552
05,5,62,012,2022,08,21,5,3,2,6,1,0,1,0,0,0,0,359452.210999838018324,5725395.106999429874122,6.967879731000040,51.661944275000103,0,05220804701610217110
05,5,58,012,2022,08,14,4,3,2,1,0,0,1,0,0,0,0,375244.550999912025873,5758406.929999579675496,7.184196737000040,51.962341262000102,0,05220810706000779200
05,5,66,076,2022,08,21,1,3,8,7,2,0,1,0,0,0,0,390963.564999955007806,5791740.540999650023878,7.402206420000030,52.265225747999999,0,05220814709500995130
05,5,54,060,2022,08,08,6,3,5,3,0,0,1,0,0,0,0,349983.826999780023471,5755946.951999260112643,6.817866887000040,51.933998488999997,0,05220812705000995273
05,5,66,080,2022,08,18,2,3,2,2,0,0,1,0,0,0,0,404682.873447970021516,5781705.769908740185201,7.606003958000030,52.177582694000101,0,05220808709110995506
05,5,66,084,2022,08,00,5,3,0,1,2,1,0,0,0,0,0,385212.904414330027066,5779896.370826499536633,7.321992196000050,52.157614823000102,0,05220811709300787315
05,5,13,000,2022,08,15,2,2,5,3,0,1,1,0,0,0,0,369702.195999888994265,5709020.262999529950321,7.122069766000040,51.517257858999997,0,05220808700000580912
05,5,66,060,2022,08,12,4,2,5,3,0,1,1,0,0,0,0,389218.797999952977989,5790508.186999649740756,7.377054501000030,52.253801972000097,0,05220810709500072447
05,5,66,076,2022,08,15,2,3,2,1,0,0,1,0,0,0,0,393707.112774778972380,5793010.230333689600229,7.441993296000020,52.277173806000100,0,05220815709500076614
05,5,62,014,2022,08,10,5,3,2,6,0,0,1,0,0,0,0,360999.141495871997904,5715067.608031219802797,6.994327551000030,51.569525859000102,0,05220811701300771478
05,5,62,012,2022,08,21,5,2,5,3,0,1,1,0,0,0,0,359452.210999838018324,5725395.106999429874122,6.967879731000040,51.661944275000103,0,05220804701610591630
05,5,15,000,2022,07,09,6,3,3,2,0,1,1,0,0,0,0,406797.274999981978908,5751255.854999659582973,7.645218509000070,51.904249022000002,0,05220729702100574121
05,5,66,028,2022,07,15,5,2,2,1,0,0,1,0,1,0,0,412307.055667597975116,5791059.759334179572761,7.715050030000040,52.262924317000099,0,05220728709700070493
05,5,66,048,2022,08,07,6,3,2,1,0,0,1,0,0,0,0,428115.851999993028585,5796327.635999689809978,7.945522741000050,52.312570692000101,0,05220812709700570260
05,5,15,000,2022,08,15,2,3,8,1,0,0,1,0,0,0,0,405115.604999979026616,5749593.137999650090933,7.621239180000030,51.889019800000000,0,05220808702100970512
05,5,15,000,2022,08,08,4,3,5,2,0,1,0,0,0,1,0,406356.190981734020170,5756681.937141999602318,7.637332362000050,51.952947536000103,0,05220803702100079108
05,5,70,028,2022,07,12,7,3,5,2,0,0,1,0,1,0,0,441127.676999998977408,5741754.674999659880996,8.145782312000049,51.823517930000001,0,05220730711411087228
05,5,58,024,2022,07,11,1,2,5,3,0,0,1,0,0,0,1,393119.206029088993091,5736811.458014340139925,7.450932310000040,51.771968025000000,0,05220731706000774760
05,5,12,000,2022,08,15,3,3,2,6,0,0,1,0,0,0,0,355412.968999813019764,5716426.635999360121787,6.913220547000040,51.580332880000100,0,05220802701400549493
05,5,62,016,2022,08,11,1,3,1,7,0,1,1,0,0,0,0,368343.687234175973572,5730876.651393380016088,7.094290699000060,51.713357358000103,0,05220807701700677638
05,5,66,012,2022,08,06,6,2,8,1,0,0,1,0,0,0,0,405272.020818759978283,5768201.304380780085921,7.618375833000070,52.056303931000102,1,05220805702350049908
05,5,58,016,2022,08,22,2,2,8,1,2,0,1,0,0,0,0,384257.955782526987605,5746161.614355729892850,7.319436093000040,51.854239436000100,0,05220801706000991730
05,5,70,012,2022,07,16,6,3,5,2,0,0,1,0,0,0,0,438730.442783625971060,5752922.299571960233152,8.109021602000039,51.923657878000000,1,05220729711131039521
05,5,66,012,2022,08,14,3,3,5,3,0,1,1,0,0,0,0,400257.890318968973588,5777255.172916810028255,7.542618812000060,52.136799361999998,0,05220802709110379238
05,5,13,000,2022,08,12,2,2,6,4,0,0,1,1,0,0,0,369654.756304944981821,5710547.297711219638586,7.120821454000070,51.530970148999998,0,05220815700000777664
05,5,62,020,2022,08,13,3,2,6,2,0,0,1,1,0,0,0,369729.850999889022205,5719584.984999530017376,7.118552421000060,51.612207132000002,0,05220802701200861481
05,5,62,024,2022,07,15,4,3,5,3,0,1,1,0,0,0,0,367681.790339518978726,5724448.428440930321813,7.087152350000050,51.655434899000099,0,05220727701500885410
05,5,66,008,2022,07,22,5,3,0,1,2,1,0,0,0,0,0,400237.045999970985577,5780709.750999660231173,7.541299725000040,52.167844690999999,0,05220728709110476750
05,5,66,028,2022,08,07,3,3,2,6,0,0,1,0,0,0,0,413130.212999986018986,5790679.672999680042267,7.727206203000040,52.259638601000098,0,05220809709700995472
05,5,62,016,2022,08,13,2,3,3,6,0,0,1,0,0,0,1,374153.118171725014690,5737167.218413789756596,7.176058929000020,51.771222835000103,0,05220808702330005088
05,5,13,000,2022,08,20,3,3,2,6,2,0,1,0,1,0,0,368401.090137919993140,5714403.952829569578171,7.101315438000030,51.565338007999998,0,05220816700000975282
05,5,54,012,2022,08,16,2,3,4,6,0,0,1,0,0,0,0,349680.086222378013190,5745165.796364719979465,6.818149283000030,51.837052215000000,0,05220815705000491736
05,5,15,000,2022,08,13,6,2,5,3,0,1,1,0,0,0,0,407815.478544234996662,5754557.067528099752963,7.659130713000020,51.934091776999999,0,05220805702100876728
05,5,58,024,2022,07,14,6,3,5,3,0,0,1,0,0,0,0,384624.486999937973451,5733549.808999610133469,7.328951884000050,51.740967576999999,0,05220729706300676682
05,5,62,004,2022,07,14,7,2,3,6,0,0,1,0,0,0,0,380949.446999927982688,5713327.363999590277672,7.282633244000070,51.558450925000002,0,05220730702340591761
05,5,70,052,2022,08,17,5,3,3,3,0,1,1,0,0,0,0,430434.090883399010636,5755904.032369630411267,7.987792579000030,51.949487752000003,0,05220811711113061701
05,5,66,012,2022,07,21,1,3,5,7,2,0,1,0,0,0,0,404715.952999976987485,5774499.752999669872224,7.608508187000040,52.112820166000098,1,05220731709110870516
05,5,15,000,2022,08,19,7,3,3,6,0,1,0,0,0,0,0,406297.320653241011314,5757385.860955620184541,7.636283985000030,51.959264823000098,0,05220806702100939882
05,5,62,016,2022,08,19,1,3,5,2,0,0,1,0,1,0,0,377408.767999919014983,5737524.070999580435455,7.223093376000070,51.775152299000098,0,05220814701700779215
05,5,54,068,2022,08,07,4,3,5,3,0,1,1,0,0,0,0,346391.103999754006509,5771951.519999169744551,6.758474582000080,52.076805000000000,0,05220810705000995411
05,5,13,000,2022,08,07,2,2,5,3,0,1,0,0,0,0,0,369042.413999883981887,5707972.523999519646168,7.112955331000020,51.507689441000103,0,05220808700000865435
05,5,15,000,2022,08,21,3,2,5,2,2,0,1,0,1,0,0,399879.934254574996885,5761025.802450329996645,7.541857348000060,51.990862444000101,0,05220802702100064121
05,5,15,000,2022,07,14,7,3,0,4,0,1,0,1,0,0,0,405913.453986603009980,5757913.279163359664381,7.630554567000050,51.963940671000003,0,05220730702100291863
05,5,70,008,2022,08,06,3,3,7,5,0,0,1,0,0,0,1,433282.339999997988343,5736934.905999659560621,8.032893185000029,51.779306539000103,0,05220809301911171307
05,5,15,000,2022,08,11,2,2,3,7,0,0,1,0,1,0,0,406416.456810762989335,5757666.516819479875267,7.637940856000060,51.961807556000103,0,05220815702100664121
05,5,66,084,2022,08,11,5,3,5,2,0,1,1,0,0,0,0,386160.114999943005387,5778968.843999629840255,7.336143456000060,52.149475324999997,0,05220804709300979098
05,5,70,008,2022,08,17,4,3,6,2,0,0,1,1,0,0,0,432782.739999995974358,5739246.308999660424888,8.025204478000029,51.800026217000003,0,05220810711314882312
05,5,66,008,2022,08,14,3,3,2,1,0,0,1,0,0,0,0,397018.383999967016280,5780441.758999659679830,7.494336177000040,52.164844889999998,0,05220809709110276669
05,5,70,044,2022,08,12,6,3,2,2,0,0,1,0,1,0,0,416095.148037937993649,5759545.894426140002906,7.778313132000050,51.980246168000100,0,05220812711141574649
05,5,70,040,2022,08,06,2,3,0,2,0,0,1,0,0,0,0,419836.176612188981380,5744842.451005069538951,7.836193943000070,51.848625942000098,0,05220808711231377896
05,5,12,000,2022,07,09,7,3,2,6,0,0,1,0,0,0,0,355531.752031944983173,5713094.946258430369198,6.916303129000030,51.550425867000101,0,05220730702340587253
05,5,66,084,2022,08,12,5,3,2,1,0,0,1,0,0,0,0,386085.181868796003982,5779138.343427930027246,7.334991916000040,52.150983154000102,0,05220811709300774741
05,5,13,000,2022,07,16,6,3,2,6,0,0,1,0,0,0,0,369027.291069658007473,5715920.979074739851058,7.109779301000060,51.579116881000097,0,05220729700000291449
05,5,66,048,2022,08,23,7,3,2,1,2,0,1,0,0,0,0,427390.430350142007228,5791392.336751740425825,7.935947004000070,52.268112024000096,0,05220806702350105178
05,5,13,000,2022,08,13,1,3,5,3,0,0,1,0,0,0,0,368849.791999884997495,5715839.210999519564211,7.107249643000050,51.578340783999998,0,05220814700000772393
05,5,13,000,2022,07,09,7,3,5,2,0,0,1,0,0,0,0,367620.349999877973460,5709107.368999510072172,7.092049988000040,51.517556629000097,0,05220730700000875351
05,5,66,068,2022,07,05,1,2,4,7,1,0,1,0,0,0,0,370828.546033110993449,5784115.353359320200980,7.110225847000040,52.192348019000100,0,05220731709300479125
05,5,54,032,2022,08,10,1,3,0,7,0,1,0,0,0,0,0,328347.192041726026218,5743761.118750959634781,6.509501021000060,51.818286257000103,0,05220807705000995581
05,5,62,012,2022,08,19,5,3,8,1,0,0,1,0,0,0,1,358769.999286633974407,5722577.170647040009499,6.959160467000060,51.636451878999999,0,05220811701610068769
05,5,15,000,2022,08,17,5,3,2,6,0,0,1,0,0,0,1,400185.907498696004041,5756638.986433950252831,7.547587528000070,51.951488336000097,0,05220804702330480977
05,5,54,052,2022,08,18,1,2,2,7,0,1,0,0,0,0,0,377700.975788170006126,5773320.519337019883096,7.214599645000020,52.096908839999998,0,05220807705000074694
05,5,62,020,2022,08,14,2,3,5,3,0,1,1,0,0,0,0,371126.146999894001056,5718040.370999529957771,7.139274825000030,51.598647327999998,0,05220801701200961183
05,5,15,000,2022,08,12,6,3,2,2,0,1,1,0,0,0,0,405800.215441547974478,5756884.918933260254562,7.629188876000060,51.954678135999998,0,05220805702100879100
05,5,54,028,2022,08,10,2,3,2,6,0,0,1,0,0,0,0,360741.618180310004391,5741071.104494309984148,6.980238750000070,51.803126561000099,0,05220808702340003172
05,5,66,028,2022,07,14,7,3,7,5,0,1,1,0,0,0,0,411853.891559316019993,5794436.837369699962437,7.707528872000070,52.293205880000102,0,05220730709700591161
05,5,58,016,2022,08,07,4,3,8,1,0,1,1,0,0,0,0,381753.179999932006467,5744187.950999599881470,7.283759287000070,51.835976772999999,0,05220810706100279200
05,5,62,008,2022,08,10,7,3,5,3,0,1,1,0,0,0,0,381947.638088150008116,5726203.108619529753923,7.292688067000030,51.674382286000103,0,05220806701910177766
05,5,12,000,2022,08,15,4,2,2,6,0,0,1,0,0,0,1,356362.629478562972508,5714329.236057570204139,6.927774447000050,51.561729020000001,0,05220803702340008416
05,5,62,032,2022,08,13,2,3,6,2,0,0,1,1,0,0,0,376136.426999913004693,5715137.413999569602311,7.212600612000070,51.573681937000103,0,05220815701120995100
05,5,58,028,2022,08,17,2,3,2,6,0,0,1,0,0,0,0,399322.916999969980679,5731901.672999639995396,7.542234524000040,51.728986970000101,0,05220801706000885679
05,5,54,024,2022,07,14,6,3,5,3,0,1,1,0,0,0,0,369926.713999891013373,5776586.245999540202320,7.099923970000020,52.124481281999998,1,05220729705000995916
05,5,62,016,2022,08,16,3,3,8,1,0,0,1,0,0,0,0,372283.600508830975741,5731292.026884890161455,7.151135711000050,51.718001084999997,0,05220809702340072367
05,5,54,020,2022,08,19,6,2,4,7,0,0,1,0,0,0,0,367991.093507388024591,5785391.131935030221939,7.068242190000030,52.203139637000000,0,05220812705000995223
05,5,62,024,2022,08,17,2,2,5,3,0,0,1,0,1,0,0,370478.725999891990796,5726315.253999539650977,7.126870600000070,51.672862860000102,0,05220808701500875471
05,5,12,000,2022,08,20,4,3,6,7,0,0,0,1,0,0,1,357299.212403581012040,5709682.014331069774926,6.943161080000040,51.520207477000000,0,05220803701400870109
05,5,66,004,2022,07,16,7,2,0,7,0,1,0,0,0,0,0,392665.516493831004482,5763992.613578639924526,7.435898499000070,52.016179630000103,0,05220730709110342391
05,5,58,020,2022,08,12,3,3,0,1,0,0,0,0,1,0,0,392101.591885250993073,5759729.140337269753218,7.429026292000060,51.977751967000103,0,05220809706200995452
05,5,62,036,2022,08,12,6,3,5,3,0,0,1,0,0,0,0,389436.260999951977283,5719857.829999620094895,7.402949665000050,51.618874861000101,0,05220812701930774176
05,5,70,052,2022,08,16,2,3,0,6,0,0,1,0,1,0,0,429297.808999995002523,5756506.364999669604003,7.971138226000050,51.954759190000097,0,05220808711112282073
05,5,70,024,2022,08,20,1,1,8,1,1,0,1,0,0,0,0,418380.175325336982496,5751693.727983470074832,7.813440400000050,51.910002565000099,0,05220807711161179136
05,5,13,000,2022,08,17,4,3,2,6,0,0,1,0,0,0,0,370665.082975174009334,5715172.170919479802251,7.133678334000020,51.572765654000101,0,05220810700000891368
05,5,62,004,2022,08,13,1,3,3,6,0,0,1,0,0,0,0,381019.220319767016917,5713318.426536310464144,7.283642299000060,51.558385321000102,0,05220814702340705219
05,5,15,000,2022,08,08,3,3,2,6,0,0,1,0,0,0,0,406138.263053064991254,5751408.216789670288563,7.635600628000080,51.905507895000000,0,05220802702100176106
05,5,58,012,2022,08,09,2,3,6,3,0,0,1,1,0,0,0,373149.594999901019037,5755615.539999560452998,7.154751969000070,51.936782790999999,0,05220815706000995118
05,5,54,004,2022,08,20,6,3,2,3,0,1,1,0,0,0,0,364467.132670158986002,5772572.334549110382795,7.021819449000080,52.087102967000099,0,05220805705000581780
05,5,58,012,2022,07,18,1,3,8,1,0,0,1,0,0,0,0,372716.946002839016728,5756208.076039119623601,7.148242632000060,51.942008741999999,1,05220731706000995852
05,5,58,044,2022,08,12,2,3,2,1,0,0,0,0,0,1,1,396594.454413525003474,5746103.350190309807658,7.498507996000060,51.856137812000000,1,05220801706000785679
05,5,62,012,2022,08,05,7,2,8,1,0,0,1,0,0,0,0,362076.993242333002854,5727013.754957679659128,7.005166296000030,51.677139762000103,0,05220813701610155670
05,5,58,032,2022,08,12,3,1,4,1,0,0,1,0,0,1,0,382184.111745917994995,5754868.638871460221708,7.286363730000060,51.932056470000099,0,05220809706000620577
05,5,15,000,2022,08,18,2,3,0,1,0,1,0,0,0,0,0,406036.879999979981221,5756775.974999659694731,7.632661589000070,51.953738934999997,0,05220808702100379352
05,5,70,028,2022,08,12,6,3,0,1,0,1,0,0,0,0,0,440867.888725840020925,5741784.118386699818075,8.142008297000070,51.823755197000096,1,05220805711412995659
05,5,15,000,2022,08,19,2,3,2,7,0,0,1,0,1,0,0,408874.132431791978888,5753166.801685149781406,7.674893018000030,51.921769501000000,0,05220801702100591805
05,5,62,012,2022,08,02,7,2,8,1,2,0,0,0,0,1,0,359600.399000759993214,5736026.522009680047631,6.965738408000050,51.757512494000103,0,05220813702340005047
05,5,54,016,2022,08,07,2,2,8,1,0,0,0,0,1,0,0,363229.477255959005561,5760179.616028419695795,7.008721493000050,51.975444234000101,1,05220801705000995805
05,5,13,000,2022,07,23,4,3,2,6,2,0,1,0,0,0,0,363820.308878945012111,5708856.883809530176222,7.037411944000040,51.514402377000103,0,05220727702340191820
05,5,62,014,2022,07,09,5,2,5,2,0,0,0,0,0,1,0,360016.097999840974808,5715777.641999430023134,6.979869555000050,51.575663046000003,0,05220728701300075291
05,5,66,056,2022,08,22,1,3,5,3,2,0,1,0,0,0,0,416564.943417237023823,5797951.914358350448310,7.775717218000070,52.325536548999999,0,05220807709700995587
05,5,15,000,2022,08,16,5,3,5,3,0,1,1,0,0,0,0,403770.897238662000746,5754187.393536849878728,7.600422247000040,51.930084358999999,0,05220811702100599922
05,5,62,014,2022,08,17,2,3,0,1,0,1,0,0,0,0,0,358929.078999832971022,5714675.239999409765005,6.964635829000030,51.565485958000103,0,05220808701300580909
05,5,66,076,2022,08,00,3,3,9,1,2,0,1,0,0,0,0,399230.984969128970988,5794668.782980210147798,7.522434565000030,52.293120408999997,0,05220802702350542439
05,5,15,000,2022,08,17,5,3,3,6,0,1,0,0,0,0,0,407019.241188062995207,5757138.524608659557998,7.646854330000050,51.957162828999998,0,05220804702100570631
05,5,15,000,2022,08,08,4,3,5,3,0,1,1,0,0,0,0,406087.201999977987725,5758927.320999659597874,7.632805339000070,51.973084708999998,0,05220810702100268314
05,5,58,016,2022,08,18,6,3,2,1,0,0,1,0,1,0,0,382224.029343297006562,5748921.515100549906492,7.288976624000040,51.878617603000102,0,05220812706100074646
05,5,15,000,2022,08,06,2,3,0,7,0,1,0,0,0,1,0,403540.503227191977203,5754504.707648459821939,7.596983469000070,51.932896614000100,0,05220808702100995424
05,5,62,012,2022,07,16,7,3,0,1,0,1,0,0,0,0,0,357823.706817978993058,5724805.254602479748428,6.944590018000040,51.656234425999997,0,05220730701610891324
05,5,58,040,2022,08,17,5,3,5,3,0,0,1,0,0,0,0,380189.076844612020068,5765204.742322410456836,7.253751392000030,52.024519312000102,0,05220811706200993649
05,5,66,084,2022,07,01,1,3,9,6,2,1,0,0,0,0,0,389746.506999952020124,5776166.401999640278518,7.389447335000060,52.125016878000103,0,05220731709300994121
05,5,66,028,2022,08,11,4,3,9,1,0,0,0,0,0,0,1,415761.304189931019209,5789559.823034689761698,7.766025828000070,52.249982076000002,0,05220803709700011847
05,5,70,024,2022,07,11,7,3,5,3,0,1,1,0,0,0,0,417745.901511460018810,5753701.822216000407934,7.803741993000070,51.927960263999999,0,05220730711161851183
05,5,15,000,2022,07,20,6,2,9,1,1,0,0,0,1,0,0,396371.010922588000540,5756072.878971160389483,7.492267358000050,51.945702501000000,0,05220729702100091803
05,5,62,024,2022,08,13,7,2,0,1,0,1,0,0,0,0,0,369182.594999886001460,5722366.092999519780278,7.109614508000050,51.637073053000101,0,05220806701500875302
05,5,12,000,2022,08,10,2,3,0,7,0,0,0,0,0,0,1,357190.763999824004713,5707576.573999390006065,6.942451812000060,51.501260780999999,0,05220808701400585489
05,5,54,004,2022,08,12,7,3,9,1,0,0,1,0,0,0,0,361920.670502365974244,5770679.750980800017715,6.985442981000060,52.069468229000101,0,05220806705000995618
05,5,54,048,2022,08,20,4,3,4,6,0,0,1,0,1,0,0,343173.666999727021903,5750819.314999080263078,6.721223240000030,51.886054812000097,0,05220803705000995718
05,5,66,016,2022,08,16,1,3,7,7,0,1,0,0,0,0,0,403225.865999975008890,5792324.995999669656157,7.581664092000040,52.272773184000101,0,05220807709500176632
05,5,70,044,2022,08,07,2,1,5,3,0,1,0,0,0,0,1,415000.378996743005700,5759673.843744490295649,7.762345168000020,51.981229882999997,0,05220815711142081616
05,5,62,004,2022,08,07,5,3,2,6,0,0,1,0,0,0,0,382909.808999934990425,5716135.986999589949846,7.309963107000040,51.584104355000100,0,05220811701800813123
05,5,54,036,2022,08,15,5,3,8,1,0,0,1,0,0,0,0,367845.487938455014955,5770637.552786969579756,7.071847383000030,52.070534425000098,0,05220804702340705186
05,5,62,014,2022,08,15,2,3,5,3,0,1,1,0,0,0,0,357734.042999826022424,5713886.158999400213361,6.947725098000030,51.558095182000002,0,05220801701300995792
05,5,15,000,2022,08,11,7,3,3,6,0,1,0,0,0,0,0,405150.935999976994935,5757192.523999660275877,7.619658486000050,51.957332657999999,0,05220813702100099922
05,5,13,000,2022,08,10,3,3,6,2,0,0,1,1,0,0,0,368920.483999884978402,5716037.826999519951642,7.108195132000050,51.580142130000098,0,05220809700000081488