ULAND,UREGBEZ,UKREIS,UGEMEINDE,UJAHR,UMONAT,USTUNDE,UWOCHENTAG,UKATEGORIE,UART,UTYP1,ULICHTVERH,IstRad,IstPKW,IstFuss,IstKrad,IstGkfz,IstSonstige,LINREFX,LINREFY,XGCSWGS84,YGCSWGS84,STRZUSTAND,UIDENTSTLAE
05,5,54,004,2022,08,16,4,3,5,3,0,1,1,0,0,0,0,362780.893999858002644,5771674.887999470345676,6.997585044000060,52.078623665000102,0,05220810705000995381
05,5,54,012,2022,08,04,1,3,9,1,2,0,1,0,0,0,0,354352.781999809027184,5748197.767999350093305,6.884644073000060,51.865532754000100,0,05220807705000591746
05,5,66,012,2022,07,10,1,3,5,3,0,1,1,0,0,0,0,403704.321519528981298,5772293.482561109587550,7.594363167000040,52.092814766000103,0,05220731709110070630
05,5,62,008,2022,08,23,7,3,0,1,2,1,0,0,0,0,0,384898.482669699005783,5722713.019334229640663,7.336493726000070,51.643626863000101,0,05220806701910664261
05,5,62,014,2022,08,20,1,3,5,2,0,1,1,0,0,0,0,360309.943999841983896,5715386.737999429926276,6.984262707000030,51.572223256000001,0,05220814701300878018
05,5,13,000,2022,08,16,4,3,3,6,0,0,1,0,0,1,0,362853.090988481999375,5713726.967222169972956,7.021584377000070,51.557932499000103,0,05220803702340187398
05,5,12,000,2022,08,15,1,3,4,2,0,0,1,0,1,0,0,356840.112999823002610,5717123.927999390289187,6.933519261000070,51.586962858000000,0,05220807701400765866
05,5,62,024,2022,08,17,5,3,6,2,0,0,1,1,0,0,0,367576.703999879013281,5724579.454999510198832,7.085584465000070,51.656587618000103,0,05220811701500070518
05,5,15,000,2022,07,20,6,3,6,4,1,0,1,1,0,0,0,405654.596999978995882,5757012.944999660365283,7.627035315000060,51.955804205000000,0,05220729702100761966
05,5,66,040,2022,08,15,6,3,5,2,0,1,1,0,0,0,0,421578.028999992005993,5782774.225999680347741,7.852786040000070,52.189847353000097,0,05220812709800887280
05,5,13,000,2022,08,15,1,3,2,6,0,0,1,0,0,0,0,368195.188593266997486,5713193.184153430163860,7.098800403000040,51.554409130000103,0,05220814700000075282
05,5,15,000,2022,08,19,4,3,4,2,0,1,1,0,0,0,0,406325.006999980018009,5758859.043999659828842,7.636284908000050,51.972511139000098,0,05220810702100568386
05,5,15,000,2022,08,10,1,2,4,1,0,0,1,0,1,0,0,404031.629999976023100,5749553.070999650284648,7.605504146000040,51.888474090999999,0,05220814702100074121
05,5,13,000,2022,08,20,3,3,3,6,1,1,0,0,0,0,0,368693.030108477978501,5712020.887738030403852,7.106414779000030,51.543990106000102,0,05220816700000573461
05,5,54,056,2022,08,17,3,2,4,2,0,0,1,0,0,0,0,355901.162999817985110,5761895.008999370038509,6.901381513000050,51.989005199000097,0,05220802705000995758
05,5,62,004,2022,08,17,1,3,5,3,0,1,1,0,0,0,0,383218.719545324973296,5716621.228687619790435,7.314258296000050,51.588529661000102,0,05220807701800675246
05,5,66,092,2022,08,16,6,3,2,6,0,0,0,0,0,0,1,423518.342767324997112,5790966.573364890180528,7.879311687000040,52.263760003000101,0,05220805702350776655
05,5,62,032,2022,08,01,7,2,1,5,2,1,1,0,0,0,0,377655.432999918004498,5718180.166999570094049,7.233448617000020,51.601359825000003,0,05220813701110995209
05,5,66,028,2022,08,04,2,3,9,1,2,0,1,0,0,0,0,410526.193777056992985,5794822.326609469950199,7.687964169000050,52.296456099000103,1,05220801709700542445
05,5,13,000,2022,07,14,4,3,6,7,0,0,0,1,0,0,1,367780.142146690981463,5713670.719422750174999,7.092637633000040,51.558603453000003,0,05220727700000720590
05,5,54,004,2022,07,03,7,2,0,1,2,1,0,0,0,0,0,356606.109737615974154,5777019.275347939692438,6.905291861000020,52.125077271000102,0,05220730705000995895
05,5,54,016,2022,08,15,7,3,0,1,0,0,0,0,1,0,0,362808.558059313974809,5758187.920975049957633,7.003392949000040,51.957444021000100,0,05220813705000591108
05,5,62,004,2022,07,13,6,3,0,1,0,1,0,0,0,0,0,382108.350999933027197,5718281.296999589540064,7.297679833000070,51.603218476000102,0,05220729701800079387
05,5,54,012,2022,08,15,6,3,2,6,0,0,1,0,0,0,0,351813.545999791007489,5744256.871999300085008,6.849481328000020,51.829455778000103,0,05220812705000995231
05,5,66,012,2022,08,07,2,3,2,1,0,0,1,0,0,0,0,406994.013427703001071,5774729.298553200438619,7.641703155000070,52.115271225000100,0,05220808709110276669
05,5,58,020,2022,08,13,5,3,5,2,0,0,1,0,0,0,0,395531.614875963015947,5761391.406945040449500,7.478440925000030,51.993347559000000,0,05220811706000995322
05,5,70,044,2022,08,11,5,3,0,7,0,1,0,0,0,0,0,416784.004999989003409,5759896.985999669879675,7.788255553000060,51.983505723000100,0,05220804711142002754
05,5,62,014,2022,08,11,3,3,5,2,0,0,1,0,0,0,0,360532.851999841979705,5714084.372999439947307,6.987993972000030,51.560575291000099,0,05220816701300995013
05,5,58,016,2022,08,12,2,3,1,7,0,0,1,0,0,0,0,381440.515172713028733,5743568.066989130340517,7.279435836000060,51.830339492000100,0,05220815706100379200
05,5,66,076,2022,08,18,7,2,9,2,0,0,0,0,1,0,0,400633.232999971020035,5788063.822999670170248,7.544933143000040,52.234012747000101,0,05220813709500576732
05,5,15,000,2022,08,07,2,3,0,6,0,1,0,0,0,0,0,406767.311781994008925,5759412.519753630273044,7.642571639000040,51.977560416000102,1,05220801702100964164
05,5,58,028,2022,07,17,5,3,3,6,0,0,1,0,1,0,0,404240.559215619985480,5732024.552324759773910,7.613383232000050,51.730953070000098,0,05220728706300909883
05,5,70,040,2022,08,13,7,3,8,1,0,1,0,0,0,0,0,419185.484926062985323,5744641.854634059593081,7.826796319000040,51.846728896000101,0,05220806711212074710
05,5,15,000,2022,08,11,1,3,9,7,0,0,0,0,1,0,0,406338.162732922995929,5757675.357347460463643,7.636799264000050,51.961873835000098,0,05220814702100069101
05,5,66,048,2022,08,11,4,2,0,7,0,1,0,0,0,0,0,428711.077409235993400,5796376.280817549675703,7.954242284000030,52.313085571000002,0,05220810709700995395
05,5,62,004,2022,08,06,2,3,5,3,1,1,1,0,0,0,0,384427.015999938012101,5716606.155999599955976,7.331697058000030,51.588643331000100,0,05220808701800268379
05,5,62,016,2022,08,14,7,3,3,6,0,1,0,0,0,0,0,378632.451997135998681,5733387.122900850139558,7.242265588000070,51.738239837999998,0,05220806701700875302
05,5,66,012,2022,08,16,4,2,4,1,0,0,1,0,0,0,0,402141.489616293984000,5777269.983044129796326,7.570127379000040,52.137269305000103,0,05220803709000979088
05,5,58,020,2022,08,16,3,3,5,3,0,0,1,0,0,0,0,392830.792999957979191,5761760.186999640427530,7.439004344000070,51.996147399999998,0,05220802706200585477
05,5,54,016,2022,08,11,2,3,1,6,0,0,1,0,0,0,1,367581.824378901976161,5755733.615253379568458,7.073762538000040,51.936546866000100,0,05220815705000486784
05,5,54,028,2022,08,12,5,3,3,6,0,0,1,0,0,0,0,355913.209539277013391,5745918.947730810381472,6.908241089000060,51.845462302999998,0,05220804705000993660
05,5,15,000,2022,08,17,2,3,5,2,0,1,1,0,0,0,0,403933.150997467979323,5758084.023595649749041,7.601692342000040,51.965136704000003,0,05220801702100864164
05,5,70,008,2022,08,13,4,3,0,3,0,1,1,0,0,0,0,433458.506508602004033,5734386.520445999689400,8.035934631000030,51.756417425999999,0,05220824711311685567
05,5,12,000,2022,08,10,4,3,2,6,0,0,1,0,0,1,0,355468.978789758984931,5713077.189706999808550,6.915405677000020,51.550250237000100,0,05220824702340491296
05,5,62,020,2022,08,14,4,2,5,3,0,1,1,0,0,0,0,369500.190999888000078,5719999.125999529846013,7.115083245000050,51.615875697000000,0,05220817701200665815
05,5,70,052,2022,08,15,2,3,5,2,0,1,1,0,0,0,0,430847.272078080975916,5757489.415438139811158,7.993484381000030,51.963791294000004,0,05220822711111202616
05,5,15,000,2022,08,02,6,3,0,7,2,0,0,0,0,0,1,405160.826486505975481,5757299.742737630382180,7.619772778000030,51.958298071000101,0,05220819702100076712
05,5,58,032,2022,08,08,1,2,8,1,0,0,1,0,0,0,0,390435.281965158996172,5755895.648158890195191,7.405998079000030,51.942972268000098,0,05220821706000379200
05,5,62,032,2022,08,14,6,3,1,5,0,1,1,0,0,0,1,375639.975999912014231,5719659.788999569602311,7.203837571000070,51.614215972000103,0,05220826701110993605
05,5,15,000,2022,08,16,5,3,5,3,0,1,1,0,0,0,0,401578.335999973001890,5757085.122999650426209,7.567714328000020,51.955746456999996,0,05220818702100888886
05,5,66,076,2022,08,15,3,3,0,7,0,1,0,0,0,0,1,393907.685999960987829,5793220.146999659948051,7.444866010000060,52.279099117000001,0,05220823709500994687
05,5,13,000,2022,08,19,7,3,5,2,0,0,1,0,0,0,1,364500.324999862990808,5716517.296999479644001,7.044255525000040,51.583405551000098,0,05220820700000091116
05,5,62,024,2022,08,17,6,3,5,2,0,1,1,0,0,0,0,369312.695999888994265,5724919.442999520339072,7.110539433000040,51.660049250000000,0,05220819701500994890
05,5,54,004,2022,08,07,5,2,5,3,0,0,1,0,0,0,0,363878.266613987972960,5768978.828724429942667,7.014663343000050,52.054669225000097,0,05220825705000994566
05,5,54,004,2022,08,19,4,3,5,3,0,1,0,0,0,0,0,363478.503219555015676,5772337.519258419983089,7.007493246000020,52.084750112000101,0,05220824705000089749
05,5,66,056,2022,08,16,3,3,4,7,0,0,1,0,0,0,1,417418.815999988990370,5796571.893999679945409,7.788582262000030,52.313261453999999,0,05220816709700568339
05,5,15,000,2022,08,07,4,3,0,3,0,1,1,0,0,0,0,398323.848847732995637,5753722.194782920181751,7.521364329000050,51.924934767000103,0,05220817702100976692
05,5,54,068,2022,08,15,1,2,5,3,0,0,1,0,0,0,0,351917.430999793985393,5767076.572999300435185,6.841167063000060,52.034511591000097,0,05220821705000147427
05,5,54,020,2022,08,19,6,3,2,6,0,0,1,0,0,0,0,365247.198363144998439,5785922.904876859858632,7.027903191000060,52.207253856000101,0,05220819705000520717
05,5,15,000,2022,08,07,3,2,8,7,0,0,0,0,0,1,0,402064.120033366023563,5745842.025593560189009,7.577976750000060,51.854775597000099,0,05220823702330505088
05,5,15,000,2022,08,07,4,3,5,3,0,1,0,0,0,0,0,404527.452991790021770,5758721.465828290209174,7.610162730000070,51.970968649000000,0,05220824702100765384
05,5,66,068,2022,08,11,7,3,0,1,0,1,0,0,0,0,0,375877.359567299019545,5785219.492450700141490,7.183644269000070,52.203429530000101,0,05220820709300051486
05,5,15,000,2022,08,08,2,3,3,6,0,1,1,0,0,0,0,406023.603168726025615,5757274.419166699983180,7.632332109000060,51.958216938000099,0,05220822702100579167
05,5,15,000,2022,08,15,6,3,2,1,0,0,1,0,0,0,0,404308.538489833008498,5759015.041368359699845,7.606895066000050,51.973569758000103,0,05220826702100076680
05,5,54,020,2022,08,09,3,3,5,2,0,1,1,0,0,0,0,365959.169750620028935,5783094.826828019693494,7.039434913000040,52.182016088000097,0,05220816705000995071
05,5,15,000,2022,08,10,4,3,5,7,0,1,1,0,0,0,0,403974.377424396981951,5757465.119301400147378,7.602465264000050,51.959580905000102,0,05220824702100994464
05,5,66,068,2022,08,01,7,3,6,4,2,0,1,1,0,0,0,375148.592999910993967,5785221.638999580405653,7.172984888000030,52.203284235000098,1,05220820709300091070
05,5,12,000,2022,08,03,3,3,0,7,2,0,0,0,1,0,0,358279.693161772971507,5720867.371672679670155,6.952772130000030,51.620964683000103,0,05220816701400181362
05,5,15,000,2022,08,17,2,3,2,6,0,0,1,0,0,0,0,405440.251313043991104,5755250.312234439887106,7.624401900000070,51.939924473000097,0,05220822702100091805
05,5,13,000,2022,08,13,3,3,5,2,0,1,1,0,0,0,0,368547.973999883979559,5714529.423999509774148,7.103386471000020,51.566499837000002,0,05220823700000389526
05,5,13,000,2022,08,03,1,3,4,2,2,0,1,0,0,0,0,368895.186999884026591,5711477.488999520428479,7.109530810000020,51.539153709000097,0,05220821700000163376
05,5,58,016,2022,08,17,6,3,1,6,0,0,1,0,0,0,0,381693.803003648004960,5744059.422639369964600,7.282941850000040,51.834809092000100,0,05220819706100379200
05,5,62,032,2022,08,15,5,3,2,6,0,0,1,0,0,0,0,373539.166833028022666,5719311.545334869995713,7.173637174000020,51.610618304000099,0,05220818702340805131
05,5,54,020,2022,08,18,6,3,0,2,0,1,1,0,0,0,0,366620.216041040024720,5782361.708131610415876,7.049386008000060,52.175588898999997,0,05220826705000791762
05,5,62,032,2022,08,15,3,3,5,2,0,0,1,0,0,0,1,377736.532999916991685,5716566.230999579653144,7.235181417000040,51.586872490000097,0,05220823701120994681
05,5,54,024,2022,08,17,3,3,8,6,0,0,1,0,0,0,0,369975.079612963018008,5781291.779793679714203,7.098829601000030,52.166775579999999,0,05220816702340987397
05,5,62,004,2022,08,08,4,3,2,6,0,0,1,0,0,0,1,382823.720999935001601,5713622.321999589912593,7.309559555000020,51.561494402000100,0,05220817701800679387
05,5,54,068,2022,08,14,6,2,5,3,0,1,1,0,0,0,0,348059.148433380003553,5768494.409452389925718,6.784333673000050,52.046206064000003,0,05220819705000789359
05,5,70,040,2022,08,19,5,3,4,6,0,1,0,0,0,0,0,420337.150049460004084,5743968.992948619648814,7.843666617000050,51.840845829000003,0,05220818711231291799
05,5,62,014,2022,08,09,3,2,2,6,0,0,1,0,0,0,0,360213.365738179010805,5713553.900746479630470,6.983598902000040,51.555729345000003,0,05220816702340079605
05,5,70,004,2022,08,19,2,3,1,2,0,0,1,0,0,0,0,424233.732999993022531,5735016.886999660171568,7.902171837000030,51.760912236000102,0,05220822711213779822
05,5,66,008,2022,08,11,5,2,4,1,0,1,1,0,0,0,0,399646.110433537978679,5778757.035481669940054,7.533239468000030,52.150187007000099,0,05220825709110994554
05,5,70,028,2022,08,15,1,3,5,3,0,1,1,0,0,0,0,444258.428532199002802,5744673.839237890206277,8.190733082000071,51.850083256000097,0,05220821711413881082
05,5,66,016,2022,08,16,2,3,4,2,0,1,1,0,0,0,0,403744.506999976991210,5793809.194999669678509,7.588839134000070,52.286203911000001,0,05220822709500091846
05,5,15,000,2022,08,11,3,3,8,1,0,1,0,0,0,0,0,405841.315952592995018,5753279.098832559771836,7.630773982000050,51.922274249000097,0,05220816702100850182
05,5,70,036,2022,08,16,4,3,4,6,0,1,0,0,0,0,0,435704.970960895996541,5761388.225055979564786,8.063446712000029,51.999423810000103,0,05220817711121851183
05,5,66,024,2022,08,09,1,3,5,2,0,0,1,0,0,0,0,383138.945999936026055,5771062.125999620184302,7.294721727000020,52.077788280000000,0,05220821709300639236
05,5,13,000,2022,08,07,5,3,2,6,0,0,1,0,0,0,0,365479.995114066987298,5714341.694456939585507,7.059219992000070,51.564089302000099,0,05220818700000357756
05,5,66,080,2022,08,19,6,2,0,1,0,1,0,0,0,0,0,406399.664964851981495,5781403.749392759986222,7.631187240000030,52.175162039999996,0,05220826709110187267
05,5,62,014,2022,08,10,3,2,8,1,0,0,1,0,0,0,0,360396.816088793973904,5717868.131776300258934,6.984528811000080,51.594542662000002,0,05220823701300565428
05,5,12,000,2022,08,09,3,3,0,7,0,0,1,0,0,0,0,356591.384446541022044,5707871.091225819662213,6.933702443000070,51.503755521000102,0,05220823500630058534
05,5,66,044,2022,08,10,1,2,8,1,0,0,0,0,1,0,0,427721.536525879986584,5780806.607314599677920,7.943059906000030,52.172999613999998,0,05220821709800755929
05,5,62,020,2022,08,12,4,3,5,3,0,1,1,0,0,0,0,368814.217999884975143,5718397.294999520294368,7.105780373000070,51.601321171999999,0,05220824701200585414
05,5,54,008,2022,08,12,3,3,2,2,0,0,1,0,0,0,0,335277.670942148019094,5745847.062385429628193,6.608965856000050,51.839110673000100,0,05220816705000774671
05,5,66,008,2022,08,08,2,3,5,3,0,1,1,0,0,0,0,398595.006999969016761,5781265.852999660186470,7.517132832000070,52.172543496999999,0,05220822709110442542
05,5,70,004,2022,08,15,4,3,2,7,0,0,1,0,1,0,0,422590.379642223997507,5735258.888821369968355,7.878311144000070,51.762862968000000,0,05220824711215290018
05,5,54,032,2022,08,08,1,3,5,3,0,1,1,0,0,0,0,325405.053999550000299,5747652.019998289644718,6.464895346000050,51.852324634000098,0,05220821705000994816
05,5,15,000,2022,08,14,5,3,1,6,0,0,1,0,0,0,0,406212.002057408972178,5757462.182891589589417,7.635021831000070,51.959936456000001,0,05220818702100165384
05,5,13,000,2022,08,22,6,3,5,3,2,1,0,0,1,0,0,369463.065999886021018,5707142.173999520018697,7.119320545000050,51.500324519999999,0,05220826700000691784
05,5,54,048,2022,08,07,3,2,4,2,0,0,1,0,0,0,0,338721.918104148004204,5743087.553714360110462,6.660201001000080,51.815325276000102,0,05220823705000994715
05,5,66,008,2022,08,19,7,3,5,2,0,0,1,0,0,0,0,400237.045999970985577,5780709.750999660231173,7.541299725000040,52.167844690999999,0,05220820709110255929
05,5,70,004,2022,08,18,5,3,5,3,0,1,1,0,0,0,0,423929.745586711971555,5736662.464010690338910,7.897407633000060,51.775664181000103,0,05220818711211191799
05,5,12,000,2022,08,01,6,2,9,1,2,0,1,0,0,0,0,358990.066362229990773,5708172.268365019932389,6.968119771000030,51.507065472000100,0,05220826500630048933
05,5,66,076,2022,08,10,3,3,2,2,0,0,1,0,0,0,0,396228.881999965000432,5788360.912999659776688,7.480371353000070,52.235870352000099,0,05220823709500212577
05,5,54,012,2022,08,10,3,3,0,7,0,1,0,0,0,0,0,355977.428073962975759,5740619.332545859739184,6.911376762000030,51.797860520000000,0,05220816705000995064
05,5,12,000,2022,08,09,2,3,2,6,0,0,1,0,0,0,0,358990.066362229990773,5708172.268365019932389,6.968119771000030,51.507065472000100,0,05220822500630849069
05,5,70,028,2022,08,07,3,2,8,1,0,0,0,0,1,0,0,444423.079339938994963,5743897.983636460267007,8.193247972000050,51.843124499000098,0,05220816711413281082
05,5,15,000,2022,08,17,2,3,5,3,0,1,0,0,0,0,0,404026.828645966015756,5753616.382104770280421,7.604302617000030,51.924996067999999,0,05220822702100805055
05,5,54,044,2022,08,18,5,3,5,3,0,1,1,0,0,0,0,369040.801834169018548,5743731.179450170136988,7.099528240000040,51.829036108000103,0,05220818705000005265
05,5,70,004,2022,08,05,3,2,5,3,1,0,1,0,0,0,0,426097.912999993015546,5735848.138999659568071,7.929001204000030,51.768634116000001,0,05220823711212802814
05,5,62,014,2022,08,14,7,3,5,3,0,0,1,0,0,0,1,361493.951999848010018,5713404.220999450422823,7.002117975000030,51.554700162000103,0,05220820701300577853
05,5,15,000,2022,08,19,4,2,8,7,0,0,0,0,0,1,0,404480.905150506005157,5766443.405038620345294,7.607332301000040,52.040367723000003,0,05220824702350691777
05,5,13,000,2022,08,11,5,3,2,2,0,0,1,0,0,0,1,364719.571999866981059,5715445.347999479621649,7.047830975000070,51.573825279000097,0,05220825700000892099
05,5,66,076,2022,08,11,6,3,3,6,0,1,0,0,0,0,0,393707.112774778972380,5793010.230333689600229,7.441993296000020,52.277173806000100,0,05220826709500179086
05,5,70,028,2022,08,07,4,3,5,2,0,0,1,0,1,0,0,440376.656150883994997,5739115.304908899590373,8.135340809000070,51.799709762000099,0,05220824711411994652
05,5,58,036,2022,08,15,5,3,5,3,0,0,1,0,1,0,0,387150.471082306001335,5730464.068110739812255,7.366521051000060,51.713748181000000,0,05220825706300203140
05,5,12,000,2022,08,15,4,3,5,3,0,1,1,0,0,0,0,360451.432999841985293,5709696.252999429591000,6.988559979000060,51.521123006000003,0,05220824701400361084
05,5,66,092,2022,08,16,7,3,0,6,0,0,1,0,0,0,0,427850.197729346982669,5794640.350544810295105,7.941988170000060,52.297368910000003,0,05220820702350305074
05,5,66,048,2022,08,18,4,3,5,3,0,0,1,0,1,0,0,428149.125568591989577,5796325.365256120450795,7.946011230000070,52.312554636000101,0,05220817709700076770
05,5,58,012,2022,08,01,1,2,8,1,2,1,0,0,0,0,0,375342.316403269011062,5751606.708870310336351,7.188082623000070,51.901252613000104,0,05220821706200993621
05,5,62,008,2022,08,17,6,3,5,3,0,1,1,0,0,0,0,384335.432468574028462,5721352.050188059918582,7.328809725000040,51.631279371000097,0,05220826701910275334
05,5,66,020,2022,08,17,3,3,5,3,0,0,0,0,1,1,0,409409.779999982973095,5808306.842999690212309,7.667958251000070,52.417471781000103,0,05220823709700994672
05,5,54,008,2022,08,11,6,3,5,2,0,1,1,0,0,0,0,334783.193184108007699,5745816.607924150303006,6.601809562000030,51.838691031000103,0,05220819705000994906
05,5,58,004,2022,08,12,7,2,6,7,0,0,1,1,0,0,0,405070.526285996020306,5738759.751918010413647,7.623557560000050,51.791635137000100,0,05220820706000979121
05,5,62,024,2022,08,10,6,3,5,3,0,1,1,0,0,0,0,364842.031441211991478,5721147.386932609602809,7.047399959000070,51.625095193000000,0,05220819701500994916
05,5,58,012,2022,08,10,5,3,8,1,0,0,0,0,1,0,0,368000.676224696973804,5747161.780788189731538,7.083133678000020,51.859619264999999,0,05220825706000991704
05,5,58,020,2022,08,18,6,2,0,1,0,0,0,0,0,0,1,390611.458199891028926,5758757.278832579962909,7.407649044000040,51.968725992000003,0,05220826706200281907
05,5,54,012,2022,08,16,4,3,8,7,0,0,0,0,1,0,0,347229.844723241985776,5752849.899446220137179,6.779213765000070,51.905424503000098,1,05220824705000719860
05,5,15,000,2022,08,16,3,3,6,6,0,1,0,1,0,0,0,405974.049772181024309,5756396.639117170125246,7.631851362000020,51.950318668000101,0,05220816702100087866
05,5,54,012,2022,08,17,1,3,5,6,0,1,1,0,0,0,0,347281.351999758975580,5746797.991999199613929,6.782639534000050,51.851065874000000,0,05220821705000968257
05,5,54,032,2022,08,18,5,3,5,3,0,0,1,0,0,0,0,325680.934889070980716,5746032.027565539814532,6.469713405000050,51.837859399000102,0,05220818705000994931
05,5,58,028,2022,08,10,7,2,8,1,0,0,0,0,1,0,0,400593.760530692990869,5733880.528108789585531,7.560064208000030,51.747000731000099,0,05220820706300279094
05,5,70,028,2022,08,08,3,3,3,6,0,0,1,0,0,1,1,442434.725336058996618,5741056.569732899777591,8.164861000000030,51.817377969000098,0,05220823400410993617
05,5,62,024,2022,08,15,2,3,2,6,0,0,1,0,0,0,0,370346.796367821982130,5726858.913036489859223,7.124761909000030,51.677718094000099,0,05220822701500994734
05,5,66,048,2022,08,14,5,3,2,6,0,0,1,0,0,1,0,427193.881175567978062,5792365.882610890083015,7.932857074000030,52.276837221000100,0,05220818702350542420
05,5,70,032,2022,08,16,6,3,3,7,0,0,1,0,0,0,0,421842.813999990990851,5765713.904999669641256,7.860575392000040,52.036529733000101,0,05220826711151751245
05,5,66,052,2022,08,11,3,3,5,2,0,1,1,0,0,0,0,377358.584684978995938,5778517.673526350408792,7.207730944000050,52.143536638000100,0,05220816709000991683
05,5,62,004,2022,08,12,4,3,2,7,0,0,1,0,1,0,0,382729.732999934989493,5711320.089999600313604,7.308971836000070,51.540783034000100,0,05220817701800879387
05,5,66,008,2022,08,12,7,3,7,3,0,1,0,0,0,0,1,399280.171975033998024,5781602.416070819832385,7.527048624000030,52.175693919000103,0,05220820709110994851
05,5,62,032,2022,08,12,4,3,5,2,0,0,1,0,0,0,1,376062.697999913012609,5719148.050999569706619,7.210120779000020,51.609710124000102,0,05220824701110777848
05,5,62,012,2022,08,12,3,3,5,3,0,1,0,0,0,0,0,359824.357894965971354,5726264.468940620310605,6.972908066000060,51.669849167999999,0,05220816701610050789
05,5,62,014,2022,08,16,4,2,2,6,0,0,1,0,0,1,0,361682.670054799003992,5715214.405788240022957,7.004126083000070,51.571013096000101,0,05220817702340539209
05,5,15,000,2022,08,07,6,3,6,4,0,0,1,1,0,0,0,411887.279999985010363,5761667.598999669775367,7.716515981000040,51.998666186000001,0,05220819702100179175
05,5,66,060,2022,08,16,5,3,2,1,0,0,1,0,0,0,0,389018.531784938997589,5787175.107009540311992,7.375216399000070,52.223807317000102,0,05220825709500994536
05,5,15,000,2022,08,07,6,3,3,6,0,0,1,0,1,0,0,405642.203999978024513,5757044.173999659717083,7.626846444000020,51.956082803000101,0,05220826702100176692
05,5,13,000,2022,08,09,3,2,5,2,0,0,0,0,1,0,1,363115.499999856983777,5711601.195999469608068,7.026194448000070,51.538893397000002,0,05220823700000243400
05,5,66,008,2022,08,13,1,3,5,3,0,0,1,0,0,0,0,395867.858137811999768,5779715.326154540292919,7.477743892000030,52.158100191000102,0,05220821706300994803
05,5,15,000,2022,08,06,6,3,0,1,0,0,0,0,1,0,0,405876.101803802012000,5761489.285056189633906,7.629030036000070,51.996076973000100,0,05220819702100653166
05,5,62,032,2022,08,15,4,3,0,7,0,0,0,0,1,0,0,372751.625999900978059,5720160.756999550387263,7.161961362000060,51.618072660000102,0,05220824701110080611
05,5,66,028,2022,08,11,3,3,3,6,0,1,0,0,0,0,0,412922.212960488977842,5793377.987123019993305,7.723462862000080,52.283858995999999,0,05220816709000995061
05,5,66,028,2022,08,12,5,2,7,3,0,0,1,1,0,0,0,412790.961111672979314,5792650.001007799990475,7.721727581000040,52.277294835000099,0,05220825709700081515
05,5,62,020,2022,08,18,2,3,5,2,0,0,1,0,0,0,0,370410.214190091995988,5719758.111487899906933,7.128309004000070,51.613919996000000,0,05220822701200463436
05,5,12,000,2022,08,15,5,3,3,6,0,0,1,0,1,0,0,355255.948285883001518,5714184.766387710347772,6.911879443000030,51.560147944999997,0,05220818701400314019
05,5,66,032,2022,08,06,6,3,5,3,0,0,1,0,1,0,0,413610.456999986025039,5776998.848999669775367,7.737729659000020,52.136744631000099,0,05220819709800387277
05,5,66,012,2022,08,08,2,3,5,3,0,0,1,0,0,0,0,406285.812941103009507,5772329.674439249560237,7.632023699000060,52.093583269000099,0,05220822709110994775
05,5,62,032,2022,08,15,4,2,2,6,0,0,1,0,0,1,0,373570.047678226022981,5720568.019041709601879,7.173629596000070,51.621917140000100,0,05220817701110570191
05,5,70,004,2022,08,18,5,3,6,4,0,1,1,1,0,0,0,422735.975453486025799,5734998.044794299639761,7.880478440000050,51.760538193000102,0,05220825711215479615
05,5,70,008,2022,08,14,5,3,2,6,0,0,1,0,1,0,0,434197.935246439010371,5734136.424603089690208,8.046693348000080,51.754256409000000,0,05220818711311981007
05,5,58,004,2022,08,15,4,3,9,1,0,0,1,0,0,0,0,403635.975623345002532,5742847.143566180020571,7.601627015000080,51.828129656999998,0,05220824702330192275
05,5,70,016,2022,08,07,7,3,4,6,0,0,1,0,0,0,1,410511.122999983024783,5740176.188999660313129,7.702056138000050,51.805264317000102,1,05220820711221002814
05,5,62,016,2022,08,01,3,3,2,6,2,0,1,0,0,0,1,374111.446154545003083,5736870.018416900187731,7.175563013000040,51.768542604000103,0,05220816702330680977
05,5,54,064,2022,08,21,1,2,8,1,2,0,1,0,0,0,0,357830.299999830021989,5750988.934999399818480,6.933965412000020,51.891509182000000,0,05220821705000994786
05,5,54,012,2022,08,11,5,3,0,1,0,0,1,0,0,0,0,353146.888999800023157,5745505.917999319732189,6.868286527000070,51.841030519000100,0,05220825705000994559
05,5,66,088,2022,08,16,6,3,5,3,0,0,1,0,0,0,0,414306.755001344019547,5788628.778015510179102,7.744960473000050,52.241388854000000,0,05220826709800994480
05,5,62,020,2022,08,21,4,3,5,3,2,1,0,0,0,0,1,371597.430999896023422,5716225.484999540261924,7.146739560000070,51.582444801000101,0,05220824701200993609
05,5,58,044,2022,08,20,3,2,5,6,1,0,1,0,1,0,0,395526.958999963011593,5745138.910999639891088,7.483304834000020,51.847270588000100,0,05220816706300309883