ULAND,UREGBEZ,UKREIS,UGEMEINDE,UJAHR,UMONAT,USTUNDE,UWOCHENTAG,UKATEGORIE,UART,UTYP1,ULICHTVERH,IstRad,IstPKW,IstFuss,IstKrad,IstGkfz,IstSonstige,LINREFX,LINREFY,XGCSWGS84,YGCSWGS84,STRZUSTAND,UIDENTSTLAE
05,5,12,000,2022,08,14,1,3,5,3,0,1,1,0,0,0,0,357787.779824991011992,5709773.779934369958937,6.950161228000070,51.521155295000000,0,05220821701400993620
05,5,13,000,2022,08,10,5,3,5,3,0,1,1,0,0,0,0,365479.995114066987298,5714341.694456939585507,7.059219992000070,51.564089302000099,0,05220818700000071568
05,5,15,000,2022,08,08,5,3,2,6,0,0,1,0,0,0,0,405603.839978898991831,5754289.029650590382516,7.627044746000020,51.931311786999999,0,05220818702100876106
05,5,15,000,2022,08,07,6,3,5,3,0,1,1,0,0,0,0,405037.549999976996332,5757959.877999659627676,7.617796743000040,51.964210590999997,0,05220819702100579100
05,5,58,028,2022,08,16,6,2,9,1,0,0,0,0,1,0,0,399992.302337099972647,5733432.700175779871643,7.551483624000070,51.742868401000102,0,05220819706300068251
05,5,66,012,2022,08,12,6,3,1,6,0,0,1,0,0,0,0,404396.637999976985157,5772429.479999669827521,7.604427571000030,52.094157172000102,0,05220826709110994493
05,5,15,000,2022,08,13,4,3,5,2,0,1,1,0,0,0,0,405895.818999979004730,5755919.017999660223722,7.630844156000020,51.946012355000100,0,05220824702100087866
05,5,62,012,2022,08,20,6,3,0,1,0,0,0,0,1,0,0,360047.204999841982499,5726280.641999430023134,6.976122030000060,51.670050050999997,0,05220819701610489546
05,5,70,004,2022,08,13,4,2,5,2,0,0,1,0,1,0,0,424203.597254641994368,5731339.033892629668117,7.902536758000050,51.727845364000103,0,05220824711214791706
05,5,66,076,2022,08,17,3,3,2,1,0,0,1,0,0,0,0,397867.599999969010241,5786560.259999659843743,7.504903697000030,52.219993340000002,0,05220816709500995035
05,5,54,008,2022,08,18,4,2,2,6,0,0,1,0,0,0,0,333005.257117055007257,5741706.116354470141232,6.578008726000060,51.801236937000098,0,05220817705000874659
05,5,70,052,2022,08,13,5,3,8,1,0,0,1,0,0,0,0,430591.216313783021178,5750612.884730489924550,7.991145493000030,51.901941679000103,0,05220825711114587268
05,5,54,024,2022,08,16,5,3,9,1,0,0,1,0,0,1,0,368646.866075358993839,5772575.068705090321600,7.082786473000060,52.088135195000099,0,05220818702340587397
05,5,15,000,2022,08,23,4,3,5,3,2,0,1,0,0,0,1,404650.300999977975152,5760135.902999660000205,7.611557492000030,51.983703197000096,0,05220824702100374772
05,5,70,032,2022,08,16,1,3,2,2,0,0,1,0,0,0,0,421602.831465982017107,5765745.123774710111320,7.857070370000030,52.036776482999997,0,05220821711151979136
05,5,58,040,2022,08,07,6,3,5,3,0,0,1,0,0,0,0,381026.844390710990410,5765923.401233909651637,7.265705926000070,52.031158054000102,0,05220819706000994920
05,5,66,012,2022,08,15,6,3,2,6,0,0,1,0,0,0,0,405899.647683320974465,5769419.714832990430295,7.627191261000060,52.067362290000098,0,05220826702350049908
05,5,58,012,2022,08,22,3,2,8,1,2,1,0,0,0,0,0,374321.772587294981349,5756014.818862150423229,7.171647899000050,51.940636855000001,0,05220816706200284916
05,5,13,000,2022,08,19,4,3,5,2,0,0,0,0,1,0,1,369480.371999887982383,5715453.210999519564211,7.116488261000030,51.575018267000097,0,05220817700000908171
05,5,62,014,2022,08,06,6,2,3,6,0,0,1,0,0,0,0,361402.567966501985211,5713790.282585290260613,7.000648508000040,51.558146931000103,0,05220819702340591296
05,5,58,012,2022,08,12,5,3,5,3,0,0,1,0,0,0,0,373798.231999906012788,5757609.734999570064247,7.163450181000030,51.954850940000000,0,05220825706200076761
05,5,66,012,2022,08,19,4,3,5,7,0,0,1,0,0,0,0,403419.933999974979088,5772960.582999669946730,7.590024239000060,52.098761162000102,0,05220824709110994590
05,5,70,004,2022,08,14,7,3,5,3,0,0,1,0,1,0,0,423219.993999993021134,5732876.549999659880996,7.887958729000050,51.741533283000102,0,05220820711214687237
05,5,62,016,2022,08,08,4,3,2,6,0,0,1,0,0,0,0,374869.962854554003570,5731638.257811429910362,7.188431979000030,51.721695617000101,0,05220817701700995010
05,5,58,024,2022,08,19,2,2,2,6,0,1,1,0,0,0,0,386317.255951653991360,5737596.500996110029519,7.352134457000030,51.777683621999998,0,05220822706300994726
05,5,66,028,2022,08,16,6,3,2,2,0,0,1,0,0,0,0,412468.059016969986260,5791769.011290160007775,7.717224549000040,52.269324929000000,0,05220826709700994472
05,5,13,000,2022,08,06,3,3,2,6,0,0,1,0,0,0,0,365307.365999868023209,5715202.582999490201473,7.056400968000050,51.571784427000097,0,05220823700000277491
05,5,12,000,2022,08,21,7,3,6,2,2,0,1,1,0,0,0,357199.772999822976999,5710720.731999389827251,6.941307754000040,51.529516140000098,0,05220820701400994818
05,5,66,088,2022,08,08,6,3,2,6,0,0,1,0,0,0,0,415309.967999988002703,5785643.075999679975212,7.760397245000040,52.214707138000101,0,05220826709000038566
05,5,13,000,2022,08,07,3,3,2,6,0,0,1,0,0,0,0,368621.679999883985147,5712454.461999519728124,7.105224551000050,51.547869918000103,0,05220823700000120170
05,5,66,076,2022,08,15,5,3,5,3,0,1,1,0,0,0,0,391648.517999957024585,5792589.879999659955502,7.411966581000060,52.272994204000000,0,05220825709500176614
05,5,62,032,2022,08,14,2,3,5,3,0,1,1,0,0,0,0,375080.309999906981830,5719461.155999559909105,7.195829279000070,51.612306924000102,0,05220822701110994736
05,5,62,008,2022,08,17,4,3,5,2,0,1,1,0,0,0,0,385078.812999940011650,5723278.885999609716237,7.338912873000030,51.648749597000098,0,05220824701910725093
05,5,12,000,2022,08,07,3,3,5,3,0,1,1,0,0,0,0,355466.092214449017774,5717235.126985870301723,6.913653884000040,51.587611308000099,0,05220816701400871478
05,5,66,084,2022,08,00,1,3,8,1,2,0,1,0,0,0,0,387134.558914072986227,5778494.381795040331781,7.350536882000030,52.145411336000102,0,05220821709300574703
05,5,58,012,2022,08,05,5,3,5,2,2,0,1,0,0,0,0,373798.231999906012788,5757609.734999570064247,7.163450181000030,51.954850940000000,0,05220818706000994977
05,5,54,020,2022,08,23,6,3,0,7,2,0,1,1,0,0,0,365333.188400467974134,5786785.796523019671440,7.028817583000030,52.215028222000100,0,05220826705000421119
05,5,66,028,2022,08,07,4,1,2,6,0,0,0,0,0,1,1,409490.708553793025203,5791452.876714020036161,7.673688929000040,52.266001469000102,0,05220824702350207722
05,5,58,044,2022,08,16,2,3,2,6,0,0,1,0,0,0,0,397392.703224081022199,5751518.654211680404842,7.508484487000030,51.904958419000103,0,05220822702330591815
05,5,66,012,2022,08,11,6,3,4,6,0,1,0,0,0,0,0,403397.430999975011218,5772390.609999660402536,7.589857396000070,52.093634266999999,0,05220826709110994499
05,5,66,012,2022,08,05,4,2,1,6,0,0,1,0,0,0,0,409944.172999984002672,5772657.014999669976532,7.685323940000050,52.097133030000101,0,05220824709110994648
05,5,13,000,2022,08,14,6,3,3,6,0,0,1,0,0,0,1,366305.615080711024348,5711263.356803660281003,7.072294258000060,51.536621986999997,0,05220826700000171489
05,5,15,000,2022,08,08,3,3,5,2,0,1,1,0,0,0,0,405610.652999977988657,5752104.896999659948051,7.627742646000060,51.911680873000101,0,05220823702100574698
05,5,62,014,2022,08,13,4,2,9,1,0,1,0,0,0,0,0,361054.702565941028297,5714866.651043009944260,6.995208184000030,51.567733730999997,0,05220824701300373593
05,5,66,068,2022,08,20,7,3,3,1,0,1,0,0,0,0,0,375972.829608307976741,5784521.010753050446510,7.185296323000050,52.197174367000102,0,05220820709000425047
05,5,15,000,2022,08,07,2,3,3,1,0,1,0,0,0,0,0,403461.717769230017439,5758080.813221580348909,7.594833491000030,51.965026180000102,0,05220822702100076680
05,5,54,016,2022,08,12,5,3,5,3,0,0,1,0,1,0,0,361444.718753519002348,5759061.129441940225661,6.983205401000020,51.964952057000097,0,05220818705000472466
05,5,66,016,2022,08,17,3,3,0,1,0,1,0,0,0,0,0,404153.055159898998681,5793086.802710260264575,7.595032134000060,52.279782586000103,0,05220816709500995024
05,5,13,000,2022,08,08,6,3,5,2,0,0,0,0,0,1,1,367893.297999880975112,5710862.434999509714544,7.095323399000050,51.533392809000098,0,05220826700000689275
05,5,58,032,2022,08,13,3,3,0,1,0,1,0,0,0,0,0,386669.036049984977581,5754623.862840020097792,7.351647991000050,51.930787886000097,0,05220816706100320160
05,5,58,032,2022,08,17,4,2,2,1,0,0,1,0,0,0,0,389948.345695168012753,5752168.049578299745917,7.400108767000060,51.909374143000001,0,05220817706000179121
05,5,66,084,2022,08,18,3,3,5,3,0,0,1,0,0,0,0,390112.490999953995924,5774868.026999640278518,7.395210476000050,52.113420943000101,0,05220823709300994670
05,5,66,016,2022,08,23,7,3,6,7,2,1,0,1,0,0,0,403678.526999976020306,5793501.517999669536948,7.587960075000070,52.283427015000001,0,05220820709500994827
05,5,62,024,2022,08,16,2,3,2,6,0,0,1,0,1,0,0,367605.945191672013607,5723485.911928740330040,7.086420933000060,51.646767410000102,0,05220822701500994729
05,5,12,000,2022,08,16,3,3,5,2,0,0,1,0,1,0,0,359486.687999836984091,5719145.604999420233071,6.970886258000060,51.605795678000000,0,05220823701400089552
05,5,70,048,2022,08,15,3,2,8,1,0,0,1,0,0,0,0,449353.587145727011375,5735279.276489419862628,8.266071775000061,51.766106893000000,0,05220816711321181365
05,5,66,040,2022,08,07,4,3,2,6,0,0,1,0,0,0,0,419935.369764322007541,5782324.292772250249982,7.828867679000040,52.185566945000097,0,05220817709800068098
05,5,66,012,2022,08,19,1,3,4,2,0,0,1,0,0,0,0,406277.993999978993088,5772327.193999670445919,7.631910280000060,52.093559650000003,0,05220821709110087267
05,5,66,076,2022,08,13,5,3,1,5,0,1,1,0,0,0,0,395195.574362456973176,5791652.279284380376339,7.464224034000040,52.265255261000000,0,05220825709500994552
05,5,54,008,2022,08,14,4,3,5,2,0,0,1,0,0,0,1,331677.496738172019832,5745360.384552340023220,6.556994841000060,51.833665422000102,0,05220824705000221081
05,5,66,076,2022,08,14,3,3,5,3,0,1,1,0,0,0,0,392639.335999958973844,5790728.120999660342932,7.427074681000020,52.256456640000103,0,05220816709500995049
05,5,15,000,2022,09,16,6,2,0,2,0,1,0,0,0,0,1,405158.045207036018837,5757223.358268099837005,7.619753402000070,51.957611020999998,0,05220902702100491714
05,5,62,014,2022,08,00,1,3,1,5,2,0,1,0,0,0,1,361926.904609731980599,5711602.092305029742420,7.009066235000030,51.538611966000097,0,05220828701300041218
05,5,62,032,2022,09,13,3,3,0,1,0,1,0,0,0,0,0,373748.945999905001372,5719181.706999549642205,7.176711938000040,51.609498527000000,0,05220906701110491788
05,5,15,000,2022,08,17,3,3,5,3,0,0,1,0,1,0,0,402687.705999974976294,5754820.392999649979174,7.584494190000040,51.935585635999999,0,05220830702100172721
05,5,62,016,2022,09,13,6,3,2,6,0,0,1,0,0,0,0,375062.176999909977894,5733623.126999570056796,7.190500896000060,51.739576267000103,1,05220909701700453350
05,5,15,000,2022,08,12,4,3,2,6,0,0,1,0,0,0,0,405958.113999977998901,5751789.555999659933150,7.632878655000070,51.908905195999999,0,05220831702100055909
05,5,62,014,2022,09,12,2,3,2,6,0,0,0,0,0,0,1,361201.515706892998423,5714494.795270860195160,6.997471960000040,51.564428344000099,0,05220905701300780909
05,5,62,020,2022,08,07,3,2,6,6,0,1,0,1,0,0,0,371475.241999893973116,5719193.664999539963901,7.143889645000060,51.609091569000000,0,05220830701200993597
05,5,58,012,2022,08,07,2,3,0,2,0,0,0,0,1,0,0,376060.030999912996776,5754870.600999579764903,7.197334509000030,51.930744130000100,0,05220829706000349804
05,5,15,000,2022,09,10,3,3,1,6,0,0,1,0,0,0,0,403797.732735180004966,5761159.098643699660897,7.598859709000070,51.992752988000099,0,05220906702100572453
05,5,15,000,2022,09,19,6,3,7,7,0,1,0,0,0,0,0,400893.086426261987071,5759559.945553460158408,7.557031283000070,51.977868849000103,0,05220902702100079138
05,5,15,000,2022,09,07,5,3,0,7,0,1,0,1,0,0,0,404663.981421153002884,5758534.869074829854071,7.612201426000070,51.969314885000102,0,05220901702100991782
05,5,12,000,2022,08,14,7,3,5,2,0,0,1,0,0,0,0,356681.826999821001664,5708715.571999380365014,6.934661467000070,51.511366856999999,0,05220827701400994435
05,5,70,020,2022,09,07,4,3,0,2,0,1,1,0,0,0,0,427584.354999996023253,5742993.674999659880996,7.949046361000060,51.833064975000099,1,05220907711421896892
05,5,15,000,2022,09,07,4,3,7,7,0,1,1,0,0,0,0,408738.769863001012709,5760550.718818220309913,7.670963990000080,51.988118483000100,1,05220907702100072345
05,5,66,012,2022,09,11,2,3,5,3,0,1,1,0,0,0,0,400779.270892888016533,5776336.158710409887135,7.550502460000080,52.128633254000100,0,05220905709110856195
05,5,62,012,2022,09,04,1,3,2,6,2,0,1,0,0,0,0,358405.426711259002332,5733188.499366460368037,6.949591508000030,51.731710378999999,0,05220904702340370606
05,5,15,000,2022,09,09,3,3,5,2,0,0,1,0,0,0,1,405249.460270596027840,5750531.520033890381455,7.622925774000070,51.897477238000100,0,05220906702100479192
05,5,62,004,2022,09,02,6,2,0,1,2,0,1,0,0,0,0,383194.289332818996627,5713581.901677790097892,7.314916487000060,51.561207984000099,0,05220902701800485483
05,5,58,016,2022,09,18,5,2,2,6,0,0,1,0,0,1,0,379961.975884875981137,5745156.687387960031629,7.257438363000060,51.844300740999998,0,05220901702330080977
05,5,70,028,2022,09,10,4,2,0,1,0,1,0,0,0,0,0,445445.051192426995840,5739570.203449609689415,8.208763292000070,51.804316949000103,0,05220907711411157428
05,5,62,032,2022,09,08,6,3,5,2,0,0,1,0,0,0,0,377852.721999917994253,5715092.563999569974840,7.237370305000070,51.573653336000099,0,05220909701120085456
05,5,66,088,2022,09,06,5,3,2,2,1,1,0,0,0,1,0,414490.544298279972281,5786387.490586999803782,7.748218353000030,52.221271725000101,1,05220908709800081124
05,5,54,016,2022,08,14,7,3,1,1,0,0,1,0,0,0,0,364829.858672139002010,5754439.545986830256879,7.034264248000060,51.924257054000101,0,05220827702340887450
05,5,58,024,2022,09,07,5,3,0,1,0,0,0,0,1,0,0,392175.594999957014807,5736410.287999629974365,7.437386172000060,51.768181356000099,1,05220908706300764175
05,5,62,036,2022,09,22,7,3,0,1,2,0,0,0,1,0,0,385509.215661589987576,5719678.731531959958375,7.346308547000040,51.616480038000098,0,05220903701930374176
05,5,62,036,2022,09,16,3,2,5,3,0,0,1,0,0,0,1,390573.519999952986836,5720425.503999619744718,7.419192837000030,51.624199438000097,0,05220906701930357886
05,5,15,000,2022,09,20,6,3,5,2,1,1,1,0,0,0,0,401203.186997247976251,5753700.115270240232348,7.563229301000040,51.925254745000103,0,05220902702100479187
05,5,15,000,2022,09,22,7,3,8,1,2,1,0,0,0,0,0,405215.172696674009785,5761561.297935470007360,7.619386312000070,51.996611827000002,0,05220903702100774642
05,5,66,008,2022,09,11,7,3,5,3,0,1,1,0,0,0,0,403657.956999976013321,5778863.934999669902027,7.591826245000050,52.151862294000097,0,05220903709110994060
05,5,70,016,2022,08,13,2,2,8,1,0,0,1,0,0,0,0,409399.342540421988815,5742474.019065699540079,7.685334443000040,51.825740162999999,0,05220829711222286957
05,5,58,012,2022,09,15,3,2,6,7,0,1,0,1,0,0,0,370724.483779387024697,5755564.669107659719884,7.119514188000040,51.935767591999998,0,05220906706000652435
05,5,54,004,2022,09,15,6,3,4,2,0,0,1,0,1,0,0,361850.302999852981884,5770641.677999460138381,6.984432426000070,52.069108585999999,0,05220902705000296682
05,5,62,024,2022,08,14,3,3,0,7,0,0,1,0,0,0,0,364566.026895422022790,5724395.856877760030329,7.042157932000070,51.654220436000102,0,05220830701500994276
05,5,62,020,2022,08,10,4,3,6,4,0,0,0,1,0,1,0,371370.917122662998736,5717750.191085680387914,7.142913298000050,51.596095474999998,0,05220831701200575292
05,5,66,032,2022,09,20,1,3,0,1,1,1,0,0,0,0,0,413590.202493578020949,5776931.241237759590149,7.737450974000070,52.136133766999997,0,05220904709800796557
05,5,62,024,2022,09,08,4,2,0,1,0,1,0,0,0,0,0,369735.096999889006838,5727918.948999529704452,7.115524190000030,51.687102659000097,1,05220907701500549574
05,5,15,000,2022,09,14,6,3,8,1,0,0,1,0,0,0,0,403974.377424396981951,5757465.119301400147378,7.602465264000050,51.959580905000102,0,05220909702100050181
05,5,58,012,2022,09,10,1,2,0,1,0,1,0,0,0,0,0,370110.584999890008476,5747114.327999539673328,7.113773095000060,51.859687932999996,0,05220904706000296581
05,5,62,008,2022,09,09,7,3,0,7,0,0,0,1,0,0,1,382609.583048035972752,5723105.059210279956460,7.303297292000020,51.646677193000102,0,05220903701910348653
05,5,58,012,2022,09,14,5,3,2,1,0,0,1,0,0,0,0,374065.494999906979501,5755971.272999569773674,7.167937606000070,51.940187589000097,0,05220908706000596668
05,5,66,084,2022,08,20,1,3,6,2,0,0,1,1,0,0,0,385937.041999944020063,5779354.169999630190432,7.332755186000040,52.152892190999999,0,05220828709300994379
05,5,54,044,2022,09,08,6,3,0,1,0,1,0,0,0,0,0,366254.621999874012545,5741214.319999500177801,7.060091956000060,51.805759336000101,0,05220902705000138824
05,5,13,000,2022,09,11,4,2,0,7,0,1,0,0,0,0,0,365683.340999869978987,5717538.266999489627779,7.060929412000060,51.592863628000003,0,05220907700000620537
05,5,15,000,2022,09,07,1,3,0,1,0,0,0,0,0,0,1,405960.617458650027402,5757873.722287859767675,7.631251659000040,51.963593096000103,0,05220904702100068386
05,5,66,028,2022,08,17,3,3,5,3,0,1,1,0,0,0,0,410805.397999983979389,5788369.446999680250883,7.693763180000080,52.238501687000102,0,05220830709700042796
05,5,13,000,2022,08,19,3,3,2,6,0,0,1,0,0,0,0,368676.447999882977456,5707396.866999519988894,7.107899347000060,51.502431190000003,0,05220830700000779621
05,5,54,020,2022,09,14,4,3,5,2,0,0,1,0,0,0,0,364567.733803881972563,5786238.672348390333354,7.017839404000030,52.209924565000101,0,05220907705000703147
05,5,66,020,2022,08,13,1,2,8,1,0,0,0,0,1,0,0,406280.876999981002882,5812041.601999689824879,7.620917374000040,52.450511478000102,0,05220828709700045589
05,5,54,040,2022,08,14,4,3,9,1,0,0,1,0,0,0,0,351444.708455724001396,5737349.444654810242355,6.847091857000070,51.767295230999999,0,05220831705000066228
05,5,54,040,2022,09,15,5,3,5,3,0,0,1,0,0,0,0,351281.105528805986978,5739371.204312450252473,6.843856722000060,51.785417174000003,0,05220901705000647429
05,5,70,052,2022,09,16,2,3,4,6,0,1,0,0,1,0,0,430453.104756578977685,5757012.702156020328403,7.987844785000050,51.959456654000100,0,05220905711111896534
05,5,66,008,2022,08,16,2,3,3,1,0,1,0,0,0,0,1,398608.331519930972718,5780028.221872770227492,7.517697357000030,52.161422501000096,0,05220829709110994340
05,5,15,000,2022,09,15,6,3,3,2,0,1,1,0,0,0,0,404667.343146357976366,5759980.128367830067873,7.611848865000070,51.982305966000098,0,05220902702100476722
05,5,13,000,2022,09,09,5,3,5,2,0,1,1,0,0,0,0,368003.341999881027732,5713410.306999510154128,7.095953286000050,51.556315488000102,0,05220901700000489346
05,5,66,076,2022,09,12,5,3,5,2,0,1,1,0,0,0,0,393190.497999958985019,5793312.537999659776688,7.434328219000070,52.279790567000099,1,05220908709500655981
05,5,66,028,2022,09,13,3,3,3,6,0,0,1,0,0,0,1,410548.115276474971324,5793994.787077150307596,7.688505264000070,52.289021618000000,0,05220906709700993745
05,5,62,008,2022,09,12,4,2,6,4,0,0,1,1,0,0,0,385078.585999939998146,5723726.121999610215425,7.338762628000040,51.652769179000103,0,05220907701910175476
05,5,13,000,2022,09,10,6,2,3,2,0,1,1,0,0,0,0,368575.525041820015758,5707584.872149770148098,7.106376060000060,51.504097297000001,0,05220909700000889525
05,5,62,032,2022,09,21,7,3,9,1,2,0,1,0,0,0,0,375350.790634711971506,5714891.919467380270362,7.201356673000020,51.571302473000102,0,05220903701120395982
05,5,62,004,2022,09,13,3,3,2,6,0,0,1,0,0,0,0,383198.388746230979450,5713638.166928369551897,7.314956904000040,51.561714530000103,0,05220906701800955645
05,5,54,016,2022,09,07,6,3,5,3,0,1,1,0,0,0,0,363517.393999860971235,5758274.719999480061233,7.013667750000020,51.958398383000002,0,05220902705000665394
05,5,15,000,2022,09,15,5,3,2,6,0,1,0,0,0,0,0,403685.045521062973421,5755654.834400120191276,7.598763097000070,51.943259404000102,0,05220901702100070631
05,5,66,080,2022,09,15,2,3,4,2,0,0,1,0,0,0,0,404298.520069980993867,5781815.548709220252931,7.600353695000020,52.178502848000100,0,05220905709110696847
05,5,58,016,2022,09,15,7,3,0,1,0,1,0,0,0,0,0,381272.485149040003307,5742259.561931310221553,7.277447245000080,51.818544060000100,0,05220903706100385357
05,5,66,044,2022,09,12,3,3,8,6,0,0,0,0,0,1,1,423752.696999991021585,5774394.751999679952860,7.886473111000040,52.114829053999998,0,05220906709800870347
05,5,62,014,2022,09,06,5,3,5,3,0,0,1,0,0,0,0,360459.483999844989739,5714953.789999430067837,6.986591082000070,51.568369789000002,0,05220901701300185489
05,5,66,016,2022,08,19,7,3,9,1,0,0,0,0,1,0,0,406660.582314941973891,5790496.533290619961917,7.632493733000050,52.256932808000002,0,05220827709500491846
05,5,54,004,2022,09,15,5,3,4,6,0,1,0,0,0,0,0,362800.505568096996285,5771745.648116770200431,6.997842586000050,52.079264329000097,0,05220908705000994011
05,5,62,032,2022,09,15,4,3,3,6,0,0,1,0,0,0,0,374906.449999908974860,5719627.686999560333788,7.193260188000070,51.613764947000000,0,05220907701110451306
05,5,15,000,2022,09,06,2,3,5,3,1,1,1,0,0,0,0,405828.904999979014974,5759024.385999660007656,7.629019549000080,51.973913461999999,0,05220905702100573308
05,5,66,012,2022,09,23,7,3,3,1,2,1,0,0,0,0,0,400589.459622555004898,5776677.821577900089324,7.547630641000070,52.131669965000100,0,05220903709110796522
05,5,62,036,2022,08,19,2,3,0,1,0,0,0,0,1,0,0,384634.037620106013492,5720031.291988329961896,7.333557232000030,51.619470069000002,0,05220829701930473490
05,5,66,092,2022,09,14,3,3,0,7,0,0,0,0,0,0,1,423315.367022739024833,5796723.226793159730732,7.875027949000070,52.315477041000101,0,05220906709700994028
05,5,15,000,2022,08,07,3,3,2,6,0,0,1,0,0,0,0,403537.441899910976645,5759746.794057129882276,7.595467147000020,51.980013655999997,0,05220830702100168375
05,5,62,014,2022,09,11,5,2,2,6,0,0,1,0,0,0,1,356514.607798777986318,5714955.134294410236180,6.929709959000040,51.567391870999998,1,05220908702340996604
05,5,62,014,2022,08,13,2,3,3,6,0,0,1,0,0,0,0,360921.762999846017919,5715850.626999439671636,6.992901796000070,51.576543061000102,0,05220829701300573593
05,5,54,028,2022,08,23,7,2,8,1,2,0,1,0,0,0,0,356181.338231340982020,5746105.185644510202110,6.912053360000070,51.847204820999998,0,05220827705000994423
05,5,62,032,2022,09,15,5,3,2,6,0,0,1,0,0,0,0,374503.463304242002778,5716451.271270300261676,7.188579382000060,51.585128570999998,0,05220908702340587253
05,5,66,084,2022,09,16,1,2,5,2,0,0,0,0,1,1,0,393829.352999960014131,5779034.532999649643898,7.448168546000030,52.151593366000000,0,05220904709300079088
05,5,62,032,2022,09,16,4,3,3,7,0,0,1,0,0,0,0,375499.761999911977910,5719646.737999560311437,7.201818135000050,51.614067687999999,0,05220907701110285428
05,5,70,020,2022,09,05,2,3,5,2,1,0,1,0,0,0,0,432769.199213258980308,5745286.870371599681675,8.023834888000071,51.854328748999997,0,05220905711421594425
05,5,62,004,2022,09,01,1,2,5,3,2,0,1,0,0,0,0,382168.390796133026015,5720857.787846329621971,7.297680090000030,51.626387461000000,0,05220904701910008065
05,5,70,004,2022,09,18,5,3,2,6,0,0,1,0,0,0,0,425809.062901237979531,5735735.831659460440278,7.924839933000040,51.767586295999998,0,05220908711213094319
05,5,66,056,2022,09,18,7,2,0,1,0,1,0,0,0,0,0,416562.677999990002718,5797946.659999679774046,7.775685289000020,52.325488976000003,0,05220903709700993750
05,5,54,020,2022,09,16,3,3,5,3,0,1,1,0,0,0,0,365557.250999872980174,5786711.515999509952962,7.032124702000030,52.214415504000002,0,05220906705000564191
05,5,66,040,2022,09,17,6,2,2,6,0,0,1,0,1,0,0,420503.955431928974576,5784959.234789179638028,7.836564386000020,52.209334163999998,0,05220902702350376655
05,5,70,016,2022,08,18,3,3,5,3,0,1,1,0,0,0,0,412126.455756800016388,5739769.587125529535115,7.725581640000030,51.801865583000101,0,05220830711221076718
05,5,13,000,2022,09,00,5,3,0,7,2,0,1,0,0,0,0,365830.605999869992957,5714379.425999489612877,7.064260897000050,51.564511897999999,0,05220908700000395147
05,5,58,004,2022,08,15,4,3,3,7,0,0,1,0,0,0,1,407687.375703481025994,5740021.322069659829140,7.661153722000050,51.803413145000000,0,05220831706300994231
05,5,66,076,2022,09,14,5,3,5,3,0,1,1,0,0,0,0,396228.881999965000432,5788360.912999659776688,7.480371353000070,52.235870352000099,0,05220901709500374669
05,5,58,008,2022,09,13,1,2,9,6,0,0,0,0,1,0,0,383671.478229637024924,5759392.095244360156357,7.306456059000030,51.973022096000101,0,05220904706000020577
05,5,66,076,2022,09,07,2,3,5,2,0,1,1,0,0,0,0,393143.894999959971756,5793428.824999660253525,7.433608507000030,52.280826600000097,0,05220905709500376632
05,5,66,032,2022,09,16,7,2,2,6,0,0,1,0,0,0,1,412684.012029065983370,5776995.577965510077775,7.724197475000040,52.136569592000100,0,05220903702350291294
05,5,12,000,2022,09,10,5,3,5,3,0,0,1,0,0,0,0,356688.816637171024922,5708708.840564370155334,6.934764859000040,51.511308142000097,1,05220908701400861166
05,5,62,012,2022,08,22,2,2,5,2,2,0,1,0,1,0,0,357981.038865634007379,5724875.421477730385959,6.946834455000040,51.656904697000101,0,05220829701610994318
05,5,66,016,2022,09,16,6,2,5,3,0,1,1,0,0,0,0,406783.035999979998451,5790245.607999670319259,7.634356517000070,52.254698251000001,0,05220902709500079091
05,5,66,076,2022,08,08,3,3,5,2,0,0,1,0,0,0,0,393489.103999960992951,5792886.958999659866095,7.438838015000040,52.276023747000103,0,05220830709500512546
05,5,66,012,2022,09,11,4,2,5,3,0,0,1,0,0,0,0,402869.065999973972794,5768826.835999660193920,7.583161862000050,52.061510269000102,0,05220907709110696565
05,5,62,032,2022,08,17,1,3,2,2,0,0,0,0,1,0,0,373663.977999904018361,5719937.571999560110271,7.175213070000040,51.616272418999998,0,05220828701110163436
05,5,62,004,2022,08,18,4,3,2,6,0,0,1,0,0,0,0,383087.377706609026063,5717645.851896650157869,7.312021865000080,51.597711409000098,0,05220831701800081323
05,5,54,048,2022,09,12,5,3,5,2,0,1,1,0,0,0,0,344195.377618226979394,5738455.167261480353773,6.741622319000040,51.775259153000000,0,05220901705000479121
05,5,66,056,2022,09,13,1,3,0,7,0,0,1,1,0,0,0,417366.629872045014054,5793194.139598749577999,7.788645683000030,52.282892693000100,0,05220904709700993172
05,5,66,060,2022,09,06,2,3,5,3,1,1,1,0,0,0,0,389218.797999952977989,5790508.186999649740756,7.377054501000030,52.253801972000097,0,05220905709500696952
05,5,66,060,2022,09,13,3,1,5,3,0,0,1,0,0,0,1,390794.252968214976136,5785591.878752949647605,7.401713073000050,52.209933582000097,0,05220906709500079230