ULAND,UREGBEZ,UKREIS,UGEMEINDE,UJAHR,UMONAT,USTUNDE,UWOCHENTAG,UKATEGORIE,UART,UTYP1,ULICHTVERH,IstRad,IstPKW,IstFuss,IstKrad,IstGkfz,IstSonstige,LINREFX,LINREFY,XGCSWGS84,YGCSWGS84,STRZUSTAND,UIDENTSTLAE
05,5,15,000,2022,09,07,5,3,7,1,0,1,0,0,0,0,0,404659.849999976984691,5758306.589999659918249,7.612204696000050,51.967262320000003,0,05220901702100879167
05,5,15,000,2022,08,16,3,3,5,3,0,1,0,0,0,0,1,406673.423488817992620,5756102.294431179761887,7.642104600000040,51.947790738000002,0,05220830702100074754
05,5,54,040,2022,09,11,2,2,5,7,0,0,1,0,0,1,0,352898.906296240980737,5734979.754508860409260,6.869153545000070,51.746387260000098,0,05220905705000728447
05,5,62,020,2022,09,18,6,2,5,3,0,0,1,0,0,0,0,371426.601999895006884,5715576.982999539934099,7.144512773000030,51.576577842000098,1,05220909701200181316
05,5,66,072,2022,08,18,4,3,4,3,0,1,1,0,0,0,0,412773.548999985971022,5802129.451999680139124,7.719014117000030,52.362495496000101,0,05220831709700976667
05,5,62,014,2022,09,11,3,3,5,2,0,1,0,0,0,0,1,361470.422999849019106,5713606.211999439634383,7.001699234000060,51.556509510000097,0,05220906701300486669
05,5,15,000,2022,08,09,3,3,0,6,0,0,1,0,0,0,0,403700.192999976978172,5759585.670999660156667,7.597881321000050,51.978593666999998,0,05220830702100991740
05,5,58,016,2022,09,20,4,2,2,6,1,0,1,0,0,0,0,380663.204163009999320,5745485.936728670261800,7.267499252000050,51.847410051000097,0,05220907702330391800
05,5,15,000,2022,08,08,4,3,5,3,0,1,1,0,0,0,0,403941.830999976024032,5758259.219999659806490,7.601769633000060,51.966712927000103,0,05220831702100076680
05,5,58,016,2022,09,06,2,3,2,6,1,0,0,0,0,1,1,382917.269072050985415,5746540.700993929989636,7.299850214000060,51.857366739000000,0,05220905702330391119
05,5,15,000,2022,09,03,7,2,3,3,2,0,1,0,0,0,1,407061.587999980023596,5757345.232999660074711,7.647414494000030,51.959027910000003,0,05220903702100474771
05,5,54,064,2022,09,08,3,3,0,7,0,1,0,0,0,0,0,355816.845999818004202,5750157.234999369829893,6.905074135000060,51.883519102000001,0,05220906705000652632
05,5,13,000,2022,09,16,6,3,5,6,0,0,0,0,0,0,1,365393.147767112008296,5715682.620545079931617,7.057454083000040,51.576118743999999,0,05220902700000789634
05,5,54,040,2022,09,12,5,3,2,6,0,0,1,0,0,0,0,351659.558999791974202,5737262.238999299705029,6.850240407000060,51.766568653000000,0,05220901705000173906
05,5,66,012,2022,08,13,7,3,5,2,0,1,1,0,0,0,0,404396.637999976985157,5772429.479999669827521,7.604427571000030,52.094157172000102,0,05220827709110994440
05,5,12,000,2022,08,19,1,3,5,3,0,1,0,0,0,0,1,356969.621105738973711,5709681.007541749626398,6.938414181000040,51.520115068000102,0,05220828701400677687
05,5,62,012,2022,09,11,3,3,1,3,0,1,1,0,0,0,0,359826.600387018988840,5725043.433663729578257,6.973430240000030,51.658877695000101,0,05220906701610871853
05,5,13,000,2022,09,20,5,3,8,7,2,0,1,0,0,0,0,363004.438999856007285,5711323.379999459721148,7.024702142000020,51.536369910000097,0,05220901700000071568
05,5,62,024,2022,08,23,2,3,0,7,2,1,0,0,0,0,0,370974.978444521024358,5724862.249334920197725,7.134579802000080,51.659919339000098,0,05220829701500775471
05,5,58,012,2022,09,21,2,3,5,2,2,1,1,0,0,0,0,374261.448952489008661,5754852.293395530432463,7.171195718000040,51.930176224000000,0,05220905706200879103
05,5,12,000,2022,09,06,6,3,5,2,1,0,1,0,0,0,0,360245.054222067003138,5711388.852311619557440,6.984915626000030,51.536281879000100,1,05220909701400394387
05,5,66,004,2022,09,17,7,3,8,1,0,1,0,0,0,0,0,395712.384763322013896,5765948.127969539724290,7.479685024000050,52.034336304000099,0,05220903709110142542
05,5,66,076,2022,08,07,4,3,5,3,0,1,1,0,0,0,0,396715.310032478999346,5787235.891853869892657,7.487835590000030,52.225850728000097,0,05220831709500994258
05,5,70,020,2022,09,06,7,3,0,2,0,0,1,0,0,0,1,438744.028936212998815,5748236.402048069983721,8.110052040000030,51.881533053000098,0,05220903711422594425
05,5,15,000,2022,09,12,3,3,5,2,0,1,1,0,0,0,0,405158.727999978989828,5756934.425999660044909,7.619843095000020,51.955014095000102,0,05220906702100542443
05,5,70,016,2022,09,11,6,3,5,3,0,1,0,0,0,0,1,413386.471999987028539,5738990.321999659761786,7.744045378000070,51.795057286000002,0,05220902711221490739
05,5,12,000,2022,08,17,4,3,0,3,0,0,1,0,0,0,0,355618.863999812980182,5708982.120999369770288,6.919244917000070,51.513491390000098,0,05220831701400548560
05,5,70,032,2022,09,09,4,3,8,1,0,0,1,0,0,0,0,422614.197585355024785,5765387.245091830380261,7.871892654000020,52.033701530000002,0,05220907711151976143
05,5,13,000,2022,08,12,2,2,2,6,0,0,1,0,0,0,1,363790.883999861020129,5710461.700999470427632,7.036367778000060,51.528816829999997,0,05220829700000071568
05,5,54,052,2022,08,18,4,3,4,1,0,0,1,0,0,0,1,377844.900317566993181,5770410.639786420390010,7.217741908000050,52.070791075999999,0,05220831705000351911
05,5,66,076,2022,09,10,3,3,5,3,0,1,1,0,0,0,0,391557.197155715024564,5792453.520477199926972,7.410672552000050,52.271750726000100,0,05220906709500076614
05,5,58,036,2022,09,16,6,2,4,2,0,0,1,0,1,0,0,384694.976999939011876,5729482.819999610073864,7.331318859000020,51.704429758000103,0,05220902706300609883
05,5,54,068,2022,08,14,3,2,2,2,0,0,1,0,0,0,0,353580.253814151976258,5768118.398388460278511,6.864944241000050,52.044313537000100,0,05220830705000621108
05,5,62,012,2022,09,15,2,3,2,6,0,0,1,0,0,0,0,361917.383999851997942,5736290.285999449901283,6.999182345000070,51.760458655000001,0,05220905701610485352
05,5,58,012,2022,09,08,1,3,5,3,0,0,1,0,0,0,0,374065.108999908028636,5755988.597999569959939,7.167925649000040,51.940343192000100,0,05220904706200995002
05,5,58,024,2022,08,15,7,2,2,6,0,0,0,0,1,0,0,391551.633802986994851,5738759.412376309745014,7.427613374000030,51.789174557000102,0,05220827706300409883
05,5,15,000,2022,08,20,2,2,0,1,0,1,0,0,0,0,0,403974.212387540028431,5757779.984173430129886,7.602374836000020,51.962410990000102,0,05220829702100079200
05,5,66,028,2022,09,17,3,3,8,2,0,0,1,0,1,0,0,410902.022999982000329,5797449.542999680154026,7.692778275000020,52.320130984000102,0,05220906709700591070
05,5,66,084,2022,09,12,6,3,2,6,0,0,1,0,0,0,0,391141.786688223015517,5772661.384759799577296,7.410941120000070,52.093792689000097,0,05220902709110379150
05,5,62,036,2022,09,15,4,3,5,2,0,1,1,0,0,0,0,389586.440999950980768,5719098.195999619551003,7.405357394000020,51.612076704000103,0,05220907701930973490
05,5,15,000,2022,08,18,4,3,4,4,0,1,0,1,0,0,0,406083.668727917014621,5756735.982483689673245,7.633353173000050,51.953387367000097,0,05220831702100374735
05,5,66,068,2022,09,16,2,3,5,3,0,0,1,0,0,0,0,374440.571906124998350,5784073.861165439710021,7.163055194000040,52.192809449000002,0,05220905709300041172
05,5,58,016,2022,09,12,3,2,0,7,0,1,0,0,0,0,0,381190.667114945012145,5750974.985484000295401,7.273264239000070,51.896853032000102,0,05220906706000389265
05,5,54,020,2022,09,17,5,3,5,2,0,1,1,0,0,0,0,366128.000999874027912,5782699.403999510221183,7.042058871000050,52.178504041000103,0,05220901705000672427
05,5,66,028,2022,08,09,2,3,0,1,0,0,0,0,0,0,1,412850.478999986022245,5793231.491999680176377,7.722449420000030,52.282530885000000,0,05220829709700053150
05,5,62,020,2022,09,13,1,3,5,2,0,1,1,0,0,0,0,371187.035982199013233,5717984.796987949870527,7.140173870000070,51.598161822000101,0,05220904701200995081
05,5,15,000,2022,09,00,5,2,2,6,2,0,0,0,0,1,0,405033.991362999018747,5767728.933300290256739,7.615036542000040,52.052017399000100,0,05220901702350142439
05,5,70,048,2022,08,05,4,2,5,3,2,0,1,0,0,0,0,443809.644854201003909,5731368.747769550420344,8.186373524000031,51.730420549000002,0,05220831711321749811
05,5,70,008,2022,09,12,3,3,5,3,0,1,1,0,0,0,0,434301.565425583976321,5734059.216490790247917,8.048209058000049,51.753574466000003,0,05220906711312553526
05,5,15,000,2022,09,12,4,3,0,3,0,1,0,0,0,0,0,408606.291048569022678,5756446.636891949921846,7.670127856000020,51.951206835999997,0,05220907702100770512
05,5,62,032,2022,09,15,6,3,5,3,0,1,1,0,0,0,0,373494.683999904023949,5719991.912999549880624,7.172749522000060,51.616722758999998,1,05220909701110095075
05,5,12,000,2022,08,12,4,3,5,2,0,0,1,0,0,0,0,356407.216461365984287,5710088.687427730299532,6.930147433000060,51.523635716999998,0,05220831701400181305
05,5,62,032,2022,08,13,3,3,5,2,0,1,0,0,0,0,1,373663.977999904018361,5719937.571999560110271,7.175213070000040,51.616272418999998,0,05220830701110994281
05,5,70,008,2022,09,10,5,2,5,3,0,1,1,0,0,0,0,433147.280256876023486,5734075.632680269889534,8.031486014000050,51.753585465000100,1,05220908711312987401
05,5,62,016,2022,08,05,2,2,1,5,2,0,1,0,1,0,0,374388.312999907997437,5738494.301999569870532,7.178985681000030,51.783201837000000,0,05220829701700775302
05,5,13,000,2022,09,16,3,3,5,3,0,0,1,0,1,0,0,369027.462999886018224,5708130.962999519892037,7.112681171000080,51.509109841000097,0,05220906700000277988
05,5,62,032,2022,09,08,6,2,5,2,0,0,1,0,0,0,1,375867.056999912019819,5715011.306999569758773,7.208760101000050,51.572489338000103,0,05220902701120377848
05,5,15,000,2022,09,17,5,3,5,2,0,1,1,0,0,0,0,405627.464999978023116,5758065.369999660179019,7.626351444000020,51.965259254000003,0,05220901702100272345
05,5,66,080,2022,08,15,7,2,8,1,0,1,0,0,0,0,0,406775.115557170007378,5779225.730897950008512,7.637274384000020,52.155649230000101,0,05220827709110570536
05,5,66,028,2022,09,10,5,2,9,1,0,0,1,0,0,0,0,408597.095214108005166,5791878.320923020131886,7.660482639000070,52.269677604999998,1,05220908702350005026
05,5,62,020,2022,08,18,1,2,0,1,0,0,0,0,1,0,0,367702.522999880020507,5718979.952999509871006,7.089518128000070,51.606297226999999,0,05220828701200565420
05,5,62,004,2022,09,14,6,3,5,2,0,1,1,0,0,0,0,383140.897999935026746,5713249.564999599941075,7.314257069000060,51.558209968000000,0,05220902701800825407
05,5,54,004,2022,09,18,5,3,5,3,0,0,1,0,1,0,0,363810.052346767974086,5772206.772497899830341,7.012381202000030,52.083656964000099,0,05220901705000370577
05,5,58,028,2022,09,13,5,3,5,3,0,0,1,0,1,0,0,397317.433999966015108,5733540.421999639831483,7.512722794000070,51.743352858000002,1,05220908706300876763
05,5,66,052,2022,08,10,1,3,2,1,0,0,1,0,0,0,1,379316.871999925002456,5779346.307999609969556,7.236040035000030,52.151414441000000,0,05220828709300540735
05,5,15,000,2022,08,07,3,2,5,3,0,1,1,0,0,0,0,407900.285940631991252,5760299.800359830260277,7.658824144000050,51.985724701999999,0,05220830702100560729
05,5,62,012,2022,09,23,4,3,1,5,2,0,1,0,0,0,0,360544.172420954972040,5726355.344725520350039,6.983274123000060,51.670844896000098,0,05220907701610895159
05,5,54,020,2022,09,23,2,3,2,6,2,0,1,0,0,0,0,367023.460999878996518,5786216.405999519862235,7.053767025000070,52.210322519000002,0,05220905705000581393
05,5,70,004,2022,09,15,5,2,3,6,0,1,0,0,0,0,0,423778.742477090971079,5736187.210979229770601,7.895323698000030,51.771371285999997,0,05220901711211186957
05,5,54,056,2022,09,01,1,2,8,1,2,0,1,0,0,0,0,358871.059701339981984,5761409.389368729665875,6.944803748000030,51.985404312000099,0,05220904705000696575
05,5,13,000,2022,09,15,7,3,5,3,0,0,1,0,0,0,1,364668.008999864978250,5716645.993999480269849,7.046624681000030,51.584602361000101,0,05220903700000175986
05,5,62,032,2022,09,20,6,3,5,3,2,1,1,0,0,0,0,376156.326999911980238,5715283.377999570220709,7.212836166000050,51.574998122000103,0,05220902701120385385
05,5,62,028,2022,08,23,3,3,4,6,2,1,0,0,0,0,1,377878.757630923995748,5723244.550490969792008,7.234905872000070,51.646923276000102,0,05220830701920855830
05,5,62,004,2022,09,15,5,3,2,6,0,0,1,0,0,1,0,381738.531507846026216,5713366.924754680134356,7.293997447000040,51.558972478000001,0,05220908702340191246
05,5,66,032,2022,09,14,5,3,5,3,0,1,1,0,0,0,0,413557.481454937020317,5776958.435557159595191,7.736966092000050,52.136373085999999,0,05220901709800781039
05,5,58,016,2022,09,15,4,2,2,1,0,0,1,0,1,0,0,391025.882198286009952,5743472.490149560384452,7.418511406000050,51.831432706999998,0,05220907706000195038
05,5,58,020,2022,09,23,4,2,8,7,2,0,1,0,0,0,0,391175.264442228013650,5761218.785634160041809,7.415072149000030,51.990959571000097,0,05220907706000879103
05,5,66,084,2022,08,09,2,2,4,6,0,1,0,0,0,0,0,390010.052120686974376,5775782.002526770345867,7.393419750000020,52.121614696000101,0,05220829709300994357
05,5,54,008,2022,09,15,3,3,5,3,0,0,1,0,0,0,0,335125.548999651975464,5745859.644998800009489,6.606753805000040,51.839178820000001,0,05220906705000572209
05,5,58,028,2022,08,10,3,3,5,3,0,1,1,0,0,0,0,399532.119999970018398,5730214.268999639898539,7.545749404000050,51.713857291000103,0,05220830706300487272
05,5,13,000,2022,08,11,3,2,8,1,0,0,0,0,1,0,0,368505.348999882990029,5709858.024999509565532,7.104517563000060,51.524509305000002,0,05220830700000994295
05,5,66,008,2022,08,18,4,3,1,6,0,0,1,0,0,0,0,400127.010973280004691,5780970.106154699809849,7.539614770000070,52.170164804000102,0,05220831709110370630
05,5,66,084,2022,09,13,5,3,8,1,0,0,0,0,1,0,0,386160.114999943005387,5778968.843999629840255,7.336143456000060,52.149475324999997,1,05220908709300994014
05,5,62,024,2022,08,15,1,3,0,1,0,1,0,0,0,0,0,363564.574734718014952,5725647.616455540060997,7.027201512000030,51.665226771999997,0,05220828701500994399
05,5,62,032,2022,08,17,4,3,1,5,0,0,1,0,0,0,1,376173.692082057008520,5719786.232197830453515,7.211497434000020,51.615469989000097,0,05220831701110590836
05,5,66,008,2022,09,14,4,3,5,3,0,0,1,0,0,0,0,396922.752243152994197,5781637.414820970036089,7.492575284000050,52.175573096000100,0,05220907709110370630
05,5,58,008,2022,09,17,2,3,5,3,0,0,1,0,0,0,0,380777.510655705002137,5757191.598826649598777,7.265109333000050,51.952633214999999,0,05220905706000993171
05,5,62,004,2022,08,15,2,3,5,3,0,0,1,0,0,0,0,383283.339724109973758,5718241.963026450015604,7.314651467000030,51.603109705000101,0,05220829701800753355
05,5,54,004,2022,09,18,1,2,0,1,0,1,0,0,0,0,0,362031.033667727024294,5775043.579336039721966,6.985286223000060,52.108705879000098,0,05220904705000881780
05,5,66,072,2022,08,10,4,2,0,1,0,1,0,0,0,0,0,412816.948197063989937,5803116.487060500308871,7.719394747000020,52.371374020000097,0,05220831709700912260
05,5,62,016,2022,09,07,5,2,4,1,0,0,1,0,0,0,0,373969.333627826010343,5731473.601697410456836,7.175459814000020,51.720014200000001,1,05220908702340396061
05,5,62,014,2022,08,00,1,3,0,1,2,1,0,0,0,0,0,357550.606043919979129,5713656.907378910109401,6.945173605000040,51.555988868000000,0,05220828701300889552
05,5,70,008,2022,09,16,3,3,0,1,0,1,0,0,0,0,0,435339.115677579015028,5736790.814553599804640,8.062729676000060,51.778252588000001,0,05220906711313991692
05,5,66,028,2022,08,19,7,3,0,7,0,1,0,0,0,0,0,411802.541810568014625,5793306.335292399860919,7.707072033000030,52.283036432000102,0,05220827709700770575
05,5,54,060,2022,08,17,2,2,0,1,0,1,0,0,0,0,0,353236.282861615996808,5757200.968196139670908,6.864606051000070,51.946132720999998,0,05220829705000791736
05,5,12,000,2022,09,13,3,3,5,2,0,1,1,0,0,0,0,356681.446108017000370,5708785.838519959710538,6.934627418000050,51.511998165000101,0,05220906701400681643
05,5,70,004,2022,09,15,6,3,6,4,0,0,1,1,0,0,0,423923.781061900022905,5734876.318589700385928,7.897712405000050,51.759606549000097,0,05220902711213596600
05,5,70,024,2022,08,16,3,2,4,2,0,0,1,0,0,0,0,420916.102835269004572,5754027.443383519537747,7.849762566000040,51.931346794000000,0,05220830711161581616
05,5,13,000,2022,08,07,3,3,5,3,0,0,1,0,1,0,0,370675.485999892000109,5707654.746999530121684,7.136590285000070,51.505209696000101,0,05220830700000389525
05,5,70,036,2022,09,16,4,2,8,1,0,0,1,0,0,0,0,431366.055624499975238,5766646.229573929682374,7.999199522000030,52.046171504000000,0,05220907711121387231
05,5,54,024,2022,08,13,1,3,8,6,0,0,0,0,1,0,0,371014.145126565010287,5774918.718722130171955,7.116431431000020,52.109751835000097,0,05220828705000591867
05,5,15,000,2022,08,22,4,3,4,7,2,1,0,0,0,0,0,403685.045521062973421,5755654.834400120191276,7.598763097000070,51.943259404000102,0,05220831702100652432
05,5,54,008,2022,09,09,5,3,1,5,0,1,1,0,0,0,0,334731.397859320975840,5745903.415023430250585,6.601016975000050,51.839455522999998,0,05220901705000765897
05,5,66,028,2022,09,16,2,3,4,6,0,0,1,0,0,1,0,408017.050780117977411,5794988.410744599997997,7.651135872000050,52.297534468000002,0,05220905709700891070
05,5,54,012,2022,08,07,2,3,9,1,0,0,0,0,1,0,0,354905.429990930017084,5739364.905137020163238,6.896366537000060,51.786312150000100,0,05220829705000994360
05,5,13,000,2022,09,21,6,3,5,3,2,0,1,0,0,0,1,364264.759999861998949,5708795.300999480299652,7.043836954000030,51.513955922999997,0,05220902700000695132
05,5,15,000,2022,09,07,5,3,0,3,0,1,1,0,0,0,0,405817.969796701974701,5755776.377762080170214,7.629750926000040,51.944717062999999,0,05220901702100891700
05,5,66,008,2022,09,14,5,3,5,3,0,0,1,0,0,0,0,401959.345590278971940,5780501.780614780262113,7.566534077000030,52.166284123000104,0,05220908709110179238
05,5,15,000,2022,09,13,4,3,5,2,0,1,0,0,0,0,1,404662.276999976020306,5759742.419999659992754,7.611841178000080,51.980168491000001,0,05220907702100094894
05,5,12,000,2022,08,11,4,3,2,6,0,0,1,0,0,0,1,356499.352994401007891,5709618.369878600351512,6.931666164000030,51.519432942000002,0,05220831701400362605
05,5,62,014,2022,09,10,4,3,1,6,0,0,1,0,0,0,0,356615.042282970971428,5715280.285156769677997,6.931025395000060,51.570339144000101,1,05220907702340387450
05,5,62,014,2022,09,14,6,3,5,3,0,0,1,0,1,0,0,356800.122999820974655,5714531.687999379821122,6.933999177000030,51.563659455000000,1,05220909701300078098
05,5,66,076,2022,09,17,5,3,2,6,0,0,1,0,1,0,0,393379.604758152971044,5794000.660743010230362,7.436881480000070,52.286011560000098,0,05220901709500579091
05,5,62,004,2022,09,12,1,3,2,6,0,0,1,0,1,0,0,381730.505999930028338,5712399.126999589614570,7.294207205000020,51.550272563000100,0,05220904701800895037
05,5,58,016,2022,09,21,2,3,9,1,2,0,1,0,0,0,0,378230.669474793015979,5743340.566367119550705,7.232957402000070,51.827604490000098,0,05220905702340187270
05,5,15,000,2022,09,08,3,3,5,3,0,1,1,0,0,0,0,404645.978999977000058,5760313.865999660454690,7.611445104000040,51.985302047000097,1,05220906702100572452
05,5,54,052,2022,09,10,5,3,5,2,0,0,1,0,0,0,0,377870.805261763976887,5771537.197819019667804,7.217716430000050,52.080920591000101,0,05220901705000068647
05,5,62,032,2022,09,16,5,3,6,6,0,1,0,1,0,0,0,376014.626999913016334,5716825.342999570071697,7.210247909000030,51.588824940999999,0,05220908701110067107
05,5,62,024,2022,09,10,1,3,9,1,0,0,0,0,1,0,0,372046.992999897978734,5729905.482999550178647,7.148221505000040,51.705486703000098,0,05220904702340591864
05,5,66,072,2022,09,08,5,3,0,3,0,1,1,0,0,0,0,412749.876593907014467,5802626.009574219584465,7.718537418000040,52.366954862000100,0,05220908709700669049
05,5,15,000,2022,08,17,2,3,5,3,0,1,1,0,0,0,0,402011.384429000027012,5759011.004617069847882,7.573464636000040,51.973133189000102,0,05220829702100079199
05,5,66,016,2022,09,19,3,3,5,7,0,1,1,0,0,0,0,403725.136377758986782,5792237.939253649674356,7.589003909000040,52.272078384000103,0,05220906709500876678
05,5,66,076,2022,09,15,6,3,9,1,0,0,0,0,1,0,0,402751.603207008971367,5788246.771759780123830,7.575890145000070,52.236035296000097,0,05220902709500079230
05,5,62,004,2022,08,14,3,3,2,6,0,0,1,0,1,0,0,382851.195999934978317,5713353.255999590270221,7.310045397000070,51.559081820000102,0,05220830701800265505
05,5,66,076,2022,08,18,4,3,2,1,0,0,1,0,0,0,0,393489.103999960992951,5792886.958999659866095,7.438838015000040,52.276023747000103,0,05220831709500076632
05,5,62,014,2022,09,07,5,3,5,4,1,0,1,1,0,0,0,361323.972999847028404,5714141.053999439813197,6.999377116000060,51.561279699000103,1,05220908701300796187
05,5,58,012,2022,08,17,2,3,8,1,0,0,0,0,1,0,0,370701.688999894016888,5755482.710999540053308,7.119213604000040,51.935025803000002,0,05220829706200991702
05,5,62,014,2022,09,07,3,2,2,6,0,0,0,0,0,1,1,360288.231902359984815,5713685.294974049553275,6.984625913000060,51.556928609000103,1,05220906701300189546
05,5,62,014,2022,09,13,5,3,5,2,0,1,1,0,0,0,0,360247.426502257003449,5715471.211959999985993,6.983327573000050,51.572966850000100,0,05220901701300373593
05,5,62,032,2022,09,07,5,3,6,2,0,0,1,1,0,0,0,377517.763999918010086,5715037.078999569639564,7.232558557000060,51.573082000000099,1,05220908701120994018
05,5,62,012,2022,08,15,2,3,2,6,0,0,1,0,0,0,0,359308.925999837985728,5725794.448999419808388,6.965648676000060,51.665496833000098,0,05220829701610089520
05,5,15,000,2022,09,12,3,3,5,3,0,0,1,0,1,0,0,402625.595999974000733,5750042.792999659664929,7.584941780000070,51.892632063000100,0,05220906702100868314
05,5,62,016,2022,08,19,4,2,5,2,0,0,1,0,1,0,0,369840.511999888985883,5731369.644999530166388,7.115760188000020,51.718136966000003,0,05220831701700181218
05,5,62,014,2022,09,21,4,2,8,1,2,0,0,0,1,1,0,359082.523941223975271,5714772.368863590061665,6.966809281000050,51.566397118000097,0,05220907701300265866
05,5,62,014,2022,08,19,1,3,0,1,0,1,0,0,0,0,0,360642.410999845014885,5716440.960999440401793,6.988638763000040,51.581778848000098,0,05220828701300994320
05,5,13,000,2022,08,17,2,3,2,6,0,0,1,0,1,0,0,369702.195999888994265,5709020.262999529950321,7.122069766000040,51.517257858999997,0,05220829700000589656
05,5,54,004,2022,08,15,4,3,8,1,0,0,1,0,0,0,0,357666.883383605978452,5782449.811112309806049,6.918501590000060,52.174143684999997,0,05220831705000489359
05,5,58,016,2022,09,18,5,3,5,2,0,0,1,0,0,0,1,388937.824812065984588,5748274.747899520210922,7.386678248000070,51.874182318000102,0,05220901706100287304
05,5,62,032,2022,09,12,2,3,2,6,0,0,1,0,0,0,0,379114.467999922984745,5718880.418999579735100,7.254263845000030,51.607968325000101,0,05220905701110875470
05,5,15,000,2022,09,20,6,3,5,3,1,1,1,0,0,0,0,407095.415643186017405,5760303.146578620187938,7.647106060000060,51.985620751000098,1,05220909702100064164
05,5,66,076,2022,09,17,4,3,3,6,0,0,1,0,0,0,0,393581.787072507024277,5792915.259777279570699,7.440187021000040,52.276296041000101,0,05220907709500376743
05,5,15,000,2022,09,12,2,2,6,4,0,1,0,1,0,0,0,406545.556067935016472,5750558.900732309557498,7.641749639000070,51.897942224000097,0,05220905702100676765
05,5,54,056,2022,09,21,1,3,1,1,2,1,0,0,1,0,0,356836.322999824013095,5762419.263999390415847,6.914772279000030,51.993957442000102,0,05220904705000693441
05,5,13,000,2022,09,13,7,3,2,6,0,0,1,0,0,0,0,365991.121999869996216,5712536.925999489612877,7.067277485000030,51.547992403000102,0,05220903700000995113
05,5,58,044,2022,09,06,5,3,3,6,1,1,1,0,0,0,0,395970.029584149015136,5746296.650376929901540,7.489386285000020,51.857759156999997,1,05220908706000796684
05,5,15,000,2022,08,07,2,3,1,6,0,0,1,0,0,1,0,405676.168019930017181,5761346.574971959926188,7.626158056000070,51.994760315000100,0,05220829702100674642
05,5,62,014,2022,09,16,3,2,5,3,0,1,1,0,0,0,0,361335.840999849024229,5714924.956999439746141,6.999238958000030,51.568326880000001,0,05220906701300294960
05,5,12,000,2022,09,16,6,3,5,3,0,0,1,0,1,0,0,358023.050999830011278,5711482.761999400332570,6.952861192000060,51.536571294000098,0,05220902701400481435
05,5,62,024,2022,08,09,3,3,5,3,0,1,1,0,0,0,0,370330.071736629994120,5725463.372916069813073,7.125038194000070,51.665173011000000,0,05220830701500662613
05,5,58,024,2022,09,21,4,2,5,2,2,1,1,0,0,0,0,393778.619758807006292,5736207.201282160356641,7.460670533000040,51.766662446000097,0,05220907706300994955
05,5,54,024,2022,09,16,1,3,9,1,0,0,1,0,0,0,0,371771.381483789009508,5775911.345019119791687,7.127108996000060,52.118847634000097,0,05220904705000096682
05,5,13,000,2022,09,07,2,3,2,6,0,0,1,0,0,0,0,368227.242999880982097,5711131.953999510034919,7.100034400000030,51.535892945000100,0,05220905702340766481
05,5,66,084,2022,08,15,2,3,1,5,0,0,1,0,0,0,0,386492.916329098981805,5778934.437617629766464,7.341016885000040,52.149234616999998,0,05220829709300211856
05,5,13,000,2022,09,19,3,3,5,2,0,1,1,0,0,0,0,364827.123576659010723,5716746.701620359905064,7.048881123000060,51.585545545999999,0,05220906700000675310
05,5,66,076,2022,09,13,5,3,8,1,0,0,1,0,0,0,0,400245.475752816011664,5788597.145804890431464,7.539099660000030,52.238735960000000,1,05220908709500396952
05,5,12,000,2022,09,08,6,2,0,7,0,0,0,0,0,0,1,354527.773264702991582,5709744.409648230299354,6.903217277000070,51.520061192000099,1,05220930701400281362
05,5,70,032,2022,09,06,3,3,5,3,1,0,1,0,1,0,0,420360.422999993024860,5766363.607999670319259,7.838817585000070,52.042159012000099,0,05220927711151596688
05,5,66,076,2022,09,06,4,3,4,2,1,0,1,0,0,0,0,396947.478934230981395,5795739.913029219955206,7.488636507000020,52.302323498000099,0,05220928709500802281
05,5,58,024,2022,09,07,2,2,4,6,0,1,0,0,0,0,0,391522.910275730013382,5736262.119717289693654,7.427977428000080,51.766723544000101,1,05220919706300236457
05,5,66,080,2022,09,14,7,2,5,3,0,0,1,0,0,0,1,406992.600142167008016,5783445.365977459587157,7.639295594000030,52.193612643000101,0,05220917709110896499
05,5,15,000,2022,09,18,6,3,5,2,1,1,1,0,0,0,0,406322.628999979002401,5756457.540999660268426,7.636905299000030,51.950924902000096,0,05220923702100279187
05,5,62,032,2022,09,14,3,3,2,6,0,0,1,0,0,0,0,373985.193999905022793,5719166.349999560043216,7.180127442000070,51.609413437999997,0,05220920701110778018
05,5,62,032,2022,09,15,7,3,5,3,0,0,1,0,0,0,0,377706.193999918003101,5716173.362999579869211,7.234880570000030,51.583335073999997,1,05220917701120985643
05,5,15,000,2022,09,07,5,2,3,7,0,1,0,0,0,0,0,404765.844621805998031,5758299.961946739815176,7.613748930000040,51.967220914999999,0,05220915702100679181
05,5,62,032,2022,09,16,6,3,5,2,0,0,1,0,0,0,0,376014.626999913016334,5716825.342999570071697,7.210247909000030,51.588824940999999,0,05220916701110365420
05,5,54,020,2022,09,06,3,3,0,1,1,1,0,0,0,0,0,366526.186999877972994,5785746.308999509550631,7.046678858000060,52.205978291000100,1,05220927705000820847
05,5,12,000,2022,09,22,6,2,2,6,2,0,1,0,0,0,0,360565.651047387975268,5710521.512001110240817,6.989878587000020,51.528567115999998,0,05220930701400895026