ULAND,UREGBEZ,UKREIS,UGEMEINDE,UJAHR,UMONAT,USTUNDE,UWOCHENTAG,UKATEGORIE,UART,UTYP1,ULICHTVERH,IstRad,IstPKW,IstFuss,IstKrad,IstGkfz,IstSonstige,LINREFX,LINREFY,XGCSWGS84,YGCSWGS84,STRZUSTAND,UIDENTSTLAE
05,5,58,012,2022,09,16,2,3,5,2,0,1,0,0,0,0,1,373607.955836624023505,5756436.862388949841261,7.161114012000040,51.944267826999997,1,05220926706200993695
05,5,66,040,2022,09,16,5,3,2,6,0,0,1,0,0,0,0,420880.837448549980763,5785042.433779530227184,7.842059437000050,52.210136263000003,0,05220929702350005058
05,5,54,004,2022,09,12,3,2,5,3,0,0,1,0,1,0,0,366861.745117427024525,5771057.108646130189300,7.057339658000050,52.074068816000100,1,05220927705000187239
05,5,15,000,2022,09,01,7,3,9,1,2,0,1,0,0,0,0,411875.901999983994756,5754307.280999659560621,7.718239221000030,51.932504277000099,0,05220910702000096534
05,5,54,032,2022,09,10,6,3,2,6,0,0,1,0,0,0,0,323610.238595763978083,5743717.784647050313652,6.440867936000070,51.816422211000003,0,05220909705000095948
05,5,66,040,2022,09,16,2,3,2,6,0,0,1,0,0,0,0,422982.464709276973736,5781596.686834709718823,7.873594322000030,52.179460470000002,1,05220919709800993716
05,5,58,012,2022,09,12,7,3,5,3,0,1,1,0,0,0,0,375527.430764275020920,5755463.576665770262480,7.189377654000050,51.935954099000099,1,05220910706000752435
05,5,15,000,2022,09,15,6,3,3,6,0,0,1,0,1,0,0,406630.672274306998588,5757653.383268989622593,7.641061270000020,51.961725522000101,1,05220909702100839947
05,5,13,000,2022,09,07,2,3,5,3,0,0,0,0,1,1,0,366946.445241054985672,5706259.734880729578435,7.083417283000070,51.491807516999998,0,05220919700000294942
05,5,54,020,2022,09,15,4,3,5,3,0,1,1,0,0,0,0,366742.267388241016306,5784843.417883249931037,7.050194321000050,52.197917703000002,0,05220914705000020912
05,5,58,044,2022,09,01,5,3,9,1,2,0,1,0,0,0,0,393913.051679708005395,5751355.780885679647326,7.457973336000070,51.902842806000102,0,05220915702330791320
05,5,62,012,2022,09,14,7,3,0,1,0,0,1,0,1,0,0,359442.709366847004276,5726232.023880110122263,6.967405805000060,51.669462275999997,1,05220924701610489511
05,5,15,000,2022,09,12,5,3,5,2,0,1,1,0,0,0,0,404377.730033982021268,5758887.189027779735625,7.607937675000070,51.972432486999999,0,05220922702100172305
05,5,66,028,2022,09,20,1,3,5,2,2,0,1,0,0,0,0,411962.413999983982649,5792231.202999680303037,7.709695751000030,52.273398507000103,0,05220911709700136577
05,5,66,092,2022,09,17,2,2,9,1,0,0,0,0,1,0,0,419934.945223659975454,5794495.232892589643598,7.825977744000060,52.294967880999998,0,05220912709700276770
05,5,54,012,2022,09,08,4,3,5,3,0,1,1,0,0,0,0,352198.257999793975614,5746041.861999300308526,6.854297600000050,51.845595647000003,0,05220921705000781092
05,5,62,004,2022,09,13,6,3,6,4,0,0,1,1,0,0,0,382761.650819106027484,5714055.949387130327523,7.308519887000050,51.565378819999999,0,05220930701800295166
05,5,62,014,2022,09,06,1,2,1,5,2,0,1,0,0,0,0,361816.613746761984657,5713796.564981729723513,7.006615003000040,51.558304966999998,1,05220925701300399753
05,5,15,000,2022,09,22,5,3,9,1,2,1,0,0,0,0,0,405109.698320660972968,5764324.612697900272906,7.617084937000070,52.021431382999999,0,05220929702100872345
05,5,62,016,2022,09,20,3,2,5,3,2,1,1,0,0,0,0,375188.115496516984422,5734720.006252720020711,7.191930323000070,51.749461840999999,1,05220927701700773595
05,5,62,032,2022,09,22,3,2,2,2,2,0,0,0,1,0,0,375116.770999908971135,5720477.724999570287764,7.195993299000070,51.621451008000101,0,05220913701110195008
05,5,62,014,2022,09,13,6,2,5,3,0,1,0,0,0,0,1,359143.670999836002011,5715982.968999420292675,6.967205582000080,51.577290791999999,0,05220930701300995790
05,5,66,052,2022,09,16,4,3,8,1,0,0,1,0,0,0,0,377631.633181683020666,5781312.521955859847367,7.210712095000080,52.168712632000101,0,05220914709300087307
05,5,70,044,2022,09,13,7,3,2,6,0,0,1,0,0,0,0,415476.327400277019478,5759698.507311070337892,7.769267505000070,51.981524195000098,1,05220910711142480988
05,5,66,012,2022,09,09,1,2,2,1,0,0,1,0,0,0,0,409649.217533019022085,5773246.824712900444865,7.680862870000060,52.102386400000100,1,05220918702350505178
05,5,62,004,2022,09,16,6,2,5,3,0,0,1,0,0,0,0,382108.350999933027197,5718281.296999589540064,7.297679833000070,51.603218476000102,1,05220916701800880945
05,5,15,000,2022,09,12,6,3,5,3,0,0,1,0,0,0,1,405610.577999976987485,5756975.108999660238624,7.626405320000060,51.955456648999998,0,05220923702100891787
05,5,54,012,2022,09,21,4,3,7,1,2,0,1,0,0,0,1,355890.451999817974865,5741081.390999370254576,6.909924296000040,51.801989841000101,1,05220921705000491746
05,5,62,016,2022,09,04,7,2,8,1,2,0,1,0,0,0,0,368273.069484065985307,5732136.907162030227482,7.092792574000040,51.724665950000002,1,05220917701700898979
05,5,62,014,2022,09,10,4,3,2,6,0,0,1,0,0,1,0,360565.748299408005551,5713641.918537270277739,6.988643693000030,51.556607488000097,1,05220914702340096604
05,5,58,008,2022,09,13,5,3,0,1,0,1,0,0,0,0,0,383235.743531520012766,5759467.333926640450954,7.300089926000060,51.973606894000099,1,05220915706200993940
05,5,54,020,2022,09,18,3,3,6,4,0,1,0,1,0,0,0,367021.269999878015369,5785547.693999519571662,7.053997600000060,52.204313313000100,0,05220913705000764191
05,5,54,028,2022,09,07,3,3,4,2,1,0,1,0,0,0,0,354962.892970343993511,5744739.051485179923475,6.894949716000040,51.834614734000098,0,05220927705000993694
05,5,54,056,2022,09,15,6,3,2,6,0,0,1,0,0,0,0,355460.423288907972164,5759603.439667950384319,6.895932590000030,51.968301123000103,0,05220930705000087233
05,5,62,032,2022,09,19,2,3,0,7,2,0,1,0,0,0,0,375867.056999912019819,5715011.306999569758773,7.208760101000050,51.572489338000103,1,05220926701120687635
05,5,62,012,2022,09,12,3,3,8,1,0,0,0,0,0,0,1,362691.848999855981674,5735677.242999469861388,7.010639208000040,51.755140329000000,0,05220920701610047422
05,5,15,000,2022,09,21,7,3,3,6,2,1,0,0,0,0,0,410631.107050797028933,5760581.016460579819977,7.698506406000040,51.988698513000003,1,05220917702100035374
05,5,62,004,2022,09,16,4,3,5,3,0,0,1,0,0,0,0,383626.391999937011860,5716523.776999600231647,7.320172645000070,51.587738140000098,1,05220914701800570139
05,5,54,064,2022,09,09,5,3,0,3,0,1,1,0,0,0,0,356501.615364549972583,5749255.436921349726617,6.915391385000020,51.875592930000003,0,05220915705000993734
05,5,66,076,2022,09,17,2,3,5,2,0,1,1,0,0,0,0,393559.133038919011597,5792903.465451399795711,7.439858829000060,52.276185656999999,0,05220912709500279127
05,5,66,084,2022,09,14,5,2,5,2,0,0,1,0,0,0,0,384856.212215928011574,5777312.525143479928374,7.317655886000070,52.134319907000098,0,05220929709300993678
05,5,62,032,2022,09,13,6,3,5,2,0,0,1,0,1,0,0,374958.426999908988364,5719828.564999559894204,7.193938824000040,51.615581801000097,0,05220923701110978018
05,5,15,000,2022,09,07,4,3,3,6,0,0,1,0,1,0,0,405455.266221815021709,5755143.574145209975541,7.624649603000020,51.938967613000003,0,05220921702100276654
05,5,62,012,2022,09,18,2,3,0,1,2,0,0,0,1,0,0,365716.071299810020719,5732086.997966590337455,7.055813098000040,51.723610951000097,1,05220926701620789575
05,5,13,000,2022,09,07,5,3,5,3,1,0,1,0,0,0,1,365292.227999868977349,5714870.402999489568174,7.056310016000050,51.568795695000098,0,05220929700000378352
05,5,66,028,2022,09,17,3,3,0,1,0,1,0,0,0,0,0,412163.631942358973902,5792980.857575650326908,7.712448776000030,52.280168781999997,1,05220927709700157409
05,5,58,012,2022,09,08,4,3,0,3,0,1,1,0,0,0,0,373116.988999901979696,5756316.488999559544027,7.154019322000070,51.943074353000000,1,05220928706000696668
05,5,62,014,2022,09,17,6,2,2,6,0,0,1,0,0,0,0,359550.173456850985531,5713375.744456330314279,6.974110024000030,51.553963707000001,1,05220909702340089368
05,5,66,072,2022,09,15,6,2,2,6,0,0,1,0,1,0,0,413943.247999986982904,5799784.267999690026045,7.736788616000070,52.341601362000098,1,05220916709700776667
05,5,15,000,2022,09,02,6,3,0,1,2,0,0,0,0,0,1,405567.285253766982350,5756764.777972700074315,7.625833306000060,51.953558751000102,0,05220923702100196666
05,5,54,028,2022,09,15,4,3,5,3,0,0,1,0,0,0,0,357189.283999825012870,5745947.829999390058219,6.926741235000070,51.846049670000099,1,05220914705000887244
05,5,62,016,2022,09,06,3,3,2,6,2,0,1,0,0,0,0,374379.123999907984398,5734049.359999559819698,7.180459564000050,51.743254056000097,1,05220927701700580957
05,5,54,044,2022,09,16,6,2,9,1,0,0,1,0,0,0,0,364316.872356207983103,5745493.340804790146649,7.030326787000040,51.843743378000099,0,05220930705000396107
05,5,58,020,2022,09,20,4,3,0,7,2,0,0,0,0,0,1,391588.520841729012318,5759422.406218050047755,7.421656062000070,51.974895306000100,0,05220928706000203149
05,5,62,004,2022,09,15,2,2,5,3,0,0,1,0,0,0,1,384815.740999942005146,5710892.112999600358307,7.339178239000030,51.537365997000101,1,05220919701800175247
05,5,12,000,2022,09,13,1,3,2,6,0,0,1,0,0,0,0,356361.277655642013997,5714323.391029610298574,6.927757346000020,51.561676154000097,0,05220911702340389368
05,5,66,016,2022,09,14,1,3,1,6,0,0,1,0,0,0,0,402639.074020448024385,5794060.778475689701736,7.572565590000070,52.288270345999997,0,05220925702350042420
05,5,54,016,2022,09,18,4,3,8,1,1,0,1,0,0,0,0,365841.373303772008512,5759115.428521360270679,7.047140547000030,51.966518350999998,1,05220928702340570606
05,5,54,044,2022,09,09,2,3,2,6,0,0,1,0,0,0,1,365911.542617260012776,5745526.532906370237470,7.053448784000070,51.844426875000103,0,05220919705000381092
05,5,12,000,2022,09,16,3,3,5,3,0,1,1,0,0,0,0,356783.993999822996557,5717302.246999380178750,6.932637009000080,51.588550925000000,0,05220920701400270116
05,5,66,076,2022,09,17,5,3,0,3,0,0,1,0,1,0,0,396897.549999965005554,5787712.819999660365283,7.490357308000060,52.230171257999999,0,05220929709500396541
05,5,58,024,2022,09,10,7,3,5,2,0,1,1,0,0,0,0,391590.825413678016048,5736278.894737520255148,7.428956003000050,51.766887472000100,0,05220917706300074760
05,5,58,016,2022,09,17,3,3,3,2,0,1,1,0,0,0,0,381650.153579770994838,5743982.734139620326459,7.282334874000070,51.834110631999998,0,05220927706000676253
05,5,15,000,2022,09,16,4,3,0,7,0,1,1,0,0,0,0,406378.993881709990092,5757332.405453429557383,7.637486834000070,51.958798098000003,0,05220928702100048314
05,5,62,032,2022,09,14,5,3,0,7,0,0,0,0,0,0,1,375401.844146432005800,5718573.651624959893525,7.200786031000060,51.604402067000102,0,05220915701110351306
05,5,13,000,2022,09,18,1,3,9,1,0,0,1,0,0,0,0,367918.225589853012934,5712837.062951070256531,7.094941498000030,51.551144010000002,1,05220918700000320590
05,5,66,084,2022,09,08,6,3,5,3,0,1,1,0,0,0,0,385722.241999942983966,5779588.876999629661441,7.329537953000060,52.154957068000002,0,05220909709300139552
05,5,66,084,2022,09,15,2,3,2,6,0,0,1,0,0,0,0,388559.347247325000353,5774980.121649039909244,7.372501616000020,52.114117536999998,0,05220912709000096611
05,5,54,020,2022,09,16,6,3,0,7,0,1,1,0,0,0,0,366236.209999874990899,5787482.683999509550631,7.041751669000060,52.221509976999997,0,05220923705000993849
05,5,15,000,2022,09,12,6,3,6,4,0,0,1,1,0,0,0,405900.996999980008695,5760101.257999660447240,7.629773442000040,51.983605050000101,0,05220930702100996746
05,5,12,000,2022,09,10,2,3,5,3,0,0,1,0,0,0,1,360245.054222067003138,5711388.852311619557440,6.984915626000030,51.536281879000100,1,05220926701400249493
05,5,66,072,2022,09,13,3,3,6,2,0,0,1,1,0,0,0,411120.087999982992187,5800853.484999679960310,7.695076469000070,52.350761351000102,0,05220913709700993737
05,5,62,014,2022,09,11,5,3,2,6,0,0,1,0,0,0,0,360230.635776843992062,5713558.110358149744570,6.983846181000050,51.555771452000002,0,05220922702340005117
05,5,66,020,2022,09,17,1,2,8,1,0,0,1,0,0,0,0,403811.559999976016115,5803860.013999680057168,7.586945662000060,52.376549593999997,0,05220911709700691696
05,5,70,036,2022,09,14,6,2,9,1,0,0,1,0,0,0,0,433270.946999996027444,5760924.862999670207500,8.028087140000030,51.994971135000100,0,05220923711121496534
05,5,66,076,2022,09,07,4,3,5,2,1,0,1,0,0,0,1,394006.717126474017277,5793067.139160379767418,7.446365158000050,52.277743105000098,0,05220921709500396546
05,5,54,056,2022,09,23,7,3,5,3,2,0,1,0,0,0,0,356855.909999824012630,5763369.378999389708042,6.914660583000060,52.002499276000002,0,05220917705000787233
05,5,62,032,2022,09,16,2,3,2,2,0,0,1,0,0,0,0,375221.575999911001418,5719097.953999560326338,7.197997732000030,51.609074116999999,0,05220912701110595013
05,5,62,020,2022,09,17,5,3,5,2,0,0,1,0,0,0,0,371426.601999895006884,5715576.982999539934099,7.144512773000030,51.576577842000098,0,05220929701200795982
05,5,66,028,2022,09,14,3,3,8,1,0,0,1,0,0,0,0,410239.630999983986840,5788430.339999680407345,7.685463820000050,52.238957046000102,0,05220927709700548420
05,5,54,036,2022,09,14,6,3,5,2,0,0,1,0,1,0,0,368275.342561632976867,5767986.171676260419190,7.079137747000060,52.046812023000001,0,05220930705000179182
05,5,58,044,2022,09,09,7,2,5,3,0,1,1,0,0,0,0,399192.623861320025753,5742220.387003449723125,7.537352617000070,51.821712052000102,0,05220917706300974760
05,5,66,056,2022,09,13,6,3,5,3,0,0,1,0,0,0,0,417815.100999990012497,5793010.604999680072069,7.795263160000050,52.281310230000003,0,05220909709700545589
05,5,62,004,2022,09,11,7,3,3,7,0,0,1,0,0,0,0,381986.750346847984474,5712395.348472709767520,7.297902510000030,51.550292258000098,1,05220910701800268379
05,5,70,020,2022,09,14,2,2,4,6,0,0,1,0,0,1,0,434082.343457708018832,5752045.052297510206699,8.041607020000070,51.915240625000102,1,05220919711113351245
05,5,54,064,2022,09,03,7,3,5,3,2,0,1,0,0,0,0,356658.603806613013148,5755015.562504109926522,6.915275005000070,51.927388948000001,1,05220917705000079121
05,5,58,012,2022,09,14,4,3,5,3,0,0,1,0,0,0,1,375234.502300933992956,5758387.330370170064270,7.184057678000040,51.962162874999997,1,05220914706200993955
05,5,66,004,2022,09,09,5,2,5,3,0,0,1,0,1,0,0,393562.689396956993733,5767137.919207500293851,7.447988487000030,52.044621232000097,0,05220922709110676669
05,5,66,048,2022,09,09,6,3,4,2,0,0,0,0,1,0,1,426766.042999994999263,5793303.758999680168927,7.926383558000050,52.285210913000100,0,05220923709700081515
05,5,62,024,2022,09,18,4,2,9,1,0,0,1,0,0,0,0,367011.520251027017366,5726410.686669990420341,7.076721772000040,51.672910375000100,0,05220921702340089368
05,5,15,000,2022,09,14,5,3,5,2,0,1,1,0,0,0,0,409847.487999983015470,5751858.771999659948051,7.689385473000070,51.910170432000001,0,05220929702100368314
05,5,13,000,2022,09,15,3,3,6,7,0,1,0,1,0,0,0,367817.471281923993956,5713628.601752280257642,7.093191644000060,51.558233705000099,0,05220913700000474464
05,5,66,084,2022,09,15,4,2,2,6,0,0,1,0,0,0,0,384794.378820604993962,5777286.878243460319936,7.316761561000020,52.134076532999998,1,05220928709300387307
05,5,54,044,2022,09,21,7,2,0,2,2,0,1,0,1,0,0,362861.621762565977406,5743842.165534339845181,7.009869458000030,51.828550759000102,0,05220910705000993989
05,5,62,012,2022,09,13,2,3,2,2,0,0,1,0,0,0,0,359798.689999840978999,5735863.669999429956079,6.968675199000070,51.756098829999999,0,05220919701620380917
05,5,15,000,2022,09,17,6,3,0,1,0,0,1,0,0,0,0,401551.818249266012572,5760746.892362349666655,7.566278330000050,51.988654427000000,1,05220909702100396504
05,5,62,032,2022,09,07,2,3,5,3,0,1,0,0,0,0,0,375383.463999909989070,5719453.505999559536576,7.200208015000040,51.612305358000100,1,05220919701110477673
05,5,15,000,2022,09,14,4,3,0,6,0,1,0,0,0,0,0,406747.807015946018510,5757064.911350449547172,7.642925335000030,51.956455703000103,1,05220914702100887866
05,5,66,008,2022,09,17,5,3,4,6,0,1,0,0,0,0,0,400229.804246957995929,5780725.824727649800479,7.541189151000030,52.167987848999999,0,05220915709000042437
05,5,58,020,2022,09,21,5,3,5,3,2,0,1,0,0,0,0,392830.792999957979191,5761760.186999640427530,7.439004344000070,51.996147399999998,0,05220922706200895562
05,5,70,036,2022,09,20,1,3,2,6,2,0,1,0,0,0,0,434088.497489697008859,5767536.849819590337574,8.038719415000060,52.054508262000098,0,05220911711121987231
05,5,13,000,2022,09,12,2,3,5,3,0,0,1,0,0,0,0,363872.024999861023389,5717396.518999470397830,7.034851673000050,51.591155092000101,0,05220912700000475986
05,5,54,064,2022,09,08,5,3,0,7,0,0,0,0,0,1,1,358789.675999835017137,5755765.705999420024455,6.945939325000040,51.934673835000098,0,05220929705000091737
05,5,62,004,2022,09,19,6,3,5,3,1,0,1,0,0,0,0,383371.230999936000444,5717112.651999600231647,7.316295464000060,51.592978017000100,1,05220916701800825407
05,5,66,092,2022,09,14,4,3,0,1,0,1,0,0,0,0,0,423494.099999992991798,5796759.229999690316617,7.877641247000040,52.315825603000100,0,05220921709700681941
05,5,62,036,2022,09,21,6,2,5,2,2,0,1,0,1,0,0,391681.975999956019223,5722230.338999619707465,7.434641033000050,51.640636051999998,0,05220930701930989484
05,5,15,000,2022,09,17,4,3,5,2,0,1,1,0,0,0,0,403992.086999976017978,5756988.022999660111964,7.602856252000040,51.955295655999997,0,05220928702100076680
05,5,66,028,2022,09,19,2,3,2,6,1,0,1,0,0,0,0,407420.623469595971983,5795361.200531279668212,7.642289863000030,52.300784900000103,1,05220919709700081017
05,5,62,028,2022,09,11,6,3,2,2,0,0,1,0,0,0,0,378713.842999921995215,5722807.982999579980969,7.247121126000020,51.643180467999997,0,05220923701920853357
05,5,54,020,2022,09,13,4,3,5,3,0,0,1,0,1,0,0,365536.157999871007632,5786673.364999500103295,7.031831312000070,52.214067558000103,0,05220914705000070528
05,5,13,000,2022,09,12,5,3,9,1,0,0,0,0,1,0,0,363588.337797956017312,5716982.778999970294535,7.030919759000030,51.587368497999996,1,05220915702340049700
05,5,70,008,2022,09,07,6,3,0,7,0,1,0,0,0,0,1,433926.229284733999521,5734852.999517220072448,8.042621370000059,51.760666484000097,0,05220923711312535328
05,5,15,000,2022,09,11,4,3,5,6,0,1,0,0,0,0,0,404674.349646069982555,5760979.693587220273912,7.611673027000050,51.991291597000000,0,05220921702100987860
05,5,62,004,2022,09,15,4,3,5,3,0,0,1,0,0,0,0,382890.279999935009982,5716671.565999600104988,7.309502683000060,51.588913908000102,1,05220914701800973590
05,5,54,056,2022,09,17,5,3,0,7,0,1,0,0,0,0,0,365098.336834244022612,5763686.511778339743614,7.034533612000080,52.007412872000003,0,05220915705000696682
05,5,58,044,2022,09,21,7,2,8,1,2,0,1,0,0,0,0,394394.378193614014890,5752062.178783800452948,7.464750444000060,51.909283260999999,0,05220924706000296610
05,5,66,032,2022,09,15,5,3,5,3,0,1,1,0,0,0,0,413657.346008882974274,5776743.508589940145612,7.738479436000030,52.134456816000103,0,05220922709800090801
05,5,54,008,2022,09,20,3,3,1,6,2,0,1,0,0,0,0,334474.904010427999310,5745578.272172859869897,6.597452879000060,51.836458708000102,1,05220927705000396583
05,5,62,012,2022,09,16,6,3,2,6,0,0,1,0,0,0,1,363755.238644236989785,5724524.646308319643140,7.030394382000050,51.655181841000100,0,05220930701610794988
05,5,62,032,2022,09,14,2,3,2,6,0,0,1,0,0,0,0,376102.694241547025740,5714888.801928710192442,7.212201769000050,51.571440189999997,0,05220926701120089689
05,5,66,024,2022,09,08,7,2,2,6,0,0,1,0,0,0,0,386014.467507697001565,5775135.681679739616811,7.335300462000020,52.114996828000102,1,05220910709300270500
05,5,62,032,2022,09,10,2,3,2,1,0,0,1,0,0,0,0,379316.273256130982190,5717577.470099659636617,7.257625070000070,51.596301481000097,1,05220919702340287253
05,5,66,060,2022,09,17,5,3,0,3,0,0,1,0,1,0,0,388164.785358602006454,5788983.900998430326581,7.362124650000060,52.239890134000099,0,05220922709500993707
05,5,62,024,2022,09,14,6,3,5,3,0,1,1,0,0,0,0,372745.066956010006834,5725513.021148759871721,7.159920140000050,51.666171292999998,0,05220923701500095974
05,5,13,000,2022,09,21,7,2,3,6,2,0,1,0,0,0,0,366058.918006477993913,5709525.826242749579251,7.069400131000070,51.520949063000003,1,05220917702340091761
05,5,13,000,2022,09,13,7,3,2,6,0,0,1,0,0,0,0,368251.309325303998776,5706982.649608870036900,7.101932281000070,51.498609764999998,0,05220924700000275414
05,5,62,014,2022,09,16,2,3,1,6,0,0,1,0,0,1,0,356424.661922574974597,5714593.924719720147550,6.928560637000030,51.564123241000097,0,05220912702340992017
05,5,62,032,2022,09,12,3,3,2,6,0,0,1,0,0,0,0,374202.308999906992540,5718067.619999550282955,7.183655419000050,51.599587655000100,0,05220927701110225096
05,5,62,024,2022,09,11,6,3,5,2,0,0,1,0,1,0,0,367322.154999878024682,5724243.610999509692192,7.082034163000060,51.653509548000002,0,05220930701500580957
05,5,66,080,2022,09,13,7,3,2,2,0,0,1,0,0,0,0,404697.818480102985632,5781702.416237089782953,7.606223399000040,52.177555133000098,0,05220917709110996565
05,5,15,000,2022,09,17,1,3,0,1,0,0,0,0,1,0,0,405667.238585628976580,5753582.028742009773850,7.628160370000050,51.924967666000001,1,05220918702100670512
05,5,62,012,2022,09,08,4,2,4,2,0,0,1,0,0,0,0,363153.575769064016640,5727779.256192459724844,7.020427225000050,51.684281939000101,0,05220928701610775248
05,5,15,000,2022,09,14,5,3,0,6,0,1,0,0,0,0,0,408178.174999980023131,5760497.741999659687281,7.662816636000060,51.987549909999998,0,05220915702100574709
05,5,13,000,2022,09,11,1,3,5,3,0,1,1,0,0,0,0,367044.948658882989548,5714625.612208340317011,7.081677169000050,51.567011870000002,0,05220925700000595018
05,5,54,028,2022,09,04,2,2,9,1,2,0,1,0,0,1,0,356642.681202601001132,5746490.717531160451472,6.918586466000020,51.850787574000002,0,05220919705000291840
05,5,15,000,2022,09,14,3,3,5,3,0,1,1,0,0,0,0,404287.162536684016231,5759011.550217200070620,7.606584942000040,51.973534698000002,0,05220920702100991770
05,5,15,000,2022,09,18,5,2,4,6,0,1,0,0,0,0,0,406958.943053913011681,5748846.503029270097613,7.648217878000030,51.882619304000102,0,05220922702100572399
05,5,66,088,2022,09,18,2,3,2,6,0,1,1,0,0,0,0,418932.668999989982694,5785992.567999679595232,7.813326168000060,52.218393573000100,0,05220912709800993980
05,5,66,068,2022,09,17,5,3,2,6,0,0,1,0,0,0,0,380810.873733312997501,5781065.775231859646738,7.257262464000060,52.167190995000098,0,05220929709300396611
05,5,15,000,2022,09,15,7,3,2,6,0,0,1,0,0,1,0,400194.848351499007549,5756564.628709429875016,7.547739177000040,51.950821603000101,1,05220917702330191800
05,5,66,012,2022,09,12,2,3,5,3,0,1,1,0,0,0,0,403995.792999974975828,5772307.733999660238624,7.598612409000050,52.092993503000102,1,05220926709000776730
05,5,54,016,2022,09,17,3,3,2,2,0,0,1,0,0,0,0,363554.295042202982586,5759585.506943039596081,7.013683680000040,51.970185656000098,0,05220913705000993964
05,5,62,028,2022,09,15,4,3,0,7,0,0,0,0,1,0,0,378713.842999921995215,5722807.982999579980969,7.247121126000020,51.643180467999997,1,05220928701920585483
05,5,66,084,2022,09,14,6,2,4,2,0,0,1,0,0,0,0,393911.604743211995810,5779076.830957160331309,7.449357082000060,52.151989324000098,1,05220909709300887307
05,5,13,000,2022,09,07,7,3,0,1,1,1,0,0,0,0,0,365296.788956298027188,5714860.051809670403600,7.056379753000040,51.568703764000098,1,05220910700000485656
05,5,15,000,2022,09,18,4,3,0,2,0,0,1,0,0,0,1,408183.062999980989844,5756616.062999660149217,7.663925993000020,51.952660030000096,0,05220914702100972348
05,5,70,008,2022,09,03,6,3,3,6,2,0,1,0,0,1,0,430848.487157177994959,5734156.706327079795301,7.998172029000050,51.754035217000101,0,05220923301911494437
05,5,54,008,2022,09,10,5,3,5,3,0,1,1,0,0,0,0,335295.630679023975972,5745856.453877310268581,6.609221836000070,51.839200337000101,0,05220929705000773525
05,5,13,000,2022,09,18,6,3,5,2,1,0,1,0,0,0,1,367383.657999877992552,5708735.352999510243535,7.088780625000030,51.514157916999999,0,05220916700000275349
05,5,15,000,2022,09,14,6,3,1,6,0,0,1,0,1,0,0,405247.286431330023333,5758227.313813770189881,7.620774760000070,51.966650199000100,0,05220923702100591863
05,5,62,016,2022,09,09,4,3,2,6,0,0,1,0,0,0,1,374271.320241051027551,5738210.334279369562864,7.177393407000070,51.780623617000103,0,05220921702330849924
05,5,54,068,2022,09,05,2,3,0,7,2,1,0,0,0,0,0,349230.305080657999497,5768051.268668689765036,6.801593770000070,52.042544529000097,1,05220919705000170577
05,5,54,020,2022,09,15,3,3,0,7,0,1,1,0,0,0,0,366215.753999873995781,5782750.103999510407448,7.043321491000030,52.178980889000101,0,05220920705000993894
05,5,15,000,2022,09,13,7,3,0,4,0,1,0,1,0,0,0,406249.008999979007058,5757416.417999659664929,7.635572750000050,51.959531341000101,0,05220924702100696746
05,5,58,020,2022,09,14,4,3,0,1,0,1,0,0,0,0,0,392434.514165967993904,5756210.583908930420876,7.434973537000080,51.946192934000102,0,05220921706000096538
05,5,62,024,2022,09,15,6,2,0,7,0,0,0,0,1,0,0,370219.371999891998712,5728648.673999530263245,7.122254474000040,51.693772550000098,0,05220930701500175302
05,5,15,000,2022,09,12,3,3,0,3,0,1,0,0,0,0,1,403700.192999976978172,5759585.670999660156667,7.597881321000050,51.978593666999998,0,05220913702100993718
05,5,66,028,2022,09,09,1,2,3,6,0,0,1,0,0,0,1,411139.582735860021785,5790770.543337919749320,7.698024150000040,52.260137396000097,0,05220925702350305173
05,5,15,000,2022,09,14,5,3,2,6,0,0,1,0,0,0,1,408944.204551592003554,5753054.311200809665024,7.675941431000070,51.920769825000001,0,05220929702100872399
05,5,62,012,2022,09,13,3,3,1,7,0,0,1,0,0,0,0,359490.799547149974387,5726339.152219800278544,6.968057677000050,51.670436939000098,0,05220913701610147864
05,5,15,000,2022,09,16,7,3,5,2,0,0,1,0,0,0,0,401765.831999973976053,5755487.753999649547040,7.570898470000030,51.941422078000102,1,05220910702100591770
05,5,54,016,2022,09,04,1,3,9,1,2,0,1,0,0,0,0,364008.943114341993351,5754892.763759910129011,7.022154534000040,51.928129632000001,1,05220918705000081780
05,5,54,016,2022,09,15,6,3,5,3,0,0,1,1,0,0,0,363696.833361083001364,5757129.389226369559765,7.016731840000030,51.948150867999999,0,05220916705000993931
05,5,12,000,2022,09,17,6,2,8,7,0,0,0,0,0,0,1,357407.599006641015876,5718285.209761070087552,6.941233226000070,51.597541761000102,1,05220916702340596604
05,5,70,052,2022,09,17,6,3,2,2,0,0,1,0,0,0,0,425093.263946002000012,5755773.395077480003238,7.910124870000060,51.947619770000102,0,05220923711112374649
05,5,58,044,2022,09,14,4,3,3,2,0,1,1,0,0,0,0,395790.266999965999275,5746275.571999640204012,7.486783300000070,51.857536164000102,0,05220921706000168251