ULAND,UREGBEZ,UKREIS,UGEMEINDE,UJAHR,UMONAT,USTUNDE,UWOCHENTAG,UKATEGORIE,UART,UTYP1,ULICHTVERH,IstRad,IstPKW,IstFuss,IstKrad,IstGkfz,IstSonstige,LINREFX,LINREFY,XGCSWGS84,YGCSWGS84,STRZUSTAND,UIDENTSTLAE
05,5,66,060,2022,09,11,7,3,5,3,0,1,1,0,0,0,0,388488.175999951025005,5788729.369999639689922,7.366942741000060,52.237668284999998,0,05220924709500136096
05,5,15,000,2022,09,14,5,3,5,2,0,1,1,0,0,0,0,409072.111999983026180,5752860.083999659866095,7.677852115000060,51.919044880999998,0,05220922702100674698
05,5,54,012,2022,09,13,6,3,2,6,0,0,1,0,0,0,0,352544.629845710005611,5751207.145335460081697,6.857116826000040,51.892096643000102,0,05220930705000495149
05,5,58,036,2022,09,04,1,3,9,1,2,0,1,0,0,0,0,390452.679387037991546,5732180.515245989896357,7.413760068000040,51.729830133000100,0,05220925706300072172
05,5,66,076,2022,09,19,4,3,4,2,2,0,1,0,0,0,0,394524.458327130996622,5793751.695625210180879,7.453736962000050,52.283994968000101,1,05220928709500011903
05,5,70,048,2022,09,10,6,3,5,2,0,0,1,0,0,0,0,448349.384999999019783,5732210.605999659746885,8.251976910000050,51.738426044999997,0,05220909711321487401
05,5,66,072,2022,09,06,2,3,9,1,1,0,1,0,0,0,0,412436.930449863022659,5800230.487360290251672,7.714567315000070,52.345373637000101,1,05220919709700868285
05,5,58,032,2022,10,06,5,3,0,1,2,1,1,0,0,0,0,389440.390999950002879,5752564.098999629728496,7.392600327000030,51.912833071000101,0,05221013706000195024
05,5,66,032,2022,10,10,3,3,9,7,0,0,1,0,0,0,0,413563.425484888022766,5777017.453107750043273,7.737037914000040,52.136904499000103,0,05221004709800993542
05,5,13,000,2022,10,08,6,2,0,1,0,0,0,0,1,0,0,364504.969796970020980,5713496.579114000312984,7.045487351000080,51.556261347000003,1,05221014700000195200
05,5,54,016,2022,10,10,2,3,5,3,0,0,1,0,0,0,0,361401.326001443027053,5756640.871165350079536,6.983550349000040,51.943194123000097,0,05221010705000993469
05,5,62,012,2022,10,10,3,2,4,6,0,0,1,0,0,1,0,366718.437395587970968,5734043.478695720434189,7.069567487000030,51.741431541000097,0,05221004701610189511
05,5,70,004,2022,10,13,6,3,0,4,0,1,0,1,0,0,0,424756.206564187014010,5735117.750144969671965,7.909718981000030,51.761889414999999,0,05221007711214462090
05,5,15,000,2022,10,16,4,3,6,4,0,1,0,1,0,0,0,406734.364736496005207,5757664.900238409638405,7.642566871000040,51.961846446999999,0,05221012702100096746
05,5,66,028,2022,10,05,3,3,5,3,2,0,1,0,1,0,0,406228.673870967002586,5798427.573137950152159,7.623960331000030,52.328142902000103,0,05221004709700081515
05,5,62,008,2022,10,16,4,2,3,2,0,0,1,0,1,0,0,386451.927999942970928,5724051.067999609746039,7.358500508000080,51.655968803000100,0,05221005701910563563
05,5,70,028,2022,10,12,3,3,3,6,0,0,1,0,0,0,0,440241.154461483994965,5739970.834726390428841,8.133228503000050,51.807386708000102,0,05221011400410596626
05,5,66,092,2022,10,18,7,3,8,1,0,0,1,0,0,0,0,425419.035964746028185,5794189.121991139836609,7.906444212000050,52.292988180000101,1,05221001709700138412
05,5,13,000,2022,10,14,3,3,5,2,0,0,1,0,0,0,1,369043.193999886978418,5708122.719999520108104,7.112910784000060,51.509039408000000,0,05221011700000394977
05,5,58,020,2022,10,17,3,3,5,3,0,1,1,0,0,0,0,391294.955999956000596,5760041.094999640248716,7.417187872000060,51.980398461999997,0,05221011706000993449
05,5,70,024,2022,10,11,4,3,9,7,0,0,1,0,1,0,0,420800.804999989981297,5753375.523999660275877,7.848236019000070,51.925470132999997,0,05221012711161096534
05,5,54,012,2022,10,07,4,3,5,3,1,0,1,0,0,0,0,351992.504999794007745,5754397.356999300420284,6.847729022000070,51.920613592000102,0,05221005705000016030
05,5,12,000,2022,10,18,3,3,5,2,0,1,1,0,0,0,0,356345.563394548022188,5710242.129511710256338,6.929196778000060,51.524998841000098,0,05221004701400791627
05,5,58,008,2022,10,17,1,2,8,1,0,0,1,0,0,0,0,380580.734439519001171,5761604.609721120446920,7.260712059000070,51.992250102000099,0,05221009706200649812
05,5,62,020,2022,10,17,2,3,5,3,0,1,1,0,0,0,0,371767.404999897989910,5718088.876999540254474,7.148510580000050,51.599229600999998,0,05221003701200275470
05,5,66,084,2022,10,16,4,3,5,3,0,0,1,0,0,0,0,389415.567999952007085,5781047.019999640062451,7.383026727000070,52.168813630000002,0,05221005709300238292
05,5,62,020,2022,10,14,6,3,5,3,0,1,1,0,0,0,0,371469.171999896003399,5718888.778999540023506,7.143913805000070,51.606350222000103,0,05221007701200898948
05,5,70,032,2022,10,20,5,2,9,1,2,0,1,0,0,0,0,422541.321730636002030,5766075.838438110426068,7.870674537000070,52.039881227000102,1,05221013711151990988
05,5,15,000,2022,10,17,5,3,2,6,0,0,1,0,0,0,0,407353.864999981014989,5756877.513999659568071,7.651793021000060,51.954872579000003,0,05221006702100957495
05,5,54,032,2022,10,14,2,3,5,3,0,0,1,0,0,1,0,323579.202611091022845,5743662.961572010070086,6.440446056000040,51.815919981000000,0,05221010705000395049
05,5,12,000,2022,10,14,5,3,2,6,0,0,1,0,0,0,0,360245.054222067003138,5711388.852311619557440,6.984915626000030,51.536281879000100,1,05221013701400275291
05,5,62,032,2022,10,12,4,3,5,2,0,1,1,0,0,0,0,373505.100946476974059,5719083.910985269583762,7.173227598000040,51.608564905000001,0,05221012701110495135
05,5,70,004,2022,10,17,3,3,2,6,0,0,1,0,0,0,1,423838.025999993027654,5734540.663999659940600,7.896543685000040,51.756577471000099,0,05221004711211991796
05,5,58,040,2022,10,12,7,3,8,1,0,0,0,0,0,0,1,380972.639660336019006,5765285.576551450416446,7.265138053000040,52.025414427000001,1,05221008706000391755
05,5,15,000,2022,10,14,3,3,0,1,0,1,0,0,0,0,0,407044.504999979981221,5757870.224999659694731,7.647023867000030,51.963743950000001,0,05221004702100574121
05,5,62,032,2022,10,00,3,2,5,3,0,1,1,0,0,0,0,375612.523439073993359,5719709.383307020179927,7.203423674000020,51.614655616999997,0,05221011701110281594
05,5,15,000,2022,10,14,4,2,5,3,0,1,1,0,0,0,0,403991.546019493020140,5761414.329243560321629,7.601610118000050,51.995080614000102,0,05221012702100165854
05,5,54,012,2022,10,15,6,2,5,2,0,0,1,0,0,0,0,351770.750999792013317,5752381.814999300055206,6.845374050000030,51.902445509000103,0,05221007705000091729
05,5,58,044,2022,10,12,7,2,8,1,0,0,0,0,1,0,0,398899.499297149013728,5747322.118629000149667,7.531609542000070,51.867514705000097,1,05221001706300996612
05,5,62,024,2022,10,14,5,3,2,6,0,0,1,0,0,0,0,364938.286616993020289,5724333.999627189710736,7.047559864000050,51.653754133000099,0,05221006701500480956
05,5,62,016,2022,10,07,3,3,5,2,1,1,1,0,0,0,0,375573.584999911021441,5735633.580999569967389,7.197184415000040,51.757757775000101,0,05221004701700285348
05,5,70,004,2022,10,16,3,3,5,3,0,0,1,0,0,0,1,423930.947406970022712,5734182.103961169719696,7.897968156000050,51.753366764000098,0,05221011711214491757
05,5,66,028,2022,10,14,5,3,5,3,0,1,1,0,0,0,0,409310.465944044990465,5792403.657140039838850,7.670792837000020,52.274517506999999,0,05221006709700076770
05,5,66,076,2022,10,02,4,3,0,1,2,1,0,0,0,0,0,393136.563663951994386,5793513.219604520127177,7.433474330000020,52.281583642999998,0,05221005709500155963
05,5,62,004,2022,10,17,4,3,5,3,0,1,1,0,0,0,0,382516.614096846024040,5714868.494480090215802,7.304714560000040,51.572630720000099,0,05221012701800680965
05,5,15,000,2022,10,13,6,3,2,6,0,0,1,0,0,0,1,404345.811484617996030,5766066.979250409640372,7.605468573000050,52.036961028000100,0,05221007702350905178
05,5,66,048,2022,10,18,3,3,0,1,0,0,0,0,1,0,1,428132.713484828011133,5799126.930118690244853,7.945171727000060,52.337735575000103,1,05221004709700993532
05,5,70,016,2022,10,08,7,3,8,1,0,0,1,0,0,0,0,413474.644999985001050,5739498.818999660201371,7.745196729000040,51.799641870000102,1,05221001711221690739
05,5,13,000,2022,10,22,6,3,3,2,2,0,0,0,1,0,1,366261.331999873975292,5712607.308999500237405,7.071145413000070,51.548689009999997,1,05221014700000024635
05,5,70,024,2022,10,11,2,3,2,6,0,0,1,0,0,0,1,417590.495398300001398,5753690.828478709794581,7.801485019000040,51.927838454000003,0,05221010711161681616
05,5,66,076,2022,10,08,5,2,2,6,0,0,0,0,0,1,0,394518.673166427994147,5797300.522343790158629,7.452540592000050,52.315887941000000,0,05221006702340942420
05,5,13,000,2022,10,16,5,3,4,2,0,0,1,0,0,0,0,367528.594999876979273,5709431.722999500110745,7.090606413000050,51.520449991000099,1,05221013700000345213
05,5,66,028,2022,10,14,3,3,1,7,0,1,0,0,0,1,0,409665.547545982000884,5796818.356266089715064,7.674811757000040,52.314255733000003,0,05221004709700993534
05,5,15,000,2022,10,14,7,3,3,6,0,0,1,0,0,0,0,403395.941556397010572,5764148.532468809746206,7.592166715000080,52.019552974000099,1,05221001702350091294
05,5,58,028,2022,10,16,3,3,5,3,0,1,1,0,0,0,0,402860.222999975027051,5732084.466999650001526,7.593385403000070,51.731254130000103,0,05221004706300496594
05,5,58,008,2022,10,19,5,3,6,2,2,0,1,1,0,0,0,383034.376999936008360,5759568.790999609977007,7.297125159000070,51.974476348000103,1,05221013706200795002
05,5,13,000,2022,10,07,3,3,2,6,0,0,1,0,0,1,0,368176.599445518979337,5706871.517462680116296,7.100898113000030,51.497593626000103,0,05221004700000248338
05,5,62,024,2022,10,06,2,3,2,6,2,0,1,0,0,1,0,367473.454037869989406,5726495.403552560135722,7.083366076000060,51.673780841000102,0,05221010702340805233
05,5,54,008,2022,10,15,3,3,5,3,0,1,0,0,0,1,0,335412.583744739007670,5743153.473952519707382,6.612202879000050,51.814952850000097,0,05221011705000996008
05,5,15,000,2022,10,09,5,3,5,3,1,1,1,0,0,0,0,407900.263878871977795,5760299.674432749859989,7.658823857000070,51.985723565999997,0,05221006702100614075
05,5,62,024,2022,10,15,3,3,2,2,0,0,1,0,0,1,0,370025.355438217986375,5728501.863709550350904,7.119503647000040,51.692408338000099,0,05221011701500085348
05,5,12,000,2022,10,11,6,3,2,6,0,0,1,0,0,0,0,360592.663285752001684,5709809.632704160176218,6.990549454000070,51.522176729000101,0,05221007701400073593
05,5,66,028,2022,10,18,2,3,9,1,0,0,0,0,1,0,0,417424.739999989978969,5792080.081999680027366,7.789770169000060,52.272887693000001,0,05221003709700538412
05,5,13,000,2022,10,11,7,3,6,4,0,0,1,1,0,0,0,368932.800605459022336,5716024.258694879710674,7.108377851000060,51.580023060000002,0,05221001700000077617
05,5,58,016,2022,10,17,2,1,8,1,0,0,0,0,0,0,1,376085.013461234979331,5743826.149153269827366,7.201663512000040,51.831496530999999,0,05221003706000376773
05,5,62,032,2022,10,16,6,3,5,3,0,1,1,0,0,0,0,374747.023270567005966,5719092.491179370321333,7.191150045000030,51.608919655000101,0,05221007701110099313
05,5,54,008,2022,10,01,7,3,1,1,2,1,1,0,0,0,0,334075.336085398972500,5746053.573630499653518,6.591430850000050,51.840609909000101,0,05221008705000091247
05,5,62,014,2022,10,20,4,2,2,6,2,0,1,0,0,0,0,360549.966999843018129,5714625.610999429598451,6.988026002000030,51.565443131999999,0,05221012701300845421
05,5,66,020,2022,10,19,7,3,7,7,2,0,0,0,1,0,0,409217.752203716023359,5802934.385115389712155,7.666591781000020,52.369152741999997,0,05221008709700576770
05,5,70,048,2022,10,12,1,2,0,1,0,1,0,0,0,0,0,449449.204692494997289,5734054.322477810084820,8.267635474000031,51.755102475000101,0,05221009711321094426
05,5,13,000,2022,10,05,2,2,5,3,2,1,0,0,0,0,1,365880.278999871981796,5709869.868999489583075,7.066695877000030,51.523998437000003,0,05221010700000376318
05,5,62,004,2022,10,17,3,3,4,2,0,0,1,0,0,0,0,383315.352999934984837,5711366.893999599851668,7.317396985000070,51.541325072000099,0,05221011701800180965
05,5,66,028,2022,10,16,2,3,5,2,0,0,1,0,1,0,0,409261.663999982003588,5796664.379999680444598,7.668930120000030,52.312805181999998,0,05221003709700291641
05,5,62,012,2022,10,04,4,3,0,7,2,0,0,0,1,0,0,358759.461059881024994,5722882.900008530355990,6.958884914000070,51.639196458000100,1,05221012701610971853
05,5,66,068,2022,10,11,3,3,0,1,0,1,0,0,0,1,0,378549.851999923004769,5784957.220999609678984,7.222825778000070,52.201667995999998,0,05221004709300016765
05,5,66,076,2022,10,13,7,3,2,6,0,0,1,0,0,0,0,398213.928188871010207,5795159.925953970290720,7.507378618000080,52.297347056000000,0,05221008702350305185
05,5,70,004,2022,10,17,6,3,2,2,0,0,1,0,1,0,0,425457.872999994026031,5741411.417999659664929,7.918531718000050,51.818561322000100,0,05221007711112590739
05,5,54,016,2022,10,07,1,2,4,2,2,0,1,0,0,0,0,365540.608382456994150,5755888.037977560423315,7.044027926000070,51.937445049000097,0,05221009705000581000
05,5,13,000,2022,10,19,2,3,5,3,2,0,1,0,0,0,0,370698.609999893000349,5707661.650999530218542,7.136920753000030,51.505277032999999,1,05221010700000467070
05,5,66,088,2022,10,16,1,3,5,3,0,1,1,0,0,0,0,414160.810999987006653,5786584.197999680414796,7.743342694000030,52.222988534000102,0,05221002709800680101
05,5,15,000,2022,10,16,2,3,5,3,0,1,1,0,0,0,0,407097.630999980028719,5760312.853999660350382,7.647135682000060,51.985708377000002,0,05221003702100772452
05,5,62,024,2022,10,19,3,2,5,3,2,0,1,0,0,0,1,367322.154999878024682,5724243.610999509692192,7.082034163000060,51.653509548000002,0,05221011701500380957
05,5,70,004,2022,10,18,5,2,5,3,0,0,1,0,1,0,1,424563.021999992022756,5736095.153999649919569,7.906708031000050,51.770649970000100,0,05221006711212376704
05,5,13,000,2022,10,05,5,3,9,1,2,0,1,0,0,0,0,363081.782999856979586,5712101.881999460048974,7.025513801000050,51.543384545000002,1,05221006700000575781
05,5,62,032,2022,10,17,6,3,5,3,0,0,1,0,0,0,0,373315.968999902019277,5718848.543999549932778,7.170582797000070,51.606407146000002,1,05221014701110195075
05,5,54,012,2022,10,17,3,3,3,2,0,1,1,0,0,0,0,352353.385999794001691,5744921.904999310150743,6.857025980000060,51.835573979999999,0,05221011705000993450
05,5,13,000,2022,10,14,2,3,0,1,0,1,0,0,0,0,0,364624.733050127979368,5715162.086871369741857,7.046572404000070,51.571257020000097,0,05221003700000695153
05,5,15,000,2022,10,09,4,3,0,6,0,1,0,0,0,0,0,405029.590999978012405,5757573.874999660067260,7.617787673000070,51.960739683000000,0,05221012702100579222
05,5,62,032,2022,10,20,4,3,1,5,1,0,1,0,1,0,0,374990.310692725004628,5719522.135001010261476,7.194508397000050,51.612834970999998,0,05221012701110889475
05,5,62,014,2022,10,10,3,2,2,6,0,0,1,0,0,0,0,356477.152999820013065,5714817.736999380402267,6.929226030000050,51.566147723000000,0,05221004702340391864
05,5,66,024,2022,10,08,7,3,9,1,0,0,1,0,0,0,0,383324.951394031988457,5775058.233047910034657,7.296066605000020,52.113739862999999,1,05221008709300478428
05,5,62,036,2022,10,12,6,3,1,6,0,0,1,0,0,0,0,388740.263999951013830,5719985.470999619923532,7.392859970000070,51.619884946000099,0,05221014701930794974
05,5,70,032,2022,10,17,4,3,2,6,0,0,1,0,0,0,0,418400.064052260015160,5762132.229291870258749,7.811250116000050,52.003838125000101,0,05221005711151096542
05,5,70,048,2022,10,08,4,3,0,2,0,1,1,0,0,0,0,447835.462999999988824,5732458.366999659687281,8.244497649000040,51.740605956000103,0,05221012711321990829
05,5,15,000,2022,10,14,4,3,5,3,0,0,0,0,0,0,1,409464.622999983024783,5761513.541999660432339,7.681277286000070,51.996891688000098,0,05221005702100296677
05,5,54,064,2022,10,17,2,3,6,7,0,1,0,1,0,0,0,356660.481999823998194,5747847.365999380126595,6.918282042000040,51.862981957000002,0,05221003705000581092
05,5,62,024,2022,10,12,4,3,5,2,0,1,1,0,0,0,0,368704.922999884991441,5724729.197999520227313,7.101828966000030,51.658197953000098,0,05221012701500985348
05,5,15,000,2022,10,16,6,3,2,6,0,0,1,0,1,0,1,404758.119666896003764,5756032.120279610157013,7.614265221000040,51.946835342999996,0,05221007702100991832
05,5,54,008,2022,10,20,5,3,5,3,2,1,1,0,0,0,0,335277.670942148019094,5745847.062385429628193,6.608965856000050,51.839110673000100,0,05221006705000291776
05,5,66,088,2022,10,19,2,3,9,1,2,0,1,0,0,0,0,414994.432689799985383,5786009.347541729919612,7.755687944000040,52.217950778000002,1,05221010709800287280
05,5,62,014,2022,10,06,2,3,2,6,1,0,1,0,0,0,0,356487.961364061979111,5714858.745255219750106,6.929365120000060,51.566518963000100,0,05221010702340091820
05,5,62,024,2022,10,21,7,2,8,1,2,0,1,0,0,0,0,370213.415999890014064,5727114.521999529562891,7.122738867000070,51.679984349999998,1,05221001701500980957
05,5,13,000,2022,10,11,1,3,4,2,0,0,1,0,0,0,1,366275.030999874987174,5716091.713999490253627,7.070017203000020,51.580004954000103,0,05221009700000579353
05,5,62,032,2022,10,13,3,3,2,6,0,0,1,0,0,1,0,374058.351999905018602,5719171.648999550379813,7.181181493000050,51.609477429000002,0,05221011701110698933
05,5,58,016,2022,10,11,2,3,2,1,0,0,1,0,0,0,0,380059.342553623020649,5742161.326110379770398,7.259889155000050,51.817402158000000,0,05221003706000776631
05,5,54,028,2022,10,14,6,3,0,6,0,0,1,0,0,0,1,358484.093999832984991,5742233.882999409921467,6.947044001000050,51.813007917000000,0,05221007705000095149
05,5,54,004,2022,10,12,4,3,5,2,0,0,1,0,0,0,0,362751.159999858005904,5771137.374999470077455,6.997367640000050,52.073786556000101,0,05221005705000993525
05,5,15,000,2022,10,14,5,3,5,3,0,1,1,0,0,0,0,403504.949999974982347,5760699.557999660260975,7.594726177000040,51.988571720000003,0,05221006702100574772
05,5,58,032,2022,10,17,1,2,5,2,0,0,1,0,1,0,0,388337.028245086024981,5757200.079738100059330,7.375061031000030,51.954278577000103,0,05221009706000996581
05,5,66,052,2022,10,13,2,2,9,7,0,0,0,0,1,0,0,377593.074819851026405,5777066.276050760410726,7.211678501000050,52.130545864000098,0,05221003709300278428
05,5,62,032,2022,10,18,2,3,8,1,1,0,1,0,0,0,0,375178.371999912022147,5719402.897999560460448,7.197265545000050,51.611805103999998,1,05221010701110089502
05,5,66,016,2022,10,09,7,3,8,1,0,0,1,0,0,0,0,404955.050507396983448,5796987.701757369562984,7.605683521000060,52.314982501000003,1,05221001709500896952
05,5,58,024,2022,10,06,3,2,8,1,1,0,1,0,0,0,0,397350.251657406974118,5742278.084338550455868,7.510613588000070,51.821895228000102,1,05221011706000894281
05,5,54,008,2022,10,12,4,3,5,3,0,1,1,0,0,0,0,333497.396999638993293,5745508.175998729653656,6.583311969000020,51.835538483999997,0,05221005705000993526
05,5,15,000,2022,10,15,5,2,2,6,0,0,1,0,1,0,0,401906.567175520991441,5753655.559311980381608,7.573467596000060,51.924978647000003,0,05221006702100295612
05,5,12,000,2022,10,18,4,3,2,6,2,0,1,0,0,0,0,356407.216461365984287,5710088.687427730299532,6.930147433000060,51.523635716999998,0,05221012701400089644
05,5,62,028,2022,10,10,7,3,5,3,0,1,1,0,0,0,0,379515.384999923990108,5722440.546999580226839,7.258826088000030,51.640050492999997,1,05221008701920989503
05,5,15,000,2022,10,16,6,3,0,7,0,1,1,0,0,0,0,407053.636640174023341,5756921.036526289768517,7.647413572000060,51.955213684000100,0,05221007702100939947
05,5,66,012,2022,10,16,2,3,1,1,0,0,1,0,0,0,0,407063.246045986015815,5771281.423930659890175,7.643654440000030,52.084292396000102,0,05221010709110074676
05,5,12,000,2022,10,13,3,3,1,5,0,1,1,0,0,0,0,358877.730594741995446,5711363.713969879783690,6.965223988000050,51.535715835000097,0,05221004701400490513
05,5,62,032,2022,10,15,7,3,5,3,0,0,1,0,0,0,1,378537.983999921998475,5721138.603999580256641,7.245160100000020,51.628139309000098,1,05221001701110681135
05,5,54,068,2022,10,08,5,3,8,7,0,0,1,0,0,0,0,348720.533320697024465,5770458.365893480367959,6.793100862000070,52.064031525000097,0,05221013705000670577
05,5,66,064,2022,10,20,7,3,7,1,2,1,0,0,0,0,0,395866.306500168982893,5769687.544750169850886,7.480788405000060,52.067974057000100,1,05221001709110274685
05,5,12,000,2022,10,17,3,3,2,6,0,0,1,0,0,0,0,356196.874999816995114,5713579.615999369882047,6.925691406000060,51.554950893000097,0,05221011702340039209
05,5,62,024,2022,10,14,4,3,0,7,0,0,0,0,0,0,1,369312.695999888994265,5724919.442999520339072,7.110539433000040,51.660049250000000,0,05221005701500570567
05,5,66,076,2022,10,12,3,2,5,3,0,0,1,0,0,0,0,394686.683993410028052,5793766.260315709747374,7.456109689000070,52.284156973000101,0,05221011709500891846
05,5,62,014,2022,10,09,4,3,2,5,0,0,1,0,0,0,0,360994.837064646009821,5715096.372386789880693,6.994254103000060,51.569783277000099,0,05221012701300375486
05,5,62,004,2022,10,17,4,3,2,6,0,0,1,0,0,0,0,383223.644999935000669,5718062.499999600462615,7.313849655000070,51.601484374999998,0,05221005701800485336
05,5,62,004,2022,10,16,7,3,5,2,0,0,1,0,0,0,0,383343.713999935018364,5719265.889999600127339,7.315182145000050,51.612324934000100,1,05221001701800389378
05,5,54,004,2022,10,05,3,3,8,1,2,1,0,0,0,0,0,362484.357022621028591,5773734.795921009965241,6.992429839000070,52.097058993000097,1,05221011705000020977
05,5,54,044,2022,10,19,5,3,8,7,2,0,1,0,0,0,0,365860.289395225001499,5748087.886279149912298,7.051711067000040,51.867430833000100,0,05221006705000491822
05,5,15,000,2022,10,13,4,3,3,6,0,1,0,0,0,0,0,404950.684344315028284,5758239.753429450094700,7.616455320000060,51.966711374000099,0,05221012702100072452
05,5,13,000,2022,10,08,6,3,5,3,1,0,0,0,1,0,1,367734.733201262017246,5711273.171341639943421,7.092884317000030,51.537046842999999,0,05221007700000495105
05,5,15,000,2022,10,20,5,3,0,1,2,1,0,0,0,0,0,406359.176999979012180,5756980.608999660238624,7.637294406000020,51.955632645999998,0,05221006702100896653
05,5,15,000,2022,10,14,3,3,3,2,0,1,1,0,0,0,0,407326.356638083991129,5756880.513967080041766,7.651392024000070,51.954894961000001,0,05221004702100870610
05,5,54,004,2022,10,10,4,3,5,3,0,1,1,0,0,0,0,357997.655680657015182,5780377.774336200207472,6.924202201000070,52.155612073000000,0,05221005705000068647
05,5,62,028,2022,10,21,3,3,8,1,2,0,1,0,0,0,0,378108.035527519998141,5722884.739639620296657,7.238343446000040,51.643739316000101,0,05221004701920993529
05,5,62,032,2022,10,16,6,3,3,6,0,1,1,0,0,0,0,375644.725683794997167,5720388.289895039983094,7.203647595000060,51.620764149000102,0,05221007701110748203
05,5,54,028,2022,10,14,4,1,5,3,0,1,1,0,0,0,0,358527.339527425996494,5745115.276241620071232,6.946493497000060,51.838909477000101,0,05221005705000091842
05,5,58,036,2022,10,18,7,3,8,1,0,0,1,0,0,0,0,390726.403239945007954,5725695.575025820173323,7.419754106000030,51.671596969000099,1,05221008706300894281
05,5,66,084,2022,10,14,1,3,8,1,0,0,0,0,1,0,0,392939.752358871977776,5776439.620475850068033,7.435988304000030,52.128100125000103,0,05221009709300993477
05,5,54,004,2022,10,16,2,3,8,1,0,0,1,0,0,0,0,358108.659999832976609,5776304.166999409906566,6.927523766000040,52.119039831000102,0,05221003705000993550
05,5,13,000,2022,10,14,3,2,6,4,0,0,1,1,0,0,0,368832.463827405008487,5708826.304085809737444,7.109614160000040,51.515313508000098,0,05221004700000775310
05,5,13,000,2022,10,21,7,3,2,6,2,0,1,0,0,0,0,366817.744730521983001,5710666.700021940283477,7.079899741000080,51.531381115999999,0,05221001702340096604
05,5,13,000,2022,10,12,3,3,5,2,0,0,1,0,0,0,0,367620.349999877973460,5709107.368999510072172,7.092049988000040,51.517556629000097,0,05221004700000795090
05,5,70,052,2022,10,05,3,3,5,2,2,0,1,0,0,0,0,426475.216999994008802,5762120.266999670304358,7.928868262000040,52.004858881000096,0,05221011711111581616
05,5,54,020,2022,10,14,2,3,0,7,0,1,0,0,0,0,0,366300.652841766015626,5784007.954107100144029,7.044066394000030,52.190303798000102,0,05221003705000372427
05,5,66,052,2022,10,19,4,3,5,3,2,0,1,0,1,0,0,378831.202778846025467,5778822.496628300286829,7.229131748000040,52.146600896999999,0,05221005709300996690
05,5,62,032,2022,10,20,6,3,0,1,2,1,0,0,0,0,0,374692.023654519987758,5722036.228571820072830,7.189303194000050,51.635362927000102,0,05221007701110285655
05,5,15,000,2022,10,15,4,2,0,1,0,1,0,0,0,0,0,408580.170999981986824,5761509.455999660305679,7.668399344000020,51.996710049999997,0,05221005702100473308
05,5,66,012,2022,10,16,7,3,2,6,0,0,1,0,0,0,0,406579.303626076027285,5770584.298054279759526,7.636784744000070,52.077944966000103,1,05221001702350491294
05,5,66,072,2022,10,17,1,3,8,1,0,0,0,0,1,0,0,412488.964233611011878,5799034.674840619787574,7.715642456000070,52.334633770000003,1,05221009709700170497
05,5,70,044,2022,10,16,2,3,5,2,0,1,1,0,0,0,0,416487.510999988997355,5759289.431999670341611,7.784087116000020,51.977999952000097,0,05221010711141291829
05,5,66,060,2022,10,19,5,3,8,1,2,0,1,0,0,0,0,387587.649394265026785,5792070.599404100328684,7.352648444000070,52.267512286000098,0,05221006709500779127
05,5,54,016,2022,10,05,3,3,5,3,1,0,1,0,0,0,0,362033.480488377972506,5756313.075818729586899,6.992872860000030,51.940405822999999,0,05221004705000991841
05,5,15,000,2022,10,14,6,3,0,7,0,0,0,0,0,0,1,405654.596999978995882,5757012.944999660365283,7.627035315000060,51.955804205000000,0,05221014702100096746
05,5,13,000,2022,10,17,5,3,6,4,0,0,1,1,0,0,0,368044.782999879971612,5707477.506999510340393,7.098773571000040,51.503008762000000,0,05221013700000975351
05,5,66,020,2022,10,16,7,2,5,2,0,0,1,0,0,0,0,409220.375999982003123,5802935.283999679610133,7.666630065000050,52.369161255999998,1,05221001709700638412
05,5,12,000,2022,10,17,1,3,5,2,0,1,1,0,0,0,0,357764.235999827971682,5719536.560999399982393,6.945871316000020,51.608876302000098,0,05221009701400479131
05,5,54,044,2022,10,14,2,1,2,6,0,0,1,0,1,0,1,365850.227588167006616,5748313.567351929843426,7.051477353000050,51.869456374000002,0,05221003705000691842
05,5,54,020,2022,10,13,4,3,5,2,0,1,1,0,0,0,0,366340.324999874981586,5785820.047999509610236,7.043931473000040,52.206595825000100,0,05221012705000993439
05,5,13,000,2022,10,09,5,3,2,2,0,0,1,0,0,0,0,369260.433999885979574,5716126.828999520279467,7.113065455000030,51.581020924000001,0,05221006700000175474
05,5,54,012,2022,10,10,3,3,2,6,0,0,1,0,0,0,0,353126.837597985984758,5745522.622787220403552,6.867988586000020,51.841175337000003,0,05221004705000180990
05,5,66,084,2022,10,14,2,3,5,2,0,1,1,0,0,0,0,389746.506999952020124,5776166.401999640278518,7.389447335000060,52.125016878000103,0,05221010709300287315
05,5,58,004,2022,10,14,7,3,1,5,0,0,1,1,0,0,0,408392.647999981010798,5732805.826999650336802,7.673282921000070,51.738669821000002,1,05221001706000194955
05,5,15,000,2022,10,20,1,3,0,3,1,0,1,0,0,0,1,409072.111999983026180,5752860.083999659866095,7.677852115000060,51.919044880999998,0,05221009702100242799
05,5,15,000,2022,10,13,3,3,2,6,0,0,1,0,0,1,0,401995.109170299023390,5748063.147443589754403,7.576344828000060,51.874727791000097,0,05221011702340534481