ULAND,UREGBEZ,UKREIS,UGEMEINDE,UJAHR,UMONAT,USTUNDE,UWOCHENTAG,UKATEGORIE,UART,UTYP1,ULICHTVERH,IstRad,IstPKW,IstFuss,IstKrad,IstGkfz,IstSonstige,LINREFX,LINREFY,XGCSWGS84,YGCSWGS84,STRZUSTAND,UIDENTSTLAE
05,5,15,000,2022,10,16,6,3,5,2,0,1,1,0,0,0,0,405610.652999977988657,5752104.896999659948051,7.627742646000060,51.911680873000101,1,05221014702100076689
05,5,15,000,2022,10,11,7,3,2,6,0,0,1,0,0,0,0,402261.000293094024528,5762752.957699090242386,7.576030775000050,52.006810556000097,1,05221001702350091777
05,5,58,024,2022,10,18,5,3,6,7,0,0,1,1,0,0,0,393778.619758807006292,5736207.201282160356641,7.460670533000040,51.766662446000097,0,05221006706300235116
05,5,15,000,2022,10,16,6,3,6,6,0,1,0,1,0,0,0,406159.737314098980278,5756693.413401289843023,7.634471389000050,51.953017576000001,0,05221007702100074754
05,5,58,012,2022,10,23,1,2,9,7,2,0,1,0,0,0,0,377247.247987920010928,5750865.290891840122640,7.216020460000040,51.895012591000103,0,05221002706000595562
05,5,58,032,2022,10,16,1,3,9,1,0,1,0,0,0,0,0,392387.088840541022364,5755261.739432070404291,7.434580742000040,51.937655844000098,0,05221009706000395562
05,5,54,004,2022,10,16,2,3,1,6,0,0,1,0,0,0,0,363975.755355163011700,5770320.494315179996192,7.015549912000040,52.066748657000097,1,05221010705000993458
05,5,15,000,2022,10,21,2,2,2,6,1,0,1,0,1,0,0,413063.616445132007357,5754604.280470579862595,7.735434837000070,51.935360762000101,0,05221003702100176689
05,5,66,072,2022,10,16,6,3,5,2,0,0,1,0,0,0,0,411127.238999983994290,5803063.004999689757824,7.694596223000080,52.370621833000001,0,05221007709700176376
05,5,15,000,2022,10,16,4,3,5,3,0,1,1,0,0,0,0,405520.557999978016596,5755518.681999660097063,7.625496054000050,51.942350346000097,0,05221012702100139947
05,5,62,032,2022,10,06,6,3,5,2,1,0,1,0,0,0,0,372751.625999900978059,5720160.756999550387263,7.161961362000060,51.618072660000102,0,05221007701110595013
05,5,58,004,2022,10,06,5,2,4,6,2,0,1,0,1,0,0,404992.002849441021681,5731617.836323720403016,7.624371896000070,51.727425050000100,0,05221013706300096594
05,5,54,064,2022,10,15,3,2,2,6,0,0,1,0,0,1,0,363004.881584275979549,5748863.150776050053537,7.009957350000040,51.873703298000102,0,05221011702340405260
05,5,15,000,2022,10,23,5,3,0,1,2,1,0,0,0,0,0,406863.482652457023505,5756817.492896090261638,7.644675290000070,51.954251167000102,0,05221006702100879352
05,5,62,014,2022,10,21,4,3,2,6,2,0,0,0,1,0,1,358290.510999831021763,5714217.944999399594963,6.955613256000050,51.561216650000098,0,05221012701300551211
05,5,62,012,2022,10,12,5,3,5,3,0,1,1,0,0,0,0,360047.204999841982499,5726280.641999430023134,6.976122030000060,51.670050050999997,0,05221013701610047422
05,5,13,000,2022,10,14,3,3,2,6,0,0,1,0,0,0,0,368596.786255956976674,5712849.340211589820683,7.104718237000040,51.551412785000103,0,05221004700000095086
05,5,58,016,2022,10,13,1,3,0,1,0,0,0,0,1,0,0,386422.994719803973567,5749105.100815639831126,7.349890027000070,51.881138596000000,0,05221009702330591821
05,5,15,000,2022,10,14,7,3,0,6,0,1,0,0,0,0,0,406224.556475971010514,5757694.403343490324914,7.635141089000060,51.962025879000102,0,05221029702100261999
05,5,70,028,2022,10,20,1,2,8,1,2,0,1,0,0,0,0,439051.073768133006524,5739617.937101869843900,8.116031248000070,51.804085608000001,0,05221016301911394242
05,5,13,000,2022,10,14,5,3,0,1,0,1,0,0,0,0,0,368899.499916641972959,5708607.951794779859483,7.110660927000030,51.513366777999998,1,05221020700000993308
05,5,15,000,2022,10,14,6,3,5,2,0,0,1,0,0,0,0,411042.565999982994981,5751987.658999660052359,7.706721119000060,51.911521120000003,0,05221028702100064311
05,5,62,012,2022,10,12,4,3,5,3,0,1,1,0,0,0,0,359098.416999835986644,5726741.432999419979751,6.962224917000070,51.673953474000001,0,05221019701610878460
05,5,62,024,2022,10,14,3,3,3,6,0,0,1,0,0,0,0,371963.234685392002575,5729258.591857260093093,7.147247548000050,51.699654174000003,0,05221018702340391864
05,5,15,000,2022,10,07,4,3,5,2,1,1,1,0,0,0,0,399375.299999970011413,5756988.795999649912119,7.535693950000050,51.954486393000103,0,05221026702100074714
05,5,15,000,2022,10,09,3,3,0,1,0,1,0,0,0,0,0,405378.858678590971977,5759119.340319200418890,7.622443458000020,51.974690505000098,1,05221025702100491835
05,5,62,020,2022,10,07,2,3,1,1,1,1,1,0,0,0,0,370433.376199415011797,5719138.162891330197453,7.128872495000050,51.608354000000098,1,05221017701200094948
05,5,58,040,2022,10,15,5,2,5,3,0,0,1,0,1,0,0,371523.867999897978734,5763317.201999549753964,7.128234307000070,52.005618588000097,0,05221027706000285477
05,5,62,024,2022,10,13,6,2,0,1,0,1,0,0,0,0,0,370551.503800482023507,5726035.800761059857905,7.128026063000050,51.670368283000101,1,05221021701500581160
05,5,66,040,2022,10,16,3,3,9,1,0,0,1,0,0,0,0,422739.775999990990385,5783237.624999679625034,7.869671664000070,52.194176798000100,0,05221018709800381124
05,5,54,032,2022,10,16,7,2,0,1,0,1,0,0,0,0,0,327863.187999577028677,5746415.904998440295458,6.501165653000040,51.841984461999999,0,05221015705000695049
05,5,15,000,2022,10,13,2,3,4,2,0,1,1,0,0,0,0,407069.436999979021493,5757446.472999660298228,7.647501301000030,51.959939218999999,0,05221024702100491748
05,5,54,008,2022,10,12,3,3,5,3,0,1,1,0,0,0,0,331614.938487762003206,5746032.288336910307407,6.555760801000080,51.839682295000003,0,05221018705000986931
05,5,15,000,2022,10,14,4,3,2,6,0,0,1,0,0,0,0,406939.528999980015215,5756954.989999660290778,7.645744344000040,51.955499792000097,0,05221026702100665384
05,5,54,068,2022,10,13,1,2,8,1,0,0,1,0,0,0,0,352093.388276539975777,5770672.020627889782190,6.842174097000050,52.066861858000003,0,05221016705000989359
05,5,62,014,2022,10,09,4,3,5,3,0,0,1,0,0,0,0,359143.393999835010618,5715254.816999419592321,6.967493550000030,51.570747584999999,0,05221019701300894939
05,5,15,000,2022,10,13,2,3,5,2,0,1,1,0,0,0,0,406092.273229756974615,5758943.707922830246389,7.632874661000070,51.973232859000099,0,05221024702100579126
05,5,15,000,2022,10,07,3,3,0,7,1,1,0,0,0,0,0,405455.252999979013111,5759121.153999660164118,7.623554810000030,51.974719809000099,1,05221025702000974771
05,5,15,000,2022,10,01,6,3,0,1,2,1,0,0,0,0,0,405164.524999979010317,5756897.740999660454690,7.619937553000060,51.954685343000101,1,05221021702100768281
05,5,58,016,2022,10,14,6,3,3,2,0,1,1,0,0,0,0,381433.172740907000843,5743457.950420109555125,7.279367055000020,51.829348298000099,0,05221014706100896570
05,5,70,040,2022,10,17,3,1,5,3,0,0,1,0,1,0,0,418179.322466404002625,5746214.407889720052481,7.811820703000020,51.860718407000000,0,05221018711231079615
05,5,58,008,2022,10,15,5,3,2,2,0,0,1,0,1,0,0,391897.265005444991402,5763861.668777409940958,7.424749273000030,52.014853625999997,1,05221020706200381437
05,5,13,000,2022,10,23,6,2,0,7,2,0,0,0,0,0,1,364498.114999863028061,5708559.344999480061233,7.047288566000020,51.511891525000102,0,05221028700000371489
05,5,15,000,2022,10,12,2,3,0,5,0,0,1,0,0,0,0,407225.048813848989084,5756892.423083799891174,7.649914996000060,51.954985115000099,0,05221017702100039947
05,5,13,000,2022,10,07,2,3,0,7,1,1,0,0,0,0,0,366668.202999875007663,5715110.492999499663711,7.076060658000070,51.571280320000000,1,05221024700000095153
05,5,58,024,2022,10,02,7,3,5,3,2,0,1,0,0,0,0,392539.747999958985019,5736057.436999630182981,7.442770600000070,51.765079951000097,0,05221029706300176763
05,5,66,008,2022,10,16,5,2,0,2,0,1,1,0,0,0,0,399297.390999968978576,5779422.374999660067260,7.527947181000060,52.156103436000102,1,05221020709110379617
05,5,13,000,2022,10,08,6,3,2,2,1,0,1,0,0,0,0,367245.372999875980895,5708971.861999499611557,7.086699830000040,51.516250872000100,1,05221021700000991225
05,5,66,064,2022,10,22,2,3,0,7,2,0,1,0,0,0,0,394997.351836837013252,5770343.343003069981933,7.467914301000060,52.073704077999999,0,05221017709110293606
05,5,15,000,2022,10,16,5,3,4,2,0,1,0,0,1,0,0,406162.774562760023400,5758189.709834580309689,7.634106815000050,51.966467495000103,0,05221027702100974053
05,5,66,076,2022,10,07,6,3,0,2,1,0,1,0,0,0,1,393047.632788856979460,5793885.228309759870172,7.432053176000070,52.284909646000102,0,05221021709500338292
05,5,66,072,2022,10,22,6,3,5,3,2,0,1,0,0,0,0,412612.468999986012932,5801844.987999680452049,7.716723265000040,52.359913031000097,1,05221014709700538412
05,5,13,000,2022,10,06,4,3,5,3,2,1,1,0,0,0,0,367129.205557885987218,5714955.763544250279665,7.082767289000060,51.569998662000003,0,05221019700000524635
05,5,66,068,2022,10,12,6,2,5,3,0,0,1,0,0,0,0,378913.414764177985489,5786705.474837380461395,7.227517728000070,52.217458366000102,0,05221028709300691780
05,5,70,004,2022,10,06,2,2,0,6,2,0,1,0,0,0,0,422723.880359318980481,5733686.201100099831820,7.880594859000040,51.748743551000103,1,05221017711215690683
05,5,13,000,2022,10,12,2,3,1,5,0,0,1,0,0,0,0,364683.016454346012324,5715347.652213010005653,7.047341420000070,51.572938573999998,0,05221024700000989544
05,5,62,032,2022,10,01,7,2,6,6,2,1,0,1,0,0,0,373418.703907057992183,5720004.877911459654570,7.171647979000060,51.616822193000097,0,05221029701110651833
05,5,13,000,2022,10,16,3,2,0,7,0,0,0,0,0,0,1,363673.552751218026970,5710649.579299709759653,7.034604641000040,51.530476862999997,1,05221025700000895153
05,5,62,036,2022,10,06,5,3,5,6,2,0,1,0,0,0,0,388740.263999951013830,5719985.470999619923532,7.392859970000070,51.619884946000099,0,05221027701930174428
05,5,66,004,2022,10,09,3,3,4,2,0,0,1,0,0,0,0,398748.486683564027771,5769233.263960699550807,7.522956077000060,52.064425427000103,0,05221018709110992648
05,5,70,028,2022,10,19,7,2,1,5,2,1,1,0,0,0,0,440560.454508466995321,5741969.116210480220616,8.137516287000039,51.825385742999998,0,05221022711412902810
05,5,54,004,2022,10,17,6,3,9,7,0,0,1,0,0,0,0,358543.974432340997737,5771791.146922199986875,6.935750967000050,52.078602063000098,0,05221028705000591207
05,5,66,016,2022,10,18,4,3,1,6,2,0,1,0,0,0,0,406265.872392072982620,5790891.388401480391622,7.626603033000040,52.260414644999997,0,05221019709500091846
05,5,58,016,2022,10,13,3,3,3,2,0,1,0,0,0,1,0,384781.319435985991731,5743160.155517820268869,7.328031582000050,51.827372505000000,0,05221018706000596570
05,5,62,032,2022,10,19,7,3,6,6,2,1,0,1,0,0,0,373915.445594968972728,5719328.825707499869168,7.179062263000050,51.610857995000103,1,05221015701110595043
05,5,54,032,2022,10,11,3,3,5,2,0,0,0,0,0,1,1,323853.712999530020170,5744075.854998189955950,6.444214483000050,51.819715280000104,0,05221025705000096651
05,5,66,028,2022,10,07,6,3,5,3,2,0,1,0,0,0,0,409559.337999982002657,5797296.361999680288136,7.673125635000080,52.318534591000102,0,05221014709700296559
05,5,66,008,2022,10,18,3,3,4,6,2,1,0,0,0,0,0,400648.456425448006485,5782652.228430289775133,7.546744161000050,52.185377494000100,0,05221018709110896499
05,5,62,032,2022,10,08,2,3,5,3,0,1,1,0,0,0,0,375358.624999910010956,5718694.903999559581280,7.200119173000080,51.605482213000101,1,05221024701110498974
05,5,58,004,2022,10,14,2,3,6,4,0,0,1,1,0,0,0,405432.214398119016550,5738875.556500540114939,7.628768708000050,51.792737334999998,1,05221017706300496594
05,5,66,072,2022,10,19,7,3,8,1,2,0,1,0,0,0,0,412390.571504725026898,5799185.187455420382321,7.714159548000050,52.335970900000099,0,05221029709000993225
05,5,15,000,2022,10,08,3,3,2,6,0,0,1,0,1,0,0,406121.087420773983467,5758298.653540509752929,7.633470417000070,51.967439691999999,1,05221025702100065835
05,5,54,008,2022,10,16,6,3,5,3,0,0,1,0,0,0,0,335552.514484752027784,5746046.249290410429239,6.612856935000020,51.840981042000102,0,05221021705000041533
05,5,58,004,2022,10,04,7,2,2,6,2,0,1,0,0,0,0,406812.210075606009923,5732950.621838729828596,7.650362001000080,51.739710791999997,1,05221022702330091821
05,5,66,088,2022,10,18,5,3,4,1,0,0,1,0,0,0,0,414994.432689799985383,5786009.347541729919612,7.755687944000040,52.217950778000002,1,05221020709800796553
05,5,13,000,2022,10,14,5,3,3,6,0,0,1,0,0,0,0,365727.183999871020205,5714399.715999489650130,7.062761935000030,51.564669619000000,1,05221020700000067048
05,5,12,000,2022,10,18,4,3,5,2,0,1,1,0,0,0,0,356677.616999819991179,5711907.811999379657209,6.933302094000060,51.540050737000101,0,05221019701400385418
05,5,15,000,2022,10,22,7,3,0,1,2,0,0,0,0,0,1,405612.437109999998938,5759095.971878809854388,7.625849414000070,51.974520181999999,1,05221022702100679138
05,5,15,000,2022,10,07,4,3,1,7,1,0,1,0,0,0,1,401810.318758603010792,5753037.783803280442953,7.572244570000070,51.919408938000103,0,05221026702100470560
05,5,62,020,2022,10,22,1,3,8,7,2,0,1,0,0,0,0,369921.002079466998111,5719653.535119590349495,7.121286111000070,51.612867370000103,1,05221016701200075229
05,5,15,000,2022,10,19,7,3,2,7,2,0,1,0,1,0,0,408459.273999982979149,5753946.160999660380185,7.668654830000040,51.928706831000099,0,05221029702100079192
05,5,15,000,2022,10,14,3,3,5,3,0,1,1,0,0,0,0,404285.801994158013258,5758225.126952909864485,7.606784403000060,51.966465821000000,0,05221025702100079126
05,5,62,020,2022,10,17,2,2,2,6,1,0,1,0,0,0,0,370559.807499597023707,5717622.996041099540889,7.131256487000030,51.594766602999997,1,05221017701200895112
05,5,62,020,2022,10,13,6,2,2,6,0,0,1,0,1,0,0,371184.291367563011590,5717988.656450569629669,7.140132848000060,51.598195878000098,1,05221021701200794956
05,5,62,014,2022,10,11,6,2,9,6,0,0,1,0,0,0,0,360230.635776843992062,5713558.110358149744570,6.983846181000050,51.555771452000002,0,05221014702340020181
05,5,58,008,2022,10,18,2,2,9,1,2,0,1,0,0,0,0,389129.215149588999338,5762417.801730710081756,7.384898272000040,52.001330935000098,1,05221017706200093451
05,5,12,000,2022,10,16,3,2,2,6,0,0,1,0,0,0,1,356331.857414969010279,5707704.418547400273383,6.930033564000040,51.502191914000001,0,05221018500630086651
05,5,66,072,2022,10,07,6,3,2,1,1,0,1,0,0,0,0,407276.504999981028959,5800081.947999680414796,7.638875425000040,52.343190329000002,1,05221021709700011895
05,5,54,020,2022,10,15,6,3,5,3,0,0,1,0,0,0,0,364754.242999868001789,5786901.676999500021338,7.020302445000030,52.215927637000000,1,05221014705000581393
05,5,58,016,2022,10,07,7,3,8,1,2,0,1,0,0,0,0,375399.176999913004693,5745681.271999569609761,7.191047322000030,51.848015441000001,1,05221015706000865895
05,5,62,012,2022,10,14,6,3,5,2,0,0,1,0,0,0,0,362346.108999854011927,5729774.658999459818006,7.007966975000040,51.702015261000000,0,05221028701620016847
05,5,62,004,2022,10,06,4,3,1,5,2,1,1,0,0,0,0,383301.277123678999487,5711476.913605660200119,7.317157622000020,51.542310993999997,0,05221019701800585634
05,5,54,020,2022,10,12,2,2,5,2,0,1,1,0,0,0,0,366009.656987387978006,5783321.450396509841084,7.040083352000070,52.184064659000100,0,05221024705000220946
05,5,13,000,2022,10,18,7,3,5,2,1,0,1,0,0,0,0,368022.690999880025629,5705267.407999509945512,7.099281911000050,51.483141920999998,1,05221015700000694984
05,5,58,032,2022,10,10,4,2,2,6,0,0,1,0,0,0,1,389113.984518366982229,5752803.144808829762042,7.387779849000030,51.914916613000102,0,05221026706200049812
05,5,62,024,2022,10,12,7,2,0,1,0,1,0,0,0,0,0,374269.455999906000216,5724698.387999559752643,7.182243532000030,51.659193394000098,1,05221029701500955784
05,5,70,004,2022,10,11,2,3,0,3,0,0,1,0,0,1,0,423967.435999993002042,5734923.426999660208821,7.898334499000040,51.760035967000100,0,05221017711213502925
05,5,15,000,2022,10,22,5,3,5,3,2,0,1,0,0,0,0,403887.837884760985617,5754772.037798680365086,7.601959183000080,51.935359570000102,0,05221027702100068281
05,5,70,028,2022,10,12,7,3,7,6,0,0,1,0,0,0,0,440657.400486898026429,5741036.913499150425196,8.139082590000040,51.817015343999998,0,05221022711411993310
05,5,66,084,2022,10,18,6,3,5,3,1,1,1,0,0,0,0,386324.619113549008034,5778332.760027159936726,7.338759512000020,52.143792755000000,0,05221028709300112283
05,5,62,014,2022,10,15,3,3,2,6,0,0,1,0,0,0,0,360133.386673066997901,5712611.005173830315471,6.982820908000060,51.547236595000101,0,05221018701300081320
05,5,62,032,2022,10,17,7,3,2,6,0,1,1,0,0,0,0,377705.138999918999616,5717441.494999569840729,7.234423480000030,51.594731951000000,0,05221022701110993292
05,5,66,040,2022,10,14,7,2,0,3,0,1,1,0,0,0,0,423361.759771156997886,5781253.705726609565318,7.879217983000050,52.176430249000099,0,05221022709800700966
05,5,15,000,2022,10,18,4,3,5,2,0,1,1,0,0,0,0,406462.400999978999607,5761336.057999660260975,7.637609022000050,51.994798774000103,0,05221019702100792506
05,5,62,024,2022,10,07,2,3,5,2,1,1,1,0,0,0,0,367663.218999879027251,5723838.558999509550631,7.087114832000050,51.649949950000099,1,05221024701500598869
05,5,58,032,2022,10,12,6,2,2,6,0,0,1,0,0,1,0,390317.647053326014429,5751877.565453460440040,7.405567761000040,51.906836222999999,1,05221021706000636378
05,5,62,024,2022,10,07,7,2,9,1,2,0,1,0,0,0,0,370121.830627964984160,5726824.573432910256088,7.121522774000030,51.677357522000101,1,05221015702340047653
05,5,70,008,2022,10,18,2,3,5,3,2,1,1,0,0,0,0,433911.011999995971564,5734788.271999659948051,8.042413222000050,51.760082783000001,1,05221017711311891389
05,5,15,000,2022,10,07,3,3,0,1,1,1,0,0,0,0,0,408634.071659562003333,5753518.591353490017354,7.671309813000050,51.924892274999998,1,05221025702100391866
05,5,13,000,2022,10,06,6,3,5,2,2,1,1,0,0,0,0,370297.204999890003819,5709373.071999530307949,7.130510619000060,51.520565452000000,0,05221021700000789618
05,5,15,000,2022,10,20,4,2,5,2,2,0,0,0,0,0,1,404287.162536684016231,5759011.550217200070620,7.606584942000040,51.973534698000002,0,05221026702100691835
05,5,54,004,2022,10,15,2,3,4,6,0,0,1,0,0,0,1,364490.490556277974974,5765937.981834850274026,7.024792082000030,52.027495602000002,1,05221024705000128616
05,5,66,008,2022,10,21,7,3,9,7,2,0,1,0,0,0,0,400942.897173452016432,5779515.933959979563951,7.551965218000020,52.157242003000100,0,05221029709110296522
05,5,66,028,2022,10,07,5,3,0,7,2,1,0,0,0,0,0,414627.056999986991286,5792132.150999680161476,7.748764344000050,52.272928413999999,1,05221027709700547179
05,5,15,000,2022,10,15,1,3,4,5,0,0,1,0,0,0,0,410875.597750206012279,5759966.602483349852264,7.702225635000050,51.983215031999997,0,05221023702100076673
05,5,70,008,2022,10,10,3,3,4,6,0,1,0,0,0,0,0,434188.889999996987171,5734103.440999659709632,8.046568569000041,51.753958820999998,1,05221018711311776703
05,5,54,008,2022,10,08,7,3,2,5,0,0,1,0,0,0,0,330687.909118858980946,5742463.326499779708683,6.544062570000050,51.807342196000000,1,05221022705000195078
05,5,62,012,2022,10,12,5,3,9,6,0,0,1,0,0,0,0,364318.623818908992689,5723618.296547540463507,7.038885368000020,51.647173447000100,0,05221020702340591226
05,5,58,004,2022,10,07,6,3,8,7,1,0,1,0,0,0,0,406829.071450480027124,5732791.378776749596000,7.650648775000040,51.738282181999999,1,05221014702330987221
05,5,70,036,2022,10,10,4,2,5,3,0,0,1,0,0,0,0,432634.770999996981118,5767270.727999679744244,8.017573480000070,52.051941118000101,0,05221019711121981965
05,5,58,016,2022,10,05,3,3,2,1,2,0,1,0,0,0,0,382607.646999934979249,5743564.832999610342085,7.296366514000060,51.830556921000003,0,05221018706100596538
05,5,54,004,2022,10,15,6,2,5,2,0,1,1,0,0,0,0,357995.432029447983950,5770303.954153000377119,6.928370593000070,52.065099279999998,0,05221028705000755916
05,5,66,004,2022,10,16,1,2,9,1,0,0,1,0,0,0,0,393918.093620885978453,5765599.498900000005960,7.453646012000040,52.030862618000100,0,05221016709110993387
05,5,12,000,2022,10,13,1,3,2,1,0,0,1,0,0,0,0,356394.901462561974768,5714469.394570140168071,6.928182444000070,51.562996667000000,0,05221016702340596061
05,5,15,000,2022,10,10,2,3,5,2,0,1,1,0,0,0,0,405394.231217193999328,5755577.986329800449312,7.623642485000060,51.942861933000103,1,05221017702100862434
05,5,66,032,2022,10,07,3,3,5,3,2,0,1,0,0,0,0,415351.410999985993840,5777998.813999679870903,7.762911866000020,52.146002437999996,0,05221025709800461948
05,5,66,016,2022,10,13,5,3,2,1,0,0,1,0,0,0,1,404588.611358196008950,5793394.513585030101240,7.601327558000040,52.282624019000103,0,05221027709500979091
05,5,70,020,2022,10,14,6,3,5,3,0,0,1,0,0,0,1,438071.879999996977858,5747185.254999670200050,8.100476723000041,51.872008949000097,1,05221014711422196892
05,5,54,012,2022,10,10,4,2,4,2,0,1,1,0,0,0,0,352240.513228754978627,5745890.500723919831216,6.854975244000060,51.844246867000003,0,05221019705000881092
05,5,66,072,2022,10,05,2,3,0,1,2,1,0,0,0,0,0,412751.856354949006345,5802615.241605619899929,7.718569288000030,52.366858393000001,1,05221024709700770497
05,5,62,024,2022,10,12,7,3,0,1,0,1,0,0,0,0,0,370360.193999890005216,5725446.615999530069530,7.125479712000070,51.665029373000003,1,05221022701500148703
05,5,66,028,2022,10,18,3,3,5,2,2,1,1,0,0,0,0,412213.253702018992044,5791723.308378379791975,7.713503304000030,52.268873519000103,0,05221018709700670575
05,5,15,000,2022,10,13,6,3,0,1,0,1,0,0,0,0,0,406087.201999977987725,5758927.320999659597874,7.632805339000070,51.973084708999998,0,05221028702100976731
05,5,15,000,2022,10,15,4,3,5,4,0,1,0,1,0,0,0,405195.081999978981912,5755299.673999659717083,7.620822832000040,51.940326438000099,0,05221019702100568372
05,5,54,048,2022,10,09,3,3,2,2,0,0,1,0,0,0,0,341945.687999716028571,5744964.111999049782753,6.706073556000040,51.833105186000097,1,05221018705000041533
05,5,54,020,2022,10,20,1,3,5,7,2,1,1,0,0,0,1,364518.031600521993823,5787311.178898219950497,7.016683128000070,52.219549076000099,0,05221016705000681049
05,5,62,016,2022,10,18,1,3,0,1,0,1,0,0,0,0,0,375573.584999911021441,5735633.580999569967389,7.197184415000040,51.757757775000101,0,05221016701700285375
05,5,66,068,2022,10,10,2,3,8,1,0,0,1,0,0,0,0,371223.142999896022957,5784072.490999559871852,7.116011689000060,52.192055156999999,0,05221017702340287450
05,5,13,000,2022,10,18,5,3,6,4,1,0,1,1,0,0,0,364252.470209343999159,5716492.622187339700758,7.040689884000070,51.583124169000001,1,05221027700000795033
05,5,62,012,2022,10,11,6,3,5,3,0,1,1,0,0,0,0,357469.617999827023596,5735446.301999400369823,6.935124688000030,51.751760757000099,0,05221021701620580956
05,5,66,008,2022,10,21,7,3,7,7,2,0,1,0,0,0,0,393519.799490496981889,5782078.417620039545000,7.442690889000060,52.178890322000001,0,05221022709110547851
05,5,15,000,2022,10,12,7,3,0,7,0,1,0,0,0,0,0,406950.150999978999607,5758340.339999659918249,7.645523556000060,51.967953792000102,0,05221015702100091835
05,5,13,000,2022,10,03,2,3,9,1,2,0,1,0,0,0,0,370718.673105248017237,5715258.840833740308881,7.134419311000040,51.573556834000001,1,05221024702340295740
05,5,58,016,2022,10,19,3,3,1,5,2,1,1,0,0,0,0,381523.870591013983358,5743756.103869619779289,7.280580552000060,51.832047096000103,0,05221018706100027034
05,5,13,000,2022,10,11,7,2,5,3,0,1,1,0,0,0,0,365283.321236289979424,5716823.431773610413074,7.055432458000040,51.586344317000098,0,05221022700000877491
05,5,15,000,2022,10,06,4,3,8,1,2,0,1,0,0,0,0,403577.817858045978937,5754203.430595009587705,7.597610471000050,51.930195091000002,1,05221026702330247497
05,5,12,000,2022,10,14,7,2,5,3,0,1,1,0,0,0,0,355572.843999813019764,5718648.131999360397458,6.914612156000030,51.600335410000099,0,05221029701400298889
05,5,54,020,2022,10,05,2,3,4,2,2,0,1,0,0,0,0,365251.969999870983884,5785996.908999499864876,7.027943529000030,52.207919972000099,1,05221017705000765798
05,5,70,008,2022,10,07,5,3,1,3,1,1,1,0,0,0,0,433288.989532980020158,5739597.360011179931462,8.032477499000040,51.803242785000101,0,05221027711314884994
05,5,62,004,2022,10,13,3,3,2,7,0,0,1,0,0,0,1,382883.103430057002697,5713050.793856839649379,7.310606216000050,51.556369998999998,0,05221025701800581301
05,5,13,000,2022,10,22,2,3,9,7,2,1,0,0,0,0,0,366985.259999877016526,5712360.043999499641359,7.081673480000060,51.546638051999999,0,05221017700000993360
05,5,54,008,2022,10,13,6,2,0,7,0,1,0,0,0,0,0,334272.552125171991065,5747463.271115509793162,6.593615330000030,51.853332147000103,1,05221021705000080993
05,5,15,000,2022,10,18,6,3,5,3,1,1,1,0,0,0,0,405774.855533982976340,5756899.688668549992144,7.628815898000030,51.954806595999997,0,05221028702100142442
05,5,66,028,2022,10,07,2,3,8,1,1,0,1,0,0,0,0,414518.309539822977968,5792687.613942950032651,7.747030142000030,52.277904231999997,1,05221017709700772366
05,5,13,000,2022,10,12,2,3,2,6,0,0,1,0,0,0,0,365324.509939029987436,5715130.426937850192189,7.056675858000060,51.571140097000097,0,05221024700000519959
05,5,70,008,2022,10,13,5,3,8,1,0,1,0,0,0,0,0,432377.362899192026816,5738620.081658580340445,8.019448687000020,51.794347587000097,0,05221027711314385567
05,5,66,084,2022,10,16,5,3,2,1,0,0,1,0,0,0,0,382230.982835427974351,5782280.847571410238743,7.277594756000040,52.178415248000100,1,05221020709300427831
05,5,15,000,2022,10,09,6,2,3,6,0,0,1,0,0,1,0,400750.012317200016696,5753491.988912530243397,7.556701191000060,51.923303451000002,1,05221021702330491119
05,5,70,028,2022,10,20,4,3,5,3,2,0,1,0,0,0,1,439243.462521296984050,5741834.959671700373292,8.118432340000030,51.824037979000103,0,05221019711412594425
05,5,70,040,2022,10,06,4,2,6,2,2,0,1,1,0,0,0,418484.484751781972591,5744227.153456309810281,7.816719823000030,51.842899113000001,0,05221026711231179615
05,5,66,012,2022,10,20,6,2,1,6,2,0,1,0,0,0,0,408370.385140710975975,5772386.431865859776735,7.662428538000030,52.094442536000003,0,05221021702350549908
05,5,62,004,2022,10,19,7,2,2,6,2,0,1,0,0,0,0,385129.841398259974085,5717272.808266139589250,7.341619572000070,51.594778804000001,0,05221029301911785057
05,5,15,000,2022,10,06,7,3,6,2,2,0,1,1,0,0,0,406305.052999979001470,5756676.909999660216272,7.636589821000030,51.952893736000100,1,05221022702100796554
05,5,13,000,2022,10,17,2,3,2,6,0,0,1,0,0,0,1,370221.152999889978673,5710609.305999529547989,7.128959610000040,51.531657881999998,1,05221024700000275758
05,5,70,020,2022,10,19,2,1,4,6,1,0,1,0,0,0,0,431154.425031123973895,5743024.060988199897110,8.000843297000070,51.833789619000100,1,05221017711421054394
05,5,54,012,2022,10,13,7,3,2,6,0,0,1,0,0,0,0,352121.813020365021657,5752709.916269679553807,6.850332346000070,51.905486703000101,0,05221029705000391736