ULAND,UREGBEZ,UKREIS,UGEMEINDE,UJAHR,UMONAT,USTUNDE,UWOCHENTAG,UKATEGORIE,UART,UTYP1,ULICHTVERH,IstRad,IstPKW,IstFuss,IstKrad,IstGkfz,IstSonstige,LINREFX,LINREFY,XGCSWGS84,YGCSWGS84,STRZUSTAND,UIDENTSTLAE
05,5,15,000,2022,10,14,5,3,5,6,0,1,0,0,0,0,0,403035.080999974976294,5757933.662999659776688,7.588667144000060,51.963629298999997,0,05221027702100291835
05,5,66,028,2022,10,18,7,3,5,3,0,1,1,0,0,0,0,408642.920983379997779,5795928.203038269653916,7.660056093000040,52.306085797000001,1,05221022709700048420
05,5,15,000,2022,10,16,5,3,6,4,0,1,1,1,0,0,0,405421.711545386002399,5756104.740426730364561,7.623897241000070,51.947601306000102,1,05221020702100568386
05,5,12,000,2022,10,10,5,3,2,6,0,0,1,0,0,0,0,356616.802212734997738,5711642.003460929729044,6.932534034000070,51.537646788000103,0,05221020701400894960
05,5,62,008,2022,10,11,6,3,4,3,0,1,1,0,0,0,0,384417.337623741012067,5721473.940027110278606,7.329952358000070,51.632391713000104,0,05221028701910277766
05,5,15,000,2022,10,10,6,3,3,2,0,1,1,0,0,0,0,406899.475673670996912,5755810.549184310249984,7.645471662000030,51.945206259000003,0,05221014702100791832
05,5,54,008,2022,10,15,3,3,5,3,0,1,1,0,0,0,0,334218.385523187986109,5745996.985372640192509,6.593532502000070,51.840144044000098,0,05221018705000586828
05,5,62,032,2022,10,19,7,3,2,6,2,0,1,0,0,0,0,378674.322999921976589,5717809.001999580301344,7.248281471000040,51.598244444000002,0,05221022701110330818
05,5,66,028,2022,10,03,1,3,8,1,2,0,1,0,0,0,0,408403.721554983989336,5791865.697412810288370,7.657653001000030,52.269531966999999,1,05221016702350549908
05,5,58,044,2022,10,23,3,2,9,1,2,0,1,0,0,0,0,393727.427607339981478,5751850.394319909624755,7.455123721000060,51.907252933999999,0,05221025706300496612
05,5,62,036,2022,10,14,1,3,6,6,0,1,0,1,0,0,0,384269.335310915019363,5719884.026365320198238,7.328340220000030,51.618071614000002,0,05221016701930048826
05,5,54,012,2022,10,22,5,3,6,6,2,1,0,1,0,0,0,352332.942842992022634,5745631.466474940069020,6.856426623000060,51.841943921000102,0,05221027705000491584
05,5,66,052,2022,10,15,1,3,2,5,0,0,1,0,0,0,0,378748.573952810023911,5778738.556957219727337,7.227954715000070,52.145828446000102,0,05221016709300096683
05,5,58,004,2022,10,08,2,3,5,3,0,0,1,0,0,0,0,405544.080930522002745,5737795.316305750049651,7.630684367000070,51.783046267000003,0,05221017706300096684
05,5,62,012,2022,10,14,7,3,5,3,0,1,1,0,0,0,0,359287.189999838010408,5725825.599999420344830,6.965322049000060,51.665771307000099,1,05221015701610095159
05,5,62,032,2022,10,16,7,3,3,1,0,0,1,0,0,0,0,374512.734003370977007,5716393.024248779751360,7.188733944000030,51.584607163999998,0,05221029702340396655
05,5,15,000,2022,10,20,6,2,0,3,2,0,1,0,1,0,0,404682.864190332009457,5758512.548620560206473,7.612482411000030,51.969117498999999,1,05221021702100779161
05,5,70,048,2022,10,07,3,3,6,4,1,0,1,1,0,0,0,448106.798000000009779,5732272.788999659940600,8.248454727000020,51.738962695000097,1,05221018711321902693
05,5,58,012,2022,10,13,7,3,1,5,0,1,0,0,0,0,0,378193.291999919980299,5756743.870999589562416,7.227682451000020,51.948049656000101,1,05221022706200096587
05,5,70,020,2022,10,13,5,3,6,6,0,0,1,1,0,0,0,434131.829449383018073,5748561.077743870206177,8.042992166000030,51.883926050000099,0,05221020711422781044
05,5,15,000,2022,10,21,7,3,9,7,2,0,0,0,0,0,1,403596.573999974993058,5758620.981999659910798,7.596644092000080,51.969904786000001,1,05221015702100579138
05,5,13,000,2022,10,16,5,2,0,1,0,0,0,0,1,0,0,366341.104241756023839,5709653.762313880026340,7.073416500000060,51.522165621000099,1,05221020700000196673
05,5,15,000,2022,10,12,6,3,0,7,0,0,1,0,0,1,0,398836.809999968972988,5751884.127999650314450,7.529361422000020,51.908507450000101,1,05221014702100596697
05,5,15,000,2022,10,16,3,3,6,2,0,0,1,1,0,0,0,406391.759520133025944,5757323.654819750227034,7.637674947000050,51.958721592000103,0,05221018702100076673
05,5,62,012,2022,10,12,7,2,5,2,0,0,0,0,1,0,1,358843.935999833978713,5727374.165999419987202,6.958291270000070,51.679575163000003,0,05221022701610516847
05,5,15,000,2022,10,23,4,2,0,6,2,0,1,0,0,1,0,399161.841966566978954,5752297.667614799924195,7.533963782000060,51.912283340999998,0,05221026702330796599
05,5,62,032,2022,10,10,2,3,5,3,0,0,1,0,0,0,1,372751.625999900978059,5720160.756999550387263,7.161961362000060,51.618072660000102,1,05221017701110099313
05,5,62,012,2022,10,17,5,3,5,3,0,1,1,0,0,0,0,361533.622999848972540,5726670.401999450288713,6.997448617000030,51.673920721000101,0,05221027701610895084
05,5,15,000,2022,10,16,6,3,5,3,0,0,1,0,0,0,0,406683.253661798022222,5751236.814954520203173,7.643566768000030,51.904058792000100,1,05221021702100587866
05,5,70,008,2022,10,09,6,2,0,2,0,1,0,0,0,0,0,433382.010999996971805,5734259.690999659709632,8.034850828000060,51.755268128000097,1,05221014711311291389
05,5,13,000,2022,10,16,7,3,9,1,0,0,1,0,0,0,0,369335.516668358992320,5714916.598432449623942,7.114598672000060,51.570162310999997,1,05221015702340596604
05,5,54,008,2022,10,06,6,3,5,3,1,1,1,0,0,0,0,333421.194162034022156,5745481.677110060118139,6.582219748000060,51.835277718999997,0,05221021705000587250
05,5,58,044,2022,10,16,6,3,2,2,0,0,1,0,0,0,0,396455.373423627985176,5748537.349878240376711,7.495759479000070,51.877988967000100,1,05221014706300396612
05,5,13,000,2022,10,15,6,2,4,7,0,0,1,0,0,0,0,364438.045099753013346,5715575.272373629733920,7.043720799000030,51.574925202000003,1,05221021700000069607
05,5,70,012,2022,10,15,1,2,9,1,0,0,1,0,0,0,0,440038.535180004022550,5753332.984558019787073,8.127969851000049,51.927492377000100,0,05221016711131596158
05,5,15,000,2022,10,15,4,3,5,2,0,1,1,0,0,0,0,406087.201999977987725,5758927.320999659597874,7.632805339000070,51.973084708999998,0,05221019702100796691
05,5,54,044,2022,10,17,2,3,0,2,0,0,0,0,1,0,0,368884.890108956024051,5744872.717572930268943,7.096834473000060,51.839257685000099,0,05221024705000628447
05,5,62,032,2022,10,13,7,3,4,5,0,0,1,0,0,0,1,376621.421999914979097,5714721.384999570436776,7.219741735000070,51.570049322000003,0,05221022701120765785
05,5,62,004,2022,10,06,4,3,5,2,2,0,1,0,0,0,0,382154.811999931989703,5720849.127999600023031,7.297486924000050,51.626306786999997,1,05221026701800770551
05,5,12,000,2022,10,05,3,2,2,6,2,0,1,0,0,0,0,357286.351326106989291,5707474.308346659876406,6.943869418000080,51.500365971000100,1,05221025701400975421
05,5,62,012,2022,10,16,1,3,5,2,0,0,1,0,0,0,0,359442.709366847004276,5726232.023880110122263,6.967405805000060,51.669462275999997,0,05221016701610789699
05,5,58,016,2022,10,08,5,3,2,2,0,1,1,0,0,0,0,381757.960462616989389,5744191.745489720255136,7.283827341000060,51.836011886000101,0,05221020706100776631
05,5,66,088,2022,10,11,1,3,2,6,0,0,1,0,1,0,0,413145.995999985025264,5783869.512999679893255,7.729186609000070,52.198428714000002,0,05221023709800396689
05,5,15,000,2022,10,14,4,3,3,6,0,1,0,0,0,0,0,405522.791249085974414,5756561.148429419845343,7.625242023000060,51.951720882000103,0,05221026702100399922
05,5,70,024,2022,10,13,5,3,1,7,0,0,1,0,0,0,0,420168.746632840018719,5753894.567806810140610,7.838925857000050,51.930045651000100,0,05221027711161191712
05,5,58,024,2022,10,11,1,3,8,6,0,1,0,0,0,0,0,396862.656494383991230,5733623.851437780074775,7.506113367000070,51.744019223000102,1,05221023706000496594
05,5,15,000,2022,10,11,2,3,0,1,0,1,0,0,0,0,0,405831.869962865021080,5755795.520665029995143,7.629947853000030,51.944891481000099,1,05221024702100365384
05,5,58,020,2022,10,10,2,3,5,3,0,1,1,0,0,0,0,392112.916920931020286,5756911.132408279925585,7.430076454000070,51.952426948000003,1,05221017706000220577
05,5,12,000,2022,10,14,6,3,2,6,0,0,1,0,0,1,0,354778.454443252005149,5712462.528868080116808,6.905706977000020,51.544549817000103,1,05221021702340596655
05,5,66,012,2022,10,16,6,3,5,3,0,0,1,0,1,0,0,401037.960999972012360,5775800.898999660275877,7.554436022000060,52.123868775000098,1,05221014709110179150
05,5,62,004,2022,10,14,6,3,2,6,0,0,1,0,0,0,0,383332.734832383983303,5711244.015662790276110,7.317688249000070,51.540224262000002,0,05221028701800754186
05,5,70,008,2022,10,15,2,3,5,2,0,1,1,0,0,0,0,433939.709999996004626,5735296.267999660223722,8.042732389000040,51.764653088000003,0,05221017711313290829
05,5,12,000,2022,10,06,5,3,1,5,2,0,1,0,0,0,0,356933.983264814014547,5712546.726550979539752,6.936736562000020,51.545856950000001,0,05221027701400614019
05,5,70,028,2022,10,00,7,3,6,4,2,0,1,1,0,0,0,440915.228359863976948,5744066.623702660202980,8.142305331000051,51.844280396999999,1,05221022711413381044
05,5,62,032,2022,10,14,5,3,5,3,0,1,1,0,0,0,0,374605.416869788023178,5719320.659739759750664,7.189024509000030,51.610938702000098,0,05221020701110163486
05,5,66,012,2022,10,10,4,3,5,3,0,1,0,0,0,0,1,403995.792999974975828,5772307.733999660238624,7.598612409000050,52.092993503000102,0,05221019709110074685
05,5,58,032,2022,10,21,5,3,2,6,2,0,1,0,0,0,0,387105.581999947025906,5755487.654999620281160,7.357711077000030,51.938639814000098,1,05221020706100287304
05,5,66,028,2022,10,12,6,3,3,1,0,0,1,0,0,1,0,414276.668160168977920,5790579.149973399937153,7.744024893000070,52.258914919000098,0,05221014702350442420
05,5,54,024,2022,10,21,7,3,9,1,2,0,1,0,0,0,0,370737.764732171024662,5778629.218050579540431,7.110988020000040,52.143029403000099,1,05221015705000079182
05,5,13,000,2022,10,17,4,3,5,2,0,1,1,0,0,0,0,367732.515598041005433,5713726.203736630268395,7.091930125000030,51.559090905000097,0,05221026700000795200
05,5,62,014,2022,10,17,6,3,1,5,0,0,1,0,0,0,0,358479.891029916005209,5714341.786719709634781,6.958293644000040,51.562377030999997,0,05221028701300795005
05,5,58,020,2022,10,13,2,2,5,3,0,0,1,0,0,0,1,390389.550999953004066,5759757.977999639697373,7.404100566000070,51.977676070000001,1,05221017706200596587
05,5,66,028,2022,10,05,5,3,4,2,2,0,1,0,1,0,0,410827.918999982008245,5795221.430999680422246,7.692281714000050,52.300092372000101,1,05221027709700270260
05,5,70,032,2022,10,09,6,2,5,3,0,1,0,0,0,0,0,420820.694367968011647,5765850.025990519672632,7.845646020000060,52.037608318000103,1,05221021711151791829
05,5,66,032,2022,10,10,6,3,2,1,0,1,0,0,0,1,0,412023.435709400975611,5777775.854480080306530,7.714346244000070,52.143478301000101,0,05221028709800196643
05,5,13,000,2022,10,19,6,3,2,2,2,0,1,0,0,0,1,367784.745999880018644,5708002.375999510288239,7.094832388000040,51.507664855000002,0,05221021700000595105
05,5,58,024,2022,10,12,4,3,5,3,0,0,1,0,0,0,0,392005.516758483019657,5735525.028437050059438,7.435197526000020,51.760191892000101,0,05221019706000596610
05,5,62,028,2022,10,16,7,3,6,4,0,0,1,1,0,0,0,379515.384999923990108,5722440.546999580226839,7.258826088000030,51.640050492999997,0,05221022701920575476
05,5,15,000,2022,10,16,4,3,1,3,0,1,0,0,0,0,0,408321.479999981005676,5751418.566999659873545,7.667324318000060,51.905964494999999,0,05221026702100296579
05,5,15,000,2022,10,08,3,3,0,1,0,1,0,0,0,0,0,405220.841173577995505,5759113.437360970303416,7.620145286000020,51.974610519000102,1,05221025702100076731
05,5,62,016,2022,10,07,2,3,5,3,2,0,1,0,0,0,1,372321.174069051980041,5733140.381266060285270,7.151001585000070,51.734620237000101,1,05221017701700595974
05,5,54,012,2022,10,17,3,2,8,1,1,0,0,0,1,0,0,345190.394999741984066,5741014.537999150343239,6.754891245000070,51.798529587000097,0,05221018705000993344
05,5,54,068,2022,10,04,3,3,5,3,2,0,1,0,0,0,0,353057.799999800976366,5768039.741999319754541,6.857365513000050,52.043468609999998,1,05221025705000096520
05,5,62,036,2022,10,06,2,3,2,6,0,0,1,0,0,0,0,388740.263999951013830,5719985.470999619923532,7.392859970000070,51.619884946000099,0,05221017701930348098
05,5,54,052,2022,10,16,7,2,5,2,0,1,1,0,0,0,0,379746.137611071986612,5772332.264293190091848,7.244789594000050,52.088476057000001,0,05221029705000265794
05,5,54,036,2022,10,19,5,3,9,1,2,0,1,0,0,0,0,367062.219230325019453,5767030.975163689814508,7.061829817000050,52.037939268999999,0,05221027702340787450
05,5,54,008,2022,10,11,6,3,2,6,0,0,1,0,0,0,1,334364.175999645027332,5743407.098998770117760,6.596885944000060,51.816921569000002,0,05221021705000134027
05,5,15,000,2022,10,19,6,3,5,2,2,1,1,0,0,0,0,405435.184999978984706,5755190.813999660313129,7.624344582000050,51.939388813999997,1,05221014702100879100
05,5,66,028,2022,10,07,3,3,0,7,1,0,0,0,1,0,0,412600.866999985009898,5792595.748999680392444,7.718956080000050,52.276777013000100,1,05221018709700669049
05,5,54,016,2022,10,12,7,3,2,6,0,0,1,0,0,0,0,366652.805339018988889,5755792.274023089557886,7.060234047000050,51.936852139999999,1,05221015705000870577
05,5,12,000,2022,10,18,6,3,5,3,2,1,1,0,0,0,0,357499.812579552992247,5719455.980790079571307,6.942087989000070,51.608085371000101,0,05221028701400098889
05,5,66,020,2022,10,20,1,2,0,1,2,1,0,0,0,0,0,406241.886392880987842,5811144.939681779593229,7.620595609000080,52.442445886000002,1,05221016709700076747
05,5,15,000,2022,10,08,2,3,3,6,0,0,1,0,0,1,0,399368.666826574015431,5752357.026704140007496,7.536952305000060,51.912854277000100,0,05221024702330554103
05,5,62,004,2022,10,19,7,3,0,1,2,0,0,0,0,0,1,382682.789999936008826,5712587.369999590329826,7.307872674000070,51.552163252000099,0,05221029701800173590
05,5,13,000,2022,10,13,3,2,0,7,0,1,0,0,0,0,0,364944.057973109011073,5718449.484996769577265,7.049912558000070,51.600875428999998,0,05221025700000786124
05,5,70,048,2022,10,10,6,2,8,1,0,0,1,0,0,0,0,447090.213869736995548,5729540.606661790050566,8.234148622000021,51.714303745999999,1,05221021711322590829
05,5,54,004,2022,10,06,4,3,5,3,2,0,1,0,0,0,0,360808.702999847999308,5773502.956999449990690,6.968078451000050,52.094556915000098,0,05221019705000993343
05,5,58,016,2022,10,13,7,3,5,3,0,0,1,0,0,0,0,380805.679999928979669,5752240.403999599628150,7.267234100000050,51.908143132000099,1,05221022706100595146
05,5,62,032,2022,10,15,5,3,5,3,0,0,1,0,0,0,1,373977.212999905983452,5719183.986999549902976,7.180005905000030,51.609570156000103,0,05221027701110398974
05,5,62,032,2022,10,15,6,3,2,6,0,0,1,0,0,0,0,374373.758794022025540,5714788.760497169569135,7.187302904000030,51.570158517000003,0,05221021701120778018
05,5,70,044,2022,10,08,6,3,5,3,0,1,1,0,0,0,0,417433.955911252007354,5760440.357633429579437,7.797586700000070,51.988487070000097,0,05221028711142751245
05,5,12,000,2022,10,21,2,2,2,6,2,0,1,0,0,0,0,356339.077174462028779,5707709.132714400067925,6.930135593000050,51.502236109000101,1,05221017500630484606
05,5,62,032,2022,10,12,2,2,5,2,0,0,1,0,0,0,0,378626.370999920996837,5721161.486999579705298,7.246428508000060,51.628364039000097,0,05221024701110575229
05,5,58,036,2022,10,08,2,3,5,3,0,0,1,0,0,0,0,391924.150999956997111,5727649.055999630130827,7.436463456000070,51.689386755000001,1,05221024706300449716
05,5,58,036,2022,10,17,7,3,9,1,0,0,0,0,1,0,0,389243.117293331015389,5726773.075507859699428,7.397970983000050,51.680991000000098,0,05221029706300594281
05,5,70,052,2022,10,15,5,3,5,3,0,0,1,0,0,0,1,429320.044297076005023,5764448.157809180207551,7.969824629000070,52.026154929000000,1,05221020711111887268
05,5,58,016,2022,10,13,6,3,5,3,0,0,1,0,1,0,0,386322.231571366020944,5746257.246291640214622,7.349364184000020,51.855523185999999,1,05221021706000981060
05,5,13,000,2022,10,11,3,3,2,2,0,0,1,0,0,0,0,364935.638999865972437,5717066.776999490335584,7.050323330000030,51.588447885000100,1,05221018700000589238
05,5,66,012,2022,10,15,7,2,8,1,0,0,1,0,0,0,0,406388.900107846013270,5770317.035347740165889,7.634080520000050,52.075510573000003,1,05221015702350206778
05,5,66,008,2022,10,07,2,3,0,7,1,1,0,1,0,0,0,397425.976168663008139,5780657.935679810121655,7.500227914000050,52.166863700000100,0,05221017709110006918
05,5,15,000,2022,10,18,7,3,2,7,0,0,1,0,0,0,0,412384.732999984000344,5759523.293999670073390,7.724308005000070,51.979470299000099,1,05221015702000196614
05,5,15,000,2022,10,11,6,3,3,6,0,0,1,0,0,1,0,405042.529999979014974,5758015.326999659650028,7.617853873000060,51.964709839000101,0,05221028702100372433
05,5,62,004,2022,10,07,3,3,2,6,1,0,1,0,0,0,0,383101.354393968998920,5717713.869439139962196,7.312200899000060,51.598325629000001,1,05221018701800479387
05,5,62,014,2022,10,20,7,2,5,2,2,0,1,0,1,0,0,360634.115577932971064,5716465.282738209702075,6.988509461000040,51.581995353000103,0,05221022701300679131
05,5,15,000,2022,10,19,7,3,8,1,2,1,0,0,0,0,0,406418.117999979003798,5761347.454999660141766,7.636961118000040,51.994893754000003,1,05221015702100079126
05,5,62,032,2022,10,21,7,3,0,1,2,0,0,0,0,0,1,375846.997378196974751,5720694.667178980074823,7.206459349000060,51.623562258000000,0,05221029701110599330
05,5,58,016,2022,10,23,3,2,9,1,2,0,1,0,0,0,0,391137.274775243015029,5746764.411291480064392,7.419090928000060,51.861041462000102,1,05221025706000696610
05,5,54,020,2022,10,07,5,3,4,6,0,0,1,0,0,0,0,364663.440875754982699,5782736.005279829725623,7.020638154000040,52.178475606000099,0,05221027705000993265
05,5,62,028,2022,10,01,1,2,4,6,2,0,1,0,0,1,0,379559.444688222021796,5721403.185705870389938,7.259819432000030,51.630736783000003,0,05221023701920848544
05,5,54,032,2022,10,10,1,3,3,6,0,0,1,0,0,0,0,323203.601356272003613,5744001.719602970406413,6.434829744000070,51.818844110000001,0,05221016500630348088
05,5,58,016,2022,10,11,6,3,3,1,0,0,1,0,0,0,0,387463.233314180979505,5747275.171910270117223,7.365593006000040,51.864903046000101,0,05221014706000085357
05,5,66,080,2022,10,10,3,2,0,2,0,0,1,0,0,0,0,407284.641273604007438,5780108.879008620046079,7.644479005000050,52.163672933999997,0,05221018709110293616
05,5,54,028,2022,10,12,1,2,9,1,0,0,0,0,1,0,0,361003.803999846975785,5741568.127999439835548,6.983839564000050,51.807657892000101,0,05221016702340505260
05,5,62,004,2022,10,06,2,2,4,2,2,0,1,0,0,0,0,383194.347999934980180,5714105.688999599777162,7.314743270000060,51.565915658999998,1,05221017701800771551
05,5,54,020,2022,10,22,7,3,5,3,2,0,1,0,0,0,0,361593.116999852005392,5784375.296999449841678,6.975094023000050,52.192443060000102,0,05221029705000720880
05,5,58,036,2022,10,06,5,3,5,3,2,0,1,0,0,0,0,390482.124536459974479,5726146.425040690228343,7.416081580000030,51.675601649000001,0,05221027706300695161
05,5,70,004,2022,10,12,6,2,8,1,0,0,1,0,0,0,0,423373.395047771977261,5732871.604666380211711,7.890181148000070,51.741509823999998,1,05221021711214002816
05,5,66,076,2022,10,16,6,3,0,1,0,0,0,0,1,0,0,395941.949935133976396,5790692.553208190016448,7.475452891000030,52.256771570000097,0,05221028709500261951
05,5,70,052,2022,10,17,6,3,3,3,1,1,1,0,0,0,0,432054.020859892014414,5756802.535048699937761,8.011181597000069,51.957765264999999,1,05221014711113596688
05,5,66,044,2022,10,23,7,3,4,1,2,0,1,0,0,0,0,421531.134999991976656,5773769.826999669894576,7.854180046000070,52.108900800000100,0,05221022709800597729
05,5,58,020,2022,10,13,5,3,5,3,0,1,1,0,0,0,0,391725.372638168977574,5758134.990498419851065,7.424053667000070,51.963351208000098,1,05221020706200595002
05,5,70,052,2022,11,14,3,3,5,3,0,0,1,0,0,0,0,425414.600676428992301,5763166.857515240088105,7.913191945000050,52.014125529000097,0,05221101711111096944
05,5,62,014,2022,11,10,2,3,5,2,0,1,1,0,0,0,0,360468.037999843014404,5715097.288999440148473,6.986657444000060,51.569661397000097,0,05221107701300586110
05,5,15,000,2022,11,07,6,3,2,6,0,0,1,0,0,0,0,404314.114999976009130,5754659.541999650187790,7.608189091000040,51.934421870999998,0,05221111702100496666
05,5,13,000,2022,11,15,1,2,0,1,0,1,0,0,0,0,0,369854.351999889011495,5705880.165999529883265,7.125420071000060,51.489073187000002,0,05221113700000992978
05,5,62,014,2022,11,11,5,3,2,6,0,0,1,0,0,1,0,360290.303999840980396,5713689.573999430052936,6.984654084000060,51.556967574000097,1,05221117701300787645
05,5,58,032,2022,11,14,6,3,0,1,0,0,1,0,0,0,0,389995.406974087003618,5752130.869639259763062,7.400804511000050,51.909049279999998,0,05221104706000065766
05,5,66,028,2022,11,22,7,2,0,1,2,1,0,0,0,0,0,410213.864109470974654,5796091.076746759936213,7.683047177000050,52.307808817000101,0,05221112709700992981
05,5,62,036,2022,11,14,4,3,6,2,0,0,1,1,0,0,0,390097.979999952018261,5720332.686999619938433,7.412355004000060,51.623272516999997,0,05221116701930474176
05,5,62,004,2022,10,19,2,3,9,1,2,0,1,0,0,0,0,382479.114999932993669,5718290.406999600119889,7.303027969000030,51.603377848000001,0,05221031702340851446
05,5,58,012,2022,11,06,3,3,2,1,2,0,1,0,0,0,0,369957.581523280998226,5747175.758004860021174,7.111529393000070,51.860204327000098,1,05221115706200084916
05,5,66,076,2022,11,18,5,3,5,3,2,1,1,0,0,0,0,393199.402979849022813,5793275.281434300355613,7.434470502000070,52.279457466000103,1,05221103709500691846
05,5,66,092,2022,11,18,2,3,2,6,2,0,1,0,0,0,0,422375.620730020978954,5796455.254765929654241,7.861306526000020,52.312936245000103,0,05221114709700992959
05,5,66,076,2022,11,17,3,2,2,1,1,0,1,0,0,0,0,400089.461149904993363,5794364.960230439901352,7.535107927000070,52.290546563000099,0,05221108709500993064
05,5,58,012,2022,11,06,4,2,0,3,1,1,1,0,0,0,0,373137.119003297004383,5756321.331559830345213,7.154310236000070,51.943122459999998,0,05221102706200993129
05,5,62,008,2022,11,15,3,3,5,2,0,1,1,0,0,0,0,384599.145025337988045,5722013.545052300207317,7.332400189000050,51.637278850000001,0,05221101701910555843
05,5,58,032,2022,11,08,6,3,2,3,0,0,1,0,0,0,0,392727.868653380020987,5751371.947296240366995,7.440747931000030,51.902761177999999,0,05221111706100396615
05,5,54,012,2022,11,07,7,2,8,1,0,0,1,0,0,0,0,348105.034999765979592,5752418.835999219678342,6.792115954000050,51.901790931999997,0,05221112705000016030
05,5,66,084,2022,11,10,6,3,1,6,0,0,1,0,0,0,0,386465.165999945020303,5778959.019999629817903,7.340603264000040,52.149449834000102,1,05221118709000925047
05,5,62,014,2022,11,15,1,3,5,3,0,0,1,0,0,0,0,357081.686993292998523,5716974.521050020121038,6.937064719000030,51.585681643000001,0,05221113701300620296
05,5,54,004,2022,11,17,5,3,5,2,2,0,1,0,0,0,0,362751.159999858005904,5771137.374999470077455,6.997367640000050,52.073786556000101,1,05221117705000228616
05,5,54,020,2022,11,08,2,2,2,6,0,0,1,0,0,0,0,366465.303391747991554,5787717.968997499905527,7.045010515000060,52.223679683000100,0,05221114705000018585
05,5,15,000,2022,11,14,5,3,5,3,0,0,1,0,1,0,0,406589.238999979977962,5750279.244999649934471,7.642460098000070,51.895435837000001,0,05221110702100076673
05,5,66,028,2022,10,13,1,3,4,2,0,0,1,0,1,0,0,409859.621516112994868,5788790.714968319982290,7.679804067000020,52.242134073999999,0,05221030709700281017
05,5,62,032,2022,11,14,4,2,0,7,0,1,0,0,0,0,0,380081.543999926012475,5718170.639999589882791,7.268465453000030,51.601796012000101,0,05221116701110789479
05,5,15,000,2022,11,23,3,3,0,1,2,1,0,0,0,0,0,405446.183116021973547,5755479.182906090281904,7.624425234000060,51.941982675000098,1,05221115702100270631
05,5,54,004,2022,11,09,5,3,5,3,0,0,1,0,0,0,0,363556.716999861993827,5772307.129999480210245,7.008646174000030,52.084496336000001,1,05221117705000992913
05,5,15,000,2022,11,09,2,3,1,5,0,0,1,0,0,0,1,405404.029659990977962,5755410.071631760336459,7.623831186000070,51.941354306000100,0,05221114702100026922
05,5,13,000,2022,11,19,5,3,6,7,2,1,0,1,0,0,0,367722.345066062989645,5708669.820146890357137,7.093683343000070,51.513648392000100,0,05221110700000596673
05,5,54,012,2022,11,07,4,3,5,3,2,1,1,0,0,0,0,351630.323999790009111,5746515.167999289929867,6.845855844000030,51.849697594000098,1,05221116705000981028
05,5,66,096,2022,11,08,7,2,8,1,0,0,1,0,0,0,0,384367.224372652999591,5787892.728674920275807,7.306906852000050,52.229299539000102,1,05221105709300678428
05,5,66,084,2022,11,03,6,3,0,6,2,0,1,0,0,0,0,390131.953999953984749,5774784.680999640375376,7.395521488000040,52.112675758000101,0,05221111709300479098
05,5,70,004,2022,11,08,4,3,5,3,0,0,1,0,0,0,0,422517.412999992026016,5735268.201999650336802,7.877251977000070,51.762936598000103,0,05221102711213987237
05,5,62,020,2022,11,12,2,3,2,6,0,0,1,0,0,0,0,368046.217999881017022,5718217.291999509558082,7.094765356000040,51.599524147000103,1,05221107701200895013
05,5,54,020,2022,11,06,6,3,4,2,2,0,1,0,0,0,0,367021.269999878015369,5785547.693999519571662,7.053997600000060,52.204313313000100,0,05221111705000864191
05,5,54,020,2022,11,08,5,3,2,2,0,0,1,0,0,0,0,366723.818323628976941,5785665.568090920336545,7.049601051000020,52.205300622000003,0,05221110705000993031
05,5,62,036,2022,11,18,6,3,4,2,2,0,1,0,0,0,1,391676.931266983971000,5722228.674252790398896,7.434568673000060,51.640620116999997,1,05221118701930992880
05,5,66,072,2022,11,13,4,3,0,1,0,1,0,0,0,0,0,413958.373375618015416,5799765.708087380044162,7.737015334000030,52.341436913999999,0,05221109709000993050
05,5,66,004,2022,11,10,7,3,3,5,0,0,1,0,0,0,0,393691.840999960026238,5767121.569999650120735,7.449876045000050,52.044499074999997,1,05221119709110570630
05,5,62,012,2022,11,03,7,3,9,1,2,0,1,0,0,0,0,362023.720353053009603,5735503.086393860168755,7.001034622000020,51.753411202999999,0,05221119701610480917
05,5,62,032,2022,11,09,5,3,5,3,0,1,1,0,0,0,0,373245.293999901972711,5719064.466999550350010,7.169484693000070,51.608331735000000,0,05221110701110993025
05,5,62,036,2022,11,16,4,3,6,4,2,0,0,1,1,0,0,388802.132999949972145,5719324.007999620400369,7.393963195000030,51.613951935999999,0,05221116701930449509
05,5,13,000,2022,11,13,6,3,0,4,0,0,1,1,0,0,0,365322.886999867972918,5715865.747999490238726,7.056370541000040,51.577747623999997,0,05221111700000146941
05,5,62,032,2022,11,10,4,2,3,6,0,1,0,0,0,0,0,374225.649880521988962,5718130.404228949919343,7.183969734000070,51.600157113000101,0,05221109701110499300
05,5,15,000,2022,11,04,1,3,8,1,2,0,1,0,0,0,0,404889.434999976016115,5762152.359999660402536,7.614479157000060,52.001868789000099,2,05221120702100072467
05,5,66,076,2022,11,15,3,2,2,1,0,0,1,0,0,0,0,397047.554448265000246,5795931.129881829954684,7.490045187000020,52.304060802000002,0,05221101702350405178