ULAND,UREGBEZ,UKREIS,UGEMEINDE,UJAHR,UMONAT,USTUNDE,UWOCHENTAG,UKATEGORIE,UART,UTYP1,ULICHTVERH,IstRad,IstPKW,IstFuss,IstKrad,IstGkfz,IstSonstige,LINREFX,LINREFY,XGCSWGS84,YGCSWGS84,STRZUSTAND,UIDENTSTLAE
05,5,70,004,2022,11,17,2,3,5,2,2,0,1,0,0,0,1,423835.869066422979813,5734523.946913289837539,7.896516104000060,51.756426896999997,0,05221107711211002938
05,5,15,000,2022,11,08,7,3,5,3,0,1,1,0,0,0,0,411978.158999983977992,5754086.112999659962952,7.719782724000030,51.930532420000098,0,05221105702100791748
05,5,13,000,2022,10,15,2,2,5,2,0,0,1,0,0,0,0,365238.654999868012965,5709878.681999489665031,7.057449353000040,51.523924899000100,0,05221031700000677617
05,5,70,016,2022,11,06,5,3,5,3,1,0,1,0,0,0,0,417134.111999990011100,5733845.522999649867415,7.799603234000070,51.749376812000001,0,05221110711221396542
05,5,15,000,2022,11,06,4,3,2,6,2,0,1,0,0,0,0,400150.266233182977885,5756936.738831279799342,7.546982570000070,51.954158178000100,0,05221109702330079352
05,5,15,000,2022,11,07,5,3,2,6,0,0,1,0,0,0,1,401998.200869972992223,5748293.150418000295758,7.576324423000070,51.876795686999998,1,05221117702330380972
05,5,66,072,2022,11,07,5,3,5,3,0,0,1,0,0,1,0,412763.265999985975213,5803010.701999680139124,7.718633958000050,52.370414664000101,0,05221103709700047179
05,5,54,020,2022,10,12,1,3,0,7,0,1,0,0,0,0,0,367531.041587757994421,5788838.896705710329115,7.060164440000050,52.234009057999998,1,05221030705000320896
05,5,58,024,2022,11,23,6,3,8,1,2,0,1,0,0,0,0,388717.616999947989825,5736592.350999619811773,7.387235182000040,51.769141023000003,0,05221111706300096610
05,5,15,000,2022,11,12,6,3,5,3,0,1,1,0,0,0,0,408812.537999981024768,5754085.600999659858644,7.673754171000040,51.930018193000102,0,05221104702100556496
05,5,62,020,2022,11,07,3,3,6,4,0,0,1,1,0,0,0,372327.091999899013899,5716065.750999550335109,7.157323107000020,51.581175049000102,1,05221115701200098908
05,5,54,012,2022,11,13,6,3,2,7,0,0,1,0,0,0,0,353695.203947575006168,5745328.927933259867132,6.876314786000020,51.839584183000099,0,05221111705000538824
05,5,15,000,2022,11,07,6,3,5,3,1,1,1,0,0,0,0,403811.034999976982363,5760936.159999660216272,7.599115932000070,51.990751457000002,1,05221118702100470583
05,5,58,036,2022,11,06,5,2,5,3,2,0,1,0,0,0,0,387198.256999946024735,5730431.786999619565904,7.367222892000030,51.713467658000098,1,05221117706300374662
05,5,62,012,2022,11,13,4,3,1,6,0,0,1,0,0,0,1,362168.720848147990182,5732178.706638890318573,7.004450776000060,51.723574360000001,0,05221116701620080917
05,5,54,068,2022,11,18,4,2,8,6,2,0,1,0,0,0,0,356330.757530477014370,5768655.971030700020492,6.904796144000040,52.049863179000099,1,05221109705000396551
05,5,12,000,2022,10,15,2,2,5,3,0,0,1,0,1,0,0,357459.313999824982602,5709712.840999389998615,6.945454662000030,51.520524907999999,0,05221031701400449493
05,5,70,008,2022,11,09,3,3,1,6,0,0,1,0,0,1,0,433404.352374108973891,5736396.198615879751742,8.034764888000041,51.774478080999998,0,05221115711312885567
05,5,62,008,2022,11,11,2,3,1,5,0,0,1,0,0,0,1,384757.734870695974678,5722440.255178749561310,7.334550330000070,51.641146513000102,0,05221114701910749479
05,5,12,000,2022,11,15,7,3,3,6,0,0,1,0,1,0,0,354854.290503287978936,5710726.578331430442631,6.907515552000060,51.528970652000098,0,05221112701400790525
05,5,58,024,2022,11,12,4,3,5,3,0,0,1,0,0,0,0,390897.884786694019567,5733542.103771200403571,7.419777096000080,51.742154831999997,0,05221109706300203140
05,5,12,000,2022,11,14,5,3,2,6,0,0,1,0,0,0,0,356713.484473845979664,5708313.515398230403662,6.935280741000040,51.507762057999997,1,05221117701400569177
05,5,15,000,2022,11,07,5,3,5,3,1,0,1,0,0,1,0,403602.219999975990504,5766032.036999659612775,7.594641201000060,52.036518184999998,0,05221103702100787860
05,5,13,000,2022,11,16,4,3,2,6,1,0,1,0,1,0,0,368712.150080182007514,5708001.094405479729176,7.108188515000050,51.507869564000003,0,05221116700000067056
05,5,66,068,2022,11,06,3,2,9,6,2,0,1,0,0,0,0,378823.956808282004204,5783445.899650369770825,7.227375138000070,52.188147053000101,0,05221108709300126733
05,5,15,000,2022,11,17,2,3,2,6,2,0,1,0,0,0,0,404859.971999978006352,5758306.286999659612775,7.615116885000020,51.967293885000103,0,05221107702100473308
05,5,62,004,2022,11,07,6,3,5,3,1,0,1,0,0,0,1,382433.072999932977837,5717771.261999599635601,7.302537469000070,51.598702359000100,1,05221118701800550769
05,5,15,000,2022,11,17,5,3,2,6,2,0,1,0,0,0,0,404662.276999976020306,5759742.419999659992754,7.611841178000080,51.980168491000001,0,05221117702100376692
05,5,58,044,2022,11,15,5,3,2,6,0,0,1,0,0,0,0,396260.652422829996794,5750993.968650730326772,7.492192873000020,51.900032902000099,0,05221103706300109883
05,5,62,016,2022,11,06,2,3,5,3,2,0,1,0,0,0,0,377729.432999918004498,5731409.914999580010772,7.229888519000040,51.720274238000101,0,05221114701700386132
05,5,66,076,2022,11,09,4,3,3,2,0,1,0,0,0,1,0,394339.706097391026560,5792893.143292699940503,7.451298648000030,52.276243464000103,0,05221109709500738473
05,5,62,024,2022,10,16,2,3,2,6,0,0,1,0,0,0,0,363904.089621756982524,5724501.511566460132599,7.032553865000070,51.655010005000101,0,05221031701500289935
05,5,66,012,2022,11,06,6,3,5,3,1,1,1,0,0,0,0,400000.724999969999772,5770231.908999660052359,7.540924541000040,52.073628658000104,0,05221111709000542371
05,5,62,012,2022,11,20,1,3,2,2,2,0,1,0,0,0,0,361750.815534899011254,5736285.030840289779007,6.996772448000060,51.760370339000097,1,05221120701610495170
05,5,62,014,2022,11,19,6,3,5,3,2,1,1,0,0,0,0,360782.340999844018370,5714999.212999439798295,6.991228456000040,51.568857768000001,0,05221111701300681306
05,5,62,032,2022,11,18,4,2,5,3,2,1,1,0,0,0,0,375996.639999912003987,5720912.854999570176005,7.208542733000060,51.625556136000100,0,05221102701110467107
05,5,13,000,2022,10,11,2,3,2,6,0,0,1,0,0,0,0,368575.525041820015758,5707584.872149770148098,7.106376060000060,51.504097297000001,0,05221031700000245213
05,5,13,000,2022,11,19,1,2,4,1,2,0,1,0,0,0,0,365910.089999870979227,5714085.208999490365386,7.065519189000040,51.561886821000002,1,05221120702340887253
05,5,62,008,2022,11,10,3,3,5,2,0,1,1,0,0,0,0,381951.473999932990409,5726213.384999600239098,7.292740043000040,51.674475450999999,0,05221101701910594974
05,5,15,000,2022,11,18,2,3,3,3,1,1,0,0,0,0,0,405447.992318039003294,5756225.917684449814260,7.624246172000030,51.948694969000002,1,05221107702100599922
05,5,54,060,2022,11,22,7,2,5,1,2,0,1,0,0,0,0,352979.019913754018489,5756666.300029169768095,6.861094329000030,51.941260921999998,0,05221112705000591758
05,5,66,068,2022,11,17,5,2,4,1,2,0,1,0,0,0,1,375016.683975887019187,5788757.650590440258384,7.169749540000050,52.235029064000102,0,05221110709300096550
05,5,62,014,2022,11,12,4,2,2,6,0,0,1,0,0,1,0,362203.649221830011811,5715477.142439370043576,7.011535711000020,51.573501665000002,0,05221102702340091864
05,5,54,020,2022,11,06,5,3,5,3,2,1,1,0,0,0,0,367986.598999882990029,5784390.391999529674649,7.068566428000050,52.194146371000002,1,05221117705000664594
05,5,13,000,2022,11,06,2,1,5,3,2,1,1,0,0,0,0,365479.995114066987298,5714341.694456939585507,7.059219992000070,51.564089302000099,0,05221114700000075467
05,5,15,000,2022,10,19,1,3,4,6,2,1,0,0,0,0,1,405506.124688534007873,5751876.280422359704971,7.626286169000020,51.909608227000000,0,05221030702100355909
05,5,66,012,2022,11,09,4,3,5,3,0,0,1,0,0,0,0,411753.523999985016417,5766866.485999669879675,7.713227695000060,52.045375959000097,0,05221116709110880991
05,5,13,000,2022,11,15,4,2,3,6,0,0,1,0,0,0,0,363456.179900486022234,5716483.024353680200875,7.029207670000060,51.582845558000002,0,05221109702340192017
05,5,54,028,2022,11,09,7,3,5,3,0,1,1,0,0,0,0,356870.391999823972583,5742740.348999380134046,6.923441447000070,51.817147822999999,0,05221105705000881928
05,5,54,060,2022,11,09,3,2,5,2,0,0,1,1,0,0,0,353194.570999799994752,5757295.158999330364168,6.863959384000050,51.946967999999998,1,05221115705000228447
05,5,13,000,2022,11,13,7,3,6,4,0,0,1,1,0,0,0,366125.920999870984815,5712578.821999490261078,7.069204472000020,51.548400899999997,0,05221119700000696562
05,5,13,000,2022,10,13,2,3,5,3,0,0,1,0,0,0,0,367246.175999879022129,5713358.636999499984086,7.085057248000060,51.555673473000098,0,05221031700000557756
05,5,54,064,2022,11,10,1,2,8,1,0,0,1,0,0,0,0,362897.825290399021469,5748468.219493179582059,7.008560039000030,51.870128252000001,0,05221106702340005260
05,5,62,032,2022,10,09,2,3,5,3,0,0,1,0,1,0,0,374928.227719507995062,5720768.916869170032442,7.193167176000030,51.624026098999998,0,05221031701110399300
05,5,54,024,2022,11,14,5,3,8,7,0,0,0,0,0,1,0,368980.541903099976480,5775751.913747590035200,7.086432064000060,52.116760728000003,0,05221110702340087397
05,5,58,012,2022,11,21,4,3,5,3,2,0,1,0,1,0,0,374079.003515156975482,5755556.621842569671571,7.168285821000040,51.936464402000098,0,05221109706200895002
05,5,66,008,2022,11,16,5,3,5,2,0,0,1,0,0,0,1,399132.016276585985906,5781392.340781699866056,7.524945201000040,52.173778757999997,1,05221117709110657478
05,5,66,076,2022,11,11,4,3,0,2,0,0,0,0,1,0,0,394539.254999962984584,5792910.528999660164118,7.454216916000060,52.276438030000101,1,05221116709500996952
05,5,62,012,2022,11,13,3,3,5,2,0,0,1,0,1,0,0,360256.684999843011610,5724274.446999429725111,6.979951400000060,51.652074757000001,0,05221108701610089575
05,5,58,024,2022,11,18,5,3,5,3,2,1,1,0,0,0,0,392214.677999956998974,5736465.305999630130827,7.437935271000070,51.768683382000098,0,05221110706000896610
05,5,15,000,2022,11,13,6,3,5,3,0,1,1,0,0,0,0,405610.652999977988657,5752104.896999659948051,7.627742646000060,51.911680873000101,1,05221118702100296697
05,5,54,040,2022,11,22,4,3,7,7,2,0,0,0,1,0,0,346827.373480229987763,5740195.984481370076537,6.778973482000030,51.791626002000001,0,05221109705000449444
05,5,58,016,2022,11,15,1,2,6,6,0,1,0,1,0,0,0,381815.032024466025177,5742652.187311800196767,7.285180956000030,51.822187665999998,0,05221113706100787304
05,5,54,020,2022,11,07,6,3,3,6,1,1,1,0,0,0,0,365569.794998029014096,5781809.566485470160842,7.034252639000040,52.170372773000103,0,05221104705000581002
05,5,54,020,2022,10,11,2,3,9,1,0,0,0,0,0,0,1,367627.745316555025056,5788928.354758859612048,7.061544634000030,52.234836135000101,0,05221031705000720945
05,5,54,060,2022,11,18,4,3,4,1,2,0,1,0,0,0,0,350177.936507638019975,5757843.639147119596601,6.819861845000050,51.951091625000103,0,05221102705000087244
05,5,15,000,2022,11,10,2,2,0,1,0,1,0,0,0,0,0,401713.398999973025639,5752767.832999659702182,7.570912808000060,51.916965443999999,0,05221107702100979192
05,5,66,004,2022,11,14,1,2,0,1,0,0,0,0,1,0,0,396181.261801969027147,5767919.852862079627812,7.485918948000060,52.052145656999997,0,05221106709110256195
05,5,66,036,2022,11,07,6,3,5,2,0,1,1,0,0,0,0,387349.138999946997501,5768371.289999630302191,7.357018431000030,52.054477925000100,1,05221118709300678428
05,5,54,020,2022,11,19,1,3,0,5,2,1,1,0,0,0,0,362289.555212053004652,5786871.776219660416245,6.984261033000050,52.215048482999997,1,05221120705000020880
05,5,62,012,2022,11,19,7,2,5,3,2,0,1,0,0,0,0,361559.460999849019572,5728610.358999449759722,6.997052722000030,51.691359445000003,0,05221112701610595084
05,5,66,012,2022,11,07,5,3,5,3,0,0,1,0,0,0,0,402934.889999974984676,5776201.902999670244753,7.582021260000030,52.127809361000097,0,05221110709110565802
05,5,15,000,2022,11,17,4,2,0,1,2,1,0,0,0,0,0,403998.657936275005341,5761396.214747220277786,7.601718745000030,51.994919025000101,0,05221116702100479181
05,5,66,032,2022,11,15,1,1,2,6,0,0,1,0,0,0,0,412550.862639750004746,5776749.308824219740927,7.722315850000030,52.134334940000002,0,05221113702350005178
05,5,62,024,2022,11,15,5,3,5,3,0,0,1,0,0,0,0,364607.598999865993392,5723719.692999480292201,7.043020291000060,51.648154276000099,1,05221117701500480956
05,5,66,084,2022,11,22,6,3,9,1,2,0,0,0,1,0,0,389988.384653415996581,5775155.938003709539771,7.393305765000040,52.115983793000098,0,05221111709300468367
05,5,62,032,2022,11,11,2,3,9,1,0,0,1,0,0,1,0,376484.866143778024707,5716483.977918749675155,7.217152475000030,51.585860291000103,1,05221107702340591820
05,5,12,000,2022,11,15,6,3,5,2,0,1,1,0,0,0,0,353895.984256186988205,5709774.086223220452666,6.894105204000030,51.520164792999999,0,05221111701400390525
05,5,62,008,2022,11,11,3,3,6,7,0,0,1,1,0,0,0,385060.558895669004414,5723575.209121439605951,7.338551760000030,51.651409131999998,0,05221115701910675252
05,5,15,000,2022,11,15,5,3,4,2,0,1,1,0,0,0,0,404269.352999977010768,5748480.063999660313129,7.609255066000060,51.878870259999999,0,05221103702100056496
05,5,66,032,2022,11,21,6,2,8,1,2,0,1,0,0,0,0,427829.226145930995699,5794522.268495430238545,7.941706001000060,52.296304718999998,2,05221118702350076655
05,5,66,076,2022,11,14,5,3,0,1,0,1,0,0,0,0,0,397361.006999968027230,5787491.724999659694731,7.497207894000040,52.228270744000000,0,05221110709500993019
05,5,13,000,2022,11,18,4,3,2,6,2,0,1,0,0,0,0,367962.287999881024007,5708753.631999510340393,7.097107829000040,51.514457714999999,0,05221116700000195168
05,5,66,012,2022,11,09,4,3,2,6,0,0,1,0,0,0,0,404557.061999977973755,5772137.159999670460820,7.606850469000050,52.091557447000099,0,05221109709110338480
05,5,58,004,2022,11,02,1,3,9,1,2,0,1,0,0,0,0,407819.276999982015695,5732972.566999649628997,7.664937236000070,51.740074614999997,0,05221113706300509883
05,5,62,004,2022,11,15,7,3,1,6,0,0,1,0,0,0,1,382633.160122396016959,5711623.443534339778125,7.307478748000050,51.543489422000100,0,05221119701800952517
05,5,66,008,2022,11,16,5,2,0,7,1,1,0,0,0,0,0,400942.897173452016432,5779515.933959979563951,7.551965218000020,52.157242003000100,1,05221103709110496522
05,5,62,008,2022,11,06,5,3,1,6,1,0,1,0,0,0,0,384149.216999938013032,5723487.677999599836767,7.325413357000060,51.650435370000103,0,05221110701910689503
05,5,70,008,2022,11,17,1,2,2,6,1,0,1,0,0,0,0,429508.365674494998530,5730579.505525959655643,7.979485128000020,51.721709362000098,0,05221113301911966114
05,5,66,052,2022,11,19,1,3,9,7,2,0,1,0,0,0,0,379348.964043496001977,5779383.012131970375776,7.236495830000020,52.151751293000103,2,05221120709300870500
05,5,66,092,2022,11,13,3,3,2,1,0,0,1,0,0,0,0,422383.907073672977276,5796498.592048870399594,7.861418058000030,52.313326962000097,0,05221101709700872366
05,5,62,014,2022,11,14,6,3,5,3,0,0,1,0,0,0,0,360804.371999845025130,5716332.746999439783394,6.991017711000040,51.580846452000102,0,05221111701300995070
05,5,66,072,2022,11,10,7,2,5,3,0,0,1,0,1,0,0,412654.921999985992443,5803824.878999689593911,7.716830893000060,52.377715330999997,0,05221112709700412163
05,5,70,024,2022,11,08,6,3,5,2,0,1,1,0,0,0,0,420789.100999991002027,5752927.501999669708312,7.848168948000020,51.921441082000101,1,05221118711161996661
05,5,66,032,2022,11,14,1,3,1,6,0,0,1,0,0,0,0,412533.649843027000315,5776717.698248970322311,7.722072560000070,52.134048084000000,0,05221113702350105205
05,5,66,028,2022,11,13,2,3,2,6,0,0,1,0,0,0,0,412151.200494083983358,5792893.075224939733744,7.712289473000060,52.279377785000101,0,05221114709700992962
05,5,58,032,2022,10,16,1,3,5,3,0,1,1,0,0,0,0,386468.727257267979439,5752577.724344779737294,7.349410642000070,51.912357716000002,0,05221030706000265895
05,5,62,032,2022,11,16,4,3,2,6,1,0,1,0,0,0,1,375214.152999910991639,5719400.055999560281634,7.197783048000080,51.611787495000002,0,05221116701110289479
05,5,70,020,2022,11,21,4,3,8,1,0,0,1,0,0,0,0,435395.275489246996585,5747243.911503849551082,8.061592831000040,51.872232650000100,0,05221109711400054394
05,5,54,068,2022,11,02,7,3,1,6,2,0,1,0,0,0,0,350630.373999787028879,5765783.395999269559979,6.822982720000030,52.022547995000103,0,05221105705000391822
05,5,15,000,2022,11,13,6,3,2,6,0,0,1,0,0,0,0,404667.117069067026023,5759579.501002079807222,7.611956896000040,51.978704949000097,1,05221118702100079244
05,5,54,032,2022,11,14,7,3,8,1,0,0,0,0,1,0,0,329153.519574120990001,5744461.378576640039682,6.520842681000030,51.824823612000003,0,05221119705000496583
05,5,58,012,2022,11,13,5,2,5,3,0,1,1,0,0,0,0,374117.755781848973129,5756970.080458610318601,7.168331771000060,51.949175142999998,1,05221117706200992907
05,5,12,000,2022,11,14,6,3,2,6,0,0,1,0,0,0,0,353318.087999799987301,5710812.257999329827726,6.885349441000070,51.529343577000098,0,05221104508000076266
05,5,70,052,2022,11,18,5,3,5,3,2,0,1,0,1,0,0,431206.363999996974599,5757468.140999670140445,7.998714348000020,51.963644598000002,0,05221110711111087234
05,5,15,000,2022,11,16,4,3,0,6,2,1,0,0,0,0,0,407778.698748510971200,5754525.789150780066848,7.658604276000060,51.933804535000000,0,05221102702100879192
05,5,66,076,2022,11,06,4,3,5,3,2,1,1,0,0,0,0,393494.862247570999898,5791928.190093269571662,7.439225109000060,52.267408213000103,1,05221116709500576743
05,5,62,032,2022,11,07,4,3,2,6,0,0,1,0,0,0,0,374250.275225519028027,5718141.985314560122788,7.184320950000030,51.600266691000101,0,05221109702340791296
05,5,66,040,2022,11,08,3,3,3,2,0,1,1,0,0,0,0,424268.704321801022161,5780380.555956950411201,7.892673639000070,52.168706735000100,0,05221115709800487328
05,5,13,000,2022,11,18,7,3,2,6,1,0,1,0,0,0,0,366956.892052126000635,5710516.196036250330508,7.081961488000050,51.530061397000097,1,05221119700000875480
05,5,15,000,2022,11,18,4,3,3,3,2,1,0,0,0,0,1,406036.879999979981221,5756775.974999659694731,7.632661589000070,51.953738934999997,0,05221102702100665912
05,5,70,048,2022,11,13,6,3,5,3,0,0,1,0,0,0,0,452144.268165163986851,5731486.116439280100167,8.307030923000070,51.732249292000098,1,05221118711321376733
05,5,54,008,2022,11,15,7,2,5,2,0,1,1,0,0,0,0,334474.302999647974502,5745639.014998770318925,6.597415106000030,51.837004201000099,0,05221112705000395049
05,5,70,028,2022,11,14,1,3,5,2,0,0,1,0,0,0,0,440604.469999998982530,5740895.826999659650028,8.138338985000081,51.815741322000100,0,05221113711400557428
05,5,54,028,2022,11,17,5,3,0,1,2,0,0,0,1,0,0,362201.487613753997721,5746756.733913220465183,6.999134870000030,51.854577812999999,1,05221117705000295045
05,5,54,008,2022,11,17,5,3,3,3,2,1,1,0,0,0,0,334473.458565755980089,5745656.879221400246024,6.597394315000030,51.837164430000001,1,05221103705000596008
05,5,13,000,2022,11,10,2,2,0,1,0,1,0,0,0,0,0,369439.130791591014713,5716914.944194329902530,7.115349950000050,51.588144925000101,0,05221114701200077673
05,5,62,008,2022,11,11,5,3,5,2,0,1,1,0,0,0,0,385076.525999940990005,5723897.493999609723687,7.338676539000060,51.654308999000101,0,05221110701910781228
05,5,15,000,2022,10,00,1,2,9,1,2,0,0,0,0,0,1,406036.879999979981221,5756775.974999659694731,7.632661589000070,51.953738934999997,0,05221030702100076673
05,5,66,084,2022,11,13,4,3,5,2,0,1,1,0,0,0,0,385794.412054290005472,5778211.845386220142245,7.331055303000030,52.142596739000098,0,05221116709300516765
05,5,15,000,2022,11,12,6,3,0,7,0,0,0,1,0,0,1,404357.819868989987299,5756442.984384129755199,7.608328532000030,51.950459666000000,0,05221111702100276697
05,5,15,000,2022,11,15,4,3,5,3,0,1,1,0,0,0,0,405200.425999979022890,5750139.329999660141766,7.622321183000050,51.893943692000100,0,05221102702100038623
05,5,13,000,2022,11,17,1,2,6,2,2,0,1,1,0,0,0,367690.520881705975626,5713776.456020539626479,7.091305766000060,51.559532656000002,1,05221120700000095052
05,5,15,000,2022,11,15,2,3,2,6,0,0,1,0,1,0,0,408410.330999983008951,5761110.715999660082161,7.666032754000070,51.993097976999998,0,05221107702100479176
05,5,58,040,2022,11,12,6,3,4,5,0,0,1,0,0,0,0,381582.856526996009052,5765010.224912489764392,7.274123061000070,52.023070484000101,0,05221111706000491755
05,5,66,076,2022,11,08,6,3,5,3,0,1,1,0,0,0,0,393115.436947947018780,5791446.628213089890778,7.433819621000050,52.263006711000102,0,05221104709500993109
05,5,58,024,2022,11,16,5,3,5,2,2,1,1,0,0,0,0,392506.252999958989676,5736032.474999629892409,7.442293134000070,51.764849163000100,0,05221110706300474662
05,5,15,000,2022,11,16,6,2,4,6,0,0,1,0,0,0,0,399971.290003849018831,5753680.352649459615350,7.545326157000030,51.924857131000103,0,05221118702100076692
05,5,70,004,2022,11,16,4,3,2,6,1,0,1,0,0,0,1,427221.528293290000875,5740167.393284129910171,7.944375695000080,51.807610372000099,0,05221109711212191691
05,5,62,004,2022,11,16,1,3,6,7,1,0,1,1,0,0,0,382415.345316716004163,5714844.172226759605110,7.303262082000060,51.572391008000103,0,05221113701800096735
05,5,13,000,2022,11,18,5,3,6,4,2,0,1,1,0,0,0,368144.504999881028198,5713248.920999510213733,7.098048860000060,51.554898176000101,1,05221117700000575310
05,5,66,072,2022,10,11,1,3,8,1,0,1,0,0,0,0,0,408712.620134864002466,5799238.396831390447915,7.660179624000020,52.335849435999997,0,05221030709700076770
05,5,54,008,2022,11,13,4,3,5,3,0,1,1,0,0,0,0,335249.585094186011702,5745983.636931509710848,6.608493519000040,51.840329288000099,0,05221116705000880892
05,5,66,068,2022,11,16,6,3,9,1,1,0,1,0,0,0,0,378382.058473118988331,5785902.606512050144374,7.220032207000030,52.210126521000099,0,05221111709300896683
05,5,13,000,2022,11,17,5,3,2,6,0,0,1,0,0,0,0,368462.979338621022180,5707793.607571209780872,7.104677555000020,51.505946977000100,0,05221103700000048338
05,5,62,004,2022,11,07,6,3,6,7,1,0,0,1,0,0,1,382491.889316113025416,5715322.853403880260885,7.304205954000050,51.576709196000103,0,05221111701800455645
05,5,62,024,2022,11,21,7,3,4,6,2,1,0,0,0,0,1,369047.938447242020629,5724812.807122269645333,7.106753799000050,51.659029334000103,0,05221105701500095170
05,5,62,004,2022,11,18,4,3,1,3,2,0,1,0,0,0,0,384714.190559245995246,5716450.908524789847434,7.335891547000070,51.587306830000003,0,05221109701800354186
05,5,62,004,2022,11,19,7,2,0,7,2,0,1,0,0,0,0,383194.347999934980180,5714105.688999599777162,7.314743270000060,51.565915658999998,0,05221112701800554186
05,5,15,000,2022,11,19,5,3,2,7,2,1,0,0,0,0,1,403998.657936275005341,5761396.214747220277786,7.601718745000030,51.994919025000101,0,05221110702100992991
05,5,66,028,2022,11,06,4,2,4,7,2,0,1,0,0,0,0,410917.358378831006121,5789308.441322670318186,7.695154785000060,52.246959735000097,1,05221116709700992285
05,5,54,004,2022,11,18,5,3,5,2,2,0,1,0,0,0,0,363113.592730103002395,5770668.985270819626749,7.002840367000030,52.069667600999999,0,05221117705000020870
05,5,58,016,2022,11,16,4,3,0,3,0,1,1,0,0,0,0,380662.715342123003211,5742755.447690259665251,7.268433891000030,51.822870769000097,0,05221102706000196664
05,5,70,032,2022,11,18,6,3,5,3,2,0,1,0,0,0,0,422105.080379712977447,5765730.380263269878924,7.864394309000030,52.036714737000104,1,05221118711151591797
05,5,54,060,2022,11,16,4,2,5,3,1,0,1,0,0,0,1,351676.470482563017868,5755301.086727350018919,6.842747485000070,51.928649241000102,0,05221109705000991746
05,5,58,012,2022,11,11,5,3,0,1,0,0,0,0,1,0,0,374598.837354729999788,5756462.708284170366824,7.175513055000070,51.944724318000098,1,05221117706000992912
05,5,54,048,2022,10,15,1,3,0,1,0,1,0,0,0,0,0,341351.736999709974043,5739177.094999039545655,6.700109545000030,51.780946272000101,0,05221030705000087250
05,5,62,032,2022,11,06,6,2,5,3,2,0,1,0,0,0,0,375612.523439073993359,5719709.383307020179927,7.203423674000020,51.614655616999997,1,05221104701110595013
05,5,62,016,2022,10,11,2,3,0,3,0,0,0,0,0,0,1,375117.971167878014967,5734462.436772019602358,7.191007227000060,51.747131469000102,0,05221031701700537192
05,5,62,024,2022,11,14,3,2,5,3,0,0,1,0,0,0,0,364607.598999865993392,5723719.692999480292201,7.043020291000060,51.648154276000099,0,05221115701500977638
05,5,66,060,2022,11,21,5,3,9,1,2,0,1,0,0,0,0,386601.831102001015097,5790247.207667909562588,7.338820819000030,52.250923477000100,1,05221117709500296558
05,5,15,000,2022,11,12,2,3,0,2,0,1,0,0,0,0,1,403038.138227113988250,5758132.105020159855485,7.588655597000070,51.965413486000003,0,05221107702100993088
05,5,62,014,2022,11,21,6,3,3,6,2,0,1,0,0,0,0,362494.962220934976358,5713785.828814290463924,7.016398491000070,51.558374258000100,1,05221118702340089368
05,5,62,020,2022,11,16,1,2,1,6,1,0,1,0,1,0,0,367578.353999877988826,5719184.671999510377645,7.087648784000070,51.608107759000099,0,05221113701200077692
05,5,58,024,2022,11,06,5,3,8,7,2,1,1,0,0,0,0,391512.838771720998921,5739794.452832330018282,7.426727363000050,51.798469857000001,1,05221117706300536457
05,5,54,020,2022,11,18,6,2,9,1,2,0,1,0,0,0,0,362609.614747269020882,5784550.297269280068576,6.989884582000060,52.194269652000102,0,05221104705000992293
05,5,62,012,2022,11,14,4,3,5,3,0,0,1,0,0,0,0,359717.730999839026481,5726516.328999429941177,6.971266027000070,51.672085725999999,0,05221116701610575248
05,5,70,008,2022,11,18,4,3,5,3,2,0,1,0,0,0,0,433008.430095452000387,5733982.794681220315397,8.029492655000070,51.752734256000103,0,05221109711311094426
05,5,66,008,2022,11,07,2,2,5,3,0,1,1,0,0,0,0,399225.742999969981611,5780589.212999659590423,7.526553856000020,52.166577595000000,0,05221114709110879617
05,5,62,032,2022,11,21,5,3,1,1,2,0,1,0,0,0,0,372327.362550997990184,5721215.238740489818156,7.155452178000080,51.627453082999999,0,05221110701110998908
05,5,12,000,2022,11,14,5,3,1,6,0,0,1,0,0,0,0,356357.449668931018095,5714306.839535309933126,6.927708922000020,51.561526452000102,0,05221103702340091864
05,5,58,024,2022,11,16,6,2,5,3,0,0,1,0,1,0,0,387845.597793879976962,5737416.602849530056119,7.374336662000080,51.776375121000100,0,05221111706300096684
05,5,70,004,2022,11,07,2,3,5,2,0,0,1,0,0,0,0,427503.155075718997978,5738692.121354769915342,7.948768355000030,51.794384641000100,0,05221114711212391796
05,5,15,000,2022,11,14,5,3,5,3,0,1,1,0,0,0,0,404408.700179620995186,5755360.490649409592152,7.609369641000060,51.940738535999998,0,05221110702100891805
05,5,54,028,2022,11,08,5,3,1,6,0,0,1,0,0,0,0,358818.568999834998976,5742699.215999409556389,6.951703205000060,51.817273741000101,0,05221103705000291746
05,5,13,000,2022,11,17,6,3,2,6,2,0,1,0,0,0,0,366665.266191206988879,5710871.172088259831071,7.077625353000030,51.533182640000099,0,05221104700000275318
05,5,15,000,2022,10,16,2,3,6,6,0,1,0,1,0,0,0,411472.169998892000876,5751921.087972500361502,7.712982180000040,51.910991174000102,0,05221031702100176106