ULAND,UREGBEZ,UKREIS,UGEMEINDE,UJAHR,UMONAT,USTUNDE,UWOCHENTAG,UKATEGORIE,UART,UTYP1,ULICHTVERH,IstRad,IstPKW,IstFuss,IstKrad,IstGkfz,IstSonstige,LINREFX,LINREFY,XGCSWGS84,YGCSWGS84,STRZUSTAND,UIDENTSTLAE
05,5,58,032,2022,11,17,1,3,2,6,2,0,1,0,0,0,0,388235.772883065976202,5750430.813313299790025,7.375786039000050,51.893419762000100,1,05221106702330107587
05,5,70,044,2022,11,10,3,3,5,2,0,1,1,0,0,0,0,416595.274999989022035,5759438.674999670125544,7.785619464000040,51.979357679000003,0,05221115711141902895
05,5,62,008,2022,11,16,6,3,5,3,0,0,1,0,1,0,0,383282.764999934996013,5728716.195999599993229,7.311147598000050,51.697247748000102,0,05221111701910089484
05,5,62,036,2022,11,19,5,3,2,6,2,0,1,0,0,0,0,390528.088999953994062,5720344.930999619886279,7.418561979000060,51.623466402000098,1,05221117701930195037
05,5,66,028,2022,11,09,7,3,0,7,0,0,0,0,0,0,1,412433.561999986006413,5794191.215999679639935,7.716089998000030,52.291090869000101,0,05221112709700945589
05,5,54,044,2022,10,11,1,3,4,2,0,0,1,0,0,0,0,363686.075626789999660,5741218.267745680175722,7.022858666000050,51.805174505000103,0,05221030705000781092
05,5,62,014,2022,11,13,4,3,5,3,0,1,1,0,0,0,0,361852.242306215979625,5711844.088330229744315,7.007895370000030,51.540768329000102,0,05221116701300585418
05,5,58,012,2022,11,11,3,2,5,2,0,1,1,0,0,0,0,374149.129451998975128,5755294.945896189659834,7.169401079000070,51.934128724000097,0,05221115706000096587
05,5,62,024,2022,11,17,5,3,6,4,2,0,1,1,0,0,0,367759.230999880004674,5724256.164999510161579,7.088343908000070,51.653725350999999,1,05221103701500750782
05,5,54,044,2022,11,18,3,3,5,3,2,1,1,0,0,0,0,365434.885074256977532,5743468.014552569948137,7.047334057000060,51.825814389000101,0,05221108705000030800
05,5,62,012,2022,11,18,1,3,5,3,2,0,1,0,0,0,0,358843.935999833978713,5727374.165999419987202,6.958291270000070,51.679575163000003,1,05221120701610991324
05,5,62,014,2022,11,18,7,3,3,6,2,0,1,0,0,0,0,360726.270752987009473,5713669.783970800228417,6.990946680000040,51.556897544000002,0,05221112702340596061
05,5,15,000,2022,11,07,2,2,0,1,0,0,0,1,0,0,1,405224.470128658984322,5750400.446165510453284,7.622598722000020,51.896294829000098,0,05221114702100576692
05,5,54,004,2022,11,04,1,3,8,1,2,0,1,0,0,0,0,362115.849787970015313,5774693.849537749774754,6.986665519000040,52.105584622999999,0,05221120705000068647
05,5,62,032,2022,11,19,3,2,9,1,2,0,1,0,0,0,0,374447.464999907009769,5716938.709999560378492,7.187597186000060,51.589496754000002,0,05221101702340251446
05,5,54,024,2022,11,10,4,3,5,3,0,1,1,0,0,0,0,371127.890999895986170,5775807.729999549686909,7.117754964000030,52.117766944000003,0,05221102705000696646
05,5,62,014,2022,11,18,6,2,5,3,2,0,1,0,0,0,1,361883.846999849018175,5712939.304999450221658,7.007920919000070,51.550617920000001,0,05221111701300796048
05,5,58,004,2022,11,23,6,3,6,6,2,0,1,1,0,0,0,403877.600048158026766,5738868.636616390198469,7.606235881000030,51.792410136000100,0,05221118706300109883
05,5,15,000,2022,11,09,1,2,0,1,0,1,0,0,0,0,0,406169.452999979024753,5758093.649999660439789,7.634230245000030,51.965605193000002,0,05221113702100491756
05,5,66,020,2022,11,16,7,3,5,3,1,0,1,0,0,0,0,405102.531999977014493,5811118.085999679751694,7.603846006000030,52.442007874000097,0,05221119709700772667
05,5,62,032,2022,11,14,5,3,6,4,0,0,1,1,0,0,0,379871.284200566005893,5718178.719771030358970,7.265428185000080,51.601823819000103,1,05221117701110099266
05,5,70,052,2022,11,07,5,3,4,6,1,1,0,0,0,0,1,430834.494999995979015,5757508.833999670110643,7.993294531000060,51.963964271000101,0,05221103711111993104
05,5,62,032,2022,11,06,2,3,5,2,2,0,1,0,0,0,0,376074.289999912027270,5714676.709999569691718,7.211866926000030,51.569527827000101,0,05221114701120499266
05,5,62,032,2022,11,17,5,3,5,2,2,1,1,0,0,0,0,376592.716999913973268,5718227.648999569937587,7.218095152000050,51.601554698000001,0,05221110701110094956
05,5,15,000,2022,11,13,4,3,5,3,0,1,1,0,0,0,0,405654.596999978995882,5757012.944999660365283,7.627035315000060,51.955804205000000,0,05221109702100496554
05,5,66,028,2022,11,20,7,3,4,2,2,0,1,0,0,0,0,411829.568999984010588,5798428.238999689929187,7.706126576000030,52.329077449000103,0,05221105709700072667
05,5,54,012,2022,11,05,3,3,1,6,2,0,1,0,0,0,0,350592.669999783975072,5745471.812999269925058,6.831252748000050,51.840046569999998,1,05221115705000887244
05,5,66,040,2022,11,17,1,2,2,1,2,0,1,0,0,0,0,415802.336260580981616,5781066.259631140157580,7.768739505000040,52.173643518000098,0,05221106702350272417
05,5,66,016,2022,11,07,4,3,0,7,0,1,0,0,0,0,0,402026.923559351998847,5794985.574202979914844,7.563324803000060,52.296473317000000,1,05221102709500896541
05,5,66,076,2022,11,15,5,3,6,6,0,0,1,1,0,0,0,395789.538334159005899,5793947.764993839897215,7.472215119000050,52.285998434000099,0,05221117709500179213
05,5,54,028,2022,11,14,5,3,3,2,0,0,1,0,0,0,0,358818.568999834998976,5742699.215999409556389,6.951703205000060,51.817273741000101,0,05221110705000595045
05,5,15,000,2022,11,18,4,3,0,2,2,1,1,0,0,0,0,405442.275127188011538,5756200.192891799844801,7.624170088000030,51.948462771999999,0,05221109702100591832
05,5,66,012,2022,11,12,5,3,0,3,0,1,1,0,0,0,0,404061.426999975985382,5772330.619999660179019,7.599563727000030,52.093210589000101,0,05221117709110980991
05,5,54,028,2022,10,03,1,2,8,1,2,0,1,0,0,0,0,359756.539660395996179,5739276.964576099999249,6.966686613000040,51.786758937000101,0,05221030705000081928
05,5,54,020,2022,11,07,3,3,8,1,1,0,0,0,1,0,0,365060.225999868009239,5780858.351999499835074,7.027184247000040,52.161701401000101,0,05221108705000320880
05,5,15,000,2022,11,09,6,3,5,3,0,1,1,0,0,0,0,403014.270513784023933,5758684.813035629689693,7.588152173000030,51.970377214000102,0,05221104702100079175
05,5,15,000,2022,11,17,3,3,5,2,2,0,1,0,0,0,0,407044.504999979981221,5757870.224999659694731,7.647023867000030,51.963743950000001,0,05221115702100174698
05,5,15,000,2022,11,18,2,3,5,3,2,0,1,0,0,0,0,409769.912125879025552,5751797.769196700304747,7.688273991000070,51.909609531999998,0,05221107702100979187
05,5,62,012,2022,11,19,5,3,5,3,2,1,1,0,0,0,0,357625.722393964999355,5735418.771302869543433,6.937395905000070,51.751553075000103,0,05221110701620989699
05,5,54,016,2022,11,17,4,3,2,6,2,0,1,0,0,0,0,364227.648623079992831,5756192.802815790288150,7.024820283000050,51.939864796000101,0,05221116705000089749
05,5,62,020,2022,11,05,3,3,5,2,0,0,1,0,0,0,0,370088.828999890014529,5719087.357999529689550,7.123918434000070,51.607818039999998,0,05221115701200922829
05,5,54,004,2022,11,13,7,3,8,1,0,0,0,0,1,0,0,365428.660561009019148,5772110.609664349816740,7.036026750000080,52.083188718000002,0,05221119705000260690
05,5,15,000,2022,11,17,4,3,6,4,2,0,1,1,0,0,0,405089.438999977021012,5758229.159999660216272,7.618477335000020,51.966639864999998,0,05221102702100372551
05,5,54,044,2022,11,12,2,2,9,1,0,0,1,0,0,0,0,365904.819794347975403,5747461.756996150128543,7.052600500000040,51.861815161000003,0,05221107705000993089
05,5,54,004,2022,11,15,6,3,0,1,0,0,0,0,0,0,1,363757.987889343989082,5772228.649198769591749,7.011613105000040,52.083840725000101,0,05221111705000620819
05,5,15,000,2022,11,13,7,3,0,1,0,1,0,0,0,0,0,404859.971999978006352,5758306.286999659612775,7.615116885000020,51.967293885000103,0,05221105702100664164
05,5,66,084,2022,11,08,6,3,8,1,0,0,1,0,0,0,0,389352.652804649027530,5781006.366694370284677,7.382120429000050,52.168435664000100,1,05221118709300887315
05,5,66,084,2022,11,18,4,3,5,2,2,1,1,0,0,0,0,386160.114999943005387,5778968.843999629840255,7.336143456000060,52.149475324999997,0,05221102709300696611
05,5,54,004,2022,11,18,6,3,5,2,1,1,1,0,0,0,0,363231.527438391000032,5772370.688178109936416,7.003877741000050,52.084987183000102,0,05221104705000896646
05,5,15,000,2022,11,08,4,3,0,1,0,1,0,0,0,0,0,405019.896999977005180,5757700.723999660462141,7.617611551000040,51.961878196000001,1,05221109702100374771
05,5,66,016,2022,11,13,5,3,0,7,0,1,0,0,0,0,0,405530.955999978992622,5791519.979999680072069,7.615662435000050,52.265938657000000,0,05221110709500996952
05,5,58,012,2022,11,17,4,2,5,2,2,0,1,0,0,0,0,374732.198238992015831,5752943.109587759710848,7.178733449000050,51.913125424000000,0,05221109706000058239
05,5,15,000,2022,11,07,3,3,0,1,0,1,0,0,0,0,0,409836.002099914010614,5761047.968376929871738,7.686807648000070,51.992767260000100,1,05221108702100074772
05,5,62,032,2022,11,15,6,2,1,6,0,0,1,0,0,0,0,375828.809554783976637,5719412.528950450010598,7.206651099000060,51.612035494000096,0,05221104701110191788
05,5,70,004,2022,11,15,7,3,5,3,0,1,0,0,0,0,1,423850.935999993002042,5734561.417999659664929,7.896726144000070,51.756765798000103,0,05221105711213787237
05,5,15,000,2022,11,23,6,3,0,7,2,1,0,0,0,0,0,412441.830999987025280,5752300.822999659925699,7.726978803000070,51.914557840999997,0,05221111702100992989
05,5,66,028,2022,11,02,7,2,0,7,2,1,0,0,0,0,0,409526.169999981997535,5791480.037999680265784,7.674201143000060,52.266251433000001,0,05221112709700992988
05,5,66,012,2022,10,17,7,3,0,5,0,1,1,0,0,0,0,403325.677922471018974,5773138.747268100269139,7.588598091000050,52.100346054000099,0,05221029709700076770
05,5,58,044,2022,11,17,5,3,2,6,2,0,1,0,0,0,0,395671.210086076986045,5752300.398488099686801,7.483233269000040,51.911664977000001,1,05221117706300011018
05,5,12,000,2022,11,17,6,3,5,3,2,0,1,0,0,0,0,355615.806999813998118,5720013.165999369695783,6.914669973000060,51.612612081000101,0,05221111701400548095
05,5,13,000,2022,11,07,4,3,0,5,1,0,1,0,1,0,0,368688.289052563020959,5710200.631462030112743,7.107025363000050,51.527630799000100,0,05221109700000993015
05,5,12,000,2022,10,06,1,3,8,1,2,0,1,0,0,0,0,357177.194095660990570,5720746.768138499930501,6.936906164000050,51.619602287000099,0,05221030702340003172
05,5,70,028,2022,11,21,4,2,7,7,2,0,1,0,0,0,0,438103.239999998011626,5740293.796999660320580,8.102165494000079,51.810057559000001,0,05221116711412694413
05,5,13,000,2022,11,15,4,3,3,6,0,0,1,0,0,0,1,363320.884600571996998,5716107.239675300195813,7.027402412000070,51.579435859999997,0,05221109702340554150
05,5,54,012,2022,11,13,1,3,4,2,0,0,1,0,0,0,0,351936.777999791025650,5743857.323999299667776,6.851439232000080,51.825898553999998,0,05221113705000370525
05,5,62,008,2022,11,14,7,3,5,3,0,0,1,0,0,0,1,384465.812999940011650,5726954.044999609701335,7.328841394000050,51.681655001000102,0,05221119701910270163
05,5,13,000,2022,11,06,3,3,2,2,2,0,1,0,0,0,1,370637.566065552993678,5715137.093451409600675,7.133294404000030,51.572444105000002,1,05221115700000470110
05,5,15,000,2022,11,12,5,3,6,2,0,0,0,1,0,0,1,407216.664700871973764,5761115.796085299924016,7.648651297000070,51.992945493999997,0,05221110702100274724
05,5,58,036,2022,10,15,2,2,5,6,0,0,1,0,0,0,0,387427.162999945983756,5729084.606999619863927,7.370969877000050,51.701405499000003,0,05221031706300574662
05,5,66,032,2022,11,18,1,3,2,6,2,0,1,0,0,0,0,427832.717051266983617,5794541.923961400054395,7.941752970000040,52.296481860000000,1,05221106702350342871
05,5,70,028,2022,11,13,4,3,0,1,0,1,0,0,0,0,0,441936.846414004976396,5747226.444390139542520,8.156602728000051,51.872795007000001,0,05221102711413387228
05,5,66,076,2022,11,00,1,3,5,3,2,0,1,0,0,0,0,393261.827581199991982,5791629.319324060343206,7.435906033000040,52.264677021000097,0,05221120709500360909
05,5,66,076,2022,10,13,7,3,6,1,0,0,1,1,0,0,0,393969.359999960986897,5793403.905999659560621,7.445711895000040,52.280762498999998,0,05221029709500572447
05,5,66,084,2022,11,11,1,3,8,1,0,0,0,0,1,0,0,392952.770863940007985,5776435.455901459790766,7.436179721000030,52.128065218000103,0,05221113709000021108
05,5,15,000,2022,11,06,5,3,0,3,2,1,1,0,0,0,1,404690.185731524019502,5758596.928979179821908,7.612565530000040,51.969877195999999,1,05221117702100060729
05,5,70,044,2022,11,17,2,3,5,3,1,0,1,0,0,0,0,417507.631999988981988,5760554.414999670349061,7.798631955000080,51.989523278000000,0,05221114711100096688
05,5,62,032,2022,10,17,2,3,5,2,1,0,1,0,1,0,0,374054.822999907017220,5714756.014999549835920,7.182715114000080,51.569793077999996,0,05221031701120789479
05,5,54,008,2022,11,17,3,3,2,6,1,0,1,0,1,0,0,335530.794612500001676,5746039.566247359849513,6.612545119000060,51.840914609000002,0,05221115705000080974
05,5,62,014,2022,11,16,3,3,5,3,0,0,1,0,0,0,1,361335.840999849024229,5714924.956999439746141,6.999238958000030,51.568326880000001,0,05221108701300494952
05,5,70,044,2022,11,06,4,3,6,2,2,0,1,1,0,0,0,416593.876885775011033,5759489.326628279872239,7.785586799000040,51.979812774999999,1,05221116711141951183
05,5,58,012,2022,11,17,4,3,7,7,2,0,1,0,0,0,0,373374.790473741013557,5759131.255330240353942,7.156730582000020,51.968427623000103,0,05221109706200072373
05,5,58,036,2022,11,14,7,2,5,3,0,1,1,0,0,0,0,385726.103606228018180,5731846.051391810178757,7.345459387000060,51.725880584000002,0,05221105706300196594
05,5,15,000,2022,10,12,2,3,2,6,0,0,1,0,0,0,1,407008.491999980993569,5755663.161999659612775,7.647097138000050,51.943899698000102,0,05221031702100970512
05,5,70,008,2022,11,20,3,3,5,3,2,1,1,0,0,0,0,434063.445999997027684,5734465.997999650426209,8.044682708000041,51.757203484000101,0,05221115711311053108
05,5,66,076,2022,11,06,2,3,5,3,2,1,1,0,0,0,0,395018.351999963982962,5792303.413999659940600,7.461425468000070,52.271073405999999,1,05221114709500176632
05,5,66,036,2022,11,17,1,3,5,3,2,1,1,0,0,0,0,386966.575999945984222,5768435.025999640114605,7.351420262000030,52.054972828000103,1,05221106709300287329
05,5,62,020,2022,11,19,1,2,5,3,1,1,1,0,0,0,0,369726.819315891014412,5718971.051148279570043,7.118736801000070,51.606689185999997,1,05221120701200398908
05,5,62,012,2022,11,13,6,3,5,2,0,1,1,0,0,0,0,359324.451999836019240,5725081.654999420046806,6.966159922000030,51.659095690000100,0,05221111701610789489
05,5,58,032,2022,11,15,7,3,2,1,1,0,1,0,0,0,0,391434.935999954002909,5751088.331999629735947,7.422051517000060,51.899961697000002,0,05221112706000695024
05,5,62,036,2022,11,18,6,3,6,2,2,0,1,1,0,0,0,388787.571999948006123,5719066.980999619700015,7.393834535000050,51.611638896000002,1,05221118701930648544
05,5,15,000,2022,11,08,5,3,5,3,0,0,1,0,0,0,0,404817.349005786003545,5746469.141568220220506,7.617767988000030,51.860888815000102,1,05221117702100342020
05,5,66,012,2022,11,06,2,3,5,2,2,0,1,0,0,0,1,404396.637999976985157,5772429.479999669827521,7.604427571000030,52.094157172000102,0,05221114709110052454
05,5,66,012,2022,10,14,2,2,4,1,0,0,1,0,0,0,0,402584.118627133022528,5772677.436570310033858,7.577907137000070,52.096069694999997,0,05221031709110080991
05,5,54,056,2022,11,07,3,3,2,6,1,0,1,0,0,0,0,359073.282999838003889,5761236.770999420434237,6.947817505000050,51.983904635000002,1,05221115705000170577
05,5,15,000,2022,11,01,6,2,9,1,2,0,0,0,0,0,1,406232.936909682990517,5757629.444556069560349,7.635280759000070,51.961443412000101,0,05221111702100579100
05,5,54,020,2022,11,03,1,2,0,1,2,0,1,0,0,0,0,365587.908776076976210,5786769.183019050396979,7.032550260000050,52.214941141000097,0,05221106705000491867
05,5,62,016,2022,11,21,7,3,0,1,2,1,0,0,0,0,0,377715.266617639979813,5731420.030715719796717,7.229679987000050,51.720362060000099,0,05221112701700698869
05,5,62,014,2022,11,05,6,2,5,3,2,0,1,0,0,0,1,358290.510999831021763,5714217.944999399594963,6.955613256000050,51.561216650000098,1,05221118701300441218
05,5,13,000,2022,11,15,1,3,5,3,0,0,1,0,0,0,1,368634.987120995006990,5707336.346855600364506,7.107324870000070,51.501877671999999,0,05221120700000095199
05,5,70,008,2022,11,10,6,3,3,2,0,1,0,0,0,1,0,433816.722137867996935,5735652.932515350170434,8.040882509000030,51.767844997000097,0,05221104711312587401
05,5,54,008,2022,11,14,5,3,0,1,0,0,0,0,1,0,0,334846.394999650015961,5745863.543998789973557,6.602703690000060,51.839131366000103,0,05221110705000993020
05,5,62,014,2022,11,15,5,3,2,6,0,0,1,0,1,0,0,358314.768623477022629,5714227.715012749657035,6.955959034000050,51.561310537000097,1,05221117701300045421
05,5,62,012,2022,11,07,5,3,6,4,1,0,1,1,0,0,0,359945.508999840007164,5724831.763999430462718,6.975233014000030,51.657005303000098,0,05221110701610894988
05,5,54,012,2022,11,06,3,3,2,1,2,0,1,0,0,0,0,354331.936999807017855,5741864.165999339893460,6.887008099000070,51.808619381000000,0,05221108705000181131
05,5,15,000,2022,11,08,6,3,2,6,0,1,0,0,0,0,0,406303.092999978980515,5757680.111999659799039,7.636287701000070,51.961910662999998,0,05221104702100472452
05,5,15,000,2022,10,17,2,3,9,7,1,0,1,0,0,0,0,400280.373049252026249,5755945.823188720270991,7.549162730000030,51.945275025000100,0,05221031702330291320
05,5,15,000,2022,11,17,5,3,1,6,2,0,1,0,0,1,0,410091.787813397007994,5755741.875765070319176,7.691921560000030,51.945114076000003,0,05221103702100474637
05,5,54,056,2022,11,06,2,3,0,1,2,1,0,0,0,0,0,355478.934999815013725,5762359.043999359942973,6.895041202000070,51.993064817000104,0,05221107705000887239
05,5,62,008,2022,11,17,6,2,0,1,1,0,0,0,1,0,0,383774.193999938026536,5720313.895999600179493,7.321048895000050,51.621833119000001,0,05221111701910994974
05,5,62,008,2022,11,04,7,3,0,7,2,1,0,0,0,0,0,385059.141999939980451,5723599.699999599717557,7.338523238000050,51.651628959999996,0,05221105701910481228
05,5,58,016,2022,11,16,1,2,0,1,1,1,0,0,0,0,0,382545.950342624972109,5744107.627369839698076,7.295287350000020,51.835422171000097,0,05221120706100376658
05,5,54,012,2022,11,17,5,2,2,6,2,0,1,0,0,0,1,347168.891151233983692,5744481.974997590295970,6.782031231000080,51.830226940000003,0,05221110705000191736
05,5,15,000,2022,11,07,4,3,3,3,0,1,0,0,0,0,1,406208.938999979000073,5757441.278999660164118,7.634982973000040,51.959748044999998,0,05221102702100991756
05,5,15,000,2022,11,17,4,3,5,2,2,1,1,0,0,0,0,406322.628999979002401,5756457.540999660268426,7.636905299000030,51.950924902000096,0,05221116702100053166
05,5,13,000,2022,11,07,5,2,6,4,2,0,1,1,0,0,0,365045.763867780973669,5717794.453190989792347,7.051632175000070,51.595013448000003,0,05221110700000175938
05,5,66,004,2022,11,04,6,2,8,1,2,1,0,0,0,0,0,394112.439999961003195,5767036.108999649994075,7.456033036000060,52.043811484000102,0,05221111709110372341
05,5,13,000,2022,11,12,6,3,2,6,0,0,1,0,0,0,0,366184.686999870988075,5709765.624999489635229,7.071120762000020,51.523133848000001,1,05221104700000581313
05,5,58,032,2022,11,17,1,2,8,1,2,0,1,0,0,0,0,388091.861742994980887,5750291.705605410039425,7.373740701000030,51.892140654999999,1,05221106702330496599
05,5,58,024,2022,11,08,4,3,6,6,0,1,0,1,0,0,0,392746.330999959027395,5737053.408999630250037,7.445455489000040,51.774071358000100,0,05221109706000994955
05,5,66,012,2022,11,15,5,3,5,3,0,0,1,0,0,0,0,406456.420482576999348,5772022.138015669770539,7.634597744000080,52.090847919000097,0,05221117709110079197
05,5,54,016,2022,11,19,2,2,6,7,2,0,1,1,0,0,0,363800.784469982027076,5759988.434665029868484,7.017109776000040,51.973866660000098,0,05221114705000389749
05,5,62,028,2022,11,09,4,3,0,1,0,0,0,0,1,0,0,381024.545999928028323,5722278.994999590329826,7.280679889000060,51.638919830000098,0,05221102701920389503
05,5,62,014,2022,10,19,1,3,5,3,2,0,1,0,0,0,1,358976.851270037004724,5716030.662701879628003,6.964780576000070,51.577677655000102,0,05221030701300587645
05,5,58,004,2022,11,07,4,2,4,3,0,0,1,0,0,1,0,411557.298999984981492,5732908.153999649919569,7.719076865000030,51.740098024000098,1,05221116706300596538
05,5,66,028,2022,11,09,6,2,6,4,0,0,0,1,0,1,0,412363.972655620018486,5791290.660413580015302,7.715823834000050,52.265008795000000,0,05221111709700996559
05,5,15,000,2022,11,21,6,3,1,6,2,0,1,0,0,0,0,405121.646907530026510,5756696.454816769808531,7.619369357000040,51.952868785000099,1,05221104702100774637
05,5,62,020,2022,11,18,5,3,2,6,2,0,1,0,0,0,0,371409.733999895979650,5715573.852999540045857,7.144270629000060,51.576545865000099,1,05221103701200195116
05,5,62,024,2022,11,18,2,3,5,3,2,0,1,0,0,0,0,367562.794999877980445,5723505.885999510064721,7.085790068000050,51.646936745000097,0,05221107701500595064
05,5,12,000,2022,11,18,6,2,8,1,2,0,1,0,0,0,0,354040.473999804002233,5720137.517999339848757,6.891882269000060,51.613323237000003,1,05221118701400889485
05,5,66,080,2022,11,06,5,3,4,2,2,0,1,0,0,0,0,407290.570692353008781,5780117.212768060155213,7.644563392000070,52.163748836000103,1,05221117709000796663
05,5,62,024,2022,11,16,7,3,6,4,1,1,0,1,0,0,0,370486.468999891018029,5725511.011999529786408,7.127280661000040,51.665637195999999,0,05221112701500786132
05,5,58,016,2022,11,20,5,2,2,2,2,1,1,0,0,0,0,383442.373229465971235,5748903.467484179884195,7.306674160000060,51.878711391000103,0,05221110706000658249
05,5,15,000,2022,11,07,4,3,5,2,2,1,1,0,0,0,0,408056.939999981026631,5754359.802999660372734,7.662694574000060,51.932358587000103,1,05221116702100470586
05,5,66,084,2022,11,15,3,3,3,2,0,1,1,0,0,0,0,390843.701999954995699,5775993.545999649912119,7.405523562000040,52.123681134000002,0,05221108709300942419
05,5,66,008,2022,11,06,6,1,5,3,1,1,0,0,0,0,1,403509.628999974986073,5779526.373999670147896,7.589470727000050,52.157790394000102,0,05221111709110293606
05,5,15,000,2022,11,16,1,3,1,6,0,1,0,0,0,0,0,405435.649140888010152,5759120.822536109946668,7.623269584000070,51.974713494000099,0,05221106702100791794
05,5,13,000,2022,10,17,2,3,2,6,1,0,1,0,0,0,0,366305.615080711024348,5711263.356803660281003,7.072294258000060,51.536621986999997,0,05221031700000378079
05,5,12,000,2022,11,20,1,3,8,7,2,0,1,0,0,0,0,356980.488326077000238,5721966.123237480409443,6.933568824000080,51.630509078000003,1,05221120702340749701
05,5,58,004,2022,11,16,3,3,0,2,0,1,0,0,1,0,0,407369.911855672020465,5733756.013761180453002,7.658222320000050,51.747042830000098,0,05221101706300394281
05,5,70,004,2022,11,12,5,3,2,6,0,0,1,0,0,0,0,423959.275446233979892,5733626.981285479851067,7.898499879000040,51.748380236000102,0,05221117711214589382
05,5,15,000,2022,11,13,2,3,3,2,0,1,1,0,0,0,0,404667.343143670004793,5759980.128462050110102,7.611848865000070,51.982305966000098,0,05221107702100479175
05,5,15,000,2022,11,13,6,3,2,6,0,0,1,0,0,0,0,405553.409053510986269,5754879.491660299710929,7.626149370000060,51.936610584000100,0,05221111702100566481
05,5,66,084,2022,11,14,6,3,5,3,0,0,1,0,0,0,1,385557.117999942973256,5777983.075999629683793,7.327666229000040,52.140491699999998,0,05221104709300991742
05,5,66,008,2022,11,10,7,2,5,3,0,1,0,0,1,0,0,399993.357999971020035,5781493.042999659664929,7.537506982000020,52.174840631999999,0,05221112709110042542
05,5,15,000,2022,11,10,5,2,0,2,0,1,1,0,0,0,0,406939.769562623987440,5758315.877853079698980,7.645379115000030,51.967732177000102,0,05221110702100976680
05,5,66,012,2022,11,14,6,3,2,6,0,0,1,0,0,1,0,405964.443999979994260,5773649.672999669797719,7.626969716000080,52.105393191000097,1,05221118709110370630
05,5,66,032,2022,11,17,1,3,2,6,2,0,1,0,0,0,0,412557.559885376016609,5776761.602963759563863,7.722410513000060,52.134446506000103,0,05221113702350049908
05,5,62,024,2022,12,19,5,3,5,2,2,1,1,0,0,0,0,370220.797999890986830,5725386.109999530017376,7.123487758000070,51.664453450000103,0,05221201701500365424
05,5,62,036,2022,11,19,7,2,5,2,2,1,1,0,0,0,0,388413.912999948021024,5718313.969999619759619,7.388680002000060,51.604796895000000,0,05221126701930949479
05,5,54,044,2022,11,17,4,2,5,2,2,0,1,0,0,0,1,367353.909999879018869,5746698.534999510273337,7.073925006000020,51.855303135000000,1,05221123705000095149
05,5,15,000,2022,11,14,2,3,4,2,1,1,1,0,0,0,0,404389.893999979016371,5759062.468999659642577,7.608065875000020,51.974010057000001,1,05221121702100865384
05,5,62,012,2022,11,07,2,2,4,6,2,0,1,0,1,0,0,367194.313058802974410,5732158.487591279670596,7.077175020000030,51.724605424000103,1,05221128701620185012
05,5,66,012,2022,11,07,6,3,0,3,2,1,1,0,0,0,0,404923.370999977982137,5769503.735999659635127,7.612929672000060,52.067950767000099,1,05221125709110187292
05,5,62,024,2022,11,18,7,2,9,7,2,0,1,0,0,0,0,371436.787947478995193,5723936.793766940012574,7.141593071000050,51.651708327000101,0,05221126701500647707
05,5,62,036,2022,11,11,4,3,0,7,0,0,0,0,1,0,0,389203.585445151024032,5720420.381148699671030,7.399412245000060,51.623885332000000,0,05221123701930385414
05,5,54,012,2022,11,14,3,3,0,1,0,1,0,0,0,0,0,349050.442089090007357,5745061.003750439733267,6.809063092000030,51.835940874000102,1,05221129705000591729
05,5,62,020,2022,11,07,3,3,5,3,2,0,1,0,0,0,0,373561.076999903016258,5713313.761999550275505,7.176113438000070,51.556720945000102,1,05221122701200498974
05,5,66,020,2022,11,13,4,3,4,7,0,1,0,0,0,0,0,404354.931999975990038,5804407.267999679781497,7.594769288000070,52.381563278000002,1,05221123709700992810
05,5,66,020,2022,11,17,3,3,5,3,2,1,1,0,0,0,0,404985.305734970024787,5804595.671602359972894,7.603974417000070,52.383366317000103,1,05221122709700591773
05,5,58,024,2022,11,17,3,3,5,3,2,1,1,0,0,0,0,393201.315492824011017,5736377.217240300029516,7.452255418000050,51.768080728000001,1,05221129706000676729
05,5,62,016,2022,11,21,2,3,2,6,2,0,1,0,0,1,0,374260.116940201027319,5738111.040242609567940,7.177267057000050,51.779728770000098,1,05221121702330891119
05,5,62,024,2022,11,15,1,3,5,3,0,0,1,0,0,0,0,372867.045999901019968,5725493.853999550454319,7.161689927000050,51.666026653000102,1,05221127701500098869
05,5,62,020,2022,11,07,4,3,2,6,0,0,1,0,0,0,0,369423.834999886981677,5717621.857999520376325,7.114866255000040,51.594494215000097,0,05221130701200099330
05,5,54,056,2022,11,11,3,3,5,3,0,1,1,0,0,0,0,356848.053999822994228,5762252.668999389745295,6.915012579000060,51.992463608000001,1,05221122705000091707
05,5,62,016,2022,11,15,6,2,8,1,0,0,1,0,0,0,0,374931.487884352973197,5740477.587465849705040,7.186140832000040,51.801146836999997,0,05221125702330380977
05,5,15,000,2022,11,14,5,3,5,3,0,0,1,0,0,0,0,407431.470999980985653,5758068.622999659739435,7.652601026000070,51.965591824000100,0,05221124702100576673