ULAND,UREGBEZ,UKREIS,UGEMEINDE,UJAHR,UMONAT,USTUNDE,UWOCHENTAG,UKATEGORIE,UART,UTYP1,ULICHTVERH,IstRad,IstPKW,IstFuss,IstKrad,IstGkfz,IstSonstige,LINREFX,LINREFY,XGCSWGS84,YGCSWGS84,STRZUSTAND,UIDENTSTLAE
05,5,66,084,2022,11,18,6,3,0,1,2,1,0,0,0,0,0,390733.580790519015864,5774032.073510619811714,7.404545251000060,52.106031051000102,0,05221125709300470597
05,5,54,044,2022,11,17,2,3,4,2,2,0,1,0,0,0,0,365452.856999868992716,5744137.164999489672482,7.047334586000030,51.831831700000102,1,05221121705000281028
05,5,62,020,2022,12,17,5,2,5,3,2,1,1,0,0,0,0,371438.285999895015266,5717520.459999539889395,7.143969567000060,51.594046293000098,0,05221201701200491012
05,5,62,014,2022,11,12,5,3,5,3,0,1,1,0,0,0,0,360452.121460257971194,5715078.641256120055914,6.986435339000020,51.569489889000103,0,05221124701300185344
05,5,62,012,2022,11,18,3,3,5,3,2,0,1,0,0,0,0,358568.301999833027367,5726895.783999410457909,6.954500932000030,51.675207215999997,0,05221129701610099278
05,5,15,000,2022,11,08,2,3,0,2,0,1,1,0,0,0,0,405899.306999979016837,5758997.535999660380185,7.630051534000070,51.973684048000102,1,05221128702100791863
05,5,70,024,2022,11,15,2,2,4,6,0,0,1,0,0,1,0,422547.138725580996834,5754583.440617639571428,7.873355013000040,51.936574200999999,1,05221121711161091799
05,5,62,024,2022,11,18,5,3,0,1,2,1,0,0,0,0,0,365112.664416499028448,5721265.766879060305655,7.051261710000060,51.626223930000002,1,05221124701500172383
05,5,15,000,2022,11,08,7,3,2,6,1,0,1,0,0,1,0,400132.388761485985015,5758132.821875230409205,7.546374771000050,51.964905512000001,1,05221126702330287270
05,5,15,000,2022,11,08,4,3,1,2,0,0,1,0,0,0,0,400475.527999971993268,5760080.651999659836292,7.550802802000020,51.982474384000099,1,05221123702100018365
05,5,54,016,2022,11,18,7,3,8,1,2,0,1,0,0,0,0,365805.645164848014247,5758656.762971839867532,7.046800024000050,51.962388257999997,0,05221126702340605260
05,5,58,044,2022,11,10,2,2,4,6,0,0,1,0,0,0,1,396401.124162391992286,5750005.340695559978485,7.494530862000030,51.891173236999997,1,05221128706300396684
05,5,70,008,2022,11,11,3,3,8,7,0,0,1,0,0,0,0,435182.644635468022898,5734454.248558930121362,8.060897963000061,51.757228510000097,1,05221129711313582312
05,5,62,024,2022,11,21,6,3,6,2,2,0,0,1,0,0,1,367663.218999879027251,5723838.558999509550631,7.087114832000050,51.649949950000099,1,05221125701500579598
05,5,54,036,2022,11,17,2,3,2,6,2,0,1,0,0,0,0,368919.314999887021258,5767384.759999530389905,7.088753364000070,52.041560462000099,1,05221121705000796575
05,5,54,012,2022,11,12,4,2,4,2,0,0,1,0,0,0,0,347995.672999766014982,5751989.839999210089445,6.790716744000060,51.897906830000103,0,05221130705000991746
05,5,62,014,2022,11,03,7,2,0,1,2,0,1,0,0,0,0,359669.911335900018457,5716060.767033870331943,6.974763917000080,51.578121135000103,1,05221126701300761166
05,5,62,012,2022,11,14,3,3,2,6,0,0,1,0,0,0,0,362635.936999856028706,5731050.443999459967017,7.011655707000050,51.713550468000101,0,05221122701620385352
05,5,58,032,2022,11,15,2,3,5,3,0,1,1,0,0,0,0,386801.753999944019597,5754198.115999620407820,7.353717503000040,51.926988555999998,1,05221128706000596664
05,5,15,000,2022,11,13,3,3,2,6,0,0,1,0,0,0,0,407645.075999982014764,5758202.482999660074711,7.655673265000080,51.966830557999998,1,05221129702100696679
05,5,13,000,2022,11,16,2,3,5,2,1,0,1,0,1,0,0,366928.135999875026755,5714890.596999499946833,7.079892428000050,51.569365619999999,0,05221121700000395162
05,5,66,072,2022,11,07,6,2,8,1,2,0,1,0,0,0,0,412661.128936590976082,5799679.711496680043638,7.718000881000020,52.340458918000103,1,05221125709700570493
05,5,66,012,2022,11,16,3,3,3,3,2,1,1,0,0,0,0,403373.580204605008475,5773040.647199359722435,7.589325035000060,52.099472692000099,1,05221129709110979197
05,5,62,036,2022,11,22,3,3,2,6,2,0,1,0,0,0,0,388740.263999951013830,5719985.470999619923532,7.392859970000070,51.619884946000099,1,05221122701930549479
05,5,13,000,2022,11,15,4,3,5,3,0,0,1,0,0,0,0,365934.628999869979452,5715784.696999499574304,7.065224570000050,51.577165089000097,0,05221130700000072393
05,5,15,000,2022,11,16,4,3,5,2,0,0,1,0,0,0,1,407418.703999979014043,5755077.567999660037458,7.653221054000030,51.938704467000001,0,05221123702100574735
05,5,15,000,2022,11,15,3,3,6,4,0,0,1,1,0,0,0,407196.096999979985412,5755369.614999660290778,7.649904951000050,51.941292464000099,0,05221122702100091866
05,5,15,000,2022,11,20,6,3,6,4,2,0,1,1,0,0,0,405520.557999978016596,5755518.681999660097063,7.625496054000050,51.942350346000097,1,05221125702100076673
05,5,13,000,2022,11,10,4,3,2,6,0,0,1,0,0,0,0,368621.679999883985147,5712454.461999519728124,7.105224551000050,51.547869918000103,1,05221130700000595113
05,5,13,000,2022,12,12,5,3,5,3,0,0,1,0,0,0,0,366099.486999873013701,5716107.826999500393867,7.067479074000060,51.580108076999998,0,05221201700000495156
05,5,66,076,2022,11,13,5,3,5,3,0,0,1,0,1,0,0,394028.113194326986559,5791186.794209729880095,7.447269310000020,52.260848119000102,0,05221124709500896634
05,5,66,084,2022,11,07,2,3,5,3,2,1,1,0,0,0,0,386081.052999944018666,5778610.628999629989266,7.335108537000050,52.146239768999997,1,05221128709300574741
05,5,62,012,2022,11,13,5,3,5,2,0,0,1,0,0,0,0,363312.023999859986361,5727801.474999469704926,7.022709109000060,51.684520189000096,0,05221124701610551292
05,5,12,000,2022,11,08,7,3,8,1,0,0,1,0,0,0,0,357077.736775557976216,5718680.700624880380929,6.936312819000020,51.601011941000102,1,05221126701400989552
05,5,62,014,2022,11,13,4,3,5,2,0,1,1,0,0,0,0,360534.628999841981567,5716184.721999430097640,6.987185935000070,51.579449611000001,0,05221123701300308415
05,5,62,004,2022,11,03,1,3,8,1,2,0,0,0,0,0,1,384739.269055615004618,5716849.827130779623985,7.336122374000070,51.590897360000000,0,05221127701800453355
05,5,66,012,2022,11,13,6,3,2,6,0,0,1,0,0,0,0,404715.952999976987485,5774499.752999669872224,7.608508187000040,52.112820166000098,0,05221125709110257478
05,5,15,000,2022,11,16,4,3,5,3,1,0,1,0,0,0,0,403504.949999974982347,5760699.557999660260975,7.594726177000040,51.988571720000003,1,05221130702100842871
05,5,54,012,2022,12,07,5,3,1,6,2,0,1,0,0,0,0,351940.167547253018711,5743829.538948349654675,6.851500263000050,51.825649806999998,1,05221201705000820733
05,5,15,000,2022,11,10,4,3,5,3,0,0,1,0,0,0,0,404714.057800473005045,5761212.265756489709020,7.612186518000040,51.993388847000098,0,05221123702100043954
05,5,15,000,2022,11,07,2,3,0,6,2,1,0,0,0,0,0,402389.826999973971397,5757574.715999660082161,7.579380538000070,51.960290076000000,1,05221128702100979223
05,5,15,000,2022,11,08,6,3,5,3,1,1,1,0,0,0,0,405435.184999978984706,5755190.813999660313129,7.624344582000050,51.939388813999997,0,05221125702100574121
05,5,62,008,2022,11,16,2,3,0,1,2,1,0,0,0,0,0,384857.869494654994924,5722637.757741450332105,7.335931798000050,51.642942120000001,1,05221121701910164261
05,5,66,028,2022,11,13,5,2,0,1,0,1,0,0,0,0,0,412729.976365250011440,5792928.330322279594839,7.720761894000020,52.279786862000002,1,05221124709700992790
05,5,62,014,2022,11,06,3,3,5,2,2,0,1,0,0,0,0,358754.356999834009912,5716061.793999410234392,6.961559247000030,51.577901692000097,1,05221129701300678918
05,5,54,032,2022,11,13,3,3,5,3,0,0,1,0,0,0,0,325677.564999554015230,5746032.186998309567571,6.469664461000040,51.837859778999999,0,05221122705000095121
05,5,54,016,2022,11,14,2,3,8,1,0,0,0,0,0,0,1,366354.115220563020557,5751266.017655449919403,7.057648260000060,51.896107952000101,1,05221128705000020869
05,5,70,044,2022,11,14,2,3,5,2,0,1,1,0,0,0,0,416615.791813938005362,5759605.083669410087168,7.785877674000060,51.980856600999999,0,05221121711142391712
05,5,54,004,2022,11,15,4,3,5,3,0,1,1,0,0,0,0,362709.675835472997278,5772576.748584959656000,6.996183442000070,52.086709526000000,0,05221130705000996572
05,5,12,000,2022,11,09,7,3,2,6,0,0,1,0,0,0,0,360274.963535371993203,5711236.783884080126882,6.985406943000040,51.534922779000098,0,05221126701400175251
05,5,62,024,2022,11,11,4,2,6,4,0,1,0,1,0,0,0,370725.237095850985497,5725463.039942000061274,7.130748928000060,51.665261068000099,0,05221123701500738984
05,5,70,004,2022,11,09,3,3,5,3,0,0,1,0,0,0,0,424774.432999994023703,5735779.777999660000205,7.909839675000060,51.767843290000002,1,05221122711212089447
05,5,62,032,2022,11,17,2,3,5,3,2,1,1,0,0,0,0,376234.075999914028216,5715868.409999569877982,7.213751395000030,51.580273017000103,1,05221128701120485383
05,5,15,000,2022,11,08,4,3,5,2,0,0,1,0,0,0,1,405946.015999978000764,5756806.164999660104513,7.631331492000070,51.953994937000097,0,05221130702100074469
05,5,66,080,2022,11,09,7,2,4,2,0,0,1,0,0,0,0,407290.216582385997754,5780116.715739989653230,7.644558352000050,52.163744309000002,0,05221126709110065802
05,5,66,076,2022,11,19,7,3,5,1,2,1,0,0,0,0,0,393969.359999960986897,5793403.905999659560621,7.445711895000040,52.280762498999998,0,05221126709000055917
05,5,58,016,2022,12,17,5,3,6,2,2,0,1,1,0,0,0,382102.957999932987150,5744734.536999610252678,7.288647260000060,51.840962993000097,1,05221201706000376631
05,5,15,000,2022,11,17,7,2,0,1,2,1,0,0,0,0,0,405740.075203353015240,5758035.421918770298362,7.627998265000030,51.965009173000098,0,05221126702100565912
05,5,58,020,2022,11,16,2,2,5,3,1,1,1,0,0,0,0,390464.371196280990262,5759653.672245780006051,7.405222767000050,51.976753375000001,0,05221128706000993451
05,5,66,024,2022,11,18,4,3,5,3,2,0,1,0,0,0,0,384370.843999937991612,5770451.102999620139599,7.312896606000040,52.072555685000097,1,05221123709300091742
05,5,58,040,2022,11,18,2,3,5,3,2,0,1,0,0,0,0,377598.246999919996597,5764125.912999589927495,7.216395276000070,52.014258749000099,1,05221121706200681437
05,5,58,044,2022,11,09,3,2,9,1,0,0,1,0,0,0,0,394444.416481890017167,5752075.501603430137038,7.465473515000040,51.909412490000101,1,05221122706300160643
05,5,15,000,2022,11,07,2,3,5,2,2,1,1,0,0,0,0,404194.053999976022169,5754225.316999659873545,7.606564204000050,51.930498227000001,1,05221128702100074754
05,5,62,004,2022,11,13,5,3,2,6,0,0,1,0,0,0,0,383115.959999935002998,5715337.815999600104988,7.313202909000040,51.576973426999999,0,05221124701800753340
05,5,12,000,2022,11,22,4,3,0,7,2,1,0,0,0,0,0,355585.423999815015122,5712416.904999369755387,6.917355008000070,51.544346926000102,1,05221123701400171188
05,5,70,044,2022,11,14,6,3,2,6,0,0,1,0,0,0,0,418281.947999990021344,5761766.722999669611454,7.809616970000040,52.000535210000102,0,05221125711142087376
05,5,70,016,2022,11,14,2,3,5,3,0,0,1,0,0,0,0,418267.116334063000977,5734027.856046900153160,7.815969289000070,51.751182333000003,0,05221121711221991769
05,5,54,032,2022,11,07,3,3,5,3,0,0,1,0,0,0,0,322484.983793310006149,5745521.431620419956744,6.423635424000050,51.832266591000099,1,05221122705000086007
05,5,54,064,2022,11,17,2,2,8,1,2,0,1,0,0,0,0,356744.864875887986273,5747255.353766759857535,6.919752112000030,51.857684255000002,1,05221128705000187244
05,5,70,008,2022,11,14,2,3,8,1,0,0,1,0,0,0,0,428404.796083124005236,5733819.722771580331028,7.962844764000070,51.750698743000001,1,05221121711312076703
05,5,66,008,2022,11,14,4,3,5,3,0,1,1,0,0,0,0,399090.051634974020999,5781315.148963869549334,7.524354708000030,52.173077308000103,0,05221130709110065802
05,5,13,000,2022,11,13,5,3,6,4,0,0,1,1,0,0,0,369027.462999886018224,5708130.962999519892037,7.112681171000080,51.509109841000097,0,05221124700000880343
05,5,70,004,2022,11,12,4,3,5,2,0,1,1,0,0,0,0,422956.455999991972931,5736142.049999659880996,7.883418730000070,51.770852732000002,0,05221123711211389299
05,5,13,000,2022,11,06,3,3,0,1,1,0,0,0,1,0,0,368284.697935567004606,5716295.033174600452185,7.098928096000070,51.582305334000097,1,05221129700000979353
05,5,70,052,2022,11,15,3,3,2,6,2,0,1,0,0,0,0,429949.066031105990987,5757444.177675300277770,7.980422473000030,51.963272168000103,0,05221122711100572788
05,5,15,000,2022,11,07,6,3,5,2,1,1,1,0,0,0,0,406885.447999977972358,5756849.232999660074711,7.644986233000050,51.954540141000102,1,05221125702100576692
05,5,58,024,2022,11,10,2,3,5,3,0,1,1,0,0,0,0,393202.314999960013665,5736376.945999629795551,7.452269981000030,51.768078481000003,1,05221121706300696612
05,5,66,044,2022,11,20,5,2,9,1,2,0,1,0,0,0,0,427511.198023691016715,5773818.139941319823265,7.941475185000060,52.110151266999999,1,05221124709800887280
05,5,66,076,2022,11,13,4,3,0,2,0,1,1,0,0,0,0,394368.320783241011668,5794387.967411899939179,7.451249474000060,52.289683303000103,1,05221130709500992681
05,5,62,016,2022,12,07,5,3,5,3,0,1,1,0,0,0,0,374225.809999906981830,5734284.498999560251832,7.178155093000040,51.745332813000097,0,05221201701700695097
05,5,15,000,2022,12,14,5,3,5,2,0,1,1,0,0,0,0,406307.362999979988672,5751066.836999660357833,7.638150773000060,51.902467846000000,0,05221201702100091866
05,5,15,000,2022,12,22,5,3,0,1,2,0,0,0,0,0,1,405461.778277161007281,5756285.170243459753692,7.624430401000040,51.949229901000102,0,05221201702100972391
05,5,62,024,2022,11,07,5,3,6,2,2,0,1,1,0,0,0,373597.185999903012998,5725672.156999549828470,7.172177256000050,51.667793765000098,0,05221124701500992794
05,5,66,076,2022,11,08,3,3,0,3,0,1,1,0,0,0,0,393651.217999960994348,5794099.024999660439789,7.440830852000030,52.286948205999998,1,05221129709500576678
05,5,15,000,2022,11,16,3,3,5,2,0,1,0,0,0,0,1,405019.896999977005180,5757700.723999660462141,7.617611551000040,51.961878196000001,0,05221122702100554101
05,5,66,012,2022,11,11,6,3,5,3,0,0,1,0,0,0,0,406277.993999978993088,5772327.193999670445919,7.631910280000060,52.093559650000003,0,05221125709110579238
05,5,62,032,2022,11,23,7,2,2,6,2,0,1,0,0,0,0,373435.940999903017655,5719500.675999550148845,7.172078902000070,51.612294820999999,0,05221126702340508416
05,5,70,052,2022,11,18,3,3,6,4,2,0,1,1,0,0,0,430165.871952766028699,5756132.987769340164959,7.983844042000040,51.951512362000102,1,05221129711112048067
05,5,12,000,2022,11,16,2,3,5,2,1,0,1,0,0,0,0,353590.478999802027829,5711992.772999330423772,6.888782634000050,51.540021864000003,1,05221128701400071188
05,5,66,028,2022,11,17,2,3,5,2,2,1,1,0,0,0,0,411241.696729970979504,5793447.549766180105507,7.698815448000060,52.284215410999998,1,05221128709700992711
05,5,70,028,2022,11,17,3,3,2,6,2,0,1,0,0,0,0,440503.798454164993018,5740721.467929420061409,8.136908652000050,51.814163087000097,1,05221129711411053526
05,5,12,000,2022,11,14,1,3,2,2,0,0,1,0,0,0,0,356677.616999819991179,5711907.811999379657209,6.933302094000060,51.540050737000101,1,05221127701400898889
05,5,15,000,2022,11,12,6,3,5,3,0,1,1,0,0,0,0,403941.045736020023469,5758253.336286690086126,7.601759853000030,51.966659907000100,1,05221125702100070513
05,5,70,004,2022,11,13,2,3,1,6,0,0,1,0,0,0,0,424233.732999993022531,5735016.886999660171568,7.902171837000030,51.760912236000102,0,05221121711213689244
05,5,58,008,2022,11,04,7,2,4,1,2,0,1,0,1,0,0,382783.938250707986299,5760502.130856850184500,7.293161996000040,51.982811507000100,1,05221126706000979112
05,5,62,008,2022,11,12,3,3,4,7,0,0,1,0,0,0,0,386117.580999941972550,5726071.518999610096216,7.353010716000030,51.674060484999998,0,05221122701910375252
05,5,58,024,2022,11,15,3,2,9,1,0,0,1,0,0,0,1,394364.367685094010085,5739030.609755990095437,7.468296526000070,51.792150301000000,1,05221129706300011018
05,5,15,000,2022,11,10,2,2,5,2,0,1,1,0,0,0,0,404599.123999977018684,5755714.818999660201371,7.612040675000060,51.943956066000098,1,05221121702100535374
05,5,62,024,2022,11,13,2,3,5,3,0,0,1,0,0,0,1,369976.335999889008235,5725166.224999530240893,7.120036873000060,51.662420913000098,1,05221128701500865424
05,5,66,048,2022,11,17,6,3,5,2,2,1,1,0,0,0,0,428466.419505700003356,5796043.247625060379505,7.950724773000050,52.310060120999999,1,05221125709700992758
05,5,13,000,2022,11,16,7,3,4,2,1,1,1,0,0,0,0,368373.097999883000739,5708856.258999509736896,7.102986493000060,51.515475863000098,0,05221126700000081313
05,5,62,024,2022,11,17,4,3,6,4,2,0,1,1,0,0,0,367710.427981673972681,5723934.416991320438683,7.087760555000050,51.650822486000003,1,05221123701500295097
05,5,70,004,2022,11,11,7,3,5,3,0,1,1,0,0,0,0,423850.935999993002042,5734561.417999659664929,7.896726144000070,51.756765798000103,1,05221126711213490739
05,5,66,012,2022,11,06,4,3,0,7,2,0,1,0,0,0,1,400952.705999972007703,5775933.184999669902027,7.553152598000050,52.125042479000101,1,05221123709110579150
05,5,54,008,2022,11,05,3,3,5,2,2,1,1,0,0,0,0,338730.597999688005075,5745641.412998939864337,6.659137195000030,51.838270932999997,1,05221122705000495195
05,5,54,020,2022,11,07,3,3,2,2,1,0,1,0,0,0,0,361225.964277675026096,5784306.197197039611638,6.969754487000050,52.191729924000100,0,05221129705000992702
05,5,12,000,2022,11,16,2,3,5,2,0,0,1,0,0,0,0,355672.333931786997709,5718970.217439319938421,6.915915132000070,51.603255048999998,0,05221121701400647764
05,5,12,000,2022,11,12,1,3,2,1,0,0,1,0,0,0,0,354907.091999810014386,5712540.036999350413680,6.907528816000020,51.545279364000102,1,05221127702340791864
05,5,62,032,2022,11,15,4,3,5,3,0,0,1,0,0,0,1,375570.772999913024250,5718121.490999559871852,7.203384518000060,51.600375784999997,1,05221130701110685659
05,5,62,036,2022,11,17,2,3,6,2,2,0,1,1,0,0,0,388618.694999950006604,5720326.129999619908631,7.390996347000050,51.622922741000103,1,05221128701930549479
05,5,54,056,2022,11,07,3,3,5,3,1,1,1,0,0,0,0,356437.371999823022634,5761612.792999380268157,6.909303223000050,51.986608332000102,1,05221129705000589749
05,5,62,014,2022,11,09,3,3,5,3,0,0,1,0,0,0,0,362167.948581824020948,5712579.068614980205894,7.012157058000070,51.547450224000002,1,05221122701300495005
05,5,66,040,2022,11,09,2,3,9,7,0,0,1,0,0,0,0,417377.241064995992929,5785005.187622790224850,7.790804107000040,52.209287289000002,0,05221128709800992726
05,5,66,032,2022,11,17,6,3,5,3,2,1,1,0,0,0,0,413376.742850079026539,5778011.594966839998960,7.734057564000070,52.145811150999997,0,05221125709800992757
05,5,62,012,2022,11,21,2,3,5,3,2,1,1,0,0,0,0,360409.937999845016748,5726937.341999440453947,6.981101609000060,51.676041314000003,0,05221121701610598916
05,5,66,028,2022,12,16,5,3,2,6,2,0,1,0,0,0,0,409904.405999984999653,5796531.822999680414796,7.678391469000080,52.311719598000103,1,05221201709700076770
05,5,54,052,2022,11,17,7,3,1,6,2,0,1,0,0,0,0,379717.491430666996166,5772330.858604189939797,7.244372186000020,52.088457200000100,0,05221126705000992735
05,5,54,004,2022,11,07,4,3,5,3,1,1,1,0,0,0,0,362159.736999853979796,5772904.834999459795654,6.988029540000070,52.089520802999999,0,05221123705000992816
05,5,62,014,2022,11,10,2,3,2,6,0,0,1,0,0,0,0,356811.730239433003590,5715804.596072560176253,6.933647825000040,51.575100460999998,1,05221128702340089368
05,5,54,056,2022,11,07,2,3,2,6,1,0,1,0,0,0,1,358813.970171360007953,5761405.321916289627552,6.943974631000060,51.985353260000103,1,05221121705000396551
05,5,66,076,2022,11,07,4,3,0,3,1,1,1,0,0,0,0,394520.524999961024150,5792894.272999660111964,7.453947575000030,52.276288339000097,0,05221130709500512449
05,5,66,028,2022,12,18,5,2,6,7,2,0,1,1,0,0,0,409467.373335607000627,5796738.276907529681921,7.671926974000030,52.313503331000000,0,05221201709700576365
05,5,66,008,2022,11,22,5,3,5,3,2,0,1,0,0,0,0,399225.847999971010722,5780803.726999660022557,7.526491692000040,52.168505607000000,1,05221124709110655929
05,5,15,000,2022,11,06,4,3,5,3,2,1,1,0,0,0,0,407900.575999981025234,5760301.455999660305679,7.658827922000060,51.985739631999998,1,05221130702100679115
05,5,66,068,2022,11,11,2,3,0,2,0,0,1,0,0,0,0,375600.333999913011212,5786418.470999590121210,7.179152075000050,52.214141216000002,1,05221128709300179125
05,5,70,004,2022,11,05,3,2,8,1,2,0,1,0,0,0,0,424792.513915498973802,5740410.734373600222170,7.909097723000060,51.809476412999999,1,05221129711212862090
05,5,62,014,2022,11,05,3,2,5,3,2,0,0,0,1,0,1,359024.390091239009053,5714735.570812320336699,6.965985841000080,51.566051923000003,0,05221122701300992705
05,5,54,040,2022,11,23,4,3,1,7,2,1,1,0,0,0,0,350750.619863192026969,5737512.759944350458682,6.836970462000070,51.768578017000003,0,05221130705000666228
05,5,15,000,2022,11,19,4,3,5,2,2,1,1,0,0,0,0,404650.300999977975152,5760135.902999660000205,7.611557492000030,51.983703197000096,1,05221123702100976651
05,5,62,020,2022,11,08,7,3,5,3,0,0,1,0,0,0,0,370591.286999889998697,5719824.558999530039728,7.130898240000020,51.614558797000001,1,05221126701200795214
05,5,15,000,2022,11,07,3,3,5,2,2,0,1,0,1,0,0,410118.185949305014219,5755726.928048449568450,7.692309428000040,51.944983981000100,1,05221129702100091866
05,5,62,014,2022,11,07,2,3,5,2,0,1,1,0,0,0,0,360409.828416957985610,5717462.171329460106790,6.984878033000030,51.590897918000103,0,05221121701300708415
05,5,58,008,2022,11,11,4,3,0,7,0,0,1,1,0,0,1,378726.978634591971058,5756385.005806540139019,7.235570329000040,51.944941221000100,0,05221123706000989520
05,5,66,012,2022,11,15,3,2,9,1,0,0,1,0,0,0,0,409804.519337553996593,5766147.579558869823813,7.685005830000020,52.038600342999999,1,05221129709110076680
05,5,58,024,2022,11,05,2,2,8,1,2,0,1,0,0,0,0,386338.732360690017231,5734907.095721109770238,7.353325525000060,51.753516685000100,1,05221121706300708328
05,5,13,000,2022,11,20,3,3,2,6,2,0,1,0,0,0,0,367960.684155162016395,5707931.216366699896753,7.097392725000020,51.507066498000000,1,05221122700000795199
05,5,12,000,2022,11,05,6,3,6,2,2,0,1,1,0,0,0,356499.352994401007891,5709618.369878600351512,6.931666164000030,51.519432942000002,1,05221125701400375780
05,5,15,000,2022,11,15,5,3,0,2,0,1,1,0,0,0,0,406253.743999978993088,5751179.841999660246074,7.637340904000040,51.903474578999997,1,05221124702100991783
05,5,58,016,2022,11,09,4,2,8,1,0,0,1,0,0,0,0,379345.238296612980776,5748978.661398739553988,7.247155087000070,51.878515747000101,1,05221130706000175258
05,5,62,036,2022,11,09,4,3,1,5,0,0,1,0,1,0,0,388730.025999949022662,5720038.216999620199203,7.392695393000050,51.620357003000002,1,05221123701930970551
05,5,13,000,2022,11,22,3,3,3,2,2,0,1,0,0,1,0,363722.909870902018156,5719585.151384449563920,7.031850046000050,51.610786675000000,1,05221129700000270110
05,5,62,032,2022,11,13,1,3,5,3,0,0,1,0,0,0,1,375269.135475461021997,5720237.081719949841499,7.198278790000070,51.619322113000102,1,05221127701110494956
05,5,15,000,2022,11,17,3,3,0,3,2,1,1,0,0,0,0,404269.352999977010768,5748480.063999660313129,7.609255066000060,51.878870259999999,0,05221122702100039947
05,5,15,000,2022,11,07,5,3,5,3,2,0,1,0,0,0,0,412384.732999984000344,5759523.293999670073390,7.724308005000070,51.979470299000099,0,05221124702100574469
05,5,66,012,2022,11,18,4,3,3,3,2,1,1,0,0,0,0,406354.999994374986272,5772357.761012360453606,7.633025616000050,52.093847431000000,1,05221130709110374197
05,5,62,012,2022,11,11,6,3,2,6,0,0,1,0,0,0,0,360319.469450994976796,5726326.253286680206656,6.980038411000070,51.670527663000001,0,05221125701610447864
05,5,62,012,2022,11,07,7,3,0,4,2,0,0,1,0,0,1,363043.215885297977366,5724640.274957849644125,7.020062423000070,51.656047869000098,0,05221126701610016847
05,5,15,000,2022,11,17,3,3,0,1,2,1,0,0,0,0,0,405463.260141653998289,5754997.042020980268717,7.624806133000050,51.937651873000000,1,05221129702100080977
05,5,54,064,2022,11,17,2,3,8,1,2,0,1,0,0,0,0,356731.671388589020353,5753201.511892570182681,6.917091685000060,51.911108269000103,1,05221128705000891729
05,5,58,008,2022,12,13,5,3,2,6,0,0,1,0,0,0,0,380634.612890960997902,5756564.890764069743454,7.263248603000020,51.946970401999998,1,05221201706000320577
05,5,54,028,2022,11,11,7,3,5,3,0,0,1,0,0,0,1,360168.882999842986465,5741957.046999430283904,6.971580146000060,51.810944372999998,0,05221126705000179154
05,5,54,064,2022,11,11,4,3,0,2,0,0,1,0,1,0,0,361060.039999847998843,5751189.155999450013041,6.980788043000080,51.894122675000098,1,05221123705000808064
05,5,58,044,2022,11,14,2,3,5,7,0,1,0,0,0,0,0,395535.973083216988016,5746256.599338839761913,7.483097861000030,51.857318093000103,1,05221128706000065766
05,5,62,024,2022,11,13,4,3,5,2,0,1,1,0,0,0,0,368704.922999884991441,5724729.197999520227313,7.101828966000030,51.658197953000098,0,05221123701500372329
05,5,70,032,2022,11,18,1,3,0,1,2,1,0,0,0,0,0,420131.989143302023876,5767813.863270370289683,7.835148697000020,52.055162529000000,1,05221127711151051183
05,5,54,012,2022,11,07,3,3,0,1,0,0,1,0,0,1,0,344394.779680920997635,5744195.357340940274298,6.741934086000070,51.826886115000001,0,05221122705000016030
05,5,70,028,2022,11,06,6,3,5,3,2,1,1,0,0,0,0,441109.104999999981374,5743001.477999660186470,8.145300721000069,51.834725005000102,1,05221125711413554394
05,5,62,008,2022,11,06,5,3,6,2,2,0,1,1,0,0,0,385717.946312630025204,5723664.557785569690168,7.348020820000040,51.652346196000103,1,05221124701910948785
05,5,15,000,2022,11,11,4,3,0,7,0,1,1,0,0,0,0,405568.563999978010543,5756770.384999659843743,7.625850368000040,51.953609367000098,0,05221130702100069258
05,5,58,044,2022,11,14,4,2,5,3,0,0,1,0,1,0,0,395590.619999962975271,5753186.704999639652669,7.481793362000080,51.919615936000099,0,05221123706300496594
05,5,15,000,2022,11,14,3,3,1,1,0,0,1,0,0,0,0,408108.478174325020518,5756653.015267600305378,7.662831110000070,51.952979859999999,1,05221129702100779610
05,5,58,024,2022,11,11,3,2,8,1,0,1,0,0,0,0,0,392931.619033406022936,5736363.280881790444255,7.448352771000030,51.767903954000097,0,05221122706300538857
05,5,15,000,2022,11,17,2,3,9,1,2,1,0,0,0,0,0,406044.556887207028922,5757306.127806279808283,7.632628289000020,51.958505490999997,1,05221128702100291832
05,5,58,032,2022,11,07,6,3,2,6,0,0,1,0,0,0,0,386758.492999946000054,5754277.416999629698694,7.353062531000030,51.927692463000000,1,05221125706100378383
05,5,13,000,2022,12,18,6,3,5,2,2,0,1,0,0,0,0,370057.483999889984261,5709205.203999520279467,7.127119252000060,51.519001742000100,0,05221202700000095090
05,5,66,076,2022,12,18,4,3,8,7,2,0,1,0,0,0,0,394489.117352038971148,5790334.573991009965539,7.454287750000050,52.253277590000003,1,05221207709500596952