ULAND,UREGBEZ,UKREIS,UGEMEINDE,UJAHR,UMONAT,USTUNDE,UWOCHENTAG,UKATEGORIE,UART,UTYP1,ULICHTVERH,IstRad,IstPKW,IstFuss,IstKrad,IstGkfz,IstSonstige,LINREFX,LINREFY,XGCSWGS84,YGCSWGS84,STRZUSTAND,UIDENTSTLAE
05,5,15,000,2022,12,19,4,3,8,6,2,0,1,0,0,0,0,404585.539660344016738,5766724.568786470219493,7.608778913000040,52.042912908000098,1,05221214702350691294
05,5,15,000,2022,12,17,7,3,5,3,2,0,1,0,0,0,0,401740.769999973010272,5749283.076999650336802,7.572304087000020,51.885648192000097,0,05221203702100070566
05,5,62,020,2022,12,16,7,3,5,3,2,0,1,0,1,0,0,371044.639630671008490,5720045.762543859891593,7.137361063000070,51.616650741999997,0,05221217701200395112
05,5,54,008,2022,12,10,3,2,5,3,0,1,1,0,0,0,0,335824.536938094010111,5746822.813028019852936,6.616433334000020,51.848037269000002,1,05221213705000179154
05,5,62,014,2022,12,11,1,3,1,5,0,0,1,0,0,0,0,360621.944946289004292,5719636.703216649591923,6.987074020000020,51.610490820000102,0,05221218701300676691
05,5,13,000,2022,12,13,2,3,5,3,0,0,1,0,0,0,0,367556.767999877978582,5712982.201999509707093,7.089676542000060,51.552363591000102,0,05221212700000472393
05,5,58,016,2022,12,17,3,3,0,1,2,0,0,0,1,0,0,381252.490973451989703,5743025.256103999912739,7.276894723000050,51.825421230000103,1,05221206706100681081
05,5,66,092,2022,12,22,6,3,8,1,2,0,0,0,0,0,1,420514.813361363019794,5791109.620806920342147,7.835276847000050,52.264619939000099,1,05221216709700170575
05,5,70,016,2022,12,17,5,3,2,6,2,0,1,0,0,0,0,415858.591792820021510,5736233.378316530026495,7.780552324000040,51.770651805999996,0,05221208711221081052
05,5,58,012,2022,12,17,3,3,5,3,1,1,1,0,0,0,0,372967.631999903009273,5756280.828999560326338,7.151860769000050,51.942719818000100,1,05221220706200991665
05,5,62,036,2022,12,12,6,2,5,2,0,0,1,0,0,0,0,392626.154999957012478,5720149.481999630108476,7.448918604000030,51.622113898000102,0,05221216701930773490
05,5,54,004,2022,12,15,2,3,2,1,0,0,1,0,0,0,0,361719.447019327024464,5770531.121024290099740,6.982569337000030,52.068082548000099,1,05221205705000679182
05,5,54,044,2022,12,05,2,3,4,2,2,0,1,0,0,0,0,361132.375293324002996,5741506.669505420140922,6.985727890000020,51.807137593999997,2,05221212705000581028
05,5,54,056,2022,12,04,1,3,8,1,2,0,1,0,0,0,0,355992.028521243017167,5761439.801739769987762,6.902895020000070,51.984938749000001,0,05221204705000996572
05,5,66,068,2022,12,21,5,3,2,1,2,0,1,0,0,0,0,374828.040951817005407,5785640.796217660419643,7.168141745000070,52.206978102000100,0,05221215709300112304
05,5,13,000,2022,12,21,7,3,5,3,2,0,1,0,0,0,0,365322.886999867972918,5715865.747999490238726,7.056370541000040,51.577747623999997,1,05221217700000392099
05,5,62,012,2022,12,17,4,3,5,2,2,0,1,0,0,0,0,362346.108999854011927,5729774.658999459818006,7.007966975000040,51.702015261000000,1,05221221701610689699
05,5,66,056,2022,12,03,1,3,8,1,2,1,0,0,0,0,0,416673.339314652024768,5797366.018710600212216,7.777452544000030,52.320286744999997,2,05221211709700091161
05,5,66,064,2022,12,07,3,3,8,7,1,0,1,0,0,0,0,396927.451331709977239,5771199.734262200072408,7.495806897000020,52.081763717999998,0,05221213709110696564
05,5,66,080,2022,12,17,2,3,5,3,2,0,1,0,0,0,0,407320.321659371023998,5780159.892207640223205,7.644986574000030,52.164137443000101,1,05221212709000287292
05,5,15,000,2022,12,06,2,3,0,1,2,1,0,0,0,0,0,403290.389002083975356,5758102.200016429647803,7.592334498000070,51.965188632000000,2,05221219702100361999
05,5,62,024,2022,12,04,7,2,8,1,2,0,1,0,0,0,0,366602.033171744027641,5724508.424075149931014,7.071529524000030,51.655718843000002,0,05221210701500575302
05,5,66,084,2022,12,07,3,3,5,3,2,0,1,0,0,0,0,386613.247057205007877,5779877.978942509740591,7.342459822000020,52.157738901000101,1,05221206709300979125
05,5,15,000,2022,12,07,4,3,0,2,2,1,1,0,0,0,0,405520.487999978009611,5751865.032999659888446,7.626497996000070,51.909509566000096,1,05221214702100070586
05,5,15,000,2022,12,08,2,3,5,3,1,1,1,0,0,0,0,403942.872999976971187,5754801.951999650336802,7.602751110000040,51.935637953000104,1,05221205702100191787
05,5,58,036,2022,12,15,2,3,0,3,0,1,1,0,0,0,0,387578.192138526996132,5729250.254265160299838,7.373101046000040,51.702924578000101,0,05221212706300796581
05,5,54,068,2022,12,15,7,2,5,3,0,0,1,0,0,0,0,345588.100704560987651,5771424.821164829656482,6.747004918000070,52.071849868000101,1,05221210705000881000
05,5,58,004,2022,12,18,3,2,5,3,2,0,1,0,0,0,0,407769.998999979987275,5733130.204999649897218,7.664181955000060,51.741483501000097,1,05221213706300294955
05,5,54,020,2022,12,10,3,2,5,2,0,1,1,0,0,0,0,366739.143999878026079,5782527.009999520145357,7.051059242000060,52.177102951000101,0,05221220705000020847
05,5,70,004,2022,12,07,6,2,6,4,2,0,1,1,0,0,0,424943.901893184985965,5735434.960043789818883,7.912369626000040,51.764766227999999,0,05221202711213087237
05,5,66,012,2022,12,07,3,3,5,3,2,1,1,0,0,0,0,407967.238708215008955,5775447.174364089965820,7.655718145000040,52.121886555000103,2,05221213709110576669
05,5,66,012,2022,12,17,4,3,4,6,2,1,0,0,0,0,0,404219.946673600992654,5772386.766066290438175,7.601861149000060,52.093742697000003,0,05221207709110272341
05,5,66,036,2022,12,10,6,3,0,7,0,0,0,0,1,0,0,387492.237557169981301,5768372.833082989789546,7.359104049000050,52.054520863999997,1,05221216709300774703
05,5,66,076,2022,12,12,1,3,2,3,0,0,1,0,0,0,0,400995.179384757007938,5794319.311268010176718,7.548396372000070,52.290300227000003,0,05221204702350005058
05,5,58,012,2022,12,20,7,3,8,1,2,0,1,0,0,0,0,367807.255431790021248,5751804.671142590232193,7.078548131000050,51.901294894000003,1,05221210706000120577
05,5,58,024,2022,12,07,2,2,9,1,0,0,1,0,0,0,0,383655.383633159974124,5738193.480908269993961,7.313367551000060,51.782501891000003,2,05221219706000881019
05,5,13,000,2022,12,15,5,2,0,4,0,0,0,1,0,0,1,363110.746999858005438,5711707.255999459885061,7.026084710000020,51.539845334000098,0,05221215700000392099
05,5,13,000,2022,12,07,6,3,0,7,1,0,1,0,0,0,1,365001.345999868004583,5718798.222999489866197,7.050604993000040,51.604023048999998,1,05221202700000720162
05,5,12,000,2022,12,15,3,3,1,5,0,1,1,0,0,0,0,356225.181106344971340,5709559.814254010096192,6.927741079000040,51.518837054000102,1,05221220701400594973
05,5,66,028,2022,12,08,7,3,5,2,0,0,1,0,0,0,0,406238.491999978024978,5798422.922999680042267,7.624105658000080,52.328102785000098,1,05221203709700570260
05,5,62,036,2022,12,14,1,2,3,6,0,1,0,0,0,0,0,391753.564574385003652,5718822.721872990019619,7.436728374000040,51.610021551000003,0,05221211701930974428
05,5,54,060,2022,12,09,4,3,0,7,0,0,0,1,0,1,0,349400.747952324978542,5756039.255292519927025,6.809351708000070,51.934670324000102,0,05221214705000016030
05,5,15,000,2022,12,15,2,3,3,2,0,0,1,0,0,0,1,406305.052999979001470,5756676.909999660216272,7.636589821000030,51.952893736000100,1,05221205702100972721
05,5,66,052,2022,12,11,4,3,8,1,0,0,0,0,0,1,0,379216.595541803981178,5779233.170210580341518,7.234615327000030,52.150375810000099,1,05221221709300992357
05,5,62,004,2022,12,16,6,2,5,3,1,0,1,0,1,0,0,384052.068999938026536,5711738.465999599546194,7.327893184000060,51.544816528000098,1,05221202701800777487
05,5,13,000,2022,12,16,2,3,5,3,2,0,1,0,0,0,0,368606.827999882982112,5709626.828999510034919,7.106065736000060,51.522455218000097,1,05221205700000180343
05,5,15,000,2022,12,07,4,3,5,2,2,1,1,0,0,0,0,405900.996999980008695,5760101.257999660447240,7.629773442000040,51.983605050000101,1,05221207702100387860
05,5,15,000,2022,12,12,3,3,0,1,0,0,0,0,1,0,0,405501.583999977970961,5756467.505999649874866,7.624959277000070,51.950875580000101,1,05221220702100891783
05,5,13,000,2022,12,18,7,3,6,7,2,0,0,1,1,0,0,368784.094352704996709,5711720.992422910407186,7.107839068000030,51.541316201000001,0,05221210700000669607
05,5,15,000,2022,12,20,5,3,1,1,2,0,1,0,0,0,0,410869.938999983016402,5759990.927999660372734,7.702136938000020,51.983432778000100,0,05221215702100274772
05,5,62,032,2022,12,13,6,3,5,3,0,1,1,0,0,0,0,375321.812999911024235,5720113.102999559603631,7.199083421000070,51.618219576000101,0,05221216701110685428
05,5,62,024,2022,12,07,2,3,5,2,2,1,1,0,0,0,0,369312.695999888994265,5724919.442999520339072,7.110539433000040,51.660049250000000,1,05221219701500095064
05,5,15,000,2022,12,03,7,3,5,3,2,1,1,0,0,0,0,405877.064999977999832,5757933.717999660409987,7.630019481000030,51.964118225000000,0,05221203702100479115
05,5,58,012,2022,12,18,2,3,4,2,2,0,1,0,0,0,0,370778.859638041991275,5755466.553980230353773,7.120341553000060,51.934898535999999,1,05221205706000391755
05,5,15,000,2022,12,07,4,2,0,7,2,1,0,0,0,0,0,407533.878445869020652,5751457.367275419645011,7.655868403000060,51.906183084000098,1,05221221702100970560
05,5,12,000,2022,12,20,3,2,5,3,2,0,1,0,0,0,0,356788.081999821995851,5707766.301999379880726,6.936577119000050,51.502863772000097,0,05221213701400563936
05,5,58,016,2022,12,18,2,3,6,1,2,0,1,1,0,0,0,381765.690256236004643,5744168.849060580134392,7.283947301000070,51.835807748999997,0,05221212706000896570
05,5,15,000,2022,12,06,2,3,4,2,2,1,1,0,0,0,0,407028.152999980025925,5760011.474999659694731,7.646205922000040,51.982987815999998,1,05221219702100173308
05,5,62,032,2022,12,07,6,2,1,5,1,0,1,0,1,0,0,376098.931503147003241,5714860.824922179803252,7.212157368000020,51.571187926999997,0,05221202701120495123
05,5,12,000,2022,12,17,2,3,6,2,2,0,1,1,0,0,0,355133.567999809980392,5709595.977999360300601,6.912003744000060,51.518883118000097,1,05221205701400689644
05,5,66,012,2022,12,10,3,2,8,1,0,0,1,0,0,0,0,400695.002269762975629,5770663.010956799611449,7.550925653000040,52.077628327000099,1,05221220709110679197
05,5,62,028,2022,12,12,1,3,5,3,0,0,1,0,0,0,0,378225.491999919991940,5723046.870999580249190,7.239983702000070,51.645221880000101,0,05221204701920085483
05,5,62,032,2022,12,11,6,3,6,2,0,0,0,1,0,0,1,376094.792999911995139,5714830.053999570198357,7.212108534000040,51.570910472000001,0,05221216701120065514
05,5,54,004,2022,12,05,7,2,9,1,2,0,1,0,0,0,0,364938.338096596009564,5769814.228905989788473,7.029784226000060,52.062435128000097,1,05221217705000087233
05,5,15,000,2022,12,14,4,3,2,6,0,1,1,0,0,0,0,405641.778999976988416,5756986.567999660037458,7.626856082000070,51.955564942000102,1,05221221702100976692
05,5,62,032,2022,12,10,7,3,5,7,0,0,1,0,0,0,0,374316.810835345997475,5718347.491386500187218,7.185207485000030,51.602128438000101,1,05221217701110678742
05,5,54,016,2022,12,06,6,3,5,3,2,0,1,0,0,0,0,361441.133999850018881,5756346.886999449692667,6.984247574000050,51.940562448999998,1,05221209705000491867
05,5,62,012,2022,12,16,2,3,0,1,1,0,0,0,0,0,1,359172.806629721017089,5724684.816171529702842,6.964128826000040,51.655491799000103,1,05221219701610575248
05,5,66,040,2022,12,10,1,3,3,6,0,0,1,0,0,0,0,421230.940539837989490,5785119.921834509819746,7.847164179000060,52.210882945999998,2,05221211702350566481
05,5,62,008,2022,12,18,2,3,1,5,2,0,1,0,0,0,0,384643.011274538002908,5722232.695014740340412,7.332961554000060,51.639257504000099,2,05221205701910992581
05,5,66,012,2022,12,18,3,3,5,3,2,0,1,0,0,0,0,407968.729921979014762,5775448.244968109764159,7.655739631000070,52.121896425999999,0,05221213709110893616
05,5,58,036,2022,12,08,7,3,4,1,0,0,1,0,0,0,0,387150.471082306001335,5730464.068110739812255,7.366521051000060,51.713748181000000,1,05221210706000985357
05,5,62,020,2022,12,18,2,3,1,7,2,0,1,0,0,0,0,370288.853707840025891,5719731.531823069788516,7.126567016000020,51.613653181000103,1,05221205701200185456
05,5,62,032,2022,12,09,3,3,5,3,0,1,1,0,0,0,0,374368.905999906011857,5719217.425999560393393,7.185647609000060,51.609958209000098,0,05221220701110195982
05,5,15,000,2022,12,10,1,3,8,3,0,1,1,0,0,0,0,406152.246999980008695,5757433.611999659799039,7.634160236000070,51.959669565000098,0,05221204702100150182
05,5,54,004,2022,12,11,5,3,2,6,0,1,1,0,0,0,0,361697.525999851990491,5770511.505999459885061,6.982257683000060,52.067900829000102,2,05221215705000095869
05,5,62,004,2022,12,13,5,3,2,6,0,0,0,0,0,1,0,384714.031957953004166,5717688.134473480284214,7.335482769000070,51.598426722000099,0,05221215301911094243
05,5,13,000,2022,12,16,4,3,5,3,1,0,1,0,0,0,1,366207.699267213989515,5714468.069439680315554,7.069664368000080,51.565398082999998,0,05221221700000979353
05,5,70,052,2022,12,03,1,2,8,1,2,0,1,0,0,0,0,423509.241999991994817,5759386.496999669820070,7.886277609000050,51.979883513000097,0,05221211711111090704
05,5,66,040,2022,12,16,6,3,4,2,1,0,1,0,0,0,0,424830.187999994028360,5779984.087999680079520,7.900969706000070,52.165219632000102,2,05221216709800690801
05,5,58,016,2022,12,18,5,3,5,3,2,1,1,0,0,0,0,381202.067630505014677,5743183.955915070138872,7.276108946000020,51.826836770000099,1,05221215706100076631
05,5,54,036,2022,12,09,5,1,7,1,0,0,1,0,0,1,0,368169.922827347007114,5771308.156432409770787,7.076318982000030,52.076637636999997,1,05221208702340351446
05,5,66,080,2022,12,23,3,3,0,1,2,1,0,0,0,0,0,406472.867999978014268,5781414.181999670341611,7.632254555000030,52.175268223000003,1,05221220709800987280
05,5,58,032,2022,12,07,5,3,0,7,2,0,1,0,0,0,0,385916.610665855987463,5754969.533801210112870,7.340594600000030,51.933740821000100,1,05221208706100992552
05,5,62,024,2022,12,19,3,2,5,2,2,0,1,0,0,0,1,369312.695999888994265,5724919.442999520339072,7.110539433000040,51.660049250000000,1,05221220701500181218
05,5,62,012,2022,12,12,2,2,2,2,0,0,1,0,0,0,0,361559.460999849019572,5728610.358999449759722,6.997052722000030,51.691359445000003,1,05221205701610091324
05,5,54,020,2022,12,18,2,3,2,6,2,0,1,0,0,0,0,366551.445999877003487,5785735.256999510340393,7.047052633000020,52.205885100000003,0,05221212705000081393
05,5,13,000,2022,12,12,3,2,8,1,0,1,0,0,0,0,1,368448.955303277005441,5707848.822217569686472,7.104455005000030,51.506439915000001,0,05221206700000580912
05,5,62,008,2022,12,20,3,3,5,3,2,0,1,0,0,0,0,386214.502999943972100,5724014.402999609708786,7.355081646000030,51.655591254000100,0,05221213701910175476
05,5,15,000,2022,12,18,1,3,6,7,2,0,1,1,0,0,0,404759.905994108004961,5758299.836278500035405,7.613662548000040,51.967218768000102,0,05221218702100574776
05,5,15,000,2022,12,13,4,3,5,3,0,1,1,0,0,0,0,406198.686411553993821,5750968.803603709675372,7.636598291000040,51.901568381000097,1,05221207702100196579
05,5,54,048,2022,12,18,7,3,5,3,2,0,1,0,0,0,0,343329.461999727995135,5747852.536999089643359,6.724831256000070,51.859444914999997,0,05221210705000795121
05,5,54,020,2022,12,07,2,3,2,6,2,0,1,0,0,0,0,365588.587999871990178,5781912.333999509923160,7.034486563000030,52.171300758000001,0,05221219705000764191
05,5,70,032,2022,12,11,5,2,8,1,0,0,1,0,0,0,0,419405.470905317983124,5764553.672807940281928,7.825323589000050,52.025751469000099,0,05221215711151696661
05,5,54,060,2022,12,08,6,3,4,1,0,0,1,0,0,0,0,351458.266594082990196,5760768.782200509682298,6.837213044000070,51.977716261000097,2,05221216705000691795
05,5,62,036,2022,12,07,5,3,6,4,2,0,1,1,0,0,0,389389.777248735015746,5719983.967540900222957,7.402238683000060,51.619999458000102,1,05221208701930381228
05,5,66,008,2022,12,08,3,2,5,3,0,0,1,0,0,0,0,397739.735999968019314,5780823.539999660104513,7.504763915000070,52.168410315000102,0,05221220709110880991
05,5,62,020,2022,12,16,2,3,2,6,1,0,1,0,0,0,0,372519.360054810007568,5718454.905232139863074,7.159228613000040,51.602689765000001,1,05221219701200178742
05,5,62,012,2022,12,17,6,3,3,6,2,0,1,0,0,0,0,359403.121999836992472,5725441.412999420426786,6.967151828000060,51.662348094000002,1,05221202701610220372
05,5,62,004,2022,12,23,6,3,5,3,2,0,1,0,0,0,0,381722.534999930998310,5712573.754999590106308,7.294033574000030,51.551840390000102,1,05221202701800379387
05,5,15,000,2022,12,20,3,3,0,3,2,1,1,0,0,0,0,403596.573999974993058,5758620.981999659910798,7.596644092000080,51.969904786000001,1,05221213702100093599
05,5,70,008,2022,12,07,6,2,4,6,0,0,1,0,0,0,0,438205.937324232014362,5733034.440906429663301,8.104947188000040,51.744805852000098,1,05221209711311694426
05,5,54,016,2022,12,07,4,3,5,3,2,0,1,0,0,1,0,365521.746273274999112,5756107.320280070416629,7.043667978000030,51.939410920000100,0,05221207702340049701
05,5,54,040,2022,12,19,3,2,0,3,2,0,1,0,0,0,0,351281.472999787016306,5739367.286999289877713,6.843863725000060,51.785382075000001,1,05221220705000395045
05,5,66,068,2022,12,17,1,3,4,2,2,0,1,0,0,0,0,374205.198220506019425,5785515.440957729704678,7.159078262000040,52.205709854000098,1,05221204709300878428
05,5,54,020,2022,12,22,7,3,0,1,2,1,0,0,0,0,0,365552.101671368000098,5786835.657617780379951,7.032000064000040,52.215529699999998,1,05221210705000280992
05,5,62,024,2022,12,09,5,3,5,2,0,1,1,0,0,0,0,370139.737999889999628,5725315.198999529704452,7.122342718000030,51.663797472000098,0,05221215701500338984
05,5,54,036,2022,12,07,6,3,5,3,2,0,1,0,0,0,0,370529.437999894027598,5766901.115999549627304,7.112399329000030,52.037592770000103,1,05221216705000091841
05,5,62,008,2022,12,16,7,3,2,6,2,0,1,0,0,0,0,383700.061605100985616,5720122.651054959744215,7.320041992000030,51.620098957000003,0,05221203701910148785
05,5,58,016,2022,12,16,3,3,3,6,2,1,1,0,0,0,0,381431.517214668972883,5743525.840042100287974,7.279319785000040,51.829958082000097,0,05221213706100196581
05,5,66,028,2022,12,01,7,3,7,1,2,0,1,0,0,0,0,417372.105374113016296,5791067.011059430427849,7.789247060000040,52.263773759000102,1,05221210709700992528
05,5,66,028,2022,12,15,4,3,4,1,0,0,1,0,0,0,1,411623.195847472001333,5794534.703050229698420,7.704121483000050,52.294048455999999,0,05221207709700070260
05,5,15,000,2022,12,20,7,3,6,7,2,0,0,1,0,0,1,405193.368816879985388,5758232.332245609723032,7.619988792000070,51.966686113999998,0,05221210702100774754
05,5,54,012,2022,12,16,5,3,5,3,2,1,1,0,0,0,0,352816.182999799028039,5746392.520999319851398,6.863112282000030,51.848909528000000,0,05221215705000992444
05,5,62,032,2022,12,16,7,3,6,2,1,0,1,1,0,0,0,375955.566999911970925,5719277.820999570190907,7.208528507000040,51.610852795000000,0,05221217701110391012
05,5,66,004,2022,12,12,4,3,5,2,0,0,1,0,0,0,1,393575.106999959971290,5767134.197999649681151,7.448170641000050,52.044590171999999,0,05221207709110496522
05,5,62,008,2022,12,17,3,3,2,6,2,0,1,0,0,0,0,383534.974632771976758,5719731.299036459997296,7.317788494000070,51.616547478000001,1,05221220701910289510
05,5,15,000,2022,12,17,1,3,2,6,2,0,1,0,0,0,0,400551.982332949002739,5754420.840011180378497,7.553554009000040,51.931616814999998,0,05221204702330966481
05,5,62,032,2022,12,16,5,3,5,3,0,1,1,0,0,0,0,376014.853464593004901,5720940.045499320141971,7.208796096000070,51.625804514000002,1,05221208701110181332
05,5,54,056,2022,12,17,4,3,2,2,2,0,1,0,0,0,0,355482.909457202011254,5759671.990815349854529,6.896230830000040,51.968922896999999,0,05221214705000020977
05,5,54,012,2022,12,06,4,3,5,3,2,1,0,0,0,1,0,353734.772999804001302,5747275.503999340347946,6.876065287000070,51.857084555000000,1,05221221705000581028
05,5,12,000,2022,12,22,7,3,4,6,2,0,1,0,0,0,0,360331.123131556028966,5711108.403601709753275,6.986267054000050,51.533783036000003,1,05221217701400778098
05,5,12,000,2022,12,10,3,3,2,6,0,0,1,0,0,0,0,356373.288300578016788,5710149.103073050267994,6.929634082000060,51.524169974000102,2,05221213701400573560
05,5,13,000,2022,12,10,3,3,5,3,0,1,1,0,0,0,0,366051.616042406007182,5715513.204227389767766,7.067015376000030,51.574753133000101,1,05221220700000372393
05,5,13,000,2022,12,00,5,3,9,1,2,0,1,0,0,0,0,367932.469877474999521,5706195.535893229767680,7.097636139000030,51.491461749000102,2,05221215700000895186
05,5,15,000,2022,12,14,6,3,6,4,0,1,0,1,0,0,0,406647.938999979989603,5756707.592999660409987,7.641569503000030,51.953227191000103,0,05221216702100091805
05,5,70,052,2022,12,13,2,3,5,3,0,0,1,0,0,0,0,430354.377999996009748,5755585.317999660037458,7.986697504000060,51.946612651000102,1,05221205711112987376
05,5,54,004,2022,12,13,6,3,2,2,0,0,1,0,0,0,1,361675.600481338973623,5771423.340175519697368,6.981568455000060,52.076088426000098,0,05221202705000891108
05,5,15,000,2022,12,12,4,3,2,6,0,0,1,0,0,0,0,403715.169999976991676,5760803.413999659940600,7.597757493000070,51.989541688000003,1,05221221702100972452
05,5,70,044,2022,12,16,3,3,2,6,1,0,1,0,0,0,0,416675.244999988994095,5759728.254999670200050,7.786713220000020,51.981972704000000,1,05221206711142081965
05,5,62,032,2022,12,06,3,3,0,6,2,0,1,0,0,1,0,374776.451335139980074,5714710.461383650079370,7.193138260000070,51.569544411999999,1,05221206702340799386
05,5,62,012,2022,12,15,3,3,2,6,0,0,1,0,0,0,1,363815.315385126974434,5724515.215527660213411,7.031265994000020,51.655111652000102,1,05221220701610680917
05,5,70,020,2022,12,10,5,3,9,1,0,0,1,0,0,0,0,431812.890999995986931,5743088.488999660126865,8.010385379000070,51.834449599000003,0,05221215711421587313
05,5,70,008,2022,12,18,4,3,5,3,2,1,1,0,0,0,0,433103.159434019995388,5733899.201335970312357,8.030880873000060,51.751994070000102,0,05221214711311382312
05,5,54,016,2022,12,06,2,2,5,3,2,1,1,0,0,0,0,361722.485999851021916,5757768.737999450415373,6.987766048000030,51.953408468000099,1,05221205705000081000
05,5,58,008,2022,12,18,2,3,5,3,2,1,1,0,0,0,0,390956.811896739003714,5763714.170510269701481,7.411097828000040,52.013343989000099,1,05221212706000468251
05,5,70,032,2022,12,09,7,3,8,1,0,0,1,0,0,0,0,420370.284251303994097,5767567.738445370458066,7.838680758000070,52.052984402000000,0,05221210711151553158
05,5,62,016,2022,12,17,3,3,2,6,2,0,1,0,0,0,0,373931.192092565004714,5733715.341382999904454,7.174096135000070,51.740151706000098,0,05221213701700085348
05,5,62,012,2022,12,17,1,3,4,1,2,0,1,0,0,0,0,362616.279999856022187,5724710.597999460063875,7.013866713000030,51.656575615000101,1,05221218701610916847
05,5,12,000,2022,12,16,4,3,2,6,2,0,1,0,0,0,0,356665.626336324028671,5708874.250296990387142,6.934363652000060,51.512788608000101,1,05221207701400975421
05,5,62,012,2022,12,06,7,3,1,6,2,0,1,0,0,0,0,359078.687999835994560,5726912.850999419577420,6.961870617000050,51.675488847000103,1,05221210701610890206
05,5,58,012,2022,12,07,2,3,6,2,2,0,1,1,0,0,0,374458.308999908971600,5756220.715999569743872,7.173557956000020,51.942517967000100,1,05221219706200221291
05,5,13,000,2022,12,12,6,3,8,1,0,0,0,0,0,1,0,370090.619999888993334,5711283.349999519996345,7.126830076000030,51.537685404999998,0,05221216702340381317
05,5,62,014,2022,12,16,5,3,0,1,2,1,0,0,0,0,0,357549.840082145004999,5713655.732004540041089,6.945163040000070,51.555978111999998,1,05221208701300895209
05,5,58,016,2022,12,15,7,3,5,3,0,0,1,0,0,0,0,381492.653967137972359,5742121.940515480004251,7.280687089000030,51.817353961999999,0,05221203706100496570
05,5,62,028,2022,12,15,6,3,6,6,0,0,0,1,0,0,1,379714.137656627979595,5722396.081163399852812,7.261712205000040,51.639693405000102,0,05221209701920574176
05,5,62,014,2022,12,13,3,3,2,6,0,0,1,0,0,0,0,360016.036999839008786,5715768.838999429717660,6.979872184000040,51.575583927000103,1,05221206701300194968
05,5,62,008,2022,12,14,2,3,5,3,0,1,1,0,0,0,0,385068.917091041977983,5723642.490080679766834,7.338650410000070,51.652015543000097,1,05221219701910775334
05,5,62,004,2022,12,09,5,2,5,2,0,1,0,0,0,0,1,382523.097999933001120,5715635.438999599777162,7.304551561000040,51.579525116000099,2,05221215701800954186
05,5,15,000,2022,12,11,6,3,5,2,0,1,1,0,0,0,0,405973.714940238976851,5751708.280451619997621,7.633127563000070,51.908177281000100,0,05221202702100974469
05,5,54,004,2022,12,07,5,3,1,6,2,0,1,0,0,0,0,362633.704641712014563,5773432.986286270432174,6.994730340000050,52.094384239000100,1,05221208705000491758
05,5,13,000,2022,12,20,3,3,6,2,2,0,1,1,0,0,0,368849.791999884997495,5715839.210999519564211,7.107249643000050,51.578340783999998,1,05221220700000995052
05,5,58,020,2022,12,12,2,3,2,6,0,0,0,0,0,0,1,393189.625351767987013,5760439.882683720439672,7.444640172000050,51.984350094000000,1,05221205706000696587
05,5,15,000,2022,12,16,3,3,6,4,1,0,1,1,0,0,0,406378.993881709990092,5757332.405453429557383,7.637486834000070,51.958798098000003,0,05221206702100296672
05,5,58,012,2022,12,14,7,3,2,1,0,1,1,0,0,0,0,374496.618999909027480,5756785.257999570108950,7.173908926000020,51.947599852000103,0,05221210706000196668
05,5,54,068,2022,12,07,4,3,5,3,2,1,1,0,0,0,0,348122.534086589992512,5771839.009966430254281,6.783769847000030,52.076271783999999,1,05221207705000081000
05,5,58,008,2022,12,17,3,3,6,4,2,0,1,1,0,0,0,382640.796011073980480,5760255.604950020089746,7.291162968000040,51.980565764000097,1,05221220706000095562
05,5,15,000,2022,12,22,5,3,0,1,2,1,0,0,0,0,0,403827.724632020981517,5755816.031523969955742,7.600793103000060,51.944732983999998,0,05221215702100664311
05,5,62,016,2022,12,11,6,3,2,6,0,0,1,0,0,0,0,375062.176999909977894,5733623.126999570056796,7.190500896000060,51.739576267000103,0,05221216701700880957
05,5,62,014,2022,12,07,5,3,5,2,2,1,1,0,0,0,0,361017.964999845018610,5714964.523999439552426,6.994639752000070,51.568604175000097,1,05221208701300191627
05,5,66,064,2022,12,21,4,3,8,1,2,0,1,0,0,0,0,393575.655279816011898,5770598.552858499810100,7.447099024000070,52.075726385000102,1,05221221709110372341
05,5,70,024,2022,12,15,3,3,9,7,0,0,1,0,0,0,0,419561.057500300987158,5749746.887713179923594,7.831058115000080,51.892673750000000,1,05221206711161881965
05,5,66,040,2022,12,17,6,3,0,2,2,0,0,0,1,0,1,421678.473999992012978,5781950.351999679580331,7.854445456000060,52.182455929000099,0,05221202709800146922
05,5,54,008,2022,12,10,2,2,2,6,0,0,1,0,0,1,0,338404.045583184983116,5745626.345802660100162,6.654408531000060,51.838041187000002,0,05221212705000697146
05,5,15,000,2022,12,18,3,3,5,3,2,1,1,0,0,0,0,404929.431999978027306,5762776.010999660007656,7.614888568000030,52.007481216000002,2,05221213702100994894
05,5,12,000,2022,12,14,2,3,5,2,0,0,1,0,0,0,0,356499.352994401007891,5709618.369878600351512,6.931666164000030,51.519432942000002,1,05221205701400875421
05,5,62,032,2022,12,07,4,3,5,3,0,1,1,0,0,0,0,374064.103999904997181,5717455.448999550193548,7.181880765000070,51.594055161000000,0,05221207701110195112