ULAND,UREGBEZ,UKREIS,UGEMEINDE,UJAHR,UMONAT,USTUNDE,UWOCHENTAG,UKATEGORIE,UART,UTYP1,ULICHTVERH,IstRad,IstPKW,IstFuss,IstKrad,IstGkfz,IstSonstige,LINREFX,LINREFY,XGCSWGS84,YGCSWGS84,STRZUSTAND,UIDENTSTLAE
05,5,54,016,2022,12,10,6,3,0,1,0,0,0,0,1,0,0,363440.051999861025251,5757843.438999479636550,7.012714277000040,51.954504072000098,2,05221216705000291207
05,5,15,000,2022,12,14,4,3,3,2,0,0,1,0,0,0,0,405409.100999976973981,5755469.403999660164118,7.623888619000070,51.941888474000102,0,05221214702100574754
05,5,15,000,2022,12,19,4,3,2,6,2,0,1,0,0,0,0,399915.143060496018734,5752480.035633959807456,7.544858833000030,51.914058375000103,1,05221221702330491821
05,5,62,032,2022,12,05,7,3,5,3,2,0,1,0,0,0,0,374702.272700313013047,5721812.000328839756548,7.189531471000070,51.633350065000101,1,05221217701110946669
05,5,66,076,2022,12,11,2,3,5,3,0,1,1,0,0,0,0,392632.741491985972971,5793213.227211729623377,7.426187282000060,52.278789388000099,1,05221205709500992588
05,5,58,016,2022,12,15,6,3,0,7,0,0,1,1,0,0,0,381499.739999931014609,5743712.173999600112438,7.280245562000060,51.831647171999997,0,05221202706100676631
05,5,66,028,2022,12,13,6,3,4,6,0,0,1,0,1,0,1,417264.622316281020176,5791806.109061609953642,7.787491242000040,52.270401009000103,0,05221209709700992536
05,5,58,032,2022,12,23,1,3,8,1,2,0,1,0,0,0,0,390971.823999955027830,5755370.308999639935791,7.413967275000060,51.938356132000102,2,05221218706100779103
05,5,66,036,2022,12,10,2,3,0,1,0,1,0,0,0,0,0,386031.197698629985098,5767534.060474139638245,7.338084566000020,52.046684179000103,2,05221219709300639236
05,5,66,056,2022,12,05,5,3,2,1,2,0,1,0,0,0,1,416832.715243936982006,5796078.506724920123816,7.780108546000060,52.308738198000100,1,05221208709700672366
05,5,54,048,2022,12,09,7,3,0,7,0,1,0,0,0,0,0,341367.826999711978715,5745019.047999029979110,6.697668865000030,51.833434926999999,1,05221217705000596008
05,5,70,004,2022,12,18,3,3,5,2,2,1,1,0,0,0,0,423799.354999993985984,5736183.357999649830163,7.895623221000050,51.771339455000003,1,05221220711216289244
05,5,62,032,2022,12,05,6,3,5,2,2,1,1,0,0,0,0,373888.042999904020689,5719392.965999560430646,7.178643649000040,51.611428287000102,0,05221216701110795135
05,5,54,004,2022,12,15,2,3,5,2,0,1,1,0,0,0,0,363028.977109742991161,5772358.450822929851711,7.000928400000020,52.084827146000102,1,05221219705000691694
05,5,13,000,2022,12,13,5,3,5,3,1,0,1,1,0,0,0,364693.002999864984304,5715373.393999479711056,7.047475524000050,51.573172296000102,1,05221208700000002263
05,5,62,014,2022,12,16,2,2,5,3,2,0,1,0,0,0,0,359419.237909339019097,5714888.597842910327017,6.971617695000020,51.567525590999999,1,05221205701300565454
05,5,15,000,2022,12,08,3,3,0,2,1,1,1,0,0,0,0,404194.053999976022169,5754225.316999659873545,7.606564204000050,51.930498227000001,1,05221220702100470560
05,5,70,004,2022,12,17,1,3,5,3,2,0,1,0,0,0,0,424040.407999993010890,5733271.904999650083482,7.899752461000050,51.745199218000003,1,05221204711212590739
05,5,15,000,2022,12,23,7,3,4,7,2,1,0,0,0,0,1,406305.052999979001470,5756676.909999660216272,7.636589821000030,51.952893736000100,1,05221210702100042539
05,5,66,088,2022,12,19,5,2,2,6,2,0,1,0,0,0,0,418514.144745067984331,5789781.289754539728165,7.806287846000030,52.252387302999999,1,05221215702350570544
05,5,62,004,2022,12,14,5,3,2,6,0,0,1,0,0,1,0,384616.148753874003887,5713686.817554430104792,7.335384959000070,51.562443632000097,0,05221215301921080492
05,5,62,020,2022,12,13,4,3,0,1,0,0,0,0,1,0,0,370585.640999892028049,5718369.212999530136585,7.131353944000070,51.601478634000003,1,05221221701200771516
05,5,70,028,2022,12,14,2,2,1,6,0,0,1,0,0,0,1,441020.963886031997390,5737654.276857299730182,8.144931901000060,51.786643050000102,1,05221205711411996648
05,5,54,024,2022,12,22,6,3,2,6,2,0,1,0,0,0,0,370293.508780841017142,5784202.896288719959557,7.102369405000050,52.193009068000002,0,05221202705000581002
05,5,13,000,2022,12,09,3,3,2,6,0,0,1,0,0,0,0,368537.208051519992296,5707655.738903519697487,7.105797881000060,51.504725251000103,0,05221213700000775283
05,5,54,052,2022,12,13,2,3,5,3,0,0,1,0,0,0,0,371053.511999894981273,5772055.781999549828470,7.118089233000030,52.084034799999998,1,05221212705000992497
05,5,70,008,2022,12,13,4,3,5,3,0,0,1,0,0,0,0,432838.722999996971339,5739524.696999659761786,8.025962292000029,51.802535642000102,0,05221207711314087401
05,5,12,000,2022,12,14,3,3,2,6,0,0,1,0,1,0,0,356896.925999819999561,5712438.560999389737844,6.936246493000060,51.544875597999997,1,05221206701400051551
05,5,15,000,2022,12,07,2,3,4,2,2,1,1,0,0,0,0,403993.189596457988955,5757003.876960240304470,7.602867862000040,51.955438346999998,1,05221219702100118365
05,5,70,024,2022,12,16,5,3,8,1,2,0,1,0,0,0,0,421328.254510181024671,5754518.685530779883265,7.855643479000040,51.935821111000102,0,05221215711161087268
05,5,58,032,2022,12,15,6,3,3,6,0,0,1,0,0,0,0,387045.208045475999825,5749523.446945359930396,7.358788922000030,51.885024852000100,1,05221216702330081369
05,5,54,048,2022,12,08,2,3,2,3,0,0,1,0,0,0,0,342333.887474758026656,5744126.119759320281446,6.712084534000040,51.825686330000103,1,05221205705000595049
05,5,15,000,2022,12,08,2,3,6,2,1,0,1,1,0,0,0,406069.956211458018515,5758933.293302440084517,7.632552716000020,51.973135476000003,1,05221205702100088557
05,5,66,084,2022,12,07,3,3,6,2,1,0,1,1,0,0,0,390010.052120686974376,5775782.002526770345867,7.393419750000020,52.121614696000101,1,05221213709300387315
05,5,58,036,2022,12,06,6,3,5,3,2,0,1,0,0,0,1,391924.150999956997111,5727649.055999630130827,7.436463456000070,51.689386755000001,1,05221209706000986167
05,5,58,008,2022,12,17,4,3,5,1,2,1,1,0,0,0,0,382717.417938923987094,5760690.701376260258257,7.292129357000020,51.984492149000097,1,05221207706000079112
05,5,58,016,2022,12,05,3,3,5,3,2,1,1,0,0,0,0,382189.855328185018152,5744660.729273879900575,7.289933163000060,51.840318009000001,1,05221206706000296570
05,5,58,024,2022,12,17,6,3,9,1,2,0,1,0,0,0,0,392581.467954882013146,5732632.371127150021493,7.444433009000020,51.734303382000100,0,05221216706000376729
05,5,15,000,2022,12,08,5,3,3,2,1,1,1,0,0,0,0,408260.784155554021709,5754121.900838679634035,7.665722035000040,51.930253811999997,0,05221208702100374469
05,5,66,068,2022,12,07,2,3,8,1,2,0,1,0,0,0,0,373209.856148661987390,5784383.895178619772196,7.144943891000030,52.195313793000103,1,05221205709300891780
05,5,70,028,2022,12,19,3,3,2,6,2,0,1,0,0,0,0,441469.681045807024930,5749772.393239869736135,8.149385781000030,51.895634626000103,1,05221213711413487326
05,5,12,000,2022,12,17,3,3,3,5,2,0,1,0,0,0,0,356851.555727418977767,5712355.364071150310338,6.935626489000070,51.544116498999998,0,05221206701400075421
05,5,58,016,2022,12,14,6,3,0,1,0,1,0,0,0,0,0,384937.828326219983865,5749241.804075470194221,7.328276975000050,51.882062700000098,0,05221209706000196615
05,5,62,032,2022,12,16,5,3,6,4,1,0,1,1,0,0,0,377066.514284726988990,5720282.838062049821019,7.224212112000030,51.620128787000098,2,05221215701110391525
05,5,58,028,2022,12,07,6,3,2,6,1,0,1,0,0,0,0,403636.945481550006662,5732149.449647890403867,7.604610988000050,51.731972299000098,1,05221209706000396610
05,5,70,016,2022,12,10,4,2,4,6,0,0,1,0,0,0,0,412042.963527839980088,5735367.846694920212030,7.725486645000050,51.762284925000102,1,05221207711221191796
05,5,70,048,2022,12,14,1,1,8,1,0,0,1,0,0,0,0,448169.327855804993305,5727506.623683019541204,8.250069400000029,51.696117695000098,0,05221204711322094426
05,5,54,020,2022,12,10,7,3,0,3,0,1,1,0,0,0,0,364740.216853977006394,5786999.156582989729941,7.020058306000070,52.216800073000101,0,05221210705000520966
05,5,54,020,2022,12,11,2,3,5,3,0,1,1,0,0,0,0,365546.708259309991263,5786692.438855670392513,7.031978062000060,52.214241518000101,1,05221219705000020717
05,5,54,044,2022,12,08,5,3,8,1,0,0,1,0,0,0,0,366135.573003766010515,5741193.389432170428336,7.058374364000030,51.805542762000101,2,05221215705000796107
05,5,62,012,2022,12,07,6,3,5,2,1,0,1,0,0,0,1,359771.534999840019736,5725162.846999430097640,6.972586761000060,51.659936990000098,0,05221216701610516847
05,5,13,000,2022,12,21,2,3,2,6,2,1,1,0,0,0,0,367147.932491893996485,5710279.760223699733615,7.084803183000080,51.527981611000001,0,05221219700000789519
05,5,66,036,2022,12,11,3,3,8,1,0,0,1,0,0,0,0,386889.303459411021322,5770631.724149179644883,7.349565992000070,52.074699066999997,1,05221206709300812303
05,5,15,000,2022,12,07,2,3,5,3,2,1,1,0,0,0,0,404321.742999977024738,5756263.405999659560621,7.607853742000030,51.948839341999999,0,05221205702100255909
05,5,70,008,2022,12,00,7,3,2,6,2,0,1,0,0,0,0,433013.911866689973976,5736839.595172169618309,8.029021176000070,51.778417626000099,1,05221203301911194431
05,5,62,020,2022,12,11,3,3,0,1,0,1,0,0,0,0,0,371520.654747619992122,5719330.451818049885333,7.144494978000070,51.610331215000002,0,05221213701200581147
05,5,54,044,2022,12,15,2,3,5,3,0,0,1,0,0,0,0,361126.026713795028627,5741509.593380549922585,6.985634694000050,51.807162291000097,0,05221212705000491842
05,5,58,012,2022,12,17,3,3,8,1,2,0,1,0,0,0,0,377052.174878629972227,5754960.742026760242879,7.211725078000030,51.931774232000102,0,05221206706000691755
05,5,62,014,2022,12,16,2,3,5,2,2,1,1,0,0,0,0,361478.002373668015935,5713542.506617699749768,7.001833590000050,51.555938904000101,1,05221205701300995005
05,5,13,000,2022,12,20,4,3,0,7,2,1,0,0,0,0,0,364987.944999866012949,5718240.533999480307102,7.050626279000030,51.599008241000000,1,05221207700000095200
05,5,66,028,2022,12,18,5,3,8,1,2,0,1,0,0,0,0,419868.982263343990780,5791721.531347840093076,7.825670081000060,52.270026475000101,2,05221215709700591793
05,5,54,012,2022,12,10,2,3,6,6,0,0,0,1,0,0,1,352324.000955635972787,5745641.207731500267982,6.856292759000040,51.842029081000099,1,05221205705000891584
05,5,58,036,2022,12,06,4,2,5,3,2,0,1,0,1,0,0,389835.633999951009173,5731215.095999619923532,7.405134434000050,51.721032133000101,0,05221221706000992363
05,5,70,008,2022,12,13,3,2,2,6,0,0,1,0,0,0,1,430726.009029344015289,5733840.980341009795666,7.996460843000020,51.751181719000002,1,05221206301911080586
05,5,62,004,2022,12,13,3,2,5,2,0,0,1,0,0,0,0,385218.430999942007475,5711645.175999600440264,7.344736348000030,51.544216487000000,2,05221213701800508376
05,5,66,040,2022,12,17,2,3,1,6,2,0,1,0,0,0,1,421098.096303449012339,5783009.875266700051725,7.845711908000060,52.191897105000102,0,05221212709800553162
05,5,70,020,2022,12,02,5,3,8,1,2,0,1,0,0,0,0,433001.580425161984749,5745173.742376569658518,8.027230378000070,51.853339687000101,0,05221208711421802616
05,5,70,008,2022,12,05,7,3,8,7,2,0,0,0,0,0,1,429577.853256053000223,5735798.091344069689512,7.979434262000040,51.768632783000001,2,05221217711313949811
05,5,13,000,2022,12,06,2,2,6,4,2,0,1,1,0,0,0,364236.395999861997552,5712688.889999479986727,7.041927375000060,51.548938565000100,1,05221205700000091368
05,5,66,048,2022,12,17,5,2,2,5,2,0,1,0,0,1,0,424919.272737478022464,5791326.435201649554074,7.899755345000070,52.267187794000101,2,05221215702350096660
05,5,58,044,2022,12,08,6,2,8,1,0,0,1,0,0,0,0,394029.901045067992527,5751327.915136460214853,7.459679705000040,51.902614589999999,0,05221216702330996525
05,5,70,052,2022,12,16,4,3,5,2,1,1,1,0,0,0,0,429322.420644578989595,5753360.691030710004270,7.972142859000030,51.926483965999999,0,05221214711114193885
05,5,58,004,2022,12,14,2,2,8,1,0,0,0,0,0,0,1,405140.239999976998661,5733403.324999650008976,7.626030870000020,51.743499513000103,2,05221205706300738857
05,5,66,016,2022,12,18,1,3,7,7,2,0,1,0,0,0,1,401656.078461631026585,5794241.218883089721203,7.558105894000050,52.289717043000103,2,05221211702350191777
05,5,66,068,2022,12,10,4,3,0,1,0,1,0,0,0,0,0,377404.225918144977186,5785389.024984910152853,7.205914440000070,52.205294696000102,1,05221207709300378428
05,5,70,020,2022,12,20,1,3,8,7,2,0,1,0,0,0,1,436052.019862981978804,5745532.476353869773448,8.071447788000061,51.856922562000101,1,05221204711422594425
05,5,70,004,2022,12,17,7,3,5,3,2,1,0,0,0,0,1,424907.710797681007534,5735430.845804629847407,7.911846175000050,51.764724389000001,0,05221210711212794319
05,5,15,000,2022,12,15,5,3,2,6,0,1,1,0,0,0,0,407835.238999981025700,5759158.580999660305679,7.658183771000040,51.975456041000001,0,05221215702100060729
05,5,58,016,2022,12,09,5,3,6,4,0,0,1,1,0,0,0,381721.485292344994377,5744108.082664329558611,7.283326794000060,51.835252271000101,1,05221208706100176773
05,5,66,056,2022,12,19,3,2,5,3,2,0,1,0,0,0,0,416033.111999989021569,5797520.276999689638615,7.768023128000040,52.321575709999998,0,05221213709700992470
05,5,15,000,2022,12,07,6,3,5,3,1,0,1,0,0,0,0,406584.933339219016489,5750288.551073939539492,7.642395021000030,51.895518764000002,1,05221209702100968372
05,5,70,004,2022,12,14,2,2,5,2,0,0,1,0,0,1,0,424776.551589504990261,5735772.396711950190365,7.909871970000040,51.767777219000003,1,05221212711216379615
05,5,66,008,2022,12,13,6,3,3,7,0,1,0,0,0,0,0,398261.285000136005692,5781108.319999749772251,7.512301760000070,52.171066215000103,0,05221216709110747851
05,5,15,000,2022,12,07,2,3,5,3,1,1,1,0,0,0,0,408145.238999981025700,5761316.038999659940600,7.662117916000060,51.994899743000097,1,05221219702100496504
05,5,58,020,2022,12,07,5,3,6,4,1,0,1,1,0,0,0,391147.123999954026658,5759280.922999639995396,7.415277365000070,51.973537434000001,1,05221208706000992556
05,5,15,000,2022,12,20,3,3,5,3,2,1,1,0,0,0,0,405555.250999978976324,5750683.700999650172889,7.627326967000040,51.898897032000001,1,05221220702100276642
05,5,66,008,2022,12,15,2,3,5,2,1,0,1,0,0,0,1,398613.921785480983090,5781228.603344630450010,7.517420458000060,52.172212184999999,1,05221205709110496499
05,5,70,044,2022,12,07,3,3,2,2,2,0,1,0,0,0,0,417088.118510500004049,5760613.410254290327430,7.792509617000060,51.989991119000102,2,05221213711142096534
05,5,54,012,2022,12,13,7,3,4,2,0,0,1,0,0,0,0,350425.942244253994431,5744294.684998669661582,6.829343263000060,51.829425735000001,1,05221210705000681928
05,5,66,084,2022,12,17,2,3,4,2,2,0,1,0,0,0,0,389826.779999952996150,5775787.854999640025198,7.390742013000020,52.121630798000098,1,05221219709300574703
05,5,66,008,2022,12,12,5,2,4,1,2,0,1,0,0,0,0,398750.153288519009948,5779048.351965850219131,7.520062142000030,52.152641740000000,1,05221215709000076750
05,5,54,020,2022,12,14,6,3,4,2,0,0,1,0,0,0,0,363282.031931308971252,5784980.229924050159752,6.999542513000050,52.198299802000101,1,05221216705000518559
05,5,62,028,2022,12,15,5,2,5,3,0,1,1,0,0,0,0,378777.997110561002046,5723637.614368730224669,7.247760339000020,51.650650442000000,0,05221208701920249479
05,5,58,032,2022,12,13,7,3,0,3,0,1,1,0,0,0,0,386577.364380838000216,5754536.805698120035231,7.350343957000060,51.929986800999998,0,05221217706000095038
05,5,66,076,2022,12,15,4,3,5,2,0,0,1,0,0,0,0,398298.225999968999531,5794410.194999669678509,7.508840677000020,52.290624492000099,1,05221214709500261951
05,5,13,000,2022,12,17,3,3,5,2,2,0,1,0,0,0,0,368970.298757397977170,5710929.260900390334427,7.110817300000060,51.534244344999998,1,05221220700000798874
05,5,58,016,2022,12,08,2,3,5,2,0,1,1,0,0,0,0,387928.679999948013574,5747422.144999629817903,7.372302195000030,51.866317662000000,1,05221205706100894991
05,5,58,012,2022,12,11,3,3,5,3,0,0,1,0,0,0,0,368379.843088565976359,5752019.886723560281098,7.086783617000040,51.903364387000103,1,05221220706000272440
05,5,13,000,2022,12,11,1,3,1,7,0,0,1,0,0,0,1,369419.801736021006946,5707231.373450850136578,7.118664570000020,51.501116151000097,0,05221211700000595186
05,5,15,000,2022,12,22,4,2,7,1,2,1,0,0,0,0,0,402089.606687511026394,5761132.337500779889524,7.573997565000070,51.992213938000098,1,05221207702100542442
05,5,66,028,2022,12,14,1,3,9,1,0,0,1,0,0,0,0,409596.631281053007115,5791421.171306549571455,7.675249151000060,52.265733918000102,1,05221204702350015187
05,5,15,000,2022,12,17,6,3,4,7,2,0,1,0,0,0,1,401087.689241636020597,5760795.781888060271740,7.559507324000040,51.989011394999999,0,05221209702100542458
05,5,54,020,2022,12,07,5,3,0,5,2,1,1,0,0,0,0,365951.913543539994862,5787211.868584670126438,7.037699618000030,52.219007501000100,0,05221215705000992428
05,5,62,016,2022,12,22,6,1,4,6,2,0,1,0,0,0,0,373440.981217004009522,5731035.446747910231352,7.167974262000030,51.715957611000100,2,05221216702340091864
05,5,62,014,2022,12,13,5,3,5,3,0,1,1,0,0,0,0,361262.629999845987186,5714318.881999439559877,6.998422545000040,51.562862600000102,1,05221208701300981435
05,5,62,032,2022,12,07,4,3,6,4,2,0,0,1,1,0,0,377556.155133738997392,5720609.987919500097632,7.231167045000060,51.623175701999998,0,05221214701110781809
05,5,13,000,2022,12,09,7,3,5,3,0,0,1,0,0,0,0,367506.000999878975563,5713540.785999510437250,7.088734285000040,51.557371463000003,0,05221203700000295200
05,5,66,088,2022,12,05,4,3,8,1,2,0,1,0,0,0,0,414994.432689799985383,5786009.347541729919612,7.755687944000040,52.217950778000002,1,05221221709800992366
05,5,62,036,2022,12,07,2,2,6,2,0,0,1,1,0,0,0,388786.724564620992169,5719054.528552389703691,7.393826252000050,51.611526806000001,1,05221205701930820045
05,5,70,048,2022,12,19,6,3,8,1,2,0,1,0,0,0,0,444618.729648893000558,5731129.193920849822462,8.198125795000070,51.728347360000001,1,05221209711321535328
05,5,66,076,2022,12,07,5,3,5,3,2,1,1,0,0,0,0,394539.254999962984584,5792910.528999660164118,7.454216916000060,52.276438030000101,1,05221208709500451486
05,5,66,072,2022,12,00,4,3,8,1,2,0,1,0,0,0,0,408303.737680037971586,5799209.777550020255148,7.654188078000060,52.335524013000096,1,05221207709700076657
05,5,54,012,2022,12,21,3,3,3,3,2,1,1,0,0,0,0,352819.148999797005672,5746067.192999320104718,6.863293785000050,51.845987258999997,1,05221220705000992372
05,5,62,008,2022,12,17,5,3,6,2,2,0,0,1,0,0,1,385076.525999940990005,5723897.493999609723687,7.338676539000060,51.654308999000101,1,05221222701910355850
05,5,70,040,2022,12,02,4,2,8,1,2,0,1,0,0,0,0,417802.211069263983518,5744302.407245970331132,7.806800352000040,51.843475560000101,1,05221228711231596600
05,5,62,012,2022,12,19,5,3,5,3,2,0,1,0,0,0,0,363628.491886952018831,5738742.366112849675119,7.022997447000020,51.782912221000103,1,05221222701610551292
05,5,13,000,2022,12,16,3,3,5,3,0,0,1,0,0,0,0,368656.015999883005861,5710133.108999510295689,7.106585570000050,51.527016484000100,0,05221227700000081313
05,5,12,000,2022,12,11,5,2,6,4,0,0,1,1,0,0,0,353286.300800573022570,5711720.670432450249791,6.884513022000020,51.537497897999998,0,05221229701400875421
05,5,62,012,2022,12,18,5,3,5,3,2,0,1,0,0,0,0,357091.441999825008679,5729922.639999389648438,6.931916789000070,51.702031494000003,1,05221222701610186127
05,5,62,032,2022,12,19,6,3,5,3,2,0,1,0,0,0,0,375221.575999911001418,5719097.953999560326338,7.197997732000030,51.609074116999999,1,05221223701110581135
05,5,54,008,2022,12,20,1,3,6,7,2,0,0,1,0,0,1,335430.584789583983365,5743257.105808249674737,6.612414562000030,51.815889120000101,1,05221225705000091737
05,5,15,000,2022,12,13,3,3,6,7,0,0,1,1,0,0,0,406494.542999978002626,5751177.593999659642577,7.640840610000050,51.903494839000103,0,05221227702100145123
05,5,62,012,2022,12,23,4,3,9,1,2,0,1,0,0,0,0,361438.027999848010950,5736274.858999449759722,6.992247217000060,51.760201635000001,1,05221228701610889575
05,5,66,076,2022,12,13,3,3,3,6,0,0,1,0,1,0,0,393970.076315925980452,5792080.094041040167212,7.446138591000020,52.268865237999997,0,05221227709500800952
05,5,70,040,2022,12,16,5,3,9,1,0,0,1,0,0,0,0,411287.311999986006413,5749549.650999659672379,7.710905791000070,51.889645311000002,1,05221222711232402946
05,5,58,012,2022,12,14,6,3,6,4,0,0,1,1,0,0,0,373876.968078138015699,5755956.206464840099216,7.165202009000040,51.940009494000002,1,05221223706200058239
05,5,62,016,2022,12,14,5,1,4,6,0,0,1,0,0,1,0,381164.834037391003221,5733312.679874540306628,7.278948807000060,51.738113474999999,0,05221229701700889937
05,5,66,056,2022,12,12,7,3,6,6,0,1,0,1,0,0,0,417531.883115392993204,5796521.772369979880750,7.790252773000080,52.312827932000097,1,05221231709700591793
05,5,62,012,2022,12,07,5,3,5,3,1,0,1,0,0,0,1,361492.073999850021210,5726645.492999450303614,6.996857994000040,51.673686647000103,1,05221222701610570156
05,5,62,012,2022,12,19,6,3,5,3,2,1,1,0,0,0,0,359308.925999837985728,5725794.448999419808388,6.965648676000060,51.665496833000098,1,05221223701610089935
05,5,62,004,2022,05,15,2,3,2,2,0,0,1,0,0,0,0,382451.953219390998129,5717171.056172009557486,7.303011040000060,51.593311870000001,0,05220509701800786228
05,5,12,000,2022,12,08,5,3,1,6,1,0,1,0,0,0,0,357172.516174983989913,5720769.287524079903960,6.936829458000030,51.619803451999999,1,05221222702340987397
05,5,66,060,2022,12,15,3,3,5,2,0,0,1,0,0,0,0,389094.592999951972160,5788862.422999650239944,7.375775997000060,52.238986528000098,0,05221227709500902281
05,5,70,052,2022,12,06,5,3,0,1,2,1,0,0,0,0,0,428988.148177227005363,5756264.379682299681008,7.966682826000070,51.952544391000103,1,05221222711112351245
05,5,62,016,2022,12,07,1,3,8,1,2,0,1,0,0,0,0,377381.501818578981329,5737436.659710180014372,7.222729238000060,51.774360764000100,1,05221225701700485012
05,5,54,028,2022,12,21,6,3,5,3,2,0,1,0,0,0,0,355629.127071860013530,5745672.680194700136781,6.904222741000070,51.843176163000102,1,05221230705000282365
05,5,58,024,2022,12,07,4,3,5,3,2,0,1,0,0,0,0,393775.252999959979206,5736265.101999640464783,7.460604056000020,51.767182222000002,1,05221228706300420602
05,5,62,014,2022,12,20,2,3,1,6,2,0,1,0,0,0,0,360270.601999843027443,5713648.887999430298805,6.984386234000060,51.556597087000100,1,05221226701300285473
05,5,62,024,2022,12,14,4,3,5,3,0,0,1,0,0,0,1,368171.341999882017262,5724150.673999509774148,7.094337547000070,51.652874146999999,1,05221228701500665424
05,5,66,076,2022,12,19,5,3,8,1,2,0,0,0,1,0,0,397448.271400061028544,5790371.747065190225840,7.497611056000040,52.254171190000100,0,05221222709500676678
05,5,54,004,2022,12,18,6,3,9,1,2,1,0,0,0,0,0,358594.184676594974007,5776231.151509550400078,6.934640716000050,52.118508179000102,1,05221230705000830800
05,5,54,064,2022,12,15,6,3,6,5,0,0,1,1,0,0,0,361562.663365545973647,5751220.405356659553945,6.988075241000050,51.894528536000102,1,05221223705000191795
05,5,13,000,2022,12,13,1,3,2,6,0,0,1,0,0,0,0,368946.118916901992634,5710826.345245679840446,7.110507185000070,51.533313851999999,1,05221225700000475349
05,5,12,000,2022,12,05,5,3,5,2,2,0,1,0,0,0,0,355713.480999813997187,5709820.088999370113015,6.920264479000020,51.521045352000002,1,05221222701400181320
05,5,70,032,2022,12,13,6,3,5,3,0,1,1,0,0,0,0,421599.319636996020563,5765745.596702880226076,7.857019075000040,52.036780237000102,0,05221230711151093885
05,5,15,000,2022,12,07,4,3,5,2,2,1,1,0,0,0,0,401172.597999972000252,5761889.685999659821391,7.560428108000050,51.998858659000099,1,05221228702100772452
05,5,66,060,2022,12,18,5,2,9,7,2,1,0,0,0,0,0,387821.337620977021288,5788103.332171400077641,7.357389177000070,52.231906670999997,1,05221222709500576614
05,5,70,012,2022,12,12,6,3,8,1,0,0,1,0,0,0,0,439773.503525360021740,5755122.181191249750555,8.123802659000029,51.943548652000104,0,05221230711131687268
05,5,54,020,2022,12,15,6,3,0,7,0,1,0,0,0,0,0,365724.561285255011171,5782493.039854709990323,7.036243816000020,52.176551737000104,1,05221223705000320896
05,5,12,000,2022,03,08,2,3,0,1,0,1,0,0,0,0,0,353526.158999799983576,5711700.715999330393970,6.887977345000020,51.537380882999997,1,05220314701400394220
05,5,13,000,2022,12,17,5,3,6,2,2,0,1,1,0,0,0,368764.153999883972574,5716205.039999520406127,7.105877733000060,51.581608443000100,1,05221222700000489578
05,5,15,000,2022,12,05,5,2,5,3,2,0,0,0,0,0,1,405946.015999978000764,5756806.164999660104513,7.631331492000070,51.953994937000097,1,05221229702100565384
05,5,15,000,2022,12,06,5,3,0,7,2,1,0,0,0,0,0,405037.162999974971171,5757841.947999659925699,7.617823722000030,51.963150523000103,1,05221222702100579229
05,5,54,020,2022,12,18,7,3,5,3,2,1,1,0,0,0,0,367243.882662478019483,5785457.844022819772363,7.057288490000080,52.203559628000100,1,05221231705000270528
05,5,62,008,2022,12,18,6,3,5,3,2,1,1,0,0,0,0,385077.670999941008631,5723733.062999609857798,7.338747126000040,51.652831376000101,1,05221223701910885435
05,5,66,068,2022,12,12,1,2,7,2,0,1,1,0,0,0,0,370513.546999892976601,5785602.070999549701810,7.105051879000030,52.205633390999999,1,05221225709300687307
05,5,54,056,2022,12,10,4,3,5,2,0,1,1,0,0,0,0,356836.322999824013095,5762419.263999390415847,6.914772279000030,51.993957442000102,1,05221228705000511647
05,5,62,014,2022,12,17,7,3,0,1,2,0,0,0,0,0,1,361297.976008245022967,5714973.615993550047278,6.998673763000060,51.568754824000102,0,05221231701300878098
05,5,70,020,2022,12,08,5,3,4,2,1,0,1,0,0,0,0,432986.722999996971339,5742931.433999660424888,8.027449208000061,51.833179770000100,1,05221222711422697001
05,5,15,000,2022,12,12,6,3,6,4,0,0,1,1,0,0,0,406577.554999977990519,5757183.774999660439789,7.640416133000030,51.957495531000099,0,05221230702100296679
05,5,58,004,2022,12,14,6,3,3,7,0,1,1,0,0,0,0,404870.024359390023164,5738820.383978740312159,7.620634635000040,51.792146075000097,1,05221223706300995161
05,5,70,020,2022,12,02,5,3,9,1,2,0,1,0,0,0,0,439639.962853135017212,5749970.021011830307543,8.122763416000049,51.897216130000103,1,05221222711422296534
05,5,58,032,2022,12,05,3,3,8,1,2,0,1,0,0,0,0,389010.527974371972959,5758012.810456450097263,7.384595124000040,51.961717771000103,0,05221227706000868276
05,5,62,032,2022,12,20,6,3,5,2,2,0,1,0,0,0,0,374293.848999906971585,5714788.021999560296535,7.186150749000030,51.570134069000098,1,05221223701120980911
05,5,54,004,2022,12,16,3,3,2,1,0,0,1,0,0,0,0,357050.842169975978322,5777224.678925099782646,6.911697562000030,52.127037965000099,0,05221227705000020910
05,5,58,012,2022,12,12,6,3,2,6,0,0,1,0,0,0,0,373211.867999905021861,5754867.239999559707940,7.155933089000030,51.930072460000098,0,05221230706200696587