ULAND,UREGBEZ,UKREIS,UGEMEINDE,UJAHR,UMONAT,USTUNDE,UWOCHENTAG,UKATEGORIE,UART,UTYP1,ULICHTVERH,IstRad,IstPKW,IstFuss,IstKrad,IstGkfz,IstSonstige,LINREFX,LINREFY,XGCSWGS84,YGCSWGS84,STRZUSTAND,UIDENTSTLAE
05,5,62,028,2022,04,08,5,3,6,6,0,1,0,1,0,0,0,378897.008639361010864,5723410.246833929792047,7.249558489000040,51.648632671000001,0,05220421701920455220
05,5,70,028,2022,12,07,5,3,6,2,2,0,1,1,0,0,0,441096.698999998974614,5742363.432999660260975,8.145229297000069,51.828987535000103,1,05221222711411080981
05,5,15,000,2022,12,17,5,3,6,4,2,1,0,1,0,0,0,407390.308113105013035,5756874.194288260303438,7.652324086000020,51.954848810000001,1,05221222702100518365
05,5,15,000,2022,12,22,3,2,5,2,2,1,1,0,0,0,0,405512.333062021993101,5751885.089224009774625,7.626373979000050,51.909688458000097,0,05221227702100139947
05,5,54,024,2022,12,14,6,3,5,3,0,0,1,0,1,0,0,369453.726999888021965,5776253.512999540194869,7.093146490000040,52.121379914999999,0,05221230705000091108
05,5,62,032,2022,12,09,6,2,3,6,0,0,1,0,0,1,0,373519.462720421026461,5719346.337650069966912,7.173340207000020,51.610926556000003,1,05221223702340091864
05,5,15,000,2022,12,07,7,3,4,6,2,1,0,0,0,0,0,405933.542260700021870,5756172.521301910281181,7.631323466000030,51.948297343000000,1,05221224702100776765
05,5,12,000,2022,12,17,2,3,2,6,2,0,1,0,0,0,0,356333.032999817980453,5714122.483999379910529,6.927432254000050,51.559863661000101,0,05221226702340739209
05,5,13,000,2022,12,11,7,3,5,3,0,1,0,0,0,0,0,364960.057684192026500,5715401.449538320302963,7.051316025000060,51.573488445000102,1,05221224700000089259
05,5,66,048,2022,12,14,5,3,2,6,0,0,1,0,0,1,0,426163.508520126983058,5791424.277696589939296,7.917963601000050,52.268235765000000,0,05221229702350042451
05,5,12,000,2022,12,11,2,2,5,3,0,0,1,0,0,0,0,356499.352994401007891,5709618.369878600351512,6.931666164000030,51.519432942000002,1,05221226701400349493
05,5,62,024,2022,12,12,6,3,0,1,0,1,1,0,0,0,0,373597.185999903012998,5725672.156999549828470,7.172177256000050,51.667793765000098,1,05221223701500475302
05,5,66,036,2022,12,13,2,3,0,1,0,0,0,0,1,0,0,387877.128999947977718,5768625.905999629758298,7.364632045000060,52.056873293000102,1,05221226709300287329
05,5,70,040,2022,12,23,5,3,8,1,2,0,1,0,0,0,0,414431.609830106026493,5749995.799249930307269,7.756473404000080,51.894147304000100,1,05221222711232090683
05,5,66,024,2022,12,09,7,3,9,1,0,0,1,0,0,0,0,380467.757179513981100,5776498.342072039842606,7.253854786000030,52.126071322000001,1,05221231709300296690
05,5,70,052,2022,12,12,5,3,0,6,0,1,0,0,0,0,0,427572.772811201983131,5761495.318231440149248,7.944986940000040,51.999385238000102,1,05221222711111296688
05,5,62,014,2022,12,18,5,3,6,2,2,0,1,1,0,0,0,360821.242964066972490,5716341.092938140034676,6.991257737000070,51.580925616000101,1,05221229701300676691
05,5,58,004,2022,12,08,6,2,2,6,0,0,1,0,0,1,1,406054.727565868000966,5738423.663917809724808,7.637914760000060,51.788780293999999,1,05221223702330657492
05,5,62,012,2022,12,14,3,3,2,6,0,0,1,0,0,0,0,361559.460999849019572,5728610.358999449759722,6.997052722000030,51.691359445000003,0,05221227701610595207
05,5,70,008,2022,12,17,4,3,4,2,2,0,1,0,0,0,0,434218.196999996027444,5735169.714999659918249,8.046791253000039,51.763548156000098,1,05221228711313896537
05,5,62,004,2022,12,13,5,3,0,1,0,1,0,0,0,0,0,384602.363751196011435,5716525.487226010300219,7.334253583000020,51.587954237000098,0,05221222701800980500
05,5,62,032,2022,12,06,3,3,6,2,2,0,1,1,0,0,0,375221.575999911001418,5719097.953999560326338,7.197997732000030,51.609074116999999,0,05221227701110391012
05,5,15,000,2022,12,11,6,3,0,2,0,1,1,0,0,0,0,407431.470999980985653,5758068.622999659739435,7.652601026000070,51.965591824000100,1,05221223702100396748
05,5,54,004,2022,12,13,6,3,2,6,0,0,1,0,0,0,0,364882.868999867991079,5772977.059999500401318,7.027723075000040,52.090841261999998,1,05221223705000987233
05,5,15,000,2022,12,06,5,3,5,2,2,1,1,0,0,0,0,404599.123999977018684,5755714.818999660201371,7.612040675000060,51.943956066000098,1,05221229702100574469
05,5,66,008,2022,12,16,3,3,3,2,2,1,1,0,0,0,0,399225.847999971010722,5780803.726999660022557,7.526491692000040,52.168505607000000,0,05221227709110606884
05,5,62,004,2022,12,12,7,3,5,3,0,0,1,0,0,0,1,383513.179759800026659,5713251.288322290405631,7.319624333000040,51.558302462000000,0,05221231701800077639
05,5,54,040,2022,12,19,5,3,5,3,2,0,1,0,0,0,0,346309.956999751972035,5739620.383999180048704,6.771731941000040,51.786312624000097,1,05221222705000591746
05,5,15,000,2022,12,13,3,3,5,3,0,1,1,0,0,0,0,408600.865999982983340,5756449.564999659545720,7.670048161000070,51.951232264000097,0,05221227702100096666
05,5,66,084,2022,12,13,7,3,5,3,0,1,1,0,0,0,0,386000.802999945008196,5779275.090999630279839,7.333713286000030,52.152194680999997,1,05221224709300176628
05,5,62,004,2022,03,17,5,3,5,2,0,0,1,0,0,0,0,380312.314054892980494,5715749.224050349555910,7.272621801000070,51.580082638000100,0,05220317701800492224
05,5,62,014,2022,12,06,5,3,5,3,2,1,0,0,0,0,0,359210.243020260997582,5715954.769670199602842,6.968176982000050,51.577054025000102,1,05221222701300663432
05,5,54,048,2022,12,15,6,2,5,3,1,0,1,0,0,0,0,341582.227958349976689,5740056.145728680305183,6.703046766000060,51.788909008000097,1,05221223705000095078
05,5,58,044,2022,12,18,5,3,7,7,2,0,1,0,0,0,0,398681.987353208998684,5747116.893307900056243,7.528511712000070,51.865630637000002,1,05221229706000576729
05,5,70,008,2022,12,17,2,3,6,2,2,0,1,1,0,0,0,432782.739999995974358,5739246.308999660424888,8.025204478000029,51.800026217000003,1,05221226711314153522
05,5,66,044,2022,12,00,7,3,8,1,2,0,1,0,0,0,0,423122.270585499005392,5775370.179949950426817,7.877047827000070,52.123509927999997,1,05221231709800524120
05,5,66,012,2022,12,18,5,2,2,5,2,0,1,0,0,0,0,408281.167387989989948,5769829.811507680453360,7.661814125000030,52.071447890999998,1,05221229709110479197
05,5,66,028,2022,12,18,6,3,5,3,2,1,1,0,0,0,0,412361.321377796004526,5792051.220207160338759,7.715587422000060,52.271844502000100,1,05221230709700776747
05,5,54,040,2022,12,17,4,3,2,6,2,0,1,0,0,0,0,351653.419039254018571,5737260.872399929910898,6.850152077000080,51.766554747000001,1,05221228705000078089
05,5,66,076,2022,12,18,6,3,5,2,2,1,1,0,0,0,0,393651.217999960994348,5794099.024999660439789,7.440830852000030,52.286948205999998,1,05221230709500374669
05,5,12,000,2022,12,14,5,3,2,6,0,0,1,0,0,0,0,354948.715212760027498,5712568.721376419998705,6.908116834000050,51.545547812000102,0,05221229702340580972
05,5,58,016,2022,12,18,2,3,2,6,2,0,1,0,0,0,0,379471.706999925023410,5745869.619999590329826,7.250076312000030,51.850602245000097,1,05221226706000907182
05,5,15,000,2022,12,18,7,3,0,7,2,0,1,1,0,0,0,408964.218999981996603,5756241.442999660037458,7.675388919000060,51.949421125000100,0,05221224702100326999
05,5,62,032,2022,12,15,5,3,0,7,0,1,0,0,0,0,1,376000.718196026980877,5714389.704179850406945,7.210907187000030,51.566932263000098,0,05221229701120165420
05,5,62,032,2022,12,22,5,2,2,6,2,0,1,0,0,0,0,374330.157564484979957,5717880.035414050333202,7.185567581000040,51.597930361000103,1,05221222702340847653
05,5,58,008,2022,12,12,6,3,8,1,0,0,0,0,0,0,1,383788.383799906005152,5758520.987780690193176,7.308452061000030,51.965217838000100,0,05221230706200084916
05,5,62,012,2022,12,11,4,2,5,3,0,0,1,0,0,0,0,359567.110999837983400,5725210.768999420106411,6.969613959000070,51.660316569000003,1,05221228701610189699
05,5,58,036,2022,12,02,5,2,9,7,2,0,1,0,0,0,0,390222.932492877996992,5729000.867018089629710,7.411436562000060,51.701206722000101,1,05221229706300876253
05,5,58,012,2022,12,12,5,3,0,1,0,0,1,1,0,0,0,374010.265494945982937,5755965.032674009911716,7.167136871000030,51.940119008000103,0,05221222706000895562
05,5,62,014,2022,01,12,5,3,5,3,0,1,1,0,0,0,0,361249.048999846971128,5713214.307999449782073,6.998662609000060,51.552933395000103,1,05220106701300695069
05,5,66,008,2022,01,12,7,3,0,7,0,1,0,0,0,0,0,399958.655501988017932,5780686.563911479897797,7.537237464000040,52.167585897999999,1,05220108709110579617
05,5,62,004,2022,01,10,2,3,4,6,0,0,1,0,0,0,1,383653.246999936003704,5717789.223999599926174,7.320140512000020,51.599117165000102,0,05220110701800767134
05,5,62,012,2022,01,11,4,2,0,1,0,0,1,0,0,0,0,359165.242999834998045,5725526.433999420143664,6.963680485000050,51.663052514000100,0,05220105701610095218
05,5,54,008,2022,01,21,3,3,5,3,2,0,1,0,0,0,0,333303.266999633982778,5743182.174998720176518,6.581616808000040,51.814585633000000,1,05220104705000786931
05,5,54,048,2022,01,21,6,3,4,6,2,1,0,0,0,0,0,341459.860593982972205,5744572.607033560052514,6.699207940000060,51.829450247000104,1,05220107705000674659
05,5,62,004,2022,01,09,5,3,0,1,0,1,0,0,0,0,0,385014.901999939000234,5714598.794999600388110,7.340836681000040,51.570721792000001,2,05220106701800510778
05,5,54,064,2022,01,02,7,2,0,7,2,1,0,0,0,0,0,361349.663149071973749,5750885.605420639738441,6.985116356000050,51.891467225000000,2,05220108705000996572
05,5,62,008,2022,01,07,2,3,5,5,2,1,1,0,0,0,0,384648.168999938003253,5722728.094999610446393,7.332872741000070,51.643711068000101,2,05220110701910716782
05,5,15,000,2022,01,17,1,3,1,5,2,1,1,0,0,0,0,406978.868573818996083,5757141.050414130091667,7.646266282000060,51.957178780000000,1,05220102702100970629
05,5,62,012,2022,01,16,1,2,5,3,0,0,1,0,0,0,1,358622.749999832012691,5728010.664999409578741,6.954836422000030,51.685238929000000,1,05220102701610691324
05,5,54,012,2022,01,16,2,3,5,3,1,1,1,0,0,0,0,351759.198999790998641,5745594.627999300137162,6.848120124000050,51.841460918000102,0,05220110705000191736
05,5,70,008,2022,01,05,3,3,5,3,2,1,1,0,0,0,0,433237.551999996008817,5736129.150999659672379,8.032399007000040,51.772057443999998,1,05220104711313076703
05,5,66,032,2022,01,10,5,3,5,7,0,0,1,0,0,0,1,419640.532999990973622,5773668.974999680183828,7.826603044000020,52.107722772000002,1,05220106709800591839
05,5,13,000,2022,01,18,6,3,5,3,2,0,1,0,0,0,0,367682.098999876994640,5709254.023999510332942,7.092884366000020,51.518889043000101,1,05220107700000248338
05,5,70,052,2022,01,17,5,3,5,3,2,1,1,0,0,0,0,429857.417999994999263,5756060.281999669969082,7.979371338000020,51.950819949000000,0,05220106711112087219
05,5,62,028,2022,01,12,7,3,6,2,0,0,1,1,0,0,0,379182.403650177991949,5723422.304862289689481,7.253677401000060,51.648802439000100,1,05220108701920270163
05,5,13,000,2022,01,09,3,3,5,5,0,1,1,0,0,0,0,367788.021394176990725,5707852.639663089998066,7.094935695000060,51.506319979000097,1,05220104700000463446
05,5,70,004,2022,01,15,2,3,5,3,0,0,1,0,0,0,1,424619.983040747989435,5734830.989920919761062,7.907807698000060,51.759293206999999,0,05220110711213091706
05,5,15,000,2022,01,10,3,3,5,3,0,1,1,0,0,0,0,405964.394033099000808,5757126.971242499537766,7.631511045000020,51.956881598999999,0,05220104702100297729
05,5,13,000,2022,01,18,3,3,6,4,2,1,0,1,0,0,0,367760.501179872022476,5707856.121746880002320,7.094538082000040,51.506344832000103,0,05220111700000591624
05,5,15,000,2022,01,18,1,3,6,2,2,0,1,1,0,0,0,407063.107764581975061,5759177.865771840326488,7.646940553000040,51.975500785000101,1,05220109702100070583
05,5,15,000,2022,01,06,5,3,8,1,2,0,1,0,0,0,0,412941.656522119010333,5754378.338007600046694,7.733718472000020,51.933310731000098,2,05220106702100370512
05,5,54,008,2022,01,09,3,3,5,3,0,1,1,0,0,0,0,334120.274999646004289,5745269.585998759604990,6.592458414000020,51.833580492000102,0,05220104705000885882
05,5,62,024,2022,01,09,3,3,6,2,0,0,1,1,0,0,0,370345.827999890025239,5727864.818999540060759,7.124374319000030,51.686757571000001,2,05220111701500789514
05,5,54,024,2022,01,07,5,3,0,1,2,1,0,0,0,0,0,369537.956965946999844,5775794.916383000090718,7.094551868000050,52.117278941999999,2,05220106705000455357
05,5,62,028,2022,01,20,7,3,1,5,2,1,1,0,0,0,0,379795.685815843986347,5722499.219049329869449,7.262854671000070,51.640637779000002,0,05220101701920689586
05,5,15,000,2022,01,09,5,3,0,1,0,1,0,0,0,0,0,410664.086999984981958,5753469.314999659545720,7.700835835000020,51.924778809000003,0,05220106702100568953
05,5,66,024,2022,01,12,6,3,5,3,0,0,0,0,1,0,1,384447.498999936971813,5771220.836999620310962,7.313753842000040,52.079489242000101,1,05220107709300072411
05,5,15,000,2022,01,17,5,3,6,4,2,0,1,1,0,0,0,405631.611788307025563,5758149.195986440405250,7.626388747000020,51.966013421000099,0,05220106702100774771
05,5,15,000,2022,01,11,5,2,0,4,0,1,0,1,0,0,0,408958.317336548003368,5756858.310214829631150,7.675139648000030,51.954964948000097,2,05220106702100376673
05,5,15,000,2022,01,13,2,3,3,6,0,0,1,0,0,0,1,400849.310999970999546,5756463.780999650247395,7.557288057000050,51.950032219000001,0,05220103702100966481
05,5,66,060,2022,01,01,7,3,8,7,2,0,1,0,0,0,0,389027.270999950007536,5789110.780999650247395,7.374708932000030,52.241204947000000,0,05220101709500472447
05,5,54,012,2022,01,07,2,3,0,1,2,1,0,0,0,0,0,351630.180999788979534,5745882.838999290019274,6.846125080000040,51.844016184000097,2,05220110705000921129
05,5,13,000,2022,01,09,5,3,0,1,0,0,0,0,1,0,0,365316.722329236974474,5713700.644963230006397,7.057111433000050,51.558289569000102,2,05220106700000091718
05,5,66,008,2022,01,17,4,3,5,3,2,1,1,0,0,0,0,399955.057999970973469,5781250.499999670311809,7.537018609000030,52.172653770000103,1,05220105709110242542
05,5,54,008,2022,01,21,7,3,2,6,2,0,1,0,1,0,0,336570.577999666973483,5745090.446998859755695,6.628073025000050,51.832693454999998,0,05220108705000285682
05,5,70,052,2022,01,11,3,2,0,3,0,1,1,0,0,0,0,430955.268458622973412,5755805.929467489942908,7.995394332000050,51.948670782000100,0,05220104711113360674
05,5,15,000,2022,01,14,2,3,5,3,0,1,1,0,0,0,0,401336.575999971013516,5758347.575999660417438,7.563834652000030,51.967050786000101,0,05220103702100970511
05,5,66,008,2022,01,11,4,3,0,1,0,1,0,0,0,0,0,398334.999339418020099,5781686.777264250442386,7.513205922000050,52.176278779000000,1,05220105709110070592
05,5,62,024,2022,01,18,2,3,6,4,2,0,1,1,0,0,0,368496.649784584995359,5724244.856370589695871,7.099001856000030,51.653796710999998,0,05220110701500881307
05,5,62,014,2022,01,07,3,3,5,3,2,0,1,0,0,0,0,362189.718999852018896,5714165.653999449685216,7.011849122000060,51.561712958000001,2,05220111701300480909
05,5,54,008,2022,01,21,1,3,1,5,2,1,1,0,0,0,0,337011.161979014985263,5745388.867534520104527,6.634320985000040,51.835503052000000,1,05220109705000974671
05,5,54,008,2022,01,07,7,3,0,1,1,1,0,0,0,0,0,335124.885406624001916,5745654.087752670049667,6.606842138000050,51.837332029999999,2,05220108705000768371
05,5,62,024,2022,01,03,3,3,9,1,2,0,0,0,0,0,1,368847.378074307984207,5723993.819014740176499,7.104163103000080,51.651622682999999,1,05220104701500981307
05,5,66,048,2022,01,06,5,3,0,7,2,0,0,0,1,0,0,428873.180046360008419,5795972.797449770383537,7.956705068000080,52.309479688000103,2,05220106709700681515
05,5,13,000,2022,01,21,3,3,5,3,2,0,1,0,0,0,0,368758.769131085020490,5709997.566462320275605,7.108116459000030,51.525822283000103,0,05220111700000469502
05,5,15,000,2022,01,18,1,3,5,2,2,0,1,0,0,0,1,401275.377999973017722,5758744.139999659731984,7.562830109000060,51.970604307000002,1,05220102702100576731
05,5,66,016,2022,01,05,3,3,0,1,2,1,0,0,0,0,0,397854.123352489026729,5799313.013320550322533,7.500843367000070,52.334605714000098,2,05220111709500311903
05,5,58,016,2022,01,09,5,3,0,5,0,1,0,0,0,0,1,381215.478958356019575,5743502.442010669969022,7.276194172000030,51.829701903999997,2,05220106706000105114
05,5,54,008,2022,01,18,2,3,0,7,2,0,0,1,1,0,0,334869.117405621975195,5746023.910488399676979,6.602956661000060,51.840578710000003,1,05220103705000674671
05,5,62,032,2022,01,13,7,3,5,3,0,0,1,0,0,0,0,376141.312999913003296,5717693.120999570004642,7.211769385000030,51.596651700000102,1,05220108701110881498
05,5,13,000,2022,01,18,2,3,5,3,2,0,1,0,0,0,0,368388.280999883019831,5709691.717999509535730,7.102893161000050,51.522987475000001,0,05220110700000691011
05,5,12,000,2022,01,15,7,3,2,6,0,0,1,0,0,0,0,356938.250999822979793,5708825.300999389961362,6.938309656000060,51.512417852000098,1,05220108701400589520
05,5,66,060,2022,01,08,4,2,5,2,1,1,1,0,0,0,0,388538.841032623022329,5789033.622326640412211,7.367584045000060,52.240412842000097,1,05220105709500091793
05,5,15,000,2022,01,08,5,3,0,1,0,1,0,0,0,0,0,404092.167999974975828,5758023.710999660193920,7.604023026000050,51.964622050999999,2,05220106702100072345
05,5,66,076,2022,01,15,6,3,0,5,0,1,1,0,0,0,0,393985.840999962005299,5793231.940999659709632,7.446007465000040,52.279220189999997,0,05220107709500174704
05,5,66,008,2022,01,05,3,3,5,3,2,1,1,0,0,0,0,399793.119999971997458,5780657.876999669708312,7.534826400000040,52.167298035999998,0,05220125709110074663
05,5,54,048,2022,02,04,1,3,8,1,2,0,1,0,0,0,0,342357.442999719001818,5744586.578999060206115,6.712216380000030,51.829829765000099,1,05220206705000274659
05,5,13,000,2022,01,07,2,3,6,2,1,0,1,1,0,0,0,366163.462999872979708,5708638.518999489955604,7.071243044000030,51.512999968000003,1,05220131700000967104
05,5,66,008,2022,02,20,4,2,0,7,2,1,0,0,0,0,0,399927.499890957027674,5781365.442813590168953,7.536581858000030,52.173681850999998,0,05220202709110079238
05,5,13,000,2022,01,12,4,3,6,7,0,0,1,1,0,0,0,364974.868999866012018,5718930.874999489635229,7.050171823000030,51.605208759999996,0,05220112700000891116
05,5,58,016,2022,01,11,6,3,0,1,0,0,0,0,0,0,1,381125.806659765017685,5743972.056846669875085,7.274732172000030,51.833903321999998,1,05220114706100185357
05,5,54,012,2022,02,09,7,3,4,7,0,0,1,0,0,0,0,354090.415999806020409,5745889.319999339990318,6.881810849000030,51.844722732000001,1,05220205705000791840
05,5,66,068,2022,01,13,7,3,2,6,0,0,1,0,0,0,0,376101.207298348017503,5786021.110330009832978,7.186624855000050,52.210683336999999,0,05220115709300842435
05,5,66,084,2022,01,11,6,3,5,3,0,0,1,0,0,1,0,384801.178999939991627,5779226.788999630138278,7.316203336000060,52.151511648000103,1,05220114709300079125
05,5,54,004,2022,02,13,4,2,7,1,0,1,0,0,0,0,0,357075.597567728022113,5770752.418382570147514,6.914773450000040,52.068892134000102,0,05220202705000290507
05,5,58,016,2022,01,13,3,3,5,3,0,1,0,0,0,0,0,383606.721675375010818,5742345.970025589689612,7.311268336000070,51.819811678000100,0,05220125706100336378
05,5,54,008,2022,01,08,5,3,5,3,0,0,1,0,1,0,0,333303.266999633982778,5743182.174998720176518,6.581616808000040,51.814585633000000,1,05220127705000965869
05,5,66,036,2022,02,08,5,2,8,1,0,0,1,0,0,0,0,387292.731736083980650,5768679.701360230334103,7.356094354000050,52.057238200000000,0,05220203709300274703
05,5,54,040,2022,01,07,6,3,5,3,2,1,1,0,0,0,0,349663.744999776012264,5737404.825999259948730,6.821277638000030,51.767317466000101,2,05220121705000291737
05,5,15,000,2022,01,15,6,3,6,4,0,0,0,1,0,0,1,407112.836860507028177,5761618.788597189821303,7.647003248000030,51.997449264000103,1,05220114702100055355
05,5,54,012,2022,02,08,2,3,5,3,0,1,1,0,0,0,0,352040.881692437978927,5746638.561850340105593,6.851759297000060,51.850915234000098,1,05220207705000096519
05,5,62,024,2022,01,18,2,3,0,1,2,1,0,0,0,0,0,370083.268999889027327,5728144.472999529913068,7.120474134000060,51.689210020000097,1,05220117701500548689
05,5,66,008,2022,01,12,3,3,1,5,0,1,1,0,0,0,0,399132.373010180017445,5781787.843388100154698,7.524832810000020,52.177333485000098,1,05220118709110942542
05,5,13,000,2022,01,10,4,2,1,5,0,0,0,0,1,0,1,367712.738830460992176,5706552.600092790089548,7.094339074000060,51.494619233999998,1,05220112700000073492
05,5,54,012,2022,02,16,4,3,3,2,0,0,1,0,0,0,1,353734.301508428005036,5746767.324500939808786,6.876273496000070,51.852518439000100,0,05220209705000491736
05,5,15,000,2022,01,12,6,3,9,1,0,0,1,0,0,0,0,404567.887222116987687,5752729.382956479676068,7.612414378000040,51.917116342000000,1,05220121702100970512
05,5,62,032,2022,01,10,6,2,5,2,0,0,1,0,0,0,1,377452.163999916985631,5715564.356999569572508,7.231428461000060,51.577806561999999,0,05220128701110973555
05,5,13,000,2022,01,11,5,3,6,7,0,0,0,1,0,0,1,367921.818999880983029,5708231.491999509744346,7.096720562000030,51.509755917000099,0,05220120700000075351
05,5,66,012,2022,01,15,2,3,5,3,0,1,1,0,0,0,0,404565.982502433995251,5772455.114053140394390,7.606891612000030,52.094416807000101,0,05220117709110779088
05,5,54,068,2022,01,12,5,3,5,3,0,1,1,0,0,0,0,352357.799999796028715,5767584.136999309994280,6.847362990000020,52.039189235999999,1,05220127705000496621
05,5,54,012,2022,02,18,5,3,2,6,2,0,1,0,0,0,1,352440.415779334027320,5745951.398530360311270,6.857849055000030,51.844846892000099,1,05220203705000796572
05,5,66,028,2022,01,14,3,3,0,7,0,1,0,0,0,0,1,413020.673103872977663,5794436.767731170170009,7.724632578000070,52.293391210999999,0,05220125709700638468
05,5,70,044,2022,02,17,5,2,4,6,2,1,0,0,0,0,0,415511.059999988006894,5759670.116999669931829,7.769780106000040,51.981274280000001,1,05220203711142090988
05,5,62,004,2022,01,09,4,3,6,4,0,0,1,1,0,0,0,382514.661999932024628,5714868.016999590210617,7.304686564000060,51.572626022000101,0,05220112701800879368
05,5,62,032,2022,01,14,5,3,1,7,0,0,1,0,0,0,1,376867.153354856010992,5718460.360113569535315,7.221974036000060,51.603706196000097,0,05220113701110177673
05,5,54,068,2022,01,07,4,3,4,2,2,1,1,0,0,0,0,350176.264999783015810,5767409.105999260209501,6.815657510000050,52.037031544999998,0,05220119705000820819
05,5,66,076,2022,01,15,4,3,5,2,0,0,1,0,0,0,0,395155.130999962973874,5794202.646999659948051,7.462838669000060,52.288168466000101,1,05220112709500511931
05,5,54,008,2022,01,10,7,3,5,2,0,1,1,0,0,0,0,335882.709008705976885,5745827.009187310002744,6.617749616000030,51.839108649000103,1,05220122705000377675
05,5,13,000,2022,01,12,6,3,6,4,0,0,1,1,0,0,0,365062.463999866973609,5715842.219999490305781,7.052623550000020,51.577473910999998,0,05220114700000675938
05,5,62,012,2022,02,21,3,3,5,3,2,1,1,0,0,0,0,359233.489999837998766,5725535.155999420210719,6.964663079000050,51.663147987000102,1,05220208701610047422
05,5,13,000,2022,01,10,2,3,5,3,0,0,1,0,0,0,0,367608.523999877972528,5709460.562999510206282,7.091746956000070,51.520727907999998,1,05220131700000945213
05,5,62,014,2022,01,15,7,3,5,3,0,0,1,0,0,0,0,362511.379093007009942,5712323.831852920353413,7.017206625000030,51.545240378000102,0,05220115701300170109
05,5,54,008,2022,01,07,3,3,2,2,2,1,1,0,0,0,0,335890.360999660973903,5746263.356998830102384,6.617653580000020,51.843030795000097,0,05220118705000374659
05,5,54,068,2022,01,13,5,3,5,3,0,1,1,0,0,0,0,351553.959911011974327,5767154.775323850102723,6.835838315000050,52.035117028000101,0,05220127705000065800
05,5,66,068,2022,01,12,2,2,5,3,0,1,1,0,0,0,0,376795.330999916011933,5785605.039999590255320,7.196929950000030,52.207100078000103,0,05220117709300170597
05,5,70,004,2022,01,12,5,3,8,7,0,0,1,0,0,0,0,422354.539320457028225,5734497.993907299824059,7.875064466000030,51.755990177999998,0,05220120711215374480
05,5,62,032,2022,01,12,3,3,0,1,0,0,0,0,1,0,0,378254.137999920989387,5717564.096999569796026,7.242302836000020,51.595952734999997,0,05220118701110071194
05,5,54,008,2022,01,11,6,3,0,7,0,0,0,0,0,0,1,327461.747999573999550,5748249.689998409710824,6.494429032000030,51.858332713000003,0,05220128705000580974
05,5,58,016,2022,01,17,5,3,3,1,2,0,1,0,1,0,0,381828.303221517009661,5743035.075181270018220,7.285242742000040,51.825631562000098,1,05220127706100382422
05,5,66,076,2022,01,15,6,3,0,3,0,1,0,0,0,0,1,393418.262044442002662,5792939.607246560044587,7.437783442000070,52.276483177999999,0,05220114709500516765
05,5,70,004,2022,02,14,7,3,0,4,0,0,1,1,0,0,0,424675.047660661977716,5734722.478526059538126,7.908628901000040,51.758325132000003,0,05220205711213686957
05,5,13,000,2022,01,15,2,3,5,3,0,1,1,0,0,0,0,366795.783999875013251,5707085.670999499969184,7.080936608000060,51.499194472000099,1,05220131700000691624
05,5,12,000,2022,01,07,5,3,6,4,2,0,1,1,0,0,0,355861.725999813992530,5709401.737999370321631,6.922570868000040,51.517323990000101,0,05220127701400990525
05,5,13,000,2022,01,11,2,3,5,3,0,1,1,0,0,0,0,368025.521999881020747,5708305.684999509714544,7.098186291000050,51.510446902000098,1,05220117700000977988
05,5,15,000,2022,02,06,3,3,5,3,2,1,1,0,0,0,0,404258.494999976013787,5757634.262999660335481,7.606551776000060,51.961150224999997,1,05220208702100597729
05,5,62,028,2022,01,14,2,3,5,3,0,0,1,0,0,0,0,380551.740999930014368,5721851.586999589577317,7.273996557000030,51.634978316000101,1,05220131701920073490
05,5,54,048,2022,01,10,6,3,5,3,0,1,1,0,0,0,0,341300.481999712006655,5745463.549999030306935,6.696488438000070,51.837409178000001,0,05220121705000374716
05,5,15,000,2022,02,15,7,3,3,6,0,1,0,0,0,0,0,407127.400848201999906,5756668.073780209757388,7.648555062000070,51.952952246000102,0,05220205702100176723
05,5,66,076,2022,01,14,6,3,5,3,0,0,1,0,0,0,1,393750.640999961004127,5794752.218999659642577,7.442081931000080,52.292837814000102,0,05220128709500074673
05,5,15,000,2022,01,12,4,3,1,5,0,1,1,0,0,0,0,405749.689922742021736,5758422.396125580184162,7.628031946000020,51.968489094000098,0,05220126702100276680
05,5,70,052,2022,01,09,2,3,6,2,0,0,1,1,0,0,0,430147.031862046977039,5756052.503777660429478,7.983586306000060,51.950786475000001,1,05220131711100287306
05,5,62,032,2022,01,15,6,3,5,2,0,1,1,0,0,0,0,379756.910999924002681,5719209.219999589957297,7.263424134000050,51.611060961000099,1,05220121701110081809
05,5,54,008,2022,01,13,5,3,0,1,0,1,0,0,0,0,0,335462.714999657007866,5745377.797998810186982,6.611872500000060,51.834949633000100,0,05220113705000864132
05,5,54,008,2022,02,07,4,3,5,2,2,1,1,0,0,0,0,337160.874999672989361,5746424.483998879790306,6.636004503000040,51.844850226000098,1,05220202705000981024
05,5,12,000,2022,02,13,3,2,5,3,0,0,1,0,1,0,0,358609.885999831021763,5708794.181999409571290,6.962395906000040,51.512559010000103,0,05220208701400245421