ULAND,UREGBEZ,UKREIS,UGEMEINDE,UJAHR,UMONAT,USTUNDE,UWOCHENTAG,UKATEGORIE,UART,UTYP1,ULICHTVERH,IstRad,IstPKW,IstFuss,IstKrad,IstGkfz,IstSonstige,LINREFX,LINREFY,XGCSWGS84,YGCSWGS84,STRZUSTAND,UIDENTSTLAE
05,5,15,000,2022,01,10,7,3,0,1,0,1,0,0,0,0,0,404977.039058704976924,5755755.441455489955842,7.617525890000020,51.944385876000098,1,05220122702100770512
05,5,62,032,2022,01,17,4,3,1,5,1,0,0,0,0,0,1,375619.361970620986540,5720067.065909559838474,7.203395437000040,51.617871665999999,0,05220126701110485655
05,5,66,076,2022,01,08,5,3,0,7,0,0,1,1,0,0,0,394094.162999961001333,5795031.014999659731984,7.447029283000060,52.295409733000000,1,05220127709500376743
05,5,54,056,2022,02,20,5,3,0,3,2,1,1,0,0,0,0,356787.397999839973636,5761570.954648599959910,6.914414451000030,51.986322759000103,0,05220203705000587378
05,5,62,024,2022,01,07,5,2,5,3,2,1,1,0,0,0,0,369631.371923097001854,5725068.859770770184696,7.115088390000040,51.661466011000101,1,05220120701500361481
05,5,54,056,2022,01,12,7,3,5,3,0,0,1,0,0,0,0,356534.726999822014477,5762230.385999379679561,6.910461618000060,51.992182550000102,1,05220129705000021108
05,5,12,000,2022,02,12,3,2,5,3,0,0,1,0,0,0,0,358413.357999830972403,5712186.405999409966171,6.958202068000050,51.542992233000099,1,05220201701400579393
05,5,54,004,2022,01,09,6,3,0,7,0,0,0,0,1,0,0,363943.494970887026284,5770641.154501180164516,7.014951769000050,52.069622012000103,2,05220121705000989749
05,5,70,048,2022,01,17,6,3,6,2,2,0,1,1,0,0,0,448647.907016141980421,5729133.578444319777191,8.256753616000029,51.710789081000001,1,05220114711321384994
05,5,66,076,2022,01,13,3,2,2,6,0,0,1,0,0,1,0,393225.920999958005268,5797047.076999659650028,7.433663394000060,52.313360288000098,0,05220125709110070592
05,5,15,000,2022,02,08,7,3,2,2,0,1,0,0,0,0,0,404902.170991978025995,5758234.195954279974103,7.615750918000060,51.966653124000104,0,05220205702100469524
05,5,66,076,2022,01,05,2,3,1,5,2,0,1,0,1,0,0,395137.050300783012062,5793741.645223350264132,7.462717122000070,52.284021864000103,1,05220131709500379086
05,5,54,004,2022,01,13,1,1,0,1,0,1,0,0,0,0,0,364546.817193528986536,5771128.793787109665573,7.023554953000030,52.074151567000101,0,05220123705000490507
05,5,13,000,2022,01,15,4,3,5,3,0,0,1,0,0,0,1,367043.912823926017154,5708842.514974149875343,7.083846860000050,51.515041093999997,0,05220126700000689618
05,5,62,014,2022,01,10,6,3,6,7,0,0,1,1,0,0,0,360646.054707269009668,5715602.214854589663446,6.989024115000060,51.574242723000097,1,05220128701300889520
05,5,54,012,2022,01,03,1,3,9,1,2,0,1,0,0,0,0,352233.056999793974683,5748349.217999310232699,6.853815902000060,51.866336150000102,0,05220116705000091737
05,5,66,060,2022,02,07,4,3,8,6,2,0,1,0,1,0,0,389879.163999954005703,5788724.260999649763107,7.387306207000050,52.237902366000100,1,05220202709500900365
05,5,66,096,2022,01,08,4,3,6,1,0,0,1,1,0,0,0,385222.061316378996707,5785695.404093509539962,7.320162904000030,52.209731558999998,1,05220112709300974703
05,5,54,068,2022,02,09,3,3,5,3,0,1,1,0,0,0,0,350574.348999785026535,5766884.701999270357192,6.821685892000060,52.032427499000100,1,05220201705000087239
05,5,62,020,2022,01,09,5,3,5,2,0,0,1,0,1,0,0,367392.274075302004348,5718969.597574169747531,7.085044492000070,51.606131192000099,0,05220113701200085438
05,5,15,000,2022,01,18,3,3,5,3,2,0,1,0,0,0,0,405310.331999977002852,5760213.322999659925699,7.621144197000040,51.984511969000003,0,05220118702100068249
05,5,58,012,2022,01,13,2,3,0,3,0,0,0,0,0,1,1,373643.055999905976932,5754148.046999559737742,7.162465037000060,51.923707520999997,1,05220117706200520577
05,5,62,014,2022,01,06,7,3,0,1,2,1,0,0,0,0,0,358415.849114365002606,5716487.641897640191019,6.956505593000030,51.581643388000003,1,05220129701300262806
05,5,62,016,2022,02,15,6,3,5,3,0,1,1,0,0,0,0,375034.072999909985811,5734012.401999560184777,7.189954252000060,51.743068363000098,1,05220204701700195097
05,5,13,000,2022,02,18,1,3,5,3,2,0,1,0,0,0,0,369093.505999884975608,5710123.780999519862235,7.112892072000020,51.527034242000099,1,05220206700000591754
05,5,66,008,2022,02,13,4,3,5,3,0,1,1,0,0,0,0,399633.281999969971366,5781453.065999659709632,7.532254942000070,52.174415947000099,0,05220209709110942391
05,5,62,032,2022,01,07,6,3,0,1,2,1,0,0,0,0,0,379867.741257235000376,5718401.004320739768445,7.265300908000030,51.603820833999997,2,05220121701110570161
05,5,54,048,2022,01,18,2,3,5,3,2,0,1,0,0,0,1,341823.857999715022743,5745312.784999050199986,6.704147529000070,51.836203175999998,0,05220131705000274659
05,5,70,020,2022,01,14,7,3,5,3,0,1,1,0,0,0,0,436225.405685741978232,5746872.003240589983761,8.073717757000050,51.868984742000102,0,05220115711422074654
05,5,15,000,2022,02,06,4,3,6,4,1,0,1,1,0,0,0,403803.157574952987488,5761693.520501069724560,7.598788721000060,51.997557458000102,1,05220202702100576680
05,5,54,008,2022,01,10,7,3,5,2,0,1,1,0,0,0,0,335553.478006456978619,5745360.141217100434005,6.613197010000020,51.834817743000002,0,05220115705000091732
05,5,62,020,2022,01,17,5,3,6,4,1,0,1,1,0,0,0,367059.412999877997208,5718808.749999499879777,7.080301609000060,51.604607248999997,0,05220120701200771187
05,5,62,032,2022,01,15,5,3,5,3,0,0,1,0,0,0,0,375286.738999911991414,5716406.583999560214579,7.199895055000070,51.584900851000000,0,05220113701110375292
05,5,66,076,2022,01,08,4,3,5,3,2,1,1,0,0,0,0,393554.487999960023444,5793283.940999659709632,7.439670662000030,52.279604166000098,1,05220112709500560909
05,5,13,000,2022,02,01,1,3,5,3,2,0,1,0,0,0,0,368793.633999884012155,5709987.680999520234764,7.108622434000040,51.525741546000098,1,05220206700000195111
05,5,62,024,2022,01,07,2,3,5,2,2,1,1,0,0,0,0,368865.168999883986544,5725925.521999520249665,7.103695419000080,51.668986185000101,1,05220131701500386129
05,5,66,060,2022,01,06,7,2,8,1,2,0,1,0,0,0,0,388264.146347764006350,5787811.997100739739835,7.363966544000050,52.229378494000102,1,05220115709500555136
05,5,54,020,2022,02,16,4,3,5,3,0,1,1,0,0,0,0,366454.945995674002916,5786237.000445010140538,7.045443401000060,52.210370095000002,0,05220209705000920966
05,5,15,000,2022,01,07,6,3,5,2,1,1,1,0,0,0,0,403648.381999976991210,5754924.047999650239944,7.598434619000050,51.936684485999997,1,05220114702100555885
05,5,13,000,2022,02,12,3,3,5,3,0,0,1,0,0,0,0,367913.072999880008865,5709184.212999509647489,7.096237612000040,51.518315728000097,1,05220201700000391784
05,5,15,000,2022,01,19,2,3,5,2,2,1,1,0,0,0,0,407925.166999981971458,5758290.443999660201371,7.659725499000050,51.967667665000100,1,05220131702100991748
05,5,70,004,2022,01,14,3,2,0,1,0,0,0,0,0,0,1,423840.394370699010324,5734914.978202319703996,7.896495963000060,51.759942750999997,1,05220118711213502909
05,5,54,020,2022,01,14,5,3,0,7,0,0,0,0,1,0,1,367994.189043639984448,5786930.126283099874854,7.067687379000060,52.216969043000098,1,05220127705000587381
05,5,15,000,2022,01,12,6,3,5,3,0,1,1,0,0,0,0,405880.195153255015612,5758846.143252680078149,7.629814897000070,51.972320029000102,1,05220121702100765384
05,5,13,000,2022,01,19,6,3,3,2,2,0,1,0,0,0,0,369607.955999889003579,5708421.268999519757926,7.120933883000020,51.511853035999998,1,05220114700000645213
05,5,13,000,2022,02,08,4,2,5,3,0,1,1,0,0,0,0,366637.857999873987865,5708390.022999499924481,7.078169543000060,51.510879000999999,0,05220202700000491804
05,5,54,012,2022,01,15,7,2,5,3,0,0,1,0,0,0,0,353810.673433706979267,5747536.498105550184846,6.877056217000070,51.859449472999998,1,05220115705000078089
05,5,54,068,2022,02,08,3,3,5,2,0,1,0,0,0,0,0,350978.388999787974171,5767781.138999279588461,6.827180763000060,52.040590184999999,1,05220201705000887233
05,5,62,032,2022,02,15,4,3,5,3,0,1,1,0,0,0,0,376021.519136142975185,5716600.245630259625614,7.210426853000060,51.586803461999999,0,05220209701110095166
05,5,15,000,2022,01,07,6,3,0,7,2,1,0,0,0,0,1,406145.364820331975352,5755926.507219140417874,7.634471728000050,51.946121830000003,2,05220121702100070512
05,5,54,056,2022,01,07,5,3,5,3,2,0,1,0,0,0,1,356534.726999822014477,5762230.385999379679561,6.910461618000060,51.992182550000102,1,05220120705000091108
05,5,66,076,2022,02,06,2,3,5,3,2,1,1,0,0,0,0,392975.724771274020895,5792662.854684179648757,7.431387431000080,52.273909984000099,1,05220207709500391793
05,5,54,004,2022,01,16,4,3,6,4,2,0,1,1,0,0,0,363128.947571696015075,5771918.511003159917891,7.002563040000040,52.080898854000097,1,05220119705000110935
05,5,70,028,2022,01,13,4,3,0,7,0,0,0,0,0,1,1,441044.590652176004369,5742349.200533580034971,8.144475646000050,51.828854085000003,0,05220112711412987326
05,5,66,076,2022,01,14,5,3,0,7,0,1,1,0,0,0,0,395128.056011147971731,5792502.936998999677598,7.462970591000040,52.272887513999997,0,05220127709500306918
05,5,70,052,2022,01,16,6,3,5,3,1,1,1,0,0,0,0,430344.145450168987736,5755183.516251860186458,7.986630062000070,51.942999319000101,1,05220114711111387231
05,5,62,012,2022,02,07,5,3,5,2,1,1,0,0,0,1,0,363490.905999862006865,5732006.737999469973147,7.023648707000060,51.722352469999997,0,05220203701620795121
05,5,15,000,2022,01,11,2,3,5,2,0,1,1,0,0,0,0,405474.683017140021548,5758478.278999409638345,7.624014629000040,51.968944692999997,1,05220117702100955964
05,5,66,084,2022,01,07,3,3,0,3,1,1,1,0,0,0,0,385820.048999943013769,5777765.388999629765749,7.331579746000050,52.138589766999999,0,05220125709300874736
05,5,15,000,2022,01,17,4,2,7,1,2,1,0,0,0,0,0,404529.567808079998940,5757706.674771529622376,7.610475661000070,51.961847702000100,1,05220112702100461625
05,5,66,068,2022,01,14,1,3,8,1,0,0,1,0,0,0,0,374180.284699364972766,5782046.842473519966006,7.160001478000030,52.174535259999999,0,05220116709300774736
05,5,58,016,2022,01,17,5,3,5,3,2,1,1,0,0,0,0,381211.478999930026475,5743856.440999600104988,7.276014649000050,51.832882494000003,1,05220120706000323116
05,5,66,012,2022,01,13,6,3,6,4,0,0,1,1,0,0,0,405909.761084321013186,5772394.999641500413418,7.626518018000070,52.094106613000100,0,05220121709110072339
05,5,58,016,2022,02,14,7,3,5,7,0,1,0,0,0,0,0,380693.534434013999999,5743723.566984809935093,7.268547191000040,51.831577950000103,0,05220205706000523552
05,5,12,000,2022,02,07,3,2,6,4,2,0,1,1,0,0,0,356020.368926704977639,5709496.846489340066910,6.924816881000030,51.518219072000100,1,05220208701400362605
05,5,13,000,2022,01,10,2,3,2,6,0,0,1,0,0,0,0,365206.420999867026694,5715829.304999480023980,7.054704759000060,51.577392293999999,1,05220131700000675474
05,5,15,000,2022,01,18,5,3,5,3,2,1,0,0,1,0,0,405206.140786159026902,5757580.893606870435178,7.620354460000040,51.960832898000000,0,05220113702100872348
05,5,54,008,2022,01,09,5,3,1,7,0,0,1,1,0,0,0,335855.334999659971800,5746239.080998829565942,6.617157110000050,51.842802419000101,1,05220113705000686007
05,5,66,008,2022,01,11,1,2,2,7,0,0,1,0,0,0,0,399636.695999972987920,5780691.788999659940600,7.532530031000020,52.167574405000003,0,05220116709110070516
05,5,62,032,2022,01,12,2,3,6,4,0,1,0,1,0,0,0,376258.083172696002293,5715418.683522569946945,7.214256155000040,51.576236491000003,0,05220124701120977986
05,5,54,008,2022,01,19,3,3,6,2,2,0,1,1,0,0,0,333508.049999637994915,5745418.913998729549348,6.583509389000030,51.834739801000097,0,05220118705000585882
05,5,54,056,2022,02,17,2,3,3,6,1,1,1,0,0,0,0,356743.634632000990678,5762346.417398310266435,6.913453647000040,51.993279014000102,0,05220207705000030800
05,5,62,012,2022,01,06,7,3,8,1,2,0,1,0,0,0,0,359390.986844837025274,5722431.719216099940240,6.968186363000030,51.635300442000101,1,05220129701610673455
05,5,54,044,2022,02,05,4,3,0,7,2,0,0,0,0,0,1,366646.401956466026604,5743737.338290750049055,7.064799684000040,51.828525033000098,1,05220202705000887251
05,5,62,032,2022,01,12,7,2,6,7,0,0,1,1,0,0,0,380920.923999927996192,5718378.592999589629471,7.280508977000070,51.603843097000002,1,05220129701110669227
05,5,70,004,2022,01,07,4,3,1,5,2,1,1,0,0,0,0,423411.524208021000959,5736529.132461469620466,7.889927255000030,51.774394905000101,0,05220119711211079615
05,5,70,004,2022,01,10,4,3,4,6,0,1,0,0,0,0,1,423507.771749772015028,5734993.790805329568684,7.891660095000080,51.760605910999999,0,05220126711216891769
05,5,58,016,2022,01,07,2,3,8,1,2,1,0,0,0,0,0,382481.513597120996565,5746501.314729290083051,7.293539059000070,51.856921176000100,1,05220117706100865809
05,5,58,016,2022,01,18,2,3,0,1,2,0,0,0,1,0,0,381097.471999930974562,5743701.392999599687755,7.274414139000040,51.831464799000102,1,05220131706100981081
05,5,15,000,2022,01,17,6,3,5,3,2,1,1,0,0,0,0,407610.380233909003437,5751437.016978019848466,7.656985596000030,51.906012856000103,1,05220121702100060729
05,5,15,000,2022,02,08,4,3,5,3,0,1,1,0,0,0,0,405760.889999979001004,5756891.033999660052359,7.628615105000050,51.954726438000101,0,05220202702100891700
05,5,54,012,2022,02,07,3,3,5,3,1,1,1,0,0,0,0,352590.783999798004515,5746066.101999309845269,6.859981443000040,51.845917211000000,1,05220208705000501295
05,5,62,004,2022,01,09,7,3,5,3,0,0,1,0,0,0,0,384337.286999938020017,5717372.431999599561095,7.330149836000030,51.595512026999998,1,05220129701800080945
05,5,66,028,2022,01,16,4,3,1,5,1,0,1,0,0,0,0,412353.796527346014045,5792828.129889880307019,7.715275251000040,52.278826380000098,1,05220119709700045589
05,5,15,000,2022,02,14,6,3,1,5,0,1,1,0,0,0,0,405188.631673485971987,5758812.258440840058029,7.619759703000060,51.971897910999999,1,05220204702100591740
05,5,54,008,2022,02,16,5,3,4,2,0,1,1,0,0,0,0,336672.192999667022377,5744280.243998860009015,6.629928716000050,51.825444698000098,1,05220203705000686007
05,5,66,080,2022,01,12,4,1,5,3,0,1,1,0,0,0,0,406222.188999979000073,5781255.514999669976532,7.628633611000050,52.173799556000098,1,05220112709110287267
05,5,62,004,2022,01,12,6,3,3,5,0,0,1,0,0,0,1,383102.902574643027037,5712007.344931440427899,7.314122096000060,51.547037332000102,0,05220128701800486112
05,5,13,000,2022,01,07,2,3,6,2,1,0,1,1,0,0,0,368206.582999880018178,5707077.538999520242214,7.101252855000040,51.499452089000002,1,05220131700000491784
05,5,62,024,2022,02,07,3,3,6,4,1,0,1,1,0,0,0,371482.416999897977803,5725539.166999540291727,7.141663164000020,51.666118888000000,0,05220208701500185348
05,5,62,032,2022,02,09,5,3,5,3,0,1,1,0,0,0,0,374661.852999906986952,5719898.979999559931457,7.189632317000080,51.616148668000100,0,05220203701110661481
05,5,70,052,2022,01,14,4,3,7,5,0,1,1,0,0,0,0,430177.711999996972736,5756466.108999669551849,7.983948609000040,51.954508480000101,0,05220112711112902956
05,5,70,020,2022,02,15,4,3,0,1,0,1,0,0,0,0,0,433282.488252436975017,5743635.531201199628413,8.031605145000070,51.839544960000097,0,05220202711422996595
05,5,62,028,2022,02,12,7,3,5,3,0,0,1,0,0,0,0,380750.668999927991536,5722200.301999590359628,7.276750818000040,51.638154579999998,0,05220205701920649479
05,5,62,012,2022,01,12,2,3,0,7,0,0,1,0,0,0,0,359911.227182687027380,5726132.875209369696677,6.974216211000050,51.668688353999997,1,05220117701610591324
05,5,15,000,2022,01,08,4,3,5,3,1,1,1,0,0,0,0,402275.594999975000974,5758735.956999659538269,7.577388081000040,51.970707521000101,1,05220112702100579100
05,5,62,020,2022,02,08,3,3,1,5,0,1,1,0,0,0,0,367415.331000318983570,5718909.860890139825642,7.085399838000060,51.605599795000003,0,05220201701200573555
05,5,66,028,2022,02,14,1,3,3,6,0,1,1,0,0,0,0,412972.312225287023466,5792336.150732289999723,7.724466029000040,52.274502593000101,1,05220220709700847179
05,5,54,008,2022,02,18,7,3,2,6,2,0,1,0,0,0,0,335670.990053993009496,5744330.990016570314765,6.615389582000030,51.825607025000103,0,05220212705000041533
05,5,70,052,2022,02,05,5,3,0,6,2,1,0,0,0,0,0,430141.178731537016574,5756353.279617399908602,7.983440008000060,51.953489599000100,0,05220224711111479136
05,5,62,032,2022,03,14,6,3,1,5,0,1,1,0,0,0,0,375376.020596368005499,5715668.739198979921639,7.201444936000030,51.578289468000001,0,05220304701120081594
05,5,66,076,2022,03,15,5,3,6,4,0,0,1,1,0,0,0,395829.547709160018712,5794158.131757619790733,7.472736429000070,52.287896653000097,0,05220303709500076614
05,5,58,044,2022,02,15,5,3,6,4,0,0,1,1,0,0,0,395973.704102358024102,5746207.393203020095825,7.489466492000080,51.856957594000100,0,05220224706300174662
05,5,58,012,2022,02,07,4,3,0,3,1,1,0,0,0,0,0,372866.646999901975505,5755868.054999560117722,7.150545004000040,51.938987416000003,2,05220223706200441017
05,5,66,044,2022,02,10,5,3,9,1,0,0,1,0,0,0,0,426753.954834321979433,5774744.911049629561603,7.930220131000060,52.118382434000097,0,05220224709800987328
05,5,62,004,2022,03,20,5,3,8,1,2,0,1,0,0,0,0,382547.092015172995161,5717813.382615439593792,7.304168826000020,51.599104711000102,0,05220303701800291003
05,5,13,000,2022,02,12,6,3,2,6,0,0,1,0,0,0,0,367871.693104524980299,5708622.749818259850144,7.095852032000040,51.513260330999998,1,05220218700000985471
05,5,62,014,2022,03,07,6,3,5,2,0,0,1,0,0,0,0,361516.075999849010259,5715878.457999450154603,7.001461982000020,51.576939467999999,0,05220304701300347191
05,5,54,008,2022,02,10,4,2,0,7,0,1,0,0,0,0,0,334716.622102783003356,5743781.539743890054524,6.601815868000070,51.820389636000101,1,05220223705000180892
05,5,66,028,2022,02,18,5,2,9,7,2,0,1,0,0,0,0,413054.501553783018608,5790583.299505209550261,7.726122019000060,52.258760401000103,0,05220217709700042796
05,5,54,004,2022,02,20,4,3,6,7,2,1,0,1,0,0,0,362227.466405967017636,5772115.775231529958546,6.989336274000040,52.082447739000003,1,05220216705000889359
05,5,13,000,2022,03,15,7,3,0,7,0,0,1,0,0,0,1,368398.103999882994685,5707958.405999509617686,7.103681816000060,51.507412881999997,0,05220305700000195088
05,5,15,000,2022,02,22,5,3,0,1,2,1,0,0,0,0,0,406238.157774481980596,5756127.579512280412018,7.635766552000060,51.947944815000000,1,05220224702100376645
05,5,54,008,2022,03,10,4,3,0,7,0,1,0,0,0,0,0,335713.380882912024390,5745002.581744969822466,6.615685429000050,51.831652688000098,0,05220302705000591855
05,5,15,000,2022,03,13,5,3,2,6,0,1,1,0,0,0,0,407674.533569974009879,5758044.005801660008729,7.656144535000070,51.965410973000097,0,05220303702100668372
05,5,66,076,2022,03,14,7,3,5,3,0,0,1,0,0,0,0,395438.123999962990638,5794211.322999659925699,7.466983407000040,52.288300360000100,0,05220305709500011931
05,5,58,036,2022,02,16,5,3,5,3,0,1,1,0,0,0,0,387391.791258112993091,5730617.772204229608178,7.369962922000070,51.715178133000101,1,05220224706000768251
05,5,13,000,2022,03,07,6,3,5,3,0,0,1,0,0,0,0,363915.985999862023164,5712452.837999469600618,7.037400428000070,51.546740131000000,0,05220304700000069607
05,5,62,014,2022,02,15,7,3,5,3,0,0,1,0,0,0,0,360773.124999844992999,5715793.489999439567327,6.990780803000060,51.575992932000098,0,05220226701300279131
05,5,62,024,2022,03,07,6,3,5,2,0,1,1,0,0,0,0,371649.708999895025045,5724903.826999540440738,7.144314140000060,51.660447481000098,0,05220304701500081160
05,5,58,016,2022,02,08,2,3,5,3,0,1,1,0,0,0,0,388006.572999948984943,5746882.264999619685113,7.373608040000020,51.861481110000099,0,05220221706000779200
05,5,62,024,2022,03,18,7,3,8,1,1,0,0,0,1,0,0,370377.011999889975414,5727508.729999530129135,7.124957419000050,51.683564732999997,0,05220305701500386129
05,5,70,004,2022,02,07,3,3,1,3,0,0,1,0,0,0,1,423278.208276442019269,5735505.875302360393107,7.888221413000050,51.765177955000098,1,05220222711216090018
05,5,70,044,2022,02,21,3,3,0,7,2,0,1,1,0,0,0,416732.026896686991677,5759953.542315850034356,7.787485131000040,51.984006318000098,1,05220215711141487231
05,5,12,000,2022,02,18,7,3,0,7,1,0,0,0,0,0,1,356240.025089968985412,5709895.658839349634945,6.927817867000040,51.521858668000000,1,05220219701400589516
05,5,15,000,2022,02,12,2,3,5,3,0,1,1,0,0,0,0,407123.749999979976565,5756608.623999659903347,7.648518020000040,51.952417270000097,0,05220228702100076645
05,5,13,000,2022,02,16,5,3,5,7,1,0,1,0,1,0,0,369342.119769577984698,5714977.966946990229189,7.114671074000060,51.570715345000103,1,05220224700000289634
05,5,54,068,2022,03,16,6,3,5,2,0,1,1,0,0,0,0,350574.348999785026535,5766884.701999270357192,6.821685892000060,52.032427499000100,0,05220304705000189359
05,5,58,020,2022,02,17,1,3,0,3,0,1,1,0,0,0,0,390909.239801906980574,5759430.745673829689622,7.411767971000070,51.974837328000000,0,05220227706000051444
05,5,15,000,2022,02,11,6,3,1,6,0,0,1,0,0,0,0,407796.239853016973939,5754558.771065180189908,7.658850503000050,51.934103902000103,0,05220218702100091749
05,5,15,000,2022,02,23,7,3,0,6,2,0,0,0,0,0,1,405139.008999975980259,5757476.300999660044909,7.619406604000060,51.959881327000097,0,05220212702100045931
05,5,62,024,2022,03,12,5,3,6,2,0,0,1,1,0,0,0,368480.122999881976284,5724395.370999519713223,7.098706474000040,51.655145450000099,0,05220303701500947707
05,5,62,014,2022,02,14,1,3,5,3,0,1,1,0,0,0,0,360305.710999841976445,5715654.080999439582229,6.984095358000050,51.574624563000000,1,05220220701300065454
05,5,62,032,2022,03,13,7,3,6,4,0,0,1,1,0,0,0,378644.064853531017434,5716938.120937890373170,7.248146033000070,51.590410991000098,0,05220305701120667069
05,5,54,068,2022,02,15,2,3,0,3,0,1,1,0,0,0,0,350570.273980272992048,5766895.954849059693515,6.821621618000050,52.032527501000096,0,05220228705000690507
05,5,54,008,2022,02,17,2,3,5,3,0,1,1,0,0,0,0,333035.458999632974155,5744825.810998709872365,6.576942852000060,51.829270796000102,1,05220214705000220725
05,5,62,024,2022,02,21,6,3,6,4,2,0,1,1,0,0,0,368968.098999885027297,5724126.030999519862235,7.105857581000070,51.652838965000100,1,05220225701500081160
05,5,62,024,2022,03,14,6,3,6,7,0,0,1,1,0,0,0,371679.592830161971506,5725252.992066299542785,7.144617759000030,51.663592166999997,0,05220304701500747459
05,5,15,000,2022,03,14,4,3,5,3,0,1,1,0,0,0,0,406662.623999978008214,5751057.235999650321901,7.643315626000060,51.902441176000103,0,05220302702100842799
05,5,54,036,2022,02,06,4,3,5,3,1,1,1,0,0,0,0,369665.764915739011485,5766114.236670039594173,7.100114811000030,52.030319575000100,0,05220223705000402662
05,5,15,000,2022,02,15,4,3,5,3,0,1,1,0,0,0,0,401399.229999972973019,5758267.656999659724534,7.564769296000070,51.966343576000000,1,05220216702100391756
05,5,54,012,2022,03,14,7,3,2,6,0,1,0,0,0,0,0,351358.530896922980901,5745593.461122740060091,6.842308929000070,51.841343928000100,0,05220305705000896604
05,5,54,020,2022,02,08,2,3,5,3,0,1,1,0,0,0,0,365870.760999873979017,5783098.495999510399997,7.038141161000060,52.182027568000102,0,05220228705000196522
05,5,66,008,2022,02,13,5,3,2,6,0,0,1,0,0,0,0,398646.404999969003256,5782204.978999669663608,7.517603540000040,52.180993501000003,1,05220210709110376730
05,5,70,020,2022,03,06,3,3,5,2,2,1,1,0,0,0,0,433125.176322776009329,5743306.877096979878843,8.029385675000070,51.836571569000100,0,05220301711422102968
05,5,66,084,2022,02,16,1,3,3,6,0,0,1,0,1,0,0,386523.367999944020994,5778997.031999629922211,7.341440847000060,52.149803408000103,0,05220213709300148146
05,5,54,052,2022,02,19,1,1,6,7,2,0,1,1,0,0,0,374952.125016617006622,5773514.980485820211470,7.174420587000040,52.098041922999997,0,05220227705000087378
05,5,66,076,2022,03,12,6,3,3,3,0,1,1,0,0,0,0,394574.692021649971139,5793552.220714329741895,7.454535480000060,52.282211875000002,0,05220304709500660909
05,5,62,012,2022,02,14,4,3,5,3,0,0,1,0,1,0,0,356939.534999823023099,5727029.293999389745295,6.930906160000060,51.675994441999997,0,05220223701610051416
05,5,54,020,2022,02,18,6,3,5,2,2,1,1,0,0,0,0,366149.906193449976854,5786021.704701250419021,7.041066799000020,52.208361577000097,1,05220218705000051613
05,5,54,012,2022,02,22,2,3,5,3,2,1,0,0,0,0,1,352443.518398536019959,5745843.478070380166173,6.857940107000050,51.843878056000101,0,05220214705000221129
05,5,62,008,2022,02,10,2,3,6,2,0,0,1,1,0,0,0,384549.634999939007685,5723979.680999609641731,7.331036186000060,51.654939703000103,0,05220228701910077766
05,5,58,044,2022,02,13,6,3,4,3,0,1,0,0,0,0,1,395516.811999963014387,5753117.015999649651349,7.480741682000030,51.918975732000000,1,05220211706000011018
05,5,62,012,2022,02,17,1,3,5,3,0,0,1,0,0,0,0,358471.761999832000583,5726823.303999410010874,6.953135024000060,51.674531617000099,0,05220227701610978460
05,5,62,020,2022,02,19,5,3,1,5,2,1,1,0,0,0,0,367468.452715208986774,5718771.089654450304806,7.086218934000040,51.604365225999999,1,05220210701200878098
05,5,62,008,2022,02,19,2,3,4,6,2,1,1,0,0,0,0,385198.691911726025864,5723743.147014619782567,7.340492435000040,51.652946735000100,0,05220214701910353357
05,5,13,000,2022,02,14,7,3,2,6,0,0,1,0,0,0,0,366583.365999875008129,5712092.968999500386417,7.075982178000060,51.544143086000098,0,05220219700000773457
05,5,15,000,2022,03,14,7,3,3,6,0,1,0,0,0,0,0,408045.441623524005990,5757753.906617250293493,7.661619420000020,51.962864878000097,0,05220305702100024843
05,5,62,008,2022,02,14,3,3,6,7,0,0,1,1,0,0,0,386635.746999945025891,5724781.880999609827995,7.360919688000020,51.662574308000003,0,05220215701910049479
05,5,62,008,2022,02,19,7,3,8,7,2,0,1,0,0,0,0,384503.992999939015135,5723765.045999609865248,7.330447578000080,51.653001258000103,0,05220212701910169504
05,5,62,032,2022,02,04,5,3,8,1,2,0,1,0,0,0,0,376815.899887747014873,5719897.097269670106471,7.220729452000060,51.616607258999998,1,05220217701110885379
05,5,62,016,2022,02,12,7,2,5,3,0,1,1,0,0,0,0,375067.845184503006749,5735127.980117919854820,7.190042392000070,51.753101434000001,0,05220219701700269301
05,5,15,000,2022,02,14,2,3,5,3,0,1,1,0,0,0,0,404696.222455858020112,5756625.130657319910824,7.613200492000030,51.952154956000101,0,05220228702100069191
05,5,70,028,2022,02,13,3,3,5,3,0,1,1,0,0,0,0,440945.563999999023508,5742626.129999659955502,8.142991552000071,51.831333280000102,1,05220222711412376177
05,5,13,000,2022,02,08,4,3,2,6,0,0,1,0,0,0,0,365287.310999867971987,5710340.265999490395188,7.057973765000040,51.528084540000101,0,05220223700000571515
05,5,13,000,2022,02,14,2,2,6,4,0,0,1,1,0,0,0,365062.463999866973609,5715842.219999490305781,7.052623550000020,51.577473910999998,0,05220214700000489526