ULAND,UREGBEZ,UKREIS,UGEMEINDE,UJAHR,UMONAT,USTUNDE,UWOCHENTAG,UKATEGORIE,UART,UTYP1,ULICHTVERH,IstRad,IstPKW,IstFuss,IstKrad,IstGkfz,IstSonstige,LINREFX,LINREFY,XGCSWGS84,YGCSWGS84,STRZUSTAND,UIDENTSTLAE
05,5,66,028,2022,02,16,2,2,5,3,0,1,1,0,0,0,0,416279.260123368003406,5791794.180438829585910,7.773057029000030,52.270144641000101,0,05220228709700042796
05,5,54,008,2022,02,18,3,2,1,5,2,1,1,0,0,0,0,336195.045333491987549,5745239.225484269671142,6.622557385000050,51.833920010999996,1,05220222705000597146
05,5,12,000,2022,02,06,3,3,4,6,0,1,1,0,0,0,0,355531.447066154971253,5709562.850477269850671,6.917747975000050,51.518687340000000,0,05220215701400775428
05,5,62,032,2022,03,07,6,3,0,7,0,1,0,0,0,0,0,377479.442936382023618,5715905.848265290260315,7.231702798000070,51.580881583000100,0,05220304701120370599
05,5,62,024,2022,02,07,4,3,6,7,1,0,1,1,0,0,0,367575.939993041974958,5723895.376485330052674,7.085832488000050,51.650439988000102,0,05220223701500485012
05,5,54,008,2022,02,07,6,3,5,2,0,1,1,0,0,0,0,334943.666999652981758,5745667.863998790271580,6.604207667000030,51.837402262000097,0,05220211705000574659
05,5,66,012,2022,02,21,4,2,5,3,2,1,1,0,0,0,0,402739.363999974972103,5776039.069999669678509,7.579212419000040,52.126311445000098,1,05220216709110070516
05,5,54,020,2022,03,08,7,3,8,1,0,0,1,0,0,0,0,367644.887999881990254,5788950.858999529853463,7.061786704000040,52.235042467000000,2,05220305705000272427
05,5,62,032,2022,02,09,2,3,6,2,0,0,1,1,0,0,0,375905.660999913001433,5720194.075999570079148,7.207483692000040,51.619076316000097,0,05220228701110781129
05,5,66,068,2022,02,14,5,3,5,3,0,0,1,0,1,0,0,376479.121999917028006,5785517.379999590106308,7.192336779000070,52.206241574000003,0,05220210709300291780
05,5,66,012,2022,02,07,5,3,6,4,0,1,0,1,0,0,0,404572.968999976990744,5772459.365999669767916,7.606992375000060,52.094456229000102,0,05220224709110572339
05,5,15,000,2022,03,16,4,3,5,3,0,1,1,0,0,0,0,405427.146323757013306,5758230.964032620191574,7.623390986000060,51.966713638000002,0,05220302702100774771
05,5,62,032,2022,02,18,3,3,5,3,2,1,1,0,0,0,0,376199.599000048008747,5715288.204999580048025,7.213458588000040,51.575051008000102,1,05220215701120738825
05,5,62,014,2022,02,02,6,3,1,5,2,0,1,0,0,0,0,359878.307999840995762,5718216.739999430254102,6.976908823000030,51.597546517000097,1,05220211701300289520
05,5,54,068,2022,03,16,5,2,5,3,0,1,1,0,0,0,0,350597.306999785010703,5767461.154999270103872,6.821768514000040,52.037612770000102,0,05220303705000091758
05,5,62,008,2022,02,09,6,3,5,3,0,1,0,0,0,0,1,384300.440999938000459,5722383.601999600417912,7.327963402000020,51.640543440000002,1,05220225701910689484
05,5,70,008,2022,03,13,7,3,5,3,0,0,1,0,0,0,0,433615.880199226026889,5734721.731053629890084,8.038150313000070,51.759449666000101,0,05220305711312776733
05,5,54,008,2022,02,09,1,3,5,3,0,1,1,0,0,0,0,336412.897342464013491,5743735.346464360132813,6.626426934000050,51.820473755000101,0,05220213705000774671
05,5,66,012,2022,02,16,5,3,4,6,0,1,0,0,0,0,1,405246.222526220022701,5771497.017483510077000,7.617084651000030,52.085922146000001,1,05220210709110974663
05,5,70,052,2022,02,07,6,3,5,3,0,1,1,0,0,0,0,429842.260833764972631,5756039.622609609737992,7.979155045000030,51.950632317000000,1,05220211711111591695
05,5,15,000,2022,02,12,5,3,4,5,0,1,0,0,0,0,1,404616.652000489004422,5758694.195780349895358,7.611468406000030,51.970738851000100,0,05220210702100179199
05,5,62,032,2022,02,16,5,3,6,7,0,0,1,1,0,0,0,375327.011075631016865,5715562.633664580062032,7.200775679000060,51.577325041999998,0,05220217701120976672
05,5,15,000,2022,03,16,5,3,5,2,0,1,1,0,0,0,0,407070.903999981004745,5758343.935999659821391,7.647279789000040,51.968006316000100,0,05220303702100270583
05,5,15,000,2022,02,18,2,3,3,2,2,1,1,0,0,0,0,401958.616999973019119,5758594.217999660409987,7.572815734000070,51.969377717000000,1,05220214702100068134
05,5,54,020,2022,03,17,3,2,5,3,0,1,0,0,0,0,0,365798.713888600002974,5783186.948342929594219,7.037053018000050,52.182804825000098,0,05220301705000020789
05,5,15,000,2022,02,18,3,3,6,3,2,0,1,1,0,0,0,406117.152999978978187,5757036.969999659806490,7.633758038000050,51.956098437999998,1,05220222702100142442
05,5,66,008,2022,02,09,6,3,5,3,0,1,1,0,0,0,0,399882.700999970023986,5781429.269999659620225,7.535908132000030,52.174247387999998,1,05220218709110468373
05,5,66,076,2022,02,16,2,2,5,3,0,1,1,0,0,0,0,394963.115999963018112,5794105.558999660424888,7.460054844000070,52.287259242000097,1,05220221709500074673
05,5,66,012,2022,02,11,2,1,5,3,0,1,1,0,0,0,0,405120.834999978018459,5771581.606999670155346,7.615231682000060,52.086660975000001,0,05220214709000979088
05,5,66,076,2022,03,11,3,2,0,7,0,1,0,0,0,0,1,395072.272847237007227,5796030.093364479951560,7.461055051000070,52.304576386000100,0,05220301709500079091
05,5,70,004,2022,02,09,6,3,0,1,0,1,0,0,0,0,0,423721.515750425984152,5733982.284555960446596,7.894978516000040,51.751541971999998,1,05220211711215991757
05,5,62,032,2022,02,13,4,3,2,2,0,0,1,0,0,0,1,374490.858999908028636,5718739.651999560184777,7.187578929000040,51.605691625000098,0,05220223701110471520
05,5,13,000,2022,02,16,5,2,5,2,0,0,1,0,0,0,1,366163.462999872979708,5708638.518999489955604,7.071243044000030,51.512999968000003,0,05220217700000773461
05,5,62,004,2022,03,19,5,2,6,2,2,0,1,1,0,0,0,382814.717999934975524,5712798.466999590396881,7.309704313000050,51.554087953000099,0,05220303701800381346
05,5,15,000,2022,02,14,6,3,6,2,0,0,1,1,0,0,0,402280.270999973989092,5758436.091999650001526,7.577541482000070,51.968013087000003,0,05220218702100570511
05,5,15,000,2022,02,13,7,3,0,7,0,1,0,1,0,0,0,401739.413776464993134,5757480.941738749854267,7.569944419000020,51.959332648999997,1,05220219702100355964
05,5,15,000,2022,02,18,2,3,5,3,2,1,0,0,0,0,0,405989.473126743978355,5756511.710460060276091,7.632044238000050,51.951355589999999,0,05220214702100057472
05,5,15,000,2022,02,19,5,3,6,2,2,0,1,1,0,0,0,405019.896999977005180,5757700.723999660462141,7.617611551000040,51.961878196000001,1,05220224702100072348
05,5,15,000,2022,02,16,4,3,1,5,0,1,1,0,0,0,0,405773.183999979984947,5751639.817999649792910,7.630232041000060,51.907528018999997,0,05220223702100076118
05,5,62,004,2022,02,13,2,3,6,7,0,1,0,1,0,0,0,382686.432473087974358,5712210.122521449811757,7.308051002000070,51.548773412000102,0,05220228701800852947
05,5,54,016,2022,02,07,2,3,5,3,0,1,1,0,0,0,0,362723.227368256018963,5757469.378794549964368,7.002438953000020,51.950966460000103,2,05220228705000510935
05,5,62,024,2022,02,15,3,3,1,5,0,0,1,0,0,0,1,371012.797368373023346,5725448.932561879977584,7.134909743000040,51.665200372000101,0,05220215701500595161
05,5,66,028,2022,03,15,4,3,3,7,0,1,1,0,0,0,0,412384.207927073002793,5792233.589165910147130,7.715875377000030,52.273487332999999,0,05220302709700181515
05,5,54,008,2022,02,13,5,3,6,4,0,1,0,1,0,0,0,335378.985738425981253,5745843.742683749645948,6.610436694000040,51.839110722999997,0,05220224705000687244
05,5,70,008,2022,02,14,4,3,5,3,0,0,1,0,0,0,0,433621.589307888003532,5734729.828528439626098,8.038231474000041,51.759523140000098,0,05220223711313890683
05,5,66,028,2022,02,10,2,2,0,1,0,0,0,0,0,0,1,412504.378999986976851,5792625.117999680340290,7.717534580000060,52.277025642000098,1,05220221709700548432
05,5,66,076,2022,02,20,6,3,2,1,2,0,1,0,0,0,0,391699.885862966999412,5793248.587913040071726,7.412507589000030,52.278924185999998,0,05220225709500042537
05,5,66,008,2022,02,16,7,2,0,7,0,1,0,0,0,0,0,398206.758999967016280,5781193.186999659985304,7.511479271000040,52.171818915000102,0,05220219709110679617
05,5,66,008,2022,03,19,7,2,8,7,2,0,1,0,0,0,1,398960.801039994985331,5781991.115943090058863,7.522263953000050,52.179129041000103,0,05220305709110942437
05,5,58,004,2022,02,14,1,2,2,1,0,0,1,0,1,0,0,407579.231124078971334,5733055.182095889933407,7.661439702000050,51.740777697000098,0,05220227706000174760
05,5,54,020,2022,03,13,4,2,2,6,0,1,0,0,0,0,0,364596.295111584011465,5783961.400065559893847,7.019167399000030,52.189469670999998,0,05220302705000196748
05,5,54,008,2022,02,13,4,3,6,4,0,0,1,1,0,0,0,336044.952999662025832,5745393.423998840153217,6.620307936000070,51.835261211999999,0,05220223705000991776
05,5,15,000,2022,02,13,4,3,0,7,0,1,0,0,0,0,1,407242.791174536978360,5756945.649977469816804,7.650158741000040,51.955466506000100,1,05220216702100576673
05,5,66,068,2022,02,15,7,2,0,7,0,1,1,0,0,0,0,375259.132895209011622,5784862.622319050133228,7.174733805000070,52.200083107000097,0,05220212709300174703
05,5,15,000,2022,02,00,1,2,0,1,2,1,0,0,0,0,0,406388.425891018006951,5751559.245567210018635,7.639194922000060,51.906907520000097,0,05220227702100270512
05,5,66,076,2022,02,16,6,3,5,3,0,1,1,0,0,0,0,393345.648999960976653,5796551.873999659903347,7.435575989000030,52.308933107000001,0,05220211709500511931
05,5,58,012,2022,02,07,4,2,8,1,1,0,1,0,0,0,0,369350.013893303985242,5758106.743922269903123,7.098566413000070,51.958289926000099,2,05220223706000791074
05,5,13,000,2022,03,14,1,3,6,4,0,0,1,1,0,0,0,366690.108801633003168,5708288.725920110009611,7.078960354000060,51.509981009999997,0,05220306700000991804
05,5,66,076,2022,02,17,2,3,2,1,0,1,0,0,0,0,0,393092.256951136980206,5792921.680077419616282,7.433012656000070,52.276258763999998,0,05220228709500042537
05,5,54,012,2022,02,13,3,3,1,5,0,1,1,0,0,0,0,352694.167033051024191,5746608.247527820058167,6.861250212000070,51.850815632000000,0,05220215705000296604
05,5,12,000,2022,02,11,5,3,1,5,0,1,1,0,0,0,0,359077.394999835989438,5719875.571999420411885,6.964686361000080,51.612252800000100,0,05220224701400085663
05,5,12,000,2022,03,13,6,3,5,3,0,1,1,0,0,0,0,354343.498483558010776,5715861.155774709768593,6.898030864000020,51.574976372999998,0,05220304701400789553
05,5,66,076,2022,02,13,6,3,5,3,0,1,1,0,0,0,0,392943.996731652005110,5792298.120420699939132,7.431038358000020,52.270625879000100,0,05220211709500079091
05,5,13,000,2022,02,16,4,3,5,2,0,0,1,0,0,0,1,364886.354921294027008,5716277.398267369717360,7.049916151000050,51.581342409000101,0,05220223700000791843
05,5,54,008,2022,03,09,5,3,4,2,0,1,1,0,0,0,0,336876.995999670994934,5745478.623998870141804,6.632333133000030,51.836270216000102,0,05220303705000780993
05,5,62,032,2022,02,14,6,3,5,3,0,1,1,0,0,0,0,375469.159999913012143,5713940.731999560259283,7.203400859000060,51.562780119000102,0,05220218701120680857
05,5,62,020,2022,02,16,2,3,5,2,0,1,1,0,0,0,0,371420.194999895000365,5715772.837999540381134,7.144348662000030,51.578336507000103,0,05220214701200681594
05,5,62,028,2022,02,09,2,3,1,5,0,0,1,0,0,0,0,379103.527999921992887,5723281.497999579645693,7.252586555000050,51.647520009000097,0,05220221701920174176
05,5,66,008,2022,02,16,5,3,0,6,0,1,1,0,0,0,0,398632.286011143994983,5780977.616998399607837,7.517763887000060,52.169959773000102,1,05220224709110070592
05,5,15,000,2022,02,07,5,3,7,1,0,1,0,0,0,0,0,404113.065280948998407,5752864.879496379755437,7.605765633000030,51.918256111000098,1,05220217702100165912
05,5,58,012,2022,03,16,4,3,0,1,0,1,0,0,0,0,0,374081.276820004975889,5756264.342930139973760,7.168059756000050,51.942824818000098,0,05220302706000352435
05,5,66,076,2022,02,18,4,3,5,3,2,0,1,0,0,0,0,395058.289137860003393,5794513.280931429937482,7.461322654000070,52.290941732000100,1,05220216709500342537
05,5,54,028,2022,02,20,1,3,9,7,2,0,1,0,0,0,0,357131.115099242015276,5743418.226722659543157,6.926941764000050,51.823305496000003,1,05220220705000020713
05,5,66,004,2022,02,14,7,2,9,7,0,0,1,0,0,0,0,395815.928498097986449,5767801.880566850304604,7.480628963000070,52.051016795000102,0,05220212709110247851
05,5,66,084,2022,02,12,2,2,5,3,0,1,1,0,0,0,0,390028.693851158022881,5775762.275880410335958,7.393698302000080,52.121441116000000,0,05220228709300212303
05,5,15,000,2022,02,11,5,3,5,7,0,1,1,0,0,0,0,404474.239019174012356,5759495.369830969721079,7.609172914000060,51.977915623000101,1,05220210702100274776
05,5,66,044,2022,02,09,4,2,0,1,0,1,0,0,0,0,0,429130.908626582007855,5777999.067458719946444,7.964251775000040,52.147944782000103,1,05220223709800981039
05,5,66,080,2022,02,20,6,1,8,1,2,0,1,0,0,0,0,407387.584816633025184,5781293.204388430342078,7.645660380000040,52.174335153000101,1,05220218709110887267
05,5,66,076,2022,03,10,3,3,6,7,0,0,0,1,0,0,1,393082.071671071986202,5793190.841086620464921,7.432778083000070,52.278675778000000,0,05220301709500291846
05,5,54,008,2022,02,14,2,3,5,3,0,1,1,0,0,0,0,336676.872999668004923,5745887.277998859994113,6.629238203000060,51.839882880000097,1,05220221705000068371
05,5,70,052,2022,02,17,6,2,3,2,1,1,1,0,0,0,0,430388.662591384025291,5756775.500651059672236,7.986955148000050,51.957316240000097,1,05220225711111453358
05,5,54,068,2022,02,01,1,2,0,7,2,1,0,0,0,0,0,351553.959911011974327,5767154.775323850102723,6.835838315000050,52.035117028000101,0,05220213705000030800
05,5,54,020,2022,02,17,1,2,5,3,0,1,1,0,0,0,0,364064.450999865017366,5786982.884999490343034,7.010179385000070,52.216487557999997,0,05220227705000020922
05,5,62,024,2022,03,13,6,3,5,3,0,1,1,0,0,0,0,371678.825999895983841,5725254.332999539561570,7.144606186000030,51.663604043000099,0,05220304701500395161
05,5,54,044,2022,02,14,4,3,6,2,0,0,1,1,0,0,0,368976.795999886002392,5744822.904999529942870,7.098186581000050,51.838831626999998,0,05220223705000291729
05,5,70,020,2022,02,06,5,3,1,7,2,0,1,0,1,0,0,432915.120896813983563,5745484.308903539553285,8.025914956000070,51.856121258000002,1,05220217711422780981
05,5,15,000,2022,02,16,6,3,5,2,0,1,1,0,0,0,0,407046.072845372022130,5756907.334224510006607,7.647307241000020,51.955089257000097,1,05220218702100591832
05,5,15,000,2022,02,13,2,3,5,2,0,1,1,0,0,0,0,405426.516999978979584,5756630.542999659664929,7.623822455000040,51.952328268000002,1,05220221702100105088
05,5,54,008,2022,02,16,2,3,5,3,0,1,1,0,0,0,0,335890.360999660973903,5746263.356998830102384,6.617653580000020,51.843030795000097,1,05220214705000085882
05,5,54,008,2022,03,11,3,3,0,7,0,1,0,0,0,0,0,337169.398999673023354,5745949.240998880006373,6.636351858000070,51.840583346000102,0,05220301705000096533
05,5,70,004,2022,03,08,4,3,4,2,0,1,1,0,0,0,0,423659.054999993008096,5734801.677999650128186,7.893893889000030,51.758899529000097,0,05220309711213181052
05,5,62,008,2022,03,16,6,3,1,5,0,0,0,0,1,0,1,384415.463999938976485,5722811.195999599993229,7.329483646000030,51.644410171000096,0,05220325701910674176
05,5,62,004,2022,03,09,5,3,0,7,0,0,1,0,0,0,0,382081.884876466006972,5712143.373342470265925,7.299358441000040,51.548047474999997,1,05220317701800968379
05,5,62,032,2022,03,05,4,2,0,7,2,0,1,0,1,0,0,380401.327645406010561,5718604.729653449729085,7.272932586000020,51.605765384999998,0,05220323701110375229
05,5,15,000,2022,03,17,4,3,0,1,0,1,0,0,0,0,0,404672.814752553997096,5757701.260217599570751,7.612561390000050,51.961823613000000,0,05220316702100076723
05,5,54,008,2022,03,17,6,3,1,5,0,1,1,0,0,0,0,335531.964033388008829,5747120.312309109605849,6.612048108000070,51.850623708000100,0,05220325705000477675
05,5,70,004,2022,03,13,3,3,5,3,0,0,1,0,0,0,0,425233.926079287019093,5734382.706461709924042,7.916797925000030,51.755345568999999,0,05220308711213290739
05,5,66,076,2022,03,18,2,3,5,3,0,1,1,0,0,0,0,393966.572999959986191,5794748.066999659873545,7.445248150000050,52.292842214000103,0,05220321709500538566
05,5,54,008,2022,03,11,6,3,0,7,0,1,0,0,0,0,0,335272.831038665026426,5744716.994608430191875,6.609433575000030,51.828957418000101,0,05220325705000091855
05,5,66,028,2022,03,11,1,2,4,7,0,1,0,0,0,0,0,410771.072999985015485,5791374.660999679937959,7.692466567000050,52.265507679999999,0,05220320709700581515
05,5,54,068,2022,03,17,2,1,5,3,0,0,1,0,0,0,1,349392.659999776980840,5767360.942999240010977,6.804263267000070,52.036386569999998,0,05220307705000091108
05,5,15,000,2022,03,14,6,3,5,3,0,1,0,0,0,0,0,406500.117656330985483,5756592.570988040417433,7.639450403000070,51.952168483999998,0,05220318702100279223
05,5,70,052,2022,03,13,7,3,1,2,0,1,1,0,0,0,0,430298.216999995987862,5756616.806999670341611,7.985671324000070,51.955878315000099,0,05220326711112081091
05,5,62,032,2022,03,14,2,3,4,6,0,0,0,0,0,0,1,379693.752999924996402,5719323.103999589569867,7.262473357000030,51.612070992000000,0,05220321701110047459
05,5,12,000,2022,03,12,5,2,5,3,0,1,1,0,0,0,0,356407.504916811012663,5709731.748060430400074,6.930297050000040,51.520428397000003,0,05220324701400891091
05,5,66,084,2022,03,10,6,2,6,2,0,0,1,1,0,0,0,386430.484645045013167,5778921.057685850188136,7.340109291000030,52.149101537000000,0,05220311709300076628
05,5,13,000,2022,03,10,2,3,5,3,0,1,1,0,0,0,0,367579.601052555022761,5714197.922906610183418,7.089547837000050,51.563294192999997,0,05220307700000063350
05,5,62,004,2022,03,16,3,2,8,1,0,0,1,0,0,0,0,381334.584497813018970,5713826.789035740308464,7.288017800000030,51.563020723000101,0,05220322701800589603
05,5,62,032,2022,03,13,5,3,5,3,0,1,0,0,0,1,0,377126.475999917020090,5715717.605999570339918,7.226677037000060,51.579112954000003,0,05220324701110671520
05,5,66,068,2022,03,17,2,2,4,3,0,0,1,0,1,0,0,374737.085999910021201,5783412.579999580048025,7.167635203000030,52.186934569000101,0,05220307709300112304
05,5,66,008,2022,03,10,4,3,0,2,0,1,1,0,0,0,0,399717.590999972017016,5781440.278999660164118,7.533491204000030,52.174316349999998,0,05220316709110842542
05,5,15,000,2022,03,16,6,3,5,3,0,1,1,0,0,0,0,408861.108999982010573,5756026.603999660350382,7.673946022000050,51.947473131999999,0,05220325702100091787
05,5,66,076,2022,03,07,3,3,5,3,0,1,1,0,0,0,0,392383.472999956982676,5793635.036999659612775,7.422400305000050,52.282531500000097,0,05220308709500979184
05,5,66,040,2022,03,10,4,3,8,1,0,0,1,0,0,0,0,421745.124032168008853,5782606.373599690385163,7.855268654000040,52.188362287000103,0,05220316709800080101
05,5,15,000,2022,03,18,6,3,6,7,1,0,1,1,0,0,0,403479.686999975005165,5762081.109999660402536,7.593969393000070,52.000985076000099,0,05220318702100926922
05,5,15,000,2022,03,03,7,3,1,5,2,1,1,0,0,0,0,405640.700685923977289,5756857.981799189932644,7.626875708000060,51.954408970000003,0,05220312702100776731
05,5,13,000,2022,03,05,4,3,5,3,2,0,1,0,0,0,1,364508.430999863019679,5715340.246999479830265,7.044826541000020,51.572830097000100,0,05220316700000775938
05,5,66,044,2022,03,07,7,2,0,1,0,0,1,0,0,0,0,429993.944029734004289,5777515.448338910005987,7.976962443000050,52.143707458000101,0,05220326709800391839
05,5,13,000,2022,03,23,4,3,5,3,2,0,1,0,0,0,1,369803.027999887999613,5708483.912999530322850,7.123720287000030,51.512460994999998,0,05220323700000079621
05,5,62,032,2022,03,15,2,3,2,6,0,0,1,0,0,0,0,375481.945931683992967,5718564.063020800240338,7.201945503000050,51.604333609999998,0,05220314701110469227
05,5,54,020,2022,03,11,2,3,0,6,0,0,1,1,0,0,0,365791.298715808021370,5782948.080012519843876,7.037039162000040,52.180656694000000,0,05220321705000480992
05,5,70,052,2022,03,13,6,3,2,1,0,1,1,0,0,0,0,430791.368023883027490,5756791.472315330058336,7.992811469000060,51.957510087999999,0,05220311711111853158
05,5,66,008,2022,03,07,2,3,5,3,0,1,1,0,0,0,0,398839.419999969017226,5781766.450999660417438,7.520556361000050,52.177087579000002,1,05220314709110079238
05,5,54,020,2022,03,18,7,2,3,2,1,1,0,0,1,0,0,365345.164873506990261,5783854.942966319620609,7.030157936000020,52.188696469000000,0,05220312705000018560
05,5,54,012,2022,03,14,7,3,5,3,0,1,1,0,0,0,0,353161.082999799982645,5746454.877999319694936,6.868089482000070,51.849560625999999,0,05220326705000196524
05,5,15,000,2022,03,14,3,1,5,3,0,1,1,0,0,0,0,408935.428152906009927,5762941.319607820361853,7.673191877000020,52.009638791000000,0,05220308702100069191
05,5,62,036,2022,03,01,1,3,0,1,2,1,0,0,0,0,0,389016.633999950019643,5719849.956999610178173,7.396893360000040,51.618721510000100,0,05220320701930189484
05,5,70,020,2022,03,18,6,3,0,1,0,0,0,0,1,0,0,432579.792999998026062,5743426.641999660059810,8.021447938000049,51.837582666000102,0,05220318711422087313
05,5,70,052,2022,03,06,2,2,5,3,2,1,1,0,0,0,0,429719.687999995017890,5755188.835999670438468,7.977545776000060,51.942968604999997,1,05220314711112187234
05,5,13,000,2022,03,10,4,3,2,6,0,0,1,0,1,0,0,367729.889999879989773,5706591.690999500453472,7.094571346000070,51.494974546999998,0,05220316700000271515
05,5,54,016,2022,03,16,5,3,7,1,0,1,0,0,0,0,0,362786.457427414017729,5758045.861980619840324,7.003128252000070,51.956162089000003,0,05220317705000057185
05,5,54,004,2022,03,15,2,3,5,3,0,1,1,0,0,0,0,357011.689999827998690,5771559.385999389924109,6.913503630000040,52.076126148000100,0,05220321705000455357
05,5,13,000,2022,03,13,4,3,6,4,0,0,1,1,0,0,0,362646.766013104992453,5711084.421386079862714,7.019641496000080,51.534135644999999,0,05220316700000708171
05,5,70,008,2022,03,12,5,3,2,6,0,0,1,0,0,0,0,432938.430434043984860,5738813.317645380273461,8.027545720000029,51.796152329999998,0,05220324711314076733
05,5,54,008,2022,03,09,3,3,5,3,0,1,1,0,0,0,0,336506.802999667008407,5744703.676998860202730,6.627330975000060,51.829200245000003,0,05220308705000779139
05,5,15,000,2022,03,09,4,3,5,3,0,1,1,0,0,0,0,406007.516655978979543,5756712.589158640243113,7.632251767000070,51.953164232000098,0,05220316702100776765
05,5,15,000,2022,03,13,4,3,5,3,0,1,0,0,0,0,0,410621.581930369022302,5760296.775616159662604,7.698441808000040,51.986142037000000,0,05220323702100442020
05,5,54,004,2022,03,07,2,3,5,3,2,1,0,0,0,0,0,362247.336000206007157,5771057.049999710172415,6.990053526000050,52.072939718000001,0,05220307705000420894
05,5,62,032,2022,03,19,4,3,4,6,2,1,0,0,0,0,1,378365.218945593980607,5717627.391936169937253,7.243883803000070,51.596545585000101,0,05220316701110885643
05,5,58,016,2022,03,07,4,3,5,3,0,1,1,0,0,0,0,382209.174402490025386,5743984.564815949648619,7.290443666000040,51.834245257000099,0,05220316706000720495
05,5,66,012,2022,03,13,6,3,5,3,0,1,1,0,0,0,0,404960.150999977020547,5774204.466999669559300,7.612155653000060,52.110208116000102,0,05220311709110876730
05,5,54,008,2022,03,07,5,3,5,3,0,1,1,0,0,0,0,335758.558145741990302,5744023.863399219699204,6.616804790000060,51.822873717000000,0,05220310705000391732
05,5,66,076,2022,03,15,3,2,5,3,0,1,1,0,0,0,0,395937.286999963980634,5791441.933999660424888,7.475153569000040,52.263505653000003,0,05220322709500076614
05,5,70,052,2022,03,15,3,3,5,3,0,1,1,0,0,0,0,429891.598248665977735,5756090.419725289568305,7.979862454000060,51.951095185000000,0,05220308711112881091
05,5,66,076,2022,03,13,6,3,0,3,0,1,1,0,0,0,0,392254.642999958014116,5792538.236999659799039,7.420862968000050,52.272649194000103,0,05220325709110470592
05,5,62,012,2022,03,15,3,3,1,5,0,0,1,0,0,0,1,359503.859505719970912,5724960.873876369558275,6.968800520000060,51.658055246000103,0,05220315701610491630
05,5,13,000,2022,03,16,3,3,5,3,0,0,1,0,0,0,0,367892.911999878997449,5708622.007999509572983,7.096157921000040,51.513258626000002,0,05220322700000605126
05,5,66,076,2022,03,15,4,3,5,3,0,1,1,0,0,0,0,392776.538999958022032,5793595.828999659977853,7.428172554000070,52.282255952000099,0,05220309709500779230
05,5,66,032,2022,03,17,3,3,8,1,0,0,1,0,0,0,0,414962.541999986977316,5776734.521999680437148,7.757546528000030,52.134578453000103,0,05220308709800681039
05,5,70,004,2022,03,13,5,3,5,3,0,0,1,0,0,0,0,423612.900612975005060,5733423.424828030169010,7.893528131000040,51.746503208000000,0,05220317711214987086
05,5,54,020,2022,03,14,4,3,5,3,0,1,1,0,0,0,0,364637.536999866017140,5786378.070999490097165,7.018804631000020,52.211194247000002,0,05220323705000320896
05,5,70,052,2022,03,07,6,3,0,3,0,1,1,0,0,0,0,430267.937932035012636,5756305.521664589643478,7.985293940000080,51.953076182000103,0,05220311711113581965
05,5,62,024,2022,03,20,3,2,9,1,2,0,1,0,0,0,0,368799.187999884015881,5724425.948999520391226,7.103304780000030,51.655494801000003,0,05220322701500385497
05,5,54,008,2022,03,15,4,3,5,3,0,1,1,0,0,0,0,335813.221999661007430,5745708.442998830229044,6.616798184000060,51.838023094999997,0,05220309705000486828
05,5,13,000,2022,03,16,3,3,5,3,0,1,1,0,0,0,0,368793.980999884021003,5711437.315999520011246,7.108087297000050,51.538769167000098,0,05220308700000475758
05,5,13,000,2022,03,14,1,3,5,2,0,1,1,0,0,0,0,367522.895999878994189,5707946.376999510452151,7.091082525000050,51.507100281000099,0,05220320700000573546
05,5,12,000,2022,03,12,2,2,5,3,0,1,1,0,0,0,0,359458.328999835997820,5710937.961999420076609,6.973759656000030,51.532034846000002,0,05220307701400777662
05,5,70,008,2022,03,09,3,2,1,5,0,1,1,0,0,0,0,434134.896999997028615,5733328.550999649800360,8.045933263000050,51.746986139999997,0,05220322711312481365
05,5,66,048,2022,03,01,1,3,1,7,2,0,1,1,0,0,0,426834.208831456024200,5791990.619785429909825,7.927667656000040,52.273416245000099,0,05220320709700824120
05,5,62,036,2022,03,13,3,3,0,1,0,1,0,0,0,0,0,390073.530586078006309,5720800.492047280073166,7.411855125000050,51.627472410000102,0,05220322701930274428
05,5,13,000,2022,03,16,4,3,0,7,0,1,0,0,0,0,0,364695.573999864980578,5717463.276999480091035,7.046707257000040,51.591953381000103,0,05220316700000420537
05,5,13,000,2022,03,15,2,2,6,4,0,1,0,1,0,0,0,365249.391999869025312,5715681.751999489963055,7.055381126000040,51.576076593000003,0,05220321700000773457
05,5,15,000,2022,03,14,5,3,5,3,0,0,1,0,0,0,1,401650.626490794005804,5757304.806156859733164,7.568703097000030,51.957733807000103,0,05220324702100264164
05,5,66,068,2022,03,17,6,3,9,1,0,0,1,0,1,0,0,375634.013279488019180,5784789.772885049693286,7.180242973000080,52.199513172000103,0,05220311709300587311
05,5,66,012,2022,03,10,2,2,7,1,0,1,0,0,0,0,0,405854.519755361019634,5771785.993009359575808,7.625880082000040,52.088623325000100,0,05220307709000772363
05,5,15,000,2022,03,15,4,3,5,3,0,1,1,0,0,0,0,407925.166999981971458,5758290.443999660201371,7.659725499000050,51.967667665000100,0,05220309702100091845
05,5,15,000,2022,03,13,6,3,5,3,0,1,1,0,0,0,0,405853.456999977992382,5754438.165999660268426,7.630633397000050,51.932694578000103,0,05220318702100276692