ULAND,UREGBEZ,UKREIS,UGEMEINDE,UJAHR,UMONAT,USTUNDE,UWOCHENTAG,UKATEGORIE,UART,UTYP1,ULICHTVERH,IstRad,IstPKW,IstFuss,IstKrad,IstGkfz,IstSonstige,LINREFX,LINREFY,XGCSWGS84,YGCSWGS84,STRZUSTAND,UIDENTSTLAE
05,5,62,032,2022,03,16,2,3,5,3,0,1,1,0,0,0,0,374645.393999908003025,5719461.811999560333788,7.189551078000020,51.612216148000101,0,05220314701110762806
05,5,54,004,2022,03,13,5,3,0,1,0,1,0,0,0,0,1,364036.788999910000712,5771796.200000010430813,7.015851810000070,52.080023524000097,0,05220324705000442447
05,5,58,016,2022,03,20,6,3,0,3,2,0,1,0,0,0,1,380204.764999925973825,5744380.520999600179493,7.261229929000020,51.837377434000103,0,05220311706100581081
05,5,62,016,2022,03,14,2,3,5,2,0,1,1,0,0,0,0,375468.903999910980929,5734782.749999569728971,7.195973279000040,51.750088197000103,0,05220307701700595128
05,5,62,004,2022,03,13,3,3,6,7,0,0,1,1,0,0,0,382723.861999933025800,5712166.867999590002000,7.308604994000060,51.548392433000103,0,05220322701800510778
05,5,66,076,2022,03,08,7,3,5,3,0,1,1,0,0,0,0,393694.929999960004352,5795387.033999660052359,7.441065032000040,52.298532232000099,0,05220312709000161948
05,5,12,000,2022,03,07,3,3,0,7,0,1,1,0,0,0,0,356701.542999821016565,5709879.116999380290508,6.934472338000030,51.521827304000098,0,05220315701400695076
05,5,15,000,2022,03,15,5,2,4,6,0,1,0,0,0,0,0,401113.487000152992550,5757991.370999789796770,7.560691005000020,51.963809512000097,0,05220310702100976768
05,5,70,036,2022,03,18,7,3,0,5,0,1,1,0,0,0,1,434105.458108622988220,5760484.987146650440991,8.040324541000070,51.991116435999999,0,05220326711121287268
05,5,66,076,2022,03,12,4,3,1,6,0,0,1,0,0,1,0,393262.855558867973741,5796894.448031179606915,7.434253404000060,52.311995775000099,0,05220323709500076743
05,5,66,028,2022,03,07,2,3,5,3,0,1,1,0,0,0,0,411523.591999983997084,5792418.934999680146575,7.703216780000050,52.275015444000097,0,05220321709700676376
05,5,70,004,2022,03,10,6,3,5,3,0,1,1,0,0,0,0,422884.664999992004596,5735037.890999659895897,7.882623600000040,51.760916891000100,0,05220311711215081052
05,5,66,076,2022,03,14,2,3,0,5,0,1,1,0,0,0,0,394710.628661115013529,5793855.309283889830112,7.456432763000070,52.284961867000000,0,05220314709500091793
05,5,62,024,2022,03,17,4,2,5,3,0,0,1,0,0,0,1,370581.336571621999610,5728130.441599129699171,7.127680806000060,51.689198955999998,0,05220309701500538984
05,5,62,004,2022,03,11,6,3,0,1,0,1,0,0,0,0,0,384895.930872838012874,5717113.443669689819217,7.338296414000070,51.593298721000103,0,05220311701800689603
05,5,62,004,2022,03,12,6,3,5,3,0,0,1,0,0,1,0,384590.122330125013832,5715747.208533580414951,7.334332813000060,51.580956721000099,0,05220325701800470167
05,5,54,008,2022,03,12,3,3,5,3,0,1,1,0,0,0,0,335646.818999658979010,5745358.691998819820583,6.614551196000040,51.834832196000001,0,05220315705000065974
05,5,13,000,2022,03,15,4,3,4,6,0,1,1,0,0,0,0,368862.114691174996551,5714237.932147700339556,7.108025047000070,51.563953423000001,0,05220323700000081488
05,5,54,008,2022,03,18,6,3,5,3,0,1,1,0,0,0,0,333528.622999635990709,5745132.933998730033636,6.583945263000030,51.832176913000097,0,05220318705000476646
05,5,66,076,2022,03,08,4,3,5,3,0,1,1,0,0,0,0,394162.765999961993657,5793083.337999659590423,7.448646507000030,52.277918753999998,0,05220309709500074704
05,5,62,016,2022,03,05,4,3,0,7,2,1,0,0,0,0,0,368061.015120422001928,5729254.417870489880443,7.090815456000030,51.698712885000099,0,05220316701700675302
05,5,62,014,2022,03,13,6,3,6,4,0,0,1,1,0,0,0,360283.431855937989894,5715378.320453749969602,6.983883737000040,51.572141046000098,0,05220325701300973450
05,5,13,000,2022,03,08,3,3,5,3,0,1,1,0,0,0,0,366583.365999875008129,5712092.968999500386417,7.075982178000060,51.544143086000098,0,05220308700000092099
05,5,62,014,2022,03,18,2,3,5,3,2,0,1,0,0,0,0,361439.948999848973472,5716093.415999449789524,7.000279267000050,51.578852401000098,0,05220307701300689696
05,5,62,012,2022,03,14,4,3,5,2,0,1,0,0,0,0,1,360046.469999840017408,5733384.289999430067837,6.973260350000030,51.733881788000097,0,05220316701610368769
05,5,66,008,2022,03,19,7,3,5,3,1,0,1,0,0,0,1,399310.322999969008379,5781224.858999660238624,7.527601465000030,52.172306044999999,0,05220326709110142391
05,5,62,012,2022,03,12,4,3,5,3,0,0,1,0,0,0,0,358816.324999834003393,5736888.641999419778585,6.954035429000040,51.765062055999998,0,05220323701610195149
05,5,62,012,2022,03,12,5,3,5,3,0,0,1,0,0,0,1,359079.190999836020637,5735045.937999419867992,6.958589193000020,51.748570438999998,0,05220324701610795149
05,5,66,056,2022,03,11,6,2,6,1,0,1,0,1,0,0,0,416869.084866727993358,5797162.501687530428171,7.780374065000050,52.318487129000097,0,05220311709700570260
05,5,54,008,2022,03,09,6,3,5,2,0,1,1,0,0,0,0,335024.876167420006823,5746333.370148040354252,6.605067934000030,51.843404726000102,0,05220318705000662116
05,5,58,008,2022,03,16,4,3,5,3,0,1,1,0,0,0,0,382174.322999931988306,5760564.705999610014260,7.284267902000070,51.983244915000100,0,05220309706200691844
05,5,54,044,2022,03,15,6,2,6,5,0,0,1,1,0,0,0,365237.356563356996048,5743915.072990089654922,7.044295495000030,51.829784039000103,0,05220325705000591737
05,5,15,000,2022,03,18,7,3,0,3,2,1,0,0,0,0,1,411409.333999984024558,5760399.558999669738114,7.709883607000050,51.987192118000102,0,05220312702100442871
05,5,66,064,2022,03,16,3,1,6,4,0,0,1,1,0,0,0,395818.010136946977582,5771424.456155389547348,7.479553716000050,52.083575768999999,0,05220308709300574741
05,5,15,000,2022,03,17,4,3,5,2,0,1,1,0,0,0,0,401866.457999972975813,5753756.138999650254846,7.572855824000040,51.925875615999999,0,05220323702100056496
05,5,70,052,2022,03,08,6,3,3,2,0,1,1,0,0,0,0,429202.279633945028763,5753527.162618939764798,7.970361718000050,51.927965215000000,0,05220325711114653358
05,5,62,032,2022,03,08,4,3,5,3,0,1,0,0,0,0,1,376119.800999912025873,5719934.039999569766223,7.210667208000070,51.616786504000103,0,05220309701110996387
05,5,66,076,2022,03,07,5,3,2,6,0,0,1,0,0,0,0,393517.464243136986624,5795949.769001149572432,7.438285644000080,52.303555246000002,0,05220310709500835185
05,5,66,028,2022,03,14,1,2,8,6,0,1,0,0,0,0,0,413189.262999985017814,5794265.275999680161476,7.727148120000040,52.291876457999997,0,05220313709700412163
05,5,12,000,2022,03,13,3,3,5,5,0,1,1,0,0,0,0,357768.570966947008856,5709603.925078519620001,6.949953101000060,51.519624153999999,0,05220308701400661481
05,5,54,068,2022,03,07,2,3,0,3,0,1,1,0,0,0,0,351055.284586231980938,5767272.020172780379653,6.828522819000060,52.036036700000103,1,05220314705000191833
05,5,62,032,2022,03,00,7,3,8,1,2,0,1,0,0,0,0,375580.630339552997611,5713989.076311510056257,7.204991073000030,51.563239201999998,0,05220326701120563436
05,5,66,008,2022,03,12,7,3,5,3,0,1,1,0,0,0,0,399072.079227705020458,5782327.710947959683836,7.523790673000060,52.182174623999998,0,05220319709110970630
05,5,66,012,2022,03,07,4,3,5,3,0,1,1,0,0,0,0,405005.823999978019856,5772261.107999660074711,7.613364278000060,52.092748729000000,0,05220323709110179088
05,5,15,000,2022,03,16,2,3,3,2,0,1,1,0,0,0,0,404868.314735045016278,5754413.322119689546525,7.616315810000060,51.932303751000099,0,05220321702100270512
05,5,70,024,2022,03,10,6,2,3,2,0,1,1,0,0,0,0,421355.998100551019888,5753530.878291199915111,7.856272739000080,51.926945365999998,0,05220311711161548067
05,5,70,004,2022,03,13,3,3,5,3,0,1,1,0,0,0,0,423659.054999993008096,5734801.677999650128186,7.893893889000030,51.758899529000097,0,05220322711216702814
05,5,54,008,2022,03,14,5,3,5,3,0,1,0,0,0,0,0,336253.629999665019568,5746364.057998850010335,6.622874504000040,51.844042078000001,0,05220324705000091776
05,5,54,064,2022,03,15,1,3,2,6,0,1,0,0,0,0,0,360769.687875166011509,5755297.405005649663508,6.974910718000050,51.930964796000097,0,05220313705000655357
05,5,54,008,2022,03,17,5,3,5,3,0,1,0,0,0,0,0,335450.346999656991102,5745387.304998810403049,6.611688636000050,51.835031395000001,0,05220317705000596533
05,5,13,000,2022,03,11,5,3,2,6,0,0,1,0,0,0,0,363963.385999862977769,5715434.967999470420182,7.036929701000080,51.573550040999997,0,05220324700000789700
05,5,62,004,2022,03,14,1,3,5,2,0,0,1,0,1,0,0,382506.872999934013933,5712764.677999599836767,7.305277292000030,51.553720236000103,0,05220320701800149722
05,5,66,076,2022,03,17,6,3,0,1,0,1,0,0,0,0,0,393163.130482351989485,5792643.658559939824045,7.434139130000060,52.273773913000099,0,05220311709500291793
05,5,15,000,2022,03,14,2,3,6,4,0,1,0,1,0,0,0,404837.413945866981521,5754377.949432820081711,7.615876286000060,51.931980523000000,0,05220307702100491832
05,5,15,000,2022,03,10,2,3,1,1,0,1,0,0,0,1,0,407182.241999980004039,5757423.069999660365283,7.649148880000040,51.959747704000101,1,05220314702100350183
05,5,70,052,2022,03,14,7,3,0,1,0,0,0,0,1,0,0,430012.519989055988844,5756518.291169390082359,7.981534522000060,51.954956811999999,0,05220312711111876726
05,5,62,036,2022,03,13,4,3,5,3,0,1,1,0,0,0,0,390723.509999952977523,5721611.710999620147049,7.420988551000050,51.634890345000002,0,05220309701930881228
05,5,66,084,2022,03,11,7,2,3,5,0,1,1,0,0,0,0,390063.185047321021557,5775676.327493930235505,7.394229652000040,52.120675538000100,0,05220326709300872411
05,5,15,000,2022,03,16,4,3,5,2,0,1,1,0,0,0,0,404319.125999976007733,5754219.706999659538269,7.608384276000040,51.930469317000103,0,05220323702100239947
05,5,54,008,2022,03,16,5,3,2,3,0,1,1,0,0,0,0,336843.300145734974649,5747213.512356500141323,6.631026097000070,51.851845759000099,0,05220324705000185645
05,5,54,012,2022,03,09,7,2,6,7,0,0,1,1,0,0,0,355130.931282408011612,5742329.809447079896927,6.898394824000040,51.813010887000097,0,05220326705000579154
05,5,54,056,2022,03,07,4,3,0,3,1,1,1,0,0,0,0,356705.826999822980724,5762283.359999380074441,6.912929723000050,51.992702690999998,0,05220316705000989359
05,5,54,004,2022,03,15,2,3,5,3,0,1,1,0,0,0,0,360487.993999845988583,5770147.139999439939857,6.964772292000020,52.064323617000099,0,05220321705000020869
05,5,54,068,2022,03,09,4,3,1,5,0,1,1,0,0,0,0,350400.114631554984953,5767524.530060069635510,6.818868056000040,52.038128992000097,0,05220316705000520910
05,5,58,016,2022,03,16,5,3,5,3,0,1,0,0,0,0,1,381604.969999930995982,5743787.565999600104988,7.281746196000030,51.832347046999999,0,05220324706000025215
05,5,54,044,2022,03,16,1,3,0,7,0,1,0,0,0,0,0,365011.945192875980865,5744188.821199390105903,7.040919572000060,51.832189507000102,0,05220313706100381081
05,5,70,028,2022,03,14,4,2,5,3,0,1,1,0,0,0,0,441480.963999998988584,5743347.833999659866095,8.150638381000020,51.837877911000099,0,05220323711413376177
05,5,15,000,2022,03,18,3,3,0,7,0,1,1,0,0,0,0,405041.307918846025132,5755529.690404940396547,7.618522982000060,51.942367703000102,0,05220308702100070631
05,5,62,024,2022,03,07,3,3,5,3,1,1,1,0,0,0,0,371260.518999895022716,5725194.283999539911747,7.138583445000050,51.662968724000102,0,05220322701500180935
05,5,62,004,2022,03,14,6,3,5,2,0,1,1,0,0,0,0,383241.943999935989268,5712084.372999600134790,7.316100841000040,51.547758429000098,0,05220311701800210778
05,5,62,004,2022,03,08,2,3,5,3,0,0,1,0,0,0,1,383086.246999936003704,5717942.477999599650502,7.311906681000040,51.600377151000004,0,05220307701800586822
05,5,66,076,2022,04,17,4,3,0,6,0,1,1,0,0,0,0,392998.570011894975323,5792234.908106110058725,7.431857883000020,52.270068402000000,0,05220420709500102281
05,5,62,016,2022,04,13,3,3,1,5,0,0,1,0,0,0,0,370088.775407652021386,5731166.445499540306628,7.119427829000070,51.716368463999999,0,05220412701700085464
05,5,54,008,2022,03,13,2,3,2,6,0,0,1,0,0,0,0,336657.532962215016596,5745690.377920250408351,6.629050689000050,51.838108372000100,0,05220328705000274671
05,5,62,032,2022,04,18,4,3,2,6,0,0,1,0,0,0,0,376258.548999912978616,5717280.911999570205808,7.213606491000060,51.592972858000103,0,05220420701110273585
05,5,15,000,2022,03,12,3,3,5,3,0,1,0,0,0,0,1,405478.195253573008813,5751264.443210829980671,7.626048112000030,51.904103980999999,0,05220329702100976106
05,5,54,004,2022,04,16,1,3,4,2,0,0,1,0,0,0,0,363213.253015342983417,5771681.401379990391433,7.003887624000070,52.078789170000100,1,05220403705000947427
05,5,62,012,2022,03,20,2,3,0,7,2,0,1,0,0,0,0,359567.508999838028103,5727466.892999419942498,6.968712769000040,51.680589774000097,0,05220328701610989935
05,5,15,000,2022,04,14,5,3,5,3,0,1,1,0,0,0,0,405853.456999977992382,5754438.165999660268426,7.630633397000050,51.932694578000103,0,05220414702100076642
05,5,58,016,2022,04,11,6,2,0,1,0,0,0,0,0,0,1,381388.849619843007531,5743695.947872299700975,7.278642592000040,51.831477810000102,0,05220408706000385357
05,5,62,032,2022,04,15,6,3,5,7,0,0,1,0,0,0,0,374749.326999908022117,5718542.931999560445547,7.191379611000060,51.603981236000003,0,05220408701110085379
05,5,54,008,2022,04,15,5,3,5,2,0,1,1,0,0,0,0,336128.890999665018171,5745759.446998840197921,6.621351755000030,51.838573994999997,0,05220407705000052359
05,5,13,000,2022,04,17,4,3,5,3,0,1,1,0,0,0,0,364845.851427235000301,5718167.784208670258522,7.048603969000060,51.598320408000099,0,05220413700000091806
05,5,58,012,2022,03,14,2,2,5,3,0,0,1,0,0,1,0,374657.072999908996280,5753644.551999569870532,7.177386506000060,51.919412059000102,0,05220328706000076761
05,5,13,000,2022,04,09,6,3,2,6,0,0,1,0,1,0,0,365287.310999867971987,5710340.265999490395188,7.057973765000040,51.528084540000101,0,05220422700000989622
05,5,66,076,2022,04,11,3,3,5,2,0,1,1,0,0,0,0,392775.586999957973603,5792296.437999649904668,7.428571766000060,52.270577945000099,0,05220419709500461951
05,5,70,020,2022,04,11,4,3,5,3,0,1,0,0,1,0,0,433296.512999997008592,5743651.240999660454690,8.031805652000060,51.839687866000098,0,05220420711421281082
05,5,66,012,2022,03,14,3,3,5,3,0,0,1,0,0,0,1,405682.179776931006927,5772287.201157960109413,7.623226768000050,52.093098953000002,0,05220329709110452454
05,5,54,008,2022,04,17,4,2,8,1,0,1,0,0,0,0,0,336395.534999664989300,5746474.312998849898577,6.624880489000020,51.845074145000098,0,05220420705000041533
05,5,54,008,2022,03,04,1,2,0,7,2,1,0,0,0,0,0,336269.618999663973227,5745109.153998839668930,6.623700269000040,51.832773379999999,0,05220327705000591776
05,5,54,004,2022,04,22,4,3,0,7,2,1,0,0,0,0,0,363129.199999860022217,5771952.771999480202794,7.002552974000030,52.081206764000100,1,05220406705000421108
05,5,54,008,2022,04,19,1,3,8,7,0,0,1,0,0,0,0,334426.447048685979098,5744839.830550059676170,6.597103490000050,51.829810703000099,0,05220403705000482335
05,5,66,012,2022,03,18,5,3,5,3,0,1,1,0,0,0,0,405967.029999978025444,5773009.926999670453370,7.627184055000040,52.099643454999999,0,05220331709000242524
05,5,70,004,2022,04,17,5,3,0,2,0,1,0,0,0,0,0,423938.441880418977235,5735629.772561269812286,7.897759839000060,51.766381834000100,0,05220414711212186957
05,5,62,012,2022,04,16,2,3,5,3,0,1,1,0,0,0,0,360616.042627847986296,5726194.817769289948046,6.984376821000070,51.669420252000101,0,05220418701610080956
05,5,58,016,2022,04,08,3,3,5,3,0,1,1,0,0,0,0,380204.764999925973825,5744380.520999600179493,7.261229929000020,51.837377434000103,1,05220405706000927034
05,5,15,000,2022,03,17,4,3,0,5,0,1,0,0,0,0,1,406020.753398977976758,5756957.848875549621880,7.632377244000050,51.955370977000001,0,05220330702100542022
05,5,15,000,2022,04,19,7,3,3,6,0,1,0,0,0,0,0,407488.885143914027140,5756110.526353759691119,7.653963743000080,51.948000950999997,0,05220416702100839947
05,5,15,000,2022,04,14,2,3,5,2,0,0,1,0,0,0,1,405914.643765748012811,5757072.708584249950945,7.630802119000070,51.956385446000098,1,05220404702100672436
05,5,54,004,2022,04,17,5,3,5,7,0,1,1,0,0,0,0,361727.659277699014638,5771354.933644710108638,6.982355309000070,52.075486777000002,0,05220414705000221108
05,5,13,000,2022,04,13,2,3,2,6,0,0,1,0,0,0,0,368255.210999882023316,5708246.032999509945512,7.101516549000050,51.509964425000099,0,05220411700000286165
05,5,15,000,2022,04,09,7,2,4,6,0,1,0,0,0,0,0,404580.100888822984416,5756120.409214889630675,7.611651426000040,51.947598411000101,0,05220416702100670631
05,5,66,076,2022,04,13,6,3,0,5,0,1,1,0,0,0,0,392392.688580500020180,5794164.347699370235205,7.422366358000030,52.287290278000100,1,05220401709500676614
05,5,54,008,2022,04,12,5,2,5,3,0,1,1,0,0,0,0,327988.374999578983989,5748570.155998440459371,6.501909239000040,51.861373891000000,0,05220421705000776333
05,5,66,084,2022,04,17,4,3,5,3,0,1,1,0,0,0,0,390195.419999952020589,5775655.986999640241265,7.396166859000060,52.120519012999999,0,05220413709300674741
05,5,15,000,2022,04,02,1,3,6,6,2,0,0,1,0,0,1,406443.127999979013111,5757167.312999660149217,7.638464886000070,51.957324962000001,0,05220417702100028400
05,5,62,032,2022,04,08,5,2,0,1,0,0,0,0,1,0,0,375709.393999913008884,5716465.570999559946358,7.205971527000030,51.585524357000097,1,05220414701110078098
05,5,54,012,2022,04,13,2,3,1,2,0,1,1,0,0,0,0,351599.763999790011439,5745008.790999289602041,6.846058809000060,51.836154916000098,0,05220411705000091584
05,5,54,020,2022,04,11,5,3,3,6,0,1,1,0,0,0,0,366461.550999875995331,5786299.445999519899487,7.045515378000060,52.210932794000001,0,05220421705000620946
05,5,58,012,2022,03,00,1,3,0,6,2,1,1,0,0,0,0,373692.754762638011016,5756834.376536799594760,7.162201027000040,51.947859311000101,0,05220327706200772440
05,5,66,040,2022,04,13,3,2,5,3,0,1,1,0,0,0,0,420978.559999990975484,5782359.998999680392444,7.844115065000040,52.186038355000100,0,05220412709800579143
05,5,54,004,2022,04,17,3,2,5,3,0,1,1,0,0,0,0,363702.363999862980563,5771892.349999479949474,7.010936216000060,52.080805247000100,0,05220412705000821108
05,5,70,052,2022,03,16,4,3,5,3,0,1,1,0,0,0,0,430346.292018170992378,5755184.342860099859536,7.986661118000030,51.943007018000102,0,05220330711113953624
05,5,12,000,2022,04,10,5,3,2,6,0,0,1,0,0,0,1,356256.883660818974022,5719074.978624249808490,6.924307087000050,51.604345898000098,0,05220414701400714019
05,5,70,028,2022,04,19,6,3,5,3,0,1,0,0,0,0,0,441545.247016022971366,5742647.885583049617708,8.151689548000039,51.831591949000000,0,05220422711413376733
05,5,15,000,2022,04,16,5,3,3,2,0,1,1,0,0,0,0,403501.194943211972713,5757539.238146560266614,7.595560084000060,51.960165188000097,1,05220407702100574776
05,5,54,012,2022,04,14,4,3,0,3,0,1,1,0,0,0,0,352789.848581837024540,5746047.465079789981246,6.862877132000050,51.845802280000001,0,05220420705000591729
05,5,54,068,2022,03,19,1,3,8,1,0,1,0,0,0,0,0,351040.536999786971137,5767275.671999280340970,6.828306389000030,52.036065549000099,0,05220327705000030800
05,5,66,076,2022,03,09,3,3,0,1,0,1,0,1,0,0,0,393240.674051998998038,5793292.067289159633219,7.435069912000070,52.279616340000103,0,05220329709500561951
05,5,54,008,2022,03,20,5,3,0,3,2,1,1,0,0,0,0,336406.166999666020274,5744964.520998850464821,6.625748583000070,51.831514076000097,0,05220331705000674468
05,5,15,000,2022,04,21,5,3,0,5,2,1,1,0,0,0,0,407090.222530379018281,5758395.538876540027559,7.647546950000050,51.968473378000098,1,05220407702100664311
05,5,54,008,2022,04,06,2,3,0,7,0,1,0,0,0,0,0,336117.635485372971743,5745361.101023670285940,6.621377198000060,51.834992169000003,0,05220404705000380993
05,5,54,008,2022,04,17,5,3,2,6,0,0,1,0,0,0,0,334903.802588195016142,5746504.010354259982705,6.603230523000040,51.844901859000103,1,05220407705000076764
05,5,15,000,2022,04,06,4,3,5,3,2,1,1,0,0,0,0,407034.801196561020333,5753971.930772559717298,7.647936880000030,51.928702379000100,0,05220420702100091712
05,5,62,032,2022,04,18,7,3,4,2,0,0,1,0,0,0,0,380356.438999928999692,5718298.523999590426683,7.272389162000020,51.603003833000102,0,05220409701110985659
05,5,70,052,2022,03,12,3,3,2,7,0,1,0,0,0,0,1,430763.218452919973060,5757212.748963389545679,7.992316964000050,51.961293705000102,0,05220329711111091712
05,5,70,008,2022,04,19,1,2,0,1,1,1,0,0,0,0,0,433685.070152061001863,5735222.194874100387096,8.039057148000040,51.763957063000099,0,05220417711313090829
05,5,66,016,2022,04,15,5,3,0,6,0,1,0,0,0,0,0,406124.480453496973496,5791819.253298119641840,7.624273872000060,52.268730145000099,0,05220414709500938468
05,5,54,056,2022,04,15,3,3,0,3,0,0,0,1,0,0,1,357778.976814959023613,5761370.744255740195513,6.928927455000060,51.984778585000100,0,05220405705000002662
05,5,70,008,2022,04,17,4,2,0,1,0,1,0,0,0,0,0,432842.911999995005317,5739019.698999660089612,8.026120860000050,51.797996230000102,0,05220413711314376703
05,5,13,000,2022,04,11,3,3,6,4,0,0,1,1,0,0,0,367161.789774615026545,5710794.177962729707360,7.084808795000070,51.532607765000101,0,05220412700000147506
05,5,62,008,2022,04,11,5,3,5,3,0,1,0,0,0,0,0,384340.289999938977417,5723905.742999600246549,7.328035715000060,51.654232138000097,0,05220414701910489503
05,5,13,000,2022,04,15,1,3,6,7,0,0,1,1,0,0,0,367953.340999882027972,5708014.471999510191381,7.097255802000060,51.507812979999997,0,05220403700000389656
05,5,62,014,2022,04,07,7,3,5,3,0,1,1,0,0,0,0,358922.088999834028073,5713434.836999409832060,6.965032779000070,51.554338001000097,0,05220416701300114019
05,5,62,008,2022,04,16,6,3,1,5,0,0,1,0,0,0,0,384310.568144694028888,5721408.211557869799435,7.328432078000050,51.631779020000103,0,05220408701910853357
05,5,62,014,2022,04,22,4,3,6,6,2,0,1,1,0,0,0,362005.834612520993687,5712084.384975880384445,7.010014531000020,51.542965262999999,0,05220420701300581435
05,5,13,000,2022,03,17,1,3,9,7,0,0,0,0,0,0,1,365723.371999869996216,5715257.547999490052462,7.062379178000070,51.572377598999999,0,05220327700000620256
05,5,13,000,2022,04,23,3,3,1,5,2,1,1,0,0,0,0,366987.628999874985311,5713804.907999499700963,7.081161200000050,51.559623026000097,0,05220412700000091368
05,5,15,000,2022,03,17,2,3,4,3,0,1,0,0,0,0,0,405043.399999978020787,5758357.062999660149217,7.617772028000050,51.967781644000098,0,05220328702100376642
05,5,62,032,2022,04,15,3,3,5,3,0,1,1,0,0,0,0,375430.543443077011034,5720285.031763680279255,7.200592019000060,51.619788792000101,1,05220405701110447175
05,5,15,000,2022,04,09,5,3,0,7,0,0,1,0,0,0,1,405837.272999977984000,5757570.262999660335481,7.629540127000040,51.960844592000100,1,05220407702100079228
05,5,54,008,2022,04,05,3,3,5,3,1,1,1,0,0,0,0,335272.609999654989224,5744976.907998800277710,6.609306681000020,51.831292255000101,0,05220419705000891732
05,5,62,012,2022,03,12,1,3,0,1,0,0,0,0,1,0,0,358035.575999829976354,5725290.169999400153756,6.947453923000070,51.660645283000100,0,05220327701610219908
05,5,15,000,2022,04,11,4,3,5,3,0,1,1,0,0,0,0,405321.719501667015720,5756924.835994220338762,7.622216894000080,51.954955669000100,0,05220406702100562434
05,5,66,012,2022,03,22,4,3,4,2,2,0,1,0,0,0,0,404678.920999976980966,5772164.381999669596553,7.608621025000050,52.091823126000101,0,05220330709110876669
05,5,15,000,2022,04,15,4,2,0,6,0,1,0,0,0,0,0,401869.754999972996302,5753654.678999650292099,7.572932682000040,51.924964246999998,0,05220413702100145931
05,5,62,012,2022,04,07,4,2,5,3,0,1,1,0,0,0,0,359478.056999837979674,5722418.344999420456588,6.969449052000070,51.635202020000101,0,05220420701610617110
05,5,70,004,2022,03,14,2,3,0,3,0,0,1,0,0,0,1,424857.722999993013218,5737012.984999660402536,7.910779595000070,51.778940613000003,0,05220328711211091757
05,5,70,020,2022,04,10,3,3,3,2,0,1,1,0,0,0,0,433044.112973967974540,5743464.506455100141466,8.028178804000049,51.837978930000098,0,05220419711421778050
05,5,58,012,2022,04,22,7,3,9,1,2,0,1,0,0,0,0,371313.522682479000650,5755142.671411099843681,7.128235444000040,51.932111929000001,0,05220416706200849804
05,5,15,000,2022,04,12,2,2,3,6,0,1,0,0,0,0,0,404397.339999976975378,5757633.560999659821391,7.608572115000070,51.961167807000002,0,05220411702100572362
05,5,54,020,2022,03,15,5,3,7,5,0,0,1,0,0,0,0,365913.836881797004025,5786636.438319969922304,7.037370567000040,52.213827794000103,1,05220331705000176687
05,5,15,000,2022,04,18,7,3,0,2,0,0,1,0,0,0,0,406372.747999979997985,5751591.427999650128186,7.638958341000030,51.907194158999999,0,05220402702100591783
05,5,15,000,2022,04,23,2,3,0,3,2,0,1,0,1,0,0,405066.799999977985863,5758787.891999660059810,7.617993404000060,51.971658099000102,1,05220404702100653166
05,5,62,020,2022,03,21,1,3,8,1,2,0,1,0,0,0,0,370567.839999891992193,5717754.225999530404806,7.131323975000040,51.595947785000099,0,05220327701200695187
05,5,15,000,2022,04,15,7,3,4,2,0,1,0,0,0,0,0,406629.684999979974236,5758745.583999659866095,7.640749904000070,51.971542577999998,1,05220409702100270511
05,5,54,012,2022,04,17,5,2,5,3,0,1,1,0,0,0,0,351759.198999790998641,5745594.627999300137162,6.848120124000050,51.841460918000102,0,05220414705000016030
05,5,15,000,2022,04,14,7,3,5,3,0,0,1,0,0,0,0,403561.466442875971552,5761936.556069579906762,7.595200983000040,51.999700000000097,0,05220402702100561999
05,5,54,008,2022,04,12,2,2,5,3,0,1,1,0,0,0,0,331654.853999617975205,5743824.569998639635742,6.557413304000020,51.819862307999998,0,05220411705000581625
05,5,13,000,2022,04,10,1,3,6,7,0,0,1,1,0,0,0,366065.877142796991393,5712795.780040279962122,7.068256420000070,51.550336352999999,0,05220410700000691116
05,5,66,028,2022,04,05,7,1,8,1,2,1,0,0,0,0,0,408725.494491652993020,5797204.694551380351186,7.660920618000030,52.317572664000103,0,05220416709700291773
05,5,58,008,2022,04,06,4,3,5,3,1,1,0,0,0,0,1,382747.077999933972023,5761050.428999619558454,7.292438084000030,51.987731275999998,0,05220406706200781437
05,5,15,000,2022,04,11,7,3,5,3,0,0,1,0,1,0,0,405297.721306314982940,5756494.321087599731982,7.621986420000040,51.951081930999997,0,05220402702100471673
05,5,58,016,2022,04,15,6,3,5,3,0,0,1,0,1,0,0,380921.556999929016456,5742778.141999600455165,7.272179995000040,51.823129948000002,0,05220408706000689265
05,5,66,064,2022,04,06,2,3,5,3,0,1,1,0,0,0,0,395286.525116160977632,5771434.157149200327694,7.471797150000040,52.083562677000003,0,05220411709110952454
05,5,70,004,2022,04,10,6,3,5,3,0,0,1,0,0,0,0,425374.525308563024737,5734963.796550859697163,7.918709743000020,51.760588161999998,1,05220401711213996469