ULAND,UREGBEZ,UKREIS,UGEMEINDE,UJAHR,UMONAT,USTUNDE,UWOCHENTAG,UKATEGORIE,UART,UTYP1,ULICHTVERH,IstRad,IstPKW,IstFuss,IstKrad,IstGkfz,IstSonstige,LINREFX,LINREFY,XGCSWGS84,YGCSWGS84,STRZUSTAND,UIDENTSTLAE
05,5,70,020,2022,04,15,3,3,0,5,0,0,1,0,1,0,0,432967.332999994978309,5743063.223999660462141,8.027142317000029,51.834362225000099,0,05220419711421391692
05,5,13,000,2022,04,19,4,3,6,7,0,0,0,1,0,0,1,366086.693159846006893,5709289.246344660408795,7.069890136000030,51.518829601999997,0,05220420700000891624
05,5,54,008,2022,04,15,1,3,0,7,0,0,1,0,0,0,0,336091.286999661999289,5745372.533998839557171,6.620989711000050,51.835087145999999,0,05220403705000309603
05,5,62,032,2022,03,09,2,3,5,3,0,1,1,0,0,0,0,375298.170533652999438,5715419.807084639556706,7.200410396000050,51.576035054999998,0,05220328701120573555
05,5,62,004,2022,03,17,4,3,0,1,0,0,0,0,1,0,0,384059.840649847988971,5711627.478212660178542,7.328041778000060,51.543820586000002,0,05220330701800773590
05,5,70,012,2022,04,11,6,3,5,3,0,0,1,0,0,0,0,438580.655999999027699,5751855.381999660283327,8.107034021000061,51.914049794000100,0,05220422711131402733
05,5,54,012,2022,04,02,7,3,0,4,2,0,1,1,0,0,0,351805.666999790992122,5745826.172999300062656,6.848694940000030,51.843553651000001,1,05220409705000391746
05,5,66,028,2022,04,15,7,3,1,7,0,1,1,0,0,0,0,411778.070519487024285,5792044.737859990447760,7.707043477000070,52.271692962000003,0,05220402709700469049
05,5,58,012,2022,04,11,6,3,6,7,0,0,1,1,0,0,0,373871.145805759006180,5755890.646661009639502,7.165141399000050,51.939419025000099,0,05220422706000376761
05,5,54,004,2022,04,12,6,3,3,3,0,0,1,0,0,0,1,363432.107999860018026,5770929.708999480120838,7.007380108000060,52.072088936999997,0,05220422705000547427
05,5,54,036,2022,04,12,3,3,3,6,0,1,0,0,0,0,0,369338.172012678987812,5766365.198990300297737,7.095246477000050,52.032497631000098,0,05220419705000921168
05,5,66,072,2022,04,06,4,3,0,1,1,1,0,0,0,0,0,412688.299999985028990,5803282.194999679923058,7.717462439000030,52.372842938000097,0,05220420709700172366
05,5,54,004,2022,04,11,1,2,6,4,0,0,1,1,0,0,0,357332.216761447023600,5771260.323004989884794,6.918302471000060,52.073521767999999,0,05220410705000487233
05,5,15,000,2022,04,16,4,2,0,5,0,1,1,0,0,0,0,404801.395630595972762,5759421.962546450085938,7.613955075000040,51.977311959000097,0,05220420702100069101
05,5,54,008,2022,04,21,4,3,0,1,2,0,0,0,1,0,0,336128.890999665018171,5745759.446998840197921,6.621351755000030,51.838573994999997,1,05220406705000391855
05,5,70,040,2022,03,14,3,3,1,5,0,0,1,1,0,0,0,420550.378893673012499,5744479.255545830354095,7.846643802000070,51.845463152000001,0,05220329711231079152
05,5,13,000,2022,04,13,6,3,0,3,0,0,1,0,1,0,0,364935.287999866995960,5716171.237999480217695,7.050662791000040,51.580400140000101,0,05220415700000389622
05,5,54,044,2022,03,16,5,3,1,7,0,0,1,0,0,0,0,365150.439999867987353,5743631.305999490432441,7.043145483000050,51.827213143000101,1,05220331705000080990
05,5,62,014,2022,03,12,2,3,5,3,0,0,1,0,0,0,0,358915.424078258976806,5713157.042353400029242,6.965048137000050,51.551840079999998,0,05220328701300775421
05,5,58,036,2022,03,07,5,3,5,2,0,0,1,0,1,0,0,387466.028999946021941,5729924.423999619670212,7.371260967000070,51.708961381999998,1,05220331706000864175
05,5,62,012,2022,03,19,1,3,5,3,1,1,1,0,0,0,0,359038.948999835993163,5725322.136999419890344,6.961938048000040,51.661185080999999,0,05220327701610016847
05,5,62,032,2022,04,15,3,3,5,3,0,1,1,0,0,0,0,375713.428999911004212,5715810.019999570213258,7.206261792000020,51.579633684999997,0,05220412701120285385
05,5,54,008,2022,04,19,5,3,5,3,0,1,0,0,0,0,0,335697.212999659008346,5745730.380998820066452,6.615105447000080,51.838186058000097,0,05220414705000665869
05,5,70,044,2022,04,17,1,3,5,3,0,0,1,0,0,0,0,416184.395278882002458,5759296.590833599679172,7.779673188000060,51.978018661000100,1,05220403711141091857
05,5,62,014,2022,04,21,3,2,0,7,2,0,0,0,1,0,0,356295.020999817003030,5715010.362999379634857,6.926521281000020,51.567832225000103,0,05220412701300080909
05,5,66,012,2022,04,15,1,3,0,3,0,1,1,0,0,0,0,405608.575999979977496,5773209.552999660372734,7.621897204000050,52.101376690999999,0,05220417709110980991
05,5,13,000,2022,04,06,6,2,4,2,1,0,1,0,1,0,0,364771.283999865001533,5716870.492999490350485,7.048027937000030,51.586644584000098,1,05220408700000565496
05,5,62,032,2022,04,19,2,3,5,3,0,1,0,0,0,0,0,373004.159999901021365,5718486.066999549977481,7.166213785000020,51.603079344999998,0,05220418701110389479
05,5,62,012,2022,04,15,2,3,5,3,0,0,1,0,0,0,0,364874.675999868020881,5732376.127999479882419,7.043526669000070,51.726006994999999,1,05220404701620789935
05,5,54,040,2022,03,10,5,3,8,1,0,0,1,0,0,0,0,350292.151942002994474,5736897.021778100170195,6.830596467000020,51.762923289000099,1,05220331705000681028
05,5,62,014,2022,03,13,2,3,5,3,0,0,1,0,1,0,0,361463.826999848010018,5716769.959999449551105,7.000356729000030,51.584937777000100,0,05220328701300595076
05,5,13,000,2022,04,22,6,3,0,7,2,0,0,0,0,0,1,368897.405568266985938,5714076.454870910383761,7.108594130000030,51.562510476000099,1,05220401700000275310
05,5,66,076,2022,03,08,5,3,0,1,0,0,0,0,1,0,0,392929.315999959013425,5792341.189999659545720,7.430809621000040,52.271010095000101,1,05220331709500874673
05,5,66,032,2022,04,15,3,3,6,7,0,0,1,1,0,0,0,413062.680999985022936,5777608.631999679841101,7.729572062000050,52.142139763000003,0,05220412709800079113
05,5,12,000,2022,04,10,6,3,5,3,0,0,1,0,0,0,0,358092.322999827971216,5710612.863999400287867,6.954209889000030,51.528771861000102,0,05220408701400187645
05,5,58,012,2022,04,16,5,3,2,1,0,1,1,0,0,0,0,373822.644999905023724,5756657.080999569967389,7.164154984000050,51.946295536000001,0,05220421706200081907
05,5,15,000,2022,04,18,4,3,5,2,0,1,1,0,0,0,0,405218.795999978028703,5756540.980999659746885,7.620825469000070,51.951487886000102,0,05220420702100605103
05,5,54,068,2022,04,17,4,3,0,7,0,1,0,1,0,0,0,350719.688658941013273,5767158.083998680114746,6.823683680000040,52.034922813999998,1,05220406705000020977
05,5,54,008,2022,04,13,2,3,5,3,0,0,1,0,0,0,0,332736.578999629011378,5743044.812998689711094,6.573469733000020,51.813182407000099,1,05220404705000580974
05,5,62,036,2022,04,10,7,3,5,3,0,1,1,0,0,0,0,389841.005999953020364,5719922.341999620199203,7.408773333000060,51.619534063000103,0,05220402701930089512
05,5,62,004,2022,04,12,4,3,1,2,0,1,1,0,0,0,0,382955.098999933979940,5711960.075999599881470,7.312007208000070,51.546581852000003,0,05220420701800586822
05,5,62,032,2022,03,16,1,3,2,6,0,1,0,0,0,0,0,373747.712737156020012,5714649.751897930167615,7.178324355000030,51.568769400000100,0,05220327701120353114
05,5,62,014,2022,04,10,6,3,3,6,0,1,1,0,0,0,0,362809.931709669006523,5712200.854320630431175,7.021557384000060,51.544207923000002,0,05220422701300175251
05,5,70,044,2022,04,13,4,2,0,3,0,1,1,0,0,0,0,414986.197212507016957,5764764.019854649901390,7.760875669000030,52.026982541999999,0,05220413711143787306
05,5,54,020,2022,03,14,1,3,0,7,0,1,0,1,0,0,0,366549.701164873025846,5787214.650662500411272,7.046443878000050,52.219177627000100,0,05220327705000070528
05,5,15,000,2022,04,06,4,3,3,6,0,1,0,0,0,0,0,404457.522999977984000,5755094.726999660022557,7.610153507000060,51.938358131000001,0,05220406702100274700
05,5,54,020,2022,04,09,7,2,5,3,0,1,1,0,0,0,0,365704.948999874002766,5783378.530999509617686,7.035606523000070,52.184503451000097,1,05220409705000320789
05,5,54,012,2022,03,07,3,3,3,3,0,1,1,0,0,0,0,352884.111739684012718,5746393.589169310405850,6.864097311000020,51.848937030000101,0,05220329705000781131
05,5,13,000,2022,04,14,5,3,2,6,0,0,1,0,0,0,0,365378.151393463020213,5710430.909666029736400,7.059247872000070,51.528920775000103,0,05220414700000880939
05,5,13,000,2022,03,15,2,3,5,3,0,1,1,0,0,0,0,363434.910999859974254,5715041.309999469667673,7.029461426000070,51.569884747000103,0,05220328700000986124
05,5,12,000,2022,04,15,3,3,1,5,0,1,0,0,0,0,1,356665.314567925001029,5710487.163711509667337,6.933703116000060,51.527281921000103,0,05220419701400075421
05,5,54,004,2022,04,08,5,3,5,3,0,1,0,0,0,0,1,363799.317289525002707,5771724.499120700173080,7.012417202000050,52.079320895000102,1,05220407705000072466
05,5,54,008,2022,04,09,7,2,5,3,0,1,0,0,0,0,0,334901.920388552010991,5743070.992491359822452,6.604840570000020,51.814061294000098,0,05220409705000585682
05,5,66,008,2022,05,13,3,3,5,3,0,1,1,0,0,0,0,399262.258712025010027,5779300.561464799568057,7.527469941000050,52.155002197999998,0,05220503709000442437
05,5,62,012,2022,04,17,7,3,0,1,0,1,0,0,0,0,0,358768.362999834003858,5727709.386999419890344,6.957063311000070,51.682568370000098,0,05220423701610791627
05,5,58,012,2022,05,17,1,3,0,1,0,1,0,0,1,0,0,375915.542939343024045,5750978.324712960049510,7.196636261000040,51.895733488000097,0,05220508706200781907
05,5,66,076,2022,04,16,4,3,4,6,0,1,0,0,0,0,0,395293.529999963997398,5793729.856999659910798,7.465013871000050,52.283945753000097,0,05220427709500079230
05,5,15,000,2022,05,10,7,3,5,3,0,1,1,0,0,0,0,403349.914999975007959,5760905.578999659977853,7.592411044000070,51.990396535000102,0,05220507702100876768
05,5,70,004,2022,05,10,3,3,5,3,0,0,1,0,0,1,1,425172.066999992995989,5735251.784999649971724,7.915714757000050,51.763150078000102,0,05220503711213602814
05,5,15,000,2022,04,16,3,3,0,1,0,1,0,0,0,0,0,405884.439999977999832,5758352.781999659724534,7.630011931000070,51.967886204000102,0,05220426702100865835
05,5,54,016,2022,05,19,3,3,5,3,0,1,1,0,0,0,0,363249.076249205972999,5758098.949360620230436,7.009835229000030,51.956753059999997,0,05220503705000389749
05,5,15,000,2022,04,17,4,3,5,3,0,1,0,0,0,0,0,405623.247999979008455,5757098.553999659605324,7.626555733000030,51.956568377000103,0,05220427702100575998
05,5,66,084,2022,05,15,5,3,0,1,0,1,0,0,0,0,0,389389.936513599008322,5775828.573428330011666,7.384350713000060,52.121909510000101,0,05220505709300087315
05,5,15,000,2022,04,16,4,3,6,1,0,1,0,1,0,0,0,406312.978205801977310,5757011.764706750400364,7.636613809000040,51.955904906999997,0,05220427702100672436
05,5,54,068,2022,05,15,6,3,5,3,0,1,1,0,0,0,0,350598.072158113005571,5766877.018748549744487,6.822034812000030,52.032364861000097,0,05220506705000791822
05,5,62,028,2022,05,14,3,3,5,3,0,1,0,0,0,0,1,379677.845999924989883,5721970.139999589882791,7.261334437000070,51.635857551000100,0,05220503701920281228
05,5,62,020,2022,04,14,1,2,0,1,0,0,0,0,0,0,1,370462.702729271026328,5717925.134226920083165,7.129743821000030,51.597459533000098,0,05220424701200380906
05,5,62,014,2022,05,15,4,3,6,6,0,0,0,1,0,0,1,358665.126999832980800,5716476.719999410212040,6.960105378000040,51.581607810000001,0,05220504701300846321
05,5,66,044,2022,05,03,1,3,9,1,2,1,0,0,0,0,1,422399.911080573976506,5773905.956418209709227,7.866832385000070,52.110247057000002,0,05220501709800591839
05,5,15,000,2022,04,15,3,3,5,7,0,1,1,0,0,0,0,407620.217855660011992,5760714.240062220022082,7.654635307000040,51.989403387000003,0,05220426702100372433
05,5,15,000,2022,04,11,7,3,1,5,0,1,1,0,0,0,0,407636.630667495017406,5755307.419022530317307,7.656328555000070,51.940806717999997,0,05220423702100642451
05,5,66,012,2022,05,18,2,3,0,5,0,1,1,0,0,0,0,405434.511062612000387,5771294.041499439626932,7.619888115000040,52.084129955000002,0,05220509709110874663
05,5,62,020,2022,04,04,1,2,0,1,2,1,0,0,0,0,0,369604.946039530972484,5721078.244390499778092,7.116193785000060,51.625597663000100,0,05220424701200369387
05,5,70,052,2022,04,11,3,3,5,3,0,1,1,0,0,0,0,430574.787999994994607,5755413.883999669924378,7.989938422000020,51.945099073000101,0,05220426711113591857
05,5,66,076,2022,05,16,3,3,4,2,0,1,1,0,0,0,0,395237.891954281018116,5794015.662657139822841,7.464109705000060,52.286503768000003,0,05220503709500091846
05,5,54,036,2022,05,13,6,3,8,1,0,1,0,0,0,0,0,369902.807472891989164,5766428.281947320327163,7.103448704000070,52.033197231000003,0,05220506705000551911
05,5,62,004,2022,05,08,4,3,1,6,0,0,1,0,0,0,0,384632.717999939981382,5716265.944999599829316,7.334776845000020,51.585627741000103,0,05220504701800389378
05,5,58,032,2022,05,13,7,2,4,1,0,1,1,0,0,0,0,386947.610999945027288,5754374.689999629743397,7.355779805000050,51.928605130999998,0,05220507706100474646
05,5,62,032,2022,05,11,4,3,5,3,0,1,1,0,0,0,0,375462.208999912021682,5718413.495999559760094,7.201714122000060,51.602976080000097,0,05220504701110981809
05,5,58,012,2022,05,16,5,3,6,3,0,0,1,1,0,0,0,373329.451268012984656,5755673.388551140204072,7.157345508000050,51.937343609000003,0,05220505706000279112
05,5,12,000,2022,05,13,6,3,1,1,0,0,1,0,1,0,1,357575.514999825973064,5711630.309999399818480,6.946353016000050,51.537784412000100,0,05220506701400489485
05,5,62,012,2022,05,20,4,3,5,3,0,0,1,0,0,0,0,364553.650999865029007,5733297.606999480165541,7.038522983000060,51.734210044000100,0,05220504701620887577
05,5,15,000,2022,05,15,2,3,4,6,0,1,1,0,0,0,0,408433.882999982975889,5753870.190999659709632,7.668305871000030,51.928019788000000,0,05220509702100076673
05,5,15,000,2022,04,19,7,3,1,6,0,1,1,0,0,0,0,405449.885979478014633,5758799.122412430122495,7.623565408000050,51.971824346000098,0,05220430702100572348
05,5,70,004,2022,04,18,2,3,0,7,0,1,0,0,0,0,0,424381.376465927984100,5736606.923325980082154,7.903964551000060,51.775226093000100,0,05220425711211791831
05,5,66,028,2022,05,17,4,3,0,1,0,1,0,0,0,0,0,417152.832999987993389,5791173.046999679878354,7.786008793000060,52.264693880000003,0,05220504709700576376
05,5,15,000,2022,05,09,2,3,5,3,0,1,1,0,0,0,0,404584.475999976973981,5760135.806999660097063,7.610599307000030,51.983691032000102,0,05220502702100164121
05,5,66,076,2022,05,15,6,3,4,6,0,1,1,0,0,0,0,394533.074928020010702,5793613.504888299852610,7.453906468000070,52.282754667000098,0,05220506709500679086
05,5,13,000,2022,04,15,4,3,2,2,0,0,1,0,1,0,0,367627.147999878972769,5709748.669999510049820,7.091906998000070,51.523321404999997,0,05220427700000789618
05,5,54,012,2022,04,10,4,3,1,5,0,1,1,0,0,0,0,351445.405657702009194,5745465.134862589649856,6.843624155000040,51.840214056000001,0,05220427705000080990
05,5,58,016,2022,04,15,7,3,0,1,0,1,1,0,0,0,0,381881.767940605990589,5744717.456057609990239,7.285443925000040,51.840762739000098,0,05220430706100739834
05,5,54,012,2022,04,04,2,3,8,1,2,0,0,0,1,0,0,352406.029999796999618,5745998.207999310456216,6.857330270000030,51.845258382000097,0,05220425705000491840
05,5,62,024,2022,05,13,1,3,2,6,0,0,1,0,0,0,0,374662.965999908978119,5725026.705999559722841,7.187811923000030,51.662231873000103,0,05220508701500265424
05,5,15,000,2022,05,18,2,3,0,1,0,1,0,0,0,0,0,406963.432448773004580,5756765.378441509790719,7.646143434000070,51.953799465000003,0,05220502702100572436
05,5,15,000,2022,05,15,6,3,8,7,0,1,0,0,0,0,0,405812.788287448987830,5756512.142540640197694,7.629473956000030,51.951329581000003,0,05220506702100676118
05,5,13,000,2022,04,17,6,2,3,6,0,1,0,0,0,0,0,362988.698182401014492,5710693.134158910252154,7.024720561000040,51.530702495000099,0,05220429700000791718
05,5,13,000,2022,04,09,4,3,5,3,0,1,0,0,0,0,1,368194.012367723975331,5708348.135412669740617,7.100597010000060,51.510867722999997,0,05220427700000989534
05,5,54,020,2022,04,18,2,3,5,3,0,0,1,0,0,0,0,365544.889999871025793,5786137.870999500155449,7.032171733000040,52.209258101000003,1,05220425705000220945
05,5,62,032,2022,05,13,6,3,2,6,0,0,1,0,0,0,0,375624.564999911992345,5719117.580999569967389,7.203807497000070,51.609339671999997,0,05220506701110077986
05,5,54,056,2022,05,20,4,3,6,7,0,0,0,1,1,0,0,357375.419999829027802,5763209.936999400146306,6.922289831000060,52.001200379000103,0,05220504705000020978
05,5,62,012,2022,04,16,7,3,5,3,0,0,1,0,0,0,0,362235.336999853025191,5730166.256999449804425,7.006210277000040,51.705506964999998,0,05220423701620671583
05,5,66,008,2022,05,00,7,3,0,7,2,1,0,0,0,0,0,398497.857999968982767,5781910.897999660111964,7.515519702000060,52.178323087000102,0,05220507709110370516
05,5,66,012,2022,04,14,2,2,5,3,0,1,1,0,0,0,0,404878.152999977988657,5772663.579999660141766,7.611388918000050,52.096344285000001,1,05220425709000438480
05,5,70,004,2022,05,07,2,3,3,2,0,0,1,0,0,1,0,424510.942493257985916,5732918.501041100360453,7.906643342000050,51.742085813000102,0,05220509711214181007
05,5,54,004,2022,04,17,5,3,3,5,0,1,1,0,0,0,0,363263.267229120014235,5771437.932525319978595,7.004714574000050,52.076613862999999,0,05220428705000489749
05,5,15,000,2022,04,22,6,3,4,7,2,1,1,0,0,0,0,405162.343677920987830,5753881.218083020299673,7.620737756000040,51.927571137000001,0,05220429702100476645
05,5,70,004,2022,05,16,4,3,6,4,0,0,1,1,0,0,0,424323.653462067013606,5735649.858741750009358,7.903336621000050,51.766614603999997,0,05220504711212289382
05,5,66,012,2022,05,09,2,2,5,3,0,1,1,0,0,0,0,405570.257999979017768,5771606.589999670162797,7.621782066000040,52.086962385000000,0,05220509709110552454
05,5,13,000,2022,04,07,2,3,5,3,0,0,1,0,0,0,1,367732.018999880005140,5712757.850999509915709,7.092287166000060,51.550388538000000,1,05220425700000877491
05,5,54,004,2022,05,14,2,3,5,3,0,0,1,0,0,0,0,357765.055943540995941,5777556.033757300116122,6.921985305000020,52.130199382000100,0,05220502705000520977
05,5,62,032,2022,05,12,5,3,2,2,0,0,1,0,0,0,1,375624.564999911992345,5719117.580999569967389,7.203807497000070,51.609339671999997,0,05220505701110078851
05,5,62,028,2022,05,18,6,3,5,3,0,1,1,0,0,0,0,379303.430649831017945,5722627.975514650344849,7.255699926000030,51.641689531000097,0,05220506701920996383
05,5,15,000,2022,05,15,5,3,5,3,0,1,1,0,0,0,0,399821.328042267996352,5756403.500923469662666,7.542352960000070,51.949306216000103,0,05220505702100874755
05,5,58,032,2022,05,11,6,3,0,1,0,0,0,0,1,0,0,386930.085064782004338,5754370.439790950156748,7.355526420000050,51.928563373000003,0,05220506706000281060
05,5,70,020,2022,05,23,3,3,8,1,2,0,1,0,0,0,0,432913.762999997008592,5743550.287999659776688,8.026270517000061,51.838734454000097,0,05220503711422091389
05,5,66,068,2022,05,13,6,3,5,3,0,1,1,0,0,0,0,377579.023999919008929,5785623.208999600261450,7.208386440000030,52.207437982000002,0,05220506709300591780
05,5,66,040,2022,04,13,3,3,3,2,0,1,0,0,0,0,0,421966.724725116975605,5782381.914126300252974,7.858561258000070,52.186376047000103,0,05220426709800387356
05,5,12,000,2022,05,08,2,3,5,3,0,0,1,0,0,1,0,357932.668999827990774,5709014.084999400191009,6.952554449000050,51.514365173000002,0,05220502701400675483
05,5,62,032,2022,04,07,4,3,6,4,0,0,1,1,0,0,0,378245.957999920006841,5716898.803999580442905,7.242415641000040,51.589971746000103,0,05220427701120151236
05,5,66,088,2022,04,14,7,3,3,1,0,1,0,0,0,0,1,423603.117607121006586,5785189.532027670182288,7.881859529000050,52.211842664000102,0,05220423709800891839
05,5,66,096,2022,05,14,1,2,2,6,0,1,0,0,0,0,0,385389.244205112976488,5785703.538665490224957,7.322605825000040,52.209839457000001,0,05220508709300274736
05,5,54,048,2022,05,17,2,3,0,3,0,1,1,0,0,0,0,341424.582999709993601,5743831.832999030128121,6.699035711000020,51.822785145000097,0,05220502705000091775
05,5,13,000,2022,05,08,4,3,5,3,0,1,1,0,0,0,0,362969.729999857023358,5710870.123999459668994,7.024378403000070,51.532288381000100,0,05220504700000789346
05,5,54,008,2022,04,17,2,3,6,2,0,0,1,1,0,0,0,335855.334999659971800,5746239.080998829565942,6.617157110000050,51.842802419000101,1,05220425705000986007
05,5,66,076,2022,05,21,6,2,8,1,2,1,0,0,0,0,0,394096.285837891977280,5793150.046620040200651,7.447651482000030,52.278505476000099,0,05220506709500342537
05,5,13,000,2022,05,08,3,3,8,1,0,0,1,0,0,0,0,369243.361999885994010,5708327.914999520406127,7.115717432000050,51.510929819000097,0,05220503700000857809
05,5,12,000,2022,05,13,2,3,6,7,0,0,0,1,0,0,1,355373.339740997995250,5710243.058843599632382,6.915191575000050,51.524759056000100,0,05220509701400949493
05,5,70,004,2022,05,07,5,3,5,2,0,1,1,0,0,0,0,422996.616999992984347,5734849.764999650418758,7.884287105000060,51.759241116000098,0,05220505711215189447
05,5,54,068,2022,05,13,3,3,0,3,0,1,1,0,0,0,0,351553.959911011974327,5767154.775323850102723,6.835838315000050,52.035117028000101,0,05220503705000191841
05,5,54,008,2022,05,16,4,3,0,6,0,1,0,0,0,0,0,335026.135999651974998,5745003.977998790331185,6.605720062000050,51.831462704000003,0,05220504705000074468
05,5,54,008,2022,05,12,5,3,5,3,0,1,1,0,0,0,0,336356.629999666009098,5746244.238998849876225,6.624425069000040,51.842995883000100,0,05220505705000487250
05,5,66,008,2022,04,12,5,3,0,7,0,1,0,0,0,0,1,399292.850954859983176,5781409.337046439759433,7.527291299000070,52.173960894000103,0,05220428709000379088
05,5,66,012,2022,04,12,6,3,4,2,0,1,1,0,0,0,0,404885.009999976027757,5772792.518999660387635,7.611452997000070,52.097504389000100,0,05220429709000676750
05,5,66,076,2022,05,15,2,2,8,1,0,0,0,0,0,0,1,392416.509999956993852,5792692.107999660074711,7.423185267000060,52.274063748000103,0,05220509709500091846
05,5,15,000,2022,05,01,2,2,0,7,2,1,0,0,0,0,0,405792.125592363998294,5757842.192071029916406,7.628808659000070,51.963281162000001,0,05220502702100091827
05,5,66,064,2022,05,18,5,3,0,7,0,1,0,0,0,0,0,395719.703036948980298,5772570.195826900191605,7.477769114000070,52.093854763000103,0,05220505709000687292
05,5,70,004,2022,05,09,6,3,0,5,0,1,1,0,0,0,0,423515.221999994013458,5735367.153999649919569,7.891685836000020,51.763963330000102,0,05220506711212891831
05,5,66,060,2022,04,16,3,3,2,6,0,0,1,0,0,0,0,389128.770025798992720,5788755.715514410287142,7.376311311000050,52.238034433999999,0,05220426709500591793
05,5,15,000,2022,05,16,2,2,5,3,0,1,1,0,0,0,0,402384.145999972999562,5758426.777999660000205,7.579055685000070,51.967947622000104,0,05220509702100676768
05,5,70,004,2022,04,01,2,3,1,7,2,0,1,0,0,0,0,424941.171933726989664,5734401.107216670177877,7.912553386000070,51.755471829000001,0,05220425711213091105
05,5,13,000,2022,04,13,7,2,6,6,0,1,0,1,0,0,0,368017.083999880996998,5708063.387999510392547,7.098155462000020,51.508267467000103,0,05220430700000867056
05,5,70,052,2022,05,13,6,3,4,6,0,1,0,0,0,0,0,429309.120999994978774,5755038.140999670140445,7.971604771000050,51.941561899000099,0,05220506711112376143
05,5,58,044,2022,05,08,3,3,5,3,0,1,1,0,0,0,0,395495.653095995017793,5746623.828576070256531,7.482401534000080,51.860611208000101,0,05220503706300287272
05,5,58,016,2022,04,17,4,3,4,1,0,1,0,0,0,0,0,381251.072999930998776,5745008.066999600268900,7.276193699000030,51.843240731000002,0,05220427706000265766
05,5,54,008,2022,04,06,5,2,0,7,0,0,0,0,0,0,1,335459.311904923990369,5745859.531247920356691,6.611594069000030,51.839276229000099,0,05220428705000374468
05,5,54,008,2022,04,11,4,3,2,6,0,0,1,0,0,0,0,335899.761999659996945,5744772.225998830050230,6.618497090000060,51.829638080000102,0,05220427705000685645
05,5,54,068,2022,04,17,2,3,5,3,0,1,1,0,0,0,0,350577.072999785013963,5766905.803999270312488,6.821716354000050,52.032617822000098,0,05220425705000687233
05,5,54,044,2022,05,09,6,3,1,5,0,0,1,0,1,0,0,365131.082283544994425,5741425.109926540404558,7.043723772000020,51.807383610999999,0,05220506705000580990
05,5,54,008,2022,04,11,1,3,4,6,0,1,1,0,0,0,0,339583.078649458009750,5750418.880288390442729,6.669282180000040,51.881435938999999,0,05220424705000780974
05,5,13,000,2022,04,19,3,2,5,3,2,1,0,0,0,0,1,365077.758999867015518,5715788.258999479934573,7.052864874000020,51.576992656000101,0,05220426700000475282
05,5,70,028,2022,05,07,2,3,5,3,0,1,1,0,0,0,0,440170.402001639013179,5741546.373497629538178,8.131930274000069,51.821543566000102,0,05220509711412551228
05,5,62,032,2022,05,11,6,3,5,3,0,1,0,0,0,0,0,374701.099999908008613,5713835.083999560214579,7.192363677000060,51.561660527000100,0,05220506701120785387
05,5,62,016,2022,04,17,6,3,0,1,0,1,0,0,0,0,0,376297.988927931990474,5735207.899624680168927,7.207826243000060,51.754092675000003,0,05220429701700472329
05,5,13,000,2022,04,18,3,3,5,2,0,1,1,0,0,0,0,365075.563402344007045,5715795.270665870048106,7.052830514000050,51.577055139999999,0,05220426700000186125
05,5,12,000,2022,04,15,7,3,6,7,0,0,1,1,0,0,0,353703.953389135014731,5711046.692293209955096,6.890810854000050,51.531550208000098,0,05220430701400990525
05,5,62,014,2022,05,08,2,3,1,5,0,1,1,0,0,0,0,358852.367412420979235,5715899.777886349707842,6.963037868000070,51.576470378000103,0,05220502701300486127
05,5,15,000,2022,04,17,4,3,2,6,0,1,0,0,0,0,0,402889.015237879997585,5757482.606676340103149,7.586669374000050,51.959549584000101,0,05220427702100674714
05,5,66,040,2022,05,22,3,3,5,3,2,1,1,0,0,0,0,421713.658999992010649,5781869.483999679796398,7.854978642000050,52.181734011000103,0,05220503709800074768
05,5,66,012,2022,04,17,2,3,5,3,0,1,1,0,0,0,0,404001.698642866977025,5772178.924394659698009,7.598734865000040,52.091836770999997,0,05220425709110553107
05,5,13,000,2022,05,14,3,3,5,3,0,0,1,0,0,0,0,366008.041999871027656,5708862.224999490194023,7.068919562000080,51.514973484999999,0,05220503700000091784
05,5,54,012,2022,05,12,2,3,5,3,0,1,1,0,0,0,0,352018.231999792973511,5745685.822999300435185,6.851838405000020,51.842348997000002,0,05220509705000647595
05,5,62,024,2022,05,15,2,3,5,3,0,1,0,0,0,0,1,370053.603999888990074,5725415.395999530330300,7.121060765000040,51.664677994999998,0,05220502701500871939
05,5,62,024,2022,05,14,6,3,5,3,0,1,1,0,0,0,0,367770.281707099988125,5725405.795338359661400,7.088068696000050,51.664059072999997,0,05220506701500370211
05,5,54,012,2022,04,07,5,3,2,6,0,1,0,0,0,0,0,351018.787999785970896,5744840.446999290026724,6.837705237000020,51.834487713000001,0,05220428705000691842
05,5,62,028,2022,04,15,3,3,1,5,0,1,1,0,0,0,0,379580.800999925006181,5723158.361999589949846,7.259523918000070,51.646515762000000,0,05220426701920181228
05,5,62,032,2022,05,17,4,3,0,1,0,0,0,0,1,0,0,373412.872083040012512,5715452.084538780152798,7.173206532000050,51.575904924000000,0,05220504701120881129