ULAND,UREGBEZ,UKREIS,UGEMEINDE,UJAHR,UMONAT,USTUNDE,UWOCHENTAG,UKATEGORIE,UART,UTYP1,ULICHTVERH,IstRad,IstPKW,IstFuss,IstKrad,IstGkfz,IstSonstige,LINREFX,LINREFY,XGCSWGS84,YGCSWGS84,STRZUSTAND,UIDENTSTLAE
05,5,66,096,2022,05,07,2,3,5,3,0,1,1,0,0,0,0,385225.304999942018185,5785673.032999630086124,7.320217940000020,52.209531190000099,0,05220509709300987315
05,5,13,000,2022,05,17,4,3,5,3,0,1,1,0,0,0,0,364451.843999864009675,5716196.790999479591846,7.043679936000050,51.580513711999998,0,05220504700000289634
05,5,54,008,2022,05,07,5,3,5,3,0,1,0,0,0,0,0,335450.346999656991102,5745387.304998810403049,6.611688636000050,51.835031395000001,0,05220505705000717282
05,5,58,044,2022,05,17,4,3,5,3,0,1,0,0,0,0,1,395495.653095995017793,5746623.828576070256531,7.482401534000080,51.860611208000101,0,05220504706300353747
05,5,54,020,2022,04,07,3,3,5,3,0,1,1,0,0,0,0,364685.753999867010862,5786757.622999490238726,7.019358161000070,52.214616460000101,0,05220426705000020717
05,5,70,004,2022,05,17,1,3,0,1,0,1,0,0,0,0,0,420716.377991863992065,5732190.479919659905136,7.851861731000040,51.735017178000099,0,05220508711215996382
05,5,66,068,2022,04,18,5,3,0,3,0,1,1,0,0,0,0,376758.419116439006757,5786454.388265280053020,7.196080834000040,52.214724218000100,0,05220428709300070597
05,5,62,014,2022,05,12,2,3,5,3,0,0,1,0,0,0,0,358536.311999830999412,5716785.403999409638345,6.958123085000070,51.584349292000098,0,05220502701300177662
05,5,66,012,2022,05,16,5,2,5,3,0,1,1,0,0,0,0,405004.720999977027532,5773604.604999669827521,7.612973617000020,52.104824120000004,0,05220505709110172667
05,5,66,028,2022,04,08,6,2,5,3,0,1,1,0,0,0,0,413112.079078638984356,5794147.288427930325270,7.726047151000050,52.290803752000002,0,05220429709700791641
05,5,66,076,2022,05,16,6,3,5,3,0,1,1,0,0,0,0,394137.778488821990322,5793235.996488399803638,7.448232458000060,52.279285919000102,0,05220506709500274704
05,5,62,020,2022,05,10,3,3,6,2,0,0,1,1,0,0,0,371251.876999893982429,5717215.834999539889395,7.141391692000070,51.591266103000102,0,05220503701200978098
05,5,54,008,2022,05,16,4,3,2,6,0,0,1,0,0,0,0,336106.711096226994414,5745939.444081080146134,6.620944834000060,51.840184481000101,0,05220504705000091775
05,5,58,012,2022,04,17,2,2,0,7,0,1,1,0,0,0,0,374134.201163742982317,5756782.315208179876208,7.168639682000050,51.947491523000103,0,05220425706200036604
05,5,15,000,2022,05,19,6,3,5,3,0,0,1,0,0,0,1,406117.152999978978187,5757036.969999659806490,7.633758038000050,51.956098437999998,0,05220506702100541596
05,5,70,004,2022,05,06,4,3,0,5,0,1,1,0,0,0,0,422924.871367080020718,5735643.768283950164914,7.883071646000080,51.766369029000003,0,05220504711215853661
05,5,62,020,2022,05,23,2,2,5,3,2,0,1,0,0,0,0,369344.000999887008220,5719511.281999520026147,7.113010442000070,51.611455373000098,0,05220502701200571187
05,5,62,032,2022,04,15,2,3,3,3,0,1,1,0,0,0,0,377367.028725359006785,5716285.716660180129111,7.229948517000030,51.584271129000101,1,05220425701120578327
05,5,54,060,2022,05,21,1,3,8,1,1,1,0,0,0,0,0,349566.790500390983652,5755916.127055870369077,6.811818930000070,51.933608983000099,0,05220501705000082365
05,5,70,052,2022,05,07,2,3,5,3,0,0,1,0,1,0,0,429881.771999995980877,5756093.721999660134315,7.979718824000030,51.951123632000098,0,05220509711112345696
05,5,66,076,2022,05,15,3,3,0,7,0,1,0,0,0,0,0,393532.441764282993972,5795901.889975300058722,7.438520362000080,52.303127854000103,0,05220503709500374669
05,5,54,012,2022,05,10,4,3,5,3,0,1,1,0,0,0,0,352547.989999798010103,5746113.096999309957027,6.859340609000070,51.846328157000102,0,05220504705000808064
05,5,54,012,2022,04,15,7,3,5,3,0,1,0,0,0,0,0,352161.160999794024974,5745196.100999300368130,6.854120938000050,51.837986757000103,0,05220423705000687336
05,5,13,000,2022,05,02,7,3,8,1,2,0,1,0,0,0,0,365249.391999869025312,5715681.751999489963055,7.055381126000040,51.576076593000003,0,05220507700000691843
05,5,62,014,2022,04,22,5,2,5,3,2,1,1,0,0,0,0,358823.856999834009912,5715885.228999420069158,6.962632550000020,51.576332504000000,0,05220428701300789552
05,5,15,000,2022,05,12,2,3,2,6,0,0,1,0,1,0,0,403544.620824204001110,5757840.046925620175898,7.596107421000060,51.962876488000099,0,05220502702100079167
05,5,58,016,2022,05,14,5,3,5,3,0,1,1,0,0,0,0,381907.188999933016021,5743754.477999599650502,7.286141437000030,51.832113655999997,0,05220505706000805114
05,5,13,000,2022,05,19,1,3,5,3,0,1,1,0,0,0,0,368425.090173368982505,5709509.096753899939358,7.103491628000030,51.521354878000103,0,05220501700000879621
05,5,13,000,2022,04,21,6,3,5,3,2,0,1,0,0,0,0,365199.366996863973327,5717843.020136780105531,7.053829744000040,51.595486666000099,0,05220429700000572393
05,5,62,020,2022,04,19,7,3,1,5,0,0,1,0,0,0,1,371277.331817939004395,5715946.918317190371454,7.142224233000040,51.579868337999997,0,05220430701200278327
05,5,66,076,2022,05,18,2,3,5,2,0,0,1,0,1,0,0,393116.679999960004352,5797664.804999659769237,7.431865272000040,52.318890618000097,0,05220502709500091846
05,5,70,036,2022,04,20,1,2,1,5,1,0,1,0,1,0,0,435075.490999998000916,5760947.505999670363963,8.054362224000039,51.995388609000003,0,05220424711121051245
05,5,58,012,2022,05,16,2,3,0,3,0,1,1,0,0,0,0,374813.871730275976006,5756536.054024389944971,7.178613218000070,51.945431867000103,0,05220509706200479103
05,5,54,008,2022,04,09,7,3,5,3,0,1,1,0,0,0,0,334293.057899908977561,5747577.244556990452111,6.593858158000050,51.854362086000002,0,05220430705000079006
05,5,66,012,2022,05,10,2,3,5,3,0,1,0,0,0,1,0,401491.169999972975347,5776720.516999670304358,7.560787572000040,52.132215185000099,0,05220502709110856195
05,5,58,016,2022,05,09,6,3,6,2,0,1,0,1,0,0,0,381623.473999931011349,5743250.291999599896371,7.282198368000020,51.827522393999999,0,05220506706100585357
05,5,54,020,2022,04,16,3,3,1,6,0,0,1,0,0,0,0,366533.033999877981842,5786788.677999510429800,7.046368047000040,52.215346056999998,0,05220426705000220728
05,5,66,028,2022,05,16,6,3,0,1,0,1,0,0,0,0,0,416151.257999988971278,5792730.541999679990113,7.770948798000060,52.278541593000099,1,05220520709700012163
05,5,58,008,2022,05,12,7,2,5,2,0,1,0,0,0,0,0,382363.672454528976232,5759403.520778659731150,7.287421874000070,51.972849502000003,0,05220514706200079103
05,5,54,056,2022,05,18,6,2,6,7,0,0,1,1,0,0,0,357273.146402722981293,5762269.220093560405076,6.921192687000030,51.992721720000098,0,05220513705000521108
05,5,62,012,2022,05,08,3,3,5,3,0,0,1,0,0,0,0,364482.548999865015503,5733625.590999480336905,7.037366250000050,51.737140151000098,0,05220517701620995218
05,5,15,000,2022,05,20,2,3,0,5,1,1,1,0,0,0,0,405650.078216959023848,5755895.737580230459571,7.627276281000040,51.945761474999998,0,05220523702100876118
05,5,62,008,2022,05,11,4,3,6,7,0,0,1,1,0,0,0,384597.680533219012432,5722726.030215639621019,7.332144069000040,51.643682152000103,0,05220525701910149495
05,5,58,016,2022,05,09,4,3,9,7,0,0,1,0,0,0,0,381526.768425686983392,5743848.331532349810004,7.280591014000040,51.832876575999997,0,05220511706100774646
05,5,12,000,2022,05,13,1,3,6,4,0,1,0,1,0,0,0,357977.661893878015690,5711660.041238619945943,6.952135666000060,51.538152894000099,0,05220515701400975421
05,5,62,032,2022,05,16,2,3,6,4,0,0,1,1,0,0,0,379596.060877760988660,5719025.598794169723988,7.261165323000060,51.609376305000097,1,05220523701110273590
05,5,15,000,2022,05,17,4,3,5,7,0,1,0,0,0,0,1,405492.397025684011169,5757183.818468020297587,7.624628624000020,51.957312548000097,0,05220525702100850183
05,5,54,020,2022,05,17,2,3,0,1,0,0,0,0,1,0,0,366189.252003595989663,5785603.167923999950290,7.041807663000040,52.204610416999998,1,05220516705000491762
05,5,54,008,2022,05,12,3,3,0,1,0,1,0,0,0,0,0,336327.242999663983937,5745742.465998849831522,6.624236266000030,51.838479610000000,0,05220524705000396520
05,5,13,000,2022,05,14,4,3,1,5,0,1,1,0,0,0,0,363631.677999861014541,5712702.637999470345676,7.033205920000060,51.548916288999997,0,05220511700000570110
05,5,15,000,2022,05,09,2,3,2,6,0,1,1,0,0,0,0,405568.931193079974037,5758684.144551060162485,7.625329526000030,51.970811118000000,0,05220523702100991803
05,5,58,016,2022,05,18,4,3,2,1,0,1,0,0,0,0,0,387752.415802238974720,5747172.417956289835274,7.369824448000030,51.864037797999998,0,05220518706000889265
05,5,54,008,2022,05,18,5,3,2,6,0,1,1,0,0,0,0,334916.711927976983134,5746486.218464319594204,6.603426249000050,51.844745846000102,1,05220519705000496574
05,5,54,048,2022,05,14,6,2,5,3,0,1,1,0,0,0,0,342403.415999719989486,5744366.524999059736729,6.712983171000080,51.827865759000098,1,05220520705000080974
05,5,62,024,2022,05,13,4,3,6,4,0,0,1,1,0,0,0,369480.884377051028423,5726166.669773889705539,7.112503795000070,51.671296650000002,0,05220525701500295049
05,5,62,032,2022,05,14,6,3,5,3,0,0,1,0,0,0,1,375570.998999910021666,5719907.257999570108950,7.202753980000070,51.616424764000001,0,05220520701110295070
05,5,15,000,2022,05,14,4,2,5,3,0,1,1,0,0,0,0,407713.118999980972148,5751437.567999660037458,7.658478460000030,51.906034837999997,0,05220518702100068281
05,5,62,032,2022,05,08,5,3,5,3,0,1,1,0,0,0,0,375529.277864615025464,5719712.948407010175288,7.202220697000030,51.614669256000099,0,05220512701110595214
05,5,15,000,2022,05,11,2,3,5,2,0,0,1,0,0,0,1,405947.019999977026600,5757054.465999660082161,7.631278130000060,51.956226950000001,0,05220523702100579100
05,5,54,048,2022,05,16,3,3,6,2,0,0,1,1,0,0,0,341494.507999712019227,5745749.670999039895833,6.699171172000040,51.840034772000102,0,05220517705000119860
05,5,58,020,2022,05,10,2,3,0,7,0,1,0,0,0,0,1,390989.964999954972882,5759443.446999640204012,7.412938712000030,51.974967322000097,0,05220523706200103118
05,5,15,000,2022,05,17,4,3,7,6,0,1,1,0,0,0,0,405826.785547901992686,5757242.300829459913075,7.629477450000020,51.957894945000099,0,05220518702100874735
05,5,66,008,2022,05,07,5,3,2,6,0,1,0,0,0,0,0,399343.999999970023055,5780267.358999669551849,7.528377751000050,52.163706435999998,0,05220519709110664414
05,5,66,040,2022,05,15,2,3,2,5,0,1,1,0,0,0,0,421435.124999993015081,5782761.054999680258334,7.850699044000070,52.189708619000001,0,05220523709800074768
05,5,54,012,2022,05,12,5,3,0,1,0,1,0,0,0,0,0,352134.901095124019776,5745521.999540760181844,6.853600767000050,51.840907968000103,0,05220519705000296519
05,5,62,032,2022,05,08,2,3,5,7,0,1,1,0,0,0,0,378208.204999918991234,5717261.048999579623342,7.241745212000070,51.593219208999997,0,05220523701120055844
05,5,15,000,2022,05,02,6,3,1,5,2,0,1,0,0,0,1,407007.001612505991943,5756718.913625589571893,7.646789830000050,51.953389102000102,0,05220520702100179610
05,5,58,024,2022,05,08,7,3,8,1,0,1,0,0,0,0,0,389613.054999950982165,5735987.219999630004168,7.400399169000020,51.763879501000098,0,05220514706000308303
05,5,66,028,2022,05,07,3,3,5,3,0,1,1,0,0,0,0,411276.491999985009898,5792520.897999679669738,7.699569263000060,52.275892087000003,0,05220510709700355965
05,5,66,076,2022,05,18,4,3,7,1,0,1,0,0,0,0,0,394433.500399129989091,5791806.900831930339336,7.453012829000040,52.266499136999997,0,05220525709500179230
05,5,70,008,2022,05,07,6,3,5,3,0,0,1,0,1,0,0,433166.675016421009786,5733885.616088650189340,8.031803479000081,51.751879520000003,0,05220513711312602956
05,5,54,008,2022,05,08,2,3,5,3,0,1,1,0,0,0,0,337056.591039948980324,5747066.399174699559808,6.634189485000040,51.850586464000102,0,05220516705000496570
05,5,13,000,2022,05,16,6,3,2,6,0,0,1,0,0,0,0,369674.713999887986574,5710416.101999520324171,7.121157567000070,51.529795720000003,1,05220520700000080912
05,5,66,076,2022,05,15,4,3,0,2,0,1,0,0,0,0,0,394847.730999962019268,5788124.300999660044909,7.460227185000060,52.233481779999998,1,05220525709500176632
05,5,15,000,2022,05,13,7,3,1,6,0,0,1,0,1,0,0,404902.170991978025995,5758234.195954279974103,7.615750918000060,51.966653124000104,0,05220514702100272348
05,5,70,052,2022,05,18,3,3,2,6,0,1,1,0,0,0,0,428662.314095530018676,5753254.274489260278642,7.962566745000060,51.925443121000100,0,05220517711114976726
05,5,70,016,2022,05,15,2,3,0,1,0,1,0,0,0,0,0,410221.415811120998114,5740246.768752920441329,7.697837120000030,51.805852308000098,0,05220523711221281052
05,5,15,000,2022,05,13,7,3,5,2,0,1,0,0,0,0,1,411857.509999984991737,5752521.181999660097063,7.718429162000060,51.916446436999998,0,05220521702100476642
05,5,13,000,2022,05,07,2,3,2,2,0,0,1,0,0,0,0,368384.111999883025419,5709300.608999510295689,7.102979193000070,51.519471700000103,0,05220523700000657809
05,5,12,000,2022,05,09,4,3,2,6,0,0,1,0,0,0,0,358541.519991050998215,5712644.805988349951804,6.959864731000040,51.547143531000103,0,05220511701400475421
05,5,15,000,2022,05,11,1,3,5,3,0,1,1,0,0,0,0,411017.279999982973095,5759940.345999659970403,7.704294964000040,51.983001731999998,0,05220522702100365384
05,5,66,028,2022,05,18,2,3,0,3,0,1,1,0,0,0,0,408309.394684791972395,5794744.329751529730856,7.655488049000040,52.295389536000101,0,05220523709700142796
05,5,66,080,2022,05,17,4,3,0,1,0,0,1,0,1,0,0,406522.968999977980275,5781169.278999670408666,7.633054492000040,52.173075493000098,1,05220518709110196649
05,5,66,008,2022,05,07,5,3,0,3,0,1,1,0,0,0,0,399073.911009232979268,5782326.789442350156605,7.523817730000080,52.182166677000097,0,05220512709110947851
05,5,15,000,2022,05,17,2,3,0,1,0,1,0,0,0,0,0,404750.305557955987751,5757277.592689270153642,7.613806353000030,51.958028807000098,1,05220516702100457476
05,5,12,000,2022,05,18,6,3,1,5,0,0,1,0,0,0,1,357141.631999859004281,5712846.888999380171299,6.939607261000050,51.548606764000098,0,05220513701400395069
05,5,13,000,2022,05,06,4,3,5,3,0,1,1,0,0,0,0,368475.029999881982803,5711385.773999519646168,7.103510180000060,51.538231745000097,0,05220525700000875452
05,5,62,012,2022,05,12,2,3,5,3,0,0,1,0,0,0,1,358663.996999835013412,5725272.668999410234392,6.956540579000030,51.660646406000097,0,05220523701610489352
05,5,13,000,2022,05,22,2,3,0,1,2,0,0,0,0,0,1,368093.371999881986994,5708162.017999510280788,7.099217209000070,51.509171645000002,0,05220516700000394942
05,5,54,052,2022,05,20,7,3,3,6,0,1,0,0,0,0,0,378901.098523453983944,5773184.958751919679344,7.232158914000020,52.095954581000100,0,05220514705000287307
05,5,13,000,2022,05,12,4,3,5,3,0,0,1,0,1,0,0,367729.889999879989773,5706591.690999500453472,7.094571346000070,51.494974546999998,0,05220525700000894942
05,5,62,020,2022,05,22,3,3,8,1,2,0,1,0,0,0,0,371252.431999895023182,5717282.950999540276825,7.141375076000030,51.591869392000000,0,05220524701200694988
05,5,54,048,2022,05,17,4,3,1,7,0,1,1,0,0,0,0,341416.396766830992419,5745491.325328730046749,6.698156735000050,51.837691634000102,0,05220518705000396574
05,5,66,016,2022,05,13,3,3,7,5,0,0,1,0,0,1,1,403415.505999975022860,5792091.881999669596553,7.584509313000070,52.270711349000102,0,05220517709500591846
05,5,66,008,2022,05,17,1,3,5,3,0,1,1,0,0,0,0,398484.638015510980040,5781612.188769839704037,7.515415830000050,52.175635956000100,0,05220515709110096672
05,5,15,000,2022,05,01,1,3,5,2,2,1,1,0,0,0,0,404464.114999976998661,5757665.046999660320580,7.609534910000040,51.961462293000103,0,05220522702100174700
05,5,12,000,2022,05,13,3,3,5,3,0,0,1,0,1,0,0,353882.323999803978950,5717407.803999340161681,6.890736904000050,51.588754448000003,0,05220510701400345275
05,5,15,000,2022,05,07,4,3,1,7,0,1,1,0,0,0,0,404893.504587973002344,5758772.919077550061047,7.615475569000070,51.971493889000001,0,05220525702100960729
05,5,54,020,2022,05,12,1,2,6,7,0,0,1,1,0,0,0,366088.236999874992762,5785679.195999509654939,7.040300278000070,52.205269026000103,0,05220515705000096694
05,5,62,020,2022,05,09,3,3,1,5,0,1,1,0,0,0,0,367315.318280126026366,5719166.590418970212340,7.083859313000060,51.607883346999998,0,05220524701200395136
05,5,15,000,2022,05,12,7,3,1,3,0,1,0,0,0,0,0,405677.556326091988012,5758537.095077740028501,7.626950737000070,51.969507819999997,0,05220521702100068372
05,5,13,000,2022,05,01,6,3,1,5,2,0,1,0,0,0,1,368473.599332924000919,5709238.294574090279639,7.104291499000060,51.518932538999998,0,05220520700000480939
05,5,54,008,2022,05,09,2,3,5,3,0,1,1,0,0,0,0,335975.908999661973212,5745233.343998829834163,6.619382619000020,51.833802872000000,0,05220516705000964132
05,5,62,032,2022,05,00,3,2,0,1,2,0,0,0,0,0,1,376157.113457744999323,5717291.953777589835227,7.212138987000060,51.593049804000003,0,05220510701110885379
05,5,62,032,2022,05,15,7,2,5,3,0,0,1,0,0,0,0,375973.272999913024250,5716814.833999570459127,7.209654983000060,51.588721393000100,0,05220521701110295214
05,5,54,020,2022,05,17,2,3,2,3,0,0,1,0,0,0,0,366136.037117781990673,5784993.744970520026982,7.041270260000030,52.199121593000001,0,05220516705000296666
05,5,15,000,2022,05,15,5,3,5,3,0,1,1,0,0,0,0,406884.655999979993794,5757243.175999660044909,7.644867943000070,51.958080969000001,1,05220519702100579228
05,5,66,084,2022,05,15,3,3,5,3,0,1,1,0,0,0,0,389179.781999950006139,5775730.218999640084803,7.381314402000040,52.120983492000100,0,05220524709300891753
05,5,66,044,2022,05,17,4,3,6,4,0,0,1,1,0,0,0,429855.956999997026287,5777891.045999679714441,7.974868776000050,52.147066311000103,0,05220518709800072435
05,5,54,008,2022,05,15,5,3,0,3,0,1,1,0,0,0,0,336296.459041720023379,5745264.068303500302136,6.624016172000040,51.834172915000103,0,05220512705000809603
05,5,66,068,2022,05,17,2,3,2,7,0,0,1,0,0,0,0,376607.247092042001896,5785973.611215099692345,7.194044541000040,52.210370044000101,0,05220516709300970597
05,5,66,008,2022,05,23,7,3,0,1,2,0,0,0,0,0,1,399864.041256960015744,5780883.736696979962289,7.535796361000050,52.169340880999997,0,05220514709110696563
05,5,66,076,2022,05,20,6,2,6,4,1,0,1,1,0,0,0,396818.494000084989239,5787338.119999700225890,7.489314522000030,52.226788842000097,0,05220520709500751486
05,5,66,004,2022,05,18,1,3,8,1,0,1,0,0,0,0,0,395583.340999963984359,5768239.444999650120735,7.477104580000060,52.054905720000100,0,05220515709300387329
05,5,58,004,2022,05,11,7,2,6,1,0,0,1,1,0,0,0,403038.244710457976907,5741540.039121850393713,7.593321967000070,51.816277297000099,0,05220514706000948226
05,5,66,080,2022,05,13,5,3,0,7,0,0,0,1,0,0,1,406739.067736944009084,5781195.214382310397923,7.636206475000050,52.173345171000101,0,05220512709000487292
05,5,62,004,2022,05,15,1,3,2,6,0,0,1,0,0,0,0,386888.752718532981817,5716263.124999370425940,7.367327215000050,51.586059766000098,0,05220522301921096739
05,5,15,000,2022,05,07,5,3,3,6,0,1,0,0,0,0,0,407555.729129498009570,5751633.861029149964452,7.656138587000040,51.907773147000100,0,05220519702100072463
05,5,62,024,2022,05,06,3,3,8,6,0,0,1,0,0,0,1,370153.131999890028965,5724017.490999530069530,7.123018278000070,51.652138514000100,0,05220510701500348703
05,5,54,008,2022,05,07,3,3,0,6,0,1,0,0,0,0,0,335721.815501754987054,5745204.234890369698405,6.615712011000030,51.833466704000003,0,05220517705000196570
05,5,70,008,2022,05,15,2,3,1,6,0,0,1,0,0,0,0,433018.635999995982274,5738640.147999660111964,8.028742042000029,51.794605150999999,0,05220523711314182312
05,5,15,000,2022,05,07,5,3,1,5,0,1,1,0,0,0,0,406444.642999977979343,5758004.780999659560621,7.638258817000060,51.964852779000097,0,05220519702100174700
05,5,62,024,2022,05,22,2,3,0,1,2,1,0,0,0,0,0,370100.013999891001731,5729741.314999530091882,7.120121569000050,51.703564047000000,1,05220523701500995026
05,5,66,076,2022,05,20,6,3,5,3,0,1,1,0,0,0,0,391697.944999956991524,5792204.342999660409987,7.412814479000080,52.269539086000101,0,05220520709500996697
05,5,70,004,2022,05,20,3,3,5,2,1,1,1,0,0,0,0,424582.208999992988538,5735767.084999660030007,7.907057289000020,51.767703321000099,0,05220510711211202816
05,5,54,040,2022,05,19,1,2,4,6,0,0,1,0,1,0,0,350825.934147369000129,5737060.425160779617727,6.838255359000070,51.764533900000103,0,05220515705000396587
05,5,15,000,2022,05,09,2,3,5,2,0,1,1,0,0,0,0,412311.306999986001756,5753051.077999659813941,7.724890541000040,51.921281239000102,0,05220523702100274121
05,5,58,012,2022,05,17,6,2,0,1,0,1,0,0,0,0,0,373245.050169678987004,5755801.921033210121095,7.156071060000040,51.938479434999998,1,05220520706000476761
05,5,70,008,2022,05,21,4,2,0,1,0,1,0,0,0,0,0,434819.734248985012528,5735166.391714669764042,8.055507146000020,51.763588630000100,0,05220518711313002632
05,5,70,048,2022,05,06,5,2,5,3,0,1,1,0,0,0,0,448468.809607644972857,5732073.824299690313637,8.253726561000059,51.737207290000100,0,05220512711321776733
05,5,54,008,2022,05,08,6,3,5,2,0,1,1,0,0,0,0,337195.737999673990998,5748149.330998879857361,6.635697843000060,51.860355599999998,0,05220513705000880974
05,5,62,032,2022,05,20,3,3,0,6,1,1,1,0,0,0,0,375271.762999910977669,5715654.380999559536576,7.199946204000070,51.578137368000100,0,05220510701120561481
05,5,54,068,2022,05,12,7,3,8,1,0,1,0,0,0,0,0,351652.058999793021940,5767519.836999289691448,6.837109027000050,52.038423170999998,0,05220514705000187233
05,5,70,004,2022,05,10,3,3,0,1,0,1,0,0,0,0,0,423315.594999992987141,5735038.486999659799039,7.888866236000070,51.760981428999997,0,05220517711215602925
05,5,62,032,2022,05,15,2,3,0,1,0,1,0,0,0,0,0,375469.159999913012143,5713940.731999560259283,7.203400859000060,51.562780119000102,1,05220523701120175292
05,5,62,008,2022,05,07,3,3,6,6,0,0,1,1,0,0,0,385603.999999940977432,5724721.999999609775841,7.346028411000020,51.661827033000101,0,05220524701910949550
05,5,66,060,2022,05,11,4,3,3,3,0,1,1,0,0,0,0,389048.861999951011967,5789388.481999649666250,7.374933826000070,52.243704989000001,0,05220511709500591846
05,5,54,048,2022,05,11,1,3,5,3,0,1,0,0,0,0,0,341180.786999708972871,5745793.622999019920826,6.694601068000050,51.840340505000000,0,05220522705000896533
05,5,15,000,2022,05,16,4,3,5,3,0,1,0,0,0,0,0,405895.695999979972839,5758391.405999659560621,7.630165142000070,51.968235279000098,0,05220518702100672345
05,5,66,076,2022,05,11,3,3,3,3,0,1,1,0,0,0,0,392965.306859239994083,5792351.403396029956639,7.431333635000040,52.271108890999997,0,05220524709500296617
05,5,62,014,2022,05,12,4,3,4,6,0,0,1,0,0,0,0,358846.656102565990295,5712795.147915859706700,6.964202140000050,51.548570908000002,0,05220525701300475486
05,5,66,076,2022,05,19,5,3,0,7,0,1,0,0,0,0,0,394758.642999961972237,5793206.204999660141766,7.457339031000060,52.279137392000102,1,05220519709500396697
05,5,58,016,2022,05,19,1,2,8,3,0,0,1,0,0,0,0,373799.577997100015637,5743766.443009669892490,7.168535651000070,51.830448318999998,0,05220515706000285357
05,5,54,068,2022,05,13,7,3,0,1,0,1,0,0,0,0,0,350547.063491293985862,5766925.356384039856493,6.821270676000040,52.032785402999998,0,05220521705000030800
05,5,15,000,2022,05,18,2,3,5,2,0,1,1,0,0,0,0,404655.843999976990744,5752738.798999659717083,7.613690260000060,51.917216045000004,1,05220523702100372463
05,5,13,000,2022,05,16,3,2,8,7,0,0,0,0,0,0,1,363185.367299604986329,5717168.403840020298958,7.025034307000060,51.588938872000000,0,05220510700000791481
05,5,15,000,2022,05,14,3,3,1,7,0,1,1,0,0,0,0,408163.370125947985798,5754158.209605810232460,7.664295947000030,51.930564113000102,0,05220517702100291827
05,5,62,032,2022,05,13,4,3,0,7,0,1,1,0,0,0,0,374443.760324176982976,5718636.768237289972603,7.186936004000070,51.604756502999997,0,05220525701110280608
05,5,54,012,2022,05,13,6,3,8,1,0,1,0,0,0,0,0,352703.667859337001573,5747666.498511309735477,6.860937048000040,51.860326429000096,0,05220520705000791736
05,5,54,056,2022,05,07,4,3,5,3,0,1,0,0,0,0,0,356821.900999824982136,5761675.165999379940331,6.914873052000080,51.987267993000003,0,05220518705000195869
05,5,66,012,2022,05,10,5,3,1,5,0,0,1,0,0,0,0,404895.710496042971499,5772983.595789729617536,7.611555828000060,52.099223659000103,0,05220519709000138480
05,5,66,040,2022,05,13,1,3,0,7,0,1,0,0,0,0,0,420725.365999991015997,5781564.198999679647386,7.840598355000050,52.178848704000103,0,05220515709800991839
05,5,15,000,2022,05,09,5,3,3,7,0,1,0,0,0,0,0,406036.879999979981221,5756775.974999659694731,7.632661589000070,51.953738934999997,0,05220519702100797729
05,5,15,000,2022,05,16,5,3,5,3,0,1,1,0,0,0,0,408233.080781958997250,5754227.788031909614801,7.665290988000040,51.931201025000099,1,05220519702100072399
05,5,66,076,2022,05,19,1,3,5,3,0,0,1,0,0,0,0,394652.554999961983413,5795859.064999659545720,7.454955107000050,52.302958967000102,0,05220522709500876741
05,5,54,008,2022,05,07,3,3,2,6,0,1,0,0,0,0,0,335840.857050927006640,5746106.145803350023925,6.617010222000030,51.841603950000000,0,05220510705000274671
05,5,58,044,2022,05,14,4,3,5,3,0,0,1,0,0,0,1,399704.710999969975092,5742459.525999650359154,7.544710795000070,51.823953663000097,0,05220525706000096641
05,5,13,000,2022,05,11,4,3,5,3,0,1,1,0,0,0,0,363532.475999858987052,5715501.098999469541013,7.030689731000050,51.574040172000103,0,05220518700000291449
05,5,12,000,2022,05,14,4,3,1,5,0,1,1,0,0,0,0,359315.137567411991768,5711155.892191420309246,6.971609535000030,51.533957514000100,0,05220511701400095167
05,5,54,008,2022,05,07,2,3,5,4,0,1,0,1,0,0,0,336422.188999667007010,5746761.634998849593103,6.625131171000020,51.847663101000101,0,05220523705000587250
05,5,66,076,2022,05,17,7,3,0,1,0,1,0,0,0,0,0,395652.361710043973289,5794191.008272459730506,7.470129493000060,52.288158508000002,0,05220521709500396589
05,5,58,012,2022,05,19,4,3,0,3,0,1,1,0,0,0,0,373371.809999903023709,5756701.301999559625983,7.157582832000060,51.946590487000002,0,05220525706200196576
05,5,62,014,2022,05,19,3,3,0,1,0,1,0,0,0,0,0,360373.171871128026396,5716998.857643529772758,6.984533520000070,51.586725488000098,0,05220524701300889683
05,5,54,056,2022,05,11,3,3,6,7,0,0,1,1,0,0,0,357507.102999828988686,5761620.652999400161207,6.924867320000030,51.986954369999999,0,05220517705000996503
05,5,66,028,2022,05,17,2,3,0,2,0,1,0,0,0,0,0,412075.973856549011543,5792270.872733119875193,7.711349318000030,52.273773241000100,0,05220523709700242796
05,5,54,008,2022,05,18,6,2,5,3,0,0,1,0,1,0,0,337634.701999678974971,5749067.644998899661005,6.641635187000080,51.868733201000097,0,05220513705000676646
05,5,66,008,2022,05,11,4,3,0,1,0,1,0,0,0,0,0,399194.651108057005331,5781717.690847310237586,7.525764136000020,52.176714357000002,0,05220525709110879088