ULAND,UREGBEZ,UKREIS,UGEMEINDE,UJAHR,UMONAT,USTUNDE,UWOCHENTAG,UKATEGORIE,UART,UTYP1,ULICHTVERH,IstRad,IstPKW,IstFuss,IstKrad,IstGkfz,IstSonstige,LINREFX,LINREFY,XGCSWGS84,YGCSWGS84,STRZUSTAND,UIDENTSTLAE
05,5,66,008,2022,05,14,7,2,5,3,0,0,1,0,1,0,0,398829.105999969004188,5780887.399999660439789,7.520667719000070,52.169185046999999,0,05220514709110579238
05,5,12,000,2022,05,08,6,3,6,5,0,0,1,1,0,0,0,357049.271948475972749,5710380.325159059837461,6.939277703000070,51.526419210000000,0,05220520701400751211
05,5,15,000,2022,05,11,2,3,5,3,0,1,1,0,0,0,0,408829.663566028000787,5755966.006758489646018,7.673504701000070,51.946923293000097,0,05220516702100572346
05,5,62,012,2022,05,16,7,2,0,1,0,1,0,0,0,0,0,362611.139346159994602,5727142.040311420336366,7.012836367000030,51.678423445000099,0,05220514701610880956
05,5,66,008,2022,05,17,5,3,5,3,0,1,1,0,0,0,0,399756.042999971017707,5781054.819999669678509,7.534167210000020,52.170858929000097,0,05220512709110574663
05,5,66,028,2022,05,10,2,3,0,1,0,1,0,0,0,0,0,408859.227765605028253,5794841.234242140315473,7.663521960000030,52.296352011000103,0,05220523709700891641
05,5,62,032,2022,05,15,2,3,5,3,0,0,1,0,0,0,1,375713.428999911004212,5715810.019999570213258,7.206261792000020,51.579633684999997,1,05220516701120994999
05,5,66,068,2022,05,19,1,2,0,1,0,1,0,0,0,0,0,376677.837999917974230,5786430.369999590329826,7.194910733000030,52.214490357000003,0,05220515709300541172
05,5,62,032,2022,05,20,2,3,5,3,0,1,0,0,0,0,1,380472.318999929004349,5717997.285999589599669,7.274164275000030,51.600321067000003,0,05220523701110048734
05,5,66,012,2022,05,17,6,3,4,6,0,1,0,0,0,0,0,404541.080953171011060,5772443.012154390104115,7.606531615000050,52.094303738000100,0,05220513709110657478
05,5,13,000,2022,05,23,7,3,1,7,2,1,1,0,0,0,0,363199.028884675004520,5710279.273224799893796,7.027911693000020,51.527034393000100,0,05220514700000571568
05,5,66,072,2022,05,18,3,3,0,1,0,1,1,0,0,0,0,412932.781817185983527,5802734.581339259631932,7.721194879000050,52.367959814000102,0,05220524709700881515
05,5,13,000,2022,05,18,6,2,6,4,0,0,1,1,0,0,0,368492.553941535996273,5708702.160401069559157,7.104764575000050,51.514118833000097,1,05220520700000389275
05,5,66,084,2022,05,09,6,3,1,1,0,1,1,0,0,0,0,386166.042999943019822,5778959.793999630026519,7.336233091000050,52.149395214999998,0,05220513709300074703
05,5,13,000,2022,05,14,4,3,5,3,0,1,1,0,0,0,0,365410.229999868024606,5715136.822999490424991,7.057909556000030,51.571218043000002,0,05220525700000669607
05,5,13,000,2022,06,16,5,3,6,4,0,0,1,1,0,0,0,366833.538393542985432,5709096.562161530368030,7.080720805000060,51.517274579000102,0,05220609700000080914
05,5,66,076,2022,05,00,6,3,0,1,2,1,0,0,0,0,0,393291.121426271973178,5793174.130766339600086,7.435846420000080,52.278566218999998,1,05220527709110974197
05,5,70,052,2022,06,08,6,3,5,3,0,1,1,0,0,0,0,430849.897878928983118,5757060.725038520060480,7.993608906000080,51.959937854000003,0,05220603711111151183
05,5,54,020,2022,05,16,6,3,0,1,0,1,0,0,0,0,0,364924.029909543984104,5786616.442305509932339,7.022899979000040,52.213406377000098,0,05220527705000896573
05,5,62,024,2022,06,07,2,3,1,5,0,1,1,0,0,0,0,369940.799335158022586,5725550.095586850307882,7.119380495000030,51.665862392000101,1,05220613701500995026
05,5,62,032,2022,06,13,6,3,0,7,0,0,0,0,0,0,1,375461.746036543976516,5717286.439502939581871,7.202107560000060,51.592846957000098,0,05220610701110081314
05,5,54,044,2022,06,07,4,3,2,6,0,0,1,0,0,0,0,365028.339316599012818,5740923.698980320245028,7.042429665000040,51.802853136000103,0,05220601705000420853
05,5,66,076,2022,06,15,7,3,0,7,0,1,0,0,0,0,0,394585.880061724979896,5795391.055137430317700,7.454124135000030,52.298740065000104,0,05220604709500876632
05,5,70,032,2022,06,13,6,3,5,3,0,0,1,0,0,0,0,421088.117999990994576,5766004.699999669566751,7.849508237000070,52.039036821000103,0,05220610711151081965
05,5,13,000,2022,06,22,2,3,5,3,2,1,1,0,0,0,0,368045.475012532027904,5709309.229851939715445,7.098097973000050,51.519470166000097,0,05220606700000677670
05,5,13,000,2022,06,16,4,3,4,2,0,0,1,0,0,0,0,364740.086999866995029,5714770.295999480411410,7.048386704000050,51.567763915999997,1,05220601700000720537
05,5,15,000,2022,05,14,7,2,8,1,0,1,0,0,0,0,0,406404.930999977979809,5763039.626999660395086,7.636306883000030,52.010101462000101,0,05220528702100076712
05,5,15,000,2022,05,13,3,3,3,6,0,1,0,0,0,0,0,406325.319362792011816,5751737.670999559573829,7.638229329000070,51.908500699000101,1,05220531702100842556
05,5,58,004,2022,05,04,5,3,8,1,2,1,0,0,0,0,0,405724.951564432005398,5738893.091163439676166,7.633007320000050,51.792944366000000,0,05220526706300038857
05,5,62,008,2022,06,13,1,3,4,6,0,1,1,0,0,0,0,385419.385999942023773,5724910.142999609932303,7.343298724000020,51.663480397999997,0,05220612701910474176
05,5,54,008,2022,06,12,5,3,5,3,0,1,1,0,0,0,0,337062.579753171012271,5747068.756398050114512,6.634275246000070,51.850609388000102,1,05220609705000476764
05,5,62,032,2022,06,13,5,3,0,1,0,1,0,0,0,0,0,376022.088999914005399,5716597.710999569855630,7.210435970000050,51.586780808000100,0,05220602701110995214
05,5,15,000,2022,06,01,1,3,0,1,2,0,0,1,0,0,1,407034.801196561020333,5753971.930772559717298,7.647936880000030,51.928702379000100,0,05220612702100145123
05,5,58,012,2022,06,10,7,3,0,7,0,0,1,1,0,0,0,373791.713516530988272,5755178.409243860282004,7.164247815000070,51.933000538000002,0,05220611706200052435
05,5,66,028,2022,05,17,6,3,0,1,0,1,0,0,0,0,0,412473.408999982988462,5794915.527499689720571,7.716485880000050,52.297607509999999,0,05220527709700042796
05,5,62,012,2022,06,12,6,3,5,3,0,0,1,0,0,0,0,357988.072999829018954,5727038.016999400220811,6.946057155000060,51.676338889000100,0,05220610701610995174
05,5,62,016,2022,06,17,3,3,5,3,0,1,1,0,0,0,0,374872.337999909999780,5734111.008999570272863,7.187577425000030,51.743918438000001,0,05220607701700095161
05,5,62,016,2022,06,07,7,3,5,3,0,0,1,0,0,0,0,374313.089999907009769,5734158.837999559938908,7.179464066000040,51.744223107000003,0,05220604701700475302
05,5,66,068,2022,06,15,6,3,5,3,0,0,1,0,0,0,0,376045.703999913996086,5785672.609999589622021,7.185940547000030,52.207539187000101,0,05220603709300487315
05,5,15,000,2022,05,13,7,3,5,3,0,1,1,0,0,0,0,407857.174999982002191,5757275.247999659739435,7.659008453000070,51.958531258000100,0,05220528702100076118
05,5,15,000,2022,05,11,5,3,7,7,0,1,0,0,0,0,0,407979.214158907998353,5759552.257479780353606,7.660173699000040,51.979018474999997,0,05220526702100960729
05,5,62,020,2022,06,15,2,3,6,4,0,0,1,1,0,0,0,371194.986604332982097,5717222.039116060361266,7.140568610000060,51.591308855000101,0,05220613701200295081
05,5,66,096,2022,06,18,1,2,0,7,1,1,0,0,0,0,0,385127.341999940981623,5785618.318999630399048,7.318803438000030,52.209019077000100,1,05220605709300512304
05,5,15,000,2022,06,14,7,3,0,1,0,1,0,0,0,0,0,407567.787963605020195,5751516.401571819558740,7.656345345000030,51.906719349000099,0,05220604702100772399
05,5,54,044,2022,05,10,3,3,8,1,0,0,1,0,0,0,0,364881.764069236989599,5744565.367676059715450,7.038884421000030,51.835541658000103,0,05220531705000505265
05,5,13,000,2022,06,19,4,3,4,1,0,0,1,0,0,0,0,369244.601557579997461,5708329.450712360441685,7.115734715000030,51.510943907000097,1,05220608700000245213
05,5,13,000,2022,06,13,4,3,6,7,0,0,1,1,0,0,0,365236.135735357995145,5715742.508075850084424,7.055166629000040,51.576619403999999,0,05220601700000389676
05,5,66,012,2022,06,17,5,3,0,3,0,1,1,0,0,0,0,404898.324972163012717,5773025.128509409725666,7.611582392000060,52.099597410999998,0,05220602709110196559
05,5,62,004,2022,06,10,2,3,5,3,0,1,0,0,1,0,0,384246.069290851999540,5711667.101406649686396,7.330713096000070,51.544214942000103,0,05220613701800375247
05,5,13,000,2022,06,12,5,3,5,3,0,0,1,0,0,0,0,369589.890459650021512,5708482.435135760344565,7.120651067000040,51.512398558000001,0,05220602700000495111
05,5,15,000,2022,05,10,6,3,5,2,0,1,0,0,0,0,0,406128.618999978993088,5758081.205999660305679,7.633639462000080,51.965486447000004,0,05220527702100587866
05,5,66,076,2022,05,08,3,3,0,7,0,1,0,0,0,0,1,395654.311314814025536,5792438.812691750004888,7.470700371000020,52.272411331999997,0,05220531709500396657
05,5,70,028,2022,06,11,5,3,1,1,0,1,1,0,0,0,0,441091.946910701983143,5741505.462968099862337,8.145306343000071,51.821273690000098,0,05220602711412996330
05,5,15,000,2022,06,18,6,3,5,3,0,1,0,0,0,0,0,406860.266999980027322,5757323.844999659806490,7.644491239000050,51.958801977000100,0,05220603702100668125
05,5,62,014,2022,06,07,5,3,6,4,0,0,1,1,0,0,0,362246.263624312996399,5712428.095729080028832,7.013344912000040,51.546112667999999,1,05220609701300989552
05,5,66,076,2022,06,12,4,2,3,7,0,1,0,0,0,0,1,394534.638759885972831,5788159.001108179800212,7.455633469000080,52.233733760000099,0,05220608709500776740
05,5,66,076,2022,06,20,6,3,8,7,0,1,0,0,0,0,0,392657.535594227025285,5792239.734339489601552,7.426860412000050,52.270045309000103,0,05220603709500396617
05,5,62,014,2022,05,20,1,3,0,1,1,0,0,0,0,0,1,358968.773238756984938,5716195.853741790167987,6.964597740000040,51.579160029000001,0,05220529701300795069
05,5,13,000,2022,06,09,4,3,6,4,0,0,1,1,0,0,0,363048.262903010006994,5710742.202980440109968,7.025559669000070,51.531157894000003,0,05220601700000169607
05,5,58,016,2022,06,14,1,3,0,1,0,1,0,0,0,0,0,387122.223854411975481,5746853.312526809982955,7.360780449000060,51.861042702000098,0,05220612706000896615
05,5,62,012,2022,05,07,3,2,9,7,0,0,1,0,0,0,0,362226.422554672986735,5730472.412635649554431,7.005960351000060,51.708255878999999,0,05220531701620952596
05,5,70,008,2022,05,15,6,3,6,6,0,1,0,1,0,0,0,433779.490390315011609,5734155.681031440384686,8.040628378000060,51.754380208000001,0,05220527711311835328
05,5,13,000,2022,06,12,1,3,5,3,0,0,1,0,1,0,0,367720.615999880013987,5709141.678999509662390,7.093481355000050,51.517888450999997,1,05220605700000089558
05,5,15,000,2022,06,11,2,3,6,1,0,1,0,1,0,0,0,405841.504978129989468,5757304.174000630155206,7.629674640000080,51.958453582000097,0,05220613702100170583
05,5,13,000,2022,06,06,4,3,6,2,0,0,1,1,0,0,0,363478.246999859984498,5712201.587999469600618,7.031188857000070,51.544376581000101,0,05220601700000365394
05,5,66,068,2022,06,07,7,2,5,2,0,1,1,0,0,0,0,375484.084999912010971,5786467.211999589577317,7.177433530000030,52.214552949000101,0,05220611709300896514
05,5,15,000,2022,05,19,3,3,5,3,0,0,1,0,0,0,0,407057.352105361002032,5756706.681282900273800,7.647525605000060,51.953287568000100,0,05220531702100079608
05,5,66,076,2022,06,17,6,3,0,6,0,1,0,0,0,0,0,391949.411999956006184,5794128.466999660246074,7.415881660000030,52.286880838000101,0,05220603709500596624
05,5,54,068,2022,06,16,3,2,8,1,0,1,0,0,0,0,0,350417.753362020011991,5766698.955992639996111,6.819486058000050,52.030716472999998,0,05220607705000296513
05,5,54,024,2022,06,07,4,3,0,1,0,1,0,0,0,0,0,369853.525796281988733,5777956.473405829630792,7.098331178000020,52.136776649000097,0,05220608705000896539
05,5,70,052,2022,06,16,5,3,4,6,0,1,1,0,0,0,0,428698.569999995001126,5752791.819999669678509,7.963189699000050,51.921290483000099,0,05220609711114887260
05,5,66,012,2022,05,15,6,3,0,1,0,1,1,0,0,0,0,404942.865999975998420,5772507.878999670036137,7.612376743000030,52.094955939000002,0,05220527709110396689
05,5,70,052,2022,06,15,2,3,5,2,0,1,1,0,0,0,0,430258.426999995019287,5756276.982999670319259,7.985161358000030,51.952818438000101,0,05220613711112096542
05,5,66,044,2022,05,08,7,3,0,7,0,1,0,0,0,0,0,421844.327861830999609,5773851.908275299705565,7.858733534000070,52.109682978000102,0,05220528709800074768
05,5,66,076,2022,06,20,1,3,5,2,0,1,1,0,0,0,0,392509.260999956983142,5793208.616999659687281,7.424379489000050,52.278723824000103,0,05220612709500296564
05,5,54,044,2022,06,08,5,3,6,7,0,0,1,1,0,0,0,368730.155999884009361,5744853.805999520234764,7.094596988000030,51.839051390000101,0,05220609705000516030
05,5,58,044,2022,06,18,2,3,0,7,0,1,0,0,0,0,0,395314.596999963978305,5746848.871999640017748,7.479705066000070,51.862599960000097,0,05220613706300011018
05,5,15,000,2022,06,15,2,3,0,7,0,1,0,1,0,0,0,405443.617856826982461,5757883.270719439722598,7.623726413000040,51.963591227999999,0,05220606702100576712
05,5,70,052,2022,06,14,3,2,2,6,0,0,1,0,0,0,0,431175.568096168979537,5755368.077257569879293,7.998686842000040,51.944761939999999,0,05220607711112087306
05,5,66,076,2022,05,15,6,2,0,3,0,1,1,0,0,0,0,391362.181999956024811,5793466.375999649986625,7.407489329000040,52.280814824000103,0,05220527709500912577
05,5,66,076,2022,06,13,6,3,2,6,0,0,1,0,0,0,0,392804.046999957994558,5793219.306999660097063,7.428695358000030,52.278877459999997,0,05220610709500296697
05,5,58,012,2022,06,06,4,3,5,3,0,0,1,0,0,0,0,375746.026999911002349,5751479.638999580405653,7.193993266000060,51.900200853999998,0,05220601706200179103
05,5,12,000,2022,05,16,7,3,5,3,0,1,0,0,0,0,1,356651.261999820999335,5719238.052999380044639,6.929931356000050,51.605911757999998,0,05220528701400996256
05,5,62,032,2022,06,08,6,3,5,2,0,1,1,0,0,0,0,375517.474999912024941,5716947.714999560266733,7.203031816000020,51.589815102000003,0,05220603701110595081
05,5,62,020,2022,05,14,1,3,5,3,0,0,1,0,0,0,0,369342.789710626006126,5719510.485622219741344,7.112993255000050,51.611447935000101,0,05220529701200294943
05,5,62,004,2022,06,16,2,3,9,1,0,0,0,0,1,0,0,382839.436230343999341,5714425.510945529676974,7.309518417000050,51.568716497000104,0,05220613701800585336
05,5,15,000,2022,06,01,7,3,0,1,2,0,0,0,0,0,1,406748.238900399999693,5754675.840985500253737,7.643579663000030,51.934981571999998,0,05220611702100570566
05,5,66,056,2022,06,19,6,3,5,3,0,0,1,0,0,0,0,415819.976999990001787,5798218.762999679893255,7.764721899000050,52.327821311999998,0,05220603709700968339
05,5,54,044,2022,06,18,7,3,0,1,0,1,0,0,0,0,0,364835.424771160003729,5739470.758945999667048,7.040199758000030,51.789750410000103,0,05220604705000581028
05,5,66,008,2022,05,07,3,3,0,5,0,1,1,0,0,0,0,397778.982506876986008,5781430.298589999787509,7.505154762000070,52.173870910000097,0,05220531709000342437
05,5,62,032,2022,06,09,4,3,2,2,0,0,0,0,1,1,0,380399.681999925989658,5718583.999999590218067,7.272915904000060,51.605578728000097,0,05220608701110595166
05,5,62,020,2022,06,12,4,3,5,3,0,0,1,0,0,0,0,369344.000999887008220,5719511.281999520026147,7.113010442000070,51.611455373000098,0,05220601701200595214
05,5,66,028,2022,06,11,5,3,5,3,0,1,0,0,0,0,0,417140.121419853996485,5791047.287786999717355,7.785853450000050,52.263561574999997,0,05220609709700072374
05,5,15,000,2022,06,14,4,3,6,4,0,0,1,1,0,0,0,404747.060999976005405,5761712.390999659895897,7.612528073000020,51.997889798000102,1,05220601702100570513
05,5,70,052,2022,05,15,2,3,3,6,0,1,0,0,0,0,0,428808.244659822026733,5753770.052940400317311,7.964581873000040,51.930098444000102,0,05220530711114103043
05,5,13,000,2022,06,19,5,3,5,3,0,1,1,0,0,0,0,368920.529715440992732,5710493.559810919687152,7.110262338000040,51.530317240999999,0,05220602700000875453
05,5,15,000,2022,06,15,1,3,4,6,0,0,1,0,0,0,0,405806.887645190989133,5758435.005855700001121,7.628860836000060,51.968612131000000,0,05220612702100265854
05,5,54,040,2022,06,18,5,3,5,3,0,1,1,0,0,0,0,350230.271999779972248,5737408.119999259710312,6.829480147000030,51.767498890000098,0,05220609705000496644
05,5,66,052,2022,05,13,6,3,5,3,0,0,1,0,0,0,0,380819.337394086993299,5780803.767337209545076,7.257478156000050,52.164838277999998,0,05220527709300370597
05,5,15,000,2022,06,21,2,3,0,7,1,0,0,1,0,0,1,406262.516999978979584,5758124.735999659635127,7.635575956000030,51.965900309000098,0,05220613702100857476
05,5,15,000,2022,05,09,7,3,0,1,0,1,0,0,0,0,0,403678.289999975997489,5761114.690999659709632,7.597133122000060,51.992333137000102,0,05220528702100079228
05,5,66,076,2022,05,19,6,3,0,1,0,1,0,1,0,0,0,395474.961332085018512,5791907.457400429993868,7.468237458000030,52.267601802000101,0,05220527709500953119
05,5,70,028,2022,06,11,7,3,0,1,0,1,0,0,0,0,0,442662.075768465001602,5743301.163966960273683,8.167787130000020,51.837580860999999,0,05220604711413590704
05,5,54,008,2022,06,16,5,3,5,3,0,1,0,0,0,0,0,335668.821999659005087,5745562.342998829670250,6.614773539000050,51.836668150999998,0,05220609705000085882
05,5,15,000,2022,05,17,1,3,5,2,0,1,1,0,0,0,0,404762.989999977988191,5757283.393999660387635,7.613989286000050,51.958083123999998,0,05220529702100491782
05,5,12,000,2022,06,00,4,3,6,7,2,0,1,1,0,0,0,357473.235264757997356,5712128.648027510382235,6.944677457000070,51.542236601000099,1,05220601701400481306
05,5,54,004,2022,05,11,6,3,0,1,0,1,0,0,0,0,0,362204.232659979024902,5772047.554059679619968,6.989024985000070,52.081828970000103,0,05220527705000651911
05,5,66,008,2022,06,01,7,2,0,1,2,1,0,0,0,0,0,399189.287999970023520,5782069.224999659694731,7.525581241000050,52.179872863000099,0,05220604709110896626
05,5,54,020,2022,05,13,1,3,0,1,0,1,0,0,0,0,0,366245.333999874012079,5783070.478999510407448,7.043627488000030,52.181866770000099,0,05220529705000781393
05,5,54,032,2022,05,06,3,3,5,3,0,1,0,0,0,0,0,328866.535999589017592,5743843.782998500391841,6.516987659000050,51.819188070000102,0,05220531705000696646
05,5,58,044,2022,06,10,4,3,5,2,0,1,1,0,0,0,0,395415.673999961989466,5746664.701999640092254,7.481228156000040,51.860963594000097,0,05220608706000011018
05,5,54,012,2022,06,05,2,3,0,2,0,0,0,0,1,0,0,354772.374973256024532,5746629.293130990117788,6.891392887000050,51.851549256000098,1,05220613705000096682
05,5,13,000,2022,06,14,4,2,6,4,0,0,0,1,0,1,0,368062.431999880005606,5708573.728999510407448,7.098617555000030,51.512864368000102,0,05220601700000802263
05,5,54,008,2022,06,16,6,3,0,3,0,1,1,0,0,0,0,336418.869999666989315,5745729.281998850405216,6.625571262000050,51.838388016000103,0,05220603705000265880
05,5,13,000,2022,06,23,7,3,6,7,2,0,1,1,0,0,0,368229.818895809003152,5710956.752735650166869,7.100137090000030,51.534319061000097,0,05220604700000902263
05,5,13,000,2022,05,15,2,3,6,4,0,0,1,1,0,0,0,365272.204999868001323,5709579.425999480299652,7.058047100000070,51.521243632000100,0,05220530700000763376
05,5,66,008,2022,06,11,5,2,0,2,0,1,1,0,0,0,0,398874.151079447998200,5782288.822182900272310,7.520908344000080,52.181788853999997,0,05220609709000096649
05,5,15,000,2022,06,17,7,3,0,1,0,1,0,0,0,0,0,406194.403999980015215,5756059.293800000101328,7.635148765000050,51.947323652000101,0,05220611702100225584
05,5,13,000,2022,06,20,7,3,8,7,0,0,1,1,0,0,0,362938.236803018022329,5710725.768509900197387,7.023980828000050,51.530983511000002,0,05220604700000082308
05,5,66,096,2022,05,23,5,3,0,1,2,1,0,0,0,0,0,383725.428519162000157,5785619.293944180011749,7.298295416000030,52.208733837000104,0,05220526709300376628
05,5,66,076,2022,05,00,2,2,0,1,2,1,0,0,0,0,0,394677.048999961989466,5793453.403999660164118,7.456066246000030,52.281343407000101,0,05220530709500079091
05,5,62,032,2022,06,10,5,3,5,2,0,1,1,0,0,0,0,374326.989999906974845,5714558.937999559566379,7.186710624000060,51.568082652999998,0,05220609701120395166
05,5,13,000,2022,05,19,6,3,6,4,0,0,1,1,0,0,0,365076.475489399977960,5718105.248290720395744,7.051955766000050,51.597813727000101,0,05220527700000777491
05,5,62,012,2022,06,12,1,3,5,3,0,0,1,0,0,0,0,361140.561999846016988,5726156.527999440208077,6.991972054000030,51.669206060000100,1,05220605701610789520
05,5,13,000,2022,06,08,5,3,5,5,0,0,1,0,0,0,0,367187.788999877986498,5707294.827999499626458,7.086502063000070,51.501166345999998,0,05220602700000394942
05,5,70,052,2022,06,05,2,3,5,3,1,1,1,0,0,0,0,430081.496999997994862,5756278.744999670423567,7.982586855000020,51.952812062000099,0,05220613711111376726
05,5,15,000,2022,06,13,6,3,1,5,0,1,1,0,0,0,0,405590.845450380002148,5757393.370825090445578,7.626003312000020,51.959212819000101,0,05220610702100276106
05,5,66,012,2022,06,13,4,3,0,6,0,1,0,0,0,0,0,405001.636313264025375,5771959.479440210387111,7.613387230000060,52.090036918000102,1,05220608709110596559
05,5,15,000,2022,06,08,5,2,0,3,0,1,0,0,0,0,1,404140.550958038016688,5760836.485799860209227,7.603941284000030,51.989912526000097,0,05220609702100242572
05,5,66,068,2022,06,13,6,3,0,1,0,1,0,0,0,0,0,376128.971999913977925,5785239.227999590337276,7.187317037000070,52.203663477000099,0,05220603709300176628
05,5,13,000,2022,06,19,1,2,4,6,0,1,1,0,0,0,0,366612.944871074985713,5705772.111400649882853,7.078800500000060,51.487346819999999,0,05220612700000776318
05,5,66,040,2022,06,16,3,2,1,5,0,1,1,0,0,0,0,421827.018887714017183,5781923.992648289538920,7.856623727000060,52.182240059999998,0,05220614709800579113
05,5,66,040,2022,06,22,6,3,2,7,2,0,1,0,0,0,0,420896.609999989974312,5783308.922999680042267,7.842695122000070,52.194556325000100,0,05220624709800802638
05,5,70,028,2022,06,09,5,3,0,1,0,1,0,0,0,0,0,441628.301729193015490,5742893.780391680076718,8.152853237000039,51.833811287000103,0,05220616711413048532
05,5,62,028,2022,06,18,3,2,6,4,0,0,1,1,0,0,0,380450.340999928012025,5722522.407999590039253,7.272302922000050,51.640985727999997,0,05220614701920675252
05,5,13,000,2022,06,12,7,3,5,3,0,0,1,0,0,0,0,368255.210999882023316,5708246.032999509945512,7.101516549000050,51.509964425000099,0,05220618700000691011
05,5,66,040,2022,06,07,3,2,5,3,0,1,1,0,0,0,0,421773.691999990027398,5779452.843999680131674,7.856413673000080,52.160019585000001,0,05220621709800061948
05,5,70,008,2022,06,14,2,2,5,3,0,1,1,0,0,0,0,435103.439999998023268,5734776.757999650202692,8.059690352000080,51.760118734999999,0,05220620711313590829
05,5,54,020,2022,06,07,6,3,0,1,0,1,0,0,0,0,0,366283.325999876018614,5785589.064999509602785,7.043189044000030,52.204506526000003,1,05220624705000496748
05,5,54,008,2022,06,15,4,2,0,1,0,1,0,0,0,0,0,336778.540999669989105,5746158.997998859733343,6.630584422000030,51.842353602000102,0,05220629705000377675
05,5,13,000,2022,06,18,2,3,2,7,0,0,1,0,1,0,0,367931.728997069003526,5708277.739410799928010,7.096845960000050,51.510173846999997,1,05220627700000915749
05,5,13,000,2022,06,20,6,2,4,2,0,0,1,0,0,0,1,366771.830999874975532,5705654.898999500088394,7.081131817000030,51.486330922000000,1,05220624700000089519
05,5,54,008,2022,06,16,3,3,3,6,0,1,1,0,0,0,0,335456.452954967971891,5745858.434848469682038,6.611553130000060,51.839265537000102,0,05220628705000977675
05,5,15,000,2022,06,21,7,3,0,4,1,1,0,1,0,0,0,408731.612153187976219,5757601.425447179935873,7.671644106000030,51.961607356000101,0,05220625702100872721
05,5,54,008,2022,06,11,5,3,2,6,0,0,1,0,0,0,0,336296.459041720023379,5745264.068303500302136,6.624016172000040,51.834172915000103,0,05220623705000896646
05,5,13,000,2022,06,17,4,3,5,3,0,0,1,0,1,0,0,369025.468999885022640,5715470.585999519564211,7.109920975000020,51.575068905000101,0,05220629700000077746
05,5,66,076,2022,06,11,5,3,2,6,0,0,1,0,0,0,0,393780.542480944015551,5793826.379317490383983,7.442812032000060,52.284522897000002,0,05220630709500176632
05,5,54,064,2022,06,16,6,1,8,1,0,0,0,0,1,0,0,358609.562549102003686,5749541.994649119675159,6.945874860000060,51.878706123000001,0,05220617705000479154
05,5,66,016,2022,06,11,4,3,0,1,0,1,0,0,0,0,0,405926.426999980001710,5790428.555999680422246,7.621760001000040,52.256196778000103,0,05220622709500751486
05,5,15,000,2022,06,16,3,2,0,1,0,0,0,0,0,0,1,404119.748530887009110,5748587.481240579858422,7.607052509000030,51.879810073999998,0,05220628702100968281
05,5,54,008,2022,06,07,5,2,5,3,0,1,0,0,0,0,1,332037.600999624002725,5742912.393998660147190,6.563403555000040,51.811783295000097,0,05220623705000296574
05,5,66,076,2022,06,15,2,3,5,3,0,1,1,0,0,0,0,395329.595999963989016,5793550.807999660260975,7.465597987000020,52.282343456000000,0,05220627709500196564
05,5,13,000,2022,06,18,3,3,1,1,0,1,1,0,0,0,0,369552.327999887987971,5707281.495999519713223,7.120554303000060,51.501597198000098,0,05220614700000567038
05,5,13,000,2022,06,23,6,3,5,3,2,0,1,0,0,0,1,365018.205999867001083,5719337.758999479934573,7.050640598000030,51.608875553000097,0,05220624700000567048
05,5,66,008,2022,06,20,5,3,0,7,1,1,0,0,0,0,0,399165.909184832999017,5782339.794854779727757,7.525158979000030,52.182300390000101,0,05220616709110296559
05,5,62,024,2022,06,15,3,3,1,5,0,0,1,0,1,0,0,370148.578999891004059,5725929.393999530002475,7.122242225000040,51.669319063000003,0,05220628701500681150
05,5,70,004,2022,06,13,3,3,5,3,0,1,0,0,0,0,0,424180.663879667990841,5735919.924365069717169,7.901205948000040,51.769023056000002,0,05220621711211981052
05,5,66,076,2022,06,12,6,3,5,3,0,1,1,0,0,0,0,393252.862999958975706,5792447.134999659843743,7.435515965000040,52.272025149000100,1,05220624709500296617
05,5,58,012,2022,06,16,6,3,0,6,0,1,1,0,0,0,0,373950.425999907020014,5756994.985999570228159,7.165889228000030,51.949361062999998,0,05220617706200772440
05,5,15,000,2022,06,06,6,3,5,3,0,1,0,0,0,0,0,403544.979066243977286,5756754.503804080188274,7.596417423000050,51.953119339000096,1,05220624702100079223
05,5,70,052,2022,06,16,5,3,5,3,0,1,1,0,0,0,0,428690.595999994024169,5753298.952999670058489,7.962968706000030,51.925848385999998,0,05220630711114176726
05,5,62,012,2022,06,16,1,2,0,1,0,1,0,0,0,0,0,359632.759999839006923,5730433.271999429911375,6.968462431000030,51.707261301000102,0,05220626701610385352
05,5,15,000,2022,06,15,4,3,5,4,0,1,0,1,0,0,0,405533.378324586024974,5756146.968361830338836,7.625509869000040,51.947999844999998,0,05220622702100876765
05,5,54,004,2022,06,21,5,3,9,1,0,1,0,0,0,0,0,357331.553999828000087,5771265.475999389775097,6.918290654000030,52.073567896999997,0,05220616705000820910
05,5,15,000,2022,06,08,3,2,4,2,0,1,1,0,0,0,0,403133.024795438977890,5758633.123601829633117,7.589894930000070,51.969933325000099,0,05220621702100076649
05,5,66,068,2022,06,18,4,3,5,3,0,1,1,0,0,0,0,376350.438052948971745,5786007.392822279594839,7.190275618000040,52.210616048000098,0,05220615709300042419