ULAND,UREGBEZ,UKREIS,UGEMEINDE,UJAHR,UMONAT,USTUNDE,UWOCHENTAG,UKATEGORIE,UART,UTYP1,ULICHTVERH,IstRad,IstPKW,IstFuss,IstKrad,IstGkfz,IstSonstige,LINREFX,LINREFY,XGCSWGS84,YGCSWGS84,STRZUSTAND,UIDENTSTLAE
05,5,66,084,2022,06,19,7,3,8,1,0,1,0,0,1,0,0,387431.090999945008662,5776112.595999640412629,7.355657103000060,52.124066635000098,0,05220625709300096514
05,5,70,044,2022,06,21,5,3,0,1,0,1,0,0,0,0,0,414193.193999985989649,5764993.877999669872224,7.749262515000050,52.028926575000099,0,05220616711143090988
05,5,13,000,2022,06,12,4,3,6,6,0,0,0,1,0,0,1,367905.192308862984646,5708179.672361940145493,7.096500522000040,51.509286341000099,0,05220622700000573492
05,5,54,012,2022,06,20,5,3,1,5,0,0,1,0,0,0,0,351661.880913512024563,5746055.262546899728477,6.846510958000070,51.845573805000100,0,05220623705000080990
05,5,13,000,2022,06,07,5,3,2,6,0,1,0,0,0,0,1,363138.986869547981769,5711720.461634639650583,7.026486528000020,51.539970853000099,0,05220630700000591806
05,5,54,008,2022,06,16,5,3,2,6,0,1,0,0,0,0,0,334120.274999646004289,5745269.585998759604990,6.592458414000020,51.833580492000102,0,05220623705000291732
05,5,66,060,2022,06,14,4,3,5,3,0,0,1,0,0,0,0,388593.346999950997997,5789425.066999640315771,7.368252906000070,52.243941765000002,0,05220615709500696657
05,5,13,000,2022,06,09,6,3,2,7,0,0,1,0,0,0,0,365264.585999867005739,5709740.034999489784241,7.057875933000050,51.522685131999999,1,05220624700000071515
05,5,13,000,2022,06,17,5,3,5,3,0,1,1,0,0,0,0,366496.989999873971101,5708677.498999490402639,7.076031917000020,51.513429176999999,0,05220623700000865435
05,5,15,000,2022,06,08,7,3,0,3,0,1,1,0,0,0,0,403805.151999976020306,5761690.659999660216272,7.598818565000040,51.997532093000103,0,05220625702100791756
05,5,54,068,2022,06,10,7,3,0,7,0,1,0,1,0,0,0,350746.422005821019411,5767189.107504970394075,6.824059577000070,52.035208738000101,0,05220618705000796634
05,5,54,016,2022,06,11,2,3,5,3,0,0,1,0,1,0,0,363017.650999857985880,5757420.795999470166862,7.006739769000030,51.950602500000102,1,05220627705000647518
05,5,54,008,2022,06,07,3,3,5,3,0,1,1,0,0,0,0,337062.579753171012271,5747068.756398050114512,6.634275246000070,51.850609388000102,0,05220614705000196570
05,5,70,004,2022,06,19,3,3,2,6,0,1,0,0,0,0,0,423565.535512140020728,5734920.774477769620717,7.892512960000030,51.759957407999998,0,05220621711211491799
05,5,66,012,2022,06,11,5,3,5,3,0,1,1,0,0,0,0,405015.529999978025444,5772235.827999659813941,7.613512957000070,52.092523174000100,0,05220623709110596626
05,5,15,000,2022,06,20,6,3,0,3,0,1,0,0,0,0,0,404922.947999976982828,5758369.859999660402536,7.616015687000070,51.967876079000099,0,05220617702100391723
05,5,62,032,2022,06,20,1,2,1,7,1,1,0,0,1,0,0,375306.950359015027061,5715343.436925429850817,7.200564143000070,51.575350646000103,0,05220619701120585428
05,5,13,000,2022,06,20,6,3,4,6,0,1,0,0,0,0,0,367669.182646729983389,5708492.117447420023382,7.092984355000060,51.512038977000003,0,05220617700000677617
05,5,15,000,2022,06,12,3,2,5,2,0,1,1,0,0,0,0,407007.232999980973545,5758548.055999659933150,7.646297954000030,51.969830399000003,0,05220621702100072452
05,5,54,020,2022,06,07,2,3,5,3,0,0,1,0,0,0,0,364503.509999867994338,5786414.952999490313232,7.016829492000060,52.211492702999998,0,05220620705000565794
05,5,62,012,2022,06,16,3,3,1,5,0,0,1,0,0,0,0,357242.033999825012870,5727231.596999390050769,6.935195459000060,51.677889218000097,0,05220614701610294990
05,5,15,000,2022,06,08,5,3,2,5,0,0,1,0,0,0,0,407704.969999980996363,5759131.113999660126865,7.656295150000060,51.975187532000099,0,05220630702100574772
05,5,66,076,2022,06,06,7,3,0,2,0,0,1,0,0,0,0,391974.432999957003631,5792994.673999659717083,7.416611653000070,52.276696258000101,0,05220625709500796685
05,5,62,020,2022,06,11,3,3,0,1,0,1,0,0,0,0,0,367408.227999877010006,5718928.302999510429800,7.085290355000040,51.605763854000003,0,05220621701200081316
05,5,13,000,2022,06,11,4,3,2,6,0,0,1,0,1,0,0,366390.347999873978551,5714035.848999500274658,7.072462282000060,51.561557221999998,0,05220615700000275310
05,5,62,032,2022,06,15,2,3,5,2,0,1,1,0,0,0,0,374912.239714008988813,5719862.270859350450337,7.193260035000040,51.615874456000000,0,05220620701110691012
05,5,13,000,2022,06,11,6,3,2,6,0,0,1,0,0,0,1,368367.868407760979608,5707997.457566520199180,7.103231815000070,51.507756788000101,1,05220624700000180939
05,5,58,008,2022,06,15,4,3,5,3,0,1,1,0,0,0,0,382220.222999933001120,5760261.250999609939754,7.285040135000030,51.980527510999998,0,05220622706200181907
05,5,62,016,2022,06,17,6,3,0,1,0,1,0,0,0,0,0,375548.782365886028856,5734355.747693640179932,7.197282631000060,51.746268525000097,0,05220617701700077638
05,5,66,068,2022,06,15,2,3,3,6,0,1,1,0,0,0,0,376045.703999913996086,5785672.609999589622021,7.185940547000030,52.207539187000101,0,05220627709300091780
05,5,70,016,2022,06,20,3,3,1,5,0,0,1,0,1,0,0,409433.688024202012457,5744264.731109879910946,7.685363978000050,51.841842165999999,0,05220614711222002599
05,5,15,000,2022,06,18,4,3,3,2,0,1,0,0,0,0,0,407123.749999979976565,5756608.623999659903347,7.648518020000040,51.952417270000097,0,05220615702100074754
05,5,58,028,2022,06,14,6,2,2,5,0,1,1,0,0,0,0,398156.755235022981651,5732941.420703959651291,7.525050699000080,51.738121990000103,0,05220617706000296684
05,5,66,008,2022,06,13,1,3,3,2,0,1,1,0,0,0,0,399891.980999970983248,5780655.776999659836292,7.536272003000020,52.167297102000099,0,05220619709110596521
05,5,54,012,2022,06,10,5,2,9,7,0,0,0,0,1,0,0,352326.854037834971678,5746755.237581299617887,6.855858391000030,51.852039275000003,0,05220623705000524235
05,5,54,008,2022,06,17,4,3,5,3,0,1,1,0,0,0,0,333652.879999639000744,5747874.061998729594052,6.584428526000070,51.856838040000099,0,05220629705000596570
05,5,66,064,2022,06,13,6,3,8,1,0,0,1,0,0,0,0,395894.006721738027409,5771493.282827089540660,7.480641388000040,52.084208658000101,0,05220617709000874197
05,5,54,012,2022,06,11,6,3,5,3,0,0,0,0,0,1,0,353385.113493793993257,5746270.899386449716985,6.871417703000020,51.847966462999999,1,05220624705000091584
05,5,54,048,2022,06,17,5,2,3,4,0,1,0,1,0,0,0,341160.404794660978951,5745799.027402060106397,6.694302980000030,51.840383260000102,0,05220630705000377675
05,5,54,008,2022,06,18,3,3,5,3,0,1,1,0,0,0,0,335284.713792615977582,5744927.842948839999735,6.609505527000070,51.830855053999997,0,05220628705000877675
05,5,15,000,2022,06,21,5,3,1,6,1,1,1,0,0,0,0,410980.032164952019230,5760212.742815120145679,7.703682043000070,51.985444252999997,0,05220616702100474772
05,5,15,000,2022,06,13,2,3,5,3,0,1,0,0,0,0,0,406672.404999979014974,5757000.885999660007656,7.641845754000030,51.955867562000002,0,05220620702100050183
05,5,15,000,2022,06,14,3,2,0,7,0,1,0,0,0,0,0,407959.411693555011880,5754693.954919430427253,7.661187048000040,51.935346025999998,0,05220621702100776765
05,5,54,052,2022,06,11,2,2,3,2,0,1,1,0,0,0,0,379515.066999925009441,5772549.581999610178173,7.241341834000020,52.090378747999999,0,05220620705000381092
05,5,12,000,2022,06,11,3,3,5,3,0,1,0,0,0,0,0,356180.868686808971688,5709843.110859559848905,6.926987224000070,51.521371422000101,0,05220614701400762603
05,5,54,020,2022,06,09,7,3,0,7,0,1,0,0,0,0,0,365558.361485463974532,5786132.405283120460808,7.032370941000070,52.209212276000102,0,05220618705000520896
05,5,62,014,2022,06,07,3,3,9,7,0,0,1,0,0,0,0,361740.623223058995791,5716761.056167949922383,7.004352925000030,51.584925742999999,0,05220621701300595012
05,5,54,048,2022,06,08,2,3,5,2,0,1,1,0,0,0,0,340845.163318543985952,5745223.782263480126858,6.689995594000040,51.835125569000098,0,05220620705000521122
05,5,58,024,2022,06,12,1,3,5,3,0,1,0,0,0,0,0,393499.850813696975820,5736779.801497120410204,7.456456698000070,51.771756045000103,0,05220619706000011018
05,5,58,016,2022,06,18,6,3,5,3,0,1,1,0,0,0,0,380540.827999927976634,5743814.375999599695206,7.266300765000040,51.832361423000101,0,05220617706100096615
05,5,15,000,2022,06,16,6,2,0,7,0,1,0,0,0,0,0,407239.726561516989022,5757763.064774090424180,7.649893426000060,51.962813347000100,0,05220624702100687301
05,5,13,000,2022,06,08,3,3,5,3,0,1,1,0,0,0,0,362999.105999856023118,5716556.224999460391700,7.022586196000020,51.583392433000000,0,05220621700000089634
05,5,13,000,2022,06,13,3,3,5,3,0,0,1,0,0,0,0,367622.158999878971372,5713372.320999509654939,7.090472317000040,51.555884800000101,0,05220614700000769607
05,5,62,024,2022,06,18,4,3,5,3,0,1,1,0,0,0,0,369238.652999887010083,5726136.400999519973993,7.109014161000060,51.670968309999999,0,05220622701500477638
05,5,15,000,2022,06,14,5,3,0,1,0,0,0,0,0,0,1,405988.325787082023453,5757692.357055979780853,7.631704477000030,51.961967590000000,0,05220623702100965912
05,5,62,024,2022,06,15,1,3,0,1,0,1,0,0,0,0,0,368833.054999883985147,5723703.328999520279467,7.104065128000060,51.649008833000003,0,05220619701500495146
05,5,66,008,2022,06,16,7,2,2,7,0,1,1,0,0,0,0,399035.782889135996811,5781426.716866509988904,7.523528196000030,52.174070120000103,0,05220625709110796521
05,5,70,004,2022,06,23,2,3,0,1,2,1,0,0,0,0,0,425436.524391680024564,5733590.095363720320165,7.919902574000050,51.748247210000002,0,05220620711213479615
05,5,66,012,2022,06,11,3,3,0,6,0,1,0,0,0,1,0,404962.630912874010392,5772121.124876770190895,7.612773015000070,52.091483120000099,0,05220614709000496649
05,5,54,004,2022,06,09,6,2,0,7,0,1,0,0,0,0,0,363035.976329571974929,5771197.643253980204463,7.001496539000070,52.074398603000098,0,05220617705000096513
05,5,62,016,2022,06,16,1,3,0,1,0,1,0,0,0,0,0,374924.025121206999756,5733856.593940639868379,7.188417162000060,51.741643586000102,0,05220626701700072329
05,5,15,000,2022,06,18,5,3,5,3,0,1,0,0,0,0,1,404320.209353971993551,5759893.966840690001845,7.606819848000040,51.981471843000101,0,05220616702100574776
05,5,15,000,2022,06,12,1,3,0,1,0,0,1,0,1,0,0,406253.265999978000764,5754823.958999659866095,7.636341723000040,51.936229771000100,0,05220626702100776765
05,5,66,060,2022,06,17,3,3,0,3,0,0,1,0,0,0,0,388692.423999949009158,5789152.925999649800360,7.369793075000080,52.241516095000101,0,05220614709500296685
05,5,70,004,2022,06,15,6,3,5,3,0,1,1,0,0,0,0,423152.551999991992489,5734072.143999660387635,7.886717933000060,51.752272007999998,0,05220617711214972472
05,5,62,004,2022,06,13,3,3,5,3,0,0,1,0,0,0,0,384945.252999940013979,5716564.967999599874020,7.339187951000040,51.588379203000002,0,05220621701800381153
05,5,15,000,2022,06,15,4,3,5,3,0,1,1,0,0,0,0,411409.333999984024558,5760399.558999669738114,7.709883607000050,51.987192118000102,0,05220622702100876649
05,5,70,004,2022,06,09,5,3,0,1,0,1,0,0,0,0,0,424210.823526847991161,5736756.781114899553359,7.901460289000060,51.776550192000101,0,05220630711211091792
05,5,66,084,2022,06,13,3,3,4,6,0,1,0,0,0,0,0,390645.740457596024498,5775067.036597579717636,7.402930804000050,52.115315209000102,0,05220621709300876628
05,5,15,000,2022,06,08,6,3,2,6,0,0,1,0,0,0,0,403187.412836503004655,5759047.318481800146401,7.590569586000070,51.973665699999998,1,05220624702100868125
05,5,58,012,2022,06,16,1,3,0,1,0,1,0,0,0,0,0,374367.281977927021217,5756714.407843579538167,7.172053982000020,51.946933964999999,0,05220619706200365772
05,5,54,056,2022,06,18,5,3,0,7,0,0,1,0,0,0,1,357243.907004350970965,5761919.495442509651184,6.920912715000040,51.989571913000098,0,05220630705000147427
05,5,54,064,2022,06,09,4,3,5,5,0,1,1,0,0,0,0,361354.099940765998326,5751546.496105779893696,6.984915069000070,51.897406799000102,0,05220629705000291795
05,5,12,000,2022,06,14,3,3,2,6,0,0,1,0,0,0,0,359478.715999836975243,5710942.470999419689178,6.974051586000030,51.532080438999998,0,05220621701400389644
05,5,62,014,2022,06,21,5,2,1,5,1,1,1,0,0,0,0,360009.080447895976249,5716812.713844000361860,6.979355726000050,51.584962468000100,0,05220623701300870116
05,5,70,044,2022,06,18,2,3,5,2,0,1,1,0,0,0,0,416168.867107777972706,5760027.477245730347931,7.779268559000060,51.984586216000103,0,05220627711142774649
05,5,70,016,2022,06,03,1,3,9,4,2,0,1,1,0,0,0,413249.878999986976851,5739216.453999659977853,7.742008633000070,51.797068839000097,0,05220626711221289447
05,5,12,000,2022,06,14,2,3,6,4,0,0,0,1,1,0,0,356438.482306536985561,5710613.460799080319703,6.930383945000070,51.528359183000099,0,05220627701400278918
05,5,70,008,2022,06,21,4,2,0,1,1,1,0,0,0,0,0,434386.168947279977147,5735051.009026830084622,8.049247300000051,51.762500688999999,0,05220629711313902632
05,5,70,028,2022,07,13,6,3,4,2,0,1,1,0,0,0,0,441010.195002318010665,5743413.741775110363960,8.143795089000040,51.838420902999999,0,05220715711412580981
05,5,13,000,2022,07,15,2,3,2,6,0,0,1,0,0,0,0,367762.380135687999427,5708409.382657689973712,7.094357654000020,51.511317282000000,0,05220704700000095211
05,5,15,000,2022,07,10,7,2,0,7,0,1,0,0,0,0,0,404597.985442090022843,5760135.826701999641955,7.610795958000040,51.983693529000000,0,05220716702100060729
05,5,66,012,2022,07,15,5,3,4,2,0,1,1,0,0,0,0,404572.968999976990744,5772459.365999669767916,7.606992375000060,52.094456229000102,0,05220721709110776750
05,5,66,040,2022,07,09,1,3,0,7,0,0,0,0,0,0,1,421368.909999991010409,5782630.885999679565430,7.849760816000070,52.188529111000001,0,05220703709800696553
05,5,62,020,2022,07,14,7,3,5,3,0,1,1,0,0,0,0,371729.654999896010850,5718757.590999539941549,7.147721256000070,51.605230650000102,1,05220709701200075490
05,5,54,004,2022,07,10,5,3,0,5,0,1,1,0,0,0,0,363355.335036172997206,5770976.397556969895959,7.006241978000050,52.072489516000097,0,05220707705000090507
05,5,54,048,2022,07,16,4,2,5,3,0,1,0,0,0,1,0,341861.163999715994578,5744289.895999040454626,6.705155899000030,51.827024107000099,0,05220713705000687244
05,5,15,000,2022,07,18,3,3,5,2,0,1,0,0,0,0,1,406682.789999980013818,5754908.105999659746885,7.642564935000050,51.937058321999999,0,05220705702100191787
05,5,66,068,2022,07,10,4,2,7,4,0,0,1,1,0,0,0,376116.046667589980643,5786008.447020379826427,7.186846560000050,52.210572878999997,0,05220713709300941172
05,5,62,024,2022,07,16,6,3,5,3,0,1,0,0,0,0,0,369061.708564181986731,5724096.786855340003967,7.107220916000070,51.652597970999999,0,05220715701500477638
05,5,70,004,2022,07,21,5,3,5,2,1,1,1,0,0,0,0,423732.068416711001191,5735789.021945470012724,7.894734828000030,51.767785353000100,0,05220714711211091792
05,5,15,000,2022,07,19,7,3,4,3,0,1,1,0,0,0,0,407925.166999981971458,5758290.443999660201371,7.659725499000050,51.967667665000100,0,05220716702100876731
05,5,66,060,2022,07,10,7,2,0,7,0,1,0,0,0,0,0,388418.995238571020309,5789556.833675599656999,7.365656824000040,52.245090624000099,0,05220709709500996235
05,5,62,016,2022,07,17,4,3,5,3,0,0,1,0,0,0,0,374607.842999908025376,5734955.865999559871852,7.183443778000030,51.751451894000098,0,05220720701700089541
05,5,70,052,2022,07,15,4,2,0,3,0,1,0,0,0,0,0,430072.874195856973529,5757491.740747449919581,7.982214484000050,51.963715327999999,0,05220706711112387306
05,5,66,092,2022,07,18,3,2,0,7,0,1,0,1,0,0,0,423872.458422042021994,5796399.954376629553735,7.883271994000040,52.312648758000101,0,05220705709700357409
05,5,13,000,2022,07,10,3,3,4,2,0,0,1,0,0,0,0,367677.919999879028182,5713287.683999509550631,7.091308026000040,51.555137279000100,0,05220705700000881309
05,5,70,052,2022,07,09,3,3,5,3,0,1,1,0,0,0,0,429954.648999996017665,5756421.689999669790268,7.980712214000050,51.954081119000101,0,05220705711112587219
05,5,13,000,2022,07,16,6,3,2,6,0,0,1,0,0,0,0,368062.431999880005606,5708573.728999510407448,7.098617555000030,51.512864368000102,0,05220701700000945213
05,5,13,000,2022,07,17,5,3,5,3,0,0,1,0,0,0,0,362503.210999856004491,5710259.676999459974468,7.017895048000070,51.526689304999998,1,05220721700000191368
05,5,58,044,2022,07,06,3,3,8,7,0,1,0,1,0,0,0,395488.377999963006005,5746995.069999639876187,7.482183614000060,51.863946568000102,0,05220705706000268251
05,5,15,000,2022,07,19,7,3,0,2,0,1,0,0,0,0,0,405771.577999976987485,5756493.690999659709632,7.628879546000060,51.951156750000102,0,05220702702100376728
05,5,15,000,2022,07,16,2,3,2,2,0,0,1,0,0,0,0,405853.456999977992382,5754438.165999660268426,7.630633397000050,51.932694578000103,0,05220718702100976106
05,5,15,000,2022,07,07,4,3,0,1,0,0,1,0,0,0,1,406882.711041943985038,5761115.317025589756668,7.643789008000060,51.992885294000097,0,05220720702100670622
05,5,62,020,2022,07,19,1,3,5,3,0,1,1,0,0,0,0,371221.154999893973581,5716852.686999539844692,7.141081688000040,51.587995524000100,0,05220710701200775229
05,5,66,068,2022,07,17,5,3,0,7,0,1,0,0,0,0,0,375357.020278587995563,5784536.125707210041583,7.176285480000050,52.197171318000102,1,05220721709300379098
05,5,66,012,2022,07,17,2,3,0,7,0,1,0,0,0,0,0,404674.356302171014249,5772195.653262360021472,7.608545671000060,52.092103410999997,0,05220711709110791847
05,5,66,008,2022,07,05,6,3,5,3,1,1,1,0,0,0,0,401005.918999973975588,5779549.300999670289457,7.552876436000080,52.157553205000099,0,05220708709110496563
05,5,54,008,2022,07,06,2,3,5,3,0,1,1,0,0,0,0,336052.271999664022587,5746707.214998840354383,6.619791410000060,51.847065723000100,0,05220704705000874671
05,5,54,012,2022,07,21,6,3,5,3,1,1,0,0,0,0,0,352829.133999797981232,5747341.823999320156872,6.862895998000060,51.857442359000103,0,05220715705000587336
05,5,70,004,2022,07,10,4,3,5,3,0,1,1,0,0,0,0,423043.680756750982255,5735897.910675710067153,7.884736705000020,51.768670014000101,0,05220713711212002946
05,5,58,012,2022,07,13,3,3,0,5,0,1,1,0,0,0,0,373776.024587450025138,5756482.424868959933519,7.163541170000030,51.944715427000098,0,05220719706000679112
05,5,12,000,2022,07,01,7,3,8,7,2,0,1,0,0,0,0,353792.842335654015187,5716517.147070569917560,6.889817058000060,51.580728246000000,0,05220709701400573611
05,5,54,020,2022,07,17,4,3,7,7,0,0,1,1,0,0,0,366413.212434599001426,5785656.599852220155299,7.045061964000070,52.205144848000003,0,05220706705000576687
05,5,62,032,2022,07,11,6,3,5,3,0,0,1,0,0,0,0,375624.564999911992345,5719117.580999569967389,7.203807497000070,51.609339671999997,0,05220722701110077986
05,5,70,052,2022,07,00,1,2,0,1,2,1,0,0,0,0,0,430738.900451891007833,5756449.238809909671545,7.992117032000070,51.954427001000099,0,05220717711111439521
05,5,58,016,2022,07,21,1,3,9,7,1,0,0,0,1,0,0,373799.577997100015637,5743766.443009669892490,7.168535651000070,51.830448318999998,0,05220710706000179200
05,5,54,012,2022,07,16,5,3,3,3,0,1,1,0,0,0,0,351998.302835932991002,5745387.171410979703069,6.851677105000020,51.839660368000096,0,05220714705000391736
05,5,12,000,2022,07,16,7,2,5,3,0,0,1,0,1,0,0,359752.468706350016873,5712363.477673449553549,6.977429587000070,51.544917759999997,0,05220716701400147459
05,5,66,008,2022,07,14,5,3,3,6,0,1,1,0,0,0,0,399826.918999971006997,5781254.939999669790268,7.535144154000020,52.172670429000000,0,05220707709110270536
05,5,66,012,2022,07,10,4,3,1,7,0,0,1,0,0,0,0,405028.360469223989639,5772097.810838599689305,7.613738638000030,52.091284852999998,0,05220713709000087292
05,5,13,000,2022,07,17,6,3,0,7,0,1,0,0,0,0,0,365817.403999871981796,5716039.260999489575624,7.063436607000030,51.579424828000100,0,05220715700000475282
05,5,66,012,2022,07,13,6,2,5,3,0,1,1,0,0,0,0,405682.179776931006927,5772287.201157960109413,7.623226768000050,52.093098953000002,0,05220701709110296689
05,5,66,068,2022,07,22,1,3,0,1,2,1,0,1,0,0,0,374185.448693908983842,5782053.384596239775419,7.160074529000040,52.174595225000097,0,05220717709300812304
05,5,66,084,2022,07,16,3,2,1,1,0,1,0,0,0,0,0,390030.703079220023938,5775946.939653390087187,7.393667957000050,52.123101132999999,0,05220705709300791742
05,5,54,008,2022,07,15,2,3,5,3,0,0,1,0,0,0,0,327838.139999578008428,5748421.723998430185020,6.499803602000040,51.859994258000000,0,05220718705000087250
05,5,62,032,2022,07,16,4,2,0,7,0,0,0,0,0,0,1,373757.361844412982464,5718775.339493810199201,7.176979734000040,51.605848387000002,0,05220713701110677986
05,5,54,024,2022,07,21,7,3,8,1,1,1,0,0,0,0,0,369993.876999892003369,5774995.266999539919198,7.101512144000030,52.110200804000002,0,05220702705000696667
05,5,62,032,2022,07,22,2,3,0,1,2,0,0,0,1,0,0,376514.283999915001914,5715650.390999569557607,7.217870045000040,51.578375086999998,0,05220718701120767337
05,5,15,000,2022,07,13,4,3,0,1,0,1,0,0,0,0,0,405269.928585962974466,5759528.781021179631352,7.620745054000050,51.978352158000099,0,05220713702100668125
05,5,54,020,2022,07,15,1,2,0,1,0,1,0,0,0,0,0,366822.051533176971134,5783569.995640530250967,7.051861394000070,52.186494695000100,1,05220710705000096614
05,5,66,052,2022,07,21,2,3,5,3,0,0,1,0,1,0,0,376981.779999917023815,5778940.566999590024352,7.202074200000030,52.147253103000097,0,05220718709300227831
05,5,70,004,2022,07,18,5,3,5,2,0,1,1,0,0,0,0,425011.321999993990175,5734775.476999660022557,7.913488743000070,51.758846703000103,1,05220721711213087313
05,5,66,012,2022,07,12,7,3,5,2,0,1,1,0,0,0,0,404882.428863647975959,5772748.648702190257609,7.611427574000060,52.097109632000098,0,05220709709110979617
05,5,66,084,2022,07,19,5,3,5,3,0,1,1,0,0,0,0,388773.984999948996119,5775299.982999639585614,7.375530344000030,52.117035397999999,0,05220714709300170597
05,5,62,008,2022,07,15,6,3,5,3,0,1,1,0,0,0,0,385078.756102895014919,5722789.050948150455952,7.339072975000020,51.644347085000000,0,05220708701910473490
05,5,66,084,2022,07,21,3,3,5,3,1,1,1,0,0,0,0,385719.293999942019582,5778546.203999630175531,7.329845633000050,52.145586056000099,0,05220712709300791070
05,5,70,040,2022,07,13,6,3,0,1,0,0,0,0,1,0,0,420021.178618012985680,5743188.906964150257409,7.839261546000050,51.833788185000103,0,05220701711231996248
05,5,54,012,2022,07,00,1,3,9,1,2,0,1,0,0,0,0,351450.794082092004828,5745822.302420450374484,6.843548923000070,51.843424579000001,0,05220717705000082365
05,5,70,052,2022,07,09,2,3,5,3,0,1,1,0,0,0,0,430337.993367820978165,5755187.426384219899774,7.986539783000070,51.943033699000097,0,05220711711113374649
05,5,13,000,2022,07,09,3,2,0,5,0,1,1,0,0,0,0,368399.211138751998078,5709074.762801630422473,7.103281029000070,51.517445591000097,0,05220719700000381313
05,5,70,008,2022,07,03,1,3,0,1,2,1,0,0,0,0,0,433375.013843745982740,5734898.313080290332437,8.034627040000030,51.761008542000098,0,05220717711313081007
05,5,58,024,2022,07,23,7,3,1,5,2,1,1,0,0,0,0,393444.571856460010167,5736783.742102920077741,7.455654626000070,51.771780943000103,0,05220716706300281019
05,5,58,044,2022,07,02,7,3,1,7,1,0,0,0,1,0,1,395484.079999962996226,5752658.354999640025198,7.480405123000030,51.914847180000002,0,05220702706000641941
05,5,12,000,2022,07,08,5,3,5,3,0,0,1,0,1,0,0,357147.881881567009259,5710969.641876719892025,6.940459217000070,51.531739686000002,1,05220707701400077662
05,5,58,012,2022,07,21,2,3,5,3,0,1,1,0,0,0,0,374018.479999905976001,5756698.827999570406973,7.166987453000050,51.946715075999997,0,05220711706200796654
05,5,66,076,2022,07,14,2,2,0,1,0,1,0,0,0,0,0,396647.024999965971801,5787236.973999660462141,7.486835894000020,52.225847643000101,0,05220718709500976632
05,5,62,014,2022,07,17,2,2,0,7,0,0,0,0,0,0,1,360162.706999842019286,5716706.512999430298805,6.981614006000030,51.584046288000103,0,05220718701300979393
05,5,13,000,2022,07,21,2,3,4,6,1,0,1,0,0,0,0,369294.096470243996009,5708124.184142519719899,7.116523646000080,51.509110659000001,0,05220704700000767104
05,5,62,016,2022,07,17,4,3,5,2,0,1,1,0,0,0,0,375496.550999910978135,5734709.381999569945037,7.196399844000040,51.749434993000101,0,05220706701700872329
05,5,62,032,2022,07,11,6,3,5,3,0,0,1,0,0,0,1,375124.228675718011800,5717250.145676310174167,7.197250511000050,51.592446066999997,0,05220701701110185385
05,5,15,000,2022,07,16,2,2,0,1,0,1,0,0,0,0,0,405980.348542447027285,5759203.063139230012894,7.631174695000030,51.975545130999997,0,05220704702100242514
05,5,70,004,2022,07,07,3,3,5,3,0,0,1,0,0,0,0,422998.690357732994016,5734850.578757680021226,7.884316959000050,51.759248716999998,0,05220712711215681146
05,5,15,000,2022,07,17,1,3,0,7,0,1,0,1,0,0,0,406874.836999979976099,5750866.107999649830163,7.646450911000040,51.900758714000098,0,05220717702100591866
05,5,13,000,2022,07,03,7,3,0,1,2,1,0,0,0,0,0,368386.183734169986565,5709427.627715510316193,7.102961595000070,51.520613670000003,0,05220716700000289519
05,5,62,014,2022,07,21,6,3,1,5,0,0,1,0,0,0,0,358555.682202377007343,5717271.632275160402060,6.958206568000040,51.588723342999998,0,05220708701300489553
05,5,66,092,2022,07,16,3,3,5,3,0,1,1,0,0,0,0,424224.609999993990641,5796857.280999680049717,7.888333709000050,52.316808283999997,0,05220705709700281515
05,5,15,000,2022,07,13,4,3,0,1,0,0,0,0,0,0,1,405808.880999980028719,5757372.341999660246074,7.629181306000020,51.959060781000098,0,05220720702100400396
05,5,15,000,2022,07,07,3,3,0,1,0,0,0,0,1,0,0,403879.554999976011459,5758249.923999659717083,7.600866033000050,51.966618607000001,0,05220705702100169524
05,5,62,032,2022,07,08,7,2,2,6,0,0,1,0,1,0,0,378408.825211990973912,5717652.978104090318084,7.244504188000060,51.596784952000100,0,05220702701110080608
05,5,54,044,2022,07,16,4,3,0,3,0,1,1,0,0,0,0,365749.073764247994404,5744030.965513910166919,7.051672051000030,51.830948659999997,0,05220720705000996128
05,5,54,024,2022,07,21,1,3,5,3,1,0,1,0,0,0,0,369333.817999887978658,5775782.877999540418386,7.091576750000060,52.117122563000102,0,05220703705000689749
05,5,54,048,2022,07,13,7,3,2,6,0,1,0,0,0,0,0,344408.767999736999627,5750867.561999119818211,6.739133062000060,51.886834311000001,0,05220709705000791732
05,5,58,012,2022,07,16,5,3,0,1,0,1,1,0,0,0,0,374154.734982563997619,5756330.887915310449898,7.169103525000030,51.943439442000098,0,05220707706000320577
05,5,70,052,2022,07,05,2,3,5,3,0,1,1,0,0,0,0,430770.721004594990518,5755206.793536409735680,7.992830259000070,51.943261819999996,1,05220711711112587306
05,5,54,008,2022,07,11,6,3,8,5,0,0,1,0,0,0,1,335958.550999660976231,5745645.074998839758337,6.618935738000060,51.837496536000103,0,05220715705000809603