ULAND,UREGBEZ,UKREIS,UGEMEINDE,UJAHR,UMONAT,USTUNDE,UWOCHENTAG,UKATEGORIE,UART,UTYP1,ULICHTVERH,IstRad,IstPKW,IstFuss,IstKrad,IstGkfz,IstSonstige,LINREFX,LINREFY,XGCSWGS84,YGCSWGS84,STRZUSTAND,UIDENTSTLAE
05,5,66,076,2022,07,18,2,2,5,1,0,1,1,0,0,0,0,392724.762999958998989,5793008.288999659940600,7.427600802000030,52.276965545000103,0,05220718709500572447
05,5,58,016,2022,07,02,6,3,7,1,2,1,0,0,0,0,0,382351.756999933975749,5743408.086999599821866,7.292708017000050,51.829094375000103,0,05220715706000281060
05,5,62,032,2022,07,09,4,2,1,5,0,1,1,0,0,0,0,373662.332058399973903,5715117.557878809981048,7.176924867000030,51.572954478000000,0,05220713701120273591
05,5,62,012,2022,07,05,2,3,5,3,0,1,1,0,0,0,0,362966.783999857027084,5730978.497999469749629,7.016469911000060,51.712984878000000,0,05220711701620791630
05,5,66,012,2022,07,19,5,3,0,1,0,1,0,0,0,0,0,404496.491999976977240,5772118.102999660186470,7.605971971000030,52.091375711000097,0,05220714709110906884
05,5,66,008,2022,07,14,5,3,5,3,0,1,1,0,0,0,0,399030.840999968990218,5781588.218999659642577,7.523407883000060,52.175520749000000,0,05220721709110672380
05,5,54,008,2022,07,13,7,3,5,3,0,1,1,0,0,0,0,333156.112999633012805,5746328.206998709589243,6.577967741000070,51.842803123000103,0,05220716705000180892
05,5,66,028,2022,07,23,7,3,9,1,2,1,0,0,0,0,0,413395.627181833027862,5794747.138240199536085,7.730049219000020,52.296240146000102,0,05220702709700591161
05,5,15,000,2022,07,23,6,3,1,5,2,1,1,0,0,0,0,404319.405712986015715,5758429.941704460419714,7.607216307000040,51.968312552000000,0,05220701702100065835
05,5,70,008,2022,07,14,7,3,5,3,0,0,1,0,0,0,0,434017.362999997974839,5734401.323999660089612,8.044027416000061,51.756616631999997,0,05220716711311480621
05,5,54,008,2022,07,22,4,3,0,1,2,1,0,0,0,0,0,336238.338221808022354,5745295.937304509803653,6.623158312000040,51.834442173000099,1,05220720705000080892
05,5,54,008,2022,07,11,5,3,5,3,0,0,1,0,1,0,0,336726.726568225014489,5745761.319214530289173,6.630020643000020,51.838765905000102,0,05220707705000796520
05,5,70,004,2022,07,16,4,3,1,7,0,0,1,0,1,0,0,424524.425504683982581,5734322.535241100005805,7.906533839000080,51.754709484999999,0,05220713711213002816
05,5,70,036,2022,07,08,4,3,5,3,0,0,1,0,0,0,0,433889.549966041988228,5760226.743362720124424,8.037230366000070,51.988769241000099,0,05220706711121081091
05,5,62,032,2022,07,13,6,3,0,1,0,0,1,0,0,0,0,374763.138767038995866,5719012.951072780415416,7.191411067000050,51.608208407000099,0,05220715701110081315
05,5,66,076,2022,07,19,7,3,3,3,0,1,1,0,0,0,0,400114.041999972017948,5793498.469999670051038,7.535725020000030,52.282763381999999,0,05220716709500076632
05,5,66,088,2022,07,18,7,2,6,7,0,0,1,1,0,0,0,418863.250323680986185,5786124.062311399728060,7.812278712000020,52.219565315000096,0,05220702709800181039
05,5,62,004,2022,07,15,4,3,9,5,0,0,1,0,0,0,0,383253.179602378979325,5714101.953802759759128,7.315592931000030,51.565894270999998,0,05220713701800952517
05,5,15,000,2022,07,21,6,2,0,6,1,1,0,0,0,0,0,406150.441043076978531,5757160.902282530441880,7.634208464000040,51.957218017999999,0,05220722702100691863
05,5,58,024,2022,07,13,6,3,3,5,0,0,1,0,1,0,0,392474.171063300978858,5736628.989855229854584,7.441643764000050,51.770204471000099,0,05220708706000011018
05,5,15,000,2022,07,17,3,3,8,7,0,0,0,0,0,0,1,403729.982999978004955,5761800.017999660223722,7.597693285000050,51.998502004000002,0,05220719702100560729
05,5,58,012,2022,07,10,5,3,6,6,0,0,1,1,0,0,0,368835.342533216986340,5751956.488825829699636,7.093424869000050,51.902902101999999,0,05220721706200994201
05,5,66,044,2022,07,16,2,3,0,1,0,1,1,0,0,0,0,429388.957299623987637,5777530.418842770159245,7.968119870000070,52.143765024000103,0,05220704709800124005
05,5,54,008,2022,07,00,1,3,8,1,2,1,0,0,0,0,0,337497.971999676025007,5745597.741998899728060,6.641282156000050,51.837521332000101,0,05220717705000886945
05,5,62,014,2022,07,16,7,3,5,2,0,1,1,0,0,0,0,361721.740329835971352,5712670.385063219815493,7.005690047000030,51.548161648000097,0,05220709701300175291
05,5,54,012,2022,07,16,2,3,5,3,0,1,1,1,0,0,0,347029.320948528009467,5752387.301814190112054,6.776506474000030,51.901213353999999,0,05220711705000591737
05,5,62,032,2022,07,15,1,3,5,3,0,1,1,0,0,0,0,373011.334746750013437,5718500.358155559748411,7.166312154000020,51.603209397000100,0,05220703701110585659
05,5,62,028,2022,07,12,4,3,0,1,0,0,0,0,0,0,1,378653.276198427018244,5721987.917899440042675,7.246530588000040,51.635797233000098,0,05220713701920863563
05,5,70,044,2022,07,15,6,2,5,3,0,1,1,0,0,0,0,414045.120043146016542,5765213.475152189843357,7.747049540000030,52.030877553000003,0,05220708711143503041
05,5,13,000,2022,07,17,4,3,5,3,0,0,1,0,0,0,0,367892.911999878997449,5708622.007999509572983,7.096157921000040,51.513258626000002,0,05220706700000491754
05,5,54,020,2022,07,15,6,3,5,3,0,1,1,0,0,0,0,365127.414999870001338,5786243.818999500013888,7.026023461000020,52.210108065999997,0,05220715705000520896
05,5,15,000,2022,07,13,6,3,5,3,0,1,0,0,0,0,0,405229.093258201028220,5757881.447180420160294,7.620605475000050,51.963538309000100,0,05220708702100691794
05,5,66,008,2022,07,16,3,3,8,1,0,1,0,0,0,0,0,399331.896176702983212,5782302.477283869870007,7.527596983000020,52.181995308000097,0,05220712709110270516
05,5,12,000,2022,07,18,6,3,5,3,0,1,0,0,0,0,0,356874.073999823012855,5708713.395999389700592,6.937430863000030,51.511396034000001,0,05220715701400178918
05,5,66,024,2022,07,19,5,3,5,3,0,0,1,0,0,0,0,383138.945999936026055,5771062.125999620184302,7.294721727000020,52.077788280000000,0,05220714709300781036
05,5,54,008,2022,07,16,7,3,0,3,0,1,0,0,0,0,0,338860.009999689005781,5746904.333998950198293,6.660425551000060,51.849653986000099,0,05220716705000074716
05,5,15,000,2022,07,12,2,2,9,1,0,0,1,1,0,0,0,404410.722839422989637,5761242.978998360224068,7.607761372000030,51.993612778000099,0,05220718702100288557
05,5,13,000,2022,07,17,4,3,0,1,0,0,0,0,1,0,0,364794.566082126984838,5716813.351144179701805,7.048385803000030,51.586136673000098,1,05220713700000090696
05,5,70,008,2022,07,05,2,2,8,1,0,0,0,0,1,0,0,432376.980350387981161,5735926.978893069550395,8.019967900000040,51.770136611000098,1,05220711711312035328
05,5,13,000,2022,07,20,6,3,0,7,0,0,1,0,1,0,0,368161.218256163003389,5709384.916141370311379,7.099736913000070,51.520177367000002,0,05220715700000057871
05,5,54,012,2022,07,12,6,3,5,3,0,1,1,0,0,0,0,352528.472999795980286,5745984.312999309971929,6.859112400000070,51.845165889999997,0,05220701705000124235
05,5,15,000,2022,07,02,5,3,0,7,2,1,0,0,0,0,0,406262.516999978979584,5758124.735999659635127,7.635575956000030,51.965900309000098,1,05220721702100060729
05,5,70,008,2022,07,20,7,3,0,7,1,0,0,0,1,0,1,433536.107111892022658,5735131.226018980145454,8.036916316000029,51.763121586000103,0,05220709711312287401
05,5,58,024,2022,07,10,3,3,6,5,0,0,0,1,0,0,1,393770.763535112026148,5737568.781673409976065,7.460140205000070,51.778898919000000,0,05220705706000951230
05,5,70,004,2022,07,15,5,3,3,6,0,1,0,0,0,0,1,424114.580138448975049,5733462.984419119544327,7.900784911000070,51.746927014000100,0,05220714711213387303
05,5,54,008,2022,07,16,5,3,4,3,0,1,1,0,0,0,0,335700.220999660028610,5745610.285998820327222,6.615206097000050,51.837108080000100,0,05220721705000996106
05,5,13,000,2022,07,10,2,3,5,3,0,1,1,0,0,0,0,366753.355999874998815,5709222.483999500051141,7.079518255000040,51.518387286000099,0,05220718700000680914
05,5,15,000,2022,07,18,2,3,0,5,0,0,1,0,1,0,0,405464.988212672993541,5757193.129513420164585,7.624227305000030,51.957391579999999,0,05220704702100591863
05,5,15,000,2022,07,18,4,3,5,3,0,1,0,0,0,0,0,405183.704953912994824,5758317.120124179869890,7.619824755000020,51.967446573000103,0,05220713702100155355
05,5,15,000,2022,07,08,6,3,0,7,0,1,0,0,0,0,1,407430.957129115995485,5757176.980984330177307,7.652833861000030,51.957577188000101,0,05220708702100279141
05,5,70,008,2022,07,14,2,3,1,5,0,1,1,0,0,0,0,432839.713999997009523,5739028.894999659620225,8.026072710000051,51.798078518000104,0,05220718711314090829
05,5,58,012,2022,07,10,5,3,6,7,0,1,0,1,0,0,0,373674.634656629990786,5756016.738872420042753,7.162237926000050,51.940507566000100,1,05220707706000791755
05,5,70,012,2022,07,07,7,3,5,3,0,0,1,0,0,0,0,439178.339999997988343,5753191.638999659568071,8.115486460000060,51.926128354000099,0,05220702711131581965
05,5,70,052,2022,07,15,2,3,0,5,0,1,1,0,0,0,0,430861.248850814998150,5757098.552406139671803,7.993766463000040,51.960279319000101,0,05220718711111981965
05,5,54,004,2022,07,08,4,3,5,3,0,0,1,0,0,0,0,363129.482999860018026,5772143.480999480001628,7.002480575000050,52.082920424000100,0,05220720705000996132
05,5,66,092,2022,07,17,1,2,0,7,0,1,0,0,0,0,0,419228.466179732989985,5794374.664451610296965,7.815649692000020,52.293780724999998,0,05220703709700068285
05,5,66,040,2022,07,06,5,3,0,1,0,1,0,0,0,0,0,421003.936999991012271,5781633.687999679706991,7.844655406000070,52.179513290999999,1,05220707709800696553
05,5,62,020,2022,07,14,4,3,1,5,0,1,1,0,0,0,0,367382.951596959028393,5718993.727547709830105,7.084900823000050,51.606345842000103,0,05220713701200770599
05,5,62,014,2022,07,10,2,3,1,5,0,1,1,0,0,0,0,360652.733161930984352,5717604.301161569543183,6.988325839000030,51.592235231000103,0,05220704701300889516
05,5,12,000,2022,07,19,7,3,5,3,0,1,1,0,0,0,0,357524.131999825011007,5708016.992999389767647,6.947073654000060,51.505302491000101,0,05220716701400481303
05,5,66,008,2022,07,08,4,3,5,2,0,1,1,0,0,0,0,399882.700999970023986,5781429.269999659620225,7.535908132000030,52.174247387999998,0,05220720709110370516
05,5,66,076,2022,08,09,7,3,8,7,0,0,1,0,0,0,0,391531.625999955984298,5792441.596999649889767,7.410301774000060,52.271638525000100,0,05220806709500576365
05,5,62,004,2022,08,16,2,3,5,3,0,1,1,0,0,0,0,384214.741999937978107,5717185.266999600455165,7.328443200000040,51.593804659000099,0,05220801701800881554
05,5,70,008,2022,07,18,6,2,6,4,0,0,1,1,0,0,0,434118.137658050982282,5734576.807095609605312,8.045453980000049,51.758206104000102,0,05220722711311174480
05,5,58,024,2022,07,08,3,3,8,1,0,1,0,0,0,0,0,392629.339716168993618,5736585.815893590450287,7.443905053000040,51.769846206000103,0,05220726706300074662
05,5,15,000,2022,07,15,5,2,0,6,0,1,0,0,0,0,0,407395.573999979998916,5752999.052999660372734,7.653444043000040,51.920017719000001,0,05220728702100070631
05,5,15,000,2022,07,14,3,3,3,2,0,1,1,0,0,0,0,406444.642999977979343,5758004.780999659560621,7.638258817000060,51.964852779000097,1,05220726702100251212
05,5,15,000,2022,08,23,1,3,0,1,2,0,0,0,0,0,1,405623.247999979008455,5757098.553999659605324,7.626555733000030,51.956568377000103,0,05220807702100556496
05,5,13,000,2022,08,17,4,3,5,3,0,0,1,0,0,0,0,369025.468999885022640,5715470.585999519564211,7.109920975000020,51.575068905000101,0,05220803700000285656
05,5,62,032,2022,07,17,4,3,5,3,0,0,1,0,0,0,0,376249.603999915008899,5719123.763999570161104,7.212827199000060,51.609532964000003,0,05220727701110053114
05,5,13,000,2022,07,17,6,3,0,7,0,0,0,0,0,0,1,364741.331194028025493,5708531.590704440139234,7.050802007000070,51.511700388000101,0,05220729700000075453
05,5,58,012,2022,07,05,1,3,5,3,2,1,1,0,0,0,0,373162.980999902996700,5756160.501999559812248,7.154745606000060,51.941683081000100,0,05220731706000291755
05,5,66,076,2022,08,23,5,3,0,7,2,1,1,0,0,0,0,394293.562448395998217,5795164.763148140162230,7.449910080000050,52.296650159000102,0,05220804709500276365
05,5,62,004,2022,08,05,2,3,3,6,2,1,1,0,0,0,0,385366.874842463992536,5717529.185450630262494,7.344956315000050,51.597131363000102,1,05220801701800381153
05,5,13,000,2022,08,16,4,3,5,3,0,1,0,0,0,0,1,369392.520068323006853,5708418.402917480096221,7.117832120000060,51.511777519000098,0,05220803700000976318
05,5,70,004,2022,07,18,7,2,1,5,0,0,1,0,1,0,0,423196.801454985979944,5733258.761744390241802,7.887538494000070,51.744966057000099,0,05220723711214687086
05,5,58,040,2022,08,10,5,3,0,1,0,0,0,0,1,0,0,376906.744999916001689,5764295.053999580442905,7.206263420000030,52.015625790000101,0,05220804706000479112
05,5,66,084,2022,08,11,2,3,0,7,0,1,1,0,0,0,0,386297.360648008994758,5778874.031665230169892,7.338180223000050,52.148651526000002,0,05220808709300974703
05,5,62,014,2022,08,18,6,3,2,2,0,0,1,0,0,0,0,361763.663999849988613,5717246.351999449543655,7.004494168000060,51.589292329000003,0,05220805701300091091
05,5,13,000,2022,08,13,3,3,0,7,0,0,1,0,0,0,1,368391.290782133000903,5708996.398921280167997,7.103196206000060,51.516739507000104,0,05220802700000077670
05,5,54,020,2022,07,22,6,3,5,3,2,1,1,0,0,0,0,365562.035999873012770,5786575.832999509759247,7.032248588000070,52.213197516000001,0,05220729705000920728
05,5,66,076,2022,07,00,1,2,8,1,2,1,0,0,0,0,0,393612.637094760022592,5793216.997087460011244,7.440543820000070,52.279013785000103,0,05220731709500769125
05,5,62,016,2022,08,19,7,2,0,1,0,1,0,0,0,0,0,375308.612181867996696,5733785.680720149539411,7.194009894000030,51.741092003000098,0,05220806701700048703
05,5,13,000,2022,08,00,1,2,0,7,2,0,0,0,0,0,1,363421.561574145976920,5711889.608545879833400,7.030492980000080,51.541559311000100,0,05220807700000575938
05,5,62,008,2022,08,17,6,3,3,6,0,1,1,0,0,0,0,385453.367376910988241,5723308.675400960259140,7.344314540000030,51.649093770000000,0,05220805701910438825
05,5,66,028,2022,07,22,1,3,8,7,2,0,1,0,0,0,0,412418.826999984972645,5797928.528999679721892,7.714901555000040,52.324680329000003,1,05220731709700168285
05,5,66,012,2022,08,11,6,3,5,3,0,1,1,0,0,0,0,404931.070082748017740,5773613.007050629705191,7.611896236000060,52.104886986000103,1,05220805709110742371
05,5,70,004,2022,08,07,2,3,0,7,0,1,0,1,0,0,0,424091.805200000992045,5733269.395999659784138,7.900497331000050,51.745183628000099,1,05220801711214781052
05,5,66,028,2022,08,11,4,3,3,6,0,0,0,0,0,1,1,410879.712316078017466,5792828.906924379989505,7.693673846000020,52.278596353000097,0,05220803709700511895
05,5,66,048,2022,08,10,2,3,5,3,0,0,1,0,0,0,0,426442.057999994023703,5792465.296999690122902,7.921817775000020,52.277630764000001,0,05220808709700068285
05,5,62,032,2022,07,19,7,3,6,4,0,0,0,1,0,0,1,376437.547047659987584,5717877.537416690029204,7.215979123000070,51.598374149000101,0,05220723701110581594
05,5,66,016,2022,07,18,2,3,3,1,0,1,0,0,0,0,0,403021.495635199011303,5794674.690338489599526,7.577993795000050,52.293855650000097,0,05220725709500379230
05,5,12,000,2022,08,09,2,3,5,3,0,0,1,0,0,0,0,357134.041999823995866,5708701.524999390356243,6.941179434000050,51.511355154000100,0,05220801701400491091
05,5,62,032,2022,07,00,7,2,1,5,2,0,1,0,0,0,1,376627.251801782986149,5719131.324713120236993,7.218275591000070,51.609683792000098,0,05220730701110775292
05,5,54,008,2022,08,12,6,3,0,3,0,1,1,0,0,0,0,335893.402999660000205,5744411.720998830161989,6.618575784000030,51.826397634000003,0,05220805705000995654
05,5,58,024,2022,08,20,4,3,2,3,0,1,1,0,0,0,0,389474.374042504001409,5735965.897864690050483,7.398397193000050,51.763660505000097,0,05220803706000068251
05,5,54,012,2022,07,10,4,3,5,2,0,1,0,0,0,0,1,352857.465999799023848,5746097.438999320380390,6.863836767000070,51.846269117000098,0,05220727705000995977
05,5,70,008,2022,07,12,6,3,0,3,0,1,1,0,0,0,0,433725.484166965994518,5731206.036279929801822,8.040408026000019,51.727856238000101,0,05220729711312087401
05,5,15,000,2022,07,17,4,2,6,7,0,0,1,1,0,0,0,407322.878999979002401,5756969.477999660186470,7.651317435000070,51.955694037999997,0,05220727702100872436
05,5,70,052,2022,08,20,4,3,5,3,1,1,0,0,0,0,0,430613.706999998015817,5757654.329999670386314,7.990052096000060,51.965244710000000,0,05220810711111048067
05,5,54,068,2022,08,17,2,3,5,7,0,1,1,0,0,0,0,348347.226186978979968,5765402.404974349774420,6.789901881000050,52.018505728999997,0,05220808705000995515
05,5,54,056,2022,08,07,3,3,5,1,0,1,1,0,0,0,0,356225.979885199980345,5762016.188698089681566,6.906057840000070,51.990178161000102,0,05220809705000091108
05,5,66,068,2022,07,20,7,3,0,1,0,1,0,0,0,0,0,376238.551129512023181,5785740.129148740321398,7.188736637000030,52.208189263000101,0,05220730709300987307
05,5,54,012,2022,08,19,5,3,6,7,0,1,0,1,0,0,0,352394.251961254980415,5745791.725023009814322,6.857247539000070,51.843400039000102,0,05220804705000995682
05,5,13,000,2022,07,15,4,3,0,7,0,1,0,0,0,0,0,363579.545991213002708,5716975.713925110176206,7.030795677000070,51.587302880000003,0,05220727700000291718
05,5,15,000,2022,08,16,4,3,5,2,0,1,1,0,0,0,0,407447.235999979020562,5757311.139999659731984,7.653034554000040,51.958785791000103,0,05220803702100544344
05,5,62,036,2022,08,17,2,3,5,3,0,0,1,0,1,0,0,389858.163999952026643,5720179.260999619960785,7.408940300000040,51.621846628000100,0,05220801701930685483
05,5,58,024,2022,08,19,1,3,1,5,0,1,0,0,0,0,1,393677.173123038024642,5736068.668080420233309,7.459243370000020,51.765398044000101,0,05220807706300408328
05,5,54,008,2022,08,15,3,2,0,1,0,1,0,0,0,0,0,334723.019549498974811,5743784.112791270017624,6.601907376000040,51.820414642999999,0,05220809705000995442
05,5,70,008,2022,08,14,2,3,4,2,0,1,1,0,0,0,0,433438.131084255001042,5734859.160244859755039,8.035548948000040,51.760664061999996,0,05220801711311581007
05,5,66,076,2022,08,23,2,3,5,6,2,0,1,0,0,0,0,393123.708159924019128,5793300.107662970200181,7.433353515000020,52.279665872000102,0,05220808709500995490
05,5,70,004,2022,08,08,4,3,5,3,0,1,1,0,0,0,0,423101.739925761008635,5735261.940816890448332,7.885718718000020,51.762960867000103,0,05220810711216374480
05,5,70,040,2022,07,17,1,2,0,1,0,1,0,0,0,0,0,419212.000367167987861,5745168.134753280319273,7.827058177000030,51.851463626000097,0,05220724711231091769
05,5,15,000,2022,07,09,6,3,5,2,0,1,1,0,0,0,0,400888.894547805015463,5761669.825967139564455,7.556360527000040,51.996831965000098,0,05220729702100068134
05,5,54,008,2022,08,18,4,3,3,2,0,1,1,0,0,0,0,335026.135999651974998,5745003.977998790331185,6.605720062000050,51.831462704000003,0,05220810705000995373
05,5,70,004,2022,08,01,1,3,8,1,2,0,0,0,0,0,1,423242.454023502999917,5733602.267318340018392,7.888123802000050,51.748060309000003,0,05220807711213989299
05,5,70,004,2022,07,11,2,3,0,1,0,1,0,0,0,0,0,424262.067698121012654,5734253.242084080353379,7.902748730000040,51.754051145000098,0,05220725711213790683
05,5,13,000,2022,08,09,6,3,2,2,0,0,1,0,0,0,0,368980.194999887025915,5715566.899999519810081,7.109232088000060,51.575923930999998,1,05220805700000352559
05,5,62,014,2022,08,11,4,3,0,7,0,0,0,0,0,0,1,361256.623285210982431,5714077.810705989599228,6.998431086000040,51.560694822000102,0,05220810701300577662
05,5,62,036,2022,08,17,7,2,5,3,0,0,1,0,1,0,0,389841.005999953020364,5719922.341999620199203,7.408773333000060,51.619534063000103,0,05220806701930474176
05,5,15,000,2022,08,06,3,3,5,3,0,1,0,0,0,0,0,405241.017540519009344,5750673.539856010116637,7.622764071000060,51.898752350000102,0,05220809702100545123
05,5,54,020,2022,07,01,1,3,8,1,2,0,1,0,0,0,0,366120.628999874985311,5784932.193999510258436,7.041069272000070,52.198564792000099,0,05220724705000996062
05,5,62,024,2022,07,17,7,3,5,3,0,1,1,0,0,0,0,369480.135961953026708,5726108.541668830439448,7.112514697000050,51.670774102999999,0,05220730701500275471
05,5,62,028,2022,07,10,7,3,0,1,0,1,0,0,0,0,0,379682.521048051014077,5723682.642173640429974,7.260813046000070,51.651249428000000,0,05220730701920309483
05,5,62,020,2022,07,16,3,2,2,6,0,1,0,0,0,0,0,372423.833140732022002,5718134.128968830220401,7.157966688000040,51.599785342000096,0,05220726701200069387
05,5,58,012,2022,08,11,1,3,0,1,0,1,0,0,0,0,0,373739.949823857983574,5756270.859329249709845,7.163094290000060,51.942806023999999,0,05220807706000995580
05,5,66,084,2022,07,11,5,3,5,3,0,1,1,0,0,0,0,390196.023956640972756,5775644.848653250373900,7.396179270000060,52.120419030000100,0,05220728709300312303
05,5,15,000,2022,08,19,4,3,4,2,0,0,1,0,0,0,0,406832.747835219022818,5751651.623938069678843,7.645626972000060,51.907812358999998,0,05220803702100824397
05,5,54,068,2022,07,17,2,3,6,6,0,0,1,1,0,0,0,350776.450987633026671,5767919.994183589704335,6.824178086000070,52.041783406000000,0,05220725705000789749
05,5,58,032,2022,07,10,4,3,5,2,0,1,1,0,0,0,0,386949.281999945989810,5754388.527999619953334,7.355799551000080,51.928729836999999,0,05220727706000165766
05,5,70,044,2022,08,11,4,3,4,6,0,1,1,0,0,0,0,416573.032973735011183,5760122.134699489921331,7.785129481000070,51.985497932999998,0,05220810711142076143
05,5,70,028,2022,08,20,6,3,6,7,0,0,1,1,0,0,0,441530.054245801991783,5742890.242189030162990,8.151428141000050,51.833769201000102,0,05220805711413787313
05,5,62,036,2022,08,12,2,3,0,7,0,0,1,0,0,0,0,389683.237060684012249,5718967.216434000059962,7.406796008000070,51.610918426000097,0,05220801701930873490
05,5,58,036,2022,07,13,1,3,0,3,0,1,1,0,0,0,0,388595.808999949018471,5729732.090999620035291,7.387667081000070,51.707458203000002,0,05220724706000996050
05,5,62,016,2022,07,10,6,3,5,3,0,0,1,0,0,0,0,374245.605999907013029,5733693.348999559879303,7.178655379000080,51.740024706000000,0,05220729701700448703
05,5,15,000,2022,08,09,5,3,6,2,0,1,0,1,0,0,0,402358.535999974003062,5757921.008999659679830,7.578826833000050,51.963397149999999,0,05220804702100968375
05,5,58,020,2022,07,14,1,3,0,1,0,1,0,0,0,0,0,390986.929999955988023,5759395.148999639786780,7.412909885000030,51.974532646000100,0,05220724706000305114
05,5,54,008,2022,08,08,3,3,5,3,0,1,1,0,0,0,0,336589.196999668027274,5745935.624998860061169,6.627943857000050,51.840291557999997,0,05220809705000995479
05,5,66,028,2022,08,17,2,3,0,3,0,1,1,0,0,0,0,411104.789999982982408,5794191.535999679937959,7.696612720000080,52.290880372000103,1,05220808709700070260
05,5,13,000,2022,07,10,1,3,4,6,0,0,1,0,1,0,0,364648.648033726029098,5715387.993529040366411,7.046830242000060,51.573292846000101,0,05220724700000675282
05,5,62,032,2022,08,13,3,3,4,5,0,1,1,0,0,0,0,376072.177999912993982,5714103.681999569758773,7.212038542000070,51.564377421000103,0,05220802701120089553
05,5,12,000,2022,08,10,5,3,4,2,0,1,1,0,0,0,0,355717.610999812022783,5710249.999999370425940,6.920147916000080,51.524909485000101,0,05220804701400249493
05,5,54,008,2022,08,13,4,3,5,3,0,1,1,0,0,0,0,334633.810999648005236,5743835.229998780414462,6.600589819000050,51.820847457000099,0,05220810705000391247
05,5,62,012,2022,07,01,7,3,9,1,2,0,1,0,0,0,0,356875.480861352989450,5735687.973662589676678,6.926423848000070,51.753780807000098,0,05220730701620447422
05,5,54,008,2022,08,00,2,3,3,6,2,1,0,0,0,0,0,331836.521369301015511,5748716.587505009956658,6.557668394000070,51.863862159000099,0,05220801705000995816
05,5,70,004,2022,07,16,7,3,5,2,0,0,1,0,0,0,0,423895.462610431015491,5734993.134519680403173,7.897276590000050,51.760652837000102,0,05220723711213574480
05,5,15,000,2022,08,11,2,3,5,3,0,1,1,0,0,0,0,408221.226999979990069,5757038.935999659821391,7.664368221000070,51.956467358000097,1,05220801702100799922
05,5,66,028,2022,08,19,2,3,0,1,0,1,0,0,0,0,0,411439.330999985977542,5792691.927999679930508,7.701910430000050,52.277455600000103,0,05220808709700070261
05,5,15,000,2022,07,11,2,3,0,5,0,1,1,0,0,0,0,405978.029172125970945,5757776.285703210160136,7.631531685000030,51.962720238000003,0,05220725702100576712
05,5,62,014,2022,08,15,4,3,5,3,0,1,1,0,0,0,0,362390.498565340007190,5712572.780248849652708,7.015367107000030,51.547448030000098,0,05220810701300789528
05,5,58,016,2022,08,13,6,2,5,3,0,1,1,0,0,0,0,386700.354999943985604,5746890.483999620191753,7.354644570000060,51.861291279000099,0,05220805706000995650
05,5,15,000,2022,08,16,2,3,0,7,0,0,0,0,0,0,1,407343.531766814005096,5751261.388589849695563,7.653154955000050,51.904389880000103,0,05220808702100576673
05,5,54,068,2022,07,14,3,3,5,6,0,1,0,0,0,0,0,350383.927999784995336,5767533.016999259591103,6.818628530000070,52.038200875000001,0,05220726705000995995
05,5,54,020,2022,08,16,3,3,0,6,0,1,1,0,0,0,0,364665.314999867987353,5786498.836999489925802,7.019162652000030,52.212286183000103,0,05220809705000381549
05,5,54,068,2022,08,16,2,3,2,2,0,0,1,0,0,0,0,350925.692999786988366,5766411.184999279677868,6.827010089000050,52.028267760000098,0,05220808705000995522
05,5,13,000,2022,07,16,6,3,4,7,0,1,0,0,0,0,0,365148.344764068024233,5710513.750030630268157,7.055905237000050,51.529610385000097,0,05220729700000580912
05,5,62,028,2022,07,13,7,2,0,1,0,1,0,0,0,0,0,378725.117999922018498,5724153.042999579571187,7.246817609000060,51.655271339000102,0,05220730701920989510
05,5,70,052,2022,08,11,7,2,5,3,0,1,0,0,0,0,0,430647.631908582989126,5755830.022184800356627,7.990914086000030,51.948849094000103,0,05220806711111802754
05,5,62,020,2022,07,10,3,3,0,1,0,0,0,0,0,0,1,371301.495520057971589,5716967.349728680215776,7.142198700000050,51.589044338000100,0,05220726701200877704
05,5,15,000,2022,08,17,1,3,3,6,0,1,0,0,1,0,0,402351.350999974994920,5754447.556999649852514,7.579709016000040,51.932175557000100,0,05220807702100074121
05,5,13,000,2022,08,00,1,3,8,1,2,0,1,0,0,0,0,365018.205999867001083,5719337.758999479934573,7.050640598000030,51.608875553000097,0,05220807700000691718
05,5,66,008,2022,08,11,2,3,0,7,0,1,0,0,0,0,0,398701.211015955021139,5781784.115899140015244,7.518530551000030,52.177220987000098,0,05220808709110995538
05,5,12,000,2022,08,09,2,3,5,3,0,1,1,0,0,0,0,354203.227999805007130,5710045.356999349780381,6.898418263000050,51.522681722000101,0,05220801701400081435
05,5,66,076,2022,08,13,6,3,5,3,0,1,1,0,0,0,0,393592.552999960025772,5795712.033999660052359,7.439461612000060,52.301433236999998,0,05220805709500516765
05,5,13,000,2022,07,13,5,3,5,2,0,1,1,0,0,0,0,368923.237999885983299,5714160.011999519541860,7.108935436000020,51.563267385000103,0,05220728700000020590
05,5,66,076,2022,08,13,6,3,6,4,0,1,0,1,0,0,0,393141.156999959028326,5792952.607999660074711,7.433719312000050,52.276546226000100,0,05220805709500995653
05,5,58,044,2022,08,01,1,1,9,1,2,1,0,0,0,0,0,399855.498916397977155,5740304.102018980309367,7.547521078000050,51.804607003000100,0,05220807706000025215