ULAND,UREGBEZ,UKREIS,UGEMEINDE,UJAHR,UMONAT,USTUNDE,UWOCHENTAG,UKATEGORIE,UART,UTYP1,ULICHTVERH,IstRad,IstPKW,IstFuss,IstKrad,IstGkfz,IstSonstige,LINREFX,LINREFY,XGCSWGS84,YGCSWGS84,STRZUSTAND,UIDENTSTLAE
05,5,62,012,2022,08,12,3,3,5,3,0,1,0,0,0,0,1,356917.437999822024722,5726896.104999390430748,6.930641360000040,51.674792033000102,0,05220823701610081307
05,5,54,032,2022,08,08,4,3,2,2,0,0,1,0,0,0,0,325252.421999549027532,5745320.790998280048370,6.463859139000020,51.831336888000102,0,05220824705000179139
05,5,62,012,2022,08,23,5,2,9,1,2,0,1,0,0,0,0,364806.078989305999130,5733118.673223219811916,7.042245736000040,51.732663062000000,0,05220825701620317110
05,5,54,020,2022,08,00,6,3,0,1,2,1,0,0,0,0,0,365735.655972275009844,5786061.121269590221345,7.034992359000060,52.208614986000001,0,05220819705000994929
05,5,66,096,2022,08,19,6,3,8,7,0,0,1,0,0,0,0,385340.216329370974563,5785670.878136820159853,7.321899669000060,52.209535746000000,0,05220812709300170597
05,5,66,076,2022,08,11,5,3,4,2,0,1,1,0,0,0,0,394283.936999962024856,5794716.998999659903347,7.449909509000070,52.292624154000102,0,05220825709500994557
05,5,54,020,2022,08,13,7,3,5,2,0,0,1,0,0,0,0,366359.989999876997899,5787188.177999510429800,7.043678937000040,52.218893772999998,0,05220820705000520896
05,5,54,056,2022,08,16,6,3,2,1,0,1,1,0,0,0,0,356528.553999822004698,5762359.525999380275607,6.910317737000070,51.993341277000098,0,05220812705000995243
05,5,13,000,2022,08,17,5,3,5,3,0,1,1,0,0,0,0,362905.869999855989590,5709886.836999460123479,7.023841010000070,51.523436736000100,0,05220825700000089634
05,5,54,028,2022,08,15,2,3,4,3,0,1,1,0,0,0,0,357887.494999831018504,5743737.026999399997294,6.937778455000060,51.826362922999998,0,05220822705000994737
05,5,15,000,2022,08,17,2,3,0,3,0,1,1,0,0,0,0,403025.876999975997023,5757525.724999650381505,7.588648402000050,51.959961030000002,0,05220829702100079175
05,5,15,000,2022,09,07,5,3,0,2,0,1,0,0,0,0,0,405491.807784758973867,5757089.507896799594164,7.624645995000040,51.956464744000101,0,05220901702100376765
05,5,13,000,2022,09,04,4,3,5,2,2,1,1,0,0,0,0,364694.313999866019003,5716243.659999479539692,7.047159173000070,51.580993154000097,0,05220907700000591806
05,5,54,004,2022,09,06,2,3,5,3,0,1,1,0,0,0,0,364420.936999866971746,5772613.809999490156770,7.021129141000070,52.087464330000003,0,05220905705000055672
05,5,66,084,2022,09,07,3,3,0,1,0,1,0,0,0,0,0,390159.404999952996150,5776519.201999640092254,7.395362356000020,52.128269778000103,1,05220906709300187329
05,5,62,012,2022,08,16,2,3,5,3,0,1,1,0,0,0,0,358424.153618577984162,5727631.855988980270922,6.952119135000030,51.681785031000103,0,05220829701610589575
05,5,66,068,2022,09,11,6,3,4,6,0,0,1,0,0,0,0,376145.755573284986895,5786067.374267440289259,7.187259581000030,52.211109084999997,0,05220902709300841172
05,5,62,014,2022,09,18,1,2,6,4,0,0,1,1,0,0,0,360864.201505410019308,5714162.763637719675899,6.992739961000040,51.561361552999998,0,05220911701300778918
05,5,54,012,2022,08,15,2,2,4,6,0,0,1,0,0,0,0,350548.354245705006178,5744689.426670540124178,6.830947913000050,51.833005159000002,0,05220829705000480990
05,5,54,008,2022,09,07,5,3,5,3,0,1,1,0,0,0,0,335726.121999660972506,5745359.726998819969594,6.615700646000050,51.834864822000000,0,05220901705000721081
05,5,54,064,2022,09,13,2,3,0,7,0,1,0,0,0,0,0,361688.735906686983071,5751713.054967800155282,6.989708623000070,51.898986578000098,0,05220905705000120853
05,5,54,012,2022,09,20,7,3,3,6,1,1,1,0,0,0,0,352551.628382581984624,5746138.182931640185416,6.859382694000030,51.846554513000100,0,05220903705000096107
05,5,66,084,2022,09,15,7,2,0,1,0,0,0,0,1,0,0,386660.209891811013222,5779359.623151590116322,7.343319025000030,52.153090103000103,0,05220910709300642386
05,5,66,076,2022,08,14,4,2,5,3,0,0,1,0,1,0,0,392724.762999958998989,5793008.288999659940600,7.427600802000030,52.276965545000103,0,05220831709500460909
05,5,15,000,2022,09,15,5,3,5,2,0,1,1,0,0,0,0,407857.174999982002191,5757275.247999659739435,7.659008453000070,51.958531258000100,0,05220901702100776692
05,5,66,048,2022,09,17,1,3,5,3,0,1,0,0,0,0,0,428981.700999995984603,5795956.270999689586461,7.958300065000060,52.309345178999997,0,05220904709700557409
05,5,66,012,2022,09,13,3,3,0,3,0,1,0,0,0,0,1,405692.623686700011604,5772290.580306169576943,7.623378237000050,52.093131105000097,0,05220906709110180991
05,5,66,012,2022,08,07,2,2,2,6,0,1,1,0,0,0,0,405643.771367599023506,5772158.056769159622490,7.622702039000050,52.091931627000100,0,05220829709000242437
05,5,66,072,2022,08,16,3,3,5,7,0,0,1,0,0,0,1,412353.536446899990551,5803464.849840209819376,7.712498635000030,52.374431206000096,0,05220830709700776667
05,5,66,076,2022,09,13,7,3,0,7,0,1,0,0,0,0,0,391665.060690008976962,5793731.408125669695437,7.411842173000030,52.283256463000001,0,05220910709500855981
05,5,58,024,2022,09,14,6,3,1,7,0,1,1,0,0,0,0,389270.356078063021414,5735909.211167819797993,7.395460128000020,51.763110708000099,0,05220902706000672172
05,5,62,024,2022,09,09,5,3,5,3,0,1,1,0,0,0,0,367312.875907042005565,5724594.462620340287685,7.081766963000060,51.656660267000099,0,05220901701500585410
05,5,70,004,2022,08,15,2,3,0,7,0,0,0,1,0,0,1,424627.974999992991798,5734867.642999660223722,7.907915522000050,51.759623783000102,0,05220829711213487237
05,5,15,000,2022,08,16,2,3,0,3,0,1,1,0,0,0,0,407614.792999980971217,5753267.442999660037458,7.656558724000040,51.922466587000002,0,05220829702100491783
05,5,15,000,2022,08,19,4,3,1,5,0,1,1,0,0,0,0,408845.414980027009733,5753494.744108390063047,7.674388702000040,51.924712565999997,0,05220831702100574754
05,5,70,004,2022,09,12,6,3,0,1,0,1,0,0,0,0,0,424785.811999993980862,5734826.257999650202692,7.910210974000050,51.759272965999997,0,05220909711213389244
05,5,58,004,2022,09,20,1,3,1,5,1,0,1,0,1,0,0,407466.095170849992428,5733001.067972850054502,7.659815993000050,51.740272599999997,0,05220911706000765772
05,5,62,020,2022,09,11,7,2,0,1,0,1,0,0,0,0,0,372582.870789578009862,5718121.459430960007012,7.160266311000040,51.599707483000003,0,05220903701200757479
05,5,62,036,2022,09,16,4,3,0,1,0,1,0,0,0,0,0,388722.682961894024629,5719065.738439800217748,7.392898178000050,51.611614906000099,0,05220907701930470163
05,5,15,000,2022,09,09,4,2,6,4,0,0,1,1,0,0,0,401536.066999972972553,5758091.504999659955502,7.566810929000040,51.964784542000103,0,05220907702100591714
05,5,62,024,2022,09,14,3,2,6,2,0,0,1,1,0,0,0,368799.187999884015881,5724425.948999520391226,7.103304780000030,51.655494801000003,0,05220906701500689937
05,5,54,068,2022,08,18,2,3,5,3,0,0,1,0,1,0,0,350574.348999785026535,5766884.701999270357192,6.821685892000060,52.032427499000100,0,05220829705000994321
05,5,70,008,2022,09,17,3,2,4,3,0,1,1,0,0,0,0,433980.019994627975393,5734193.721524310298264,8.043525895000069,51.754745868999997,0,05220906711311596537
05,5,58,036,2022,09,18,6,3,3,3,0,1,0,0,0,0,0,388387.339943245984614,5729787.021716820076108,7.384633648000030,51.707910479000098,0,05220902706300795161
05,5,54,024,2022,08,16,2,3,1,7,0,1,1,0,0,0,0,370046.024892395013012,5776247.697223369963467,7.101795091000040,52.121467201000002,0,05220829705000994342
05,5,62,024,2022,09,13,6,3,3,6,0,1,1,0,0,0,0,367854.160999879008159,5724830.006999510340393,7.089498488000060,51.658904495999998,1,05220909701500870132
05,5,62,032,2022,08,15,4,3,2,6,0,0,1,0,0,0,0,375296.313999911013525,5715435.952999560162425,7.200377886000070,51.576179750999998,0,05220831701120370599
05,5,54,020,2022,09,10,5,3,0,6,0,1,0,0,0,1,0,363861.873425893019885,5786929.618073980323970,7.007237430000030,52.215958928000099,0,05220901705000821144
05,5,54,008,2022,09,15,3,3,5,2,0,1,1,0,0,0,0,336313.379978525976185,5746012.230843090452254,6.623907588000070,51.840898971000101,0,05220906705000096518
05,5,13,000,2022,09,12,6,3,5,3,0,0,0,0,1,1,0,370105.705999889003579,5711507.336999519728124,7.126964822000050,51.539701815999997,0,05220902700000589648
05,5,12,000,2022,08,13,3,3,0,2,0,1,1,0,0,0,0,355800.905156929977238,5710544.980957739986479,6.921227014000070,51.527581388000002,0,05220830701400963936
05,5,62,032,2022,09,07,5,2,0,1,0,1,0,0,0,0,0,376642.752999913995154,5714522.000999569892883,7.220119362000050,51.568262070000102,1,05220908701120895194
05,5,62,036,2022,09,08,2,3,5,3,0,1,1,0,0,0,0,388740.385999949008692,5720789.558999610133469,7.392606322000060,51.627112109999999,0,05220905701930185483
05,5,54,060,2022,09,08,4,3,0,1,0,1,0,0,0,0,0,353551.731955459981691,5757148.816888170316815,6.869214577000040,51.945747278000098,0,05220907705000687251
05,5,54,008,2022,09,17,7,3,5,3,0,1,1,0,0,0,0,336297.957999664009549,5744682.159998849965632,6.624313130000080,51.828945792000098,0,05220910705000091775
05,5,13,000,2022,09,18,7,3,5,3,0,1,1,0,0,0,0,368218.565507207007613,5712049.003976380452514,7.099566012000030,51.544132187999999,0,05220903700000389346
05,5,62,020,2022,09,13,5,3,4,2,0,0,1,0,0,0,0,371251.876999893982429,5717215.834999539889395,7.141391692000070,51.591266103000102,0,05220901701200070599
05,5,66,068,2022,09,17,7,3,9,6,0,1,1,0,0,0,0,374950.660729750001337,5786516.347734419628978,7.169611836000060,52.214873681000000,0,05220903709300778428
05,5,70,008,2022,09,18,5,2,7,7,0,1,0,1,0,0,0,433586.861361727991607,5732901.374003809876740,8.038077651000039,51.743081084000004,0,05220908711312696537
05,5,13,000,2022,09,13,6,3,6,2,0,0,1,1,0,0,0,365064.992999868001789,5715947.679999490268528,7.052619507000030,51.578422223000103,0,05220902700000595162
05,5,62,032,2022,09,15,3,3,5,3,0,1,1,0,0,0,0,379680.883255019027274,5718487.980794509872794,7.262574187000040,51.604562635999997,0,05220906701110599313
05,5,58,016,2022,08,16,7,3,6,7,0,0,1,1,0,0,0,380567.703999926976394,5744945.818999599665403,7.266300029000040,51.842535548999997,0,05220827706000381060
05,5,62,012,2022,09,07,5,3,5,3,0,1,1,0,0,0,0,364171.606942708021961,5732445.594613489694893,7.033326316000060,51.726461357000098,1,05220908701620351227
05,5,62,004,2022,09,17,7,2,2,6,0,0,1,0,0,0,0,383510.599999936006498,5716305.259999600239098,7.318574505000070,51.585750244000103,1,05220910701800480474
05,5,66,028,2022,09,16,5,3,5,3,0,1,1,0,0,0,0,411476.354490379977506,5791107.664767449721694,7.702868705000070,52.263221829000003,0,05220901709700994081
05,5,13,000,2022,09,15,7,3,0,3,0,0,1,0,0,0,1,366759.561999874014873,5712212.212999500334263,7.078476432000060,51.545256310000099,0,05220903700000275310
05,5,54,020,2022,09,12,5,3,1,6,0,0,1,0,0,0,0,366134.056944267009385,5787783.071978139691055,7.040138272000040,52.224184254000100,0,05220901705000264594
05,5,66,008,2022,09,16,2,3,8,1,0,1,0,0,0,0,0,398395.299999967974145,5781995.465999660082161,7.513994990000070,52.179064277000101,0,05220905709110596663
05,5,54,008,2022,09,18,6,3,2,6,0,0,1,0,0,0,0,334968.710321309976280,5746486.861838459968567,6.604180109000030,51.844766995999997,0,05220902705000017282
05,5,13,000,2022,08,09,7,3,5,3,0,0,1,0,0,0,0,362977.855431349016726,5716491.324359569698572,7.022304999000030,51.582804054000100,0,05220827700000491481
05,5,70,008,2022,09,12,4,3,5,3,0,1,0,0,0,0,0,434011.260999995982274,5734198.405999650247395,8.043977546000059,51.754791664000003,0,05220907711311476733
05,5,66,076,2022,09,14,1,3,0,1,0,1,0,0,0,0,0,393920.421845595992636,5792090.104829099960625,7.445408050000030,52.268945631000101,0,05220904709500055963
05,5,62,014,2022,09,22,6,3,0,1,2,1,0,0,0,0,0,360873.808405425981618,5715661.830811539664865,6.992284977000050,51.574834689000099,0,05220902701300173593
05,5,66,028,2022,09,14,3,2,5,3,0,1,1,0,0,0,0,416807.517545821028762,5791902.018591240048409,7.780770237000070,52.271194123000001,0,05220906709700891641
05,5,66,076,2022,08,14,2,3,5,3,0,0,1,0,0,0,0,394283.936999962024856,5794716.998999659903347,7.449909509000070,52.292624154000102,0,05220829709000749776
05,5,13,000,2022,08,23,7,2,1,5,2,0,1,0,1,0,0,370000.447999890020583,5709278.284999529831111,7.126270697000050,51.519645389000097,0,05220827700000157211
05,5,70,004,2022,08,13,3,3,5,3,0,1,1,0,0,0,0,423620.088999992003664,5735848.960999660193920,7.893099182000070,51.768308916000102,0,05220830711211986957
05,5,13,000,2022,09,20,4,3,1,5,2,0,1,0,0,0,0,368677.567761620972306,5710907.763537339866161,7.106607207000020,51.533983136000103,0,05220907700000780343
05,5,62,024,2022,09,18,7,3,5,3,0,1,0,0,0,0,0,367444.605999879015144,5723712.362999510020018,7.084004581000040,51.648764395000100,0,05220903701500175302
05,5,54,056,2022,09,14,6,3,5,3,0,1,1,0,0,0,0,356693.126999824016821,5762239.954999390058219,6.912763022000040,51.992309419999998,1,05220909705000196646
05,5,13,000,2022,09,20,7,3,5,3,1,1,1,0,0,0,0,370148.132803364016581,5710520.863684610463679,7.127940084000040,51.530846273000101,0,05220903700000075351
05,5,15,000,2022,08,17,7,3,1,5,0,1,0,0,0,0,1,406048.705429340014234,5756985.054931050166488,7.632776449000060,51.955620241000098,0,05220827702100072348
05,5,66,004,2022,09,13,4,3,8,7,0,0,0,0,0,0,1,394745.641579743998591,5766425.106894849799573,7.465450384000060,52.038440587000103,0,05220907709500996564
05,5,12,000,2022,08,19,7,2,5,3,1,1,1,0,0,0,0,356163.101392324024346,5709741.739804710261524,6.926772685000060,51.520455997000099,0,05220827701400189528
05,5,15,000,2022,08,17,3,3,3,2,0,1,1,0,0,0,0,405682.920999978028703,5756896.932999660260975,7.627479219000070,51.954766243000101,0,05220830702100550183
05,5,54,068,2022,09,17,5,3,4,2,0,1,1,0,0,0,0,351064.962999787996523,5767716.117999279871583,6.828470401000060,52.040029269000101,0,05220908705000281101
05,5,62,024,2022,09,19,2,2,6,4,0,0,1,1,0,0,0,370615.040179938019719,5728135.233499060384929,7.128166344000020,51.689249787000101,0,05220905701500280957
05,5,66,080,2022,09,00,7,3,4,6,2,0,1,0,0,0,0,406769.098281302023679,5780644.784587429836392,7.636796734000030,52.168402901000000,1,05220910709110670630
05,5,54,020,2022,09,12,1,3,8,1,0,1,0,0,0,0,0,363487.066314939991571,5785420.956862280145288,7.002362988000070,52.202310619000102,0,05220904705000720880
05,5,66,068,2022,09,03,7,3,8,1,2,1,0,0,0,0,0,375793.098819829989225,5784798.889148220419884,7.182566143000030,52.199630957000103,1,05220910709300496624
05,5,66,012,2022,09,13,5,3,5,3,0,1,1,0,0,0,0,405685.971999978006352,5772271.078999659977853,7.623286567000040,52.092954689000102,0,05220901709110476750
05,5,12,000,2022,08,15,4,3,0,7,0,0,0,0,0,0,1,355645.454699931025971,5707849.814750939607620,6.920091385000030,51.503323526000003,0,05220831701400989546
05,5,15,000,2022,09,12,6,3,5,5,0,1,1,0,0,0,0,406444.642999977979343,5758004.780999659560621,7.638258817000060,51.964852779000097,0,05220902702100696691
05,5,70,028,2022,08,16,2,3,0,1,0,1,0,0,0,0,0,441462.845157836971339,5742417.129217759706080,8.150532885000080,51.829508767000000,0,05220829711411279233
05,5,70,028,2022,09,18,5,2,8,1,0,0,1,0,0,0,0,442391.273747415980324,5744022.831344880163670,8.163736908000031,51.844040956000100,0,05220908711413710761
05,5,58,036,2022,09,12,3,3,3,6,0,1,1,0,0,0,0,388187.005999948014505,5728913.081999620422721,7.382015745000050,51.700015772000000,0,05220906706000020602
05,5,66,076,2022,08,13,2,3,0,3,0,1,1,0,0,0,0,392401.658999958017375,5792113.272999660111964,7.423152328000070,52.268858774000101,0,05220829709500994345
05,5,15,000,2022,08,15,4,2,6,4,0,1,0,1,0,0,0,405136.750999976997264,5757672.333999659866095,7.619319611000040,51.961642966000099,0,05220831702100374642
05,5,58,016,2022,09,17,4,3,0,5,0,1,1,0,0,0,0,381669.378978908003774,5743753.388873640447855,7.282692189000040,51.832053540000103,0,05220907706100423615
05,5,66,096,2022,09,07,7,3,0,6,0,1,1,0,0,0,0,384511.996130142011680,5784974.866006240248680,7.310021352000040,52.203107932000101,0,05220903709300712283
05,5,70,048,2022,09,15,3,3,6,4,0,0,1,1,0,0,0,448858.513564902998041,5729160.599744989536703,8.259797597000039,51.711051261000101,0,05220906711322496537
05,5,62,020,2022,08,15,7,2,0,1,0,1,0,0,0,0,0,371714.489046782022342,5715205.432719799689949,7.148800727000040,51.573304340999996,0,05220827701200285379
05,5,70,032,2022,08,11,4,3,5,3,0,1,1,0,0,0,0,420429.572999991010875,5765695.631999669596553,7.839981055000070,52.036164470000102,0,05220831711151580988
05,5,54,020,2022,09,18,1,3,0,1,0,0,0,0,0,0,1,365320.424001741979737,5785684.950187229551375,7.029068796000050,52.205133656000001,0,05220904705000020880
05,5,54,008,2022,08,17,3,2,5,2,0,1,1,0,0,0,0,335987.893999661027920,5745332.325998829677701,6.619509494000060,51.834695590000102,0,05220830705000576736
05,5,15,000,2022,09,20,7,3,2,6,2,1,1,0,0,0,0,407330.902055659971666,5756386.116012089885771,7.651591474000040,51.950451803000099,1,05220910702100474754
05,5,62,032,2022,09,17,1,2,5,3,0,0,1,0,0,0,0,377140.356999916024506,5715592.667999570257962,7.226920974000050,51.577993124999999,0,05220904701120770191
05,5,62,032,2022,09,17,7,3,5,3,0,1,0,0,0,0,1,375172.291999910026789,5720073.219999560154974,7.196939022000040,51.617828004000003,0,05220903701110165514
05,5,15,000,2022,09,20,5,2,2,6,2,1,1,0,0,0,0,404097.670107454003301,5754901.212857680395246,7.604974395000060,51.936556846000002,0,05220908702100055909
05,5,66,076,2022,09,14,6,3,5,3,0,0,1,0,0,0,1,393345.648999960976653,5796551.873999659903347,7.435575989000030,52.308933107000001,0,05220902709500802281
05,5,62,032,2022,09,13,6,3,5,7,0,0,1,0,0,0,1,375610.837577598984353,5719504.085873650386930,7.203472200000020,51.612810210000099,0,05220909701110998948
05,5,62,032,2022,09,22,1,3,5,3,2,1,1,0,0,0,0,375176.406774544971995,5716798.049240710213780,7.198164169000050,51.588394578000099,0,05220911701110967095
05,5,15,000,2022,08,07,4,3,4,6,0,1,0,0,0,0,1,406542.134556405013427,5757584.344247049652040,7.639791831000030,51.961090089999999,0,05220831702100576645
05,5,54,008,2022,09,21,7,3,3,6,2,1,1,0,0,0,0,335726.121999660972506,5745359.726998819969594,6.615700646000050,51.834864822000000,0,05220903705000795049
05,5,70,004,2022,08,22,2,3,9,1,2,0,1,0,0,0,0,426801.139842635020614,5736431.766690799966455,7.939067547000040,51.773973187000102,0,05220829711212791105
05,5,66,028,2022,09,20,7,3,1,5,2,1,1,0,0,0,0,411932.666104271018412,5792747.966274700127542,7.709124922000060,52.278038541000100,0,05220903709700091161
05,5,15,000,2022,08,09,3,2,2,6,0,1,1,0,0,0,0,405924.491747950029094,5757220.116065570153296,7.630905025000060,51.957712078000000,0,05220830702100039947
05,5,70,004,2022,09,12,4,3,5,3,0,0,1,0,0,0,1,424787.197626126988325,5734832.231578939594328,7.910229753000070,51.759326853000097,0,05220907711213487237
05,5,62,016,2022,09,14,6,3,0,7,0,0,1,0,1,0,0,375094.928999909025151,5732332.853999570012093,7.191438033000050,51.727988035000102,0,05220902701700975302
05,5,70,028,2022,09,15,3,3,6,7,0,0,1,1,0,0,0,440973.446419800980948,5742089.197209180332720,8.143487709000061,51.826509085000097,0,05220906711412687228
05,5,13,000,2022,08,18,7,3,5,3,0,0,1,0,0,0,1,367682.098999876994640,5709254.023999510332942,7.092884366000020,51.518889043000101,0,05220827700000075318
05,5,54,012,2022,09,11,7,3,5,3,0,1,1,0,0,0,0,353608.396999803022482,5746974.705999329686165,6.874358936000020,51.854348754999997,1,05220910705000795948
05,5,13,000,2022,09,06,4,3,8,1,0,1,0,0,0,0,0,368110.623999880976044,5708231.351999510079622,7.099439730000030,51.509798760000102,1,05220907700000867104
05,5,62,016,2022,09,15,5,3,5,3,0,1,1,0,0,0,0,374848.744999909016769,5734716.821999570354819,7.187017877000070,51.749357516000003,0,05220908701700085436
05,5,66,008,2022,09,16,6,3,4,3,0,1,0,0,0,0,0,398153.946346394019201,5780117.762319319881499,7.511030003000030,52.162143616000002,0,05220909709000976730
05,5,58,040,2022,09,11,3,3,7,1,0,1,0,0,0,0,1,377149.697896995989140,5764405.374330650083721,7.209762319000050,52.016671025999997,0,05220906706000203165
05,5,54,044,2022,08,18,7,3,5,3,0,1,1,0,0,0,0,365324.709819507028442,5743277.375823209993541,7.045810469000060,51.824074764999999,0,05220827705000047429
05,5,62,008,2022,09,06,4,3,5,3,0,1,1,0,0,0,0,384890.467999939981382,5723606.288999600335956,7.336083984000030,51.651653668000101,1,05220907701910096735
05,5,54,012,2022,08,18,2,3,5,2,0,1,0,0,0,0,0,353521.116999802005012,5743878.304999330081046,6.874403696000060,51.826504672000098,0,05220829705000994323
05,5,70,004,2022,09,12,3,3,5,3,0,0,1,0,0,0,0,423620.088999992003664,5735848.960999660193920,7.893099182000070,51.768308916000102,0,05220906711211889382
05,5,54,008,2022,08,16,7,3,0,7,0,1,0,0,0,0,0,335613.175999658997171,5747544.457998819649220,6.613024449000020,51.854457888000098,0,05220827705000679006
05,5,70,028,2022,08,14,3,3,4,2,0,0,1,0,0,0,0,440817.408999998995569,5742284.068999660201371,8.141190463000040,51.828244515000101,0,05220830711411779822
05,5,54,008,2022,09,07,4,3,5,3,0,1,1,0,0,0,0,333148.076999632990919,5744457.385998710058630,6.578753198000070,51.825994810000097,1,05220907705000376764
05,5,62,032,2022,09,14,7,3,0,1,0,0,1,0,1,0,0,379834.866999925987329,5719056.137999580241740,7.264601910000070,51.609701792000102,0,05220903701110295076
05,5,54,056,2022,09,20,2,3,7,7,1,1,0,0,0,0,0,356930.683234801981598,5762412.976599969901145,6.916148309000050,51.993925265000001,0,05220905705000791207
05,5,13,000,2022,09,23,7,2,2,6,2,0,1,0,0,0,0,366163.462999872979708,5708638.518999489955604,7.071243044000030,51.512999968000003,1,05220910700000081313
05,5,70,004,2022,09,14,5,3,0,1,0,0,0,0,1,0,0,423585.893843724974431,5733964.775432090274990,7.893018049000030,51.751366086000097,0,05220901711214802946
05,5,66,056,2022,09,13,6,3,5,2,0,1,0,0,0,0,0,416874.323906099016313,5796877.518682310357690,7.780521328000020,52.315926371000003,0,05220909709700042796
05,5,15,000,2022,08,19,2,3,4,6,1,0,1,0,0,0,0,410603.223880868987180,5753390.319175490178168,7.699971498000020,51.924058963999997,0,05220829702100569191
05,5,15,000,2022,08,14,3,3,0,1,0,1,0,0,0,0,0,406202.575078263005707,5756169.853543709963560,7.635237447000070,51.948318794999999,0,05220830702100074735
05,5,62,020,2022,09,18,5,3,5,2,1,1,1,0,0,0,0,367059.412999877997208,5718808.749999499879777,7.080301609000060,51.604607248999997,0,05220922701200099313
05,5,70,052,2022,09,16,5,3,5,2,0,1,1,0,0,0,0,430485.837999995972496,5756327.519999669864774,7.988459728000070,51.953301219000103,0,05220929711100896688
05,5,62,014,2022,09,10,6,3,6,7,0,0,1,1,0,0,0,360839.466999845986720,5715380.657999440096319,6.991901108000040,51.572299569000101,0,05220930701300714019
05,5,54,020,2022,09,15,1,3,5,3,0,0,1,0,0,0,0,366095.176999874995090,5785617.270999509841204,7.040426261000050,52.204714293000102,0,05220918705000993917
05,5,12,000,2022,09,18,3,3,5,3,1,0,1,0,0,0,0,360261.337999843002763,5710855.275999429635704,6.985362017000060,51.531491134000099,1,05220927701400496187
05,5,70,008,2022,09,11,4,3,0,7,0,0,0,0,1,0,0,433455.026637301023584,5734869.327030249871314,8.035791772000040,51.760757470000001,1,05220914711313582312
05,5,62,032,2022,09,14,2,3,1,5,0,1,0,0,0,0,1,376003.064641873002984,5719531.674525669775903,7.209124312000030,51.613144680000097,0,05220912701110071516
05,5,58,020,2022,09,15,5,3,5,3,0,1,0,0,0,0,0,391096.254491514002439,5759463.524542509578168,7.414479154000050,51.975168609000001,0,05220929706000891074
05,5,62,020,2022,09,11,3,3,2,6,0,0,1,0,0,0,0,371296.669999893987551,5717107.834999539889395,7.142077565000020,51.590305757000102,1,05220920701200771516
05,5,66,028,2022,09,16,1,3,0,6,0,1,0,0,0,0,0,414619.163599507010076,5790990.312214660458267,7.748937654000030,52.262663881999998,0,05220925709700055928
05,5,70,052,2022,09,19,3,3,7,3,1,1,1,0,0,0,0,430809.845013690006454,5755235.197479429654777,7.993393636000060,51.943522029000100,0,05220913711113096661
05,5,62,004,2022,09,12,7,3,5,3,0,1,1,0,0,0,0,383773.188999939011410,5711271.866999600082636,7.324027357000030,51.540565456000103,0,05220924701800695102
05,5,13,000,2022,09,08,4,3,0,7,0,0,1,0,0,0,0,366171.489816145971417,5713263.603131479583681,7.069600748000030,51.554565523000100,0,05220928700000995222
05,5,13,000,2022,09,13,4,3,0,7,0,1,0,0,0,0,0,367195.387999875994865,5715182.905999509617686,7.083635824000050,51.572055489000000,0,05220921700000989346
05,5,15,000,2022,10,16,1,3,0,7,0,0,1,0,0,0,0,403669.349664636014495,5754789.838188360445201,7.598777110000070,51.935481789000100,0,05221002702100696679
05,5,66,084,2022,09,10,3,3,0,1,0,1,0,0,0,0,0,385716.517999942996539,5778868.140999630093575,7.329696801000070,52.148478700000098,0,05220927709300874703
05,5,66,076,2022,09,15,2,3,0,1,0,1,0,0,0,0,0,395155.130999962973874,5794202.646999659948051,7.462838669000060,52.288168466000101,1,05220919709500296541
05,5,70,028,2022,09,09,7,2,0,7,0,0,0,0,1,0,0,441962.159936023992486,5743142.495318089611828,8.157656224000050,51.836082087000101,1,05220924711413596648
05,5,66,008,2022,09,15,5,3,5,3,0,1,1,0,0,0,0,400832.484999974025413,5779420.253999670036137,7.550379693000020,52.156362226000098,0,05220922709110574669
05,5,13,000,2022,10,14,7,3,0,1,0,0,0,0,1,0,0,365117.587152834981680,5715801.409996150061488,7.053434248000030,51.577120368000102,1,05221001700000274464
05,5,70,004,2022,09,09,5,3,5,2,0,0,1,0,0,0,1,425515.624999993015081,5734843.844999659806490,7.920779535000070,51.759528617000100,0,05220929711213958483
05,5,66,012,2022,09,08,6,3,0,4,0,1,0,1,0,0,0,404572.968999976990744,5772459.365999669767916,7.606992375000060,52.094456229000102,0,05220930709110874676
05,5,58,016,2022,09,18,1,3,5,3,0,0,1,0,0,0,0,376044.224999913014472,5745993.563999580219388,7.200295150000040,51.850965529000099,0,05220925706100472373
05,5,62,016,2022,09,12,2,3,5,2,0,1,1,0,0,0,0,375404.178999910014682,5734931.295999569818377,7.194982909000030,51.751408770000097,1,05220912701700381147
05,5,66,020,2022,09,08,3,3,6,4,0,0,1,1,0,0,0,405360.825835112016648,5804624.529411270283163,7.609481917000040,52.383690706000003,0,05220913709700876657
05,5,54,048,2022,09,15,5,3,1,7,0,0,1,0,0,0,0,341926.788999716984108,5745323.854999049566686,6.705635174000070,51.836331768000001,0,05220922705000993861