ULAND,UREGBEZ,UKREIS,UGEMEINDE,UJAHR,UMONAT,USTUNDE,UWOCHENTAG,UKATEGORIE,UART,UTYP1,ULICHTVERH,IstRad,IstPKW,IstFuss,IstKrad,IstGkfz,IstSonstige,LINREFX,LINREFY,XGCSWGS84,YGCSWGS84,STRZUSTAND,UIDENTSTLAE
05,5,70,004,2022,09,17,5,3,5,3,0,0,1,0,1,0,0,425335.114999995974358,5735928.113999660126865,7.917931558000020,51.769251848000103,0,05220929711212689299
05,5,70,004,2022,09,21,6,2,5,2,2,0,1,0,1,0,0,424346.275335145997815,5735086.606958709657192,7.903787036000040,51.761554212000100,0,05220930711213487237
05,5,66,028,2022,09,16,1,3,5,3,0,1,1,0,0,0,0,416588.185999987996183,5792865.181999679654837,7.777318375000050,52.279818276000100,0,05220925709700991070
05,5,15,000,2022,09,09,3,3,3,6,0,1,0,0,0,0,0,406208.938999979000073,5757441.278999660164118,7.634982973000040,51.959748044999998,0,05220927702100079097
05,5,54,008,2022,09,13,6,3,5,2,0,1,1,0,0,0,0,336112.500484078016598,5745264.002250599674881,6.621348721000060,51.834118380000099,1,05220916705000295049
05,5,54,040,2022,09,23,7,3,0,7,2,1,0,0,0,0,0,351342.199999788019340,5738004.713999290019274,6.845326956000060,51.773155584999998,1,05220917705000596107
05,5,15,000,2022,09,08,2,3,0,5,0,1,1,0,0,0,0,406133.727999978989828,5757120.816999659873545,7.633976266000050,51.956854892000102,0,05220919702100091863
05,5,15,000,2022,09,08,4,3,5,3,0,1,0,0,0,0,0,405624.090185799985193,5757110.737548870034516,7.626564638000050,51.956678031000102,1,05220914702100368372
05,5,15,000,2022,09,13,6,3,5,3,0,1,1,0,0,0,0,401453.286999973002821,5758198.722999660298228,7.565575666000030,51.965733570000097,0,05220930702100374776
05,5,66,096,2022,09,14,2,3,0,2,0,0,1,0,1,0,0,384404.257795365992934,5785414.998906469903886,7.308295279000050,52.207040700000100,0,05220912709300112229
05,5,12,000,2022,09,09,7,3,5,3,0,1,0,0,0,0,0,356711.317999820981640,5719027.980999380350113,6.930883841000020,51.604039399000001,0,05220924701400965454
05,5,70,004,2022,09,12,6,3,2,2,0,0,1,0,0,0,0,423713.232999993022531,5734724.108999649994075,7.894695745000040,51.758209594000000,0,05220923711211991792
05,5,13,000,2022,09,13,4,3,5,3,0,0,1,0,0,0,1,368364.985367845976725,5708805.211393769830465,7.102888706000040,51.515015220000102,1,05220914700000375414
05,5,54,008,2022,09,07,5,3,5,2,0,1,1,0,0,0,0,336848.752999668999109,5745660.225998870097101,6.631837945000030,51.837893393000101,0,05220929705000080974
05,5,15,000,2022,09,07,7,3,5,2,0,1,0,0,0,0,1,405396.070999977993779,5758849.162999659776688,7.622768437000050,51.972264973999998,0,05220917702100591770
05,5,13,000,2022,09,19,3,3,0,1,1,0,0,0,0,0,1,368391.818011827010196,5705776.266710610128939,7.104405222000030,51.487800960000101,1,05220913700000375758
05,5,15,000,2022,10,13,1,3,5,3,0,0,1,0,0,0,0,408106.664999980013818,5751471.448999649845064,7.664188494000030,51.906404440000102,0,05221002702100096554
05,5,13,000,2022,09,09,2,3,6,7,0,0,1,1,0,0,0,368255.210999882023316,5708246.032999509945512,7.101516549000050,51.509964425000099,0,05220919700000078122
05,5,13,000,2022,09,13,6,3,5,2,0,0,1,0,1,0,0,368232.676999880990479,5709718.723999509587884,7.100641444000080,51.523193888999998,0,05220923700000295051
05,5,58,016,2022,09,16,6,3,5,3,0,1,1,0,0,0,0,381926.544999932986684,5743527.359999599866569,7.286499695000030,51.830076593999998,0,05220930706100281060
05,5,54,012,2022,09,17,2,3,0,7,0,0,1,0,0,0,0,350764.966087461973075,5744842.839694350026548,6.834023104000040,51.834441454000100,0,05220912705000080990
05,5,15,000,2022,09,18,3,3,5,3,0,0,1,0,1,0,0,404949.870999909006059,5760120.164999979548156,7.615922688000070,51.983613074000097,0,05220913702100776731
05,5,58,012,2022,09,07,3,3,0,1,1,1,0,0,0,0,0,374282.252582028973848,5756067.199149849824607,7.171054134000030,51.941098641000103,1,05220927706000491074
05,5,54,024,2022,09,12,7,3,0,5,0,1,0,0,0,0,1,371144.984348217025399,5775867.642030180431902,7.117981794000060,52.118309291999999,0,05220924705000860690
05,5,15,000,2022,09,14,4,3,5,3,0,1,0,0,0,0,0,405965.222999978985172,5757561.564999659545720,7.631404139000040,51.960788065000003,0,05220914702100361966
05,5,70,052,2022,09,14,3,3,0,1,0,1,0,0,0,0,0,429717.151096284971572,5756549.544882469810545,7.977230626000050,51.955200517000002,1,05220927711112596158
05,5,66,040,2022,09,09,2,3,0,1,0,1,0,0,0,0,0,422272.395034709013999,5782099.025977539829910,7.863096382000040,52.183876358000099,1,05220919709800581941
05,5,54,012,2022,09,17,6,3,0,7,0,1,0,0,0,0,0,351153.914589683990926,5745594.639951299875975,6.839340473000050,51.841300017999998,0,05220930705000279121
05,5,62,024,2022,09,15,2,3,5,3,0,1,1,0,0,0,0,367537.960632290982176,5723430.253529289737344,7.085459974000060,51.646251226000103,0,05220912701500398979
05,5,62,024,2022,09,16,5,3,6,7,0,1,0,1,0,0,0,370688.320296640973538,5725327.039729789830744,7.130265761000030,51.664030384000100,0,05220915701500538984
05,5,54,028,2022,10,10,7,3,0,6,0,0,1,0,0,0,0,356797.802999823004939,5743732.691999379545450,6.921978702000050,51.826045743000101,0,05221001705000695045
05,5,62,004,2022,09,06,5,2,5,3,0,0,1,0,0,1,0,384632.717999939981382,5716265.944999599829316,7.334776845000020,51.585627741000103,0,05220922701800325407
05,5,70,052,2022,09,20,3,3,5,3,2,1,1,0,0,0,0,430858.973819140985142,5757068.307080729864538,7.993739446000060,51.960007142000102,0,05220920711111787306
05,5,12,000,2022,09,10,7,2,8,1,0,0,1,0,0,0,0,356144.129575064987876,5713494.352797159925103,6.924965985000030,51.554171293000103,0,05220924702340091761
05,5,62,032,2022,09,08,5,3,5,3,0,0,1,0,0,0,1,375167.769999907992315,5713896.522999560460448,7.199070732000050,51.562316174000003,1,05220915701120385379
05,5,62,004,2022,09,13,6,3,5,3,0,0,1,0,1,0,0,383185.823999935004395,5710899.666999589651823,7.315685094000060,51.537098946000100,0,05220916701800180945
05,5,62,036,2022,09,15,3,3,0,1,0,0,1,0,0,0,0,388686.445445680990815,5719863.638686710037291,7.392121602000030,51.618779275000101,0,05220913701930177766
05,5,15,000,2022,09,07,2,3,5,3,0,1,0,0,0,0,0,405832.594999976980034,5758606.651999659836292,7.629187852000030,51.970159316000000,0,05220919702100991678
05,5,66,076,2022,09,10,5,3,5,3,0,1,1,0,0,0,0,393333.474999958998524,5793061.791999660432339,7.436502532000080,52.277564830000102,0,05220922709000576750
05,5,15,000,2022,10,09,7,3,0,3,0,1,0,0,0,0,0,405208.893999978026841,5757219.746999659575522,7.620494175000030,51.957587232000002,1,05221001702100992910
05,5,62,014,2022,09,13,2,3,2,6,0,0,1,0,1,0,0,361614.188999850011896,5715957.411999450065196,7.002845870000040,51.577673054999998,0,05220912701300694967
05,5,62,012,2022,09,07,2,3,8,1,0,0,0,0,1,0,0,359769.689262855972629,5729937.262416119687259,6.970642373000030,51.702838514000099,1,05220919701610494988
05,5,54,008,2022,09,21,6,3,5,3,2,1,1,0,0,0,0,335215.525999655015767,5746044.380998799577355,6.607970649000040,51.840864925000098,1,05220916705000995195
05,5,15,000,2022,09,18,2,3,2,5,0,1,0,0,0,0,1,406020.448012345004827,5756733.178264009766281,7.632434251000060,51.953351480999999,1,05220926702100074754
05,5,54,068,2022,09,18,6,3,0,1,0,0,0,0,1,0,0,351575.039926278986968,5766658.137334880419075,6.836360887000070,52.030660630000099,0,05220923705000993847
05,5,66,028,2022,09,16,4,3,0,7,0,1,1,0,0,0,0,412201.855999985011294,5792632.802999679930508,7.713099565000050,52.277046482999999,0,05220914709700191773
05,5,66,012,2022,09,13,4,3,5,2,0,1,1,0,0,0,0,404891.951999976008665,5772896.786999669857323,7.611525205000020,52.098442761000101,0,05220921709000076750
05,5,66,068,2022,09,12,5,3,2,6,0,0,1,0,0,0,0,377201.438584541028831,5785156.089498200453818,7.203032862000040,52.203156345000103,0,05220929709300993679
05,5,66,012,2022,09,17,3,3,5,2,0,1,1,0,0,0,0,404919.150999977020547,5773410.682999660260975,7.611778736000080,52.103066417000001,0,05220920709110993893
05,5,62,020,2022,09,07,5,3,5,2,0,1,1,0,0,0,0,371063.255709403019864,5717799.075608620420098,7.138455981000050,51.596464455000003,0,05220929701200598948
05,5,62,032,2022,09,11,4,3,1,5,0,0,1,0,0,0,0,374180.417962216015439,5715406.431554160080850,7.184293423000040,51.575666474999998,0,05220921701120580608
05,5,62,024,2022,09,10,3,3,5,2,0,1,0,0,0,0,1,369631.867129128018860,5725067.869223459623754,7.115095915000040,51.661457224000102,1,05220920701500095974
05,5,15,000,2022,09,13,6,2,9,7,0,0,1,0,0,0,0,405432.750202604976948,5750116.777987769804895,7.625702579000060,51.893780452000001,0,05220930702100860669
05,5,66,016,2022,09,11,1,3,0,7,0,1,0,1,0,0,0,406215.135498466028366,5791485.127523919567466,7.625694865000070,52.265742504999999,0,05220925709500236096
05,5,66,060,2022,09,16,3,3,0,1,0,1,0,0,0,0,1,389160.175160502025392,5789441.131157780066133,7.376546213000040,52.244200573000100,1,05220927709500379230
05,5,66,008,2022,09,12,4,3,5,3,0,0,1,0,0,0,1,399867.293356555979699,5781327.216700679622591,7.535713017000030,52.173327362000101,0,05220928709110212029
05,5,66,008,2022,09,11,5,3,0,5,0,0,1,1,0,0,0,398442.007269326015376,5780514.050530279986560,7.515121299000040,52.165758402000101,0,05220922709110996565
05,5,62,024,2022,09,13,2,3,4,5,0,1,1,0,0,0,0,368684.205999883997720,5725578.550999520346522,7.101210514000060,51.665825855000001,0,05220912701500385497
05,5,13,000,2022,09,15,3,3,5,3,0,0,1,0,0,0,0,368110.623999880976044,5708231.351999510079622,7.099439730000030,51.509798760000102,1,05220927700000089519
05,5,15,000,2022,09,10,5,3,2,6,0,1,1,0,0,0,0,406029.433351052983198,5758027.759651499800384,7.632210819000020,51.964989290000098,0,05220922702100079175
05,5,66,088,2022,09,16,6,3,0,7,0,1,0,0,0,0,0,414568.777999988000374,5786827.415999679826200,7.749252220000070,52.225238121000103,0,05220930709800591839
05,5,58,036,2022,09,11,2,3,0,7,0,1,1,0,0,0,0,388595.808999949018471,5729732.090999620035291,7.387667081000070,51.707458203000002,1,05220926706300196594
05,5,62,004,2022,09,17,3,3,5,3,0,0,1,0,0,0,1,382915.835999934992287,5711259.325999589636922,7.311674386000050,51.540275539000000,0,05220913701800825407
05,5,13,000,2022,09,17,5,3,5,7,0,0,1,0,0,0,1,367921.575658902991563,5713026.246595099568367,7.094918749000040,51.552844925999999,0,05220922700000494972
05,5,62,032,2022,09,12,3,3,3,6,0,1,1,0,0,0,0,379548.887999924016185,5718841.163999590091407,7.260547773000040,51.607708623000100,0,05220920701110285379
05,5,66,008,2022,09,16,2,3,6,4,0,1,0,1,0,0,0,399071.127999969990924,5781737.258999659679830,7.523952489000070,52.176867647000101,0,05220912709110993983
05,5,62,016,2022,09,15,4,3,5,3,0,1,1,0,0,0,0,374615.370999909006059,5733494.142999559640884,7.184079695000040,51.738317324000000,1,05220914701700949526
05,5,54,068,2022,09,18,4,3,0,3,0,1,1,0,0,0,0,350805.577999898989219,5767151.938999259844422,6.824937541000050,52.034890718000000,0,05220928705000993784
05,5,62,024,2022,09,17,1,3,2,6,0,0,1,0,0,0,0,368180.960116808011662,5725124.646103089675307,7.094109260000040,51.661629010000098,1,05220918701500695097
05,5,54,068,2022,09,13,5,3,5,7,0,1,1,0,0,0,0,350985.246656142990105,5767321.978408399969339,6.827480757000050,52.036466732000100,0,05220929705000296575
05,5,15,000,2022,09,08,6,3,5,2,0,1,1,0,0,0,0,405432.750202604976948,5750116.777987769804895,7.625702579000060,51.893780452000001,0,05220916702100072391
05,5,66,008,2022,09,12,7,3,0,7,0,1,1,0,0,0,0,399955.057999970973469,5781250.499999670311809,7.537018609000030,52.172653770000103,1,05220917709300896564
05,5,54,008,2022,09,18,2,3,5,3,0,0,1,0,0,0,1,335935.934999660996255,5744703.373998830094934,6.619054194000060,51.829030175000099,0,05220919705000982335
05,5,12,000,2022,09,15,6,3,5,3,0,0,1,0,0,0,0,355697.234999814012554,5710967.903999360278249,6.919560288000070,51.531355187000003,1,05220916701400648095
05,5,54,044,2022,09,08,6,3,0,1,0,1,0,0,0,0,0,365592.056999869993888,5743020.446999490261078,7.049787081000030,51.821830372000100,0,05220930705000874468
05,5,13,000,2022,09,06,3,3,5,3,2,0,0,0,0,0,1,366466.957999874022789,5713857.436999499797821,7.073634600000050,51.559972057000003,1,05220927700000089238
05,5,62,012,2022,09,14,3,2,5,3,0,1,1,0,0,0,0,359079.190999836020637,5735045.937999419867992,6.958589193000020,51.748570438999998,0,05220913701610891324
05,5,66,012,2022,09,15,5,2,4,1,0,0,1,0,0,1,0,401619.229660713986959,5778117.465037819929421,7.562253603000040,52.144793647000000,0,05220922709110291070
05,5,66,076,2022,09,14,2,3,0,1,0,0,0,0,1,0,0,391801.123697774019092,5793946.370243689976633,7.413766983000070,52.285215145999999,1,05220926709500596634
05,5,13,000,2022,09,16,2,3,2,6,0,0,1,0,0,0,1,366775.264811186003499,5707152.490608340129256,7.080615936000070,51.499790123000103,0,05220919700000689656
05,5,66,092,2022,09,20,2,3,0,1,2,1,0,0,0,0,0,423293.351999993028585,5796669.108999679796398,7.874717392000040,52.314987514999999,0,05220912709700557409
05,5,15,000,2022,09,08,3,3,0,6,0,1,1,0,0,0,0,405450.407857508980669,5757513.437027639709413,7.623927022000030,51.960268161999998,0,05220913702100070631
05,5,13,000,2022,09,16,3,3,5,2,0,1,1,0,0,0,0,363172.508879997010808,5710033.439915359951556,7.027625117000070,51.524818822999997,0,05220913700000089346
05,5,15,000,2022,09,08,6,3,5,6,0,1,1,0,0,0,0,402074.184999972989317,5759299.736999659799039,7.574296209000070,51.975739447000102,0,05220923702100579175
05,5,66,076,2022,09,12,6,2,5,3,0,0,1,0,1,0,0,395717.149999963992741,5787484.694999660365283,7.473150666000040,52.227898732000000,0,05220930709500896634
05,5,54,020,2022,09,11,3,3,5,3,0,1,1,0,0,0,0,365602.233999872987624,5783127.232999510131776,7.034204628000050,52.182220425000096,0,05220927705000520847
05,5,66,056,2022,09,07,5,3,5,3,0,1,0,0,0,0,0,416421.033178757992573,5796898.300606840290129,7.773867902000060,52.316044342000097,0,05220915709700812181
05,5,62,012,2022,09,14,3,3,6,4,0,0,1,1,0,0,0,359256.413330167008098,5724984.094923409633338,6.965216188000060,51.658202001000099,0,05220913701610347422
05,5,66,008,2022,10,10,7,3,0,1,0,1,0,0,0,0,0,399633.281999969971366,5781453.065999659709632,7.532254942000070,52.174415947000099,1,05221001709110993586
05,5,70,004,2022,09,22,3,3,8,1,2,0,1,0,0,0,0,420686.608993459027261,5737774.270678970031440,7.850156269000020,51.785208547000103,1,05220920711211587237
05,5,62,032,2022,09,17,1,3,1,5,0,0,1,0,0,0,0,373536.069999902974814,5718757.856999550014734,7.173792197000070,51.605641617000103,1,05220918701110485385
05,5,70,024,2022,09,16,6,3,5,3,0,1,1,0,0,0,0,420459.037999989988748,5753319.349999659694731,7.843279905000030,51.924916443000001,0,05220916711161272788
05,5,62,032,2022,09,16,7,3,9,1,0,0,1,0,0,0,0,375166.980016645975411,5716940.195156490430236,7.197977609000080,51.589669974000103,1,05220917701110571516
05,5,54,004,2022,09,07,6,3,5,3,0,1,1,0,0,0,0,364015.148081711027771,5771225.402586990036070,7.015763707000080,52.074889342000098,0,05220930705000495869
05,5,66,012,2022,09,18,5,3,0,1,0,0,0,0,0,0,1,404688.122999975981656,5772417.880999670363963,7.608684415000030,52.094103201999999,0,05220922709110596559
05,5,54,012,2022,09,12,5,3,0,1,0,0,0,0,1,0,0,352843.695428123988677,5747733.897716419771314,6.862940320000060,51.860968948000000,0,05220929705000681131
05,5,54,012,2022,09,16,6,2,0,4,0,1,0,1,0,0,0,352274.123999795003328,5752753.621999310329556,6.852526036000030,51.905919795000003,1,05220916705000087244
05,5,66,012,2022,09,18,4,3,5,3,0,1,1,0,0,0,0,404505.524999978020787,5772441.603999669663608,7.606013145000080,52.094284946000101,0,05220928709110157478
05,5,66,004,2022,09,16,4,3,6,7,0,0,1,1,0,0,0,395556.573914953973144,5767986.489074490033090,7.476791671000060,52.052627185000098,0,05220921709500196564
05,5,54,008,2022,09,11,5,3,5,3,0,1,0,0,0,1,0,335587.049999657028820,5744014.182998820208013,6.614323076000060,51.822736319000100,0,05220929705000993774
05,5,66,076,2022,09,10,3,3,4,6,0,1,0,0,0,0,0,393568.272990597994067,5793295.407011300325394,7.439869028000030,52.279709882000098,0,05220920709500249776
05,5,13,000,2022,09,15,5,2,0,5,0,0,0,1,0,1,0,369138.198506934975740,5707225.465716930106282,7.114611920000070,51.500997932000097,0,05220915700000377661
05,5,62,032,2022,09,07,4,2,5,2,0,0,1,0,1,0,0,375262.659999910974875,5715985.838999570347369,7.199697165000030,51.581114220000103,1,05220914701120995112
05,5,12,000,2022,10,13,7,3,5,3,0,0,1,0,0,0,0,355945.052714888995979,5710399.207116359844804,6.923363190000030,51.526308287000099,1,05221001701400881435
05,5,15,000,2022,09,18,5,3,5,2,1,1,0,0,0,0,0,405351.585999978007749,5758718.014999659731984,7.622157195000060,51.971078589000101,0,05220929702100276680
05,5,54,020,2022,09,13,2,3,5,3,0,1,1,0,0,0,0,365050.938999869977124,5785649.013999500311911,7.025141948000050,52.204744845999997,0,05220912705000065794
05,5,54,020,2022,09,15,3,3,5,3,0,1,1,0,0,0,0,366474.988999876019079,5786353.302999510429800,7.045690691000060,52.211419976999998,0,05220913705000247518
05,5,15,000,2022,09,07,5,3,5,3,1,1,1,0,0,0,0,407037.430999980017077,5753888.505999660119414,7.647997652000070,51.927952950000098,0,05220929702100555909
05,5,54,008,2022,09,11,7,3,1,1,0,1,1,0,0,0,0,336314.871999665978365,5746044.505998849868774,6.623913955000030,51.841189350999997,1,05220917705000796572
05,5,66,008,2022,10,20,1,3,0,1,2,1,0,0,0,0,0,398226.166088716010563,5781956.484064590185881,7.511533948000020,52.178682745000103,0,05221002709000896522
05,5,54,008,2022,09,13,3,3,6,4,0,1,0,1,0,0,0,335274.044248368998524,5745701.708439639769495,6.608982467000030,51.837803835000003,1,05220927705000095966
05,5,58,024,2022,09,11,4,3,7,7,0,0,1,1,0,0,0,392917.829854872019496,5736820.244291390292346,7.448012126000040,51.772008509000003,1,05220914706300327093
05,5,70,044,2022,09,11,4,3,5,2,0,1,1,0,0,0,0,416418.483103818027303,5760082.919203209690750,7.782889017000060,51.985122195000002,0,05220928711142687268
05,5,70,004,2022,09,11,2,3,5,3,0,1,1,0,0,0,0,423764.334999992977828,5735984.704999660141766,7.895159386000050,51.769548868000101,1,05220926711212785562
05,5,62,016,2022,09,14,2,3,5,3,0,1,1,0,0,0,0,375085.496355294017121,5732335.060748489573598,7.191300734000040,51.728005764999999,1,05220926701700747521
05,5,15,000,2022,09,11,3,3,3,2,0,1,1,0,0,0,0,404856.702334508008789,5754423.605721999891102,7.616144118000020,51.932394199999997,1,05220927702100076673
05,5,62,032,2022,09,15,5,3,5,3,0,1,0,0,0,0,1,374701.098999909008853,5720725.130999559536576,7.189903416000050,51.623582068000097,0,05220915701110295076
05,5,54,008,2022,09,07,2,3,5,3,0,1,1,0,0,0,0,336098.947999664000235,5744843.478998839855194,6.621351347000030,51.830336650000000,1,05220919705000495987
05,5,62,028,2022,09,10,3,3,5,2,0,1,1,0,0,0,0,379443.277999923971947,5722867.454999580048025,7.257637470000020,51.643871812000000,0,05220913701920848544
05,5,13,000,2022,09,14,2,3,2,6,0,0,1,0,0,0,0,368374.754999883007258,5709387.633999509736896,7.102811901000050,51.520251593000097,0,05220919700000157871
05,5,62,004,2022,10,17,7,3,2,6,0,0,1,0,0,0,0,382602.783656516985502,5711808.898226900026202,7.306979028000060,51.545149920000000,1,05221001701800189378
05,5,15,000,2022,09,14,5,3,5,3,0,1,0,0,0,0,1,398772.722997124015819,5753798.819981999695301,7.527867258000070,51.925705282000102,0,05220929702100825584
05,5,70,004,2022,09,16,5,3,6,6,0,1,0,1,0,0,0,423852.335785107978154,5735194.191465269774199,7.896607763000080,51.762454406000103,0,05220915711211374650
05,5,58,024,2022,10,18,7,3,5,3,1,0,1,0,0,0,0,393746.299999961978756,5737903.859999639913440,7.459683155000050,51.781905973999997,0,05221008706000695024
05,5,15,000,2022,10,17,6,3,5,3,0,1,1,0,0,0,0,406014.186999979021493,5756712.800999660044909,7.632348744000070,51.953167263000097,1,05221014702100076692
05,5,54,008,2022,10,18,7,3,0,7,2,0,1,0,0,0,0,335613.319795296993107,5744950.566225930117071,6.614259291000050,51.831155975999998,0,05221022705000096583
05,5,13,000,2022,10,16,6,3,1,5,0,1,1,0,0,0,0,365507.489171106019057,5719184.437551329843700,7.057761089000050,51.607614830000003,0,05221007700000690481
05,5,15,000,2022,10,07,3,3,5,3,0,1,0,0,0,0,0,406269.002999976975843,5757524.573999660089612,7.635834135000040,51.960506868000003,1,05221011702100596746
05,5,13,000,2022,10,11,4,3,0,1,0,1,0,0,0,0,0,368880.864027898991480,5711211.540025729686022,7.109423460000070,51.536760358999999,1,05221019700000496673
05,5,54,020,2022,10,07,2,3,5,3,0,1,1,0,0,0,0,366444.738999874971341,5786229.946999520063400,7.045296889000040,52.210304243000103,1,05221017705000721131
05,5,54,012,2022,10,11,5,3,5,3,0,0,1,0,0,0,0,353691.791999805020168,5743736.481999339535832,6.876938506000040,51.825275105000102,0,05221006705000016030
05,5,66,076,2022,10,16,4,3,4,6,0,1,0,0,0,0,0,394391.156999961007386,5794651.122999659739435,7.451501678000060,52.292052732000101,0,05221012709500076678
05,5,66,004,2022,10,22,7,3,5,3,2,0,1,0,0,0,0,395061.246999963012058,5767338.303999650292099,7.469769634000040,52.046707937000100,0,05221022709110496564
05,5,58,016,2022,10,12,5,3,5,3,0,1,1,0,0,0,0,380312.382999928027857,5744236.310999600216746,7.262841065000030,51.836104482000103,0,05221020706000965763
05,5,15,000,2022,10,16,6,3,0,3,0,1,1,0,0,0,0,405656.462791230995208,5759105.165496679954231,7.626487640000050,51.974610294000101,1,05221021702100092910
05,5,66,056,2022,10,18,1,3,0,1,0,1,0,0,0,0,0,417321.339121547993273,5797877.544337130151689,7.786831752000070,52.324982558999999,0,05221016709700993385
05,5,66,060,2022,10,12,1,3,5,3,0,0,1,0,1,0,0,388405.540999950026162,5787674.457999650388956,7.366081316000020,52.228171107999998,1,05221016709500478428
05,5,66,076,2022,10,14,4,3,5,5,0,0,1,0,0,0,0,393745.259746561991051,5794247.991507910192013,7.442162067000030,52.288305186999999,0,05221005709500979127
05,5,70,032,2022,10,07,2,3,6,7,0,0,1,1,0,0,0,420616.395992345991544,5765678.839036219753325,7.842707954000050,52.036040295000099,0,05221017711151087228
05,5,12,000,2022,10,08,3,3,6,4,0,0,1,1,0,0,0,355508.126079749024939,5712316.188437639735639,6.916282418000040,51.543422131000099,0,05221011701400975486
05,5,62,032,2022,10,21,7,3,0,7,2,1,0,0,0,0,0,375534.973452832025941,5717293.178763120435178,7.203161755000050,51.592923707000097,1,05221015701110665514
05,5,15,000,2022,10,15,6,3,0,1,0,1,0,0,0,0,0,409361.299999982991721,5752970.735999659635127,7.682026755000040,51.920086648000101,1,05221014702100395612
05,5,66,076,2022,10,11,2,3,5,3,0,1,1,0,0,0,0,392532.978999956976622,5794031.534999660216272,7.424464666000060,52.286124127999997,0,05221010709500979213
05,5,62,024,2022,10,20,5,3,5,3,2,1,1,0,0,0,0,367631.944999879982788,5723846.948999510146677,7.086659873000030,51.650017984000002,0,05221006701500585497
05,5,13,000,2022,10,17,5,3,5,7,0,0,1,0,0,0,0,369994.339017588004936,5708501.610494379885495,7.126469174000020,51.512664094000101,1,05221020700000165435
05,5,12,000,2022,10,14,5,3,5,3,0,1,1,0,0,0,0,357217.016999822983053,5709070.360999389551580,6.942224960000030,51.514690453000100,1,05221013701400795209
05,5,62,032,2022,10,21,6,2,5,3,2,0,1,0,1,0,0,374326.989999906974845,5714558.937999559566379,7.186710624000060,51.568082652999998,1,05221014701120780857
05,5,15,000,2022,10,23,7,3,6,4,2,0,0,1,0,0,1,406107.151870629983023,5757086.954675089567900,7.633598880000020,51.956546035000002,0,05221022702100054101
05,5,58,020,2022,10,09,1,3,5,3,0,1,0,0,0,0,0,391161.951658345991746,5760348.956811630167067,7.415154378000070,51.983139344999998,0,05221016706200117145
05,5,54,008,2022,10,08,3,3,5,3,1,1,1,0,0,0,0,337871.664999680011533,5745602.856998910196126,6.646698971000030,51.837675884000099,1,05221018705000696518
05,5,58,032,2022,10,18,3,2,3,1,1,1,0,0,0,0,0,387129.434249771991745,5754655.818735839799047,7.358330834000070,51.931168636999999,0,05221018706000993329
05,5,66,028,2022,10,15,5,3,3,6,0,1,1,0,0,0,0,414442.040982784004882,5791781.738323980011046,7.746142313000060,52.269750009000099,1,05221020709700091641
05,5,62,028,2022,10,10,1,3,5,3,0,1,1,0,0,0,0,379038.216999923984986,5722374.626999580301344,7.251956568000030,51.639355625000100,0,05221009701920063563
05,5,54,008,2022,10,08,6,3,3,3,0,0,1,0,0,0,0,335827.054525638988707,5746103.887247160077095,6.616811119000030,51.841579603000099,0,05221021705000395195
05,5,62,024,2022,10,01,3,2,0,1,2,1,0,0,0,0,0,371261.867295337026007,5726772.888051480054855,7.138021188000040,51.677155497000101,1,05221004701500565464
05,5,54,048,2022,10,09,7,3,9,1,0,0,1,0,0,0,0,341950.649999714980368,5743615.214999049901962,6.706761311000040,51.820988079000102,0,05221015705000296698
05,5,66,076,2022,10,16,3,3,3,2,0,1,0,0,0,0,0,392804.046999957994558,5793219.306999660097063,7.428695358000030,52.278877459999997,0,05221018709500376678
05,5,66,076,2022,10,16,3,2,5,3,0,1,1,0,0,0,0,395231.244999965012539,5792986.115999660454690,7.464332261000040,52.277249663000099,0,05221018709500396952
05,5,70,052,2022,10,11,6,3,5,3,0,0,1,0,0,0,1,430852.504999994998798,5757068.918999670073390,7.993645193000020,51.960011839000103,0,05221007711111796158
05,5,54,020,2022,10,18,3,3,0,1,1,0,0,0,1,0,0,366035.020975782012101,5785625.978830769658089,7.039543046000060,52.204777919000001,1,05221018705000051911
05,5,62,016,2022,10,07,6,3,6,2,2,0,1,1,0,0,0,374869.170999908994418,5733195.032999560236931,7.187861000000050,51.735685986000099,1,05221014701700789937
05,5,13,000,2022,10,10,2,2,3,2,0,1,1,0,0,0,0,362503.210999856004491,5710259.676999459974468,7.017895048000070,51.526689304999998,1,05221017700000389700
05,5,15,000,2022,10,13,3,3,6,4,0,1,0,1,0,0,0,405335.949604799970984,5757391.343959139660001,7.622295366000060,51.959151263000102,0,05221011702100792910
05,5,66,076,2022,10,18,5,2,3,2,0,1,0,0,1,0,0,392215.899999957997352,5792603.029999650083482,7.420274671000070,52.273223903000002,1,05221013709500896541
05,5,54,068,2022,10,12,7,3,3,6,0,1,1,0,0,0,0,350055.548999782011379,5767135.980999260209501,6.814018667000030,52.034545065000003,0,05221008705000495869
05,5,66,068,2022,10,12,3,3,5,3,0,0,1,0,0,0,0,376148.586999916005880,5785681.235999589785933,7.187442258000030,52.207639831000101,0,05221018709300241172
05,5,62,008,2022,10,09,3,3,0,1,0,1,0,0,0,0,0,385099.638239133986644,5723904.409606420435011,7.339008224000050,51.654375880000003,1,05221018701910248544