ULAND,UREGBEZ,UKREIS,UGEMEINDE,UJAHR,UMONAT,USTUNDE,UWOCHENTAG,UKATEGORIE,UART,UTYP1,ULICHTVERH,IstRad,IstPKW,IstFuss,IstKrad,IstGkfz,IstSonstige,LINREFX,LINREFY,XGCSWGS84,YGCSWGS84,STRZUSTAND,UIDENTSTLAE
05,5,70,004,2022,10,20,4,3,1,5,2,1,1,0,0,0,0,425475.704501624975819,5734782.543425350449979,7.920214375000060,51.758972221000100,0,05221019711213381146
05,5,54,024,2022,10,16,3,3,2,6,0,1,0,0,0,0,0,370167.659999891009647,5775441.209999550133944,7.103878358000030,52.114248808000099,0,05221018705000296646
05,5,70,004,2022,10,20,4,3,0,1,2,0,0,0,0,0,1,424314.213036699977238,5735279.587624900043011,7.903280512000040,51.763284713000097,1,05221012711213696598
05,5,15,000,2022,10,15,7,3,4,6,0,1,0,0,0,0,0,407991.672999982023612,5754721.959999660030007,7.661648689000060,51.935603088000100,0,05221008702100076673
05,5,15,000,2022,10,14,6,3,4,6,0,1,0,0,0,0,1,408635.924506755021866,5764439.203259999863803,7.668429667000050,52.023053302000100,0,05221007702100096672
05,5,13,000,2022,10,17,5,3,5,3,0,1,1,0,0,0,0,363713.838999859988689,5715354.657999469898641,7.033362061000050,51.572768080000102,1,05221020700000057756
05,5,62,032,2022,10,13,6,3,0,1,0,1,0,0,0,0,0,374414.224999907019082,5718577.886999559588730,7.186530824000040,51.604220748000003,1,05221021701110585659
05,5,62,012,2022,10,16,3,3,0,7,0,1,0,0,0,0,0,361525.629999849013984,5736030.036999450065196,6.993613268000050,51.758023378000097,0,05221011701610195159
05,5,15,000,2022,10,14,6,3,5,3,0,0,1,0,1,0,0,404457.522999977984000,5755094.726999660022557,7.610153507000060,51.938358131000001,1,05221021702100876689
05,5,66,076,2022,10,16,2,3,8,3,0,0,1,0,0,0,0,392015.000692526984494,5794226.873189089819789,7.416811319000030,52.287778115000002,1,05221017709500496634
05,5,13,000,2022,10,15,5,3,2,6,0,0,1,0,0,0,0,365673.376999870000873,5712299.114999489858747,7.062788464000050,51.545779762000102,0,05221006700000420590
05,5,15,000,2022,10,19,5,2,6,2,2,0,1,1,0,0,0,403805.151999976020306,5761690.659999660216272,7.598818565000040,51.997532093000103,1,05221020702100964164
05,5,13,000,2022,10,19,1,3,5,3,1,0,1,0,0,0,0,365817.742591726011597,5715752.624339310452342,7.063551004000030,51.576849057000103,0,05221009700000520537
05,5,66,024,2022,10,11,3,3,0,1,0,1,1,0,0,0,0,384351.979999941017013,5771207.076999619603157,7.312365262000070,52.079345638000099,0,05221004709300096611
05,5,54,056,2022,10,10,4,3,2,2,0,1,1,0,0,0,0,356598.855006343976129,5762101.410082099959254,6.911448895000040,51.991040263000102,0,05221012705000993441
05,5,70,052,2022,10,15,4,2,1,5,0,1,1,0,0,0,0,430799.964358841010835,5756860.209608020260930,7.992922704000020,51.958129081000003,0,05221019711111743131
05,5,70,004,2022,10,11,6,3,0,1,0,1,0,0,0,0,0,422832.326564104005229,5734781.338761609978974,7.881922360000030,51.758603375000099,1,05221014711215294319
05,5,62,012,2022,10,02,1,3,6,6,0,0,1,1,0,0,0,359343.054203291016165,5723727.679025759920478,6.966973289000070,51.646933755000099,0,05221009701610095170
05,5,70,004,2022,10,16,6,2,8,7,0,1,0,0,0,0,0,423281.117999991984107,5735552.681999649852514,7.888253233000060,51.765599129000101,0,05221007711212096598
05,5,62,004,2022,10,13,4,3,1,5,0,1,1,0,0,0,0,383211.454999934008811,5717788.411999600008130,7.313764987000070,51.599018432999998,0,05221005701800849722
05,5,62,032,2022,10,14,6,2,0,7,0,1,1,0,0,0,0,376484.967521805025171,5720531.066983990371227,7.215728462000070,51.622232341000000,1,05221014701110095043
05,5,54,032,2022,10,15,3,3,0,7,0,0,0,0,0,0,1,325136.093871561984997,5745676.579257840290666,6.461992878000050,51.834496317000102,0,05221011705000996010
05,5,66,076,2022,10,18,5,3,5,2,0,0,1,0,0,0,0,391623.677712827979121,5795120.564525149762630,7.410788974000070,52.295732729000100,0,05221006709500070592
05,5,12,000,2022,10,16,1,3,3,2,0,1,0,0,0,0,0,356087.251999816973694,5711218.173999370075762,6.925076982000060,51.533703600000102,0,05221016701400294973
05,5,62,020,2022,10,12,6,3,5,2,0,1,1,0,0,0,0,371301.592999895976391,5716969.452999539673328,7.142199336000030,51.589063262000103,0,05221007701200295982
05,5,15,000,2022,10,13,3,3,5,3,0,1,1,0,0,0,0,408251.952999979024753,5758414.677999660372734,7.664447716000040,51.968838384000001,0,05221018702100096679
05,5,66,076,2022,10,09,4,3,5,3,0,1,0,0,0,0,1,393671.422999961010646,5793429.884999659843743,7.441338036000050,52.280938425000002,0,05221012709500096558
05,5,62,032,2022,10,16,5,3,5,2,0,0,1,0,0,0,0,380288.527999927988276,5719034.701999589800835,7.271157684000060,51.609605777000098,0,05221006701110591012
05,5,15,000,2022,10,11,7,3,2,1,0,0,1,0,0,0,0,402342.248780958994757,5754715.386518890038133,7.579500641000040,51.934581291000001,0,05221022702100993311
05,5,54,056,2022,10,13,2,3,6,3,0,1,0,1,0,0,0,356352.917435768002179,5761937.064562110230327,6.907938384000030,51.989500073999999,1,05221017705000002662
05,5,62,014,2022,10,18,7,3,5,2,1,1,1,0,0,0,0,363161.994999856979121,5712946.216999460011721,7.026341410000040,51.550991459999999,1,05221015701300061166
05,5,70,004,2022,10,02,3,3,8,1,2,0,1,0,0,0,0,423143.548999992024619,5734263.297999659553170,7.886545273000020,51.753989177999998,0,05221004711215958483
05,5,70,052,2022,10,10,5,3,6,2,0,0,1,1,0,0,0,430242.288700360979419,5756396.641273939982057,7.984902271000070,51.953892096000097,0,05221006711112687306
05,5,15,000,2022,10,00,7,3,6,4,2,1,0,1,0,0,0,405250.411999977019150,5757999.081999659538269,7.620883217000030,51.964599292000102,0,05221022702100993599
05,5,62,004,2022,10,17,1,3,5,3,0,0,1,0,0,0,0,384051.116325225972105,5717517.273198770359159,7.325972348000050,51.596754990000100,0,05221009701800791003
05,5,15,000,2022,10,16,5,3,6,4,0,1,0,1,0,0,0,405594.036014957993757,5757520.370066690258682,7.626014828000050,51.960354885000100,1,05221020702100372348
05,5,58,012,2022,10,16,6,3,5,2,0,0,1,0,0,0,1,373853.121852566022426,5756106.370913960039616,7.164800212000050,51.941353531000097,0,05221021706100817145
05,5,58,016,2022,10,15,7,2,2,6,0,0,1,0,1,0,0,380297.368868112971541,5744263.317818270064890,7.262613913000050,51.836343977000098,0,05221008706000615970
05,5,54,008,2022,10,16,3,3,5,3,0,1,1,0,0,0,0,335215.525999655015767,5746044.380998799577355,6.607970649000040,51.840864925000098,0,05221011705000396008
05,5,70,008,2022,10,15,5,3,5,3,0,1,1,0,0,0,0,433985.870999997016042,5734194.406999659724534,8.043610519000030,51.754752721000003,1,05221020711311482312
05,5,54,004,2022,10,21,7,3,0,1,2,0,0,0,0,0,1,360958.431091398000717,5772940.238747189752758,6.970492223000060,52.089538435000101,0,05221015705000992650
05,5,66,068,2022,10,10,3,3,0,1,0,1,0,0,0,0,0,376160.301321981009096,5785665.322493139654398,7.187619424000050,52.207499462000001,1,05221018709300341172
05,5,66,044,2022,10,12,3,3,9,1,0,0,1,1,0,0,0,430029.822073031973559,5777812.695802100002766,7.977425451000040,52.146384052000002,0,05221018709800887280
05,5,62,012,2022,10,10,7,3,5,3,0,0,1,0,0,0,0,363240.617999857990071,5731223.292999469675124,7.020334979000040,51.715251437000099,0,05221022701620268769
05,5,62,032,2022,10,13,6,3,5,3,0,0,1,0,0,0,1,375839.281999911007006,5717767.059999570250511,7.207384888000040,51.597249710000000,0,05221007701110495228
05,5,13,000,2022,10,14,4,3,6,4,0,0,1,1,0,0,0,369911.001765268971212,5710592.576516119763255,7.124496869000040,51.531436160000098,0,05221005700000575318
05,5,62,012,2022,10,17,4,3,5,3,0,0,1,0,0,0,0,357784.391999827988911,5735817.496999399736524,6.939529880000070,51.755176134000102,0,05221012701620878460
05,5,66,008,2022,10,12,6,3,0,3,0,1,1,0,0,0,0,399882.700999970023986,5781429.269999659620225,7.535908132000030,52.174247387999998,0,05221014709110296847
05,5,70,052,2022,10,18,3,3,0,1,0,0,0,0,0,0,1,430473.710006522014737,5755880.748423419892788,7.988373664000050,51.949283391000101,0,05221004711113087309
05,5,15,000,2022,10,13,3,3,3,5,0,0,0,0,0,0,1,406155.653227725008037,5757187.430378209799528,7.634277047000070,51.957457343999998,0,05221011702100055909
05,5,62,020,2022,10,10,5,3,0,7,0,0,1,0,1,0,0,371365.465939163987059,5716763.586825910024345,7.143196285000040,51.587227756000097,0,05221006701200781594
05,5,13,000,2022,10,15,3,2,6,7,0,0,1,1,0,0,0,365375.696452228003182,5709571.482763869687915,7.059540930000030,51.521196927000098,0,05221004700000489618
05,5,66,096,2022,10,15,7,2,4,7,0,0,1,1,0,0,1,385009.339999940013513,5785369.384999630041420,7.317161794000070,52.206757358000097,1,05221015709300196550
05,5,15,000,2022,10,08,4,3,5,3,0,1,1,0,0,0,0,403621.740046270017046,5754823.987968290224671,7.598075237000050,51.935780496000099,0,05221019702100676697
05,5,13,000,2022,10,17,2,3,5,3,0,1,1,0,0,0,0,365059.583999868016690,5718203.870999479666352,7.051674100000070,51.598695941000102,1,05221017700000566386
05,5,66,012,2022,10,20,5,3,0,7,2,1,0,0,0,0,0,405197.373625430976972,5771530.342713929712772,7.616362669000070,52.086213316000098,1,05221013709110596564
05,5,15,000,2022,10,00,7,3,5,3,2,1,0,0,0,0,0,403700.433999977016356,5758683.554999659769237,7.598137952000060,51.970485216000000,0,05221008702100879097
05,5,58,016,2022,10,18,3,3,3,6,1,1,1,0,0,0,0,381079.452999930013902,5743526.340999599546194,7.274212912000050,51.829887747000001,0,05221018706100449804
05,5,54,012,2022,10,11,6,3,5,7,0,0,1,0,1,0,0,352780.617999799025711,5747290.628999319858849,6.862213824000040,51.856969581000001,0,05221007705000479121
05,5,54,008,2022,10,07,4,3,0,3,0,1,1,0,0,0,0,335520.452999655972235,5746284.607998809777200,6.612278622000080,51.843112869000002,0,05221012705000191855
05,5,54,020,2022,10,12,4,3,4,2,0,1,1,0,0,0,0,363839.869999864022247,5786849.255999489687383,7.006947890000050,52.215231422999999,0,05221019705000310850
05,5,66,008,2022,10,06,6,3,5,3,2,1,1,0,0,0,0,398447.459153451025486,5782063.523194369859993,7.514737179000060,52.179685554999999,1,05221014709110565802
05,5,66,040,2022,10,16,1,3,0,3,0,0,1,0,0,0,0,419554.029999991005752,5782623.614999679848552,7.823219930000050,52.188201995000000,0,05221016709800096689
05,5,62,008,2022,10,12,7,1,3,6,0,1,0,0,0,0,1,385296.181999941007234,5723913.177999610081315,7.341845288000060,51.654494827000100,0,05221022701910869504
05,5,54,008,2022,10,15,5,3,5,3,0,1,1,0,0,0,0,335171.756999654986430,5746229.724998800083995,6.607247575000030,51.842517019000098,1,05221020705000774716
05,5,66,076,2022,10,20,1,3,0,1,2,1,0,0,0,0,0,392002.156999957980588,5792956.306999660097063,7.417030137000040,52.276356896999999,1,05221016709500776678
05,5,15,000,2022,10,09,6,3,6,4,0,0,1,1,0,0,0,406166.831572242022958,5757245.775485980324447,7.634423740000050,51.957983663999997,1,05221021702100574637
05,5,15,000,2022,10,13,4,3,0,7,0,0,1,0,0,0,0,405677.130756510014180,5758537.686752390116453,7.626944381000040,51.969513065999998,0,05221005702100774053
05,5,54,008,2022,10,13,7,3,5,2,0,0,1,0,0,0,0,335587.049999657028820,5744014.182998820208013,6.614323076000060,51.822736319000100,1,05221015705000976736
05,5,70,004,2022,10,11,2,3,5,3,0,0,1,0,0,0,1,424663.869999993999954,5735378.338999659754336,7.908324783000070,51.764219611999998,0,05221010711216289244
05,5,70,020,2022,10,09,3,3,4,6,0,0,1,0,0,0,0,433020.232788713998161,5744288.872688190080225,8.027672601000059,51.845387041000002,0,05221004711400054394
05,5,66,084,2022,10,08,2,3,0,7,0,1,1,0,0,0,0,389968.618628178024665,5775616.185467069968581,7.392868419000020,52.120116214000099,0,05221010709300992654
05,5,13,000,2022,10,17,5,3,4,2,0,0,1,0,1,0,0,366795.783999875013251,5707085.670999499969184,7.080936608000060,51.499194472000099,0,05221006700000975452
05,5,58,016,2022,10,19,1,3,6,7,1,0,1,1,0,0,0,381536.628812166978605,5743366.879966099746525,7.280898841000070,51.828551781000002,0,05221009706100794991
05,5,15,000,2022,10,12,7,3,1,7,0,0,1,0,0,0,1,405947.019999977026600,5757054.465999660082161,7.631278130000060,51.956226950000001,0,05221015702100091782
05,5,54,012,2022,10,20,2,3,0,1,1,0,0,0,0,0,1,353291.089913037023507,5745356.062310120090842,6.870441734000050,51.839721969000003,0,05221003705000993547
05,5,13,000,2022,10,14,5,3,5,3,0,1,1,0,0,0,0,365914.910999870975502,5709257.980999490246177,7.067427628000080,51.518507882999998,1,05221020700000502263
05,5,54,012,2022,10,11,7,3,5,7,0,0,1,0,0,0,0,345440.026999745983630,5751559.562999149784446,6.753795542000030,51.893338238000098,0,05221015705000080974
05,5,70,008,2022,10,05,2,3,2,2,2,1,1,0,0,0,0,437790.747777571028564,5732907.880239469930530,8.098956833000051,51.743622094999999,1,05221017711311694426
05,5,66,008,2022,10,15,5,3,5,3,0,1,1,0,0,0,0,400541.724999970989302,5780681.756999669596553,7.545761287000060,52.167648078000099,1,05221020709110087267
05,5,13,000,2022,10,15,3,2,6,4,0,0,1,1,0,0,0,366115.676930948975496,5708683.629020920023322,7.070537672000060,51.513394032000100,0,05221004700000980939
05,5,62,032,2022,10,06,6,3,6,2,2,0,1,1,0,0,0,375165.267999909992795,5718528.548999560065567,7.197387715000050,51.603944331000001,1,05221014701110485659
05,5,70,004,2022,10,08,3,3,9,1,0,1,0,0,0,0,0,424067.699649236979894,5735238.721506260335445,7.899718068000030,51.762883964000103,1,05221018711216287303
05,5,66,012,2022,10,17,6,2,5,3,0,0,1,0,1,0,0,405692.623686700011604,5772290.580306169576943,7.623378237000050,52.093131105000097,0,05221007709110174676
05,5,54,052,2022,10,22,3,2,5,3,2,1,1,0,0,0,0,379402.128999924985692,5772617.886999599635601,7.239670013000020,52.090967978000002,0,05221018705000093441
05,5,70,004,2022,10,11,4,3,5,2,0,1,1,0,0,0,0,424437.357423498993739,5734987.320896879769862,7.905128135000040,51.760673961000101,0,05221012711213591269
05,5,66,084,2022,10,10,5,3,5,3,0,1,1,0,0,0,0,385998.548999943013769,5778792.835999630391598,7.333842185000040,52.147860227000102,0,05221006709300087315
05,5,54,012,2022,10,16,2,3,0,6,0,1,0,0,0,0,0,351879.328383786021732,5745307.204675129614770,6.849985679000040,51.838910333999998,1,05221017705000993371
05,5,66,040,2022,10,16,4,3,5,3,0,1,1,0,0,0,0,420889.395999989996199,5782421.275999680161476,7.842796807000070,52.186576382000098,0,05221005709800296689
05,5,66,012,2022,10,15,3,3,3,1,0,1,1,0,0,0,0,406083.362058985978365,5772356.887648059986532,7.629061874000060,52.093793544999997,0,05221011709110993453
05,5,54,004,2022,10,16,7,3,5,3,0,0,1,0,0,0,0,363109.267999859992415,5771011.098999469541013,7.002640097000040,52.072740554000099,0,05221008705000096646
05,5,70,004,2022,10,12,5,3,5,3,0,1,1,0,0,0,0,423723.570665377017576,5735379.922719590365887,7.894701533000050,51.764106539000103,0,05221006711216002816
05,5,62,024,2022,10,10,7,3,6,7,0,0,1,1,0,0,0,367339.576631914998870,5724834.106113050132990,7.082061799000030,51.658820112000100,0,05221022701500762613
05,5,66,060,2022,10,18,3,2,5,2,0,1,1,0,0,0,0,388635.863999950001016,5789622.905999640002847,7.368810155000060,52.245728336000099,0,05221004709500479230
05,5,58,032,2022,10,20,4,2,0,1,2,1,0,0,0,0,0,391292.550225728016812,5750712.807393739931285,7.420101263000050,51.896558837000001,0,05221019706100795146
05,5,62,008,2022,10,14,2,3,2,6,0,0,1,0,0,1,0,385910.189999943017028,5724047.020999610424042,7.350673720000030,51.655822731999997,1,05221017701910274176
05,5,54,012,2022,10,15,1,3,0,7,0,1,0,0,0,0,0,348743.113999768975191,5745453.741999230347574,6.804434254000060,51.839386329000000,0,05221009705000479121
05,5,58,016,2022,10,10,3,3,0,5,0,1,1,0,0,0,1,380551.504864525981247,5744476.627595609985292,7.266227018000050,51.838315422000100,0,05221004706000996570
05,5,70,052,2022,10,18,2,3,5,3,1,1,1,0,0,0,0,429822.102431407023687,5756029.514444840140641,7.978863840000030,51.950538906000098,0,05221024711112081616
05,5,70,008,2022,11,10,6,3,5,3,0,0,1,0,0,0,0,433978.807328776980285,5733668.008253949694335,8.043608166000070,51.750019518999999,0,05221104711311894426
05,5,66,016,2022,10,07,4,3,8,1,1,1,0,0,0,0,0,402796.573889283987228,5792261.593229779973626,7.575392700000070,52.272127608000098,1,05221026709500676632
05,5,62,004,2022,10,10,6,3,6,7,0,0,1,1,0,0,0,384926.834164246974979,5716948.331010989844799,7.338796495000050,51.591821034000098,0,05221028701800045437
05,5,13,000,2022,10,18,5,3,5,3,1,1,1,0,0,0,0,364208.092999864020385,5715241.409999479539692,7.040533524000070,51.571869655000100,0,05221027700000295018
05,5,54,008,2022,11,15,2,3,5,3,0,1,1,0,0,0,0,335419.866999656020198,5744395.836998810060322,6.611718076000050,51.826115662000099,0,05221107705000995195
05,5,15,000,2022,10,17,3,2,6,7,0,0,1,1,0,0,0,405137.507999978028238,5755477.304999659769237,7.619936533000040,51.941913251000102,0,05221025702100972391
05,5,13,000,2022,10,17,1,3,5,2,0,1,1,0,0,0,0,366987.628999874985311,5713804.907999499700963,7.081161200000050,51.559623026000097,0,05221023700000789346
05,5,54,068,2022,10,17,1,3,5,3,0,0,1,0,0,0,1,351481.310999789973721,5767458.565999289974570,6.834648078000040,52.037826977000101,0,05221023705000096520
05,5,15,000,2022,11,17,3,2,6,4,0,0,1,1,0,0,0,398509.112036204023752,5752679.178026580251753,7.524365032000050,51.915593838000099,0,05221101702100072391
05,5,54,012,2022,10,09,2,3,0,4,0,0,1,1,0,0,0,352599.765908704022877,5745916.015403640456498,6.860175710000020,51.844571066000100,0,05221031705000981092
05,5,13,000,2022,11,13,3,2,6,4,0,0,1,1,0,0,0,365361.139512274006847,5715889.269552360288799,7.056913234000040,51.577968136999999,0,05221108700000067054
05,5,54,008,2022,10,07,5,3,3,2,1,1,1,0,0,0,0,335801.980013370979577,5745834.151155509985983,6.616575496000050,51.839149079000002,0,05221027705000962116
05,5,58,024,2022,10,13,3,3,6,6,0,0,1,1,0,0,0,391887.484868146013469,5734601.978587710298598,7.433775071000070,51.751872773000102,0,05221025706300191823
05,5,62,004,2022,11,15,5,3,1,5,0,1,1,0,0,0,0,383283.326280587993097,5716207.019271260127425,7.315328190000060,51.584820256999997,0,05221103701800449722
05,5,66,028,2022,10,13,2,2,0,1,0,1,0,0,0,0,0,412370.735439256997779,5792348.468109560199082,7.715648125000030,52.274517748999997,0,05221024709700691696
05,5,54,008,2022,10,19,2,3,3,6,2,1,0,0,0,0,0,337160.874999672989361,5746424.483998879790306,6.636004503000040,51.844850226000098,0,05221031705000993194
05,5,54,008,2022,11,17,2,3,3,6,1,1,0,0,0,0,0,336098.214970803994220,5745465.035696440376341,6.621046358000060,51.835920164000100,0,05221107705000886828
05,5,62,036,2022,11,11,4,3,5,2,0,0,1,0,1,0,0,389016.633999950019643,5719849.956999610178173,7.396893360000040,51.618721510000100,0,05221102701930981228
05,5,62,020,2022,10,11,7,3,5,4,0,0,1,1,0,0,0,369699.255999887012877,5719975.478999529965222,7.117965626000060,51.615709303000102,0,05221029701200395214
05,5,54,008,2022,10,11,7,3,6,4,0,0,1,1,0,0,0,336180.881381052022334,5745915.291781920008361,6.622031917000070,51.839989272000103,0,05221029705000993233
05,5,62,014,2022,11,13,7,3,0,1,0,1,0,0,0,0,0,359826.024994155974127,5717706.422609049826860,6.976358340000050,51.592947813000102,0,05221105701300078098
05,5,15,000,2022,11,18,3,3,6,2,2,0,1,1,0,0,0,401890.377999973017722,5753351.245999650098383,7.573318977000040,51.922240539000001,0,05221108702100179192
05,5,15,000,2022,10,16,3,3,5,3,0,1,0,0,0,0,0,405329.976664563990198,5760462.582024079747498,7.621361370000050,51.986755750999997,0,05221025702100764311
05,5,62,024,2022,10,07,4,3,5,3,2,1,1,0,0,0,0,369928.151999890978914,5724085.164999529719353,7.119742827000040,51.652694668000002,0,05221026701500865815
05,5,58,016,2022,10,12,6,3,5,3,0,1,0,0,0,0,0,382826.867768460011575,5744615.553173639811575,7.299190577000050,51.840046030000103,0,05221028706000365766
05,5,62,004,2022,10,16,1,3,5,3,0,0,1,0,0,0,0,384532.467999939981382,5711086.429999600164592,7.335031887000070,51.539054618000101,0,05221030701800954186
05,5,15,000,2022,11,17,3,3,5,3,2,1,1,0,0,0,0,406942.224863976996858,5758747.941998819820583,7.645297726000020,51.971616192000099,0,05221108702100161999
05,5,70,028,2022,11,15,5,3,5,2,0,1,1,0,0,0,0,442413.387999999977183,5742971.968999659642577,8.164232841000061,51.834595725000000,0,05221103711413502810
05,5,15,000,2022,11,07,5,3,5,3,0,1,1,0,0,0,0,404785.107856624003034,5755138.473235050216317,7.614905231000020,51.938807490999999,0,05221103702100676689
05,5,66,064,2022,10,13,5,3,2,3,0,1,1,0,0,0,0,396258.382647291000467,5771400.091320909559727,7.485985551000060,52.083439490000004,0,05221027709000548281
05,5,12,000,2022,11,07,2,3,3,6,1,1,1,0,0,0,0,357932.668999827990774,5709014.084999400191009,6.952554449000050,51.514365173000002,1,05221107701400161079
05,5,62,020,2022,10,09,3,3,5,3,0,0,1,0,1,0,0,371308.869975672976580,5716908.227153480052948,7.142326770000070,51.588514696000097,1,05221025701200295194
05,5,58,016,2022,11,11,3,2,0,1,0,1,0,0,0,0,0,380322.491344576003030,5744342.335273030214012,7.262951031000060,51.837059496000101,0,05221108706000705114
05,5,70,004,2022,11,09,1,2,0,7,0,0,1,0,0,0,0,421245.502458514005411,5731787.973179060034454,7.859613634000030,51.731473407000102,0,05221106711215087237
05,5,66,084,2022,10,11,2,2,0,2,0,1,1,0,0,0,0,385797.620904606010299,5778744.980339399538934,7.330923007000020,52.147388642000102,0,05221024709300074703
05,5,62,012,2022,11,13,4,3,6,2,0,0,1,1,0,0,0,359427.293999837012962,5725025.093999420292675,6.967668513000040,51.658613174000003,0,05221102701610651227
05,5,66,008,2022,10,12,7,2,5,3,0,1,1,0,0,0,0,398516.747999968996737,5781770.452999659813941,7.515837893000030,52.177064289000000,0,05221029709110896499
05,5,70,036,2022,11,11,5,3,0,7,0,0,0,0,1,0,0,435293.203161970013753,5759152.570613349787891,8.057871455000051,51.979277981000102,0,05221110711121591797
05,5,62,014,2022,10,07,2,3,6,4,0,0,1,1,0,0,0,361685.976999850012362,5716555.809999450109899,7.003645530000030,51.583067963000097,0,05221031701300481320
05,5,12,000,2022,11,13,4,3,5,3,0,1,0,0,1,0,0,359700.480999839026481,5720335.685999429784715,6.973495190000050,51.616542967000001,1,05221102701400394939
05,5,54,012,2022,11,11,6,3,5,3,0,0,1,0,0,0,0,352998.274999800021760,5752861.745999320410192,6.862998883000050,51.907082811000102,0,05221104705000038824
05,5,70,052,2022,11,08,3,3,5,3,0,1,1,0,0,0,0,430483.374541356984992,5756051.666033949702978,7.988479690000080,51.950821086000097,0,05221108711113386957
05,5,62,024,2022,10,17,1,3,5,3,0,1,1,0,0,0,0,371311.110202728013974,5727190.807974389754236,7.138578966000070,51.680922504000101,0,05221030701500707693
05,5,15,000,2022,10,15,2,2,9,1,0,0,1,0,0,0,0,403937.228999976010527,5752923.336999650113285,7.603193414000030,51.918751245000102,1,05221024702100672391
05,5,66,044,2022,11,18,4,3,8,1,2,0,1,0,0,0,0,430349.539627260994166,5774633.124776010401547,7.982748382000070,52.117842230000100,0,05221109709800896658
05,5,70,044,2022,10,15,5,3,5,3,0,1,1,0,0,0,0,416153.831558277015574,5759337.771175310015678,7.779218237000070,51.978384218000002,0,05221027711141072788
05,5,66,076,2022,10,17,3,3,4,1,0,1,1,0,0,0,0,393566.106308331014588,5793293.604818990454078,7.439837850000060,52.279693266000002,0,05221025709500096952
05,5,66,040,2022,11,14,4,3,6,7,0,0,1,1,0,0,0,421318.278480381006375,5782949.781154139898717,7.848946290000070,52.191388390999997,0,05221109709800791839
05,5,66,084,2022,10,17,7,3,6,4,0,1,0,1,0,0,0,386234.693914266012143,5778766.283052910119295,7.337300814000060,52.147670290000100,0,05221029709300036405
05,5,70,020,2022,10,10,6,3,0,7,0,1,1,0,0,0,0,432883.480839175987057,5743287.791210290044546,8.025881981000049,51.836370993000102,0,05221028711400054394
05,5,15,000,2022,10,16,5,3,6,4,0,0,1,1,0,0,0,406102.018118824984413,5758576.063148169778287,7.633117052000050,51.969929952000001,0,05221027702100591863
05,5,66,004,2022,11,07,4,3,0,1,0,1,0,0,0,0,0,394919.365493759978563,5767637.762218900024891,7.467609421000080,52.049372488000103,0,05221102709110711972
05,5,62,008,2022,10,14,3,2,5,3,0,1,0,0,1,0,0,383695.211999938008375,5721808.564999599941075,7.319412048000060,51.635250378000102,0,05221025701910049550
05,5,15,000,2022,10,19,2,3,0,1,2,1,0,0,0,0,0,405425.391151858028024,5758246.025928249582648,7.623361297000030,51.966848722000101,1,05221024702100579127
05,5,62,012,2022,11,18,2,3,5,3,2,1,1,0,0,0,0,361469.460999846982304,5726448.397999449633062,6.996609342000060,51.671909982999999,0,05221107701610447422
05,5,15,000,2022,10,17,3,3,0,7,0,1,0,1,0,0,0,407297.530051836976781,5756458.391049129888415,7.651086535000050,51.951095889000001,0,05221025702100891783
05,5,12,000,2022,10,13,6,3,5,3,0,0,1,0,0,0,0,356551.546999819984194,5710376.688999379985034,6.932109192000040,51.526260327000003,0,05221028701400091091
05,5,58,012,2022,10,03,1,3,8,1,2,0,1,0,0,0,0,369317.242688632977661,5758589.023048199713230,7.097906280000070,51.962616015000002,0,05221030706000993221
05,5,15,000,2022,11,00,1,2,0,5,2,0,1,0,0,0,1,406458.127160446019843,5757158.476115900091827,7.638685509000030,51.957248055000001,0,05221106702100005103
05,5,54,008,2022,11,11,4,3,5,3,0,1,1,0,0,0,0,336093.310999663022812,5746734.259998840279877,6.620373844000030,51.847320729000003,0,05221102705000491775
05,5,66,012,2022,11,13,6,3,0,7,0,0,0,0,0,0,1,404989.078999978024513,5772307.799999670125544,7.613106912000030,52.093165531000103,0,05221104709110012517
05,5,58,032,2022,11,17,3,2,0,1,2,0,0,0,0,0,1,386192.070362280006520,5753628.825070910155773,7.345042865000040,51.921747846000102,0,05221108706000885357
05,5,54,020,2022,10,19,1,3,5,2,2,0,1,0,0,0,1,364046.328999864985235,5786620.406999490223825,7.010059892000070,52.213226149000000,0,05221030705000565794
05,5,15,000,2022,11,19,7,3,0,1,2,1,1,0,0,0,0,404451.660140182008035,5758395.447146370075643,7.609150468000050,51.968025253000100,0,05221105702100479187
05,5,62,032,2022,10,11,3,2,0,7,0,1,0,0,0,0,0,375723.234999910986517,5716398.165999559685588,7.206195066000020,51.584921628000103,0,05221025701110385456
05,5,54,024,2022,10,18,1,3,0,7,2,1,0,0,0,0,0,369226.091692206973676,5775888.196492060087621,7.089963854000080,52.118043464000003,0,05221023705000591867
05,5,58,012,2022,10,17,1,3,1,1,0,1,1,0,0,0,0,373587.724094891978893,5756134.610880290158093,7.160930939000020,51.941547073999999,0,05221023706000368276