ULAND,UREGBEZ,UKREIS,UGEMEINDE,UJAHR,UMONAT,USTUNDE,UWOCHENTAG,UKATEGORIE,UART,UTYP1,ULICHTVERH,IstRad,IstPKW,IstFuss,IstKrad,IstGkfz,IstSonstige,LINREFX,LINREFY,XGCSWGS84,YGCSWGS84,STRZUSTAND,UIDENTSTLAE
05,5,66,076,2022,11,17,5,2,0,7,2,1,0,0,0,0,0,392510.551583560998552,5793883.160403380170465,7.424183320000050,52.284786281999999,0,05221110709500296541
05,5,62,020,2022,11,18,5,2,6,4,2,0,1,1,0,0,0,371333.554474906006362,5716838.365609229542315,7.142708502000060,51.587892496999999,1,05221103701200769387
05,5,13,000,2022,11,07,3,3,5,3,0,1,1,0,0,0,0,365268.932999868004117,5716769.308999489992857,7.055245672000070,51.585854508000097,0,05221108700000485656
05,5,66,076,2022,10,09,5,3,5,3,0,0,1,0,0,0,0,396856.100999964983203,5794942.595999670214951,7.487541061000060,52.295140566999997,0,05221027709500996952
05,5,70,008,2022,10,15,1,2,9,1,0,0,0,0,0,0,1,433095.603146308974829,5734184.842192050069571,8.030716450000060,51.754561093000099,0,05221030711312891792
05,5,13,000,2022,10,07,4,3,0,1,2,0,1,0,1,0,0,364575.152215688023716,5716029.435262939892709,7.045523024000030,51.579039432999998,0,05221026700000391741
05,5,62,014,2022,10,09,7,3,5,2,0,1,1,0,0,0,0,357793.232270915003028,5715422.703251950442791,6.947956672000030,51.571917274000000,0,05221029701300069177
05,5,62,032,2022,10,09,5,2,6,4,0,0,1,1,0,0,0,376249.603999915008899,5719123.763999570161104,7.212827199000060,51.609532964000003,1,05221027701110081316
05,5,15,000,2022,11,16,6,3,5,3,1,1,1,0,0,0,0,405853.456999977992382,5754438.165999660268426,7.630633397000050,51.932694578000103,0,05221104702100076673
05,5,15,000,2022,11,14,3,3,4,6,0,1,1,0,0,0,0,403814.912842819001526,5755463.825396480038762,7.600705292000040,51.941565013000101,0,05221108702100796697
05,5,54,008,2022,10,15,2,3,0,7,0,1,0,0,0,0,0,335882.709008705976885,5745827.009187310002744,6.617749616000030,51.839108649000103,1,05221024705000381024
05,5,62,032,2022,11,22,5,3,8,1,1,0,1,0,0,0,0,374520.259999906993471,5713590.366999560035765,7.189843518000030,51.559421015000098,1,05221103701120675490
05,5,70,004,2022,11,19,4,2,1,1,2,1,1,0,0,0,0,423597.714560942025855,5735717.735086009837687,7.892803861000060,51.767126190000099,0,05221102711216891796
05,5,62,012,2022,11,12,5,3,0,7,0,1,0,0,0,0,0,359322.694784488994628,5725189.656276379711926,6.966091070000060,51.660065729999999,0,05221103701610299278
05,5,58,012,2022,11,11,7,3,5,3,0,1,1,0,0,0,0,375012.882999909983482,5755594.188999569974840,7.181849464000040,51.937012527000000,0,05221105706200049812
05,5,54,008,2022,11,19,4,3,1,5,2,0,1,0,0,0,0,335763.739209824998397,5743990.686925309710205,6.616895634000060,51.822577200000097,0,05221109705000096008
05,5,70,008,2022,10,11,2,3,0,6,0,0,1,0,0,0,0,433481.918282732018270,5734921.182853410020471,8.036171434000041,51.761226852000000,0,05221031711311527091
05,5,66,064,2022,11,17,6,3,5,3,2,1,1,0,0,0,0,394665.522133708989713,5770993.709778529591858,7.462873688000060,52.079486295999999,0,05221104709110196522
05,5,62,032,2022,11,10,2,3,6,4,0,1,0,1,0,0,0,375324.719568344997242,5719254.637558870017529,7.199430775000050,51.610505099000100,0,05221107701110995081
05,5,62,012,2022,10,18,4,3,5,3,1,0,1,0,0,0,0,360097.320496300002560,5726365.110156930051744,6.976812444000070,51.670821551000103,0,05221026701610285352
05,5,54,020,2022,10,19,1,3,5,2,2,1,1,0,0,0,0,364002.054999865009449,5786626.543999490328133,7.009409816000070,52.213270366000103,0,05221030705000864594
05,5,15,000,2022,11,09,1,3,9,1,0,0,1,0,0,0,0,413695.489308913995046,5761099.295205139555037,7.742991224000040,51.993841829000097,0,05221106702100779175
05,5,62,020,2022,10,16,2,2,5,3,0,0,1,0,1,0,0,371551.600999896007124,5716520.234999540261924,7.145970622000050,51.585083243000000,1,05221024701200865514
05,5,62,014,2022,10,14,2,3,1,5,0,1,1,0,0,0,0,361237.158999848004896,5714078.675999440252781,6.998150129000070,51.560697810000100,0,05221031701300586669
05,5,54,008,2022,11,15,4,3,5,3,0,1,1,0,0,0,0,335732.093899424013216,5745841.768174420110881,6.615558392000030,51.839196954999998,0,05221102705000993122
05,5,70,052,2022,10,14,7,3,2,6,0,0,1,0,0,0,0,430820.341986502986401,5755209.351971380412579,7.993551525000040,51.943290992000101,0,05221029711113703041
05,5,15,000,2022,10,13,3,3,0,1,0,1,0,0,0,0,0,406110.347361525986344,5757496.191165340133011,7.633533520000070,51.960224981000103,0,05221025702100069101
05,5,62,008,2022,10,13,4,3,0,1,0,1,0,0,0,0,0,381584.709080670028925,5726487.506702589802444,7.287345357000050,51.676861906000099,0,05221026701910151884
05,5,15,000,2022,10,12,5,3,3,4,0,1,0,1,0,0,0,404720.981950032000896,5762021.112920089624822,7.612062492000060,52.000660215000003,0,05221027702100339586
05,5,66,088,2022,10,16,3,3,4,2,0,1,1,0,0,0,0,419022.343999988981523,5788564.856999680399895,7.814022498000040,52.241528243000097,0,05221025709800774768
05,5,15,000,2022,10,16,1,3,4,6,0,1,1,0,0,0,0,408756.682784673990682,5756254.544715999625623,7.672366572000040,51.949504886000099,0,05221030702100150182
05,5,13,000,2022,11,03,6,2,9,7,2,0,0,0,0,0,1,362987.096999856003094,5711644.488999459892511,7.024327274000030,51.539251288999999,0,05221111700000895222
05,5,54,008,2022,10,15,2,3,4,6,0,0,1,0,0,0,0,336147.970999663986731,5745588.630998839624226,6.621709344000070,51.837045074999999,1,05221024705000486007
05,5,62,012,2022,11,14,5,3,5,3,0,1,1,0,0,0,0,362011.695554114994593,5726684.195666809566319,7.004352701000070,51.674162305999999,0,05221110701610551227
05,5,66,076,2022,10,13,3,3,5,3,0,1,0,0,0,1,0,394271.122028232028242,5795834.607484090141952,7.449370839000040,52.302665868000098,0,05221025709500176740
05,5,54,020,2022,11,15,5,3,5,2,0,1,0,0,0,0,0,365864.837653680006042,5786331.801554700359702,7.036774533000030,52.211078601000096,0,05221103705000993117
05,5,13,000,2022,10,11,6,3,6,7,0,0,1,1,0,0,0,368257.913940898026340,5707901.983378330245614,7.101684017000030,51.506873159000101,0,05221028700000075453
05,5,62,014,2022,11,19,3,3,2,6,1,0,1,0,0,0,0,360454.551286348025315,5715021.093845100142062,6.986493229000080,51.568973364999998,0,05221108701300090485
05,5,70,052,2022,10,15,5,3,5,3,0,1,0,0,1,0,0,430796.229185730975587,5756640.144799590110779,7.992912685000020,51.956150314000098,0,05221027711111391857
05,5,15,000,2022,10,13,3,3,5,3,0,1,1,0,0,0,0,405971.656895659980364,5757041.256808619946241,7.631640167000060,51.956112386000001,0,05221025702100264311
05,5,54,008,2022,10,10,6,3,5,3,0,1,1,0,0,0,0,337144.142999672971200,5745760.797998880036175,6.636074287000040,51.838883096000103,0,05221028705000973525
05,5,66,028,2022,10,16,3,3,5,3,0,1,1,0,0,0,0,414292.273999986995477,5791423.689999680034816,7.744039000000040,52.266508408999997,0,05221025709700576365
05,5,58,016,2022,11,13,5,3,0,7,0,1,0,0,0,0,0,381185.568124663026538,5743561.024760539643466,7.275740206000020,51.830222035000098,0,05221103706000291823
05,5,62,004,2022,11,07,5,3,5,2,0,1,1,0,0,0,0,382818.528401992982253,5712556.202514880336821,7.309839967000070,51.551911336000003,0,05221103701800380898
05,5,13,000,2022,10,11,2,3,6,2,0,0,0,1,0,0,1,367892.911999878997449,5708622.007999509572983,7.096157921000040,51.513258626000002,0,05221024700000389555
05,5,15,000,2022,10,13,2,3,5,2,0,1,1,0,0,0,0,407523.013999980990775,5757721.375999660231173,7.654026609000030,51.962485819999998,0,05221024702100587866
05,5,62,008,2022,11,15,3,2,5,3,0,1,1,0,0,0,0,384635.409999938972760,5722938.625999599695206,7.332619001000070,51.645600639000101,0,05221108701910448544
05,5,13,000,2022,11,10,4,3,5,3,0,0,1,0,1,0,0,369655.358999887015671,5710327.243999520316720,7.120911581000030,51.528992700000103,0,05221102700000715749
05,5,15,000,2022,10,19,2,3,1,2,2,0,1,0,0,0,1,403581.771212488994934,5754918.792789890430868,7.597467462000050,51.936625713000097,1,05221024702100091749
05,5,54,028,2022,11,22,7,3,9,1,2,0,0,0,1,0,0,358338.819709337025415,5743955.804418399930000,6.944233631000030,51.828443347000103,0,05221105705000880990
05,5,15,000,2022,10,20,5,3,5,3,2,1,1,0,0,0,0,405877.256999977980740,5757538.694999660365283,7.630130532000070,51.960567615000102,0,05221027702100079097
05,5,62,014,2022,11,15,5,3,5,3,0,0,1,0,0,0,0,360578.216999844007660,5713368.561999440193176,6.988931809000060,51.554154161000000,0,05221110701300994971
05,5,15,000,2022,11,00,6,3,0,1,2,0,0,0,0,0,1,401147.637999970989767,5758752.867999649606645,7.560968672000060,51.970660051000003,1,05221104702100974772
05,5,54,068,2022,10,11,3,3,5,3,0,1,0,0,0,0,1,350894.034999786992557,5767551.262999280355871,6.826052029000040,52.038502204000103,0,05221025705000731358
05,5,54,068,2022,10,11,2,2,5,3,0,1,1,0,0,0,0,350151.143284528981894,5767966.884446229785681,6.815047107000050,52.042036037000102,0,05221031705000530800
05,5,66,028,2022,10,07,5,3,0,1,1,0,0,0,1,0,0,413248.499999985971954,5792032.562999679706991,7.728591020000070,52.271817498000097,0,05221027709700296559
05,5,70,028,2022,10,10,6,3,6,4,0,0,1,1,0,0,0,441020.401070759980939,5742075.689698110334575,8.144171270000070,51.826392609000003,0,05221028711412280981
05,5,70,008,2022,10,14,4,3,4,6,0,1,0,0,0,0,0,433036.648999997007195,5734308.575999650172889,8.029838641000030,51.755666420000097,0,05221026711313387237
05,5,58,016,2022,11,13,4,3,3,6,0,1,1,0,0,0,0,381275.078999930003192,5744739.677999599836767,7.276634137000030,51.840833789000001,0,05221109706100085357
05,5,66,084,2022,11,11,2,3,0,7,0,1,0,0,0,0,0,385740.960999943024945,5779262.833999630063772,7.329921133000030,52.152030826000001,0,05221107709300081036
05,5,15,000,2022,10,15,7,3,4,6,0,1,0,0,0,0,0,404747.635113622993231,5752681.952678140252829,7.615040211000060,51.916720793000103,0,05221029702100576692
05,5,66,076,2022,10,18,3,3,0,2,2,1,1,0,0,0,0,396346.174730885017198,5787708.047355529852211,7.482288507000020,52.230024854000099,0,05221025709500876740
05,5,58,032,2022,10,12,6,3,6,1,0,1,0,1,0,0,0,387356.260404656000901,5753574.020451320335269,7.361982549000060,51.921492042000096,1,05221028706100165763
05,5,54,012,2022,10,15,1,3,0,1,0,1,0,0,0,0,0,354100.395597981987521,5746138.246341629885137,6.881850595000060,51.846961954000101,0,05221030705000491795
05,5,13,000,2022,11,14,4,3,5,3,0,1,1,0,0,0,0,367371.377999878022820,5714619.549999509938061,7.086386465000030,51.567034262000000,0,05221109700000395222
05,5,13,000,2022,10,16,4,3,5,2,0,0,1,0,0,0,1,368378.615793521981686,5707436.992326649837196,7.103595754000030,51.502722507999998,0,05221026700000694984
05,5,58,016,2022,10,14,3,2,0,2,0,1,0,0,0,0,1,381728.495052443002351,5743497.199949369765818,7.283637260000030,51.829763644000103,1,05221025706000491823
05,5,66,056,2022,10,08,3,3,0,1,1,1,0,0,0,0,0,416852.522169989999384,5796702.222007740288973,7.780244891000050,52.314347427000001,1,05221025709700676667
05,5,13,000,2022,10,04,6,3,9,1,2,0,1,0,0,0,0,364132.423999862978235,5715764.833999480120838,7.039239869000030,51.576555093000103,0,05221028700000095153
05,5,62,032,2022,12,19,5,3,2,6,2,0,1,0,0,0,0,374307.657510551973246,5714707.037133820354939,7.186378858000070,51.569409328000098,0,05221201701120777986
05,5,70,004,2022,11,11,4,2,0,3,0,1,1,0,0,0,0,423194.743267349025700,5733290.351008139550686,7.887501713000060,51.745249751000102,0,05221123711214890018
05,5,13,000,2022,11,10,3,3,0,7,0,0,1,0,0,0,0,368431.106355437019374,5708775.773704529739916,7.103852062000040,51.514766072999997,0,05221115700000467056
05,5,66,028,2022,11,17,4,3,5,2,2,1,1,0,0,0,0,412679.934999984980095,5792531.872999680228531,7.720131238000020,52.276215442000101,1,05221130709700992680
05,5,70,020,2022,11,05,6,3,3,6,2,0,1,0,1,0,0,436372.106471067992970,5743522.696445239707828,8.076464813000030,51.838891183999998,1,05221125711422094425
05,5,66,064,2022,11,07,3,3,5,3,0,1,1,0,0,0,0,394973.505999961984344,5771171.214999649673700,7.467311642000030,52.081140155000099,0,05221122709110052454
05,5,62,024,2022,11,21,6,3,5,3,2,0,1,0,0,0,0,368480.122999881976284,5724395.370999519713223,7.098706474000040,51.655145450000099,0,05221111701500838984
05,5,54,008,2022,11,13,2,3,2,6,0,0,1,0,0,0,0,332037.600999624002725,5742912.393998660147190,6.563403555000040,51.811783295000097,0,05221121705000992847
05,5,54,004,2022,11,18,2,3,1,3,2,0,1,0,0,0,1,361923.659999853000045,5771315.337999460287392,6.985229423000020,52.075179904999999,1,05221128705000760690
05,5,66,040,2022,11,20,4,2,8,7,2,1,0,0,0,0,0,421300.812499039981049,5782286.846567150205374,7.848844758000040,52.185426877000097,0,05221116709800200966
05,5,62,024,2022,11,06,4,2,6,2,2,0,1,1,0,0,0,369928.151999890978914,5724085.164999529719353,7.119742827000040,51.652694668000002,1,05221130701500585012
05,5,15,000,2022,11,12,7,3,6,4,0,1,0,1,0,0,0,405710.496746012009680,5757640.530983880162239,7.627676286000050,51.961454705999998,0,05221112702100076692
05,5,54,056,2022,11,17,1,3,1,7,2,0,1,0,0,0,0,357300.452999826986343,5762337.454999390058219,6.921561724000070,51.993341831000102,1,05221120705000791758
05,5,70,028,2022,11,07,3,3,3,5,0,1,1,0,0,0,0,441341.899999998975545,5742209.090999660082161,8.148813245000040,51.827625768000097,1,05221129711411081044
05,5,62,012,2022,11,10,2,3,5,3,0,1,1,0,0,0,0,359186.300999837985728,5724108.806999419815838,6.964555718000040,51.650319269000100,1,05221128701610297118
05,5,70,052,2022,11,19,1,2,0,1,2,1,0,0,0,0,0,428455.705065989983268,5753295.906898749992251,7.959553999000040,51.925790864000099,0,05221113711114791712
05,5,54,012,2022,11,07,2,3,0,3,0,1,0,0,0,0,0,352380.861112447979394,5746700.799059810116887,6.856665201000060,51.851564435999997,0,05221114705000578089
05,5,12,000,2022,11,12,6,3,5,3,0,0,1,0,0,0,0,356649.816999819013290,5710469.519999380223453,6.933487041000030,51.527119444000000,1,05221125701400885473
05,5,62,004,2022,11,11,6,3,5,3,0,0,1,0,0,0,0,383844.918999937013723,5711127.850999600253999,7.325108745000020,51.539285833000100,0,05221111701800651401
05,5,70,008,2022,11,11,4,3,5,2,0,1,1,0,0,0,0,433522.388142691983376,5734038.190223280340433,8.036926637000020,51.753293501000002,0,05221123711311094426
05,5,70,008,2022,11,07,2,3,5,3,0,1,1,0,0,0,0,433296.335000011022203,5739149.394999999552965,8.032670211000040,51.799216463999997,0,05221114711314276703
05,5,13,000,2022,11,14,7,3,5,3,0,0,1,0,0,0,1,363045.400999855017290,5717352.215999459847808,7.022943414000050,51.590556648000103,0,05221126700000566386
05,5,15,000,2022,11,22,1,3,6,4,2,0,1,1,0,0,0,406832.269491143000778,5758323.267602830193937,7.643812770000070,51.967780591000100,0,05221113702100572362
05,5,70,052,2022,12,16,6,3,5,2,1,0,1,0,0,0,1,431139.617987420002464,5755337.063963149674237,7.998170110000050,51.944478692000096,0,05221202711113202616
05,5,54,020,2022,11,13,6,3,5,2,0,0,1,0,1,0,0,366134.056944267009385,5787783.071978139691055,7.040138272000040,52.224184254000100,0,05221118705000021131
05,5,15,000,2022,11,16,2,3,5,3,0,1,1,0,0,0,0,408519.429641866008751,5753736.582442279905081,7.669585174000080,51.926832892999997,0,05221114702100065409
05,5,70,028,2022,11,09,1,2,5,3,0,0,1,0,0,0,0,442604.929999999003485,5744082.121999659575522,8.166828202000030,51.844596000000102,1,05221127711413080981
05,5,15,000,2022,11,16,4,3,1,5,2,1,1,0,0,0,0,405649.849044220987707,5755736.866313120350242,7.627316548000070,51.944333428000000,0,05221123702100696579
05,5,62,036,2022,11,15,7,3,0,7,0,1,1,0,0,0,0,384079.310430566023570,5719885.289442799985409,7.325596269000070,51.618043862000000,0,05221126701930449479
05,5,15,000,2022,11,13,5,2,2,6,0,1,1,0,0,0,0,407373.984999978973065,5758356.026999659836292,7.651686996000020,51.968165584000097,1,05221124702100068372
05,5,15,000,2022,12,07,5,3,0,7,1,1,0,0,0,0,0,405118.954999978013802,5756000.876999660395086,7.619522217000050,51.946616178000099,1,05221201702100064311
05,5,13,000,2022,11,18,1,3,2,2,2,0,1,0,0,0,0,363963.385999862977769,5715434.967999470420182,7.036929701000080,51.573550040999997,0,05221113700000995113
05,5,62,004,2022,11,12,7,1,9,6,0,0,1,0,1,0,0,381341.422345927974675,5713815.934840310364962,7.288120066000030,51.562924608000102,0,05221112701800763387
05,5,66,048,2022,11,10,7,3,5,3,0,0,1,0,0,0,0,425447.216999994008802,5790249.393999679945409,7.907728321000040,52.257578184000103,0,05221119709700091773
05,5,54,020,2022,11,11,3,2,8,1,0,1,0,0,0,0,0,364659.358971853973344,5786502.508851120248437,7.019074064000050,52.212317713000097,1,05221115705000996519
05,5,54,020,2022,11,23,4,3,9,6,2,0,1,0,0,0,0,363931.800944362999871,5788200.133256429806352,7.007749360000050,52.227392008999999,1,05221130705000447518
05,5,66,076,2022,11,13,5,3,6,4,0,0,1,1,0,0,0,393626.549563052016310,5793039.972603609785438,7.440803518000050,52.277425522999998,1,05221117709500992908
05,5,13,000,2022,11,15,3,3,6,4,0,0,1,1,0,0,0,366573.800895542022772,5705368.394330549985170,7.078389601000030,51.483709507000100,0,05221129700000167070
05,5,54,020,2022,11,17,3,3,5,2,2,1,1,0,0,0,0,365500.552999873005319,5783398.601999499835074,7.032610678000030,52.184633995000098,0,05221115705000181002
05,5,66,076,2022,11,07,4,3,0,1,2,0,0,0,1,0,0,391928.432567736017518,5793045.279023120179772,7.415921461000040,52.277142009000002,1,05221116709500624205
05,5,15,000,2022,11,08,6,3,0,3,0,1,0,0,0,0,0,406629.684999979974236,5758745.583999659866095,7.640749904000070,51.971542577999998,1,05221125702100096677
05,5,62,014,2022,11,12,4,3,5,3,0,1,1,0,0,0,0,362410.935999853012618,5712014.946999460458755,7.015879787000070,51.542440178000000,0,05221116701300481320
05,5,62,020,2022,11,10,1,3,1,1,0,1,1,0,0,0,0,370575.015999892028049,5718071.709999529644847,7.131310390000070,51.598802595999999,0,05221120701200881135
05,5,62,004,2022,11,15,2,3,2,6,0,0,1,0,0,0,0,384632.717999939981382,5716265.944999599829316,7.334776845000020,51.585627741000103,1,05221128701800385336
05,5,62,020,2022,11,10,3,3,5,3,0,0,0,0,1,1,0,373097.324999901000410,5713262.982999550178647,7.169445790000050,51.556160454000100,1,05221129701200585659
05,5,13,000,2022,11,20,7,3,5,3,2,0,1,0,0,0,0,366580.878107024007477,5713568.853554620407522,7.075386535000060,51.557405643000003,0,05221112700000095162
05,5,54,008,2022,11,20,6,3,5,2,2,1,1,0,0,0,0,336570.577999666973483,5745090.446998859755695,6.628073025000050,51.832693454999998,0,05221111705000095212
05,5,58,016,2022,11,07,2,3,5,3,2,1,1,0,0,0,0,381144.015999928989913,5744141.311999600380659,7.274938184000060,51.835428315999998,1,05221128706000039834
05,5,66,076,2022,11,19,5,3,4,1,2,1,1,0,0,0,0,396238.898646307992749,5786490.982281669974327,7.481091709000050,52.219066337000100,1,05221124709500211931
05,5,62,024,2022,11,19,1,3,5,3,2,0,1,0,0,0,0,370412.019999890995678,5727873.403999540023506,7.125328137000050,51.686850001000003,1,05221127701500362613
05,5,66,076,2022,12,07,5,3,5,3,0,1,1,0,0,0,0,392642.259880328027066,5793213.577406469732523,7.426326636000060,52.278794394999998,1,05221201709500992639
05,5,54,068,2022,11,13,6,3,7,1,0,1,0,0,0,0,0,350823.392596578982193,5767575.712942330166698,6.825012208000030,52.038702872999998,0,05221125705000992762
05,5,13,000,2022,11,18,3,3,2,7,2,0,1,0,1,0,0,370282.196564021985978,5708924.508226729929447,7.130459527000030,51.516530804000098,0,05221115700000994984
05,5,66,076,2022,11,08,2,3,0,1,0,1,0,0,0,0,0,393983.415999961027410,5793574.005999660119414,7.445864365000030,52.282293936000002,2,05221121709500251486
05,5,54,004,2022,11,16,3,3,9,6,2,0,1,0,0,0,0,363042.450998037005775,5771677.040202599950135,7.001398522000040,52.078707762000100,0,05221122705000391762
05,5,66,068,2022,11,14,7,2,5,3,0,0,1,0,1,0,0,374982.144999908981845,5786833.000999590381980,7.169955450000030,52.217726284000001,0,05221112709300678428
05,5,70,052,2022,12,13,7,3,5,3,0,1,1,0,0,0,0,429847.665234623011202,5756024.348510449752212,7.979236787000050,51.950495691000100,0,05221203711112693885
05,5,15,000,2022,11,13,5,3,0,3,0,1,1,0,0,0,0,401414.775714170013089,5753625.319895699620247,7.566326750000030,51.924619974999999,0,05221124702100992787
05,5,15,000,2022,11,15,3,3,5,2,0,1,1,0,0,0,0,406682.789999980013818,5754908.105999659746885,7.642564935000050,51.937058321999999,0,05221115702100076106
05,5,66,028,2022,11,07,2,3,0,7,2,1,0,0,0,0,0,412148.280999985989183,5794527.886999679729342,7.711820523000030,52.294071408000001,2,05221121709700992857
05,5,66,056,2022,11,07,2,3,0,1,0,1,0,0,0,0,0,417237.007383948017377,5797149.630281659774482,7.785773760000040,52.318427032000002,2,05221121709700972366
05,5,54,020,2022,12,12,6,3,0,3,0,1,1,0,0,0,0,364321.218161294003949,5786583.244439340196550,7.014095691000020,52.212959988000101,0,05221202705000981549
05,5,70,004,2022,11,15,4,3,0,1,0,0,0,0,1,0,0,423461.511999994982034,5733612.454999649897218,7.891294096000020,51.748181864000102,1,05221130711214476704
05,5,62,024,2022,11,12,7,2,5,3,0,0,1,0,1,0,0,372493.861359542992432,5723624.285899830050766,7.156978659000060,51.649140609000000,0,05221112701500276701
05,5,15,000,2022,11,19,7,3,6,2,2,0,1,1,0,0,0,398721.208661128999665,5753520.150930039584637,7.527200355000050,51.923191207000102,0,05221119702100464199
05,5,54,028,2022,11,14,3,3,0,7,0,0,0,0,0,0,1,357408.648890599026345,5743427.764001670293510,6.930962076000070,51.823462083000003,0,05221122705000495149
05,5,15,000,2022,11,15,2,3,5,3,0,1,1,0,0,0,0,411409.333999984024558,5760399.558999669738114,7.709883607000050,51.987192118000102,0,05221114702100096677
05,5,15,000,2022,11,09,5,3,3,2,0,1,1,0,0,0,0,405448.447999977972358,5758183.465999660082161,7.623714038000060,51.966290330000000,1,05221117702100276683
05,5,66,028,2022,12,12,6,2,0,7,0,1,0,1,0,0,0,410723.260081044980325,5791393.067211960442364,7.691761259000030,52.265665359000103,0,05221202709700496557
05,5,62,008,2022,11,17,4,3,1,5,2,1,1,0,0,0,0,381926.131585341005120,5721389.223536140285432,7.294002632000060,51.631112977999997,0,05221130701910567141
05,5,54,008,2022,11,10,2,3,5,2,0,1,1,0,0,0,0,336669.852999668975826,5745688.760998860001564,6.629230115000040,51.838097449000003,0,05221114705000591247
05,5,66,076,2022,11,15,2,3,7,1,0,0,1,0,0,0,0,393327.802454236021731,5793224.125806320458651,7.436368062000040,52.279022652999998,1,05221128709500379179
05,5,66,084,2022,11,16,6,3,1,5,1,1,1,0,0,0,0,390113.481355683994479,5775554.678881630301476,7.395003262000050,52.119592252000103,0,05221118709300065802
05,5,54,048,2022,11,12,5,3,5,3,0,1,1,0,0,0,0,341861.163999715994578,5744289.895999040454626,6.705155899000030,51.827024107000099,0,05221124705000076764
05,5,66,040,2022,11,13,6,3,5,3,0,1,1,0,0,0,0,420889.395999989996199,5782421.275999680161476,7.842796807000070,52.186576382000098,0,05221125709800992767
05,5,15,000,2022,11,15,2,3,5,3,0,1,1,0,0,0,0,405994.141999978979584,5753970.389999659731984,7.632806838000020,51.928513752000100,1,05221128702000496748
05,5,62,008,2022,11,15,1,3,5,3,0,0,1,0,0,0,0,386565.499999944993760,5724414.082999610342085,7.360023836000040,51.659254439999998,0,05221113701910074428
05,5,66,076,2022,11,15,1,3,1,6,0,0,1,0,0,0,0,392957.996902198006865,5793260.947312680073082,7.430937855000020,52.279281687999998,0,05221113709500038806
05,5,62,004,2022,11,09,3,3,5,3,0,0,1,0,0,0,0,384311.807999938027933,5711697.189999599941075,7.331650789000040,51.544498853000100,1,05221129701800575247
05,5,66,064,2022,11,16,6,3,4,2,0,1,1,0,0,0,0,394765.931929392972961,5771052.088122890330851,7.464320370000050,52.080030072000099,0,05221111709110696564
05,5,15,000,2022,11,18,3,3,6,2,0,0,1,1,0,0,0,404382.077745985996444,5755053.301269860006869,7.609067879000070,51.937972819999999,0,05221129702100452628
05,5,15,000,2022,11,15,2,3,0,5,0,1,1,0,0,0,0,400810.790999972028658,5761423.229999659582973,7.555294628000070,51.994601589000098,0,05221114702100470511
05,5,54,068,2022,11,18,6,3,1,6,2,0,1,0,0,0,0,351553.959911011974327,5767154.775323850102723,6.835838315000050,52.035117028000101,0,05221125705000091207
05,5,70,004,2022,11,15,6,3,0,1,0,1,0,0,0,0,0,423275.755003197002225,5734558.281338170170784,7.888395101000070,51.756659098000100,0,05221111711215087237
05,5,66,084,2022,11,07,2,3,0,1,2,1,0,0,0,0,1,389866.217428871023003,5776140.047214039601386,7.391203816000030,52.124803886000102,2,05221121709300679125
05,5,66,084,2022,12,00,6,3,9,1,2,0,1,0,0,0,0,385383.485844480979722,5779307.778983299620450,7.324683311000060,52.152360661000003,0,05221202709300491742
05,5,62,012,2022,11,15,6,3,5,3,0,0,1,0,0,0,0,362235.336999853025191,5730166.256999449804425,7.006210277000040,51.705506964999998,1,05221118701620820372
05,5,66,076,2022,11,06,6,2,5,3,2,1,1,0,0,0,0,393848.733194132975768,5796479.665745929814875,7.442975123000050,52.308381643000097,0,05221111709500993005
05,5,15,000,2022,12,16,5,3,5,1,0,1,0,0,0,0,0,407886.380999981018249,5758195.781999659724534,7.659186479000030,51.966810365000100,0,05221201702100087866
05,5,62,020,2022,11,06,5,2,6,4,2,0,1,1,0,0,0,370659.343999892007560,5719630.151999539695680,7.131952395000040,51.612827347000099,1,05221117701200195135
05,5,66,052,2022,11,08,3,3,1,5,0,1,1,0,0,0,0,378216.220397078024689,5778770.533132219687104,7.220167158000040,52.145998679000101,0,05221115709000342520
05,5,66,028,2022,11,08,2,3,0,1,1,1,0,0,0,0,0,408748.251550138986204,5792915.304084939882159,7.662416612000070,52.279023204000097,2,05221121709700072374
05,5,54,008,2022,11,07,3,3,5,3,1,1,1,0,0,0,0,335609.338999658008106,5747499.011998820118606,6.612990399000070,51.854048499999998,1,05221122705000992841
05,5,66,056,2022,11,00,1,3,5,3,2,0,1,0,0,0,0,417344.555999990028795,5797239.328999689780176,7.787329194000050,52.319249490000097,0,05221120709700345589
05,5,70,028,2022,11,18,2,3,5,3,2,0,1,0,0,0,0,441773.261999998008832,5744201.887999660335481,8.154736588000050,51.845586601000001,0,05221114711413887326
05,5,66,008,2022,11,16,6,3,5,3,1,1,1,0,0,0,0,399030.840999968990218,5781588.218999659642577,7.523407883000060,52.175520749000000,0,05221111709110196847
05,5,62,024,2022,11,09,7,3,0,1,0,0,0,0,1,0,0,369255.689589767018333,5726150.907636379823089,7.109254959000050,51.671102638999997,1,05221126701500380935