ULAND,UREGBEZ,UKREIS,UGEMEINDE,UJAHR,UMONAT,USTUNDE,UWOCHENTAG,UKATEGORIE,UART,UTYP1,ULICHTVERH,IstRad,IstPKW,IstFuss,IstKrad,IstGkfz,IstSonstige,LINREFX,LINREFY,XGCSWGS84,YGCSWGS84,STRZUSTAND,UIDENTSTLAE
05,5,70,052,2022,11,16,2,3,8,1,2,0,1,0,0,0,0,425442.619999994989485,5745802.895999659784138,7.917363963000070,51.858036926000104,1,05221128711114087309
05,5,13,000,2022,11,18,3,3,5,3,2,0,1,0,0,0,1,367932.160849936015438,5709122.730573169887066,7.096535601000030,51.517767665000100,0,05221129700000886165
05,5,70,028,2022,11,17,4,3,5,2,1,0,1,0,0,0,0,440241.634000000020023,5742122.742999659851193,8.132864165000059,51.826732865000103,0,05221116711412581044
05,5,15,000,2022,11,07,2,3,6,4,1,0,1,1,0,0,0,403805.151999976020306,5761690.659999660216272,7.598818565000040,51.997532093000103,1,05221128702100874709
05,5,54,012,2022,11,07,4,3,5,3,0,1,1,0,0,0,0,351710.356999790004920,5746075.168999290093780,6.847205635000020,51.845765538000101,1,05221116705000191795
05,5,66,028,2022,11,09,3,3,0,2,0,0,1,0,0,0,0,412520.479999986011535,5792653.010999679565430,7.717763280000040,52.277278914000100,1,05221129709700992700
05,5,54,048,2022,12,09,5,3,5,6,0,1,1,0,0,0,0,342053.637999719008803,5745198.938999050296843,6.707531760000050,51.835245407000102,0,05221201705000595212
05,5,66,008,2022,11,08,2,3,0,7,0,1,0,0,0,0,0,400710.290949795977212,5780521.231189359910786,7.548272096000060,52.166235653999998,1,05221128709110170630
05,5,66,084,2022,11,13,3,3,5,3,0,1,1,0,0,0,0,390357.605395714985207,5776565.955287850461900,7.398241527000040,52.128729315999998,0,05221122709300396690
05,5,66,040,2022,11,19,6,3,6,1,2,0,1,1,0,0,0,420101.929999988991767,5783562.933999679982662,7.831011436000040,52.196724989000103,0,05221125709800002638
05,5,62,014,2022,11,06,3,2,5,3,2,0,1,0,0,0,0,358922.088999834028073,5713434.836999409832060,6.965032779000070,51.554338001000097,1,05221122701300765866
05,5,70,052,2022,11,15,2,3,5,2,0,1,1,0,0,0,0,430747.309993834001943,5757714.207255640067160,7.991984344000060,51.965799644000100,0,05221114711111602616
05,5,54,020,2022,11,19,1,3,3,6,2,0,1,0,0,0,0,366236.979999875999056,5785400.266999510116875,7.042585813000070,52.202798856000101,1,05221127705000818559
05,5,66,012,2022,11,09,7,2,5,3,0,1,1,0,0,0,0,400814.729999972973019,5776347.024999669753015,7.551017127000020,52.128737284000103,0,05221112709110393606
05,5,58,016,2022,11,15,3,3,0,7,0,1,0,0,0,0,0,381959.243893825972918,5743549.414266180247068,7.286966476000030,51.830281711000097,0,05221129706000296668
05,5,15,000,2022,11,02,1,3,1,5,2,1,1,0,0,0,0,406265.932353930023964,5758606.884962679818273,7.635494022000050,51.970234660000102,0,05221113702100174776
05,5,54,004,2022,11,06,6,3,5,3,2,0,1,0,0,0,0,357155.676416977017652,5777881.542116589844227,6.912952101000030,52.132966844000102,1,05221118705000091707
05,5,54,008,2022,11,07,3,2,3,6,0,1,0,0,0,0,0,336289.989684176980518,5745838.694074870087206,6.623650489000060,51.839333152999998,1,05221129705000380892
05,5,15,000,2022,11,06,2,2,6,4,2,0,1,1,0,0,0,403865.598046500992496,5761637.230186520144343,7.599713729000030,51.997062320000097,1,05221114702100057476
05,5,13,000,2022,11,08,6,3,5,3,0,0,1,0,0,0,0,364320.903999864996877,5713129.092999479733407,7.042975647000050,51.552914731000001,1,05221125700000073457
05,5,15,000,2022,11,01,1,3,5,3,2,1,1,0,0,0,0,405853.456999977992382,5754438.165999660268426,7.630633397000050,51.932694578000103,1,05221127702100776106
05,5,70,052,2022,11,14,3,3,5,3,0,1,0,0,0,1,0,429954.648999996017665,5756400.297999669797719,7.980716575000030,51.953888812999999,0,05221115711111181091
05,5,12,000,2022,11,13,4,3,2,2,0,1,1,0,0,0,0,359747.871851678006351,5711786.079262220300734,6.977593439000030,51.539728083000099,0,05221123701400195026
05,5,62,028,2022,12,16,5,3,5,3,2,1,1,0,0,0,0,379702.552015243971255,5721737.944482740014791,7.261771061000050,51.633776006000097,0,05221201701920992631
05,5,54,068,2022,11,06,5,3,5,3,1,1,1,0,0,0,0,350629.124324874021113,5767447.141976320184767,6.822238156000030,52.037495443000097,1,05221124705000195869
05,5,54,004,2022,11,07,3,3,5,3,0,1,1,0,0,0,0,364300.717999865999445,5771975.777999489568174,7.019629468000060,52.081701864000102,1,05221122705000691207
05,5,13,000,2022,11,14,7,3,5,3,0,0,1,0,0,0,1,368704.614999884972349,5708322.654999510385096,7.107960264000040,51.510757615999999,0,05221112700000375758
05,5,15,000,2022,11,09,3,3,1,5,0,1,1,0,0,0,0,406042.704254231997766,5758035.667139559984207,7.632401761000040,51.965062609000000,0,05221115702100072433
05,5,66,080,2022,11,13,4,3,5,3,0,0,1,0,0,0,0,405852.135999978985637,5781212.271999670192599,7.623235805000040,52.173347866000000,0,05221116709110496847
05,5,15,000,2022,11,12,4,3,0,7,0,1,0,1,0,0,0,406835.028904479986522,5751808.692124330438673,7.645617648000040,51.909224562000098,0,05221130702100992673
05,5,62,014,2022,11,21,7,3,6,4,2,0,1,1,0,0,0,360496.785999842977617,5715574.990999430418015,6.986882304000060,51.573961171000100,0,05221119701300981320
05,5,12,000,2022,12,10,7,3,5,2,0,0,0,0,1,0,1,356475.311999819998164,5711759.712999380193651,6.930447303000050,51.538668546000103,0,05221203701400694960
05,5,70,004,2022,11,13,6,3,0,1,0,0,0,0,1,0,0,422816.725629073975142,5735262.679438089951873,7.881589449000050,51.762928291000001,1,05221118711215087303
05,5,66,076,2022,11,17,4,3,6,7,2,0,1,1,0,0,0,394250.313504878024105,5795015.773308030329645,7.449322901000070,52.295302832000097,0,05221116709500296634
05,5,70,004,2022,11,08,6,3,5,3,1,0,1,0,0,0,0,423987.643999993975740,5735797.177999650128186,7.898436072000040,51.767893432999998,1,05221125711211879822
05,5,70,052,2022,11,11,7,3,5,2,0,0,1,0,0,0,0,429638.088607575977221,5751965.937179350294173,7.977017848000060,51.913985613000101,0,05221119711114991829
05,5,13,000,2022,11,15,7,3,6,4,0,0,1,1,0,0,0,367660.030257012986112,5706767.964293800294399,7.093499466000030,51.496542323000000,0,05221119700000795009
05,5,66,060,2022,11,16,5,3,5,3,1,1,1,0,0,0,0,388798.487999951001257,5789126.618999649770558,7.371354462000060,52.241301112000002,0,05221117709500196541
05,5,66,012,2022,11,14,7,3,2,6,0,0,1,0,0,0,0,404988.003999975975603,5772378.891999670304358,7.613071408000050,52.093804333999998,0,05221126709110256195
05,5,66,076,2022,11,07,5,3,0,7,2,1,0,0,0,0,0,393760.939999961003195,5794583.210999660193920,7.442286177000030,52.291320900000102,1,05221117709500296578
05,5,15,000,2022,11,14,4,3,5,2,0,0,1,0,0,0,0,404457.376999976986554,5760772.913999659940600,7.608571651000030,51.989395713000100,1,05221123702100168372
05,5,66,084,2022,11,10,6,3,5,3,0,1,1,0,0,0,0,390433.915999952994753,5775798.094999640248716,7.399603163000050,52.121843493000000,0,05221111709300574741
05,5,13,000,2022,12,08,5,3,2,2,0,0,1,0,0,0,0,364793.257999865978491,5715621.831999479793012,7.048825711000060,51.575428911000103,0,05221201700000395086
05,5,70,036,2022,11,22,2,2,5,3,2,0,1,0,1,0,0,433375.481663002981804,5766945.546190570108593,8.028437415000040,52.049107415999998,1,05221128711121591829
05,5,15,000,2022,11,16,6,3,0,1,0,1,0,0,0,0,0,404961.423999977996573,5756265.214999659918249,7.617157846000050,51.948965267000098,1,05221118702100974469
05,5,58,004,2022,11,09,1,3,3,6,1,1,1,0,0,0,0,404445.669372209988069,5738522.652223399840295,7.614565524000060,51.789397537000099,0,05221113706300094281
05,5,54,032,2022,12,19,7,3,1,5,2,1,1,0,0,0,0,325118.416003699006978,5745382.559850010089576,6.461885137000020,51.831849787000102,0,05221203705000992604
05,5,66,076,2022,12,10,6,3,0,7,0,1,0,0,0,0,0,395504.480312427971512,5795794.302674460224807,7.467464831000030,52.302539676000002,0,05221202709500976632
05,5,15,000,2022,11,12,3,3,5,3,0,0,1,0,0,0,0,402195.015999973984435,5758198.571999659761786,7.576368538000050,51.965863208000002,0,05221122702100372433
05,5,15,000,2022,11,13,6,3,0,1,0,1,0,0,0,0,0,409220.580999982019421,5754283.016999660059810,7.679635025000040,51.931859401000096,1,05221118702100370512
05,5,13,000,2022,11,06,5,3,5,3,2,0,1,0,0,0,1,366423.495999874023255,5708901.415999500080943,7.074888555000030,51.515424064000101,1,05221124700000691624
05,5,54,008,2022,11,08,4,3,5,3,0,1,1,0,0,0,0,335171.756999654986430,5746229.724998800083995,6.607247575000030,51.842517019000098,1,05221123705000895195
05,5,66,068,2022,11,07,3,3,0,3,2,1,1,0,0,0,0,376350.438052948971745,5786007.392822279594839,7.190275618000040,52.210616048000098,0,05221115709300196690
05,5,54,020,2022,11,14,2,3,5,2,0,1,1,0,0,0,0,365934.097999873978551,5785982.463999509811401,7.037925929000040,52.207956531000001,1,05221128705000947518
05,5,66,008,2022,11,09,6,3,5,3,0,0,1,0,0,0,0,398829.105999969004188,5780887.399999660439789,7.520667719000070,52.169185046999999,0,05221118709110596565
05,5,70,044,2022,11,09,4,3,5,3,0,1,1,0,0,0,0,416000.164658056979533,5759878.531122730113566,7.776849029000060,51.983221866000100,1,05221123711142051245
05,5,54,012,2022,12,15,3,3,5,3,0,1,1,0,0,0,0,353301.537999800988473,5746565.567999330349267,6.870080217000070,51.850592099000004,1,05221220705000691746
05,5,66,076,2022,12,05,5,3,5,3,2,1,1,0,0,0,0,395155.130999962973874,5794202.646999659948051,7.462838669000060,52.288168466000101,0,05221215709500479091
05,5,54,016,2022,12,09,2,3,5,3,0,1,0,0,0,0,0,362993.224999857018702,5757309.032999469898641,7.006429122000040,51.949592228000000,1,05221205705000047427
05,5,62,036,2022,12,22,1,3,1,1,2,0,1,0,0,0,0,390228.330921543005388,5720937.200821880251169,7.414047800000050,51.628731382000097,2,05221218701930970551
05,5,62,014,2022,12,13,3,3,5,3,0,1,1,0,0,0,0,360460.640032493975013,5714933.241267159581184,6.986615911000060,51.568185423000003,1,05221220701300595026
05,5,54,008,2022,12,12,4,3,6,4,0,0,1,1,0,0,0,336009.643908008001745,5745368.466081010177732,6.619807754000020,51.835026638999999,0,05221221705000085645
05,5,66,076,2022,12,14,7,3,5,2,0,1,1,0,0,0,0,393900.121269362978637,5792378.355466620065272,7.445020005000060,52.271532290000003,0,05221217709500596558
05,5,54,052,2022,12,10,4,3,0,7,0,1,1,0,0,0,0,379252.241960011015180,5772966.168739450164139,7.237359904000070,52.094065150000098,0,05221207705000821168
05,5,13,000,2022,12,18,4,3,6,2,2,0,1,1,0,0,0,364982.404531744017731,5715991.009694560430944,7.051411675000050,51.578791825000103,1,05221228700000990481
05,5,66,012,2022,12,08,6,3,5,3,0,1,1,0,0,0,0,405955.020339717972092,5771689.110183159820735,7.627373228000070,52.087769606000101,0,05221216709110596546
05,5,66,084,2022,12,21,4,3,5,3,2,0,1,0,0,0,0,385399.509999941976275,5779570.417999629862607,7.324828808000060,52.154724291000001,1,05221221709000321108
05,5,54,008,2022,12,23,7,3,8,7,2,1,0,0,0,0,0,335625.105053669016343,5745822.032789140008390,6.614016218000070,51.838988186000101,0,05221210705000096107
05,5,54,004,2022,12,20,4,2,6,1,2,1,0,1,0,0,0,357515.385609577002469,5776447.068666709586978,6.918804703000030,52.120171211000098,1,05221228705000802662
05,5,70,052,2022,12,13,3,3,2,6,0,0,1,0,0,0,0,430033.429635182023048,5756560.356869390234351,7.981830183000060,51.955337597000003,1,05221206711111491829
05,5,58,032,2022,12,12,2,3,6,7,0,0,1,1,0,0,0,387342.444999948027544,5754353.696999629959464,7.361526554000020,51.928496506999998,1,05221205706200774763
05,5,12,000,2022,12,08,2,3,0,1,1,1,0,0,0,0,0,358092.322999827971216,5710612.863999400287867,6.954209889000030,51.528771861000102,2,05221212701400891627
05,5,58,024,2022,12,02,1,2,7,7,2,1,1,0,0,0,0,393104.448403958987910,5736727.087895089760423,7.450744476000070,51.771206886000101,2,05221211706300496684
05,5,62,024,2022,12,05,2,3,0,1,2,0,0,0,1,0,0,372532.891526573977899,5724121.613468780182302,7.157361233000070,51.653618863000098,2,05221219701500189524
05,5,54,008,2022,12,20,5,3,6,4,2,1,0,1,0,0,0,335378.985738425981253,5745843.742683749645948,6.610436694000040,51.839110722999997,1,05221215705000591855
05,5,54,020,2022,12,17,2,3,5,3,2,0,1,0,0,0,0,365093.682999870972708,5783519.013999500311911,7.026615097000050,52.185616578000101,1,05221205705000320728
05,5,54,008,2022,12,14,5,2,0,3,0,1,1,0,0,0,0,335136.121999654977117,5747318.033998800441623,6.606211900000060,51.852283151000101,0,05221215705000091775
05,5,62,024,2022,12,13,2,3,2,6,0,0,1,0,0,0,0,368865.168999883986544,5725925.521999520249665,7.103695419000080,51.668986185000101,1,05221205701500295064
05,5,66,052,2022,12,09,6,3,5,3,0,0,1,0,0,0,0,377881.475573523028288,5778308.686290049925447,7.215443485000040,52.141774444000099,0,05221209709300312304
05,5,58,012,2022,12,10,7,3,3,6,0,1,1,0,0,0,0,372863.714219252986368,5756709.979018850252032,7.150191077000040,51.946552576000002,2,05221217706200979103
05,5,54,048,2022,12,15,4,2,2,6,0,1,1,0,0,0,0,341128.328438898024615,5745676.054129210300744,6.693894244000030,51.839269355000098,0,05221207705000091732
05,5,62,014,2022,12,06,6,3,5,3,2,1,1,0,0,0,0,363173.217999858024996,5712741.830999470315874,7.026582677000020,51.549157504999997,2,05221216701300094967
05,5,54,012,2022,12,11,5,3,5,3,0,0,1,0,0,0,0,353562.704999802983366,5746191.457999330013990,6.874027736000070,51.847299292000102,0,05221222705000581028
05,5,54,012,2022,12,12,3,3,5,3,0,1,1,0,0,0,0,352834.850999797985423,5747801.713999319821596,6.862783088000070,51.861575938999998,0,05221213705000681028
05,5,62,008,2022,12,12,7,3,0,7,0,0,0,0,0,0,1,385179.535999941988848,5723606.814999610185623,7.340260417000020,51.651717509999997,0,05221210701910874428
05,5,58,016,2022,12,00,3,3,0,1,0,1,0,0,0,0,0,382127.987211851985194,5742792.854184160009027,7.289671745000020,51.823517975000101,0,05221220706000427034
05,5,62,012,2022,12,18,4,3,5,2,2,0,1,0,0,0,0,365038.000999867974315,5732774.115999490022659,7.045735692000050,51.729622708000100,1,05221221701620992349
05,5,66,076,2022,12,14,4,3,5,3,0,1,1,0,0,0,0,393694.929999960004352,5795387.033999660052359,7.441065032000040,52.298532232000099,1,05221214709500374669
05,5,54,008,2022,12,10,2,3,5,3,0,1,1,0,0,0,0,337122.667999672004953,5745619.113998879678547,6.635829555000040,51.837604009000103,0,05221212705000586931
05,5,13,000,2022,12,13,5,3,5,3,0,1,1,0,0,0,0,367069.820994866022374,5713877.676820360124111,7.082318674000020,51.560296346000001,0,05221229700000081488
05,5,15,000,2022,12,19,2,3,0,7,2,0,1,1,0,0,0,405802.995521806995384,5757458.399572829715908,7.629072078000040,51.959833308000000,1,05221212702100294894
05,5,54,008,2022,12,09,2,3,2,6,0,0,1,0,0,0,0,335726.121999660972506,5745359.726998819969594,6.615700646000050,51.834864822000000,2,05221219705000295948
05,5,62,032,2022,12,18,6,2,6,4,2,0,1,1,0,0,0,375658.018870319006965,5719896.189333300106227,7.204014153000060,51.616344517000101,1,05221230701110857479
05,5,62,024,2022,12,19,5,3,6,2,2,0,1,1,0,0,0,368859.361999884014949,5725027.848999519832432,7.103948375000070,51.660917851000100,1,05221222701500385375
05,5,13,000,2022,12,18,3,3,3,6,2,0,1,0,0,1,0,368159.898157695017289,5708453.945164630189538,7.100066127000050,51.511810651000097,1,05221220700000396629
05,5,70,004,2022,12,11,3,3,2,6,0,1,1,0,0,0,0,423846.744658784999046,5735370.789332480169833,7.896488055000020,51.764041200000101,1,05221206711216987237
05,5,62,014,2022,12,14,6,3,1,1,0,1,1,0,0,0,0,360055.116940226987936,5715151.281995589844882,6.980681773000070,51.570044247000098,1,05221223701300694971
05,5,58,016,2022,12,17,4,3,5,3,2,0,1,0,0,0,0,382030.774999933026265,5743429.615999599918723,7.288044883000050,51.829220169999999,0,05221207706100595146
05,5,66,008,2022,12,17,5,3,0,1,2,1,0,0,0,0,0,398987.768426924012601,5782332.295772359706461,7.522556590000020,52.182200398000099,0,05221215709110742437
05,5,62,014,2022,12,07,4,3,5,3,2,1,0,0,0,0,1,361665.145857102004811,5716519.970222369767725,7.003359180000070,51.582740790000102,0,05221221701300046941
05,5,15,000,2022,12,07,4,2,2,7,2,0,1,0,0,0,1,406528.044145208026748,5756604.386706899851561,7.639853433000040,51.952279384000100,1,05221207702100942494
05,5,54,012,2022,12,16,2,3,5,3,1,0,1,0,0,0,0,352492.953999796009157,5753133.960999310016632,6.855541918000030,51.909395044000100,0,05221219705000847429
05,5,66,008,2022,12,10,5,3,5,3,0,1,1,0,0,0,0,399630.190930735028815,5781487.935162889771163,7.532199438000020,52.174728780000102,0,05221215709000992452
05,5,15,000,2022,12,12,6,3,0,4,0,1,0,1,0,0,0,405718.866504820005503,5757889.444578059948981,7.627729734000070,51.963693469000098,0,05221209702100079097
05,5,66,076,2022,12,16,4,3,0,1,2,1,0,0,0,0,0,393484.142077722004615,5794711.847537459805608,7.438188635000070,52.292423389000099,1,05221221709500951486
05,5,58,028,2022,12,16,6,3,5,3,1,1,1,0,0,0,0,398013.251999970001634,5733320.929999640211463,7.522861904000020,51.741507064000103,1,05221223706000476729
05,5,54,012,2022,12,07,2,3,5,3,0,1,1,0,0,0,0,351599.763999790011439,5745008.790999289602041,6.846058809000060,51.836154916000098,2,05221219705000528447
05,5,62,016,2022,12,23,2,2,8,1,2,1,0,0,0,0,0,376234.275621685024817,5735241.288042900152504,7.206891776000020,51.754378660000000,0,05221226701700685352
05,5,62,004,2022,12,15,3,3,0,7,0,0,1,1,0,0,1,383210.642430104024243,5712083.752451729960740,7.315649822000070,51.547746373999999,1,05221206701800189641
05,5,54,008,2022,12,12,5,3,3,6,0,1,1,0,0,0,0,336275.896999665012117,5745749.585998849943280,6.623488284000080,51.838528523000001,1,05221222705000695948
05,5,13,000,2022,12,12,2,3,9,7,0,0,1,0,0,0,0,368452.906055313011166,5706222.991490660235286,7.105118100000030,51.491829810000098,1,05221226700000095993
05,5,62,032,2022,12,00,1,3,6,7,2,0,1,1,0,0,0,379344.020260530989617,5719079.971614059992135,7.257508531000040,51.609811020000102,0,05221225701110385385
05,5,13,000,2022,12,14,2,3,6,2,0,0,1,1,0,0,0,368373.703999881981872,5709636.670999510213733,7.102703731000080,51.522489383999996,1,05221205700000480343
05,5,54,004,2022,12,08,2,3,0,1,0,1,0,0,0,0,0,357276.728263370983768,5777327.351823369972408,6.914952023000070,52.128018832000102,2,05221219705000896575
05,5,13,000,2022,12,17,4,3,5,3,2,1,1,0,0,0,0,364935.287999866995960,5716171.237999480217695,7.050662791000040,51.580400140000101,1,05221228700000596562
05,5,13,000,2022,12,15,1,3,2,7,0,0,1,0,0,0,0,363227.247999857005198,5717136.219999469816685,7.025651024000070,51.588659828000097,0,05221218700000089238
05,5,66,008,2022,12,11,4,2,6,2,0,0,1,1,0,0,0,399756.042999971017707,5781054.819999669678509,7.534167210000020,52.170858929000097,1,05221221709110065802
05,5,70,052,2022,12,13,6,3,5,3,0,1,1,0,0,0,0,430256.035228793974966,5756281.030612469650805,7.985125738000020,51.952854525000099,1,05221223711111591695
05,5,62,014,2022,12,14,2,3,2,6,0,0,1,0,0,0,1,358916.845877580984961,5713210.860269829630852,6.965047045000060,51.552324042000102,1,05221219701300995026
05,5,54,004,2022,12,07,3,3,0,7,2,1,0,0,0,0,1,363790.834493444010150,5772178.128416859544814,7.012112350000050,52.083394857000002,0,05221220705000591707
05,5,70,004,2022,12,14,2,3,0,1,0,1,0,0,0,0,0,423184.244999993010424,5734938.027999649755657,7.886985609000020,51.760060336999999,2,05221205711215002938
05,5,66,076,2022,12,07,4,3,5,3,2,1,1,0,0,0,0,391763.960807693016250,5791988.320676339790225,7.413850854000030,52.267610670000103,1,05221221709500455136
05,5,66,068,2022,12,18,3,3,0,7,2,0,1,0,0,0,0,376104.767514701001346,5786078.139369119890034,7.186656062000050,52.211196608000101,1,05221206709300412304
05,5,54,008,2022,12,10,3,3,0,2,0,1,1,0,0,0,0,336585.040999668010045,5745699.891998860053718,6.627994933000020,51.838172636000103,2,05221213705000992483
05,5,70,044,2022,12,19,3,3,1,1,2,0,1,0,0,0,0,416214.609506401000544,5759689.904676290228963,7.780016940000050,51.981558696000000,0,05221227711142096661
05,5,62,024,2022,12,10,2,3,0,7,0,0,0,0,0,0,1,369680.493342551984824,5724158.695027040317655,7.116137470000070,51.653298098999997,0,05221212701500481147
05,5,54,004,2022,12,10,2,3,9,1,0,1,0,0,0,0,0,364198.155447245982941,5772575.070140910334885,7.017895022000060,52.087061623000103,1,05221226705000242405
05,5,13,000,2022,12,07,5,3,6,2,2,0,1,1,0,0,0,367720.615999880013987,5709141.678999509662390,7.093481355000050,51.517888450999997,1,05221222700000657809
05,5,13,000,2022,12,20,3,3,6,2,2,0,1,1,0,0,0,368258.242678127018735,5708260.337163539603353,7.101554866000070,51.510093680000097,1,05221220700000120537
05,5,54,008,2022,12,12,4,3,5,3,0,1,1,0,0,0,0,337388.110999675001949,5744928.057998890057206,6.640003665000050,51.831473199000101,1,05221221705000095212
05,5,54,008,2022,12,11,4,3,0,3,0,1,1,0,0,0,0,335614.332240173011087,5747518.285945019684732,6.613053669000070,51.854223115000103,2,05221214705000572450
05,5,54,008,2022,12,18,6,2,0,1,2,1,0,0,0,0,0,337380.458037009986583,5746742.761638679541647,6.639039680000050,51.847773484000101,1,05221223705000572471
05,5,62,014,2022,12,07,5,3,6,2,1,0,1,1,0,0,0,360226.729999841016252,5715687.441999429836869,6.982943082000080,51.574904770000003,0,05221208701300051211
05,5,54,056,2022,12,20,5,3,1,1,2,0,1,0,1,0,0,357928.653731569007505,5762601.311192619614303,6.930595745000060,51.995873655000103,2,05221215705000992442
05,5,70,008,2022,12,22,6,3,8,1,2,0,1,0,0,0,0,432775.113465967006050,5738725.618868759833276,8.025194845000041,51.795344313000001,1,05221209711313096537
05,5,70,004,2022,12,15,4,3,2,2,0,0,1,0,0,0,0,424044.863157897023484,5735225.920861500315368,7.899390024000070,51.762765793000000,1,05221221711213987086
05,5,15,000,2022,12,08,6,3,5,3,2,1,1,0,0,0,0,405662.922851624025498,5751420.208640700206161,7.628689805000020,51.905535393000001,1,05221216702100476106
05,5,62,024,2022,12,18,5,3,1,5,2,1,1,0,0,0,0,370063.049792615987826,5725919.678807930089533,7.121009733000050,51.669211983000103,1,05221208701500765815
05,5,70,028,2022,12,15,5,3,6,6,0,1,0,1,0,0,0,440965.491815883025993,5742022.599960650317371,8.143383654000051,51.825909521000000,0,05221215711412554394
05,5,70,004,2022,12,15,3,3,5,3,0,0,1,0,0,0,1,423099.364999993995298,5735260.376999650150537,7.885684658000060,51.762946483000100,0,05221227711216865767
05,5,13,000,2022,12,10,1,3,5,3,0,0,1,0,1,0,0,368319.439253824006300,5708135.478466389700770,7.102482840000050,51.508985868000103,1,05221225700000095168
05,5,15,000,2022,12,12,7,3,1,5,0,0,1,0,0,0,1,405881.255999978980981,5757534.376999660395086,7.630189899000070,51.960529479999998,1,05221231702100079097
05,5,54,008,2022,12,07,5,3,0,5,2,1,1,0,0,0,0,332915.646649744012393,5743368.332013330422342,6.575908979000080,51.816142190000100,1,05221222705000980892
05,5,54,008,2022,12,17,1,3,0,5,2,1,1,0,0,0,0,335816.891507802996784,5745832.869208849966526,6.616792351000070,51.839141947000002,0,05221204705000080974
05,5,66,072,2022,12,15,4,2,0,7,0,1,0,0,0,0,0,413024.956566128006671,5802882.651172510348260,7.722509938000030,52.369305328000102,1,05221228709700072366
05,5,54,036,2022,12,11,3,3,1,1,0,0,1,0,0,0,0,369942.629999889992177,5766157.465999539941549,7.104131853000070,52.030773023000101,2,05221213705000795869
05,5,54,008,2022,12,12,6,3,1,5,0,1,1,0,0,0,0,337123.547999672999140,5745482.742998880334198,6.635906510000040,51.836379170000001,0,05221230705000676764
05,5,62,024,2022,12,13,5,3,2,6,0,0,1,0,0,0,0,368969.356999884999823,5725232.531999520026147,7.105461027000050,51.662782903000000,1,05221222701500485375
05,5,54,008,2022,12,13,3,3,9,1,0,1,0,0,0,0,0,338672.417667458008509,5746300.849262080155313,6.657985914000050,51.844178298000003,1,05221220705000282335
05,5,66,076,2022,12,07,2,3,4,2,2,0,1,0,0,0,0,392063.488052005995996,5793039.179872400127351,7.417902195000070,52.277113729000099,1,05221205709500064315
05,5,15,000,2022,12,16,7,3,0,2,0,1,1,0,0,0,0,407925.166999981971458,5758290.443999660201371,7.659725499000050,51.967667665000100,0,05221217702100074776
05,5,54,008,2022,12,18,4,3,3,6,2,0,1,0,0,0,0,335987.893999661027920,5745332.325998829677701,6.619509494000060,51.834695590000102,1,05221207705000017282
05,5,15,000,2022,12,12,6,3,3,6,0,0,1,0,0,0,1,406263.304999977000989,5757497.584999660030007,7.635758597000060,51.960263318000003,1,05221223702100591805
05,5,58,012,2022,12,12,1,3,0,5,0,0,1,0,0,0,0,374679.940196949988604,5755857.525302150286734,7.176912941000070,51.939304121000099,1,05221225706000496668
05,5,15,000,2022,12,23,4,3,6,4,2,0,1,1,0,0,0,406121.622878170979675,5757022.424153280444443,7.633827041000070,51.955968446999997,0,05221221702100991660
05,5,70,004,2022,12,17,4,3,5,3,2,1,0,0,0,0,1,423289.196999993000645,5734577.970999659970403,7.888585468000030,51.756837942000097,0,05221207711215089447
05,5,66,076,2022,12,12,5,3,0,2,0,1,0,0,0,0,0,393534.361999962013215,5793269.067999660037458,7.439380461000040,52.279466602000099,1,05221208709500379091
05,5,54,020,2022,12,18,7,3,2,6,2,0,1,0,0,0,0,363733.562999863002915,5786415.925999480299652,7.005567284000050,52.211311594999998,1,05221210705000781393
05,5,62,014,2022,12,21,4,2,1,7,2,0,1,0,0,0,0,361518.803294443991035,5716290.344046389684081,7.001338904000020,51.580641401000001,1,05221228701300894967
05,5,54,008,2022,12,18,4,3,6,2,2,0,1,1,0,0,0,335716.049794849997852,5745059.761909590102732,6.615696986000050,51.832167147000099,1,05221207705000551344
05,5,66,008,2022,12,13,6,3,6,3,0,0,1,1,0,0,0,399715.902752151014283,5781451.719447590410709,7.533463142000070,52.174418867000000,0,05221216709110370630
05,5,58,016,2022,12,20,1,3,2,6,2,0,1,0,0,0,0,381623.473999931011349,5743250.291999599896371,7.282198368000020,51.827522393999999,1,05221211706100096581
05,5,54,012,2022,12,19,3,2,0,1,2,0,0,0,0,0,1,352689.796031003992539,5745867.837879099883139,6.861502225000040,51.844161954000100,0,05221206705000628447
05,5,66,076,2022,12,16,5,2,4,1,0,1,0,0,0,0,0,395312.983060654019937,5793720.931687390431762,7.465301712000040,52.283869244000101,0,05221222709500220043
05,5,58,040,2022,12,08,3,3,5,3,2,1,1,0,0,0,0,376963.805024782021064,5764425.707010350190103,7.207047519000070,52.016812561000101,1,05221220706000496581
05,5,58,044,2022,12,17,5,3,0,7,1,1,0,1,0,0,0,394664.092999961983878,5746545.011999639682472,7.470354385000060,51.859746448000102,0,05221215706300096538
05,5,13,000,2022,12,17,2,3,5,3,2,0,1,0,0,0,0,366820.223999875015579,5709118.279999500140548,7.080520819000070,51.517466610000000,1,05221219700000195203