ULAND,UREGBEZ,UKREIS,UGEMEINDE,UJAHR,UMONAT,USTUNDE,UWOCHENTAG,UKATEGORIE,UART,UTYP1,ULICHTVERH,IstRad,IstPKW,IstFuss,IstKrad,IstGkfz,IstSonstige,LINREFX,LINREFY,XGCSWGS84,YGCSWGS84,STRZUSTAND,UIDENTSTLAE
05,5,58,016,2022,12,16,7,3,6,1,2,0,1,1,0,0,0,381688.670933278976008,5743199.458882589824498,7.283161378000050,51.827079357999999,0,05221210706100536378
05,5,66,076,2022,12,17,3,3,4,2,2,1,1,0,0,0,0,394229.896253051992971,5793210.508764199912548,7.449590213000020,52.279074588000100,0,05221220709500576614
05,5,66,076,2022,12,06,2,3,0,1,2,1,0,0,0,0,0,395414.221862501988653,5793155.478594279848039,7.466960705000080,52.278806619000100,1,05221212709500079127
05,5,58,032,2022,12,20,6,3,6,2,2,0,1,1,0,0,0,386947.610999945027288,5754374.689999629743397,7.355779805000050,51.928605130999998,1,05221223706100581081
05,5,70,052,2022,12,07,3,3,5,2,2,1,1,0,0,0,0,429985.241366440022830,5755146.971791829913855,7.981416971000040,51.942625745000001,2,05221213711112787309
05,5,12,000,2022,12,15,5,3,1,1,0,0,1,0,0,1,1,358028.800573336018715,5708774.406618650071323,6.954035451000040,51.512235595999996,1,05221222701400562605
05,5,13,000,2022,12,16,7,3,6,6,2,0,1,1,0,0,0,361409.701999847020488,5718427.017999440431595,6.998921570000050,51.599814955000099,1,05221224700000592099
05,5,54,020,2022,12,20,2,3,5,3,2,0,1,0,0,0,1,366510.078999875986483,5786842.750999519601464,7.046010925000080,52.215826363000097,0,05221212705000051452
05,5,13,000,2022,12,16,2,3,0,7,2,0,1,0,0,0,0,367257.363999877998140,5711141.959999510087073,7.086054791000040,51.535755641000002,0,05221212700000795148
05,5,54,008,2022,12,17,6,3,0,7,2,1,0,0,0,0,0,335021.586999651975930,5745670.773998799733818,6.605336221000070,51.837451424999998,1,05221230705000874468
05,5,54,008,2022,12,12,3,3,5,3,0,1,1,0,0,0,0,337334.800999675004277,5745749.576998890377581,6.638844512000050,51.838837854000097,1,05221220705000195121
05,5,13,000,2022,12,09,5,3,5,2,0,1,1,0,0,0,0,367155.622999875980895,5710766.908999499864876,7.084730227000020,51.532361258000002,0,05221215700000089275
05,5,13,000,2022,12,16,4,2,4,2,0,0,1,0,0,0,0,367794.268999880005140,5713114.107999510131776,7.093050563000080,51.553604689000103,0,05221214700000992099
05,5,70,036,2022,12,05,5,3,4,2,2,0,1,0,1,0,0,435430.061530560022220,5758885.411338970065117,8.059914093000030,51.976892200000101,1,05221222711121387268
05,5,54,068,2022,12,07,5,3,0,3,2,1,1,0,0,0,0,351481.310999789973721,5767458.565999289974570,6.834648078000040,52.037826977000101,1,05221208705000721097
05,5,58,032,2022,12,20,7,3,0,6,2,0,1,0,1,0,0,387056.514970120973885,5754673.827027070336044,7.357264804000070,51.931315692000098,0,05221210706100296570
05,5,62,014,2022,12,15,4,3,6,4,0,0,1,1,0,0,0,360003.796871292986907,5717410.321066950447857,6.979041170000070,51.590331251000102,0,05221228701300494411
05,5,70,028,2022,12,15,3,3,5,3,0,1,1,0,0,0,0,440532.239999999001157,5742767.939999659545720,8.136969683000070,51.832564326000103,0,05221206711421090704
05,5,13,000,2022,12,12,4,3,6,4,0,0,1,1,0,0,0,366820.223999875015579,5709118.279999500140548,7.080520819000070,51.517466610000000,0,05221221700000874766
05,5,54,012,2022,12,15,4,3,5,3,0,1,1,0,0,0,0,352043.240999793983065,5746622.833999300375581,6.851800257000040,51.850774547000100,0,05221214705000308064
05,5,15,000,2022,12,05,2,3,0,1,1,0,1,0,0,0,0,408017.424999981012661,5757975.966999660246074,7.661152286000060,51.964856246000103,2,05221219702100072433
05,5,13,000,2022,12,11,5,3,8,1,0,0,1,0,0,0,0,368703.154371357988566,5713399.177391059696674,7.106046257000060,51.556378785000000,1,05221208700000585656
05,5,58,012,2022,12,07,3,3,5,3,1,1,1,0,0,0,0,373992.543999906978570,5756812.262999569997191,7.166568718000060,51.947728578000103,1,05221220706000992384
05,5,15,000,2022,12,15,5,3,1,5,1,0,1,0,0,0,0,403900.393999975989573,5761556.402999660000205,7.600243061000070,51.996341845000103,1,05221222702100896504
05,5,70,052,2022,12,16,6,3,0,2,2,0,1,0,0,0,0,431247.382666264020372,5755591.180579019710422,7.999686866000050,51.946776446000101,1,05221223711113587376
05,5,15,000,2022,12,19,5,3,8,7,2,0,1,0,0,0,0,406285.470697166980244,5759721.924683270044625,7.635473876000050,51.980260428000101,0,05221215702100760729
05,5,70,028,2022,12,18,1,2,6,4,2,0,1,1,0,0,0,441251.389415191020817,5742281.182761190459132,8.147487768000079,51.828264378000000,1,05221211711411981082
05,5,62,020,2022,12,15,2,3,5,3,0,0,0,0,1,0,1,372240.183999898028560,5713154.157999539747834,7.157128042000070,51.554988971000100,2,05221205701200992571
05,5,58,028,2022,12,15,2,3,1,5,0,0,1,0,0,0,1,399673.436828051984776,5729557.456970309838653,7.547983310000060,51.707978822000001,2,05221205706300895161
05,5,66,076,2022,12,14,6,3,5,3,0,0,1,0,0,0,0,394875.479999963019509,5796013.897999670356512,7.458174936000030,52.304393201000003,1,05221223709500670592
05,5,62,014,2022,12,00,4,3,2,6,2,0,1,0,0,0,0,361058.704999845998827,5715204.589999440126121,6.995132273000020,51.570771473999997,0,05221228701300994967
05,5,13,000,2022,12,09,3,3,5,3,0,0,1,0,0,0,0,367600.837999878975097,5706350.736999499611557,7.092803779000060,51.492778945000097,0,05221213700000289555
05,5,62,016,2022,12,17,5,3,5,3,2,1,0,0,0,0,1,374615.370999909006059,5733494.142999559640884,7.184079695000040,51.738317324000000,1,05221229701700095974
05,5,13,000,2022,12,23,6,3,0,7,2,0,0,0,0,0,1,363776.724553344014566,5716995.943525229580700,7.033632257000020,51.587532371000101,1,05221223700000089634
05,5,54,008,2022,12,09,4,3,5,3,0,1,1,0,0,0,0,336300.427999664971139,5745905.294998849742115,6.623770353000050,51.839934520000000,1,05221207705000395078
05,5,12,000,2022,12,08,6,3,6,2,1,0,1,1,0,0,0,359543.121999837982003,5710165.040999430231750,6.975289551000060,51.525110429000101,2,05221216701400489644
05,5,66,076,2022,12,16,4,3,5,3,0,1,1,0,0,0,0,393750.640999961004127,5794752.218999659642577,7.442081931000080,52.292837814000102,0,05221221709500536091
05,5,66,076,2022,12,17,2,3,0,3,2,1,1,0,0,0,0,394502.857999916013796,5793853.712999990209937,7.453388497000050,52.284907677000000,1,05221219709500596634
05,5,54,004,2022,12,12,4,3,0,7,0,1,1,0,0,0,0,357331.553999828000087,5771265.475999389775097,6.918290654000030,52.073567896999997,0,05221214705000291867
05,5,66,064,2022,12,07,2,3,0,7,2,1,1,0,0,0,0,395291.601035637024324,5771451.535683359950781,7.471865864000050,52.083719829000103,0,05221205709110000952
05,5,66,008,2022,12,09,2,3,5,3,0,0,1,0,0,0,1,399570.134875393006951,5781338.594945079647005,7.531365706000030,52.173375620999998,1,05221219709110270630
05,5,54,016,2023,01,09,3,3,5,3,0,1,1,0,0,0,0,362174.917000000365078,5757692.948000000789762,6.994375918000060,51.952839754000081,0,05230103705000187234
05,5,62,024,2023,01,07,3,2,3,6,1,0,1,0,0,1,0,369330.725800000131130,5726661.364600000903010,7.110148482000056,51.675707352000074,1,05230103702340241000
05,5,66,084,2023,01,13,2,3,5,3,0,0,1,0,0,1,0,386099.865799999795854,5778805.446399999782443,7.335318049000023,52.147994460000064,0,05230102709300591781
05,5,66,052,2023,01,08,2,2,9,1,0,0,1,0,0,0,0,377960.139299999922514,5782231.579500000923872,7.215182441000024,52.177044324000065,1,05230102709300396691
05,5,66,096,2023,01,08,2,2,4,6,0,0,1,0,0,0,0,385474.090900000184774,5783975.800000000745058,7.324431247000064,52.194330256000057,0,05230102709300387330
05,5,66,068,2023,01,10,2,3,5,3,0,0,1,0,0,0,0,374893.529000000096858,5785655.293999999761581,7.169094258000030,52.207123249000063,1,05230102709300296691
05,5,66,012,2023,01,09,2,2,5,3,0,0,1,0,1,0,0,405787.809000000357628,5773418.666999999433756,7.624455334000061,52.103286805000039,1,05230102709000076751
05,5,54,032,2023,01,23,2,3,9,7,2,0,1,0,0,0,0,327163.756000000052154,5746606.585699999704957,6.490927516000056,51.843481236000059,1,05230102705000677676
05,5,54,060,2023,01,17,2,3,5,3,2,1,1,0,0,0,0,351215.792000000365078,5758815.130999999120831,6.834531873000060,51.960098666000079,1,05230102705000081930
05,5,54,012,2023,01,13,2,3,8,1,0,0,0,0,0,1,0,355086.158599999733269,5745579.798800000920892,6.896385312000064,51.842200963000039,1,05230102705000049445
05,5,15,000,2023,01,19,2,3,6,4,2,0,1,1,0,0,0,404666.724399999715388,5760001.807900000363588,7.611833834000038,51.982500723000044,1,05230102702100314076
05,5,66,040,2023,01,02,1,3,8,1,2,0,1,0,0,0,0,417363.841000000014901,5784973.711999999359250,7.790615725000066,52.209002357000031,1,05230101709800679150
05,5,66,028,2023,01,11,1,3,9,1,0,0,1,0,0,0,0,413050.086000000126660,5792474.890000000596046,7.725569854000071,52.275761931000034,1,05230101709800053163
05,5,66,028,2023,01,18,1,3,2,1,2,0,1,0,0,0,0,414026.366200000047684,5798044.408600000664592,7.738453452000044,52.325976080000032,1,05230101709700976748
05,5,58,028,2023,01,02,1,3,8,1,2,0,1,0,0,0,0,398495.700000000186265,5729166.421000000089407,7.531057904000022,51.704252172000054,0,05230101706300996613
05,5,15,000,2023,01,05,1,3,7,7,2,1,0,0,0,0,0,409768.259899999946356,5751796.344200000166893,7.688250352000068,51.909596455000042,0,05230101702100545124
05,5,13,000,2023,01,00,1,3,5,3,2,0,1,0,1,0,0,368289.474000000394881,5716295.172000000253320,7.098996936000049,51.582307698000079,0,05230101700000695087
05,5,58,016,2023,01,17,2,3,5,3,2,0,1,0,0,0,0,381563.553999999538064,5743828.468000000342727,7.281131424000023,51.832705860000033,1,05230102706100481061
05,5,66,028,2023,01,20,3,3,5,2,2,0,1,0,0,0,0,410827.918999999761581,5795221.430999999865890,7.692281714000046,52.300092372000051,1,05230103709700076771
05,5,12,000,2023,01,16,3,2,2,6,0,0,1,0,0,0,0,355271.126199999824166,5709646.964299999177456,6.913964052000040,51.519376528000066,0,05230103701400094972
05,5,54,008,2023,01,05,1,3,0,1,2,1,0,0,0,0,0,332279.970099999569356,5742869.730799999088049,6.566936780000049,51.811472812000034,1,05230101705000796584
05,5,66,008,2023,01,17,3,3,5,3,2,0,1,0,0,0,0,397413.878999999724329,5781518.969000000506639,7.499790778000033,52.174600085000066,1,05230103709110442392
05,5,15,000,2023,01,02,1,2,4,6,2,1,0,0,0,0,0,410500.518600000068545,5758943.665799999609590,7.697032310000054,51.973959898000032,0,05230101702100379140
05,5,70,028,2023,01,00,1,3,6,6,2,0,1,1,0,0,0,443220.897199999541044,5743411.019899999722838,8.175879022000061,51.838625596000043,0,05230101711400557430
05,5,66,076,2023,01,07,3,3,0,7,1,1,0,0,0,0,0,395991.401800000108778,5796181.977700000628829,7.474483521000025,52.306116251000049,2,05230103709500211904
05,5,15,000,2023,01,15,3,3,5,2,0,1,1,0,0,0,0,406652.896300000138581,5757124.801400000229478,7.641528271000027,51.956978100000072,0,05230103702100579098
05,5,62,014,2023,01,09,2,3,0,3,0,1,1,0,0,0,0,362043.093000000342727,5712731.378000000491738,7.010297808000075,51.548788400000035,1,05230102701300391837
05,5,54,068,2023,01,05,2,3,4,6,2,1,0,0,0,0,0,350726.498999999836087,5766167.725199999287724,6.824214993000055,52.026026846000036,1,05230102705000690508
05,5,58,032,2023,01,07,3,3,5,3,2,1,1,0,0,0,0,389440.390999999828637,5752564.098999999463558,7.392600327000025,51.912833071000080,0,05230103706100796582
05,5,66,028,2023,01,12,2,3,0,1,0,0,0,0,1,0,0,414198.071999999694526,5791246.707000000402331,7.742703928000026,52.264902928000026,1,05230116709700870498
05,5,66,068,2023,01,17,2,3,0,3,2,0,1,0,0,0,0,378539.803999999538064,5784985.442999999970198,7.222668703000068,52.201919394000072,1,05230116709300992066
05,5,66,052,2023,01,12,2,3,6,1,0,0,1,1,0,0,0,378196.614000000059605,5778675.972999999299645,7.219914660000029,52.145144601000027,1,05230116709300278430
05,5,66,008,2023,01,14,2,3,2,1,0,0,1,0,0,0,0,399000.631400000303984,5779726.347500000149012,7.523520348000034,52.158781253000029,1,05230116709110796848
05,5,58,012,2023,01,13,2,3,0,2,0,1,1,0,0,0,0,374065.495000000111759,5755971.273000000044703,7.167937606000066,51.940187589000061,1,05230116706000992072
05,5,54,064,2023,01,17,2,3,5,3,2,0,1,0,0,0,0,356753.326999999582767,5752527.230499999597669,6.917686621000030,51.905055315000027,1,05230116705000992066
05,5,54,012,2023,01,17,2,3,1,7,2,0,1,1,0,0,0,352319.324300000444055,5744795.973500000312924,6.856585720000055,51.834433491000027,0,05230116705000992065
05,5,54,016,2023,01,09,2,3,5,5,0,1,1,0,0,0,0,362646.685999999754131,5757235.684000000357628,7.001419290000058,51.948847686000079,1,05230116705000721130
05,5,54,020,2023,01,09,2,3,3,2,0,1,1,0,0,0,0,363168.976999999955297,5786746.106000000610948,6.997175840000068,52.214138410000032,1,05230116705000610851
05,5,54,056,2023,01,10,2,2,9,1,0,0,1,0,0,0,0,357309.388299999758601,5766003.950300000607967,6.920164405000037,52.026287657000069,1,05230116705000596683
05,5,15,000,2023,01,07,2,3,0,7,2,0,1,0,0,0,0,413602.090400000102818,5754348.970899999141693,7.743329488000029,51.933149673000059,1,05230116702100876693
05,5,15,000,2023,01,07,2,3,0,3,1,1,1,0,0,0,0,404645.979000000283122,5760313.866000000387430,7.611445104000040,51.985302047000062,0,05230116702100676684
05,5,62,004,2023,01,07,2,2,5,2,1,0,1,0,0,0,0,384013.561400000005960,5710391.596400000154972,7.327781926000057,51.532703175000051,1,05230116701800850770
05,5,12,000,2023,01,18,2,3,6,2,2,0,1,1,0,0,0,355021.420300000347197,5709474.871099999174476,6.910438307000049,51.517766114000040,1,05230116701400390526
05,5,62,014,2023,01,07,2,3,5,3,2,0,1,0,0,0,0,360410.357099999673665,5717458.184800000861287,6.984887246000028,51.590862226000070,1,05230116701300494968
05,5,62,032,2023,01,10,2,3,5,3,0,0,1,0,0,0,0,375702.873999999836087,5719546.100999999791384,7.204785861000062,51.613208134000047,1,05230116701110595014
05,5,62,032,2023,01,13,2,3,2,6,0,0,1,0,0,0,0,373954.001400000415742,5719168.281899999827147,7.179676517000075,51.609423818000039,1,05230116701110381328
05,5,13,000,2023,01,17,2,3,2,6,2,0,1,0,0,0,1,369513.464599999599159,5706441.161299999803305,7.120305472000041,51.494036234000077,1,05230116700000567057
05,5,66,076,2023,01,17,1,3,1,5,2,0,1,0,0,0,0,393192.804299999959767,5793338.273600000888109,7.434353860000044,52.280022305000045,0,05230115709500476680
05,5,54,068,2023,01,21,1,3,8,1,2,0,1,0,0,0,0,355992.181699999608099,5768556.605000000447035,6.899903971000072,52.048882529000082,1,05230115705000992087
05,5,54,012,2023,01,14,1,3,5,3,0,1,1,0,0,0,0,351243.241999999620020,5748138.830000000074506,6.839541316000066,51.864182835000065,1,05230115705000796108
05,5,58,032,2023,01,14,1,2,7,7,0,0,1,0,0,0,0,390396.662299999967217,5751856.072899999096990,7.406722748000050,51.906658608000043,0,05230115702330838672
05,5,15,000,2023,01,18,1,3,5,2,2,1,1,0,0,0,0,406130.955299999564886,5757703.360600000247359,7.633776737000062,51.962090595000063,0,05230115702100068387
05,5,13,000,2023,01,11,1,2,5,3,0,0,1,0,0,0,0,367527.768000000156462,5709434.063699999824166,7.090593620000050,51.520470833000047,0,05230115700000996632
05,5,13,000,2023,01,06,1,3,9,1,2,0,1,0,0,0,0,365880.619400000199676,5709848.615700000897050,7.066708872000049,51.523807524000063,1,05230115700000996631
05,5,70,008,2023,01,09,1,3,9,1,0,0,1,0,0,0,0,430168.894000000320375,5732452.925300000235438,7.988670229000036,51.738634000000047,1,05230115301911375332
05,5,54,044,2023,01,16,7,3,5,3,2,0,1,0,0,0,0,366076.082700000144541,5744880.799499999731779,7.056085931000041,51.838663790000055,1,05230114705000491796
05,5,66,068,2023,01,04,7,3,9,1,2,0,1,0,0,0,0,371068.982499999925494,5783759.416200000792742,7.113876760000039,52.189205911000045,1,05230114702340805261
05,5,15,000,2023,01,10,7,3,1,5,0,1,0,1,0,0,0,405647.927199999801815,5757037.132500000298023,7.626931640000066,51.956020482000042,1,05230114702100672434
05,5,15,000,2023,01,20,7,3,5,3,2,0,1,0,0,0,0,401516.562900000251830,5758997.324599999934435,7.566267295000046,51.972922765000078,1,05230114702100266482
05,5,12,000,2023,01,13,7,3,5,3,0,1,1,0,0,0,0,353980.079099999740720,5711535.774700000882149,6.894586119000053,51.536016384000050,0,05230114701400070110
05,5,62,032,2023,01,18,7,3,5,3,2,0,1,0,0,0,1,376136.427000000141561,5715137.414000000804663,7.212600612000074,51.573681937000060,1,05230114701120185660
05,5,70,004,2023,01,13,6,3,3,6,0,1,0,0,0,0,1,424723.502899999730289,5735906.548599999397993,7.909074271000065,51.768976071000054,1,05230113711216076720
05,5,70,032,2023,01,18,6,3,9,1,2,0,1,0,0,0,0,423651.623700000345707,5764606.699699999764562,7.887187045000076,52.026828845000068,1,05230113711151961702
05,5,66,040,2023,01,06,6,3,0,3,2,0,1,0,0,0,0,424671.246000000275671,5779683.310000000521541,7.898713088000022,52.162494255000070,1,05230113709800992130
05,5,66,088,2023,01,15,6,2,9,1,0,0,1,0,0,0,0,422411.736200000159442,5789292.103299999609590,7.863484804000052,52.248553535000042,1,05230113709800581942
05,5,58,008,2023,01,22,6,3,2,6,2,0,1,0,0,0,0,385533.571100000292063,5765154.250000000000000,7.331627933000050,52.025194078000027,1,05230113706200195003
05,5,54,020,2023,01,16,6,3,2,1,0,0,1,0,0,0,0,367018.903199999593198,5785548.602499999105930,7.053962629000068,52.204320905000031,0,05230113705000521120
05,5,54,068,2023,01,14,6,3,5,3,0,0,1,0,0,0,0,351917.430999999865890,5767076.573000000789762,6.841167063000057,52.034511591000069,1,05230113705000255358
05,5,62,004,2023,01,16,6,2,5,3,1,0,1,0,1,0,0,381726.810999999754131,5712398.634600000455976,7.294154103000039,51.550267363000046,1,05230113701800171552
05,5,62,004,2023,01,12,6,2,6,4,0,0,1,1,0,0,0,382511.382899999618530,5714867.216399999335408,7.304639537000071,51.572618143000057,0,05230113701800025408
05,5,62,024,2023,01,11,6,3,5,3,0,0,1,0,0,0,0,372475.140499999746680,5723533.081499999389052,7.156741464000049,51.648316724000040,0,05230113701500775303
05,5,62,014,2023,01,21,6,3,5,3,2,0,1,0,0,0,0,360158.120000000111759,5713388.680900000035763,6.982868220000057,51.554230976000042,1,05230113701300075252
05,5,13,000,2023,01,22,6,3,2,5,2,0,1,0,0,0,0,370287.277999999932945,5710595.363099999725819,7.129917533000025,51.531547774000046,1,05230113700000875760
05,5,13,000,2023,01,00,6,2,8,6,2,0,1,0,1,0,0,365221.004800000227988,5707097.600099999457598,7.058258254000066,51.498928386000046,1,05230113700000416500
05,5,70,004,2023,01,18,5,3,5,3,2,1,1,0,0,0,0,423927.135800000280142,5734251.868599999696016,7.897897680000028,51.753993407000053,1,05230112711214302947
05,5,70,052,2023,01,13,5,3,5,2,0,1,1,0,0,0,0,430873.317999999970198,5758355.804999999701977,7.993688975000055,51.971583047000081,1,05230112711112051246
05,5,66,020,2023,01,13,5,3,5,3,0,0,1,0,0,0,1,403911.496000000275671,5803591.698999999091029,7.588490186000058,52.374155611000049,1,05230112709700081516
05,5,66,028,2023,01,17,5,3,5,2,2,1,1,0,0,0,0,412410.423000000417233,5791484.194000000134110,7.716454071000044,52.266755732000036,1,05230112709700042797
05,5,66,076,2023,01,14,5,3,5,3,0,0,1,0,0,0,0,395620.660299999639392,5793950.827400000765920,7.469739279000066,52.285993908000080,1,05230112709500596560
05,5,66,076,2023,01,16,5,3,2,6,0,0,1,0,0,0,0,395058.372999999672174,5792971.872999999672174,7.461803779000036,52.277088684000034,1,05230112709500302247
05,5,66,084,2023,01,16,5,3,5,2,2,1,1,0,0,0,0,390120.637000000104308,5775886.993000000715256,7.395000431000028,52.122580261000053,1,05230112709300570598
05,5,58,024,2023,01,06,5,2,5,3,2,1,1,0,0,0,0,390978.709999999962747,5736126.495999999344349,7.420136803000048,51.765398867000044,1,05230112706300195162
05,5,54,004,2023,01,06,5,2,5,3,2,0,1,0,0,0,0,361953.542999999597669,5770040.928999999538064,6.986180577000027,52.063736418000076,1,05230112705000996683
05,5,54,016,2023,01,21,5,3,5,3,2,0,1,0,0,0,0,363361.638000000268221,5757681.871999999508262,7.011638143000027,51.953033034000043,1,05230112705000991695
05,5,54,048,2023,01,04,5,3,8,6,2,0,0,0,0,1,0,342305.063199999742210,5741256.988099999725819,6.712972426000022,51.799901707000060,1,05230112705000865870
05,5,66,040,2023,01,19,5,3,3,1,2,0,1,0,0,1,0,421341.068900000303984,5785134.011299999430776,7.848772351000036,52.211025325000037,1,05230112702350691778
05,5,15,000,2023,01,21,5,3,0,4,2,0,1,1,0,0,0,403425.606499999761581,5754404.254799999296665,7.595341020000035,51.931973783000046,0,05230112702100992120
05,5,15,000,2023,01,12,5,3,0,6,0,0,0,0,0,0,1,405565.491000000387430,5756756.910599999129772,7.625809367000045,51.953487731000052,1,05230112702100695613
05,5,15,000,2023,01,16,5,3,4,6,2,0,1,0,0,0,0,406193.066599999554455,5757976.144700000062585,7.634605952000072,51.964552987000047,1,05230112702100570514
05,5,62,004,2023,01,15,5,2,5,3,0,1,1,0,0,0,0,382521.923100000247359,5715639.308499999344349,7.304533318000040,51.579559649000032,1,05230112701800954187
05,5,62,004,2023,01,07,5,3,6,2,2,0,1,1,0,0,0,382691.236299999989569,5711420.591099999845028,7.308383478000053,51.541678312000045,1,05230112701800789642
05,5,62,004,2023,01,05,5,3,2,6,2,0,1,0,0,0,0,383091.601700000464916,5717667.770300000905991,7.312075518000029,51.597909281000057,1,05230112701800054187
05,5,62,012,2023,01,10,5,3,5,3,0,1,1,0,0,0,0,357142.423999999649823,5735454.064999999478459,6.930384684000046,51.751747170000044,1,05230112701620347125
05,5,62,012,2023,01,06,5,3,6,2,2,0,1,1,0,0,0,364594.758399999700487,5732032.810499999672174,7.039609798000072,51.722854379000069,0,05230112701620346730
05,5,12,000,2023,01,09,5,3,6,2,0,0,0,1,0,0,1,356336.852599999867380,5710508.397399999201298,6.928962709000075,51.527389257000038,1,05230112701400789697
05,5,12,000,2023,01,07,5,3,6,4,2,0,1,1,0,0,0,356533.803700000047684,5711413.635199999436736,6.931431166000039,51.535573627000076,1,05230112701400448561
05,5,62,032,2023,01,16,5,2,6,4,0,0,1,1,0,0,0,376138.135499999858439,5715149.945499999448657,7.212620835000052,51.573794936000070,1,05230112701120691800
05,5,62,032,2023,01,18,5,2,6,2,2,0,1,1,0,0,0,376162.160199999809265,5718902.828600000590086,7.211643061000075,51.607528153000032,0,05230112701110995010
05,5,13,000,2023,01,08,5,3,6,4,0,0,0,1,0,0,1,367630.087100000120699,5709122.540899999439716,7.092184544000077,51.517695256000081,1,05230112700000869503
05,5,13,000,2023,01,20,5,3,3,6,2,0,1,0,0,0,1,369602.776700000278652,5706412.409499999135733,7.121601917000021,51.493798451000032,1,05230112700000298875
05,5,13,000,2023,01,07,5,3,4,2,2,0,1,0,0,0,1,366928.135999999940395,5714890.596999999135733,7.079892428000051,51.569365620000042,1,05230112700000191003
05,5,13,000,2023,01,23,5,2,1,7,2,0,1,0,0,0,0,368212.409099999815226,5708815.752900000661612,7.100687149000066,51.515074382000080,1,05230112700000094943
05,5,70,008,2023,01,15,2,3,3,6,0,0,0,0,0,1,1,429593.229600000195205,5730964.143100000917912,7.980635735000021,51.725177900000062,0,05230116301911080587
05,5,12,000,2023,01,05,5,3,3,6,2,0,1,0,0,1,0,357314.017699999734759,5708206.864399999380112,6.943971406000060,51.506955652000045,1,05230112500630686652
05,5,54,012,2023,01,13,6,2,4,2,0,1,1,0,0,0,0,352213.777499999850988,5746191.220300000160933,6.854458903000022,51.846941722000054,1,05230113705000280991
05,5,66,008,2023,01,17,4,3,0,7,1,1,0,1,0,0,0,399230.542899999767542,5781546.607799999415874,7.526339675000031,52.175183268000069,0,05230111709110992158
05,5,58,024,2023,01,07,4,3,4,2,2,0,1,0,0,0,0,394764.748999999836087,5733596.746999999508262,7.475746032000075,51.743385520000061,1,05230111706000795162
05,5,54,020,2023,01,18,4,3,2,6,2,0,1,0,0,0,0,364539.336000000126660,5786096.889000000432134,7.017480777000060,52.208643626000026,0,05230111705000747520
05,5,54,004,2023,01,07,4,3,5,3,2,1,1,0,0,0,0,360746.533599999733269,5771101.685200000181794,6.968151953000074,52.072965441000065,1,05230111705000591000
05,5,54,056,2023,01,15,4,3,2,6,0,0,1,0,0,0,0,357047.133299999870360,5765464.245799999684095,6.916569973000037,52.021370908000051,0,05230111705000374672
05,5,54,004,2023,01,07,4,3,5,2,2,1,0,0,0,0,1,365245.400000000372529,5771831.152000000700355,7.033464301000038,52.080633064000040,1,05230111705000220911
05,5,54,020,2023,01,14,4,2,0,2,0,0,1,0,0,0,0,368134.867200000211596,5785409.580600000917912,7.070337631000029,52.203339820000053,0,05230111705000020951
05,5,15,000,2023,01,16,4,2,5,2,0,1,1,0,0,0,0,407300.106999999843538,5757990.073000000789762,7.650710710000055,51.964863886000046,0,05230111702100991788
05,5,15,000,2023,01,07,4,3,0,3,1,1,0,1,0,0,0,405156.123800000175834,5759109.621500000357628,7.619204440000033,51.974565179000081,1,05230111702100474772
05,5,15,000,2023,01,07,4,3,6,2,2,0,1,1,0,0,0,404410.217100000008941,5755363.266599999740720,7.609390930000075,51.940763748000052,1,05230111702100068126
05,5,62,016,2023,01,09,4,3,5,3,0,0,1,0,0,0,0,374255.997000000439584,5733955.571000000461936,7.178711018000058,51.742383576000066,1,05230111701700786133
05,5,62,012,2023,01,07,4,3,5,3,1,1,1,0,0,0,0,360441.775299999862909,5726345.821399999782443,6.981798112000035,51.670733894000080,1,05230111701610586128
05,5,12,000,2023,01,08,4,3,6,2,0,0,1,1,0,0,0,356680.178100000135601,5708889.458699999377131,6.934567033000064,51.512928960000067,1,05230111701400249494
05,5,12,000,2023,01,07,4,3,6,2,2,0,1,1,0,0,0,356503.090400000102818,5709599.107200000435114,6.931727839000075,51.519260800000040,1,05230111701400077688
05,5,62,014,2023,01,14,4,3,5,3,0,1,1,0,0,0,0,360150.533999999985099,5715618.025000000372529,6.981871874000035,51.574262090000047,0,05230111701300878100
05,5,62,014,2023,01,07,4,3,2,6,1,0,1,0,1,0,0,361308.732599999755621,5714185.416799999773502,6.999139892000073,51.561674602000039,1,05230111701300398910
05,5,62,032,2023,01,07,4,3,5,3,2,1,1,0,0,0,0,375957.928999999538064,5717035.686000000685453,7.209355551000044,51.590702855000075,1,05230111701110181810
05,5,13,000,2023,01,16,4,3,2,6,2,0,1,0,0,0,0,368250.966900000348687,5706982.125199999660254,7.101927546000070,51.498604972000066,0,05230111700000495091
05,5,13,000,2023,01,21,4,3,5,3,2,0,1,0,0,0,0,365846.232200000435114,5714386.166799999773502,7.064483634000055,51.564576192000061,1,05230111700000295163
05,5,58,012,2023,01,04,6,3,9,1,2,0,1,0,0,0,0,373203.469600000418723,5754663.029100000858307,7.155886249000048,51.928235425000082,1,05230113706000779113