ULAND,UREGBEZ,UKREIS,UGEMEINDE,UJAHR,UMONAT,USTUNDE,UWOCHENTAG,UKATEGORIE,UART,UTYP1,ULICHTVERH,IstRad,IstPKW,IstFuss,IstKrad,IstGkfz,IstSonstige,LINREFX,LINREFY,XGCSWGS84,YGCSWGS84,STRZUSTAND,UIDENTSTLAE
05,5,13,000,2023,01,17,5,3,2,6,2,0,1,0,0,0,0,366612.092600000090897,5710935.803099999204278,7.076834695000059,51.533750893000047,1,05230112700000077618
05,5,70,028,2023,01,17,3,3,9,1,2,0,1,0,0,0,0,440166.376000000163913,5739892.211999999359250,8.132157588000041,51.806671873000028,0,05230117301911794297
05,5,70,028,2023,01,06,3,3,0,3,2,0,0,0,1,1,0,440951.481999999843538,5743827.349999999627471,8.142872393000061,51.842133116000070,0,05230110711413202970
05,5,70,008,2023,01,14,3,2,4,6,0,0,1,0,1,0,0,430756.274699999950826,5734409.246700000017881,7.996786020000059,51.756294151000077,1,05230110711312387402
05,5,70,044,2023,01,06,3,3,5,3,2,0,1,0,0,0,0,417478.042899999767542,5760551.971000000834465,7.798201728000038,51.989496914000028,1,05230110711142674650
05,5,66,076,2023,01,11,3,3,0,7,0,1,0,0,0,0,0,396309.308899999596179,5786995.811799999326468,7.481967288000021,52.223616730000060,0,05230110709500002376
05,5,66,012,2023,01,16,3,3,2,6,1,0,1,0,0,0,0,404396.638000000268221,5772429.480000000447035,7.604427571000031,52.094157172000052,1,05230110709110696664
05,5,66,012,2023,01,10,3,3,1,6,0,0,1,0,0,1,1,401969.875799999572337,5777588.762800000607967,7.567528741000046,52.140104053000073,0,05230110709110396500
05,5,58,040,2023,01,11,3,3,2,6,0,0,1,0,0,0,0,371449.299499999731779,5763678.523499999195337,7.127012962000038,52.008848211000043,0,05230110706200992195
05,5,58,016,2023,01,11,3,3,5,3,0,0,1,0,0,0,0,388599.804100000299513,5743779.815099999308586,7.383218942000042,51.833716261000063,0,05230110706000081061
05,5,54,012,2023,01,07,3,3,2,7,2,0,1,0,0,0,0,348081.673000000417233,5744650.515000000596046,6.795193428000061,51.831990162000068,0,05230110705000608065
05,5,54,012,2023,01,18,3,3,5,7,2,0,1,0,0,0,1,352239.960500000044703,5745899.639599999412894,6.854963321000071,51.844328832000031,1,05230110705000191585
05,5,15,000,2023,01,07,3,3,0,3,2,1,1,0,0,0,0,406586.916100000031292,5750284.265499999746680,7.642424989000062,51.895480575000079,0,05230110702100796615
05,5,15,000,2023,01,18,3,3,4,6,2,1,0,0,0,0,0,405703.363800000399351,5760506.624199999496341,7.626785044000030,51.987215131000028,1,05230110702100674701
05,5,15,000,2023,01,19,3,3,6,2,2,0,1,1,0,0,0,405409.709400000050664,5755465.010199999436736,7.623898676000067,51.941849084000069,1,05230110702100057477
05,5,62,004,2023,01,19,3,3,6,2,2,0,1,1,0,0,0,383144.673000000417233,5713266.959000000730157,7.314305719000060,51.558367083000064,1,05230110701800477488
05,5,62,004,2023,01,19,3,3,6,2,2,0,1,1,0,0,0,383144.539599999785423,5713266.295700000599027,7.314304016000051,51.558361094000077,1,05230110701800277640
05,5,62,012,2023,01,10,3,2,5,3,0,1,1,0,0,0,0,359289.132000000216067,5725824.030999999493361,6.965350743000045,51.665757694000035,0,05230110701610595171
05,5,62,014,2023,01,15,3,3,2,6,1,0,1,0,0,0,0,360551.321299999952316,5716195.313599999994040,6.987422479000031,51.579548918000057,0,05230110701300675296
05,5,13,000,2023,01,19,3,3,6,2,0,0,1,1,0,0,0,367369.814100000075996,5714142.021400000900030,7.086544111000023,51.562742531000026,0,05230110700000882310
05,5,13,000,2023,01,13,3,2,5,3,0,1,1,0,0,0,0,368606.827999999746680,5709626.828999999910593,7.106065736000062,51.522455218000061,0,05230110700000694943
05,5,13,000,2023,01,17,3,3,2,6,2,0,1,0,0,0,0,364681.330000000074506,5715343.305299999192357,7.047318773000029,51.572899106000079,1,05230110700000195157
05,5,66,032,2023,01,17,2,3,5,3,2,1,1,0,0,0,0,412148.078999999910593,5778940.074999999254942,7.715866180000035,52.153962701000069,1,05230116709800954947
05,5,13,000,2023,01,08,4,3,5,2,0,1,1,0,0,0,0,369043.194000000134110,5708122.720000000670552,7.112910784000064,51.509039408000035,1,05230111700000079550
05,5,66,008,2023,01,07,2,3,0,1,2,1,0,0,0,0,0,399250.063400000333786,5780384.658999999985099,7.526970044000052,52.164743559000044,1,05230109709110992213
05,5,58,040,2023,01,07,2,3,0,3,2,0,1,0,0,0,0,375769.195000000298023,5763839.657999999821186,7.189860953000050,52.011279906000027,1,05230109706000992212
05,5,54,056,2023,01,16,2,3,2,6,0,0,1,0,0,0,0,356964.384399999864399,5760801.027899999171495,6.917311042000051,51.979450535000069,1,05230109705000020978
05,5,12,000,2023,01,05,2,2,0,6,2,0,1,0,1,0,1,354958.612999999895692,5712593.358999999240041,6.908249319000049,51.545771741000067,1,05230109702340551447
05,5,15,000,2023,01,19,2,3,5,2,2,1,1,0,0,0,0,406885.447999999858439,5756849.232999999076128,7.644986233000054,51.954540141000052,1,05230109702100076674
05,5,62,024,2023,01,08,2,3,2,6,0,0,1,0,0,0,0,370902.231599999591708,5725510.133999999612570,7.133289320000074,51.665724980000050,0,05230109701500989938
05,5,62,032,2023,01,17,2,3,2,6,2,0,1,0,0,0,0,376094.792999999597669,5714830.053999999538064,7.212108534000038,51.570910472000037,1,05230109701120985430
05,5,62,032,2023,01,13,2,3,3,6,0,0,1,0,0,0,1,376061.877799999900162,5719150.865900000557303,7.210107945000061,51.609735242000056,1,05230109701110369388
05,5,13,000,2023,01,07,2,3,5,3,1,0,1,0,0,0,1,364601.642900000326335,5714584.000399999320507,7.046462171000030,51.566056565000054,1,05230109700000272394
05,5,13,000,2023,01,16,2,3,6,2,2,0,1,1,0,0,0,366926.314899999648333,5714892.164499999955297,7.079865573000063,51.569379277000053,1,05230109700000020538
05,5,13,000,2023,01,05,1,3,2,6,2,0,1,0,0,0,0,363090.091500000096858,5712109.983899999409914,7.025630389000071,51.543459367000082,1,05230115700000296563
05,5,70,008,2023,01,14,1,2,4,6,0,0,1,0,0,0,0,429015.465699999593198,5731561.588999999687076,7.972150375000069,51.730476045000046,0,05230108711312345037
05,5,70,004,2023,01,11,1,2,5,3,0,1,1,0,0,0,0,422707.481800000183284,5735253.138199999928474,7.880008919000034,51.762827450000032,1,05230108711215992220
05,5,66,008,2023,01,15,1,3,0,7,0,0,1,0,0,0,0,404765.052400000393391,5778718.672399999573827,7.608043518000045,52.150748706000059,1,05230108709000992217
05,5,58,040,2023,01,12,1,2,8,1,0,0,1,0,0,0,0,381512.082700000144541,5766965.494400000199676,7.272414807000075,52.040627029000063,0,05230108706200996670
05,5,58,004,2023,01,20,1,3,8,1,2,0,1,0,0,0,0,402138.629099999554455,5735556.210200000554323,7.581963005000034,51.762334711000051,1,05230108706000896611
05,5,58,012,2023,01,11,1,3,5,1,0,1,1,0,0,0,0,371558.502000000327826,5755853.894999999552965,7.131531110000026,51.938559764000047,0,05230108706000465896
05,5,58,028,2023,01,12,1,2,5,1,0,1,0,0,0,0,0,398539.093000000342727,5729201.838999999687076,7.531675346000043,51.704578373000061,1,05230108706000060644
05,5,54,012,2023,01,18,1,2,8,1,2,0,1,0,0,0,0,350542.220900000073016,5749269.958399999886751,6.828878436000025,51.874158352000052,1,05230108705000992216
05,5,58,032,2023,01,14,1,3,8,6,0,0,1,0,0,0,0,393356.792700000107288,5751443.653000000864267,7.449863832000062,51.903526391000071,1,05230108702330396583
05,5,62,004,2023,01,11,1,3,2,6,0,0,1,0,0,0,0,382778.193699999712408,5713988.656300000846386,7.308780895000041,51.564777448000029,1,05230108701800167038
05,5,62,024,2023,01,14,1,3,2,6,0,0,1,0,0,0,0,366889.069600000046194,5723301.361899999901652,7.076135951000026,51.644939718000046,1,05230108701500500000
05,5,62,024,2023,01,05,1,2,9,1,2,0,1,0,0,0,0,373528.659199999645352,5725664.656500000506639,7.171189597000023,51.667710939000074,1,05230108701500395056
05,5,13,000,2023,01,09,1,3,5,3,0,0,1,0,0,0,0,368615.344100000336766,5716372.675699999555945,7.103668503000051,51.583080260000031,1,05230108700000524636
05,5,70,028,2023,01,14,1,3,2,6,0,0,1,0,0,0,0,442553.732900000177324,5741092.217599999159575,8.166581415000053,51.817710700000077,0,05230108400410703920
05,5,66,008,2023,01,02,7,3,0,7,2,1,0,0,0,0,0,399225.848000000230968,5780803.726999999955297,7.526491692000036,52.168505607000043,1,05230107709110093617
05,5,58,016,2023,01,23,7,2,0,1,2,1,0,0,0,0,0,387844.281499999575317,5747352.343800000846386,7.371099612000023,51.865673361000063,1,05230107706000796665
05,5,58,016,2023,01,17,7,3,5,3,2,0,1,0,1,0,0,380353.208999999798834,5742451.666999999433756,7.264050183000052,51.820074472000044,0,05230107706000785358
05,5,62,032,2023,01,20,7,2,9,1,2,0,0,0,0,0,1,373655.658999999985099,5719160.275000000372529,7.175373169000068,51.609284992000028,0,05230107702340096656
05,5,15,000,2023,01,01,7,3,0,1,2,1,0,0,0,0,0,405449.743999999947846,5758145.273000000044703,7.623743413000057,51.965947256000049,1,05230107702100972350
05,5,15,000,2023,01,19,7,3,5,7,2,1,1,0,0,0,0,405667.950000000186265,5757011.938699999824166,7.627229851000038,51.955797426000061,0,05230107702100574755
05,5,15,000,2023,01,14,7,3,0,1,0,1,0,0,0,0,0,406152.247000000439584,5757433.611999999731779,7.634160236000071,51.959669565000070,0,05230107702100276700
05,5,62,036,2023,01,20,7,3,6,2,2,0,1,1,0,0,0,388740.480100000277162,5719984.231100000441074,7.392863484000031,51.619873845000029,0,05230107701930385436
05,5,12,000,2023,01,14,7,3,5,2,0,0,1,0,0,0,0,356050.375699999742210,5709580.495899999514222,6.925214898000036,51.518978376000064,0,05230107701400961167
05,5,54,020,2023,01,12,7,3,0,1,0,1,0,0,0,0,0,364507.519000000320375,5786035.601500000804663,7.017039950000026,52.208085122000057,0,05230107705000147520
05,5,62,024,2023,01,07,5,3,6,2,2,0,1,1,0,0,0,368685.567200000397861,5724716.461200000718236,7.101554083000053,51.658078971000066,1,05230112701500275303
05,5,62,008,2023,01,17,5,2,6,4,2,0,1,1,0,0,0,384599.807199999690056,5722042.918700000271201,7.332400069000073,51.637542988000064,1,05230112701910570140
05,5,70,028,2023,01,15,6,3,2,6,0,0,1,0,0,0,0,441047.503999999724329,5741481.186000000685453,8.144665734000057,51.821050747000072,0,05230106711411802694
05,5,66,056,2023,01,17,6,3,2,1,2,0,1,0,1,0,0,417580.576500000432134,5796497.492100000381470,7.790972844000066,52.312617002000081,0,05230106709700881516
05,5,66,084,2023,01,07,6,3,3,2,2,1,1,0,0,0,0,386160.115000000223517,5778968.844000000506639,7.336143456000059,52.149475325000026,1,05230106709300987312
05,5,66,052,2023,01,15,6,3,9,7,0,0,1,0,0,0,0,376575.754399999976158,5777480.864600000903010,7.196673286000021,52.134045220000075,0,05230106709300296551
05,5,66,008,2023,01,16,6,3,4,7,2,1,0,0,0,0,0,400403.593500000424683,5782500.843299999833107,7.543208175000075,52.183972717000074,0,05230106709110647852
05,5,66,012,2023,01,18,6,3,5,3,2,0,1,0,0,0,0,404880.770100000314415,5774689.267699999734759,7.610861395000029,52.114551926000047,0,05230106709110496565
05,5,54,004,2023,01,18,6,2,4,2,2,0,1,0,0,0,0,364790.659099999815226,5771098.803799999877810,7.027122534000057,52.073941680000075,0,05230106705000992233
05,5,54,024,2023,01,00,6,3,9,7,2,0,1,0,0,0,0,370987.316200000233948,5774314.450799999758601,7.116268773000058,52.104315668000027,0,05230106705000081550
05,5,15,000,2023,01,17,6,3,0,6,2,1,0,0,0,0,0,406974.680100000463426,5758221.018899999558926,7.645912834000058,51.966885381000054,0,05230106702100991788
05,5,62,028,2023,01,07,6,3,0,1,2,1,0,0,0,0,0,377738.514399999752641,5723093.091099999845028,7.232932823000056,51.645531601000073,1,05230106701920648545
05,5,62,014,2023,01,12,6,3,3,6,0,0,1,0,0,0,0,358909.131799999624491,5714732.885199999436736,6.964325087000020,51.565998965000063,0,05230106701300194974
05,5,13,000,2023,01,12,6,3,1,6,0,0,1,0,0,0,0,366145.201399999670684,5718149.050799999386072,7.067359974000055,51.598462337000058,0,05230106700000889580
05,5,13,000,2023,01,14,6,3,6,4,0,0,1,1,0,0,0,368846.554299999959767,5716116.895999999716878,7.107099237000057,51.580835501000081,0,05230106700000466387
05,5,66,004,2023,01,16,5,3,2,1,1,0,1,0,0,0,0,392218.291600000113249,5771395.062500000000000,7.427049284000020,52.082622429000025,1,05230112709000072340
05,5,70,004,2023,01,17,5,2,0,2,2,1,1,0,0,0,0,423219.993999999947846,5732876.550000000745058,7.887958729000047,51.741533283000081,1,05230105711214874651
05,5,66,012,2023,01,21,5,3,2,2,2,0,1,0,0,0,0,403706.807000000029802,5772292.835000000894070,7.594399619000058,52.092809378000027,0,05230105709110496566
05,5,58,016,2023,01,11,5,3,6,4,0,0,1,1,0,0,0,380140.612300000153482,5745000.072200000286102,7.260084570000060,51.842931610000051,1,05230105706000027035
05,5,54,020,2023,01,17,5,3,8,1,2,0,1,0,0,0,0,370030.702800000086427,5784249.748999999836087,7.098508826000057,52.193368193000026,1,05230105705000992250
05,5,54,028,2023,01,16,5,2,8,1,1,0,1,0,0,0,0,354815.311400000005960,5744903.180900000035763,6.892740434000075,51.836051117000068,0,05230105705000787252
05,5,15,000,2023,01,15,5,3,5,2,0,1,1,0,0,0,0,405501.016999999992549,5756464.775299999862909,7.624951780000060,51.950850939000077,0,05230105702100770611
05,5,62,028,2023,01,12,5,3,5,2,0,0,1,0,0,0,0,376224.751199999824166,5725069.463899999856949,7.210365940000031,51.662962296000046,0,05230105701920748506
05,5,62,012,2023,01,10,5,3,5,3,0,0,1,0,0,0,0,359313.627999999560416,5725839.127599999308586,6.965698631000066,51.665899483000032,1,05230105701610251228
05,5,62,024,2023,01,12,5,3,5,3,0,0,1,0,0,0,0,370526.282999999821186,5725556.658999999985099,7.127839112000061,51.666056586000082,1,05230105701500589515
05,5,12,000,2023,01,08,5,3,6,2,2,0,1,1,0,0,0,356681.315700000151992,5711928.299399999901652,6.933347049000076,51.540235772000074,1,05230105701400465867
05,5,62,014,2023,01,16,5,3,5,3,1,0,1,0,0,0,1,361157.945500000379980,5714603.939300000667572,6.996800646000054,51.565398401000039,0,05230105701300595791
05,5,62,032,2023,01,15,5,3,1,5,0,1,1,0,0,0,0,373317.303199999965727,5718882.615700000897050,7.170589743000050,51.606713648000039,0,05230105701110075491
05,5,13,000,2023,01,16,5,3,5,2,1,0,1,0,1,0,0,362700.602500000037253,5716060.743300000205636,7.018474226000023,51.578867282000033,0,05230105700000475782
05,5,13,000,2023,01,02,5,2,4,1,2,0,1,0,0,0,0,369043.641900000162423,5707987.310499999672174,7.112967523000066,51.507822609000073,1,05230105700000295052
05,5,12,000,2023,01,13,1,3,5,3,0,0,1,0,0,0,0,355891.733900000341237,5720794.303899999707937,6.918331113000022,51.619701777000046,0,05230115701400590514
05,5,13,000,2023,01,17,5,3,6,2,1,0,1,1,0,0,0,368795.302000000141561,5710433.173000000417233,7.108480519000068,51.529745473000048,1,05230105700000689520
05,5,12,000,2023,01,18,6,3,3,6,2,0,1,0,0,1,0,358992.584999999962747,5708187.390499999746680,6.968149992000065,51.507201989000066,1,05230113500630585401
05,5,70,024,2023,01,08,4,3,1,5,1,0,1,0,0,0,1,420175.958700000308454,5753154.334100000560284,7.839202419000060,51.923392559000035,1,05230104711161881021
05,5,70,032,2023,01,08,4,3,6,2,1,0,1,1,0,0,0,421174.980000000447035,5765802.778999999165535,7.850820910000039,52.037234092000062,0,05230104711151687310
05,5,66,088,2023,01,12,4,3,2,6,0,0,1,0,0,0,0,414664.643000000156462,5786259.414400000125170,7.750798650000036,52.220147513000029,1,05230104709800087357
05,5,58,004,2023,01,07,4,3,5,3,1,0,1,0,0,0,0,403532.686999999918044,5741285.838999999687076,7.600563592000071,51.814077969000039,1,05230104706000074761
05,5,54,004,2023,01,09,4,3,6,7,0,0,1,1,0,0,0,363026.446700000204146,5772459.698000000789762,7.000850828000068,52.085736261000079,1,05230104705000828617
05,5,54,020,2023,01,12,4,3,5,5,0,1,1,0,0,0,0,367019.691999999806285,5787692.676000000908971,7.053131791000055,52.223586535000038,1,05230104705000021132
05,5,15,000,2023,01,15,4,3,5,3,1,0,1,0,0,0,0,399750.789099999703467,5753675.536100000143051,7.542122032000066,51.924774176000028,1,05230104702100076674
05,5,62,014,2023,01,08,4,2,5,2,0,0,1,0,0,0,0,360019.452800000086427,5715772.627399999648333,6.979919935000055,51.575618818000066,1,05230104701300194961
05,5,13,000,2023,01,13,4,3,2,6,0,0,1,0,0,0,0,366248.512299999594688,5711299.761099999770522,7.071457578000036,51.536935611000047,1,05230104700000989556
05,5,62,024,2023,01,14,7,3,5,2,0,1,1,0,0,0,0,372475.878700000233948,5723326.259400000795722,7.156827528000065,51.646458213000074,0,05230107701500400000
05,5,66,028,2023,01,12,6,3,5,3,0,0,1,0,0,0,0,412388.521399999968708,5791383.686499999836087,7.716159308000044,52.265848852000033,1,05230113709700076667
05,5,70,016,2023,02,06,1,2,8,7,2,0,1,0,0,0,0,415464.258999999612570,5736751.000299999490380,7.774712715000021,51.775245427000073,1,05230205711200991797
05,5,66,012,2023,02,20,1,3,5,3,2,1,1,0,0,0,0,403982.995600000023842,5772304.324500000104308,7.598426625000059,52.092960638000079,0,05230205709110372342
05,5,58,044,2023,02,19,1,3,4,2,2,0,1,0,0,0,0,399417.407499999739230,5738329.090099999681115,7.541742118000059,51.786776252000038,1,05230205706300565773
05,5,58,016,2023,02,09,1,3,9,1,0,0,1,0,0,0,0,372476.859199999831617,5746130.936899999156594,7.148478937000050,51.851396473000079,1,05230205706000991824
05,5,54,052,2023,02,20,1,3,6,7,2,0,1,1,0,0,0,380344.717600000090897,5772303.428600000217557,7.253532109000048,52.088346649000073,0,05230205705000570634
05,5,15,000,2023,02,09,1,3,5,2,0,1,1,0,0,0,0,403942.285000000149012,5758262.016699999570847,7.601775457000031,51.966738143000043,1,05230205702100069102
05,5,62,004,2023,02,18,1,3,6,2,2,0,1,1,0,0,0,382444.861600000411272,5714850.989399999380112,7.303685517000076,51.572458433000065,1,05230205701800481302
05,5,62,004,2023,02,09,1,3,1,5,1,0,1,0,0,0,0,382638.719200000166893,5711601.627699999138713,7.307566152000049,51.543294503000027,1,05230205701800471552
05,5,13,000,2023,02,14,1,3,9,3,0,0,1,0,0,0,0,368948.956699999980628,5710838.804199999198318,7.110543439000026,51.533426477000035,1,05230205700000448340
05,5,66,092,2023,02,00,7,2,8,1,2,0,1,0,0,0,0,423220.722599999979138,5792707.911199999973178,7.874555180000073,52.279371084000047,0,05230204709700276658
05,5,66,084,2023,02,10,7,2,5,3,0,0,1,0,0,0,0,386710.298999999649823,5780537.289000000804663,7.343657929000074,52.163684013000079,0,05230204709300087308
05,5,58,012,2023,02,16,7,3,5,2,0,0,1,0,0,0,0,374279.421900000423193,5754630.090099999681115,7.171538159000022,51.928183457000046,0,05230204706000796665
05,5,58,044,2023,02,05,7,3,9,1,2,0,1,0,0,0,0,400815.887000000104308,5743244.502000000327826,7.560603564000075,51.831207690000042,0,05230204706000776730
05,5,58,008,2023,02,14,7,2,5,3,0,0,1,0,0,0,0,388444.146499999798834,5763199.122700000181794,7.374668512000028,52.008215698000072,0,05230204706000495003
05,5,12,000,2023,02,13,7,3,2,6,0,0,1,0,0,0,0,354770.967699999921024,5712478.238399999216199,6.905592602000070,51.544689050000045,0,05230204702340196062
05,5,15,000,2023,02,04,7,3,0,1,2,1,0,0,0,0,0,406208.939000000245869,5757441.278999999165535,7.634982973000035,51.959748045000026,0,05230204702100479182
05,5,62,014,2023,02,13,7,3,2,6,0,0,1,0,0,0,0,360388.204499999992549,5713824.435599999502301,6.986011837000035,51.558203689000038,0,05230204701300385664
05,5,62,032,2023,02,12,7,3,6,6,0,1,0,1,0,0,0,376243.112800000235438,5718763.119100000709295,7.212860808000073,51.606290356000045,0,05230204701110289700
05,5,70,016,2023,02,13,6,3,5,3,0,1,1,0,0,0,0,413543.778599999845028,5738985.775900000706315,7.746326974000056,51.795040759000074,1,05230203711200787087
05,5,70,016,2023,02,10,6,3,0,7,0,0,1,0,0,0,0,407463.172899999655783,5747306.632400000467896,7.655954401000031,51.868861828000036,1,05230203711200491797
05,5,66,052,2023,02,06,6,3,8,1,2,0,1,0,0,0,0,377394.080799999646842,5776420.737700000405312,7.209005472000058,52.124700709000081,1,05230203709300187308
05,5,66,012,2023,02,06,6,3,5,3,2,1,1,0,0,0,0,406429.036000000312924,5772394.964999999850988,7.634095804000026,52.094194355000070,1,05230203709110138293
05,5,58,012,2023,02,09,6,3,5,3,0,0,1,0,0,0,0,374387.324000000022352,5753809.566999999806285,7.173406031000070,51.920834184000057,0,05230203706000991606
05,5,58,016,2023,02,16,6,3,2,1,0,0,1,0,0,0,0,381108.722299999557436,5742618.470899999141693,7.274949244000027,51.821734815000070,0,05230203706000665767
05,5,62,024,2023,02,14,6,3,9,1,0,0,1,0,0,0,0,368875.621600000187755,5726559.687000000849366,7.103608427000040,51.674687570000060,1,05230203702340005215
05,5,15,000,2023,02,06,6,2,8,7,2,0,0,0,0,1,0,400095.497600000351667,5757436.095699999481440,7.546040647000041,51.958636626000043,0,05230203702330296583
05,5,15,000,2023,02,07,6,3,2,6,2,0,1,0,0,0,0,398358.989299999549985,5762246.153899999335408,7.519352470000058,52.001554658000032,1,05230203702000668305
05,5,62,004,2023,02,12,6,3,2,6,0,0,1,0,0,0,0,382976.595700000412762,5715833.534199999645352,7.311027440000032,51.581399875000045,1,05230203701800580946
05,5,62,024,2023,02,18,6,3,6,2,2,0,1,1,0,0,0,371269.106100000441074,5724589.046800000593066,7.138930435000020,51.657531586000061,1,05230203701500785465
05,5,62,020,2023,02,07,6,3,5,3,2,0,1,0,1,0,0,367821.216000000014901,5718482.839299999177456,7.091418499000042,51.601857752000058,1,05230203701200069388
05,5,70,004,2023,02,16,5,3,2,6,0,0,1,0,1,0,0,423979.571999999694526,5736851.756599999964237,7.898088242000028,51.777372623000076,1,05230202711200896601
05,5,70,040,2023,02,19,5,3,8,1,1,0,1,0,0,0,0,410966.139999999664724,5745736.582000000402331,7.707223426000041,51.855318952000061,1,05230202711200091832
05,5,70,044,2023,02,06,5,3,6,2,2,0,1,1,0,0,0,415503.069199999794364,5759712.553600000217557,7.769653330000040,51.981654523000032,1,05230202711100496945
05,5,70,052,2023,02,20,5,3,5,3,2,0,1,0,0,0,0,430388.997899999842048,5757070.195599999278784,7.986900308000031,51.959965476000036,1,05230202711100191830
05,5,66,040,2023,02,17,5,3,6,2,2,0,1,1,0,0,0,421578.029000000096858,5782774.225999999791384,7.852786040000069,52.189847353000062,1,05230202709800496554
05,5,66,008,2023,02,11,5,3,5,3,0,1,1,0,0,0,0,399426.682500000111759,5781824.880200000479817,7.529124501000069,52.177720091000026,1,05230202709110696500
05,5,66,004,2023,02,14,5,3,6,7,0,0,1,1,0,0,0,394571.057000000029802,5767166.216900000348687,7.462677479000035,52.045068260000050,1,05230202709110265870
05,5,54,052,2023,02,07,5,3,4,6,1,0,1,0,0,0,0,376482.233699999749660,5773968.484600000083447,7.196582256000056,52.102460965000034,1,05230202705000991624
05,5,54,004,2023,02,07,5,3,1,1,1,0,1,0,0,0,0,363079.272400000132620,5772331.165300000458956,7.001672924000047,52.084594418000052,1,05230202705000620911
05,5,54,020,2023,02,07,5,3,5,3,2,1,1,0,0,0,0,366238.592799999751151,5783918.384199999272823,7.043194418000041,52.189483926000037,1,05230202705000410851
05,5,54,056,2023,02,10,5,3,5,3,0,0,1,0,0,0,0,356878.714499999769032,5762664.405899999663234,6.915286944000059,51.996170970000037,1,05230202705000096683
05,5,15,000,2023,02,06,5,2,8,6,2,1,0,0,0,0,0,408780.937400000169873,5753301.817299999296665,7.673502438000071,51.922967851000067,1,05230202702100572400
05,5,15,000,2023,02,05,5,3,8,6,2,1,0,0,0,0,0,408775.975999999791384,5753308.670099999755621,7.673428495000053,51.923028635000037,1,05230202702100472400
05,5,62,004,2023,02,16,5,3,0,3,1,0,1,0,0,0,1,383291.577200000174344,5711879.125700000673532,7.316884410000057,51.545923981000044,1,05230202701800625408
05,5,62,004,2023,02,17,5,3,2,6,2,0,1,0,0,0,0,383024.386699999682605,5717306.532400000840425,7.311225968000031,51.594648639000070,1,05230202701800254187
05,5,62,016,2023,02,16,5,3,8,1,0,0,1,0,0,0,0,366304.108000000007451,5730258.062999999150634,7.065023334000045,51.707316170000070,1,05230202701700480958
05,5,62,012,2023,02,23,5,2,5,3,2,1,1,0,0,0,0,359291.425900000147521,5725821.302999999374151,6.965384988000039,51.665733756000066,1,05230202701610417111
05,5,12,000,2023,02,06,5,3,0,7,2,0,0,0,0,0,1,356353.677000000141561,5710222.002000000327826,6.929321862000052,51.524820043000034,1,05230202701400498910
05,5,62,014,2023,02,20,5,3,9,1,2,0,1,0,0,0,0,361617.719999999739230,5716448.243000000715256,7.002703381000060,51.582084596000072,1,05230202701300045422
05,5,13,000,2023,02,17,5,3,5,2,2,1,1,0,0,0,0,367763.032599999569356,5707951.397299999371171,7.094538810000074,51.507201642000041,1,05230202700000075320
05,5,70,040,2023,02,16,4,2,9,1,0,0,1,0,0,0,0,411510.792200000025332,5750169.206800000742078,7.713993341000048,51.895249933000059,1,05230201711200789448
05,5,66,084,2023,02,16,4,3,9,1,0,0,1,0,0,0,0,388302.409199999645352,5776005.138599999248981,7.368414494000035,52.123277655000038,2,05230201709300874742
05,5,66,084,2023,02,06,4,3,5,3,2,0,1,0,0,0,0,386620.997999999672174,5779876.244999999180436,7.342573656000070,52.157724910000070,1,05230201709300770576
05,5,54,020,2023,02,18,4,3,5,2,2,1,1,0,0,0,0,365258.962199999950826,5786234.496300000697374,7.027951242000029,52.210056477000080,1,05230201705000820913
05,5,12,000,2023,02,19,4,2,8,1,2,0,1,0,0,0,0,355583.994199999608099,5713144.902300000190735,6.917035584000075,51.550888131000079,2,05230201702340791762
05,5,15,000,2023,02,19,4,2,5,3,2,1,1,0,0,0,0,407249.758899999782443,5757967.921000000089407,7.649984073000041,51.964656374000072,1,05230201702100096667
05,5,62,024,2023,02,15,4,3,5,3,0,1,1,0,0,0,0,368580.230299999937415,5724419.735799999907613,7.100143642000035,51.655387818000065,1,05230201701500438985
05,5,12,000,2023,02,18,4,3,2,6,2,0,1,0,0,0,0,355224.401300000026822,5714226.375800000503659,6.911407528000041,51.560513737000065,1,05230201701400389645
05,5,70,048,2023,02,06,4,2,5,3,2,1,1,0,0,0,0,447830.752999999560416,5732464.057000000029802,8.244428587000073,51.740656674000036,1,05230201711300281008
05,5,70,036,2023,01,18,3,3,5,2,2,0,1,0,0,0,0,434240.866899999789894,5766635.980000000447035,8.041114677000053,52.046427887000050,1,05230131711100087235
05,5,66,008,2023,01,14,3,2,0,1,0,1,0,0,0,0,0,398944.576299999840558,5781271.005100000649691,7.522241280000060,52.172653933000049,1,05230131709110893607
05,5,58,024,2023,01,13,3,3,5,2,0,1,1,0,0,0,0,392628.368999999947846,5736363.135999999940395,7.443959827000072,51.767844575000026,1,05230131706000594282
05,5,54,068,2023,01,07,3,1,8,1,1,0,1,0,0,0,0,354870.871799999848008,5775487.184100000187755,6.880615285000033,52.110859172000062,1,05230131705000991807