ULAND,UREGBEZ,UKREIS,UGEMEINDE,UJAHR,UMONAT,USTUNDE,UWOCHENTAG,UKATEGORIE,UART,UTYP1,ULICHTVERH,IstRad,IstPKW,IstFuss,IstKrad,IstGkfz,IstSonstige,LINREFX,LINREFY,XGCSWGS84,YGCSWGS84,STRZUSTAND,UIDENTSTLAE
05,5,13,000,2023,01,16,3,3,2,6,0,0,1,0,0,0,1,363545.392099999822676,5713700.194900000467896,7.031575211000074,51.557859810000082,0,05230131702340096656
05,5,15,000,2023,01,06,3,3,2,6,2,0,1,0,0,0,0,402916.432699999772012,5760363.865299999713898,7.586253339000052,51.985451881000074,0,05230131702100464165
05,5,15,000,2023,01,16,3,3,2,6,1,0,1,0,0,0,0,404412.290000000037253,5755367.060000000521541,7.609420022000052,51.940798200000074,1,05230131702100055910
05,5,62,020,2023,01,08,3,3,5,3,0,1,1,0,0,0,0,371447.185399999842048,5717811.279300000518560,7.143991417000052,51.596661876000042,0,05230131701200680610
05,5,62,032,2023,01,17,3,3,5,3,2,0,1,0,1,0,0,374811.810399999842048,5719424.834799999371171,7.191966484000034,51.611920861000044,1,05230131701110585644
05,5,13,000,2023,01,13,3,3,2,6,0,0,1,0,0,0,0,368521.591000000014901,5707220.992000000551343,7.105735041000059,51.500814633000061,0,05230131700000477662
05,5,13,000,2023,01,14,3,3,2,6,0,0,1,0,0,0,0,368638.855399999767542,5712224.651699999347329,7.105557915000077,51.545808672000078,1,05230131700000457757
05,5,13,000,2023,01,10,3,3,5,3,0,1,1,0,0,0,0,364478.069099999964237,5713330.756999999284744,7.045163456000068,51.554764740000053,1,05230131700000289545
05,5,13,000,2023,01,08,3,3,5,3,0,0,1,0,0,0,1,367697.948400000110269,5713765.919399999082088,7.091416817000038,51.559439709000060,0,05230131700000079550
05,5,13,000,2023,02,10,7,3,5,2,0,0,1,0,0,0,0,365235.951200000010431,5709902.301699999719858,7.057401368000058,51.524136513000030,0,05230204700000095133
05,5,70,020,2023,01,07,2,3,6,4,2,0,1,1,0,0,0,432771.243099999614060,5742383.634199999272823,8.024428896000074,51.828229201000056,1,05230130711421281083
05,5,70,028,2023,01,19,2,3,0,7,2,0,0,0,1,0,0,440388.621100000105798,5740549.000600000843406,8.135267697000074,51.812600294000049,1,05230130711412396650
05,5,66,092,2023,01,18,2,3,5,3,2,0,1,0,0,0,0,425028.686999999918044,5796680.140000000596046,7.900167063000026,52.315326402000039,1,05230130709700991815
05,5,66,008,2023,01,07,2,3,5,3,0,0,1,0,0,0,0,401938.074000000022352,5785862.380000000819564,7.564672130000076,52.214460585000040,1,05230130709110670631
05,5,58,040,2023,01,10,2,3,5,3,0,0,1,0,0,1,0,371620.606999999843538,5763093.978000000119209,7.129726524000034,52.003635042000042,1,05230130706200772441
05,5,54,008,2023,01,06,2,3,0,1,2,1,0,0,0,0,0,333677.515999999828637,5745546.033999999985099,6.585905589000049,51.835932233000051,1,05230130705000982336
05,5,15,000,2023,01,18,2,2,0,1,2,1,0,0,0,0,0,404524.404000000096858,5758344.176999999210238,7.610223284000028,51.967576918000077,0,05230130702100956377
05,5,15,000,2023,01,06,2,3,5,2,2,0,1,0,0,0,0,399882.099000000394881,5761029.017799999564886,7.541887925000026,51.990891734000058,1,05230130702100872350
05,5,15,000,2023,01,16,2,3,5,3,0,1,0,0,0,0,1,406508.298000000417233,5757239.360999999567866,7.639393410000025,51.957983525000031,0,05230130702100868387
05,5,15,000,2023,01,07,2,3,7,7,2,1,0,0,0,0,1,409265.820700000040233,5752560.432099999859929,7.680746912000075,51.916382999000064,1,05230130702100672400
05,5,15,000,2023,01,17,2,3,6,4,0,0,0,1,0,0,1,407025.672899999655783,5756929.120400000363588,7.647004570000036,51.955281672000069,1,05230130702100539948
05,5,15,000,2023,01,07,2,3,6,2,2,0,1,1,0,0,0,405142.821200000122190,5759108.757600000128150,7.619011072000035,51.974555143000032,1,05230130702100396692
05,5,15,000,2023,01,11,2,3,3,2,0,1,1,0,0,0,0,405602.506299999542534,5754294.649399999529123,7.627023813000051,51.931362074000049,1,05230130702100070563
05,5,15,000,2023,01,06,2,3,5,2,2,1,1,0,0,0,0,408385.850800000131130,5753905.170399999246001,7.667598206000036,51.928326301000027,1,05230130702100070562
05,5,62,004,2023,01,07,2,3,6,2,2,0,1,1,0,0,0,383314.945100000128150,5711369.856300000101328,7.317390124000042,51.541351613000074,1,05230130701800549723
05,5,62,024,2023,01,06,2,3,5,2,2,1,1,0,0,0,0,370136.817800000309944,5725312.551200000569224,7.122301503000074,51.663773002000028,1,05230130701500598960
05,5,12,000,2023,01,09,2,3,2,6,0,0,1,0,0,0,0,360461.730700000189245,5709686.615199999883771,6.988712127000042,51.521038943000065,1,05230130701400294961
05,5,62,032,2023,01,07,2,3,6,2,2,0,1,1,0,0,0,375198.364599999971688,5719259.391499999910593,7.197605227000054,51.610519829000054,1,05230130701110865515
05,5,62,032,2023,01,12,2,3,5,3,0,0,1,0,0,0,1,374891.754999999888241,5719088.092000000178814,7.193240649000074,51.608912297000074,0,05230130701110276673
05,5,13,000,2023,01,05,2,3,6,2,2,0,1,1,0,0,0,363214.355700000189245,5719743.936899999156594,7.024448103000054,51.612090232000071,1,05230130700000095114
05,5,54,068,2023,01,19,3,2,5,3,2,0,1,0,0,0,0,352228.299200000241399,5771136.016400000080466,6.843939959000068,52.071066626000061,1,05230131705000587234
05,5,70,004,2023,01,18,1,3,4,2,2,0,1,0,0,0,0,426944.475999999791384,5735643.112999999895692,7.941310557000065,51.766902096000081,0,05230129711212777897
05,5,66,068,2023,01,19,1,3,5,2,2,0,1,0,1,0,0,376099.100999999791384,5785147.700999999418855,7.186913637000032,52.202834289000066,1,05230129709300227832
05,5,66,012,2023,01,13,1,3,0,7,0,0,1,0,0,0,0,405505.235899999737740,5776311.113800000399351,7.619527940000069,52.129236409000043,0,05230129709110838293
05,5,13,000,2023,01,09,1,3,8,1,0,0,1,0,0,0,0,370640.895899999886751,5715241.353900000452995,7.133304035000037,51.573381841000071,0,05230129702340096062
05,5,62,032,2023,01,19,1,3,5,2,2,0,1,0,0,0,0,374054.822999999858439,5714756.015000000596046,7.182715114000075,51.569793078000032,0,05230129701120991830
05,5,13,000,2023,01,19,1,3,5,3,2,1,1,0,0,0,0,368932.021099999547005,5711222.780700000002980,7.110156466000035,51.536873257000082,0,05230129700000896674
05,5,13,000,2023,01,12,1,3,0,7,0,0,0,0,1,0,0,362978.536500000394881,5712111.340099999681115,7.024022162000051,51.543444481000051,1,05230129700000295114
05,5,70,004,2023,01,19,7,2,8,1,2,0,1,0,0,0,0,425457.872999999672174,5741411.417999999597669,7.918531718000054,51.818561322000050,0,05230128711211558484
05,5,66,016,2023,01,13,7,3,8,1,0,0,1,0,0,0,0,400415.183000000193715,5796989.226900000125170,7.539105825000036,52.314191476000076,0,05230128709500496953
05,5,58,036,2023,01,20,7,3,5,3,2,0,1,0,0,0,0,385743.298000000417233,5731807.505999999120831,7.345720876000030,51.725537656000029,0,05230128706000862040
05,5,54,024,2023,01,18,7,3,5,2,2,0,1,1,0,0,0,370550.259399999864399,5775867.143300000578165,7.109300715000074,52.118165890000057,0,05230128705000991837
05,5,54,028,2023,01,12,7,2,2,2,0,0,1,0,0,0,0,360168.883000000379980,5741957.047000000253320,6.971580146000065,51.810944373000041,0,05230128705000547430
05,5,62,032,2023,01,04,7,2,9,1,2,0,1,0,0,0,0,374662.257100000046194,5716309.978399999439716,7.190920629000061,51.583894098000030,0,05230128702340691247
05,5,54,016,2023,01,19,7,3,8,1,2,0,1,0,0,0,0,365843.051300000399351,5759133.004200000315905,7.047158091000028,51.966676687000074,0,05230128702340003173
05,5,15,000,2023,01,09,7,3,5,2,0,1,1,0,0,0,0,404345.676099999807775,5754772.550100000575185,7.608616597000037,51.935443060000068,0,05230128702100274700
05,5,62,004,2023,01,18,7,3,5,2,2,0,1,0,1,0,0,382080.926599999889731,5712397.415100000798702,7.299259471000028,51.550330523000071,0,05230128701800077488
05,5,58,012,2023,02,12,4,3,5,3,0,0,1,0,0,0,0,379036.458999999798834,5755774.265000000596046,7.240285577000066,51.939519991000054,1,05230201706200096588
05,5,70,024,2023,01,13,6,3,2,6,0,0,1,0,1,0,0,421152.223000000230968,5754204.300000000745058,7.853155544000060,51.932970105000038,1,05230127711161102617
05,5,70,052,2023,01,22,6,3,5,3,2,0,1,0,0,0,0,429921.661000000312924,5756342.021999999880791,7.980248508000045,51.953360779000036,0,05230127711112739522
05,5,66,060,2023,01,16,6,3,2,7,1,0,1,0,0,0,0,389206.792000000365078,5790538.688999999314547,7.376868682000065,52.254073674000040,0,05230127709500076744
05,5,66,080,2023,01,07,6,3,2,1,1,0,1,0,0,0,0,406183.143000000156462,5781299.588999999687076,7.628050608000024,52.174189060000060,1,05230127709110096566
05,5,62,024,2023,01,23,6,3,9,1,2,0,1,0,0,0,0,368769.627500000409782,5726661.217299999669194,7.102038238000034,51.675575223000067,0,05230127702340687254
05,5,12,000,2023,01,14,6,3,2,6,0,0,1,0,0,1,0,356336.808600000105798,5714215.503299999982119,6.927448673000072,51.560700470000029,0,05230127702340089370
05,5,15,000,2023,01,15,6,3,5,3,0,1,1,0,0,0,0,406290.510800000280142,5758765.771099999547005,7.635808332000067,51.971666945000038,0,05230127702100872434
05,5,62,028,2023,01,10,6,3,5,3,0,0,1,0,0,0,0,381374.058400000445545,5721860.246600000187755,7.285870197000065,51.635230159000059,1,05230127701920464262
05,5,13,000,2023,01,19,6,2,6,7,2,1,0,1,0,0,0,364640.322399999946356,5715230.274000000208616,7.046770943000070,51.571873519000064,0,05230127700000581500
05,5,70,020,2023,01,20,5,3,9,1,2,0,1,0,0,0,0,438629.586900000460446,5746693.491200000047684,8.108663913000044,51.867649604000064,1,05230126711422851184
05,5,66,056,2023,01,07,5,3,4,1,1,0,1,0,0,0,0,416515.932000000029802,5793823.600999999791384,7.776022123000075,52.288422027000081,1,05230126709800554947
05,5,66,076,2023,01,04,5,3,0,1,2,1,0,0,0,0,0,393041.209900000132620,5793900.317099999636412,7.431954265000059,52.285044001000074,2,05230126709500402376
05,5,58,016,2023,01,13,5,3,6,2,0,0,1,1,0,0,0,381415.736999999731779,5743358.903999999165535,7.279148085000031,51.828454451000027,0,05230126706100285358
05,5,54,004,2023,01,17,5,3,5,3,2,0,1,0,0,1,0,361193.915599999949336,5768217.206000000238419,6.975847616000067,52.047159993000037,0,05230126705000991865
05,5,54,020,2023,01,07,5,3,0,1,2,1,0,0,0,0,0,367769.494099999777973,5785363.045299999415874,7.065012373000059,52.202834151000047,2,05230126705000810851
05,5,15,000,2023,01,06,5,3,5,2,2,0,1,0,0,0,0,407045.281700000166893,5757867.123400000855327,7.647036008000043,51.963716201000068,1,05230126702100865913
05,5,15,000,2023,01,06,5,3,0,7,2,0,1,0,0,0,0,399876.500699999742210,5757019.402400000020862,7.542976026000076,51.954851948000055,2,05230126702100276684
05,5,62,028,2023,01,07,5,3,5,2,2,0,1,0,0,0,1,382061.161000000312924,5722872.330000000074506,7.295452903000069,51.644470770000055,2,05230126701920648786
05,5,62,004,2023,01,17,5,3,6,4,2,0,1,1,0,0,0,382061.415599999949336,5712399.531899999827147,7.298977489000038,51.550345470000082,1,05230126701800871552
05,5,62,004,2023,01,17,5,3,3,2,2,1,1,0,0,0,0,382499.083999999798834,5715516.722999999299645,7.304244871000037,51.578453131000060,1,05230126701800852518
05,5,13,000,2023,01,16,5,2,9,6,0,0,1,0,0,0,0,369716.972400000318885,5709022.574599999934435,7.122281754000028,51.517282041000044,1,05230126700000089276
05,5,13,000,2023,01,10,5,3,2,6,0,0,1,0,0,0,0,363110.888799999840558,5712092.649399999529123,7.025936857000033,51.543308638000042,1,05230126700000071570
05,5,66,028,2023,01,13,4,3,5,2,0,1,1,0,0,0,0,412473.951000000350177,5791799.265499999746680,7.717303023000056,52.269597801000032,0,05230125709700991893
05,5,66,008,2023,01,14,4,3,4,2,0,1,1,0,0,0,0,398609.971900000236928,5781227.497099999338388,7.517363050000029,52.172201517000076,0,05230125709110096566
05,5,54,012,2023,01,17,4,3,0,7,1,1,0,0,0,0,0,353048.666500000283122,5745585.513100000098348,6.866827985000043,51.841719839000064,0,05230125705000095150
05,5,62,032,2023,01,13,4,3,5,2,0,1,1,0,0,0,0,373758.467000000178814,5719182.892000000923872,7.176848937000045,51.609511311000063,0,05230125701110771521
05,5,13,000,2023,01,19,4,3,2,6,1,0,1,0,0,0,0,368506.558600000105798,5709857.335100000724196,7.104535246000069,51.524503387000038,0,05230125700000069503
05,5,62,008,2023,02,06,5,3,6,2,2,0,1,1,0,0,0,385717.840400000102818,5723664.482200000435114,7.348019315000045,51.652345495000077,0,05230202701910774430
05,5,66,008,2023,01,13,3,3,4,1,0,0,1,0,0,1,0,401072.714399999938905,5779250.442900000140071,7.553939594000042,52.154879085000061,0,05230124709000991910
05,5,58,028,2023,01,11,3,3,9,1,0,0,1,0,0,0,0,398116.436900000087917,5734969.486800000071526,7.523872844000039,51.756343653000044,0,05230124706000965773
05,5,58,016,2023,01,15,3,3,5,2,0,0,1,0,0,0,0,380058.202399999834597,5742160.200099999085069,7.259873012000071,51.817391793000070,0,05230124706000291824
05,5,54,004,2023,01,08,3,3,1,6,0,0,1,0,0,0,0,356481.593200000002980,5776078.656400000676513,6.903870901000062,52.116593731000080,0,05230124705000530801
05,5,54,064,2023,01,08,3,3,5,3,1,1,1,0,0,0,0,356859.157100000418723,5750394.391599999740720,6.920109314000058,51.885918557000082,0,05230124705000081093
05,5,62,004,2023,01,12,3,3,5,3,0,0,1,0,0,0,0,383415.634700000286102,5712072.971000000834465,7.318608447000031,51.547691864000058,0,05230124701800485337
05,5,62,014,2023,01,11,3,3,6,2,0,0,1,1,0,0,0,361422.956100000068545,5713856.155999999493361,7.000916464000056,51.558743889000027,0,05230124701300481321
05,5,13,000,2023,01,22,3,3,5,2,2,0,1,0,0,0,0,368591.147900000214577,5712684.392400000244379,7.104698580000047,51.549929131000056,0,05230124700000395087
05,5,13,000,2023,01,18,3,3,6,7,2,1,0,1,0,0,0,368619.894600000232458,5708922.556600000709295,7.106516534000036,51.516129115000069,0,05230124700000175987
05,5,62,004,2023,01,17,3,3,2,6,2,0,1,0,0,0,0,384285.534500000067055,5718017.958900000900030,7.329190071000028,51.601303233000067,0,05230124301911635444
05,5,70,040,2023,01,09,2,3,8,1,0,0,1,0,0,0,0,417620.380900000222027,5748518.521800000220537,7.803156048000062,51.881348291000052,1,05230123711231462091
05,5,70,040,2023,01,07,2,3,0,3,2,1,1,0,0,0,0,420133.124200000427663,5744093.402899999171495,7.840677037000034,51.841935049000028,0,05230123711231390740
05,5,70,024,2023,01,07,2,2,0,7,2,0,1,1,0,0,0,420451.335500000044703,5753246.377100000157952,7.843184781000048,51.924259372000051,1,05230123711161693886
05,5,66,012,2023,01,12,2,3,5,3,0,1,1,0,0,0,0,406549.294999999925494,5767753.906999999657273,7.637121749000073,52.052499467000075,0,05230123709110991938
05,5,58,012,2023,01,10,2,1,4,6,0,0,1,0,0,1,0,378625.146099999547005,5755710.619500000029802,7.234327537000070,51.938858456000048,0,05230123706000274764
05,5,54,012,2023,01,06,2,3,8,1,2,0,0,0,0,1,0,351004.773199999704957,5752020.343000000342727,6.834404780000057,51.898993507000057,0,05230123705000991944
05,5,54,020,2023,01,15,2,3,0,3,0,1,1,0,0,0,0,366876.479000000283122,5785604.960000000894070,7.051857553000048,52.204792923000070,0,05230123705000520718
05,5,15,000,2023,01,12,2,2,0,7,0,1,1,0,0,0,0,405066.600200000219047,5755265.141899999231100,7.618963858000029,51.939994142000046,2,05230123702100991908
05,5,15,000,2023,01,13,2,3,5,3,0,1,1,0,0,0,0,405425.171799999661744,5755356.486400000751019,7.624153401000058,51.940876252000066,0,05230123702100639948
05,5,15,000,2023,01,08,2,3,5,2,0,1,1,0,0,0,0,405161.176500000059605,5756925.038399999961257,7.619881306000025,51.954930133000062,1,05230123702100574736
05,5,15,000,2023,01,09,2,3,0,7,0,1,0,0,0,0,0,403503.683899999596179,5760699.297900000587106,7.594707818000074,51.988569162000033,1,05230123702100272434
05,5,12,000,2023,01,07,2,3,5,2,2,1,1,0,0,0,0,360127.241999999620020,5709857.547000000253320,6.983826201000056,51.522492225000065,0,05230123701400689547
05,5,62,020,2023,01,13,2,3,2,6,0,0,1,0,0,0,1,371393.728799999691546,5715270.052899999544024,7.144151012000066,51.573811995000028,1,05230123701200081317
05,5,13,000,2023,01,13,2,3,5,2,0,0,1,0,0,0,0,365479.995099999941885,5714341.694399999454618,7.059219992000067,51.564089302000070,0,05230123700000686166
05,5,66,008,2023,01,07,1,2,8,1,2,0,1,0,0,0,0,398934.342100000008941,5783392.565099999308586,7.521459327000059,52.191719969000076,2,05230122709110991956
05,5,58,036,2023,01,19,1,3,8,1,2,0,1,0,0,0,0,387751.860700000077486,5729438.265399999916553,7.375552650000031,51.704649150000080,1,05230122706300096613
05,5,66,088,2023,01,11,1,2,8,1,0,0,1,0,0,0,0,423051.300300000235438,5786550.868799999356270,7.873475257000052,52.224002779000045,1,05230122702350549910
05,5,66,040,2023,01,09,1,3,9,1,0,0,1,0,0,0,0,420796.129499999806285,5785024.342000000178814,7.840824211000040,52.209961471000042,2,05230122702350449910
05,5,66,048,2023,01,15,1,3,2,6,1,0,1,0,0,0,0,427015.229899999685585,5791967.890200000256300,7.930325153000069,52.273235990000046,1,05230122702350096661
05,5,62,032,2023,01,05,1,2,8,7,2,0,1,0,0,0,0,374635.500199999660254,5715752.316099999472499,7.190733738000063,51.578876371000035,1,05230122702340868250
05,5,15,000,2023,01,15,1,3,5,3,0,0,1,0,0,0,0,397578.482099999673665,5756849.682099999859929,7.509597322000047,51.952908023000077,1,05230122702100579224
05,5,15,000,2023,01,13,1,3,0,2,0,1,1,0,0,0,0,402894.179700000211596,5755013.039400000125170,7.587442185000043,51.937353270000074,1,05230122702100096667
05,5,66,076,2023,01,02,7,3,9,1,2,0,0,0,0,0,1,400870.263100000098348,5794569.633700000122190,7.546491844000059,52.292527508000035,0,05230121709500579092
05,5,66,076,2023,01,16,7,3,5,2,0,0,1,0,0,0,1,396974.181099999696016,5795800.032700000330806,7.489009576000058,52.302868825000076,1,05230121709500076633
05,5,66,076,2023,01,03,7,2,5,3,2,0,1,0,0,0,0,394355.167000000365078,5794381.585999999195337,7.451058693000050,52.289623423000080,1,05230121709500070593
05,5,54,036,2023,01,10,7,3,5,3,0,0,1,0,0,0,0,370823.762000000104308,5766214.554999999701977,7.116947178000032,52.031491946000074,1,05230121705000855673
05,5,54,040,2023,01,12,7,3,2,6,0,1,1,0,0,0,0,350227.154000000096858,5737356.202999999746680,6.829457377000040,51.767031589000055,0,05230121705000091730
05,5,15,000,2023,01,18,7,3,4,6,2,0,1,0,0,0,0,402548.228000000119209,5760696.256999999284744,7.580798808000054,51.988375019000046,1,05230121702100956377
05,5,15,000,2023,01,12,7,3,2,6,0,1,0,0,0,0,0,405554.981100000441074,5756711.445000000298023,7.625668973000074,51.953077281000049,0,05230121702100055910
05,5,62,014,2023,01,14,7,3,5,3,0,1,1,0,0,0,0,358014.462600000202656,5714112.630100000649691,6.951676084000042,51.560200879000035,0,05230121701300695791
05,5,70,028,2023,01,09,6,2,5,3,0,0,1,0,0,0,0,442572.349000000394881,5738459.267999999225140,8.167287753000039,51.794041592000042,1,05230120711411197002
05,5,66,084,2023,01,00,6,2,8,1,2,0,1,0,0,0,0,385843.524000000208616,5778284.186000000685453,7.331748373000039,52.143257010000070,0,05230120709110893607
05,5,58,012,2023,01,16,6,3,2,6,0,0,1,0,0,0,0,373920.988699999637902,5757142.881699999794364,7.165406882000070,51.950683445000038,0,05230120706200991974
05,5,58,016,2023,01,22,6,3,8,7,2,0,1,0,0,0,0,386264.171199999749660,5745091.551799999549985,7.348905019000028,51.845034735000070,1,05230120706100795147
05,5,54,020,2023,01,06,6,3,5,2,2,0,1,0,0,0,0,368168.679999999701977,5785413.915999999269843,7.070830443000034,52.203386864000038,0,05230120705000120913
05,5,62,020,2023,01,21,6,3,2,6,2,0,1,0,0,1,0,371519.430700000375509,5715405.359899999573827,7.145914438000034,51.575056648000043,1,05230120702340096605
05,5,58,004,2023,01,13,6,2,8,1,0,0,1,0,0,0,0,403600.794700000435114,5742890.172100000083447,7.601104673000066,51.828510351000034,0,05230120702330391321
05,5,15,000,2023,01,15,6,3,1,6,0,0,1,0,0,0,0,408939.457999999634922,5758567.725800000131130,7.674412044000064,51.970327127000076,0,05230120702100966482
05,5,15,000,2023,01,13,6,3,6,4,0,0,1,1,0,0,0,398682.342199999839067,5753570.277200000360608,7.526620606000051,51.923634676000063,0,05230120702100405104
05,5,62,008,2023,01,17,6,3,8,7,2,0,1,0,0,0,0,384563.417000000365078,5724317.798000000417233,7.331123686000069,51.657981417000030,0,05230120701910889587
05,5,62,004,2023,01,20,6,3,5,2,2,0,1,0,0,0,0,384015.245099999941885,5710392.288100000470877,7.327805961000024,51.532709738000051,0,05230120701800380946
05,5,12,000,2023,01,11,6,3,5,2,0,0,1,0,0,0,1,356499.353000000119209,5709618.369799999520183,6.931666164000035,51.519432941000048,0,05230120701400778100
05,5,12,000,2023,01,18,6,2,5,2,2,0,1,0,0,0,0,360530.745299999602139,5709621.104299999773502,6.989732166000067,51.520467297000039,0,05230120701400289645
05,5,62,014,2023,01,07,6,3,5,2,2,1,1,0,0,0,0,359183.669900000095367,5715966.025800000876188,6.967789236000044,51.577148535000049,1,05230120701300881321
05,5,70,044,2023,01,07,5,3,2,6,2,0,1,0,0,0,1,413083.364799999631941,5759678.904300000518560,7.734438078000039,51.980978776000029,1,05230119711142782074
05,5,66,088,2023,01,15,5,3,5,3,0,0,1,0,1,0,0,411942.941700000315905,5781702.798100000247359,7.712151687000073,52.178762571000050,0,05230119709800338293
05,5,58,008,2023,01,20,5,2,9,1,2,0,1,0,0,0,0,389746.889399999752641,5763265.571699999272823,7.393619538000053,52.009073197000077,2,05230119706000593452
05,5,54,016,2023,01,20,5,2,0,1,2,1,0,0,0,0,0,362174.917000000365078,5757692.948000000789762,6.994375918000060,51.952839754000081,2,05230119705000991986
05,5,54,044,2023,01,20,5,2,8,1,2,0,1,0,0,0,0,366602.060899999924004,5745142.213099999353290,7.063615014000050,51.841138756000078,2,05230119705000887252
05,5,54,028,2023,01,07,5,2,4,1,2,0,1,0,0,0,0,360236.616499999538064,5743344.547199999913573,6.972002196000062,51.823428839000030,2,05230119705000881030
05,5,54,044,2023,01,08,5,3,4,1,1,0,1,0,0,0,0,365910.530399999581277,5745347.236999999731779,7.053503613000032,51.842815478000034,2,05230119705000481093
05,5,54,004,2023,01,15,5,3,2,6,0,0,1,0,0,0,0,364166.106900000013411,5770247.018500000238419,7.018354376000048,52.066135153000062,0,05230119705000196576
05,5,54,012,2023,01,07,5,3,9,6,2,0,1,0,0,0,1,351942.785000000149012,5743638.347100000828505,6.851619973000027,51.823932660000082,2,05230119705000095150
05,5,15,000,2023,01,07,5,3,6,4,2,0,1,1,0,0,0,410923.639800000004470,5759765.954700000584126,7.702977100000055,51.981419178000067,2,05230119702100079098
05,5,62,032,2023,01,13,5,3,7,1,0,0,1,0,0,0,0,373556.931800000369549,5715889.421900000423193,7.175126886000044,51.579867626000066,1,05230119702340091821
05,5,62,024,2023,01,15,5,3,0,7,0,0,0,0,0,0,1,369372.192999999970198,5724946.144799999892712,7.111389151000026,51.660303040000031,1,05230119701500198960
05,5,62,032,2023,01,07,5,3,6,4,1,0,1,1,0,0,0,376221.432300000451505,5714690.550300000235438,7.213984067000069,51.569684534000032,2,05230119701120791372
05,5,66,012,2023,01,11,6,2,1,7,0,0,1,0,0,1,0,405529.508700000122190,5768740.293600000441074,7.621981071000050,52.061192469000048,0,05230127702350901414
05,5,58,044,2023,01,16,4,3,3,6,0,0,1,0,1,0,0,396206.874200000427663,5746888.643899999558926,7.492646360000037,51.863124131000063,0,05230125706000060644
05,5,66,012,2023,02,14,6,3,5,3,0,1,1,0,0,0,0,404523.864699999801815,5772127.906899999827147,7.606368645000032,52.091468553000027,1,05230203709110572364
05,5,70,052,2023,01,18,4,3,1,6,2,0,1,0,0,0,0,426406.535400000400841,5756916.139900000765920,7.928984280000066,51.958067731000028,0,05230118711112260675
05,5,70,052,2023,01,05,4,3,1,5,2,0,1,0,0,1,0,430248.253700000233948,5757190.424200000241399,7.984827886000062,51.961028644000066,0,05230118711111381000
05,5,66,056,2023,01,17,4,3,4,1,2,0,1,0,0,0,1,416699.565899999812245,5793445.088400000706315,7.778807316000041,52.285047645000077,1,05230118709700992016
05,5,66,068,2023,01,13,4,3,0,7,0,0,1,0,0,0,1,373209.856100000441074,5784383.895199999213219,7.144943890000036,52.195313793000082,0,05230118709300992021
05,5,58,016,2023,01,11,4,3,1,6,0,0,1,0,0,0,0,381501.622200000099838,5743715.593200000002980,7.280271694000021,51.831678301000068,0,05230118706100995025
05,5,54,048,2023,01,17,4,3,3,2,2,1,1,0,0,0,0,341677.816999999806285,5745013.654899999499321,6.702166509000051,51.833474421000062,1,05230118705000796584
05,5,54,008,2023,01,11,4,2,5,3,0,1,1,0,0,0,0,335201.578200000338256,5742184.155300000682473,6.609605494000050,51.806182888000080,1,05230118705000681025
05,5,54,012,2023,01,07,4,3,8,6,1,0,1,0,0,0,1,346987.703900000080466,5743340.300300000235438,6.779908409000029,51.819920001000071,0,05230118705000591796
05,5,58,016,2023,01,07,4,2,0,7,1,0,0,0,0,1,0,383035.937599999830127,5746634.793099999427795,7.301540725000052,51.858237249000069,2,05230118702330191801
05,5,15,000,2023,01,06,4,3,5,2,2,0,1,0,0,0,0,407188.062900000251830,5755357.531700000166893,7.649791368000024,51.941182513000058,1,05230118702100572392
05,5,15,000,2023,01,07,4,3,5,3,2,1,1,0,0,0,0,399109.754800000227988,5757238.271700000390410,7.531757809000055,51.956680587000051,0,05230118702100570584
05,5,62,008,2023,01,16,4,3,4,2,0,1,1,0,0,0,0,385397.847500000149012,5723437.935200000181794,7.343470048000029,51.650244209000050,0,05230118701910185415
05,5,62,016,2023,01,07,4,3,1,6,2,0,1,0,0,0,0,375092.327200000174344,5733629.525599999353290,7.190935036000042,51.739640491000046,0,05230118701700580958
05,5,62,020,2023,01,14,4,3,1,3,0,1,1,0,0,0,0,371738.179499999620020,5716317.351500000804663,7.148736310000061,51.583302446000062,0,05230118701200395124
05,5,62,020,2023,01,10,4,3,9,1,0,0,1,0,0,0,0,370236.446999999694526,5718873.774000000208616,7.126128043000051,51.605932653000082,2,05230118701200347517
05,5,62,032,2023,01,16,4,3,6,4,0,0,1,1,0,0,0,379507.788999999873340,5717351.621200000867248,7.260466275000056,51.594312679000041,0,05230118701120895117
05,5,13,000,2023,01,17,4,3,8,1,2,0,1,0,0,0,0,364234.477099999785423,5712686.313899999484420,7.041900711000039,51.548914953000065,0,05230118700000591807
05,5,54,028,2023,02,05,4,2,4,2,2,0,0,0,0,1,1,360950.534699999727309,5741594.763100000098348,6.983056715000032,51.807883980000042,1,05230201705000991635
05,5,70,008,2023,01,17,2,2,2,6,2,0,1,0,0,0,0,431142.316999999806285,5732709.791999999433756,8.002714679000064,51.741063683000050,0,05230123711311794427
05,5,54,004,2023,02,13,5,3,5,3,0,1,1,0,0,0,0,365245.400000000372529,5771831.152000000700355,7.033464301000038,52.080633064000040,0,05230202705000281102
05,5,70,036,2023,01,15,3,3,6,4,0,0,1,1,0,0,0,434111.787499999627471,5760368.807000000029802,8.040439033000041,51.990072761000079,0,05230117711121487261