ULAND,UREGBEZ,UKREIS,UGEMEINDE,UJAHR,UMONAT,USTUNDE,UWOCHENTAG,UKATEGORIE,UART,UTYP1,ULICHTVERH,IstRad,IstPKW,IstFuss,IstKrad,IstGkfz,IstSonstige,LINREFX,LINREFY,XGCSWGS84,YGCSWGS84,STRZUSTAND,UIDENTSTLAE
05,5,66,016,2023,01,08,3,3,5,3,1,1,1,0,0,0,0,404017.813000000081956,5794597.677999999374151,7.592620041000032,52.293338441000060,1,05230117709500812492
05,5,58,040,2023,01,14,3,2,2,1,0,0,1,0,0,0,1,369479.741000000387430,5760608.460999999195337,7.099502232000020,51.980800963000036,0,05230117706000992041
05,5,58,016,2023,01,05,3,3,5,3,2,0,1,0,0,0,0,383731.691999999806285,5741667.255000000819564,7.313308486000039,51.813737851000042,1,05230117706000086168
05,5,54,004,2023,01,16,3,3,6,7,1,0,1,1,0,0,0,357315.591099999845028,5777240.856200000271201,6.915555643000062,52.127251719000071,0,05230117705000390508
05,5,12,000,2023,01,16,3,3,7,6,0,0,1,0,0,1,1,354534.166000000201166,5712352.278000000864267,6.902232117000040,51.543496231000063,0,05230117702340791821
05,5,15,000,2023,01,17,3,3,0,4,1,1,0,1,0,0,0,404390.587100000120699,5758889.660599999129772,7.608124099000065,51.972456914000077,0,05230117702100796747
05,5,15,000,2023,01,14,3,3,0,7,0,0,1,0,0,0,0,405620.794999999925494,5756975.964099999517202,7.626553721000050,51.955466069000067,0,05230117702100662435
05,5,15,000,2023,01,08,3,3,5,3,0,1,1,0,0,0,0,407900.576000000350177,5760301.456000000238419,7.658827922000057,51.985739632000048,0,05230117702100372434
05,5,62,036,2023,01,17,3,3,5,3,2,0,1,0,1,0,0,391115.061700000427663,5721770.170299999415874,7.426594756000043,51.636390526000071,0,05230117701930448786
05,5,62,024,2023,01,17,3,3,5,3,2,0,1,0,0,0,1,367576.703999999910593,5724579.455000000074506,7.085584465000068,51.656587618000060,0,05230117701500573596
05,5,62,032,2023,01,20,3,3,6,2,2,0,1,1,0,0,0,375676.778800000436604,5720969.995999999344349,7.203903907000040,51.625999091000040,0,05230117701110281810
05,5,13,000,2023,01,06,3,2,5,3,2,0,1,0,0,0,0,368023.902700000442564,5705267.950099999085069,7.099299149000046,51.483147076000080,1,05230117700000994943
05,5,13,000,2023,01,18,3,3,2,6,2,0,1,0,0,0,0,367422.740000000223517,5708573.354000000283122,7.089404449000028,51.512711253000077,0,05230117700000667040
05,5,13,000,2023,01,17,3,3,6,2,1,0,1,1,0,0,0,364497.536899999715388,5713454.693399999290705,7.045396339000035,51.555883160000064,0,05230117700000596563
05,5,12,000,2023,02,14,5,3,5,3,0,1,1,0,0,0,0,357031.639000000432134,5709681.154999999329448,6.939307401000065,51.520132094000076,1,05230202701400275422
05,5,70,024,2023,03,14,2,2,6,4,0,1,0,1,0,0,0,420175.966300000436604,5753154.336500000208616,7.839202529000033,51.923392582000076,0,05230306711100051246
05,5,15,000,2023,03,17,2,3,5,3,0,1,1,0,0,0,0,406140.707700000144541,5750914.709300000220537,7.635770560000026,51.901072387000056,0,05230306702100845124
05,5,62,008,2023,03,07,2,3,5,2,0,0,1,0,0,0,0,383605.055300000123680,5719893.748299999162555,7.318746302000022,51.618022015000065,0,05230306701910363564
05,5,62,024,2023,03,18,2,3,2,6,1,0,1,0,0,0,0,366395.691999999806285,5724591.475999999791384,7.068516636000027,51.656416174000071,1,05230306701500471940
05,5,62,020,2023,03,14,2,2,5,3,0,0,1,0,0,0,0,369729.850999999791384,5719584.984999999403954,7.118552421000061,51.612207132000037,0,05230306701200867108
05,5,66,072,2023,03,16,1,3,2,1,0,0,1,0,0,0,0,412775.963999999687076,5802147.180099999532104,7.719044964000034,52.362655224000036,0,05230305709700857410
05,5,58,020,2023,03,15,1,2,5,3,0,0,1,0,0,0,0,392830.792999999597669,5761760.187000000849366,7.439004344000068,51.996147400000041,0,05230305706000395563
05,5,15,000,2023,03,03,1,3,8,7,2,0,0,0,0,0,1,405698.818099999800324,5756943.650200000032783,7.627697663000049,51.955188854000028,0,05230305702100776698
05,5,12,000,2023,03,17,1,3,2,6,0,0,1,0,0,0,0,360186.951500000432134,5712009.357599999755621,6.983831959000042,51.541843412000048,1,05230305701400994388
05,5,13,000,2023,03,08,1,3,8,1,0,0,1,0,0,0,0,369042.925699999555945,5707969.386700000613928,7.112963865000040,51.507661365000047,1,05230305700000289520
05,5,70,020,2023,03,23,7,3,1,5,2,0,1,0,0,0,0,427185.669800000265241,5743194.143100000917912,7.943219196000030,51.834815285000047,0,05230304711400087314
05,5,66,040,2023,03,23,7,3,0,7,2,1,0,0,0,0,0,424903.095499999821186,5780142.704299999400973,7.902000350000037,52.166655367000033,0,05230304709800696660
05,5,15,000,2023,03,16,7,3,4,3,0,1,1,0,0,0,0,408143.343000000342727,5761316.994999999180436,7.662090052000053,51.994908022000061,0,05230304702100079127
05,5,70,008,2023,03,09,6,2,2,6,0,0,1,0,0,1,0,433550.790699999779463,5736166.830700000748038,8.036930932000075,51.772433460000059,0,05230303711300794427
05,5,70,004,2023,03,08,6,3,0,3,0,1,1,0,0,0,0,425355.297000000253320,5735346.346000000834465,7.918349001000024,51.764024612000071,0,05230303711200890830
05,5,70,016,2023,03,07,6,3,2,6,0,0,1,0,0,0,0,409372.712700000032783,5740237.583599999547005,7.685533276000058,51.805632811000066,0,05230303711200487304
05,5,70,052,2023,03,14,6,3,0,7,0,0,0,1,0,0,1,429495.097299999557436,5756505.037599999457598,7.974008949000051,51.954772306000052,0,05230303711100487261
05,5,66,008,2023,03,16,6,3,1,6,0,0,1,0,0,0,0,399992.415599999949336,5782176.296900000423193,7.537291738000022,52.180981379000059,0,05230303709110555930
05,5,54,012,2023,03,19,6,3,2,1,2,0,1,0,0,0,0,352961.845399999991059,5745672.869300000369549,6.865531483000041,51.842481877000068,0,05230303705000095967
05,5,54,016,2023,03,20,6,3,8,1,2,0,1,0,0,0,0,366082.737599999643862,5761910.446799999102950,7.049560912000061,51.991691964000040,0,05230303702340003173
05,5,62,008,2023,03,16,6,3,5,3,0,0,1,0,1,0,0,382475.982599999755621,5721082.318199999630451,7.302046431000065,51.628469774000052,0,05230303701910494975
05,5,62,014,2023,03,19,6,2,5,2,2,1,1,0,0,0,0,360804.372000000439584,5716332.746999999508262,6.991017711000040,51.580846452000060,0,05230303701300375487
05,5,62,032,2023,03,13,6,3,5,2,0,0,1,0,0,0,1,374905.614599999971688,5720803.885999999940395,7.192828185000053,51.624335342000052,0,05230303701110975484
05,5,62,032,2023,03,07,6,3,4,6,0,1,0,0,0,0,1,375600.770800000056624,5719706.628100000321865,7.203254994000076,51.614628258000039,0,05230303701110167108
05,5,15,000,2023,03,15,2,3,2,6,0,0,1,0,0,0,0,405140.491999999620020,5759108.604599999263883,7.618977215000029,51.974553370000081,0,05230306702100076732
05,5,70,008,2023,03,01,5,3,9,1,2,0,1,0,0,0,0,429895.474899999797344,5732035.884500000625849,7.984795124000073,51.734850687000062,0,05230302711300802633
05,5,66,056,2023,03,14,5,3,0,2,0,0,1,0,0,1,0,414753.608000000007451,5798628.915999999269843,7.748973753000030,52.331343267000079,0,05230302709700991197
05,5,66,016,2023,03,15,5,3,5,3,0,0,1,0,0,0,0,404771.861800000071526,5793172.878499999642372,7.604075639000030,52.280663775000050,0,05230302709500579128
05,5,54,012,2023,03,16,5,3,3,2,0,1,1,0,0,0,0,352814.116000000387430,5746293.858999999240041,6.863124293000055,51.848022512000057,0,05230302705000695046
05,5,54,012,2023,03,19,5,2,5,3,2,0,1,0,0,0,0,353600.546000000089407,5752241.405999999493361,6.872011224000062,51.901667710000027,0,05230302705000096108
05,5,15,000,2023,03,17,5,3,1,7,0,0,1,0,0,0,0,409745.406100000254810,5758791.300899999216199,7.686082271000032,51.972468223000078,0,05230302702100805104
05,5,62,004,2023,03,16,5,3,0,7,0,0,0,0,0,0,1,383119.055399999953806,5717784.047299999743700,7.312432966000074,51.598960038000030,0,05230302701800549723
05,5,62,004,2023,03,11,5,3,5,3,0,0,1,0,0,0,0,383118.333599999547005,5717781.715600000694394,7.312423326000044,51.598938932000067,0,05230302701800485337
05,5,62,016,2023,03,10,5,3,1,6,0,0,1,0,0,0,0,374908.803399999625981,5732975.126000000163913,7.188513684000043,51.733718557000032,0,05230302701700076702
05,5,62,020,2023,03,16,5,3,3,6,0,0,0,0,0,0,1,370836.061999999918044,5717600.301000000908971,7.135250884000072,51.594626055000049,0,05230302701200375230
05,5,62,032,2023,03,14,5,3,2,6,0,0,1,0,1,0,0,377708.247299999929965,5717461.585300000384450,7.234461330000045,51.594913184000063,0,05230302701110281317
05,5,13,000,2023,03,15,5,3,5,2,0,1,1,0,0,0,0,366643.224200000055134,5714630.634199999272823,7.075882553000042,51.566962139000054,0,05230302700000772394
05,5,13,000,2023,03,13,5,3,2,6,0,0,1,0,0,0,0,364390.638899999670684,5709824.588899999856949,7.045253867000042,51.523235809000028,0,05230302700000548340
05,5,70,040,2023,03,15,4,3,4,6,0,0,1,0,0,0,1,418361.917500000447035,5745698.228000000119209,7.814593648000027,51.856105082000056,0,05230301711200785563
05,5,66,028,2023,03,11,4,3,2,1,0,0,1,0,0,0,0,412297.690799999982119,5791638.914899999275804,7.714762314000041,52.268128440000055,0,05230301709700991222
05,5,66,016,2023,03,11,4,3,5,3,0,0,1,0,0,0,1,401466.641699999570847,5796625.900900000706315,7.554631600000050,52.311115760000064,0,05230301709500796635
05,5,66,024,2023,03,12,4,3,0,3,0,1,1,0,0,0,0,383937.258000000379980,5771182.801000000908971,7.306324399000061,52.079040690000056,0,05230301709300579126
05,5,66,012,2023,03,11,4,3,8,1,0,0,1,0,0,0,0,406187.666500000283122,5774054.114700000733137,7.630116610000073,52.109066308000081,0,05230301709110739100
05,5,58,016,2023,03,09,4,2,3,2,0,1,0,0,0,1,0,382102.957999999634922,5744734.537000000476837,7.288647260000062,51.840962993000062,0,05230301706000894962
05,5,58,016,2023,03,13,4,3,5,3,0,1,1,0,0,0,0,380328.911999999545515,5744834.052999999374151,7.262874071000056,51.841479974000038,0,05230301706000281061
05,5,13,000,2023,03,09,4,3,2,6,0,0,0,0,0,1,1,366296.647599999792874,5709793.128799999132752,7.072723197000073,51.523407529000053,0,05230301702340579606
05,5,15,000,2023,03,12,4,3,0,7,0,0,1,0,0,0,1,406377.735299999825656,5750917.503900000825524,7.639213907000055,51.901137385000027,0,05230301702100091784
05,5,62,036,2023,03,06,4,3,0,1,2,0,0,0,1,0,0,392626.155000000260770,5720149.482000000774860,7.448918604000028,51.622113898000066,0,05230301701930055844
05,5,62,024,2023,03,17,4,3,0,7,1,0,0,0,0,0,1,369426.519500000402331,5724976.923699999228120,7.112162643000033,51.660592262000080,0,05230301701500772330
05,5,12,000,2023,03,11,4,3,6,2,0,0,1,1,0,0,0,355929.231800000183284,5709659.668199999257922,6.923437684000021,51.519658917000072,0,05230301701400875252
05,5,62,014,2023,03,13,4,3,5,3,0,0,1,0,0,0,1,360016.036999999545515,5715768.838999999687076,6.979872184000044,51.575583927000082,0,05230301701300094970
05,5,15,000,2023,03,20,2,2,3,7,2,0,0,0,0,1,1,400504.507100000046194,5754575.254599999636412,7.552819077000038,51.932996239000033,1,05230306702330096583
05,5,70,004,2023,02,08,3,3,9,7,0,0,1,0,0,0,0,422682.193300000391901,5734431.145199999213219,7.879825440000047,51.755434563000051,0,05230228711200153662
05,5,70,052,2023,02,19,3,2,5,3,2,0,1,0,0,0,0,429582.535099999979138,5761772.798599999397993,7.974200028000041,52.002138190000039,0,05230228711100291830
05,5,66,084,2023,02,10,3,3,6,2,0,0,1,1,0,0,0,386523.367999999783933,5778997.031999999657273,7.341440847000058,52.149803408000082,0,05230228709300579126
05,5,66,012,2023,02,15,3,3,5,3,0,1,1,0,0,0,0,401233.515499999746680,5775422.351099999621511,7.557401433000052,52.120501394000030,0,05230228709110996547
05,5,66,008,2023,02,14,3,2,5,2,0,1,0,0,0,0,0,399181.779000000096858,5781477.759999999776483,7.525647266000021,52.174555576000046,0,05230228709110079240
05,5,66,068,2023,02,16,3,3,1,6,0,0,1,0,0,0,0,377527.762000000104308,5785557.194000000134110,7.207660504000046,52.206833367000058,0,05230228709000021110
05,5,54,024,2023,02,06,3,3,5,3,2,1,1,0,0,0,0,365557.820100000128150,5773539.406400000676513,7.037347126000043,52.096058614000071,0,05230228705000189360
05,5,12,000,2023,02,23,3,3,5,3,2,0,1,0,0,0,0,356700.408999999985099,5712034.059000000357628,6.933579124000062,51.541190956000037,0,05230228701400381321
05,5,62,014,2023,02,09,3,3,5,3,0,0,1,0,0,0,0,360870.083999999798834,5717815.982000000774860,6.991377598000042,51.594191122000041,0,05230228701300975487
05,5,62,032,2023,02,16,3,3,2,6,0,0,1,0,0,0,0,375689.584999999962747,5717793.518999999389052,7.205215349000071,51.597454485000071,0,05230228701110247170
05,5,66,072,2023,02,04,2,3,8,1,2,0,1,0,0,0,0,412407.447999999858439,5799206.256200000643730,7.714401684000052,52.336162965000028,0,05230227709700181018
05,5,66,008,2023,02,06,2,2,5,2,2,1,1,0,0,0,0,399120.371000000275671,5779921.178999999538064,7.525212269000065,52.160554239000078,0,05230227709110179618
05,5,58,040,2023,02,12,2,3,1,1,0,0,1,0,0,1,0,378096.784300000406802,5764456.506599999964237,7.223538341000051,52.017339398000047,0,05230227706000070573
05,5,58,008,2023,02,09,2,2,9,1,0,0,1,0,0,0,0,384875.719200000166893,5762904.591600000858307,7.322800411000060,52.004840088000037,0,05230227706000070572
05,5,54,020,2023,02,17,2,3,0,7,0,1,0,0,0,0,0,366722.070500000379980,5782252.456100000068545,7.050917568000045,52.174631828000031,0,05230227705000076688
05,5,15,000,2023,02,15,2,3,2,6,0,0,1,0,0,0,0,405575.529199999757111,5754411.415400000289083,7.626599517000045,51.932407047000027,0,05230227702100396580
05,5,62,036,2023,02,13,2,3,2,6,0,0,1,0,0,0,0,388708.266200000420213,5719975.917700000107288,7.392400994000070,51.619792755000049,0,05230227701930955844
05,5,62,016,2023,02,07,2,3,5,3,0,1,1,0,0,0,0,374555.781799999997020,5734321.850999999791384,7.182918682000036,51.745742460000031,0,05230227701700885465
05,5,62,012,2023,02,15,2,3,4,6,0,0,0,0,0,1,0,355933.171199999749660,5724471.483100000768900,6.917415820000031,51.652753962000077,0,05230227701610389700
05,5,12,000,2023,02,09,2,2,2,6,0,0,1,0,0,0,0,360910.304600000381470,5711408.528400000184774,6.994493559000034,51.536622991000058,0,05230227701400748096
05,5,12,000,2023,02,11,2,3,5,3,0,0,1,0,0,0,0,358931.633000000379980,5718443.939999999478459,6.963158536000037,51.599351827000078,0,05230227701400699256
05,5,12,000,2023,02,15,2,3,5,3,0,0,1,0,0,0,0,359268.127000000327826,5720075.570000000298023,6.967358890000071,51.614097669000046,0,05230227701400691092
05,5,12,000,2023,02,20,2,3,6,4,2,0,0,1,1,0,0,357020.480999999679625,5709681.128499999642372,6.939146697000069,51.520129032000057,0,05230227701400381321
05,5,62,032,2023,02,09,2,3,2,6,0,0,1,0,0,0,0,378674.322999999858439,5717809.002000000327826,7.248281471000041,51.598244444000045,0,05230227701110581810
05,5,15,000,2023,03,18,4,3,5,3,0,1,1,0,0,0,0,404393.658999999985099,5759063.542999999597669,7.608120370000051,51.974020358000075,0,05230301702100879101
05,5,13,000,2023,02,16,2,3,1,7,0,0,1,0,0,0,0,368749.808000000193715,5707292.399000000208616,7.108994564000056,51.501509395000028,0,05230227700000105127
05,5,58,008,2023,02,05,1,3,4,6,2,0,1,0,0,0,0,379124.496500000357628,5761967.232799999415874,7.239385517000073,51.995193870000037,0,05230226706200457397
05,5,58,044,2023,02,15,1,3,5,3,0,1,1,0,0,0,0,395789.066899999976158,5746291.812699999660254,7.486760983000067,51.857681912000032,0,05230226706000991285
05,5,54,052,2023,02,03,1,1,9,1,2,0,1,0,0,0,0,375165.763000000268221,5773578.752499999478459,7.177514426000073,52.098663236000050,0,05230226705000991760
05,5,54,016,2023,02,09,1,3,5,3,0,1,1,0,0,0,0,364566.462000000290573,5751352.143999999389052,7.031649897000023,51.896450322000078,0,05230226705000047428
05,5,15,000,2023,02,10,1,3,5,7,0,0,1,0,0,0,0,411820.853000000119209,5759395.851999999955297,7.716132797000057,51.978235552000058,0,05230226702100476693
05,5,66,040,2023,02,09,7,2,3,6,0,0,1,0,0,0,0,418051.016999999992549,5783607.024399999529123,7.801000895000072,52.196820263000063,1,05230225702350572418
05,5,13,000,2023,02,16,7,3,2,6,0,0,1,0,0,0,0,367334.012799999676645,5714690.089600000530481,7.085821041000031,51.567659384000081,0,05230225702340089370
05,5,15,000,2023,02,17,7,3,0,6,0,1,1,0,0,0,0,404967.847000000067055,5755242.587400000542402,7.617533938000065,51.939774554000053,0,05230225702100439948
05,5,62,014,2023,02,14,7,3,2,6,0,0,1,0,0,0,0,360537.919499999843538,5714329.604000000283122,6.987969743000065,51.562780211000074,0,05230225701300589553
05,5,62,032,2023,02,13,7,3,1,5,0,0,1,0,0,1,0,376190.551199999637902,5715534.190400000661612,7.213241381000046,51.577259749000063,0,05230225701120257480
05,5,62,016,2023,02,15,7,3,4,6,0,0,1,0,0,0,0,370476.488900000229478,5732450.455600000917912,7.124559553000040,51.727996970000049,0,05230225701700585350
05,5,70,008,2023,02,06,7,2,2,6,2,0,1,0,0,0,0,430134.128399999812245,5732365.115000000223517,7.988184453000031,51.737840256000027,1,05230225301911584977
05,5,70,044,2023,02,12,6,1,4,6,0,0,1,0,0,0,0,419229.556800000369549,5758454.233699999749660,7.824197670000046,51.970897634000039,1,05230224711100272800
05,5,66,088,2023,02,18,6,3,2,6,0,0,1,0,0,0,0,423686.508000000379980,5787800.255100000649691,7.882490759000063,52.235321761000080,1,05230224702350305220
05,5,15,000,2023,02,05,6,3,0,3,2,1,1,0,0,0,0,407014.230600000359118,5755624.479900000616908,7.647191063000037,51.943552962000069,0,05230224702100091784
05,5,62,008,2023,02,12,6,2,1,5,0,1,1,0,0,0,0,384817.410500000230968,5722557.479499999433756,7.335373766000032,51.642212317000030,1,05230224701910077767
05,5,62,024,2023,02,16,6,3,5,3,0,1,1,0,0,0,0,370771.320600000210106,5725484.295600000768900,7.131407031000037,51.665462686000069,1,05230224701500779216
05,5,62,014,2023,02,16,6,3,2,6,0,0,1,0,0,0,0,361366.477300000376999,5714018.764599999412894,7.000038129000075,51.560191237000026,1,05230224701300678100
05,5,62,014,2023,02,23,6,3,8,1,2,0,1,0,0,0,0,361224.528199999593198,5714429.951300000771880,6.997829358000047,51.563851310000075,0,05230224701300573561
05,5,62,014,2023,02,07,6,2,0,7,0,0,1,0,0,1,0,360099.859000000171363,5713239.246999999508262,6.982087843000045,51.552873709000039,0,05230224701300499256
05,5,62,032,2023,02,13,6,3,5,2,0,0,1,0,0,0,1,376149.050400000065565,5715230.005400000140071,7.212750032000031,51.574516851000055,1,05230224701120357480
05,5,58,004,2023,03,14,5,2,2,1,0,0,1,0,0,1,0,406879.518199999816716,5732098.353199999779463,7.651564596000071,51.732061047000059,0,05230302702340796526
05,5,13,000,2023,02,12,7,3,1,5,0,0,1,0,0,0,0,366645.758200000040233,5708117.036499999463558,7.078386566000063,51.508427631000075,0,05230225700000605127
05,5,66,076,2023,02,22,5,3,5,3,2,0,1,0,0,0,0,392804.047000000253320,5793219.307000000029802,7.428695358000027,52.278877460000047,1,05230223709500436097
05,5,58,024,2023,02,00,5,2,8,7,2,0,1,0,0,0,0,387614.179100000299513,5735466.421299999579787,7.371614699000077,51.758801092000056,1,05230223706300494956
05,5,66,040,2023,02,20,5,3,9,6,2,0,1,0,0,0,0,416193.265899999998510,5781379.737400000914931,7.774377377000064,52.176520770000081,1,05230223702350691778
05,5,15,000,2023,02,05,5,3,6,2,2,0,1,1,0,0,0,408942.902099999599159,5756254.076999999582767,7.675075492000076,51.949531198000045,1,05230223702100709117
05,5,15,000,2023,02,12,5,3,5,2,0,1,1,0,0,0,0,406322.628999999724329,5756457.540999999269843,7.636905299000034,51.950924902000054,1,05230223702100064312
05,5,62,008,2023,02,16,5,3,5,3,0,1,1,0,0,0,0,384492.813099999912083,5721613.252900000661612,7.330996435000031,51.633659318000070,1,05230223701910264262
05,5,62,014,2023,02,07,5,3,6,2,0,0,1,1,0,0,0,360736.179499999620020,5714841.507899999618530,6.990625331000047,51.567429217000040,1,05230223701300785664
05,5,13,000,2023,02,13,5,2,6,4,0,0,1,1,0,0,0,364411.669400000013411,5712973.085699999704957,7.044344158000058,51.551534607000065,1,05230223700000492100
05,5,70,024,2023,02,14,5,3,9,1,0,0,1,0,0,0,0,418067.028400000184774,5752947.067999999970198,7.808590853000055,51.921223042000065,1,05230223711100153160
05,5,70,008,2023,02,13,4,3,2,6,0,0,1,0,0,0,0,436644.470800000242889,5735102.700099999085069,8.081956342000069,51.763225485000078,0,05230222711300091400
05,5,66,076,2023,02,12,4,3,9,1,0,0,1,0,0,0,0,397110.452499999664724,5790402.766100000590086,7.492654390000041,52.254386902000078,0,05230222709500676680
05,5,58,040,2023,02,20,4,3,8,1,2,0,1,0,0,0,0,381873.833200000226498,5768387.343000000342727,7.277195213000027,52.053482117000044,1,05230222706000217146
05,5,58,016,2023,02,16,4,3,2,6,0,0,1,0,0,0,0,380956.025500000454485,5743014.114099999889731,7.272598751000032,51.825258006000070,0,05230222706000096540
05,5,54,004,2023,02,09,4,2,5,3,0,0,1,0,0,0,0,365286.718000000342727,5772593.998999999836087,7.033765566000056,52.087497705000033,0,05230222705000695870
05,5,15,000,2023,02,15,4,3,3,6,0,1,0,0,0,0,0,405382.462600000202656,5759119.447200000286102,7.622495880000031,51.974692079000079,0,05230222702100572552
05,5,15,000,2023,02,07,4,3,0,6,1,1,0,0,0,0,0,406009.705199999734759,5758954.971799999475479,7.631669907000060,51.973320145000059,1,05230222702100088558
05,5,15,000,2023,02,16,4,3,5,2,0,1,0,0,0,0,1,405539.370000000111759,5756643.392599999904633,7.625460583000063,51.952462945000036,0,05230222702100072392
05,5,13,000,2023,02,10,7,3,5,2,0,0,1,0,1,0,0,366928.135999999940395,5714890.596999999135733,7.079892428000051,51.569365620000042,1,05230225700000589240
05,5,66,092,2023,02,09,3,3,1,6,0,0,1,0,0,1,0,424278.664200000464916,5792260.501000000163913,7.890159981000068,52.275496140000030,0,05230228709700372668
05,5,70,028,2023,02,05,3,3,6,4,2,0,1,1,0,0,0,441471.754999999888241,5742617.425000000745058,8.150628292000022,51.831310406000057,1,05230221711400494426
05,5,66,076,2023,02,08,3,2,1,2,0,0,1,0,0,0,0,400873.461000000126660,5794570.532999999821186,7.546538453000039,52.292536167000037,0,05230221709500176744
05,5,66,008,2023,02,16,3,3,0,3,0,1,0,0,0,0,0,398473.851999999955297,5781193.939300000667572,7.515383320000069,52.171874882000054,1,05230221709110942438
05,5,66,012,2023,02,10,3,3,1,6,0,0,0,0,0,1,0,401333.373999999836087,5778772.604000000283122,7.557887258000051,52.150630970000066,1,05230221709110353108
05,5,58,016,2023,02,03,3,3,0,1,2,0,0,0,0,0,1,381235.671000000089407,5743107.084000000730157,7.276622702000054,51.826153055000077,0,05230221706100295025
05,5,58,012,2023,02,11,3,3,5,2,0,1,1,0,0,0,0,374073.300900000147521,5755546.642699999734759,7.168206567000027,51.936373435000064,1,05230221706000720578
05,5,58,012,2023,02,21,3,3,5,3,2,1,1,0,0,0,0,371117.072100000455976,5756208.323400000110269,7.124980411000024,51.941642676000072,0,05230221706000357496
05,5,15,000,2023,02,14,3,3,2,6,0,0,1,0,0,0,0,401866.348699999973178,5749656.555700000375509,7.574021872000060,51.889027267000074,1,05230221702330848320
05,5,15,000,2023,02,16,3,3,5,2,0,1,1,0,0,0,0,404903.531000000424683,5762250.720000000670552,7.614657137000052,52.002755295000043,1,05230221702100591783
05,5,13,000,2023,02,22,1,3,9,1,2,0,1,0,0,0,0,367871.934700000099838,5710280.135999999940395,7.095234043000062,51.528154860000029,0,05230226700000980915
05,5,15,000,2023,02,07,3,3,2,6,1,0,1,0,0,0,0,401066.091000000014901,5756786.144999999552965,7.560348480000073,51.952968290000058,1,05230221702100474773
05,5,15,000,2023,02,18,3,3,5,3,2,1,1,0,0,0,0,406570.289900000207126,5759144.235799999907613,7.639776999000048,51.975115864000031,0,05230221702100439948
05,5,62,004,2023,02,07,3,3,2,6,1,0,1,0,0,0,0,382903.259499999694526,5712882.069599999114871,7.310953012000027,51.554857736000031,1,05230221701800677640
05,5,62,016,2023,02,07,3,3,8,1,1,0,1,0,0,0,0,374984.201799999922514,5733272.625399999320507,7.189498100000037,51.736408967000045,1,05230221701700385350
05,5,62,020,2023,02,22,3,3,5,2,2,1,0,0,0,0,1,372358.855499999597669,5718388.451600000262260,7.156936465000058,51.602056197000081,0,05230221701200949481
05,5,70,008,2023,02,19,2,3,9,1,2,0,1,0,0,0,0,433167.416000000201166,5737586.024499999359250,8.031102170000054,51.785146385000075,1,05230220711300776734
05,5,58,008,2023,02,00,2,2,9,1,2,0,1,0,0,0,0,378857.891900000162423,5757097.013800000771880,7.237223119000021,51.951368402000071,1,05230220706000361973
05,5,62,012,2023,02,14,2,3,5,3,0,0,1,0,0,0,0,358904.282499999739230,5724328.639900000765920,6.960393266000040,51.652223939000066,0,05230220701610880918
05,5,62,024,2023,02,06,2,3,5,2,2,0,1,0,0,0,0,365036.461000000126660,5721180.130999999120831,7.050194473000033,51.625436106000052,0,05230220701500247171
05,5,12,000,2023,02,18,2,3,2,6,2,0,1,0,0,0,0,360584.692999999970198,5709673.328099999576807,6.990488575000029,51.520949907000045,0,05230220701400554265
05,5,15,000,2023,03,16,7,3,2,1,0,0,1,0,0,0,0,407857.723000000230968,5754602.008999999612570,7.659732961000032,51.934502734000034,0,05230304702100079193
05,5,62,014,2023,02,11,2,3,5,2,0,1,0,0,0,0,1,360814.103000000119209,5715158.016599999740720,6.991623544000049,51.570292633000065,0,05230220701300969195
05,5,62,032,2023,02,09,2,3,8,1,0,0,0,0,0,0,1,377292.358799999579787,5720460.070499999448657,7.227410700000064,51.621770901000048,0,05230220701110299337
05,5,13,000,2023,02,06,2,2,2,6,2,0,1,0,0,0,1,368129.670099999755621,5706803.972300000488758,7.100247673000069,51.496975667000072,0,05230220700000094985
05,5,70,008,2023,03,15,6,3,5,3,0,0,1,0,0,0,0,433939.709999999962747,5735296.267999999225140,8.042732389000037,51.764653088000045,0,05230303711300019035
05,5,70,040,2023,02,11,1,3,4,6,0,0,1,0,0,0,0,419896.108099999837577,5745591.978199999779463,7.836890123000046,51.855372294000063,1,05230219711200789383
05,5,58,044,2023,02,05,1,3,9,1,2,0,1,0,0,0,0,400829.569500000216067,5743187.398099999874830,7.560818425000036,51.830696848000059,1,05230219706000696611
05,5,54,016,2023,02,19,1,2,8,1,2,0,1,0,0,0,0,363962.388799999840558,5751277.396199999377131,7.022905604000073,51.895631532000039,1,05230219702340887398
05,5,62,008,2023,02,03,1,3,5,2,2,0,1,0,0,0,0,385078.813000000081956,5723278.885999999940395,7.338912873000027,51.648749597000062,1,05230219701910009225
05,5,62,020,2023,02,14,1,3,2,2,0,0,1,0,0,0,0,367787.622499999590218,5718694.888100000098348,7.090853779000042,51.603755459000070,1,05230219701200094957
05,5,62,032,2023,02,12,1,3,5,3,0,0,1,0,1,0,0,375858.610199999995530,5717320.691299999132752,7.207821737000074,51.593242375000045,1,05230219701110178743