ULAND,UREGBEZ,UKREIS,UGEMEINDE,UJAHR,UMONAT,USTUNDE,UWOCHENTAG,UKATEGORIE,UART,UTYP1,ULICHTVERH,IstRad,IstPKW,IstFuss,IstKrad,IstGkfz,IstSonstige,LINREFX,LINREFY,XGCSWGS84,YGCSWGS84,STRZUSTAND,UIDENTSTLAE
05,5,70,004,2023,02,18,7,3,2,6,2,0,1,0,0,0,0,425088.503999999724329,5735450.805999999865890,7.914461217000053,51.764928045000033,1,05230218711200085563
05,5,66,008,2023,02,07,7,3,5,3,1,1,1,0,0,0,0,397918.660000000149012,5780587.332000000402331,7.507450206000044,52.166320485000028,1,05230218709110806885
05,5,54,008,2023,02,00,7,3,8,1,2,0,1,0,0,0,0,336439.007100000046194,5750954.714500000700355,6.623389615000065,51.885336259000042,1,05230218705000085883
05,5,62,024,2023,02,14,7,3,5,2,0,1,1,0,0,0,0,370462.175999999977648,5725513.566999999806285,7.126928648000046,51.665654557000039,1,05230218701500779216
05,5,62,014,2023,02,13,7,3,2,6,0,0,1,0,0,0,0,360098.197100000455976,5712882.479100000113249,6.982205783000040,51.549667357000033,0,05230218701300791092
05,5,62,020,2023,02,18,7,3,5,2,2,0,1,0,1,0,0,372361.136300000362098,5718389.448000000789762,7.156969017000051,51.602065668000080,1,05230218701200253358
05,5,62,004,2023,02,06,3,2,3,6,2,0,1,0,0,1,0,385109.773400000296533,5717318.636299999430776,7.341314974000056,51.595186606000027,1,05230221301911569203
05,5,62,024,2023,03,10,5,2,5,2,0,1,1,0,0,0,0,367655.510999999940395,5723806.183000000193715,7.087015733000044,51.649657189000038,0,05230302701500379216
05,5,70,004,2023,02,05,6,2,0,1,2,1,0,0,0,0,0,423887.088399999774992,5734369.661599999293685,7.897291819000031,51.755046887000049,1,05230217711200189383
05,5,70,052,2023,02,06,6,3,0,3,2,0,1,0,1,0,0,432030.166000000201166,5756809.315999999642372,8.010833151000043,51.957823308000059,1,05230217711100587270
05,5,66,088,2023,02,09,6,3,0,1,0,1,0,0,0,0,0,414095.541299999691546,5786536.161299999803305,7.742399616000057,52.222546583000053,0,05230217709800090802
05,5,66,060,2023,02,07,6,3,5,3,1,1,1,0,0,0,0,388488.175999999977648,5788729.369999999180436,7.366942741000059,52.237668285000041,0,05230217709500176680
05,5,58,012,2023,02,12,6,3,0,1,0,1,0,0,0,0,0,373863.098000000230968,5755947.673200000077486,7.165003473000070,51.939929666000069,0,05230217706200879104
05,5,58,032,2023,02,14,6,2,5,3,0,0,1,0,0,0,0,385603.897199999541044,5751541.947499999776483,7.337186785000029,51.902871914000059,1,05230217706000796571
05,5,54,020,2023,02,09,6,2,5,2,0,0,1,0,0,0,0,365251.969999999739230,5785996.908999999985099,7.027943529000027,52.207919972000070,1,05230217705000751453
05,5,15,000,2023,02,20,6,2,6,2,2,0,1,1,0,0,0,405946.015999999828637,5756806.164999999105930,7.631331492000072,51.953994937000061,1,05230217702100172392
05,5,62,016,2023,02,07,6,3,5,3,1,1,1,0,0,0,0,373835.287299999967217,5733642.003000000491738,7.172734463000040,51.739471048000041,1,05230217701700270133
05,5,12,000,2023,02,08,6,3,6,7,0,0,1,1,0,0,0,356653.909300000406802,5711798.504300000146031,6.933004984000036,51.539062499000067,1,05230217701400789553
05,5,62,014,2023,02,14,6,3,0,7,0,1,1,0,0,0,0,360207.560700000263751,5715522.554099999368191,6.982732252000062,51.573418328000059,0,05230217701300094972
05,5,13,000,2023,02,10,6,3,5,3,0,0,1,0,0,0,0,365396.717400000430644,5714327.318199999630451,7.058024755000076,51.563940240000079,0,05230217700000895163
05,5,13,000,2023,02,13,6,3,2,2,0,0,1,0,0,0,0,367978.154500000178814,5707328.724400000646710,7.097869834000051,51.501656128000036,0,05230217700000089657
05,5,15,000,2023,02,07,5,3,4,6,0,0,1,0,0,0,0,400713.131400000303984,5747745.551200000569224,7.557820014000072,51.871646388000045,1,05230223702100776766
05,5,62,024,2023,02,18,3,3,5,2,1,1,1,0,0,0,0,369971.428600000217557,5725162.871799999848008,7.119967208000048,51.662389644000029,0,05230228701500757636
05,5,70,008,2023,02,22,6,2,9,6,2,0,1,0,0,0,0,431276.191100000403821,5735296.022099999710917,8.004142038000055,51.764330274000031,1,05230217301911094352
05,5,70,036,2023,02,14,5,1,5,3,0,1,0,0,0,0,1,433992.969999999739230,5763800.287000000476837,8.038047726000059,52.020906568000044,1,05230216711100587261
05,5,70,044,2023,02,21,5,3,7,7,2,0,0,0,1,0,0,420665.019299999810755,5758032.726900000125170,7.845186954000042,51.967315394000082,1,05230216711100296535
05,5,66,032,2023,02,16,5,3,8,1,0,0,1,0,0,0,0,415837.954199999570847,5778279.145400000736117,7.769951182000057,52.148596595000072,1,05230216709800991407
05,5,66,028,2023,02,07,5,3,5,7,0,1,1,0,0,0,0,410990.042000000365078,5792405.800000000745058,7.695402290000061,52.274811259000046,0,05230216709700969050
05,5,66,028,2023,02,03,5,3,8,1,2,0,1,0,0,0,0,413589.924100000411272,5793881.904799999669194,7.733119521000049,52.288493756000037,0,05230216709700591162
05,5,66,004,2023,02,07,5,2,4,2,1,0,1,0,1,0,0,397155.752700000070035,5764353.333300000056624,7.501198096000053,52.020272115000068,1,05230216709110272364
05,5,66,080,2023,02,12,5,2,4,6,0,0,1,0,0,0,0,409129.357400000095367,5784542.379899999126792,7.670252987000026,52.203829150000047,1,05230216709110087268
05,5,58,024,2023,02,13,5,3,5,3,0,1,1,0,0,0,0,393209.684999999590218,5736361.598999999463558,7.452381464000041,51.767941947000054,0,05230216706300896611
05,5,58,036,2023,02,16,5,3,2,6,0,0,1,0,0,0,0,387489.704599999822676,5728954.503599999472499,7.371916494000061,51.700248700000031,0,05230216706000794282
05,5,58,016,2023,02,08,5,3,5,3,0,0,1,0,0,0,0,380000.572999999858439,5745121.430999999865890,7.258010622000029,51.843992187000026,0,05230216706000391824
05,5,54,032,2023,02,17,5,3,1,6,2,0,1,0,0,0,0,323374.311800000257790,5746991.001099999994040,6.435778478000032,51.845748436000065,1,05230216705000991408
05,5,54,012,2023,02,17,5,3,5,3,0,0,1,0,0,0,0,351035.423000000417233,5748384.561000000685453,6.836419422000063,51.866335224000068,1,05230216705000981030
05,5,54,064,2023,02,16,5,3,7,4,0,0,1,1,0,0,0,356864.248900000005960,5750396.694900000467896,6.920182292000050,51.885940560000051,1,05230216705000191747
05,5,58,016,2023,02,06,5,2,0,6,2,0,1,0,0,0,0,382400.287299999967217,5746209.257799999788404,7.292459535000035,51.854279297000062,0,05230216702330391801
05,5,15,000,2023,02,07,5,2,5,3,1,1,0,0,1,0,0,400856.232099999673665,5756455.817099999636412,7.557391027000051,51.949961872000074,0,05230216702100291735
05,5,62,032,2023,02,11,5,3,2,5,0,0,1,0,0,0,0,374355.663800000213087,5719888.293999999761581,7.185215978000031,51.615984372000071,0,05230216701110895117
05,5,62,032,2023,02,21,5,2,6,4,2,0,1,1,0,0,0,375465.889600000344217,5719935.174799999222159,7.201226670000040,51.616652411000075,1,05230216701110789940
05,5,13,000,2023,02,18,5,3,5,3,2,0,1,0,0,0,0,365273.419800000265241,5714289.059299999848008,7.056261657000050,51.563566987000058,1,05230216700000075475
05,5,62,008,2023,03,14,5,3,2,6,0,0,1,0,0,0,0,383644.309999999590218,5719985.800200000405312,7.319282480000027,51.618857463000040,0,05230302701910494975
05,5,15,000,2023,03,14,6,3,6,2,0,0,1,1,0,0,0,408198.642500000074506,5754208.752699999138713,7.664795325000057,51.931024245000060,0,05230303702100096698
05,5,70,008,2023,02,08,4,3,5,3,0,1,1,0,0,0,0,433111.045900000259280,5733907.652599999681115,8.030993479000074,51.752070989000060,0,05230215711300594427
05,5,66,012,2023,02,07,4,3,2,6,1,0,1,0,0,0,0,404535.040099999867380,5772153.600800000131130,7.606524521000040,52.091701421000039,0,05230215709110991435
05,5,66,008,2023,02,13,4,3,8,1,0,0,1,0,0,0,0,405347.143199999816716,5779128.861199999228120,7.616434371000025,52.154535603000056,0,05230215709110679151
05,5,66,008,2023,02,13,4,2,2,1,0,0,1,0,0,0,0,400835.971400000154972,5779690.845399999991059,7.550351618000036,52.158794884000031,0,05230215709110579198
05,5,58,024,2023,02,17,4,2,1,3,0,1,0,0,0,0,0,392835.072200000286102,5735854.589299999177456,7.447111077000045,51.763313355000037,0,05230215706300696613
05,5,58,024,2023,02,15,4,3,2,1,0,0,1,0,0,0,0,392051.205199999734759,5735750.789899999275804,7.435789136000039,51.762229839000042,0,05230215706300476764
05,5,58,016,2023,02,09,4,3,5,3,0,0,1,0,0,0,0,380753.934000000357628,5741665.046000000089407,7.270132221000040,51.813090655000053,0,05230215706000194962
05,5,54,064,2023,02,18,4,3,5,3,1,1,1,0,0,0,0,361775.769000000320375,5751331.648000000044703,6.991125679000049,51.895581007000033,0,05230215705000747430
05,5,13,000,2023,03,19,2,3,2,2,2,0,1,0,1,0,0,367528.594999999739230,5709431.722999999299645,7.090606413000046,51.520449991000078,1,05230306700000678000
05,5,54,024,2023,02,10,4,3,1,7,0,0,1,0,0,0,0,370522.605800000019372,5784160.766599999740720,7.105735248000030,52.192684342000064,0,05230215705000581003
05,5,54,012,2023,02,07,4,3,5,3,0,0,1,0,1,0,0,352523.851900000125170,5748848.985200000926852,6.857822839000050,51.870903435000059,0,05230215705000408065
05,5,66,012,2023,02,13,4,3,2,6,0,0,1,0,0,1,0,409658.246199999935925,5773269.462099999189377,7.680988649000028,52.102591349000079,0,05230215702350905081
05,5,15,000,2023,02,09,4,3,2,6,0,0,1,0,0,0,1,407187.065000000409782,5761003.130000000819564,7.648250820000044,51.991927853000050,0,05230215702100991836
05,5,15,000,2023,02,17,4,3,4,6,2,1,0,0,0,0,0,406172.163700000382960,5757441.019700000062585,7.634447987000044,51.959739510000077,0,05230215702100788558
05,5,15,000,2023,02,06,4,3,1,6,2,0,1,0,0,0,0,405157.561200000345707,5756927.264100000262260,7.619828097000038,51.954949522000049,0,05230215702100574638
05,5,15,000,2023,02,14,4,3,6,7,0,0,1,1,0,0,0,404693.865000000223517,5758755.921000000089407,7.612574931000040,51.971306906000052,0,05230215702100079168
05,5,62,012,2023,02,14,4,3,0,1,0,1,0,0,0,0,0,358582.793800000101328,5727816.976099999621511,6.954337282000040,51.683488436000061,0,05230215701610080957
05,5,62,024,2023,02,16,4,2,3,6,0,1,0,0,0,0,0,370144.204099999740720,5725319.106000000610948,7.122405805000028,51.663833615000044,0,05230215701500081161
05,5,62,014,2023,02,12,4,3,6,4,0,0,1,1,0,0,0,361386.720999999903142,5713958.667099999263883,7.000353673000063,51.559656167000071,0,05230215701300299256
05,5,62,032,2023,02,18,4,3,5,3,2,0,1,0,1,0,0,379549.270499999634922,5719389.495400000363588,7.260364883000022,51.612636784000074,0,05230215701110295983
05,5,70,004,2023,03,11,2,2,8,7,0,0,1,0,0,0,0,424440.974200000055134,5738896.760800000280142,7.904329570000073,51.795818965000080,1,05230306711200690684
05,5,15,000,2023,02,14,2,3,0,7,0,1,1,1,0,0,0,405593.118400000035763,5756892.187000000849366,7.626174103000039,51.954708346000075,0,05230220702100674638
05,5,70,008,2023,02,14,3,3,5,3,0,1,1,0,0,0,0,432538.619699999690056,5733604.251399999484420,8.022761023000044,51.749274753000066,0,05230214711300076704
05,5,70,004,2023,02,12,3,3,1,1,0,0,1,0,0,0,0,425182.082299999892712,5736354.805800000205636,7.915622256000063,51.773067246000039,1,05230214711200887238
05,5,70,052,2023,02,15,3,3,2,2,0,0,1,0,1,0,0,432409.193199999630451,5755064.499199999496341,8.016691411000068,51.942184115000032,0,05230214711100187307
05,5,66,076,2023,02,12,3,3,6,4,0,0,1,1,0,0,0,393631.295300000347197,5792524.362800000235438,7.441035678000048,52.272792550000077,0,05230214709500576633
05,5,66,076,2023,02,13,3,3,0,7,0,1,0,0,0,0,0,393243.720399999991059,5791605.918400000780821,7.435648209000021,52.264463198000044,0,05230214709500076615
05,5,66,084,2023,02,18,3,2,5,2,2,0,1,0,0,0,0,388430.836000000126660,5774952.395999999716878,7.370634723000023,52.113842449000060,0,05230214709300479126
05,5,58,012,2023,02,15,3,3,4,2,0,1,1,0,0,0,0,374496.618999999947846,5756785.257999999448657,7.173908926000024,51.947599852000053,0,05230214706200195563
05,5,66,076,2023,02,16,3,3,2,6,0,0,1,0,0,1,0,400506.466500000096858,5794384.664699999615550,7.541214103000073,52.290799324000034,0,05230214702350891295
05,5,66,076,2023,02,09,3,1,2,6,0,0,1,0,0,1,0,393424.150999999605119,5797816.182399999350309,7.436326534000045,52.320310848000076,0,05230214702350018938
05,5,66,068,2023,02,08,7,3,2,6,0,0,1,0,0,0,1,374818.302099999971688,5790424.343399999663234,7.166228599000021,52.249960864000059,1,05230218702340670607
05,5,62,032,2023,02,08,3,3,3,6,0,0,1,0,0,0,0,372873.565100000239909,5720192.665400000289083,7.163710160000051,51.618386972000053,0,05230214702340266482
05,5,15,000,2023,02,13,3,3,5,7,0,0,1,0,0,1,0,407187.630699999630451,5755357.995200000703335,7.649784958000055,51.941186607000077,0,05230214702100556497
05,5,15,000,2023,02,16,3,3,2,6,0,0,1,0,0,0,0,405954.509800000116229,5754994.389799999073148,7.631950694000068,51.937711276000073,0,05230214702100296615
05,5,62,028,2023,02,20,3,2,8,1,2,0,1,0,1,0,0,378987.662700000219047,5723788.352900000289083,7.250737330000049,51.652050343000042,0,05230214701920589587
05,5,62,008,2023,02,09,3,3,5,3,0,0,1,0,0,0,1,385743.627999999560416,5723667.708200000226498,7.348390861000041,51.652379731000053,0,05230214701910348545
05,5,62,004,2023,02,09,3,3,6,2,0,0,1,1,0,0,0,382979.301500000059605,5715823.270600000396371,7.311069894000070,51.581308191000062,0,05230214701800895167
05,5,13,000,2023,02,16,3,3,5,3,0,1,0,0,0,0,0,369557.773400000296533,5706959.896900000050664,7.120751623000046,51.498708280000074,0,05230214700000673526
05,5,13,000,2023,02,09,3,3,5,3,0,0,0,0,0,0,1,368966.222799999639392,5710912.107000000774860,7.110764952000068,51.534089241000061,0,05230214700000275256
05,5,13,000,2023,02,18,3,3,8,7,1,0,1,0,0,0,0,364650.963600000366569,5715261.951400000602007,7.046912195000061,51.572160739000026,0,05230214700000192100
05,5,66,056,2023,02,09,2,3,5,3,0,0,1,0,0,0,1,418058.020999999716878,5793980.615000000223517,7.798587397000063,52.290065475000063,0,05230220709700581516
05,5,15,000,2023,02,18,1,2,5,3,1,1,1,0,0,0,0,407475.765999999828637,5754255.052999999374151,7.654272119000041,51.931320720000031,1,05230219702100045124
05,5,62,032,2023,03,21,7,3,6,4,2,0,0,1,1,0,0,375534.213399999774992,5719712.444900000467896,7.202292124000053,51.614665822000063,0,05230304701110780920
05,5,12,000,2023,02,11,3,3,5,2,0,0,1,0,0,0,0,353306.231999999843538,5710828.154999999329448,6.885172023000052,51.529483340000070,0,05230214508000095110
05,5,70,036,2023,02,18,4,3,9,1,2,1,0,0,0,0,0,436100.326200000010431,5759169.816500000655651,8.069618239000022,51.979526432000057,0,05230222711100087235
05,5,70,020,2023,02,11,2,1,4,6,0,0,1,0,0,1,0,425834.979899999685585,5742213.603299999609590,7.923829971000032,51.825822860000073,0,05230213711400991471
05,5,70,020,2023,02,12,2,2,4,1,0,0,1,0,0,1,0,433399.992800000123680,5747239.621400000527501,8.032615844000077,51.871959392000065,0,05230213711400087377
05,5,66,076,2023,02,13,2,3,2,6,0,0,1,0,0,0,0,396373.141900000162423,5794119.743300000205636,7.480714929000044,52.287654419000035,0,05230213709500996635
05,5,58,024,2023,02,17,2,3,2,1,1,0,1,0,0,0,0,391805.734500000253320,5735196.927200000733137,7.432406061000052,51.757204368000032,0,05230213706000651231
05,5,54,036,2023,02,08,2,3,8,1,0,0,1,0,0,0,0,368034.207000000402331,5765937.735999999567866,7.076414039000042,52.028347779000057,0,05230213705000287234
05,5,54,068,2023,02,18,2,2,5,3,2,0,1,0,0,0,0,349666.942699999548495,5768688.137599999085069,6.807675342000039,52.048384917000078,0,05230213705000081001
05,5,62,032,2023,02,07,2,3,2,6,1,0,1,0,0,0,0,374414.625300000421703,5717186.672299999743700,7.187034655000048,51.591717893000066,0,05230213702340554151
05,5,15,000,2023,02,10,2,3,0,6,0,0,1,0,0,0,0,400278.696100000292063,5755957.235899999737740,7.549135030000059,51.945377303000043,0,05230213702330291801
05,5,15,000,2023,02,13,2,3,3,2,0,1,1,0,0,0,0,404152.714100000448525,5761301.203999999910593,7.603988452000067,51.994091652000066,0,05230213702100842872
05,5,12,000,2023,02,18,2,3,0,1,2,1,0,0,0,0,0,355342.754599999636412,5714597.809699999168515,6.912960877000046,51.563881682000044,0,05230213701400296050
05,5,62,014,2023,02,12,2,3,2,6,0,0,1,0,0,0,0,359688.285099999979138,5714882.651100000366569,6.975499431000060,51.567539163000049,0,05230213701300978150
05,5,62,020,2023,02,07,2,2,4,7,0,0,1,0,0,0,1,369008.720999999903142,5719066.495400000363588,7.108337220000067,51.607380321000051,0,05230213701200598894
05,5,66,068,2023,02,14,6,3,1,1,0,0,1,0,0,0,1,374588.599600000306964,5785587.989700000733137,7.164659089000054,52.206449150000026,1,05230224709300839553
05,5,66,036,2023,02,07,5,3,5,3,1,1,1,0,0,0,0,387353.300999999977648,5768367.915999999269843,7.357080218000021,52.054448448000073,1,05230223709300464105
05,5,70,008,2023,02,02,7,1,6,4,2,0,0,1,0,1,0,432659.497000000439584,5738372.666899999603629,8.023587124000073,51.792157377000080,1,05230218711300545037
05,5,70,016,2023,02,19,1,2,6,4,2,0,1,1,0,0,0,408582.591599999926984,5744426.338600000366569,7.672970536000037,51.843156124000075,0,05230212711200991480
05,5,70,052,2023,02,17,1,3,4,2,0,0,1,0,0,0,0,432397.234500000253320,5756029.068900000303984,8.016327770000032,51.950853868000081,0,05230212711100791798
05,5,66,048,2023,02,02,1,3,9,1,2,0,1,0,0,0,1,426791.241700000129640,5795564.619899999350309,7.926261512000053,52.305536982000035,0,05230212709700191071
05,5,66,004,2023,02,10,1,3,9,1,0,0,1,0,0,0,0,393659.433600000105798,5765204.994300000369549,7.449999642000023,52.027267426000037,1,05230212709110565870
05,5,58,032,2023,02,01,1,3,0,7,2,0,1,0,0,0,0,391638.226400000043213,5750678.096100000664592,7.425134002000050,51.896314184000062,0,05230212706100495025
05,5,58,016,2023,02,12,1,3,9,1,0,0,0,0,0,0,1,385103.928700000047684,5742631.321699999272823,7.332886410000071,51.822686096000041,0,05230212706000189266
05,5,54,004,2023,02,13,1,2,5,3,0,0,1,0,0,0,0,360808.702999999746680,5773502.957000000402331,6.968078451000054,52.094556915000055,0,05230212705000591868
05,5,62,032,2023,02,09,1,2,0,1,0,1,0,0,0,0,0,375601.632500000298023,5719693.618400000035763,7.203272051000056,51.614511529000026,0,05230212701110995077
05,5,70,008,2023,02,16,7,3,1,6,0,0,1,0,0,0,0,433714.269799999892712,5735981.054600000381470,8.039335387000051,51.770782709000059,1,05230211711300049812
05,5,70,044,2023,02,23,7,3,4,6,2,0,1,0,0,0,0,413937.249599999748170,5759761.939300000667572,7.746847127000024,51.981858091000049,0,05230211711100381092
05,5,54,048,2023,02,14,7,2,4,6,0,0,1,0,0,0,0,340382.276200000196695,5743069.804099999368191,6.684276072000046,51.815642417000049,0,05230211705000991487
05,5,54,020,2023,02,19,7,3,2,6,2,0,1,0,0,0,0,367022.985899999737740,5785547.003100000321865,7.054022966000048,52.204307519000054,0,05230211705000021120
05,5,54,028,2023,02,18,7,3,2,1,2,0,0,0,0,0,1,362689.941599999554455,5747058.663399999961257,7.006102728000030,51.857411249000052,0,05230211702340543287
05,5,13,000,2023,02,10,7,3,2,6,0,0,1,0,0,0,0,363168.515999999828637,5713678.892999999225140,7.026150345000076,51.557577091000041,0,05230211702340091762
05,5,15,000,2023,02,16,7,3,2,6,0,0,1,0,0,0,0,403102.890399999916553,5760180.912000000476837,7.589019358000030,51.983840006000037,0,05230211702100280978
05,5,13,000,2023,02,16,7,3,2,6,0,0,1,0,0,0,0,368593.777300000190735,5707594.517200000584126,7.106635299000061,51.504188220000060,0,05230211700000675760
05,5,66,028,2023,02,08,3,3,0,1,0,0,0,0,1,0,0,412295.396300000138581,5792093.843200000002980,7.714610419000053,52.272217097000066,1,05230214709700591162
05,5,15,000,2023,02,17,2,3,5,2,0,1,1,0,0,0,0,406039.128299999982119,5756774.412299999967217,7.632694723000043,51.953725269000074,1,05230220702100493600
05,5,70,052,2023,03,14,6,3,1,6,0,0,1,0,0,0,0,429612.608900000341237,5756506.393999999389052,7.975718411000059,51.954799386000047,0,05230303711100572800
05,5,15,000,2023,03,19,1,2,5,3,2,0,1,0,0,0,1,405158.366200000047684,5756932.205000000074506,7.619838444000038,51.954994070000055,0,05230305702100596698
05,5,70,008,2023,02,15,6,3,0,1,0,0,0,0,1,0,0,432607.302500000223517,5733674.141400000080466,8.023742254000069,51.749911333000057,0,05230210711300294427
05,5,70,004,2023,02,18,6,3,5,3,2,0,1,0,0,0,0,421376.155000000260770,5734814.594000000506639,7.860820913000055,51.758699776000071,0,05230210711200990684
05,5,70,044,2023,02,21,6,3,0,1,2,1,0,0,0,0,0,416605.557000000029802,5759467.523000000044703,7.785762122000051,51.979618536000032,0,05230210711100593886
05,5,54,020,2023,02,14,5,3,2,6,0,0,1,0,1,0,0,363088.811499999836087,5786757.675000000745058,6.995998539000027,52.214222447000054,0,05230216705000991411
05,5,66,092,2023,02,14,6,2,9,1,0,0,1,0,0,1,0,422418.099499999545515,5794199.454199999570847,7.862449327000036,52.292665489000058,0,05230210709700981018
05,5,66,076,2023,02,14,6,3,0,1,0,1,0,0,0,0,0,392496.442599999718368,5789344.876399999484420,7.425422321000042,52.243997274000037,0,05230210709500991504
05,5,66,084,2023,02,13,6,3,2,6,0,0,1,0,0,0,0,388672.497000000439584,5775018.625000000000000,7.374140763000071,52.114486365000062,0,05230210709300679126
05,5,66,084,2023,02,03,6,3,9,1,2,0,0,0,0,1,0,385050.041799999773502,5780176.588800000026822,7.319517643000040,52.160099214000070,0,05230210709300440736
05,5,66,080,2023,02,18,6,2,0,7,2,1,0,0,0,0,0,406551.372000000439584,5781419.346699999645352,7.633400825000024,52.175327946000039,0,05230210709110896500
05,5,58,012,2023,02,13,6,3,5,2,0,1,1,0,0,0,0,373597.176900000311434,5756434.351500000804663,7.160958198000060,51.944242814000063,0,05230210706200779104
05,5,54,008,2023,02,12,6,3,3,2,0,1,1,0,0,0,0,335751.783800000324845,5746203.154699999839067,6.615672349000022,51.842449230000057,0,05230210705000991505
05,5,54,048,2023,02,19,6,3,1,5,2,0,1,0,0,0,1,343164.426799999549985,5744037.199300000444055,6.724166599000057,51.825121198000033,0,05230210705000096520
05,5,54,068,2023,02,13,6,3,1,2,0,0,1,0,0,0,0,350384.836000000126660,5765878.655400000512600,6.819365238000046,52.023337687000037,0,05230210705000020911
05,5,15,000,2023,02,13,6,3,0,7,0,0,1,0,0,0,0,401647.326799999922514,5761603.358999999240041,7.567423077000058,51.996369404000063,0,05230210702350391778
05,5,15,000,2023,02,07,6,3,5,2,1,0,1,0,0,0,0,399992.966099999845028,5761170.488700000569224,7.543460760000073,51.992183257000079,0,05230210702100353167
05,5,15,000,2023,02,15,6,2,1,7,0,0,1,0,0,0,0,412261.672199999913573,5752309.849500000476837,7.724357849000057,51.914610625000080,0,05230210702100091750
05,5,15,000,2023,02,07,6,3,5,2,0,1,1,0,0,0,0,403048.489400000311434,5758117.057900000363588,7.588810464000062,51.965280043000064,0,05230210702100079176
05,5,62,028,2023,02,13,6,3,5,2,0,0,1,0,1,0,0,380569.815399999730289,5721709.080499999225140,7.274306221000074,51.633701385000052,0,05230210701920948545
05,5,62,024,2023,02,12,6,2,5,3,0,1,1,0,0,0,0,372274.633899999782443,5725510.461600000038743,7.153122512000039,51.666041555000049,0,05230210701500954266
05,5,13,000,2023,02,12,6,3,2,6,0,0,1,0,0,0,0,368127.812800000421703,5706801.296299999579787,7.100221932000068,51.496951185000057,0,05230210700000473525
05,5,13,000,2023,02,12,6,3,2,6,0,0,1,0,0,0,0,368100.081699999980628,5706760.845499999821186,7.099837789000048,51.496581192000065,0,05230210700000394985
05,5,13,000,2023,02,14,6,3,2,6,0,0,1,0,0,0,0,365511.726599999703467,5714036.946200000122190,7.059794108000062,51.561358259000031,0,05230210700000095201
05,5,58,004,2023,02,04,1,3,1,5,2,0,1,0,0,1,0,406667.978299999609590,5733978.822399999946356,7.647997820000057,51.748929126000064,1,05230212702330149925
05,5,62,024,2023,02,18,7,2,0,3,2,0,1,0,0,0,0,368527.815799999982119,5726609.337899999693036,7.098562561000051,51.675052464000032,1,05230218702340805132
05,5,66,084,2023,02,07,6,3,2,2,0,0,1,0,0,0,0,390417.617999999783933,5776990.256999999284744,7.398981166000056,52.132554522000078,1,05230217709300087312
05,5,58,016,2023,02,11,2,3,2,6,0,0,1,0,0,0,0,382634.962700000032783,5742377.862800000235438,7.297165123000070,51.819895061000068,0,05230213706100095025
05,5,70,052,2023,02,06,5,3,2,6,2,0,1,0,0,0,0,430844.468799999915063,5757621.355000000447035,7.993417015000034,51.964977033000082,0,05230209711100087377
05,5,66,028,2023,02,15,5,3,5,2,0,1,1,0,0,0,0,411937.922000000253320,5792080.264000000432134,7.709376297000063,52.272037906000037,0,05230209709700648421
05,5,66,028,2023,02,08,5,3,5,3,1,1,0,0,0,0,1,412709.827999999746680,5792827.855000000447035,7.720492645000036,52.278880561000051,0,05230209709700134935
05,5,66,076,2023,02,08,5,2,5,3,1,0,1,0,0,0,0,398298.225999999791384,5794410.195000000298023,7.508840677000023,52.290624492000063,0,05230209709500072448
05,5,58,008,2023,02,18,5,3,5,3,2,0,1,0,1,0,0,382813.153099999763072,5760395.125900000333786,7.293623755000056,51.981856017000041,0,05230209706000161973
05,5,54,024,2023,02,19,5,2,5,2,2,0,1,0,1,0,0,369453.726999999955297,5776253.513000000268221,7.093146490000038,52.121379915000034,0,05230209705000991521
05,5,62,012,2023,02,01,5,3,8,1,2,0,1,0,0,0,0,356945.569799999706447,5723645.557000000029802,6.932378224000047,51.645591017000072,0,05230209702340505261
05,5,15,000,2023,02,09,5,2,2,6,0,0,1,0,0,0,0,407061.543200000189245,5757344.140399999916553,7.647414137000055,51.959018082000057,0,05230209702100279193
05,5,62,036,2023,02,04,5,2,5,3,2,0,1,0,0,0,1,388707.264000000432134,5717836.941800000146031,7.393065624000030,51.600567405000049,0,05230209701930048506
05,5,62,004,2023,02,15,5,3,2,6,0,0,1,0,0,0,0,385483.825000000186265,5717188.676999999210238,7.346755198000039,51.594094718000065,0,05230209701800671313
05,5,62,004,2023,02,11,2,3,3,7,0,0,1,0,0,0,0,382894.345800000242889,5716428.545099999755621,7.309642427000028,51.586730560000035,0,05230227701800281000
05,5,62,012,2023,02,18,5,3,5,2,2,0,1,0,0,0,0,363154.849600000306964,5727777.722300000488758,7.020446241000059,51.684268465000059,0,05230209701610878461
05,5,12,000,2023,02,15,5,3,3,2,0,0,1,0,1,0,0,355632.653300000354648,5718597.115800000727177,6.915496125000061,51.599892331000035,0,05230209701400685664
05,5,62,014,2023,02,10,5,3,5,3,0,0,1,0,0,0,0,361891.786000000312924,5713269.819000000134110,7.007905576000041,51.553589931000033,0,05230209701300294968
05,5,13,000,2023,02,09,5,2,6,2,0,0,1,1,0,0,0,367264.452499999664724,5708982.724799999967217,7.086970553000072,51.516352976000064,0,05230209700000195052