ULAND,UREGBEZ,UKREIS,UGEMEINDE,UJAHR,UMONAT,USTUNDE,UWOCHENTAG,UKATEGORIE,UART,UTYP1,ULICHTVERH,IstRad,IstPKW,IstFuss,IstKrad,IstGkfz,IstSonstige,LINREFX,LINREFY,XGCSWGS84,YGCSWGS84,STRZUSTAND,UIDENTSTLAE
05,5,54,032,2023,03,22,7,2,8,1,2,0,1,0,0,0,1,328700.417200000025332,5744382.304800000041723,6.514313488000028,51.823974595000038,0,05230311705000091776
05,5,58,016,2023,03,20,7,3,2,1,2,0,1,0,0,0,0,376828.935700000263751,5742298.091900000348687,7.212997737000023,51.817928643000073,0,05230311702330348320
05,5,15,000,2023,03,16,7,2,5,3,0,1,1,0,0,0,0,402103.890300000086427,5749723.143100000917912,7.577453534000028,51.889667546000055,0,05230311702100148540
05,5,62,012,2023,03,23,7,3,0,7,2,1,0,0,0,0,0,361717.311999999918044,5736282.518699999898672,6.996288302000039,51.760339494000050,0,05230311701610895208
05,5,62,024,2023,03,13,7,2,5,2,0,1,1,0,0,0,0,370284.712500000372529,5727004.664499999955297,7.123810333000051,51.679013573000077,0,05230311701500300575
05,5,12,000,2023,03,10,7,3,2,6,0,0,1,0,1,0,0,355711.042399999685585,5712195.778400000184774,6.919255964000058,51.542392073000030,0,05230311701400894970
05,5,12,000,2023,03,08,7,3,2,2,0,0,1,0,0,0,0,354995.109000000171363,5709479.648499999195337,6.910057391000066,51.517802289000031,0,05230311701400887646
05,5,62,020,2023,03,09,7,2,5,3,0,1,1,0,0,0,0,371500.292999999597669,5719802.575799999758601,7.144027993000066,51.614569467000081,1,05230311701200687636
05,5,62,032,2023,03,22,7,3,0,1,2,1,0,0,0,0,0,379529.651399999856949,5719422.106799999251962,7.260070462000044,51.612925678000067,0,05230311701110167338
05,5,13,000,2023,03,06,7,3,8,1,2,0,1,0,0,0,0,364146.647400000132620,5709925.959699999541044,7.041699961000063,51.524088134000067,2,05230311700000775453
05,5,58,016,2023,03,10,7,3,3,6,0,0,1,0,0,0,1,379612.573099999688566,5744914.386199999600649,7.252453057000025,51.842047949000062,0,05230318702330087271
05,5,66,040,2023,03,05,6,3,5,3,2,0,1,0,0,0,0,420833.099999999627471,5781402.881999999284744,7.842211286000065,52.177414121000027,1,05230310709800172436
05,5,66,024,2023,03,18,6,3,9,1,2,0,1,0,0,0,0,383570.805599999614060,5776138.000600000843406,7.299285994000059,52.123495351000031,2,05230310709300742420
05,5,66,028,2023,03,18,6,3,2,1,1,0,1,0,0,0,0,412101.110000000335276,5790566.782999999821186,7.712161552000055,52.258460430000071,0,05230310709110696566
05,5,58,044,2023,03,05,6,3,8,1,2,0,0,0,0,0,1,392521.777999999932945,5746021.165200000628829,7.439419815000065,51.854629684000031,1,05230310706300609884
05,5,54,068,2023,03,13,6,3,5,2,0,0,1,0,0,0,0,349553.945000000298023,5768842.411000000312924,6.805960877000075,52.049740297000028,1,05230310705000991081
05,5,54,020,2023,03,23,6,2,9,1,2,0,1,0,0,0,0,364659.219200000166893,5780172.070000000298023,7.021598847000064,52.155436753000060,0,05230310705000991067
05,5,54,012,2023,03,08,6,3,2,6,0,0,1,0,0,0,0,352523.844800000078976,5748848.969000000506639,6.857822743000042,51.870903288000079,1,05230310705000038825
05,5,66,012,2023,03,14,6,3,2,6,0,0,1,0,0,0,0,405461.906399999745190,5768568.401000000536442,7.621042868000075,52.059635922000041,1,05230310702350291295
05,5,54,036,2023,03,21,6,2,8,1,2,0,1,0,0,0,0,367772.410699999891222,5770447.775299999862909,7.070855347000077,52.068811690000075,2,05230310702340548172
05,5,15,000,2023,03,21,6,3,0,2,2,1,1,0,0,0,0,406393.701299999840558,5756344.586400000378489,7.637969917000021,51.949921577000055,1,05230310702100774638
05,5,15,000,2023,03,18,6,3,6,2,2,0,1,1,0,0,0,406952.549999999813735,5758304.254000000655651,7.645568246000039,51.967629835000082,1,05230310702100588887
05,5,15,000,2023,03,14,6,3,5,2,0,1,1,0,0,0,0,402788.406600000336766,5753925.134700000286102,7.586211445000060,51.927556365000044,1,05230310702100474736
05,5,15,000,2023,03,17,6,2,5,2,1,1,1,0,0,0,0,406900.871000000275671,5755808.174599999561906,7.645492600000068,51.945185149000054,1,05230310702100439883
05,5,15,000,2023,03,12,6,2,9,7,0,0,1,0,0,0,0,411064.037399999797344,5759222.286800000816584,7.705161757000042,51.976554807000070,1,05230310702100079127
05,5,62,012,2023,03,13,6,3,2,6,0,0,1,0,0,0,0,358956.837100000120699,5727177.262499999254942,6.960002713000051,51.677834201000053,1,05230310701610071854
05,5,62,012,2023,03,14,6,3,1,6,0,0,1,0,0,0,0,359461.377899999730289,5725386.975899999961257,6.968015451000042,51.661873503000038,1,05230310701610047125
05,5,12,000,2023,03,08,6,3,2,6,0,0,1,0,0,0,0,355934.701799999922514,5711707.181399999186397,6.922678981000047,51.538058796000030,1,05230310701400865455
05,5,62,014,2023,03,05,6,3,5,3,2,0,1,0,1,0,0,360411.632899999618530,5717455.443600000813603,6.984906741000032,51.590837910000062,1,05230310701300291092
05,5,62,032,2023,03,07,6,3,2,6,0,0,1,0,0,0,0,377944.064100000075996,5718519.960300000384450,7.237495817000024,51.604476279000039,1,05230310701110887636
05,5,13,000,2023,03,14,6,3,6,7,0,1,0,1,0,0,0,364885.024400000460446,5718949.913599999621511,7.048867897000036,51.605358298000056,1,05230310700000195157
05,5,66,028,2023,03,10,2,3,0,1,0,1,0,0,0,0,0,411900.865799999795854,5792258.605399999767542,7.708786773000043,52.273634947000062,1,05230313709700161974
05,5,66,028,2023,03,08,5,3,5,3,0,0,1,0,0,0,0,412508.875400000251830,5792019.023800000548363,7.717757703000075,52.271578610000063,1,05230309709700887282
05,5,66,072,2023,03,16,5,2,5,3,0,1,1,0,0,0,0,412774.533300000242889,5802522.725400000810623,7.718926316000022,52.366030454000054,1,05230309709700047180
05,5,66,076,2023,03,14,5,3,5,3,0,0,1,0,0,0,0,395637.371199999935925,5793950.491000000387430,7.469984280000062,52.285994058000028,1,05230309709500991096
05,5,66,060,2023,03,20,5,3,0,7,2,1,0,0,0,0,0,388289.065999999642372,5788705.004000000655651,7.364036175000024,52.237408943000048,0,05230309709500990640
05,5,66,084,2023,03,14,5,2,5,3,0,0,1,0,1,0,0,390120.637000000104308,5775886.993000000715256,7.395000431000028,52.122580261000053,1,05230309709300578430
05,5,70,004,2023,03,14,6,3,5,3,0,1,1,0,0,0,0,422718.456899999640882,5734821.089700000360608,7.880264009000030,51.758945018000077,1,05230310711200991080
05,5,66,012,2023,03,16,5,3,5,3,0,0,1,0,0,0,0,405693.777499999850988,5773328.378100000321865,7.623107852000032,52.102459247000070,1,05230309709110356196
05,5,58,008,2023,03,16,5,3,5,3,0,1,1,0,0,0,0,382249.843999999575317,5759619.287000000476837,7.285691512000028,51.974764482000069,1,05230309706200681438
05,5,54,020,2023,03,13,5,3,5,3,0,0,1,0,1,0,0,365292.326000000350177,5786770.526000000536442,7.028225922000047,52.214881024000078,0,05230309705000991088
05,5,54,056,2023,03,07,5,3,2,6,0,0,1,0,0,0,0,356335.130099999718368,5761406.962500000372529,6.907901559000038,51.984732518000044,1,05230309705000596683
05,5,54,004,2023,03,20,5,3,6,2,2,0,1,1,0,0,0,362182.805999999865890,5771667.394999999552965,6.988866081000026,52.078407796000079,1,05230309705000520800
05,5,54,012,2023,03,17,5,3,0,3,0,1,1,0,0,0,0,352493.329199999570847,5745516.511099999770522,6.858802098000069,51.840953446000071,1,05230309705000079122
05,5,12,000,2023,03,22,5,3,8,1,2,0,1,0,0,0,0,357379.609799999743700,5718129.277499999850988,6.940892785000074,51.596133504000079,1,05230309702340505048
05,5,62,016,2023,03,13,5,3,2,2,0,0,1,0,0,0,0,376424.248999999836087,5738078.689999999478459,7.208633277000047,51.779920109000045,1,05230309701700185411
05,5,62,024,2023,03,16,5,3,2,6,0,0,1,0,0,0,0,369558.701899999752641,5725050.089099999517202,7.114045322000038,51.661280464000072,0,05230309701500399223
05,5,12,000,2023,03,07,5,3,1,6,0,0,1,0,0,0,1,355268.200199999846518,5709645.896299999207258,6.913922347000039,51.519366181000066,1,05230309701400995210
05,5,13,000,2023,03,15,5,3,2,6,0,0,1,0,0,0,0,363117.674499999731779,5711713.952700000256300,7.026181935000068,51.539907193000033,1,05230309700000591807
05,5,70,004,2023,03,09,4,3,0,2,0,1,1,0,0,0,0,423844.480999999679625,5734551.040899999439716,7.896634914000060,51.756671634000043,1,05230308711200491793
05,5,70,004,2023,03,09,4,3,5,2,0,1,1,0,0,0,0,422755.054999999701977,5735235.551000000908971,7.880702037000049,51.762675913000066,1,05230308711200385563
05,5,70,052,2023,03,15,4,3,3,2,0,0,1,0,0,0,0,423948.412700000219047,5747194.413499999791384,7.895364737000023,51.870344324000030,1,05230308711100487270
05,5,70,012,2023,03,15,4,3,2,6,0,0,1,0,0,0,0,439494.687800000421703,5753588.339299999177456,8.120016686000042,51.929729168000051,1,05230308711100102617
05,5,66,028,2023,03,07,4,3,0,3,0,1,1,0,0,0,0,413345.606399999931455,5792459.587999999523163,7.729904091000037,52.275671052000064,1,05230308709700991118
05,5,66,028,2023,03,01,4,2,9,1,2,0,1,0,0,0,0,415787.644700000062585,5793373.911100000143051,7.765459591000024,52.284268892000057,1,05230308709700457410
05,5,66,012,2023,03,07,4,2,5,3,0,1,1,0,0,0,0,405394.151399999856949,5773110.964400000870228,7.618794993000051,52.100453930000072,0,05230308709110896547
05,5,58,016,2023,03,17,4,3,1,6,0,0,1,0,0,0,0,379960.671000000089407,5745155.892999999225140,7.257419706000064,51.844293321000066,1,05230308706000686168
05,5,54,036,2023,03,20,4,3,8,1,1,0,1,0,0,0,0,366278.443799999542534,5768989.466499999165535,7.049643647000039,52.055349179000075,1,05230308705000195870
05,5,54,068,2023,03,19,4,3,5,3,2,1,0,0,0,0,0,349211.447700000368059,5765500.471400000154972,6.802443297000025,52.019622301000027,1,05230308705000176737
05,5,66,048,2023,03,07,4,3,2,6,0,0,1,0,0,0,0,428156.625099999830127,5791345.533099999651313,7.947183064000058,52.267791942000031,1,05230308702350049810
05,5,15,000,2023,03,08,4,3,1,6,0,0,1,0,0,0,0,402519.886800000444055,5760654.692800000309944,7.580398023000043,51.987996457000065,1,05230308702100673310
05,5,62,024,2023,03,19,4,2,6,2,2,0,1,1,0,0,0,368685.618400000035763,5724716.494400000199676,7.101554811000028,51.658079282000074,1,05230308701500599223
05,5,62,024,2023,03,19,4,3,6,2,2,0,1,1,0,0,0,367761.430100000463426,5724030.846499999985099,7.088460884000028,51.651701047000074,1,05230308701500279600
05,5,13,000,2023,03,11,4,3,2,6,0,0,0,0,0,1,1,368298.551699999719858,5707054.892599999904633,7.102585520000048,51.499270006000074,1,05230308700000796674
05,5,13,000,2023,03,05,4,3,1,6,2,0,1,0,0,0,1,368571.744599999859929,5707591.864099999889731,7.106319016000043,51.504159254000058,1,05230308700000489635
05,5,15,000,2023,03,20,4,3,6,4,2,0,1,1,0,0,0,404194.678700000047684,5754227.568900000303984,7.606572660000040,51.930518576000054,1,05230308702100039948
05,5,70,004,2023,03,12,3,3,5,3,0,1,1,0,0,0,0,425545.019000000320375,5735177.411000000312924,7.921133875000066,51.762531194000076,1,05230307711200581147
05,5,70,044,2023,03,11,3,3,5,3,0,1,1,0,0,0,0,416750.516999999992549,5759828.813999999314547,7.787784582000029,51.982887910000045,1,05230307711100581021
05,5,66,060,2023,03,07,3,3,4,6,0,0,1,0,0,0,0,390925.753800000064075,5785348.300499999895692,7.403715326000054,52.207770553000046,1,05230307709500074763
05,5,66,068,2023,03,15,3,2,0,7,0,0,1,0,0,0,0,372335.126699999906123,5784175.665200000628829,7.132231590000060,52.193240826000078,1,05230307709300987316
05,5,58,016,2023,03,09,3,3,2,1,0,0,1,0,0,0,0,378569.977800000458956,5747392.686599999666214,7.236455776000071,51.864094488000035,1,05230307706100572374
05,5,54,004,2023,03,21,3,3,5,3,2,1,1,0,0,0,0,361716.740000000223517,5773035.333200000226498,6.981514787000037,52.090582858000062,1,05230307705000547428
05,5,62,016,2023,03,05,3,3,9,1,2,0,1,0,0,0,0,372280.930499999783933,5731435.828199999406934,7.151044359000025,51.719292777000078,1,05230307702340679606
05,5,54,016,2023,03,21,3,2,8,1,2,0,1,0,0,0,0,365864.291899999603629,5759329.730599999427795,7.047390233000044,51.968449553000028,2,05230307702340403173
05,5,15,000,2023,03,07,3,3,2,6,0,0,1,0,0,0,0,403523.578999999910593,5759386.429999999701977,7.595366686000034,51.976772194000034,1,05230307702100974715
05,5,15,000,2023,03,09,3,3,2,6,0,0,1,0,0,0,0,402912.827300000004470,5760367.390100000426173,7.586199856000064,51.985482933000071,0,05230307702100970612
05,5,62,024,2023,03,07,3,3,5,2,0,1,0,0,0,0,1,366410.183000000193715,5724600.786000000312924,7.068722443000070,51.656503281000028,1,05230307701500550783
05,5,62,024,2023,03,21,3,2,6,2,2,0,1,1,0,0,0,370148.637699999846518,5725322.984400000423193,7.122468432000062,51.663869493000050,1,05230307701500489521
05,5,12,000,2023,03,22,3,3,5,3,2,0,1,0,0,0,0,359570.331399999558926,5709952.841099999845028,6.975766099000055,51.523210352000035,1,05230307701400163937
05,5,62,014,2023,03,16,3,3,1,5,0,0,1,0,0,0,0,359861.681300000287592,5715558.940400000661612,6.977729884000041,51.573659427000052,1,05230307701300214020
05,5,13,000,2023,03,14,3,3,2,6,0,0,1,0,0,0,0,368038.212899999693036,5705245.936599999666214,7.099513347000027,51.482952584000031,1,05230307700000076560
05,5,54,004,2023,04,21,1,3,3,6,2,1,0,0,0,0,0,362499.550999999977648,5772713.954099999740720,6.993063278000022,52.087890204000075,0,05230409705000489750
05,5,54,008,2023,04,17,1,3,5,2,0,1,1,0,0,0,0,333846.163999999873340,5745558.598999999463558,6.588345062000030,51.836095300000068,0,05230409705000091248
05,5,15,000,2023,04,00,1,3,0,7,2,0,0,0,0,0,1,405429.632500000298023,5755474.375499999150634,7.624185852000039,51.941936651000049,0,05230409702100074122
05,5,62,016,2023,04,15,1,3,9,1,0,0,1,0,0,0,0,377496.429899999871850,5737939.542099999263883,7.224216739000042,51.778905323000060,0,05230409701700865425
05,5,12,000,2023,04,22,1,3,5,3,2,1,0,0,1,0,0,358353.718200000002980,5711145.066400000825524,6.957761615000038,51.533619842000064,0,05230409701400114020
05,5,70,028,2023,04,19,7,3,5,2,0,0,1,0,0,0,0,440283.088000000454485,5740388.733999999240041,8.133764630000030,51.811148197000080,0,05230408711400776178
05,5,70,004,2023,04,13,7,2,8,1,0,0,1,0,0,0,0,420156.227500000037253,5738127.843299999833107,7.842387400000064,51.788311531000033,0,05230408711200096543
05,5,70,016,2023,04,14,7,2,5,3,0,1,1,0,0,0,0,413572.234000000171363,5741035.000000000000000,7.746228515000041,51.813465849000067,0,05230408711100538624
05,5,66,044,2023,04,14,7,2,8,1,0,0,0,0,1,0,0,429761.765599999576807,5779081.994100000709295,7.973246160000031,52.157760106000069,0,05230408709800590802
05,5,58,016,2023,04,20,7,2,0,1,2,1,0,0,0,0,0,382155.545099999755621,5742984.007799999788404,7.290006357000038,51.825241727000048,0,05230408706000593452
05,5,58,032,2023,04,11,7,3,5,3,0,1,1,0,0,0,0,391440.501000000163913,5751082.126199999824166,7.422134324000069,51.899907005000046,0,05230408706000396611
05,5,54,008,2023,04,15,7,3,3,2,0,1,1,0,0,0,0,334500.498100000433624,5745944.339400000870228,6.597648913000057,51.839754783000046,0,05230408705000895988
05,5,54,016,2023,04,14,7,3,5,3,0,0,1,0,0,0,0,362607.342000000178814,5758202.514000000432134,7.000460654000051,51.957525471000054,0,05230408705000291868
05,5,62,014,2023,04,16,7,2,5,2,0,0,1,0,1,0,0,360150.533999999985099,5715618.025000000372529,6.981871874000035,51.574262090000047,0,05230408701300173595
05,5,13,000,2023,04,11,7,3,5,2,0,1,1,0,0,0,0,367662.430499999783933,5713809.119699999690056,7.090888482000025,51.559819602000061,0,05230408700000985657
05,5,70,004,2023,04,01,6,3,0,1,2,0,0,0,0,0,1,422363.861600000411272,5735778.978900000452995,7.874913280000044,51.767507000000080,1,05230407711200091770
05,5,58,012,2023,04,14,6,3,2,3,0,0,1,0,0,0,0,376591.642199999652803,5754881.873999999836087,7.205058466000025,51.930963554000073,1,05230407706000593452
05,5,54,056,2023,04,14,6,3,0,3,0,0,1,0,1,0,0,358871.955500000156462,5761438.559299999848008,6.944804782000062,51.985666637000065,1,05230407705000591823
05,5,66,044,2023,04,07,5,3,0,4,0,0,0,1,1,0,0,429829.980100000277162,5777797.536000000312924,7.974508510000021,52.146222422000051,0,05230406709800646923
05,5,66,056,2023,04,17,5,3,5,3,0,1,1,0,0,0,0,417213.660400000400841,5796693.004899999126792,7.785543683000071,52.314319156000067,0,05230406709700055930
05,5,58,012,2023,04,14,5,3,1,1,0,0,1,0,0,0,0,375044.311400000005960,5752564.273800000548363,7.183406206000029,51.909791099000074,0,05230406706200681438
05,5,54,004,2023,04,23,5,3,9,1,2,0,1,0,0,0,0,360639.695500000379980,5767505.942399999126792,6.968061094000063,52.040630068000041,1,05230406705000996576
05,5,54,012,2023,04,17,5,3,2,6,0,0,1,0,0,0,0,345124.668100000359118,5744361.700300000607967,6.752442632000054,51.828583387000037,1,05230406705000766230
05,5,54,008,2023,04,16,5,3,5,3,0,0,1,0,0,0,0,335295.714999999850988,5745845.926000000908971,6.609228070000029,51.839105786000061,1,05230406705000091776
05,5,15,000,2023,04,04,5,3,0,7,2,0,0,0,0,0,1,405895.819000000134110,5755919.017999999225140,7.630844156000023,51.946012355000050,0,05230406702100974470
05,5,15,000,2023,04,14,5,2,5,2,0,1,1,0,0,0,0,405875.497200000099838,5753179.128299999982119,7.631298215000072,51.921381443000030,0,05230406702100191750
05,5,12,000,2023,04,21,5,3,5,2,2,0,1,0,0,0,0,355022.728000000119209,5709473.682000000029802,6.910457630000053,51.517755765000061,1,05230406701400875487
05,5,12,000,2023,04,06,5,2,0,1,0,0,0,0,1,0,0,357945.470900000073016,5709767.933399999514222,6.952434973000038,51.521142440000062,0,05230406701400594954
05,5,12,000,2023,04,12,5,3,1,6,0,0,1,0,0,1,0,360248.279000000096858,5711361.378399999812245,6.984972998000046,51.536035794000043,0,05230406701400147836
05,5,13,000,2023,04,21,5,3,5,3,2,0,1,0,0,0,0,367966.697700000368059,5708754.921900000423193,7.097170859000073,51.514470337000034,0,05230406700000469503
05,5,70,012,2023,04,21,4,2,2,6,2,0,1,0,0,0,0,441236.867100000381470,5752564.424300000071526,8.145526500000074,51.920710761000066,0,05230405711100972800
05,5,58,032,2023,04,20,4,3,1,6,0,0,1,0,0,0,1,390424.814100000075996,5751802.824899999424815,7.407148746000075,51.906185573000073,0,05230405706100781082
05,5,58,008,2023,04,07,4,3,5,3,0,0,1,0,0,0,0,391880.352500000037253,5763858.723699999973178,7.424503858000037,52.014823862000071,0,05230405706000974764
05,5,54,016,2023,04,06,4,3,0,1,2,1,0,0,0,0,0,363617.848399999551475,5757234.615599999204278,7.015541572000075,51.949077035000073,0,05230405705000291868
05,5,54,020,2023,04,22,4,3,2,6,2,0,1,0,0,0,0,365254.627000000327826,5784442.453999999910593,7.028600745000062,52.193953343000032,0,05230405705000020848
05,5,62,014,2023,04,15,4,2,5,3,0,1,1,0,0,0,0,358976.568199999630451,5715111.400399999693036,6.965145511000060,51.569417151000039,0,05230405701300289697
05,5,62,032,2023,04,13,4,2,0,1,0,0,1,0,0,0,0,375178.372000000439584,5719402.898000000044703,7.197265545000050,51.611805104000041,0,05230405701110169263
05,5,62,014,2023,04,05,6,3,2,1,2,0,1,0,0,0,0,356853.563099999912083,5715877.877499999478459,6.934221230000048,51.575769574000049,1,05230407702340505132
05,5,70,004,2023,04,14,3,2,0,1,0,1,0,0,0,0,0,422247.820000000298023,5735289.596000000834465,7.873341512000025,51.763091549000080,0,05230404711200989383
05,5,66,076,2023,04,13,3,3,4,2,0,0,1,0,0,0,0,400377.583599999547005,5794344.435300000011921,7.539336967000054,52.290414407000071,0,05230404709500055964
05,5,58,040,2023,04,10,3,3,0,5,0,0,1,0,0,1,0,371182.473899999633431,5762497.516699999570847,7.123571555000069,51.998173676000079,0,05230404706000487453
05,5,15,000,2023,04,19,3,3,3,6,0,1,0,0,0,0,0,406276.450100000016391,5757399.061499999836087,7.635976734000053,51.959379958000056,0,05230404702100096692
05,5,62,036,2023,04,16,3,3,0,6,0,0,1,0,1,0,0,391176.268000000156462,5723289.615299999713898,7.427006231000064,51.650059320000082,0,05230404701930549480
05,5,62,016,2023,04,17,3,2,5,3,0,0,1,0,1,0,0,370312.803000000305474,5731387.038000000640750,7.122586819000048,51.718402674000060,0,05230404701700053351
05,5,62,032,2023,04,18,3,3,5,3,0,1,1,0,0,0,0,374800.773000000044703,5719095.230000000447035,7.191924882000023,51.608956224000053,0,05230404701110281595
05,5,13,000,2023,04,08,4,3,0,1,0,0,0,0,1,0,0,365365.569400000385940,5714315.277100000530481,7.057580261000055,51.563824598000053,0,05230405700000707880
05,5,13,000,2023,04,15,3,3,2,6,0,0,1,0,0,0,0,365654.609000000171363,5717514.367699999362230,7.060524026000053,51.592642008000041,0,05230404700000091003
05,5,12,000,2023,04,17,5,3,3,3,0,0,1,0,0,0,0,357377.541199999861419,5719423.223999999463558,6.940336764000051,51.607760070000040,0,05230406702340291865
05,5,70,004,2023,04,13,2,3,2,6,0,0,1,0,0,1,0,425333.493999999947846,5729169.311000000685453,7.919358557000066,51.708491635000030,0,05230403711200879616
05,5,66,040,2023,04,12,2,3,0,7,0,1,0,0,0,0,0,421787.243999999947846,5782653.671000000089407,7.855873748000022,52.188793412000052,0,05230403709800391840
05,5,66,048,2023,04,19,2,3,0,6,0,0,1,0,1,0,0,426748.765899999998510,5796372.911800000816584,7.925462723000066,52.312796975000026,0,05230403709700511896
05,5,66,028,2023,04,06,2,3,8,1,0,1,0,0,0,0,0,417311.077499999664724,5791506.926000000908971,7.788245223000047,52.267718780000052,0,05230403709700448421
05,5,66,076,2023,04,09,2,2,0,7,0,0,0,0,0,0,1,395818.320899999700487,5792736.232699999585748,7.473011312000040,52.275115448000065,0,05230403709500164316
05,5,66,012,2023,04,15,2,3,5,3,0,1,1,0,0,0,0,406468.625000000000000,5767669.441999999806285,7.635968747000049,52.051726658000064,0,05230403709110593607
05,5,58,012,2023,04,13,2,3,5,2,0,1,0,0,0,1,0,372885.785000000149012,5756256.589999999850988,7.150679642000057,51.942483304000064,0,05230403706000996588
05,5,66,092,2023,04,13,2,2,8,7,0,0,1,0,0,0,1,423935.005699999630451,5791072.674100000411272,7.885391890000051,52.264771510000060,0,05230403702350105146
05,5,66,068,2023,04,05,2,3,2,6,2,0,1,0,0,0,0,374201.558699999935925,5789436.172499999403954,7.157567005000033,52.240940589000047,0,05230403702340803173
05,5,15,000,2023,04,07,2,3,6,7,0,1,0,1,0,0,0,407718.529900000430644,5758222.448599999770522,7.656736783000042,51.967022218000068,0,05230403702100672453
05,5,15,000,2023,04,16,2,3,2,6,0,0,1,0,0,0,1,405844.846699999645352,5753301.677100000903010,7.630819134000035,51.922477791000063,0,05230403702100572400
05,5,62,012,2023,04,11,2,3,2,6,0,0,1,0,0,0,0,363692.405100000090897,5724534.418099999427795,7.029482805000043,51.655254419000073,0,05230403701610287578
05,5,12,000,2023,04,17,2,3,2,6,0,0,1,0,0,0,0,355255.905399999581277,5709641.408399999141693,6.913747107000063,51.519322704000047,0,05230403701400889697
05,5,12,000,2023,04,08,2,2,5,3,0,0,1,0,0,0,0,360119.185300000011921,5709859.077600000426173,6.983709539000074,51.522503983000036,0,05230403701400871200
05,5,58,004,2023,04,16,3,3,5,3,0,0,1,0,0,0,0,404469.486999999731779,5739419.962999999523163,7.614663593000046,51.797467214000051,0,05230404706000476678
05,5,70,036,2023,04,14,2,2,2,2,0,0,1,0,0,1,0,435965.741499999538064,5759233.085599999874830,8.067647152000063,51.980079713000066,0,05230403711100091270
05,5,15,000,2023,04,08,4,3,0,2,0,1,1,0,0,0,0,406324.711699999868870,5756455.628100000321865,7.636936117000062,51.950908059000028,0,05230405702100491833
05,5,66,008,2023,04,14,1,3,0,2,0,1,1,0,0,0,0,397739.735999999567866,5780823.539999999105930,7.504763915000069,52.168410315000074,0,05230402709110979151
05,5,54,068,2023,04,12,1,3,5,3,0,1,1,0,0,0,0,353950.951999999582767,5774798.747999999672174,6.867486542000051,52.104431720000036,0,05230402705000055358
05,5,15,000,2023,04,14,1,3,3,7,0,0,1,0,0,0,0,407077.388000000268221,5757671.603000000119209,7.647556078000036,51.961964132000048,0,05230402702100591864
05,5,66,076,2023,04,15,5,3,1,6,0,0,1,0,0,0,0,395714.994500000029802,5793948.924699999392033,7.471122327000046,52.285994716000062,0,05230406709500996542
05,5,70,044,2023,04,10,7,3,5,3,0,1,1,0,0,0,0,416593.558500000275671,5759482.118100000545382,7.785583916000064,51.979747930000030,1,05230401711100396945
05,5,70,044,2023,04,13,7,3,5,3,0,0,1,0,0,0,0,415280.247999999672174,5764713.973999999463558,7.765172939000024,52.026577679000070,1,05230401711100096160
05,5,66,076,2023,04,12,7,2,4,7,0,0,0,0,0,0,1,393572.661899999715388,5788988.439200000837445,7.441291350000029,52.241003037000041,1,05230401709500596635
05,5,66,004,2023,04,13,7,3,5,2,0,1,1,0,0,0,0,394812.450600000098348,5767021.011600000783801,7.466240702000050,52.043809062000037,1,05230401709110096547
05,5,66,012,2023,04,20,7,2,5,3,2,0,1,0,0,0,0,411753.524000000208616,5766866.485999999567866,7.713227695000057,52.045375959000069,1,05230401709110072342
05,5,54,004,2023,04,02,7,2,9,1,2,0,1,0,0,0,0,358306.045400000177324,5778603.369500000029802,6.929447000000039,52.139748525000073,1,05230401705000079183
05,5,66,040,2023,04,09,7,3,3,1,0,0,1,0,0,0,0,422202.014999999664724,5785549.961600000038743,7.861274569000045,52.214886470000067,1,05230401702350042452
05,5,15,000,2023,04,08,7,3,9,2,0,0,1,0,0,0,0,406414.563099999912083,5756686.395600000396371,7.638180297000076,51.952997436000032,1,05230401702100564200
05,5,15,000,2023,04,08,7,3,0,7,0,1,1,0,0,0,0,406655.963800000026822,5757654.140699999406934,7.641429057000039,51.961736577000067,1,05230401702100372722
05,5,62,024,2023,04,13,7,3,2,6,0,0,1,0,0,0,0,373717.317499999888241,5725755.793700000271201,7.173883212000021,51.668572413000049,1,05230401701500047656
05,5,62,014,2023,04,11,7,3,2,6,0,0,1,0,0,0,0,360474.143500000238419,5713950.328299999237061,6.987200780000023,51.559356235000052,1,05230401701300594412
05,5,13,000,2023,04,22,7,3,2,6,2,0,1,0,0,0,0,367780.076999999582767,5708716.265599999576807,7.094497429000057,51.514079298000070,1,05230401700000173493
05,5,62,032,2023,04,11,3,3,5,3,0,0,1,0,0,0,0,380707.344999999739230,5718150.439999999478459,7.277504023000063,51.601747369000066,0,05230404701110095044
05,5,70,020,2023,03,07,6,3,0,3,0,0,1,0,1,0,0,434188.096099999733269,5748722.163000000640750,8.043778820000057,51.885380832000067,1,05230331711400976178
05,5,66,040,2023,03,07,6,3,6,7,0,0,0,1,0,0,1,420989.567999999970198,5783078.414000000804663,7.844108573000028,52.192497648000028,0,05230331709800300967
05,5,66,056,2023,03,05,6,3,1,1,2,0,1,0,1,0,0,415737.158499999903142,5800210.763399999588728,7.763007377000065,52.345713390000071,1,05230331709700870261
05,5,54,052,2023,03,10,6,3,5,3,0,0,1,0,0,0,0,377772.540000000037253,5767827.370999999344349,7.217611208000051,52.047560538000027,1,05230331705000003116