ULAND,UREGBEZ,UKREIS,UGEMEINDE,UJAHR,UMONAT,USTUNDE,UWOCHENTAG,UKATEGORIE,UART,UTYP1,ULICHTVERH,IstRad,IstPKW,IstFuss,IstKrad,IstGkfz,IstSonstige,LINREFX,LINREFY,XGCSWGS84,YGCSWGS84,STRZUSTAND,UIDENTSTLAE
05,5,66,088,2023,03,13,6,3,3,6,0,0,1,0,0,1,0,424943.019399999640882,5788770.418700000271201,7.900671507000027,52.244215236000059,1,05230331702350942421
05,5,15,000,2023,03,14,6,3,2,1,0,0,1,0,0,0,0,400185.062900000251830,5756646.075799999758601,7.547573184000044,51.951551905000031,1,05230331702330070588
05,5,15,000,2023,03,13,6,3,3,6,0,1,1,0,0,0,0,405770.759300000034273,5756902.074300000444055,7.628755653000042,51.954827345000069,1,05230331702100592911
05,5,62,012,2023,03,07,6,3,8,1,0,0,1,0,0,0,0,362175.651300000026822,5727076.936499999836087,7.006567357000051,51.677731729000072,0,05230331701610686128
05,5,62,032,2023,03,12,6,3,2,6,0,0,1,0,0,0,0,377069.678799999877810,5720286.234799999743700,7.224256608000076,51.620160006000049,1,05230331701110189513
05,5,13,000,2023,03,17,6,3,5,2,0,1,1,0,0,0,0,363038.173200000077486,5711242.128299999982119,7.025219844000048,51.535647941000036,1,05230331700000195163
05,5,70,028,2023,03,06,5,2,3,6,1,1,1,0,0,0,0,445550.661299999803305,5739501.871899999678135,8.210305584000025,51.803712916000052,0,05230330711400087314
05,5,66,084,2023,03,11,5,2,3,6,0,1,1,0,0,0,0,385342.674999999813735,5779819.198000000789762,7.323914416000036,52.156948246000070,0,05230330709300696691
05,5,66,060,2023,03,19,5,3,5,3,0,1,1,0,0,0,0,388711.691999999806285,5788707.702999999746680,7.370221763000075,52.237518793000049,0,05230330709300596625
05,5,58,012,2023,03,11,5,3,5,7,0,0,1,0,0,0,1,371900.075699999928474,5755957.365399999544024,7.136458682000068,51.939568315000031,0,05230330706000593452
05,5,54,020,2023,03,05,5,3,0,7,2,0,1,0,0,0,0,366802.665900000371039,5782165.649700000882149,7.052129554000032,52.173871291000069,0,05230330705000521120
05,5,54,008,2023,03,18,5,3,5,3,0,0,1,0,0,0,1,339054.605299999937415,5750989.502000000327826,6.661344669000073,51.886409926000056,1,05230330705000072472
05,5,15,000,2023,03,17,5,3,2,6,0,0,1,0,0,0,1,408196.362900000065565,5751409.365399999544024,7.665508550000027,51.905861180000045,0,05230330702100626923
05,5,15,000,2023,03,06,5,3,8,1,2,0,1,0,0,0,0,409491.189100000075996,5764244.329600000753999,7.680942522000066,52.021441870000046,0,05230330702100514076
05,5,15,000,2023,03,14,5,3,2,1,0,0,1,0,0,0,0,406223.354000000283122,5757844.237999999895692,7.635082681000029,51.963372459000027,1,05230330702100376732
05,5,62,012,2023,03,11,5,3,5,2,0,1,1,0,0,0,0,358845.096800000406802,5727372.135800000280142,6.958308869000064,51.679557212000077,0,05230330701610295085
05,5,62,024,2023,03,07,5,3,5,3,0,1,1,0,0,0,0,371280.400999999605119,5724580.211999999359250,7.139096886000061,51.657454777000055,0,05230330701500186133
05,5,62,014,2023,03,21,5,3,5,3,2,0,1,0,0,0,1,359143.671000000089407,5715982.969000000506639,6.967205582000076,51.577290792000042,1,05230330701300589553
05,5,62,032,2023,03,18,5,2,2,6,0,0,1,0,0,0,0,374330.393699999898672,5714793.163100000470877,7.186675939000054,51.570188419000033,1,05230330701110980858
05,5,13,000,2023,03,15,5,3,2,6,0,0,1,0,0,0,0,367676.155100000090897,5708679.277200000360608,7.093014524000068,51.513722563000044,0,05230330700000945214
05,5,13,000,2023,03,13,5,3,0,7,0,1,1,0,0,0,0,363951.471900000236928,5712295.172399999573827,7.037972845000070,51.545331844000032,0,05230330700000195163
05,5,13,000,2023,04,18,4,3,5,3,0,0,1,0,0,0,0,368881.992999999783933,5710633.210899999365211,7.109655094000061,51.531563307000056,0,05230405700000467057
05,5,58,012,2023,03,10,4,3,2,7,0,0,1,0,0,1,0,373786.571000000461936,5757657.939600000157952,7.163262873000065,51.955281480000053,0,05230329706200505070
05,5,54,020,2023,03,13,4,3,5,3,0,0,1,0,0,0,1,367026.283400000073016,5786216.749099999666214,7.053808173000050,52.210326283000029,0,05230329705000990815
05,5,54,008,2023,03,15,4,3,8,1,0,0,0,0,0,1,0,330699.507299999706447,5746501.047700000926852,6.542256349000070,51.843616374000078,0,05230329705000990813
05,5,54,008,2023,03,13,4,3,5,3,0,0,1,0,0,0,0,331373.268000000156462,5748604.041999999433756,6.551001866000036,51.862711369000067,1,05230329705000091733
05,5,15,000,2023,03,13,4,3,0,7,0,0,0,0,1,0,0,402651.826500000432134,5750061.772299999371171,7.585317482000050,51.892807238000046,1,05230329702100395613
05,5,15,000,2023,03,20,4,3,5,3,2,1,1,0,0,0,0,407094.729700000025332,5760303.630200000479817,7.647095944000057,51.985624983000037,0,05230329702100100000
05,5,15,000,2023,03,07,4,3,2,6,0,0,1,0,0,0,0,407701.160000000149012,5758539.448999999091029,7.656398797000065,51.969868703000031,0,05230329702100076652
05,5,15,000,2023,03,05,4,3,4,6,2,1,0,0,0,0,1,403939.054700000211596,5753286.055800000205636,7.603118749000032,51.922011824000037,0,05230329702100076646
05,5,62,036,2023,03,09,4,2,5,3,0,0,1,0,0,0,0,388740.264000000432134,5719985.471000000834465,7.392859970000075,51.619884946000070,0,05230329701930789485
05,5,62,024,2023,03,09,4,3,1,6,0,0,1,0,0,0,0,372382.896200000308454,5725514.337899999693036,7.154685668000070,51.666100989000029,0,05230329701500147656
05,5,12,000,2023,03,17,4,3,6,4,0,1,0,1,0,0,0,354701.247399999760091,5709721.470499999821186,6.905725329000063,51.519899718000033,0,05230329701400265867
05,5,13,000,2023,03,15,4,3,1,6,0,0,1,0,0,0,0,363849.952300000004470,5710363.756799999624491,7.037256647000049,51.527950910000072,0,05230329700000195053
05,5,54,012,2023,04,11,3,3,4,2,0,0,1,0,0,0,0,352523.069899999536574,5748847.187400000169873,6.857812257000035,51.870887076000031,0,05230404705000687245
05,5,70,008,2023,03,12,6,2,2,6,0,0,1,0,0,0,0,433413.097699999809265,5736375.833100000396371,8.034895529000039,51.774296035000077,1,05230331711300453522
05,5,58,012,2023,03,16,5,3,5,1,0,0,1,0,0,1,0,373163.115199999883771,5755562.309699999168515,7.154968160000067,51.936307525000075,1,05230330706000220380
05,5,66,076,2023,03,08,3,2,6,4,0,0,1,1,0,0,0,392724.301199999637902,5793216.285299999639392,7.427527863000023,52.278834747000076,0,05230328709500038567
05,5,58,044,2023,03,12,3,3,5,3,0,1,1,0,0,0,0,395666.476700000464916,5746261.721799999475479,7.484990616000061,51.857388548000074,0,05230328706300011020
05,5,58,012,2023,03,16,3,2,8,7,0,0,1,0,0,0,0,378121.523799999617040,5756744.014499999582767,7.226638695000076,51.948035226000059,0,05230328706000795563
05,5,66,012,2023,03,08,3,3,8,5,0,0,0,0,0,1,0,410102.410600000061095,5773609.221599999815226,7.687382040000045,52.105717616000049,0,05230328702350891778
05,5,15,000,2023,03,06,3,3,1,6,1,0,1,0,0,1,0,405500.772400000132620,5754837.442999999970198,7.625395490000074,51.936223695000081,0,05230328702100745124
05,5,15,000,2023,03,12,3,3,3,2,0,1,1,0,0,0,0,405780.673999999649823,5755729.643999999389052,7.629221287000064,51.944290683000077,0,05230328702100591750
05,5,15,000,2023,03,17,3,3,3,2,0,1,1,0,0,0,0,405995.286999999545515,5751639.766000000759959,7.633459756000036,51.907565077000072,0,05230328702100079193
05,5,62,008,2023,03,12,3,3,3,6,0,0,1,0,0,1,0,386009.559899999760091,5724100.907899999991059,7.352092040000059,51.656327216000079,0,05230328701910281230
05,5,62,004,2023,03,13,3,2,8,5,0,0,1,0,0,0,0,385486.500400000251830,5715965.657899999991059,7.347192837000023,51.583102955000072,0,05230328701800680966
05,5,62,014,2023,03,07,3,3,5,3,0,1,1,0,0,0,0,361525.020399999804795,5716478.810200000181794,7.001354252000056,51.582336509000072,0,05230328701300699256
05,5,66,012,2023,04,11,3,2,9,7,0,0,1,0,0,0,0,405432.065000000409782,5768510.371999999508262,7.620623798000054,52.059109249000073,0,05230404702350501414
05,5,54,048,2023,04,12,5,3,5,3,0,1,1,0,0,0,0,341275.660299999639392,5743483.726299999281764,6.697036235000041,51.819615487000078,0,05230406705000080975
05,5,54,020,2023,04,12,2,3,0,2,0,0,0,0,1,0,0,365510.480999999679625,5786625.998999999836087,7.031474534000040,52.213635693000072,0,05230403705000520848
05,5,62,024,2023,03,18,6,2,5,2,0,1,1,0,0,0,0,370225.312500000000000,5725389.301300000399351,7.123551811000027,51.664483172000075,1,05230331701500589521
05,5,70,004,2023,04,15,3,3,4,2,0,0,1,0,0,0,1,423795.841900000348687,5736184.014699999243021,7.895572172000072,51.771344880000072,0,05230404711200094427
05,5,70,004,2023,03,17,2,3,5,2,0,1,1,0,0,0,0,422809.524000000208616,5736713.023000000044703,7.881162772000039,51.775965303000078,0,05230327711200489448
05,5,70,024,2023,03,16,2,3,8,1,0,0,1,0,0,0,0,417181.061999999918044,5754937.542999999597669,7.795231749000038,51.938984494000067,1,05230327711100896662
05,5,70,036,2023,03,07,3,3,5,3,0,1,1,0,0,0,0,434080.758600000292063,5760405.078400000929832,8.039980240000034,51.990395148000061,0,05230328711100691858
05,5,70,044,2023,03,15,2,3,5,3,0,1,1,0,0,0,0,417052.003999999724329,5760136.486999999731779,7.792099146000055,51.985698674000048,1,05230327711100091830
05,5,70,052,2023,03,09,2,3,8,1,0,0,1,0,0,0,0,432809.197499999776483,5753836.161299999803305,8.022749698000041,51.931190122000032,0,05230327711100087261
05,5,66,040,2023,03,18,2,3,0,1,0,1,0,0,0,0,0,421222.964999999850988,5782932.827600000426173,7.847556173000044,52.191222389000075,1,05230327709800296554
05,5,66,020,2023,03,06,2,3,4,2,1,0,1,0,0,0,0,406082.850300000049174,5801994.643600000068545,7.620823714000039,52.360178171000030,0,05230327709700847180
05,5,54,056,2023,03,17,2,2,5,3,0,1,1,0,0,0,0,356366.633100000210106,5761485.867200000211596,6.908326947000035,51.985449621000043,0,05230327705000887234
05,5,54,024,2023,03,13,2,3,3,2,0,1,1,0,0,0,0,370552.584999999962747,5775852.141000000759959,7.109340368000062,52.118031625000071,0,05230327705000091208
05,5,15,000,2023,03,15,2,3,2,2,0,0,1,0,0,0,0,399748.294700000435114,5753675.451199999079108,7.542085794000059,51.924772964000056,1,05230327702100091750
05,5,62,008,2023,03,05,2,3,5,3,2,1,1,0,0,0,0,384069.933799999766052,5721122.697899999096990,7.325051345000077,51.629163378000044,0,05230327701910894975
05,5,62,016,2023,03,06,2,3,2,6,2,0,1,0,0,0,1,376566.866200000047684,5735870.651399999856949,7.211484287000076,51.760108105000029,0,05230327701700685376
05,5,62,032,2023,03,07,2,2,5,2,0,1,1,0,0,0,0,375957.928999999538064,5717035.686000000685453,7.209355551000044,51.590702855000075,0,05230327701110851307
05,5,62,032,2023,03,14,2,3,2,6,0,1,1,0,0,0,0,375408.140999999828637,5718466.143999999389052,7.200915107000071,51.603437275000033,0,05230327701110798915
05,5,62,032,2023,03,13,2,3,5,3,0,0,1,0,0,0,0,375956.322900000028312,5717040.290699999779463,7.209330750000049,51.590743885000052,0,05230327701110495014
05,5,13,000,2023,03,22,2,3,0,7,2,0,0,0,0,0,1,369241.898199999704957,5707582.705099999904633,7.115972675000023,51.504232391000073,0,05230327700000871500
05,5,58,016,2023,03,15,4,3,1,2,0,0,1,0,0,0,0,385372.091000000014901,5739686.601999999955297,7.337749707000057,51.796275617000049,0,05230329706100281082
05,5,70,008,2023,03,17,2,3,2,6,0,0,1,0,0,0,0,436620.918499999679625,5738541.078900000080466,8.080987303000029,51.794134332000056,1,05230327301911680680
05,5,70,008,2023,03,17,2,3,2,6,0,0,1,0,0,0,0,435827.300099999643862,5738114.200699999928474,8.069560243000069,51.790206162000061,0,05230327301911375332
05,5,66,084,2023,03,13,1,3,2,7,0,0,1,0,0,0,0,392926.098799999803305,5778565.198200000450015,7.435119462000046,52.147200881000060,1,05230326709110096500
05,5,15,000,2023,03,21,1,2,0,1,2,1,0,0,0,0,0,398789.003800000064075,5754099.146700000390410,7.528015622000055,51.928407609000033,1,05230326702100860670
05,5,15,000,2023,03,14,1,3,2,6,0,0,1,0,0,0,0,405960.722199999727309,5752441.790699999779463,7.632738495000069,51.914768269000035,1,05230326702100168282
05,5,62,036,2023,03,14,1,3,6,4,0,1,0,1,0,0,0,389982.247600000351667,5720327.207599999383092,7.410685546000025,51.623200654000073,1,05230326701930949480
05,5,62,004,2023,03,16,1,3,2,6,0,0,1,0,0,0,0,382913.328599999658763,5712858.170600000768900,7.311106142000028,51.554645028000039,1,05230326701800191004
05,5,12,000,2023,03,08,3,3,2,6,0,0,1,0,0,1,0,352996.535299999639392,5711978.276499999687076,6.880230346000076,51.539737236000065,1,05230328702340196605
05,5,70,004,2023,03,13,7,3,5,3,0,0,1,0,0,0,1,423878.352199999615550,5734735.569900000467896,7.897085136000044,51.758335092000038,1,05230325711200691707
05,5,54,012,2023,03,13,7,3,5,3,0,0,1,0,0,0,0,352523.958800000138581,5748849.231100000441074,6.857824286000039,51.870905673000038,1,05230325705000990866
05,5,15,000,2023,03,15,7,3,5,3,0,0,1,0,0,0,0,399330.725499999709427,5753666.131500000134110,7.536018141000056,51.924613846000057,1,05230325702100572722
05,5,15,000,2023,03,23,7,3,8,1,2,1,0,0,0,0,0,404752.876799999736249,5758299.687500000000000,7.613560303000042,51.967216226000062,0,05230325702100468135
05,5,13,000,2023,03,13,7,2,5,2,0,0,1,0,0,0,0,365736.658599999733269,5707683.699200000613928,7.065459567000062,51.504318136000052,1,05230325700000373525
05,5,13,000,2023,03,13,7,3,4,7,0,0,1,0,0,0,0,368373.098000000230968,5708856.258999999612570,7.102986493000060,51.515475863000063,0,05230325700000295032
05,5,13,000,2023,03,16,7,3,0,1,0,0,0,0,1,0,0,362214.292600000277162,5710915.899100000038743,7.013476065000020,51.532515876000048,0,05230325700000280917
05,5,13,000,2023,03,11,7,3,2,6,0,0,1,0,0,0,0,369416.227800000458956,5713645.470200000330806,7.116234857000052,51.558757681000031,1,05230325700000155674
05,5,15,000,2023,04,09,1,3,0,7,0,0,0,0,0,0,1,409333.673999999649823,5754000.000000000000000,7.681354040000031,51.929333886000052,0,05230409702100076120
05,5,66,084,2023,04,22,5,3,0,1,2,1,0,0,0,0,0,386557.592699999921024,5777190.557099999859929,7.342543778000049,52.133575695000047,1,05230406709300187330
05,5,66,076,2023,04,16,2,3,0,7,0,0,0,0,1,0,0,392345.997000000439584,5794444.285000000149012,7.421592662000023,52.289796959000057,0,05230403709500070593
05,5,66,076,2023,03,17,6,3,5,3,0,0,1,0,0,0,0,391113.639000000432134,5791565.109999999403954,7.404461248000075,52.263678871000081,1,05230324709700538293
05,5,66,072,2023,03,05,6,3,3,5,2,0,1,0,1,0,0,412841.320899999700487,5802819.350199999287724,7.719829876000063,52.368707189000077,1,05230324709700448421
05,5,66,056,2023,03,20,6,3,0,1,2,1,0,0,0,0,0,417195.055599999614060,5796866.555400000885129,7.785228108000069,52.315876301000060,0,05230324709700068286
05,5,66,060,2023,03,15,6,3,8,3,0,0,1,0,0,0,0,389220.461500000208616,5790503.912399999797344,7.377080263000039,52.253763891000062,1,05230324709500276741
05,5,66,036,2023,03,16,6,3,0,7,0,1,1,0,0,0,0,387078.548000000417233,5768437.801999999210238,7.353051713000070,52.055020605000038,1,05230324709300990871
05,5,66,036,2023,03,14,6,2,9,1,0,0,1,0,0,0,0,386258.225599999539554,5767784.562400000169873,7.341310258000021,52.048982101000036,1,05230324709300974704
05,5,58,008,2023,03,16,6,3,5,2,0,1,1,0,0,0,0,383034.377000000327826,5759568.790999999269843,7.297125159000075,51.974476348000053,1,05230324706000695003
05,5,54,012,2023,03,07,6,3,6,4,0,0,1,1,0,0,0,352304.930100000463426,5745660.774700000882149,6.856007775000023,51.842199844000049,0,05230324705000681930
05,5,54,008,2023,03,11,6,3,5,3,0,0,1,0,0,1,0,335293.959499999880791,5742594.953500000759959,6.610749006000049,51.809900485000071,0,05230324705000476765
05,5,54,016,2023,03,11,6,2,4,2,0,0,1,0,0,0,0,363438.165699999779463,5758714.617100000381470,7.012340554000048,51.962331674000040,1,05230324705000447428
05,5,15,000,2023,03,13,6,3,5,3,0,1,0,0,0,0,1,405723.528800000436604,5753794.691899999976158,7.628920468000047,51.926888724000037,0,05230324702100990825
05,5,15,000,2023,03,17,6,3,5,3,0,1,1,0,0,0,0,403033.780399999581277,5758703.831499999389052,7.588430718000041,51.970551561000036,1,05230324702100076652
05,5,62,028,2023,03,15,6,3,2,6,0,0,1,0,0,0,0,377724.515999999828637,5722980.436000000685453,7.232769980000057,51.644516100000033,0,05230324701920748100
05,5,62,012,2023,03,21,6,3,5,3,2,1,1,0,0,0,0,359291.409699999727309,5725821.326799999922514,6.965384745000051,51.665733965000072,0,05230324701610180918
05,5,62,024,2023,03,05,6,3,5,2,2,0,1,0,0,0,1,373345.319000000134110,5725639.959200000390410,7.168548858000065,51.667447689000028,1,05230324701500968263
05,5,62,024,2023,03,08,6,3,5,2,0,0,1,0,0,0,0,366901.445000000298023,5723285.416999999433756,7.076320771000042,51.644799360000036,0,05230324701500395098
05,5,12,000,2023,03,14,6,3,0,6,0,0,1,0,0,0,1,356435.190000000409782,5711050.197000000625849,6.930158484000060,51.532282774000066,0,05230324701400389547
05,5,62,032,2023,03,12,6,3,5,3,0,0,1,0,0,0,0,377698.754999999888241,5715955.650000000372529,7.234849089000022,51.581376801000033,0,05230324701120091526
05,5,62,032,2023,03,19,6,3,2,6,2,0,1,0,0,0,0,375865.180200000293553,5717301.901200000196695,7.207923183000048,51.593074953000041,1,05230324701110789513
05,5,13,000,2023,03,15,6,3,4,6,0,0,1,0,0,0,0,370232.051699999719858,5710549.290300000458956,7.129138764000061,51.531121033000034,1,05230324700000694985
05,5,12,000,2023,03,16,6,3,2,6,0,0,1,0,0,0,0,356422.223299999721348,5707763.423299999907613,6.931310624000048,51.502745084000026,1,05230324500630485385
05,5,70,052,2023,03,16,5,2,6,2,0,0,1,1,0,0,0,430393.456199999898672,5755744.248400000855327,7.987233790000062,51.948046269000031,0,05230323711100787310
05,5,58,016,2023,03,06,5,3,8,1,1,0,1,0,0,0,0,387912.983300000429153,5743751.855499999597669,7.373264306000067,51.833327564000058,0,05230323706000189266
05,5,54,008,2023,03,00,5,3,8,1,2,0,1,0,0,0,0,329549.934999999590218,5744654.099999999627471,6.526494409000065,51.826675859000034,1,05230323705000891733
05,5,66,040,2023,03,05,5,2,2,7,2,0,1,0,0,1,0,415544.124300000257790,5780825.513800000771880,7.765024435000043,52.171440086000075,1,05230323702350291295
05,5,15,000,2023,03,13,5,3,5,3,0,1,0,0,0,0,1,406413.092899999581277,5757310.102800000458956,7.637989019000031,51.958603371000038,1,05230323702100464165
05,5,62,016,2023,03,17,5,3,4,1,0,0,1,0,1,0,0,374891.684999999590218,5732959.463999999687076,7.188271551000071,51.733573984000031,0,05230323701700855785
05,5,12,000,2023,03,15,5,3,5,3,0,1,1,0,0,0,0,355492.518099999986589,5710244.010500000789762,6.916907931000026,51.524798114000077,0,05230323701400189486
05,5,62,032,2023,03,09,5,3,2,6,0,0,1,0,0,1,0,373953.751299999654293,5719185.821299999952316,7.179666600000076,51.609581389000027,0,05230323701110776673
05,5,70,040,2023,03,08,6,3,2,6,0,0,1,0,0,0,0,419808.846400000154972,5745244.631400000303984,7.835703958000067,51.852237349000063,0,05230324711200886958
05,5,70,028,2023,03,06,4,3,5,3,0,1,0,0,0,0,0,441469.135499999858439,5742620.302200000733137,8.150589795000030,51.831335998000043,0,05230322711400787403
05,5,70,040,2023,03,19,4,3,3,6,2,1,1,0,0,0,0,414774.395800000056624,5750075.325099999085069,7.761434041000030,51.894914689000075,0,05230322711200691797
05,5,70,036,2023,03,12,4,3,5,3,0,0,1,0,0,1,0,433604.068199999630451,5759350.466399999335408,8.033243151000022,51.980857720000074,0,05230322711100089568
05,5,70,052,2023,03,08,4,3,5,3,0,0,1,0,0,0,0,431206.364000000059605,5757468.141000000759959,7.998714348000021,51.963644598000030,0,05230322711100087261
05,5,66,084,2023,03,12,4,3,5,2,0,1,1,0,0,0,0,390145.877999999560416,5775418.618000000715256,7.395520163000072,52.118375877000062,0,05230322709300291781
05,5,58,024,2023,03,06,4,3,5,3,0,0,1,0,0,0,0,394583.292000000365078,5736905.028000000864267,7.472115316000043,51.773086679000073,0,05230322706300990907
05,5,13,000,2023,03,12,4,3,8,1,0,0,0,0,0,1,0,363947.381000000052154,5719494.312999999150634,7.035125119000043,51.610024665000026,0,05230322702340091792
05,5,15,000,2023,03,10,4,2,0,3,0,1,1,0,0,0,0,404661.644600000232458,5758306.200300000607967,7.612230918000023,51.967259125000055,0,05230322702100979224
05,5,15,000,2023,03,07,4,3,3,6,0,1,0,0,0,0,0,404938.107099999673665,5759097.544700000435114,7.616034764000062,51.974419377000061,0,05230322702100574756
05,5,62,004,2023,03,10,4,3,0,7,0,0,1,0,0,0,0,383018.013000000268221,5712549.598999999463558,7.312718073000042,51.551893383000049,0,05230322701800980946
05,5,62,004,2023,03,18,4,3,5,3,2,0,1,0,1,0,0,384254.992100000381470,5716757.833000000566244,7.329164997000021,51.589971256000069,0,05230322701800013124
05,5,62,012,2023,03,07,4,2,5,2,0,1,0,0,0,1,0,362863.708899999968708,5731851.362999999895692,7.014635311000063,51.720803248000038,0,05230322701610347125
05,5,12,000,2023,03,10,4,3,5,2,0,0,1,0,0,0,0,355251.832999999634922,5714193.712400000542402,6.911816434000059,51.560227275000045,0,05230322701400385500
05,5,15,000,2023,03,11,6,3,0,2,0,0,1,0,0,0,1,402821.474100000225008,5753942.461300000548363,7.586687309000069,51.927717876000031,1,05230331702100391806
05,5,70,036,2023,03,15,3,3,5,3,0,0,1,0,0,0,0,434382.078300000168383,5759872.841199999675155,8.044469713000069,51.985646164000059,0,05230321711100296945
05,5,66,076,2023,03,20,3,3,0,1,2,1,0,0,0,0,0,393241.161999999545515,5791602.611999999731779,7.435611780000045,52.264432986000031,0,05230321709500776680
05,5,66,076,2023,03,07,3,3,5,3,0,0,1,0,0,0,0,394717.400000000372529,5788390.498900000005960,7.458236555000042,52.235849286000075,1,05230321709500538807
05,5,58,024,2023,03,08,3,2,5,3,0,0,1,0,0,0,1,392765.864000000059605,5737071.014000000432134,7.445733053000026,51.774233335000076,1,05230321706300494956
05,5,54,020,2023,03,09,3,3,5,3,0,0,1,0,0,0,0,363009.519000000320375,5786769.118000000715256,6.994834054000023,52.214305556000056,1,05230321705000521132
05,5,54,020,2023,03,20,3,3,1,5,2,1,1,0,0,0,0,362852.464499999769032,5786791.500700000673532,6.992527664000022,52.214467598000056,0,05230321705000181394
05,5,62,032,2023,03,09,3,2,2,1,0,0,1,0,0,0,0,374556.658999999985099,5716305.674000000581145,7.189398822000044,51.583831918000044,1,05230321702340591865
05,5,62,004,2023,03,07,3,3,3,6,0,0,1,0,0,0,0,382234.443599999882281,5718204.145400000736117,7.299525617000029,51.602551451000068,1,05230321702340091792
05,5,13,000,2023,03,15,3,3,3,6,0,0,1,0,0,0,0,369891.251500000245869,5715004.888399999588728,7.122580217000063,51.571084269000039,0,05230321702340087398
05,5,15,000,2023,03,15,3,3,0,5,0,1,0,0,0,0,1,404642.813299999572337,5755255.951899999752641,7.612803348000057,51.939839071000051,0,05230321702100776700
05,5,15,000,2023,03,20,3,3,5,7,2,0,1,0,1,0,0,408826.933400000445545,5761807.757300000637770,7.671913231000076,51.999431916000049,1,05230321702100196678
05,5,62,028,2023,03,08,3,2,0,1,0,1,0,0,0,0,0,378150.292700000107288,5723434.045600000768900,7.238762526000073,51.648685225000065,1,05230321701920689735
05,5,62,024,2023,03,19,3,3,4,2,2,0,1,0,1,0,0,365036.525600000284612,5721178.872899999842048,7.050195891000044,51.625424816000077,1,05230321701500699774
05,5,62,032,2023,03,11,3,3,1,5,0,1,1,0,0,0,1,375338.010599999688566,5719892.553999999538064,7.199395727000024,51.616241067000033,1,05230321701110095113
05,5,13,000,2023,03,07,3,3,5,3,0,1,1,0,0,0,0,367622.465900000184774,5708633.494799999520183,7.092258435000076,51.513298552000037,1,05230321700000475453
05,5,13,000,2023,03,18,3,3,5,2,1,0,1,0,0,0,1,367782.529099999926984,5708003.468000000342727,7.094800053000029,51.507674149000081,0,05230321700000462588
05,5,13,000,2023,03,12,3,3,2,6,0,0,1,0,0,0,0,368578.810999999754131,5712856.057900000363588,7.104456615000061,51.551468968000052,0,05230321700000220606
05,5,66,028,2023,03,15,5,3,0,1,0,0,1,0,0,0,0,412173.441999999806285,5792888.638000000268221,7.712616561000061,52.279341456000054,0,05230323709700991000
05,5,70,048,2023,05,13,4,3,3,6,0,1,0,0,0,1,0,445791.623200000263751,5723902.810399999842048,8.216229717000033,51.663492605000044,0,05230503711300881008
05,5,70,008,2023,05,07,4,2,4,1,0,0,1,0,0,0,1,434819.065499999560416,5738603.354100000113249,8.054852057000062,51.794487100000026,0,05230503711300519035
05,5,66,076,2023,05,20,4,3,2,7,1,0,1,0,0,0,0,394683.301099999807775,5788398.453299999237061,7.457734927000047,52.235914253000033,0,05230503709500096635
05,5,66,084,2023,05,15,4,3,4,2,0,1,0,0,0,0,0,386134.405000000260770,5778688.562999999150634,7.335861789000035,52.146951158000036,0,05230503709300091743
05,5,66,004,2023,05,12,4,2,8,1,0,0,1,0,0,0,0,394702.657100000418723,5765787.309000000357628,7.465020311000046,52.032700106000050,0,05230503709110779198
05,5,58,036,2023,05,16,4,2,9,1,0,0,1,0,0,0,0,390626.600200000219047,5730839.707100000232458,7.416698505000056,51.717812981000066,0,05230503706300795162
05,5,58,012,2023,05,11,4,3,5,3,0,0,1,0,0,0,1,374705.061999999918044,5750752.429999999701977,7.179135540000061,51.893432645000075,0,05230503706000250361
05,5,58,016,2023,05,09,4,3,5,3,0,0,1,0,0,1,0,374584.880599999800324,5745760.872400000691414,7.179202930000031,51.848548444000073,0,05230503706000186168
05,5,54,024,2023,05,17,4,2,8,1,0,0,0,0,1,0,0,372857.122600000351667,5775731.652200000360608,7.143025263000027,52.117483650000054,0,05230503705000289750
05,5,15,000,2023,05,13,4,3,3,6,0,1,0,0,0,0,0,406950.412100000306964,5756951.512000000104308,7.645903614000076,51.955470351000031,0,05230503702100990614
05,5,15,000,2023,05,16,4,3,1,5,0,0,1,0,1,0,0,405581.577999999746680,5756834.939999999478459,7.626021948000073,51.954191825000066,0,05230503702100974638
05,5,15,000,2023,05,12,4,3,5,3,0,1,1,0,0,0,0,406915.828300000168383,5755783.211899999529123,7.645716908000054,51.944963274000031,0,05230503702100274638
05,5,62,004,2023,05,14,4,3,5,2,0,0,1,0,0,0,0,382681.412600000388920,5712586.557600000873208,7.307853088000059,51.552155664000054,0,05230503701800149520
05,5,62,014,2023,05,20,4,2,5,3,0,1,1,0,0,0,0,361004.872000000439584,5715029.313899999484420,6.994425331000059,51.569183157000055,0,05230503701300796188
05,5,66,076,2023,05,14,4,2,5,3,0,1,1,0,0,0,0,396369.472000000067055,5788267.346999999135733,7.482458061000045,52.235055914000043,0,05230503709500511962
05,5,62,028,2023,05,08,4,3,5,3,0,1,1,0,0,0,0,380068.835699999704957,5722360.031300000846386,7.266847880000057,51.639445158000058,0,05230503701920989504