ULAND,UREGBEZ,UKREIS,UGEMEINDE,UJAHR,UMONAT,USTUNDE,UWOCHENTAG,UKATEGORIE,UART,UTYP1,ULICHTVERH,IstRad,IstPKW,IstFuss,IstKrad,IstGkfz,IstSonstige,LINREFX,LINREFY,XGCSWGS84,YGCSWGS84,STRZUSTAND,UIDENTSTLAE
05,5,15,000,2023,05,07,4,3,5,3,0,1,0,0,0,0,0,405326.385800000280142,5750760.753299999982119,7.623980481000046,51.899550780000027,0,05230503702100772447
05,5,70,020,2023,05,13,3,3,4,3,0,0,1,0,0,0,0,427427.010599999688566,5742442.385999999940395,7.946878876000028,51.828088630000082,0,05230502711400554395
05,5,70,008,2023,05,11,3,3,6,4,0,1,0,1,0,0,0,433870.025600000284612,5734669.398499999195337,8.041842067000061,51.759009263000053,0,05230502711300885568
05,5,70,008,2023,05,13,3,3,3,2,0,0,1,0,0,0,0,431576.802799999713898,5732944.334000000730157,8.008960307000052,51.743225440000060,0,05230502711300094427
05,5,70,016,2023,05,20,3,3,7,7,1,0,0,0,1,0,0,416213.227400000207126,5737531.786199999973178,7.785377390000065,51.782376753000051,0,05230502711200526207
05,5,66,008,2023,05,16,3,3,0,7,0,0,0,0,1,0,0,399146.323599999770522,5781410.467599999159575,7.525148962000060,52.173944292000044,0,05230502709800824000
05,5,66,028,2023,05,15,3,2,1,1,0,0,1,0,0,0,0,412745.567999999970198,5791063.931700000539422,7.721472660000074,52.263031561000048,0,05230502709700091774
05,5,66,084,2023,05,15,3,3,2,2,0,0,1,0,0,0,0,386594.891999999992549,5779881.869999999180436,7.342190321000032,52.157770100000050,0,05230502709300039553
05,5,66,008,2023,05,16,3,3,5,3,0,0,1,0,0,0,0,398863.200000000186265,5781252.653999999165535,7.521057194000036,52.172474090000037,0,05230502709110287330
05,5,15,000,2023,05,10,3,3,2,2,0,1,0,0,0,0,0,405396.834499999880791,5755983.937799999490380,7.623568642000066,51.946511249000082,0,05230502702100472447
05,5,15,000,2023,05,15,3,3,5,3,0,1,1,0,0,0,0,405485.683899999596179,5756994.718399999663234,7.624582980000071,51.955611694000027,0,05230502702100364312
05,5,15,000,2023,05,12,3,3,2,2,0,0,1,0,1,0,0,404864.070000000298023,5758308.785000000149012,7.615175826000041,51.967317040000069,0,05230502702100069102
05,5,15,000,2023,05,13,3,3,8,1,0,0,1,0,0,0,0,401400.309700000099838,5764736.957599999383092,7.562924187000021,52.024490738000054,0,05230502702100053171
05,5,13,000,2023,05,07,3,3,3,6,0,1,1,0,0,0,0,369434.855000000447035,5715488.506899999454618,7.115818674000025,51.575324922000050,0,05230502700000595114
05,5,13,000,2023,05,17,3,2,6,4,0,0,1,1,0,0,0,368552.753999999724329,5708901.419999999925494,7.105557339000029,51.515923546000067,0,05230502700000375453
05,5,13,000,2023,05,11,3,2,5,3,0,0,1,0,0,0,0,364684.213499999605119,5716635.914799999445677,7.046862314000066,51.584515677000070,1,05230502700000089545
05,5,70,020,2023,05,17,2,3,5,3,0,1,1,0,0,0,0,436182.436599999666214,5745643.625299999490380,8.073320699000021,51.857936721000044,0,05230501711400081045
05,5,70,036,2023,05,12,2,3,4,2,0,0,1,0,0,0,0,435727.583800000138581,5768460.545800000429153,8.062447182000028,52.063004523000075,0,05230501711100296945
05,5,58,012,2023,05,20,2,3,5,2,1,0,1,0,0,0,0,372360.024000000208616,5756100.083000000566244,7.143093035000049,51.940956517000075,0,05230501706100395040
05,5,66,076,2023,05,17,2,3,3,6,0,0,1,0,0,0,0,396239.407200000248849,5796522.594399999827147,7.478014678000022,52.309224394000069,0,05230501702350542460
05,5,13,000,2023,05,20,2,2,8,6,1,0,1,0,0,0,0,365461.058500000275671,5709127.688799999654293,7.060940000000073,51.517229093000026,0,05230501702340079606
05,5,12,000,2023,05,06,2,3,5,3,0,0,1,0,0,0,0,356499.353000000119209,5709618.369799999520183,6.931666164000035,51.519432941000048,0,05230501701400178414
05,5,13,000,2023,05,13,2,3,2,2,0,0,1,0,0,0,0,367244.265300000086427,5714284.927999999374151,7.084679935000054,51.563997237000081,0,05230501700000095201
05,5,70,008,2023,05,23,2,3,3,6,2,0,1,0,0,0,1,429637.867899999953806,5731038.257400000467896,7.981266931000050,51.725849788000062,0,05230501301911795250
05,5,66,028,2023,04,16,1,3,0,1,0,0,0,0,1,0,0,417941.020899999886751,5789592.038499999791384,7.797939956000050,52.250601023000058,0,05230430709700991071
05,5,66,024,2023,04,11,1,1,4,1,0,0,0,0,1,0,0,382091.121399999596179,5775540.297100000083447,7.277889424000023,52.117810332000033,0,05230430709300287308
05,5,66,084,2023,04,13,1,1,4,6,0,0,1,0,0,0,0,384382.358699999749660,5780624.085000000894070,7.309608802000071,52.163981343000046,0,05230430709300076615
05,5,58,024,2023,04,13,1,3,7,1,0,1,0,0,0,0,0,389589.940000000409782,5736097.080000000074506,7.400029441000072,51.764862345000040,0,05230430706300296595
05,5,58,008,2023,04,15,1,2,9,1,0,0,0,0,1,0,0,385606.461400000378489,5765023.257500000298023,7.332733624000070,52.024031870000044,0,05230430706000796670
05,5,58,020,2023,04,15,1,3,0,1,0,1,0,0,0,0,0,392726.163399999961257,5755475.592100000008941,7.439444496000021,51.939643360000048,0,05230430706000420578
05,5,54,008,2023,04,12,1,3,5,2,0,0,1,0,0,0,0,335414.794999999925494,5743164.459000000730157,6.612229711000055,51.815052185000070,0,05230430705000796700
05,5,54,060,2023,04,15,1,3,8,1,0,1,0,0,0,0,0,353278.269600000232458,5757455.839800000190735,6.865107720000026,51.948433764000072,0,05230430705000181093
05,5,66,012,2023,04,19,1,3,2,6,0,0,1,0,0,0,0,410332.348399999551475,5773834.423699999228120,7.690679178000039,52.107779157000039,0,05230430702350591778
05,5,15,000,2023,04,15,1,3,5,2,0,1,1,0,0,0,0,404413.284900000318885,5755368.883400000631809,7.609433984000020,51.940814761000070,0,05230430702100676693
05,5,62,036,2023,04,13,1,3,2,6,0,0,1,0,1,0,0,391804.632100000046194,5718518.462099999189377,7.437559487000044,51.607296615000052,0,05230430701930671421
05,5,62,012,2023,04,10,1,3,5,2,0,0,1,0,0,0,0,356708.747200000099838,5724532.542700000107288,6.928594366000027,51.653500835000045,0,05230430701610989512
05,5,62,024,2023,04,11,1,3,2,6,0,0,1,0,1,1,0,369478.080400000326335,5722294.840800000354648,7.113908515000048,51.636501378000048,0,05230430701500275472
05,5,12,000,2023,04,17,1,3,0,1,0,1,0,0,0,0,0,356791.530299999751151,5711837.753299999982119,6.934972070000072,51.539450115000079,0,05230430701400694974
05,5,62,014,2023,04,14,1,3,1,5,0,0,1,0,1,0,0,361484.940200000070035,5713480.423000000417233,7.001958055000046,51.555382714000075,0,05230430701300871480
05,5,13,000,2023,04,02,1,3,9,1,2,0,1,0,0,0,0,363537.833899999968708,5712077.949300000444055,7.032095572000060,51.543279931000029,0,05230430700000720538
05,5,13,000,2023,04,00,1,3,4,2,2,0,1,0,0,0,0,366817.636199999600649,5706772.260399999096990,7.081369541000072,51.496383099000070,0,05230430700000691625
05,5,13,000,2023,05,02,3,3,8,1,2,0,1,0,0,0,0,365615.984000000171363,5709903.125000000000000,7.062875782000049,51.524234467000042,0,05230502700000094943
05,5,15,000,2023,05,10,3,3,2,6,0,0,1,0,0,0,0,404686.509499999694526,5759032.553099999204278,7.612391071000047,51.973792114000048,0,05230502702100591715
05,5,54,020,2023,04,15,1,3,4,2,0,1,1,0,0,0,0,366338.655299999751151,5785820.416200000792742,7.043906907000064,52.206598728000074,0,05230430705000020897
05,5,66,012,2023,04,17,7,2,5,3,0,0,1,0,1,0,0,404717.713600000366569,5774501.556700000539422,7.608533385000044,52.112836681000033,0,05230429709110293617
05,5,54,008,2023,04,14,7,3,8,1,0,0,1,0,0,0,0,333916.885999999940395,5746148.878100000321865,6.589087222000046,51.841418953000073,0,05230429705000285883
05,5,54,008,2023,04,12,7,3,5,3,0,1,1,0,0,0,0,335825.299999999813735,5746826.369000000879169,6.616442713000026,51.848069438000039,1,05230429705000195050
05,5,12,000,2023,04,11,7,3,2,6,0,0,1,0,0,0,0,356370.720800000242889,5714363.169800000265241,6.927877232000071,51.562036001000081,0,05230429702340042872
05,5,15,000,2023,04,15,7,3,5,2,0,1,1,0,0,0,0,406312.810999999754131,5758811.163000000640750,7.636120482000024,51.972078707000037,0,05230429702100579138
05,5,15,000,2023,04,21,7,2,9,7,2,1,0,0,0,0,0,410743.161999999545515,5753025.813799999654293,7.702100456000039,51.920804963000080,0,05230429702100462435
05,5,15,000,2023,04,09,7,3,5,2,0,1,1,0,0,0,0,409067.086000000126660,5758603.712200000882149,7.676259884000046,51.970671490000029,0,05230429702100270563
05,5,15,000,2023,04,16,7,2,0,1,0,1,0,0,0,0,0,406626.385999999940395,5756133.071000000461936,7.641412055000046,51.948059480000040,0,05230429702100087867
05,5,15,000,2023,04,22,7,2,0,7,2,1,0,0,0,0,0,399772.603199999779463,5757061.498299999162555,7.541452331000073,51.955211595000037,0,05230429702000570612
05,5,62,024,2023,04,16,7,3,5,2,0,1,1,0,0,0,0,373273.757500000298023,5725613.332000000402331,7.167524293000042,51.667192259000046,0,05230429701500245215
05,5,12,000,2023,04,09,7,3,2,2,0,0,1,0,0,0,1,355660.443599999882281,5719160.010299999266863,6.915665441000044,51.604957407000029,0,05230429701400978150
05,5,70,040,2023,04,12,6,3,8,1,0,0,1,0,0,0,0,419139.743599999696016,5747040.350400000810623,7.825571156000024,51.868283041000041,0,05230428711200487087
05,5,66,072,2023,04,20,6,3,3,6,0,0,1,0,1,0,0,412861.224999999627471,5802877.153000000864267,7.720107127000063,52.369229895000046,1,05230428709700881516
05,5,66,068,2023,04,13,6,3,7,7,0,0,1,0,0,0,0,379238.893899999558926,5784587.322399999946356,7.233035156000028,52.198495328000035,0,05230428709300096684
05,5,54,064,2023,04,10,6,3,6,4,0,0,1,1,0,0,0,361419.674599999561906,5751206.450500000268221,6.986004164000065,51.894367609000028,0,05230428705000720971
05,5,54,008,2023,04,19,6,3,8,1,0,0,0,0,1,0,0,336133.895499999634922,5743817.288200000301003,6.622343734000026,51.821128140000042,1,05230428705000495950
05,5,15,000,2023,04,13,6,3,5,3,0,0,1,0,0,0,0,404305.658999999985099,5766808.816999999806285,7.604675746000055,52.043621907000045,0,05230428702100076681
05,5,62,012,2023,04,07,6,3,5,3,0,0,1,0,0,0,0,361262.502999999560416,5728173.087999999523163,6.992933041000072,51.687356859000033,0,05230428701610689512
05,5,62,024,2023,04,14,6,2,6,4,0,0,1,1,0,0,0,368368.846099999733269,5724109.878599999472499,7.097206246000042,51.652553818000058,1,05230428701500581220
05,5,62,032,2023,04,21,6,3,6,4,2,0,1,1,0,0,0,375727.833999999798834,5719521.205000000074506,7.205154993000065,51.612989900000059,0,05230428701110278743
05,5,13,000,2023,04,22,6,1,1,7,2,1,0,0,0,0,1,366861.333499999716878,5712700.152100000530481,7.079758594000054,51.549665243000049,1,05230428700000291370
05,5,13,000,2023,04,13,6,3,5,3,0,0,1,0,0,0,1,369203.117399999871850,5706578.405300000682473,7.115786564000075,51.495197915000062,0,05230428700000095133
05,5,15,000,2023,05,12,3,3,5,2,0,1,1,0,0,0,0,405267.776700000278652,5750583.020300000905991,7.623177744000031,51.897943263000059,0,05230502702100238624
05,5,70,020,2023,04,15,5,2,5,3,0,0,1,0,0,0,1,438744.984299999661744,5748238.241100000217557,8.110065591000023,51.881549691000032,0,05230427711400596662
05,5,70,048,2023,04,16,5,2,6,4,0,0,1,1,0,0,0,450229.286500000394881,5727243.451899999752641,8.279909611000051,51.693938050000042,0,05230427711300196538
05,5,70,052,2023,04,07,5,3,5,2,0,0,1,0,0,0,0,424254.691899999976158,5759270.333000000566244,7.897154986000032,51.978941406000047,0,05230427711100481021
05,5,70,044,2023,04,11,5,1,5,3,0,1,1,0,0,0,0,416863.171000000089407,5757887.085000000894070,7.789894924000066,51.965450597000029,0,05230427711100061702
05,5,66,072,2023,04,13,5,3,5,3,0,1,1,0,0,0,0,411665.474000000394881,5801092.581000000238419,7.703018613000040,52.352998513000045,0,05230427709700096558
05,5,66,028,2023,04,16,5,3,0,1,0,1,0,0,0,0,0,412166.397499999962747,5792969.218100000172853,7.712492337000072,52.280064605000064,0,05230427709700076668
05,5,66,076,2023,04,06,5,3,2,1,0,0,1,0,0,0,0,392989.065000000409782,5793270.664999999105930,7.431389994000028,52.279375071000061,0,05230427709500302282
05,5,66,084,2023,04,11,5,3,1,1,0,0,1,0,0,0,0,386113.412999999709427,5778935.558000000193715,7.335472341000070,52.149166558000047,0,05230427709300987316
05,5,66,068,2023,04,07,5,3,5,3,0,1,1,0,0,0,0,379600.833999999798834,5784432.158999999985099,7.238383456000065,52.197180129000060,0,05230427709300874742
05,5,54,020,2023,04,07,5,3,5,2,0,1,1,0,0,0,0,365947.756900000385940,5783072.677899999544024,7.039276843000039,52.181814297000074,0,05230427705000021120
05,5,15,000,2023,04,17,5,3,3,6,0,1,0,0,0,0,0,404688.908200000412762,5758561.560799999162555,7.612556758000039,51.969559075000063,0,05230427702100009584
05,5,62,008,2023,04,07,5,3,5,3,0,1,1,0,0,0,0,384584.087199999950826,5724198.867399999871850,7.331461645000047,51.656916753000075,0,05230427701910069505
05,5,62,016,2023,04,16,5,3,8,1,0,0,0,0,1,0,0,383880.643099999986589,5732875.987600000575185,7.318408225000042,51.734757980000040,0,05230427701700462614
05,5,66,028,2023,05,09,3,3,0,7,0,0,0,0,0,0,1,411680.116299999877810,5793181.664799999445677,7.705310501000042,52.281896206000056,0,05230502709700503002
05,5,58,032,2023,05,19,3,3,8,1,0,0,0,0,1,0,0,386162.781299999915063,5758270.393999999389052,7.343080496000027,51.963456972000074,0,05230502706100496582
05,5,54,028,2023,05,04,2,2,6,1,2,0,1,1,0,0,0,355090.951600000262260,5744516.784299999475479,6.896900063000032,51.832650868000030,0,05230501705000281930
05,5,70,008,2023,04,06,4,2,9,1,0,0,1,0,0,0,0,428792.613400000147521,5731441.476800000295043,7.968948627000032,51.729367983000031,0,05230426711300490684
05,5,70,016,2023,04,07,4,3,0,6,0,0,0,0,1,0,0,413437.125000000000000,5739493.584000000730157,7.744654056000059,51.799589005000030,1,05230426711200791797
05,5,70,004,2023,04,11,4,3,5,3,0,1,1,0,0,0,0,422684.005699999630451,5735254.121999999508262,7.879668595000055,51.762833053000065,0,05230426711200076720
05,5,54,028,2023,04,07,4,3,0,7,0,0,1,0,0,0,0,355366.984000000171363,5744044.212999999523163,6.901100756000062,51.828476268000031,0,05230426705000291841
05,5,66,088,2023,04,07,4,3,3,6,0,0,1,0,0,1,0,422352.213200000114739,5785668.110600000247359,7.863445434000027,52.215969683000026,0,05230426702350491778
05,5,62,032,2023,04,10,4,3,2,6,0,0,1,0,0,0,0,373092.657499999739230,5721075.579399999231100,7.166553255000053,51.626371102000064,0,05230426702340041000
05,5,62,032,2023,04,17,4,3,2,6,0,1,0,0,0,0,0,375851.224299999885261,5717341.306299999356270,7.207707872000071,51.593426018000059,0,05230426701110575491
05,5,58,012,2023,05,14,2,3,7,1,0,1,1,0,0,0,0,370850.584499999880791,5746810.757400000467896,7.124626440000043,51.857131693000042,0,05230501706000876774
05,5,70,020,2023,04,07,3,3,5,3,0,0,1,0,0,0,0,426683.014999999664724,5743277.571000000461936,7.935907659000065,51.835499512000069,1,05230425711400474655
05,5,66,028,2023,04,05,3,3,8,1,1,0,1,0,0,0,0,413270.421000000089407,5796457.342000000178814,7.727773140000068,52.311592175000044,1,05230425709700048421
05,5,66,076,2023,04,11,3,3,3,1,0,1,0,0,0,0,0,395900.233900000341237,5792697.660499999299645,7.474223353000070,52.274784303000047,0,05230425709500511962
05,5,58,020,2023,04,17,3,3,9,1,0,0,1,0,0,0,0,392140.260099999606609,5761640.250399999320507,7.428988055000048,51.994935763000058,0,05230425706000070571
05,5,54,020,2023,04,18,3,3,5,7,0,0,1,0,1,0,0,365438.431800000369549,5786507.693600000813603,7.030467654000063,52.212555092000059,0,05230425705000720951
05,5,15,000,2023,04,06,3,2,5,2,1,1,1,0,0,0,0,406901.529199999757111,5755807.054400000721216,7.645502476000047,51.945175190000043,0,05230425702100976107
05,5,15,000,2023,04,13,3,3,5,3,0,1,0,0,1,0,0,404595.750599999912083,5755268.579299999400973,7.612115423000034,51.939944504000039,0,05230425702100896698
05,5,15,000,2023,04,08,3,3,4,6,0,0,0,0,0,1,0,408416.855499999597669,5756904.667199999094009,7.667250107000029,51.955292725000049,0,05230425702100591867
05,5,62,008,2023,04,17,3,3,5,3,0,1,1,0,0,0,0,383665.697999999858439,5721008.897900000214577,7.319251485000052,51.628057145000071,0,05230425701910149551
05,5,62,012,2023,04,13,3,3,5,3,0,0,1,0,0,0,0,361921.110500000417233,5736115.155400000512600,6.999305886000059,51.758885878000058,0,05230425701610889576
05,5,12,000,2023,04,11,3,2,6,7,0,1,0,1,0,0,0,355767.568300000391901,5709843.506899999454618,6.921033952000073,51.521269594000046,0,05230425701400394972
05,5,62,032,2023,04,10,3,3,5,3,0,1,1,0,0,0,0,376136.661799999885261,5715139.136099999770522,7.212603392000062,51.573697466000056,0,05230425701120580610
05,5,13,000,2023,04,11,3,3,5,3,0,0,1,0,0,0,0,367108.997999999672174,5706918.032999999821186,7.085509487000024,51.497761681000043,0,05230425700000067040
05,5,70,008,2023,04,15,2,3,2,6,0,1,1,0,0,0,0,435657.753299999982119,5738235.121099999174476,8.067079906000060,51.791273770000032,1,05230424711300579153
05,5,70,016,2023,04,11,2,3,1,6,0,0,1,0,0,1,0,409365.974999999627471,5740238.678999999538064,7.685435293000069,51.805641565000030,1,05230424711200687087
05,5,54,012,2023,04,06,2,3,8,1,1,0,1,0,0,0,0,351935.746000000275671,5754418.297000000253320,6.846895278000034,51.920786643000042,1,05230424705000620734
05,5,15,000,2023,04,12,2,3,1,6,0,0,1,0,0,0,0,404850.984400000423193,5758304.189400000497699,7.614986682000051,51.967273493000050,1,05230424702100774470
05,5,12,000,2023,04,13,2,2,1,5,0,0,1,0,0,0,0,357657.898500000126660,5709780.778200000524521,6.948287590000064,51.521185465000030,1,05230424701400295791
05,5,62,014,2023,04,12,2,3,5,3,0,0,1,0,0,0,0,362150.130199999548495,5712605.030700000002980,7.011890072000028,51.547679173000063,1,05230424701300294953
05,5,62,020,2023,04,17,2,3,5,3,0,0,1,0,0,0,0,370646.067099999636412,5719198.662799999117851,7.131919974000027,51.608946601000071,1,05230424701200685386
05,5,13,000,2023,04,13,2,3,2,6,0,0,1,0,0,0,0,366282.825100000016391,5711256.975999999791384,7.071968279000032,51.536559248000060,1,05230424700000875320
05,5,13,000,2023,04,11,2,3,9,1,0,0,1,0,0,0,0,362232.019500000402331,5710938.757099999114871,7.013722534000067,51.532725610000057,1,05230424700000791370
05,5,70,008,2023,05,21,3,3,5,2,2,0,1,0,0,0,0,433939.709999999962747,5735296.267999999225140,8.042732389000037,51.764653088000045,0,05230502711300287402
05,5,62,032,2023,04,22,1,3,2,1,2,0,1,0,0,0,0,380738.985299999825656,5717816.234699999913573,7.278074299000025,51.598750397000060,0,05230430702340005132
05,5,13,000,2023,04,16,3,3,6,4,0,0,1,1,0,0,0,369430.379499999806285,5707209.564899999648333,7.118824953000058,51.500922604000039,0,05230425700000795155
05,5,70,004,2023,04,12,1,3,1,6,0,0,1,0,0,0,0,423860.610399999655783,5734450.370999999344349,7.896890608000035,51.755768838000051,0,05230423711200502910
05,5,70,052,2023,04,09,1,3,5,2,0,1,1,0,0,0,0,430858.583499999716878,5757508.374399999156594,7.993645173000061,51.963963135000029,0,05230423711100996700
05,5,66,048,2023,04,13,1,3,5,6,0,0,1,0,1,0,0,426173.474000000394881,5792997.289000000804663,7.917765243000076,52.282376794000072,0,05230423709700581018
05,5,66,092,2023,04,16,1,2,8,1,0,0,0,0,1,0,0,423187.584400000050664,5795265.843800000846386,7.873486368000044,52.302359132000049,0,05230423709700091071
05,5,66,096,2023,04,10,1,3,0,1,0,1,0,0,0,0,0,383231.339100000448525,5786623.520800000056624,7.290721342000040,52.217653983000048,0,05230423709500560910
05,5,66,068,2023,04,10,1,2,5,3,0,0,1,0,1,0,0,379480.364000000059605,5787122.914200000464916,7.235663847000069,52.221333940000079,0,05230423709300065812
05,5,58,004,2023,04,01,1,3,3,6,2,0,1,0,0,0,0,405676.643000000156462,5739721.492200000211596,7.632081728000060,51.800382475000049,1,05230423702330338672
05,5,15,000,2023,04,12,1,3,5,3,0,1,1,0,0,0,0,408209.521599999628961,5754193.084899999201298,7.664957689000062,51.930885207000074,0,05230423702100091784
05,5,13,000,2023,04,14,1,3,5,3,0,0,1,0,0,0,0,363115.350700000301003,5711602.228499999269843,7.026191895000068,51.538902639000071,0,05230423700000655674
05,5,70,036,2023,04,13,5,3,6,2,0,0,1,1,0,0,0,435605.940399999730289,5761344.881799999624491,8.062012537000044,51.999022688000082,0,05230427711100591830
05,5,70,020,2023,04,12,7,3,8,1,0,0,0,0,1,0,0,435296.732099999673665,5747378.757600000128150,8.060136387000057,51.873433486000067,0,05230422711400380982
05,5,70,036,2023,04,15,7,2,8,1,0,0,0,0,1,0,0,431313.744599999859929,5761049.788799999281764,7.999559962000035,51.995855524000035,0,05230422711100402755
05,5,66,060,2023,04,21,7,3,5,2,1,0,1,0,0,0,1,390581.196000000461936,5785956.716000000014901,7.398478253000064,52.213170156000047,1,05230422709500369525
05,5,66,080,2023,05,15,3,3,2,6,0,0,1,0,0,0,1,408129.472000000067055,5783148.071000000461936,7.656003715000054,52.191131098000028,0,05230502709110174686
05,5,58,044,2023,04,17,7,2,3,6,0,1,1,0,0,0,0,399323.064100000075996,5743082.326099999248981,7.538993889000039,51.829482937000080,1,05230422706300389266
05,5,58,012,2023,04,09,7,3,1,6,0,0,1,0,0,0,0,369713.983400000259280,5755646.303899999707937,7.104792840000073,51.936265527000046,0,05230422706000496588
05,5,54,028,2023,04,18,7,3,5,3,0,0,1,0,0,0,1,360168.883000000379980,5741957.047000000253320,6.971580146000065,51.810944373000041,0,05230422705000687245
05,5,54,036,2023,04,17,7,3,5,3,0,1,1,0,0,0,0,370529.438000000081956,5766901.116000000387430,7.112399329000027,52.037592770000060,1,05230422705000293442
05,5,54,060,2023,04,00,7,3,8,1,2,1,0,0,0,0,0,349269.476499999873340,5756081.547399999573827,6.807425187000035,51.935014761000048,1,05230422705000091738
05,5,66,028,2023,04,20,7,2,4,1,1,0,1,0,0,0,0,408368.461299999617040,5792018.388100000098348,7.657094938000057,52.270898487000068,1,05230422702350007723
05,5,62,008,2023,04,13,7,2,5,3,0,0,1,0,1,0,0,384628.595999999903142,5722186.122999999672174,7.332768686000065,51.638835972000038,0,05230422701910349480
05,5,62,004,2023,04,11,7,3,5,3,0,1,1,0,0,0,0,385205.639399999752641,5717328.347500000149012,7.342695203000062,51.595293432000062,0,05230422701800465506
05,5,66,028,2023,04,16,3,3,0,7,0,1,1,0,0,0,0,412336.247000000439584,5791179.815999999642372,7.715446462000045,52.264008075000049,0,05230425709700581018
05,5,62,012,2023,04,14,7,3,0,1,0,1,0,0,0,0,0,359404.057500000111759,5726210.280300000682473,6.966855991000045,51.669257221000066,0,05230422701610091325
05,5,62,014,2023,04,18,7,3,2,6,0,0,1,0,0,0,0,360545.422000000253320,5714117.212999999523163,6.988162165000062,51.560873502000049,1,05230422701300479132
05,5,62,014,2023,04,00,7,3,9,1,2,0,1,0,0,0,0,361819.936099999584258,5713750.414699999615550,7.006681035000042,51.557891065000035,1,05230422701300290514
05,5,13,000,2023,04,19,7,3,4,2,0,0,1,0,0,0,0,368458.196000000461936,5707837.812000000849366,7.104592184000069,51.506343120000054,0,05230422700000280940
05,5,13,000,2023,04,14,7,2,0,1,0,1,0,0,0,0,0,369284.951000000350177,5707490.344000000506639,7.116626869000072,51.503412314000059,0,05230422700000163447
05,5,70,048,2023,04,18,6,3,4,2,0,0,1,0,0,0,0,442876.981900000013411,5732039.300300000235438,8.172760173000029,51.736354838000068,0,05230421711300094426
05,5,70,040,2023,04,08,6,2,5,3,0,0,1,0,0,0,0,418179.120000000111759,5746218.028999999165535,7.811816905000057,51.860750928000073,0,05230421711200994320
05,5,66,028,2023,04,15,6,3,2,1,0,0,1,0,0,0,0,414608.366000000387430,5792408.493000000715256,7.748420509000027,52.275409381000031,0,05230421709700990681
05,5,66,072,2023,04,13,6,3,5,3,0,1,1,0,0,0,0,412763.265999999828637,5803010.701999999582767,7.718633958000055,52.370414664000066,0,05230421709700670498
05,5,66,080,2023,04,13,6,3,2,6,0,0,1,0,0,0,0,406183.143000000156462,5781299.588999999687076,7.628050608000024,52.174189060000060,0,05230421709110896565
05,5,54,020,2023,04,22,6,3,6,4,2,1,0,1,0,0,0,366509.921900000423193,5785752.791999999433756,7.046438421000062,52.206032604000029,1,05230421705000896573
05,5,54,024,2023,04,15,6,2,4,6,0,0,1,0,0,0,1,366027.081799999810755,5773976.865299999713898,7.044021325000074,52.100103242000046,0,05230421705000789750
05,5,54,028,2023,04,18,6,3,5,3,0,0,1,0,0,0,0,356260.603000000119209,5743546.987999999895692,6.914266000000055,51.824239201000069,0,05230421705000752633
05,5,54,020,2023,04,21,6,3,5,3,2,1,1,0,0,0,0,366725.440999999642372,5785664.912000000476837,7.049625041000070,52.205295119000027,1,05230421705000455358
05,5,54,024,2023,04,20,6,2,4,1,2,0,1,0,0,0,0,370325.956100000068545,5784196.884199999272823,7.102846134000060,52.192962676000036,1,05230421705000051912
05,5,15,000,2023,04,07,6,3,2,6,0,0,1,0,1,0,0,408290.417100000195205,5754081.580199999734759,7.666163645000040,51.929896268000050,0,05230421702100660670
05,5,15,000,2023,04,18,6,3,5,2,0,1,1,0,0,0,0,405393.097199999727309,5755586.998299999162555,7.623623513000041,51.942942744000050,0,05230421702100074700
05,5,62,004,2023,04,13,6,3,4,7,0,0,1,0,0,0,0,383308.254700000397861,5717115.825400000438094,7.315385678000041,51.592993497000066,0,05230421701800945438
05,5,62,004,2023,04,15,6,3,2,6,0,0,1,0,0,0,1,385483.825000000186265,5717188.676999999210238,7.346755198000039,51.594094718000065,0,05230421701800468380
05,5,62,016,2023,04,06,6,2,0,7,2,1,0,0,0,0,1,374774.921500000171363,5732152.040200000628829,7.186872014000073,51.726291702000026,1,05230421701700373596
05,5,62,024,2023,04,15,6,3,5,2,0,0,1,0,0,0,0,370512.159400000236928,5726241.604100000113249,7.127381136000054,51.672208701000045,0,05230421701500481308
05,5,12,000,2023,04,14,6,3,5,3,0,0,1,0,0,0,1,358124.862800000235438,5711085.728099999949336,6.954488175000051,51.533029168000041,0,05230421701400177663
05,5,13,000,2023,04,16,6,2,9,7,0,0,1,0,0,0,0,370598.841400000266731,5714267.511900000274181,7.133056145000069,51.564620425000044,0,05230421700000981310
05,5,12,000,2023,04,19,2,3,5,2,0,1,1,0,0,0,0,356687.616399999707937,5708566.722599999979138,6.934805341000072,51.510030785000026,0,05230424701400975422
05,5,70,044,2023,04,18,5,3,5,2,0,1,1,0,0,0,0,416456.182699999772012,5759468.992200000211596,7.783587378000050,51.979609302000028,0,05230420711100381617
05,5,66,068,2023,04,17,5,3,8,1,0,0,0,0,1,0,0,375527.765200000256300,5781969.660099999979138,7.179724639000028,52.174147299000026,0,05230420709300196625
05,5,66,064,2023,04,13,5,3,0,7,0,0,1,0,0,0,0,394499.461199999786913,5770298.863900000229478,7.460666198000069,52.073209685000052,0,05230420709110196565