ULAND,UREGBEZ,UKREIS,UGEMEINDE,UJAHR,UMONAT,USTUNDE,UWOCHENTAG,UKATEGORIE,UART,UTYP1,ULICHTVERH,IstRad,IstPKW,IstFuss,IstKrad,IstGkfz,IstSonstige,LINREFX,LINREFY,XGCSWGS84,YGCSWGS84,STRZUSTAND,UIDENTSTLAE
05,5,54,020,2023,04,08,5,3,1,6,0,0,1,0,0,0,0,365475.548299999907613,5786841.531199999153614,7.030877885000052,52.215563791000079,0,05230420705000191763
05,5,15,000,2023,04,00,5,3,0,7,2,1,1,0,0,0,0,405918.493499999865890,5756055.725600000470877,7.631136539000067,51.947244983000076,0,05230420702100269260
05,5,15,000,2023,04,06,5,3,0,2,0,0,0,0,0,0,1,404706.593600000254810,5759086.449500000104308,7.612668405000022,51.974279998000043,0,05230420702100068257
05,5,15,000,2023,04,12,5,3,5,2,0,1,1,0,0,0,0,403012.612099999561906,5758689.748500000685453,7.588126644000056,51.970421286000033,0,05230420702100056377
05,5,62,004,2023,04,18,5,3,6,7,0,0,1,1,0,0,0,384661.452999999746680,5716674.070499999448657,7.335057312000060,51.589301771000066,1,05230420701800289604
05,5,13,000,2023,04,13,5,3,0,4,0,0,0,1,0,0,1,369272.663999999873340,5707517.161299999803305,7.116439999000022,51.503650475000029,0,05230420700000675760
05,5,66,016,2023,05,21,4,3,0,1,2,1,0,0,0,0,0,403477.355800000019372,5795274.681900000199676,7.584503962000042,52.299328506000052,0,05230503709500996953
05,5,70,052,2023,05,18,4,3,0,2,0,0,1,0,0,0,1,425047.270800000056624,5757125.093900000676513,7.909160963000033,51.959764534000044,0,05230503711100593886
05,5,70,004,2023,04,16,4,2,6,6,0,0,1,1,0,0,0,422375.677500000223517,5735301.102199999615550,7.875191260000065,51.763212725000074,0,05230419711200391797
05,5,66,028,2023,04,09,4,3,2,1,0,0,1,0,1,0,0,413029.821000000461936,5793967.296000000089407,7.724887864000038,52.289172914000062,0,05230419709700511896
05,5,66,060,2023,04,18,4,3,2,6,0,0,1,0,0,0,0,388718.078800000250340,5788710.917099999263883,7.370314196000038,52.237548969000045,0,05230419709500469525
05,5,58,032,2023,04,17,4,3,6,2,0,0,1,1,0,0,0,391549.730000000447035,5750866.612999999895692,7.423789071000044,51.897991305000062,0,05230419706000405115
05,5,54,016,2023,04,09,4,1,5,3,0,1,1,0,0,0,0,363715.033999999985099,5757106.186599999666214,7.017005694000034,51.947946836000028,0,05230419705000496574
05,5,66,012,2023,04,17,6,3,5,3,0,0,1,0,0,1,0,411753.524000000208616,5766866.485999999567866,7.713227695000057,52.045375959000069,0,05230421709110979151
05,5,54,036,2023,04,15,4,2,9,1,0,0,0,0,1,0,0,369557.617200000211596,5771204.470100000500679,7.096595877000027,52.076034564000054,0,05230419705000096573
05,5,58,004,2023,04,02,5,3,8,1,2,0,0,0,0,1,0,407198.961099999956787,5730232.509199999272823,7.656686156000035,51.715342122000038,0,05230427702330249925
05,5,62,004,2023,04,10,4,3,8,1,0,0,1,0,0,1,0,382953.160699999891222,5718334.729100000113249,7.309855063000043,51.603874926000060,0,05230419702340870442
05,5,54,024,2023,04,11,4,3,2,6,0,0,1,0,0,0,0,369283.741200000047684,5778522.565700000151992,7.089792950000060,52.141728908000061,0,05230419702340605048
05,5,15,000,2023,04,11,4,3,6,6,0,0,0,1,0,0,1,405784.803999999538064,5750759.580800000578165,7.630641553000032,51.899617941000031,0,05230419702100391750
05,5,15,000,2023,04,19,4,3,4,6,0,1,0,0,0,0,0,402525.133100000210106,5757594.239499999210238,7.581343592000053,51.960489296000048,0,05230419702100356377
05,5,15,000,2023,04,09,4,2,2,6,0,0,1,0,0,0,0,409201.389999999664724,5756170.716099999845028,7.678857554000047,51.948824154000079,0,05230419702100295613
05,5,62,004,2023,04,10,4,3,3,5,0,0,1,0,1,0,0,384204.188799999654293,5711583.948999999091029,7.330136777000064,51.543458989000044,0,05230419701800175251
05,5,62,032,2023,04,15,4,2,5,3,0,0,1,0,0,0,0,378678.773699999786913,5717803.627399999648333,7.248347557000045,51.598197099000060,0,05230419701110682385
05,5,15,000,2023,05,21,2,2,3,6,2,0,1,0,0,0,0,400495.582399999722838,5754620.001800000667572,7.552676368000050,51.933396839000068,0,05230501702330854104
05,5,66,028,2023,04,10,6,3,6,5,0,1,0,1,0,0,0,411952.358400000259280,5792021.081499999389052,7.709603265000055,52.271508270000027,1,05230428709700496558
05,5,62,032,2023,05,17,4,3,5,3,0,1,1,0,0,0,0,375472.250699999742210,5719955.373800000175834,7.201311323000027,51.616835349000041,0,05230503701110095010
05,5,62,004,2023,04,18,6,3,2,6,0,0,1,0,0,0,0,383174.779699999839067,5713519.312200000509620,7.314655965000043,51.560641405000069,1,05230428701800596736
05,5,70,020,2023,04,06,3,3,9,1,0,0,1,0,0,0,1,439645.919999999925494,5748200.599099999293685,8.123159618000045,51.881309541000064,0,05230418711400697002
05,5,70,020,2023,04,13,3,2,2,6,0,1,0,0,0,0,0,427778.059000000357628,5741823.339999999850988,7.952101235000043,51.822569076000036,0,05230418711400191693
05,5,58,036,2023,04,22,3,3,9,1,2,0,1,0,0,0,0,386671.845999999903142,5726968.063999999314547,7.360732070000040,51.682230521000065,0,05230418706300194956
05,5,58,012,2023,04,12,3,3,5,3,0,0,1,0,0,0,1,376438.217199999839067,5750392.288399999961257,7.204438416000073,51.890583081000045,0,05230418706000920578
05,5,58,044,2023,04,08,3,3,7,7,0,0,0,0,1,0,0,400040.088000000454485,5746703.019400000572205,7.548348922000059,51.862155615000063,0,05230418706000285680
05,5,54,020,2023,04,17,3,3,2,6,0,0,1,0,0,0,1,365251.969999999739230,5785996.908999999985099,7.027943529000027,52.207919972000070,0,05230418705000580993
05,5,62,008,2023,04,07,3,3,5,2,0,1,1,0,0,0,0,385889.044999999925494,5724588.968200000002980,7.350191267000071,51.660689328000046,0,05230418701910585436
05,5,62,016,2023,04,16,3,3,5,3,0,1,1,0,0,0,0,374233.135999999940395,5734279.845000000670552,7.178262835000055,51.745292633000076,0,05230418701700189515
05,5,62,012,2023,04,18,3,3,5,2,0,0,1,0,1,0,0,362815.475200000219047,5731753.602099999785423,7.013975970000047,51.719912974000067,0,05230418701620095160
05,5,62,012,2023,04,14,3,3,6,4,0,0,1,1,0,0,0,358724.442099999636412,5727579.014799999073148,6.956481182000061,51.681385834000082,0,05230418701610780918
05,5,12,000,2023,04,09,3,3,2,6,0,0,1,0,0,0,0,358194.099600000306964,5709780.137700000777841,6.956011324000031,51.521314582000059,0,05230418701400981363
05,5,62,032,2023,04,19,3,3,2,6,0,0,1,0,0,0,0,375622.339800000190735,5717980.639200000092387,7.204178635000062,51.599121319000062,0,05230418701110275293
05,5,70,052,2023,04,09,6,2,5,3,0,0,1,0,0,0,0,423184.360799999907613,5747041.274700000882149,7.884303353000064,51.868862991000071,0,05230421711100196160
05,5,58,016,2023,04,07,2,3,1,1,0,0,1,0,0,0,0,382566.828800000250340,5744023.561400000005960,7.295618764000039,51.834671041000036,1,05230424706000795025
05,5,12,000,2023,04,08,3,3,2,6,0,0,1,0,0,0,0,356251.251500000245869,5707668.085100000724196,6.928887818000021,51.501844932000040,0,05230418500630353184
05,5,66,012,2023,04,19,5,3,4,2,0,1,1,0,0,0,0,403995.792999999597669,5772307.733999999240041,7.598612409000054,52.092993503000059,0,05230427709110474686
05,5,13,000,2023,04,10,6,2,5,2,0,0,1,0,0,0,0,367135.505499999970198,5714957.226500000804663,7.082857585000056,51.570013294000034,0,05230428700000924636
05,5,70,004,2023,04,07,2,3,8,1,0,0,0,0,0,0,1,424483.088399999774992,5739108.058299999684095,7.904894125000055,51.797724139000081,0,05230417711200690740
05,5,70,040,2023,04,08,2,3,9,7,0,0,1,0,0,0,0,419098.042299999855459,5744340.487999999895692,7.825597691000041,51.844007154000053,0,05230417711200658484
05,5,70,052,2023,04,15,2,3,1,6,0,0,1,0,0,0,1,430067.273400000296533,5754929.870999999344349,7.982654334000074,51.940684407000049,0,05230417711100291798
05,5,66,028,2023,04,14,2,3,1,1,0,0,1,0,1,0,0,412122.436700000427663,5792898.813699999824166,7.711866466000060,52.279424766000034,0,05230417709700796558
05,5,66,072,2023,04,17,2,3,5,2,0,1,0,0,0,0,1,412593.980000000447035,5799459.416999999433756,7.717072819000066,52.338468174000070,0,05230417709700596558
05,5,66,028,2023,04,14,2,3,5,3,0,0,1,0,0,0,0,408529.315700000151992,5794818.287699999287724,7.658691833000034,52.296090934000063,0,05230417709700247180
05,5,66,076,2023,04,13,2,3,1,5,0,1,1,0,0,0,0,393644.393699999898672,5792489.766899999231100,7.441238483000063,52.272484163000058,0,05230417709500042446
05,5,66,064,2023,04,15,2,3,2,1,0,0,1,0,0,0,0,392755.276999999769032,5770169.560000000521541,7.435268033000057,52.071712534000028,0,05230417709110974704
05,5,54,020,2023,04,12,2,2,0,1,0,0,0,0,1,0,0,366880.174999999813735,5783607.940999999642372,7.052696197000046,52.186849684000038,0,05230417705000947520
05,5,54,008,2023,04,12,2,2,5,3,0,0,1,0,0,0,0,330018.730000000447035,5744834.135999999940395,6.533202172000074,51.828435913000078,0,05230417705000774717
05,5,54,024,2023,04,09,2,3,2,6,0,0,1,0,0,0,0,368919.853799999691546,5775917.567700000479817,7.085482443000046,52.118234871000027,0,05230417705000702663
05,5,54,068,2023,04,18,2,3,5,3,0,1,1,0,0,0,0,348114.851499999873340,5771836.925100000575185,6.783658759000048,52.076250946000073,0,05230417705000496575
05,5,54,004,2023,04,14,2,3,2,6,0,0,1,0,0,0,0,362252.300599999725819,5770847.814600000157952,6.990210366000042,52.071060908000049,0,05230417705000496574
05,5,54,012,2023,04,17,2,3,5,3,0,0,1,0,0,0,0,351679.342000000178814,5742264.932000000029802,6.848388293000028,51.811522809000053,0,05230417705000378100
05,5,54,008,2023,04,17,2,2,5,3,0,0,1,0,1,0,0,331454.932599999941885,5746986.541699999943376,6.552975467000067,51.848206082000047,0,05230417705000196700
05,5,54,020,2023,04,12,2,2,5,3,0,0,1,0,0,0,0,368168.679999999701977,5785413.915999999269843,7.070830443000034,52.203386864000038,0,05230417705000021132
05,5,15,000,2023,04,16,2,3,0,1,0,1,0,0,0,0,0,404002.706000000238419,5753532.944000000134110,7.603975194000043,51.924241933000076,0,05230417702100648560
05,5,62,012,2023,04,12,2,3,5,3,0,0,1,0,1,0,0,360244.488300000317395,5724946.220499999821186,6.979506703000027,51.658108211000069,0,05230417701610295171
05,5,12,000,2023,04,16,2,3,6,7,0,0,1,1,0,0,0,355561.906499999575317,5712436.279600000008941,6.917008144000022,51.544515002000026,0,05230417701400949494
05,5,62,032,2023,04,10,2,2,1,1,0,0,1,0,1,0,0,375961.974899999797344,5719271.305999999865890,7.208623308000028,51.610795656000050,0,05230417701110569388
05,5,13,000,2023,04,10,2,2,0,1,0,1,0,0,0,0,0,365813.798999999649823,5716853.099999999627471,7.063073577000068,51.586737500000027,0,05230417700000386125
05,5,66,072,2023,04,14,1,2,4,6,0,0,1,0,0,0,0,412085.241399999707937,5801346.949500000104308,7.709113573000025,52.355352285000038,0,05230416709700072375
05,5,62,012,2023,04,14,1,3,5,3,0,0,1,0,0,0,0,362635.936999999918044,5731050.444000000134110,7.011655707000045,51.713550468000051,0,05230416701620695171
05,5,54,064,2023,04,17,6,3,8,1,0,0,1,0,0,0,0,358541.598799999803305,5751014.288699999451637,6.944284526000047,51.891917956000043,1,05230428705000552633
05,5,70,028,2023,04,15,1,3,0,6,0,1,0,0,0,0,0,445033.338399999774992,5743098.083900000900030,8.202232647000073,51.835993549000079,0,05230430711400053662
05,5,15,000,2023,04,07,6,3,5,2,0,1,0,0,0,0,1,411667.302799999713898,5751946.381599999964237,7.715811765000069,51.911249515000065,0,05230428702100990661
05,5,70,004,2023,04,13,7,3,5,3,0,1,1,0,0,0,0,422517.412999999709427,5735268.201999999582767,7.877251977000071,51.762936598000067,1,05230415711200728707
05,5,66,016,2023,04,18,7,3,8,1,0,0,1,0,0,0,0,403582.660199999809265,5796109.224400000646710,7.585808744000076,52.306847662000052,1,05230415709500676615
05,5,58,008,2023,04,16,7,2,4,6,0,0,1,0,0,0,0,379430.797899999655783,5759559.841900000348687,7.244690862000027,51.973625818000073,1,05230415706000796588
05,5,54,032,2023,04,14,7,3,0,1,0,1,0,0,0,0,0,323034.074599999934435,5747063.380200000479817,6.430807292000054,51.846290830000044,0,05230415705000495196
05,5,15,000,2023,04,22,7,3,0,1,2,1,0,0,0,0,0,408723.521999999880791,5761851.517999999225140,7.670395656000039,51.999808270000074,0,05230415702100396747
05,5,15,000,2023,04,16,7,3,0,6,0,0,0,0,1,0,0,404686.410000000149012,5759300.160599999129772,7.612315302000070,51.976197448000050,1,05230415702100179230
05,5,62,028,2023,04,16,7,3,5,3,0,1,1,0,0,0,0,378339.521999999880791,5721970.004000000655651,7.242005338000070,51.635568464000073,1,05230415701920649496
05,5,62,004,2023,04,19,7,3,8,1,0,0,1,0,0,0,0,379255.517900000326335,5715567.902400000020862,7.257439621000060,51.578227614000070,1,05230415701800980501
05,5,62,004,2023,04,14,7,3,2,6,0,0,1,0,0,0,1,381716.109500000253320,5712891.849899999797344,7.293833959000040,51.554697970000063,0,05230415701800354187
05,5,62,012,2023,04,15,7,1,7,7,0,1,0,0,0,0,0,358011.181699999608099,5726832.553799999877810,6.946474682000030,51.674498505000031,0,05230415701610847865
05,5,13,000,2023,04,13,7,3,5,2,0,1,1,0,0,0,0,364807.552699999883771,5714001.120500000193715,7.049655381000036,51.560867966000046,1,05230415700000773458
05,5,70,052,2023,04,19,6,3,5,5,0,0,1,0,0,0,0,430805.705000000074506,5755879.994999999180436,7.993203625000035,51.949318019000032,0,05230414711100628707
05,5,66,012,2023,04,19,6,3,8,1,0,0,0,0,0,1,0,411519.915500000119209,5767017.706399999558926,7.709783101000028,52.046697980000033,0,05230414709800772436
05,5,54,056,2023,04,11,6,3,1,6,0,0,1,0,0,0,1,356958.135999999940395,5760800.187400000169873,6.917220477000058,51.979441374000032,0,05230414705000493442
05,5,62,014,2023,04,12,6,3,1,6,0,0,1,0,0,1,0,356452.065299999900162,5714716.438599999994040,6.928905687000054,51.565231095000058,0,05230414702340487398
05,5,62,014,2023,04,08,6,3,0,7,0,0,1,0,0,0,0,361027.119800000451505,5719562.524700000882149,6.992951172000062,51.609924404000026,0,05230414701300245422
05,5,62,014,2023,04,15,6,2,5,3,0,0,0,0,1,0,1,359430.031999999657273,5718336.314999999478459,6.970393020000074,51.598509321000051,0,05230414701300185474
05,5,62,032,2023,04,12,6,3,1,5,0,1,1,0,0,0,0,375844.286600000225008,5720685.389000000432134,7.206423498000049,51.623478276000071,0,05230414701110481333
05,5,62,032,2023,04,03,6,3,8,1,2,0,1,0,0,0,0,375880.762000000104308,5717257.175699999555945,7.208163832000025,51.592676430000040,0,05230414701110475698
05,5,13,000,2023,04,09,6,3,0,7,0,0,0,0,0,0,1,362705.320100000128150,5716060.844299999997020,7.018542228000058,51.578869339000050,0,05230414700000695020
05,5,13,000,2023,04,05,6,2,5,3,2,1,1,0,0,0,0,369690.777999999932945,5706243.817999999970198,7.122931108000046,51.492303625000034,0,05230414700000595170
05,5,15,000,2023,04,07,4,3,5,3,0,1,1,0,0,0,0,407958.729000000283122,5760140.311799999326468,7.659717751000073,51.984300823000069,0,05230419702100970514
05,5,13,000,2023,04,00,1,2,6,4,2,0,1,1,0,0,0,363110.391699999570847,5711095.676300000399351,7.026317399000050,51.534349391000035,1,05230423700000481310
05,5,70,028,2023,04,15,5,3,8,1,0,0,0,0,1,0,0,443868.303600000217557,5744108.845799999311566,8.185161520000065,51.844964709000067,0,05230413711400596650
05,5,70,040,2023,04,19,5,2,5,3,0,1,1,0,0,0,0,411570.351499999873340,5746093.129200000315905,7.715902981000056,51.858619992000058,0,05230413711200976705
05,5,70,004,2023,04,19,5,3,8,3,1,0,1,0,0,0,0,419656.321000000461936,5734111.089999999850988,7.836070375000077,51.752131541000040,0,05230413711200391770
05,5,70,032,2023,04,17,5,3,1,2,0,0,1,0,0,1,0,424436.014399999752641,5764316.348999999463558,7.898681726000063,52.024326223000060,0,05230413711100596160
05,5,66,076,2023,04,20,5,3,5,3,0,1,1,0,0,0,0,394875.644000000320375,5792949.133999999612570,7.459133542000075,52.276849411000057,0,05230413709500076680
05,5,58,012,2023,04,11,5,3,5,3,0,0,1,0,0,1,0,373211.867999999783933,5754867.240000000223517,7.155933089000030,51.930072460000076,1,05230413706000787338
05,5,66,044,2023,04,13,7,3,0,7,0,0,0,0,1,0,0,429909.550999999977648,5778190.645999999716878,7.975590088000047,52.149766307000050,1,05230415709800953163
05,5,54,012,2023,04,16,5,3,5,2,0,0,1,0,0,0,0,346255.235999999567866,5751269.057000000029802,6.765762638000069,51.890953701000058,0,05230413705000491841
05,5,54,020,2023,04,15,5,3,0,6,0,0,1,0,0,0,0,367482.902999999932945,5785377.381999999284744,7.060815549000040,52.202894151000066,0,05230413705000381550
05,5,54,012,2023,04,15,5,3,4,1,0,0,1,0,0,0,0,347107.339999999850988,5752650.949400000274181,6.777522646000023,51.903603465000060,0,05230413705000016031
05,5,66,092,2023,04,15,5,3,2,6,0,0,1,0,0,1,0,424538.837199999950826,5791232.112099999561906,7.894202602000064,52.266287863000059,0,05230413702350666482
05,5,62,032,2023,04,17,5,2,2,1,0,0,1,0,0,0,0,373211.446800000034273,5721914.664999999105930,7.167964640000037,51.633938682000064,0,05230413702340591821
05,5,15,000,2023,04,16,5,3,3,6,0,0,1,0,1,0,0,406124.051300000399351,5758916.913799999281764,7.633344478000026,51.972997390000046,0,05230413702100068387
05,5,62,036,2023,04,09,5,3,0,1,0,0,0,0,1,0,1,388740.264000000432134,5719985.471000000834465,7.392859970000075,51.619884946000070,1,05230413701930589511
05,5,62,028,2023,04,18,5,2,5,2,0,1,0,0,0,0,1,378024.945000000298023,5723409.650000000372529,7.236960159000034,51.648438797000040,0,05230413701920990720
05,5,62,008,2023,04,22,5,3,3,6,2,0,1,0,1,0,0,385942.785000000149012,5723859.087999999523163,7.351206023000032,51.654140250000069,0,05230413701910581230
05,5,62,012,2023,04,09,5,3,5,3,0,0,1,0,0,0,0,358538.729199999943376,5727889.722999999299645,6.953670826000064,51.684131020000052,1,05230413701610889936
05,5,62,012,2023,04,14,5,3,3,6,0,0,1,0,0,1,0,359290.287700000219047,5725721.201600000262260,6.965408849000028,51.664833979000036,0,05230413701610402178
05,5,62,024,2023,04,15,5,3,2,2,0,0,1,0,0,0,0,369941.767300000414252,5727447.871899999678135,7.118687776000058,51.682917191000058,0,05230413701500885376
05,5,13,000,2023,04,13,5,3,3,6,0,0,1,0,0,0,0,368817.432199999690056,5708995.283900000154972,7.109334759000035,51.516828606000047,0,05230413700000245214
05,5,13,000,2023,04,22,1,3,4,7,2,1,0,0,0,0,1,367218.886599999852479,5710181.947599999606609,7.085862316000032,51.527119291000076,0,05230430700000767105
05,5,70,020,2023,04,00,4,2,2,6,2,0,1,0,1,0,0,432825.628600000403821,5745937.059100000187755,8.024527693000039,51.860180659000036,0,05230412711400476178
05,5,70,024,2023,04,13,4,3,2,2,0,0,1,0,0,0,0,415436.447200000286102,5753772.336999999359250,7.770145488000026,51.928248065000048,1,05230412711100081617
05,5,70,052,2023,04,10,4,3,5,3,0,0,1,0,0,0,0,423185.274199999868870,5747041.585100000724196,7.884316547000026,51.868865907000043,1,05230412711100081008
05,5,66,040,2023,04,14,4,3,5,1,0,0,1,0,0,0,0,417381.535000000149012,5785003.500000000000000,7.790867346000027,52.209272764000048,1,05230412709800091840
05,5,58,024,2023,04,17,4,3,7,4,0,0,1,1,0,0,0,392706.722199999727309,5736344.192099999636412,7.445100730000036,51.767689328000074,0,05230412706300796595
05,5,54,024,2023,04,09,4,3,2,6,0,0,1,0,0,0,0,370356.849299999885261,5782184.140000000596046,7.104067425000039,52.174883928000042,1,05230412702340849702
05,5,62,008,2023,04,20,4,3,0,1,1,0,0,0,1,0,0,384328.166799999773502,5719863.223099999129772,7.329196484000022,51.617896734000055,1,05230412701910375477
05,5,13,000,2023,04,19,7,2,0,1,0,0,0,0,1,0,0,365537.957999999634922,5713383.812200000509620,7.060422076000066,51.555495137000037,0,05230429700000089580
05,5,15,000,2023,04,01,7,3,0,7,2,1,0,0,0,0,0,405034.536299999803305,5758063.090800000354648,7.617724349000071,51.965137793000054,0,05230429702100679162
05,5,62,032,2023,04,13,3,3,6,2,0,0,1,1,0,0,0,375521.715599999763072,5720168.317999999970198,7.201949770000056,51.618760044000055,0,05230418701110075293
05,5,66,088,2023,04,18,3,3,9,1,0,0,0,0,1,0,0,424547.100499999709427,5785359.877000000327826,7.895634836000056,52.213503963000051,0,05230411709800590802
05,5,66,076,2023,04,14,3,3,5,3,0,0,1,0,0,0,0,399879.991499999538064,5792057.148000000044703,7.532723109000074,52.269766795000066,0,05230411709500042446
05,5,66,084,2023,04,18,3,2,0,7,0,0,1,0,0,0,0,387357.891900000162423,5779403.700799999758601,7.353497810000022,52.153628989000026,0,05230411709300687330
05,5,58,012,2023,04,07,3,3,8,1,1,0,1,0,0,0,0,368037.157999999821186,5753853.188100000843406,7.081103114000030,51.919757467000068,2,05230411706000995003
05,5,54,024,2023,04,11,3,3,5,3,0,1,1,0,0,0,0,365139.202999999746680,5773177.879000000655651,7.031382891000021,52.092708243000061,0,05230411705000596683
05,5,15,000,2023,04,17,3,3,3,7,0,0,1,0,1,0,0,402611.037899999879301,5753834.457499999552965,7.583658409000066,51.926710326000034,0,05230411702100474122
05,5,15,000,2023,04,07,3,3,2,6,0,0,1,0,0,0,0,405426.143299999646842,5755349.717100000008941,7.624169391000066,51.940815571000030,1,05230411702100269260
05,5,62,004,2023,04,11,3,3,5,3,0,0,1,0,0,0,0,384577.722500000149012,5716561.787699999287724,7.333886115000041,51.588275451000072,0,05230411701800831428
05,5,62,032,2023,04,12,3,2,2,2,0,0,1,0,0,0,0,376468.433100000023842,5721315.818099999800324,7.215212943000040,51.629281402000061,0,05230411701110975230
05,5,13,000,2023,04,15,3,3,2,6,0,0,1,0,0,0,0,363022.466500000096858,5711223.044800000265241,7.025000946000034,51.535472640000080,0,05230411700000657757
05,5,66,088,2023,04,21,4,3,8,7,2,0,1,0,0,0,0,412283.417000000365078,5782734.676000000908971,7.716862874000071,52.188091765000081,0,05230426709800896660
05,5,62,020,2023,04,19,6,2,5,3,1,0,1,0,0,0,0,368814.218000000342727,5718397.294999999925494,7.105780373000073,51.601321172000041,1,05230428701200275484
05,5,62,014,2023,04,08,7,2,2,6,0,0,1,0,0,0,0,357948.020200000144541,5713519.178400000557303,6.950957970000047,51.554851462000045,0,05230415702340089370
05,5,15,000,2023,04,00,6,3,5,3,2,0,1,0,0,0,0,406331.104000000283122,5758856.544999999925494,7.636374322000052,51.972489705000044,0,05230428702100574643
05,5,70,020,2023,04,10,2,2,9,1,0,0,1,0,0,0,0,433696.001000000163913,5749115.103900000452995,8.036554428000045,51.888855005000039,0,05230410711400196650
05,5,70,020,2023,04,12,2,3,9,1,0,0,0,0,1,0,0,438651.467100000008941,5746680.707000000402331,8.108983928000043,51.867537080000034,0,05230410711400051230
05,5,70,048,2023,04,13,2,2,4,6,0,0,1,0,1,0,0,442414.887000000104308,5733162.455000000074506,8.165883077000046,51.746405162000030,0,05230410711300094414
05,5,70,052,2023,04,17,2,3,1,5,0,0,1,0,0,0,0,430668.683600000105798,5755888.932800000533462,7.991208456000038,51.949381304000042,0,05230410711100491800
05,5,66,028,2023,04,13,2,3,5,2,0,0,1,0,1,0,0,417215.978000000119209,5789497.112999999895692,7.787344832000031,52.249639176000073,0,05230410709700191071
05,5,66,064,2023,04,15,2,3,8,1,0,0,0,0,1,0,0,394669.593899999745190,5774350.295199999585748,7.461895731000027,52.109654628000044,0,05230410709110852455
05,5,54,016,2023,04,12,2,3,5,3,0,0,1,0,1,0,0,364663.478000000119209,5756202.013000000268221,7.031152937000059,51.940053727000077,0,05230410705000887234
05,5,54,004,2023,04,14,2,3,5,3,0,0,1,0,0,0,0,359650.699099999852479,5780146.475600000470877,6.948445180000022,52.153956500000049,0,05230410705000618398
05,5,66,056,2023,04,11,4,3,5,3,0,0,1,0,0,0,1,416690.975999999791384,5797203.336999999359250,7.777751534000060,52.318827171000066,1,05230412709700076658
05,5,58,004,2023,04,11,2,2,2,6,0,0,1,0,1,0,0,406827.933799999766052,5732803.624900000169873,7.650629024000068,51.738392071000078,0,05230410702330896583
05,5,62,004,2023,04,12,2,3,2,6,0,0,1,0,0,0,0,382915.694000000134110,5716108.381300000473857,7.310057216000075,51.583857466000040,0,05230410701800363388
05,5,62,024,2023,04,18,2,3,1,6,0,0,1,0,0,0,1,364234.589999999850988,5724449.787299999967217,7.037348744000042,51.654625119000059,1,05230410701500295098
05,5,12,000,2023,04,20,2,3,2,6,1,0,1,0,0,0,0,356713.824500000104308,5708282.485600000247359,6.935298245000070,51.507483314000069,0,05230410701400147765
05,5,70,004,2023,05,17,1,3,2,6,0,0,1,0,0,0,0,424324.252000000327826,5736122.209200000390410,7.903242376000037,51.770860958000071,0,05230514711200781053
05,5,58,032,2023,05,13,1,3,5,3,0,1,1,0,0,0,0,386651.194000000134110,5754394.924000000581145,7.351464013000054,51.928726701000073,0,05230514706000176632
05,5,54,056,2023,05,15,1,3,5,3,0,0,1,0,1,0,0,358863.174999999813735,5761434.077999999746680,6.944678848000024,51.985624141000073,0,05230514705000990442
05,5,15,000,2023,05,19,1,3,2,6,0,0,1,0,0,0,0,403807.730600000359118,5760943.657600000500679,7.599065719000066,51.990818275000038,1,05230514702100091771
05,5,62,008,2023,05,00,1,3,1,5,2,1,1,0,0,0,0,384994.181900000199676,5722890.880300000309944,7.337817725000036,51.645245008000074,0,05230514701910085484
05,5,62,012,2023,05,17,1,2,0,1,0,0,0,0,1,0,0,358638.282999999821186,5727725.602199999615550,6.955176409000046,51.682681347000027,0,05230514701610389936
05,5,62,024,2023,05,11,1,3,5,2,0,0,1,0,1,0,0,366901.445000000298023,5723285.416999999433756,7.076320771000042,51.644799360000036,0,05230514701500275230
05,5,12,000,2023,05,16,1,2,3,6,0,0,1,0,1,0,0,356981.080000000074506,5712772.342599999159575,6.937323598000035,51.547896234000063,0,05230514701400495210
05,5,62,014,2023,05,15,1,3,5,3,0,0,1,0,0,0,0,359535.929999999701977,5715897.919999999925494,6.972896735000063,51.576624424000045,0,05230514701300189645
05,5,62,020,2023,05,13,1,2,5,3,0,0,1,0,1,0,0,373561.373900000005960,5713312.651599999517202,7.176118118000034,51.556711032000067,0,05230514701200781810
05,5,62,032,2023,05,17,1,2,8,1,0,0,1,0,0,0,0,381380.087399999611080,5718063.340600000694394,7.287242688000049,51.601106656000070,0,05230514701110175230
05,5,13,000,2023,05,14,1,2,6,4,0,0,0,1,1,0,0,367526.060399999842048,5709439.017799999564886,7.090567159000045,51.520514953000031,0,05230514700000475350
05,5,66,092,2023,05,14,7,2,4,1,0,0,1,0,1,0,0,421761.062199999578297,5797404.825200000777841,7.852072505000024,52.321384381000030,0,05230513709700457410
05,5,66,004,2023,05,11,7,3,5,7,0,0,1,0,1,0,0,395152.944299999624491,5766591.660499999299645,7.471335267000029,52.040014690000078,0,05230513709110988064
05,5,66,008,2023,05,23,7,3,0,1,2,1,0,0,0,0,0,400970.529600000008941,5781160.775299999862909,7.551889122000034,52.172030519000032,0,05230513709110280992
05,5,58,012,2023,05,15,7,3,5,3,0,1,1,0,0,0,0,375121.360999999567866,5751049.030700000002980,7.185074757000052,51.896191508000072,0,05230513706000990476