ULAND,UREGBEZ,UKREIS,UGEMEINDE,UJAHR,UMONAT,USTUNDE,UWOCHENTAG,UKATEGORIE,UART,UTYP1,ULICHTVERH,IstRad,IstPKW,IstFuss,IstKrad,IstGkfz,IstSonstige,LINREFX,LINREFY,XGCSWGS84,YGCSWGS84,STRZUSTAND,UIDENTSTLAE
05,5,58,012,2023,05,16,7,3,0,1,0,0,0,0,1,0,0,367631.803399999625981,5748098.902100000530481,7.077421148000042,51.867952958000046,0,05230513706000896670
05,5,54,020,2023,05,18,7,2,5,3,0,0,1,0,0,0,0,367423.951000000350177,5783954.349999999627471,7.060510232000070,52.190093322000052,0,05230513705000988055
05,5,54,064,2023,05,10,7,3,5,3,0,1,1,0,0,0,0,356693.464700000360608,5752847.017500000074506,6.916684061000069,51.907913256000029,0,05230513705000428448
05,5,54,012,2023,05,17,7,3,5,3,0,1,1,0,0,0,0,347488.429100000299513,5744477.654200000688434,6.786666707000052,51.830275444000051,0,05230513705000391747
05,5,54,060,2023,05,19,7,3,0,1,0,0,0,0,1,0,0,349303.969999999739230,5756068.573000000789762,6.807932227000038,51.934907534000047,0,05230513705000238825
05,5,58,004,2023,05,21,7,2,8,6,0,0,1,0,0,0,1,406583.772099999710917,5734035.372500000521541,7.646763188000023,51.749423411000066,0,05230513702330742540
05,5,15,000,2023,05,07,7,3,3,6,0,0,1,0,0,0,1,401296.188900000415742,5751572.724899999797344,7.565191072000061,51.906149694000078,0,05230513702330402673
05,5,15,000,2023,05,05,7,3,8,1,1,0,1,0,0,0,0,409052.085500000044703,5754105.999800000339746,7.677231794000022,51.930240745000049,0,05230513702100445124
05,5,15,000,2023,05,15,7,3,0,4,0,1,0,1,0,0,0,405874.001899999566376,5757935.465800000354648,7.629974432000040,51.964133416000038,0,05230513702100076681
05,5,15,000,2023,05,07,7,2,9,1,0,0,0,0,1,0,0,408263.973500000312924,5754117.560100000351667,7.665769566000051,51.930215321000048,0,05230513702100045124
05,5,62,028,2023,05,10,7,3,2,6,0,0,1,0,0,0,0,379260.522900000214577,5721311.202199999243021,7.255534344000068,51.629846023000027,0,05230513701920069505
05,5,62,004,2023,05,11,7,3,2,6,0,0,1,0,0,0,0,385272.632799999788404,5711690.351099999621511,7.345502912000029,51.544633539000074,0,05230513701800875248
05,5,62,012,2023,05,20,7,2,5,2,0,0,1,0,0,0,0,358451.418800000101328,5726890.198200000450015,6.952813900000024,51.675127583000062,0,05230513701610880918
05,5,12,000,2023,05,16,7,3,2,2,0,0,1,0,0,0,0,357995.080900000408292,5711037.887000000104308,6.952637597000034,51.532566644000042,0,05230513701400889645
05,5,12,000,2023,05,10,7,3,2,6,0,0,1,0,0,0,0,355185.654000000096858,5715758.176200000569224,6.910217737000039,51.574267996000060,0,05230513701400589547
05,5,62,032,2023,05,13,7,3,5,3,0,1,1,0,0,0,0,375571.236999999731779,5718120.223500000312924,7.203391664000037,51.600364497000044,0,05230513701110851307
05,5,13,000,2023,05,00,7,3,2,6,2,0,1,0,0,0,0,367784.865899999625981,5708718.168899999931455,7.094565690000024,51.514097524000078,0,05230513700000990508
05,5,13,000,2023,05,20,7,3,0,7,1,0,0,0,0,0,1,367206.541100000031292,5710199.004100000485778,7.085678024000060,51.527269669000077,0,05230513700000495052
05,5,13,000,2023,05,16,7,3,3,2,0,0,1,0,0,0,1,362677.362800000235438,5711329.018300000578165,7.019986956000025,51.536341109000034,0,05230513700000020171
05,5,70,048,2023,05,14,6,2,5,3,0,0,1,0,0,0,0,450943.781999999657273,5729328.057000000029802,8.289952852000056,51.712743061000026,0,05230512711300953520
05,5,70,008,2023,05,13,6,3,2,6,0,0,1,0,0,0,0,433413.228900000452995,5736375.549200000241399,8.034897485000045,51.774293498000077,0,05230512711300081008
05,5,70,052,2023,05,23,6,3,8,1,0,0,1,0,0,0,0,429297.479299999773502,5752135.815400000661612,7.972031759000060,51.915469619000078,0,05230512711100343132
05,5,66,088,2023,05,17,6,3,1,1,0,0,1,0,1,0,0,418666.038999999873340,5785808.859999999403954,7.809468274000039,52.216702979000047,0,05230512709800990526
05,5,66,016,2023,05,13,6,3,8,1,0,0,1,0,0,0,0,401803.578200000338256,5794737.222300000488758,7.560123191000059,52.294201336000071,0,05230512709500990530
05,5,66,024,2023,05,00,6,3,1,1,0,0,1,0,1,0,0,383943.513799999840558,5771177.648700000718236,7.306417398000065,52.078995698000028,0,05230512709300990517
05,5,66,004,2023,05,18,6,3,8,1,0,0,0,0,1,0,0,393650.867999999783933,5765194.650000000372529,7.449878056000045,52.027172813000050,0,05230512709110990518
05,5,58,016,2023,05,07,6,3,0,2,0,0,1,0,0,0,0,384781.319500000216067,5743160.155500000342727,7.328031582000051,51.827372505000028,0,05230512706100881082
05,5,54,020,2023,05,06,6,3,5,3,0,1,1,0,0,0,0,368056.549700000323355,5784492.812100000679493,7.069549338000058,52.195083415000056,1,05230512705000990558
05,5,54,004,2023,05,13,6,2,5,3,0,1,0,0,0,0,0,362750.000599999912083,5771139.471499999985099,6.997349891000056,52.073805107000055,0,05230512705000990525
05,5,54,064,2023,05,05,6,3,9,7,0,0,1,0,0,0,0,360548.173000000417233,5752339.729499999433756,6.972888686000033,51.904333300000076,0,05230512705000838825
05,5,54,008,2023,05,21,6,3,2,6,1,0,1,0,0,0,0,334187.418100000359118,5750071.901900000870228,6.591128227000070,51.876740761000065,0,05230512705000585883
05,5,62,032,2023,05,17,6,3,3,6,0,0,1,0,0,0,0,374156.950699999928474,5718358.520099999383092,7.182896489000029,51.602191855000058,0,05230512702340554151
05,5,15,000,2023,05,07,6,3,5,3,0,1,1,0,0,0,0,406136.627000000327826,5750910.902000000700355,7.635712302000059,51.901037478000035,0,05230512702100645124
05,5,15,000,2023,05,14,6,3,0,6,0,0,1,0,1,0,0,404129.517199999652803,5755023.102499999105930,7.605403530000046,51.937657926000043,0,05230512702100076700
05,5,12,000,2023,05,11,6,3,5,2,0,1,1,0,0,0,0,356186.888700000010431,5710484.696000000461936,6.926812039000026,51.527138110000067,0,05230512701400982416
05,5,62,014,2023,05,10,6,2,9,1,0,0,0,0,1,0,0,359268.654799999669194,5715930.026900000870228,6.969029302000024,51.576846274000047,0,05230512701300745422
05,5,13,000,2023,05,20,6,3,4,2,0,0,1,0,0,0,0,363222.110999999567866,5719738.569000000134110,7.024562133000074,51.612043879000055,1,05230512700000278353
05,5,62,020,2023,05,11,7,3,6,2,0,0,0,1,0,0,1,369480.053000000305474,5718891.934000000357628,7.115204796000057,51.605921041000045,0,05230513701200988065
05,5,70,008,2023,05,07,5,3,1,5,0,1,1,0,0,0,0,433250.336400000378489,5739587.958100000396371,8.031918802000064,51.803153649000080,1,05230511711300968997
05,5,70,040,2023,05,08,5,3,0,1,0,0,0,0,1,0,0,412854.375799999572337,5747182.715199999511242,7.734268607000047,51.868616253000027,0,05230511711200181147
05,5,70,032,2023,05,17,5,3,1,6,0,0,1,0,0,0,0,420908.916000000201166,5765838.565999999642372,7.846934571000077,52.037517895000065,1,05230511711100091713
05,5,66,048,2023,05,13,5,2,4,6,0,0,1,0,0,0,0,425939.884200000204146,5796632.359799999743700,7.913542266000036,52.315020598000046,1,05230511709700988092
05,5,66,076,2023,05,21,5,3,8,1,1,0,1,0,0,0,0,402806.133899999782443,5788263.091099999845028,7.576683735000074,52.236191601000030,1,05230511709500965803
05,5,66,080,2023,05,06,5,3,5,2,1,1,1,0,0,0,0,405632.226999999955297,5781430.487999999895692,7.619960288000073,52.175271643000031,0,05230511709110193607
05,5,58,004,2023,05,17,5,3,5,2,0,0,1,0,0,0,0,406487.598600000143051,5731594.930999999865890,7.646026323000058,51.727470611000058,0,05230511706300978105
05,5,58,032,2023,05,19,5,3,5,3,0,0,1,0,0,0,0,385588.559000000357628,5751528.877000000327826,7.336968276000050,51.902751296000076,1,05230511706000076632
05,5,54,004,2023,05,07,5,3,0,3,0,1,1,0,0,0,0,362656.391200000420213,5771082.828900000080466,6.996007712000051,52.073272946000031,1,05230511705000990601
05,5,54,020,2023,05,09,5,3,2,6,0,0,1,0,0,0,0,365237.972400000318885,5786777.040200000628829,7.027428242000042,52.214926265000031,0,05230511705000990595
05,5,54,016,2023,05,15,5,3,5,3,0,1,1,0,0,0,0,362268.692200000397861,5757603.024499999359250,6.995775665000053,51.952054974000077,1,05230511705000990575
05,5,54,008,2023,05,15,5,2,3,1,0,1,0,0,0,0,0,335180.328900000080466,5745855.110099999234080,6.607550379000031,51.839154250000036,1,05230511705000795950
05,5,13,000,2023,05,13,5,3,3,6,0,0,1,0,0,0,0,369110.656000000424683,5711287.560100000351667,7.112706577000040,51.537496864000047,0,05230511702340596062
05,5,54,024,2023,05,15,5,2,2,6,0,0,1,0,0,0,0,368921.392300000414252,5774695.369400000199676,7.085975431000065,52.107252851000055,0,05230511702340570607
05,5,15,000,2023,05,13,5,3,5,3,0,1,1,0,0,0,0,407701.382699999958277,5758540.471699999645352,7.656401763000076,51.969877933000078,0,05230511702100772434
05,5,12,000,2023,05,14,5,3,5,3,0,0,1,0,0,0,1,357766.140700000338256,5719537.017799999564886,6.945898619000047,51.608880888000044,0,05230511701400915860
05,5,12,000,2023,05,18,5,3,0,6,0,0,0,0,1,0,0,356696.325000000186265,5708037.139000000432134,6.935145954000063,51.505274223000072,1,05230511701400581307
05,5,62,032,2023,05,09,5,3,2,6,0,0,0,0,1,0,1,375994.885700000450015,5720913.889200000092387,7.208517036000046,51.625565044000041,0,05230511701110298935
05,5,66,008,2023,05,02,1,2,2,1,2,0,1,0,0,0,0,400655.873200000263751,5780022.552999999374151,7.547622673000035,52.161743834000049,0,05230514709110752455
05,5,15,000,2023,05,16,5,3,1,6,0,0,1,0,0,0,0,408206.620099999941885,5760577.815300000831485,7.663209321000068,51.988274353000065,1,05230511702100679182
05,5,66,084,2023,05,17,6,2,5,2,0,0,1,0,1,0,0,388421.200199999846518,5774944.876700000837445,7.370496527000057,52.113772927000070,0,05230512709300179126
05,5,66,076,2023,05,14,4,3,4,7,0,0,1,0,0,0,0,392163.571000000461936,5794496.471999999135733,7.418902361000050,52.290230198000074,0,05230510709500015335
05,5,54,012,2023,05,17,4,3,7,1,0,1,0,0,0,0,0,352873.874699999578297,5746633.517699999734759,6.863846694000074,51.851090074000069,1,05230510705000728448
05,5,54,004,2023,05,12,4,3,2,6,0,0,1,0,1,0,0,361423.513500000350177,5771303.511700000613928,6.977941140000041,52.074948711000047,1,05230510705000291695
05,5,54,024,2023,05,08,4,2,8,1,0,0,1,0,0,0,0,372591.989699999801815,5781519.520800000056624,7.136985343000049,52.169432331000053,1,05230510705000090508
05,5,54,012,2023,05,10,4,3,0,3,0,1,1,0,0,0,0,355017.557099999859929,5746199.306700000539422,6.895130482000070,51.847749512000064,0,05230510705000087245
05,5,15,000,2023,05,23,4,3,6,2,2,0,1,1,0,0,0,408981.408900000154972,5756273.449999999254942,7.675630492000039,51.949711638000053,1,05230510702100760670
05,5,62,012,2023,05,11,4,3,5,3,0,1,1,0,0,0,0,359099.210400000214577,5725060.092700000852346,6.962914361000060,51.658845516000042,1,05230510701610680957
05,5,13,000,2023,05,16,4,2,8,1,0,1,0,0,0,0,0,366514.808199999853969,5708065.426999999210238,7.076520277000043,51.507932917000062,0,05230510700000894973
05,5,66,040,2023,05,13,3,3,2,6,0,0,1,0,0,0,0,420465.532100000418723,5774653.134999999776483,7.838416953000035,52.116688580000073,0,05230509709800587278
05,5,58,012,2023,05,19,3,3,5,2,0,1,1,0,0,0,0,372808.848000000230968,5756734.339999999850988,7.149384220000059,51.946758950000060,1,05230509706000691756
05,5,54,004,2023,05,05,3,1,9,1,0,0,1,0,0,0,0,359862.453900000080466,5780539.152200000360608,6.951376334000031,52.157538466000062,0,05230509705000591708
05,5,54,044,2023,05,11,3,3,9,1,0,1,0,0,0,0,0,364134.290599999949336,5741257.348899999633431,7.029340246000061,51.805634778000069,0,05230509705000581093
05,5,62,014,2023,05,19,3,3,3,6,0,0,1,0,0,0,1,359943.011199999600649,5713482.728099999949336,6.979730031000031,51.555022728000040,1,05230509702340096062
05,5,15,000,2023,05,14,3,3,5,3,0,0,1,0,0,0,0,406588.614000000059605,5750280.595799999311566,7.642450652000036,51.895447874000070,0,05230509702100976643
05,5,15,000,2023,05,16,3,3,6,7,0,0,1,1,0,0,0,404332.019000000320375,5755242.210999999195337,7.608287369000038,51.939662212000030,1,05230509702100891788
05,5,15,000,2023,05,16,3,3,5,3,0,0,1,0,0,1,0,411020.722500000149012,5759356.430999999865890,7.704496516000063,51.977753654000026,0,05230509702100370514
05,5,15,000,2023,05,15,3,3,3,2,0,1,1,0,0,0,0,408362.838399999774992,5753975.259800000116229,7.667244955000058,51.928952521000042,1,05230509702100176698
05,5,62,024,2023,05,14,3,3,4,7,0,1,1,0,0,0,0,370517.917899999767542,5725726.857499999925494,7.127655153000035,51.667584175000059,0,05230509701500873596
05,5,62,032,2023,05,14,3,3,5,2,0,1,1,0,0,0,0,376638.968299999833107,5720106.677300000563264,7.218101398000044,51.618452048000051,0,05230509701110951238
05,5,13,000,2023,05,16,3,3,5,2,0,0,1,0,0,0,0,368097.758000000379980,5707700.566999999806285,7.099452973000041,51.505025717000080,0,05230509700000778080
05,5,13,000,2023,05,21,3,3,2,6,2,0,1,0,0,0,1,365928.686300000175834,5712513.211400000378489,7.066386605000048,51.547764460000053,1,05230509700000181384
05,5,13,000,2023,05,16,3,3,5,2,0,0,1,0,0,1,0,367969.406100000254810,5711123.957800000905991,7.096321983000053,51.535760842000059,0,05230509700000095157
05,5,66,088,2023,05,13,2,2,2,1,0,0,1,0,1,0,0,422075.807400000281632,5786995.840299999341369,7.859094619000075,52.227865400000042,0,05230508709800879150
05,5,66,076,2023,05,17,2,3,5,3,0,0,1,0,0,0,1,396373.251699999906123,5788264.057499999180436,7.482514397000045,52.235027061000039,0,05230508709500611962
05,5,66,076,2023,05,17,2,3,5,3,0,1,1,0,0,0,0,394333.006000000052154,5785533.783999999985099,7.453502043000071,52.210101386000076,0,05230508709500576744
05,5,58,044,2023,05,17,2,3,8,1,0,0,1,0,0,0,0,396128.642199999652803,5751973.725800000131130,7.489979566000045,51.908814347000032,0,05230508706300696685
05,5,58,008,2023,05,17,2,3,9,1,0,0,1,0,0,0,0,385603.600999999791384,5758386.571000000461936,7.334906541000066,51.964386302000037,0,05230508706000791756
05,5,66,036,2023,05,16,4,3,5,3,0,0,1,0,1,0,0,388068.619400000199676,5768226.350099999457598,7.367554718000065,52.053321111000059,0,05230510709300191781
05,5,58,012,2023,05,20,2,3,4,2,0,1,1,0,0,0,0,374448.855999999679625,5755991.675000000745058,7.173504127000058,51.940457563000052,0,05230508706000493452
05,5,54,056,2023,05,14,2,3,2,6,0,0,1,0,0,0,0,355504.511199999600649,5762355.903999999165535,6.895414772000038,51.993043259000046,0,05230508705000581001
05,5,54,020,2023,05,13,2,3,4,6,0,0,1,0,0,0,0,366190.140800000168383,5783024.877599999308586,7.042838705000065,52.181443637000029,0,05230508705000081003
05,5,54,016,2023,05,12,2,3,1,5,0,0,1,0,0,0,0,363374.308500000275671,5757634.168999999761581,7.011841368000034,51.952607506000049,0,05230508705000010936
05,5,15,000,2023,05,07,2,3,5,3,0,1,1,0,0,0,0,406344.667100000195205,5758972.428400000557303,7.636540093000065,51.973533603000078,0,05230508702100872453
05,5,15,000,2023,05,07,2,3,4,2,0,0,1,0,0,0,0,407045.109299999661744,5757867.812100000679493,7.647033313000065,51.963722363000045,0,05230508702100564200
05,5,15,000,2023,05,12,2,3,5,2,0,1,1,0,0,0,0,405642.397400000132620,5755616.096100000664592,7.627241313000070,51.943246626000075,0,05230508702100291750
05,5,15,000,2023,05,10,2,3,4,2,0,1,0,0,0,0,1,406372.271200000308454,5751107.313100000843406,7.639082948000066,51.902842580000026,0,05230508702100250183
05,5,15,000,2023,05,15,2,3,5,6,0,1,0,0,0,0,0,404015.862499999813735,5758496.997099999338388,7.602780422000023,51.968862935000061,1,05230508702100196692
05,5,15,000,2023,05,07,2,3,0,4,0,0,0,1,0,0,1,404641.901999999769032,5756655.778000000864267,7.612401802000022,51.952421116000039,0,05230508702100079182
05,5,62,014,2023,05,07,2,3,6,6,0,1,0,1,0,0,0,359130.607499999925494,5715987.331599999219179,6.967015432000039,51.577326730000038,0,05230508701300595006
05,5,66,028,2023,05,17,6,3,5,2,0,1,1,0,0,0,0,409653.111999999731779,5796911.474999999627471,7.674604378000026,52.315090644000065,0,05230512709700988076
05,5,70,028,2023,05,01,1,3,9,1,2,0,1,0,0,0,0,440657.862800000235438,5744032.387700000777841,8.138575654000022,51.843945313000063,1,05230507711400794426
05,5,70,008,2023,05,00,1,3,8,1,2,0,1,0,0,0,0,436578.961000000126660,5731001.147099999710917,8.081755131000023,51.726344311000048,0,05230507711300290830
05,5,66,092,2023,05,01,1,3,8,1,2,0,1,0,0,0,0,424104.085900000296533,5801090.436200000345707,7.885609825000074,52.354842378000058,0,05230507709700079092
05,5,54,044,2023,05,11,1,2,4,2,0,0,1,0,1,0,0,365296.750000000000000,5742235.322000000625849,7.045810308000057,51.814704129000063,0,05230507705000596108
05,5,54,016,2023,05,02,1,2,8,7,2,0,1,0,0,0,0,364175.923999999649823,5758415.629200000315905,7.023189933000026,51.959825784000031,0,05230507705000020978
05,5,15,000,2023,05,16,1,3,5,3,0,1,0,0,1,0,0,405109.514800000004470,5756670.539400000125170,7.619200027000034,51.952633777000074,0,05230507702100964312
05,5,15,000,2023,05,13,1,3,2,6,0,0,0,0,1,0,0,403510.143299999646842,5766383.237900000065565,7.593200173000071,52.039658829000075,0,05230507702100274756
05,5,13,000,2023,05,14,1,3,6,4,0,0,1,1,0,0,0,367995.245600000023842,5707346.377499999478459,7.098109325000053,51.501818764000063,0,05230507700000396630
05,5,12,000,2023,05,06,1,3,5,3,0,0,1,0,0,0,0,353318.088000000454485,5710812.257999999448657,6.885349441000074,51.529343577000077,0,05230507508000577781
05,5,70,016,2023,05,20,7,3,9,1,2,0,1,0,0,0,0,414280.296099999919534,5740766.258999999612570,7.756563947000075,51.811159144000044,1,05230506711200189383
05,5,70,004,2023,05,18,7,3,2,6,0,0,1,0,1,0,0,423021.749699999578297,5732883.708499999716878,7.885086464000040,51.741570436000075,0,05230506711200076720
05,5,70,052,2023,05,10,7,3,8,1,0,0,0,0,1,0,0,424757.309500000439584,5759454.288399999961257,7.904431260000024,51.980663337000067,0,05230506711100587232
05,5,70,036,2023,05,10,7,2,5,3,0,0,1,0,0,0,0,432243.337500000372529,5766996.949500000104308,8.011920185000065,52.049432253000077,0,05230506711100151184
05,5,66,076,2023,05,20,7,3,0,1,0,1,0,0,0,0,0,393151.943900000303984,5793872.816299999132752,7.433585716000039,52.284818387000030,0,05230506709500096560
05,5,58,024,2023,05,11,7,3,0,6,0,0,1,0,1,0,0,389266.058199999853969,5735748.265900000929832,7.395449167000038,51.761663315000078,0,05230506706300196685
05,5,58,020,2023,05,15,7,3,0,7,0,1,1,0,0,0,0,389713.642099999822676,5761038.869200000539422,7.393851871000038,51.989054276000047,0,05230506706100581082
05,5,58,016,2023,05,20,7,2,9,1,1,0,1,0,0,0,0,382494.213999999687076,5745224.853399999439716,7.294157285000040,51.845452040000055,1,05230506706000861043
05,5,58,008,2023,05,12,7,3,5,3,0,1,1,0,0,0,0,391281.180100000463426,5763779.872500000521541,7.415801482000063,52.013998125000057,0,05230506706000491075
05,5,54,020,2023,05,19,7,2,0,1,0,1,0,0,0,0,0,367767.589999999850988,5785362.785000000149012,7.064984628000047,52.202831355000058,0,05230506705000665911
05,5,54,012,2023,05,05,7,3,8,1,2,0,1,0,0,0,0,348692.229000000283122,5743412.605000000447035,6.804588475000060,51.821033724000074,1,05230506705000308065
05,5,15,000,2023,05,22,7,2,0,7,2,0,0,0,0,0,1,404004.726300000213087,5761392.931900000199676,7.601808023000046,51.994890567000027,0,05230506702100576652
05,5,62,036,2023,05,12,7,3,2,2,0,0,1,0,0,0,0,391617.513299999758601,5722432.803200000897050,7.433647111000028,51.642443411000045,0,05230506701930989485
05,5,62,012,2023,05,18,7,3,5,2,0,0,1,0,0,0,0,359307.928100000135601,5724751.314099999144673,6.966054127000064,51.656123172000036,1,05230506701610062606
05,5,12,000,2023,05,12,7,3,1,1,0,1,1,0,0,0,0,356500.237099999561906,5709689.729299999773502,6.931649840000034,51.520074390000048,0,05230506701400894953
05,5,13,000,2023,05,10,7,3,2,2,0,0,1,0,0,0,0,366397.956000000238419,5712623.571100000292063,7.073108506000040,51.548867515000040,0,05230506700000091807
05,5,15,000,2023,05,22,6,3,0,7,1,1,1,0,0,0,0,408919.844700000248849,5753094.070499999448657,7.675576793000062,51.921123224000041,0,05230512702100148560
05,5,54,032,2023,05,14,7,2,8,7,0,0,1,0,0,1,0,322718.711199999786913,5744232.896900000050664,6.427683704000060,51.820766993000063,0,05230506500630808703
05,5,70,028,2023,05,21,7,3,8,1,2,0,1,0,0,0,0,439091.675900000147521,5739613.084799999371171,8.116620895000040,51.804046410000069,1,05230506301911094243
05,5,70,036,2023,05,17,6,3,5,3,0,1,1,0,0,0,0,434186.316300000064075,5760178.819099999964237,8.041560731000061,51.988373660000036,1,05230505711100187310
05,5,66,028,2023,05,07,6,3,2,7,0,0,1,0,0,0,0,411758.794099999591708,5789864.827899999916553,7.707331000000067,52.252096259000041,0,05230505709700176771
05,5,66,060,2023,05,11,6,3,5,5,0,1,1,0,0,0,0,388228.339200000278652,5788627.571499999612570,7.363172853000037,52.236700737000035,0,05230505709500449777
05,5,66,084,2023,05,19,6,3,0,1,0,0,0,0,1,0,0,390063.728199999779463,5775800.459100000560284,7.394197479000070,52.121791246000043,0,05230505709300972438
05,5,66,096,2023,05,10,6,2,5,3,0,0,1,0,0,0,0,385115.468000000342727,5790267.752000000327826,7.317050090000066,52.250799790000030,0,05230505709300621110
05,5,66,084,2023,05,13,6,3,5,3,0,0,1,0,0,0,0,390010.052099999971688,5775782.002499999478459,7.393419750000021,52.121614695000062,0,05230505709300581037
05,5,66,064,2023,05,03,6,3,0,1,2,0,1,0,0,0,0,393584.629700000397861,5770568.211400000378489,7.447239386000035,52.075455415000079,0,05230505709110138293
05,5,58,016,2023,05,15,6,2,0,1,0,1,0,0,0,0,0,383377.978799999691546,5743998.714700000360608,7.307394302000034,51.834617698000045,1,05230505706000996571
05,5,54,056,2023,05,15,6,3,1,6,0,0,1,0,0,0,0,356866.008500000461936,5762927.983799999579787,6.914991939000060,51.998535944000082,1,05230505705000591760
05,5,15,000,2023,05,13,6,3,2,6,0,0,1,0,0,0,0,405654.597000000067055,5757012.945000000298023,7.627035315000057,51.955804205000049,0,05230505702100868373
05,5,15,000,2023,05,07,6,3,0,6,0,1,0,0,0,0,0,400751.095499999821186,5759669.709400000050664,7.554932897000072,51.978830077000055,0,05230505702100668135
05,5,15,000,2023,05,11,6,3,6,4,0,1,0,1,0,0,0,411855.667700000107288,5752482.534499999135733,7.718412275000048,51.916098750000060,0,05230505702100572346
05,5,15,000,2023,05,17,6,3,5,3,0,1,1,0,0,0,0,404002.362300000153482,5761399.947300000116229,7.601771637000070,51.994953215000066,1,05230505702100172552
05,5,15,000,2023,05,00,6,3,9,2,2,0,1,0,0,0,0,409766.625699999742210,5751794.934800000861287,7.688226970000073,51.909583522000048,0,05230505702100091788
05,5,62,036,2023,05,14,6,3,5,3,0,1,1,0,0,0,0,386621.748999999836087,5719787.670299999415874,7.362335496000071,51.617684357000030,0,05230505701930120046
05,5,62,028,2023,05,21,6,3,2,6,2,0,1,0,1,0,0,379160.876799999736249,5723443.346000000834465,7.253359134000050,51.648986916000069,0,05230505701920889587
05,5,62,008,2023,05,14,6,2,6,4,0,0,1,1,0,0,0,385069.827499999664724,5723425.248099999502301,7.338734958000032,51.650063221000039,0,05230505701910548545
05,5,62,008,2023,05,20,6,3,0,1,0,0,1,0,0,0,0,384002.796099999919534,5721055.874299999326468,7.324103927000067,51.628548951000028,1,05230505701910449496
05,5,62,024,2023,05,18,6,3,7,1,0,1,0,0,0,0,0,372776.396999999880791,5725508.249800000339746,7.160374652000030,51.666135508000082,0,05230505701500179216
05,5,62,024,2023,05,17,7,2,2,6,0,0,1,0,0,0,0,365747.161199999973178,5724202.618300000205636,7.059296076000066,51.652767252000046,0,05230513701500898870
05,5,62,032,2023,05,08,6,2,0,1,0,0,0,0,0,0,1,375589.644000000320375,5719705.981000000610948,7.203094600000043,51.614619984000058,0,05230505701110651307
05,5,62,032,2023,05,17,6,3,2,6,0,0,1,0,0,0,0,375409.375699999742210,5719475.286100000143051,7.200574308000057,51.612506833000054,1,05230505701110477987
05,5,62,032,2023,05,13,6,3,5,3,0,1,1,0,0,0,0,375983.126500000245869,5720932.206000000238419,7.208340757000030,51.625727068000060,0,05230505701110289700
05,5,13,000,2023,05,13,6,3,0,2,0,1,1,0,0,0,0,364587.240799999795854,5714177.178300000727177,7.046411237000029,51.562397242000031,0,05230505700000420538
05,5,62,012,2023,05,14,6,2,4,6,0,0,1,0,0,1,0,357488.970800000242889,5729389.726800000295043,6.937883319000036,51.697344043000044,0,05230512701610089936
05,5,66,048,2023,05,17,3,3,0,7,0,1,1,0,0,0,0,427910.535000000149012,5796454.688999999314547,7.942484256000057,52.313685844000076,1,05230509709700291071
05,5,12,000,2023,05,15,5,3,3,5,0,0,1,0,1,0,0,357943.342600000090897,5711594.087300000712276,6.951667760000021,51.537551602000065,0,05230511701400686111
05,5,70,052,2023,05,14,5,3,2,6,0,0,1,0,0,0,0,430182.253999999724329,5756118.708000000566244,7.984085278000066,51.951386049000064,0,05230504711100202632
05,5,66,032,2023,05,13,5,3,8,6,0,0,1,0,0,0,0,415315.615100000053644,5777976.891599999740720,7.762394326000049,52.145799898000064,0,05230504709800580102
05,5,66,076,2023,05,16,5,3,2,6,0,0,1,0,0,0,0,393651.218000000342727,5794099.025000000372529,7.440830852000033,52.286948206000034,0,05230504709500069525
05,5,66,096,2023,05,12,5,2,9,1,0,0,1,0,0,0,0,381424.736399999819696,5787629.042400000616908,7.263936616000024,52.226304225000035,0,05230504709300487308
05,5,58,004,2023,05,15,5,3,4,1,0,1,0,0,0,0,0,406079.635900000110269,5736377.476500000804663,7.638829440000052,51.770391796000069,0,05230504706300323117
05,5,58,016,2023,05,07,5,3,4,2,0,0,1,0,0,0,1,387838.585900000296533,5742441.901799999177456,7.372609481000040,51.821539299000051,0,05230504706100081082
05,5,58,008,2023,05,16,5,3,5,3,0,0,1,0,1,0,0,388596.129700000397861,5763022.554700000211596,7.376939317000051,52.006659347000038,0,05230504706000891075
05,5,54,016,2023,05,15,5,3,5,3,0,0,1,0,0,0,0,366596.734000000171363,5757747.173000000417233,7.058660362000069,51.954405186000031,0,05230504705000489750
05,5,54,016,2023,05,17,5,3,2,1,0,0,1,0,0,0,0,364072.415000000037253,5756670.265200000256300,7.022374710000065,51.944117225000070,0,05230504705000028617
05,5,58,044,2023,05,14,5,3,3,6,0,0,1,0,0,0,0,394246.529500000178814,5751271.537000000476837,7.462844565000069,51.902149030000032,0,05230504702330892276
05,5,15,000,2023,05,14,5,3,1,6,0,0,1,0,0,0,0,408066.407999999821186,5754349.331599999219179,7.662835043000030,51.932266028000072,0,05230504702100176700
05,5,15,000,2023,05,07,5,3,1,6,0,1,0,0,0,0,0,406660.585699999704957,5757119.893799999728799,7.641641473000050,51.956935279000049,0,05230504702100091783