ULAND,UREGBEZ,UKREIS,UGEMEINDE,UJAHR,UMONAT,USTUNDE,UWOCHENTAG,UKATEGORIE,UART,UTYP1,ULICHTVERH,IstRad,IstPKW,IstFuss,IstKrad,IstGkfz,IstSonstige,LINREFX,LINREFY,XGCSWGS84,YGCSWGS84,STRZUSTAND,UIDENTSTLAE
05,5,62,004,2023,05,14,5,3,0,7,0,1,1,0,0,0,0,383160.853600000031292,5715150.304400000721216,7.313912859000027,51.575297433000060,0,05230504701800975248
05,5,62,012,2023,05,06,5,3,5,3,0,0,1,0,0,0,1,359101.776899999938905,5726556.941899999976158,6.962347897000029,51.672296522000067,0,05230504701610490207
05,5,62,032,2023,05,09,5,3,5,3,0,1,1,0,0,0,0,374958.427000000141561,5719828.564999999478459,7.193938824000043,51.615581801000076,0,05230504701110095077
05,5,13,000,2023,05,14,5,3,2,7,0,0,1,0,0,0,1,363548.571700000204146,5712061.711999999359250,7.032256618000076,51.543136613000058,0,05230504700000990615
05,5,13,000,2023,05,14,5,3,5,2,0,0,1,0,0,0,0,368459.387900000438094,5707839.335599999874830,7.104608780000035,51.506357090000051,0,05230504700000194985
05,5,62,004,2023,05,00,3,2,8,1,2,0,1,0,0,0,0,384348.938500000163913,5717979.537200000137091,7.330117817000030,51.600970932000052,0,05230530301911978088
05,5,70,008,2023,05,01,2,3,8,7,2,0,0,0,1,0,0,434892.870099999941885,5738577.010600000619888,8.055927040000029,51.794258867000053,0,05230529711300893404
05,5,70,040,2023,05,18,2,3,8,1,0,0,1,0,0,0,0,411584.017799999564886,5746125.881599999964237,7.716092996000043,51.858916566000062,0,05230529711200577897
05,5,66,040,2023,05,17,2,2,6,4,0,0,1,1,0,0,0,421507.983000000007451,5782818.290500000119209,7.851751373000070,52.190233477000049,0,05230529709800596644
05,5,58,024,2023,05,17,2,3,5,2,0,0,1,0,0,0,0,388535.535000000149012,5737098.004000000655651,7.384435188000054,51.773649473000035,0,05230529706300989770
05,5,58,040,2023,05,15,2,3,8,1,0,0,0,0,1,0,0,383444.854899999685585,5765549.405600000172853,7.301064201000031,52.028310402000045,0,05230529706000987784
05,5,54,012,2023,05,14,2,3,5,3,0,0,1,0,1,0,0,353404.904699999839067,5753420.895400000736117,6.868667829000060,51.912213842000028,0,05230529705000449445
05,5,62,032,2023,05,20,2,2,3,6,0,0,1,0,0,0,0,374339.137699999846518,5717839.329600000753999,7.185711749000063,51.597566538000081,0,05230529702340896605
05,5,13,000,2023,05,15,2,2,3,1,0,0,1,0,1,0,0,363094.573400000110269,5715784.176799999549985,7.024264236000022,51.576477811000075,0,05230529702340072368
05,5,15,000,2023,05,15,2,3,1,6,0,0,1,0,0,0,0,408723.521999999880791,5761851.517999999225140,7.670395656000039,51.999808270000074,0,05230529702100672722
05,5,15,000,2023,05,14,2,3,4,6,0,1,0,0,0,0,0,403001.533300000242889,5754041.347400000318885,7.589277263000042,51.928638103000026,0,05230529702100639883
05,5,62,008,2023,05,22,2,3,5,3,2,0,1,0,1,0,0,384577.798600000329316,5721804.219699999317527,7.332160892000047,51.635393116000046,0,05230529701910549578
05,5,62,008,2023,05,13,2,2,6,4,0,0,1,1,0,0,0,383771.248700000345707,5721017.435300000011921,7.320772898000030,51.628155690000028,0,05230529701910208066
05,5,62,008,2023,05,14,2,3,5,3,0,0,1,0,0,0,0,381953.415500000119209,5726218.830000000074506,7.292766268000037,51.674524796000071,0,05230529701910049480
05,5,13,000,2023,05,10,2,3,0,1,0,1,0,0,0,0,0,368937.953700000420213,5711200.233200000599027,7.110250351000047,51.536672005000071,0,05230529700000475760
05,5,70,040,2023,05,13,1,2,5,2,0,0,1,0,1,0,0,419004.963999999687076,5742462.288000000640750,7.824686531000054,51.827109924000069,0,05230528711200387087
05,5,66,076,2023,05,20,1,3,2,6,0,0,1,0,0,0,0,395471.443699999712408,5791272.712799999862909,7.468382548000022,52.261896469000078,0,05230528709500164316
05,5,66,080,2023,05,14,1,3,1,1,0,0,0,1,1,0,0,405246.666000000201166,5780740.067999999970198,7.614516426000023,52.169000025000059,0,05230528709110896547
05,5,58,024,2023,05,20,1,3,0,7,0,1,0,0,0,0,0,389189.661000000312924,5735880.587999999523163,7.394300431000033,51.762837486000080,0,05230528706300460644
05,5,54,044,2023,05,15,1,2,5,2,0,0,1,0,1,0,0,366410.313000000081956,5739025.503000000491738,7.063191908000022,51.786127567000051,0,05230528705000987797
05,5,15,000,2023,05,13,1,2,0,7,0,0,0,0,0,0,1,405173.643400000408292,5755292.740499999374151,7.620512963000067,51.940260464000062,0,05230528702100945124
05,5,15,000,2023,05,17,1,2,0,1,0,0,0,0,0,0,1,410904.271800000220537,5760839.262800000607967,7.702416343000039,51.991063688000054,0,05230528702100062000
05,5,15,000,2023,05,15,1,3,1,2,0,1,1,0,0,0,0,405645.845300000160933,5756983.165699999779463,7.626916173000041,51.955535051000027,0,05230528702000172722
05,5,62,004,2023,05,05,1,3,0,7,1,0,0,0,1,0,0,384320.028500000014901,5710549.670700000599027,7.332146421000061,51.534186803000068,0,05230528701800051402
05,5,62,016,2023,05,14,1,3,3,6,0,0,1,0,1,0,0,381969.002899999730289,5733295.331599999219179,7.290595600000074,51.738127494000082,0,05230528701700398907
05,5,62,020,2023,05,16,1,3,4,6,0,1,0,0,0,0,0,371723.649299999698997,5713231.206700000911951,7.149653353000076,51.555564188000062,0,05230528701200899331
05,5,62,020,2023,05,12,1,3,2,7,0,0,1,0,0,0,0,370102.989500000141561,5717539.050599999725819,7.124696225000037,51.593907055000045,0,05230528701200185660
05,5,13,000,2023,05,19,1,3,5,2,0,0,1,0,0,0,0,365006.799599999561906,5718156.919999999925494,7.050930519000076,51.598261374000060,0,05230528700000590482
05,5,70,032,2023,05,03,7,2,8,1,2,0,1,0,0,0,0,420578.434700000099838,5765219.464800000190735,7.842261333000067,52.031905512000037,0,05230527711100091000
05,5,66,044,2023,05,16,7,3,2,6,0,1,0,0,0,0,0,427180.142300000414252,5780990.008500000461936,7.935105114000066,52.174577048000060,0,05230527709800989846
05,5,66,012,2023,05,09,7,3,8,1,0,0,1,0,0,0,0,404205.676599999889731,5773848.353599999099970,7.601241958000060,52.106877157000042,0,05230527709110989865
05,5,66,012,2023,05,18,7,3,5,3,0,1,1,0,0,0,0,405092.562900000251830,5772983.312599999830127,7.614428879000059,52.099254917000053,0,05230527709110006885
05,5,58,028,2023,05,17,7,3,8,1,0,0,0,0,1,0,0,398398.025000000372529,5735370.523000000044703,7.527833904000033,51.759999464000032,0,05230527706300696685
05,5,58,008,2023,05,23,7,3,9,1,2,0,1,0,0,0,0,390971.580000000074506,5763707.004799999296665,7.411315211000044,52.013282488000073,0,05230527706200989828
05,5,54,012,2023,05,13,7,3,3,6,0,1,0,0,0,0,0,345112.377299999818206,5744364.355200000107288,6.752263228000061,51.828603833000045,0,05230527705000989857
05,5,54,016,2023,05,22,7,3,8,1,2,1,0,0,0,0,0,362234.663399999961257,5758460.071200000122190,6.994937191000076,51.959747554000046,0,05230527705000591708
05,5,54,012,2023,05,00,7,2,5,3,2,0,1,0,0,0,0,352528.157200000248849,5748858.883300000801682,6.857881102000022,51.870993507000037,0,05230527705000191747
05,5,54,016,2023,05,18,7,3,4,1,0,0,1,0,0,0,0,365978.113800000399351,5757784.095399999991059,7.049649168000030,51.954588235000074,0,05230527705000047428
05,5,58,004,2023,05,19,7,3,6,7,0,0,0,1,0,1,0,406160.707899999804795,5736791.109300000593066,7.639892269000029,51.774123444000054,0,05230527702330042872
05,5,15,000,2023,05,13,7,3,5,3,0,1,1,0,0,0,0,410229.787100000306964,5751950.441700000315905,7.694917791000023,51.911056175000056,0,05230527702100674470
05,5,15,000,2023,05,12,7,3,3,2,0,1,1,0,0,0,0,411650.214300000108778,5754656.953999999910593,7.714867691000052,51.935611635000043,0,05230527702100505104
05,5,15,000,2023,05,18,7,3,2,6,0,0,1,0,0,0,0,409340.949000000022352,5760555.642999999225140,7.679729689000055,51.988261358000045,0,05230527702100253167
05,5,15,000,2023,05,17,7,3,0,3,0,1,1,0,0,0,0,406717.166000000201166,5757661.777000000700355,7.642317477000063,51.961815488000070,0,05230527702100076700
05,5,62,004,2023,05,16,7,2,5,3,0,0,1,0,1,0,0,381692.876000000163913,5714632.346000000834465,7.292913198000065,51.570336047000069,0,05230527701800353356
05,5,62,012,2023,05,06,7,3,9,1,0,0,1,0,0,0,0,357862.275799999944866,5724870.665899999439716,6.945120622000047,51.656831946000068,0,05230527701610699265
05,5,62,014,2023,05,10,7,3,0,1,0,1,0,0,0,0,0,360640.919400000013411,5716445.208200000226498,6.988615564000042,51.581816645000060,0,05230527701300499767
05,5,62,032,2023,05,12,7,3,0,5,0,1,1,0,0,0,0,374224.560399999842048,5715306.463999999687076,7.184965895000062,51.574777908000044,0,05230527701120981810
05,5,66,068,2023,05,15,7,3,5,2,0,0,1,0,1,0,0,377527.762000000104308,5785557.194000000134110,7.207660504000046,52.206833367000058,0,05230527709300870501
05,5,66,028,2023,05,15,6,3,9,6,0,1,0,0,0,0,0,409202.653599999845028,5792986.907500000670552,7.669056076000061,52.279742028000044,0,05230526709700842520
05,5,66,028,2023,05,18,6,3,5,3,0,0,1,0,0,0,0,408433.534400000236928,5795452.652599999681115,7.657115251000050,52.301776667000070,0,05230526709700091794
05,5,66,060,2023,05,15,6,3,5,3,0,1,1,0,0,0,0,388198.326999999582767,5788589.302999999374151,7.362746195000057,52.236350727000058,0,05230526709500439553
05,5,58,024,2023,05,10,6,3,5,3,0,1,1,0,0,0,0,393201.366000000387430,5736377.205800000578165,7.452256153000064,51.768080635000047,0,05230526706300549717
05,5,58,016,2023,05,07,6,3,4,6,0,1,0,0,0,0,0,379381.541199999861419,5741496.035299999639392,7.250292120000040,51.811277283000038,0,05230526706100519988
05,5,58,016,2023,05,09,6,3,5,2,0,1,1,0,0,0,0,380310.754700000397861,5742409.675000000745058,7.263449033000029,51.819687995000038,0,05230526706100385358
05,5,58,016,2023,05,14,6,3,5,3,0,1,1,0,0,0,0,381430.641999999992549,5743489.960999999195337,7.279319381000050,51.829635446000054,0,05230526706000589266
05,5,54,020,2023,05,22,6,3,4,6,2,1,0,0,0,0,0,362958.179999999701977,5786776.432199999690056,6.994080129000054,52.214358509000078,0,05230526705000020718
05,5,15,000,2023,05,11,6,3,2,6,0,0,1,0,0,0,0,404108.286899999715388,5765440.344900000840425,7.602182532000029,52.031287670000040,0,05230526702350406780
05,5,54,064,2023,05,16,6,3,3,6,0,0,1,0,0,0,0,363164.090499999932945,5749296.439200000837445,7.012096826000061,51.877635793000081,0,05230526702340566482
05,5,15,000,2023,05,16,6,2,0,1,0,1,0,0,0,0,0,403310.520200000144541,5749846.405300000682473,7.594947011000045,51.890986090000069,0,05230526702100870513
05,5,15,000,2023,05,18,6,3,4,6,0,0,1,0,0,0,1,403085.811999999918044,5760527.133999999612570,7.588672923000047,51.986948957000038,0,05230526702100079230
05,5,62,008,2023,05,14,6,3,2,6,0,0,1,0,0,0,0,384415.070100000128150,5721469.774900000542402,7.329920984000069,51.632353813000066,0,05230526701910277767
05,5,62,016,2023,05,09,6,3,5,2,0,1,1,0,0,0,0,375271.984000000171363,5735016.280999999493361,7.193038343000069,51.752143101000058,0,05230526701700747491
05,5,62,024,2023,05,15,6,3,3,6,0,1,0,0,0,0,0,370671.735000000335276,5725440.771700000390410,7.129983999000046,51.665048640000066,0,05230526701500698907
05,5,12,000,2023,05,10,6,3,6,4,0,0,1,1,0,0,0,355854.747299999929965,5709704.639299999922514,6.922346466000022,51.520044015000053,0,05230526701400473595
05,5,62,020,2023,05,13,6,3,5,3,0,1,1,0,0,0,0,370524.562599999830127,5719166.273099999874830,7.130178220000062,51.608627595000030,0,05230526701200498915
05,5,62,032,2023,05,22,6,3,0,7,2,1,0,0,0,0,0,375020.096599999815226,5719501.953600000590086,7.194945555000061,51.612660212000037,0,05230526701110594957
05,5,13,000,2023,05,10,6,3,6,4,0,0,1,1,0,0,0,370083.889000000432134,5710591.858799999579787,7.126988229000062,51.531469518000051,0,05230526700000467071
05,5,13,000,2023,05,05,6,2,5,2,0,0,1,0,0,0,0,362699.196899999864399,5716037.769700000062585,7.018462935000059,51.578660494000076,0,05230526700000071570
05,5,15,000,2023,05,10,6,3,0,7,0,1,0,1,0,0,0,407696.288999999873340,5758517.112299999222159,7.656333916000051,51.969667120000054,0,05230526702100272552
05,5,62,004,2023,05,20,1,3,5,2,0,1,1,0,0,0,0,382547.401600000448525,5714953.003299999982119,7.305130360000021,51.573396673000047,0,05230528701800881347
05,5,70,020,2023,05,16,5,3,9,1,0,0,0,0,1,0,0,439660.468000000342727,5748240.108999999240041,8.123364040000070,51.881666313000039,0,05230525711400096650
05,5,70,028,2023,05,19,5,3,0,1,0,1,0,0,0,0,0,441471.754999999888241,5742617.425000000745058,8.150628292000022,51.831310406000057,0,05230525711400087314
05,5,70,052,2023,05,17,5,3,5,3,0,0,1,0,0,0,1,427902.516400000080466,5756678.908900000154972,7.950801296000066,51.956131129000028,0,05230525711100081966
05,5,66,032,2023,05,14,5,3,2,6,0,0,1,0,0,0,0,413349.153300000354648,5778019.413300000131130,7.733652473000063,52.145877099000074,0,05230525709800061950
05,5,66,076,2023,05,15,5,3,2,1,0,0,1,0,1,0,0,393916.968799999915063,5793239.610999999567866,7.444995902000073,52.279275836000068,0,05230525709500989942
05,5,58,044,2023,05,19,5,3,3,2,0,0,1,0,0,0,0,392664.141999999992549,5749262.507999999448657,7.440478599000073,51.883789713000056,0,05230525706300994956
05,5,58,024,2023,05,07,5,3,5,3,0,1,1,0,0,0,0,393209.684999999590218,5736361.598999999463558,7.452381464000041,51.767941947000054,0,05230525706300786168
05,5,58,024,2023,05,17,5,3,5,2,0,0,1,0,0,0,1,387477.828499999828637,5737584.171199999749660,7.368953910000073,51.777807350000046,0,05230525706300076730
05,5,58,012,2023,05,13,5,3,5,3,0,1,1,0,0,0,0,373851.613300000317395,5755996.498800000175834,7.164818581000077,51.940365831000065,0,05230525706200989944
05,5,58,016,2023,05,21,5,3,9,6,2,0,1,0,1,0,0,389010.110299999825656,5745818.093200000002980,7.388517156000034,51.852117259000067,0,05230525706100565764
05,5,62,004,2023,05,08,5,3,2,6,0,0,1,0,0,0,0,383211.189199999906123,5713656.592499999329448,7.315135363000024,51.561882785000080,0,05230525702340686823
05,5,62,004,2023,05,08,5,3,2,6,0,0,1,0,0,0,0,383345.565600000321865,5719098.203400000929832,7.315264682000077,51.610818207000079,0,05230525701800955646
05,5,62,016,2023,05,21,5,2,9,7,1,0,1,0,0,0,0,369798.771800000220537,5732222.220300000160933,7.114837580000028,51.725788959000056,0,05230525701700989923
05,5,62,016,2023,05,07,5,3,5,2,0,1,1,0,0,0,0,374893.925300000235438,5732961.513699999079108,7.188303239000049,51.733592905000080,0,05230525701700899758
05,5,12,000,2023,05,17,5,2,1,5,0,0,1,0,1,0,0,357679.756299999542534,5709779.599099999293685,6.948602906000076,51.521180378000054,0,05230525701400694953
05,5,62,032,2023,05,19,5,3,5,3,0,1,1,0,0,0,0,374958.427000000141561,5719828.564999999478459,7.193938824000043,51.615581801000076,0,05230525701110994957
05,5,13,000,2023,05,18,5,3,6,2,0,0,1,1,0,0,0,369697.064100000075996,5710540.994699999690056,7.121433382000021,51.530923270000073,0,05230525700000576560
05,5,70,028,2023,05,17,5,2,8,1,0,0,1,0,0,0,0,439352.713200000114739,5739687.862199999392033,8.120393262000050,51.804747050000060,0,05230525301911981558
05,5,70,032,2023,05,14,4,3,5,3,0,1,1,0,0,0,0,420449.441999999806285,5766632.528999999165535,7.840052652000054,52.044589137000060,0,05230524711100548068
05,5,66,076,2023,05,17,4,3,5,3,0,1,1,0,0,0,0,397543.715599999763072,5787545.164300000295043,7.499865842000077,52.228785053000081,0,05230524709500989984
05,5,66,076,2023,05,17,4,3,0,3,0,1,1,0,0,0,0,396606.999599999748170,5794210.213600000366569,7.484114482000052,52.288511558000039,0,05230524709500989980
05,5,15,000,2023,05,12,4,3,2,6,0,1,0,0,0,0,0,406993.783699999563396,5755644.731100000441074,7.646888202000071,51.943731573000036,0,05230524702100255910
05,5,62,020,2023,05,13,4,2,5,3,0,1,1,0,0,0,0,371178.854000000283122,5717575.217800000682473,7.140206195000076,51.594479129000035,0,05230524701200575230
05,5,62,032,2023,05,10,4,3,0,7,0,0,1,0,0,0,0,377738.240000000223517,5716593.202800000086427,7.235196649000045,51.587115265000079,0,05230524701120975698
05,5,62,032,2023,05,17,4,3,5,2,0,0,1,0,0,0,0,374894.172399999573827,5714837.750199999660254,7.194790638000029,51.570714508000037,0,05230524701120695136
05,5,13,000,2023,05,10,4,3,1,3,0,1,1,0,0,0,0,364165.033300000242889,5716504.949999999254942,7.039423891000069,51.583213883000042,0,05230524700000067101
05,5,70,048,2023,05,10,3,2,8,1,0,0,1,0,0,0,0,449189.714999999850988,5730771.291999999433756,8.264355903000023,51.725562529000058,0,05230523711300284995
05,5,66,040,2023,05,15,3,3,2,1,0,0,1,0,0,0,0,424587.050400000065565,5780268.690300000831485,7.897352350000062,52.167744765000066,0,05230523709800990040
05,5,66,028,2023,05,13,3,3,2,6,0,1,1,0,0,0,0,413571.901999999769032,5793761.369999999180436,7.732886279000070,52.287407517000076,0,05230523709700990044
05,5,54,012,2023,05,06,3,2,8,1,0,0,1,0,0,0,0,345669.878299999982119,5747506.220499999821186,6.758945150000045,51.856985638000026,0,05230523705000990052
05,5,54,020,2023,05,13,3,3,0,3,0,1,1,0,0,0,0,367023.461000000126660,5786216.405999999493361,7.053767025000070,52.210322520000034,0,05230523705000990042
05,5,54,036,2023,05,16,3,3,9,1,0,0,1,0,0,0,0,364953.536999999545515,5769796.816600000485778,7.030012684000042,52.062282374000063,0,05230523705000990027
05,5,54,056,2023,05,16,3,3,1,3,0,0,1,0,0,0,1,356328.996000000275671,5761392.218000000342727,6.907818472000031,51.984598453000046,0,05230523705000987888
05,5,54,012,2023,05,15,3,3,0,1,0,1,0,0,0,0,0,352848.589999999850988,5745875.053999999538064,6.863802631000055,51.844268661000058,0,05230523705000691747
05,5,15,000,2023,05,19,3,3,0,1,0,1,0,0,0,0,0,405071.506599999964237,5759104.726500000804663,7.617974272000026,51.974506733000055,0,05230523702100774777
05,5,15,000,2023,05,12,3,3,4,6,0,1,0,0,0,0,0,402184.834999999962747,5758919.543700000271201,7.576014980000025,51.972341674000063,0,05230523702100096692
05,5,15,000,2023,05,13,3,3,5,3,0,1,1,0,0,0,0,405868.865000000223517,5756844.866699999198318,7.630198540000038,51.954329752000035,0,05230523702100055910
05,5,62,014,2023,05,00,3,3,0,1,2,0,1,1,0,0,0,361921.147199999541044,5713047.805199999362230,7.008415968000065,51.551602056000036,0,05230523701300389547
05,5,62,032,2023,05,17,3,2,0,7,0,0,1,0,0,0,0,374825.232300000265241,5719425.149199999868870,7.192160114000046,51.611926671000049,0,05230523701110798894
05,5,13,000,2023,05,20,3,3,5,3,0,0,0,0,1,1,0,364288.729500000365078,5708814.039699999615550,7.044174962000056,51.514130076000072,0,05230523700000070107
05,5,54,008,2023,05,18,3,3,2,2,0,0,1,0,0,0,0,335302.944600000046194,5745923.706199999898672,6.609295885000051,51.839806646000056,0,05230523705000996647
05,5,70,048,2023,05,18,2,2,4,1,0,0,1,0,0,0,0,448842.453700000420213,5728808.364399999380112,8.259616879000021,51.707882970000071,1,05230522711300727092
05,5,58,024,2023,05,14,2,3,9,1,0,0,1,0,0,0,0,387486.317599999718368,5737578.768400000408292,7.369078660000071,51.777760498000077,0,05230522706300895162
05,5,58,040,2023,05,15,2,2,5,3,0,1,0,0,0,0,0,377921.763000000268221,5764717.364000000059605,7.220896113000038,52.019645140000080,0,05230522706200103166
05,5,58,044,2023,05,13,2,3,3,6,0,0,1,0,0,0,1,395945.983300000429153,5744043.654899999499321,7.489715283000066,51.837504605000049,0,05230522706000396611
05,5,54,020,2023,05,07,2,3,0,3,0,1,1,0,0,0,0,366249.128299999982119,5787495.873700000345707,7.041935454000054,52.221631628000068,0,05230522705000990076
05,5,54,056,2023,05,13,2,2,5,3,0,0,1,0,1,0,0,357054.400899999774992,5765462.914699999615550,6.916676373000030,52.021360820000041,0,05230522705000990074
05,5,15,000,2023,05,16,2,3,3,2,0,1,0,0,0,0,0,406724.746000000275671,5757078.944000000134110,7.642586026000060,51.956577968000033,0,05230522702100976700
05,5,15,000,2023,05,16,2,3,2,6,0,0,1,0,0,0,0,408660.892099999822676,5753478.169600000604987,7.671710463000068,51.924533339000050,0,05230522702100172400
05,5,15,000,2023,05,19,2,3,0,1,0,0,0,0,1,0,0,405447.975499999709427,5758146.415599999949336,7.623717364000072,51.965957225000068,1,05230522702100079098
05,5,62,004,2023,05,14,2,3,4,6,0,0,0,0,0,1,0,381776.717100000008941,5716078.025699999183416,7.293635762000065,51.583346852000034,0,05230522701800073591
05,5,54,008,2023,05,07,4,3,2,1,0,0,1,0,0,1,0,335342.195799999870360,5742815.534900000318885,6.611343262000048,51.811896271000080,0,05230524705000990012
05,5,62,014,2023,05,16,2,3,6,4,0,0,1,1,0,0,0,361573.218999999575317,5713148.169999999925494,7.003361393000034,51.552418697000064,0,05230522701300599754
05,5,62,014,2023,05,15,2,3,5,3,0,0,1,0,1,0,0,360416.732200000435114,5717472.328800000250340,6.984973590000038,51.590990904000080,0,05230522701300095210
05,5,62,020,2023,05,09,2,3,5,3,0,0,1,0,0,0,0,372364.341000000014901,5718390.847999999299645,7.157014756000024,51.602078976000030,0,05230522701200480610
05,5,13,000,2023,05,08,2,2,6,4,0,0,1,1,0,0,0,368089.728699999861419,5713310.872500000521541,7.097235970000042,51.555442109000069,0,05230522700000990100
05,5,13,000,2023,05,11,2,3,5,2,0,1,1,0,0,0,0,367424.259499999694526,5714079.760500000789762,7.087352606000024,51.562195818000077,0,05230522700000395154
05,5,70,044,2023,05,12,1,3,0,3,0,1,1,0,0,0,0,421966.086799999698997,5757881.522800000384450,7.864155815000061,51.966140360000054,0,05230528711100626207
05,5,66,044,2023,05,17,1,2,9,1,0,0,1,0,0,0,0,430132.549899999983609,5779710.799200000241399,7.978536002000055,52.163459661000047,0,05230521709800990107
05,5,66,076,2023,05,02,1,3,8,1,2,0,1,0,0,0,0,395254.619300000369549,5789757.321200000122190,7.465676852000058,52.248235883000063,0,05230521709500769525
05,5,66,068,2023,05,06,1,3,7,1,0,0,1,0,0,0,0,381881.622200000099838,5782596.390499999746680,7.272377869000024,52.181176217000029,0,05230521709300978430
05,5,58,024,2023,05,18,1,3,0,3,0,0,1,0,0,0,0,392897.862700000405312,5737175.244999999180436,7.447613352000076,51.775195436000047,0,05230521706300987936
05,5,15,000,2023,05,15,1,3,5,3,0,1,0,0,1,0,0,403495.609199999831617,5766439.581900000572205,7.592972434000046,52.040162730000077,0,05230521702100972552
05,5,15,000,2023,05,14,1,2,3,2,0,1,1,0,0,0,0,404194.053999999538064,5754225.316999999806285,7.606564204000051,51.930498227000044,0,05230521702100574122
05,5,62,036,2023,05,15,1,3,2,6,0,0,1,0,0,0,0,386649.676199999637902,5718229.722799999639392,7.363242494000076,51.603687331000060,0,05230521701930749480
05,5,62,024,2023,05,17,1,3,2,6,0,0,1,0,0,0,0,373597.185999999754131,5725672.156999999657273,7.172177256000055,51.667793765000056,0,05230521701500990113
05,5,70,020,2023,05,11,7,3,5,3,0,0,1,0,0,0,0,433137.467000000178814,5743143.246999999508262,8.029595657000073,51.835102020000079,0,05230520711400587403
05,5,70,044,2023,05,19,7,2,4,6,0,1,0,0,0,0,0,416595.275000000372529,5759438.675000000745058,7.785619464000035,51.979357679000032,0,05230520711100091270
05,5,70,052,2023,05,23,7,2,0,1,2,1,0,0,0,0,0,424321.536999999545515,5757770.163399999961257,7.898458809000033,51.965464984000050,0,05230520711100053160
05,5,66,028,2023,05,23,7,3,0,7,2,1,0,0,0,0,0,413225.802000000141561,5791648.815999999642372,7.728357165000034,52.268364673000065,0,05230520709700987940
05,5,66,076,2023,05,09,7,2,5,2,0,1,1,0,0,0,0,395268.696999999694526,5793949.619999999180436,7.464581677000069,52.285916095000061,0,05230520709500538567
05,5,66,052,2023,05,00,7,2,0,1,2,0,0,0,1,0,0,377685.672299999743700,5777574.263199999928474,7.212847895000039,52.135131330000036,0,05230520709300990163
05,5,66,012,2023,05,09,7,3,2,7,0,0,1,0,1,0,0,409397.060399999842048,5772662.209499999880791,7.677337856000065,52.097090398000034,0,05230520709000387293
05,5,58,036,2023,05,12,7,2,4,2,0,0,1,0,1,0,0,387648.400999999605119,5729325.628000000491738,7.374092336000047,51.703616083000043,0,05230520706300987948
05,5,66,088,2023,05,11,7,3,2,6,0,0,1,0,0,0,0,423141.564899999648333,5786748.521299999207258,7.874751534000040,52.225792057000035,0,05230520702350576656
05,5,15,000,2023,05,12,7,3,2,6,0,0,1,0,0,0,0,406980.505699999630451,5759873.090800000354648,7.645549847000041,51.981735978000074,0,05230520702100972552
05,5,62,016,2023,05,15,7,3,4,6,0,0,1,0,0,0,0,378152.088700000196695,5737334.647099999710917,7.233928419000051,51.773612253000067,0,05230520701700499283
05,5,54,004,2023,05,15,5,3,5,3,0,1,1,0,0,0,0,361714.091500000096858,5773035.414200000464916,6.981476120000025,52.090582924000046,0,05230525705000096683
05,5,12,000,2023,05,10,7,3,1,6,0,0,1,0,0,0,0,356726.863699999637902,5708034.344499999657273,6.935586812000054,51.505256855000027,0,05230520500630857914
05,5,70,004,2023,05,16,6,2,6,4,0,0,1,1,0,0,0,425549.643000000156462,5735595.060499999672174,7.921111362000033,51.766286363000063,0,05230519711200779616
05,5,70,040,2023,05,12,6,2,8,1,0,0,1,0,0,0,0,415892.294499999843538,5745783.663899999111891,7.778721947000065,51.856506340000067,0,05230519711200658484
05,5,70,012,2023,05,11,6,2,0,6,0,1,0,0,0,0,0,439600.130300000309944,5753561.137199999764562,8.121554811000067,51.929496073000053,0,05230519711100089568
05,5,54,020,2023,05,06,6,3,2,7,0,0,1,0,0,0,0,362741.913099999539554,5784631.994599999859929,6.991785817000050,52.195036661000074,0,05230519705000990205
05,5,54,020,2023,05,14,6,3,8,6,0,1,0,0,0,0,0,362852.270399999804795,5786791.528400000184774,6.992524814000035,52.214467799000033,0,05230519705000080993
05,5,62,036,2023,05,17,6,3,5,2,0,1,1,0,0,0,0,388695.074000000022352,5720178.620999999344349,7.392146113000024,51.621612043000027,0,05230519701930170140
05,5,62,016,2023,05,17,6,1,9,7,0,0,1,0,0,0,0,369418.278099999763072,5736106.707800000905991,7.107873555000026,51.760608229000070,0,05230519701700644450
05,5,62,020,2023,05,18,6,2,0,1,0,0,0,0,1,0,0,371739.472199999727309,5713066.567800000309944,7.149941511000065,51.554088184000079,0,05230519701200894950
05,5,62,020,2023,05,12,6,3,6,7,0,0,0,1,0,0,1,372503.117600000463426,5718448.193499999120831,7.158996648000027,51.602625770000031,0,05230519701200149481
05,5,62,032,2023,05,18,6,3,2,6,0,0,0,0,1,0,0,373705.735299999825656,5714769.612999999895692,7.177675918000034,51.569837199000062,0,05230519701120275293
05,5,62,032,2023,05,17,6,3,5,3,0,1,1,0,0,0,0,380916.316999999806285,5718125.149000000208616,7.280528544000049,51.601564291000045,0,05230519701110398910
05,5,62,032,2023,05,10,6,3,6,4,0,0,1,1,0,0,0,374658.531799999997020,5719345.886900000274181,7.189782173000026,51.611177247000057,0,05230519701110097742