ULAND,UREGBEZ,UKREIS,UGEMEINDE,UJAHR,UMONAT,USTUNDE,UWOCHENTAG,UKATEGORIE,UART,UTYP1,ULICHTVERH,IstRad,IstPKW,IstFuss,IstKrad,IstGkfz,IstSonstige,LINREFX,LINREFY,XGCSWGS84,YGCSWGS84,STRZUSTAND,UIDENTSTLAE
05,5,13,000,2023,05,20,6,3,5,3,0,1,1,0,0,0,0,364745.869800000451505,5715432.355200000107288,7.048215232000075,51.573714830000029,0,05230519700000882310
05,5,13,000,2023,05,07,6,3,2,7,0,0,1,0,1,0,0,364446.289699999615550,5713128.003399999812245,7.044783487000075,51.552935080000054,0,05230519700000475940
05,5,13,000,2023,05,16,6,3,0,7,0,0,1,0,0,0,1,369566.101599999703467,5706944.599999999627471,7.120877191000034,51.498572731000081,0,05230519700000194943
05,5,62,024,2023,05,16,3,3,0,7,0,1,0,0,0,0,0,369671.138000000268221,5725108.550200000405312,7.115648206000060,51.661831917000029,0,05230523701500975303
05,5,66,028,2023,05,11,7,2,3,6,0,1,0,0,0,0,1,412380.584999999962747,5791352.718100000172853,7.716051083000025,52.265569235000044,0,05230527709700476748
05,5,12,000,2023,05,08,6,3,5,2,0,1,0,0,0,1,0,355714.006500000134110,5712222.083699999377131,6.919287894000036,51.542629203000047,0,05230519701400298880
05,5,70,008,2023,05,14,5,3,8,1,0,0,1,0,0,0,0,432729.954499999992549,5731588.107300000265241,8.025922099000070,51.731172512000057,0,05230518711300084995
05,5,58,040,2023,05,16,5,2,8,1,0,0,0,0,1,0,0,375358.843600000254810,5764525.546599999070168,7.183635402000050,52.017351585000029,0,05230518706200990236
05,5,58,016,2023,05,13,5,3,4,1,0,0,1,0,1,0,0,381739.634600000455976,5742492.450500000268221,7.284142050000071,51.820736127000032,0,05230518706000995147
05,5,54,004,2023,05,16,5,3,5,2,0,1,1,0,0,0,0,361314.502000000327826,5773265.740299999713898,6.975553649000062,52.092552467000075,0,05230518705000996573
05,5,54,044,2023,05,19,5,3,5,3,0,0,1,0,0,0,0,366076.116000000387430,5744879.654999999329448,7.056086857000025,51.838653514000043,0,05230518705000990220
05,5,54,012,2023,05,11,5,3,8,1,0,0,0,0,1,0,0,350547.197100000455976,5745578.847599999979138,6.830546946000027,51.840996082000061,0,05230518705000008065
05,5,66,028,2023,05,12,1,3,3,2,0,0,0,0,1,0,0,414485.769000000320375,5789802.131999999284744,7.747284544000024,52.251963304000071,0,05230528709700989820
05,5,58,012,2023,05,11,3,3,5,3,0,1,1,0,0,0,0,372967.632000000216067,5756280.828999999910593,7.151860769000052,51.942719818000057,0,05230523706200536380
05,5,66,088,2023,05,11,5,3,8,1,0,0,1,0,0,0,0,423820.855999999679625,5787959.767000000923872,7.884421751000048,52.236774202000049,0,05230518702350287700
05,5,62,032,2023,05,13,5,3,3,6,0,0,1,0,0,0,0,374547.086900000460446,5716279.437400000169873,7.189270111000042,51.583593996000047,0,05230518702340978082
05,5,62,016,2023,05,08,5,3,8,1,0,0,1,0,0,0,0,373616.632799999788404,5737695.442999999970198,7.168095496000035,51.775848973000052,0,05230518701700773596
05,5,62,016,2023,05,13,5,2,8,7,0,0,1,0,0,0,0,374880.778900000266731,5731577.077800000086427,7.188610461000053,51.721148213000049,0,05230518701700289938
05,5,62,012,2023,05,22,5,1,2,6,2,0,1,0,0,0,0,364840.226599999703467,5731543.117799999192357,7.043351452000024,51.718513149000046,0,05230518701620089653
05,5,62,024,2023,05,16,5,3,2,6,0,0,1,0,1,0,0,371181.686700000427663,5724014.793099999427795,7.137878895000028,51.652350892000072,0,05230518701500099758
05,5,13,000,2023,05,21,5,2,0,7,2,1,0,0,0,0,0,367358.873999999836087,5707121.211999999359250,7.089030779000041,51.499646282000072,0,05230518700000981314
05,5,70,032,2023,05,18,4,3,5,3,0,0,1,1,0,0,0,421479.981999999843538,5767038.782999999821186,7.854982619000054,52.048387927000078,0,05230517711100587310
05,5,70,032,2023,05,19,4,3,2,2,0,0,1,0,0,0,0,419339.776999999769032,5764246.323000000789762,7.824438754000028,52.022979144000033,0,05230517711100087310
05,5,66,072,2023,05,20,4,2,9,1,1,0,0,0,1,0,0,410899.621500000357628,5803080.774100000038743,7.691249097000025,52.370744574000071,0,05230517709700990270
05,5,66,028,2023,05,17,4,3,5,3,0,0,1,0,0,0,0,409261.663999999873340,5796664.380000000819564,7.668930120000027,52.312805182000034,0,05230517709700987995
05,5,66,060,2023,05,05,4,3,4,1,0,0,1,0,0,1,0,390375.318199999630451,5788123.475899999961257,7.394764005000070,52.232602093000082,0,05230517709500990318
05,5,66,076,2023,05,08,4,3,5,3,0,1,1,0,0,0,0,394633.529000000096858,5793762.254000000655651,7.455331998000077,52.284110780000049,0,05230517709500511962
05,5,66,096,2023,05,13,4,2,5,3,0,0,1,0,0,0,0,385116.567099999636412,5790274.242399999871850,7.317063976000043,52.250858347000076,0,05230517709300988003
05,5,66,012,2023,05,17,4,3,5,3,0,1,1,0,0,0,0,404550.418700000271201,5772097.214900000020862,7.606764715000054,52.091197269000077,0,05230517709110990283
05,5,58,012,2023,05,16,4,3,5,2,0,0,1,0,0,0,0,374079.353099999949336,5755556.814300000667572,7.168290833000071,51.936466211000038,0,05230517706000987996
05,5,58,012,2023,05,16,4,3,4,7,0,0,1,0,0,1,0,374551.110000000335276,5753279.015000000596046,7.175979703000053,51.916103291000070,0,05230517706000070571
05,5,54,056,2023,05,13,4,3,2,6,0,0,1,0,0,0,0,355885.473199999891222,5761986.156099999323487,6.901114874000029,51.989820080000072,0,05230517705000990305
05,5,15,000,2023,05,14,4,3,2,6,0,0,1,0,0,0,0,403170.858799999579787,5763884.470000000670552,7.588962297000023,52.017140291000032,0,05230517702350005180
05,5,54,036,2023,05,00,4,3,0,6,2,0,1,0,0,0,0,367024.998800000175834,5766218.521600000560284,7.061603357000024,52.030629836000060,1,05230517702340505261
05,5,15,000,2023,05,17,4,3,0,6,0,1,0,0,0,0,0,404701.667799999937415,5758301.107699999585748,7.612814735000029,51.967220214000065,0,05230517702100568373
05,5,15,000,2023,05,11,4,3,0,2,0,1,1,0,0,0,0,403039.381000000052154,5758137.482000000774860,7.588672162000023,51.965462032000062,0,05230517702100353171
05,5,15,000,2023,05,15,4,3,1,2,0,0,1,0,0,0,0,399752.786000000312924,5753675.604000000283122,7.542151042000057,51.924775146000059,0,05230517702100276693
05,5,62,016,2023,05,06,4,3,5,3,0,1,1,0,0,0,0,375004.016999999992549,5734264.050000000745058,7.189428717000055,51.745323185000075,0,05230517701700485411
05,5,62,012,2023,05,16,4,3,5,3,0,0,1,0,0,0,0,364140.843999999575317,5728320.392999999225140,7.034488966000026,51.689384397000026,0,05230517701610786128
05,5,62,024,2023,05,16,4,2,9,7,0,0,1,0,0,0,0,371087.579300000332296,5724777.035000000149012,7.136238263000052,51.659179380000069,0,05230517701500299758
05,5,12,000,2023,05,16,4,3,5,3,0,0,1,0,0,0,1,355713.480999999679625,5709820.088999999687076,6.920264479000025,51.521045352000044,0,05230517701400094412
05,5,62,020,2023,05,07,4,3,2,6,0,0,1,0,0,0,0,370430.681699999608099,5717600.382699999958277,7.129401702000052,51.594533697000031,0,05230517701200295076
05,5,62,032,2023,05,08,4,3,5,3,0,1,1,0,0,0,0,376234.076000000350177,5715868.410000000149012,7.213751395000031,51.580273017000081,0,05230517701120680912
05,5,62,032,2023,05,09,7,2,5,3,0,0,1,0,0,0,1,376201.441999999806285,5715617.009999999776483,7.213369276000037,51.578006460000040,0,05230527701120356310
05,5,70,040,2023,05,22,3,2,9,1,2,0,1,0,0,0,0,422289.602199999615550,5741859.233899999409914,7.872474887000067,51.822155351000049,0,05230516711200885563
05,5,58,036,2023,05,18,3,3,3,6,0,1,1,0,0,0,0,389178.103500000201166,5726866.193600000813603,7.397001435000050,51.681815112000038,0,05230516706300990328
05,5,66,040,2023,05,19,2,3,0,1,0,1,0,0,0,0,0,422020.638500000350177,5783181.767799999564886,7.859165682000025,52.193573464000053,1,05230522709800687357
05,5,58,044,2023,05,09,3,3,8,7,0,0,1,0,0,0,0,395940.230999999679625,5744083.244400000199676,7.489619915000048,51.837859367000078,0,05230516706300988028
05,5,58,012,2023,05,15,3,3,5,3,0,1,1,0,0,0,0,375241.922000000253320,5758401.795199999585748,7.184160358000042,51.962294528000029,0,05230516706000988021
05,5,58,016,2023,05,11,3,3,2,6,0,0,1,0,0,0,0,381563.553999999538064,5743828.468000000342727,7.281131424000023,51.832705860000033,0,05230516706000241942
05,5,54,004,2023,05,16,3,3,2,6,0,0,1,0,0,0,0,361591.624800000339746,5770455.055400000885129,6.980736580000041,52.067367153000077,0,05230516705000988020
05,5,54,044,2023,05,10,3,3,5,3,0,1,0,0,0,0,0,368884.890100000426173,5744872.717599999159575,7.096834473000058,51.839257685000064,0,05230516705000016031
05,5,13,000,2023,05,19,3,3,3,7,0,0,1,0,0,0,0,365334.889000000432134,5709068.107999999076128,7.059145452000053,51.516663604000030,0,05230516702340347654
05,5,15,000,2023,05,12,3,3,0,2,0,1,0,0,0,1,0,411575.115199999883771,5761258.654200000688434,7.712075608000021,51.994940682000049,0,05230516702100756377
05,5,15,000,2023,05,08,3,2,0,1,0,1,0,0,0,0,0,404189.202100000344217,5754206.789699999615550,7.606498818000034,51.930330861000073,1,05230516702100672392
05,5,15,000,2023,05,07,3,3,3,6,0,1,0,0,0,0,0,405162.960599999874830,5757255.047199999913573,7.619816166000021,51.957896693000066,0,05230516702100588887
05,5,62,008,2023,05,10,3,3,5,2,0,1,1,0,0,0,0,382578.840499999932945,5721017.050799999386072,7.303553676000035,51.627904653000030,0,05230516701910177488
05,5,62,004,2023,05,11,3,3,2,6,0,0,1,0,0,1,0,383411.015700000338256,5718558.705399999395013,7.316388895000046,51.605982932000074,0,05230516701800268380
05,5,13,000,2023,05,17,3,3,0,7,0,1,0,0,0,0,0,367251.400700000114739,5709004.290100000798702,7.086774437000031,51.516543709000075,0,05230516700000095180
05,5,13,000,2023,05,06,3,3,2,6,0,0,1,0,0,0,0,365395.152999999932945,5714318.226099999621511,7.058005681000054,51.563858161000041,0,05230516700000071570
05,5,54,004,2023,05,19,6,2,5,2,0,0,0,0,1,0,1,362327.967000000178814,5776912.541999999433756,6.988863444000060,52.125572941000030,0,05230519705000889750
05,5,15,000,2023,05,14,2,3,5,2,0,0,1,0,0,0,1,402889.579099999740720,5753978.157099999487400,7.587667393000061,51.928050607000046,0,05230522702100776107
05,5,15,000,2023,05,12,3,3,5,2,0,1,0,0,0,0,0,404745.683299999684095,5758436.579099999740720,7.613417648000052,51.968445426000073,0,05230523702100279230
05,5,70,008,2023,05,16,2,3,2,6,0,0,1,0,0,0,0,433253.181499999947846,5737195.989000000059605,8.032420374000026,51.781650201000048,0,05230515711300482313
05,5,70,008,2023,05,13,2,2,4,7,0,0,1,0,0,0,0,433871.346599999815226,5735470.915899999439716,8.041708651000022,51.766215113000044,0,05230515711300081008
05,5,70,016,2023,05,16,2,3,2,6,0,0,1,0,0,0,0,410893.285899999551475,5740166.833000000566244,7.707599897000023,51.805241256000045,0,05230515711200176720
05,5,70,004,2023,05,07,2,3,5,3,1,0,1,0,0,0,0,419659.476599999703467,5734111.557900000363588,7.836115971000027,51.752136200000052,0,05230515711200128707
05,5,70,016,2023,05,14,2,3,5,3,0,1,1,0,0,0,0,418264.213100000284612,5734028.070699999108911,7.815927190000025,51.751183839000078,0,05230515711200087304
05,5,70,044,2023,05,21,2,3,4,6,2,0,1,0,0,1,0,415568.893899999558926,5760273.142500000074506,7.770473566000021,51.986703614000078,0,05230515711100751184
05,5,66,004,2023,05,17,2,3,5,3,0,0,1,0,0,0,1,394838.845999999903142,5766958.414000000804663,7.466644687000041,52.043251463000047,0,05230515709110990394
05,5,66,008,2023,05,09,2,3,0,7,0,1,0,1,0,0,0,399918.308899999596179,5777851.626800000667572,7.537483159000033,52.142098770000075,0,05230515709110096566
05,5,58,004,2023,05,16,2,3,0,3,0,1,1,0,0,0,0,407714.715099999681115,5733609.788399999961257,7.663254243000040,51.745785328000068,0,05230515706300096611
05,5,54,020,2023,05,19,2,2,1,6,0,0,1,0,0,0,0,366632.238099999725819,5785702.596400000154972,7.048247101000072,52.205611186000056,0,05230515705000420730
05,5,15,000,2023,05,11,2,3,2,6,0,0,1,0,0,0,0,403246.163099999539554,5763950.255200000479817,7.590040713000064,52.017744718000074,0,05230515702350605081
05,5,15,000,2023,05,18,2,3,2,6,0,0,1,0,1,0,0,407043.603799999691546,5755558.327800000086427,7.647636157000022,51.942963260000056,0,05230515702100539883
05,5,15,000,2023,05,17,2,3,5,2,0,1,1,0,0,0,0,405373.525999999605119,5761218.922000000253320,7.621786638000060,51.993561436000050,0,05230515702100250182
05,5,62,028,2023,05,16,2,3,5,2,0,1,1,0,0,0,0,379180.192999999970198,5723445.770999999716878,7.253637358000049,51.649012862000063,0,05230515701920077767
05,5,62,008,2023,05,15,2,3,8,1,0,0,1,0,0,0,0,385750.604199999943376,5725107.365000000223517,7.348021122000034,51.665320415000053,0,05230515701910973491
05,5,62,008,2023,05,16,2,2,4,6,0,0,1,0,0,0,0,383307.380800000391901,5723333.489900000393391,7.313301984000020,51.648875487000055,0,05230515701910174177
05,5,62,024,2023,05,14,2,3,5,2,0,0,1,0,0,0,0,368519.343000000342727,5724362.429999999701977,7.099285502000043,51.654858599000079,0,05230515701500289515
05,5,62,014,2023,05,05,2,3,1,6,1,0,1,0,0,0,0,360350.605000000447035,5713776.757600000128150,6.985488737000026,51.557765944000039,0,05230515701300373594
05,5,62,032,2023,05,16,2,3,5,3,0,0,1,0,1,0,0,375502.083999999798834,5720061.273000000044703,7.201704383000049,51.617793676000076,1,05230515701110998935
05,5,58,008,2023,05,05,1,3,8,1,1,0,1,0,0,0,0,380570.256500000134110,5761603.459599999710917,7.260559929000067,51.992237513000077,0,05230521706000317146
05,5,62,032,2023,05,10,2,3,5,3,0,1,0,0,0,0,1,376176.263500000350177,5718883.872600000351667,7.211853316000031,51.607360893000077,0,05230515701110398950
05,5,62,032,2023,05,15,2,3,3,2,0,0,1,0,0,0,1,375233.638100000098348,5720295.102299999445677,7.197745646000044,51.619835682000030,0,05230515701110099314
05,5,70,008,2023,06,18,5,3,2,6,0,0,1,0,0,0,0,431440.311999999918044,5735710.856000000610948,8.006438008000032,51.768079738000040,0,05230615301911986601
05,5,70,004,2023,06,16,4,3,2,6,0,0,1,0,1,0,0,422603.924800000153482,5735541.930400000885129,7.878444322000064,51.765409270000077,0,05230614711200702817
05,5,66,008,2023,06,13,4,3,5,2,0,0,1,0,0,0,0,400980.122399999760091,5779425.304500000551343,7.552535622000050,52.156434117000060,0,05230614709110970631
05,5,66,008,2023,06,13,4,3,5,3,0,1,0,0,0,0,1,399319.136300000362098,5779256.986600000411272,7.528313967000031,52.154620932000057,0,05230614709110887268
05,5,54,064,2023,06,16,4,3,4,1,0,0,1,0,0,0,0,356696.442400000058115,5747469.855200000107288,6.918960502000061,51.859599171000070,0,05230614705000986564
05,5,54,008,2023,06,17,4,3,2,6,0,1,1,0,1,0,0,331807.325699999928474,5745358.497300000861287,6.558878228000026,51.833687574000066,0,05230614705000977594
05,5,54,032,2023,06,19,4,1,8,1,0,0,0,0,1,0,0,324556.809000000357628,5744218.558000000193715,6.454332845000067,51.821218239000075,0,05230614705000977588
05,5,54,064,2023,06,19,4,3,9,7,0,0,1,0,0,0,0,360466.595200000330806,5752448.538399999961257,6.971659595000062,51.905290575000038,0,05230614705000691841
05,5,54,008,2023,06,17,4,3,3,6,0,1,1,0,0,0,0,334768.578399999998510,5745797.277599999681115,6.601606855000057,51.838513057000057,0,05230614705000580994
05,5,54,004,2023,06,19,4,3,0,1,0,1,0,0,0,0,0,361780.601800000295043,5771473.007899999618530,6.983079488000044,52.076560922000056,0,05230614705000355358
05,5,15,000,2023,06,16,4,3,4,5,0,0,1,0,0,0,1,403973.246000000275671,5749153.528999999165535,7.604767272000061,51.884872768000037,0,05230614702100977227
05,5,15,000,2023,06,19,4,3,1,5,0,0,1,0,0,0,1,406880.202999999746680,5759600.540999999269843,7.644163763000051,51.979269370000054,0,05230614702100679140
05,5,15,000,2023,06,22,4,3,5,3,1,1,1,0,0,0,0,407023.448099999688566,5757971.167400000616908,7.646690144000047,51.964647750000040,0,05230614702100672447
05,5,15,000,2023,06,14,4,3,5,3,0,1,1,0,0,0,0,403919.282100000418723,5754786.712899999693036,7.602412323000067,51.935496906000026,0,05230614702100091750
05,5,15,000,2023,06,07,4,3,3,6,0,1,0,0,0,0,0,405945.050699999555945,5756806.599400000646710,7.631317331000048,51.953998678000062,0,05230614702100076684
05,5,62,014,2023,06,18,4,3,5,2,0,1,1,0,0,0,0,362900.039300000295043,5712098.532299999147654,7.022895873000039,51.543310323000071,0,05230614701300598943
05,5,62,014,2023,06,18,4,3,5,2,0,1,1,0,0,0,0,360643.416600000113249,5716437.807299999520183,6.988654519000022,51.581750757000066,0,05230614701300194940
05,5,13,000,2023,06,15,4,3,3,2,0,1,1,0,0,0,0,366921.859000000171363,5706381.778699999675155,7.083017325000071,51.492898502000060,0,05230614700000080913
05,5,70,028,2023,06,11,3,3,5,3,0,1,1,0,0,0,0,441592.725999999791384,5742567.194800000637770,8.152392113000076,51.830871488000071,0,05230613711400977647
05,5,70,008,2023,06,08,3,3,5,3,0,1,1,0,0,0,0,434240.346499999985099,5739810.444499999284744,8.046232705000023,51.805271121000033,0,05230613711300185568
05,5,70,016,2023,06,17,3,3,2,6,0,0,1,0,1,0,0,416403.617800000123680,5734877.858699999749660,7.788775564000048,51.758548282000049,0,05230613711200096543
05,5,70,032,2023,06,16,3,3,8,1,0,0,1,0,0,0,0,422119.609699999913573,5767994.227700000628829,7.864090188000034,52.057066772000042,0,05230613711100487310
05,5,70,052,2023,06,12,3,3,5,3,0,1,1,0,0,0,0,430857.272199999541044,5757512.226199999451637,7.993625315000031,51.963997599000038,0,05230613711100374650
05,5,70,044,2023,06,08,3,3,0,7,0,0,1,0,0,0,0,413949.999200000427663,5764690.147099999710917,7.745794964000027,52.026158733000045,0,05230613711100081000
05,5,66,056,2023,06,12,3,3,0,3,0,1,1,0,0,0,0,417814.046000000089407,5796409.595000000670552,7.794418300000075,52.311861939000039,0,05230613709700986527
05,5,66,048,2023,06,01,3,3,0,1,2,1,0,0,0,0,0,427717.979500000365078,5796393.149399999529123,7.939673309000057,52.313107350000053,0,05230613709700977662
05,5,66,092,2023,06,10,3,3,5,3,0,1,1,0,0,0,0,423174.125000000000000,5796631.085999999195337,7.872977387000049,52.314629064000030,0,05230613709700072367
05,5,66,016,2023,06,11,3,3,8,1,0,0,0,0,0,0,1,398175.844499999657273,5799588.988099999725819,7.505479779000041,52.337145812000074,0,05230613709500977640
05,5,54,020,2023,06,17,3,3,4,2,0,1,1,0,0,0,0,364567.733799999579787,5786238.672299999743700,7.017839404000028,52.209924564000062,0,05230613705000920730
05,5,15,000,2023,06,18,3,3,2,7,0,0,1,0,0,1,0,401805.905600000172853,5749949.592900000512600,7.573060438000027,51.891650539000068,0,05230613702330480978
05,5,15,000,2023,06,08,3,2,6,4,0,1,0,1,0,0,0,406537.131599999964237,5756697.252199999988079,7.639960371000029,51.953115632000049,0,05230613702100670611
05,5,15,000,2023,06,15,3,3,2,1,0,0,1,0,0,0,0,401051.002700000070035,5765719.371700000017881,7.557550697000067,52.033258541000066,0,05230613702100076770
05,5,62,028,2023,06,14,3,3,0,4,0,0,1,1,0,0,0,378232.676300000399351,5723439.642200000584126,7.239950759000067,51.648753371000055,0,05230613701920494975
05,5,62,008,2023,06,14,3,3,2,2,0,0,1,0,0,0,1,380906.521900000050664,5720149.748299999162555,7.279699329000039,51.619758310000066,0,05230613701910799292
05,5,62,032,2023,06,10,3,2,0,7,0,0,1,0,0,0,0,374961.593999999575317,5719089.722999999299645,7.194248113000071,51.608942469000056,0,05230613701110485430
05,5,70,028,2023,06,11,3,2,2,6,0,0,1,0,0,1,0,441135.683100000023842,5740535.396600000560284,8.146105703000046,51.812557170000048,0,05230613400410977603
05,5,66,044,2023,06,06,2,3,4,6,0,1,0,0,0,0,0,430645.983400000259280,5777874.029999999329448,7.986416248000069,52.147013123000079,0,05230612709800986493
05,5,66,092,2023,06,22,2,3,5,3,2,1,1,0,0,0,0,421319.805900000035763,5793084.844000000506639,7.846609267000076,52.282490414000051,0,05230612709700977665
05,5,66,068,2023,06,10,2,2,5,2,0,1,1,0,0,0,0,378530.232200000435114,5784909.247800000011921,7.222556037000061,52.201232570000059,0,05230612709300040736
05,5,58,004,2023,06,05,2,3,2,6,0,0,1,0,0,0,0,406428.460500000044703,5739442.517899999395013,7.643056889000036,51.798001158000034,0,05230612706300165772
05,5,58,016,2023,06,08,2,3,3,2,0,1,1,0,0,0,0,381632.790000000037253,5743952.282999999821186,7.282093407000048,51.833833283000047,0,05230612706000274647
05,5,54,028,2023,06,13,2,3,3,1,0,0,1,0,0,1,0,360627.842899999581277,5747014.735700000077486,6.976196457000071,51.856505383000069,0,05230612705000580991
05,5,54,020,2023,06,16,2,3,0,1,0,0,0,0,0,0,1,367482.902999999932945,5785377.381999999284744,7.060815549000040,52.202894151000066,0,05230612705000365795
05,5,54,012,2023,06,14,2,3,0,7,0,1,1,0,0,0,0,352220.198699999600649,5746438.104199999943376,6.854446539000037,51.849161645000038,0,05230612705000108065
05,5,15,000,2023,06,08,2,3,0,1,0,0,0,0,0,0,1,405575.661600000225008,5757007.460699999704957,7.625888469000074,51.955741512000031,0,05230612702100996667
05,5,15,000,2023,06,15,2,3,2,2,0,0,1,0,1,0,0,398737.037600000388920,5755820.913699999451637,7.526753239000072,51.943873542000063,0,05230612702100555910
05,5,15,000,2023,06,15,2,2,5,3,0,0,1,0,0,0,0,401387.252000000327826,5759156.903999999165535,7.564339562000043,51.974334163000037,0,05230612702100074710
05,5,62,014,2023,06,12,2,3,5,3,0,0,1,0,0,0,0,361546.330699999816716,5714477.646700000390410,7.002450307000061,51.564359003000050,0,05230612701300598943
05,5,62,020,2023,06,14,2,3,6,7,0,0,0,1,0,0,1,370882.194099999964237,5718232.888499999418855,7.135683689000075,51.600321577000045,0,05230612701200970138
05,5,13,000,2023,06,11,2,2,5,2,0,0,1,0,1,0,0,364558.247000000439584,5715517.811000000685453,7.045476488000077,51.574437724000063,0,05230612700000195034
05,5,13,000,2023,06,13,2,2,5,3,0,1,0,0,0,0,1,365866.719100000336766,5715541.989900000393391,7.064337809000051,51.574967852000043,0,05230612700000075311
05,5,70,024,2023,06,14,1,3,9,1,0,0,1,0,0,0,0,416273.132299999706447,5753778.195499999448657,7.782309452000050,51.928427208000073,0,05230611711100448068
05,5,58,024,2023,06,17,1,3,8,6,0,0,1,0,1,0,0,392141.190999999642372,5731724.169500000774860,7.438341141000024,51.726055890000055,0,05230611706300986482
05,5,54,068,2023,06,01,1,2,9,1,2,0,1,0,0,0,0,355000.368300000205636,5775687.263900000602007,6.882419780000021,52.112690783000062,0,05230611705000977717
05,5,54,016,2023,06,17,1,3,8,1,0,0,1,0,0,0,0,365684.826700000092387,5757108.562599999830127,7.045647794000047,51.948447281000028,0,05230611702340587451
05,5,54,008,2023,06,11,2,3,4,6,0,1,0,0,0,0,0,336274.955000000074506,5747859.544999999925494,6.622475591000068,51.857482953000044,0,05230612705000480893
05,5,70,004,2023,06,16,7,3,0,1,0,0,0,0,1,0,0,424412.656600000336766,5738752.462999999523163,7.903950474000055,51.794517955000060,0,05230610711200391692
05,5,70,052,2023,06,14,7,3,9,1,0,0,1,0,0,0,0,432566.071399999782443,5757469.075699999928474,8.018501423000032,51.963819600000079,0,05230610711100448068
05,5,66,032,2023,06,23,7,3,0,6,2,1,0,1,0,0,0,413537.477099999785423,5777400.581000000238419,7.736561422000023,52.140344206000066,0,05230610709800496631
05,5,66,016,2023,06,21,7,2,3,1,1,1,0,0,0,0,0,406660.788599999621511,5794022.919700000435114,7.631520871000021,52.288627917000042,0,05230610709500986470
05,5,54,020,2023,06,20,7,3,5,3,0,1,1,0,0,0,0,361589.020499999634922,5784400.509700000286102,6.975023834000069,52.192668569000034,0,05230610705000986465
05,5,54,044,2023,06,16,7,3,5,2,0,0,1,0,1,0,0,365722.723199999891222,5739058.186300000175834,7.053216648000046,51.786256670000057,0,05230610705000120734
05,5,66,048,2023,06,16,7,3,9,1,0,0,1,0,0,0,0,426887.196000000461936,5791340.906999999657273,7.928584922000027,52.267583045000038,0,05230610702350042563
05,5,62,016,2023,06,16,2,2,5,2,0,1,1,0,0,0,0,381997.473399999551475,5731938.766400000080466,7.291467616000034,51.725941539000075,0,05230612701700675472
05,5,13,000,2023,06,14,7,3,3,6,0,0,1,0,0,0,0,368988.009700000286102,5714927.848500000312924,7.109583117000057,51.570182773000056,0,05230610702340054151
05,5,15,000,2023,06,19,7,3,2,6,0,0,1,0,1,0,0,405961.273400000296533,5752437.686699999496341,7.632747627000072,51.914731473000074,0,05230610702100072394
05,5,62,012,2023,06,16,7,2,8,6,0,0,1,0,1,0,0,365392.168700000271201,5730706.968100000172853,7.051659700000073,51.711132085000031,0,05230610701620499265
05,5,62,014,2023,06,17,7,3,1,5,0,0,1,0,0,0,0,362302.514700000174344,5712428.198699999600649,7.014155589000040,51.546127322000075,0,05230610701300594970
05,5,62,032,2023,06,13,7,3,2,6,0,0,1,0,0,0,1,375781.511300000362098,5713963.060200000181794,7.207896867000045,51.563049671000044,0,05230610701120287636
05,5,62,032,2023,06,08,7,3,5,3,0,1,1,0,0,0,0,376234.043800000101328,5715870.630499999970198,7.213750148000031,51.580292966000059,0,05230610701120095010
05,5,13,000,2023,06,17,7,3,2,6,0,0,1,0,0,0,1,367735.063000000081956,5715233.322000000625849,7.091399668000065,51.572635424000055,0,05230610700000172394
05,5,12,000,2023,06,23,7,3,3,3,2,0,1,0,0,0,0,356852.872899999842048,5708036.778500000014901,6.937400216000071,51.505310657000052,0,05230610500630095537
05,5,62,036,2023,06,14,3,3,1,5,0,1,1,0,0,0,0,390013.305300000123680,5720328.740800000727177,7.411133538000058,51.623220506000052,0,05230613701930074177
05,5,70,036,2023,06,14,6,3,5,3,0,1,1,0,0,0,0,434873.190100000239909,5759503.753200000151992,8.051690316000077,51.982385953000062,0,05230609711100481966
05,5,66,032,2023,06,14,6,3,0,1,0,1,0,0,0,0,0,413591.226800000295043,5776918.348099999129772,7.737469213000054,52.136018036000053,0,05230609709800680102
05,5,66,052,2023,06,03,6,2,8,7,2,0,1,0,0,0,0,377683.174599999561906,5781453.396299999207258,7.211414565000041,52.169989999000052,0,05230609709300212305
05,5,66,008,2023,06,16,6,3,5,3,0,1,1,0,0,0,0,399649.406999999657273,5781954.711999999359250,7.532342253000024,52.178927542000054,0,05230609709110977755
05,5,54,036,2023,06,13,6,2,5,3,0,0,1,0,1,0,0,370529.438000000081956,5766901.116000000387430,7.112399329000027,52.037592770000060,0,05230609705000087234
05,5,54,036,2023,06,19,6,3,8,7,0,0,1,0,0,0,0,366950.923399999737740,5765713.060100000351667,7.060720769000056,52.026070116000028,0,05230609702340605187
05,5,54,036,2023,06,22,6,2,2,6,2,0,1,0,0,0,1,367438.898599999956787,5769646.768500000238419,7.066303540000035,52.061534339000048,0,05230609702340470607
05,5,15,000,2023,06,15,6,2,2,6,0,0,1,0,0,0,0,404102.916699999943376,5765389.968699999153614,7.602118398000073,52.030833948000065,0,05230609702330805081
05,5,15,000,2023,06,07,6,3,3,2,0,1,1,0,0,0,0,403014.276499999687076,5758684.729599999263883,7.588152284000046,51.970376465000072,0,05230609702100856377