ULAND,UREGBEZ,UKREIS,UGEMEINDE,UJAHR,UMONAT,USTUNDE,UWOCHENTAG,UKATEGORIE,UART,UTYP1,ULICHTVERH,IstRad,IstPKW,IstFuss,IstKrad,IstGkfz,IstSonstige,LINREFX,LINREFY,XGCSWGS84,YGCSWGS84,STRZUSTAND,UIDENTSTLAE
05,5,15,000,2023,06,14,6,3,0,7,0,1,0,0,0,0,0,408309.161100000143051,5754034.910900000482798,7.666448616000025,51.929479863000040,0,05230609702100238624
05,5,62,036,2023,06,20,6,3,2,7,1,0,1,0,0,0,0,388743.847699999809265,5719986.678200000897050,7.392911331000050,51.619896505000042,0,05230609701930394965
05,5,62,004,2023,06,12,6,3,2,6,0,0,1,0,0,0,0,383379.038700000382960,5718952.628200000151992,7.315796310000053,51.609516760000076,0,05230609701800275247
05,5,62,024,2023,06,12,6,3,5,2,0,1,1,0,0,0,0,372380.316999999806285,5725514.247099999338388,7.154648427000041,51.666099587000076,0,05230609701500895065
05,5,12,000,2023,06,22,6,3,2,6,2,0,0,0,0,0,1,356670.102900000289083,5711867.208900000900030,6.933210350000024,51.539683978000028,0,05230609701400690526
05,5,62,014,2023,06,12,6,3,6,4,0,0,1,1,0,0,0,362411.982599999755621,5712299.736300000920892,7.015783524000028,51.544999625000059,0,05230609701300485474
05,5,13,000,2023,06,19,6,3,2,6,0,0,1,0,0,0,0,365718.524400000460446,5715575.496799999848008,7.062187735000066,51.575233681000043,0,05230609700000469608
05,5,15,000,2023,06,11,1,3,9,1,0,0,0,0,0,0,1,405883.618400000035763,5755887.895999999716878,7.630675220000057,51.945730552000043,0,05230611702100276120
05,5,66,028,2023,06,16,5,3,5,3,0,0,1,0,0,0,0,412609.397599999792874,5792610.384099999442697,7.719077289000040,52.276909914000043,0,05230608709700977800
05,5,66,060,2023,06,13,5,3,5,2,0,0,1,0,0,0,0,388221.733000000007451,5792113.944000000134110,7.361922160000063,52.268031065000059,0,05230608709500986406
05,5,66,060,2023,06,16,5,3,8,1,0,0,1,0,0,0,0,390375.593000000342727,5784331.222999999299645,7.395996438000054,52.198520796000082,0,05230608709500696953
05,5,58,016,2023,06,12,5,3,0,7,0,1,0,0,0,0,0,380438.160000000149012,5742534.364000000059605,7.265253572000063,51.820835862000081,0,05230608706100839835
05,5,58,016,2023,06,15,5,3,5,2,0,0,1,0,1,0,0,384132.107499999925494,5744193.622600000351667,7.318269051000073,51.836526357000082,0,05230608706000272374
05,5,58,008,2023,06,16,5,3,2,6,0,0,0,0,1,0,0,379612.151800000108778,5757292.465700000524521,7.248124562000044,51.953288662000034,0,05230608706000168252
05,5,54,004,2023,06,12,5,3,4,1,0,1,0,0,0,0,0,357545.359000000171363,5781738.864600000903010,6.917024136000066,52.167724650000082,0,05230608705000977780
05,5,54,052,2023,06,16,5,1,5,3,0,1,1,0,0,0,0,378439.036799999885261,5768046.965199999511242,7.227247278000050,52.049680506000072,0,05230608705000589360
05,5,54,036,2023,06,18,5,3,2,6,0,0,1,0,0,1,0,368522.165099999867380,5772167.885399999096990,7.081124453000029,52.084446728000046,0,05230608702340549702
05,5,62,016,2023,06,01,5,3,3,6,2,0,1,0,0,0,0,375752.533699999563396,5741503.900100000202656,7.197674115000041,51.810553138000046,0,05230608702330474765
05,5,62,004,2023,06,20,5,3,2,6,0,0,1,0,0,0,0,383399.416299999691546,5718505.477299999445677,7.316239171000063,51.605502133000073,0,05230608701800867135
05,5,62,016,2023,06,04,5,3,0,7,1,0,1,0,0,0,0,368092.086099999956787,5732145.939699999988079,7.090170354000065,51.724704575000032,0,05230608701700977810
05,5,62,020,2023,06,13,5,3,5,2,0,1,1,0,0,0,0,373220.467600000090897,5715204.428200000897050,7.170520827000075,51.573635992000050,0,05230608701200181595
05,5,62,032,2023,06,16,5,3,5,3,0,0,1,0,1,0,0,376164.968600000254810,5715348.344699999317527,7.212937902000021,51.575583891000065,0,05230608701120371517
05,5,13,000,2023,06,15,5,2,3,2,0,0,1,0,1,0,0,368699.332499999552965,5707993.373400000855327,7.108006801000045,51.507797198000048,0,05230608700000998875
05,5,70,008,2023,06,15,4,3,9,1,0,0,1,0,0,0,0,437789.662999999709427,5739619.581000000238419,8.097738587000038,51.803961452000067,0,05230607711300753662
05,5,70,044,2023,06,07,4,3,0,1,0,0,0,0,1,0,0,416828.437800000421703,5758774.221899999305606,7.789174557000024,51.973419872000079,1,05230607711100481092
05,5,70,044,2023,06,01,4,2,0,1,2,1,0,0,0,0,0,416883.020999999716878,5760683.694000000134110,7.789506354000025,51.990592242000048,0,05230607711100087310
05,5,70,044,2023,06,17,4,3,5,3,0,1,1,0,0,0,0,416750.516999999992549,5759828.813999999314547,7.787784582000029,51.982887910000045,0,05230607711100087261
05,5,66,028,2023,06,08,4,3,5,3,0,0,1,0,0,0,0,411232.508999999612570,5792460.823000000789762,7.698940593000032,52.275345020000032,0,05230607709700076771
05,5,66,076,2023,06,16,4,3,4,1,0,0,1,0,0,0,0,396342.104000000283122,5790520.631999999284744,7.481366067000067,52.255301987000053,0,05230607709500986380
05,5,66,084,2023,06,15,4,3,5,3,0,1,1,0,0,0,0,389918.484000000171363,5775440.831000000238419,7.392193178000070,52.118530282000052,0,05230607709300977832
05,5,66,012,2023,06,17,4,3,5,2,0,1,1,0,0,0,0,403995.792999999597669,5772307.733999999240041,7.598612409000054,52.092993503000059,0,05230607709110986380
05,5,66,008,2023,06,09,4,3,5,2,0,0,1,0,0,0,0,399225.848000000230968,5780803.726999999955297,7.526491692000036,52.168505607000043,0,05230607709110706885
05,5,58,016,2023,06,23,4,3,9,1,2,1,0,0,0,0,0,382775.917100000195205,5743575.655999999493361,7.298803672000076,51.830689527000061,0,05230607706000778384
05,5,54,040,2023,06,11,4,3,3,6,0,0,1,0,0,1,1,353374.351300000213087,5734496.163599999621511,6.876239375000068,51.742166731000054,0,05230607705000986373
05,5,54,024,2023,06,07,4,3,5,3,0,1,1,0,0,0,0,369969.161799999885261,5777864.268500000238419,7.100055079000072,52.135975339000026,0,05230607705000986363
05,5,54,056,2023,06,15,4,3,8,1,0,0,1,0,0,0,0,359376.700899999588728,5760976.190099999308586,6.952339651000045,51.981640134000031,0,05230607705000977820
05,5,54,036,2023,06,14,4,2,9,1,0,0,1,0,0,0,0,368530.679800000041723,5767819.467499999329448,7.082923042000061,52.045374661000039,0,05230607705000347428
05,5,15,000,2023,06,18,4,3,0,1,0,1,0,0,0,0,0,405768.055300000123680,5755715.510600000619888,7.629041631000064,51.944161508000036,0,05230607702100045124
05,5,62,036,2023,06,15,4,3,0,7,0,0,1,0,0,0,0,391591.665500000119209,5722200.563200000673532,7.433345659000054,51.640351022000061,0,05230607701930149551
05,5,62,008,2023,06,14,4,3,2,6,0,0,1,0,0,0,0,384167.936599999666214,5723490.667099999263883,7.325682829000073,51.650466092000045,0,05230607701910970183
05,5,62,024,2023,06,14,4,3,0,1,0,0,0,0,1,0,0,369677.664900000207126,5728086.774599999189377,7.114631162000023,51.688597507000054,0,05230607701500272330
05,5,62,024,2023,06,18,4,3,5,2,0,0,1,0,0,1,0,366901.445000000298023,5723285.416999999433756,7.076320771000042,51.644799360000036,0,05230607701500098960
05,5,13,000,2023,06,05,4,2,2,6,1,0,1,0,0,0,0,365045.545500000007451,5717834.973799999803305,7.051613439000050,51.595377530000064,0,05230607700000082310
05,5,62,024,2023,06,07,4,3,5,2,0,1,1,0,0,0,0,369318.250000000000000,5724908.507999999448657,7.110623773000043,51.659952273000044,0,05230614701500155785
05,5,62,020,2023,06,14,1,3,5,2,0,0,1,0,1,0,0,373561.076999999582767,5713313.762000000104308,7.176113438000073,51.556720945000052,0,05230611701200381328
05,5,15,000,2023,06,12,7,3,0,6,0,0,1,0,0,0,0,404214.400700000114739,5759083.097300000488758,7.605506026000057,51.974165250000055,0,05230610702100072350
05,5,66,028,2023,06,16,4,2,0,1,0,1,0,0,0,0,0,412929.134399999864399,5793687.231899999082088,7.723484410000026,52.286639674000071,0,05230607709700070261
05,5,66,068,2023,06,02,4,2,7,7,2,1,0,0,0,0,0,382399.876000000163913,5782925.396999999880791,7.279840134000040,52.184243599000069,0,05230614709300977625
05,5,70,004,2023,06,13,3,3,0,6,0,0,0,0,0,0,1,424826.403500000014901,5735141.090199999511242,7.910730885000021,51.762108664000039,0,05230606711200702947
05,5,66,048,2023,06,07,3,3,5,3,0,1,1,0,0,0,0,426901.827999999746680,5793654.564999999478459,7.928297707000070,52.288382367000054,0,05230606709700986328
05,5,66,092,2023,06,16,3,2,0,1,0,1,0,0,0,0,0,423485.709499999880791,5798131.928899999707937,7.877205875000072,52.328163264000068,0,05230606709700977864
05,5,66,028,2023,06,17,3,3,0,2,0,0,1,0,1,0,0,410905.732200000435114,5795997.707800000905991,7.693217105000031,52.307082294000054,0,05230606709700069050
05,5,58,016,2023,06,07,3,3,5,3,0,0,1,0,0,0,0,391798.365000000223517,5743081.711999999359250,7.429839680000043,51.828070627000045,0,05230606706100776254
05,5,54,008,2023,06,11,3,3,5,3,0,1,1,0,0,0,0,336224.620500000193715,5743149.764399999752641,6.623974521000036,51.815158036000071,0,05230606705000977874
05,5,54,012,2023,06,18,3,2,8,1,0,0,0,0,1,0,0,353451.425499999895692,5745318.140000000596046,6.872783423000044,51.839423335000049,0,05230606705000977857
05,5,13,000,2023,06,19,3,3,9,1,0,0,1,0,0,0,0,368468.173399999737740,5714926.601500000804663,7.102087108000035,51.570050538000032,0,05230606702340079606
05,5,15,000,2023,06,15,3,3,0,7,0,0,1,0,0,0,1,406940.044300000183284,5756955.975099999457598,7.645751574000030,51.955508733000045,0,05230606702100570632
05,5,15,000,2023,06,07,3,3,0,1,0,1,0,0,0,0,0,405111.791199999861419,5756675.354599999263883,7.619231812000066,51.952677446000052,0,05230606702100545124
05,5,62,024,2023,06,13,3,3,6,6,0,1,0,1,0,0,0,370439.174599999561906,5725513.608100000768900,7.126596232000054,51.665649624000082,0,05230606701500772384
05,5,62,032,2023,06,09,3,3,5,2,0,1,1,0,0,0,0,373069.576500000432134,5718650.307800000533462,7.167098414000066,51.604570119000073,0,05230606701110099916
05,5,13,000,2023,06,17,3,3,5,3,0,0,1,0,0,0,1,363319.871700000017881,5712091.663399999961257,7.028949039000054,51.543350427000064,0,05230606700000381384
05,5,13,000,2023,06,11,3,2,5,3,0,1,1,0,0,0,0,366388.656499999575317,5709591.467199999839067,7.074125133000052,51.521617050000032,0,05230606700000098875
05,5,58,024,2023,06,17,4,3,2,6,0,0,1,0,0,0,0,394366.136300000362098,5734762.664000000804663,7.469620471000042,51.753789936000032,0,05230614706300977593
05,5,62,004,2023,06,08,3,3,2,5,0,0,1,0,0,0,0,384715.390200000256300,5713675.241900000721216,7.336819838000054,51.562359888000060,0,05230606301921980470
05,5,70,020,2023,06,14,2,3,2,7,0,0,1,0,1,0,0,434484.295300000347197,5744846.947000000625849,8.048817052000061,51.850577838000049,0,05230605711400879823
05,5,70,020,2023,06,16,2,3,4,2,0,0,1,0,0,0,0,432769.199199999682605,5745286.870400000363588,8.023834888000067,51.854328750000036,0,05230605711400081617
05,5,66,028,2023,06,15,2,3,5,2,0,1,1,0,0,0,0,412037.286999999545515,5792378.343000000342727,7.710754433000034,52.274733023000067,0,05230605709700096558
05,5,66,092,2023,06,16,2,2,5,7,0,0,0,0,0,1,0,424028.224999999627471,5790958.116599999368191,7.886783378000075,52.263754655000071,0,05230605709700091794
05,5,66,028,2023,06,17,2,2,5,2,0,1,0,0,1,0,0,411883.682199999690056,5790074.541999999433756,7.709105290000025,52.254001244000051,0,05230605709500076615
05,5,58,016,2023,06,12,2,3,0,3,0,0,0,0,1,0,0,378478.889299999922514,5747450.403899999335408,7.235113259000059,51.864593356000057,0,05230605706100876254
05,5,54,016,2023,06,09,2,3,5,3,0,1,1,0,0,0,0,363766.406000000424683,5757051.982000000774860,7.017774172000031,51.947472356000048,0,05230605705000977910
05,5,62,014,2023,06,07,2,3,1,6,0,0,1,0,0,1,0,361889.464900000020862,5715330.235600000247359,7.007062589000043,51.572104656000079,0,05230605702340991762
05,5,15,000,2023,06,12,2,3,3,6,0,1,1,0,0,0,0,405578.492100000381470,5756999.145700000226498,7.625931932000071,51.955667254000048,0,05230605702100291833
05,5,15,000,2023,06,17,2,3,1,6,0,0,1,0,0,0,0,405448.877999999560416,5755094.152000000700355,7.624570290000065,51.938522299000056,0,05230605702100002673
05,5,62,004,2023,06,13,2,3,0,1,0,1,0,0,0,0,0,383087.614099999889731,5717647.166999999433756,7.312024838000070,51.597723277000057,0,05230605701800786113
05,5,12,000,2023,06,17,2,3,2,2,0,0,1,0,0,0,0,355226.170900000259280,5715303.367699999362230,6.910989420000021,51.570191659000045,0,05230605701400973594
05,5,12,000,2023,06,10,2,3,5,2,0,1,1,0,0,0,0,354855.796299999579787,5708980.493400000035763,6.908256466000068,51.513281251000080,0,05230605701400681436
05,5,12,000,2023,06,08,2,3,0,1,0,1,0,0,0,0,0,355569.411600000225008,5718540.461100000888109,6.914606964000029,51.599367041000050,0,05230605701400165867
05,5,62,014,2023,06,15,2,3,3,6,0,0,1,0,1,0,0,360660.337399999611080,5715155.811499999836087,6.989407134000032,51.570234839000079,0,05230605701300699256
05,5,62,020,2023,06,16,2,3,5,3,0,1,1,0,0,0,1,370097.459499999880791,5719061.197799999266863,7.124052690000042,51.607584937000070,0,05230605701200581315
05,5,62,032,2023,06,07,2,3,2,6,0,0,1,0,0,0,0,373544.260700000450015,5720599.897199999541044,7.173245781000048,51.622197835000065,0,05230605701110898934
05,5,13,000,2023,06,16,2,3,4,6,0,0,0,0,0,1,0,370634.670199999585748,5715133.402100000530481,7.133254000000022,51.572410267000066,0,05230605700000891370
05,5,13,000,2023,06,11,2,2,8,1,0,1,0,0,0,0,0,366876.041699999943376,5710656.306399999186397,7.080743636000022,51.531301461000055,0,05230605700000195204
05,5,13,000,2023,06,21,2,3,3,6,1,0,1,0,0,0,0,366824.294599999673665,5709324.838099999353290,7.080501395000056,51.519323835000080,0,05230605700000069503
05,5,13,000,2023,06,09,2,2,6,4,0,0,1,1,0,0,0,366433.918999999761581,5711089.396999999880791,7.074209112000062,51.535089054000082,0,05230605700000057872
05,5,66,012,2023,06,14,5,3,0,1,0,1,0,0,0,0,0,405002.922199999913573,5770386.842199999839067,7.613844046000054,52.075901965000071,0,05230608709110977798
05,5,66,088,2023,06,16,2,2,5,3,0,0,1,0,1,0,0,415018.408400000073016,5788895.331100000068545,7.755313432000037,52.243895089000034,0,05230605709800100967
05,5,70,004,2023,06,03,1,3,8,1,0,0,1,0,0,0,0,427477.691899999976158,5730734.668700000271201,7.950059784000075,51.722845304000032,0,05230604711200091707
05,5,58,032,2023,06,10,1,2,2,2,0,0,0,0,1,0,0,385378.358599999919534,5756002.525599999353290,7.332424748000051,51.942913976000057,0,05230604706100957450
05,5,58,036,2023,06,20,1,3,2,2,0,0,1,0,0,0,0,389835.633999999612570,5731215.096000000834465,7.405134434000047,51.721032133000051,0,05230604706000576730
05,5,54,004,2023,06,06,1,3,9,1,1,0,1,0,0,0,0,364428.207200000062585,5766923.400100000202656,7.023494285000027,52.036334914000065,0,05230604705000977957
05,5,54,016,2023,06,15,1,3,2,6,0,0,1,0,0,0,0,364663.478000000119209,5756202.013000000268221,7.031152937000059,51.940053727000077,0,05230604705000020870
05,5,66,076,2023,06,16,1,2,9,1,0,0,1,0,0,0,0,400670.251600000075996,5794337.886099999770522,7.543628488000024,52.290408529000047,0,05230604702350942440
05,5,62,024,2023,06,12,1,3,5,2,0,1,1,0,0,0,0,365036.461000000126660,5721180.130999999120831,7.050194473000033,51.625436106000052,0,05230604701500570520
05,5,13,000,2023,06,19,1,3,6,7,0,0,0,1,0,0,1,367691.582000000402331,5708946.153000000864267,7.093136543000071,51.516124515000058,0,05230604700000095201
05,5,54,040,2023,06,17,3,3,2,6,0,0,1,0,0,0,0,351770.458499999716878,5736851.974799999967217,6.852021380000053,51.762911801000030,0,05230613705000977631
05,5,62,024,2023,06,17,4,3,2,6,0,0,1,0,0,0,0,370547.690499999560416,5725491.253499999642372,7.128172713000026,51.665473740000039,0,05230614701500365425
05,5,70,008,2023,06,20,1,2,2,6,0,0,1,0,0,0,0,437503.642699999734759,5739008.165100000798702,8.093701105000036,51.798432840000032,0,05230604301911294367
05,5,70,016,2023,06,04,7,3,6,6,1,0,1,1,0,0,0,416715.884200000204146,5732784.482200000435114,7.793800292000071,51.739776717000041,0,05230603711200690740
05,5,70,004,2023,06,08,7,3,5,3,0,1,0,0,0,0,1,423925.408300000242889,5734256.431399999186397,7.897871659000032,51.754034191000073,0,05230603711200296601
05,5,66,040,2023,06,02,7,2,2,6,2,0,1,0,0,1,1,418909.356999999843538,5784168.452999999746680,7.813421967000068,52.201993709000078,0,05230603709800986245
05,5,66,076,2023,06,11,7,3,5,3,0,1,1,0,0,0,0,397500.563799999654293,5790366.319499999284744,7.498378505000062,52.254132154000047,0,05230603709500396953
05,5,58,016,2023,06,14,7,3,1,6,0,0,1,0,0,0,1,382456.519999999552965,5742419.950999999418855,7.294563071000027,51.820235813000068,0,05230603706300995025
05,5,54,008,2023,06,22,7,2,0,1,1,1,0,0,0,0,0,335936.341900000348687,5747343.135999999940395,6.617808141000069,51.852744410000071,0,05230603705000977965
05,5,62,004,2023,06,10,7,3,5,3,0,0,1,0,0,0,0,382432.696399999782443,5717777.127599999308586,7.302530068000067,51.598754998000061,0,05230603701800781347
05,5,62,014,2023,06,13,7,2,5,2,0,0,1,0,0,0,0,360016.036999999545515,5715768.838999999687076,6.979872184000044,51.575583927000082,0,05230603701300789645
05,5,62,014,2023,06,19,7,2,5,3,0,1,1,0,0,0,0,361929.968999999575317,5712918.855000000447035,7.008593741000027,51.550445440000033,0,05230603701300298943
05,5,62,004,2023,06,17,5,3,6,2,0,0,1,1,0,0,0,383314.945100000128150,5711369.856300000101328,7.317390124000042,51.541351613000074,0,05230608701800053341
05,5,66,020,2023,06,17,3,3,5,3,0,1,1,0,0,0,0,404983.373999999836087,5803843.783999999985099,7.604159192000054,52.376608238000074,0,05230606709700977860
05,5,13,000,2023,06,10,7,3,5,2,0,0,1,0,1,0,0,364249.840099999681115,5712710.154500000178814,7.042112948000067,51.549132890000067,0,05230603700000589437
05,5,13,000,2023,06,14,7,3,6,7,0,1,0,1,0,0,0,364589.741499999538064,5714248.981000000610948,7.046419632000038,51.563043090000065,0,05230603700000491370
05,5,13,000,2023,06,22,7,3,3,6,2,0,1,0,0,0,0,367007.144399999640882,5709275.849300000816584,7.083153760000073,51.518926670000042,0,05230603700000263447
05,5,66,028,2023,06,19,3,3,9,1,0,1,0,0,0,0,0,412498.006000000052154,5792225.404400000348687,7.717544907000047,52.273431889000051,0,05230613709700168340
05,5,54,004,2023,06,10,4,3,7,7,0,1,0,0,0,0,1,362905.815399999730289,5772428.191099999472499,6.999104023000029,52.085423299000070,0,05230614705000986550
05,5,62,004,2023,06,12,7,3,5,3,0,1,1,0,0,0,0,385207.743099999614060,5717329.382899999618530,7.342725222000070,51.595303167000054,0,05230610701800981347
05,5,54,032,2023,06,23,7,2,8,1,2,0,0,0,1,0,0,322405.271099999547005,5744289.995899999514222,6.423111431000052,51.821180351000066,0,05230603500630985488
05,5,70,004,2023,06,01,6,3,0,7,2,0,1,0,0,0,0,427856.569000000134110,5733558.412000000476837,7.954958576000024,51.748279261000050,0,05230602711200226207
05,5,70,012,2023,06,17,6,3,5,2,0,0,1,0,0,0,0,439369.769999999552965,5753619.365000000223517,8.118194659000039,51.929994495000074,0,05230602711100274650
05,5,70,052,2023,06,07,6,3,3,6,0,1,0,0,0,0,0,430349.679999999701977,5755577.331000000238419,7.986630781000031,51.946540263000031,0,05230602711100091798
05,5,62,032,2023,06,14,3,3,5,3,0,1,1,0,0,0,0,376783.912399999797344,5714769.920700000599027,7.222068111000056,51.570521060000033,0,05230606701120885430
05,5,70,052,2023,06,15,6,3,8,1,0,0,1,0,0,0,0,426538.954400000162423,5761077.841399999335408,7.930020098000057,51.995496550000041,0,05230602711100081021
05,5,66,028,2023,06,14,6,3,8,1,0,1,0,0,0,0,0,411977.700000000186265,5791972.846999999135733,7.709987148000039,52.271078783000064,0,05230602709700978030
05,5,58,036,2023,06,19,6,2,5,3,0,0,1,0,1,0,0,386681.925699999555945,5727003.937500000000000,7.360866162000036,51.682554978000042,0,05230602706300394956
05,5,58,012,2023,06,01,6,3,9,1,2,0,1,0,0,0,0,378488.514299999922514,5755661.139499999582767,7.232358420000025,51.938383972000054,0,05230602706200978046
05,5,58,032,2023,06,17,6,2,5,2,0,0,1,0,1,0,0,388676.703999999910593,5757560.297000000253320,7.379885201000036,51.957584102000055,0,05230602706000896540
05,5,58,012,2023,06,13,6,3,5,3,0,1,1,0,0,0,0,374128.885099999606609,5755350.355699999257922,7.169086498000070,51.934622084000068,0,05230602706000385478
05,5,58,040,2023,06,12,6,3,5,2,0,1,1,0,0,0,0,375463.268099999986589,5764332.059699999168515,7.185226705000048,52.015636276000066,0,05230602706000364170
05,5,54,028,2023,06,13,6,3,4,2,0,0,1,0,0,0,0,357090.552000000141561,5743058.893999999389052,6.926501890000054,51.820066397000062,0,05230602705000478100
05,5,15,000,2023,06,18,6,3,2,6,0,0,1,0,0,0,0,405404.050599999725819,5755409.925400000065565,7.623831531000064,51.941352995000045,0,05230602702100774638
05,5,62,004,2023,06,15,6,3,0,1,0,0,0,0,0,0,1,382853.747999999672174,5713327.067199999466538,7.310090920000050,51.558846973000072,0,05230602701800285656
05,5,62,016,2023,06,14,6,3,0,1,0,0,0,0,1,0,0,375259.211600000038743,5734984.323599999770522,7.192864871000040,51.751853061000077,0,05230602701700581161
05,5,12,000,2023,06,17,6,3,1,2,0,0,1,0,0,0,0,355329.897900000214577,5709668.398299999535084,6.914801749000048,51.519584183000063,0,05230602701400781644
05,5,62,020,2023,06,12,6,3,2,2,0,0,1,0,0,0,0,371495.048000000417233,5719815.067199999466538,7.143947700000069,51.614680528000065,0,05230602701200499301
05,5,62,032,2023,06,12,6,3,2,6,0,0,1,0,0,0,0,376059.657200000248849,5716626.246799999848008,7.210967889000074,51.587045530000069,0,05230602701110785380
05,5,13,000,2023,06,12,6,3,0,2,0,1,1,0,0,0,0,367722.220999999903142,5707878.266000000759959,7.093978518000029,51.506534878000082,0,05230602700000080915
05,5,13,000,2023,06,10,6,3,2,6,0,0,1,0,0,0,0,370529.367999999783933,5715001.916999999433756,7.131783809000069,51.571204460000047,0,05230602700000073458
05,5,12,000,2023,06,13,1,2,5,3,0,0,1,0,0,0,0,360233.666899999603629,5711393.101600000634789,6.984749858000043,51.536317244000031,0,05230611701400994972
05,5,70,028,2023,06,22,6,2,2,6,2,0,1,0,0,0,0,438994.115600000135601,5739585.067900000140071,8.115211050000028,51.803783896000027,0,05230602301911494438
05,5,66,016,2023,06,15,6,3,5,3,0,1,1,0,0,0,0,407458.915000000037253,5789188.244000000879169,7.644544962000055,52.245308705000070,0,05230602709700978023
05,5,70,008,2023,06,19,5,3,8,1,0,0,1,0,0,0,0,430067.817300000227988,5736026.365700000897050,7.986487709000073,51.770746370000040,0,05230601711300984995
05,5,70,008,2023,06,11,5,3,5,2,0,0,1,0,0,0,0,431780.581199999898672,5740063.328400000929832,8.010512529000039,51.807249789000082,0,05230601711300476734
05,5,66,040,2023,06,14,5,3,4,2,0,0,1,0,0,0,0,424830.188000000081956,5779984.087999999523163,7.900969706000069,52.165219632000060,0,05230601709800796660
05,5,66,084,2023,06,15,5,3,5,3,0,1,1,0,0,0,0,386650.276999999769032,5780010.702999999746680,7.342956592000064,52.158939290000035,0,05230601709300986202
05,5,66,004,2023,06,17,5,3,5,3,0,0,1,0,0,0,0,394686.321000000461936,5765906.854199999943376,7.464745455000070,52.033771438000031,0,05230601709110986214
05,5,66,008,2023,06,17,5,3,2,1,0,0,1,0,1,0,0,401223.699500000104308,5783806.558199999853969,7.554819138000028,52.195855704000053,0,05230601709110596664
05,5,58,016,2023,06,07,5,3,4,2,0,0,1,0,0,0,1,389868.817999999970198,5749064.313999999314547,7.399944473000062,51.881463266000026,0,05230601706000996540
05,5,58,036,2023,06,14,5,3,4,6,0,1,0,0,0,0,0,390149.270200000144541,5731631.254200000315905,7.409541836000074,51.724834054000041,0,05230601706000978064
05,5,54,064,2023,06,16,5,3,5,3,0,0,1,0,0,0,0,354491.643000000156462,5755154.930999999865890,6.883723347000057,51.928079005000029,0,05230601705000986206
05,5,54,020,2023,06,13,5,3,9,1,0,0,1,0,0,0,0,361494.762600000016391,5783347.596400000154972,6.974075960000050,52.183184430000040,0,05230601705000986196
05,5,54,012,2023,06,13,5,3,5,3,0,0,1,0,0,0,0,349994.718999999575317,5745306.494000000879169,6.822651524000037,51.838400934000049,0,05230601705000986195
05,5,54,028,2023,06,12,5,3,5,2,0,0,1,0,0,0,0,356260.603000000119209,5743546.987999999895692,6.914266000000055,51.824239201000069,0,05230601705000381030
05,5,54,064,2023,06,16,5,3,5,2,0,0,1,0,0,0,0,356793.320299999788404,5747053.536800000816584,6.920538875000034,51.855883315000028,0,05230601705000287245
05,5,15,000,2023,06,07,5,3,2,1,0,0,0,0,0,1,1,400488.461099999956787,5754738.324300000444055,7.552538596000034,51.934459071000049,0,05230601702330380973
05,5,15,000,2023,06,18,5,3,6,7,0,0,0,1,0,0,1,405937.161899999715388,5752307.041400000452995,7.632432853000068,51.913553092000029,0,05230601702100970587
05,5,15,000,2023,06,08,5,3,2,6,0,0,1,0,0,0,1,405153.562800000421703,5756965.192199999466538,7.619759460000068,51.955289753000045,0,05230601702100366381
05,5,62,016,2023,06,21,5,2,8,1,1,0,0,0,1,0,0,380364.298700000159442,5732238.827099999412894,7.267729713000051,51.728292175000036,0,05230601701700398907
05,5,62,024,2023,06,14,5,3,0,7,0,0,0,0,0,0,1,370092.352599999867380,5725272.232799999415874,7.121673938000072,51.663400398000078,0,05230601701500853351
05,5,12,000,2023,06,17,5,3,5,2,0,0,1,0,1,0,0,356337.188699999824166,5710510.963300000876188,6.928966504000073,51.527412400000060,0,05230601701400714020
05,5,12,000,2023,06,10,5,3,0,7,0,1,1,0,0,0,0,355958.446600000374019,5711242.572499999776483,6.923211207000065,51.533889991000080,0,05230601701400594972
05,5,62,014,2023,06,11,5,3,5,2,0,1,1,0,0,0,0,361599.833599999547005,5712390.896400000900030,7.004042941000023,51.545620222000082,0,05230601701300389660
05,5,62,032,2023,06,00,5,2,0,7,0,0,1,0,0,0,0,376135.554499999620020,5716305.670900000259280,7.212175976000026,51.584181134000062,0,05230601701120698910
05,5,70,008,2023,06,07,4,3,5,2,0,1,1,0,0,0,0,434164.512699999846518,5734232.069700000807643,8.046191096000030,51.755112339000050,0,05230607711300402633
05,5,12,000,2023,06,12,5,2,9,1,0,0,1,0,0,0,0,359449.733199999667704,5707990.145700000226498,6.974811456000054,51.505543412000065,0,05230601500630963683
05,5,54,020,2023,06,20,4,2,8,5,0,0,1,0,0,0,1,362295.224499999545515,5786870.934299999848008,6.984344304000047,52.215042336000067,0,05230614705000520897
05,5,12,000,2023,06,19,3,3,5,3,0,1,1,0,0,0,0,357266.052899999544024,5711271.488800000399351,6.942039387000023,51.534481929000037,0,05230613701400391092
05,5,70,036,2023,05,07,4,3,4,6,0,0,1,0,0,0,0,432711.931800000369549,5759283.823499999940395,8.020268324000028,51.980151288000059,0,05230531711100751184