ULAND,UREGBEZ,UKREIS,UGEMEINDE,UJAHR,UMONAT,USTUNDE,UWOCHENTAG,UKATEGORIE,UART,UTYP1,ULICHTVERH,IstRad,IstPKW,IstFuss,IstKrad,IstGkfz,IstSonstige,LINREFX,LINREFY,XGCSWGS84,YGCSWGS84,STRZUSTAND,UIDENTSTLAE
05,5,70,052,2023,05,15,4,3,5,3,0,0,1,0,0,0,1,430152.050999999977648,5755158.491000000387430,7.983840985000029,51.942750266000075,0,05230531711100502617
05,5,70,036,2023,05,10,4,2,5,3,0,1,1,0,0,0,0,430662.355000000447035,5761693.776000000536442,7.989943533000030,52.001563730000044,0,05230531711100251184
05,5,70,036,2023,05,08,4,3,5,3,0,0,1,0,0,0,0,434180.057799999602139,5760103.349899999797344,8.041484089000051,51.987694472000044,0,05230531711100091000
05,5,66,040,2023,05,14,4,3,6,4,0,0,1,1,0,0,0,421678.474000000394881,5781950.351999999955297,7.854445456000064,52.182455929000071,0,05230531709800200967
05,5,66,028,2023,05,15,4,3,5,2,0,1,1,0,0,0,0,412109.009600000455976,5792901.492399999871850,7.711669003000054,52.279446696000036,0,05230531709700989680
05,5,66,076,2023,05,10,4,3,5,3,0,0,1,0,0,0,0,398304.980399999767542,5794412.046399999409914,7.508939116000022,52.290642382000044,0,05230531709500987740
05,5,66,084,2023,05,18,4,3,4,6,0,0,1,0,1,0,0,392789.274000000208616,5776733.850999999791384,7.433698155000059,52.130715322000071,0,05230531709300989667
05,5,54,068,2023,06,12,7,3,0,1,0,1,0,0,0,0,0,350762.094999999739230,5766209.093000000342727,6.824715389000062,52.026408089000029,0,05230603705000977996
05,5,66,052,2023,05,16,4,3,2,6,0,1,1,0,0,0,0,377604.833999999798834,5778584.365000000223517,7.211303687000054,52.144190568000056,0,05230531709300068287
05,5,58,024,2023,05,18,4,3,0,1,0,1,0,0,0,0,0,390271.707899999804795,5738065.232499999925494,7.409282992000044,51.782685807000064,0,05230531706300987716
05,5,58,004,2023,05,22,4,3,5,2,2,0,1,0,1,0,0,403532.686999999918044,5741285.838999999687076,7.600563592000071,51.814077969000039,0,05230531706300987713
05,5,58,024,2023,05,21,4,3,9,1,1,0,1,0,0,0,0,392596.959300000220537,5732610.463999999687076,7.444664016000047,51.734109448000027,0,05230531706300576632
05,5,58,016,2023,05,17,4,3,9,1,0,0,1,0,0,0,0,385318.573699999600649,5742165.606699999421835,7.336153665000040,51.818544606000046,0,05230531706000972374
05,5,54,064,2023,05,14,4,3,0,3,0,1,1,0,0,0,0,356860.813799999654293,5746758.726600000634789,6.921640321000041,51.853251682000064,0,05230531705000987723
05,5,54,012,2023,05,18,4,3,4,2,0,0,1,0,0,0,0,351937.075299999676645,5743854.887199999764562,6.851444585000024,51.825876739000080,0,05230531705000987721
05,5,54,020,2023,05,14,4,3,5,2,0,0,1,0,1,0,0,367482.902999999932945,5785377.381999999284744,7.060815549000040,52.202894151000066,0,05230531705000720913
05,5,54,016,2023,05,15,4,3,2,1,0,0,1,0,0,0,0,367156.753899999894202,5755760.889000000432134,7.067572459000075,51.936690641000041,0,05230531705000654280
05,5,54,020,2023,05,16,4,3,4,3,0,1,1,0,0,0,0,368061.582299999892712,5784506.253599999472499,7.069617690000030,52.195205399000031,0,05230531705000091763
05,5,66,028,2023,05,21,4,3,3,6,0,0,1,0,0,0,0,414680.706799999810755,5790633.215199999511242,7.749929467000072,52.259463695000079,0,05230531702350006780
05,5,15,000,2023,05,14,4,3,3,6,0,1,1,0,0,0,0,405593.655199999921024,5756894.849600000306964,7.626181181000049,51.954732369000055,0,05230531702100474638
05,5,62,008,2023,05,08,4,3,5,3,0,1,1,0,0,0,0,384627.724799999967217,5722183.107999999076128,7.332757096000023,51.638808695000080,0,05230531701910201202
05,5,62,004,2023,05,13,4,3,5,3,0,0,1,0,0,0,1,384427.015999999828637,5716606.155999999493361,7.331697058000032,51.588643331000071,0,05230531701800877488
05,5,58,036,2023,06,16,6,3,5,3,0,0,1,0,1,0,0,385945.376000000163913,5729618.924000000581145,7.349361825000074,51.705908569000030,0,05230609706300986440
05,5,62,024,2023,05,17,4,2,5,3,0,1,1,0,0,0,0,370835.048000000417233,5725496.322499999776483,7.132323529000075,51.665585421000060,0,05230531701500886130
05,5,62,024,2023,05,18,4,3,0,7,0,1,0,0,0,0,0,370649.587000000290573,5725447.929999999701977,7.129661285000054,51.665107871000032,0,05230531701500881220
05,5,58,016,2023,06,14,5,2,3,6,0,1,0,0,0,0,0,386809.726900000125170,5747241.107899999246001,7.356117294000057,51.864464696000027,0,05230601706000865764
05,5,66,072,2023,06,18,7,3,5,2,0,1,1,0,0,0,0,412888.965499999932945,5802928.591600000858307,7.720501108000065,52.369696644000044,0,05230610709700986463
05,5,54,020,2023,06,16,3,1,9,1,0,0,1,0,0,0,0,361557.937500000000000,5785369.374900000169873,6.974173503000031,52.201366052000026,0,05230606705000491763
05,5,66,076,2023,05,14,3,3,0,2,0,0,0,0,1,0,1,393254.446100000292063,5793013.927500000223517,7.435359761000029,52.277119324000068,0,05230530709500989736
05,5,66,076,2023,05,15,3,3,0,2,0,1,1,0,0,0,0,393134.433000000193715,5793569.786000000312924,7.433425177000061,52.282091600000058,0,05230530709500989728
05,5,12,000,2023,06,18,5,3,5,3,0,0,1,0,0,0,0,356177.774000000208616,5709571.091000000014901,6.927053669000031,51.518926316000034,0,05230608701400496188
05,5,66,068,2023,05,09,3,2,5,3,0,0,1,0,0,1,0,374720.265899999998510,5790655.197699999436736,7.164707644000032,52.252013001000080,0,05230530709300989747
05,5,66,084,2023,05,11,3,3,0,1,0,0,0,0,0,0,1,385874.803999999538064,5778338.919999999925494,7.332186901000057,52.143755363000082,0,05230530709300989742
05,5,58,044,2023,05,14,3,3,2,6,0,0,1,0,0,0,0,399480.243900000117719,5747686.825899999588728,7.539935185000047,51.870897728000045,0,05230530706300989727
05,5,58,012,2023,05,18,3,3,0,2,0,1,0,0,0,1,0,372886.149799999780953,5756255.653100000694394,7.150685293000038,51.942474968000056,0,05230530706200976254
05,5,58,008,2023,05,12,3,3,5,3,0,1,1,0,0,0,0,385780.105999999679625,5758383.690999999642372,7.337475442000027,51.964396710000074,0,05230530706000987764
05,5,54,004,2023,05,13,3,3,2,6,0,0,1,0,0,0,0,361622.938400000333786,5770470.404999999329448,6.981186890000060,52.067512897000029,0,05230530705000691110
05,5,54,020,2023,05,12,3,3,0,3,0,0,1,0,0,0,0,365510.480999999679625,5786625.998999999836087,7.031474534000040,52.213635693000072,0,05230530705000281550
05,5,54,004,2023,05,09,3,3,5,3,0,0,1,0,0,0,0,365286.718000000342727,5772593.998999999836087,7.033765566000056,52.087497705000033,0,05230530705000070578
05,5,66,040,2023,05,15,3,3,2,6,0,0,1,0,0,0,1,415419.618400000035763,5780740.453099999576807,7.763225482000053,52.170656440000073,0,05230530702350742460
05,5,15,000,2023,05,17,3,3,5,3,0,0,1,0,0,0,0,410645.631299999542534,5760361.598500000312924,7.698775037000075,51.986728577000065,0,05230530702100174777
05,5,15,000,2023,05,13,3,3,5,3,0,1,1,0,0,0,0,404008.729700000025332,5758518.325099999085069,7.602670662000037,51.969053406000057,0,05230530702100174775
05,5,62,028,2023,05,08,3,3,5,3,0,1,1,0,0,0,0,378907.492399999871850,5721219.067800000309944,7.250468116000036,51.628942109000036,0,05230530701920994975
05,5,62,004,2023,05,18,3,3,0,7,0,0,1,0,0,0,0,384739.095099999569356,5716849.395099999383092,7.336120006000044,51.590893441000048,0,05230530701800370140
05,5,12,000,2023,05,09,3,3,6,7,0,0,1,1,0,0,0,358996.045900000259280,5711437.947499999776483,6.966899035000040,51.536412462000044,0,05230530701400199767
05,5,62,014,2023,05,18,3,3,2,6,0,0,1,0,0,0,0,361497.450000000186265,5712831.220000000670552,7.002394027000037,51.549551933000032,0,05230530701300554265
05,5,13,000,2023,05,17,3,3,5,3,0,0,1,0,0,0,0,369710.738400000147521,5709021.599400000646710,7.122192319000021,51.517271839000045,0,05230530700000998875
05,5,58,012,2023,05,06,4,3,9,1,0,0,0,0,1,0,0,369613.468000000342727,5757081.838700000196695,7.102787230000047,51.949141866000048,0,05230531706000987746
05,5,66,028,2023,05,12,3,3,2,6,0,0,1,0,0,0,0,410502.989900000393391,5795682.641799999400973,7.687395356000025,52.304184950000035,0,05230530709700087282
05,5,62,036,2023,06,13,5,3,9,7,0,0,1,0,0,0,0,388790.110500000417233,5719615.345399999991059,7.393697172000032,51.616568106000045,0,05230608701930648506
05,5,62,012,2023,06,01,2,3,2,6,2,0,1,0,0,0,0,360248.405000000260770,5740095.480000000447035,6.973483356000031,51.794236905000048,0,05230605702340405187
05,5,70,028,2023,06,20,7,3,8,1,2,0,0,0,1,0,0,447283.510999999940395,5739455.344799999147654,8.235442223000064,51.803460692000044,0,05230624711400196893
05,5,66,088,2023,06,15,7,3,0,1,0,1,0,0,0,0,0,418596.934700000099838,5785782.301300000399351,7.808463381000024,52.216454045000035,0,05230624709800977335
05,5,66,020,2023,06,12,7,3,8,6,0,1,0,0,1,0,0,406000.088999999687076,5804481.152000000700355,7.618911752000031,52.382512165000037,0,05230624709700977337
05,5,66,020,2023,06,13,7,3,9,7,0,0,1,0,0,0,1,402285.382199999876320,5802516.293800000101328,7.564924470000051,52.364202700000078,0,05230624709700591642
05,5,66,076,2023,06,13,7,3,0,1,0,1,1,0,0,0,0,393480.782999999821186,5792880.212400000542402,7.438718232000042,52.275961502000030,0,05230624709500986826
05,5,54,028,2023,06,06,7,2,8,1,1,0,1,0,0,0,0,359555.431300000287592,5739435.354800000786781,6.963708728000029,51.788131724000039,0,05230624705000580991
05,5,12,000,2023,06,01,7,2,8,7,2,0,1,0,0,0,0,357311.781499999575317,5719937.899199999868870,6.939178281000068,51.612368146000051,0,05230624702340487398
05,5,62,032,2023,06,19,7,2,0,7,0,0,0,0,1,0,0,373620.008000000379980,5719185.286000000312924,7.174849573000074,51.609501765000061,0,05230624702340368250
05,5,15,000,2023,06,02,7,3,0,1,2,0,0,0,0,0,1,407073.428600000217557,5760208.955099999904633,7.646811497000044,51.984770436000076,0,05230624702100979182
05,5,62,004,2023,06,21,7,3,5,2,1,0,1,0,0,0,0,382890.785699999891222,5716673.670900000259280,7.309509277000075,51.588932931000045,0,05230624701800450770
05,5,62,016,2023,06,14,7,2,5,3,0,1,1,0,0,0,0,374578.361399999819696,5732231.144099999219179,7.183999076000021,51.726958664000051,0,05230624701700519497
05,5,62,014,2023,06,18,7,3,5,3,0,1,1,0,0,0,0,361574.844299999997020,5713147.849799999967217,7.003384946000040,51.552416219000065,0,05230624701300573594
05,5,13,000,2023,06,12,7,3,0,6,0,0,0,0,1,0,1,364899.397699999623001,5719782.319099999964237,7.048754547000044,51.612842026000067,0,05230624700000289437
05,5,66,056,2023,06,08,6,3,8,1,0,0,0,0,0,1,0,416457.050999999977648,5794589.366000000387430,7.774969181000074,52.295296122000082,1,05230623709700848421
05,5,66,036,2023,06,13,6,3,8,1,0,0,0,0,1,0,0,388537.506699999794364,5765495.966000000014901,7.375280311000040,52.028876905000061,0,05230623709300376630
05,5,66,012,2023,06,07,6,3,3,3,0,1,1,0,0,0,0,403587.080000000074506,5772748.493200000375509,7.592523621000055,52.096884032000048,1,05230623709000487293
05,5,58,044,2023,06,13,6,2,8,1,0,0,1,0,0,0,0,395884.617999999783933,5745105.663000000640750,7.488505233000069,51.847038571000041,0,05230623706000977348
05,5,66,012,2023,06,12,6,2,2,6,0,0,1,0,0,0,0,406166.152200000360608,5769902.209499999880791,7.630945385000075,52.071744302000070,0,05230623702350842421
05,5,62,014,2023,06,10,6,2,8,1,0,0,0,0,0,1,0,359907.434399999678135,5713595.520999999716878,6.979172259000052,51.556027457000027,0,05230623702340005236
05,5,15,000,2023,06,12,6,3,5,3,0,1,1,0,0,0,0,405588.421400000341237,5754353.997500000521541,7.626802731000055,51.931893134000063,0,05230623702100642800
05,5,15,000,2023,06,16,6,3,5,3,0,1,0,0,0,0,0,405477.813599999994040,5756355.344799999147654,7.624644350000040,51.949863386000061,0,05230623702100576698
05,5,15,000,2023,06,15,6,2,5,3,0,1,1,0,0,0,0,403933.588600000366569,5758087.836799999698997,7.601697643000023,51.965171054000052,0,05230623702100264165
05,5,15,000,2023,06,22,6,3,7,7,2,0,1,0,0,0,0,406948.789800000376999,5748964.149399999529123,7.648038679000024,51.883675090000054,0,05230623702100076107
05,5,62,016,2023,06,08,6,3,0,1,0,0,0,0,1,0,0,371699.325799999758601,5731781.402000000700355,7.142502088000072,51.722265582000034,1,05230623701700995056
05,5,62,032,2023,06,12,6,3,3,2,0,1,1,0,0,0,0,374292.249400000087917,5718324.983300000429153,7.184861091000073,51.601920674000041,0,05230623701110985457
05,5,70,028,2023,06,05,6,3,2,6,2,0,1,0,0,1,0,440693.800099999643862,5740273.920800000429153,8.139741221000065,51.810159728000031,1,05230623400410438645
05,5,66,012,2023,06,09,6,2,0,7,0,0,0,0,0,0,1,405436.210500000044703,5773147.587099999189377,7.619398680000074,52.100790293000045,0,05230623709000387293
05,5,70,016,2023,06,05,5,3,8,1,1,0,1,0,0,0,0,415919.629399999976158,5736151.177100000903010,7.781456617000060,51.769922048000069,0,05230622711200581147
05,5,66,040,2023,06,07,5,3,0,5,0,0,1,0,0,0,0,421708.334800000302494,5782697.905099999159575,7.854709466000031,52.189179830000057,0,05230622709800977384
05,5,66,076,2023,06,20,5,3,1,6,0,0,1,0,0,0,0,395968.093999999575317,5789117.368000000715256,7.476320965000070,52.242619707000074,1,05230622709500211932
05,5,66,076,2023,06,20,5,3,9,1,0,0,1,0,0,0,0,395048.516699999570847,5790020.769799999892712,7.462577150000072,52.250564316000066,1,05230622709500191754
05,5,66,084,2023,06,13,5,3,2,1,0,0,1,0,0,0,0,389746.507000000216067,5776166.402000000700355,7.389447335000057,52.125016878000054,0,05230622709300787312
05,5,66,068,2023,06,17,5,3,2,6,0,0,1,1,0,0,0,380671.135900000110269,5783678.280099999159575,7.254301111000075,52.190638101000047,0,05230622709300596684
05,5,58,032,2023,06,11,5,3,2,1,0,0,1,0,0,0,0,389017.000500000081956,5752873.910399999469519,7.386347555000043,51.915533301000039,0,05230622706100047653
05,5,58,040,2023,06,15,5,3,5,3,0,1,1,0,0,0,0,382552.075500000268221,5765468.083799999207258,7.288085007000063,52.027391251000040,1,05230622706000957397
05,5,54,004,2023,06,20,5,3,9,1,0,0,1,0,0,0,0,357585.193699999712408,5781971.430099999532104,6.917508589000022,52.169824474000052,1,05230622705000131360
05,5,62,024,2023,06,21,5,2,9,1,1,0,0,0,1,0,0,371929.144299999810755,5729912.775900000706315,7.146514242000023,51.705525356000066,0,05230622702340291792
05,5,62,012,2023,06,22,5,3,9,1,1,0,1,0,0,0,0,357819.900299999862909,5732513.469100000336766,6.941394140000057,51.725496657000065,1,05230622702340087398
05,5,58,016,2023,06,19,5,3,8,1,0,0,1,0,0,0,0,380485.858199999667704,5745432.083399999886751,7.264944477000029,51.846888130000082,1,05230622702330896526
05,5,15,000,2023,06,11,5,3,0,3,0,1,0,0,0,0,0,405587.508999999612570,5754357.842000000178814,7.626788410000074,51.931927536000046,0,05230622702100976700
05,5,15,000,2023,06,16,5,3,1,7,0,0,1,0,0,0,0,408941.357300000265241,5760589.129200000315905,7.673903214000063,51.988496986000030,1,05230622702100496678
05,5,15,000,2023,06,18,5,3,5,3,0,0,1,0,0,0,0,407660.633999999612570,5758357.035800000652671,7.655858095000042,51.968222345000072,1,05230622702100270512
05,5,15,000,2023,06,15,5,3,5,7,0,1,1,0,0,0,0,406327.214499999769032,5758858.139200000092387,7.636317282000050,51.972503378000056,1,05230622702100079230
05,5,62,004,2023,06,13,5,1,5,3,0,0,1,0,1,0,0,385513.246000000275671,5714552.343000000342727,7.348039387000028,51.570405702000073,0,05230622701800085635
05,5,62,016,2023,06,13,5,3,5,3,0,0,1,0,1,0,0,374896.916500000283122,5732964.250399999320507,7.188345548000029,51.733618167000031,0,05230622701700655785
05,5,62,032,2023,06,13,5,3,0,1,0,0,0,0,1,0,0,375414.794999999925494,5718436.333100000396371,7.201021729000047,51.603170833000036,0,05230622701110095010
05,5,13,000,2023,06,18,5,3,0,1,0,0,0,0,1,0,0,367226.748499999754131,5714305.345799999311566,7.084419652000065,51.564176600000053,1,05230622700000977377
05,5,13,000,2023,06,11,5,3,6,4,0,0,1,1,0,0,0,367795.248300000093877,5713653.677699999883771,7.092861828000025,51.558453846000077,0,05230622700000770111
05,5,13,000,2023,06,08,5,3,2,6,0,0,1,0,0,1,0,368464.549999999813735,5707792.539999999105930,7.104700572000070,51.505937749000054,0,05230622700000389260
05,5,13,000,2023,06,15,5,3,0,1,0,0,0,0,1,0,0,364591.869900000281632,5714309.183000000193715,7.046427129000051,51.563584600000070,1,05230622700000095201
05,5,70,008,2023,06,07,4,3,8,1,0,0,1,0,0,0,0,430830.255400000140071,5734465.393999999389052,7.997846513000070,51.756808055000079,0,05230621711400691693
05,5,70,028,2023,06,11,4,3,5,2,0,1,0,0,0,0,0,445061.007000000216067,5739495.555999999865890,8.203205725000032,51.803608233000034,0,05230621711400551230
05,5,70,008,2023,06,07,4,2,5,3,0,1,1,0,0,0,0,433170.156000000424683,5737582.167999999597669,8.031142629000044,51.785112042000037,0,05230621711300087402
05,5,70,004,2023,06,18,4,2,4,6,0,0,1,0,0,0,0,425660.062300000339746,5729102.002000000327826,7.924098406000041,51.707929909000029,0,05230621711200091832
05,5,66,016,2023,06,06,4,3,9,3,0,0,1,0,1,0,0,405603.670900000259280,5791652.937999999150634,7.616690456000072,52.267146159000049,0,05230621709500564316
05,5,54,004,2023,06,12,4,3,4,6,0,1,0,0,0,0,0,362636.773900000378489,5772624.388800000771880,6.995100917000059,52.087119502000064,0,05230621705000096683
05,5,54,004,2023,06,17,4,3,5,3,0,0,0,0,1,0,1,364451.317699999548495,5772582.799900000914931,7.021584610000048,52.087193131000049,0,05230621705000055673
05,5,12,000,2023,06,15,4,3,1,6,0,0,0,0,0,1,0,354081.411000000312924,5712244.047700000926852,6.895752527000070,51.542406842000048,0,05230621702340005118
05,5,15,000,2023,06,07,4,3,5,3,0,1,0,0,0,0,0,401064.784400000236928,5756786.055900000035763,7.560329499000034,51.952967257000068,0,05230621702100724398
05,5,15,000,2023,06,17,4,3,4,3,0,1,1,0,0,0,0,404662.928000000305474,5760134.772399999201298,7.611741617000064,51.983695202000035,0,05230621702100674736
05,5,15,000,2023,06,08,4,3,1,5,0,1,1,0,0,0,0,409729.911999999545515,5761223.354000000283122,7.685216758000024,51.994326497000031,0,05230621702100553167
05,5,15,000,2023,06,18,4,3,3,6,0,1,0,0,0,0,0,406160.125300000421703,5757437.145800000056624,7.634273895000035,51.959702658000026,0,05230621702100091757
05,5,15,000,2023,06,19,4,3,3,3,0,1,1,0,0,0,0,405591.236999999731779,5757047.328999999910593,7.626104104000035,51.956102511000040,0,05230621702100042398
05,5,62,016,2023,06,12,4,3,2,6,0,0,1,0,0,0,1,374303.315000000409782,5733991.627599999308586,7.179382975000067,51.742718226000079,0,05230621701700765816
05,5,62,016,2023,06,14,4,3,5,2,0,0,1,0,1,0,0,377770.990699999965727,5731380.666999999433756,7.230500104000043,51.720020443000067,0,05230621701700089542
05,5,62,012,2023,06,16,4,3,2,6,0,0,1,0,0,0,0,363775.294599999673665,5724521.499500000849366,7.030685360000064,51.655158424000035,0,05230621701610289700
05,5,62,024,2023,06,12,4,2,8,1,0,0,1,0,0,0,0,374303.549100000411272,5726898.940400000661612,7.181944428000065,51.678977249000070,0,05230621701500195065
05,5,12,000,2023,06,18,4,3,5,3,0,0,1,0,0,0,0,356689.304399999789894,5708703.507400000467896,6.934774051000034,51.511260342000071,0,05230621701400387646
05,5,62,020,2023,06,09,4,2,5,3,0,0,1,0,0,0,0,370281.148599999956787,5717573.008400000631809,7.127254247000053,51.594253278000053,0,05230621701200270600
05,5,62,032,2023,06,10,4,3,5,3,0,1,1,0,0,0,0,376108.683799999766052,5714933.354199999943376,7.212272440000049,51.571841908000067,0,05230621701120695117
05,5,62,032,2023,06,11,4,2,5,3,0,1,1,0,0,0,0,377483.589999999850988,5720567.791500000283122,7.230134060000069,51.622780679000073,0,05230621701110489700
05,5,13,000,2023,06,12,4,2,5,2,0,0,1,0,0,0,0,366404.860899999737740,5718562.038300000131130,7.070949436000035,51.602235284000074,0,05230621700000957757
05,5,13,000,2023,06,11,4,3,0,1,0,1,0,0,0,0,0,364590.610700000077486,5714272.610600000247359,7.046423062000031,51.563255644000037,0,05230621700000095174
05,5,15,000,2023,06,14,4,3,2,6,0,0,1,0,0,1,0,404715.842600000090897,5761222.577600000426173,7.612209638000024,51.993481839000026,0,05230621702100868373
05,5,70,028,2023,06,16,4,3,2,6,0,0,1,0,0,0,0,438898.872000000439584,5739555.133199999108911,8.113835155000061,51.803504376000035,0,05230621301911794376
05,5,70,028,2023,06,06,3,3,2,6,0,0,1,0,0,0,0,442081.138000000268221,5738132.506999999284744,8.160220485000025,51.791053255000065,1,05230620711400094414
05,5,70,008,2023,06,19,3,2,9,1,0,0,0,0,1,0,0,433812.756299999542534,5735683.748199999332428,8.040819173000045,51.768121563000079,0,05230620711300676704
05,5,70,004,2023,06,07,3,3,4,6,0,0,1,0,0,0,0,427851.741000000387430,5733556.270099999383092,7.954889096000045,51.748259384000050,0,05230620711200086958
05,5,66,028,2023,06,07,3,3,0,2,0,1,1,0,0,0,0,411962.413999999873340,5792231.202999999746680,7.709695751000027,52.273398507000081,1,05230620709700977432
05,5,66,076,2023,06,15,3,3,3,3,0,1,1,0,0,0,0,394977.120000000111759,5793847.356000000610948,7.460340536000047,52.284941378000042,0,05230620709500986740
05,5,58,024,2023,06,18,3,3,5,3,0,0,1,0,0,0,0,391651.355999999679625,5734908.539000000804663,7.430260115000067,51.754582503000051,1,05230620706300794956
05,5,58,016,2023,06,07,3,3,5,3,0,1,1,0,0,0,0,381394.870000000111759,5750825.661000000312924,7.276281972000049,51.895554543000060,0,05230620706000574647
05,5,54,004,2023,06,13,3,3,2,6,0,0,1,0,0,0,0,366147.441999999806285,5769068.388299999758601,7.047703234000039,52.056026715000030,0,05230620705000096683
05,5,62,012,2023,06,18,3,3,8,1,0,0,1,0,0,0,0,359553.009700000286102,5735560.718599999323487,6.965240439000070,51.753315062000070,1,05230620702340248172
05,5,15,000,2023,06,08,3,3,3,2,0,0,1,0,0,0,1,407854.622100000269711,5754605.478599999099970,7.659686940000029,51.934533407000060,1,05230620702100896750
05,5,15,000,2023,06,06,3,2,2,6,0,0,1,0,0,0,0,414990.400700000114739,5753768.504899999126792,7.763660961000028,51.928145676000042,0,05230620702100845124
05,5,15,000,2023,06,11,3,3,5,2,0,1,1,0,0,0,0,407211.705299999564886,5751343.379899999126792,7.651217234000057,51.905104927000082,0,05230620702100556497
05,5,15,000,2023,06,17,3,3,2,6,0,0,1,0,0,0,0,408764.026600000448525,5758522.854199999943376,7.671870918000025,51.969895025000028,0,05230620702100068135
05,5,15,000,2023,06,13,3,3,5,3,0,1,1,0,0,0,0,402573.259499999694526,5757598.091399999335408,7.582042702000024,51.960532353000076,0,05230620702100065836
05,5,62,028,2023,06,17,3,3,2,2,0,0,1,0,0,0,0,381145.808000000193715,5721998.967000000178814,7.282526499000028,51.636428724000041,0,05230620701920989511
05,5,62,008,2023,06,08,3,3,2,2,0,0,1,0,0,0,0,383568.079300000332296,5719808.452700000256300,7.318240797000044,51.617247758000076,0,05230620701910985436
05,5,62,008,2023,06,13,3,3,5,3,0,1,1,0,0,0,0,385079.057900000363588,5723720.770899999886751,7.338771205000057,51.652721181000061,0,05230620701910374177
05,5,62,008,2023,06,08,3,3,2,6,0,0,1,0,0,0,1,383555.509999999776483,5719779.458000000566244,7.318068964000076,51.616984563000074,0,05230620701910148506
05,5,62,008,2023,06,06,3,3,4,3,0,0,1,0,0,0,1,384754.519199999980628,5722435.309399999678135,7.334505508000063,51.641101403000050,1,05230620701910070140
05,5,12,000,2023,06,16,3,3,2,6,0,0,1,0,0,0,0,355956.914200000464916,5709651.185900000855327,6.923839869000062,51.519589757000062,0,05230620701400681363
05,5,62,014,2023,06,19,3,3,3,6,0,0,1,0,0,1,0,360224.860399999655783,5713553.657899999991059,6.983764697000026,51.555730011000037,0,05230620701300689553
05,5,62,020,2023,06,17,3,3,5,3,0,0,1,0,0,0,0,370094.313599999994040,5719088.648600000888109,7.123997114000076,51.607830904000082,0,05230620701200898934
05,5,13,000,2023,06,14,3,3,2,6,0,0,1,0,0,0,0,369222.940000000409782,5707623.096999999135733,7.115684698000052,51.504591000000062,0,05230620700000895091
05,5,15,000,2023,06,16,3,3,0,5,0,0,1,0,0,0,0,405441.363800000399351,5756196.092499999329448,7.624157960000048,51.948425761000067,0,05230620702100974638
05,5,70,028,2023,06,04,3,2,2,1,1,0,1,0,0,1,0,443807.510700000450015,5741666.424499999731779,8.184675774000027,51.823000488000048,1,05230620400410977438
05,5,70,004,2023,06,09,2,3,4,1,0,0,0,0,0,1,0,420305.795300000347197,5734341.047199999913573,7.845424449000063,51.754291525000042,0,05230619711200394320
05,5,70,044,2023,06,13,2,3,5,3,0,1,1,0,0,0,0,416569.042100000195205,5759452.055900000035763,7.785234349000064,51.979474021000044,0,05230619711100991000
05,5,66,028,2023,06,16,2,3,4,1,0,0,1,0,1,0,0,411216.055999999865890,5794723.323000000789762,7.698103500000059,52.295678163000048,0,05230619709700076668
05,5,66,004,2023,06,17,2,3,9,6,0,0,1,0,0,0,0,395159.009800000116229,5766584.626000000163913,7.471425825000040,52.039952613000082,0,05230619709110179618
05,5,58,012,2023,06,13,2,3,5,3,0,1,1,0,0,0,0,377552.071700000204146,5756722.704500000923872,7.218364939000026,51.947718662000057,0,05230619706000986704
05,5,54,020,2023,06,13,2,3,5,3,0,0,1,0,0,0,0,363168.976999999955297,5786746.106000000610948,6.997175840000068,52.214138410000032,0,05230619705000986703
05,5,54,020,2023,06,21,2,3,5,2,1,0,1,0,0,0,0,364567.733799999579787,5786238.672299999743700,7.017839404000028,52.209924564000062,0,05230619705000977440
05,5,15,000,2023,06,15,2,3,3,6,0,0,1,0,0,1,0,400103.156000000424683,5757285.553300000727177,7.546195841000042,51.957284908000076,0,05230619702330242540
05,5,15,000,2023,06,14,2,3,3,2,0,0,1,0,0,0,1,405395.674899999983609,5755469.000399999320507,7.623693468000056,51.941882564000082,0,05230619702100896680
05,5,15,000,2023,06,18,2,3,0,2,0,0,1,0,0,0,1,406408.468200000002980,5756346.767100000753999,7.638184125000066,51.949943663000056,0,05230619702100576646
05,5,15,000,2023,06,14,2,3,3,5,0,1,0,0,0,0,1,405525.291100000031292,5756998.498999999836087,7.625158143000021,51.955652406000070,0,05230619702100079193
05,5,62,008,2023,06,15,2,3,2,6,0,0,1,0,0,0,0,386010.309700000099838,5724085.629300000146031,7.352107856000032,51.656190047000052,0,05230619701910670552
05,5,62,012,2023,06,07,2,3,5,3,0,1,1,0,0,0,0,362365.147599999792874,5730145.166899999603629,7.008096054000021,51.705349306000073,0,05230619701620189700
05,5,62,024,2023,06,17,2,3,6,4,0,1,0,1,0,0,0,370476.739000000059605,5725512.469000000506639,7.127139509000074,51.665648047000047,0,05230619701500595065
05,5,62,014,2023,06,19,2,2,5,2,0,1,0,0,0,0,1,360108.665000000037253,5712879.614000000059605,6.982357799000056,51.549644206000039,0,05230619701300981436