ULAND,UREGBEZ,UKREIS,UGEMEINDE,UJAHR,UMONAT,USTUNDE,UWOCHENTAG,UKATEGORIE,UART,UTYP1,ULICHTVERH,IstRad,IstPKW,IstFuss,IstKrad,IstGkfz,IstSonstige,LINREFX,LINREFY,XGCSWGS84,YGCSWGS84,STRZUSTAND,UIDENTSTLAE
05,5,62,014,2023,06,14,2,3,5,3,0,1,0,0,0,0,0,361168.195899999700487,5714578.288899999111891,6.996958572000040,51.565170427000055,0,05230619701300775430
05,5,62,032,2023,06,13,2,3,3,6,0,1,1,0,0,0,0,374775.738800000399351,5719100.718800000846386,7.191561581000030,51.608999985000082,0,05230619701110348700
05,5,70,016,2023,06,16,1,2,5,3,0,1,0,0,1,0,0,414784.803000000305474,5737853.856000000610948,7.764596167000036,51.785056183000052,0,05230618711200081147
05,5,66,052,2023,06,04,1,2,0,7,2,1,1,0,0,0,0,377756.143299999646842,5779063.489800000563264,7.213341408000076,52.148529661000055,0,05230618709300977500
05,5,54,012,2023,06,10,1,3,3,3,0,1,1,0,0,0,0,352240.664099999703467,5745917.547199999913573,6.854965877000041,51.844489916000043,0,05230618705000952633
05,5,66,012,2023,06,09,1,3,3,6,0,0,1,0,0,0,0,405304.775200000032783,5768264.240000000223517,7.618835964000027,52.056875211000033,0,05230618702350072418
05,5,12,000,2023,06,17,1,1,2,6,0,0,1,0,0,0,0,353118.470800000242889,5712006.710599999874830,6.881975481000040,51.540024474000063,0,05230618702340591792
05,5,62,032,2023,06,14,1,2,8,7,0,0,1,0,0,0,0,379757.274400000460446,5717663.025499999523163,7.263959561000036,51.597164716000066,0,05230618702340108340
05,5,15,000,2023,06,16,1,3,2,2,0,0,1,0,0,0,0,401500.940700000151992,5759019.515799999237061,7.566033574000073,51.973119455000074,0,05230618702100879168
05,5,15,000,2023,06,12,1,3,5,3,0,0,1,0,0,0,0,407855.382899999618530,5754604.627299999818206,7.659698231000050,51.934525881000070,0,05230618702100056497
05,5,62,016,2023,06,12,1,2,2,7,0,0,0,0,1,0,0,374937.240399999544024,5731275.028200000524521,7.189535876000036,51.718446319000066,0,05230618701700247656
05,5,12,000,2023,06,16,1,3,0,1,0,0,0,0,1,0,0,360610.667999999597669,5709534.192999999970198,6.990917764000073,51.519706027000041,1,05230618701400978100
05,5,62,032,2023,06,19,1,3,5,3,0,0,1,0,0,0,1,372527.386400000192225,5721109.071799999102950,7.158379053000033,51.626544323000076,0,05230618701110589480
05,5,13,000,2023,06,16,1,3,2,6,0,0,1,0,0,0,0,368125.180700000375509,5706797.491000000387430,7.100185458000055,51.496916373000033,0,05230618700000474767
05,5,70,036,2023,06,03,7,3,6,6,2,0,1,1,0,0,0,432101.564600000157952,5758571.933399999514222,8.011523506000060,51.973677384000041,0,05230617711100091798
05,5,70,052,2023,06,09,7,2,5,2,0,0,1,0,0,0,1,428479.570000000298023,5752746.376000000163913,7.960015177000059,51.920853871000077,0,05230617711100081617
05,5,66,076,2023,06,20,7,3,0,3,0,1,1,0,0,0,0,392978.110999999567866,5791278.653000000864267,7.431861464000065,52.261470383000074,0,05230617709500986672
05,5,58,008,2023,06,14,7,2,8,1,0,0,0,0,1,0,0,386564.490199999883771,5764518.220200000330806,7.346857798000030,52.019689734000053,0,05230617706200779104
05,5,58,016,2023,06,15,7,3,8,1,0,0,0,0,1,0,0,386610.877700000070035,5740646.911299999803305,7.355391587000042,51.805158976000030,0,05230617706100289266
05,5,58,032,2023,06,01,7,3,9,1,2,0,1,0,0,0,0,385974.861600000411272,5754865.588300000876188,7.341475959000036,51.932818570000052,0,05230617706100041942
05,5,62,032,2023,06,21,7,2,2,6,1,0,1,0,0,0,0,374351.546099999919534,5717784.038300000131130,7.185910607000039,51.597072400000059,0,05230617702340987254
05,5,13,000,2023,06,23,7,3,7,7,2,0,1,0,0,0,0,363947.916699999943376,5720051.197200000286102,7.034916694000060,51.615029101000061,0,05230617702340587254
05,5,15,000,2023,06,00,7,3,0,1,2,0,0,0,0,0,1,406819.168200000189245,5757691.611099999397993,7.643793521000021,51.962100757000030,0,05230617702100672346
05,5,15,000,2023,06,16,7,3,5,3,0,1,1,0,0,0,0,406769.097900000400841,5761064.262599999085069,7.642148670000040,51.992407332000028,0,05230617702100079127
05,5,62,036,2023,06,11,7,2,5,3,0,0,1,0,0,0,0,389586.440999999642372,5719098.196000000461936,7.405357394000021,51.612076704000060,0,05230617701930199292
05,5,62,008,2023,06,11,7,3,4,2,0,1,1,0,0,0,0,386250.888299999758601,5726278.927500000223517,7.354870219000077,51.675951630000043,0,05230617701910289511
05,5,12,000,2023,06,09,7,3,5,3,0,0,1,0,0,0,0,353844.230999999679625,5718831.504000000655651,6.889594375000058,51.601537193000070,0,05230617701400685345
05,5,13,000,2023,06,19,7,3,2,6,0,0,1,0,0,1,0,365919.750699999742210,5714436.831100000068545,7.065524351000022,51.565048970000078,0,05230617700000495020
05,5,13,000,2023,06,13,7,2,4,2,0,0,1,0,0,0,0,366857.044400000013411,5705382.891000000759959,7.082460962000027,51.483906534000027,0,05230617700000402264
05,5,13,000,2023,06,11,7,3,2,6,0,0,1,0,0,0,0,365850.472000000067055,5712736.524599999189377,7.065174114000058,51.549752680000040,0,05230617700000189563
05,5,13,000,2023,06,18,7,3,2,6,2,0,1,0,0,0,0,366899.421000000089407,5712796.748299999162555,7.080271045000075,51.550542300000075,0,05230617700000067101
05,5,54,008,2023,06,12,3,3,4,6,0,0,1,0,0,0,0,334475.462500000372529,5745478.295499999076128,6.597508802000050,51.835560753000038,0,05230620705000395213
05,5,15,000,2023,06,17,3,3,4,6,0,1,0,0,0,0,0,406105.214999999850988,5758339.369999999180436,7.633228309000060,51.967802988000074,0,05230620702100791795
05,5,62,004,2023,06,08,7,3,9,7,0,0,1,0,0,0,0,385604.248300000093877,5713658.963600000366569,7.349642705000065,51.562394577000077,0,05230617301921180493
05,5,70,052,2023,06,19,6,3,2,6,0,0,1,0,0,0,0,431184.355999999679625,5755932.968000000342727,7.998701585000049,51.949841206000031,0,05230616711100302617
05,5,54,048,2023,06,16,3,3,5,3,0,1,1,0,0,0,0,341030.138799999840558,5745117.549699999392033,6.692726815000071,51.834223859000076,0,05230620705000977413
05,5,70,052,2023,06,23,6,3,5,3,2,1,0,0,0,0,0,430885.671900000423193,5757212.686200000345707,7.994098886000074,51.961308377000080,0,05230616711100253160
05,5,66,028,2023,06,19,6,3,3,3,0,0,1,0,1,0,0,411962.413999999873340,5792231.202999999746680,7.709695751000027,52.273398507000081,0,05230616709700986640
05,5,66,092,2023,06,07,6,3,5,2,0,0,1,0,0,0,0,422386.001500000245869,5796499.549399999901652,7.861448554000049,52.313335863000077,0,05230616709700986608
05,5,66,048,2023,06,17,6,3,5,1,0,0,1,0,0,0,0,430742.050999999977648,5795816.144300000742078,7.984145343000023,52.308310433000031,0,05230616709700977523
05,5,66,060,2023,06,18,6,3,4,2,0,0,1,0,0,0,0,389437.287200000137091,5787516.748800000175834,7.381232700000055,52.226961876000075,0,05230616709500274670
05,5,66,008,2023,06,06,6,3,1,6,0,0,1,0,0,0,0,399616.333999999798834,5778831.487999999895692,7.532782412000074,52.150850758000047,0,05230616709110986607
05,5,54,004,2023,06,11,6,3,5,3,0,1,1,0,0,0,0,362259.218999999575317,5770868.685000000521541,6.990302818000032,52.071250156000076,0,05230616705000986617
05,5,54,044,2023,06,18,6,2,8,1,0,0,1,0,0,0,0,364382.478099999949336,5748180.651000000536442,7.030224048000036,51.867907122000076,0,05230616705000687252
05,5,54,008,2023,06,17,6,3,5,3,0,0,1,0,0,0,0,331775.242999999783933,5744628.346999999135733,6.558767890000070,51.827118937000080,0,05230616705000595213
05,5,54,008,2023,06,08,6,3,2,6,0,0,1,0,0,0,0,335479.625000000000000,5743488.479000000283122,6.613015489000077,51.817982081000082,0,05230616705000581025
05,5,15,000,2023,06,16,6,3,5,3,0,0,1,0,0,0,1,404007.668499999679625,5761390.868000000715256,7.601851441000065,51.994872524000073,0,05230616702100762000
05,5,15,000,2023,06,16,6,3,0,7,0,1,0,0,0,0,0,405897.039099999703467,5753024.258500000461936,7.631653699000026,51.919993034000072,0,05230616702100691784
05,5,15,000,2023,06,08,6,3,5,3,0,1,1,0,0,0,0,409343.479000000283122,5760560.907199999317527,7.679765132000057,51.988309089000040,0,05230616702100074471
05,5,15,000,2023,06,18,6,3,4,2,0,1,1,0,0,0,0,401576.379200000315905,5757084.120899999514222,7.567686148000064,51.955737104000036,0,05230616702100064165
05,5,62,028,2023,06,20,6,3,2,6,0,0,1,0,0,0,0,378438.391099999658763,5723453.297700000926852,7.242917949000059,51.648920611000051,0,05230616701920075335
05,5,62,004,2023,06,16,6,3,3,2,0,1,1,0,0,0,0,383656.420800000429153,5709827.793600000441074,7.322821532000034,51.527562329000034,0,05230616701800175248
05,5,62,016,2023,06,12,6,3,2,6,0,0,1,0,1,0,0,376405.116700000129640,5738057.303899999707937,7.208363694000070,51.779723689000036,0,05230616701700385376
05,5,62,024,2023,06,06,6,2,5,2,0,1,0,0,0,0,1,370789.853099999949336,5729281.007600000128150,7.130269557000076,51.699586702000033,0,05230616701500798907
05,5,12,000,2023,06,20,6,3,5,3,0,1,1,0,0,0,0,355480.696299999952316,5717457.664699999615550,6.913772917000074,51.589614694000034,0,05230616701400770110
05,5,12,000,2023,06,10,6,2,0,7,0,0,0,0,0,0,1,357176.303899999707937,5709681.384299999102950,6.941391005000071,51.520170752000070,0,05230616701400698880
05,5,62,020,2023,06,09,6,3,5,3,0,0,1,0,0,0,1,371551.184000000357628,5717899.073799999430776,7.145459927000047,51.597474598000076,0,05230616701200625097
05,5,13,000,2023,06,07,6,3,5,3,0,1,1,0,0,0,0,368744.631000000052154,5714996.517999999225140,7.106047733000025,51.570743281000034,0,05230616700000769608
05,5,13,000,2023,06,13,6,3,1,7,0,1,1,0,0,0,0,364931.937300000339746,5717099.034299999475479,7.050257515000055,51.588736874000062,0,05230616700000495053
05,5,66,028,2023,06,00,1,2,8,1,2,0,0,0,1,0,0,411315.721800000406802,5787721.057600000873208,7.701404798000056,52.232756228000028,0,05230618709700591794
05,5,62,014,2023,06,21,6,3,5,3,0,1,1,0,0,0,0,361819.189500000327826,5713760.785800000652671,7.006666196000026,51.557984079000050,0,05230616701300670110
05,5,62,036,2023,06,16,5,3,1,6,0,0,1,0,1,0,0,388753.745799999684095,5719907.813300000503659,7.393079290000060,51.619189623000068,1,05230622701930885436
05,5,12,000,2023,06,14,5,3,5,3,0,0,1,0,1,0,0,357459.314000000245869,5709712.841000000014901,6.945454662000031,51.520524908000027,1,05230622701400851235
05,5,66,032,2023,06,16,2,3,8,1,0,0,0,0,1,1,0,413556.823599999770522,5777069.666899999603629,7.736928200000023,52.137372793000054,0,05230619709800181050
05,5,70,048,2023,06,05,5,3,5,3,0,1,1,0,0,0,0,448868.798600000329316,5729019.264399999752641,8.259967183000072,51.709781501000066,0,05230615711300676704
05,5,70,008,2023,06,18,5,3,8,1,0,0,0,0,1,0,0,432015.382500000298023,5730283.679899999871850,8.015831342000070,51.719359432000033,0,05230615711300590830
05,5,70,004,2023,06,16,5,3,4,6,0,0,1,0,0,0,1,425554.811400000005960,5729206.300100000575185,7.922553151000045,51.708853573000056,0,05230615711200076720
05,5,70,036,2023,06,13,5,3,5,2,0,0,1,0,0,0,0,433796.491299999877810,5767650.805999999865890,8.034439243000065,52.055497871000057,0,05230615711100290660
05,5,66,028,2023,06,21,5,3,0,7,0,0,1,1,0,0,0,412519.459999999962747,5792260.128299999982119,7.717850251000073,52.273747411000045,0,05230615709700986603
05,5,66,028,2023,06,16,5,3,5,3,0,1,1,0,0,0,0,416175.248999999836087,5790930.903999999165535,7.771747576000053,52.262369250000063,0,05230615709700986593
05,5,66,056,2023,06,06,5,3,5,3,0,0,1,0,0,0,0,416863.773000000044703,5798954.854000000283122,7.779852962000064,52.334596736000037,0,05230615709700986575
05,5,66,016,2023,06,17,5,3,8,7,0,0,1,0,0,0,0,406190.710400000214577,5790968.344399999827147,7.625480710000033,52.261093510000080,0,05230615709500551487
05,5,66,076,2023,06,15,5,3,4,1,0,1,0,0,0,0,0,393175.776399999856949,5793309.798100000247359,7.434113378000063,52.279763082000045,0,05230615709500279128
05,5,66,084,2023,06,10,5,3,5,2,0,0,1,0,0,0,0,374727.620799999684095,5790626.783500000834465,7.164825870000072,52.251759346000028,0,05230615709300716766
05,5,66,008,2023,06,16,5,2,5,3,0,1,0,0,0,0,0,397783.715200000442564,5781505.663899999111891,7.505201237000051,52.174549142000046,0,05230615709000986964
05,5,54,008,2023,06,17,5,2,5,2,0,1,1,0,0,0,0,334484.495299999602139,5745641.246300000697374,6.597561838000047,51.837027266000064,0,05230615705000986597
05,5,54,012,2023,06,06,5,3,5,3,0,1,1,0,0,0,0,352588.541000000201166,5750058.119999999180436,6.858245446000069,51.881784444000061,0,05230615705000986570
05,5,54,012,2023,06,17,5,3,5,3,0,1,1,0,0,0,0,348692.229000000283122,5743412.605000000447035,6.804588475000060,51.821033724000074,0,05230615705000977560
05,5,66,016,2023,06,08,4,3,2,7,0,0,1,0,1,0,0,402138.362999999895692,5794810.153000000864267,7.565009358000054,52.294916550000039,0,05230621709500496580
05,5,54,016,2023,06,18,5,3,8,7,0,0,1,0,0,0,0,364315.870000000111759,5756199.696900000795722,7.026100161000045,51.939948263000076,0,05230615705000691208
05,5,13,000,2023,06,21,5,2,2,6,1,0,1,0,0,1,0,364319.821800000034273,5708876.986500000581145,7.044598545000042,51.514703213000075,0,05230615702340986602
05,5,58,004,2023,06,10,5,1,8,7,0,0,1,0,0,0,0,407201.416500000283122,5730221.990399999544024,7.656724489000055,51.715247975000068,0,05230615702330977580
05,5,15,000,2023,06,16,5,3,3,7,0,0,1,0,0,0,0,401021.906799999997020,5752531.757699999958277,7.560929776000023,51.914721063000059,0,05230615702330447498
05,5,15,000,2023,06,08,5,2,5,3,0,1,1,0,0,0,0,407077.388000000268221,5757671.603000000119209,7.647556078000036,51.961964132000048,0,05230615702100555910
05,5,62,014,2023,06,08,5,3,0,7,0,0,0,0,1,0,0,361816.839700000360608,5713793.426599999889731,7.006619494000063,51.558276820000060,0,05230615701300496188
05,5,13,000,2023,06,14,5,3,0,7,0,0,1,0,1,0,0,368433.464100000448525,5708871.433499999344349,7.103850315000045,51.515626295000061,0,05230615700000581314
05,5,13,000,2023,06,21,5,3,0,1,0,1,1,0,0,0,0,369703.137099999934435,5706169.295099999755621,7.123136546000069,51.491636742000026,0,05230615700000077662
05,5,13,000,2023,06,18,5,2,5,3,0,0,1,0,1,0,0,368069.018000000156462,5708787.384999999776483,7.098632448000046,51.514785979000067,0,05230615700000069503
05,5,70,004,2023,07,16,3,3,8,1,0,0,0,0,1,0,0,422881.894700000062585,5737448.848799999803305,7.882048054000052,51.782590049000078,0,05230711711200690684
05,5,66,076,2023,07,20,3,3,5,3,0,1,1,0,0,0,0,393479.980000000447035,5791909.164999999105930,7.439013112000055,52.267234348000045,0,05230711709500987252
05,5,66,076,2023,07,10,3,3,0,1,0,1,0,0,0,0,0,395102.298999999649823,5792976.070800000801682,7.462446073000024,52.277134795000052,0,05230711709500987234
05,5,66,012,2023,07,18,3,3,2,6,0,0,1,0,1,0,0,401705.333999999798834,5778080.268999999389052,7.563522271000068,52.144474662000050,0,05230711709110306885
05,5,66,012,2023,07,18,3,2,5,3,0,1,0,0,0,1,0,401707.307099999859929,5778076.600400000810623,7.563552157000061,52.144442040000058,0,05230711709110296664
05,5,54,008,2023,07,12,3,3,4,6,0,1,0,0,0,0,0,334731.295300000347197,5745741.573799999430776,6.601092798000025,51.838001621000046,0,05230711705000987245
05,5,54,036,2023,07,15,3,3,0,1,0,0,0,0,1,0,0,367250.402999999932945,5768411.790999999269843,7.064035531000059,52.050392026000054,1,05230711705000755358
05,5,54,036,2023,07,15,3,3,0,1,0,0,0,0,1,0,0,367252.736800000071526,5768410.574500000104308,7.064070017000063,52.050381654000034,1,05230711705000055358
05,5,15,000,2023,07,12,3,3,4,6,0,0,1,0,0,0,1,399843.930100000463426,5757032.644099999219179,7.542498356000067,51.954965101000028,0,05230711702100874773
05,5,15,000,2023,07,14,3,3,3,2,0,1,1,0,0,0,0,403429.614199999719858,5758084.768799999728799,7.594365245000063,51.965056158000039,0,05230711702100474643
05,5,62,016,2023,07,16,3,3,2,6,0,0,1,0,0,0,0,379527.560999999754131,5733670.103000000119209,7.255124729000045,51.740976157000034,0,05230711701700957636
05,5,62,032,2023,07,19,3,3,3,6,0,0,1,0,0,0,1,376104.168999999761581,5714677.668899999931455,7.212297488000047,51.569543011000064,0,05230711701120689476
05,5,70,004,2023,07,14,2,3,5,3,0,0,1,0,0,0,0,424885.479000000283122,5735160.623999999836087,7.911582502000044,51.762292195000043,0,05230710711200376720
05,5,66,040,2023,07,07,2,3,0,1,0,1,0,0,0,0,0,422647.625799999572337,5782485.005799999460578,7.868495561000032,52.187398650000034,0,05230710709800987198
05,5,66,028,2023,07,14,2,3,8,1,0,0,1,0,0,0,0,411192.658999999985099,5794369.288000000640750,7.697853845000054,52.292492250000066,0,05230710709700987211
05,5,66,080,2023,07,10,2,3,4,6,0,0,1,0,0,0,1,409091.432500000111759,5784490.292300000786781,7.669712161000064,52.203354722000029,0,05230710709700676658
05,5,66,076,2023,07,18,2,3,5,3,0,0,1,0,0,0,1,394976.111899999901652,5797841.597400000318885,7.459079862000067,52.320838402000049,0,05230710709500279214
05,5,58,040,2023,07,17,2,3,5,3,0,1,1,0,0,0,0,371546.190600000321865,5763269.002100000157952,7.128577409000059,52.005190622000043,0,05230710706200279113
05,5,54,044,2023,07,14,2,3,2,6,0,0,1,0,0,0,0,365857.235799999907613,5744479.644099999219179,7.053066865000062,51.835006479000072,0,05230710705000987214
05,5,54,028,2023,07,16,2,3,4,6,0,0,1,0,0,0,0,356205.385800000280142,5742084.434299999848008,6.914072501000021,51.811083549000045,0,05230710705000591730
05,5,54,024,2023,07,15,2,2,9,6,0,0,1,0,0,0,0,368958.117399999871850,5775490.806600000709295,7.086205258000064,52.114409168000066,0,05230710702340058532
05,5,62,004,2023,07,12,2,3,0,7,0,0,0,0,0,0,1,382522.717699999921024,5716073.868899999186397,7.304399388000036,51.583465497000077,0,05230710701800089604
05,5,62,020,2023,07,11,2,3,0,7,0,0,0,0,1,0,0,369570.577999999746680,5719861.387000000104308,7.116150574000073,51.614654194000082,0,05230710701200777987
05,5,13,000,2023,07,10,2,3,0,6,0,0,1,0,1,0,0,367789.298600000329316,5708000.526100000366569,7.094898644000068,51.507649295000078,0,05230710700000971500
05,5,13,000,2023,07,11,2,3,0,1,0,1,0,0,0,0,0,364971.807699999772012,5717239.838999999687076,7.050778526000045,51.590011755000035,0,05230710700000479550
05,5,13,000,2023,07,08,2,3,2,6,0,0,1,0,0,0,1,368303.887799999676645,5707062.141899999231100,7.102659645000074,51.499336398000082,0,05230710700000086124
05,5,70,036,2023,07,16,1,2,0,7,0,1,0,0,0,0,0,434381.362999999895692,5760749.994999999180436,8.044291439000062,51.993531449000045,0,05230709711100803006
05,5,70,036,2023,07,18,1,3,9,1,1,0,1,0,0,0,0,433198.034599999897182,5758362.287499999627471,8.027524392000032,51.971925617000068,1,05230709711100103042
05,5,66,040,2023,07,16,1,3,2,6,0,0,1,0,0,0,0,422030.495600000023842,5782339.740800000727177,7.859503572000051,52.186005975000057,0,05230709709800146923
05,5,66,072,2023,07,02,1,2,9,1,2,1,0,0,0,0,0,414090.114500000141561,5799558.513800000771880,7.739001607000034,52.339595250000059,0,05230709709700987177
05,5,66,096,2023,07,16,1,3,5,3,0,0,1,0,0,0,0,387001.261800000444055,5785001.256999999284744,7.346422273000030,52.203861031000031,0,05230709709700038413
05,5,66,096,2023,07,17,1,3,5,3,0,0,1,0,0,0,0,385124.000000000000000,5790267.751399999484420,7.317175018000057,52.250801566000064,0,05230709709300096566
05,5,66,008,2023,07,20,1,3,5,1,0,0,1,0,0,0,0,399215.260999999940395,5781240.854000000283122,7.526207107000062,52.172432449000041,1,05230709709110470631
05,5,54,020,2023,07,14,1,3,0,3,0,1,1,0,0,0,0,366841.531000000424683,5783554.307000000029802,7.052152325000066,52.186358429000052,0,05230709705000987185
05,5,54,064,2023,07,01,1,3,9,1,2,1,0,0,0,0,0,362508.309000000357628,5752354.710699999704957,7.001356944000065,51.904955074000043,0,05230709705000081930
05,5,62,032,2023,07,17,1,3,8,1,0,0,1,0,0,0,0,374546.063000000081956,5716285.584000000730157,7.189253144000077,51.583649008000066,1,05230709702340205118
05,5,15,000,2023,07,14,1,3,0,3,0,1,1,0,0,0,0,403013.915000000037253,5758689.755000000819564,7.588145603000044,51.970421572000078,0,05230709702100391757
05,5,15,000,2023,07,00,1,3,3,6,2,1,1,0,0,0,0,406830.026499999687076,5756771.322899999096990,7.644201102000068,51.953830563000054,0,05230709702100376646
05,5,12,000,2023,07,00,1,2,0,1,2,1,0,0,0,0,0,355502.096699999645352,5721480.726299999281764,6.912423615000023,51.625769777000073,0,05230709701400998880
05,5,13,000,2023,07,18,1,3,9,1,0,0,1,0,0,0,0,366546.791000000201166,5708073.244999999180436,7.076977901000021,51.508010728000045,1,05230709700000987191
05,5,13,000,2023,07,16,1,3,0,1,0,0,0,0,0,0,1,365681.106900000013411,5707668.134299999102950,7.064665566000031,51.504165061000037,1,05230709700000094978
05,5,62,012,2023,07,12,3,3,2,6,0,0,1,0,0,0,0,362824.455299999564886,5731771.447699999436736,7.014098864000061,51.720075531000077,0,05230711701620671854
05,5,70,028,2023,07,17,7,3,5,2,0,0,1,0,0,0,0,441109.173100000247359,5743003.573100000619888,8.145301352000047,51.834743848000073,0,05230708711400590705
05,5,58,012,2023,07,22,7,3,8,1,2,0,1,0,0,0,0,375828.223799999803305,5759724.801899999380112,7.192210847000069,51.974315016000048,0,05230708706200987170
05,5,54,016,2023,07,11,7,3,5,3,0,0,1,1,0,0,0,364281.945299999788404,5756412.165500000119209,7.025523101000033,51.941849170000069,0,05230708705000020980
05,5,13,000,2023,07,23,7,2,2,6,2,0,1,0,0,0,0,363603.764899999834597,5713687.489700000733137,7.032421662000047,51.557759754000074,0,05230708702340596062
05,5,62,032,2023,07,18,7,3,3,3,0,0,1,0,0,0,0,373641.945700000040233,5719152.185300000011921,7.175178150000022,51.609209212000053,0,05230708702340096656
05,5,15,000,2023,07,22,7,3,0,2,2,0,1,0,1,0,0,406322.628999999724329,5756457.540999999269843,7.636905299000034,51.950924902000054,0,05230708702100696580
05,5,15,000,2023,07,15,7,3,5,2,0,1,0,0,0,0,1,405095.707000000402331,5756664.676300000399351,7.619000785000026,51.952578721000066,0,05230708702100276693
05,5,15,000,2023,07,17,7,3,5,7,0,0,0,0,0,0,1,408784.122399999760091,5751455.538499999791384,7.674037736000059,51.906372765000071,0,05230708702100076693
05,5,15,000,2023,07,15,7,3,5,3,0,0,1,0,0,0,0,404651.020399999804795,5760748.216700000688434,7.611397734000036,51.989207002000057,0,05230708702100070612
05,5,62,004,2023,07,09,7,3,5,3,0,0,1,0,0,0,0,383129.000900000333786,5713260.631699999794364,7.314081850000036,51.558306968000068,0,05230708701800971313
05,5,13,000,2023,07,12,7,3,2,6,0,0,1,0,0,0,0,366520.621199999935925,5712668.119799999520183,7.074859681000021,51.549296886000036,0,05230708700000380940
05,5,70,028,2023,07,23,6,3,8,1,2,0,1,0,0,0,0,440258.657499999739230,5744246.360999999567866,8.132744443000036,51.845826393000038,0,05230707711400196893
05,5,70,052,2023,07,16,6,3,6,4,0,0,1,1,0,0,0,429249.131699999794364,5752165.408299999311566,7.971322859000054,51.915729508000027,0,05230707711100503042
05,5,70,036,2023,07,23,6,3,9,1,2,1,0,0,0,0,0,434327.934999999590218,5760853.488299999386072,8.043493573000035,51.994455508000044,0,05230707711100172800
05,5,70,032,2023,07,23,6,3,5,3,2,1,1,0,0,0,0,420581.019000000320375,5766044.591000000014901,7.842107375000069,52.039322996000067,0,05230707711100091713
05,5,62,008,2023,07,11,2,2,0,3,0,1,0,0,0,0,1,384572.454300000332296,5721765.213500000536442,7.332096565000029,51.635041443000034,0,05230710701910489735
05,5,70,052,2023,07,17,6,3,5,3,0,1,1,0,0,0,0,429127.334499999880791,5764264.910000000149012,7.967054290000021,52.024483041000053,0,05230707711100090705
05,5,66,076,2023,07,16,6,3,2,6,0,0,1,0,0,0,0,393660.209400000050664,5792978.456299999728799,7.441316098000073,52.276879175000033,0,05230707709500987131
05,5,66,016,2023,07,11,6,3,5,3,0,0,0,0,1,0,1,402859.733000000007451,5792471.240000000223517,7.576257666000060,52.274023025000076,0,05230707709500861952
05,5,66,084,2023,07,17,6,2,8,1,0,0,0,0,1,0,0,387171.906299999915063,5780682.032199999317527,7.350355670000056,52.165079363000075,0,05230707709300987140
05,5,66,068,2023,07,15,6,3,2,6,0,0,1,0,0,0,0,374893.529000000096858,5785655.293999999761581,7.169094258000030,52.207123249000063,0,05230707709300987130
05,5,54,020,2023,07,17,6,3,2,6,0,0,1,0,0,0,0,365635.118300000205636,5786855.967700000852346,7.033206392000068,52.215732444000082,0,05230707705000987138
05,5,54,032,2023,07,19,6,2,0,1,0,1,0,0,0,0,0,325284.472000000067055,5746160.528999999165535,6.463899831000049,51.838889773000062,0,05230707705000095080
05,5,54,016,2023,07,23,6,2,8,1,2,0,0,0,0,0,1,364361.068099999800324,5751396.572300000116229,7.028649193000035,51.896799594000072,0,05230707705000053158
05,5,13,000,2023,07,13,6,3,2,6,0,0,1,0,0,1,1,367751.731800000183284,5710893.769400000572205,7.093271785000070,51.533641258000046,0,05230707702340005118
05,5,15,000,2023,07,10,6,3,2,6,0,0,1,0,0,0,0,399469.372899999842048,5752365.715099999681115,7.538413388000038,51.912950556000055,0,05230707702330257493
05,5,15,000,2023,07,14,6,2,0,1,0,0,0,0,1,0,0,404755.493800000287592,5756027.241299999877810,7.614228379000053,51.946791039000061,0,05230707702100569102
05,5,15,000,2023,07,06,6,3,5,3,0,1,1,0,0,0,0,412165.264800000004470,5759479.758199999108911,7.721124518000067,51.979044315000067,0,05230707702100072447
05,5,62,004,2023,07,20,6,3,5,2,0,0,1,0,0,0,0,383126.103199999779463,5713247.794600000604987,7.314044336000052,51.558190991000060,0,05230707701800699316
05,5,62,004,2023,07,10,6,3,5,3,0,1,1,0,0,0,0,384584.860000000335276,5716563.996099999174476,7.333988371000032,51.588296762000027,0,05230707701800545438
05,5,62,004,2023,07,06,6,3,5,3,0,1,1,0,0,0,0,383365.750199999660254,5711003.739600000903010,7.318243719000066,51.538071534000039,0,05230707701800175248
05,5,62,012,2023,07,01,6,3,9,1,2,0,1,0,0,0,0,358781.922299999743700,5722639.905999999493361,6.959307331000048,51.637018601000079,0,05230707701610086128
05,5,62,024,2023,07,19,6,3,2,2,0,0,1,0,0,0,0,367466.645999999716878,5721886.969000000506639,7.085014294000075,51.632365719000063,0,05230707701500979600
05,5,12,000,2023,07,14,6,3,5,2,0,0,1,0,0,1,0,355505.564000000245869,5710208.002000000327826,6.917110624000031,51.524477889000082,0,05230707701400785474
05,5,62,014,2023,07,15,6,2,2,6,0,0,1,0,0,0,0,360838.122999999672174,5715161.225999999791384,6.991968639000049,51.570327402000032,0,05230707701300895006
05,5,13,000,2023,07,12,6,3,2,6,0,0,1,0,0,0,0,367622.040799999609590,5708080.293600000441074,7.092460019000043,51.508326987000032,0,05230707700000648340
05,5,13,000,2023,07,12,6,3,2,6,0,0,1,0,0,0,0,367450.023400000296533,5708557.365900000557303,7.089803411000048,51.512573974000077,0,05230707700000373493