ULAND,UREGBEZ,UKREIS,UGEMEINDE,UJAHR,UMONAT,USTUNDE,UWOCHENTAG,UKATEGORIE,UART,UTYP1,ULICHTVERH,IstRad,IstPKW,IstFuss,IstKrad,IstGkfz,IstSonstige,LINREFX,LINREFY,XGCSWGS84,YGCSWGS84,STRZUSTAND,UIDENTSTLAE
05,5,70,020,2023,07,13,5,3,0,3,0,1,1,0,0,0,0,427842.254999999888241,5741544.264699999243021,7.953090671000041,51.820068558000060,0,05230706711400996893
05,5,70,004,2023,07,17,5,3,9,1,0,0,0,0,0,0,1,426232.017900000326335,5738299.188500000163913,7.930423392000023,51.790686076000043,0,05230706711200291770
05,5,70,040,2023,07,17,5,2,8,1,0,0,0,0,1,0,0,413043.519700000062585,5744411.460400000214577,7.737712411000075,51.843734977000054,0,05230706711200087087
05,5,70,052,2023,07,18,5,3,5,3,0,1,1,0,0,0,0,427702.713499999605119,5756086.476399999111891,7.948018841000021,51.950779508000039,0,05230706711100589568
05,5,70,044,2023,07,09,5,3,0,2,0,1,1,0,0,0,0,416616.666000000201166,5759608.503000000491738,7.785889568000073,51.980887468000049,0,05230706711100502896
05,5,70,032,2023,07,10,5,2,5,3,0,1,1,0,0,0,0,420581.019000000320375,5766044.591000000014901,7.842107375000069,52.039322996000067,0,05230706711100002755
05,5,66,028,2023,07,16,5,3,1,6,0,1,0,1,0,0,0,410940.946999999694526,5793699.633999999612570,7.694341126000040,52.286432537000053,0,05230706709700987100
05,5,58,032,2023,07,14,5,3,4,6,0,0,1,0,0,0,1,383387.523099999874830,5756443.073400000110269,7.303325220000033,51.946459516000061,0,05230706706000676254
05,5,54,012,2023,07,16,5,3,2,6,0,0,1,0,0,0,0,352138.756599999964237,5752684.993100000545382,6.850589156000069,51.905267271000071,0,05230706705000081093
05,5,12,000,2023,07,09,5,3,8,1,0,0,1,0,0,0,0,354890.342000000178814,5712548.830000000074506,6.907283802000052,51.545354069000041,0,05230706702340072368
05,5,15,000,2023,07,16,5,3,5,3,0,1,1,0,0,0,0,410496.768299999646842,5758942.985300000756979,7.696977905000040,51.973953177000055,0,05230706702100472447
05,5,62,008,2023,07,12,5,3,2,2,0,0,1,0,0,0,0,381553.684000000357628,5725817.230000000447035,7.287124169000037,51.670831294000038,0,05230706701910974177
05,5,62,012,2023,07,15,5,3,5,2,0,0,1,0,0,0,0,361929.498999999836087,5736032.824999999254942,6.999460058000068,51.758148138000081,0,05230706701620395208
05,5,62,024,2023,07,15,5,3,5,2,0,0,1,0,0,0,0,374268.738699999637902,5724702.794999999925494,7.182231582000043,51.659232839000026,0,05230706701500987102
05,5,66,016,2023,07,14,6,3,8,1,0,0,0,0,1,0,0,407322.761099999770522,5791037.141400000080466,7.642043853000075,52.261903764000067,0,05230707709500896953
05,5,58,012,2023,07,17,4,3,0,1,0,0,0,0,1,0,0,374225.147599999792874,5755075.988199999555945,7.170586257000025,51.932178250000050,0,05230705706200987078
05,5,54,044,2023,07,17,4,3,5,3,0,0,1,0,1,0,0,364973.740000000223517,5744167.051300000399351,7.040373944000066,51.831984650000038,0,05230705705000491585
05,5,54,024,2023,07,15,4,3,5,3,0,0,1,0,0,0,0,369616.763799999840558,5775341.402599999681115,7.095875879000062,52.113222341000039,1,05230705705000087240
05,5,62,004,2023,07,16,4,3,2,6,0,0,1,0,0,0,0,381840.554800000041723,5713370.300300000235438,7.295467367000072,51.559024198000031,0,05230705702340596062
05,5,15,000,2023,07,07,4,3,0,2,0,1,1,0,0,0,0,406246.396499999798834,5757691.192399999126792,7.635459740000044,51.962000701000079,1,05230705702100068126
05,5,62,008,2023,07,16,4,3,0,1,0,1,0,0,0,0,0,385100.143099999986589,5723287.862900000065565,7.339218093000056,51.648834638000039,1,05230705701910987076
05,5,62,012,2023,07,18,4,3,0,1,0,0,0,0,0,0,1,359387.849899999797344,5726096.567099999636412,6.966667539000071,51.668231361000039,0,05230705701610091325
05,5,12,000,2023,07,16,4,3,6,2,0,0,0,1,0,0,1,358970.683000000193715,5711427.365000000223517,6.966537820000042,51.536311032000071,0,05230705701400494388
05,5,62,020,2023,07,20,4,3,0,1,0,0,0,0,1,0,0,370540.624099999666214,5719171.430500000715256,7.130408135000039,51.608677636000039,1,05230705701200385660
05,5,13,000,2023,07,16,4,2,0,7,0,0,0,0,0,0,1,367116.503999999724329,5709158.936000000685453,7.084773113000040,51.517901746000064,0,05230705700000695170
05,5,13,000,2023,07,13,4,3,2,6,0,0,1,0,0,0,0,365842.540500000119209,5715695.798000000417233,7.063930360000029,51.576344291000055,0,05230705700000120538
05,5,70,028,2023,07,15,3,3,5,3,0,0,1,0,0,0,0,447498.110000000335276,5739479.769999999552965,8.238550599000064,51.803700479000042,0,05230704711400994414
05,5,70,040,2023,07,11,3,3,8,1,0,0,1,0,0,0,0,418984.996600000187755,5742347.617200000211596,7.824423689000071,51.826076215000057,0,05230704711200485563
05,5,70,032,2023,07,08,3,3,0,3,0,1,1,0,0,0,0,420581.019000000320375,5766044.591000000014901,7.842107375000069,52.039322996000067,0,05230704711100581966
05,5,70,024,2023,07,21,3,3,7,1,0,0,0,0,1,0,1,417896.420400000177324,5751882.069599999114871,7.806364499000040,51.911624497000048,1,05230704711100428707
05,5,66,088,2023,07,18,3,3,8,1,0,0,0,0,1,0,0,421391.902099999599159,5788602.284199999645352,7.848710008000069,52.242208175000030,0,05230704709800987053
05,5,66,092,2023,07,12,3,3,2,6,0,0,1,0,0,0,0,422741.235000000335276,5792675.766000000759959,7.867535613000030,52.279014953000058,1,05230704709700987042
05,5,66,016,2023,07,17,3,3,5,3,0,0,1,0,0,0,0,398390.015999999828637,5798788.589999999850988,7.508864101000029,52.329992028000049,0,05230704709500011962
05,5,66,068,2023,07,12,3,3,5,2,0,1,1,0,0,0,0,375543.694500000216067,5783230.672100000083447,7.179494701000067,52.185482524000065,1,05230704709300596684
05,5,15,000,2023,07,21,3,3,5,3,0,1,1,0,0,0,0,406130.866299999877810,5757703.383600000292063,7.633775436000064,51.962090787000079,0,05230704702100096747
05,5,62,008,2023,07,15,3,2,8,7,0,0,1,0,0,0,0,384897.853699999861419,5722711.863399999216199,7.336485020000055,51.643616345000055,0,05230704701910289511
05,5,62,004,2023,07,09,3,2,9,1,0,0,1,0,0,0,0,384002.956000000238419,5710227.309000000357628,7.327683213000057,51.531224406000035,0,05230704701800385635
05,5,62,016,2023,07,21,3,3,0,1,2,0,0,0,1,0,0,374971.472099999897182,5733059.088300000876188,7.189390560000049,51.734487097000056,1,05230704701700585437
05,5,12,000,2023,07,13,3,3,5,2,0,0,1,0,0,0,0,355702.013899999670684,5712210.082699999213219,6.919119995000074,51.542518299000051,0,05230704701400098880
05,5,13,000,2023,07,16,3,3,8,1,0,0,1,0,0,0,1,366994.817800000309944,5710483.668500000610948,7.082520206000027,51.529778018000059,0,05230704700000795180
05,5,15,000,2023,07,20,5,3,0,3,0,0,0,0,1,0,1,405614.343999999575317,5757054.595399999991059,7.626438271000040,51.956171747000042,0,05230706702100069102
05,5,62,036,2023,07,11,3,2,1,7,0,1,1,0,0,0,0,388178.650200000032783,5720827.665599999949336,7.384482092000042,51.627343255000028,0,05230711701930575477
05,5,62,032,2023,07,22,6,3,0,1,2,1,0,0,0,0,0,376410.757100000046194,5718473.617599999532104,7.215382483000042,51.603725368000028,0,05230707701110377693
05,5,66,096,2023,07,05,1,2,9,1,0,0,1,0,0,0,0,381286.337000000290573,5788476.739000000059605,7.261613711000052,52.233892206000064,0,05230709709300565812
05,5,70,048,2023,07,16,2,3,0,6,0,1,0,0,0,0,0,451231.610199999995530,5726186.768600000068545,8.294557883000039,51.684525655000073,0,05230703711300682313
05,5,66,016,2023,07,17,2,2,4,6,0,0,1,0,0,0,0,401584.720999999903142,5794698.899000000208616,7.556926336000060,52.293817739000076,0,05230703709500776680
05,5,54,004,2023,07,19,2,3,0,7,0,1,0,0,0,0,1,362780.894000000320375,5771674.888000000268221,6.997585044000061,52.078623665000066,0,05230703705000987030
05,5,54,012,2023,07,17,2,2,5,3,0,0,1,0,0,0,1,347487.809299999848008,5744477.685599999502301,6.786657705000039,51.830275557000050,0,05230703705000091738
05,5,15,000,2023,07,13,2,3,0,4,0,1,0,1,0,0,0,406629.642300000414252,5758708.403400000184774,7.640759396000021,51.971208374000071,0,05230703702100291735
05,5,15,000,2023,07,04,2,3,0,7,1,0,0,0,1,0,0,409514.919700000435114,5761449.487400000914931,7.682026599000039,51.996324127000037,0,05230703702100191757
05,5,12,000,2023,07,07,2,3,5,3,0,1,1,0,0,0,0,357884.095999999903142,5711680.471599999815226,6.950779191000038,51.538312931000064,0,05230703701400189645
05,5,12,000,2023,07,13,2,3,2,6,0,0,1,0,0,1,0,359124.060800000093877,5709892.120699999853969,6.969361916000025,51.522553579000032,0,05230703701400098880
05,5,62,014,2023,07,11,2,2,5,7,0,0,1,0,0,1,0,358929.078999999910593,5714675.240000000223517,6.964635830000020,51.565485958000068,0,05230703701300778150
05,5,62,014,2023,07,01,2,3,0,1,2,1,0,0,0,0,0,357561.223899999633431,5713672.188200000673532,6.945320472000049,51.556128860000058,0,05230703701300778100
05,5,62,020,2023,07,09,2,3,3,2,0,1,0,0,0,0,0,371573.566599999554455,5717916.793299999088049,7.145776417000036,51.597638944000039,0,05230703701200089503
05,5,62,032,2023,07,22,2,3,1,5,2,1,1,0,0,0,0,374241.255300000309944,5715173.492200000211596,7.185254289000056,51.573586601000045,0,05230703701120569388
05,5,62,004,2023,07,05,2,3,2,2,0,0,1,0,0,0,0,383220.092000000178814,5713553.928999999538064,7.315297845000032,51.560961916000053,0,05230703301921073591
05,5,66,028,2023,07,17,1,3,5,3,0,1,1,0,0,0,0,410815.904199999757111,5788363.470499999821186,7.693918575000055,52.238449671000069,0,05230702709000112263
05,5,54,028,2023,07,16,1,3,4,2,0,0,1,0,0,0,0,360888.161600000225008,5741624.114600000903010,6.982140803000050,51.808132207000028,0,05230702705000480991
05,5,54,004,2023,07,05,1,2,0,6,0,1,0,0,0,0,0,361977.182000000029802,5770164.463999999687076,6.986475255000073,52.064852307000081,1,05230702705000189750
05,5,62,036,2023,07,03,1,3,9,1,1,0,1,0,0,0,0,389540.167999999597669,5719256.495999999344349,7.404639488000043,51.613490437000053,0,05230702701930594965
05,5,62,008,2023,07,17,1,3,5,2,0,1,1,0,0,0,0,383650.539599999785423,5720002.031300000846386,7.319367033000049,51.619004631000053,0,05230702701910987000
05,5,62,012,2023,07,16,1,3,2,6,0,0,1,0,0,0,0,360343.163200000301003,5726329.289999999105930,6.980379610000057,51.670560841000054,0,05230702701610989700
05,5,62,024,2023,07,18,1,3,0,7,0,1,0,0,0,0,0,373359.049800000153482,5725642.449400000274181,7.168746396000074,51.667473163000068,0,05230702701500585437
05,5,13,000,2023,07,16,1,3,5,3,0,1,1,0,0,0,0,365428.868800000287592,5714325.482599999755621,7.058489032000068,51.563931418000038,0,05230702700000392100
05,5,66,068,2023,07,11,3,3,9,6,0,0,1,0,0,0,0,375331.011900000274181,5787452.272800000384450,7.174831257000051,52.223370149000061,0,05230711709300796551
05,5,15,000,2023,07,09,7,3,4,2,0,1,1,0,0,0,0,407216.522599999792874,5751345.321299999952316,7.651286715000026,51.905123180000032,0,05230708702100045124
05,5,70,020,2023,07,13,7,3,9,1,0,0,1,0,0,0,0,433344.135800000280142,5747142.862299999222159,8.031823311000039,51.871082867000041,0,05230701711400087230
05,5,70,016,2023,07,18,7,3,5,3,0,0,1,0,0,1,0,411770.544999999925494,5734851.482000000774860,7.721671412000035,51.757600419000028,0,05230701711200590684
05,5,70,012,2023,07,20,7,3,2,6,0,0,1,0,0,0,0,436939.136199999600649,5754579.554999999701977,8.082672331000026,51.938356430000056,1,05230701711100093886
05,5,66,028,2023,07,13,7,3,0,1,0,1,0,0,0,0,0,411911.033499999903142,5794413.207499999552965,7.708372682000061,52.293002654000077,1,05230701709700986976
05,5,58,016,2023,07,00,7,3,6,4,2,0,1,1,0,0,0,382379.621899999678135,5744434.892100000753999,7.292763177000040,51.838328366000042,0,05230701706100441942
05,5,54,004,2023,07,12,7,2,5,3,0,0,1,0,0,0,0,361200.212199999950826,5768222.498700000345707,6.975937225000052,52.047209126000041,1,05230701705000491842
05,5,54,024,2023,07,10,7,3,9,1,0,0,0,0,0,0,1,368098.510700000450015,5773049.336699999868870,7.074604137000051,52.092266441000049,1,05230701705000187234
05,5,66,032,2023,07,09,7,3,2,6,0,0,1,0,0,0,0,413788.913099999539554,5778972.959400000050664,7.739835606000042,52.154516914000055,0,05230701702350107723
05,5,62,024,2023,07,14,7,3,9,1,0,0,1,0,0,0,0,368712.907999999821186,5726610.082000000402331,7.101237622000042,51.675102441000035,1,05230701702340987254
05,5,66,068,2023,07,13,7,2,2,6,0,0,1,0,0,0,0,375196.868099999614060,5791168.735799999907613,7.171495986000025,52.256735951000053,1,05230701702340842872
05,5,12,000,2023,07,10,7,3,2,6,0,0,1,0,0,0,0,355797.478699999861419,5713313.242799999192357,6.920043551000049,51.552455392000070,1,05230701702340205132
05,5,15,000,2023,07,15,7,2,0,1,0,1,0,0,0,0,0,410666.226800000295043,5753286.697100000455976,7.700914339000065,51.923137643000075,1,05230701702100587867
05,5,54,012,2023,07,05,7,2,2,6,0,0,1,0,0,1,0,353981.676500000059605,5745210.494000000879169,6.880519988000060,51.838595024000028,0,05230708705000081093
05,5,62,008,2023,07,04,7,3,9,1,2,0,1,0,0,1,0,383952.763899999670684,5720968.755400000140071,7.323410279000029,51.627755638000053,0,05230701701910485484
05,5,13,000,2023,07,15,7,3,2,6,0,0,1,0,0,0,0,365728.751699999906123,5709871.198300000280142,7.064512481000065,51.523974378000048,1,05230701700000868362
05,5,66,008,2023,07,22,6,3,0,1,1,1,0,0,0,0,0,399993.358000000007451,5781493.042999999597669,7.537506982000025,52.174840632000041,0,05230707709500991754
05,5,62,020,2023,07,00,1,3,0,1,2,0,0,0,0,0,1,371322.915000000037253,5717697.879000000655651,7.142239844000073,51.595614391000026,0,05230709701200995983
05,5,66,008,2023,07,16,1,3,3,2,0,0,1,0,1,0,0,398268.932000000029802,5781112.517999999225140,7.512412281000024,52.171105355000066,0,05230709709110370631
05,5,70,008,2023,07,18,7,3,9,1,0,0,1,0,0,0,0,436444.585900000296533,5738446.305999999865890,8.078448160000050,51.793262303000063,1,05230701301911986987
05,5,70,008,2023,07,18,7,3,2,6,0,0,1,0,0,0,0,435828.110299999825656,5738114.636800000444055,8.069571908000057,51.790210175000027,1,05230701301911594400
05,5,70,048,2023,06,08,6,3,8,7,0,0,1,0,0,0,1,450411.195700000040233,5727126.252499999478459,8.282557939000071,51.692900444000031,1,05230630711300986930
05,5,70,024,2023,06,14,6,3,8,1,0,0,1,0,0,0,0,422345.152099999599159,5753670.666099999099970,7.870623519000048,51.928340833000050,0,05230630711100961702
05,5,70,044,2023,06,06,6,3,9,7,1,0,1,0,0,0,0,420063.906700000166893,5758134.110899999737740,7.836415398000042,51.968140631000040,0,05230630711100681966
05,5,54,028,2023,07,15,2,3,9,7,0,0,1,0,0,0,0,358638.883700000122190,5741717.750700000673532,6.949498521000066,51.808409383000026,0,05230710705000291843
05,5,70,052,2023,06,09,6,3,4,6,0,1,0,0,0,0,0,430150.905600000172853,5755155.218800000846386,7.983824989000027,51.942720707000035,0,05230630711100091696
05,5,70,024,2023,06,07,6,3,0,3,0,0,1,0,1,0,0,421044.377000000327826,5754097.801999999210238,7.851611701000024,51.931997478000028,1,05230630711100087377
05,5,66,084,2023,06,18,6,3,1,6,0,0,1,0,0,0,0,388533.634800000116229,5777413.453800000250340,7.371329034000041,52.135981034000054,0,05230630709300987286
05,5,66,012,2023,06,16,6,2,5,3,0,1,0,0,0,1,0,411753.524000000208616,5766866.485999999567866,7.713227695000057,52.045375959000069,0,05230630709110996547
05,5,58,016,2023,07,07,3,3,0,1,0,0,0,0,1,0,0,380101.611100000329316,5745033.949200000613928,7.259506954000074,51.843227690000049,1,05230704706100191824
05,5,54,020,2023,06,05,6,2,0,7,0,1,0,0,0,0,0,366879.769100000150502,5785603.617300000041723,7.051906199000030,52.204781653000055,0,05230630705000080993
05,5,15,000,2023,06,12,6,3,2,6,0,0,1,0,0,0,0,406256.828099999576807,5751173.342000000178814,7.637387488000059,51.903416673000038,0,05230630702100576643
05,5,15,000,2023,06,11,6,3,0,7,0,0,0,0,0,0,1,407926.288800000213087,5756764.105900000780821,7.660150979000036,51.953948273000037,0,05230630702100496615
05,5,62,008,2023,06,20,6,3,0,1,0,0,0,0,1,0,0,384134.812400000169873,5723485.436699999496341,7.325205982000057,51.650412258000074,0,05230630701910070552
05,5,62,016,2023,06,17,6,3,9,1,0,0,1,0,0,0,0,369669.066300000064075,5732178.173200000077486,7.112977178000051,51.725362996000058,0,05230630701700850783
05,5,62,016,2023,06,15,6,3,5,2,0,0,1,0,0,0,0,367990.622000000439584,5732150.368000000715256,7.088700508000045,51.724720491000028,0,05230630701700198910
05,5,62,012,2023,06,23,6,3,0,7,2,1,0,0,0,0,0,360704.531999999657273,5727184.102499999105930,6.985261065000032,51.678331808000053,0,05230630701610989936
05,5,62,012,2023,06,13,6,3,5,2,0,1,1,0,0,0,0,358505.608000000007451,5724988.672000000253320,6.954367089000073,51.658054628000059,0,05230630701610289936
05,5,62,024,2023,06,12,6,3,5,3,0,0,1,0,0,0,0,368519.343000000342727,5724362.429999999701977,7.099285502000043,51.654858599000079,0,05230630701500075472
05,5,13,000,2023,06,18,6,2,9,1,0,0,1,0,0,0,0,365744.012000000104308,5717616.943600000813603,7.061774651000064,51.593585112000028,0,05230630700000677492
05,5,13,000,2023,06,20,6,3,6,4,0,0,0,1,0,0,1,369854.537299999967217,5710557.836300000548363,7.123696125000038,51.531110943000044,0,05230630700000668362
05,5,13,000,2023,06,18,6,3,0,1,0,1,0,0,0,0,0,369754.462000000290573,5706005.330000000074506,7.123935932000052,51.490175027000078,0,05230630700000475415
05,5,15,000,2023,07,12,2,3,2,6,0,0,1,0,0,0,1,408878.677000000141561,5758550.365499999374151,7.673532106000039,51.970161121000046,0,05230710702100072722
05,5,54,032,2023,07,17,7,3,4,6,0,0,1,0,0,0,0,323434.851900000125170,5743419.645600000396371,6.438478038000028,51.813688878000050,0,05230708705000095080
05,5,70,004,2023,06,10,5,3,5,3,0,1,0,0,0,0,1,422761.700299999676645,5735237.095499999821186,7.880797966000046,51.762690714000030,0,05230629711200585563
05,5,70,024,2023,06,06,5,3,5,3,0,0,1,0,0,0,0,419530.239900000393391,5749731.018300000578165,7.830614077000064,51.892526647000068,0,05230629711100681966
05,5,58,036,2023,06,16,5,2,5,3,0,0,1,0,0,0,0,391924.150999999605119,5727649.055999999865890,7.436463456000070,51.689386755000044,0,05230629706300181020
05,5,58,024,2023,06,07,5,3,5,3,0,0,1,0,0,0,0,391597.525799999944866,5736280.451700000092387,7.429052578000039,51.766902763000076,0,05230629706300020603
05,5,58,020,2023,06,17,5,3,0,7,0,0,1,0,0,0,0,392497.071499999612570,5756132.340800000354648,7.435907816000054,51.945501802000081,0,05230629706200281438
05,5,58,016,2023,06,08,5,3,5,2,0,1,1,0,0,0,0,383729.276700000278652,5741669.534399999305606,7.313272699000038,51.813757834000057,0,05230629706100889266
05,5,54,036,2023,06,14,5,3,7,7,0,1,0,0,0,0,1,369167.844200000166893,5766021.926100000739098,7.092896250000024,52.029372852000051,0,05230629705000603116
05,5,70,008,2023,06,17,4,3,2,4,0,1,1,1,0,0,0,433883.222000000067055,5734726.496999999508262,8.042022378000070,51.759524141000043,0,05230628711300779616
05,5,66,036,2023,06,12,4,3,9,1,0,0,1,0,0,0,0,388589.666699999943376,5766332.007400000467896,7.375767980000035,52.036401133000027,1,05230628709300977276
05,5,66,008,2023,06,14,4,3,2,6,0,0,1,0,0,0,0,396918.736999999731779,5781637.833000000566244,7.492516459000058,52.175576104000072,0,05230628709110977273
05,5,66,008,2023,06,12,4,3,1,5,0,1,0,0,0,0,1,398754.624599999748170,5781244.248999999836087,7.519472557000029,52.172378637000065,0,05230628709110074198
05,5,54,004,2023,06,15,4,3,5,3,0,1,1,0,0,0,0,362711.381000000052154,5772575.631999999284744,6.996208762000037,52.086699916000043,0,05230628705000977258
05,5,66,076,2023,06,03,4,3,8,1,2,0,0,0,0,1,0,398001.090499999932945,5795276.281099999323487,7.504223417000048,52.298353313000064,0,05230628702350005206
05,5,54,016,2023,06,16,4,2,8,1,0,0,1,0,0,0,0,363546.992300000041723,5750203.051599999889731,7.017297397000050,51.885876207000081,0,05230628702340003173
05,5,15,000,2023,06,23,4,3,6,7,2,0,1,1,0,0,0,407825.954699999652803,5754612.029799999669194,7.659268322000059,51.934587546000046,0,05230628702100224844
05,5,15,000,2023,06,15,4,3,5,2,0,1,1,0,0,0,0,406169.361999999731779,5758565.862999999895692,7.634099871000046,51.969849641000053,0,05230628702100087867
05,5,15,000,2023,06,08,4,3,5,3,0,1,1,0,0,0,0,402685.265399999916553,5754819.312599999830127,7.584459006000031,51.935575498000048,0,05230628702100074470
05,5,62,012,2023,06,10,4,3,1,6,0,0,1,0,0,0,0,358668.237700000405312,5727675.409099999815226,6.955629732000034,51.682237865000047,0,05230628701610085353
05,5,62,024,2023,06,20,4,3,5,3,0,0,1,0,0,0,0,364204.738099999725819,5724454.321299999952316,7.036915712000052,51.654658652000080,0,05230628701500472330
05,5,12,000,2023,06,10,4,3,5,3,0,0,1,0,0,0,1,357764.235999999567866,5719536.561000000685453,6.945871316000023,51.608876302000056,1,05230628701400790514
05,5,62,014,2023,06,09,4,2,9,1,0,0,1,0,0,0,0,357854.377999999560416,5714009.533600000664592,6.949409931000048,51.559234147000041,1,05230628701300478150
05,5,13,000,2023,06,22,4,3,2,6,2,0,1,0,0,0,0,366369.936300000175834,5709605.690199999138713,7.073850070000049,51.521740438000052,0,05230628700000567040
05,5,70,052,2023,06,14,6,3,9,1,0,0,1,0,0,0,0,424697.311499999836087,5763813.886800000444055,7.902599835000046,52.019844985000077,0,05230630711100081021
05,5,70,044,2023,07,22,6,3,9,1,1,0,1,0,0,0,0,415594.763399999588728,5760342.530300000682473,7.770833119000031,51.987331266000069,0,05230707711100191800
05,5,70,048,2023,06,17,3,2,5,3,0,1,1,0,0,0,0,447307.340099999681115,5724045.874800000339746,8.238120975000072,51.664923035000072,0,05230627711300549812
05,5,66,008,2023,06,20,3,3,2,2,0,0,1,0,0,0,0,397018.383999999612570,5780441.758999999612570,7.494336177000037,52.164844890000040,0,05230627709110787268
05,5,66,004,2023,06,06,3,2,0,3,0,0,1,0,0,1,0,398563.503700000233948,5769131.813899999484420,7.520288682000057,52.063479765000068,0,05230627709110096565
05,5,58,028,2023,06,07,3,3,9,1,0,0,0,0,1,0,1,400626.798700000159442,5733925.400399999693036,7.560529793000057,51.747409926000046,0,05230627706000986873
05,5,58,012,2023,06,12,3,3,0,1,0,1,0,0,0,0,0,367526.019999999552965,5751700.176000000908971,7.074502959000029,51.900289107000049,0,05230627706000096670
05,5,54,004,2023,06,06,3,3,0,3,0,0,0,0,1,0,1,361435.158499999903142,5771306.898800000548363,6.978109570000072,52.074982059000035,0,05230627705000977295
05,5,54,012,2023,06,14,3,3,5,2,0,1,0,0,0,0,0,352953.168999999761581,5747597.457000000402331,6.864587010000037,51.859771896000041,0,05230627705000096108
05,5,54,036,2023,06,13,3,3,5,2,0,0,0,0,1,0,0,370152.586799999698997,5769299.098899999633431,7.105997219000074,52.059052854000072,0,05230627705000091110
05,5,54,020,2023,06,16,3,3,5,3,0,1,1,0,0,0,0,366340.325000000186265,5785820.048000000417233,7.043931473000043,52.206595825000079,0,05230627705000023815
05,5,15,000,2023,06,12,3,3,3,1,0,1,0,0,0,0,0,405159.233000000007451,5757228.509999999776483,7.619769260000055,51.957657530000063,0,05230627702100688887
05,5,62,016,2023,06,12,3,3,5,2,0,1,1,0,0,0,0,378629.895899999886751,5734191.467199999839067,7.241947971000059,51.745468023000058,0,05230627701700285350
05,5,62,024,2023,06,07,3,3,9,7,0,0,1,0,0,0,0,367029.093600000254810,5724990.275800000876188,7.077516303000039,51.660150150000050,0,05230627701500798910
05,5,13,000,2023,06,16,3,2,2,6,0,0,1,0,1,0,0,368608.101900000125170,5712827.353399999439716,7.104889563000029,51.551217831000031,0,05230627700000575475
05,5,13,000,2023,06,13,3,3,5,7,0,0,1,0,0,0,0,367564.180599999614060,5713609.726099999621511,7.089547075000041,51.558004665000055,0,05230627700000020538
05,5,66,028,2023,07,21,2,3,2,2,0,0,1,0,1,0,0,414209.957999999634922,5791251.778000000864267,7.742876765000062,52.264950363000082,0,05230710709700096560
05,5,70,020,2023,06,12,2,1,6,2,0,0,0,1,0,0,1,432995.411100000143051,5742936.653300000354648,8.027574267000034,51.833227734000047,0,05230626711400487230
05,5,66,040,2023,06,12,2,3,0,1,0,1,0,0,0,0,0,422203.527999999932945,5782386.528400000184774,7.862023319000059,52.186450979000028,0,05230626709800977310
05,5,66,076,2023,06,07,2,2,0,3,0,1,1,0,0,0,0,392639.336000000126660,5790728.120999999344349,7.427074681000022,52.256456640000067,0,05230626709500070593
05,5,54,020,2023,06,15,2,3,0,2,0,1,1,0,0,0,0,366218.994699999690056,5782754.578299999237061,7.043367093000029,52.179021878000071,0,05230626705000986857
05,5,54,012,2023,06,12,2,3,7,7,0,1,0,0,0,0,0,353544.590599999763072,5747915.573000000789762,6.873034383000061,51.862785684000073,0,05230626705000582366
05,5,54,012,2023,06,11,2,3,0,1,0,1,0,0,0,0,0,352513.925099999643862,5745527.944000000134110,6.859095967000030,51.841061610000054,0,05230626705000016031
05,5,15,000,2023,06,06,2,3,5,3,0,1,0,0,0,0,0,403830.200199999846518,5755821.289599999785423,7.600827637000066,51.944780674000071,0,05230626702100974700
05,5,15,000,2023,06,15,2,3,3,3,0,1,1,0,0,0,0,405724.143600000068545,5753792.190600000321865,7.628930092000076,51.926866345000064,0,05230626702100696580
05,5,15,000,2023,06,15,2,2,5,3,0,1,1,0,0,0,0,413524.834099999628961,5752561.657199999317527,7.742655127000035,51.917071679000060,0,05230626702100091784
05,5,15,000,2023,06,12,2,2,2,3,0,1,0,0,0,1,0,410266.183100000023842,5758902.294700000435114,7.693632538000031,51.973550238000030,0,05230626702100064200
05,5,62,028,2023,06,16,2,3,5,2,0,0,1,0,0,0,0,378909.506000000052154,5721219.492000000551343,7.250497047000067,51.628946355000039,0,05230626701920789587
05,5,62,004,2023,06,14,2,3,1,5,0,0,1,0,0,0,0,382924.851599999703467,5716824.614000000059605,7.309950442000059,51.590296638000041,0,05230626701800749723
05,5,62,016,2023,06,12,2,2,9,1,0,0,1,0,0,0,1,374806.460300000384450,5731981.672100000083447,7.187389668000037,51.724767668000027,0,05230626701700986855
05,5,62,012,2023,06,09,2,3,0,1,0,1,0,0,0,0,0,358829.777900000102818,5724230.425699999555945,6.959356648000039,51.651322704000052,0,05230626701610695171
05,5,12,000,2023,06,12,2,3,6,4,0,1,0,1,0,0,0,356691.342799999751151,5708524.760500000789762,6.934876057000054,51.509654664000038,0,05230626701400745422
05,5,62,014,2023,06,10,2,3,4,2,0,0,1,0,0,0,1,360108.193300000391901,5712884.997999999672174,6.982348860000059,51.549692470000082,0,05230626701300575487
05,5,62,032,2023,06,16,2,3,5,3,0,1,1,0,0,0,0,376006.955000000074506,5720913.106699999421835,7.208691585000054,51.625560671000073,0,05230626701110985430