ULAND,UREGBEZ,UKREIS,UGEMEINDE,UJAHR,UMONAT,USTUNDE,UWOCHENTAG,UKATEGORIE,UART,UTYP1,ULICHTVERH,IstRad,IstPKW,IstFuss,IstKrad,IstGkfz,IstSonstige,LINREFX,LINREFY,XGCSWGS84,YGCSWGS84,STRZUSTAND,UIDENTSTLAE
05,5,62,032,2023,06,17,2,3,2,7,0,0,1,0,0,0,0,376616.795400000177324,5721634.429400000721216,7.217243092000047,51.632177370000079,0,05230626701110399301
05,5,54,008,2023,07,23,5,3,0,6,2,1,0,0,0,0,0,334523.415000000037253,5745649.796199999749660,6.598122128000057,51.837115604000076,0,05230706705000696584
05,5,13,000,2023,06,07,3,3,2,7,0,0,1,0,0,0,0,370301.170400000177324,5709375.975500000640750,7.130566674000022,51.520592456000031,0,05230627700000094943
05,5,66,072,2023,06,15,1,3,3,6,0,0,1,0,1,0,0,414211.083999999798834,5802606.841000000014901,7.739997729000038,52.367013287000077,0,05230625709700538413
05,5,66,012,2023,06,04,1,3,9,6,1,0,1,0,0,0,0,406474.305700000375509,5774305.067500000819564,7.634232006000047,52.111370477000037,0,05230625709110272342
05,5,54,052,2023,06,00,1,3,8,1,2,0,1,0,0,0,0,376733.181200000457466,5774097.041300000622869,7.200197732000049,52.103672195000058,0,05230625705000977328
05,5,54,056,2023,06,18,1,2,0,3,0,1,1,0,0,0,0,356437.372000000439584,5761612.792999999597669,6.909303223000052,51.986608332000060,0,05230625705000977320
05,5,54,004,2023,06,12,1,3,5,2,0,1,1,0,0,0,0,363061.031600000336766,5772372.339500000700355,7.001390346000051,52.084959871000081,0,05230625705000096576
05,5,54,024,2023,06,22,1,2,9,1,1,0,1,0,0,0,0,370041.347900000400841,5781449.239099999889731,7.099737677000064,52.168206078000026,0,05230625702340203173
05,5,62,014,2023,06,10,1,3,9,1,0,0,1,0,0,0,0,360823.679700000211596,5713670.832800000905991,6.992350481000074,51.556931010000028,0,05230625702340091247
05,5,62,032,2023,06,11,1,2,3,6,0,0,1,0,0,0,0,374296.629599999636412,5718055.727700000628829,7.185020804000033,51.599501837000048,0,05230625702340051448
05,5,15,000,2023,06,01,1,2,0,7,2,1,0,0,0,0,0,406037.852800000458956,5756775.298800000920892,7.632675925000058,51.953733021000062,0,05230625702100096667
05,5,62,016,2023,06,11,1,3,5,2,0,0,1,0,1,0,0,375201.483099999837577,5730190.195299999788404,7.193747645000030,51.708755866000047,0,05230625701700698910
05,5,62,016,2023,06,11,1,3,5,2,0,1,1,0,0,0,0,374871.187900000251830,5731631.287499999627471,7.188452209000047,51.721633249000035,0,05230625701700095975
05,5,12,000,2023,06,12,1,2,5,2,0,0,1,0,0,0,0,355572.843999999575317,5718648.131999999284744,6.914612156000032,51.600335410000071,0,05230625701400573594
05,5,66,084,2023,06,08,6,3,0,3,0,1,1,0,0,0,0,386549.130300000309944,5779107.262900000438094,7.341780403000030,52.150799341000038,0,05230630709300977252
05,5,54,028,2023,07,22,4,3,4,2,1,0,1,0,0,0,0,360886.405700000002980,5741624.826899999752641,6.982115064000027,51.808138171000053,1,05230705705000987082
05,5,66,088,2023,08,19,5,3,5,3,0,0,1,0,0,0,0,418806.884999999776483,5785941.705000000074506,7.811497561000067,52.217917857000032,1,05230803709800987281
05,5,66,044,2023,08,09,5,3,9,1,0,0,0,0,1,0,0,426807.021999999880791,5781056.433000000193715,7.929635415000064,52.175124775000029,1,05230803709700986062
05,5,66,012,2023,08,07,5,3,5,3,0,0,1,0,0,0,0,404392.794999999925494,5772428.532099999487400,7.604371757000024,52.094147988000032,1,05230803709110896547
05,5,66,080,2023,08,14,5,3,1,6,0,0,1,0,0,0,0,407902.979000000283122,5782830.994000000879169,7.652777445000027,52.188243371000056,0,05230803709000279100
05,5,58,020,2023,08,14,5,3,5,7,0,0,1,0,0,0,1,391294.956000000238419,5760041.095000000670552,7.417187872000056,51.980398462000039,0,05230803706000986053
05,5,54,024,2023,08,12,5,3,8,1,0,0,1,0,0,0,0,372862.854399999603629,5775731.507899999618530,7.143108984000037,52.117483671000059,1,05230803705000986054
05,5,62,032,2023,08,07,5,3,8,1,0,0,1,0,0,0,0,374841.040900000371039,5721728.063599999994040,7.191565510000032,51.632626612000081,1,05230803702340541000
05,5,62,032,2023,08,12,5,3,3,1,0,0,1,0,0,0,0,377178.594299999997020,5716879.061699999496341,7.227022495000028,51.589562653000030,1,05230803702340191297
05,5,15,000,2023,08,16,5,3,2,6,0,0,1,0,0,0,0,403537.029900000430644,5754088.983500000089407,7.597049516000027,51.929159331000051,1,05230803702330080973
05,5,62,004,2023,08,16,5,3,2,6,0,0,1,0,0,1,0,382988.425300000235438,5717128.479399999603629,7.310766415000046,51.593040888000075,1,05230803701800080946
05,5,62,016,2023,08,15,5,3,2,6,0,0,1,0,0,0,0,374488.661999999545515,5734211.646999999880791,7.181986735000066,51.744737046000068,1,05230803701700468263
05,5,66,028,2023,08,19,4,3,5,3,0,1,1,0,0,0,0,413198.394999999552965,5790623.025000000372529,7.728219488000036,52.259140192000075,1,05230802709700057410
05,5,66,076,2023,08,20,4,3,5,3,1,0,1,0,0,0,0,392781.764999999664724,5794103.059000000357628,7.428087784000070,52.286815517000036,1,05230802709500070593
05,5,58,036,2023,08,16,4,3,5,3,0,0,1,0,0,0,0,391924.150999999605119,5727649.055999999865890,7.436463456000070,51.689386755000044,1,05230802706300809884
05,5,54,008,2023,08,05,4,2,3,6,1,0,1,0,0,0,0,333415.102500000037253,5742970.379100000485778,6.583339553000030,51.812716359000035,0,05230802705000520972
05,5,54,036,2023,08,18,4,3,5,3,0,1,1,0,0,0,0,370023.938500000163913,5765664.268200000748038,7.105503757000065,52.026360210000064,0,05230802705000396576
05,5,54,032,2023,08,17,4,1,5,3,0,1,1,0,0,0,0,324495.333999999798834,5746411.967000000178814,6.452329664000047,51.840900852000061,1,05230802705000195213
05,5,15,000,2023,08,16,4,3,2,1,0,1,1,0,0,0,0,406479.841799999587238,5757262.618799999356270,7.638973075000024,51.958187792000047,1,05230802702100279193
05,5,62,014,2023,08,12,4,3,1,5,0,1,1,0,0,0,0,362161.330699999816716,5711420.331900000572205,7.012515503000031,51.537035913000068,1,05230802701300089437
05,5,62,016,2023,08,09,4,2,5,2,0,0,1,0,0,1,1,368910.296699999831617,5732111.685699999332428,7.102022687000044,51.724588633000053,1,05230802701700975303
05,5,62,032,2023,08,16,4,3,1,7,0,0,1,0,0,0,0,373577.542100000195205,5714501.720899999141693,7.175923583000042,51.567400908000081,0,05230802701120945172
05,5,62,032,2023,08,17,4,3,2,6,0,0,1,0,0,0,0,376777.975499999709427,5721584.343800000846386,7.219588390000069,51.631762569000045,1,05230802701110885644
05,5,13,000,2023,08,13,4,3,2,6,0,0,1,0,0,0,0,366099.486999999731779,5716107.826999999582767,7.067479074000062,51.580108077000034,1,05230802700000180917
05,5,70,024,2023,08,08,3,2,5,3,0,0,1,0,1,0,0,419606.974899999797344,5753804.009999999776483,7.830778379000037,51.929150752000055,1,05230801711100087235
05,5,66,072,2023,08,17,3,3,1,1,0,0,1,0,0,0,0,412773.281999999657273,5802127.850700000301003,7.719010613000023,52.362481061000040,1,05230801709700576377
05,5,66,008,2023,08,06,3,3,5,3,0,0,1,0,0,1,0,397582.861999999731779,5781064.759999999776483,7.502398167000024,52.170549220000055,1,05230801709110987268
05,5,54,024,2023,08,22,3,3,2,6,2,0,0,0,0,0,1,370184.456000000238419,5781778.531899999827147,7.101702996000029,52.171198702000027,0,05230801702340887398
05,5,62,032,2023,08,19,3,3,9,1,0,0,1,0,0,0,0,374538.285699999891222,5716267.787499999627471,7.189147310000067,51.583487338000054,0,05230801702340068250
05,5,15,000,2023,08,18,3,3,5,2,0,1,0,0,0,0,1,405774.868800000287592,5757998.428700000047684,7.628514697000071,51.964682560000028,0,05230801702100579098
05,5,62,004,2023,08,20,3,1,5,2,0,0,1,0,1,0,0,384624.940000000409782,5711191.890000000596046,7.336330100000055,51.540021389000060,0,05230801701800080501
05,5,62,016,2023,08,17,3,3,5,3,0,1,0,0,0,0,0,377408.768000000156462,5737524.071000000461936,7.223093376000065,51.775152299000069,1,05230801701700986111
05,5,62,012,2023,08,07,3,3,5,2,0,0,1,0,0,0,0,363310.954599999822676,5727800.776499999687076,7.022693923000077,51.684513652000078,1,05230801701610986130
05,5,62,032,2023,08,21,3,3,2,6,2,0,1,0,1,0,0,375400.383299999870360,5719466.691800000146031,7.200447558000064,51.612427605000050,0,05230801701110877987
05,5,70,028,2023,07,06,2,3,2,6,0,0,1,0,0,0,0,438547.666000000201166,5741728.164300000295043,8.108356712000045,51.823001774000033,1,05230731711400987634
05,5,70,052,2023,07,15,2,3,4,2,0,1,1,0,0,0,0,431378.709999999962747,5756543.926999999210238,8.001407052000047,51.955357535000076,1,05230731711100591858
05,5,70,052,2023,07,23,2,2,8,1,2,0,1,0,0,0,0,428282.611999999731779,5752035.369899999350309,7.957299793000061,51.914436879000050,1,05230731711100087310
05,5,66,076,2023,07,13,2,3,9,7,0,0,1,0,0,0,0,393814.461099999956787,5793071.444000000134110,7.443546867000066,52.277744692000056,1,05230731709500796635
05,5,66,084,2023,07,05,2,2,8,1,1,0,1,0,0,0,0,388654.154000000096858,5780529.163000000640750,7.372068022000065,52.164006519000054,1,05230731709300374704
05,5,54,020,2023,07,09,2,3,5,3,0,0,1,0,0,0,0,365250.891900000162423,5785997.005999999120831,7.027927722000072,52.207920580000064,1,05230731705000020848
05,5,62,004,2023,07,18,2,3,3,7,0,0,1,0,0,0,0,382899.279500000178814,5716227.888599999248981,7.309780545000024,51.584928149000064,1,05230731701800153356
05,5,12,000,2023,07,23,2,3,6,2,2,0,1,1,0,0,0,356500.730999999679625,5709611.276000000536442,6.931688901000030,51.519369547000053,1,05230731701400594940
05,5,12,000,2023,07,15,2,3,2,6,0,0,1,0,0,0,0,356336.497999999672174,5710505.690999999642372,6.928958704000024,51.527364848000047,1,05230731701400463937
05,5,70,036,2023,07,12,1,3,7,7,0,0,0,0,1,0,0,430343.807500000111759,5765381.763299999758601,7.984553536000021,52.034677083000076,0,05230730711100196945
05,5,66,076,2023,07,00,1,3,8,1,2,1,0,0,0,0,0,395075.347699999809265,5791918.160399999469519,7.462380272000075,52.267621893000069,1,05230730709500379180
05,5,66,076,2023,07,17,1,3,8,1,0,1,0,0,0,0,0,393004.207600000314415,5791311.818399999290705,7.432233176000068,52.261773524000034,0,05230730709500079092
05,5,66,068,2023,07,13,1,3,9,1,0,0,0,0,1,0,0,372889.980000000447035,5782392.423000000417233,7.141013159000067,52.177344906000030,0,05230730709300487330
05,5,58,036,2023,07,19,1,3,9,1,0,0,1,0,0,0,0,392191.862599999643862,5727373.047900000587106,7.440420169000049,51.686957438000036,0,05230730706000974761
05,5,54,064,2023,07,16,1,3,3,6,0,0,1,0,0,0,0,360232.074099999852479,5756113.494200000539422,6.966764948000048,51.938162946000034,1,05230730705000091585
05,5,62,012,2023,07,19,1,2,5,2,0,0,1,0,1,0,0,356797.368999999947846,5729871.828999999910593,6.927685012000040,51.701499969000054,1,05230730701610380918
05,5,62,020,2023,07,13,1,3,5,3,0,1,0,0,0,0,0,371539.890800000168383,5714400.869899999350309,7.146576782000068,51.566034050000042,0,05230730701200263560
05,5,62,032,2023,07,18,1,3,2,6,0,0,1,0,0,0,0,379892.816599999554455,5718177.892300000414252,7.265739227000040,51.601820975000066,0,05230730701110385656
05,5,54,008,2023,08,12,4,3,9,6,0,0,1,0,0,0,0,334309.923399999737740,5750356.629399999976158,6.592769579000048,51.879334933000052,1,05230802705000091856
05,5,70,008,2023,08,11,4,3,8,7,0,0,1,0,0,0,0,432544.354000000283122,5733614.766000000759959,8.022842037000032,51.749369970000032,1,05230802711300590830
05,5,70,028,2023,07,11,7,3,5,3,0,0,1,0,1,0,0,441464.398699999786913,5749807.594599999487400,8.149303045000067,51.895950535000054,0,05230729711400987603
05,5,70,028,2023,07,19,7,3,0,1,0,1,0,0,0,0,0,444713.296900000423193,5739606.400699999183416,8.198145647000047,51.804570493000028,1,05230729711400590684
05,5,70,028,2023,07,16,7,3,2,6,0,0,1,0,0,0,0,441305.708200000226498,5746067.107000000774860,8.147633257000052,51.862306308000029,0,05230729711400090684
05,5,70,036,2023,07,02,7,3,9,1,2,1,0,0,0,0,0,431916.464200000278652,5758359.879200000315905,8.008871283000076,51.971748443000081,0,05230729711100781000
05,5,66,076,2023,07,05,7,3,5,3,0,1,1,0,0,0,0,392655.900000000372529,5793213.892999999225140,7.426526394000064,52.278799895000077,0,05230729709500200366
05,5,66,020,2023,08,12,4,3,5,2,0,1,1,0,0,0,0,404471.058699999935925,5804452.919399999082088,7.596461869000052,52.381993846000057,1,05230802709700791642
05,5,66,024,2023,07,22,7,3,8,1,2,0,1,0,0,0,0,386027.070100000128150,5773625.710599999874830,7.335989772000062,52.101429322000058,0,05230729709300151050
05,5,66,024,2023,07,15,7,3,5,3,0,0,1,0,0,0,0,383138.946000000461936,5771062.126000000163913,7.294721727000024,52.077788280000050,0,05230729709300091781
05,5,62,020,2023,07,16,7,3,3,1,0,0,1,0,0,0,0,372124.932900000363588,5715416.908399999141693,7.154643263000025,51.575298109000073,1,05230729702340505121
05,5,15,000,2023,07,12,7,3,2,6,0,0,1,0,0,0,0,399566.324500000104308,5752388.949999999254942,7.539815671000042,51.913176887000077,0,05230729702330091120
05,5,15,000,2023,07,17,7,3,2,6,0,0,1,0,0,0,0,405397.184000000357628,5755466.854800000786781,7.623716005000063,51.941863535000039,1,05230729702100862435
05,5,15,000,2023,07,14,7,3,8,1,0,0,0,0,1,0,0,405510.759100000374019,5751884.185399999842048,7.626351353000075,51.909680067000068,0,05230729702100462435
05,5,62,032,2023,07,17,7,3,0,1,0,0,0,0,1,0,0,374955.803999999538064,5719545.515000000596046,7.194001949000040,51.613037425000073,1,05230729701110365786
05,5,70,004,2023,07,17,6,3,8,1,0,0,1,0,0,0,0,424054.084900000132620,5732853.295299999415874,7.900041926000029,51.741437898000072,0,05230728711200690684
05,5,66,028,2023,07,19,6,2,5,2,0,0,1,0,1,0,0,417215.978000000119209,5789497.112999999895692,7.787344832000031,52.249639176000073,0,05230728709700681516
05,5,66,072,2023,07,15,6,3,2,6,0,0,1,0,0,0,0,412199.936999999918044,5801482.228000000119209,7.710761843000057,52.356586568000068,0,05230728709700376658
05,5,66,076,2023,07,13,6,3,0,1,0,1,0,1,0,0,0,394072.316100000403821,5793477.671399999409914,7.447197335000055,52.281445295000026,1,05230728709500496953
05,5,66,068,2023,07,23,6,3,0,1,2,1,0,0,0,0,0,377527.762000000104308,5785557.194000000134110,7.207660504000046,52.206833367000058,0,05230728709300187316
05,5,58,036,2023,07,17,6,3,0,1,0,1,0,0,0,0,0,390383.029600000008941,5727349.856000000610948,7.414271129000042,51.686398761000078,0,05230728706300887273
05,5,58,008,2023,07,19,6,3,5,3,0,1,1,0,0,0,0,383756.648799999617040,5759390.563999999314547,7.307695930000023,51.973026155000071,0,05230728706000696670
05,5,54,008,2023,07,12,6,3,3,6,0,1,1,0,0,0,0,335287.622000000439584,5745846.259999999776483,6.609110547000057,51.839106400000048,0,05230728705000329632
05,5,12,000,2023,07,10,6,3,0,6,0,0,1,0,0,0,1,356328.315499999560416,5714176.806700000539422,6.927342048000071,51.560350589000052,0,05230728702340105132
05,5,15,000,2023,07,13,6,3,3,2,0,1,1,0,0,0,0,405609.046600000001490,5756967.856499999761581,7.626385034000066,51.955391200000065,0,05230728702100255910
05,5,62,004,2023,07,06,6,3,5,3,0,0,1,0,0,0,0,383520.484000000171363,5713244.642000000923872,7.319731853000064,51.558244235000075,1,05230728701800554187
05,5,62,004,2023,07,07,6,3,0,1,0,0,0,0,1,0,0,382895.321399999782443,5716372.413399999961257,7.309675229000050,51.586226269000065,1,05230728701800273591
05,5,62,012,2023,07,13,6,3,5,2,0,0,1,0,0,0,0,356649.920699999667704,5724511.655300000682473,6.927753137000025,51.653298151000058,0,05230728701610789700
05,5,12,000,2023,07,10,6,3,5,3,0,1,1,0,0,0,0,357110.680900000035763,5712998.778999999165535,6.939099483000064,51.549963785000045,0,05230728701400494412
05,5,62,014,2023,07,00,6,3,9,1,2,0,1,0,0,0,0,361486.522099999710917,5716477.045299999415874,7.000799656000027,51.582311189000052,1,05230728701300489501
05,5,62,014,2023,07,07,6,3,5,3,0,1,1,0,0,0,0,361017.964999999850988,5714964.524000000208616,6.994639752000069,51.568604175000075,1,05230728701300065455
05,5,13,000,2023,07,20,6,3,5,3,0,0,1,0,0,0,0,366210.235500000417233,5714455.778699999675155,7.069705616000022,51.565288233000047,0,05230728700000076320
05,5,13,000,2023,07,21,7,3,2,6,2,0,1,0,0,0,0,363535.673100000247359,5715881.738399999216199,7.030587958000069,51.577461483000036,1,05230729700000767050
05,5,70,004,2023,07,12,5,3,5,3,0,1,0,0,0,0,0,425752.263500000350177,5735003.832800000905991,7.924173405000033,51.760998291000078,1,05230727711200089383
05,5,66,028,2023,07,10,5,2,4,2,0,1,1,0,0,0,0,412850.479000000283122,5793231.492000000551343,7.722449420000032,52.282530885000028,1,05230727709700672367
05,5,66,016,2023,07,15,5,3,8,1,0,0,1,0,0,0,0,408040.898199999704957,5791093.433000000193715,7.652547874000049,52.262530250000054,1,05230727709500172668
05,5,54,012,2023,07,18,5,3,5,3,0,0,1,0,0,0,1,351628.977099999785423,5746516.804700000211596,6.845835601000033,51.849711941000066,1,05230727705000181093
05,5,58,016,2023,07,12,5,3,9,6,0,0,1,0,0,0,1,385284.078399999998510,5748325.837500000372529,7.333609732000070,51.873901943000078,1,05230727702330592276
05,5,15,000,2023,07,16,5,3,2,6,0,0,1,0,0,0,0,403944.174999999813735,5754796.879899999126792,7.602771459000053,51.935592588000077,1,05230727702100996580
05,5,15,000,2023,07,12,5,3,5,3,0,1,1,0,0,0,0,405131.231999999843538,5761746.617000000551343,7.618112742000051,51.998263204000068,1,05230727702100074711
05,5,62,008,2023,07,14,5,3,2,2,0,0,1,0,0,0,0,382573.060999999754131,5721020.341000000014901,7.303469112000073,51.627933017000032,1,05230727701910987561
05,5,62,004,2023,07,16,5,3,2,1,0,0,1,0,0,0,0,386321.267199999652803,5716477.961600000038743,7.359070034000069,51.587876498000071,1,05230727301911635495
05,5,70,052,2023,07,15,4,3,5,2,0,1,1,0,0,0,0,430178.658999999985099,5756121.841700000688434,7.984032339000066,51.951413768000066,0,05230726711100291270
05,5,58,004,2023,07,13,4,3,6,7,0,0,1,1,0,0,0,407855.270499999634922,5732749.991499999538064,7.665517328000021,51.738079822000032,0,05230726706300276764
05,5,58,032,2023,07,17,4,3,5,2,0,0,1,0,0,0,0,388357.109500000253320,5751863.324999999254942,7.377084642000057,51.906318784000064,1,05230726706100996616
05,5,58,012,2023,07,07,4,3,5,3,0,0,1,0,0,0,0,376438.217100000008941,5750392.288499999791384,7.204438415000027,51.890583082000035,0,05230726706000987520
05,5,58,024,2023,07,16,4,3,5,2,0,1,1,0,0,0,0,391656.266999999992549,5736294.100999999791384,7.429899242000033,51.767036812000072,0,05230726706000981020
05,5,54,008,2023,07,20,4,3,0,1,0,0,0,0,1,0,0,335295.124800000339746,5745870.362600000575185,6.609207878000063,51.839325135000081,0,05230726705000987544
05,5,54,012,2023,07,16,4,3,2,6,0,0,1,0,0,0,0,354212.794700000435114,5746820.875199999660254,6.883193337000023,51.853124769000033,0,05230726705000987532
05,5,54,060,2023,07,11,4,2,5,2,0,1,1,0,0,0,0,351916.579300000332296,5758441.242399999871850,6.844884766000064,51.956926471000031,0,05230726705000452633
05,5,62,024,2023,07,04,4,3,8,7,2,0,1,0,0,0,0,373322.207100000232458,5724039.328900000080466,7.168794931000036,51.653057802000035,1,05230726702340068250
05,5,15,000,2023,07,14,4,3,2,6,0,0,1,0,0,0,0,403989.591000000014901,5757151.158999999985099,7.602774353000029,51.956761549000078,1,05230726702100092911
05,5,62,036,2023,07,16,4,2,4,6,0,0,1,0,0,0,0,385013.771999999880791,5719819.603000000119209,7.339109421000046,51.617645167000035,0,05230726701930575335
05,5,62,016,2023,07,19,4,3,8,7,0,0,1,0,0,0,0,371848.906100000254810,5732976.216299999505281,7.144226677000063,51.733037172000081,0,05230726701700685013
05,5,12,000,2023,07,12,4,3,2,6,0,0,1,0,0,0,0,360584.731999999843538,5709669.916099999099970,6.990490487000045,51.520919256000070,0,05230726701400695071
05,5,12,000,2023,07,19,4,3,5,2,0,0,1,0,0,0,0,355670.190299999900162,5718972.199400000274181,6.915883384000040,51.603272309000033,0,05230726701400473594
05,5,62,014,2023,07,09,4,3,5,2,0,0,1,0,1,0,0,359724.875000000000000,5716093.491000000387430,6.975543546000040,51.578428872000075,0,05230726701300590514
05,5,13,000,2023,07,08,4,3,2,6,0,0,1,0,0,0,0,368552.753999999724329,5708901.419999999925494,7.105557339000029,51.515923546000067,0,05230726700000478080
05,5,13,000,2023,07,12,4,2,6,2,0,0,1,1,0,0,0,366973.105999999679625,5712354.039000000804663,7.081500573000028,51.546581223000032,0,05230726700000081500
05,5,15,000,2023,07,15,6,3,5,2,0,1,1,0,0,0,0,406327.500000000000000,5756453.066999999806285,7.636977375000072,51.950885508000056,0,05230728702100839948
05,5,70,004,2023,07,10,3,3,5,3,0,0,1,0,0,0,0,424994.808699999935925,5729088.610999999567866,7.914475108000033,51.707720980000033,1,05230725711200587304
05,5,70,040,2023,07,08,3,2,4,1,0,0,1,0,0,0,0,420581.649100000038743,5743836.622600000351667,7.847245221000037,51.839690731000076,0,05230725711200376720
05,5,70,004,2023,07,08,3,3,0,3,0,0,1,0,1,0,0,425457.872999999672174,5741411.417999999597669,7.918531718000054,51.818561322000050,0,05230725711200202654
05,5,66,032,2023,07,17,3,3,3,1,0,1,0,0,0,0,0,415502.017699999734759,5772693.825899999588728,7.766429743000060,52.098340642000039,0,05230725709800987511
05,5,66,096,2023,07,16,3,3,5,3,0,0,1,0,1,0,0,380244.570000000298023,5787684.793999999761581,7.246646755000029,52.226549885000054,0,05230725709300396612
05,5,58,032,2023,07,18,3,3,6,7,0,1,0,1,0,0,0,388731.044800000265241,5755907.189699999988079,7.381210867000050,51.942737772000044,0,05230725706100065767
05,5,54,008,2023,07,18,3,2,5,2,0,1,1,0,0,0,0,337211.307000000029802,5751067.945000000298023,6.634547683000051,51.886579477000055,0,05230725705000987510
05,5,62,008,2023,07,08,3,3,4,6,0,0,1,0,0,0,0,384724.049499999731779,5722388.474899999797344,7.334080798000059,51.640674223000076,0,05230725701910075253
05,5,62,012,2023,07,06,3,2,9,1,0,0,1,0,0,0,0,358168.879099999554455,5726851.009700000286102,6.948746323000023,51.674704182000028,1,05230725701610097120
05,5,62,032,2023,07,16,3,3,2,6,0,0,1,0,1,0,0,377443.751699999906123,5720544.297399999573827,7.229567074000045,51.622560858000043,0,05230725701110165786
05,5,13,000,2023,07,13,3,3,2,6,0,0,1,0,0,0,0,365482.568199999630451,5713643.170199999585748,7.059524372000055,51.557812648000038,0,05230725700000920538
05,5,66,060,2023,07,22,7,2,9,1,2,0,0,0,1,0,0,389649.552400000393391,5787364.883700000122190,7.384388720000061,52.225639631000035,0,05230729709500491754
05,5,70,040,2023,08,07,3,3,8,1,0,0,1,0,0,0,0,411242.594200000166893,5745773.374399999156594,7.711227009000027,51.855693711000072,1,05230801711200896601
05,5,70,008,2023,07,19,3,3,9,6,1,0,1,0,0,0,0,434940.345200000330806,5737654.184399999678135,8.056788422000068,51.785968128000036,0,05230725301911969203
05,5,66,068,2023,07,17,3,2,0,1,0,0,0,0,0,1,0,374803.086900000460446,5790043.053700000047684,7.166147158000058,52.246531145000063,0,05230725709300996691
05,5,15,000,2023,08,23,5,3,0,1,2,1,0,0,0,0,0,405914.418999999761581,5761506.400000000372529,7.629583278000041,51.996237302000054,1,05230803702100079168
05,5,70,044,2023,07,14,2,2,9,1,0,0,1,0,0,0,0,417025.565700000151992,5754988.396700000390410,7.792958014000021,51.939418455000066,1,05230724711100287270
05,5,58,012,2023,07,23,2,1,9,1,2,0,1,0,0,0,0,376871.758000000379980,5749886.133600000292063,7.210915845000045,51.886130332000050,1,05230724706000570571
05,5,66,028,2023,07,09,2,3,9,1,0,0,1,0,0,0,0,408232.132299999706447,5792108.748600000515580,7.655072984000071,52.271687917000065,1,05230724702350043287
05,5,62,020,2023,07,06,2,3,8,6,0,0,1,0,0,0,0,372315.278699999675155,5715437.701600000262260,7.157381042000054,51.575528123000026,1,05230724702340005203
05,5,58,004,2023,07,06,2,3,9,1,0,0,0,0,0,0,1,406151.022499999962747,5736677.446100000292063,7.639782652000065,51.773100127000077,1,05230724702330791321
05,5,15,000,2023,07,17,2,3,0,3,0,1,1,0,0,0,0,406089.280500000342727,5758926.741599999368191,7.632835748000048,51.973079852000069,0,05230724702100305050
05,5,62,024,2023,07,14,2,3,1,6,0,0,1,0,0,0,0,369556.496100000105798,5725048.911199999973178,7.114013888000045,51.661269367000045,1,05230724701500987474
05,5,12,000,2023,07,05,2,3,5,3,0,0,1,0,0,0,0,358739.022499999962747,5719146.220300000160933,6.960096529000054,51.605614152000044,0,05230724701400181644
05,5,13,000,2023,07,17,2,3,3,6,0,0,1,0,0,0,0,368913.036999999545515,5711366.291999999433756,7.109829458000036,51.538158552000027,1,05230724700000895994
05,5,13,000,2023,07,03,2,3,0,7,2,0,0,0,1,0,0,369068.096800000406802,5707885.113700000569224,7.113357648000033,51.506909850000056,1,05230724700000895091
05,5,66,008,2023,07,12,1,3,7,1,0,1,0,0,0,0,0,399933.175499999895692,5777825.931600000709295,7.537707896000029,52.141870520000055,0,05230723709110996500
05,5,54,016,2023,07,19,1,3,0,1,0,1,0,0,0,0,0,362756.839100000448525,5758888.898800000548363,7.002360693000071,51.963729931000046,1,05230723705000987460
05,5,66,068,2023,07,17,1,2,9,1,0,0,1,0,0,0,0,371042.713700000196695,5783936.232100000604987,7.113425428000028,52.190788599000030,0,05230723702340248172
05,5,62,012,2023,07,06,1,3,3,6,1,0,1,0,0,0,0,364098.147099999710917,5723370.824200000613928,7.035796790000063,51.644896363000043,0,05230723702340005203
05,5,15,000,2023,07,21,1,3,3,6,2,0,1,0,0,0,0,400181.124900000169873,5756539.285299999639392,7.547546918000023,51.950591350000082,1,05230723702330079353
05,5,62,004,2023,07,21,1,3,1,5,1,0,1,0,0,0,0,383643.060399999842048,5709874.386600000783801,7.322613628000056,51.527978346000054,0,05230723701800689642
05,5,13,000,2023,07,01,1,3,1,1,2,0,1,0,1,0,0,364438.061599999666214,5713079.457000000402331,7.044683591000023,51.552496845000064,1,05230723700000989347
05,5,66,088,2023,08,14,4,3,8,6,0,0,1,0,0,0,0,414987.034099999815226,5786021.105000000447035,7.755576717000054,52.218055319000030,1,05230802709800681942
05,5,54,048,2023,07,17,2,3,2,6,0,0,1,0,0,0,0,340819.855999999679625,5745199.546000000089407,6.689639750000026,51.834900621000031,0,05230731705000391777
05,5,70,036,2023,07,13,7,3,8,1,0,0,0,0,1,0,0,432423.309399999678135,5760804.207699999213219,8.015766987000063,51.993783981000036,0,05230722711100191858
05,5,58,016,2023,07,08,7,3,5,7,0,1,1,0,0,0,0,387509.052000000141561,5747281.288399999961257,7.366256161000024,51.864967258000036,0,05230722706000589266
05,5,54,036,2023,07,14,7,2,9,7,0,0,0,0,0,0,1,367636.785199999809265,5768235.506100000813603,7.069735183000034,52.048900378000042,1,05230722705000987441