ULAND,UREGBEZ,UKREIS,UGEMEINDE,UJAHR,UMONAT,USTUNDE,UWOCHENTAG,UKATEGORIE,UART,UTYP1,ULICHTVERH,IstRad,IstPKW,IstFuss,IstKrad,IstGkfz,IstSonstige,LINREFX,LINREFY,XGCSWGS84,YGCSWGS84,STRZUSTAND,UIDENTSTLAE
05,5,54,036,2023,07,11,7,3,2,1,0,0,1,0,0,0,0,366722.811300000175834,5764875.030400000512600,7.057724262000022,52.018485030000079,0,05230722702340887451
05,5,15,000,2023,07,10,7,3,1,6,0,0,1,0,0,1,0,405395.309000000357628,5755569.421299999579787,7.623660517000076,51.942785130000061,0,05230722702100676700
05,5,62,036,2023,07,12,7,3,0,7,0,1,0,0,0,0,0,389273.873399999924004,5720232.563500000163913,7.400486584000021,51.622211056000026,0,05230722701930549578
05,5,62,014,2023,07,12,7,2,5,2,0,0,1,0,1,0,0,357418.295599999837577,5713983.485999999567866,6.943133933000070,51.558890026000029,0,05230722701300173594
05,5,62,032,2023,07,10,7,3,5,3,0,1,0,0,0,0,1,376154.046000000089407,5715266.647199999541044,7.212809166000056,51.574847257000044,0,05230722701120871521
05,5,13,000,2023,07,17,7,3,0,1,0,1,0,0,0,0,0,368741.831100000068545,5714989.629000000655651,7.106009929000038,51.570680720000041,0,05230722700000179550
05,5,70,008,2023,07,21,6,3,0,2,1,0,1,0,1,0,0,433097.314000000245869,5733750.798000000417233,8.030824763000055,51.750659218000067,1,05230721711300482313
05,5,70,040,2023,07,10,6,2,9,1,0,0,1,0,0,0,0,416322.458700000308454,5743756.718800000846386,7.785457152000049,51.838350452000043,0,05230721711200502817
05,5,66,076,2023,07,19,6,3,1,6,0,0,1,0,0,0,0,392142.908999999985099,5789454.450999999418855,7.420211352000024,52.244912873000033,0,05230721709500338293
05,5,66,004,2023,07,16,6,3,0,7,0,1,0,0,0,0,0,395029.995000000111759,5766734.724999999627471,7.469499439000060,52.041277244000071,0,05230721709110796500
05,5,54,064,2023,07,12,6,2,5,2,0,1,1,0,0,0,0,361660.794499999843538,5751216.495500000193715,6.989502012000059,51.894517769000061,0,05230721705000987418
05,5,62,012,2023,07,16,6,3,2,6,0,0,1,0,0,0,0,362347.590099999681115,5729764.666600000113249,7.007992339000054,51.701925833000075,1,05230721701620586128
05,5,66,060,2023,07,10,1,3,8,1,0,0,1,0,0,0,0,392416.696899999864399,5783139.303099999204278,7.426227576000031,52.188210788000049,0,05230730709500096560
05,5,70,028,2023,07,06,5,3,7,7,1,0,1,0,0,0,0,445202.093399999663234,5743378.463899999856949,8.204637231000049,51.838530846000026,1,05230720711400976178
05,5,70,044,2023,07,12,5,3,5,3,0,0,1,0,0,0,0,416847.756699999794364,5755282.866499999538064,7.790300816000070,51.942038912000044,0,05230720711100087310
05,5,66,076,2023,07,09,5,3,2,1,0,0,1,0,0,1,0,400228.429999999701977,5794338.367699999362230,7.537152647000028,52.290332811000042,0,05230720709500538567
05,5,58,012,2023,07,09,5,3,2,1,0,0,1,0,0,0,0,379433.379300000146031,5755682.614800000563264,7.246088967000048,51.938782490000051,0,05230720706000593452
05,5,54,008,2023,07,19,5,3,3,6,0,1,0,0,0,0,0,334256.524500000290573,5745593.436899999156594,6.594278916000064,51.836530178000032,0,05230720705000691248
05,5,62,032,2023,07,07,5,3,5,3,0,1,1,0,0,0,0,374823.217600000090897,5719410.769099999219179,7.192136167000058,51.611796988000037,1,05230720701110970600
05,5,70,008,2023,07,20,6,3,3,6,1,0,1,0,0,0,0,433665.609899999573827,5737087.741100000217557,8.038418824000075,51.780726096000080,0,05230728301911294438
05,5,70,028,2023,07,00,5,2,8,6,2,0,0,0,0,0,1,440218.335199999623001,5739951.829700000584126,8.132900840000048,51.807213409000042,1,05230720400410696627
05,5,62,012,2023,07,17,2,3,2,6,0,0,1,0,0,0,0,358881.850599999539554,5725133.396299999207258,6.959744415000046,51.659449675000076,1,05230731701610971854
05,5,62,004,2023,07,21,5,3,3,6,2,0,1,0,0,0,0,386316.598100000061095,5716480.036699999123812,7.359001994000039,51.587894207000033,0,05230720301911848538
05,5,70,008,2023,07,01,4,3,8,1,2,0,1,0,0,0,0,428751.586600000038743,5731419.135399999096990,7.968359253000074,51.729161923000049,0,05230719711300379616
05,5,70,004,2023,07,14,4,2,4,1,0,0,1,0,0,1,0,419932.246299999766052,5736954.947899999096990,7.839411342000062,51.777735839000059,0,05230719711200691692
05,5,70,052,2023,07,11,4,3,5,7,0,1,1,0,0,0,0,430358.876199999824166,5757096.271700000390410,7.986456712000063,51.960196118000056,0,05230719711100891798
05,5,66,040,2023,07,12,4,3,4,3,0,0,1,0,1,0,0,421578.029000000096858,5782774.225999999791384,7.852786040000069,52.189847353000062,0,05230719709800581125
05,5,54,020,2023,07,11,4,3,5,2,0,1,1,0,0,0,0,366799.403099999763072,5785636.485700000077486,7.050717924000026,52.205057575000069,0,05230719705000987384
05,5,66,028,2023,07,14,5,3,0,1,0,0,0,0,1,0,0,412048.235000000335276,5792917.309000000357628,7.710774270000059,52.279579139000077,1,05230727709700576658
05,5,54,068,2023,07,08,4,3,4,3,0,0,0,0,0,1,1,350914.315700000151992,5765999.096499999985099,6.827023906000022,52.024562316000072,0,05230719705000947428
05,5,54,028,2023,07,09,4,2,7,7,0,0,1,0,0,1,0,356647.408400000073016,5746504.594399999827147,6.918649297000059,51.850913475000027,0,05230719705000781930
05,5,62,004,2023,07,12,4,2,0,1,0,0,1,0,0,0,0,381609.569099999964237,5713330.177999999374151,7.292150338000056,51.558615157000077,0,05230719702340554151
05,5,58,016,2023,07,08,4,2,0,6,0,0,1,0,0,0,1,377476.436599999666214,5742686.255899999290705,7.222249652000073,51.821559367000077,0,05230719702330602673
05,5,15,000,2023,07,11,4,3,2,6,0,1,1,0,0,0,0,406087.795099999755621,5751481.233300000429153,7.634847337000053,51.906155702000035,0,05230719702100070632
05,5,62,016,2023,07,17,4,3,5,2,0,1,1,0,0,0,0,375004.016999999992549,5734264.050000000745058,7.189428717000055,51.745323185000075,0,05230719701700285013
05,5,62,032,2023,07,09,4,3,0,7,0,1,0,0,0,0,0,376135.483300000429153,5716305.965600000694394,7.212174845000050,51.584183767000070,0,05230719701120473586
05,5,62,032,2023,07,18,4,3,1,6,0,0,1,0,0,0,0,374325.184799999929965,5719166.273099999874830,7.185034870000038,51.609488739000028,1,05230719701110391800
05,5,15,000,2023,07,11,6,3,0,7,0,0,1,0,0,0,0,406450.774400000460446,5750762.437100000679493,7.640317283000059,51.899755823000078,0,05230728702100896698
05,5,13,000,2023,07,08,4,3,2,6,0,0,1,0,1,0,0,370221.152999999932945,5710609.305999999865890,7.128959610000038,51.531657882000047,0,05230719700000263447
05,5,66,004,2023,07,16,5,3,5,3,0,1,1,0,0,0,0,395029.051599999889731,5766030.393999999389052,7.469701908000047,52.034946757000057,0,05230720709110976670
05,5,70,036,2023,07,05,3,3,5,3,1,0,1,0,1,0,0,434844.785000000149012,5766787.786000000312924,8.049890621000031,52.047863890000031,0,05230718711100593886
05,5,70,052,2023,07,18,3,3,0,7,0,1,0,0,0,0,0,431250.638000000268221,5755928.765599999576807,7.999666699000045,51.949811625000052,0,05230718711100539522
05,5,70,044,2023,07,11,3,3,5,3,0,1,0,0,0,1,0,416574.921000000089407,5759451.646999999880791,7.785320025000033,51.979471228000079,0,05230718711100072800
05,5,66,040,2023,07,15,3,3,5,2,0,0,1,0,0,0,0,416313.162999999709427,5785260.312999999150634,7.775171931000045,52.211419936000027,0,05230718709800972436
05,5,66,040,2023,07,15,3,3,0,3,0,1,0,0,1,0,0,420441.787999999709427,5783187.878000000491738,7.836070853000024,52.193402834000040,0,05230718709800574770
05,5,66,028,2023,07,17,3,3,2,6,0,0,1,0,1,0,0,417299.707999999634922,5793103.176000000908971,7.787687205000054,52.282065000000046,0,05230718709700581516
05,5,66,016,2023,07,22,3,3,4,1,2,0,1,0,0,0,1,404608.773000000044703,5796320.913000000640750,7.600794259000054,52.308929480000074,0,05230718709500376680
05,5,66,008,2023,07,13,3,1,4,7,0,0,1,0,0,1,0,397157.985799999907613,5781589.879599999636412,7.496028518000060,52.175189765000027,0,05230718709110896500
05,5,58,024,2023,07,11,3,3,0,1,0,1,1,0,0,0,0,394581.235100000165403,5736902.060499999672174,7.472086416000025,51.773059620000026,0,05230718706100781082
05,5,15,000,2023,07,08,4,3,5,3,0,1,1,0,0,0,0,406134.758399999700487,5758263.522500000894070,7.633678959000065,51.967126227000051,0,05230726702100673310
05,5,58,012,2023,07,13,3,3,4,6,0,0,1,0,0,0,0,379040.071499999612570,5755774.704299999400973,7.240337948000047,51.939524724000080,0,05230718706000987361
05,5,54,036,2023,07,14,3,3,5,3,0,0,1,0,0,1,0,370823.762000000104308,5766214.554999999701977,7.116947178000032,52.031491946000074,0,05230718705000987366
05,5,54,008,2023,07,14,3,3,2,2,0,1,0,0,0,0,0,334482.442200000397861,5745640.796800000593066,6.597532281000042,51.837022619000038,0,05230718705000987365
05,5,54,064,2023,07,23,3,2,5,3,2,1,1,0,0,0,0,360217.126799999736249,5756112.244500000029802,6.966548162000038,51.938147963000063,0,05230718705000091585
05,5,54,012,2023,07,12,3,3,8,1,0,0,0,0,0,1,0,351503.041000000201166,5741182.945499999448657,6.846296292000034,51.801754468000070,0,05230718705000020714
05,5,54,064,2023,07,15,3,2,8,1,0,0,1,0,0,0,0,359899.631900000385940,5751225.706800000742078,6.963920456000039,51.894160627000076,0,05230718705000001296
05,5,15,000,2023,07,08,3,3,7,1,0,0,0,0,1,0,0,401750.456199999898672,5761421.566999999806285,7.568976829000064,51.994753685000035,0,05230718702100965913
05,5,15,000,2023,07,20,3,3,0,1,0,0,0,0,1,0,0,403220.880499999970198,5754221.720300000160933,7.592415626000047,51.930297538000048,0,05230718702100774755
05,5,15,000,2023,07,08,3,3,0,1,0,0,0,0,0,0,1,406432.803299999795854,5757295.386900000274181,7.638279793000038,51.958474414000079,0,05230718702100391806
05,5,62,024,2023,07,17,3,3,5,3,0,0,1,0,0,0,1,368368.404000000096858,5724109.003799999132752,7.097200189000034,51.652545853000049,0,05230718701500277673
05,5,62,020,2023,07,17,3,3,2,6,0,0,1,0,0,0,0,371594.967899999581277,5717246.714900000020862,7.146330460000058,51.591621915000076,0,05230718701200085457
05,5,62,032,2023,07,16,3,3,2,6,0,0,1,0,0,0,0,373949.986899999901652,5714752.591700000688434,7.181204464000075,51.569738885000049,0,05230718701120285386
05,5,62,032,2023,07,20,3,3,5,2,0,1,1,0,0,0,0,373661.716099999845028,5719947.230900000780821,7.175176935000025,51.616358716000036,0,05230718701110275293
05,5,62,004,2023,07,18,4,2,0,1,0,0,0,0,1,0,0,383387.553100000135601,5718469.268500000238419,7.316079983000066,51.605174243000079,1,05230719701800989380
05,5,62,016,2023,07,16,2,3,2,6,0,0,1,0,0,0,1,373386.744500000029802,5734974.056900000199676,7.165756829000031,51.751340714000037,1,05230724702330391120
05,5,15,000,2023,08,12,4,3,0,3,0,1,0,0,0,0,0,401517.949000000022352,5758995.355599999427795,7.566288032000045,51.972905313000069,0,05230802702100468135
05,5,70,052,2023,07,07,2,3,5,3,0,1,1,0,0,0,0,429651.689000000245869,5757713.577999999746680,7.976039764000063,51.965656411000055,0,05230717711100872800
05,5,70,044,2023,07,07,2,3,1,2,1,0,1,0,1,0,0,415488.491999999620020,5759703.190999999642372,7.769443434000038,51.981568146000029,0,05230717711100091713
05,5,66,076,2023,07,10,2,3,7,7,0,0,1,0,0,1,0,393628.178000000305474,5792112.523000000044703,7.441119876000073,52.269090655000070,0,05230717709500802376
05,5,66,076,2023,07,17,2,3,4,6,0,0,1,0,0,0,0,392460.825400000438094,5796994.826500000432134,7.422461019000025,52.312741383000059,1,05230717709500096560
05,5,58,020,2023,07,18,2,3,0,1,0,1,0,0,0,0,0,391039.752299999818206,5759907.249299999326468,7.413515992000043,51.979145530000039,0,05230717706000891756
05,5,54,004,2023,07,11,2,3,1,7,0,0,1,0,0,0,0,362717.183699999935925,5771117.841399999335408,6.996880069000042,52.073602619000042,0,05230717705000987420
05,5,54,048,2023,07,08,2,3,0,1,0,1,0,0,0,0,0,341073.791500000283122,5746554.009199999272823,6.692699898000058,51.847141302000068,0,05230717705000885883
05,5,54,004,2023,07,18,2,2,0,3,0,1,0,0,0,0,0,357572.634200000204146,5776658.482699999585748,6.919551826000031,52.122085483000035,1,05230717705000474695
05,5,54,020,2023,07,14,2,3,0,3,0,1,0,0,0,0,0,365265.273000000044703,5786328.878299999982119,7.028005984000060,52.210906071000068,0,05230717705000080993
05,5,13,000,2023,07,17,2,2,8,1,0,0,1,0,0,0,0,364917.712399999611080,5708890.647399999201298,7.053204653000023,51.514969252000071,1,05230717702340596656
05,5,13,000,2023,07,17,2,3,9,1,0,0,1,0,0,0,0,368989.929100000299513,5714912.674300000071526,7.109616454000047,51.570046852000075,1,05230717702340254151
05,5,15,000,2023,07,10,2,3,2,6,0,0,1,0,0,1,0,400523.433299999684095,5754480.360300000756979,7.553121705000024,51.932146693000050,0,05230717702330202673
05,5,15,000,2023,07,18,2,3,3,6,0,0,1,0,1,0,0,406037.313000000081956,5757295.165899999439716,7.632525896000061,51.958405736000032,1,05230717702100879188
05,5,15,000,2023,07,08,2,3,0,1,0,1,0,0,0,0,0,404523.295300000347197,5759082.052799999713898,7.610001923000027,51.974209018000067,0,05230717702100796747
05,5,15,000,2023,07,07,2,3,0,4,0,1,0,1,0,0,0,404940.062500000000000,5756341.552400000393391,7.616826014000026,51.949647769000080,0,05230717702100779176
05,5,15,000,2023,07,20,2,3,1,6,0,0,1,0,0,0,0,405931.134999999776483,5757142.885900000110269,7.631022822000034,51.957019022000054,0,05230717702100505104
05,5,62,036,2023,07,06,2,3,9,7,0,0,1,0,0,0,0,383931.126000000163913,5719950.263000000268221,7.323435297000060,51.618597286000067,0,05230717701930375477
05,5,12,000,2023,07,08,2,3,2,6,0,0,1,0,0,0,0,355190.606700000353158,5715688.585200000554323,6.910317843000030,51.573643949000029,0,05230717701400973594
05,5,13,000,2023,07,19,2,3,5,2,0,0,1,0,0,0,0,362895.656000000424683,5711288.929400000721216,7.023148053000057,51.536033917000054,1,05230717700000775782
05,5,13,000,2023,07,15,2,3,2,2,0,0,1,0,0,0,0,366940.594299999997020,5710538.997700000181794,7.081718056000057,51.530262466000067,0,05230717700000448340
05,5,13,000,2023,07,15,2,3,5,3,0,1,1,0,0,0,0,364447.046099999919534,5718809.645400000736117,7.042601447000038,51.603992547000075,0,05230717700000081500
05,5,54,012,2023,07,10,5,3,5,3,0,1,1,0,0,0,0,352820.205900000408292,5746064.759500000625849,6.863310153000043,51.845965673000080,1,05230727705000855953
05,5,70,008,2023,07,12,1,3,2,2,0,0,1,0,0,0,0,432815.108799999579787,5734577.628699999302626,8.026577468000028,51.758058680000033,0,05230716711300353527
05,5,66,028,2023,07,10,1,1,4,6,0,0,1,0,1,0,0,410931.762000000104308,5789331.289000000804663,7.695359679000035,52.247167427000079,0,05230716709700669050
05,5,66,072,2023,07,16,1,2,2,1,0,0,0,0,1,0,1,410038.656000000424683,5803294.428999999538064,7.678549121000060,52.372524212000030,0,05230716709700091162
05,5,66,084,2023,07,02,1,3,4,6,2,1,0,0,0,0,0,391914.280000000260770,5771981.708200000226498,7.422428456000034,52.087835585000050,1,05230716709110276670
05,5,58,016,2023,07,13,1,3,3,6,0,0,0,0,1,0,0,380775.960300000384450,5738844.275900000706315,7.271421585000041,51.787744621000058,0,05230716706000596571
05,5,54,004,2023,07,16,1,3,0,1,0,1,0,0,0,0,0,357156.110700000077486,5777228.438599999994040,6.913232716000039,52.127098959000080,0,05230716705000391110
05,5,54,036,2023,07,19,1,3,8,1,0,0,0,0,1,0,0,374244.019000000320375,5767689.025000000372529,7.166235364000045,52.045528035000075,0,05230716705000389750
05,5,66,088,2023,07,06,1,3,3,1,0,0,1,0,0,0,0,423128.940899999812245,5786718.826300000771880,7.874573500000054,52.225523370000076,0,05230716702350872418
05,5,66,032,2023,07,13,1,2,0,1,0,0,0,0,1,0,0,413174.575899999588728,5777965.080600000917912,7.731115694000039,52.145361311000045,0,05230716702350105186
05,5,62,012,2023,07,14,1,2,2,6,0,0,1,0,1,0,0,358052.587399999611080,5728717.908800000324845,6.946306478000054,51.691450141000075,0,05230716701610385353
05,5,12,000,2023,07,15,1,3,1,1,0,0,1,0,0,0,0,358017.870299999602139,5711489.995600000023842,6.952783627000031,51.536634992000074,0,05230716701400675781
05,5,62,014,2023,07,14,1,3,5,3,0,1,1,0,0,0,0,359425.707999999634922,5714892.504000000655651,6.971709424000039,51.567562304000035,0,05230716701300475296
05,5,62,032,2023,07,18,1,3,2,6,0,0,1,0,0,0,0,379533.611999999731779,5719414.297000000253320,7.260130320000030,51.612856336000050,0,05230716701110077850
05,5,15,000,2023,08,19,5,3,0,1,0,0,0,0,1,0,1,401096.925999999977648,5760791.176599999889731,7.559643124000047,51.988971647000028,1,05230803702330180978
05,5,70,004,2023,07,16,7,3,1,3,0,1,1,0,0,0,0,423829.259499999694526,5736312.117300000041723,7.896028297000043,51.772501025000054,1,05230715711200079616
05,5,66,044,2023,07,15,7,3,0,1,0,1,0,0,0,0,0,430383.936599999666214,5779847.308800000697374,7.982182655000031,52.164718549000042,0,05230715709800080102
05,5,66,028,2023,07,12,7,3,0,1,0,1,0,0,0,0,0,412554.707499999552965,5792310.266400000080466,7.718353713000056,52.274203674000034,0,05230715709700987316
05,5,66,016,2023,07,00,7,3,8,1,2,0,1,0,0,0,0,403550.281000000424683,5796601.922000000253320,7.585192792000043,52.311270215000036,0,05230715709500196542
05,5,66,012,2023,07,15,7,3,8,1,0,0,0,0,1,0,0,402179.391200000420213,5770077.676999999210238,7.572746577000032,52.072631560000048,0,05230715709110356196
05,5,54,048,2023,07,21,7,3,0,1,1,1,0,0,0,0,0,339041.911500000394881,5745640.092800000682473,6.663652538000065,51.838348878000033,1,05230715705000897147
05,5,54,012,2023,07,20,7,2,4,1,0,0,1,0,0,0,0,353125.329699999652803,5744543.309399999678135,6.868382428000075,51.832375829000057,1,05230715705000795150
05,5,54,008,2023,07,11,7,3,0,6,0,1,0,0,0,0,0,335354.299499999731779,5742875.711899999529123,6.611490090000075,51.812440431000027,0,05230715705000295950
05,5,58,004,2023,07,11,7,3,1,6,0,0,1,0,0,0,1,406234.799700000323355,5735833.847799999639392,7.641224269000077,51.765531247000069,1,05230715702330091822
05,5,15,000,2023,07,11,7,3,5,2,0,1,1,0,0,0,0,405019.896999999880791,5757700.723999999463558,7.617611551000039,51.961878196000043,0,05230715702100987375
05,5,15,000,2023,07,14,7,3,5,3,0,0,1,0,0,0,0,398737.261800000444055,5755818.372300000861287,7.526757248000024,51.943850741000062,0,05230715702100756377
05,5,15,000,2023,07,15,7,3,8,1,0,0,0,0,1,0,0,397134.767500000074506,5756680.390699999406934,7.503193589000034,51.951304547000063,0,05230715702100476732
05,5,15,000,2023,07,12,7,3,1,1,0,1,1,0,0,0,0,405518.004499999806285,5756537.766400000080466,7.625178820000031,51.951509901000065,0,05230715702100472400
05,5,62,014,2023,07,12,7,3,2,6,0,0,1,0,0,0,0,360465.085500000044703,5713933.670600000768900,6.987076807000051,51.559204307000073,0,05230715701300290526
05,5,13,000,2023,07,20,7,3,2,6,0,0,1,0,0,0,0,366274.577100000344217,5711300.415699999779463,7.071832925000024,51.536947668000039,0,05230715700000079011
05,5,70,032,2023,07,11,7,2,5,3,0,1,1,0,0,0,0,421331.747800000011921,5766787.212700000032783,7.852879373000064,52.046105521000072,1,05230715711100687307
05,5,62,028,2023,07,16,1,3,5,3,0,1,0,0,0,0,0,379551.458499999716878,5724611.206199999898672,7.258599590000074,51.659566677000043,0,05230716701920709484
05,5,66,032,2023,08,16,5,3,5,3,0,0,1,0,0,1,0,413141.566999999806285,5776893.184000000357628,7.730907339000055,52.135721341000078,1,05230803709800087281
05,5,66,052,2023,07,13,2,3,9,6,0,0,1,0,0,0,0,379930.745500000193715,5780045.273199999704957,7.244761021000045,52.157829502000027,1,05230731709300996551
05,5,62,024,2023,08,12,4,3,2,6,0,0,1,0,0,0,0,366889.661299999803305,5723300.599500000476837,7.076144788000022,51.644933007000077,1,05230802701500772384
05,5,15,000,2023,08,17,4,3,0,3,0,1,1,0,0,0,0,405654.362800000235438,5757011.784199999645352,7.627032226000040,51.955793732000075,1,05230802702100696615
05,5,70,020,2023,07,14,6,2,5,3,0,0,1,0,0,0,1,436018.493599999696016,5742619.104800000786781,8.071500075000074,51.830727462000027,0,05230714711400581045
05,5,70,028,2023,07,12,6,3,3,3,0,1,1,0,0,0,0,441099.563500000163913,5742648.529999999329448,8.145222339000043,51.831550921000030,0,05230714711400081045
05,5,70,012,2023,07,19,6,2,8,1,0,0,1,0,0,0,0,439897.791000000201166,5755542.588999999687076,8.125537111000028,51.947341557000072,0,05230714711100781000
05,5,66,044,2023,07,06,6,2,4,3,0,0,1,0,1,0,0,422458.328999999910593,5774367.755999999120831,7.867580082000075,52.114406381000038,0,05230714709800574770
05,5,66,040,2023,07,14,6,3,2,6,0,0,1,0,1,0,0,423679.607300000265241,5780894.111400000751019,7.883946235000053,52.173241923000035,0,05230714709800512320
05,5,66,040,2023,07,11,6,2,8,1,0,1,0,0,0,0,0,426156.339999999850988,5780869.553999999538064,7.920162429000072,52.173358199000063,0,05230714709800074770
05,5,66,016,2023,07,04,6,2,9,1,1,0,1,0,0,0,0,408050.237999999895692,5791100.128000000491738,7.652682862000063,52.262591986000075,1,05230714709500676366
05,5,66,076,2023,07,09,6,3,0,7,0,0,1,0,0,0,0,391149.392500000074506,5791870.272900000214577,7.404886496000074,52.266428467000026,0,05230714709500396635
05,5,66,096,2023,07,18,6,3,9,1,0,0,0,0,1,0,0,382044.003800000064075,5788713.373500000685453,7.272620569000026,52.236181560000034,0,05230714709300091743
05,5,58,036,2023,07,16,6,3,2,6,0,0,1,0,0,0,0,388132.061800000257790,5728712.683700000867248,7.381285302000038,51.698203677000038,0,05230714706300094962
05,5,58,016,2023,07,23,6,2,7,1,2,0,0,0,1,0,0,380909.768699999898672,5745000.848600000143051,7.271244107000030,51.843103167000038,0,05230714706100876254
05,5,58,024,2023,07,15,6,3,4,6,0,0,1,0,0,0,1,389231.146399999968708,5736384.632099999114871,7.394740613000067,51.767375935000075,0,05230714706000796611
05,5,58,012,2023,07,12,6,3,5,3,0,1,1,0,0,0,0,373849.422000000253320,5757366.383999999612570,7.164284044000055,51.952675702000079,0,05230714706000093452
05,5,54,060,2023,07,22,6,3,0,3,2,0,1,0,0,0,0,350098.396999999880791,5756116.446000000461936,6.819458265000037,51.935552183000027,0,05230714705000987310
05,5,54,004,2023,07,15,6,3,8,1,0,1,0,0,0,0,0,358609.933199999853969,5771875.343000000342727,6.936677924000037,52.079375412000047,0,05230714705000874672
05,5,54,004,2023,07,17,6,3,5,3,0,1,1,0,0,0,0,357224.953200000338256,5779697.244500000029802,6.913200915000061,52.149298426000030,0,05230714705000393442
05,5,66,012,2023,07,14,6,3,2,6,0,0,1,0,0,0,1,405519.906399999745190,5768681.186400000005960,7.621857402000046,52.060659561000080,0,05230714702350606780
05,5,62,036,2023,07,18,6,3,5,3,0,1,1,0,0,0,0,391656.375599999912083,5719501.119000000879169,7.435115643000074,51.616100424000081,0,05230714701930281230
05,5,62,004,2023,07,16,6,3,5,2,0,0,1,0,0,0,0,383658.086600000038743,5709822.051799999549985,7.322847431000071,51.527511066000045,0,05230714701800577488
05,5,62,024,2023,07,13,6,3,5,3,0,0,1,0,0,0,0,372472.564000000245869,5723542.744999999180436,7.156700721000050,51.648402984000029,0,05230714701500269302
05,5,12,000,2023,07,08,6,3,0,7,0,0,1,0,0,0,1,356713.825000000186265,5708282.505899999290705,6.935298244000023,51.507483497000067,0,05230714701400986167
05,5,66,068,2023,07,09,4,3,5,3,0,1,0,0,0,0,1,378536.847599999979138,5784978.151599999517202,7.222628079000060,52.201853219000043,0,05230719709300896612
05,5,12,000,2023,07,18,6,3,8,1,0,0,1,0,0,0,0,359168.524299999698997,5720025.012700000777841,6.965941583000074,51.613618459000065,0,05230714701400789547
05,5,62,014,2023,07,08,6,3,8,1,0,0,1,0,0,0,0,360197.640300000086427,5715538.368499999865890,6.982582898000032,51.573557977000064,0,05230714701300773594
05,5,13,000,2023,07,17,6,3,2,6,0,0,1,0,0,0,0,365296.773699999786913,5715126.989600000903010,7.056277199000021,51.571102581000048,0,05230714700000995020
05,5,13,000,2023,07,11,6,3,1,5,0,0,1,0,1,0,0,367138.019000000320375,5714406.997999999672174,7.083101857000031,51.565069210000047,0,05230714700000096563
05,5,70,024,2023,07,12,7,3,8,1,0,0,1,0,0,0,0,423780.293200000189245,5753626.424100000411272,7.891501091000066,51.928141493000055,1,05230715711100593886
05,5,66,084,2023,07,17,6,3,8,2,0,0,1,0,1,0,0,389415.567999999970198,5781047.019999999552965,7.383026727000072,52.168813630000045,0,05230714709300078430
05,5,66,084,2023,07,22,5,3,8,1,2,0,1,0,0,0,0,389339.706899999640882,5781000.144300000742078,7.381933245000027,52.168377147000058,1,05230713709300351050
05,5,54,012,2023,07,17,5,2,4,6,0,0,1,0,0,0,0,345596.933899999596179,5743907.023099999874830,6.759493287000055,51.824629129000073,1,05230713705000380991
05,5,54,056,2023,07,18,5,3,5,2,0,1,1,0,0,0,0,356836.322999999858439,5762419.264000000432134,6.914772279000033,51.993957442000067,1,05230713705000091834
05,5,54,024,2023,07,18,5,2,8,1,0,0,1,0,0,0,0,368977.317499999888241,5775714.535299999639392,7.086399387000029,52.116424091000056,1,05230713702340905261
05,5,15,000,2023,07,13,5,3,5,3,0,1,1,0,0,0,0,405034.740199999883771,5757997.281799999997020,7.617745515000024,51.964546311000049,0,05230713702100174725
05,5,62,036,2023,07,12,5,2,6,7,0,1,0,1,0,0,0,392923.533599999733269,5719880.991200000047684,7.453294798000059,51.619757293000077,0,05230713701930286654
05,5,62,004,2023,07,23,5,3,8,5,2,0,1,0,0,0,0,382715.161700000055134,5714244.995600000023842,7.307786380000039,51.567068243000051,0,05230713701800125408
05,5,54,044,2023,07,15,6,3,0,7,0,0,0,0,1,0,0,364624.162899999879301,5741036.340600000694394,7.036527386000046,51.803767627000070,0,05230728705000987585
05,5,62,012,2023,07,12,5,3,0,7,0,1,0,0,0,0,0,357805.279600000008941,5726854.537200000137091,6.943489920000047,51.674643959000036,0,05230713701610965988
05,5,62,024,2023,07,15,5,3,8,1,0,0,1,0,0,0,0,367073.340499999932945,5725036.654200000688434,7.078137997000056,51.660577392000050,1,05230713701500475472
05,5,54,012,2023,07,13,6,3,5,2,0,0,1,0,0,0,0,352599.478400000371039,5744170.550400000065565,6.860915131000070,51.828888100000029,0,05230721705000891585
05,5,15,000,2023,07,10,7,2,6,7,0,0,1,1,0,0,0,405395.511099999770522,5755567.814999999478459,7.623663898000075,51.942770726000049,0,05230722702100091806
05,5,13,000,2023,07,13,2,3,3,1,0,0,1,0,0,1,0,363186.283499999903142,5713677.125800000503659,7.026407172000063,51.557565520000026,1,05230724702340591792
05,5,62,014,2023,08,20,4,3,2,6,0,0,1,0,0,0,0,360540.824199999682605,5714297.320000000298023,6.988024430000053,51.562490822000029,1,05230802701300065430
05,5,70,008,2023,07,09,2,3,9,1,0,0,1,0,0,0,0,430475.587100000120699,5733199.024199999868870,7.992962055000021,51.745379536000030,1,05230731301911594960
05,5,70,028,2023,07,22,6,3,5,2,2,0,1,0,0,0,0,441101.152700000442564,5742716.058399999514222,8.145233905000055,51.832158184000036,0,05230728711400897002