ULAND,UREGBEZ,UKREIS,UGEMEINDE,UJAHR,UMONAT,USTUNDE,UWOCHENTAG,UKATEGORIE,UART,UTYP1,ULICHTVERH,IstRad,IstPKW,IstFuss,IstKrad,IstGkfz,IstSonstige,LINREFX,LINREFY,XGCSWGS84,YGCSWGS84,STRZUSTAND,UIDENTSTLAE
05,5,66,028,2023,07,19,4,3,9,1,0,1,0,0,0,0,0,408288.967799999751151,5794916.559599999338388,7.655141712000045,52.296934132000047,1,05230712709700491071
05,5,66,012,2023,07,11,4,3,5,3,0,1,1,0,0,0,0,406025.186599999666214,5773824.135900000110269,7.627808216000062,52.106971625000028,0,05230712709110696547
05,5,58,020,2023,07,15,4,3,5,3,0,1,1,0,0,0,0,392610.197300000116229,5755896.576700000092387,7.437626696000052,51.943404675000068,0,05230712706000795003
05,5,54,004,2023,07,11,4,2,5,3,0,0,1,0,0,0,0,358728.501000000163913,5772000.000000000000000,6.938355363000028,52.080525721000072,0,05230712705000987265
05,5,54,020,2023,07,06,4,3,5,3,0,0,1,0,1,0,0,367247.776999999769032,5782660.346000000834465,7.058441182000024,52.178423658000042,1,05230712705000520881
05,5,54,040,2023,07,12,4,3,2,6,0,0,1,0,1,0,0,352797.069299999624491,5735195.035000000149012,6.867588361000060,51.748294835000081,0,05230712705000391636
05,5,54,004,2023,07,17,4,2,5,2,0,1,1,0,0,0,0,360506.431400000117719,5774472.624600000679493,6.963271943000052,52.103193386000044,1,05230712705000020870
05,5,62,032,2023,07,17,4,3,2,6,0,0,1,0,0,0,0,374536.047399999573827,5716267.218599999323487,7.189115224000034,51.583481727000049,0,05230712702340987683
05,5,62,032,2023,07,16,4,2,2,6,0,0,1,0,0,0,0,376616.407899999991059,5716547.059499999508262,7.219028020000053,51.586456038000051,0,05230712702340905261
05,5,62,032,2023,07,16,4,2,3,6,0,0,1,0,0,1,1,378873.621199999935925,5717523.520099999383092,7.251256093000052,51.595721602000026,0,05230712702340591247
05,5,15,000,2023,07,23,4,3,5,7,2,0,1,0,1,0,0,408110.331500000320375,5751403.038399999961257,7.664260020000029,51.905790125000067,0,05230712702100972400
05,5,15,000,2023,07,16,4,3,5,3,0,1,0,0,0,0,0,404839.548000000417233,5756185.997999999672174,7.615407001000051,51.948232395000048,0,05230712702100296673
05,5,62,024,2023,07,13,4,3,7,1,0,0,0,0,1,0,0,363564.421000000089407,5725654.276799999177456,7.027196690000039,51.665286586000036,0,05230712701500306826
05,5,62,014,2023,07,16,4,3,1,5,0,0,1,0,1,0,0,361651.655399999581277,5712186.405400000512600,7.004870206000021,51.543795331000069,0,05230712701300094940
05,5,62,020,2023,07,13,4,3,5,3,0,0,1,0,1,0,0,367492.991399999707937,5720901.426899999380112,7.085767641000075,51.623515344000054,0,05230712701200595117
05,5,13,000,2023,07,09,4,3,2,6,0,0,1,0,0,0,0,368940.696000000461936,5711191.755999999120831,7.110293024000043,51.536596459000066,0,05230712700000580913
05,5,13,000,2023,07,14,4,3,2,6,0,0,1,0,0,0,0,367631.326000000350177,5709118.825999999418855,7.092203785000038,51.517662162000079,0,05230712700000571500
05,5,13,000,2023,07,14,4,3,5,3,0,1,1,0,0,0,0,367304.769500000402331,5714215.636600000783801,7.085578487000021,51.563388782000061,0,05230712700000080917
05,5,70,004,2023,08,19,1,3,1,7,0,1,1,0,0,0,0,425309.752700000070035,5736579.563300000503659,7.917423949000067,51.775104800000065,0,05230813711200391707
05,5,66,044,2023,08,16,1,1,9,1,0,0,0,1,1,0,0,429755.528500000014901,5778459.742300000041723,7.973283709000043,52.152165719000038,0,05230813709800041783
05,5,66,072,2023,08,14,1,2,2,1,0,1,0,0,0,0,0,415209.694699999876320,5802000.788200000301003,7.754813958000057,52.361721352000075,0,05230813709700985710
05,5,58,036,2023,08,15,1,1,5,3,0,0,1,0,1,0,0,386866.655399999581277,5729370.157600000500679,7.362769736000075,51.703859237000074,0,05230813706300376678
05,5,58,012,2023,08,13,1,3,5,2,0,0,1,0,1,0,0,378976.822999999858439,5755766.919999999925494,7.239421050000033,51.939441015000057,0,05230813706200568277
05,5,58,036,2023,08,15,1,3,5,3,0,1,1,0,0,0,0,383594.092600000090897,5729537.286599999293685,7.315376188000073,51.704691979000074,0,05230813706000985708
05,5,58,012,2023,08,15,1,2,2,6,0,0,1,0,1,0,0,373251.761800000444055,5757335.839199999347329,7.155603146000033,51.952265337000028,0,05230813706000920578
05,5,54,004,2023,08,11,1,3,6,1,0,1,0,1,0,0,0,362028.276200000196695,5770732.873400000855327,6.986990411000022,52.069972365000069,0,05230813705000687240
05,5,54,036,2023,08,13,1,3,3,6,0,1,0,0,0,0,0,367734.352500000037253,5768213.721799999475479,7.071165574000077,52.048727919000044,0,05230813705000068363
05,5,13,000,2023,08,08,1,2,2,6,0,0,1,0,1,0,0,368188.021999999880791,5711132.017999999225140,7.099469203000069,51.535884364000026,0,05230813702340196605
05,5,62,008,2023,08,18,1,3,5,2,0,1,1,0,0,0,0,385079.762199999764562,5723262.987199999392033,7.338931810000076,51.648606897000036,0,05230813701910185484
05,5,70,040,2023,08,08,7,3,9,1,0,0,1,0,0,0,0,412820.790599999949336,5749797.221000000834465,7.733120427000074,51.892112651000048,0,05230812711200391770
05,5,66,060,2023,08,10,7,3,0,1,0,1,0,0,0,0,0,388731.835699999704957,5788555.143699999898672,7.370566852000024,52.236151821000078,1,05230812709500896542
05,5,66,008,2023,08,12,7,3,8,7,0,0,1,0,0,0,0,400022.278900000266731,5777669.562300000339746,7.539055515000030,52.140481235000038,1,05230812709000387293
05,5,54,008,2023,08,16,7,3,5,3,0,0,1,0,0,0,0,338364.921000000089407,5749566.836999999359250,6.651998364000065,51.873429780000038,0,05230812705000076765
05,5,12,000,2023,08,11,7,3,9,1,0,0,0,0,1,0,0,357420.058299999684095,5719337.071100000292063,6.940985376000071,51.606996689000027,1,05230812702340803173
05,5,62,020,2023,08,16,7,3,9,1,0,0,1,0,0,0,0,372219.389100000262260,5715441.204500000923872,7.155996756000036,51.575537876000055,1,05230812702340391865
05,5,15,000,2023,08,11,7,3,8,1,0,0,1,0,0,0,0,398660.417200000025332,5761888.022399999201298,7.523847822000050,51.998390884000059,1,05230812702100757477
05,5,15,000,2023,08,13,7,3,2,6,0,0,1,0,1,0,0,406099.319500000216067,5758358.333699999377131,7.633137332000047,51.967972447000079,1,05230812702100374710
05,5,15,000,2023,08,00,7,2,5,3,2,1,1,0,0,0,0,407012.011199999600649,5755612.837099999189377,7.647161933000064,51.943447939000066,0,05230812702100092507
05,5,15,000,2023,08,13,7,3,2,7,0,0,1,0,1,0,0,406471.996500000357628,5750717.381500000134110,7.640637864000041,51.899354399000060,1,05230812702100056497
05,5,12,000,2023,08,14,7,2,1,5,0,0,1,0,0,0,0,355529.955000000074506,5709032.098999999463558,6.917944029000068,51.513917753000044,1,05230812701400614020
05,5,12,000,2023,08,17,7,3,6,4,0,0,1,1,0,0,0,356217.555700000375509,5710034.988099999725819,6.927437360000056,51.523104934000060,0,05230812701400594974
05,5,62,014,2023,08,14,7,3,5,3,0,1,1,0,0,0,0,360127.006099999882281,5715652.066700000315905,6.981519021000054,51.574562153000045,1,05230812701300178100
05,5,62,032,2023,08,19,7,3,1,6,0,0,1,0,0,1,0,373570.083800000138581,5720560.363500000908971,7.173632880000071,51.621848348000071,0,05230812701110985735
05,5,13,000,2023,08,12,7,3,2,6,0,0,1,0,0,0,0,368078.315100000239909,5706728.669900000095367,7.099536432000036,51.496286958000042,0,05230812700000095200
05,5,70,052,2023,08,16,6,3,5,2,0,0,1,0,0,0,0,430391.516200000420213,5757067.997600000351667,7.986937398000066,51.959946032000062,0,05230811711100197002
05,5,66,044,2023,08,23,6,2,8,1,2,1,0,0,0,0,0,429648.702100000344217,5779284.127599999308586,7.971551786000020,52.159562741000059,0,05230811709800096554
05,5,66,040,2023,08,15,6,3,0,7,0,0,1,0,0,0,0,419008.466900000348687,5784054.283999999985099,7.814899181000044,52.200982047000082,0,05230811709700985792
05,5,66,008,2023,08,15,6,3,5,2,0,1,1,0,0,0,0,400049.751000000163913,5782214.456000000238419,7.538118781000037,52.181334735000064,0,05230811709110570537
05,5,58,024,2023,08,09,6,3,5,3,0,0,1,0,0,0,1,393064.650700000114739,5736913.582900000736117,7.450110481000024,51.772875505000059,0,05230811706300076683
05,5,58,012,2023,08,09,6,3,2,6,0,1,0,0,0,0,0,372035.579499999992549,5755998.765200000256300,7.138413403000072,51.939971524000043,0,05230811706000591756
05,5,58,012,2023,08,10,6,3,0,1,0,1,0,0,0,0,0,374065.463100000284612,5755972.705399999395013,7.167936617000066,51.940200454000035,0,05230811706000158240
05,5,54,028,2023,08,19,6,2,0,1,0,0,0,0,1,0,0,362729.494699999690056,5746657.718499999493361,7.006835956000032,51.853818194000041,0,05230811705000996552
05,5,54,032,2023,08,04,6,2,5,2,2,0,1,0,0,0,1,323577.567999999970198,5743660.078999999910593,6.440423834000057,51.815893573000039,0,05230811705000985825
05,5,54,032,2023,08,10,6,3,5,2,0,1,1,0,0,0,0,322937.210300000384450,5747106.033999999985099,6.429380704000039,51.846643244000063,0,05230811705000985810
05,5,54,004,2023,08,16,6,3,0,2,0,1,1,0,0,0,0,362725.277999999932945,5771184.174000000581145,6.996971413000040,52.074200647000055,0,05230811705000985791
05,5,54,060,2023,08,17,6,3,1,3,0,1,1,0,0,0,0,353981.466900000348687,5757399.069399999454618,6.875356171000021,51.948108714000057,0,05230811705000985783
05,5,54,016,2023,08,21,6,3,9,1,2,0,0,0,1,0,0,361454.993999999947846,5756189.342000000178814,6.984512538000047,51.939150282000071,0,05230811705000985765
05,5,15,000,2023,08,15,6,3,2,1,0,0,1,0,0,0,0,401927.405199999921024,5762138.687400000169873,7.571348058000069,52.001230559000078,0,05230811702350005206
05,5,62,032,2023,08,13,6,3,2,6,0,0,1,0,0,0,0,374862.018000000156462,5716336.050000000745058,7.193793069000037,51.584172799000044,0,05230811702340596062
05,5,62,032,2023,08,12,6,3,2,6,0,0,1,0,0,1,1,374517.562500000000000,5716540.082200000062585,7.188751035000053,51.585929864000036,0,05230811702340591297
05,5,62,012,2023,08,13,6,3,2,6,0,0,1,0,0,0,0,356229.269399999640882,5727863.412799999117851,6.920297352000034,51.683308097000065,0,05230811702340170607
05,5,15,000,2023,08,12,6,3,6,7,0,0,0,1,0,0,1,406367.711799999698997,5757029.633400000631809,7.637405210000054,51.956074738000041,0,05230811702100876646
05,5,15,000,2023,08,15,6,2,4,2,0,1,0,0,0,0,1,404992.824000000022352,5763601.482000000774860,7.615582856000060,52.014911663000078,0,05230811702100470584
05,5,15,000,2023,08,23,6,2,9,1,2,0,1,0,0,0,0,403682.031700000166893,5755652.896999999880791,7.598719807000066,51.943241468000053,0,05230811702100172722
05,5,15,000,2023,08,13,6,3,5,2,0,1,1,0,0,0,0,408261.204599999822676,5754121.328600000590086,7.665728301000058,51.930248738000046,0,05230811702100096580
05,5,62,028,2023,08,16,6,3,5,2,0,1,1,0,0,0,0,378845.658999999985099,5722747.051799999549985,7.249046327000030,51.642661275000080,0,05230811701920248786
05,5,62,016,2023,08,16,6,3,5,3,0,1,1,0,0,0,0,375667.112999999895692,5735578.649199999868870,7.198558471000069,51.757284880000043,0,05230811701700869302
05,5,62,032,2023,08,06,6,3,5,3,0,1,1,0,0,0,0,380709.007199999876320,5718150.317500000819564,7.277528054000072,51.601746620000029,0,05230811701110595076
05,5,13,000,2023,08,19,6,3,5,2,0,1,1,0,0,0,0,364619.775999999605119,5715107.236600000411272,7.046522054000036,51.570762924000064,0,05230811700000789545
05,5,66,084,2023,08,15,6,3,5,3,0,1,1,0,0,0,0,385657.560999999754131,5778067.464999999850988,7.329104921000066,52.141270895000048,0,05230811709300426734
05,5,70,020,2023,08,06,5,2,5,3,0,0,1,0,1,0,0,436349.644700000062585,5746680.039200000464916,8.075557373000038,51.867273178000062,0,05230810711400353662
05,5,70,016,2023,08,07,5,3,5,2,0,1,1,0,0,0,0,410888.675900000147521,5740167.379000000655651,7.707532911000044,51.805245430000070,0,05230810711200587087
05,5,70,016,2023,08,20,5,1,8,1,0,0,0,0,1,0,0,412097.079599999822676,5737069.269300000742078,7.725839954000037,51.777587660000052,0,05230810711200189448
05,5,70,004,2023,08,06,5,3,0,3,0,1,1,0,0,0,0,425554.041400000452995,5729207.205900000408292,7.922541815000045,51.708861614000057,0,05230810711200186958
05,5,70,004,2023,08,17,5,3,5,3,0,1,1,0,0,0,0,425237.974999999627471,5736546.958000000566244,7.916390810000053,51.774802105000049,0,05230810711200096543
05,5,70,052,2023,08,18,5,3,1,7,0,0,1,0,1,0,0,430920.169099999591708,5758885.396600000560284,7.994264300000054,51.976349696000057,0,05230810711100390660
05,5,66,012,2023,08,13,5,3,1,6,0,0,1,0,0,0,1,400654.053999999538064,5776569.553799999877810,7.548605651000059,52.130708485000071,0,05230810709110239100
05,5,66,008,2023,08,21,5,3,2,6,2,0,1,0,1,0,0,399786.166100000031292,5782440.349600000306964,7.534198166000067,52.183317184000032,0,05230810709000279151
05,5,58,008,2023,08,12,5,3,5,3,0,0,1,0,1,0,0,382818.153199999593198,5760409.261800000444055,7.293691699000021,51.981984111000031,0,05230810706200779113
05,5,54,008,2023,08,14,5,3,0,7,0,0,0,0,1,0,0,339074.656600000336766,5750970.559200000017881,6.661644603000070,51.886245538000026,0,05230810705000395950
05,5,54,040,2023,08,14,5,2,4,1,0,0,1,0,0,0,0,351258.920199999585748,5739638.201099999248981,6.843420877000028,51.787810220000040,0,05230810705000016031
05,5,62,016,2023,08,17,5,3,1,5,0,0,1,0,1,0,0,377200.850499999709427,5737048.625399999320507,7.220249397000032,51.770833909000032,0,05230810701700075472
05,5,62,032,2023,08,22,5,2,0,7,2,0,0,0,0,0,1,377736.650000000372529,5716510.596000000834465,7.235202482000034,51.586372506000032,0,05230810701120278095
05,5,62,032,2023,08,18,5,3,9,7,0,0,1,0,0,0,0,379000.926699999719858,5716332.680700000375509,7.253503701000056,51.585046404000082,0,05230810701120263560
05,5,62,032,2023,08,11,5,3,5,2,0,0,1,0,0,0,1,375692.997999999672174,5717784.033999999985099,7.205267961000061,51.597369995000065,0,05230810701110095014
05,5,13,000,2023,08,18,5,3,3,6,0,0,1,0,0,0,0,363796.706000000238419,5717224.202999999746680,7.033831928000041,51.589588408000054,0,05230810700000795114
05,5,13,000,2023,08,15,5,3,5,3,0,1,1,0,0,0,0,364693.567699999548495,5715374.906099999323487,7.047483085000067,51.573186020000037,0,05230810700000443401
05,5,62,020,2023,08,18,6,3,6,7,0,0,0,1,1,0,0,371365.941399999894202,5720371.933599999174476,7.141879591000077,51.619655497000053,0,05230811701200889480
05,5,62,014,2023,08,13,5,2,2,6,0,0,1,0,0,0,0,360284.847000000067055,5713678.304999999701977,6.984579895000024,51.556864958000062,0,05230810701300565430
05,5,70,028,2023,08,05,4,3,6,4,2,0,1,1,0,0,0,441058.897300000302494,5743717.986099999397993,8.144450046000031,51.841161263000060,0,05230809711400403043
05,5,70,008,2023,08,16,4,3,6,6,0,1,0,1,0,0,0,433130.118200000375509,5734076.242100000381470,8.031237304000058,51.753588895000064,0,05230809711300682313
05,5,70,016,2023,08,15,4,2,2,2,0,0,1,0,1,0,0,409364.582000000402331,5740626.724999999627471,7.685313607000069,51.809129440000049,0,05230809711200090684
05,5,66,044,2023,08,12,4,3,8,1,0,0,0,0,0,1,1,427661.956000000238419,5773772.616000000387430,7.943685909000067,52.109761781000032,0,05230809709800524000
05,5,66,008,2023,08,16,4,2,8,1,0,0,1,0,0,0,0,402526.404799999669194,5780058.115800000727177,7.574949748000051,52.162396936000050,0,05230809709500461952
05,5,66,076,2023,08,16,4,3,2,6,0,0,1,0,1,0,0,395550.638000000268221,5793952.236999999731779,7.468712673000027,52.285993272000042,0,05230809709500076633
05,5,66,084,2023,08,18,4,3,0,7,0,1,0,0,0,0,1,386015.361800000071526,5779256.526000000536442,7.333932219000076,52.152030844000080,0,05230809709300985877
05,5,66,004,2023,08,17,4,3,2,1,0,0,1,0,0,0,0,392195.390300000086427,5771440.207499999552965,7.426700932000074,52.083023707000052,0,05230809709110774686
05,5,58,012,2023,08,15,4,3,5,3,0,1,1,0,0,0,0,374521.649000000208616,5753369.379000000655651,7.175518652000051,51.916908712000065,0,05230809706200084917
05,5,58,004,2023,08,07,4,3,5,3,1,0,1,0,0,0,0,403784.900000000372529,5742014.847999999299645,7.604018719000067,51.820674191000080,1,05230809706000985894
05,5,54,016,2023,08,18,4,2,8,1,0,0,0,0,1,0,0,368085.454099999740720,5757398.215199999511242,7.080445569000062,51.951624561000074,0,05230809705000985871
05,5,66,028,2023,08,07,4,3,3,1,0,0,1,0,0,0,0,412003.423499999567866,5790449.414200000464916,7.710761299000069,52.257389868000075,0,05230809702350542421
05,5,15,000,2023,08,13,4,3,5,2,0,1,1,0,0,0,0,406428.565899999812245,5757299.758799999952316,7.638216953000040,51.958512998000060,0,05230809702100779230
05,5,15,000,2023,08,07,4,3,3,6,0,0,0,0,0,1,1,405031.712799999862909,5758078.531600000336766,7.617678994000073,51.965276099000050,0,05230809702100579224
05,5,15,000,2023,08,22,4,2,8,1,2,0,0,0,1,0,0,402866.098299999721348,5758747.423900000751019,7.585978183000066,51.970914102000052,0,05230809702100076684
05,5,62,008,2023,08,08,4,2,3,2,0,1,0,0,0,0,0,385483.785099999979138,5723497.471799999475479,7.344692189000057,51.650796820000039,0,05230809701910948506
05,5,62,008,2023,08,13,4,3,0,7,0,0,1,0,0,1,0,383372.587399999611080,5723345.645199999213219,7.314240001000030,51.648998264000056,0,05230809701910748786
05,5,62,004,2023,08,15,4,3,2,6,0,0,1,0,0,0,0,382913.322599999606609,5712858.169700000435114,7.311106055000039,51.554645018000031,0,05230809701800367038
05,5,62,016,2023,08,16,4,2,6,4,0,0,1,1,0,0,0,373066.889999999664724,5738177.191999999806285,7.159955354000033,51.780053884000040,0,05230809701700170568
05,5,62,024,2023,08,07,4,3,5,3,0,1,1,0,0,0,0,370522.522800000384450,5726217.700099999085069,7.127539783000032,51.671996272000058,0,05230809701500981151
05,5,62,032,2023,08,09,4,2,5,3,0,0,1,0,0,0,0,377705.139000000432134,5717441.494999999180436,7.234423480000032,51.594731951000028,0,05230809701110195983
05,5,62,032,2023,08,15,6,3,2,6,0,0,1,0,0,0,0,377597.392500000074506,5717072.585999999195337,7.232997422000039,51.591393053000047,0,05230811702340866483
05,5,62,014,2023,08,18,1,3,5,2,0,1,1,0,0,0,0,360964.802099999971688,5715190.394899999722838,6.993783802000053,51.570620768000026,0,05230813701300573451
05,5,62,020,2023,08,15,5,3,2,6,0,0,1,0,0,0,0,367586.237700000405312,5720934.742499999701977,7.087101300000029,51.623836683000036,0,05230810701200791013
05,5,62,008,2023,08,14,7,3,2,6,0,0,1,0,0,0,1,383754.596900000236928,5720259.592100000008941,7.320783953000046,51.621341005000033,1,05230812701910594975
05,5,66,076,2023,08,19,3,3,8,1,1,0,1,0,0,0,0,397339.746100000105798,5792640.243899999186397,7.495331629000020,52.274538956000072,0,05230808709500857453
05,5,66,084,2023,08,12,3,3,2,1,0,0,1,0,0,0,0,386683.030600000172853,5780002.226900000125170,7.343438025000069,52.158869839000033,0,05230808709300985923
05,5,66,068,2023,08,14,3,3,5,3,0,0,1,0,0,0,0,377864.211000000126660,5785367.860999999567866,7.212650011000051,52.205206632000056,0,05230808709300985917
05,5,66,008,2023,08,16,3,3,5,2,0,1,1,0,0,0,0,399226.057000000029802,5780805.833000000566244,7.526494121000042,52.168524574000060,0,05230808709110979198
05,5,66,012,2023,08,07,3,3,2,6,0,0,1,0,0,0,0,403730.332000000402331,5775581.794999999925494,7.593813169000043,52.122374923000052,0,05230808709110952455
05,5,66,004,2023,08,07,3,3,5,3,0,0,1,0,1,0,0,395255.987999999895692,5766473.639000000432134,7.472873217000028,52.038973425000052,0,05230808709110296547
05,5,66,008,2023,08,18,3,3,5,2,0,0,1,0,0,0,0,400235.576200000010431,5780712.976800000295043,7.541277294000054,52.167873419000045,0,05230808709110079198
05,5,54,024,2023,08,17,3,3,0,6,0,0,1,0,1,0,0,370151.213999999687076,5777459.095000000670552,7.102868271000034,52.132377335000058,0,05230808705000985901
05,5,54,060,2023,08,16,3,3,0,7,0,1,0,0,0,0,1,350197.669999999925494,5756569.892000000923872,6.820703735000052,51.939652918000036,0,05230808705000608065
05,5,54,048,2023,08,13,3,3,0,1,0,1,0,0,0,0,0,340900.180399999953806,5746367.616499999538064,6.690267365000068,51.845417327000064,0,05230808705000497147
05,5,54,032,2023,08,20,3,3,4,6,1,1,0,0,1,0,0,324861.661700000055134,5746149.391799999400973,6.457774638000046,51.838657311000077,0,05230808705000096652
05,5,15,000,2023,08,13,3,3,3,1,0,0,1,0,0,0,0,403517.798700000159442,5754037.582200000062585,7.596784321000030,51.928693984000063,0,05230808702330080978
05,5,15,000,2023,08,07,3,3,0,6,0,1,0,0,0,0,0,410236.496500000357628,5751324.486700000241399,7.695178392000059,51.905430693000028,0,05230808702100985910
05,5,15,000,2023,08,16,3,3,5,2,0,0,1,0,0,0,1,404745.307000000029802,5759087.582800000905991,7.613231523000024,51.974296822000042,0,05230808702100874773
05,5,15,000,2023,08,15,3,3,5,3,0,1,1,0,0,0,0,407152.430999999865890,5760549.553999999538064,7.647869370000024,51.987845110000080,0,05230808702100874643
05,5,15,000,2023,08,13,3,3,0,3,0,1,1,0,0,0,0,403052.452300000004470,5758111.209499999880791,7.588869779000049,51.965228167000078,1,05230808702100591735
05,5,62,004,2023,08,14,3,3,1,6,0,0,1,0,0,0,1,383648.757899999618530,5709854.516899999231100,7.322702289000063,51.527800935000073,0,05230808701800679388
05,5,62,004,2023,08,12,3,3,5,2,0,0,1,0,0,0,0,383194.348000000230968,5714105.688999999314547,7.314743270000065,51.565915659000041,0,05230808701800671552
05,5,62,012,2023,08,16,3,3,5,3,0,1,1,0,0,0,0,359099.474499999545515,5726751.336899999529123,6.962236205000067,51.674042733000078,0,05230808701610789700
05,5,62,020,2023,08,05,3,2,5,2,1,0,1,0,0,0,0,371426.896700000390410,5715580.090099999681115,7.144515886000022,51.576605832000041,1,05230808701200373586
05,5,62,032,2023,08,13,3,3,5,3,0,1,1,0,0,0,0,374658.580500000156462,5719345.910199999809265,7.189782868000066,51.611177467000061,0,05230808701110985922
05,5,62,014,2023,08,15,6,3,2,2,0,0,1,0,1,0,0,361081.672600000165403,5714795.217000000178814,6.995625306000022,51.567098461000057,0,05230811701300075252
05,5,15,000,2023,08,15,6,3,5,3,0,1,1,0,0,0,0,406982.966000000014901,5751287.912599999457598,7.647908221000023,51.904568209000047,0,05230811702100472400
05,5,70,028,2023,08,09,2,3,5,3,0,1,1,0,0,0,0,438548.898000000044703,5741728.627000000327826,8.108374503000050,51.823006069000030,1,05230807711400103030
05,5,70,048,2023,08,07,2,3,8,1,0,0,1,0,0,0,0,449655.904000000096858,5727702.707000000402331,8.271548252000059,51.698015938000026,1,05230807711300285568
05,5,66,060,2023,08,16,2,3,5,2,0,0,1,0,0,0,0,389094.593000000342727,5788862.423000000417233,7.375775997000062,52.238986528000055,0,05230807709500491847
05,5,66,076,2023,08,15,2,3,2,6,0,0,1,0,0,0,0,394296.588000000454485,5793637.257999999448657,7.450433610000061,52.282922712000072,0,05230807709500296542
05,5,66,068,2023,08,17,2,3,2,1,0,0,1,0,0,0,0,377665.493900000117719,5785477.577199999243021,7.209703861000037,52.206148499000051,0,05230807709300174704
05,5,54,020,2023,08,11,2,3,5,3,0,0,1,0,0,0,1,361592.504999999888241,5784379.392000000923872,6.975083403000042,52.192479700000035,0,05230807705000985956
05,5,54,012,2023,08,16,2,3,5,3,0,1,1,0,0,0,0,352299.093299999833107,5745692.328900000080466,6.855909636000035,51.842481812000074,0,05230807705000985944
05,5,62,012,2023,08,15,5,3,0,7,0,0,0,0,0,0,1,361897.132500000298023,5724825.752100000157952,7.003431413000044,51.657434167000076,0,05230810701610586128
05,5,54,016,2023,08,19,2,3,8,1,0,0,0,0,1,0,0,359441.556400000117719,5756668.480399999767542,6.955046179000021,51.942950567000082,0,05230807705000985940
05,5,54,012,2023,08,16,2,3,0,7,0,1,0,0,0,0,1,352884.043700000271201,5746646.862199999392033,6.863988551000034,51.851212654000051,1,05230807705000891843
05,5,54,048,2023,08,14,2,3,4,6,0,1,0,0,0,0,0,342335.369699999690056,5744902.859400000423193,6.711752245000071,51.832665012000064,1,05230807705000391585
05,5,62,032,2023,08,09,2,3,3,1,0,0,1,0,0,0,1,381485.526700000278652,5717943.532999999821186,7.288804881000033,51.600052076000054,1,05230807702340091865
05,5,15,000,2023,08,11,2,3,5,3,0,0,1,0,0,0,0,407027.424800000153482,5760008.889699999243021,7.646196022000026,51.982964457000037,0,05230807702100674777
05,5,12,000,2023,08,11,2,3,1,6,0,0,1,0,0,1,0,360605.083999999798834,5709523.826999999582767,6.990841433000071,51.519611498000074,1,05230807701400575422
05,5,62,032,2023,08,19,2,3,5,3,0,1,1,0,0,0,0,377208.492999999783933,5714974.001199999824166,7.228120061000027,51.572447823000061,0,05230807701120085384
05,5,13,000,2023,08,22,2,3,8,1,2,0,1,0,1,0,0,367035.685800000093877,5713110.859899999573827,7.082116485000029,51.553397225000026,0,05230807700000581500
05,5,70,028,2023,08,19,1,2,9,1,0,0,1,0,0,0,0,445005.000000000000000,5739495.908999999985099,8.202393470000061,51.803605900000036,1,05230806711400372473
05,5,70,040,2023,08,19,1,3,8,1,0,0,1,0,0,0,0,419142.089499999769032,5747044.633700000122190,7.825604218000024,51.868321885000057,1,05230806711200091793
05,5,66,028,2023,08,20,1,3,8,1,0,0,1,0,0,0,0,413262.998900000005960,5796683.501800000667572,7.727605998000058,52.313623786000051,1,05230806709700269050
05,5,66,056,2023,08,03,1,3,6,1,2,0,1,1,0,0,0,416704.830000000074506,5798515.530999999493361,7.777629691000072,52.330623815000081,0,05230806709700038413
05,5,66,040,2023,08,19,1,2,5,3,1,0,1,0,0,0,0,421547.972699999809265,5780924.280600000172853,7.852774465000039,52.173214149000046,1,05230806709000364326
05,5,58,036,2023,08,16,1,3,1,1,0,0,1,0,0,0,0,391231.627600000239909,5731480.800899999216199,7.425253173000044,51.723692787000061,1,05230806706100895147
05,5,58,040,2023,08,18,1,3,4,7,0,1,0,0,0,0,0,372309.898699999786913,5761102.828700000420213,7.140504258000021,51.985901091000073,1,05230806706000695563
05,5,58,040,2023,08,14,1,3,0,1,0,0,1,0,0,0,0,383474.543899999931455,5765566.893300000578165,7.301490794000074,52.028473801000075,0,05230806706000070571
05,5,54,008,2023,08,15,1,3,5,3,0,1,1,0,0,0,0,336027.755800000391901,5747521.234500000253320,6.619049745000041,51.854371202000038,1,05230806705000985980
05,5,54,060,2023,08,15,1,3,2,6,0,0,1,0,0,0,0,348422.985000000335276,5754495.594000000506639,6.795820124000045,51.920536017000074,1,05230806705000985976
05,5,66,040,2023,08,19,1,2,8,1,0,0,1,0,0,0,0,422150.942300000227988,5785513.723500000312924,7.860535516000027,52.214553517000070,1,05230806702350206780
05,5,13,000,2023,08,13,1,3,8,1,0,0,1,0,0,0,0,366319.610999999567866,5709833.192999999970198,7.073038801000052,51.523773006000056,1,05230806702340291762
05,5,15,000,2023,08,19,1,2,8,1,0,0,1,0,0,0,0,400995.286899999715388,5752625.399399999529123,7.560515954000039,51.915558006000026,1,05230806702330079201