ULAND,UREGBEZ,UKREIS,UGEMEINDE,UJAHR,UMONAT,USTUNDE,UWOCHENTAG,UKATEGORIE,UART,UTYP1,ULICHTVERH,IstRad,IstPKW,IstFuss,IstKrad,IstGkfz,IstSonstige,LINREFX,LINREFY,XGCSWGS84,YGCSWGS84,STRZUSTAND,UIDENTSTLAE
05,5,62,032,2023,08,22,1,3,9,1,2,0,1,0,0,0,0,378917.896900000050664,5720674.897800000384450,7.250806502000046,51.624053709000066,1,05230806701110985970
05,5,62,032,2023,08,13,1,3,5,3,0,1,1,0,0,0,0,374124.167799999937415,5717788.629000000655651,7.182627890000049,51.597062891000064,1,05230806701110686117
05,5,62,024,2023,08,14,3,3,2,6,0,0,1,0,0,0,0,367454.130900000222027,5724722.622600000351667,7.083759239000074,51.657845297000051,0,05230808701500557636
05,5,66,088,2023,08,15,7,3,0,1,0,1,1,0,0,0,0,415018.938400000333786,5788898.212400000542402,7.755320468000036,52.243921070000056,0,05230805709800596660
05,5,66,040,2023,08,20,7,3,5,3,0,0,1,0,0,0,0,421552.105999999679625,5780921.263000000268221,7.852835592000076,52.173187612000049,1,05230805709800396554
05,5,66,040,2023,08,12,7,3,5,1,0,1,1,0,0,0,0,423214.174800000153482,5781357.299900000914931,7.877036649000047,52.177340932000050,0,05230805709800087357
05,5,66,092,2023,08,12,7,3,1,5,0,0,1,0,0,0,0,423014.692400000058115,5796852.080000000074506,7.870588460000022,52.316593184000055,0,05230805709700986006
05,5,66,092,2023,08,22,7,2,5,3,2,0,1,0,0,0,0,423492.496000000275671,5796425.962999999523163,7.877693503000046,52.312829726000075,1,05230805709700245600
05,5,66,096,2023,08,19,7,2,8,1,0,0,1,0,0,0,0,383100.684000000357628,5790527.049900000914931,7.287459820000038,52.252705658000082,1,05230805709300681037
05,5,58,004,2023,08,10,7,3,5,3,0,0,1,0,0,0,0,404954.602199999615550,5738800.060699999332428,7.621866182000076,51.791977774000031,0,05230805706300485680
05,5,54,028,2023,08,23,7,3,5,2,2,0,1,0,0,0,0,357090.552000000141561,5743058.893999999389052,6.926501890000054,51.820066397000062,1,05230805705000105266
05,5,13,000,2023,08,18,6,3,2,6,0,0,1,0,0,0,0,369137.336199999786913,5707757.234099999070168,7.114402213000062,51.505776654000044,0,05230811700000469503
05,5,15,000,2023,08,18,7,3,2,6,0,0,1,0,0,0,0,408359.193900000303984,5756520.143500000238419,7.666513789000021,51.951826899000082,1,05230805702100070632
05,5,15,000,2023,08,17,7,3,0,7,0,0,1,0,0,0,1,404693.730700000189245,5758761.906899999827147,7.612571315000025,51.971360686000082,1,05230805702100042488
05,5,12,000,2023,08,11,7,2,5,2,0,1,1,0,0,0,0,353996.102500000037253,5709769.254899999126792,6.895549229000039,51.520147267000027,0,05230805701400989553
05,5,12,000,2023,08,17,7,2,2,7,0,0,1,0,0,0,0,360245.054200000129640,5711388.852199999615550,6.984915626000031,51.536281878000068,0,05230805701400095791
05,5,13,000,2023,08,19,7,3,0,1,0,0,0,0,1,0,0,364009.603400000371039,5712372.877399999648333,7.038780629000030,51.546044142000028,1,05230805700000467050
05,5,12,000,2023,08,20,7,3,8,1,0,0,1,0,0,0,0,355898.863400000147521,5720804.565099999308586,6.918429806000063,51.619795805000081,0,05230812701400985725
05,5,70,028,2023,08,10,6,1,5,2,0,1,1,0,0,0,0,441127.677000000141561,5741754.675000000745058,8.145782312000051,51.823517930000037,0,05230804711400097002
05,5,66,028,2023,08,16,6,1,5,3,0,0,1,0,0,0,0,412921.752999999560416,5793375.033999999985099,7.723456884000029,52.283832379000046,0,05230804709700876377
05,5,66,048,2023,08,20,6,1,5,2,1,0,1,0,1,0,0,426886.352699999697506,5793513.969000000506639,7.928101369000046,52.287116498000046,0,05230804709700091642
05,5,58,012,2023,08,06,6,3,5,3,0,0,1,0,0,0,1,378987.527300000190735,5755768.238399999216199,7.239576227000043,51.939455191000036,0,05230804706000279215
05,5,54,040,2023,08,08,6,3,4,7,0,0,1,0,0,0,0,350529.565799999982119,5738118.880699999630451,6.833508407000068,51.773964967000040,0,05230804705000987252
05,5,54,024,2023,08,15,6,2,4,6,0,0,1,0,0,1,0,369453.726999999955297,5776253.513000000268221,7.093146490000038,52.121379915000034,0,05230804705000986017
05,5,54,008,2023,08,14,6,3,0,1,0,0,1,0,0,0,0,338723.765999999828637,5750039.198799999430776,6.656985771000052,51.877777168000080,0,05230804705000496520
05,5,62,024,2023,08,11,6,3,9,1,0,0,0,0,1,0,0,364946.775799999944866,5724511.220599999651313,7.047614056000043,51.655348727000046,0,05230804702340141000
05,5,15,000,2023,08,15,6,3,1,6,0,0,1,0,0,0,0,401837.308199999853969,5749804.656799999997020,7.573557876000052,51.890353336000032,0,05230804702330791321
05,5,15,000,2023,08,16,6,3,3,2,0,1,1,0,0,0,0,406100.303600000217557,5757381.706399999558926,7.633418684000048,51.959194243000070,0,05230804702100579224
05,5,15,000,2023,08,18,6,3,5,2,0,1,1,0,0,0,0,404686.834200000390410,5758526.453700000420213,7.612536323000029,51.969243164000034,0,05230804702100268135
05,5,62,016,2023,08,17,6,3,5,2,0,0,1,0,0,0,0,372182.161100000143051,5733097.759400000795722,7.149005234000072,51.734205526000039,0,05230804701700881220
05,5,62,016,2023,08,14,6,3,8,1,0,0,0,0,1,0,0,377572.021900000050664,5731477.519799999892712,7.227587091000032,51.720847467000056,0,05230804701700065816
05,5,62,024,2023,08,09,6,3,5,3,0,1,1,0,0,0,0,370377.984500000253320,5726773.790599999949336,7.125244336000037,51.676960328000064,0,05230804701500986034
05,5,62,020,2023,08,15,6,2,5,3,0,0,1,0,1,0,0,370124.900799999944866,5719702.397800000384450,7.124211187000071,51.613353561000054,0,05230804701200881333
05,5,58,024,2023,08,19,5,2,5,3,0,0,1,0,1,0,0,391886.765999999828637,5738468.559000000357628,7.432561104000058,51.786625258000072,0,05230810706300476678
05,5,66,032,2023,08,14,1,3,2,6,0,0,1,0,0,0,0,412989.189600000157952,5777607.098099999129772,7.728498801000057,52.142114404000040,0,05230806702350249910
05,5,13,000,2023,08,11,5,1,2,6,0,0,1,0,1,0,0,363816.241200000047684,5719420.649100000038743,7.033261012000025,51.609330998000075,0,05230810702340368250
05,5,13,000,2023,08,14,1,3,5,3,0,0,1,0,0,0,0,367868.473000000230968,5713785.961999999359250,7.093867798000076,51.559659797000052,1,05230806700000185657
05,5,62,012,2023,08,14,2,3,5,2,0,0,1,0,0,0,1,363312.024000000208616,5727801.474999999627471,7.022709109000061,51.684520189000068,0,05230807701610485353
05,5,66,076,2023,08,22,1,3,5,3,2,0,1,0,0,0,0,393246.611700000241399,5791609.654899999499321,7.435689377000074,52.264497340000048,0,05230827709500985070
05,5,58,024,2023,08,12,1,3,0,7,0,1,0,0,0,0,1,390191.623999999836087,5740217.957000000402331,7.407441011000060,51.802018360000034,0,05230827706300376764
05,5,62,032,2023,08,03,1,2,2,1,2,0,1,0,0,0,0,374575.020899999886751,5716114.805299999192357,7.189731892000054,51.582120647000067,0,05230827702340591865
05,5,62,008,2023,08,05,1,3,9,1,2,0,1,0,0,0,0,384586.344700000248849,5721870.705299999564886,7.332262404000062,51.635992422000072,0,05230827701910589504
05,5,12,000,2023,08,00,1,3,0,6,2,0,1,0,0,0,1,354040.474000000394881,5720137.517999999225140,6.891882269000064,51.613323237000031,1,05230827701400670117
05,5,12,000,2023,08,16,1,3,9,1,0,0,1,0,0,0,0,357190.764000000432134,5707576.573999999091029,6.942451812000058,51.501260781000042,0,05230827701400273561
05,5,66,072,2023,08,21,7,2,5,3,1,0,1,0,0,0,0,412378.581000000238419,5800488.610999999567866,7.713643628000057,52.347684374000039,0,05230826709700985097
05,5,66,008,2023,08,20,7,3,2,2,1,1,0,0,0,0,0,398393.240000000223517,5777182.844900000840425,7.515404914000044,52.135809535000078,0,05230826709110696547
05,5,58,044,2023,08,14,7,3,8,1,0,0,0,0,1,0,0,397887.720099999569356,5743741.240199999883771,7.517977467000037,51.835144863000039,0,05230826706300676683
05,5,58,044,2023,08,10,7,3,5,3,0,0,1,0,0,0,0,395971.372000000439584,5746296.836999999359250,7.489405714000043,51.857761085000050,0,05230826706000894282
05,5,58,016,2023,08,20,7,2,6,4,2,0,1,1,0,0,0,381503.987399999983609,5743719.889699999243021,7.280304531000070,51.831717416000060,0,05230826706000365764
05,5,62,024,2023,08,13,7,3,9,1,0,0,1,0,1,0,0,366977.204699999652803,5726386.502599999308586,7.076235013000030,51.672684923000077,0,05230826702340787254
05,5,62,004,2023,08,01,7,3,8,1,2,0,1,0,0,0,0,380987.592400000430644,5713305.779200000688434,7.283190551000075,51.558264979000057,1,05230826702340591792
05,5,62,024,2023,08,01,7,3,2,6,2,0,1,0,0,0,0,370987.216000000014901,5727672.211999999359250,7.133718755000075,51.685174413000027,0,05230826702340008340
05,5,15,000,2023,08,17,7,3,3,6,0,1,0,0,0,0,0,407767.256699999794364,5758840.302999999374151,7.657279850000066,51.972583911000072,0,05230826702100079168
05,5,12,000,2023,08,14,7,3,5,2,0,0,1,0,1,0,0,356050.736999999731779,5714846.135999999940395,6.923066334000055,51.566294222000067,0,05230826701400062606
05,5,62,032,2023,08,13,7,2,2,6,0,0,1,0,0,0,1,375410.996000000275671,5719477.299000000581145,7.200596982000036,51.612525282000036,0,05230826701110482385
05,5,15,000,2023,08,17,1,1,6,6,0,0,0,1,0,0,1,407657.269000000320375,5758345.892999999225140,7.655812124000022,51.968121629000052,0,05230827702100072722
05,5,70,028,2023,08,15,6,3,8,1,0,0,1,0,0,0,0,440411.294300000183284,5740564.558800000697374,8.135593881000034,51.812742584000034,1,05230825711400587232
05,5,70,028,2023,08,05,6,3,5,3,2,0,1,0,0,0,1,444923.296600000001490,5739578.437100000679493,8.201195515000052,51.804339817000027,0,05230825711400002632
05,5,66,040,2023,08,13,6,3,2,2,0,0,1,0,0,0,0,421713.963399999774992,5782694.724700000137091,7.854792521000036,52.189152041000057,1,05230825709800538741
05,5,66,088,2023,08,10,6,2,2,1,0,0,1,0,0,0,0,420018.389000000432134,5787926.004000000655651,7.828758182000058,52.235931413000060,1,05230825709800191840
05,5,66,012,2023,08,11,6,3,5,3,0,1,1,0,0,0,0,411752.524000000208616,5766867.085999999195337,7.713212963000046,52.045381193000026,1,05230825709110880992
05,5,66,084,2023,08,18,6,3,8,1,0,0,0,0,1,0,0,392962.623999999836087,5776433.237999999895692,7.436324303000049,52.128047193000043,0,05230825709110247852
05,5,54,016,2023,08,17,6,2,8,1,0,0,0,0,0,0,1,363571.148599999956787,5759620.674200000241399,7.013914892000059,51.970505791000051,0,05230825705000591760
05,5,15,000,2023,08,12,6,3,5,3,0,0,1,0,1,0,0,407141.168300000019372,5756903.257300000637770,7.648691784000050,51.955068498000060,1,05230825702100870611
05,5,15,000,2023,08,17,6,3,1,6,0,0,1,0,0,0,0,407092.440999999642372,5751308.512499999254942,7.649493513000039,51.904771641000082,0,05230825702100676643
05,5,15,000,2023,08,19,6,3,0,6,0,1,1,0,0,0,0,406680.683100000023842,5757107.066700000315905,7.641937344000041,51.956823356000029,0,05230825702100574736
05,5,15,000,2023,08,16,6,2,5,3,0,0,1,0,0,0,1,405455.252999999560416,5759121.153999999165535,7.623554810000030,51.974719809000078,0,05230825702100253170
05,5,15,000,2023,08,15,6,3,2,7,0,0,1,0,0,0,0,408625.742899999953806,5761621.366000000387430,7.669033106000029,51.997723458000053,0,05230825702100253168
05,5,62,012,2023,08,17,6,3,2,6,0,0,1,0,1,0,0,358899.381199999712408,5727277.149299999698997,6.959131897000020,51.678717328000062,0,05230825701610985148
05,5,62,024,2023,08,14,6,2,0,7,0,0,1,0,0,0,0,370516.764200000092387,5725749.813500000163913,7.127629972000022,51.667790207000053,0,05230825701500775472
05,5,62,032,2023,08,19,6,3,0,7,0,1,0,0,0,0,0,376014.224799999967217,5716827.038599999621511,7.210241507000035,51.588840091000066,0,05230825701110873586
05,5,13,000,2023,08,20,6,3,5,2,2,0,1,0,0,0,0,366928.135999999940395,5714890.596999999135733,7.079892428000051,51.569365620000042,1,05230825700000596563
05,5,70,008,2023,08,14,6,3,2,6,0,0,1,0,0,0,0,430896.193599999882281,5734320.896099999547005,7.998830418000068,51.755517165000072,1,05230825301911080680
05,5,70,048,2023,08,23,5,2,0,1,2,1,0,0,0,0,0,449777.402900000102818,5727558.312400000169873,8.273326916000030,51.696728616000030,0,05230824711300587403
05,5,66,076,2023,08,10,5,3,0,2,0,1,0,0,0,0,1,393660.209400000050664,5792978.456299999728799,7.441316098000073,52.276879175000033,0,05230824709500985230
05,5,66,016,2023,08,15,5,3,0,1,0,1,0,0,0,0,0,404024.980899999849498,5794657.646900000050664,7.592708024000046,52.293878681000081,0,05230824709500560910
05,5,66,076,2023,08,14,5,3,5,2,0,1,1,0,0,0,0,393373.209999999962747,5792880.173000000417233,7.437142153000025,52.275940295000055,0,05230824709500406920
05,5,58,020,2023,08,11,5,3,2,2,0,1,1,0,0,0,0,392121.898799999617040,5759742.330499999225140,7.429317689000072,51.977874458000031,0,05230824706200985221
05,5,58,032,2023,08,10,5,2,6,2,0,0,0,1,0,0,1,391549.730000000447035,5750866.612999999895692,7.423789071000044,51.897991305000062,0,05230824706100065764
05,5,54,064,2023,08,13,5,3,6,4,0,0,1,1,0,0,0,361566.888600000180304,5751220.237999999895692,6.988136673000042,51.894528081000033,0,05230824705000781030
05,5,54,056,2023,08,06,5,3,8,6,2,1,1,0,0,0,0,359987.601499999873340,5760333.211100000888109,6.961491417000047,51.976017056000046,0,05230824705000091208
05,5,62,036,2023,08,09,5,3,5,2,0,1,1,0,0,0,0,389189.675999999977648,5720452.844000000506639,7.399201121000033,51.624174370000048,0,05230824701930855844
05,5,62,008,2023,08,14,5,3,1,5,0,0,1,0,1,0,0,384922.143000000156462,5723283.857300000265241,7.336647734000053,51.648762232000081,0,05230824701910081230
05,5,62,004,2023,08,07,5,3,0,3,0,0,0,0,1,0,1,383180.443199999630451,5717909.003900000825524,7.313277274000029,51.600095843000076,1,05230824701800789511
05,5,62,032,2023,08,16,5,3,2,6,0,0,1,0,0,0,0,375474.929700000211596,5718381.763599999248981,7.201908974000048,51.602693709000050,0,05230824701110985205
05,5,62,032,2023,08,18,5,3,1,5,0,1,1,0,0,0,0,376494.993599999696016,5718372.934900000691414,7.216633674000036,51.602838991000056,0,05230824701110095010
05,5,70,028,2023,08,14,4,3,5,2,0,1,1,0,0,0,0,441101.768099999986589,5742741.392899999395013,8.145238523000046,51.832386011000040,0,05230823711400094426
05,5,66,020,2023,08,16,4,3,0,1,0,1,0,0,0,0,0,404317.716000000014901,5802366.081000000238419,7.594805123000071,52.363211241000045,0,05230823709700576748
05,5,66,028,2023,08,10,4,2,0,2,0,0,0,0,0,1,1,409652.484000000171363,5796915.372400000691414,7.674594121000041,52.315125571000067,0,05230823709700196560
05,5,66,076,2023,08,17,4,3,1,6,0,0,1,0,0,0,0,397968.945000000298023,5785956.245999999344349,7.506568845000061,52.214583503000028,0,05230823709500985252
05,5,66,060,2023,08,14,4,3,0,7,0,1,1,0,0,0,0,389375.251000000163913,5789442.189999999478459,7.379694682000036,52.244253359000027,0,05230823709500711962
05,5,66,012,2023,08,16,4,3,0,7,0,1,0,0,0,0,1,401290.956299999728799,5775314.250900000333786,7.558271490000038,52.119540056000062,0,05230823709110642525
05,5,54,004,2023,08,07,4,3,5,3,0,0,1,0,1,0,0,356483.810800000093877,5776087.297599999234080,6.903899623000029,52.116671946000054,0,05230823705000985287
05,5,54,028,2023,08,07,4,3,0,7,0,1,0,1,0,0,0,357268.115500000305474,5744377.272600000724196,6.928532846000053,51.831957863000071,1,05230823705000728448
05,5,54,012,2023,08,07,4,2,0,1,0,0,0,0,1,0,0,352302.915599999949336,5744715.849300000816584,6.856381943000031,51.833709244000033,0,05230823705000579122
05,5,54,028,2023,08,16,4,3,2,6,0,0,1,0,0,0,0,355913.209499999880791,5745918.947699999436736,6.908241088000068,51.845462303000033,0,05230823705000566230
05,5,54,044,2023,08,09,4,3,4,2,0,0,1,0,0,0,1,362389.894399999640882,5743669.157199999317527,7.003097079000042,51.826880152000058,0,05230823705000482366
05,5,15,000,2023,08,10,4,3,5,2,0,1,1,0,0,0,0,405897.095800000242889,5755924.271900000050664,7.630861289000052,51.946059796000043,0,05230823702100870611
05,5,15,000,2023,08,10,4,3,5,2,0,0,1,0,1,0,0,405546.027300000190735,5756674.244699999690056,7.625548946000038,51.952741388000049,0,05230823702100760670
05,5,15,000,2023,08,08,4,3,0,3,0,0,1,0,0,0,1,405425.807000000029802,5756123.944000000134110,7.623951528000021,51.947774613000036,0,05230823702100276646
05,5,62,012,2023,08,15,4,2,5,3,0,0,1,0,0,0,0,363152.737999999895692,5727780.265000000596046,7.020414718000040,51.684290800000042,0,05230823701610095160
05,5,62,020,2023,08,13,4,3,5,3,0,0,1,0,0,0,1,368150.030299999751151,5718498.240599999204278,7.096157762000075,51.602073232000066,0,05230823701200717410
05,5,62,032,2023,08,16,4,3,0,7,0,0,0,0,0,0,1,372471.511099999770522,5721127.800400000065565,7.157565442000021,51.626699974000076,0,05230823701110985256
05,5,62,032,2023,08,19,4,3,5,2,0,1,1,0,0,0,0,378532.576999999582767,5721152.516000000759959,7.245077195000022,51.628263173000050,0,05230823701110089476
05,5,13,000,2023,08,17,4,3,2,6,0,0,1,0,0,0,0,363681.530600000172853,5710599.999399999156594,7.034738774000061,51.530033245000027,0,05230823700000179550
05,5,70,028,2023,08,12,4,3,3,3,0,0,1,0,0,1,0,439846.853500000201166,5739852.887900000438094,8.127530555000021,51.806284052000080,0,05230823301911785588
05,5,70,040,2023,08,16,3,3,4,6,0,1,0,0,0,0,0,418013.390899999998510,5744275.044199999421835,7.809871654000062,51.843260637000071,0,05230822711200096600
05,5,66,028,2023,08,14,3,3,7,2,0,1,0,0,0,0,0,412678.125000000000000,5791956.801999999210238,7.720253608000064,52.271046247000072,0,05230822709700248421
05,5,66,076,2023,08,16,3,3,0,7,0,1,0,0,0,0,0,394175.429700000211596,5793551.283999999985099,7.448685177000073,52.282126730000073,0,05230822709500079092
05,5,66,076,2023,08,16,3,3,3,6,0,1,0,0,0,0,0,394200.427400000393391,5793569.145500000566244,7.449045874000035,52.282292068000061,0,05230822709500036406
05,5,66,084,2023,08,08,3,3,6,7,0,1,0,1,0,0,0,386481.943699999712408,5778943.885399999096990,7.340853429000049,52.149317269000051,0,05230822709300985340
05,5,66,012,2023,08,17,3,3,5,7,0,1,0,0,0,0,0,400448.685999999754131,5776922.051999999210238,7.545503184000040,52.133839731000080,0,05230822709110396664
05,5,58,044,2023,08,07,3,3,0,7,0,1,0,0,0,0,0,395492.354399999603629,5746254.099799999967217,7.482465478000051,51.857287461000055,0,05230822706300011020
05,5,58,012,2023,08,18,3,3,5,3,0,1,1,0,0,0,0,371558.502000000327826,5755853.894999999552965,7.131531110000026,51.938559764000047,0,05230822706200079104
05,5,54,064,2023,08,11,3,3,1,6,0,1,1,0,0,0,0,361531.927699999883771,5751221.628299999982119,6.987628363000056,51.894531890000053,0,05230822705000791841
05,5,54,044,2023,08,19,3,3,1,6,0,0,1,0,1,0,0,368859.414699999615550,5744886.572799999266863,7.096459660000050,51.839376209000079,0,05230822705000787245
05,5,15,000,2023,08,00,3,2,2,6,2,0,1,0,0,0,1,402645.188900000415742,5763253.112800000235438,7.581484038000042,52.011373558000059,0,05230822702350805180
05,5,15,000,2023,08,16,3,3,2,7,0,1,0,0,0,0,0,405136.165400000289083,5757038.123700000345707,7.619486229000074,51.955942324000034,0,05230822702100576766
05,5,15,000,2023,08,09,3,3,0,1,0,1,0,0,0,0,0,405607.333499999716878,5757053.853099999949336,7.626336485000024,51.956163885000080,0,05230822702100174470
05,5,62,028,2023,08,08,3,3,5,3,0,1,1,0,0,0,0,379569.726400000043213,5721405.457599999383092,7.259967131000053,51.630759402000081,0,05230822701920908066
05,5,62,028,2023,08,16,3,2,4,2,0,0,1,0,0,0,0,381144.768699999898672,5721998.178300000727177,7.282511756000076,51.636421416000076,0,05230822701920248827
05,5,62,016,2023,08,18,3,2,5,3,0,1,1,0,0,0,0,372906.467400000430644,5732460.089199999347329,7.159721245000071,51.728639650000048,0,05230822701700280936
05,5,62,024,2023,08,16,3,3,2,2,0,0,1,0,0,0,0,372998.206299999728799,5725505.107899999246001,7.163581331000046,51.666157450000071,0,05230822701500985305
05,5,62,024,2023,08,12,3,3,6,6,0,1,0,1,0,0,0,373030.876199999824166,5725518.294099999591708,7.164048678000029,51.666283336000049,0,05230822701500985288
05,5,12,000,2023,08,07,3,3,5,2,0,1,1,0,0,0,0,360168.494300000369549,5712216.223500000312924,6.983483781000075,51.543697755000039,0,05230822701400977162
05,5,12,000,2023,08,14,3,3,5,3,0,0,1,0,0,0,1,357031.639000000432134,5709681.154999999329448,6.939307401000065,51.520132094000076,0,05230822701400770117
05,5,12,000,2023,08,06,3,3,2,6,0,0,1,0,0,0,0,355962.858400000259280,5711631.539100000634789,6.923115642000027,51.537386278000042,0,05230822701400473595
05,5,62,020,2023,08,16,3,3,2,6,0,0,1,0,0,0,0,371420.393699999898672,5715100.898199999704957,7.144597493000049,51.572297902000059,0,05230822701200477987
05,5,62,032,2023,08,12,3,2,0,7,0,0,0,0,0,0,1,375955.566999999806285,5719277.821000000461936,7.208528507000040,51.610852795000028,0,05230822701110270162
05,5,13,000,2023,08,21,3,3,0,1,2,0,0,0,1,0,0,368626.799399999901652,5712401.262800000607967,7.105318206000049,51.547393023000041,0,05230822700000575352
05,5,66,040,2023,08,11,2,2,5,3,0,0,1,0,0,0,0,424671.246000000275671,5779683.310000000521541,7.898713088000022,52.162494255000070,0,05230821709800024000
05,5,66,028,2023,08,18,2,2,7,1,0,0,1,0,0,0,0,412688.035500000230968,5792757.614800000563264,7.720191484000054,52.278245761000051,0,05230821709700272668
05,5,66,076,2023,08,17,2,3,0,1,0,1,0,0,0,0,0,393807.931099999696016,5793066.914799999445677,7.443452616000059,52.277702725000040,0,05230821709500196542
05,5,58,032,2023,08,06,2,3,2,6,0,0,1,0,0,0,1,390099.296099999919534,5752048.823100000619888,7.402340339000034,51.908332385000051,0,05230821706000281061
05,5,54,060,2023,08,07,2,1,5,3,0,0,1,0,1,0,0,355713.949500000104308,5757141.249900000169873,6.900654483000039,51.946244257000046,0,05230821705000908065
05,5,54,012,2023,08,16,2,3,2,2,0,0,1,0,0,0,0,351404.998999999836087,5740774.401000000536442,6.845050520000029,51.798057693000032,0,05230821705000105266
05,5,66,028,2023,08,17,2,3,8,7,0,0,1,0,0,0,0,411025.764000000432134,5790818.551799999549985,7.696344299000032,52.260550508000051,0,05230821702350042421
05,5,15,000,2023,08,16,2,2,6,4,0,0,1,1,0,0,0,405352.618400000035763,5750613.268600000068545,7.624402131000068,51.898229568000033,0,05230821702100668282
05,5,15,000,2023,08,12,2,3,2,6,0,0,1,0,0,0,0,406818.120000000111759,5758504.710999999195337,7.643557621000070,51.969409121000069,0,05230821702100564165
05,5,62,004,2023,08,07,2,3,5,3,0,0,1,0,1,0,0,380412.722599999979138,5715758.420399999246001,7.274067095000021,51.580186603000072,0,05230821701800985391
05,5,62,024,2023,08,08,2,3,2,6,0,0,1,0,0,0,0,368983.416000000201166,5722415.305999999865890,7.106719529000031,51.637468953000052,0,05230821701500075472
05,5,12,000,2023,08,14,2,3,6,4,0,0,0,1,1,0,0,354123.333800000138581,5711328.703500000759959,6.896735957000033,51.534192759000064,0,05230821701400848096
05,5,62,032,2023,08,15,2,3,6,4,0,0,1,1,0,0,0,376206.483099999837577,5714688.770600000396371,7.213769103000061,51.569665258000043,0,05230821701120995983
05,5,62,032,2023,08,13,2,3,2,6,0,0,1,0,0,0,0,375027.647900000214577,5719091.902400000020862,7.195200749000037,51.608976720000044,0,05230821701110785660
05,5,13,000,2023,08,15,2,3,5,3,0,1,1,0,0,0,0,364416.542299999855459,5716488.997400000691414,7.043057928000053,51.583131091000041,0,05230821700000779550
05,5,70,020,2023,08,18,1,3,2,6,0,0,1,0,1,0,0,434937.380800000391901,5750441.391799999400973,8.054339628000037,51.900924475000068,0,05230820711400896700
05,5,70,004,2023,08,13,1,3,0,3,0,1,1,0,0,0,0,419656.321000000461936,5734111.089999999850988,7.836070375000077,51.752131541000040,0,05230820711200187238
05,5,70,052,2023,08,07,1,3,5,3,0,0,1,0,0,0,0,428078.468999999575317,5759278.037000000476837,7.952816910000024,51.979518791000032,0,05230820711100479823
05,5,66,040,2023,08,13,1,3,2,7,0,0,1,0,0,0,0,422881.283099999651313,5780153.602199999615550,7.872442863000060,52.166474518000030,0,05230820709800985410
05,5,62,012,2023,08,14,1,3,5,3,0,0,1,0,0,0,0,361837.167999999597669,5724834.078999999910593,7.002561776000050,51.657494257000053,0,05230820701610177646
05,5,62,020,2023,08,16,1,3,2,6,0,0,1,0,1,0,0,370517.902800000272691,5719164.180500000715256,7.130082871000070,51.608607258000063,0,05230820701200675484
05,5,62,032,2023,08,12,1,2,1,5,0,1,1,0,0,0,0,379015.975200000219047,5716451.852499999105930,7.253679731000034,51.586120681000068,0,05230820701120673592
05,5,62,032,2023,08,14,1,3,4,6,0,0,1,0,0,0,0,379225.855499999597669,5720099.636399999260902,7.255451478000055,51.618949800000053,0,05230820701110276673
05,5,66,032,2023,08,00,1,2,2,6,2,0,1,0,1,0,0,413113.179700000211596,5777847.280999999493361,7.730248797000058,52.144292812000060,0,05230820702350542563
05,5,70,048,2023,08,06,7,3,9,1,0,0,1,0,0,0,0,450439.800800000317395,5727108.282199999317527,8.282974311000032,51.692741404000060,0,05230819711300681133
05,5,70,052,2023,08,12,7,3,5,3,0,0,1,0,0,0,0,431382.837000000290573,5756545.334300000220537,8.001466818000040,51.955370696000045,0,05230819711100081617
05,5,66,008,2023,08,18,7,2,8,1,0,1,0,0,0,0,0,399597.294400000013411,5781922.206299999728799,7.531589984000050,52.178625907000026,0,05230819709110155930
05,5,54,008,2023,08,10,7,2,8,1,0,0,1,0,0,0,0,332322.047000000253320,5746902.475999999791384,6.565593149000051,51.847712005000062,0,05230819705000672451
05,5,62,012,2023,08,14,4,3,5,3,0,1,0,0,1,0,0,360693.802000000141561,5727164.620999999344349,6.985113744000046,51.678154088000042,0,05230823701610051417
05,5,54,004,2023,08,17,7,3,0,3,0,1,1,0,0,0,0,358100.258200000040233,5776304.750600000843406,6.927400892000037,52.119042919000037,1,05230819705000091695
05,5,54,024,2023,08,23,7,2,2,6,2,0,1,0,0,0,0,368905.247000000439584,5774205.995899999514222,7.085928158000058,52.102851624000039,0,05230819702340887398
05,5,66,072,2023,08,15,2,3,5,3,0,1,1,0,0,0,0,412764.493999999947846,5803010.105200000107288,7.718652146000068,52.370409496000036,0,05230821709700391071
05,5,15,000,2023,08,19,7,3,5,3,0,0,1,0,0,0,1,406579.758999999612570,5751215.373999999836087,7.642068659000074,51.903848723000067,0,05230819702100076643
05,5,12,000,2023,08,22,7,2,3,6,2,0,1,0,0,0,0,357100.416799999773502,5707620.514499999582767,6.941133224000055,51.501632792000066,0,05230819701400894972
05,5,13,000,2023,08,16,7,2,6,4,0,0,1,1,0,0,0,368675.444000000134110,5707403.095000000670552,7.107882572000051,51.502486926000074,0,05230819700000773462
05,5,13,000,2023,08,21,7,3,2,6,2,0,1,0,0,0,0,368370.425900000147521,5708855.585400000214577,7.102948257000037,51.515469187000065,0,05230819700000678080