ULAND,UREGBEZ,UKREIS,UGEMEINDE,UJAHR,UMONAT,USTUNDE,UWOCHENTAG,UKATEGORIE,UART,UTYP1,ULICHTVERH,IstRad,IstPKW,IstFuss,IstKrad,IstGkfz,IstSonstige,LINREFX,LINREFY,XGCSWGS84,YGCSWGS84,STRZUSTAND,UIDENTSTLAE
05,5,13,000,2023,08,20,7,2,0,1,0,1,0,0,0,0,0,367121.487700000405312,5714953.957299999892712,7.082656676000056,51.569980611000062,0,05230819700000289563
05,5,13,000,2023,08,12,7,3,2,6,0,0,1,0,0,0,0,368470.697800000198185,5707835.900100000202656,7.104772932000060,51.506328848000067,0,05230819700000171500
05,5,13,000,2023,08,15,7,2,2,6,0,0,1,0,0,0,0,368895.551300000399351,5711476.100999999791384,7.109536577000029,51.539141319000066,0,05230819700000105127
05,5,13,000,2023,08,19,7,3,5,2,0,1,1,0,0,0,0,368693.235000000335276,5707407.247999999672174,7.108137207000027,51.502528382000037,0,05230819700000075415
05,5,13,000,2023,08,20,3,2,3,6,2,0,1,0,0,0,0,365782.283099999651313,5714427.336999999359250,7.063545848000047,51.564930951000065,0,05230822700000095203
05,5,70,032,2023,08,17,6,3,4,6,0,1,0,0,0,0,0,420581.093600000254810,5766906.911100000143051,7.841908115000024,52.047074449000036,0,05230818711100039522
05,5,66,072,2023,08,22,6,3,7,1,2,0,1,0,0,0,0,414144.662999999709427,5799455.495999999344349,7.739828393000039,52.338677840000059,0,05230818709700045600
05,5,66,084,2023,08,15,6,3,3,3,0,0,1,0,0,0,1,390083.338000000454485,5775820.439999999478459,7.394477337000069,52.121974719000036,0,05230818709300781037
05,5,66,084,2023,08,22,6,3,2,1,2,0,1,0,0,0,0,390383.171000000089407,5774902.084100000560284,7.399150830000053,52.113780746000032,0,05230818709300587316
05,5,66,008,2023,08,16,6,3,2,2,0,0,1,0,0,0,0,399616.333999999798834,5778831.487999999895692,7.532782412000074,52.150850758000047,0,05230818709110896566
05,5,66,004,2023,08,16,6,3,5,3,0,0,1,0,0,1,0,398766.179800000041723,5767169.881699999794364,7.523825573000067,52.045883216000050,0,05230818709110170576
05,5,58,040,2023,08,17,6,3,5,2,0,0,1,0,1,0,0,374665.569699999876320,5762103.654400000348687,7.174424064000050,51.995431389000032,0,05230818706200520578
05,5,58,016,2023,08,15,6,3,5,3,0,1,1,0,0,0,0,380667.793999999761581,5742760.481000000610948,7.268505810000022,51.822917088000054,0,05230818706100074648
05,5,58,012,2023,08,14,6,3,2,6,0,0,1,0,0,0,0,367947.068300000391901,5746942.195100000128150,7.082439581000074,51.857633355000075,0,05230818706000985487
05,5,58,012,2023,08,17,6,3,1,6,0,0,1,0,0,0,0,373594.209900000132620,5758555.975400000810623,7.160134628000037,51.963307884000073,0,05230818706000376254
05,5,58,040,2023,08,17,6,3,8,1,0,0,0,0,1,0,0,375330.460500000044703,5764547.572799999266863,7.183213986000055,52.017543145000047,0,05230818706000093452
05,5,54,024,2023,08,12,6,2,4,6,0,0,1,0,1,0,0,370992.210799999535084,5774328.446900000795722,7.116334898000048,52.104442578000032,0,05230818705000985493
05,5,54,004,2023,08,16,6,3,5,3,0,1,1,0,0,0,0,363212.979000000283122,5772368.104000000283122,7.003608243000031,52.084959380000043,0,05230818705000985480
05,5,15,000,2023,08,15,6,3,1,2,0,1,1,0,0,0,0,407045.209099999628961,5757867.413399999961257,7.647034873000052,51.963718796000080,0,05230818702100972722
05,5,15,000,2023,08,16,6,3,0,1,0,1,0,0,0,0,0,406964.021999999880791,5748789.357999999076128,7.648307055000032,51.882106496000063,0,05230818702100056497
05,5,62,012,2023,08,07,6,3,0,7,0,0,0,0,0,0,1,359013.175999999977648,5725070.033999999985099,6.961667349000038,51.658913273000053,0,05230818701610250501
05,5,12,000,2023,08,13,6,2,5,2,0,0,1,0,1,0,0,353729.639999999664724,5711136.097999999299645,6.891143780000050,51.532360225000048,0,05230818701400363937
05,5,12,000,2023,08,17,6,3,5,3,0,0,1,0,0,0,0,356347.924999999813735,5712066.835999999195337,6.928486397000029,51.541395883000064,0,05230818701400094961
05,5,62,020,2023,08,18,6,3,0,7,0,1,0,0,0,0,0,367745.239799999631941,5718813.391599999740720,7.090197446000047,51.604810447000034,0,05230818701200995195
05,5,62,020,2023,08,07,6,3,5,3,1,0,1,0,0,0,0,368198.550699999555945,5718226.272299999371171,7.096960154000044,51.599640517000068,0,05230818701200973586
05,5,62,020,2023,08,11,6,2,5,2,0,1,1,0,0,0,0,371536.769899999722838,5719715.702999999746680,7.144586389000040,51.613797081000030,0,05230818701200377987
05,5,62,032,2023,08,18,6,3,5,3,0,0,1,0,0,0,1,377850.837100000120699,5715092.109400000423193,7.237343278000026,51.573648842000068,0,05230818701120795014
05,5,62,032,2023,08,21,6,2,6,4,2,0,0,1,1,0,0,377024.830199999734759,5714900.891699999570847,7.225496767000038,51.571750735000080,0,05230818701120580920
05,5,62,032,2023,08,13,6,3,3,5,0,0,1,0,0,0,1,374270.658300000242889,5714913.741299999877810,7.185771316000057,51.571258751000073,0,05230818701120485386
05,5,13,000,2023,08,14,6,3,2,6,0,0,1,0,0,0,0,367850.508000000379980,5708715.619000000879169,7.095512093000025,51.514089966000029,0,05230818700000777618
05,5,13,000,2023,08,12,6,3,5,2,0,0,1,0,0,0,0,366284.540400000289083,5711254.854499999433756,7.071993802000065,51.536540589000026,0,05230818700000675760
05,5,66,016,2023,08,01,3,3,0,1,0,0,0,0,1,0,0,405694.004999999888241,5792276.975999999791384,7.617839364000076,52.272770466000054,0,05230822709500985315
05,5,58,036,2023,08,14,6,3,5,3,0,0,1,0,1,0,0,387677.441700000315905,5729908.392699999734759,7.374324646000048,51.708859662000066,0,05230818706300796595
05,5,12,000,2023,08,16,6,3,2,6,0,0,1,0,0,0,0,356583.086699999868870,5707881.932800000533462,6.933578560000058,51.503850836000026,0,05230818500630348096
05,5,54,012,2023,08,16,2,3,0,2,0,1,1,0,0,0,0,352219.673600000329316,5745994.068099999800324,6.854628688000048,51.845171893000042,0,05230821705000587245
05,5,62,004,2023,08,08,6,3,2,6,0,0,1,0,0,0,0,385577.928399999625981,5713661.629799999296665,7.349262297000053,51.562413201000027,0,05230818301921135304
05,5,70,028,2023,08,14,5,3,5,3,0,0,1,0,0,0,0,442574.670500000007451,5738460.841700000688434,8.167321151000067,51.794055978000074,1,05230817711400985534
05,5,70,008,2023,08,08,2,3,5,2,0,0,1,0,0,0,0,432830.234000000171363,5739962.023000000044703,8.025754443000039,51.806466164000028,0,05230821711300053110
05,5,70,044,2023,08,16,5,3,5,2,0,1,1,0,0,0,0,415963.929899999871850,5759564.800000000745058,7.776398385000050,51.980396277000068,0,05230817711100081966
05,5,66,028,2023,08,16,5,3,5,2,0,1,0,0,0,0,1,413594.594999999739230,5793918.307000000029802,7.733178650000070,52.288821685000073,0,05230817709700372668
05,5,66,016,2023,08,18,5,3,4,2,0,0,1,0,0,0,0,404602.009999999776483,5794085.513000000268221,7.601328319000061,52.288836937000042,0,05230817709500576615
05,5,66,076,2023,08,09,5,3,5,2,0,0,0,0,0,1,0,394419.940000000409782,5791122.645999999716878,7.453028262000032,52.260346948000063,1,05230817709500038567
05,5,66,084,2023,08,12,5,3,3,2,0,1,1,0,0,1,0,390379.531100000254810,5774911.800499999895692,7.399094566000031,52.113867349000031,0,05230817709300985538
05,5,66,012,2023,08,15,5,3,3,2,0,1,0,0,0,0,1,405152.824099999852479,5771402.144500000402331,7.615748336000024,52.085053413000026,0,05230817709110985528
05,5,58,044,2023,08,10,5,3,8,1,0,0,1,0,0,0,0,397118.440299999900162,5754352.388100000098348,7.503652580000050,51.930377489000080,0,05230817706000325216
05,5,54,032,2023,08,21,5,2,5,3,2,0,1,0,1,0,0,327354.357099999673665,5745687.473600000143051,6.494150279000053,51.835284182000066,0,05230817705000985510
05,5,54,020,2023,08,16,5,3,2,6,0,0,1,0,0,0,0,366861.388100000098348,5785611.118400000035763,7.051634429000046,52.204844614000081,0,05230817705000920897
05,5,54,012,2023,08,21,5,3,5,2,2,0,1,0,0,0,0,351936.964599999599159,5743855.793999999761581,6.851442592000069,51.825884857000062,0,05230817705000320734
05,5,15,000,2023,08,18,5,3,5,2,0,1,1,0,0,0,0,406325.302799999713898,5751028.769999999552965,7.638421800000060,51.902128695000044,0,05230817702100770567
05,5,15,000,2023,08,17,5,3,5,2,0,1,0,0,1,0,0,406341.214999999850988,5750995.005200000479817,7.638662192000027,51.901827873000059,0,05230817702100745124
05,5,15,000,2023,08,15,5,3,5,2,0,1,1,0,0,0,0,405381.995799999684095,5755568.572599999606609,7.623467126000037,51.942775237000035,0,05230817702100276646
05,5,15,000,2023,08,13,5,3,2,6,0,0,1,0,0,0,0,400776.716099999845028,5765973.752399999648333,7.553479805000052,52.035495916000059,0,05230817702100074643
05,5,15,000,2023,08,00,5,3,8,1,2,0,0,0,1,0,0,403946.707999999634922,5753314.115000000223517,7.603222176000031,51.922265352000068,0,05230817702100048560
05,5,12,000,2023,08,09,5,3,5,2,0,0,1,0,0,0,0,355670.247999999672174,5718971.186000000685453,6.915884634000065,51.603263218000052,0,05230817701400389486
05,5,62,032,2023,08,05,5,3,0,1,0,1,0,0,0,0,0,379508.874400000087917,5719347.532600000500679,7.259796169000026,51.612251003000040,1,05230817701110975698
05,5,13,000,2023,08,16,5,3,6,4,0,0,1,1,0,0,0,368964.624599999748170,5710905.380400000140071,7.110744426000053,51.534028419000038,0,05230817700000978080
05,5,70,028,2023,08,21,4,2,9,1,2,1,0,0,0,0,0,441107.041000000201166,5742937.127000000327826,8.145281722000050,51.834146259000079,0,05230816711400054395
05,5,70,008,2023,08,20,4,3,2,2,1,0,1,0,0,0,0,434409.938799999654293,5734225.900599999353290,8.049747407000041,51.755085674000043,0,05230816711300803043
05,5,66,048,2023,08,16,4,3,5,3,0,0,1,0,0,0,0,426347.947999999858439,5789575.448999999091029,7.921069380000063,52.251641446000065,0,05230816709700977184
05,5,66,028,2023,08,06,4,3,5,2,0,1,1,0,0,0,0,407577.678000000305474,5794844.268999999389052,7.644734288000052,52.296165177000034,1,05230816709700791162
05,5,66,028,2023,08,21,4,3,5,2,2,1,1,0,0,0,0,409320.867999999783933,5792397.575999999418855,7.670946887000071,52.274464565000073,0,05230816709700676748
05,5,66,028,2023,08,17,4,3,5,3,0,0,1,0,0,0,0,414824.640899999998510,5789223.217499999329448,7.752393466000058,52.246812327000043,0,05230816709700579128
05,5,66,084,2023,08,15,4,3,5,3,0,1,1,0,0,0,0,390126.193900000303984,5775421.674499999731779,7.395231801000023,52.118399435000072,0,05230816709300487286
05,5,58,004,2023,08,17,4,2,8,3,0,0,1,0,0,0,0,406291.582299999892712,5731388.831700000911951,7.643244513000070,51.725585286000069,0,05230816706300076750
05,5,58,016,2023,08,13,4,3,0,7,0,1,0,0,0,0,0,383093.553999999538064,5742194.103000000119209,7.303877644000067,51.818339685000069,0,05230816706000981061
05,5,58,012,2023,08,21,4,3,5,3,2,0,1,0,0,0,1,374226.269700000062585,5755072.279600000008941,7.170603925000023,51.932145177000052,0,05230816706000696665
05,5,54,068,2023,08,13,4,2,5,3,0,0,1,0,1,0,0,349224.997999999672174,5768026.053999999538064,6.801527567000051,52.042316550000066,0,05230816705000985575
05,5,54,020,2023,08,14,4,2,1,6,0,1,1,0,0,0,0,366533.064799999818206,5783165.500499999150634,7.047795955000026,52.182790270000055,0,05230816705000985574
05,5,54,060,2023,08,10,4,2,8,1,0,0,1,0,0,0,0,354743.693099999800324,5758406.492599999532104,6.886012977000064,51.957359867000037,0,05230816705000516031
05,5,54,012,2023,08,16,4,3,5,3,0,0,1,0,0,0,1,351770.751000000163913,5752381.814999999478459,6.845374050000032,51.902445509000074,0,05230816705000282366
05,5,54,056,2023,08,21,4,2,0,1,2,1,0,0,0,0,0,355366.916000000201166,5759396.083900000900030,6.894659732000036,51.966413724000063,0,05230816705000068363
05,5,54,024,2023,08,05,4,2,8,1,0,0,1,0,0,0,0,369412.089599999599159,5779454.849999999627471,7.091309160000037,52.150136529000065,0,05230816702340805048
05,5,13,000,2023,08,10,4,3,9,1,0,0,1,0,0,0,0,366721.646300000138581,5710596.959000000730157,7.078541514000051,51.530731704000061,1,05230816702340540998
05,5,54,024,2023,08,12,4,3,0,6,0,0,1,0,0,0,1,369066.532899999991059,5776464.525499999523163,7.087413066000067,52.123184457000036,0,05230816702340149702
05,5,62,032,2023,08,13,4,3,5,3,0,1,1,0,0,0,1,375685.604299999773502,5714990.617100000381470,7.206150438000066,51.572263412000041,0,05230816701120475230
05,5,13,000,2023,08,15,4,3,2,6,0,0,1,0,0,0,0,366868.316100000403821,5705431.809399999678135,7.082604757000070,51.484348803000046,0,05230816700000995133
05,5,62,012,2023,08,16,5,3,0,1,0,0,0,0,1,0,0,356717.910600000061095,5724385.063599999994040,6.928787164000028,51.652177980000033,0,05230817702340089576
05,5,54,012,2023,08,11,4,3,5,2,0,1,1,0,0,0,0,352982.856499999761581,5747118.163899999111891,6.865221710000071,51.855473303000053,0,05230823705000696552
05,5,70,028,2023,08,12,3,3,1,5,0,0,1,0,0,0,1,442027.616999999620020,5747513.760999999940395,8.157872812000051,51.875387478000050,0,05230815711400987314
05,5,70,028,2023,08,07,3,3,5,3,0,1,1,0,0,0,0,441549.799999999813735,5741168.603000000119209,8.152005378000069,51.818293318000030,1,05230815711400502910
05,5,70,008,2023,08,08,3,3,2,6,0,0,1,0,0,0,1,433871.138899999670684,5734674.273800000548363,8.041857268000058,51.759053224000070,1,05230815711300090830
05,5,70,036,2023,08,08,3,3,5,2,0,1,1,0,0,0,0,435134.915000000037253,5761122.918500000610948,8.055194423000046,51.996972466000045,0,05230815711100196700
05,5,66,076,2023,08,21,3,3,0,7,1,0,1,0,1,0,0,392056.194000000134110,5793036.207000000402331,7.417796277000036,52.277085579000072,0,05230815709500985596
05,5,66,064,2023,08,09,3,3,8,1,0,0,1,0,0,0,0,397768.752999999560416,5771355.876299999654293,7.508033138000030,52.083323088000043,0,05230815709110796547
05,5,58,024,2023,08,14,3,3,3,2,0,1,1,0,0,0,0,391601.160799999721348,5736281.296299999579787,7.429104971000072,51.766911058000062,0,05230815706300610693
05,5,58,004,2023,08,16,3,3,8,1,0,0,1,0,0,0,1,405482.279900000430644,5731531.236199999228120,7.631491976000063,51.726729488000046,0,05230815706000209884
05,5,54,012,2023,08,12,3,3,0,7,0,0,0,0,0,0,1,353012.944699999876320,5747468.135500000789762,6.865509431000021,51.858625699000072,0,05230815705000985625
05,5,54,020,2023,08,15,3,3,0,1,0,1,0,0,0,0,0,367250.451600000262260,5785455.203999999910593,7.057385592000060,52.203537489000041,0,05230815705000985614
05,5,54,060,2023,08,13,3,3,0,7,0,0,1,0,0,0,1,347931.616000000387430,5753995.472999999299645,6.788901393000060,51.915908771000034,0,05230815705000170526
05,5,13,000,2023,08,11,3,3,2,6,0,0,1,0,0,1,0,367388.985700000077486,5710831.747500000521541,7.088068274000022,51.532998800000030,0,05230815702340896062
05,5,15,000,2023,08,13,3,3,4,6,0,1,0,0,0,0,0,408544.585300000384450,5758462.072799999266863,7.668693617000031,51.969312622000075,0,05230815702100579168
05,5,15,000,2023,08,15,3,3,0,6,0,0,1,0,0,0,1,406277.312400000169873,5756674.158500000834465,7.636187025000027,51.952864330000068,0,05230815702100370611
05,5,15,000,2023,08,14,3,3,2,6,0,0,1,0,0,0,0,404427.238300000317395,5755072.233999999240041,7.609719349000045,51.938150754000048,0,05230815702100076643
05,5,62,004,2023,08,18,3,3,5,3,0,0,1,0,1,0,0,384425.681099999696016,5716605.289200000464916,7.331678083000043,51.588635267000029,0,05230815701800780966
05,5,62,004,2023,08,20,3,2,8,1,0,0,1,0,0,0,0,384113.611299999989569,5709673.385700000450015,7.329460051000069,51.526268546000040,0,05230815701800562250
05,5,12,000,2023,08,12,3,3,2,6,0,0,1,0,0,0,0,360584.273400000296533,5709631.141000000759959,6.990499222000039,51.520570703000033,0,05230815701400295006
05,5,62,032,2023,08,13,3,3,2,2,0,0,1,0,0,0,0,373765.252199999988079,5719183.680199999362230,7.176946590000057,51.609519916000067,0,05230815701110977200
05,5,54,004,2023,08,18,6,3,8,1,0,1,0,0,0,0,0,362344.143899999558926,5770900.271900000050664,6.991528345000063,52.071555088000082,0,05230818705000581001
05,5,54,028,2023,08,18,2,2,4,6,0,0,1,0,0,0,1,358380.869800000451505,5744425.570299999788404,6.944651221000072,51.832675056000028,0,05230821705000679122
05,5,62,020,2023,08,15,6,3,2,6,0,0,1,0,0,0,0,369411.883999999612570,5717627.223999999463558,7.114691822000054,51.594539667000049,0,05230818701200795044
05,5,13,000,2023,08,10,5,3,0,7,0,1,0,0,0,0,0,368612.700000000186265,5712723.371600000187755,7.104994683000029,51.550284445000045,1,05230817700000195052
05,5,15,000,2023,08,19,4,3,0,1,0,1,0,0,0,0,0,406004.170500000007451,5761447.017300000414252,7.630906446000040,51.995718747000069,0,05230823702100172453
05,5,70,016,2023,08,17,2,3,2,6,0,0,1,0,0,0,0,413367.028099999763072,5739904.647500000894070,7.743535040000040,51.803273241000056,0,05230814711200081053
05,5,66,084,2023,08,15,2,2,0,1,0,0,0,0,0,0,1,390144.116600000299513,5775418.891499999910593,7.395494359000054,52.118377985000052,0,05230814709300742420
05,5,66,036,2023,08,18,2,3,0,4,0,1,0,1,0,0,0,387598.155000000260770,5768407.359999999403954,7.360636782000029,52.054852658000073,0,05230814709110796500
05,5,66,008,2023,08,16,2,3,2,6,0,0,1,0,0,0,0,400743.450799999758601,5779862.168400000780821,7.548949473000050,52.160318079000035,0,05230814709110474198
05,5,54,012,2023,08,10,2,3,2,6,0,0,1,0,0,1,0,351423.423399999737740,5744315.163699999451637,6.843799073000071,51.829875903000072,0,05230814705000091730
05,5,62,014,2023,08,16,5,3,2,6,0,0,1,0,0,0,0,362005.925999999977648,5711447.804999999701977,7.010265419000064,51.537244826000062,0,05230817701300495006
05,5,66,048,2023,08,09,2,3,2,6,0,0,1,0,0,0,0,427962.840599999763072,5791366.055600000545382,7.944339420000063,52.267951067000070,0,05230814702350549910
05,5,62,004,2023,08,07,2,2,3,6,0,0,0,0,1,0,1,382379.211099999956787,5718249.195800000801682,7.301599887000066,51.602986600000065,0,05230814702340496605
05,5,62,020,2023,08,14,2,2,4,2,0,0,1,0,0,0,0,371450.163599999621511,5719405.560300000011921,7.143449973000031,51.610990112000081,0,05230814702340096656
05,5,13,000,2023,08,07,2,3,3,6,0,0,1,0,0,0,0,365360.033800000324845,5713988.400699999183416,7.057625644000041,51.560885815000063,0,05230814702340096062
05,5,62,014,2023,08,11,2,2,2,6,0,0,1,0,0,0,0,357000.750099999830127,5716322.348799999803305,6.936162869000043,51.579800846000069,0,05230814702340068250
05,5,15,000,2023,08,13,2,3,5,3,0,0,1,0,0,0,1,403010.030299999751151,5758690.082599999383092,7.588088978000030,51.970423838000045,0,05230814702100700500
05,5,62,028,2023,08,10,2,3,5,3,0,1,1,0,0,0,0,380790.610000000335276,5722608.870999999344349,7.277188536000040,51.641835038000067,0,05230814701920449548
05,5,62,016,2023,08,17,2,2,0,7,0,0,1,0,1,0,0,378618.515899999998510,5732717.914300000295043,7.242297262000022,51.732222555000078,0,05230814701700538985
05,5,62,024,2023,08,06,2,3,0,7,0,0,1,0,1,0,0,370569.367999999783933,5725195.413000000640750,7.128595551000046,51.662820112000077,0,05230814701500547171
05,5,12,000,2023,08,10,2,3,0,7,0,0,0,0,0,0,1,356678.007199999876320,5709160.697300000116229,6.934425491000070,51.515365721000080,0,05230814701400281321
05,5,62,020,2023,08,13,2,2,5,3,0,0,1,0,0,1,0,367724.264899999834597,5718891.366200000047684,7.089865329000077,51.605506244000026,0,05230814701200985675
05,5,13,000,2023,08,18,2,3,0,6,0,0,1,0,0,0,1,366980.009200000204146,5709290.251099999994040,7.082757456000024,51.519049705000043,0,05230814700000579622
05,5,13,000,2023,08,15,2,3,5,3,0,1,1,0,0,0,0,363938.292799999937415,5716462.208399999886751,7.036169859000040,51.582775098000070,0,05230814700000457757
05,5,66,032,2023,09,05,3,3,5,3,2,0,1,0,0,1,0,413486.979299999773502,5777771.614900000393391,7.735729269000046,52.143671357000073,1,05230912709800984400
05,5,66,076,2023,09,18,3,3,1,6,0,0,1,0,0,0,1,396051.224799999967217,5795014.291400000452995,7.475721080000028,52.295633217000045,0,05230912709500664316
05,5,66,076,2023,09,07,3,3,2,2,0,0,0,0,1,0,1,393038.996000000275671,5797985.513299999758601,7.430624013000056,52.321757721000040,1,05230912709500036628
05,5,66,084,2023,09,07,3,3,2,7,1,0,1,0,0,0,1,389889.174700000323355,5781958.472799999639392,7.389653052000028,52.177099680000026,0,05230912709300387286
05,5,58,032,2023,09,15,3,3,4,6,0,0,1,0,0,0,0,382825.906899999827147,5753894.315700000151992,7.296025919000044,51.923435624000035,0,05230912706100761043
05,5,54,020,2023,09,05,3,3,5,3,2,0,1,0,0,0,1,366842.678799999877810,5782106.700799999758601,7.052737471000057,52.173351263000029,1,05230912705000984398
05,5,54,048,2023,09,08,3,3,0,1,0,1,0,0,0,0,0,341530.471199999563396,5745016.213300000876188,6.700028670000052,51.833455625000056,1,05230912705000395967
05,5,62,032,2023,09,14,3,3,2,6,0,0,1,0,0,0,0,378716.147400000132620,5717514.226299999281764,7.248986944000023,51.595604192000053,0,05230912702340254151
05,5,62,008,2023,09,16,3,3,2,6,0,0,1,0,0,0,0,384471.809299999848008,5723527.632500000298023,7.330060992000028,51.650860851000061,0,05230912701910381230
05,5,62,004,2023,09,16,3,3,2,6,0,0,1,0,0,0,0,384544.227400000207126,5713989.187000000849366,7.334248516000059,51.565146557000048,0,05230912701800063295
05,5,62,032,2023,09,11,3,3,5,3,0,1,1,0,0,0,0,375198.128100000321865,5719261.052999999374151,7.197601222000060,51.610534708000046,1,05230912701110078345
05,5,15,000,2023,09,17,3,3,5,6,0,1,0,0,0,0,0,407873.008100000210106,5754559.718000000342727,7.659966552000071,51.934125127000073,0,05230912702100072392
05,5,12,000,2023,09,17,3,3,5,3,0,0,1,0,0,0,1,358004.280799999833107,5711042.217100000008941,6.952768400000025,51.532607868000071,0,05230912701400984356
05,5,70,008,2023,09,08,3,3,9,1,0,0,1,0,0,0,0,433436.255599999800324,5736989.844399999827147,8.035113393000074,51.779818766000062,1,05230912301911984368
05,5,70,008,2023,09,13,3,3,2,6,0,0,1,0,0,0,0,430186.660199999809265,5732453.263900000602007,7.988927417000070,51.738639258000035,0,05230912301911980997
05,5,70,008,2023,09,11,3,2,2,6,0,0,1,0,0,1,0,437503.045500000007451,5739007.877399999648333,8.093692498000053,51.798430187000065,1,05230912301911380680
05,5,66,040,2023,09,14,2,3,0,1,0,1,0,0,0,0,0,423106.128800000064075,5781470.926300000399351,7.875431086000049,52.178347266000060,0,05230911709800074686
05,5,66,056,2023,09,12,2,3,5,3,0,1,1,0,0,0,0,416450.166299999691546,5794659.639399999752641,7.774850821000030,52.295926724000026,0,05230911709700348421
05,5,66,076,2023,09,20,2,3,4,2,2,1,0,0,0,0,1,394025.586000000126660,5791835.425000000745058,7.447028608000039,52.266677039000058,0,05230911709500838807
05,5,66,096,2023,09,01,2,3,8,7,2,0,1,0,0,0,0,385013.943099999800324,5787114.508300000801682,7.316636227000060,52.222441300000071,0,05230911709300087286
05,5,66,008,2023,09,13,2,3,9,1,0,1,1,0,0,0,0,400435.380800000391901,5780391.359799999743700,7.544292099000074,52.165018872000076,0,05230911709110042531
05,5,58,012,2023,09,14,2,3,0,6,0,1,0,0,0,0,0,375457.744900000281632,5755285.950500000268221,7.188428832000056,51.934342261000040,0,05230911706200294962
05,5,58,012,2023,09,14,2,2,3,2,0,1,0,0,0,1,0,374996.807000000029802,5750955.721999999135733,7.183299361000024,51.895325057000036,0,05230911706200095563
05,5,58,012,2023,09,17,2,3,5,2,0,1,1,0,0,0,0,378969.960699999704957,5755766.078099999576807,7.239321569000026,51.939431957000068,0,05230911706200020578
05,5,54,016,2023,09,15,2,2,3,2,0,0,1,0,0,0,1,358537.134499999694526,5757361.029699999839067,6.941612133000035,51.948944074000053,0,05230911705000984414
05,5,54,060,2023,09,14,2,3,2,2,0,0,1,0,1,0,0,347669.417200000025332,5753727.962799999862909,6.785210362000043,51.913433709000060,0,05230911705000119861
05,5,62,032,2023,09,09,2,3,2,6,0,0,1,0,0,0,0,376118.088000000454485,5716367.344000000506639,7.211902240000029,51.584731564000037,0,05230911702340984440
05,5,15,000,2023,09,09,2,3,3,2,0,1,1,0,0,0,0,407069.622700000181794,5757448.421099999919534,7.647503476000054,51.959956761000058,0,05230911702100984438
05,5,15,000,2023,09,07,2,3,5,3,0,1,0,0,1,0,0,405373.525999999605119,5761218.922000000253320,7.621786638000060,51.993561436000050,0,05230911702100570584
05,5,15,000,2023,09,10,2,3,0,6,0,0,1,0,1,0,0,405590.371500000357628,5757046.502900000661612,7.626091740000049,51.956094938000035,0,05230911702100442557
05,5,62,008,2023,09,19,2,3,5,3,1,1,0,0,0,0,1,385083.737700000405312,5723194.861800000071526,7.339011629000026,51.647995417000061,0,05230911701910575477
05,5,62,032,2023,09,06,2,3,6,2,0,0,1,1,0,0,0,376084.458800000138581,5714676.566199999302626,7.212013626000044,51.569528769000044,0,05230911701120378095
05,5,62,032,2023,09,05,2,3,5,3,2,1,1,0,0,0,0,376061.615000000223517,5714558.064999999478459,7.211725981000029,51.568458750000048,0,05230911701120075230
05,5,62,004,2023,09,21,2,3,0,7,2,0,1,0,0,1,0,385866.254200000315905,5716683.702099999412894,7.352438024000037,51.589633684000034,0,05230911301911254085
05,5,70,004,2023,09,00,1,3,1,5,2,0,1,0,0,0,0,423941.118099999614060,5733679.860600000247359,7.898225344000025,51.748853139000062,0,05230910711200276720
05,5,66,008,2023,09,17,1,3,0,1,0,1,0,0,0,0,0,400332.120900000445545,5782448.689799999818206,7.542178447000026,52.183491064000066,0,05230910709110984463
05,5,58,004,2023,09,15,1,2,2,1,0,0,1,0,1,0,0,407738.804399999789894,5740036.571200000122190,7.661895334000064,51.803558705000057,0,05230910706300984473
05,5,15,000,2023,09,13,1,3,0,6,0,1,0,0,0,0,0,405479.730700000189245,5756364.160800000652671,7.624669812000036,51.949942954000051,0,05230910702100676700
05,5,15,000,2023,09,02,1,3,0,1,2,0,0,0,0,0,1,403144.387799999676645,5758119.570900000631809,7.590205160000039,51.965319347000047,0,05230910702100064165
05,5,62,012,2023,09,18,1,3,9,1,0,0,1,0,0,0,0,359549.962600000202656,5725235.226999999955297,6.969356367000046,51.660532059000047,0,05230910701610098894
05,5,12,000,2023,09,00,1,2,0,1,2,1,0,0,0,0,0,357505.404199999757111,5713586.613800000399351,6.944550505000052,51.555345804000069,0,05230910701400984500
05,5,70,036,2023,09,22,7,3,4,6,2,1,0,0,0,0,0,432103.882799999788404,5758574.599500000476837,8.011556722000023,51.973701634000065,0,05230909711100984500
05,5,66,048,2023,09,17,7,3,8,1,0,0,0,0,1,0,0,426674.660899999551475,5794611.776799999177456,7.924759469000037,52.296956406000049,0,05230909709700991794
05,5,66,072,2023,09,23,7,2,8,1,2,1,0,0,0,0,0,408649.100800000131130,5799221.829399999231100,7.659252134000042,52.335689954000031,0,05230909709700984495
05,5,66,028,2023,09,10,7,2,2,6,0,1,1,0,0,0,0,408281.220900000073016,5796719.895999999716878,7.654536830000040,52.313141246000043,0,05230909709700196644
05,5,58,004,2023,09,21,7,3,1,1,2,0,1,0,1,0,0,407569.186800000257790,5733451.622199999168515,7.661188929000048,51.744339599000057,0,05230909706300194956