ULAND,UREGBEZ,UKREIS,UGEMEINDE,UJAHR,UMONAT,USTUNDE,UWOCHENTAG,UKATEGORIE,UART,UTYP1,ULICHTVERH,IstRad,IstPKW,IstFuss,IstKrad,IstGkfz,IstSonstige,LINREFX,LINREFY,XGCSWGS84,YGCSWGS84,STRZUSTAND,UIDENTSTLAE
05,5,58,020,2023,09,11,7,2,5,3,0,0,1,0,0,0,0,392830.792999999597669,5761760.187000000849366,7.439004344000068,51.996147400000041,0,05230909706200049813
05,5,54,008,2023,09,01,7,3,4,6,2,1,0,0,0,0,0,336438.992399999871850,5748603.103700000792742,6.624503467000068,51.864210763000074,0,05230909705000980994
05,5,54,064,2023,09,09,7,3,0,1,0,1,0,0,0,0,0,355848.562699999660254,5750922.605299999937415,6.905214830000034,51.890404245000070,0,05230909705000838825
05,5,54,016,2023,09,19,7,2,5,3,0,1,1,0,0,0,0,364924.246000000275671,5751268.746999999508262,7.036879192000072,51.895787761000065,0,05230909705000791737
05,5,66,028,2023,09,09,7,3,2,6,0,0,1,0,0,0,0,413197.059399999678135,5790413.515300000086427,7.728253799000072,52.257256836000067,0,05230909702350501414
05,5,62,032,2023,09,12,7,3,1,6,0,0,1,0,0,0,0,374919.396800000220537,5716339.259899999946356,7.194619672000044,51.584214385000053,0,05230909702340984536
05,5,13,000,2023,09,14,7,3,2,6,0,0,1,0,0,0,0,365728.480700000189245,5709301.358799999579787,7.064725723000038,51.518853417000059,0,05230909702340155631
05,5,15,000,2023,09,09,7,3,6,6,0,1,0,1,0,0,0,401043.002600000239909,5756784.572699999436736,7.560013073000050,51.952950051000073,0,05230909702100041597
05,5,62,016,2023,09,20,7,3,2,6,2,0,1,0,0,0,0,374989.219600000418723,5733809.917600000277162,7.189377693000040,51.741238660000079,0,05230909701700375472
05,5,62,012,2023,09,18,7,3,5,2,0,0,1,0,0,0,0,361917.383999999612570,5736290.286000000312924,6.999182345000065,51.760458655000036,0,05230909701610984510
05,5,62,024,2023,09,20,7,3,2,6,1,0,1,0,0,0,0,369290.016599999740720,5724894.577800000086427,7.110221027000023,51.659820523000064,0,05230909701500885411
05,5,13,000,2023,09,18,7,3,5,2,0,0,1,0,0,0,0,363717.659799999557436,5719586.512599999085069,7.031773742000041,51.610797636000029,0,05230909700000572394
05,5,13,000,2023,09,12,7,3,5,3,0,1,1,0,0,0,0,364417.899299999698997,5716489.027699999511242,7.043077491000076,51.583131689000027,0,05230909700000479362
05,5,13,000,2023,09,19,7,3,5,3,0,0,1,0,0,0,0,367378.231100000441074,5712960.472100000828505,7.087111113000049,51.552126373000078,0,05230909700000075940
05,5,12,000,2023,09,06,7,3,9,7,1,0,1,0,0,0,0,358231.876400000415742,5708298.912200000137091,6.957151182000075,51.508013798000036,0,05230909500630048934
05,5,62,008,2023,09,06,2,3,1,6,0,0,1,0,0,0,0,383656.701200000010431,5720017.707599999383092,7.319450788000040,51.619146798000031,0,05230911701910594975
05,5,58,012,2023,09,11,1,3,3,6,0,1,1,0,0,0,0,375926.085300000384450,5754552.287499999627471,7.195502124000029,51.927853731000027,0,05230910706200687453
05,5,70,052,2023,09,18,3,3,0,7,0,1,0,0,0,0,1,430930.053000000305474,5755883.300200000405312,7.995011958000021,51.949363187000074,0,05230912711100176705
05,5,70,028,2023,09,06,6,2,8,1,1,0,0,0,1,0,0,439125.672000000253320,5741845.370999999344349,8.116721607000045,51.824118756000075,0,05230908711400953662
05,5,70,008,2023,09,13,6,3,2,2,0,0,1,0,0,0,0,432938.265399999916553,5739319.729800000786781,8.027445379000028,51.800704942000038,0,05230908711300479823
05,5,70,004,2023,09,07,6,3,8,1,0,0,1,0,0,0,0,424986.884999999776483,5729087.549000000581145,7.914360682000051,51.707710374000044,0,05230908711200987238
05,5,66,072,2023,09,13,6,3,5,3,0,1,1,0,0,0,0,411963.550999999977648,5801298.546000000089407,7.707339934000061,52.354897699000048,0,05230908709700481737
05,5,66,060,2023,09,17,6,3,1,5,0,0,1,0,0,0,1,392643.363499999977648,5797202.564899999648333,7.425071372000048,52.314644067000074,0,05230908709500872201
05,5,66,076,2023,09,10,6,2,0,7,0,0,0,0,1,0,0,397089.282999999821186,5787446.627000000327826,7.493244651000055,52.227814715000079,0,05230908709500674705
05,5,66,076,2023,09,07,6,3,5,3,0,1,1,0,0,0,0,392800.178000000305474,5791053.707000000402331,7.429326803000038,52.259414105000076,0,05230908709500455928
05,5,66,012,2023,09,07,6,3,8,7,0,0,1,0,1,0,0,410060.440999999642372,5766281.525699999183416,7.688700716000028,52.039845898000067,0,05230908709110879618
05,5,58,004,2023,09,23,6,3,9,1,2,0,1,0,0,0,0,403205.717000000178814,5734358.268999999389052,7.597753983000075,51.751752331000034,0,05230908706300087273
05,5,58,012,2023,09,10,6,3,5,3,0,0,1,0,0,0,1,373116.989000000059605,5756316.489000000059605,7.154019322000067,51.943074353000043,0,05230908706200593452
05,5,54,032,2023,09,13,6,3,5,3,0,0,1,0,0,0,0,324496.355399999767542,5746409.759400000795722,6.452345595000054,51.840881344000081,0,05230908705000791760
05,5,15,000,2023,09,16,6,3,2,6,0,0,1,0,0,0,1,402234.324900000356138,5762712.168299999088049,7.575653910000028,52.006439236000062,0,05230908702350984570
05,5,54,024,2023,09,12,6,3,9,1,0,0,1,0,0,0,0,369116.830599999986589,5776884.637099999934435,7.087985725000067,52.126971388000072,0,05230908702340605048
05,5,15,000,2023,09,12,6,3,2,6,0,0,1,0,0,0,0,403018.183799999766052,5763682.918299999088049,7.586795271000028,52.015302041000041,0,05230908702340568170
05,5,15,000,2023,09,07,6,3,2,6,0,0,1,0,0,0,0,401142.853000000119209,5752614.535199999809265,7.562663887000042,51.915486571000031,0,05230908702330780978
05,5,15,000,2023,09,10,6,3,5,2,0,1,1,0,0,0,0,404650.257799999788404,5760137.679800000041723,7.611556370000073,51.983719160000078,0,05230908702100984607
05,5,62,016,2023,09,19,6,2,8,1,0,1,0,0,0,0,0,378406.854000000283122,5735573.471799999475479,7.238235533000022,51.757839860000047,0,05230908701700879216
05,5,62,024,2023,09,21,6,3,2,6,2,1,1,0,0,0,0,366531.799800000153482,5724690.754200000315905,7.070445208000024,51.657340660000045,0,05230908701500182385
05,5,62,014,2023,09,13,6,2,6,4,0,0,1,1,0,0,0,361487.467699999921024,5713459.051000000908971,7.002002908000065,51.555191282000067,0,05230908701300089553
05,5,70,008,2023,09,14,6,3,2,6,0,0,1,0,0,0,0,431093.075299999676645,5734781.900699999183416,8.001590951000026,51.759685838000053,0,05230908301911394297
05,5,70,008,2023,09,16,5,3,2,2,0,0,1,0,1,0,0,433837.267599999904633,5735562.599899999797344,8.041197412000031,51.767035331000045,0,05230907711300787230
05,5,70,008,2023,09,11,5,3,5,2,0,0,0,0,0,1,1,433708.719999999739230,5739029.312000000849366,8.038672625000061,51.798185958000033,0,05230907711300068997
05,5,70,052,2023,09,15,5,2,0,6,0,1,0,0,0,0,0,430413.832000000402331,5755857.558000000193715,7.987507265000033,51.949067430000071,0,05230907711100080982
05,5,66,028,2023,09,14,5,3,4,6,0,1,0,0,0,0,0,415430.395899999886751,5792047.446299999952316,7.760556409000060,52.272291205000045,0,05230907709700081056
05,5,66,096,2023,09,17,5,3,0,2,0,1,1,0,0,0,0,385072.692499999888241,5785566.354900000616908,7.318021639000051,52.208540694000078,0,05230907709300984641
05,5,66,008,2023,09,21,5,2,0,1,2,1,0,0,0,0,0,398497.357599999755621,5781199.887299999594688,7.515725138000050,52.171932665000043,0,05230907709110896848
05,5,58,044,2023,09,11,5,3,3,2,0,0,0,0,0,0,1,399218.991999999620020,5739411.148900000378489,7.538552093000021,51.796466470000041,0,05230907706300108330
05,5,58,040,2023,09,05,5,3,9,1,2,0,1,0,0,0,0,376920.835199999623001,5765817.785000000149012,7.205921061000026,52.029312959000038,0,05230907706000296588
05,5,54,004,2023,09,21,5,3,5,3,2,1,1,0,0,0,0,360325.580400000326335,5771086.928899999707937,6.962020060000043,52.072726848000059,0,05230907705000984630
05,5,13,000,2023,09,19,5,3,0,6,1,0,1,0,0,0,0,369877.863499999977648,5715000.841900000348687,7.122388643000022,51.571044814000061,0,05230907702340984640
05,5,62,020,2023,09,20,5,3,8,7,1,0,1,0,0,0,0,371575.059000000357628,5715407.591399999335408,7.146715934000042,51.575089377000040,0,05230907702340981318
05,5,66,068,2023,09,20,5,2,0,7,2,0,1,0,0,0,0,374201.840400000102818,5789436.569800000637770,7.157570980000060,52.240944223000042,0,05230907702340205234
05,5,15,000,2023,09,09,5,3,2,6,0,0,1,0,0,0,0,408801.639999999664724,5758557.402100000530481,7.672409122000033,51.970211735000078,0,05230907702100976646
05,5,15,000,2023,09,18,5,3,5,2,0,1,1,0,0,0,0,406972.826200000010431,5751286.113199999555945,7.647761359000071,51.904550342000050,0,05230907702100972722
05,5,15,000,2023,09,17,5,3,5,2,0,0,1,0,0,0,0,405914.418999999761581,5761506.400000000372529,7.629583278000041,51.996237302000054,0,05230907702100965836
05,5,15,000,2023,09,14,5,3,0,1,0,1,0,0,0,0,0,403933.150999999605119,5758084.023600000888109,7.601692342000035,51.965136704000031,0,05230907702100776732
05,5,15,000,2023,09,19,5,2,2,6,0,1,1,0,0,0,0,405467.160899999551475,5756995.352399999275804,7.624313334000021,51.955614244000060,0,05230907702100127600
05,5,62,036,2023,09,18,5,3,5,2,0,1,1,0,0,0,0,389289.488900000229478,5720237.357300000265241,7.400710550000042,51.622257215000047,0,05230907701930984637
05,5,62,008,2023,09,16,5,3,5,2,0,1,1,0,0,0,0,385074.152800000272691,5723622.061799999326468,7.338732773000061,51.651833010000075,0,05230907701910589511
05,5,62,004,2023,09,17,5,3,5,3,0,1,0,0,0,0,1,381742.139299999922514,5712392.653699999675155,7.294377087000044,51.550216822000039,0,05230907701800355646
05,5,62,016,2023,09,11,5,3,5,3,0,1,1,0,0,0,0,378562.517900000326335,5730904.111300000920892,7.242119270000046,51.715909516000067,0,05230907701700795098
05,5,62,016,2023,09,14,5,3,6,2,0,0,1,1,0,0,0,375078.364599999971688,5733981.477099999785423,7.190606546000026,51.742800321000061,0,05230907701700500575
05,5,62,014,2023,09,08,5,3,2,6,0,0,1,0,0,0,0,360566.400000000372529,5716203.648299999535084,6.987636647000045,51.579627544000061,0,05230907701300699917
05,5,62,032,2023,09,21,5,3,5,2,2,1,1,0,0,0,0,372880.722599999979138,5718594.306500000879169,7.164393131000054,51.604024239000069,0,05230907701110451238
05,5,13,000,2023,09,13,5,3,5,2,0,1,1,0,0,0,0,368606.827999999746680,5709626.828999999910593,7.106065736000062,51.522455218000061,0,05230907700000573493
05,5,13,000,2023,09,06,5,3,0,3,0,0,1,0,0,0,1,368892.639000000432134,5708630.326999999582767,7.110553788000061,51.513566267000044,0,05230907700000189560
05,5,70,008,2023,09,17,7,3,3,7,0,1,0,0,0,0,0,433379.809999999590218,5739619.450999999418855,8.033790238000051,51.803452212000082,0,05230909711300984525
05,5,70,008,2023,09,00,5,1,8,1,2,0,1,0,0,0,0,431588.550599999725819,5735981.659199999645352,8.008532582000043,51.770532384000035,0,05230907301911984683
05,5,66,028,2023,09,14,4,3,5,1,0,1,1,0,0,0,0,412627.660000000149012,5792800.066999999806285,7.719295746000057,52.278617741000062,0,05230906709700703002
05,5,66,056,2023,09,17,4,3,5,3,0,1,1,0,0,0,0,416984.783999999985099,5796227.336999999359250,7.782301822000022,52.310098963000030,0,05230906709700581056
05,5,66,076,2023,09,07,4,3,5,3,1,1,1,0,0,0,0,394696.940000000409782,5792717.028999999165535,7.456587683000066,52.274729219000051,0,05230906709500453120
05,5,66,032,2023,09,17,4,2,3,6,0,0,1,0,1,0,0,413919.952300000004470,5780218.809800000861287,7.741434654000045,52.165735738000080,0,05230906709110972342
05,5,66,008,2023,09,09,4,3,5,2,0,1,1,0,0,0,0,398538.873300000093877,5781209.981699999421835,7.516328983000051,52.172031026000070,0,05230906709110287268
05,5,58,044,2023,09,15,4,3,0,3,0,1,1,0,0,0,0,394976.192999999970198,5745938.641000000759959,7.475069129000076,51.854355220000059,0,05230906706300196613
05,5,54,008,2023,09,16,4,3,0,1,0,1,0,0,0,0,0,334737.067999999970198,5745749.368799999356270,6.601172787000053,51.838073354000073,0,05230906705000796520
05,5,54,020,2023,09,19,4,3,5,3,0,0,1,0,0,0,0,365238.471699999645352,5784556.223200000822544,7.028319290000070,52.194971649000081,0,05230906705000020897
05,5,66,032,2023,09,21,4,3,2,6,2,0,1,0,0,0,0,413233.565499999560416,5778044.812799999490380,7.731957192000039,52.146087257000033,0,05230906702350842563
05,5,15,000,2023,09,21,4,3,5,3,1,1,1,0,0,0,0,406822.866000000387430,5757693.199699999764562,7.643846894000035,51.962115655000048,0,05230906702100984682
05,5,15,000,2023,09,08,4,3,5,3,0,1,1,0,0,0,0,404281.611999999731779,5759017.014000000432134,7.606502638000052,51.973582852000050,0,05230906702100564165
05,5,15,000,2023,09,14,4,3,0,2,0,0,1,0,0,0,1,404194.053999999538064,5754225.316999999806285,7.606564204000051,51.930498227000044,0,05230906702100478182
05,5,62,036,2023,09,07,4,3,5,3,0,0,1,0,1,0,0,388145.959999999962747,5718324.160000000149012,7.384809123000025,51.604835322000042,0,05230906701930255844
05,5,62,024,2023,09,20,4,3,5,2,2,0,1,0,0,0,0,368555.451000000350177,5722726.052999999374151,7.100422082000023,51.640161655000043,0,05230906701500380958
05,5,12,000,2023,09,07,4,3,5,2,0,1,1,0,0,0,0,356698.196800000034273,5708432.372999999672174,6.935012303000065,51.508826220000060,0,05230906701400870117
05,5,12,000,2023,09,19,4,3,5,3,0,1,0,0,0,0,1,355316.617200000211596,5709197.109899999573827,6.914803934000076,51.515345907000039,0,05230906701400099314
05,5,62,014,2023,09,12,4,3,5,3,0,1,1,0,0,0,0,361552.208899999968708,5711446.397700000554323,7.003728098000067,51.537121085000081,0,05230906701300984718
05,5,62,020,2023,09,17,4,3,5,2,0,1,1,0,0,0,0,371191.219600000418723,5717994.913300000131130,7.140230525000050,51.598253692000071,0,05230906701200377987
05,5,13,000,2023,09,15,4,3,2,6,0,0,1,0,0,0,0,369054.281600000336766,5708144.480399999767542,7.113062382000066,51.509237535000068,0,05230906700000694943
05,5,13,000,2023,09,13,4,3,5,3,0,1,1,0,0,0,0,368547.974000000394881,5714529.424000000581145,7.103386471000022,51.566499837000038,0,05230906700000572394
05,5,13,000,2023,09,18,4,3,2,6,1,0,1,0,0,0,0,363100.088100000284612,5711103.472100000828505,7.026165905000028,51.534416948000057,0,05230906700000424636
05,5,13,000,2023,09,07,4,3,5,2,0,0,1,0,0,0,0,368461.747999999672174,5707853.989000000059605,7.104637302000071,51.506489326000064,0,05230906700000257212
05,5,62,014,2023,09,16,2,3,2,6,0,0,1,0,0,0,0,360551.995000000111759,5715129.743300000205636,6.987855197000044,51.569973804000028,0,05230911701300454265
05,5,70,044,2023,09,14,3,3,8,1,0,0,1,0,0,0,0,414334.372800000011921,5764684.390900000929832,7.751397326000074,52.026166487000069,0,05230905711100674650
05,5,70,036,2023,09,09,3,2,2,2,0,0,1,0,0,0,0,435968.243499999865890,5761504.583900000900030,8.067259378000074,52.000500275000036,0,05230905711100651246
05,5,70,044,2023,09,15,3,3,5,2,0,0,1,0,0,0,0,416102.221599999815226,5761631.750700000673532,7.777905749000070,51.998996848000047,0,05230905711100580982
05,5,70,044,2023,09,12,3,3,5,2,0,1,1,0,0,0,0,416595.275000000372529,5759438.675000000745058,7.785619464000035,51.979357679000032,0,05230905711100096512
05,5,66,008,2023,09,18,3,3,5,3,0,1,1,0,0,0,0,399049.133600000292063,5781293.887000000104308,7.523762889000068,52.172878727000068,0,05230905709110984748
05,5,58,008,2023,09,15,3,1,5,3,0,1,1,0,0,0,0,381288.985000000335276,5761042.565500000491738,7.271216888000026,51.987350916000082,0,05230905706200957496
05,5,58,016,2023,09,18,3,3,8,1,0,0,0,0,1,0,0,374310.545699999667704,5745807.849300000816584,7.175205192000021,51.848908910000034,0,05230905706100564442
05,5,58,012,2023,09,15,3,3,5,3,0,0,1,0,0,0,0,374877.886500000022352,5752712.708499999716878,7.180934143000059,51.911087659000032,0,05230905706000395040
05,5,54,048,2023,09,18,3,2,8,1,0,0,0,0,1,0,0,338979.470800000242889,5743069.568099999800324,6.663942543000076,51.815237950000039,0,05230905705000072472
05,5,54,024,2023,09,11,3,3,1,6,0,0,1,0,0,1,0,369968.083399999886751,5781275.100600000470877,7.098733756000058,52.166624057000035,0,05230905702340984776
05,5,66,068,2023,09,10,3,3,8,1,0,0,1,0,0,0,1,371201.043899999931455,5784016.435900000855327,7.115709874000061,52.191546296000070,0,05230905702340587398
05,5,15,000,2023,09,07,3,2,1,6,0,0,1,0,0,0,0,400714.418100000359118,5753635.859500000253320,7.556142257000033,51.924590245000047,0,05230905702330984787
05,5,15,000,2023,09,07,3,3,0,7,0,0,0,0,1,0,1,405439.262000000104308,5766783.679999999701977,7.621206616000052,52.043590498000071,0,05230905702100984677
05,5,15,000,2023,09,06,3,3,5,3,0,1,0,0,0,0,0,412549.247000000439584,5753049.462999999523163,7.728349991000073,51.921304145000079,0,05230905702100668302
05,5,15,000,2023,09,06,3,3,0,7,0,0,0,0,1,0,0,405019.896999999880791,5757700.723999999463558,7.617611551000039,51.961878196000043,1,05230905702100187861
05,5,15,000,2023,09,07,3,3,3,3,1,1,1,0,0,0,0,402147.424499999731779,5750077.007999999448657,7.577985523000052,51.892855853000071,0,05230905702100091750
05,5,15,000,2023,09,17,3,3,0,3,0,1,1,0,0,0,0,407196.410000000149012,5761116.721000000834465,7.648356134000039,51.992950423000082,0,05230905702100076652
05,5,15,000,2023,09,16,3,1,9,1,0,0,1,0,0,0,0,408797.544900000095367,5753278.879000000655651,7.673749950000058,51.922764387000029,0,05230905702100072447
05,5,15,000,2023,09,13,3,2,5,2,0,1,1,0,0,0,0,403022.610000000335276,5754056.402000000700355,7.589579454000045,51.928777091000029,0,05230905702100055910
05,5,62,008,2023,09,07,3,3,0,7,0,1,0,0,0,0,0,386025.311599999666214,5724057.055999999865890,7.352333949000069,51.655936279000059,1,05230905701910699365
05,5,62,016,2023,09,09,3,3,5,2,0,1,0,0,0,0,1,377484.173200000077486,5737661.913399999961257,7.224137136000024,51.776407597000059,0,05230905701700981308
05,5,62,012,2023,09,08,3,3,5,3,0,1,1,0,0,0,0,362365.639299999922514,5730147.252800000831485,7.008102342000029,51.705368170000042,0,05230905701620716848
05,5,62,024,2023,09,15,3,3,0,7,0,0,0,0,0,0,1,373976.532300000078976,5725841.241200000047684,7.177598732000035,51.669398524000030,0,05230905701500984768
05,5,62,032,2023,09,15,3,3,4,6,0,0,0,0,1,0,1,375674.011800000444055,5719586.988500000908971,7.204354723000051,51.613569222000081,0,05230905701110280907
05,5,13,000,2023,09,15,3,3,2,6,0,0,1,0,0,0,0,364602.325899999588728,5714612.796299999579787,7.046460926000066,51.566315500000030,0,05230905700000824636
05,5,58,040,2023,09,12,4,3,5,3,0,1,0,0,0,0,0,371547.542700000107288,5763266.082699999213219,7.128598190000048,52.005164701000069,0,05230906706200687453
05,5,54,008,2023,09,21,3,2,8,1,2,0,1,0,0,0,0,334226.890599999576807,5747617.180400000885129,6.592879140000036,51.854701193000039,1,05230912705000984342
05,5,12,000,2023,09,21,7,3,8,1,2,0,1,0,0,0,0,356908.040300000458956,5711776.485099999234080,6.936675846000071,51.538929117000066,0,05230909701400090514
05,5,70,052,2023,09,16,3,3,0,3,0,1,1,0,0,0,0,430038.487999999895692,5756243.540100000798702,7.981968288000076,51.952490175000037,0,05230912711100984357
05,5,70,028,2023,09,07,4,3,2,6,0,0,1,0,0,0,0,443984.014899999834597,5744064.497800000011921,8.186848250000025,51.844577630000060,0,05230906711400036321
05,5,15,000,2023,09,14,7,3,2,7,0,0,1,0,0,0,0,405574.377199999988079,5754356.033500000834465,7.626597966000077,51.931909052000037,0,05230909702100451184
05,5,70,004,2023,09,14,2,3,5,2,0,1,1,0,0,0,0,422755.300599999725819,5735269.892000000923872,7.880697960000020,51.762984659000040,0,05230904711200984807
05,5,70,004,2023,09,15,2,3,3,2,0,1,1,0,0,0,0,422770.292799999937415,5735252.982300000265241,7.880918916000041,51.762834715000054,0,05230904711200091270
05,5,70,004,2023,09,15,2,3,5,3,0,1,1,0,0,0,0,423849.474999999627471,5734483.403999999165535,7.896722073000035,51.756064280000032,0,05230904711200039522
05,5,70,024,2023,09,13,2,2,4,6,0,0,1,0,0,0,0,420125.885999999940395,5753883.579900000244379,7.838305177000052,51.929940729000066,0,05230904711100096945
05,5,66,072,2023,09,17,2,3,5,3,0,1,1,0,0,0,0,412768.119400000199676,5803008.343299999833107,7.718705841000030,52.370394237000028,0,05230904709700984806
05,5,66,028,2023,09,14,2,3,0,1,0,1,0,0,0,0,0,410822.027900000102818,5788390.780400000512600,7.694001023000055,52.238696131000040,0,05230904709700187282
05,5,15,000,2023,09,16,6,3,5,2,0,1,1,0,0,0,0,405067.802699999883771,5761173.739499999210238,7.617347758000051,51.993103142000052,0,05230908702100065836
05,5,66,036,2023,09,16,2,3,5,3,0,0,1,0,0,0,0,386981.896999999880791,5769270.216000000014901,7.351367244000073,52.062481926000032,0,05230904709300396691
05,5,54,016,2023,09,07,2,3,4,2,0,1,1,0,0,0,0,364567.429700000211596,5751351.879899999126792,7.031664056000068,51.896448184000064,0,05230904705000984830
05,5,54,016,2023,09,21,2,2,5,2,2,0,1,0,0,0,0,361173.293999999761581,5759125.060000000521541,6.979231383000069,51.965458789000081,0,05230904705000984795
05,5,54,040,2023,09,17,2,3,5,3,0,0,1,0,0,0,0,352801.359000000171363,5735187.038000000640750,6.867653840000060,51.748224108000045,0,05230904705000838825
05,5,54,048,2023,09,13,2,2,5,3,0,1,0,0,0,0,1,341709.770999999716878,5740408.469000000506639,6.704733707000059,51.792110400000070,0,05230904705000770526
05,5,54,020,2023,09,15,2,1,0,3,0,1,1,0,0,0,0,367273.909400000236928,5788691.273700000718236,7.056459373000052,52.232620681000071,0,05230904705000381550
05,5,66,088,2023,09,01,2,3,3,6,2,0,1,0,0,0,1,422960.232499999925494,5786384.667600000277162,7.872180162000063,52.222496086000035,0,05230904702350042452
05,5,62,012,2023,09,12,2,2,0,7,0,0,1,0,0,1,0,359789.027499999850988,5738653.590299999341369,6.967409162000024,51.781165671000053,0,05230904702340649702
05,5,58,032,2023,09,07,2,3,2,6,0,0,1,0,0,0,0,392918.283400000073016,5751459.565400000661612,7.443487373000039,51.903585300000032,0,05230904702330970588
05,5,15,000,2023,09,03,2,3,0,1,2,0,0,0,0,0,1,406273.872999999672174,5756673.817399999126792,7.636137085000030,51.952860685000076,0,05230904702100876693
05,5,15,000,2023,09,17,2,3,5,3,0,1,1,0,0,0,0,406075.150999999605119,5750863.021999999880791,7.634832081000070,51.900596746000076,0,05230904702100645124
05,5,15,000,2023,09,15,2,3,2,7,0,0,1,0,0,0,0,400407.030000000260770,5753687.588999999687076,7.551658648000057,51.925000295000075,0,05230904702100081775
05,5,15,000,2023,09,15,2,3,0,2,0,0,1,0,0,0,0,406430.126500000245869,5750806.274000000208616,7.640005369000050,51.900146387000063,0,05230904702100009584
05,5,15,000,2023,09,11,2,3,1,6,0,0,1,0,0,0,0,406046.846599999815226,5758941.350500000640750,7.632214181000052,51.973203991000048,0,05230904702000984424
05,5,62,028,2023,09,05,2,3,2,6,2,0,1,0,0,0,0,381380.032800000160933,5721859.725099999457598,7.285956662000046,51.635226732000035,0,05230904701920389485
05,5,62,004,2023,09,14,2,3,5,3,0,0,1,0,0,0,1,382524.139200000092387,5715048.426100000739098,7.304762925000034,51.574249455000029,0,05230904701800551402
05,5,62,032,2023,09,10,2,3,2,6,0,0,1,0,0,0,1,375848.169099999591708,5717349.833799999207258,7.207660771000064,51.593501983000067,0,05230904701110977987
05,5,13,000,2023,09,08,2,3,0,1,0,0,0,0,0,0,1,366252.819000000134110,5707998.587999999523163,7.072772740000062,51.507270312000060,0,05230904700000399266
05,5,13,000,2023,09,17,2,3,8,7,0,1,0,0,0,0,0,369235.281499999575317,5707596.802200000733137,7.115872167000020,51.504357549000076,0,05230904700000298905
05,5,13,000,2023,09,17,2,3,8,1,0,0,0,0,1,0,0,370751.100999999791384,5708500.939999999478459,7.137369011000033,51.512831696000035,0,05230904700000057872
05,5,58,032,2023,09,16,2,2,4,1,0,0,1,0,1,0,0,385869.599700000137091,5757312.104100000113249,7.339133501000049,51.954784482000036,0,05230911706000491756
05,5,70,044,2023,09,10,1,3,5,2,0,1,1,0,0,0,0,418385.313000000081956,5762058.206000000238419,7.811052905000054,52.003170560000058,0,05230903711100687270
05,5,70,052,2023,09,12,1,3,5,3,0,0,1,0,0,0,0,430510.239000000059605,5756954.969000000506639,7.988687831000050,51.958944799000051,0,05230903711100581966
05,5,70,052,2023,09,18,1,2,0,1,0,1,0,0,0,0,0,430444.947999999858439,5755934.976999999955297,7.987944265000067,51.949767290000068,0,05230903711100480982
05,5,66,088,2023,09,15,1,3,4,1,0,0,1,0,0,0,0,422177.302000000141561,5789242.642000000923872,7.860062936000077,52.248075833000030,0,05230903709800024121
05,5,66,056,2023,09,01,1,3,0,1,2,1,0,0,0,0,0,417007.576000000350177,5796267.221000000834465,7.782626226000048,52.310460904000081,0,05230903709700984880
05,5,66,084,2023,09,12,1,3,2,6,0,0,1,0,0,0,0,390356.991100000217557,5774960.180900000035763,7.398749948000045,52.114297688000079,0,05230903709300465812
05,5,58,016,2023,09,16,1,3,0,7,0,0,1,0,1,0,0,381443.291000000201166,5743578.401799999177456,7.279472560000045,51.830432962000032,0,05230903706100984851
05,5,58,016,2023,09,12,1,3,0,1,0,1,0,0,0,0,0,383307.449900000356138,5748968.941099999472499,7.304692810000063,51.879271598000059,0,05230903706100174647
05,5,54,056,2023,09,16,1,3,0,1,0,1,0,0,0,0,0,363798.853299999609590,5763001.586799999698997,7.015885105000052,52.000941123000075,0,05230903705000984850
05,5,58,004,2023,09,11,1,3,1,6,0,0,1,0,0,0,0,406174.123499999754131,5736377.984699999913573,7.640198278000071,51.770412209000028,0,05230903702330991722
05,5,15,000,2023,09,18,1,3,1,6,0,0,1,0,0,0,0,406318.609000000171363,5758861.843000000342727,7.636191031000067,51.972535219000065,0,05230903702100984845
05,5,15,000,2023,09,01,1,2,3,6,2,1,0,0,0,0,0,405973.759999999776483,5756410.433000000193715,7.631843373000038,51.950442605000035,0,05230903702100372447
05,5,62,004,2023,09,17,1,3,6,4,0,0,1,1,0,0,0,382521.920800000429153,5714869.792500000447035,7.304790666000031,51.572643492000054,0,05230903701800889380
05,5,62,016,2023,09,21,1,3,2,6,2,1,0,0,0,0,0,377698.606700000353158,5737953.613600000739098,7.227140974000065,51.779076002000068,0,05230903701700681148
05,5,62,012,2023,09,13,1,3,3,6,0,0,1,0,1,0,0,365586.794999999925494,5734404.415999999269843,7.053047629000048,51.744404700000075,0,05230903701610289576
05,5,62,020,2023,09,17,1,3,2,2,0,0,1,0,1,0,0,369423.834999999962747,5717621.857999999076128,7.114866255000038,51.594494215000054,0,05230903701200387636
05,5,13,000,2023,09,13,1,3,5,3,0,0,1,0,1,0,0,362621.231999999843538,5711370.424000000581145,7.019161986000029,51.536699536000071,0,05230903700000798873
05,5,70,008,2023,09,12,3,3,2,6,0,0,1,0,0,0,0,430910.125000000000000,5734312.623299999162555,7.999033866000048,51.755444512000054,1,05230912301911885058