ULAND,UREGBEZ,UKREIS,UGEMEINDE,UJAHR,UMONAT,USTUNDE,UWOCHENTAG,UKATEGORIE,UART,UTYP1,ULICHTVERH,IstRad,IstPKW,IstFuss,IstKrad,IstGkfz,IstSonstige,LINREFX,LINREFY,XGCSWGS84,YGCSWGS84,STRZUSTAND,UIDENTSTLAE
05,5,66,076,2023,09,19,7,3,5,3,0,1,1,0,0,0,0,398812.781000000424683,5794641.233999999240041,7.516312984000024,52.292795952000063,0,05230902709500991847
05,5,66,076,2023,09,18,7,3,9,1,0,1,1,0,0,0,0,392269.970499999821186,5794469.112500000745058,7.420470494000028,52.290005186000030,0,05230902709500838807
05,5,58,040,2023,09,15,7,2,8,1,0,0,0,0,1,0,0,375278.725999999791384,5761216.714999999850988,7.183672829000045,51.987598999000056,0,05230902706000557496
05,5,58,044,2023,09,14,7,2,5,3,0,0,1,0,0,0,0,399416.141999999992549,5738328.873999999836087,7.541723840000031,51.786774082000079,0,05230902706000394956
05,5,54,032,2023,09,07,7,3,8,1,0,0,1,0,0,0,0,324265.511400000192225,5744226.559499999508262,6.450106593000044,51.821198589000062,0,05230902705000781498
05,5,54,036,2023,09,10,7,2,9,1,0,0,1,0,0,0,0,367495.877100000157952,5769845.078400000929832,7.067057235000050,52.063329930000066,0,05230902702340905261
05,5,62,032,2023,09,23,7,2,4,6,2,0,1,0,0,0,0,374784.501899999566376,5721660.429099999368191,7.190773201000070,51.632006197000067,0,05230902702340896062
05,5,62,032,2023,09,21,7,3,2,6,2,0,1,0,0,0,0,376312.858900000341237,5716419.566500000655651,7.214693672000067,51.585243683000044,0,05230902702340895124
05,5,62,004,2023,09,17,7,3,2,6,0,0,1,0,0,0,0,382625.160799999721348,5713522.725099999457598,7.306729631000053,51.560557967000079,0,05230902702340591762
05,5,62,020,2023,09,14,7,3,3,1,0,0,1,0,0,0,0,371875.197200000286102,5715420.309299999848008,7.151040121000051,51.575271968000038,0,05230902702340096656
05,5,62,008,2023,09,13,7,3,0,7,0,1,0,0,0,0,0,385085.679200000129640,5723153.278500000014901,7.339053340000021,51.647622075000072,0,05230902701910885484
05,5,62,012,2023,09,12,7,3,5,3,0,1,1,0,0,0,0,363097.817400000058115,5731891.687300000339746,7.018006536000030,51.721222799000032,0,05230902701620699258
05,5,62,012,2023,09,10,7,3,5,2,0,0,1,0,0,0,0,363337.582700000144541,5731956.450099999085069,7.021450080000022,51.721863238000026,0,05230902701620390207
05,5,62,020,2023,09,17,7,2,1,5,0,1,1,0,0,0,0,366845.337100000120699,5719270.145400000736117,7.077036948000057,51.608703000000048,0,05230902701200078095
05,5,66,076,2023,09,16,2,3,1,1,0,0,1,0,0,0,0,392728.591799999587238,5793216.447899999096990,7.427590678000058,52.278837046000035,0,05230911709500096580
05,5,15,000,2023,09,14,6,3,0,7,0,1,0,0,0,0,0,406799.985000000335276,5757033.161000000312924,7.643693050000024,51.956179063000036,0,05230908702100984388
05,5,70,028,2023,09,10,6,3,5,3,0,1,1,0,0,0,0,445290.069000000134110,5743179.437000000849366,8.205945495000037,51.836750152000036,0,05230901711400554395
05,5,70,016,2023,09,06,6,3,5,3,0,1,0,0,0,0,1,408578.095399999991059,5744590.445199999958277,7.672861903000069,51.844630506000044,0,05230901711200391707
05,5,70,052,2023,09,07,6,3,5,3,0,1,0,0,0,1,0,430183.493800000287592,5757241.341900000348687,7.983875176000026,51.961478246000070,0,05230901711100081092
05,5,66,016,2023,09,07,6,3,9,7,0,0,1,0,0,0,0,397594.581399999558926,5800288.768300000578165,7.496738185000027,52.343326773000058,0,05230901709500796580
05,5,66,076,2023,09,13,6,3,5,2,0,1,1,0,0,0,0,394539.254999999888241,5792910.528999999165535,7.454216916000064,52.276438030000065,0,05230901709500142414
05,5,66,084,2023,09,07,6,3,2,6,0,0,1,0,0,0,1,386943.486899999901652,5781181.005300000309944,7.346851264000065,52.169516874000067,0,05230901709300096551
05,5,54,008,2023,09,15,6,2,8,1,0,0,0,0,1,0,0,338327.158099999651313,5749510.242200000211596,6.651476797000043,51.872910411000078,1,05230901705000995080
05,5,54,060,2023,09,16,6,3,5,3,0,1,1,0,0,0,0,353172.858500000089407,5757034.299599999561906,6.863755102000027,51.944618504000061,1,05230901705000247430
05,5,54,008,2023,09,22,6,3,2,6,2,0,1,0,0,0,0,334422.063299999572337,5743574.984500000253320,6.597644752000065,51.818446891000065,0,05230901705000195050
05,5,62,032,2023,09,17,6,2,2,6,0,0,1,0,0,1,0,379582.101900000125170,5717635.267100000753999,7.261441236000053,51.596877818000053,0,05230901702340154151
05,5,62,024,2023,09,14,6,3,9,1,0,0,1,0,0,0,0,373309.402700000442564,5724094.925300000235438,7.168589794000070,51.653554555000028,1,05230901702340041000
05,5,62,024,2023,09,15,6,3,1,5,0,0,1,0,0,0,0,370267.714100000448525,5725419.274800000712276,7.124153426000021,51.664762324000037,1,05230901701500230820
05,5,62,014,2023,09,13,6,3,4,6,0,0,0,0,0,0,1,361318.758500000461936,5714946.909099999815226,6.998983976000034,51.568519944000059,1,05230901701300285474
05,5,62,014,2023,09,10,6,2,5,2,0,0,1,0,0,0,0,360016.036999999545515,5715768.838999999687076,6.979872184000044,51.575583927000082,0,05230901701300045422
05,5,62,032,2023,09,17,6,3,2,6,0,0,1,0,0,0,0,376186.633000000379980,5718868.985999999567866,7.212008241000035,51.607229385000039,1,05230901701110487636
05,5,13,000,2023,09,13,6,3,6,2,0,0,1,1,0,0,0,369913.285000000149012,5710565.505999999120831,7.124539768000034,51.531193408000036,1,05230901700000971500
05,5,13,000,2023,09,12,6,3,0,7,0,1,0,0,0,0,0,364270.112499999813735,5716492.861999999731779,7.040944271000058,51.583130573000062,1,05230901700000966387
05,5,13,000,2023,09,08,6,2,0,1,0,0,0,0,1,0,0,364913.222799999639392,5716922.924300000071526,7.050055311000051,51.587149796000062,1,05230901700000791482
05,5,13,000,2023,09,15,6,3,2,6,0,0,1,0,0,0,0,368978.409599999897182,5711058.844900000840425,7.110885951000057,51.535410771000045,1,05230901700000748340
05,5,13,000,2023,09,08,6,3,3,2,0,0,1,0,0,0,1,366521.934500000439584,5708067.168800000101328,7.076622243000031,51.507950253000047,0,05230901700000580913
05,5,13,000,2023,09,10,6,3,2,6,0,0,1,0,1,0,1,367761.345900000073016,5708708.525699999183416,7.094230548000041,51.514005358000077,0,05230901700000081334
05,5,62,008,2023,09,14,2,2,5,3,0,0,1,0,0,0,1,385059.179999999701977,5723603.789000000804663,7.338522443000045,51.651665718000061,0,05230904701910955844
05,5,62,032,2023,09,15,3,2,1,5,0,1,1,0,0,0,0,374597.398099999874830,5719316.863199999555945,7.188910121000049,51.610902796000062,0,05230905701110185388
05,5,13,000,2023,09,12,3,3,0,6,0,0,1,0,0,0,1,366852.686999999918044,5710655.032999999821186,7.080407614000023,51.531284510000035,0,05230905700000175481
05,5,54,004,2023,09,16,6,3,2,1,0,0,1,0,1,0,0,364668.429800000041723,5770010.117900000885129,7.025771820000045,52.064129427000069,0,05230901705000091834
05,5,70,028,2023,08,09,5,3,8,1,0,0,1,0,0,0,0,445435.052099999971688,5739568.297399999573827,8.208618585000067,51.804298837000033,1,05230831711400597002
05,5,70,048,2023,08,09,5,2,9,1,0,0,1,0,0,0,0,451069.464200000278652,5725880.780999999493361,8.292255504000025,51.681760487000076,0,05230831711300096538
05,5,70,040,2023,08,19,5,3,0,1,0,1,0,0,0,0,0,416427.705000000074506,5743778.841299999505281,7.786979041000052,51.838565077000055,0,05230831711200694320
05,5,70,044,2023,08,17,5,2,4,6,0,0,1,0,0,1,0,420325.565799999982119,5758073.029999999329448,7.840237552000076,51.967629133000059,0,05230831711100096160
05,5,66,028,2023,08,14,5,3,8,1,0,0,0,0,1,0,0,406578.302299999631941,5798734.635700000450015,7.629003994000072,52.330962378000038,1,05230831709700984943
05,5,66,028,2023,08,16,5,3,4,1,0,0,1,0,0,0,1,414756.171799999661744,5792793.618799999356270,7.750488968000070,52.278893982000056,1,05230831709700984941
05,5,66,012,2023,08,15,5,3,4,1,0,1,0,0,0,0,1,400951.237099999561906,5775942.549499999731779,7.553128422000043,52.125126383000065,0,05230831709110984940
05,5,66,008,2023,08,15,5,2,4,6,0,0,1,0,0,0,0,394498.512000000104308,5779309.903799999505281,7.457859853000059,52.154196500000069,1,05230831709110076751
05,5,58,012,2023,08,12,5,3,5,3,0,1,1,0,0,0,0,374080.345900000073016,5755525.795399999246001,7.168316622000020,51.936187685000050,0,05230831706000977078
05,5,62,036,2023,08,17,5,3,0,1,0,1,0,0,0,0,0,389216.279600000008941,5720345.204399999231100,7.399619327000039,51.623212141000067,1,05230831701930074177
05,5,62,028,2023,08,16,5,3,0,3,0,1,1,0,0,0,0,379639.313299999572337,5722403.747400000691414,7.260628796000049,51.639746297000045,0,05230831701920485484
05,5,62,016,2023,08,08,5,3,0,7,0,1,0,0,0,0,0,377676.741200000047684,5737893.710300000384450,7.226845288000050,51.778532873000074,0,05230831701700885013
05,5,12,000,2023,08,14,5,3,5,6,0,0,1,0,0,0,1,356435.190000000409782,5711050.197000000625849,6.930158484000060,51.532282774000066,0,05230831701400548096
05,5,62,014,2023,08,12,5,3,2,6,0,1,0,0,0,0,1,361553.074000000022352,5713141.551999999210238,7.003073620000066,51.552354284000046,0,05230831701300089501
05,5,62,020,2023,08,19,5,3,0,3,1,1,1,0,0,0,0,372107.526600000448525,5718281.427100000903010,7.153348476000076,51.601037361000067,0,05230831701200570568
05,5,13,000,2023,08,23,5,3,5,2,2,0,1,0,0,0,0,367422.740000000223517,5708573.354000000283122,7.089404449000028,51.512711253000077,1,05230831700000495187
05,5,13,000,2023,08,21,5,3,2,6,2,0,1,0,0,0,0,369605.930200000293553,5706870.755300000309944,7.121477949000052,51.497918285000026,0,05230831700000280940
05,5,13,000,2023,08,19,5,3,6,2,0,0,1,1,0,0,0,368441.945600000210106,5707839.067600000649691,7.104357699000047,51.506350621000081,1,05230831700000189556
05,5,62,032,2023,09,17,6,3,5,2,0,0,1,0,0,0,1,376185.277999999932945,5715494.729199999943376,7.213179232000073,51.576903944000037,0,05230908701120199300
05,5,58,032,2023,09,07,3,3,5,3,0,0,1,0,1,0,0,384829.354199999943376,5751754.835100000724196,7.325862387000029,51.904625625000051,0,05230905706000779215
05,5,70,008,2023,08,17,4,3,5,3,0,0,1,0,0,0,0,433932.774400000460446,5734881.791899999603629,8.042710717000034,51.760926102000042,1,05230830711300581008
05,5,66,032,2023,08,10,4,2,5,3,0,1,1,0,0,0,0,412591.485000000335276,5775806.619999999180436,7.723151483000038,52.125867987000049,0,05230830709110880102
05,5,58,016,2023,08,16,4,3,5,2,0,1,1,0,0,0,0,380908.724000000394881,5744999.163000000640750,7.271229530000028,51.843087796000077,1,05230830706000986168
05,5,58,016,2023,08,11,4,3,5,3,0,1,0,0,0,0,0,382003.737999999895692,5744599.350999999791384,7.287253826000040,51.839727094000068,0,05230830706000895025
05,5,58,012,2023,08,16,4,3,2,1,0,0,1,0,1,0,0,374253.483699999749660,5754950.364099999889731,7.171044093000035,51.931055735000029,1,05230830706000691075
05,5,15,000,2023,08,07,4,3,2,6,0,0,1,0,1,0,0,403942.276999999769032,5758261.967000000178814,7.601775355000029,51.966737695000063,0,05230830702100853167
05,5,62,016,2023,08,16,4,3,2,6,0,0,1,0,0,0,0,368024.058500000275671,5732148.908999999985099,7.089184881000051,51.724715251000077,0,05230830701700485465
05,5,62,016,2023,08,09,4,3,5,3,0,1,1,0,0,0,0,375265.887500000186265,5734990.614000000059605,7.192959277000057,51.751911078000035,0,05230830701700165816
05,5,62,012,2023,08,08,4,3,2,6,0,0,1,0,1,0,0,362119.986600000411272,5735101.895600000396371,7.002587479000056,51.749829857000066,0,05230830701610189700
05,5,12,000,2023,08,15,4,3,5,3,0,1,1,0,0,0,0,357432.185499999672174,5709703.060699999332428,6.945067866000045,51.520430176000048,1,05230830701400984980
05,5,12,000,2023,08,15,4,3,2,6,0,0,1,0,0,0,0,355400.182199999690056,5716206.811699999496341,6.913126642000066,51.578354338000054,1,05230830701400375487
05,5,12,000,2023,08,10,4,3,2,6,0,0,1,0,0,0,0,356301.434600000269711,5712072.857000000774860,6.927814002000048,51.541438152000069,0,05230830701400295210
05,5,62,014,2023,08,16,4,3,0,1,0,0,0,0,1,0,0,361394.427000000141561,5716463.415500000119209,6.999476676000029,51.582166069000039,1,05230830701300590526
05,5,62,032,2023,08,09,4,3,5,3,0,0,1,0,1,0,0,377242.690000000409782,5718501.255000000819564,7.227379633000055,51.604155715000047,0,05230830701110169263
05,5,62,032,2023,08,14,4,2,6,6,0,1,0,1,0,0,0,375373.665000000037253,5719446.021999999880791,7.200069228000075,51.612235929000065,1,05230830701110063560
05,5,13,000,2023,08,15,4,3,2,6,0,0,1,0,0,0,0,369957.697700000368059,5714260.844900000840425,7.123813793000068,51.564413030000026,0,05230830700000895114
05,5,13,000,2023,08,11,4,3,2,6,0,0,1,0,0,0,0,368645.396300000138581,5712283.102700000628829,7.105630369000039,51.546335479000049,1,05230830700000789620
05,5,13,000,2023,08,07,4,3,5,3,0,0,1,0,0,0,1,365398.035000000149012,5714327.934000000357628,7.058043517000044,51.563946089000069,0,05230830700000779550
05,5,13,000,2023,08,14,4,3,5,3,0,0,1,0,0,0,0,364587.942699999548495,5714198.293500000610948,7.046413223000059,51.562587160000078,1,05230830700000592100
05,5,13,000,2023,08,16,4,3,9,6,0,0,1,0,0,0,0,368799.174800000153482,5710442.451700000092387,7.108532862000061,51.529829758000062,1,05230830700000389650
05,5,62,032,2023,09,16,4,3,0,7,0,0,0,0,0,0,1,376378.412299999967217,5718509.358899999409914,7.214903072000027,51.604039482000076,0,05230906701110799337
05,5,66,048,2023,08,12,4,2,0,2,0,0,1,0,0,0,1,425896.152999999932945,5791105.446000000461936,7.914116430000036,52.265333845000043,0,05230830709700984985
05,5,66,068,2023,09,05,3,3,5,3,1,0,1,0,0,0,0,377523.219999999739230,5785550.970200000330806,7.207596320000050,52.206776429000058,0,05230905709000781050
05,5,62,012,2023,09,17,1,3,0,7,0,1,0,0,0,0,0,359298.525999999605119,5725853.991000000387430,6.965474423000046,51.666029261000062,0,05230903701610898895
05,5,54,020,2023,09,15,5,3,5,3,0,0,1,0,1,0,0,367825.552000000141561,5784267.846300000324845,7.066259467000066,52.193006653000054,0,05230907705000984643
05,5,62,014,2023,09,02,2,3,8,1,2,0,1,0,0,0,0,358177.928000000305474,5716420.976999999955297,6.953100942000049,51.580984529000034,0,05230904701300394974
05,5,62,016,2023,09,14,5,3,5,2,0,1,1,0,0,0,0,376062.260400000028312,5735271.564300000667572,7.204390158000024,51.754612715000064,0,05230907701700984644
05,5,70,024,2023,08,19,3,2,9,1,0,0,1,0,0,0,0,419464.544800000265241,5749836.697300000116229,7.829634929000065,51.893467132000069,0,05230829711100291858
05,5,66,028,2023,08,12,3,3,0,7,0,0,0,0,0,0,1,413203.618099999614060,5793862.968000000342727,7.727462178000053,52.288262664000058,0,05230829709700812261
05,5,58,044,2023,08,18,3,3,5,3,0,0,1,0,1,0,0,395276.413099999539554,5752236.917400000616908,7.477515062000066,51.911020324000049,0,05230829706300576750
05,5,54,016,2023,08,12,3,3,2,6,0,0,1,0,0,0,0,363618.026899999938905,5757234.401000000536442,7.015544252000041,51.949075151000045,0,05230829705000985028
05,5,54,020,2023,08,07,3,3,5,2,0,1,0,0,0,1,0,365251.969999999739230,5785996.908999999985099,7.027943529000027,52.207919972000070,0,05230829705000977095
05,5,54,048,2023,08,10,3,3,3,6,0,1,1,0,0,0,0,340987.700500000268221,5746907.103599999099970,6.691288738000026,51.850288950000049,0,05230829705000820726
05,5,15,000,2023,08,15,3,3,2,6,0,0,1,0,0,0,0,405902.461699999868870,5752949.758700000122190,7.631752885000026,51.919324308000057,0,05230829702100391833
05,5,15,000,2023,08,15,3,3,2,7,0,0,1,0,0,0,0,407259.151300000026822,5751116.034299999475479,7.651967892000073,51.903069306000077,0,05230829702100374470
05,5,15,000,2023,08,00,3,3,0,1,2,0,0,0,0,0,1,405151.333300000056624,5757194.246999999508262,7.619663791000050,51.957348212000056,0,05230829702100079098
05,5,15,000,2023,08,07,3,3,5,3,0,1,0,0,0,0,1,406425.525399999693036,5761345.972799999639392,7.637069380000071,51.994881680000049,0,05230829702100074710
05,5,15,000,2023,08,19,3,3,5,2,0,1,1,0,0,0,0,405501.583999999798834,5756467.505999999120831,7.624959277000073,51.950875580000059,0,05230829702100070634
05,5,62,036,2023,08,09,3,3,5,3,0,0,1,0,0,0,0,391746.019299999810755,5722251.677500000223517,7.435559582000053,51.640840177000030,0,05230829701930248506
05,5,62,004,2023,08,15,3,3,0,7,0,0,0,0,0,0,1,382702.358699999749660,5712597.065099999308586,7.308151558000077,51.552254457000060,0,05230829701800981324
05,5,62,024,2023,08,14,3,3,2,6,0,0,1,0,0,0,0,364383.934500000439584,5724427.174599999561906,7.039515106000067,51.654457965000063,0,05230829701500395085
05,5,62,024,2023,08,17,3,3,5,2,0,1,1,0,0,0,0,369543.555700000375509,5725042.001000000163913,7.113829481000039,51.661204264000048,0,05230829701500372384
05,5,13,000,2023,08,05,3,3,2,6,1,0,1,0,0,0,0,367422.740000000223517,5708573.354000000283122,7.089404449000028,51.512711253000077,0,05230829700000320606
05,5,13,000,2023,08,16,3,3,5,3,0,0,1,0,1,0,0,364685.182099999859929,5716636.699799999594688,7.046875984000053,51.584522964000030,0,05230829700000195150
05,5,70,044,2023,09,10,3,3,2,2,0,0,1,0,0,0,0,417511.322100000455976,5760572.334699999541044,7.798681372000033,51.989684906000036,0,05230912711100089568
05,5,66,008,2023,09,20,6,3,5,3,2,1,0,0,0,0,0,398524.031700000166893,5781206.372999999672174,7.516113112000028,52.171995863000063,0,05230901709110687268
05,5,15,000,2023,09,17,2,3,5,2,0,1,1,0,0,0,0,407013.517599999904633,5757123.696200000122190,7.646775073000072,51.957028587000082,0,05230911702100365913
05,5,15,000,2023,09,09,2,3,2,7,0,1,1,0,0,0,0,406095.577100000344217,5757376.135800000280142,7.633351441000059,51.959143374000064,0,05230911702100974772
05,5,70,004,2023,09,10,2,2,5,3,0,0,1,0,0,0,1,426014.271999999880791,5737270.871999999508262,7.927486117000058,51.781413050000026,0,05230911711200596160
05,5,70,008,2023,08,14,2,3,1,5,0,1,1,0,0,0,0,432531.613800000399351,5734583.620799999684095,8.022469471000022,51.758078467000075,0,05230828711300753522
05,5,70,040,2023,08,14,2,3,0,6,0,1,0,0,0,0,0,411493.719999999739230,5749167.691500000655651,7.714002319000031,51.886244742000031,0,05230828711200626207
05,5,70,040,2023,08,14,2,3,9,1,0,0,1,0,0,0,0,418135.515999999828637,5746903.800000000745058,7.811021315000062,51.866909086000078,0,05230828711200587238
05,5,70,052,2023,08,19,2,3,2,2,0,0,1,0,0,0,0,426465.526100000366569,5752954.525599999353290,7.930689761000053,51.922462676000066,0,05230828711100896700
05,5,66,092,2023,08,07,2,3,2,1,0,0,1,0,0,0,0,423788.049300000071526,5796442.247600000351667,7.882024459000036,52.313017211000044,0,05230828709700985068
05,5,66,056,2023,08,07,2,2,8,1,0,0,1,0,0,0,0,415463.106399999931455,5795215.496200000867248,7.760241000000065,52.300771979000046,0,05230828709700985066
05,5,66,028,2023,08,14,2,2,5,3,0,0,1,0,0,0,0,412600.866999999620020,5792595.748999999836087,7.718956080000055,52.276777013000071,0,05230828709300291754
05,5,58,008,2023,08,12,2,3,8,1,0,0,1,0,0,0,0,380901.589200000278652,5757579.205299999564886,7.266779651000036,51.956143184000041,0,05230828706200479104
05,5,58,044,2023,08,11,2,3,8,1,0,0,1,0,0,0,0,399543.726900000125170,5737714.498700000345707,7.543750783000064,51.781274765000035,0,05230828706000276730
05,5,15,000,2023,08,14,2,3,6,7,0,1,0,1,0,0,0,406396.240500000305474,5757668.941999999806285,7.637646047000032,51.961825952000027,0,05230828702100079224
05,5,15,000,2023,08,18,2,3,2,6,0,1,1,0,0,0,1,405586.827300000004470,5756860.978900000452995,7.626091158000065,51.954426765000051,0,05230828702100070632
05,5,62,004,2023,08,07,2,3,6,4,0,0,1,1,0,0,0,382664.325000000186265,5711506.244500000029802,7.307967036000036,51.542442548000054,0,05230828701800689642
05,5,62,024,2023,08,16,2,2,0,1,0,0,0,0,1,0,0,371611.332000000402331,5729851.230000000447035,7.141940021000039,51.704899635000061,0,05230828701500575472
05,5,13,000,2023,08,13,2,2,4,2,0,1,1,0,0,0,0,361833.035000000149012,5717349.369999999180436,7.005454363000069,51.590235078000035,0,05230828700000082310
05,5,62,032,2023,09,12,1,2,8,1,0,0,1,0,1,0,0,376757.695299999788404,5714745.838899999856949,7.221698457000059,51.570298900000068,0,05230903701120985388
05,5,62,004,2023,09,09,5,3,4,2,0,0,1,0,0,0,0,383125.319000000134110,5709598.179999999701977,7.315245047000076,51.525388933000045,0,05230907701800551402
05,5,15,000,2023,09,15,2,3,5,3,0,1,1,0,0,0,0,404765.481599999591708,5759088.253499999642372,7.613524956000049,51.974306308000052,0,05230911702100078892
05,5,66,012,2023,08,01,2,2,0,1,2,1,0,0,0,0,0,404398.036999999545515,5772425.982000000774860,7.604448968000042,52.094125973000075,0,05230828709110756196
05,5,66,052,2023,09,18,6,3,5,3,0,0,1,0,1,0,0,376813.766200000420213,5780464.268300000578165,7.199067346000049,52.160908060000054,0,05230922709300579108
05,5,66,008,2023,09,13,6,3,2,1,0,0,1,0,0,0,0,401002.358799999579787,5779383.310599999502301,7.552872801000035,52.156060670000045,0,05230922709110453167
05,5,54,012,2023,09,13,6,3,2,6,0,0,1,0,0,0,1,356158.740000000223517,5739035.793999999761581,6.914660849000029,51.783678584000029,0,05230922705000972211
05,5,54,024,2023,09,09,6,3,0,3,0,0,1,0,1,0,0,365139.202999999746680,5773177.879000000655651,7.031382891000021,52.092708243000061,0,05230922705000591842
05,5,62,032,2023,09,15,6,3,2,6,0,0,1,0,0,0,0,374018.063799999654293,5718609.736400000751019,7.180801881000036,51.604418493000026,0,05230922702340983820
05,5,15,000,2023,09,09,6,3,3,6,0,1,0,0,0,0,0,405539.882399999536574,5754514.288699999451637,7.626052951000077,51.933325672000080,0,05230922702100356497
05,5,15,000,2023,09,14,6,3,5,3,0,1,1,0,0,0,0,403932.297500000335276,5759354.321399999782443,7.601324426000076,51.976554403000080,0,05230922702100342371
05,5,15,000,2023,09,15,6,3,6,4,0,0,0,1,0,0,1,407189.783400000073016,5761116.279200000688434,7.648259769000049,51.992945345000066,0,05230922702100072346
05,5,15,000,2023,09,13,6,3,3,6,0,1,0,0,0,0,0,404193.800300000235438,5756376.028899999335408,7.605961341000068,51.949829616000045,0,05230922702100051184
05,5,62,004,2023,09,20,6,3,1,5,2,0,1,0,0,0,0,386009.613400000147521,5709811.469399999827147,7.356734655000025,51.527895555000043,0,05230922701800377488
05,5,12,000,2023,09,14,6,3,5,2,0,1,1,0,0,0,0,356547.516499999910593,5709468.813300000503659,6.932420755000066,51.518101284000068,0,05230922701400871200
05,5,12,000,2023,09,17,6,2,0,7,0,0,1,0,1,0,0,356470.667200000025332,5708737.222599999979138,6.931611789000044,51.511507806000054,0,05230922701400565430
05,5,62,014,2023,09,12,6,3,0,4,0,0,0,1,0,0,1,360033.090599999763072,5715760.545399999246001,6.980121427000029,51.575513635000050,0,05230922701300099235
05,5,62,032,2023,09,11,6,3,6,4,0,1,0,1,0,0,0,374659.259300000034273,5719346.235300000756979,7.189792550000050,51.611180540000078,0,05230922701110248525
05,5,13,000,2023,09,10,6,3,0,7,0,1,0,0,0,0,0,363915.036600000225008,5710215.645899999886751,7.038251534000040,51.526635613000053,0,05230922700000099244
05,5,13,000,2023,09,15,6,3,2,6,0,0,1,0,0,0,0,368677.646999999880791,5710177.448000000789762,7.106880682000053,51.527419979000058,0,05230922700000089276
05,5,66,028,2023,09,07,5,3,2,6,0,0,1,0,0,0,1,412394.527999999932945,5791407.125000000000000,7.716241218000050,52.266060481000068,0,05230921709700181056
05,5,66,088,2023,09,06,5,3,9,1,1,0,1,0,0,0,0,414983.029600000008941,5788890.551500000059605,7.754796591000058,52.243846664000046,0,05230921709700091794
05,5,66,076,2023,09,07,5,3,0,7,0,1,0,0,0,0,0,397089.282999999821186,5787446.627000000327826,7.493244651000055,52.227814715000079,0,05230921709500479180
05,5,66,076,2023,09,16,5,2,0,7,0,1,0,1,0,0,0,392697.358699999749660,5790870.092100000008941,7.427879292000057,52.257743879000031,1,05230921709500074705
05,5,66,004,2023,09,17,5,2,0,7,0,0,0,0,0,0,1,394800.065200000070035,5767067.931099999696016,7.466045738000048,52.044228408000038,1,05230921709110980992
05,5,58,024,2023,09,15,5,3,5,3,0,1,1,0,0,0,0,392065.672299999743700,5736160.684800000861287,7.435871345000066,51.765916750000031,0,05230921706300674761
05,5,58,036,2023,09,22,5,3,0,6,2,1,1,0,0,0,0,391190.520800000056624,5731507.477099999785423,7.424649937000027,51.723924577000048,0,05230921706000983662
05,5,54,008,2023,09,14,5,3,5,3,0,1,1,0,0,0,0,335201.000000000000000,5742181.865000000223517,6.609598204000065,51.806162143000051,0,05230921705000686830
05,5,54,012,2023,09,11,5,3,0,3,0,1,1,0,0,0,0,346969.718000000342727,5744488.489000000059605,6.779140183000038,51.830230942000071,0,05230921705000570526
05,5,62,012,2023,09,16,5,3,9,1,0,0,1,0,0,0,0,359629.939100000075996,5737579.790500000119209,6.965538597000034,51.771477024000035,1,05230921702340983880
05,5,54,028,2023,09,17,5,3,9,1,0,0,1,0,0,0,0,362683.569699999876320,5746558.897099999710917,7.006208820000040,51.852918915000032,1,05230921702340505261
05,5,58,032,2023,09,18,5,2,8,1,0,0,1,0,0,0,0,392990.010099999606609,5751455.326300000771880,7.444530875000055,51.903560981000055,1,05230921702330292276
05,5,15,000,2023,09,09,5,3,5,2,0,1,1,0,0,0,0,409886.818699999712408,5761074.069399999454618,7.687540695000052,51.993010120000065,0,05230921702100179127
05,5,15,000,2023,09,17,5,3,0,4,0,0,0,1,0,0,1,407183.990000000223517,5760917.275699999183416,7.648229290000074,51.991155640000045,0,05230921702100074725
05,5,15,000,2023,09,19,5,3,6,3,2,0,1,1,0,0,0,404412.290000000037253,5755367.060000000521541,7.609420022000052,51.940798200000074,1,05230921702100064163
05,5,15,000,2023,09,12,5,3,1,7,0,0,1,0,0,0,0,405465.370000000111759,5754982.796000000089407,7.624840731000063,51.937524182000061,0,05230921702100064162
05,5,62,036,2023,09,16,5,3,0,7,0,1,0,0,0,0,0,384293.275700000114739,5719877.062899999320507,7.328688166000063,51.618013950000034,0,05230921701930901202
05,5,62,012,2023,09,18,5,3,1,5,0,0,1,0,1,0,0,358750.091199999675155,5727535.076099999248981,6.956869713000060,51.680997464000029,1,05230921701610447423
05,5,70,052,2023,09,16,4,3,0,1,0,0,0,0,1,0,0,429608.009200000204146,5764968.204700000584126,7.973914047000051,52.030866495000055,0,05230920711100093886
05,5,66,016,2023,09,15,4,3,5,2,0,1,1,0,0,0,0,404004.087500000372529,5794570.404200000688434,7.592426622000062,52.293090912000082,0,05230920709500579092
05,5,66,012,2023,09,18,4,3,0,3,0,1,1,0,0,0,0,403995.792999999597669,5772307.733999999240041,7.598612409000054,52.092993503000059,0,05230920709110180992
05,5,58,044,2023,09,20,4,2,5,3,2,1,1,0,0,0,0,395318.989000000059605,5746226.217000000178814,7.479957476000038,51.857004357000051,0,05230920706300495025