ULAND,UREGBEZ,UKREIS,UGEMEINDE,UJAHR,UMONAT,USTUNDE,UWOCHENTAG,UKATEGORIE,UART,UTYP1,ULICHTVERH,IstRad,IstPKW,IstFuss,IstKrad,IstGkfz,IstSonstige,LINREFX,LINREFY,XGCSWGS84,YGCSWGS84,STRZUSTAND,UIDENTSTLAE
05,5,54,004,2023,09,09,4,3,1,4,0,0,1,1,0,0,0,362725.277999999932945,5771184.174000000581145,6.996971413000040,52.074200647000055,0,05230920705000921170
05,5,54,004,2023,09,11,4,3,5,3,0,1,1,0,0,0,0,360589.548000000417233,5772763.689200000837445,6.965183711000066,52.087859322000043,0,05230920705000368648
05,5,62,032,2023,09,08,4,3,2,6,0,0,0,0,0,0,1,381193.057900000363588,5717866.553600000217557,7.284610121000071,51.599298602000033,0,05230920702340977067
05,5,58,004,2023,09,14,4,3,8,5,0,0,1,0,0,1,0,406224.549599999561906,5736046.515900000929832,7.641018367000072,51.767441158000054,0,05230920702330092276
05,5,15,000,2023,09,14,4,3,2,7,0,0,1,0,1,0,0,404439.585599999874830,5754690.496300000697374,7.610004960000026,51.934721660000037,0,05230920702100983926
05,5,15,000,2023,09,16,4,3,0,7,0,1,0,0,0,0,0,404140.093700000084937,5754029.603499999269843,7.605834159000040,51.928729785000030,0,05230920702100983912
05,5,15,000,2023,09,08,4,3,3,2,0,1,1,0,0,0,0,406952.549999999813735,5758304.254000000655651,7.645568246000039,51.967629835000082,0,05230920702100874736
05,5,15,000,2023,09,16,4,3,3,6,0,1,0,0,0,0,0,405555.718000000342727,5754440.066099999472499,7.626303588000042,51.932661211000038,0,05230920702100676693
05,5,15,000,2023,09,14,4,3,2,6,0,0,1,0,0,0,0,409007.193699999712408,5762638.525200000032783,7.674317633000044,52.006928883000057,0,05230920702100574643
05,5,15,000,2023,09,12,4,3,5,3,0,1,1,0,0,0,0,403025.999599999748170,5758697.304800000041723,7.588319332000026,51.970491540000069,0,05230920702100391836
05,5,62,036,2023,09,15,4,3,2,6,0,0,1,0,1,0,0,389628.977300000376999,5718959.508500000461936,7.406015137000054,51.610838511000054,0,05230920701930189504
05,5,62,032,2023,09,15,4,2,5,2,0,0,1,0,1,0,0,375204.138100000098348,5719215.811000000685453,7.197704079000061,51.610129446000030,0,05230920701110599292
05,5,62,032,2023,09,16,4,3,5,3,0,1,1,0,0,0,0,375957.473100000061095,5717036.993200000375509,7.209348511000030,51.590714503000072,0,05230920701110589476
05,5,62,032,2023,09,16,4,3,1,6,0,0,1,0,1,0,0,374825.321999999694526,5720933.447000000625849,7.191622560000042,51.625481860000036,0,05230920701110381500
05,5,70,028,2023,09,18,3,3,8,1,0,0,1,0,0,0,0,442365.033999999985099,5742349.103000000119209,8.163634889000036,51.828991011000028,0,05230919711400502811
05,5,70,040,2023,09,09,3,3,5,3,0,1,1,0,0,0,0,413032.492800000123680,5745101.798100000247359,7.737378744000068,51.849938711000050,0,05230919711200983988
05,5,66,056,2023,09,16,3,3,5,3,0,0,1,0,1,0,0,416448.073499999940395,5794653.976600000634789,7.774821545000066,52.295875506000073,0,05230919709700983957
05,5,66,076,2023,09,12,3,3,0,1,0,1,0,0,0,0,0,396215.274000000208616,5792606.461999999359250,7.478867152000021,52.274024229000077,0,05230919709500261952
05,5,66,008,2023,09,10,3,3,0,7,0,1,0,0,0,0,0,400952.258999999612570,5779509.896999999880791,7.552103784000053,52.157189424000080,0,05230919709110983984
05,5,66,012,2023,09,13,3,3,0,2,0,1,0,0,0,1,0,403990.188900000415742,5772306.240900000557303,7.598531053000045,52.092979111000034,0,05230919709110983977
05,5,66,008,2023,09,16,3,3,2,7,0,0,1,0,0,0,0,400168.568699999712408,5780871.574300000444055,7.540251219000027,52.169286741000064,0,05230919709110596565
05,5,58,016,2023,09,19,3,3,6,1,1,0,0,1,0,0,1,381003.415900000371039,5743047.241399999707937,7.273274691000040,51.825565821000055,0,05230919706100223553
05,5,58,016,2023,09,09,3,3,2,6,0,0,1,0,0,0,0,378617.743800000287592,5747355.158299999311566,7.237162321000028,51.863767619000043,0,05230919706000965767
05,5,54,004,2023,09,14,3,2,4,1,0,0,1,0,1,0,1,362751.160000000149012,5771137.375000000000000,6.997367640000050,52.073786556000073,0,05230919705000689750
05,5,54,020,2023,09,16,3,3,4,2,0,0,1,0,1,0,0,366271.928999999538064,5782886.364000000059605,7.044088839000040,52.180218864000040,0,05230919705000620897
05,5,54,040,2023,09,20,3,3,8,1,2,0,1,0,1,0,0,351572.625400000251830,5734434.290200000628829,6.850188835000040,51.741136499000049,0,05230919705000078100
05,5,54,028,2023,09,15,3,2,8,1,0,0,1,0,0,0,0,361927.437699999660254,5743300.754799999296665,6.996537564000050,51.823455694000074,0,05230919702340587398
05,5,58,016,2023,09,17,3,3,1,6,0,0,1,0,0,1,0,379108.182599999941885,5744430.844399999827147,7.245304000000033,51.837593392000031,0,05230919702330996600
05,5,15,000,2023,09,06,3,3,8,7,1,0,1,0,0,0,1,401049.120699999853969,5760756.554600000381470,7.558957148000047,51.988651945000072,1,05230919702330580978
05,5,15,000,2023,09,05,3,3,0,3,2,0,1,0,1,0,0,403210.942300000227988,5755255.174900000914931,7.591980350000028,51.939584853000042,1,05230919702100954104
05,5,15,000,2023,09,09,3,3,3,7,0,1,1,0,0,0,0,405750.737399999983609,5755697.669399999082088,7.628794645000028,51.943998209000029,0,05230919702100329632
05,5,15,000,2023,09,13,3,1,5,3,0,1,1,0,0,0,0,404454.271999999880791,5759075.742699999362230,7.608999124000036,51.974140437000074,0,05230919702100062000
05,5,62,028,2023,09,10,3,2,8,7,0,0,1,0,0,0,0,377600.614400000311434,5722666.805700000375509,7.231089884000028,51.641670481000062,0,05230919701920274177
05,5,62,004,2023,09,11,3,3,2,6,0,0,1,0,0,0,0,384582.727500000037253,5716563.084300000220537,7.333957903000055,51.588288130000080,0,05230919701800867135
05,5,13,000,2023,09,13,3,2,2,2,0,0,1,0,1,0,0,368421.050400000065565,5716648.928400000557303,7.100762301000032,51.585517518000074,0,05230919700000983960
05,5,70,008,2023,09,20,2,3,7,7,1,0,0,0,1,0,0,428451.775399999693036,5733836.079600000753999,7.963521838000077,51.750851791000059,1,05230918711300984000
05,5,70,012,2023,09,12,2,3,5,3,0,0,1,0,0,0,0,439278.306599999777973,5751586.817700000479817,8.117223091000028,51.911711901000047,0,05230918711100495835
05,5,66,040,2023,09,07,2,3,9,1,1,0,0,0,1,0,0,419361.865000000223517,5784200.940999999642372,7.820034136000061,52.202352121000047,1,05230918709800984043
05,5,66,028,2023,09,16,2,3,6,1,0,0,1,1,0,0,0,412600.866999999620020,5792595.748999999836087,7.718956080000055,52.276777013000071,0,05230918709700970261
05,5,66,076,2023,09,07,2,3,4,6,0,1,0,0,0,0,0,394025.586000000126660,5791835.425000000745058,7.447028608000039,52.266677039000058,1,05230918709500984037
05,5,66,084,2023,09,10,2,2,5,2,0,1,1,0,0,0,0,390991.744500000029802,5775947.902400000020862,7.407699778000051,52.123300136000069,0,05230918709300481015
05,5,58,036,2023,09,08,2,3,5,1,0,0,1,0,0,1,0,388914.624499999918044,5729643.149100000038743,7.392307624000068,51.706722019000040,0,05230918706000249717
05,5,54,004,2023,09,15,2,3,0,7,0,1,0,0,0,0,0,359856.509200000204146,5775280.188799999654293,6.953456768000024,52.110285135000026,0,05230918705000984011
05,5,54,064,2023,09,18,2,3,3,6,0,0,1,0,1,0,0,360351.078999999910593,5752690.008899999782443,6.969883665000054,51.907431354000039,0,05230918705000568363
05,5,15,000,2023,09,07,2,3,5,3,0,0,1,0,0,0,1,405725.063099999912083,5753788.448999999091029,7.628944485000034,51.926832869000066,0,05230918702100768282
05,5,15,000,2023,09,17,2,3,5,3,0,0,0,1,0,0,1,405447.920199999585748,5751136.049399999901652,7.625643402000037,51.902944774000048,0,05230918702100556497
05,5,12,000,2023,09,08,2,3,0,7,0,1,0,0,0,0,0,357063.338999999687076,5710636.381799999624491,6.939376441000036,51.528723661000072,0,05230918701400984038
05,5,12,000,2023,09,07,2,3,4,6,0,0,1,0,0,0,1,358880.719299999997020,5718613.541400000452995,6.962355676000072,51.600863092000054,0,05230918701400899330
05,5,13,000,2023,09,10,2,3,2,6,0,0,1,0,0,0,0,365793.922600000165403,5716864.122400000691414,7.062782631000061,51.586831818000064,0,05230918700000392100
05,5,13,000,2023,09,05,2,3,3,6,2,0,1,0,0,0,0,363680.123300000093877,5712097.922399999573827,7.034138473000041,51.543493803000047,0,05230918700000192100
05,5,13,000,2023,09,15,6,3,0,7,0,0,0,0,0,0,1,363127.101200000382960,5711660.844699999317527,7.026338431000056,51.539432233000070,0,05230922700000498974
05,5,70,028,2023,09,16,2,3,8,1,0,0,1,0,0,1,0,441169.776399999856949,5740533.717100000008941,8.146600492000061,51.812545660000069,1,05230918301911710260
05,5,70,040,2023,09,13,1,3,3,3,0,1,0,0,0,0,0,418781.444099999964237,5744277.369899999350309,7.821017708000056,51.843393800000058,0,05230917711200994320
05,5,70,040,2023,09,12,1,3,4,2,0,1,1,0,0,0,0,419164.214900000020862,5745277.441999999806285,7.826338985000064,51.852439303000040,0,05230917711200886958
05,5,66,016,2023,09,11,1,3,5,3,0,0,1,0,0,0,0,402794.081000000238419,5793612.586999999359250,7.574966697000036,52.284269561000031,0,05230917709500596580
05,5,58,020,2023,09,15,1,3,0,2,0,0,0,0,1,0,0,394195.595099999569356,5756882.212300000712276,7.460379599000021,51.952567126000076,0,05230917706200520578
05,5,54,036,2023,09,03,1,2,9,1,2,0,1,0,0,0,1,370871.904900000430644,5765864.815300000831485,7.117780569000047,52.028360376000080,1,05230917705000984098
05,5,54,048,2023,09,00,1,2,3,6,2,1,0,0,0,0,0,339578.864599999971688,5745555.504599999636412,6.671478810000053,51.837743445000058,0,05230917705000756697
05,5,54,008,2023,09,13,1,3,3,2,0,1,0,0,0,0,0,339054.622000000439584,5750981.283999999985099,6.661348745000055,51.886336103000076,0,05230917705000068276
05,5,62,014,2023,09,01,1,3,8,1,2,0,1,0,0,0,0,356687.720599999651313,5715477.257099999114871,6.931993030000058,51.572127563000038,0,05230917702340984104
05,5,15,000,2023,09,02,1,3,2,7,2,1,0,0,0,0,0,405881.622999999672174,5755883.031999999657273,7.630647529000044,51.945686494000029,0,05230917702100984101
05,5,15,000,2023,09,10,1,2,0,3,0,1,0,0,0,0,0,404902.631000000052154,5762243.722999999299645,7.614645972000062,52.002692250000052,1,05230917702100691788
05,5,13,000,2023,09,10,1,2,0,7,0,0,0,0,1,0,0,363732.333999999798834,5719582.340399999171495,7.031987158000049,51.610763696000049,0,05230917700000984080
05,5,62,020,2023,09,07,2,3,2,6,0,0,1,0,1,0,0,372547.092400000430644,5715982.804099999368191,7.160526671000071,51.580479401000048,0,05230918701200299267
05,5,62,032,2023,09,11,6,3,2,6,0,0,1,0,0,0,0,374007.908300000242889,5719141.637900000438094,7.180464179000069,51.609196433000079,0,05230922701110078345
05,5,62,004,2023,09,13,1,3,3,6,0,0,1,0,0,0,0,384856.565600000321865,5717580.761600000783801,7.337575004000030,51.597490833000052,0,05230917301911984070
05,5,70,028,2023,09,22,7,3,4,6,2,1,0,0,0,0,0,441810.201399999670684,5740765.682399999350309,8.155850528000030,51.814698133000036,0,05230916711400896650
05,5,66,068,2023,09,04,7,2,8,1,2,0,1,0,0,0,0,377635.651399999856949,5783880.924599999561906,7.209844094000061,52.191793940000082,0,05230916709300527832
05,5,66,024,2023,09,15,7,2,0,1,0,0,0,0,1,0,0,380984.056499999947846,5775651.886900000274181,7.261689256000068,52.118575955000040,0,05230916709300181770
05,5,66,068,2023,09,14,7,3,0,1,0,1,0,0,0,0,0,378572.599000000394881,5784981.131999999284744,7.223149888000023,52.201887879000026,0,05230916709300179108
05,5,58,016,2023,09,13,7,2,4,6,0,0,0,0,1,0,0,388978.668499999679625,5745846.175899999216199,7.388051822000023,51.852363403000027,0,05230916706100776632
05,5,58,044,2023,09,13,7,3,4,2,0,0,1,0,0,0,0,396210.332000000402331,5746206.134299999102950,7.492901586000073,51.856990337000070,0,05230916706000976678
05,5,54,044,2023,09,20,7,3,0,7,2,1,0,0,0,0,0,365666.196000000461936,5741809.373999999836087,7.051331797000046,51.810965456000076,0,05230916705000819861
05,5,54,008,2023,09,21,7,3,0,1,2,1,0,0,0,0,0,334416.853299999609590,5747080.065400000661612,6.595892150000054,51.849932531000036,0,05230916705000596010
05,5,15,000,2023,09,11,7,3,5,3,0,1,1,0,0,0,0,407027.309299999848008,5760008.479499999433756,7.646194452000032,51.982960750000075,0,05230916702100496643
05,5,15,000,2023,09,17,7,3,0,6,0,1,0,0,0,0,0,404814.642400000244379,5758369.584499999880791,7.614439716000049,51.967855067000073,0,05230916702000984125
05,5,13,000,2023,09,22,7,2,6,4,2,0,1,1,0,0,0,368711.025100000202656,5711963.975400000810623,7.106695367000043,51.543482836000067,1,05230916700000989657
05,5,13,000,2023,09,11,7,3,2,6,0,0,1,0,0,0,0,366124.378299999982119,5711564.448699999600649,7.069568138000022,51.539284816000077,0,05230916700000643401
05,5,66,028,2023,09,09,2,3,5,3,0,1,0,0,0,0,1,408751.532999999821186,5794674.347400000318885,7.661988413000074,52.294834146000028,1,05230918709700984040
05,5,12,000,2023,09,16,1,3,2,6,0,0,1,0,0,0,0,356373.080299999564886,5714373.023299999535084,6.927907222000044,51.562125143000060,0,05230917702340984063
05,5,70,004,2023,09,05,6,3,5,2,2,0,1,0,0,0,0,424832.607800000347197,5729096.240800000727177,7.912126440000065,51.707767862000026,0,05230915711200091270
05,5,70,004,2023,09,14,6,3,8,1,0,1,0,0,0,0,1,423925.188299999572337,5734257.012299999594688,7.897868346000052,51.754039383000077,0,05230915711200002910
05,5,66,040,2023,09,14,6,2,5,2,0,0,1,0,0,0,0,415715.252000000327826,5782536.505000000819564,7.767100926000069,52.186845669000036,0,05230915709800984183
05,5,66,076,2023,09,10,6,3,5,2,0,1,1,0,0,0,0,392818.529000000096858,5793221.107000000774860,7.428906980000022,52.278896461000045,0,05230915709500079214
05,5,66,036,2023,09,11,6,1,4,1,0,0,1,0,0,0,1,389233.489099999889731,5768348.322899999096990,7.384496683000066,52.054651374000059,0,05230915709300276630
05,5,66,012,2023,09,13,6,2,5,3,0,0,1,0,1,0,0,405593.046000000089407,5776502.046000000089407,7.620757354000034,52.130967544000043,0,05230915709110984196
05,5,66,008,2023,09,13,6,3,4,2,0,1,1,0,0,0,0,398591.024299999698997,5781265.442700000479817,7.517074736000041,52.172539078000057,0,05230915709110580898
05,5,66,084,2023,09,12,6,3,0,3,0,1,1,0,0,0,0,390029.183000000193715,5775786.565999999642372,7.393697594000059,52.121659515000033,0,05230915709110196551
05,5,66,012,2023,09,07,6,3,5,3,0,1,1,0,0,0,0,405382.076399999670684,5773118.335999999195337,7.618616711000072,52.100518123000029,0,05230915709110091794
05,5,66,044,2023,09,23,6,2,0,1,2,0,1,0,0,0,0,428185.141900000162423,5773427.245899999514222,7.951397160000056,52.106725339000036,0,05230915709000564326
05,5,58,008,2023,09,18,6,3,4,7,0,0,1,0,0,0,0,380507.525000000372529,5755921.278000000864267,7.261624087000030,51.941159033000076,0,05230915706200385478
05,5,58,032,2023,09,18,6,3,0,1,0,0,0,0,1,0,0,391908.693799999542534,5750125.790500000119209,7.429236347000028,51.891402731000028,0,05230915706100896582
05,5,54,056,2023,09,20,6,3,1,6,2,0,1,0,0,0,0,356856.165500000119209,5763371.399100000038743,6.914663458000064,52.002517492000038,0,05230915705000991708
05,5,54,068,2023,09,23,6,3,0,6,2,1,0,0,0,0,0,349257.480000000447035,5767317.244999999180436,6.802313276000064,52.035957245000077,0,05230915705000984163
05,5,54,008,2023,09,19,6,3,0,5,0,1,0,0,0,0,1,332987.894100000150502,5745374.068199999630451,6.575988687000063,51.834181665000074,0,05230915705000895950
05,5,54,012,2023,09,23,6,3,8,6,2,0,1,0,0,0,1,346833.659799999557436,5743663.873600000515580,6.777532052000026,51.822784936000062,0,05230915705000491796
05,5,54,008,2023,09,13,6,2,6,4,0,0,1,1,0,0,0,333326.476300000213087,5745448.625399999320507,6.580862223000054,51.834952555000029,0,05230915705000095122
05,5,54,036,2023,09,17,6,1,9,1,0,0,0,0,1,0,0,373959.645600000396371,5768733.528899999335408,7.161705697000059,52.054849624000042,0,05230915705000010936
05,5,54,036,2023,09,17,6,3,2,6,0,0,1,0,0,0,0,366399.883899999782443,5763897.140799999237061,7.053402622000021,52.009620309000070,0,05230915702340405243
05,5,62,004,2023,09,05,6,3,0,7,2,0,1,0,0,1,1,380987.882199999876320,5713305.744799999520183,7.283194742000035,51.558264731000065,0,05230915702340051447
05,5,58,004,2023,09,10,6,3,2,1,0,0,1,0,0,0,0,403679.870000000111759,5742820.089299999177456,7.602271306000034,51.827894049000065,0,05230915702330487222
05,5,15,000,2023,09,19,6,3,6,6,0,1,0,1,0,0,0,406152.370699999853969,5750925.591000000014901,7.635937065000064,51.901172163000069,0,05230915702100996698
05,5,15,000,2023,09,17,6,3,0,7,0,1,0,0,0,0,0,406081.218399999663234,5758929.393200000748038,7.632717689000060,51.973102324000081,0,05230915702100984172
05,5,15,000,2023,09,14,6,3,2,6,0,0,1,0,0,0,1,404067.744699999690056,5756230.817999999970198,7.604168272000038,51.948502680000047,0,05230915702100081775
05,5,15,000,2023,09,14,6,3,2,1,0,0,1,0,1,0,0,405920.712100000120699,5752776.915699999779463,7.632065403000070,51.917773790000069,0,05230915702100064161
05,5,62,036,2023,09,17,6,3,5,3,0,0,1,0,0,0,0,391116.305700000375509,5721773.286199999973178,7.426611756000057,51.636418773000059,0,05230915701930455831
05,5,62,004,2023,09,14,6,3,2,6,0,0,1,0,0,0,0,384888.787999999709427,5716343.646999999880791,7.338445830000069,51.586378480000064,0,05230915701800781324
05,5,13,000,2023,09,17,6,3,5,3,0,0,1,0,1,0,0,363952.208999999798834,5712296.006999999284744,7.037983145000055,51.545339522000063,0,05230915700000089240
05,5,62,004,2023,09,07,6,3,2,6,0,0,1,0,0,0,0,384811.617399999871850,5713677.286699999123812,7.338206783000032,51.562397928000053,0,05230915301921209400
05,5,70,052,2023,09,12,5,3,0,3,0,1,1,0,0,0,0,430847.595200000330806,5757494.214299999177456,7.993488117000027,51.963834475000056,0,05230914711100890660
05,5,70,052,2023,09,08,5,3,2,6,0,0,1,0,0,1,0,431244.494099999777973,5755929.302999999374151,7.999577210000041,51.949815696000030,0,05230914711100696945
05,5,70,024,2023,09,09,5,2,2,6,0,0,1,0,0,0,1,421452.692900000140071,5755232.150200000032783,7.857290213000056,51.942252211000039,0,05230914711100087310
05,5,66,012,2023,09,15,5,3,2,6,0,0,1,0,0,0,0,406309.782800000160933,5772255.790599999949336,7.632393796000031,52.092923242000040,0,05230914709800984256
05,5,66,028,2023,09,19,5,2,8,1,0,1,0,0,0,0,0,409556.192699999548495,5791512.488199999555945,7.674632268000039,52.266548039000043,0,05230914709700048421
05,5,66,060,2023,09,07,5,3,5,2,1,1,1,0,0,0,0,390311.127199999988079,5789499.780600000172853,7.393377766000071,52.244958236000059,0,05230914709500479214
05,5,66,036,2023,09,20,5,2,4,1,2,0,1,0,1,0,0,388540.108000000007451,5766325.460000000894070,7.375047920000043,52.036332331000040,0,05230914709300887330
05,5,54,020,2023,09,14,5,3,1,6,0,0,1,0,0,0,0,365214.075600000098348,5785474.634500000625849,7.027597172000071,52.203217908000056,0,05230914705000984260
05,5,54,056,2023,09,20,5,3,9,1,1,0,1,0,0,0,0,361814.331699999980628,5761085.911800000816584,6.987766698000030,51.983237631000065,0,05230914705000389750
05,5,54,020,2023,09,16,5,3,5,3,0,1,1,0,0,0,0,365598.981700000353158,5786790.011099999770522,7.032703965000053,52.215130989000045,0,05230914705000381394
05,5,54,056,2023,09,17,5,3,0,3,0,1,1,0,0,0,0,356437.372000000439584,5761612.792999999597669,6.909303223000052,51.986608332000060,0,05230914705000364192
05,5,54,012,2023,09,08,5,3,8,7,0,0,1,0,0,0,1,352455.021099999547005,5745531.986999999731779,6.858239838000031,51.841082376000031,0,05230914705000287245
05,5,54,048,2023,09,17,5,3,5,2,0,1,1,0,0,0,0,341476.033999999985099,5745017.290999999269843,6.699238781000076,51.833449861000076,0,05230914705000095213
05,5,62,036,2023,09,07,5,3,6,4,0,1,0,1,0,0,0,389214.595999999903142,5720354.289999999105930,7.399592143000064,51.623293471000068,0,05230914701930589485
05,5,12,000,2023,09,20,5,3,1,5,2,1,1,0,0,0,0,357731.783599999733269,5710975.978900000452995,6.948869123000065,51.531944059000068,0,05230914701400189547
05,5,12,000,2023,09,20,5,3,0,1,2,1,0,0,0,0,0,356677.090900000184774,5711903.148900000378489,6.933296411000072,51.540008702000080,0,05230914701400045422
05,5,62,020,2023,09,05,5,3,0,7,2,0,0,0,1,0,0,370024.438199999742210,5717525.286900000646710,7.123567944000058,51.593765247000078,0,05230914701200199337
05,5,62,032,2023,09,13,5,3,0,7,0,1,0,0,0,0,0,373494.684000000357628,5719991.913000000640750,7.172749522000061,51.616722759000027,0,05230914701110989736
05,5,13,000,2023,09,17,5,3,5,3,0,1,1,0,0,0,0,364496.116100000217557,5716515.917899999767542,7.044195346000038,51.583392146000051,0,05230914700000489437
05,5,13,000,2023,09,16,5,3,2,6,0,0,1,0,0,0,0,364388.510999999940395,5712917.812500000000000,7.044031652000058,51.551032334000070,0,05230914700000081500
05,5,54,044,2023,09,10,1,3,0,1,0,1,0,0,0,0,0,368798.533900000154972,5744489.940899999812245,7.095726899000056,51.835797681000031,1,05230917705000295046
05,5,15,000,2023,09,18,2,3,5,3,0,1,1,0,0,0,0,403770.628999999724329,5754711.130000000819564,7.600271859000031,51.934791853000036,0,05230918702100872424
05,5,66,076,2023,09,17,2,3,2,6,0,0,1,0,0,1,0,393179.652599999681115,5797956.202299999073148,7.432696255000053,52.321521693000079,0,05230918702350842421
05,5,66,004,2023,09,16,6,3,2,6,0,0,1,0,0,0,0,394758.890200000256300,5767770.023299999535084,7.465229383000064,52.050530757000047,0,05230915709110176670
05,5,70,020,2023,09,04,4,3,6,2,2,0,1,1,0,0,0,433137.467000000178814,5743143.246999999508262,8.029595657000073,51.835102020000079,1,05230913711400054395
05,5,66,076,2023,09,22,4,3,2,1,2,0,1,0,0,0,0,392864.213100000284612,5793232.326300000771880,7.429572791000055,52.279006196000068,0,05230913709500984296
05,5,66,076,2023,09,07,4,2,6,4,0,1,0,1,0,0,0,393146.917000000365078,5793505.212999999523163,7.433628577000036,52.281513699000072,1,05230913709500902282
05,5,66,076,2023,09,17,4,3,0,7,0,0,0,0,1,0,0,398236.695100000128150,5790096.429300000891089,7.509240225000042,52.251843156000064,0,05230913709500442446
05,5,58,032,2023,09,15,4,3,5,3,0,1,1,0,0,0,0,389440.390999999828637,5752564.098999999463558,7.392600327000025,51.912833071000080,0,05230913706100965896
05,5,58,024,2023,09,08,4,3,5,3,0,1,1,0,0,0,0,393776.493200000375509,5736265.371500000357628,7.460621939000021,51.767184880000059,1,05230913706000676750
05,5,58,008,2023,09,10,4,3,8,1,0,0,1,0,0,0,0,389295.370500000193715,5763128.788599999621511,7.387087958000052,52.007754004000049,1,05230913706000458240
05,5,54,004,2023,09,10,4,3,5,3,0,0,1,0,0,0,0,359391.882000000216067,5768968.822599999606609,6.949278121000020,52.053459193000037,1,05230913705000984323
05,5,54,024,2023,09,14,4,3,2,7,0,0,1,0,0,0,0,367011.401899999938905,5774712.395899999886751,7.058096102000036,52.106949926000027,0,05230913705000984312
05,5,54,004,2023,09,12,4,2,3,3,0,1,1,0,0,0,0,359664.600100000388920,5775423.060900000855327,6.950597340000058,52.111520185000074,0,05230913705000791708
05,5,54,020,2023,09,14,4,3,6,4,0,0,1,1,0,0,0,366536.264000000432134,5783168.301000000908971,7.047841618000064,52.182816208000077,0,05230913705000781550
05,5,54,016,2023,09,08,4,3,9,1,0,0,1,0,0,0,0,364817.041799999773502,5754411.502399999648333,7.034088987000075,51.924001949000058,1,05230913702340205048
05,5,54,036,2023,09,11,4,3,3,6,0,0,1,0,0,1,0,366998.804600000381470,5766007.008400000631809,7.061303981000037,52.028722948000052,0,05230913702340058532
05,5,15,000,2023,09,13,4,3,8,1,0,0,1,0,0,0,0,401781.775999999605119,5750109.415899999439716,7.572664388000021,51.893082830000026,0,05230913702330096600
05,5,15,000,2023,09,18,4,3,1,6,0,1,0,0,0,0,0,405704.325100000016391,5760504.546800000593066,7.626799610000035,51.987196622000056,0,05230913702100070584
05,5,62,016,2023,09,12,4,2,5,2,0,0,1,0,0,0,0,376424.248999999836087,5738078.689999999478459,7.208633277000047,51.779920109000045,0,05230913701700680958
05,5,13,000,2023,09,08,4,3,0,3,0,0,1,0,1,0,0,369053.635700000450015,5708145.604900000616908,7.113052663000076,51.509247491000053,1,05230913700000699770
05,5,54,020,2023,09,23,4,3,8,1,2,0,1,0,0,0,0,362226.594999999739230,5786423.047000000253320,6.983522712000024,52.211000886000079,0,05230913705000080985
05,5,62,024,2023,09,13,3,3,5,3,0,1,1,0,0,0,0,372750.275100000202656,5725512.360999999567866,7.159995648000063,51.666166540000063,0,05230919701500985350
05,5,70,040,2023,10,09,1,3,7,3,0,1,1,0,0,0,0,420341.390100000426173,5743966.625299999490380,7.843728695000038,51.840825150000057,1,05231008711200196700
05,5,66,092,2023,10,18,1,2,9,1,0,0,1,0,0,0,0,424533.212399999611080,5793906.942600000649691,7.893521497000052,52.290330754000081,0,05231008709700970576
05,5,66,012,2023,10,16,1,3,0,1,0,1,0,0,0,0,0,405075.059500000439584,5772975.655300000682473,7.614175558000056,52.099183089000064,0,05231008709110860908
05,5,58,036,2023,10,11,1,2,0,1,0,0,0,0,1,0,0,389878.221300000324845,5729130.542700000107288,7.406409434000068,51.702304701000060,1,05231008706300409884
05,5,58,012,2023,10,21,1,3,4,6,2,1,0,0,1,0,0,370305.038999999873340,5752352.088600000366569,7.114626548000047,51.906801096000038,0,05231008706000983081
05,5,15,000,2023,10,00,1,3,6,7,2,0,1,1,0,0,0,406280.483500000089407,5757396.510399999096990,7.636036113000046,51.959357708000027,0,05231008702100179188
05,5,62,004,2023,10,12,1,2,5,3,0,1,1,0,0,0,0,385205.557300000451505,5717328.307099999859929,7.342694031000065,51.595293052000045,0,05231008701800699542
05,5,58,012,2023,10,14,7,3,2,6,0,0,1,0,0,0,0,373835.256000000052154,5756056.742100000381470,7.164558649000071,51.940903495000043,0,05231007706000785478
05,5,15,000,2023,10,06,7,2,5,2,1,0,1,0,0,0,1,407002.014999999664724,5755622.994999999180436,7.647013799000035,51.943537573000071,0,05231007702100481775
05,5,12,000,2023,10,16,7,3,2,6,0,0,1,0,0,0,0,356670.633000000379980,5708981.299399999901652,6.934392231000061,51.513751806000073,0,05231007701400983126
05,5,62,020,2023,10,15,7,3,5,3,0,0,1,0,0,0,0,370088.828999999910593,5719087.357999999076128,7.123918434000075,51.607818040000041,0,05231007701200983130
05,5,62,032,2023,10,17,7,3,1,6,0,0,1,0,0,0,0,373881.639399999752641,5719408.993899999186397,7.178545449000069,51.611570895000057,0,05231007701110269263
05,5,62,032,2023,10,20,7,3,8,1,2,0,0,0,1,0,0,377631.940000000409782,5718392.436000000685453,7.233035508000057,51.603262444000052,0,05231007701110185430
05,5,70,020,2023,10,07,6,3,5,3,0,0,1,0,0,0,0,432211.213899999856949,5743627.634400000795722,8.016059759000029,51.839344943000071,0,05231006711100561511