ULAND,UREGBEZ,UKREIS,UGEMEINDE,UJAHR,UMONAT,USTUNDE,UWOCHENTAG,UKATEGORIE,UART,UTYP1,ULICHTVERH,IstRad,IstPKW,IstFuss,IstKrad,IstGkfz,IstSonstige,LINREFX,LINREFY,XGCSWGS84,YGCSWGS84,STRZUSTAND,UIDENTSTLAE
05,5,70,012,2023,10,13,6,3,5,2,0,0,1,0,0,0,1,439278.104899999685585,5751590.469799999147654,8.117219515000045,51.911744711000040,0,05231006711100102755
05,5,54,044,2023,10,09,6,3,0,7,0,1,0,1,0,0,0,369057.625000000000000,5743607.662000000476837,7.099818956000036,51.827930090000052,0,05231006705000691843
05,5,54,016,2023,10,06,6,3,4,6,2,0,1,0,0,0,1,362850.478000000119209,5757198.551000000908971,7.004397468000036,51.948564307000026,0,05231006705000398871
05,5,54,068,2023,10,06,6,3,6,6,2,0,1,1,0,0,0,354008.047600000165403,5770977.707000000402331,6.869955520000076,52.070116260000077,0,05231006705000081930
05,5,62,032,2023,10,16,6,3,2,6,0,0,1,0,0,0,0,374515.718500000424683,5716374.272700000554323,7.188783701000034,51.584439307000082,0,05231006702340091865
05,5,15,000,2023,10,14,6,3,0,6,0,1,1,0,0,0,0,405379.827800000086427,5755585.830800000578165,7.623430846000076,51.942929993000064,0,05231006702000581010
05,5,62,036,2023,10,07,6,3,6,2,0,0,1,1,0,0,0,388768.657999999821186,5719821.824999999254942,7.393321900000046,51.618419707000044,0,05231006701930175477
05,5,62,004,2023,10,08,6,2,5,3,0,1,1,0,0,0,0,381991.490299999713898,5718221.726900000125170,7.296013248000065,51.602658609000059,0,05231006701800983195
05,5,62,020,2023,10,14,6,3,3,3,0,0,0,0,0,1,1,367804.757899999618530,5718571.916699999943376,7.091147420000027,51.602654390000055,0,05231006701200585384
05,5,62,032,2023,10,13,6,3,0,7,0,0,0,0,0,0,1,375462.569000000134110,5719828.178099999204278,7.201216757000054,51.615690085000040,0,05231006701110575293
05,5,13,000,2023,10,23,6,2,0,7,2,1,0,0,0,0,0,365702.201799999922514,5717580.808199999853969,7.061185248000072,51.593250418000082,0,05231006700000081500
05,5,70,016,2023,10,10,5,3,0,3,0,1,0,0,0,0,1,409098.737999999895692,5743589.655999999493361,7.680680720000055,51.835719607000044,0,05231005711200691770
05,5,70,044,2023,10,09,5,2,5,3,0,1,1,0,0,0,0,416593.681400000117719,5759484.901699999347329,7.785585029000060,51.979772970000056,0,05231005711100983218
05,5,66,076,2023,10,12,5,3,1,5,0,0,1,0,0,0,0,394090.065399999730289,5793490.364900000393391,7.447453432000032,52.281562795000070,0,05231005709500074705
05,5,58,032,2023,10,20,5,3,4,6,2,0,1,0,0,0,0,388686.128999999724329,5753337.100999999791384,7.381389146000060,51.919630188000042,0,05231005706000895563
05,5,15,000,2023,10,18,5,2,7,7,1,1,0,0,0,0,0,405041.180800000205636,5757874.800100000575185,7.617873099000064,51.963446497000064,0,05231005702100474710
05,5,15,000,2023,10,14,5,2,9,1,0,1,0,0,0,0,0,406586.504300000146031,5757655.036000000312924,7.640418176000026,51.961732958000027,0,05231005702100168373
05,5,15,000,2023,10,21,5,3,7,7,2,0,1,0,0,0,1,405721.942999999970198,5755672.665999999269843,7.628382710000039,51.943768588000069,0,05231005702100091867
05,5,62,032,2023,10,12,5,3,5,2,0,0,1,0,1,0,0,377736.532999999821186,5716566.231000000610948,7.235181417000035,51.586872490000076,0,05231005701120177703
05,5,13,000,2023,10,08,5,3,2,6,0,0,1,0,0,0,1,368462.710500000044703,5707793.790300000458956,7.104673615000024,51.505948557000067,0,05231005700000477618
05,5,13,000,2023,10,17,5,3,5,3,0,0,1,0,0,0,0,366985.259999999776483,5712360.043999999761581,7.081673480000063,51.546638052000048,0,05231005700000175475
05,5,70,048,2023,10,15,4,3,1,6,0,0,1,0,1,0,0,447815.400000000372529,5729264.459000000730157,8.244685815000025,51.711888949000070,0,05231004711300983245
05,5,66,096,2023,10,09,4,3,4,6,0,0,1,0,0,0,0,385161.942099999636412,5786739.934900000691414,7.318929022000020,52.219105979000062,0,05231004709300983272
05,5,66,024,2023,10,08,4,3,9,1,0,0,1,0,0,0,0,386762.087899999693036,5771229.206299999728799,7.347512272000074,52.080042697000067,1,05231004709300587316
05,5,54,032,2023,10,06,4,3,8,1,2,0,0,0,0,1,0,327704.917600000277162,5746451.281700000166893,6.498852852000027,51.842253430000028,0,05231004705000086830
05,5,62,004,2023,10,12,4,3,5,3,0,0,1,0,1,0,0,382161.500500000081956,5714785.553799999877810,7.299620516000061,51.571811165000042,0,05231004701800986823
05,5,62,004,2023,10,15,4,3,2,6,0,0,1,0,1,0,0,384539.586799999698997,5711310.597699999809265,7.335060952000049,51.541070864000062,0,05231004701800799377
05,5,62,032,2023,10,14,4,3,1,5,0,0,1,0,0,1,0,376095.058400000445545,5714832.027200000360608,7.212111666000055,51.570928264000031,0,05231004701120983241
05,5,62,032,2023,10,10,4,3,0,7,0,1,0,0,0,0,0,372915.993800000287592,5718590.869500000029802,7.164903412000058,51.604001312000037,0,05231004701110199767
05,5,70,036,2023,10,22,3,3,5,3,2,1,1,0,0,0,0,431220.482699999585748,5762810.392000000923872,7.997848350000027,52.011671057000058,1,05231003711100091830
05,5,66,088,2023,10,13,3,3,5,3,0,0,1,0,0,0,0,418806.884999999776483,5785941.705000000074506,7.811497561000067,52.217917857000032,1,05231003709800896660
05,5,66,088,2023,10,18,3,3,9,1,1,0,1,0,0,0,0,414995.246600000187755,5786008.052300000563264,7.755700180000076,52.217939262000073,0,05231003709800090802
05,5,66,016,2023,10,12,3,3,8,1,0,0,1,0,0,0,0,403540.101300000213087,5792205.091299999505281,7.586302339000042,52.271750723000082,1,05231003709500576633
05,5,54,048,2023,10,16,3,3,1,5,0,0,1,0,0,0,0,340119.253200000151992,5745470.982300000265241,6.679354680000074,51.837139065000031,1,05231003705000196520
05,5,54,012,2023,10,19,3,3,5,3,2,0,1,0,0,0,0,351105.974100000225008,5747559.140799999237061,6.837799063000034,51.858937853000043,1,05231003705000091738
05,5,62,024,2023,10,19,3,3,5,3,2,0,1,0,0,0,0,372128.168700000271201,5725501.486999999731779,7.151009133000059,51.665927590000081,1,05231003701500789938
05,5,13,000,2023,10,15,3,3,5,3,0,0,1,0,0,0,0,364669.598899999633431,5716647.526300000026822,7.046647024000038,51.584616513000071,1,05231003700000599244
05,5,13,000,2023,10,23,3,3,2,6,2,0,1,0,0,0,0,369278.058000000193715,5707505.669999999925494,7.116521931000023,51.503548452000075,1,05231003700000548340
05,5,62,004,2023,10,15,3,3,3,6,0,0,1,0,0,0,0,387040.990699999965727,5716281.793700000271201,7.369517685000062,51.586258098000030,1,05231003301911480607
05,5,58,024,2023,10,11,2,2,5,3,0,1,1,0,0,0,0,393226.574900000356138,5736547.236600000411272,7.452569072000074,51.769613686000071,0,05231002706300696595
05,5,12,000,2023,10,08,2,3,5,3,0,0,1,0,1,0,0,358097.674200000241399,5711078.098400000482798,6.954099522000035,51.532953775000067,0,05231002701400085500
05,5,62,020,2023,10,14,2,3,5,3,0,1,1,0,0,0,0,367399.087199999950826,5719580.705700000748038,7.084911679000072,51.611624540000037,0,05231002701200177674
05,5,62,032,2023,10,17,2,3,5,3,0,0,1,0,0,0,0,374394.829800000414252,5718581.307600000873208,7.186249681000049,51.604247164000071,0,05231002701110983311
05,5,62,032,2023,10,14,2,3,5,3,0,0,1,0,0,0,0,374111.141099999658763,5719171.786699999123812,7.181943398000044,51.609490472000061,0,05231002701110095010
05,5,13,000,2023,10,13,2,3,5,3,0,0,1,0,0,0,0,368824.175999999977648,5708854.164000000804663,7.109484418000022,51.515561955000067,0,05231002700000089276
05,5,70,040,2023,10,16,1,2,8,1,0,0,0,0,1,0,0,415718.109899999573827,5743230.298000000417233,7.776815684000042,51.833527485000047,0,05231001711200896160
05,5,66,008,2023,10,13,1,3,0,7,0,1,0,0,0,0,0,400349.242100000381470,5782461.515900000929832,7.542425017000028,52.183609435000051,0,05231001709110983352
05,5,58,024,2023,10,09,1,3,5,2,0,1,1,0,0,0,0,388535.535000000149012,5737098.004000000655651,7.384435188000054,51.773649473000035,0,05231001706300064176
05,5,58,008,2023,10,18,1,3,0,1,0,1,0,0,0,0,0,378773.029900000430644,5756298.021900000050664,7.236270666000053,51.944169552000062,0,05231001706000799758
05,5,54,008,2023,10,18,1,3,9,1,0,0,0,0,1,0,0,331610.980700000189245,5746037.258099999278784,6.555700988000069,51.839725745000067,0,05231001705000381626
05,5,62,024,2023,10,14,1,3,5,2,0,0,0,0,1,0,0,371611.332000000402331,5729851.230000000447035,7.141940021000039,51.704899635000061,0,05231001701500983263
05,5,62,032,2023,10,13,1,3,1,5,0,0,1,0,1,0,0,371523.864799999631941,5721830.014499999582767,7.143624630000033,51.632795065000039,0,05231001701110278743
05,5,70,004,2023,09,14,7,3,1,6,0,0,1,0,0,0,0,424885.479000000283122,5735160.623999999836087,7.911582502000044,51.762292195000043,0,05230930711200991692
05,5,70,044,2023,09,09,7,3,5,3,0,1,1,0,0,0,0,417494.604600000195205,5760553.338999999687076,7.798442536000039,51.989511671000059,0,05230930711100695835
05,5,66,076,2023,09,15,7,2,0,1,0,1,0,0,0,0,0,394924.389800000004470,5793828.207399999722838,7.459573771000066,52.284759206000047,0,05230930709500974705
05,5,66,008,2023,09,12,7,3,3,2,0,1,0,0,0,1,0,397691.854899999685585,5780798.301200000569224,7.504071671000077,52.168174604000058,0,05230930709110596523
05,5,66,008,2023,09,14,7,3,5,3,0,1,1,0,0,0,0,400387.788399999961257,5780467.781899999827147,7.543574078000063,52.165697151000074,0,05230930709110396547
05,5,66,008,2023,09,11,7,3,5,3,0,0,1,0,0,0,0,398721.335699999704957,5778882.312100000679493,7.519690583000056,52.151144135000038,0,05230930709110379151
05,5,58,020,2023,09,20,7,3,4,6,2,0,1,0,0,0,0,392346.762699999846518,5756294.401200000196695,7.433671062000030,51.946929282000042,0,05230930706200872441
05,5,13,000,2023,09,11,7,3,0,4,0,0,0,1,0,0,1,369577.048399999737740,5706924.274199999868870,7.121042321000061,51.498392591000027,0,05230930700000983432
05,5,66,032,2023,10,10,4,2,0,7,0,1,0,0,0,0,0,413591.951299999840558,5776912.357100000604987,7.737481319000040,52.135964299000079,1,05231004709800983271
05,5,70,028,2023,09,13,6,3,5,3,0,1,1,0,0,0,0,441549.799999999813735,5741168.603000000119209,8.152005378000069,51.818293318000030,0,05230929711400090705
05,5,70,044,2023,09,17,6,3,1,6,0,0,1,0,0,0,0,416431.413900000043213,5760696.377800000831485,7.782927777000054,51.990638487000069,1,05230929711100181966
05,5,66,068,2023,09,17,6,3,2,6,0,0,1,0,0,0,0,379827.461600000038743,5782684.396199999377131,7.242317317000072,52.181523421000065,1,05230929709300891781
05,5,58,016,2023,09,17,6,3,0,1,0,0,0,0,1,0,0,379053.946499999612570,5746875.429600000381470,7.243662029000063,51.859551050000050,1,05230929706000365764
05,5,54,032,2023,09,17,6,3,2,2,0,0,1,0,0,0,0,323731.917700000107288,5747151.505999999120831,6.440882736000049,51.847303128000078,0,05230929705000983448
05,5,62,014,2023,09,19,6,3,3,6,2,0,1,0,0,1,0,358861.942599999718368,5713281.759199999272823,6.964227220000055,51.552947405000054,0,05230929702340599278
05,5,15,000,2023,09,14,6,3,2,1,0,0,0,0,0,1,1,400797.913800000213087,5760313.488600000739098,7.555428180000035,51.984624807000046,0,05230929702330280978
05,5,15,000,2023,09,23,6,3,0,7,2,1,0,0,0,0,1,399001.958800000138581,5753656.982200000435114,7.531241434000037,51.924472064000042,0,05230929702100664312
05,5,15,000,2023,09,13,6,3,5,2,0,1,1,0,0,0,0,406322.628999999724329,5756457.540999999269843,7.636905299000034,51.950924902000054,0,05230929702100481775
05,5,15,000,2023,09,16,6,2,4,3,0,1,1,0,0,0,0,409108.075000000186265,5756885.685000000521541,7.677311088000067,51.955235507000054,0,05230929702100068282
05,5,62,028,2023,09,15,6,2,2,6,0,0,1,0,0,0,0,380138.276399999856949,5721568.987299999222159,7.268121772000029,51.632350528000075,0,05230929701920570164
05,5,62,014,2023,09,11,6,3,5,3,0,0,1,0,0,0,0,358447.802000000141561,5714317.655999999493361,6.957840730000044,51.562152142000059,0,05230929701300983466
05,5,62,014,2023,09,14,6,3,1,5,0,0,1,0,0,1,0,360865.497000000439584,5715155.907999999821186,6.992365476000032,51.570286369000030,0,05230929701300265455
05,5,66,008,2023,09,13,7,2,5,3,0,0,1,0,0,0,0,401941.612900000065565,5785872.683199999853969,7.564720926000064,52.214553818000070,0,05230930709110260714
05,5,70,008,2023,09,06,5,3,5,3,1,1,1,0,0,0,0,431590.160699999891222,5737258.217900000512600,8.008304364000026,51.782008786000063,0,05230928711300696538
05,5,70,036,2023,09,06,5,3,4,2,2,0,1,0,0,0,0,434234.638299999758601,5766649.091399999335408,8.041021344000058,52.046545015000049,0,05230928711100296512
05,5,66,032,2023,09,19,5,3,1,1,2,0,1,0,0,0,0,414901.283999999985099,5777687.043999999761581,7.756413280000061,52.143130886000051,0,05230928709800983495
05,5,66,020,2023,09,14,5,3,0,7,0,0,0,0,1,0,0,404373.948699999600649,5804431.856499999761581,7.595041577000075,52.381787592000080,1,05230928709700291642
05,5,66,076,2023,09,16,5,3,2,1,0,0,1,0,0,0,1,392306.152400000020862,5793134.970200000330806,7.421427030000075,52.278022199000077,0,05230928709500296644
05,5,70,048,2023,09,12,5,3,8,1,0,0,1,0,0,0,0,448800.665599999949336,5724104.703099999576807,8.259702260000040,51.665590006000059,0,05230928711300081043
05,5,66,036,2023,09,10,5,3,9,6,0,1,0,0,0,0,0,386445.632000000216067,5768031.827999999746680,7.343959789000053,52.051242734000027,0,05230928709300396551
05,5,15,000,2023,09,08,5,2,7,6,0,0,1,0,0,1,0,400728.855600000359118,5753640.894600000232458,7.556350690000045,51.924638076000065,0,05230928702330187222
05,5,62,008,2023,09,11,5,3,5,3,0,0,1,0,1,0,0,385075.357200000435114,5723626.790100000798702,7.338748621000036,51.651875753000070,0,05230928701910489511
05,5,62,004,2023,09,11,5,3,2,6,0,0,1,0,0,0,0,383691.612099999561906,5713335.799799999222159,7.322169156000029,51.559098854000069,0,05230928701800463388
05,5,62,024,2023,09,11,5,3,2,6,0,0,1,0,0,1,0,364159.542100000195205,5724461.384700000286102,7.036260018000064,51.654711205000069,0,05230928701500983532
05,5,12,000,2023,09,16,5,2,5,2,0,1,1,0,0,0,0,355911.981999999843538,5712058.876099999994040,6.922207645000071,51.541213238000068,0,05230928701400983513
05,5,62,032,2023,09,12,5,3,5,3,0,1,1,0,0,0,0,378413.521999999880791,5721065.789999999105930,7.243388108000033,51.627458026000056,0,05230928701110983530
05,5,62,032,2023,09,14,5,3,5,3,0,0,1,0,0,0,0,375116.770999999716878,5720477.724999999627471,7.195993299000065,51.621451008000065,0,05230928701110895014
05,5,13,000,2023,09,05,5,3,5,3,2,1,1,0,0,0,0,365396.940399999730289,5714327.422499999403954,7.058027930000037,51.563941231000058,0,05230928700000998946
05,5,13,000,2023,09,20,5,3,2,2,2,0,1,0,0,0,0,363653.843999999575317,5710643.231000000610948,7.034323141000073,51.530415056000038,0,05230928700000395157
05,5,66,076,2023,10,05,6,3,6,1,2,1,0,1,0,0,0,391724.115000000223517,5792702.802999999374151,7.413037842000051,52.274023945000067,0,05231006709000168305
05,5,58,016,2023,09,15,5,3,4,2,0,1,0,0,1,0,0,382327.203999999910593,5743280.831000000238419,7.292395140000053,51.827945526000065,0,05230928706100589266
05,5,70,028,2023,09,05,5,3,5,3,2,1,1,0,0,0,0,444158.750799999572337,5739550.263900000602007,8.190112658000032,51.804010689000052,0,05230928711400354395
05,5,70,008,2023,09,11,4,3,6,7,0,0,1,1,0,0,0,436009.633000000379980,5737645.997999999672174,8.072289872000056,51.786017859000026,0,05230927711300391400
05,5,70,044,2023,09,14,4,2,0,1,0,1,0,0,0,0,0,415962.946000000461936,5764530.006999999284744,7.775166270000057,52.025027878000060,0,05230927711100983565
05,5,70,052,2023,09,13,4,3,6,2,0,0,1,1,0,0,0,428783.040300000458956,5752683.323400000110269,7.964440228000058,51.920325953000031,0,05230927711100096700
05,5,66,028,2023,09,19,4,3,8,1,1,0,0,0,1,0,0,407434.644999999552965,5796960.848999999463558,7.642055513000059,52.315164839000033,0,05230927709700545600
05,5,66,076,2023,09,15,4,3,5,3,0,0,1,0,0,0,0,395231.245000000111759,5792986.116000000387430,7.464332261000038,52.277249663000077,0,05230927709500983557
05,5,66,076,2023,09,18,4,3,0,2,0,1,1,0,0,0,0,392460.406299999915063,5793193.122400000691414,7.423668603000067,52.278575017000037,0,05230927709500796953
05,5,58,044,2023,09,19,4,3,0,1,2,1,0,0,0,0,0,403097.042799999937415,5744436.482699999585748,7.593363777000036,51.842322207000052,1,05230927706300309884
05,5,58,016,2023,09,17,4,3,3,2,0,1,1,0,0,0,0,382033.678899999707937,5742856.582100000232458,7.288282274000039,51.824070808000045,0,05230927706100582423
05,5,62,032,2023,09,08,4,3,2,6,0,0,1,0,0,0,1,380601.719700000248849,5717777.289100000634789,7.276106640000023,51.598371292000081,0,05230927702340299278
05,5,15,000,2023,09,15,4,3,6,2,0,0,1,1,0,0,0,403930.057000000029802,5759356.484999999403954,7.601291211000046,51.976573463000079,0,05230927702100983558
05,5,15,000,2023,09,17,4,3,4,2,0,1,1,0,0,0,0,412163.122200000099838,5759473.620200000703335,7.721094902000061,51.978988803000050,0,05230927702100179188
05,5,62,012,2023,09,12,4,2,5,2,0,0,1,0,1,0,0,357885.270999999716878,5724872.656999999657273,6.945452023000030,51.656855652000047,0,05230927701610983573
05,5,62,012,2023,09,07,4,3,5,3,0,1,0,0,0,0,1,359614.037200000137091,5725197.420700000599027,6.970297322000022,51.660208346000047,0,05230927701610050501
05,5,12,000,2023,09,11,4,3,0,7,0,0,0,0,0,0,1,355615.033900000154972,5708984.749700000509620,6.919188682000026,51.513514032000046,0,05230927701400765455
05,5,12,000,2023,09,12,4,2,5,3,0,1,1,0,0,0,0,356053.827999999746680,5718845.939999999478459,6.921470988000067,51.602235972000074,0,05230927701400598880
05,5,70,016,2023,09,15,3,2,5,3,0,1,1,0,0,0,0,412374.955000000074506,5737998.728000000119209,7.729632046000063,51.785986218000062,0,05230926711200983610
05,5,70,012,2023,09,13,3,3,3,2,0,1,1,0,0,0,0,439697.336000000126660,5753535.983999999240041,8.122972783000023,51.929280485000049,0,05230926711100983620
05,5,70,052,2023,09,16,3,3,5,2,0,1,1,0,0,0,0,430850.644799999892712,5757467.756200000643730,7.993537824000043,51.963597006000043,0,05230926711100787307
05,5,70,020,2023,09,05,3,2,7,7,2,0,0,0,1,0,0,426287.074699999764562,5744931.222999999299645,7.929809752000040,51.850313112000038,0,05230926711100096662
05,5,70,044,2023,09,08,3,2,4,6,0,0,1,0,0,0,0,422345.255199999548495,5757838.048399999737740,7.869683574000021,51.965802656000051,0,05230926711100072473
05,5,66,028,2023,09,17,3,3,0,1,0,1,0,0,0,0,0,412737.692499999888241,5792957.864800000563264,7.720867325000029,52.280053551000037,0,05230926709700091794
05,5,66,076,2023,09,14,3,3,5,3,0,1,1,0,0,0,0,397086.716000000014901,5787449.890000000596046,7.493206088000022,52.227843562000032,0,05230926709500257453
05,5,66,016,2023,09,14,3,3,6,2,0,0,1,1,0,0,0,403666.266999999992549,5795369.376000000163913,7.587246325000024,52.300212757000054,0,05230926709500196953
05,5,66,008,2023,09,10,3,3,5,3,0,0,1,0,0,1,1,397739.735999999567866,5780823.539999999105930,7.504763915000069,52.168410315000074,0,05230926709110681140
05,5,66,008,2023,09,12,3,3,5,3,0,1,0,0,0,0,0,397973.788499999791384,5780949.650399999693036,7.508147026000074,52.169587070000034,0,05230926709110542438
05,5,58,032,2023,09,17,3,3,0,7,0,0,1,1,0,0,0,391675.822999999858439,5750614.098999999463558,7.425700292000045,51.895746306000035,0,05230926706100881082
05,5,58,016,2023,09,06,3,3,4,2,2,0,1,0,1,0,0,384132.107699999585748,5744193.621999999508262,7.318269054000041,51.836526351000032,0,05230926706000595025
05,5,54,032,2023,09,14,3,3,5,3,0,1,1,0,0,0,0,322485.002199999988079,5745521.666200000792742,6.423635571000034,51.832268704000057,0,05230926705000295050
05,5,62,016,2023,09,19,3,3,2,1,2,0,1,0,1,0,0,372206.904799999669194,5733022.961100000888109,7.149390822000043,51.733538980000048,0,05230926702340983603
05,5,54,064,2023,09,08,3,3,8,7,0,0,1,0,0,0,0,363209.675200000405312,5749415.743100000545382,7.012711352000053,51.878719009000065,0,05230926702340858532
05,5,13,000,2023,09,08,3,3,3,6,0,0,1,0,0,1,0,364928.669999999925494,5713887.393899999558926,7.051445277000028,51.559874988000047,0,05230926702340136486
05,5,15,000,2023,09,17,3,3,9,1,0,0,1,0,1,0,0,402620.540900000371039,5760627.084499999880791,7.581871202000059,51.987765963000072,0,05230926702100670512
05,5,15,000,2023,09,07,3,3,5,2,0,0,1,0,1,0,0,405199.563599999994040,5764876.648299999535084,7.618241283000032,52.026408611000079,0,05230926702100462000
05,5,15,000,2023,09,14,3,3,5,2,0,1,1,0,0,0,0,407475.765999999828637,5754255.052999999374151,7.654272119000041,51.931320720000031,0,05230926702100260670
05,5,62,008,2023,09,14,3,3,3,6,0,1,1,0,0,0,0,383287.603000000119209,5729139.717599999159575,7.311075832000029,51.701055160000067,0,05230926701910674177
05,5,62,008,2023,09,13,3,2,0,7,0,0,0,0,1,0,1,382218.989099999889731,5727414.493699999526143,7.296201902000064,51.685326538000027,0,05230926701910255844
05,5,62,016,2023,09,05,3,3,5,3,2,1,1,0,0,0,0,374515.339499999769032,5734243.089099999517202,7.182361602000071,51.745025585000064,0,05230926701700907694
05,5,62,020,2023,09,12,3,3,2,6,0,0,1,0,0,0,0,370569.225700000301003,5718447.466099999845028,7.131088177000038,51.602178105000064,0,05230926701200994957
05,5,62,032,2023,09,07,3,3,0,1,0,0,0,0,1,0,0,375864.510999999940395,5719489.575999999418855,7.207139160000054,51.612735800000053,0,05230926701110983636
05,5,13,000,2023,09,23,3,3,0,1,2,0,1,0,0,0,0,369503.913900000043213,5707063.833100000396371,7.119937689000039,51.499629912000046,0,05230926700000894976
05,5,13,000,2023,09,14,3,3,5,2,0,0,1,0,0,0,0,366928.135999999940395,5714890.596999999135733,7.079892428000051,51.569365620000042,0,05230926700000819960
05,5,13,000,2023,09,11,3,3,5,2,0,1,1,0,0,0,0,364914.112499999813735,5716752.760900000110269,7.050133628000026,51.585620856000048,0,05230926700000036486
05,5,54,052,2023,09,13,7,1,4,2,0,0,0,0,1,0,1,377864.583999999798834,5771045.655999999493361,7.217801667000060,52.076501986000039,0,05230930705000983427
05,5,62,008,2023,10,21,6,3,8,1,2,0,1,0,0,0,0,384621.968899999745190,5722163.189099999144673,7.332680522000032,51.638628489000041,0,05231006701910298980
05,5,70,008,2023,09,10,2,3,5,2,0,0,1,0,0,0,0,433414.611999999731779,5736372.554500000551343,8.034918102000063,51.774266740000030,0,05230925711300453522
05,5,66,028,2023,09,07,2,3,5,3,0,0,1,0,0,1,0,410817.001000000163913,5788367.857000000774860,7.693933475000051,52.238489275000063,0,05230925709700983676
05,5,66,012,2023,09,14,2,3,5,3,0,1,0,0,0,0,0,400760.372800000011921,5777726.947100000455976,7.549820551000039,52.141130086000032,0,05230925709110157480
05,5,58,016,2023,09,16,2,3,0,6,0,0,0,0,0,0,1,382725.824000000022352,5743552.066999999806285,7.298085043000071,51.830467013000032,0,05230925706000094962
05,5,15,000,2023,09,16,2,3,2,7,0,0,1,0,0,0,0,405511.713800000026822,5754756.986800000071526,7.625576697000042,51.935502375000056,0,05230925702100555910
05,5,15,000,2023,09,15,2,3,0,1,0,1,0,0,0,0,0,406918.884999999776483,5755807.776000000536442,7.645754716000056,51.945184580000046,0,05230925702100472447
05,5,62,008,2023,09,10,2,2,0,7,0,0,1,0,0,0,0,383731.940799999982119,5720199.723300000652671,7.320476697000061,51.620798244000071,0,05230925701910964262
05,5,54,008,2023,09,15,3,2,5,5,0,1,1,0,0,0,0,335861.212600000202656,5746990.463500000536442,6.616885725000031,51.849554125000054,0,05230926705000791856
05,5,62,016,2023,09,12,2,3,5,2,0,1,1,0,0,0,0,374554.414099999703467,5734316.430999999865890,7.182900837000034,51.745693446000075,0,05230925701700272384
05,5,62,012,2023,09,17,2,2,5,2,0,1,1,0,0,0,0,365520.781700000166893,5734433.887800000607967,7.052080639000053,51.744653699000082,0,05230925701610983647
05,5,62,024,2023,09,17,2,3,5,2,0,1,1,0,0,0,0,370358.642900000326335,5725446.095100000500679,7.125457491000020,51.665024334000066,0,05230925701500699312
05,5,12,000,2023,09,08,2,2,5,3,0,0,1,0,0,0,1,356840.112999999895692,5717123.927999999374151,6.933519261000072,51.586962858000049,0,05230925701400398967
05,5,62,014,2023,09,13,2,3,5,3,0,1,0,0,0,0,1,360145.463000000454485,5715626.138000000268221,6.981795514000055,51.574333736000028,0,05230925701300598910
05,5,62,014,2023,09,10,2,2,5,3,0,0,1,0,1,0,0,361475.547299999743700,5713565.409499999135733,7.001789177000035,51.556144111000037,0,05230925701300265455
05,5,62,032,2023,09,16,2,3,5,2,0,1,1,0,0,0,0,375613.989199999719858,5719708.528699999675155,7.203445137000074,51.614648260000081,0,05230925701110781136
05,5,62,032,2023,09,13,2,3,2,6,0,0,1,0,0,0,0,378513.975599999539554,5721126.475500000640750,7.244817618000070,51.628025123000043,0,05230925701110281315
05,5,12,000,2023,10,13,7,3,2,6,0,0,1,0,0,0,0,353457.546000000089407,5711878.634999999776483,6.886914666000052,51.538961776000065,0,05231007701400983134
05,5,54,056,2023,09,13,3,3,0,1,0,0,1,0,0,0,0,355606.350499999709427,5760063.895899999886751,6.897861653000064,51.972476222000068,0,05230926705000010936
05,5,70,040,2023,09,16,2,3,4,2,0,0,1,0,0,0,0,411484.060800000093877,5749177.918600000441074,7.713859385000035,51.886335138000049,0,05230925711200989300
05,5,66,016,2023,10,14,1,3,4,1,0,0,1,0,0,0,0,403558.687300000339746,5796131.527100000530481,7.585450850000029,52.307043903000078,0,05231008709500983096
05,5,70,008,2023,09,17,1,2,5,3,0,0,0,0,1,0,0,437710.454400000162423,5735719.144099999219179,8.097290190000024,51.768887046000032,0,05230924711300327092
05,5,70,008,2023,09,10,4,3,5,2,0,1,0,0,0,1,0,434219.635700000450015,5735172.074599999934435,8.046811650000052,51.763569538000070,0,05230927711300872378
05,5,70,048,2023,09,14,1,3,5,3,0,1,1,0,0,0,0,449266.129999999888241,5728294.603000000119209,8.265822809000042,51.703302385000029,0,05230924711300019035
05,5,70,004,2023,09,16,1,2,8,1,0,0,1,0,0,0,0,424247.285099999979138,5731810.880999999120831,7.903066511000077,51.732093044000067,0,05230924711200983711
05,5,66,076,2023,09,09,1,3,0,7,0,1,0,0,0,0,0,394803.822800000198185,5793785.363399999216199,7.457820304000052,52.284351091000076,0,05230924709500042446
05,5,66,004,2023,09,17,1,2,8,1,0,0,0,0,1,0,0,399916.811599999666214,5766124.848500000312924,7.540903901000036,52.036699430000056,0,05230924709000887293
05,5,54,016,2023,09,13,1,2,5,1,0,0,1,0,1,0,0,365673.086000000126660,5756162.195000000298023,7.045846787000073,51.939940567000065,0,05230924705000698901
05,5,54,012,2023,09,15,1,3,2,6,0,1,1,0,0,0,0,348020.771300000138581,5748752.223200000822544,6.792507191000027,51.868825454000046,0,05230924705000072210
05,5,62,004,2023,09,14,1,2,5,2,0,0,1,0,1,0,0,383786.696800000034273,5713369.236700000241399,7.323529135000058,51.559418976000075,0,05230924701800498963