ULAND,UREGBEZ,UKREIS,UGEMEINDE,UJAHR,UMONAT,USTUNDE,UWOCHENTAG,UKATEGORIE,UART,UTYP1,ULICHTVERH,IstRad,IstPKW,IstFuss,IstKrad,IstGkfz,IstSonstige,LINREFX,LINREFY,XGCSWGS84,YGCSWGS84,STRZUSTAND,UIDENTSTLAE
05,5,62,024,2023,09,12,1,3,5,2,0,0,0,0,1,0,1,371280.400999999605119,5724580.211999999359250,7.139096886000061,51.657454777000055,0,05230924701500983737
05,5,12,000,2023,09,12,1,3,0,7,0,0,0,0,0,0,1,356685.288099999539554,5709656.277499999850988,6.934328832000062,51.519820779000042,0,05230924701400081644
05,5,62,020,2023,09,11,1,3,1,5,0,0,1,0,1,0,0,369576.816800000146031,5719471.563400000333786,7.116385687000047,51.611152415000049,0,05230924701200983733
05,5,62,004,2023,09,08,4,3,5,2,0,1,1,0,0,0,0,382898.197700000368059,5712811.922599999234080,7.310903391000068,51.554226222000068,0,05230927701800277488
05,5,66,076,2023,10,05,6,3,6,4,2,1,0,1,0,0,0,391677.489799999631941,5792632.512199999764562,7.412377332000062,52.273383051000053,0,05231006709500855928
05,5,62,024,2023,09,07,6,3,5,3,0,1,1,0,0,0,0,370336.183100000023842,5725457.649900000542402,7.125128634000021,51.665122991000032,1,05230929701500481151
05,5,13,000,2023,10,07,2,3,5,3,0,1,0,0,0,1,0,369690.777999999932945,5706243.817999999970198,7.122931108000046,51.492303625000034,0,05231002700000446942
05,5,13,000,2023,09,15,7,3,5,3,0,0,1,0,0,0,0,367784.746000000275671,5708002.376000000163913,7.094832388000043,51.507664855000030,0,05230930700000420606
05,5,70,016,2023,09,09,7,3,3,1,0,1,1,0,0,0,0,409431.020200000144541,5744623.971899999305606,7.685231182000052,51.845070888000066,0,05230923711200983783
05,5,66,028,2023,09,00,7,3,8,7,2,1,0,0,0,0,0,408517.927699999883771,5794824.637199999764562,7.658523167000055,52.296146107000027,0,05230923709700569050
05,5,66,016,2023,09,09,7,3,5,3,0,1,1,0,0,0,0,403889.357099999673665,5794343.192500000819564,7.590809717000070,52.291028723000068,0,05230923709500596560
05,5,66,012,2023,09,05,7,2,8,1,2,0,1,0,0,0,0,413088.071399999782443,5772250.345499999821186,7.731311318000053,52.093980431000034,1,05230923709110174686
05,5,54,056,2023,09,18,7,3,4,6,1,0,1,0,0,0,0,358828.424800000153482,5761448.314699999988079,6.944167287000027,51.985743231000072,1,05230923705000983765
05,5,15,000,2023,09,22,7,3,0,7,2,0,1,0,0,0,1,404640.925999999977648,5756654.995899999514222,7.612387821000027,51.952413919000037,0,05230923702100481016
05,5,62,004,2023,09,14,7,3,5,3,0,1,1,0,0,0,0,382614.060999999754131,5714673.968000000342727,7.306185053000036,51.570902676000060,0,05230923701800983776
05,5,12,000,2023,09,19,7,3,2,6,1,0,1,0,0,0,0,360422.313400000333786,5711002.046199999749660,6.987623113000041,51.532849847000080,0,05230923701400077688
05,5,13,000,2023,09,06,7,3,4,2,1,0,1,0,1,0,0,367819.936999999918044,5712901.979000000283122,7.093500300000073,51.551704371000028,0,05230923700000089240
05,5,54,008,2023,10,17,7,3,4,6,0,1,0,0,0,0,0,328099.980200000107288,5747357.390799999237061,6.504131560000076,51.850514446000034,0,05231007705000574470
05,5,58,016,2023,09,20,4,3,9,1,2,1,0,0,0,0,0,380862.651399999856949,5744935.292199999094009,7.270583055000031,51.842503954000051,0,05230927706000589266
05,5,54,056,2023,09,08,5,3,2,6,0,0,1,0,0,0,1,357640.427000000141561,5762493.476999999955297,6.926445197000021,51.994830946000036,0,05230928705000089750
05,5,70,004,2023,09,13,6,2,6,4,0,0,1,1,0,0,0,424570.606399999931455,5735056.979199999943376,7.907043358000067,51.761318132000042,0,05230922711200890684
05,5,70,024,2023,09,14,6,3,9,1,0,0,1,0,0,0,0,416747.857599999755621,5749476.098699999973178,7.790251629000068,51.889826476000053,0,05230922711200096543
05,5,66,076,2023,09,15,6,3,5,3,0,0,1,0,0,0,0,394309.828999999910593,5792897.355000000447035,7.450859582000021,52.276275573000078,0,05230922709500238567
05,5,66,076,2023,09,20,6,3,8,2,2,0,1,0,0,0,0,393096.000000000000000,5793846.913000000640750,7.432774116000076,52.284574711000062,1,05230922709500011932
05,5,70,020,2023,10,12,6,3,0,2,0,0,1,0,0,0,1,426041.773000000044703,5743627.338999999687076,7.926527919000023,51.838559245000056,1,05231027711400982244
05,5,66,048,2023,10,07,6,3,0,7,1,0,1,0,0,0,1,426628.532499999739230,5793087.335999999195337,7.924415139000075,52.283247158000052,0,05231027709700980606
05,5,66,092,2023,10,15,6,3,2,1,0,0,1,1,0,0,0,423863.848000000230968,5796453.746999999508262,7.883133541000063,52.313131093000038,1,05231027709700564318
05,5,66,076,2023,10,13,6,3,0,6,0,1,0,0,0,0,0,393114.666199999861419,5793864.374900000169873,7.433042116000024,52.284735274000070,1,05231027709500774763
05,5,66,008,2023,10,20,6,3,3,2,2,1,1,0,0,0,0,400237.046000000089407,5780709.751000000163913,7.541299725000044,52.167844691000028,1,05231027709110982208
05,5,58,008,2023,10,17,6,3,5,3,1,0,1,0,1,0,0,378673.211500000208616,5756998.443499999120831,7.234571951000021,51.950442320000036,1,05231027706200674764
05,5,58,040,2023,10,15,6,3,5,3,0,0,1,0,0,0,0,372665.861999999731779,5760513.401499999687076,7.145903844000031,51.980686043000048,1,05231027706000977041
05,5,15,000,2023,10,12,6,3,5,2,0,1,0,0,0,0,1,404984.408900000154972,5756426.689899999648333,7.617447539000068,51.950420598000051,0,05231027702100977042
05,5,15,000,2023,10,18,6,3,3,5,2,0,1,0,1,0,0,406230.321200000122190,5751229.206700000911951,7.636987112000043,51.903914355000040,1,05231027702100845124
05,5,62,004,2023,10,17,6,3,6,4,0,0,1,1,0,0,0,382725.873999999836087,5711336.006999999284744,7.308910912000044,51.540925290000075,1,05231027701800985635
05,5,62,012,2023,10,06,6,3,5,3,2,0,1,0,0,0,0,362050.359000000171363,5736292.517000000923872,7.001107003000072,51.760511474000054,1,05231027701610982238
05,5,62,032,2023,10,06,6,3,2,2,2,0,1,0,0,0,0,372526.078599999658763,5721109.500700000673532,7.158360014000039,51.626547881000079,1,05231027701110982264
05,5,66,084,2023,10,07,6,3,8,1,0,0,1,0,0,0,0,392929.441999999806285,5776445.130999999120831,7.435836009000070,52.128147653000042,1,05231027709300982260
05,5,70,028,2023,10,07,5,3,5,2,1,1,1,0,0,0,0,441105.046600000001490,5742874.943700000643730,8.145263365000062,51.833587007000062,1,05231026711400982320
05,5,70,052,2023,10,13,5,3,0,1,0,1,0,0,0,0,0,436197.947800000198185,5754853.871799999848008,8.071841109000047,51.940738008000039,1,05231026711100487403
05,5,66,076,2023,10,11,5,2,5,3,0,1,1,0,0,0,0,393426.503999999724329,5794024.048499999567866,7.437561378000055,52.286230847000070,1,05231026709500596560
05,5,66,076,2023,10,17,5,3,2,6,1,0,1,0,0,0,0,399054.871000000275671,5788717.484999999403954,7.521633618000067,52.239600486000029,1,05231026709500279180
05,5,66,076,2023,10,19,5,3,0,2,2,0,0,0,1,0,0,393213.437599999830127,5793097.430500000715256,7.434732472000064,52.277861816000041,0,05231026709500091847
05,5,66,084,2023,10,07,5,3,5,3,1,1,1,0,0,0,0,389387.167000000365078,5775267.924000000581145,7.384492497000053,52.116870289000076,1,05231026709300926734
05,5,66,004,2023,10,10,5,3,0,3,0,1,1,0,0,0,0,394752.246399999596179,5767249.714800000190735,7.465292773000044,52.045853142000055,1,05231026709000872364
05,5,58,012,2023,10,16,5,3,5,3,0,1,1,0,0,0,0,371142.177299999631941,5752815.910399999469519,7.126615494000021,51.911163393000038,0,05231026706000091075
05,5,54,040,2023,10,10,5,3,5,3,0,0,1,0,0,1,0,351281.141200000420213,5739370.824300000444055,6.843857402000026,51.785413769000058,0,05231026705000982310
05,5,54,064,2023,10,19,5,2,9,7,2,0,1,0,0,0,0,358055.078099999576807,5750997.502299999818206,6.937226112000076,51.891643446000046,0,05231026705000982284
05,5,13,000,2023,10,20,5,1,0,1,2,0,1,0,1,0,0,364179.997700000181794,5713774.414999999105930,7.040695265000068,51.558679937000079,0,05231026702340591247
05,5,15,000,2023,10,16,5,3,0,7,0,1,1,0,0,0,0,404429.392900000326335,5755310.017000000923872,7.609684603000062,51.940288413000076,0,05231026702100982296
05,5,15,000,2023,10,18,5,3,6,2,0,0,1,1,0,0,0,404712.439000000245869,5758300.821000000461936,7.612971553000023,51.967219484000054,0,05231026702100980521
05,5,15,000,2023,10,16,5,3,2,6,0,1,0,0,0,0,0,405158.728000000119209,5756934.426000000908971,7.619843095000022,51.955014095000081,0,05231026702100876698
05,5,62,012,2023,10,10,5,3,5,3,0,0,1,0,0,0,0,359565.620900000445545,5730756.364900000393391,6.967361215000039,51.710147731000063,1,05231026701610998894
05,5,62,020,2023,10,15,5,3,1,3,0,1,1,0,0,0,0,370962.086099999956787,5719353.248099999502301,7.136424296000030,51.610408341000038,0,05231026701200698865
05,5,13,000,2023,10,06,5,3,3,6,2,0,1,0,0,0,1,363065.774199999868870,5712003.285499999299645,7.025321451000025,51.542494642000065,1,05231026700000945473
05,5,13,000,2023,10,06,5,3,5,3,2,1,1,0,0,0,0,365396.638600000180304,5714327.281400000676513,7.058023633000062,51.563939891000075,1,05231026700000698936
05,5,13,000,2023,10,07,5,2,0,1,1,0,0,0,1,0,0,366268.447999999858439,5709707.355000000447035,7.072349516000031,51.522630038000045,1,05231026700000589650
05,5,13,000,2023,10,06,5,3,5,2,2,0,1,0,1,0,0,368952.699099999852479,5710855.190700000151992,7.110591265000039,51.533574607000048,1,05231026700000168362
05,5,58,012,2023,10,20,4,3,7,7,2,0,1,0,0,0,0,375257.822900000028312,5754660.831700000911951,7.185749001000033,51.928679824000028,1,05231025706000773564
05,5,58,012,2023,10,13,4,3,5,2,0,1,1,0,0,0,0,373123.091099999845028,5756317.956900000572205,7.154107508000038,51.943088935000048,1,05231025706000685478
05,5,54,032,2023,10,16,4,3,2,6,0,0,1,0,0,0,0,323625.299399999901652,5743744.367599999532104,6.441072675000044,51.816665738000040,1,05231025705000281025
05,5,54,056,2023,10,13,4,3,0,7,0,1,0,0,0,0,0,356839.257000000216067,5762432.152000000700355,6.914809602000048,51.994073997000044,1,05231025705000191695
05,5,54,048,2023,10,12,4,3,4,6,0,0,1,0,0,0,1,341281.798000000417233,5743380.224999999627471,6.697172640000076,51.818687378000050,1,05231025705000085883
05,5,15,000,2023,10,07,4,3,5,3,1,1,1,0,0,0,0,407152.430999999865890,5760549.553999999538064,7.647869370000024,51.987845110000080,0,05231025702100076681
05,5,15,000,2023,10,03,4,3,9,7,2,0,1,0,0,0,0,406154.871199999935925,5750927.923900000751019,7.635972763000041,51.901193553000041,1,05231025702100027000
05,5,62,004,2023,10,17,4,3,5,3,1,1,1,0,0,0,0,382819.031499999575317,5713913.046599999070168,7.309395015000064,51.564106378000076,1,05231025701800181302
05,5,62,024,2023,10,11,4,3,5,2,0,0,1,0,0,0,0,372182.064399999566376,5725504.710000000894070,7.151786834000063,51.665968817000078,1,05231025701500199316
05,5,66,016,2023,10,17,5,3,1,6,0,0,1,0,0,0,0,402722.058500000275671,5792505.569800000637770,7.574230606000071,52.274307231000080,1,05231026709500596542
05,5,70,020,2023,10,17,3,3,5,3,0,0,1,0,0,0,0,433623.144000000320375,5741342.158999999985099,8.036988791000056,51.818968260000076,1,05231024711400087403
05,5,70,052,2023,10,16,3,3,7,6,0,0,1,0,0,0,1,432249.530299999751151,5757023.304600000381470,8.013982849000058,51.959773771000073,1,05231024711100996700
05,5,66,028,2023,10,06,3,3,2,6,2,0,1,0,0,0,0,412390.998399999924004,5791393.352199999615550,7.716193086000033,52.265936125000053,1,05231024709700781516
05,5,58,016,2023,10,14,3,3,3,3,0,1,0,0,0,1,0,382115.486200000159442,5744748.867300000041723,7.288824144000046,51.841094427000030,0,05231024706000982395
05,5,58,016,2023,10,19,3,3,1,6,2,0,1,0,0,0,0,381388.599700000137091,5743331.362199999392033,7.278763907000041,51.828201168000078,1,05231024706000365764
05,5,54,004,2023,10,11,3,3,1,6,0,0,1,0,0,0,0,360962.666100000031292,5772237.375900000333786,6.970840573000032,52.083224149000046,1,05231024705000891842
05,5,54,020,2023,10,07,3,3,5,3,2,1,1,0,0,0,0,366340.325000000186265,5785820.048000000417233,7.043931473000043,52.206595825000079,1,05231024705000691763
05,5,54,068,2023,10,08,3,3,8,1,0,0,1,0,0,0,0,348211.877100000157952,5771239.637000000104308,6.785339091000026,52.070911440000032,1,05231024705000579132
05,5,54,008,2023,10,17,3,2,0,2,0,1,1,0,0,0,0,336806.442999999970198,5743909.374099999666214,6.632049825000024,51.822152198000026,1,05231024705000191856
05,5,12,000,2023,10,15,3,3,3,6,0,0,1,0,0,0,0,353141.852099999785423,5712012.162799999117851,6.882310115000053,51.540079548000051,1,05231024702340596062
05,5,15,000,2023,10,10,3,3,3,2,0,1,1,0,0,0,0,406322.628999999724329,5756457.540999999269843,7.636905299000034,51.950924902000054,0,05231024702100572722
05,5,12,000,2023,10,11,3,3,1,5,0,0,1,0,0,0,0,356730.709999999962747,5712135.350999999791384,6.933974534000072,51.542108839000036,0,05231024701400285474
05,5,62,014,2023,10,13,3,3,0,2,0,0,1,0,0,0,1,361544.813900000415742,5713198.384099999442697,7.002932185000020,51.552862960000027,0,05231024701300194388
05,5,62,032,2023,10,07,3,3,5,3,2,1,1,0,0,0,0,374236.375000000000000,5721255.347799999639392,7.183003142000075,51.628243467000061,1,05231024701110889503
05,5,62,032,2023,10,07,3,2,0,7,1,0,1,0,1,0,0,375143.673000000417233,5720934.964400000870228,7.196218724000062,51.625566223000078,0,05231024701110200000
05,5,70,008,2023,10,15,2,3,0,7,0,0,1,0,0,0,1,433970.552000000141561,5735079.128000000491738,8.043220517000066,51.762704623000047,0,05231023711300553520
05,5,70,024,2023,10,16,2,3,5,2,0,0,1,0,0,0,0,420921.823800000362098,5754027.420099999755621,7.849845762000029,51.931347398000071,0,05231023711100789568
05,5,66,072,2023,10,13,2,3,5,1,0,1,1,0,0,0,0,412803.899699999950826,5803464.426799999549985,7.719112653000025,52.374499274000073,0,05231023709700981086
05,5,66,028,2023,10,09,2,3,5,3,0,1,1,0,0,0,0,412627.660000000149012,5792800.066999999806285,7.719295746000057,52.278617741000062,0,05231023709700038470
05,5,66,076,2023,10,17,2,3,3,6,0,1,0,0,0,0,1,393729.981399999931455,5792218.242300000041723,7.442577906000054,52.270060461000071,0,05231023709500442446
05,5,66,024,2023,10,15,2,3,8,1,0,0,1,0,0,0,0,385218.314100000075996,5773216.681199999526143,7.324325134000048,52.097586184000079,0,05231023709300981770
05,5,66,024,2023,10,17,2,3,4,2,0,0,1,0,0,0,0,384336.275000000372529,5770360.605000000447035,7.312423131000060,52.071735165000064,0,05231023709300396684
05,5,54,008,2023,10,16,2,3,4,6,0,0,1,0,0,0,0,333357.486899999901652,5748146.920099999755621,6.580011599000045,51.859201050000081,0,05231023705000995122
05,5,54,012,2023,10,07,2,3,4,2,0,0,1,0,0,0,0,351936.777999999932945,5743857.323999999091029,6.851439232000075,51.825898554000048,1,05231023705000591737
05,5,15,000,2023,10,15,2,3,6,4,0,1,0,1,0,0,0,405423.872399999760091,5756114.872800000011921,7.623925884000073,51.947692748000065,0,05231023702100067822
05,5,62,012,2023,10,06,2,3,5,3,2,1,1,0,0,0,0,360292.798799999989569,5731238.252900000661612,6.977686076000055,51.714659429000051,1,05231023701610982462
05,5,62,024,2023,10,16,2,3,2,6,0,0,1,0,0,0,0,371187.250099999830127,5724017.733899999409914,7.137958187000038,51.652378595000073,0,05231023701500085465
05,5,62,014,2023,10,15,2,3,5,3,0,1,1,0,0,0,0,361493.256000000052154,5713410.106000000610948,7.002105624000023,51.554752875000077,0,05231023701300896188
05,5,62,032,2023,10,12,2,3,5,3,0,0,1,0,0,0,1,374491.732900000177324,5719136.402400000020862,7.187449515000026,51.609257439000032,0,05231023701110475230
05,5,13,000,2023,10,13,2,3,2,6,0,0,1,0,0,0,0,366016.348199999891222,5716482.609699999913573,7.066136900000060,51.583456296000065,0,05231023700000373458
05,5,13,000,2023,10,07,2,3,8,1,2,0,1,0,0,0,0,366635.723000000230968,5710918.319000000134110,7.077181811000059,51.533599353000056,0,05231023700000067040
05,5,13,000,2023,10,16,4,3,2,6,0,0,1,0,0,0,0,366457.770299999974668,5709561.107599999755621,7.075132241000063,51.521360565000066,1,05231025700000289637
05,5,70,048,2023,10,01,1,3,9,1,2,0,1,0,0,0,0,446751.379900000058115,5733993.237099999561906,8.228563292000047,51.754303285000049,0,05231022711300982486
05,5,66,012,2023,10,18,1,2,9,7,2,0,1,0,0,0,0,403372.118700000457466,5773043.144799999892712,7.589302996000072,52.099494885000070,1,05231022709110696565
05,5,58,016,2023,10,16,1,3,5,2,0,0,1,0,0,0,0,382791.985700000077486,5745247.438599999994040,7.298470349000070,51.845717610000065,1,05231022706100982470
05,5,58,032,2023,10,10,1,3,6,7,0,1,0,1,0,0,0,390327.612499999813735,5755906.636199999600649,7.404428801000051,51.943049810000048,0,05231022706100249805
05,5,58,016,2023,10,00,1,3,5,3,2,0,1,0,0,0,0,380546.883399999700487,5744603.746899999678135,7.266116076000060,51.839456865000045,0,05231022706000676632
05,5,54,004,2023,10,22,1,3,8,1,2,0,1,0,0,0,0,358393.405500000342727,5770083.946799999102950,6.934263571000031,52.063224385000069,1,05231022705000982468
05,5,54,032,2023,10,11,1,2,2,6,0,1,0,0,0,0,0,324856.940100000239909,5747601.758600000292063,6.456970687000023,51.851701477000063,0,05231022705000056697
05,5,62,032,2023,10,18,1,3,3,6,2,0,1,0,0,0,0,381589.916299999691546,5717975.513800000771880,7.290300612000067,51.600361462000080,1,05231022702340041000
05,5,62,024,2023,10,17,1,2,9,1,0,0,1,0,0,0,0,372220.923399999737740,5730590.951700000092387,7.150485985000046,51.711686452000038,1,05231022702340000847
05,5,15,000,2023,10,19,1,3,5,3,2,1,1,0,0,0,0,403973.246000000275671,5749153.528999999165535,7.604767272000061,51.884872768000037,1,05231022702100705104
05,5,62,032,2023,10,13,1,3,5,3,0,0,1,0,0,0,0,378674.322999999858439,5717809.002000000327826,7.248281471000041,51.598244444000045,0,05231022701110178020
05,5,62,004,2023,10,17,1,3,3,6,0,0,1,0,0,0,0,383702.941100000403821,5718277.346499999985099,7.320695826000076,51.603514530000041,0,05231022301911590976
05,5,70,028,2023,10,17,7,3,2,3,0,1,1,0,0,0,0,441512.537999999709427,5742557.869000000879169,8.151230137000027,51.830779255000039,0,05231021711400982477
05,5,66,056,2023,10,21,7,3,5,3,2,1,1,0,0,0,0,417044.120099999941885,5796512.897299999371171,7.783101579000061,52.312674676000029,0,05231021709700476366
05,5,66,080,2023,10,20,7,3,0,1,2,0,0,0,1,0,0,405795.406200000084937,5781377.665500000119209,7.622360552000032,52.174824755000031,0,05231021709110796848
05,5,58,024,2023,10,09,7,2,9,1,0,0,1,0,0,0,0,393159.005900000222027,5734469.406500000506639,7.452229030000069,51.750925170000073,1,05231021706300085680
05,5,58,012,2023,10,16,7,2,9,1,0,0,0,0,1,0,0,369662.465900000184774,5757076.286100000143051,7.103501866000045,51.949103453000077,0,05231021706200599758
05,5,58,016,2023,10,22,7,3,8,1,2,0,0,0,1,0,0,382527.403699999675155,5745084.728599999099970,7.294686472000024,51.844199694000054,0,05231021706000696611
05,5,54,020,2023,10,17,7,3,3,2,0,0,1,0,0,0,1,366867.811300000175834,5785608.497199999168515,7.051729398000020,52.204822613000033,0,05231021705000982502
05,5,62,032,2023,10,07,7,2,9,1,2,0,1,0,0,0,0,373127.894199999980628,5720411.656400000676513,7.167302515000074,51.620412416000079,1,05231021702340554151
05,5,12,000,2023,10,13,7,3,1,6,0,0,1,0,0,0,0,356372.881599999964237,5714372.193499999120831,6.927904697000031,51.562117636000039,0,05231021702340041000
05,5,15,000,2023,10,16,7,3,3,7,0,1,1,0,0,0,0,405580.125199999660254,5756827.733500000089407,7.626002794000044,51.954126803000065,0,05231021702100678182
05,5,62,008,2023,10,09,7,3,5,2,0,0,1,0,0,0,0,385079.144100000150502,5723273.509500000625849,7.338919423000050,51.648701342000038,1,05231021701910055851
05,5,62,004,2023,10,11,7,2,8,6,0,0,1,0,0,0,1,378973.567999999970198,5715244.142999999225140,7.253484171000025,51.575257381000029,1,05231021701800085635
05,5,12,000,2023,10,06,7,3,5,2,2,0,1,0,0,0,0,356029.639000000432134,5710774.948000000789762,6.924428111000054,51.529706183000030,1,05231021701400982513
05,5,62,032,2023,10,12,7,3,2,6,0,0,1,0,0,0,0,376171.546600000001490,5716157.041099999099970,7.212747625000077,51.582853275000048,0,05231021701120791013
05,5,62,032,2023,10,12,7,3,3,6,0,1,1,0,0,0,0,375401.863699999637902,5719863.113199999555945,7.200327992000041,51.615990617000080,0,05231021701110982505
05,5,13,000,2023,10,12,7,3,0,6,0,1,0,0,0,0,1,361360.825600000098348,5717653.585599999874830,6.998521948000075,51.592852795000056,0,05231021700000739233
05,5,54,008,2023,10,18,1,3,2,6,2,0,1,0,0,0,0,338082.152900000102818,5745611.937400000169873,6.649747188000049,51.837818520000042,1,05231022705000580994
05,5,70,008,2023,10,11,6,3,2,6,0,1,1,0,0,0,0,433120.306499999947846,5733903.505999999120831,8.031128413000033,51.752034817000037,1,05231020711300982561
05,5,66,040,2023,10,18,6,3,5,3,2,0,1,0,0,0,0,420283.440000000409782,5782614.607999999076128,7.833889602000056,52.188226952000036,1,05231020709800487281
05,5,66,076,2023,10,13,6,3,2,7,0,0,1,0,0,0,0,393489.104000000283122,5792886.959000000730157,7.438838015000044,52.276023747000067,1,05231020709500196635
05,5,66,052,2023,10,11,6,3,5,2,0,0,1,0,1,0,0,378233.372299999929965,5778686.599700000137091,7.220447773000046,52.145248201000072,1,05231020709300036373
05,5,66,012,2023,10,12,6,3,2,1,0,0,0,0,0,1,0,404715.952999999746680,5774499.753000000491738,7.608508187000041,52.112820166000063,1,05231020709110493607
05,5,66,080,2023,10,15,6,2,5,6,0,0,1,0,0,0,0,404353.639999999664724,5781803.757999999448657,7.601162896000062,52.178406432000031,0,05231020709110087268
05,5,58,004,2023,10,07,6,3,7,7,1,0,1,0,0,0,0,405602.366299999877810,5742759.600299999117851,7.630176997000035,51.827678504000062,1,05231020706300874663
05,5,54,056,2023,10,11,6,3,5,3,0,1,1,0,0,0,0,355455.688000000081956,5762360.705000000074506,6.894702155000061,51.993073691000063,1,05231020705000187234
05,5,13,000,2023,10,23,6,3,2,6,2,0,1,0,0,1,0,366497.455599999986589,5710299.132600000128150,7.075424236000060,51.528002292000053,0,05231020702340296605
05,5,15,000,2023,10,18,6,3,0,1,2,0,0,0,1,0,0,411762.724000000394881,5754366.168999999761581,7.716578395000056,51.933015677000071,1,05231020702100991788
05,5,15,000,2023,10,14,6,2,2,6,0,0,1,0,0,0,0,406373.164099999703467,5750927.208799999207258,7.639144849000047,51.901223850000065,1,05231020702100891833
05,5,15,000,2023,10,11,6,3,5,3,0,1,1,0,0,0,0,403067.416400000452995,5758125.975899999961257,7.589083351000056,51.965363501000070,1,05231020702100570584
05,5,15,000,2023,10,17,6,3,0,7,0,1,1,0,0,0,0,405620.576000000350177,5757054.372999999672174,7.626528996000047,51.956170806000046,1,05231020702100491784
05,5,15,000,2023,10,11,6,3,8,7,0,0,1,0,0,0,0,409198.565999999642372,5754042.603900000452995,7.679378358000065,51.929694815000062,1,05231020702100476693
05,5,15,000,2023,10,15,6,3,2,6,0,0,1,0,0,0,0,407048.086000000126660,5756922.700999999418855,7.647332371000061,51.955227718000060,1,05231020702100370563
05,5,62,036,2023,10,11,6,3,5,3,0,0,1,0,0,1,0,386646.464700000360608,5718227.013100000098348,7.363197017000061,51.603662330000077,1,05231020701930070140
05,5,62,012,2023,10,07,6,3,5,2,2,1,1,0,0,0,0,359463.178899999707937,5725001.268899999558926,6.968196546000058,51.658408059000067,1,05231020701610898895
05,5,62,024,2023,10,08,6,3,5,2,2,0,1,1,0,0,0,366917.879999999888241,5724382.440099999308586,7.076140746000021,51.654661565000026,1,05231020701500581102
05,5,66,012,2023,10,08,5,3,2,6,0,0,1,0,1,0,0,405388.276800000108778,5773104.357200000435114,7.618711088000055,52.100393539000038,1,05231026709110796547
05,5,62,014,2023,10,07,6,3,5,3,1,0,0,0,0,0,1,361574.375799999572337,5712504.605499999597669,7.003631303000020,51.546635790000039,0,05231020701300847171
05,5,62,020,2023,10,13,6,3,0,1,0,0,0,0,0,0,1,372163.983900000341237,5718304.689300000667572,7.154154734000031,51.601259234000054,1,05231020701200887636
05,5,62,020,2023,10,06,6,3,5,3,2,1,1,0,0,0,0,369199.611100000329316,5720576.731599999591708,7.110528638000062,51.620996675000072,1,05231020701200380610
05,5,13,000,2023,10,06,6,3,2,6,2,0,0,0,1,0,1,363949.882500000298023,5712293.372800000011921,7.037950633000037,51.545315289000030,1,05231020700000898974
05,5,13,000,2023,10,12,6,3,2,6,0,0,1,0,0,0,0,370713.749699999578297,5708380.647900000214577,7.136875155000041,51.511742091000031,1,05231020700000499216
05,5,15,000,2023,10,18,1,3,2,6,1,0,1,0,0,0,0,401664.701999999582767,5751946.259999999776483,7.570439551000050,51.909572310000044,1,05231022702100091784
05,5,66,068,2023,10,21,5,3,8,1,2,1,0,0,0,0,0,378159.987999999895692,5785206.326999999582767,7.217034291000061,52.203820503000031,0,05231026709300939553
05,5,15,000,2023,10,12,6,3,5,3,0,0,1,0,0,0,0,406724.746000000275671,5757078.944000000134110,7.642586026000060,51.956577968000033,1,05231020702100982555
05,5,66,068,2023,10,16,5,3,1,1,0,0,1,0,0,0,0,374721.655000000260770,5790650.002000000327826,7.164729909000073,52.251966629000037,1,05231019709300896612
05,5,58,024,2023,10,13,5,2,6,4,0,0,1,1,0,0,0,389554.089300000108778,5734724.890699999406934,7.399946212000032,51.752522285000055,0,05231019706300096595
05,5,54,012,2023,10,15,5,3,5,3,0,0,1,0,0,0,0,354355.537999999709427,5755387.400000000372529,6.881646912000065,51.930132129000071,0,05231019705000987252
05,5,54,012,2023,10,22,5,3,0,1,2,1,0,0,0,0,0,352954.199000000022352,5747599.677999999374151,6.864601011000047,51.859792123000034,1,05231019705000749445
05,5,66,048,2023,10,17,5,3,2,1,0,0,1,0,0,0,0,427125.504300000146031,5792213.611099999397993,7.931887948000053,52.275459396000031,1,05231019702350791295
05,5,66,048,2023,10,08,5,3,2,6,0,0,1,0,0,0,1,427097.758500000461936,5792116.005300000309944,7.931502458000068,52.274578342000041,1,05231019702350276656
05,5,15,000,2023,10,16,5,3,3,1,0,1,0,0,0,0,0,405139.565600000321865,5759108.543700000271201,7.618963749000045,51.974552665000033,1,05231019702100479093
05,5,62,036,2023,10,06,5,3,4,6,2,1,0,0,0,0,0,388687.555800000205636,5718090.619200000539422,7.392700667000042,51.602843570000061,0,05231019701930894975
05,5,62,008,2023,10,16,5,3,5,2,0,0,0,0,0,0,1,385078.476999999955297,5723285.302999999374151,7.338905910000051,51.648807202000057,1,05231019701910775316
05,5,62,008,2023,10,19,5,3,5,2,2,1,1,0,0,0,0,384511.516999999992549,5723511.419999999925494,7.330640051000046,51.650723296000081,1,05231019701910081000
05,5,62,004,2023,10,12,5,3,5,3,0,0,1,0,0,0,0,382890.280000000260770,5716671.565999999642372,7.309502683000062,51.588913908000052,0,05231019701800191004