ULAND,UREGBEZ,UKREIS,UGEMEINDE,UJAHR,UMONAT,USTUNDE,UWOCHENTAG,UKATEGORIE,UART,UTYP1,ULICHTVERH,IstRad,IstPKW,IstFuss,IstKrad,IstGkfz,IstSonstige,LINREFX,LINREFY,XGCSWGS84,YGCSWGS84,STRZUSTAND,UIDENTSTLAE
05,5,62,004,2023,10,18,5,2,5,3,2,0,1,0,0,0,0,379670.712000000290573,5715626.649000000208616,7.263408523000066,51.578844386000071,1,05231019701800068380
05,5,62,016,2023,10,06,5,3,5,2,2,1,1,0,0,0,0,373509.878999999724329,5733360.676000000908971,7.168126378000068,51.736869479000063,0,05231019701700681102
05,5,62,014,2023,10,18,5,2,5,2,2,1,1,0,0,0,0,361079.841000000014901,5714799.682000000029802,6.995597131000068,51.567138133000071,1,05231019701300089697
05,5,62,020,2023,10,22,5,2,4,6,2,1,0,0,0,0,0,372808.004700000397861,5715796.114900000393391,7.164357842000072,51.578860569000028,1,05231019701200599767
05,5,13,000,2023,10,19,5,3,9,7,2,0,1,0,0,0,0,363996.868999999947846,5721002.900900000706315,7.035253875000024,51.623593181000047,1,05231019700000972394
05,5,66,076,2023,10,07,2,3,5,2,0,0,1,0,0,0,0,396748.071100000292063,5795513.536000000312924,7.485782523000069,52.300251518000039,0,05231023709500574705
05,5,66,076,2023,10,17,3,2,8,1,0,0,0,0,1,0,0,400511.147599999792874,5794239.337400000542402,7.541325624000024,52.289494029000082,1,05231024702350291295
05,5,70,008,2023,10,10,4,3,5,3,0,1,1,0,0,0,0,433121.609100000001490,5733900.361300000920892,8.031147885000053,51.752006701000028,0,05231018711300085568
05,5,66,088,2023,10,09,4,3,5,3,0,0,1,0,0,0,0,414660.236999999731779,5786249.244000000879169,7.750736734000043,52.220055414000058,0,05231018709800982656
05,5,66,028,2023,10,10,4,3,5,2,0,1,1,0,0,0,0,412515.390999999828637,5792020.178999999538064,7.717852869000069,52.271590030000027,0,05231018709700982654
05,5,66,008,2023,10,19,4,3,2,6,2,1,0,0,0,0,0,400228.038800000213087,5780729.950699999928474,7.541162133000057,52.168024614000046,0,05231018709110070537
05,5,54,044,2023,10,05,4,3,8,1,2,0,1,0,0,0,0,363155.943900000303984,5741141.532199999317527,7.015204725000046,51.804355476000069,0,05231018705000795150
05,5,54,068,2023,10,19,6,2,0,1,2,1,0,0,0,0,0,348063.035600000061095,5772508.356399999931455,6.782604236000054,52.082268938000027,1,05231027705000982211
05,5,54,060,2023,10,10,4,3,1,6,0,0,1,0,0,0,0,350012.281499999575317,5755944.029600000008941,6.818281735000028,51.933979901000043,0,05231018705000191796
05,5,54,016,2023,10,17,4,3,1,6,0,0,1,0,0,0,0,365303.203099999576807,5755982.111099999397993,7.040539748000072,51.938232958000071,0,05231018705000020978
05,5,66,092,2023,10,15,4,3,2,6,0,0,1,0,0,0,0,424409.065000000409782,5791199.411800000816584,7.892308650000075,52.265976102000081,0,05231018702350991778
05,5,62,004,2023,10,06,4,3,5,2,1,0,1,0,0,0,0,383194.348000000230968,5714105.688999999314547,7.314743270000065,51.565915659000041,0,05231018701800299377
05,5,62,016,2023,10,16,4,3,6,4,0,0,1,1,0,0,0,374467.968299999833107,5732191.844699999317527,7.182415711000033,51.726580781000052,0,05231018701700679216
05,5,62,014,2023,10,17,4,3,6,4,1,0,1,1,0,0,0,361485.019199999980628,5713479.754499999806285,7.001959458000044,51.555376726000077,0,05231018701300485500
05,5,62,032,2023,10,14,4,3,2,6,0,0,1,0,0,0,0,374208.851700000464916,5715421.957000000402331,7.184697969000069,51.575812349000046,0,05231018701120545172
05,5,66,028,2023,10,14,3,3,1,1,0,0,1,0,0,0,0,412153.979000000283122,5792813.498999999836087,7.712350923000031,52.278662977000067,0,05231017709700982697
05,5,66,028,2023,10,08,3,3,0,2,0,0,1,0,0,0,0,417210.134700000286102,5789498.359699999913573,7.787258952000059,52.249649503000057,0,05231017709700247180
05,5,66,076,2023,10,18,3,2,5,2,0,0,1,0,0,0,0,396968.548999999649823,5795786.788000000640750,7.488931059000038,52.302748734000033,0,05231017709500982674
05,5,66,068,2023,10,10,3,3,1,6,0,0,1,0,0,0,0,374903.399199999868870,5785657.222200000658631,7.169237914000064,52.207142816000044,0,05231017709300781050
05,5,66,024,2023,10,11,7,3,9,1,0,0,1,0,0,0,0,384368.764999999664724,5774193.741000000387430,7.311596917000031,52.106190028000071,1,05231021709300096551
05,5,66,008,2023,10,16,3,3,0,2,0,1,1,0,0,0,0,399225.847799999639392,5780794.123800000175834,7.526494541000034,52.168419296000081,0,05231017709110982688
05,5,58,028,2023,10,09,3,3,4,3,0,0,1,0,0,0,0,399135.360399999655783,5733057.979299999773502,7.539184611000053,51.739346650000073,0,05231017706300727030
05,5,58,024,2023,10,19,3,3,0,6,1,1,0,0,0,0,0,389866.041000000201166,5737818.990000000223517,7.403482685000029,51.780392931000051,0,05231017706000294282
05,5,54,020,2023,10,06,3,3,0,1,2,0,0,0,0,0,1,365262.618800000287592,5786183.000700000673532,7.028025219000028,52.209594667000033,0,05231017705000982720
05,5,54,012,2023,10,07,3,3,2,6,1,0,1,0,0,0,0,352701.893099999986589,5744321.714299999177456,6.862335936000022,51.830273313000077,0,05231017705000587252
05,5,54,004,2023,10,16,3,3,4,2,0,0,1,0,0,0,0,362123.547000000253320,5774156.133999999612570,6.986995460000060,52.100755036000066,0,05231017705000568648
05,5,54,016,2023,10,17,3,3,5,3,0,1,0,0,1,0,0,361913.914800000376999,5757300.891599999740720,6.990737860000024,51.949252194000053,0,05231017705000042406
05,5,62,004,2023,10,14,3,3,2,6,0,0,1,0,0,0,0,383124.221599999815226,5715307.892599999904633,7.313332037000066,51.576706197000078,0,05231017701800245438
05,5,62,032,2023,10,07,3,2,6,3,1,1,0,1,0,0,0,375279.828200000338256,5719924.076199999079108,7.198544575000028,51.616511472000070,0,05231017701110371214
05,5,70,040,2023,10,21,1,3,8,1,2,0,0,0,1,0,0,412524.346400000154972,5747120.652300000190735,7.729492144000062,51.868006717000071,1,05231022711200395835
05,5,62,008,2023,10,11,4,3,0,7,0,0,0,1,0,1,0,388592.058799999766052,5724833.374800000339746,7.389176513000052,51.663428376000070,0,05231025701910455844
05,5,70,048,2023,10,06,2,3,9,1,2,0,1,0,0,0,0,448316.282499999739230,5726905.468499999493361,8.252284539000073,51.690726464000079,0,05231016711300982760
05,5,66,040,2023,10,13,2,3,0,1,0,1,0,0,0,0,0,421140.203200000338256,5782983.732000000774860,7.846333856000058,52.191668131000029,0,05231016709800982737
05,5,66,076,2023,10,07,2,3,5,2,2,1,1,0,0,0,0,397249.905000000260770,5794640.823000000789762,7.493405512000038,52.292502206000052,0,05231016709500200953
05,5,58,024,2023,10,06,2,3,5,3,2,0,1,0,0,1,0,394396.440600000321865,5739072.867799999192357,7.468748535000032,51.792536175000066,0,05231016706300708330
05,5,54,012,2023,10,19,2,3,0,2,2,0,1,0,1,0,0,355682.531999999657273,5741883.482000000774860,6.906576970000060,51.809143210000059,0,05231016705000796552
05,5,54,004,2023,10,19,2,1,5,3,2,0,1,0,1,0,0,360666.627199999988079,5773339.055500000715256,6.966072834000045,52.093048482000029,0,05231016705000591695
05,5,62,032,2023,10,14,2,2,2,6,0,0,1,0,0,1,1,373486.841900000348687,5715889.658399999141693,7.174115790000030,51.579854023000053,0,05231016702340091865
05,5,15,000,2023,10,06,2,3,5,3,2,1,1,0,0,0,0,404992.824000000022352,5763601.482000000774860,7.615582856000060,52.014911663000078,0,05231016702100091771
05,5,15,000,2023,10,10,2,3,2,6,0,0,1,0,0,0,0,406101.223000000230968,5757382.789999999105930,7.633431765000068,51.959204138000075,0,05231016702100079245
05,5,62,008,2023,10,12,2,1,9,1,0,0,1,0,0,1,0,382409.184700000099838,5723034.500199999660254,7.300425924000024,51.646001167000065,0,05231016701910285415
05,5,62,008,2023,10,13,2,3,4,2,0,0,1,0,0,0,0,382385.893099999986589,5723026.286199999973178,7.300092205000055,51.645922472000052,0,05231016701910081000
05,5,62,012,2023,10,11,2,3,6,4,0,0,1,1,0,0,0,357334.784599999897182,5735445.424900000914931,6.933173051000040,51.751718555000082,0,05231016701620485350
05,5,62,012,2023,10,13,2,3,3,6,0,0,0,0,0,1,1,359763.486100000329316,5725161.838400000706315,6.972470874000066,51.659925919000045,0,05231016701610982733
05,5,12,000,2023,10,16,2,3,2,2,0,0,1,0,1,0,0,356435.190000000409782,5711050.197000000625849,6.930158484000060,51.532282774000066,0,05231016701400281363
05,5,62,014,2023,10,15,2,2,1,5,0,0,1,0,0,0,0,361671.295800000429153,5713086.673299999907613,7.004799293000076,51.551890131000050,0,05231016701300699256
05,5,62,032,2023,10,06,2,2,5,3,2,0,1,0,1,0,0,380079.047600000165403,5718170.735899999737740,7.268429392000030,51.601796343000046,1,05231016701110469263
05,5,70,008,2023,10,13,2,3,3,6,0,1,0,0,0,1,0,433853.560999999754131,5734564.586300000548363,8.041623497000046,51.758065050000027,0,05231016711300896600
05,5,66,004,2023,10,11,1,2,0,1,0,1,0,0,0,0,0,398174.787999999709427,5768922.300799999386072,7.514682804000074,52.061525381000081,0,05231015709110379151
05,5,54,020,2023,10,14,1,3,8,1,0,0,0,0,1,0,0,365242.771999999880791,5785871.512000000104308,7.027858907000052,52.206790993000027,0,05231015705000880985
05,5,54,052,2023,10,15,1,3,5,3,0,0,1,0,0,0,0,377698.089999999850988,5773322.004000000655651,7.214557006000064,52.096921544000054,0,05231015705000487240
05,5,15,000,2023,10,20,1,3,6,4,2,0,0,1,0,0,1,408785.497999999672174,5751455.645999999716878,7.674057698000070,51.906373957000028,1,05231015702100691867
05,5,15,000,2023,10,17,1,3,6,7,0,1,0,1,0,0,0,405877.065000000409782,5757933.718000000342727,7.630019481000033,51.964118225000050,1,05231015702100679176
05,5,15,000,2023,10,16,1,3,0,2,0,1,1,0,0,0,0,405446.711000000126660,5751085.542999999597669,7.625639688000035,51.902490591000060,0,05231015702100545124
05,5,13,000,2023,10,17,1,3,0,7,0,0,0,0,1,0,0,364435.440100000239909,5713065.670299999415874,7.044651116000068,51.552372322000053,1,05231015700000698873
05,5,70,008,2023,10,21,7,3,8,1,2,0,1,0,0,0,0,433873.013399999588728,5734682.458799999207258,8.041882866000037,51.759127029000069,0,05231014711300094427
05,5,70,016,2023,10,09,7,3,3,7,0,0,1,0,0,0,0,407486.658900000154972,5746860.778400000184774,7.656414854000047,51.864858081000079,0,05231014711200982817
05,5,15,000,2023,10,15,5,3,2,7,0,0,1,0,0,0,0,406464.785400000400841,5761335.210400000214577,7.637643972000035,51.994791557000042,1,05231026702100076684
05,5,58,016,2023,10,19,7,3,0,5,2,1,1,0,0,0,1,380301.577800000086427,5744858.676300000399351,7.262468968000064,51.841695406000042,0,05231014706100089266
05,5,54,004,2023,10,14,7,3,2,1,0,0,1,0,0,0,0,364120.892300000414252,5772228.891699999570847,7.016905987000030,52.083932097000059,1,05231014705000328617
05,5,62,014,2023,10,20,7,3,8,1,2,0,1,0,0,0,0,362692.128600000403821,5713753.350600000470877,7.019253600000070,51.558130429000073,1,05231014702340982801
05,5,13,000,2023,10,10,7,3,0,1,0,0,0,0,1,0,0,363790.697200000286102,5717062.069800000637770,7.033808162000071,51.588129979000030,1,05231014700000679354
05,5,13,000,2023,10,11,4,3,2,6,0,0,1,0,0,1,1,366646.496299999766052,5712697.376700000837445,7.076662955000074,51.549589568000044,0,05231018700000991003
05,5,66,088,2023,10,16,6,2,9,1,0,0,0,0,1,0,0,420588.648699999786913,5787790.514200000092387,7.837138962000040,52.234796082000059,1,05231013709800196586
05,5,66,080,2023,10,06,6,3,5,2,2,0,1,0,0,0,0,407422.597799999639392,5780156.691899999976158,7.646482312000046,52.164125841000043,1,05231013709110996848
05,5,66,060,2023,10,18,6,3,4,2,2,0,1,0,0,0,0,389443.790900000371039,5787516.320800000801682,7.381328021000058,52.226959335000060,1,05231013709000971410
05,5,54,052,2023,10,17,6,3,0,7,0,1,0,0,0,0,0,380070.447599999606609,5771703.376800000667572,7.249741964000066,52.082894846000045,0,05231013705000298871
05,5,54,008,2023,10,15,6,3,6,4,0,1,0,1,0,0,0,329313.909799999557436,5748626.156899999827147,6.521112528000060,51.862283931000036,0,05231013705000182336
05,5,54,012,2023,10,20,6,3,2,6,2,1,0,0,0,0,0,350812.467000000178814,5745580.592299999669194,6.834393873000067,51.841082688000029,1,05231013705000178100
05,5,66,032,2023,10,21,6,2,2,6,2,0,1,0,0,0,0,413453.182199999690056,5778469.817900000140071,7.735057654000059,52.149941889000047,1,05231013702350549910
05,5,13,000,2023,10,05,6,3,9,1,2,0,1,0,0,0,0,363825.976900000125170,5719581.820399999618530,7.033338917000037,51.610781679000070,1,05231013702340982877
05,5,62,032,2023,10,19,6,2,3,6,2,0,1,0,0,1,0,373344.930900000035763,5715831.351700000464916,7.172089829000072,51.579298148000078,1,05231013702340091821
05,5,58,004,2023,10,11,6,3,9,1,0,0,0,0,0,1,0,403647.238499999977648,5742859.963400000706315,7.601786834000052,51.828246831000058,0,05231013702330982855
05,5,15,000,2023,10,06,6,3,4,6,2,1,0,0,0,0,0,405726.461299999617040,5753782.759899999946356,7.628966371000047,51.926781970000036,1,05231013702100982552
05,5,15,000,2023,10,15,6,3,0,7,0,0,0,0,0,0,1,408450.427199999801815,5758431.028300000354648,7.667331647000026,51.969018076000054,0,05231013702100591806
05,5,15,000,2023,10,07,6,3,2,6,2,0,1,0,0,0,0,409585.508999999612570,5756022.403000000864267,7.684483998000076,51.947553588000062,1,05231013702100276693
05,5,62,004,2023,10,12,6,3,5,3,0,0,1,0,0,0,0,385921.029000000096858,5712835.950999999418855,7.354477828000029,51.555061568000042,0,05231013701800679388
05,5,62,004,2023,10,09,6,3,2,2,0,0,1,0,0,1,0,382453.983400000259280,5717134.496300000697374,7.303052582000021,51.592983707000030,1,05231013701800479388
05,5,62,012,2023,10,05,6,3,6,2,2,0,1,1,0,0,0,364594.189600000157952,5732032.779300000518560,7.039601580000067,51.722853961000055,1,05231013701620982873
05,5,12,000,2023,10,07,6,3,6,2,1,0,0,1,0,0,1,357226.416199999861419,5711011.246700000017881,6.941573814000037,51.532133406000071,1,05231013701400982870
05,5,13,000,2023,10,23,6,3,9,1,2,0,1,0,0,0,1,367855.634999999776483,5713775.664699999615550,7.093686577000028,51.559564251000040,1,05231013700000198974
05,5,13,000,2023,10,15,6,3,5,2,0,1,1,0,0,0,0,364827.324199999682605,5716723.375600000843406,7.048892998000042,51.585335977000057,0,05231013700000089701
05,5,70,052,2023,10,06,6,3,8,1,2,0,1,0,0,0,0,430716.144999999552965,5750493.314999999478459,7.992985061000070,51.900882330000059,1,05231020711100191830
05,5,13,000,2023,10,13,6,3,2,6,0,0,1,0,0,0,0,365908.325199999846518,5712535.962400000542402,7.066084460000070,51.547964074000049,1,05231020700000775468
05,5,70,004,2023,10,10,5,3,9,1,0,0,1,0,0,0,0,421220.171900000423193,5731019.814999999478459,7.859420743000044,51.724564419000046,0,05231012711200982907
05,5,70,016,2023,10,15,5,3,5,3,0,0,1,0,0,0,0,416894.744300000369549,5735227.683299999684095,7.795806113000026,51.761766072000057,0,05231012711200789448
05,5,70,044,2023,10,06,5,3,5,2,2,0,1,0,0,0,0,422103.540500000119209,5757865.705700000748038,7.866159725000045,51.966017455000042,1,05231012711100691798
05,5,66,028,2023,10,21,5,3,5,3,2,1,1,0,0,0,0,412627.660000000149012,5792800.066999999806285,7.719295746000057,52.278617741000062,1,05231012709700996625
05,5,13,000,2023,10,11,6,3,1,1,0,0,1,0,1,0,0,367175.185300000011921,5714365.120300000533462,7.083653585000036,51.564701627000034,1,05231027700000398936
05,5,66,016,2023,10,17,5,3,2,6,1,0,1,0,0,0,0,406348.485399999655783,5790783.643899999558926,7.627843000000041,52.259460311000055,1,05231012709500560714
05,5,66,008,2023,10,11,5,3,2,1,0,0,1,0,0,0,0,399616.333999999798834,5778831.487999999895692,7.532782412000074,52.150850758000047,1,05231012709110982906
05,5,58,044,2023,10,20,5,3,5,3,2,1,1,0,0,0,0,396275.792600000277162,5750771.829800000414252,7.492479687000070,51.898039137000069,0,05231012706300395025
05,5,70,016,2023,10,14,6,3,8,1,0,0,1,0,0,0,0,411932.809200000017881,5735790.003599999472499,7.723783903000026,51.766062417000057,1,05231027711200291793
05,5,58,016,2023,10,13,5,3,0,3,0,1,1,0,0,0,0,381666.843200000002980,5744012.003399999812245,7.282566971000051,51.834377216000064,0,05231012706000982898
05,5,54,016,2023,10,16,5,3,2,6,0,0,1,0,0,0,0,365348.702899999916553,5755960.664599999785423,7.041209620000075,51.938051256000051,1,05231012705000891208
05,5,54,028,2023,10,17,5,3,2,6,0,0,1,0,0,0,0,355705.599999999627471,5743718.552999999374151,6.906146907000050,51.825637703000041,1,05231012705000781030
05,5,54,004,2023,10,16,5,3,5,2,1,0,1,0,0,0,0,361217.952399999834597,5770385.895300000905991,6.975316802000066,52.066652238000074,1,05231012705000579183
05,5,54,056,2023,10,18,5,3,5,2,0,0,1,0,0,0,0,356347.669400000013411,5761437.643899999558926,6.908071180000036,51.985011432000078,1,05231012705000074672
05,5,62,032,2023,10,18,5,3,9,1,1,0,1,0,0,1,0,374106.498399999924004,5716129.562300000339746,7.182968035000044,51.582148806000077,1,05231012702340899278
05,5,15,000,2023,10,22,5,3,5,2,2,0,1,0,0,0,0,405946.015999999828637,5756806.164999999105930,7.631331492000072,51.953994937000061,1,05231012702100791750
05,5,15,000,2023,10,15,5,3,0,1,0,0,0,0,1,0,0,405737.538999999873340,5753737.686000000685453,7.629139771000041,51.926378699000054,1,05231012702100474470
05,5,15,000,2023,10,17,5,3,1,7,1,0,1,0,0,0,0,403022.610000000335276,5754056.402000000700355,7.589579454000045,51.928777091000029,1,05231012702100395613
05,5,15,000,2023,10,13,5,3,5,3,0,1,1,0,0,0,0,405627.295800000429153,5756977.813500000163913,7.626647786000035,51.955483795000077,1,05231012702100065385
05,5,15,000,2023,10,01,5,2,0,1,2,1,0,0,0,0,1,405018.929999999701977,5758215.369999999180436,7.617455141000050,51.966503872000033,0,05231012702000574772
05,5,62,004,2023,10,06,5,3,5,3,2,1,1,0,0,0,0,383509.989000000059605,5713249.775000000372529,7.319578828000033,51.558288202000028,1,05231012701800686823
05,5,12,000,2023,10,06,5,3,0,1,1,1,0,0,0,0,0,356327.354700000025332,5710404.960599999874830,6.928868072000057,51.526457378000032,1,05231012701400982920
05,5,62,032,2023,10,06,5,2,2,6,2,0,1,0,0,1,0,374967.276100000366569,5714836.336400000378489,7.195845425000073,51.570718019000026,1,05231012701120881257
05,5,13,000,2023,10,17,5,3,2,6,0,0,1,0,0,0,0,367266.774000000208616,5708978.889000000432134,7.087005436000027,51.516319050000050,1,05231012700000791625
05,5,13,000,2023,10,00,5,3,8,1,2,0,1,0,0,0,1,365623.468000000342727,5709902.618000000715256,7.062983790000033,51.524231692000058,0,05231012700000391226
05,5,66,076,2023,10,14,5,3,2,1,0,0,1,0,0,0,0,397361.007000000216067,5787491.724999999627471,7.497207894000042,52.228270744000042,1,05231026709500779180
05,5,66,052,2023,10,19,5,3,9,1,2,0,1,0,0,0,0,377633.690000000409782,5781306.791600000113249,7.210744220000038,52.168661594000071,1,05231012709300181050
05,5,66,092,2023,10,17,7,2,2,1,0,0,1,0,1,0,0,425394.324599999934435,5803047.219799999147654,7.904115632000071,52.372608541000034,0,05231021709700191071
05,5,70,020,2023,10,14,4,3,5,3,0,1,1,0,0,0,0,432735.187599999830127,5743157.426400000229478,8.023755360000052,51.835181184000078,0,05231011711400003030
05,5,58,012,2023,10,15,5,3,5,2,0,1,1,0,0,0,0,373126.977900000289083,5756318.892000000923872,7.154163679000021,51.943098225000028,1,05231026706000785478
05,5,70,048,2023,10,15,4,3,5,3,0,0,1,0,0,0,0,449344.406999999657273,5735115.777000000700355,8.265962597000055,51.764636107000058,0,05231011711300090705
05,5,66,048,2023,10,13,4,2,5,3,0,1,1,0,0,0,0,426685.055599999614060,5794166.989399999380112,7.925008678000040,52.292959634000056,0,05231011709700581516
05,5,66,028,2023,10,19,4,3,5,7,2,0,1,0,0,0,0,411962.413999999873340,5792231.202999999746680,7.709695751000027,52.273398507000081,0,05231011709700196644
05,5,66,076,2023,10,19,4,3,1,1,2,0,1,0,0,0,0,393150.004599999636412,5793305.001700000837445,7.433737274000066,52.279714967000075,0,05231011709500979128
05,5,66,068,2023,10,17,4,2,8,1,0,0,1,0,0,0,0,374074.372600000351667,5785501.485899999737740,7.157169979000059,52.205554580000069,0,05231011709300278430
05,5,66,084,2023,10,10,4,3,5,2,0,1,1,0,0,0,0,390023.586000000126660,5775772.689999999478459,7.393620360000057,52.121533694000050,0,05231011709300187316
05,5,66,012,2023,10,14,4,3,2,1,0,0,1,0,0,0,0,400870.213399999774992,5777733.529500000178814,7.551423166000063,52.141208969000047,0,05231011709110076751
05,5,54,024,2023,10,05,4,2,5,2,2,0,1,0,1,0,0,372698.235000000335276,5775765.492100000381470,7.140693309000028,52.117751177000059,0,05231011705000695870
05,5,54,020,2023,10,05,4,2,2,6,2,0,1,0,0,0,1,367018.964700000360608,5786237.254499999806285,7.053693070000065,52.210508768000068,0,05231011705000020848
05,5,15,000,2023,10,14,4,3,3,6,0,1,0,0,0,0,0,403684.510800000280142,5755654.490700000897050,7.598755416000074,51.943256222000059,0,05231011702100581775
05,5,15,000,2023,10,14,4,3,5,7,0,1,1,0,0,0,0,405436.608000000007451,5751217.391000000759959,7.625456706000023,51.903673994000030,0,05231011702100278182
05,5,66,028,2023,10,15,6,3,3,1,0,1,1,0,0,0,0,413059.151499999687076,5792483.790599999949336,7.725700398000072,52.275843366000061,0,05231013709700034935
05,5,15,000,2023,10,08,4,3,0,2,0,1,0,0,0,0,0,405571.447599999606609,5756784.688699999824166,7.625888386000042,51.953738424000051,0,05231011702100176693
05,5,15,000,2023,10,21,4,3,2,6,2,0,1,0,0,0,0,404650.300999999977648,5760135.903000000864267,7.611557492000031,51.983703197000068,0,05231011702100079180
05,5,62,004,2023,10,21,4,3,3,2,2,1,1,0,0,0,0,382898.157200000248849,5712811.511499999091029,7.310902944000077,51.554222519000064,0,05231011701800991004
05,5,62,024,2023,10,10,4,2,5,3,0,0,1,0,1,0,0,367274.290599999949336,5723533.125099999830127,7.081612287000041,51.647113503000071,0,05231011701500772330
05,5,66,092,2023,10,12,6,3,5,3,0,0,1,0,0,0,0,419080.726099999621511,5799898.445100000128150,7.812155072000053,52.343409700000052,0,05231013709700081617
05,5,12,000,2023,10,16,4,3,3,6,0,0,1,0,0,0,1,357361.102699999697506,5707404.556199999526143,6.944973846000039,51.499758051000072,0,05231011701400465455
05,5,12,000,2023,10,07,4,3,8,1,1,0,0,0,1,0,0,357821.355999999679625,5720856.656999999657273,6.946160119000069,51.620752808000077,0,05231011701400296050
05,5,12,000,2023,10,09,4,3,8,7,0,0,0,0,1,0,0,355256.780500000342727,5710522.453500000759959,6.913397761000056,51.527239757000075,0,05231011701400294388
05,5,62,014,2023,10,13,4,3,5,2,0,1,1,0,0,0,0,361436.924499999731779,5713818.292600000277162,7.001132759000029,51.558407074000058,0,05231011701300982943
05,5,62,020,2023,10,09,4,3,5,3,0,0,1,0,0,0,0,369662.208700000308454,5719534.851800000295043,7.117594695000037,51.611740944000076,0,05231011701200265786
05,5,13,000,2023,10,14,4,3,5,2,0,0,1,0,0,0,0,365311.724999999627471,5715110.706299999728799,7.056499050000070,51.570959824000056,0,05231011700000998974
05,5,13,000,2023,10,15,4,3,5,2,0,0,1,0,0,0,1,366636.223199999891222,5708100.462500000372529,7.078255520000027,51.508276436000074,0,05231011700000894985
05,5,13,000,2023,10,18,4,3,5,3,0,0,1,0,1,0,0,365013.210699999704957,5718125.844499999657273,7.051034984000069,51.597983655000064,0,05231011700000698946
05,5,13,000,2023,10,16,4,3,5,3,0,1,1,0,0,0,0,363318.746100000105798,5712091.729800000786781,7.028932791000045,51.543350751000048,0,05231011700000280930
05,5,66,012,2023,10,18,4,3,0,7,0,1,0,0,0,0,0,404547.855899999849498,5772107.164300000295043,7.606724533000033,52.091286254000067,0,05231011709110680992
05,5,13,000,2023,10,18,5,3,5,2,0,0,1,0,0,0,0,370221.152999999932945,5710609.305999999865890,7.128959610000038,51.531657882000047,1,05231012700000886166
05,5,70,004,2023,10,06,3,2,9,1,2,0,1,0,0,0,0,426315.336199999786913,5738882.218299999833107,7.931507347000036,51.795938327000044,0,05231010711200389245
05,5,58,012,2023,10,21,3,3,5,3,2,1,1,0,0,0,0,371556.244599999859929,5755862.550100000575185,7.131495058000041,51.938637020000044,0,05231010706000068252
05,5,54,060,2023,10,06,3,3,2,6,2,0,1,0,0,0,0,350129.190399999730289,5757426.460100000724196,6.819334956000034,51.947330340000065,1,05231010705000889617
05,5,54,012,2023,10,22,3,3,8,1,2,1,0,0,0,0,0,352912.308000000193715,5746770.338999999687076,6.864346082000054,51.852329533000045,0,05231010705000708065
05,5,54,032,2023,10,12,3,3,0,1,0,1,0,0,0,0,0,322555.503800000064075,5746986.818499999120831,6.423906249000026,51.845451266000055,0,05231010705000295080
05,5,15,000,2023,10,17,3,3,3,6,0,1,0,0,0,0,0,405972.674700000323355,5752336.306299999356270,7.632941021000022,51.913822137000068,0,05231010702100982974
05,5,62,008,2023,10,10,3,3,1,6,0,0,1,0,0,0,0,383668.183799999766052,5720045.453800000250340,7.319607362000056,51.619398545000081,0,05231010701910060936
05,5,62,004,2023,10,13,3,3,5,2,0,0,0,0,1,0,1,382640.059999999590218,5712000.736999999731779,7.307452360000070,51.546881869000060,0,05231010701800263295
05,5,62,012,2023,10,16,3,3,5,2,0,1,1,0,0,0,0,359420.821499999612570,5726236.368499999865890,6.967087752000054,51.669495839000035,0,05231010701610599776
05,5,12,000,2023,10,09,3,3,2,6,0,0,1,0,0,0,0,354482.183799999766052,5709749.947699999436736,6.902558354000064,51.520099213000037,0,05231010701400589501
05,5,62,014,2023,10,18,3,2,0,6,1,0,1,0,0,0,0,360514.804200000129640,5716171.850800000131130,6.986905119000028,51.579329044000076,0,05231010701300982973
05,5,62,014,2023,10,06,3,3,5,2,1,0,1,0,0,0,0,360635.243999999947846,5716461.368000000715256,6.988527291000025,51.581960454000068,0,05231010701300598943
05,5,62,020,2023,10,22,3,3,0,7,2,1,0,0,0,0,0,371448.497200000099838,5715802.930299999192357,7.144745871000055,51.578613399000062,0,05231010701200982970
05,5,62,032,2023,10,13,3,3,2,6,0,0,1,0,0,0,0,373595.637400000356138,5714745.447399999946356,7.176096854000036,51.569595350000043,0,05231010701120294950
05,5,62,032,2023,10,14,3,3,2,2,0,1,1,0,0,0,0,376354.543300000019372,5714690.003599999472499,7.215903931000071,51.569708827000056,0,05231010701120095044
05,5,62,032,2023,10,15,3,2,2,6,0,0,1,0,0,0,0,378528.111999999731779,5721158.933199999853969,7.245010493000052,51.628319883000074,0,05231010701110589503
05,5,62,032,2023,10,09,3,3,2,6,0,0,1,0,0,1,0,373967.835599999874830,5719206.045099999755621,7.179862622000030,51.609766293000064,0,05231010701110181333
05,5,13,000,2023,10,15,3,2,6,2,0,0,1,1,0,0,0,368085.984500000253320,5707699.102700000628829,7.099283979000063,51.505009810000047,0,05231010700000579011
05,5,13,000,2023,10,16,3,3,2,6,0,0,1,0,0,0,0,364002.506400000303984,5715693.310499999672174,7.037393852000037,51.575881031000051,0,05231010700000095201