ULAND,UREGBEZ,UKREIS,UGEMEINDE,UJAHR,UMONAT,USTUNDE,UWOCHENTAG,UKATEGORIE,UART,UTYP1,ULICHTVERH,IstRad,IstPKW,IstFuss,IstKrad,IstGkfz,IstSonstige,LINREFX,LINREFY,XGCSWGS84,YGCSWGS84,STRZUSTAND,UIDENTSTLAE
05,5,15,000,2023,10,16,3,3,1,7,0,0,1,0,0,0,0,401575.807199999690056,5757083.827899999916553,7.567677911000033,51.955734369000027,0,05231010702100196643
05,5,54,020,2023,10,12,6,3,0,3,0,1,1,0,0,0,0,366073.129499999806285,5783528.349899999797344,7.040929467000069,52.185939151000071,1,05231013705000980985
05,5,54,024,2023,10,19,4,3,2,6,2,0,1,0,0,0,0,366992.740100000053644,5774700.743899999186397,7.057828321000045,52.106840738000074,0,05231011705000089750
05,5,70,004,2023,10,17,2,2,0,1,0,1,0,0,0,0,0,423849.474999999627471,5734483.403999999165535,7.896722073000035,51.756064280000032,0,05231009711200696601
05,5,66,056,2023,10,14,2,3,0,3,0,0,1,0,1,0,0,417202.752899999730289,5796698.995500000193715,7.785382237000022,52.314371358000074,1,05231009709700983046
05,5,66,076,2023,10,13,2,3,4,2,0,0,1,0,0,0,0,395018.351999999955297,5792303.414000000804663,7.461425468000073,52.271073406000028,1,05231009709500391847
05,5,58,004,2023,10,13,2,3,8,1,0,0,1,0,0,0,0,405428.500000000000000,5733350.024000000208616,7.630219292000049,51.743069129000048,0,05231009706300696685
05,5,58,020,2023,10,18,2,2,8,1,0,0,0,0,1,0,0,392727.043200000189245,5761523.664100000634789,7.437567777000027,51.994001590000039,0,05231009706200579104
05,5,54,056,2023,10,07,2,3,2,6,1,0,1,0,0,0,1,358779.375199999660254,5761489.169299999251962,6.943436672000075,51.986097851000068,1,05231009705000998871
05,5,58,016,2023,10,03,2,2,2,6,2,0,1,0,0,0,0,380048.902200000360608,5745208.363600000739098,7.258681697000043,51.844783839000058,0,05231009702340396526
05,5,62,012,2023,10,12,2,3,6,7,0,0,1,1,0,0,0,359769.134100000374019,5738920.287900000810623,6.967013218000034,51.783557132000055,0,05231009702340354151
05,5,15,000,2023,10,13,2,2,0,7,0,0,0,0,1,0,0,406832.934999999590218,5757698.926000000908971,7.643991846000063,51.962168814000051,1,05231009702100570584
05,5,15,000,2023,10,09,2,3,5,3,0,0,1,0,0,0,1,401848.870000000111759,5759113.914000000804663,7.571070089000045,51.974029482000049,1,05231009702100491836
05,5,15,000,2023,10,07,2,3,0,7,1,0,0,0,1,0,0,403371.730100000277162,5758662.870400000363588,7.593360288000042,51.970242248000034,1,05231009702100468135
05,5,15,000,2023,10,14,2,3,1,6,0,0,1,0,0,0,0,404554.533699999563396,5759082.803999999538064,7.610456354000064,51.974221136000040,0,05231009702100081097
05,5,62,014,2023,10,17,3,3,5,3,0,0,1,0,0,0,1,360528.104700000025332,5714984.442800000309944,6.987568377000059,51.568662215000074,0,05231010701300394970
05,5,62,024,2023,10,09,2,3,5,2,0,0,1,0,0,0,0,373099.130499999970198,5724103.165999999269843,7.165548834000049,51.653581186000054,0,05231009701500872330
05,5,12,000,2023,10,17,2,3,0,7,0,0,1,0,0,0,0,356029.166799999773502,5709958.394600000232458,6.924755027000060,51.522368690000064,0,05231009701400983032
05,5,12,000,2023,10,13,2,2,5,2,0,0,1,0,0,0,0,353595.845999999903142,5711990.582000000402331,6.888860880000038,51.540003569000078,0,05231009701400114020
05,5,12,000,2023,10,17,2,3,3,2,0,0,1,0,1,0,0,356979.780600000172853,5709681.031700000166893,6.938560504000066,51.520117858000049,0,05231009701400099235
05,5,13,000,2023,10,08,2,3,6,7,0,1,0,1,0,0,0,367168.767900000326335,5710251.053799999877810,7.085114192000049,51.527728538000076,0,05231009700000779011
05,5,13,000,2023,10,10,2,3,0,1,0,0,0,0,1,0,0,369736.753999999724329,5706046.620999999344349,7.123665774000074,51.490542026000071,1,05231009700000489556
05,5,13,000,2023,10,12,2,3,2,6,0,0,1,0,0,0,0,366192.569500000216067,5709735.244899999350309,7.071245853000050,51.522862702000054,0,05231009700000171516
05,5,62,032,2023,10,17,4,3,1,7,0,0,1,0,0,0,1,373631.705500000156462,5715948.980799999088049,7.176184026000044,51.580419654000082,0,05231011702340982938
05,5,66,088,2023,11,17,4,3,2,1,2,0,1,0,0,0,0,414706.366200000047684,5786362.931800000369549,7.751383169000064,52.221084440000027,1,05231108709800996631
05,5,66,040,2023,11,11,4,3,0,7,0,0,0,0,0,0,1,422981.908699999563396,5781597.258400000631809,7.873586063000062,52.179465530000073,0,05231108709800981671
05,5,66,076,2023,11,18,4,3,6,2,2,0,1,1,0,0,0,395287.785000000149012,5793953.930999999865890,7.464860069000053,52.285958477000065,1,05231108709500981657
05,5,66,008,2023,11,05,4,3,0,3,2,0,1,0,0,0,1,400481.640999999828637,5780316.104000000283122,7.544990286000029,52.164350830000046,1,05231108709110693617
05,5,58,004,2023,11,11,4,3,0,1,0,1,0,0,0,0,0,403349.461000000126660,5741426.686000000685453,7.597867121000036,51.815312325000036,0,05231108706000294282
05,5,54,016,2023,11,09,4,3,9,1,0,0,1,0,0,0,0,363031.835699999704957,5759009.861700000241399,7.006312535000063,51.964884666000046,1,05231108705000981675
05,5,54,020,2023,11,14,4,3,0,1,0,1,0,0,0,0,0,364552.230499999597669,5786239.163300000131130,7.017612451000048,52.209925166000062,1,05231108705000981665
05,5,15,000,2023,11,14,4,3,0,1,0,1,1,0,0,0,0,403522.244300000369549,5759381.080000000074506,7.595348764000050,51.976723875000062,0,05231108702100081010
05,5,13,000,2023,11,18,4,2,5,7,2,1,1,0,0,0,0,368828.851900000125170,5708987.564200000837445,7.109502122000038,51.516761883000072,1,05231108700000671516
05,5,13,000,2023,11,12,4,3,2,2,0,0,1,0,0,0,0,368930.167399999685585,5708507.497099999338388,7.111139979000029,51.512471125000047,0,05231108700000592100
05,5,13,000,2023,11,15,4,3,5,3,0,1,1,0,0,0,0,368367.166000000201166,5715625.085899999365211,7.100368784000068,51.576304014000073,0,05231108700000179362
05,5,70,052,2023,11,16,3,3,5,3,0,1,0,0,0,0,0,428815.351800000295043,5752498.754399999976158,7.964948144000061,51.918670881000025,0,05231107711100096662
05,5,66,040,2023,11,13,3,3,2,2,0,0,1,0,0,1,0,422839.975399999879301,5781784.800899999216199,7.871468005000054,52.181131503000074,0,05231107709800981710
05,5,66,076,2023,11,19,3,3,8,3,2,1,0,0,0,0,0,394383.870000000111759,5793700.971000000834465,7.451692657000024,52.283512095000049,1,05231107709500474763
05,5,66,084,2023,11,09,3,3,2,6,0,0,1,0,0,0,0,386850.644999999552965,5779161.578999999910593,7.346167317000038,52.151349339000035,1,05231107709300587316
05,5,58,016,2023,11,18,3,3,0,3,2,1,1,0,0,0,0,381795.609299999661744,5744237.055900000035763,7.284358034000036,51.836427069000081,1,05231107706100894962
05,5,58,036,2023,11,11,3,3,5,2,0,0,1,0,0,1,0,385949.108599999919534,5729617.931299999356270,7.349416145000021,51.705900406000069,0,05231107706000776730
05,5,58,032,2023,11,06,3,3,5,3,2,0,1,0,1,0,0,387105.582000000402331,5755487.654999999329448,7.357711077000033,51.938639814000055,0,05231107706000776256
05,5,58,012,2023,11,05,3,3,5,3,2,1,1,0,0,0,0,375199.627500000409782,5751144.312699999660254,7.186177140000041,51.897065302000044,1,05231107706000264170
05,5,58,032,2023,11,06,3,3,8,1,2,0,1,0,0,0,0,388084.484299999661744,5754850.502900000661612,7.372152346000064,51.933111200000042,1,05231107706000189266
05,5,54,032,2023,11,21,3,3,9,1,2,0,1,0,0,0,0,327401.161799999885261,5745803.561100000515580,6.494771019000041,51.836341415000049,0,05231107705000861085
05,5,54,020,2023,11,12,3,3,5,3,0,1,0,0,0,0,0,366151.510599999688566,5783653.207499999552965,7.042025998000042,52.187080075000040,1,05231107705000291763
05,5,54,052,2023,11,14,3,3,9,1,0,0,0,0,0,0,1,374776.282399999909103,5772674.302600000053644,7.172163730000022,52.090447626000071,0,05231107705000291208
05,5,66,040,2023,11,16,3,3,0,1,1,0,1,0,0,0,0,422247.916799999773502,5785604.723300000652671,7.861933706000059,52.215385195000067,0,05231107702350005180
05,5,62,032,2023,11,08,3,3,3,6,0,0,1,0,0,1,0,378049.484899999573827,5717281.266499999910593,7.239447977000054,51.593366574000072,0,05231107702340096062
05,5,15,000,2023,11,17,3,3,5,2,2,1,1,0,0,0,0,404247.628999999724329,5748607.439999999478459,7.608904226000050,51.880011448000062,0,05231107702100696615
05,5,15,000,2023,11,20,3,3,0,2,2,1,1,0,0,0,0,404860.070899999700487,5758313.704199999570847,7.615116269000055,51.967360571000029,0,05231107702100591783
05,5,15,000,2023,11,13,3,3,2,6,0,0,1,0,0,0,0,403874.689000000245869,5754754.412000000476837,7.601772907000054,51.935198872000058,0,05231107702100587867
05,5,15,000,2023,11,07,3,3,2,1,0,0,1,0,0,0,0,403941.934700000099838,5754815.755000000819564,7.602733611000076,51.935761858000035,1,05231107702100176693
05,5,62,036,2023,11,21,3,3,5,2,2,0,1,0,0,0,1,391676.924999999813735,5722228.672199999913573,7.434568583000043,51.640620098000056,0,05231107701930889735
05,5,62,004,2023,11,15,3,3,1,7,0,0,1,0,0,0,0,382914.593999999575317,5716777.080600000917912,7.309818295000071,51.589867292000065,0,05231107701800889380
05,5,62,012,2023,11,15,3,3,2,6,0,0,1,0,0,0,0,363830.520700000226498,5724512.854800000786781,7.031486587000074,51.655094121000047,0,05231107701610898894
05,5,62,020,2023,11,18,3,3,5,2,2,1,1,0,0,0,0,370586.301500000059605,5719822.450400000438094,7.130827052000029,51.614538701000072,0,05231107701200895983
05,5,62,032,2023,11,14,3,3,0,7,0,0,0,0,1,0,0,379183.969999999739230,5716711.403999999165535,7.256014073000074,51.588489425000034,1,05231107701120881595
05,5,62,032,2023,11,12,3,1,6,4,0,0,0,1,0,1,0,376122.468200000002980,5715030.634400000795722,7.212436940000032,51.572719217000042,0,05231107701120091800
05,5,62,032,2023,11,07,3,3,6,7,0,1,0,1,0,0,0,376078.268000000156462,5719052.928200000897050,7.210379145000047,51.608858667000050,0,05231107701110875491
05,5,70,020,2023,11,17,2,2,5,3,2,1,1,0,0,0,0,428189.089999999850988,5742842.695000000298023,7.957852516000059,51.831785787000058,1,05231106711400491832
05,5,70,048,2023,11,15,2,3,5,3,0,0,1,0,0,0,0,448818.958200000226498,5731309.388499999418855,8.258909367000058,51.730366629000059,0,05231106711300981747
05,5,70,008,2023,11,15,2,3,0,3,0,0,1,0,1,0,0,431029.775000000372529,5738264.093000000342727,7.999982173000035,51.790982724000060,0,05231106711300189448
05,5,70,004,2023,11,17,2,3,6,1,2,0,1,1,0,0,0,422733.925999999977648,5734976.440899999812245,7.880453554000042,51.760343700000078,1,05231106711200991692
05,5,66,088,2023,11,16,2,2,4,1,1,0,1,0,0,0,1,417759.718000000342727,5785764.950999999418855,7.796215762000031,52.216173747000028,1,05231106709800079150
05,5,66,008,2023,11,19,2,3,0,1,2,1,0,0,0,0,0,397955.954199999570847,5780538.081700000911951,7.508010098000057,52.165884737000056,1,05231106709110981733
05,5,54,056,2023,11,10,2,3,1,6,0,0,1,0,0,0,0,356724.846499999985099,5761893.778400000184774,6.913369317000047,51.989207205000071,0,05231106705000087234
05,5,58,016,2023,11,10,3,2,6,1,0,0,0,1,0,1,0,381430.616499999538064,5743492.896299999207258,7.279318006000040,51.829661820000069,1,05231107706000776255
05,5,13,000,2023,11,18,2,3,2,6,2,0,1,0,0,1,0,363165.651300000026822,5713679.242699999362230,7.026108911000051,51.557579539000074,1,05231106702340096656
05,5,15,000,2023,11,09,2,3,5,3,0,1,1,0,0,0,0,409112.503999999724329,5758487.848999999463558,7.676951533000022,51.969637471000055,0,05231106702100073310
05,5,62,036,2023,11,18,2,3,2,6,2,0,1,0,0,0,0,388700.752199999988079,5717918.589299999177456,7.392945731000054,51.601299968000035,0,05231106701930308066
05,5,62,012,2023,11,08,2,3,0,7,0,0,0,0,0,0,1,359313.245400000363588,5725513.905300000682473,6.965824030000022,51.662977004000027,1,05231106701610186654
05,5,62,032,2023,11,17,2,3,5,3,2,0,1,0,0,0,1,375082.115199999883771,5719093.670700000599027,7.195986293000033,51.609004699000081,1,05231106701110195065
05,5,13,000,2023,11,17,2,3,8,6,1,0,1,0,0,0,0,365889.766099999658763,5712600.066500000655651,7.065792522000038,51.548535737000066,1,05231106700000089240
05,5,13,000,2023,11,17,2,3,5,2,2,0,1,0,0,0,0,365479.995099999941885,5714341.694399999454618,7.059219992000067,51.564089302000070,1,05231106700000075475
05,5,70,004,2023,11,14,1,3,2,6,0,0,1,0,0,0,0,421886.945000000298023,5731441.675000000745058,7.868977644000040,51.728450071000054,1,05231105711200358484
05,5,70,004,2023,11,05,1,2,0,1,2,0,0,0,0,0,1,422500.545699999667704,5735755.694199999794364,7.876898862000075,51.767316619000042,1,05231105711200091270
05,5,66,076,2023,11,22,1,3,5,2,2,0,0,0,0,0,1,391347.627999999560416,5795146.809000000357628,7.406734260000064,52.295914063000055,0,05231105709500981637
05,5,13,000,2023,11,21,1,3,2,6,2,0,1,0,0,0,0,365295.788800000213087,5715119.368300000205636,7.056265918000065,51.571033858000078,0,05231105700000281334
05,5,70,004,2023,11,10,7,3,2,6,0,0,1,0,0,0,1,422791.224000000394881,5733243.864099999889731,7.881668389000026,51.744776389000037,0,05231104711200981815
05,5,70,004,2023,11,14,7,3,5,3,0,0,1,0,0,0,1,424233.733000000007451,5735016.887000000104308,7.902171837000026,51.760912236000081,1,05231104711200462091
05,5,70,032,2023,11,14,7,3,2,6,0,0,1,0,0,0,0,423209.275100000202656,5766685.900900000706315,7.880274041000064,52.045458105000080,1,05231104711100528707
05,5,58,016,2023,11,21,7,3,2,6,2,0,1,0,0,0,0,379843.874800000339746,5745262.358200000599027,7.255688061000058,51.845225004000042,1,05231104706100020603
05,5,54,060,2023,11,23,7,3,0,1,2,0,1,0,0,0,0,353238.974999999627471,5757261.831299999728799,6.864619211000047,51.946680273000027,0,05231104705000587245
05,5,62,014,2023,11,12,7,3,2,6,0,0,1,0,0,0,0,356602.109199999831617,5715242.480100000277162,6.930854336000039,51.569996148000030,1,05231104702340981816
05,5,58,032,2023,11,05,7,3,2,7,2,0,1,0,0,1,0,390266.085300000384450,5751864.937200000509620,7.404822553000031,51.906712571000071,0,05231104702330080973
05,5,15,000,2023,11,10,7,3,3,2,0,1,0,0,0,0,1,406074.336900000460446,5756745.314600000157952,7.633214869000028,51.953469672000040,0,05231104702100281775
05,5,62,004,2023,11,12,7,3,2,6,0,0,1,0,0,0,0,382965.048799999989569,5715878.758400000631809,7.310845790000030,51.581803939000054,0,05231104701800268380
05,5,62,004,2023,11,19,7,2,3,6,2,0,1,0,0,0,0,382895.053700000047684,5716395.510800000280142,7.309663661000059,51.586433805000070,1,05231104701800095210
05,5,62,024,2023,11,20,7,3,0,7,2,0,0,0,0,0,1,370459.896099999547005,5725513.661000000312924,7.126895665000063,51.665654877000065,1,05231104701500365425
05,5,62,024,2023,11,12,7,2,3,3,0,1,1,0,0,0,0,370521.409900000318885,5725657.376399999484420,7.127731367000024,51.666960577000054,0,05231104701500286130
05,5,12,000,2023,11,22,7,3,6,4,2,0,1,1,0,0,0,359443.748100000433624,5720276.833799999207258,6.969813015000057,51.615950081000051,1,05231104701400999781
05,5,12,000,2023,11,18,7,3,8,1,2,0,1,0,0,0,1,356348.869099999777973,5710188.033399999141693,6.929266455000061,51.524513584000033,1,05231104701400198910
05,5,62,014,2023,11,12,7,3,5,3,0,0,1,0,1,0,0,359857.786799999885261,5717152.078600000590086,6.977037921000033,51.587974392000035,1,05231104701300275487
05,5,13,000,2023,11,15,7,3,2,6,0,0,1,0,0,0,0,364608.336199999786913,5714790.841099999845028,7.046478996000076,51.567916924000031,1,05231104700000478353
05,5,70,004,2023,11,06,6,3,6,4,2,0,1,1,0,0,0,424844.344200000166893,5735281.063799999654293,7.910960518000024,51.763369392000072,0,05231103711200402947
05,5,70,036,2023,11,13,6,3,5,3,0,0,1,0,0,0,0,430821.552899999544024,5760432.194399999454618,7.992516832000035,51.990242510000030,1,05231103711100096512
05,5,66,072,2023,11,08,6,3,3,6,0,0,1,0,0,0,0,412833.634999999776483,5802793.787000000476837,7.719723661000046,52.368476200000032,1,05231103709700696644
05,5,66,056,2023,11,13,6,2,5,3,0,0,1,0,0,0,0,417815.100999999791384,5793010.605000000447035,7.795263160000047,52.281310230000031,0,05231103709700281516
05,5,66,036,2023,11,19,6,2,5,1,1,0,1,0,0,0,0,387865.646300000138581,5768276.584400000050664,7.364579305000063,52.053731544000073,0,05231103709300081770
05,5,58,040,2023,11,10,6,3,5,3,0,0,1,0,0,0,0,372669.550999999977648,5760509.878000000491738,7.145958836000034,51.980655226000067,1,05231103706200254102
05,5,58,032,2023,11,18,6,2,4,2,2,0,1,0,0,0,0,389443.566599999554455,5752561.695499999448657,7.392647248000060,51.912812099000064,0,05231103706100782423
05,5,58,016,2023,11,15,6,3,4,7,0,0,1,0,0,0,0,379053.946499999612570,5746875.429600000381470,7.243662029000063,51.859551050000050,0,05231103706100196582
05,5,58,012,2023,11,13,6,3,1,1,0,0,1,0,0,0,1,374269.170800000429153,5754740.367399999871850,7.171348861000070,51.929172147000031,0,05231103706000981846
05,5,58,012,2023,11,16,6,3,8,1,0,0,0,0,1,0,0,368104.243999999947846,5748749.062999999150634,7.084030607000045,51.873907283000051,0,05231103706000981837
05,5,54,020,2023,11,17,6,2,3,6,2,1,1,0,0,0,0,364004.394600000232458,5785543.554099999368191,7.009879033000061,52.203540052000051,0,05231103705000981841
05,5,54,048,2023,11,12,6,3,5,4,0,1,0,1,0,0,0,341190.196000000461936,5745048.184000000357628,6.695079672000077,51.833646211000030,0,05231103705000374470
05,5,54,012,2023,11,12,6,2,5,3,0,0,1,0,0,0,0,354343.817999999970198,5746722.845000000670552,6.885135681000065,51.852278167000065,0,05231103705000268258
05,5,58,004,2023,11,20,6,3,3,6,2,0,1,0,0,1,0,406583.227500000037253,5734220.087600000202656,7.646705674000032,51.751083693000055,0,05231103702330981828
05,5,15,000,2023,11,11,6,2,0,1,0,1,0,0,0,0,0,407560.765499999746680,5754348.812799999490380,7.655482844000062,51.932177612000032,0,05231103702100264200
05,5,15,000,2023,11,20,6,3,3,7,2,0,1,0,0,0,1,404020.196600000374019,5759269.294299999251962,7.602627542000050,51.975805342000058,0,05231103702100091715
05,5,62,016,2023,11,17,6,2,0,1,2,0,0,0,1,0,0,370359.720999999903142,5731187.392000000923872,7.123339925000039,51.716619389000073,0,05231103701700981832
05,5,62,020,2023,11,17,6,2,5,2,1,0,1,0,1,0,0,370299.690899999812245,5719120.754699999466538,7.126949438000054,51.608166778000054,0,05231103701200557480
05,5,13,000,2023,11,12,6,3,0,7,0,0,0,0,0,0,1,366844.347000000067055,5710698.833000000566244,7.080270887000040,51.531676158000039,0,05231103700000981792
05,5,58,016,2023,11,08,3,2,3,6,0,0,1,0,0,0,0,386159.056800000369549,5748913.817700000479817,7.346120213000063,51.879365636000045,0,05231107702330981723
05,5,13,000,2023,11,05,6,3,5,3,2,0,1,0,0,0,0,362608.944600000046194,5720722.698899999260902,7.015326243000061,51.620738119000066,1,05231103700000895157
05,5,13,000,2023,11,17,6,3,4,7,2,1,0,0,0,0,0,367521.820399999618530,5709451.934100000187755,7.090501226000072,51.520630034000078,0,05231103700000389657
05,5,13,000,2023,11,17,6,3,5,3,2,0,1,0,1,0,0,363323.332999999634922,5712108.483999999240041,7.028992389000052,51.543502421000028,0,05231103700000381384
05,5,58,032,2023,11,20,1,2,3,6,2,0,1,0,0,0,0,388328.089599999599159,5750547.345300000160933,7.377089311000020,51.894485599000063,1,05231105702330981780
05,5,70,028,2023,11,15,5,3,2,6,0,0,0,0,0,0,1,443762.404000000096858,5739544.031099999323487,8.184365924000076,51.803914927000051,0,05231102711400981895
05,5,62,036,2023,11,10,7,3,1,5,0,0,1,0,0,0,1,389992.523099999874830,5720327.714900000020862,7.410833765000064,51.623207222000076,0,05231104701930689485
05,5,70,008,2023,11,15,5,3,8,1,0,0,1,0,0,0,0,430611.388899999670684,5740329.603000000119209,7.993503477000047,51.809499661000075,0,05231102711300981891
05,5,70,004,2023,11,13,5,3,2,2,0,0,1,0,0,0,1,424085.729000000283122,5732873.014100000262260,7.900495847000059,51.741619452000066,0,05231102711200553160
05,5,66,084,2023,11,17,5,2,4,6,2,0,1,0,0,0,1,384231.765599999576807,5780493.077899999916553,7.307452769000065,52.162772447000066,1,05231102709300696551
05,5,58,028,2023,11,22,5,3,9,1,2,0,1,0,0,0,0,397304.414800000376999,5733552.588199999183416,7.512530698000035,51.743459826000048,1,05231102706300496685
05,5,15,000,2023,11,11,5,3,0,3,0,1,1,0,0,0,0,406132.959599999710917,5757702.842499999329448,7.633806041000071,51.962086276000036,0,05231102702100676684
05,5,15,000,2023,11,16,5,3,0,7,0,1,1,0,0,0,1,405591.402099999599159,5756883.673000000417233,7.626151474000039,51.954631527000060,0,05231102702100572368
05,5,62,004,2023,11,21,5,3,5,2,2,0,1,0,1,0,0,384113.320000000298023,5709666.399000000208616,7.329458152000029,51.526205691000030,1,05231102701800295103
05,5,62,004,2023,11,07,5,3,5,2,0,1,1,0,0,0,0,382498.545400000177324,5715155.855799999088049,7.304357831000061,51.575209664000056,0,05231102701800081302
05,5,62,012,2023,11,21,5,3,6,7,2,0,1,1,0,0,0,358719.759300000034273,5727587.035399999469519,6.956410247000065,51.681456727000068,0,05231102701610981875
05,5,62,014,2023,11,18,5,3,5,3,2,1,1,0,0,0,0,361939.192499999888241,5712888.233200000599027,7.008738705000042,51.550172523000072,0,05231102701300590514
05,5,13,000,2023,11,14,5,3,2,6,0,0,1,0,0,0,0,368607.715499999932945,5712836.095399999991059,7.104880728000069,51.551296303000072,0,05231102700000075475
05,5,15,000,2023,11,16,3,3,2,6,0,0,1,0,0,0,0,406208.806099999696016,5755077.209100000560284,7.635626140000056,51.938498618000040,0,05231107702100096667
05,5,15,000,2023,11,07,2,3,5,3,0,1,1,0,0,0,0,409009.103000000119209,5756323.310000000521541,7.676020140000048,51.950164342000051,0,05231106702100072350
05,5,62,004,2023,11,07,5,3,3,6,0,0,1,0,0,1,0,383623.074199999682605,5718300.405200000852346,7.319535447000021,51.603705275000038,1,05231102301911981920
05,5,66,036,2023,11,04,4,3,9,1,2,0,1,0,0,0,0,386876.450199999846518,5770511.508999999612570,7.349418384000046,52.073616054000070,1,05231101709300378430
05,5,66,008,2023,11,05,4,3,8,1,2,1,0,0,0,0,0,400093.623800000175834,5781049.179800000041723,7.539103458000056,52.170869456000048,1,05231101709110981955
05,5,66,012,2023,11,15,4,2,2,6,0,1,0,0,0,0,0,402723.670699999667704,5769385.355299999937415,7.580882570000028,52.066504785000063,1,05231101709110596523
05,5,58,036,2023,11,16,4,3,9,1,0,1,0,0,0,0,0,389879.853000000119209,5729129.830000000074506,7.406433262000064,51.702298616000064,0,05231101706300853164
05,5,58,040,2023,11,11,4,2,8,1,0,0,1,0,0,0,0,376953.190799999982119,5763469.167899999767542,7.207236607000027,52.008214237000061,0,05231101706000058240
05,5,54,020,2023,11,16,4,3,5,3,0,0,1,0,0,0,0,365251.969999999739230,5785996.908999999985099,7.027943529000027,52.207919972000070,1,05231101705000680985
05,5,15,000,2023,11,05,4,2,9,1,2,0,1,0,0,0,0,403998.657999999821186,5761396.214800000190735,7.601718746000074,51.994919025000058,1,05231101702100076723
05,5,62,004,2023,11,22,4,2,1,5,2,1,1,0,0,0,0,382876.251500000245869,5713112.219299999997020,7.310486964000063,51.556920652000031,0,05231101701800073591
05,5,13,000,2023,11,03,4,3,5,3,2,0,1,0,0,0,1,370289.186900000087917,5709777.664499999955297,7.130246166000063,51.524199643000031,1,05231101700000971535
05,5,13,000,2023,11,12,4,3,6,4,0,0,0,1,0,0,1,364619.335400000214577,5715086.857300000265241,7.046523553000043,51.570579682000073,0,05231101700000791370
05,5,62,008,2023,11,09,3,3,5,3,0,1,1,0,0,0,0,385075.118999999947846,5723624.840399999171495,7.338745820000042,51.651858181000080,0,05231107701910348786
05,5,70,008,2023,10,22,3,3,6,2,2,0,1,1,0,0,0,433939.709999999962747,5735296.267999999225140,8.042732389000037,51.764653088000045,1,05231031711300602633
05,5,66,016,2023,10,18,3,3,2,6,2,0,1,0,0,0,0,407021.786999999545515,5790036.637900000438094,7.637910727000076,52.252860423000072,1,05231031709500996580
05,5,54,020,2023,10,07,3,3,5,2,0,1,1,0,0,0,0,366877.127799999900162,5785604.695199999958277,7.051867146000063,52.204790701000036,1,05231031705000947520
05,5,54,008,2023,10,13,3,3,0,6,0,1,0,0,0,0,0,334687.667299999855459,5746783.405300000682473,6.599962211000047,51.847347802000058,1,05231031705000041534
05,5,15,000,2023,10,07,3,3,0,7,2,0,1,0,0,0,0,401351.007199999876320,5752623.323400000110269,7.565686808000066,51.915602473000035,0,05231031702330647873
05,5,15,000,2023,10,14,3,3,5,3,0,1,1,0,0,0,0,404389.894000000320375,5759062.469000000506639,7.608065875000023,51.974010057000044,0,05231031702100829632
05,5,15,000,2023,10,17,3,3,5,2,2,1,1,0,0,0,0,404393.658999999985099,5759063.542999999597669,7.608120370000051,51.974020358000075,1,05231031702100696692
05,5,15,000,2023,10,13,3,3,2,6,0,0,1,0,0,0,0,414331.962000000290573,5753938.885999999940395,7.754044963000069,51.929576275000045,1,05231031702100681934
05,5,15,000,2023,10,19,3,3,4,3,2,1,1,0,0,0,0,404667.103500000201166,5759988.525000000372529,7.611843043000022,51.982381396000051,1,05231031702100581074
05,5,15,000,2023,10,17,3,3,1,2,0,1,1,0,0,0,0,405019.896999999880791,5757700.723999999463558,7.617611551000039,51.961878196000043,1,05231031702000982018
05,5,62,024,2023,10,12,3,3,2,6,0,0,1,0,0,0,0,371289.073499999940395,5725602.761199999600649,7.138845621000030,51.666646137000043,0,05231031701500375472
05,5,62,020,2023,10,07,3,3,0,1,0,1,0,0,0,0,0,370592.770200000144541,5719825.306600000709295,7.130919374000030,51.614565856000070,1,05231031701200998911
05,5,13,000,2023,10,18,3,3,2,6,2,0,1,0,0,0,0,367246.192599999718368,5712930.019200000911951,7.085219275000043,51.551821652000058,1,05231031700000099220
05,5,13,000,2023,10,16,3,3,5,3,0,0,1,0,0,0,0,366832.352099999785423,5709321.673200000077486,7.080618656000070,51.519297293000079,1,05231031700000095174
05,5,13,000,2023,10,07,3,3,8,1,1,0,1,0,0,0,0,368963.333800000138581,5711133.866000000387430,7.110640788000069,51.536081470000056,1,05231031700000080913
05,5,66,056,2023,10,09,2,3,5,3,0,1,1,0,0,0,0,415643.344200000166893,5797746.827899999916553,7.762249003000022,52.323552264000057,1,05231030709700970261
05,5,66,072,2023,10,18,2,3,9,1,2,0,1,0,0,0,0,412941.924399999901652,5805205.428799999877810,7.720687374000022,52.390169579000030,1,05231030709700587282
05,5,66,028,2023,10,08,2,3,2,1,0,0,1,0,0,0,0,411644.243999999947846,5792376.650000000372529,7.704995744000030,52.274654780000049,1,05231030709700570261
05,5,66,076,2023,10,21,2,3,3,2,2,1,1,0,0,0,0,393651.218000000342727,5794099.025000000372529,7.440830852000033,52.286948206000034,1,05231030709500760714
05,5,66,076,2023,10,07,2,3,5,3,1,1,0,0,0,0,1,393344.331799999810755,5793993.273399999365211,7.436366904000067,52.285938324000028,0,05231030709500624206
05,5,66,076,2023,10,07,2,3,8,1,1,0,1,0,0,0,0,394964.355100000277162,5797960.297199999913573,7.458870363000074,52.321902932000057,0,05231030709500596542