ULAND,UREGBEZ,UKREIS,UGEMEINDE,UJAHR,UMONAT,USTUNDE,UWOCHENTAG,UKATEGORIE,UART,UTYP1,ULICHTVERH,IstRad,IstPKW,IstFuss,IstKrad,IstGkfz,IstSonstige,LINREFX,LINREFY,XGCSWGS84,YGCSWGS84,STRZUSTAND,UIDENTSTLAE
05,5,66,076,2023,10,10,2,3,0,1,0,1,0,0,0,0,0,393666.769100000150502,5794101.134800000116229,7.441058088000034,52.286970176000068,1,05231030709500061952
05,5,66,052,2023,10,14,2,3,8,1,0,0,0,0,1,0,0,379453.463800000026822,5781991.556399999186397,7.237096153000039,52.175215668000078,1,05231030709300481015
05,5,66,008,2023,10,15,2,3,5,2,0,0,1,0,0,0,0,400235.297299999743700,5780713.589099999517202,7.541273037000053,52.167878871000028,0,05231030709110987268
05,5,66,060,2023,10,14,2,3,3,6,0,1,1,0,0,0,0,393154.313500000163913,5782420.462300000712276,7.437239915000021,52.181893728000034,0,05231030709110696500
05,5,54,056,2023,10,17,2,3,5,3,2,1,1,0,0,0,0,357483.662999999709427,5762559.589999999850988,6.924135968000030,51.995384770000044,1,05231030705000991868
05,5,54,020,2023,10,20,2,3,4,2,2,0,1,0,1,0,0,364989.162999999709427,5786838.712999999523163,7.023764052000047,52.215419503000078,1,05231030705000982067
05,5,54,012,2023,10,17,2,3,9,1,2,0,1,0,0,0,0,347002.305399999953806,5744026.760700000450015,6.779816794000055,51.826091485000063,1,05231030705000691747
05,5,15,000,2023,10,14,2,3,5,3,0,0,1,0,0,0,0,404973.276300000026822,5759099.438300000503659,7.616546091000032,51.974442412000030,0,05231030702100670512
05,5,15,000,2023,10,17,2,3,2,6,2,0,1,0,0,0,0,399489.610799999907613,5761320.365000000223517,7.536088350000057,51.993439482000042,1,05231030702100664165
05,5,15,000,2023,10,09,2,3,5,3,0,1,1,0,0,0,0,403998.657999999821186,5761396.214800000190735,7.601718746000074,51.994919025000058,0,05231030702100576766
05,5,15,000,2023,10,18,2,3,0,3,2,1,0,0,0,0,1,406386.430999999865890,5757328.346000000834465,7.637596144000042,51.958762861000082,1,05231030702100081074
05,5,15,000,2023,10,20,2,3,0,2,2,1,1,0,0,0,0,405964.116000000387430,5757184.514000000432134,7.631491250000067,51.957398773000079,1,05231030702100076700
05,5,62,036,2023,10,17,2,3,3,5,2,0,1,0,0,0,1,388795.265599999576807,5719463.775800000876188,7.393819700000051,51.615206815000079,1,05231030701930577767
05,5,62,008,2023,10,12,2,2,0,1,0,0,0,0,1,0,0,385756.039499999955297,5723676.713700000196695,7.348567250000031,51.652463193000074,0,05231030701910577767
05,5,62,024,2023,10,20,2,3,5,2,2,1,1,0,0,0,0,370252.607699999585748,5725408.596200000494719,7.123939088000043,51.664662871000075,1,05231030701500781102
05,5,62,024,2023,10,21,2,3,5,2,2,0,1,0,0,0,0,369541.519999999552965,5725040.914000000804663,7.113800471000047,51.661194023000064,1,05231030701500299316
05,5,12,000,2023,10,16,2,3,5,2,1,0,1,0,1,0,0,356771.064000000245869,5712212.277000000700355,6.934524748000058,51.542810324000072,1,05231030701400982085
05,5,62,032,2023,10,00,2,2,8,7,2,0,1,0,0,0,0,372030.536100000143051,5721428.821200000122190,7.151088136000055,51.629305087000034,0,05231030701110085386
05,5,66,004,2023,10,19,2,3,0,6,2,0,1,0,0,0,1,390758.569799999706447,5768025.549699999392033,7.406833464000044,52.052053230000070,1,05231030709110479198
05,5,13,000,2023,10,15,2,3,2,6,1,0,1,0,0,0,0,368998.878800000064075,5708122.437400000169873,7.112272679000057,51.509026597000059,1,05231030700000173525
05,5,70,044,2023,11,10,4,3,3,6,0,1,0,0,0,0,0,416602.988900000229478,5759554.432900000363588,7.785703614000056,51.980399381000041,0,05231108711100048068
05,5,62,020,2023,11,14,2,3,5,2,0,1,1,0,0,0,0,371575.888100000098348,5717918.797000000253320,7.145809182000050,51.597657481000056,0,05231106701200697742
05,5,58,016,2023,11,20,7,2,6,2,2,0,1,1,0,0,0,381566.041000000201166,5743832.915500000119209,7.281165978000047,51.832746358000065,1,05231104706000065896
05,5,54,020,2023,10,00,1,3,8,1,2,0,1,0,0,0,0,363472.712000000290573,5785161.440099999308586,7.002257675000067,52.199975260000031,1,05231029705000982160
05,5,15,000,2023,10,02,1,3,5,3,2,1,1,0,0,0,0,406149.924599999561906,5757431.935599999502301,7.634126905000073,51.959654104000037,1,05231029702100982156
05,5,12,000,2023,10,22,1,3,2,6,2,0,1,0,0,0,0,358938.021999999880791,5719819.958000000566244,6.962697178000042,51.611718156000052,1,05231029701400982123
05,5,13,000,2023,10,03,1,3,1,7,2,0,1,0,0,0,0,368777.151999999769032,5710393.871999999508262,7.108233655000049,51.529388066000081,1,05231029700000499266
05,5,13,000,2023,10,11,1,2,0,1,0,0,0,0,1,0,0,365805.773799999617040,5716871.920700000599027,7.062950613000055,51.586904720000064,1,05231029700000292100
05,5,58,024,2023,11,12,7,2,8,1,0,0,1,0,0,0,0,385957.692499999888241,5738770.743499999865890,7.346538959000043,51.788164027000050,1,05231104706200885680
05,5,13,000,2023,10,20,1,3,7,7,2,0,0,1,1,0,0,368386.899400000460446,5712973.451700000092387,7.101646300000027,51.552479217000041,0,05231029700000279354
05,5,70,016,2023,10,21,7,3,8,1,2,0,1,0,0,0,0,414390.726300000213087,5738869.726700000464916,7.758633803000066,51.794127857000035,1,05231028711200982124
05,5,66,036,2023,10,15,7,3,0,1,0,0,0,0,1,0,0,388318.976999999955297,5768268.680999999865890,7.371190583000043,52.053752060000079,1,05231028709300187286
05,5,54,028,2023,10,09,7,3,5,3,0,1,1,0,0,0,0,358748.698300000280142,5743570.028500000014901,6.950335016000054,51.825080751000030,0,05231028705000991636
05,5,54,068,2023,10,18,7,1,4,6,2,0,1,0,1,1,0,350851.678999999538064,5762658.402599999681115,6.827566250000075,51.994531112000061,1,05231028705000591834
05,5,62,032,2023,10,16,7,3,2,6,0,0,1,0,0,0,0,377740.300099999643862,5717132.957800000905991,7.235038347000057,51.591966663000051,1,05231028702340605236
05,5,58,032,2023,10,01,7,3,9,6,2,0,1,0,0,0,0,390510.661899999715388,5751853.693700000643730,7.408379998000044,51.906659642000079,1,05231028702330982200
05,5,15,000,2023,10,02,7,3,0,7,2,0,0,0,0,0,1,405025.792999999597669,5757633.350999999791384,7.617715968000027,51.961273628000072,1,05231028702100691783
05,5,15,000,2023,10,15,7,3,0,3,0,1,1,0,0,0,0,405501.583999999798834,5756467.505999999120831,7.624959277000073,51.950875580000059,1,05231028702100096615
05,5,15,000,2023,10,16,7,3,2,7,0,0,1,0,0,0,0,403546.921199999749660,5759737.397900000214577,7.595607766000057,51.979930847000048,1,05231028702100087867
05,5,13,000,2023,10,12,7,3,0,1,0,0,0,0,1,0,0,365168.404000000096858,5707572.396500000730157,7.057319440000072,51.503182625000079,0,05231028700000771500
05,5,13,000,2023,10,11,7,3,0,1,0,0,0,0,1,0,0,364540.702499999664724,5713695.391100000590086,7.045925884000042,51.558056534000059,1,05231028700000495174
05,5,12,000,2023,11,18,4,3,2,6,2,0,1,0,0,0,0,360595.080099999904633,5709508.399599999189377,6.990703440000061,51.519470396000031,0,05231101701400147192
05,5,15,000,2023,11,16,6,3,0,1,0,1,0,0,0,0,0,404004.173999999649823,5756733.997899999842048,7.603103057000055,51.953014475000032,0,05231103702100062000
05,5,70,052,2023,11,14,7,3,8,1,0,0,0,0,0,0,1,434024.876099999994040,5755456.485200000926852,8.040117477000024,51.945901930000048,1,05231125711100581966
05,5,66,088,2023,11,11,7,3,5,3,0,0,1,0,0,0,1,423538.779000000096858,5784430.437999999150634,7.881089509000049,52.205010302000062,0,05231125709800980816
05,5,66,056,2023,11,23,7,3,8,1,2,0,1,0,0,0,0,416261.997200000099838,5801010.956199999898672,7.770510606000073,52.352986199000043,1,05231125709700268340
05,5,58,012,2023,11,14,7,3,5,3,0,1,1,0,0,0,0,374073.918999999761581,5755550.470000000670552,7.168214152000076,51.936407968000026,0,05231125706200357496
05,5,54,056,2023,11,22,7,2,4,1,2,0,1,0,0,0,0,354332.530000000260770,5763330.350500000640750,6.877943310000035,52.001492319000079,1,05231125705000795070
05,5,15,000,2023,11,11,7,2,3,6,0,1,0,0,0,0,0,405597.632100000046194,5756913.797100000083447,7.626233830000047,51.954903353000077,0,05231125702100176766
05,5,15,000,2023,11,22,7,3,9,1,2,0,0,0,0,0,1,401707.338499999605119,5757157.788599999621511,7.569570221000049,51.956422408000037,1,05231125702100091771
05,5,15,000,2023,11,10,7,3,0,7,0,0,1,1,0,0,0,397679.858500000089407,5753563.366200000047684,7.512049649000062,51.923389221000036,1,05231125702000350501
05,5,62,008,2023,11,09,7,3,8,7,0,0,1,0,0,0,0,384598.494599999859929,5721979.151100000366569,7.332402135000052,51.636969594000050,1,05231125701910789511
05,5,62,004,2023,11,15,7,3,5,3,1,0,1,0,0,0,0,384994.958499999716878,5717105.224199999123812,7.339728077000075,51.593245071000069,0,05231125701800131428
05,5,62,024,2023,11,11,7,3,5,2,0,0,1,0,0,0,0,372183.002199999988079,5725504.769300000742078,7.151800365000042,51.665969563000033,1,05231125701500985350
05,5,12,000,2023,11,13,7,3,2,6,0,0,1,0,0,0,0,360518.527800000272691,5709637.206299999728799,6.989549809000039,51.520608976000062,1,05231125701400980845
05,5,62,014,2023,11,14,7,3,2,6,0,0,1,0,0,0,0,360543.298100000247359,5714269.823400000110269,6.988071005000052,51.562244347000046,1,05231125701300980843
05,5,13,000,2023,11,13,7,3,2,6,0,0,1,0,0,0,0,366191.361200000159442,5709736.036000000312924,7.071228146000067,51.522869525000033,1,05231125700000299247
05,5,70,004,2023,11,20,6,3,5,3,2,0,1,0,0,0,1,423932.612999999895692,5734250.497999999672174,7.897977315000048,51.753981830000043,1,05231124711200886958
05,5,70,040,2023,11,10,6,3,5,3,0,0,1,0,0,0,0,418179.279699999839067,5746215.248600000515580,7.811819883000055,51.860725958000046,1,05231124711200190020
05,5,70,012,2023,11,11,6,3,5,3,0,1,1,0,0,0,0,439813.631400000303984,5753477.307700000703335,8.124674205000076,51.928765572000032,0,05231124711100095835
05,5,66,040,2023,11,17,6,3,6,2,2,0,1,1,0,0,0,421678.474000000394881,5781950.351999999955297,7.854445456000064,52.182455929000071,1,05231124709800887357
05,5,66,076,2023,11,19,6,3,2,6,2,0,1,0,0,0,0,393107.715699999593198,5793826.849999999627471,7.432952162000049,52.284396680000043,1,05231124709500270593
05,5,66,008,2023,11,14,6,3,0,1,0,1,0,0,0,0,0,397856.902999999932945,5781497.370999999344349,7.506273630000067,52.174488162000046,1,05231124709110080898
05,5,66,028,2023,11,20,6,3,9,1,2,0,1,0,0,0,0,415257.653400000184774,5794053.066999999806285,7.757521189000045,52.290291953000064,2,05231124709000781086
05,5,58,012,2023,11,22,6,3,5,2,2,1,1,0,0,0,0,374387.324000000022352,5753809.566999999806285,7.173406031000070,51.920834184000057,1,05231124706000568252
05,5,54,004,2023,11,07,6,3,6,2,2,0,1,1,0,0,0,364877.465300000272691,5772953.488399999216199,7.027653591000046,52.090628141000082,1,05231124705000980908
05,5,54,008,2023,11,20,6,3,8,5,2,0,1,0,0,0,0,333228.528800000436604,5745415.064999999478459,6.579458133000060,51.834621841000057,1,05231124705000391856
05,5,54,032,2023,11,15,6,3,5,3,0,0,1,0,1,0,0,327355.016699999570847,5745689.291300000622869,6.494158936000076,51.835300713000038,1,05231124705000172472
05,5,13,000,2023,11,16,6,3,2,6,1,0,1,0,0,0,0,366361.728000000119209,5709922.710000000894070,7.073611579000044,51.524587428000075,1,05231124702340254151
05,5,15,000,2023,11,09,6,3,5,2,0,1,1,0,0,0,0,406827.820299999788404,5751261.073200000450015,7.645660966000037,51.904301035000060,1,05231124702100980907
05,5,15,000,2023,11,07,6,3,0,6,2,1,0,0,0,0,0,403525.911899999715388,5758632.076300000771880,7.595612672000073,51.969992245000071,1,05231124702100980874
05,5,15,000,2023,11,22,6,3,0,2,2,0,1,0,0,0,1,406337.943400000222027,5751087.269899999722838,7.638589579000040,51.902656650000040,1,05231124702100474122
05,5,62,016,2023,11,06,6,3,5,2,2,0,1,0,0,0,1,374234.586400000378489,5738435.719000000506639,7.176779525000029,51.782640837000031,0,05231124701700680936
05,5,62,014,2023,11,13,6,3,1,6,0,0,1,0,1,0,0,361391.623800000175834,5713943.630899999290705,7.000430282000025,51.559522254000058,1,05231124701300598967
05,5,62,032,2023,11,18,6,3,4,6,2,0,1,0,0,0,0,375890.385300000198185,5714221.054300000891089,7.209375670000043,51.565392295000038,1,05231124701120275491
05,5,13,000,2023,11,21,6,3,5,2,2,0,1,0,0,0,0,362700.801400000229478,5716037.567600000649691,7.018486155000062,51.578659068000036,1,05231124700000763377
05,5,13,000,2023,11,15,6,3,2,6,0,0,1,0,0,0,0,367450.363599999807775,5708555.994300000369549,7.089808827000070,51.512561727000048,1,05231124700000499770
05,5,13,000,2023,11,14,7,3,2,6,0,0,1,0,0,0,0,365318.488400000147521,5715092.547399999573827,7.056603543000051,51.570798256000046,1,05231125700000457757
05,5,70,028,2023,11,18,5,3,6,2,2,0,1,1,0,0,0,441097.099100000225008,5742362.340600000694394,8.145235289000027,51.828977757000075,1,05231123711400980917
05,5,66,028,2023,11,11,5,3,5,3,0,1,1,0,0,0,0,410334.327999999746680,5792243.698499999940395,7.685837475000028,52.273247710000078,0,05231123709700981737
05,5,66,076,2023,11,13,5,2,4,6,0,0,1,0,0,1,0,391048.643799999728799,5793100.275800000876188,7.403013438000073,52.277462611000033,0,05231123709500536406
05,5,66,008,2023,11,17,5,3,4,2,2,0,1,0,0,0,0,400237.046000000089407,5780709.751000000163913,7.541299725000044,52.167844691000028,1,05231123709110980930
05,5,66,012,2023,11,14,5,3,8,1,0,0,0,0,0,0,1,407029.268199999816716,5771332.782999999821186,7.643144706000044,52.084748321000063,1,05231123709110379198
05,5,66,008,2023,11,07,5,3,2,6,2,0,1,0,1,0,0,397790.783900000154972,5780756.220599999651313,7.505530331000045,52.167814729000042,1,05231123709110342543
05,5,66,008,2023,11,10,5,2,5,3,0,1,1,0,0,0,0,399660.924999999813735,5781933.453999999910593,7.532516936000036,52.178738575000068,0,05231123709110096566
05,5,58,024,2023,11,18,5,3,6,2,2,0,1,1,0,0,0,391795.156299999915063,5736326.885900000110269,7.431900978000044,51.767358342000080,0,05231123706300185680
05,5,58,044,2023,11,08,5,3,8,1,1,0,1,0,0,0,0,394782.511300000362098,5747793.836400000378489,7.471692918000031,51.870993179000038,1,05231123706000964442
05,5,58,032,2023,11,21,5,3,2,3,2,0,1,0,0,0,0,389447.951500000432134,5752558.376800000667572,7.392712037000024,51.912783143000070,1,05231123706000387305
05,5,54,036,2023,11,14,5,3,3,6,0,0,1,0,0,0,0,370113.856700000353158,5771566.456499999389052,7.104569849000029,52.079418095000051,0,05231123705000589360
05,5,54,016,2023,11,14,5,3,2,6,0,0,1,0,0,0,0,367644.538999999873340,5755729.428999999538064,7.074675878000050,51.936524167000073,0,05231123705000018398
05,5,15,000,2023,11,18,5,3,5,2,2,1,1,0,0,0,0,405641.779000000096858,5756986.567999999970198,7.626856082000074,51.955564942000080,1,05231123702100191701
05,5,15,000,2023,11,19,5,2,3,6,2,0,1,0,0,0,0,404652.863800000399351,5760532.954099999740720,7.611484422000046,51.987272466000036,1,05231123702100079098
05,5,15,000,2023,11,11,5,3,5,2,0,1,0,0,0,0,1,403128.048000000417233,5758121.586999999359250,7.589966833000062,51.965334622000057,1,05231123702100072350
05,5,62,004,2023,11,07,5,3,2,6,0,0,1,0,0,0,0,383109.628600000403821,5715360.901799999177456,7.313103897000076,51.577179602000058,0,05231123701800795210
05,5,62,012,2023,11,15,5,3,2,6,0,0,1,0,0,0,0,359426.392500000074506,5724964.752599999308586,6.967679753000027,51.658070731000066,0,05231123701610851228
05,5,12,000,2023,11,19,5,3,5,2,2,0,0,0,0,0,1,360234.315600000321865,5711386.639799999073148,6.984761771000024,51.536259339000026,1,05231123701400773458
05,5,62,032,2023,11,18,5,3,6,2,2,0,1,1,0,0,0,375793.360299999825656,5714023.991299999877810,7.208046192000040,51.563599883000052,1,05231123701120485430
05,5,13,000,2023,11,14,5,3,2,6,0,0,1,0,0,0,0,362421.197399999946356,5711072.470599999651313,7.016396013000076,51.533973328000059,0,05231123700000981334
05,5,13,000,2023,11,16,5,3,6,7,2,0,0,1,0,0,1,367706.755300000309944,5713755.625199999660254,7.091547662000039,51.559349264000048,0,05231123700000781384
05,5,13,000,2023,11,21,5,3,6,2,2,0,1,1,0,0,0,368457.385999999940395,5707859.293199999257922,7.104572507000057,51.506535978000045,1,05231123700000591625
05,5,13,000,2023,11,16,5,3,2,6,1,0,1,0,0,0,1,368065.362999999895692,5717390.641599999740720,7.095352479000042,51.592099850000068,1,05231123700000071570
05,5,15,000,2023,11,19,6,3,6,7,2,1,0,1,0,0,0,405509.303999999538064,5754675.371500000357628,7.625564074000067,51.934768369000039,0,05231124702100248540
05,5,70,008,2023,11,12,4,3,5,3,0,1,1,0,0,0,0,433782.344999999739230,5735891.068900000303984,8.040338994000024,51.769981790000031,0,05231122711300980980
05,5,70,016,2023,11,07,4,3,2,6,1,0,1,0,0,0,1,407833.042500000447035,5745635.635700000450015,7.661770767000064,51.853902948000041,0,05231122711200691707
05,5,70,036,2023,11,14,4,3,5,2,0,1,1,0,0,0,0,434971.626899999566376,5759052.400299999862909,8.053208991000076,51.978339930000061,0,05231122711100980970
05,5,70,052,2023,11,16,4,3,2,6,1,1,1,0,0,0,0,430230.266200000420213,5755366.662900000810623,7.984936434000076,51.944631470000047,0,05231122711100976975
05,5,66,048,2023,11,15,4,3,5,3,0,1,1,0,0,0,0,427768.566599999554455,5796418.392100000753999,7.940409830000021,52.313340913000047,0,05231122709700734935
05,5,58,044,2023,11,07,4,3,5,3,1,1,1,0,0,0,0,398465.582299999892712,5746872.612199999392033,7.525441692000072,51.863395650000029,1,05231122706300974663
05,5,58,044,2023,11,07,4,3,1,6,1,0,1,0,0,0,0,396061.526999999769032,5745588.496999999508262,7.490927385000020,51.851411281000026,1,05231122706300394956
05,5,58,024,2023,11,14,4,3,5,3,0,0,1,0,1,0,0,388535.535000000149012,5737098.004000000655651,7.384435188000054,51.773649473000035,0,05231122706000980972
05,5,54,008,2023,11,09,4,3,8,1,0,0,1,0,0,0,0,336098.841099999845028,5743093.048900000751019,6.622178261000045,51.814611666000076,1,05231122705000095196
05,5,66,008,2023,11,14,6,3,4,2,0,0,1,0,1,0,0,399225.848000000230968,5780803.726999999955297,7.526491692000036,52.168505607000043,1,05231124709110576751
05,5,15,000,2023,11,19,4,3,0,6,2,1,0,0,0,0,0,407300.106999999843538,5757990.073000000789762,7.650710710000055,51.964863886000046,0,05231122702100780984
05,5,13,000,2023,11,14,4,2,6,4,0,0,0,1,0,0,1,363113.743900000117719,5711613.338700000196695,7.026164420000043,51.539002090000054,0,05231122700000398873
05,5,62,014,2023,11,16,6,3,5,2,0,0,1,0,0,0,0,360638.554299999959767,5716461.696200000122190,6.988574907000043,51.581964222000067,1,05231124701300394972
05,5,70,004,2023,11,14,3,3,5,3,0,0,1,0,0,0,0,419659.747800000011921,5734111.598099999129772,7.836119890000020,51.752136600000028,0,05231121711200491770
05,5,66,028,2023,11,16,3,3,4,5,0,0,1,0,0,0,0,412902.803100000135601,5791798.662399999797344,7.723586324000053,52.269660475000080,1,05231121709700981020
05,5,58,020,2023,11,11,3,3,5,3,0,1,1,0,0,0,0,391281.217400000430644,5760053.276300000026822,7.416984052000032,51.980505254000036,0,05231121706000427954
05,5,54,020,2023,11,15,3,3,5,3,0,1,1,0,0,0,0,365932.935300000011921,5782657.319700000807643,7.039224386000058,52.178078530000050,1,05231121705000980965
05,5,54,008,2023,11,07,3,3,2,6,1,0,1,0,0,0,0,334475.641900000162423,5745355.118799999356270,6.597570322000024,51.834454273000063,0,05231121705000395080
05,5,54,012,2023,11,12,3,3,0,1,0,1,0,0,0,0,0,351483.824900000356138,5746716.471200000494719,6.843644007000023,51.851467311000079,0,05231121705000209654
05,5,54,004,2023,11,14,3,3,5,3,0,1,1,0,0,0,0,363084.670300000347197,5772350.685499999672174,7.001743817000033,52.084771149000062,0,05231121705000089360
05,5,62,020,2023,11,21,3,2,5,3,2,0,1,0,0,0,0,371461.908999999985099,5719409.395300000905991,7.143618101000072,51.611027258000036,1,05231121702340976980
05,5,54,028,2023,11,18,3,3,7,1,2,0,1,0,0,0,1,360855.754200000315905,5741287.990299999713898,6.981805978000068,51.805103840000072,0,05231121702340003173
05,5,15,000,2023,11,14,3,3,3,6,0,0,1,0,0,1,0,405518.441999999806285,5754615.341000000014901,7.625713439000037,51.934230338000077,0,05231121702100787400
05,5,15,000,2023,11,14,3,3,5,2,0,1,1,0,0,0,0,405970.009999999776483,5756451.714999999850988,7.631777530000022,51.950813033000031,1,05231121702100491701
05,5,15,000,2023,11,07,3,3,0,2,1,1,1,0,0,0,0,405971.241000000387430,5756360.381599999964237,7.631820425000058,51.949992293000037,0,05231121702100045124
05,5,12,000,2023,11,14,3,3,5,3,0,1,1,0,0,0,0,354128.319000000134110,5711346.187999999150634,6.896800539000026,51.534351156000071,1,05231121701400796188
05,5,12,000,2023,11,16,3,3,2,6,1,0,1,0,0,0,0,357985.813299999572337,5709765.749800000339746,6.953016946000048,51.521132963000071,1,05231121701400081307
05,5,66,028,2023,11,10,2,3,2,2,0,0,1,0,0,0,0,412173.441999999806285,5792888.638000000268221,7.712616561000061,52.279341456000054,1,05231120709700296558
05,5,66,064,2023,11,15,2,2,2,6,0,0,1,0,1,0,0,397554.445100000128150,5771334.740100000053644,7.504913020000060,52.083093501000064,0,05231120709110279151
05,5,58,044,2023,11,06,2,3,2,6,2,0,1,0,0,0,0,399416.141999999992549,5738328.873999999836087,7.541723840000031,51.786774082000079,1,05231120706300785680
05,5,58,012,2023,11,19,2,2,5,3,2,0,1,0,0,0,0,373211.867999999783933,5754867.240000000223517,7.155933089000030,51.930072460000076,0,05231120706200981045
05,5,54,008,2023,11,16,2,3,0,2,0,1,0,0,0,0,0,335287.622000000439584,5745846.259999999776483,6.609110547000057,51.839106400000048,0,05231120705000991856
05,5,54,004,2023,11,13,2,3,0,4,0,1,0,1,0,0,0,363976.827999999746680,5772084.533999999985099,7.014862371000049,52.082599602000073,1,05231120705000981063
05,5,54,056,2023,11,16,2,3,8,1,0,0,1,0,0,0,0,362727.772599999792874,5762651.734099999070168,7.000432454000077,51.997533759000078,0,05231120705000887240
05,5,54,056,2023,11,18,2,3,2,3,2,0,1,0,1,0,0,356168.953599999658763,5761119.789599999785423,6.905603785000039,51.982109281000078,0,05231120705000396573
05,5,54,004,2023,11,19,2,2,8,1,2,0,1,0,0,0,0,360664.827100000344217,5767542.058900000527501,6.968412557000022,52.040960900000073,1,05231120705000081001
05,5,58,016,2023,11,01,2,3,2,6,2,0,1,0,0,0,0,386265.186099999584258,5748985.022700000554323,7.347637899000063,51.880027240000061,1,05231120702330391822
05,5,15,000,2023,11,13,2,3,1,6,0,0,1,0,0,0,0,406307.362999999895692,5751066.836999999359250,7.638150773000064,51.902467846000036,0,05231120702100995613
05,5,15,000,2023,11,17,2,3,2,6,2,1,1,0,0,0,0,405614.481800000183284,5757054.597400000318885,7.626440275000050,51.956171788000063,0,05231120702100900147
05,5,15,000,2023,11,14,2,3,5,2,0,1,1,0,0,0,0,405211.877999999560416,5750210.692999999970198,7.622467940000035,51.894587088000037,0,05231120702100242443
05,5,62,008,2023,11,15,2,3,5,3,0,0,1,0,0,0,0,384390.226200000382960,5723525.412799999117851,7.328882997000051,51.650824130000046,1,05231120701910185436
05,5,13,000,2023,11,07,2,3,2,6,1,0,1,0,0,0,1,368588.985199999995530,5707560.576099999248981,7.106578938000041,51.503882083000065,1,05231120700000589276
05,5,13,000,2023,11,17,2,2,5,2,2,0,1,0,0,0,1,366184.686999999918044,5709765.625000000000000,7.071120762000021,51.523133848000043,0,05231120700000071500
05,5,12,000,2023,11,16,6,3,2,6,2,0,1,0,0,0,0,354938.969999999739230,5712587.166200000792742,6.907968789000051,51.545711046000065,1,05231124702340981000
05,5,58,004,2023,11,18,1,3,5,2,2,0,1,0,0,0,0,405742.383999999612570,5739229.922000000253320,7.633168469000054,51.795974980000040,1,05231119706300694282
05,5,54,012,2023,11,08,1,3,0,1,0,1,0,0,0,0,0,352848.323599999770522,5745876.416400000452995,6.863798187000043,51.844280832000038,1,05231119705000981118
05,5,54,012,2023,11,13,1,3,8,1,0,0,0,0,1,0,0,351936.500099999830127,5743859.239600000903010,6.851434383000026,51.825915692000081,0,05231119705000981110
05,5,15,000,2023,11,16,1,2,0,3,2,1,1,0,0,0,0,404758.187900000251830,5759087.959799999371171,7.613418886000034,51.974302418000036,1,05231119702100681338
05,5,15,000,2023,11,05,1,3,9,1,2,0,1,0,0,0,0,403804.847199999727309,5759481.398600000888109,7.599433819000069,51.977674563000051,1,05231119702100474643
05,5,15,000,2023,11,19,1,3,1,6,2,0,1,0,0,0,0,405603.839999999850988,5754289.029699999839067,7.627044747000070,51.931311788000073,1,05231119702100382138
05,5,62,014,2023,11,11,1,3,8,1,0,0,1,0,0,0,0,359632.914099999703467,5717989.892699999734759,6.973458944000072,51.595446982000055,1,05231119701300294970
05,5,13,000,2023,11,18,1,3,0,2,2,1,1,0,0,0,0,368981.658300000242889,5711007.224799999967217,7.110951974000045,51.534947626000076,1,05231119700000871500
05,5,13,000,2023,11,10,1,2,8,1,0,0,1,0,0,0,0,365379.977300000376999,5709899.589999999850988,7.059477231000074,51.524146493000046,1,05231119700000081314
05,5,66,028,2023,11,08,4,3,5,3,0,0,1,0,0,0,1,411238.633999999612570,5793449.678999999538064,7.698770001000071,52.284234054000081,1,05231122709700091162
05,5,70,052,2023,11,19,7,3,6,2,2,0,1,1,0,0,0,430209.409400000236928,5756093.579900000244379,7.984485451000069,51.951163565000058,1,05231118711100981137
05,5,70,036,2023,11,17,7,3,6,2,2,0,1,1,0,0,0,434272.912999999709427,5761166.911000000312924,8.042632204000029,51.997266577000062,1,05231118711100591798
05,5,70,032,2023,11,19,7,3,5,3,2,0,1,0,0,0,0,420642.252000000327826,5765850.237999999895692,7.843045035000046,52.037584713000058,1,05231118711100096945
05,5,66,076,2023,11,18,7,3,6,2,2,0,1,1,0,0,0,393195.650000000372529,5793292.460999999195337,7.434410070000069,52.279611133000060,1,05231118709500096560
05,5,58,008,2023,11,19,7,2,3,6,2,0,1,0,0,0,0,381382.109400000423193,5758303.103900000452995,7.273519185000055,51.962751517000072,1,05231118706000981130
05,5,58,012,2023,11,17,7,3,5,2,2,1,1,0,0,0,0,374262.402999999932945,5754838.904999999329448,7.171214479000071,51.930056124000032,1,05231118706000093452
05,5,54,008,2023,11,14,7,3,8,1,0,0,1,0,0,0,0,329444.722699999809265,5746387.234699999913573,6.524114988000065,51.842212181000036,1,05231118705000380994
05,5,62,014,2023,11,17,7,3,2,6,2,0,1,0,0,0,0,360230.635800000280142,5713558.110400000587106,6.983846181000047,51.555771452000045,1,05231118702340805203
05,5,62,028,2023,11,23,7,3,5,2,2,0,1,0,0,0,0,381145.808000000193715,5721998.967000000178814,7.282526499000028,51.636428724000041,1,05231118701920370140
05,5,54,012,2023,11,11,5,3,0,5,0,0,1,0,1,0,0,351654.010499999858439,5746155.958900000900030,6.846353591000025,51.846476454000026,1,05231123705000189617