ULAND,UREGBEZ,UKREIS,UGEMEINDE,UJAHR,UMONAT,USTUNDE,UWOCHENTAG,UKATEGORIE,UART,UTYP1,ULICHTVERH,IstRad,IstPKW,IstFuss,IstKrad,IstGkfz,IstSonstige,LINREFX,LINREFY,XGCSWGS84,YGCSWGS84,STRZUSTAND,UIDENTSTLAE
05,5,13,000,2023,11,17,7,3,5,3,2,0,1,0,0,0,0,366307.008999999612570,5711261.705000000074506,7.072314972000072,51.536607473000061,1,05231118700000343401
05,5,66,008,2023,11,18,1,3,9,1,2,0,1,0,0,0,0,401519.339300000108778,5785207.545199999585748,7.558735741000021,52.208500384000047,1,05231119709110842392
05,5,62,004,2023,11,20,6,2,6,4,2,0,1,1,0,0,0,384878.572599999606609,5716972.931800000369549,7.338092032000077,51.592032282000048,1,05231124701800550770
05,5,15,000,2023,11,23,6,3,5,3,2,0,1,0,0,0,0,406047.685999999754131,5757310.862999999895692,7.632672519000039,51.958548582000049,1,05231124702100980860
05,5,70,008,2023,11,17,6,3,2,6,1,0,0,0,1,0,1,432910.591599999926984,5734523.677999999374151,8.027971091000040,51.757585109000047,0,05231117711300981186
05,5,66,068,2023,11,06,6,1,4,1,2,0,1,0,0,1,0,376463.006699999794364,5784113.745200000703335,7.192612963000045,52.193624656000054,0,05231117709300596691
05,5,66,068,2023,11,08,6,2,1,5,0,0,1,1,0,0,1,375795.451799999922514,5785913.657299999147654,7.182191697000064,52.209648924000078,0,05231117709300311912
05,5,66,052,2023,11,14,6,3,5,3,0,0,1,0,0,0,0,378111.495400000363588,5778642.212999999523163,7.218683461000069,52.144822445000045,0,05231117709000821110
05,5,58,032,2023,11,10,6,3,8,1,0,0,1,0,0,0,0,385893.801500000059605,5757389.546599999070168,7.339459817000034,51.955485443000043,1,05231117706000854102
05,5,58,012,2023,11,15,6,3,0,7,0,0,1,0,0,0,0,373214.576799999922514,5754563.578900000080466,7.156084337000038,51.927344254000047,0,05231117706000496540
05,5,54,048,2023,11,11,6,3,8,1,0,0,0,0,1,0,0,342343.678500000387430,5744901.021600000560284,6.711873567000055,51.832650846000035,0,05231117705000470142
05,5,54,020,2023,11,12,6,2,9,7,0,0,1,0,0,0,0,361871.600800000131130,5781087.012499999254942,6.980504601000064,52.162967345000027,1,05231117705000396520
05,5,13,000,2023,11,11,6,3,7,6,0,0,1,0,0,1,0,368035.054999999701977,5714940.976999999955297,7.095835821000037,51.570078521000028,0,05231117702340976996
05,5,15,000,2023,11,10,6,3,6,7,0,0,1,1,0,0,0,406197.834099999628961,5751297.674799999222159,7.636496395000052,51.904524316000050,0,05231117702100782138
05,5,15,000,2023,11,14,6,3,5,3,0,0,1,0,1,0,0,406963.497000000439584,5748793.735999999567866,7.648298249000050,51.882145761000061,0,05231117702100774470
05,5,15,000,2023,11,17,6,3,5,3,2,1,1,0,0,0,0,406154.416000000201166,5756694.427600000053644,7.634393702000068,51.953025795000030,0,05231117702100251184
05,5,62,008,2023,11,14,6,3,0,7,0,1,1,0,0,0,0,386019.061700000427663,5724139.607100000604987,7.352216725000062,51.656676962000063,0,05231117701910953358
05,5,62,012,2023,11,20,6,2,8,7,2,0,1,0,0,0,0,360502.629499999806285,5736136.905799999833107,6.978757799000050,51.758729812000070,1,05231117701610981176
05,5,62,024,2023,11,13,6,2,5,2,0,1,1,0,0,0,0,369955.322800000198185,5728474.674000000581145,7.118501125000023,51.692147777000059,1,05231117701500575472
05,5,62,024,2023,11,15,6,3,2,6,0,0,1,0,0,0,0,364649.752600000239909,5724381.322599999606609,7.043373142000064,51.654109993000077,0,05231117701500250783
05,5,12,000,2023,11,07,6,2,5,2,0,0,1,0,0,0,1,356050.673299999907613,5709580.367699999362230,6.925219236000032,51.518977300000074,1,05231117701400394972
05,5,12,000,2023,11,14,6,3,9,1,0,0,1,0,0,0,0,355412.878800000064075,5716424.921499999240041,6.913219952000077,51.580317451000042,0,05231117701400299330
05,5,62,032,2023,11,13,6,3,2,6,0,0,1,0,0,1,0,375521.482200000435114,5718255.839099999517202,7.202625512000054,51.601572299000054,0,05231117701110581333
05,5,62,032,2023,11,12,6,3,2,6,0,0,1,0,1,0,0,377331.261300000362098,5720474.411599999293685,7.227967360000036,51.621908269000073,0,05231117701110085430
05,5,13,000,2023,11,06,6,2,2,1,1,0,1,0,0,0,0,365510.510999999940395,5714164.821000000461936,7.059727660000021,51.562507112000048,1,05231117700000579550
05,5,13,000,2023,11,09,6,3,5,3,0,0,1,0,0,0,1,366552.077999999746680,5714542.824400000274181,7.074601606000044,51.566151470000079,1,05231117700000499294
05,5,13,000,2023,11,07,6,3,6,2,1,0,1,1,0,0,0,369010.497399999760091,5715943.103399999439716,7.109528821000026,51.579311804000042,0,05231117700000077662
05,5,13,000,2023,11,07,2,3,2,6,1,0,1,0,0,0,1,365115.961099999956787,5708963.986899999901652,7.056031962000077,51.515675687000055,1,05231120702340781318
05,5,66,084,2023,11,13,2,3,5,3,0,1,1,0,0,0,0,390085.684999999590218,5775028.264000000432134,7.394767434000073,52.114855706000071,0,05231120709300742420
05,5,70,020,2023,11,05,5,3,0,7,2,1,0,0,0,0,0,431659.257399999536574,5743042.717000000178814,8.008165062000046,51.834019336000040,1,05231116711400981278
05,5,70,008,2023,11,14,5,3,2,2,0,0,1,0,0,0,0,433805.969399999827147,5735744.905400000512600,8.040709177000053,51.768670567000072,0,05231116711300981244
05,5,66,028,2023,11,17,5,3,5,3,2,0,1,0,0,0,0,409261.663999999873340,5796664.380000000819564,7.668930120000027,52.312805182000034,1,05231116709700869525
05,5,54,036,2023,11,09,5,3,0,2,0,1,0,0,0,0,0,369214.309999999590218,5766767.906999999657273,7.093287946000032,52.036087139000074,1,05231116705000981260
05,5,66,088,2023,11,07,5,3,2,6,0,0,1,0,0,0,0,421001.382199999876320,5790651.400800000876188,7.842512383000042,52.260571235000043,0,05231116702350776656
05,5,58,044,2023,11,07,5,3,2,6,0,0,1,0,0,0,0,394007.256400000303984,5751320.699899999424815,7.459352902000035,51.902545433000057,1,05231116702330291321
05,5,13,000,2023,11,17,5,3,5,2,1,1,1,0,0,0,0,365626.497000000439584,5709881.654500000178814,7.063035421000052,51.524044023000044,0,05231116700000898875
05,5,13,000,2023,11,14,5,3,3,6,0,0,1,0,0,1,0,365298.770499999634922,5709880.976600000634789,7.058314490000043,51.523959861000037,0,05231116700000873493
05,5,13,000,2023,11,12,5,3,2,6,0,0,1,0,0,0,0,365479.995099999941885,5714341.694399999454618,7.059219992000067,51.564089302000070,0,05231116700000775468
05,5,15,000,2023,11,16,7,3,4,2,2,0,1,0,0,0,0,403207.760999999940395,5755252.723999999463558,7.591934776000073,51.939562270000067,1,05231118702100895613
05,5,70,008,2023,11,23,5,2,2,6,2,0,1,0,0,0,0,434410.507699999958277,5737372.382600000128150,8.049161430000026,51.783372849000045,0,05231116301911981230
05,5,70,020,2023,11,13,4,3,2,6,0,0,1,0,0,0,0,434035.860700000077486,5748314.216399999335408,8.041645230000029,51.881695449000063,1,05231115711400981315
05,5,66,092,2023,11,15,4,3,0,3,0,0,1,0,0,0,1,424574.565600000321865,5791368.535800000652671,7.894695558000024,52.267519060000041,1,05231115709700980606
05,5,66,028,2023,11,10,4,3,8,1,0,0,0,0,1,0,0,414208.763399999588728,5791272.890200000256300,7.742853897000032,52.265139941000029,1,05231115709700670498
05,5,66,028,2023,11,20,4,2,0,7,2,1,1,0,0,0,0,411304.346599999815226,5793403.994899999350309,7.699745091000068,52.283834045000049,1,05231115709700491697
05,5,66,060,2023,11,14,4,3,2,2,0,0,1,0,0,0,0,390304.968000000342727,5791363.642400000244379,7.392682112000045,52.261707592000050,1,05231115709500096560
05,5,66,084,2023,11,16,4,2,5,3,1,1,1,0,0,0,0,390001.856200000271201,5775781.422100000083447,7.393300274000069,52.121607848000053,1,05231115709300981305
05,5,66,012,2023,11,05,4,3,5,3,2,1,1,0,0,0,0,401047.565999999642372,5777771.505999999120831,7.554002857000057,52.141582094000057,1,05231115709110587268
05,5,54,004,2023,11,14,4,3,1,6,0,0,1,0,0,0,0,361869.366299999877810,5770654.481499999761581,6.984705187000031,52.069228383000052,1,05231115705000981310
05,5,54,020,2023,11,18,4,3,6,3,2,0,1,1,0,0,0,366262.343799999915063,5782715.067800000309944,7.044016281000040,52.178677369000070,1,05231115705000665795
05,5,54,020,2023,11,11,4,3,8,1,0,1,0,0,0,0,0,362379.185300000011921,5786859.000499999150634,6.985577311000043,52.214956086000029,1,05231115705000576688
05,5,54,032,2023,11,18,4,3,5,2,2,0,1,0,0,0,0,323755.974100000225008,5743970.701799999922514,6.442851373000053,51.818739952000044,1,05231115705000181498
05,5,62,016,2023,11,11,4,3,2,6,0,0,1,0,0,0,0,375163.672299999743700,5740820.903799999505281,7.189382739000052,51.804284023000037,1,05231115702330091822
05,5,15,000,2023,11,14,4,3,6,7,0,0,1,0,0,0,1,406939.529000000096858,5756954.990000000223517,7.645744344000036,51.955499792000069,1,05231115702100992507
05,5,15,000,2023,11,10,4,3,0,7,0,1,1,0,0,0,0,404320.620199999772012,5756416.250299999490380,7.607794862000048,51.950212971000042,0,05231115702100670611
05,5,62,004,2023,11,17,4,3,5,3,2,0,0,0,1,0,1,385310.850599999539554,5716105.741699999198318,7.344613007000021,51.584326287000067,1,05231115701800777640
05,5,62,004,2023,11,11,4,3,0,1,0,0,0,0,1,0,0,385326.390999999828637,5710295.072799999266863,7.346732368000062,51.532103814000038,1,05231115701800095103
05,5,62,012,2023,11,17,4,3,1,5,2,0,1,0,0,0,0,359322.969899999909103,5725525.409199999645352,6.965959910000038,51.663082810000049,1,05231115701610598980
05,5,62,012,2023,11,10,4,3,1,5,0,0,1,0,1,0,0,360239.676400000229478,5726316.125800000503659,6.978889325000068,51.670416815000067,1,05231115701610498894
05,5,62,014,2023,11,07,4,3,0,1,1,0,0,0,1,0,0,360256.713600000366569,5715459.251299999654293,6.983466257000032,51.572861673000034,1,05231115701300948200
05,5,62,014,2023,11,08,4,3,2,6,0,0,1,0,0,0,0,360108.566999999806285,5712880.732400000095367,6.982355942000027,51.549654232000080,1,05231115701300578150
05,5,13,000,2023,11,15,4,3,5,3,0,1,1,0,0,0,0,363011.441700000315905,5711327.643999999389052,7.024801388000071,51.536409927000079,1,05231115700000767055
05,5,13,000,2023,11,12,4,3,2,6,0,0,1,0,0,0,0,367242.745099999941885,5708975.975400000810623,7.086660429000062,51.516287220000038,0,05231115700000705127
05,5,58,012,2023,11,16,5,3,2,6,0,0,1,0,0,0,1,374878.887699999846518,5752711.123199999332428,7.180949267000074,51.911073638000062,1,05231123706000868252
05,5,54,008,2023,11,16,7,3,4,6,1,0,1,0,0,0,0,336908.906999999657273,5749283.359699999913573,6.631000813000071,51.870459369000059,1,05231125705000791733
05,5,54,064,2023,11,17,6,3,5,2,2,0,1,0,1,0,0,361774.508600000292063,5751327.410099999979138,6.991109072000029,51.895542615000068,1,05231124705000980880
05,5,70,044,2023,11,13,3,2,0,1,0,1,0,0,0,0,0,416647.716699999757111,5759179.272800000384450,7.786445849000074,51.977033789000075,0,05231114711100476704
05,5,70,036,2023,11,19,3,3,5,3,2,0,1,0,0,0,0,434877.844999999739230,5759422.317999999970198,8.051773545000060,51.981654416000026,1,05231114711100095835
05,5,66,076,2023,11,17,3,3,0,4,2,0,1,1,0,0,0,393566.061999999918044,5792018.752000000327826,7.440239514000041,52.268235896000078,0,05231114709500576680
05,5,58,016,2023,11,15,3,3,5,3,0,1,1,0,0,0,0,381964.112900000065565,5744531.155799999833107,7.286702205000040,51.839105837000034,1,05231114706000489266
05,5,54,044,2023,11,16,3,2,5,2,1,0,1,0,0,0,0,362215.539499999955297,5740973.064699999988079,7.001640918000021,51.802610723000043,1,05231114705000547430
05,5,58,016,2023,11,08,3,3,8,6,0,0,1,0,0,0,0,386215.305800000205636,5748966.039000000804663,7.346919813000056,51.879846450000059,1,05231114702330780973
05,5,15,000,2023,11,15,3,3,4,6,0,1,0,0,0,0,0,405147.469299999997020,5757342.315099999308586,7.619566693000024,51.958678450000036,0,05231114702100879098
05,5,15,000,2023,11,19,3,3,5,3,2,1,1,0,0,0,0,406370.100899999961257,5750933.710899999365211,7.639098573000069,51.901281780000033,1,05231114702100838624
05,5,15,000,2023,11,19,3,3,0,3,2,0,1,0,0,0,0,407044.504999999888241,5757870.224999999627471,7.647023867000030,51.963743950000037,1,05231114702100191783
05,5,15,000,2023,11,18,3,2,5,2,2,1,1,0,0,0,0,405057.497399999760091,5757473.458499999716878,7.618221454000036,51.959841865000044,1,05231114702100174772
05,5,15,000,2023,11,18,3,2,5,3,2,1,1,0,0,0,0,411762.733300000429153,5754364.753100000321865,7.716578893000076,51.933002952000038,1,05231114702100076702
05,5,62,004,2023,11,20,3,3,0,1,2,0,1,0,0,0,0,382944.449199999682605,5716918.116699999198318,7.310202025000024,51.591141082000036,1,05231114701800708377
05,5,62,004,2023,11,18,3,3,6,2,2,0,1,1,0,0,0,382729.733000000007451,5711320.089999999850988,7.308971836000069,51.540783034000071,1,05231114701800299542
05,5,62,020,2023,11,19,3,3,5,2,2,0,1,0,1,0,0,373561.742800000123680,5713311.272199999541044,7.176123932000053,51.556698718000064,1,05231114701200981354
05,5,62,020,2023,11,15,3,3,2,6,1,1,0,0,0,0,1,367804.792000000365078,5718571.603700000792742,7.091148030000056,51.602651585000046,1,05231114701200885430
05,5,13,000,2023,11,17,3,2,6,2,2,0,1,1,0,0,0,369699.951999999582767,5709020.454099999740720,7.122037372000023,51.517259059000025,1,05231114700000989657
05,5,13,000,2023,11,20,3,3,5,2,2,0,1,0,0,0,0,368458.196000000461936,5707837.812000000849366,7.104592184000069,51.506343120000054,1,05231114700000589276
05,5,13,000,2023,11,20,3,3,6,2,2,0,1,1,0,0,0,368458.605999999679625,5707860.633999999612570,7.104589576000023,51.506548312000064,1,05231114700000081335
05,5,13,000,2023,11,16,3,2,6,2,1,0,1,1,0,0,0,368952.763100000098348,5710855.459899999201298,7.110592087000043,51.533577041000058,1,05231114700000075256
05,5,12,000,2023,11,06,3,3,5,3,2,0,1,0,0,0,0,355558.223500000312924,5718265.076300000771880,6.914558924000062,51.596889670000053,1,05231121701400885474
05,5,66,076,2023,11,21,2,3,0,1,2,1,0,0,0,0,0,393661.928100000135601,5794100.478000000119209,7.440987350000057,52.286963337000032,1,05231113709500072448
05,5,66,076,2023,11,08,2,2,0,7,0,0,0,1,0,0,1,395514.300999999977648,5793952.943499999120831,7.468179939000038,52.285992715000077,1,05231113709500057453
05,5,66,024,2023,11,17,2,3,0,3,2,0,1,0,1,0,0,383948.485600000247359,5771173.630599999800324,7.306491283000071,52.078960630000040,1,05231113709300391781
05,5,58,024,2023,11,07,2,3,4,2,0,0,1,0,0,0,0,392175.594999999739230,5736410.288000000640750,7.437386172000060,51.768181356000071,1,05231113706300981447
05,5,58,016,2023,11,17,2,3,5,3,2,1,1,0,0,0,0,379736.258000000379980,5741844.039000000804663,7.255314312000053,51.814481245000081,1,05231113706000881061
05,5,54,020,2023,11,13,2,3,0,3,0,0,0,0,0,0,1,364778.331000000238419,5786895.164400000125170,7.020657414000027,52.215875032000042,1,05231113705000981432
05,5,54,004,2023,11,07,2,2,0,3,2,1,1,0,0,0,0,358098.976999999955297,5776304.839600000530481,6.927382155000032,52.119043389000069,0,05231113705000291823
05,5,54,048,2023,11,14,2,3,1,2,0,1,1,0,0,0,0,340634.197999999858439,5745194.187000000849366,6.686949923000043,51.834799538000027,1,05231113705000091776
05,5,62,032,2023,11,07,2,3,2,6,0,0,1,0,0,0,0,373964.439899999648333,5718693.572000000625849,7.179997831000037,51.605159927000045,1,05231113702340976938
05,5,62,014,2023,11,06,2,3,2,6,2,0,1,0,0,0,0,357062.538999999873340,5716512.366399999707937,6.936976670000035,51.581523973000060,1,05231113702340687398
05,5,13,000,2023,11,15,2,3,8,1,0,0,1,0,0,0,0,362640.921799999661744,5715576.711799999698997,7.017802751000033,51.574503126000081,1,05231113702340091792
05,5,15,000,2023,11,15,2,1,4,2,0,0,1,0,0,0,0,399752.786000000312924,5753675.604000000283122,7.542151042000057,51.924775146000059,1,05231113702100581011
05,5,15,000,2023,11,08,2,3,2,6,0,0,1,0,0,0,0,404638.421400000341237,5760751.398900000378489,7.611213424000027,51.989233442000057,1,05231113702100581010
05,5,15,000,2023,11,16,2,3,5,3,0,1,0,0,1,0,0,404388.851599999703467,5759062.439799999818206,7.608050712000022,51.974009615000057,1,05231113702100068373
05,5,62,032,2023,11,16,2,3,2,6,0,0,1,0,0,0,0,377710.062699999660254,5717039.015300000086427,7.234634794000044,51.591115809000030,1,05231113701120248735
05,5,13,000,2023,11,05,2,3,0,1,2,0,0,0,1,0,0,367097.764499999582767,5714493.194599999114871,7.082488831000035,51.565834338000059,1,05231113700000998946
05,5,13,000,2023,11,17,2,3,2,6,2,0,1,0,0,0,0,367498.925800000317395,5708337.671800000593066,7.090590297000062,51.510611117000053,1,05231113700000248340
05,5,13,000,2023,11,19,2,2,2,6,1,0,1,0,0,0,0,366285.481800000183284,5711253.690099999308586,7.072007810000059,51.536530348000042,1,05231113700000198905
05,5,13,000,2023,11,20,3,2,9,1,2,0,0,0,1,0,0,368098.977900000289083,5705161.880799999460578,7.100419349000049,51.482211365000069,1,05231121700000277747
05,5,58,036,2023,11,17,1,3,2,2,2,0,1,0,0,0,0,386377.677600000053644,5731161.976399999111891,7.355112327000029,51.719864758000028,0,05231112706300676683
05,5,54,004,2023,11,17,1,3,5,3,2,1,1,0,0,0,0,363046.240000000223517,5772330.414799999445677,7.001191442000049,52.084579504000033,0,05231112705000421215
05,5,13,000,2023,11,01,1,3,0,5,2,0,1,0,0,0,1,362834.293700000271201,5715630.541400000452995,7.020570443000054,51.575033934000032,0,05231112702340596656
05,5,62,016,2023,11,15,1,3,2,6,0,0,1,0,1,0,0,368900.502000000327826,5732112.433000000193715,7.101880677000054,51.724593059000028,0,05231112701700595098
05,5,62,032,2023,11,13,1,3,0,1,0,1,0,0,0,0,0,378867.433799999766052,5718352.069000000134110,7.250880679000034,51.603166756000064,1,05231112701110981500
05,5,62,032,2023,11,13,1,3,5,2,0,1,1,0,0,0,0,373833.436099999584258,5720938.385299999266863,7.177298951000068,51.625304724000046,0,05231112701110500000
05,5,13,000,2023,11,17,6,3,5,2,2,1,1,0,0,0,0,365411.821000000461936,5709899.695000000298023,7.059935929000062,51.524155026000074,1,05231117700000971516
05,5,62,024,2023,11,12,5,3,0,6,0,0,1,0,0,0,1,370523.955799999646842,5725605.193800000473857,7.127787496000053,51.666492216000051,0,05231116701500298870
05,5,70,008,2023,11,16,1,2,3,6,0,0,1,0,0,0,0,431234.350499999709427,5735144.836799999698997,8.003565761000061,51.762965987000030,0,05231112301911181828
05,5,66,028,2023,11,18,7,3,5,3,2,1,1,0,0,0,0,411238.633999999612570,5793449.678999999538064,7.698770001000071,52.284234054000081,1,05231111709700645600
05,5,66,076,2023,11,17,7,3,8,1,2,0,1,0,0,0,0,398213.241000000387430,5790112.812999999150634,7.508891827000070,52.251986067000075,1,05231111709500936097
05,5,58,020,2023,11,13,7,3,5,2,0,0,1,0,1,0,0,389128.442599999718368,5758161.781400000676513,7.386262496000029,51.963080166000054,0,05231111706000976254
05,5,54,008,2023,11,20,7,2,5,3,2,1,1,0,0,0,0,334335.302500000223517,5745608.127100000157952,6.595414236000067,51.836685515000056,0,05231111705000182336
05,5,62,012,2023,11,17,7,3,5,3,2,1,1,0,0,0,0,362295.401100000366569,5736271.446499999612570,7.004663692000065,51.760382444000072,1,05231111701610981515
05,5,62,024,2023,11,12,7,3,1,6,0,0,1,0,0,0,1,375091.306300000287592,5725575.012900000438094,7.193805778000069,51.667254877000062,1,05231111701500385386
05,5,62,024,2023,11,11,7,3,2,2,0,0,1,0,0,0,0,374333.171000000089407,5727056.096999999135733,7.182316077000053,51.680396232000078,1,05231111701500099315
05,5,62,014,2023,11,18,7,3,5,2,2,1,1,0,0,0,0,360180.679899999871850,5715567.048499999567866,6.982326900000032,51.573811491000072,0,05231111701300886111
05,5,62,014,2023,11,19,7,3,5,3,2,0,1,0,0,0,0,360778.262500000186265,5714868.528200000524521,6.991221421000034,51.567682416000082,1,05231111701300585474
05,5,62,032,2023,11,02,7,2,9,7,2,0,1,0,0,0,0,379242.034699999727309,5719963.529799999669194,7.255731974000071,51.617730031000065,1,05231111701110578345
05,5,13,000,2023,11,18,7,3,2,2,2,0,1,0,0,0,0,363001.242800000123680,5711343.955900000408292,7.024648080000077,51.536554036000041,1,05231111700000480952
05,5,62,032,2023,11,08,5,3,2,6,0,0,1,0,0,0,0,374764.574599999934435,5714531.468299999833107,7.193030775000068,51.567933137000068,0,05231123702340976973
05,5,62,004,2023,11,16,2,3,0,7,1,0,0,0,0,0,1,382850.983300000429153,5713355.296499999240041,7.310041650000073,51.559100116000081,1,05231120701800973323
05,5,13,000,2023,11,18,4,3,5,3,2,0,1,0,1,0,0,361833.035000000149012,5717349.369999999180436,7.005454363000069,51.590235078000035,1,05231115700000414020
05,5,58,020,2023,11,17,4,3,5,3,2,0,1,0,0,0,0,392830.792999999597669,5761760.187000000849366,7.439004344000068,51.996147400000041,1,05231122706200980960
05,5,66,020,2023,11,11,6,3,2,6,0,0,1,0,0,0,0,406487.237999999895692,5801324.564999999478459,7.626947006000023,52.354224764000037,1,05231110709700696558
05,5,66,028,2023,11,16,6,3,2,1,1,0,1,0,0,0,0,412459.546799999661744,5791724.961400000378489,7.717111267000064,52.268927641000062,1,05231110709700581018
05,5,66,076,2023,11,13,6,3,7,7,0,1,0,0,0,0,0,395374.148299999535084,5793955.715800000354648,7.466125158000068,52.285990966000043,1,05231110709500981576
05,5,66,008,2023,11,11,6,3,5,2,0,1,1,0,0,0,0,399090.220300000160933,5781291.195199999958277,7.524364298000023,52.172862049000059,0,05231110709110196547
05,5,66,068,2023,11,15,6,3,5,2,0,0,1,0,0,0,0,374893.529000000096858,5785655.293999999761581,7.169094258000030,52.207123249000063,1,05231110709000621110
05,5,58,044,2023,11,05,6,3,5,2,2,0,1,0,0,0,1,395590.620000000111759,5753186.705000000074506,7.481793362000076,51.919615936000071,1,05231110706300876683
05,5,58,044,2023,11,17,6,3,6,4,2,0,1,1,0,0,0,395494.380400000140071,5746255.621999999508262,7.482494426000073,51.857301522000057,1,05231110706300774761
05,5,54,068,2023,11,13,6,2,0,3,0,1,0,0,0,0,1,350739.290400000289083,5765636.289899999275804,6.824633052000024,52.021255641000039,1,05231110705000981580
05,5,66,088,2023,11,15,6,3,2,6,0,0,1,0,0,0,0,423233.218899999745190,5787006.303999999538064,7.876034601000072,52.228122017000032,1,05231110702350642440
05,5,13,000,2023,11,17,6,3,0,6,1,0,1,0,0,0,0,367843.898699999786913,5714888.015399999916553,7.093099128000063,51.569557802000077,1,05231110702340595694
05,5,62,016,2023,11,04,6,3,0,1,2,0,0,0,0,1,0,372248.213100000284612,5733174.277200000360608,7.149933142000066,51.734908225000027,1,05231110702340048320
05,5,15,000,2023,11,15,6,3,0,1,1,0,0,0,1,0,0,405599.180800000205636,5754308.661399999633431,7.626971615000059,51.931487457000060,1,05231110702100696667
05,5,15,000,2023,11,07,6,3,1,6,2,0,1,0,0,0,0,405972.618999999947846,5752311.448000000789762,7.632946998000023,51.913598688000036,1,05231110702100276643
05,5,62,036,2023,11,14,6,3,5,2,0,0,1,0,0,0,0,388797.812599999830127,5719411.937300000339746,7.393872921000025,51.614741393000031,1,05231110701930675477
05,5,62,028,2023,11,06,6,3,2,6,2,0,1,0,0,0,0,381161.176300000399351,5721986.115800000727177,7.282752831000039,51.636316472000033,1,05231110701920207992
05,5,62,012,2023,11,11,6,3,8,1,0,0,1,0,0,0,0,364855.199599999934435,5731377.779899999499321,7.043632211000045,51.717031006000070,0,05231110701620951228
05,5,62,024,2023,11,07,6,3,5,3,0,0,1,0,0,0,1,373597.185999999754131,5725672.156999999657273,7.172177256000055,51.667793765000056,0,05231110701500589938
05,5,12,000,2023,11,06,6,3,2,6,2,0,1,0,0,0,0,360159.048299999907613,5712209.218100000172853,6.983350435000034,51.543632463000051,1,05231110701400320373
05,5,12,000,2023,11,20,6,3,2,6,2,0,1,0,0,0,0,356717.705500000156462,5707944.080399999395013,6.935491613000067,51.504443431000027,1,05231110701400172178
05,5,62,020,2023,11,14,6,3,5,3,0,0,1,0,1,0,0,371549.583800000138581,5719684.827199999243021,7.144782673000066,51.613522529000079,1,05231110701200089940
05,5,62,020,2023,11,13,6,2,5,3,0,0,1,0,0,0,0,373561.076999999582767,5713313.762000000104308,7.176113438000073,51.556720945000052,1,05231110701200077703
05,5,62,032,2023,11,18,6,3,5,3,2,0,1,0,0,0,0,376132.730100000277162,5714680.762700000777841,7.212708292000059,51.569577091000042,1,05231110701120595014
05,5,13,000,2023,11,14,6,3,5,2,0,0,1,0,0,0,0,362699.196899999864399,5716037.769700000062585,7.018462935000059,51.578660494000076,1,05231110700000579550
05,5,13,000,2023,11,08,6,3,2,6,0,0,1,0,0,0,1,364608.951000000350177,5714820.106000000610948,7.046476586000040,51.568180057000063,1,05231110700000575782
05,5,13,000,2023,11,13,6,3,2,6,0,0,1,0,0,0,0,366720.120799999684095,5710821.576500000432134,7.078434522000066,51.532749896000041,1,05231110700000089260
05,5,66,028,2023,11,14,2,3,2,1,0,0,1,0,0,1,0,410901.383000000379980,5789240.808000000193715,7.694938689000026,52.246349243000054,1,05231113709700796558
05,5,70,028,2023,11,07,5,3,5,3,1,1,1,0,0,0,0,444702.122000000439584,5739607.571000000461936,8.197983402000034,51.804579909000040,1,05231109711400487327
05,5,66,028,2023,11,15,5,3,2,6,0,0,1,0,0,0,0,411472.883399999700487,5794598.879399999976158,7.701901182000029,52.294601086000057,1,05231109709700648421
05,5,66,076,2023,11,17,5,3,2,6,2,0,1,0,0,0,0,392458.564000000245869,5793192.410000000149012,7.423641837000048,52.278568254000049,0,05231109709500996580
05,5,58,044,2023,11,13,5,3,0,3,0,1,1,0,0,0,0,396145.832100000232458,5745918.045099999755621,7.492051927000034,51.854388974000074,0,05231109706300176678
05,5,58,016,2023,11,15,5,3,5,3,0,0,1,0,0,0,0,382102.957999999634922,5744734.537000000476837,7.288647260000062,51.840962993000062,0,05231109706100686168
05,5,54,020,2023,11,07,5,2,4,6,0,0,1,0,0,0,1,361480.125300000421703,5783003.983799999579787,6.974002361000032,52.180093377000048,1,05231109705000981631
05,5,54,004,2023,11,13,5,3,8,1,0,0,1,0,0,0,0,356586.596800000406802,5776811.090199999511242,6.905094767000037,52.123201717000029,0,05231109705000981618
05,5,62,014,2023,11,20,5,3,8,1,2,0,1,0,0,0,0,362395.508600000292063,5713801.520400000736117,7.014958592000028,51.558491013000037,1,05231109702340291821
05,5,15,000,2023,11,21,5,3,1,5,2,1,1,0,0,0,0,405428.299599999561906,5755334.712500000372529,7.624204877000068,51.940681069000050,1,05231109702100487222
05,5,15,000,2023,11,11,5,3,4,2,0,1,1,0,0,0,0,405032.356100000441074,5758075.273900000378489,7.617689256000062,51.965246927000067,1,05231109702100479182
05,5,15,000,2023,11,06,5,2,5,3,2,1,1,0,0,0,0,407196.410000000149012,5761116.721000000834465,7.648356134000039,51.992950423000082,1,05231109702100373310
05,5,15,000,2023,11,09,5,3,0,7,0,0,0,1,0,0,1,404098.162399999797344,5759191.659700000658631,7.603783978000024,51.975120998000079,0,05231109702000300967