ULAND,UREGBEZ,UKREIS,UGEMEINDE,UJAHR,UMONAT,USTUNDE,UWOCHENTAG,UKATEGORIE,UART,UTYP1,ULICHTVERH,IstRad,IstPKW,IstFuss,IstKrad,IstGkfz,IstSonstige,LINREFX,LINREFY,XGCSWGS84,YGCSWGS84,STRZUSTAND,UIDENTSTLAE
05,5,62,028,2023,11,10,5,3,6,4,0,0,1,1,0,0,0,379945.862900000065565,5722366.816099999472499,7.265069322000045,51.639479900000026,1,05231109701920108066
05,5,62,014,2023,11,06,5,3,6,2,2,0,1,1,0,0,0,361612.136900000274181,5716450.650399999693036,7.002621903000033,51.582104859000026,1,05231109701300291628
05,5,62,032,2023,11,06,5,3,6,2,2,0,1,1,0,0,0,375793.264200000092387,5714023.562500000000000,7.208044958000073,51.563596008000047,1,05231109701120885660
05,5,62,032,2023,11,08,5,3,2,6,0,0,1,0,0,0,0,375347.706899999640882,5719887.921900000423193,7.199537352000050,51.616201585000056,1,05231109701110889940
05,5,13,000,2023,11,12,5,3,6,7,0,0,1,1,0,0,0,364888.297000000253320,5718922.939999999478459,7.048925519000022,51.605116689000056,1,05231109700000175782
05,5,54,024,2023,12,16,3,3,6,4,1,1,0,1,0,0,0,370395.231599999591708,5776109.616399999707937,7.106945434000068,52.120308402000035,1,05231219705000420350
05,5,13,000,2023,12,13,3,3,2,1,0,0,1,0,0,1,1,363769.288099999539554,5713710.438799999654293,7.034799006000071,51.558005982000054,1,05231219702340241000
05,5,15,000,2023,12,16,3,3,6,4,2,1,0,1,0,0,0,407443.405600000172853,5758080.672599999234080,7.652771443000063,51.965702119000071,1,05231219702100574470
05,5,15,000,2023,12,13,3,3,0,2,0,0,1,0,0,0,0,404194.053999999538064,5754225.316999999806285,7.606564204000051,51.930498227000044,1,05231219702100381010
05,5,12,000,2023,12,19,3,3,6,2,2,0,1,1,0,0,0,357945.668999999761581,5709767.926200000569224,6.952437829000075,51.521142425000050,1,05231219701400681307
05,5,62,014,2023,12,05,3,3,5,3,2,1,1,0,0,0,0,361479.186800000257790,5713531.456900000572205,7.001855016000036,51.555839900000080,1,05231219701300785474
05,5,62,020,2023,12,15,3,3,5,3,2,1,1,0,0,0,0,371013.555700000375509,5718120.937699999660254,7.137620492000053,51.599345594000056,1,05231219701200080610
05,5,62,032,2023,12,22,3,3,5,3,2,1,1,0,0,0,0,376063.920300000347197,5716607.412799999117851,7.211036043000036,51.586877202000039,1,05231219701110978260
05,5,62,032,2023,12,07,3,3,6,4,2,0,1,1,0,0,0,379466.854899999685585,5719289.863199999555945,7.259209432000034,51.611723710000035,0,05231219701110085387
05,5,66,076,2023,12,15,2,2,4,6,0,0,1,0,0,0,0,397709.366700000129640,5787595.192099999636412,7.502275224000073,52.229265474000044,0,05231218709500279180
05,5,66,080,2023,12,11,2,3,2,6,0,0,1,0,0,0,0,404682.873399999924004,5781705.769899999722838,7.606003958000031,52.177582694000080,0,05231218709110881140
05,5,58,012,2023,12,17,2,3,0,2,2,1,1,0,0,0,0,376544.506199999712408,5753226.079399999231100,7.204967066000052,51.916073042000050,0,05231218706100981082
05,5,58,016,2023,12,18,2,2,4,2,2,0,1,0,1,0,0,382780.524000000208616,5742314.678899999707937,7.299297435000028,51.819357763000028,0,05231218706100496582
05,5,66,012,2023,12,05,2,3,1,1,2,0,1,0,0,1,0,406931.613400000147521,5771078.838899999856949,7.641789224000036,52.082449385000075,0,05231218702350705180
05,5,62,014,2023,12,16,2,3,2,1,2,0,1,0,0,0,0,361158.690999999642372,5713747.489600000903010,6.997149644000046,51.557702413000072,0,05231218702340979892
05,5,15,000,2023,12,09,2,3,5,7,0,1,0,0,0,0,0,405912.152599999681115,5757914.010099999606609,7.630535431000055,51.963947021000081,0,05231218702100092507
05,5,15,000,2023,12,13,2,3,0,7,0,0,1,1,0,0,0,405564.664200000464916,5756753.285199999809265,7.625798336000059,51.953455004000034,0,05231218702000281010
05,5,62,012,2023,12,08,2,3,6,4,1,0,1,1,0,0,0,362718.715200000442564,5731477.783999999985099,7.012684773000046,51.717410802000074,0,05231218701610798895
05,5,13,000,2023,12,10,2,3,0,2,0,0,1,0,0,0,1,365062.527999999932945,5716348.223999999463558,7.052430043000072,51.582021084000075,0,05231218700000092100
05,5,54,044,2023,12,07,2,2,2,2,1,0,1,0,0,1,0,364661.615100000053644,5741090.248099999502301,7.037049197000044,51.804261105000080,0,05231218705000096108
05,5,70,004,2023,12,00,1,3,9,7,2,0,1,0,0,0,1,420603.808699999935925,5734442.238600000739098,7.849717886000064,51.755243512000050,0,05231217711200090740
05,5,15,000,2023,12,12,1,3,0,1,0,0,0,0,0,0,1,403921.450699999928474,5758096.157400000840425,7.601518697000074,51.965243745000066,1,05231217702100979932
05,5,62,008,2023,12,05,1,3,2,6,2,0,1,0,0,0,0,383534.084499999880791,5719729.211500000208616,7.317776336000065,51.616528532000075,1,05231217701910999310
05,5,70,004,2023,12,22,7,3,7,7,2,0,1,0,0,0,1,430291.827399999834597,5738705.358300000429153,7.989195571000039,51.794858167000029,0,05231216711200781147
05,5,70,004,2023,12,19,7,2,7,1,2,0,1,1,0,0,0,424148.404900000430644,5735011.312799999490380,7.900936923000074,51.760850573000027,0,05231216711200596543
05,5,66,020,2023,12,19,7,3,8,1,2,0,1,0,0,0,0,402427.867200000211596,5802608.059200000017881,7.566989661000036,52.365052837000064,0,05231216709700496644
05,5,66,068,2023,12,15,7,3,5,3,0,0,1,0,0,0,0,375600.333999999798834,5786418.471000000834465,7.179152075000047,52.214141216000030,0,05231216709300674704
05,5,66,004,2023,12,16,7,3,2,1,2,0,1,0,0,0,0,397244.366000000387430,5763425.973999999463558,7.502767346000041,52.011953558000073,0,05231216709110474686
05,5,58,012,2023,12,14,7,3,1,6,0,0,1,0,0,0,0,374495.281999999657273,5753322.039000000804663,7.175152733000061,51.916477348000058,0,05231216706200979948
05,5,54,004,2023,12,16,7,3,5,3,1,0,1,0,0,0,0,361848.362800000235438,5770640.276900000870228,6.984404705000031,52.069095513000036,0,05231216705000978315
05,5,54,020,2023,12,18,7,3,2,6,2,0,1,0,0,0,0,365234.366499999538064,5786777.630400000140071,7.027375260000042,52.214930686000059,1,05231216705000096520
05,5,62,020,2023,12,00,7,3,8,6,2,0,1,0,0,0,0,370939.077100000344217,5715320.184000000357628,7.137575481000056,51.574158617000080,0,05231216702340979963
05,5,62,028,2023,12,20,7,3,5,2,2,0,1,0,0,0,0,381167.837899999693036,5721980.545199999585748,7.282850937000035,51.636267813000075,1,05231216701920077767
05,5,13,000,2023,12,08,7,3,5,3,1,0,1,0,0,0,1,368606.453900000080466,5709628.369300000369549,7.106059772000037,51.522468973000059,0,05231216700000668362
05,5,13,000,2023,12,12,7,3,5,3,0,0,1,0,0,0,0,368189.540300000458956,5708810.181399999186397,7.100359844000025,51.515018977000068,0,05231216700000175760
05,5,13,000,2023,12,13,7,3,3,2,0,1,1,0,0,0,0,368039.359500000253320,5707498.444599999114871,7.098687642000073,51.503195657000049,0,05231216700000073493
05,5,70,028,2023,12,13,6,3,5,3,0,1,1,0,0,0,0,441097.802000000141561,5742573.448999999091029,8.145209558000033,51.830875741000057,1,05231215711400102811
05,5,70,048,2023,12,10,6,3,0,7,0,1,0,0,0,0,0,448393.529000000096858,5731682.367000000551343,8.252694503000043,51.733680927000080,1,05231215711300979982
05,5,70,040,2023,12,14,6,3,4,2,0,0,1,0,0,0,0,419809.669599999673665,5745246.123700000345707,7.835715561000029,51.852250882000078,1,05231215711200087304
05,5,66,060,2023,12,21,6,3,1,6,2,0,1,0,0,0,0,389375.251000000163913,5789442.189999999478459,7.379694682000036,52.244253359000027,0,05231215709500670593
05,5,66,064,2023,12,19,6,3,2,1,2,0,1,0,0,0,0,392917.328999999910593,5770244.750000000000000,7.437607875000026,52.072419662000073,1,05231215709110476751
05,5,66,008,2023,12,11,6,3,2,1,0,0,1,0,0,0,0,400113.383799999952316,5781002.354800000786781,7.539406084000063,52.170452181000030,0,05231215709110196500
05,5,58,032,2023,12,14,6,3,2,6,0,0,1,0,0,0,0,385537.859000000171363,5755639.474999999627471,7.334865026000045,51.939683987000080,0,05231215706100272374
05,5,58,012,2023,12,14,6,3,2,1,0,0,1,0,0,0,0,375004.810300000011921,5755833.792199999094009,7.181645023000044,51.939163913000073,0,05231215706000979976
05,5,58,032,2023,12,08,6,3,4,6,0,0,1,0,0,0,0,386622.304800000041723,5755282.639100000262260,7.350751504000073,51.936699010000041,1,05231215706000385358
05,5,54,048,2023,12,23,6,2,0,7,2,1,0,0,0,0,0,339874.015700000338256,5745509.456900000572205,6.675780447000022,51.837414459000058,1,05231215705000979964
05,5,54,012,2023,12,09,6,3,3,6,0,0,1,0,0,0,0,346529.293999999761581,5743439.637000000104308,6.773218625000027,51.820686789000035,1,05231215705000087245
05,5,54,020,2023,12,12,6,3,5,2,0,1,1,0,0,0,0,365258.358400000259280,5786239.802200000733137,7.027940299000022,52.210104005000062,0,05231215705000021120
05,5,62,032,2023,12,18,6,3,8,1,2,0,1,0,0,0,0,378261.145800000056624,5717373.332699999213219,7.242470151000020,51.594239784000081,0,05231215702340979993
05,5,15,000,2023,12,06,6,3,3,6,2,0,1,0,0,1,0,402022.442099999636412,5746168.716299999505281,7.577279166000039,51.857704711000054,1,05231215702330096656
05,5,15,000,2023,12,20,6,3,4,6,2,1,0,0,0,0,0,401240.725700000301003,5756019.869100000709295,7.563109017000045,51.946111883000071,0,05231215702100974756
05,5,15,000,2023,12,15,6,3,6,7,0,0,1,1,0,0,0,407353.865000000223517,5756877.514000000432134,7.651793021000060,51.954872579000039,0,05231215702100591806
05,5,15,000,2023,12,13,6,3,2,6,0,0,1,0,0,0,0,405124.969700000248849,5759107.598899999633431,7.618751581000026,51.974541681000062,0,05231215702100168387
05,5,62,014,2023,12,17,6,3,0,7,2,1,0,0,0,0,0,357176.895600000396371,5714101.244500000029802,6.939606112000035,51.559887111000080,0,05231215701300499235
05,5,13,000,2023,12,12,6,3,2,6,0,0,1,0,0,0,1,365032.131400000303984,5718039.582499999552965,7.051341182000044,51.597213006000061,0,05231215700000972394
05,5,13,000,2023,12,15,6,3,6,4,0,0,1,1,0,0,0,362901.520100000314415,5711272.004499999806285,7.023239142000023,51.535883248000061,0,05231215700000079354
05,5,66,028,2023,12,13,5,2,5,7,0,0,1,0,0,0,1,412439.746500000357628,5791623.000600000843406,7.716847640000026,52.268008035000037,0,05231214709700169050
05,5,58,024,2023,12,17,5,3,5,3,2,0,1,0,1,0,0,393902.251000000163913,5735665.021999999880791,7.462627036000072,51.761812737000071,0,05231214706300060644
05,5,12,000,2023,12,09,5,3,2,6,0,0,1,0,0,0,0,356360.265499999746680,5714319.014699999243021,6.927744542000028,51.561636572000054,0,05231214702340854151
05,5,13,000,2023,12,17,5,3,1,6,1,0,1,0,0,1,0,370751.600999999791384,5715247.129000000655651,7.134898511000074,51.573459132000039,1,05231214702340791792
05,5,15,000,2023,12,07,5,3,8,1,2,1,0,0,0,0,0,400337.509499999694526,5756826.280500000342727,7.549738434000062,51.953198950000058,1,05231214702100876646
05,5,62,016,2023,12,12,5,3,3,2,0,1,0,0,0,0,1,375100.560600000433624,5734400.078800000250340,7.190777554000022,51.746567186000050,1,05231214701700379216
05,5,13,000,2023,12,20,5,3,6,4,2,0,0,1,0,0,1,367528.594999999739230,5709431.722999999299645,7.090606413000046,51.520449991000078,0,05231214700000589276
05,5,13,000,2023,12,11,5,3,2,7,0,0,1,0,0,0,0,368089.519999999552965,5707867.904999999329448,7.099271754000029,51.506527622000078,0,05231214700000448580
05,5,13,000,2023,12,10,5,3,2,6,0,0,1,0,0,0,0,365295.378200000151992,5715116.190700000151992,7.056261215000063,51.571005204000073,0,05231214700000378353
05,5,70,040,2023,12,17,4,2,2,6,2,0,1,0,0,0,0,411754.197200000286102,5748897.292199999094009,7.717855198000052,51.883855448000077,1,05231213711200596600
05,5,70,040,2023,12,13,4,2,4,1,0,0,1,0,0,0,0,417703.807500000111759,5748435.123199999332428,7.804387708000036,51.880610926000031,1,05231213711200491106
05,5,70,004,2023,12,10,4,2,5,2,0,0,1,0,0,0,0,422956.456000000238419,5736142.050000000745058,7.883418730000074,51.770852732000037,1,05231213711200396601
05,5,70,044,2023,12,07,4,3,6,7,1,0,1,1,0,0,0,416602.673200000077486,5759394.923599999397993,7.785737790000042,51.978965509000034,1,05231213711100945697
05,5,66,044,2023,12,13,4,3,2,6,0,0,1,0,0,0,0,425591.809600000269711,5779478.750299999490380,7.912213683000061,52.160780312000043,1,05231213709800087278
05,5,66,076,2023,12,07,4,3,5,2,2,1,1,0,0,0,0,393177.269000000320375,5793374.716000000014901,7.434114679000061,52.280346800000075,1,05231213709500051487
05,5,66,080,2023,12,16,4,3,5,2,2,0,1,0,0,0,0,407292.604899999685585,5780120.067999999970198,7.644592344000046,52.163774841000077,1,05231213709110980040
05,5,66,008,2023,12,07,4,3,6,4,2,0,1,1,0,0,0,399752.635700000450015,5781996.772800000384450,7.533839035000028,52.179324341000040,1,05231213709110596848
05,5,54,012,2023,12,15,4,3,5,3,0,1,1,0,0,0,0,352219.794099999591708,5745993.075400000438094,6.854630861000032,51.845163006000064,0,05231213705000682366
05,5,54,056,2023,12,17,4,3,8,7,2,0,1,0,0,0,0,365110.469899999909103,5763674.568700000643730,7.034714976000032,52.007308504000036,1,05231213705000091110
05,5,62,014,2023,12,06,4,3,3,6,2,0,1,0,0,1,0,360222.470399999991059,5713574.783900000154972,6.983721848000073,51.555919258000074,1,05231213702340980060
05,5,62,012,2023,12,21,4,3,2,1,2,0,1,0,0,0,0,356787.970099999569356,5724557.561200000345707,6.929728553000075,51.653745828000069,1,05231213702340387398
05,5,15,000,2023,12,17,4,3,5,2,1,1,1,0,0,0,0,405970.009999999776483,5756451.714999999850988,7.631777530000022,51.950813033000031,0,05231213702100978331
05,5,15,000,2023,12,11,4,3,1,6,0,0,1,0,0,0,1,406292.066800000146031,5751099.074599999934435,7.637919741000076,51.902755044000060,1,05231213702100780425
05,5,15,000,2023,12,08,4,3,2,6,0,0,1,0,0,0,1,406218.665699999779463,5757517.240199999883771,7.635103751000031,51.960432460000050,1,05231213702100078293
05,5,62,036,2023,12,23,4,2,5,3,2,0,1,0,0,0,0,388740.264000000432134,5719985.471000000834465,7.392859970000075,51.619884946000070,1,05231213701930081000
05,5,62,008,2023,12,07,4,3,6,2,1,0,0,1,0,0,1,384959.522499999962747,5722825.584400000050664,7.337338491000025,51.644651057000033,1,05231213701910549578
05,5,62,024,2023,12,16,4,3,2,2,0,0,1,0,0,0,1,366402.953099999576807,5724596.141000000759959,7.068619761000036,51.656459821000055,1,05231213701500386130
05,5,13,000,2023,12,09,4,3,5,3,0,0,1,0,0,0,0,368824.175999999977648,5708854.164000000804663,7.109484418000022,51.515561955000067,1,05231213700000499266
05,5,70,028,2023,12,18,3,3,5,3,2,1,1,0,0,0,0,441472.609199999831617,5742616.437699999660254,8.150640853000027,51.831301619000044,1,05231212711400980070
05,5,15,000,2023,12,20,4,3,6,2,2,0,1,1,0,0,0,404193.269600000232458,5754222.321900000795722,7.606553633000033,51.930471171000079,1,05231213702100651184
05,5,70,048,2023,12,17,3,3,5,3,2,1,1,0,0,0,0,448877.745500000193715,5729127.704600000753999,8.260080754000057,51.710757265000041,1,05231212711300502925
05,5,70,044,2023,12,07,3,3,2,2,2,0,1,0,0,0,0,417485.267099999822676,5760552.567700000479817,7.798306768000032,51.989503351000053,1,05231212711100690660
05,5,62,028,2023,12,18,7,3,5,3,2,0,1,0,0,0,1,381145.808000000193715,5721998.967000000178814,7.282526499000028,51.636428724000041,1,05231216701920060936
05,5,66,028,2023,12,16,3,3,2,1,1,0,1,0,0,0,0,412709.827999999746680,5792827.855000000447035,7.720492645000036,52.278880561000051,0,05231212709700091162
05,5,66,012,2023,12,17,3,3,2,2,2,0,1,0,0,0,0,403787.974999999627471,5772284.946000000461936,7.595586277000052,52.092752589000042,1,05231212709110980071
05,5,58,024,2023,12,07,3,3,5,3,2,0,1,0,0,0,0,394585.125400000251830,5736907.641699999570847,7.472141085000032,51.773110517000077,1,05231212706300072173
05,5,58,044,2023,12,14,3,3,0,3,0,1,1,0,0,0,0,395789.066899999976158,5746291.812699999660254,7.486760983000067,51.857681912000032,1,05231212706000980074
05,5,54,004,2023,12,09,3,3,0,1,0,1,0,0,0,0,0,357163.201000000350177,5777228.246999999508262,6.913336302000062,52.127099069000053,1,05231212705000601327
05,5,54,056,2023,12,14,3,3,0,2,0,1,1,0,0,0,0,356882.290000000037253,5762802.921000000089407,6.915281157000038,51.997416450000060,0,05231212705000321164
05,5,54,068,2023,12,22,3,2,8,1,2,0,1,0,0,0,0,355705.583599999547005,5774987.229800000786781,6.893007828000066,52.106585634000055,1,05231212705000191695
05,5,54,060,2023,12,12,3,3,2,6,0,0,1,0,0,0,0,347681.953200000338256,5753740.874600000679493,6.785386771000049,51.913553142000069,0,05231212705000091738
05,5,58,004,2023,12,06,3,2,2,6,2,0,1,0,0,1,0,406390.681200000457466,5734946.347200000658631,7.643721597000024,51.757579763000081,1,05231212702330891822
05,5,15,000,2023,12,13,3,3,4,7,0,0,1,0,0,0,1,400279.906399999745190,5756849.846200000494719,7.548893661000022,51.953400436000038,1,05231212702100768126
05,5,15,000,2023,12,15,3,3,2,6,2,0,1,0,0,0,0,405957.525999999605119,5758975.330800000578165,7.630904927000074,51.973494313000060,1,05231212702100592507
05,5,15,000,2023,12,09,3,3,5,3,0,1,0,0,0,0,1,406630.883999999612570,5758715.395999999716878,7.640775564000023,51.971271436000052,0,05231212702100568373
05,5,15,000,2023,12,13,3,3,1,6,0,0,1,0,0,1,0,407044.504999999888241,5757870.224999999627471,7.647023867000030,51.963743950000037,0,05231212702100265385
05,5,62,008,2023,12,11,3,3,5,3,0,0,1,0,0,1,0,384046.245400000363588,5721100.228499999269843,7.324716695000063,51.628956549000065,0,05231212701910799274
05,5,62,008,2023,12,17,3,3,6,2,2,0,1,1,0,0,0,386023.589100000448525,5724053.815099999308586,7.352310116000069,51.655906802000061,1,05231212701910185415
05,5,62,004,2023,12,18,3,3,5,3,2,0,1,0,0,0,1,383241.086000000126660,5718119.312999999150634,7.314082456000051,51.601998608000031,1,05231212701800695117
05,5,62,004,2023,12,18,3,3,2,6,2,0,1,0,0,0,0,383226.815000000409782,5718072.825999999418855,7.313891967000075,51.601577839000072,1,05231212701800195117
05,5,62,004,2023,12,17,3,3,6,2,2,0,1,1,0,0,0,382627.737599999643862,5711985.766499999910593,7.307279726000047,51.546744755000077,1,05231212701800077640
05,5,62,014,2023,12,10,3,3,5,3,0,0,1,0,0,0,1,361385.502000000327826,5713962.759999999776483,7.000334485000053,51.559692646000030,0,05231212701300980088
05,5,62,032,2023,12,20,3,3,5,3,2,0,1,0,0,0,0,376061.066300000064075,5719153.651200000196695,7.210095247000027,51.609760095000070,1,05231212701110689665
05,5,13,000,2023,12,11,3,3,2,7,0,0,1,0,0,0,0,368799.173399999737740,5707120.855100000277162,7.109769185000061,51.499979220000057,0,05231212700000575481
05,5,70,004,2023,12,16,2,3,5,3,1,0,1,0,0,0,0,425843.179999999701977,5735754.748999999836087,7.925330218000056,51.767760878000047,1,05231211711200194426
05,5,66,020,2023,12,14,2,3,8,1,0,0,1,0,0,0,0,408581.841400000266731,5812376.755799999460578,7.654674138000075,52.453913644000068,1,05231211709700996644
05,5,66,020,2023,12,19,2,3,8,1,2,0,1,0,0,0,0,402544.105100000277162,5802738.755699999630451,7.568658261000053,52.366248167000037,1,05231211709700491642
05,5,15,000,2023,12,21,2,3,5,6,2,1,0,0,0,0,1,403811.035000000149012,5760936.160000000149012,7.599115932000075,51.990751457000044,0,05231211702100980046
05,5,15,000,2023,12,07,2,3,6,2,2,0,1,1,0,0,0,404597.458800000138581,5755711.710000000894070,7.612017319000074,51.943927836000057,1,05231211702100594895
05,5,15,000,2023,12,15,2,3,5,3,0,1,1,0,0,0,0,405648.785099999979138,5755620.469100000336766,7.627333016000023,51.943287016000056,1,05231211702100591806
05,5,15,000,2023,12,22,2,2,1,6,2,0,1,0,0,0,0,405427.625099999830127,5755339.405799999833107,7.624193777000073,51.940723140000046,0,05231211702100069102
05,5,12,000,2023,12,18,2,3,2,6,2,0,1,0,0,0,0,354287.131099999882281,5711134.938899999484420,6.899176075000071,51.532493961000057,1,05231211701400481363
05,5,62,014,2023,12,07,2,3,6,4,2,0,1,1,0,0,0,360461.899000000208616,5715081.911000000312924,6.986575029000051,51.569521691000034,0,05231211701300416561
05,5,62,020,2023,12,16,2,3,5,3,1,0,1,0,0,0,0,373561.076999999582767,5713313.762000000104308,7.176113438000073,51.556720945000052,1,05231211701200356310
05,5,62,032,2023,12,17,2,3,5,3,2,1,1,0,0,0,0,375309.176300000399351,5718832.760800000280142,7.199356466000040,51.606710202000045,1,05231211701110277987
05,5,54,020,2023,12,14,7,3,5,3,0,0,1,0,0,0,0,361593.116999999620020,5784375.297000000253320,6.975094023000054,52.192443060000073,0,05231216705000681394
05,5,54,064,2023,12,16,1,3,0,1,2,1,0,0,0,0,0,361702.379999999888241,5750706.574999999254942,6.990310456000032,51.889946154000029,1,05231210705000791747
05,5,66,028,2023,12,07,1,3,9,1,2,0,1,0,0,0,0,416607.987399999983609,5790175.984200000762939,7.778273264000063,52.255649423000079,1,05231210702350978388
05,5,62,028,2023,12,17,1,2,2,6,2,0,1,0,0,0,0,381178.955299999564886,5721971.248700000345707,7.283014664000063,51.636186610000038,1,05231210701920194975
05,5,12,000,2023,12,15,1,3,5,2,1,0,1,0,1,0,0,353786.948099999688566,5718442.427899999544024,6.888930025000036,51.598026296000057,0,05231210701400861167
05,5,12,000,2023,12,16,1,2,5,2,1,0,1,1,0,0,0,356046.035699999891222,5709582.365399999544024,6.925151624000023,51.518994069000030,0,05231210701400396050
05,5,70,032,2023,12,00,7,3,9,1,2,0,1,0,0,0,0,415360.652499999850988,5771136.207399999722838,7.764753256000063,52.084318027000052,1,05231209711100548068
05,5,70,024,2023,12,10,7,3,5,3,0,0,1,0,0,0,0,417744.968000000342727,5753860.537900000810623,7.803690481000046,51.929386839000074,1,05231209711100296945
05,5,66,076,2023,12,10,7,3,4,6,0,0,1,0,0,0,0,398832.813000000081956,5793871.335000000894070,7.516837751000025,52.285880174000056,0,05231209709500461952
05,5,66,008,2023,12,19,7,2,6,2,2,0,1,0,0,0,1,399882.322700000368059,5782172.315600000321865,7.535683267000024,52.180925626000032,1,05231209709110779198
05,5,54,044,2023,12,20,7,3,9,1,2,0,1,0,0,0,0,365908.146800000220537,5747420.737099999561906,7.052664707000076,51.861447357000031,1,05231209705000691843
05,5,54,044,2023,12,16,7,3,4,2,2,0,1,0,0,0,0,364659.286999999545515,5741087.054999999701977,7.037016699000048,51.804231848000029,1,05231209705000579122
05,5,62,012,2023,12,08,7,3,2,7,0,0,1,0,0,0,0,359631.803100000135601,5736835.252900000661612,6.965866452000057,51.764787342000034,1,05231209702340980201
05,5,12,000,2023,12,21,7,3,2,1,2,0,1,0,0,0,0,357191.469499999657273,5720590.794399999082088,6.937175800000034,51.618204374000072,1,05231209702340305261
05,5,58,044,2023,12,19,7,3,9,6,2,0,1,0,0,0,0,397531.120099999941885,5751576.853599999099970,7.510478495000029,51.905506995000053,1,05231209702330681370
05,5,15,000,2023,12,17,7,3,6,1,2,0,1,1,0,0,0,405178.497499999590218,5758233.290300000458956,7.619772128000022,51.966692189000071,1,05231209702100885370
05,5,54,004,2023,12,16,7,2,6,4,2,0,1,1,0,0,0,357177.467799999751151,5777228.265499999746680,6.913544564000063,52.127102922000063,1,05231209705000895070
05,5,62,008,2023,12,05,7,2,6,4,2,0,1,1,0,0,0,384136.615399999544024,5723485.717299999669194,7.325231939000048,51.650415151000061,1,05231209701910070552
05,5,13,000,2023,12,16,7,3,2,6,1,0,1,0,0,0,0,368786.678999999538064,5708971.870999999344349,7.108900505000065,51.516611057000034,1,05231209700000575284
05,5,12,000,2023,12,16,7,3,2,6,1,0,1,0,0,0,0,356832.393400000408292,5708107.855900000780821,6.937076481000076,51.505944163000038,1,05231209500630002111
05,5,70,028,2023,12,23,6,3,6,2,2,0,1,1,0,0,0,441101.150899999774992,5742715.984200000762939,8.145233891000032,51.832157517000041,1,05231208711400396650
05,5,70,008,2023,12,12,6,3,1,5,0,1,0,0,0,0,1,433571.574799999594688,5734473.088800000026822,8.037555990000044,51.757209103000037,1,05231208711300094320
05,5,70,040,2023,12,16,6,2,8,1,2,0,1,0,0,0,0,414161.870900000445545,5745944.714700000360608,7.753561841000021,51.857690552000065,1,05231208711200091770
05,5,66,096,2023,12,16,6,2,5,3,1,0,1,0,0,0,0,385115.468000000342727,5790267.752000000327826,7.317050090000066,52.250799790000030,1,05231208709000421110
05,5,58,012,2023,12,16,6,3,0,1,2,1,1,0,0,0,0,372808.848000000230968,5756734.339999999850988,7.149384220000059,51.946758950000060,0,05231208706000057496
05,5,54,048,2023,12,05,6,3,3,3,2,1,1,0,0,0,0,339117.734000000171363,5745627.960000000894070,6.664757776000044,51.838261726000042,1,05231208705000096700
05,5,12,000,2023,12,18,6,3,9,1,2,0,1,0,0,1,0,356958.110799999907613,5713756.942399999126792,6.936592148000045,51.556737841000029,1,05231208702340495694
05,5,15,000,2023,12,14,6,3,5,3,1,1,0,0,0,0,1,398068.235000000335276,5758089.279999999329448,7.516353636000076,51.964139513000077,1,05231208702100980220
05,5,15,000,2023,12,07,6,3,6,2,1,0,1,1,0,0,0,405449.743999999947846,5758145.273000000044703,7.623743413000057,51.965947256000049,1,05231208702100069102
05,5,62,016,2023,12,17,6,3,5,2,2,1,1,0,0,0,0,374158.547399999573827,5733881.910299999639392,7.177326963000041,51.741699727000082,1,05231208701700198880
05,5,12,000,2023,12,11,6,3,0,1,0,1,0,0,1,0,0,356043.775999999605119,5709967.975700000301003,6.924961546000077,51.522458508000057,1,05231208701400061211
05,5,13,000,2023,12,19,6,3,0,1,2,0,0,0,1,0,0,366282.261500000022352,5711257.673100000247359,7.071959892000052,51.536565379000081,1,05231208700000675760
05,5,13,000,2023,12,10,6,3,5,2,0,0,0,0,0,1,1,363548.250000000000000,5712061.729399999603629,7.032251975000065,51.543136692000076,1,05231208700000479550
05,5,15,000,2023,12,08,3,2,6,2,1,0,1,1,0,0,0,406007.110999999567866,5757793.152000000700355,7.631950218000043,51.962876757000060,1,05231219702100076732
05,5,70,024,2023,12,15,7,3,9,1,0,0,1,0,0,0,0,416739.663399999961257,5749502.683100000023842,7.790126169000075,51.890064223000081,1,05231209711200289300
05,5,70,008,2023,12,17,5,3,2,6,1,0,1,0,0,0,0,430653.160600000061095,5738496.580900000408292,7.994475962000024,51.793026201000032,1,05231207711300980241
05,5,70,052,2023,12,16,5,3,2,6,2,0,1,0,0,0,0,429673.801500000059605,5754253.662799999117851,7.977069558000039,51.934555956000054,0,05231207711100980240
05,5,62,012,2023,12,18,6,3,5,3,2,0,1,0,0,0,0,362635.936999999918044,5731050.444000000134110,7.011655707000045,51.713550468000051,0,05231215701620589576
05,5,70,044,2023,12,06,5,3,8,1,2,0,1,0,0,0,0,414997.932300000451505,5755138.313899999484420,7.763431995000076,51.940459990000079,1,05231207711100279193
05,5,66,028,2023,12,17,5,3,2,6,2,0,1,0,0,0,0,412158.103199999779463,5790648.744400000199676,7.712975023000070,52.259206227000050,1,05231207709700596558
05,5,66,056,2023,12,15,5,3,9,1,0,0,1,0,0,0,0,417204.423999999649823,5800151.085999999195337,7.784556486000042,52.345400482000059,1,05231207709700248421