ULAND,UREGBEZ,UKREIS,UGEMEINDE,UJAHR,UMONAT,USTUNDE,UWOCHENTAG,UKATEGORIE,UART,UTYP1,ULICHTVERH,IstRad,IstPKW,IstFuss,IstKrad,IstGkfz,IstSonstige,LINREFX,LINREFY,XGCSWGS84,YGCSWGS84,STRZUSTAND,UIDENTSTLAE
05,5,66,076,2023,12,21,5,3,2,2,2,0,1,0,1,0,0,392869.179999999701977,5793233.814999999478459,7.429645095000069,52.279020543000058,0,05231207709500402376
05,5,66,016,2023,12,05,5,3,9,1,2,0,1,0,0,0,0,404552.074400000274181,5789946.835599999874830,7.601767452000047,52.251630402000046,2,05231207709500068360
05,5,66,012,2023,12,07,5,3,2,6,1,0,1,0,0,0,0,406032.934299999848008,5773837.218299999833107,7.627917701000058,52.107090529000061,2,05231207709110570537
05,5,58,036,2023,12,13,5,2,3,2,0,0,1,0,0,0,0,385945.376000000163913,5729618.924000000581145,7.349361825000074,51.705908569000030,1,05231207706300996613
05,5,54,044,2023,12,19,5,3,1,2,2,0,1,0,0,0,0,367363.614000000059605,5746699.584599999710917,7.074065423000036,51.855314873000054,0,05231207705000791841
05,5,54,004,2023,12,05,5,2,5,3,2,0,1,0,0,0,0,362118.316999999806285,5776162.630999999120831,6.986106740000025,52.118782577000047,2,05231207705000720911
05,5,54,012,2023,12,12,5,3,0,1,0,0,0,0,0,0,1,351493.673200000077486,5746700.641799999400973,6.843793689000051,51.851327707000053,1,05231207705000291747
05,5,54,040,2023,12,05,5,3,9,1,2,0,1,0,0,0,0,352174.787999999709427,5736501.104000000283122,6.858025306000059,51.759866094000074,2,05231207705000096108
05,5,54,004,2023,12,07,5,3,2,6,2,0,1,0,0,0,0,363219.981900000013411,5772369.079600000753999,7.003709991000051,52.084969877000049,2,05231207705000020870
05,5,62,032,2023,12,21,5,2,2,6,2,0,1,0,0,0,1,374518.727599999867380,5716271.881699999794364,7.188863706000063,51.583519778000039,0,05231207702340978416
05,5,15,000,2023,12,17,5,3,3,6,2,0,1,0,0,1,0,400257.042399999685585,5758974.230699999257922,7.547944092000023,51.972490573000073,0,05231207702330191120
05,5,15,000,2023,12,19,5,3,5,3,2,1,1,0,0,0,0,404952.797000000253320,5756364.456000000238419,7.617004916000042,51.949855812000067,0,05231207702100591806
05,5,15,000,2023,12,13,5,3,2,6,0,0,1,0,0,0,0,407653.726499999873340,5758336.424300000071526,7.655763120000074,51.968035931000031,0,05231207702100587867
05,5,15,000,2023,12,14,5,2,5,2,0,1,1,0,0,0,0,405200.425999999977648,5750139.330000000074506,7.622321183000054,51.893943692000050,0,05231207702100476643
05,5,15,000,2023,12,09,5,2,1,5,0,1,1,0,0,0,0,405232.266999999992549,5755309.269999999552965,7.621360968000033,51.940419026000029,1,05231207702100072722
05,5,62,004,2023,12,07,5,3,5,3,2,0,1,0,0,0,1,383723.315399999730289,5709587.728599999099970,7.323864669000045,51.525418443000035,1,05231207701800098963
05,5,62,004,2023,12,13,5,3,0,6,0,0,1,0,0,0,1,382891.540000000037253,5716534.142999999225140,7.309566715000074,51.587679057000059,0,05231207701800073591
05,5,62,012,2023,12,17,5,3,5,2,2,0,1,0,0,0,0,363153.782999999821186,5727779.006599999964237,7.020430318000024,51.684279746000072,0,05231207701610399258
05,5,62,014,2023,12,18,5,3,5,3,2,0,1,0,0,0,0,360141.447999999858439,5713377.932800000533462,6.982632171000034,51.554130260000079,0,05231207701300791092
05,5,62,032,2023,12,11,5,2,5,3,0,1,1,0,0,0,0,376225.757000000216067,5715792.508999999612570,7.213658147000046,51.579589050000038,0,05231207701120567338
05,5,62,032,2023,12,13,5,3,1,5,0,1,1,0,0,0,0,375294.781299999915063,5719915.661800000816584,7.198763436000036,51.616439164000042,0,05231207701110585388
05,5,13,000,2023,12,23,5,3,0,7,2,1,0,0,0,0,0,367761.454800000414252,5713692.918999999761581,7.092359867000027,51.558798572000057,0,05231207700000598875
05,5,13,000,2023,12,08,5,3,2,6,0,0,1,0,0,0,0,367197.991000000387430,5710185.126000000163913,7.085560073000067,51.527142940000033,0,05231207700000548340
05,5,66,020,2023,12,19,7,3,0,1,2,0,1,0,0,0,0,403786.466000000014901,5803856.332000000402331,7.586578197000051,52.376512094000077,1,05231216709700081018
05,5,70,048,2023,12,16,4,3,5,2,2,1,1,0,0,0,0,449036.938500000163913,5729285.223799999803305,8.262361594000026,51.712187951000033,1,05231206711300980288
05,5,70,040,2023,12,09,4,3,8,1,0,0,1,0,0,0,0,421840.286999999545515,5746412.418999999761581,7.864927980000061,51.863023245000079,1,05231206711200190660
05,5,70,004,2023,12,07,4,3,6,2,2,0,1,1,0,0,0,423928.693199999630451,5734222.289799999445677,7.897926711000025,51.753727715000082,1,05231206711200176720
05,5,70,052,2023,12,14,4,3,2,6,0,0,1,0,0,0,0,431959.747999999672174,5755870.481000000610948,8.009994425000059,51.949374863000060,1,05231206711100581966
05,5,66,068,2023,12,18,4,2,5,3,2,0,1,0,0,0,0,378596.273000000044703,5786418.530999999493361,7.222980717000041,52.214810009000075,1,05231206709300341173
05,5,66,076,2023,12,10,6,3,5,3,0,1,1,0,0,0,0,393195.435700000263751,5793331.506400000303984,7.434394561000033,52.279961999000079,1,05231215709500579092
05,5,58,032,2023,12,16,4,3,0,2,2,0,1,0,0,0,1,388435.048700000159442,5753964.093100000172853,7.377536583000051,51.925215012000081,0,05231206706000978428
05,5,58,012,2023,12,10,4,2,5,3,0,1,0,0,0,1,0,372697.125000000000000,5756202.039000000804663,7.147956667000074,51.941949956000030,1,05231206706000872374
05,5,54,032,2023,12,16,4,2,4,6,1,0,1,0,0,0,0,327139.940899999812245,5746606.235999999567866,6.490582324000059,51.843470723000053,1,05231206705000795196
05,5,54,012,2023,12,18,4,2,0,7,2,0,1,0,0,0,0,352357.181300000287592,5744936.530099999159575,6.857074784000076,51.835706389000052,1,05231206705000016032
05,5,66,028,2023,12,05,4,2,9,1,2,0,1,0,0,0,0,408334.024000000208616,5792055.814799999818206,7.656580223000049,52.271229141000049,2,05231206702350049910
05,5,62,020,2023,12,17,4,3,6,4,2,0,1,1,0,0,0,370829.842000000178814,5717583.186300000175834,7.135167437000064,51.594470822000062,1,05231206701200755763
05,5,54,020,2023,12,07,3,3,6,4,2,0,1,1,0,0,0,365471.588999999687076,5786559.166999999433756,7.030932197000027,52.213025693000077,1,05231219705000170530
05,5,70,016,2023,12,07,3,3,5,2,2,1,1,0,0,0,0,413031.198800000362098,5738946.911100000143051,7.738905907000060,51.794611929000041,1,05231205711200791770
05,5,70,044,2023,12,10,3,2,7,2,0,0,1,1,0,0,0,416647.263500000350177,5759688.068499999120831,7.786315646000048,51.981607271000030,1,05231205711100489568
05,5,66,028,2023,12,17,3,2,4,6,2,0,1,0,0,0,1,409117.010999999940395,5795966.959000000730157,7.666997111000057,52.306512802000043,1,05231205709700576377
05,5,66,004,2023,12,16,7,3,2,6,2,0,1,0,0,0,0,397247.129900000058115,5763421.465299999341369,7.502808956000024,52.011913546000073,0,05231216709110045932
05,5,15,000,2023,12,13,3,3,0,7,0,1,0,1,0,0,0,409673.130300000309944,5753888.539300000295043,7.686318926000069,51.928387190000080,1,05231212702100545124
05,5,66,068,2023,12,07,3,3,4,1,0,1,0,0,0,0,0,376885.443799999542534,5785250.280099999159575,7.198377000000050,52.203932273000078,1,05231205709300978444
05,5,66,008,2023,12,17,3,3,4,2,2,1,1,0,0,0,0,399310.322999999858439,5781224.858999999240041,7.527601465000032,52.172306045000028,1,05231205709110980342
05,5,54,004,2023,12,05,3,3,5,3,2,1,1,0,0,0,0,364092.299899999983609,5770301.807399999350309,7.017256511000028,52.066609353000047,1,05231205705000796576
05,5,54,020,2023,12,16,3,3,5,3,1,0,1,0,0,0,0,368168.679999999701977,5785413.915999999269843,7.070830443000034,52.203386864000038,1,05231205705000020800
05,5,15,000,2023,12,16,3,3,6,4,2,0,1,1,0,0,0,402998.843700000084937,5758701.538000000640750,7.587922948000028,51.970524851000050,1,05231205702100681097
05,5,62,028,2023,12,08,3,3,5,3,0,0,1,0,1,0,0,380052.447300000116229,5722366.272800000384450,7.266609025000037,51.639497758000061,1,05231205701920260936
05,5,62,004,2023,12,07,3,3,6,2,2,0,1,1,0,0,0,384428.817900000140071,5716634.293500000610948,7.331713791000027,51.588896594000062,1,05231205701800980501
05,5,12,000,2023,12,07,3,3,5,3,0,1,1,0,0,0,0,356005.859000000171363,5710823.090500000864267,6.924065841000072,51.530132717000072,1,05231205701400175487
05,5,62,014,2023,12,14,3,3,9,1,0,0,1,0,0,0,0,359503.594499999657273,5715045.557900000363588,6.972771268000031,51.568957056000045,1,05231205701300980343
05,5,13,000,2023,12,16,3,3,2,6,2,0,1,0,0,0,0,368726.188000000081956,5713210.937999999150634,7.106448590000070,51.554692490000036,1,05231205700000657757
05,5,13,000,2023,12,17,3,3,5,3,2,0,1,0,0,0,0,368120.540000000037253,5713276.921000000089407,7.097692882000047,51.555144202000065,1,05231205700000167055
05,5,66,004,2023,12,15,4,3,0,3,0,1,1,0,0,0,0,394763.779900000430644,5767222.951199999079108,7.465469128000052,52.045614789000069,1,05231206709000672364
05,5,66,008,2023,12,12,5,3,0,3,0,1,0,0,0,0,0,399259.201200000010431,5780329.630300000309944,7.527119929000037,52.164250644000049,1,05231207709110296848
05,5,62,028,2023,12,17,7,3,1,5,2,0,1,0,0,0,1,379652.375900000333786,5721422.677400000393391,7.261154779000037,51.630931849000035,1,05231209701920081000
05,5,12,000,2023,12,13,2,3,9,7,0,0,1,0,0,0,0,357241.077999999746680,5711029.230000000447035,6.941777763000061,51.532298709000031,1,05231211701400281363
05,5,70,008,2023,12,12,2,3,5,3,0,0,1,0,0,0,0,433912.942999999970198,5734787.507799999788404,8.042441342000075,51.760076141000070,1,05231204711300094427
05,5,70,036,2023,12,06,2,2,8,1,2,0,1,0,0,1,0,435560.791299999691546,5768347.150200000032783,8.060035906000053,52.061965759000032,2,05231204711100980407
05,5,70,052,2023,12,07,2,2,4,6,1,0,1,0,0,0,0,425304.535400000400841,5760362.639900000765920,7.912199749000024,51.988902677000056,2,05231204711100396700
05,5,66,028,2023,12,19,2,2,5,3,2,1,1,0,0,0,0,411959.634899999946356,5792224.945699999108911,7.709656664000022,52.273341819000052,1,05231204709700970494
05,5,66,016,2023,12,06,2,3,8,1,2,0,1,0,0,0,0,404607.398900000378489,5796315.730000000447035,7.600775579000072,52.308882657000026,2,05231204709500980417
05,5,66,076,2023,12,12,2,2,4,6,0,0,1,0,0,0,0,402686.573599999770522,5788164.295199999585748,7.574961912000049,52.235282521000045,1,05231204709500202282
05,5,66,024,2023,12,17,2,3,5,3,2,1,1,0,0,0,0,383953.912999999709427,5771169.405999999493361,7.306571883000061,52.078923802000077,2,05231204709300980388
05,5,58,024,2023,12,14,2,2,3,6,0,1,0,0,0,0,0,393032.768000000156462,5736957.470000000670552,7.449635046000026,51.773263871000040,1,05231204706300594956
05,5,58,012,2023,12,13,2,3,0,7,0,0,0,1,0,0,1,374961.706500000320375,5755864.244599999859929,7.181007245000046,51.939427890000047,1,05231204706000980400
05,5,58,016,2023,12,13,2,3,2,6,0,0,1,0,0,0,0,381515.612700000405312,5743741.044399999082088,7.280465921000030,51.831910002000029,1,05231204706000807183
05,5,54,008,2023,12,04,2,3,8,1,2,0,1,0,0,0,0,333557.690100000239909,5742188.730900000780821,6.585781493000070,51.805737080000029,2,05231204705000096700
05,5,62,012,2023,12,05,2,3,9,1,2,0,1,0,0,0,0,364217.456100000068545,5723488.249399999156594,7.037474509000049,51.645980393000059,2,05231204702340196062
05,5,62,008,2023,12,17,2,3,1,5,2,0,1,0,1,0,0,384539.691999999806285,5721699.986700000241399,7.331644887000039,51.634448480000060,0,05231204701910189735
05,5,66,028,2023,12,18,6,3,0,1,2,1,0,0,0,0,0,412715.151800000108778,5792856.849600000306964,7.720563154000047,52.279142019000062,0,05231215709700591794
05,5,62,014,2023,12,20,2,2,5,3,2,0,0,0,0,0,1,359535.929999999701977,5715897.919999999925494,6.972896735000063,51.576624424000045,1,05231204701300980381
05,5,62,032,2023,12,18,2,3,5,3,2,0,1,0,0,0,1,375922.474999999627471,5714268.914999999105930,7.209821512000076,51.565829491000045,1,05231204701120257753
05,5,66,008,2023,12,17,6,3,5,2,2,1,1,0,0,0,0,398614.017400000244379,5781228.630100000649691,7.517421848000026,52.172212443000035,0,05231208709110696500
05,5,70,016,2023,12,17,4,3,0,2,2,0,0,1,0,0,1,412695.542000000365078,5738889.071000000461936,7.734054544000060,51.794039706000035,0,05231206711200978376
05,5,66,080,2023,12,15,2,3,0,7,0,0,0,0,0,1,0,407284.622600000351667,5780108.852800000458956,7.644478739000022,52.163672695000059,0,05231218709110496565
05,5,15,000,2023,12,21,1,3,1,1,2,0,1,0,0,0,0,404563.849000000394881,5756315.981000000610948,7.611360737000041,51.949353499000040,1,05231210702100172722
05,5,70,044,2023,12,13,1,3,5,3,0,0,1,0,0,0,0,416294.786000000312924,5763040.344000000506639,7.780365877000065,52.011687634000054,1,05231203711100896512
05,5,66,084,2023,12,19,1,3,5,7,2,0,1,0,0,0,0,390732.960799999535084,5773085.893100000917912,7.404839673000026,52.097527308000053,0,05231203709300991781
05,5,13,000,2023,12,22,1,3,8,1,2,0,1,0,0,0,0,363157.282200000248849,5715860.844499999657273,7.025138762000040,51.577181994000057,2,05231203702340547654
05,5,15,000,2023,12,13,1,2,0,1,0,1,0,0,0,0,0,407885.113900000229478,5758266.108699999749660,7.659149173000060,51.967442290000065,0,05231203702100576732
05,5,15,000,2023,12,17,3,3,6,2,2,0,1,1,0,0,0,405019.896999999880791,5757700.723999999463558,7.617611551000039,51.961878196000043,1,05231205702100091715
05,5,13,000,2023,12,16,3,3,6,2,2,0,1,1,0,0,0,366925.603799999691546,5714892.776599999517202,7.079855087000055,51.569384609000053,1,05231219700000599231
05,5,58,044,2023,12,17,4,3,4,6,2,0,1,0,0,0,1,397209.990899999625981,5754378.034299999475479,7.504975975000036,51.930624912000042,1,05231206706000065764
05,5,70,004,2023,12,10,7,3,5,3,0,1,1,0,0,0,0,422688.362800000235438,5735956.570199999958277,7.879575382000041,51.769148381000036,0,05231202711200978463
05,5,58,012,2023,12,19,7,3,0,1,2,1,0,0,0,0,0,373584.624499999918044,5756431.237099999561906,7.160776820000024,51.944211975000030,0,05231202706000054102
05,5,54,012,2023,12,19,7,3,5,2,2,0,1,0,0,0,0,351855.397300000302494,5746342.225199999287724,6.849195243000054,51.848203501000057,0,05231202705000980454
05,5,54,008,2023,12,12,7,3,5,3,0,0,1,0,0,0,0,338729.131299999542534,5745641.345699999481440,6.659115956000051,51.838269905000061,0,05231202705000695950
05,5,15,000,2023,12,15,7,2,0,3,0,1,1,0,0,0,0,401401.097000000067055,5761705.593000000342727,7.563808372000040,51.997244630000068,0,05231202702100865385
05,5,15,000,2023,12,19,7,2,6,1,2,1,0,1,0,0,0,400289.070100000128150,5756846.083200000226498,7.549028055000065,51.953368257000079,0,05231202702100765836
05,5,15,000,2023,12,12,7,3,5,3,0,1,1,0,0,0,0,405149.731999999843538,5756982.607000000774860,7.619698923000044,51.955445631000032,0,05231202702100076646
05,5,58,016,2023,12,19,7,3,2,6,2,0,1,0,0,0,0,378512.864699999801815,5747430.478099999949336,7.235613449000027,51.864421684000035,1,05231216706000894962
05,5,70,008,2023,12,17,6,3,5,2,2,0,1,0,0,0,1,431780.451000000350177,5740057.301000000908971,8.010511827000073,51.807195588000070,0,05231201711300980482
05,5,66,040,2023,12,17,6,3,2,6,1,0,1,0,0,0,0,421669.002199999988079,5782719.120500000193715,7.854129310000076,52.189364947000058,0,05231201709800980481
05,5,66,028,2023,12,07,6,3,0,1,2,1,0,0,0,0,0,412162.194799999706447,5792988.009099999442697,7.712425853000070,52.280232832000081,0,05231201709700081617
05,5,66,060,2023,12,18,6,3,2,3,2,0,1,0,0,0,0,391914.675400000065565,5783642.143899999558926,7.418726462000052,52.192631780000056,0,05231201709500072448
05,5,66,012,2023,12,08,6,3,5,3,0,0,1,0,0,0,1,403202.645399999804795,5773486.927400000393391,7.586703530000023,52.103454006000050,0,05231201709110852455
05,5,66,008,2023,12,18,6,3,5,3,2,1,1,0,0,0,0,399236.787299999967217,5780868.593800000846386,7.526632326000026,52.169090610000069,0,05231201709110753167
05,5,54,068,2023,12,07,6,3,5,2,1,0,1,0,0,0,0,351570.445899999700487,5768507.565400000661612,6.835491208000064,52.047275550000052,0,05231201705000980510
05,5,54,004,2023,12,10,6,3,6,4,0,0,1,1,0,0,0,362650.714100000448525,5771079.588600000366569,6.995926236000059,52.073242423000067,0,05231201705000301327
05,5,54,024,2023,12,16,6,3,2,1,1,0,1,0,0,0,0,368760.941999999806285,5775818.029100000858307,7.083201209000038,52.117302746000064,0,05231201705000055673
05,5,66,040,2023,12,12,6,3,3,6,0,0,1,0,0,0,0,417153.836600000038743,5782387.938500000163913,7.788175396000042,52.185728234000067,0,05231201702350618938
05,5,62,004,2023,12,06,6,2,3,6,2,0,1,0,0,1,0,381952.767599999904633,5718114.510099999606609,7.295490466000047,51.601686873000062,0,05231201702340980511
05,5,15,000,2023,12,22,6,3,3,2,2,1,1,0,0,0,0,406998.513000000268221,5755623.489000000059605,7.646962732000077,51.943541428000060,2,05231201702100980473
05,5,15,000,2023,12,14,6,3,2,6,0,0,1,0,0,0,0,404988.218999999575317,5758200.426999999210238,7.617012387000045,51.966364310000074,0,05231201702100972552
05,5,62,008,2023,12,16,6,3,2,6,1,0,1,0,0,0,0,383671.939799999818206,5720054.558700000867248,7.319658569000069,51.619481153000038,0,05231201701910708066
05,5,62,004,2023,12,18,6,3,5,3,2,0,1,0,0,0,0,384104.991000000387430,5711701.776000000536442,7.328668117000063,51.544497636000074,1,05231201701800295117
05,5,12,000,2023,12,16,6,3,5,2,1,0,1,0,0,0,0,357596.540400000289083,5709765.394200000911951,6.947410005000052,51.521031759000039,0,05231201701400980484
05,5,12,000,2023,12,18,6,3,0,7,2,0,0,0,0,0,1,355887.013299999758601,5709898.677799999713898,6.922731850000048,51.521795835000034,0,05231201701400489547
05,5,54,020,2023,12,19,2,2,5,3,2,0,1,0,0,0,0,361593.116999999620020,5784375.297000000253320,6.975094023000054,52.192443060000073,1,05231204705000323815
05,5,12,000,2023,12,17,6,3,1,5,2,0,1,0,0,0,1,355473.099999999627471,5710288.184000000357628,6.916610094000021,51.525190077000047,0,05231201701400345422
05,5,62,014,2023,12,07,6,3,5,2,1,1,1,0,0,0,0,361206.065999999642372,5715222.468000000342727,6.997250172000065,51.570968422000078,0,05231201701300699917
05,5,13,000,2023,12,17,6,3,6,2,2,0,1,1,0,0,0,368373.098000000230968,5708856.258999999612570,7.102986493000060,51.515475863000063,0,05231201700000980486
05,5,70,036,2023,12,20,4,3,5,2,2,1,1,0,0,0,0,434191.209499999880791,5760182.777000000700355,8.041631220000056,51.988409820000072,1,05231206711100002755
05,5,13,000,2023,12,19,7,3,2,6,2,0,1,0,0,0,0,368251.216799999587238,5706982.507899999618530,7.101931002000072,51.498608470000079,0,05231216700000677618
05,5,58,008,2023,12,07,6,2,6,4,2,0,1,1,0,0,0,382161.493499999865890,5759145.679500000551343,7.284568440000044,51.970489460000067,1,05231208706000873564
05,5,66,076,2023,11,16,5,3,5,3,2,1,1,0,0,0,0,394504.573099999688566,5792905.056600000709295,7.453710481000030,52.276382194000064,0,05231130709500936092
05,5,58,024,2023,11,16,5,3,5,3,0,1,1,0,0,0,0,392539.747999999672174,5736057.437000000849366,7.442770600000074,51.765079951000075,0,05231130706000876730
05,5,58,016,2023,11,16,5,3,3,2,2,1,1,0,0,0,0,380546.010999999940395,5744602.986999999731779,7.266103682000050,51.839449850000051,1,05231130706000396665
05,5,58,016,2023,11,15,5,3,5,6,0,0,1,0,0,0,1,381962.564299999736249,5744528.469399999827147,7.286680654000065,51.839081367000063,0,05231130706000196616
05,5,15,000,2023,11,13,5,3,3,6,0,1,1,0,0,0,0,405455.252999999560416,5759121.153999999165535,7.623554810000030,51.974719809000078,1,05231130702100974643
05,5,15,000,2023,11,16,5,3,0,4,0,1,0,1,0,0,0,408557.686999999918044,5753984.114900000393391,7.670075621000024,51.929064161000042,0,05231130702100472424
05,5,15,000,2023,11,10,5,3,6,1,0,1,0,1,0,0,0,405152.082100000232458,5757197.494799999520183,7.619673788000057,51.957377533000056,1,05231130702000370628
05,5,66,076,2023,12,06,6,3,5,2,2,0,1,0,0,0,0,393306.032999999821186,5792924.273000000044703,7.436143966000031,52.276323597000044,0,05231208709500868360
05,5,62,008,2023,11,17,5,3,8,7,2,0,1,0,0,0,0,383023.366899999789894,5720652.695900000631809,7.310094670000069,51.624722563000034,1,05231130701910608066
05,5,62,004,2023,11,14,5,3,2,6,0,0,1,0,0,0,0,383398.102599999867380,5718869.492100000381470,7.316099148000035,51.608773508000070,1,05231130701800467038
05,5,62,016,2023,11,09,5,3,8,1,0,0,1,0,0,0,0,372108.392900000326335,5731833.222300000488758,7.148402069000042,51.722824716000048,2,05231130701700572332
05,5,62,016,2023,11,06,5,3,2,6,2,0,1,0,0,0,0,374776.992100000381470,5732140.868200000375509,7.186905996000064,51.726191763000031,2,05231130701700572331
05,5,62,012,2023,11,04,5,3,9,1,2,0,0,0,0,1,0,356784.023799999617040,5724559.087300000712276,6.929670920000035,51.653758536000055,2,05231130701610197120
05,5,62,020,2023,11,10,5,3,2,6,0,0,1,0,0,0,0,371196.167799999937415,5717604.953099999576807,7.140445098000043,51.594750314000066,0,05231130701200471517
05,5,70,040,2023,12,11,6,3,5,3,0,0,1,0,1,0,0,412907.069099999964237,5747202.984200000762939,7.735028628000066,51.868806680000034,1,05231215711200491692
05,5,62,020,2023,11,13,5,3,3,6,0,0,0,0,1,0,1,371433.103000000119209,5715645.529999999329448,7.144581447000064,51.577195349000078,1,05231130701200349496
05,5,13,000,2023,11,16,5,2,5,2,2,0,1,0,0,0,0,368373.098000000230968,5708856.258999999612570,7.102986493000060,51.515475863000063,0,05231130700000875350
05,5,13,000,2023,11,09,5,3,1,5,0,0,1,0,0,0,0,364541.561900000087917,5713700.671199999749660,7.045936239000071,51.558104189000062,0,05231130700000698873
05,5,54,012,2023,12,11,7,2,5,2,0,0,1,0,0,0,0,353973.137000000104308,5747023.115000000223517,6.879630676000033,51.854879253000036,1,05231209705000980195
05,5,13,000,2023,12,07,3,3,2,6,2,0,1,0,0,1,0,365621.148599999956787,5709902.775100000202656,7.062950317000059,51.524232552000058,0,05231212700000275481
05,5,15,000,2023,12,17,5,3,2,1,2,0,1,0,0,0,0,405027.320100000128150,5757609.436699999496341,7.617744799000036,51.961058938000065,0,05231214702100564165
05,5,70,020,2023,11,05,4,3,8,1,2,0,1,0,0,0,0,432993.978600000031292,5748095.194599999114871,8.026553199000034,51.879602237000029,2,05231129711400196893
05,5,70,008,2023,11,17,4,3,5,6,2,0,1,0,0,0,0,437163.462199999950826,5735444.497700000181794,8.089413855000032,51.766356794000046,1,05231129711300980647
05,5,66,032,2023,11,16,4,2,6,1,1,0,1,1,0,0,0,413901.218999999575317,5779729.346999999135733,7.741284980000046,52.161333262000028,1,05231129709800487281
05,5,66,044,2023,11,18,4,2,6,4,2,0,1,1,0,0,0,429521.841799999587238,5777846.446699999272823,7.969995900000072,52.146622859000047,2,05231129709800287357
05,5,66,008,2023,11,08,4,3,8,1,0,0,1,0,0,1,0,399935.485000000335276,5781664.575999999418855,7.536610348000067,52.176371835000054,2,05231129709110555930
05,5,66,008,2023,11,18,4,1,9,6,2,0,1,0,0,0,0,398664.538399999961257,5778555.907400000840425,7.518958085000065,52.148200081000027,2,05231129709110442392
05,5,66,008,2023,11,07,4,2,2,6,1,0,1,0,0,0,1,401060.558100000023842,5779273.400299999862909,7.553755274000025,52.155083245000071,1,05231129709110093607
05,5,66,064,2023,11,21,4,3,9,1,2,0,1,0,0,0,0,394577.398000000044703,5774423.913000000640750,7.460527159000037,52.110298704000058,2,05231129709110076751
05,5,58,020,2023,11,01,4,3,8,1,2,0,1,0,0,0,0,392142.860199999995530,5756826.294099999591708,7.430538625000054,51.951670258000036,2,05231129706200095162
05,5,54,060,2023,11,00,4,2,8,5,2,0,1,0,0,0,1,348905.225599999539554,5756241.560399999842048,6.802060605000065,51.936353622000070,2,05231129705000591796
05,5,54,008,2023,11,17,4,3,5,2,1,1,1,0,0,0,0,333846.163999999873340,5745558.598999999463558,6.588345062000030,51.836095300000068,0,05231129705000065975
05,5,62,032,2023,11,05,4,3,8,1,2,0,1,0,0,0,0,373645.654400000348687,5719146.646900000050664,7.175233676000062,51.609160271000064,2,05231129702340980671
05,5,13,000,2023,11,20,4,3,3,6,2,0,1,0,0,0,0,365976.211500000208616,5709467.751900000497699,7.068230833000030,51.520407554000030,1,05231129702340096656
05,5,15,000,2023,11,16,4,3,1,6,2,0,1,0,0,0,0,403562.309000000357628,5759722.144999999552965,7.595836033000069,51.979796420000071,1,05231129702100980652
05,5,62,008,2023,11,22,4,3,9,1,2,0,1,0,0,0,0,380911.844700000248849,5725138.237099999561906,7.278078345000040,51.664593223000054,2,05231129701910894975
05,5,62,014,2023,11,15,4,3,2,6,0,0,1,0,0,0,0,360302.616299999877810,5713710.751900000497699,6.984823160000076,51.557160929000077,1,05231129701300090514
05,5,58,012,2023,12,16,6,2,4,6,0,0,1,0,0,0,0,371067.159900000318885,5752762.145400000736117,7.125545615000021,51.910662886000068,1,05231215706000720578
05,5,62,032,2023,11,09,4,3,5,3,0,0,1,0,0,0,1,376136.203200000338256,5715135.553300000727177,7.212598040000046,51.573665165000079,1,05231129701120300000
05,5,62,032,2023,11,12,4,3,5,3,0,0,1,0,0,0,0,375855.997299999929965,5717327.984200000762939,7.207781455000031,51.593307342000060,0,05231129701110081333
05,5,66,076,2023,12,18,7,2,5,3,2,1,1,0,0,0,0,396369.472000000067055,5788267.346999999135733,7.482458061000045,52.235055914000043,1,05231209709700779180
05,5,15,000,2023,12,07,5,3,5,3,2,1,1,0,0,0,0,401580.505099999718368,5757086.318600000813603,7.567745541000022,51.955757587000051,1,05231214702100980018
05,5,13,000,2023,12,16,3,3,2,6,2,0,1,0,0,0,0,365274.060100000351667,5713972.307499999180436,7.056392286000062,51.560720665000076,1,05231205702340096656
05,5,70,004,2023,11,07,3,3,5,3,2,1,1,0,0,0,0,424569.300999999977648,5735056.567999999970198,7.907024536000051,51.761314260000063,1,05231128711200051246
05,5,70,052,2023,11,07,3,3,5,3,1,1,1,0,0,0,0,431176.100100000388920,5755932.987500000745058,7.998581473000058,51.949840360000053,1,05231128711100976704
05,5,70,052,2023,11,18,3,3,5,2,2,1,1,0,0,0,0,430858.741999999620020,5757506.338999999687076,7.993647890000034,51.963944858000048,0,05231128711100587232
05,5,66,028,2023,11,21,3,3,0,7,2,1,0,0,0,0,0,412042.843000000342727,5792919.946000000461936,7.710694566000029,52.279601978000073,1,05231128709700681056
05,5,66,060,2023,11,16,3,3,6,1,0,1,0,1,0,0,0,389206.792000000365078,5790538.688999999314547,7.376868682000065,52.254073674000040,0,05231128709500520044
05,5,66,008,2023,11,08,3,3,0,7,0,1,0,0,0,0,0,399889.611999999731779,5782140.687000000849366,7.535799179000037,52.180642679000073,1,05231128709110793607
05,5,66,004,2023,11,08,3,3,2,1,0,0,0,0,0,1,1,395882.028300000354648,5765493.563999999314547,7.482295528000066,52.030282674000034,1,05231128709110179151