ULAND,UREGBEZ,UKREIS,UGEMEINDE,UJAHR,UMONAT,USTUNDE,UWOCHENTAG,UKATEGORIE,UART,UTYP1,ULICHTVERH,IstRad,IstPKW,IstFuss,IstKrad,IstGkfz,IstSonstige,LINREFX,LINREFY,XGCSWGS84,YGCSWGS84,STRZUSTAND,UIDENTSTLAE
05,5,58,012,2023,11,14,3,3,5,3,0,0,1,0,0,0,0,368332.672600000165403,5752002.204199999570847,7.086105120000070,51.903194346000078,0,05231128706000258240
05,5,54,012,2023,11,14,3,3,3,2,0,1,1,0,0,0,0,352211.360299999825656,5746060.253100000321865,6.854479809000054,51.845764357000064,0,05231128705000991843
05,5,54,020,2023,11,19,3,3,5,2,2,1,1,0,0,0,0,365741.786999999545515,5787033.176000000908971,7.034696479000047,52.217350722000049,0,05231128705000920881
05,5,54,016,2023,11,06,3,3,5,3,2,0,1,0,0,0,0,362188.997999999672174,5757703.464500000700355,6.994576471000073,51.952937739000049,1,05231128705000389750
05,5,54,044,2023,11,17,3,3,5,3,2,0,1,0,1,0,0,365413.363400000147521,5744035.709499999880791,7.046801233000053,51.830910509000034,2,05231128705000091741
05,5,54,012,2023,11,17,3,3,4,2,1,0,1,0,0,0,0,351936.777999999932945,5743857.323999999091029,6.851439232000075,51.825898554000048,1,05231128705000091740
05,5,15,000,2023,11,07,3,3,5,3,0,1,1,0,0,0,0,405404.313000000081956,5756016.687000000849366,7.623668405000046,51.946806885000058,1,05231128702100442557
05,5,15,000,2023,11,15,3,3,3,5,0,0,1,0,1,0,0,406372.436300000175834,5758983.841800000518560,7.636941127000057,51.973640871000043,1,05231128702100079094
05,5,62,004,2023,11,07,3,3,2,6,2,0,1,0,0,0,0,383399.615299999713898,5718862.895600000396371,7.316123178000055,51.608714534000057,1,05231128701800099365
05,5,62,024,2023,11,13,3,3,2,6,0,0,1,0,0,0,0,365004.986999999731779,5721006.164000000804663,7.049807103000035,51.623865233000060,0,05231128701500199315
05,5,12,000,2023,11,08,3,3,6,7,0,0,1,1,0,0,0,356524.173600000329316,5711384.919700000435114,6.931304113000067,51.535313148000057,1,05231128701400980704
05,5,62,014,2023,11,20,3,3,5,3,2,0,1,0,0,0,0,357734.042999999597669,5713886.158999999985099,6.947725098000035,51.558095182000045,0,05231128701300194972
05,5,62,020,2023,11,07,3,3,3,3,2,1,0,0,0,0,1,369500.190999999642372,5719999.126000000163913,7.115083245000051,51.615875697000035,1,05231128701200757170
05,5,62,032,2023,11,17,3,3,5,3,2,1,1,0,0,0,0,376138.324500000104308,5716294.210200000554323,7.212219980000043,51.584078743000077,0,05231128701120085384
05,5,62,032,2023,11,07,3,3,1,5,1,1,1,0,0,0,0,376036.641699999570847,5719206.974500000476837,7.209723840000038,51.610233943000026,0,05231128701110980705
05,5,13,000,2023,11,07,3,3,6,7,0,0,1,1,0,0,0,365491.253999999724329,5714163.710999999195337,7.059450436000077,51.562492545000055,1,05231128700000899231
05,5,13,000,2023,11,08,3,2,6,4,0,0,1,1,0,0,0,368920.355399999767542,5709028.289599999785423,7.110804994000034,51.517149114000063,1,05231128700000577747
05,5,66,040,2023,12,19,3,3,4,2,2,0,1,0,0,0,0,424830.188000000081956,5779984.087999999523163,7.900969706000069,52.165219632000060,1,05231212709800087281
05,5,70,036,2023,11,18,2,2,6,4,2,0,1,1,0,0,0,434186.543399999849498,5760178.880300000309944,8.041564026000060,51.988374237000073,1,05231127711100487232
05,5,66,028,2023,11,19,2,3,0,7,2,1,0,0,0,0,0,412173.441999999806285,5792888.638000000268221,7.712616561000061,52.279341456000054,1,05231127709700691754
05,5,66,028,2023,11,08,2,3,0,2,0,1,1,0,0,0,0,412908.926099999807775,5794005.082299999892712,7.723106075000032,52.289493400000026,1,05231127709700648421
05,5,66,072,2023,11,08,2,3,0,3,1,0,1,0,0,0,1,412824.683400000445545,5802979.608699999749660,7.719543918000056,52.370144969000080,1,05231127709700080606
05,5,66,076,2023,11,13,2,3,0,1,0,1,0,0,0,0,0,393261.184999999590218,5793024.268999999389052,7.435455225000055,52.277213573000040,1,05231127709500980758
05,5,66,076,2023,11,07,2,3,4,1,1,1,0,0,0,0,0,393344.939000000245869,5793993.597999999299645,7.436375700000042,52.285941359000049,1,05231127709500511962
05,5,66,076,2023,11,23,2,3,0,7,2,1,1,0,0,0,0,393879.534799999557436,5793184.337500000372529,7.444464797000023,52.278771855000059,1,05231127709500496635
05,5,66,076,2023,11,18,2,3,5,2,2,1,1,0,0,0,0,392804.047000000253320,5793219.307000000029802,7.428695358000027,52.278877460000047,1,05231127709500024206
05,5,66,076,2023,11,19,2,3,6,2,2,0,1,1,0,0,0,392793.111800000071526,5793218.892699999734759,7.428535264000061,52.278871604000074,2,05231127709300896684
05,5,66,008,2023,11,08,2,3,5,3,0,1,1,0,0,0,0,399054.101300000213087,5781294.900399999693036,7.523835206000058,52.172888744000034,1,05231127709110342438
05,5,58,016,2023,11,08,2,3,4,2,0,0,1,0,0,0,0,378478.889200000092387,5747450.403899999335408,7.235113257000023,51.864593356000057,1,05231127706100276254
05,5,54,036,2023,11,22,2,2,9,1,2,0,1,0,0,0,0,367196.369500000029802,5765631.324899999424815,7.064327819000027,52.025394475000041,2,05231127705000980710
05,5,54,020,2023,11,04,2,2,5,2,2,0,1,0,0,0,0,365251.969999999739230,5785996.908999999985099,7.027943529000027,52.207919972000070,1,05231127705000191763
05,5,54,024,2023,11,06,2,3,8,1,2,0,1,0,0,0,0,368708.056499999947846,5773689.664699999615550,7.083249748000071,52.098165228000028,1,05231127705000091110
05,5,54,048,2023,11,06,2,3,5,2,2,0,1,0,0,0,1,342322.509700000286102,5744124.249099999666214,6.711920423000038,51.825666313000056,0,05231127705000020726
05,5,15,000,2023,11,09,2,3,2,6,1,0,1,0,0,0,0,404409.880499999970198,5766246.848600000143051,7.606352046000040,52.038588786000048,1,05231127702350896600
05,5,62,024,2023,11,11,2,3,9,1,0,0,1,0,0,0,0,368733.475599999539554,5726611.706499999389052,7.101534298000047,51.675121846000081,1,05231127702340541554
05,5,15,000,2023,11,16,2,2,0,7,2,0,0,0,1,0,0,404534.245600000023842,5748677.797199999913573,7.613047425000047,51.880692999000075,1,05231127702100980738
05,5,15,000,2023,11,14,2,3,2,2,0,0,1,0,0,0,0,405244.269999999552965,5750515.672000000253320,7.622854720000021,51.897333905000039,1,05231127702100579188
05,5,15,000,2023,11,18,2,3,1,6,2,1,1,0,0,0,0,407048.086000000126660,5756922.700999999418855,7.647332371000061,51.955227718000060,1,05231127702100570611
05,5,15,000,2023,11,11,2,3,0,1,0,1,0,0,0,0,0,403411.046900000423193,5766766.498800000175834,7.591647560000069,52.043086391000031,1,05231127702100472461
05,5,15,000,2023,11,16,2,3,7,3,2,0,1,1,0,0,0,408445.028400000184774,5756498.693499999120831,7.667768136000063,51.951648230000046,1,05231127702100451184
05,5,15,000,2023,11,15,2,3,1,6,0,0,1,0,0,0,1,407942.269999999552965,5756755.525599999353290,7.660385766000047,51.953873794000060,1,05231127702100396615
05,5,62,020,2023,12,11,6,3,5,3,0,0,1,0,0,0,0,371007.651999999769032,5718124.982999999076128,7.137533812000072,51.599380597000049,1,05231208701200281257
05,5,62,036,2023,11,14,2,3,5,2,0,0,1,0,0,0,0,386632.986999999731779,5719791.126800000667572,7.362496631000056,51.617717687000038,1,05231127701930674177
05,5,62,012,2023,11,16,2,3,5,2,2,0,1,0,0,0,0,359353.167000000365078,5725070.982000000774860,6.966579086000024,51.659006971000053,1,05231127701610978461
05,5,62,024,2023,11,07,2,3,6,2,2,0,1,1,0,0,0,370282.292500000447035,5727009.168800000101328,7.123773677000031,51.679053493000026,1,05231127701500255645
05,5,12,000,2023,11,17,2,3,5,3,2,1,1,0,0,0,0,356688.778300000354648,5708709.259999999776483,6.934764137000059,51.511311901000056,1,05231127701400973561
05,5,62,014,2023,11,07,2,3,6,2,0,0,0,1,0,0,1,361206.677000000141561,5715217.839999999850988,6.997260811000046,51.570926985000028,1,05231127701300976956
05,5,62,032,2023,11,16,2,3,5,3,2,0,1,0,0,0,1,375617.018400000408292,5719696.154699999839067,7.203493257000048,51.614537723000069,1,05231127701110281333
05,5,13,000,2023,11,06,2,3,6,4,2,0,1,1,0,0,0,366396.400999999605119,5712623.153999999165535,7.073086251000063,51.548863399000027,1,05231127700000624636
05,5,13,000,2023,11,07,2,3,6,2,1,0,1,1,0,0,0,367458.463499999605119,5708459.095200000330806,7.089961916000050,51.511692824000079,1,05231127700000599216
05,5,13,000,2023,11,14,2,3,8,1,0,0,1,0,0,0,0,363798.899199999868870,5710448.710999999195337,7.036488278000036,51.528702030000034,1,05231127700000575987
05,5,13,000,2023,11,16,2,3,5,2,2,0,1,0,0,0,0,365699.090599999763072,5715559.664799999445677,7.061913512000046,51.575086778000070,1,05231127700000474465
05,5,13,000,2023,11,13,2,3,5,3,0,1,1,0,0,0,0,363131.437599999830127,5719644.734600000083447,7.023290045000067,51.611178629000051,1,05231127700000092100
05,5,66,028,2023,12,17,3,3,2,6,2,1,1,0,0,0,0,410586.545599999837577,5788400.952899999916553,7.690550701000063,52.238749366000036,1,05231212709700772367
05,5,62,014,2023,12,16,3,3,2,6,1,0,1,0,0,0,0,359565.602599999867380,5715900.965800000354648,6.973323448000031,51.576659187000075,0,05231212701300081321
05,5,62,004,2023,12,19,7,2,6,4,2,0,1,1,0,0,0,383195.222000000067055,5712289.195000000298023,7.315359318000048,51.549589651000076,1,05231209701800080946
05,5,66,048,2023,12,06,3,3,2,6,2,0,1,0,0,0,0,426256.675300000235438,5796607.382500000298023,7.918194148000055,52.314838726000062,1,05231212709700072375
05,5,13,000,2023,12,16,3,2,5,2,2,0,1,0,0,0,0,369705.779600000008941,5709011.313200000673532,7.122124693000046,51.517178255000033,1,05231205700000480943
05,5,13,000,2023,12,08,2,3,2,6,0,0,1,0,0,0,0,365618.973399999551475,5709882.171099999919534,7.062926840000046,51.524046876000057,1,05231211700000399763
05,5,54,040,2023,12,17,4,3,5,3,2,0,1,0,0,0,0,346309.957000000402331,5739620.383999999612570,6.771731941000041,51.786312624000061,1,05231206705000991747
05,5,58,044,2023,12,16,5,3,2,2,2,0,1,0,0,0,0,396061.526999999769032,5745588.496999999508262,7.490927385000020,51.851411281000026,0,05231207706300776254
05,5,54,004,2023,11,14,4,1,4,6,0,0,1,0,0,1,0,359948.754700000397861,5780727.507099999114871,6.952559381000071,52.159252726000034,0,05231129705000320870
05,5,62,020,2023,11,15,2,3,5,2,0,1,0,0,0,0,1,371164.701600000262260,5717609.984400000423193,7.139989227000058,51.594788334000043,1,05231127701200454353
05,5,70,028,2023,11,19,1,3,1,6,2,0,1,0,0,0,0,440466.932199999690056,5740661.284399999305606,8.136384255000053,51.813618097000074,1,05231126711400980794
05,5,66,044,2023,11,17,1,3,9,7,2,0,1,0,0,0,0,422851.251299999654293,5774310.302400000393391,7.873330143000032,52.113944890000027,1,05231126709800980798
05,5,66,044,2023,11,20,1,3,9,1,2,0,1,0,0,0,0,427125.509899999946356,5774212.157999999821186,7.935759846000053,52.113642497000058,1,05231126709800048558
05,5,62,004,2023,11,19,1,3,9,1,2,0,1,0,0,0,0,381017.570100000128150,5713302.542600000277162,7.283623880000050,51.558242214000074,0,05231126702340305236
05,5,15,000,2023,11,23,1,3,0,3,2,1,1,0,0,0,0,405575.873999999836087,5757005.475999999791384,7.625892104000059,51.955723709000040,1,05231126702100681016
05,5,62,036,2023,11,08,1,3,4,6,0,0,1,0,0,0,0,389404.668100000359118,5719946.337099999189377,7.402465570000061,51.619664160000070,1,05231126701930555844
05,5,62,012,2023,11,00,1,2,8,1,2,0,0,0,0,0,1,360280.203300000168383,5736043.243400000035763,6.975574781000034,51.757832744000041,1,05231126701610589500
05,5,62,014,2023,11,15,1,3,2,6,1,0,1,0,0,0,0,360340.475499999709427,5713764.024499999359250,6.985347768000054,51.557649015000038,1,05231126701300980797
05,5,54,008,2023,12,07,3,3,2,6,2,0,1,0,0,0,0,334541.202300000004470,5743504.740900000557303,6.599405244000025,51.817851152000060,1,05231205705000095050
05,5,70,032,2023,12,03,5,3,0,1,2,0,1,0,0,0,0,420360.915699999779463,5767565.412000000476837,7.838544700000057,52.052962143000059,2,05231207711100081000
05,5,66,092,2023,12,01,1,2,8,1,2,0,1,0,0,0,0,424095.934000000357628,5794970.732999999076128,7.886871801000041,52.299832729000059,0,05231231709700857410
05,5,54,040,2023,12,11,1,3,9,1,0,0,1,0,0,0,0,353977.527300000190735,5734022.484600000083447,6.885168279000027,51.738068109000039,1,05231231705000781030
05,5,70,044,2023,12,18,7,2,2,2,2,0,1,0,0,0,0,416511.770100000314415,5760713.812599999830127,7.784093534000021,51.990807293000046,0,05231230711100095835
05,5,66,032,2023,12,19,7,3,6,4,2,0,1,1,0,0,0,413550.854600000195205,5776953.512900000438094,7.736870543000066,52.136327802000039,0,05231230709800090802
05,5,66,080,2023,12,00,7,3,8,1,2,0,1,0,0,0,0,408797.661500000394881,5784082.773199999704957,7.665524334000054,52.199643324000078,1,05231230709110781003
05,5,54,048,2023,12,15,7,3,8,1,0,0,1,0,0,0,0,345322.699799999594688,5749729.131300000473857,6.752912424000044,51.876860706000059,0,05231230705000274470
05,5,54,016,2023,12,13,7,3,5,3,0,1,1,0,0,0,0,362106.736999999731779,5757875.555999999865890,6.993311150000068,51.954463681000050,1,05231230705000068648
05,5,62,016,2023,12,21,7,2,8,1,2,0,1,0,0,0,0,374034.161299999803305,5736522.232799999415874,7.174569688000076,51.765399758000058,0,05231230702330978154
05,5,15,000,2023,12,11,7,3,5,2,0,1,1,0,0,0,0,405779.593399999663234,5755728.420099999755621,7.629205906000038,51.944279499000061,1,05231230702100476700
05,5,15,000,2023,12,11,7,3,5,3,0,1,1,0,0,0,0,407900.576000000350177,5760301.456000000238419,7.658827922000057,51.985739632000048,1,05231230702100176382
05,5,70,008,2023,12,13,6,3,2,6,0,0,1,0,0,0,0,433870.940399999730289,5734673.404400000348687,8.041854557000022,51.759045385000036,1,05231229711300979643
05,5,66,028,2023,12,18,6,3,1,6,2,0,0,0,1,0,1,412173.441999999806285,5792888.638000000268221,7.712616561000061,52.279341456000054,1,05231229709700564318
05,5,66,076,2023,12,20,6,3,0,1,2,1,0,0,0,0,0,398168.262900000438094,5787966.052699999883771,7.508880150000039,52.232683655000073,1,05231229709500711932
05,5,66,084,2023,12,16,6,3,3,2,2,1,1,0,0,0,0,386097.779000000096858,5778640.182600000873208,7.335342965000052,52.146508814000072,1,05231229709300587312
05,5,58,016,2023,12,09,6,3,0,7,0,0,1,0,0,0,0,380706.046600000001490,5739365.194000000134110,7.270229306000033,51.792411303000051,1,05231229706100074647
05,5,58,012,2023,12,11,6,3,4,2,0,0,1,0,0,0,0,374498.934899999760091,5756786.951799999922514,7.173941986000045,51.947615595000059,1,05231229706000265773
05,5,54,068,2023,12,11,6,2,5,2,0,0,1,0,0,0,0,342896.510800000280142,5769414.580399999395013,6.708690928000067,52.053033611000046,1,05231229705000921215
05,5,58,032,2023,12,23,6,3,8,1,2,0,1,0,0,0,0,388304.020399999804795,5750501.869100000709295,7.376754400000038,51.894072058000063,1,05231229702340696526
05,5,54,028,2023,12,23,6,1,9,1,2,0,1,0,0,1,0,362689.906100000254810,5746367.895400000736117,7.006376631000023,51.851204182000060,2,05231229702340105048
05,5,15,000,2023,12,17,6,3,4,6,2,0,1,0,0,0,0,401405.864000000059605,5753680.633500000461936,7.566181351000068,51.925115570000060,1,05231229702100979636
05,5,15,000,2023,12,10,6,3,0,7,0,1,1,0,0,0,0,404980.819799999706447,5756419.763199999928474,7.617397246000053,51.950357724000071,1,05231229702100779193
05,5,12,000,2023,12,20,6,2,6,2,2,0,1,1,0,0,0,357948.916899999603629,5709767.786399999633431,6.952484668000068,51.521141985000042,1,05231229701400898917
05,5,62,014,2023,12,18,6,3,5,2,2,0,1,0,1,0,0,361457.440999999642372,5714689.871999999508262,7.001085029000023,51.566244262000055,0,05231229701300979635
05,5,62,032,2023,12,15,6,2,5,3,0,0,1,0,1,0,0,376171.457000000402331,5718889.844000000506639,7.211781833000032,51.607413502000043,1,05231229701110099300
05,5,66,088,2023,12,07,5,2,9,1,2,0,1,0,0,0,0,414984.855000000447035,5786024.554999999701977,7.755543960000068,52.218085993000045,1,05231228709800511896
05,5,66,028,2023,12,01,5,3,8,1,2,0,1,0,0,0,0,411332.815000000409782,5787742.546000000089407,7.701649386000042,52.232952125000054,1,05231228709700753151
05,5,66,076,2023,12,06,5,2,8,1,2,0,1,0,0,0,0,393661.685999999754131,5786490.134999999776483,7.443380319000028,52.218567274000065,0,05231228709500876680
05,5,58,016,2023,12,13,5,3,0,1,0,0,0,0,1,0,0,384781.776999999769032,5743159.540599999949336,7.328038423000066,51.827367073000062,0,05231228706100196582
05,5,54,012,2023,12,18,5,3,0,7,2,0,1,0,0,0,0,352378.895899999886751,5746416.304700000211596,6.856758164000041,51.849007765000067,0,05231228705000080991
05,5,62,014,2023,12,13,5,3,3,6,0,0,1,0,0,0,0,358302.190399999730289,5713396.580099999904633,6.956112623000024,51.553838872000028,0,05231228702340979664
05,5,13,000,2023,12,14,5,3,2,6,0,0,1,0,0,0,0,366446.328399999998510,5714291.588300000876188,7.073172235000072,51.563868692000028,0,05231228702340091247
05,5,12,000,2023,12,11,5,3,1,6,0,0,1,0,0,0,0,356698.271399999968708,5708240.570800000801682,6.935091320000026,51.507102729000053,0,05231228701400099914
05,5,13,000,2023,12,20,5,3,6,4,2,0,1,1,0,0,0,369343.091500000096858,5707374.184399999678135,7.117507112000055,51.502381847000038,0,05231228700000989635
05,5,70,048,2023,12,15,4,1,5,3,1,0,1,0,0,0,1,450943.781999999657273,5729328.057000000029802,8.289952852000056,51.712743061000026,1,05231227711300068997
05,5,70,052,2023,12,16,4,3,6,6,1,1,0,1,0,0,0,424341.692999999970198,5758540.699999999254942,7.898582321000049,51.972394346000044,1,05231227711100596650
05,5,66,076,2023,12,02,4,2,9,1,2,0,1,0,0,0,0,391874.825400000438094,5794628.109099999070168,7.414628285000049,52.291356487000030,0,05231227709500479128
05,5,66,084,2023,12,19,4,3,7,7,2,1,0,0,0,0,0,390277.147599999792874,5776921.968699999153614,7.396951769000054,52.131912926000041,1,05231227709300979672
05,5,54,008,2023,12,16,4,3,5,3,0,0,1,0,0,0,0,334321.869800000451505,5745974.191899999976158,6.595044155000039,51.839969994000057,1,05231227705000380994
05,5,62,004,2023,12,18,4,3,3,7,2,0,1,0,0,0,0,384672.259800000116229,5716694.333200000226498,7.335206582000069,51.589486100000045,1,05231227701800067038
05,5,12,000,2023,12,09,4,3,3,6,0,0,0,0,0,0,1,356394.179499999620020,5710102.046599999070168,6.929954196000040,51.523752446000060,1,05231227701400985500
05,5,62,032,2023,12,20,4,2,5,2,2,0,1,0,0,0,0,376801.086799999698997,5721612.924900000914931,7.219912090000037,51.632024494000063,0,05231227701110278345
05,5,13,000,2023,12,06,4,3,8,1,2,0,1,0,0,0,0,362687.010999999940395,5719512.180800000205636,7.016927515000020,51.609879263000039,1,05231227700000989545
05,5,62,004,2023,12,13,6,3,5,3,0,0,1,0,0,0,0,386088.223000000230968,5717585.666999999433756,7.355347980000033,51.597785354000052,0,05231229701800668380
05,5,70,048,2023,12,09,3,3,9,1,0,0,1,0,0,0,0,450475.838000000454485,5727081.392000000923872,8.283499462000066,51.692502822000051,1,05231226711300381043
05,5,66,008,2023,12,18,3,3,5,3,2,0,1,0,0,0,1,399423.726999999955297,5781800.117000000551343,7.529088636000040,52.177496987000040,0,05231226709110896848
05,5,54,036,2023,12,11,3,3,9,1,0,0,1,0,0,0,0,367142.053999999538064,5768747.892000000923872,7.062325705000035,52.053386179000029,0,05231226702340020911
05,5,62,008,2023,12,15,3,3,5,3,0,0,1,0,0,0,0,385754.748800000175834,5725077.680600000545382,7.348090729000035,51.665054462000057,0,05231226701910398885
05,5,62,004,2023,12,05,3,3,5,3,2,0,1,0,0,0,0,383208.560499999672174,5714101.497600000351667,7.314949624000064,51.565880931000038,1,05231226701800277640
05,5,62,024,2023,12,13,3,3,5,3,0,0,1,0,1,0,0,364951.455099999904633,5721622.866200000047684,7.048796439000057,51.629394270000034,0,05231226701500350783
05,5,70,028,2023,12,07,3,3,3,6,2,0,1,0,0,1,0,444779.403400000184774,5741980.852199999615550,8.198725784000032,51.825924207000071,1,05231226400410529580
05,5,62,004,2023,12,10,3,3,3,6,0,0,1,0,0,1,0,386878.215200000442564,5716250.693800000473857,7.367179186000044,51.585945920000029,0,05231226301911635484
05,5,62,020,2023,12,19,2,2,6,4,2,0,1,1,0,0,0,370712.975599999539554,5717627.518699999898672,7.133464862000039,51.594842420000077,1,05231225701200599267
05,5,66,048,2023,12,14,1,3,2,6,0,0,1,0,0,0,0,426186.468000000342727,5792013.098999999463558,7.918171145000031,52.273531727000034,1,05231224709700591162
05,5,66,076,2023,12,18,1,3,9,1,2,0,1,0,0,0,0,394718.553799999877810,5789485.808700000867248,7.457912196000052,52.245693418000030,1,05231224709500079092
05,5,15,000,2023,12,20,1,2,3,6,2,1,1,0,0,0,0,401244.124200000427663,5756010.603700000792742,7.563161108000031,51.946029207000038,0,05231224702100978133
05,5,62,036,2023,12,23,1,3,5,3,2,0,1,0,0,0,0,389768.037499999627471,5718661.117699999362230,7.408116447000054,51.608183794000070,1,05231224701930589511
05,5,70,020,2023,12,02,7,3,9,1,2,0,1,0,0,0,0,434126.368400000035763,5751964.578199999406934,8.042262406000020,51.914522386000044,1,05231223711100979730
05,5,66,040,2023,12,15,7,3,9,1,1,0,1,0,0,0,0,426118.936200000345707,5780819.930500000715256,7.919626375000064,52.172907121000037,1,05231223709800978210
05,5,66,068,2023,12,19,7,3,9,1,2,0,1,0,0,0,0,372605.292000000365078,5785381.540999999269843,7.135728434000043,52.204139177000059,1,05231223709300587312
05,5,58,040,2023,12,15,7,3,5,3,0,0,1,0,0,0,0,372663.049399999901652,5760516.087899999693036,7.145861916000058,51.980709540000078,1,05231223706000591756
05,5,54,024,2023,12,11,7,3,5,7,0,0,1,0,0,0,0,370259.517500000074506,5776284.032600000500679,7.104897823000044,52.121843849000072,1,05231223705000095870
05,5,15,000,2023,12,15,7,3,3,2,0,1,1,0,0,0,0,403980.865199999883771,5761394.820499999448657,7.601460064000037,51.994903417000046,1,05231223702100778293
05,5,15,000,2023,12,17,7,3,5,2,2,0,1,0,0,0,1,405517.810600000433624,5754619.358300000429153,7.625703154000064,51.934266340000079,1,05231223702100072368
05,5,12,000,2023,12,20,7,3,5,3,2,1,1,0,0,0,0,356386.034699999727309,5710082.038499999791384,6.929845028000045,51.523570586000062,1,05231223701400990526
05,5,62,020,2023,12,13,7,2,5,2,0,0,1,0,0,0,0,373561.076999999582767,5713313.762000000104308,7.176113438000073,51.556720945000052,1,05231223701200294957
05,5,13,000,2023,12,15,7,3,5,2,1,0,1,0,0,0,1,368458.196000000461936,5707837.812000000849366,7.104592184000069,51.506343120000054,1,05231223700000267040
05,5,70,008,2023,12,16,6,3,6,2,2,0,1,1,0,0,0,433973.625199999660254,5734525.696000000461936,8.043370199000037,51.757729592000032,1,05231222711300081053
05,5,70,032,2023,12,06,6,3,8,1,2,0,1,0,0,0,0,416424.677699999883771,5771741.279699999839067,7.780129745000067,52.089918568000030,1,05231222711100881092
05,5,70,044,2023,12,07,6,3,5,3,2,0,1,0,0,0,0,416027.534099999815226,5759555.010900000110269,7.777326658000050,51.980317900000045,1,05231222711100593886
05,5,66,040,2023,12,08,6,2,6,1,1,0,1,1,0,0,0,422444.254099999554455,5782054.979900000616908,7.865619666000043,52.183504624000079,1,05231222709800753163
05,5,66,084,2023,12,14,6,2,5,3,2,0,1,0,0,1,1,391977.487999999895692,5778056.364000000059605,7.421422976000031,52.142443107000076,1,05231222709000081050
05,5,58,040,2023,12,17,6,3,5,2,2,0,1,0,0,0,0,381026.374699999578297,5765923.436000000685453,7.265699070000039,52.031158265000045,1,05231222706000081117
05,5,54,004,2023,12,12,6,3,2,1,0,0,1,0,0,0,0,360510.027099999599159,5774517.594900000840425,6.963305994000052,52.103598356000077,1,05231222705000955673
05,5,54,012,2023,12,23,6,3,8,1,2,0,1,0,0,0,0,351949.199799999594688,5746397.884600000455976,6.850532226000041,51.848728476000076,0,05231222705000787245
05,5,54,028,2023,12,15,6,3,5,2,0,0,1,0,0,0,0,360893.351999999955297,5741622.008999999612570,6.982216886000060,51.808114578000072,1,05231222705000691796
05,5,15,000,2023,12,16,6,3,2,6,2,0,1,0,0,0,0,402974.911799999885261,5763658.351399999111891,7.586171887000035,52.015073665000045,1,05231222702350505081
05,5,15,000,2023,12,00,6,3,0,1,2,0,0,0,0,0,1,405359.077999999746680,5755783.950999999418855,7.623074529000064,51.944707256000072,0,05231222702100978226
05,5,12,000,2023,12,19,6,3,3,6,2,0,1,0,0,0,0,356599.207000000402331,5713730.926200000569224,6.931429125000022,51.556412944000044,1,05231222702100978144
05,5,15,000,2023,12,17,6,3,6,2,2,0,1,1,0,0,0,412344.071999999694526,5752444.354000000283122,7.725521318000062,51.915832643000044,1,05231222702100864161
05,5,15,000,2023,12,22,6,3,0,7,2,1,0,0,0,0,0,406713.790799999609590,5757661.209100000560284,7.642268522000052,51.961809817000074,1,05231222702100291795
05,5,15,000,2023,12,10,6,3,5,3,0,1,1,0,0,0,0,401578.336000000126660,5757085.122999999672174,7.567714328000022,51.955746457000032,1,05231222702100079176
05,5,15,000,2023,12,11,6,3,5,3,0,0,1,0,0,0,0,409382.169700000435114,5763199.500700000673532,7.679630701000065,52.012032584000053,1,05231222702100062000
05,5,62,028,2023,12,17,6,3,6,4,2,0,1,1,0,0,0,379944.300300000235438,5722366.922299999743700,7.265046715000040,51.639480521000053,1,05231222701920078345
05,5,62,004,2023,12,14,6,3,5,2,0,0,1,0,0,0,1,382628.394000000320375,5712005.501000000163913,7.307282605000069,51.546922260000031,0,05231222701800595103
05,5,62,004,2023,12,13,6,2,1,5,0,0,1,0,0,0,0,383440.366499999538064,5717117.708599999547005,7.317291391000026,51.593037773000049,1,05231222701800180966
05,5,62,024,2023,12,09,6,2,5,2,0,1,1,0,0,0,0,368580.457000000402331,5724419.979000000283122,7.100146826000071,51.655390056000044,1,05231222701500371940
05,5,62,032,2023,12,16,6,3,5,3,1,0,1,0,0,0,0,375757.237599999643862,5713818.056299999356270,7.207598105000045,51.561741141000027,1,05231222701120781333
05,5,62,032,2023,12,18,6,3,6,4,2,0,1,1,0,0,0,374730.525000000372529,5719069.360999999567866,7.190920177000066,51.608708112000045,1,05231222701110980920
05,5,13,000,2023,12,20,6,2,6,2,2,0,0,1,0,0,1,368458.605999999679625,5707860.633999999612570,7.104589576000023,51.506548312000064,1,05231222700000979732
05,5,13,000,2023,12,19,6,3,2,6,2,0,1,0,0,0,0,370297.205000000074506,5709373.072000000625849,7.130510619000063,51.520565452000028,1,05231222700000580913
05,5,13,000,2023,12,19,6,3,2,6,2,0,1,0,0,0,1,366985.259999999776483,5712360.043999999761581,7.081673480000063,51.546638052000048,1,05231222700000491003
05,5,58,032,2023,12,01,1,3,8,1,2,0,1,0,0,0,0,389600.523900000378489,5752444.344699999317527,7.394965855000066,51.911788536000074,1,05231224706100581082
05,5,70,028,2023,12,21,6,3,2,6,2,0,0,0,0,1,1,443042.759700000286102,5741326.906500000506639,8.173636715000043,51.819870682000044,1,05231222400410978212