ULAND,UREGBEZ,UKREIS,UGEMEINDE,UJAHR,UMONAT,USTUNDE,UWOCHENTAG,UKATEGORIE,UART,UTYP1,ULICHTVERH,IstRad,IstPKW,IstFuss,IstKrad,IstGkfz,IstSonstige,LINREFX,LINREFY,XGCSWGS84,YGCSWGS84,STRZUSTAND,UIDENTSTLAE
05,5,70,036,2023,12,12,5,3,5,3,0,0,1,0,0,0,0,430822.075299999676645,5760428.909299999475479,7.992525101000069,51.990213044000029,1,05231221711100091713
05,5,66,028,2023,12,08,5,3,5,3,2,0,1,0,0,0,1,413577.919400000013411,5793759.429999999701977,7.732974974000058,52.287391026000080,1,05231221709700311896
05,5,58,012,2023,12,17,5,3,7,6,2,0,1,0,0,0,0,377047.034699999727309,5756726.996600000187755,7.211018905000060,51.947645836000049,1,05231221706200368252
05,5,58,032,2023,12,07,5,3,6,2,2,0,1,1,0,0,0,386560.820500000379980,5754522.462999999523163,7.350108174000070,51.929854527000032,0,05231221706100195040
05,5,54,048,2023,12,11,5,3,0,3,0,1,1,0,0,0,0,341675.148000000044703,5745014.088999999687076,6.702127607000023,51.833477565000067,1,05231221705000979784
05,5,54,012,2023,12,17,5,3,7,1,2,0,1,0,0,0,0,353550.837199999950826,5745311.040799999609590,6.874228360000075,51.839385627000070,1,05231221705000696552
05,5,54,024,2023,12,09,5,3,5,3,0,0,1,0,0,0,1,370422.468899999745190,5776074.145300000905991,7.107356543000037,52.119996048000075,1,05231221705000020978
05,5,62,016,2023,12,17,5,3,7,6,2,0,1,0,0,0,0,372393.119599999859929,5733538.447399999946356,7.151896924000027,51.738213914000028,1,05231221702330391321
05,5,15,000,2023,12,17,5,2,0,7,2,1,0,0,0,0,0,406074.437500000000000,5757733.078400000929832,7.632946271000037,51.962348167000073,1,05231221702100291836
05,5,15,000,2023,12,06,5,3,0,3,2,1,1,0,0,0,0,409072.111999999731779,5752860.084000000730157,7.677852115000064,51.919044881000048,1,05231221702100191833
05,5,15,000,2023,12,17,5,3,0,2,2,0,1,0,0,0,1,404738.456799999810755,5761346.064999999478459,7.612504590000071,51.994595664000030,0,05231221702100165836
05,5,62,004,2023,12,15,5,3,2,6,1,0,1,0,0,0,0,383080.332700000144541,5713045.288399999961257,7.313451722000025,51.556361432000074,1,05231221701800553341
05,5,62,024,2023,12,19,5,3,5,3,2,1,1,0,0,0,0,371349.250099999830127,5725610.686200000345707,7.139712360000033,51.666731138000046,1,05231221701500395098
05,5,62,032,2023,12,19,5,3,5,2,2,0,1,0,0,0,0,378674.322999999858439,5717809.002000000327826,7.248281471000041,51.598244444000045,1,05231221701110599767
05,5,62,028,2023,12,20,2,2,5,2,2,0,1,0,0,0,0,381146.667999999597669,5721999.590700000524521,7.282538708000061,51.636434511000061,1,05231225701920689511
05,5,62,014,2023,12,19,6,3,5,2,2,0,1,0,0,0,0,361343.554999999701977,5716455.698000000789762,6.998745960000065,51.582084205000058,1,05231229701300489697
05,5,66,088,2023,12,12,5,2,0,3,0,0,1,0,0,0,0,417943.389999999664724,5789542.483999999240041,7.797986692000052,52.250155951000067,0,05231228709700980606
05,5,62,032,2023,12,16,7,2,3,6,0,0,1,0,0,0,0,375422.746600000187755,5719490.302400000393391,7.200761980000038,51.612644746000058,0,05231230701110889476
05,5,70,036,2023,12,07,4,3,5,2,2,0,1,0,0,0,0,434504.342000000178814,5766767.116000000387430,8.044930903000022,52.047637948000045,1,05231220711100193886
05,5,66,028,2023,12,15,4,3,5,3,0,0,1,0,0,0,0,409255.027099999599159,5796662.011099999770522,7.668833428000028,52.312782793000054,1,05231220709700291794
05,5,66,084,2023,12,17,4,3,6,2,2,0,1,1,0,0,0,386160.115000000223517,5778968.844000000506639,7.336143456000059,52.149475325000026,1,05231220709300287330
05,5,66,096,2023,12,17,4,3,5,3,2,0,1,0,0,0,0,384025.802500000223517,5784655.225099999457598,7.303019522000056,52.200133335000032,1,05231220709300278430
05,5,66,084,2023,12,21,4,3,8,1,2,0,1,0,0,0,0,385366.596800000406802,5779804.508600000292063,7.324268907000032,52.156821201000071,0,05231220709300070598
05,5,58,004,2023,12,10,4,3,2,1,0,0,0,0,0,0,1,406579.081500000320375,5731669.998999999836087,7.647330370000077,51.728160639000066,0,05231220706300396595
05,5,58,016,2023,12,16,4,3,5,3,1,1,0,0,0,0,1,382327.896399999968708,5743286.329500000923872,7.292403314000069,51.827995088000080,1,05231220706100972374
05,5,58,032,2023,12,19,4,3,6,2,2,0,1,1,0,0,0,386652.489199999719858,5754393.035000000149012,7.351483464000069,51.928709988000037,1,05231220706100396571
05,5,54,004,2023,12,18,4,3,2,6,2,0,1,0,0,0,0,363916.691200000233948,5768069.243499999865890,7.015585632000068,52.046505599000056,1,05231220705000918398
05,5,54,016,2023,12,07,4,3,2,6,2,0,1,0,0,0,0,363932.675599999725819,5754804.070000000298023,7.021081084000059,51.927314020000040,1,05231220705000091208
05,5,15,000,2023,12,11,4,3,5,2,0,1,0,0,0,1,0,407061.588000000454485,5757345.232999999076128,7.647414494000031,51.959027910000032,1,05231220702100991833
05,5,15,000,2023,12,21,4,3,0,1,2,0,0,0,1,0,0,404287.162499999627471,5759011.550200000405312,7.606584941000051,51.973534697000048,1,05231220702100379127
05,5,15,000,2023,12,08,4,3,5,2,1,1,1,0,0,0,0,407646.849999999627471,5754822.064999999478459,7.656607510000072,51.936445771000081,1,05231220702100372392
05,5,15,000,2023,12,16,4,3,6,6,1,1,0,1,0,0,0,401450.363800000399351,5759087.843200000002980,7.565277897000044,51.973724627000081,1,05231220702100091864
05,5,62,004,2023,12,05,4,3,5,3,2,1,1,0,0,0,0,380942.018000000156462,5714223.740000000223517,7.282222524000076,51.566505615000040,1,05231220701800377640
05,5,62,014,2023,12,14,4,3,2,6,0,0,1,0,0,0,0,360232.446899999864399,5715973.372500000521541,6.982911752000064,51.577475569000057,1,05231220701300189501
05,5,13,000,2023,12,13,4,2,0,7,0,1,0,0,0,0,1,370989.914200000464916,5712985.684900000691414,7.139165508000076,51.553190387000029,0,05231220700000999903
05,5,13,000,2023,12,13,4,3,6,4,0,0,1,1,0,0,0,368446.568799999542534,5710376.232200000435114,7.103477216000044,51.529152618000069,1,05231220700000399216
05,5,62,016,2023,12,12,7,3,5,2,0,1,1,0,0,0,0,374140.617800000123680,5733867.876700000837445,7.177072492000036,51.741569583000057,0,05231230701700681151
05,5,70,040,2023,12,18,3,2,7,4,2,0,1,1,0,0,0,419771.030100000090897,5744467.064400000497699,7.835335472000054,51.845242107000047,0,05231219711200487087
05,5,66,040,2023,12,07,3,2,6,1,2,0,0,1,1,0,0,419535.352599999867380,5780633.784900000318885,7.823418902000071,52.170313114000066,1,05231219709800090802
05,5,66,076,2023,12,17,3,3,4,6,2,1,0,0,0,0,0,395112.992999999783933,5788296.596999999135733,7.464056515000038,52.235080863000064,1,05231219709700896558
05,5,66,048,2023,12,09,3,3,4,1,0,0,0,0,0,1,0,428225.079900000244379,5798484.184299999848008,7.946664461000069,52.331970075000072,1,05231219709700587282
05,5,66,076,2023,12,07,3,3,6,2,2,0,1,1,0,0,0,393704.205000000074506,5791769.607999999076128,7.442341641000041,52.266023503000042,1,05231219709500996580
05,5,66,076,2023,12,07,3,3,5,7,2,0,1,0,0,0,0,393489.301699999719858,5792882.818700000643730,7.438842219000037,52.275986576000037,1,05231219709500260714
05,5,66,076,2023,12,17,3,3,1,1,2,0,1,0,0,0,0,393192.252799999900162,5793339.646900000050664,7.434345344000064,52.280034540000031,0,05231219709500036092
05,5,66,084,2023,12,14,3,3,2,6,0,0,1,0,0,0,0,382135.620000000111759,5781349.648199999704957,7.276524257000062,52.170026549000056,1,05231219709300278430
05,5,66,004,2023,12,07,3,3,5,3,2,1,1,0,0,0,0,394745.660000000149012,5767524.367900000885129,7.465112183000031,52.048320379000074,1,05231219709110996547
05,5,66,008,2023,12,07,3,3,5,3,1,1,1,0,0,0,0,397928.785299999639392,5780573.960699999704957,7.507602217000056,52.166202181000074,1,05231219709110978275
05,5,58,016,2023,12,14,3,3,0,1,0,0,0,0,1,0,0,389949.030000000260770,5743983.790999999269843,7.402727482000046,51.835817013000053,1,05231219706000978270
05,5,58,016,2023,12,07,3,3,5,2,2,0,1,0,0,0,1,382607.646999999880791,5743564.833000000566244,7.296366514000056,51.830556921000039,1,05231219706000305115
05,5,54,032,2023,12,07,3,3,4,6,2,1,0,0,0,0,0,324715.351999999955297,5746309.533900000154972,6.455572000000075,51.840049863000047,1,05231219705000978167
05,5,70,008,2023,01,12,3,3,5,3,0,0,1,0,0,0,1,434216.089999999850988,5734712.197000000625849,8.046847346000050,51.759434786000043,1,05230117711313045037
05,5,70,044,2023,01,15,3,3,3,5,0,0,1,0,1,0,0,415455.322399999946356,5760088.515599999576807,7.768865607000066,51.985026747000063,1,05230117711142991800
05,5,66,076,2023,01,11,3,3,2,1,0,0,1,0,0,0,0,393638.009999999776483,5795567.798599999397993,7.440173560000062,52.300145775000033,1,05230117709500802282
05,5,66,012,2023,01,16,3,3,5,3,0,1,1,0,0,0,0,406225.413999999873340,5771863.104000000283122,7.631270661000030,52.089379385000029,0,05230117709000992038
05,5,54,056,2023,01,20,3,2,7,7,2,0,0,0,0,0,1,357934.991899999789894,5761376.438899999484420,6.931195441000057,51.984869669000034,0,05230117705000992036
05,5,54,008,2023,01,11,3,3,5,3,0,0,1,0,0,0,0,335721.527999999932945,5745219.107999999076128,6.615700782000033,51.833600231000048,1,05230117705000395196
05,5,15,000,2023,01,07,3,3,3,6,2,0,1,0,0,0,1,412558.060200000181794,5753232.766899999231100,7.728431552000075,51.922953223000036,1,05230117702100572392
05,5,62,012,2023,01,10,3,2,5,3,0,1,1,0,0,0,0,358664.887600000016391,5725272.581299999728799,6.956553482000061,51.660645842000065,0,05230117701610989512
05,5,12,000,2023,01,12,3,3,1,5,0,0,1,0,0,1,0,357214.600800000131130,5708641.932900000363588,6.942363684000043,51.510840028000075,0,05230117701400977854
05,5,12,000,2023,01,14,3,3,5,2,0,1,1,0,0,0,0,359107.075799999758601,5712075.344799999147654,6.968243737000023,51.542167841000037,0,05230117701400348096
05,5,62,032,2023,01,09,3,3,5,3,0,1,1,0,0,0,0,374155.614099999889731,5713880.055299999192357,7.184482317000061,51.561943239000072,1,05230117701120995124
05,5,62,032,2023,01,12,3,3,5,3,0,0,1,0,0,0,0,375711.720999999903142,5720707.122999999672174,7.204501731000050,51.623644339000066,1,05230117701110991778
05,5,13,000,2023,01,13,3,3,1,5,0,0,1,0,1,0,0,364840.207700000144541,5716622.168099999427795,7.049117809000052,51.584429578000027,0,05230117700000985657
05,5,13,000,2023,01,17,3,3,2,6,2,0,1,0,0,0,0,368342.929999999701977,5708657.479000000283122,7.102626211000029,51.513682443000050,0,05230117700000579622
05,5,70,008,2023,01,20,2,3,5,3,2,0,1,0,0,0,0,432818.964499999769032,5739826.364600000903010,8.025617309000040,51.805245247000073,1,05230116711314893404
05,5,70,004,2023,01,15,2,3,6,4,0,1,0,1,0,0,0,423759.778900000266731,5735960.628000000491738,7.895098655000027,51.769331804000046,0,05230116711211886958
05,5,66,076,2023,01,15,2,3,1,3,0,1,1,0,0,0,0,393767.678799999877810,5793925.371300000697374,7.442592324000032,52.285410071000058,1,05230116709500328401
05,5,66,084,2023,01,07,2,3,3,6,1,1,1,0,0,0,0,390159.881699999794364,5773996.637399999424815,7.396183348000022,52.105598950000058,0,05230116709300138293
05,5,54,012,2023,01,07,2,3,0,2,2,1,0,0,0,0,0,354042.310100000351667,5747489.993899999186397,6.880437173000075,51.859092263000036,0,05230116705000016031
05,5,13,000,2023,01,15,2,3,5,2,0,1,1,0,0,0,0,362789.273599999956787,5715419.744599999859929,7.020003513000063,51.573128708000070,1,05230116700000495020
05,5,70,008,2023,01,12,7,3,6,7,0,0,1,1,0,0,0,432203.406299999915063,5739086.827600000426173,8.016835402000027,51.798522548000051,0,05230114711300091400
05,5,66,040,2023,01,09,7,3,0,2,0,0,1,1,0,0,0,421410.373900000005960,5782627.720499999821186,7.850367964000043,52.188506568000037,1,05230114709800396660
05,5,58,036,2023,01,10,7,3,5,5,0,1,1,0,0,0,0,387980.974000000394881,5729705.208000000566244,7.378781152000045,51.707094165000058,1,05230114706000992107
05,5,54,004,2023,01,11,7,3,2,7,0,0,1,0,0,0,0,363267.915699999779463,5771413.648800000548363,7.004792092000059,52.076396812000041,1,05230114705000687234
05,5,54,068,2023,01,12,7,3,5,3,0,1,1,0,0,0,0,350595.324900000356138,5766889.348099999129772,6.821989409000025,52.032474892000039,1,05230114705000581102
05,5,15,000,2023,01,11,7,3,0,7,1,1,1,0,0,0,0,409680.131099999882281,5752233.379399999976158,7.686854944000061,51.913510564000035,1,05230114702100579193
05,5,15,000,2023,01,21,7,2,9,1,2,0,0,0,1,0,0,403981.574199999682605,5760920.163399999961257,7.601603323000063,51.990637184000036,1,05230114702100487861
05,5,15,000,2023,01,10,7,3,6,2,0,0,1,1,0,0,0,412549.481700000353158,5753162.003299999982119,7.728324815000065,51.922315792000063,1,05230114702100476766
05,5,13,000,2023,01,14,7,3,5,3,0,0,1,0,0,0,0,367273.311999999918044,5713332.308000000193715,7.085458381000024,51.555443249000064,1,05230114700000795174
05,5,70,028,2023,01,14,6,3,0,1,0,1,0,0,0,0,0,441527.338299999944866,5742871.956199999898672,8.151391820000072,51.833604521000041,1,05230113711413091693
05,5,66,040,2023,01,14,6,3,1,6,0,0,1,0,0,0,0,420863.629999999888241,5782016.337799999862909,7.842514518000030,52.182932761000075,0,05230113709800196586
05,5,66,008,2023,01,06,6,2,0,3,2,1,1,0,0,0,0,398874.647300000302494,5782290.311599999666214,7.520915155000068,52.181802331000029,0,05230113709110992131
05,5,54,008,2023,01,14,6,3,5,6,0,0,1,0,0,0,0,334679.233799999579787,5743321.130000000819564,6.601493636000043,51.816242554000041,1,05230113705000096584
05,5,62,004,2023,01,13,6,3,5,3,0,1,1,0,0,0,0,383340.712600000202656,5716258.964400000870228,7.316138849000026,51.585299007000060,1,05230113701800579370
05,5,12,000,2023,01,11,6,3,5,3,0,1,1,0,0,0,0,358130.162299999967217,5713083.618200000375509,6.953759177000052,51.550983392000035,0,05230113701400495791
05,5,62,020,2023,01,17,6,2,6,2,2,0,1,1,0,0,0,371271.433600000105798,5717284.541300000622869,7.141648648000057,51.591888025000060,1,05230113701200775698
05,5,62,032,2023,01,15,6,3,1,5,0,1,1,0,0,0,0,373835.189899999648333,5720139.956599999219179,7.177611824000053,51.618129649000082,1,05230113701110469388
05,5,13,000,2023,01,13,6,3,6,6,0,1,0,1,0,0,0,364388.785299999639392,5716690.020099999383092,7.042579903000046,51.584930872000029,1,05230113700000579550
05,5,54,056,2023,01,17,5,3,9,7,2,0,0,0,1,0,0,359040.378800000064075,5760966.275699999183416,6.947449824000046,51.981465830000047,1,05230112705000330801
05,5,62,004,2023,01,16,5,3,1,7,1,0,1,0,0,0,0,382500.255599999800324,5714927.231200000271201,7.304458972000020,51.573155218000068,1,05230112701800680475
05,5,62,024,2023,01,06,5,2,6,2,2,0,1,1,0,0,0,368866.120799999684095,5725947.337500000372529,7.103700986000035,51.669182453000076,1,05230112701500407694
05,5,62,024,2023,01,07,5,3,5,3,2,1,1,0,0,0,0,370470.105100000277162,5725159.448899999260902,7.127174489000026,51.662474044000078,1,05230112701500353351
05,5,62,032,2023,01,12,5,3,2,6,0,0,1,0,0,0,0,375633.486299999989569,5719094.348600000143051,7.203944510000042,51.609132850000037,1,05230112701110380912
05,5,13,000,2023,01,07,5,3,6,2,2,0,1,1,0,0,0,368373.696299999952316,5709633.868400000035763,7.102704667000069,51.522464196000044,1,05230112700000975350
05,5,13,000,2023,01,18,5,3,6,2,2,0,1,1,0,0,0,368249.361100000329316,5708244.942800000309944,7.101432708000061,51.509953264000046,1,05230112700000676320
05,5,13,000,2023,01,08,5,3,6,2,2,0,1,1,0,0,0,368373.703999999910593,5709636.671000000089407,7.102703731000076,51.522489384000039,1,05230112700000189556
05,5,70,008,2023,01,06,4,3,6,2,2,0,1,1,0,0,0,434613.137000000104308,5734961.991000000387430,8.052552362000029,51.761726960000033,1,05230111711313594427
05,5,70,008,2023,01,07,4,3,6,4,2,1,0,1,0,0,0,433502.076500000432134,5733576.540200000628829,8.036720722000041,51.749140825000040,1,05230111711311502616
05,5,66,040,2023,01,13,4,3,2,7,0,1,0,0,0,0,1,422340.399199999868870,5780776.952500000596046,7.864393582000048,52.172001928000043,1,05230111709800381125
05,5,15,000,2023,01,07,4,3,5,3,1,1,1,0,0,0,0,407454.571100000292063,5757857.203800000250340,7.652994140000033,51.963695323000081,1,05230111702100676698
05,5,15,000,2023,01,19,4,3,0,6,2,1,0,0,0,0,0,405782.656000000424683,5755016.808000000193715,7.629445423000050,51.937883711000040,0,05230111702100391784
05,5,15,000,2023,01,14,4,3,5,3,0,0,1,0,0,0,1,405261.842000000178814,5761000.109999999403954,7.620220960000040,51.991575633000082,0,05230111702100070584
05,5,62,024,2023,01,07,4,3,6,2,2,0,1,1,0,0,0,368848.708100000396371,5725912.830700000748038,7.103462287000070,51.668868292000070,1,05230111701500575472
05,5,62,024,2023,01,07,4,3,2,6,2,1,1,0,0,0,0,371131.394299999810755,5725192.441800000146031,7.136718201000065,51.662922573000060,1,05230111701500085437
05,5,54,004,2023,01,17,7,3,5,2,2,0,1,0,0,0,0,362840.072300000116229,5771189.636600000783801,6.998643119000064,52.074278174000028,1,05230114705000060691
05,5,66,028,2023,01,10,3,2,5,3,0,0,1,0,0,0,1,412383.656999999657273,5792767.084000000730157,7.715728692000027,52.278282443000080,0,05230110709700992183
05,5,66,084,2023,01,11,3,2,0,1,0,1,0,0,0,0,0,390139.563099999912083,5775525.568800000473857,7.395393446000071,52.119335816000046,1,05230110709300887286
05,5,58,024,2023,01,07,3,3,1,5,2,1,1,0,0,0,0,392438.328999999910593,5736160.401200000196695,7.441269622000050,51.765985917000080,1,05230110706300165773
05,5,58,016,2023,01,08,3,3,4,2,0,1,1,0,0,0,0,381400.359199999831617,5743212.385800000280142,7.278975236000065,51.827134404000049,1,05230110706100795040
05,5,54,008,2023,01,16,3,3,0,6,0,0,1,0,1,0,0,336551.156200000084937,5747340.678700000047684,6.626728077000053,51.852902693000033,1,05230110705000992155
05,5,54,020,2023,01,10,3,3,5,3,0,1,1,0,0,0,0,364635.705500000156462,5786378.789400000125170,7.018777555000042,52.211200252000026,1,05230110705000920881
05,5,54,012,2023,01,18,3,3,5,3,2,1,1,0,0,0,0,352947.627999999560416,5746249.561000000685453,6.865080035000062,51.847659679000060,1,05230110705000270526
05,5,62,032,2023,01,14,3,3,0,1,0,0,0,0,0,0,1,377086.199000000022352,5716711.261399999260902,7.225748183000064,51.588034437000033,0,05230110701120080912
05,5,15,000,2023,01,18,2,3,0,6,2,1,0,0,0,0,0,404823.277499999850988,5758768.315799999982119,7.614454829000067,51.971440491000067,1,05230116702100479176
05,5,66,008,2023,01,23,6,3,0,7,2,1,0,0,0,0,0,399495.730000000447035,5781532.015900000929832,7.530220731000043,52.175100489000044,0,05230113709110191743
05,5,70,032,2023,01,15,2,3,5,3,0,0,1,0,0,0,0,421165.088000000454485,5766003.799000000581145,7.850630381000030,52.039039672000058,1,05230109711151082074
05,5,54,048,2023,01,16,2,3,0,3,0,1,1,0,0,0,0,341415.632699999958277,5745298.800799999386072,6.698233894000055,51.835961787000031,0,05230109705000397147
05,5,54,068,2023,01,21,2,3,7,3,2,1,1,0,0,0,0,351040.932000000029802,5766549.892000000923872,6.828628185000071,52.029544924000049,1,05230109705000021098
05,5,13,000,2023,01,19,2,3,6,4,2,0,1,1,0,0,0,368062.432000000029802,5708573.729000000283122,7.098617555000033,51.512864368000066,1,05230109700000675481
05,5,13,000,2023,01,20,2,2,5,3,2,1,1,0,0,0,0,368186.125900000333786,5709318.142599999904633,7.100120685000036,51.519583103000059,1,05230109700000395010
05,5,70,004,2023,01,17,3,3,5,3,2,0,1,0,0,0,0,423994.178000000305474,5735228.876900000497699,7.898655082000062,51.762785489000066,1,05230110711216202970
05,5,15,000,2023,01,04,1,2,9,7,2,0,1,0,0,0,0,405623.030100000090897,5757095.180099999532104,7.626553489000059,51.956538014000046,0,05230108702100535375
05,5,15,000,2023,01,12,1,3,1,5,0,1,1,0,0,0,0,404034.956899999640882,5753482.767300000414252,7.604458036000040,51.923796485000082,1,05230108702100168282
05,5,62,014,2023,01,21,1,3,8,1,2,0,1,0,0,0,0,361533.547000000253320,5711581.637800000607967,7.003405993000058,51.538331803000062,1,05230108701300178414
05,5,62,020,2023,01,16,1,3,0,1,1,0,0,0,1,0,0,371210.548100000247359,5717482.747700000181794,7.140697445000058,51.593655361000060,1,05230108701200985644
05,5,62,032,2023,01,23,1,2,8,1,2,0,1,0,0,0,0,376990.567200000397861,5714971.595799999311566,7.224977859000035,51.572378699000069,0,05230108701120486117
05,5,62,032,2023,01,14,1,3,5,3,0,0,1,0,0,0,0,377359.595999999903142,5716348.583000000566244,7.229819328000076,51.584834510000064,1,05230108701120485386
05,5,66,048,2023,01,20,7,3,6,7,2,0,1,1,0,0,0,426254.321200000122190,5792148.575899999588728,7.919135801000039,52.274758626000050,1,05230107709700070261
05,5,15,000,2023,01,09,7,3,0,1,0,0,0,0,0,0,1,404506.929999999701977,5759322.688999999314547,7.609696788000065,51.976369127000055,0,05230107702100591715
05,5,15,000,2023,01,10,7,3,3,6,0,1,0,0,0,0,0,406044.215499999932945,5757513.238299999386072,7.632566673000042,51.960367037000026,0,05230107702100042500
05,5,62,004,2023,01,18,7,2,5,3,2,0,1,0,1,0,0,382905.974399999715388,5715831.023099999874830,7.310009493000052,51.581362638000030,0,05230107701800981555
05,5,58,044,2023,01,08,6,3,6,7,0,0,1,1,0,0,0,395714.420199999585748,5747183.488199999555945,7.485408285000062,51.865682371000048,0,05230106706000992244
05,5,58,016,2023,01,12,6,3,5,3,0,1,1,0,0,0,0,379940.661000000312924,5744614.524000000208616,7.257317289000071,51.839423715000066,1,05230106706000986168
05,5,54,020,2023,01,18,6,3,0,1,2,0,0,0,0,0,1,364922.651100000366569,5786426.156799999997020,7.022955743000068,52.211696271000051,0,05230106705000920881
05,5,62,012,2023,01,14,6,3,5,3,0,1,1,0,0,0,0,358864.758600000292063,5727391.092700000852346,6.958585404000075,51.679732495000053,0,05230106701610895171
05,5,54,032,2023,01,09,5,2,8,7,0,1,0,0,0,0,1,325321.574599999934435,5745472.574599999934435,6.464785100000029,51.832721896000066,0,05230105705000992260
05,5,54,048,2023,01,05,5,3,0,2,2,1,0,0,0,0,0,342529.692200000397861,5745107.313699999824166,6.714477068000065,51.834556653000050,0,05230105705000586932
05,5,15,000,2023,01,06,5,3,1,3,2,1,1,0,0,0,0,406338.268000000156462,5760221.605799999088049,7.636105965000070,51.984760682000058,1,05230105702100491757
05,5,15,000,2023,01,19,5,3,5,3,2,1,1,0,0,0,0,407714.567300000227988,5751460.368799999356270,7.658493400000054,51.906240026000035,1,05230105702100291867
05,5,62,004,2023,01,07,5,2,0,7,2,0,1,0,0,0,0,385210.700500000268221,5717010.944900000467896,7.342872077000038,51.592441707000035,1,05230105701800267135
05,5,62,012,2023,01,14,1,3,5,3,0,0,1,0,1,0,0,358287.048100000247359,5727543.310000000521541,6.950173226000061,51.680954804000066,1,05230108701610071854
05,5,54,008,2023,01,15,4,3,5,2,0,1,1,0,0,0,0,335193.926900000311434,5743901.724300000816584,6.608677626000031,51.821610259000067,1,05230104705000317283
05,5,62,014,2023,01,12,4,2,6,4,0,0,1,1,0,0,0,361698.785099999979138,5716579.758700000122190,7.003820841000049,51.583286313000031,1,05230104701300965867
05,5,66,008,2023,01,14,3,3,5,3,0,1,0,0,0,0,0,399624.895999999716878,5781464.966000000014901,7.532128829000044,52.174521376000030,1,05230103709110772342
05,5,54,012,2023,01,11,3,2,2,6,0,1,1,0,0,0,0,352594.360000000335276,5745999.910000000149012,6.860061533000021,51.845323426000050,0,05230103705000579122
05,5,54,012,2023,01,18,3,3,5,3,2,1,1,0,0,0,0,352399.555999999865890,5747661.167999999597669,6.856526293000059,51.860198183000080,1,05230103705000396108
05,5,62,032,2023,01,16,2,2,5,3,1,1,1,0,0,0,0,377331.515999999828637,5716516.081299999728799,7.229355703000067,51.586333755000055,1,05230116701120581315
05,5,15,000,2023,01,16,3,2,5,2,0,1,1,0,0,0,0,407854.888100000098348,5757275.666899999603629,7.658975068000075,51.958534644000054,0,05230103702100995613
05,5,15,000,2023,01,15,3,2,9,7,0,0,1,0,0,0,0,408956.053700000047684,5754296.144300000742078,7.675785173000065,51.931934189000060,0,05230103702100896580
05,5,15,000,2023,01,11,3,3,0,5,0,1,0,0,0,0,0,406445.391900000162423,5760980.519300000742078,7.637458379000066,51.991600176000077,0,05230103702100074756
05,5,62,004,2023,01,10,3,3,2,6,0,0,1,0,0,0,1,382806.110600000247359,5712316.293999999761581,7.309740875000045,51.549752523000052,0,05230103701800180946
05,5,62,014,2023,01,16,3,3,6,4,1,0,1,1,0,0,0,360796.231399999931455,5715645.393899999558926,6.991172726000059,51.574667835000071,1,05230103701300877663
05,5,13,000,2023,01,12,3,3,1,5,0,1,1,0,0,0,0,364911.616700000129640,5716172.097100000828505,7.050321035000024,51.580402187000061,1,05230103700000095020
05,5,12,000,2023,01,18,7,3,2,6,2,0,1,0,0,0,0,357296.688199999742210,5709139.196599999442697,6.943344511000021,51.515329133000080,1,05230114701400447836
05,5,66,076,2023,01,16,2,3,5,3,1,0,1,0,0,0,0,396013.017099999822676,5788678.120400000363588,7.477113835000068,52.238680497000075,1,05230102709500076680
05,5,66,004,2023,01,05,2,3,6,1,2,0,0,1,1,0,0,392259.204300000332296,5769954.577800000086427,7.428100993000044,52.069684103000043,1,05230102709000576751
05,5,54,008,2023,01,15,2,3,5,3,0,0,1,0,0,0,1,335259.157300000078976,5746971.073499999940395,6.608161991000031,51.849202607000052,1,05230102705000196647
05,5,15,000,2023,01,17,2,3,0,1,2,0,0,0,0,0,1,406706.340300000272691,5753573.173499999567866,7.643269365000037,51.925063176000037,1,05230102702100896615
05,5,62,008,2023,01,17,2,3,2,6,2,0,1,0,0,0,0,385944.350800000131130,5724053.523800000548363,7.351165220000041,51.655888111000081,1,05230102701910474177
05,5,62,024,2023,01,11,2,3,5,3,0,1,1,0,0,0,0,370134.476200000382960,5724652.177100000903010,7.122513023000067,51.657837911000058,1,05230102701500485013
05,5,12,000,2023,01,11,2,3,6,7,0,0,1,1,0,0,0,356334.092400000430644,5719140.674399999901652,6.925394302000029,51.604955920000066,1,05230102701400094388
05,5,62,014,2023,01,20,2,3,0,7,2,1,0,1,0,0,0,358666.775799999944866,5715170.128000000491738,6.960654879000060,51.569867307000038,0,05230102701300386111
05,5,13,000,2023,01,06,1,3,0,7,2,0,0,0,0,0,1,367656.349799999967217,5709120.207499999552965,7.092563712000072,51.517680440000049,0,05230101700000480344
05,5,13,000,2023,01,17,2,3,2,6,2,0,1,0,0,0,0,366388.100999999791384,5706423.484999999403954,7.075317440000049,51.493147418000035,1,05230102700000395091
05,5,54,056,2023,01,23,7,3,6,4,2,0,1,1,0,0,0,356920.914200000464916,5762456.135099999606609,6.915988110000058,51.994310528000028,1,05230114705000493442
05,5,15,000,2023,01,16,7,3,1,5,0,1,1,0,0,0,0,405095.882600000128150,5756368.639399999752641,7.619085090000056,51.949917847000052,1,05230114702100468373
05,5,70,028,2023,01,14,4,2,5,2,0,1,1,0,0,0,0,442484.870000000111759,5743632.203999999910593,8.165160384000046,51.840538771000070,0,05230111711413097002