ULAND,UREGBEZ,UKREIS,UGEMEINDE,UJAHR,UMONAT,USTUNDE,UWOCHENTAG,UKATEGORIE,UART,UTYP1,ULICHTVERH,IstRad,IstPKW,IstFuss,IstKrad,IstGkfz,IstSonstige,LINREFX,LINREFY,XGCSWGS84,YGCSWGS84,STRZUSTAND,UIDENTSTLAE
05,5,54,044,2023,03,18,4,3,2,6,2,1,1,0,0,0,0,365083.290000000037253,5741202.273000000044703,7.043117722000034,51.805369666000047,0,05230301705000091738
05,5,62,020,2023,03,18,4,3,0,1,2,1,0,0,0,0,0,367248.941100000403821,5719303.921800000593066,7.082849317000068,51.609101833000068,0,05230301701200095082
05,5,70,008,2023,02,16,3,3,2,2,0,1,1,0,0,0,0,432825.281299999915063,5739102.626800000667572,8.025849161000053,51.798739631000046,0,05230228711300496538
05,5,66,084,2023,02,15,3,3,6,7,0,1,0,1,0,0,0,389966.649000000208616,5775610.009800000116229,7.392841660000045,52.120060320000050,0,05230228709300387312
05,5,54,008,2023,02,15,3,3,5,3,0,0,1,0,0,0,0,336380.609699999913573,5744995.022299999371171,6.625363593000031,51.831780600000059,0,05230228705000991253
05,5,54,012,2023,02,16,3,3,5,2,0,1,1,0,0,0,0,352554.367899999953806,5746057.623900000005960,6.859456784000031,51.845831421000071,0,05230228705000320734
05,5,15,000,2023,02,16,3,2,5,3,0,1,0,0,0,0,1,407111.704400000162423,5754806.147900000214577,7.648829776000071,51.936213629000065,0,05230228702100879188
05,5,15,000,2023,02,07,3,3,4,6,0,0,1,0,0,0,0,399965.198699999600649,5756156.177300000563264,7.544517592000034,51.947109131000047,0,05230228702100542872
05,5,15,000,2023,02,08,3,3,5,3,0,1,1,0,0,0,0,407598.612999999895692,5753990.255999999120831,7.656129456000031,51.928960977000031,0,05230228702100068282
05,5,62,024,2023,02,09,3,3,5,3,0,0,1,0,1,0,0,369908.817099999636412,5723519.164300000295043,7.119674022000027,51.647603744000037,0,05230228701500568263
05,5,12,000,2023,02,16,3,3,5,3,0,1,1,0,0,0,0,358240.688000000081956,5710726.753000000491738,6.956301466000070,51.529832528000043,0,05230228701400789660
05,5,62,020,2023,02,13,3,3,5,7,0,1,1,0,0,0,0,371268.851200000382960,5717900.162799999117851,7.141385522000064,51.597419932000037,0,05230228701200099916
05,5,13,000,2023,02,14,3,3,4,6,0,0,1,0,0,0,0,367342.070600000210106,5715202.563999999314547,7.085743752000042,51.572266680000041,0,05230228700000569608
05,5,13,000,2023,02,09,3,3,0,2,0,0,1,0,0,0,1,365206.421000000089407,5715829.304999999701977,7.054704759000060,51.577392294000049,0,05230228700000289580
05,5,66,068,2023,02,12,2,2,6,2,0,0,1,1,0,0,0,376143.339599999599159,5785347.728299999609590,7.187487491000070,52.204641705000029,0,05230227709300096684
05,5,58,016,2023,02,14,2,3,0,1,0,1,0,0,0,0,0,381623.474000000394881,5743250.291999999433756,7.282198368000024,51.827522394000027,0,05230227706000396582
05,5,54,048,2023,02,07,2,2,5,2,0,1,1,0,0,0,0,340990.593999999575317,5745443.601800000295043,6.692003539000041,51.837141827000039,0,05230227705000991281
05,5,54,004,2023,02,21,2,3,0,1,2,1,1,0,0,0,0,363686.320299999788404,5771693.350199999287724,7.010781753000060,52.079013202000056,0,05230227705000974672
05,5,15,000,2023,02,15,2,2,4,6,0,1,1,0,0,0,0,407518.189000000245869,5760496.818800000473857,7.653208498000026,51.987432119000061,0,05230227702100374725
05,5,15,000,2023,02,08,2,3,4,7,0,1,0,0,0,0,0,406450.697999999858439,5760956.809000000357628,7.637542103000044,51.991387951000036,0,05230227702100194895
05,5,62,012,2023,02,12,2,3,5,3,0,0,1,0,0,0,0,358686.393500000238419,5728066.746999999508262,6.955733751000025,51.685758885000041,0,05230227701610195000
05,5,12,000,2023,02,07,2,3,5,3,0,0,1,0,0,0,0,360311.127000000327826,5710781.087999999523163,6.986108785000056,51.530836792000059,0,05230227701400881223
05,5,62,032,2023,02,06,2,3,6,4,2,1,0,1,0,0,0,375415.794900000095367,5714407.183299999684095,7.202466029000050,51.566960424000058,0,05230227701120378743
05,5,13,000,2023,02,17,2,3,5,2,0,0,1,0,0,0,0,368383.822499999776483,5708931.280799999833107,7.103112950000025,51.516152566000073,0,05230227700000220606
05,5,13,000,2023,02,16,2,3,5,3,0,1,1,0,0,0,0,369658.309200000017881,5710326.922100000083447,7.120954207000068,51.528990488000034,0,05230227700000194976
05,5,15,000,2023,02,13,2,3,8,5,0,0,1,0,0,0,0,406919.871700000017881,5755020.297499999403954,7.645982230000072,51.938106468000058,0,05230227702100674470
05,5,58,016,2023,02,12,1,3,4,1,0,0,1,0,0,0,0,377669.484000000171363,5745594.444399999454618,7.224021070000049,51.847737238000036,0,05230226706000525216
05,5,54,020,2023,02,13,1,3,1,6,0,0,1,0,0,0,0,365408.550999999977648,5783665.676000000908971,7.031159754000043,52.187011310000059,0,05230226705000051912
05,5,15,000,2023,02,16,1,3,1,7,0,1,1,0,0,0,0,404806.212500000372529,5754306.454500000923872,7.615442390000055,51.931332560000044,0,05230226702100991806
05,5,66,076,2023,02,18,7,3,5,3,1,1,1,0,0,0,0,393554.487999999895692,5793283.940999999642372,7.439670662000026,52.279604166000070,0,05230225709500076615
05,5,54,004,2023,02,11,7,3,0,1,0,1,0,0,0,0,0,360889.610399999655783,5770758.786199999973178,6.970377930000041,52.069920382000078,1,05230225705000991297
05,5,15,000,2023,02,12,7,2,8,5,0,1,0,0,0,0,1,401804.538800000213087,5754088.058299999684095,7.571860937000054,51.928848080000080,1,05230225702100226923
05,5,62,004,2023,02,00,7,3,8,1,2,0,1,0,0,0,0,382786.661999999545515,5711327.777699999511242,7.309789803000058,51.540863955000077,1,05230225701800967135
05,5,62,012,2023,02,13,7,3,0,1,0,0,0,0,1,0,0,365038.001000000163913,5732774.116000000387430,7.045735692000051,51.729622708000079,1,05230225701610089700
05,5,70,036,2023,02,09,6,3,0,5,0,1,1,0,0,0,0,434187.406700000166893,5760576.535700000822544,8.041500270000029,51.991949148000060,0,05230224711100896160
05,5,70,052,2023,02,11,6,3,5,3,0,1,1,0,0,0,0,429964.745000000111759,5756419.689999999478459,7.980859511000062,51.954064411000047,1,05230224711100202617
05,5,66,028,2023,02,07,6,3,5,3,0,1,1,0,0,0,0,413350.478000000119209,5791910.717000000178814,7.730116487000032,52.270738386000062,0,05230224709700134935
05,5,66,028,2023,02,09,6,3,5,3,0,1,1,0,0,0,0,412345.064000000245869,5792336.755000000819564,7.715275014000042,52.274408376000054,1,05230224709700072375
05,5,66,012,2023,02,06,6,3,0,3,2,1,1,0,0,0,0,404925.169599999673665,5773615.138199999928474,7.611809516000051,52.104905127000052,0,05230224709110779198
05,5,54,020,2023,02,19,6,3,6,4,2,0,1,1,0,0,0,365966.674599999561906,5782714.978900000452995,7.039694737000048,52.178604820000032,1,05230224705000991310
05,5,54,004,2023,02,17,6,3,1,7,0,0,1,0,1,0,0,363218.648799999617040,5771686.354499999433756,7.003964327000062,52.078835009000045,1,05230224705000495870
05,5,15,000,2023,02,22,6,3,5,3,2,0,0,0,0,0,1,405616.319600000046194,5758611.330800000578165,7.626039183000046,51.970164687000079,0,05230224702100756377
05,5,15,000,2023,02,14,6,3,5,2,0,0,1,0,0,0,1,401544.779500000178814,5758098.041400000452995,7.566935827000066,51.964844835000065,1,05230224702100348540
05,5,62,020,2023,02,12,6,3,0,7,0,0,0,0,0,0,1,371028.391800000332296,5719221.921800000593066,7.137429658000030,51.609243330000027,1,05230224701200285350
05,5,54,020,2023,03,07,4,3,7,2,1,0,1,1,0,0,0,364665.315000000409782,5786498.836999999359250,7.019162652000034,52.212286183000060,0,05230301705000564192
05,5,70,004,2023,02,19,5,3,5,3,2,1,1,0,0,0,0,425062.127000000327826,5734400.361800000071526,7.914305595000030,51.755481325000062,1,05230223711200691793
05,5,70,036,2023,02,14,5,3,6,7,0,0,1,1,0,0,0,433799.542000000365078,5759469.815999999642372,8.036065877000055,51.981953965000059,1,05230223711100281021
05,5,66,012,2023,02,11,5,3,5,3,0,1,1,0,0,0,0,404960.150999999605119,5774204.467000000178814,7.612155653000059,52.110208116000081,1,05230223709110296565
05,5,54,012,2023,02,10,5,3,0,3,0,1,1,0,0,0,0,352124.098000000230968,5745892.617399999871850,6.853285618000029,51.844235066000067,1,05230223705000487245
05,5,54,020,2023,02,16,5,3,5,2,0,0,1,0,1,0,0,365822.893000000156462,5785655.564999999478459,7.036428996000041,52.204992164000032,1,05230223705000172428
05,5,15,000,2023,02,19,5,3,3,1,2,1,1,0,0,0,0,404888.575400000438094,5758477.966299999505281,7.615485553000042,51.968841899000040,1,05230223702100876770
05,5,15,000,2023,02,15,5,3,0,7,0,1,1,0,0,0,0,405631.188199999742210,5758155.807199999690056,7.626380766000068,51.966072774000054,1,05230223702100174725
05,5,62,004,2023,02,18,5,3,6,7,2,0,1,1,0,0,0,383067.373200000263751,5713719.185699999332428,7.313040734000026,51.562415557000065,1,05230223701800095038
05,5,62,020,2023,02,09,5,2,8,1,0,0,1,0,0,1,0,371074.675800000317395,5717270.544399999082088,7.138814968000077,51.591717246000030,0,05230223701200995983
05,5,70,004,2023,02,09,4,3,6,7,0,0,1,1,0,0,0,422387.156299999915063,5734571.119500000029802,7.875520597000047,51.756652069000040,1,05230222711200387238
05,5,66,008,2023,02,06,4,3,0,1,2,0,0,0,0,0,1,399567.831600000150502,5781642.529899999499321,7.531242053000028,52.176106889000039,1,05230222709110170631
05,5,58,012,2023,02,16,4,3,5,3,0,1,1,0,0,0,0,374579.285000000149012,5755236.565999999642372,7.175675876000071,51.933701196000072,0,05230222706200879104
05,5,54,012,2023,02,13,4,3,5,3,0,1,1,0,0,0,0,351801.574699999764562,5745500.120500000193715,6.848775276000026,51.840623029000028,0,05230222705000081030
05,5,62,032,2023,02,18,4,3,5,3,2,0,1,0,0,0,0,377323.669099999591708,5715740.436799999326468,7.229513508000025,51.579361095000081,0,05230222701120091013
05,5,13,000,2023,02,16,4,3,5,7,0,0,1,0,0,0,1,367100.025899999774992,5715158.140900000929832,7.082269951000058,51.571810465000056,0,05230222700000875311
05,5,66,028,2023,02,15,3,3,0,2,0,1,0,0,0,0,0,411970.428299999795854,5792413.853599999099970,7.709765503000028,52.275041500000043,1,05230221709700991353
05,5,58,036,2023,02,15,3,3,6,7,0,0,0,1,0,0,1,388181.360100000165403,5729712.047299999743700,7.381677840000066,51.707195608000063,0,05230221706300196685
05,5,54,004,2023,02,07,3,3,5,3,0,0,1,0,0,0,0,364020.341000000014901,5771307.878299999982119,7.015806564000059,52.075631698000052,1,05230221705000555673
05,5,54,020,2023,02,13,3,3,1,6,0,0,1,0,0,0,0,365822.853400000371039,5786653.784900000318885,7.036032806000037,52.213961512000026,1,05230221705000320951
05,5,15,000,2023,02,16,3,3,0,1,0,0,0,0,1,0,0,406806.786100000143051,5758742.607300000265241,7.643328102000055,51.971545547000062,1,05230221702100796505
05,5,62,004,2023,02,13,3,3,5,3,0,0,1,0,0,0,0,379784.815200000070035,5715475.906400000676513,7.265106046000028,51.577513937000049,1,05230221701800250525
05,5,62,012,2023,02,11,3,3,5,3,0,0,1,0,0,0,1,364642.475999999791384,5732843.239000000059605,7.039985180000031,51.730148501000031,0,05230221701620698911
05,5,13,000,2023,02,11,3,3,5,3,0,1,1,0,0,0,0,364955.717100000008941,5709605.095899999141693,7.053478266000070,51.521398734000059,0,05230221700000215750
05,5,13,000,2023,02,10,3,3,3,6,0,1,1,0,0,0,0,362925.738400000147521,5711563.286100000143051,7.023474694000072,51.538506678000033,0,05230221700000179550
05,5,66,016,2023,02,14,2,3,5,3,0,0,1,0,0,0,0,404404.242999999783933,5789927.508999999612570,7.599608017000037,52.251431033000074,1,05230220709500979180
05,5,58,012,2023,02,09,2,3,8,1,0,0,1,0,0,0,0,371530.650999999605119,5754524.365000000223517,7.131622618000051,51.926605811000059,0,05230220706200749813
05,5,62,020,2023,02,15,2,3,5,3,0,0,1,0,0,0,1,372131.731999999843538,5719202.794999999925494,7.153361802000063,51.609323091000078,0,05230220701200095010
05,5,13,000,2023,02,19,2,3,9,7,2,0,1,0,0,0,0,366744.660400000400841,5707259.427600000053644,7.080134888000032,51.500743917000079,0,05230220700000575352
05,5,58,012,2023,02,18,1,3,8,5,2,1,1,0,0,0,0,370845.669099999591708,5755223.579500000923872,7.121404016000042,51.932730622000065,1,05230219706200581438
05,5,54,008,2023,02,14,1,3,5,2,0,1,1,0,0,0,0,336395.535000000149012,5746474.312999999150634,6.624880489000020,51.845074145000069,1,05230219705000096647
05,5,12,000,2023,02,14,1,3,1,5,0,1,1,0,0,0,0,353604.413999999873340,5710693.409800000488758,6.889523663000034,51.528349962000050,1,05230219701400289645
05,5,54,008,2023,02,09,7,2,5,3,0,1,1,0,0,0,0,335721.527999999932945,5745219.107999999076128,6.615700782000033,51.833600231000048,1,05230218705000580893
05,5,54,028,2023,02,21,7,3,5,3,2,0,1,0,0,0,0,357460.881000000052154,5743585.593000000342727,6.931654471000058,51.824893560000078,1,05230218705000205266
05,5,15,000,2023,02,23,7,3,4,6,2,1,0,0,0,0,0,404649.621700000017881,5752740.836600000038743,7.613599252000029,51.917233294000027,1,05230218702100072722
05,5,54,024,2023,02,02,7,3,6,7,2,1,0,1,0,0,0,370196.784799999557436,5777751.783399999141693,7.103421958000069,52.135018087000049,0,05230218705000991380
05,5,62,012,2023,02,01,7,3,0,1,2,0,1,0,0,0,0,359719.699300000444055,5726304.406700000166893,6.971379574000025,51.670181921000051,1,05230218701610081220
05,5,62,032,2023,02,15,7,3,3,2,0,0,1,0,0,0,0,375902.462199999950826,5717322.099799999967217,7.208453979000069,51.593264695000073,0,05230218701110881810
05,5,66,056,2023,02,14,6,3,0,1,0,1,0,0,0,0,0,417854.726200000382960,5796805.906199999153614,7.794918139000060,52.315430265000032,1,05230217709700991395
05,5,66,076,2023,02,07,6,3,6,4,2,0,1,1,0,0,0,393501.578999999910593,5796691.176999999210238,7.437818194000045,52.310215307000078,1,05230217709500155964
05,5,58,016,2023,02,18,6,3,0,7,1,0,1,0,0,0,0,381377.530299999751151,5743605.219699999317527,7.278509496000027,51.830660018000060,0,05230217706000996571
05,5,54,024,2023,02,13,6,3,4,1,0,1,1,0,0,0,0,370288.891999999992549,5776451.178200000897050,7.105262924000044,52.123352687000079,0,05230217705000290508
05,5,54,016,2023,02,14,6,3,0,7,0,1,0,0,0,0,0,363525.855200000107288,5757311.042700000107288,7.014173529000061,51.949741219000032,1,05230217705000047856
05,5,15,000,2023,02,15,6,3,1,3,0,0,1,0,0,0,0,405150.353000000119209,5755419.278400000184774,7.620139349000056,51.941393872000049,1,05230217702100670567
05,5,13,000,2023,02,08,6,3,0,1,0,0,0,0,1,0,0,364836.588999999687076,5714980.963999999687076,7.049697194000032,51.569680205000054,1,05230217700000978353
05,5,13,000,2023,02,16,6,3,5,3,0,0,1,0,0,0,0,368022.270700000226498,5713576.324400000274181,7.096163858000068,51.557811861000062,1,05230217700000389637
05,5,70,008,2023,02,17,5,3,6,4,1,0,1,1,0,0,0,432963.660000000149012,5738758.901000000536442,8.027922035000074,51.795666151000034,0,05230216711300694320
05,5,66,048,2023,02,16,5,3,5,3,0,1,1,0,0,0,0,427915.056300000287592,5799320.463300000876188,7.941936142000031,52.339446666000072,0,05230216709700991410
05,5,66,076,2023,02,16,5,3,2,6,0,0,1,0,0,0,0,393669.161000000312924,5794336.296000000089407,7.441018941000038,52.289084076000051,0,05230216709500855964
05,5,66,084,2023,02,21,5,2,8,6,2,1,0,0,0,0,0,385422.011699999682605,5778980.740700000897050,7.325356477000071,52.149429601000065,0,05230216709300881037
05,5,66,064,2023,02,15,5,3,5,7,0,0,1,0,0,0,0,395166.981599999591708,5770839.512399999424815,7.470235949000028,52.078195606000065,0,05230216709110596547
05,5,58,008,2023,02,10,5,3,6,1,0,0,1,1,0,0,0,382779.990000000223517,5759739.576999999582767,7.293365042000062,51.975957604000030,0,05230216706200396588
05,5,58,024,2023,02,07,5,3,5,3,0,1,1,0,0,0,0,392892.166000000201166,5736673.528000000864267,7.447685566000075,51.770684912000036,0,05230216706000991418
05,5,54,056,2023,02,14,5,3,5,3,0,0,1,0,0,0,0,356534.726999999955297,5762230.385999999940395,6.910461618000056,51.992182550000052,1,05230216705000447428
05,5,54,068,2023,02,13,5,3,0,1,0,1,0,0,0,0,0,350706.842500000260770,5767104.839700000360608,6.823519786000077,52.034440988000028,1,05230216705000391695
05,5,15,000,2023,02,13,5,3,1,5,0,0,1,0,0,0,0,407067.794700000435114,5751672.616499999538064,7.649037160000034,51.908040316000040,0,05230216702100091750
05,5,15,000,2023,02,16,5,3,8,5,0,1,1,0,0,0,0,402253.028599999845028,5758240.804300000891089,7.577200655000070,51.966253006000045,0,05230216702100076681
05,5,66,008,2023,02,15,4,3,0,7,0,1,1,0,0,0,0,399867.834499999880791,5781436.206900000572205,7.535688757000059,52.174307037000062,0,05230215709110879618
05,5,54,048,2023,02,13,4,3,5,3,0,1,1,0,0,0,0,341242.946000000461936,5744587.070000000298023,6.696056109000040,51.829518584000027,0,05230215705000991427
05,5,15,000,2023,02,09,4,3,5,2,0,1,1,0,0,0,0,404473.814600000157952,5757654.353000000119209,7.609679011000026,51.961367838000058,0,05230215702100579224
05,5,15,000,2023,02,06,4,3,5,2,2,1,1,0,0,0,0,403490.355999999679625,5760696.560000000521541,7.594514555000046,51.988542238000036,0,05230215702100550182
05,5,15,000,2023,02,07,4,3,0,4,0,1,0,1,0,0,0,407053.238699999637902,5756671.157999999821186,7.647475375000056,51.952967579000074,2,05230215702100079224
05,5,62,008,2023,02,10,4,3,5,3,0,1,1,0,0,0,0,384606.388000000268221,5723147.064999999478459,7.332130974000052,51.647468069000070,0,05230215701910894975
05,5,62,004,2023,02,07,4,3,2,6,1,0,1,0,0,0,0,385232.714100000448525,5716281.690400000661612,7.343428195000058,51.585891777000029,0,05230215701800949520
05,5,13,000,2023,02,08,4,3,5,3,0,1,1,0,0,0,0,364783.017199999652803,5716072.395899999886751,7.048504555000022,51.579475397000067,0,05230215700000595020
05,5,13,000,2023,02,11,4,2,4,7,0,1,1,0,0,0,0,367726.501699999906123,5708461.125199999660254,7.093821514000069,51.511773880000078,0,05230215700000275256
05,5,13,000,2023,02,09,4,2,5,3,0,1,1,0,0,0,0,365547.344399999827147,5715632.290799999609590,7.059697225000036,51.575703256000054,0,05230215700000095053
05,5,70,028,2023,02,18,3,3,6,4,2,1,0,1,0,0,0,440712.660000000149012,5742770.837400000542402,8.139587226000060,51.832609555000033,0,05230214711400687403
05,5,70,052,2023,02,14,3,3,5,3,0,0,1,0,0,0,1,429989.779299999587238,5756471.887700000777841,7.981213108000077,51.954536800000028,0,05230214711100881617
05,5,66,064,2023,02,17,3,3,6,6,1,1,0,1,0,0,0,395882.967400000430644,5771473.414899999275804,7.480486403000043,52.084028015000058,0,05230214709110574686
05,5,58,020,2023,02,14,3,3,5,3,0,1,1,0,0,0,0,391425.407700000330806,5758682.177200000733137,7.419516431000034,51.968210596000063,0,05230214706000321292
05,5,54,016,2023,02,15,3,3,5,3,0,1,1,0,0,0,0,362336.945000000298023,5757999.152100000530481,6.996609516000035,51.955631287000074,0,05230214705000986785
05,5,54,008,2023,02,15,3,3,5,3,0,1,1,0,0,0,0,335870.741499999538064,5746102.292799999937415,6.617445458000020,51.841578121000055,0,05230214705000395122
05,5,15,000,2023,02,14,3,3,0,7,0,1,0,0,0,0,0,402670.427299999631941,5758134.650299999862909,7.583304364000071,51.965372105000029,0,05230214702100479162
05,5,15,000,2023,02,16,3,3,1,6,0,0,1,0,0,0,0,404950.703499999828637,5756797.180900000035763,7.616854781000029,51.953744964000066,0,05230214702100476107
05,5,15,000,2023,02,09,3,3,0,3,0,1,0,0,0,0,0,404843.078999999910593,5758649.197499999776483,7.614776020000022,51.970373202000076,0,05230214702100191783
05,5,15,000,2023,02,06,3,3,5,3,2,1,1,0,0,0,0,401567.211199999786913,5757722.001399999484420,7.567369999000050,51.961468884000055,0,05230214702100079168
05,5,13,000,2023,02,11,3,3,2,6,0,0,1,0,0,0,0,365680.781399999745190,5710825.580199999734759,7.063457470000060,51.532539567000072,0,05230214700000720422
05,5,13,000,2023,02,16,3,3,6,4,0,0,1,1,0,0,0,365087.018500000238419,5715791.316500000655651,7.052997245000029,51.577022348000071,0,05230214700000195034
05,5,66,040,2023,02,13,2,3,4,2,0,1,1,0,0,0,0,421242.162999999709427,5782794.722999999299645,7.847869057000025,52.189983731000041,0,05230213709800096586
05,5,66,028,2023,02,10,2,3,4,2,0,0,1,0,0,0,0,414498.401999999769032,5791993.960000000894070,7.746914281000045,52.271666307000032,0,05230213709700172375
05,5,66,064,2023,02,05,2,3,0,7,2,1,0,0,0,0,0,395281.882000000216067,5771438.476999999955297,7.471728087000031,52.083600624000042,1,05230213709110991476
05,5,54,048,2023,02,17,2,3,6,4,0,1,0,1,0,0,0,342008.666500000283122,5745761.310799999162555,6.706622798000069,51.840285037000058,0,05230213705000595122
05,5,54,020,2023,02,15,2,3,5,3,0,1,1,0,0,0,0,367205.497499999590218,5782257.774800000712276,7.057980810000061,52.174796173000061,0,05230213705000020848
05,5,62,004,2023,02,16,2,3,1,5,0,1,1,0,0,0,0,383337.564799999818206,5714117.442700000479817,7.316804721000040,51.566050945000029,0,05230213701800990751
05,5,62,012,2023,02,11,2,3,5,3,0,0,1,0,1,0,0,361870.797600000165403,5724909.908600000664592,7.003017685000032,51.658183928000028,0,05230213701610086128
05,5,12,000,2023,02,09,2,3,6,2,0,0,1,1,0,0,0,356230.939000000245869,5709875.302699999883771,6.927695296000024,51.521673439000040,0,05230213701400878150
05,5,62,032,2023,02,13,2,1,0,1,0,0,0,0,1,0,0,375848.323300000280142,5715320.408199999481440,7.208380673000022,51.575263172000064,0,05230213701110081328
05,5,13,000,2023,02,14,2,3,0,7,0,1,0,0,0,0,0,365680.426400000229478,5709630.596599999815226,7.063908036000043,51.521800707000068,0,05230213700000895032
05,5,58,016,2023,02,20,1,3,6,4,2,0,1,1,0,0,0,382259.533999999985099,5743287.960999999195337,7.291411195000023,51.827995347000069,0,05230212706100494962
05,5,15,000,2023,02,15,1,3,3,6,0,1,0,0,0,0,0,407647.076600000262260,5755655.910499999299645,7.656386873000031,51.943940893000047,0,05230212702100568282
05,5,62,032,2023,02,20,1,3,5,3,2,0,1,0,0,0,0,375624.565000000409782,5719117.581000000238419,7.203807497000071,51.609339672000033,0,05230212701110191800
05,5,13,000,2023,02,14,1,3,5,3,0,0,1,0,0,0,0,367720.616000000387430,5709141.678999999538064,7.093481355000051,51.517888451000033,0,05230212700000471500
05,5,58,020,2023,02,10,7,3,6,3,0,0,1,1,0,0,0,390937.012099999934435,5759625.770600000396371,7.412110157000029,51.976595573000054,0,05230211706200084917
05,5,58,012,2023,02,00,7,2,0,1,2,1,0,0,0,0,0,373740.211099999956787,5756271.076500000432134,7.163098009000066,51.942808035000041,0,05230211706000096670
05,5,54,044,2023,02,12,7,3,5,3,0,1,1,0,0,0,0,365754.902999999932945,5743827.837999999523163,7.051835379000067,51.829124754000077,0,05230211705000038825
05,5,62,036,2023,02,17,7,3,2,7,1,0,1,0,0,0,1,388534.391400000080466,5720288.435900000855327,7.389791018000039,51.622567255000035,0,05230211701930875253
05,5,62,008,2023,02,01,7,2,8,1,2,1,0,0,0,0,0,385899.888899999670684,5724217.943700000643730,7.350469086000032,51.657356853000067,0,05230211701910767142
05,5,62,032,2023,02,14,7,3,2,6,0,0,1,1,0,0,0,376537.118700000457466,5719725.728499999269843,7.216765211000052,51.615006058000063,1,05230211701110189513
05,5,13,000,2023,02,16,7,2,6,7,0,0,1,1,0,0,0,369758.264100000262260,5707856.301100000739098,7.123307391000026,51.506810402000042,0,05230211700000195052
05,5,70,044,2023,02,11,6,3,5,3,0,1,1,0,0,0,0,415995.707499999552965,5759868.737900000065565,7.776786541000035,51.983133161000069,0,05230210711100091830
05,5,66,060,2023,02,18,6,3,0,7,2,0,1,1,0,0,0,388635.864000000059605,5789622.905999999493361,7.368810155000062,52.245728336000070,0,05230210709500676741
05,5,54,008,2023,02,06,6,3,5,3,2,0,1,0,0,0,0,335720.164900000207126,5745147.847699999809265,6.615714843000035,51.832959669000047,1,05230210705000991516
05,5,54,012,2023,02,09,6,3,5,7,0,1,1,0,0,0,0,352369.912999999709427,5746086.941899999976158,6.856768463000037,51.846046099000034,1,05230210705000891585
05,5,62,016,2023,02,13,6,3,8,7,0,0,1,0,0,0,0,376811.165300000458956,5736977.850700000301003,7.214629674000037,51.770112244000074,0,05230210701700786133
05,5,62,020,2023,02,15,6,3,5,3,0,0,1,0,0,0,0,370199.917600000277162,5718886.979100000113249,7.125595950000047,51.606042905000038,0,05230210701200475230
05,5,13,000,2023,02,08,6,3,5,3,0,0,1,0,0,0,0,367663.759999999776483,5713555.016100000590086,7.091003291000050,51.557536376000030,0,05230210700000895174
05,5,70,020,2023,03,11,6,2,0,7,0,0,0,0,0,0,1,433174.875000000000000,5745505.983799999579787,8.029681858000060,51.856347278000044,0,05230324711400496893
05,5,70,004,2023,03,10,6,3,3,7,0,0,1,0,0,0,0,423827.345200000330806,5735163.259800000116229,7.896252499000070,51.762172942000063,0,05230324711200391770
05,5,66,008,2023,03,13,6,3,5,3,0,1,1,0,0,0,0,399641.491200000047684,5780797.577099999412894,7.532568835000063,52.168526074000056,1,05230324709110955930
05,5,66,012,2023,03,15,6,3,6,4,0,0,1,1,0,0,0,404861.330699999816716,5772190.743699999526143,7.611275410000076,52.092091460000063,0,05230324709110179618
05,5,54,020,2023,03,14,6,3,5,3,0,1,1,0,0,0,0,366454.986999999731779,5786237.703999999910593,7.045443723000062,52.210376427000028,1,05230324705000820881
05,5,15,000,2023,03,11,6,3,5,7,0,1,1,0,0,0,0,406603.816200000233948,5759042.875299999490380,7.640292536000061,51.974210425000081,0,05230324702100092911
05,5,13,000,2023,03,07,6,3,0,1,0,0,0,0,1,0,0,368253.537399999797344,5707900.763100000098348,7.101621447000070,51.506861172000072,1,05230324700000580915
05,5,66,076,2023,03,16,5,2,2,1,0,0,1,0,0,0,1,393592.553000000305474,5795712.033999999985099,7.439461612000059,52.301433237000026,1,05230323709500990887
05,5,66,076,2023,03,16,5,3,2,1,0,0,1,0,0,0,0,393642.036000000312924,5794137.625000000000000,7.440684107000038,52.287293334000026,0,05230323709500536406
05,5,66,084,2023,03,15,5,3,0,1,0,1,1,0,0,0,0,390112.526499999687076,5774140.626399999484420,7.395445735000067,52.106883612000047,0,05230323709000772438
05,5,58,012,2023,03,10,5,3,1,1,0,1,1,0,0,0,0,374666.255800000391901,5756726.581000000238419,7.176397205000058,51.947110798000040,1,05230323706200179104
05,5,54,008,2023,03,22,5,3,7,1,2,1,1,0,0,0,0,336485.706399999558926,5746300.478399999439716,6.626270519000059,51.843538919000082,1,05230323705000990883
05,5,15,000,2023,03,14,5,3,5,6,0,1,1,0,0,0,0,406895.784699999727309,5754607.043199999257922,7.645743805000052,51.934387884000046,0,05230323702100776693
05,5,12,000,2023,03,14,5,3,0,7,0,1,0,0,0,0,1,357515.426599999889731,5709326.800400000065565,6.946418974000039,51.517070136000029,1,05230323701400778414
05,5,62,014,2023,03,10,5,3,3,6,0,0,1,0,0,0,1,362037.026700000278652,5716094.423000000417233,7.008890379000036,51.579007908000051,1,05230323701300089501