ULAND,UREGBEZ,UKREIS,UGEMEINDE,UJAHR,UMONAT,USTUNDE,UWOCHENTAG,UKATEGORIE,UART,UTYP1,ULICHTVERH,IstRad,IstPKW,IstFuss,IstKrad,IstGkfz,IstSonstige,LINREFX,LINREFY,XGCSWGS84,YGCSWGS84,STRZUSTAND,UIDENTSTLAE
05,5,13,000,2023,03,19,5,3,5,3,2,0,1,0,0,1,0,369025.468999999575317,5715470.585999999195337,7.109920975000023,51.575068905000080,1,05230323700000689580
05,5,13,000,2023,03,11,5,3,2,7,0,0,1,0,1,0,0,364278.018000000156462,5716176.812000000849366,7.041180464000035,51.580292343000053,1,05230323700000595148
05,5,13,000,2023,03,22,5,3,1,5,2,0,1,0,0,0,0,367145.358099999837577,5709294.051699999719858,7.085137796000026,51.519122774000039,1,05230323700000595106
05,5,66,028,2023,03,07,4,3,5,3,0,0,1,0,0,0,1,411532.400999999605119,5793080.672000000253320,7.703172233000032,52.280964704000041,0,05230322709700070261
05,5,15,000,2023,03,13,4,3,4,2,0,1,0,0,0,0,0,406112.864000000059605,5757493.588999999687076,7.633570847000044,51.960202017000029,0,05230322702100876693
05,5,15,000,2023,03,15,4,3,5,3,0,1,1,0,0,0,0,404576.113499999977648,5758834.222500000149012,7.610839533000046,51.971990503000029,0,05230322702100374777
05,5,15,000,2023,03,13,4,3,5,2,0,1,1,0,0,0,0,401624.966000000014901,5758857.281999999657273,7.567885042000057,51.971683235000057,0,05230322702100088887
05,5,62,020,2023,03,21,4,3,6,2,2,0,1,1,0,0,0,367400.656499999575317,5718925.793999999761581,7.085182032000034,51.605739524000057,1,05230322701200687636
05,5,13,000,2023,03,08,4,2,0,3,0,0,1,0,0,0,0,369659.323200000450015,5710326.811400000005960,7.120968858000026,51.528989727000067,0,05230322700000186113
05,5,66,012,2023,03,07,4,3,5,3,0,0,1,0,0,0,1,404572.968999999575317,5772459.366000000387430,7.606992375000061,52.094456229000059,0,05230322709110679100
05,5,66,076,2023,03,07,3,3,0,3,0,0,1,0,0,0,0,395997.739000000059605,5787720.286000000312924,7.477184856000065,52.230069151000066,1,05230321709500990925
05,5,66,084,2023,03,07,3,3,5,3,0,0,1,0,0,0,1,385466.594999999739230,5778384.927999999374151,7.326208625000049,52.144084344000078,1,05230321709300674742
05,5,66,064,2023,03,11,3,3,3,5,0,1,1,0,0,0,0,395847.520499999634922,5771436.637599999085069,7.479980510000075,52.083690805000060,1,05230321709110070631
05,5,54,020,2023,03,09,3,3,2,6,0,1,1,0,0,0,0,364667.815000000409782,5786516.914999999105930,7.019191992000060,52.212449232000040,0,05230321705000081003
05,5,62,014,2023,03,16,3,3,5,3,0,0,1,0,0,0,0,358915.365000000223517,5713154.806099999696016,6.965048183000022,51.551819970000054,0,05230321701300086670
05,5,62,020,2023,03,23,3,3,5,7,2,0,1,0,1,0,0,371379.688099999912083,5716737.587600000202656,7.143410989000074,51.586997351000036,0,05230321701200278095
05,5,70,004,2023,03,17,2,3,5,3,0,1,1,0,0,0,0,422745.753600000403821,5735585.101199999451637,7.880489556000043,51.765816947000076,1,05230320711200090684
05,5,66,068,2023,03,18,2,2,5,3,1,1,1,0,0,0,0,376474.599999999627471,5785096.630000000819564,7.192424107000022,52.202459631000067,1,05230320709300516766
05,5,58,020,2023,03,09,2,3,5,3,0,0,1,0,0,0,1,391296.762000000104308,5759028.555999999865890,7.417534875000058,51.971298558000058,0,05230320706000387453
05,5,66,048,2023,03,19,5,3,6,7,1,1,0,1,0,0,0,428440.672000000253320,5795894.748999999836087,7.950378745000023,52.308721916000081,1,05230323709700491642
05,5,70,004,2023,03,09,1,3,5,3,0,1,1,0,0,0,0,424379.634800000116229,5735290.137399999424815,7.904226018000031,51.763388391000035,0,05230319711200877897
05,5,66,012,2023,03,11,1,3,0,7,0,0,0,0,1,0,0,404960.412499999627471,5774209.126800000667572,7.612158169000054,52.110250044000054,0,05230319709110990951
05,5,58,012,2023,03,21,1,3,9,1,2,1,1,0,0,0,0,374579.285000000149012,5755236.565999999642372,7.175675876000071,51.933701196000072,0,05230319706200849813
05,5,58,020,2023,03,14,1,3,5,3,0,1,1,0,0,0,0,391424.929999999701977,5758682.808800000697374,7.419509281000046,51.968216179000081,0,05230319706000070571
05,5,15,000,2023,03,18,1,3,5,2,1,1,1,0,0,0,0,405700.243400000035763,5756936.861700000241399,7.627720261000036,51.955128077000040,0,05230319702100779101
05,5,13,000,2023,03,17,1,3,5,2,1,0,1,0,1,0,0,365954.701000000350177,5709149.218000000342727,7.068042139000056,51.517539919000058,1,05230319700000794976
05,5,70,052,2023,03,13,7,3,5,3,0,0,1,0,1,0,0,431134.467000000178814,5755342.605000000447035,7.998094072000072,51.944527866000044,0,05230318711100991830
05,5,66,008,2023,03,16,7,3,0,7,0,1,0,0,0,0,1,397590.933699999935925,5783004.624700000509620,7.501930374000040,52.187985463000075,0,05230318709000776751
05,5,58,004,2023,03,14,7,3,2,6,0,0,1,0,1,0,0,405093.115699999965727,5738482.571299999952316,7.623960830000044,51.789147481000043,0,05230318706000065773
05,5,15,000,2023,03,21,7,3,0,1,2,1,0,0,0,0,0,404821.981399999931455,5757713.400000000372529,7.614728384000045,51.961958287000073,0,05230318702100770514
05,5,62,020,2023,03,20,7,2,4,6,2,0,1,0,0,0,0,368282.179100000299513,5718963.565600000321865,7.097890006000057,51.606285847000038,1,05230318701200489503
05,5,70,004,2023,03,14,6,3,5,3,0,0,1,0,1,0,0,424576.105999999679625,5735348.901900000870228,7.907059659000026,51.763943166000047,0,05230317711200491793
05,5,58,012,2023,03,10,6,3,0,1,0,1,0,0,0,0,0,374376.903599999845028,5755553.581800000742078,7.172617961000071,51.936504409000065,0,05230317706200964170
05,5,54,008,2023,03,20,6,3,5,2,2,1,1,0,0,0,0,335890.360999999567866,5746263.357000000774860,6.617653580000024,51.843030795000061,0,05230317705000990972
05,5,54,020,2023,03,08,6,3,0,3,0,1,1,0,0,0,0,364787.605999999679625,5786335.201999999582767,7.021016776000067,52.210845899000049,0,05230317705000481550
05,5,54,008,2023,03,11,6,3,2,6,0,0,1,0,0,0,0,335693.059000000357628,5744397.732999999076128,6.615677856000048,51.826213096000060,0,05230317705000086008
05,5,15,000,2023,03,12,6,3,0,1,0,1,0,0,0,0,0,405806.828399999998510,5758296.452999999746680,7.628897985000037,51.967366748000074,0,05230317702100400397
05,5,62,008,2023,03,08,6,3,2,6,0,0,1,0,0,0,0,384606.066499999724329,5723078.107100000604987,7.332149078000043,51.646848231000035,0,05230317701910973491
05,5,13,000,2023,03,08,6,3,5,3,0,0,1,0,0,0,0,367342.893799999728799,5714125.117599999532104,7.086162345000048,51.562584292000054,0,05230317700000581500
05,5,66,076,2023,03,07,5,3,5,3,0,1,1,0,0,0,0,395175.859000000171363,5795421.158900000154972,7.462763294000069,52.299123516000066,0,05230323709500096560
05,5,70,052,2023,03,20,5,3,1,5,2,1,1,0,0,0,0,428986.704199999570847,5752916.701400000602007,7.967353025000023,51.922449945000039,0,05230316711100681000
05,5,15,000,2023,03,08,5,3,5,3,0,1,0,0,0,0,0,405885.089599999599159,5758355.053799999877810,7.630020762000072,51.967906734000053,0,05230316702100272350
05,5,15,000,2023,03,19,5,3,6,7,2,0,1,1,0,0,0,404438.545599999837577,5758709.937300000339746,7.608872086000076,51.970849747000045,0,05230316702100091867
05,5,62,024,2023,03,09,5,2,2,6,0,0,0,0,0,0,1,364043.810300000011921,5725315.773499999195337,7.034255751000046,51.662360925000030,0,05230316701500399283
05,5,13,000,2023,03,07,5,3,6,4,0,0,1,1,0,0,0,367560.118599999696016,5714244.621600000187755,7.089249333000055,51.563709282000048,0,05230316700000581500
05,5,13,000,2023,03,05,5,3,0,3,2,1,0,0,1,0,0,365244.463200000114739,5715701.464299999177456,7.055302479000034,51.576252558000078,0,05230316700000281384
05,5,66,068,2023,03,15,4,3,1,7,0,1,0,0,0,0,0,376815.682000000029802,5785617.840900000184774,7.197222965000037,52.207219658000042,0,05230315709300024206
05,5,58,044,2023,03,15,4,3,5,3,0,1,1,0,0,0,0,395851.686700000427663,5745666.870100000873208,7.487858265000057,51.852076589000035,0,05230315706300596595
05,5,54,004,2023,03,20,4,3,0,7,2,1,0,0,0,0,0,363598.929600000381470,5771887.670099999755621,7.009429600000033,52.080737723000027,0,05230315705000960691
05,5,54,048,2023,03,12,4,3,3,6,0,1,0,0,0,0,0,340879.498900000005960,5745546.402899999171495,6.690345147000073,51.838033742000050,0,05230315705000795050
05,5,15,000,2023,03,10,4,2,5,3,0,1,1,0,0,0,0,404872.967500000260770,5754414.064500000327826,7.616383258000042,51.932311219000042,0,05230315702100091867
05,5,15,000,2023,03,12,4,3,4,4,0,0,1,1,0,0,0,405005.386199999600649,5756045.006400000303984,7.617858165000030,51.946993450000036,0,05230315702100055910
05,5,62,024,2023,03,20,4,3,0,7,2,0,0,0,0,0,1,368878.219999999739230,5725845.590900000184774,7.103914033000024,51.668270927000037,0,05230315701500450783
05,5,13,000,2023,03,14,4,3,5,3,0,0,1,0,0,0,0,370235.337000000290573,5707050.064999999478459,7.130474344000049,51.499674566000067,0,05230315700000794985
05,5,13,000,2023,03,08,4,3,5,3,0,0,1,0,0,0,0,366141.256000000052154,5709081.030700000002980,7.070755162000069,51.516971384000044,0,05230315700000476560
05,5,58,016,2023,03,20,6,3,0,1,2,0,0,0,0,0,1,383566.332000000402331,5742459.576999999582767,7.310644407000041,51.820824287000050,1,05230324706100936380
05,5,70,028,2023,03,12,3,3,0,7,0,1,0,0,0,0,1,445007.085300000384450,5739473.722400000318885,8.202427231000058,51.803406639000059,1,05230314711400548533
05,5,66,084,2023,03,17,3,3,8,1,0,0,1,0,0,0,0,385832.459999999962747,5778513.518999999389052,7.331509718000063,52.145315721000031,0,05230314709300342387
05,5,54,012,2023,03,11,3,2,0,1,0,0,1,0,0,0,0,352433.453999999910593,5745051.319399999454618,6.858132034000050,51.836757918000046,1,05230314705000787252
05,5,54,048,2023,03,10,3,3,5,3,0,0,1,0,0,0,0,342686.644999999552965,5744384.074999999254942,6.717081846000042,51.828103249000037,1,05230314705000085883
05,5,15,000,2023,03,15,3,3,5,3,0,1,1,0,0,0,0,412749.610799999907613,5753603.579199999570847,7.731122319000065,51.926316458000031,0,05230314702100569260
05,5,15,000,2023,03,11,3,3,6,6,0,1,0,1,0,0,0,404454.170800000429153,5755813.642799999564886,7.609905000000026,51.944819458000040,1,05230314702100272722
05,5,62,012,2023,03,16,3,3,5,3,0,1,1,0,0,0,0,358891.335300000384450,5724342.876000000163913,6.960200492000070,51.652348612000026,0,05230314701610295208
05,5,13,000,2023,03,14,3,3,5,3,0,0,1,0,0,0,0,368022.184200000017881,5713576.444000000134110,7.096162566000032,51.557812915000056,1,05230314700000991012
05,5,66,028,2023,03,15,2,3,2,1,0,0,1,0,0,0,0,416833.485799999907613,5790828.494500000029802,7.781415333000041,52.261548665000078,0,05230313709700591794
05,5,66,068,2023,03,14,2,3,0,1,0,0,1,0,1,0,0,376816.778199999593198,5785552.796199999749660,7.197262662000071,52.206635399000049,0,05230313709300874742
05,5,54,020,2023,03,07,2,3,5,3,0,1,1,0,0,0,0,366055.419800000265241,5785925.391899999231100,7.039722942000026,52.207473215000050,1,05230313705000991042
05,5,54,024,2023,03,13,2,3,5,3,0,1,1,0,0,0,0,369917.042399999685585,5778348.792600000277162,7.099108597000054,52.140316906000066,0,05230313705000070967
05,5,15,000,2023,03,08,2,3,5,3,0,1,1,0,0,0,0,403716.876799999736249,5749583.410000000149012,7.600923536000039,51.888692515000059,0,05230313702100174122
05,5,15,000,2023,03,17,2,3,5,3,0,1,1,0,0,0,0,406876.162700000219047,5751703.564200000837445,7.646243865000031,51.908286489000034,0,05230313702100074700
05,5,62,024,2023,03,21,2,3,8,1,2,0,1,0,0,0,0,372764.008000000379980,5726333.966000000014901,7.159894873000042,51.673553271000060,0,05230313701500085437
05,5,13,000,2023,03,14,2,3,8,1,0,0,1,0,0,0,0,365274.115399999544024,5709283.222599999979138,7.058187864000047,51.518582248000030,0,05230313700000295087
05,5,54,004,2023,03,16,1,3,0,1,0,1,0,0,0,0,0,361115.100999999791384,5773403.830000000074506,6.972588622000046,52.093743224000036,0,05230312705000520870
05,5,15,000,2023,03,19,1,3,0,7,2,1,0,0,0,0,0,404849.477599999867380,5754447.282299999147654,7.616032519000044,51.932605780000074,1,05230312702100070563
05,5,66,028,2023,03,07,7,3,0,1,0,0,0,0,1,0,0,412368.926900000311434,5792786.408199999481440,7.715507816000070,52.278453786000057,2,05230311709700991697
05,5,66,012,2023,03,11,7,3,0,1,0,1,0,0,0,0,0,405200.328900000080466,5772052.903100000694394,7.616260485000055,52.090910699000062,0,05230311709110991063
05,5,54,020,2023,03,18,7,3,5,2,1,1,1,0,0,0,0,365864.122000000439584,5786334.278000000864267,7.036763084000029,52.211100678000037,0,05230311705000765795
05,5,54,020,2023,03,17,7,3,6,7,0,1,0,1,0,0,0,366688.705699999816716,5787151.385999999940395,7.048502386000052,52.218642822000049,1,05230311705000065800
05,5,15,000,2023,03,09,7,3,4,6,0,1,1,0,0,0,0,405488.588000000454485,5756475.921000000089407,7.624767918000032,51.950949009000055,0,05230311702100557473
05,5,70,044,2023,03,16,6,3,4,6,0,1,1,0,0,0,0,415968.309999999590218,5759180.416899999603629,7.776556284000037,51.976941743000054,0,05230310711100081021
05,5,66,056,2023,03,03,6,2,6,3,2,0,1,1,0,0,0,418044.612300000153482,5796655.100500000640750,7.797739861000025,52.314103129000046,1,05230310709700576771
05,5,66,076,2023,03,09,6,2,5,2,0,1,1,0,0,0,0,392675.605999999679625,5792483.870999999344349,7.427047456000025,52.272242929000072,1,05230310709500002376
05,5,58,024,2023,03,15,6,3,0,7,0,0,1,1,0,0,0,393612.420800000429153,5735872.877399999648333,7.458365346000051,51.763625965000074,1,05230310706300164176
05,5,15,000,2023,03,20,6,3,6,2,2,0,1,1,0,0,0,403881.508999999612570,5761611.551999999210238,7.599952612000038,51.996834271000068,2,05230310702100079168
05,5,62,028,2023,03,20,6,3,2,5,2,0,1,0,0,0,0,380552.238099999725819,5721871.455000000074506,7.273996957000065,51.635156984000048,1,05230310701920464262
05,5,13,000,2023,03,18,6,3,6,7,0,0,1,1,0,0,0,369911.713200000114739,5709340.149000000208616,7.124969630000066,51.520180924000044,0,05230310700000794943
05,5,54,020,2023,03,07,4,3,6,2,0,0,1,1,0,0,0,365704.832100000232458,5785692.231499999761581,7.034687832000031,52.205292874000065,0,05230315705000710851
05,5,70,016,2023,03,16,5,3,1,5,0,0,1,0,0,0,1,413014.794300000183284,5739118.329500000923872,7.738625098000057,51.796150274000070,1,05230309711200496600
05,5,70,004,2023,03,10,5,3,0,3,0,1,1,0,0,0,0,423469.892500000074506,5735066.320199999958277,7.891095378000045,51.761252749000050,1,05230309711200091692
05,5,70,004,2023,03,15,5,3,5,2,0,0,1,0,0,0,1,423732.252299999818206,5735118.401100000366569,7.894884719000061,51.761756734000073,1,05230309711200081147
05,5,66,072,2023,03,14,5,3,2,1,0,0,1,0,0,0,0,411070.341000000014901,5803063.405999999493361,7.693760609000037,52.370616205000033,1,05230309709700991100
05,5,66,076,2023,03,12,5,3,0,7,0,0,0,0,0,0,1,392935.752899999730289,5792343.016599999740720,7.430903340000043,52.271027764000053,1,05230309709500191754
05,5,54,008,2023,03,14,5,3,5,2,0,0,1,0,0,0,1,335723.595999999903142,5745277.626499999314547,6.615702991000035,51.834126536000042,1,05230309705000986008
05,5,15,000,2023,03,10,5,3,8,5,0,1,1,0,0,0,0,406541.808899999596179,5751745.768899999558926,7.641373335000026,51.908609852000041,1,05230309702100545124
05,5,15,000,2023,03,16,5,3,0,7,0,0,1,0,0,0,0,406537.201399999670684,5756889.485099999234080,7.639909099000022,51.954843528000026,1,05230309702100270513
05,5,62,024,2023,03,15,5,3,0,7,0,1,0,0,0,0,0,368614.699099999852479,5725612.161000000312924,7.100193422000075,51.666111645000058,1,05230309701500081220
05,5,62,014,2023,03,15,5,3,6,7,0,0,1,1,0,0,0,361426.652099999599159,5715457.925599999725819,7.000338198000065,51.573138534000066,1,05230309701300914020
05,5,62,032,2023,03,11,5,3,5,3,0,1,1,0,0,0,0,375470.066300000064075,5713934.066099999472499,7.203416289000074,51.562720411000043,0,05230309701120198915
05,5,70,008,2023,03,10,6,3,5,3,0,1,1,0,0,0,0,432237.451000000350177,5738968.928999999538064,8.017352070000072,51.797466772000064,1,05230310711300176704
05,5,66,076,2023,03,15,4,3,0,7,0,0,1,0,0,0,0,393973.450000000186265,5793343.308000000193715,7.445790884000075,52.280218680000075,0,05230308709500400953
05,5,54,008,2023,03,07,4,3,5,2,0,1,1,0,0,0,0,336669.853000000119209,5745688.760999999940395,6.629230115000041,51.838097449000031,1,05230308705000695988
05,5,54,004,2023,03,13,4,3,5,3,0,0,1,0,0,0,1,361422.475999999791384,5772728.392999999225140,6.977347139000074,52.087751335000064,1,05230308705000174672
05,5,15,000,2023,03,19,4,3,7,1,2,1,0,0,0,0,0,405730.201200000010431,5757148.188699999824166,7.628098097000077,51.957032658000060,1,05230308702100370514
05,5,62,012,2023,03,12,4,2,5,3,0,1,0,0,0,0,1,359169.732800000347197,5725415.659099999815226,6.963789994000024,51.662058238000043,1,05230308701610747125
05,5,62,024,2023,03,12,4,3,5,3,0,1,1,0,0,0,0,371283.005300000309944,5725075.739399999380112,7.138952044000064,51.661908546000063,1,05230308701500944450
05,5,62,020,2023,03,10,4,3,1,5,0,1,1,0,0,0,0,371484.808000000193715,5716793.552999999374151,7.144907011000043,51.587524290000033,2,05230308701200295077
05,5,15,000,2023,03,13,6,3,0,6,0,1,1,0,0,0,0,405456.929200000129640,5766345.850400000810623,7.621585223000068,52.039658172000031,0,05230324702000442020
05,5,66,028,2023,03,20,3,3,1,1,2,1,1,0,0,0,0,412686.480100000277162,5791374.042099999263883,7.720526847000031,52.265809552000064,1,05230307709700276377
05,5,66,092,2023,03,17,3,3,5,3,1,0,1,0,0,0,0,424131.988699999637902,5796251.569499999284744,7.887111763000064,52.311350884000035,1,05230307709700091162
05,5,66,084,2023,03,08,3,3,2,1,0,1,1,0,0,0,0,388582.047000000253320,5775541.051000000908971,7.372649374000048,52.119163268000079,1,05230307709300064105
05,5,54,008,2023,03,09,3,3,0,7,0,0,0,0,0,0,1,337456.726999999955297,5745598.754799999296665,6.640683556000056,51.837518429000056,1,05230307705000580975
05,5,13,000,2023,03,13,3,2,2,6,0,0,1,0,0,0,0,363344.333300000056624,5714617.611500000581145,7.028320051000037,51.566055322000068,1,05230307700000495020
05,5,70,004,2023,03,15,4,3,5,3,0,1,1,0,0,0,0,422625.431099999696016,5732883.310699999332428,7.879347658000029,51.741512275000048,0,05230315711200802947
05,5,62,014,2023,03,09,5,3,0,7,0,0,1,0,1,0,0,361516.076000000350177,5715878.458000000566244,7.001461982000023,51.576939468000035,0,05230316701300681304
05,5,54,016,2023,03,11,2,3,0,7,0,1,0,0,0,0,0,363056.808600000105798,5758006.618100000545382,7.007075745000066,51.955876098000033,1,05230306705000302663
05,5,54,008,2023,03,21,2,3,9,1,2,0,1,0,0,0,0,335872.157599999569356,5746105.218699999153614,6.617464607000045,51.841604822000079,1,05230306705000195213
05,5,15,000,2023,03,18,2,3,5,3,1,1,0,0,0,0,0,404205.674399999901652,5755481.627900000661612,7.606383287000028,51.941792446000079,1,05230306702100876646
05,5,15,000,2023,03,07,2,3,5,3,0,1,1,0,0,0,0,408063.458800000138581,5754802.583200000226498,7.662671027000044,51.936339642000064,1,05230306702100076698
05,5,13,000,2023,03,18,2,3,6,7,2,0,1,1,0,0,0,368232.356200000271201,5707899.268200000748038,7.101316979000046,51.506842799000026,1,05230306700000095170
05,5,13,000,2023,03,16,2,3,6,7,0,0,1,1,0,0,0,367436.716300000436604,5709414.290300000458956,7.089289457000064,51.520271773000047,0,05230306700000080913
05,5,62,024,2023,03,10,1,2,5,3,0,0,1,0,0,0,0,368832.067900000140071,5724128.342599999159575,7.103891465000061,51.652828016000058,1,05230305701500595975
05,5,12,000,2023,03,12,1,3,4,6,0,0,1,0,0,0,0,359282.551900000311434,5720045.004100000485778,6.967579365000063,51.613826613000072,0,05230305701400299256
05,5,13,000,2023,03,20,1,3,1,5,2,0,1,0,0,0,0,369277.740899999625981,5708180.470399999991059,7.116267231000052,51.509612712000035,0,05230305700000291226
05,5,70,020,2023,03,13,7,3,5,3,0,0,1,0,0,0,0,432672.656999999657273,5743470.222999999299645,8.022787093000034,51.837985659000026,1,05230304711400202970
05,5,15,000,2023,03,12,7,3,5,3,0,1,1,0,0,0,0,403587.977599999867380,5761962.666799999773502,7.595579694000037,51.999939294000058,0,05230304702100291783
05,5,15,000,2023,03,11,7,3,4,6,0,0,1,0,0,0,0,405501.028900000266731,5762903.013100000098348,7.623178689000042,52.008720363000066,1,05230304702100087861
05,5,15,000,2023,03,12,7,3,4,2,0,1,0,0,0,0,0,406945.455699999816716,5758303.348799999803305,7.645465255000033,51.967620511000064,1,05230304702100076646
05,5,62,020,2023,03,04,7,3,9,7,2,0,1,0,0,0,0,371124.526999999769032,5721623.915999999269843,7.137933665000048,51.630851565000057,0,05230304701200095077
05,5,62,032,2023,03,13,7,3,5,3,0,0,1,0,0,0,0,375397.794999999925494,5714566.506999999284744,7.202149967000025,51.568388319000064,0,05230304701120448700
05,5,70,016,2023,03,12,6,2,8,1,0,0,1,0,0,0,0,412936.376299999654293,5739439.058000000193715,7.737407724000036,51.799021127000060,0,05230303711200794320
05,5,70,052,2023,03,18,6,3,9,1,2,0,1,0,0,0,0,427131.097000000067055,5758472.010999999940395,7.939196791000029,51.972149615000035,0,05230303711100081617
05,5,66,084,2023,03,10,6,3,0,1,0,1,0,0,0,0,0,386198.477599999867380,5778416.894799999892712,7.336888759000033,52.144522896000069,0,05230303709300812400
05,5,54,020,2023,03,09,6,2,5,3,0,1,1,0,0,0,0,364247.382000000216067,5786039.018999999389052,7.013233900000046,52.208051815000033,0,05230303705000064595
05,5,54,004,2023,03,10,6,3,5,6,0,1,0,0,0,0,0,362197.344499999657273,5772089.114399999380112,6.988907736000044,52.082200687000068,0,05230303705000020870
05,5,15,000,2023,03,23,6,3,4,3,2,1,0,0,0,0,0,406775.152599999681115,5757620.047700000926852,7.643172512000035,51.961450131000049,0,05230303702100045932
05,5,62,004,2023,03,17,6,3,4,5,0,0,1,0,0,0,0,383309.482800000347197,5717844.528500000014901,7.315161020000062,51.599543108000034,0,05230303701800653341
05,5,66,076,2023,03,14,6,3,5,3,0,0,1,0,0,0,0,396300.148000000044703,5797415.197000000625849,7.478630217000045,52.317257962000042,0,05230317709500296580
05,5,62,016,2023,03,15,6,3,0,4,0,1,0,1,0,0,0,374461.393799999728799,5734426.447899999096990,7.181514444000072,51.746661314000050,0,05230303701700749527
05,5,62,024,2023,03,11,6,3,3,6,0,0,1,0,0,0,0,368734.605000000447035,5724634.821699999272823,7.102293270000075,51.657356769000046,0,05230303701500879600
05,5,13,000,2023,03,11,6,3,6,5,0,0,0,1,0,0,1,362734.367600000463426,5711508.168099999427795,7.020738510000058,51.537964867000028,0,05230303700000592100
05,5,70,020,2023,04,21,3,3,8,1,2,0,1,0,0,0,0,436372.888500000350177,5743458.696699999272823,8.076487935000046,51.838315913000031,0,05230418711400087314
05,5,70,004,2023,04,16,3,3,0,1,0,1,0,0,0,0,0,423147.736200000159442,5734032.164000000804663,7.886657019000040,51.751911942000049,0,05230418711200891797
05,5,66,012,2023,04,09,3,3,5,1,0,1,1,0,0,0,0,404632.769999999552965,5772370.965299999341369,7.607889784000065,52.093671979000078,0,05230418709800090802
05,5,66,008,2023,04,16,3,3,0,7,0,1,1,0,0,0,0,398567.275799999944866,5781539.393200000748038,7.516645673000028,52.174996891000035,0,05230418709110793617
05,5,58,040,2023,04,17,3,3,5,3,0,1,1,0,0,0,0,371566.579599999822676,5763501.462500000372529,7.128787135000039,52.007284263000031,0,05230418706000020578
05,5,54,008,2023,04,09,3,2,5,3,0,1,1,0,0,0,0,336165.847000000067055,5746073.366000000387430,6.621739020000064,51.841404913000076,0,05230418705000686830
05,5,54,012,2023,04,19,3,3,0,7,0,0,0,0,1,0,0,353400.469600000418723,5747633.541500000283122,6.871062548000054,51.860213797000029,0,05230418705000381093
05,5,62,012,2023,04,22,3,3,0,1,2,1,0,0,0,0,0,361872.022800000384450,5724912.929700000211596,7.003034192000030,51.658211377000043,0,05230418701610989653
05,5,62,014,2023,04,17,3,3,6,7,0,0,1,1,0,0,0,360571.611800000071526,5718048.708399999886751,6.986978925000074,51.596208617000059,0,05230418701300154265
05,5,70,004,2023,04,15,2,3,1,5,0,1,1,0,0,0,0,423164.370400000363588,5733740.535399999469519,7.886962394000022,51.749292586000081,0,05230417711200102817
05,5,66,076,2023,04,09,2,3,5,1,0,0,1,0,0,0,0,393490.114299999549985,5792126.391300000250340,7.439092987000038,52.269188568000061,0,05230417709500520044
05,5,66,012,2023,04,16,2,3,7,1,0,1,1,0,0,0,0,406611.538999999873340,5771159.952999999746680,7.637097375000053,52.083124557000076,0,05230417709110565870
05,5,58,012,2023,04,11,2,3,6,7,0,0,1,1,0,0,0,374469.002299999818206,5755092.964500000700355,7.174125018000041,51.932385859000078,0,05230417706200676660
05,5,54,004,2023,04,07,2,3,5,3,0,1,1,0,0,0,0,363176.082999999634922,5772989.491000000387430,7.002820760000077,52.090533647000029,0,05230417705000893442
05,5,70,004,2023,04,00,1,2,9,1,2,0,1,0,0,0,0,424570.698099999688566,5734342.350999999791384,7.907199790000050,51.754893856000081,1,05230416711200591770
05,5,58,040,2023,04,01,1,3,8,1,2,1,0,0,0,0,0,377099.705699999816716,5765049.265399999916553,7.208803024000076,52.022446304000027,1,05230416706200281438
05,5,15,000,2023,04,15,1,3,0,3,0,1,0,0,0,0,1,407950.515499999746680,5760572.003900000825524,7.659482322000031,51.988179733000038,0,05230416702100596673
05,5,62,032,2023,04,09,1,3,5,3,0,0,1,0,0,1,0,376721.131699999794364,5717330.270600000396371,7.220263750000072,51.593517871000074,0,05230416701110469263
05,5,66,048,2023,04,15,7,3,0,1,0,0,0,0,0,0,1,425882.172899999655783,5792350.798000000417233,7.913637970000025,52.276526338000053,1,05230415709800970348
05,5,66,016,2023,04,12,7,3,4,1,0,0,1,0,0,0,0,404227.685399999842048,5793994.780500000342727,7.595867753000050,52.287956337000026,1,05230415709500179214
05,5,66,076,2023,04,14,7,3,0,1,0,1,0,0,0,0,0,392719.548000000417233,5792402.311000000685453,7.427717150000035,52.271518512000057,1,05230415709500036092
05,5,54,064,2023,04,05,7,3,9,1,2,0,0,0,0,0,1,361664.104199999943376,5751562.151599999517202,6.989411402000030,51.897624510000071,0,05230415705000991747
05,5,15,000,2023,04,21,7,2,0,1,2,1,0,0,0,0,1,405007.733000000007451,5759855.593000000342727,7.616838245000054,51.981244902000071,1,05230415702100994895
05,5,62,036,2023,04,07,7,3,5,3,0,0,1,0,0,0,0,389535.849600000306964,5721061.675899999216199,7.404007911000065,51.629714637000063,0,05230415701930173491
05,5,70,004,2023,04,11,6,3,6,2,0,0,1,1,0,0,0,424571.321399999782443,5735050.064099999144673,7.907055217000050,51.761256064000065,0,05230414711200189383
05,5,66,028,2023,04,11,6,3,6,1,0,0,1,1,0,0,0,413128.556699999608099,5794756.110899999737740,7.726131680000037,52.296278627000049,0,05230414709700276668
05,5,54,008,2023,04,06,6,3,5,3,2,1,1,0,0,0,0,335241.277900000102818,5745109.553999999538064,6.608789241000068,51.832474625000032,0,05230414705000586932