ULAND,UREGBEZ,UKREIS,UGEMEINDE,UJAHR,UMONAT,USTUNDE,UWOCHENTAG,UKATEGORIE,UART,UTYP1,ULICHTVERH,IstRad,IstPKW,IstFuss,IstKrad,IstGkfz,IstSonstige,LINREFX,LINREFY,XGCSWGS84,YGCSWGS84,STRZUSTAND,UIDENTSTLAE
05,5,62,020,2023,04,17,6,3,1,5,0,1,1,0,0,0,0,371762.166199999861419,5715709.726500000804663,7.149304226000027,51.577847234000046,0,05230414701200075491
05,5,13,000,2023,04,13,6,3,5,3,0,1,1,0,0,0,0,366140.222500000149012,5708521.740199999883771,7.070952663000071,51.511945017000073,0,05230414700000591625
05,5,13,000,2023,04,17,6,3,4,7,0,0,1,0,1,0,0,366328.321100000292063,5708390.684299999848008,7.073711384000035,51.510811800000056,0,05230414700000379622
05,5,13,000,2023,04,13,6,3,6,2,0,0,1,1,0,0,0,368251.717799999751151,5707900.255699999630451,7.101595433000057,51.506856188000029,0,05230414700000075284
05,5,70,040,2023,04,13,4,2,0,7,0,0,1,1,0,0,0,419699.790400000289083,5744307.270500000566244,7.834338640000055,51.843795424000064,1,05230412711200486958
05,5,70,032,2023,04,10,4,2,5,3,0,1,1,0,0,0,0,420434.876000000163913,5766001.110999999567866,7.839987267000026,52.038911199000040,1,05230412711100993886
05,5,70,052,2023,04,12,4,3,5,3,0,0,1,0,0,0,0,429844.908400000073016,5756024.904899999499321,7.979196567000031,51.950500345000080,0,05230412711100089568
05,5,66,076,2023,04,18,4,3,0,1,0,1,0,0,0,0,0,393687.951899999752641,5793209.583699999377131,7.441649701000074,52.278961730000049,1,05230412709500476680
05,5,66,008,2023,04,16,4,3,0,7,1,1,0,0,0,0,0,399158.464200000278652,5781342.933900000527501,7.525346513000045,52.173339538000050,1,05230412709110593617
05,5,54,012,2023,04,16,4,2,3,5,0,1,1,0,0,0,0,353652.840800000354648,5746723.347400000318885,6.875110211000049,51.852101954000034,1,05230412705000095150
05,5,15,000,2023,04,09,4,3,5,3,0,1,1,0,0,0,0,403798.431699999608099,5761685.856599999591708,7.598722057000032,51.997487754000076,1,05230412702100972434
05,5,15,000,2023,04,09,4,3,5,3,0,1,1,0,0,0,0,407052.480999999679625,5756792.752000000327826,7.647431462000043,51.954060403000028,1,05230412702100776698
05,5,15,000,2023,04,11,4,3,5,7,0,1,1,0,0,0,0,403766.609000000171363,5758732.734999999403954,7.599087184000041,51.970938723000074,1,05230412702100372453
05,5,15,000,2023,04,13,4,3,3,3,0,1,1,0,0,0,0,404694.189799999818206,5757394.224899999797344,7.612957586000050,51.959067527000059,1,05230412702100072350
05,5,62,008,2023,04,13,4,3,6,7,0,0,1,1,0,0,0,385734.538999999873340,5725019.028000000864267,7.347817819000056,51.664523199000030,1,05230412701910990722
05,5,62,012,2023,04,17,4,3,5,3,0,0,1,0,0,0,0,362966.783999999985099,5730978.497999999672174,7.016469911000058,51.712984878000043,1,05230412701620951228
05,5,62,012,2023,04,09,4,3,1,5,0,1,1,0,0,0,0,361792.711500000208616,5726260.008400000631809,7.001355568000065,51.670296731000064,1,05230412701610695208
05,5,62,012,2023,04,19,4,3,5,3,0,1,1,0,0,0,0,358717.691200000233948,5727676.888800000771880,6.956343990000050,51.682263604000070,1,05230412701610551228
05,5,58,040,2023,04,13,3,2,5,3,0,0,1,0,1,0,0,377003.155000000260770,5764365.464999999850988,7.207642287000056,52.016279918000066,0,05230411706000920578
05,5,54,012,2023,04,16,3,3,5,3,0,0,1,0,0,0,0,352998.275000000372529,5752861.745999999344349,6.862998883000046,51.907082811000066,0,05230411705000120734
05,5,54,012,2023,04,07,3,3,5,3,0,0,1,0,0,0,0,352617.957000000402331,5752578.929999999701977,6.857595226000058,51.904441281000061,0,05230411705000016031
05,5,15,000,2023,04,17,3,3,4,3,0,1,1,0,0,0,0,406907.938199999742210,5757168.510600000619888,7.645226905000072,51.957413736000035,0,05230411702100696667
05,5,15,000,2023,04,16,3,3,5,3,0,1,1,0,0,0,0,408444.505499999970198,5757606.551200000569224,7.667465297000035,51.961606224000036,0,05230411702100599923
05,5,15,000,2023,04,08,3,3,1,6,0,0,1,0,0,0,0,407925.659900000318885,5758288.964099999517202,7.659733069000026,51.967654444000061,1,05230411702100579176
05,5,62,020,2023,04,16,3,3,5,2,0,1,1,0,0,0,0,367403.793200000189245,5718926.833399999886751,7.085226908000038,51.605749603000049,0,05230411701200575491
05,5,66,096,2023,04,19,2,3,5,3,0,1,1,0,0,0,0,386396.713999999687076,5786718.246999999508262,7.337003367000023,52.219167087000073,0,05230410709000990725
05,5,54,012,2023,04,19,2,3,0,2,0,1,1,0,0,0,0,352564.018099999986589,5746207.258400000631809,6.859532977000072,51.847178422000070,1,05230410705000996552
05,5,54,004,2023,04,15,1,3,0,1,0,1,0,0,0,0,0,365059.338999999687076,5770975.110500000417233,7.031089322000071,52.072895764000066,0,05230409705000096573
05,5,70,052,2023,04,11,7,3,5,3,0,0,1,0,0,0,0,430269.423000000417233,5756311.928999999538064,7.985314247000076,51.953133968000031,0,05230408711100896662
05,5,15,000,2023,04,13,7,3,0,2,0,1,1,0,0,0,0,407277.891999999992549,5756687.037000000476837,7.650739176000059,51.953147808000040,0,05230408702100805104
05,5,15,000,2023,04,13,7,3,5,7,0,0,1,0,0,0,0,407851.268000000156462,5756792.740000000223517,7.659051926000075,51.954193227000076,0,05230408702100470611
05,5,62,024,2023,04,17,7,3,5,3,0,1,1,0,0,0,0,367827.877999999560416,5725443.702999999746680,7.088886654000021,51.664413278000040,0,05230408701500576702
05,5,13,000,2023,04,21,7,3,1,5,2,0,1,0,0,0,0,367968.549999999813735,5714371.403000000864267,7.095090763000030,51.564944390000051,0,05230408700000095020
05,5,66,076,2023,04,20,6,3,0,7,0,1,0,0,0,0,0,393333.474999999627471,5793061.791999999433756,7.436502532000077,52.277564830000074,0,05230407709500270593
05,5,15,000,2023,04,17,6,3,0,1,0,1,0,0,0,0,0,406570.939500000327826,5760105.815300000831485,7.639524612000059,51.983759086000077,1,05230407702100596505
05,5,15,000,2023,04,12,6,2,5,7,0,0,1,0,0,0,1,407499.798200000077486,5761524.846499999985099,7.652663401000041,51.996669466000071,1,05230407702100074777
05,5,62,032,2023,04,10,6,3,5,3,0,0,1,0,0,0,0,376553.792000000365078,5715328.392999999225140,7.218553097000040,51.575489862000040,1,05230407701120275230
05,5,66,040,2023,04,14,5,2,0,1,0,0,0,0,1,0,0,418798.725200000219047,5784418.092800000682473,7.811743640000032,52.204221363000045,0,05230406709800387330
05,5,58,016,2023,04,21,5,3,0,1,2,0,0,0,1,0,0,383328.475599999539554,5742164.179600000381470,7.307294448000050,51.818119848000038,1,05230406706100339835
05,5,58,012,2023,04,08,5,3,0,7,0,1,0,0,0,0,0,373513.328200000338256,5754831.607100000604987,7.160328322000055,51.929820831000029,0,05230406706000296670
05,5,54,004,2023,04,15,5,3,3,5,0,1,1,0,0,0,0,363216.519199999980628,5771318.881899999454618,7.004080591000047,52.075532602000067,0,05230406705000768648
05,5,54,020,2023,04,13,5,3,0,3,0,1,1,0,0,0,0,365282.887199999764562,5785687.368400000035763,7.028518864000034,52.205146211000056,0,05230406705000020718
05,5,15,000,2023,04,15,5,3,0,7,0,1,1,0,0,0,0,405820.382600000128150,5756324.329199999570847,7.629635894000046,51.949642714000049,0,05230406702100591788
05,5,15,000,2023,04,14,5,2,0,7,0,1,0,0,0,0,1,404966.089300000108778,5757218.626399999484420,7.616962032000060,51.957535716000052,0,05230406702100091784
05,5,62,028,2023,04,11,5,3,7,1,0,0,1,0,0,0,0,380078.280799999833107,5721966.996500000357628,7.267118977000052,51.635914812000067,0,05230406701920489587
05,5,12,000,2023,04,07,5,3,0,1,0,0,0,0,1,0,0,355342.230999999679625,5715333.569499999284744,6.912650476000067,51.570492830000035,0,05230406701400594955
05,5,12,000,2023,04,10,5,2,5,2,0,1,0,0,0,1,0,355876.915000000037253,5710393.255000000819564,6.922384074000036,51.526237418000051,0,05230406701400094961
05,5,13,000,2023,04,15,5,3,2,6,0,0,1,0,0,0,0,363261.837199999950826,5717114.935100000351667,7.026158300000077,51.588476951000075,0,05230406700000795034
05,5,15,000,2023,04,09,4,3,0,7,0,1,0,0,0,0,0,408225.972699999809265,5753104.213199999183416,7.665487239000072,51.921100455000044,0,05230405702100576643
05,5,62,012,2023,04,17,4,3,5,3,0,1,0,0,0,0,0,358332.071000000461936,5724276.581199999898672,6.952148442000066,51.651612254000042,0,05230405701610647423
05,5,12,000,2023,04,16,4,2,5,3,0,0,1,0,0,0,1,359538.416000000201166,5721162.064600000157952,6.970824579000066,51.623928306000039,0,05230405701400478920
05,5,70,020,2023,04,18,7,2,9,1,0,0,0,0,1,0,0,436799.697300000116229,5744954.578099999576807,8.082408557000065,51.851812420000044,0,05230408711400053160
05,5,66,076,2023,04,09,3,3,5,3,0,1,1,0,0,0,0,392614.996000000275671,5792597.737999999895692,7.426123264000069,52.273254434000080,0,05230404709500012578
05,5,58,032,2023,04,17,3,3,8,1,0,0,0,0,1,0,0,387231.728000000119209,5753549.657999999821186,7.360180432000050,51.921247879000077,0,05230404706100189266
05,5,58,012,2023,04,13,3,3,0,6,0,1,0,0,0,0,0,373761.407999999821186,5756288.347999999299645,7.163399882000022,51.942968054000062,0,05230404706000494962
05,5,58,016,2023,04,19,3,2,6,1,1,0,1,1,0,0,0,379080.199000000022352,5741384.898000000044703,7.245961800000032,51.810213384000065,0,05230404706000389266
05,5,54,032,2023,04,10,3,3,0,1,0,1,0,0,0,0,0,324986.150600000284612,5745835.722999999299645,6.459738396000034,51.835878847000060,0,05230404705000020972
05,5,15,000,2023,04,10,2,3,2,6,0,0,1,0,0,0,0,405013.007199999876320,5754459.504499999806285,7.618406941000046,51.932743572000049,0,05230417702100276120
05,5,66,040,2023,04,13,2,3,0,1,0,0,0,0,1,0,0,421649.774000000208616,5781269.523000000044703,7.854183068000054,52.176331960000027,0,05230403709800887281
05,5,66,076,2023,04,15,2,3,8,7,0,0,0,0,1,0,0,394231.973000000230968,5794091.898499999195337,7.449344090000068,52.286996239000075,0,05230403709500055964
05,5,66,068,2023,04,08,2,3,5,3,0,0,1,0,0,0,1,377346.479000000283122,5785661.998999999836087,7.204970934000073,52.207734855000069,0,05230403709300687316
05,5,54,052,2023,04,10,2,3,5,3,0,1,1,0,0,0,0,379085.058000000193715,5773278.354000000283122,7.234809896000058,52.096834111000078,0,05230403705000855358
05,5,54,008,2023,04,20,2,3,0,1,1,1,0,0,0,0,0,335610.894999999552965,5745853.347999999299645,6.613795266000068,51.839265321000028,0,05230403705000765870
05,5,66,076,2023,04,16,1,3,6,4,0,0,1,1,0,0,0,396438.200500000268221,5788268.964999999850988,7.483463628000038,52.235083387000032,0,05230402709500824206
05,5,54,020,2023,04,19,1,3,5,5,0,1,1,0,0,0,0,365985.449300000444055,5782893.648800000548363,7.039898552000068,52.180214804000059,0,05230402705000065800
05,5,66,028,2023,04,17,7,3,5,3,0,1,1,0,0,0,0,407403.182300000451505,5797051.261800000444055,7.641569209000068,52.315972159000069,1,05230401709700591162
05,5,66,076,2023,04,16,7,3,2,2,0,0,1,0,0,0,0,391919.706000000238419,5794092.480000000447035,7.415457865000064,52.286551579000047,1,05230401709500711962
05,5,58,016,2023,04,23,7,3,0,7,2,0,0,0,0,0,1,381522.304700000211596,5743696.772299999371171,7.280578149000064,51.831513541000049,1,05230401706100596616
05,5,58,012,2023,04,16,7,3,0,1,0,1,0,0,0,0,0,375172.993999999947846,5758238.085999999195337,7.183217158000048,51.960807885000065,1,05230401706000591756
05,5,15,000,2023,04,14,7,3,5,3,0,0,1,0,0,0,1,408479.827499999664724,5756553.103099999949336,7.668259866000028,51.952143023000076,0,05230401702100205104
05,5,12,000,2023,04,15,7,3,6,2,0,0,1,1,0,0,0,356261.888000000268221,5709493.027000000700355,6.928297011000041,51.518246257000044,1,05230401701400195027
05,5,62,032,2023,04,13,7,3,6,4,0,0,1,1,0,0,0,374979.391999999992549,5720078.115599999204278,7.194152440000039,51.617829188000030,1,05230401701110280912
05,5,70,004,2023,03,22,6,2,5,2,2,0,1,0,0,0,0,422926.053000000305474,5735283.892999999225140,7.883168607000073,51.763134053000044,1,05230331711200581053
05,5,66,060,2023,03,17,6,3,0,3,0,0,1,0,1,0,0,387748.451000000350177,5788194.632999999448657,7.356292075000056,52.232712329000037,1,05230331709500076744
05,5,66,084,2023,03,15,6,3,0,7,0,1,1,0,0,0,0,386589.539099999703467,5778740.513599999248981,7.342493184000034,52.147511679000047,1,05230331709300687312
05,5,58,024,2023,03,15,6,3,3,6,0,1,1,0,0,0,0,393571.053899999707937,5736772.583900000900030,7.457490477000022,51.771704715000055,1,05230331706100753748
05,5,54,020,2023,03,23,6,3,6,7,2,0,1,1,0,0,0,366330.307300000451505,5786190.989000000059605,7.043638516000044,52.209926446000054,1,05230331705000580993
05,5,54,056,2023,03,07,6,3,3,6,1,1,1,0,0,0,0,357976.456399999558926,5762585.887099999934435,6.931297935000032,51.995747295000058,1,05230331705000021075
05,5,62,004,2023,03,18,6,3,5,1,0,0,1,0,0,0,0,381850.943400000222027,5711978.552300000563264,7.296084685000039,51.546517808000033,1,05230331701800680501
05,5,13,000,2023,03,15,6,3,1,5,0,0,1,0,0,0,0,365415.441800000146031,5716465.697200000286102,7.057475510000074,51.583161133000033,1,05230331700000695157
05,5,70,052,2023,03,17,5,3,7,7,0,1,0,0,0,0,1,430565.577800000086427,5756262.945900000631809,7.989632921000066,51.952730683000027,1,05230330711100503042
05,5,70,052,2023,03,18,5,3,6,4,0,1,1,1,0,0,0,430564.390499999746680,5756263.706299999728799,7.989615493000031,51.952737371000069,0,05230330711100087270
05,5,66,028,2023,03,16,5,3,5,2,0,1,1,0,0,0,0,410973.701000000350177,5792604.227099999785423,7.695110467000063,52.276592116000074,1,05230330709700542797
05,5,58,040,2023,03,10,5,3,6,7,0,0,1,1,0,0,0,377506.830400000326335,5764368.738900000229478,7.214977009000052,52.016420750000066,1,05230330706200803166
05,5,15,000,2023,03,09,5,3,5,2,0,1,0,0,1,0,0,409137.135999999940395,5755471.446000000461936,7.678107732000058,51.942528169000070,1,05230330702100972392
05,5,15,000,2023,03,05,5,3,1,5,0,0,1,0,0,0,1,403976.232400000095367,5758759.131899999454618,7.602130399000032,51.971212243000082,0,05230330702100074471
05,5,62,016,2023,03,11,5,3,5,2,0,0,1,0,1,0,0,374654.759600000455976,5733867.405899999663234,7.184515371000032,51.741680588000065,1,05230330701700765425
05,5,12,000,2023,03,16,5,3,5,3,0,1,0,0,0,0,1,359344.201000000350177,5711934.069000000134110,6.971717369000032,51.540957477000063,1,05230330701400065455
05,5,62,014,2023,03,06,5,3,6,2,2,0,1,1,0,0,0,360338.473299999721348,5717439.647600000724196,6.983857601000068,51.590677837000044,0,05230330701300491628
05,5,13,000,2023,03,19,5,3,3,6,1,0,1,0,0,0,0,365347.280299999751151,5715863.677300000563264,7.056723156000032,51.577734844000076,1,05230330700000589240
05,5,58,016,2023,03,18,6,2,5,3,0,1,1,0,0,0,0,381399.866999999620020,5743896.445000000298023,7.278733693000049,51.833282048000058,1,05230331706000776774
05,5,13,000,2023,04,16,7,3,5,3,0,0,1,0,0,0,1,362983.089999999850988,5710732.391000000759959,7.024624486000050,51.531053909000036,0,05230415700000895796
05,5,54,008,2023,03,07,4,3,5,2,0,1,0,0,0,0,0,335240.716599999926984,5745574.011800000444055,6.608559973000069,51.836646858000051,0,05230329705000990818
05,5,54,008,2023,03,07,4,3,5,3,0,1,0,0,0,0,0,334705.644999999552965,5745714.425000000745058,6.600733801000047,51.837750144000040,0,05230329705000396652
05,5,54,020,2023,03,14,4,3,9,5,0,1,0,0,0,0,1,364399.269399999640882,5786571.144500000402331,7.015242217000036,52.212870480000049,0,05230329705000020897
05,5,15,000,2023,03,19,4,3,0,5,1,1,1,0,0,0,0,406856.514499999582767,5758125.979699999094009,7.644219103000069,51.966011334000029,0,05230329702100776723
05,5,62,020,2023,03,13,4,2,6,4,0,0,1,1,0,0,0,367253.122999999672174,5719295.789000000804663,7.082912754000063,51.609029734000046,0,05230329701200785388
05,5,62,032,2023,03,06,4,3,5,3,1,0,1,0,1,0,0,376852.741000000387430,5718619.726999999955297,7.221710064000035,51.605135311000026,1,05230329701110878020
05,5,13,000,2023,03,18,4,2,1,7,0,1,1,0,0,0,0,366736.659599999897182,5709246.390399999916553,7.079268716000058,51.518598185000030,0,05230329700000567105
05,5,66,028,2023,04,12,7,3,9,7,0,0,1,0,0,0,0,410930.773000000044703,5793157.678500000387430,7.694335224000042,52.281559691000041,0,05230408709700770494
05,5,58,012,2023,04,16,4,3,6,5,0,1,0,1,0,0,0,374173.223600000143051,5756527.000900000333786,7.169300594000049,51.945205983000051,0,05230405706000920578
05,5,66,012,2023,03,07,3,3,5,3,0,1,1,0,0,0,0,405685.201600000262260,5772271.453099999576807,7.623275222000075,52.092957921000050,0,05230328709110925693
05,5,66,008,2023,03,15,3,3,3,6,0,1,1,0,0,0,0,401665.124400000087917,5779529.642000000923872,7.562515285000075,52.157494318000033,0,05230328709110074198
05,5,54,012,2023,03,05,3,3,5,3,2,1,1,0,0,0,0,353738.399000000208616,5746761.406999999657273,6.876335449000067,51.852466344000050,0,05230328705000016031
05,5,15,000,2023,03,07,3,3,6,4,0,1,0,1,0,0,0,406824.236399999819696,5757607.421900000423193,7.643890104000036,51.961344872000041,0,05230328702100976723
05,5,15,000,2023,03,12,3,3,0,4,0,0,0,1,0,0,1,406167.682099999859929,5757185.582100000232458,7.634452555000053,51.957442761000038,0,05230328702100796747
05,5,15,000,2023,03,07,3,3,5,3,0,1,0,0,0,0,0,404892.116100000217557,5758412.153799999505281,7.615555310000047,51.968250957000066,0,05230328702100079223
05,5,62,008,2023,03,07,3,3,0,7,0,0,0,0,0,0,1,384316.165900000371039,5721743.372099999338388,7.328402166000046,51.634792490000052,0,05230328701910775253
05,5,62,024,2023,03,07,3,3,6,4,0,0,1,1,0,0,0,374482.409400000236928,5725366.322300000116229,7.185080772000049,51.665243693000036,0,05230328701500972330
05,5,12,000,2023,03,10,3,3,6,7,0,0,1,1,0,0,1,355574.368900000117719,5712114.043500000610948,6.917319982000038,51.541622670000038,0,05230328701400285500
05,5,13,000,2023,03,18,3,3,5,3,0,0,1,0,0,0,0,365350.500000000000000,5715697.513000000268221,7.056833295000047,51.576242388000026,0,05230328700000496563
05,5,62,032,2023,03,17,6,2,5,3,0,0,1,0,0,0,0,379146.416100000031292,5716287.818800000473857,7.255618086000027,51.584674432000043,1,05230331701120675484
05,5,66,076,2023,04,13,3,3,0,7,0,1,0,0,0,1,0,392628.761699999682605,5792809.819199999794364,7.426257419000024,52.275163127000042,0,05230404709500279180
05,5,66,028,2023,03,18,2,3,5,3,0,1,1,0,0,0,0,417152.832999999634922,5791173.047000000253320,7.786008793000065,52.264693880000038,1,05230327709700990834
05,5,66,076,2023,03,08,2,3,6,1,0,0,1,1,0,0,0,393535.815200000070035,5794385.872300000861287,7.439048999000022,52.289503809000053,0,05230327709500820044
05,5,66,068,2023,03,17,2,3,4,1,0,1,1,0,0,0,0,375286.714399999938905,5784851.668199999257922,7.175141202000020,52.199990913000079,0,05230327709300391743
05,5,66,024,2023,03,14,2,2,8,1,0,0,0,0,0,0,1,384975.814899999648333,5771171.347799999639392,7.321476602000075,52.079154496000058,1,05230327709300241173
05,5,54,048,2023,03,19,2,3,5,3,0,0,1,0,1,0,0,341429.110000000335276,5745296.086999999359250,6.698430583000061,51.835941232000039,0,05230327705000876765
05,5,54,008,2023,03,16,2,3,5,3,0,1,0,0,0,0,0,335232.591300000436604,5744403.617300000041723,6.608999300000050,51.826130362000072,0,05230327705000195196
05,5,54,068,2023,03,15,2,3,3,6,0,1,1,0,0,0,0,350318.916699999943376,5766577.048299999907613,6.818099744000051,52.029594544000076,1,05230327705000191842
05,5,54,008,2023,03,17,2,3,5,2,0,0,0,1,0,0,1,337051.851999999955297,5746219.011600000783801,6.634520035000037,51.842972554000028,0,05230327705000081626
05,5,13,000,2023,03,12,2,3,2,6,0,0,1,0,0,0,1,366231.608000000007451,5714400.380000000819564,7.070034871000075,51.564795462000063,0,05230327700000955674
05,5,13,000,2023,03,16,2,2,6,7,0,0,1,1,0,0,0,367594.814600000157952,5713486.888800000771880,7.090034977000073,51.556907962000082,1,05230327700000689701
05,5,66,036,2023,04,14,6,3,4,6,0,1,0,0,0,0,0,387601.937699999660254,5768523.650699999183416,7.360653665000029,52.055898552000031,0,05230414709300674742
05,5,13,000,2023,03,17,1,3,2,6,0,0,1,0,0,0,0,366358.390999999828637,5708343.652000000700355,7.074162273000070,51.510396251000031,1,05230326700000769503
05,5,13,000,2023,03,13,1,3,5,2,0,0,1,0,0,0,0,363528.974399999715388,5711486.650000000372529,7.032197159000020,51.537964163000026,1,05230326700000473458
05,5,54,052,2023,03,22,7,3,8,1,2,0,1,0,0,0,0,378748.205299999564886,5773253.319900000467896,7.229903759000024,52.096535428000038,0,05230325705000976746
05,5,15,000,2023,03,17,7,3,5,2,0,1,1,0,0,0,0,406028.112999999895692,5751494.811000000685453,7.633976333000021,51.906267681000031,1,05230325702100976646
05,5,13,000,2023,03,13,7,3,2,6,0,0,1,0,0,0,0,365935.783099999651313,5709155.061599999666214,7.067767425000056,51.517587944000070,1,05230325700000071500
05,5,70,004,2023,05,15,5,3,0,2,0,1,1,0,0,0,0,422718.225999999791384,5734818.779999999329448,7.880261178000069,51.758924223000065,0,05230504711200180017
05,5,66,076,2023,05,11,5,3,5,2,0,0,1,0,1,0,0,392929.315999999642372,5792341.189999999478459,7.430809621000037,52.271010095000065,0,05230504709500579092
05,5,66,008,2023,05,08,5,3,0,1,0,1,0,0,0,0,0,399233.995500000193715,5781141.889799999073148,7.526510359000042,52.171546408000040,0,05230504709110196500
05,5,54,008,2023,05,17,5,3,0,5,0,1,1,0,0,0,1,333556.557199999690056,5745008.445800000801682,6.584410157000036,51.831066932000056,0,05230504705000386830
05,5,15,000,2023,05,08,5,3,0,4,0,0,1,1,0,0,0,409074.042999999597669,5754529.421000000089407,7.677439155000059,51.934050323000065,0,05230504702100170611
05,5,15,000,2023,05,14,5,3,6,7,0,0,0,1,0,0,1,403614.117300000041723,5757880.241699999198318,7.597107323000046,51.963249824000059,0,05230504702100096678
05,5,62,008,2023,05,10,5,3,4,7,0,0,1,0,0,0,0,384821.633000000379980,5722868.663300000131130,7.335332318000042,51.645010011000068,0,05230504701910889380
05,5,62,032,2023,05,19,5,3,1,5,0,1,1,0,0,0,0,374006.211199999786913,5720303.656999999657273,7.180021932000045,51.619639133000078,0,05230504701110295215
05,5,13,000,2023,05,16,5,3,5,3,0,0,1,0,0,0,1,362867.489699999801815,5711554.266799999400973,7.022638836000056,51.538411480000036,0,05230504700000879550
05,5,70,004,2023,05,13,4,2,0,4,0,1,0,1,0,0,0,423148.196399999782443,5736511.469000000506639,7.886115270000062,51.774200021000070,0,05230503711200179616
05,5,66,012,2023,05,15,4,3,5,7,0,0,1,0,0,0,0,404906.752000000327826,5773192.869000000879169,7.611658564000038,52.101106538000067,0,05230503709110593617
05,5,66,008,2023,05,11,4,2,0,1,0,1,0,0,0,0,0,401491.308600000105798,5780340.651100000366569,7.559739945000047,52.164752575000080,0,05230503709110576751
05,5,58,032,2023,05,14,4,3,5,3,0,0,1,0,1,0,0,387529.406600000336766,5754125.856300000101328,7.364318954000055,51.926486618000069,0,05230503706000776774
05,5,54,012,2023,05,10,4,3,0,3,0,1,1,0,0,0,0,351759.199000000022352,5745594.628000000491738,6.848120124000047,51.841460918000053,0,05230503705000095046
05,5,13,000,2023,05,14,4,3,2,6,0,0,1,0,0,0,1,367732.149299999698997,5706590.421499999240041,7.094604349000065,51.494963667000036,0,05230503700000575475
05,5,13,000,2023,05,14,4,3,5,3,0,0,1,0,0,0,1,362626.821999999694526,5709658.137000000104308,7.019910389000074,51.521313760000055,0,05230503700000095201
05,5,70,004,2023,05,07,3,3,0,1,0,1,0,0,0,0,0,423741.241999999620020,5735846.260999999940395,7.894855176000021,51.768301161000068,0,05230502711200990622
05,5,70,044,2023,05,13,3,3,5,3,0,1,1,0,0,0,0,416448.190299999900162,5759802.058900000527501,7.783389919000058,51.982602023000027,0,05230502711100593886
05,5,66,084,2023,05,07,3,3,5,3,0,1,1,0,0,0,0,390433.916000000201166,5775798.095000000670552,7.399603163000052,52.121843493000029,1,05230502709300042420
05,5,66,008,2023,05,18,3,3,1,5,0,1,1,0,0,0,0,399535.870400000363588,5782547.059699999168515,7.530506839000054,52.184230733000049,0,05230502709110779618
05,5,58,016,2023,05,14,3,3,4,6,0,1,0,0,0,0,0,381100.410000000149012,5744275.279999999329448,7.274259563000044,51.836623022000026,0,05230502706000965764
05,5,54,028,2023,05,10,3,3,0,7,0,1,0,0,0,0,0,358508.464800000190735,5743290.430600000545382,6.946965710000029,51.822507655000038,1,05230502705000081093
05,5,15,000,2023,05,16,3,3,0,1,0,1,0,0,0,0,0,405436.113400000147521,5758994.419700000435114,7.623311168000043,51.973577414000033,0,05230502702100672453
05,5,15,000,2023,05,15,3,3,3,6,0,1,1,0,0,0,0,404000.826600000262260,5762204.760500000789762,7.601523845000031,52.002186836000078,0,05230502702100394895
05,5,62,008,2023,05,12,3,3,5,3,0,1,1,0,0,0,0,385175.709200000390410,5723908.594900000840425,7.340106029000026,51.654429040000082,0,05230502701910785415
05,5,12,000,2023,05,16,3,3,6,4,0,0,1,1,0,0,0,357784.479799999855459,5713050.560499999672174,6.948790070000030,51.550599316000046,0,05230502701400189547
05,5,70,044,2023,05,15,2,3,0,1,0,1,0,0,0,0,0,413889.091000000014901,5764923.506999999284744,7.744848708000063,52.028246896000041,0,05230501711100702617
05,5,54,008,2023,05,19,2,3,5,7,0,1,0,0,0,0,0,335451.321000000461936,5744628.019999999552965,6.612063734000060,51.828210721000062,0,05230501705000577676
05,5,15,000,2023,05,18,2,3,5,3,0,1,1,0,0,0,0,405226.723500000312924,5755338.283500000834465,7.621272353000052,51.940678868000077,0,05230501702100864200
05,5,62,036,2023,05,18,2,3,0,1,0,1,0,0,0,0,0,389250.338999999687076,5720484.195000000298023,7.400067195000076,51.624468096000044,1,05230501701930136471
05,5,62,024,2023,05,18,2,3,5,3,0,0,1,0,1,0,0,369924.834200000390410,5725035.756799999624491,7.119341216000066,51.661236526000039,0,05230501701500179216
05,5,54,020,2023,04,02,1,2,6,6,2,0,1,1,0,0,0,366390.557000000029802,5781836.707000000402331,7.046236219000036,52.170815959000038,0,05230430705000591763
05,5,15,000,2023,04,15,1,3,0,6,0,1,1,0,0,0,0,407203.840099999681115,5764363.520400000736117,7.647584754000036,52.022135332000062,0,05230430702100174710
05,5,15,000,2023,04,15,1,3,1,5,0,1,1,0,0,0,0,404562.061300000175834,5748305.450300000607967,7.613554379000050,51.877350917000058,0,05230430702100168282
05,5,62,016,2023,04,23,1,3,8,1,2,1,0,0,0,0,0,374673.136400000192225,5734231.737400000914931,7.184650133000048,51.744958886000063,0,05230430701700095065
05,5,62,012,2023,04,19,1,3,0,1,0,1,0,0,0,0,0,357007.653500000014901,5735667.716199999675155,6.928345735000050,51.753632540000069,0,05230430701620117111
05,5,62,012,2023,04,16,1,3,0,1,0,0,0,0,0,0,1,359184.280700000002980,5725083.869300000369549,6.964133858000025,51.659080487000040,0,05230430701610471584