ULAND,UREGBEZ,UKREIS,UGEMEINDE,UJAHR,UMONAT,USTUNDE,UWOCHENTAG,UKATEGORIE,UART,UTYP1,ULICHTVERH,IstRad,IstPKW,IstFuss,IstKrad,IstGkfz,IstSonstige,LINREFX,LINREFY,XGCSWGS84,YGCSWGS84,STRZUSTAND,UIDENTSTLAE
05,5,12,000,2023,04,18,1,3,0,1,0,1,0,0,0,0,0,359097.542899999767542,5711747.265300000086427,6.968237698000053,51.539217337000082,0,05230430701400877854
05,5,70,028,2023,04,12,7,3,3,6,0,1,1,0,0,0,0,439937.861499999649823,5739820.169299999251962,8.128856053000050,51.805999689000032,1,05230429711400276178
05,5,66,056,2023,04,16,7,2,0,1,0,1,0,0,0,0,0,417625.211900000460446,5796958.247800000011921,7.791514644000074,52.316765192000048,0,05230429709700448421
05,5,66,076,2023,04,11,7,3,0,1,0,0,0,0,1,0,0,393832.059000000357628,5792691.254000000655651,7.443924405000075,52.274331241000027,0,05230429709500391754
05,5,58,028,2023,04,12,7,3,5,3,0,1,1,0,0,0,0,397527.561200000345707,5732351.322799999266863,7.516115412000033,51.732703295000078,0,05230429706000581020
05,5,54,008,2023,04,03,7,3,0,6,2,1,1,0,0,0,0,335950.341000000014901,5746247.175000000745058,6.618531160000032,51.842903049000029,1,05230429705000495196
05,5,54,012,2023,04,15,7,3,5,3,0,0,1,0,0,0,0,355030.942999999970198,5743213.194000000134110,6.896575651000035,51.820922331000077,0,05230429705000291585
05,5,62,036,2023,04,15,7,3,5,7,0,0,1,0,0,0,0,390093.591000000014901,5720528.762000000104308,7.412230100000045,51.625033998000049,0,05230429701930549578
05,5,62,014,2023,04,08,7,2,5,5,0,0,1,0,1,0,0,360605.883600000292063,5717426.442600000649691,6.987720594000052,51.590625398000043,1,05230429701300778414
05,5,13,000,2023,04,09,7,3,2,6,0,0,1,0,0,0,0,368267.226099999621511,5708242.451300000771880,7.101690927000050,51.509935038000037,1,05230429700000670107
05,5,13,000,2023,04,14,7,3,8,7,0,0,1,0,0,0,0,368365.927500000223517,5708811.044199999421835,7.102900098000021,51.515067858000066,0,05230429700000591001
05,5,70,044,2023,04,21,6,3,1,5,2,1,1,0,0,0,0,416679.831199999898672,5759467.618300000205636,7.786843283000053,51.979630536000059,1,05230428711100087235
05,5,66,076,2023,04,13,6,3,2,6,0,0,1,0,0,0,0,393678.407499999739230,5795439.743000000715256,7.440806191000036,52.299002739000059,0,05230428709500579180
05,5,66,076,2023,04,14,6,3,3,1,0,0,1,0,1,0,0,393043.566700000315905,5797975.056900000199676,7.430694374000041,52.321664640000051,0,05230428709500070593
05,5,66,012,2023,04,10,6,3,5,3,0,1,1,0,0,0,0,404845.428199999965727,5772110.120500000193715,7.611065864000068,52.091364070000054,0,05230428709110574686
05,5,58,016,2023,04,19,6,2,5,2,0,0,1,0,0,0,1,379889.814000000245869,5741583.354800000786781,7.257631238000045,51.812171474000081,0,05230428706100695040
05,5,54,020,2023,04,12,6,3,9,1,0,1,0,0,0,0,0,365315.813000000081956,5786061.885199999436736,7.028851434000046,52.208519409000075,0,05230428705000580993
05,5,54,040,2023,04,12,6,3,1,5,0,1,1,0,0,0,0,350915.429700000211596,5737460.532299999147654,6.839379587000053,51.768152665000059,1,05230428705000520714
05,5,54,064,2023,04,17,6,3,5,2,0,1,1,0,0,0,0,356744.964100000448525,5750467.590600000694394,6.918420835000063,51.886546935000069,1,05230428705000487252
05,5,15,000,2023,04,22,6,3,4,6,2,1,0,0,0,0,0,405800.241999999620020,5755171.116000000387430,7.629658898000059,51.939273682000078,1,05230428702100276643
05,5,15,000,2023,04,13,6,3,5,3,0,1,0,0,0,0,0,403661.307300000451505,5757385.172299999743700,7.597932807000063,51.958808160000046,0,05230428702100118366
05,5,62,036,2023,04,13,6,3,2,6,0,1,1,0,0,0,0,388644.987099999561906,5719800.731399999931455,7.391543000000070,51.618205664000072,0,05230428701930548827
05,5,62,014,2023,04,14,6,3,5,2,0,0,1,0,0,0,0,361119.046099999919534,5715203.503699999302626,6.996002827000041,51.570776579000039,1,05230428701300394974
05,5,62,032,2023,04,17,6,2,0,7,0,1,0,0,0,0,0,377773.325199999846518,5716570.467700000852346,7.235710749000020,51.586918549000075,0,05230428701120076673
05,5,13,000,2023,04,19,6,3,9,1,0,0,1,0,0,0,0,362457.376000000163913,5715410.945000000298023,7.015220655000064,51.572968759000048,0,05230428700000095034
05,5,66,008,2023,04,07,5,3,0,3,0,1,1,0,0,0,0,399396.049899999983609,5781827.982400000095367,7.528675742000075,52.177742388000070,0,05230427709110596500
05,5,66,008,2023,04,18,5,3,1,5,0,1,1,0,0,0,0,399518.263700000010431,5781583.856399999931455,7.530534792000026,52.175570522000044,0,05230427709110370631
05,5,58,044,2023,04,11,5,3,0,5,0,1,1,0,0,0,0,395604.399899999611080,5746210.721499999985099,7.484104958000046,51.856918547000078,0,05230427706300457496
05,5,54,056,2023,04,14,5,3,0,1,0,1,0,0,0,0,0,356981.914699999615550,5762305.279699999839067,6.916938903000073,51.992970801000070,0,05230427705000979183
05,5,15,000,2023,04,17,5,3,0,7,0,0,1,0,0,0,1,405849.995699999853969,5758802.593399999663234,7.629387338000072,51.971923469000046,0,05230427702100069102
05,5,62,012,2023,04,23,5,3,0,1,2,1,0,0,0,0,0,359269.272800000384450,5725983.469599999487400,6.964999564000038,51.667185404000065,0,05230427701610197120
05,5,12,000,2023,04,14,5,3,1,5,0,0,1,0,1,0,0,353787.510999999940395,5710771.083000000566244,6.892129070000067,51.529095340000026,0,05230427701400889645
05,5,62,014,2023,04,16,5,3,5,2,0,1,1,0,0,0,0,358536.311999999918044,5716785.403999999165535,6.958123085000068,51.584349292000070,0,05230427701300491092
05,5,54,008,2023,04,07,5,3,5,2,0,1,1,0,0,0,0,334678.940000000409782,5743320.173000000417233,6.601489834000063,51.816233870000076,0,05230427705000679155
05,5,66,012,2023,05,17,4,3,3,2,0,1,0,0,0,0,1,405995.389000000432134,5772124.698999999091029,7.627842131000023,52.091691641000068,0,05230503709110657480
05,5,66,076,2023,04,13,4,3,0,5,0,1,1,1,0,0,0,396791.234299999661744,5787432.892200000584126,7.488886640000032,52.227635498000041,0,05230426709500442572
05,5,66,008,2023,04,13,4,3,5,3,0,1,1,0,0,0,0,399633.281999999657273,5781453.065999999642372,7.532254942000066,52.174415947000057,0,05230426709110979240
05,5,66,012,2023,04,16,4,3,5,2,0,1,0,0,0,0,0,404878.152999999932945,5772663.580000000074506,7.611388918000046,52.096344285000043,0,05230426709110372342
05,5,54,020,2023,04,22,4,3,5,3,2,1,1,0,0,0,0,364665.362999999895692,5786516.869300000369549,7.019156145000068,52.212448219000066,0,05230426705000418560
05,5,62,024,2023,04,18,4,3,8,1,0,0,0,0,0,1,1,364628.785000000149012,5724903.712400000542402,7.042867958000045,51.658799262000059,0,05230426701500381151
05,5,12,000,2023,04,10,4,3,6,7,0,0,1,1,0,0,0,356167.106399999931455,5709828.475700000301003,6.926794968000024,51.521236409000039,0,05230426701400377854
05,5,58,032,2023,04,10,3,3,4,2,0,0,1,0,1,0,0,391916.842000000178814,5751045.445900000631809,7.429066420000026,51.899669932000052,0,05230425706100281082
05,5,58,024,2023,04,12,3,3,0,3,0,0,0,0,1,1,0,393584.121500000357628,5736766.753399999812245,7.457681583000067,51.771654795000075,1,05230425706000465773
05,5,54,008,2023,04,17,3,3,5,3,0,0,1,0,0,0,1,335754.531999999657273,5744375.902000000700355,6.616579438000031,51.826035052000066,0,05230425705000196652
05,5,15,000,2023,04,20,3,3,8,1,1,0,0,0,1,0,1,401758.452300000004470,5757490.664000000804663,7.570218626000042,51.959423399000059,1,05230425702100074643
05,5,13,000,2023,04,17,3,3,5,3,0,0,1,0,0,0,0,368387.359100000001490,5708957.499099999666214,7.103154100000040,51.516389008000033,0,05230425700000867057
05,5,13,000,2023,04,10,3,3,2,7,0,0,1,0,0,0,0,368315.310899999924004,5708485.470899999141693,7.102292666000039,51.512130209000077,0,05230425700000195204
05,5,70,008,2023,04,14,2,3,4,6,0,1,0,0,0,0,1,433444.685999999754131,5739726.906999999657273,8.034710373000053,51.804425966000053,1,05230424711300081008
05,5,66,040,2023,04,16,2,3,1,1,0,0,1,0,0,1,0,420892.536799999885261,5781367.357599999755621,7.843088623000028,52.177103324000029,1,05230424709800774621
05,5,54,068,2023,04,12,2,3,5,3,0,1,1,0,0,0,0,351546.380900000222027,5767135.235200000926852,6.835736389000033,52.034939441000063,1,05230424705000991834
05,5,15,000,2023,04,19,2,3,0,1,0,0,0,0,0,0,1,408914.088000000454485,5756868.108100000768900,7.674493601000052,51.955045775000031,1,05230424702100870611
05,5,62,036,2023,04,07,2,3,3,6,0,1,1,0,0,0,0,388459.155700000002980,5720260.308399999514222,7.388713597000049,51.622299539000039,0,05230424701930049551
05,5,62,028,2023,04,11,2,2,5,2,0,1,1,0,0,0,0,380750.668999999761581,5722200.301999999210238,7.276750818000039,51.638154580000048,1,05230424701920170552
05,5,62,004,2023,04,18,2,3,6,7,0,0,1,1,0,0,0,382805.082200000062585,5712187.326500000432134,7.309769014000040,51.548593184000026,0,05230424701800773591
05,5,54,008,2023,04,05,1,3,0,1,2,1,0,0,0,0,0,337127.189399999566376,5747019.513900000602007,6.635235663000060,51.850185870000075,0,05230423705000791777
05,5,54,008,2023,04,12,1,3,5,2,0,1,1,0,0,0,0,336870.774899999611080,5745474.191600000485778,6.632245009000030,51.836228580000068,0,05230423705000095050
05,5,62,016,2023,04,11,1,3,5,3,0,0,1,0,1,0,0,375493.383999999612570,5734708.364099999889731,7.196354354000050,51.749425141000074,0,05230423701700786130
05,5,13,000,2023,04,18,1,2,8,1,0,0,1,0,0,0,0,368744.117300000041723,5713543.316600000485778,7.106582995000053,51.557683657000041,1,05230423700000990680
05,5,13,000,2023,04,21,1,3,5,3,2,0,1,0,0,0,1,368723.211299999617040,5708607.785099999979138,7.108121916000073,51.513324345000058,1,05230423700000195187
05,5,66,080,2023,04,14,7,3,5,3,0,1,1,0,0,0,0,407156.502999999560416,5780341.698999999091029,7.642542477000063,52.165744024000048,0,05230422709110542392
05,5,58,016,2023,04,13,7,3,0,1,0,1,0,0,0,0,0,381469.232599999755621,5743723.631300000473857,7.279799110000056,51.831743668000058,0,05230422706200795040
05,5,54,008,2023,04,16,7,3,5,3,0,1,1,0,0,0,0,336876.996000000275671,5745478.623999999836087,6.632333133000031,51.836270216000059,1,05230422705000676765
05,5,54,012,2023,04,03,7,3,1,1,2,0,1,0,0,0,0,352552.293700000271201,5747682.720000000670552,6.858733500000028,51.860432202000027,1,05230422705000078100
05,5,15,000,2023,04,19,7,3,0,7,0,1,0,0,0,0,0,406901.341599999926984,5756832.111899999901652,7.645222087000036,51.954388909000045,1,05230422702100370567
05,5,62,024,2023,04,20,7,3,9,1,2,0,1,0,0,0,0,367953.240000000223517,5721415.278100000694394,7.092218809000030,51.628241272000082,1,05230422701500300575
05,5,12,000,2023,04,15,7,3,4,7,0,0,1,0,0,0,1,356761.512900000438094,5708534.432199999690056,6.935882596000056,51.509759364000047,0,05230422701400289553
05,5,62,032,2023,04,19,7,2,0,1,1,0,0,0,1,0,0,375184.603000000119209,5718048.960999999195337,7.197837441000047,51.599638502000062,1,05230422701110489476
05,5,66,060,2023,04,00,1,3,6,7,2,0,0,1,1,0,0,389196.547899999655783,5787789.121400000527501,7.377620282000066,52.229361307000033,0,05230430709500168368
05,5,70,008,2023,04,11,6,2,6,7,0,0,1,1,0,0,0,432754.070299999788404,5739116.929899999871850,8.024813864000066,51.798859657000037,0,05230421711300591400
05,5,66,084,2023,04,14,6,3,5,3,0,1,1,0,0,0,0,385305.121700000017881,5779056.689899999648333,7.323623192000071,52.150087884000072,0,05230421709300370598
05,5,54,012,2023,04,12,6,3,1,1,0,0,1,0,1,0,0,352683.064199999906123,5747667.818099999800324,6.860637501000042,51.860332847000052,1,05230421705000349445
05,5,15,000,2023,04,15,6,3,0,3,0,0,1,0,0,0,1,405950.716699999757111,5758232.244799999520183,7.631009404000054,51.966813981000030,0,05230421702100274054
05,5,15,000,2023,04,12,6,3,1,6,0,0,0,0,0,1,0,408594.297100000083447,5763368.011099999770522,7.668109171000026,52.013418036000076,0,05230421702100174756
05,5,13,000,2023,04,13,6,3,5,3,0,1,1,0,0,0,0,367588.809999999590218,5714181.618699999526143,7.089686758000028,51.563149836000036,0,05230421700000795114
05,5,13,000,2023,04,12,6,3,5,3,0,1,0,0,0,0,0,366795.202399999834597,5705922.567399999126792,7.081367237000052,51.488741884000035,0,05230421700000089620
05,5,54,032,2023,04,17,3,3,0,7,0,0,1,0,0,0,0,322162.981800000183284,5744801.281500000506639,6.419337106000057,51.825695726000049,1,05230425705000196647
05,5,54,060,2023,04,17,5,3,0,7,0,1,0,0,0,0,0,353739.883000000379980,5756359.298000000417233,6.872285882000028,51.938703071000077,0,05230420705000187245
05,5,54,004,2023,04,15,5,3,6,4,0,0,1,1,0,0,0,357537.014399999752641,5770601.780999999493361,6.921563456000058,52.067657536000070,0,05230420705000060691
05,5,15,000,2023,04,21,5,3,0,7,2,0,0,1,0,0,1,406243.166000000201166,5751298.859799999743700,7.637154813000052,51.904542598000035,0,05230420702100779193
05,5,15,000,2023,04,12,5,3,6,6,0,0,1,1,0,0,0,405467.413999999873340,5757957.460000000894070,7.624052237000058,51.964262119000068,0,05230420702100179182
05,5,15,000,2023,04,15,5,3,0,7,0,1,0,0,0,0,1,403614.001699999906123,5761955.165100000798702,7.595960770000033,51.999876385000050,0,05230420702100079245
05,5,15,000,2023,04,08,5,3,3,6,0,1,0,0,0,0,0,405306.282399999909103,5756050.379399999976158,7.622233261000076,51.947093048000056,0,05230420702100076646
05,5,62,012,2023,04,16,5,3,5,2,0,0,1,0,1,0,0,358356.574500000104308,5727215.229699999094009,6.951311299000054,51.678024313000037,0,05230420701610495085
05,5,13,000,2023,04,18,5,3,6,7,1,0,0,1,0,0,1,368334.610999999567866,5707581.388000000268221,7.102908206000052,51.504009912000072,0,05230420700000546942
05,5,70,004,2023,04,18,4,3,5,3,0,1,1,0,0,0,0,423170.552400000393391,5734240.844699999317527,7.886941367000077,51.753791036000052,0,05230419711200302817
05,5,70,052,2023,04,07,4,3,4,6,0,1,0,0,0,0,0,431511.599100000225008,5755355.617499999701977,8.003577373000041,51.944691403000036,0,05230419711100696160
05,5,70,036,2023,04,10,4,3,0,7,0,0,0,1,0,0,1,434252.381799999624491,5760393.135999999940395,8.042481599000041,51.990308133000042,0,05230419711100089568
05,5,58,016,2023,04,14,4,3,5,3,0,0,1,0,0,0,0,381264.027999999932945,5743940.962999999523163,7.276747922000027,51.833653278000043,0,05230419706100305070
05,5,54,048,2023,04,15,4,3,1,5,0,1,1,0,0,0,0,340828.155600000172853,5745443.023499999195337,6.689648106000050,51.837090363000073,0,05230419705000995988
05,5,15,000,2023,04,09,4,3,2,2,0,0,1,0,0,0,0,405832.306400000117719,5759010.260700000450015,7.629072928000028,51.973787074000029,0,05230419702100131314
05,5,62,028,2023,04,08,4,3,5,2,0,0,1,0,0,0,0,381119.393000000156462,5723208.890000000596046,7.281733907000046,51.647297281000078,0,05230419701920489511
05,5,62,032,2023,04,13,4,3,5,3,0,0,1,0,0,0,0,375280.016499999910593,5715876.833900000900030,7.199986250000052,51.580138415000079,0,05230419701120582385
05,5,62,032,2023,04,16,4,3,5,3,0,1,1,0,0,0,0,377131.223100000061095,5715718.132200000807643,7.226745328000050,51.579118718000075,0,05230419701120481333
05,5,62,032,2023,04,18,4,3,0,7,0,0,0,0,0,0,1,380024.349299999885261,5719100.595100000500679,7.267321808000077,51.610141756000075,0,05230419701110595117
05,5,13,000,2023,04,21,4,3,6,2,2,0,1,1,0,0,0,368342.929999999701977,5708657.479000000283122,7.102626211000029,51.513682443000050,0,05230419700000467040
05,5,70,004,2023,05,22,6,3,6,7,2,0,1,1,0,0,0,423577.598000000230968,5735368.052999999374151,7.892589324000028,51.763979929000072,0,05230519711200990684
05,5,70,004,2023,05,09,6,3,7,7,0,0,0,0,0,1,0,424210.732300000265241,5735624.005100000649691,7.901706190000027,51.766366914000059,0,05230519711200786958
05,5,54,008,2023,05,10,6,3,5,2,0,1,0,0,0,1,0,336406.167000000365078,5744964.520999999716878,6.625748583000075,51.831514076000076,0,05230519705000990200
05,5,54,020,2023,05,22,6,3,0,6,2,0,1,1,0,0,0,363625.762000000104308,5787463.149000000208616,7.003568530000052,52.220694400000070,0,05230519705000987957
05,5,54,020,2023,05,17,6,3,5,2,0,1,1,0,0,0,0,365408.550999999977648,5783665.676000000908971,7.031159754000043,52.187011310000059,0,05230519705000021120
05,5,15,000,2023,05,19,6,2,0,1,0,1,0,0,0,0,0,404828.372000000439584,5757705.589800000190735,7.614823531000070,51.961889179000082,0,05230519702100768387
05,5,62,024,2023,05,19,6,2,0,7,0,1,0,0,0,0,0,368165.927799999713898,5725754.136499999091029,7.093654569000023,51.667282396000076,0,05230519701500699283
05,5,62,014,2023,05,13,6,3,5,3,0,0,1,0,1,0,1,361410.139999999664724,5713341.820000000298023,7.000934409000024,51.554118833000075,0,05230519701300989501
05,5,62,032,2023,05,17,6,3,5,2,0,1,0,0,0,0,1,375212.132799999788404,5719870.232200000435114,7.197586479000051,51.616012567000041,0,05230519701110095076
05,5,13,000,2023,05,17,6,3,6,4,0,0,1,1,0,0,0,368263.287999999709427,5706725.999600000679493,7.102200575000040,51.496306096000069,0,05230519700000990171
05,5,13,000,2023,05,18,6,3,2,6,0,0,1,0,1,0,0,369255.168200000189245,5708241.438300000503659,7.115919536000035,51.510155398000052,0,05230519700000776320
05,5,70,052,2023,05,03,5,3,1,5,2,1,1,0,0,0,0,430836.457399999722838,5757016.835100000724196,7.993422167000062,51.959541627000078,0,05230518711100548068
05,5,54,012,2023,05,16,5,3,3,3,0,1,0,0,0,0,0,352498.973000000230968,5747686.153999999165535,6.857958284000063,51.860448965000046,0,05230518705000990240
05,5,54,048,2023,05,18,5,3,0,1,0,1,1,0,0,0,0,340944.030000000260770,5744480.300000000745058,6.691770978000022,51.828474350000079,0,05230518705000591777
05,5,54,020,2023,05,20,5,2,9,5,0,1,1,0,0,0,0,365738.739400000311434,5786059.903300000354648,7.035037941000041,52.208604794000053,0,05230518705000551912
05,5,54,008,2023,05,19,5,3,5,3,0,1,1,0,0,0,0,335700.546000000089407,5747319.255999999120831,6.614398953000034,51.852460536000081,0,05230518705000491248
05,5,15,000,2023,05,20,5,3,0,1,1,1,0,0,0,0,0,406512.784799999557436,5761185.594499999657273,7.638383678000025,51.993454828000040,0,05230518702100074054
05,5,66,076,2023,05,15,4,3,0,1,0,0,1,1,0,0,0,394973.772099999710917,5793973.887299999594688,7.460252045000061,52.286077909000028,0,05230517709500988000
05,5,66,008,2023,05,23,4,3,0,6,2,1,0,0,0,0,0,399919.036500000394881,5781379.984999999403954,7.536453846000029,52.173811018000038,0,05230517709110693617
05,5,66,040,2023,05,08,4,3,5,3,0,1,1,0,0,0,0,421210.077200000174344,5782732.192299999296665,7.847414321000031,52.189417068000068,0,05230517709000064326
05,5,58,012,2023,05,18,4,3,7,1,0,1,0,0,0,0,1,374370.772499999962747,5755485.155999999493361,7.172553814000025,51.935888118000037,0,05230517706000987994
05,5,54,020,2023,05,13,4,3,5,3,0,0,1,0,0,0,0,368212.715499999932945,5785141.657899999991059,7.071580380000057,52.200951004000046,0,05230517705000990304
05,5,54,068,2023,05,15,4,3,5,3,0,1,0,0,0,0,0,350783.086500000208616,5768192.861099999397993,6.824155666000024,52.044236738000052,0,05230517705000990285
05,5,54,048,2023,05,18,4,3,5,2,0,1,1,0,0,0,0,341232.197399999946356,5745520.600800000131130,6.695471978000057,51.837902311000050,0,05230517705000990278
05,5,54,068,2023,05,16,4,2,5,3,0,1,0,0,0,0,0,350779.452999999746680,5767096.078999999910593,6.824581339000076,52.034381819000032,0,05230517705000291868
05,5,15,000,2023,05,15,4,3,0,6,0,1,0,0,0,0,1,405154.255400000140071,5755061.714999999850988,7.620294717000036,51.938180600000067,0,05230517702100987838
05,5,15,000,2023,05,17,4,3,5,3,0,1,0,0,0,0,0,411833.718000000342727,5752487.395999999716878,7.718091976000039,51.916138974000035,0,05230517702100176643
05,5,62,028,2023,05,10,4,3,6,4,0,1,0,1,0,0,0,379657.351499999873340,5722186.335599999874830,7.260964103000049,51.637796197000057,0,05230517701920907138
05,5,62,014,2023,05,17,4,2,0,7,0,1,0,1,0,0,0,361313.168600000441074,5715448.069399999454618,6.998705557000051,51.573022060000028,0,05230517701300286670
05,5,70,008,2023,05,04,3,3,9,1,1,0,1,0,0,0,0,432802.523400000296533,5739647.379899999126792,8.025413588000049,51.803634207000073,1,05230516711200081053
05,5,66,028,2023,05,07,3,3,5,3,0,1,1,0,0,0,0,416379.651999999769032,5791851.087999999523163,7.774513819000049,52.270671430000050,0,05230516709700990368
05,5,66,076,2023,05,13,3,3,6,7,0,1,0,1,0,0,0,394122.339900000020862,5795251.239600000903010,7.447373071000072,52.297394367000038,0,05230516709500988020
05,5,66,084,2023,05,15,3,3,0,4,0,0,1,1,0,0,0,390341.429200000129640,5775931.555800000205636,7.398209799000028,52.123024601000054,0,05230516709300279126
05,5,66,008,2023,05,09,3,3,5,3,0,1,1,0,0,0,0,399716.640100000426173,5781447.063400000333786,7.533475298000042,52.174377154000069,0,05230516709110990350
05,5,54,008,2023,05,07,3,3,0,1,0,1,0,0,0,0,0,335506.337700000032783,5746240.450099999085069,6.612094905000049,51.842712023000047,0,05230516705000990364
05,5,54,008,2023,05,20,3,3,0,7,1,1,0,0,0,0,1,334331.549100000411272,5743623.006100000813603,6.596309768000026,51.818851462000055,0,05230516705000990324
05,5,54,004,2023,05,16,3,3,2,6,0,0,1,0,0,0,0,364300.718000000342727,5771975.778000000864267,7.019629468000062,52.081701864000081,0,05230516705000891823
05,5,15,000,2023,05,00,3,3,9,1,2,0,1,0,0,0,0,407418.052400000393391,5756831.707900000736117,7.652739153000027,51.954471539000053,0,05230516702100099923
05,5,62,004,2023,05,07,3,3,6,4,0,0,1,1,0,0,0,382713.084099999628961,5712051.621099999174476,7.308488046000036,51.547354385000062,0,05230516701800575248
05,5,62,012,2023,05,16,3,2,8,1,0,0,0,0,1,0,0,360524.646700000390410,5726697.218100000172853,6.982855434000044,51.673912083000062,0,05230516701610886128
05,5,62,012,2023,05,17,3,3,5,3,0,1,1,0,0,0,0,359684.696999999694526,5724981.874299999326468,6.971404752000069,51.658289125000067,0,05230516701610780957
05,5,62,024,2023,05,06,3,3,5,3,0,1,1,0,0,0,0,364044.828900000080466,5725282.108200000599027,7.034283565000067,51.662058649000073,0,05230516701500299283
05,5,12,000,2023,05,14,3,2,0,7,0,0,1,0,0,0,0,355986.605000000447035,5718967.866000000387430,6.920450935000076,51.603314371000067,0,05230516701400575422
05,5,62,020,2023,05,11,3,2,6,4,0,0,1,1,0,0,0,370164.195600000210106,5718298.678200000897050,7.125298202000067,51.600747756000032,0,05230516701200977705
05,5,62,032,2023,05,07,3,3,0,7,0,0,1,0,0,0,0,376494.534799999557436,5719687.772199999541044,7.216163848000065,51.614655596000034,0,05230516701110299301
05,5,62,032,2023,05,15,3,3,6,1,0,1,0,1,0,0,0,376366.320500000379980,5718109.950600000098348,7.214869358000044,51.600447265000071,0,05230516701110075335
05,5,62,008,2023,05,16,6,3,5,2,0,1,1,0,0,0,0,385801.452700000256300,5723619.207299999892712,7.349242199000059,51.651955566000026,0,05230519701910077767
05,5,70,004,2023,05,16,2,3,5,3,0,1,0,0,0,0,1,423662.225999999791384,5736484.059299999848008,7.893570102000069,51.774023964000037,0,05230515711200676705
05,5,66,084,2023,05,15,2,3,1,1,0,1,1,0,0,0,0,386254.105999999679625,5778215.240199999883771,7.337768842000060,52.142722094000078,0,05230515709300990407
05,5,66,008,2023,05,16,2,2,5,3,0,1,1,0,0,0,0,398829.105999999679625,5780887.400000000372529,7.520667719000073,52.169185047000042,0,05230515709110990395
05,5,58,012,2023,05,13,2,3,5,3,0,1,1,0,0,0,0,373918.139000000432134,5756952.903000000864267,7.165435126000034,51.948975570000073,0,05230515706200303157
05,5,58,016,2023,05,14,2,3,0,3,0,1,1,0,0,0,0,383179.019799999892712,5743856.222699999809265,7.304556159000072,51.833295504000034,0,05230515706000586168
05,5,54,044,2023,05,11,2,3,0,3,0,1,1,0,0,0,0,366463.809000000357628,5743723.365499999374151,7.062156957000070,51.828355858000066,0,05230515705000291841
05,5,15,000,2023,05,18,2,3,1,7,0,1,1,0,0,0,0,408165.172600000165403,5759681.727299999445677,7.662845809000032,51.980212986000026,0,05230515702100839948
05,5,15,000,2023,05,12,2,3,5,2,0,1,0,0,0,0,0,405759.017400000244379,5758387.493599999696016,7.628177262000065,51.968176956000036,0,05230515702100588887
05,5,15,000,2023,05,11,2,3,5,3,0,1,1,0,0,0,0,407613.858000000007451,5751432.072000000625849,7.657037461000073,51.905968984000026,0,05230515702100542667
05,5,15,000,2023,05,11,2,3,2,6,0,0,1,0,0,0,0,406144.038800000213087,5757115.246600000187755,7.634127793000062,51.956806563000043,0,05230515702100068373
05,5,62,036,2023,05,09,2,3,2,6,0,1,0,0,0,0,1,388983.461799999698997,5720509.510299999266863,7.396205384000041,51.624643043000049,0,05230515701930685484
05,5,62,014,2023,05,16,2,3,2,6,0,0,1,0,0,0,0,360752.916899999603629,5715623.928700000047684,6.990556584000046,51.574464250000062,0,05230515701300898895
05,5,13,000,2023,05,16,2,3,2,6,0,0,1,0,0,0,0,369016.806499999947846,5707562.026599999517202,7.112739013000066,51.503994433000059,0,05230515700000289276
05,5,13,000,2023,05,12,2,2,0,1,0,0,0,0,1,0,0,365627.675200000405312,5716536.655099999159575,7.060509730000035,51.583849434000058,0,05230515700000070111
05,5,70,048,2023,05,04,1,3,0,1,2,0,0,0,1,0,0,448368.849499999545515,5731624.926599999889731,8.252345677000051,51.733162230000062,0,05230514711300184995
05,5,70,016,2023,05,16,1,3,0,1,0,0,0,0,0,0,1,413522.233400000259280,5738402.254599999636412,7.746160120000070,51.789792084000055,0,05230514711200691770
05,5,66,036,2023,05,10,1,3,0,1,0,1,0,0,0,0,0,386705.626699999906123,5768427.797199999913573,7.347618453000052,52.054854572000067,0,05230514709300990456
05,5,54,020,2023,05,12,1,3,0,3,0,1,1,0,0,0,0,364766.559999999590218,5786340.207000000402331,7.020706945000029,52.210885706000056,0,05230514705000781394
05,5,54,056,2023,05,00,1,3,8,1,2,1,0,0,0,0,0,357262.250699999742210,5762134.649900000542402,6.921090124000045,51.991509801000063,0,05230514705000310936
05,5,62,024,2023,05,17,1,3,2,6,0,0,1,0,0,0,0,371172.358199999667704,5728340.298599999397993,7.136148838000054,51.691220798000074,0,05230514701500375303
05,5,13,000,2023,05,00,1,3,0,3,2,0,0,0,0,0,1,369446.406600000336766,5710977.634899999946356,7.117659880000076,51.534789375000059,0,05230514700000189347
05,5,13,000,2023,05,20,5,3,0,1,0,1,0,0,0,0,0,362097.046199999749660,5711105.411599999293685,7.011712541000065,51.534190259000070,0,05230518700000790482
05,5,70,028,2023,05,10,7,3,5,5,0,0,1,0,0,0,0,439675.541500000283122,5740377.300000000745058,8.124954840000044,51.810980164000057,0,05230513711400128707
05,5,66,028,2023,05,13,7,3,0,7,0,0,1,1,0,0,0,414794.666500000283122,5793331.475099999457598,7.750917138000034,52.283734411000069,0,05230513709700838470