ULAND,UREGBEZ,UKREIS,UGEMEINDE,UJAHR,UMONAT,USTUNDE,UWOCHENTAG,UKATEGORIE,UART,UTYP1,ULICHTVERH,IstRad,IstPKW,IstFuss,IstKrad,IstGkfz,IstSonstige,LINREFX,LINREFY,XGCSWGS84,YGCSWGS84,STRZUSTAND,UIDENTSTLAE
05,5,54,008,2023,05,00,7,2,8,1,2,1,0,0,0,0,0,334216.275399999693036,5743234.445699999108911,6.594824803000051,51.815326723000055,0,05230513705000181025
05,5,15,000,2023,05,08,7,2,0,1,0,1,0,0,0,0,0,410386.620000000111759,5754207.732000000774860,7.696609620000061,51.931371653000042,0,05230513702100970611
05,5,15,000,2023,05,14,7,3,3,2,0,1,1,0,0,0,0,407192.545800000429153,5751409.016400000080466,7.650921135000033,51.905691717000082,0,05230513702100872392
05,5,15,000,2023,05,14,7,2,0,1,0,1,0,0,0,0,0,406856.117700000293553,5757338.251299999654293,7.644426964000047,51.958930773000077,0,05230513702100364312
05,5,15,000,2023,05,09,7,2,0,4,0,1,0,1,0,0,0,405594.481599999591708,5756063.088899999856949,7.626421683000046,51.947256272000061,0,05230513702100087235
05,5,13,000,2023,05,10,7,3,3,6,0,1,1,0,0,0,0,367591.972000000067055,5714192.968000000342727,7.089728074000050,51.563252570000031,0,05230513700000189437
05,5,58,016,2023,05,17,2,3,0,3,0,1,1,0,0,0,0,381779.719800000078976,5743229.387299999594688,7.284471745000076,51.827367604000074,0,05230515706100981061
05,5,70,048,2023,05,17,6,3,2,6,0,1,1,0,0,0,0,447985.796000000089407,5732038.631999999284744,8.246737479000046,51.736846269000068,0,05230512711300681008
05,5,66,076,2023,05,09,6,3,5,3,0,1,1,0,0,0,0,392919.525200000032783,5792290.748999999836087,7.430682200000035,52.270554866000055,0,05230512709000990548
05,5,58,032,2023,05,16,6,3,8,6,0,0,1,0,1,0,0,392370.250000000000000,5751968.792600000277162,7.435365444000070,51.908056505000047,1,05230512706100695040
05,5,54,008,2023,05,13,6,3,3,6,0,1,1,0,0,0,0,335322.406399999745190,5745518.969699999317527,6.609770762000039,51.836176485000067,0,05230512705000990535
05,5,54,056,2023,05,16,6,3,0,1,0,1,0,0,0,0,0,356453.406600000336766,5761911.699599999934435,6.909411462000037,51.989298148000046,0,05230512705000990523
05,5,54,008,2023,05,23,6,2,1,5,2,1,0,0,0,0,1,335586.234799999743700,5746110.594100000336766,6.613315383000042,51.841569005000053,0,05230512705000782336
05,5,54,008,2023,05,10,6,2,6,1,0,0,1,1,0,0,0,335614.316800000146031,5745649.218800000846386,6.613941876000069,51.837432553000042,0,05230512705000080975
05,5,15,000,2023,05,18,6,3,5,7,0,1,1,0,0,0,0,405683.970800000242889,5751651.669399999082088,7.628932312000074,51.907619448000048,0,05230512702100556497
05,5,62,004,2023,05,17,6,3,8,1,2,0,1,0,0,0,0,385626.165400000289083,5716681.823699999600649,7.348974415000043,51.589568115000077,0,05230512701800877488
05,5,62,012,2023,05,21,6,3,0,5,2,0,1,0,0,1,0,359474.605000000447035,5724956.780999999493361,6.968379509000044,51.658011155000054,0,05230512701610587578
05,5,62,012,2023,05,09,6,3,5,3,0,1,1,0,0,0,0,358010.230499999597669,5727175.487800000235438,6.946321505000071,51.677579759000082,0,05230512701610351417
05,5,62,024,2023,05,13,6,3,5,3,0,1,1,0,0,0,0,368753.227699999697506,5723441.989600000903010,7.103010014000063,51.646641660000057,0,05230512701500955785
05,5,62,020,2023,05,18,6,3,6,6,0,0,1,1,0,0,0,371081.131599999964237,5717419.936599999666214,7.138853228000073,51.593061287000069,1,05230512701200580920
05,5,62,032,2023,05,12,6,3,5,2,0,1,0,0,0,0,1,375283.863099999725819,5718493.141100000590086,7.199111908000020,51.603652393000061,0,05230512701110381136
05,5,13,000,2023,05,20,6,2,0,1,1,0,0,0,0,0,1,369405.832700000144541,5716085.641699999570847,7.115178057000037,51.580684493000035,0,05230512700000785657
05,5,70,004,2023,05,14,5,3,0,5,0,1,1,0,0,0,0,425464.281000000424683,5734887.477900000289083,7.920026384000039,51.759914033000030,1,05230511711200587238
05,5,66,040,2023,05,17,5,3,0,1,0,0,0,0,1,0,0,419426.832000000402331,5784155.357899999246001,7.820995415000027,52.201951887000064,1,05230511709800990573
05,5,58,036,2023,05,12,5,3,5,3,0,1,1,0,0,0,0,387189.034400000236928,5729927.924200000241399,7.367252558000075,51.708937212000080,0,05230511706300990588
05,5,58,016,2023,05,17,5,3,5,2,0,1,1,0,0,0,0,381204.866000000387430,5743864.958000000566244,7.275915797000039,51.832957631000056,1,05230511706100076632
05,5,54,040,2023,05,13,5,3,5,3,0,1,1,0,0,0,0,350655.826700000092387,5737787.985899999737740,6.835479373000055,51.771025615000042,0,05230511705000990585
05,5,54,008,2023,05,14,5,3,2,6,0,0,1,0,0,0,0,335366.992200000211596,5745467.535599999129772,6.610441770000023,51.835727576000068,0,05230511705000990581
05,5,54,068,2023,05,12,5,3,0,7,0,1,0,0,0,0,0,351404.013000000268221,5767647.504100000485778,6.833439870000063,52.039503777000050,0,05230511705000931360
05,5,54,020,2023,05,16,5,3,5,2,0,1,1,0,0,0,0,365934.098000000230968,5785982.463999999687076,7.037925929000039,52.207956531000036,1,05230511705000720881
05,5,54,008,2023,05,05,5,3,4,2,1,1,0,0,0,0,0,334950.315100000239909,5746053.521700000390410,6.604120088000059,51.840868721000049,1,05230511705000277676
05,5,54,004,2023,05,17,5,2,0,7,0,1,0,0,0,0,0,362792.137199999764562,5771161.448799999430776,6.997955474000037,52.074013022000031,1,05230511705000089360
05,5,15,000,2023,05,21,5,3,5,3,2,1,0,0,0,0,0,407853.066999999806285,5756810.732999999076128,7.659073272000057,51.954355256000042,1,05230511702100479188
05,5,15,000,2023,05,16,5,3,6,4,0,1,0,1,0,0,0,402590.677799999713898,5754373.863199999555945,7.583209716000056,51.931555113000059,0,05230511702100150184
05,5,15,000,2023,05,19,5,3,5,3,0,1,0,0,0,0,1,407383.552000000141561,5751281.892000000923872,7.653731001000040,51.904580832000079,1,05230511702100095613
05,5,62,004,2023,05,07,5,3,5,3,0,1,1,0,0,0,0,384922.124400000087917,5714732.738700000569224,7.339454690000025,51.571906727000055,0,05230511701800849718
05,5,62,014,2023,05,15,5,3,0,1,0,1,0,0,0,0,0,360097.925300000235438,5717135.613099999725819,6.980508578000070,51.587886105000052,1,05230511701300773594
05,5,62,014,2023,05,17,5,3,4,6,0,1,1,0,0,0,0,360205.514899999834597,5717780.838899999856949,6.981803590000027,51.593710810000061,0,05230511701300673594
05,5,62,014,2023,05,15,5,2,0,1,0,0,0,0,1,0,0,360392.245600000023842,5715058.077299999073148,6.985580123000034,51.569290278000040,1,05230511701300099256
05,5,62,032,2023,05,15,5,3,6,4,0,1,0,1,0,0,0,378122.982699999585748,5716835.437999999150634,7.240663332000054,51.589375666000080,1,05230511701120976673
05,5,13,000,2023,05,17,5,2,5,3,0,0,1,0,1,0,0,367273.320899999700487,5713044.573300000280142,7.085567098000070,51.552857489000075,1,05230511700000981310
05,5,13,000,2023,05,12,5,3,6,4,0,0,1,1,0,0,0,369724.638299999758601,5709149.096400000154972,7.122345407000068,51.518420844000048,0,05230511700000895032
05,5,13,000,2023,05,15,5,3,6,4,0,0,1,1,0,0,0,370014.511599999852479,5707856.528999999165535,7.126997531000029,51.506871451000052,0,05230511700000175352
05,5,54,012,2023,05,19,7,3,2,6,0,0,1,0,1,0,0,350613.661999999545515,5745372.449999999254942,6.831600133000052,51.839159433000077,0,05230513705000091636
05,5,13,000,2023,05,12,5,3,5,3,0,1,1,0,0,0,0,369076.827600000426173,5708909.541099999099970,7.113102955000045,51.516118229000028,0,05230511700000570107
05,5,70,044,2023,05,16,4,3,5,3,0,1,1,0,0,0,0,416249.475700000301003,5760408.467100000008941,7.780349041000022,51.988023070000054,0,05230510711100591858
05,5,58,036,2023,05,17,4,3,0,3,0,1,1,0,0,0,0,387614.450000000186265,5729517.574500000104308,7.373539348000065,51.705334458000038,0,05230510706300196685
05,5,58,012,2023,05,11,4,3,0,1,0,0,1,1,0,0,0,373935.082200000062585,5755670.778300000354648,7.166151585000023,51.937457679000033,0,05230510706200696670
05,5,54,004,2023,05,07,4,2,0,3,0,1,1,0,0,0,0,363275.626600000075996,5771226.337999999523163,7.004979591000051,52.074715656000080,1,05230510705000596683
05,5,15,000,2023,05,18,4,3,6,4,0,0,1,1,0,0,0,406181.544999999925494,5757442.645600000396371,7.634584035000046,51.959755707000056,0,05230510702100996747
05,5,62,004,2023,05,14,4,3,5,3,0,1,1,0,0,0,0,384671.751099999994040,5716592.317500000819564,7.335232764000068,51.588569100000029,0,05230510701800975251
05,5,12,000,2023,05,16,4,3,6,4,0,0,1,1,0,0,0,356860.836000000126660,5710710.523000000044703,6.936428993000050,51.529338587000041,0,05230510701400275487
05,5,62,014,2023,05,17,4,2,5,3,0,0,1,0,1,0,0,361170.819099999964237,5713158.933000000193715,6.997556823000025,51.552416542000060,0,05230510701300373594
05,5,13,000,2023,05,17,4,2,3,2,0,0,1,0,0,1,0,367253.965400000102818,5709590.154699999839067,7.086590690000037,51.521809290000078,0,05230510700000194943
05,5,58,016,2023,05,05,3,3,0,1,2,0,0,0,0,0,1,381599.112700000405312,5743266.034900000318885,7.281839640000044,51.827658715000041,0,05230509706000991824
05,5,54,044,2023,05,15,3,3,0,7,0,0,1,0,0,0,0,365302.366200000047684,5740914.281099999323487,7.046405196000023,51.802834582000060,0,05230509705000887245
05,5,54,048,2023,05,11,3,3,3,2,0,1,1,0,0,0,0,341279.170800000429153,5745836.039000000804663,6.696008487000029,51.840749537000079,0,05230509705000186008
05,5,54,008,2023,05,22,3,3,4,2,2,1,0,0,0,0,0,335668.127299999818206,5744360.981200000271201,6.615333844000077,51.825875607000057,1,05230509705000086932
05,5,15,000,2023,05,16,3,3,5,3,0,1,1,0,0,0,0,403027.943099999800324,5757526.393899999558926,7.588678273000028,51.959967403000064,1,05230509702100366381
05,5,13,000,2023,05,15,3,3,5,3,0,0,1,0,0,0,1,368026.581000000238419,5708231.496999999508262,7.098229311000068,51.509780440000043,0,05230509700000895200
05,5,70,016,2023,05,09,2,3,5,3,0,1,1,0,0,0,0,413017.718000000342727,5739070.794999999925494,7.738679407000063,51.795723437000049,0,05230508711200274651
05,5,66,028,2023,05,20,2,3,5,3,0,1,0,0,0,0,1,411276.491999999620020,5792520.898000000044703,7.699569263000058,52.275892087000045,0,05230508709700702596
05,5,66,076,2023,05,07,2,3,5,3,0,1,1,0,0,0,0,391497.394000000320375,5793820.212999999523163,7.409356670000022,52.284021484000050,0,05230508709500060910
05,5,66,068,2023,05,14,2,3,0,3,0,1,1,0,0,0,0,375375.646999999880791,5784830.266000000759959,7.176449662000039,52.199818702000073,0,05230508709300568287
05,5,66,084,2023,05,09,2,2,5,3,0,1,1,0,0,0,0,390349.031299999915063,5775610.626700000837445,7.398424210000030,52.120141837000062,0,05230508709300296684
05,5,62,014,2023,05,13,4,3,8,1,0,1,0,0,0,0,0,360836.722000000067055,5715931.367000000551343,6.991643353000029,51.577247609000040,0,05230517701300289736
05,5,54,008,2023,05,07,2,3,8,5,0,1,1,0,0,0,0,335190.817699999548495,5746232.442600000649691,6.607522717000052,51.842547058000036,0,05230508705000517283
05,5,54,020,2023,05,16,2,3,5,3,0,1,1,0,0,0,0,364977.849000000394881,5786694.870999999344349,7.023655932000054,52.214124270000070,0,05230508705000465795
05,5,15,000,2023,05,15,2,2,1,5,0,1,1,0,0,0,0,406295.107400000095367,5757650.621500000357628,7.636179556000059,51.961644242000034,0,05230508702100888887
05,5,15,000,2023,05,13,2,3,0,1,0,1,0,0,0,0,0,402205.231100000441074,5756014.908199999481440,7.577138731000048,51.946237689000043,0,05230508702100754102
05,5,15,000,2023,05,07,2,3,5,3,0,1,1,0,0,0,0,404827.116000000387430,5757574.009999999776483,7.614841716000058,51.960706274000074,0,05230508702100153167
05,5,62,016,2023,05,15,2,3,1,5,0,1,1,0,0,0,0,374599.443300000391901,5734131.424799999222159,7.183619437000061,51.744040906000066,0,05230508701700986130
05,5,62,024,2023,05,06,2,3,1,5,0,0,1,0,0,0,0,367822.839200000278652,5724802.551699999719858,7.089056305000042,51.658650404000070,0,05230508701500975303
05,5,12,000,2023,05,16,2,3,5,3,0,0,1,0,0,0,0,357343.752399999648333,5708452.993699999526143,6.944300001000045,51.509174858000051,0,05230508701400748096
05,5,12,000,2023,05,15,2,3,0,7,0,0,0,0,1,0,0,352914.767199999652803,5720357.116900000721216,6.875543330000028,51.615003439000077,0,05230508701400373594
05,5,70,024,2023,05,15,4,2,4,6,0,1,0,0,0,0,0,420263.804899999871850,5753645.013199999928474,7.840365915000064,51.927815975000044,0,05230510711100789568
05,5,66,060,2023,05,01,1,2,0,1,2,1,0,0,0,0,0,389130.583999999798834,5788750.755899999290705,7.376339492000056,52.237990228000058,1,05230507709500461952
05,5,54,048,2023,05,11,1,2,0,1,0,1,0,0,0,0,0,341289.438699999824166,5745975.530999999493361,6.696093405000056,51.842005641000071,0,05230507705000572472
05,5,15,000,2023,05,14,1,3,6,4,0,1,0,1,0,0,0,402139.826200000010431,5759348.196699999272823,7.575237742000070,51.976186576000032,0,05230507702100756377
05,5,12,000,2023,05,20,1,3,5,3,0,0,1,0,0,0,0,358678.223000000230968,5712542.269999999552965,6.961876123000025,51.546256398000025,0,05230507701400275252
05,5,66,060,2023,05,06,7,3,5,3,1,0,1,0,0,0,0,387587.756400000303984,5793611.444700000807643,7.352136436000023,52.281359603000055,0,05230506709500036092
05,5,66,012,2023,05,18,7,2,5,3,0,0,1,0,1,0,0,405192.652499999850988,5773570.413300000131130,7.615726255000027,52.104549043000077,0,05230506709110796547
05,5,58,008,2023,05,16,7,3,2,1,0,1,0,0,0,0,0,382600.526200000196695,5759865.735600000247359,7.290710282000020,51.977053506000061,0,05230506706000158240
05,5,54,068,2023,05,21,7,3,4,6,2,1,0,0,0,0,0,351137.815700000151992,5767795.100700000301003,6.829497411000034,52.040758448000076,0,05230506705000020978
05,5,62,004,2023,05,09,7,3,5,3,0,0,1,0,0,0,1,383608.850100000388920,5717898.772199999541044,7.319463438000071,51.600092579000034,0,05230506701800595167
05,5,13,000,2023,05,13,7,3,5,3,0,1,1,0,0,0,0,365268.933000000193715,5716769.309000000357628,7.055245672000069,51.585854508000068,0,05230506700000289437
05,5,13,000,2023,05,20,7,2,6,4,1,0,1,1,0,0,0,362986.626299999654293,5712015.505100000649691,7.024176061000048,51.542585242000030,1,05230506700000067101
05,5,70,040,2023,05,12,6,3,0,6,0,1,1,0,0,0,0,419057.735999999567866,5744558.743000000715256,7.824961634000033,51.845963273000052,0,05230505711200785563
05,5,66,076,2023,05,21,6,3,1,5,0,1,0,0,0,0,1,395479.559999999590218,5794081.444000000134110,7.467630961000054,52.287140981000050,0,05230505709500591754
05,5,54,012,2023,05,17,6,3,3,2,0,1,1,0,0,0,0,353161.082999999634922,5746454.878000000491738,6.868089482000073,51.849560626000027,1,05230505705000872210
05,5,54,028,2023,05,07,6,3,4,2,0,0,1,0,1,0,0,356799.114400000311434,5743730.411199999973178,6.921998662000021,51.826025586000071,0,05230505705000091843
05,5,15,000,2023,05,13,6,3,0,7,0,1,0,1,0,0,0,404947.817200000397861,5757699.851999999955297,7.616563037000049,51.961858040000038,0,05230505702100165913
05,5,62,004,2023,05,20,6,3,5,3,0,1,1,0,0,0,0,382631.295400000177324,5712328.118799999356270,7.307216795000045,51.549822464000044,0,05230505701800990605
05,5,62,014,2023,05,08,6,3,5,3,0,1,1,0,0,0,0,359288.006099999882281,5716260.386399999260902,6.969176023000045,51.579819700000030,0,05230505701300289645
05,5,62,032,2023,05,14,6,3,6,4,0,0,1,1,0,0,0,377467.471499999985099,5715428.729599999263883,7.231696579000072,51.576590963000058,1,05230505701120148735
05,5,62,032,2023,05,13,6,2,6,4,0,0,1,1,0,0,0,374844.042700000107288,5720147.883799999952316,7.192173528000069,51.618426121000027,0,05230505701110285430
05,5,13,000,2023,05,14,6,3,6,4,0,0,1,1,0,0,0,365533.181499999947846,5715208.632600000128150,7.059655131000056,51.571892694000042,0,05230505700000970111
05,5,13,000,2023,05,20,6,3,2,6,0,0,1,0,0,0,0,363396.183500000275671,5717035.987099999561906,7.028127103000031,51.587800090000030,0,05230505700000195034
05,5,62,014,2023,05,19,5,3,5,3,0,0,1,0,0,0,0,358951.690399999730289,5714873.968299999833107,6.964882088000024,51.567277376000050,0,05230518701300398895
05,5,70,004,2023,06,20,7,3,0,1,0,1,0,0,0,0,0,423444.437699999660254,5733887.685100000351667,7.890986216000044,51.750653756000077,0,05230603711200591707
05,5,70,004,2023,06,23,7,2,6,4,2,0,1,1,1,0,0,423427.635999999940395,5734203.619000000879169,7.890673284000059,51.753491595000071,0,05230603711200290740
05,5,66,092,2023,06,14,7,3,5,3,0,1,1,0,0,0,0,423885.436999999918044,5796319.199999999254942,7.883480606000035,52.311924675000057,0,05230603709700986250
05,5,66,076,2023,06,07,7,3,5,3,0,0,1,0,0,0,0,394454.565799999982119,5794019.251499999314547,7.452628963000052,52.286386139000058,0,05230603709500038567
05,5,66,008,2023,06,15,7,3,8,1,0,1,0,0,0,0,0,400036.243300000205636,5781894.368499999865890,7.538015638000047,52.178455420000034,0,05230603709110896664
05,5,66,040,2023,06,18,7,2,0,1,0,1,0,0,0,0,0,421550.258000000379980,5782443.464999999850988,7.852456429000028,52.186870237000051,0,05230603709000564326
05,5,58,016,2023,06,16,7,3,5,2,0,0,1,0,1,0,0,381002.027599999681115,5743576.668099999427795,7.273072554000066,51.830323555000064,0,05230603706000995025
05,5,54,048,2023,06,01,7,3,0,1,2,1,0,0,0,0,0,341415.424999999813735,5744474.185000000521541,6.698608725000042,51.828553416000034,0,05230603705000978011
05,5,54,068,2023,06,21,7,3,9,1,1,0,0,0,1,0,0,351554.462000000290573,5768500.797000000253320,6.835261238000044,52.047210459000041,0,05230603705000093442
05,5,15,000,2023,06,09,7,3,0,1,0,0,0,0,1,0,0,406761.168600000441074,5754396.273099999874830,7.643843450000077,51.932470831000046,0,05230603702100445124
05,5,12,000,2023,06,20,7,3,6,7,0,0,0,1,0,0,1,356141.942300000227988,5710063.751299999654293,6.926336449000075,51.523344140000063,0,05230603701400175252
05,5,62,014,2023,06,15,7,3,0,1,0,0,0,0,0,0,1,361468.780600000172853,5715962.010099999606609,7.000746929000059,51.577678658000082,0,05230603701300698943
05,5,62,032,2023,06,09,7,3,8,7,0,0,1,0,0,0,0,374264.542899999767542,5714773.635800000280142,7.185733259000074,51.569998244000033,0,05230603701120399904
05,5,13,000,2023,06,15,7,3,0,7,0,1,0,0,0,0,0,364894.014999999664724,5716284.599999999627471,7.050023869000029,51.581408963000058,0,05230603700000579550
05,5,70,020,2023,06,22,6,3,6,6,2,1,1,1,0,0,0,433236.786000000312924,5743585.541999999433756,8.030951535000042,51.839090099000032,0,05230602711400494426
05,5,70,012,2023,06,17,6,3,5,3,0,1,1,0,0,0,0,439361.421699999831617,5753696.116100000217557,8.118059731000073,51.930683578000071,0,05230602711100396945
05,5,58,012,2023,06,06,6,3,5,2,0,0,0,0,0,1,1,371440.605299999937415,5752605.740199999883771,7.131030086000067,51.909343696000064,0,05230602706200986220
05,5,54,020,2023,06,13,6,3,5,2,0,1,0,0,0,0,0,366443.377000000327826,5782805.220000000670552,7.046626818000050,52.179531281000038,0,05230602705000951453
05,5,15,000,2023,06,21,6,3,1,1,1,1,1,0,0,0,0,407147.742499999701977,5756608.508899999782443,7.648867071000041,51.952420242000073,0,05230602702100072400
05,5,15,000,2023,06,15,6,3,4,2,0,1,1,0,0,0,0,405967.718700000084937,5758597.483999999240041,7.631156777000058,51.970099787000038,0,05230602702100069102
05,5,62,004,2023,06,13,6,3,1,5,0,1,1,0,0,0,0,384371.107499999925494,5711291.941899999976158,7.332638716000076,51.540868697000064,0,05230602701800785656
05,5,12,000,2023,06,14,6,3,0,7,0,1,0,0,0,0,1,358051.998599999584258,5708431.501099999994040,6.954507583000066,51.509160084000030,0,05230602701400399774
05,5,70,008,2023,06,11,5,2,4,7,0,0,1,0,1,0,0,433367.405399999581277,5734750.522399999201298,8.034545153000067,51.759678991000044,0,05230601711300872473
05,5,70,008,2023,06,15,5,3,4,7,0,0,1,0,0,0,1,432917.645899999886751,5739107.740299999713898,8.027187411000057,51.798796689000028,0,05230601711300481008
05,5,70,004,2023,06,12,5,2,5,3,0,0,1,0,1,0,0,423459.267799999564886,5733325.584499999880791,7.891324732000044,51.745602689000066,0,05230601711200577897
05,5,66,076,2023,06,15,5,2,0,3,0,1,1,0,0,0,0,393754.242800000123680,5793842.424499999731779,7.442421573000047,52.284662015000038,0,05230601709500986203
05,5,66,012,2023,06,06,5,3,0,1,0,1,0,0,0,0,0,404822.117700000293553,5772600.430500000715256,7.610588799000027,52.095767051000053,1,05230601709110978074
05,5,58,012,2023,06,07,5,3,6,4,0,1,0,1,0,0,0,374484.788300000131130,5755466.799000000581145,7.174218115000031,51.935748880000062,0,05230601706000978072
05,5,15,000,2023,06,12,5,3,5,3,0,1,1,0,0,0,0,406654.393299999646842,5761283.888399999588728,7.640418776000047,51.994362157000069,0,05230601702100088887
05,5,12,000,2023,06,19,5,3,6,4,0,0,1,1,0,0,0,356192.958499999716878,5709515.696799999102950,6.927294977000031,51.518432420000067,0,05230601701400994974
05,5,12,000,2023,06,14,5,3,5,3,0,0,1,0,0,0,0,358474.898000000044703,5709116.120999999344349,6.960322639000026,51.515418159000035,0,05230601701400278920
05,5,62,032,2023,06,16,5,3,5,3,0,0,1,0,0,0,1,375720.933400000445545,5715805.905200000852346,7.206371496000031,51.579598360000034,0,05230601701120191800
05,5,13,000,2023,06,19,5,3,1,5,0,0,1,0,1,0,0,362836.417999999597669,5710710.892000000923872,7.022519641000031,51.530825100000072,0,05230601700000276320
05,5,70,008,2023,05,15,4,3,0,1,0,1,0,0,0,0,0,435497.583100000396371,5733632.923299999907613,8.065612672000043,51.749881043000073,0,05230531711300853110
05,5,66,076,2023,05,18,4,3,0,1,0,1,0,0,0,0,0,394240.549899999983609,5791292.146600000560284,7.450347747000023,52.261835835000056,0,05230531709500989665
05,5,66,076,2023,05,18,4,3,5,3,0,1,1,0,0,0,0,395526.804999999701977,5791176.716000000014901,7.469223137000029,52.261044231000028,0,05230531709500324206
05,5,54,068,2023,05,07,4,2,5,2,0,1,1,0,0,0,0,350590.213600000366569,5767463.142200000584126,6.821664307000049,52.037628712000071,0,05230531705000989656
05,5,54,012,2023,05,16,4,3,5,2,0,1,0,0,0,0,0,353035.756199999712408,5745351.989900000393391,6.866739929000062,51.839618244000064,0,05230531705000380991
05,5,15,000,2023,05,13,4,3,0,5,0,0,1,0,0,0,0,406123.280799999833107,5754752.481000000610948,7.634471020000035,51.935565378000035,0,05230531702100096698
05,5,62,004,2023,05,14,4,2,1,5,0,0,1,0,0,0,0,382628.549599999561906,5713031.531500000506639,7.306942468000045,51.556143967000025,0,05230531701800568380
05,5,62,012,2023,05,07,4,3,5,3,0,1,1,0,0,0,0,359538.312599999830127,5726465.981799999251962,6.968693315000053,51.671588486000076,0,05230531701610770157
05,5,12,000,2023,05,13,4,3,6,4,0,0,1,1,0,0,0,354890.775899999774992,5709123.447100000455976,6.908701368000038,51.514574776000075,0,05230531701400878920
05,5,13,000,2023,05,16,4,2,6,4,0,0,1,1,0,0,0,368375.197300000116229,5705631.894300000742078,7.104219794000073,51.486499643000059,0,05230531700000775760
05,5,54,056,2023,05,11,3,3,3,6,0,1,1,0,0,0,0,356540.808000000193715,5762431.103599999099970,6.910466140000040,51.993987566000044,0,05230530705000987762
05,5,54,012,2023,05,12,3,3,5,3,0,1,1,0,0,0,0,353653.090599999763072,5746723.445900000631809,6.875113793000025,51.852102904000049,0,05230530705000491585
05,5,62,012,2023,05,14,3,3,2,6,0,0,1,0,1,0,0,359074.562099999748170,5727628.654699999839067,6.961522092000052,51.681919850000043,0,05230530701610787578
05,5,12,000,2023,05,18,3,3,5,3,0,1,1,0,0,0,0,357448.658300000242889,5709273.674799999222159,6.945478818000026,51.516575909000039,0,05230530701400578100
05,5,62,014,2023,05,06,3,3,3,6,0,1,0,0,0,0,1,360921.435999999754131,5714070.722999999299645,6.993601528000056,51.560548581000035,0,05230530701300926178
05,5,13,000,2023,05,08,3,3,0,6,0,0,0,0,1,0,1,362641.369699999690056,5709759.092800000682473,7.020080589000031,51.522224519000076,0,05230530700000972394
05,5,70,036,2023,05,08,2,3,0,3,0,1,1,0,0,0,0,434027.505300000309944,5759866.108200000599027,8.039308487000028,51.985543638000081,0,05230529711100796945
05,5,54,044,2023,05,18,2,3,0,6,0,1,0,0,0,0,0,369704.634899999946356,5741751.796299999579787,7.109900776000075,51.811403928000061,0,05230529705000152633
05,5,66,084,2023,05,14,1,3,0,7,0,1,0,0,0,0,0,385627.798000000417233,5778913.052999999374151,7.328385598000068,52.148863954000035,0,05230528709300570598
05,5,66,012,2023,05,13,1,3,0,2,0,1,1,0,0,0,0,404807.470999999903142,5772184.672000000253320,7.610491174000060,52.092027624000082,0,05230528709110989812
05,5,58,012,2023,05,21,1,3,0,3,1,1,0,0,0,0,0,372553.784099999815226,5756352.347100000828505,7.145816768000032,51.943267861000038,0,05230528706000989800
05,5,54,068,2023,05,23,1,2,7,1,2,1,1,0,0,0,0,350961.849899999797344,5767615.104900000616908,6.827012169000056,52.039094018000071,0,05230528705000987794
05,5,62,028,2023,05,17,1,3,0,1,0,1,1,0,0,0,0,379571.125000000000000,5721739.702899999916553,7.259872354000038,51.633763689000034,0,05230528701920987796
05,5,62,032,2023,05,22,1,3,8,1,2,0,0,0,1,0,0,376741.782999999821186,5715176.995999999344349,7.221317703000068,51.574170351000078,0,05230528701120262250
05,5,13,000,2023,05,20,1,3,5,2,1,0,1,0,0,0,1,368139.605999999679625,5709452.482999999076128,7.099400305000074,51.520779528000048,0,05230528700000989637
05,5,13,000,2023,05,20,1,3,6,7,0,0,0,1,0,0,1,367151.101700000464916,5711452.972500000149012,7.084406205000050,51.538525602000050,0,05230528700000980915
05,5,13,000,2023,06,05,7,3,8,1,1,0,1,0,0,0,0,362754.958200000226498,5717801.563100000843406,7.018577579000066,51.594523900000070,0,05230603700000766387
05,5,58,012,2023,05,18,7,3,5,3,0,1,1,0,0,0,0,373957.427199999801815,5756057.567399999126792,7.166334706000043,51.940938599000049,0,05230527706200050361
05,5,58,016,2023,05,18,7,3,5,3,0,0,1,0,0,0,0,382154.236700000241399,5742760.810399999842048,7.290063350000025,51.823235527000065,0,05230527706100257450
05,5,15,000,2023,05,22,7,3,0,3,2,0,0,0,0,0,1,406204.971900000236928,5757370.944599999114871,7.634944459000053,51.959115177000058,0,05230527702100068373
05,5,13,000,2023,05,17,7,3,6,4,0,0,1,1,0,0,0,366775.452800000086427,5709067.472400000318885,7.079895140000076,51.516999463000047,0,05230527700000995204
05,5,15,000,2023,06,15,7,3,0,7,0,1,0,0,0,0,0,405711.847699999809265,5757144.066500000655651,7.627832214000023,51.956992494000076,0,05230603702100605104
05,5,62,016,2023,05,15,3,3,5,3,0,0,1,0,0,0,0,374095.518500000238419,5734237.443199999630451,7.176285878000044,51.744880671000033,0,05230530701700871940
05,5,70,004,2023,05,11,6,3,5,3,0,0,1,0,0,0,0,423744.985700000077486,5735845.941700000315905,7.894909489000042,51.768298801000071,0,05230526711200602817
05,5,70,004,2023,05,13,6,3,3,6,0,0,1,0,0,0,0,423839.736100000329316,5735178.596400000154972,7.896428646000061,51.762312499000075,0,05230526711200089245