ULAND,UREGBEZ,UKREIS,UGEMEINDE,UJAHR,UMONAT,USTUNDE,UWOCHENTAG,UKATEGORIE,UART,UTYP1,ULICHTVERH,IstRad,IstPKW,IstFuss,IstKrad,IstGkfz,IstSonstige,LINREFX,LINREFY,XGCSWGS84,YGCSWGS84,STRZUSTAND,UIDENTSTLAE
05,5,70,052,2023,05,13,6,3,0,3,0,1,1,0,0,0,0,429843.785000000149012,5756041.867000000551343,7.979176761000076,51.950652686000069,0,05230526711100587261
05,5,70,044,2023,05,15,6,3,5,3,0,1,0,0,0,0,0,415780.866000000387430,5759836.091299999505281,7.773666954000021,51.982807175000062,0,05230526711100391858
05,5,66,076,2023,05,16,6,3,5,3,0,1,1,0,0,0,0,392793.296000000089407,5792798.347999999299645,7.428671664000035,52.275092142000062,0,05230526709500579092
05,5,66,084,2023,05,16,6,3,7,7,0,0,1,0,0,0,0,385369.430200000293553,5777559.809100000187755,7.325067572000023,52.136648930000035,0,05230526709300391781
05,5,15,000,2023,05,20,6,3,5,3,0,1,0,0,0,1,0,405328.551300000399351,5755864.338400000706315,7.622608400000047,51.945424620000040,0,05230526702100074736
05,5,62,028,2023,05,17,6,3,5,2,0,1,1,0,0,0,0,379185.679100000299513,5723387.532600000500679,7.253736732000050,51.648490634000041,0,05230526701920049578
05,5,62,004,2023,05,12,6,3,6,7,0,0,0,1,0,0,1,382436.497499999590218,5714683.188799999654293,7.303621032000024,51.570948552000061,0,05230526701800353341
05,5,62,024,2023,05,16,6,3,5,3,0,1,1,0,0,0,0,367292.394999999552965,5724141.625000000000000,7.081642921000025,51.652586032000045,0,05230526701500081148
05,5,12,000,2023,05,07,6,3,1,5,0,1,1,0,0,0,0,357053.196999999694526,5712148.998999999836087,6.938616196000055,51.542313245000059,0,05230526701400790514
05,5,12,000,2023,05,17,6,3,5,3,0,1,1,0,0,0,0,358986.656299999915063,5708735.652300000190735,6.967845358000034,51.512127219000035,0,05230526701400398880
05,5,62,032,2023,05,15,6,3,0,7,0,1,0,0,0,0,0,375713.428999999538064,5715810.019999999552965,7.206261792000021,51.579633685000033,0,05230526701120195983
05,5,62,032,2023,05,12,6,3,0,7,0,0,1,0,0,0,0,375715.785199999809265,5715847.169600000604987,7.206282631000022,51.579968076000057,0,05230526701120045172
05,5,66,028,2023,05,07,5,3,0,1,0,1,0,0,0,0,0,412927.433000000193715,5792374.531999999657273,7.723798517000034,52.274840470000072,0,05230525709700676377
05,5,66,076,2023,05,14,5,3,5,3,0,1,1,0,0,0,0,392490.474000000394881,5792519.059000000357628,7.424324047000027,52.272523001000081,0,05230525709500096580
05,5,66,012,2023,05,10,5,3,5,3,0,1,1,0,0,0,0,405002.322999999858439,5772267.512299999594688,7.613311405000047,52.092805691000081,0,05230525709110987863
05,5,54,008,2023,05,21,5,3,0,6,1,1,0,0,0,0,0,337129.072100000455976,5745473.010700000450015,6.635991198000056,51.836293350000062,0,05230525705000987850
05,5,54,060,2023,05,19,5,3,8,1,0,1,0,0,0,0,0,348970.285099999979138,5756352.363099999725819,6.802957610000021,51.937366781000037,0,05230525705000795150
05,5,15,000,2023,05,15,5,3,1,5,0,0,1,0,0,0,1,407158.365100000053644,5758122.028400000184774,7.648612534000051,51.966026314000032,0,05230525702100491701
05,5,15,000,2023,05,17,5,3,1,7,0,1,1,0,0,0,0,406598.807000000029802,5757200.218000000342727,7.640720850000037,51.957646899000054,0,05230525702100479230
05,5,15,000,2023,05,13,5,3,0,2,0,1,0,0,0,0,0,407799.500400000251830,5757824.467000000178814,7.658021911000048,51.963458380000077,0,05230525702100374122
05,5,62,014,2023,05,06,5,3,5,3,0,1,1,0,0,0,0,361177.553399999625981,5713204.256599999964237,6.997636004000071,51.552825484000039,0,05230525701300898895
05,5,62,020,2023,05,17,5,2,6,7,0,1,0,1,0,0,0,371116.525999999605119,5717478.221999999135733,7.139342503000023,51.593593187000067,0,05230525701200481328
05,5,62,032,2023,05,18,5,3,2,6,0,0,1,0,0,0,0,377033.575000000186265,5720128.198999999091029,7.223790820000033,51.618731816000036,0,05230525701110480610
05,5,13,000,2023,05,09,5,2,4,2,0,0,1,0,1,0,0,368929.539599999785423,5710200.419900000095367,7.110501246000069,51.527684946000079,0,05230525700000795155
05,5,66,012,2023,05,13,4,3,2,1,0,0,1,0,0,0,0,404701.798999999649823,5772168.268899999558926,7.608953776000021,52.091862003000074,0,05230524709110990002
05,5,66,004,2023,05,19,4,3,0,7,0,1,1,0,0,0,0,394925.107099999673665,5766995.518200000748038,7.467890568000030,52.043601300000034,0,05230524709110111973
05,5,58,016,2023,05,20,4,3,5,3,0,1,0,0,0,0,0,381387.875000000000000,5743599.012700000777841,7.278661676000070,51.830606431000035,0,05230524706100074647
05,5,54,004,2023,05,14,4,2,5,2,0,1,0,0,0,0,0,360989.507299999706447,5773044.089800000190735,6.970903173000067,52.090479361000064,0,05230524705001000000
05,5,54,008,2023,05,17,4,3,4,6,0,1,0,0,0,0,0,339788.870000000111759,5750094.301999999210238,6.672420148000072,51.878579181000077,0,05230524705000987870
05,5,54,008,2023,05,14,4,3,5,3,0,1,1,0,0,0,0,335282.810999999754131,5745604.614000000059605,6.609155821000058,51.836934185000075,0,05230524705000595196
05,5,62,028,2023,05,12,4,3,1,5,0,1,1,0,0,0,0,379539.499400000087917,5722293.975700000301003,7.259224854000024,51.638738370000056,0,05230524701920990005
05,5,13,000,2023,05,05,4,3,5,3,1,1,1,0,0,0,0,366767.669599999673665,5709079.880899999290705,7.079778342000054,51.517109139000070,0,05230524700000989992
05,5,70,028,2023,05,10,3,2,5,3,0,1,1,0,0,0,0,440935.485500000417233,5742287.912799999117851,8.142903030000070,51.828291569000044,0,05230523711400657430
05,5,66,012,2023,05,17,3,3,0,1,0,1,0,0,0,0,0,404699.790900000371039,5772063.745600000023842,7.608953696000071,52.090922184000078,0,05230523709110152455
05,5,54,008,2023,05,16,3,3,5,2,0,1,0,0,0,0,1,333525.120600000023842,5745302.700600000098348,6.583812820000048,51.833700919000080,0,05230523705000990032
05,5,54,008,2023,05,17,3,3,1,6,0,0,1,0,1,0,0,336282.029600000008941,5745271.980200000107288,6.623803195000050,51.834239763000028,0,05230523705000990030
05,5,54,048,2023,05,09,3,3,5,3,0,0,1,0,0,0,1,344267.394000000320375,5747635.343000000342727,6.738538291000054,51.857756129000052,0,05230523705000988000
05,5,62,012,2023,05,16,3,3,5,3,0,1,0,0,0,0,0,359793.012799999676645,5725955.208100000396371,6.972579194000048,51.667062380000061,0,05230523701610098911
05,5,12,000,2023,05,14,3,3,1,1,0,0,1,0,1,0,0,354888.483500000089407,5709718.234999999403954,6.908423468000024,51.519918777000044,0,05230523701400914020
05,5,12,000,2023,05,16,3,3,1,5,0,1,1,0,0,0,0,354568.661899999715388,5715835.048900000751019,6.901288658000055,51.574799918000053,0,05230523701400194970
05,5,70,020,2023,05,19,2,3,5,3,0,1,1,0,0,0,0,432672.656999999657273,5743470.222999999299645,8.022787093000034,51.837985659000026,0,05230522711400587314
05,5,66,076,2023,05,11,2,3,4,6,0,0,0,0,0,0,1,393618.167000000365078,5793162.042999999597669,7.440642185000058,52.278520972000081,0,05230522709500712547
05,5,66,096,2023,05,11,2,2,0,1,0,1,0,0,0,0,0,384944.286999999545515,5789741.690199999138713,7.314722815000039,52.246036473000061,1,05230522709300778430
05,5,54,004,2023,05,12,2,3,5,2,0,0,1,0,0,0,0,360521.133299999870360,5770259.456499999389052,6.965209522000066,52.065341146000037,0,05230522705000990080
05,5,54,016,2023,05,16,2,3,5,3,0,0,1,0,0,0,1,362574.638700000010431,5756731.817199999466538,7.000573058000043,51.944302366000045,0,05230522705000874695
05,5,54,020,2023,05,17,2,3,5,3,0,1,1,0,0,0,0,366555.746600000187755,5786733.149900000542402,7.046722188000047,52.214852616000030,1,05230522705000765795
05,5,15,000,2023,05,07,2,3,0,1,0,1,0,0,0,0,0,407027.517099999822676,5757475.565199999138713,7.646883514000024,51.960193707000030,1,05230522702100991806
05,5,15,000,2023,05,16,2,3,0,6,0,1,0,0,0,0,0,402475.793999999761581,5754419.475800000131130,7.581526388000043,51.931944974000032,0,05230522702100091833
05,5,15,000,2023,05,19,2,3,0,6,0,1,0,0,0,0,0,404289.289900000207126,5756505.776799999177456,7.607314197000051,51.951012279000054,0,05230522702100069102
05,5,13,000,2023,05,12,2,3,3,2,0,1,1,0,0,0,0,370232.945600000210106,5706823.021900000050664,7.130523418000053,51.497633594000035,0,05230522700000375284
05,5,13,000,2023,05,14,2,3,9,1,0,0,1,0,0,0,1,368351.605000000447035,5708030.645999999716878,7.102985214000057,51.508051256000044,0,05230522700000275453
05,5,70,052,2023,05,21,1,3,1,5,1,1,1,0,0,0,0,430432.605000000447035,5756561.378900000825524,7.987637886000073,51.955396866000058,0,05230521711100074650
05,5,66,076,2023,05,20,1,2,9,1,0,1,0,0,0,0,0,400073.810399999842048,5793616.269500000402331,7.535100533000048,52.283814801000062,0,05230521709500996542
05,5,66,068,2023,05,19,1,3,0,1,1,1,0,0,0,0,0,375135.956299999728799,5785274.426400000229478,7.172780608000039,52.203755724000075,0,05230521709300987934
05,5,66,008,2023,05,18,1,3,5,3,0,0,1,0,0,0,0,398578.890100000426173,5781444.493100000545382,7.516843832000063,52.174146095000026,0,05230521709000990110
05,5,58,012,2023,05,16,1,3,3,6,0,1,1,0,0,0,0,374168.082600000314415,5756734.427600000053644,7.169149917000027,51.947068849000061,0,05230521706000987938
05,5,54,048,2023,05,00,1,3,0,1,2,1,0,0,0,0,0,341876.725999999791384,5745390.312000000849366,6.704878790000066,51.836914647000071,0,05230521705000987940
05,5,54,012,2023,05,23,1,2,8,7,2,1,0,0,0,0,0,352051.808699999935925,5745883.203600000590086,6.852241017000040,51.844131335000043,0,05230521705000987933
05,5,54,012,2023,05,03,1,3,6,7,2,0,1,1,0,0,0,354929.084999999962747,5741576.510999999940395,6.895784132000074,51.806190016000073,0,05230521705000291843
05,5,54,008,2023,05,17,1,2,8,1,0,0,0,0,1,0,0,333533.067999999970198,5743327.829199999570847,6.584877503000030,51.815962563000028,0,05230521705000080975
05,5,62,024,2023,05,23,1,3,1,5,2,0,1,0,0,0,0,369150.411799999885261,5724957.176000000908971,7.108180400000037,51.660350582000035,0,05230521701500095975
05,5,54,060,2023,05,13,3,3,5,2,0,0,1,0,0,0,0,353342.872000000439584,5757199.466099999845028,6.866156388000036,51.946147333000056,0,05230530705000081093
05,5,70,008,2023,05,12,7,3,5,3,0,0,0,0,0,0,1,433582.747899999842048,5730072.469599999487400,8.038557849000028,51.717648449000080,0,05230520711300282313
05,5,58,020,2023,05,12,7,3,1,7,0,0,1,0,1,0,0,391212.652800000272691,5760247.418600000441074,7.415924558000029,51.982236697000076,0,05230520706000990154
05,5,15,000,2023,05,13,7,3,5,2,0,1,0,0,0,0,0,407141.588299999944866,5753690.895199999213219,7.649565329000040,51.926194096000074,0,05230520702100579188
05,5,15,000,2023,05,14,7,3,0,1,0,1,0,0,0,0,0,403426.639100000262260,5756641.329900000244379,7.594727742000032,51.952081558000032,0,05230520702100576723
05,5,62,008,2023,05,09,7,3,5,3,0,0,1,0,0,0,0,384883.417000000365078,5723683.017999999225140,7.335956849000070,51.652341841000066,0,05230520701910748506
05,5,62,014,2023,05,17,7,3,5,3,0,1,1,0,0,0,0,361901.746199999935925,5716068.232999999076128,7.006949552000037,51.578739432000077,0,05230520701300989547
05,5,13,000,2023,05,22,7,3,0,7,2,1,0,0,0,0,0,365636.638000000268221,5710741.050899999216199,7.062853679000057,51.531769438000026,0,05230520700000581500
05,5,70,004,2023,06,10,5,3,0,5,0,1,1,0,0,0,0,423247.200100000016391,5733602.472200000658631,7.888192492000030,51.748062801000060,0,05230615711200802910
05,5,70,052,2023,06,08,5,3,5,3,0,1,1,0,0,0,0,430334.052600000053644,5755179.815600000321865,7.986484004000033,51.942964787000051,0,05230615711100772800
05,5,66,076,2023,06,08,5,2,3,7,0,1,1,0,0,0,0,393658.614699999801815,5793475.872300000861287,7.441135849000034,52.281349244000069,0,05230615709500364316
05,5,66,008,2023,06,13,5,2,0,2,0,1,1,0,0,0,0,397600.750300000421703,5780565.504499999806285,7.502810292000049,52.166065417000027,0,05230615709110986598
05,5,66,004,2023,06,10,5,3,5,2,0,1,1,0,0,0,0,394828.628999999724329,5766972.642999999225140,7.466491393000069,52.043377410000062,0,05230615709110279198
05,5,54,032,2023,06,11,5,3,0,1,0,1,0,0,0,0,0,322894.201299999840558,5747726.088400000706315,6.428439379000054,51.852199012000028,0,05230615705000977576
05,5,54,008,2023,06,14,5,3,1,5,0,1,1,0,0,0,0,336434.989699999801815,5746036.086200000718236,6.625659972000051,51.841148906000058,0,05230615705000977564
05,5,54,004,2023,06,20,5,3,0,1,0,1,0,0,0,0,0,363479.647599999792874,5771140.914599999785423,7.007988800000021,52.073998426000060,0,05230615705000977553
05,5,54,012,2023,06,06,5,3,5,3,0,0,1,0,0,0,0,353738.399000000208616,5746761.406999999657273,6.876335449000067,51.852466344000050,0,05230615705000638825
05,5,54,004,2023,06,15,5,3,5,3,0,0,1,0,0,0,0,363218.340800000354648,5771681.538599999621511,7.003961766000032,52.078791660000036,0,05230615705000365801
05,5,54,004,2023,06,21,5,3,5,3,1,1,0,0,0,0,1,361359.945000000298023,5770592.205000000074506,6.977303140000060,52.068541538000034,0,05230615705000079183
05,5,15,000,2023,06,20,5,3,0,1,0,1,0,0,0,0,0,406741.853500000201166,5758276.593000000342727,7.642509715000074,51.967345895000051,0,05230615702100291867
05,5,15,000,2023,06,18,5,3,1,5,0,1,0,0,0,0,1,405475.082200000062585,5758891.184900000691414,7.623906741000042,51.972656127000050,0,05230615702000061626
05,5,62,020,2023,06,18,5,3,1,5,0,1,0,0,0,0,1,371310.356300000101328,5716121.949999999254942,7.142636440000047,51.581448867000063,0,05230615701200477987
05,5,62,032,2023,06,13,5,3,5,3,0,1,1,0,0,0,0,376009.207700000144541,5718780.301699999719858,7.209478747000048,51.606393323000077,0,05230615701110573586
05,5,70,052,2023,06,21,4,3,5,3,0,0,1,0,0,0,0,430294.637000000104308,5756617.335999999195337,7.985619128000053,51.955882621000057,0,05230614711100751184
05,5,66,028,2023,06,13,4,3,4,7,0,1,0,0,0,0,0,411406.346900000236928,5792887.917799999937415,7.701375599000073,52.279211884000063,0,05230614709700265870
05,5,66,076,2023,06,10,4,3,0,1,0,1,0,0,0,0,0,394375.055700000375509,5796186.322300000116229,7.450784190000036,52.305846798000061,0,05230614709500977615
05,5,66,064,2023,06,20,4,3,0,1,0,1,0,0,0,0,0,395462.820000000298023,5771565.031999999657273,7.474328916000047,52.084772253000040,0,05230614709110296565
05,5,58,012,2023,06,07,4,3,4,6,0,1,1,0,0,0,0,375506.765200000256300,5750899.655899999663234,7.190726946000041,51.894935358000055,0,05230614706100995040
05,5,58,016,2023,06,18,4,3,5,3,0,1,0,0,0,0,1,381707.135999999940395,5743342.996999999508262,7.283380147000059,51.828373271000032,0,05230614706100805070
05,5,15,000,2023,06,15,4,3,3,6,0,1,0,0,0,0,0,408136.952899999916553,5757087.019500000402331,7.663129306000030,51.956885645000057,0,05230614702100500397
05,5,15,000,2023,06,18,4,3,0,5,0,1,0,0,0,0,1,399167.581000000238419,5756970.405999999493361,7.532677658000068,51.954283479000026,0,05230614702100273310
05,5,62,024,2023,06,13,4,3,0,1,0,1,0,0,0,0,0,370454.487499999813735,5725007.455299999564886,7.127005146000045,51.661104528000067,0,05230614701500299758
05,5,62,032,2023,06,15,4,2,0,1,2,1,0,0,0,0,0,376265.522800000384450,5716105.875800000503659,7.214121333000037,51.582414082000071,0,05230614701120675230
05,5,62,032,2023,06,12,4,3,5,3,0,1,1,0,0,0,0,375918.808299999684095,5714661.508500000461936,7.209630016000062,51.569357013000058,0,05230614701120651237
05,5,62,032,2023,06,20,4,3,0,1,1,0,0,0,1,0,0,380195.758700000122190,5719139.481699999421835,7.269782781000060,51.610527748000038,0,05230614701110585380
05,5,13,000,2023,06,11,4,3,6,7,0,1,0,1,0,0,0,365119.854500000365078,5715802.158600000664592,7.053466662000062,51.577127638000036,0,05230614700000520538
05,5,62,020,2023,06,11,4,2,4,6,0,0,1,0,1,0,0,368828.381000000052154,5719259.640000000596046,7.105662174000031,51.609074061000058,0,05230614701200477770
05,5,70,028,2023,06,16,3,3,4,6,0,0,1,0,0,0,0,441614.397800000384450,5742659.294700000435114,8.152691039000047,51.831701753000061,0,05230613711400576178
05,5,70,004,2023,06,05,3,3,5,3,0,1,1,0,0,0,0,424785.811999999918044,5734826.257999999448657,7.910210974000051,51.759272966000026,0,05230613711200781147
05,5,70,004,2023,06,05,3,3,5,3,1,1,1,0,0,0,0,423473.194299999624491,5735065.770800000056624,7.891143331000023,51.761248261000048,0,05230613711200202654
05,5,66,048,2023,06,08,3,3,5,3,0,0,0,0,0,0,1,427415.776999999769032,5799500.185000000521541,7.934570253000061,52.340996318000066,0,05230613709700977655
05,5,66,012,2023,06,16,3,2,7,7,0,1,0,0,0,1,0,402242.225700000301003,5770565.692500000819564,7.573523238000064,52.077028966000057,0,05230613709110855930
05,5,66,008,2023,06,07,3,3,5,1,0,1,1,0,0,0,0,399951.671000000089407,5781323.911000000312924,7.536947449000024,52.173312957000064,0,05230613709110596566
05,5,58,044,2023,06,06,3,3,5,2,0,1,1,0,0,0,0,394974.830400000326335,5746583.519300000742078,7.474853354000061,51.860151123000037,0,05230613706000977657
05,5,58,008,2023,06,07,3,3,7,1,0,0,1,0,0,0,0,382530.253200000151992,5759953.242499999701977,7.289657672000033,51.977825078000080,0,05230613706000070571
05,5,54,004,2023,06,18,3,3,0,7,0,0,1,0,0,0,0,363536.741600000299513,5770464.939699999988079,7.009091602000069,52.067938582000068,0,05230613705000986537
05,5,54,008,2023,06,08,3,3,5,3,0,1,1,0,0,0,0,336064.327999999746680,5746757.071000000461936,6.619942641000023,51.847517140000036,0,05230613705000977652
05,5,54,048,2023,06,08,3,3,0,2,0,1,0,0,0,0,0,341540.515999999828637,5745678.102399999275804,6.699871214000041,51.839404859000069,0,05230613705000920854
05,5,54,012,2023,06,14,3,3,0,7,0,0,1,1,0,0,0,351833.738699999637902,5745428.820599999278784,6.849272347000067,51.839990944000078,0,05230613705000595046
05,5,54,008,2023,06,16,3,2,5,3,0,1,1,0,0,0,0,335488.462000000290573,5745008.143999999389052,6.612421563000055,51.831636467000067,0,05230613705000580994
05,5,15,000,2023,06,09,3,3,3,2,0,0,1,0,0,0,1,406261.622499999590218,5757497.044500000774860,7.635734265000053,51.960258176000082,0,05230613702100070587
05,5,62,032,2023,06,08,3,3,1,5,0,1,1,0,0,0,0,377069.850999999791384,5719299.994000000879169,7.224605059000055,51.611296472000049,0,05230613701110373586
05,5,13,000,2023,06,12,3,3,6,7,0,0,0,1,0,0,1,367855.809000000357628,5708406.868599999696016,7.095704176000027,51.511316548000082,0,05230613700000295032
05,5,70,004,2023,06,06,2,3,4,3,0,0,1,0,0,0,0,426381.217100000008941,5736342.480000000447035,7.933001320000074,51.773115446000077,0,05230612711200479616
05,5,70,052,2023,06,18,2,3,4,6,0,1,1,0,0,0,0,429923.663300000131130,5756009.009500000625849,7.980345548000059,51.950367380000046,0,05230612711100196945
05,5,66,076,2023,06,14,2,3,0,6,0,1,0,0,0,0,0,393050.444400000385940,5792880.587200000882149,7.432413075000056,52.275881323000078,0,05230612709500896580
05,5,66,052,2023,06,16,2,3,5,1,0,1,1,0,0,0,0,377043.737599999643862,5778477.013299999758601,7.203146958000048,52.143101262000073,0,05230612709300796612
05,5,66,084,2023,06,16,2,3,0,7,0,1,0,0,0,0,0,385934.438299999572337,5778488.772199999541044,7.333007693000070,52.145114392000039,0,05230612709300791781
05,5,54,036,2023,06,14,2,3,2,2,0,1,1,0,0,0,0,368874.653300000354648,5766770.675300000235438,7.088338039000064,52.036031804000061,0,05230612705000986500
05,5,54,008,2023,06,10,2,3,1,5,0,1,1,0,0,0,0,336056.220200000330806,5744611.954700000584126,6.620841478000045,51.828244223000070,0,05230612705000895988
05,5,54,012,2023,06,21,2,3,5,3,0,1,1,0,0,0,0,352649.186900000087917,5747816.221400000154972,6.860082609000074,51.861657291000029,0,05230612705000691585
05,5,54,056,2023,06,17,2,3,5,3,0,1,1,0,0,0,0,356919.116999999620020,5762114.945000000298023,6.916104331000042,51.991244466000069,0,05230612705000070578
05,5,15,000,2023,06,07,2,3,1,2,0,1,1,0,0,0,0,405013.994300000369549,5756013.495799999684095,7.617992078000043,51.946711689000040,0,05230612702100576693
05,5,15,000,2023,06,14,2,2,0,1,0,1,0,0,0,0,0,403492.971599999815226,5756438.817900000140071,7.595749523000052,51.950272827000049,0,05230612702100139935
05,5,15,000,2023,06,12,2,3,6,7,0,0,1,1,0,0,0,405903.626000000163913,5757506.617000000551343,7.630522977000055,51.960283747000062,0,05230612702100072350
05,5,62,020,2023,06,14,2,3,6,6,0,0,1,1,0,0,0,369283.281499999575317,5721057.843000000342727,7.111557054000059,51.625339694000047,0,05230612701200977670
05,5,13,000,2023,06,11,2,3,3,6,0,1,0,0,0,0,1,363831.757699999958277,5715396.981399999931455,7.035046170000044,51.573176904000036,0,05230612700000991370
05,5,13,000,2023,06,16,2,3,4,6,0,1,0,0,0,0,0,366294.011900000274181,5714256.326799999922514,7.070989462000057,51.563515723000080,0,05230612700000395148
05,5,54,008,2023,06,08,2,3,5,3,0,1,1,0,0,0,0,336419.064000000245869,5746498.862999999895692,6.625210142000071,51.845301583000037,0,05230612705000091776
05,5,62,004,2023,06,14,1,2,5,3,0,1,1,0,0,0,0,383060.743700000457466,5710936.670800000429153,7.313870139000073,51.537405629000034,0,05230611701800899410
05,5,62,024,2023,06,01,1,2,9,7,2,0,1,0,0,0,0,368365.826600000262260,5725250.051500000059605,7.096733310000047,51.662799298000039,0,05230611701500047656
05,5,66,076,2023,06,17,7,3,0,1,0,0,0,0,0,0,1,393721.800999999977648,5793913.096100000664592,7.441923878000068,52.285290882000027,0,05230610709500977721
05,5,62,032,2023,06,18,7,3,1,7,0,1,1,0,0,0,0,378215.153699999675155,5716871.501099999994040,7.241980664000039,51.589719708000075,0,05230610701120080907
05,5,13,000,2023,06,19,7,3,1,5,0,1,1,0,0,0,0,368420.446999999694526,5709239.933000000193715,7.103525247000050,51.518934884000032,0,05230610700000275453
05,5,66,076,2023,06,17,4,3,6,1,0,0,0,1,0,0,1,393838.552600000053644,5793312.354900000616908,7.443824003000032,52.279914462000079,0,05230614709500986560
05,5,70,004,2023,06,19,6,3,5,3,0,0,1,0,0,0,1,423990.475999999791384,5735229.197499999776483,7.898601380000059,51.762787868000032,0,05230609711200186958
05,5,58,024,2023,06,08,6,2,0,2,0,1,1,0,0,0,0,393962.435999999754131,5736414.313999999314547,7.463270085000033,51.768558835000078,0,05230609706300996685
05,5,58,024,2023,06,10,6,2,0,1,0,1,0,0,0,0,0,393242.617200000211596,5736766.523600000888109,7.452734069000030,51.771587703000080,0,05230609706300977774
05,5,58,004,2023,06,07,6,3,0,7,0,1,1,0,0,0,0,404696.516499999910593,5737818.667099999263883,7.618394755000054,51.783112439000035,0,05230609706300896685
05,5,54,004,2023,06,23,6,3,5,3,2,1,1,0,0,0,0,363536.194000000134110,5771491.562999999150634,7.008673112000054,52.077163082000027,0,05230609705000091695
05,5,15,000,2023,06,19,6,3,0,7,0,1,0,0,0,0,0,405586.872800000011921,5751890.080800000578165,7.627455906000023,51.909745965000070,0,05230609702100391784
05,5,15,000,2023,06,12,6,3,6,4,0,0,0,1,0,0,1,406189.710599999874830,5757366.224500000476837,7.634723709000070,51.959070176000068,0,05230609702100165913
05,5,62,012,2023,06,11,6,2,5,3,0,1,1,0,0,0,0,360554.641699999570847,5724687.106599999591708,6.984091052000053,51.655856867000068,0,05230609701610591325
05,5,62,024,2023,06,11,6,3,0,7,0,0,0,0,0,0,1,366400.823599999770522,5724998.615299999713898,7.068435182000030,51.660076098000047,0,05230609701500977770
05,5,12,000,2023,06,20,6,3,0,7,1,1,1,0,0,0,0,358084.064500000327826,5709568.607999999076128,6.954511556000057,51.519386149000070,0,05230609701400048096
05,5,62,032,2023,06,22,6,3,0,7,2,0,0,0,0,0,1,376712.896800000220537,5715672.708699999377131,7.220727076000060,51.578619139000068,0,05230609701120595076
05,5,62,032,2023,06,22,6,3,5,3,2,1,1,0,0,0,0,376490.448599999770522,5715647.847699999809265,7.217527129000075,51.578347007000048,0,05230609701120199916
05,5,13,000,2023,06,13,6,3,5,3,0,0,1,0,0,0,1,368757.616999999620020,5710148.752000000327826,7.108043531000021,51.527180686000065,0,05230609700000294978
05,5,70,028,2023,06,15,5,2,0,7,0,1,0,0,0,0,0,441862.935600000433624,5743454.719000000506639,8.156163808000031,51.838878730000033,0,05230608711400081083
05,5,66,088,2023,06,20,5,2,0,1,1,1,0,0,0,0,0,418351.078999999910593,5786687.314999999478459,7.804647100000068,52.224552525000036,0,05230608709800977784
05,5,66,076,2023,06,19,5,3,5,3,0,1,1,0,0,0,0,394672.016999999992549,5793563.664999999105930,7.455958061000047,52.282333387000051,0,05230608709500986415
05,5,15,000,2023,06,20,5,3,5,2,0,1,1,0,0,0,0,404710.733699999749660,5754305.839800000190735,7.614054296000063,51.931310697000072,0,05230608702100548560
05,5,62,008,2023,06,10,5,3,5,3,0,0,1,0,0,0,0,384503.992999999783933,5723765.046000000089407,7.330447578000076,51.653001258000074,0,05230608701910673491
05,5,62,020,2023,06,12,5,3,6,7,0,0,1,1,0,0,0,371019.770100000314415,5717448.931199999526143,7.137957224000047,51.593307812000035,0,05230608701200799331
05,5,70,008,2023,06,20,4,3,4,6,0,0,1,0,0,0,1,433448.888600000180304,5733112.262900000438094,8.036039218000042,51.744960621000075,0,05230607711300581008
05,5,66,040,2023,06,22,4,2,7,7,2,1,0,0,0,0,0,421971.509200000204146,5781297.459499999880791,7.858880780000050,52.176628676000064,0,05230607709800977816
05,5,66,084,2023,06,17,4,3,0,7,0,1,0,0,0,0,1,390619.014800000004470,5775450.405700000002980,7.402417456000023,52.118755369000041,1,05230607709300977767
05,5,66,084,2023,06,17,4,3,0,7,0,1,0,0,0,0,1,390560.498999999836087,5775439.455000000074506,7.401566674000037,52.118645372000060,1,05230607709300270598
05,5,66,012,2023,06,12,4,3,6,4,0,0,1,1,0,0,0,404882.720800000242889,5772888.862099999561906,7.611392695000063,52.098369943000080,0,05230607709110977837
05,5,54,008,2023,06,17,4,3,5,3,0,0,1,0,0,0,1,337871.665000000037253,5745602.857000000774860,6.646698971000035,51.837675884000078,0,05230607705000986383
05,5,54,012,2023,06,16,4,2,0,7,0,1,0,0,0,0,0,352739.449199999682605,5752513.842399999499321,6.859387764000076,51.903888604000031,0,05230607705000977828
05,5,54,004,2023,06,07,4,3,5,3,0,1,1,0,0,0,0,362291.144999999552965,5770845.705000000074506,6.990777594000065,52.071051612000076,0,05230607705000587234
05,5,54,016,2023,06,06,4,2,5,7,0,1,1,0,0,0,0,363487.913999999873340,5757226.077999999746680,7.013655550000067,51.948968448000073,0,05230607705000279183
05,5,15,000,2023,06,06,4,3,5,3,0,1,1,0,0,0,0,401822.416699999943376,5757396.051200000569224,7.571176274000038,51.958584296000026,1,05230607702100769102
05,5,15,000,2023,06,20,4,2,6,7,0,1,1,1,0,0,0,406368.430900000035763,5757270.837300000712276,7.637349934000042,51.958242915000028,0,05230607702100599923