ULAND,UREGBEZ,UKREIS,UGEMEINDE,UJAHR,UMONAT,USTUNDE,UWOCHENTAG,UKATEGORIE,UART,UTYP1,ULICHTVERH,IstRad,IstPKW,IstFuss,IstKrad,IstGkfz,IstSonstige,LINREFX,LINREFY,XGCSWGS84,YGCSWGS84,STRZUSTAND,UIDENTSTLAE
05,5,62,012,2023,06,23,4,3,6,7,2,0,1,1,0,0,0,359308.574500000104308,5723867.255400000140071,6.966419128000041,51.648179338000034,0,05230607701610980918
05,5,62,024,2023,06,07,4,3,5,3,0,0,1,0,1,0,0,369193.723000000230968,5726569.502000000327826,7.108202599000037,51.674849937000033,1,05230607701500075303
05,5,12,000,2023,06,16,4,3,0,1,0,0,0,0,1,0,0,356930.931599999777973,5710301.102700000628829,6.937605118000022,51.525677360000032,0,05230607701400394388
05,5,12,000,2023,06,12,4,3,0,7,0,0,0,0,0,0,1,356241.677199999801815,5709896.584100000560284,6.927841287000035,51.521867402000055,0,05230607701400390526
05,5,62,032,2023,06,15,4,3,5,3,0,1,0,0,0,0,0,376985.991399999707937,5715699.876000000163913,7.224656807000031,51.578922967000040,0,05230607701120695983
05,5,13,000,2023,06,23,6,2,0,1,2,1,0,0,0,0,0,366748.375900000333786,5714203.322799999266863,7.077560802000050,51.563146937000056,0,05230609700000082310
05,5,66,028,2023,06,16,4,3,5,3,0,0,1,0,0,0,0,412268.502999999560416,5790704.631999999284744,7.714577590000033,52.259726180000030,0,05230614709700339950
05,5,58,016,2023,06,10,3,3,5,1,0,1,1,0,0,0,0,381264.027999999932945,5743940.962999999523163,7.276747922000027,51.833653278000043,0,05230606706100272374
05,5,58,012,2023,06,13,3,3,0,6,0,1,0,0,0,0,0,374903.410600000061095,5754821.358100000768900,7.180538875000025,51.930042867000054,0,05230606706000096670
05,5,54,016,2023,06,12,3,3,5,3,0,1,1,0,0,0,0,363113.241999999620020,5757583.956000000238419,7.008064843000056,51.952092123000057,0,05230606705000977875
05,5,54,020,2023,06,19,3,3,5,3,0,0,1,0,0,0,0,365705.702100000344217,5783382.121600000187755,7.035616110000035,52.184535897000046,0,05230606705000920911
05,5,54,040,2023,06,13,3,3,5,3,0,1,1,0,0,0,0,351344.974899999797344,5738005.244000000879169,6.845366918000025,51.773161084000037,0,05230606705000228448
05,5,15,000,2023,06,08,3,3,0,1,0,1,0,0,0,0,0,405831.022099999710917,5757571.672399999573827,7.629448792000062,51.960856202000059,0,05230606702100272346
05,5,62,020,2023,06,09,3,2,6,4,0,0,1,1,0,0,0,371287.734299999661744,5719219.521700000390410,7.141173764000030,51.609281106000026,0,05230606701200776673
05,5,62,032,2023,06,14,3,3,2,5,0,0,1,0,0,0,1,374723.155600000172853,5718544.501399999484420,7.191001338000035,51.603989519000038,0,05230606701110775230
05,5,13,000,2023,06,20,2,2,0,7,0,0,1,1,0,0,0,362555.052299999631941,5711282.740599999204278,7.018242600000065,51.535895478000043,0,05230612700000743401
05,5,54,008,2023,06,19,7,3,5,3,0,0,1,0,1,0,0,335287.044700000435114,5744980.751399999484420,6.609514146000038,51.831331038000030,0,05230610705000896584
05,5,58,012,2023,06,17,4,3,4,7,0,1,0,0,0,0,0,375244.116299999877810,5755946.130799999460578,7.185083663000057,51.940227152000034,0,05230607706000977826
05,5,70,048,2023,06,16,2,3,2,7,0,0,1,0,0,0,0,448224.468399999663234,5732017.701500000432134,8.250196695000056,51.736680192000051,0,05230605711300381008
05,5,66,040,2023,06,13,2,3,2,2,0,1,1,0,0,0,0,422233.149600000120699,5781788.052400000393391,7.862593795000066,52.181075514000042,0,05230605709800977902
05,5,66,076,2023,06,07,2,3,5,2,0,1,1,0,0,0,0,392775.587000000290573,5792296.437999999150634,7.428571766000061,52.270577945000070,0,05230605709500238567
05,5,66,084,2023,06,18,2,3,5,2,0,0,1,0,1,0,0,385603.120000000111759,5778122.744999999180436,7.328291131000071,52.141756420000036,0,05230605709300986315
05,5,66,084,2023,06,12,2,3,3,2,0,1,1,0,0,0,0,386370.705000000074506,5778071.672000000253320,7.339519990000042,52.141455849000067,0,05230605709300178430
05,5,66,008,2023,06,10,2,3,1,1,0,0,1,0,0,0,0,399564.025000000372529,5781328.813999999314547,7.531279286000029,52.173286601000029,0,05230605709110655930
05,5,66,040,2023,06,17,2,3,8,7,0,0,0,0,1,0,0,420101.929999999701977,5783562.934000000357628,7.831011436000040,52.196724989000074,0,05230605709000976751
05,5,54,008,2023,06,09,2,3,5,3,0,1,1,0,0,0,0,335197.542700000107288,5743902.804400000721216,6.608729528000026,51.821621028000038,0,05230605705000986300
05,5,54,028,2023,06,21,2,3,0,1,1,1,0,0,0,0,0,357650.324500000104308,5743668.270300000905991,6.934367511000062,51.825684743000068,0,05230605705000977882
05,5,54,068,2023,06,12,2,3,1,6,0,1,1,0,0,0,0,351324.560999999754131,5767186.430999999865890,6.832482786000071,52.035339985000064,0,05230605705000391695
05,5,15,000,2023,06,10,2,3,5,3,0,1,1,0,0,0,0,404662.276999999769032,5759742.419999999925494,7.611841178000077,51.980168491000029,0,05230605702100974773
05,5,15,000,2023,06,17,2,3,0,5,0,1,1,0,0,0,0,401825.483900000341237,5759510.806700000539422,7.570616197000049,51.977592700000059,0,05230605702100750184
05,5,15,000,2023,06,15,2,3,2,6,0,0,1,0,1,0,0,406318.609000000171363,5758861.843000000342727,7.636191031000067,51.972535219000065,0,05230605702100079176
05,5,62,024,2023,06,11,2,3,5,3,0,1,1,0,0,0,0,371215.686800000257790,5726747.256200000643730,7.137363098000037,51.676914565000061,0,05230605701500195065
05,5,12,000,2023,06,15,2,2,0,7,0,0,0,0,0,0,1,356800.574900000356138,5708582.880000000819564,6.936425424000049,51.510204611000063,0,05230605701400898880
05,5,62,014,2023,06,07,2,3,5,3,0,1,1,0,0,0,0,361740.281000000424683,5716789.027000000700355,7.004336972000033,51.585177009000063,0,05230605701300847765
05,5,13,000,2023,06,15,2,3,0,6,0,0,1,0,0,0,1,362820.745900000445545,5710906.161399999633431,7.022217775000058,51.532576045000042,0,05230605700000655674
05,5,13,000,2023,06,15,2,2,6,7,0,0,0,1,0,0,1,367949.916699999943376,5708133.611700000241399,7.097161873000061,51.508882858000050,0,05230605700000275256
05,5,13,000,2023,06,14,2,3,2,6,0,0,1,0,0,0,0,366229.222199999727309,5708564.022500000894070,7.072218409000072,51.512346071000081,0,05230605700000079622
05,5,54,008,2023,06,16,7,3,5,3,0,1,1,0,0,0,0,336169.125599999912083,5746072.765300000086427,6.621786853000060,51.841400479000072,0,05230610705000977728
05,5,58,004,2023,06,11,1,3,5,3,0,1,1,0,0,0,0,405153.304999999701977,5738487.521999999880791,7.624831880000045,51.789202189000036,0,05230604706300296595
05,5,54,008,2023,06,18,1,3,0,2,0,1,1,0,0,0,0,335277.302699999883771,5745597.537799999117851,6.609079312000063,51.836868992000063,0,05230604705000986286
05,5,62,014,2023,06,17,1,3,1,5,0,1,1,0,0,0,0,361780.476900000125170,5715096.207499999552965,7.005582980000042,51.569974932000036,0,05230604701300591628
05,5,13,000,2023,06,13,1,3,2,6,0,0,1,0,0,0,0,362750.030100000090897,5715765.426699999719858,7.019302518000075,51.576225536000038,0,05230604700000975782
05,5,13,000,2023,06,01,1,2,0,1,2,0,0,0,0,0,1,367997.754099999554455,5707967.926799999549985,7.097912822000069,51.507405066000047,0,05230604700000095052
05,5,13,000,2023,06,18,5,3,5,3,0,1,1,0,0,0,0,367310.719299999997020,5711332.294800000265241,7.086751892000052,51.537478657000065,0,05230615700000380915
05,5,70,044,2023,06,14,5,3,5,3,0,1,0,0,0,0,0,416364.229899999685585,5760054.182499999180436,7.782106184000043,51.984855716000027,1,05230629711100091270
05,5,66,076,2023,06,19,5,3,7,3,0,1,1,0,0,0,0,393901.655000000260770,5793534.875000000000000,7.444678595000028,52.281926481000028,0,05230629709500596580
05,5,66,068,2023,06,16,5,3,5,3,0,0,1,0,0,0,0,378174.049300000071526,5784873.936899999156594,7.217359510000051,52.200836656000035,0,05230629709300096551
05,5,54,008,2023,06,16,5,3,3,2,0,1,1,0,0,0,0,335215.525999999605119,5746044.380999999120831,6.607970649000038,51.840864925000062,0,05230629705000381025
05,5,15,000,2023,06,17,5,3,5,2,0,1,1,0,0,0,0,405945.323099999688566,5757051.631500000134110,7.631254219000027,51.956201186000044,0,05230629702100587867
05,5,15,000,2023,06,19,5,3,2,6,0,0,1,0,0,0,0,405057.267900000326335,5757876.007400000467896,7.618106839000063,51.963460096000063,0,05230629702100374736
05,5,15,000,2023,06,08,5,3,0,6,0,1,0,0,0,1,0,407032.044700000435114,5754755.778100000694394,7.647684994000031,51.935747575000050,0,05230629702100079353
05,5,62,008,2023,06,18,5,2,0,7,0,1,0,0,0,0,0,385140.369800000451505,5722921.261900000274181,7.339919652000049,51.645547949000047,0,05230629701910355851
05,5,62,016,2023,06,14,5,3,0,1,0,1,0,0,0,0,0,381542.975399999879301,5732380.631400000303984,7.284739877000050,51.729816895000056,0,05230629701500986920
05,5,13,000,2023,06,14,5,3,5,2,0,0,1,0,1,0,0,368977.745799999684095,5707536.457499999552965,7.112186036000026,51.503755594000040,0,05230629700000494973
05,5,70,036,2023,06,16,4,3,0,1,0,1,1,0,0,0,0,434485.835699999704957,5761794.793999999761581,8.045613089000028,52.002936227000077,0,05230628711100091270
05,5,62,004,2023,06,21,4,3,5,2,0,1,1,0,0,0,0,382883.775000000372529,5711347.008400000631809,7.311183113000027,51.541056955000045,0,05230628701800980946
05,5,62,014,2023,06,18,4,3,5,3,0,0,1,0,0,0,1,360992.998999999836087,5713917.592000000178814,6.994693786000028,51.559190168000043,0,05230628701300077663
05,5,70,004,2023,06,20,3,3,8,1,0,0,0,0,0,0,1,423431.377999999560416,5735073.788000000640750,7.890535778000071,51.761314617000039,0,05230627711200787087
05,5,66,060,2023,06,19,3,3,5,3,0,0,1,0,1,0,0,388153.717000000178814,5788635.473999999463558,7.362077926000040,52.236756602000071,0,05230627709500338807
05,5,66,084,2023,06,16,3,3,3,2,0,1,1,0,0,0,0,390711.436999999918044,5775426.890399999916553,7.403774327000065,52.118562307000047,0,05230627709300679126
05,5,58,036,2023,06,10,3,3,2,6,0,0,1,0,0,0,1,388173.899600000120699,5728798.798000000417233,7.381862817000069,51.698985996000033,0,05230627706000574761
05,5,54,032,2023,06,18,3,3,8,5,0,1,1,0,0,0,0,322777.425099999643862,5747517.544299999251962,6.426852543000052,51.850288786000078,0,05230627705000391856
05,5,54,052,2023,06,15,3,3,4,6,0,1,0,0,0,0,0,379674.007899999618530,5769270.338300000876188,7.244817060000059,52.060944018000043,0,05230627705000095870
05,5,15,000,2023,06,13,3,3,5,3,0,0,1,0,0,0,1,404944.226599999703467,5760140.233699999749660,7.615834962000065,51.983792493000067,0,05230627702100977300
05,5,15,000,2023,06,05,3,2,0,7,0,0,1,0,0,0,0,406120.150999999605119,5762160.336999999359250,7.632399838000026,52.002149967000037,0,05230627702100379223
05,5,15,000,2023,06,14,3,3,5,3,0,1,0,0,0,0,0,405145.189899999648333,5756643.618799999356270,7.619726422000042,51.952397889000054,1,05230627702100274700
05,5,62,016,2023,06,16,3,3,0,1,0,1,0,0,0,0,0,373727.451999999582767,5734170.831000000238419,7.170981577000020,51.744199218000063,0,05230627701700481308
05,5,66,076,2023,06,22,2,3,5,3,2,1,1,0,0,0,0,392040.980999999679625,5793904.662000000476837,7.417295277000051,52.284887480000066,0,05230626709500986868
05,5,66,008,2023,06,21,2,3,5,2,0,1,1,0,0,0,0,399564.025000000372529,5781328.813999999314547,7.531279286000029,52.173286601000029,0,05230626709110700953
05,5,15,000,2023,06,19,2,3,6,4,0,0,0,1,0,0,1,405684.855000000447035,5757226.436000000685453,7.627416900000071,51.957728290000034,0,05230626702100079098
05,5,62,020,2023,06,07,2,2,2,6,0,0,1,0,1,0,0,372228.523000000044703,5713148.982999999076128,7.156961811000031,51.554939822000051,0,05230626701200198935
05,5,66,072,2023,06,13,1,3,5,3,0,1,1,0,0,0,0,411024.719700000248849,5800712.163399999961257,7.693714128000067,52.349475673000029,0,05230625709700896558
05,5,66,076,2023,06,22,1,2,0,1,1,1,0,0,0,0,0,395955.453999999910593,5789012.743000000715256,7.476168123000036,52.241677010000046,0,05230625709500977315
05,5,58,016,2023,06,04,1,3,0,1,1,1,0,0,0,0,0,387959.463499999605119,5746930.283500000834465,7.372908631000030,51.861903221000034,0,05230625706000565767
05,5,66,028,2023,06,16,7,3,8,1,0,1,0,0,0,0,0,412615.377600000239909,5791356.684000000357628,7.719489704000068,52.265642239000044,0,05230624709700048421
05,5,66,096,2023,06,17,7,3,2,6,0,1,0,0,0,0,0,384532.608500000089407,5785473.995899999514222,7.310152643000038,52.207597796000073,0,05230624709300396625
05,5,66,012,2023,06,14,7,3,4,2,0,0,1,0,1,0,0,409530.915699999779463,5768667.275399999693036,7.680350883000074,52.061204043000032,0,05230624709110872364
05,5,15,000,2023,06,15,7,3,1,5,0,1,1,0,0,0,0,403331.761800000444055,5756556.421000000089407,7.593371483000055,51.951301887000056,0,05230624702100274643
05,5,62,024,2023,06,17,7,3,5,3,0,0,1,0,0,0,1,368480.122999999672174,5724395.370999999344349,7.098706474000039,51.655145450000077,0,05230624701500168263
05,5,12,000,2023,06,14,7,3,5,3,0,0,1,0,0,0,1,358472.683100000023842,5709115.504200000315905,6.960290987000064,51.515412061000063,0,05230624701400695071
05,5,62,032,2023,06,12,7,1,0,1,0,1,0,0,0,0,0,373339.136500000022352,5717478.632099999114871,7.171411862000070,51.594100975000060,0,05230624701110581595
05,5,62,024,2023,06,11,2,2,3,6,0,1,0,0,0,1,0,375181.104600000195205,5725438.304099999368191,7.195152414000063,51.666046230000063,0,05230626701500398910
05,5,66,076,2023,06,14,4,3,5,7,0,1,1,0,0,0,0,394960.713200000114739,5794109.536299999803305,7.460018390000073,52.287294528000075,0,05230628709500096635
05,5,66,044,2023,06,11,6,3,4,6,0,0,1,0,0,0,1,431167.915000000037253,5776616.333000000566244,7.994297524000046,52.135772534000068,0,05230623709800096586
05,5,66,076,2023,06,11,6,3,6,1,0,0,1,1,0,0,0,393099.280700000002980,5793160.444599999114871,7.433039871000062,52.278405947000067,0,05230623709500476741
05,5,58,044,2023,06,17,6,3,6,4,0,0,1,1,0,0,0,394916.094800000078976,5746628.324200000613928,7.473987111000042,51.860542770000052,0,05230623706000485680
05,5,54,004,2023,06,08,6,3,5,3,0,1,1,0,0,0,0,360608.700000000186265,5770600.346999999135733,6.966346934000057,52.068426152000029,0,05230623705000977360
05,5,15,000,2023,06,12,6,2,0,2,0,1,0,0,0,0,1,405454.154500000178814,5758186.994999999180436,7.623796103000075,51.966323021000051,0,05230623702100855910
05,5,15,000,2023,06,19,6,3,5,3,0,0,1,0,1,0,0,406611.221699999645352,5761304.868799999356270,7.639784456000029,51.994543479000072,0,05230623702100574710
05,5,15,000,2023,06,13,6,3,0,7,0,1,0,0,0,0,0,404867.361399999819696,5754897.275200000032783,7.616168114000061,51.936653569000043,0,05230623702100174470
05,5,15,000,2023,06,19,6,3,1,5,0,1,0,0,0,0,1,407134.731300000101328,5756583.103199999779463,7.648684662000051,51.952189710000027,0,05230623702100168126
05,5,62,008,2023,06,22,6,2,1,1,2,0,1,0,1,0,0,384271.109799999743700,5721747.298100000247359,7.327750119000029,51.634818508000080,0,05230623701910289587
05,5,62,024,2023,06,23,6,3,0,6,2,1,1,0,0,0,0,369999.290000000037253,5729119.958100000396371,7.118896401000029,51.697956856000076,0,05230623701500538985
05,5,12,000,2023,06,08,6,3,5,3,0,0,1,0,0,0,0,360325.360000000335276,5710154.911000000312924,6.986562153000023,51.525213407000081,1,05230623701400015860
05,5,13,000,2023,06,21,6,3,6,4,1,0,1,1,0,0,0,368342.960599999874830,5707946.397299999371171,7.102892178000047,51.507292117000077,0,05230623700000075453
05,5,54,020,2023,06,15,5,3,5,3,0,0,1,0,0,0,0,363315.008999999612570,5787333.832000000402331,6.999074548000067,52.219455454000069,1,05230622705000580993
05,5,54,020,2023,06,12,5,3,4,6,0,1,1,0,0,0,0,366639.133399999700487,5787854.684100000187755,7.047499938000044,52.224950235000051,0,05230622705000080993
05,5,15,000,2023,06,09,5,3,6,7,0,0,0,1,0,0,1,406158.597000000067055,5757142.467399999499321,7.634332156000028,51.957053693000034,0,05230622702100845932
05,5,62,008,2023,06,14,5,3,5,3,0,1,1,0,0,0,0,384586.402999999932945,5723360.278899999335408,7.331771894000042,51.649380266000037,1,05230622701910767142
05,5,54,068,2023,06,12,5,3,0,6,0,1,0,0,0,0,0,350142.253899999894202,5767628.265900000929832,6.815066000000058,52.038991366000062,0,05230622705000087234
05,5,70,008,2023,06,19,4,2,5,3,0,1,0,0,0,0,0,432224.427000000141561,5734373.587200000882149,8.018060389000027,51.756153169000072,0,05230621711300165768
05,5,66,080,2023,06,08,4,3,5,7,0,1,1,0,0,0,0,406696.450600000098348,5781267.706199999898672,7.635563521000051,52.173989533000054,0,05230621709110255930
05,5,54,008,2023,06,18,4,3,1,5,0,1,1,0,0,0,0,337217.358599999919534,5745400.219699999317527,6.637305709000032,51.835665165000080,0,05230621705000977386
05,5,54,004,2023,06,04,4,3,4,6,1,1,1,0,0,0,0,363716.762900000438094,5771881.197699999436736,7.011150665000059,52.080708583000046,0,05230621705000321215
05,5,15,000,2023,06,14,4,3,5,3,0,1,0,0,0,0,1,406448.018000000156462,5760961.937000000849366,7.637501685000075,51.991433593000068,0,05230621702100691757
05,5,62,012,2023,06,10,4,2,0,1,0,1,0,0,0,0,0,355479.860999999567866,5724974.008999999612570,6.910659896000027,51.657153065000045,0,05230621701610095171
05,5,62,024,2023,06,19,4,3,0,4,0,0,0,1,0,0,1,368770.109000000171363,5724935.048000000417233,7.102693544000033,51.660063057000059,0,05230621701500179216
05,5,62,032,2023,06,11,4,3,2,6,0,0,1,0,1,0,0,375501.517099999822676,5719325.215500000864267,7.201957676000063,51.611178514000073,0,05230621701110085656
05,5,70,044,2023,06,13,3,3,4,6,0,1,0,0,0,0,0,415897.078700000420213,5760763.639799999073148,7.775131269000042,51.991162442000075,0,05230620711100781966
05,5,66,056,2023,06,23,3,2,0,1,2,1,0,0,0,0,0,416742.584999999962747,5796516.926000000908971,7.778678384000045,52.312665244000073,0,05230620709700977403
05,5,66,076,2023,06,21,3,3,5,1,2,1,0,0,0,0,0,393958.237399999983609,5793395.748999999836087,7.445551481000052,52.280687044000047,1,05230620709500311962
05,5,66,076,2023,06,16,3,3,0,7,0,1,0,0,0,0,1,393704.786999999545515,5795350.767999999225140,7.441220970000074,52.298208210000041,0,05230620709500236097
05,5,66,012,2023,06,22,3,3,5,3,1,1,1,0,0,0,0,404101.449799999594688,5772391.656799999997020,7.600130586000034,52.093766133000031,0,05230620709110857480
05,5,58,028,2023,06,16,3,3,5,1,0,1,1,0,0,0,0,399688.081699999980628,5729691.680600000545382,7.548156561000042,51.709187912000061,0,05230620706000674761
05,5,58,016,2023,06,11,3,3,6,4,0,0,0,1,0,0,1,381098.652999999932945,5743577.077999999746680,7.274473978000060,51.830347814000049,0,05230620706000220603
05,5,54,004,2023,06,16,3,3,0,1,0,1,1,0,0,0,0,363392.239299999549985,5771413.976700000464916,7.006604914000036,52.076430443000049,0,05230620705000987234
05,5,54,068,2023,06,17,3,3,9,7,0,1,1,0,0,0,0,350837.230399999767542,5767756.353800000622869,6.825135006000039,52.040329548000045,0,05230620705000986746
05,5,54,004,2023,06,19,3,3,9,6,1,0,1,0,0,0,0,357935.870000000111759,5770281.275000000372529,6.927511726000034,52.064880237000068,1,05230620705000977406
05,5,54,008,2023,06,17,3,3,5,3,0,0,1,0,0,0,0,336792.948400000110269,5745663.342499999329448,6.631027211000060,51.837905086000035,0,05230620705000596010
05,5,54,020,2023,06,18,3,3,0,5,0,1,1,0,0,0,0,365421.553600000217557,5786187.234500000253320,7.030348167000056,52.209671544000059,0,05230620705000520718
05,5,54,008,2023,06,17,3,3,5,3,0,0,1,0,0,0,0,335942.427299999631941,5744895.019999999552965,6.619057494000060,51.830753724000033,0,05230620705000387251
05,5,54,004,2023,06,09,3,3,5,3,0,0,1,0,0,0,0,363910.254499999806285,5771984.174100000411272,7.013931464000052,52.081681465000031,0,05230620705000096576
05,5,15,000,2023,06,14,3,3,4,6,0,1,1,0,0,0,0,405140.546400000341237,5759807.176300000399351,7.618784891000075,51.980832406000047,0,05230620702100991735
05,5,15,000,2023,06,14,3,2,4,3,0,1,0,0,0,0,0,406652.651999999769032,5757482.685000000521541,7.641427467000028,51.960194893000050,0,05230620702100674638
05,5,62,016,2023,06,09,3,3,0,7,0,0,0,0,1,1,0,375185.819500000216067,5734125.389599999412894,7.192110474000060,51.744117589000041,0,05230620701700198907
05,5,62,024,2023,06,09,3,3,0,3,0,0,1,0,0,0,1,369224.512900000438094,5726522.944900000467896,7.108665073000054,51.674438718000033,0,05230620701500347656
05,5,12,000,2023,06,17,3,3,2,2,0,1,1,0,0,0,0,358669.000400000251830,5712530.524499999359250,6.961747924000065,51.546148544000062,0,05230620701400581436
05,5,12,000,2023,06,15,3,2,5,3,0,0,1,0,0,0,0,356939.803799999877810,5708822.858799999579787,6.938333009000075,51.512396300000034,0,05230620701400094970
05,5,13,000,2023,06,23,3,3,2,7,2,0,1,0,0,0,0,366912.963000000454485,5709403.247999999672174,7.081749014000025,51.520049376000031,0,05230620700000789526
05,5,13,000,2023,06,17,3,3,6,6,0,1,0,1,0,0,0,368257.896499999798834,5707530.419800000265241,7.101822559000027,51.503533994000065,0,05230620700000375760
05,5,54,008,2023,06,15,3,3,1,5,0,1,1,0,0,0,0,331809.154400000348687,5743368.966299999505281,6.559871133000058,51.815816041000062,0,05230627705000986880
05,5,66,008,2023,06,18,2,3,3,1,0,1,0,0,0,0,0,398495.984500000253320,5781924.792799999937415,7.515488153000035,52.178447624000057,0,05230626709110565803
05,5,13,000,2023,06,14,7,3,2,6,0,0,1,0,0,0,0,366425.961500000208616,5708234.241800000891089,7.075176852000027,51.509428999000079,0,05230624700000789276
05,5,66,076,2023,06,21,2,3,0,1,1,1,0,0,0,0,0,399621.228900000452995,5793806.146500000730157,7.528411592000054,52.285438859000067,0,05230619709500977442
05,5,66,084,2023,06,19,2,3,0,1,0,1,0,0,0,0,0,385740.961000000126660,5779262.834000000730157,7.329921133000028,52.152030826000043,0,05230619709300986722
05,5,62,024,2023,06,18,5,3,0,2,0,1,1,0,0,0,0,370005.164200000464916,5725474.193600000813603,7.120338890000028,51.665195183000037,0,05230622701500765816
05,5,54,048,2023,06,18,2,3,6,4,0,0,1,1,0,0,0,341194.555100000463426,5745749.713800000026822,6.694820906000075,51.839949943000079,0,05230619705000986720
05,5,54,020,2023,06,16,2,3,5,3,0,0,1,0,0,0,0,365958.337000000290573,5785755.786199999973178,7.038370177000047,52.205925643000057,0,05230619705000986712
05,5,15,000,2023,06,18,2,3,6,4,0,1,0,1,0,0,0,403533.974200000055134,5762054.502199999988079,7.594767439000066,52.000755353000045,0,05230619702100765836
05,5,15,000,2023,06,08,2,3,0,1,0,0,0,0,0,0,1,402178.425800000317395,5758962.172599999234080,7.575909558000035,51.972723704000032,0,05230619702100351213
05,5,62,012,2023,06,16,2,3,5,3,0,0,1,0,1,0,0,361579.887400000356138,5726499.204399999231100,6.998185114000023,51.672393746000068,0,05230619701610389576
05,5,62,024,2023,06,18,2,3,5,3,0,1,1,0,0,0,0,369654.475999999791384,5724748.005699999630451,7.115541888000052,51.658587979000060,0,05230619701500579216
05,5,12,000,2023,06,17,2,3,3,2,0,1,1,0,0,0,0,359135.184399999678135,5712137.675699999555945,6.968623856000022,51.542734963000044,0,05230619701400787646
05,5,12,000,2023,06,19,2,2,1,7,0,0,1,0,0,0,1,355601.495000000111759,5710895.282999999821186,6.918210743000031,51.530678157000068,0,05230619701400694968
05,5,54,068,2023,06,12,1,3,4,6,0,1,1,0,0,0,0,352577.175800000317395,5765376.796199999749660,6.851510161000022,52.019415565000031,0,05230618705000977483
05,5,54,064,2023,06,22,1,3,9,1,2,0,1,0,0,0,0,356855.952999999746680,5749289.286000000312924,6.920521165000025,51.875988125000049,0,05230618705000091778
05,5,54,008,2023,06,17,1,3,9,1,0,0,1,0,0,0,0,335515.061700000427663,5744486.216499999165535,6.613055248000023,51.826955610000027,0,05230618705000091777
05,5,15,000,2023,06,12,1,3,0,1,0,1,0,0,0,0,0,408867.567599999718368,5757565.316199999302626,7.673631863000026,51.961305086000039,0,05230618702100779611
05,5,15,000,2023,06,18,1,3,5,3,0,0,1,0,0,0,1,404385.297600000165403,5760049.788899999111891,7.607723856000064,51.982883628000081,0,05230618702100476681
05,5,70,052,2023,06,16,1,3,0,7,0,1,1,0,0,0,0,429292.945500000379980,5756590.893200000748038,7.971050069000057,51.955518445000052,0,05230618711100651246
05,5,62,004,2023,06,10,1,3,5,3,0,1,1,0,0,0,0,382061.307599999941885,5714392.941099999472499,7.298307230000034,51.568261548000066,0,05230618701800896736
05,5,62,004,2023,06,17,1,2,5,2,0,0,0,0,1,0,0,385744.821899999864399,5717052.520400000736117,7.350565806000077,51.592923959000075,0,05230618701800477488
05,5,62,016,2023,06,12,1,3,0,1,0,1,0,0,0,0,0,381477.189000000245869,5733331.617000000551343,7.283463900000072,51.738349812000081,0,05230618701700086130
05,5,70,004,2023,06,17,7,3,0,5,0,1,1,0,0,0,0,423214.828200000338256,5732965.892400000244379,7.887864204000039,51.742335733000061,0,05230617711200890740
05,5,66,088,2023,06,12,7,2,8,1,0,1,0,0,0,0,0,421159.527800000272691,5786555.346300000324845,7.845784785000035,52.223775476000071,0,05230617709800591840
05,5,66,076,2023,06,13,7,3,4,3,0,1,0,0,0,0,0,395282.286700000055134,5793731.323699999600649,7.464848654000036,52.283956793000073,0,05230617709500986660
05,5,66,080,2023,06,21,7,2,0,3,0,1,1,0,0,0,0,406683.245900000445545,5781029.475600000470877,7.635436007000067,52.171846049000067,0,05230617709110986673
05,5,62,004,2023,06,17,7,3,1,6,0,0,1,0,0,0,0,384492.848500000312924,5711050.036000000312924,7.334472801000061,51.538719408000077,0,05230617701800775248
05,5,62,020,2023,06,18,7,3,5,3,0,0,1,0,0,0,0,371625.516900000162423,5716882.293500000610948,7.146904518000042,51.588353865000045,0,05230617701200291526
05,5,13,000,2023,06,18,7,3,5,3,0,0,1,0,0,0,0,367623.519199999980628,5713373.579800000414252,7.090491452000037,51.555896431000065,0,05230617700000071570
05,5,62,032,2023,06,18,6,3,5,3,0,1,1,0,0,0,0,375597.197999999858439,5713994.725899999961257,7.205227970000067,51.563293631000079,0,05230623701120977770
05,5,70,004,2023,06,13,6,3,0,1,0,0,0,0,0,0,1,423794.841900000348687,5734210.219399999827147,7.895990591000043,51.753601011000057,0,05230616711200081147
05,5,58,040,2023,06,14,6,3,4,6,0,1,0,0,0,0,1,381620.136800000444055,5765352.443499999120831,7.274547759000029,52.026153904000068,0,05230616706000986624
05,5,58,016,2023,06,12,6,3,1,6,0,1,1,0,0,0,0,381399.866999999620020,5743896.445000000298023,7.278733693000049,51.833282048000058,0,05230616706000876632
05,5,15,000,2023,06,07,6,3,5,3,0,1,0,0,0,0,0,405425.846499999985099,5756632.241800000891089,7.623812234000070,51.952343424000048,0,05230616702100952433
05,5,15,000,2023,06,13,6,3,5,3,0,1,1,0,0,0,0,404774.536000000312924,5759913.550000000745058,7.613427701000035,51.981725919000041,0,05230616702100796747