ULAND,UREGBEZ,UKREIS,UGEMEINDE,UJAHR,UMONAT,USTUNDE,UWOCHENTAG,UKATEGORIE,UART,UTYP1,ULICHTVERH,IstRad,IstPKW,IstFuss,IstKrad,IstGkfz,IstSonstige,LINREFX,LINREFY,XGCSWGS84,YGCSWGS84,STRZUSTAND,UIDENTSTLAE
05,5,62,024,2023,06,18,6,3,5,3,0,0,1,0,0,0,1,370229.166500000283122,5725227.079199999570847,7.123667744000045,51.663026229000081,0,05230616701500181151
05,5,62,020,2023,06,13,6,3,5,3,0,0,1,0,0,0,1,370737.130499999970198,5719322.793199999257922,7.133188555000061,51.610083047000046,0,05230616701200695076
05,5,62,032,2023,06,17,6,3,5,3,0,0,1,0,0,0,0,375872.836000000126660,5715808.901000000536442,7.208561582000073,51.579658757000061,0,05230616701120469263
05,5,62,032,2023,06,14,6,2,5,3,0,1,0,0,0,0,0,376979.598000000230968,5719372.521999999880791,7.223276817000055,51.611928584000054,0,05230616701110986627
05,5,13,000,2023,06,14,6,3,6,6,0,1,0,1,0,0,0,368139.554899999871850,5707929.836799999698997,7.099969135000038,51.507095866000043,0,05230616700000575481
05,5,66,044,2023,06,17,7,3,3,7,0,1,1,0,0,0,0,422211.923399999737740,5774311.062400000169873,7.863995289000059,52.113862151000035,0,05230624709800497730
05,5,13,000,2023,06,11,4,3,0,7,0,0,1,0,0,0,1,364084.482300000265241,5713379.001000000163913,7.039471088000028,51.555103593000069,0,05230621700000275311
05,5,62,032,2023,06,10,6,2,4,6,0,0,0,0,0,0,1,376086.966199999675155,5719342.104000000283122,7.210402476000070,51.611459453000066,0,05230616701110876673
05,5,66,076,2023,07,15,2,3,1,6,0,0,1,0,0,0,0,392116.929200000129640,5794388.313500000163913,7.418253410000034,52.289249013000074,0,05230717709500839965
05,5,66,076,2023,07,09,2,3,5,3,0,1,1,0,0,0,0,393715.575000000186265,5792873.968000000342727,7.442160230000070,52.275950824000063,0,05230717709500070593
05,5,66,008,2023,07,09,2,2,5,3,0,1,0,0,0,0,0,399050.064399999566376,5781356.379399999976158,7.523757900000021,52.173440561000064,0,05230717709110138293
05,5,58,016,2023,07,19,2,3,0,3,0,0,1,0,0,0,1,381668.998999999836087,5744476.471000000834465,7.282439390000036,51.838551920000043,1,05230717706000891824
05,5,58,016,2023,07,17,2,3,3,2,0,1,0,0,0,0,1,380890.672799999825656,5743141.649800000712276,7.271607030000041,51.826390258000060,1,05230717706000189266
05,5,54,056,2023,07,15,2,3,0,1,0,1,0,0,0,0,0,357249.380300000309944,5762346.739700000733137,6.920814507000046,51.993412129000035,0,05230717705000987345
05,5,54,056,2023,07,14,2,3,0,1,0,1,0,0,0,0,0,358402.137799999676645,5760592.932099999859929,6.938316783000062,51.977948994000030,0,05230717705000987342
05,5,15,000,2023,07,08,2,3,5,3,0,0,1,0,0,0,0,407557.651700000278652,5757801.826600000262260,7.654508945000032,51.963214714000060,0,05230717702100476646
05,5,15,000,2023,07,10,2,3,0,7,0,1,1,0,0,0,0,406103.438799999654293,5757568.387599999085069,7.633413268000027,51.960872749000032,0,05230717702100368257
05,5,15,000,2023,07,16,2,3,5,3,0,1,0,0,0,0,0,405723.337100000120699,5757670.914400000125170,7.627854772000035,51.961729983000055,1,05230717702100268387
05,5,13,000,2023,07,21,2,3,3,6,1,1,0,0,0,0,0,366990.196000000461936,5711463.607999999076128,7.082083430000068,51.538583287000051,1,05230717700000880915
05,5,58,016,2023,07,04,2,3,0,1,2,1,0,0,0,0,0,382227.096800000406802,5741641.189400000497699,7.291500756000062,51.813188591000028,1,05230717706100795147
05,5,66,076,2023,07,21,1,3,0,1,1,0,0,0,0,0,1,395417.904000000096858,5793728.531999999657273,7.466836884000031,52.283957525000062,0,05230716709500496542
05,5,66,084,2023,07,13,1,3,0,1,0,1,0,0,0,0,0,386320.245199999772012,5778577.940700000151992,7.338613603000056,52.145995282000058,0,05230716709300879126
05,5,54,012,2023,07,19,1,3,4,2,0,1,1,0,0,0,0,352027.082000000402331,5745412.715199999511242,6.852083607000054,51.839897502000042,1,05230716705000396552
05,5,13,000,2023,07,21,1,3,5,2,1,1,1,0,0,0,0,367094.677000000141561,5705539.414000000804663,7.085822402000076,51.485369056000081,0,05230716700000080913
05,5,66,076,2023,07,00,7,3,8,1,2,0,0,0,0,0,1,392998.113699999637902,5791825.122899999842048,7.431981163000046,52.266385501000059,0,05230715709500257453
05,5,58,020,2023,07,07,7,3,5,2,0,1,1,0,0,0,0,391301.610000000335276,5759031.143400000408292,7.417604603000029,51.971322760000078,0,05230715706200203166
05,5,54,036,2023,07,11,7,3,5,3,0,1,0,0,0,0,0,369293.349999999627471,5766134.514000000432134,7.094681605000062,52.030414149000080,0,05230715705000403116
05,5,15,000,2023,07,17,7,3,6,7,0,0,1,1,0,0,0,406066.565899999812245,5757147.671299999579787,7.632991823000054,51.957084929000075,0,05230715702100865385
05,5,15,000,2023,07,10,7,2,0,7,0,1,0,0,0,0,1,406834.706500000320375,5760996.997899999842048,7.643122208000023,51.991813737000030,0,05230715702100064165
05,5,62,028,2023,07,09,7,3,5,2,0,0,1,0,0,0,0,380087.106999999843538,5721837.262000000104308,7.267290897000066,51.634750717000031,0,05230715701920449548
05,5,12,000,2023,07,14,7,3,5,3,0,0,1,0,0,0,1,356875.207999999634922,5712777.395999999716878,6.935795679000023,51.547914800000058,0,05230715701400914020
05,5,13,000,2023,07,21,7,3,0,7,0,0,0,0,1,0,0,368252.213299999944866,5707900.393899999558926,7.101602517000060,51.506857545000059,1,05230715700000594985
05,5,13,000,2023,07,01,7,2,0,7,2,0,1,0,0,0,1,366782.888600000180304,5707127.664200000464916,7.080735081000057,51.499568813000053,0,05230715700000375350
05,5,58,016,2023,07,15,6,3,0,3,0,1,1,0,0,0,0,379940.661000000312924,5744614.524000000208616,7.257317289000071,51.839423715000066,0,05230714706100081082
05,5,58,016,2023,07,08,6,3,5,3,0,1,1,0,0,0,0,380810.281200000084937,5744144.582900000736117,7.270095649000041,51.835386591000031,1,05230714706000091824
05,5,58,036,2023,07,14,6,3,0,1,0,0,0,0,1,0,0,388245.750199999660254,5729865.663899999111891,7.382560090000027,51.708589115000052,0,05230714706000085680
05,5,15,000,2023,07,17,6,3,5,3,0,1,1,0,0,0,0,399527.757000000216067,5756668.526399999856949,7.538005386000066,51.951635342000031,0,05230714702100896673
05,5,62,008,2023,07,19,6,3,1,5,0,1,1,0,0,0,0,383991.446899999864399,5721419.677600000053644,7.323819497000045,51.631816358000037,0,05230714701910975477
05,5,62,024,2023,07,23,6,2,0,1,2,0,0,0,1,0,0,368475.870299999602139,5724213.596000000834465,7.098713406000059,51.653510927000070,0,05230714701500770568
05,5,13,000,2023,07,08,6,3,0,7,0,0,0,0,0,0,1,365633.334999999962747,5715577.234999999403954,7.060958461000041,51.575229003000061,0,05230714700000081500
05,5,66,072,2023,07,17,5,3,0,1,0,0,0,0,1,0,0,411097.704599999822676,5802669.932900000363588,7.694266723000055,52.367084088000070,0,05230713709700670494
05,5,66,084,2023,07,15,5,3,0,7,0,1,1,0,0,0,0,390029.427600000053644,5775943.822100000455976,7.393650342000058,52.123072861000026,1,05230713709300574742
05,5,15,000,2023,07,17,5,2,5,2,0,1,1,0,0,0,0,406162.697499999776483,5752397.819099999964237,7.635686147000058,51.914407097000037,0,05230713702100376693
05,5,62,024,2023,07,15,5,3,4,5,0,0,1,0,1,0,0,368352.491000000387430,5725235.218000000342727,7.096546196000077,51.662662873000045,1,05230713701500486133
05,5,62,014,2023,07,16,5,3,5,2,0,1,0,0,1,0,0,361225.040500000119209,5713211.916500000283122,6.998317482000061,51.552906000000064,1,05230713701300589486
05,5,62,020,2023,07,16,5,3,1,5,0,1,1,0,0,0,0,367651.621799999848008,5718407.754499999806285,7.088999460000025,51.601143169000068,1,05230713701200389700
05,5,66,036,2023,07,17,4,3,0,6,0,0,0,0,1,0,0,387660.588800000026822,5768451.970300000160933,7.361532296000064,52.055266240000037,0,05230712709300887312
05,5,58,016,2023,07,11,4,3,5,3,0,1,1,0,0,0,0,381464.104000000283122,5743877.088999999687076,7.279672153000035,51.833121729000027,0,05230712706000881061
05,5,54,004,2023,07,14,4,3,6,7,0,0,1,1,0,0,0,363319.283699999563396,5771309.866000000387430,7.005582740000023,52.075476965000064,0,05230712705000987268
05,5,13,000,2023,07,14,4,3,0,2,0,1,1,0,0,0,0,364128.450500000268221,5715510.514200000092387,7.039280935000022,51.574268730000028,0,05230712700000095201
05,5,70,040,2023,07,08,3,3,6,7,0,0,0,1,0,1,0,419037.955500000156462,5743935.005499999970198,7.824820569000053,51.840353437000033,0,05230711711200677897
05,5,70,012,2023,07,16,3,3,5,3,0,0,1,0,1,0,0,441300.076299999840558,5751814.493000000715256,8.146573357000022,51.913975481000080,0,05230711711100687232
05,5,66,084,2023,07,16,3,3,8,1,0,1,0,0,0,0,0,390052.104299999773502,5775703.776699999347329,7.394059003000052,52.120920027000068,0,05230711709300874742
05,5,54,068,2023,07,07,3,3,3,3,0,1,1,0,0,0,0,350578.119300000369549,5766906.304800000041723,6.821731377000049,52.032622603000050,0,05230711705000987231
05,5,54,060,2023,07,19,3,3,5,3,0,0,1,0,0,0,1,350390.443599999882281,5756111.658299999311566,6.823705285000074,51.935587750000082,0,05230711705000781093
05,5,15,000,2023,07,13,3,3,8,1,0,0,1,0,0,0,0,411661.179200000129640,5751952.827600000426173,7.715721110000061,51.911306486000058,0,05230711702100838624
05,5,15,000,2023,07,15,3,3,5,3,0,1,0,0,0,0,0,406321.331100000068545,5758872.748600000515580,7.636227670000039,51.972633703000042,0,05230711702100073310
05,5,62,014,2023,07,20,3,3,2,6,0,0,1,0,1,0,0,358924.614099999889731,5713553.921700000762939,6.965021407000052,51.555408723000028,0,05230711701300594972
05,5,70,028,2023,07,16,2,3,0,5,0,1,1,0,0,0,1,440943.003499999642372,5742247.799799999222159,8.143018956000049,51.827931740000054,0,05230710711400391693
05,5,66,060,2023,07,17,2,3,2,2,0,0,1,0,0,0,1,389329.575899999588728,5788326.123999999836087,7.379391453000039,52.234214101000077,0,05230710709500076633
05,5,54,056,2023,07,15,2,2,0,3,0,1,1,0,0,0,0,357217.545800000429153,5762137.217000000178814,6.920438412000067,51.991521376000037,0,05230710705000987215
05,5,54,004,2023,07,19,2,3,9,1,0,0,1,0,0,0,0,363198.746799999848008,5771962.558499999344349,7.003563325000073,52.081311888000073,0,05230710705000091823
05,5,70,020,2023,07,10,1,3,0,2,0,1,1,0,0,0,0,432965.449900000356138,5743172.947200000286102,8.027093733000072,51.835348401000033,0,05230709711400397002
05,5,15,000,2023,07,14,1,3,0,7,0,0,0,0,0,0,1,406147.420599999837577,5757120.066099999472499,7.634175676000041,51.956850453000072,1,05230709702100882335
05,5,62,024,2023,07,22,1,2,5,3,2,0,1,0,0,0,0,366952.173999999649823,5724507.466000000014901,7.076588630000060,51.655793218000042,0,05230709701500679600
05,5,62,014,2023,07,00,1,3,0,1,2,1,0,0,0,0,0,362041.389499999582767,5714034.292999999597669,7.009762151000075,51.560496259000047,0,05230709701300177854
05,5,62,020,2023,07,03,1,3,0,7,2,1,0,0,0,0,1,370546.201100000180304,5720407.421199999749660,7.130032091000032,51.619786470000065,0,05230709701200589665
05,5,70,004,2023,07,21,7,3,8,1,1,0,0,0,0,0,1,424066.340800000354648,5735238.436699999496341,7.899698444000023,51.762881219000064,0,05230708711200902910
05,5,66,008,2023,07,10,7,3,0,7,0,1,0,0,0,0,0,400887.761099999770522,5782882.402499999850988,7.550176057000044,52.187489305000042,0,05230708709110393617
05,5,66,008,2023,07,00,7,3,4,6,2,1,0,0,0,0,1,398379.979500000365078,5781759.357699999585748,7.513841747000072,52.176939394000044,0,05230708709110065803
05,5,13,000,2023,07,11,7,3,0,7,0,0,0,0,1,0,0,367069.841199999675155,5713884.142799999564886,7.082316521000052,51.560354458000063,0,05230708700000075987
05,5,54,040,2023,07,10,5,3,7,1,0,1,0,0,0,0,0,350064.858000000007451,5737106.717000000178814,6.827214837000042,51.764746559000059,0,05230713705000096552
05,5,66,028,2023,07,18,6,3,5,2,0,0,1,0,0,0,0,414498.401999999769032,5791993.960000000894070,7.746914281000045,52.271666307000032,0,05230707709700987141
05,5,66,076,2023,07,18,6,3,0,1,0,1,0,0,0,0,0,393832.059000000357628,5792691.254000000655651,7.443924405000075,52.274331241000027,0,05230707709500196953
05,5,58,016,2023,07,13,6,2,1,5,0,0,0,0,1,0,1,380687.605399999767542,5743726.740199999883771,7.268460093000044,51.831605202000048,0,05230707706100396540
05,5,58,016,2023,07,07,6,2,5,2,0,0,1,0,0,0,1,382226.144999999552965,5743297.700999999418855,7.290923590000034,51.828075844000068,0,05230707706100381082
05,5,15,000,2023,07,14,6,3,0,7,0,1,1,0,0,0,0,407145.432000000029802,5756894.130999999120831,7.648756278000064,51.954987178000067,0,05230707702100950184
05,5,12,000,2023,07,10,6,3,5,3,0,0,1,0,0,0,1,358923.549200000241399,5708573.046399999409914,6.967001597000035,51.510650282000029,0,05230707701400289697
05,5,62,014,2023,07,17,6,3,6,4,0,1,0,1,0,0,0,361579.774299999698997,5715303.593699999153614,7.002607165000029,51.571789300000034,0,05230707701300694953
05,5,13,000,2023,07,13,6,3,5,2,0,1,1,0,0,0,0,368826.351999999955297,5708621.838999999687076,7.109602215000052,51.513474601000041,0,05230707700000967040
05,5,13,000,2023,07,12,6,2,2,6,0,0,1,0,0,0,0,366753.416299999691546,5712208.053799999877810,7.078389431000062,51.545217482000055,0,05230707700000695053
05,5,13,000,2023,07,16,6,3,3,6,0,0,1,0,1,0,0,364983.995000000111759,5716126.812000000849366,7.051382404000037,51.580012579000027,0,05230707700000071570
05,5,70,052,2023,07,07,5,3,5,3,0,0,1,0,0,0,1,431335.295500000007451,5755489.213700000196695,8.000986108000063,51.945870656000068,0,05230706711100581092
05,5,66,028,2023,07,11,5,3,5,2,0,1,0,0,0,0,1,412455.020399999804795,5790580.438899999484420,7.717341868000062,52.258639611000035,0,05230706709700076667
05,5,66,076,2023,07,16,5,3,5,7,0,1,1,0,0,0,0,395155.131000000052154,5794202.646999999880791,7.462838669000064,52.288168466000059,0,05230706709500760714
05,5,66,076,2023,07,11,5,2,0,7,0,1,0,0,0,0,1,396992.231999999843538,5787180.152000000700355,7.491905385000052,52.225401629000032,0,05230706709500076633
05,5,66,084,2023,07,12,5,3,0,2,0,1,0,0,0,0,1,389734.552000000141561,5775891.945299999788404,7.389361720000068,52.122547892000057,0,05230706709300772438
05,5,66,084,2023,07,17,5,3,6,4,0,0,1,1,0,0,0,390071.992300000041723,5775654.640799999237061,7.394365244000028,52.120482386000049,0,05230706709300587286
05,5,66,008,2023,07,13,5,2,0,7,0,1,0,0,0,0,0,399404.873900000005960,5781231.552799999713898,7.528981616000067,52.172383452000076,0,05230706709110279240
05,5,66,012,2023,07,15,5,3,5,3,0,1,0,0,0,0,0,405259.378999999724329,5771488.041999999433756,7.617279101000065,52.085843725000075,0,05230706709110193617
05,5,58,032,2023,07,16,5,3,5,3,0,1,1,0,0,0,0,385901.658999999985099,5753666.563400000333786,7.340809203000049,51.922027576000062,0,05230706706100396616
05,5,58,008,2023,07,15,5,3,6,2,0,0,1,1,0,0,0,382729.975800000131130,5759771.702600000426173,7.292626244000076,51.976235765000069,0,05230706706000987100
05,5,58,016,2023,07,16,5,3,6,6,0,0,1,1,0,0,0,381416.465699999593198,5745002.809399999678135,7.278595237000047,51.843228631000045,0,05230706706000836380
05,5,58,004,2023,07,11,5,3,6,4,0,0,1,1,0,0,0,404587.050599999725819,5738601.296599999070168,7.616593124000076,51.790128577000075,0,05230706706000594282
05,5,54,068,2023,07,09,5,3,0,7,0,1,0,0,0,0,1,351357.167200000025332,5766543.793099999427795,6.833237017000044,52.029574963000073,0,05230706705000952633
05,5,15,000,2023,07,09,5,3,0,7,0,1,0,0,0,0,0,406112.147900000214577,5757494.329500000923872,7.633560226000043,51.960208552000040,1,05230706702100449933
05,5,15,000,2023,07,17,5,3,5,3,0,1,0,0,0,0,0,407229.437699999660254,5758645.738099999725819,7.649505233000070,51.970745548000082,0,05230706702100374701
05,5,62,004,2023,07,06,5,3,0,6,0,1,0,0,0,0,0,386359.838999999687076,5717426.319099999964237,7.359319442000071,51.596408018000034,0,05230706701800295038
05,5,62,024,2023,07,18,5,3,5,2,0,1,1,0,0,0,0,368929.192300000227988,5725958.006999999284744,7.104608509000059,51.669293053000047,0,05230706701500595975
05,5,62,024,2023,07,15,5,3,6,4,0,0,1,1,0,0,0,369319.706899999640882,5724265.054099999368191,7.110885343000064,51.654170153000052,0,05230706701500447436
05,5,13,000,2023,07,19,5,2,0,7,0,1,0,0,0,0,0,364680.141999999992549,5718463.886800000444055,7.046098674000064,51.600941502000069,0,05230706700000895034
05,5,13,000,2023,07,15,5,2,6,3,0,0,1,1,0,0,0,369891.922000000253320,5706286.664000000804663,7.125811070000054,51.492735001000028,0,05230706700000167071
05,5,54,008,2023,07,13,4,3,6,7,0,0,1,1,0,0,0,336655.985999999567866,5744311.924900000914931,6.629678805000026,51.825724567000066,0,05230705705000885883
05,5,15,000,2023,07,08,4,3,5,2,0,1,1,0,0,0,0,407776.233000000007451,5753593.310000000521541,7.658818339000049,51.925422443000059,1,05230705702100895613
05,5,62,004,2023,07,09,4,3,1,7,0,0,1,0,0,0,0,383022.783900000154972,5711823.848300000652671,7.313028179000071,51.545371506000038,0,05230705701800849520
05,5,62,032,2023,07,15,4,3,5,7,0,1,1,0,0,0,0,375836.888100000098348,5717241.374500000849366,7.207536375000075,51.592524754000067,0,05230705701120085430
05,5,13,000,2023,07,06,4,3,2,6,0,0,1,0,0,0,0,365958.480200000107288,5709149.415400000289083,7.068096499000035,51.517542590000062,0,05230705700000789657
05,5,13,000,2023,07,13,4,3,0,7,0,0,0,0,1,0,0,368105.375400000251830,5707722.452500000596046,7.099554480000052,51.505224175000080,0,05230705700000180915
05,5,58,016,2023,07,17,3,3,2,6,0,1,1,0,0,0,0,381406.926799999549985,5743952.310699999332428,7.278816957000060,51.833785621000061,0,05230704706100296582
05,5,54,004,2023,07,17,3,3,7,5,0,1,0,0,0,1,0,363805.925099999643862,5770465.718800000846386,7.013015942000038,52.068011834000060,0,05230704705000987050
05,5,62,028,2023,07,10,3,3,5,2,0,0,1,0,0,0,0,378830.113199999555945,5723084.681399999186397,7.248704834000023,51.645692305000068,0,05230704701920985415
05,5,62,004,2023,07,11,3,3,5,3,0,0,1,0,0,0,1,383280.625500000081956,5716242.459799999371171,7.315277442000024,51.585138226000026,0,05230704701800673591
05,5,62,032,2023,07,08,3,3,5,3,0,0,1,0,0,0,1,373712.135200000368059,5719997.782999999821186,7.175886569000056,51.616824341000040,1,05230704701110785644
05,5,54,028,2023,07,15,7,3,0,1,0,1,0,0,0,0,0,358286.382799999788404,5743610.980399999767542,6.943614356000069,51.825331657000049,0,05230715705000987322
05,5,70,048,2023,07,07,2,3,0,7,0,1,0,0,0,0,0,451996.705799999646842,5730927.611300000920892,8.304971352000052,51.727215316000070,0,05230703711300153522
05,5,66,076,2023,07,15,2,3,5,3,0,1,1,0,0,0,0,392994.102599999867380,5792653.699799999594688,7.431659583000055,52.273831285000028,0,05230703709500779128
05,5,66,084,2023,07,11,2,3,5,3,0,1,1,0,0,0,0,390112.400999999605119,5775897.792999999597669,7.394876692000025,52.122675686000036,0,05230703709300691781
05,5,58,032,2023,07,16,5,3,2,6,0,0,1,0,0,0,0,387163.328700000420213,5753656.590299999341369,7.359151197000074,51.922195064000050,0,05230713706000965767
05,5,66,008,2023,07,14,2,3,5,2,0,1,1,0,0,0,0,399404.144500000402331,5781231.381699999794364,7.528971005000074,52.172381781000070,0,05230703709110296664
05,5,15,000,2023,07,12,2,3,5,3,0,1,0,0,0,0,0,406612.225700000301003,5758950.516200000420213,7.640440059000071,51.973381671000027,0,05230703702100670584
05,5,62,012,2023,07,16,2,3,5,2,0,1,1,0,0,0,0,359425.569400000385940,5725349.010199999436736,6.967513332000067,51.661523395000074,0,05230703701610589700
05,5,58,044,2023,07,19,2,3,2,2,0,0,1,0,1,0,0,399067.156000000424683,5742268.010600000619888,7.535518922000051,51.822117457000047,0,05230710706000987226
05,5,13,000,2023,07,09,2,3,1,5,0,1,0,0,0,0,0,367021.955799999646842,5706143.104000000283122,7.084548267000059,51.490777153000067,0,05230703700000267057
05,5,13,000,2023,07,12,2,2,1,7,0,0,1,0,1,0,0,370101.393099999986589,5709610.712300000712276,7.127602268000032,51.522656100000063,0,05230703700000180344
05,5,54,052,2023,07,07,5,3,5,2,0,0,1,0,1,0,0,379078.071999999694526,5772928.706100000068545,7.234832018000077,52.093690459000072,0,05230706705000595870
05,5,15,000,2023,07,20,1,3,0,7,0,1,0,0,0,0,0,410303.766800000332296,5752040.198799999430776,7.695969637000076,51.911874899000054,0,05230702702100379193
05,5,62,004,2023,07,18,1,2,0,1,0,1,0,0,0,0,0,383910.127100000157952,5718031.948200000450015,7.323767399000076,51.601351707000049,0,05230702701800867135
05,5,13,000,2023,07,17,1,3,2,6,0,1,0,0,0,0,0,366020.405199999921024,5711081.079399999231100,7.068253767000044,51.534916322000072,0,05230702700000795148
05,5,15,000,2023,07,13,3,3,4,6,0,0,1,0,0,0,0,402178.013600000180304,5753763.161699999123812,7.577383231000056,51.925993573000028,0,05230704702100096750
05,5,70,008,2023,07,17,7,2,0,7,0,0,1,1,0,0,0,432447.706299999728799,5733664.289499999955297,8.021432604000040,51.749803541000063,1,05230701711300927092
05,5,70,004,2023,07,00,7,3,9,1,2,0,1,0,0,0,0,423951.560300000011921,5735206.080900000408292,7.898042653000061,51.762574774000029,0,05230701711200879616
05,5,66,028,2023,07,12,7,3,5,3,0,1,1,0,0,0,0,412344.908999999985099,5792818.731000000610948,7.715147456000068,52.278740483000036,1,05230701709700581018
05,5,66,096,2023,07,19,7,2,0,3,0,0,1,0,1,0,0,385469.339900000020862,5785748.249600000679493,7.323762402000057,52.210257917000035,0,05230701709300279100
05,5,66,076,2023,07,08,7,2,5,3,0,1,1,0,0,0,0,396743.811999999918044,5787380.432000000029802,7.488208594000071,52.227155123000045,0,05230701709000539100
05,5,54,008,2023,07,01,7,3,5,2,2,1,1,0,0,0,0,336570.577999999746680,5745090.447000000625849,6.628073025000049,51.832693455000026,0,05230701705000986975
05,5,54,008,2023,07,07,7,3,3,6,1,0,1,0,0,0,0,336110.051900000311434,5745920.149399999529123,6.621002425000029,51.840012129000058,0,05230701705000895196
05,5,15,000,2023,07,13,7,3,2,6,0,0,1,0,0,0,0,405494.025000000372529,5754329.964600000530481,7.625436783000055,51.931661095000038,1,05230701702100091750
05,5,62,012,2023,07,19,7,3,0,7,0,1,0,0,0,0,0,363786.419999999925494,5731558.062000000849366,7.028099817000054,51.718392498000071,1,05230701701620386128
05,5,66,076,2023,06,15,6,3,5,3,0,0,1,0,0,0,0,391775.209999999962747,5791954.018999999389052,7.414026640000031,52.267304611000043,0,05230630709500977244
05,5,66,076,2023,06,19,6,3,0,6,0,1,0,1,0,0,0,391805.401499999687076,5795017.594499999657273,7.413485704000038,52.294843150000077,0,05230630709500176680
05,5,66,012,2023,06,23,6,3,7,1,2,0,0,0,0,0,1,404897.168499999679625,5773006.756599999964237,7.611570642000061,52.099432082000078,0,05230630709110986950
05,5,58,004,2023,06,20,6,3,0,1,0,1,0,0,0,0,0,404255.834999999962747,5737957.833000000566244,7.611969861000034,51.784288119000053,0,05230630706300977240
05,5,54,028,2023,06,12,6,3,0,3,0,0,1,0,0,0,0,358451.847000000067055,5743156.210999999195337,6.946199621000062,51.821287292000079,0,05230630705000091730
05,5,15,000,2023,06,09,6,3,6,7,0,1,0,1,0,0,0,405853.082399999722838,5758605.495899999514222,7.629486316000055,51.970152395000071,0,05230630702100896505
05,5,15,000,2023,06,09,6,3,0,3,0,1,0,0,0,0,0,405624.469999999739230,5758233.403000000864267,7.626261680000027,51.966769097000054,0,05230630702100072434
05,5,62,004,2023,06,12,6,3,5,3,0,0,1,0,1,0,0,383159.501000000163913,5711885.677999999374151,7.314978377000045,51.545955540000080,0,05230630701800851402
05,5,13,000,2023,06,14,6,3,1,5,0,0,1,0,1,0,0,365714.735100000165403,5715999.100800000131130,7.061971128000039,51.579039479000073,0,05230630700000975940
05,5,13,000,2023,06,19,6,3,0,7,0,1,0,0,0,0,0,364751.154600000008941,5712968.894999999552965,7.049239270000044,51.551578429000074,0,05230630700000289650
05,5,70,052,2023,08,18,1,3,5,3,0,1,1,0,0,0,0,429833.790000000037253,5756027.149000000208616,7.979034356000057,51.950519116000066,1,05230806711100481966
05,5,66,040,2023,08,16,7,1,7,5,0,0,1,0,1,0,0,417915.527700000442564,5784659.802200000733137,7.798763865000069,52.206263181000054,0,05230805709800996554
05,5,66,076,2023,08,18,7,3,5,3,0,0,1,0,1,0,0,395438.123999999836087,5794211.323000000789762,7.466983407000043,52.288300360000051,1,05230805709500896542
05,5,66,084,2023,08,17,7,3,2,6,0,1,1,0,0,0,0,390476.179399999789894,5775649.979100000113249,7.400267902000053,52.120520711000040,1,05230805709300181037
05,5,66,084,2023,08,16,7,3,5,3,0,1,1,0,0,0,0,390430.570799999870360,5774463.132300000637770,7.399984025000037,52.109845159000031,1,05230805709300042420
05,5,54,008,2023,08,12,7,3,0,7,0,1,0,1,0,0,1,331427.469399999827147,5745464.177999999374151,6.553318996000030,51.834522405000030,0,05230805705000986004
05,5,54,008,2023,08,19,7,3,1,5,0,1,1,0,0,0,0,336713.936999999918044,5745745.753000000491738,6.629842515000064,51.838622327000053,1,05230805705000985997
05,5,13,000,2023,08,13,7,3,2,6,0,0,1,0,0,0,0,366089.422600000165403,5712712.317900000140071,7.068627582000033,51.549591905000057,0,05230805700000220538
05,5,70,036,2023,08,17,6,3,2,6,0,0,1,0,0,0,0,433796.310999999754131,5759462.653999999165535,8.036020220000069,51.981889196000054,0,05230804711100281966
05,5,66,084,2023,08,08,6,3,0,1,0,1,0,0,0,0,0,389773.017599999904633,5775725.902799999341369,7.389977129000044,52.121063303000028,1,05230804709300986036
05,5,54,008,2023,08,14,6,3,5,3,0,1,1,0,0,0,0,337162.982099999673665,5747200.944099999964237,6.635669409000059,51.851826194000068,0,05230804705000986026
05,5,54,004,2023,08,10,6,3,0,1,0,1,0,0,0,0,0,363877.862200000323355,5771942.081700000911951,7.013475842000048,52.081295283000031,1,05230804705000091110
05,5,15,000,2023,08,12,6,2,6,4,0,1,0,1,0,0,0,405401.036000000312924,5757113.450999999418855,7.623318836000067,51.956664520000061,0,05230804702100691701
05,5,15,000,2023,08,15,6,3,5,3,0,1,1,0,0,0,0,405100.866799999959767,5754703.098699999973178,7.619617268000070,51.934948094000049,0,05230804702100079193
05,5,15,000,2023,08,16,6,3,5,2,0,1,1,0,0,0,0,409879.546199999749660,5761082.936699999496341,7.687432473000058,51.993088645000057,0,05230804702100068135
05,5,62,020,2023,08,22,6,3,6,7,2,0,0,1,0,0,1,371437.369900000281632,5715768.842000000178814,7.144597851000071,51.578304513000035,0,05230804701200194284
05,5,13,000,2023,08,15,6,3,0,7,0,0,1,0,0,0,1,367540.176400000229478,5708378.337500000372529,7.091169107000042,51.510986240000079,0,05230804700000489276
05,5,66,012,2023,08,09,5,3,6,2,0,0,1,1,0,0,0,404801.939799999818206,5771844.212600000202656,7.610505538000041,52.088966565000078,1,05230803709110774686