ULAND,UREGBEZ,UKREIS,UGEMEINDE,UJAHR,UMONAT,USTUNDE,UWOCHENTAG,UKATEGORIE,UART,UTYP1,ULICHTVERH,IstRad,IstPKW,IstFuss,IstKrad,IstGkfz,IstSonstige,LINREFX,LINREFY,XGCSWGS84,YGCSWGS84,STRZUSTAND,UIDENTSTLAE
05,5,66,008,2023,08,15,5,3,0,7,0,1,0,0,0,0,1,397520.762199999764562,5781038.319399999454618,7.501498430000026,52.170300053000062,1,05230803709110596565
05,5,58,016,2023,08,16,5,3,8,1,0,0,1,0,0,0,0,378752.090400000102818,5743008.975800000131130,7.240636222000035,51.824737899000070,1,05230803706000596665
05,5,54,040,2023,08,16,5,3,8,1,0,1,0,0,0,0,0,351181.121600000187755,5735707.215900000184774,6.843977992000021,51.752469883000060,1,05230803705000986052
05,5,54,056,2023,08,17,5,3,9,1,0,0,1,0,0,0,0,357859.636599999852479,5761979.095599999651313,6.929849102000048,51.990265328000078,0,05230803705000986050
05,5,15,000,2023,08,17,5,3,0,1,0,1,0,0,0,0,0,404754.637000000104308,5757710.442600000649691,7.613749348000056,51.961920171000031,1,05230803702100576646
05,5,15,000,2023,08,18,5,2,0,1,0,1,0,0,0,0,0,405365.178999999538064,5756329.841099999845028,7.623012981000045,51.949614995000047,1,05230803702100191701
05,5,62,032,2023,08,15,5,3,5,3,0,1,1,0,0,0,0,375759.632199999876320,5721258.301999999210238,7.204997975000026,51.628608429000053,1,05230803701110595044
05,5,62,032,2023,08,14,5,2,9,7,0,0,1,0,0,0,0,376521.318599999882281,5715593.594799999147654,7.217991484000038,51.577866186000051,0,05230803701110181595
05,5,13,000,2023,08,05,5,3,1,5,2,0,1,0,1,0,0,364117.666799999773502,5715303.183900000527501,7.039205611000057,51.572402990000057,1,05230803700000371570
05,5,13,000,2023,08,20,5,3,6,7,0,0,1,1,0,0,0,366639.797600000165403,5718610.974799999967217,7.074321138000073,51.602730731000065,0,05230803700000066387
05,5,54,008,2023,08,07,6,3,0,3,0,1,1,0,0,0,0,335755.706699999980628,5745352.078199999406934,6.616133272000070,51.834804809000047,0,05230804705000774717
05,5,70,008,2023,08,22,4,3,0,1,2,0,0,0,0,0,1,433991.609500000253320,5740073.306500000879169,8.042575540000030,51.807604937000065,1,05230802711300296538
05,5,66,012,2023,08,11,4,3,5,3,0,0,1,0,0,0,0,404903.464499999769032,5773126.945399999618530,7.611628983000060,52.100513441000032,1,05230802709110579151
05,5,62,028,2023,08,12,4,3,5,5,0,1,1,0,0,0,0,379172.434799999929965,5723582.880599999800324,7.253477908000036,51.650243442000033,1,05230802701920077767
05,5,62,004,2023,08,18,4,2,6,7,0,0,0,1,0,0,1,382849.397300000302494,5713910.141699999570847,7.309833875000038,51.564086578000058,1,05230802701800080501
05,5,66,016,2023,08,08,3,2,0,3,0,1,1,0,0,0,0,403584.651999999769032,5792615.107999999076128,7.586837838000065,52.275443686000074,1,05230801709500079092
05,5,66,068,2023,08,17,3,3,5,3,0,1,1,0,0,0,0,376120.072999999858439,5785214.370999999344349,7.187195975000066,52.203438109000047,0,05230801709300696551
05,5,66,008,2023,08,14,3,3,5,2,0,1,1,0,0,0,0,400122.218799999915063,5780677.651200000196695,7.539630798000076,52.167535417000067,1,05230801709110293617
05,5,66,076,2023,08,07,3,3,0,2,0,1,1,0,0,0,0,394153.961699999868870,5793091.576999999582767,7.448514919000047,52.277991104000080,1,05230801709500879092
05,5,54,004,2023,08,13,3,3,3,2,0,1,1,0,0,0,0,363685.377999999560416,5771692.126000000163913,7.010768500000040,52.079001970000036,1,05230801705000096576
05,5,13,000,2023,08,10,3,3,5,3,0,1,1,0,0,0,0,365350.500000000000000,5715697.513000000268221,7.056833295000047,51.576242388000026,1,05230801700000895020
05,5,13,000,2023,08,17,3,3,0,7,0,0,1,0,0,0,0,365310.457700000144541,5710113.344599999487400,7.058394013000054,51.526050828000052,0,05230801700000175284
05,5,13,000,2023,08,21,3,3,4,2,0,1,1,0,0,0,0,363315.870000000111759,5711585.268999999389052,7.029088026000068,51.538798826000061,0,05230801700000095087
05,5,13,000,2023,08,21,3,3,0,7,1,0,0,0,0,0,1,365992.880199999548495,5715912.205299999564886,7.066016060000038,51.578324791000057,0,05230801700000072394
05,5,66,028,2023,07,15,2,3,5,3,0,1,1,0,0,0,0,412516.403800000436604,5792645.949599999934435,7.717705381000030,52.277214796000067,1,05230731709700591774
05,5,54,008,2023,07,07,2,2,6,7,0,0,1,1,0,1,0,334248.936800000257790,5745332.485099999234080,6.594293880000066,51.834183724000070,0,05230731705000987637
05,5,15,000,2023,07,07,2,3,2,5,0,1,1,0,0,0,0,404147.748800000175834,5761254.650399999693036,7.603929172000051,51.993672357000037,1,05230731702100072421
05,5,66,084,2023,08,11,3,2,0,7,0,1,0,0,0,0,0,390214.504800000227988,5776285.841499999165535,7.396242269000027,52.126183460000050,1,05230801709300179100
05,5,62,014,2023,07,13,2,3,5,2,0,1,1,0,0,0,0,361888.814299999736249,5715210.535299999639392,7.007100261000062,51.571028849000072,1,05230731701300571480
05,5,62,032,2023,07,10,2,3,1,5,0,0,1,0,0,0,1,375317.147599999792874,5719170.135600000619888,7.199351534000073,51.609743993000052,0,05230731701110847708
05,5,70,020,2023,08,10,7,3,5,3,0,1,1,0,0,0,0,432926.925800000317395,5743661.834400000050664,8.026439910000022,51.839738827000076,0,05230805711400094426
05,5,70,008,2023,07,15,1,3,5,3,0,0,1,0,0,0,0,433444.286700000055134,5739452.509800000116229,8.034757270000057,51.801959092000061,1,05230730711300476734
05,5,66,060,2023,07,22,1,2,0,1,2,1,0,0,0,0,0,389120.902999999932945,5788777.974899999797344,7.376188848000027,52.238232895000067,1,05230730709500479180
05,5,66,012,2023,07,13,1,2,7,1,0,1,0,0,0,0,0,399979.173000000417233,5777029.216000000014901,7.538614240000072,52.134718115000055,0,05230730709110496566
05,5,15,000,2023,07,12,1,3,5,3,0,0,1,0,0,0,1,405351.285000000149012,5758615.655999999493361,7.622181036000029,51.970158494000032,0,05230730702100674773
05,5,62,004,2023,07,18,1,3,1,1,0,0,1,0,1,0,0,381883.571700000204146,5713150.463899999856949,7.296161471000062,51.557057393000036,0,05230730701800171552
05,5,62,020,2023,07,00,1,3,4,2,2,0,1,0,1,0,0,371296.143299999646842,5716968.751299999654293,7.142120969000075,51.589055711000071,0,05230730701200975293
05,5,70,008,2023,07,09,7,2,6,7,0,0,1,1,0,0,0,434725.317300000227988,5733688.828600000590086,8.054416704000062,51.750294182000061,0,05230729711300482313
05,5,66,008,2023,07,09,7,3,5,3,0,1,0,0,0,0,1,399946.775200000032783,5781138.788200000301003,7.536930475000077,52.171648230000073,0,05230729709110696691
05,5,54,008,2023,07,17,7,3,4,6,0,0,1,0,0,0,0,339978.146399999968708,5750931.953099999576807,6.674779126000033,51.886158754000064,1,05230729705000987627
05,5,54,064,2023,07,13,7,3,0,7,0,1,1,0,0,0,0,361550.069299999624491,5751168.013499999418855,6.987913367000033,51.894054637000067,0,05230729705000987610
05,5,54,012,2023,07,15,7,3,0,5,0,1,1,0,0,0,1,352396.675800000317395,5747679.351099999621511,6.856476730000054,51.860360794000030,1,05230729705000595046
05,5,62,012,2023,07,19,7,3,6,7,0,0,1,1,0,0,0,359104.872000000439584,5727733.643999999389052,6.961917851000067,51.682870863000062,0,05230729701610202178
05,5,13,000,2023,07,12,7,3,5,3,0,1,1,0,0,0,0,367321.129300000146031,5713682.655099999159575,7.086015523000071,51.558602933000031,0,05230729700000095087
05,5,66,032,2023,07,17,6,2,5,3,0,1,0,0,0,0,1,415168.523000000044703,5780074.492000000551343,7.759721250000041,52.164631843000052,0,05230728709800079150
05,5,66,076,2023,07,23,6,3,0,1,2,1,0,0,0,0,0,393355.849499999545515,5793549.640300000086427,7.436676051000063,52.281953552000061,0,05230728709500491754
05,5,58,016,2023,07,09,6,3,5,3,0,0,1,0,0,0,0,380808.745000000111759,5744141.518999999389052,7.270074419000025,51.835358727000028,1,05230728706000678384
05,5,54,068,2023,07,13,6,3,6,7,0,1,0,1,0,0,0,350719.566999999806285,5767189.416999999433756,6.823668233000035,52.035204290000081,0,05230728705000987582
05,5,54,048,2023,07,11,6,3,0,7,0,1,0,0,0,0,0,341298.882899999618530,5745843.684499999508262,6.696290870000041,51.840823826000076,0,05230728705000987580
05,5,66,048,2023,08,08,3,3,4,1,0,1,0,0,0,0,0,428073.652900000102818,5798710.542400000616908,7.944394154000065,52.333984959000077,1,05230801709700986127
05,5,54,008,2023,07,15,6,3,5,3,0,0,1,0,1,0,0,336467.580000000074506,5746204.539999999105930,6.626052982000033,51.842671751000069,0,05230728705000491777
05,5,54,032,2023,07,18,6,2,0,7,0,0,0,0,1,0,0,323900.987900000065565,5744022.062400000169873,6.444927028000052,51.819246996000061,0,05230728705000080994
05,5,70,004,2023,07,16,1,3,1,5,0,1,1,0,0,0,0,424052.445399999618530,5735808.850299999117851,7.899372429000039,51.768007158000046,1,05230730711200896543
05,5,66,068,2023,07,02,1,2,0,7,2,0,1,0,0,0,1,375575.847000000067055,5784567.754000000655651,7.179473876000031,52.197504961000050,1,05230730709300951050
05,5,66,076,2023,07,17,5,3,5,3,0,1,1,0,0,0,0,393487.298999999649823,5792133.971000000834465,7.439049352000040,52.269256144000053,1,05230727709500802247
05,5,66,016,2023,07,16,5,3,0,1,0,1,0,0,0,0,0,406300.242999999783933,5791099.536000000312924,7.627048690000038,52.262291326000081,1,05230727709500496953
05,5,66,052,2023,07,12,5,3,4,7,0,0,1,0,1,0,0,378528.372000000439584,5779600.964999999850988,7.224429864000058,52.153530015000058,1,05230727709300179126
05,5,66,004,2023,07,18,5,3,0,1,0,1,0,0,0,0,0,395156.833200000226498,5767230.731399999931455,7.471195945000034,52.045759196000063,1,05230727709110470631
05,5,58,016,2023,07,07,5,3,5,3,0,1,1,0,0,0,0,380430.593899999745190,5745903.456700000911951,7.263979549000055,51.851112556000032,0,05230727706100503164
05,5,62,020,2023,07,07,5,3,5,3,0,1,1,0,0,0,0,369345.775000000372529,5719512.439699999988079,7.113035617000037,51.611466188000065,1,05230727701200675230
05,5,62,032,2023,07,11,5,3,1,5,0,0,1,0,1,0,0,376222.815100000239909,5714945.331299999728799,7.213914251000062,51.571974617000080,0,05230727701120481595
05,5,70,052,2023,07,14,4,3,0,1,0,1,0,0,0,0,0,430269.812699999660254,5756315.183700000867248,7.985319256000025,51.953163276000055,0,05230726711100393886
05,5,58,032,2023,07,13,4,3,1,5,0,1,1,0,0,0,0,386624.950699999928474,5754854.419700000435114,7.350931103000050,51.932851000000028,0,05230726706100795040
05,5,54,048,2023,07,16,4,3,5,3,0,1,1,0,0,0,0,340657.065600000321865,5746648.396999999880791,6.686611669000058,51.847870494000063,0,05230726705000987534
05,5,15,000,2023,07,05,4,3,5,3,0,0,1,0,0,0,0,405125.711199999786913,5754508.142799999564886,7.620032302000027,51.933199979000051,0,05230726702100879193
05,5,62,012,2023,07,14,4,3,5,3,0,0,1,0,0,0,0,357814.535000000149012,5727413.592000000178814,6.943396058000076,51.679669777000072,1,05230726701610795085
05,5,62,032,2023,07,16,4,3,9,7,0,0,1,0,0,0,0,373886.507199999876320,5719958.169999999925494,7.178418099000055,51.616507433000038,1,05230726701110175293
05,5,13,000,2023,07,21,4,3,9,1,1,0,1,0,0,0,0,366641.161999999545515,5709054.785900000482798,7.077965639000070,51.516853768000033,0,05230726700000680915
05,5,13,000,2023,07,18,4,3,0,7,0,1,0,0,0,0,1,368132.299599999561906,5708612.582499999552965,7.099609304000069,51.513229846000058,0,05230726700000367071
05,5,66,072,2023,07,15,3,3,5,2,0,1,0,0,0,0,0,411329.911000000312924,5801283.210999999195337,7.698042696000073,52.354657743000075,1,05230725709700403002
05,5,66,076,2023,07,11,3,2,5,3,0,1,1,0,0,0,0,395325.795599999837577,5793727.501499999314547,7.465487429000063,52.283930729000076,0,05230725709500179128
05,5,54,048,2023,07,12,3,3,5,3,0,1,1,0,0,0,0,340713.795500000007451,5744791.876900000497699,6.688289358000077,51.831207932000041,0,05230725705000987500
05,5,62,028,2023,07,18,3,2,0,1,0,0,0,0,1,0,0,379813.734000000171363,5721778.156999999657273,7.263362975000064,51.634161176000077,0,05230725701920069505
05,5,12,000,2023,07,14,3,3,0,7,0,1,1,0,0,0,0,354705.250000000000000,5710125.627000000327826,6.905616327000075,51.523532370000055,0,05230725701400681363
05,5,62,032,2023,07,13,3,3,5,3,0,1,1,0,0,0,0,380462.433500000275671,5717460.639399999752641,7.274204479000048,51.595495861000074,0,05230725701120581595
05,5,62,032,2023,07,14,3,3,5,3,0,0,0,0,0,0,1,374893.724999999627471,5720129.901900000870228,7.192897204000076,51.618275561000075,0,05230725701110873586
05,5,70,036,2023,07,05,2,3,6,4,0,0,1,1,0,0,0,433682.648900000378489,5766894.725700000301003,8.032925901000056,52.048687400000063,1,05230724711100402617
05,5,58,016,2023,07,12,2,3,2,6,0,0,1,0,1,0,0,384374.281000000424683,5742853.714999999850988,7.322230018000027,51.824534316000040,0,05230724706000023580
05,5,54,048,2023,07,08,2,3,5,3,0,0,1,0,0,0,0,341577.260300000198185,5744899.583900000900030,6.700760548000062,51.832421101000079,1,05230724705000987464
05,5,54,008,2023,07,17,2,2,4,6,0,0,1,0,0,0,0,336147.106900000013411,5745599.631500000134110,6.621691604000034,51.837143644000037,1,05230724705000086830
05,5,62,008,2023,07,12,2,3,1,5,0,1,1,0,0,0,0,385258.721599999815226,5723700.216099999845028,7.341373888000021,51.652573140000072,0,05230724701910149551
05,5,13,000,2023,07,12,2,3,5,3,0,0,1,0,0,0,0,366917.225999999791384,5709405.500399999320507,7.081809571000065,51.520070622000048,1,05230724700000495204
05,5,70,052,2023,07,19,1,2,0,5,0,1,1,0,0,0,0,430870.488099999725819,5757129.975500000640750,7.993894583000042,51.960562950000053,1,05230723711100696160
05,5,66,068,2023,07,17,1,3,1,7,0,0,1,0,0,0,0,374956.822499999776483,5786402.979699999094009,7.169743862000075,52.213856350000071,0,05230723709300581037
05,5,66,012,2023,07,10,1,3,1,7,0,1,1,0,0,0,0,404882.880900000222027,5772756.332399999722838,7.611432026000045,52.097178772000063,0,05230723709110776751
05,5,66,008,2023,07,02,1,3,3,1,2,1,0,0,0,0,0,400870.282599999569356,5780165.764499999582767,7.550714358000050,52.163069539000048,1,05230723709110155930
05,5,54,068,2023,07,06,7,3,9,1,1,1,0,0,0,0,0,351589.086900000460446,5766692.627100000157952,6.836550535000072,52.030974262000029,0,05230729705000881102
05,5,58,024,2023,07,17,1,3,0,1,0,1,0,0,0,0,0,392574.826999999582767,5736138.769500000402331,7.443253585000036,51.765817698000035,0,05230723706300176683
05,5,54,008,2023,07,13,1,3,8,1,0,1,0,0,0,0,0,335704.002799999900162,5744747.175799999386072,6.615670680000051,51.829355510000028,0,05230723705000585883
05,5,13,000,2023,08,21,1,3,0,2,1,0,1,0,0,0,1,368926.731599999591708,5714159.110700000077486,7.108986145000074,51.563260098000057,1,05230806700000075782
05,5,66,040,2023,07,15,7,3,0,1,0,1,0,0,0,0,0,421034.552899999544024,5782446.358899999409914,7.844913802000065,52.186822651000057,1,05230722709800068100
05,5,66,012,2023,07,12,6,2,5,7,0,1,0,0,0,0,0,401136.317999999970198,5777596.717000000178814,7.555350187000045,52.140027002000068,0,05230721709000287293
05,5,54,048,2023,07,18,6,3,8,5,0,1,1,0,0,0,0,342130.138100000098348,5745461.975999999791384,6.708521129000076,51.837630162000039,0,05230721705000987433
05,5,54,008,2023,07,14,6,3,4,6,0,1,0,0,0,0,0,337084.751000000163913,5748049.726999999955297,6.634134493000033,51.859428419000039,0,05230721705000987421
05,5,54,052,2023,07,15,6,3,1,5,0,1,1,0,0,0,0,378938.048999999649823,5773019.050000000745058,7.232756984000048,52.094471723000026,0,05230721705000889360
05,5,15,000,2023,07,01,6,3,0,1,2,0,0,0,0,0,1,406766.802000000141561,5758392.998999999836087,7.642841152000074,51.968396394000081,1,05230721702100974715
05,5,15,000,2023,07,17,6,3,5,2,0,1,1,0,0,0,0,406121.051500000059605,5756361.669299999251962,7.633999243000062,51.950029174000065,1,05230721702100539948
05,5,12,000,2023,07,12,6,3,1,5,0,1,1,0,0,0,0,354442.992999999783933,5711102.310000000521541,6.901435088000028,51.532240973000057,0,05230721701400461211
05,5,12,000,2023,07,12,6,3,5,3,0,1,1,0,0,0,0,357522.812099999748170,5708015.149100000038743,6.947055394000074,51.505285589000039,0,05230721701400361085
05,5,70,004,2023,07,14,5,3,5,3,0,0,1,0,0,0,1,423649.379999999888241,5735973.811000000685453,7.893496137000056,51.769435268000052,0,05230720711200296601
05,5,66,076,2023,07,17,5,3,8,7,0,0,1,0,0,0,0,394256.928199999965727,5794957.366100000217557,7.449438193000049,52.294779187000074,0,05230720709500876744
05,5,66,076,2023,07,16,5,3,0,1,0,1,0,0,0,0,0,393497.969999999739230,5794741.385999999940395,7.438381970000023,52.292691537000053,0,05230720709500296953
05,5,58,012,2023,07,16,5,3,1,1,0,0,1,0,1,0,0,375809.710099999792874,5750968.798599999397993,7.195102410000061,51.895624307000048,0,05230720706000977217
05,5,54,012,2023,07,16,5,3,5,2,0,1,1,0,0,0,0,352581.734899999573827,5747678.668899999931455,6.859162458000071,51.860403581000071,0,05230720705000987405
05,5,54,016,2023,07,09,5,3,3,5,0,1,1,0,0,0,0,363071.540300000458956,5757905.411900000646710,7.007330324000066,51.954970328000059,0,05230720705000987398
05,5,54,040,2023,07,09,5,3,1,5,0,1,0,0,0,1,0,350894.368499999865890,5736210.768400000408292,6.839610851000032,51.756918022000036,0,05230720705000987395
05,5,54,008,2023,07,16,5,3,5,3,0,1,0,0,0,0,0,332732.669400000013411,5743042.097999999299645,6.573414381000021,51.813156848000062,0,05230720705000987251
05,5,54,008,2023,07,15,5,3,5,3,0,1,0,0,0,0,0,335415.280199999921024,5745211.162299999967217,6.611263918000020,51.833438705000049,0,05230720705000591733
05,5,15,000,2023,07,13,5,3,1,5,0,0,1,0,0,0,0,404411.173999999649823,5760900.408999999985099,7.607863450000025,51.990533729000049,0,05230720702100369102
05,5,15,000,2023,07,08,5,2,5,3,0,1,1,0,0,0,0,406766.928199999965727,5757395.240900000557303,7.643113867000068,51.959428077000041,0,05230720702100076684
05,5,15,000,2023,07,14,5,3,0,1,0,1,0,0,0,0,0,405851.678999999538064,5757285.960000000894070,7.629827652000074,51.958291589000055,0,05230720702100072434
05,5,62,032,2023,07,18,5,3,4,1,0,0,1,0,1,0,0,374204.769600000232458,5713843.800300000235438,7.185204059000057,51.561628377000034,0,05230720701120381315
05,5,62,032,2023,07,15,5,2,5,3,0,1,1,0,0,0,0,379555.777800000272691,5718971.201099999248981,7.260602546000030,51.608878794000077,0,05230720701110180920
05,5,62,032,2023,07,18,5,3,5,3,0,1,1,0,0,0,0,373643.644000000320375,5721105.716000000014901,7.174498194000023,51.626765935000037,0,05230720701110080920
05,5,54,020,2023,08,21,4,3,0,7,1,1,1,0,0,0,0,366023.162299999967217,5786330.361800000071526,7.039090899000030,52.211104178000028,1,05230802705000420923
05,5,15,000,2023,07,15,5,3,2,6,0,1,0,0,0,0,0,405743.012799999676645,5757587.046199999749660,7.628164068000046,51.960979475000045,1,05230727702100074712
05,5,70,004,2023,07,14,4,3,1,5,0,1,1,0,0,0,0,423156.315299999900162,5735276.525599999353290,7.886506146000045,51.763099471000032,0,05230719711200874651
05,5,58,004,2023,07,14,4,3,0,7,0,1,1,0,0,0,0,407754.928700000047684,5732261.142300000414252,7.664194141000053,51.733669089000045,0,05230719706300096685
05,5,54,012,2023,07,08,4,3,5,3,0,1,1,0,0,0,0,352858.433000000193715,5747674.323999999091029,6.863179554000055,51.860437569000055,0,05230719705000695150
05,5,15,000,2023,07,11,4,3,5,3,0,1,0,0,0,0,0,405467.212100000120699,5757551.705800000578165,7.624160982000035,51.960614995000071,0,05230719702100565913
05,5,13,000,2023,07,18,4,2,0,1,0,0,0,0,1,0,0,367141.222500000149012,5713822.639200000092387,7.083368907000022,51.559818569000072,1,05230719700000685657
05,5,66,040,2023,08,18,4,3,6,1,0,1,0,1,0,0,0,421214.720900000073016,5782739.926999999210238,7.847480439000037,52.189487258000042,1,05230802709800887357
05,5,70,008,2023,07,10,3,3,5,3,0,0,1,0,1,0,0,433196.036999999545515,5737724.864000000059605,8.031490304000044,51.786397971000042,0,05230718711300184995
05,5,70,052,2023,07,14,3,2,5,3,0,1,0,0,0,0,0,433555.394000000320375,5754627.452999999746680,8.033448159000045,51.938393244000054,0,05230718711100087235
05,5,66,040,2023,07,10,3,3,0,1,0,0,0,0,0,0,1,421090.541400000452995,5783527.063400000333786,7.845480962000067,52.196544942000060,0,05230718709800081125
05,5,66,012,2023,07,07,3,3,6,3,0,0,1,1,0,0,0,406606.337000000290573,5772551.709000000730157,7.636640211000042,52.095633165000038,0,05230718709110379198
05,5,58,012,2023,07,16,3,3,5,3,0,1,0,0,0,1,0,373993.850499999709427,5756811.085100000724196,7.166588149000063,51.947718289000079,0,05230718706000396670
05,5,54,040,2023,07,16,3,2,0,1,0,1,0,0,0,0,0,351366.487900000065565,5737939.950899999588728,6.845706438000036,51.772580142000038,0,05230718705000696108
05,5,15,000,2023,07,09,3,3,4,6,0,1,1,0,0,0,0,412258.316800000146031,5752721.319700000807643,7.724204237000038,51.918308743000068,0,05230718702100570587
05,5,12,000,2023,07,00,3,3,3,6,2,1,0,0,0,0,1,358109.607800000347197,5710380.498999999836087,6.954552505000038,51.526688184000079,0,05230718701400875296
05,5,62,020,2023,07,23,3,2,8,1,2,1,0,0,0,0,0,372480.681800000369549,5713828.767500000074506,7.160350514000072,51.561106101000064,0,05230718701200981316
05,5,62,020,2023,07,17,3,2,0,1,0,1,0,0,0,0,0,371722.384999999776483,5714564.962999999523163,7.149148434000040,51.567550286000028,0,05230718701200795195
05,5,13,000,2023,07,15,3,3,4,6,0,0,1,0,1,0,0,366243.461299999617040,5708049.235700000077486,7.072618772000055,51.507723249000037,0,05230718700000894973
05,5,70,008,2023,08,17,1,3,5,3,0,1,1,0,0,0,0,434235.764000000432134,5733708.698000000789762,8.047322223000037,51.750415549000081,0,05230820711300727092
05,5,66,004,2023,08,00,1,3,9,1,2,1,0,0,0,0,0,395729.563599999994040,5767183.322100000455976,7.479558670000074,52.045441125000082,0,05230820709110985441
05,5,58,008,2023,08,13,1,3,4,3,0,1,0,0,0,0,0,382477.091699999757111,5759751.351299999281764,7.288953162000041,51.975999445000070,0,05230820706200681438
05,5,54,008,2023,08,13,1,3,0,1,0,0,0,0,1,0,0,336369.117499999701977,5744947.216900000348687,6.625219560000062,51.831347774000051,0,05230820705000985428
05,5,62,012,2023,08,09,1,2,0,1,0,0,1,0,0,0,0,358816.000699999742210,5736084.397900000214577,6.954357477000030,51.757835368000030,0,05230820701620789576
05,5,62,012,2023,08,09,1,3,0,1,0,1,0,0,0,0,0,361229.560899999924004,5736084.403400000184774,6.989304594000032,51.758438625000053,0,05230820701610175472
05,5,62,032,2023,08,14,1,2,5,2,0,0,1,0,0,0,0,375235.213399999774992,5716638.555600000545382,7.199069287000043,51.586974209000061,0,05230820701110977173
05,5,13,000,2023,08,12,1,3,0,7,0,1,0,0,0,0,0,364102.452800000086427,5713368.302799999713898,7.039734276000047,51.555011784000044,0,05230820700000479550
05,5,13,000,2023,08,21,1,3,3,2,2,1,1,0,0,0,0,368024.480499999597669,5713580.435300000011921,7.096194174000061,51.557849321000049,0,05230820700000024636
05,5,54,012,2023,08,12,7,3,1,1,0,1,1,0,0,0,0,352796.834599999710917,5752618.449100000783801,6.860176623000029,51.904843641000070,0,05230819705000985457
05,5,54,012,2023,08,17,7,3,0,1,0,1,0,0,0,0,0,352647.006599999964237,5752951.732200000435114,6.857857775000070,51.907798523000054,1,05230819705000852633
05,5,54,008,2023,08,17,7,3,9,6,0,0,1,0,0,0,0,336147.509800000116229,5745594.502299999818206,6.621699875000047,51.837097684000071,1,05230819705000681025
05,5,62,016,2023,08,09,7,3,1,5,0,1,1,0,0,0,0,374272.753200000151992,5733336.357200000435114,7.179177338000045,51.736822577000055,0,05230819701700470568
05,5,62,016,2023,08,20,7,3,5,3,0,1,1,0,0,0,0,375631.110299999825656,5734498.385500000789762,7.198423536000064,51.747568677000061,0,05230819701700079600
05,5,62,032,2023,08,12,7,3,8,1,0,0,1,0,0,0,0,378333.092199999839067,5715445.361199999228120,7.244176511000035,51.576927937000050,0,05230819701120076673
05,5,66,012,2023,08,15,6,3,5,1,0,0,1,0,0,0,1,400928.017300000414252,5776439.359500000253320,7.552644658000077,52.129587496000056,0,05230818709110996566
05,5,54,068,2023,08,06,6,3,5,7,0,0,1,0,0,0,0,350502.686900000087917,5765581.107899999246001,6.821211520000077,52.020696164000071,0,05230818705000985508
05,5,54,008,2023,08,18,6,3,4,2,0,1,1,0,0,0,0,334916.876099999994040,5746477.988900000229478,6.603432558000065,51.844671966000078,0,05230818705000985475
05,5,58,016,2023,08,11,7,3,5,3,0,0,1,0,1,0,0,380878.349999999627471,5744233.002000000327826,7.271052664000024,51.836195746000044,0,05230819706000776660
05,5,54,012,2023,08,22,6,3,1,2,2,1,1,0,0,0,0,351126.175499999895692,5746682.427699999883771,6.838469821000047,51.851066171000070,0,05230818705000282366
05,5,54,040,2023,08,13,6,3,2,1,0,1,0,0,0,0,0,355653.839100000448525,5737550.761900000274181,6.907963696000024,51.770205109000074,0,05230818705000226302
05,5,62,032,2023,08,22,6,3,0,7,2,1,0,0,0,0,0,379297.070899999700487,5718441.780099999159575,7.257050540000023,51.604065275000039,0,05230818701110575230
05,5,70,020,2023,08,19,5,3,0,3,0,1,1,0,0,0,0,433798.824000000022352,5744215.907999999821186,8.038987444000043,51.844823965000046,0,05230817711400072473
05,5,70,016,2023,08,07,5,3,8,6,0,1,0,0,0,0,1,409443.815299999900162,5744246.581700000911951,7.685515693000070,51.841680667000048,0,05230817711200687232
05,5,70,044,2023,08,07,5,3,1,5,0,1,1,0,0,0,0,417697.285699999891222,5760151.778000000864267,7.801489931000049,51.985932107000053,0,05230817711100774650
05,5,66,076,2023,08,08,5,3,5,3,0,0,1,0,0,0,0,395443.690000000409782,5794212.643400000408292,7.467064571000037,52.288313286000061,1,05230817709500985540
05,5,54,008,2023,08,09,5,3,5,3,0,1,0,0,0,0,1,336811.904400000348687,5747707.110600000247359,6.630337637000025,51.856270816000062,0,05230817705000985542
05,5,54,012,2023,08,15,5,3,5,7,0,1,1,0,0,0,0,351999.624599999748170,5745388.298699999228120,6.851695795000069,51.839670847000036,0,05230817705000581030
05,5,15,000,2023,08,07,5,3,4,2,0,1,0,0,0,0,0,405262.173100000247359,5757072.194099999964237,7.621309998000072,51.956270045000053,1,05230817702100265913
05,5,62,036,2023,08,18,5,3,5,3,0,1,1,0,0,0,0,390076.739799999631941,5720738.587999999523163,7.411920901000030,51.626916639000058,0,05230817701930075335
05,5,13,000,2023,08,18,5,2,6,4,0,0,0,1,0,0,1,367204.764999999664724,5710201.458000000566244,7.085651510000048,51.527291303000027,0,05230817700000473493
05,5,66,040,2023,08,18,4,3,0,1,0,0,0,0,1,0,0,423240.851400000043213,5781196.844200000166893,7.877463016000036,52.175902315000030,0,05230816709800842476
05,5,66,076,2023,08,13,4,3,4,6,0,1,0,0,0,0,0,393679.882000000216067,5795435.044500000774860,7.440829289000021,52.298960798000053,0,05230816709500500953
05,5,66,016,2023,08,15,4,3,0,1,0,1,0,0,0,0,0,404898.656999999657273,5793157.634600000455976,7.605938000000037,52.280548718000034,0,05230816709500196953