ULAND,UREGBEZ,UKREIS,UGEMEINDE,UJAHR,UMONAT,USTUNDE,UWOCHENTAG,UKATEGORIE,UART,UTYP1,ULICHTVERH,IstRad,IstPKW,IstFuss,IstKrad,IstGkfz,IstSonstige,LINREFX,LINREFY,XGCSWGS84,YGCSWGS84,STRZUSTAND,UIDENTSTLAE
05,5,66,008,2023,08,19,4,3,5,2,0,1,1,0,0,0,0,399564.025000000372529,5781328.813999999314547,7.531279286000029,52.173286601000029,0,05230816709110070537
05,5,54,040,2023,08,14,4,3,0,1,0,0,0,0,1,0,0,350786.778199999593198,5737447.400299999862909,6.837522167000031,51.768000404000077,0,05230816705000985568
05,5,54,020,2023,08,11,4,3,5,3,0,0,1,0,0,0,0,365079.748999999836087,5786163.242000000551343,7.025358389000075,52.209372390000055,0,05230816705000481550
05,5,62,024,2023,08,13,4,3,5,3,0,1,1,0,0,0,0,369532.802500000223517,5724166.790300000458956,7.114000717000067,51.653336592000073,0,05230816701500665816
05,5,62,014,2023,08,10,4,3,5,3,0,0,1,0,0,0,1,360287.368999999947846,5717203.210999999195337,6.983214473000032,51.588540544000068,0,05230816701300695791
05,5,62,020,2023,08,14,4,3,8,1,0,0,1,0,0,0,0,371176.605000000447035,5721471.448999999091029,7.138741784000047,51.629493305000040,0,05230816701200181328
05,5,13,000,2023,08,17,4,3,1,7,0,0,1,0,1,0,0,365968.214999999850988,5709263.374800000339746,7.068193378000046,51.518569005000074,0,05230816700000095155
05,5,66,076,2023,08,17,3,3,0,1,0,0,0,0,1,0,0,391848.615000000223517,5792947.464999999850988,7.414783377000049,52.276247249000050,0,05230815709500391754
05,5,66,068,2023,08,14,3,3,0,3,0,1,0,0,0,0,0,376168.712000000290573,5785898.145999999716878,7.187657292000040,52.209593536000057,0,05230815709300887316
05,5,54,008,2023,08,06,3,3,0,6,1,1,0,0,0,0,0,336209.517300000414252,5746300.747899999842048,6.622264691000055,51.843460398000047,1,05230815705000985617
05,5,54,008,2023,08,15,3,3,5,3,0,1,0,0,0,0,0,335377.246799999848008,5745476.588199999183416,6.610586164000040,51.835811921000072,0,05230815705000985601
05,5,54,028,2023,08,19,3,2,6,7,0,0,0,1,0,0,1,357521.753499999642372,5743706.428700000047684,6.932487427000069,51.825994839000032,0,05230815705000205266
05,5,54,004,2023,08,15,3,3,5,3,0,1,1,0,0,0,0,361409.780000000260770,5772968.172000000253320,6.977064491000021,52.089902622000068,0,05230815705000096683
05,5,15,000,2023,08,13,3,3,9,1,0,0,1,0,0,0,0,401826.501000000163913,5759006.495999999344349,7.570775265000066,51.973060036000049,0,05230815702100853167
05,5,15,000,2023,08,14,3,3,0,7,0,1,0,0,0,0,0,405806.122899999842048,5758280.617799999192357,7.628892063000023,51.967224295000051,0,05230815702100176693
05,5,62,012,2023,08,10,3,3,5,3,0,1,1,0,0,0,0,359437.557500000111759,5725351.069000000134110,6.967685716000062,51.661544893000041,0,05230815701610985637
05,5,13,000,2023,08,16,3,3,5,3,0,0,1,0,0,0,0,366008.042000000365078,5708862.224999999627471,7.068919562000076,51.514973485000041,0,05230815700000775256
05,5,70,004,2023,08,08,2,3,5,3,0,1,1,0,0,0,0,424772.462500000372529,5734415.950500000268221,7.910106400000075,51.755582631000038,0,05230814711200386958
05,5,66,076,2023,08,16,2,3,0,4,0,1,0,1,0,0,0,393290.420599999837577,5793175.778100000694394,7.435835630000042,52.278580888000079,0,05230814709500985668
05,5,66,076,2023,08,15,2,3,6,7,0,0,1,1,0,0,0,396697.870699999853969,5787322.082599999383092,7.487554036000063,52.226622094000049,0,05230814709500896635
05,5,66,008,2023,08,19,2,2,7,1,0,1,0,0,0,0,0,400039.886500000022352,5780258.994599999859929,7.538550696000073,52.163757719000046,0,05230814709110879618
05,5,66,008,2023,08,07,2,3,3,6,0,1,0,0,0,0,1,399976.262699999846518,5780656.094399999827147,7.537503798000046,52.167315236000036,0,05230814709110742438
05,5,58,016,2023,08,08,2,3,0,3,0,1,1,0,0,0,0,380656.456899999640882,5744479.745100000873208,7.267748550000022,51.838365878000047,0,05230814706000955948
05,5,54,048,2023,08,09,2,1,6,7,0,0,0,1,0,1,0,341868.981499999761581,5746397.419999999925494,6.704306089000056,51.845960293000076,0,05230814705000096652
05,5,15,000,2023,08,17,2,3,0,2,0,1,1,0,0,0,0,405311.736999999731779,5755328.661000000312924,7.622511362000068,51.940606851000041,0,05230814702100468315
05,5,15,000,2023,08,13,2,3,9,7,0,0,1,0,0,0,0,406084.950000000186265,5751028.262299999594688,7.634929438000029,51.902083669000035,0,05230814702100056497
05,5,62,024,2023,08,19,2,3,4,5,0,1,1,0,0,0,0,370453.989400000311434,5726046.248600000515580,7.126612830000056,51.670439698000052,0,05230814701500465816
05,5,66,076,2023,08,13,4,3,1,6,0,1,1,0,0,0,0,394242.577999999746680,5793229.396800000220537,7.449770108000052,52.279246779000061,0,05230816709500985580
05,5,54,008,2023,08,15,2,3,1,2,0,1,1,0,0,0,0,337022.884999999776483,5746170.142999999225140,6.634122941000044,51.842525088000059,0,05230814705000977193
05,5,54,044,2023,08,08,4,3,0,3,0,1,1,0,0,0,0,368686.634999999776483,5744497.119000000879169,7.094101031000037,51.835835887000030,1,05230816705000796552
05,5,70,020,2023,08,18,1,3,0,3,0,1,1,0,0,0,0,427670.472000000067055,5742891.444000000134110,7.950317302000030,51.832157108000047,0,05230813711400054395
05,5,70,052,2023,08,03,1,2,0,1,2,1,0,0,0,0,0,425340.245000000111759,5746862.986199999228120,7.915648557000054,51.867552980000028,0,05230813711100687232
05,5,66,064,2023,08,21,1,3,7,1,2,0,0,0,1,0,0,395873.989099999889731,5771809.691800000146031,7.480252737000058,52.087048670000058,0,05230813709110787268
05,5,58,024,2023,08,17,1,2,2,6,0,1,1,0,0,0,0,392160.137799999676645,5736175.209899999201298,7.437235232000035,51.766065504000039,0,05230813706300065767
05,5,54,008,2023,08,23,1,3,7,1,2,0,0,0,0,0,1,333816.320399999618530,5745335.916300000622869,6.588019248000023,51.834086010000078,0,05230813705000985692
05,5,15,000,2023,08,13,1,3,1,7,0,1,1,0,0,0,0,403592.191100000403821,5757333.742799999192357,7.596941682000022,51.958333915000026,0,05230813702100974710
05,5,15,000,2023,08,22,1,2,0,1,2,1,0,0,0,0,0,411027.359000000171363,5760067.645999999716878,7.704408668000042,51.984147606000079,0,05230813702100774756
05,5,15,000,2023,08,12,1,3,3,6,0,1,0,0,0,0,0,404354.712500000372529,5757029.061699999496341,7.608120206000024,51.955727014000047,0,05230813702100193600
05,5,66,028,2023,08,18,7,3,6,1,0,0,1,1,0,0,0,412249.131400000303984,5792386.863500000908971,7.713856312000075,52.274843462000035,0,05230812709700070261
05,5,66,068,2023,08,11,7,3,5,3,0,0,1,0,0,0,0,380135.889000000432134,5784737.448799999430776,7.246100094000042,52.200040182000066,1,05230812709300941173
05,5,66,084,2023,08,20,7,3,1,1,2,1,1,0,0,0,0,385445.926599999889731,5778833.887399999424815,7.325755364000031,52.148114808000059,0,05230812709300574704
05,5,66,012,2023,08,03,7,3,0,7,2,1,0,0,0,0,0,405668.345499999821186,5772213.063799999654293,7.623045407000063,52.092430232000027,1,05230812709110279151
05,5,54,008,2023,08,00,7,3,8,5,2,1,1,0,0,0,0,335206.131400000303984,5746438.152799999341369,6.607646802000033,51.844399545000044,0,05230812705000977197
05,5,15,000,2023,08,23,7,3,1,5,2,1,1,0,0,0,0,406631.098199999891222,5757801.326400000602007,7.641027248000057,51.963055378000035,0,05230812702100868126
05,5,15,000,2023,08,03,7,3,0,3,2,1,0,0,0,0,0,405626.548000000417233,5757141.637000000104308,7.626591907000034,51.956956186000070,1,05230812702100091864
05,5,62,024,2023,08,00,7,3,9,1,2,0,1,0,0,0,0,367361.184000000357628,5725791.522399999201298,7.082010634000028,51.667428971000049,0,05230812701500375472
05,5,70,004,2023,08,13,6,3,6,2,0,0,1,1,0,0,0,423659.054999999701977,5734801.677999999374151,7.893893889000026,51.758899529000075,0,05230811711200802926
05,5,66,040,2023,08,11,6,3,5,3,0,1,1,0,0,0,0,420868.089800000190735,5782225.692299999296665,7.842530871000065,52.184815255000046,0,05230811709800287330
05,5,66,028,2023,08,22,6,3,0,7,2,0,1,1,0,0,0,413463.456000000238419,5792075.972699999809265,7.731729388000076,52.272241553000072,0,05230811709700076771
05,5,66,012,2023,08,10,6,3,5,2,0,1,0,0,0,0,0,405477.595999999903142,5771679.362999999895692,7.620409898000048,52.087600667000061,0,05230811709000012518
05,5,54,052,2023,08,16,6,3,0,1,0,1,0,0,0,0,0,378735.395399999804795,5773278.935300000011921,7.229707735000034,52.096762814000044,0,05230811705000595870
05,5,54,004,2023,08,15,6,3,5,2,0,1,1,0,0,0,0,363433.204199999570847,5770982.988700000569224,7.007374772000048,52.072567947000039,0,05230811705000030801
05,5,15,000,2023,08,15,6,3,5,2,0,1,1,0,0,0,0,411415.742100000381470,5761724.522900000214577,7.709634542000060,51.999102826000069,0,05230811702100985800
05,5,15,000,2023,08,09,6,3,5,3,0,1,1,0,0,0,0,401417.183799999766052,5758414.271099999547005,7.564988448000065,51.967664555000056,0,05230811702100574710
05,5,15,000,2023,08,07,6,3,4,3,0,1,0,0,0,0,0,406570.192099999636412,5760114.455299999564886,7.639511379000055,51.983836621000080,0,05230811702100470612
05,5,15,000,2023,08,17,6,2,5,7,0,1,0,0,0,0,1,405689.229700000025332,5757216.071399999782443,7.627483392000045,51.957635870000047,0,05230811702000291701
05,5,12,000,2023,08,08,6,3,0,7,0,0,1,0,1,0,0,356323.791199999861419,5712215.656999999657273,6.928077870000038,51.542727013000047,0,05230811701400985820
05,5,12,000,2023,08,17,6,3,5,3,0,0,1,0,1,0,0,359960.162999999709427,5711906.589999999850988,6.980604639000035,51.540863711000043,0,05230811701400489697
05,5,62,020,2023,08,16,6,3,2,6,0,0,1,0,0,0,1,371069.690000000409782,5717274.745999999344349,7.138741489000040,51.591753865000044,0,05230811701200869263
05,5,62,032,2023,08,17,6,2,0,1,0,1,0,0,0,0,0,376858.928600000217557,5716330.868300000205636,7.222602689000041,51.584566121000080,0,05230811701120985777
05,5,13,000,2023,08,10,6,2,1,7,0,0,1,0,1,0,0,368380.703900000080466,5709332.305700000375509,7.102918261000070,51.519755757000041,0,05230811700000079622
05,5,70,008,2023,08,16,5,3,0,1,0,1,0,0,0,0,0,433820.768199999816716,5734440.894200000911951,8.041171997000049,51.756949175000045,0,05230810711200070572
05,5,70,052,2023,08,15,5,2,0,1,0,1,0,0,0,0,0,431029.838999999687076,5755505.160499999299645,7.996539507000023,51.945976223000059,0,05230810711100190660
05,5,66,004,2023,08,07,5,2,0,1,0,1,0,0,0,0,0,395475.998100000433624,5767587.427799999713898,7.475739073000057,52.049025352000058,0,05230810709110680992
05,5,66,064,2023,08,17,5,2,6,5,0,0,1,1,0,0,0,396024.315499999560416,5771558.184900000691414,7.482522648000042,52.084816468000042,0,05230810709110111955
05,5,66,068,2023,08,14,5,3,6,1,0,0,1,1,0,0,0,376776.731300000101328,5785952.250499999150634,7.196531526000058,52.210216016000061,0,05230810709000821110
05,5,66,012,2023,08,13,5,3,5,1,0,1,0,0,0,0,1,405529.521900000050664,5772284.198799999430776,7.620999925000035,52.093045926000059,0,05230810709000742372
05,5,58,024,2023,08,11,5,3,5,3,0,1,1,0,0,0,0,392815.271599999628961,5736989.628299999982119,7.446474012000067,51.773511304000067,0,05230810706300685358
05,5,58,016,2023,08,17,5,3,5,2,0,0,1,0,0,0,1,380592.086000000126660,5744551.474600000306964,7.266789920000065,51.838996757000075,0,05230810706100874647
05,5,58,016,2023,08,17,5,3,5,3,0,0,1,0,0,0,0,380430.942999999970198,5745901.627000000327826,7.263985248000040,51.851096188000042,0,05230810706000296571
05,5,54,008,2023,08,15,5,2,3,6,0,1,0,0,0,0,0,332963.891999999992549,5745098.888399999588728,6.575773468000023,51.831702504000077,0,05230810705000985844
05,5,54,008,2023,08,18,5,3,0,7,0,1,0,0,0,0,0,336372.302299999631941,5746744.392899999395013,6.624415733000035,51.847493590000056,0,05230810705000796652
05,5,15,000,2023,08,17,5,3,5,5,0,1,1,0,0,0,0,404725.964399999938905,5760139.326400000602007,7.612657971000033,51.983746949000079,0,05230810702100074701
05,5,12,000,2023,08,10,5,3,1,7,0,0,1,0,0,0,0,355135.787200000137091,5709298.164400000125170,6.912158116000057,51.516207616000031,0,05230810701400248096
05,5,13,000,2023,08,13,5,3,5,3,0,1,1,0,0,0,0,368711.110199999995530,5708606.136199999600649,7.107948239000052,51.513306715000056,0,05230810700000075760
05,5,15,000,2023,08,12,5,3,1,1,0,1,1,0,0,0,0,407096.271700000390410,5758243.549799999222159,7.647676105000073,51.967108235000069,0,05230810702100576652
05,5,62,014,2023,08,13,2,3,1,5,0,0,1,0,0,0,0,359777.955699999816716,5717623.069000000134110,6.975698153000053,51.592186838000032,0,05230814701300094970
05,5,70,004,2023,08,12,4,3,5,3,0,1,1,0,0,0,0,423245.519700000062585,5736459.471200000494719,7.887537075000068,51.773745936000068,0,05230809711200570572
05,5,70,044,2023,08,17,4,3,2,6,0,0,1,0,1,0,0,416079.480499999597669,5759940.956900000572205,7.777988418000064,51.983794994000050,0,05230809711100387232
05,5,66,076,2023,08,15,4,3,3,2,0,1,1,0,0,0,0,394471.012500000186265,5795002.489299999549985,7.452562036000074,52.295225883000057,0,05230809709300985876
05,5,54,068,2023,08,17,4,3,5,3,0,0,1,0,1,0,0,350132.092000000178814,5767951.335999999195337,6.814776354000060,52.041891195000062,0,05230809705000420870
05,5,15,000,2023,08,09,4,3,6,4,0,1,0,1,0,0,0,404637.989900000393391,5757704.979900000616908,7.612053660000072,51.961851075000027,0,05230809702100342371
05,5,15,000,2023,08,09,4,2,4,6,0,1,1,0,0,0,0,405596.284500000067055,5757933.649499999359250,7.625933945000043,51.964070000000049,0,05230809702100065385
05,5,62,036,2023,08,12,4,3,5,3,0,0,1,0,0,0,1,389248.823900000192225,5719844.053200000897050,7.400247699000033,51.618714183000066,0,05230809701930748100
05,5,62,024,2023,08,21,4,2,5,2,1,0,1,0,0,0,1,368539.911700000055134,5724309.899000000208616,7.099602422000032,51.654391338000039,0,05230809701500065816
05,5,54,008,2023,08,07,2,3,5,3,0,0,1,0,0,0,1,335572.277700000442564,5745813.441400000825524,6.613254204000043,51.838895456000046,0,05230814705000695050
05,5,15,000,2023,08,19,6,2,7,1,0,0,0,0,0,0,1,404930.758999999612570,5758084.552999999374151,7.616208346000064,51.965312966000056,0,05230818702100079098
05,5,66,008,2023,08,17,3,3,3,1,0,1,0,0,0,0,0,400030.514999999664724,5780093.898000000044703,7.538462350000032,52.162272170000051,1,05230808709110206885
05,5,66,012,2023,08,15,3,3,0,7,0,0,0,0,1,0,0,405649.974499999545515,5773128.453299999237061,7.622523888000046,52.100654813000062,0,05230808709000987293
05,5,66,012,2023,08,18,3,3,5,3,0,1,1,0,0,0,0,404979.707999999634922,5772429.672000000253320,7.612936189000038,52.094259329000067,0,05230808709000676731
05,5,66,012,2023,08,16,3,3,0,7,0,1,0,0,0,0,0,404522.339999999850988,5772440.125000000000000,7.606258939000043,52.094274554000037,0,05230808709000487293
05,5,58,016,2023,08,17,3,2,5,3,0,1,1,0,0,0,0,379940.661000000312924,5744614.524000000208616,7.257317289000071,51.839423715000066,0,05230808706000396665
05,5,54,020,2023,08,20,3,3,5,3,0,1,1,0,0,0,0,365800.385999999940395,5786899.467000000178814,7.035606741000038,52.216163578000078,1,05230808705000220923
05,5,54,008,2023,08,11,3,3,5,3,0,1,1,0,0,0,0,335610.664099999703467,5744907.191600000485778,6.614241385000071,51.830765542000051,0,05230808705000186932
05,5,15,000,2023,08,16,3,3,5,2,0,1,1,0,0,0,0,404949.469399999827147,5754431.476099999621511,7.617490813000074,51.932480793000082,0,05230808702100574700
05,5,15,000,2023,08,06,3,3,5,3,0,1,1,0,0,0,0,403667.939000000245869,5754790.876700000837445,7.598756306000041,51.935490879000042,1,05230808702100074736
05,5,62,004,2023,08,15,3,3,8,1,0,0,0,0,1,0,0,383887.974700000137091,5716090.127499999478459,7.324090230000024,51.583894574000055,0,05230808701800067038
05,5,62,024,2023,08,16,3,2,5,3,0,1,0,0,0,0,0,370136.210799999535084,5727930.188999999314547,7.121319349000032,51.687296583000034,0,05230808701500985912
05,5,12,000,2023,08,10,3,3,6,7,0,0,1,1,0,0,0,356291.780500000342727,5709751.787699999287724,6.928622030000042,51.520579039000040,0,05230808701400681321
05,5,62,004,2023,08,19,4,3,4,6,0,0,1,0,0,0,0,383731.397800000384450,5710890.727700000628829,7.323550909000062,51.537131239000075,0,05230816701800889642
05,5,70,008,2023,08,09,3,3,0,5,0,1,0,0,0,0,1,434063.312199999578297,5734282.580299999564886,8.044715565000047,51.755554529000051,1,05230815711300653522
05,5,70,028,2023,08,22,2,3,0,1,2,1,0,0,0,0,0,440535.417999999597669,5741470.936100000515580,8.137238609000065,51.820904334000033,0,05230807711400272473
05,5,70,052,2023,08,17,2,3,5,3,0,1,1,0,0,0,0,430340.681599999777973,5755173.583300000056624,7.986581690000037,51.942909591000046,0,05230807711100381021
05,5,58,020,2023,08,11,2,3,5,3,0,1,1,0,0,0,0,391344.544499999843538,5759944.448599999770522,7.417940219000059,51.979539546000069,0,05230807706000968277
05,5,54,004,2023,08,11,2,3,1,6,0,0,1,0,0,0,0,363489.330199999734759,5771006.684399999678135,7.008183684000073,52.072794700000031,0,05230807705000985954
05,5,54,008,2023,08,16,2,3,0,4,0,0,0,1,0,0,1,335281.066499999724329,5745127.406500000506639,6.609357670000065,51.832646735000026,0,05230807705000985947
05,5,54,012,2023,08,16,2,2,0,7,0,1,0,0,0,0,1,352833.117600000463426,5747801.598999999463558,6.862757983000051,51.861574448000056,0,05230807705000930820
05,5,54,012,2023,08,17,2,3,0,7,0,1,0,0,0,0,1,352901.798000000417233,5747651.471999999135733,6.863818565000031,51.860243678000074,1,05230807705000808065
05,5,54,020,2023,08,17,2,3,0,3,0,1,1,0,0,0,0,366462.116499999538064,5786951.386900000274181,7.045266439000045,52.216790877000051,0,05230807705000481550
05,5,54,044,2023,08,15,2,3,4,6,0,0,1,0,0,0,0,364886.596099999733269,5739643.194000000134110,7.040874084000052,51.791312276000042,0,05230807705000305266
05,5,62,008,2023,08,07,2,3,5,2,0,1,1,0,0,0,0,384082.630800000391901,5722552.807099999859929,7.324761104000061,51.642019348000076,1,05230807701910948786
05,5,62,004,2023,08,14,2,3,5,3,0,0,1,0,0,0,0,382226.171000000089407,5712525.930999999865890,7.301310302000047,51.551515921000032,0,05230807701800979388
05,5,13,000,2023,08,07,2,3,5,3,0,1,1,0,0,0,0,363797.466500000096858,5713507.371899999678135,7.035283893000042,51.556187957000077,1,05230807700000861081
05,5,13,000,2023,08,12,2,3,0,7,0,0,0,1,1,0,0,368976.433000000193715,5707541.053999999538064,7.112165425000057,51.503796597000076,1,05230807700000795200
05,5,66,084,2023,09,00,7,3,6,4,2,0,1,1,0,0,0,386259.558000000193715,5778768.146999999880791,7.337663417000044,52.147692162000055,0,05230902709300726734
05,5,54,008,2023,09,23,7,3,2,6,2,0,1,0,0,0,0,337183.955599999986589,5745602.798299999907613,6.636726007000050,51.837475305000055,0,05230902705000620726
05,5,15,000,2023,09,10,7,3,6,4,0,1,0,1,0,0,0,405956.098100000061095,5753028.010900000110269,7.632511183000076,51.920036741000047,0,05230902702100945124
05,5,15,000,2023,09,09,7,3,5,3,0,0,1,0,0,0,0,407174.743999999947846,5756539.210000000894070,7.649278582000022,51.951801854000053,0,05230902702100091750
05,5,12,000,2023,09,17,7,2,5,3,0,1,1,0,0,0,0,357251.554700000211596,5711793.777400000020862,6.941618719000076,51.539171478000071,0,05230902701400994972
05,5,62,032,2023,09,20,7,3,0,7,2,1,0,0,0,0,0,375393.400899999774992,5719646.101399999111891,7.200282982000033,51.614038434000065,0,05230902701110299767
05,5,13,000,2023,09,21,7,3,6,7,2,0,1,1,0,0,0,368811.645100000314415,5710253.920399999246001,7.108782760000054,51.528138366000064,0,05230902700000478000
05,5,70,036,2023,09,16,6,2,5,3,0,1,1,0,0,0,0,434309.275000000372529,5759656.433000000193715,8.043451156000060,51.983692108000071,0,05230901711100291696
05,5,66,068,2023,09,07,6,3,1,1,0,1,0,0,0,0,0,376832.328999999910593,5785466.831000000238419,7.197521389000030,52.205866375000028,0,05230901709300796693
05,5,66,052,2023,09,06,6,3,1,2,0,1,1,0,0,0,0,378172.481999999843538,5779069.490000000223517,7.219421079000028,52.148675576000073,0,05230901709300796692
05,5,66,064,2023,09,14,6,2,4,1,0,1,0,0,0,0,0,395728.016999999992549,5772249.030999999493361,7.477988678000031,52.090969815000051,0,05230901709110411955
05,5,66,008,2023,09,13,6,3,5,7,0,1,0,0,0,0,1,399595.053999999538064,5781568.677699999883771,7.531661882000037,52.175448079000034,0,05230901709110096547
05,5,66,008,2023,09,12,6,3,3,1,0,1,1,0,0,0,0,400982.611800000071526,5779532.185900000855327,7.552540834000069,52.157395197000028,0,05230901709000679100
05,5,58,012,2023,09,07,6,3,7,7,0,0,0,0,0,0,1,373471.112999999895692,5756520.601999999955297,7.159093369000061,51.944989240000041,1,05230901706200303157
05,5,54,008,2023,09,11,6,3,5,3,0,1,1,0,0,0,0,336363.645899999886751,5746438.373900000005960,6.624434975000042,51.844741943000031,0,05230901705000581626
05,5,54,044,2023,09,13,6,2,8,1,0,1,0,0,0,0,0,367230.262299999594688,5743745.396900000050664,7.073264274000053,51.828736512000035,0,05230901705000296108
05,5,54,020,2023,09,13,6,3,1,7,0,1,1,0,0,0,0,364834.700699999928474,5786574.329600000753999,7.021610132000035,52.213006078000035,0,05230901705000120897
05,5,54,008,2023,09,19,6,3,4,2,0,0,1,0,1,0,0,336409.693400000222027,5744966.244400000199676,6.625798900000063,51.831530591000046,0,05230901705000017283
05,5,15,000,2023,09,11,6,3,1,5,0,1,1,0,0,0,0,405833.659900000318885,5758616.925300000235438,7.629200531000038,51.970251838000081,0,05230901702100548540
05,5,62,014,2023,09,20,6,3,6,7,1,1,0,1,0,0,0,361051.225399999879301,5715264.705000000074506,6.995000643000026,51.571309831000065,0,05230901701300095071
05,5,62,032,2023,09,15,6,3,5,3,0,0,1,0,0,0,0,376065.583999999798834,5718811.547000000253320,7.210281391000024,51.606686541000045,1,05230901701110181136
05,5,66,004,2023,09,22,6,3,0,1,2,1,0,0,0,0,0,395442.674800000153482,5767225.736099999397993,7.475363965000042,52.045768291000059,0,05230901709110676670
05,5,66,040,2023,08,09,5,3,9,1,0,1,0,0,0,0,0,421334.279000000096858,5782407.778000000864267,7.849306112000022,52.186518687000046,1,05230831709800896644
05,5,66,012,2023,08,11,5,2,0,1,0,1,0,0,0,0,0,405000.188400000333786,5772240.192399999126792,7.613287870000022,52.092559769000047,0,05230831709110984950
05,5,58,024,2023,08,16,5,2,0,1,0,0,0,0,1,0,0,392014.985999999567866,5735476.225400000810623,7.435349842000051,51.759755078000069,0,05230831706000894282
05,5,62,028,2023,08,16,5,2,0,3,0,1,0,0,0,0,0,379711.042600000277162,5721757.565500000491738,7.261886942000046,51.633954163000055,1,05230831701920289587
05,5,62,004,2023,08,18,5,3,4,7,0,1,1,0,0,0,0,384236.719200000166893,5716940.051000000908971,7.328841232000059,51.591605234000042,1,05230831701800953356
05,5,62,012,2023,08,10,5,3,2,7,0,1,1,0,0,0,0,357558.503999999724329,5727275.714900000020862,6.939751589000025,51.678365990000032,1,05230831701610019910
05,5,62,024,2023,08,11,5,3,0,7,0,1,0,0,0,0,0,370626.132199999876320,5726327.743899999186397,7.128996528000073,51.673009069000045,0,05230831701500655645
05,5,62,014,2023,08,18,5,2,5,3,0,0,1,0,0,0,1,360641.864000000059605,5715755.436100000515580,6.988902895000024,51.575618544000065,1,05230831701300689501
05,5,62,014,2023,08,16,5,3,5,3,0,1,1,0,0,0,0,359653.134499999694526,5715171.376499999314547,6.974877283000069,51.570124902000032,1,05230831701300090526
05,5,62,020,2023,08,19,5,3,1,5,0,0,1,0,0,0,0,371974.265200000256300,5717236.902400000020862,7.151806547000035,51.591620050000074,1,05230831701200346670
05,5,13,000,2023,08,10,5,3,2,2,0,0,1,0,0,0,0,368024.370000000111759,5708367.868000000715256,7.098146424000049,51.511005456000078,0,05230831700000605127
05,5,13,000,2023,08,17,5,3,6,7,0,1,0,1,0,0,0,364752.246700000017881,5709560.292799999937415,7.050564475000044,51.520947426000077,1,05230831700000595032
05,5,66,028,2023,08,15,4,3,5,3,0,1,1,0,0,0,0,412529.779699999839067,5792646.386499999091029,7.717901272000063,52.277220851000038,0,05230830709700372668
05,5,66,076,2023,08,16,4,3,0,7,0,1,1,0,0,0,0,393526.286500000394881,5791785.869300000369549,7.439730340000040,52.266135230000032,0,05230830709500296635
05,5,66,060,2023,08,13,4,3,2,6,0,0,1,0,0,1,0,389302.512400000356138,5788385.715099999681115,7.378975805000039,52.234744206000073,1,05230830709500160910
05,5,66,008,2023,08,09,4,3,5,2,0,1,1,0,0,0,0,398741.439000000245869,5780811.630999999120831,7.519408915000042,52.168487980000066,0,05230830709110984994
05,5,54,020,2023,08,13,4,3,6,7,0,1,0,1,0,0,0,363987.497800000011921,5786628.822100000455976,7.009195967000039,52.213287242000035,1,05230830705000100485
05,5,15,000,2023,08,17,4,3,2,5,0,1,0,0,0,0,1,405600.458200000226498,5757438.741399999707937,7.626130700000033,51.959622262000039,0,05230830702100272350
05,5,15,000,2023,08,21,4,2,5,3,2,1,0,0,0,0,0,406216.195199999958277,5755006.537499999627471,7.635752866000075,51.937864632000071,1,05230830702100099923
05,5,62,008,2023,08,09,4,3,5,3,0,1,1,0,0,0,0,385002.609600000083447,5723624.430700000375509,7.337698297000031,51.651839671000062,0,05230830701910074177
05,5,12,000,2023,08,07,4,3,6,2,0,0,1,1,0,0,0,357412.757000000216067,5711307.868599999696016,6.944138391000024,51.534845905000054,0,05230830701400375422
05,5,62,020,2023,08,16,4,3,3,2,0,0,1,0,0,0,0,371284.437500000000000,5717148.949400000274181,7.141886001000046,51.590672452000035,1,05230830701200781500
05,5,13,000,2023,08,14,4,3,5,2,0,0,1,0,1,0,0,368373.355000000447035,5709509.853000000119209,7.102746079000042,51.521349619000034,1,05230830700000875415
05,5,70,028,2023,08,13,3,3,0,6,0,1,0,0,0,0,0,441126.152499999850988,5742196.521700000390410,8.145685049000065,51.827490071000057,0,05230829711400381083
05,5,70,028,2023,08,18,3,2,6,4,0,0,0,1,0,1,0,441937.189899999648333,5742738.307199999690056,8.157361687000048,51.832445744000040,0,05230829711400087403
05,5,70,008,2023,08,21,3,3,6,7,2,0,1,1,0,0,0,433921.982200000435114,5733706.041099999099970,8.042777886000067,51.750354737000066,0,05230829711300390684
05,5,70,004,2023,08,20,3,3,5,3,1,1,0,0,0,0,1,424589.337500000372529,5735767.236400000751019,7.907160541000053,51.767705642000067,0,05230829711200976705
05,5,66,008,2023,08,21,3,3,0,1,2,1,0,0,0,0,0,398445.820100000128150,5781875.751800000667572,7.514769443000034,52.177997628000071,0,05230829709300096848
05,5,15,000,2023,08,11,3,3,5,3,0,1,0,0,0,0,0,405311.756900000385940,5759441.658600000664592,7.621377918000064,51.977576198000065,0,05230829702100874710
05,5,15,000,2023,08,17,3,3,1,1,0,1,1,0,0,0,0,404517.969299999997020,5759181.178500000387430,7.609896832000061,51.975099079000074,0,05230829702100868135