ULAND,UREGBEZ,UKREIS,UGEMEINDE,UJAHR,UMONAT,USTUNDE,UWOCHENTAG,UKATEGORIE,UART,UTYP1,ULICHTVERH,IstRad,IstPKW,IstFuss,IstKrad,IstGkfz,IstSonstige,LINREFX,LINREFY,XGCSWGS84,YGCSWGS84,STRZUSTAND,UIDENTSTLAE
05,5,15,000,2023,08,17,3,3,5,3,0,1,1,0,0,0,0,406105.637000000104308,5754737.048200000077486,7.634218665000049,51.935423683000067,0,05230829702100070633
05,5,62,014,2023,08,18,3,3,5,3,0,0,1,0,0,0,0,360885.487499999813735,5715641.085200000554323,6.992461622000064,51.574651149000033,0,05230829701300794961
05,5,13,000,2023,08,11,3,3,6,7,0,0,1,1,0,0,0,368983.950899999588728,5708758.350999999791384,7.111821372000065,51.514737978000028,0,05230829700000979011
05,5,13,000,2023,08,19,3,3,2,6,0,0,1,0,0,0,1,365236.207299999892712,5715742.057900000363588,7.055167834000031,51.576615376000063,0,05230829700000781310
05,5,70,004,2023,08,07,2,3,5,3,0,1,1,0,0,0,0,424243.868900000117719,5735146.803600000217557,7.902290349000054,51.762081515000034,0,05230828711200802910
05,5,70,004,2023,08,08,2,3,0,3,0,1,1,0,0,0,0,424236.135599999688566,5735204.811599999666214,7.902165666000030,51.762601941000071,0,05230828711200084995
05,5,66,008,2023,08,17,2,3,5,3,0,1,1,0,0,0,0,399961.666899999603629,5781320.709100000560284,7.537094516000025,52.173285991000057,0,05230828709110985047
05,5,54,020,2023,08,16,2,3,2,6,0,0,1,0,1,0,0,364644.524000000208616,5786400.106000000610948,7.018898018000073,52.211393953000027,0,05230828705000120881
05,5,15,000,2023,08,17,2,3,5,3,0,0,1,0,0,0,0,407263.123999999836087,5753401.303200000897050,7.651410312000053,51.923611335000032,0,05230828702100091784
05,5,62,024,2023,08,11,2,3,5,3,0,0,1,0,0,0,0,367381.250300000421703,5725715.533399999141693,7.082329465000043,51.666750837000052,0,05230828701500265816
05,5,62,032,2023,08,21,2,3,5,3,1,1,0,0,0,0,1,373822.441999999806285,5717459.669999999925494,7.178392302000020,51.594039020000082,0,05230828701110356310
05,5,13,000,2023,08,10,2,2,0,7,0,0,0,0,0,0,1,367938.661299999803305,5708308.176000000908971,7.096934397000041,51.510448994000058,0,05230828700000475352
05,5,66,084,2023,08,13,1,3,8,1,0,0,1,0,0,0,0,386780.362999999895692,5777323.446000000461936,7.345752858000026,52.134815657000047,0,05230827709300985083
05,5,58,012,2023,08,11,1,3,4,6,0,1,0,0,0,0,0,374468.833999999798834,5754875.786800000816584,7.174201803000074,51.930434155000057,0,05230827706000985088
05,5,54,068,2023,08,00,1,3,0,7,2,1,0,0,0,0,0,350974.381199999712408,5767217.756599999964237,6.827367883000022,52.035527438000031,0,05230827705000985091
05,5,54,020,2023,08,01,1,2,9,1,2,1,0,0,0,0,0,364648.881699999794364,5786826.718399999663234,7.018791166000028,52.215228244000059,0,05230827705000051912
05,5,15,000,2023,08,00,1,3,0,1,2,1,0,0,0,0,0,405423.237900000065565,5757987.867900000885129,7.623401068000021,51.964527925000027,0,05230827702100072552
05,5,62,014,2023,08,13,1,3,1,5,0,1,1,0,0,0,0,359311.728600000031292,5716315.409199999645352,6.969496123000056,51.580320054000026,0,05230827701300985085
05,5,13,000,2023,08,15,1,3,5,3,0,0,1,0,0,0,0,367066.952999999746680,5713879.899000000208616,7.082276485000023,51.560315640000056,1,05230827700000795157
05,5,13,000,2023,08,02,1,3,1,1,2,0,1,0,0,1,0,370090.662700000219047,5708605.224400000646710,7.127818328000046,51.513617419000070,0,05230827700000089276
05,5,70,004,2023,08,15,7,1,1,5,0,1,1,0,0,0,0,423603.569799999706447,5735752.598400000482798,7.892881028000033,51.767440397000030,0,05230826711200387327
05,5,66,076,2023,08,01,7,3,1,1,2,0,1,0,0,0,0,392365.286700000055134,5792216.943499999120831,7.422586437000064,52.269783357000051,0,05230826709500985133
05,5,66,076,2023,08,18,7,3,0,7,0,0,0,0,0,0,1,394677.039200000464916,5793564.344100000336766,7.456031442000040,52.282340452000028,0,05230826709500985107
05,5,66,024,2023,08,00,7,3,0,1,2,1,0,0,0,0,0,383488.307900000363588,5771143.833399999886751,7.299789403000034,52.078596200000050,1,05230826709300985134
05,5,66,008,2023,08,20,7,2,0,1,0,1,0,1,0,0,0,399531.844700000248849,5780728.280500000342727,7.530986682000048,52.167883304000043,0,05230826709110196848
05,5,58,044,2023,08,14,7,3,0,1,0,1,0,0,0,0,0,395879.136099999770522,5745879.911000000312924,7.488192480000066,51.853996533000043,0,05230826706300985110
05,5,15,000,2023,08,11,7,3,0,7,0,1,0,0,0,0,0,405426.516999999992549,5756630.542999999597669,7.623822455000038,51.952328268000031,0,05230826702100976700
05,5,62,012,2023,08,09,7,3,6,4,0,0,1,1,0,0,0,361642.957499999552965,5726344.126499999314547,6.999158050000062,51.671015756000031,0,05230826701610046730
05,5,62,032,2023,08,18,7,2,5,3,0,0,1,0,0,0,1,377491.487300000153482,5715237.310799999162555,7.232109744000070,51.574875839000072,0,05230826701120978020
05,5,13,000,2023,08,13,7,2,0,7,0,1,0,0,0,0,0,369627.381000000052154,5709650.623099999502301,7.120758893000072,51.522905553000044,0,05230826700000367071
05,5,66,084,2023,08,13,6,3,0,1,0,1,0,0,0,0,0,390464.569500000216067,5776666.877100000157952,7.399770998000065,52.129657536000082,1,05230825709300985164
05,5,66,084,2023,08,11,6,3,0,1,0,1,0,0,0,0,0,386181.049200000241399,5778749.859999999403954,7.336522646000049,52.147511644000076,1,05230825709300587316
05,5,66,068,2023,08,17,6,3,5,3,0,1,1,0,0,0,0,375211.842000000178814,5786713.823000000789762,7.173359910000045,52.216707419000045,0,05230825709300396691
05,5,66,064,2023,08,19,6,3,0,3,1,1,1,0,0,0,0,395840.257000000216067,5771351.277000000700355,7.479900616000066,52.082922246000066,0,05230825709110793617
05,5,66,012,2023,08,12,6,3,0,3,0,1,1,0,0,0,0,405015.530000000260770,5772235.827999999746680,7.613512957000069,52.092523174000064,1,05230825709110096848
05,5,54,048,2023,08,19,6,3,6,1,1,0,1,1,0,0,0,340840.864599999971688,5744414.846400000154972,6.690305241000033,51.827856941000050,0,05230825705000096700
05,5,15,000,2023,08,09,6,3,0,1,0,0,0,0,0,0,1,407432.104799999855459,5757312.258799999952316,7.652814106000051,51.958793328000070,0,05230825702100791833
05,5,15,000,2023,08,09,6,2,5,2,0,1,0,0,0,0,0,405208.894000000320375,5757219.746999999508262,7.620494175000033,51.957587232000037,0,05230825702100239883
05,5,15,000,2023,08,18,6,2,0,1,0,1,0,0,0,0,0,404992.376600000075996,5757039.727900000289083,7.617393945000060,51.955932196000049,0,05230825702100091750
05,5,15,000,2023,08,10,6,3,5,3,0,1,1,0,0,0,0,404571.534099999815226,5760755.132999999448657,7.610238589000062,51.989255517000061,1,05230825702100069102
05,5,62,012,2023,08,16,6,3,3,6,0,1,1,0,0,0,0,355235.246399999596179,5724961.362400000914931,6.907131258000049,51.656976484000040,1,05230825701610480918
05,5,62,014,2023,08,18,6,3,5,2,0,1,1,0,0,0,0,361057.175999999977648,5715214.904500000178814,6.995106146000069,51.570863785000029,0,05230825701300347171
05,5,13,000,2023,08,15,6,3,4,6,0,1,1,0,0,0,0,362989.594399999827147,5711650.743499999865890,7.024360828000056,51.539308100000028,0,05230825700000520538
05,5,13,000,2023,08,14,6,3,2,6,0,0,1,0,0,0,1,368551.972000000067055,5712692.517999999225140,7.104130845000043,51.549993028000074,1,05230825700000289701
05,5,13,000,2023,08,21,6,2,0,7,2,0,0,0,0,0,1,367812.062500000000000,5711888.658500000834465,7.093767506000063,51.542596146000051,0,05230825700000079622
05,5,15,000,2023,09,20,7,3,0,3,0,1,1,0,0,0,0,399533.115899999625981,5756377.234999999403954,7.538168487000064,51.949018152000065,0,05230902702100251184
05,5,70,004,2023,08,16,5,3,5,3,0,1,1,0,0,0,0,423954.047899999655783,5735234.782199999317527,7.898072410000054,51.762833126000032,0,05230824711200081008
05,5,70,052,2023,08,10,5,3,0,3,0,1,1,0,0,0,0,429964.745000000111759,5756419.689999999478459,7.980859511000062,51.954064411000047,0,05230824711100981966
05,5,70,024,2023,08,18,5,3,6,4,0,0,1,1,0,0,0,420665.825100000016391,5753563.928500000387430,7.846230057000071,51.927144527000053,0,05230824711100443132
05,5,70,052,2023,08,14,5,3,5,3,0,1,1,0,0,0,0,428833.035000000149012,5752942.392999999225140,7.965113511000027,51.922661280000057,0,05230824711100103006
05,5,66,068,2023,08,16,5,3,5,2,0,1,1,0,0,0,0,376122.396700000390410,5785220.861700000241399,7.187227586000063,52.203496957000027,0,05230824709300996691
05,5,66,084,2023,08,07,5,3,3,2,0,1,1,0,0,0,0,390574.259600000455976,5776395.100299999117851,7.401460241000052,52.127236736000043,0,05230824709300587286
05,5,66,012,2023,08,11,5,3,5,3,0,1,0,0,0,0,0,404015.231900000013411,5772137.522900000214577,7.598944001000064,52.091466997000055,0,05230824709000512518
05,5,58,036,2023,08,17,5,3,2,6,0,1,0,0,0,0,0,388775.892400000244379,5729065.321799999102950,7.390485004000027,51.701501103000055,0,05230824706300985204
05,5,58,016,2023,08,07,5,3,8,7,0,1,0,0,0,0,0,380998.173600000329316,5744024.212400000542402,7.272862755000062,51.834344872000031,0,05230824706000865764
05,5,54,008,2023,08,08,5,3,5,2,0,1,1,0,0,0,0,336142.991299999877810,5745321.366299999877810,6.621763690000023,51.834642653000060,0,05230824705000985235
05,5,54,008,2023,08,14,5,3,1,6,0,0,1,0,1,0,0,336842.385900000110269,5745661.285399999469519,6.631745111000043,51.837901050000028,0,05230824705000985215
05,5,54,008,2023,08,14,5,3,5,2,0,1,1,0,0,0,0,335366.261400000192225,5743167.330299999564886,6.611524891000045,51.815063687000077,0,05230824705000985212
05,5,54,004,2023,08,14,5,3,2,3,0,1,1,0,0,0,0,363501.619599999859929,5772715.016799999400973,7.007679298000028,52.088147773000060,0,05230824705000985195
05,5,54,068,2023,08,15,5,3,5,3,0,1,1,0,0,0,0,351123.556599999777973,5767788.129000000655651,6.829292701000043,52.040691983000045,1,05230824705000391708
05,5,54,020,2023,08,08,5,3,5,3,0,1,0,0,0,0,1,365235.908999999985099,5786327.886600000783801,7.027576880000026,52.210889980000047,1,05230824705000065800
05,5,15,000,2023,08,13,5,3,7,7,0,1,0,0,0,0,1,405635.934999999590218,5756663.526000000536442,7.626859779000029,51.952660306000041,0,05230824702100276643
05,5,62,028,2023,08,11,5,3,3,6,0,1,1,0,0,0,0,381019.244300000369549,5723179.434800000861287,7.280297108000070,51.647011370000030,0,05230824701920594965
05,5,62,012,2023,08,09,5,3,9,7,0,0,1,0,0,0,0,358545.144500000402331,5729491.535599999129772,6.953114180000057,51.698526030000039,0,05230824701610246657
05,5,13,000,2023,08,09,5,3,0,7,0,1,0,0,0,0,0,366042.451000000350177,5711681.559100000187755,7.068342933000054,51.540317798000046,0,05230824700000689240
05,5,13,000,2023,08,22,5,3,1,5,2,0,1,0,0,0,1,367700.374900000169873,5709492.110899999737740,7.093058235000058,51.521032942000033,0,05230824700000580917
05,5,70,020,2023,08,15,4,3,1,5,0,0,1,0,0,0,1,432626.458399999886751,5743448.061200000345707,8.022120972000039,51.837780855000062,0,05230823711400054395
05,5,13,000,2023,08,16,2,3,2,6,0,0,1,0,0,0,0,368411.807599999941885,5708666.807299999520183,7.103614772000071,51.513782321000065,0,05230828700000495106
05,5,70,004,2023,08,07,4,3,5,5,0,1,1,0,0,0,0,425501.172000000253320,5735123.345899999141693,7.920510238000077,51.762039331000040,0,05230823711200489448
05,5,66,076,2023,08,13,4,3,5,3,0,1,1,0,0,0,0,392868.107499999925494,5793238.538699999451637,7.429627879000066,52.279062787000043,0,05230823709500042565
05,5,58,032,2023,08,18,4,3,5,3,0,1,1,0,0,0,0,386513.696000000461936,5753505.382999999448657,7.349758430000065,51.920704078000028,0,05230823706000696571
05,5,54,056,2023,08,07,4,3,5,2,0,1,0,0,0,0,1,354734.702100000344217,5762211.877699999138713,6.884271718000036,51.991548398000077,0,05230823705000985275
05,5,54,068,2023,08,16,4,3,5,3,0,0,1,0,1,0,0,351675.142500000074506,5767527.076099999248981,6.837442181000029,52.038494386000082,0,05230823705000985246
05,5,54,020,2023,08,07,4,3,0,3,0,1,1,0,0,0,0,365646.748999999836087,5786693.198999999091029,7.033441143000061,52.214272750000077,0,05230823705000765800
05,5,54,068,2023,08,16,4,3,0,7,0,1,0,0,0,0,0,351481.310999999754131,5767458.565999999642372,6.834648078000043,52.037826977000066,0,05230823705000096683
05,5,15,000,2023,08,15,4,3,5,3,0,1,1,0,0,0,0,407115.154500000178814,5758204.182499999180436,7.647961534000046,51.966757538000081,0,05230823702100970567
05,5,15,000,2023,08,12,4,3,5,3,0,1,1,0,0,0,0,405219.420800000429153,5756539.146900000050664,7.620835063000072,51.951471507000065,0,05230823702100696698
05,5,62,004,2023,08,08,4,3,0,7,0,0,0,0,0,0,1,382817.002600000239909,5712585.038399999961257,7.309808362000069,51.552170188000048,0,05230823701800755812
05,5,62,012,2023,08,16,4,2,0,7,0,0,0,0,0,0,1,359437.676300000399351,5725173.312500000000000,6.967758915000047,51.659947635000037,0,05230823701610551417
05,5,62,012,2023,08,16,4,3,5,3,0,1,1,0,0,0,0,361582.167000000365078,5726495.496999999508262,6.998219529000039,51.672360993000041,0,05230823701610089576
05,5,62,024,2023,08,18,4,3,5,2,0,1,1,0,0,0,0,368301.489500000141561,5725200.149599999189377,7.095822433000023,51.662335781000081,0,05230823701500472384
05,5,12,000,2023,08,16,4,3,5,3,0,1,0,0,0,0,1,357907.854100000113249,5709917.954500000923872,6.951832641000067,51.522481059000029,0,05230823701400479132
05,5,62,020,2023,08,20,4,2,4,6,1,1,0,0,0,0,1,370519.265999999828637,5717696.611999999731779,7.130644352000047,51.595418857000027,0,05230823701200076673
05,5,58,016,2023,08,15,4,3,5,3,0,0,1,0,0,0,0,382226.807900000363588,5743300.181299999356270,7.290932361000046,51.828098275000059,0,05230823706000796571
05,5,70,028,2023,08,14,1,3,5,3,0,1,0,0,0,0,0,441585.024699999950826,5742979.320299999788404,8.152210792000062,51.834575785000027,0,05230827711400091693
05,5,66,048,2023,08,11,5,3,5,3,0,1,1,0,0,0,0,425982.635999999940395,5792163.524000000208616,7.915151300000048,52.274856482000075,0,05230831709700934935
05,5,62,014,2023,08,17,4,3,2,6,0,0,1,0,0,1,0,358992.061300000175834,5714568.840700000524521,6.965586604000066,51.564545611000028,1,05230830701300254265
05,5,70,052,2023,08,09,3,3,0,1,0,0,0,0,1,0,0,429181.997299999929965,5756013.817399999126792,7.969554730000027,51.950316660000055,0,05230822711100739522
05,5,66,048,2023,08,14,3,3,1,5,0,1,1,0,0,0,0,429245.203800000250340,5795728.899299999698997,7.962212246000036,52.307335351000063,0,05230822709700985300
05,5,54,008,2023,08,15,3,3,0,7,0,1,1,0,0,0,0,336257.115899999625981,5744128.028599999845028,6.623983042000020,51.823955792000049,0,05230822705000985306
05,5,54,008,2023,08,21,3,3,0,3,0,1,1,0,0,0,0,335814.598899999633431,5745350.475199999287724,6.616988005000053,51.834807723000040,0,05230822705000981025
05,5,54,020,2023,08,17,3,3,0,3,0,0,1,0,1,0,0,366309.760499999858439,5786238.982899999246001,7.043319034000035,52.210352706000037,0,05230822705000520718
05,5,15,000,2023,08,10,3,2,3,7,0,1,0,0,0,0,1,406175.405399999581277,5757225.861099999397993,7.634553917000062,51.957806111000082,0,05230822702100779182
05,5,15,000,2023,08,12,3,3,5,7,0,1,1,0,0,0,0,406949.229000000283122,5756780.588400000706315,7.645932690000052,51.953933804000030,0,05230822702100579188
05,5,15,000,2023,08,11,3,3,2,7,0,1,1,0,0,0,0,412556.759999999776483,5752747.235999999567866,7.728535971000042,51.918588648000082,0,05230822702100096667
05,5,62,024,2023,08,07,3,2,9,1,0,0,1,0,0,0,0,369835.705500000156462,5723725.030300000682473,7.118541278000066,51.649436869000056,0,05230822701500985342
05,5,62,024,2023,08,11,3,3,1,5,0,0,1,0,0,0,0,370089.640999999828637,5729061.588199999183416,7.120224757000074,51.697453230000065,0,05230822701500600575
05,5,62,032,2023,08,18,3,3,5,2,0,0,1,0,0,0,0,376552.510999999940395,5719739.190099999308586,7.216982671000039,51.615130415000067,0,05230822701110870600
05,5,13,000,2023,08,21,3,3,2,2,1,0,1,0,1,0,0,367986.762000000104308,5712039.642999999225140,7.096228645000053,51.543993888000045,0,05230822700000463447
05,5,13,000,2023,08,18,3,3,4,6,0,1,1,0,0,0,0,366268.935300000011921,5715739.939699999988079,7.070063230000073,51.576842287000034,0,05230822700000095202
05,5,13,000,2023,08,08,3,2,2,2,0,0,1,0,1,0,0,370029.866799999959767,5708512.633799999952316,7.126976812000066,51.512771334000035,0,05230822700000089276
05,5,13,000,2023,08,12,3,3,5,2,0,0,1,0,1,0,0,368112.294999999925494,5713646.476999999955297,7.097435413000028,51.558463355000072,0,05230822700000075468
05,5,13,000,2023,08,08,5,3,5,2,0,0,1,0,0,0,0,366155.953800000250340,5708637.624199999496341,7.071135232000074,51.512990148000029,0,05230824700000667071
05,5,66,032,2023,08,16,2,3,6,7,0,0,1,1,0,0,0,413593.097799999639392,5777389.873400000855327,7.737376691000065,52.140256663000059,0,05230821709800081125
05,5,66,048,2023,08,16,2,3,0,1,0,1,0,0,0,0,0,427850.099000000394881,5796645.853000000119209,7.941556861000038,52.315396266000050,0,05230821709700985360
05,5,66,076,2023,08,12,2,3,0,7,0,0,1,0,0,0,1,392460.453499999828637,5791937.613399999216199,7.424069595000049,52.267291597000053,0,05230821709500977168
05,5,66,012,2023,08,07,2,3,1,7,0,0,1,0,1,0,0,405349.765599999576807,5771426.681399999186397,7.618614892000039,52.085307666000062,0,05230821709110985393
05,5,66,012,2023,08,18,2,3,5,3,0,1,1,0,0,0,0,404925.622499999590218,5773628.113600000739098,7.611812504000056,52.105021829000066,0,05230821709110985353
05,5,54,008,2023,08,17,2,3,3,5,0,1,1,0,0,0,0,336632.784500000067055,5744821.588600000366569,6.629101923000064,51.830296358000055,0,05230821705000985351
05,5,54,044,2023,08,04,2,2,0,7,2,1,0,0,0,0,0,364966.735600000247359,5740512.536299999803305,7.041696892000061,51.799143552000032,0,05230821705000796552
05,5,54,008,2023,08,15,2,3,6,2,0,0,1,1,0,0,0,335717.678700000047684,5745219.624500000849366,6.615644722000070,51.833603739000068,0,05230821705000086830
05,5,15,000,2023,08,09,2,3,5,6,0,1,1,0,0,0,0,405797.442099999636412,5756394.432700000703335,7.629282986000021,51.950268952000044,0,05230821702100576693
05,5,62,012,2023,08,06,2,2,5,3,0,0,1,0,1,0,0,357243.007899999618530,5727842.962600000202656,6.934959558000060,51.683382955000070,0,05230821701610586128
05,5,12,000,2023,08,17,2,3,5,3,0,1,1,0,0,0,0,354321.180999999865890,5711256.821000000461936,6.899616213000058,51.533597935000046,0,05230821701400214020
05,5,62,032,2023,08,13,2,3,5,7,0,1,0,0,0,0,1,374919.485700000077486,5719440.869599999859929,7.193515032000050,51.612088900000060,0,05230821701110275698
05,5,13,000,2023,08,16,2,3,6,7,0,0,1,1,0,0,0,369742.578700000420213,5708768.547399999573827,7.122744474000058,51.515005036000048,0,05230821700000789560
05,5,70,004,2023,09,11,4,3,0,7,0,1,0,0,0,0,0,424509.345099999569356,5734300.987400000914931,7.906320081000047,51.754513744000064,0,05230913711200096160
05,5,66,084,2023,09,07,4,3,6,7,0,1,0,1,0,0,0,386044.658200000412762,5778697.028899999335408,7.334547906000068,52.147008731000028,0,05230913709300774742
05,5,54,012,2023,09,11,4,3,0,1,0,1,0,0,0,0,0,352476.696999999694526,5745038.800000000745058,6.858764554000061,51.836656856000047,1,05230913705000238825
05,5,15,000,2023,09,09,4,3,0,3,0,1,0,0,0,0,1,405107.242999999783933,5756665.733999999240041,7.619168307000052,51.952590196000074,0,05230913702100042495
05,5,62,024,2023,09,18,4,3,8,7,1,0,1,0,0,0,0,369947.837600000202656,5724389.174300000071526,7.119914156000050,51.655431246000035,0,05230913701500399316
05,5,62,024,2023,09,07,4,3,5,3,0,1,1,0,0,0,0,368596.819500000216067,5725558.201199999079108,7.099955331000046,51.665622553000048,1,05230913701500119497
05,5,62,032,2023,09,07,4,3,0,1,1,0,0,0,1,0,0,376033.217899999581277,5720260.369500000029802,7.209301799000059,51.619700215000080,1,05230913701110984334
05,5,70,052,2023,09,07,3,3,2,6,1,0,1,0,0,0,0,430028.959900000132620,5756551.299799999222159,7.981766994000054,51.955255615000056,1,05230912711100196700
05,5,66,076,2023,09,07,3,3,4,3,0,1,1,0,0,0,0,394532.894100000150502,5793614.790999999269843,7.453903416000060,52.282766191000064,0,05230912709500802282
05,5,66,076,2023,09,05,3,3,5,3,2,1,1,0,0,0,0,393592.553000000305474,5795712.033999999985099,7.439461612000059,52.301433237000026,1,05230912709500069126
05,5,66,012,2023,09,13,3,3,1,1,0,1,1,0,0,0,0,405239.829300000332296,5772371.191999999806285,7.616748383000072,52.093778306000047,0,05230912709110853167
05,5,66,012,2023,09,11,3,3,6,2,0,0,1,1,0,0,0,404572.968999999575317,5772459.366000000387430,7.606992375000061,52.094456229000059,0,05230912709110679151
05,5,58,044,2023,09,15,3,3,0,2,0,0,1,1,0,0,0,395519.665900000371039,5746284.485200000926852,7.482852725000043,51.857565679000061,0,05230912706300035117
05,5,58,016,2023,09,06,3,3,0,3,1,1,1,0,0,0,0,379940.661000000312924,5744614.524000000208616,7.257317289000071,51.839423715000066,1,05230912706000074647
05,5,54,020,2023,09,14,3,3,6,4,0,0,1,1,0,0,0,364989.098799999803305,5786224.465299999341369,7.024008107000043,52.209900299000026,0,05230912705000984375
05,5,54,048,2023,09,05,3,3,0,1,1,1,0,0,0,0,0,341270.905000000260770,5745839.301999999210238,6.695887108000022,51.840776502000040,1,05230912705000795950
05,5,54,012,2023,09,15,3,3,1,7,0,0,1,0,0,0,0,351914.265800000168383,5745651.964099999517202,6.850344833000065,51.842017218000080,0,05230912705000395046
05,5,62,008,2023,09,18,3,3,5,3,1,1,0,0,1,0,0,384464.406000000424683,5722243.895999999716878,7.330377989000056,51.639321514000073,0,05230912701910699274
05,5,62,004,2023,09,08,3,3,6,4,0,0,1,1,0,0,0,383234.206000000238419,5717885.347899999469519,7.314061052000056,51.599894379000034,1,05230912701800049723
05,5,12,000,2023,09,10,3,3,1,5,0,0,1,0,0,0,0,360122.479399999603629,5710014.167199999094009,6.983695417000035,51.523898453000072,0,05230912701400096050
05,5,62,032,2023,09,06,3,3,5,3,1,0,0,0,1,1,0,374166.850700000301003,5713876.819099999964237,7.184645495000041,51.561916662000044,1,05230912701120875230
05,5,13,000,2023,09,17,3,3,1,5,0,0,1,0,0,0,1,366960.626099999994040,5709427.473799999803305,7.082426446000056,51.520278313000063,0,05230912700000980911
05,5,66,040,2023,09,22,2,3,5,3,2,0,1,0,0,0,0,421285.997800000011921,5782893.063200000673532,7.848487326000054,52.190873955000029,0,05230911709800984401
05,5,66,040,2023,09,16,2,3,0,6,0,1,1,0,0,0,0,421347.394999999552965,5782385.096400000154972,7.849503189000075,52.186316676000047,0,05230911709800096660
05,5,66,076,2023,09,14,2,3,0,3,0,1,1,0,0,0,0,392815.580900000408292,5792891.710899999365211,7.428968487000077,52.275935554000057,0,05230911709500396953
05,5,66,076,2023,09,12,2,3,0,1,0,1,0,0,0,0,0,392151.890399999916553,5792409.829800000414252,7.419398683000054,52.271475038000062,0,05230911709500376615
05,5,54,004,2023,09,16,2,2,8,7,0,0,1,0,1,0,0,363287.805999999865890,5771386.259999999776483,7.005093117000058,52.076155624000080,0,05230911705000579132
05,5,54,068,2023,09,05,2,3,5,3,2,1,1,0,0,0,0,350577.072999999858439,5766905.803999999538064,6.821716354000046,52.032617822000077,0,05230911705000547428
05,5,54,020,2023,09,07,2,3,0,1,0,1,0,0,0,0,0,366969.814899999648333,5787202.584599999710917,7.052594739000028,52.219170814000051,0,05230911705000447520
05,5,54,020,2023,09,16,2,3,7,1,0,1,0,0,0,0,0,364163.711000000126660,5787573.966000000014901,7.011394116000076,52.221823022000081,0,05230911705000320881
05,5,15,000,2023,09,18,2,3,5,3,0,1,0,0,0,0,0,407457.044700000435114,5757913.125099999830127,7.653015063000055,51.964198385000032,0,05230911702100984413
05,5,15,000,2023,09,07,2,3,1,5,0,1,1,0,0,0,0,407050.339999999850988,5756673.929999999701977,7.647432457000036,51.952992011000049,0,05230911702100278182
05,5,62,024,2023,09,18,2,3,5,3,0,1,1,0,0,0,0,367978.129900000058115,5724940.364399999380112,7.091248020000023,51.659925354000052,0,05230911701500355785
05,5,66,076,2023,09,02,1,3,0,7,2,0,1,1,0,0,0,393348.011500000022352,5793017.105799999088049,7.436729652000054,52.277166048000026,0,05230910709500896542
05,5,54,004,2023,09,19,1,2,7,3,1,0,1,0,1,0,0,363053.593999999575317,5771316.269300000742078,7.001705829000059,52.075468859000068,0,05230910705000879192
05,5,54,044,2023,09,20,1,2,0,7,2,1,0,1,0,0,0,368779.748499999754131,5745286.426899999380112,7.095152284000051,51.842950676000044,0,05230910705000687245
05,5,54,048,2023,09,03,1,3,8,5,2,1,1,0,0,0,0,340655.564199999906123,5745472.136800000444055,6.687131765000061,51.837302700000066,0,05230910705000676721
05,5,70,052,2023,09,15,7,3,5,3,0,0,1,0,0,0,0,428859.771599999628961,5753378.898399999365211,7.965412017000062,51.926588709000043,0,05230909711100251246
05,5,66,036,2023,09,09,7,3,3,6,0,1,0,0,0,0,0,386152.114599999971688,5768361.895400000736117,7.339571182000043,52.054148865000059,0,05230909709300081770
05,5,66,008,2023,09,15,7,3,7,1,0,1,0,0,0,0,0,399557.654000000096858,5781478.204800000414252,7.531141922000074,52.174628126000073,0,05230909709110453167
05,5,58,024,2023,09,12,7,3,5,3,0,1,0,0,0,0,0,392696.140999999828637,5736940.020999999716878,7.444763359000035,51.773042608000026,0,05230909706300984533
05,5,54,012,2023,09,15,7,3,3,6,0,0,1,0,0,0,1,352737.029099999926984,5746566.977199999615550,6.861889643000040,51.850456130000055,0,05230909705000891248
05,5,15,000,2023,09,12,7,3,1,5,0,1,1,0,0,0,0,405637.197999999858439,5757166.697000000625849,7.626739964000024,51.957183244000078,0,05230909702100984532
05,5,15,000,2023,09,21,7,2,0,7,2,0,0,0,0,0,1,398592.235000000335276,5753508.822000000625849,7.525328824000042,51.923065905000044,0,05230909702100091701
05,5,12,000,2023,09,08,7,3,5,2,0,1,1,0,0,0,0,360014.154099999926984,5709349.713899999856949,6.982398937000028,51.517900760000032,0,05230909701400399914
05,5,13,000,2023,09,12,7,3,1,5,0,0,1,0,0,0,0,366959.585400000214577,5709426.917700000107288,7.082411665000052,51.520273071000076,0,05230909700000579011
05,5,66,008,2023,09,07,2,3,6,6,0,1,0,1,0,0,1,398340.741600000299513,5781584.448300000280142,7.513320536000037,52.175360139000077,0,05230911709110279618
05,5,70,020,2023,09,07,6,3,5,3,0,1,1,0,0,0,0,433799.953700000420213,5744213.470599999651313,8.039004308000074,51.844802187000028,0,05230908711400294414
05,5,70,008,2023,09,21,6,2,8,1,2,0,0,0,1,0,0,438501.525999999605119,5732960.892999999225140,8.109241071000042,51.744177161000039,0,05230908711300984555
05,5,66,076,2023,09,10,6,3,0,1,0,0,0,0,1,0,0,394954.202499999664724,5794864.648000000044703,7.459687556000063,52.294079670000031,0,05230908709500664316