ULAND,UREGBEZ,UKREIS,UGEMEINDE,UJAHR,UMONAT,USTUNDE,UWOCHENTAG,UKATEGORIE,UART,UTYP1,ULICHTVERH,IstRad,IstPKW,IstFuss,IstKrad,IstGkfz,IstSonstige,LINREFX,LINREFY,XGCSWGS84,YGCSWGS84,STRZUSTAND,UIDENTSTLAE
05,5,66,060,2023,09,10,6,3,0,7,0,1,1,0,0,0,0,390145.722000000067055,5786609.769999999552965,7.391895109000075,52.218952558000069,0,05230908709500496635
05,5,66,076,2023,09,22,6,3,6,4,2,0,1,1,0,0,0,393744.338999999687076,5794130.005999999120831,7.442185774000052,52.287244651000037,0,05230908709500002282
05,5,66,012,2023,09,20,6,3,8,1,2,0,1,0,0,0,1,399637.091400000266731,5776260.000000000000000,7.533844920000035,52.127742519000037,0,05230908709110096547
05,5,58,008,2023,09,19,6,3,6,7,0,0,1,0,0,0,1,383084.556900000199676,5760266.226800000295043,7.297617747000061,51.980754777000072,0,05230908706200070571
05,5,54,044,2023,09,13,6,3,0,3,0,0,1,0,0,0,0,365551.943500000052154,5741056.201600000262260,7.049967648000063,51.804169951000063,0,05230908705000495046
05,5,54,012,2023,09,10,6,3,5,3,0,1,1,0,0,0,0,352495.738599999807775,5753135.680700000375509,6.855581634000032,51.909411232000082,0,05230908705000108065
05,5,15,000,2023,09,22,6,3,8,1,2,0,1,0,0,0,0,407162.670599999837577,5753099.185699999332428,7.650031421000051,51.920878986000048,0,05230908702100855910
05,5,15,000,2023,09,18,6,2,0,7,0,1,0,0,0,0,1,407071.213700000196695,5759855.351900000125170,7.646875046000048,51.981591712000068,0,05230908702100668135
05,5,62,028,2023,09,12,6,3,1,5,0,0,1,0,1,0,0,379206.660099999979138,5722981.026900000870228,7.254180214000030,51.644841743000029,0,05230908701920689735
05,5,62,008,2023,09,15,6,3,0,1,0,1,0,0,0,0,0,385271.851200000382960,5723603.343499999493361,7.341595378000022,51.651705156000048,0,05230908701910994975
05,5,12,000,2023,09,13,6,3,5,2,0,0,1,0,0,0,1,356379.795599999837577,5719158.239700000733137,6.926046619000033,51.605125413000053,0,05230908701400889547
05,5,66,068,2023,09,21,4,2,0,3,2,1,0,0,0,0,1,376526.023699999786913,5784890.959799999371171,7.193251172000032,52.200622963000058,0,05230913709000081050
05,5,12,000,2023,09,06,6,3,1,5,1,0,1,0,0,0,1,355079.474200000055134,5708655.747099999338388,6.911611179000033,51.510420586000066,0,05230908701400881307
05,5,62,014,2023,09,15,6,3,2,2,0,0,1,0,1,0,0,358970.912700000219047,5717447.134299999102950,6.964125952000074,51.590404468000031,0,05230908701300396050
05,5,13,000,2023,09,15,6,3,0,7,0,0,0,0,0,1,0,368528.355999999679625,5711060.711899999529123,7.104400042000066,51.535322917000030,0,05230908700000271535
05,5,13,000,2023,09,12,3,2,0,5,0,0,1,0,0,0,0,367471.420699999667704,5709054.291899999603629,7.089924754000037,51.517044720000058,0,05230912700000789276
05,5,66,068,2023,09,17,5,3,0,6,0,1,1,0,0,0,0,376465.628100000321865,5785899.496200000867248,7.191999992000035,52.209672307000062,0,05230907709300935084
05,5,54,008,2023,09,08,5,3,2,6,0,1,0,0,0,0,0,335705.790799999609590,5744789.823999999091029,6.615676362000045,51.829739162000067,0,05230907705000820854
05,5,54,008,2023,09,10,5,3,5,3,0,1,1,0,0,0,0,336088.553399999625981,5746729.647900000214577,6.620307023000066,51.847277899000062,0,05230907705000695988
05,5,54,008,2023,09,16,5,3,5,2,0,1,1,0,0,0,0,336646.461099999956787,5745691.831000000238419,6.628889441000069,51.838118187000077,0,05230907705000491777
05,5,54,040,2023,09,15,5,3,1,5,0,1,1,0,0,0,0,351210.419700000435114,5737272.132799999788404,6.843732177000049,51.766538377000074,0,05230907705000481132
05,5,15,000,2023,09,13,5,3,0,1,0,1,0,0,0,0,0,408896.181200000457466,5754263.544700000435114,7.674923224000054,51.931631365000044,0,05230907702100091750
05,5,13,000,2023,09,16,5,3,0,3,0,0,1,0,1,0,0,369718.490299999713898,5708753.050200000405312,7.122403243000065,51.514860210000052,0,05230907700000975760
05,5,13,000,2023,09,19,5,3,0,1,0,1,0,0,0,0,0,365197.709999999962747,5715828.342000000178814,7.054579493000062,51.577381557000081,0,05230907700000681384
05,5,62,032,2023,09,19,4,3,1,5,0,1,1,0,0,0,1,380769.924800000153482,5718432.247600000351667,7.278311378000069,51.604293368000071,0,05230913701110899306
05,5,66,028,2023,09,07,4,3,5,3,0,1,1,0,0,0,0,413580.065000000409782,5791868.823000000789762,7.733491017000063,52.270397961000072,0,05230906709700172367
05,5,66,060,2023,09,08,4,3,0,1,0,1,0,0,0,0,0,389310.946899999864399,5789429.209300000220537,7.378757490000055,52.244123773000069,0,05230906709500538488
05,5,66,076,2023,09,07,4,3,5,3,0,1,1,0,0,0,0,395191.649000000208616,5791932.157999999821186,7.464079598000069,52.267769872000031,0,05230906709500074705
05,5,66,012,2023,09,13,4,3,7,6,0,1,0,0,0,0,0,403253.300400000065565,5772603.252299999818206,7.587693798000032,52.095520333000081,0,05230906709110372342
05,5,58,032,2023,09,15,4,3,1,5,0,1,1,0,0,0,0,391866.743099999614060,5750746.560300000011921,7.428432305000058,51.896973910000042,0,05230906706000376632
05,5,15,000,2023,09,09,4,3,0,7,0,1,0,0,0,0,0,405257.910099999979138,5754751.510999999940395,7.621887538000067,51.935410004000062,0,05230906702100691833
05,5,15,000,2023,09,08,4,3,0,7,0,0,1,0,0,0,0,405495.877600000239909,5751239.644700000062585,7.626311860000044,51.903884079000079,0,05230906702100074122
05,5,62,004,2023,09,14,4,2,8,1,0,0,0,0,1,0,0,383894.427899999544024,5716096.456399999558926,7.324181237000062,51.583952786000054,0,05230906701800786823
05,5,62,012,2023,09,09,4,2,5,3,0,1,1,0,0,0,0,358934.883700000122190,5726329.463700000196695,6.960027816000036,51.670210576000045,0,05230906701610984725
05,5,62,014,2023,09,19,4,3,0,7,0,1,0,1,0,0,0,358998.230399999767542,5717458.759500000625849,6.964515368000036,51.590515768000046,0,05230906701300981644
05,5,62,032,2023,09,07,4,3,5,3,0,1,1,0,0,0,0,376017.042100000195205,5714675.544399999082088,7.211041737000073,51.569504766000080,0,05230906701120984728
05,5,13,000,2023,09,12,4,3,0,6,0,0,1,0,0,0,1,366679.530500000342727,5712158.050100000575185,7.077343481000071,51.544750669000052,0,05230906700000689347
05,5,13,000,2023,09,15,4,3,5,3,0,1,1,0,0,0,0,366949.043600000441074,5710829.699799999594688,7.081729960000075,51.532876891000058,0,05230906700000578123
05,5,13,000,2023,09,06,4,3,5,3,0,1,1,0,0,0,0,363711.537899999879301,5715358.577500000596046,7.033327356000029,51.572802745000047,0,05230906700000575940
05,5,62,032,2023,09,16,6,3,2,6,0,0,1,0,0,0,0,375396.002199999988079,5714584.083399999886751,7.202117881000049,51.568545885000049,0,05230908701120984564
05,5,70,004,2023,09,23,4,2,0,1,2,1,0,0,0,0,0,423450.584699999541044,5735429.403699999675155,7.890735672000062,51.764514098000063,0,05230913711200591707
05,5,70,004,2023,09,16,3,3,3,6,0,1,0,0,0,0,1,425146.850999999791384,5736671.760600000619888,7.915043396000044,51.775911862000044,0,05230905711200591270
05,5,70,052,2023,09,14,3,3,5,2,0,1,0,0,0,0,0,430270.084699999541044,5756317.454800000414252,7.985322752000059,51.953183726000077,0,05230905711100853160
05,5,66,076,2023,09,07,3,3,4,1,0,1,0,0,0,0,0,395404.145100000314415,5793727.900200000032783,7.466635454000027,52.283949229000029,0,05230905709500606920
05,5,66,008,2023,09,14,3,3,0,1,0,1,0,0,0,0,0,399307.525999999605119,5781303.028000000864267,7.527537378000034,52.173008096000046,0,05230905709110879618
05,5,54,004,2023,09,17,3,2,1,3,0,0,1,0,1,0,0,363887.451000000350177,5771954.540999999269843,7.013610715000027,52.081409593000046,0,05230905705000984751
05,5,54,008,2023,09,11,3,3,6,5,0,0,1,1,0,0,0,335170.964399999938905,5746451.560900000855327,6.607130364000056,51.844509615000050,0,05230905705000796584
05,5,15,000,2023,09,16,3,3,1,1,0,1,0,0,0,0,1,407184.910099999979138,5757331.649199999868870,7.649212401000057,51.958926411000050,0,05230905702100957530
05,5,15,000,2023,09,13,3,3,0,6,0,1,0,0,0,0,0,407267.502700000070035,5756489.462999999523163,7.650641354000072,51.951370175000079,0,05230905702100954104
05,5,15,000,2023,09,17,3,3,5,3,0,0,1,0,1,0,0,405218.796000000089407,5756540.981000000610948,7.620825469000067,51.951487886000052,0,05230905702100081010
05,5,62,032,2023,09,13,3,3,1,5,0,1,1,0,0,0,0,377420.407700000330806,5715825.898099999874830,7.230879109000057,51.580150210000056,0,05230905701120984770
05,5,13,000,2023,09,19,3,3,5,3,0,1,1,0,0,0,0,364068.112999999895692,5714515.209000000730157,7.038795812000046,51.565310027000066,0,05230905700000598873
05,5,54,008,2023,09,10,7,3,8,7,0,1,1,0,0,0,0,335411.354700000025332,5745244.849300000816584,6.611190977000035,51.833740172000034,0,05230909705000768276
05,5,70,052,2023,09,19,3,3,5,7,1,1,1,0,0,0,0,430067.686999999918044,5756629.236999999731779,7.982314599000063,51.955961111000079,0,05230912711100751246
05,5,62,016,2023,09,07,3,3,5,3,0,1,1,0,0,0,0,374837.257600000128150,5734330.907099999487400,7.186990446000038,51.745886794000057,0,05230905701700647522
05,5,70,008,2023,09,15,2,3,1,5,0,1,1,0,0,0,0,432767.760200000368059,5739621.169299999251962,8.024914569000032,51.803394395000055,0,05230904711300984811
05,5,70,004,2023,09,09,2,3,5,3,0,0,1,0,0,0,0,423576.754999999888241,5734902.856200000271201,7.892679431000033,51.759797860000049,0,05230904711200089383
05,5,66,076,2023,09,07,2,3,1,1,0,1,1,0,0,0,0,396029.728400000371039,5787288.588400000706315,7.477785794000056,52.226195338000082,0,05230904709500538807
05,5,66,076,2023,09,15,2,3,0,7,0,1,0,1,0,0,0,394275.263500000350177,5794791.962400000542402,7.449758857000063,52.293296198000064,0,05230904709500376744
05,5,58,024,2023,09,11,2,2,9,1,0,0,1,0,0,0,0,389964.519299999810755,5733543.594299999997020,7.406263478000028,51.741985727000042,0,05230904706000096571
05,5,15,000,2023,09,14,2,2,4,6,0,1,0,0,0,0,0,404633.584300000220537,5755421.628100000321865,7.612623187000054,51.941326655000069,0,05230904702100857493
05,5,15,000,2023,09,07,2,3,1,5,0,0,1,0,0,0,1,405281.554999999701977,5756569.178799999877810,7.621730626000044,51.951752031000069,0,05230904702100442023
05,5,15,000,2023,09,12,2,2,0,7,0,1,0,1,0,0,0,405366.808799999766052,5759324.879699999466538,7.622211405000030,51.976535922000039,0,05230904702100081074
05,5,62,012,2023,09,18,2,3,5,3,0,1,1,0,0,0,0,360422.591000000014901,5726147.729199999943376,6.981600010000022,51.668949095000073,0,05230904701610689700
05,5,12,000,2023,09,07,2,3,5,3,0,0,1,0,0,0,1,356613.256199999712408,5710698.749099999666214,6.932867040000076,51.529169975000059,0,05230904701400889547
05,5,12,000,2023,09,19,2,3,5,2,0,1,1,0,0,0,0,357421.308199999853969,5711306.400599999353290,6.944262194000032,51.534834873000079,0,05230904701400065430
05,5,62,014,2023,09,14,2,3,1,5,0,1,1,0,0,0,0,359918.282999999821186,5717864.676000000908971,6.977626165000061,51.594392821000042,0,05230904701300565430
05,5,54,008,2023,09,11,7,2,0,1,0,0,0,0,0,0,1,335683.449300000444055,5747821.859400000423193,6.613912017000075,51.856970581000041,0,05230909705000495050
05,5,70,004,2023,09,23,1,3,0,1,2,1,0,0,0,0,0,423788.539900000207126,5735370.106000000610948,7.895644947000051,51.764027137000028,0,05230910711200984447
05,5,13,000,2023,09,13,6,3,6,4,0,0,1,1,0,0,0,368504.644999999552965,5708057.896999999880791,7.105179015000033,51.508331789000067,0,05230908700000798888
05,5,70,008,2023,09,16,1,3,6,1,0,0,0,1,0,0,1,433824.160600000061095,5734453.991699999198318,8.041218646000061,51.757067323000058,0,05230903711300091400
05,5,70,004,2023,09,21,1,3,9,1,1,1,0,0,0,0,0,425188.110799999907613,5735257.164599999785423,7.915946034000058,51.763200583000071,0,05230903711200991770
05,5,66,028,2023,09,06,1,3,0,1,1,1,0,0,0,0,0,411456.917600000277162,5793344.297000000253320,7.701996801000064,52.283322068000075,0,05230903709700984868
05,5,66,004,2023,09,17,1,3,0,1,0,0,0,0,0,0,1,395720.801300000399351,5767691.047800000756979,7.479276026000036,52.050002771000038,0,05230903709110984847
05,5,58,024,2023,09,18,1,2,0,1,0,1,0,0,0,0,0,393941.631000000052154,5736701.066999999806285,7.462881125000024,51.771132251000040,0,05230903706300794956
05,5,15,000,2023,09,02,1,3,0,7,2,0,0,0,0,0,1,405970.241000000387430,5758597.153000000864267,7.631193574000065,51.970097239000040,0,05230903702100573310
05,5,70,008,2023,09,12,4,3,5,2,0,0,1,0,0,0,0,433446.896999999880791,5734853.653000000864267,8.035676997000053,51.760615594000058,0,05230927711300983574
05,5,70,052,2023,09,15,4,3,5,3,0,0,1,0,0,0,0,429964.745000000111759,5756419.689999999478459,7.980859511000062,51.954064411000047,0,05230927711100387307
05,5,66,076,2023,09,15,4,3,2,1,0,0,1,0,1,0,0,393705.922299999743700,5792890.982999999076128,7.442013442000075,52.276101875000052,0,05230927709500979180
05,5,66,076,2023,09,15,4,3,4,5,0,1,1,0,0,0,0,394500.065899999812245,5791175.212600000202656,7.454185383000038,52.260834753000040,0,05230927709500079231
05,5,58,008,2023,09,20,4,3,2,6,1,1,0,0,1,0,0,381847.664200000464916,5760370.106599999591708,7.279580558000021,51.981426690000035,0,05230927706200070571
05,5,58,016,2023,09,11,4,3,1,6,0,0,1,0,0,0,0,380647.030500000342727,5744490.245899999514222,7.267608172000052,51.838458235000076,0,05230927706000076254
05,5,54,008,2023,09,13,4,3,5,2,0,1,1,0,0,0,0,335677.620699999853969,5745369.385700000450015,6.614992761000053,51.834937324000066,0,05230927705000582336
05,5,54,020,2023,09,07,4,3,5,3,0,1,1,0,0,0,0,365052.863699999637902,5785648.334699999541044,7.025170367000044,52.204739214000028,0,05230927705000420881
05,5,15,000,2023,09,13,4,3,0,1,0,1,0,0,0,0,0,405424.930700000375509,5757588.560100000351667,7.623535659000026,51.960939067000027,0,05230927702100983568
05,5,62,028,2023,09,09,4,3,6,7,0,0,1,1,0,0,0,379913.519100000150502,5721757.065799999982119,7.264811347000034,51.633992932000069,0,05230927701920170164
05,5,13,000,2023,09,12,4,3,2,6,0,0,1,0,0,0,0,367732.488900000229478,5706597.914999999105930,7.094606429000066,51.495031089000065,0,05230927700000875760
05,5,13,000,2023,09,08,4,3,5,3,0,0,1,0,0,0,0,366460.079699999652803,5713859.349099999293685,7.073534707000022,51.559987612000043,0,05230927700000081310
05,5,70,008,2023,09,09,3,3,5,3,0,1,1,0,0,0,0,432743.065700000151992,5735078.444599999114871,8.025436885000033,51.762552380000045,0,05230926711300190830
05,5,70,004,2023,09,11,3,3,1,5,0,0,1,0,0,0,0,425173.885599999688566,5729396.602099999785423,7.917000204000033,51.710513671000058,0,05230926711200689448
05,5,66,028,2023,09,17,3,3,7,1,0,0,1,0,0,0,1,411629.580400000326335,5792713.980399999767542,7.704692483000031,52.277684428000043,0,05230926709700648421
05,5,66,076,2023,09,05,3,3,4,6,2,1,0,0,0,0,0,393414.781999999657273,5793119.160000000149012,7.437675700000057,52.278096177000066,0,05230926709500079231
05,5,66,084,2023,09,11,3,3,5,3,0,1,1,0,0,0,0,386344.373200000263751,5778058.216900000348687,7.339139874000068,52.141329512000027,0,05230926709300681015
05,5,66,012,2023,09,11,3,3,0,1,0,1,1,0,0,0,0,405635.303299999795854,5772282.248099999502301,7.622544089000030,52.093046442000059,0,05230926709110176670
05,5,58,040,2023,09,13,3,3,1,1,0,1,0,0,0,0,1,377179.099299999885261,5764319.477900000289083,7.210221358000069,52.015905623000037,0,05230926706200983623
05,5,15,000,2023,09,15,3,3,0,3,0,0,1,0,1,0,0,404433.290500000119209,5758402.323599999770522,7.608881241000063,51.968083903000036,0,05230926702100770512
05,5,15,000,2023,09,15,3,3,5,3,0,1,1,0,0,0,0,405433.079900000244379,5751955.453800000250340,7.625202869000020,51.910307481000075,0,05230926702100472447
05,5,62,024,2023,09,15,3,3,2,6,0,0,1,0,0,0,0,368001.219800000078976,5724959.482999999076128,7.091574431000026,51.660102587000040,0,05230926701500872330
05,5,62,014,2023,09,15,3,3,5,3,0,0,1,0,0,0,0,360680.336199999786913,5715622.159800000488758,6.989510584000072,51.574430422000034,0,05230926701300194388
05,5,70,004,2023,09,16,2,3,5,3,0,1,0,0,0,0,1,423269.207000000402331,5734689.825999999418855,7.888271209000038,51.757840740000063,0,05230925711200591770
05,5,66,028,2023,09,18,2,3,1,5,1,1,1,0,0,0,1,410881.574900000356138,5793113.835000000894070,7.693625824000037,52.281157643000029,0,05230925709700191642
05,5,58,016,2023,09,09,2,3,5,2,0,1,1,0,0,0,0,379945.216000000014901,5744618.782600000500679,7.257381894000048,51.839462966000042,0,05230925706100136380
05,5,54,056,2023,09,15,2,3,5,3,0,1,1,0,0,0,0,355748.615000000223517,5761519.004599999636412,6.899319596000055,51.985587233000047,0,05230925705000391695
05,5,62,004,2023,09,08,2,3,5,3,0,1,1,0,0,0,0,383373.737300000153482,5717230.841199999675155,7.316292345000022,51.594040785000061,0,05230925701800089642
05,5,62,014,2023,09,11,2,3,1,5,0,1,1,0,0,0,0,360461.688900000415742,5714914.596999999135733,6.986638438000057,51.568018144000064,0,05230925701300215860
05,5,62,032,2023,09,16,2,3,6,7,0,1,0,1,0,0,0,374183.360899999737740,5715085.058399999514222,7.184450975000061,51.572778921000065,0,05230925701120469388
05,5,13,000,2023,09,19,2,3,5,3,1,1,1,0,0,0,0,364833.156999999657273,5716174.430999999865890,7.049188464000054,51.580404350000038,0,05230925700000081500
05,5,15,000,2023,09,16,3,3,6,2,0,0,1,1,0,0,0,403900.394000000320375,5761556.403000000864267,7.600243061000072,51.996341845000074,0,05230926702100474710
05,5,66,008,2023,09,17,1,3,0,2,0,1,0,0,0,0,0,400545.127000000327826,5780869.083000000566244,7.545756111000060,52.169332340000039,0,05230924709110291754
05,5,54,008,2023,09,11,1,3,5,3,0,1,0,0,0,0,0,335461.463000000454485,5746853.865900000557303,6.611152241000070,51.848209348000069,0,05230924705000983697
05,5,54,020,2023,09,21,1,3,5,3,2,0,1,0,0,0,0,363922.154600000008941,5786638.710599999874830,7.008236195000052,52.213359960000048,0,05230924705000983692
05,5,15,000,2023,09,19,1,1,6,7,0,0,1,1,0,0,0,410107.512600000016391,5752284.626299999654293,7.693053444000043,51.914040356000044,0,05230924702100891784
05,5,62,004,2023,09,17,1,2,5,3,0,0,1,0,0,0,1,384201.126099999994040,5712059.848099999129772,7.329936007000072,51.547735663000026,0,05230924701800671552
05,5,66,096,2023,09,23,7,3,3,1,2,1,1,0,0,0,0,384872.437800000421703,5785689.319299999624491,7.315050439000061,52.209603947000062,0,05230923709300478430
05,5,15,000,2023,09,12,7,2,0,7,0,1,0,0,0,0,0,405396.708700000308454,5758042.653100000694394,7.622999953000033,51.965015843000060,0,05230923702100081074
05,5,12,000,2023,09,13,7,3,0,4,0,1,0,1,0,0,0,356333.927899999544024,5709486.325500000268221,6.929337327000042,51.518204365000031,0,05230923701400198910
05,5,62,032,2023,09,17,7,3,3,6,0,1,1,0,0,0,0,376553.569299999624491,5715655.318099999800324,7.218434978000062,51.578427973000032,0,05230923701120889940
05,5,62,032,2023,09,12,7,2,5,3,0,0,1,0,0,0,0,380415.758100000210106,5718433.987299999222159,7.273199096000042,51.604233906000047,0,05230923701110999337
05,5,70,004,2023,09,05,6,2,5,3,2,1,0,0,0,0,0,424051.534900000318885,5735235.813599999994040,7.899484518000065,51.762855630000047,0,05230922711200389448
05,5,66,076,2023,09,10,6,3,6,7,0,0,0,1,0,1,0,393363.212000000290573,5797571.642999999225140,7.435510326000042,52.318101309000042,0,05230922709500012450
05,5,66,084,2023,09,20,6,3,6,4,2,0,1,1,0,0,0,390014.583800000138581,5775837.085000000894070,7.393468110000072,52.122110636000059,0,05230922709300462077
05,5,58,012,2023,09,05,6,3,0,6,2,1,0,0,0,0,0,374056.552899999544024,5756646.752100000157952,7.167560179000077,51.946255720000067,0,05230922706000165764
05,5,54,012,2023,09,15,6,3,5,3,0,1,1,0,0,0,0,353569.095900000073016,5746029.866900000721216,6.874188876000062,51.845849072000078,0,05230922705000972212
05,5,54,028,2023,09,16,6,3,3,6,0,1,0,0,0,0,0,357514.150000000372529,5743873.781400000676513,6.932308292000073,51.827496625000038,0,05230922705000580994
05,5,54,008,2023,09,14,6,3,4,2,0,1,1,0,0,0,0,337865.551400000229478,5745524.975600000470877,6.646646807000025,51.836974453000039,0,05230922705000391777
05,5,15,000,2023,09,18,6,3,5,3,0,1,1,0,0,0,0,403606.395999999716878,5754834.383999999612570,7.597849201000031,51.935871282000051,0,05230922702100064161
05,5,62,004,2023,09,13,6,3,0,7,0,1,0,0,0,0,0,383683.321100000292063,5717969.264599999412894,7.320514828000057,51.600741529000061,0,05230922701800979388
05,5,62,004,2023,09,18,6,3,6,2,0,0,1,1,0,0,0,382724.380099999718368,5712076.099799999967217,7.308642721000069,51.547576740000068,1,05230922701800889604
05,5,12,000,2023,09,09,6,3,5,3,0,0,1,0,0,0,0,356849.314000000245869,5718590.601999999955297,6.933053650000033,51.600144331000081,0,05230922701400983833
05,5,62,020,2023,09,17,6,2,0,1,0,1,0,0,0,0,0,371786.365000000223517,5715235.762000000104308,7.149826268000027,51.573593259000063,0,05230922701200983806
05,5,13,000,2023,09,15,6,3,5,2,0,1,1,0,0,0,0,368073.501500000245869,5708549.771500000730157,7.098785951000025,51.512651652000045,0,05230922700000595170
05,5,13,000,2023,09,20,6,3,0,1,2,0,0,0,1,0,0,365935.593799999915063,5709155.966000000014901,7.067764354000076,51.517596026000035,1,05230922700000299216
05,5,70,028,2023,09,16,5,3,5,3,0,1,0,0,0,0,0,441011.582399999722838,5741800.820499999448657,8.144090158000040,51.823920543000042,0,05230921711400054395
05,5,70,008,2023,09,08,5,3,5,3,0,0,1,0,0,0,0,433106.921699999831617,5738078.949899999424815,8.030130256000064,51.789570553000033,0,05230921711300290830
05,5,66,076,2023,09,05,5,3,7,5,2,1,1,0,0,0,0,395725.606300000101328,5793766.684000000357628,7.471334223000042,52.284358875000066,0,05230921709500979128
05,5,66,076,2023,09,07,5,3,5,7,1,1,0,0,0,0,0,393672.400500000454485,5793428.422199999913573,7.441352820000077,52.280925468000078,0,05230921709500906920
05,5,66,012,2023,09,08,5,2,5,3,0,1,1,0,0,0,0,405693.439000000245869,5772290.338999999687076,7.623390201000063,52.093129075000036,0,05230921709110174686
05,5,54,020,2023,09,08,5,2,0,6,0,1,1,0,0,0,0,366557.240799999795854,5786711.502800000831485,7.046752580000032,52.214658470000074,0,05230921705000983897
05,5,54,004,2023,09,10,5,2,0,7,0,1,0,0,0,0,0,364654.625799999572337,5771311.025399999693036,7.025054734000037,52.075815367000075,0,05230921705000983891
05,5,54,008,2023,09,14,5,3,5,3,0,1,0,0,0,0,0,336846.570000000298023,5745660.589199999347329,6.631806116000064,51.837896018000038,0,05230921705000983880
05,5,54,004,2023,09,15,5,3,5,3,0,1,1,0,0,0,0,363758.501000000163913,5771519.796000000089407,7.011903703000030,52.077471510000066,1,05230921705000889750
05,5,54,008,2023,09,09,5,3,5,2,0,1,1,0,0,0,0,336646.281299999915063,5746794.602700000628829,6.628366022000023,51.848024876000068,0,05230921705000191592
05,5,15,000,2023,09,08,5,2,0,6,0,1,0,0,0,0,1,405463.122999999672174,5757722.508999999612570,7.624054475000037,51.962149552000028,0,05230921702100670628
05,5,15,000,2023,09,15,5,3,5,3,0,1,1,0,0,0,0,405610.062599999830127,5751638.837500000372529,7.627861760000030,51.907491590000063,0,05230921702100591750
05,5,15,000,2023,09,16,5,3,2,6,0,1,0,0,0,0,0,407826.803799999877810,5758232.645199999213219,7.658309629000030,51.967131835000032,0,05230921702100238624
05,5,62,024,2023,09,10,5,2,0,7,0,0,1,0,0,0,1,368517.064600000157952,5724275.589999999850988,7.099285239000039,51.654077675000053,0,05230921701500999316
05,5,62,032,2023,09,11,5,3,0,7,0,1,0,0,0,0,0,373174.899000000208616,5718960.866100000217557,7.168506127000057,51.607384826000043,0,05230921701110086117
05,5,15,000,2023,09,17,1,2,0,5,0,1,0,0,0,0,1,404816.180900000035763,5757255.094699999317527,7.614770984000074,51.957837867000080,0,05230924702100079162
05,5,66,064,2023,09,21,4,2,0,7,2,1,0,0,0,0,0,395779.793300000019372,5771416.497999999672174,7.478998619000038,52.083497050000062,0,05230920709110876670
05,5,66,012,2023,09,13,4,3,4,6,0,1,0,0,0,0,0,403972.853400000371039,5771942.466000000014901,7.598380563000035,52.089706448000072,0,05230920709110574686
05,5,58,012,2023,09,20,4,3,7,3,2,1,0,0,0,0,0,374674.451000000350177,5755109.908299999311566,7.177105506000032,51.932584423000037,0,05230920706000691075
05,5,58,016,2023,09,19,4,3,2,6,1,1,1,0,0,0,0,381157.885499999858439,5744102.898700000718236,7.275152579000064,51.835086042000057,0,05230920706000486168
05,5,54,020,2023,09,14,4,2,5,3,0,0,1,0,1,0,0,366533.120000000111759,5784911.308000000193715,7.047109289000048,52.198477134000029,0,05230920705000983922
05,5,54,068,2023,09,16,4,3,0,6,0,1,1,0,0,0,0,350605.029799999669194,5766857.991399999707937,6.822144470000069,52.032195785000056,0,05230920705000983911
05,5,15,000,2023,09,17,4,3,2,6,0,0,1,0,0,0,0,403881.508999999612570,5761611.551999999210238,7.599952612000038,51.996834271000068,0,05230920702100074643
05,5,62,012,2023,09,19,4,3,5,3,0,1,0,0,0,0,0,358923.945199999958277,5725304.561499999836087,6.960283513000036,51.660998295000070,0,05230920701610983591
05,5,62,024,2023,09,16,4,3,5,3,0,1,1,0,0,0,0,372353.537399999797344,5726057.558599999174476,7.154062913000075,51.670976135000046,0,05230920701500072384
05,5,62,014,2023,09,07,4,3,3,6,0,1,1,0,0,0,0,360590.902099999599159,5712884.941600000485778,6.989306341000031,51.549811432000070,0,05230920701300490514
05,5,70,004,2023,09,13,3,3,5,3,0,0,1,0,0,0,1,423433.672299999743700,5735525.072899999096990,7.890469562000021,51.765371817000073,0,05230919711200491106
05,5,70,004,2023,09,07,3,3,0,7,0,1,0,0,0,0,0,423669.568500000052154,5734786.642200000584126,7.894049491000033,51.758765796000034,1,05230919711200287304
05,5,66,028,2023,09,13,3,3,5,3,0,0,1,0,0,0,1,412517.786000000312924,5792900.991000000387430,7.717659462000029,52.279507399000067,0,05230919709700983973
05,5,54,008,2023,09,13,3,3,2,6,0,1,0,0,0,0,0,335705.479199999943376,5744781.993599999696016,6.615675561000046,51.829668727000069,0,05230919705000983975
05,5,54,048,2023,09,15,3,3,5,3,0,1,0,0,0,0,0,341410.503999999724329,5745821.482999999076128,6.697919931000058,51.840656078000052,0,05230919705000582336
05,5,54,004,2023,09,09,3,3,0,7,0,0,1,0,0,0,0,360519.569500000216067,5770253.352800000458956,6.965189218000035,52.065285909000067,0,05230919705000298901
05,5,62,036,2023,09,09,3,3,0,1,0,1,0,0,0,0,0,389110.041600000113249,5719959.697699999436736,7.398207290000073,51.619726273000026,0,05230919701930985436
05,5,62,008,2023,09,07,3,3,6,4,0,0,1,1,0,0,0,384617.208800000138581,5722941.151000000536442,7.332355224000025,51.645619599000042,0,05230919701910581000
05,5,62,012,2023,09,15,3,3,6,4,0,1,0,1,0,0,0,357370.930300000123680,5726944.803400000557303,6.937175603000071,51.675344944000074,0,05230919701610983955