ULAND,UREGBEZ,UKREIS,UGEMEINDE,UJAHR,UMONAT,USTUNDE,UWOCHENTAG,UKATEGORIE,UART,UTYP1,ULICHTVERH,IstRad,IstPKW,IstFuss,IstKrad,IstGkfz,IstSonstige,LINREFX,LINREFY,XGCSWGS84,YGCSWGS84,STRZUSTAND,UIDENTSTLAE
05,5,62,032,2023,09,14,3,3,4,6,0,0,1,0,0,0,1,376902.780299999751151,5719317.629599999636412,7.222187229000042,51.611418463000064,0,05230919701110398911
05,5,62,028,2023,09,07,2,3,1,5,0,1,1,0,0,0,0,379648.314000000245869,5721745.732999999076128,7.260985064000067,51.633834403000037,0,05230925701920610050
05,5,15,000,2023,09,18,4,3,5,3,0,0,1,0,0,0,1,405855.056300000287592,5756892.911499999463558,7.629984493000052,51.954759263000028,0,05230920702100645932
05,5,62,008,2023,09,06,6,3,5,3,1,1,1,0,0,0,0,385595.733000000007451,5724538.148199999704957,7.345969117000038,51.660172939000063,0,05230922701910975477
05,5,66,084,2023,09,07,2,3,0,1,1,1,0,0,0,0,0,390327.152999999932945,5776213.714999999850988,7.397910400000058,52.125557604000051,1,05230918709300591781
05,5,66,012,2023,09,07,2,2,1,7,1,1,1,0,0,0,0,405004.720999999903142,5773604.605000000447035,7.612973617000023,52.104824120000046,1,05230918709110881140
05,5,66,064,2023,09,07,2,3,0,1,0,1,1,0,0,0,0,395890.389399999752641,5771486.296199999749660,7.480590748000054,52.084145184000079,1,05230918709110180992
05,5,58,024,2023,09,15,2,3,0,7,0,1,0,0,0,0,0,392470.025000000372529,5736125.342000000178814,7.441739614000028,51.765676894000080,0,05230918706300596685
05,5,58,012,2023,09,06,2,3,0,3,2,1,0,0,1,0,0,374815.176900000311434,5753864.914999999105930,7.179604122000057,51.921427926000035,1,05230918706200379104
05,5,54,016,2023,09,14,2,3,1,2,0,1,1,0,0,0,0,362555.029600000008941,5758256.181299999356270,6.999678359000029,51.957994773000053,0,05230918705000984027
05,5,54,008,2023,09,17,2,3,2,6,0,0,1,0,0,0,0,336611.605000000447035,5744407.936000000685453,6.628990069000054,51.826574109000035,0,05230918705000984004
05,5,54,008,2023,09,10,2,3,5,2,0,1,0,0,0,0,0,335699.882000000216067,5745515.521999999880791,6.615246178000064,51.836256676000062,0,05230918705000876765
05,5,54,008,2023,09,18,2,3,6,4,0,0,1,1,0,0,0,335823.843299999833107,5745159.194599999114871,6.617212798000025,51.833092083000054,1,05230918705000485883
05,5,54,008,2023,09,16,2,3,5,3,0,1,1,0,0,0,0,335219.676199999637902,5744583.833499999716878,6.608726286000035,51.827745506000042,0,05230918705000374717
05,5,13,000,2023,09,17,2,2,5,2,0,1,1,0,0,0,0,369102.495199999772012,5708664.887700000777841,7.113563521000060,51.513925519000054,0,05230918700000299266
05,5,70,004,2023,09,12,1,3,5,3,0,0,1,0,0,0,1,424500.810600000433624,5734317.578400000929832,7.906192857000065,51.754661741000064,0,05230924711200096543
05,5,15,000,2023,09,00,1,3,1,7,2,1,1,0,0,0,0,407509.176300000399351,5758577.741200000047684,7.653594592000047,51.970180979000077,1,05230917702100268135
05,5,66,012,2023,09,14,7,3,0,1,0,1,0,0,0,0,0,402654.028300000354648,5772661.197699999436736,7.578931989000068,52.095936044000041,0,05230916709110881140
05,5,58,004,2023,09,11,7,3,0,1,0,1,0,0,0,0,0,407669.697499999776483,5732878.779799999669194,7.662796386000025,51.739206946000081,0,05230916706300676683
05,5,54,008,2023,09,23,7,3,5,2,2,1,1,0,0,0,0,336526.048399999737740,5745710.963600000366569,6.627134203000026,51.838254834000054,0,05230916705000984106
05,5,54,008,2023,09,16,7,3,5,6,0,0,1,0,0,0,1,335986.202600000426173,5745345.108599999919534,6.619478910000055,51.834809926000048,0,05230916705000495950
05,5,15,000,2023,09,14,7,3,5,7,0,1,0,0,0,0,1,405477.425300000235438,5751269.346300000324845,7.626035579000074,51.904147922000050,0,05230916702100796698
05,5,13,000,2023,09,10,7,3,5,3,0,0,1,0,0,0,0,369171.292999999597669,5711042.110999999567866,7.113671606000025,51.535305120000032,0,05230916700000998888
05,5,70,008,2023,09,19,6,3,5,2,1,0,1,0,1,0,0,432699.500699999742210,5739461.485099999234080,8.023955744000034,51.801950629000032,0,05230915711300984171
05,5,70,004,2023,09,14,6,3,6,6,0,0,0,1,0,0,1,423649.379999999888241,5735973.811000000685453,7.893496137000056,51.769435268000052,0,05230915711200791693
05,5,70,052,2023,09,11,6,3,5,2,0,1,1,0,0,0,0,429847.816800000146031,5756024.317900000140071,7.979238998000028,51.950495435000050,0,05230915711100996535
05,5,66,056,2023,09,19,6,3,5,3,0,1,1,0,0,0,0,417129.525000000372529,5796133.472999999299645,7.784447530000023,52.309277135000059,0,05230915709700076377
05,5,66,076,2023,09,17,6,3,6,7,0,0,0,1,0,0,1,393660.855899999849498,5793192.959300000220537,7.441257923000023,52.278807082000071,0,05230915709500879180
05,5,66,008,2023,09,07,6,3,4,1,0,1,0,0,0,0,0,399690.554999999701977,5781440.127000000327826,7.533096021000063,52.174310070000047,0,05230915709110196612
05,5,54,024,2023,09,13,6,3,1,1,0,0,1,0,1,0,0,370543.945000000298023,5777598.877399999648333,7.108549593000021,52.133725538000078,0,05230915705000791695
05,5,15,000,2023,09,10,6,2,8,7,0,0,0,0,0,0,1,407260.667600000277162,5759685.866800000891089,7.649678647000030,51.980099954000082,0,05230915702100538624
05,5,62,004,2023,09,22,6,3,0,1,2,1,0,0,0,0,0,383987.792000000365078,5716862.125499999150634,7.325275130000023,51.590853656000036,0,05230915701800981347
05,5,13,000,2023,09,13,6,2,0,7,0,0,0,0,0,0,1,370097.000199999660254,5713976.206900000572205,7.125927614000034,51.561887146000061,0,05230915700000071570
05,5,13,000,2023,09,23,5,3,8,1,2,0,1,0,0,0,0,368367.979899999685585,5715190.958399999886751,7.100543199000072,51.572402845000056,1,05230921700000272394
05,5,54,008,2023,09,11,6,2,9,1,0,0,1,0,0,0,0,335305.533400000073016,5745538.730100000277162,6.609516682000049,51.836349025000061,0,05230922705000596584
05,5,15,000,2023,09,17,6,3,0,7,0,0,1,0,0,0,0,400415.638399999588728,5762036.613399999216199,7.549362949000056,52.000044006000053,0,05230922702100248540
05,5,66,068,2023,09,15,5,3,5,3,0,1,0,0,0,0,0,376234.194699999876320,5785710.596799999475479,7.188683710000021,52.207922903000053,0,05230914709300602916
05,5,54,008,2023,09,07,5,3,1,5,0,1,1,0,0,0,0,335783.481399999931455,5745835.741499999538064,6.616306475000044,51.839157927000031,0,05230914705000596652
05,5,15,000,2023,09,14,5,3,3,6,0,0,1,0,0,0,0,406335.192400000058115,5753661.962400000542402,7.637849398000071,51.925798936000035,0,05230914702100079193
05,5,62,024,2023,09,09,5,3,1,3,0,0,1,0,1,0,0,370029.356399999931455,5725915.851600000634789,7.120524206000027,51.669169796000062,0,05230914701500470568
05,5,62,014,2023,09,09,5,3,8,5,0,0,1,0,0,0,0,360866.177500000223517,5715777.113199999555945,6.992129267000053,51.575868743000058,0,05230914701300278414
05,5,62,032,2023,09,12,5,3,6,4,0,1,0,1,0,0,0,376354.041899999603629,5717608.810900000855327,7.214868802000069,51.595940723000069,0,05230914701110186117
05,5,54,048,2023,10,20,1,3,5,5,2,1,0,0,0,0,1,341346.275600000284612,5745426.060000000521541,6.697169740000049,51.837085380000076,1,05231015705000696652
05,5,54,008,2023,10,20,1,3,6,4,2,0,1,1,0,0,0,336271.053799999877810,5745107.535700000822544,6.623721839000041,51.832759263000071,0,05231015705000691733
05,5,12,000,2023,10,23,1,3,8,1,2,0,1,0,0,0,0,358201.181699999608099,5713044.279300000518560,6.954798671000049,51.550647749000063,1,05231015701400982767
05,5,66,040,2023,10,12,7,3,1,6,0,1,1,0,0,0,0,422027.731999999843538,5781758.028000000864267,7.859596936000059,52.180776630000082,0,05231014709800048558
05,5,66,076,2023,10,12,7,3,6,1,0,0,0,1,0,0,1,393798.380699999630451,5793283.802100000903010,7.443244370000059,52.279650092000054,0,05231014709500874705
05,5,66,064,2023,10,13,7,3,5,2,0,1,1,0,0,0,0,394552.703700000420213,5770947.436699999496341,7.461242296000023,52.079048937000039,0,05231014709110596500
05,5,54,008,2023,10,12,7,3,8,1,0,0,1,0,0,0,0,338378.885099999606609,5746891.564600000157952,6.653452434000030,51.849400194000054,1,05231014705000980994
05,5,54,036,2023,10,17,7,2,1,1,0,1,1,0,0,0,0,370279.250799999572337,5766789.647299999371171,7.108796184000028,52.036532640000075,0,05231014705000891695
05,5,54,008,2023,10,15,7,3,5,3,0,1,1,0,0,0,0,337224.137400000356138,5745174.914300000295043,6.637509988000033,51.833643095000070,0,05231014705000495050
05,5,15,000,2023,10,05,7,3,5,3,2,1,1,0,0,0,0,403418.008999999612570,5758862.380999999120831,7.593977628000061,51.972043551000070,1,05231014702100588887
05,5,62,028,2023,10,17,7,3,9,1,0,0,1,0,0,0,0,379366.556400000117719,5722263.139799999073148,7.256737529000077,51.638424170000064,0,05231014701920982805
05,5,62,016,2023,10,08,7,2,6,4,0,0,1,1,0,0,0,374837.272900000214577,5734330.903100000694394,7.186990669000068,51.745886761000065,1,05231014701700500575
05,5,62,024,2023,10,14,7,2,6,4,0,0,1,1,0,0,0,373568.766499999910593,5725754.121400000527501,7.171736866000060,51.668523976000074,0,05231014701500982810
05,5,62,020,2023,10,19,7,3,0,1,2,0,0,0,1,0,0,367796.992999999783933,5718226.099899999797344,7.091165712000077,51.599544858000058,1,05231014701200989665
05,5,62,020,2023,10,15,7,3,5,3,0,0,1,0,0,0,1,371882.990699999965727,5718912.448899999260902,7.149877663000041,51.606657244000075,0,05231014701200982808
05,5,13,000,2023,10,15,7,3,3,6,0,1,1,0,0,0,0,368665.722199999727309,5714426.165200000628829,7.105122950000066,51.565599316000032,0,05231014700000681384
05,5,70,004,2023,10,14,6,3,2,6,0,1,1,0,0,0,0,424569.300999999977648,5735056.567999999970198,7.907024536000051,51.761314260000063,0,05231013711200591770
05,5,66,076,2023,10,19,6,3,6,7,2,0,1,1,0,0,0,392939.559399999678135,5792205.628399999812245,7.431002706000072,52.269793774000050,1,05231013709500096635
05,5,66,076,2023,10,17,6,3,3,2,0,0,1,0,0,0,1,393443.569000000134110,5792198.914000000804663,7.438388231000033,52.269831327000077,1,05231013709500076633
05,5,54,008,2023,10,22,6,3,8,1,2,1,0,0,0,0,0,335912.610999999567866,5744780.803600000217557,6.618679322000048,51.829718910000054,1,05231013705000896647
05,5,54,004,2023,10,16,6,3,5,3,0,1,1,0,0,0,0,362833.762099999934435,5771669.779699999839067,6.998358084000074,52.078590865000081,0,05231013705000091695
05,5,62,012,2023,10,22,6,2,0,1,2,1,0,0,0,0,0,358971.401999999769032,5726559.086500000208616,6.960462853000024,51.672283080000057,1,05231013701610452451
05,5,13,000,2023,10,11,6,3,2,6,0,0,1,0,0,0,0,364638.823300000280142,5716303.742900000885129,7.046335626000030,51.581519757000081,0,05231013700000982853
05,5,13,000,2023,10,19,6,3,2,6,2,1,1,0,0,0,0,368067.988099999725819,5707417.742900000885129,7.099130069000068,51.502477093000039,1,05231013700000799216
05,5,13,000,2023,10,05,6,2,0,7,2,0,1,0,0,0,0,363185.215400000102818,5711614.212500000372529,7.027194008000038,51.539027270000076,1,05231013700000089240
05,5,66,040,2023,10,19,5,3,8,1,2,1,0,0,0,0,0,419524.241600000299513,5784054.903000000864267,7.822444326000038,52.201063153000064,1,05231012709800287281
05,5,66,076,2023,10,16,5,3,5,3,0,1,1,0,0,0,0,393694.929999999701977,5795387.033999999985099,7.441065032000040,52.298532232000071,1,05231012709500982892
05,5,66,012,2023,10,11,5,3,4,6,0,1,0,0,0,0,0,404955.397900000214577,5774119.933000000193715,7.612109862000068,52.109447495000040,1,05231012709110572342
05,5,58,044,2023,10,16,5,3,5,7,0,1,1,0,0,0,0,395186.244300000369549,5752010.991900000721216,7.476273415000037,51.908972764000055,1,05231012706300982896
05,5,54,004,2023,10,13,5,3,1,1,0,1,1,0,0,0,0,360550.759100000374019,5770375.063400000333786,6.965594205000059,52.066387354000028,1,05231012705000982901
05,5,54,060,2023,10,13,5,2,7,7,0,1,0,1,0,0,0,353289.349999999627471,5756009.598300000652671,6.865885820000074,51.935442491000060,1,05231012705000491747
05,5,54,044,2023,10,10,5,3,5,3,0,0,1,0,0,0,0,365551.719999999739230,5741060.004000000655651,7.049962934000064,51.804204065000079,1,05231012705000391737
05,5,62,036,2023,10,10,5,3,5,3,0,1,1,0,0,0,0,389029.774799999780953,5720246.089199999347329,7.396957615000076,51.622284545000070,1,05231012701930670183
05,5,66,028,2023,10,18,4,2,0,7,0,1,0,0,0,0,0,416952.872800000011921,5791781.375399999320507,7.782929676000037,52.270131693000053,0,05231011709700570494
05,5,58,020,2023,10,07,4,3,0,7,0,0,0,0,1,0,0,391491.883000000379980,5758572.914000000804663,7.420518222000055,51.967241564000062,0,05231011706000982962
05,5,15,000,2023,10,13,4,3,0,7,0,0,1,1,0,0,0,406368.092000000178814,5757281.003900000825524,7.637342232000037,51.958334240000056,0,05231011702100791806
05,5,15,000,2023,10,09,4,2,4,1,0,1,0,0,0,0,0,405463.122999999672174,5757722.508999999612570,7.624054475000037,51.962149552000028,0,05231011702100588887
05,5,62,008,2023,10,09,4,3,1,5,0,1,1,0,0,0,0,385190.218100000172853,5723912.251900000497699,7.340314473000035,51.654464871000073,0,05231011701910789511
05,5,62,032,2023,10,14,4,3,0,6,0,1,0,1,0,0,0,377656.583800000138581,5715177.984099999070168,7.234511655000063,51.574378505000027,0,05231011701120095010
05,5,66,012,2023,10,16,3,3,5,3,0,1,1,0,0,0,0,404844.555999999865890,5772189.569000000134110,7.611030958000072,52.092078017000063,0,05231010709110076752
05,5,54,020,2023,10,12,3,3,5,3,0,0,1,0,0,0,1,368219.240199999883771,5785108.835100000724196,7.071688566000034,52.200657633000048,0,05231010705000983006
05,5,54,020,2023,10,19,3,3,5,3,1,0,1,0,0,0,1,365050.939000000245869,5785649.014000000432134,7.025141948000055,52.204744846000040,0,05231010705000982981
05,5,54,048,2023,10,15,3,3,5,2,0,1,1,0,0,0,0,341493.002100000157952,5745751.127299999818206,6.699148665000052,51.840047428000048,0,05231010705000496647
05,5,54,008,2023,10,21,3,3,5,3,2,1,1,0,0,0,0,335627.355999999679625,5747544.734999999403954,6.613230025000064,51.854464552000081,0,05231010705000477676
05,5,54,012,2023,10,13,3,3,2,6,0,0,1,0,0,0,0,352858.433000000193715,5747674.323999999091029,6.863179554000055,51.860437569000055,0,05231010705000226302
05,5,15,000,2023,10,16,3,3,6,7,0,0,1,1,0,0,0,404091.867800000123680,5761377.388499999418855,7.603081199000030,51.994765915000073,0,05231010702100374777
05,5,62,004,2023,10,11,3,3,5,3,0,0,1,0,1,0,0,384333.700400000438094,5711840.348400000482798,7.331919297000070,51.545790026000077,0,05231010701800753356
05,5,12,000,2023,10,06,3,3,2,6,2,0,1,0,0,0,0,359627.508399999700487,5707952.445000000298023,6.977386305000039,51.505248814000026,0,05231010701400081591
05,5,62,014,2023,10,15,3,3,0,1,0,1,0,0,0,0,0,359078.886699999682605,5715950.635500000789762,6.966284242000029,51.576984054000036,0,05231010701300983001
05,5,62,014,2023,10,17,3,3,5,2,0,0,1,0,0,0,0,358921.727500000037253,5713429.771600000560284,6.965029600000037,51.554292393000026,0,05231010701300895791
05,5,62,032,2023,10,16,3,3,2,6,0,0,1,0,0,0,0,376016.743999999947846,5717305.721000000834465,7.210108739000020,51.593142658000033,0,05231010701111000000
05,5,62,032,2023,10,06,3,3,5,3,0,1,1,0,0,0,0,377330.798100000247359,5720216.237500000745058,7.228051071000039,51.619587896000041,0,05231010701110982991
05,5,13,000,2023,10,12,3,3,1,3,0,0,1,0,0,0,0,367431.669599999673665,5706041.423699999228120,7.090484553000067,51.489959586000055,0,05231010700000089260
05,5,66,084,2023,10,14,2,3,3,1,0,1,0,0,0,0,0,389110.453999999910593,5775689.265000000596046,7.380315552000070,52.120601530000044,1,05231009709300770598
05,5,66,068,2023,10,18,2,3,0,5,1,1,1,0,0,0,0,376156.357699999585748,5785492.465600000694394,7.187624962000029,52.205945260000078,0,05231009709300578430
05,5,66,012,2023,10,11,2,3,5,2,0,1,1,0,0,0,0,405008.106999999843538,5771991.710999999195337,7.613472666000064,52.090327732000048,1,05231009709110983065
05,5,58,020,2023,10,17,2,3,5,3,0,1,1,0,0,0,0,391423.817900000140071,5758683.934399999678135,7.419492743000035,51.968226078000043,0,05231009706000895563
05,5,54,040,2023,10,13,2,3,5,3,0,1,1,0,0,0,0,351342.587799999862909,5738002.807499999180436,6.845333388000029,51.773138559000074,0,05231009705000591796
05,5,54,020,2023,10,10,2,3,0,3,0,1,1,0,0,0,0,364667.815000000409782,5786516.914999999105930,7.019191992000060,52.212449232000040,1,05231009705000021120
05,5,15,000,2023,10,16,2,3,3,3,0,1,0,0,0,0,0,406347.529400000348687,5760138.642100000753999,7.636263439000061,51.984016530000076,0,05231009702100982978
05,5,15,000,2023,10,10,2,2,0,1,0,1,0,0,0,0,0,405816.181300000287592,5757356.898000000044703,7.629291753000075,51.958923200000072,1,05231009702100091864
05,5,62,004,2023,10,11,2,3,6,4,0,0,1,1,0,0,0,382720.287100000306964,5712079.794999999925494,7.308582487000024,51.547609101000035,0,05231009701800983063
05,5,62,012,2023,10,13,2,3,5,2,0,1,1,0,0,0,0,359038.949000000022352,5725322.137000000104308,6.961938048000036,51.661185081000042,0,05231009701610990207
05,5,62,024,2023,10,19,2,3,0,1,1,0,0,0,1,0,0,369640.866999999620020,5724177.494000000879169,7.115557968000076,51.653457851000042,0,05231009701500079216
05,5,62,032,2023,10,13,2,3,5,3,0,1,1,0,0,0,0,375462.089900000020862,5718482.672700000926852,7.201687836000076,51.603597754000077,0,05231009701110589665
05,5,13,000,2023,10,11,2,3,1,5,0,0,1,0,0,1,0,368477.054999999701977,5708720.727900000289083,7.104534414000057,51.514282087000026,0,05231009700000378000
05,5,70,004,2023,10,19,1,3,0,1,2,0,0,0,0,0,1,425582.577499999664724,5735196.427500000223517,7.921673928000075,51.762707140000032,0,05231008711200296543
05,5,66,016,2023,10,18,1,3,0,1,0,1,0,0,0,0,0,406388.497200000099838,5790882.095000000670552,7.628401756000073,52.260351999000079,0,05231008709500179087
05,5,58,012,2023,10,01,1,3,6,4,2,0,1,1,0,0,0,374387.603900000452995,5750317.593800000846386,7.174682939000036,51.889453510000067,0,05231008706000491756
05,5,15,000,2023,10,20,1,3,1,5,2,1,1,0,0,0,0,407504.748399999924004,5753920.031799999997020,7.654783587000054,51.928314171000068,0,05231008702100076693
05,5,13,000,2023,10,02,1,3,5,3,2,0,1,0,0,0,0,362961.312199999578297,5710971.829600000753999,7.024217537000027,51.533200297000064,0,05231008700000591807
05,5,13,000,2023,10,12,1,3,3,7,0,0,1,0,0,0,0,366464.852699999697506,5713856.775299999862909,7.073604499000055,51.559965612000042,0,05231008700000399220
05,5,13,000,2023,10,07,4,3,6,7,1,0,1,1,0,0,0,368443.601400000043213,5706290.772500000894070,7.104958885000030,51.492436781000038,0,05231011700000480913
05,5,66,008,2023,10,22,7,3,0,1,2,1,0,0,0,0,0,398629.902200000360608,5782244.949400000274181,7.517350309000051,52.181349709000074,0,05231007709110676670
05,5,58,016,2023,10,18,7,2,3,6,1,1,0,0,0,0,1,379153.047000000253320,5745225.426999999210238,7.245677248000050,51.844744003000073,0,05231007706000595003
05,5,54,068,2023,10,00,7,3,0,1,2,1,0,0,0,0,0,351064.963000000454485,5767716.118000000715256,6.828470401000061,52.040029269000058,0,05231007705000983160
05,5,54,020,2023,10,12,7,3,2,6,0,0,1,0,0,0,0,366187.693400000222027,5787618.776000000536442,7.040988027000026,52.222721029000070,0,05231007705000983141
05,5,54,040,2023,10,13,7,3,0,7,0,0,1,0,1,0,0,350375.193799999542534,5737088.914000000804663,6.831716259000075,51.764669611000045,0,05231007705000549445
05,5,15,000,2023,10,12,7,3,0,7,0,0,1,1,0,0,0,409965.847199999727309,5752019.634999999776483,7.691063619000033,51.911635533000037,0,05231007702100983137
05,5,15,000,2023,10,11,7,3,6,4,0,0,0,1,0,0,1,406108.104399999603629,5757066.897800000384450,7.633618219000027,51.956365915000049,0,05231007702100170628
05,5,15,000,2023,10,14,7,3,1,5,0,0,1,0,1,0,0,404917.248499999754131,5761117.703400000929832,7.615171225000040,51.992573714000059,0,05231007702100074725
05,5,62,024,2023,10,18,7,3,2,2,1,0,1,0,0,0,0,368435.854299999773502,5723939.109799999743700,7.098238553000044,51.651034884000069,0,05231007701500081308
05,5,62,032,2023,10,21,7,3,0,7,2,0,0,0,0,0,1,375757.873700000345707,5721318.579299999400973,7.204951195000035,51.629149760000075,0,05231007701110982961
05,5,62,032,2023,10,19,7,3,8,6,1,0,1,0,0,0,1,375037.688099999912083,5718533.239399999380112,7.195544774000041,51.603958189000082,0,05231007701110170162
05,5,66,020,2023,10,16,6,3,0,7,0,0,1,1,0,0,0,404795.224100000225008,5803168.284399999305606,7.601587871000049,52.370504378000078,0,05231006709700438470
05,5,66,008,2023,10,14,6,3,0,1,0,1,1,0,0,0,0,401193.053399999625981,5779536.360999999567866,7.555614843000058,52.157470424000053,0,05231006709110596500
05,5,58,012,2023,10,17,6,3,0,6,0,0,1,0,1,0,0,371155.447599999606609,5755243.681900000199676,7.125899720000064,51.932983064000041,0,05231006706200980532
05,5,54,008,2023,10,11,6,3,5,3,0,1,1,0,0,0,0,333221.102699999697506,5743958.741800000891089,6.580052044000070,51.821537190000072,0,05231006705000983173
05,5,54,004,2023,10,06,6,3,4,3,2,1,1,0,0,0,0,365074.612999999895692,5772030.094299999997020,7.030894826000065,52.082379070000059,0,05231006705000691695
05,5,15,000,2023,10,16,6,3,1,5,0,1,1,0,0,0,0,405432.330099999904633,5756615.546499999240041,7.623911145000022,51.952194462000080,0,05231006702100351184
05,5,13,000,2023,10,15,6,3,2,6,0,0,1,0,0,0,0,366167.838800000026822,5708642.056700000539422,7.071304723000026,51.513032797000051,0,05231006700000598978
05,5,13,000,2023,10,17,6,3,5,3,0,0,1,0,0,0,1,368047.561999999918044,5709064.928999999538064,7.098219507000067,51.517275185000074,0,05231006700000099266
05,5,54,056,2023,10,15,4,3,3,3,0,1,1,0,0,0,0,356201.469200000166893,5761696.433000000193715,6.905835193000030,51.987298822000071,0,05231011705000982936
05,5,66,028,2023,10,18,5,3,0,1,0,1,0,0,0,0,0,406114.241499999538064,5797064.542400000616908,7.622662134000052,52.315872599000045,0,05231005709700180606
05,5,66,084,2023,10,10,5,3,0,1,0,1,1,0,0,0,0,390105.570799999870360,5775574.020199999213219,7.394881525000073,52.119764504000045,0,05231005709300983220
05,5,54,008,2023,10,11,5,3,5,3,0,0,1,0,1,0,0,337144.431499999947846,5745762.706299999728799,6.636077573000023,51.838900323000075,0,05231005705000591856
05,5,13,000,2023,10,19,5,3,0,7,1,0,1,0,0,0,1,364381.242100000381470,5712722.028300000354648,7.044002356000021,51.549271191000059,0,05231005700000967101
05,5,13,000,2023,10,20,5,3,5,3,2,0,1,0,1,0,0,369596.218000000342727,5707214.757999999448657,7.121210960000042,51.501007559000072,0,05231005700000089276
05,5,70,004,2023,10,10,4,3,8,1,0,0,1,0,0,0,0,425792.619300000369549,5734570.273800000548363,7.924850618000050,51.757106056000055,0,05231004711200891800
05,5,70,004,2023,10,05,4,2,5,3,2,1,1,0,0,0,0,422998.463000000454485,5734840.632500000298023,7.884315870000023,51.759159272000034,0,05231004711200087238
05,5,66,008,2023,10,16,4,2,0,2,0,1,0,0,0,0,0,400209.615500000305474,5780178.467599999159575,7.541054990000021,52.163064670000040,0,05231004709110679240
05,5,58,016,2023,10,01,4,2,9,1,2,0,0,0,1,0,0,381396.921799999661744,5743740.276399999856949,7.278744492000044,51.831877911000049,0,05231004706100596540
05,5,54,024,2023,10,16,4,3,0,1,0,1,0,0,0,0,0,369965.672199999913573,5778009.358999999240041,7.099948631000075,52.137278272000060,0,05231004705000991868
05,5,54,068,2023,10,12,4,2,0,6,0,1,0,0,0,0,1,349866.144999999552965,5766237.955299999564886,6.811653673000023,52.026425649000032,0,05231004705000983260
05,5,54,008,2023,10,16,4,2,5,3,0,1,1,0,0,0,0,335451.567699999548495,5743895.673100000247359,6.612415342000077,51.821631818000071,0,05231004705000983251
05,5,54,056,2023,10,11,4,3,0,1,0,0,0,0,0,0,1,355910.532899999991059,5762143.406099999323487,6.901413504000061,51.991239462000067,0,05231004705000765075
05,5,54,008,2023,10,13,4,3,4,6,0,0,0,0,0,1,1,336465.080900000408292,5744827.977700000628829,6.626667326000074,51.830304689000059,0,05231004705000697147
05,5,54,048,2023,10,10,4,3,8,1,0,1,0,0,0,0,0,341206.019000000320375,5745310.095000000670552,6.695188936000022,51.836003700000049,0,05231004705000661085
05,5,15,000,2023,10,15,4,3,1,5,0,1,1,0,0,0,0,408513.196299999952316,5753275.498800000175834,7.669617103000064,51.922687351000036,0,05231004702100983240
05,5,15,000,2023,10,14,4,3,1,7,0,1,1,0,0,0,0,403335.470300000160933,5757122.732000000774860,7.593266117000042,51.956392714000060,0,05231004702100781338
05,5,66,084,2023,10,13,3,3,0,1,0,1,0,0,0,0,0,390562.657999999821186,5776786.559000000357628,7.401164882000046,52.130752579000045,1,05231003709300291781
05,5,66,068,2023,10,12,3,3,0,3,0,1,1,0,0,0,0,376351.129999999888241,5786007.482000000774860,7.190285707000044,52.210617005000074,0,05231003709300096691
05,5,54,008,2023,10,17,3,3,0,1,0,0,0,0,1,0,0,336338.335199999623001,5745235.638800000771880,6.624636841000040,51.833929790000070,1,05231003705000995988
05,5,54,020,2023,10,16,3,3,2,6,0,0,1,0,0,0,0,366133.574300000444055,5787784.541099999099970,7.040130628000043,52.224197338000067,1,05231003705000380985
05,5,15,000,2023,10,01,3,3,0,6,2,0,0,0,0,0,1,405204.830099999904633,5757583.480100000277162,7.620334676000027,51.960855923000054,0,05231003702100579127
05,5,15,000,2023,10,01,3,3,0,1,2,1,0,0,0,0,0,405268.958899999968708,5757576.105499999597669,7.621269759000029,51.960800567000035,0,05231003702100079098
05,5,62,036,2023,10,16,3,3,5,3,0,0,1,0,0,0,0,389745.605000000447035,5719989.190999999642372,7.407374818000051,51.620116226000050,0,05231003701930870552
05,5,70,020,2023,10,16,2,3,6,3,0,0,1,1,0,0,0,432591.411899999715388,5743348.669199999421835,8.021631744000047,51.836883102000058,0,05231002711400302811
05,5,70,036,2023,10,19,2,3,0,3,1,1,0,0,0,0,1,434126.093799999915063,5760518.572200000286102,8.040618577000032,51.991420803000040,0,05231002711100187232
05,5,66,028,2023,10,11,2,3,5,3,0,1,1,0,0,0,0,412767.802500000223517,5790527.084599999710917,7.721937119000074,52.258209734000047,0,05231002709700381056
05,5,66,068,2023,10,18,2,3,5,3,0,1,1,0,0,0,0,376776.177199999801815,5785952.322499999776483,7.196523394000053,52.210216539000044,0,05231002709300981015
05,5,58,036,2023,10,17,2,3,0,1,0,1,1,0,0,0,0,388293.296000000089407,5729853.630000000819564,7.383251790000031,51.708490426000026,0,05231002706300387273
05,5,54,068,2023,10,14,2,3,2,5,0,0,1,0,0,0,0,351310.061499999836087,5767656.012499999254942,6.832067398000049,52.039555034000045,0,05231002705000983313
05,5,54,036,2023,10,14,2,2,5,3,0,1,1,0,0,0,0,370114.803799999877810,5765850.872800000011921,7.106756570000073,52.028058323000039,0,05231002705000696573