ULAND,UREGBEZ,UKREIS,UGEMEINDE,UJAHR,UMONAT,USTUNDE,UWOCHENTAG,UKATEGORIE,UART,UTYP1,ULICHTVERH,IstRad,IstPKW,IstFuss,IstKrad,IstGkfz,IstSonstige,LINREFX,LINREFY,XGCSWGS84,YGCSWGS84,STRZUSTAND,UIDENTSTLAE
05,5,54,012,2023,10,12,2,3,6,1,0,0,1,1,0,0,0,353337.210500000044703,5746877.354100000113249,6.870465484000022,51.853402861000063,0,05231002705000196552
05,5,15,000,2023,10,15,2,3,5,2,0,1,1,0,0,0,0,408861.109000000171363,5756026.604000000283122,7.673946022000052,51.947473132000027,0,05231002702100464200
05,5,15,000,2023,10,18,2,3,5,3,1,1,1,0,0,0,0,406264.196399999782443,5757501.807199999690056,7.635770414000035,51.960301419000075,0,05231002702100391864
05,5,15,000,2023,10,12,2,3,6,7,0,0,0,1,0,0,1,406101.049100000411272,5757133.883500000461936,7.633497269000031,51.956966822000027,0,05231002702100193600
05,5,62,012,2023,10,15,2,2,5,3,0,1,1,0,0,0,0,360433.314299999736249,5726852.116200000047684,6.981473535000021,51.675281295000048,0,05231002701610698894
05,5,12,000,2023,10,19,2,3,5,3,2,1,1,0,0,0,0,357769.299999999813735,5713204.604699999094009,6.948508992000029,51.551979712000048,0,05231002701400199781
05,5,62,014,2023,10,10,2,3,5,3,0,0,1,0,1,0,0,361057.650000000372529,5715210.937999999150634,6.995114549000050,51.570828258000063,0,05231002701300114020
05,5,13,000,2023,10,13,2,3,1,6,0,1,1,0,0,0,0,365765.987999999895692,5710922.069800000637770,7.064648396000052,51.533426939000037,0,05231002700000380911
05,5,54,008,2023,10,17,1,3,5,3,0,1,1,0,0,0,0,335239.388000000268221,5745572.387000000104308,6.608541481000032,51.836631870000076,1,05231015705000895213
05,5,54,012,2023,10,16,4,3,5,2,0,0,1,0,0,0,1,352790.941200000233948,5746048.285399999469519,6.862892633000058,51.845809939000048,0,05231011705000191796
05,5,66,040,2023,10,16,1,3,0,1,0,1,0,0,0,0,0,421519.756299999542534,5782664.183199999853969,7.851959251000039,52.188849903000062,0,05231001709800983341
05,5,54,008,2023,10,19,1,3,0,1,2,1,0,0,0,0,0,335035.811800000257790,5744298.629000000655651,6.606196469000054,51.825129152000045,0,05231001705000796652
05,5,54,012,2023,10,16,1,3,1,3,0,1,1,0,0,0,0,354721.036700000055134,5746113.883899999782443,6.890864604000058,51.846904898000048,0,05231001705000091738
05,5,54,060,2023,10,13,1,3,1,7,0,0,1,0,0,0,1,353440.153400000184774,5757088.902899999171495,6.867617891000066,51.945179580000058,0,05231001705000091730
05,5,12,000,2023,10,13,1,3,3,6,0,0,1,0,1,0,0,356545.522900000214577,5709629.056600000709295,6.932326813000032,51.519540698000071,0,05231001701400995791
05,5,13,000,2023,10,18,1,3,0,5,0,1,1,0,0,0,0,363119.913099999539554,5716967.994599999859929,7.024168210000028,51.587122050000062,0,05231001700000479362
05,5,54,052,2023,09,15,7,3,5,3,0,0,1,0,1,0,0,376726.688000000081956,5774133.150399999693036,7.200089910000031,52.103995238000039,0,05230930705000491708
05,5,54,004,2023,09,16,7,2,0,7,0,0,0,0,0,0,1,362930.999900000169873,5771545.540500000119209,6.999826036000059,52.077498611000067,0,05230930705000479132
05,5,54,012,2023,09,19,7,3,5,2,1,1,0,0,0,0,0,355030.942999999970198,5743213.194000000134110,6.896575651000035,51.820922331000077,0,05230930705000387252
05,5,54,056,2023,09,14,7,3,1,5,0,1,1,0,0,0,0,356907.297100000083447,5762895.693800000473857,6.915606433000050,51.998256459000061,0,05230930705000279183
05,5,54,008,2023,09,11,7,2,3,3,0,1,0,0,0,0,1,335705.985600000247359,5744794.719599999487400,6.615676863000033,51.829783199000076,0,05230930705000086830
05,5,62,024,2023,09,09,7,3,1,5,0,0,1,0,0,0,0,368414.382500000298023,5725313.794800000265241,7.097410951000029,51.663383500000066,0,05230930701500983431
05,5,66,076,2023,10,14,4,2,5,1,0,1,1,0,0,0,0,395682.120900000445545,5793830.846799999475479,7.470677114000068,52.284927274000040,0,05231004709500879180
05,5,66,008,2023,09,07,6,3,5,3,0,1,1,0,0,0,0,400832.485000000335276,5779420.254000000655651,7.550379693000025,52.156362226000056,0,05230929709110983485
05,5,66,008,2023,09,16,6,3,0,7,0,1,0,0,0,0,0,399517.027900000102818,5781491.662100000306964,7.530544035000048,52.174741679000078,1,05230929709110496523
05,5,54,020,2023,09,14,6,3,2,3,0,1,1,0,0,0,0,366456.331699999980628,5786237.683800000697374,7.045463399000027,52.210376571000040,0,05230929705000983462
05,5,54,016,2023,09,15,6,3,0,3,0,1,1,0,0,0,0,363169.002000000327826,5757825.667999999597669,7.008779476000029,51.954277769000043,1,05230929705000983451
05,5,54,020,2023,09,19,6,3,4,1,2,1,1,0,0,0,0,366552.861200000159442,5786673.870899999514222,7.046703352000065,52.214319272000068,0,05230929705000820881
05,5,54,004,2023,09,08,6,3,5,3,0,0,1,0,0,0,1,363434.292399999685585,5770871.847400000318885,7.007435112000053,52.071569566000051,0,05230929705000555673
05,5,54,020,2023,09,16,6,3,5,3,0,1,1,0,0,0,0,364503.509999999776483,5786414.952999999746680,7.016829492000056,52.211492703000033,1,05230929705000518560
05,5,54,004,2023,09,22,6,3,8,1,2,0,1,0,0,0,0,365942.304600000381470,5771708.653500000014901,7.043676257000072,52.079701525000075,0,05230929705000487240
05,5,54,008,2023,09,13,6,3,2,6,0,0,1,0,0,0,0,335711.248999999836087,5744944.783600000664592,6.615681952000045,51.831132836000052,0,05230929705000095080
05,5,15,000,2023,09,18,6,3,3,7,0,1,1,0,0,0,0,401872.089800000190735,5753587.948999999091029,7.572985649000032,51.924364870000034,1,05230929702100983447
05,5,15,000,2023,09,17,6,3,0,7,0,1,0,0,0,0,0,406201.800200000405312,5755110.049000000581145,7.635515300000066,51.938792619000026,1,05230929702100983445
05,5,15,000,2023,09,17,6,3,8,1,0,1,0,0,0,0,0,406669.883299999870360,5754923.665899999439716,7.642373023000061,51.937196018000066,0,05230929702100338624
05,5,15,000,2023,09,10,6,2,5,2,0,1,1,0,0,0,0,403678.290000000037253,5761114.690999999642372,7.597133122000059,51.992333137000060,0,05230929702100091771
05,5,12,000,2023,09,20,6,3,0,7,2,1,0,0,0,0,0,359627.286899999715388,5710968.800599999725819,6.976181655000062,51.532353996000040,0,05230929701400099916
05,5,62,032,2023,09,08,6,3,5,3,0,1,0,0,0,0,1,376194.938000000081956,5717895.232000000774860,7.212471871000048,51.598479900000029,0,05230929701110248525
05,5,70,004,2023,09,07,5,3,3,5,0,0,1,0,0,0,1,423011.765399999916553,5734268.800400000065565,7.884635235000076,51.754020544000070,0,05230928711200190020
05,5,66,072,2023,09,16,5,3,5,2,0,1,1,0,0,0,0,412162.173999999649823,5802167.320000000298023,7.710028163000061,52.362738212000068,0,05230928709700793607
05,5,15,000,2023,10,12,3,2,0,1,0,1,0,0,0,0,0,401858.720999999903142,5758743.938300000503659,7.571319238000058,51.970705805000080,0,05231010702100176681
05,5,66,076,2023,09,10,5,3,1,3,0,1,1,0,0,0,0,392927.252600000239909,5792237.815199999138713,7.430812205000052,52.270080646000054,0,05230928709500536092
05,5,66,084,2023,09,08,5,3,5,2,0,1,1,0,0,0,0,389812.957999999634922,5776447.292999999597669,7.390326639000023,52.127554556000064,0,05230928709300516766
05,5,66,012,2023,09,07,5,3,0,3,0,1,1,0,0,0,0,405755.309000000357628,5772793.815999999642372,7.624153814000067,52.097664977000079,0,05230928709110580992
05,5,58,016,2023,09,12,5,3,6,4,0,0,0,1,0,0,1,381289.172000000253320,5743529.260999999940395,7.277253888000075,51.829958595000051,0,05230928706000386168
05,5,54,020,2023,09,14,5,3,0,3,0,1,1,0,0,0,0,365638.518199999816716,5786099.969100000336766,7.033556203000046,52.208940374000065,0,05230928705000983521
05,5,54,008,2023,09,18,5,3,2,6,0,0,1,0,0,0,0,335755.522400000132620,5745352.093900000676513,6.616130592000047,51.834804896000037,0,05230928705000020897
05,5,15,000,2023,09,06,5,3,5,3,1,1,1,0,0,0,0,403737.841500000096858,5754736.690099999308586,7.599787941000045,51.935015926000062,0,05230928702100542557
05,5,62,016,2023,09,07,5,3,5,3,0,1,1,0,0,0,0,374245.605999999679625,5733693.348999999463558,7.178655379000077,51.740024706000042,0,05230928701700979216
05,5,62,032,2023,09,17,5,3,1,5,0,1,1,0,0,0,0,374992.596699999645352,5723278.127800000831485,7.193200483000055,51.646590797000044,0,05230928701110983507
05,5,70,008,2023,10,14,2,3,4,6,0,0,1,0,0,0,0,433403.655600000172853,5734795.183700000867248,8.035061751000057,51.760084810000080,0,05231030711300081008
05,5,70,044,2023,10,14,2,3,1,5,0,1,1,0,0,0,0,416985.212600000202656,5758755.025499999523163,7.791461004000041,51.973270756000034,0,05231030711100002617
05,5,66,076,2023,10,17,2,3,2,1,2,0,1,0,0,0,0,392800.086299999617040,5792303.166799999773502,7.428928531000054,52.270643195000048,1,05231030709500982080
05,5,66,012,2023,10,12,2,3,4,3,0,0,1,0,0,0,0,404882.450000000186265,5772621.197000000625849,7.611463457000070,52.095964078000065,0,05231030709110982098
05,5,66,012,2023,10,07,2,3,0,7,0,1,1,0,0,0,0,405589.828399999998510,5772078.069499999284744,7.621937045000038,52.091203484000062,0,05231030709110677840
05,5,54,020,2023,10,13,2,3,0,7,0,0,1,0,0,0,0,365878.942900000140071,5786334.062400000169873,7.036979953000071,52.211102348000054,0,05231030705000981988
05,5,54,024,2023,10,14,2,3,1,7,0,0,1,0,0,0,0,369918.767199999652803,5778029.314699999988079,7.099256032000028,52.137446549000060,0,05231030705000896573
05,5,15,000,2023,10,19,2,3,6,2,2,0,1,1,0,0,0,403798.967500000260770,5761686.239600000903010,7.598729751000064,51.997491290000028,1,05231030702100974710
05,5,62,004,2023,10,12,2,3,5,3,0,0,0,0,1,0,1,383029.197399999946356,5711827.099199999123812,7.313119547000042,51.545402054000078,0,05231030701800982094
05,5,62,032,2023,10,09,2,3,5,2,0,1,1,0,0,0,0,374814.164499999955297,5720801.955800000578165,7.191508453000040,51.624297659000035,1,05231030701110982092
05,5,62,032,2023,10,12,2,3,1,5,0,0,1,0,0,0,0,374799.455699999816716,5720793.347200000658631,7.191299154000035,51.624217021000049,1,05231030701110975293
05,5,13,000,2023,10,20,2,2,0,1,2,0,0,0,1,0,0,364999.434899999760091,5715761.822799999266863,7.051745401000062,51.576736337000057,1,05231030700000092100
05,5,66,076,2023,10,10,2,3,0,7,0,1,1,0,0,0,0,393567.644000000320375,5793822.986999999731779,7.439693244000068,52.284451222000030,1,05231030709500411932
05,5,70,008,2023,10,12,1,3,5,7,0,1,1,0,0,0,0,433196.036999999545515,5737724.864000000059605,8.031490304000044,51.786397971000042,0,05231029711300982143
05,5,66,056,2023,10,09,1,2,0,2,0,1,0,0,0,0,0,416515.772199999541044,5795202.776499999687076,7.775677968000025,52.300818657000036,1,05231029709700381737
05,5,66,044,2023,10,18,2,3,8,1,2,0,1,0,0,0,0,428933.661999999545515,5780140.165999999269843,7.960921419000044,52.167166278000082,1,05231030709800982064
05,5,58,016,2023,10,23,7,2,0,1,2,1,0,0,0,0,0,381736.135599999688566,5743149.743799999356270,7.283866797000030,51.826642609000032,1,05231028706100395147
05,5,54,008,2023,10,19,7,3,4,6,2,1,0,0,0,0,0,338292.469700000248849,5746880.081599999219179,6.652204291000032,51.849272011000039,1,05231028705000756697
05,5,54,008,2023,10,07,7,3,3,2,1,1,1,0,0,0,0,336664.370600000023842,5745689.480499999597669,6.629150271000071,51.838102309000078,1,05231028705000340328
05,5,15,000,2023,10,23,7,3,0,1,2,0,0,0,0,0,1,403734.043100000359118,5761794.025900000706315,7.597754090000024,51.998448850000045,1,05231028702100982163
05,5,15,000,2023,10,22,7,3,0,7,2,1,0,0,0,0,1,405386.377299999818206,5757111.963500000536442,7.623105987000031,51.956648656000027,0,05231028702100648557
05,5,66,076,2023,10,07,6,3,8,1,1,1,0,0,0,0,0,392403.773299999535084,5792070.372500000521541,7.423196982000036,52.268473635000078,0,05231027709500072448
05,5,66,008,2023,10,09,6,3,5,3,0,1,1,0,0,0,0,399497.156999999657273,5781798.962899999693036,7.530162497000049,52.177499996000051,1,05231027709110696500
05,5,54,020,2023,10,06,6,3,5,3,2,1,1,0,0,0,0,364820.365799999795854,5783916.027799999341369,7.022461326000041,52.189116955000031,1,05231027705000520897
05,5,54,008,2023,10,15,6,2,8,1,0,0,0,0,1,0,0,332500.663999999873340,5743345.524800000712276,6.569905197000026,51.815813108000043,1,05231027705000217283
05,5,62,020,2023,10,22,6,3,0,1,2,1,0,0,0,0,0,371251.837100000120699,5717279.188100000843406,7.141367873000036,51.591835439000079,1,05231027701200377683
05,5,13,000,2023,10,20,6,3,5,3,2,0,1,0,0,0,0,367726.672500000335276,5712759.996500000357628,7.092209292000064,51.550406566000049,1,05231027700000480897
05,5,13,000,2023,10,18,6,3,4,6,2,1,1,0,0,0,0,364766.640800000168383,5716076.934100000187755,7.048266606000027,51.579512250000050,1,05231027700000285657
05,5,70,004,2023,10,14,5,3,5,3,0,1,1,0,0,0,0,422814.679499999620020,5735606.715299999341369,7.881483370000069,51.766020756000046,1,05231026711200982301
05,5,70,004,2023,10,15,5,3,5,3,0,1,1,0,0,0,0,424436.892599999904633,5735045.588600000366569,7.905108730000052,51.761197706000075,1,05231026711200691770
05,5,70,044,2023,10,08,5,3,5,3,0,1,1,0,0,0,0,416970.664599999785423,5759266.518699999898672,7.791125512000065,51.977866392000067,1,05231026711100093886
05,5,66,028,2023,10,10,5,3,0,1,0,1,0,0,0,0,0,412738.756000000052154,5791720.754599999636412,7.721203007000042,52.268934207000029,1,05231026709700391774
05,5,66,076,2023,10,07,5,3,5,3,2,1,1,0,0,0,0,393145.110899999737740,5792699.711899999529123,7.433857373000023,52.274274173000038,0,05231026709500000953
05,5,58,028,2023,10,14,5,3,0,7,0,0,0,0,1,0,0,398805.394000000320375,5732790.835599999874830,7.534485108000069,51.736885965000056,1,05231026706300996685
05,5,54,016,2023,10,10,5,3,6,4,0,0,1,1,0,0,0,363280.893000000156462,5757951.072000000625849,7.010356803000036,51.955432116000054,1,05231026705000118398
05,5,15,000,2023,10,08,5,3,0,7,1,1,1,0,0,0,1,405153.874800000339746,5755056.712600000202656,7.620290562000037,51.938135571000032,1,05231026702100096680
05,5,15,000,2023,10,14,5,3,5,3,0,1,1,0,0,0,0,402436.245699999853969,5754213.808800000697374,7.581009673000040,51.930089445000078,0,05231026702100056497
05,5,70,008,2023,10,12,4,2,6,7,0,0,1,1,0,0,0,435081.204599999822676,5733381.297599999234080,8.059628830000065,51.747570795000058,0,05231025711300782313
05,5,66,028,2023,10,11,4,3,4,2,0,0,1,0,0,0,0,412336.247000000439584,5791179.815999999642372,7.715446462000045,52.264008075000049,0,05231025709700147180
05,5,66,076,2023,10,16,4,3,5,3,0,1,1,0,0,0,0,391627.850999999791384,5792369.898000000044703,7.411734482000043,52.271013134000043,1,05231025709500074705
05,5,66,076,2023,10,07,4,3,5,3,2,1,1,0,0,0,0,392459.407300000078976,5792717.910700000822544,7.423805512000058,52.274304033000078,0,05231025709500000953
05,5,66,068,2023,10,18,4,3,7,1,2,0,0,0,1,0,0,376861.434600000269711,5785047.436599999666214,7.198099595000031,52.202104119000069,1,05231025709300970501
05,5,66,084,2023,10,16,4,3,5,3,0,1,1,0,0,0,0,386026.250000000000000,5778695.839999999850988,7.334279393000031,52.146994248000055,0,05231025709300826734
05,5,54,056,2023,10,07,4,3,1,5,2,1,1,0,0,0,0,358625.930700000375509,5761232.071399999782443,6.941309612000055,51.983748755000079,0,05231025705000982374
05,5,54,008,2023,10,10,4,3,3,2,0,1,1,0,0,0,0,334920.671000000089407,5746480.762000000104308,6.603486275000023,51.844697999000061,0,05231025705000796647
05,5,54,008,2023,10,16,4,3,0,2,0,0,0,0,1,0,1,337775.844800000078976,5745043.884999999776483,6.645571447000066,51.832626473000062,1,05231025705000585883
05,5,62,032,2023,10,13,4,3,0,1,0,1,0,0,0,0,0,374608.753700000233948,5713934.858100000768900,7.190996559000041,51.562536688000080,1,05231025701120600000
05,5,70,008,2023,10,14,3,3,5,3,0,0,1,0,0,0,0,434017.362999999895692,5734401.323999999091029,8.044027416000063,51.756616632000032,0,05231024711300982400
05,5,70,004,2023,10,17,3,3,0,1,0,1,0,0,0,0,0,422969.578099999576807,5734842.700600000098348,7.883896980000031,51.759173891000046,1,05231024711200387238
05,5,70,004,2023,10,16,3,3,0,3,0,0,1,0,0,0,1,426074.647300000302494,5735286.855299999937415,7.928783546000034,51.763585247000037,1,05231024711200086958
05,5,70,012,2023,10,16,3,3,4,3,0,0,1,0,0,0,0,438581.410099999979138,5751854.602099999785423,8.107045123000034,51.914042866000045,0,05231024711100089568
05,5,66,008,2023,10,11,3,2,5,2,0,1,1,0,0,0,0,399403.817900000140071,5781231.304999999701977,7.528966253000021,52.172381032000033,0,05231024709110982408
05,5,54,004,2023,10,10,3,3,4,7,0,0,1,0,0,0,0,362796.676300000399351,5771164.115499999374151,6.998020590000067,52.074038108000082,1,05231024705000891834
05,5,54,048,2023,10,19,3,3,5,3,2,1,1,0,0,0,0,341861.163999999873340,5744289.895999999716878,6.705155899000033,51.827024107000057,1,05231024705000880994
05,5,54,008,2023,10,18,3,3,6,4,2,0,1,1,0,0,0,336106.549300000071526,5745940.155700000002980,6.620942151000065,51.840190826000025,1,05231024705000795122
05,5,15,000,2023,10,14,3,3,5,2,0,1,1,0,0,0,0,401787.296000000089407,5754079.312000000849366,7.571612740000035,51.928766424000059,0,05231024702100279188
05,5,15,000,2023,10,16,3,3,3,6,0,1,0,0,0,0,0,405311.308000000193715,5759440.671000000089407,7.621371657000054,51.977567244000056,1,05231024702100079094
05,5,62,016,2023,10,14,3,3,5,3,0,1,1,0,0,0,0,375494.133000000379980,5734715.798699999228120,7.196362537000027,51.749492121000060,0,05231024701700785465
05,5,62,016,2023,10,13,3,3,0,7,0,1,0,0,0,0,1,374656.203300000168383,5733548.559499999508262,7.184651139000039,51.738815490000036,0,05231024701700179600
05,5,62,032,2023,10,15,3,3,6,4,0,0,1,1,0,0,0,377485.338100000284612,5715286.453099999576807,7.232003911000049,51.575316161000046,1,05231024701110381315
05,5,13,000,2023,10,17,3,3,5,3,0,0,1,0,0,0,0,366862.243099999614060,5706873.451700000092387,7.081973582000046,51.497302981000075,1,05231024700000089637
05,5,62,024,2023,10,07,2,3,2,6,0,0,1,0,0,0,1,369366.019700000062585,5724231.880799999460578,7.111566842000059,51.653882802000055,0,05231030701500985350
05,5,58,016,2023,10,20,2,3,6,4,2,0,1,1,0,0,0,381746.748399999924004,5744194.422399999573827,7.283663772000068,51.836033570000041,1,05231023706000296571
05,5,54,020,2023,10,10,2,3,5,3,0,0,1,0,1,0,0,365585.553500000387430,5783125.884700000286102,7.033961337000051,52.182204246000026,0,05231023705000665795
05,5,54,048,2023,10,07,2,3,8,1,0,0,1,0,0,0,0,341942.322399999946356,5743693.180099999532104,6.706605002000060,51.821686165000074,1,05231023705000596647
05,5,54,012,2023,10,19,2,3,5,2,1,1,1,0,0,0,0,352783.938000000081956,5746043.349999999627471,6.862793141000054,51.845763748000081,1,05231023705000491747
05,5,15,000,2023,10,07,2,3,6,6,0,1,0,1,0,0,0,406783.647699999623001,5757345.738700000569224,7.643370557000026,51.958985929000050,0,05231023702100982446
05,5,15,000,2023,10,13,2,3,5,2,0,1,1,0,0,0,0,402513.667999999597669,5758308.655999999493361,7.580973984000025,51.966908643000068,0,05231023702100673310
05,5,12,000,2023,10,08,2,3,6,4,0,0,1,1,0,0,0,353579.305599999614060,5711056.983799999579787,6.889010807000034,51.531610373000035,0,05231023701400795791
05,5,62,032,2023,10,16,2,3,5,3,0,1,1,0,0,0,0,374875.382000000216067,5719342.143999999389052,7.192913644000043,51.611191845000064,0,05231023701110478743
05,5,13,000,2023,10,15,2,3,0,7,0,0,0,1,0,0,1,368423.501500000245869,5707907.031099999323487,7.104066734000071,51.506957100000079,0,05231023700000982441
05,5,54,028,2023,10,09,2,2,0,1,0,0,0,0,1,0,1,357994.546600000001490,5743637.467000000178814,6.939371653000023,51.825495555000032,1,05231030705000982108
05,5,70,024,2023,10,16,1,3,1,5,1,1,1,0,0,0,0,420372.192300000227988,5753518.713300000876188,7.841971110000031,51.926696151000044,0,05231029711100096662
05,5,70,052,2023,10,15,1,3,0,2,0,1,0,0,0,0,0,429835.982900000177324,5756030.378100000321865,7.979065599000023,51.950548421000065,0,05231022711100487232
05,5,58,012,2023,10,17,1,3,5,3,0,1,0,0,0,0,0,373469.045199999585748,5756520.400100000202656,7.159063375000073,51.944986955000047,0,05231022706000285478
05,5,54,012,2023,10,14,1,3,0,1,0,0,0,0,1,0,0,352946.447700000368059,5746283.653899999335408,6.865048413000068,51.847965691000070,1,05231022705000420734
05,5,15,000,2023,10,21,1,3,4,6,2,1,0,0,0,0,1,405601.157999999821186,5757150.833000000566244,7.626219997000021,51.957034534000059,0,05231022702100045932
05,5,58,044,2023,10,12,7,3,0,7,0,1,0,1,0,0,0,399262.481999999843538,5742317.486999999731779,7.538337606000027,51.822597415000075,1,05231021706000085680
05,5,54,008,2023,10,11,7,3,0,3,0,0,1,0,1,0,0,337050.662999999709427,5747080.198999999091029,6.634096990000046,51.850708704000056,1,05231021705000795988
05,5,15,000,2023,10,15,7,3,5,2,0,1,1,0,0,0,0,408725.110000000335276,5750835.692999999970198,7.673344318000034,51.900791498000046,0,05231021702100296615
05,5,13,000,2023,10,11,7,3,0,1,0,0,1,0,0,0,0,367767.442099999636412,5706662.373500000685453,7.095085498000060,51.495618538000031,1,05231021700000481314
05,5,70,008,2023,10,18,6,2,1,7,1,0,1,0,0,0,0,434176.630900000222027,5733458.724700000137091,8.046513055000048,51.748161319000076,1,05231020711300394427
05,5,70,004,2023,10,13,6,3,5,3,0,1,0,0,0,0,0,423184.245000000111759,5734938.028000000864267,7.886985609000021,51.760060337000027,1,05231020711200191693
05,5,66,076,2023,10,10,6,2,5,3,0,0,1,0,0,0,0,391775.209999999962747,5791954.018999999389052,7.414026640000031,52.267304611000043,1,05231020709500982566
05,5,66,076,2023,10,12,6,3,3,1,0,0,1,0,1,0,0,395036.278500000014901,5794597.709499999880791,7.460973753000076,52.291696310000077,1,05231020709500379214
05,5,58,032,2023,10,18,6,3,6,2,2,0,1,1,0,0,0,386962.627899999730289,5754370.345399999991059,7.355999539000038,51.928569134000043,1,05231020706000091824
05,5,54,004,2023,10,12,6,3,5,3,0,1,1,0,0,0,0,365182.961400000378489,5772933.361500000581145,7.032117943000060,52.090521790000082,1,05231020705000979183
05,5,54,008,2023,10,13,6,3,5,3,0,0,1,0,0,0,0,335984.047000000253320,5745343.392999999225140,6.619448465000062,51.834793881000053,1,05231020705000476721
05,5,54,012,2023,10,11,6,3,3,2,0,0,0,0,0,1,1,353221.206100000068545,5746503.199100000783801,6.868941225000071,51.850010600000076,1,05231020705000391843
05,5,62,024,2023,10,07,6,3,4,2,2,1,1,0,0,0,0,369411.610000000335276,5723893.797000000253320,7.112351757000056,51.650855168000078,1,05231020701500099316
05,5,13,000,2023,10,12,6,3,6,4,0,0,1,1,0,0,0,368110.825199999846518,5708229.554600000381470,7.099443300000075,51.509782654000048,0,05231020700000982551
05,5,13,000,2023,10,08,6,3,5,2,0,0,1,0,1,0,0,363744.461000000126660,5713926.426000000908971,7.034357386000067,51.559940920000031,1,05231020700000191370
05,5,66,084,2023,10,10,5,3,7,7,0,1,1,0,0,0,0,390562.478000000119209,5776539.573999999091029,7.401241722000066,52.128532826000026,1,05231026709300274742
05,5,66,076,2023,10,10,5,3,5,3,0,0,1,0,1,0,0,395293.530000000260770,5793729.857000000774860,7.465013871000053,52.283945753000069,1,05231019709500596560
05,5,58,032,2023,10,15,5,3,1,1,0,1,1,0,0,0,0,386766.116000000387430,5754461.918999999761581,7.353112639000074,51.929352198000061,0,05231019706000036380
05,5,54,020,2023,10,16,5,3,5,3,0,0,1,0,0,0,0,367733.907999999821186,5785086.137000000104308,7.064600078000069,52.200337449000074,0,05231019705000982600
05,5,54,004,2023,10,17,5,3,5,3,0,1,0,0,0,0,0,361047.200000000186265,5772904.114000000059605,6.971801774000028,52.089236141000072,0,05231019705000474672
05,5,15,000,2023,10,08,5,3,0,6,0,1,0,0,0,0,0,405715.915500000119209,5756933.499399999156594,7.627949178000051,51.955100513000048,1,05231019702100774736
05,5,15,000,2023,10,07,5,3,0,2,1,1,1,0,0,0,0,406959.471699999645352,5751645.129399999976158,7.647470356000042,51.907775163000053,1,05231019702100196667
05,5,62,004,2023,10,16,5,3,0,7,0,0,0,0,1,0,0,385803.399899999611080,5712902.976999999955297,7.352760085000057,51.555640193000045,1,05231019701800891004
05,5,62,024,2023,10,06,5,3,3,6,2,0,1,0,0,0,0,368947.021099999547005,5725622.891300000250340,7.104991875000053,51.666285679000055,1,05231019701500855785
05,5,13,000,2023,10,16,5,3,2,6,0,0,1,0,0,0,0,362426.349000000394881,5710967.007899999618530,7.016511446000038,51.533026866000057,1,05231019700000557757
05,5,66,068,2023,10,13,2,3,4,6,0,1,0,0,0,0,0,377920.471300000324845,5785736.896900000050664,7.213339845000064,52.208535350000034,0,05231023709300742430
05,5,70,052,2023,10,13,4,3,0,2,0,1,0,0,0,0,0,424502.789900000207126,5757561.759999999776483,7.901142337000067,51.963616217000038,0,05231018711100693886
05,5,66,028,2023,10,20,4,3,8,1,2,0,0,0,1,0,0,412749.890399999916553,5791388.750700000673532,7.721451993000073,52.265951821000044,1,05231018709700982623
05,5,66,056,2023,10,11,4,3,9,1,0,0,1,0,0,0,0,416967.203999999910593,5796796.685000000521541,7.781903523000040,52.315213859000039,0,05231018709700091774
05,5,66,076,2023,10,07,4,3,5,3,0,1,1,0,0,0,0,395717.150000000372529,5787484.695000000298023,7.473150666000038,52.227898732000028,0,05231018709500079092
05,5,66,012,2023,10,14,4,3,0,1,0,1,0,0,0,0,0,405043.554800000041723,5772866.248199999332428,7.613746251000066,52.098194313000079,0,05231018709110982646
05,5,58,024,2023,10,09,4,2,0,7,0,0,0,0,0,0,1,392267.047699999995530,5736514.112700000405312,7.438678790000040,51.769132136000053,0,05231018706300436458
05,5,58,012,2023,10,15,4,3,5,3,0,1,1,0,0,0,0,374666.379300000146031,5755870.032800000160933,7.176711215000068,51.939413465000030,0,05231018706200982500
05,5,58,012,2023,10,16,4,3,5,3,0,0,1,0,0,0,0,374747.524000000208616,5753683.345000000670552,7.178686926000069,51.919781027000056,0,05231018706100295040
05,5,54,048,2023,10,05,4,3,5,3,2,1,1,0,0,0,0,341707.268600000068545,5745536.386499999091029,6.702354460000038,51.838178976000052,0,05231018705000886830
05,5,54,008,2023,10,13,4,3,6,4,0,1,0,1,0,0,0,334088.041400000452995,5746291.560399999842048,6.591500959000030,51.842751579000037,0,05231018705000686830
05,5,54,008,2023,10,15,4,3,5,3,0,1,1,0,0,0,0,335777.896999999880791,5743905.879000000655651,6.617141091000065,51.821819493000078,0,05231018705000076765
05,5,62,004,2023,10,07,4,3,0,1,0,1,0,0,0,0,0,382062.779500000178814,5712753.048800000920892,7.298878613000056,51.553523052000060,0,05231018701800563295
05,5,13,000,2023,10,19,4,3,2,6,2,0,0,0,0,0,1,368950.658999999985099,5716331.385199999436736,7.108520817000056,51.582787266000082,0,05231018700000385657