ULAND,UREGBEZ,UKREIS,UGEMEINDE,UJAHR,UMONAT,USTUNDE,UWOCHENTAG,UKATEGORIE,UART,UTYP1,ULICHTVERH,IstRad,IstPKW,IstFuss,IstKrad,IstGkfz,IstSonstige,LINREFX,LINREFY,XGCSWGS84,YGCSWGS84,STRZUSTAND,UIDENTSTLAE
05,5,70,020,2023,10,19,3,3,7,7,2,0,0,0,1,0,0,434752.144600000232458,5741672.238299999386072,8.053303970000059,51.822068644000069,0,05231017711400982667
05,5,58,044,2023,10,07,3,3,6,7,0,1,0,0,0,0,1,399662.233000000007451,5741747.888499999418855,7.544300850000070,51.817549604000078,0,05231017706300608330
05,5,54,008,2023,10,07,3,2,0,6,0,1,1,0,0,0,0,335966.454499999992549,5744597.391100000590086,6.619546908000075,51.828087044000029,0,05231017705000982718
05,5,54,008,2023,10,11,3,3,5,2,0,1,1,0,0,0,0,335272.610000000335276,5744976.907999999821186,6.609306681000021,51.831292255000051,0,05231017705000982710
05,5,54,056,2023,10,15,3,3,5,3,0,1,1,0,0,0,0,355670.199500000104308,5762359.395999999716878,6.897824805000027,51.993117715000039,0,05231017705000121164
05,5,15,000,2023,10,18,3,3,5,3,1,0,1,0,0,0,0,404655.843999999575317,5752738.799000000581145,7.613690260000055,51.917216045000032,0,05231017702100682138
05,5,15,000,2023,10,14,3,3,1,1,0,1,1,0,0,0,0,403379.949000000022352,5756998.206000000238419,7.593948212000043,51.955281165000031,0,05231017702100474725
05,5,15,000,2023,10,12,3,3,7,7,0,1,0,0,0,0,0,405126.162399999797344,5755528.745799999684095,7.619757335000031,51.942373688000032,0,05231017702100391701
05,5,15,000,2023,10,16,3,3,6,4,0,0,0,1,0,0,1,405553.849499999545515,5757552.731100000441074,7.625421237000069,51.960638935000077,0,05231017702100091864
05,5,62,036,2023,10,16,3,3,5,3,0,0,1,0,0,0,1,389922.424999999813735,5720529.816500000655651,7.409758034000049,51.625010018000069,0,05231017701930581000
05,5,62,004,2023,10,07,3,3,0,7,0,0,0,0,0,0,1,382757.075199999846518,5712339.049900000914931,7.309026396000036,51.549946860000034,0,05231017701800699515
05,5,13,000,2023,10,14,3,3,5,3,0,1,1,0,0,0,0,367720.616000000387430,5709141.678999999538064,7.093481355000051,51.517888451000033,0,05231017700000075415
05,5,66,028,2023,10,18,5,3,0,1,1,1,0,0,0,0,0,411696.771800000220537,5789952.810599999502301,7.706399662000024,52.252877122000029,0,05231019709700096560
05,5,15,000,2023,10,18,6,3,6,4,2,0,1,1,0,0,0,405902.062500000000000,5757239.378299999982119,7.630573433000052,51.957881420000035,1,05231027702100476685
05,5,62,014,2023,10,14,3,2,1,3,0,1,1,0,0,0,0,358944.934700000099838,5714167.372899999842048,6.965068235000047,51.560926254000037,1,05231024701300671200
05,5,66,088,2023,10,17,2,3,0,1,0,1,0,0,0,0,0,418901.798000000417233,5787732.880999999120831,7.812457062000021,52.234032145000072,1,05231016709800261950
05,5,66,028,2023,10,22,2,2,5,3,2,1,1,0,0,0,0,410644.856999999843538,5792132.601999999955297,7.690416807000076,52.272299709000038,0,05231016709700653151
05,5,66,076,2023,10,14,2,2,0,1,0,1,0,0,0,0,0,393568.559999999590218,5792972.409199999645352,7.439975188000062,52.276807093000059,0,05231016709500096560
05,5,66,012,2023,10,07,2,3,0,3,1,1,1,0,0,0,0,405544.290000000037253,5772673.967000000178814,7.621107405000032,52.096551765000072,0,05231016709110982758
05,5,66,012,2023,10,23,2,3,0,6,2,0,1,0,0,0,0,403340.049499999731779,5772546.408099999651313,7.588975866000055,52.095024574000035,0,05231016709110172342
05,5,54,008,2023,10,15,2,3,6,6,0,0,0,1,0,0,1,335288.764000000432134,5745614.133999999612570,6.609237615000040,51.837021462000052,0,05231016705000591760
05,5,15,000,2023,10,08,2,3,4,6,0,1,1,0,0,0,0,405084.270800000056624,5758510.612299999222159,7.618324323000024,51.969168786000068,0,05231016702100982756
05,5,15,000,2023,10,09,2,3,5,3,0,1,1,0,0,0,0,402052.154000000096858,5754195.832000000402331,7.575430331000064,51.929860407000035,0,05231016702100727000
05,5,62,008,2023,10,07,2,3,6,2,0,0,1,1,0,0,0,384451.207000000402331,5721742.632500000298023,7.330352822000066,51.634813599000040,0,05231016701910649578
05,5,62,014,2023,10,16,2,3,5,3,0,1,1,0,0,0,0,359774.370299999602139,5715209.060599999502301,6.976610430000051,51.570493696000028,0,05231016701300181321
05,5,13,000,2023,10,07,2,3,6,2,2,0,1,1,0,0,0,365408.732200000435114,5709567.731000000610948,7.060018242000069,51.521171085000049,1,05231016700000275453
05,5,62,016,2023,10,15,4,3,5,2,0,1,1,0,0,0,0,374871.158999999985099,5732981.137000000104308,7.187966677000077,51.733764175000033,1,05231025701700373596
05,5,70,052,2023,11,12,6,3,8,1,0,0,1,0,0,0,0,434372.120000000111759,5754874.541099999099970,8.045279905000029,51.940711447000069,0,05231117711100981204
05,5,70,052,2023,11,13,6,3,6,6,0,1,0,1,0,0,0,429898.202700000256300,5756088.203999999910593,7.979958990000057,51.951076099000034,0,05231117711100374650
05,5,66,076,2023,11,07,6,3,5,2,1,0,1,0,0,0,0,393345.649000000208616,5796551.873999999836087,7.435575989000029,52.308933107000030,0,05231117709500579092
05,5,58,004,2023,11,16,6,3,1,5,1,0,1,0,0,0,1,404709.580000000074506,5738456.838999999687076,7.618408818000034,51.788850982000042,0,05231117706000981192
05,5,54,008,2023,11,07,6,3,5,3,2,1,1,0,0,0,0,337258.643000000156462,5746723.466000000014901,6.637281835000067,51.847564648000059,0,05231117705000895196
05,5,15,000,2023,11,14,6,3,0,3,0,1,0,0,0,0,0,406098.419999999925494,5757507.058599999174476,7.633357012000033,51.960320648000049,0,05231117702100979224
05,5,62,024,2023,11,21,6,2,5,3,2,0,1,0,0,0,0,369393.861999999731779,5726248.789999999105930,7.111215357000049,51.672014405000027,0,05231117701500785350
05,5,62,020,2023,11,15,6,3,5,3,0,1,1,0,0,0,0,366888.743099999614060,5719088.749800000339746,7.077732289000039,51.607083152000030,0,05231117701200485656
05,5,62,032,2023,11,17,6,2,0,7,1,1,0,0,0,0,0,378116.395100000314415,5716832.774000000208616,7.240569212000025,51.589350298000056,0,05231117701120981187
05,5,54,016,2023,11,17,5,3,0,1,1,0,0,0,0,0,1,362805.221099999733269,5757436.069900000467896,7.003644584000028,51.950687391000031,1,05231116705000895870
05,5,54,008,2023,11,05,5,3,5,3,2,0,1,0,1,0,0,333218.071000000461936,5743982.333000000566244,6.579996735000066,51.821748209000077,0,05231116705000091733
05,5,54,020,2023,11,16,5,3,5,2,0,1,1,0,0,0,0,363914.233699999749660,5786639.856799999251962,7.008119872000066,52.213368302000049,0,05231116705000021120
05,5,54,008,2023,11,08,5,3,6,2,0,0,1,1,0,0,0,335872.244199999608099,5746103.859999999403954,6.617466507000074,51.841592642000080,0,05231116705000017283
05,5,15,000,2023,11,13,5,3,2,6,0,1,1,0,0,0,0,407423.025899999774992,5757312.930099999532104,7.652681835000067,51.958797851000043,0,05231116702100981243
05,5,15,000,2023,11,16,5,3,8,1,0,1,0,0,0,0,0,401384.704900000244379,5757563.611199999228120,7.564760104000072,51.960012901000027,0,05231116702100678293
05,5,15,000,2023,11,10,5,3,5,3,0,0,1,0,0,0,1,403802.791100000031292,5761688.972599999979138,7.598784661000025,51.997516517000065,0,05231116702100174710
05,5,15,000,2023,11,18,5,3,0,1,2,1,0,0,0,0,0,406098.356200000271201,5757507.113399999216199,7.633356069000058,51.960321130000068,1,05231116702100168126
05,5,15,000,2023,11,19,5,3,6,2,2,0,1,1,0,0,0,405569.749599999748170,5754352.628299999982119,7.626531614000044,51.931877660000055,1,05231116702100156497
05,5,70,008,2023,11,07,4,3,5,2,1,1,1,0,0,0,0,433518.285299999639392,5733842.475500000640750,8.036904635000042,51.751533526000060,0,05231115711300481043
05,5,70,052,2023,11,12,4,3,0,3,0,1,1,0,0,0,0,429729.790300000458956,5755191.709000000730157,7.977692134000051,51.942995708000069,1,05231115711100687270
05,5,66,076,2023,11,11,4,3,0,1,0,1,0,0,0,0,0,394477.447100000455976,5793947.752699999138713,7.452986673000055,52.285747956000080,1,05231115709500376680
05,5,66,084,2023,11,08,4,2,5,3,0,1,1,0,0,0,0,385914.327200000174344,5777785.115199999883771,7.332950107000045,52.138786521000043,1,05231115709300787316
05,5,58,024,2023,11,18,4,3,8,1,2,1,0,0,0,0,0,390899.377199999988079,5736315.501900000497699,7.418928279000056,51.767082179000056,1,05231115706000981292
05,5,58,024,2023,11,19,4,3,1,5,2,1,1,0,0,0,0,392833.050499999895692,5735921.247500000521541,7.447061232000067,51.763912093000044,1,05231115706000776730
05,5,54,012,2023,11,16,4,3,5,7,0,1,0,0,0,0,0,352134.127000000327826,5745103.450999999418855,6.853768433000027,51.837147150000078,0,05231115705000981298
05,5,54,008,2023,11,16,4,3,1,5,0,1,1,0,0,0,0,335876.835900000296533,5745261.689600000157952,6.617932587000041,51.834028413000055,0,05231115705000981294
05,5,54,008,2023,11,13,4,3,5,2,0,1,1,0,0,0,0,336669.853000000119209,5745688.760999999940395,6.629230115000041,51.838097449000031,1,05231115705000591776
05,5,54,020,2023,11,08,4,3,5,3,0,1,1,0,0,0,0,365582.756699999794364,5783119.375299999490380,7.033923036000033,52.182145075000051,1,05231115705000381394
05,5,54,008,2023,11,07,4,2,5,3,1,1,0,0,0,0,1,333304.262900000438094,5743182.416999999433756,6.581631125000058,51.814588104000052,1,05231115705000096520
05,5,15,000,2023,11,20,4,3,3,6,2,1,1,0,0,0,0,405637.750599999912083,5758778.161800000816584,7.626305201000037,51.971667872000069,0,05231115702100926923
05,5,62,012,2023,11,11,4,3,5,3,0,0,1,0,0,1,0,364620.743999999947846,5731782.098999999463558,7.040083226000036,51.720607729000051,1,05231115701620798975
05,5,12,000,2023,11,10,4,3,5,2,0,0,1,0,0,0,0,360074.069099999964237,5711272.697000000625849,6.982498051000050,51.535195741000052,1,05231115701400696188
05,5,70,008,2023,11,07,3,3,5,3,1,0,1,0,1,0,0,433867.501000000163913,5733229.893999999389052,8.042079332000071,51.746067704000041,1,05231114711300981400
05,5,15,000,2023,11,18,3,3,5,3,2,0,1,0,0,0,1,407020.213800000026822,5759437.306099999696016,7.646245956000030,51.977825584000072,1,05231114702100981364
05,5,62,024,2023,11,12,3,3,0,7,0,1,0,0,0,0,0,370592.402999999932945,5727840.516899999231100,7.127948322000066,51.686596059000067,1,05231114701500181308
05,5,62,032,2023,11,18,3,3,5,3,2,1,1,0,0,0,0,376067.564399999566376,5718813.011600000783801,7.210309457000051,51.606700139000054,1,05231114701110981357
05,5,13,000,2023,11,18,3,2,6,4,2,0,1,1,0,0,0,367606.109100000001490,5713395.460999999195337,7.090232227000058,51.556088984000041,1,05231114700000181334
05,5,70,004,2023,11,05,2,3,5,2,2,0,1,0,0,0,1,424199.000000000000000,5735262.367399999871850,7.901615113000048,51.763114323000082,0,05231113711200981466
05,5,70,024,2023,11,14,2,3,5,3,0,1,1,0,0,0,0,421611.595800000242889,5753533.109999999403954,7.859988616000066,51.927001480000058,1,05231113711100595835
05,5,70,032,2023,11,10,2,3,0,7,0,0,1,0,0,0,0,420492.632199999876320,5765785.778899999335408,7.840879201000064,52.036983851000059,1,05231113711100580982
05,5,66,076,2023,11,13,2,3,9,7,0,0,1,0,0,0,0,392087.243700000457466,5795323.303700000047684,7.417518850000022,52.297646013000076,1,05231113709500996635
05,5,62,032,2023,11,13,2,3,5,3,0,0,1,0,0,0,0,374021.114799999631941,5715094.451700000092387,7.182107643000052,51.572827108000070,1,05231113701120189940
05,5,62,032,2023,11,07,2,3,9,1,1,0,1,0,0,0,0,375144.984000000171363,5717249.980900000780821,7.197550041000056,51.592449187000057,1,05231113701110981448
05,5,62,032,2023,11,22,2,3,5,3,2,0,1,0,1,0,0,376349.554899999871850,5717594.049499999731779,7.214809257000070,51.595807074000049,1,05231113701110977683
05,5,13,000,2023,11,08,2,3,5,3,0,1,1,0,0,0,0,368272.847299999557436,5707903.805400000885129,7.101898389000041,51.506893014000070,1,05231113700000981452
05,5,13,000,2023,11,13,2,3,2,6,0,0,1,0,0,0,0,365460.261199999600649,5716007.237999999895692,7.058297666000044,51.579051921000030,1,05231113700000075468
05,5,54,012,2023,11,14,1,3,0,3,0,1,1,0,0,0,0,351680.231999999843538,5745766.698000000789762,6.846900919000063,51.842985973000054,0,05231112705000981491
05,5,54,008,2023,11,09,1,3,5,3,0,1,1,0,0,0,0,335626.537700000219047,5747541.315300000831485,6.613219780000065,51.854433591000031,1,05231112705000180994
05,5,15,000,2023,11,17,1,3,3,6,1,1,0,0,0,0,0,405787.786899999715388,5758018.764200000092387,7.628697088000024,51.964867534000064,0,05231112702100076684
05,5,62,014,2023,11,17,1,3,6,7,2,0,1,1,0,0,0,360226.730000000447035,5715687.441999999806285,6.982943082000077,51.574904770000046,1,05231112701300671480
05,5,13,000,2023,11,15,1,3,6,4,0,0,1,1,0,0,0,368025.540900000371039,5709254.705499999225140,7.097831246000055,51.518975513000044,0,05231112700000891625
05,5,58,036,2023,11,00,7,3,1,7,2,1,1,0,0,0,0,387978.941899999976158,5729719.929999999701977,7.378747024000063,51.707226078000076,0,05231111706000394282
05,5,54,012,2023,11,14,7,2,5,3,0,1,1,0,0,0,0,351757.856300000101328,5745594.031799999997020,6.848100904000034,51.841455205000045,0,05231111705000981530
05,5,54,008,2023,11,18,7,3,5,2,1,1,1,0,0,0,0,335610.592100000008941,5746245.154100000858307,6.613604682000073,51.842784982000069,1,05231111705000695080
05,5,62,014,2023,11,14,7,3,2,2,0,0,1,0,0,0,0,363169.133299999870360,5712781.600400000810623,7.026508334000027,51.549513895000075,0,05231111701300981528
05,5,70,004,2023,11,17,6,2,6,4,2,0,1,1,0,0,0,423872.060800000093877,5735639.555099999532104,7.896795931000042,51.766460753000047,1,05231110711200087238
05,5,66,040,2023,11,23,6,3,0,1,2,1,0,0,0,0,0,421378.024899999611080,5783062.827099999412894,7.849793917000056,52.192413066000029,1,05231110709800096586
05,5,66,028,2023,11,07,6,3,0,1,0,1,0,0,0,0,0,412153.489699999801815,5793003.727299999445677,7.712294188000044,52.280372720000059,1,05231110709700496558
05,5,54,008,2023,11,11,6,3,3,3,0,1,1,0,0,0,0,334921.998900000005960,5746478.830499999225140,6.603506456000048,51.844681040000069,1,05231110705000996584
05,5,54,008,2023,11,22,6,2,6,4,2,0,1,1,0,0,0,334928.203900000080466,5743977.903699999675155,6.604789329000027,51.822216180000055,1,05231110705000581626
05,5,54,012,2023,11,13,6,3,0,2,0,1,1,0,0,0,0,352979.021200000308454,5746239.223899999633431,6.865539858000034,51.847575069000072,1,05231110705000338825
05,5,54,008,2023,11,13,6,3,0,3,0,1,0,0,0,0,0,337864.316899999976158,5746172.353399999439716,6.646325499000056,51.842789886000048,1,05231110705000091856
05,5,62,028,2023,11,07,6,3,1,5,1,1,0,0,0,0,1,379012.294200000353158,5722865.220699999481440,7.251412510000023,51.643759171000056,1,05231110701920155646
05,5,62,008,2023,11,04,6,3,5,3,2,1,1,0,0,0,0,383080.021599999628961,5720889.664699999615550,7.310833641000045,51.626864123000075,1,05231110701910077767
05,5,12,000,2023,11,21,6,3,5,2,2,1,1,0,0,0,0,358609.885999999940395,5708794.182000000029802,6.962395906000040,51.512559010000075,1,05231110701400895791
05,5,62,032,2023,11,13,6,2,0,1,0,1,0,0,0,0,0,375639.037999999709427,5715145.828999999910593,7.205423899000039,51.573648063000064,1,05231110701120981560
05,5,62,032,2023,11,14,6,3,2,6,0,0,1,0,0,0,0,375313.687699999660254,5715284.832000000402331,7.200682120000067,51.574825443000066,1,05231110701120981554
05,5,70,036,2023,11,05,5,3,7,7,2,0,0,0,1,0,0,438571.071999999694526,5759032.866000000387430,8.105612081000061,51.978573931000028,1,05231109711100596535
05,5,66,076,2023,11,12,5,3,5,3,0,1,1,0,0,0,0,395073.459999999962747,5794445.547000000253320,7.461566099000038,52.290335886000037,1,05231109709500202376
05,5,66,012,2023,11,07,5,3,8,1,2,0,1,0,1,0,0,405750.209999999962747,5772279.649900000542402,7.624221595000051,52.093042671000035,1,05231109709110711848
05,5,66,068,2023,11,07,5,3,5,3,1,1,1,0,0,0,0,376322.341000000014901,5785730.091000000014901,7.189965916000062,52.208117868000045,1,05231109709000821110
05,5,58,012,2023,11,14,5,3,0,1,0,1,0,0,0,0,0,374478.680999999865890,5756573.676999999210238,7.173725321000063,51.945694438000032,1,05231109706000368252
05,5,54,068,2023,11,15,5,3,0,3,1,1,0,0,0,0,0,349919.511500000022352,5766297.291300000622869,6.812404905000051,52.026973185000031,1,05231109705000391842
05,5,13,000,2023,11,11,5,3,2,6,0,0,1,0,0,0,1,363239.372999999672174,5717134.221999999135733,7.025826718000076,51.588644816000055,1,05231109700000998873
05,5,13,000,2023,11,06,5,3,5,3,1,0,1,0,0,0,0,367564.439000000245869,5713455.539000000804663,7.089608873000032,51.556619102000070,1,05231109700000580952
05,5,66,076,2023,11,15,4,3,5,2,0,1,1,0,0,0,0,393687.518000000156462,5793994.869999999180436,7.441395684000042,52.286019169000042,0,05231108709500236092
05,5,66,008,2023,11,16,4,3,0,7,0,1,1,0,0,0,0,399976.744300000369549,5781278.871799999848008,7.537327257000072,52.172912701000030,1,05231108709110796565
05,5,66,008,2023,11,18,4,3,5,3,2,1,1,0,0,0,0,399073.116999999620020,5782327.188899999484420,7.523806002000072,52.182170122000059,1,05231108709110287268
05,5,58,016,2023,11,17,4,3,0,1,1,1,1,0,0,0,0,391142.736999999731779,5759284.266599999740720,7.415212464000035,51.973566626000036,0,05231108706000727954
05,5,54,008,2023,11,10,4,2,1,7,0,0,1,0,0,1,0,338122.360000000335276,5745825.921000000089407,6.650230146000069,51.839752526000041,0,05231108705000895967
05,5,54,048,2023,11,09,4,3,0,3,0,1,0,0,0,0,1,341428.588899999856949,5745297.968299999833107,6.698422164000021,51.835957986000039,0,05231108705000786008
05,5,54,068,2023,11,12,4,3,0,1,0,1,0,0,0,0,0,351655.248499999754131,5766993.562300000339746,6.837383759000033,52.033695713000043,0,05231108705000491695
05,5,54,008,2023,11,08,4,3,5,3,0,1,1,0,0,0,0,337394.430499999783933,5745390.118699999526143,6.639878196000041,51.835625998000069,0,05231108705000481025
05,5,62,012,2023,11,10,4,3,5,3,0,1,1,0,0,0,0,357810.356700000353158,5727412.959100000560284,6.943335921000028,51.679663032000065,0,05231108701610389512
05,5,66,060,2023,11,16,3,3,6,4,0,0,1,1,0,0,0,390713.821000000461936,5785997.297000000253320,7.400405512000020,52.213561183000081,0,05231114709500396542
05,5,66,028,2023,11,16,3,3,5,3,0,1,1,0,0,0,0,412949.092000000178814,5790534.264000000432134,7.724590676000048,52.258302983000078,0,05231107709700091071
05,5,66,012,2023,11,13,3,3,4,6,0,1,0,0,0,0,0,404945.946200000122190,5773930.663799999281764,7.612024718000043,52.107744690000061,0,05231107709110596565
05,5,66,008,2023,11,15,3,2,5,3,0,1,1,0,0,0,0,398549.116999999620020,5780889.702999999746680,7.516574484000046,52.169154346000028,0,05231107709110281140
05,5,54,020,2023,11,07,3,3,0,1,0,0,0,0,0,0,1,364625.676500000059605,5786070.580000000074506,7.018754103000049,52.208428448000063,1,05231107705000947520
05,5,54,008,2023,11,11,3,3,0,3,0,1,1,0,0,0,0,335346.454699999652803,5745608.824100000783801,6.610076728000024,51.836990771000046,1,05231107705000491856
05,5,15,000,2023,11,14,3,3,1,5,0,1,0,0,0,0,1,407567.999300000257790,5757815.276100000366569,7.654655889000026,51.963337325000055,1,05231107702100042403
05,5,62,012,2023,11,10,3,3,0,7,0,1,1,0,0,0,0,362185.623200000263751,5726521.203800000250340,7.006930789000023,51.672740355000030,1,05231107701610147423
05,5,70,004,2023,11,17,2,3,1,6,2,0,1,0,0,0,0,423621.593899999745190,5735011.123199999332428,7.893305188000056,51.760777260000054,1,05231106711200079153
05,5,66,028,2023,11,06,2,3,4,7,2,1,1,0,0,0,0,412237.328900000080466,5793036.384199999272823,7.713514315000054,52.280679641000063,0,05231106709700447180
05,5,58,036,2023,11,17,2,3,6,4,2,0,1,1,0,0,0,387960.099700000137091,5729931.382799999788404,7.378406475000077,51.709122812000032,1,05231106706300896611
05,5,54,016,2023,11,17,2,2,5,3,2,1,1,0,0,0,0,363627.424999999813735,5757352.702999999746680,7.015633977000050,51.950140474000079,1,05231106705000981744
05,5,54,008,2023,11,16,2,3,5,3,0,1,0,0,0,0,0,335606.714999999850988,5745856.858999999240041,6.613732979000076,51.839295631000027,1,05231106705000687251
05,5,54,004,2023,11,18,2,3,6,2,2,0,1,1,0,0,0,363215.145999999716878,5771367.529999999329448,7.004041065000024,52.075969384000075,1,05231106705000291842
05,5,15,000,2023,11,14,2,3,4,6,0,1,1,0,0,0,0,403149.934000000357628,5757321.095000000670552,7.590511017000040,51.958143378000045,0,05231106702100791836
05,5,15,000,2023,11,14,2,3,2,2,0,1,1,0,0,0,0,405736.640599999576807,5758438.861199999228120,7.627837530000022,51.968634876000067,1,05231106702100674054
05,5,13,000,2023,11,13,2,3,3,6,0,1,1,0,0,0,0,366795.783999999985099,5707085.671000000089407,7.080936608000059,51.499194472000056,0,05231106700000999247
05,5,13,000,2023,11,11,2,3,0,1,0,0,0,0,0,0,1,369899.668899999931455,5709410.948899999260902,7.124769989000072,51.520814420000079,1,05231106700000599320
05,5,54,060,2023,11,10,3,3,5,3,0,0,1,0,0,0,0,349336.111499999649823,5756189.562100000679493,6.808346410000070,51.936003259000074,1,05231114705000282366
05,5,54,008,2023,11,11,1,3,2,6,0,0,1,0,0,0,0,335215.491999999620020,5746046.265000000596046,6.607969259000072,51.840881840000065,1,05231105705000782336
05,5,15,000,2023,11,11,1,3,5,3,0,1,1,0,0,0,0,411569.435999999754131,5761236.835999999195337,7.711998540000025,51.994743660000040,1,05231105702100068135
05,5,70,036,2023,11,21,7,2,9,1,2,0,1,0,0,0,0,433987.035899999551475,5765989.529100000858307,8.037538778000055,52.040586365000081,1,05231104711100061702
05,5,54,008,2023,11,20,7,3,0,1,2,0,0,0,1,0,0,336270.096900000236928,5745110.053500000387430,6.623706773000038,51.832781601000079,1,05231104705000574717
05,5,15,000,2023,11,18,7,2,4,2,2,0,1,0,0,0,1,399191.491899999789894,5756838.505200000479817,7.533064184000068,51.953102278000074,1,05231104702100091771
05,5,12,000,2023,11,14,7,3,5,3,0,0,1,0,0,0,0,359466.835300000384450,5710947.528500000014901,6.973878394000053,51.532122929000082,1,05231104701400998910
05,5,15,000,2023,11,10,6,3,3,2,0,1,0,0,0,0,0,408664.442599999718368,5756348.982200000435114,7.670999728000027,51.950338609000028,0,05231117702100579604
05,5,66,064,2023,11,07,3,2,5,3,1,1,1,0,0,0,0,395899.632000000216067,5771649.960999999195337,7.480675625000060,52.085617887000069,1,05231114709110011955
05,5,66,040,2023,11,08,6,3,5,3,0,0,1,0,0,0,1,422564.313000000081956,5781396.160000000149012,7.867525799000020,52.177599410000028,0,05231103709800981865
05,5,66,084,2023,11,07,6,3,5,3,0,1,1,0,0,0,0,389861.041000000201166,5775933.750000000000000,7.391195013000072,52.122948816000076,1,05231103709300362077
05,5,54,008,2023,11,13,6,3,6,4,0,0,1,1,0,0,0,336553.061599999666214,5745705.893799999728799,6.627528339000037,51.838217195000027,0,05231103705000973526
05,5,54,008,2023,11,18,6,3,6,6,2,1,0,1,0,0,0,336078.087799999862909,5747015.653000000864267,6.620019637000041,51.849844133000033,0,05231103705000581498
05,5,54,008,2023,11,07,6,3,5,2,0,1,1,0,0,0,0,335279.691899999976158,5744256.749700000509620,6.609752023000055,51.824824880000051,0,05231103705000395122
05,5,15,000,2023,11,14,6,3,6,6,0,1,0,1,0,0,0,408810.719600000418723,5755932.874299999326468,7.673237942000071,51.946622372000036,1,05231103702100981843
05,5,15,000,2023,11,12,6,2,5,6,0,1,0,0,0,0,0,405386.128800000064075,5756755.446599999442697,7.623200544000042,51.953444087000037,0,05231103702100096667
05,5,13,000,2023,11,16,6,3,6,7,1,0,0,1,0,0,1,368059.949599999934435,5708016.802400000393391,7.098790211000050,51.507858824000039,0,05231103700000065845
05,5,66,084,2023,11,16,5,2,8,1,1,1,0,0,0,0,0,386267.104799999855459,5777864.252199999988079,7.338076157000046,52.139570457000048,1,05231102709300342420
05,5,54,008,2023,11,05,5,3,5,2,2,1,1,0,0,0,0,335241.864299999549985,5745109.930099999532104,6.608797565000032,51.832478177000041,0,05231102705000786008
05,5,54,008,2023,11,08,5,3,5,3,0,0,1,0,0,0,0,335382.828499999828637,5745153.236500000581145,6.610820917000069,51.832908772000053,1,05231102705000785883
05,5,54,008,2023,11,16,5,3,0,1,1,1,1,0,0,0,0,334091.257299999706447,5743495.036699999123812,6.592887976000043,51.817630597000061,0,05231102705000096700
05,5,62,024,2023,11,16,5,3,5,3,0,0,1,0,0,0,1,372744.030000000260770,5726322.300699999555945,7.159610359000055,51.673443912000039,0,05231102701500975472
05,5,12,000,2023,11,20,5,3,2,6,2,0,1,0,0,0,0,356944.377999999560416,5708830.643200000748038,6.938395724000031,51.512467408000077,0,05231102701400981872
05,5,12,000,2023,11,16,5,3,6,4,0,0,1,1,0,0,0,357518.696200000122190,5710069.798599999397993,6.946165646000054,51.523747479000065,0,05231102701400299330
05,5,13,000,2023,11,10,5,3,1,1,0,1,1,0,0,0,0,365467.703800000250340,5719450.710000000894070,7.057084716000077,51.609998153000049,0,05231102700000981384
05,5,13,000,2023,11,19,5,3,5,3,2,0,1,0,1,0,0,368183.419999999925494,5708369.248999999836087,7.100436564000063,51.511054995000052,0,05231102700000071500
05,5,66,068,2023,11,17,4,3,5,3,2,0,1,0,1,0,0,375375.646999999880791,5784830.266000000759959,7.176449662000039,52.199818702000073,1,05231108709300981654
05,5,54,064,2023,11,05,4,2,0,1,2,1,0,0,0,0,0,356763.603500000201166,5750500.731699999421835,6.918677723000030,51.886849503000064,1,05231101705000981953
05,5,62,004,2023,11,14,4,3,6,4,0,0,1,1,0,0,0,383169.021099999547005,5710945.039499999955297,7.315427871000054,51.537503266000044,0,05231101701800981937
05,5,62,012,2023,11,10,5,3,5,3,0,0,1,0,0,0,1,364728.209900000132620,5732535.387700000777841,7.041345459000070,51.727402807000033,1,05231116701620981254
05,5,70,004,2023,11,07,4,3,2,6,1,0,1,0,1,0,0,424045.368800000287592,5736379.179800000041723,7.899145158000067,51.773133261000055,1,05231115711200881053
05,5,70,004,2023,10,20,3,3,5,2,2,0,1,0,0,0,1,423547.402999999932945,5734975.810000000521541,7.892238175000045,51.760449683000047,1,05231031711200379153
05,5,70,004,2023,10,15,3,3,5,3,0,1,1,0,0,0,0,425517.350700000301003,5734842.006699999794364,7.920804928000052,51.759512320000056,1,05231031711200176720
05,5,66,008,2023,10,15,3,3,5,3,0,0,1,0,0,1,0,400688.805599999614060,5778611.756300000473857,7.548516522000057,52.149069756000074,1,05231031709110238293
05,5,58,040,2023,10,22,3,3,6,1,2,0,1,1,0,0,0,381514.474700000137091,5765319.696699999272823,7.273019770000076,52.025837055000068,0,05231031706200379104
05,5,54,008,2023,10,09,3,3,5,3,0,1,0,0,0,0,0,335628.019100000150502,5746240.330900000408292,6.613859720000050,51.842746783000052,0,05231031705000982048
05,5,54,008,2023,10,12,3,3,5,2,0,1,1,0,0,0,0,335778.656000000424683,5744569.114000000059605,6.616837535000059,51.827777851000064,0,05231031705000982036
05,5,54,020,2023,10,16,3,3,0,3,0,1,1,0,0,0,0,366568.793300000019372,5786723.193099999800324,7.046916963000058,52.214766310000073,1,05231031705000982026