ULAND,UREGBEZ,UKREIS,UGEMEINDE,UJAHR,UMONAT,USTUNDE,UWOCHENTAG,UKATEGORIE,UART,UTYP1,ULICHTVERH,IstRad,IstPKW,IstFuss,IstKrad,IstGkfz,IstSonstige,LINREFX,LINREFY,XGCSWGS84,YGCSWGS84,STRZUSTAND,UIDENTSTLAE
05,5,54,008,2023,10,18,3,2,5,3,2,1,1,0,0,0,0,336489.447100000455976,5745717.792700000107288,6.626600191000023,51.838305469000034,1,05231031705000096700
05,5,54,068,2023,10,07,3,3,0,7,1,1,0,0,0,0,0,350195.767500000074506,5767454.576199999079108,6.815921705000051,52.037445334000040,1,05231031705000031360
05,5,15,000,2023,10,16,3,3,5,3,0,1,0,0,0,0,0,405425.100100000388920,5758253.828500000759959,7.623354913000071,51.966918805000034,1,05231031702100772350
05,5,15,000,2023,10,08,3,3,5,2,1,1,1,0,0,0,0,403455.179600000381470,5758832.138100000098348,7.594527081000024,51.971778178000079,1,05231031702100376382
05,5,15,000,2023,10,07,3,3,4,6,2,1,1,0,0,0,0,400620.653099999763072,5756677.064899999648333,7.553900395000028,51.951908443000036,1,05231031702100073310
05,5,62,004,2023,10,08,3,3,6,4,0,0,1,1,0,0,0,383237.878100000321865,5712090.374099999666214,7.316040238000028,51.547811524000053,1,05231031701800908377
05,5,62,016,2023,10,12,3,3,1,5,0,0,1,0,0,0,0,374985.730200000107288,5733399.671900000423193,7.189474581000070,51.737551058000065,1,05231031701700089515
05,5,12,000,2023,10,07,3,1,1,5,1,0,1,0,0,0,0,355639.158999999985099,5712564.272500000894070,6.918068928000025,51.545684876000053,0,05231031701400747836
05,5,12,000,2023,10,16,3,2,4,6,0,0,1,0,0,0,1,358961.773699999786913,5712467.640799999237061,6.965992592000021,51.545656719000078,0,05231031701400598910
05,5,62,032,2023,10,17,3,3,0,1,2,1,0,0,0,0,0,375692.759999999776483,5717302.041999999433756,7.205435296000076,51.593038200000080,1,05231031701110999300
05,5,62,012,2023,11,19,4,3,5,3,2,0,1,0,0,0,0,360586.864500000141561,5726001.455600000917912,6.984032316000025,51.667675480000071,1,05231115701610399765
05,5,66,076,2023,12,07,4,3,0,1,1,1,0,0,0,0,0,392118.824500000104308,5793190.268999999389052,7.418664624000030,52.278482445000066,2,05231206709500980316
05,5,58,012,2023,12,09,4,2,5,3,0,1,0,0,0,0,1,373878.599499999545515,5755865.997800000011921,7.165258810000068,51.939199209000037,1,05231206706200668277
05,5,54,008,2023,12,13,4,3,5,3,0,0,1,0,0,0,0,335454.044999999925494,5745392.055999999865890,6.611740001000044,51.835075165000035,0,05231206705000196647
05,5,54,068,2023,12,11,4,3,4,1,0,1,1,0,0,0,0,350600.446800000034273,5767196.311200000345707,6.821929947000058,52.035234153000033,1,05231206705000195070
05,5,54,012,2023,12,11,4,3,8,1,0,1,0,0,0,0,0,353428.565399999730289,5746286.872099999338388,6.872041306000028,51.848121387000049,0,05231206705000096108
05,5,54,012,2023,12,14,4,3,0,3,0,0,1,1,0,0,0,352026.321999999694526,5745413.503000000491738,6.852072247000024,51.839904379000075,0,05231206705000087245
05,5,62,008,2023,12,18,4,3,9,1,2,0,1,0,0,0,0,386323.061900000087917,5723943.905700000002980,7.356673232000048,51.654979604000061,0,05231206701910194975
05,5,70,004,2023,12,19,3,3,5,3,2,0,1,0,0,0,0,424814.816999999806285,5729745.894999999552965,7.911728849000042,51.713605726000026,1,05231205711200089448
05,5,66,028,2023,12,10,3,3,1,5,0,1,1,0,0,0,0,412359.951500000432134,5792406.834799999371171,7.715474943000061,52.275040646000036,0,05231205709700212498
05,5,66,016,2023,12,19,3,3,3,6,2,1,1,0,0,0,0,406845.958200000226498,5791075.672399999573827,7.635048992000065,52.262169535000055,1,05231205709500912492
05,5,66,012,2023,12,06,3,3,5,2,2,1,0,0,0,0,1,401296.303799999877810,5777360.586500000208616,7.557755747000044,52.137933294000050,1,05231205709110487268
05,5,15,000,2023,12,17,3,2,6,3,2,0,1,1,0,0,0,404457.377000000327826,5760772.914000000804663,7.608571651000034,51.989395713000079,0,05231205702100891757
05,5,15,000,2023,12,07,3,3,5,2,2,1,1,0,0,0,0,403552.873599999584258,5754877.060599999502301,7.597058945000072,51.936245601000053,1,05231205702100069260
05,5,62,024,2023,12,16,3,3,5,3,1,0,1,0,0,0,0,370069.849100000225008,5725396.498600000515580,7.121302548000074,51.664511927000035,1,05231205701500575430
05,5,62,032,2023,12,07,3,3,6,7,0,0,0,1,0,0,1,379617.475399999879301,5718991.966700000688434,7.261485980000032,51.609078618000069,1,05231205701110280682
05,5,13,000,2023,12,12,3,3,5,3,0,0,1,0,0,0,0,368155.098399999551475,5709651.333499999716878,7.099549069000034,51.522570163000069,1,05231205700000648340
05,5,66,028,2023,12,07,2,3,0,7,1,0,0,0,1,0,0,413248.500000000000000,5792032.562999999150634,7.728591020000067,52.271817498000075,1,05231204709700069050
05,5,58,036,2023,12,07,2,3,0,7,2,0,1,0,1,0,0,388068.781999999657273,5728790.934000000357628,7.380344932000071,51.698894361000043,2,05231204706300048823
05,5,54,020,2023,12,20,2,3,0,1,2,1,0,0,0,0,0,366456.941200000233948,5786237.674599999561906,7.045472318000066,52.210376636000035,2,05231204705000980382
05,5,54,012,2023,12,17,2,3,2,6,2,0,1,0,0,0,0,350864.765200000256300,5744836.252100000157952,6.835473298000068,51.834408921000033,1,05231204705000691747
05,5,54,008,2023,12,11,2,3,0,6,0,1,1,0,0,0,0,334280.149000000208616,5742458.222999999299645,6.596121820000064,51.808372601000030,2,05231204705000195080
05,5,54,048,2023,12,17,2,3,5,3,2,1,1,0,0,0,0,340934.125000000000000,5744226.865000000223517,6.691743807000023,51.826194690000079,1,05231204705000017283
05,5,15,000,2023,12,17,2,3,1,6,0,1,1,0,0,0,0,408216.268299999646842,5757272.723999999463558,7.664233619000072,51.958567962000075,0,05231204702100978374
05,5,15,000,2023,12,20,2,3,3,2,2,1,0,0,0,0,0,406120.447999999858439,5757013.108999999240041,7.633812494000040,51.955884520000041,1,05231204702100476646
05,5,15,000,2023,12,08,2,3,0,1,0,0,1,0,0,0,0,408723.537600000388920,5754556.763100000098348,7.672335110000063,51.934238715000049,2,05231204702100280425
05,5,15,000,2023,12,08,2,3,0,6,0,1,1,0,0,0,0,406315.145399999804795,5757807.710200000554323,7.636428258000024,51.963059606000058,0,05231204702100276684
05,5,62,024,2023,12,13,2,3,1,7,0,0,1,0,0,0,0,371319.932699999772012,5724617.770300000905991,7.139654247000067,51.657801355000061,1,05231204701500980397
05,5,13,000,2023,12,01,2,3,8,1,2,0,1,0,0,1,0,369871.086600000038743,5708465.905999999493361,7.124707167000054,51.512314848000074,2,05231204700000881314
05,5,66,076,2023,12,18,1,3,5,2,2,0,1,0,0,0,0,393042.412999999709427,5792892.370999999344349,7.432291667000072,52.275985663000029,0,05231203709500980428
05,5,62,032,2023,12,17,7,3,6,4,2,0,1,1,0,0,0,375938.314000000245869,5715983.997500000521541,7.209444221000069,51.581246802000067,0,05231202701120969263
05,5,62,032,2023,12,14,4,3,5,3,0,0,1,0,1,0,0,373717.480399999767542,5720490.302400000393391,7.175786218000042,51.621251804000053,1,05231206701110180682
05,5,66,048,2023,12,06,6,3,5,3,2,1,1,0,0,0,0,429170.126000000163913,5795924.780999999493361,7.961070026000073,52.309086454000067,0,05231201709700972367
05,5,62,012,2023,12,13,6,3,5,3,0,1,1,0,0,0,0,358864.157300000078976,5724047.927100000903010,6.959926914000050,51.649691441000073,0,05231201701610980491
05,5,62,024,2023,12,13,6,3,0,7,0,1,0,0,0,0,0,366805.974899999797344,5725240.253799999132752,7.074197171000037,51.662343719000035,0,05231201701500980494
05,5,62,014,2023,12,08,6,3,5,2,0,0,1,0,1,0,0,358915.084400000050664,5713149.303700000047684,6.965046345000076,51.551770456000042,0,05231201701300980506
05,5,13,000,2023,12,21,6,2,6,4,2,0,1,1,0,0,0,364426.038999999873340,5718388.100999999791384,7.042461244000037,51.600199358000054,1,05231201700000462612
05,5,70,008,2023,11,14,5,3,0,1,0,1,0,0,0,0,0,433103.125000000000000,5734407.947100000455976,8.030782467000051,51.756567715000074,1,05231130711300694427
05,5,58,016,2023,11,19,5,3,5,3,2,0,1,0,0,0,0,384662.868999999947846,5743078.049000000581145,7.326340864000031,51.826610140000071,0,05231130706100349805
05,5,58,012,2023,11,05,5,3,0,1,2,1,0,0,0,0,0,374916.531000000424683,5753730.660000000149012,7.181125952000059,51.920244215000082,2,05231130706000581117
05,5,54,004,2023,11,13,5,3,5,3,0,1,1,0,0,0,0,363509.634499999694526,5771468.722300000488758,7.008294937000073,52.076951303000044,1,05231130705000055358
05,5,15,000,2023,11,18,5,3,0,7,2,1,0,0,0,0,0,405424.500900000333786,5757587.099700000137091,7.623529808000058,51.960925867000071,1,05231130702100076684
05,5,62,024,2023,11,16,5,3,5,2,1,1,1,0,0,0,0,372413.334999999962747,5724932.773000000044703,7.155337879000058,51.660881487000040,1,05231130701500198870
05,5,62,014,2023,11,08,5,3,6,4,0,0,1,1,0,0,0,361021.285899999551475,5715189.073899999260902,6.994598823000047,51.570622823000065,1,05231130701300571480
05,5,13,000,2023,12,18,3,3,6,4,2,0,1,1,0,0,0,368392.523500000126660,5709008.595000000670552,7.103209408000055,51.516849398000033,1,05231205700000298978
05,5,70,004,2023,11,13,4,2,5,3,0,0,1,0,0,0,1,423619.702399999834597,5735846.721200000494719,7.893094073000043,51.768288728000073,1,05231129711200176720
05,5,58,028,2023,11,19,4,2,9,1,2,0,1,0,0,0,0,399048.833999999798834,5732586.506999999284744,7.538068677000069,51.735093273000075,1,05231129706300994956
05,5,58,016,2023,11,03,4,3,8,1,2,0,1,0,0,0,0,377218.437099999748170,5743266.146999999880791,7.218302529000027,51.826714148000065,2,05231129706000095025
05,5,54,008,2023,11,15,4,3,3,6,0,1,0,0,0,0,0,335687.333300000056624,5745489.721300000324845,6.615076460000068,51.836021206000055,1,05231129705000680994
05,5,54,004,2023,11,21,4,3,0,7,2,1,0,0,0,0,0,364170.328200000338256,5771554.842100000008941,7.017895419000070,52.077887591000035,2,05231129705000391842
05,5,54,008,2023,11,13,4,3,0,1,0,1,0,0,0,0,0,336767.252000000327826,5747099.150900000706315,6.629976923000072,51.850796163000041,1,05231129705000386946
05,5,54,020,2023,11,15,4,2,0,2,0,0,1,0,0,0,0,366017.140999999828637,5783847.103000000119209,7.039985010000066,52.188789680000070,0,05231129705000070530
05,5,15,000,2023,11,19,4,2,6,2,2,0,1,1,0,0,0,405707.980299999937415,5756681.585599999874830,7.627902867000046,51.952834853000070,0,05231129702100579188
05,5,15,000,2023,11,07,4,3,4,6,2,1,1,0,0,0,0,407055.247700000181794,5756752.655300000682473,7.647482557000046,51.953700455000046,1,05231129702100572368
05,5,62,014,2023,11,17,4,3,5,2,2,0,1,0,0,0,0,358915.002199999988079,5713148.099799999967217,6.965045643000053,51.551759617000073,1,05231129701300798917
05,5,13,000,2023,11,14,4,3,5,3,0,0,1,0,0,0,0,367352.492999999783933,5709643.969000000506639,7.087989762000063,51.522316050000029,1,05231129700000569503
05,5,66,008,2023,11,07,3,3,0,7,1,1,0,0,0,0,0,398412.378299999982119,5782034.691400000825524,7.514232926000034,52.179419966000069,2,05231128709110296500
05,5,54,020,2023,11,17,3,2,6,4,2,0,1,1,0,0,0,366262.102900000289083,5787156.089999999850988,7.042259582000042,52.218581697000047,0,05231128705000381394
05,5,54,004,2023,11,15,3,3,2,1,0,1,0,0,0,0,0,361285.993700000457466,5772472.043299999088049,6.975460691000023,52.085413793000043,0,05231128705000120911
05,5,54,012,2023,11,07,3,3,0,3,1,1,1,0,0,0,0,352669.415400000289083,5745864.540999999269843,6.861207986000068,51.844126955000036,0,05231128705000040604
05,5,62,012,2023,11,16,3,3,5,3,0,1,1,0,0,0,0,359074.330000000074506,5725228.623999999836087,6.962486952000063,51.660353666000049,1,05231128701610152451
05,5,62,024,2023,11,08,3,2,0,7,0,0,1,0,0,0,0,369810.219899999909103,5724188.551100000739098,7.118000555000037,51.653596463000042,1,05231128701500980702
05,5,13,000,2023,11,15,3,3,6,6,0,0,0,1,0,0,1,365064.322599999606609,5715842.036000000312924,7.052650426000071,51.577472702000080,0,05231128700000092100
05,5,70,020,2023,11,16,2,3,7,3,1,0,1,0,0,0,1,433062.426099999807775,5743734.090500000864267,8.028392397000061,51.840404663000072,1,05231127711400887327
05,5,70,004,2023,11,06,2,3,6,2,2,0,1,1,0,0,0,423730.970800000242889,5735108.929700000211596,7.894868232000022,51.761671415000080,1,05231127711200990740
05,5,70,004,2023,11,17,2,3,6,2,2,0,0,1,0,0,1,423727.378200000151992,5735106.786699999123812,7.894816657000035,51.761651661000030,1,05231127711200980734
05,5,70,016,2023,11,16,2,3,8,1,2,1,0,0,0,0,0,413144.357900000177324,5739374.009199999272823,7.740439370000047,51.798468740000033,1,05231127711200896543
05,5,66,076,2023,11,07,2,3,1,7,2,1,1,0,0,0,0,396375.172100000083447,5793868.274599999189377,7.480822002000025,52.285394763000056,1,05231127709500579092
05,5,66,012,2023,11,09,2,2,5,3,1,0,1,0,0,0,0,410208.696999999694526,5770073.833000000566244,7.689864703000069,52.073957159000031,1,05231127709110980767
05,5,54,012,2023,11,19,2,3,5,3,2,1,1,0,0,0,0,351341.785199999809265,5745422.829700000584126,6.842139360000033,51.839806378000048,1,05231127705000580991
05,5,54,004,2023,11,16,2,3,5,3,0,1,1,0,0,0,0,363286.490100000053644,5771389.598400000482798,7.005072590000054,52.076185296000062,1,05231127705000555358
05,5,54,008,2023,11,10,2,3,5,3,0,1,1,0,0,0,0,336275.896999999880791,5745749.585999999195337,6.623488284000075,51.838528523000036,1,05231127705000281498
05,5,15,000,2023,11,08,2,3,0,5,0,1,1,0,0,0,1,406349.445299999788404,5760119.769099999219179,7.636296482000034,51.983847214000036,1,05231127702100076684
05,5,62,036,2023,11,15,2,2,4,6,0,0,1,0,0,1,0,389272.533599999733269,5718582.851800000295043,7.400988481000070,51.607383109000068,1,05231127701930470164
05,5,62,028,2023,11,18,2,3,5,3,2,0,1,0,1,0,0,380076.906600000336766,5721835.690899999812245,7.267144115000065,51.634734422000065,1,05231127701920799310
05,5,62,004,2023,11,17,2,3,5,3,2,0,1,0,0,0,0,385280.532599999569356,5716519.525399999693036,7.344040376000066,51.588039136000077,1,05231127701800998963
05,5,13,000,2023,11,11,2,3,0,7,0,0,0,0,0,0,1,365204.616499999538064,5719411.256300000473857,7.053302739000060,51.609580684000036,1,05231127700000992100
05,5,54,020,2023,11,20,3,3,5,3,2,0,1,0,0,0,0,365316.278300000354648,5784129.672900000587106,7.029626464000046,52.191157960000055,0,05231128705000247520
05,5,66,056,2023,11,14,1,3,8,1,0,1,0,0,0,0,0,417525.799800000153482,5797326.277499999850988,7.789966330000027,52.320058286000062,1,05231126709700012164
05,5,54,012,2023,11,10,1,3,0,3,0,1,1,0,0,0,0,352359.476999999955297,5747645.607999999076128,6.855951349000065,51.860047776000044,0,05231126705000895046
05,5,13,000,2023,11,17,1,2,5,2,2,1,1,0,0,0,0,367553.566300000064075,5708120.921800000593066,7.091458644000056,51.508676056000070,1,05231126700000699257
05,5,66,084,2023,11,13,7,3,5,3,0,1,0,0,0,0,0,386309.783999999985099,5778214.794999999925494,7.338582274000032,52.142729555000074,1,05231125709300776630
05,5,58,012,2023,11,05,7,3,8,1,2,0,1,0,0,0,0,369357.433500000275671,5758039.647399999201298,7.098699845000056,51.957688735000033,2,05231125706000399758
05,5,54,008,2023,11,19,7,3,5,2,2,0,1,0,0,0,1,335693.059000000357628,5744397.732999999076128,6.615677856000048,51.826213096000060,1,05231125705000081626
05,5,12,000,2023,11,11,7,3,5,3,0,0,1,0,1,0,0,354642.493999999947846,5711547.036000000312924,6.904125724000039,51.536288523000053,1,05231125701400981363
05,5,12,000,2023,11,12,7,3,1,5,0,0,1,0,1,0,0,355094.858000000007451,5708114.766699999570847,6.912055008000038,51.505563422000080,1,05231125701400694972
05,5,13,000,2023,11,14,7,3,3,6,0,0,1,0,0,0,1,366477.477599999867380,5708147.718699999153614,7.075951521000036,51.508663623000075,0,05231125700000373493
05,5,13,000,2023,11,09,7,3,5,3,0,0,1,0,0,0,0,367366.063000000081956,5712754.460000000894070,7.087013390000038,51.550272158000041,1,05231125700000175987
05,5,70,052,2023,11,14,6,3,5,2,0,1,1,0,0,0,0,430959.326999999582767,5755809.086100000888109,7.995452740000076,51.948699663000070,1,05231124711100981000
05,5,66,084,2023,11,11,6,2,5,3,0,1,1,0,0,0,0,385863.839999999850988,5778900.664000000804663,7.331838062000031,52.148801447000039,1,05231124709300487316
05,5,66,012,2023,11,13,6,3,0,3,0,0,1,0,0,0,1,400813.037700000219047,5776340.548599999397993,7.550994302000049,52.128678771000068,1,05231124709110980895
05,5,58,016,2023,11,11,6,3,0,7,0,1,1,0,0,0,1,381406.585799999535084,5743221.583300000056624,7.279062397000075,51.827218385000037,0,05231124706100203141
05,5,54,016,2023,11,07,6,3,0,7,1,0,0,1,0,0,1,364826.379900000058115,5751631.606100000441074,7.035315495000020,51.899024622000070,1,05231124705000980905
05,5,54,008,2023,11,09,6,3,6,4,0,0,1,1,0,0,0,336682.763000000268221,5747404.393999999389052,6.628607134000049,51.853513597000074,0,05231124705000377676
05,5,54,008,2023,11,21,6,3,0,7,2,1,0,0,0,0,0,338395.134100000374019,5748008.211200000718236,6.653166071000044,51.859436443000050,1,05231124705000081025
05,5,15,000,2023,11,11,6,3,1,6,0,0,1,0,0,0,0,405249.998200000263751,5756441.832000000402331,7.621306689000050,51.950602009000079,0,05231124702100574470
05,5,62,032,2023,11,11,6,3,8,7,0,0,0,0,1,0,0,374986.640200000256300,5722648.214299999177456,7.193339513000069,51.640928421000069,1,05231124701110769263
05,5,70,020,2023,11,08,5,3,3,6,0,0,1,0,0,0,0,433230.097199999727309,5743786.074300000444055,8.030815753000070,51.840892068000073,1,05231123711400976972
05,5,70,028,2023,11,07,5,3,6,7,2,0,1,1,0,0,0,441350.938099999912083,5742185.034299999475479,8.148948457000074,51.827410442000030,1,05231123711400403000
05,5,70,052,2023,11,14,5,3,5,3,0,1,1,0,0,0,0,429833.790000000037253,5756027.149000000208616,7.979034356000057,51.950519116000066,0,05231123711100980940
05,5,70,052,2023,11,17,5,3,0,1,2,1,0,0,0,0,0,430152.102500000037253,5756062.034600000828505,7.983658138000067,51.950872791000052,1,05231123711100980925
05,5,70,052,2023,11,07,5,3,2,2,1,1,1,0,0,0,0,430337.691999999806285,5755188.677999999374151,7.986535146000051,51.943044913000051,1,05231123711100796512
05,5,54,020,2023,11,09,5,3,2,6,0,0,1,0,0,0,0,365802.726800000295043,5782944.051400000229478,7.037207800000033,52.180623275000073,1,05231123705000781394
05,5,54,008,2023,11,19,5,3,0,1,2,0,0,0,1,0,0,336072.822999999858439,5746009.369000000879169,6.620420242000023,51.840802702000076,1,05231123705000776721
05,5,15,000,2023,11,19,5,3,5,3,2,1,1,0,0,0,0,406522.316899999976158,5758206.723899999633431,7.639334077000058,51.966681003000076,1,05231123702100679168
05,5,15,000,2023,11,17,5,3,0,6,2,1,1,0,0,0,0,404523.257199999876320,5755885.652100000530481,7.610889820000068,51.945478567000066,1,05231123702100542557
05,5,62,028,2023,11,10,5,3,5,3,0,1,1,0,0,0,0,380098.294700000435114,5721837.403899999335408,7.267452428000070,51.634754377000036,0,05231123701920048786
05,5,62,024,2023,11,05,5,3,5,3,2,1,0,0,0,0,1,369923.840200000442564,5725560.138499999418855,7.119131675000062,51.665948718000038,0,05231123701500581151
05,5,13,000,2023,11,16,5,3,5,2,1,1,1,0,0,0,0,368373.355000000447035,5709509.853000000119209,7.102746079000042,51.521349619000034,1,05231123700000394976
05,5,62,024,2023,11,15,3,3,2,6,0,0,1,0,0,0,1,368927.455099999904633,5725702.559599999338388,7.104679235000049,51.666997058000049,1,05231128701500257636
05,5,54,012,2023,12,14,2,2,6,7,0,0,1,1,0,0,0,351835.901100000366569,5745424.028000000864267,6.849305764000064,51.839948457000048,1,05231204705000516031
05,5,70,020,2023,11,17,4,3,4,7,2,0,1,0,0,0,0,432850.627899999730289,5743526.681299999356270,8.025358863000065,51.838514643000053,0,05231122711400261511
05,5,70,004,2023,11,19,4,3,0,7,2,0,1,1,0,0,0,424588.697200000286102,5734994.128900000825524,7.907319079000047,51.760755564000078,0,05231122711200486958
05,5,66,016,2023,11,06,4,3,0,1,0,0,0,0,1,0,0,401890.948800000362098,5792358.467900000512600,7.562096249000035,52.272837441000036,1,05231122709500864316
05,5,66,076,2023,11,17,4,3,5,3,2,0,1,0,0,0,0,392907.103000000119209,5792333.898000000044703,7.430486522000024,52.270940234000079,1,05231122709500596580
05,5,58,008,2023,11,14,4,3,6,4,0,0,0,1,1,0,0,382719.662800000049174,5761044.775599999353290,7.292040960000065,51.987674682000033,0,05231122706000587453
05,5,54,048,2023,11,17,4,3,1,1,1,1,1,0,0,0,0,341290.104700000025332,5745940.150499999523163,6.696119298000042,51.841687975000070,0,05231122705000895950
05,5,54,004,2023,11,07,4,3,1,7,1,1,1,0,0,0,0,363468.628999999724329,5771999.233999999240041,7.007484646000023,52.081708052000067,0,05231122705000498901
05,5,15,000,2023,11,17,4,2,0,1,2,1,0,0,0,0,0,403158.167500000447035,5757308.889000000432134,7.590634244000057,51.958035101000064,0,05231122702100970628
05,5,62,024,2023,11,14,4,3,4,6,0,1,0,0,0,0,0,368687.296400000341237,5724869.523299999535084,7.101521572000024,51.659454875000051,0,05231122701500847436
05,5,62,014,2023,11,11,4,3,5,3,0,0,0,0,0,0,1,363036.866000000387430,5712944.948000000789762,7.024538282000037,51.550949696000032,0,05231122701300789645
05,5,62,014,2023,11,10,4,3,5,2,0,0,1,0,0,0,0,361120.367600000463426,5715203.641400000080466,6.996021829000028,51.570778142000052,0,05231122701300294970
05,5,62,032,2023,11,17,4,3,5,3,2,1,1,0,0,0,0,375179.706299999728799,5717987.782600000500679,7.197788547000073,51.599087599000029,0,05231122701110495983
05,5,13,000,2023,11,17,4,3,0,1,2,0,0,0,0,0,1,366436.975300000049174,5708803.651399999856949,7.075119746000041,51.514548677000050,0,05231122700000869503
05,5,13,000,2023,11,10,4,3,6,7,0,0,0,1,0,0,1,362729.476999999955297,5717321.757400000467896,7.018397628000059,51.590206060000071,0,05231122700000089240
05,5,70,028,2023,11,13,3,2,6,4,0,0,1,1,0,0,0,441545.063400000333786,5742655.261399999260902,8.151685638000060,51.831658241000071,1,05231121711400196893
05,5,66,012,2023,11,18,3,3,3,6,2,1,0,0,0,1,0,400876.177500000223517,5777102.420299999415874,7.551694311000062,52.135537712000030,0,05231121709110925693
05,5,58,016,2023,11,09,3,3,5,2,0,1,1,0,0,0,0,381082.549999999813735,5743525.253000000491738,7.274258208000049,51.829878628000074,1,05231121706100981021
05,5,58,016,2023,11,16,3,3,2,6,2,1,1,0,0,0,0,381132.859500000253320,5743976.539300000295043,7.274832943000035,51.833945108000080,1,05231121706000076632
05,5,54,044,2023,11,08,3,3,5,2,0,0,1,0,0,0,0,365466.832999999634922,5741450.237999999895692,7.048581037000076,51.807690305000051,0,05231121705000981034
05,5,54,020,2023,11,18,3,3,0,1,2,1,1,0,0,0,0,364031.090300000272691,5786622.519300000742078,7.009836142000040,52.213241368000070,1,05231121705000265800
05,5,54,044,2023,11,16,3,3,5,3,0,1,1,0,0,0,0,365506.362200000323355,5744332.268600000068545,7.048034790000031,51.833597785000052,1,05231121705000091738
05,5,15,000,2023,11,13,3,3,5,6,0,1,0,0,0,0,0,403776.711500000208616,5758453.415500000119209,7.599312493000070,51.968429861000061,1,05231121702100672461
05,5,62,014,2023,11,17,3,3,2,6,2,0,1,0,1,0,0,360774.007899999618530,5715640.938599999994040,6.990854000000070,51.574622311000041,1,05231121701300481223
05,5,15,000,2023,11,17,4,3,0,3,1,1,1,0,0,0,0,405218.796000000089407,5756540.981000000610948,7.620825469000067,51.951487886000052,0,05231122702100087400
05,5,70,052,2023,11,19,2,3,4,6,2,0,1,0,0,0,0,428793.815100000239909,5752082.138900000602007,7.964721198000063,51.914922913000055,0,05231120711100981051
05,5,70,024,2023,11,07,2,3,5,3,1,1,1,0,0,0,0,421303.721900000236928,5753535.055800000205636,7.855511690000071,51.926975531000039,1,05231120711100081966
05,5,66,076,2023,11,13,2,3,0,7,0,1,0,0,0,0,0,392566.866999999620020,5793861.948000000789762,7.425015338000037,52.284606654000072,1,05231120709500476680
05,5,66,076,2023,11,11,2,3,5,3,0,1,1,0,0,0,0,392254.643000000156462,5792538.236999999731779,7.420862968000051,52.272649194000053,1,05231120709500191847
05,5,66,068,2023,11,11,2,3,8,1,0,0,1,0,0,0,0,374932.756500000134110,5788078.532899999991059,7.168772397000055,52.228907451000055,1,05231120709300478430
05,5,58,012,2023,11,13,2,3,5,3,0,1,0,0,0,0,0,374597.764999999664724,5755454.028000000864267,7.175865263000048,51.935659582000028,0,05231120706200980956
05,5,58,036,2023,11,17,2,3,5,3,0,0,1,0,1,0,0,387921.559999999590218,5729929.407999999821186,7.377849552000043,51.709097365000048,0,05231120706000276730
05,5,54,020,2023,11,16,2,3,0,1,0,1,0,0,0,0,0,365283.507100000046194,5786430.158900000154972,7.028232384000034,52.211820566000029,1,05231120705000220913
05,5,15,000,2023,11,12,2,3,5,2,0,1,0,0,0,0,0,406128.618999999947846,5758081.206000000238419,7.633639462000076,51.965486447000046,1,05231120702100488558
05,5,62,020,2023,11,21,2,3,3,6,2,1,0,0,0,0,1,371950.960400000214577,5718796.534399999305606,7.150900986000067,51.605630996000059,0,05231120701200981044
05,5,62,020,2023,11,10,2,3,5,3,0,1,1,0,0,0,0,367995.667399999685585,5718690.936400000005960,7.093857642000046,51.603768751000075,0,05231120701200681595
05,5,13,000,2023,11,09,2,3,5,3,0,1,1,0,0,0,0,369659.799800000153482,5710326.759400000795722,7.120975744000020,51.528989370000033,1,05231120700000595170
05,5,70,016,2023,11,10,2,3,6,7,0,0,1,1,0,0,0,413236.130099999718368,5739142.654500000178814,7.741827773000068,51.796403315000077,0,05231127711200302710
05,5,62,014,2023,12,18,7,3,6,2,2,0,1,1,0,0,0,361987.218200000002980,5712196.050499999895692,7.009702449000031,51.543964163000055,0,05231202701300114020
05,5,70,004,2023,11,19,1,3,5,2,2,1,1,0,0,0,0,425010.931400000117719,5734777.723099999129772,7.913482600000066,51.758866843000078,1,05231119711200576720
05,5,70,004,2023,11,19,1,3,0,1,2,0,1,0,0,0,1,423079.754399999976158,5734400.939699999988079,7.885590782000065,51.755217769000069,1,05231119711200354977
05,5,58,016,2023,11,13,1,3,4,6,0,1,0,0,0,0,1,381895.273199999704957,5744056.139299999922514,7.285865631000036,51.834822223000060,0,05231119706000165767
05,5,62,020,2023,11,13,1,3,5,3,0,1,1,0,0,0,0,370070.255900000222027,5719351.254899999126792,7.123552565000068,51.610185326000078,0,05231119701200976991
05,5,62,012,2023,11,17,4,2,6,6,2,0,1,1,0,0,0,357359.729399999603629,5726995.765499999746680,6.936992905000068,51.675800026000047,1,05231129701610976945
05,5,66,076,2023,11,17,7,3,5,3,2,1,1,0,0,0,0,395711.466000000014901,5795813.448999999091029,7.470493386000044,52.302751090000072,1,05231118709500196542
05,5,66,008,2023,11,17,7,3,5,3,2,1,1,0,0,0,0,399662.802699999883771,5781457.178300000727177,7.532685278000031,52.174458276000053,1,05231118709110981150