ULAND,UREGBEZ,UKREIS,UGEMEINDE,UJAHR,UMONAT,USTUNDE,UWOCHENTAG,UKATEGORIE,UART,UTYP1,ULICHTVERH,IstRad,IstPKW,IstFuss,IstKrad,IstGkfz,IstSonstige,LINREFX,LINREFY,XGCSWGS84,YGCSWGS84,STRZUSTAND,UIDENTSTLAE
05,5,54,056,2023,11,20,7,2,0,6,2,1,1,0,0,0,0,355480.560600000433624,5761781.672000000253320,6.895308188000058,51.987877609000066,1,05231118705000981125
05,5,54,004,2023,11,20,7,3,8,1,2,1,0,0,0,0,0,364203.946399999782443,5772737.368899999186397,7.017914852000047,52.088521369000034,1,05231118705000520870
05,5,15,000,2023,11,17,7,3,6,2,2,0,1,1,0,0,0,405830.303999999538064,5759018.487999999895692,7.629041528000073,51.973860685000034,0,05231118702100481010
05,5,15,000,2023,11,11,7,3,0,2,0,1,0,0,0,0,1,404600.593799999915063,5758979.754000000655651,7.611155351000036,51.973302795000052,0,05231118702100072461
05,5,62,014,2023,11,21,7,3,8,1,2,0,1,0,0,0,0,361740.606599999591708,5716770.564699999988079,7.004348940000057,51.585011184000052,1,05231118701300981126
05,5,62,020,2023,11,19,7,3,1,5,2,0,1,0,1,0,0,371288.907499999739230,5717133.076700000092387,7.141956314000026,51.590530827000066,1,05231118701200981134
05,5,62,032,2023,11,02,7,3,9,7,0,0,1,0,0,0,0,376096.918100000359118,5714271.698000000789762,7.212336060000041,51.565892859000030,0,05231118701120089476
05,5,13,000,2023,11,21,7,3,0,1,2,0,0,0,1,0,0,368680.377100000157952,5713314.387599999085069,7.105749552000020,51.555611501000044,1,05231118700000981128
05,5,66,084,2023,12,12,6,3,0,1,0,1,0,0,0,0,0,386428.121399999596179,5778915.019200000911951,7.340076785000065,52.149046784000063,1,05231229709300187312
05,5,15,000,2023,12,07,6,3,5,3,2,1,1,0,0,0,0,407857.095399999991059,5757278.169800000265241,7.659006511000030,51.958557507000080,1,05231229702100176766
05,5,62,014,2023,12,11,6,2,9,7,0,0,1,0,0,0,0,359384.027499999850988,5714008.692999999970198,6.971461996000073,51.559609997000052,1,05231229701300475487
05,5,66,068,2023,12,22,5,3,0,1,2,1,0,0,0,0,0,375454.580299999564886,5784630.820000000298023,7.177677336000045,52.198044298000070,0,05231228709300487316
05,5,54,008,2023,12,16,5,3,5,3,2,1,0,0,0,0,0,335450.347000000067055,5745387.304999999701977,6.611688636000054,51.835031395000044,0,05231228705000196700
05,5,15,000,2023,12,11,5,3,1,1,0,0,1,0,0,0,1,405894.367300000041723,5758241.137199999764562,7.630186993000052,51.966884373000028,0,05231228702100679176
05,5,15,000,2023,12,13,5,3,5,2,0,1,1,0,0,0,0,406372.747999999672174,5751591.427999999374151,7.638958341000034,51.907194159000028,0,05231228702100395613
05,5,62,014,2023,12,19,5,3,5,3,2,1,1,0,0,0,0,360708.308000000193715,5715368.422000000253320,6.990014576000021,51.572157227000048,0,05231228701300699330
05,5,66,068,2023,12,12,4,3,1,1,0,0,1,0,1,0,0,377472.790000000037253,5785588.860400000587106,7.206844975000024,52.207105710000064,1,05231227709300796612
05,5,66,008,2023,12,00,4,3,8,1,2,0,1,0,0,0,0,398556.729000000283122,5781618.812999999150634,7.516467742000032,52.175708751000059,0,05231227709110155930
05,5,54,056,2023,12,07,4,2,5,3,2,1,1,0,0,0,0,358716.385999999940395,5761679.453999999910593,6.942441632000055,51.987791577000053,0,05231227705000921164
05,5,13,000,2023,12,17,4,3,2,6,2,0,1,0,0,0,0,368485.275999999605119,5706752.710000000894070,7.105386697000029,51.496597824000048,0,05231227700000775415
05,5,66,076,2023,12,00,3,3,5,7,2,0,1,0,0,0,1,393709.502299999818206,5793944.971999999135733,7.441733594000027,52.285574978000056,1,05231226709500396635
05,5,66,008,2023,12,11,3,3,5,3,0,1,1,0,0,0,0,398189.558400000445545,5781580.996899999678135,7.511111456000037,52.175301243000035,0,05231226709110796500
05,5,15,000,2023,12,17,3,3,4,6,2,0,1,0,0,0,0,407851.912399999797344,5756799.185000000521541,7.659059572000047,51.954251265000039,0,05231226702100596580
05,5,62,014,2023,12,14,3,3,6,4,0,0,1,1,0,0,0,360705.027999999932945,5715368.116000000387430,6.989967398000033,51.572153667000066,1,05231226701300978184
05,5,13,000,2023,12,15,3,3,2,6,0,1,1,0,0,0,0,366785.232300000265241,5707120.031899999827147,7.080771708000043,51.499500776000048,0,05231226700000099257
05,5,66,076,2023,12,20,2,3,4,6,2,0,1,0,0,0,0,393151.434999999590218,5797352.779899999499321,7.432474076000062,52.316093182000031,1,05231225709500596953
05,5,62,004,2023,12,11,2,3,2,5,0,0,1,0,0,0,0,382745.441899999976158,5712083.546599999070168,7.308943851000038,51.547648047000052,1,05231225701800949520
05,5,62,012,2023,12,07,2,3,9,1,2,0,1,0,0,0,0,359233.076899999752641,5728263.593000000342727,6.963557378000075,51.687665008000067,1,05231225701610978194
05,5,66,012,2023,12,11,1,3,2,7,0,0,1,0,0,0,0,405190.326399999670684,5771535.150399999693036,7.616258511000069,52.086255321000067,1,05231224709110296565
05,5,54,056,2023,12,17,1,3,0,1,2,0,1,0,0,0,0,356504.212500000372529,5762603.702600000426173,6.909861254000020,51.995528910000075,1,05231224705000979706
05,5,54,044,2023,12,22,1,3,9,1,2,0,1,0,0,0,0,365080.024100000038743,5741186.150900000706315,7.043076657000029,51.805224004000081,1,05231224705000696552
05,5,54,036,2023,12,02,1,3,8,7,2,0,0,0,0,0,1,369203.857200000435114,5767438.588800000026822,7.092879103000030,52.042111363000060,1,05231224705000091695
05,5,62,028,2023,12,11,1,3,5,3,0,0,1,0,0,0,1,379856.525799999944866,5721791.969100000336766,7.263976251000031,51.634294452000063,0,05231224701920353358
05,5,62,014,2023,12,12,1,3,8,1,0,0,1,0,0,0,0,360237.150999999605119,5713374.481399999931455,6.984013076000053,51.554122963000054,1,05231224701300889645
05,5,62,032,2023,12,04,1,3,8,1,2,0,1,0,0,0,0,371551.405000000260770,5722457.145600000396371,7.143792209000026,51.638437253000063,1,05231224701110653351
05,5,66,008,2023,12,19,7,3,0,1,2,0,0,0,0,0,1,398879.655399999581277,5782295.946200000122190,7.520986698000058,52.181853891000060,1,05231223709110142392
05,5,15,000,2023,12,16,7,3,5,3,1,1,1,0,0,0,0,406154.430200000293553,5756692.780099999159575,7.634394358000065,51.953010988000074,1,05231223702100276702
05,5,12,000,2023,12,22,7,3,8,7,2,0,1,0,0,1,0,358413.358000000007451,5712186.405999999493361,6.958202068000048,51.542992233000064,1,05231223701400675487
05,5,13,000,2023,12,08,7,3,6,2,2,0,1,1,0,0,0,368400.621199999935925,5709245.947000000625849,7.103237417000059,51.518984312000043,1,05231223700000098875
05,5,70,028,2023,12,07,6,3,5,3,2,1,1,0,0,0,0,440935.770299999974668,5742285.979299999773502,8.142907492000063,51.828274217000057,1,05231222711400090705
05,5,66,076,2023,12,07,6,3,5,3,2,0,1,0,0,0,0,393453.864400000311434,5792185.884500000625849,7.438543167000034,52.269716224000035,0,05231222709500072448
05,5,66,036,2023,12,11,6,3,5,2,0,1,1,0,0,0,0,387470.290599999949336,5768488.331800000742078,7.358746054000051,52.055554416000064,1,05231222709300664105
05,5,66,012,2023,12,20,6,3,0,1,2,0,0,0,1,0,0,405556.644799999892712,5772653.450400000438094,7.621293393000030,52.096369466000056,1,05231222709000842372
05,5,54,012,2023,12,07,6,3,4,1,2,0,1,0,0,0,0,352732.049200000241399,5747941.512000000104308,6.861231674000067,51.862804889000074,1,05231222705000096552
05,5,54,020,2023,12,16,6,3,6,4,2,0,1,1,0,0,0,365824.527900000102818,5782935.888800000771880,7.037529693000067,52.180555234000053,1,05231222705000023815
05,5,15,000,2023,12,13,6,3,3,7,0,1,1,0,0,0,0,405082.911999999545515,5759776.998999999836087,7.617954310000073,51.980551318000039,1,05231222702100979740
05,5,62,032,2023,12,18,6,3,6,2,2,0,1,1,0,0,0,376495.849399999715388,5715648.424000000581145,7.217604829000038,51.578353370000059,1,05231222701120787636
05,5,13,000,2023,12,16,6,3,5,3,2,0,1,0,0,0,0,367066.952999999746680,5713879.899000000208616,7.082276485000023,51.560315640000056,1,05231222700000291370
05,5,70,044,2023,12,07,5,3,6,4,2,0,1,1,0,0,0,416207.149799999780953,5759264.684599999338388,7.780012196000030,51.977735290000055,1,05231221711100095835
05,5,66,056,2023,12,16,5,2,6,7,0,0,1,1,0,0,0,416783.127199999988079,5796911.077700000256300,7.779175474000056,52.316214197000079,1,05231221709700209060
05,5,54,008,2023,12,13,5,2,6,7,0,0,1,0,0,0,1,336046.265999999828637,5746650.158299999311566,6.619731346000037,51.846551394000073,1,05231221705000979777
05,5,15,000,2023,12,06,5,3,1,5,2,1,1,0,0,0,0,408297.128800000064075,5756998.401300000026822,7.665483294000069,51.956115531000080,1,05231221702100476766
05,5,62,008,2023,12,14,5,3,5,2,0,0,1,0,1,0,0,384162.838800000026822,5723397.496200000867248,7.325640035000049,51.649627654000028,1,05231221701910381230
05,5,62,032,2023,12,05,5,3,0,7,2,1,1,0,0,0,0,375650.351900000125170,5719874.723999999463558,7.203911088000041,51.616149912000026,1,05231221701110694950
05,5,62,032,2023,12,08,5,3,6,2,0,0,1,1,0,0,0,376095.010099999606609,5719400.823000000789762,7.210497831000055,51.611988940000060,1,05231221701110677850
05,5,13,000,2023,12,14,5,2,8,7,0,0,1,0,0,0,1,365572.340499999932945,5719469.212899999693036,7.058587850000038,51.610189419000051,1,05231221700000189437
05,5,66,004,2023,12,07,4,3,0,1,1,1,0,0,0,0,0,395696.602199999615550,5767680.758500000461936,7.478926401000024,52.049905741000032,1,05231220709110411973
05,5,54,008,2023,12,11,4,3,5,3,0,1,1,0,0,0,0,335169.240899999625981,5746232.226999999955297,6.607209892000071,51.842538753000042,1,05231220705000985883
05,5,15,000,2023,12,12,4,3,4,6,0,0,1,0,1,0,0,406860.494099999777973,5756582.925400000065565,7.644695393000063,51.952142253000034,1,05231220702100574736
05,5,62,008,2023,12,07,4,3,1,5,1,1,1,0,0,0,0,384856.347099999897182,5723497.315999999642372,7.335626867000030,51.650667264000049,1,05231220701910060936
05,5,62,012,2023,12,10,4,3,5,3,0,0,1,0,0,0,0,363079.610600000247359,5738724.884899999946356,7.015052252000032,51.782621104000043,1,05231220701610979816
05,5,13,000,2023,12,11,4,3,5,3,0,0,1,0,0,0,0,365350.500000000000000,5715697.513000000268221,7.056833295000047,51.576242388000026,0,05231220700000380342
05,5,13,000,2023,12,15,4,2,0,1,0,1,0,0,0,0,0,369351.458700000308454,5714993.263399999588728,7.114800064000065,51.570854974000042,1,05231220700000099231
05,5,13,000,2023,12,10,5,3,0,7,0,0,0,0,0,0,1,365311.911999999545515,5709578.492499999701977,7.058619436000072,51.521244714000034,1,05231221700000194976
05,5,70,048,2023,12,17,3,3,5,2,2,1,1,0,0,0,0,448764.791000000201166,5732206.050000000745058,8.257993097000053,51.738423217000047,1,05231219711300979831
05,5,66,076,2023,12,07,3,3,5,3,2,1,0,0,0,0,1,394270.383899999782443,5793755.207699999213219,7.450012625000056,52.283977714000059,1,05231219709700247180
05,5,66,076,2023,12,09,3,2,5,2,0,0,1,0,0,0,0,393349.328099999576807,5796552.770500000566244,7.435629649000020,52.308941879000031,1,05231219709500976680
05,5,58,012,2023,12,07,3,3,1,5,2,1,1,0,0,0,0,373537.593100000172853,5755326.024700000882149,7.160499323000067,51.934269391000043,1,05231219706200379104
05,5,58,044,2023,12,08,3,3,6,4,0,0,1,1,0,0,0,396180.310999999754131,5746875.713999999687076,7.492264621000061,51.863002975000029,1,05231219706000395135
05,5,54,004,2023,12,08,3,3,5,3,1,1,1,0,0,0,0,361707.798999999649823,5771210.960000000894070,6.982124054000053,52.074188176000064,1,05231219705000979865
05,5,54,016,2023,12,07,3,3,5,3,2,1,1,0,0,0,0,363310.698200000450015,5757305.766699999570847,7.011046928000042,51.949640982000062,1,05231219705000979858
05,5,15,000,2023,12,08,3,3,0,2,1,1,1,0,0,0,0,404663.701899999752641,5759742.373999999836087,7.611861931000021,51.980168322000054,1,05231219702100787861
05,5,15,000,2023,12,13,3,3,5,2,0,0,1,0,0,0,0,409809.471599999815226,5752414.095599999651313,7.688687546000040,51.915155934000040,1,05231219702100099923
05,5,13,000,2023,12,14,3,3,1,5,0,1,1,0,0,0,0,366761.415000000037253,5706109.770400000736117,7.080810211000028,51.490416260000075,1,05231219700000095170
05,5,13,000,2023,12,15,3,3,6,4,1,0,1,1,0,0,0,365067.297299999743700,5715841.741599999368191,7.052693443000067,51.577470769000058,1,05231219700000075475
05,5,70,052,2023,12,08,5,3,7,3,1,1,1,0,0,0,0,430336.258799999952316,5755180.588099999353290,7.986515938000025,51.942972008000027,1,05231221711100896512
05,5,70,004,2023,12,15,2,3,2,2,0,0,1,0,0,0,0,423725.552799999713898,5735709.231899999082088,7.894657944000073,51.767067181000073,0,05231218711200602947
05,5,66,040,2023,12,14,2,3,3,6,0,1,1,0,0,0,0,421461.822100000455976,5782549.510099999606609,7.851138521000053,52.187810875000082,0,05231218709800687357
05,5,66,004,2023,12,19,2,2,0,1,2,1,0,0,0,0,0,395691.732900000177324,5767678.683199999853969,7.478856051000037,52.049886172000072,0,05231218709110979618
05,5,58,004,2023,12,07,2,3,5,2,2,1,0,0,0,0,0,404025.091500000096858,5738106.061899999156594,7.608584773000075,51.785580962000040,0,05231218706300676730
05,5,54,012,2023,12,11,2,3,9,1,0,0,0,0,1,0,0,352558.803000000305474,5752229.755000000819564,6.856885356000021,51.901288359000034,0,05231218705000011648
05,5,62,036,2023,12,13,2,3,6,6,0,0,0,1,0,0,1,388762.643299999646842,5720724.845100000500679,7.392948298000022,51.626534863000074,1,05231218701930209492
05,5,62,024,2023,12,07,2,3,6,4,2,0,1,1,0,0,0,372011.438400000333786,5725255.526599999517202,7.149412280000035,51.663690622000047,0,05231218701500680958
05,5,70,052,2023,12,13,1,2,0,1,0,0,0,0,1,0,0,428270.865199999883771,5753139.817999999970198,7.956898941000077,51.924363903000028,0,05231217711100280982
05,5,54,016,2023,12,19,1,3,4,1,2,1,1,0,0,0,0,362944.717899999581277,5757082.678200000897050,7.005814011000041,51.947546348000060,0,05231217705000196573
05,5,58,020,2023,12,09,7,3,6,4,0,0,1,1,0,0,0,390857.474499999545515,5760081.914100000634789,7.410807531000046,51.980679560000056,0,05231216706000185478
05,5,54,020,2023,12,11,7,3,5,7,0,1,1,0,0,0,0,364023.760300000198185,5786971.686699999496341,7.009588644000075,52.216376899000068,0,05231216705000521120
05,5,54,052,2023,12,13,7,3,0,2,0,1,1,0,0,0,0,379206.745099999941885,5772744.841900000348687,7.236774528000069,52.092066255000077,0,05231216705000391823
05,5,12,000,2023,12,11,7,3,6,4,0,1,0,1,0,0,0,357595.962399999611080,5710171.452600000426173,6.947237562000055,51.524680421000028,0,05231216701400979951
05,5,62,014,2023,12,17,7,2,5,2,2,0,1,0,0,0,0,358915.128299999982119,5713149.946200000122190,6.965046720000032,51.551776240000038,1,05231216701300299330
05,5,13,000,2023,12,17,4,3,6,4,2,0,1,1,0,0,0,367424.242499999701977,5709448.431099999696016,7.089096928000060,51.520575658000041,1,05231220700000579011
05,5,66,016,2023,12,14,6,3,0,5,0,1,1,0,0,0,0,403717.844600000418723,5795266.516200000420213,7.588031881000063,52.299297320000051,0,05231215709500896953
05,5,66,036,2023,12,16,6,2,8,2,1,1,0,0,0,0,0,387348.810999999754131,5768252.042999999597669,7.357052971000030,52.053406164000080,1,05231215709300142420
05,5,54,020,2023,12,11,6,3,0,1,0,1,0,0,0,0,0,366716.208599999547005,5786232.794500000774860,7.049266475000024,52.210395552000080,0,05231215705000979981
05,5,54,056,2023,12,22,6,2,9,1,2,0,1,0,0,0,0,358765.696700000204146,5762997.029200000688434,6.942616499000053,51.999642751000067,0,05231215705000978323
05,5,54,020,2023,12,13,6,3,1,6,0,0,1,0,0,0,0,364668.247399999760091,5786521.932900000363588,7.019196311000030,52.212494426000035,0,05231215705000503148
05,5,54,012,2023,12,14,6,3,6,4,0,0,0,1,0,0,1,352763.746799999848008,5746035.637099999934435,6.862503520000075,51.845689124000046,0,05231215705000091843
05,5,15,000,2023,12,16,6,3,5,3,2,0,1,0,1,0,0,400740.826999999582767,5756421.334599999710917,7.555722339000056,51.949631355000065,1,05231215702100296692
05,5,15,000,2023,12,14,6,3,5,3,0,1,0,0,0,0,0,405479.429800000041723,5758782.774100000038743,7.623999866000077,51.971682426000029,1,05231215702100081010
05,5,15,000,2023,12,21,6,3,5,3,2,0,1,0,0,0,0,405945.174499999731779,5757051.361600000411272,7.631252131000053,51.956198734000054,0,05231215702100051184
05,5,62,032,2023,12,07,6,3,6,2,1,0,1,1,0,0,0,376998.803500000387430,5717381.895899999886751,7.224252233000072,51.594042536000075,0,05231215701110565515
05,5,15,000,2023,12,04,4,3,9,7,2,0,0,0,0,0,1,407754.214999999850988,5757287.845000000670552,7.657507096000074,51.958627415000080,0,05231227702100979682
05,5,70,040,2023,12,13,5,3,1,6,0,1,1,0,0,0,0,420555.057900000363588,5744464.380899999290705,7.846715129000074,51.845330104000027,0,05231214711200796600
05,5,70,016,2023,12,12,5,3,5,3,0,1,1,0,0,0,0,413065.192499999888241,5738722.446399999782443,7.739454969000064,51.792599479000046,0,05231214711200190740
05,5,66,056,2023,12,19,5,3,8,1,2,1,0,0,0,0,0,416930.104000000283122,5796781.398000000044703,7.781363171000066,52.315070840000033,0,05231214709700148421
05,5,54,004,2023,12,16,5,2,6,2,2,0,1,1,0,0,0,363330.804999999701977,5771283.036100000143051,7.005761493000023,52.075238731000070,0,05231214705000978340
05,5,54,020,2023,12,11,5,3,5,2,0,1,1,0,0,0,0,366115.100999999791384,5787192.119000000879169,7.040094782000040,52.218869726000037,0,05231214705000070967
05,5,15,000,2023,12,00,5,3,6,7,2,0,0,1,0,0,1,406168.615699999965727,5757190.469200000166893,7.634464803000071,51.957486846000052,1,05231214702100492507
05,5,62,024,2023,12,21,5,3,5,2,2,1,1,0,0,0,0,368540.584999999962747,5724310.842000000178814,7.099611795000044,51.654399969000053,0,05231214701500980000
05,5,13,000,2023,12,15,5,3,2,6,0,0,1,0,0,0,0,365731.080299999564886,5709659.643999999389052,7.064626648000058,51.522073787000068,0,05231214700000989657
05,5,13,000,2023,12,08,5,3,6,4,0,0,1,1,0,0,0,367330.263700000010431,5709002.027699999511242,7.087911212000051,51.516541904000064,1,05231214700000400000
05,5,70,004,2023,12,07,4,3,5,3,2,1,1,0,0,0,0,423730.537999999709427,5735380.146999999880791,7.894802425000023,51.764109504000032,1,05231213711200185563
05,5,66,096,2023,12,11,4,3,0,1,0,1,0,0,0,0,0,385299.941399999894202,5785598.460699999704957,7.321335035000061,52.208876565000025,1,05231213709300976630
05,5,66,068,2023,12,15,4,3,5,3,0,0,1,0,1,0,0,376350.478000000119209,5785991.732000000774860,7.190281923000043,52.210475327000040,1,05231213709300370501
05,5,54,016,2023,12,10,4,2,5,3,0,1,1,0,0,0,0,363310.820199999958277,5757305.699999999254942,7.011048729000038,51.949640413000054,1,05231213705000978360
05,5,54,068,2023,12,05,4,3,2,3,2,1,1,0,0,0,0,350582.781999999657273,5766881.231000000610948,6.821810248000077,52.032398586000056,1,05231213705000296573
05,5,15,000,2023,12,10,4,3,0,5,0,0,0,1,0,0,1,405538.046000000089407,5758721.267799999564886,7.624869842000066,51.971139548000053,1,05231213702100981338
05,5,15,000,2023,12,08,4,3,6,4,1,0,1,1,0,0,0,405295.657999999821186,5756131.042999999597669,7.622056504000057,51.947816279000051,1,05231213702100781062
05,5,62,016,2023,12,07,4,3,0,3,1,1,1,0,0,0,0,374530.683600000105798,5733748.150699999183416,7.182762253000021,51.740581096000028,1,05231213701700382385
05,5,62,032,2023,12,09,3,3,6,4,0,1,0,1,0,0,0,374847.104600000195205,5719240.653599999845028,7.192541708000022,51.610273458000052,1,05231219701110085388
05,5,70,016,2023,12,10,3,3,5,3,0,1,1,0,0,0,0,413215.842000000178814,5739181.548000000417233,7.741523916000062,51.796749785000031,0,05231212711200987304
05,5,70,004,2023,12,18,3,3,5,3,2,1,1,0,0,0,0,423912.854399999603629,5735325.543099999427795,7.897455747000038,51.763643439000077,1,05231212711200086958
05,5,70,052,2023,12,14,3,3,5,3,0,1,1,0,0,0,0,429883.415799999609590,5756096.476600000634789,7.979742177000048,51.951148602000046,1,05231212711100551246
05,5,66,008,2023,12,12,3,3,0,7,0,1,1,0,0,0,0,400863.297000000253320,5780622.377000000327826,7.550478896000072,52.167172238000035,0,05231212709000277840
05,5,54,008,2023,12,18,3,3,5,2,1,1,1,0,0,0,0,335279.669499999843538,5744256.797399999573827,6.609751675000041,51.824825302000079,1,05231212705000795950
05,5,54,020,2023,12,17,3,3,8,1,2,0,1,0,0,0,0,363510.417799999937415,5786021.926599999889731,7.002462258000037,52.207716221000055,1,05231212705000320800
05,5,54,048,2023,12,18,3,3,6,4,2,0,1,1,0,0,0,341215.888299999758601,5745775.332200000062585,6.695118544000024,51.840186163000055,1,05231212705000165893
05,5,15,000,2023,12,18,4,3,5,3,2,1,1,0,0,0,0,401302.686999999918044,5758736.002000000327826,7.563229860000035,51.970536011000036,1,05231220702100065836
05,5,66,008,2023,12,06,2,3,6,4,2,0,1,1,0,0,0,399870.944000000134110,5781434.957000000402331,7.535734583000021,52.174296368000057,0,05231211709110338160
05,5,54,008,2023,12,16,2,3,5,3,1,1,1,0,0,0,0,336751.998900000005960,5747218.429999999701977,6.629699340000059,51.851863245000061,0,05231211705000980110
05,5,15,000,2023,12,11,2,3,5,3,0,0,1,0,0,0,0,406962.106999999843538,5751110.509999999776483,7.647653001000037,51.902970125000081,1,05231211702100591867
05,5,62,024,2023,12,13,2,3,6,4,0,0,1,1,0,0,0,369232.990000000223517,5726509.564099999144673,7.108792610000023,51.674320444000045,0,05231211701500980117
05,5,12,000,2023,12,07,2,3,6,2,2,0,1,1,0,0,0,360128.020499999634922,5710739.744699999690056,6.983487120000063,51.530419947000041,1,05231211701400681644
05,5,13,000,2023,12,07,2,3,5,3,2,1,1,0,0,0,0,363085.969499999657273,5710984.324699999764562,7.026008802000035,51.533342826000080,1,05231211700000081500
05,5,54,068,2023,12,17,4,3,0,3,2,1,1,0,0,0,0,350915.150000000372529,5767224.463999999687076,6.826502104000042,52.035571780000055,1,05231213705000980038
05,5,66,096,2023,12,14,1,3,8,1,0,1,0,0,0,0,0,386396.713999999687076,5786718.246999999508262,7.337003367000023,52.219167087000073,1,05231210709300370501
05,5,54,004,2023,12,22,1,2,0,1,2,1,0,0,0,0,0,360659.162200000137091,5769759.293400000780821,6.967425886000058,52.060881817000052,1,05231210705000978381
05,5,15,000,2023,12,14,1,3,6,4,0,0,0,1,0,0,1,405786.242600000463426,5757705.588700000196695,7.628760532000058,51.962052314000061,0,05231210702100874772
05,5,15,000,2023,12,20,1,2,2,6,2,0,1,0,0,0,0,406155.632000000216067,5756694.194000000134110,7.634411455000077,51.953023900000062,1,05231210702100142557
05,5,62,012,2023,12,12,1,3,4,7,0,0,1,0,0,0,1,362723.660199999809265,5726470.180600000545382,7.014726881000058,51.672413589000030,0,05231210701610980153
05,5,54,008,2023,12,21,5,3,1,5,2,0,1,0,0,1,0,332688.362999999895692,5742534.086500000208616,6.573017514000071,51.808580032000066,0,05231214705000979987
05,5,70,028,2023,12,07,7,3,2,6,1,1,1,0,0,0,0,441501.853699999861419,5742440.694499999284744,8.151094911000030,51.829724711000040,0,05231209711400980200
05,5,70,036,2023,12,09,7,3,5,3,0,1,1,0,0,0,0,433930.342000000178814,5766455.132999999448657,8.036622322000028,52.044765214000051,0,05231209711100561702
05,5,66,060,2023,12,19,7,3,5,3,2,1,1,0,0,0,0,388975.673899999819696,5789536.281899999827147,7.373813762000054,52.245018503000040,1,05231209709500069126
05,5,66,076,2023,12,11,7,3,5,3,0,0,1,0,0,0,0,394908.944000000134110,5792866.714999999850988,7.459647132000043,52.276115055000048,0,05231209709500012578
05,5,54,004,2023,12,17,7,2,8,7,2,1,0,0,0,0,0,363869.272800000384450,5772379.725800000131130,7.013175894000028,52.085225588000071,1,05231209705000995070
05,5,54,008,2023,12,11,7,3,1,1,0,0,1,0,1,0,0,336249.576200000010431,5744825.304999999701977,6.623543938000068,51.830217554000058,0,05231209705000980200
05,5,54,012,2023,12,17,7,3,5,3,2,1,1,0,0,0,0,352519.378899999894202,5745981.303899999707937,6.858981761000052,51.845136451000030,1,05231209705000016031
05,5,15,000,2023,12,16,7,1,6,1,2,0,1,1,0,0,0,401827.037600000388920,5757390.559299999848008,7.571245071000021,51.958535749000077,1,05231209702100670584
05,5,15,000,2023,12,15,7,3,5,2,0,1,1,0,0,0,0,405534.694500000216067,5756588.053400000557303,7.625407780000046,51.951964738000072,1,05231209702100276702
05,5,62,016,2023,12,19,7,3,1,5,2,0,1,0,0,0,1,374991.999499999918044,5733952.997999999672174,7.189366521000068,51.742525124000053,1,05231209701700980180
05,5,12,000,2023,12,05,7,3,8,1,2,0,1,0,0,0,0,357422.560100000351667,5709247.861700000241399,6.945113380000066,51.516337369000041,0,05231209701400978397
05,5,12,000,2023,12,16,7,3,1,5,2,1,1,0,0,0,0,357154.212500000372529,5710025.833100000396371,6.940933170000051,51.523260342000071,1,05231209701400894388
05,5,13,000,2023,12,17,7,3,6,4,2,0,1,1,0,0,0,368373.699699999764562,5709635.104199999943376,7.102704254000059,51.522475302000032,1,05231209700000791001
05,5,13,000,2023,12,14,7,3,6,2,0,0,1,1,0,0,0,364802.649500000290573,5716792.926799999549985,7.048510276000059,51.585955071000058,0,05231209700000571538
05,5,54,020,2023,12,15,6,3,5,3,0,0,1,0,1,0,0,364102.632600000128150,5786613.062200000509620,7.010886413000037,52.213174043000038,1,05231208705000520897
05,5,15,000,2023,12,07,6,3,0,3,2,1,1,0,0,0,0,404849.324000000022352,5755639.544999999925494,7.615700444000026,51.943322321000039,1,05231208702100927000
05,5,15,000,2023,12,14,6,3,3,5,0,0,1,0,1,0,0,403046.411600000225008,5757483.115800000727177,7.588959189000036,51.959581627000034,1,05231208702100579094
05,5,15,000,2023,12,19,6,3,5,3,2,1,1,0,0,0,0,407023.809899999760091,5759437.434200000017881,7.646298264000052,51.977827337000065,1,05231208702100396643
05,5,62,008,2023,12,07,6,3,6,2,2,0,1,1,0,0,0,384843.782700000330806,5723587.087500000372529,7.335415774000069,51.651471530000038,1,05231208701910848786
05,5,62,008,2023,12,18,6,3,5,3,2,0,1,0,0,0,1,385992.587000000290573,5723904.765000000596046,7.351910738000072,51.654560887000059,1,05231208701910352518
05,5,13,000,2023,12,15,6,3,2,6,0,0,0,0,0,1,0,366728.778500000014901,5707492.376000000163913,7.079818201000023,51.502833603000056,1,05231208700000725981
05,5,70,028,2023,12,16,5,3,1,5,2,1,1,0,0,0,0,441026.827999999746680,5741645.529899999499321,8.144337794000023,51.822526054000036,0,05231207711400996650
05,5,70,052,2023,12,13,5,3,5,3,0,1,0,0,0,0,0,430640.070700000040233,5756307.876099999994040,7.990707645000043,51.953143885000031,0,05231207711100980255
05,5,66,076,2023,12,13,5,3,5,2,0,1,0,0,0,1,0,394292.314000000245869,5793929.875000000000000,7.450279212000055,52.285551707000081,1,05231207709500111962
05,5,66,076,2023,12,14,5,3,4,3,0,1,1,0,0,0,0,394226.574000000022352,5794111.762199999764562,7.449258733000022,52.287173719000066,0,05231207709500091847