ULAND,UREGBEZ,UKREIS,UGEMEINDE,UJAHR,UMONAT,USTUNDE,UWOCHENTAG,UKATEGORIE,UART,UTYP1,ULICHTVERH,IstRad,IstPKW,IstFuss,IstKrad,IstGkfz,IstSonstige,LINREFX,LINREFY,XGCSWGS84,YGCSWGS84,STRZUSTAND,UIDENTSTLAE
05,5,66,068,2023,12,06,5,3,0,7,2,1,0,0,0,0,0,375383.389399999752641,5784828.355100000277162,7.176563592000036,52.199803281000072,2,05231207709300980278
05,5,66,028,2023,12,15,5,3,0,1,0,0,1,1,0,0,0,417046.027800000272691,5791375.593399999663234,7.784394322000026,52.266498375000026,1,05231207709700696558
05,5,66,068,2023,12,05,5,3,0,6,2,1,0,0,0,0,0,376705.697999999858439,5785971.721000000834465,7.195485366000071,52.210375094000028,2,05231207709300839553
05,5,66,072,2023,12,17,5,2,0,7,2,0,1,1,0,0,0,411109.711099999956787,5800767.871700000017881,7.694946825000045,52.349990169000080,0,05231207709000081003
05,5,58,012,2023,12,15,5,2,6,4,0,0,1,1,0,0,0,373672.269100000150502,5756229.387000000104308,7.162125414000059,51.942417974000080,0,05231207706000980242
05,5,58,012,2023,12,21,5,3,5,3,1,0,1,0,0,0,0,373992.543999999761581,5756812.263000000268221,7.166568718000065,51.947728578000067,0,05231207706000796540
05,5,58,012,2023,12,20,5,3,8,7,2,0,1,0,0,0,0,375158.948300000280142,5758205.961500000208616,7.183024518000025,51.960516045000077,0,05231207706000385478
05,5,54,020,2023,12,07,5,2,0,1,1,1,0,0,0,0,0,366356.450500000268221,5786238.067900000140071,7.044002316000046,52.210355809000077,2,05231207705000980275
05,5,54,008,2023,12,06,5,3,0,1,1,1,1,0,0,0,0,334664.168999999761581,5745492.360999999567866,6.600238451000052,51.835742997000068,2,05231207705000680994
05,5,54,020,2023,12,19,5,3,6,4,2,0,1,1,0,0,0,366952.303000000305474,5786228.166999999433756,7.052721593000058,52.210411022000073,1,05231207705000503148
05,5,54,004,2023,12,06,5,3,0,1,2,0,0,0,1,0,0,362317.091099999845028,5773528.358799999579787,6.990072972000064,52.095162504000029,2,05231207705000196573
05,5,54,032,2023,12,06,5,2,0,1,2,1,0,0,0,0,0,323978.620400000363588,5743976.559800000861287,6.446075337000025,51.818862733000060,2,05231207705000080994
05,5,54,008,2023,12,05,5,3,0,1,2,1,0,0,0,0,0,334720.479399999603629,5745689.228199999779463,6.600960957000041,51.837528183000074,2,05231207705000076721
05,5,15,000,2023,12,07,5,3,2,6,2,0,1,0,0,0,0,405243.039800000376999,5756478.064899999648333,7.621195480000040,51.950926500000037,1,05231207702100672722
05,5,62,012,2023,12,11,5,3,0,7,0,0,0,0,1,0,0,362215.019999999552965,5726526.115000000223517,7.007353711000064,51.672791698000026,0,05231207701610978424
05,5,12,000,2023,12,12,5,3,0,1,0,1,0,0,0,0,0,357033.120799999684095,5710085.165200000628829,6.939164818000052,51.523762853000051,1,05231207701400385474
05,5,62,014,2023,12,08,5,3,0,7,1,0,0,0,0,0,1,360241.510300000198185,5715703.657800000160933,6.983149782000055,51.575054150000028,1,05231207701300891628
05,5,13,000,2023,12,11,5,2,5,3,0,0,0,0,0,0,1,366001.158900000154972,5708859.602700000628829,7.068821420000063,51.514948287000038,0,05231207700000077747
05,5,58,044,2023,12,18,2,3,4,6,2,0,1,0,0,0,0,395283.178299999795854,5746429.888399999588728,7.479375955000023,51.858828238000058,1,05231211706300094282
05,5,66,048,2023,12,06,2,3,5,3,2,0,1,0,0,0,1,425773.827999999746680,5792722.504000000655651,7.911968414000057,52.279852951000066,1,05231211709700157410
05,5,70,008,2023,12,17,4,3,6,2,2,0,1,1,0,0,0,433519.273000000044703,5734222.801100000739098,8.036846207000053,51.754952795000065,1,05231206711300980287
05,5,70,004,2023,12,09,4,3,4,6,0,1,0,0,0,0,1,423560.339200000278652,5735429.677600000053644,7.892325725000035,51.764531556000065,1,05231206711200657664
05,5,70,052,2023,12,13,4,3,5,2,0,1,1,0,0,0,0,429835.821600000374019,5756030.140599999576807,7.979063301000053,51.950546265000071,1,05231206711100087235
05,5,62,014,2023,12,17,1,3,6,4,0,0,1,1,0,0,0,362717.182000000029802,5712855.187999999150634,7.019965370000023,51.550065396000036,1,05231231701300979620
05,5,13,000,2023,12,02,1,3,1,1,2,0,1,0,0,0,0,364067.273000000044703,5716283.625000000000000,7.038099439000064,51.581201414000077,1,05231231700000978152
05,5,58,004,2023,12,11,7,3,5,3,0,0,1,0,1,0,0,404302.766099999658763,5738482.447899999096990,7.612505326000075,51.789011727000059,0,05231230706000096611
05,5,54,004,2023,12,15,7,3,5,3,0,1,1,0,0,0,0,363880.028500000014901,5771944.896500000730157,7.013506312000061,52.081321108000054,1,05231230705000030801
05,5,13,000,2023,12,15,7,3,0,7,0,0,0,0,1,0,0,366145.541400000452995,5708667.751499999314547,7.070973828000035,51.513258424000071,0,05231230700000689556
05,5,66,040,2023,01,21,2,3,0,3,2,1,1,0,0,0,0,421144.724956963676959,5781567.115153599530458,7.846729507000020,52.178935021000029,1,05230102709800596631
05,5,70,032,2023,01,18,2,3,3,6,2,1,1,0,0,0,0,420388.942069260810968,5763891.426400411874056,7.839808672000061,52.019940507000058,1,05230102711151087235
05,5,62,012,2023,01,17,6,3,0,1,2,1,0,0,0,0,0,359415.832181253586896,5722345.920626487582922,6.968579594000062,51.634535677000031,0,05230106701610992237
05,5,54,020,2023,01,12,7,3,2,7,0,1,1,0,0,0,0,367003.692097405320965,5781779.439723904244602,7.055218899000067,52.170449485000063,1,05230114705000920730
05,5,66,076,2023,01,19,3,3,0,1,2,1,0,0,0,0,0,395815.543206517002545,5795031.805415485054255,7.472261018000040,52.295745976000035,2,05230117709500576680
05,5,15,000,2023,01,08,6,3,4,6,0,1,0,0,0,0,0,404772.639325002266560,5757552.630785064771771,7.614055033000056,51.960504782000044,0,05230120702100176732
05,5,66,008,2023,01,07,5,3,0,1,1,1,0,0,0,0,0,400163.360659678932279,5779196.417707253247499,7.540667730000052,52.154229842000063,2,05230126709300887330
05,5,58,044,2023,02,07,2,3,3,6,2,1,0,0,0,0,1,394095.296390228031669,5744923.611223331652582,7.462594530000047,51.845065727000076,0,05230206706300910693
05,5,54,008,2023,02,16,6,3,0,1,0,1,0,0,0,0,0,333515.610036563244648,5749884.785915895365179,6.581468020000045,51.874859749000052,0,05230210705000991497
05,5,62,008,2023,02,12,4,3,6,6,0,1,0,1,0,0,0,387436.281447504821699,5725197.298385215923190,7.372355372000072,51.666468937000047,0,05230215701910074177
05,5,15,000,2023,02,22,5,3,4,6,2,1,0,0,0,0,0,404919.069912918377668,5757903.334746723994613,7.616088433000073,51.963682106000078,1,05230216702100674773
05,5,70,028,2023,02,23,5,2,8,1,2,1,0,0,0,0,0,445155.738880589022301,5740410.240250890143216,8.204434739000021,51.811840899000060,1,05230216711400402811
05,5,66,040,2023,02,10,6,2,0,1,0,1,0,0,0,0,0,423396.880911819287576,5776965.991495192982256,7.880698778000067,52.137892869000041,1,05230217709800987330
05,5,66,084,2023,02,03,3,2,8,7,2,1,1,0,0,0,0,384556.203635605575982,5783288.979694196954370,7.311242366000045,52.187966556000049,0,05230221709300292706
05,5,66,028,2023,02,15,1,3,0,1,0,1,0,0,0,0,0,413580.464601379761007,5791396.530480608344078,7.733617852000066,52.266152894000072,0,05230226709700091774
05,5,66,008,2023,02,18,3,3,4,6,2,1,0,0,1,0,0,399110.688408199930564,5780394.926703128032386,7.524929969000027,52.164810384000077,0,05230228709110579240
05,5,15,000,2023,03,19,2,3,6,7,2,1,0,1,0,0,0,410562.784427638922352,5752758.837555154226720,7.699547634000055,51.918376232000071,0,05230313702100174700
05,5,62,020,2023,03,13,3,3,0,7,0,1,0,1,0,0,0,371143.926273382967338,5718490.299255252815783,7.139366090000067,51.602694824000082,0,05230321701200381316
05,5,66,052,2023,03,14,3,3,8,1,0,1,0,0,0,0,0,380569.108225132280495,5779487.090055402368307,7.254284547000054,52.152951824000070,1,05230321709300070501
05,5,15,000,2023,03,15,5,2,0,6,0,1,0,1,0,0,0,407263.066361780802254,5759074.640194348059595,7.649878750000028,51.974606348000066,0,05230323702100076652
05,5,66,008,2023,03,14,2,2,0,1,0,1,0,0,0,0,0,399148.782369484892115,5783743.179275502450764,7.524491005000073,52.194910438000079,0,05230327709110406885
05,5,15,000,2023,03,10,4,2,7,7,0,1,0,0,0,0,1,403507.964744698721915,5756175.536043073982000,7.596041525000032,51.947908963000032,0,05230329702100990817
05,5,70,004,2023,03,09,5,3,4,6,0,1,0,0,0,0,0,423422.185492187563796,5734240.695727338083088,7.890586170000063,51.753824157000054,0,05230330711200787304
05,5,66,096,2023,04,09,3,3,5,3,0,1,1,0,0,0,0,384377.111480251653120,5786851.890538321807981,7.307407339000065,52.219947928000067,0,05230404709000121110
05,5,66,012,2023,04,14,4,3,0,6,0,1,0,0,0,0,0,405193.237255091429688,5771123.130396506749094,7.616415529000051,52.082552500000077,1,05230405709110072342
05,5,54,008,2023,04,11,3,2,9,7,0,1,0,0,0,0,1,336281.083980405703187,5747961.374184610322118,6.622516270000062,51.858399527000074,0,05230411705000496647
05,5,54,004,2023,04,05,3,3,4,6,2,1,0,0,1,0,0,359645.297889781126287,5771217.215984445065260,6.952047364000066,52.073725504000038,1,05230411705000721215
05,5,66,076,2023,04,15,6,3,6,1,0,1,0,1,0,0,0,393879.592979836277664,5792901.436452067457139,7.444554682000046,52.276229374000081,0,05230414709500679180
05,5,66,076,2023,04,14,4,3,0,7,0,1,0,0,0,0,0,394518.733053132193163,5787715.958795402199030,7.455538869000065,52.229748944000050,0,05230419709500476680
05,5,66,076,2023,04,23,7,3,1,1,2,1,1,0,0,0,0,400011.548739973222837,5793777.165149536915123,7.534140382000032,52.285249540000052,1,05230422709500579092
05,5,15,000,2023,04,16,1,2,6,6,0,1,0,1,0,0,0,401333.470154379843734,5762174.834448448382318,7.562688561000073,52.001450219000048,0,05230423702100279182
05,5,66,076,2023,04,17,1,3,0,1,0,1,0,0,0,0,0,389250.639070769655518,5793899.326924555003643,7.376407545000063,52.284284338000077,0,05230423709500964316
05,5,66,028,2023,04,11,2,3,4,1,0,1,0,0,0,0,0,414685.283567937090993,5792758.673361569643021,7.749458994000065,52.278568881000069,1,05230424709700553151
05,5,66,040,2023,04,07,4,3,5,3,0,1,1,0,0,0,0,423286.012798571027815,5779126.815247450955212,7.878591243000074,52.157301150000080,0,05230426709800580102
05,5,15,000,2023,04,17,5,3,4,1,0,1,1,0,0,0,0,405967.461104166228324,5765302.271147903054953,7.629313275000072,52.030364961000032,0,05230427702100672468
05,5,15,000,2023,04,17,7,3,8,1,0,1,0,0,0,0,0,404769.519503528659698,5757233.874417651444674,7.614098009000031,51.957639141000072,0,05230429702100964165
05,5,70,052,2023,04,13,7,2,0,1,0,1,0,0,0,0,0,430903.726620209752582,5756423.186688275076449,7.994520411000053,51.954213307000032,0,05230429711100089568
05,5,62,014,2023,04,17,1,2,3,6,0,1,0,0,0,0,0,359320.679412160825450,5713468.708745474927127,6.970764780000025,51.554741905000071,0,05230430701300361085
05,5,15,000,2023,05,15,2,3,0,1,0,1,0,0,0,0,0,404767.942087101051584,5757234.234627116471529,7.614074960000039,51.957642109000062,0,05230501702100093600
05,5,66,040,2023,05,17,2,3,7,7,0,1,0,1,0,0,0,422852.374817953852471,5779777.128166344948113,7.872105854000040,52.163086368000052,1,05230501709800079150
05,5,70,004,2023,05,11,2,3,5,3,0,1,1,0,0,0,0,426021.693963845260441,5732679.734771065413952,7.928571137000063,51.740140851000035,0,05230501711200291797
05,5,54,004,2023,05,13,4,2,5,3,0,1,1,0,0,0,0,362908.580581577087287,5775719.110370343551040,6.997820264000040,52.114993928000047,0,05230503705000693442
05,5,66,088,2023,05,06,4,3,0,1,0,1,0,0,0,0,0,414074.847000000067055,5784997.350999999791384,7.742487457000038,52.208711820000076,0,05230503709800187281
05,5,66,084,2023,05,16,2,2,5,3,0,1,1,0,0,0,0,388442.755625309597235,5774679.817779378965497,7.370898035000039,52.111395153000046,0,05230508709300570598
05,5,66,040,2023,05,13,5,3,0,1,0,1,0,0,0,0,0,420722.681233280920424,5781204.346775632351637,7.840643211000042,52.175613663000036,1,05230511709800087357
05,5,58,040,2023,05,17,6,2,0,1,0,1,0,0,0,0,0,372000.070463842886966,5764787.305649197660387,7.134618653000075,52.018939196000076,0,05230512706000496670
05,5,15,000,2023,05,11,7,3,5,3,0,1,1,0,0,0,0,401054.481065451109316,5765723.410812274552882,7.557600218000061,52.033295465000037,0,05230513702100465385
05,5,66,008,2023,05,23,7,3,0,1,2,1,0,0,0,0,0,395588.214977736584842,5780930.139172293245792,7.473283832000050,52.168965525000033,0,05230513709110647852
05,5,66,084,2023,05,16,1,2,0,3,0,1,1,0,0,0,0,386160.609000000171363,5775736.660000000149012,7.337232804000053,52.120427920000054,0,05230514709300990440
05,5,66,044,2023,05,16,2,3,8,6,0,1,0,0,0,0,1,426038.921497257309966,5778837.612805685959756,7.918888481000067,52.155077141000049,0,05230515709800824006
05,5,15,000,2023,05,20,4,2,0,1,1,1,0,0,0,0,0,406176.845875963626895,5757650.026906788349152,7.634459019000076,51.961618953000027,0,05230517702100368126
05,5,66,012,2023,05,14,5,3,5,3,0,1,0,0,1,0,0,406561.182969778950792,5769600.539561627432704,7.636789785000076,52.069099594000079,0,05230518709110852455
05,5,66,076,2023,05,15,5,3,0,1,0,1,0,0,0,0,0,393638.760441746097058,5788616.913376013748348,7.442375952000020,52.237676811000028,0,05230518709500990242
05,5,54,020,2023,05,18,6,3,4,6,0,1,0,0,0,0,1,364910.933109196834266,5786790.999548802152276,7.022638736000033,52.214971610000077,0,05230519705000076688
05,5,15,000,2023,05,02,7,3,3,6,2,1,0,0,0,0,0,406120.489443795871921,5758113.641158321872354,7.633512299000074,51.965776616000028,0,05230520702100055910
05,5,54,004,2023,05,15,7,3,1,7,0,1,1,0,0,0,0,359026.082582975272089,5771171.115324260666966,6.943037560000050,52.073154008000074,0,05230520705000989925
05,5,58,016,2023,05,13,2,3,5,3,0,1,0,0,0,0,0,383300.228980211832095,5742541.337442261166871,7.306757738000044,51.821503583000037,0,05230522706100139835
05,5,66,064,2023,05,07,2,3,0,1,0,1,0,0,0,0,0,394298.333450292237103,5771224.762630984187126,7.457445871000061,52.081492919000027,1,05230522709110796664
05,5,54,020,2023,05,07,3,3,5,3,0,1,0,0,0,1,0,365741.521085254673380,5784949.999901391565800,7.035518614000068,52.198632594000060,1,05230523705000691708
05,5,54,012,2023,05,17,6,3,0,7,0,1,0,0,0,0,0,352719.112584234448150,5753807.215744228102267,6.858539485000051,51.915503947000047,0,05230526705000981030
05,5,66,024,2023,05,13,7,3,9,1,0,1,0,0,0,0,0,384026.432784358679783,5775519.832950452342629,7.306148980000046,52.118035755000051,0,05230527709300987820
05,5,66,024,2023,05,21,7,3,0,1,0,1,0,0,0,0,0,384931.608539821463637,5770998.132024077698588,7.320890233000057,52.077588624000043,0,05230527709300989835
05,5,15,000,2023,05,16,1,2,8,1,0,1,0,0,0,0,0,402026.710171507555060,5763924.948451457545161,7.572283231000029,52.017303278000043,0,05230528702100079140
05,5,62,036,2023,05,16,2,3,0,1,0,1,0,0,1,0,0,385433.014819960400928,5719456.500733573921025,7.345281058000069,51.614467168000033,0,05230529701930649551
05,5,66,044,2023,05,14,2,3,8,1,0,1,0,0,0,0,0,429567.853229376371019,5778826.532084159553051,7.970464999000058,52.155438985000046,0,05230529709800196631
05,5,62,020,2023,05,17,3,3,5,3,0,1,0,0,0,0,0,369569.854141386807896,5717843.722366270609200,7.116890634000072,51.596521875000064,0,05230530701200265786
05,5,15,000,2023,05,17,3,3,5,2,0,1,1,0,0,0,0,409252.627468735445291,5759267.035778109915555,7.678784712000038,51.976664171000039,0,05230530702100174725
05,5,54,024,2023,05,12,3,3,0,1,0,1,0,0,0,0,0,368738.144290138268843,5775013.104281518608332,7.083178777000057,52.110064483000031,0,05230530705000030801
05,5,66,076,2023,05,15,3,3,3,6,0,1,0,0,0,0,0,393232.371504039329011,5794187.658945892937481,7.434664584000075,52.287663558000077,0,05230530709500536097
05,5,54,048,2023,05,15,4,3,6,6,0,1,0,1,0,0,0,340819.128984450595453,5745954.687307717278600,6.689281775000040,51.841684520000058,0,05230531705000076765
05,5,66,088,2023,05,09,4,3,4,1,0,1,0,0,0,0,1,419601.314609525084961,5788841.939136710949242,7.822434067000074,52.244103719000066,0,05230531709800989701
05,5,66,084,2023,06,07,5,3,5,3,0,1,0,0,0,0,0,386252.272959963185713,5779377.072982644662261,7.337353106000023,52.153163043000063,0,05230601709300087286
05,5,54,016,2023,06,13,6,3,2,6,0,1,0,0,0,0,0,365592.988653177220840,5756979.733676402829587,7.044362717000070,51.947267468000064,0,05230602705000191823
05,5,66,096,2023,06,18,6,3,8,7,0,1,0,0,0,0,0,383610.976280930684879,5788440.711048897355795,7.295650538000075,52.234064737000040,0,05230602709300196551
05,5,58,024,2023,06,11,7,2,0,1,0,1,0,0,0,0,0,389593.392861664353404,5736237.893479978665709,7.400034706000042,51.766128631000072,0,05230603706000776678
05,5,66,084,2023,06,22,7,3,7,7,2,1,0,0,0,0,0,384344.731720909068827,5781876.160962363705039,7.308632194000040,52.175225590000082,0,05230603709300087308
05,5,62,012,2023,06,15,2,3,5,3,0,1,0,0,0,0,0,364431.150294255581684,5732880.759466444142163,7.036912449000056,51.730434602000059,0,05230605701620095160
05,5,58,008,2023,06,06,2,2,0,1,0,1,0,0,0,0,0,378173.306907699094154,5760165.554104141891003,7.226178069000071,51.978794936000043,0,05230605706000393452
05,5,54,028,2023,06,16,3,3,5,3,0,1,0,0,0,0,1,356468.888306616980117,5744201.444928296841681,6.917014831000074,51.830173220000063,0,05230606705000508065
05,5,58,032,2023,06,16,4,3,9,1,0,1,0,0,0,0,0,382785.599736862583086,5752232.071389487944543,7.296005794000052,51.908488373000068,0,05230607706000765764
05,5,70,020,2023,06,14,4,3,5,3,0,1,1,0,0,0,0,439310.475798213796224,5745036.717913411557674,8.118842830000062,51.852829527000040,0,05230607711400687403
05,5,54,004,2023,06,16,5,3,5,3,0,1,1,0,0,0,0,362157.252726116683334,5769172.185378918424249,6.989500935000024,52.055981197000051,0,05230608705000247428
05,5,66,064,2023,06,14,5,2,0,7,0,1,0,0,0,0,0,395164.177388197393157,5771794.516445532441139,7.469901494000055,52.086778292000076,0,05230608709110196565
05,5,62,008,2023,06,12,6,3,0,7,0,1,0,0,0,0,0,383789.075675297877751,5721387.984080363065004,7.320907354000042,51.631489740000063,0,05230609701910048545
05,5,54,068,2023,06,12,6,3,1,2,0,1,1,0,0,0,0,355630.881011134653818,5767496.211998743936419,6.895086710000044,52.039261107000073,0,05230609705000977738
05,5,15,000,2023,06,09,3,3,0,1,0,1,0,0,0,0,0,405649.746924186649267,5757088.872518941760063,7.626943904000029,51.956485852000071,1,05230613702100391701
05,5,58,012,2023,06,18,3,3,4,6,0,1,0,0,0,0,0,373749.850766990915872,5756283.245439521968365,7.163233708000064,51.942919578000044,0,05230613706000977628
05,5,15,000,2023,06,16,5,3,7,1,0,1,0,0,0,0,0,402699.508431001915596,5760138.487541418522596,7.583159427000055,51.983388180000077,0,05230615702100079140
05,5,70,008,2023,06,12,6,2,8,1,0,1,0,0,0,0,0,431691.360489593003877,5734576.686465222388506,8.010298586000033,51.757914266000057,0,05230616711300902910
05,5,62,036,2023,06,14,7,2,8,1,0,1,0,0,0,0,0,385615.084699274972081,5719436.809001455083489,7.347915987000022,51.614327209000066,0,05230617701930149496
05,5,58,012,2023,06,10,7,2,0,1,0,1,0,0,0,0,0,372979.801924658997450,5758174.188687495887280,7.151337981000040,51.959736991000057,0,05230617706000977508
05,5,66,032,2023,06,23,7,3,0,7,2,1,1,0,0,0,0,413720.671007212251425,5779740.559097705408931,7.738643314000058,52.161405852000030,0,05230617709110977492
05,5,62,032,2023,06,19,4,3,5,3,0,1,0,0,0,0,0,378190.073026175377890,5719362.729907399043441,7.240753597000037,51.612103786000034,0,05230621701110787636
05,5,66,064,2023,06,16,4,2,0,7,0,1,1,0,0,0,0,396671.776237968239002,5771325.041764527559280,7.492039126000066,52.082842284000037,0,05230621709500479180
05,5,66,056,2023,06,13,4,2,5,3,0,1,1,0,0,0,0,416414.233046172535978,5793618.916257060132921,7.774582231000068,52.286566767000068,0,05230621709700569050
05,5,58,024,2023,06,15,7,3,3,6,0,1,0,0,1,0,0,390584.279340848035645,5735174.460451580584049,7.414723104000075,51.756765145000031,0,05230624706000994282
05,5,15,000,2023,06,12,1,3,4,2,0,1,0,0,0,0,0,404909.114822255680338,5757734.371729694306850,7.615990364000027,51.962161698000045,0,05230625702100165913
05,5,66,068,2023,06,21,1,3,4,6,1,1,0,0,0,0,0,376136.197398608957883,5786423.305187148042023,7.186989517000029,52.214305377000073,0,05230625709300327832
05,5,15,000,2023,06,14,2,3,5,3,0,1,0,0,0,0,0,406456.386345150996931,5760221.816139949485660,7.637825410000062,51.984782475000031,0,05230626702100076681
05,5,58,004,2023,06,05,2,3,0,1,1,1,0,0,0,0,0,406175.048311151273083,5733034.350053250789642,7.641114202000040,51.740357096000082,0,05230626706000894282
05,5,58,032,2023,06,18,2,3,5,3,0,1,0,0,0,0,0,386542.678967403480783,5754076.577912085689604,7.349991434000060,51.925843510000050,0,05230626706000996665
05,5,54,008,2023,06,17,3,3,5,3,0,1,1,0,0,0,0,339462.386631960631348,5749400.102683095261455,6.668003979000048,51.872248822000074,0,05230627705000986884
05,5,15,000,2023,06,17,4,3,8,1,0,1,0,0,0,0,0,405324.940234229550697,5758260.708065013401210,7.621895530000074,51.966963592000070,0,05230628702100556377
05,5,54,056,2023,06,16,5,3,0,1,0,1,0,0,0,0,0,355868.858723042358179,5762553.574166169390082,6.900634560000071,51.994913981000082,0,05230629705000977256
05,5,66,072,2023,07,19,7,2,8,1,0,1,0,0,0,0,0,413430.936005506897345,5805442.125503958202899,7.727810263000038,52.392374581000070,0,05230701709700876748
05,5,66,092,2023,07,03,7,3,0,1,2,1,0,0,0,0,0,421148.196117696934380,5797612.600323478691280,7.843033752000053,52.323164288000044,0,05230701709700986970
05,5,70,020,2023,07,17,1,2,0,1,0,1,0,0,0,0,0,436727.101865063770674,5747031.857343344949186,8.080974241000035,51.870478965000075,0,05230702711400187230
05,5,66,012,2023,07,17,2,3,0,1,0,1,0,0,0,0,0,405437.983605753572192,5777035.255148742347956,7.618344397000044,52.135733589000040,0,05230703709110580992
05,5,70,004,2023,07,17,5,3,4,7,0,1,0,0,0,0,0,423698.352327283122577,5734339.259415555745363,7.894564671000069,51.754747901000030,0,05230706711200987238
05,5,62,008,2023,07,14,6,3,4,6,0,1,1,0,0,0,0,383477.538618983759079,5725738.866660767234862,7.314958483000055,51.670529322000050,0,05230707701910449551
05,5,15,000,2023,07,19,6,3,4,2,0,1,0,0,0,0,0,405055.326330065028742,5758272.158085938543081,7.617969056000049,51.967020523000031,0,05230707702100091771
05,5,62,032,2023,07,13,7,3,4,6,0,1,1,0,0,0,0,378243.397665717289783,5719375.604299206286669,7.241518879000068,51.612231027000064,0,05230708701110199258
05,5,54,056,2023,07,07,7,3,0,7,0,1,0,0,0,0,0,357864.300637375505175,5764371.375643349252641,6.928924801000051,52.011761351000075,0,05230708705000020981
05,5,58,024,2023,07,11,1,3,0,4,0,1,0,1,0,0,0,392589.246522272413131,5736954.295246704481542,7.443210257000032,51.773150403000045,0,05230709706000005115
05,5,66,096,2023,07,10,1,2,2,6,0,1,0,0,0,0,0,384920.388420522969682,5791850.802076598629355,7.313654061000022,52.264985371000080,0,05230709709300570501
05,5,58,016,2023,07,17,2,3,0,1,0,1,0,1,0,0,0,381381.296681469830219,5744239.555400416254997,7.278346687000067,51.836361689000057,0,05230710706100081061
05,5,54,008,2023,07,17,3,3,0,1,0,1,0,0,0,0,0,337599.596100905037019,5744534.425276155583560,6.643254833000071,51.827998477000051,0,05230711705000096700
05,5,54,004,2023,07,07,3,3,5,3,0,1,1,0,0,0,0,362016.528035283961799,5771361.296850801445544,6.986565036000059,52.075616006000075,0,05230711705000189750
05,5,66,016,2023,07,13,6,3,9,1,0,1,0,0,0,0,0,405562.325284621911123,5792311.554648693650961,7.615900378000049,52.273058654000067,0,05230714709500774763
05,5,54,012,2023,07,14,1,3,6,7,0,1,0,1,0,0,0,348258.454617774463259,5744857.577937778085470,6.797666243000037,51.833898581000028,0,05230716705000891747
05,5,66,008,2023,07,14,4,3,0,1,0,1,0,0,0,0,0,398103.152894582774024,5777486.006273834034801,7.511077082000043,52.138480840000057,0,05230719709110849821
05,5,62,012,2023,07,17,5,3,2,6,0,1,1,0,0,0,0,359245.452627834805753,5732635.381944823078811,6.961971085000073,51.726951782000071,0,05230720701610897120
05,5,15,000,2023,07,12,6,3,4,6,0,1,0,0,0,0,0,404139.703576890169643,5760819.504049651324749,7.603933694000034,51.989759742000047,0,05230721702100079098
05,5,54,008,2023,07,10,6,3,1,6,0,1,0,0,0,0,0,333488.053640099882614,5744093.987435557879508,6.583856731000026,51.822831735000079,0,05230721705000096700
05,5,62,012,2023,07,13,3,3,8,1,0,1,0,0,0,0,0,366046.093334971694276,5731163.781958410516381,7.060943276000046,51.715393648000031,1,05230725701620085353
05,5,58,012,2023,07,10,3,2,0,1,0,1,0,0,0,0,0,368822.977418935624883,5749802.321914887055755,7.094064650000064,51.883541542000046,0,05230725706000987496
05,5,15,000,2023,07,12,7,3,5,3,0,1,0,0,0,0,0,403913.070282770204358,5756610.297874832525849,7.601812363000022,51.951886883000043,0,05230729702100069102
05,5,62,032,2023,07,14,1,3,0,1,0,1,0,0,0,0,0,380616.388631364097819,5716258.723989065736532,7.276834942000050,51.584726274000047,0,05230730701120571521
05,5,66,064,2023,07,10,1,2,0,1,0,1,0,0,0,0,0,397791.801757184497546,5775340.600893672555685,7.507173944000044,52.119141057000036,0,05230730709110987626
05,5,70,044,2023,07,18,1,3,4,6,0,1,1,0,0,0,0,412516.355226717481855,5767499.944046465680003,7.724185811000041,52.051190812000073,0,05230730711100193607
05,5,62,014,2023,08,11,3,3,0,1,0,1,0,0,0,0,0,357576.412007445818745,5717100.560339867137372,6.944149668000023,51.586939457000028,1,05230801701300265455
05,5,54,068,2023,08,11,5,2,0,1,0,1,0,0,0,0,0,351060.652326447598170,5767934.662967876531184,6.828312400000073,52.041991614000040,1,05230803705000986057
05,5,15,000,2023,08,08,6,3,0,7,0,1,0,0,0,0,1,407176.139414692181163,5752482.804494335316122,7.650393377000057,51.915340835000052,0,05230804702100591750
05,5,12,000,2023,08,12,1,3,0,7,0,1,0,1,0,0,0,360225.867844121297821,5710028.657528699375689,6.985178998000038,51.524054261000060,1,05230806701400081436
05,5,15,000,2023,08,07,2,3,0,7,0,1,1,0,0,0,0,405576.742211690638214,5764816.288187715224922,7.623753768000029,52.025930409000068,0,05230807702100985960
05,5,15,000,2023,08,19,5,2,1,5,0,1,1,0,0,0,0,398069.800329206860624,5755110.347075229510665,7.517259907000039,51.937365095000075,0,05230810702100091757
05,5,66,084,2023,08,07,5,3,6,6,0,1,0,1,0,0,0,388342.257309648965020,5775076.987424007616937,7.369300815000031,52.114944290000039,0,05230810709300865812
05,5,66,068,2023,08,15,6,3,4,6,0,1,1,0,0,0,0,373586.124763888190500,5786132.776518224738538,7.149793153000076,52.211115560000053,0,05230811709500065812
05,5,66,076,2023,08,12,1,2,0,1,0,1,0,0,0,0,0,395986.385598289198242,5795167.332578164525330,7.474723400000073,52.296996374000059,0,05230813709500449777