ULAND,UREGBEZ,UKREIS,UGEMEINDE,UJAHR,UMONAT,USTUNDE,UWOCHENTAG,UKATEGORIE,UART,UTYP1,ULICHTVERH,IstRad,IstPKW,IstFuss,IstKrad,IstGkfz,IstSonstige,LINREFX,LINREFY,XGCSWGS84,YGCSWGS84,STRZUSTAND,UIDENTSTLAE
05,5,54,064,2023,08,14,3,3,0,5,0,1,1,0,0,0,0,356100.737649642454926,5751833.341752070002258,6.908496709000076,51.898652481000056,0,05230815705000985612
05,5,54,004,2023,08,13,4,3,5,3,0,1,0,0,0,0,1,360707.620375776779838,5777664.130251903086901,6.964901449000024,52.131920094000066,0,05230816705000691208
05,5,54,056,2023,08,18,6,3,0,1,0,1,0,0,0,0,0,358398.028243900276721,5759637.355319041758776,6.938651192000066,51.969361923000065,0,05230818705000210936
05,5,58,036,2023,08,11,1,3,0,7,0,1,0,0,0,0,0,387406.695745789154898,5726982.631454498507082,7.371352175000027,51.682509269000036,0,05230820706000051231
05,5,66,076,2023,08,14,1,3,0,6,0,1,0,0,0,0,0,391287.940584925876465,5793027.028338799253106,7.406543143000022,52.276851705000070,0,05230820709500985422
05,5,66,004,2023,08,17,2,3,0,1,0,1,0,0,0,0,1,394756.305127573490608,5768209.976548064500093,7.465056176000076,52.054484411000033,1,05230821709000538481
05,5,54,016,2023,08,12,3,3,4,6,0,1,1,0,0,0,0,362126.618676525366027,5759251.197763625532389,6.993048150000050,51.966829439000037,0,05230822705000030801
05,5,58,012,2023,08,13,3,3,2,6,0,1,0,0,0,0,0,375597.926392914028838,5752362.892666555009782,7.191522981000048,51.908105278000050,0,05230822706200070571
05,5,66,044,2023,08,15,3,3,8,1,0,1,0,0,0,0,0,429555.016065699746832,5777161.485942219384015,7.970622630000037,52.140469783000071,0,05230822709800579150
05,5,54,020,2023,08,15,4,3,4,6,0,1,0,0,0,0,0,364910.897549973567948,5786790.790804889053106,7.022638299000050,52.214969726000049,0,05230823705000021120
05,5,15,000,2023,08,16,5,3,4,6,0,1,1,0,0,0,0,400095.831630278553348,5755196.218678276054561,7.546696527000051,51.938504355000077,0,05230824702100476643
05,5,54,004,2023,08,11,5,3,0,1,0,1,0,0,0,0,0,354624.462827771378215,5777932.583201572299004,6.875974890000066,52.132765370000072,0,05230824705000985220
05,5,66,040,2023,08,17,6,2,0,1,0,1,0,0,0,0,0,419339.820787783828564,5780718.128837009891868,7.820540375000064,52.171042718000081,0,05230825709800238741
05,5,70,028,2023,08,15,6,3,4,6,0,1,1,0,0,0,0,439860.987200582807418,5742703.056059911847115,8.127240566000069,51.831909134000057,0,05230825711400587231
05,5,66,092,2023,08,17,1,3,4,1,0,1,1,0,0,0,0,421692.490654617955443,5795364.668124051764607,7.851541407000070,52.303036300000031,1,05230827709700055930
05,5,70,048,2023,08,16,1,2,4,1,0,1,0,0,0,0,0,450083.090861926495563,5730914.733025698922575,8.277268740000068,51.726932411000064,0,05230827711300968997
05,5,66,076,2023,08,07,2,3,4,6,0,1,0,0,0,0,0,395519.452116165193729,5791648.771570703946054,7.468969297000058,52.265285360000064,0,05230828709500302282
05,5,66,008,2023,09,16,6,3,5,3,0,1,1,0,0,0,0,396054.491924535599537,5782032.293871902860701,7.479761456000062,52.178959187000032,0,05230901709110984760
05,5,66,096,2023,09,17,7,2,8,7,0,1,0,0,0,0,0,386786.194078794040252,5786937.842065528035164,7.342628753000042,52.221220736000078,0,05230902709300942420
05,5,54,032,2023,09,16,1,2,2,6,0,1,0,0,1,0,0,323131.959875947504770,5747848.680739944800735,6.431825146000051,51.853375532000030,0,05230903705000795050
05,5,58,032,2023,09,16,1,3,6,6,0,1,0,1,0,0,0,387771.718530560494401,5757490.963077418506145,7.366743137000071,51.956779062000066,0,05230903706000076632
05,5,66,076,2023,09,10,3,3,0,2,0,1,0,0,0,0,0,397989.176002850872464,5786008.163900081068277,7.506849208000062,52.215053865000073,0,05230905709500438807
05,5,12,000,2023,09,13,5,2,0,1,0,1,0,0,0,0,0,358258.576310861448292,5710354.227649362757802,6.956709089000071,51.526489520000041,0,05230907701400875422
05,5,62,012,2023,09,03,5,2,0,7,2,1,0,0,0,0,0,355277.715683223446831,5727052.843498899601400,6.906878571000050,51.675780358000054,0,05230907701610090207
05,5,54,028,2023,09,16,5,3,0,1,0,1,0,0,0,0,0,359922.744525024434552,5746493.119237957522273,6.966176161000021,51.851641870000037,0,05230907705000880991
05,5,15,000,2023,09,23,6,3,3,6,2,1,0,0,0,0,0,407329.595792351639830,5754919.412894092500210,7.651967799000033,51.937268047000032,0,05230908702100984550
05,5,62,012,2023,09,18,7,2,0,1,0,1,0,0,0,0,0,358394.290786372905131,5725827.798134071752429,6.952418877000071,51.665566758000068,0,05230909701610984503
05,5,54,056,2023,09,17,1,2,0,1,0,1,0,0,0,0,0,355500.399098227440845,5765234.904052019119263,6.894140676000063,52.018909644000075,0,05230910705000984468
05,5,66,044,2023,09,10,1,2,0,7,0,1,0,0,0,0,0,430241.455216432688758,5779377.158250558190048,7.980196488000047,52.160474243000067,0,05230910709800787278
05,5,15,000,2023,09,20,2,2,8,6,1,1,0,0,0,0,0,408149.429700364707969,5759872.957511260174215,7.662565456000038,51.981929263000040,0,05230911702000203348
05,5,66,004,2023,09,15,6,3,0,7,0,1,0,0,0,0,0,396242.897615645779297,5765931.090034761466086,7.487421138000059,52.034282686000040,0,05230915709110984177
05,5,54,064,2023,09,17,7,3,0,1,0,1,0,0,0,0,0,361748.428310256102122,5754684.234487623907626,6.989383201000066,51.925699089000034,0,05230916705000296552
05,5,66,056,2023,09,12,1,3,5,6,0,1,0,0,0,0,0,417963.100436347187497,5797408.869831414893270,7.796360572000026,52.320866200000069,0,05230917709700984081
05,5,66,040,2023,09,12,1,2,8,1,0,1,0,0,0,0,0,423968.793269061367027,5783939.705750668421388,7.887491092000062,52.200658624000027,0,05230917709800984080
05,5,15,000,2023,09,15,4,3,4,3,0,1,0,0,0,0,1,406168.780855363816954,5757577.763103806413710,7.634361415000058,51.960968052000055,0,05230920702100372346
05,5,54,020,2023,09,14,5,3,6,7,0,1,0,1,0,0,0,365026.781426719157025,5786075.498971570283175,7.024618653000061,52.208571024000037,0,05230921705000351453
05,5,54,020,2023,09,12,6,3,0,1,0,1,0,0,0,0,0,365322.435678786830977,5783157.316085625439882,7.030102772000021,52.182422495000026,0,05230922705000481550
05,5,15,000,2023,09,15,1,3,4,6,0,1,0,0,0,0,0,400554.959328466735315,5757168.499142710119486,7.552802568000061,51.956313789000035,0,05230924702100091795
05,5,66,016,2023,09,12,1,3,5,3,0,1,1,0,0,0,0,406825.308954046515282,5789685.789969703182578,7.635130096000069,52.249673758000029,0,05230924709500038567
05,5,66,076,2023,09,13,1,3,8,1,0,1,0,0,0,0,0,394929.385035237355623,5783613.486914526671171,7.462822694000067,52.192956923000054,0,05230924709500911962
05,5,58,012,2023,09,15,2,3,5,3,0,1,0,0,0,0,1,373129.634499267151114,5756204.450232199393213,7.154244531000074,51.942070413000067,0,05230925706000696571
05,5,70,032,2023,09,07,2,2,6,6,0,1,0,1,0,0,0,421791.211957765510306,5766710.153800280764699,7.859595358000036,52.045477850000054,0,05230925711100091830
05,5,58,028,2023,09,15,3,2,2,6,0,1,0,0,0,0,0,402971.025899999833200,5729616.237000000663102,7.595676920000074,51.709087180000040,0,05230926706300696613
05,5,58,004,2023,09,16,4,2,0,7,0,1,0,0,0,0,0,403858.353500818950124,5739620.681994957849383,7.605748404000053,51.799166670000034,0,05230927706300596613
05,5,70,028,2023,09,14,4,2,5,3,0,1,1,0,0,0,0,444942.408650452212896,5737890.690501028671861,8.201740662000077,51.789168187000030,0,05230927711400694414
05,5,54,004,2023,09,11,5,3,0,6,0,1,1,0,0,0,0,362522.522267476248089,5770246.060133958235383,6.994392729000026,52.065721080000060,0,05230928705000855673
05,5,62,020,2023,10,12,1,2,0,7,0,1,0,1,0,0,0,372031.407822732930072,5713777.287183846347034,7.153891445000056,51.560541693000062,0,05231001701200799306
05,5,15,000,2023,10,14,1,3,4,6,0,1,0,0,0,0,0,407235.943114932393655,5752290.413036839105189,7.651314449000040,51.913621470000066,0,05231001702100368282
05,5,66,052,2023,10,14,1,3,3,6,0,1,0,0,0,0,0,380413.050779531826265,5779422.726159557700157,7.252027273000067,52.152339641000026,0,05231001709300070501
05,5,15,000,2023,10,18,2,2,0,6,1,1,0,0,0,0,0,405345.144725332444068,5758255.608787097036839,7.622190944000067,51.966921198000080,0,05231002702100579163
05,5,15,000,2023,10,08,2,3,7,7,0,1,0,0,0,0,0,407776.522602725191973,5751068.878000735305250,7.659498518000021,51.902731316000029,0,05231002702100978182
05,5,70,008,2023,10,16,3,3,0,3,0,1,0,0,0,0,0,433340.130743721441831,5734073.335031250491738,8.034279904000073,51.753587793000065,1,05231003711300983150
05,5,15,000,2023,10,18,4,3,6,4,0,1,0,1,0,0,0,405552.531885595701169,5755453.346995972096920,7.625979018000066,51.941768513000056,0,05231004702100087867
05,5,54,048,2023,10,11,5,3,3,6,0,1,0,0,0,0,0,342698.638488649739884,5745842.781478362157941,6.716592672000047,51.841211745000066,0,05231005705000781025
05,5,15,000,2023,10,12,1,3,0,7,0,1,0,0,0,0,0,403423.330674785538577,5755776.605351979844272,7.594922573000076,51.944308553000042,0,05231008702100074725
05,5,54,032,2023,10,17,3,3,0,7,0,1,0,0,0,0,1,324645.170739129534923,5742546.983359782025218,6.456459575000054,51.806231261000050,0,05231010705000874717
05,5,54,020,2023,10,17,3,3,8,1,0,1,0,0,0,0,0,364016.778151900565717,5780736.171479230746627,7.011987911000062,52.160347536000074,0,05231010705000983000
05,5,66,012,2023,10,18,3,3,0,1,0,1,0,0,0,0,0,401998.052963474765420,5774792.010914064943790,7.568746099000066,52.114971976000049,0,05231010709110076753
05,5,66,032,2023,10,17,7,2,0,7,0,1,0,0,0,0,1,413054.840563979814760,5778474.123909930698574,7.729236058000026,52.149918021000076,0,05231014709800982803
05,5,62,004,2023,10,16,3,3,5,3,0,1,0,0,0,0,1,385184.475280568294693,5710850.368443843908608,7.344506178000074,51.537065923000057,0,05231017701800675247
05,5,58,012,2023,10,18,4,3,0,3,1,1,1,0,0,0,0,374335.716135547787417,5751569.783433363772929,7.173473003000026,51.900694677000047,0,05231018706000496670
05,5,15,000,2023,10,03,7,2,0,1,2,1,0,0,0,0,0,400414.991300864377990,5759835.199283513240516,7.549992868000061,51.980257381000058,1,05231021702100791735
05,5,15,000,2023,10,15,3,3,5,3,0,1,1,0,0,0,0,405803.135427523055114,5753498.831996145658195,7.630158815000073,51.924242863000075,1,05231031702100381934
05,5,54,008,2023,11,15,3,3,4,6,0,1,1,0,0,0,0,337686.870236478280276,5744586.117606402374804,6.644495958000050,51.828488222000033,0,05231107705000891733
05,5,54,020,2023,11,07,4,3,4,7,1,1,0,0,0,0,0,363830.125443249999080,5788230.670059004798532,7.006249353000044,52.227641259000052,0,05231108705000981676
05,5,62,012,2023,11,12,1,3,4,6,0,1,0,0,0,0,0,359124.702560432662722,5725850.276838002726436,6.962964166000063,51.665952335000043,0,05231112701610899765
05,5,15,000,2023,11,11,1,3,8,7,0,1,0,0,0,0,0,395973.059207285579760,5755951.966768210753798,7.486516191000021,51.944541481000044,0,05231112702100670628
05,5,54,008,2023,11,10,1,2,7,7,0,1,0,0,0,0,0,336945.790900324354880,5749500.505607100203633,6.631433547000029,51.872420874000056,1,05231112705000896520
05,5,70,028,2023,11,05,5,3,4,6,2,1,0,0,0,0,0,444066.737125366169494,5744458.871234959922731,8.187985152000067,51.848131456000033,1,05231116711400502632
05,5,54,004,2023,11,10,6,3,4,7,0,1,1,0,0,0,0,355589.165581873152405,5778187.257468719966710,6.889951253000049,52.135306462000074,1,05231117705000691708
05,5,62,024,2023,11,13,3,3,0,7,0,1,0,0,0,0,0,367947.302619230002165,5724229.957217080518603,7.091070918000071,51.653534044000025,1,05231121701500285465
05,5,54,020,2023,11,15,5,3,4,6,0,1,0,0,1,0,0,364917.589403035119176,5786824.670905746519566,7.022722666000050,52.215275788000042,1,05231123705000220881
05,5,66,076,2023,11,06,5,3,0,7,2,1,0,0,0,0,0,398014.103171284717973,5785825.140635131858289,7.507269090000023,52.213413544000048,1,05231123709000212030
05,5,13,000,2023,11,22,1,3,0,7,2,1,0,0,0,0,0,369163.553730447660200,5712379.613206563517451,7.113062872000057,51.547323171000073,1,05231126700000677610
05,5,66,068,2023,11,18,2,3,6,1,2,1,0,1,0,0,0,376594.369996735127643,5785678.807890763506293,7.193963631000031,52.207718009000075,1,05231127709300741173
05,5,54,048,2023,11,11,5,3,0,7,0,1,0,0,0,0,0,341227.917688612709753,5745417.007715984247625,6.695457449000060,51.836970422000036,0,05231130705000665870
05,5,58,024,2023,12,16,7,3,0,6,2,1,0,0,0,0,0,393359.891539250558708,5737309.818144269287586,7.454266238000059,51.776493205000065,1,05231202706300374761
05,5,54,048,2023,12,08,2,3,8,6,0,1,1,0,0,0,0,341916.384112371073570,5749337.778149620629847,6.703648534000024,51.872389751000071,1,05231204705000182336
05,5,15,000,2023,12,07,3,3,3,6,2,1,1,0,0,0,0,408274.585032230941579,5755856.148403892293572,7.665460183000050,51.945844567000051,1,05231205702100905253
05,5,66,044,2023,12,10,3,3,8,7,0,1,0,0,0,0,0,429390.626847925828770,5775488.716292017139494,7.968568262000076,52.125411774000042,1,05231205709800980357
05,5,66,060,2023,12,11,7,3,5,1,0,1,0,0,0,1,0,391511.374357573862653,5785891.222053531557322,7.412108226000043,52.212765480000030,0,05231209709500755928
05,5,15,000,2023,12,09,7,3,8,6,0,1,1,0,0,0,0,404178.424584811727982,5760375.812608368694782,7.604621401000031,51.985778389000075,0,05231216702100269102
05,5,70,004,2023,12,16,7,2,3,2,0,1,0,0,0,0,1,424936.425139603437856,5735703.146432249806821,7.912203350000027,51.767176140000061,0,05231216711200791797
05,5,54,020,2023,12,07,2,3,5,3,2,1,1,0,0,0,0,365738.083970912906807,5784950.132702847011387,7.035468302000027,52.198632950000047,1,05231218705000864268
05,5,15,000,2023,12,14,5,3,5,3,0,1,1,0,0,0,0,403705.016368165786844,5753119.475566442124546,7.599763145000054,51.920474107000075,1,05231221702100074122
05,5,58,012,2023,12,17,5,3,5,3,2,1,1,0,0,0,0,374137.419769634143449,5752289.799521366134286,7.170329405000075,51.907120360000079,1,05231221706200381082
05,5,66,060,2024,01,14,6,3,6,2,0,0,1,1,0,0,0,388198.326999999582767,5788589.302999999374151,7.362746195000057,52.236350727000058,1,05240105709500535386
05,5,58,040,2024,01,18,6,3,9,1,2,0,1,0,0,0,0,375092.771599999628961,5764610.600999999791384,7.179729083000041,52.018056088000037,1,05240105706000543590
05,5,15,000,2024,01,18,6,3,2,6,2,0,1,0,0,0,0,405395.880800000391901,5755564.877000000327826,7.623670083000036,51.942744381000068,1,05240105702100541088
05,5,62,012,2024,01,09,6,3,0,1,0,1,0,0,0,0,0,360542.759999999776483,5723765.976299999281764,6.984286714000064,51.647576712000046,1,05240105701610520429
05,5,62,024,2024,01,07,6,3,9,1,1,0,1,0,0,0,0,366545.086299999617040,5722860.498199999332428,7.071335513000065,51.640896407000071,1,05240105701500514458
05,5,12,000,2024,01,05,6,3,5,3,2,0,1,0,1,0,0,359436.645999999716878,5720268.275000000372529,6.969713935000073,51.615871399000071,1,05240105701400560127
05,5,12,000,2024,01,14,6,3,5,3,0,1,1,0,0,0,0,357773.389399999752641,5709774.554899999871850,6.949953635000043,51.521158636000052,1,05240105701400533608
05,5,13,000,2024,01,05,6,3,6,4,2,0,0,1,0,0,1,365479.173999999649823,5714349.619000000879169,7.059205120000058,51.564160320000042,1,05240105700000512537
05,5,70,044,2024,01,09,5,3,9,1,0,0,1,0,0,0,0,421624.776899999938905,5761237.531899999827147,7.858422145000077,51.996260187000075,1,05240104711100483633
05,5,58,024,2024,01,06,5,3,2,1,2,0,1,0,0,0,0,391435.538999999873340,5734487.872999999672174,7.427266019000058,51.750759790000075,1,05240104706300478869
05,5,54,012,2024,01,15,5,3,0,2,0,0,1,0,0,1,0,351874.809200000017881,5744303.935399999842048,6.850349580000056,51.829894884000055,1,05240104705000499636
05,5,54,008,2024,01,14,5,3,2,2,0,0,1,0,0,0,0,332459.371500000357628,5748544.731899999082088,6.566788909000024,51.862505728000031,1,05240104705000497840
05,5,15,000,2024,01,02,5,3,0,1,2,0,0,0,0,0,1,405455.252999999560416,5759121.153999999165535,7.623554810000030,51.974719809000078,1,05240104702100469656
05,5,15,000,2024,01,02,5,3,0,1,2,0,0,0,0,0,1,405455.252999999560416,5759121.153999999165535,7.623554810000030,51.974719809000078,1,05240104702100469642
05,5,62,036,2024,01,19,5,3,5,2,2,0,1,0,0,0,0,391676.501000000163913,5722228.532299999147654,7.434562502000063,51.640618759000063,1,05240104701930506114
05,5,62,012,2024,01,21,5,2,6,2,2,0,1,1,0,0,0,361919.098299999721348,5736305.288100000470877,6.999201208000045,51.760593884000059,1,05240104701610508478
05,5,12,000,2024,01,19,5,3,0,2,2,0,1,0,0,0,0,358801.746799999848008,5711312.410900000482798,6.964149732000067,51.535235826000076,1,05240104701400506395
05,5,62,014,2024,01,07,5,3,5,2,1,0,1,0,0,0,0,361470.423000000417233,5713606.211999999359250,7.001699234000057,51.556509510000069,1,05240104701300476584
05,5,62,032,2024,01,18,5,3,2,6,2,0,1,0,0,1,0,375446.144799999892712,5718428.409700000658631,7.201476986000046,51.603106559000082,1,05240104701110504029
05,5,62,032,2024,01,05,5,3,9,1,2,0,1,0,0,0,0,374964.899600000120699,5719539.352299999445677,7.194135443000050,51.612984061000077,1,05240104701110471732
05,5,13,000,2024,01,12,5,3,5,7,0,1,1,0,0,0,0,365403.960699999704957,5715641.147700000554323,7.057625923000046,51.575748632000057,1,05240104700000490691
05,5,66,084,2024,01,15,4,3,5,3,0,0,1,0,0,0,0,386512.406000000424683,5779172.778999999165535,7.341221989000076,52.151380586000073,1,05240103709300462571
05,5,58,016,2024,01,07,4,3,2,6,0,0,1,0,0,0,0,385764.739400000311434,5748648.653200000524521,7.340481929000021,51.876901864000047,1,05240103702330437835
05,5,12,000,2024,01,06,4,2,0,7,2,1,0,0,0,0,0,355662.447700000368059,5718926.864099999889731,6.915790319000052,51.602862959000049,1,05240103701400433346
05,5,13,000,2024,01,22,4,3,8,6,2,0,1,0,0,0,0,370722.660299999639392,5708413.397800000384450,7.136991482000042,51.512038452000070,1,05240103700000468048
05,5,70,040,2024,01,17,5,3,8,1,2,0,1,0,0,0,0,422284.559899999760091,5741810.032800000160933,7.872412785000051,51.821712357000081,0,05240104711200503844
05,5,70,052,2024,01,14,3,3,5,3,0,0,1,0,0,0,0,428773.354000000283122,5752685.596000000834465,7.964298935000045,51.920345143000077,1,05240102711100422509
05,5,66,028,2024,01,15,3,3,8,3,0,0,1,0,0,0,0,410558.864199999719858,5793986.250700000673532,7.688665080000021,52.288946641000052,1,05240102709700421121
05,5,58,012,2024,01,06,3,3,3,2,2,1,1,0,0,0,0,374065.495000000111759,5755971.273000000044703,7.167937606000066,51.940187589000061,1,05240102706000396310
05,5,66,068,2024,01,15,3,2,2,6,1,0,1,0,0,1,0,373724.625900000333786,5788788.853299999609590,7.150827666000055,52.235014641000078,1,05240102702340425574
05,5,15,000,2024,01,22,3,3,6,2,2,0,1,1,0,0,0,409481.439000000245869,5752248.021999999880791,7.683963168000048,51.913609924000070,0,05240102702100710879
05,5,15,000,2024,01,17,3,3,6,2,2,0,1,1,0,0,0,405449.743999999947846,5758145.273000000044703,7.623743413000057,51.965947256000049,1,05240102702100423582
05,5,15,000,2024,01,11,3,3,6,4,0,0,1,1,0,0,0,405588.286799999885261,5756868.219100000336766,7.626110400000073,51.954492091000077,1,05240102702100407112
05,5,15,000,2024,01,10,3,3,5,2,0,1,1,0,0,0,0,405970.009999999776483,5756451.714999999850988,7.631777530000022,51.950813033000031,1,05240102702000401027
05,5,62,024,2024,01,07,3,3,5,2,2,0,1,0,0,0,0,368197.961000000126660,5723164.794999999925494,7.095093604000056,51.644020763000071,1,05240102701500395295
05,5,13,000,2024,01,22,3,3,5,3,2,0,1,0,0,0,0,367431.402999999932945,5708550.385999999940395,7.089537855000060,51.512506879000057,1,05240102700000428470
05,5,13,000,2024,01,17,3,2,6,4,2,0,0,1,0,0,1,366308.096699999645352,5711260.522800000384450,7.072331094000049,51.536597107000034,0,05240102700000424908
05,5,70,052,2024,01,02,2,3,0,1,2,1,0,0,0,0,0,429329.741999999620020,5753154.502000000327826,7.972291652000024,51.924631334000026,1,05240101711100376023
05,5,62,012,2024,01,17,2,3,3,6,2,0,1,0,0,0,0,359771.858400000259280,5738567.435900000855327,6.967195241000070,51.780387217000055,0,05240101702340388515
05,5,12,000,2024,01,19,2,3,2,6,2,0,1,0,0,0,0,356740.621299999766052,5707851.361500000581145,6.935859228000027,51.503616079000039,0,05240101701400388414
05,5,62,020,2024,01,17,2,2,9,1,2,0,1,0,0,1,0,371116.114500000141561,5715519.967700000852346,7.140055480000058,51.575994549000029,0,05240101701200386967
05,5,66,012,2024,01,12,3,3,5,3,0,0,1,0,0,0,0,407028.378600000403821,5771334.150100000202656,7.643131354000047,52.084760460000041,1,05240102709110708976
05,5,62,020,2024,01,12,4,3,1,1,0,0,1,0,0,1,0,372422.435999999754131,5715458.221300000324845,7.158919117000039,51.575736794000079,1,05240103702340452984
05,5,54,024,2024,01,15,3,3,8,1,2,0,1,0,0,0,0,370559.426699999719858,5782594.456199999898672,7.106871636000051,52.178618496000070,1,05240102702340425348
05,5,58,024,2024,01,13,4,3,2,6,0,0,1,0,0,0,0,391795.156299999915063,5736326.885900000110269,7.431900978000044,51.767358342000080,1,05240103706300444793
05,5,54,020,2024,01,05,2,3,8,1,2,0,1,0,0,0,0,363797.516599999740720,5785401.509400000795722,7.006910744000038,52.202212673000076,1,05240101705000378492
05,5,62,012,2024,01,18,6,3,2,1,2,0,1,0,0,0,0,356267.987700000405312,5725797.494300000369549,6.921707192000042,51.664754622000032,1,05240105702340543100
05,5,15,000,2024,01,21,4,3,9,7,2,0,1,1,0,0,0,406276.130900000222027,5751041.017500000074506,7.637703965000071,51.902230513000063,1,05240103702100467502
05,5,70,040,2024,01,07,3,2,6,4,2,0,1,1,0,0,0,419107.829300000332296,5744725.826999999582767,7.825649582000040,51.847472502000073,1,05240102711200395484
05,5,54,064,2024,01,19,6,3,9,7,2,0,1,0,0,0,0,355406.184500000439584,5748442.565099999308586,6.899829898000064,51.868006275000027,1,05240105705000558037
05,5,70,004,2024,01,17,5,3,6,4,2,0,1,1,0,0,0,428263.183600000105798,5735522.090500000864267,7.960442274000059,51.765984654000079,1,05240104711200503277
05,5,70,044,2024,01,07,6,3,6,2,2,0,1,1,0,0,0,416593.705500000156462,5759485.445299999788404,7.785585247000029,51.979777860000070,0,05240105711100515677
05,5,70,028,2024,01,13,5,3,2,6,0,0,1,0,0,0,0,441931.650000000372529,5747227.277000000700355,8.156527116000063,51.872801952000032,1,05240104711400498507
05,5,70,028,2024,01,17,5,3,2,6,2,0,1,0,0,0,0,441938.148299999535084,5742672.680199999362230,8.157386605000056,51.831855841000049,1,05240104711400504157
05,5,70,052,2024,01,07,7,3,0,3,2,1,1,0,0,0,0,431388.558500000275671,5755916.892699999734759,8.001675543000033,51.949721922000037,0,05240120711100040371
05,5,54,052,2024,01,15,7,3,5,3,0,0,1,0,0,0,0,371650.794999999925494,5772370.985999999567866,7.126682597000070,52.087006033000080,1,05240120705000044449
05,5,54,036,2024,01,12,7,2,8,1,0,0,1,0,0,0,0,370381.174700000323355,5767599.897900000214577,7.109974101000034,52.043837387000053,1,05240120705000041445
05,5,66,016,2024,01,14,7,3,3,7,0,0,1,0,0,1,0,402886.752399999648333,5794028.952999999746680,7.576204823000069,52.288028134000058,0,05240120702350044193
05,5,62,032,2024,01,15,7,3,3,6,0,0,1,0,0,0,0,376255.997000000439584,5716421.323999999091029,7.213872734000063,51.585246994000045,0,05240120702340044127
05,5,15,000,2024,01,17,7,3,2,6,1,0,1,0,0,0,0,408246.006699999794364,5760688.666500000283122,7.663753081000038,51.989277249000054,0,05240120702100045911
05,5,62,028,2024,01,10,7,3,5,2,0,1,1,0,0,0,0,380575.131099999882281,5721710.588099999353290,7.274382478000064,51.633716063000065,1,05240120701920039239
05,5,62,004,2024,01,10,7,3,1,5,0,1,1,0,0,0,1,382276.491999999620020,5714812.531600000336766,7.301269988000058,51.572077655000044,0,05240120701800039399
05,5,62,016,2024,01,12,7,3,9,7,0,0,1,0,0,0,0,375024.698699999600649,5734226.964500000700355,7.189741456000036,51.744994516000077,0,05240120701700042137
05,5,12,000,2024,01,12,7,3,5,3,0,0,1,0,0,0,0,357948.312099999748170,5711587.146099999547005,6.951742168000067,51.537490479000041,0,05240120701400041968
05,5,62,032,2024,01,14,7,2,5,3,0,0,1,0,0,0,0,375665.359000000171363,5720971.674000000581145,7.203738417000068,51.626011648000031,0,05240120701110043526
05,5,13,000,2024,01,13,7,3,2,6,0,0,1,0,0,0,0,368634.063699999824166,5707479.284800000488758,7.107258341000033,51.503162014000054,0,05240120700000042555
05,5,70,044,2024,01,07,6,3,5,2,0,1,1,0,0,0,0,415495.415699999779463,5759707.637900000438094,7.769543128000066,51.981609172000049,0,05240119711100028370
05,5,66,028,2024,01,15,6,3,1,7,0,0,1,0,0,0,0,412375.805200000293553,5791334.324300000444055,7.715985836000073,52.265403144000061,1,05240119709700026211
05,5,66,076,2024,01,11,6,3,3,1,0,0,1,0,0,1,0,393045.488699999637902,5798019.704600000753999,7.430708364000054,52.322066267000082,1,05240119709500017244
05,5,66,096,2024,01,07,6,3,2,1,1,0,1,0,0,0,0,383508.553700000047684,5784200.106899999082088,7.295611050000048,52.195934277000049,2,05240119709300005493
05,5,54,056,2024,01,06,6,3,6,2,2,0,1,1,0,0,0,356838.497100000269711,5762429.232599999755621,6.914799761000040,51.994047570000077,1,05240119705000999400
05,5,54,004,2024,01,17,6,3,4,2,2,0,1,0,1,0,0,361316.023299999535084,5773264.446399999782443,6.975576367000031,52.092541223000069,0,05240119705000029695
05,5,62,032,2024,01,07,6,1,6,4,2,0,1,1,0,0,0,380284.157300000078976,5717746.872099999338388,7.271534242000030,51.598030513000026,1,05240119702340006566
05,5,15,000,2024,01,17,6,3,6,4,0,0,1,1,0,0,0,405396.549999999813735,5755559.955600000917912,7.623681170000054,51.942700259000048,0,05240119702100888328
05,5,15,000,2024,01,14,6,1,5,3,0,0,1,0,0,0,1,398921.367999999783933,5761554.892000000923872,7.527745814000070,51.995444276000057,0,05240119702100026402
05,5,15,000,2024,01,13,6,3,3,6,0,1,0,0,0,1,0,404403.293999999761581,5755371.558000000193715,7.609287942000037,51.940837085000055,0,05240119702100019782
05,5,62,016,2024,01,02,6,3,9,1,2,0,0,0,0,0,1,367699.986499999649823,5730398.488299999386072,7.085160320000057,51.708908962000066,0,05240119701700996194
05,5,62,032,2024,01,20,6,3,1,6,2,0,1,0,0,0,0,376184.992800000123680,5716101.615199999883771,7.212961142000040,51.582358104000036,1,05240119701120035349
05,5,70,016,2024,01,18,5,3,5,2,2,0,1,0,0,0,0,416508.156999999657273,5733749.767999999225140,7.790560801000026,51.748423095000078,0,05240118711200991275
05,5,66,032,2024,01,15,5,3,0,7,0,0,1,0,0,1,0,412060.894999999552965,5777911.096999999135733,7.714858512000035,52.144699889000037,0,05240118709800988356