ULAND,UREGBEZ,UKREIS,UGEMEINDE,UJAHR,UMONAT,USTUNDE,UWOCHENTAG,UKATEGORIE,UART,UTYP1,ULICHTVERH,IstRad,IstPKW,IstFuss,IstKrad,IstGkfz,IstSonstige,LINREFX,LINREFY,XGCSWGS84,YGCSWGS84,STRZUSTAND,UIDENTSTLAE
05,5,66,028,2024,01,15,5,3,2,6,2,0,1,0,0,0,0,412463.928000000305474,5792948.410000000149012,7.716857898000058,52.279925039000034,1,05240118709700990132
05,5,66,076,2024,01,17,5,3,0,3,2,1,1,0,0,0,0,391927.622499999590218,5792959.063200000673532,7.415937223000071,52.276367020000066,1,05240118709500990389
05,5,66,076,2024,01,15,5,3,6,2,0,0,0,1,0,0,1,393379.335400000214577,5792890.316600000485778,7.437228691000030,52.276032645000043,0,05240118709500986230
05,5,58,024,2024,01,17,5,3,5,2,2,0,1,0,0,0,0,393148.153400000184774,5736753.423599999397993,7.451369547000070,51.771451936000062,1,05240118706300990272
05,5,58,016,2024,01,20,5,3,8,1,2,0,1,0,0,0,0,387999.009899999946356,5740914.557499999180436,7.375429931000042,51.807844280000040,0,05240118706000994644
05,5,58,012,2024,01,13,5,3,5,3,0,1,1,0,0,0,0,374073.300900000147521,5755546.642699999734759,7.168206567000027,51.936373435000064,0,05240118706000980975
05,5,58,024,2024,01,07,5,3,5,7,2,0,1,0,0,0,1,392519.295800000429153,5736390.148199999704957,7.442371399000024,51.768066430000033,0,05240118706000970501
05,5,54,048,2024,01,14,5,3,1,6,0,0,1,0,0,0,0,342325.213000000454485,5744129.903999999165535,6.711957042000051,51.825717880000070,0,05240118705000985551
05,5,54,020,2024,01,07,5,3,0,3,1,1,1,0,0,0,0,367012.632000000216067,5786227.461999999359250,7.053604289000020,52.210419249000040,1,05240118705000958340
05,5,15,000,2024,01,18,5,3,2,6,2,0,1,0,0,0,0,408784.478199999779463,5753296.926799999549985,7.673555209000028,51.922924472000034,0,05240118702100990646
05,5,15,000,2024,01,10,5,3,0,3,0,1,1,0,0,0,0,404287.162499999627471,5759011.550200000405312,7.606584941000051,51.973534697000048,0,05240118702100970094
05,5,15,000,2024,01,09,5,3,5,3,0,1,0,0,0,0,0,405641.779000000096858,5756986.567999999970198,7.626856082000074,51.955564942000080,0,05240118702100964820
05,5,15,000,2024,01,09,5,3,2,2,0,1,1,0,0,0,0,405620.576000000350177,5757054.372999999672174,7.626528996000047,51.956170806000046,0,05240118702100964817
05,5,62,016,2024,01,09,5,3,5,3,0,0,1,0,0,0,0,377655.792899999767542,5737900.578999999910593,7.226539365000065,51.778590023000049,0,05240118701700966576
05,5,62,012,2024,01,07,5,3,6,4,1,0,1,1,0,0,0,358851.020999999716878,5726886.961999999359250,6.958590608000065,51.675199054000075,1,05240118701610959211
05,5,62,024,2024,01,20,5,3,5,2,2,1,1,0,0,0,0,370293.586000000126660,5726987.044099999591708,7.123945150000054,51.678857275000041,0,05240118701500992592
05,5,62,024,2024,01,16,5,3,5,2,1,1,1,0,0,0,0,368586.369300000369549,5724441.290400000289083,7.100224236000031,51.655582954000067,0,05240118701500987902
05,5,12,000,2024,01,14,5,3,6,3,0,0,1,1,0,0,0,356033.171199999749660,5708772.414699999615550,6.925297143000023,51.511712733000081,0,05240118701400989222
05,5,12,000,2024,01,14,5,3,2,6,0,0,1,0,0,0,0,357337.724399999715388,5711218.989199999719858,6.943093312000030,51.534028290000037,0,05240118701400984808
05,5,62,032,2024,01,13,5,3,5,2,0,1,0,0,0,1,0,376191.157399999909103,5716075.998500000685453,7.213059103000035,51.582129236000071,0,05240118701120982203
05,5,13,000,2024,01,16,5,3,2,6,0,0,1,0,0,0,0,368576.602199999615550,5707582.905400000512600,7.106392304000053,51.504079873000080,1,05240118700000988227
05,5,13,000,2024,01,13,5,3,2,6,0,0,1,0,0,0,0,370261.554399999789894,5714655.331700000911951,7.128049539000074,51.568028198000036,0,05240118700000983303
05,5,58,008,2024,01,12,4,3,9,1,0,0,1,0,0,0,0,384494.624599999748170,5757482.696100000292063,7.319076274000054,51.956033745000070,2,05240117706200941939
05,5,58,012,2024,01,18,4,3,5,3,2,0,1,0,0,0,0,375743.533999999985099,5755310.346999999135733,7.192574824000076,51.934625381000046,0,05240117706000949140
05,5,54,048,2024,01,08,4,3,2,1,1,0,1,0,0,0,1,340757.436499999836087,5744187.539300000295043,6.689200159000052,51.825791064000043,1,05240117705000930164
05,5,62,024,2024,01,15,4,3,2,6,0,0,1,0,0,0,0,372414.049899999983609,5725515.433800000697374,7.155135492000056,51.666117912000061,1,05240117701500946481
05,5,70,008,2024,01,19,4,3,3,6,2,0,1,0,0,1,0,435873.430100000463426,5738139.035000000149012,8.070224396000071,51.790434715000060,0,05240117301911951263
05,5,70,004,2024,01,07,3,3,5,2,2,0,1,0,0,0,1,424393.269999999552965,5735032.679999999701977,7.904479583000068,51.761075773000073,1,05240116711200875133
05,5,70,016,2024,01,06,3,3,5,2,2,0,1,0,0,0,0,412696.687800000421703,5738889.354800000786781,7.734071082000071,51.794042436000041,1,05240116711200872271
05,5,66,068,2024,01,04,3,3,2,1,2,0,1,0,0,0,1,373793.752399999648333,5785465.221799999475479,7.153079131000027,52.205164528000068,2,05240116709300867705
05,5,58,004,2024,01,14,3,3,6,4,0,0,1,1,0,0,0,404948.768400000408292,5738801.462899999693036,7.621781236000061,51.791989386000068,0,05240116706300946766
05,5,58,016,2024,01,20,3,2,0,1,2,1,0,0,0,0,0,388027.172100000083447,5747506.079500000923872,7.373704837000048,51.867091803000051,0,05240116706000909856
05,5,62,032,2024,01,19,3,2,2,6,2,0,1,0,0,0,0,373394.046199999749660,5722414.765399999916553,7.170420777000061,51.638474174000066,0,05240116702340908656
05,5,62,004,2024,01,15,3,3,2,6,0,0,1,0,0,1,0,382239.278199999593198,5718205.953500000759959,7.299594786000057,51.602568712000050,0,05240116702340902348
05,5,13,000,2024,01,07,3,3,2,6,0,0,1,0,0,0,0,367905.088000000454485,5710979.600999999791384,7.095449327000040,51.534448504000068,0,05240116702340878819
05,5,15,000,2024,01,18,3,3,5,2,2,0,1,0,0,0,0,405150.935999999754131,5757192.524000000208616,7.619658486000048,51.957332658000041,0,05240116702100906560
05,5,15,000,2024,01,17,3,3,5,3,2,0,1,0,0,0,0,400897.421199999749660,5756409.537200000137091,7.558003495000037,51.949553240000057,1,05240116702100905541
05,5,15,000,2024,01,16,3,2,5,2,2,1,1,0,0,0,0,404765.431699999608099,5748963.542199999094009,7.616326236000020,51.883300956000028,1,05240116702100903917
05,5,12,000,2024,01,16,3,2,5,3,0,1,1,0,0,0,0,356041.871700000017881,5721021.080800000578165,6.920405159000040,51.621777927000039,0,05240116701400902659
05,5,62,020,2024,01,13,3,3,5,3,0,0,1,0,0,0,0,368814.218000000342727,5718397.294999999925494,7.105780373000073,51.601321172000041,0,05240116701200902413
05,5,62,020,2024,01,15,3,3,1,1,0,0,1,0,0,0,0,369296.950500000268221,5719272.124299999326468,7.112420486000076,51.609295219000046,0,05240116701200901900
05,5,70,004,2024,01,08,2,3,8,1,2,0,1,0,0,0,0,426624.868900000117719,5734452.814999999478459,7.936931164000043,51.756159786000069,1,05240115711200838004
05,5,70,052,2024,01,17,2,3,5,3,2,0,1,0,0,0,0,432056.826600000262260,5756798.569299999624491,8.011223207000057,51.957729957000026,1,05240115711100862000
05,5,66,020,2024,01,17,2,3,5,3,2,0,1,0,0,0,0,404920.542899999767542,5803878.012900000438094,7.603226762000077,52.376904975000059,2,05240115709700862044
05,5,66,072,2024,01,17,2,3,8,1,2,0,1,0,0,0,0,411146.174800000153482,5799646.826300000771880,7.695778601000029,52.339920013000039,2,05240115709700860930
05,5,66,076,2024,01,03,2,3,8,1,2,0,1,0,0,0,0,397919.741399999707937,5785699.159800000488758,7.505926453000029,52.212263809000035,2,05240115709500821102
05,5,66,004,2024,01,15,2,2,8,1,0,0,1,0,0,0,0,392823.823099999688566,5769374.700099999085069,7.436517308000020,52.064581998000051,2,05240115709110861757
05,5,58,036,2024,01,08,2,2,3,6,0,0,1,0,0,0,0,390936.594499999657273,5729701.472899999469519,7.421540424000057,51.707642917000044,1,05240115706300836161
05,5,58,032,2024,01,08,2,3,4,6,0,0,1,0,0,0,0,390352.199000000022352,5753214.902000000700355,7.405644112000061,51.918862483000055,2,05240115706000841084
05,5,58,012,2024,01,07,2,3,2,1,1,0,1,0,0,0,0,377149.159500000067055,5754987.109899999573827,7.213125562000073,51.932032606000064,2,05240115706000833090
05,5,54,056,2024,01,07,2,3,9,1,2,0,1,0,0,0,0,363648.429999999701977,5762955.051999999210238,7.013713745000075,52.000486062000050,2,05240115705000829422
05,5,62,012,2024,01,00,2,2,8,1,2,0,0,0,0,0,1,360235.045400000177324,5740029.346999999135733,6.973316409000063,51.793639319000079,2,05240115702340820816
05,5,15,000,2024,01,15,2,3,9,1,0,0,0,0,0,1,0,400846.918100000359118,5752763.190400000661612,7.558319802000028,51.916770108000037,1,05240115702330862529
05,5,15,000,2024,01,15,2,3,0,2,0,0,1,0,0,0,1,407255.871899999678135,5755282.358300000429153,7.650797818000058,51.940518120000036,1,05240115702100859605
05,5,15,000,2024,01,11,2,3,0,7,0,0,0,0,0,0,1,404098.084999999962747,5753874.256999999284744,7.605266680000057,51.927326232000041,1,05240115702100841261
05,5,62,012,2024,01,07,2,3,2,6,2,0,1,0,0,0,0,359170.699799999594688,5725064.999500000849366,6.963945245000048,51.658907524000028,1,05240115701610826380
05,5,62,004,2024,01,13,7,3,2,6,0,0,1,0,0,0,0,382825.391900000162423,5713601.612900000065565,7.309590552000031,51.561308622000070,0,05240120701800042805
05,5,12,000,2024,01,10,2,3,9,1,0,0,1,0,0,0,0,351804.991200000047684,5719668.496500000357628,6.859817169000053,51.608524946000045,1,05240115701400842129
05,5,70,032,2024,01,20,1,2,8,1,2,0,1,0,0,0,0,415617.523299999535084,5772528.479800000786781,7.768156511000029,52.096872020000035,1,05240114711100818853
05,5,66,016,2024,01,18,1,3,6,4,2,0,1,1,0,0,0,403864.011900000274181,5795396.991100000217557,7.590137457000026,52.300495600000033,1,05240114709500816404
05,5,54,008,2024,01,15,1,3,5,2,0,1,1,0,0,0,0,334474.303000000305474,5745639.015000000596046,6.597415106000028,51.837004201000070,0,05240114705000815046
05,5,62,024,2024,01,19,1,3,4,5,2,0,0,0,0,0,1,370523.742800000123680,5725609.575699999928474,7.127782794000041,51.666531545000055,1,05240114701500816919
05,5,62,014,2024,01,14,1,3,3,6,0,0,1,0,0,0,0,360324.465200000442564,5713743.348600000143051,6.985125179000022,51.557459256000072,1,05240114701300814814
05,5,66,016,2024,01,09,7,3,0,3,0,0,1,0,0,0,0,406317.807099999859929,5790826.012299999594688,7.627381891000027,52.259835894000048,1,05240113709500794452
05,5,66,008,2024,01,20,7,3,8,1,2,0,1,0,0,0,0,397998.379200000315905,5776633.709499999880791,7.509802359000048,52.130801312000074,1,05240113709110809097
05,5,66,008,2024,01,19,7,3,2,6,2,0,1,0,0,0,0,399962.066100000403821,5777775.997199999168515,7.538144628000055,52.141426952000074,0,05240113709110803789
05,5,54,008,2024,01,14,7,3,3,2,0,1,1,0,0,0,0,334942.661999999545515,5745873.369000000879169,6.604095053000037,51.839248087000044,0,05240113705000799175
05,5,15,000,2024,01,17,7,3,5,3,2,0,1,0,0,0,0,405373.525999999605119,5761218.922000000253320,7.621786638000060,51.993561436000050,1,05240113702100802189
05,5,62,036,2024,01,07,7,3,5,2,1,0,1,0,0,0,0,390095.843100000172853,5720332.665999999269843,7.412324153000043,51.623271911000074,0,05240113701930793748
05,5,62,012,2024,01,19,7,3,1,6,2,0,1,0,0,0,0,357063.878800000064075,5729917.892699999734759,6.931520138000053,51.701981818000036,1,05240113701610803046
05,5,70,012,2024,01,07,6,2,6,7,2,0,0,1,0,0,1,438856.341099999845028,5753781.601099999621511,8.110699492000037,51.931396828000061,1,05240112711100755099
05,5,66,044,2024,01,19,6,3,9,1,2,0,1,0,0,0,0,424071.489000000059605,5774340.042999999597669,7.891140053000072,52.114381138000056,1,05240112709800787338
05,5,66,028,2024,01,17,6,3,2,2,2,0,1,0,0,0,0,412467.605000000447035,5791766.679999999701977,7.717218502000037,52.269303903000036,1,05240112709700786042
05,5,66,092,2024,01,08,6,3,5,3,0,0,1,0,0,0,0,424526.355999999679625,5790970.299000000581145,7.894078302000025,52.263932745000034,1,05240112709700762126
05,5,62,014,2024,01,14,6,3,2,6,0,0,1,0,0,1,0,356705.457499999552965,5715525.434599999338388,6.932229145000065,51.572564983000063,1,05240112702340785401
05,5,15,000,2024,01,15,6,3,3,7,0,0,1,0,0,0,0,399464.557400000281632,5752381.762399999424815,7.538338718000034,51.913093923000076,1,05240112702330782513
05,5,15,000,2024,01,15,6,3,0,2,0,1,1,0,0,0,0,406121.745000000111759,5756700.703999999910593,7.633916717000034,51.953076696000039,1,05240112702100782826
05,5,12,000,2024,01,17,6,3,2,6,2,0,1,0,0,0,0,356939.287100000306964,5707668.447499999776483,6.938793877000023,51.502022754000052,1,05240112701400784911
05,5,62,032,2024,01,19,6,3,6,2,2,0,1,1,0,0,0,375374.590499999932945,5719446.728900000452995,7.200082336000037,51.612242487000060,1,05240112701110786915
05,5,62,032,2024,01,17,6,3,5,2,2,1,1,0,0,0,0,376780.244900000281632,5721612.227399999275804,7.219611350000037,51.632013661000030,1,05240112701110785927
05,5,13,000,2024,01,22,6,3,0,1,2,0,0,0,0,0,1,367108.099000000394881,5714465.340800000354648,7.082648379000034,51.565586463000045,2,05240112700000789436
05,5,13,000,2024,01,16,6,3,5,2,2,0,1,0,0,0,0,368842.697100000455976,5708791.905400000512600,7.109774355000070,51.515006750000055,1,05240112700000784687
05,5,13,000,2024,01,15,6,2,8,7,0,0,1,0,0,0,0,364358.997100000269711,5715613.896500000730157,7.042565868000054,51.575253278000048,1,05240112700000782896
05,5,58,016,2024,01,06,2,3,2,7,2,0,1,0,0,0,1,384102.677299999631941,5747536.881999999284744,7.316721184000073,51.866567143000054,1,05240115702330833718
05,5,70,028,2024,01,21,5,2,0,1,2,1,0,0,0,0,0,441097.492899999953806,5742361.265499999746680,8.145241186000021,51.828968133000046,2,05240111711400746235
05,5,70,008,2024,01,18,5,3,8,1,2,0,1,0,0,0,0,438912.239799999631941,5736240.130300000309944,8.114612739000052,51.773703271000045,2,05240111711300746270
05,5,70,004,2024,01,11,5,3,5,2,0,0,1,0,0,0,1,423927.528699999675155,5734222.644099999219179,7.897909766000055,51.753730742000073,0,05240111711200732575
05,5,66,028,2024,01,05,5,3,5,3,2,0,1,0,1,0,0,406873.351999999955297,5799235.790999999269843,7.633193750000032,52.335516864000056,2,05240111709700706261
05,5,66,076,2024,01,07,5,3,0,7,2,0,0,0,1,0,0,393181.382299999706447,5793365.292199999094009,7.434177937000072,52.280262907000065,2,05240111709500711755
05,5,66,068,2024,01,13,5,3,8,7,0,0,1,0,0,0,0,374305.184899999760091,5784581.448699999600649,7.160887283000022,52.197339798000030,1,05240111709300737369
05,5,66,008,2024,01,20,5,3,0,1,2,1,0,0,0,0,0,400093.415400000289083,5781049.672599999234080,7.539100266000048,52.170873848000042,2,05240111709110748677
05,5,66,012,2024,01,17,5,3,8,1,2,0,1,0,0,0,0,406572.081799999810755,5778493.684699999168515,7.634508781000022,52.149035156000082,2,05240111709110744509
05,5,58,032,2024,01,20,5,3,4,6,2,0,1,0,0,0,1,386410.792399999685585,5755069.990000000223517,7.347746339000025,51.934744733000059,2,05240111706000760423
05,5,58,016,2024,01,18,5,3,1,5,2,0,1,0,0,0,0,383044.591900000348687,5745185.303600000217557,7.302156754000066,51.845212162000053,2,05240111706000746702
05,5,54,060,2024,01,15,5,3,2,6,1,0,1,0,0,0,0,350412.069000000134110,5755918.972999999299645,6.824103393000030,51.933862369000053,0,05240111705000742160
05,5,54,004,2024,01,16,5,2,5,2,1,0,1,0,0,0,0,357994.944899999536574,5770304.895999999716878,6.928363100000070,52.065107618000070,1,05240111705000741571
05,5,54,060,2024,01,07,5,2,5,3,1,0,1,0,0,1,0,351215.792000000365078,5758815.130999999120831,6.834531873000060,51.960098666000079,2,05240111705000713432
05,5,15,000,2024,01,21,5,2,6,4,2,0,0,1,0,0,1,405912.308699999935925,5757913.922399999573827,7.630537726000057,51.963946259000068,2,05240111702100748170
05,5,15,000,2024,01,17,5,3,6,4,2,0,1,1,0,0,0,412549.247000000439584,5753049.462999999523163,7.728349991000073,51.921304145000079,1,05240111702100747583
05,5,15,000,2024,01,15,5,3,5,2,1,1,1,0,0,0,0,402897.277999999932945,5755015.423000000417233,7.587486567000042,51.937375236000037,1,05240111702100741299
05,5,15,000,2024,01,11,5,3,5,2,0,1,1,0,0,0,0,409847.487999999895692,5751858.771999999880791,7.689385473000073,51.910170432000029,0,05240111702100730807
05,5,15,000,2024,01,10,5,3,6,4,0,0,1,1,0,0,0,405676.776800000108778,5755639.645199999213219,7.627734865000036,51.943464126000038,0,05240111702100720230
05,5,15,000,2024,01,09,5,3,5,3,0,1,1,0,0,0,0,403811.035000000149012,5760936.160000000149012,7.599115932000075,51.990751457000044,0,05240111702100717449
05,5,62,012,2024,01,07,5,3,5,2,1,0,1,0,0,0,0,363155.083599999547005,5727782.044399999082088,7.020447929000056,51.684307361000037,0,05240111701610717345
05,5,62,024,2024,01,06,5,3,5,2,2,0,1,0,0,0,0,373100.984000000171363,5724103.140599999576807,7.165575622000063,51.653581376000034,0,05240111701500711621
05,5,12,000,2024,01,08,5,3,6,2,0,0,1,1,0,0,0,356674.922399999573827,5711887.656899999827147,6.933271472000058,51.539868943000045,0,05240111701400710684
05,5,62,014,2024,01,18,5,3,6,4,2,0,0,1,1,0,0,360526.889399999752641,5714984.404699999839067,6.987550868000028,51.568661572000053,1,05240111701300743139
05,5,62,020,2024,01,10,5,2,5,3,0,0,1,0,0,0,0,371574.361100000329316,5716165.201799999922514,7.146428824000054,51.581897786000070,0,05240111701200724602
05,5,13,000,2024,01,14,5,2,6,2,0,0,0,1,0,1,0,368471.935899999924004,5707833.456100000068545,7.104791673000022,51.506307172000049,0,05240111700000737911
05,5,54,020,2024,01,17,1,3,0,1,2,0,1,0,0,0,0,366049.544999999925494,5785879.701999999582767,7.039655094000068,52.207061246000080,1,05240114705000816455
05,5,66,064,2024,01,10,5,3,5,3,0,0,1,0,0,0,0,395763.831000000238419,5770553.165999999269843,7.479029563000040,52.075734706000048,0,05240118709110973433
05,5,70,020,2024,01,09,4,2,5,7,0,0,1,0,0,0,0,434544.307000000029802,5742968.994000000879169,8.050043627000036,51.833702150000079,0,05240110711400682122
05,5,70,016,2024,01,17,4,2,0,5,1,1,1,0,0,0,0,416299.571600000374019,5734902.413399999961257,7.787262493000071,51.758753470000045,0,05240110711200698737
05,5,66,028,2024,01,05,4,3,5,3,2,0,1,0,0,0,0,416570.866000000387430,5789918.163000000640750,7.777793261000056,52.253326364000031,0,05240110709700670189
05,5,58,020,2024,01,08,4,1,9,1,1,0,1,0,0,0,0,394221.395399999804795,5758523.169299999251962,7.460249569000041,51.967320581000081,0,05240110706000681463
05,5,54,016,2024,01,09,4,3,5,3,0,1,1,0,0,0,0,362202.311999999918044,5758484.300000000745058,6.994456936000063,51.959957246000045,0,05240110705000674510
05,5,66,048,2024,01,07,4,3,2,6,2,0,1,0,0,0,0,427400.718200000002980,5792829.604199999943376,7.935788330000037,52.281032959000072,0,05240110702350671454
05,5,15,000,2024,01,11,4,3,5,3,0,0,1,0,0,0,0,403879.483799999579787,5754751.939200000837445,7.601843321000047,51.935177474000056,0,05240110702100680402
05,5,15,000,2024,01,11,4,3,5,2,0,1,1,0,0,0,0,406690.596599999815226,5751238.069099999964237,7.643673132000060,51.904071295000051,0,05240110702100679563
05,5,62,016,2024,01,07,4,3,2,7,2,0,1,0,0,0,0,372179.617200000211596,5733101.302699999883771,7.148967114000072,51.734236789000079,0,05240110702000666061
05,5,12,000,2024,01,18,4,3,2,6,2,0,1,0,0,0,0,360591.410000000149012,5709313.073000000789762,6.990727843000059,51.517714253000065,0,05240110701400699336
05,5,12,000,2024,01,13,4,2,4,6,0,0,1,0,0,0,0,355314.273000000044703,5714752.900299999862909,6.912486412000021,51.565267966000079,0,05240110701400690622
05,5,62,014,2024,01,22,4,3,8,1,2,0,1,0,0,0,0,359805.783699999563396,5717150.240000000223517,6.976288491000048,51.587944934000063,0,05240110701300702775
05,5,13,000,2024,01,11,4,3,5,3,0,0,1,0,0,0,0,367244.072499999776483,5713357.149299999698997,7.085027485000069,51.555659608000042,0,05240110700000682867
05,5,70,020,2024,01,15,3,3,9,1,0,0,1,0,0,0,0,433970.547899999655783,5748168.150599999353290,8.040724432000047,51.880374604000053,0,05240109711400657630
05,5,70,028,2024,01,16,3,3,5,3,0,1,1,0,0,0,0,445293.416400000452995,5743175.190899999812245,8.205994745000055,51.836712306000038,0,05240109711400657254
05,5,70,044,2024,01,18,3,3,6,4,2,0,1,1,0,0,0,414999.184500000439584,5759673.936100000515580,7.762327757000037,51.981230530000062,0,05240109711100656256
05,5,70,052,2024,01,10,3,3,5,2,0,1,1,0,0,0,0,430297.619199999608099,5755488.758999999612570,7.985891416000072,51.945737512000051,0,05240109711100637940
05,5,66,028,2024,01,13,3,3,5,2,0,1,1,0,0,0,0,412743.117999999783933,5792986.190999999642372,7.720939502000022,52.280309016000047,0,05240109709700647747
05,5,66,084,2024,01,02,3,3,9,1,2,0,1,0,0,0,0,387601.119900000281632,5773964.568099999800324,7.358848894000062,52.104796715000077,0,05240109709300617502
05,5,58,016,2024,01,15,3,3,5,3,0,0,1,0,0,1,0,379854.486100000329316,5745252.346300000324845,7.255845507000060,51.845137311000030,0,05240109706000653488
05,5,54,052,2024,01,14,3,2,0,1,0,1,0,0,0,0,0,375527.271099999547005,5773685.477199999615550,7.182750307000049,52.099703741000042,2,05240109705000652810
05,5,15,000,2024,01,18,3,3,5,3,2,1,1,0,0,0,0,399612.627600000239909,5760578.952299999073148,7.538096489000054,51.986797883000065,0,05240109702100658618
05,5,15,000,2024,01,17,3,3,2,6,2,0,1,0,0,0,0,410260.396999999880791,5755652.359999999403954,7.694397340000023,51.944336669000052,0,05240109702100656881
05,5,15,000,2024,01,17,3,3,5,3,2,0,1,0,0,0,1,406635.020999999716878,5756141.388100000098348,7.641535397000041,51.948135688000036,0,05240109702100656062
05,5,15,000,2024,01,16,3,3,5,2,1,1,1,0,0,0,0,407070.486999999731779,5757457.487999999895692,7.647513598000046,51.960038403000055,0,05240109702100654859
05,5,15,000,2024,01,07,3,3,6,2,2,0,1,1,0,0,0,405017.474999999627471,5756490.505000000819564,7.617910889000029,51.950999842000044,0,05240109702100626946
05,5,15,000,2024,01,11,3,3,1,1,0,0,1,0,0,0,1,403700.192999999970198,5759585.671000000089407,7.597881321000045,51.978593667000041,0,05240109702100585333
05,5,13,000,2024,01,07,3,3,6,2,2,0,1,1,0,0,0,369714.798799999989569,5709011.775100000202656,7.122254437000038,51.517184486000076,0,05240109700000627030
05,5,66,028,2024,01,16,5,3,2,1,0,0,1,0,0,0,0,412003.753999999724329,5790328.879000000655651,7.710797558000024,52.256306516000052,0,05240111709700740582
05,5,66,044,2024,01,17,2,3,2,6,1,0,1,0,0,0,0,427853.462000000290573,5778482.839999999850988,7.945482606000041,52.152128108000056,0,05240108709800612593
05,5,66,040,2024,01,11,2,2,5,3,0,1,1,0,0,0,0,423178.106499999761581,5781395.213600000366569,7.876500686000043,52.177676716000065,0,05240108709800593881
05,5,66,076,2024,01,15,2,3,0,1,0,1,0,0,0,0,0,393973.287700000219047,5792064.419299999251962,7.446190561000037,52.268724985000063,2,05240108709500607993
05,5,66,068,2024,01,09,2,3,0,4,0,0,1,1,0,0,0,382013.333999999798834,5782477.653000000864267,7.274344676000055,52.180137357000035,1,05240108709300599375
05,5,66,068,2024,01,09,2,3,8,1,0,0,1,0,0,0,0,379947.287999999709427,5782946.152000000700355,7.243976370000041,52.183901767000066,0,05240108709300592480
05,5,66,004,2024,01,12,2,3,2,6,0,0,1,0,0,0,1,394731.554100000299513,5768011.876900000497699,7.464756371000021,52.052699261000043,0,05240108709110608562
05,5,66,008,2024,01,09,2,2,6,1,0,1,0,1,0,0,0,401818.250599999912083,5780746.642000000923872,7.564400969000076,52.168459826000060,1,05240108709110589400
05,5,58,012,2024,01,19,2,3,0,7,2,0,1,0,0,0,0,374038.554399999789894,5755968.228700000792742,7.167547012000057,51.940154133000078,1,05240108706200613357
05,5,13,000,2024,01,11,2,3,2,6,0,0,1,0,0,0,0,365302.107200000435114,5713955.921299999579787,7.056802932000039,51.560580110000046,0,05240108702340598185
05,5,15,000,2024,01,09,2,2,6,4,0,0,1,1,0,0,0,406036.879999999888241,5756775.974999999627471,7.632661589000065,51.953738935000047,1,05240108702100585159
05,5,15,000,2024,01,06,2,3,3,6,2,1,1,0,0,0,0,405442.646999999880791,5755137.529200000688434,7.624467750000065,51.938911134000080,1,05240108702100581427
05,5,62,004,2024,01,07,2,2,6,4,2,0,1,1,0,0,0,382884.031600000336766,5713040.899599999189377,7.310622894000062,51.556281265000052,1,05240108701800580754
05,5,62,032,2024,01,14,2,3,6,7,0,0,1,1,0,0,0,376414.101700000464916,5720035.886499999091029,7.214879959000029,51.617766510000081,0,05240108701110607240
05,5,62,032,2024,01,12,2,3,5,3,0,1,1,0,0,0,0,379624.257699999958277,5718194.824100000783801,7.261857539000061,51.601915810000037,0,05240108701110599109
05,5,62,032,2024,01,07,2,3,6,4,2,0,1,1,0,0,0,375471.067099999636412,5719951.713199999183416,7.201295537000021,51.616802189000055,1,05240108701110580492
05,5,66,028,2024,01,02,3,3,0,7,2,0,1,0,0,0,0,413016.650000000372529,5795383.333000000566244,7.724329133000026,52.301898561000030,0,05240116709700866738
05,5,62,032,2024,01,19,5,2,5,2,2,1,1,0,0,0,0,377705.601700000464916,5717444.485600000247359,7.234429115000069,51.594758929000079,1,05240118701110991939
05,5,66,028,2024,01,01,1,3,5,3,2,0,1,0,0,0,0,412218.888399999588728,5790750.265900000929832,7.713838979000059,52.260128435000070,1,05240107709700651504
05,5,66,076,2024,01,14,5,2,2,6,0,0,1,0,0,1,0,397659.675499999895692,5795498.416500000283122,7.499151046000065,52.300286235000044,0,05240118702350987646
05,5,66,092,2024,01,14,7,3,5,3,0,0,1,0,0,0,1,421589.599999999627471,5793045.535000000149012,7.850572519000025,52.282175633000065,1,05240106709700554247
05,5,54,028,2024,01,06,5,3,6,2,2,0,1,1,0,0,0,356874.015999999828637,5746645.574999999254942,6.921878729000071,51.852238370000066,0,05240111705000707100
05,5,66,076,2024,01,14,7,3,5,2,0,0,1,0,0,0,0,396968.548999999649823,5795786.788000000640750,7.488931059000038,52.302748734000033,1,05240106709500555506
05,5,66,012,2024,01,12,7,3,2,6,0,0,1,0,0,0,0,410714.511099999770522,5773124.772199999541044,7.696443947000034,52.101462304000052,1,05240106709110552526
05,5,58,012,2024,01,19,7,3,5,3,2,0,1,0,0,0,0,368076.874499999918044,5747058.645700000226498,7.084278921000021,51.858710497000061,1,05240106706000560010
05,5,54,032,2024,01,16,7,3,1,5,0,0,1,0,1,0,0,325213.476800000295043,5745147.126099999994040,6.463382210000020,51.829764777000037,0,05240106705000557472
05,5,54,032,2024,01,15,7,3,1,6,0,0,1,0,0,0,0,323713.139999999664724,5743899.596000000834465,6.442266743000062,51.818087752000054,1,05240106705000556895