ULAND,UREGBEZ,UKREIS,UGEMEINDE,UJAHR,UMONAT,USTUNDE,UWOCHENTAG,UKATEGORIE,UART,UTYP1,ULICHTVERH,IstRad,IstPKW,IstFuss,IstKrad,IstGkfz,IstSonstige,LINREFX,LINREFY,XGCSWGS84,YGCSWGS84,STRZUSTAND,UIDENTSTLAE
05,5,15,000,2024,01,14,7,3,2,6,0,0,1,0,0,0,0,407723.498200000263751,5758642.032600000500679,7.656696305000025,51.970794488000081,0,05240106702100555814
05,5,62,008,2024,01,16,7,3,6,2,2,0,1,1,0,0,0,384590.234000000171363,5723421.867000000551343,7.331806920000076,51.649934587000075,1,05240106701910557305
05,5,62,014,2024,01,20,7,3,6,2,2,0,1,1,0,0,0,360983.863699999637902,5715169.701999999582767,6.994066858000053,51.570439520000036,1,05240106701300559894
05,5,62,032,2024,01,16,7,2,4,2,1,0,1,0,0,0,0,374230.824000000022352,5721250.835999999195337,7.182924607000075,51.628201678000039,1,05240106701110557339
05,5,13,000,2024,01,18,7,3,2,6,2,0,1,0,0,0,0,366470.458899999968708,5711080.411399999633431,7.074739041000043,51.535016948000077,1,05240106700000558365
05,5,70,052,2024,02,13,7,3,2,6,0,0,1,0,0,0,0,428364.321399999782443,5758769.211100000888109,7.957084421000047,51.974981629000069,0,05240210711100777649
05,5,66,076,2024,02,21,7,2,6,1,2,1,0,1,0,0,0,393094.844800000078976,5793848.547700000926852,7.432756669000071,52.284589177000043,1,05240210709500784490
05,5,66,076,2024,02,05,7,3,9,1,2,0,1,0,0,0,0,392134.970300000160933,5789455.348200000822544,7.420094835000043,52.244919381000045,1,05240210709500771288
05,5,54,048,2024,02,15,7,3,8,1,0,0,0,0,1,0,0,340343.014999999664724,5743057.219000000506639,6.683712775000060,51.815518141000041,0,05240210705000778897
05,5,12,000,2024,02,21,7,3,2,6,2,0,1,0,0,0,0,354916.513000000268221,5712572.094900000840425,6.907651366000039,51.545569848000071,1,05240210702340788579
05,5,15,000,2024,02,08,7,3,3,6,0,1,0,0,0,0,0,407095.185399999842048,5760305.581399999558926,7.647102049000068,51.985642598000027,0,05240210702100886940
05,5,15,000,2024,02,10,7,3,5,7,0,1,1,0,0,0,0,403981.130400000140071,5761395.066400000825524,7.601463856000066,51.994905673000062,0,05240210702100774086
05,5,15,000,2024,02,03,7,3,7,7,2,0,0,0,0,0,1,405352.872100000269711,5758199.519099999219179,7.622318851000045,51.966418357000066,1,05240210702100770479
05,5,12,000,2024,02,15,7,3,5,2,0,1,1,0,0,0,0,356685.306800000369549,5708592.729399999603629,6.934761511000033,51.510263892000069,0,05240210701400778722
05,5,62,032,2024,02,20,7,3,0,7,2,0,1,0,0,0,0,374978.539900000207126,5719090.308000000193715,7.194492499000035,51.608951489000049,1,05240210701110783223
05,5,70,008,2024,02,12,6,3,2,6,0,0,1,0,0,0,0,430487.190999999642372,5734851.569299999624491,7.992799668000032,51.760237271000051,0,05240209711300754593
05,5,70,008,2024,02,07,6,3,2,2,1,0,1,0,0,0,0,432810.011099999770522,5739964.694399999454618,8.025460653000039,51.806487750000031,1,05240209711300736232
05,5,70,004,2024,02,08,6,2,9,7,0,0,1,0,0,0,0,425457.872999999672174,5741411.417999999597669,7.918531718000054,51.818561322000050,1,05240209711200739243
05,5,70,052,2024,02,12,6,3,6,7,0,0,0,1,0,0,1,428797.164599999785423,5752679.995500000193715,7.964646260000052,51.920297843000071,0,05240209711100753690
05,5,70,052,2024,02,07,6,3,6,2,2,0,1,1,0,0,0,430439.001500000245869,5755936.903699999675155,7.987857365000025,51.949783867000065,1,05240209711100735324
05,5,66,056,2024,02,17,6,3,2,1,2,0,1,0,1,0,0,416649.567599999718368,5797234.802699999883771,7.777136374000065,52.319103711000082,0,05240209709700762452
05,5,66,084,2024,02,07,6,3,5,2,1,1,1,0,0,0,0,386050.620000000111759,5778559.461999999359250,7.334681130000035,52.145773657000063,1,05240209709300737568
05,5,54,020,2024,02,20,6,2,0,1,2,1,0,0,0,0,0,367573.108300000429153,5784075.807399999350309,7.062643486000070,52.191220516000044,1,05240209705000765950
05,5,54,024,2024,02,17,6,3,3,6,1,1,0,0,0,1,0,370627.257799999788404,5775780.958399999886751,7.110457424000060,52.117409464000048,1,05240209705000764040
05,5,54,068,2024,02,11,6,2,5,2,0,1,0,0,0,1,0,348908.957999999634922,5765154.456000000238419,6.798191097000029,52.016431317000070,1,05240209705000750547
05,5,15,000,2024,02,15,6,3,2,6,0,0,1,0,0,0,0,401935.735100000165403,5762190.355100000277162,7.571454575000075,52.001696428000059,1,05240209702350762849
05,5,15,000,2024,02,18,6,3,2,6,2,0,1,0,0,0,0,401852.637199999764562,5749729.292799999937415,7.573801999000068,51.889678638000078,0,05240209702330929175
05,5,62,008,2024,02,11,6,3,1,6,0,0,1,0,0,0,1,386001.406999999657273,5723944.834799999371171,7.352025119000075,51.654922814000031,0,05240209701910751637
05,5,62,012,2024,02,00,6,3,5,2,0,0,1,0,0,0,0,362345.701799999922514,5729779.640699999406934,7.007959120000066,51.702059927000050,0,05240209701620189422
05,5,13,000,2024,02,17,6,3,5,3,1,1,1,0,0,0,0,368606.827999999746680,5709626.828999999910593,7.106065736000062,51.522455218000061,0,05240209700000762489
05,5,12,000,2024,02,08,6,3,2,6,0,0,1,0,0,0,0,356591.152700000442564,5707870.947300000116229,6.933699164000075,51.503754169000047,1,05240209500630742575
05,5,70,028,2024,02,10,5,3,2,6,0,1,1,0,0,0,0,441535.468399999663234,5742560.206499999389052,8.151562468000066,51.830802671000072,1,05240208711400750197
05,5,58,016,2024,02,07,5,3,0,2,2,1,1,0,0,0,0,387728.312599999830127,5747267.663899999111891,7.369443591000049,51.864888973000063,0,05240208706000703493
05,5,54,044,2024,02,18,5,3,7,7,2,0,1,0,0,0,0,365105.741799999959767,5741580.507400000467896,7.043295954000030,51.808773900000062,1,05240208705000726519
05,5,54,012,2024,02,08,5,3,0,2,0,0,1,1,0,0,0,353228.938099999912083,5745445.360999999567866,6.869502353000030,51.840507986000034,0,05240208705000699033
05,5,54,012,2024,02,07,5,2,3,6,1,0,1,0,0,1,0,350872.092799999751151,5744291.686699999496341,6.835814212000059,51.829518068000027,0,05240208705000697213
05,5,15,000,2024,02,22,5,3,5,3,2,1,1,0,0,0,0,404684.754999999888241,5759085.980000000447035,7.612350699000046,51.974272033000034,1,05240208702100730020
05,5,15,000,2024,02,18,5,3,5,3,2,1,1,0,0,0,0,406719.328999999910593,5757662.142999999225140,7.642348849000030,51.961819141000035,1,05240208702100727432
05,5,15,000,2024,02,19,5,2,0,1,2,1,0,0,0,0,0,406749.334400000050664,5757667.899499999359250,7.642783866000059,51.961875916000054,1,05240208702100727263
05,5,15,000,2024,02,12,5,3,5,3,0,1,1,0,0,0,0,406642.158999999985099,5757653.517000000923872,7.641228366000064,51.961728653000080,0,05240208702100710465
05,5,15,000,2024,02,07,5,3,5,3,2,0,1,0,0,0,0,404588.847299999557436,5755695.631599999964237,7.611896535000028,51.943781840000042,0,05240208702100697064
05,5,62,028,2024,02,16,5,3,5,3,0,1,1,0,0,0,0,380490.930999999865890,5722653.109999999403954,7.272844589000044,51.642169029000058,1,05240208701920723153
05,5,62,012,2024,02,16,5,3,6,2,0,0,1,1,0,0,0,358775.498100000433624,5727491.546800000593066,6.957254570000032,51.680612711000038,1,05240208701610723268
05,5,62,014,2024,02,19,5,2,5,3,2,1,1,0,0,0,0,361422.354700000025332,5713857.773700000718236,7.000907157000029,51.558758278000028,1,05240208701300725882
05,5,62,014,2024,02,10,5,3,5,3,0,1,1,0,0,0,0,356800.122999999672174,5714531.687999999150634,6.933999177000032,51.563659455000050,0,05240208701300705965
05,5,62,032,2024,02,12,5,3,2,7,0,0,1,0,0,0,0,375025.792299999855459,5719498.094499999657273,7.195029149000050,51.612626794000050,1,05240208701110711566
05,5,62,032,2024,02,11,5,3,5,3,0,0,1,0,0,0,0,376810.644000000320375,5721613.396999999880791,7.220049943000049,51.632030829000030,1,05240208701110710861
05,5,13,000,2024,02,18,5,3,5,2,2,0,1,0,0,0,0,367422.740000000223517,5708573.354000000283122,7.089404449000028,51.512711253000077,0,05240208700000725350
05,5,66,048,2024,02,09,6,3,0,1,0,0,0,0,1,0,0,425888.163999999873340,5791578.558000000193715,7.913895458000070,52.269585540000037,1,05240209709700744426
05,5,62,004,2024,02,07,5,3,2,6,0,0,1,0,0,1,0,386969.262299999594688,5716226.816600000485778,7.368500491000020,51.585749583000052,0,05240208301911709898
05,5,66,028,2024,02,07,4,3,5,7,2,1,1,0,0,0,0,411239.930800000205636,5792459.949500000104308,7.699049573000025,52.275338367000074,1,05240207709700654914
05,5,66,076,2024,02,16,4,3,2,6,0,0,1,0,0,0,0,391565.075199999846518,5792464.164499999955297,7.410784542000044,52.271847939000054,0,05240207709500685056
05,5,66,064,2024,02,22,4,3,8,7,2,0,1,0,0,0,0,393575.655100000090897,5770598.552899999544024,7.447099021000042,52.075726386000042,0,05240207709110689824
05,5,58,016,2024,02,04,4,3,4,1,2,0,0,0,0,1,1,372510.953800000250340,5746116.564799999818206,7.148978981000027,51.851275106000060,1,05240207706000650213
05,5,62,020,2024,02,07,4,2,4,2,0,0,1,0,0,0,0,371452.798000000417233,5719406.392599999904633,7.143487693000054,51.610998193000057,1,05240207702340659369
05,5,62,012,2024,02,17,4,2,0,1,2,1,0,0,0,0,0,356537.758000000379980,5723944.835000000894070,6.926365379000060,51.648176319000072,0,05240207701610687022
05,5,13,000,2024,02,16,4,3,5,3,0,0,1,0,0,0,0,368635.861999999731779,5709488.314999999478459,7.106535635000057,51.521217177000040,0,05240207700000685463
05,5,13,000,2024,02,14,4,2,6,4,0,0,1,1,0,0,0,369678.583999999798834,5706388.100999999791384,7.122702282000034,51.493597472000033,0,05240207700000678556
05,5,13,000,2024,02,07,4,3,6,2,1,0,1,1,0,0,0,368301.804999999701977,5707059.626000000163913,7.102630596000040,51.499313303000065,1,05240207700000653606
05,5,62,024,2024,02,09,6,3,5,2,0,0,1,0,0,0,1,366997.344700000248849,5726296.767300000414252,7.076560267000048,51.671883295000043,1,05240209701500758338
05,5,70,052,2024,02,19,3,3,6,2,2,0,1,1,0,0,0,424240.394299999810755,5757614.797700000926852,7.897312246000070,51.964057295000032,0,05240206711100644608
05,5,70,044,2024,02,07,3,3,2,6,1,0,1,0,0,0,0,416495.148199999704957,5760708.634099999442697,7.783852776000060,51.990758244000062,1,05240206711100619067
05,5,66,040,2024,02,22,3,3,7,7,2,0,1,0,0,0,0,419657.956299999728799,5782909.723799999803305,7.824672016000022,52.190788913000063,1,05240206709800647609
05,5,66,028,2024,02,17,3,2,5,2,2,1,1,0,0,0,0,411608.849000000394881,5793639.708000000566244,7.704145959000073,52.286001743000043,1,05240206709700642225
05,5,66,084,2024,02,08,3,3,0,7,0,1,0,0,0,0,0,386263.027200000360608,5779013.270500000566244,7.337632037000049,52.149895787000048,1,05240206709300616363
05,5,58,040,2024,02,07,3,3,5,3,2,0,1,0,0,0,0,371519.053999999538064,5762755.071000000461936,7.128374987000029,52.000566079000066,1,05240206706000613275
05,5,15,000,2024,02,17,3,3,6,2,2,0,1,1,0,0,0,405019.896999999880791,5757700.723999999463558,7.617611551000039,51.961878196000043,1,05240206702100644656
05,5,15,000,2024,02,16,3,3,8,1,0,0,1,0,0,0,0,395988.586900000460446,5755942.883099999278784,7.486744765000026,51.944462741000052,1,05240206702100641428
05,5,15,000,2024,02,06,3,3,5,3,2,1,1,0,0,0,0,405605.599000000394881,5757053.528999999165535,7.626311341000076,51.956160677000071,1,05240206702100639621
05,5,15,000,2024,02,07,3,2,6,2,2,0,1,1,0,0,0,408964.218999999575317,5756241.442999999970198,7.675388919000056,51.949421125000072,1,05240206702100610643
05,5,62,012,2024,02,05,3,3,5,2,2,0,1,0,0,0,0,363312.024000000208616,5727801.474999999627471,7.022709109000061,51.684520189000068,1,05240206701610608194
05,5,62,014,2024,02,15,3,3,2,6,0,0,1,0,0,0,0,360099.782100000418723,5712980.993599999696016,6.982189449000032,51.550553008000065,1,05240206701300640484
05,5,62,032,2024,02,17,3,3,5,3,2,1,1,0,0,0,0,374643.946999999694526,5719338.902000000700355,7.189574147000030,51.611111226000048,1,05240206701110643067
05,5,13,000,2024,02,17,3,3,0,7,1,0,1,0,0,0,1,368703.830000000074506,5715772.009099999442697,7.105169492000073,51.577702882000040,0,05240206700000642054
05,5,13,000,2024,02,15,3,3,2,6,0,0,1,0,0,0,0,365639.980000000447035,5714382.786800000816584,7.061511034000034,51.564496716000065,1,05240206700000639811
05,5,13,000,2024,02,07,3,3,5,7,1,0,1,0,0,0,0,369053.616999999620020,5709061.678999999538064,7.112712109000029,51.517480085000045,0,05240206700000612279
05,5,58,024,2024,02,20,2,3,0,7,2,1,0,0,0,0,0,393227.587000000290573,5736538.962999999523163,7.452586278000069,51.769539515000076,0,05240205706300602422
05,5,58,044,2024,02,07,2,3,1,6,0,0,1,0,0,0,0,396208.275299999862909,5746900.551899999380112,7.492663122000067,51.863231422000069,0,05240205706300579171
05,5,54,040,2024,02,16,2,3,1,1,0,0,1,0,0,0,0,351273.196800000034273,5739459.654500000178814,6.843704240000022,51.786209789000054,0,05240205705000599518
05,5,15,000,2024,02,17,2,2,8,1,1,0,1,0,0,0,0,405911.808699999935925,5752850.190600000321865,7.631915963000040,51.918430918000070,0,05240205702100599645
05,5,15,000,2024,02,13,2,2,5,3,0,0,1,0,0,0,1,404221.444000000134110,5756339.957000000402331,7.606373497000050,51.949510149000048,0,05240205702100594206
05,5,62,028,2024,02,16,2,3,5,2,0,0,1,0,0,0,0,380223.370000000111759,5724930.180299999192357,7.268199734000063,51.662577011000053,0,05240205701920597696
05,5,62,032,2024,02,12,2,2,4,2,0,0,1,0,0,0,0,375419.390800000168383,5719855.084200000390410,7.200583870000060,51.615922339000065,0,05240205701110584752
05,5,13,000,2024,02,18,2,2,6,4,2,0,1,1,0,0,0,369732.223899999633431,5709025.193900000303984,7.122500473000059,51.517309098000055,0,05240205700000600040
05,5,58,004,2024,02,12,6,3,2,6,0,0,1,0,0,1,1,405841.235500000417233,5739315.768600000068545,7.634578168000075,51.796763282000029,1,05240209702330760262
05,5,58,024,2024,02,01,7,3,0,1,2,1,0,0,0,0,0,393225.112999999895692,5736502.301200000569224,7.452561708000076,51.769209526000054,1,05240210706300769779
05,5,54,040,2024,02,17,1,2,5,2,2,0,1,0,1,0,0,351768.088999999687076,5736855.475999999791384,6.851985576000061,51.762942632000033,1,05240204705000555617
05,5,15,000,2024,02,05,1,3,2,6,2,0,1,0,0,0,0,400595.776999999769032,5754217.038300000131130,7.554249650000031,51.929792828000075,1,05240204702330547854
05,5,15,000,2024,02,19,1,3,6,2,2,0,0,1,1,0,0,405449.743999999947846,5758145.273000000044703,7.623743413000057,51.965947256000049,1,05240204702100556324
05,5,15,000,2024,02,01,1,2,8,1,2,0,1,0,0,0,0,404260.850899999961257,5756370.220300000160933,7.606938274000072,51.949788952000063,1,05240204702100545296
05,5,62,008,2024,02,02,1,3,8,7,2,0,1,0,0,0,0,383193.525200000032783,5723306.764599999412894,7.311665988000073,51.648611649000031,1,05240204701910546127
05,5,62,012,2024,02,15,1,3,8,1,0,0,1,0,0,0,0,362378.281100000254810,5729561.337300000712276,7.008516431000032,51.700106247000065,1,05240204701610553859
05,5,62,014,2024,02,12,1,3,5,3,0,1,1,0,0,0,0,361811.430499999783933,5712989.163699999451637,7.006857534000062,51.551048230000049,1,05240204701300550896
05,5,62,020,2024,02,17,1,3,5,2,1,0,1,0,0,0,0,371764.977199999615550,5718086.685000000521541,7.148476347000042,51.599209349000034,1,05240204701200555416
05,5,70,020,2024,02,03,7,2,1,1,2,0,1,0,0,0,0,427568.036899999715388,5742967.417899999767542,7.948815079000042,51.832826816000079,1,05240203711400529937
05,5,70,044,2024,02,06,7,3,0,1,2,0,1,0,0,0,0,416865.141999999992549,5758400.276000000536442,7.789799342000038,51.970063966000055,1,05240203711100530857
05,5,66,076,2024,02,07,7,3,6,4,1,0,1,1,0,0,0,393489.104000000283122,5792886.959000000730157,7.438838015000044,52.276023747000067,1,05240203709500531140
05,5,54,052,2024,02,19,7,3,9,1,2,0,1,0,0,0,0,376741.196399999782443,5774102.982699999585748,7.200312549000046,52.103727373000027,1,05240203705000541353
05,5,62,016,2024,02,07,7,3,2,6,2,0,1,0,0,0,0,376119.610199999995530,5741840.047299999743700,7.202875886000072,51.813655500000039,1,05240203702330531212
05,5,62,014,2024,02,14,7,3,5,3,0,1,1,0,0,0,0,360457.440000000409782,5714982.232000000774860,6.986550315000045,51.568624865000061,1,05240203701300537879
05,5,13,000,2024,02,16,7,3,5,3,0,0,1,0,0,0,0,367506.001000000163913,5713540.786000000312924,7.088734285000044,51.557371463000038,1,05240203700000541015
05,5,13,000,2024,02,10,7,3,2,6,0,0,1,0,0,0,0,368022.690999999642372,5705267.407999999821186,7.099281911000048,51.483141921000026,1,05240203700000532034
05,5,66,084,2024,02,13,7,3,5,3,0,1,1,0,0,0,0,385722.241999999620020,5779588.877000000327826,7.329537953000056,52.154957068000044,0,05240210709300776846
05,5,66,076,2024,02,11,6,3,9,1,0,0,1,0,0,0,0,393189.536299999803305,5793346.411499999463558,7.434303397000065,52.280094807000069,0,05240202709500504190
05,5,66,076,2024,02,07,6,2,5,3,1,0,1,0,1,0,0,392580.792100000195205,5794256.931199999526143,7.425093506000053,52.288159138000026,1,05240202709500494884
05,5,58,044,2024,02,18,6,2,6,2,2,0,1,1,0,0,0,395053.744900000281632,5746016.720599999651313,7.476171032000025,51.855071587000054,1,05240202706300523766
05,5,58,008,2024,02,17,6,3,1,7,2,0,1,1,0,0,1,382973.645700000226498,5759762.809900000691414,7.296175252000069,51.976207214000056,1,05240202706000522842
05,5,54,060,2024,02,19,6,2,5,3,2,0,1,0,0,0,0,350098.396999999880791,5756116.446000000461936,6.819458265000037,51.935552183000027,0,05240202705000525123
05,5,54,020,2024,02,13,6,3,2,6,0,0,1,0,0,0,0,368157.773900000378489,5785355.723799999803305,7.070693598000048,52.202861367000082,0,05240202705000517778
05,5,15,000,2024,02,15,6,3,2,6,0,0,1,0,0,0,0,405646.400399999693036,5755618.845100000500679,7.627298778000068,51.943272014000058,0,05240202702100518935
05,5,15,000,2024,02,07,6,3,2,6,1,0,1,0,0,0,1,407795.364199999719858,5758966.753000000491738,7.657654947000026,51.973725175000027,0,05240202702100498002
05,5,62,028,2024,02,15,6,3,5,2,0,0,1,0,0,0,0,382063.454699999652803,5722874.476500000804663,7.295485314000075,51.644490543000074,0,05240202701920519409
05,5,62,008,2024,02,07,6,3,5,3,1,1,1,0,0,0,0,382569.952800000086427,5721022.190099999308586,7.303423608000060,51.627948988000071,0,05240202701910494126
05,5,62,020,2024,02,07,6,3,5,2,2,1,1,0,0,0,0,370623.300200000405312,5717634.030300000682473,7.132168545000070,51.594880351000029,0,05240202701200494777
05,5,62,032,2024,02,19,6,3,5,2,1,0,1,0,0,0,0,372515.209999999962747,5721113.065400000661612,7.158201783000038,51.626577455000074,1,05240202701110524621
05,5,13,000,2024,02,13,6,3,2,2,0,0,1,0,0,0,0,368976.934799999929965,5708353.938599999994040,7.111870623000073,51.511101970000027,0,05240202700000517003
05,5,13,000,2024,02,04,6,3,3,6,2,0,1,0,0,0,0,362571.054299999959767,5716081.766699999570847,7.016597545000025,51.579024632000028,1,05240202700000490257
05,5,66,092,2024,02,14,5,3,8,1,0,0,0,0,1,0,0,418934.077999999746680,5794305.971999999135733,7.811350624000056,52.293119919000048,0,05240201709700478269
05,5,66,084,2024,02,15,5,3,5,3,0,1,0,0,0,0,0,390235.035699999891222,5775257.488700000569224,7.396873771000060,52.116945475000080,0,05240201709300479117
05,5,62,014,2024,02,09,5,3,0,1,0,0,0,0,1,0,0,359053.131199999712408,5713284.944000000134110,6.966981775000022,51.553023819000032,1,05240201702340464662
05,5,15,000,2024,02,19,5,3,3,6,2,1,1,0,0,0,0,405641.779000000096858,5756986.567999999970198,7.626856082000074,51.955564942000080,0,05240201702100485311
05,5,15,000,2024,02,07,5,3,5,2,1,1,1,0,0,0,0,405373.525999999605119,5761218.922000000253320,7.621786638000060,51.993561436000050,1,05240201702100460576
05,5,15,000,2024,02,10,5,3,3,5,0,1,1,0,0,0,0,405537.514899999834597,5756634.030300000682473,7.625436170000057,51.952378477000082,0,05240201702000466644
05,5,62,004,2024,02,16,5,3,1,6,0,0,1,0,0,0,0,383205.397199999541044,5713967.389000000432134,7.314948572000048,51.564674944000046,0,05240201701800481964
05,5,62,004,2024,02,05,5,3,1,1,2,0,0,0,1,0,1,383196.125599999912083,5714266.787000000476837,7.314715361000026,51.567363933000081,1,05240201701800448683
05,5,62,012,2024,02,09,5,3,2,6,0,0,1,0,0,0,0,359310.625000000000000,5726281.189999999478459,6.965477235000037,51.669871014000080,0,05240201701610032658
05,5,62,024,2024,02,07,5,3,5,3,0,0,1,0,0,0,1,372281.898000000044703,5725510.764000000432134,7.153227380000033,51.666045923000070,1,05240201701500452817
05,5,12,000,2024,02,11,5,3,5,3,0,1,1,0,0,0,0,355632.230999999679625,5709782.508300000801682,6.919109575000050,51.520686900000044,0,05240201701400465717
05,5,13,000,2024,02,09,5,3,2,6,0,0,1,0,0,0,0,367270.321200000122190,5710083.820299999788404,7.086640314000022,51.526249545000042,0,05240201700000467124
05,5,70,048,2024,01,05,4,3,1,6,2,0,1,0,0,0,0,451091.593100000172853,5725935.592000000178814,8.292567877000067,51.682255208000072,1,05240131711300443843
05,5,70,040,2024,01,07,4,3,5,3,1,0,1,0,0,0,0,421637.701100000180304,5743146.014699999243021,7.862726928000029,51.833631756000045,1,05240131711200417145
05,5,66,028,2024,01,13,4,3,0,3,0,1,1,0,0,0,0,411441.940999999642372,5793316.278999999165535,7.701784672000031,52.283067824000057,0,05240131709700435766
05,5,66,060,2024,01,13,4,3,5,3,0,0,1,0,0,0,0,389375.251000000163913,5789442.189999999478459,7.379694682000036,52.244253359000027,0,05240131709500435328
05,5,66,068,2024,01,14,4,3,5,3,0,0,1,0,0,0,0,379737.869400000199676,5784378.462400000542402,7.240406520000022,52.196727498000030,0,05240131709300438598
05,5,54,008,2024,01,16,4,3,5,2,0,1,1,0,0,0,0,338731.813400000333786,5745641.474400000646710,6.659154792000038,51.838271835000057,0,05240131705000439555
05,5,62,024,2024,01,00,4,2,8,1,2,0,1,0,0,0,0,365006.912700000219047,5724912.839500000700355,7.048327801000028,51.658972225000070,0,05240131701500404482
05,5,12,000,2024,01,13,4,2,6,4,0,0,1,1,0,0,0,357024.819199999794364,5711605.940199999138713,6.938427841000021,51.537426218000064,0,05240131701400434367
05,5,13,000,2024,01,22,4,3,1,6,2,0,1,0,0,0,0,364722.684000000357628,5715452.925000000745058,7.047872937000022,51.573894116000076,1,05240131700000445721
05,5,13,000,2024,01,11,4,3,0,4,0,0,0,1,0,0,1,367959.325699999928474,5708739.405700000002980,7.097070491000068,51.514329174000068,0,05240131700000424163
05,5,62,012,2024,02,20,7,3,4,6,2,1,1,0,0,0,0,359325.514600000344217,5725080.931399999186397,6.966175565000071,51.659089454000082,1,05240210701610784815
05,5,70,028,2024,01,17,3,3,5,3,2,0,1,0,0,0,0,440288.192400000058115,5739844.494899999350309,8.133932449000042,51.806255911000051,0,05240130711400398849
05,5,66,076,2024,01,13,3,3,5,3,0,1,1,0,0,0,0,393389.950000000186265,5792877.325999999418855,7.437388316000067,52.275917955000068,0,05240130709500388486
05,5,54,004,2024,01,18,3,1,5,3,2,1,1,0,0,0,0,363878.884600000455976,5768965.300300000235438,7.014677741000071,52.054547817000071,1,05240130705000401136
05,5,15,000,2024,01,18,3,3,5,3,2,1,1,0,0,0,0,411875.901999999769032,5754307.280999999493361,7.718239221000033,51.932504277000078,1,05240130702100463774
05,5,62,004,2024,01,18,3,2,2,6,2,0,1,0,1,0,0,383356.485999999567866,5718393.529200000688434,7.315656768000053,51.604487088000042,0,05240130701800399194
05,5,62,004,2024,01,14,3,3,2,6,0,0,1,0,0,1,0,383184.895600000396371,5713594.598799999803305,7.314776813000037,51.561320157000068,0,05240130701800395086
05,5,62,032,2024,01,17,3,2,5,2,2,1,1,0,0,0,0,375900.018899999558926,5720927.315099999308586,7.207142475000069,51.625664790000030,0,05240130701110398068
05,5,15,000,2024,02,07,5,3,2,6,2,0,1,0,0,0,0,406605.634999999776483,5750428.385999999940395,7.642657909000036,51.896779153000068,0,05240201702100452756
05,5,70,024,2024,01,07,2,3,5,3,1,0,1,0,0,0,0,420867.382000000216067,5753558.550000000745058,7.849161930000037,51.927124868000078,0,05240129711100322163
05,5,70,024,2024,01,04,2,3,5,3,2,0,1,0,0,0,0,420867.382000000216067,5753558.550000000745058,7.849161930000037,51.927124868000078,0,05240129711100316349
05,5,66,028,2024,01,12,2,3,7,3,0,1,1,0,0,0,0,411259.697999999858439,5792457.622999999672174,7.699339831000032,52.275320647000058,0,05240129709700339412
05,5,54,008,2024,01,11,2,3,4,6,0,1,0,0,0,0,0,336274.254499999806285,5747858.406799999997020,6.622465967000039,51.857472523000069,0,05240129705000340166
05,5,62,004,2024,01,00,2,2,2,6,2,0,1,0,0,0,0,381697.085599999874830,5717995.106699999421835,7.291840659000059,51.600560076000079,0,05240129702340315337
05,5,58,004,2024,01,17,2,3,3,6,1,0,1,0,0,0,0,407235.585500000044703,5730079.880799999460578,7.657256781000058,51.713976215000059,0,05240129702330355311
05,5,15,000,2024,01,20,2,3,4,6,2,1,0,0,0,0,0,404988.218999999575317,5758200.426999999210238,7.617012387000045,51.966364310000074,0,05240129702100355454
05,5,15,000,2024,01,13,2,3,9,3,0,1,1,0,0,0,0,404824.522199999541044,5761752.742699999362230,7.613644824000062,51.998265775000050,0,05240129702100350976
05,5,15,000,2024,01,06,2,3,5,2,2,1,0,0,0,0,0,405021.885700000450015,5756499.045900000259280,7.617972688000066,51.951077364000071,0,05240129702100317265
05,5,62,014,2024,01,11,2,3,6,4,0,0,1,1,0,0,0,361407.023199999704957,5713898.842900000512600,7.000669944000038,51.559123566000039,0,05240129701300344975
05,5,62,014,2024,01,06,2,3,2,6,2,0,1,0,0,0,0,360299.431300000287592,5713705.273499999195337,6.984779422000031,51.557110911000052,0,05240129701300320233
05,5,13,000,2024,01,15,2,3,0,7,0,0,0,0,0,0,1,367183.032999999821186,5706965.975099999457598,7.086557384000059,51.498209923000047,0,05240129700000353028
05,5,58,044,2024,02,21,4,3,1,7,2,0,1,0,0,0,0,399416.141999999992549,5738328.873999999836087,7.541723840000031,51.786774082000079,0,05240207706300690704
05,5,70,008,2024,02,17,1,3,1,2,0,0,1,0,0,0,0,433022.839200000278652,5737701.930500000715256,8.028984135000030,51.786171090000039,1,05240204711300554287
05,5,62,004,2024,02,15,4,3,1,6,0,0,1,0,0,1,0,386505.647599999792874,5716395.456399999558926,7.361757033000060,51.587172118000069,0,05240207301911685741
05,5,66,092,2024,01,00,1,2,5,3,2,0,1,0,0,0,0,425170.084999999962747,5793713.917999999597669,7.902900195000029,52.288682785000049,0,05240128709700301280
05,5,58,008,2024,01,16,1,3,0,1,0,0,0,0,1,0,0,385442.593999999575317,5759414.955000000074506,7.332220942000049,51.973595435000050,0,05240128706000310238
05,5,66,012,2024,01,13,1,3,2,6,0,0,1,0,0,0,0,405185.595900000073016,5768031.841800000518560,7.617162745000030,52.054765976000056,0,05240128702350307468
05,5,62,004,2024,01,02,1,3,1,5,2,1,1,0,0,0,0,382465.587000000290573,5716985.400000000372529,7.303269957000055,51.591646104000063,2,05240128701800300673