ULAND,UREGBEZ,UKREIS,UGEMEINDE,UJAHR,UMONAT,USTUNDE,UWOCHENTAG,UKATEGORIE,UART,UTYP1,ULICHTVERH,IstRad,IstPKW,IstFuss,IstKrad,IstGkfz,IstSonstige,LINREFX,LINREFY,XGCSWGS84,YGCSWGS84,STRZUSTAND,UIDENTSTLAE
05,5,62,016,2024,01,13,1,3,5,2,0,0,1,0,1,0,0,374837.628700000233948,5731810.503100000321865,7.187902214000076,51.723236350000036,0,05240128701700306692
05,5,70,028,2024,01,16,7,3,0,1,0,0,0,0,1,0,0,441548.028199999593198,5749244.747300000861287,8.150613700000065,51.890899242000046,0,05240127711400292995
05,5,70,028,2024,01,08,7,2,9,1,0,0,1,0,0,0,0,446716.888000000268221,5737475.883999999612570,8.227529312000058,51.785610723000048,2,05240127711400286720
05,5,70,004,2024,01,11,7,3,2,2,0,0,1,0,0,0,0,423928.583599999547005,5734048.009199999272823,7.897963260000040,51.752160974000049,0,05240127711200288162
05,5,66,072,2024,01,15,7,3,0,3,0,0,1,0,1,0,0,412755.264999999664724,5802668.378000000491738,7.718605517000071,52.367336533000071,0,05240127709700293004
05,5,66,036,2024,01,07,7,3,9,1,2,0,1,0,0,0,0,388511.502000000327826,5767245.210000000894070,7.374331144000053,52.044592626000053,2,05240127709300285956
05,5,15,000,2024,01,22,7,3,5,2,2,0,1,0,0,0,0,409072.111999999731779,5752860.084000000730157,7.677852115000064,51.919044881000048,0,05240127702100299461
05,5,15,000,2024,01,13,7,3,1,1,0,0,1,0,0,0,1,398768.064799999818206,5754006.873299999162555,7.527738343000067,51.927574439000068,0,05240127702100292561
05,5,15,000,2024,01,02,7,3,6,4,2,1,0,1,0,0,0,406282.745799999684095,5756674.697399999946356,7.636265919000039,51.952870090000033,0,05240127702100283636
05,5,62,016,2024,01,20,7,2,5,3,2,0,1,0,0,0,0,369430.117999999783933,5732099.495300000533462,7.109549045000051,51.724600368000040,0,05240127701700296863
05,5,62,012,2024,01,12,7,3,5,2,0,1,1,0,0,0,0,359293.240299999713898,5725844.631999999284744,6.965401812000039,51.665943840000068,0,05240127701610289934
05,5,13,000,2024,01,18,7,3,5,3,2,0,1,0,0,0,0,365344.661999999545515,5715360.348999999463558,7.056878343000051,51.573211091000076,0,05240127700000295232
05,5,13,000,2024,01,17,7,3,5,2,1,0,1,0,0,0,0,369204.116999999620020,5716068.706000000238419,7.112274769000066,51.580485522000060,0,05240127700000294584
05,5,62,032,2024,02,07,5,2,9,7,0,0,1,0,0,0,0,377260.236700000241399,5721634.779999999329448,7.226535206000051,51.632321271000080,1,05240201701110457042
05,5,66,068,2024,02,01,1,3,2,6,2,0,1,0,0,0,0,373364.960599999874830,5788316.520099999383092,7.145740641000032,52.230687703000058,1,05240204702340545907
05,5,70,008,2024,01,05,6,3,7,7,2,0,0,0,1,0,0,436558.413099999539554,5735044.246799999848008,8.080720182000050,51.762690236000026,1,05240126711300253480
05,5,70,004,2024,01,07,6,3,5,2,0,1,1,0,0,0,0,424772.482200000435114,5735785.707299999892712,7.909810125000035,51.767896330000042,1,05240126711200250571
05,5,66,076,2024,01,14,6,3,1,6,0,0,1,0,0,0,0,393907.685999999754131,5793220.146999999880791,7.444866010000055,52.279099117000044,1,05240126709500270240
05,5,58,036,2024,01,12,6,3,8,1,0,0,0,0,0,1,0,390406.981499999761581,5727548.398600000888109,7.414555126000039,51.688187936000077,1,05240126706000267079
05,5,54,044,2024,01,07,6,3,5,2,0,0,1,0,0,0,0,366686.143400000408292,5738931.787799999117851,7.067224494000072,51.785351216000038,1,05240126705000251442
05,5,15,000,2024,01,19,6,3,4,6,2,1,0,0,0,0,0,405861.907899999991059,5760175.268799999728799,7.629184108000061,51.984263666000061,0,05240126702100280078
05,5,15,000,2024,01,12,6,3,6,4,0,1,0,1,0,0,0,405481.492600000463426,5756372.262599999085069,7.624693212000068,51.950016076000054,1,05240126702100262965
05,5,12,000,2024,01,13,6,3,2,6,0,0,1,0,0,0,0,356713.573300000280142,5708306.695699999108911,6.935284791000072,51.507700799000077,1,05240126701400273360
05,5,62,014,2024,01,05,6,3,5,2,2,0,1,0,0,0,0,360159.493999999947846,5713391.791600000113249,6.982886789000077,51.554259270000045,1,05240126701300248893
05,5,62,014,2024,01,07,6,3,5,3,2,1,1,0,0,0,0,360554.148299999535084,5714634.814099999144673,6.988082638000037,51.565526866000027,1,05240126701300248471
05,5,62,032,2024,01,21,6,3,0,7,2,0,0,0,0,0,1,376205.700100000016391,5715647.010800000280142,7.213420121000070,51.578277020000030,0,05240126701120280853
05,5,54,004,2024,02,19,7,3,9,1,2,0,1,0,0,0,0,357243.762000000104308,5771861.630000000819564,6.916761155000074,52.078901654000049,1,05240203705000550649
05,5,66,040,2024,02,00,1,3,8,7,2,0,1,0,0,0,0,417432.943900000303984,5782804.630899999290705,7.792155526000045,52.189515599000060,1,05240204702350545133
05,5,62,012,2024,01,22,1,1,8,1,2,0,1,0,0,0,0,357584.520800000056624,5729274.981899999082088,6.939311800000041,51.696337242000027,0,05240128701610314546
05,5,62,004,2024,02,06,3,3,1,6,2,0,1,0,0,1,0,383809.082200000062585,5718223.920499999076128,7.322245474000056,51.603056262000052,1,05240206301911614275
05,5,66,016,2024,02,09,5,3,5,3,0,0,1,0,0,0,1,403712.844700000248849,5792184.883899999782443,7.588838967000072,52.271599380000055,0,05240208709500843413
05,5,66,048,2024,01,18,3,3,2,7,2,0,1,0,0,0,0,425138.339599999599159,5791347.586400000378489,7.902960253000060,52.267407786000035,1,05240130702350530187
05,5,70,028,2024,01,17,5,2,5,3,2,1,1,0,0,0,0,441153.200199999846518,5742177.990800000727177,8.146080640000037,51.827326324000069,0,05240125711400239571
05,5,70,004,2024,01,07,5,3,5,2,0,1,1,0,0,0,0,423928.693199999630451,5734222.289799999445677,7.897926711000025,51.753727715000082,0,05240125711200209410
05,5,70,044,2024,01,20,5,3,2,2,2,0,1,0,0,0,0,419152.171000000089407,5758520.946100000292063,7.823055683000064,51.971486067000058,1,05240125711100240742
05,5,66,092,2024,01,15,5,2,5,3,0,0,1,0,0,0,0,420912.525700000114739,5792628.300200000405312,7.840747278000038,52.278328230000056,0,05240125709700232802
05,5,58,012,2024,02,12,7,3,6,6,0,1,0,1,0,0,0,375792.265999999828637,5754677.999700000509620,7.193511565000051,51.928953614000079,0,05240210706000775138
05,5,58,012,2024,01,13,5,3,0,6,0,1,0,0,0,0,0,373571.889399999752641,5756428.077500000596046,7.160592801000064,51.944180688000074,0,05240125706000224301
05,5,54,036,2024,01,07,5,3,3,1,2,0,1,0,0,0,0,367163.563000000081956,5768734.725999999791384,7.062644330000069,52.053273029000081,0,05240125702340205660
05,5,15,000,2024,01,17,5,3,5,2,2,0,1,0,0,0,1,409847.487999999895692,5751858.771999999880791,7.689385473000073,51.910170432000029,1,05240125702100264444
05,5,12,000,2024,01,19,5,3,2,6,2,0,1,0,0,0,0,355161.249699999578297,5709608.260099999606609,6.912397395000028,51.519000580000068,1,05240125701400238286
05,5,62,014,2024,01,17,5,2,5,2,1,0,1,0,1,0,0,360638.729600000195205,5716461.713500000536442,6.988577428000042,51.581964421000066,0,05240125701300235776
05,5,62,020,2024,01,17,5,3,5,3,2,0,1,0,0,0,0,368162.459900000132620,5718223.263800000771880,7.096440490000020,51.599605034000035,1,05240125701200238034
05,5,13,000,2024,01,14,2,3,5,7,0,0,1,0,0,0,1,366736.668300000019372,5710834.594399999827147,7.078668025000070,51.532870789000071,0,05240129700000347695
05,5,70,016,2024,01,06,5,3,6,2,2,0,1,1,0,0,0,412695.542000000365078,5738889.071000000461936,7.734054544000060,51.794039706000035,0,05240125711200202551
05,5,70,016,2024,01,06,2,3,2,6,2,0,1,0,0,0,0,413311.920199999585748,5739007.257899999618530,7.742960374000063,51.795197974000075,0,05240129711200320085
05,5,70,004,2024,01,12,4,3,1,6,0,0,1,0,0,0,0,422792.882399999536574,5732875.346599999815226,7.881774203000020,51.741463778000082,0,05240124711200177825
05,5,66,032,2024,01,13,4,3,5,2,0,0,1,0,0,0,1,413309.320000000298023,5778030.475700000301003,7.733067666000068,52.145970283000054,0,05240124709800181897
05,5,66,048,2024,01,11,4,3,2,6,0,0,1,0,0,0,0,427879.618099999614060,5795305.141799999400973,7.942277130000036,52.303348559000028,0,05240124709700198762
05,5,66,008,2024,01,18,4,3,2,1,2,0,1,0,0,0,0,399815.114299999549985,5782071.724700000137091,7.534730345000071,52.180009339000037,0,05240124709110191486
05,5,58,044,2024,01,07,4,3,5,3,2,0,1,0,0,0,0,395984.071499999612570,5752366.053400000557303,7.487760213000058,51.912313595000057,1,05240124706300161076
05,5,54,036,2024,01,06,4,3,7,7,2,1,0,0,0,0,0,369508.813199999742210,5766172.014399999752641,7.097806247000051,52.030801859000064,1,05240124705000156675
05,5,62,014,2024,01,13,4,3,6,2,0,0,1,1,0,0,0,360406.610000000335276,5715253.405600000172853,6.985709651000036,51.571049066000057,0,05240124701300181496
05,5,13,000,2024,01,07,4,3,4,2,2,0,1,0,0,0,1,363227.905000000260770,5719734.596999999135733,7.024647310000034,51.612009594000028,1,05240124700000162278
05,5,15,000,2024,01,09,4,3,2,7,0,0,1,0,0,0,0,402294.990600000135601,5754693.368400000035763,7.578819721000059,51.934375091000049,1,05240124702100204960
05,5,54,004,2024,02,11,6,3,5,3,0,1,1,0,0,0,0,363057.609000000171363,5772368.516699999570847,7.001341961000037,52.084924675000082,0,05240209705000771395
05,5,70,004,2024,01,17,3,3,5,3,2,0,1,0,0,0,0,426096.420099999755621,5735847.901200000196695,7.928979623000032,51.768631781000067,1,05240123711200323620
05,5,70,004,2024,01,01,3,3,8,1,2,0,1,0,0,0,0,428858.290500000119209,5735594.672199999913573,7.969049752000046,51.766713091000042,1,05240123711200109716
05,5,66,040,2024,01,08,3,3,5,7,0,1,1,0,0,0,0,423478.231100000441074,5781137.285599999129772,7.880947209000055,52.175399919000029,0,05240123709800117668
05,5,66,092,2024,01,15,3,3,5,3,0,0,1,0,0,0,0,419911.495000000111759,5794631.128000000491738,7.825601651000056,52.296185972000046,0,05240123709700145486
05,5,66,076,2024,01,07,3,2,6,7,2,0,0,1,0,0,1,398517.005199999548495,5788232.843800000846386,7.513904822000029,52.235145846000080,0,05240123709500160427
05,5,66,076,2024,01,15,3,2,8,1,0,0,0,0,1,0,0,391129.162600000388920,5791483.285099999979138,7.404715021000072,52.262946578000026,0,05240123709500146002
05,5,62,014,2024,02,15,5,3,5,3,0,0,1,0,0,0,0,360410.357099999673665,5717458.184800000861287,6.984887246000028,51.590862226000070,0,05240201701300484301
05,5,66,040,2024,01,21,3,3,6,2,2,0,1,1,0,0,0,422225.065000000409782,5782357.281999999657273,7.862344996000047,52.186191124000061,1,05240123709110153328
05,5,58,036,2024,01,07,3,3,5,3,2,1,1,0,0,0,0,388149.242300000041723,5728704.489900000393391,7.381536423000057,51.698133457000040,1,05240123706300125575
05,5,58,044,2024,01,06,3,3,5,2,2,0,1,0,0,0,1,396224.094299999997020,5746371.712099999189377,7.493051622000053,51.858481121000068,1,05240123706000120296
05,5,62,016,2024,01,17,3,3,0,7,2,0,1,0,0,0,0,375850.979100000113249,5731750.903799999505281,7.202586907000068,51.722926001000076,1,05240123702340148856
05,5,15,000,2024,01,22,3,3,5,3,2,0,1,0,0,0,1,403933.150999999605119,5758084.023600000888109,7.601692342000035,51.965136704000031,1,05240123702100154224
05,5,15,000,2024,01,00,3,3,0,1,2,1,0,0,0,0,0,405837.544700000435114,5755803.670800000429153,7.630028157000027,51.944965699000079,1,05240123702100154034
05,5,15,000,2024,01,18,3,3,5,7,2,0,1,0,0,0,0,402139.552000000141561,5758936.679999999701977,7.575351088000048,51.972487727000043,1,05240123702100150433
05,5,15,000,2024,01,18,3,3,6,3,2,0,1,1,0,0,0,409072.111999999731779,5752860.084000000730157,7.677852115000064,51.919044881000048,1,05240123702100150091
05,5,15,000,2024,01,18,3,3,0,6,2,0,1,0,0,0,0,405158.728000000119209,5756934.426000000908971,7.619843095000022,51.955014095000081,0,05240123702100149234
05,5,15,000,2024,01,16,3,3,0,7,0,0,0,0,1,0,1,410656.184999999590218,5760571.370999999344349,7.698874032000049,51.988615847000062,1,05240123702100147785
05,5,15,000,2024,01,16,3,3,0,7,0,1,0,0,0,0,1,410661.331000000238419,5760503.327999999746680,7.698966679000023,51.988005060000035,1,05240123702100147579
05,5,15,000,2024,01,08,3,3,5,3,0,1,1,0,0,0,0,406596.982800000347197,5761190.339800000190735,7.639608333000069,51.993511649000027,0,05240123702100120242
05,5,62,036,2024,01,13,3,3,0,1,0,1,0,0,0,0,0,386343.454499999992549,5717832.809499999508262,7.358951290000050,51.600058202000071,1,05240123701930139508
05,5,62,014,2024,01,13,3,3,2,6,0,0,1,0,0,0,0,360533.465599999763072,5715124.118599999696016,6.987590240000031,51.569918677000032,0,05240123701300137175
05,5,62,020,2024,01,12,3,2,5,3,0,0,1,0,0,0,0,370088.828999999910593,5719087.357999999076128,7.123918434000075,51.607818040000041,0,05240123701200132933
05,5,13,000,2024,01,17,3,2,6,4,2,0,1,1,0,0,0,367554.721099999733269,5708123.611700000241399,7.091474264000055,51.508700500000032,1,05240123700000147847
05,5,13,000,2024,01,10,3,3,2,6,0,0,1,0,0,0,0,368610.191399999894202,5707522.336899999529123,7.106898550000039,51.503543365000041,0,05240123700000129053
05,5,13,000,2024,01,07,3,3,2,6,0,0,1,0,0,0,0,368484.883799999952316,5707807.898299999535084,7.104987662000042,51.506080503000078,0,05240123700000116945
05,5,70,008,2024,01,11,3,3,3,6,0,0,1,0,0,1,0,430858.594999999739230,5734225.983799999579787,7.998304662000066,51.754659267000079,0,05240123301911133928
05,5,58,044,2024,02,17,5,3,5,7,2,0,1,0,0,0,1,395520.759499999694526,5746264.248099999502301,7.482874718000062,51.857383993000042,1,05240208706300724702
05,5,70,036,2024,01,11,2,3,4,2,0,1,1,0,0,0,0,433881.612200000323355,5760188.748099999502301,8.037122112000077,51.988426730000072,1,05240122711100208808
05,5,66,064,2024,01,19,2,3,7,7,2,0,1,0,0,0,0,397822.417399999685585,5771358.203900000080466,7.508815334000076,52.083353916000078,0,05240122709110105254
05,5,58,008,2024,01,09,2,2,9,1,0,0,1,0,0,0,0,382653.826000000350177,5760264.153999999165535,7.291349679000064,51.980645346000074,1,05240122706000082456
05,5,15,000,2024,01,15,2,3,5,6,0,0,1,0,0,0,0,403770.628999999724329,5754711.130000000819564,7.600271859000031,51.934791853000036,1,05240122702100101128
05,5,15,000,2024,01,08,2,3,6,2,1,0,1,1,0,0,0,407005.525000000372529,5758089.139000000432134,7.646397397000044,51.965705140000068,1,05240122702100073549
05,5,15,000,2024,01,07,2,2,5,3,0,1,0,0,0,0,0,410656.184999999590218,5760571.370999999344349,7.698874032000049,51.988615847000062,0,05240122702100073074
05,5,66,088,2024,01,15,5,3,5,3,0,0,1,0,0,0,0,412014.764200000092387,5781719.062400000169873,7.713197595000054,52.178920221000055,0,05240125709800233685
05,5,15,000,2024,01,13,2,3,0,3,0,1,1,0,0,0,0,405520.558000000193715,5755518.682000000029802,7.625496054000052,51.942350346000069,1,05240122702000092872
05,5,62,028,2024,01,08,2,3,5,3,0,1,1,0,0,0,0,379649.861100000329316,5722415.981399999931455,7.260776942000064,51.639858505000063,1,05240122701920075507
05,5,62,014,2024,01,07,2,3,6,7,2,0,1,1,0,0,0,360980.469999999739230,5715187.002000000327826,6.994011076000049,51.570594143000051,1,05240122701300070333
05,5,13,000,2024,01,17,2,3,3,6,2,0,1,0,0,1,0,366267.103799999691546,5711276.421000000089407,7.071734349000053,51.536730268000042,1,05240122700000103838
05,5,13,000,2024,01,10,3,3,2,6,0,0,1,0,0,0,0,368554.406200000084937,5707623.931099999696016,7.106057392000025,51.504443401000060,0,05240123700000128841
05,5,62,014,2024,01,08,3,3,2,6,0,0,1,0,0,0,0,360680.083999999798834,5715157.808000000193715,6.989691086000050,51.570257659000049,0,05240130701300371701
05,5,62,012,2024,02,06,4,2,2,6,2,0,1,0,0,1,0,364483.799200000241399,5723783.380400000140071,7.041207324000027,51.648696763000032,1,05240207702340656312
05,5,66,076,2024,02,07,3,3,4,2,2,0,1,0,0,0,0,396971.231100000441074,5795793.097599999979138,7.488968450000073,52.302805944000056,1,05240206709500613350
05,5,58,040,2024,01,12,1,3,8,1,0,0,1,0,0,0,0,381772.426099999807775,5764059.299699999392033,7.277213009000036,52.014565082000047,0,05240121706200057855
05,5,54,004,2024,01,21,1,3,1,1,2,0,1,0,0,0,0,362780.894000000320375,5771674.888000000268221,6.997585044000061,52.078623665000066,1,05240121705000064231
05,5,15,000,2024,01,12,1,3,0,2,0,1,1,0,0,0,1,407152.430999999865890,5760549.553999999538064,7.647869370000024,51.987845110000080,0,05240121702100056687
05,5,62,016,2024,01,18,1,3,5,2,2,0,1,0,0,0,0,376422.942400000058115,5738079.244599999859929,7.208614149000027,51.779924804000075,0,05240121701700062649
05,5,62,024,2024,01,20,1,3,5,3,2,0,1,0,0,0,1,371204.959900000132620,5725587.164599999785423,7.137635783000064,51.666486701000053,0,05240121701500062168
05,5,66,072,2024,03,13,6,3,5,3,0,1,1,0,0,0,0,409865.645499999634922,5803262.004899999126792,7.676017205000051,52.372204348000082,0,05240308709700754342
05,5,66,084,2024,03,13,6,3,2,6,0,0,1,1,0,0,0,386277.657999999821186,5779019.844499999657273,7.337843582000062,52.149957881000034,0,05240308709300750773
05,5,66,080,2024,03,13,6,3,2,6,0,0,1,0,0,0,0,408103.466599999926984,5779615.777799999341369,7.656580329000064,52.159377756000026,0,05240308709110753548
05,5,54,008,2024,03,16,6,3,5,3,0,0,1,0,0,0,0,335414.794999999925494,5743164.459000000730157,6.612229711000055,51.815052185000070,0,05240308705000757674
05,5,54,028,2024,03,05,6,3,5,3,2,0,1,0,0,0,0,360681.416100000031292,5747147.883999999612570,6.976920185000040,51.857715172000042,0,05240308705000728034
05,5,15,000,2024,03,15,6,3,0,6,0,1,0,0,0,0,0,405870.596800000406802,5753140.728299999609590,7.631237478000060,51.921035455000037,0,05240308702100757372
05,5,15,000,2024,03,13,6,3,5,3,0,0,1,0,0,0,1,408418.842000000178814,5751425.762000000104308,7.668737286000066,51.906045183000060,0,05240308702100751500
05,5,15,000,2024,03,08,6,3,2,6,0,0,1,0,0,0,1,405903.234600000083447,5756826.109899999573827,7.630703670000059,51.954166974000032,0,05240308702100733655
05,5,62,012,2024,03,14,6,3,5,3,0,1,0,0,0,1,0,361938.813699999824166,5737057.760800000280142,6.999187702000029,51.767360341000028,0,05240308701610757455
05,5,62,024,2024,03,13,6,3,5,3,0,0,1,0,0,0,1,372188.832200000062585,5725505.137800000607967,7.151884483000060,51.665974201000040,0,05240308701500751947
05,5,12,000,2024,03,11,6,3,5,3,0,0,1,0,0,0,0,360596.248200000263751,5709571.744400000199676,6.990695207000044,51.520039911000026,0,05240308701400752399
05,5,62,014,2024,03,21,6,3,0,7,2,0,1,0,0,0,0,362308.854899999685585,5716169.580299999564886,7.012781448000055,51.579749753000044,0,05240308701300764617
05,5,62,014,2024,03,12,6,3,6,2,0,0,1,1,0,0,0,361550.727199999615550,5713177.713199999183416,7.003025559000037,51.552678659000037,0,05240308701300752291
05,5,62,032,2024,03,12,6,3,5,3,0,1,1,0,0,0,0,376111.526600000448525,5718973.859400000423193,7.210887139000022,51.608155381000074,0,05240308701110749135
05,5,13,000,2024,03,15,6,3,2,6,0,0,1,0,0,0,0,370644.786000000312924,5709614.255999999120831,7.135429125000030,51.522812664000071,0,05240308700000760253
05,5,13,000,2024,03,15,6,2,4,6,0,0,1,0,1,0,0,365737.873999999836087,5707683.892999999225140,7.065476995000040,51.504320166000070,0,05240308700000756149
05,5,70,052,2024,03,15,6,1,5,3,0,0,1,0,1,0,0,428148.235899999737740,5756162.621600000187755,7.954484445000048,51.951521753000065,0,05240308711100756598
05,5,70,044,2024,03,12,5,2,5,2,0,1,0,0,0,1,0,416616.666000000201166,5759608.503000000491738,7.785889568000073,51.980887468000049,0,05240307711100703816
05,5,66,032,2024,03,15,5,3,8,1,0,0,0,0,0,1,0,416862.439500000327826,5776684.362099999561906,7.785310719000051,52.134416714000054,0,05240307709800718065
05,5,58,044,2024,03,07,5,3,5,3,0,1,1,0,0,0,0,396818.542500000447035,5745609.094100000336766,7.501908201000049,51.851736862000052,0,05240307706300688694
05,5,58,044,2024,03,07,5,3,8,7,0,0,1,0,0,0,0,399301.720300000160933,5747613.298100000247359,7.537364457000024,51.870204642000033,1,05240307706300687891
05,5,58,004,2024,03,17,5,3,5,3,0,0,1,0,0,0,0,407830.469999999739230,5732755.752000000327826,7.665156735000039,51.738127524000049,0,05240307706000720150
05,5,54,012,2024,03,12,5,3,5,3,0,1,1,0,0,0,0,352953.168999999761581,5747597.457000000402331,6.864587010000037,51.859771896000041,0,05240307705000706590
05,5,15,000,2024,03,09,5,3,3,2,0,1,1,0,0,0,0,411509.621000000275671,5754933.531500000506639,7.712752028000068,51.938075392000030,0,05240307702100694460
05,5,62,036,2024,03,16,5,3,2,6,0,0,1,0,0,0,0,388619.549800000153482,5720324.787599999457598,7.391009117000067,51.622910845000035,0,05240307701930857854
05,5,62,036,2024,03,16,5,3,1,6,0,0,1,0,0,0,1,388760.334099999628961,5719992.231699999421835,7.393147612000064,51.619949678000069,0,05240307701930719759
05,5,62,004,2024,03,09,5,3,0,7,0,1,0,0,0,0,0,382807.911399999633431,5713804.394799999892712,7.309270883000067,51.563127536000081,0,05240307701800694913
05,5,13,000,2024,03,10,5,3,2,6,0,0,1,0,0,0,0,367424.674499999731779,5708574.359200000762939,7.089431933000071,51.512720740000077,0,05240307700000698998
05,5,70,040,2024,03,15,4,3,5,2,0,1,1,0,0,0,0,412899.742700000293553,5747191.794900000095367,7.734925067000063,51.868704956000045,0,05240306711200674999
05,5,70,004,2024,03,07,4,3,5,3,0,0,1,0,0,0,0,422331.863900000229478,5735308.966299999505281,7.874554756000066,51.763277345000063,0,05240306711200646193
05,5,66,008,2024,03,15,4,3,5,2,0,0,1,0,0,0,0,398591.564000000245869,5783996.567999999970198,7.516265703000045,52.197085601000026,0,05240306709110672668
05,5,58,028,2024,03,06,4,3,0,1,2,0,1,0,0,0,0,400172.636400000192225,5728532.751599999144673,7.555499095000073,51.698857249000071,1,05240306706300650135
05,5,54,004,2024,03,09,4,3,5,3,0,0,1,0,0,0,0,356017.031100000254810,5772298.815799999982119,6.898687938000023,52.082512039000051,0,05240306705000655330
05,5,62,004,2024,03,08,4,3,8,1,0,0,1,0,0,0,0,379273.733099999837577,5715578.507699999958277,7.257698722000043,51.578326830000037,0,05240306701800650997
05,5,62,016,2024,03,17,4,2,2,2,0,0,1,0,0,0,0,369951.497000000439584,5732274.814999999478459,7.117027932000042,51.726297045000081,0,05240306701700677115
05,5,12,000,2024,03,07,4,3,5,3,0,0,1,0,0,0,1,357041.397400000132620,5719330.695699999108911,6.935523504000059,51.606843396000045,0,05240306701400644931
05,5,62,032,2024,03,19,4,3,2,7,1,0,1,0,0,0,0,375578.434000000357628,5720976.124399999156594,7.202481696000063,51.626032430000066,0,05240306701110678492
05,5,13,000,2024,03,16,4,3,6,4,0,0,1,1,0,0,0,364651.486800000071526,5715263.509099999442697,7.046919140000057,51.572174863000043,0,05240306700000676698
05,5,66,012,2024,03,00,6,3,0,1,2,1,0,0,0,0,0,405151.307500000111759,5771067.610700000077486,7.615819250000072,52.082046295000055,0,05240308709110725245
05,5,70,044,2024,03,14,3,3,4,6,0,0,1,0,0,1,1,416891.659400000236928,5755190.419800000265241,7.790961703000050,51.941214465000030,0,05240305711100631706
05,5,66,040,2024,03,15,3,3,0,7,0,0,0,0,1,0,0,421438.910000000149012,5774514.349999999627471,7.852661847000036,52.115580211000065,1,05240305709800631143
05,5,66,056,2024,03,20,3,3,0,1,2,1,0,0,0,0,0,416469.544200000353158,5797340.904999999329448,7.774469492000037,52.320030036000048,0,05240305709700638593
05,5,66,028,2024,03,22,3,3,3,6,2,0,1,0,0,0,0,412920.561499999836087,5793613.558499999344349,7.723377795000033,52.285976118000065,0,05240305709700638579
05,5,66,056,2024,03,16,3,3,2,6,0,0,1,0,0,0,0,417024.071000000461936,5796371.879000000655651,7.782842318000064,52.311404111000058,1,05240305709700633138
05,5,66,028,2024,03,07,3,3,0,3,0,1,1,0,0,0,0,412307.282899999991059,5791060.688300000503659,7.715053118000071,52.262932703000047,0,05240305709700600637
05,5,58,016,2024,03,13,3,3,5,3,0,0,1,0,0,0,0,380220.943199999630451,5753666.999199999496341,7.258241699000052,51.920838425000056,0,05240305706000627075
05,5,54,068,2024,03,20,3,2,0,2,2,0,1,0,0,0,0,351679.601200000382960,5769120.344299999997020,6.836815805000072,52.052810260000058,1,05240305705000638089
05,5,15,000,2024,03,07,3,3,0,6,0,1,0,0,0,1,0,405021.112700000405312,5758076.364199999719858,7.617525351000040,51.965254806000075,0,05240305702100599952
05,5,70,008,2024,03,17,2,3,5,3,0,0,1,0,0,0,0,432207.464999999850988,5739070.889000000432134,8.016897367000070,51.798379753000063,0,05240304711300587439
05,5,70,048,2024,03,05,2,3,9,1,2,0,1,0,0,0,0,446228.847400000318885,5736400.305900000035763,8.220621295000058,51.775894084000072,0,05240304711300552413
05,5,58,016,2024,03,15,2,3,1,1,0,0,1,0,1,0,0,376261.354899999685585,5745923.000299999490380,7.203471226000033,51.850379564000036,1,05240304706100585353
05,5,54,024,2024,03,08,2,2,5,3,0,1,1,0,0,0,0,370496.525000000372529,5775965.126000000163913,7.108479070000044,52.119033767000076,1,05240304705000554496
05,5,15,000,2024,03,13,2,3,3,3,0,0,1,0,0,0,0,398767.887699999846518,5754006.078199999406934,7.527736002000040,51.927567261000036,0,05240304702100588524
05,5,62,012,2024,03,13,2,3,0,7,0,0,0,0,0,0,1,359375.523299999535084,5725055.638599999248981,6.966908258000046,51.658874692000040,0,05240304701610522655
05,5,62,014,2024,03,08,2,3,5,3,0,1,1,0,0,0,0,360446.509399999864399,5715114.888199999928474,6.986340019000068,51.569814217000044,0,05240304701300552564
05,5,62,014,2024,03,07,2,3,5,3,1,1,1,0,0,0,0,360416.732200000435114,5717472.328800000250340,6.984973590000038,51.590990904000080,0,05240304701300552160
05,5,62,032,2024,03,19,2,3,2,6,2,0,1,0,0,0,0,373120.444199999794364,5718675.035900000482798,7.167823602000055,51.604803813000046,0,05240304701110588108
05,5,13,000,2024,03,12,2,3,2,6,0,0,1,0,0,0,0,366891.641200000420213,5714867.892699999734759,7.079374759000075,51.569152972000040,0,05240304700000574412
05,5,66,048,2024,03,18,5,3,8,2,2,0,0,0,1,0,0,427217.072900000028312,5799527.985300000756979,7.931648095000071,52.341219879000050,0,05240307709700720776
05,5,70,008,2024,03,13,1,3,9,1,0,0,0,0,1,0,0,436990.022300000302494,5730491.619100000709295,8.087798088000056,51.721809880000080,0,05240303711300537552
05,5,66,028,2024,03,17,1,3,5,2,0,1,1,0,0,0,0,414725.187800000421703,5792107.515000000596046,7.750208418000057,52.272722204000047,0,05240303709700540855
05,5,66,012,2024,03,16,1,2,7,7,0,0,0,0,1,0,1,400284.271900000050664,5777209.162900000810623,7.543017646000067,52.136390593000044,0,05240303709110539809
05,5,66,004,2024,03,12,1,2,0,3,0,1,1,0,0,0,0,396301.181599999777973,5767346.616299999877810,7.487841144000072,52.047016003000067,0,05240303709110536585