ULAND,UREGBEZ,UKREIS,UGEMEINDE,UJAHR,UMONAT,USTUNDE,UWOCHENTAG,UKATEGORIE,UART,UTYP1,ULICHTVERH,IstRad,IstPKW,IstFuss,IstKrad,IstGkfz,IstSonstige,LINREFX,LINREFY,XGCSWGS84,YGCSWGS84,STRZUSTAND,UIDENTSTLAE
05,5,58,036,2024,03,13,1,3,8,1,0,0,0,0,1,0,0,390626.600200000219047,5730839.707100000232458,7.416698505000056,51.717812981000066,0,05240303706300537410
05,5,58,020,2024,03,15,1,3,5,2,0,1,1,0,0,0,0,393931.501000000163913,5758571.549000000581145,7.456016473000034,51.967700164000064,0,05240303706000615656
05,5,54,036,2024,03,13,1,2,9,1,0,0,1,0,0,0,0,374529.776200000196695,5769204.231300000101328,7.169843533000062,52.059208869000031,0,05240303705000537431
05,5,15,000,2024,03,19,1,3,0,7,2,1,0,0,0,0,0,409128.165300000458956,5759618.364600000903010,7.676880112000049,51.979801782000038,0,05240303702100542143
05,5,62,036,2024,03,14,1,3,0,3,0,1,1,0,0,0,0,388796.383000000379980,5719185.439999999478459,7.393924149000043,51.612705349000066,0,05240303701930539346
05,5,62,004,2024,03,18,1,2,8,6,2,0,1,0,1,0,0,383223.244900000281632,5712269.943199999630451,7.315769687000056,51.549422421000031,0,05240303701800542290
05,5,62,012,2024,03,18,1,3,2,6,1,0,1,0,0,0,0,363303.918600000441074,5727811.705199999734759,7.022587928000064,51.684610146000068,0,05240303701610541351
05,5,13,000,2024,03,17,1,3,2,6,0,0,1,0,1,0,0,363113.906600000336766,5711612.214099999517202,7.026167202000067,51.538992023000048,0,05240303700000541418
05,5,54,068,2024,03,19,4,2,6,6,2,0,1,1,0,0,0,354442.531600000336766,5771046.677300000563264,6.876260576000050,52.070850287000042,0,05240306705000679977
05,5,70,028,2024,03,23,1,3,9,1,2,0,1,0,0,0,0,440126.123999999836087,5739903.989199999719858,8.131571800000074,51.806773443000054,0,05240303301911545754
05,5,70,044,2024,03,14,7,3,2,6,0,0,1,0,0,0,0,417876.804299999959767,5760936.995600000023842,7.803915448000055,51.993017008000038,0,05240302711100521676
05,5,58,044,2024,03,15,7,2,4,1,0,0,1,0,0,0,0,397217.541699999943376,5746386.703199999406934,7.507467879000046,51.858799727000076,0,05240302706300523467
05,5,54,020,2024,03,22,7,3,8,1,2,0,1,0,0,0,0,368597.512000000104308,5784358.833000000566244,7.077511218000041,52.194008717000031,0,05240302705000528284
05,5,54,036,2024,03,14,7,3,0,1,0,1,0,0,0,0,0,370364.278099999763072,5765284.815999999642372,7.110605271000054,52.023030082000048,0,05240302705000521490
05,5,54,012,2024,03,10,7,3,3,2,0,1,1,0,0,0,0,352237.983900000341237,5746366.857699999585748,6.854735007000045,51.848526211000035,0,05240302705000516206
05,5,62,024,2024,03,18,7,3,9,1,0,0,0,0,1,0,0,372008.279799999669194,5729940.409399999305606,7.147648728000036,51.705791747000035,0,05240302702340524915
05,5,62,024,2024,03,14,7,2,9,1,0,0,0,0,1,0,0,371934.986399999819696,5729900.807399999350309,7.146603140000025,51.705419132000031,0,05240302702340521850
05,5,15,000,2024,03,21,7,3,0,1,2,0,0,0,0,0,1,404756.707700000144541,5755238.331800000742078,7.614464569000063,51.939700202000040,0,05240302702100527668
05,5,15,000,2024,03,11,7,3,2,6,0,0,1,0,0,0,0,401843.030399999581277,5755365.231599999591708,7.572056141000076,51.940334441000061,0,05240302702100517271
05,5,13,000,2024,03,17,7,3,0,1,0,0,0,0,1,0,0,366879.761400000192225,5713021.911499999463558,7.079902448000041,51.552561113000081,0,05240302700000524104
05,5,13,000,2024,03,16,7,2,5,3,0,0,1,0,1,0,0,367537.371399999596179,5713577.958499999716878,7.089172538000071,51.557712886000047,0,05240302700000523599
05,5,13,000,2024,03,09,7,3,2,6,0,0,1,0,0,0,0,366587.394600000232458,5712689.902300000190735,7.075813892000042,51.549508428000081,0,05240302700000515806
05,5,62,004,2024,03,05,5,3,2,6,0,0,1,0,0,0,0,382909.809000000357628,5716135.986999999731779,7.309963107000044,51.584104355000079,0,05240307701800705762
05,5,66,040,2024,03,10,6,3,8,2,0,0,1,0,0,0,0,420636.576000000350177,5781287.831000000238419,7.839364749000026,52.176351710000063,0,05240301709800487563
05,5,66,028,2024,03,14,6,3,4,6,0,0,1,0,0,0,1,409350.942200000397861,5796236.449899999424815,7.670354656000029,52.308973669000068,0,05240301709700516514
05,5,66,056,2024,03,14,6,3,5,2,0,0,1,0,1,0,0,417625.791699999943376,5801494.798299999907613,7.790410995000059,52.357541783000045,0,05240301709700502913
05,5,66,028,2024,03,14,6,3,2,1,0,0,1,0,0,0,0,411991.866999999620020,5792289.083799999207258,7.710112200000026,52.273923470000057,0,05240301709700502701
05,5,54,020,2024,03,22,6,3,0,1,2,1,0,0,0,0,0,368168.679999999701977,5785413.915999999269843,7.070830443000034,52.203386864000038,0,05240301705000510742
05,5,54,016,2024,03,17,6,2,4,2,0,1,1,0,0,0,0,362106.736999999731779,5757875.555999999865890,6.993311150000068,51.954463681000050,0,05240301705000505074
05,5,54,004,2024,03,14,6,3,5,2,0,0,1,0,0,1,0,367056.193500000052154,5771089.344399999827147,7.060162593000030,52.074405190000050,0,05240301705000499629
05,5,54,020,2024,03,13,6,3,5,3,0,0,1,0,0,0,0,368168.430700000375509,5785410.487800000235438,7.070828132000031,52.203356000000042,0,05240301705000497180
05,5,66,012,2024,03,15,6,3,2,6,0,0,1,0,0,0,0,407086.184600000269711,5771239.548200000077486,7.644000519000031,52.083919855000033,0,05240301702350503834
05,5,13,000,2024,03,19,6,3,3,6,2,0,1,0,0,0,0,367417.911000000312924,5714746.843299999833107,7.087009432000059,51.568189139000026,0,05240301702340507797
05,5,15,000,2024,03,17,6,3,0,1,0,1,0,0,0,0,0,403985.638000000268221,5761399.245999999344349,7.601528319000067,51.994944020000048,0,05240301702100504002
05,5,15,000,2024,03,08,6,3,3,6,0,1,0,0,0,0,0,407011.621299999766052,5755602.645500000566244,7.647159018000025,51.943356267000070,0,05240301702100487350
05,5,62,036,2024,03,13,6,3,3,6,0,1,1,0,0,0,0,389286.753800000064075,5720236.528000000864267,7.400671319000026,51.622249223000040,0,05240301701930501002
05,5,62,008,2024,03,10,6,3,5,2,0,0,1,0,1,0,0,385078.959400000050664,5723276.508700000122190,7.338915769000039,51.648728260000041,0,05240301701910483478
05,5,62,004,2024,03,08,6,3,2,6,0,0,1,0,0,0,0,382364.038300000131130,5712370.976099999621511,7.303349689000072,51.550151995000078,0,05240301701800746436
05,5,12,000,2024,03,17,6,3,5,3,1,0,1,0,0,0,0,355635.085300000384450,5719617.277400000020862,6.915111245000048,51.609059728000034,0,05240301701400505830
05,5,12,000,2024,03,16,6,2,6,2,0,0,1,1,0,0,0,355025.458300000056624,5709478.307800000533462,6.910495051000055,51.517798031000041,0,05240301701400504134
05,5,12,000,2024,03,05,6,3,3,6,2,1,1,0,0,0,0,355618.864000000059605,5708982.120999999344349,6.919244917000071,51.513491390000070,0,05240301701400483720
05,5,12,000,2024,03,09,6,2,5,2,0,0,1,0,0,0,0,356770.372100000269711,5712210.984200000762939,6.934515304000058,51.542798531000074,0,05240301701400482563
05,5,62,014,2024,03,16,6,3,2,6,0,0,1,0,0,0,0,360572.742499999701977,5716207.114000000059605,6.987726748000057,51.579660256000068,0,05240301701300504410
05,5,62,020,2024,03,13,6,3,5,2,0,1,1,0,0,0,0,369663.139800000004470,5719678.792600000277162,7.117554610000070,51.613034712000058,0,05240301701200504586
05,5,70,008,2024,02,16,5,2,5,3,0,1,1,0,0,0,0,435255.742999999783933,5738275.058000000193715,8.061244409000039,51.791586417000076,0,05240229711300464463
05,5,70,004,2024,02,15,5,3,0,7,0,1,0,0,0,0,0,424865.159699999727309,5735424.577700000256300,7.911231048000047,51.764662332000057,0,05240229711200459830
05,5,66,092,2024,02,16,5,3,2,1,0,0,1,0,0,0,1,423070.803999999538064,5792679.759999999776483,7.872364530000027,52.279097077000074,0,05240229709700463099
05,5,54,004,2024,02,17,5,3,1,6,0,0,1,0,1,0,0,361850.303000000305474,5770641.677999999374151,6.984432426000069,52.069108586000027,0,05240229705000463461
05,5,15,000,2024,02,17,5,3,6,4,0,1,0,1,0,0,0,402007.790199999697506,5757335.380599999800324,7.573890503000030,51.958071674000053,0,05240229702100463882
05,5,15,000,2024,02,10,5,3,5,2,0,0,1,0,0,0,1,405160.524000000208616,5756927.540300000458956,7.619871123000053,51.954952510000055,0,05240229702100447970
05,5,15,000,2024,02,07,5,3,5,3,0,1,1,0,0,0,0,406465.233300000429153,5759027.130999999120831,7.638279884000042,51.974045600000068,0,05240229702100433765
05,5,62,004,2024,02,21,5,3,5,3,2,0,1,0,0,0,0,383199.529500000178814,5713668.309499999508262,7.314963338000041,51.561985680000078,0,05240229701800468918
05,5,62,004,2024,02,14,5,3,0,4,0,0,1,1,0,0,0,384620.657999999821186,5716612.122999999672174,7.334489058000031,51.588736648000065,0,05240229701800461159
05,5,62,004,2024,02,13,5,3,5,2,0,1,1,0,0,0,0,382637.161500000394881,5714576.477399999275804,7.306550789000028,51.570031270000072,0,05240229701800455660
05,5,62,012,2024,02,15,5,3,5,3,0,0,1,0,1,0,0,361261.912100000306964,5728172.131599999964237,6.992924879000043,51.687348118000045,0,05240229701610464125
05,5,66,084,2024,03,14,6,2,6,6,0,0,0,1,1,0,0,390861.625500000081956,5777265.132999999448657,7.405377249000026,52.135112776000028,0,05240301709300501955
05,5,12,000,2024,02,09,5,3,5,3,0,1,1,0,0,0,0,356348.995799999684095,5712066.577299999073148,6.928501933000064,51.541393831000050,0,05240229701400435771
05,5,13,000,2024,02,15,5,3,0,7,0,0,1,0,1,0,0,367428.046600000001490,5713430.632200000807643,7.087651973000050,51.556363237000028,0,05240229700000461583
05,5,13,000,2024,02,10,5,3,2,6,0,0,1,0,0,0,0,367491.866999999620020,5708365.697000000625849,7.090478104000056,51.510861316000046,0,05240229700000440616
05,5,13,000,2024,02,09,5,3,5,3,0,1,1,0,0,0,0,367762.160000000149012,5707949.370999999344349,7.094527003000053,51.507183227000041,0,05240229700000439442
05,5,62,032,2024,03,16,6,3,0,3,0,1,1,0,0,0,0,375812.811900000087917,5714092.225099999457598,7.208302568000022,51.564217399000029,0,05240301701120502621
05,5,54,032,2024,03,14,7,1,5,3,0,0,0,0,1,0,1,324333.271900000050664,5745429.609899999573827,6.450478347000058,51.832026074000055,0,05240302705000522852
05,5,66,012,2024,02,14,4,3,3,6,0,1,0,0,0,0,0,405084.869099999777973,5770786.682600000873208,7.614928157000065,52.079509868000059,0,05240228709110413128
05,5,54,008,2024,02,18,4,3,1,6,1,0,1,0,0,0,0,336742.372000000439584,5744131.064999999478459,6.631016491000025,51.824125053000046,0,05240228705000420511
05,5,66,012,2024,02,18,4,3,8,7,1,0,1,0,0,0,1,405859.427199999801815,5769313.094499999657273,7.626634080000031,52.066397123000058,0,05240228702350420831
05,5,15,000,2024,02,15,4,3,5,3,0,1,0,0,0,0,0,406508.298000000417233,5757239.360999999567866,7.639393410000025,51.957983525000031,0,05240228702100415927
05,5,15,000,2024,02,09,4,3,5,4,0,0,1,1,0,0,0,407300.106999999843538,5757990.073000000789762,7.650710710000055,51.964863886000046,0,05240228702100394357
05,5,62,004,2024,02,10,4,3,2,6,0,0,1,0,0,0,0,383110.769999999552965,5717755.175000000745058,7.312323015000061,51.598698824000053,0,05240228701800400699
05,5,13,000,2024,02,16,4,3,0,7,0,0,0,0,0,0,1,365068.629999999888241,5716340.869000000879169,7.052520885000035,51.581956450000064,0,05240228700000418675
05,5,13,000,2024,02,10,4,3,6,2,0,0,1,1,0,0,0,363114.908400000073016,5711605.286599999293685,7.026184332000071,51.538930013000027,0,05240228700000399693
05,5,62,004,2024,03,16,5,3,6,4,0,0,1,1,0,0,0,382808.135800000280142,5713801.810900000855327,7.309274981000044,51.563104359000079,0,05240307701800716038
05,5,70,016,2024,02,10,3,3,0,3,0,1,1,0,0,0,0,408508.512400000356138,5744545.018799999728799,7.671864104000065,51.844210780000026,0,05240227711200352614
05,5,66,040,2024,02,22,3,2,9,1,2,0,1,0,0,0,0,421731.264700000174344,5780790.157199999317527,7.855485157000032,52.172034558000064,0,05240227709800380940
05,5,66,040,2024,02,11,3,3,4,7,0,0,1,0,0,0,0,422881.283099999651313,5780153.602199999615550,7.872442863000060,52.166474518000030,0,05240227709800360933
05,5,66,092,2024,02,16,3,3,5,3,0,0,1,0,0,0,0,419914.231900000013411,5794630.525800000876188,7.825641918000031,52.296180958000036,0,05240227709700667907
05,5,66,072,2024,02,14,3,3,1,1,0,0,1,0,0,0,0,410042.017799999564886,5803294.749299999326468,7.678598403000024,52.372527643000069,0,05240227709700375793
05,5,66,092,2024,02,15,3,3,5,3,0,0,1,0,0,0,1,421323.406999999657273,5793079.625000000000000,7.846663263000039,52.282444018000035,0,05240227709700375218
05,5,66,072,2024,02,13,3,3,8,6,0,0,0,0,0,0,1,408712.620099999941885,5799238.396800000220537,7.660179623000033,52.335849435000057,0,05240227709700370143
05,5,54,008,2024,02,12,5,3,5,7,0,0,1,0,0,0,1,335158.008799999952316,5745856.957900000736117,6.607225815000049,51.839164262000054,0,05240229705000764942
05,5,66,072,2024,02,06,3,2,7,1,2,0,1,0,0,1,0,413245.661000000312924,5803352.339999999850988,7.725629263000030,52.373561958000039,0,05240227709700340232
05,5,66,076,2024,02,15,3,3,2,7,0,0,1,0,0,0,0,393604.286899999715388,5792589.247800000011921,7.440619528000070,52.273370459000034,0,05240227709500374103
05,5,66,096,2024,02,16,3,3,5,2,0,0,1,0,0,0,1,384020.340599999763072,5784660.503000000491738,7.302937832000055,52.200179617000060,0,05240227709300374874
05,5,58,020,2024,02,18,3,3,9,7,0,1,0,0,0,0,1,394665.208200000226498,5758732.615299999713898,7.466643100000056,51.969287314000042,0,05240227706200376769
05,5,54,008,2024,02,17,3,3,0,1,0,0,0,0,1,0,0,332320.058299999684095,5743327.283900000154972,6.567296330000033,51.815595099000063,0,05240227705000376864
05,5,15,000,2024,02,14,3,3,5,2,0,1,1,0,0,0,0,405891.499300000257790,5752948.526799999177456,7.631593870000074,51.919311383000036,0,05240227702100374421
05,5,15,000,2024,02,15,3,3,2,6,0,0,1,0,0,0,0,406935.896399999968708,5759764.004799999296665,7.644930082000030,51.980747991000044,0,05240227702100372623
05,5,15,000,2024,02,07,3,3,6,4,0,1,0,1,0,0,0,406995.968100000172853,5758134.846300000324845,7.646245951000026,51.966114381000068,0,05240227702100343537
05,5,12,000,2024,02,23,3,3,9,1,2,0,1,0,0,0,0,356316.364400000311434,5710282.783600000664592,6.928759584000034,51.525356723000073,0,05240227701400381133
05,5,62,014,2024,02,06,3,3,5,3,2,1,1,0,0,0,0,360452.990100000053644,5714952.408700000494719,6.986497994000047,51.568355770000039,0,05240227701300445044
05,5,62,032,2024,02,15,3,2,6,2,0,0,1,1,0,0,0,376199.393000000156462,5715601.427899999544024,7.213345214000071,51.577865970000062,0,05240227701120370910
05,5,62,032,2024,02,18,3,3,5,2,2,1,1,0,0,0,0,374894.919599999673665,5720843.028200000524521,7.192659782000021,51.624684738000042,0,05240227701110376001
05,5,62,032,2024,02,08,3,3,8,1,0,1,0,0,0,0,0,374714.138399999588728,5719711.525100000202656,7.190454131000024,51.614475639000034,0,05240227701110343226
05,5,13,000,2024,02,16,3,3,2,6,0,0,1,0,0,0,0,365506.349200000055134,5713973.682600000873208,7.059740781000073,51.560788460000026,0,05240227700000373003
05,5,54,068,2024,03,06,2,3,2,6,2,1,1,0,0,0,0,345296.412200000137091,5768942.271999999880791,6.743877039000040,52.049465531000067,0,05240304705000552601
05,5,70,008,2024,02,12,3,2,2,6,0,0,1,0,0,0,0,433468.796600000001490,5737001.362400000914931,8.035582817000034,51.779926183000043,0,05240227301911362775
05,5,70,020,2024,02,18,2,3,9,1,2,0,1,0,0,0,0,425910.611200000159442,5742783.429099999368191,7.924805234000075,51.830955423000034,0,05240226711400333771
05,5,66,012,2024,02,06,2,3,4,2,2,0,1,0,0,0,0,406277.993999999947846,5772327.194000000134110,7.631910280000056,52.093559650000032,0,05240226709110294842
05,5,58,008,2024,02,07,2,3,5,3,2,0,1,0,0,0,0,382249.843999999575317,5759619.287000000476837,7.285691512000028,51.974764482000069,1,05240226706000305154
05,5,54,060,2024,02,13,2,3,5,3,0,0,1,0,1,0,0,351213.180399999953806,5758811.581199999898672,6.834495430000061,51.960066074000054,1,05240226705000322885
05,5,62,014,2024,02,19,2,3,0,7,2,0,1,0,0,1,0,358206.912499999627471,5713429.774900000542402,6.954725868000025,51.554113219000044,1,05240226702340334358
05,5,66,068,2024,02,19,2,2,8,6,2,0,1,0,0,0,0,372074.374499999918044,5786226.051999999210238,7.127644493000048,52.211604854000029,1,05240226702340333455
05,5,66,068,2024,03,10,2,3,1,1,0,0,1,0,0,0,0,374225.277400000020862,5785522.826400000602007,7.159369200000071,52.205780802000049,1,05240304709300563069
05,5,62,014,2024,02,11,2,3,1,6,0,0,1,0,0,0,0,361383.674700000323355,5715068.110999999567866,6.999872219000054,51.569625043000030,1,05240226702340322196
05,5,62,014,2024,02,07,2,3,0,6,0,0,1,0,0,0,0,359262.182599999941885,5713310.182700000703335,6.969984996000051,51.553302801000029,1,05240226702340301425
05,5,15,000,2024,02,17,2,2,2,6,1,0,1,0,0,0,0,402574.518799999728799,5757598.226399999111891,7.582060986000045,51.960533787000031,1,05240226702100332366
05,5,15,000,2024,02,06,2,3,5,2,1,1,1,0,0,0,0,405837.259999999776483,5756863.344000000506639,7.629733700000031,51.954490484000075,1,05240226702100294171
05,5,62,028,2024,02,15,2,3,5,2,0,0,1,0,0,0,0,381025.446700000204146,5722277.952800000086427,7.280693253000038,51.638910654000028,1,05240226701920328417
05,5,62,004,2024,02,21,2,3,0,4,2,0,0,1,1,0,0,384170.006199999712408,5716815.845000000670552,7.327919600000030,51.590475189000074,1,05240226701800335515
05,5,12,000,2024,02,17,2,3,8,1,2,0,1,0,0,0,0,354088.108599999919534,5720134.491599999368191,6.892571022000027,51.613308391000032,1,05240226701400332567
05,5,13,000,2024,02,17,2,3,1,7,0,0,1,0,0,1,0,367095.792399999685585,5706909.026399999856949,7.085322748000067,51.497677637000038,1,05240226700000330961
05,5,62,004,2024,03,17,5,2,2,6,0,0,1,0,0,0,0,382491.223899999633431,5715305.657800000160933,7.304202108000027,51.576554509000061,0,05240307701800718381
05,5,66,040,2024,03,06,3,2,5,2,1,0,1,0,0,0,0,420928.213999999687076,5778717.448999999091029,7.844227624000041,52.153288746000044,0,05240305709800608126
05,5,66,004,2024,02,15,2,3,8,1,0,0,1,0,0,0,0,391863.426799999549985,5770918.294399999082088,7.422023706000061,52.078268308000077,1,05240226709110327418
05,5,58,044,2024,02,20,1,2,0,1,2,1,0,0,0,0,0,399242.939600000157952,5742230.408199999481440,7.538079492000065,51.821811200000070,1,05240225706300289417
05,5,54,012,2024,02,12,1,3,6,4,0,0,0,1,1,0,0,352095.157999999821186,5746439.724099999293685,6.852631808000069,51.849143086000026,1,05240225705000282804
05,5,54,036,2024,02,23,1,2,2,7,2,0,1,0,0,1,0,366590.774799999780953,5764489.775000000372529,7.055951376000053,52.014991491000046,1,05240225702340291604
05,5,13,000,2024,02,13,1,2,2,3,0,0,1,0,0,0,0,363445.332999999634922,5716437.328299999237061,7.029068983000059,51.582432292000078,0,05240225702340283862
05,5,66,076,2024,02,15,7,3,0,1,0,1,0,0,0,0,0,394655.824900000356138,5793763.908399999141693,7.455658209000035,52.284129922000034,0,05240224709500269062
05,5,66,076,2024,02,15,7,3,2,1,0,0,1,0,0,0,0,395176.956199999898672,5793919.723500000312924,7.463246529000060,52.285629916000062,0,05240224709500268660
05,5,66,076,2024,02,08,7,1,6,7,0,0,0,1,0,1,0,391913.079400000162423,5795835.549200000241399,7.414801473000068,52.302215351000029,0,05240224709500262686
05,5,66,084,2024,02,11,7,3,9,1,0,0,1,0,0,0,0,390539.005900000222027,5782531.580199999734759,7.398967682000034,52.182379602000026,0,05240224709300265250
05,5,66,008,2024,02,22,7,3,9,1,2,1,0,0,0,0,0,403995.126699999906123,5779206.319599999114871,7.596656070000051,52.154998377000027,0,05240224709110275410
05,5,54,056,2024,02,11,7,3,5,2,0,1,1,0,0,0,0,356835.579300000332296,5762384.333599999547005,6.914776041000039,51.993643400000053,0,05240224705000278175
05,5,66,076,2024,02,19,7,3,0,6,2,0,1,0,0,0,1,393053.567200000397861,5798044.763800000771880,7.430818879000071,52.322293050000042,0,05240224702350753830
05,5,66,068,2024,02,10,7,3,8,1,0,0,1,0,0,0,0,371090.036199999973178,5783811.302400000393391,7.114164839000068,52.189677071000062,1,05240224702340264411
05,5,12,000,2024,03,14,3,3,3,3,0,0,1,0,0,0,0,356333.139700000174344,5710471.903500000014901,6.928924106000068,51.527060386000073,1,05240305701400630372
05,5,70,028,2024,02,12,6,3,5,2,0,1,1,0,0,0,0,441098.052899999544024,5742584.139399999752641,8.145211379000045,51.830971877000081,0,05240223711400484129
05,5,70,028,2024,02,14,6,2,0,1,0,1,0,0,0,0,1,442149.129999999888241,5748065.034199999645352,8.159545341000069,51.880356141000050,0,05240223711400248538
05,5,66,028,2024,02,14,6,3,0,7,0,1,0,0,0,0,0,412750.488800000399351,5793021.730599999427795,7.721038320000048,52.280629626000064,0,05240223709700249119
05,5,54,024,2024,02,16,6,3,2,1,0,0,1,0,0,0,0,365560.300999999977648,5773541.601999999955297,7.037382455000056,52.096078945000045,0,05240223705000251374
05,5,15,000,2024,02,12,6,3,4,7,0,1,0,0,0,0,1,406269.313599999994040,5757403.575400000438094,7.635871672000064,51.959419328000081,0,05240223702100253322
05,5,15,000,2024,02,12,6,3,5,2,0,1,1,0,0,0,0,404733.649400000460446,5758300.051599999889731,7.613280412000051,51.967216204000067,0,05240223702100241211
05,5,12,000,2024,02,08,6,3,5,2,0,0,1,0,0,0,0,355757.490000000223517,5709753.741000000387430,6.920925531000023,51.520460404000062,0,05240223701400226314
05,5,13,000,2024,02,20,6,3,5,2,2,0,1,0,0,0,0,370057.484000000171363,5709205.203999999910593,7.127119252000057,51.519001742000057,1,05240223700000256926
05,5,13,000,2024,02,13,6,3,2,6,0,0,1,0,0,0,0,367358.305399999953806,5707144.810699999332428,7.089013720000025,51.499858223000047,0,05240223700000250880
05,5,13,000,2024,02,06,6,3,5,2,2,0,1,0,0,0,0,368459.821499999612570,5707839.889799999073148,7.104614818000073,51.506362171000035,1,05240223700000220487
05,5,13,000,2024,03,13,1,3,5,3,0,0,1,0,0,0,0,368849.792000000365078,5715839.210999999195337,7.107249643000046,51.578340784000034,0,05240303700000539012
05,5,62,032,2024,03,20,7,3,5,3,2,1,1,0,0,0,0,376063.281499999575317,5719143.638800000771880,7.210130761000073,51.609670599000026,0,05240302701110527925
05,5,70,004,2024,02,14,7,3,0,3,0,0,1,0,1,0,0,427381.181699999608099,5739828.775000000372529,7.946761938000066,51.804587045000062,1,05240224711200268332
05,5,70,020,2024,02,13,5,3,7,7,0,0,1,0,0,1,0,427857.699599999934435,5741450.290799999609590,7.953334288000065,51.819225752000079,0,05240222711400202873
05,5,70,008,2024,02,06,5,3,6,2,2,0,1,1,0,0,0,433883.222000000067055,5734726.496999999508262,8.042022378000070,51.759524141000043,1,05240222711300176821
05,5,70,052,2024,02,10,5,3,5,3,0,1,1,0,0,0,0,428798.490299999713898,5756271.298499999567866,7.963922105000051,51.952582339000060,0,05240222711100191727
05,5,66,020,2024,02,18,5,2,6,2,2,0,1,1,0,0,0,405142.425999999977648,5804845.183000000193715,7.606211568000049,52.385636090000048,0,05240222709700212914
05,5,66,084,2024,02,14,5,3,8,1,0,0,1,0,0,0,0,387088.763000000268221,5780659.793999999761581,7.349147987000038,52.164862507000066,1,05240222709300211943
05,5,66,004,2024,02,05,5,3,5,3,2,0,1,0,0,0,0,395399.364199999719858,5766332.953099999576807,7.475005821000025,52.037736048000056,1,05240222709110194843
05,5,58,004,2024,02,10,5,3,0,7,0,0,1,0,0,0,0,403688.100999999791384,5737350.776000000536442,7.603910346000021,51.778734074000056,1,05240222706300191716
05,5,58,016,2024,02,16,5,3,3,2,0,0,1,0,1,0,0,380355.221800000406802,5742453.626399999484420,7.264078695000023,51.820092513000077,0,05240222706100211717
05,5,62,024,2024,02,17,5,3,2,6,1,0,1,0,0,0,0,372590.134100000374019,5726755.725400000810623,7.157227814000066,51.677304131000028,0,05240222702340213176
05,5,15,000,2024,02,12,5,3,0,4,0,0,1,1,0,0,0,405473.322499999776483,5756334.704099999740720,7.624584699000025,51.949677095000027,0,05240222702100211279
05,5,15,000,2024,02,07,5,3,5,3,0,1,1,0,0,0,0,407236.135999999940395,5751236.059000000357628,7.651601146000075,51.904144330000065,1,05240222702100190518
05,5,15,000,2024,02,08,5,2,5,3,0,1,1,0,0,0,0,404800.735000000335276,5755234.607000000774860,7.615105877000076,51.939674256000046,1,05240222702100182392
05,5,62,004,2024,02,09,5,3,0,7,0,0,0,0,0,0,1,382825.162800000049174,5713604.452800000086427,7.309586301000024,51.561334099000078,0,05240222701800186477
05,5,62,012,2024,02,05,5,3,5,3,2,0,1,0,0,0,0,363152.737999999895692,5727780.265000000596046,7.020414718000040,51.684290800000042,1,05240222701610180497
05,5,62,014,2024,02,07,5,3,5,3,1,1,1,0,0,0,0,361553.074000000022352,5713141.551999999210238,7.003073620000066,51.552354284000046,1,05240222701300180204
05,5,13,000,2024,02,09,5,3,3,2,0,0,1,0,0,0,0,367962.019500000402331,5708761.153300000354648,7.097101144000021,51.514525244000026,0,05240222700000192806
05,5,54,032,2024,02,12,5,2,2,6,0,0,0,0,0,1,0,323587.381000000052154,5743654.914499999955297,6.440568680000069,51.815850281000053,1,05240222500630200740
05,5,70,008,2024,02,14,4,3,5,3,0,0,1,0,0,1,0,432838.723000000230968,5739524.697000000625849,8.025962292000031,51.802535642000066,0,05240221711300165779
05,5,70,052,2024,02,15,4,3,7,7,0,0,1,0,0,0,0,425107.743999999947846,5763333.172599999234080,7.908685134000052,52.015579257000070,0,05240221711100167099
05,5,58,032,2024,02,19,4,3,5,3,2,1,1,0,0,0,0,389440.390999999828637,5752564.098999999463558,7.392600327000025,51.912833071000080,1,05240221706000170489
05,5,54,004,2024,02,18,4,2,5,2,2,1,1,0,0,0,0,362153.778599999845028,5772907.627100000157952,6.987941498000055,52.089544406000073,1,05240221705000171829
05,5,54,008,2024,02,12,4,3,5,3,0,0,1,0,0,0,0,332322.773000000044703,5743322.867000000551343,6.567337814000041,51.815556235000031,0,05240221705000154207
05,5,54,012,2024,02,06,4,3,5,3,2,1,1,0,0,0,0,351363.561200000345707,5747463.560300000011921,6.841577921000066,51.858147746000043,0,05240221705000149348
05,5,66,016,2024,02,10,4,2,1,1,0,0,1,0,0,1,0,404292.681200000457466,5793951.670800000429153,7.596832600000027,52.287580199000047,0,05240221702350154114
05,5,62,032,2024,02,22,4,3,1,5,2,0,0,0,0,1,1,374876.187800000421703,5713500.548599999397993,7.195007311000040,51.558692871000062,1,05240221702340173095
05,5,62,014,2024,02,22,4,3,3,1,2,0,1,0,0,1,0,358766.461600000038743,5713279.104900000616908,6.962852006000048,51.552899660000037,1,05240221702340172952
05,5,15,000,2024,02,13,4,3,3,6,0,0,1,0,0,0,0,400344.949199999682605,5752535.948200000450015,7.551089475000026,51.914638004000039,0,05240221702330159279