ULAND,UREGBEZ,UKREIS,UGEMEINDE,UJAHR,UMONAT,USTUNDE,UWOCHENTAG,UKATEGORIE,UART,UTYP1,ULICHTVERH,IstRad,IstPKW,IstFuss,IstKrad,IstGkfz,IstSonstige,LINREFX,LINREFY,XGCSWGS84,YGCSWGS84,STRZUSTAND,UIDENTSTLAE
05,5,15,000,2024,02,06,4,3,2,6,0,0,1,0,0,0,0,400351.902800000272691,5752536.972200000658631,7.551190244000054,51.914648452000051,0,05240221702100136487
05,5,62,004,2024,02,07,4,3,6,7,0,0,1,1,0,0,0,382525.058199999853969,5715044.507400000467896,7.304777491000038,51.574214427000072,0,05240221701800137671
05,5,62,012,2024,02,14,4,3,5,2,0,1,1,0,0,0,0,359313.748399999924004,5724757.103000000119209,6.966135883000049,51.656176647000052,0,05240221701610161434
05,5,13,000,2024,02,20,4,2,5,3,2,0,1,0,0,0,0,368223.629200000315905,5705327.242000000551343,7.102151757000058,51.483726491000027,1,05240221700000172514
05,5,66,076,2024,02,17,5,3,0,2,0,1,1,0,0,0,0,393190.497999999672174,5793312.538000000640750,7.434328219000065,52.279790567000077,0,05240229709500466237
05,5,70,048,2024,02,13,7,3,5,3,0,1,1,0,0,0,0,446627.987999999895692,5729159.108999999240041,8.227517145000036,51.710830066000028,1,05240224711300266046
05,5,66,044,2024,03,19,1,2,8,1,2,0,0,0,1,0,0,429265.959200000390410,5778239.570599999278784,7.966175108000073,52.150124042000073,0,05240303709800543918
05,5,66,028,2024,02,16,3,2,8,7,0,1,1,0,0,0,0,408542.796000000089407,5794852.294999999925494,7.658880213000032,52.296398837000027,0,05240220709700123442
05,5,58,032,2024,02,14,3,3,9,1,0,0,1,0,0,0,0,386710.508000000379980,5753567.096000000834465,7.352598752000063,51.921298793000062,0,05240220706100127932
05,5,58,044,2024,02,11,3,3,8,1,0,0,0,0,0,1,0,393822.267900000326335,5753955.632999999448657,7.455852763000053,51.926192524000044,0,05240220706000111942
05,5,54,008,2024,02,09,3,3,5,3,0,0,1,0,0,0,0,334152.384999999776483,5750398.847999999299645,6.590462679000041,51.879667364000056,0,05240220705000100869
05,5,15,000,2024,02,21,3,3,2,6,2,1,0,0,0,0,0,406268.524699999950826,5757404.074400000274181,7.635860058000048,51.959423681000033,1,05240220702100152257
05,5,15,000,2024,02,19,3,3,5,3,2,1,1,0,0,0,0,407093.460199999623001,5760298.133300000801682,7.647078951000026,51.985575362000077,0,05240220702100126648
05,5,15,000,2024,02,10,3,3,5,2,0,0,1,0,0,0,0,408598.095999999903142,5758477.280999999493361,7.669468290000054,51.969458125000074,0,05240220702100103671
05,5,15,000,2024,02,07,3,3,5,2,0,1,1,0,0,0,0,406724.746000000275671,5757078.944000000134110,7.642586026000060,51.956577968000033,0,05240220702100090533
05,5,62,032,2024,02,07,3,3,5,3,0,0,1,0,1,0,0,377206.366799999959767,5714973.202400000765920,7.228089675000035,51.572440181000047,0,05240220701120099536
05,5,13,000,2024,03,11,6,3,2,6,0,0,1,0,0,0,0,366827.862999999895692,5712781.752000000327826,7.079245254000057,51.550390650000054,0,05240308700000749019
05,5,70,004,2024,02,10,2,3,4,6,0,0,1,0,0,0,0,427036.259399999864399,5740350.961400000378489,7.941650281000022,51.809236447000046,1,05240219711200061061
05,5,58,016,2024,02,18,2,3,5,3,2,1,1,0,0,0,0,379738.369500000029802,5741846.071499999612570,7.255344223000066,51.814499966000028,1,05240219706100078912
05,5,54,012,2024,02,15,2,2,8,1,0,0,1,0,0,0,0,351821.629300000146031,5744239.625000000000000,6.849605929000063,51.829302959000074,1,05240219705000078905
05,5,15,000,2024,02,08,2,3,1,7,0,0,1,0,0,0,0,409071.720999999903142,5758605.007999999448657,7.676326994000021,51.970683896000025,1,05240219702100057915
05,5,62,028,2024,02,14,2,2,8,1,0,0,1,0,0,0,0,381612.678700000047684,5721909.807600000873208,7.289299811000035,51.635725860000036,1,05240219701920072457
05,5,62,004,2024,02,21,2,2,2,6,2,0,1,0,0,0,0,383196.789400000125170,5714482.857699999585748,7.314653112000030,51.569306055000027,1,05240219701800084866
05,5,62,016,2024,02,18,2,3,6,2,2,0,1,1,0,0,0,374554.283800000324845,5734315.994000000879169,7.182899108000072,51.745689489000029,1,05240219701700079153
05,5,62,014,2024,02,09,2,3,5,3,0,1,1,0,0,0,0,361005.297100000083447,5715026.472899999469519,6.994432584000037,51.569157732000065,0,05240219701300060959
05,5,62,032,2024,02,08,2,3,0,1,0,1,0,0,0,0,0,374297.445000000298023,5714806.827999999746680,7.186195880000071,51.570303883000065,1,05240219701120046632
05,5,13,000,2024,02,15,2,3,6,7,0,1,0,1,0,0,0,366865.665799999609590,5708122.612299999222159,7.081551382000043,51.508529593000048,1,05240219700000076716
05,5,70,020,2024,02,12,1,2,5,3,0,0,1,0,0,0,0,432212.537800000049174,5743633.017500000074506,8.016077917000075,51.839393497000060,0,05240218711400025985
05,5,70,008,2024,02,18,1,3,6,2,2,0,1,1,0,0,0,432777.487099999561906,5739243.782600000500679,8.025128801000051,51.800002873000039,1,05240218711300032097
05,5,66,040,2024,02,13,1,3,8,1,0,0,1,0,0,0,0,420989.567999999970198,5783078.414000000804663,7.844108573000028,52.192497648000028,1,05240218709800026310
05,5,66,028,2024,02,06,1,3,9,7,2,0,0,0,0,0,1,412927.336900000460446,5793469.256200000643730,7.723514379000051,52.284680161000040,0,05240218709700023166
05,5,66,068,2024,02,18,1,2,6,4,2,0,1,1,0,0,0,376079.994099999777973,5786030.327899999916553,7.186311175000071,52.210761397000056,1,05240218709300031611
05,5,62,032,2024,02,14,1,3,8,1,0,0,1,0,0,0,0,374569.712600000202656,5716291.103299999609590,7.189592337000022,51.583703875000026,1,05240218702340027306
05,5,62,036,2024,02,18,1,3,1,1,2,1,1,0,0,0,0,389533.521900000050664,5719308.155600000172853,7.404527256000051,51.613953453000079,1,05240218701930030983
05,5,62,004,2024,02,13,1,3,2,6,0,0,1,0,0,0,0,383419.467899999581277,5718625.168800000101328,7.316488794000065,51.606582033000052,1,05240218701800083934
05,5,62,014,2024,02,14,1,3,2,6,0,0,1,0,0,0,0,360161.128499999642372,5713395.555400000885129,6.982908853000026,51.554293497000060,1,05240218701300082553
05,5,62,032,2024,02,13,3,2,2,6,0,0,1,0,0,1,0,373138.856499999761581,5721535.829600000753999,7.167053594000038,51.630517753000049,0,05240220702340118422
05,5,66,088,2024,02,13,1,3,5,3,0,0,1,0,0,0,0,411955.526999999769032,5781705.989000000059605,7.712334870000063,52.178793261000067,1,05240225709800283904
05,5,66,028,2024,02,13,3,3,2,3,0,1,1,0,0,0,0,410557.004999999888241,5793987.724999999627471,7.688637438000058,52.288959590000047,0,05240227709700370652
05,5,66,056,2024,02,15,7,2,4,1,0,0,1,0,1,0,0,417598.384800000116229,5801075.147900000214577,7.790111672000023,52.353765675000034,0,05240217709700014273
05,5,66,076,2024,02,16,7,3,0,7,0,0,1,0,0,0,1,395255.694000000134110,5792979.862900000065565,7.464692429000024,52.277198124000051,0,05240217709500012312
05,5,58,004,2024,02,11,7,1,8,7,0,1,0,0,0,0,0,405996.871000000275671,5730210.283500000834465,7.639296911000031,51.714942159000032,0,05240217706000010459
05,5,15,000,2024,02,20,7,3,5,7,2,0,1,0,0,0,0,400331.043200000189245,5761354.148099999874830,7.548329535000050,51.993894778000026,1,05240217702100018566
05,5,15,000,2024,02,13,7,3,0,1,0,0,0,0,0,0,1,406335.732900000177324,5758951.206100000068545,7.636415857000031,51.973341341000037,0,05240217702100010188
05,5,15,000,2024,02,09,7,3,0,1,0,1,0,0,0,0,0,404625.695799999870360,5761236.594799999147654,7.610893190000070,51.993592356000079,1,05240217702100006355
05,5,62,004,2024,02,20,7,3,0,6,2,0,1,0,1,0,0,382905.780000000260770,5716166.642999999225140,7.309894756000062,51.584379044000059,1,05240217701800017812
05,5,13,000,2024,02,13,7,3,5,2,0,1,1,0,0,0,0,366180.704099999740720,5709768.044700000435114,7.071062467000047,51.523154649000048,0,05240217700000009885
05,5,13,000,2024,02,03,7,3,8,1,2,0,1,0,0,0,0,361166.629399999976158,5719480.074300000444055,6.994997295000076,51.609217918000070,1,05240217700000003844
05,5,54,024,2024,02,16,7,3,3,3,0,0,1,0,0,0,0,370897.052199999801815,5783327.878799999132752,7.111527428000045,52.185287988000027,0,05240217702340013435
05,5,54,044,2024,02,13,6,3,5,3,0,0,1,0,0,0,0,364687.009999999776483,5744596.686000000685453,7.036047291000045,51.835775933000036,1,05240216705000992205
05,5,15,000,2024,02,15,6,3,2,6,0,0,1,0,0,0,0,405101.346400000154972,5756653.618599999696016,7.619085875000053,51.952480292000075,1,05240216702100993205
05,5,15,000,2024,02,21,6,3,8,7,2,0,1,0,0,0,0,406819.734500000253320,5755498.272299999371171,7.644396483000037,51.942386000000056,1,05240216702100000934
05,5,62,004,2024,02,10,6,3,6,6,0,0,0,1,0,0,1,382888.565000000409782,5712751.596000000834465,7.310784601000023,51.553682023000079,0,05240216701800976432
05,5,62,012,2024,02,14,6,3,6,6,0,0,0,1,0,0,1,358702.853600000031292,5727615.991000000387430,6.956154158000061,51.681712661000063,1,05240216701610997629
05,5,62,014,2024,02,13,6,3,5,2,0,1,1,0,0,0,0,361020.749099999666214,5714957.106300000101328,6.994682830000045,51.568538205000038,0,05240216701300988697
05,5,62,014,2024,02,07,6,3,5,3,0,1,1,0,0,0,0,359419.193900000303984,5714886.976500000804663,6.971617709000043,51.567511010000032,0,05240216701300970679
05,5,70,040,2024,02,11,7,3,3,7,0,0,1,0,0,0,0,417216.638000000268221,5744984.739199999719858,7.798138701000028,51.849522671000045,1,05240224711200265147
05,5,62,014,2024,03,10,3,3,3,6,0,0,1,0,0,1,0,360394.016699999570847,5713831.809599999338388,6.986092698000050,51.558271391000062,0,05240305701300612730
05,5,70,028,2024,02,05,5,2,9,1,2,0,0,0,1,0,0,443102.013700000010431,5739716.976099999621511,8.174760720000052,51.805402941000068,1,05240215711400930326
05,5,66,028,2024,02,15,5,3,0,6,0,0,1,0,0,0,0,410029.548100000247359,5796354.049000000581145,7.680274172000054,52.310142270000028,1,05240215709700953948
05,5,66,016,2024,02,16,5,3,8,1,0,0,1,0,0,0,0,403332.066300000064075,5788370.938999999314547,7.584352140000021,52.237253519000035,0,05240215709500956264
05,5,66,012,2024,02,08,5,3,1,6,0,0,1,0,0,0,0,400929.979100000113249,5772480.541699999943376,7.553825231000076,52.094006317000037,1,05240215709000937724
05,5,54,028,2024,02,19,5,3,5,3,2,0,1,0,0,0,0,358487.769000000320375,5742878.866000000387430,6.946833796000021,51.818804319000037,0,05240215705000958926
05,5,54,008,2024,02,14,5,3,3,6,0,0,1,0,0,1,0,334531.851700000464916,5743499.188799999654293,6.599272359000054,51.817798507000077,1,05240215705000955124
05,5,62,012,2024,02,20,5,3,8,1,2,0,1,0,0,0,0,356778.293800000101328,5724648.744899999350309,6.929551423000021,51.654562705000046,0,05240215702340960969
05,5,15,000,2024,02,07,5,3,0,6,1,1,0,0,0,0,0,406615.898599999956787,5757151.995400000363588,7.640982619000056,51.957216321000033,0,05240215702100075234
05,5,62,036,2024,02,07,5,2,5,2,2,0,1,0,0,0,0,391647.002999999560416,5719499.482999999076128,7.434980828000050,51.616083915000047,1,05240215701930927492
05,5,62,012,2024,02,21,5,2,5,3,2,0,1,0,0,0,0,359450.559999999590218,5726231.209000000730157,6.967519583000069,51.669456917000048,0,05240215701610961307
05,5,62,012,2024,02,19,5,3,6,7,2,0,1,1,0,0,0,359374.707799999974668,5726032.272099999710917,6.966503503000069,51.667650330000072,0,05240215701610957972
05,5,62,012,2024,02,14,5,3,5,2,0,0,1,0,0,0,0,363306.952899999916553,5727798.162900000810623,7.022637096000039,51.684489192000058,1,05240215701610953756
05,5,70,036,2024,03,18,3,3,5,3,2,0,1,0,0,0,1,434100.368999999947846,5760396.741000000387430,8.040267396000047,51.990322524000078,1,05240305711100636786
05,5,70,036,2024,03,18,6,3,5,3,1,1,1,0,0,0,0,434076.407899999991059,5760421.219200000166893,8.039913784000021,51.990539733000048,0,05240308711100760420
05,5,62,004,2024,02,16,4,3,2,6,0,0,1,0,0,0,0,383414.538399999961257,5719448.826799999922514,7.316143704000069,51.613983781000059,0,05240228701800418222
05,5,66,004,2024,02,22,1,3,8,1,2,0,1,0,0,0,0,393649.795500000007451,5765194.017100000753999,7.449862626000026,52.027166919000081,1,05240218709110033241
05,5,66,076,2024,02,15,5,3,0,6,0,0,1,0,0,0,1,393198.957000000402331,5793277.669999999925494,7.434463211000036,52.279478846000075,0,05240222709500208750
05,5,62,004,2024,02,12,5,3,3,6,0,0,0,0,0,1,1,383671.850700000301003,5718286.791400000452995,7.320243962000063,51.603592996000032,0,05240215301911947703
05,5,62,004,2024,02,13,1,3,2,6,0,0,1,0,0,0,0,383418.969399999827147,5718619.939600000157952,7.316483337000022,51.606534932000045,1,05240218701800026728
05,5,66,076,2024,02,20,6,3,6,2,2,0,1,1,0,0,0,393566.061999999918044,5792018.752000000327826,7.440239514000041,52.268235896000078,0,05240223709500256833
05,5,70,040,2024,02,21,4,2,4,6,2,0,1,0,0,0,0,419137.190000000409782,5747035.392999999225140,7.825535237000054,51.868238108000071,1,05240214711200918144
05,5,70,004,2024,02,12,4,3,2,6,0,0,1,0,0,0,1,423989.095300000160933,5733472.628200000151992,7.898965492000059,51.746996697000043,1,05240214711200902898
05,5,70,004,2024,02,11,4,2,0,1,0,1,0,0,0,0,0,422723.497499999590218,5733687.304500000551343,7.880589069000052,51.748753417000046,1,05240214711200893614
05,5,70,012,2024,02,15,4,3,2,6,0,0,1,0,0,0,0,438295.607900000177324,5754075.741599999368191,8.102492259000030,51.933979254000064,1,05240214711100913631
05,5,70,036,2024,02,18,4,3,6,2,2,0,1,1,0,0,0,434074.120000000111759,5760421.210799999535084,8.039880471000060,51.990539386000080,1,05240214711100913377
05,5,70,012,2024,02,06,4,3,5,3,2,0,1,0,0,0,0,439278.474999999627471,5751582.880000000819564,8.117226233000054,51.911676519000082,1,05240214711100134288
05,5,66,028,2024,02,14,4,2,2,6,0,0,1,0,0,0,0,410412.408200000412762,5795811.691400000825524,7.686032880000027,52.305330095000045,0,05240214709700909449
05,5,66,076,2024,02,07,4,2,3,2,0,1,1,0,0,0,0,396227.822300000116229,5786950.855799999088049,7.480788570000072,52.223197344000027,1,05240214709500882531
05,5,66,084,2024,02,18,4,2,7,4,2,0,1,1,0,0,0,389575.385999999940395,5775370.082000000402331,7.387207125000032,52.117826027000035,1,05240214709300913321
05,5,15,000,2024,02,19,3,3,4,6,2,1,0,0,0,0,0,406896.707799999974668,5759674.065700000151992,7.644384051000031,51.979933011000071,0,05240220702100126897
05,5,66,012,2024,02,08,4,2,3,1,0,0,1,0,0,0,0,409385.178999999538064,5772663.891699999570847,7.677164009000023,52.097103573000027,1,05240214709110885191
05,5,58,016,2024,02,18,4,3,6,2,2,0,1,1,0,0,0,382048.485999999567866,5744670.587899999693036,7.287878751000051,51.840376767000066,0,05240214706000914993
05,5,58,032,2024,02,15,4,3,2,6,0,0,1,0,1,0,0,386792.957000000402331,5753832.192999999970198,7.353709974000026,51.923698086000059,1,05240214706000910541
05,5,54,048,2024,02,14,4,3,0,3,0,1,1,0,0,0,0,340445.534300000406802,5745401.402899999171495,6.684118507000051,51.836607277000041,1,05240214705000907884
05,5,15,000,2024,02,23,4,3,5,3,2,1,1,0,0,0,0,405570.080599999986589,5757004.676899999380112,7.625808041000028,51.955715543000053,1,05240214702100917779
05,5,15,000,2024,02,17,4,3,2,6,0,0,1,0,0,0,0,409933.684000000357628,5761027.500399999320507,7.688235308000060,51.992599132000066,1,05240214702000911850
05,5,62,028,2024,02,09,4,3,6,7,0,0,1,1,0,0,0,379693.946499999612570,5722566.766799999400973,7.261361880000038,51.641223101000037,1,05240214701920890607
05,5,62,016,2024,02,07,4,3,8,1,2,0,0,0,0,0,1,371454.154900000430644,5731720.977800000458956,7.138976897000020,51.721666426000070,1,05240214701700883668
05,5,12,000,2024,02,19,4,2,5,7,2,0,1,0,1,0,0,353482.142699999734759,5711821.079600000753999,6.887293038000053,51.538450994000073,1,05240214701400915121
05,5,12,000,2024,02,15,4,3,6,4,1,0,1,1,0,0,0,357600.552299999631941,5709766.980100000277162,6.947467151000069,51.521047022000062,1,05240214701400911619
05,5,12,000,2024,02,13,4,3,0,7,0,0,1,1,0,0,1,356442.954499999992549,5709598.784099999815226,6.930861818000039,51.519242617000032,1,05240214701400902498
05,5,62,020,2024,02,06,4,3,5,3,2,0,1,0,0,1,0,371414.059399999678135,5715574.655600000172853,7.144332721000069,51.576554064000049,1,05240214701200880655
05,5,13,000,2024,02,08,4,3,2,6,0,0,1,0,0,0,0,366186.558199999853969,5709764.329800000414252,7.071148210000047,51.523122652000040,1,05240214700000885135
05,5,13,000,2024,02,08,4,3,5,2,0,0,1,0,0,0,0,369480.372000000439584,5715453.210999999195337,7.116488261000029,51.575018267000075,1,05240214700000608552
05,5,62,024,2024,02,18,3,3,2,6,2,0,1,0,0,0,0,364904.211199999786913,5724339.591499999165535,7.047065421000070,51.653796195000041,0,05240220701500126691
05,5,62,036,2024,03,11,6,3,5,2,0,0,1,0,0,0,0,387036.541899999603629,5719916.598600000143051,7.368282682000029,51.618926551000072,0,05240301701930491732
05,5,70,008,2024,02,15,3,2,2,6,0,0,1,0,0,0,0,433301.196100000292063,5736819.975099999457598,8.033188556000027,51.778275556000040,0,05240213711300866672
05,5,66,088,2024,02,13,3,3,0,1,0,0,0,0,1,0,0,424936.217899999581277,5785087.480699999257922,7.901389420000044,52.211108548000027,1,05240213709800862887
05,5,58,016,2024,02,10,3,3,0,1,0,1,0,0,0,0,0,381121.667600000277162,5742263.281899999827147,7.275258908000069,51.818545430000029,0,05240213706000850749
05,5,54,008,2024,02,16,3,3,2,6,0,0,1,0,0,0,1,331446.610500000417233,5746570.982799999415874,6.553057302000070,51.844470609000041,0,05240213705000869055
05,5,54,012,2024,02,12,3,3,2,6,0,0,1,0,0,0,0,351431.032999999821186,5746907.145999999716878,6.842796143000044,51.853166440000052,0,05240213705000855265
05,5,62,014,2024,02,10,3,2,2,6,0,0,1,0,0,0,1,357188.234899999573827,5713768.916500000283122,6.939904560000059,51.556903743000078,0,05240213702340853843
05,5,62,014,2024,02,07,3,3,2,6,0,0,1,0,0,0,0,357593.881699999794364,5713679.055500000715256,6.945788454000024,51.556198813000037,0,05240213702340840237
05,5,15,000,2024,02,22,3,3,4,2,2,0,1,0,0,0,0,405371.878899999894202,5761222.480000000447035,7.621761674000027,51.993593136000072,0,05240213702100875965
05,5,15,000,2024,02,06,3,3,5,3,2,0,1,0,1,0,0,404877.648199999704957,5762097.400399999693036,7.614322764000065,52.001372775000050,0,05240213702100852565
05,5,62,004,2024,02,14,3,3,1,6,0,0,1,0,0,0,0,382888.620400000363588,5716607.167099999263883,7.309500226000068,51.588334767000049,0,05240213701800861987
05,5,62,016,2024,02,15,3,2,8,1,0,0,0,0,0,1,0,369295.600599999539554,5733240.301400000229478,7.107174284000052,51.734820842000033,0,05240213701700868793
05,5,12,000,2024,02,16,3,3,2,6,0,0,1,0,0,0,0,353896.799100000411272,5709765.628299999982119,6.894120447000034,51.520089004000056,0,05240213701400870577
05,5,62,032,2024,02,07,3,3,6,4,1,0,0,1,1,0,0,376190.828999999910593,5716077.399000000208616,7.213053872000046,51.582141750000062,1,05240213701120839409
05,5,13,000,2024,02,09,3,3,5,3,0,0,1,0,0,1,0,367558.132699999958277,5712982.177100000903010,7.089696223000033,51.552363688000071,0,05240213700000848821
05,5,15,000,2024,02,09,5,2,5,2,0,1,1,0,0,0,0,403014.153699999675155,5758686.436899999156594,7.588150014000064,51.970391789000075,1,05240215702100928875
05,5,70,012,2024,02,14,2,2,5,2,0,0,1,0,0,0,1,440498.632699999958277,5753038.426899999380112,8.134711228000072,51.924893663000034,1,05240212711100829637
05,5,70,036,2024,02,15,2,2,5,3,0,1,1,0,0,0,0,433439.901200000196695,5760896.615900000557303,8.030553072000032,51.994737480000026,1,05240212711100829074
05,5,70,052,2024,02,15,2,3,3,2,0,0,1,0,0,0,0,425055.148299999535084,5757123.899000000208616,7.909275848000050,51.959754855000028,1,05240212711100828507
05,5,70,012,2024,02,16,2,3,5,3,0,0,1,0,0,0,0,438290.987300000153482,5754077.506699999794364,8.102424743000029,51.933994609000081,1,05240212711100827313
05,5,66,056,2024,02,18,2,3,5,2,1,1,1,0,0,0,0,417198.572999999858439,5796943.357000000774860,7.785260794000067,52.316567159000044,1,05240212709700827982
05,5,66,068,2024,02,18,7,3,1,7,2,0,1,0,0,0,0,374356.296099999919534,5784419.589099999517202,7.161694727000054,52.195896974000050,1,05240224709300273269
05,5,66,016,2024,02,15,2,3,0,1,0,0,0,0,0,1,0,399971.531000000424683,5801624.139000000432134,7.531220254000061,52.355767054000069,0,05240212709500847208
05,5,66,052,2024,02,15,2,2,4,1,0,0,1,0,0,0,0,377524.274000000208616,5776873.463999999687076,7.210743304000061,52.128797940000027,1,05240212709300825848
05,5,66,084,2024,02,10,2,3,0,1,0,1,0,0,0,0,0,386238.262000000104308,5778440.357000000774860,7.337462055000060,52.144741945000078,1,05240212709300811590
05,5,58,024,2024,02,18,2,3,6,4,2,0,1,1,0,0,0,393201.366000000387430,5736377.205800000578165,7.452256153000064,51.768080635000047,1,05240212706300828793
05,5,54,056,2024,02,00,2,3,9,1,2,0,1,0,0,0,0,357685.560899999924004,5766526.358500000089407,6.925426258000073,52.031078134000040,1,05240212705000803778
05,5,58,016,2024,02,16,2,3,0,6,0,0,1,0,0,0,1,377980.776300000026822,5743094.786199999973178,7.229419600000028,51.825341158000072,0,05240212702330828677
05,5,15,000,2024,02,20,2,3,6,4,2,0,1,1,0,0,0,406303.093000000342727,5757680.111999999731779,7.636287701000072,51.961910663000026,1,05240212702100830670
05,5,15,000,2024,02,19,2,3,9,7,1,1,0,0,0,0,0,406506.161999999545515,5757658.452700000256300,7.639248265000049,51.961750164000080,1,05240212702100830646
05,5,62,020,2024,02,00,1,3,2,7,2,0,1,0,0,0,0,373042.724700000137091,5715696.644999999552965,7.167779426000038,51.578019549000032,0,05240218702340021050
05,5,62,014,2024,02,19,2,3,8,1,2,0,1,0,0,0,0,361521.537100000306964,5712955.727099999785423,7.002692193000030,51.550676688000067,1,05240212701300831547
05,5,13,000,2024,02,09,2,3,3,6,0,0,1,0,1,1,0,366217.759999999776483,5709718.140000000596046,7.071615233000045,51.522714954000037,1,05240212700000817927
05,5,66,028,2024,02,18,4,3,5,2,2,1,0,0,0,0,1,412566.979000000283122,5792512.281999999657273,7.718481146000045,52.276021400000047,0,05240221709700168120
05,5,15,000,2024,02,06,4,3,2,6,1,0,1,0,0,0,0,401761.596199999563396,5752631.007099999114871,7.571652392000033,51.915744117000031,0,05240221702100160926
05,5,66,076,2024,02,01,1,3,8,7,2,0,1,0,0,0,0,393167.594600000418723,5793371.821499999612570,7.433973840000021,52.280318907000037,1,05240211709500787343
05,5,58,020,2024,02,06,1,3,8,1,2,0,1,0,0,0,0,389330.311300000175834,5761595.501700000837445,7.388091978000034,51.993980716000067,0,05240211706200790768
05,5,58,040,2024,02,14,1,2,8,1,0,0,1,0,0,0,1,371634.257000000216067,5761928.565899999812245,7.130361734000076,51.993165608000027,1,05240211706000796404
05,5,54,004,2024,02,00,1,3,8,1,2,0,1,0,0,0,0,362231.081000000238419,5773941.486400000751019,6.988651203000074,52.098853159000043,1,05240211705000786826
05,5,62,032,2024,02,11,1,3,8,1,0,0,1,0,0,0,0,374521.175599999725819,5716238.207200000062585,7.188911056000052,51.583217687000058,1,05240211702340792951
05,5,62,014,2024,02,10,1,3,5,2,0,1,1,0,0,0,0,362231.779600000008941,5712510.692600000649691,7.013103821000072,51.546851368000034,1,05240211701300791445
05,5,66,012,2024,02,00,1,3,8,1,2,0,1,0,0,0,0,411262.715200000442564,5773873.858799999579787,7.704250273000071,52.108283674000063,0,05240211709800786619
05,5,15,000,2024,03,05,5,2,9,1,0,0,1,0,0,0,0,403689.202800000086427,5754502.931199999526143,7.599146123000025,51.932906399000046,0,05240321702330189413
05,5,15,000,2024,03,08,5,3,5,2,0,1,1,0,0,0,0,407935.878600000403821,5758278.262000000104308,7.659884641000076,51.967559940000058,0,05240321702100498945
05,5,15,000,2024,03,21,5,3,8,6,2,0,1,0,0,0,0,411429.439000000245869,5752603.084699999541044,7.712185740000052,51.917114725000033,0,05240321702100229516
05,5,15,000,2024,03,13,5,3,8,1,0,0,0,0,0,0,1,402868.091300000436604,5751477.272600000724196,7.588060398000039,51.905568027000072,0,05240321702100222714
05,5,15,000,2024,03,08,5,3,5,3,0,1,0,0,0,0,0,404687.893600000068545,5758533.460100000724196,7.612549794000074,51.969306322000079,0,05240321702100196785
05,5,15,000,2024,03,13,5,3,0,4,0,1,0,1,0,0,0,405509.054899999871850,5756499.107599999755621,7.625059263000026,51.951160898000069,0,05240321702000223069
05,5,62,024,2024,03,14,5,3,1,7,0,0,1,0,0,0,0,371182.666100000031292,5724015.310900000855327,7.137892854000029,51.652355769000053,0,05240321701500221754
05,5,62,014,2024,03,16,5,3,0,7,0,0,0,0,0,0,1,358813.978699999861419,5716047.240800000727177,6.962424965000025,51.577785854000069,0,05240321701300222453
05,5,62,032,2024,03,17,5,3,5,3,0,1,1,0,0,0,0,374786.667700000107288,5719106.682700000703335,7.191717197000060,51.609056013000043,0,05240321701110416073
05,5,70,016,2024,03,07,4,3,2,6,0,0,1,0,0,0,1,409395.238199999555945,5740233.921499999240041,7.685860852000076,51.805603544000064,0,05240320711200148717
05,5,70,012,2024,03,07,4,3,1,6,0,0,1,0,0,0,0,439084.633399999700487,5753675.882400000467896,8.114038164000021,51.930471452000063,0,05240320711100150105
05,5,66,048,2024,03,14,4,3,5,2,0,1,1,0,0,0,0,428113.601599999703467,5796328.275100000202656,7.945489599000041,52.312576142000069,0,05240320709700177627
05,5,66,028,2024,03,07,4,3,6,4,0,0,1,1,0,0,0,417284.834800000302494,5791624.582800000905991,7.787831899000025,52.268772395000042,0,05240320709700158246
05,5,66,028,2024,03,09,4,2,3,1,0,1,0,0,0,0,0,412761.485999999567866,5793071.589999999850988,7.721186579000062,52.281079522000027,0,05240320709700155163
05,5,66,076,2024,03,17,4,3,8,1,0,0,1,0,0,0,0,400546.659300000406802,5788204.187699999660254,7.543624558000033,52.235258670000064,0,05240320709500180039
05,5,58,024,2024,03,11,4,2,5,3,0,1,1,0,0,0,0,393109.250500000081956,5738292.281300000846386,7.450332103000051,51.785275775000059,0,05240320706000163183
05,5,54,028,2024,03,12,4,3,2,2,0,0,1,0,0,0,0,360729.434600000269711,5747349.304400000721216,6.977535825000075,51.859537034000027,0,05240320705000170315
05,5,15,000,2024,03,12,4,3,0,2,0,1,1,0,0,0,0,407006.738099999725819,5759939.762900000438094,7.645913626000038,51.982339650000029,0,05240320702100239389
05,5,15,000,2024,03,14,4,3,0,7,0,1,0,0,0,0,1,406141.497999999672174,5756696.909299999475479,7.634205104000046,51.953045921000069,0,05240320702100173486
05,5,15,000,2024,03,07,4,3,5,2,0,1,1,0,0,0,0,411392.253999999724329,5761090.685000000521541,7.709456347000071,51.993401712000036,0,05240320702100154480
05,5,15,000,2024,03,15,4,2,8,1,0,0,0,0,1,0,0,404131.889700000174344,5756434.169399999082088,7.605044575000022,51.950341537000043,0,05240320702000179300
05,5,62,036,2024,03,22,4,3,2,6,2,0,1,0,0,0,0,389284.897400000132620,5720235.965099999681115,7.400644691000025,51.622243798000056,0,05240320701930185353