ULAND,UREGBEZ,UKREIS,UGEMEINDE,UJAHR,UMONAT,USTUNDE,UWOCHENTAG,UKATEGORIE,UART,UTYP1,ULICHTVERH,IstRad,IstPKW,IstFuss,IstKrad,IstGkfz,IstSonstige,LINREFX,LINREFY,XGCSWGS84,YGCSWGS84,STRZUSTAND,UIDENTSTLAE
05,5,62,004,2024,03,11,4,3,2,2,0,0,1,0,0,0,0,385037.334599999710917,5714317.566400000825524,7.341252237000049,51.568198726000048,0,05240320701800164091
05,5,62,004,2024,03,05,4,2,0,1,1,1,0,0,0,0,0,383521.765999999828637,5710296.679999999701977,7.320726202000060,51.531748834000041,0,05240320701800146135
05,5,12,000,2024,03,21,4,2,4,6,2,0,1,0,0,0,1,355801.984000000171363,5720051.048000000417233,6.917341415000067,51.613000189000047,0,05240320701400185612
05,5,12,000,2024,03,16,4,3,6,7,0,0,1,1,0,0,0,357995.662499999627471,5711038.160700000822544,6.952645866000069,51.532569250000051,0,05240320701400182395
05,5,13,000,2024,03,13,4,3,2,6,0,0,1,0,0,0,0,366309.739000000059605,5711258.737700000405312,7.072355438000045,51.536581454000043,0,05240320700000176953
05,5,70,020,2024,03,15,3,3,2,6,0,0,1,0,0,0,0,425908.175200000405312,5742794.525499999523163,7.924767513000063,51.831054852000079,0,05240319711400134414
05,5,66,028,2024,03,06,3,3,5,3,1,0,0,0,1,1,0,410027.264000000432134,5794234.361999999731779,7.680807042000026,52.291089912000075,0,05240319709700102867
05,5,66,016,2024,03,17,3,3,2,6,0,0,1,0,1,0,0,404020.320000000298023,5794997.018999999389052,7.592543001000024,52.296928072000071,0,05240319709500134835
05,5,66,076,2024,03,17,3,3,2,6,0,0,1,0,0,0,0,393174.549300000071526,5793309.569800000637770,7.434095470000045,52.279760792000047,0,05240319709500134201
05,5,66,076,2024,03,17,3,3,5,3,0,0,1,0,0,0,1,392869.179999999701977,5793233.814999999478459,7.429645095000069,52.279020543000058,0,05240319709500133319
05,5,66,096,2024,03,10,3,3,2,1,0,0,1,0,0,0,0,385431.070600000210106,5784698.083900000900030,7.323557871000048,52.200812343000052,0,05240319709300363307
05,5,66,008,2024,03,13,3,3,2,6,0,0,1,0,0,0,0,398086.510900000110269,5781011.855799999088049,7.509775994000051,52.170166978000054,0,05240319709300132717
05,5,66,068,2024,03,13,3,3,8,1,0,0,0,0,1,0,0,375789.367499999701977,5781669.481499999761581,7.183658109000021,52.171508792000054,0,05240319709300127464
05,5,58,044,2024,03,16,3,3,0,4,0,0,1,1,0,0,0,396145.879300000146031,5745918.278300000354648,7.492052542000067,51.854391079000038,0,05240319706300183692
05,5,58,016,2024,03,16,3,2,5,3,0,0,1,0,0,0,0,381394.870000000111759,5750825.661000000312924,7.276281972000049,51.895554543000060,0,05240319706100134788
05,5,58,016,2024,03,07,3,3,2,1,0,1,0,0,0,0,0,382650.606999999843538,5743550.826999999582767,7.296994414000039,51.830440072000044,0,05240319706000100278
05,5,54,012,2024,03,19,3,3,8,1,2,0,0,0,1,0,0,352958.739099999889731,5747002.405099999159575,6.864921020000054,51.854426865000050,0,05240319705000136560
05,5,15,000,2024,03,18,3,3,4,2,1,1,1,0,0,0,0,408106.764000000432134,5751402.776000000536442,7.664208247000033,51.905787178000026,0,05240319702100136717
05,5,62,016,2024,03,14,3,3,9,1,0,0,1,0,0,0,0,375124.079499999992549,5734484.393699999898672,7.191087779000043,51.747330154000053,0,05240319701700130974
05,5,66,040,2024,03,11,2,3,5,3,0,1,1,0,0,0,0,425087.728799999691546,5779854.299499999731779,7.904763015000071,52.164087971000072,0,05240318709800071126
05,5,66,092,2024,03,15,2,2,6,4,0,0,1,1,0,0,0,419439.980299999937415,5795142.141300000250340,7.818566823000026,52.300710316000050,1,05240318709700085685
05,5,66,028,2024,03,13,2,3,1,6,0,0,1,0,0,0,0,411844.750000000000000,5789997.243000000715256,7.708555275000037,52.253300222000064,1,05240318709700079212
05,5,66,016,2024,03,12,2,3,0,3,0,0,1,0,1,0,0,403491.184100000187755,5792210.237800000235438,7.585584182000048,52.271788395000044,0,05240318709500083679
05,5,66,024,2024,03,06,2,3,0,6,1,0,1,0,0,0,0,385701.211000000126660,5773447.455000000074506,7.331294195000055,52.099760112000070,1,05240318709300059585
05,5,66,084,2024,03,09,2,3,2,6,0,0,1,0,0,0,0,386689.080799999646842,5780000.969200000166893,7.343526851000036,52.158859778000078,1,05240318709300057491
05,5,58,016,2024,03,07,2,3,5,2,0,0,1,0,0,0,0,381723.832999999634922,5745416.114000000059605,7.282913573000030,51.847008258000074,1,05240318706000066416
05,5,58,016,2024,03,07,2,3,8,1,0,0,0,0,1,0,0,384189.834300000220537,5744199.630499999970198,7.319104510000045,51.836592325000026,1,05240318706000061782
05,5,54,008,2024,03,17,2,2,4,6,0,0,1,0,0,0,0,335385.185899999924004,5743022.319399999454618,6.611868085000026,51.813766565000037,0,05240318705000087944
05,5,15,000,2024,03,16,2,3,5,2,0,1,1,0,0,0,0,409184.835400000214577,5754046.574999999254942,7.679177669000069,51.929728270000055,0,05240318702100085742
05,5,62,008,2024,03,05,2,3,9,1,2,0,1,0,0,0,0,380901.166100000031292,5725126.083599999547005,7.277928158000066,51.664481731000080,1,05240318701910049338
05,5,62,020,2024,03,11,2,3,5,3,0,0,1,0,0,0,0,371433.517400000244379,5715648.494200000539422,7.144586339000057,51.577222082000048,0,05240318701200072184
05,5,62,020,2024,03,09,2,3,0,1,0,0,0,0,1,0,0,372699.083300000056624,5720147.769600000232458,7.161207549000039,51.617944063000039,1,05240318701110057575
05,5,62,032,2024,03,07,2,3,0,1,0,0,0,0,1,0,0,375527.763199999928474,5718238.730399999767542,7.202722228000027,51.601419929000031,1,05240318701110051362
05,5,54,012,2024,03,16,1,3,5,3,0,1,1,0,0,0,0,349915.237999999895692,5750932.745999999344349,6.819054437000034,51.888929519000044,0,05240317705000040673
05,5,54,012,2024,03,08,1,3,2,6,0,1,1,0,0,0,0,352287.329400000162423,5745679.567399999126792,6.855744445000028,51.842364039000074,0,05240317705000036648
05,5,54,028,2024,03,08,1,3,4,6,0,0,1,0,1,0,0,355056.235700000077486,5744577.003299999982119,6.896371368000075,51.833182937000061,0,05240317705000035746
05,5,62,012,2024,03,22,1,3,9,1,2,0,1,0,0,1,0,361086.540599999949336,5731766.783800000324845,6.988957399000071,51.719605854000065,1,05240317701610046324
05,5,62,024,2024,03,12,1,3,2,6,0,0,1,0,1,0,0,367633.531399999745190,5723717.867599999532104,7.086731641000029,51.648858370000028,0,05240317701500038023
05,5,62,032,2024,03,14,1,3,3,6,0,0,1,0,0,0,1,375499.708800000138581,5719702.150900000706315,7.201797682000063,51.614565679000066,0,05240317701110039419
05,5,12,000,2024,03,17,5,3,5,3,0,1,1,0,0,0,0,355804.721800000406802,5709860.132400000467896,6.921562300000062,51.521428473000071,0,05240321701400223139
05,5,13,000,2024,03,14,1,3,2,6,0,0,1,0,0,0,0,365479.608599999919534,5714345.493599999696016,7.059212965000029,51.564123351000035,0,05240317700000041175
05,5,66,028,2024,03,08,7,2,8,7,0,0,0,0,1,0,0,410239.631000000052154,5788430.339999999850988,7.685463820000052,52.238957046000053,1,05240316709700017949
05,5,54,068,2024,03,19,7,3,0,1,2,0,0,0,1,0,0,350874.774000000208616,5766043.083900000900030,6.826428854000028,52.024946891000070,0,05240316705000037450
05,5,54,036,2024,03,08,7,3,5,3,0,0,1,0,0,0,0,367101.855200000107288,5768294.998999999836087,7.061915932000034,52.049306966000074,1,05240316702340020231
05,5,15,000,2024,03,01,7,3,8,7,2,1,0,0,0,0,0,405500.876500000245869,5754836.757300000637770,7.625397192000037,51.936217549000048,1,05240316702100015572
05,5,15,000,2024,03,09,7,3,5,3,0,0,1,0,0,0,0,404684.754999999888241,5759085.980000000447035,7.612350699000046,51.974272033000034,1,05240316702000018392
05,5,62,004,2024,03,12,7,3,2,6,0,0,1,0,0,0,0,382892.722500000149012,5716494.382999999448657,7.309597041000075,51.587321952000082,0,05240316701800021636
05,5,62,016,2024,03,21,7,3,2,2,2,0,1,0,0,0,0,373968.997499999590218,5733743.455700000748038,7.174633202000052,51.740412867000032,0,05240316701700030243
05,5,12,000,2024,03,17,7,3,4,6,0,0,1,0,0,0,0,358751.604199999943376,5711273.681099999696016,6.963442786000030,51.534875257000067,0,05240316701400027374
05,5,12,000,2024,03,11,7,3,2,6,0,0,1,0,0,0,0,355751.028800000436604,5712167.363299999386072,6.919843833000073,51.542146963000050,0,05240316701400020756
05,5,62,014,2024,03,21,7,2,2,6,2,0,1,0,0,0,0,360254.925900000147521,5713616.962799999862909,6.984172942000043,51.556306321000079,0,05240316701300030288
05,5,13,000,2024,03,20,7,3,5,2,2,0,1,0,0,0,0,368460.561700000427663,5707840.836100000888109,7.104625124000052,51.506370847000028,0,05240316700000031808
05,5,70,020,2024,03,16,6,3,9,1,0,0,1,0,0,0,0,428145.517799999564886,5745014.829700000584126,7.956769014000031,51.851307046000045,0,05240315711400008956
05,5,70,028,2024,03,16,6,2,9,1,0,1,0,0,0,0,0,439900.985299999825656,5741850.282400000840425,8.127969032000067,51.824246850000065,0,05240315711400008101
05,5,66,040,2024,03,13,6,3,2,6,0,0,1,0,0,0,0,419063.675699999555945,5783987.472100000828505,7.815722797000035,52.200389602000030,1,05240315709800006282
05,5,66,084,2024,03,13,6,2,4,1,0,0,1,0,0,0,0,389816.577499999664724,5781878.988299999386072,7.388617608000061,52.176370849000079,1,05240315709300003997
05,5,66,080,2024,03,06,6,2,2,2,0,0,1,0,0,0,1,404679.950299999676645,5781706.444399999454618,7.605961032000039,52.177588252000078,0,05240315709110983180
05,5,58,016,2024,03,17,6,2,9,6,0,0,1,0,0,0,0,382729.634100000374019,5743553.483799999579787,7.298139829000036,51.830480546000047,1,05240315706000011941
05,5,54,004,2024,03,15,6,3,5,3,0,1,1,0,0,0,0,362129.752100000157952,5774636.880000000819564,6.986891439000033,52.105076204000056,1,05240315705000005383
05,5,62,004,2024,03,14,6,2,4,2,0,0,1,0,0,0,1,382972.573400000110269,5717055.730200000107288,7.310561939000024,51.592383750000067,0,05240315701800006264
05,5,62,016,2024,03,20,6,3,5,2,2,0,1,0,0,0,0,377491.666000000201166,5731501.441999999806285,7.226415950000046,51.721044909000057,1,05240315701700013587
05,5,62,012,2024,03,07,6,3,5,7,0,0,1,0,0,0,0,361946.623800000175834,5737059.899299999698997,6.999299964000045,51.767381483000065,0,05240315701620987572
05,5,62,012,2024,03,14,6,3,5,2,0,0,1,0,0,0,0,363156.267900000326335,5727782.942900000140071,7.020464698000069,51.684315724000044,0,05240315701610008180
05,5,13,000,2024,03,16,6,3,0,1,1,0,0,0,1,0,0,364301.994699999690056,5712781.559000000357628,7.042837144000032,51.549787105000064,1,05240315700000012201
05,5,13,000,2024,03,14,6,3,5,2,0,0,1,0,0,0,0,366396.400999999605119,5712623.153999999165535,7.073086251000063,51.548863399000027,1,05240315700000004514
05,5,62,032,2024,03,09,6,3,0,1,0,1,0,0,0,0,0,374919.274000000208616,5719719.089299999177456,7.193412686000045,51.614589236000029,1,05240315701110989259
05,5,15,000,2024,03,07,7,3,2,6,0,0,1,0,0,0,0,411787.466000000014901,5759388.455000000074506,7.715648724000062,51.978163763000055,1,05240316702100017983
05,5,70,004,2024,03,18,2,3,3,2,0,1,1,0,0,0,0,424392.141900000162423,5735032.533700000494719,7.904463272000044,51.761074306000069,0,05240318711200091253
05,5,15,000,2024,03,12,2,3,0,3,0,1,1,0,0,0,0,398707.783900000154972,5756031.189899999648333,7.526265835000061,51.945758193000074,0,05240318702100069959
05,5,70,032,2024,03,19,5,3,7,7,2,1,1,0,0,0,0,418365.787899999879301,5764691.989499999210238,7.810140577000027,52.026842759000033,0,05240314711100970301
05,5,66,044,2024,03,16,5,3,0,1,0,0,0,0,1,0,0,427942.884499999694526,5781158.616900000721216,7.946221346000073,52.176192839000066,0,05240314709800965714
05,5,58,044,2024,03,15,5,3,0,3,0,1,0,0,0,0,1,395663.788700000382960,5745125.742300000041723,7.485294493000026,51.847177816000055,0,05240314706300970320
05,5,58,024,2024,03,18,5,3,5,2,0,1,0,0,0,0,0,392607.672600000165403,5736368.443399999290705,7.443658371000026,51.767888308000067,0,05240314706300969172
05,5,58,016,2024,03,18,5,2,9,1,0,0,1,0,0,0,0,384973.369300000369549,5749260.134500000625849,7.328786997000066,51.882234774000040,0,05240314706000971074
05,5,58,044,2024,03,15,5,2,5,2,0,0,1,0,1,0,0,398043.491399999707937,5746776.690700000151992,7.519342290000054,51.862456519000034,0,05240314706000967734
05,5,58,028,2024,03,13,5,2,5,3,0,0,1,0,1,0,0,399136.105999999679625,5733056.721999999135733,7.539195770000049,51.739335483000048,0,05240314706000967090
05,5,54,012,2024,03,16,5,3,5,2,0,1,1,0,0,0,0,352505.551199999637902,5745493.053999999538064,6.858989380000025,51.840745914000081,0,05240314705000967759
05,5,15,000,2024,03,15,5,3,2,6,0,0,1,0,0,0,0,404147.287999999709427,5756413.773600000888109,7.605274249000047,51.950160866000033,0,05240314702100965637
05,5,15,000,2024,03,14,5,3,0,6,0,1,0,0,0,0,0,405891.580900000408292,5752947.373500000685453,7.631595371000060,51.919301030000042,0,05240314702100963972
05,5,15,000,2024,03,12,5,3,1,6,0,0,1,0,0,0,0,404156.077399999834597,5754785.177400000393391,7.605856066000058,51.935523937000028,0,05240314702100957777
05,5,62,016,2024,03,08,5,3,5,2,0,0,1,0,0,0,0,374382.245900000445545,5738492.987099999561906,7.178898249000042,51.783188658000029,0,05240314701700940787
05,5,62,020,2024,03,16,5,3,2,6,0,0,1,0,0,0,0,370164.386599999852479,5717550.538899999111891,7.125577844000077,51.594024451000053,0,05240314701200967245
05,5,13,000,2024,03,16,5,3,5,2,0,0,1,0,1,0,0,367360.678500000387430,5707163.808100000023842,7.089040746000023,51.500029505000043,0,05240314700000965135
05,5,13,000,2024,03,09,5,3,2,7,0,0,1,0,1,0,0,364964.239000000059605,5718347.503499999642372,7.050243034000061,51.599963825000032,0,05240314700000943379
05,5,13,000,2024,03,03,2,3,3,6,2,0,1,0,0,0,0,365737.873999999836087,5707683.892999999225140,7.065476995000040,51.504320166000070,1,05240318700000047756
05,5,62,032,2024,03,11,5,2,2,6,0,0,1,0,0,1,1,380215.022699999623001,5717718.765599999576807,7.270546159000048,51.597763209000050,0,05240314702340962086
05,5,70,004,2024,03,13,4,3,6,4,0,0,1,1,0,0,0,422883.195500000379980,5737316.757999999448657,7.882096258000047,51.781402787000047,1,05240313711200917426
05,5,66,016,2024,03,09,4,3,0,7,0,1,0,0,0,0,0,406590.018400000408292,5790550.588400000706315,7.631445271000075,52.257406678000052,0,05240313709700904080
05,5,58,028,2024,03,20,4,3,0,1,2,1,0,0,0,0,0,400029.862099999561906,5728181.426500000059605,7.553534563000028,51.695673930000055,1,05240313706300927955
05,5,58,036,2024,03,14,4,2,9,1,0,0,1,0,0,0,0,388163.111299999989569,5728393.390799999237061,7.381836770000064,51.695340113000043,1,05240313706300925597
05,5,54,024,2024,03,23,4,3,2,1,2,1,0,0,0,0,0,370104.266200000420213,5776897.443399999290705,7.102397247000056,52.127319400000033,0,05240313705000931050
05,5,54,056,2024,03,12,4,3,6,2,0,0,1,1,0,0,0,356840.930900000035763,5762420.039300000295043,6.914839023000070,51.993965595000077,1,05240313705000917565
05,5,54,008,2024,03,05,4,3,5,2,2,1,1,0,0,0,0,334474.303000000305474,5745639.015000000596046,6.597415106000028,51.837004201000070,1,05240313705000891994
05,5,54,004,2024,03,16,4,3,2,6,0,0,1,0,0,0,0,363955.325199999846518,5772102.569700000807643,7.014541567000038,52.082756377000067,1,05240313705000012998
05,5,66,028,2024,03,07,4,3,2,6,0,0,1,0,0,0,0,409866.881500000134110,5791294.198599999770522,7.679242111000065,52.264637026000059,0,05240313702350896898
05,5,15,000,2024,03,18,4,3,5,3,1,0,1,0,0,0,0,411868.650999999605119,5760283.799000000581145,7.716600416000063,51.986224650000054,1,05240313702100926822
05,5,15,000,2024,03,13,4,3,0,3,0,1,0,0,0,0,0,403014.672399999573827,5758718.906099999323487,7.588148389000025,51.970683722000047,1,05240313702100919195
05,5,62,012,2024,03,16,4,3,6,4,0,0,1,1,0,0,0,363636.760300000198185,5731984.303400000557303,7.025767787000063,51.722186357000055,1,05240313701620922866
05,5,12,000,2024,03,13,4,3,2,6,0,0,1,0,0,0,0,355572.249699999578297,5718601.380100000649691,6.914622831000031,51.599915163000048,0,05240313701400917576
05,5,13,000,2024,03,17,4,3,1,5,1,1,1,0,0,0,1,367943.986299999989569,5713478.549900000914931,7.095071963000066,51.556914872000050,0,05240313700000925050
05,5,13,000,2024,03,14,4,3,2,6,0,0,1,0,0,0,0,368065.883100000210106,5707896.929700000211596,7.098920508000049,51.506782942000029,1,05240313700000918122
05,5,62,028,2024,03,20,3,3,5,2,2,0,1,0,1,0,0,381147.012900000438094,5721999.840800000354648,7.282543605000058,51.636436832000072,0,05240319701920137642
05,5,62,004,2024,03,18,7,3,5,7,0,0,1,0,0,0,1,383308.046900000423193,5711419.947699999436736,7.317274088000033,51.541800397000031,0,05240316701800028581
05,5,54,024,2024,03,16,4,3,5,2,0,0,1,0,1,0,0,370216.684100000187755,5778108.165999999269843,7.103576501000020,52.138225151000029,0,05240320705000179784
05,5,66,076,2024,03,07,3,3,5,1,0,1,0,0,0,0,0,393261.184999999590218,5793024.268999999389052,7.435455225000055,52.277213573000040,1,05240312709500849736
05,5,66,072,2024,03,16,3,3,5,3,0,0,1,0,0,0,0,407545.516099999658763,5799848.893200000748038,7.642887284000039,52.341141069000059,0,05240312709000880616
05,5,54,040,2024,03,14,3,2,5,3,0,1,1,0,0,0,0,351653.419300000183284,5737260.872500000521541,6.850152081000033,51.766554748000033,1,05240312705000877416
05,5,54,004,2024,03,06,3,3,5,2,2,0,1,0,0,0,0,356586.623900000005960,5776808.411100000143051,6.905096292000053,52.123177653000027,1,05240312705000849484
05,5,15,000,2024,03,14,3,3,7,1,0,0,0,0,1,0,0,405712.395600000396371,5753689.544199999421835,7.628787412000065,51.925941719000036,0,05240312702330890375
05,5,15,000,2024,03,14,3,3,0,2,0,1,0,0,0,0,1,405967.847000000067055,5756445.962999999523163,7.631747640000071,51.950760965000029,1,05240312702100875158
05,5,15,000,2024,03,09,3,3,0,1,0,1,0,0,0,0,0,405800.303600000217557,5757043.090099999681115,7.629146793000075,51.956099864000066,1,05240312702100857164
05,5,15,000,2024,03,02,3,3,0,1,2,1,0,0,0,0,0,406360.792999999597669,5757345.293700000271201,7.637218516000075,51.958910878000040,1,05240312702100844123
05,5,62,008,2024,03,14,3,3,6,4,0,1,0,1,0,0,0,384806.782999999821186,5722533.400800000876188,7.335228174000065,51.641993728000045,0,05240312701910879725
05,5,62,004,2024,03,19,3,3,0,7,1,0,0,1,0,0,1,382554.520600000396371,5714923.974300000816584,7.305242746000033,51.573137253000027,0,05240312701800884807
05,5,62,004,2024,03,12,3,3,1,6,0,0,1,0,0,0,0,383221.895200000144541,5718056.508500000461936,7.313826396000024,51.601430163000032,0,05240312701800877508
05,5,62,012,2024,03,06,3,3,4,7,1,0,1,0,0,0,0,356469.244300000369549,5724464.153500000014901,6.925162647000036,51.652825220000068,1,05240312701610851633
05,5,62,020,2024,03,19,3,2,5,2,2,0,1,0,1,0,0,369663.793999999761581,5719677.551000000908971,7.117564515000026,51.613023705000046,0,05240312701200884180
05,5,13,000,2024,03,18,3,3,3,6,1,0,1,0,0,0,0,362990.228400000371039,5711315.313899999484420,7.024500514000067,51.536293977000071,0,05240312700000884459
05,5,70,004,2024,03,15,2,3,2,6,0,0,1,0,0,0,0,422979.086500000208616,5736155.474899999797344,7.883743666000044,51.770976531000031,1,05240311711200836241
05,5,70,052,2024,03,09,2,3,6,7,0,1,0,1,0,0,0,428775.457899999804795,5752465.417899999767542,7.964375070000074,51.918366097000046,1,05240311711100810351
05,5,66,028,2024,03,07,2,3,5,3,1,1,1,0,0,0,0,410804.273000000044703,5788369.631599999964237,7.693746660000045,52.238503164000065,1,05240311709700803605
05,5,54,012,2024,03,16,2,3,1,2,1,0,1,0,0,0,0,353010.025999999605119,5747269.254000000655651,6.865551672000038,51.856837994000045,1,05240311705000836213
05,5,54,032,2024,03,13,2,3,5,3,0,0,1,0,0,0,0,325671.685399999842048,5746032.825300000607967,6.469578886000022,51.837863678000076,1,05240311705000828349
05,5,54,052,2024,03,10,2,3,8,1,0,0,1,0,0,0,0,380854.962399999611080,5770041.813799999654293,7.261765687000036,52.068132278000064,0,05240311705000816289
05,5,54,044,2024,03,09,2,2,5,3,0,1,1,0,0,0,0,364973.650999999605119,5744166.016000000759959,7.040373057000068,51.831975325000030,1,05240311705000809952
05,5,54,048,2024,03,07,2,3,5,2,0,0,1,0,0,0,0,342650.958999999798834,5744848.884999999776483,6.716353123000033,51.832269086000053,1,05240311705000807288
05,5,62,012,2024,03,18,2,3,9,7,2,0,1,0,0,0,0,360088.793399999849498,5739718.369000000879169,6.971322520000058,51.790808422000055,1,05240311702340840822
05,5,62,028,2024,03,15,2,2,4,6,0,0,1,0,0,0,1,380276.251199999824166,5722685.912599999457598,7.269732317000035,51.642418177000081,1,05240311701920836125
05,5,62,020,2024,03,14,2,3,2,6,0,0,1,0,0,1,0,371731.963800000026822,5713114.537399999797344,7.149815774000047,51.554517577000070,1,05240311701200833873
05,5,13,000,2024,03,09,2,3,5,2,0,0,1,0,0,0,0,367968.176799999549985,5711125.749299999326468,7.096303597000031,51.535776654000074,1,05240311700000939230
05,5,13,000,2024,03,05,2,3,3,6,2,0,1,0,1,0,0,366058.845999999903142,5711856.856300000101328,7.068512491000035,51.541897006000056,1,05240311700000800672
05,5,62,014,2024,03,07,4,3,6,4,0,0,1,1,0,0,0,360420.093500000424683,5717483.463300000876188,6.985017653000057,51.591091792000043,0,05240320701300146501
05,5,70,032,2024,03,15,1,3,8,1,0,0,0,0,1,0,0,416327.424599999561906,5771850.388900000602007,7.778683800000067,52.090884630000062,0,05240310711100792775
05,5,70,036,2024,03,10,1,3,5,3,0,1,1,0,0,0,0,434381.362999999895692,5760749.994999999180436,8.044291439000062,51.993531449000045,0,05240310711100787664
05,5,66,004,2024,03,10,1,2,8,1,0,0,1,0,0,0,0,392744.554999999701977,5769671.379399999976158,7.435268206000046,52.067233062000071,0,05240310709110787710
05,5,58,024,2024,03,16,1,3,5,6,0,1,0,0,0,0,0,393282.986700000241399,5736329.688699999824166,7.453453148000051,51.767669114000057,0,05240310706300792490
05,5,58,040,2024,03,15,1,3,0,1,0,0,0,0,0,0,1,381664.378299999982119,5764608.392999999225140,7.275449544000026,52.019476676000068,0,05240310706000791830
05,5,58,024,2024,03,12,1,3,4,2,0,0,1,0,0,0,0,387850.779299999587238,5737416.220300000160933,7.374411859000077,51.776372721000030,0,05240310706000791220
05,5,54,020,2024,03,06,1,3,5,3,0,1,1,0,0,0,0,366845.865500000305474,5783560.696000000461936,7.052213181000070,52.186416883000049,0,05240310705000785653
05,5,15,000,2024,03,16,1,3,6,4,0,1,0,1,0,0,0,405136.542899999767542,5757036.713800000026822,7.619492111000056,51.955929716000071,0,05240310702100792210
05,5,70,008,2024,03,21,1,2,3,6,2,0,1,0,0,0,0,436169.768699999898672,5738315.965800000354648,8.074487865000037,51.792059236000057,0,05240310301911797783
05,5,70,032,2024,03,21,7,3,8,1,2,0,0,0,1,0,0,419791.947999999858439,5768034.595100000500679,7.830138581000028,52.057097569000064,0,05240309711100783804
05,5,66,056,2024,03,15,7,3,6,2,0,0,1,1,0,0,0,417149.328099999576807,5796707.153500000014901,7.784596689000068,52.314436626000031,0,05240309709700774723
05,5,66,016,2024,03,16,7,3,0,3,0,1,1,0,0,0,0,403560.123900000005960,5795330.237299999222159,7.585701438000058,52.299842362000049,0,05240309709500775858
05,5,66,076,2024,03,13,7,3,0,1,0,0,1,0,0,0,0,394828.103199999779463,5790467.052100000903010,7.459210609000024,52.254533114000026,0,05240309709500772355
05,5,58,024,2024,03,13,7,3,5,3,0,1,1,0,0,0,0,385192.850499999709427,5737500.860500000417233,7.335874869000065,51.776594525000064,0,05240309706300776402
05,5,58,008,2024,03,19,7,2,5,3,2,0,1,0,0,0,1,381898.843000000342727,5759129.507999999448657,7.280752332000077,51.970288382000035,0,05240309706000778948
05,5,58,016,2024,03,16,7,2,5,3,0,0,1,0,1,0,0,375926.877100000157952,5743222.152100000530481,7.199586255000042,51.826033441000050,0,05240309706000775974
05,5,54,012,2024,03,16,7,3,6,7,0,1,0,1,0,0,0,352817.149400000460446,5746226.095000000670552,6.863197144000026,51.847414456000081,0,05240309705000777506
05,5,54,004,2024,03,15,7,3,2,1,0,0,1,0,0,0,0,363520.564100000075996,5770456.999299999326468,7.008858911000061,52.067863248000037,0,05240309705000776802
05,5,54,012,2024,03,13,7,2,5,3,0,0,1,0,0,0,1,349313.664499999955297,5742882.898000000044703,6.813828593000039,51.816442384000027,0,05240309705000774105
05,5,54,040,2024,03,13,7,3,9,7,0,0,0,0,1,0,0,352708.582100000232458,5738309.065500000491738,6.864987549000034,51.776251393000052,0,05240309705000773225
05,5,15,000,2024,03,12,7,3,0,7,0,1,0,0,0,0,1,405041.432000000029802,5757876.854000000283122,7.617876186000046,51.963465001000031,0,05240309702100772197
05,5,62,008,2024,03,16,7,3,5,3,0,0,1,0,1,0,0,382476.269700000062585,5721086.239000000059605,7.302049261000036,51.628505072000053,0,05240309701910832606
05,5,62,008,2024,03,05,7,3,5,2,2,1,1,0,0,0,0,384829.116899999789894,5722582.986899999901652,7.335534475000031,51.642443967000077,0,05240309701910767228
05,5,62,004,2024,03,14,7,3,2,6,0,0,1,0,0,0,0,383384.563699999824166,5719379.220799999311566,7.315734138000039,51.613351977000036,0,05240309701800774335
05,5,62,024,2024,03,04,7,2,0,1,2,0,1,0,0,0,0,372460.776800000108778,5725516.881899999454618,7.155810246000044,51.666141534000076,0,05240309701500766930
05,5,12,000,2024,03,23,7,3,0,1,2,1,0,0,0,0,0,356931.425499999895692,5712533.876299999654293,6.936704925000072,51.545740831000046,0,05240309701400880737
05,5,13,000,2024,03,14,7,3,6,2,0,0,1,1,0,0,0,366966.212899999693036,5706135.945399999618530,7.083748512000057,51.490699708000079,0,05240309700000773232
05,5,70,044,2024,03,15,6,3,5,3,0,0,1,0,1,0,0,416026.387400000356138,5759555.187400000169873,7.777309922000029,51.980319314000042,1,05240315711100007356
05,5,70,008,2024,04,13,3,3,2,6,0,0,1,0,0,0,0,430712.910799999721348,5732476.646800000220537,7.996542926000075,51.738914782000052,1,05240409711300792826
05,5,70,044,2024,04,00,3,3,6,6,2,0,1,1,0,0,0,414872.690700000151992,5759683.838999999687076,7.760483926000063,51.981300179000073,0,05240409711100758441
05,5,66,040,2024,04,15,3,3,5,3,0,1,1,0,0,0,0,419380.373800000175834,5780540.185000000521541,7.821175508000067,52.169449144000055,1,05240409709800796873
05,5,66,056,2024,04,14,3,3,5,1,0,0,1,0,0,1,0,417828.996000000275671,5793008.106000000610948,7.795467405000068,52.281289845000060,0,05240409709700792739
05,5,54,012,2024,04,16,3,3,5,2,0,1,1,0,0,0,0,352060.507000000216067,5753438.296000000089407,6.849129095000023,51.912014744000032,0,05240409705000796770
05,5,54,056,2024,04,11,3,3,5,2,0,1,1,0,0,0,0,358017.474000000394881,5761219.327999999746680,6.932460758000047,51.983479093000028,0,05240409705000785921