ULAND,UREGBEZ,UKREIS,UGEMEINDE,UJAHR,UMONAT,USTUNDE,UWOCHENTAG,UKATEGORIE,UART,UTYP1,ULICHTVERH,IstRad,IstPKW,IstFuss,IstKrad,IstGkfz,IstSonstige,LINREFX,LINREFY,XGCSWGS84,YGCSWGS84,STRZUSTAND,UIDENTSTLAE
05,5,62,004,2024,04,06,3,2,1,5,1,0,0,0,0,1,1,382523.600599999539554,5718298.718100000172853,7.303667243000064,51.603461827000046,1,05240409702340766536
05,5,15,000,2024,04,13,3,3,8,5,0,0,1,0,0,0,0,407644.232599999755621,5754407.666899999603629,7.656680703000063,51.932720484000072,1,05240409702100797369
05,5,62,008,2024,04,20,3,3,5,3,2,0,1,0,0,0,1,385075.357200000435114,5723626.790100000798702,7.338748621000036,51.651875753000070,0,05240409701910801968
05,5,12,000,2024,04,09,3,3,5,3,0,0,1,0,0,0,1,356963.989000000059605,5712697.478000000119209,6.937107712000056,51.547219182000049,0,05240409701400925819
05,5,62,014,2024,04,18,3,2,5,3,0,1,1,0,0,0,0,361550.727699999697506,5713177.711300000548363,7.003025567000066,51.552678642000046,0,05240409701300799820
05,5,62,014,2024,04,16,3,3,5,2,0,0,1,0,0,0,0,358379.457999999634922,5716295.026000000536442,6.956058398000039,51.579903422000029,0,05240409701300796964
05,5,62,014,2024,04,09,3,3,5,3,0,0,1,0,0,0,1,356787.544599999673665,5714537.725199999287724,6.933815371000037,51.563710510000078,1,05240409701300779050
05,5,62,020,2024,04,08,3,3,5,3,0,0,1,0,0,0,0,373562.801300000399351,5713307.314200000837445,7.176140616000055,51.556663384000046,1,05240409701200769071
05,5,70,008,2024,04,07,3,2,5,6,0,0,1,0,0,0,1,433229.200799999758601,5736940.488500000908971,8.032121950000032,51.779350388000069,1,05240409301911774985
05,5,70,028,2024,04,07,2,3,5,2,0,0,1,0,0,0,0,440597.430599999614060,5741976.114800000563264,8.138051553000025,51.825452594000069,1,05240408711400816387
05,5,70,008,2024,04,16,2,2,4,6,0,0,1,0,0,0,1,435280.637600000016391,5734489.477800000458956,8.062310962000026,51.757556558000033,0,05240408711300752778
05,5,70,004,2024,04,14,2,3,5,3,0,1,1,0,0,0,0,424745.733000000007451,5735114.244000000879169,7.909568008000065,51.761856488000035,0,05240408711200746874
05,5,70,004,2024,04,14,2,3,8,1,0,0,1,0,0,0,0,420079.682300000451505,5734218.024000000208616,7.842177624000044,51.753153390000080,0,05240408711200746835
05,5,66,072,2024,04,17,2,3,2,6,0,0,1,0,0,0,0,413308.627000000327826,5800886.539000000804663,7.727191072000039,52.351408859000060,0,05240408709700753486
05,5,66,068,2024,04,18,2,2,8,1,0,0,0,0,1,0,0,379482.228699999861419,5782054.598500000312924,7.237494206000065,52.175788475000047,0,05240408709300753198
05,5,66,084,2024,04,13,2,3,5,1,0,0,1,0,0,0,0,390513.820500000379980,5774575.119200000539422,7.401163180000026,52.110868104000076,0,05240408709300742435
05,5,15,000,2024,04,17,2,3,5,2,0,0,1,0,0,0,1,405641.779000000096858,5756986.567999999970198,7.626856082000074,51.955564942000080,0,05240408702100752160
05,5,15,000,2024,04,10,2,3,6,2,0,0,1,1,0,0,0,407408.742999999783933,5756872.515000000596046,7.652592726000023,51.954836785000055,0,05240408702100730907
05,5,15,000,2024,04,08,2,3,5,3,0,1,1,0,0,0,0,406837.933699999935925,5758484.320100000128150,7.643851494000046,51.969229159000065,1,05240408702100718527
05,5,15,000,2024,04,00,2,3,2,6,2,0,1,0,0,0,1,409070.625000000000000,5752862.370100000873208,7.677829896000048,51.919065187000058,1,05240408702100713052
05,5,62,028,2024,04,13,2,3,5,3,0,1,0,0,0,0,0,379390.279699999839067,5722475.636199999600649,7.257006946000047,51.640339037000047,0,05240408701920743192
05,5,62,024,2024,04,19,2,3,5,2,0,1,1,0,0,0,0,371201.904099999926984,5725586.221200000494719,7.137591969000027,51.666477523000026,0,05240408701500754470
05,5,62,014,2024,04,08,2,3,5,3,0,0,1,0,0,1,0,360759.723799999803305,5714857.012800000607967,6.990958673000023,51.567574360000037,0,05240408701300726385
05,5,62,032,2024,04,08,2,3,5,2,0,0,1,0,1,0,0,374380.036000000312924,5719885.343000000342727,7.185568874000069,51.615963291000071,0,05240408701110720927
05,5,13,000,2024,04,19,2,3,1,5,0,1,1,0,0,0,0,368921.705000000074506,5707039.940999999642372,7.111563548000049,51.499280486000032,0,05240408700000755091
05,5,13,000,2024,04,07,2,2,6,4,0,0,1,0,0,0,1,369959.054999999701977,5707571.592000000178814,7.126303962000065,51.504297990000055,1,05240408700000718639
05,5,70,008,2024,04,15,1,2,0,7,0,1,0,0,0,0,0,434266.526100000366569,5740181.043999999761581,8.046542058000057,51.808605892000060,0,05240407711300706626
05,5,70,016,2024,04,14,1,2,3,2,0,0,1,0,1,0,0,409091.341000000014901,5743601.151000000536442,7.680570372000034,51.835821730000077,0,05240407711200706045
05,5,66,076,2024,04,15,1,2,5,3,0,1,1,0,0,0,0,393195.650000000372529,5793292.460999999195337,7.434410070000069,52.279611133000060,0,05240407709500706004
05,5,54,028,2024,04,18,1,3,8,1,0,0,0,0,0,0,1,360441.798899999819696,5746835.476299999281764,6.973569146000045,51.854848149000077,0,05240407705000708417
05,5,15,000,2024,04,17,1,3,5,3,0,1,1,0,0,0,0,410234.736999999731779,5751951.529999999329448,7.694989449000047,51.911066755000036,0,05240407702100708130
05,5,12,000,2024,04,16,1,3,5,7,0,1,1,0,0,0,0,357352.655600000172853,5713359.374600000679493,6.942440840000074,51.553265266000039,0,05240407701400706945
05,5,62,014,2024,04,23,1,3,3,6,2,0,1,0,0,0,0,360773.036799999885261,5714865.282199999317527,6.991147358000035,51.567651957000066,1,05240407701300712990
05,5,62,014,2024,04,16,1,2,4,2,0,0,1,0,1,0,0,360977.077100000344217,5715179.633799999952316,6.993965066000044,51.570527095000045,0,05240407701300706821
05,5,13,000,2024,04,15,1,2,6,4,0,0,1,1,0,0,0,367362.216300000436604,5707176.119100000709295,7.089058260000058,51.500140501000033,0,05240407700000706146
05,5,70,028,2024,04,23,7,3,9,1,2,0,1,0,0,0,0,440767.959400000050664,5741154.629499999806285,8.140666204000070,51.818085367000037,0,05240406711400697275
05,5,66,084,2024,04,20,7,3,1,1,2,1,1,0,0,0,0,385395.698900000192225,5779786.638299999758601,7.324700160000020,52.156666645000030,0,05240406709300695123
05,5,58,040,2024,04,16,7,2,8,1,0,0,0,0,1,0,0,376222.608000000007451,5762568.278799999505281,7.196923318000074,51.999955969000041,0,05240406706200692714
05,5,54,064,2024,04,17,7,2,8,1,0,0,1,0,0,0,0,357679.357800000347197,5755142.434900000691414,6.930057653000063,51.928790811000056,0,05240406705000692383
05,5,54,036,2024,04,14,7,2,5,3,0,0,0,0,1,0,1,365772.067499999888241,5764539.022399999201298,7.044009306000021,52.015236596000079,0,05240406705000690225
05,5,54,064,2024,04,13,7,3,0,3,0,0,0,0,1,0,1,357450.885999999940395,5750943.288000000640750,6.928474455000071,51.891002135000065,0,05240406705000687799
05,5,54,064,2024,04,10,7,3,2,6,0,0,0,0,1,0,0,360788.120000000111759,5755934.302999999374151,6.974920922000024,51.936692215000051,0,05240406705000684852
05,5,15,000,2024,04,20,7,3,4,1,1,1,1,0,0,0,1,405017.786299999803305,5757716.040699999779463,7.617576605000068,51.962015508000036,0,05240406702100695706
05,5,15,000,2024,04,16,7,2,2,6,0,0,1,0,1,0,0,401552.307400000281632,5761582.704600000753999,7.566045452000026,51.996166921000054,0,05240406702100691416
05,5,62,036,2024,04,13,7,3,4,6,0,0,1,0,0,0,0,386312.011800000444055,5717798.218299999833107,7.358508712000059,51.599740954000026,0,05240406701930689947
05,5,62,012,2024,04,02,7,2,8,1,2,1,0,0,0,0,0,359396.031999999657273,5726216.310799999162555,6.966737587000068,51.669309402000067,0,05240406701610681650
05,5,12,000,2024,04,13,7,3,4,6,0,0,1,0,0,0,1,357695.379999999888241,5710969.153999999165535,6.948347399000056,51.531873557000040,0,05240406701400687428
05,5,12,000,2024,04,10,7,3,5,2,0,1,1,0,0,0,0,356029.639000000432134,5710774.948000000789762,6.924428111000054,51.529706183000030,0,05240406701400685985
05,5,13,000,2024,04,11,7,3,5,3,0,0,1,0,0,0,0,366835.104000000283122,5712777.752000000327826,7.079351143000054,51.550356412000042,0,05240406700000688447
05,5,70,040,2024,04,06,3,3,5,3,1,1,1,0,0,0,0,412975.609899999573827,5747543.685599999502301,7.735938010000041,51.871879931000080,1,05240409711200767019
05,5,66,040,2024,04,16,6,3,0,3,0,1,1,0,0,0,0,423086.035299999639392,5781492.000600000843406,7.875132501000053,52.178533900000048,0,05240405709800675750
05,5,54,008,2024,04,21,6,3,5,3,2,0,1,0,0,0,0,334509.368700000457466,5745941.589299999177456,6.597778870000070,51.839732707000053,0,05240405705000680671
05,5,54,012,2024,04,15,6,3,6,4,0,0,1,1,0,0,0,352228.876899999566376,5745929.369799999520183,6.854789839000034,51.844593022000026,0,05240405705000673723
05,5,66,032,2024,04,17,6,3,2,6,0,0,1,0,0,0,0,413439.418499999679625,5778446.108899999409914,7.734862582000062,52.149726622000060,0,05240405702350678140
05,5,15,000,2024,04,12,6,2,5,3,0,1,1,0,0,0,0,405195.305999999865890,5750115.514000000432134,7.622253348000072,51.893728750000037,1,05240405702100668301
05,5,15,000,2024,04,07,6,3,5,2,1,1,1,0,0,0,0,406305.053000000305474,5756676.910000000149012,7.636589821000030,51.952893736000078,1,05240405702100649062
05,5,62,020,2024,04,09,6,2,2,6,0,0,0,0,1,0,0,371448.090499999932945,5717811.994000000879169,7.144004216000042,51.596668506000071,1,05240405701200653930
05,5,62,032,2024,04,11,6,3,2,6,0,0,1,0,0,0,0,374794.253299999982119,5719410.543199999257922,7.191718156000036,51.611788517000036,1,05240405701110661646
05,5,62,004,2024,04,12,2,3,2,2,0,0,1,0,0,0,0,383224.754999999888241,5711780.001000000163913,7.315954076000025,51.545019247000027,0,05240408701800733821
05,5,70,032,2024,04,03,5,3,8,1,2,0,1,0,0,0,0,419162.439199999906123,5768704.310499999672174,7.820800545000054,52.063026129000036,1,05240404711100603494
05,5,66,076,2024,04,14,5,3,0,7,0,1,0,0,0,0,0,396456.354299999773502,5787068.025800000876188,7.484097112000029,52.224293414000044,0,05240404709500632162
05,5,66,076,2024,04,13,5,3,5,3,0,0,1,0,0,0,1,391173.458200000226498,5791892.378799999132752,7.405231881000020,52.266631897000082,1,05240404709500627914
05,5,66,008,2024,04,14,5,2,5,2,0,0,1,0,1,0,0,398396.082999999634922,5781169.694000000134110,7.514253778000068,52.171642660000032,0,05240404709110632420
05,5,58,044,2024,04,07,5,3,0,3,0,1,1,0,0,0,0,394957.281499999575317,5745923.132300000637770,7.474799355000073,51.854212269000072,1,05240404706000608683
05,5,62,004,2024,04,17,5,2,8,1,0,0,1,0,0,0,0,380651.296199999749660,5713364.266100000590086,7.278321823000056,51.558719578000080,1,05240404702340636097
05,5,15,000,2024,04,17,5,3,5,3,0,0,1,0,0,0,0,405647.490399999544024,5755619.587400000542402,7.627314427000044,51.943278871000075,1,05240404702100635482
05,5,15,000,2024,04,08,5,3,6,4,0,0,1,1,0,0,0,405011.702499999664724,5761179.607100000604987,7.616529311000022,51.993146290000027,1,05240404702100612279
05,5,12,000,2024,04,06,5,3,5,2,1,0,1,0,1,0,0,356199.832000000402331,5710486.476299999281764,6.926997769000025,51.527157404000036,1,05240404701400604892
05,5,62,032,2024,04,08,5,3,5,3,0,0,1,0,0,0,1,377717.172199999913573,5715595.430800000205636,7.235240201000067,51.578143386000079,1,05240404701120609486
05,5,70,008,2024,04,11,4,3,5,2,0,1,0,0,0,0,1,433121.393099999986589,5733901.188999999314547,8.031144597000036,51.752014116000055,1,05240403711300581266
05,5,66,032,2024,04,12,4,3,9,1,0,0,1,0,0,0,0,412733.026800000108778,5778057.198699999600649,7.724640875000034,52.146119728000031,1,05240403709800592988
05,5,66,084,2024,04,20,4,3,9,1,2,0,1,0,0,0,0,386476.799499999731779,5782110.014599999412894,7.339719439000021,52.177769999000077,1,05240403709300599533
05,5,58,016,2024,04,18,4,2,0,3,0,1,1,0,0,0,0,381181.932000000029802,5742811.913200000301003,7.275944581000033,51.823488884000028,1,05240403706000598382
05,5,15,000,2024,04,16,4,3,0,3,0,1,0,0,0,0,1,405374.896399999968708,5755858.841099999845028,7.623283986000047,51.945383093000032,1,05240403702100594574
05,5,15,000,2024,04,12,4,3,5,2,0,1,1,0,0,0,0,406574.788300000131130,5757655.558000000193715,7.640247566000028,51.961735682000040,0,05240403702100583232
05,5,62,008,2024,04,16,4,3,1,2,0,0,1,0,0,0,0,384613.348399999551475,5722133.356899999082088,7.332565841000076,51.638358598000082,1,05240403701910595025
05,5,62,008,2024,04,09,4,3,2,2,0,1,1,0,0,0,0,386033.547500000335276,5724056.425000000745058,7.352453164000053,51.655932278000080,1,05240403701910577974
05,5,62,012,2024,04,12,4,3,2,6,0,0,1,0,0,0,0,361262.502999999560416,5728173.087999999523163,6.992933041000072,51.687356859000033,1,05240403701610584261
05,5,12,000,2024,04,23,4,2,6,4,2,0,1,1,0,0,0,357270.525799999944866,5711069.034499999135733,6.942185897000059,51.532663832000026,1,05240403701400601225
05,5,12,000,2024,04,19,4,3,2,6,1,0,1,0,0,0,1,356690.733500000089407,5709656.884099999442697,6.934407018000059,51.519827611000039,1,05240403701400597880
05,5,13,000,2024,04,10,4,3,6,4,0,0,0,1,1,0,0,368691.841099999845028,5710208.369599999859929,7.107073655000022,51.527701165000053,1,05240403700000577613
05,5,54,020,2024,04,13,7,3,4,2,0,0,1,0,1,0,0,365760.873999999836087,5787057.070000000298023,7.034966223000026,52.217570068000043,0,05240406705000687593
05,5,62,032,2024,04,14,6,2,1,5,0,1,1,0,0,0,0,376085.067699999548495,5714757.317500000819564,7.211993929000073,51.570254634000037,0,05240405701120669197
05,5,58,024,2024,04,12,7,3,4,2,0,1,1,0,0,0,0,395570.117999999783933,5737687.760999999940395,7.486177282000028,51.780306991000032,0,05240406706300686771
05,5,70,028,2024,04,13,4,3,2,6,0,0,1,0,0,0,1,442458.716099999845028,5741067.292899999767542,8.165207229000032,51.817476844000055,1,05240403400410590022
05,5,66,048,2024,04,08,3,3,5,3,0,1,1,0,0,0,0,431082.761199999600649,5795698.969399999827147,7.989165924000076,52.307300006000048,0,05240402709700046992
05,5,66,060,2024,04,10,3,3,7,1,0,1,0,0,0,0,0,389545.030100000090897,5790279.809699999168515,7.381906435000076,52.251815137000051,0,05240402709500534724
05,5,15,000,2024,04,14,3,3,0,3,0,1,1,0,0,0,0,409779.618400000035763,5753868.795099999755621,7.687872388000073,51.928226985000038,0,05240402702100549280
05,5,66,076,2024,04,10,7,3,0,1,0,1,0,0,0,0,0,392980.178500000387430,5793267.885399999096990,7.431260667000060,52.279348360000029,0,05240406709500685132
05,5,62,004,2024,04,15,3,3,2,2,0,0,1,0,0,0,1,382853.175900000147521,5713332.938500000163913,7.310080715000026,51.558899623000059,1,05240402701800553829
05,5,62,012,2024,04,17,3,3,4,2,0,0,1,0,0,0,0,363309.080500000156462,5727799.552500000223517,7.022667309000042,51.684502197000029,1,05240402701610556352
05,5,62,012,2024,04,11,3,3,4,7,0,1,0,0,0,0,1,358687.523900000378489,5727642.247199999168515,6.955921940000053,51.681944735000059,1,05240402701610538096
05,5,12,000,2024,04,14,3,3,0,1,0,1,0,0,0,0,0,356596.907999999821186,5711964.959000000730157,6.932115809000038,51.540543750000040,1,05240402701400547491
05,5,12,000,2024,04,10,3,3,3,6,0,0,1,0,0,1,0,356337.323699999600649,5710273.905999999493361,6.929065127000058,51.525282282000035,0,05240402701400538545
05,5,62,014,2024,04,16,3,3,2,6,0,0,1,0,0,0,0,358943.044800000265241,5718441.241200000047684,6.963324281000041,51.599330434000080,0,05240402701300555349
05,5,13,000,2024,04,18,3,2,0,1,0,0,0,0,1,0,0,364583.692699999548495,5714032.642100000753999,7.046415757000034,51.561097530000040,1,05240402700000556417
05,5,13,000,2024,04,15,3,3,2,7,0,0,1,0,0,1,0,367545.542000000365078,5707093.344000000506639,7.091728974000034,51.499439612000060,1,05240402700000552584
05,5,54,016,2024,04,14,6,3,0,2,0,0,1,0,1,0,0,362203.781700000166893,5758485.285800000652671,6.994477916000051,51.959966468000061,1,05240405705000673348
05,5,54,012,2024,04,12,6,2,9,1,0,0,1,0,0,0,0,350259.580900000408292,5744209.221699999645352,6.826967827000033,51.828613304000044,1,05240405705000661811
05,5,15,000,2024,04,08,2,3,9,1,0,1,0,0,0,0,0,405560.887000000104308,5751949.187500000000000,7.627062048000028,51.910272841000051,0,05240408702100722236
05,5,70,028,2024,04,12,2,3,5,3,0,0,1,0,0,0,0,445917.066399999894202,5738503.962300000712276,8.215774791000058,51.794776850000062,1,05240401711300513188
05,5,58,028,2024,04,22,2,3,8,1,2,0,1,0,0,0,0,403468.464999999850988,5730419.832000000402331,7.602651544000025,51.716396287000066,0,05240401706000521456
05,5,54,060,2024,04,18,2,3,5,3,0,0,1,0,0,0,0,350101.609199999831617,5756121.931199999526143,6.819502565000050,51.935602330000052,0,05240401705000517354
05,5,54,048,2024,04,15,2,3,6,2,0,0,1,1,0,0,0,341472.809100000187755,5745017.334400000050664,6.699191997000071,51.833449336000058,0,05240401705000515247
05,5,54,020,2024,04,15,2,2,5,3,0,1,1,0,0,0,0,368057.998399999924004,5784492.132999999448657,7.069570785000053,52.195077660000038,1,05240401705000514603
05,5,62,028,2024,04,18,2,3,8,1,0,0,0,0,0,0,1,377626.850700000301003,5722686.698999999091029,7.231461898000020,51.641854976000047,0,05240401701920517487
05,5,12,000,2024,04,21,2,3,5,2,2,0,1,0,0,0,0,356515.599200000055134,5709620.737299999222159,6.931899199000043,51.519458342000064,0,05240401701400520004
05,5,62,032,2024,04,21,2,2,5,3,0,0,1,0,0,0,0,374543.355800000019372,5719125.821100000292063,7.188198422000028,51.609173849000058,0,05240401701110520140
05,5,66,004,2024,04,11,2,3,2,6,0,0,1,0,0,0,0,395126.100999999791384,5766097.149000000208616,7.471095708000064,52.035565094000049,0,05240408709110735217
05,5,70,004,2024,03,13,1,2,5,3,0,1,1,0,0,0,0,428826.078999999910593,5735587.983999999240041,7.968584411000052,51.766648871000029,0,05240331711200502059
05,5,70,052,2024,03,14,1,3,0,7,0,1,0,0,0,0,0,428483.076100000180304,5752745.569399999454618,7.960066318000031,51.920847070000036,0,05240331711100504334
05,5,66,084,2024,03,01,1,3,8,1,2,0,0,0,1,0,0,383088.550999999977648,5781340.914100000634789,7.290454785000065,52.170150757000044,0,05240331709300496848
05,5,66,012,2024,03,23,1,3,8,7,2,1,0,0,0,0,0,405201.144100000150502,5775266.334799999371171,7.615377989000024,52.119793711000057,1,05240331709110509473
05,5,58,008,2024,03,16,1,2,0,2,0,0,1,0,1,0,0,382644.639000000432134,5761009.634999999776483,7.290960934000054,51.987343029000044,0,05240331706000506275
05,5,58,016,2024,03,13,1,2,9,1,0,0,0,0,1,0,0,387878.374099999666214,5748996.929400000721216,7.371060447000048,51.880460956000036,0,05240331706000502403
05,5,58,036,2024,03,14,1,3,3,6,0,0,1,0,1,0,0,384877.266800000332296,5729509.246600000187755,7.333947007000063,51.704704699000047,0,05240331706000502271
05,5,62,016,2024,03,14,1,2,2,6,0,0,1,0,1,0,0,377274.662299999967217,5733644.117900000885129,7.222520576000022,51.740253784000060,0,05240331701700503078
05,5,62,012,2024,03,13,1,3,5,3,0,1,1,0,0,0,0,356660.914699999615550,5724515.373700000345707,6.927910428000075,51.653334367000070,0,05240331701610502750
05,5,62,032,2024,03,06,1,2,0,1,2,0,1,0,0,0,0,374792.919999999925494,5719106.049000000581145,7.191807669000070,51.609051708000038,1,05240331701110498556
05,5,13,000,2024,03,14,1,3,5,2,0,0,1,0,0,0,0,366928.135999999940395,5714890.596999999135733,7.079892428000051,51.569365620000042,0,05240331700000502509
05,5,70,028,2024,03,20,7,3,5,2,2,0,1,0,0,0,0,443514.682400000281632,5739609.161100000143051,8.180762910000055,51.804475495000077,0,05240330711400496385
05,5,70,032,2024,03,11,7,3,6,6,0,0,1,1,0,0,0,420400.810899999924004,5766330.623099999502301,7.839414009000052,52.041868310000041,0,05240330711100485362
05,5,70,012,2024,03,07,7,3,8,7,0,0,1,0,0,0,0,441535.762199999764562,5752373.304899999871850,8.149904664000076,51.919024046000061,1,05240330711100484014
05,5,66,088,2024,03,18,7,3,2,6,0,0,1,0,0,0,0,420090.747200000099838,5786954.697200000286102,7.830047120000074,52.227211109000052,0,05240330709800507099
05,5,66,056,2024,03,22,7,3,5,3,2,1,1,0,0,0,0,414753.608000000007451,5798628.915999999269843,7.748973753000030,52.331343267000079,0,05240330709700494964
05,5,66,084,2024,03,16,7,2,8,1,0,0,0,0,1,0,0,388266.823599999770522,5777869.042500000447035,7.367282546000069,52.140021562000072,0,05240330709300490541
05,5,66,068,2024,03,11,7,3,5,3,0,1,1,0,0,0,0,376051.921699999831617,5784890.053999999538064,7.186317904000020,52.200508430000070,0,05240330709300485283
05,5,66,008,2024,03,13,7,3,5,3,0,1,1,0,0,0,0,400278.740000000223517,5781238.339999999850988,7.541753800000038,52.172603070000036,0,05240330709110487909
05,5,54,020,2024,03,22,7,1,4,5,2,0,1,0,0,1,0,363088.811499999836087,5786757.675000000745058,6.995998539000027,52.214222447000054,1,05240330705000496662
05,5,54,020,2024,03,20,7,3,5,3,2,1,1,0,0,0,0,365262.134700000286102,5786198.940799999982119,7.028011795000054,52.209737776000054,1,05240330705000494008
05,5,54,012,2024,03,10,7,3,5,3,0,1,1,0,0,0,0,354650.583499999716878,5746490.376800000667572,6.889684256000066,51.850269383000068,0,05240330705000483994
05,5,62,016,2024,03,11,7,3,8,1,0,0,1,0,0,0,0,372204.518099999986589,5732999.792700000107288,7.149364785000046,51.733330229000046,0,05240330702340486278
05,5,15,000,2024,03,16,7,3,3,6,0,1,0,0,0,0,0,405814.639000000432134,5753418.745999999344349,7.630347966000045,51.923524956000051,0,05240330702100490634
05,5,15,000,2024,03,11,7,3,8,1,0,1,0,0,0,0,0,405968.604000000283122,5756429.474700000137091,7.631763163000073,51.950612889000070,0,05240330702100486873
05,5,62,036,2024,03,13,7,3,2,6,0,0,1,0,0,0,0,389263.795800000429153,5720229.140399999916553,7.400342149000039,51.622178306000080,0,05240330701930488685
05,5,62,024,2024,03,13,7,3,6,4,0,1,0,1,0,0,0,372984.954199999570847,5725500.681299999356270,7.163391424000054,51.666114673000038,0,05240330701500487482
05,5,13,000,2024,03,16,7,3,9,7,0,0,1,0,0,0,0,370105.150200000032783,5711063.994000000879169,7.127120403000049,51.535717427000066,0,05240330700000493355
05,5,13,000,2024,04,13,6,3,5,7,0,0,1,0,0,0,1,367288.355999999679625,5708412.267999999225140,7.087529615000051,51.511232072000041,0,05240405700000669125
05,5,62,036,2024,03,10,1,3,9,1,0,0,1,0,0,0,0,390270.062300000339746,5717995.778799999505281,7.415571516000057,51.602301707000038,1,05240331701930499928
05,5,70,008,2024,03,21,6,3,5,3,2,0,1,0,0,0,0,431891.656899999827147,5738835.997400000691414,8.012364504000061,51.796229718000063,0,05240329711300480210
05,5,15,000,2024,03,09,6,3,2,6,0,0,1,0,0,0,0,401993.882600000128150,5762269.783199999481440,7.572278633000053,52.002420609000069,0,05240329702350471310
05,5,62,012,2024,03,18,6,3,4,2,1,0,1,0,0,0,0,356648.290000000037253,5724511.115000000223517,6.927729801000055,51.653292881000027,0,05240329701610478036
05,5,70,028,2024,03,13,5,3,6,7,0,0,1,1,0,0,0,441332.139200000092387,5741309.035099999979138,8.148824143000070,51.819533028000080,1,05240328711400456860
05,5,70,024,2024,03,13,5,3,4,2,0,0,1,0,0,0,0,420923.535299999639392,5754027.413200000301003,7.849870651000060,51.931347579000033,1,05240328711100459378
05,5,70,012,2024,03,05,5,3,5,3,2,0,1,0,0,0,1,440565.860000000335276,5752994.589099999517202,8.135696320000022,51.924506740000027,0,05240328711100431110
05,5,66,040,2024,03,13,5,3,0,1,0,0,1,0,0,0,0,417291.752799999900162,5784999.042899999767542,7.789554777000035,52.209219233000056,1,05240328709700454178
05,5,66,028,2024,03,08,5,3,5,3,0,0,1,0,0,0,0,416570.866000000387430,5789918.163000000640750,7.777793261000056,52.253326364000031,0,05240328709700438081
05,5,66,024,2024,03,23,5,3,9,1,2,0,1,0,0,0,0,386600.048700000159442,5772178.923599999397993,7.344832889000031,52.088544712000044,0,05240328709300468392
05,5,66,004,2024,03,17,5,3,5,5,0,0,1,0,0,0,0,395184.832499999552965,5766554.677500000223517,7.471811354000067,52.039688327000079,0,05240328709110461868
05,5,66,008,2024,03,16,5,3,0,7,0,1,0,0,0,0,0,399091.504900000058115,5781317.485899999737740,7.524375256000042,52.173098577000076,0,05240328709110460365
05,5,15,000,2024,03,16,5,3,2,6,0,0,1,0,0,1,0,404722.951899999752641,5767025.189500000327826,7.610698064000076,52.045638594000081,0,05240328702350460624
05,5,15,000,2024,03,20,5,3,2,6,2,0,1,0,0,0,0,404685.738499999977648,5759353.061599999666214,7.612290835000067,51.976672826000026,1,05240328702100464392
05,5,62,004,2024,03,17,5,3,5,2,0,0,1,0,0,0,0,383427.370199999772012,5712069.169099999591708,7.318778879000035,51.547660118000067,1,05240328701800462360
05,5,12,000,2024,03,10,5,3,5,3,0,0,1,0,0,0,0,356782.503999999724329,5707760.889000000432134,6.936499004000041,51.502813718000027,1,05240328701400449236
05,5,13,000,2024,03,17,5,3,3,6,0,0,1,0,0,0,1,367405.953700000420213,5708617.867699999362230,7.089145941000027,51.513107345000037,0,05240328700000461682
05,5,12,000,2024,04,12,3,3,5,3,0,0,1,0,0,0,0,356782.503999999724329,5707760.889000000432134,6.936499004000041,51.502813718000027,0,05240402701400544172
05,5,62,012,2024,04,18,7,2,0,1,0,1,0,0,0,0,0,361823.176300000399351,5721879.852600000798702,7.003526360000023,51.630944024000030,0,05240406701610692446
05,5,54,004,2024,04,12,1,3,5,3,0,0,1,0,1,0,0,364895.868999999947846,5772983.168999999761581,7.027910290000023,52.090899328000035,0,05240407705000702816
05,5,13,000,2024,03,05,5,3,5,2,1,0,1,0,0,0,0,363718.718799999915063,5719586.237999999895692,7.031789134000064,51.610795425000049,0,05240328700000431610
05,5,70,008,2024,03,00,5,3,2,6,2,0,1,0,0,1,0,431462.402200000360608,5735715.628900000825524,8.006757144000062,51.768125351000037,1,05240328301911428809
05,5,62,024,2024,03,18,5,2,5,7,0,0,1,0,0,0,0,370145.451299999840558,5725320.197000000625849,7.122423422000054,51.663843707000069,1,05240328701500461959
05,5,70,036,2024,03,18,4,3,8,6,2,0,1,0,0,0,0,436505.356300000101328,5761743.292899999767542,8.075038075000066,52.002707905000079,0,05240327711100425933
05,5,70,052,2024,03,13,4,3,4,6,0,1,0,0,0,0,0,430245.513199999928474,5756060.266100000590086,7.985017465000055,51.950868616000037,0,05240327711100417637
05,5,66,016,2024,03,21,4,3,5,2,2,0,1,0,1,0,0,406369.378100000321865,5793908.780799999833107,7.627281440000047,52.287552468000058,1,05240327709500426782
05,5,58,040,2024,03,22,4,3,9,7,2,0,1,0,0,0,0,381498.559799999929965,5766874.066099999472499,7.272249425000041,52.039802490000056,0,05240327706200428170
05,5,58,008,2024,03,06,4,3,8,1,1,0,1,0,0,0,0,385608.935499999672174,5761906.679800000041723,7.333810543000027,51.996023273000048,0,05240327706000389440