ULAND,UREGBEZ,UKREIS,UGEMEINDE,UJAHR,UMONAT,USTUNDE,UWOCHENTAG,UKATEGORIE,UART,UTYP1,ULICHTVERH,IstRad,IstPKW,IstFuss,IstKrad,IstGkfz,IstSonstige,LINREFX,LINREFY,XGCSWGS84,YGCSWGS84,STRZUSTAND,UIDENTSTLAE
05,5,54,016,2024,03,09,4,3,5,3,0,1,1,0,0,0,0,363903.349399999715388,5756880.692600000649691,7.019833248000054,51.945966726000051,0,05240327705000398526
05,5,12,000,2024,03,18,4,3,3,6,0,0,1,0,0,1,0,354646.983199999667704,5712398.852800000458956,6.903838648000033,51.543943801000069,0,05240327702340426212
05,5,13,000,2024,03,05,4,3,3,3,1,0,1,0,0,0,0,366446.917000000365078,5710163.830099999904633,7.074747414000058,51.526774431000035,0,05240327702340390033
05,5,15,000,2024,03,21,4,3,5,3,2,1,1,0,0,0,0,405267.184399999678135,5750582.785399999469519,7.623169203000032,51.897941051000032,0,05240327702100426295
05,5,62,014,2024,03,14,5,3,2,6,0,0,1,0,0,0,0,360326.109799999743700,5713745.563699999824166,6.985148007000021,51.557479568000076,1,05240328701300458526
05,5,70,012,2024,04,15,4,3,4,2,0,0,1,0,1,0,0,439154.920500000007451,5753667.395999999716878,8.115061799000046,51.930402848000028,1,05240403711100593478
05,5,70,004,2024,03,07,4,2,5,3,0,0,1,0,1,0,0,423918.542200000025332,5734231.923299999907613,7.897777571000063,51.753812938000067,0,05240327711200393531
05,5,58,016,2024,03,16,3,3,0,7,0,1,1,0,0,0,0,376559.975399999879301,5745653.611600000411272,7.207900708000068,51.848024739000039,0,05240326706100379840
05,5,58,020,2024,03,07,3,3,5,2,0,1,1,0,0,0,0,392830.792999999597669,5761760.187000000849366,7.439004344000068,51.996147400000041,0,05240326706000350266
05,5,54,020,2024,03,16,3,3,5,3,0,0,1,0,0,0,0,363278.718000000342727,5784977.544999999925494,6.999495139000032,52.198274855000079,0,05240326705000380117
05,5,54,060,2024,03,15,3,3,5,3,0,0,1,0,0,0,0,353100.732200000435114,5756859.387199999764562,6.862781223000070,51.943027915000073,0,05240326705000377967
05,5,66,040,2024,03,12,3,3,3,6,0,0,1,0,0,0,0,416767.449199999682605,5781933.493400000035763,7.782636492000051,52.181585212000073,0,05240326702350371511
05,5,62,032,2024,03,05,3,3,8,6,2,0,1,0,0,1,0,381442.979299999773502,5717932.454700000584126,7.288194592000025,51.599943554000049,0,05240326702340348892
05,5,15,000,2024,03,21,3,3,6,7,2,0,1,1,0,0,0,404859.972000000067055,5758306.287000000476837,7.615116885000020,51.967293885000061,0,05240326702100385453
05,5,15,000,2024,03,19,3,3,1,6,1,0,1,0,0,0,0,403887.851999999955297,5753107.964999999850988,7.602424137000071,51.920402236000029,0,05240326702100383401
05,5,15,000,2024,03,17,3,3,2,6,0,0,1,0,0,0,0,402806.268400000408292,5753934.490299999713898,7.586468489000026,51.927643575000047,0,05240326702100381375
05,5,15,000,2024,03,17,3,3,2,2,0,1,0,0,1,0,0,406625.065999999642372,5757653.317999999970198,7.640979717000050,51.961723994000067,0,05240326702100381015
05,5,12,000,2024,03,15,3,3,5,3,0,1,1,0,0,0,0,356379.507899999618530,5710138.082699999213219,6.929728166000075,51.524072529000080,0,05240326701400380027
05,5,62,020,2024,03,18,3,3,2,6,0,0,1,0,0,0,0,371464.293200000189245,5717473.546800000593066,7.144362003000026,51.593630625000060,0,05240326701200382460
05,5,62,032,2024,03,20,3,2,3,6,1,0,1,0,0,0,0,376114.430999999865890,5716392.808000000193715,7.211840497000026,51.584959611000045,0,05240326701120385793
05,5,13,000,2024,03,13,3,3,5,3,0,0,1,0,0,0,0,364279.892699999734759,5712751.668199999257922,7.042530100000022,51.549513178000041,0,05240326700000377185
05,5,15,000,2024,03,11,7,3,1,6,0,0,1,0,1,0,0,402856.764399999752641,5753960.958000000566244,7.587195162000057,51.927890290000050,0,05240330702100487418
05,5,62,004,2024,04,18,4,3,2,2,0,0,1,0,1,0,0,384422.481300000101328,5711421.725400000810623,7.333336564000035,51.542045695000070,0,05240403701800597570
05,5,70,028,2024,03,15,2,2,2,6,0,0,1,0,0,0,0,440444.848299999721348,5738838.013199999928474,8.136377242000037,51.797224108000080,0,05240325711400340078
05,5,70,028,2024,03,15,2,2,5,3,0,0,1,0,0,0,0,445979.884999999776483,5737781.975999999791384,8.216798039000025,51.788291948000051,0,05240325711400337818
05,5,70,008,2024,03,20,2,3,0,7,2,0,1,0,0,0,0,433044.906000000424683,5734010.685399999842048,8.030015628000058,51.752989357000047,0,05240325711300341961
05,5,70,004,2024,03,11,2,3,2,6,0,0,1,0,0,0,0,423914.758799999952316,5733780.328900000080466,7.897821600000043,51.749752738000041,0,05240325711200319253
05,5,66,076,2024,03,09,3,3,5,3,0,1,0,0,0,0,0,394827.797000000253320,5793793.017999999225140,7.458169240000075,52.284424473000058,0,05240326709500358068
05,5,70,036,2024,03,13,2,1,9,1,0,0,1,0,0,0,0,434237.525700000114739,5766766.392799999564886,8.041040869000028,52.047599853000065,0,05240325711100331528
05,5,66,088,2024,03,16,2,3,0,1,0,1,0,0,0,0,0,420334.388000000268221,5787679.331000000238419,7.833442730000058,52.233759953000060,0,05240325709800336099
05,5,58,032,2024,03,16,2,3,2,2,0,0,1,0,0,0,0,386466.864000000059605,5752571.210200000554323,7.349385712000071,51.912298791000069,0,05240325706100335829
05,5,54,040,2024,03,18,2,3,5,3,1,1,0,0,1,0,0,354886.483799999579787,5735877.586899999529123,6.897549056000059,51.754972817000066,0,05240325705000338790
05,5,66,016,2024,03,14,2,3,2,6,0,0,0,0,0,1,1,407285.474399999715388,5792916.855100000277162,7.640981042000021,52.278792372000055,0,05240325702350336064
05,5,62,032,2024,03,13,2,2,9,1,0,0,1,0,0,0,0,376920.797699999995530,5716733.129599999636412,7.223354193000034,51.588194867000027,0,05240325702340337174
05,5,62,032,2024,03,13,2,2,2,6,0,0,1,0,0,1,0,373407.001400000415742,5715827.626000000163913,7.172986495000032,51.579278609000028,0,05240325702340331975
05,5,62,028,2024,03,16,2,3,5,2,0,1,1,0,0,0,0,379738.889999999664724,5721442.051000000908971,7.262397506000070,51.631124467000063,0,05240325701920339066
05,5,62,028,2024,03,06,2,3,5,3,0,0,1,0,0,0,0,380740.261699999682605,5722615.821299999952316,7.276458890000072,51.641886828000054,1,05240325701920305041
05,5,62,008,2024,03,06,2,3,8,1,0,0,1,0,0,0,0,384598.986999999731779,5722005.733100000768900,7.332400483000072,51.637208606000058,0,05240325701910308967
05,5,12,000,2024,03,00,2,2,9,1,2,0,1,0,0,0,0,360211.203999999910593,5711423.390000000596046,6.984414161000075,51.536583857000039,1,05240325701400300940
05,5,62,032,2024,03,05,2,3,5,3,2,0,1,0,0,0,0,375859.473000000230968,5717318.282999999821186,7.207835038000042,51.593220922000057,1,05240325701110307344
05,5,13,000,2024,03,17,2,3,6,4,0,0,1,1,0,0,0,367031.567499999888241,5714661.081900000572205,7.081470797000065,51.567327466000052,0,05240325700000337086
05,5,58,016,2024,03,15,2,3,1,6,0,1,1,0,0,0,0,380773.188699999824166,5752227.971799999475479,7.266766299000039,51.908024451000074,0,05240325706000335790
05,5,62,036,2024,03,14,7,3,5,2,0,0,1,0,0,0,0,388142.164599999785423,5720865.748500000685453,7.383943034000026,51.627678290000063,0,05240330701930491313
05,5,70,008,2024,04,06,2,2,4,6,2,0,1,0,0,0,1,429221.843100000172853,5731671.446399999782443,7.975115847000041,51.731489752000073,1,05240408711300722931
05,5,58,040,2024,03,11,1,3,5,3,0,0,1,0,0,0,1,370013.570000000298023,5761207.188999999314547,7.107043821000048,51.986306319000050,1,05240324706000293095
05,5,54,056,2024,03,18,1,3,9,1,0,0,1,0,0,0,0,359306.274899999611080,5765592.025000000372529,6.949419746000046,52.023096492000036,1,05240324705000297849
05,5,15,000,2024,03,11,1,3,0,7,0,0,0,1,0,0,1,401920.748300000093877,5757283.906400000676513,7.572638877000031,51.957593666000037,1,05240324702100291815
05,5,62,012,2024,03,18,1,3,5,2,2,0,1,0,0,0,0,359310.527300000190735,5724756.317099999636412,6.966089665000027,51.656168779000041,1,05240324701610298476
05,5,62,032,2024,03,11,1,2,5,3,0,1,1,0,0,0,0,377306.904500000178814,5720461.568299999460578,7.227620189000049,51.621787534000077,1,05240324701110292137
05,5,66,016,2024,03,10,6,3,0,1,0,1,0,0,0,0,0,404583.683100000023842,5794354.117799999192357,7.600983644000053,52.291247929000065,1,05240329709500470770
05,5,58,008,2024,04,15,7,3,4,2,0,1,0,0,0,0,0,378733.806400000117719,5760872.871200000867248,7.234084842000073,51.985273996000046,0,05240406706200691739
05,5,66,008,2024,04,17,2,3,5,7,0,1,1,0,0,0,0,399266.667700000107288,5779653.040100000798702,7.527429808000022,52.158170991000077,0,05240408709110754779
05,5,70,020,2024,03,19,7,3,4,6,2,0,1,0,0,0,0,435564.083200000226498,5745303.616200000047684,8.064406428000041,51.854808986000080,1,05240323711400286198
05,5,66,040,2024,03,11,7,3,1,6,0,0,1,0,0,0,1,421578.029000000096858,5782774.225999999791384,7.852786040000069,52.189847353000062,1,05240323709800276184
05,5,66,076,2024,03,11,7,3,0,6,0,0,1,0,0,0,0,397435.790000000037253,5794711.407999999821186,7.496108581000044,52.293171314000062,0,05240323709500277062
05,5,66,016,2024,03,09,7,3,5,3,0,1,1,0,0,0,0,403722.844600000418723,5792406.060000000521541,7.588922342000046,52.273589021000078,0,05240323709500275326
05,5,54,060,2024,03,00,7,3,0,1,2,1,0,0,0,0,0,354326.716699999757111,5757992.323899999260902,6.880124576000071,51.953529546000027,1,05240323705000271835
05,5,62,016,2024,03,13,7,1,4,6,0,0,1,0,0,0,0,373381.089900000020862,5730968.294099999591708,7.167132178000031,51.715340607000030,1,05240323702340281974
05,5,62,012,2024,03,15,7,2,2,1,0,0,1,0,0,0,0,359616.184500000439584,5736060.337999999523163,6.965953312000067,51.757820310000056,1,05240323702340280973
05,5,15,000,2024,03,11,7,3,3,6,0,0,1,0,0,0,0,400736.432400000281632,5760233.007099999114871,7.554556491000028,51.983890447000078,0,05240323702330276785
05,5,15,000,2024,03,14,7,3,3,6,0,0,1,0,0,0,0,407918.940399999730289,5756342.152899999171495,7.660157138000045,51.950154301000055,1,05240323702100770152
05,5,15,000,2024,03,14,7,3,0,1,0,1,0,0,0,0,0,404762.224999999627471,5759088.077999999746680,7.613477608000039,51.974304172000075,1,05240323702100278594
05,5,62,014,2024,03,19,7,2,6,2,2,0,1,1,0,0,0,357742.005900000222027,5713894.280899999663234,6.947836602000052,51.558170173000065,1,05240323701300284012
05,5,62,020,2024,03,06,7,3,2,2,0,0,1,0,0,0,0,368196.760900000110269,5718226.123099999502301,7.096934383000075,51.599638757000037,0,05240323701200274136
05,5,58,044,2024,03,07,3,2,9,6,1,0,1,0,0,0,0,395819.731200000271201,5753671.061499999836087,7.484977012000058,51.924012213000026,0,05240326706000359652
05,5,58,024,2024,03,15,5,3,2,7,0,0,1,0,0,0,1,391936.950400000438094,5736361.422100000083447,7.433944279000059,51.767696138000076,1,05240328706300462745
05,5,70,040,2024,03,18,7,2,5,3,1,0,1,0,0,0,0,416918.093000000342727,5745445.918999999761581,7.793694567000045,51.853623949000053,0,05240330711200493172
05,5,70,028,2024,03,06,6,3,1,5,1,0,1,0,0,0,0,442081.843299999833107,5742726.365599999204278,8.159462728000051,51.832353405000049,0,05240322711400232458
05,5,70,004,2024,03,07,6,3,5,3,0,1,1,0,0,0,0,426564.735000000335276,5740054.596999999135733,7.934874826000055,51.806510475000039,0,05240322711200815148
05,5,70,004,2024,03,18,6,3,5,2,2,0,1,0,0,0,1,424563.021999999880791,5736095.153999999165535,7.906708031000051,51.770649970000079,1,05240322711200267005
05,5,70,036,2024,03,17,6,3,5,3,1,1,1,0,0,0,0,434082.274799999780953,5760403.854000000283122,8.040002553000022,51.990384321000079,1,05240322711100265438
05,5,66,024,2024,03,13,6,3,5,3,0,0,1,0,0,0,0,383871.859000000171363,5771396.799000000581145,7.305297646000042,52.080950155000039,1,05240322709300265210
05,5,58,028,2024,03,13,6,2,4,6,0,0,1,0,0,0,0,399262.544999999925494,5732790.747999999672174,7.541103341000053,51.736967533000040,0,05240322706300263355
05,5,58,020,2024,03,21,6,3,5,3,2,1,1,0,0,0,0,391285.084200000390410,5760059.121300000697374,7.417038480000031,51.980558543000029,0,05240322706200975219
05,5,62,032,2024,03,14,6,2,9,1,0,0,0,0,1,0,0,374734.588000000454485,5716257.674000000581145,7.191982729000074,51.583440114000041,0,05240322702340260986
05,5,15,000,2024,03,18,6,3,9,1,1,0,1,0,0,0,0,401676.865100000053644,5750433.569700000807643,7.571047871000076,51.895977931000061,1,05240322702330827173
05,5,58,004,2024,03,21,6,2,9,1,2,0,0,0,0,1,0,404964.958200000226498,5741036.016799999400973,7.621403321000059,51.812077780000038,1,05240322702330271917
05,5,15,000,2024,03,18,6,3,5,3,1,1,0,0,0,0,0,404168.797799999825656,5755059.483999999240041,7.605964612000037,51.937991703000080,1,05240322702100278164
05,5,15,000,2024,03,18,6,3,0,2,0,1,1,0,0,0,0,404752.688400000333786,5761423.780400000512600,7.612690215000043,51.995296637000081,1,05240322702100266465
05,5,15,000,2024,03,14,6,3,3,6,0,0,1,0,0,1,0,408311.461000000126660,5756545.256999999284744,7.665812720000076,51.952044766000029,0,05240322702100261079
05,5,62,004,2024,03,23,6,3,8,7,2,0,1,0,0,0,0,383593.827100000344217,5710044.569199999794364,7.321847967000053,51.529497770000035,1,05240322701800271029
05,5,13,000,2024,03,20,6,3,2,6,2,0,1,0,0,0,0,362997.797000000253320,5711341.962999999523163,7.024599203000037,51.536535291000064,1,05240322700000270191
05,5,13,000,2024,03,07,6,3,5,3,0,0,1,0,0,0,0,363115.003999999724329,5711604.626000000163913,7.026185967000060,51.538924100000031,0,05240322700000238045
05,5,58,004,2024,03,01,7,3,1,6,2,0,1,0,0,0,0,404966.238400000147521,5741034.050599999725819,7.621422425000048,51.812060324000072,1,05240323702100617177
05,5,70,052,2024,03,17,5,3,5,3,0,0,1,0,1,0,0,430855.144000000320375,5757497.740000000223517,7.993597261000048,51.963867108000045,0,05240321711100223232
05,5,70,012,2024,03,14,5,2,5,2,0,0,1,0,0,0,0,440765.674599999561906,5751553.285700000822544,8.138849663000030,51.911570622000056,0,05240321711100220123
05,5,58,024,2024,03,18,5,3,5,3,1,0,1,0,0,0,0,389534.663700000382960,5734826.890100000426173,7.399632498000074,51.753435207000052,0,05240321706300226263
05,5,62,024,2024,03,15,5,3,3,6,0,0,1,0,0,1,1,363987.188400000333786,5721681.231000000610948,7.034850679000044,51.629686478000053,0,05240321702340223314
05,5,54,008,2024,05,15,4,3,0,3,0,1,1,0,0,0,0,337767.305999999865890,5749322.574999999254942,6.643439750000027,51.871061952000048,0,05240501705000574164
05,5,54,064,2024,05,15,4,3,2,1,0,1,0,0,0,0,0,354443.291799999773502,5755262.066800000146031,6.882975333000047,51.929028972000026,0,05240501705000573494
05,5,62,020,2024,05,20,4,3,5,3,1,0,0,0,0,0,1,371137.886199999600649,5719968.517599999904633,7.138735561000033,51.615977912000062,0,05240501701200580602
05,5,13,000,2024,05,14,4,3,5,3,0,0,1,0,0,0,0,367108.997999999672174,5706918.032999999821186,7.085509487000024,51.497761681000043,0,05240501700000572982
05,5,66,088,2024,04,06,3,3,9,1,0,0,1,0,0,0,0,421553.612999999895692,5787064.917999999597669,7.851434690000076,52.228412186000071,0,05240430709800531058
05,5,54,028,2024,04,06,3,3,0,7,0,1,0,0,0,0,0,358893.992399999871850,5743525.897500000894070,6.952459877000024,51.824720925000065,1,05240430705000525787
05,5,54,040,2024,04,07,3,3,1,1,0,1,1,0,0,0,0,350966.001400000415742,5737588.839500000700355,6.840056891000074,51.769318959000032,0,05240430705000523954
05,5,62,020,2024,04,20,3,3,8,1,0,0,1,0,0,0,0,370992.818099999800324,5715317.311200000345707,7.138351609000040,51.574145100000067,0,05240430702340561454
05,5,58,004,2024,04,18,3,3,2,1,0,0,1,0,0,0,0,404099.799700000323355,5742258.462099999189377,7.608518660000072,51.822918068000035,0,05240430702330558694
05,5,15,000,2024,04,09,3,3,7,3,0,0,1,0,0,0,0,403013.376000000163913,5758718.980000000447035,7.588129502000072,51.970684160000076,0,05240430702100986913
05,5,62,024,2024,04,09,3,3,1,6,0,0,1,0,0,0,1,370527.109899999573827,5725527.730399999767542,7.127861781000036,51.665796805000070,0,05240430701500530739
05,5,12,000,2024,04,12,3,3,5,3,0,1,1,0,0,0,0,356845.154600000008941,5717115.933399999514222,6.933595245000049,51.586892301000034,0,05240430701400546705
05,5,62,020,2024,04,21,3,3,5,3,2,0,1,0,0,0,0,370591.286999999545515,5719824.559000000357628,7.130898240000022,51.614558797000029,0,05240430701200562456
05,5,62,032,2024,04,09,3,3,5,2,0,1,1,0,0,0,0,377665.206399999558926,5715055.358899999409914,7.234678725000038,51.573278301000073,0,05240430701120531901
05,5,13,000,2024,04,20,3,3,3,6,0,0,1,0,1,0,0,364925.072900000028312,5716827.362800000235438,7.050263030000053,51.586293884000042,0,05240430700000559799
05,5,70,052,2024,04,15,2,3,2,6,0,0,1,0,1,0,0,432338.497100000269711,5757146.199300000444055,8.015253225000038,51.960889390000034,0,05240429711100510196
05,5,66,056,2024,04,16,2,2,6,4,0,0,1,1,0,0,0,417120.435999999754131,5796652.766000000759959,7.784186349000038,52.313943405000032,0,05240429709500509548
05,5,66,076,2024,04,12,2,3,1,1,0,0,1,0,0,0,0,395231.245000000111759,5792986.116000000387430,7.464332261000038,52.277249663000077,0,05240429709500502569
05,5,66,076,2024,04,07,2,3,5,2,0,0,1,0,0,0,0,393479.980000000447035,5791909.164999999105930,7.439013112000055,52.267234348000045,0,05240429709500481668
05,5,58,016,2024,04,14,2,3,2,6,0,0,1,0,0,0,0,378762.565000000409782,5747239.044999999925494,7.239305241000068,51.862755605000075,0,05240429706100510600
05,5,58,016,2024,04,11,2,2,4,2,0,1,1,0,0,0,0,381980.887900000438094,5744847.300000000745058,7.286837711000032,51.841950628000063,0,05240429706100492254
05,5,58,024,2024,04,15,2,3,0,7,0,0,0,0,1,0,0,391869.145399999804795,5743002.784700000658631,7.430891044000020,51.827374945000031,0,05240429706000509736
05,5,54,020,2024,04,17,2,3,3,6,0,1,0,0,0,0,1,365511.847599999979138,5786628.519999999552965,7.031493523000051,52.213658679000048,0,05240429705000512618
05,5,54,048,2024,04,07,2,2,0,5,0,0,1,0,1,0,0,341277.909400000236928,5743431.897700000554323,6.697092590000068,51.819150499000045,0,05240429705000479474
05,5,62,014,2024,04,10,2,3,2,6,0,0,1,0,0,0,0,360230.635800000280142,5713558.110400000587106,6.983846181000047,51.555771452000045,0,05240429702340489948
05,5,15,000,2024,04,15,2,3,2,6,0,0,1,0,0,0,0,408669.483000000007451,5753487.839999999850988,7.671832793000021,51.924621673000047,0,05240429702100570986
05,5,15,000,2024,04,16,2,3,6,2,0,0,1,1,0,0,0,399097.705000000074506,5756799.375000000000000,7.531711398000027,51.952733565000074,0,05240429702100511497
05,5,15,000,2024,04,14,2,3,3,6,0,1,0,0,0,0,0,406102.680999999865890,5758923.005999999120831,7.633031796000068,51.973048539000047,0,05240429702100509728
05,5,15,000,2024,04,02,2,3,4,1,2,0,1,0,0,1,0,399769.551099999807775,5753676.002699999138713,7.542394648000027,51.924781748000044,0,05240429702100473412
05,5,62,016,2024,04,14,2,3,5,2,0,1,1,0,0,0,0,374376.632000000216067,5734047.463600000366569,7.180424173000063,51.743236455000044,0,05240429701700502777
05,5,62,024,2024,04,15,2,3,5,3,0,0,1,0,1,0,0,370876.690999999642372,5729299.135999999940395,7.131518709000034,51.699769601000071,0,05240429701500509630
05,5,12,000,2024,04,15,2,2,2,6,0,0,1,0,0,0,0,357330.434100000187755,5709681.915300000458956,6.943610827000043,51.520214474000056,0,05240429701400508900
05,5,12,000,2024,04,15,2,3,5,3,0,0,0,0,0,0,1,356357.497999999672174,5710666.334000000730157,6.929195714000059,51.528813697000032,0,05240429701400508415
05,5,62,020,2024,04,13,2,3,2,2,0,0,1,0,1,0,0,369763.762299999594688,5718983.666699999943376,7.119265296000037,51.606811104000030,0,05240429701200568796
05,5,62,032,2024,04,11,2,3,5,2,0,1,1,0,0,0,0,375950.856999999843538,5719282.517000000923872,7.208458858000029,51.610893961000045,0,05240429701110498066
05,5,62,032,2024,04,10,2,3,2,6,0,0,1,0,0,0,0,374814.837199999950826,5719089.746300000697374,7.192129840000064,51.608910068000057,0,05240429701110488633
05,5,62,032,2024,04,09,2,3,6,4,0,0,0,1,1,0,0,375499.690000000409782,5719700.385299999266863,7.201798038000049,51.614549807000060,0,05240429701110482587
05,5,70,028,2024,04,13,1,3,0,3,0,0,1,0,1,0,0,443863.060999999754131,5744120.707000000402331,8.185083498000040,51.845070818000067,0,05240428711400466113
05,5,70,044,2024,04,19,1,2,1,1,0,0,0,0,1,0,0,415488.491999999620020,5759703.190999999642372,7.769443434000038,51.981568146000029,0,05240428711100470136
05,5,66,012,2024,04,11,1,3,2,1,0,0,1,0,0,0,0,405136.326000000350177,5771420.770999999716878,7.615502448000029,52.085218004000069,0,05240428709110462336
05,5,54,012,2024,04,18,1,3,5,2,0,0,1,0,0,0,1,350433.069000000134110,5744285.174300000071526,6.829450717000043,51.829342192000070,0,05240428705000467950
05,5,54,004,2024,04,01,1,2,6,4,2,0,1,1,0,0,0,357549.038399999961257,5775975.334899999201298,6.919493324000030,52.115941428000042,0,05240428705000457737
05,5,62,008,2024,04,14,1,3,5,2,0,1,1,0,0,0,0,385083.614199999719858,5723084.704900000244379,7.339046035000024,51.647005333000038,0,05240428701910599773
05,5,13,000,2024,04,17,1,3,5,3,0,1,0,0,0,0,0,366682.056400000117719,5715098.843800000846386,7.076264857000069,51.571178910000071,0,05240428700000469852
05,5,70,016,2024,04,17,7,3,6,4,0,0,1,1,0,0,0,408548.315799999982119,5744481.383999999612570,7.672458571000050,51.843645302000027,0,05240427711200450292
05,5,70,052,2024,04,15,7,3,5,3,0,1,1,0,0,0,0,430016.437699999660254,5757378.294399999082088,7.981416312000022,51.962688390000039,0,05240427711100448120
05,5,66,076,2024,04,17,7,3,2,1,0,0,1,0,0,0,0,392307.723699999973178,5793135.597899999469519,7.421449852000023,52.278028148000033,0,05240427709500453024
05,5,66,076,2024,04,14,7,3,3,6,0,0,1,0,1,0,0,390982.807500000111759,5791753.563200000673532,7.402484069000025,52.265346594000050,0,05240427709500447726
05,5,66,052,2024,04,11,7,3,8,1,0,0,0,0,1,0,0,377284.917899999767542,5776036.051100000739098,7.207550428000047,52.121219551000081,0,05240427709300446323
05,5,58,020,2024,04,09,7,3,9,7,0,0,1,0,0,0,0,395795.555700000375509,5761273.119300000369549,7.482319658000051,51.992333999000039,0,05240427706000444637
05,5,58,016,2024,04,04,7,2,9,7,2,0,1,0,0,0,0,387818.608599999919534,5748827.597999999299645,7.370247576000054,51.878927069000042,0,05240427706000441589
05,5,62,032,2024,04,07,7,3,2,6,0,0,1,0,0,0,1,374532.015800000168383,5716274.656099999323487,7.189054407000071,51.583547671000076,0,05240427702340443185
05,5,62,004,2024,04,20,7,3,0,1,1,0,0,0,1,0,0,382983.900600000284612,5715806.176100000739098,7.311141938000048,51.581155506000073,0,05240427701800453532
05,5,62,012,2024,04,10,7,3,2,6,0,0,1,0,0,0,1,359311.540000000037253,5724751.966000000014901,6.966106046000050,51.656129934000035,0,05240427701610445218
05,5,62,012,2024,04,00,7,2,0,1,2,0,0,0,0,0,1,359878.317400000058115,5726754.952199999243021,6.973491102000025,51.674270029000070,0,05240427701610439493
05,5,62,014,2024,04,12,7,2,2,7,0,0,1,0,0,0,0,360000.000000000000000,5715775.501000000163913,6.979638251000040,51.575639810000041,0,05240427701300446346
05,5,13,000,2024,04,15,7,3,2,6,0,0,1,0,0,0,0,367014.623599999584258,5705856.108599999919534,7.084550833000037,51.488196283000036,0,05240427700000449210
05,5,70,032,2024,04,10,6,2,5,3,0,0,1,0,0,1,0,419176.365000000223517,5763708.348099999129772,7.822184726000046,52.018119490000061,1,05240426711100420628
05,5,66,032,2024,04,17,6,3,5,3,0,0,1,0,0,0,0,417265.713000000454485,5775844.343000000342727,7.791405714000064,52.126926519000051,0,05240426709800434695
05,5,66,072,2024,04,14,6,3,2,1,0,0,1,0,0,0,1,414091.988300000317395,5799554.919800000265241,7.739030022000065,52.339563239000029,0,05240426709700459319
05,5,66,012,2024,04,09,6,2,2,7,0,0,1,0,0,0,0,405588.971199999563396,5776494.678700000047684,7.620699887000058,52.130900629000053,1,05240426709110410478
05,5,58,040,2024,04,22,6,3,8,1,2,0,1,0,0,0,0,371805.456000000238419,5763352.327400000765920,7.132321254000033,52.005999328000030,0,05240426706000438437
05,5,58,040,2024,04,12,6,3,4,2,0,0,1,0,0,0,0,374721.908699999563396,5764479.248800000175834,7.174375531000067,52.016792103000057,0,05240426706000421498
05,5,54,008,2024,04,13,6,3,5,2,0,1,1,0,0,0,0,335140.070100000128150,5745858.442900000140071,6.606964962000063,51.839172307000069,0,05240426705000428439
05,5,54,020,2024,04,07,6,3,2,6,0,0,1,0,0,0,0,365191.160000000149012,5785190.925000000745058,7.027374968000061,52.200663085000031,1,05240426705000405063
05,5,66,028,2024,04,12,3,2,4,6,0,0,1,0,0,0,0,410864.705299999564886,5795169.052100000903010,7.692834902000072,52.299627553000050,0,05240430709700571484
05,5,66,088,2024,04,15,6,1,2,1,0,0,1,0,0,1,0,420377.710099999792874,5790512.315099999308586,7.833409196000048,52.259231110000030,0,05240426702350433686
05,5,62,024,2024,04,13,6,3,9,1,0,0,1,0,0,0,0,372629.598199999891222,5725107.047299999743700,7.158399385000052,51.662496715000032,1,05240426702340429548
05,5,15,000,2024,04,06,6,3,8,1,0,1,0,0,0,0,0,404000.203599999658763,5761412.201400000602007,7.601736774000074,51.995062985000061,1,05240426702100406962
05,5,15,000,2024,04,08,6,3,5,3,1,1,1,0,0,0,0,414017.819000000134110,5753750.279400000348687,7.749524370000074,51.927832465000051,0,05240426702000446246
05,5,62,004,2024,04,08,6,3,0,7,0,0,1,0,0,0,0,384059.381000000052154,5716878.254499999806285,7.326302769000051,51.591013356000076,1,05240426701800410120
05,5,12,000,2024,04,05,6,3,5,2,2,0,1,0,1,0,0,357929.612499999813735,5711613.265100000426173,6.951462181000068,51.537720477000050,1,05240426701400399858
05,5,62,032,2024,04,15,6,3,0,6,0,0,1,0,0,0,1,376185.786399999633431,5716098.322200000286102,7.212973751000050,51.582328684000061,1,05240426701120430779
05,5,62,032,2024,04,15,6,3,5,3,0,0,1,0,0,0,0,378626.371000000275671,5721161.486999999731779,7.246428508000065,51.628364039000076,0,05240426701110432983
05,5,62,032,2024,04,14,6,3,2,6,0,0,1,0,1,0,0,376033.787600000388920,5719209.720399999991059,7.209681672000045,51.610257993000062,0,05240426701110428164
05,5,13,000,2024,04,16,6,3,1,6,0,0,1,0,0,0,0,369668.679999999701977,5706727.304999999701977,7.122434419000058,51.496643583000036,0,05240426700000432942
05,5,13,000,2024,04,10,6,2,3,1,0,0,1,0,0,1,0,366083.108000000007451,5711750.004599999636412,7.068902803000071,51.540942535000056,1,05240426700000421939
05,5,15,000,2024,04,06,2,3,3,1,0,1,0,0,0,0,0,406726.997100000269711,5757077.574200000613928,7.642619148000051,51.956566033000058,0,05240429702100483183