ULAND,UREGBEZ,UKREIS,UGEMEINDE,UJAHR,UMONAT,USTUNDE,UWOCHENTAG,UKATEGORIE,UART,UTYP1,ULICHTVERH,IstRad,IstPKW,IstFuss,IstKrad,IstGkfz,IstSonstige,LINREFX,LINREFY,XGCSWGS84,YGCSWGS84,STRZUSTAND,UIDENTSTLAE
05,5,66,072,2024,04,15,5,3,5,3,0,0,1,0,0,0,0,407757.116000000387430,5800201.494000000879169,7.645895528000040,52.344345845000078,0,05240425709700389847
05,5,66,048,2024,04,13,5,3,5,3,0,1,1,0,0,0,0,426901.827999999746680,5793654.564999999478459,7.928297707000070,52.288382367000054,0,05240425709700387278
05,5,66,036,2024,04,16,5,2,5,3,0,1,1,0,0,0,0,388511.502000000327826,5767245.210000000894070,7.374331144000053,52.044592626000053,0,05240425709300392625
05,5,66,084,2024,04,07,5,3,0,1,0,1,0,0,0,0,0,386091.969100000336766,5779120.487400000914931,7.335097062000045,52.150824083000032,1,05240425709300366096
05,5,54,024,2024,04,14,5,3,3,6,0,0,1,0,0,1,0,370801.783699999563396,5783113.451400000602007,7.110216403000038,52.183338884000079,0,05240425702340390859
05,5,15,000,2024,04,17,5,3,5,3,0,1,1,0,0,0,0,412161.867999999783933,5759494.239099999889731,7.721071367000036,51.979173943000035,0,05240425702100391118
05,5,15,000,2024,04,14,5,3,3,6,0,1,0,0,0,0,0,406355.790099999867380,5757348.600800000131130,7.637144826000053,51.958939762000057,0,05240425702100383353
05,5,62,004,2024,04,13,5,3,5,2,0,0,1,0,0,0,0,382975.213299999944866,5715838.777400000020862,7.311005750000049,51.581446713000048,0,05240425701800388411
05,5,62,004,2024,04,10,5,3,5,3,0,1,1,0,0,0,0,381711.230200000107288,5712880.380499999970198,7.293767469000045,51.554593864000026,0,05240425701800370015
05,5,62,012,2024,04,16,5,3,0,7,0,1,0,1,0,0,0,358677.875000000000000,5727658.794999999925494,6.955775766000045,51.682091001000060,0,05240425701610390133
05,5,62,014,2024,04,07,5,2,5,2,0,1,0,0,0,0,1,360980.469999999739230,5715187.002000000327826,6.994011076000049,51.570594143000051,0,05240425701300360969
05,5,13,000,2024,04,17,5,3,2,6,0,0,1,0,0,0,0,370690.054800000041723,5707744.800300000235438,7.136767066000061,51.506022335000068,0,05240425700000391328
05,5,13,000,2024,04,10,5,3,0,1,0,0,0,0,1,0,0,363013.322599999606609,5711328.789300000295043,7.024828046000039,51.536420676000034,0,05240425700000370782
05,5,70,044,2024,04,12,4,3,5,2,0,1,1,0,0,0,0,417244.681699999608099,5760278.905799999833107,7.794869910000045,51.987007613000060,0,05240424711100336164
05,5,66,040,2024,04,07,4,2,3,2,0,1,1,0,0,0,0,424807.910699999891222,5780082.160900000482798,7.900622334000047,52.166098180000063,0,05240424709800321560
05,5,66,072,2024,04,10,4,3,8,1,0,0,0,0,0,1,0,411044.677600000053644,5803064.017999999225140,7.693383597000036,52.370617540000069,1,05240424709700330321
05,5,66,076,2024,04,15,4,3,5,3,0,1,1,0,0,0,0,397097.817599999718368,5796090.199699999764562,7.490733474000024,52.305499841000028,1,05240424709500347115
05,5,66,084,2024,04,14,4,3,2,6,0,0,1,0,0,0,0,389864.775299999862909,5775780.218599999323487,7.391299230000072,52.121569739000051,1,05240424709300346746
05,5,58,040,2024,04,07,4,3,5,3,0,0,1,0,0,0,1,381544.588000000454485,5765137.335999999195337,7.273521593000055,52.024204641000040,1,05240424706000319989
05,5,54,012,2024,04,07,4,2,5,3,0,1,0,0,0,1,0,352587.893400000408292,5749596.579700000584126,6.858433173000037,51.877637399000037,1,05240424705000322618
05,5,62,032,2024,04,19,4,2,8,7,0,0,1,0,0,0,0,374121.811400000005960,5721248.978000000119209,7.181351148000033,51.628160603000026,2,05240424702340352312
05,5,62,032,2024,04,19,4,2,7,6,0,0,1,0,0,0,1,374194.281600000336766,5716149.290899999439716,7.184227263000025,51.582345711000073,1,05240424702340352026
05,5,54,016,2024,04,14,4,3,9,1,0,0,1,0,0,0,0,364827.776499999687076,5754435.000199999660254,7.034235771000056,51.924215702000026,2,05240424702340344334
05,5,62,012,2024,04,16,4,3,2,6,0,0,1,0,0,1,0,359450.559999999590218,5726231.209000000730157,6.967519583000069,51.669456917000048,1,05240424701610348108
05,5,12,000,2024,04,13,4,2,6,4,0,0,1,1,0,0,0,356438.486100000329316,5709980.349899999797344,6.930642004000049,51.522670165000079,1,05240424701400346288
05,5,62,032,2024,04,16,4,3,2,6,0,0,1,0,0,0,0,373282.421500000171363,5715125.779699999839067,7.171442725000077,51.572943104000046,1,05240424701120348706
05,5,62,032,2024,04,15,4,3,5,3,0,0,1,0,0,0,0,374715.341199999675155,5721543.360600000247359,7.189816333000067,51.630938701000048,1,05240424701110346303
05,5,62,032,2024,04,13,4,3,2,2,0,1,1,0,0,0,0,374810.176400000229478,5719090.654300000518560,7.192062243000066,51.608917192000035,0,05240424701110337883
05,5,13,000,2024,04,09,4,3,0,2,0,0,1,1,0,0,0,366770.009999999776483,5708118.817999999970198,7.080175260000033,51.508472950000055,0,05240424700000377576
05,5,70,028,2024,04,17,5,3,2,2,0,0,1,0,0,0,0,445290.069000000134110,5743179.437000000849366,8.205945495000037,51.836750152000036,1,05240425711400390650
05,5,70,004,2024,04,12,3,3,5,2,0,0,0,0,0,1,1,424778.383700000122190,5735766.013399999588728,7.909899898000049,51.767720081000050,0,05240423711200303727
05,5,70,004,2024,04,07,3,3,5,3,0,1,1,0,0,0,0,423925.558000000193715,5734256.036000000312924,7.897873914000058,51.754030656000054,0,05240423711200272030
05,5,66,060,2024,04,08,3,3,2,6,0,0,1,0,0,0,0,388593.442099999636412,5784340.980900000780821,7.369928477000030,52.198251235000043,0,05240423709500282922
05,5,66,084,2024,04,12,3,3,6,7,0,0,0,1,0,1,0,386841.177799999713898,5779152.800200000405312,7.346031927000070,52.151268504000029,0,05240423709300290411
05,5,54,020,2024,04,18,3,3,0,3,0,1,1,0,0,0,0,365558.929100000299513,5786714.672599999234080,7.032147995000059,52.214444277000041,0,05240423705000309345
05,5,54,008,2024,04,18,3,3,2,6,0,0,1,0,0,0,0,331672.816999999806285,5745360.642000000923872,6.556926862000068,51.833666325000081,0,05240423705000306444
05,5,54,032,2024,04,13,3,3,5,3,0,1,1,0,0,0,0,328564.456000000238419,5744345.622999999672174,6.512360755000032,51.823603397000056,0,05240423705000294636
05,5,54,056,2024,04,11,3,3,5,7,0,0,1,0,1,0,0,359075.234699999913573,5765146.068099999800324,6.946238319000031,52.019030867000026,0,05240423705000285330
05,5,62,016,2024,04,13,3,1,4,6,0,0,1,0,0,1,0,373354.462600000202656,5730938.464199999347329,7.166757790000077,51.715066521000040,0,05240423702340300078
05,5,15,000,2024,04,07,3,3,3,1,0,1,0,0,0,0,0,406275.474000000394881,5757399.678899999707937,7.635962364000022,51.959385343000065,0,05240423702100283162
05,5,15,000,2024,04,06,3,3,5,3,0,1,1,0,0,0,0,404389.894000000320375,5759062.469000000506639,7.608065875000023,51.974010057000044,0,05240423702100271606
05,5,62,036,2024,04,10,3,3,6,4,0,1,0,1,0,0,0,389123.877999999560416,5720573.905999999493361,7.398212659000023,51.625249517000043,0,05240423701930505884
05,5,12,000,2024,04,10,3,3,5,3,0,0,1,0,0,0,0,357460.587399999611080,5709713.300499999895692,6.945472818000042,51.520529358000033,0,05240423701400284211
05,5,13,000,2024,04,16,3,3,8,1,0,0,1,0,0,0,0,365365.685999999754131,5715358.185000000521541,7.057182368000042,51.573196665000069,0,05240423700000303043
05,5,13,000,2024,04,12,3,3,2,6,0,0,1,0,0,0,0,369409.716000000014901,5716884.546000000089407,7.114936903000057,51.587864929000034,0,05240423700000289938
05,5,70,008,2024,04,04,3,3,8,7,2,0,0,0,0,1,0,430657.742499999701977,5733665.306399999186397,7.995507098000076,51.749593971000081,0,05240423301911267426
05,5,66,008,2024,04,07,2,2,5,2,0,0,1,0,0,0,1,397639.007100000046194,5780961.938899999484420,7.503249867000022,52.169635519000053,0,05240422709110230816
05,5,58,032,2024,04,09,2,3,4,1,0,0,1,0,0,0,0,382184.111800000071526,5754868.638900000602007,7.286363731000051,51.932056470000077,0,05240422706000240424
05,5,54,004,2024,04,07,2,3,0,7,0,1,1,0,0,0,0,363036.482800000347197,5772330.342700000852346,7.001049161000026,52.084576442000071,0,05240422705000259645
05,5,12,000,2024,04,14,2,3,2,6,0,0,1,0,0,0,0,356366.007899999618530,5714343.488900000229478,6.927817329000050,51.561857953000072,0,05240422702340900483
05,5,13,000,2024,04,13,2,3,8,1,0,0,1,0,0,0,0,368466.758200000040233,5711196.480599999427795,7.103461705000029,51.536528687000043,1,05240422702340254005
05,5,12,000,2024,04,12,2,3,2,6,0,0,0,0,0,1,0,356299.432500000111759,5713621.809800000861287,6.927152478000039,51.555356169000049,0,05240422702340249462
05,5,15,000,2024,04,14,2,2,1,2,0,0,1,0,0,0,0,399752.786000000312924,5753675.604000000283122,7.542151042000057,51.924775146000059,0,05240422702100255889
05,5,15,000,2024,04,07,2,2,8,7,0,0,0,0,1,0,0,399232.721699999645352,5753663.094299999997020,7.534594315000049,51.924568817000079,0,05240422702100226490
05,5,70,032,2024,04,16,2,3,4,6,0,1,0,0,0,0,0,422202.135700000450015,5765631.610799999907613,7.865831419000074,52.035840511000060,0,05240429711100510992
05,5,62,004,2024,04,09,2,3,6,4,0,0,1,1,0,0,0,382852.318199999630451,5713341.740000000223517,7.310065415000054,51.558978551000052,0,05240422701800256823
05,5,13,000,2024,04,06,2,3,2,6,0,0,1,0,1,0,0,363061.411999999545515,5712102.122999999672174,7.025220126000022,51.543381768000074,0,05240422700000233001
05,5,62,028,2024,04,22,2,3,9,6,2,0,1,0,0,0,0,378153.978900000452995,5722237.087700000032783,7.239232624000067,51.637928656000042,0,05240429701920518268
05,5,62,032,2024,04,12,3,2,8,1,0,0,1,0,0,0,0,374904.628999999724329,5720805.410099999979138,7.192813410000042,51.624348820000080,0,05240423701110293333
05,5,66,044,2024,04,01,1,3,9,1,2,0,1,0,0,0,0,423155.758799999952316,5774449.133400000631809,7.877744864000022,52.115235252000048,1,05240421709800207585
05,5,54,032,2024,04,17,1,2,8,1,0,1,0,0,0,0,0,322032.855999999679625,5744538.709000000730157,6.417585818000020,51.823295848000043,1,05240421705000217496
05,5,66,032,2024,04,12,1,3,2,1,0,0,1,0,0,0,0,412485.422600000165403,5776630.047399999573827,7.721390685000074,52.133252597000080,0,05240421702350213693
05,5,13,000,2024,04,18,1,3,3,6,0,0,1,0,0,0,0,363376.768099999986589,5716090.399299999698997,7.028214978000051,51.579298076000043,0,05240421702340218439
05,5,62,020,2024,04,08,1,3,1,7,0,0,1,0,0,1,0,369004.936700000427663,5719063.769600000232458,7.108283621000055,51.607354945000054,1,05240421701200210806
05,5,66,084,2024,04,20,7,2,5,3,2,0,1,0,0,0,0,390802.315999999642372,5773864.014000000432134,7.405602347000070,52.104534222000041,1,05240420709300204945
05,5,66,084,2024,04,17,7,2,6,4,0,0,1,1,0,0,0,389826.780000000260770,5775787.855000000447035,7.390742013000022,52.121630798000069,1,05240420709110202675
05,5,66,008,2024,04,12,7,3,4,2,0,0,1,0,0,0,0,399616.333999999798834,5778831.487999999895692,7.532782412000074,52.150850758000047,0,05240420709110196458
05,5,54,016,2024,04,10,7,3,5,2,0,1,1,0,0,0,0,363765.644000000320375,5757052.914000000804663,7.017762723000033,51.947480544000030,1,05240420705000196768
05,5,54,040,2024,04,10,7,3,5,3,0,0,1,0,0,0,0,351418.950500000268221,5737368.426500000059605,6.846710730000041,51.767458947000080,1,05240420705000194592
05,5,54,012,2024,04,00,7,3,0,1,2,1,0,0,0,0,0,352923.928500000387430,5746826.168400000780821,6.864490927000077,51.852834218000055,0,05240420705000190170
05,5,62,014,2024,04,21,7,3,3,6,2,0,1,0,0,0,0,360170.815100000239909,5713443.340900000184774,6.983029484000042,51.554725301000076,1,05240420701300205019
05,5,62,032,2024,04,20,7,3,6,2,0,0,1,1,0,0,0,376120.424700000323355,5715016.247600000351667,7.212412541000049,51.572589470000082,0,05240420701120207195
05,5,13,000,2024,04,11,7,3,0,1,0,0,0,0,1,0,0,364290.714300000108778,5708784.270199999213219,7.044215009000027,51.513863030000039,1,05240420700000196252
05,5,13,000,2024,04,13,4,3,0,3,0,0,1,0,1,0,0,369055.833999999798834,5708139.555999999865890,7.113086568000028,51.509193640000035,1,05240424700000339061
05,5,15,000,2024,04,15,4,3,2,6,0,1,0,0,0,0,1,405789.387299999594688,5756891.225299999117851,7.629029623000065,51.954732986000067,1,05240424702000347232
05,5,62,004,2024,04,00,7,3,9,1,2,0,1,0,0,0,0,386854.931099999696016,5716224.970499999821186,7.366851537000059,51.585710046000031,1,05240420301921191789
05,5,58,004,2024,04,16,7,3,0,1,0,0,0,0,1,0,0,406350.018199999816716,5735144.548800000920892,7.643079212000032,51.759354561000066,1,05240420702330201290
05,5,70,044,2024,04,18,6,3,5,3,0,1,1,0,0,0,0,414935.030000000260770,5759678.898000000044703,7.761392628000067,51.981265313000051,1,05240419711100188233
05,5,66,076,2024,04,17,6,3,1,6,0,0,1,0,0,0,0,396372.723799999803305,5795239.559100000187755,7.480364353000027,52.297718512000074,1,05240419709500184537
05,5,58,012,2024,04,20,6,3,9,1,1,0,1,0,0,0,0,374515.358400000259280,5753448.552600000053644,7.175398385000051,51.917618790000063,1,05240419706200187865
05,5,58,012,2024,04,13,6,2,4,6,0,0,1,0,0,1,0,375878.792700000107288,5754813.082200000062585,7.194720619000066,51.930186846000026,1,05240419706200181359
05,5,54,068,2024,04,12,6,1,6,2,0,0,0,1,0,0,1,350628.168499999679625,5765784.420399999246001,6.822950153000022,52.022556605000034,1,05240419705000176769
05,5,62,012,2024,04,15,6,3,2,7,0,0,1,0,0,0,0,363955.696999999694526,5723253.371999999508262,7.033784920000073,51.643806469000026,1,05240419702340185222
05,5,62,032,2024,04,11,6,3,9,1,0,0,1,0,0,1,0,374427.505599999800324,5716989.456599999219179,7.187291063000032,51.589948370000059,1,05240419702340173925
05,5,15,000,2024,04,17,6,3,2,6,0,0,1,0,0,0,0,403633.873999999836087,5755620.142000000923872,7.598028593000038,51.942938715000082,1,05240419702100186183
05,5,62,028,2024,04,17,6,3,8,1,0,0,1,0,0,0,0,378088.312800000421703,5722789.908700000494719,7.238091589000021,51.642882771000075,1,05240419701920186280
05,5,62,012,2024,04,05,6,3,7,7,2,0,0,0,1,0,0,363090.843999999575317,5737927.736099999397993,7.015529378000053,51.775460753000061,1,05240419701610156175
05,5,62,014,2024,04,16,6,3,2,6,0,0,1,0,0,0,0,360577.172699999995530,5716209.534700000658631,6.987789683000074,51.579683104000026,1,05240419701300183492
05,5,15,000,2024,04,17,2,3,5,2,0,1,1,0,0,0,0,403130.571999999694526,5754144.821000000461936,7.591124229000059,51.929590631000053,0,05240429702100511186
05,5,13,000,2024,04,15,6,3,2,6,0,0,1,0,0,0,0,368895.186999999918044,5711477.489000000059605,7.109530810000024,51.539153709000061,1,05240419700000182427
05,5,13,000,2024,04,11,6,3,6,4,0,0,1,1,0,0,0,364693.002999999560416,5715373.393999999389052,7.047475524000049,51.573172296000052,1,05240419700000171214
05,5,54,004,2024,04,14,6,3,4,7,0,1,0,0,0,0,0,363025.611899999901652,5772359.831000000238419,7.000878764000049,52.084838715000046,0,05240426705000429122
05,5,66,028,2024,04,20,7,3,2,6,2,0,1,0,0,0,0,416150.375699999742210,5790394.439999999478459,7.771516476000045,52.257543457000054,0,05240427702350140282
05,5,54,004,2024,04,06,3,3,5,3,0,0,1,0,0,0,0,360665.591000000014901,5773337.486999999731779,6.966058359000044,52.093034128000056,0,05240423705000273470
05,5,70,008,2024,04,14,5,3,6,4,0,0,1,1,0,0,0,434106.150700000114739,5734406.188400000333786,8.045312679000062,51.756670818000032,0,05240418711300141280
05,5,70,044,2024,04,05,5,3,5,3,1,1,1,0,0,0,0,416574.921000000089407,5759451.646999999880791,7.785320025000033,51.979471228000079,1,05240418711100111312
05,5,66,028,2024,04,14,5,3,5,3,0,0,1,0,0,0,0,416252.269999999552965,5789998.927999999374151,7.773107071000027,52.254003918000080,0,05240418709700141053
05,5,54,004,2024,04,18,5,3,2,6,0,0,1,0,0,0,0,359166.632000000216067,5778878.133999999612570,6.941899976000059,52.142437306000033,0,05240418705000150375
05,5,54,012,2024,04,19,5,3,4,6,0,1,0,0,0,0,0,352434.811400000005960,5746408.436000000685453,6.857572720000064,51.848951848000070,0,05240418705000146784
05,5,62,032,2024,04,15,3,3,2,6,0,0,1,0,0,0,0,378291.797799999825656,5718607.313400000333786,7.242484272000070,51.605336613000077,0,05240430701110560317
05,5,62,004,2024,04,01,5,2,1,1,2,0,1,0,0,1,0,383226.446299999952316,5718361.695599999278784,7.313790458000028,51.604174028000045,0,05240418702340108846
05,5,15,000,2024,04,13,5,3,1,6,0,0,1,0,0,0,0,400793.635999999940395,5761743.788000000640750,7.554952073000038,51.997479732000045,0,05240418702100136727
05,5,15,000,2024,04,13,5,3,5,3,0,1,1,0,0,0,0,408131.045800000429153,5751404.561799999326468,7.664560636000033,51.905807235000054,0,05240418702100133053
05,5,62,008,2024,04,17,5,3,2,6,0,0,1,0,0,0,0,383092.088100000284612,5728858.425200000405312,7.308342198000048,51.698486349000063,0,05240418701910145811
05,5,62,004,2024,04,18,5,3,2,7,0,0,1,0,0,0,0,383477.199000000022352,5710454.087999999523163,7.320031885000049,51.533154391000039,0,05240418701800146615
05,5,62,012,2024,04,14,5,3,5,2,0,0,1,0,0,0,1,362171.104799999855459,5732177.931399999186397,7.004485575000047,51.723567980000041,0,05240418701620140577
05,5,62,024,2024,04,20,5,3,5,3,1,1,1,0,0,0,0,372474.438500000163913,5723319.506999999284744,7.156809185000043,51.646397204000039,0,05240418701500148186
05,5,13,000,2024,04,06,5,3,3,6,0,0,1,0,1,0,0,363829.500000000000000,5716436.475999999791384,7.034610585000053,51.582517584000072,0,05240418700000110635
05,5,70,052,2024,04,20,4,3,4,6,0,0,1,0,0,0,0,428131.606499999761581,5759144.137199999764562,7.953618503000030,51.978321976000075,0,05240417711100106416
05,5,66,076,2024,04,12,4,3,5,2,0,0,1,0,0,0,0,391434.424599999561906,5789480.276799999177456,7.409830162000048,52.245005677000051,0,05240417709500100440
05,5,66,084,2024,04,12,4,3,5,3,0,1,1,0,0,0,0,390112.491000000387430,5774868.027000000700355,7.395210476000045,52.113420943000051,1,05240417709300101006
05,5,66,008,2024,04,17,4,3,2,6,0,0,1,0,0,0,1,398217.633999999612570,5780192.483999999240041,7.511938360000045,52.162826937000034,0,05240417709110104249
05,5,58,012,2024,04,10,4,3,2,6,0,0,1,0,0,0,0,376126.815700000151992,5754880.572200000286102,7.198301762000028,51.930848604000062,1,05240417706200089007
05,5,58,032,2024,04,13,4,2,0,2,0,0,1,0,0,0,1,392751.530000000260770,5751383.718000000342727,7.441088059000037,51.902871526000069,1,05240417706100098972
05,5,54,064,2024,04,18,4,3,4,2,0,0,1,0,0,0,0,356562.382000000216067,5749744.463999999687076,6.916070297000033,51.880002565000041,1,05240417705000104799
05,5,54,004,2024,04,07,4,3,2,6,0,0,1,0,0,0,0,365155.183000000193715,5771106.228000000119209,7.032435073000045,52.074097270000038,1,05240417705000068193
05,5,15,000,2024,04,17,4,3,0,3,0,1,1,0,0,0,0,408665.539599999785423,5753493.789699999615550,7.671773885000050,51.924674506000031,0,05240417702100102828
05,5,15,000,2024,04,17,4,3,4,6,0,1,0,0,0,0,1,403954.885999999940395,5761367.885999999940395,7.601089339000055,51.994656829000064,0,05240417702100102425
05,5,15,000,2024,04,07,4,2,5,3,0,1,1,0,0,0,0,405927.821000000461936,5756686.611999999731779,7.631099531000075,51.952917262000028,1,05240417702100069977
05,5,62,004,2024,04,16,4,2,5,3,0,0,1,0,0,0,0,382486.096199999563396,5716687.937300000339746,7.303665493000040,51.588976894000041,1,05240417701800102780
05,5,13,000,2024,04,10,4,3,5,2,0,0,1,0,0,0,0,364901.918999999761581,5719327.627000000327826,7.048966175000032,51.608756614000072,1,05240417700000077648
05,5,54,004,2024,04,11,6,3,5,3,0,1,1,0,0,0,0,361697.525999999605119,5770511.505999999120831,6.982257683000057,52.067900829000052,1,05240426705000416031
05,5,66,004,2024,04,16,3,3,2,6,0,0,1,0,0,0,0,396567.451200000010431,5764649.362400000914931,7.492538218000050,52.022823406000043,0,05240423709110307032
05,5,70,016,2024,04,16,3,3,2,6,0,0,1,0,0,0,0,409362.600100000388920,5740645.604699999094009,7.685279929000046,51.809298826000031,1,05240416711200055669
05,5,54,056,2024,04,11,3,3,5,2,0,1,1,0,0,0,0,356822.167000000365078,5761984.460000000894070,6.914747798000064,51.990047074000074,1,05240416705000041296
05,5,54,028,2024,04,08,3,3,2,1,0,0,1,0,0,0,0,358730.652099999599159,5743468.970799999311566,6.950114566000025,51.824168138000061,0,05240416705000030737
05,5,15,000,2024,04,20,3,3,0,1,0,1,0,0,0,0,0,406365.175999999977648,5757342.396400000900030,7.637283074000038,51.958885574000078,0,05240416702100059278
05,5,62,032,2024,04,07,3,3,5,3,0,1,1,0,0,0,0,375996.639999999664724,5720912.855000000447035,7.208542733000058,51.625556136000057,1,05240416701110031724
05,5,66,020,2024,04,13,7,3,8,1,0,1,0,0,0,0,0,404917.501000000163913,5803879.669999999925494,7.603181619000054,52.376919341000075,0,05240427709700447059
05,5,15,000,2024,04,02,1,3,0,1,2,1,0,0,0,0,0,404816.469200000166893,5758301.033199999481440,7.614485304000027,51.967239215000063,0,05240428702100457782
05,5,70,036,2024,04,15,5,2,4,2,0,1,1,0,0,0,0,432825.059999999590218,5759415.152000000700355,8.021889526000052,51.981345578000060,0,05240418711100142667
05,5,62,004,2024,05,18,4,3,9,1,0,0,1,0,0,0,0,383764.622000000439584,5716386.183000000193715,7.322212607000040,51.586530014000061,0,05240501701800576657
05,5,70,020,2024,04,07,2,3,2,6,0,0,1,0,0,0,0,434172.176199999637902,5748832.096499999985099,8.043526567000072,51.886367241000073,0,05240415711100983645
05,5,66,048,2024,04,18,2,3,0,7,0,0,0,0,0,0,1,428461.110000000335276,5796045.942999999970198,7.950646333000066,52.310083658000053,1,05240415709700014207
05,5,66,064,2024,04,06,2,3,4,1,0,0,1,0,0,0,0,393374.843000000342727,5775562.145300000905991,7.442616859000054,52.120297976000074,0,05240415709110979317
05,5,66,008,2024,04,15,2,3,5,3,0,1,1,0,0,0,0,399423.726999999955297,5781800.117000000551343,7.529088636000040,52.177496987000040,1,05240415709110010934
05,5,66,008,2024,04,16,2,3,5,2,0,1,1,0,0,0,0,399310.322999999858439,5781224.858999999240041,7.527601465000032,52.172306045000028,1,05240415709110008519
05,5,54,020,2024,04,14,2,3,5,3,0,0,1,0,0,0,0,368168.679999999701977,5785413.915999999269843,7.070830443000034,52.203386864000038,1,05240415705000008292
05,5,66,088,2024,04,01,2,2,9,7,2,0,1,0,0,0,0,423188.105499999597669,5786859.883199999108911,7.875407478000056,52.226799568000047,1,05240415702350971959
05,5,15,000,2024,04,07,2,3,2,6,0,0,1,0,0,0,0,400697.753700000233948,5760159.333200000226498,7.554014786000039,51.983221345000061,1,05240415702330987081
05,5,15,000,2024,04,11,2,3,5,2,0,1,1,0,0,0,0,405520.558000000193715,5755518.682000000029802,7.625496054000052,51.942350346000069,0,05240415702100990386
05,5,15,000,2024,04,10,2,2,5,2,0,0,1,0,1,0,0,405686.543499999679625,5753946.618400000035763,7.628341115000069,51.928248049000047,0,05240415702100988449
05,5,15,000,2024,04,13,2,3,6,6,0,1,0,1,0,0,0,404332.873999999836087,5761271.007999999448657,7.606620060000068,51.993851306000067,0,05240415702100012534
05,5,62,004,2024,04,07,2,3,5,3,0,0,1,0,0,0,0,383155.598500000312924,5716627.509700000286102,7.313345476000052,51.588573027000052,0,05240415701800981345
05,5,62,024,2024,04,07,2,3,5,3,2,1,1,0,0,0,0,369939.316100000403821,5727451.562999999150634,7.118650964000039,51.682949794000081,0,05240415701500110914
05,5,13,000,2024,04,20,2,3,5,3,1,0,1,0,0,0,0,366997.718000000342727,5706842.049000000581145,7.083935941000050,51.497052665000069,0,05240422700000264924
05,5,12,000,2024,04,23,2,3,1,5,2,0,1,0,0,0,0,359477.471900000236928,5711488.288599999621511,6.973815824000042,51.536984872000062,1,05240415701400018971
05,5,62,014,2024,04,14,2,3,0,1,0,0,0,0,1,0,0,361224.548299999907613,5715145.666400000452995,6.997547024000028,51.570282823000070,1,05240415701300003240
05,5,13,000,2024,04,15,2,3,3,2,0,0,1,0,0,0,1,367962.287999999709427,5708753.631999999284744,7.097107829000038,51.514457715000049,1,05240415700000009309
05,5,66,028,2024,04,17,5,3,5,3,0,1,1,0,0,0,0,409261.663999999873340,5796664.380000000819564,7.668930120000027,52.312805182000034,1,05240425709700391790
05,5,70,028,2024,04,12,1,3,5,3,0,1,1,0,0,0,0,445881.110999999567866,5739525.585999999195337,8.215094001000068,51.803958200000068,0,05240414711400962369
05,5,70,048,2024,04,12,1,2,2,6,0,1,1,0,0,0,0,444592.286500000394881,5734392.348099999129772,8.197223158000043,51.757682039000031,0,05240414711300962895
05,5,70,032,2024,04,13,1,3,5,2,0,1,1,0,0,0,0,420890.633600000292063,5765841.263800000771880,7.846667467000032,52.037539538000033,0,05240414711100964418
05,5,66,024,2024,04,17,1,3,5,2,0,0,1,0,0,0,0,384048.021999999880791,5771112.788000000640750,7.307963786000073,52.078434697000034,0,05240414709300966690
05,5,66,084,2024,04,12,1,3,1,6,0,0,1,0,0,0,0,388198.814000000245869,5777698.773000000044703,7.366345183000021,52.138477577000060,0,05240414709300962075
05,5,66,084,2024,04,09,1,3,0,3,0,1,1,0,0,0,0,390512.775100000202656,5774577.681299999356270,7.401147096000045,52.110890923000056,0,05240414709300961129
05,5,58,024,2024,04,10,1,3,5,3,0,0,1,0,0,0,0,386743.168999999761581,5735113.055999999865890,7.359115128000042,51.755449704000057,0,05240414706300962182
05,5,54,020,2024,04,18,1,3,7,7,0,1,0,0,0,0,0,366250.153500000014901,5782815.575300000607967,7.043798468000034,52.179577518000031,0,05240414705000966454
05,5,54,020,2024,04,15,1,3,8,1,0,0,0,0,1,0,0,361730.620600000023842,5784230.399599999189377,6.977163470000050,52.191175643000065,0,05240414705000964863
05,5,54,040,2024,04,15,1,3,0,1,0,1,0,0,0,0,0,350837.250000000000000,5737859.258999999612570,6.838076202000025,51.771714365000037,0,05240414705000964467
05,5,62,016,2024,04,00,1,3,9,1,2,0,1,0,0,0,0,372246.499099999666214,5733168.530099999159575,7.149910444000056,51.734856187000048,0,05240414702330956195
05,5,15,000,2024,04,11,1,3,5,2,0,1,1,0,0,0,0,402131.437099999748170,5753661.239900000393391,7.576735080000049,51.925069283000028,0,05240414702100960878
05,5,15,000,2024,04,05,1,3,0,1,2,0,0,0,0,0,1,406208.939000000245869,5757441.278999999165535,7.634982973000035,51.959748045000026,0,05240414702100958184
05,5,70,004,2024,04,19,3,2,4,6,0,0,1,0,1,0,0,421840.656200000084937,5731396.823000000789762,7.868317625000032,51.728040417000045,0,05240430711200560953
05,5,66,028,2024,04,07,3,3,0,1,0,0,0,0,1,0,0,412167.783699999563396,5792963.910099999979138,7.712514034000037,52.280017117000057,1,05240416709700024902
05,5,70,028,2024,04,17,7,3,5,2,0,1,1,0,0,0,0,441770.019000000320375,5741582.434000000357628,8.155130348000057,51.822036756000045,0,05240413711400948889
05,5,66,044,2024,04,15,7,3,8,1,0,1,0,0,0,0,0,427942.161199999973178,5781148.591900000348687,7.946212900000035,52.176102628000081,0,05240413709800948256