ULAND,UREGBEZ,UKREIS,UGEMEINDE,UJAHR,UMONAT,USTUNDE,UWOCHENTAG,UKATEGORIE,UART,UTYP1,ULICHTVERH,IstRad,IstPKW,IstFuss,IstKrad,IstGkfz,IstSonstige,LINREFX,LINREFY,XGCSWGS84,YGCSWGS84,STRZUSTAND,UIDENTSTLAE
05,5,66,048,2024,04,14,7,3,5,3,0,1,1,0,0,0,0,425939.661999999545515,5791921.801999999210238,7.914574647000052,52.272677874000067,0,05240413709700946469
05,5,66,084,2024,04,17,7,3,2,6,0,0,1,0,0,0,0,390067.383999999612570,5775061.224999999627471,7.394489629000020,52.115148296000029,0,05240413709300959617
05,5,66,008,2024,04,18,7,3,0,2,0,1,1,0,0,0,0,399886.553700000047684,5782153.940500000491738,7.535750552000025,52.180761243000063,0,05240413709110949407
05,5,58,036,2024,04,14,7,3,9,1,0,0,0,0,1,0,0,389225.165500000119209,5726792.744400000199676,7.397705190000067,51.681164241000033,0,05240413706300950198
05,5,54,004,2024,04,07,7,3,8,1,0,0,1,0,0,0,0,362037.825100000016391,5775926.302600000053644,6.985027653000031,52.116639037000027,0,05240413705000940159
05,5,62,014,2024,04,18,7,3,2,6,0,0,1,0,0,0,0,358493.242700000293553,5713345.828400000929832,6.958886949000032,51.553430773000059,0,05240413702340960740
05,5,15,000,2024,04,15,7,3,3,2,0,0,0,0,0,0,1,405968.720099999569356,5756448.284800000488758,7.631759705000036,51.950781982000080,0,05240413702100947305
05,5,15,000,2024,04,15,7,2,0,6,0,1,0,0,0,0,0,405420.519500000402331,5751275.143899999558926,7.625207071000034,51.904190376000031,0,05240413702100947210
05,5,62,028,2024,04,14,7,2,0,1,0,0,1,0,1,0,0,380320.556599999777973,5723259.763800000771880,7.270175999000060,51.647585039000035,0,05240413701920945851
05,5,62,012,2024,04,04,7,3,9,7,2,0,1,0,0,0,0,366414.837899999693036,5732121.824999999254942,7.065910377000023,51.724090812000043,0,05240413701610939948
05,5,13,000,2024,04,10,7,3,6,4,0,0,1,1,0,0,0,369605.483599999919534,5706871.578099999576807,7.121471215000042,51.497925576000057,0,05240413700000941512
05,5,13,000,2024,04,10,7,3,0,7,0,0,0,0,0,0,1,366960.933199999853969,5714845.554999999701977,7.080382429000053,51.568968586000040,0,05240413700000748878
05,5,66,028,2024,04,07,4,3,2,1,0,0,1,0,0,0,0,410531.525899999774992,5787578.182900000363588,7.689962942000022,52.231345168000075,1,05240417709700082123
05,5,66,060,2024,04,19,1,3,0,7,0,0,0,0,1,0,0,392544.427799999713898,5783005.769400000572205,7.428137644000060,52.187035585000046,0,05240428709500470089
05,5,12,000,2024,04,12,4,3,2,6,0,0,1,0,0,0,0,356325.814799999818206,5710228.945699999108911,6.928917676000026,51.524875350000059,1,05240424701400348757
05,5,12,000,2024,04,17,7,3,4,6,0,0,1,0,0,0,0,356901.785600000061095,5708154.508199999108911,6.938056738000057,51.506380951000040,0,05240413500630949735
05,5,66,048,2024,04,08,2,3,1,6,0,0,1,0,0,0,1,428213.833999999798834,5791343.118000000715256,7.948021783000058,52.267777703000036,0,05240422702350235416
05,5,66,080,2024,04,10,5,3,2,1,0,0,1,0,0,0,0,407902.979000000283122,5782830.994000000879169,7.652777445000027,52.188243371000056,0,05240425709110372277
05,5,62,014,2024,04,05,4,3,5,3,2,1,1,0,0,0,0,360307.950000000186265,5714923.827999999746680,6.984417987000029,51.568063029000029,0,05240417701300064633
05,5,70,048,2024,04,15,6,3,5,2,0,0,1,0,0,0,0,448168.321000000461936,5731859.300000000745058,8.249407248000068,51.735250878000045,0,05240412711300929084
05,5,66,076,2024,04,14,6,3,5,3,0,0,1,0,0,0,0,394976.669999999925494,5797835.969000000506639,7.459089805000076,52.320787925000047,0,05240412709500926699
05,5,66,084,2024,04,21,6,3,8,1,2,0,1,1,0,0,0,387236.320199999958277,5781623.926999999210238,7.350984041000061,52.173557309000046,0,05240412709300935422
05,5,66,004,2024,04,14,6,3,2,6,0,0,1,0,0,0,0,394697.867999999783933,5767228.410000000149012,7.464506707000055,52.045651334000070,0,05240412709110927604
05,5,66,040,2024,04,22,6,3,1,1,2,0,1,0,0,0,0,423262.640999999828637,5781310.871999999508262,7.877755806000039,52.176930337000044,0,05240412709000937561
05,5,58,024,2024,04,11,6,2,4,6,0,0,1,0,0,0,0,389476.218600000254810,5736202.664200000464916,7.398348589000022,51.765788878000080,0,05240412706300924219
05,5,58,012,2024,04,14,6,3,0,1,0,0,0,0,0,0,1,373918.256000000052154,5757145.322399999946356,7.165366245000030,51.950704758000029,0,05240412706200924737
05,5,58,016,2024,04,14,6,3,3,6,0,1,1,0,0,0,0,381774.907999999821186,5744179.174000000581145,7.284077495000076,51.835902492000059,0,05240412706100929269
05,5,58,012,2024,04,23,6,3,6,1,2,1,0,1,0,0,0,374053.348100000061095,5755969.900399999693036,7.167761496000026,51.940172505000078,0,05240412706000935780
05,5,54,020,2024,04,22,6,3,9,1,2,0,1,0,0,0,0,361504.506000000052154,5785106.256999999284744,6.973499742000058,52.198988511000039,0,05240412705000936017
05,5,54,008,2024,04,07,6,3,5,3,0,1,1,0,0,0,0,333675.594100000336766,5745545.890900000929832,6.585877789000051,51.835930376000078,0,05240412705000902575
05,5,66,088,2024,04,11,6,3,2,6,0,0,1,0,0,0,1,422532.868900000117719,5785832.743100000545382,7.866051496000068,52.217474974000027,0,05240412702350915238
05,5,15,000,2024,04,19,6,3,0,1,0,1,0,0,0,0,0,405690.192699999548495,5753876.380400000140071,7.628413420000072,51.927617333000057,0,05240412702100932112
05,5,66,044,2024,04,11,7,3,5,3,0,0,1,0,0,0,0,423665.417000000365078,5772521.371999999508262,7.885618616000045,52.097977025000034,0,05240420709800197455
05,5,15,000,2024,04,15,6,3,0,7,0,1,0,0,0,0,0,406636.725399999879301,5757136.383799999952316,7.641289861000075,51.957079494000027,0,05240412702100930917
05,5,15,000,2024,04,12,6,3,5,3,0,1,1,0,0,0,0,405489.708599999547005,5754910.920600000768900,7.625214415000073,51.936882267000044,0,05240412702100920257
05,5,15,000,2024,04,12,6,2,5,3,0,1,1,0,0,0,0,403974.377399999648333,5757465.119300000369549,7.602465263000056,51.959580905000053,0,05240412702100918481
05,5,15,000,2024,04,05,6,3,5,3,2,1,1,0,0,0,0,400906.396999999880791,5762025.973999999463558,7.556512405000035,52.000036185000056,0,05240412702100897541
05,5,15,000,2024,04,21,6,3,4,1,2,1,0,0,0,0,1,405936.514000000432134,5756517.479000000283122,7.631272283000044,51.951398486000073,0,05240412702100183129
05,5,62,004,2024,04,18,6,3,5,3,0,0,0,0,1,1,0,382818.100300000049174,5713916.683100000023842,7.309380374000057,51.564138868000043,0,05240412701800931432
05,5,12,000,2024,04,20,6,3,5,2,0,0,1,0,0,0,1,356535.375000000000000,5709523.039799999445677,6.932223808000060,51.518585471000051,0,05240412701400934250
05,5,62,014,2024,04,08,6,3,5,2,0,1,1,0,0,0,0,361950.681900000199676,5712867.057399999350309,7.008912620000046,51.549985044000039,0,05240412701300909888
05,5,62,020,2024,04,21,6,3,5,2,2,0,1,0,0,0,0,367862.281100000254810,5718351.876099999994040,7.092060440000068,51.600690477000057,0,05240412701200935359
05,5,62,020,2024,04,12,6,3,5,3,0,0,1,0,1,0,0,367492.818099999800324,5720899.581499999389052,7.085765837000054,51.623498719000054,0,05240412701200928901
05,5,62,020,2024,04,13,6,2,5,3,0,0,1,0,0,0,0,371427.058699999935925,5715581.798599999397993,7.144517598000050,51.576621223000075,0,05240412701200928767
05,5,62,032,2024,04,15,6,3,5,3,0,1,1,0,0,0,0,377306.273900000378489,5720462.088600000366569,7.227610902000038,51.621792072000062,0,05240412701110930318
05,5,15,000,2024,04,19,3,3,6,4,0,0,1,1,0,0,0,405627.286100000143051,5756977.809800000861287,7.626647646000038,51.955483761000039,0,05240430702100559377
05,5,62,004,2024,04,07,2,3,5,3,0,1,1,0,0,0,0,384773.773599999956787,5716362.947799999266863,7.336780091000037,51.586528444000066,0,05240429701800477877
05,5,66,088,2024,04,12,5,3,8,1,0,0,1,0,0,0,0,414994.432699999772012,5786009.347500000149012,7.755687944000044,52.217950778000045,1,05240411709800876578
05,5,66,088,2024,04,12,5,3,2,6,0,0,1,0,0,0,0,414994.432699999772012,5786009.347500000149012,7.755687944000044,52.217950778000045,1,05240411709800876217
05,5,66,028,2024,04,05,5,3,6,1,0,1,0,1,0,0,0,411870.571800000034273,5793076.658900000154972,7.708129087000032,52.280982959000028,1,05240411709700886937
05,5,66,028,2024,04,08,5,3,0,3,0,0,1,0,0,0,0,414553.440000000409782,5792146.078999999910593,7.747682156000053,52.273042168000075,0,05240411709700881061
05,5,58,016,2024,04,07,5,3,9,1,0,0,0,0,1,0,0,385276.122999999672174,5746795.711999999359250,7.334002498000075,51.860148522000031,0,05240411706100854854
05,5,54,004,2024,04,17,5,3,1,2,0,0,1,0,0,0,0,365051.342000000178814,5771537.487999999895692,7.030750299000033,52.077947074000065,0,05240411705000889613
05,5,54,016,2024,04,14,5,3,2,6,0,0,1,0,0,0,0,365327.616600000299513,5755970.372400000691414,7.040899267000043,51.938133386000061,0,05240411705000887758
05,5,54,004,2024,04,13,5,3,2,5,0,0,1,0,0,0,0,365533.246899999678135,5769428.361700000241399,7.038608892000070,52.059112594000055,0,05240411705000879530
05,5,54,056,2024,04,08,5,3,5,2,0,1,1,0,0,0,0,355768.159900000318885,5762222.547100000083447,6.899308135000069,51.991913586000067,1,05240411705000862636
05,5,58,004,2024,04,22,4,3,8,7,2,0,1,0,0,0,0,405916.428899999707937,5733530.227900000289083,7.637235587000021,51.744771087000061,1,05240424706000354194
05,5,13,000,2024,04,23,5,3,3,6,2,0,1,0,0,0,0,369619.649699999950826,5711333.383799999952316,7.120024526000066,51.538026466000076,0,05240411702340894174
05,5,62,024,2024,04,16,5,3,5,3,0,0,1,0,0,0,0,364859.756699999794364,5724294.470399999991059,7.046440630000063,51.653380040000059,0,05240411702340888903
05,5,15,000,2024,04,11,5,3,0,6,0,0,1,0,0,0,1,409199.724999999627471,5756171.067999999970198,7.678833242000053,51.948827045000030,0,05240411702100934011
05,5,15,000,2024,04,13,5,3,5,2,0,1,0,0,0,0,1,406007.110999999567866,5757793.152000000700355,7.631950218000043,51.962876757000060,0,05240411702100871855
05,5,62,016,2024,04,18,5,3,8,7,0,0,1,0,0,0,0,369037.824500000104308,5732104.369100000709295,7.103870754000070,51.724552682000080,0,05240411701700889969
05,5,62,024,2024,04,11,5,3,5,3,0,1,0,0,0,0,0,366986.485999999567866,5724358.767999999225140,7.077140930000041,51.654465075000076,0,05240411701500868078
05,5,12,000,2024,04,15,5,3,1,6,0,0,1,0,0,1,0,360595.593899999745190,5709536.261499999091029,6.990699819000042,51.519720895000034,0,05240411701400885329
05,5,62,014,2024,04,08,5,3,6,4,0,0,1,1,0,0,0,361407.393000000156462,5714809.741800000891089,7.000316131000034,51.567309131000059,0,05240411701300860929
05,5,62,020,2024,04,16,5,2,6,2,0,0,1,1,0,0,0,370090.480700000189245,5719082.351399999111891,7.123944128000062,51.607773428000030,0,05240411701200886324
05,5,13,000,2024,04,14,5,3,5,3,0,1,1,0,0,0,0,366562.870000000111759,5706651.458000000566244,7.077747269000042,51.495237411000062,0,05240411700000893948
05,5,13,000,2024,04,22,5,3,1,1,2,0,1,0,0,0,1,365046.014100000262260,5717748.013599999248981,7.051653648000070,51.594596185000057,0,05240411700000893244
05,5,13,000,2024,04,13,5,3,3,2,0,0,1,0,0,1,0,367616.781499999575317,5709118.781400000676513,7.091994300000067,51.517658352000069,0,05240411700000876271
05,5,15,000,2024,04,19,6,3,1,6,0,0,1,0,0,0,0,407418.703999999910593,5755077.567999999970198,7.653221054000028,51.938704467000036,1,05240419702100186323
05,5,12,000,2024,04,23,7,3,0,1,2,1,0,0,0,0,0,356709.885999999940395,5708054.449300000444055,6.935334184000055,51.505433210000035,0,05240413701400954804
05,5,15,000,2024,04,18,7,3,1,6,0,0,1,0,0,0,0,407166.093100000172853,5751326.926899999380112,7.650558840000031,51.904949439000063,1,05240420702100202302
05,5,12,000,2024,04,14,4,3,0,7,0,0,0,0,0,0,1,356806.833999999798834,5710325.989000000059605,6.935807336000039,51.525869533000048,0,05240417701400095391
05,5,70,028,2024,04,09,4,2,0,3,0,1,1,0,0,0,0,441111.603000000119209,5743432.279100000858307,8.145263638000074,51.838598260000026,0,05240410711400862453
05,5,66,080,2024,04,17,4,3,0,1,0,0,1,0,0,0,0,406856.758999999612570,5782259.098999999463558,7.637634819000027,52.182927396000082,0,05240410709110842397
05,5,58,032,2024,04,13,4,2,8,1,0,0,1,0,0,0,0,384350.296799999661744,5754720.244799999520183,7.317906038000046,51.931177144000060,0,05240410706000839576
05,5,54,012,2024,04,18,4,3,5,3,0,1,1,0,0,0,0,347669.612099999561906,5752677.805900000035763,6.785677468000074,51.903998757000068,0,05240410705000844042
05,5,54,008,2024,04,19,4,3,5,2,0,1,1,0,0,0,0,335751.980000000447035,5746208.114000000059605,6.615672840000059,51.842493839000042,0,05240410705000843939
05,5,54,008,2024,04,15,4,3,3,6,0,0,1,0,0,0,1,330021.720599999651313,5744834.996200000867248,6.533245106000038,51.828444550000029,0,05240410705000840264
05,5,54,036,2024,04,05,4,3,4,2,2,0,1,0,0,0,0,367243.478000000119209,5768415.400000000372529,7.063933200000065,52.050422797000067,1,05240410705000806391
05,5,15,000,2024,04,16,4,3,2,6,0,0,1,0,0,0,0,406799.985000000335276,5757033.161000000312924,7.643693050000024,51.956179063000036,0,05240410702100840590
05,5,15,000,2024,04,07,4,3,5,3,0,1,1,0,0,0,0,405972.618999999947846,5752311.448000000789762,7.632946998000023,51.913598688000036,0,05240410702100827796
05,5,62,004,2024,04,14,4,3,4,6,0,0,1,0,1,0,0,379266.480999999679625,5715575.573000000789762,7.257595122000055,51.578298901000039,0,05240410701800837099
05,5,62,014,2024,04,08,4,3,2,6,0,0,1,0,0,1,0,360252.569000000134110,5713612.162699999287724,6.984140874000047,51.556262604000040,1,05240410701300817746
05,5,62,032,2024,04,17,4,3,2,6,0,0,1,0,0,0,0,378554.842000000178814,5718696.087899999693036,7.246250072000066,51.606191251000041,0,05240410701110841385
05,5,62,032,2024,04,12,4,3,1,5,0,0,1,0,0,0,0,375844.759300000034273,5719395.320399999618530,7.206887428000073,51.611884355000029,0,05240410701110827940
05,5,66,040,2024,04,13,7,3,3,6,0,0,1,0,1,0,0,424412.310999999754131,5783206.312999999150634,7.894143087000032,52.194127167000033,0,05240413709800945975
05,5,66,028,2024,05,07,1,3,5,3,0,0,1,0,0,0,0,417359.265999999828637,5791174.698999999091029,7.789032596000027,52.264739788000043,0,05240512709700908692
05,5,66,076,2024,05,07,1,3,3,2,0,0,1,0,0,0,0,392458.564000000245869,5793192.410000000149012,7.423641837000048,52.278568254000049,0,05240512709500908384
05,5,66,024,2024,05,21,1,3,9,1,0,0,0,0,1,0,0,382088.245000000111759,5775549.838999999687076,7.277844128000027,52.117895469000075,0,05240512709300921128
05,5,66,008,2024,05,17,1,3,5,3,0,1,1,0,0,0,0,399133.936499999836087,5779908.051999999210238,7.525414415000057,52.160438736000060,0,05240512709110917310
05,5,58,016,2024,05,19,1,3,3,5,0,0,1,0,1,0,0,387439.651999999769032,5747269.978900000452995,7.365252370000064,51.864851616000067,0,05240512706100918215
05,5,58,024,2024,05,16,1,2,0,1,0,0,0,0,1,0,0,389434.576899999752641,5736236.551400000229478,7.397734609000054,51.766085228000065,0,05240512706000918282
05,5,58,004,2024,05,16,1,3,8,1,0,0,0,0,1,0,0,402197.866799999959767,5735631.056099999696016,7.582800024000051,51.763017818000037,0,05240512706000917713
05,5,54,008,2024,05,19,1,3,0,1,0,0,0,0,1,0,0,333725.019999999552965,5746697.982999999076128,6.586040728000057,51.846294585000066,0,05240512705000916958
05,5,54,048,2024,05,14,1,2,0,1,0,1,0,0,0,0,0,341180.500000000000000,5748022.686000000685453,6.693572949000043,51.860366103000047,0,05240512705000913696
05,5,66,048,2024,05,10,1,3,2,2,0,0,1,0,0,0,0,427080.928999999538064,5791418.222999999299645,7.931406691000063,52.268303761000027,0,05240512702350910488
05,5,12,000,2024,05,04,1,3,8,1,2,0,1,0,0,0,0,357207.938699999824166,5720598.826600000262260,6.937410254000042,51.618280727000069,0,05240512702340907820
05,5,62,012,2024,05,18,1,3,6,3,0,0,0,1,1,0,0,362720.704599999822676,5731342.298599999397993,7.012766938000027,51.716193820000058,0,05240512701620916636
05,5,62,012,2024,05,20,1,2,8,1,0,0,1,0,0,0,0,362127.939000000245869,5737598.984699999913573,7.001711914000055,51.772270295000055,0,05240512701610920006
05,5,12,000,2024,05,22,1,3,2,6,2,0,1,0,0,0,0,358793.602199999615550,5711306.470899999141693,6.964034762000040,51.535180412000045,0,05240512701400920395
05,5,70,024,2024,05,16,7,2,4,6,0,1,0,0,0,0,0,421817.177000000141561,5751812.031999999657273,7.863368587000025,51.911559087000057,0,05240511711100897938
05,5,66,092,2024,05,19,7,2,5,2,0,0,1,0,1,0,0,425393.326700000092387,5803049.353399999439716,7.904100502000063,52.372627584000043,0,05240511709700901618
05,5,66,016,2024,05,16,7,3,0,7,0,0,0,0,1,0,0,407277.624099999666214,5789688.881599999964237,7.641752964000034,52.249777947000041,0,05240511709500898811
05,5,66,076,2024,05,18,7,3,4,1,0,1,1,0,0,0,0,394305.332100000232458,5792898.230599999427795,7.450793421000071,52.276282577000075,0,05240511709500898707
05,5,54,012,2024,05,23,7,3,0,7,2,1,1,0,0,0,0,352832.392699999734759,5746044.777400000020862,6.863495446000059,51.845789347000050,0,05240511705000904249
05,5,66,068,2024,05,13,7,3,8,1,0,0,1,0,0,0,0,371223.143000000156462,5784072.491000000387430,7.116011689000061,52.192055157000027,0,05240511702340897713
05,5,12,000,2024,05,17,7,3,5,2,0,1,1,0,0,0,0,355646.078499999828637,5709788.414899999275804,6.919306609000046,51.520743514000060,0,05240511701400898107
05,5,62,014,2024,05,10,7,3,2,6,0,0,1,0,0,0,0,359422.206199999898672,5715894.738600000739098,6.971257913000045,51.576567488000080,0,05240511701300891345
05,5,62,032,2024,05,23,7,2,9,1,2,0,1,0,0,0,0,378699.631099999882281,5718764.015699999406934,7.248316371000044,51.606832951000058,0,05240511701110904313
05,5,13,000,2024,05,23,7,3,2,6,2,0,1,0,0,0,0,366827.842000000178814,5709323.490000000223517,7.080553003000034,51.519312557000035,0,05240511700000904688
05,5,13,000,2024,05,16,7,2,8,1,0,1,0,0,0,0,0,368600.476499999873340,5716364.653899999335408,7.103457042000059,51.583004704000075,0,05240511700000897311
05,5,66,028,2024,05,13,6,3,5,3,0,1,1,0,0,0,0,411882.508000000379980,5790072.062999999150634,7.709088740000027,52.253978774000075,0,05240510709700876116
05,5,58,032,2024,05,20,6,3,0,1,1,0,0,0,1,0,0,389967.780000000260770,5752445.721999999135733,7.400302487000033,51.911873587000059,0,05240510706000883856
05,5,58,012,2024,05,15,6,3,0,1,0,1,0,0,0,0,0,375261.256199999712408,5751190.762199999764562,7.187055548000046,51.897496523000029,0,05240510706000878679
05,5,58,036,2024,05,01,6,3,3,1,2,0,1,0,1,0,0,384815.299999999813735,5733081.316800000146031,7.331869363000067,51.736796235000043,0,05240510706000848130
05,5,54,004,2024,05,11,6,3,0,2,0,1,0,0,0,0,0,362437.052099999971688,5770954.254699999466538,6.992861266000034,52.072063226000068,0,05240510705000864670
05,5,15,000,2024,05,21,6,3,5,3,1,0,1,0,0,0,0,405373.525999999605119,5761218.922000000253320,7.621786638000060,51.993561436000050,0,05240510702100894445
05,5,15,000,2024,05,17,6,2,5,3,0,1,0,0,0,0,0,404544.303000000305474,5758681.243000000715256,7.610419130000025,51.970610006000072,0,05240510702100878521
05,5,62,004,2024,05,17,6,3,2,6,0,0,1,0,0,1,0,383364.139100000262260,5719012.295399999246001,7.315561382000055,51.610049942000046,0,05240510701800880374
05,5,62,016,2024,05,15,6,3,9,6,0,0,1,0,0,0,0,369393.027599999681115,5732091.752199999988079,7.109015253000052,51.724522147000073,0,05240510701700879168
05,5,62,012,2024,05,16,6,2,5,3,0,0,1,0,1,0,0,356788.378999999724329,5729870.237999999895692,6.927555661000042,51.701483379000081,0,05240510701610878641
05,5,12,000,2024,05,18,6,3,0,1,0,0,0,0,1,0,0,356948.530100000090897,5709680.957399999722838,6.938110415000040,51.520109277000074,0,05240510701400880631
05,5,13,000,2024,05,17,6,3,3,6,0,0,1,0,0,0,0,364863.324599999934435,5709852.095799999311566,7.052052617000072,51.523596299000076,0,05240510700000879852
05,5,13,000,2024,05,04,6,3,1,6,2,0,1,0,0,0,0,368373.098000000230968,5708856.258999999612570,7.102986493000060,51.515475863000063,0,05240510700000848665
05,5,66,088,2024,05,17,5,3,9,1,0,0,0,0,1,0,0,420089.204499999992549,5786916.659499999135733,7.830033526000022,52.226868974000070,0,05240509709700842007
05,5,66,028,2024,05,13,5,3,5,3,0,1,1,0,0,0,0,410805.398000000044703,5788369.447000000625849,7.693763180000076,52.238501687000053,0,05240509709700838252
05,5,66,024,2024,05,15,5,3,9,1,0,0,0,0,1,0,0,381949.169700000435114,5775701.346699999645352,7.275761313000032,52.119227346000059,0,05240509709300840518
05,5,66,080,2024,05,06,5,1,9,1,1,0,1,0,0,0,0,403713.897800000384450,5781935.409099999815226,7.591772279000054,52.179478423000035,0,05240509709110834604
05,5,58,044,2024,05,13,5,3,5,2,0,1,1,0,0,0,0,396210.332000000402331,5746206.134299999102950,7.492901586000073,51.856990337000070,0,05240509706300839427
05,5,54,016,2024,05,15,5,2,8,1,0,0,0,0,1,0,0,368065.951000000350177,5757393.535499999299645,7.080163739000056,51.951577883000027,0,05240509705000839775
05,5,54,052,2024,05,12,5,2,5,6,0,0,0,0,1,0,1,378831.615000000223517,5774835.687999999150634,7.230557943000065,52.110773666000057,0,05240509705000839436
05,5,13,000,2024,05,16,5,3,0,1,0,0,1,0,0,0,0,366046.803899999707937,5709589.951300000771880,7.069201250000049,51.521522455000081,0,05240509702340842393
05,5,54,024,2024,05,13,5,3,2,7,0,0,1,0,0,0,0,369567.071899999864399,5780182.010299999266863,7.093293814000049,52.156707228000073,0,05240509702340838286
05,5,15,000,2024,05,21,5,3,0,7,2,1,0,0,0,0,0,407705.548499999567866,5758218.918099999427795,7.656548828000041,51.966988329000060,0,05240509702100846628
05,5,15,000,2024,05,15,5,3,6,4,0,1,0,1,0,0,0,406543.787800000049174,5757209.363199999555945,7.639917905000061,51.957719856000040,0,05240509702100839885
05,5,15,000,2024,05,14,5,2,9,1,0,0,1,0,0,0,0,411956.697800000198185,5754150.964600000530481,7.719454075000044,51.931111965000071,0,05240509702100839274
05,5,62,028,2024,05,21,5,3,2,7,1,0,1,0,0,0,0,379241.286000000312924,5721304.875000000000000,7.255258727000069,51.629785030000050,0,05240509701920844890
05,5,62,016,2024,05,14,5,3,0,1,0,0,0,0,1,0,0,375860.495000000111759,5736765.451999999582767,7.200934861000064,51.767993440000055,0,05240509701700840532
05,5,62,016,2024,05,14,5,3,5,3,0,1,1,0,0,0,0,374869.457000000402331,5731641.135999999940395,7.188423625000041,51.721721371000058,0,05240509701700839334
05,5,62,012,2024,05,15,5,3,0,1,0,0,0,0,1,0,0,359446.366999999620020,5726219.274000000208616,6.967463791000057,51.669348623000076,0,05240509701610840161
05,5,12,000,2024,05,15,5,3,4,6,0,1,0,0,0,0,0,352459.247100000269711,5714310.271299999207258,6.871510413000067,51.560551062000059,0,05240509701400841479
05,5,62,014,2024,05,18,5,2,2,6,0,0,1,0,0,0,0,362289.765999999828637,5716177.011600000783801,7.012503213000059,51.579811869000082,0,05240509701300842925
05,5,62,014,2024,05,18,5,3,2,6,0,0,1,0,0,0,0,360446.837899999693036,5715113.382899999618530,6.986345354000036,51.569800772000065,0,05240509701300842896
05,5,62,020,2024,05,16,5,3,5,3,0,1,0,0,1,0,0,370932.460900000296533,5717659.677799999713898,7.136619967000058,51.595181758000081,0,05240509701200841689
05,5,70,032,2024,05,10,7,3,5,3,0,0,1,0,0,0,0,420378.701000000350177,5767577.505999999120831,7.838801204000049,52.053073413000050,0,05240511711100892207
05,5,70,004,2024,05,15,4,3,5,2,0,0,1,0,1,0,0,424774.433000000193715,5735779.778000000864267,7.909839675000057,51.767843290000030,0,05240508711200101464
05,5,70,036,2024,05,22,4,3,5,2,2,1,1,0,0,0,0,434178.033999999985099,5760104.655999999493361,8.041454370000054,51.987705973000061,0,05240508711100830365
05,5,70,052,2024,05,15,4,3,5,3,0,0,1,0,0,0,0,428955.081000000238419,5752590.531999999657273,7.966960565000022,51.919513772000073,0,05240508711100822608
05,5,66,032,2024,05,07,4,3,0,3,0,1,0,0,0,1,0,413415.846699999645352,5776854.167500000447035,7.734923730000048,52.135413689000075,0,05240508709800835231
05,5,66,084,2024,05,16,4,2,4,1,0,0,1,0,0,0,0,388767.225200000219047,5777201.109200000762939,7.374810076000074,52.134119739000027,0,05240508709300825147
05,5,54,068,2024,05,18,4,3,0,2,0,0,1,0,0,0,0,354130.778800000436604,5768218.639900000765920,6.872923087000061,52.045359301000076,0,05240508705000828266
05,5,54,048,2024,05,20,4,3,3,3,0,1,1,0,0,0,0,341086.334099999628961,5746474.208200000226498,6.692918505000023,51.846427948000041,0,05240508705000827877
05,5,54,004,2024,05,20,4,3,8,6,0,0,1,0,0,0,0,362408.127000000327826,5779184.089199999347329,6.989114463000021,52.146003230000076,0,05240508705000827042
05,5,54,052,2024,05,18,4,2,5,3,0,0,1,0,0,0,0,379054.401999999769032,5767915.921499999240041,7.236263064000070,52.048637489000043,0,05240508705000826420
05,5,62,032,2024,05,04,4,3,9,1,1,0,0,0,0,1,0,375159.623999999836087,5721852.287399999797344,7.196121991000041,51.633813807000081,0,05240508702340791371
05,5,12,000,2024,05,10,4,3,2,6,0,0,1,0,0,0,0,356385.045800000429153,5714424.026699999347329,6.928058889000056,51.562586493000026,0,05240508702340625405
05,5,15,000,2024,05,17,4,3,2,6,0,0,1,0,0,0,0,407647.576999999582767,5754842.625099999830127,7.656612562000021,51.936630698000045,0,05240508702100825230
05,5,15,000,2024,05,18,4,3,5,2,0,1,1,0,0,0,0,403887.475899999961257,5753106.677100000903010,7.602419029000032,51.920390594000082,0,05240508702100825194
05,5,15,000,2024,05,17,4,2,5,3,0,1,0,0,0,0,1,405131.231999999843538,5761746.617000000551343,7.618112742000051,51.998263204000068,0,05240508702100824868
05,5,15,000,2024,05,15,4,2,4,6,0,1,0,0,0,0,0,404138.808400000445545,5758814.398399999365211,7.604480912000042,51.971737062000045,0,05240508702100822085
05,5,15,000,2024,05,14,4,3,2,6,0,0,1,0,0,0,0,405425.491999999620020,5755354.248999999836087,7.624158673000068,51.940856195000038,0,05240508702100818842
05,5,15,000,2024,05,12,4,3,5,3,0,1,0,0,0,1,0,405131.231999999843538,5761746.617000000551343,7.618112742000051,51.998263204000068,0,05240508702100815615
05,5,62,008,2024,05,15,4,2,0,1,0,1,0,0,0,0,0,384841.302600000053644,5724506.396400000900030,7.335077140000067,51.659733484000071,0,05240508701910822220
05,5,62,016,2024,05,13,4,3,5,3,0,0,1,0,0,0,0,375663.890999999828637,5736222.855000000447035,7.198281328000064,51.763073564000081,0,05240508701700823916
05,5,12,000,2024,05,06,4,3,2,6,0,0,1,0,0,1,0,356672.178799999877810,5709015.650100000202656,6.934400527000037,51.514060869000048,0,05240508701400794038