ULAND,UREGBEZ,UKREIS,UGEMEINDE,UJAHR,UMONAT,USTUNDE,UWOCHENTAG,UKATEGORIE,UART,UTYP1,ULICHTVERH,IstRad,IstPKW,IstFuss,IstKrad,IstGkfz,IstSonstige,LINREFX,LINREFY,XGCSWGS84,YGCSWGS84,STRZUSTAND,UIDENTSTLAE
05,5,62,014,2024,05,16,4,3,5,3,0,1,1,0,0,0,0,360320.022400000132620,5715372.356899999082088,6.984413759000063,51.572096524000074,0,05240508701300825958
05,5,62,032,2024,05,19,4,3,1,6,0,0,1,0,0,0,0,374038.323200000450015,5716702.823999999091029,7.181778905000044,51.587285514000030,0,05240508701110825942
05,5,62,032,2024,05,17,4,3,5,3,0,0,1,0,0,0,0,374321.428600000217557,5718594.252599999308586,7.185185694000040,51.604347124000071,0,05240508701110822637
05,5,13,000,2024,05,18,4,3,5,3,0,0,1,0,0,0,0,368606.827999999746680,5709626.828999999910593,7.106065736000062,51.522455218000061,0,05240508700000825474
05,5,13,000,2024,05,12,4,3,2,6,0,0,1,0,0,0,0,368784.824000000022352,5708977.849999999627471,7.108871560000068,51.516664358000071,0,05240508700000804410
05,5,13,000,2024,05,13,4,3,0,2,0,0,1,0,1,0,0,366305.615100000053644,5711263.356799999251962,7.072294258000056,51.536621987000046,0,05240508700000006301
05,5,66,012,2024,05,13,7,2,3,6,0,0,0,0,1,0,0,404938.174999999813735,5770014.032999999821186,7.613003446000050,52.072539967000068,0,05240511709110894502
05,5,66,076,2024,05,15,1,3,2,7,0,0,1,0,1,0,0,398252.322399999946356,5792508.871999999508262,7.508741754000027,52.273527897000065,0,05240512709500913953
05,5,70,016,2024,05,09,3,3,5,3,0,0,1,0,0,0,0,413576.870000000111759,5739802.398000000044703,7.746603149000066,51.802386584000033,0,05240507711200763743
05,5,70,044,2024,05,12,3,3,5,2,0,1,1,0,0,0,0,416575.110000000335276,5759447.533999999985099,7.785323777000031,51.979434285000082,0,05240507711100767452
05,5,66,084,2024,05,16,3,1,4,6,0,0,1,0,1,0,0,384905.129900000058115,5777337.475899999961257,7.318361834000029,52.134554327000046,0,05240507709300782022
05,5,66,008,2024,05,10,3,3,2,6,0,0,1,0,0,0,0,395225.966000000014901,5781730.125000000000000,7.467742000000044,52.176086724000072,0,05240507709110764056
05,5,58,044,2024,05,19,3,3,0,2,0,1,1,0,0,0,0,395671.242499999701977,5752300.404100000858307,7.483233738000024,51.911665033000077,0,05240507706300786488
05,5,58,012,2024,05,14,3,3,5,2,0,1,0,0,0,0,0,373940.381500000134110,5757125.560799999162555,7.165695266000057,51.950532187000078,0,05240507706000777126
05,5,54,016,2024,05,23,3,2,5,3,2,0,1,0,0,0,1,366597.018600000068545,5757748.928400000557303,7.058663820000049,51.954421028000070,0,05240507705000790121
05,5,15,000,2024,05,07,4,3,0,7,0,1,0,0,0,0,0,405380.226800000295043,5755582.654799999669194,7.623437523000064,51.942901513000038,0,05240508702100794561
05,5,66,028,2024,05,13,3,1,2,6,0,0,0,0,0,1,0,409596.950600000098348,5791421.038399999961257,7.675253865000059,52.265732776000050,0,05240507702350776368
05,5,62,032,2024,05,13,3,3,3,6,0,0,1,0,0,1,1,375064.638799999840558,5716342.574899999424815,7.196713759000033,51.584276396000064,1,05240507702340776794
05,5,15,000,2024,05,21,3,3,6,7,2,1,0,1,0,0,0,405520.523799999617040,5756550.072300000116229,7.625212084000054,51.951620940000055,0,05240507702100789700
05,5,15,000,2024,05,22,3,3,7,7,2,1,0,0,0,0,0,404902.804999999701977,5756275.053799999877810,7.616302467000025,51.949043684000060,0,05240507702100788838
05,5,15,000,2024,05,12,3,3,3,6,0,0,1,0,0,0,1,406777.849000000394881,5751252.661499999463558,7.644937084000048,51.904217067000047,0,05240507702100771379
05,5,15,000,2024,05,12,3,2,8,6,0,1,0,0,0,0,1,406840.355200000107288,5751263.214700000360608,7.645842538000068,51.904322381000043,0,05240507702100768244
05,5,15,000,2024,05,07,3,2,5,3,0,1,0,0,0,0,0,404754.069000000134110,5756024.594000000506639,7.614208389000055,51.946767000000079,0,05240507702100752430
05,5,62,012,2024,05,06,3,2,5,3,0,0,1,0,0,0,0,359567.110999999567866,5725210.768999999389052,6.969613959000071,51.660316569000031,1,05240507701610750904
05,5,12,000,2024,05,14,3,2,5,2,0,1,0,0,0,1,0,356715.113300000317395,5707367.124800000339746,6.935688636000066,51.499258318000045,0,05240507701400777934
05,5,62,020,2024,05,15,3,3,4,2,0,1,1,0,0,0,0,367825.409799999557436,5718469.204900000244379,7.091484157000025,51.601736209000080,0,05240507701200783448
05,5,62,032,2024,05,10,3,3,3,6,0,0,1,0,0,0,0,375003.475899999961257,5714835.041899999603629,7.196367950000024,51.570714411000040,0,05240507701120765410
05,5,62,012,2024,05,08,1,3,2,6,0,0,1,0,0,0,0,362300.418600000441074,5729750.634400000795722,7.007315693000066,51.701788168000064,0,05240512701620909133
05,5,62,004,2024,05,13,3,3,3,6,0,0,1,0,0,1,0,385075.378999999724329,5713679.501900000497699,7.342009563000033,51.562471648000042,0,05240507301921781920
05,5,70,032,2024,05,21,2,2,4,6,2,0,1,0,0,0,1,423084.438900000415742,5764798.558599999174476,7.878878638000060,52.028475140000069,0,05240506711100747167
05,5,66,076,2024,05,18,2,3,5,3,0,1,1,0,0,0,0,392870.186999999918044,5794053.393899999558926,7.429399386000057,52.286386414000049,0,05240506709500740822
05,5,66,004,2024,05,07,2,3,1,7,0,0,1,0,0,0,0,397296.522099999710917,5763339.397199999541044,7.503552986000045,52.011185071000057,0,05240506709000707088
05,5,58,024,2024,05,18,2,3,0,7,0,0,0,0,0,0,1,392018.371600000187755,5735575.160199999809265,7.435368136000022,51.760644954000043,0,05240506706000741691
05,5,54,012,2024,05,14,2,3,5,2,0,0,1,0,1,0,0,349994.718999999575317,5745306.494000000879169,6.822651524000037,51.838400934000049,0,05240506705000732401
05,5,66,076,2024,05,15,2,3,2,6,0,0,1,0,0,0,0,399563.123499999754131,5794557.578400000929832,7.527336082000033,52.292181771000060,0,05240506702350738249
05,5,62,014,2024,05,07,2,3,8,7,0,0,1,0,0,0,0,358667.044599999673665,5713317.091000000014901,6.961403731000075,51.553216106000036,0,05240506702340717933
05,5,15,000,2024,05,16,2,3,0,3,0,1,0,0,0,0,1,408699.759100000374019,5754039.515000000596046,7.672126599000023,51.929585454000062,0,05240506702100741010
05,5,15,000,2024,05,16,2,3,1,5,0,0,0,0,1,0,1,405918.924399999901652,5756059.449100000783801,7.631141788000036,51.947278524000069,0,05240506702100738407
05,5,15,000,2024,05,15,2,3,0,7,0,1,0,0,0,0,0,406379.495000000111759,5758986.194900000467896,7.637043217000041,51.973663210000041,0,05240506702100738379
05,5,15,000,2024,05,10,2,3,2,1,0,0,1,0,0,0,1,406433.792000000365078,5757296.265000000596046,7.638293939000050,51.958482474000050,0,05240506702100718029
05,5,15,000,2024,05,08,2,3,5,3,0,1,1,0,0,0,0,405896.812500000000000,5755923.106200000271201,7.630857487000071,51.946049270000060,0,05240506702100709712
05,5,15,000,2024,05,08,2,3,5,3,0,1,1,0,0,0,0,405902.178999999538064,5752953.675000000745058,7.631747705000066,51.919359462000045,0,05240506702100709399
05,5,62,036,2024,05,11,2,3,2,2,0,0,1,0,0,0,1,390901.006000000052154,5720781.724999999627471,7.423810898000056,51.627464785000029,0,05240506701930721168
05,5,62,024,2024,05,19,2,2,5,2,0,0,1,0,1,0,0,370164.110500000417233,5727172.548599999397993,7.122004536000077,51.680494417000034,1,05240506701500741940
05,5,62,032,2024,05,12,2,2,0,1,0,0,0,0,0,0,1,375327.325400000438094,5719897.843200000002980,7.199239591000037,51.616286235000075,0,05240506701110749114
05,5,62,032,2024,05,12,2,3,6,4,0,1,0,1,0,0,0,375321.095999999903142,5720143.160000000149012,7.199062375000040,51.618489542000077,0,05240506701110719972
05,5,13,000,2024,05,21,2,1,5,3,0,1,1,0,0,0,0,366845.759600000455976,5709338.919900000095367,7.080805269000052,51.519455444000073,1,05240506700000747276
05,5,70,048,2024,05,00,1,3,5,3,2,0,1,0,0,0,0,445632.765399999916553,5730605.540300000458956,8.212888440000029,51.723738696000055,1,05240505711300685590
05,5,66,008,2024,05,01,1,2,5,3,2,0,1,0,0,0,0,399120.371000000275671,5779921.178999999538064,7.525212269000065,52.160554239000078,1,05240505709110686541
05,5,58,008,2024,05,15,1,2,9,1,0,0,0,0,1,0,0,382402.105000000447035,5761731.426999999210238,7.287183090000042,51.993778447000068,0,05240505706000695221
05,5,54,008,2024,05,20,1,2,7,1,0,0,1,0,0,0,0,335295.728199999779463,5745853.773099999874830,6.609224526000048,51.839176283000029,0,05240505705000697902
05,5,54,048,2024,05,16,1,3,5,3,0,1,1,0,0,0,0,342112.655000000260770,5742067.607000000774860,6.709815178000042,51.807130080000036,0,05240505705000693505
05,5,54,028,2024,05,03,1,3,9,1,2,0,1,0,0,0,0,362453.611399999819696,5746706.077199999243021,7.002813519000028,51.854184815000053,1,05240505705000686700
05,5,54,036,2024,05,19,1,3,9,1,0,0,1,0,0,0,0,366365.290000000037253,5763826.416999999433756,7.052926484000068,52.008976475000054,0,05240505702340697366
05,5,15,000,2024,05,13,1,3,3,6,0,0,1,0,0,0,0,402042.280299999751151,5762359.543600000441074,7.572957777000056,52.003235932000052,0,05240505702330692164
05,5,15,000,2024,05,16,1,3,1,6,0,0,1,0,0,0,0,407034.801199999637902,5753971.930800000205636,7.647936880000032,51.928702380000061,0,05240505702100694385
05,5,62,036,2024,05,14,1,3,4,1,0,0,1,0,0,0,0,387037.322800000198185,5719822.768999999389052,7.368324208000047,51.618083377000062,0,05240505701930694367
05,5,12,000,2024,05,23,1,3,8,1,2,1,0,0,0,0,0,356689.110299999825656,5708549.900200000032783,6.934833691000051,51.509880000000067,0,05240505701400699460
05,5,62,014,2024,05,00,1,3,9,1,2,0,1,0,0,0,0,361328.653699999675155,5714934.193099999800324,6.999131677000037,51.568408109000075,1,05240505701300685714
05,5,62,020,2024,05,17,1,3,9,6,0,0,1,0,0,0,0,370746.912100000306964,5719200.331299999728799,7.133374891000074,51.608984754000062,0,05240505701200695581
05,5,62,020,2024,05,18,1,2,1,5,0,1,1,0,0,0,0,371386.704900000244379,5720953.233300000429153,7.141965930000026,51.624884270000052,0,05240505701200695049
05,5,13,000,2024,05,12,1,3,5,3,0,0,1,0,0,0,0,369512.363900000229478,5710598.665699999779463,7.118750748000025,51.531398894000063,0,05240505700000695342
05,5,13,000,2024,05,13,1,3,0,1,0,1,0,0,0,0,0,368975.736399999819696,5706971.018999999389052,7.112367116000030,51.498673622000069,0,05240505700000693246
05,5,13,000,2024,05,14,1,1,6,4,0,0,0,1,0,0,1,367073.891900000162423,5710380.788699999451637,7.083698327000036,51.528872094000064,0,05240505700000692909
05,5,15,000,2024,05,15,3,3,2,1,0,0,1,0,0,0,0,405073.671000000089407,5757449.222999999299645,7.618463466000037,51.959626788000037,0,05240507702100780402
05,5,66,056,2024,05,09,1,3,5,3,0,0,1,0,0,0,0,417161.467799999751151,5796721.670399999246001,7.784771159000059,52.314568942000051,0,05240505709700688867
05,5,15,000,2024,05,18,4,3,0,1,0,1,0,0,0,0,0,403930.595999999903142,5758172.194000000134110,7.601630497000031,51.965928767000037,0,05240508702100824769
05,5,70,024,2024,05,17,7,2,8,1,0,0,1,0,0,0,0,417693.192900000140071,5754161.523000000044703,7.802865647000033,51.932084770000074,0,05240504711100680058
05,5,66,084,2024,05,18,7,3,5,7,0,1,1,0,0,0,0,386160.115000000223517,5778968.844000000506639,7.336143456000059,52.149475325000026,0,05240504709300681519
05,5,66,024,2024,05,17,7,3,8,1,0,0,0,0,1,0,0,381029.746000000275671,5775690.902000000700355,7.262342613000044,52.118936402000031,0,05240504709300679479
05,5,58,016,2024,05,16,7,3,1,1,0,1,1,0,0,0,0,383952.872800000011921,5748106.885600000619888,7.314354908000041,51.871658776000061,0,05240504706100679453
05,5,58,016,2024,05,16,7,3,5,3,0,0,1,0,0,0,0,391167.264999999664724,5744116.174100000411272,7.420359927000050,51.837245570000050,0,05240504706000679677
05,5,54,004,2024,05,12,7,2,9,1,0,0,0,0,0,0,1,357574.490600000135601,5776088.346300000324845,6.919817507000062,52.116963374000079,1,05240504705000688623
05,5,62,016,2024,05,17,7,2,0,6,0,0,1,0,0,0,0,372593.536299999803305,5733924.893600000068545,7.154656382000042,51.741732382000066,0,05240504702330680740
05,5,62,036,2024,05,13,7,3,1,3,0,0,1,0,0,0,0,388796.466699999757111,5719186.501900000497699,7.393925021000030,51.612714910000079,0,05240504701930675949
05,5,62,004,2024,05,17,7,3,2,6,0,0,1,0,0,0,0,383195.311700000427663,5714156.720899999141693,7.314740207000057,51.566374519000078,0,05240504701800679018
05,5,62,012,2024,05,22,7,3,5,3,2,0,1,0,0,0,0,359427.122600000351667,5725022.661100000143051,6.967667015000075,51.658591269000055,1,05240504701610684245
05,5,62,012,2024,05,04,7,1,6,7,2,0,1,1,0,0,0,363154.588000000454485,5735327.202700000256300,7.017476952000038,51.752108127000042,0,05240504701610669589
05,5,62,014,2024,05,20,7,3,5,3,1,0,1,0,1,0,0,361538.369300000369549,5713159.373500000685453,7.002854646000060,51.552510822000045,1,05240504701300681917
05,5,15,000,2024,05,16,7,3,5,3,0,1,1,0,0,0,0,405715.197200000286102,5753828.592399999499321,7.628790050000021,51.927192027000046,0,05240504702100681549
05,5,66,076,2024,05,11,1,2,5,1,0,1,1,0,0,0,0,393556.961000000126660,5794074.619000000879169,7.439457223000034,52.286710616000050,0,05240512709500910128
05,5,13,000,2024,05,09,7,3,5,2,0,1,1,0,0,0,0,363167.438799999654293,5711078.436300000175834,7.027146083000048,51.534208296000031,0,05240511700000891089
05,5,66,076,2024,05,12,6,3,2,6,0,0,1,0,1,0,0,399032.631000000052154,5789291.448000000789762,7.521136517000059,52.244754951000061,1,05240503709500652582
05,5,54,028,2024,05,14,6,3,8,7,0,0,0,0,0,1,0,356118.895999999716878,5745194.864700000733137,6.911526171000048,51.839009299000054,1,05240503705000658978
05,5,54,056,2024,05,07,6,3,0,1,0,1,0,0,0,0,0,357164.509300000034273,5762493.023700000718236,6.919518284000048,51.994704676000026,1,05240503705000630684
05,5,13,000,2024,05,15,6,3,2,1,0,0,1,0,0,0,0,366630.433400000445545,5710505.017400000244379,7.077262123000025,51.529883923000057,0,05240503702340658888
05,5,15,000,2024,05,17,6,3,3,2,0,1,1,0,0,0,0,407011.358000000007451,5759952.698999999091029,7.645977370000026,51.982456699000068,0,05240503702100661700
05,5,15,000,2024,05,07,6,3,3,6,1,1,1,0,0,0,0,405162.800999999977648,5757288.785000000149012,7.619804530000067,51.958199915000080,1,05240503702100632545
05,5,15,000,2024,05,07,6,3,0,2,0,1,1,0,0,0,0,406586.825000000186265,5750284.462600000202656,7.642423612000073,51.895482331000039,1,05240503702100629596
05,5,62,004,2024,05,17,6,3,0,1,0,1,0,0,0,0,0,385792.524699999950826,5710044.075400000438094,7.353531103000023,51.529942344000062,0,05240503701800659397
05,5,66,028,2024,05,16,4,3,5,3,0,1,1,0,0,0,0,412427.195399999618530,5791562.854499999433756,7.716679371000055,52.267465426000058,0,05240508709700823925
05,5,62,004,2024,05,15,6,3,5,3,0,1,1,0,0,0,0,385505.257000000216067,5715950.014499999582767,7.347468536000065,51.582966166000062,0,05240503701800656554
05,5,62,004,2024,05,09,6,2,9,6,0,0,1,0,0,0,0,385205.186099999584258,5710401.375600000843406,7.344951066000021,51.533034624000038,1,05240503701800641286
05,5,15,000,2024,05,17,5,3,0,1,0,0,0,0,0,0,1,404855.620699999853969,5761196.567199999466538,7.614252047000036,51.993272014000070,0,05240509702100841058
05,5,70,008,2024,05,17,5,3,5,3,0,0,1,0,0,0,1,432529.627899999730289,5733628.843699999153614,8.022626018000039,51.749494755000057,0,05240502711300622734
05,5,66,044,2024,05,16,5,3,9,2,0,0,0,0,1,0,1,432475.357200000435114,5779591.620500000193715,8.012806013000045,52.162679905000061,0,05240502709800620745
05,5,66,092,2024,05,19,5,2,3,6,0,0,1,0,0,1,0,421549.315999999642372,5793061.130000000819564,7.849978491000059,52.282310063000068,0,05240502709700623129
05,5,66,028,2024,05,16,5,3,1,6,0,0,1,0,0,0,0,410407.557400000281632,5787415.625600000843406,7.688191329000063,52.229863906000048,0,05240502709700618944
05,5,66,048,2024,05,06,5,3,4,2,0,0,0,0,1,0,1,426769.008299999870360,5793308.499299999326468,7.926425991000031,52.285253918000080,0,05240502709500585355
05,5,66,004,2024,05,07,5,2,2,6,0,0,1,0,0,0,1,393040.142199999652803,5767355.649199999868870,7.440303897000035,52.046477513000070,0,05240502709110587003
05,5,58,028,2024,05,14,5,1,5,3,0,1,1,0,0,0,1,400551.708999999798834,5730076.278000000864267,7.560542068000075,51.712798647000056,0,05240502706300616865
05,5,58,016,2024,05,17,5,3,0,3,0,1,1,0,0,0,0,382596.836400000378489,5742389.672599999234080,7.296608213000070,51.819993190000048,0,05240502706100618290
05,5,58,012,2024,05,19,5,3,0,1,0,1,0,0,0,0,0,372139.900700000114739,5756030.785700000822544,7.139918266000052,51.940283251000039,0,05240502706000621773
05,5,58,036,2024,05,17,5,3,5,3,0,1,1,0,0,0,0,388576.939799999818206,5727485.975800000131130,7.388111665000054,51.687266685000054,0,05240502706000620351
05,5,54,032,2024,05,15,5,3,0,3,0,1,1,0,0,0,0,322520.152999999932945,5746865.687000000849366,6.423455754000031,51.844352016000073,0,05240502705000663991
05,5,54,004,2024,05,07,5,3,5,3,0,0,0,0,1,1,0,364090.968399999663234,5770278.071200000122190,7.017246548000060,52.066395746000069,0,05240502705000597317
05,5,54,020,2024,05,09,5,3,2,6,0,1,0,0,0,0,0,365328.329199999570847,5786390.194800000637770,7.028903898000067,52.211472432000051,0,05240502705000590084
05,5,15,000,2024,05,16,5,3,2,6,0,0,1,0,0,0,0,402720.425999999977648,5753889.872999999672174,7.585233068000036,51.927227545000051,0,05240502702100617743
05,5,62,024,2024,05,20,5,3,5,2,1,1,1,0,0,0,0,370281.803000000305474,5727010.049499999731779,7.123766274000047,51.679061294000064,0,05240502701500622616
05,5,12,000,2024,05,16,5,3,6,4,0,0,1,1,0,0,0,356468.285000000149012,5708737.439999999478459,6.931577395000033,51.511509155000056,1,05240502701400617468
05,5,13,000,2024,05,23,5,3,5,3,2,0,1,0,0,0,0,367528.594999999739230,5709431.722999999299645,7.090606413000046,51.520449991000078,1,05240502700000624095
05,5,13,000,2024,05,13,5,3,6,4,0,0,1,1,0,0,0,365046.119599999859929,5717728.428799999877810,7.051662703000034,51.594420213000035,0,05240502700000607609
05,5,66,088,2024,05,12,6,3,8,1,0,0,1,0,0,0,0,422448.179399999789894,5787047.215600000694394,7.864533655000059,52.228379770000060,1,05240503709800649219
05,5,70,008,2024,05,18,5,3,2,6,0,0,1,0,0,0,0,434418.648900000378489,5737358.242900000885129,8.049282106000021,51.783246687000030,0,05240502301911622293
05,5,70,028,2024,05,12,4,3,2,6,0,0,1,0,1,0,0,440521.326100000180304,5740750.306199999526143,8.137157937000040,51.814424215000031,0,05240501711400571734
05,5,70,052,2024,05,15,4,3,2,7,0,1,1,0,0,0,0,430893.043399999849498,5758579.552200000733137,7.993931029000066,51.973596901000064,0,05240501711100573695
05,5,66,088,2024,05,13,4,2,0,7,0,1,0,0,0,0,0,417759.718000000342727,5785764.950999999418855,7.796215762000031,52.216173747000028,0,05240501709800571937
05,5,66,076,2024,05,14,4,3,0,7,0,0,0,0,0,0,1,395268.696999999694526,5793949.619999999180436,7.464581677000069,52.285916095000061,0,05240501709500572305
05,5,66,008,2024,05,16,4,3,2,6,0,0,1,0,0,0,0,395866.641800000332296,5779714.164200000464916,7.477726474000065,52.158089519000043,0,05240501709110573958
05,5,66,008,2024,05,13,4,3,0,1,0,1,0,0,0,0,0,399994.790699999779463,5777752.344599999487400,7.538629623000077,52.141220292000071,0,05240501709110572108
05,5,54,048,2024,05,16,4,3,0,3,0,1,1,0,0,0,0,341060.126099999994040,5747091.026900000870228,6.692254813000034,51.851961921000054,0,05240501705000574229
05,5,70,052,2024,05,23,1,3,2,6,2,0,1,0,0,0,0,428883.651600000448525,5752655.930800000205636,7.965908609000053,51.920092564000072,1,05240526711100440236
05,5,66,040,2024,05,05,1,3,8,7,0,0,1,0,0,0,0,424671.246000000275671,5779683.310000000521541,7.898713088000022,52.162494255000070,0,05240526709800425369
05,5,66,056,2024,05,14,1,3,4,6,0,1,0,0,0,0,0,414452.892400000244379,5799042.354599999263883,7.744456539000055,52.335012567000035,0,05240526709700432952
05,5,66,076,2024,05,14,1,3,5,3,0,1,1,0,0,0,0,391459.256900000385940,5789476.713899999856949,7.410194876000048,52.244978554000056,0,05240526709500432080
05,5,66,084,2024,05,21,1,3,5,3,1,1,0,0,0,0,1,386100.132000000216067,5778803.240000000223517,7.335322678000068,52.147974686000055,1,05240526709300438402
05,5,66,012,2024,05,16,1,3,0,3,0,1,1,0,0,0,0,406587.959699999541044,5767795.699400000274181,7.637674033000053,52.052881629000069,1,05240526709110433845
05,5,58,016,2024,05,12,1,3,4,2,0,0,1,0,1,0,0,382102.957999999634922,5744734.537000000476837,7.288647260000062,51.840962993000062,0,05240526706000433203
05,5,54,048,2024,05,15,1,2,9,1,0,0,0,0,1,0,0,340353.268500000238419,5743062.482799999415874,6.683858975000021,51.815568359000054,0,05240526705000433024
05,5,12,000,2024,05,19,1,3,5,6,0,0,1,0,0,0,0,353335.703700000420213,5712059.825899999588728,6.885083539000050,51.540558229000055,0,05240526702340565107
05,5,15,000,2024,05,19,1,3,0,1,0,0,0,0,1,0,0,405654.597000000067055,5757012.945000000298023,7.627035315000057,51.955804205000049,1,05240526702100436267
05,5,15,000,2024,05,11,1,3,0,1,0,1,0,0,0,0,0,406150.967000000178814,5759120.001700000837445,7.633680667000021,51.974827379000033,0,05240526702100428463
05,5,15,000,2024,05,03,1,2,8,1,2,0,0,0,0,0,1,405142.553999999538064,5756746.377000000327826,7.619659713000033,51.953321073000041,0,05240526702100423884
05,5,62,004,2024,05,18,1,3,5,3,0,1,1,0,0,0,0,382614.060999999754131,5714673.968000000342727,7.306185053000036,51.570902676000060,1,05240526701800435824
05,5,62,014,2024,05,13,1,3,5,3,0,1,1,0,0,0,0,357318.371700000017881,5716944.605399999767542,6.940490893000060,51.585472803000073,0,05240526701300431092
05,5,62,032,2024,05,14,1,3,5,3,0,1,0,0,0,0,0,373652.595700000412762,5719995.059499999508262,7.175028027000053,51.616786504000061,0,05240526701110432541
05,5,66,048,2024,05,19,7,2,0,1,0,0,0,0,1,0,0,428149.605700000189245,5799092.558499999344349,7.945426966000070,52.337428824000028,0,05240525709700420638
05,5,58,044,2024,05,12,7,3,5,2,0,1,1,0,0,0,0,395666.476700000464916,5746261.721799999475479,7.484990616000061,51.857388548000074,0,05240525706300412125
05,5,54,008,2024,05,12,7,3,0,3,0,1,1,0,0,0,0,334476.722500000149012,5745639.544700000435114,6.597449938000068,51.837009676000037,0,05240525705000411553
05,5,15,000,2024,05,19,7,3,2,2,0,0,1,0,0,0,1,399076.972400000318885,5757343.096100000664592,7.531250108000052,51.957616807000079,0,05240525702100419254
05,5,15,000,2024,05,12,7,3,0,1,0,1,1,0,0,0,0,408724.245299999602139,5754049.212200000882149,7.672480051000036,51.929676635000078,0,05240525702100411821
05,5,62,024,2024,05,14,7,3,2,6,0,0,1,0,0,0,0,370982.856900000013411,5725525.635700000450015,7.134448746000032,51.665882806000070,0,05240525701500413131
05,5,62,024,2024,05,13,7,3,5,3,0,0,1,0,0,0,0,367218.198599999770522,5725357.304800000041723,7.080109278000066,51.663493137000046,0,05240525701500413109
05,5,12,000,2024,05,22,7,3,6,6,2,0,1,1,0,0,0,354757.866000000387430,5720067.321000000461936,6.902265272000022,51.612878015000035,0,05240525701400422214
05,5,12,000,2024,05,23,7,3,0,7,2,0,1,0,0,0,0,358579.769100000150502,5719799.525299999862909,6.957534851000048,51.611444678000055,0,05240525701400422124
05,5,12,000,2024,05,21,7,2,5,3,0,0,1,0,1,0,0,360245.165000000037253,5711387.775000000372529,6.984917650000057,51.536272226000051,0,05240525701400420179
05,5,62,014,2024,05,14,7,3,1,6,0,0,1,0,1,0,0,360095.447200000286102,5712912.222899999469519,6.982154319000074,51.549933955000029,0,05240525701300413563
05,5,54,008,2024,05,02,7,3,6,6,2,1,0,1,0,0,0,333449.255800000391901,5745491.352499999105930,6.582621996000057,51.835373003000029,1,05240525705000404212
05,5,70,008,2024,05,11,7,3,9,7,0,0,1,0,0,1,0,436618.396200000308454,5738539.725800000131130,8.080950981000058,51.794121882000070,0,05240525301911411192
05,5,70,048,2024,05,08,6,2,8,5,0,0,0,0,0,1,1,451262.026200000196695,5731532.393500000238419,8.294250281000075,51.732589337000036,0,05240524711300378558
05,5,70,020,2024,05,16,6,3,5,3,0,0,1,0,0,0,0,433876.069000000134110,5748571.166999999433756,8.039274816000045,51.883986474000039,1,05240524711200395586
05,5,70,024,2024,05,08,6,3,1,6,0,0,1,0,0,0,0,423123.379700000397861,5754953.889599999412894,7.881652592000023,51.939984200000026,0,05240524711100379415
05,5,66,092,2024,05,21,6,3,2,6,2,0,1,0,0,0,0,424844.860000000335276,5796639.858999999240041,7.897479851000071,52.314939189000029,1,05240524709700402345
05,5,66,084,2024,05,04,6,2,9,1,1,0,1,0,0,0,0,389793.728000000119209,5775977.755999999120831,7.390197936000050,52.123330892000070,0,05240524709300362467
05,5,54,012,2024,05,22,6,3,5,3,2,0,1,0,0,0,0,352848.589999999850988,5745875.053999999538064,6.863802631000055,51.844268661000058,1,05240524705000401770
05,5,54,004,2024,05,14,6,3,0,1,0,1,0,0,0,0,0,361532.771800000220537,5768588.307000000029802,6.980635335000045,52.050579193000033,1,05240524705000389235
05,5,54,008,2024,05,12,6,3,5,3,0,0,1,0,0,0,1,335287.622000000439584,5745846.259999999776483,6.609110547000057,51.839106400000048,0,05240524705000387466
05,5,62,032,2024,05,13,6,3,1,6,0,0,1,0,0,0,0,374426.182900000363588,5717006.973799999803305,7.187265711000066,51.590105504000064,0,05240524702340394497
05,5,58,004,2024,05,05,6,3,8,7,0,0,1,0,0,0,0,406774.211099999956787,5733239.739600000903010,7.649734351000063,51.742303310000068,0,05240524702330362597
05,5,15,000,2024,05,08,6,3,5,3,0,1,0,0,0,0,0,404199.422699999995530,5758902.618799999356270,7.605338413000027,51.972540468000034,1,05240524702100412020
05,5,15,000,2024,05,16,6,3,1,6,0,0,1,0,0,0,0,405410.537600000388920,5755364.554600000381470,7.623938354000074,51.940946284000063,0,05240524702100394127
05,5,15,000,2024,05,14,6,3,5,3,0,0,1,0,0,0,0,407900.576000000350177,5760301.456000000238419,7.658827922000057,51.985739632000048,1,05240524702100393355
05,5,15,000,2024,05,11,6,3,3,6,0,1,0,0,0,1,0,406254.769700000062585,5757689.555999999865890,7.635582017000047,51.961987404000070,0,05240524702100392931
05,5,15,000,2024,05,13,6,3,1,7,0,0,1,0,0,0,0,407196.097000000067055,5755369.615000000223517,7.649904951000053,51.941292464000071,0,05240524702100391442
05,5,15,000,2024,05,15,6,3,5,1,0,1,1,0,0,0,0,404758.837899999693036,5756012.339900000020862,7.614281148000032,51.946657672000072,1,05240524702100391249
05,5,62,014,2024,05,16,6,3,1,6,0,0,1,0,0,0,0,361397.923399999737740,5713925.083000000566244,7.000528413000040,51.559357127000055,1,05240524701300395351