ULAND,UREGBEZ,UKREIS,UGEMEINDE,UJAHR,UMONAT,USTUNDE,UWOCHENTAG,UKATEGORIE,UART,UTYP1,ULICHTVERH,IstRad,IstPKW,IstFuss,IstKrad,IstGkfz,IstSonstige,LINREFX,LINREFY,XGCSWGS84,YGCSWGS84,STRZUSTAND,UIDENTSTLAE
05,5,62,032,2024,05,19,6,3,1,6,0,0,1,0,0,0,0,376150.213600000366569,5716245.017000000923872,7.212408848000052,51.583639246000075,1,05240524701120398347
05,5,62,020,2024,05,17,1,3,5,3,0,0,1,0,0,0,0,371559.992999999783933,5717311.845000000670552,7.145802005000064,51.592199259000040,0,05240526701200435126
05,5,70,028,2024,05,09,5,2,5,2,0,1,1,0,0,0,0,445287.875900000333786,5743183.357100000604987,8.205913048000070,51.836785180000049,0,05240523711400330023
05,5,58,008,2024,05,17,5,3,4,6,0,0,1,0,1,0,0,377141.257100000046194,5758211.674399999901652,7.211858305000021,51.961008930000048,0,05240523706000350985
05,5,58,020,2024,05,16,5,3,4,6,0,0,1,0,0,0,0,391206.894999999552965,5758123.455000000074506,7.416513942000051,51.963146314000028,0,05240523706000350174
05,5,54,064,2024,05,15,5,3,6,4,0,0,1,1,0,0,0,361218.008600000292063,5751180.082200000062585,6.983085912000035,51.894080498000051,0,05240523705000348501
05,5,66,092,2024,05,18,5,3,2,6,0,0,0,0,0,1,0,421396.040099999867380,5790692.190300000831485,7.848284141000022,52.260994421000078,0,05240523702350353399
05,5,13,000,2024,05,17,5,2,0,6,0,0,1,0,0,0,0,363522.929100000299513,5716829.846599999815226,7.030035653000027,51.585978367000052,0,05240523702340351873
05,5,15,000,2024,05,16,5,3,5,2,0,1,1,0,0,0,0,404403.293999999761581,5755371.558000000193715,7.609287942000037,51.940837085000055,0,05240523702100346049
05,5,15,000,2024,05,14,5,3,0,1,0,0,0,0,1,0,0,406177.944299999624491,5757442.093100000172853,7.634531798000069,51.959750133000057,0,05240523702100344383
05,5,15,000,2024,05,09,5,3,2,6,0,0,1,0,0,0,0,401893.533400000073016,5753655.247600000351667,7.573278204000076,51.924973548000082,0,05240523702100332417
05,5,62,032,2024,05,14,5,2,9,1,0,0,1,0,0,0,0,371209.414599999785423,5721976.838099999353290,7.139029645000051,51.634042636000061,0,05240523701110346527
05,5,13,000,2024,05,05,5,3,5,3,0,1,1,0,0,0,0,364668.008999999612570,5716645.994000000879169,7.046624681000026,51.584602361000066,0,05240523700000310799
05,5,70,004,2024,05,11,4,3,5,3,0,0,1,0,0,0,1,426096.331799999810755,5735847.887199999764562,7.928978347000054,51.768631643000049,1,05240522711200451854
05,5,54,004,2024,05,15,4,3,0,2,0,0,1,0,1,0,0,361953.542999999597669,5770040.928999999538064,6.986180577000027,52.063736418000076,0,05240522705000296271
05,5,54,020,2024,05,11,4,2,2,5,0,0,1,0,0,0,0,364755.714700000360608,5786905.494100000709295,7.020322448000059,52.215962296000043,0,05240522705000280303
05,5,62,012,2024,05,15,4,3,2,6,0,0,1,0,0,0,0,359593.740100000053644,5735833.774499999359250,6.965719848000049,51.755778861000067,0,05240522702340296445
05,5,12,000,2024,05,17,4,3,2,6,0,0,1,0,0,1,0,359100.888000000268221,5711469.351999999955297,6.968397135000032,51.536720840000044,0,05240522701400300123
05,5,62,032,2024,05,09,4,3,5,3,0,0,1,0,0,0,0,377705.139000000432134,5717441.494999999180436,7.234423480000032,51.594731951000028,1,05240522701110276542
05,5,13,000,2024,05,17,4,3,0,5,0,1,1,0,0,0,0,364061.852300000376999,5712445.754200000315905,7.039505519000045,51.546711630000061,0,05240522700000300832
05,5,13,000,2024,05,08,4,3,2,6,0,0,1,0,0,0,0,365234.120000000111759,5709902.281999999657273,7.057374995000032,51.524135899000044,1,05240522700000283640
05,5,15,000,2024,05,00,7,2,0,1,2,1,0,0,0,0,0,406185.030299999751151,5757697.323499999940395,7.634565183000063,51.962045458000034,1,05240525702100407213
05,5,70,028,2024,05,15,3,3,1,5,0,0,1,0,0,0,0,440564.445600000210106,5741969.860500000417233,8.137574064000034,51.825392858000043,0,05240521711400254376
05,5,70,020,2024,05,16,3,3,8,1,0,1,0,0,0,0,0,434037.068500000052154,5748317.473099999129772,8.041662152000072,51.881724869000038,0,05240521711400253551
05,5,70,040,2024,05,10,3,2,5,3,0,0,1,0,0,0,0,416915.582799999974668,5745447.503900000825524,7.793657748000044,51.853637822000053,0,05240521711200237684
05,5,70,052,2024,05,07,3,3,2,6,0,0,1,0,0,0,1,428066.951899999752641,5752821.764000000432134,7.954000586000063,51.921478421000074,0,05240521711100237270
05,5,70,036,2024,05,06,3,3,5,3,0,0,1,0,1,0,0,436037.074400000274181,5757735.109200000762939,8.068964795000056,51.966621406000058,0,05240521711100227221
05,5,66,040,2024,05,13,3,3,5,3,0,0,1,0,1,0,0,423491.639999999664724,5781123.854000000283122,7.881146290000061,52.175281042000051,0,05240521709800249569
05,5,66,092,2024,05,16,3,3,8,7,0,0,1,0,0,0,0,422084.773299999535084,5796495.778999999165535,7.857031540000037,52.313259305000031,0,05240521709700253738
05,5,66,092,2024,05,07,3,3,5,3,0,0,1,0,0,1,0,421229.622000000439584,5798101.228000000119209,7.844113754000034,52.327568074000055,0,05240521709700230234
05,5,66,076,2024,05,20,3,3,2,1,0,0,1,0,0,0,0,391158.130199999548495,5791830.555400000885129,7.405027297000061,52.266073253000059,1,05240521709500257833
05,5,66,076,2024,05,13,3,3,3,1,0,1,0,0,0,0,0,394682.638799999840558,5793765.951999999582767,7.456050507000043,52.284153427000035,0,05240521709500240894
05,5,66,004,2024,05,15,3,3,4,2,0,0,1,0,0,0,0,393691.442099999636412,5767128.056900000199676,7.449868213000059,52.044557300000065,0,05240521709110254853
05,5,66,012,2024,05,17,3,3,2,6,0,0,1,0,0,0,0,402934.889999999664724,5776201.903000000864267,7.582021260000033,52.127809361000061,0,05240521709110254787
05,5,66,012,2024,05,15,3,3,0,3,0,0,1,0,0,1,0,405064.345599999651313,5770704.522199999541044,7.614651624000032,52.078767875000040,0,05240521709110254069
05,5,13,000,2024,05,16,3,3,2,6,0,0,1,0,0,0,0,364303.604799999855459,5708851.391300000250340,7.044374827000070,51.514469308000059,0,05240521702340255571
05,5,15,000,2024,05,19,3,2,6,7,0,0,1,1,0,0,0,400671.724200000055134,5760072.531799999997020,7.553661023000075,51.982436510000070,0,05240521702330257978
05,5,15,000,2024,05,18,3,3,5,3,0,1,0,0,0,0,0,407073.358900000341237,5757741.538699999451637,7.647478532000036,51.962592076000078,0,05240521702100257543
05,5,15,000,2024,05,15,3,3,2,6,0,1,0,0,0,0,0,404955.971900000236928,5756370.720300000160933,7.617049366000060,51.949912661000042,0,05240521702100250983
05,5,15,000,2024,05,10,3,3,5,3,0,0,1,0,0,0,1,408146.856900000013411,5761315.192800000309944,7.662141700000063,51.994892404000041,0,05240521702100233569
05,5,15,000,2024,05,01,3,3,5,3,2,0,1,0,0,0,0,404247.628999999724329,5748607.439999999478459,7.608904226000050,51.880011448000062,0,05240521702100215943
05,5,62,016,2024,05,17,3,3,4,7,0,1,0,0,0,0,0,374796.543399999849498,5732035.300699999555945,7.187226882000061,51.725247407000040,0,05240521701700344662
05,5,62,024,2024,05,00,3,3,5,2,2,0,1,0,0,0,1,369542.870699999853969,5725041.635299999266863,7.113819719000048,51.661200819000044,0,05240521701500215562
05,5,12,000,2024,05,08,3,3,2,6,0,0,1,0,0,0,0,356782.433199999853969,5712232.435900000855327,6.934680383000057,51.542994353000040,0,05240521701400227662
05,5,12,000,2024,05,08,3,3,2,6,0,0,1,0,0,0,0,358377.986499999649823,5711149.781700000166893,6.958109376000039,51.533668302000081,0,05240521701400226549
05,5,13,000,2024,05,23,3,3,5,3,2,1,1,0,0,0,0,363554.123399999924004,5712078.112999999895692,7.032330269000056,51.543285341000058,1,05240521700000260900
05,5,13,000,2024,05,18,3,3,3,6,0,0,1,0,0,0,1,362332.218299999833107,5711027.640699999406934,7.015131473000054,51.533548784000061,0,05240521700000254937
05,5,70,004,2024,05,23,2,3,8,1,2,0,1,0,0,0,0,418140.746500000357628,5737152.479499999433756,7.813402765000035,51.779252341000074,0,05240520711200215042
05,5,70,016,2024,05,15,2,3,9,1,0,0,1,0,0,0,0,409366.099399999715388,5740252.539100000634789,7.685433472000057,51.805766172000062,0,05240520711200209221
05,5,70,040,2024,05,10,2,3,0,1,0,0,0,0,1,0,0,412771.351999999955297,5747021.250000000000000,7.733103845000073,51.867151872000079,0,05240520711200202342
05,5,66,092,2024,05,14,2,2,8,1,0,1,0,0,0,0,0,421189.893899999558926,5796282.917500000447035,7.843956945000059,52.311218238000038,0,05240520709700206843
05,5,66,012,2024,05,02,2,3,8,1,2,0,1,0,0,0,0,403674.710599999874830,5772625.921700000762939,7.593837118000067,52.095797610000034,0,05240520709110198920
05,5,58,040,2024,05,20,2,2,9,1,0,0,1,0,0,0,0,371547.083300000056624,5762030.243300000205636,7.129054692000068,51.994059143000072,0,05240520706000213441
05,5,54,008,2024,05,16,2,3,4,1,0,1,0,0,0,0,0,332247.431499999947846,5749758.496700000017881,6.563124373000051,51.873345335000067,0,05240520705000209051
05,5,54,064,2024,05,11,2,3,0,1,0,1,0,0,0,0,0,356735.822300000116229,5750218.040100000798702,6.918391716000031,51.884302326000068,0,05240520705000204002
05,5,54,060,2024,05,10,2,2,4,6,0,0,1,0,0,0,0,350412.069000000134110,5755918.972999999299645,6.824103393000030,51.933862369000053,0,05240520705000203915
05,5,54,020,2024,05,01,2,3,0,1,2,0,1,0,0,1,0,363396.065899999812245,5786714.095799999311566,7.000510511000073,52.213907139000071,1,05240520705000198695
05,5,15,000,2024,05,17,2,3,5,3,0,0,1,0,1,0,0,411144.158999999985099,5751974.046000000089407,7.708201202000055,51.911414972000046,0,05240520702100208771
05,5,62,004,2024,05,12,2,3,0,1,0,0,0,0,1,0,0,385640.841099999845028,5709813.970000000670552,7.351420051000048,51.527843465000046,0,05240520701800204746
05,5,62,024,2024,05,01,2,2,1,1,2,0,1,0,0,1,0,367078.414300000295043,5725813.851700000464916,7.077915698000027,51.667562809000060,0,05240520701500198787
05,5,13,000,2024,05,19,2,3,5,3,0,1,1,0,0,0,0,367621.571200000122190,5713677.348400000482798,7.090349009000022,51.558625833000065,0,05240520700000215730
05,5,13,000,2024,05,15,2,3,0,7,0,1,0,0,0,0,0,369856.672899999655783,5705874.892899999395013,7.125455425000041,51.489026333000027,1,05240520700000208480
05,5,13,000,2024,05,14,2,2,6,4,0,0,0,1,1,0,0,364953.317499999888241,5718399.809900000691414,7.050065300000028,51.600431251000032,0,05240520700000206263
05,5,13,000,2024,05,13,2,3,5,2,0,0,1,0,0,0,0,367607.071999999694526,5707690.875000000000000,7.092390644000034,51.504823881000050,0,05240520700000205919
05,5,70,024,2024,05,22,1,3,9,1,2,0,1,0,0,0,0,423142.820399999618530,5754970.520500000566244,7.881931627000029,51.940136387000052,1,05240519711100197760
05,5,66,052,2024,05,21,1,2,5,3,1,1,1,0,0,0,0,377698.665599999949336,5778193.070900000631809,7.212815032000037,52.140695040000026,0,05240519709300198155
05,5,58,024,2024,05,15,1,3,5,7,0,0,1,0,1,0,0,393746.103000000119209,5736257.520999999716878,7.460184101000038,51.767108552000082,1,05240519706300190067
05,5,54,004,2024,05,19,1,3,8,1,0,0,1,0,0,0,0,357638.559700000099838,5776394.037200000137091,6.920624739000061,52.119726461000027,0,05240519705000203997
05,5,54,012,2024,05,16,1,2,0,1,0,1,0,0,0,0,0,347099.397699999623001,5745378.014399999752641,6.780627615000071,51.838258358000076,1,05240519705000192032
05,5,15,000,2024,05,06,1,3,5,3,0,0,1,0,0,0,0,400143.353000000119209,5747455.844000000506639,7.549630400000069,51.868940705000057,0,05240519702100185128
05,5,62,012,2024,05,11,1,3,9,1,0,0,1,0,0,0,0,366650.297799999825656,5732133.289100000634789,7.069312965000051,51.724249875000055,0,05240519701620187898
05,5,12,000,2024,05,12,1,3,0,7,0,0,0,0,0,0,1,357490.701200000010431,5710871.685399999842048,6.945437960000049,51.530946091000033,0,05240519701400189374
05,5,13,000,2024,05,18,1,3,6,4,0,0,1,1,0,0,0,368749.822100000455976,5710334.677600000053644,7.107861945000025,51.528849747000038,0,05240519700000192638
05,5,13,000,2024,05,16,1,3,5,2,0,0,1,0,1,0,0,369006.110700000077486,5706896.165200000628829,7.112832247000028,51.498007962000031,1,05240519700000191947
05,5,13,000,2024,05,13,1,3,6,7,0,0,0,1,0,0,1,367526.622000000439584,5709437.307000000029802,7.090575892000061,51.520499710000081,0,05240519700000188351
05,5,70,028,2024,05,05,1,3,8,1,1,0,1,0,0,0,0,438895.666500000283122,5739569.834899999201298,8.113786079000022,51.803636197000060,0,05240519301911183771
05,5,70,044,2024,05,17,7,3,7,7,0,1,0,0,0,0,0,414652.202800000086427,5761570.365800000727177,7.756804715000044,51.998224070000049,1,05240518711100175133
05,5,66,076,2024,05,12,7,3,2,1,0,0,1,0,0,0,0,391065.613599999807775,5791852.355200000107288,7.403665088000025,52.266250851000052,0,05240518709500169328
05,5,58,036,2024,05,14,7,1,4,6,0,0,0,0,1,0,0,386512.440100000239909,5729396.403500000014901,7.357637367000052,51.704023601000074,0,05240518706300170613
05,5,58,032,2024,05,17,7,3,2,2,0,0,1,0,1,0,0,386469.479899999685585,5752580.623700000345707,7.349420624000061,51.912383927000064,0,05240518706100174450
05,5,54,044,2024,05,19,7,2,0,1,0,0,0,0,1,0,0,367346.154799999669194,5745647.988700000569224,7.074215575000039,51.845860974000061,0,05240518705000175837
05,5,54,012,2024,05,16,7,3,0,3,0,1,1,0,0,0,0,352221.131299999542534,5746043.170600000768900,6.854628852000076,51.845613459000049,0,05240518705000172020
05,5,66,012,2024,05,09,7,3,2,6,0,0,1,0,0,0,0,406785.567900000140071,5770870.748199999332428,7.639715402000036,52.080554431000053,0,05240518702350164770
05,5,15,000,2024,05,18,7,2,0,1,0,0,0,0,0,0,1,407097.743599999696016,5753971.979299999773502,7.648852011000031,51.928713324000057,0,05240518702100176033
05,5,62,016,2024,05,20,7,3,5,3,0,1,1,0,0,0,0,374063.635499999858439,5736401.151799999177456,7.175040469000066,51.764318263000064,0,05240518701700177235
05,5,13,000,2024,05,17,7,3,2,2,0,0,1,0,0,0,0,369278.058000000193715,5707505.669999999925494,7.116521931000023,51.503548452000075,0,05240518700000174585
05,5,13,000,2024,05,13,7,3,2,6,0,0,1,0,1,0,0,364388.748200000263751,5712918.297900000587106,7.044034884000041,51.551036753000062,0,05240518700000169479
05,5,13,000,2024,05,11,7,3,0,7,0,1,0,0,0,0,0,370302.967100000008941,5709363.006500000134110,7.130597329000068,51.520476317000032,0,05240518700000165727
05,5,54,048,2024,05,14,3,3,2,6,0,0,1,0,0,0,0,340145.783099999651313,5745466.858599999919534,6.679741321000051,51.837109612000063,0,05240521705000251952
05,5,58,020,2024,05,20,4,2,9,1,0,0,1,0,0,0,0,392296.931200000457466,5756354.930400000885129,7.432927354000071,51.947463653000057,0,05240522706000305072
05,5,70,028,2024,05,08,6,3,6,2,0,0,0,1,0,1,0,442161.193400000222027,5747990.842900000512600,8.159733012000061,51.879690400000072,0,05240517711400127849
05,5,70,016,2024,05,22,6,3,7,7,2,0,1,0,0,0,0,409155.923100000247359,5743499.387099999934435,7.681534155000065,51.834917501000064,0,05240517711200159708
05,5,66,076,2024,05,21,6,2,8,1,1,0,1,0,0,0,0,391119.564899999648333,5793601.973999999463558,7.403890530000069,52.281985443000053,0,05240517709500157251
05,5,66,076,2024,05,15,6,3,5,3,0,1,1,0,0,0,0,397096.641999999992549,5796087.447000000625849,7.490717080000024,52.305474882000055,0,05240517709500149716
05,5,66,012,2024,05,20,6,2,0,1,0,1,0,0,0,0,0,400887.322100000455976,5777735.845499999821186,7.551672412000073,52.141232855000055,0,05240517709110155166
05,5,66,012,2024,05,15,6,3,0,1,0,1,0,0,0,0,0,410213.020999999716878,5766279.740000000223517,7.690925140000047,52.039854578000075,0,05240517709110150172
05,5,54,012,2024,05,12,6,3,0,2,0,1,1,0,0,0,0,354203.398199999704957,5746827.973500000312924,6.883054008000045,51.853186093000033,0,05240517705000142488
05,5,15,000,2024,05,13,6,3,1,6,0,0,1,0,1,0,0,407848.211799999698997,5754612.625000000000000,7.659591811000041,51.934596582000040,0,05240517702100144842
05,5,15,000,2024,05,12,6,3,3,1,0,1,0,0,0,0,0,406577.013000000268221,5757181.989000000059605,7.640408733000072,51.957479387000035,0,05240517702100138974
05,5,15,000,2024,05,08,6,3,3,2,0,0,1,0,0,0,1,407646.849999999627471,5754822.064999999478459,7.656607510000072,51.936445771000081,0,05240517702100127767
05,5,62,004,2024,05,23,6,3,5,3,2,0,1,0,0,0,0,383121.830699999816716,5717791.196900000795722,7.312470636000057,51.599024872000030,0,05240517701800158833
05,5,62,016,2024,05,16,6,3,5,3,0,1,1,0,0,0,0,377561.295800000429153,5737157.092900000512600,7.225432450000028,51.771887657000036,0,05240517701700150283
05,5,62,024,2024,05,08,6,3,1,6,0,0,1,0,0,1,0,363700.860100000165403,5725084.103499999269843,7.029390648000060,51.660196032000044,0,05240517701500129764
05,5,12,000,2024,05,13,6,3,5,3,0,0,1,0,1,0,0,353452.342699999921024,5711873.762099999934435,6.886841720000064,51.538916640000082,0,05240517701400146911
05,5,13,000,2024,05,16,6,3,5,3,0,0,1,0,0,0,0,368120.540000000037253,5713276.921000000089407,7.097692882000047,51.555144202000065,0,05240517700000162170
05,5,58,016,2024,05,07,3,3,5,3,0,0,1,0,0,0,0,378906.672199999913573,5741119.846999999135733,7.243538550000039,51.807793803000038,0,05240521706000221355
05,5,62,004,2024,05,19,6,2,8,1,1,0,0,0,1,0,0,387029.708499999716878,5716332.246600000187755,7.369338668000069,51.586709304000067,1,05240517301911155462
05,5,66,008,2024,05,22,3,3,7,7,2,0,1,0,0,0,0,401537.407999999821186,5786761.822000000625849,7.558547871000030,52.222473113000035,1,05240521709500260107
05,5,70,004,2024,05,17,5,3,5,2,0,0,1,0,0,0,0,424563.021999999880791,5736095.153999999165535,7.906708031000051,51.770649970000079,1,05240516711200110423
05,5,70,044,2024,05,14,5,3,5,2,0,1,1,0,0,0,0,415906.957600000314415,5759581.067399999126792,7.775565061000066,51.980533884000067,1,05240516711100102232
05,5,66,076,2024,05,15,5,3,5,3,0,1,1,0,0,0,0,395375.526700000278652,5793955.688400000333786,7.466145366000035,52.285990982000044,0,05240516709500241217
05,5,66,008,2024,05,22,5,3,8,1,2,0,1,0,0,0,0,402375.398699999786913,5780121.463300000876188,7.572724584000071,52.162939612000059,0,05240516709110115778
05,5,54,012,2024,05,17,5,3,1,6,0,0,1,0,0,0,0,351995.588399999774992,5754408.235600000247359,6.847769150000033,51.920712153000068,1,05240516705000110902
05,5,62,004,2024,05,14,5,3,2,6,0,0,1,0,0,0,0,383166.163900000043213,5713520.563300000503659,7.314531313000032,51.560650865000071,0,05240516702340102408
05,5,13,000,2024,05,06,5,2,8,1,0,0,1,0,0,0,0,369404.473299999721348,5711327.521999999880791,7.116925839000032,51.537924045000068,0,05240516702340077987
05,5,15,000,2024,05,14,5,3,3,6,0,1,0,0,0,0,0,406036.879999999888241,5756775.974999999627471,7.632661589000065,51.953738935000047,0,05240516702100103280
05,5,15,000,2024,05,12,5,3,5,7,0,0,1,0,0,0,0,399117.720499999821186,5757207.970799999311566,7.531882589000077,51.956409686000029,0,05240516702100099154
05,5,62,012,2024,05,07,5,3,5,3,0,1,1,0,0,0,0,359313.378700000233948,5724662.435000000521541,6.966168634000041,51.655325885000082,0,05240516701610076356
05,5,13,000,2024,05,07,5,3,4,2,0,0,1,0,1,0,0,368552.753999999724329,5708901.419999999925494,7.105557339000029,51.515923546000067,0,05240516700000082120
05,5,62,036,2024,05,17,6,3,1,5,0,1,0,0,0,0,1,389449.699699999764562,5719802.534499999135733,7.403161147000048,51.618380502000036,0,05240517701930167999
05,5,12,000,2024,05,08,7,3,5,3,0,0,1,0,0,0,0,356819.639000000432134,5719519.824999999254942,6.932246082000063,51.608486514000049,1,05240525701400407975
05,5,62,032,2024,05,19,2,2,6,4,0,0,0,1,0,0,1,376179.353699999861419,5715452.089700000360608,7.213108812000030,51.576519432000055,0,05240520701120210951
05,5,70,044,2024,05,22,4,3,7,7,2,0,1,0,0,0,0,418520.585699999704957,5759592.579900000244379,7.813609042000053,51.981026819000078,0,05240515711100069041
05,5,66,028,2024,05,18,4,3,0,4,0,1,0,1,0,0,0,412735.903400000184774,5792701.222699999809265,7.720907531000023,52.277746494000041,0,05240515709700145584
05,5,66,076,2024,05,18,4,3,5,2,0,0,1,0,0,0,0,396969.098199999891222,5795788.079900000244379,7.488938716000064,52.302760448000072,0,05240515709500063565
05,5,66,076,2024,05,11,4,3,2,6,0,0,1,0,0,0,0,395705.434600000269711,5793949.116000000387430,7.470982168000035,52.285994621000043,0,05240515709500041641
05,5,66,084,2024,05,16,4,3,2,6,0,0,1,0,0,0,0,388167.997499999590218,5777711.547800000756979,7.365890883000077,52.138586148000059,0,05240515709000248355
05,5,58,004,2024,05,16,4,3,9,7,0,0,1,0,0,0,0,405544.857699999585748,5733224.294600000604987,7.631938247000051,51.741958601000078,0,05240515706300062612
05,5,54,028,2024,05,22,4,3,5,3,2,0,1,0,0,0,0,358486.783999999985099,5742877.116000000387430,6.946820230000071,51.818788345000030,0,05240515705000519359
05,5,54,048,2024,05,19,4,3,8,1,0,0,0,0,1,0,0,340420.324000000022352,5743066.312000000849366,6.684829189000027,51.815621908000026,0,05240515705000064720
05,5,54,044,2024,05,10,4,3,5,3,0,1,1,0,0,0,0,366001.082299999892712,5746277.011499999091029,7.054456973000072,51.851192175000051,0,05240515705000040866
05,5,13,000,2024,05,18,4,3,2,6,0,0,1,0,0,0,0,366242.192400000058115,5714193.182499999180436,7.070266333000063,51.562935987000060,0,05240515702340065450
05,5,62,016,2024,05,13,4,2,2,6,0,0,0,0,0,1,0,372201.947900000028312,5732975.114499999210238,7.149336648000030,51.733107868000047,0,05240515702340060513
05,5,62,016,2024,05,15,4,2,2,6,0,0,0,0,0,1,1,374158.322100000455976,5737317.634199999272823,7.176079806000075,51.772575754000059,0,05240515702330062483
05,5,62,036,2024,05,08,4,3,2,6,0,0,1,0,0,0,0,385883.570000000298023,5719657.507200000807643,7.351720176000072,51.616365297000073,0,05240515701930030724
05,5,62,004,2024,05,00,4,3,8,1,2,0,1,0,0,0,0,382523.098000000230968,5715635.438999999314547,7.304551561000039,51.579525116000070,0,05240515701800021739
05,5,12,000,2024,05,17,4,2,5,3,0,1,0,0,0,1,0,357789.875799999572337,5710982.793700000271201,6.949703329000045,51.532019931000036,0,05240515701400063336
05,5,12,000,2024,05,07,4,3,5,3,0,1,1,0,0,0,0,357041.327100000344217,5719330.737700000405312,6.935522472000059,51.606843756000046,0,05240515701400029403
05,5,12,000,2024,05,07,4,3,0,1,0,0,0,0,1,0,0,354117.123999999836087,5711336.741000000387430,6.896643158000074,51.534263376000069,0,05240515701400029086
05,5,62,032,2024,05,20,4,3,6,4,1,0,1,1,0,0,0,375538.470499999821186,5720202.206199999898672,7.202179623000063,51.619068306000031,0,05240515701110068112
05,5,13,000,2024,05,17,4,3,5,3,0,1,1,0,0,0,0,363319.638700000010431,5712091.677200000733137,7.028945676000035,51.543350495000027,0,05240515700000062311
05,5,13,000,2024,05,17,4,3,2,6,0,0,1,0,0,0,0,368574.349899999797344,5707587.045499999076128,7.106358328000056,51.504116556000042,0,05240515700000060744
05,5,62,036,2024,05,00,1,3,8,1,2,0,1,0,0,0,0,386767.437699999660254,5718487.474300000816584,7.364858969000068,51.606027667000035,0,05240526701930422177
05,5,13,000,2024,05,14,3,3,2,6,0,0,1,0,0,0,0,366361.731700000353158,5709922.718800000846386,7.073611629000027,51.524587507000035,0,05240521702340250449
05,5,66,028,2024,05,13,4,3,0,3,0,1,1,0,0,0,0,412543.995900000445545,5791321.806500000879169,7.718453019000037,52.265317402000051,0,05240522709700288613
05,5,66,024,2024,05,18,3,2,0,6,0,0,1,0,0,0,0,381387.047500000335276,5775925.584400000050664,7.267476911000074,52.121122183000068,0,05240514709300017253
05,5,66,008,2024,05,09,3,3,5,3,0,1,1,0,0,0,0,399678.953900000080466,5781953.957200000062585,7.532774455000038,52.178926132000072,0,05240514709110993215
05,5,66,012,2024,05,09,3,3,5,2,0,0,1,0,0,0,0,411753.524000000208616,5766866.485999999567866,7.713227695000057,52.045375959000069,0,05240514709110991557
05,5,66,008,2024,05,09,3,2,4,2,0,1,1,0,0,0,0,399310.322999999858439,5781224.858999999240041,7.527601465000032,52.172306045000028,0,05240514709110985183
05,5,66,008,2024,05,18,3,3,1,6,0,1,1,0,0,0,0,399238.977699999697506,5780451.349700000137091,7.526788223000040,52.165340934000028,0,05240514709110013887
05,5,66,012,2024,05,13,3,3,0,1,0,0,0,0,1,0,0,402934.889999999664724,5776201.903000000864267,7.582021260000033,52.127809361000061,0,05240514709110002800
05,5,58,012,2024,05,18,3,3,0,7,0,1,0,0,0,0,0,372885.785000000149012,5756256.589999999850988,7.150679642000057,51.942483304000064,0,05240514706200014627
05,5,58,012,2024,05,17,3,3,2,1,0,0,1,0,0,0,0,368744.224100000225008,5747375.925899999216199,7.093843502000027,51.861718998000072,0,05240514706000015928
05,5,54,040,2024,05,06,3,3,7,1,0,0,1,0,0,0,1,350505.978900000452995,5737420.576999999582767,6.833467351000024,51.767684496000072,0,05240514705000984226
05,5,54,048,2024,05,17,3,3,5,3,0,1,1,0,0,0,0,342650.335699999704957,5744844.609099999070168,6.716346029000022,51.832230496000079,0,05240514705000014025
05,5,54,016,2024,05,17,3,3,0,3,0,1,0,0,1,0,0,361986.169999999925494,5758358.135999999940395,6.991363923000051,51.958769996000058,0,05240514705000014008
05,5,54,004,2024,05,16,3,3,0,3,0,1,1,0,0,0,0,362651.371299999766052,5771079.963800000026822,6.995935668000072,52.073245957000040,0,05240514705000011398
05,5,54,056,2024,05,14,3,2,5,3,0,1,1,0,0,0,0,364398.206000000238419,5765369.614000000059605,7.023673000000031,52.022365943000068,0,05240514705000011210
05,5,54,008,2024,05,14,3,3,4,2,0,0,1,0,0,1,0,328022.576000000350177,5748287.918999999761581,6.502545890000022,51.858849203000034,0,05240514705000010641
05,5,54,012,2024,05,13,3,3,7,6,0,1,0,0,0,0,0,348803.906899999827147,5748471.433900000527501,6.803996082000026,51.866515481000079,0,05240514705000001779
05,5,62,014,2024,05,12,3,2,2,6,0,0,1,0,0,1,0,356676.959800000302494,5715448.546199999749660,6.931849572000033,51.571866839000052,0,05240514702340999262
05,5,58,004,2024,05,17,3,3,2,6,0,0,1,0,0,0,0,406129.512699999846518,5737642.583799999207258,7.639210018000028,51.781771914000046,0,05240514702330014779
05,5,15,000,2024,05,15,3,3,6,4,0,1,0,1,0,0,0,406077.943400000222027,5756741.708000000566244,7.633268320000070,51.953437864000080,0,05240514702100012134
05,5,15,000,2024,05,14,3,2,3,6,0,1,0,0,0,0,1,406435.176300000399351,5757295.330700000748038,7.638314333000039,51.958474309000053,0,05240514702100009193
05,5,15,000,2024,05,14,3,3,3,1,0,1,0,0,0,0,1,405643.635900000110269,5756985.014299999922514,7.626883523000060,51.955551292000052,0,05240514702100006183
05,5,62,004,2024,05,15,3,3,2,6,0,0,1,0,0,0,0,383414.820100000128150,5718586.289499999955297,7.316434635000064,51.606231636000075,0,05240514701800010464
05,5,62,012,2024,05,08,3,3,5,3,0,1,1,0,0,0,0,359099.360600000247359,5726750.270300000905991,6.962234989000024,51.674033120000047,0,05240514701610014658