ULAND,UREGBEZ,UKREIS,UGEMEINDE,UJAHR,UMONAT,USTUNDE,UWOCHENTAG,UKATEGORIE,UART,UTYP1,ULICHTVERH,IstRad,IstPKW,IstFuss,IstKrad,IstGkfz,IstSonstige,LINREFX,LINREFY,XGCSWGS84,YGCSWGS84,STRZUSTAND,UIDENTSTLAE
05,5,62,014,2024,05,08,3,2,5,2,0,1,1,0,0,0,0,359923.944199999794364,5715649.087600000202656,6.978591823000045,51.574484964000078,0,05240514701300985762
05,5,13,000,2024,05,15,3,2,2,6,0,0,1,0,0,0,0,370057.484000000171363,5709205.203999999910593,7.127119252000057,51.519001742000057,0,05240514700000010871
05,5,62,012,2024,05,17,3,3,5,3,0,1,1,0,0,0,0,361879.685300000011921,5721806.843200000002980,7.004371107000054,51.630301832000043,0,05240514701610015513
05,5,13,000,2024,05,13,3,3,2,6,0,0,1,0,0,0,1,368022.690999999642372,5705267.407999999821186,7.099281911000048,51.483141921000026,0,05240514700000005892
05,5,70,036,2024,05,15,4,3,5,3,0,1,0,0,1,0,0,434274.897300000302494,5761361.817199999466538,8.042623724000066,51.999018962000036,0,05240515711100056448
05,5,13,000,2024,05,16,3,3,5,3,0,1,1,0,0,0,0,365345.564000000245869,5716839.607000000774860,7.056324139000026,51.586504551000075,0,05240514700000013413
05,5,66,040,2024,05,16,4,3,5,2,0,1,1,0,0,0,0,422486.308600000105798,5782405.461200000718236,7.866154516000051,52.186660981000045,0,05240522709800297691
05,5,12,000,2024,05,20,6,3,3,6,0,0,1,0,0,0,0,357359.167700000107288,5717908.635600000619888,6.940687552000043,51.594145692000041,0,05240517702340156514
05,5,66,068,2024,05,14,6,3,1,7,0,0,1,0,0,0,0,376091.044099999591708,5785060.042899999767542,7.186827870000059,52.202044770000043,0,05240524709300391755
05,5,15,000,2024,05,20,5,3,3,6,0,0,1,0,1,0,0,405724.087700000032783,5753792.417700000107288,7.628929217000064,51.926868377000062,0,05240523702100400672
05,5,70,028,2024,05,13,6,3,5,2,0,0,1,0,0,0,0,441061.507899999618530,5743712.032400000840425,8.144488950000039,51.841108014000042,0,05240517711400144368
05,5,62,032,2024,05,01,1,3,2,7,2,0,1,0,0,0,1,376008.124800000339746,5716852.756999999284744,7.210144413000023,51.589069885000072,0,05240526701110437937
05,5,54,040,2024,05,12,1,3,7,6,0,1,0,0,1,0,0,352371.093999999575317,5734705.208300000056624,6.861630124000044,51.743781625000054,1,05240519705000187763
05,5,13,000,2024,05,09,7,3,5,3,0,1,1,0,0,0,0,366868.506299999542534,5712678.708100000396371,7.079870100000051,51.549474227000076,0,05240518700000165287
05,5,70,008,2024,05,17,2,3,5,2,0,0,1,0,0,0,0,433939.709999999962747,5735296.267999999225140,8.042732389000037,51.764653088000045,0,05240513711300966844
05,5,70,036,2024,05,16,2,3,2,6,0,0,1,0,0,0,0,434001.579699999652803,5762070.544600000604987,8.038506570000038,52.005357778000075,0,05240513711100964574
05,5,70,032,2024,05,16,2,3,5,3,0,0,1,0,0,0,1,422101.951999999582767,5765729.273800000548363,7.864348963000054,52.036704352000072,0,05240513711100964388
05,5,70,024,2024,05,16,2,3,9,1,0,0,1,0,0,0,0,418064.899600000120699,5752963.467900000512600,7.808556002000046,51.921370150000030,1,05240513711100963949
05,5,66,028,2024,05,19,2,3,5,3,0,1,1,0,0,0,0,410346.257000000216067,5792243.922000000253320,7.686012200000050,52.273251665000032,1,05240513709700967970
05,5,66,028,2024,05,12,2,3,4,6,0,0,1,0,0,0,0,409788.733400000259280,5794226.458799999207258,7.677312798000060,52.290979767000067,0,05240513709700950839
05,5,66,016,2024,05,17,2,3,7,1,0,0,1,0,0,0,0,404643.733799999579787,5795064.176799999549985,7.601662836000060,52.297640242000057,1,05240513709500965402
05,5,66,084,2024,05,17,2,3,8,1,0,0,1,0,0,0,0,388824.054999999701977,5780594.767000000923872,7.374529489000054,52.164630354000053,0,05240513709300968453
05,5,66,068,2024,05,16,2,3,2,1,0,0,1,0,0,0,0,378445.167700000107288,5783712.081900000572205,7.221741446000067,52.190455700000030,0,05240513709300964258
05,5,66,008,2024,05,05,2,3,0,3,0,0,1,0,1,0,0,400926.139000000432134,5779490.535000000149012,7.551727739000057,52.157010714000080,0,05240513709000968548
05,5,58,036,2024,05,21,2,3,9,7,1,0,1,0,0,0,0,388160.619599999859929,5728692.045499999076128,7.381704970000044,51.698023876000036,1,05240513706000969664
05,5,58,036,2024,05,12,2,3,4,6,0,0,1,0,1,0,0,389065.591699999757111,5726953.137000000104308,7.395347051000044,51.682574338000052,0,05240513706000960982
05,5,58,012,2024,05,13,2,3,0,1,0,0,0,0,1,0,0,374447.659900000318885,5756000.977499999105930,7.173483340000075,51.940540890000079,0,05240513706000950161
05,5,54,008,2024,05,15,2,2,4,2,0,1,1,0,0,0,0,335825.299999999813735,5746826.369000000879169,6.616442713000026,51.848069438000039,0,05240513705000961796
05,5,54,048,2024,05,05,2,3,5,3,0,1,1,0,0,0,0,338713.160099999979138,5743092.418199999257922,6.660071790000075,51.815366451000045,0,05240513705000925161
05,5,12,000,2024,05,20,2,3,3,6,0,0,1,0,0,1,0,353573.460400000214577,5712100.768200000748038,6.888492479000035,51.540987846000064,1,05240513702340967688
05,5,54,024,2024,05,16,2,2,8,1,0,0,0,0,0,0,1,368562.754700000397861,5772241.019999999552965,7.081688299000064,52.085113539000076,0,05240513702340964095
05,5,15,000,2024,05,13,2,3,2,6,0,0,1,0,0,0,0,405521.921799999661744,5754597.140000000596046,7.625769038000044,51.934067330000062,0,05240513702100954187
05,5,15,000,2024,05,12,2,3,5,5,0,0,1,0,0,0,0,406836.350100000388920,5756779.770800000056624,7.644290804000036,51.953907556000047,0,05240513702100951784
05,5,15,000,2024,05,09,2,3,2,2,0,0,1,0,0,0,1,409847.487999999895692,5751858.771999999880791,7.689385473000073,51.910170432000029,0,05240513702100343955
05,5,62,028,2024,05,12,2,2,3,6,0,1,0,0,0,0,0,381121.494300000369549,5722583.787000000476837,7.281976672000042,51.641679637000038,0,05240513701920948294
05,5,62,008,2024,05,10,2,3,5,3,0,1,1,0,0,0,0,384978.988900000229478,5724207.715900000184774,7.337165132000052,51.657077231000073,0,05240513701910939952
05,5,62,008,2024,05,05,2,3,5,3,0,0,1,0,1,0,0,389929.395999999716878,5724312.929999999701977,7.408668603000024,51.659014159000037,0,05240513701910924089
05,5,13,000,2024,05,20,2,3,5,2,0,1,1,0,0,0,0,363640.953800000250340,5710662.324999999254942,7.034130030000028,51.530583529000069,1,05240513700000969794
05,5,13,000,2024,05,15,2,3,6,4,0,0,0,1,0,0,1,364483.581799999810755,5713365.859899999573827,7.045229397000071,51.555081514000051,0,05240513700000963067
05,5,13,000,2024,05,13,2,3,0,6,0,1,0,0,0,0,1,366115.604000000283122,5715501.200999999418855,7.067942785000071,51.574660467000058,0,05240513700000002827
05,5,66,084,2024,05,14,2,2,0,1,0,0,0,0,1,0,0,392121.462000000290573,5778003.880999999120831,7.423542722000036,52.141999561000034,0,05240520709300208438
05,5,58,008,2024,05,18,6,3,8,1,0,0,1,0,0,0,0,382729.363199999555945,5760326.431199999526143,7.292427744000065,51.981220979000057,1,05240524706000399844
05,5,54,020,2024,05,10,6,3,0,2,0,1,1,0,0,0,0,367482.902999999932945,5785377.381999999284744,7.060815549000040,52.202894151000066,0,05240524705000376302
05,5,58,004,2024,05,17,2,3,9,7,0,0,0,0,1,0,1,404439.173000000417233,5743787.939999999478459,7.613019002000044,51.836724055000047,1,05240520706300210883
05,5,54,008,2024,05,08,6,3,0,5,0,1,1,0,0,0,0,334035.156999999657273,5745574.679500000551343,6.591077887000040,51.836295943000039,0,05240524705000388659
05,5,62,004,2024,06,20,3,3,9,1,1,0,1,0,0,0,0,385406.495099999941885,5716986.573100000619888,7.345705308000049,51.592262517000052,1,05240618301911313299
05,5,70,052,2024,06,23,2,3,7,7,2,0,1,0,0,0,0,430289.503999999724329,5750931.571699999272823,7.986696388000041,51.904768910000030,0,05240617711100265408
05,5,66,016,2024,06,14,2,3,8,1,0,0,1,0,0,0,0,403566.531399999745190,5796587.690600000321865,7.585435166000025,52.311145161000070,0,05240617709500255895
05,5,15,000,2024,06,12,2,2,2,6,0,0,1,0,0,1,0,401167.237999999895692,5760925.682800000533462,7.560627983000074,51.990193122000051,0,05240617702330242268
05,5,15,000,2024,06,09,2,3,3,6,0,0,1,0,0,0,0,405498.436599999666214,5754755.629799999296665,7.625384000000054,51.935487923000039,0,05240617702100346972
05,5,15,000,2024,06,20,2,3,1,6,0,0,1,0,0,0,0,410656.184999999590218,5760571.370999999344349,7.698874032000049,51.988615847000062,0,05240617702100260691
05,5,15,000,2024,06,16,2,3,0,1,0,0,0,0,1,0,0,405455.904799999669194,5755046.705900000408292,7.624685519000025,51.938097025000047,1,05240617702100253914
05,5,15,000,2024,06,07,2,3,4,6,0,1,0,0,0,0,0,403289.242100000381470,5754183.027300000190735,7.593420449000064,51.929961634000051,0,05240617702100221148
05,5,12,000,2024,06,14,2,3,2,2,0,0,1,0,0,0,0,353664.024299999698997,5717470.304400000721216,6.887561913000070,51.589259393000077,0,05240617701400257702
05,5,13,000,2024,06,18,2,3,0,1,0,0,0,0,0,0,1,366082.754499999806285,5709818.633700000122190,7.069632206000051,51.523586054000077,1,05240617700000258268
05,5,70,020,2024,06,13,1,3,9,1,0,0,1,0,0,0,0,435315.159400000236928,5747365.510299999266863,8.060406500000056,51.873316531000057,0,05240616711400202705
05,5,62,032,2024,06,19,1,2,0,1,0,0,1,0,0,0,0,376434.940499999560416,5716478.672000000253320,7.216434079000067,51.585801660000072,1,05240616702340208815
05,5,15,000,2024,06,18,1,3,5,3,0,0,1,0,0,0,1,405931.309000000357628,5756163.419999999925494,7.631293472000038,51.948215158000039,1,05240616702100207077
05,5,15,000,2024,06,15,1,3,4,7,0,0,1,0,0,0,0,407946.073699999600649,5759553.924699999392033,7.659690868000041,51.979027971000050,0,05240616702100205131
05,5,15,000,2024,06,15,1,3,3,6,0,1,1,0,0,0,0,405641.779000000096858,5756986.567999999970198,7.626856082000074,51.955564942000080,1,05240616702100203636
05,5,15,000,2024,06,07,1,3,5,3,0,0,1,0,0,0,0,407221.709999999962747,5751347.412000000476837,7.651361535000035,51.905142837000028,0,05240616702100197570
05,5,12,000,2024,06,11,1,2,5,2,0,0,1,0,0,0,0,360069.686400000005960,5711404.115499999374151,6.982382670000050,51.536375594000049,1,05240616701400202008
05,5,12,000,2024,06,12,1,3,8,1,0,1,0,0,0,0,0,359586.500599999912083,5709952.265499999746680,6.975999244000036,51.523209200000053,1,05240616701400200879
05,5,13,000,2024,06,14,1,3,2,6,0,0,1,0,0,0,0,365621.098100000061095,5709882.013299999758601,7.062957509000057,51.524045963000049,0,05240616700000202768
05,5,70,020,2024,06,13,7,3,5,3,0,0,1,0,0,0,1,428194.527599999681115,5742841.161000000312924,7.957931733000066,51.831772696000030,0,05240615711400182633
05,5,58,012,2024,06,00,7,3,9,1,2,1,0,0,0,0,0,374892.328200000338256,5752689.518699999898672,7.181152408000059,51.910882507000053,1,05240615706000173087
05,5,15,000,2024,06,18,7,3,5,2,0,1,0,0,0,0,0,405917.358900000341237,5756044.668700000271201,7.631123062000029,51.947145406000061,0,05240615702100186868
05,5,15,000,2024,06,17,7,3,0,1,0,1,0,0,0,0,0,405278.282999999821186,5759116.128000000491738,7.620980556000063,51.974644497000043,0,05240615702100186282
05,5,62,004,2024,06,09,7,3,2,6,0,0,1,0,0,0,0,383199.445799999870360,5713665.916799999773502,7.314962926000021,51.561964158000080,0,05240615701800178937
05,5,70,040,2024,06,17,6,3,5,3,0,1,1,0,0,0,0,419921.941200000233948,5744244.698300000280142,7.837577218000035,51.843264848000047,0,05240614711200166622
05,5,66,016,2024,06,19,6,3,9,1,0,0,1,0,0,0,0,407596.305700000375509,5793078.123299999162555,7.645491657000036,52.280294191000053,1,05240614709500169331
05,5,54,004,2024,06,19,6,2,0,1,0,1,0,0,0,0,0,357006.056300000287592,5771552.861600000411272,6.913424216000067,52.076066073000050,0,05240614705000170499
05,5,54,004,2024,06,07,6,3,5,3,0,1,1,0,0,0,0,363031.670500000007451,5772357.346200000494719,7.000968128000068,52.084817887000042,1,05240614705000134072
05,5,62,032,2024,06,16,6,3,3,6,0,0,1,0,0,1,0,377598.684999999590218,5717085.927100000903010,7.233011417000057,51.591513234000047,0,05240614702340166224
05,5,15,000,2024,06,15,6,3,5,3,0,0,1,0,0,0,0,398736.927000000141561,5755822.167999999597669,7.526751261000072,51.943884796000077,0,05240614702100207604
05,5,62,036,2024,06,16,6,3,6,4,0,0,1,1,0,0,0,389217.414400000125170,5720340.394799999892712,7.399637235000057,51.623169135000069,0,05240614701930165718
05,5,62,016,2024,06,21,6,1,0,7,0,1,0,0,0,0,0,374189.139999999664724,5736124.043099999427795,7.176958513000045,51.761856165000040,1,05240614701700379436
05,5,12,000,2024,06,13,6,3,5,3,0,0,1,0,0,0,0,356939.093899999745190,5712572.403000000864267,6.936799776000043,51.546088969000039,0,05240614701400159896
05,5,62,032,2024,06,12,6,3,2,6,0,0,1,0,0,0,0,372551.963100000284612,5721101.010999999940395,7.158736853000050,51.626477449000049,0,05240614701110157793
05,5,66,028,2024,06,09,5,3,5,3,0,1,1,0,0,0,0,416353.832100000232458,5792124.339600000530481,7.774067749000039,52.273123620000035,0,05240613709700098063
05,5,66,068,2024,06,13,5,3,0,2,0,0,1,0,0,0,1,382818.299300000071526,5783415.520300000905991,7.285788102000026,52.188737214000071,0,05240613709300116484
05,5,58,004,2024,06,13,5,3,1,2,0,0,0,0,1,0,0,411591.817200000397861,5732721.198799999430776,7.719624167000063,51.738422910000054,0,05240613706300117691
05,5,54,008,2024,06,19,5,3,0,3,0,1,1,0,0,0,0,335480.411700000055134,5743491.870500000193715,6.613025282000024,51.818012780000061,0,05240613705000124682
05,5,54,020,2024,06,18,5,3,2,6,0,0,1,0,0,0,0,367609.073400000110269,5788904.241399999707937,7.061280816000021,52.234614976000046,0,05240613705000122279
05,5,54,004,2024,06,15,5,3,5,3,0,1,1,0,0,0,0,363041.728299999609590,5772336.989800000563264,7.001122998000028,52.084637466000061,0,05240613705000115849
05,5,54,012,2024,06,08,5,3,0,3,0,1,1,0,0,0,0,352595.099999999627471,5744174.835000000894070,6.860849815000051,51.828925441000081,0,05240613705000092324
05,5,54,028,2024,06,17,5,3,2,6,0,0,1,0,0,0,0,360906.599100000225008,5741350.598400000482798,6.982517832000042,51.805679067000028,0,05240613702340123106
05,5,13,000,2024,06,17,5,3,2,6,0,0,1,0,0,0,0,366791.243900000117719,5714426.195000000298023,7.078094425000074,51.565159919000052,0,05240613702340121880
05,5,62,024,2024,06,16,5,2,8,1,0,0,0,0,1,0,0,372752.029199999757111,5724859.083000000566244,7.160258861000045,51.660296035000044,0,05240613702340120630
05,5,15,000,2024,06,17,5,3,5,3,0,1,0,0,0,0,0,400147.592199999839067,5756905.161499999463558,7.546952847000057,51.953873877000035,0,05240613702100120798
05,5,15,000,2024,06,15,5,3,5,2,0,1,1,0,0,0,0,403067.821200000122190,5758127.169199999421835,7.589088904000050,51.965374298000029,0,05240613702100119046
05,5,15,000,2024,06,10,5,3,5,2,0,1,1,0,0,0,0,404814.855000000447035,5761698.940999999642372,7.613518995000049,51.997780531000046,0,05240613702100104495
05,5,62,028,2024,06,07,5,3,5,2,0,1,0,0,0,0,1,377833.125000000000000,5723276.812000000849366,7.234235386000023,51.647203305000062,0,05240613701920091556
05,5,62,004,2024,06,16,5,3,1,5,0,0,1,0,0,0,0,382416.226300000213087,5714844.375700000673532,7.303274720000047,51.572393020000050,0,05240613701800121947
05,5,12,000,2024,06,17,5,3,1,5,0,0,1,0,1,0,0,353982.512199999764562,5711532.515599999576807,6.894622527000024,51.535987729000055,0,05240613701400122189
05,5,62,032,2024,06,15,5,3,1,5,0,1,1,0,0,0,0,376808.440000000409782,5720136.271900000050664,7.220537669000066,51.618755138000040,0,05240613701110120408
05,5,13,000,2024,06,23,5,3,0,1,2,0,0,0,1,0,0,366074.772800000384450,5715963.076600000262260,7.067177807000064,51.578801408000061,0,05240613700000129497
05,5,70,036,2024,06,16,4,3,5,3,0,1,1,0,0,0,0,434544.549999999813735,5760854.200999999418855,8.046647937000046,51.994487491000029,0,05240612711100074439
05,5,70,044,2024,06,16,4,3,5,3,0,1,1,0,0,0,0,416351.366399999707937,5759111.017500000074506,7.782148874000029,51.976375712000049,0,05240612711100073706
05,5,66,060,2024,06,15,4,3,5,3,0,1,1,0,0,0,0,388896.593999999575317,5788804.494000000879169,7.372896586000024,52.238425997000036,0,05240612709500076896
05,5,66,076,2024,06,14,4,3,5,3,0,0,1,0,0,0,0,394426.542399999685585,5793729.607200000435114,7.452309008000043,52.283777654000062,0,05240612709500075593
05,5,66,024,2024,06,16,4,3,5,3,0,1,1,0,0,0,0,386006.599499999545515,5775084.708399999886751,7.335202675000062,52.114537110000072,1,05240612709300078577
05,5,66,080,2024,06,21,4,3,8,1,0,0,0,0,1,0,0,407819.893899999558926,5781583.037000000476837,7.651901691000035,52.177012619000038,0,05240612709110080818
05,5,58,020,2024,06,15,4,3,8,1,0,0,1,0,0,0,0,392051.770100000314415,5761594.260700000450015,7.427714175000062,51.994505233000041,0,05240612706200075329
05,5,58,012,2024,06,07,4,3,2,6,0,0,1,0,0,0,1,372742.740399999544024,5754927.317800000309944,7.149091495000050,51.930505288000063,0,05240612706000048784
05,5,54,028,2024,06,17,4,3,2,2,0,0,1,0,0,0,0,355705.599999999627471,5743718.552999999374151,6.906146907000050,51.825637703000041,0,05240612705000076349
05,5,15,000,2024,06,17,4,3,5,1,0,1,0,0,0,0,0,406414.401600000448525,5757309.227900000289083,7.638008297000056,51.958595727000045,0,05240612702100073679
05,5,13,000,2024,06,06,4,2,0,1,0,0,0,0,1,0,0,363790.883999999612570,5710461.700999999418855,7.036367778000056,51.528816830000039,0,05240612700000099829
05,5,70,020,2024,06,07,3,2,5,3,0,1,0,0,0,0,1,433339.395999999716878,5749413.837999999523163,8.031315753000058,51.891498044000059,0,05240611711400004710
05,5,70,016,2024,06,16,3,3,6,4,0,0,1,1,0,0,0,412379.878999999724329,5739112.381999999284744,7.729422110000030,51.795997700000044,1,05240611711200026636
05,5,70,036,2024,06,03,3,3,2,6,2,0,1,0,0,0,0,433565.778300000354648,5760865.570399999618530,8.032392204000075,51.994473465000056,1,05240611711100988684
05,5,54,068,2024,06,06,3,2,0,7,0,0,1,0,0,0,0,344299.625000000000000,5769138.323100000619888,6.729263359000072,52.050947723000036,1,05240611705000995364
05,5,54,004,2024,06,13,3,2,5,2,0,0,1,0,0,0,0,356481.225100000388920,5776077.221999999135733,6.903866133000065,52.116580748000047,1,05240611705000018787
05,5,15,000,2024,06,07,3,3,1,6,0,0,1,0,0,1,0,403631.330000000074506,5759653.987900000065565,7.596859818000041,51.979195780000055,0,05240611702100996926
05,5,15,000,2024,06,17,3,3,5,2,0,0,1,0,0,0,1,404814.855000000447035,5761698.940999999642372,7.613518995000049,51.997780531000046,0,05240611702100029946
05,5,62,028,2024,06,06,3,3,5,3,0,0,1,0,0,0,0,381141.440399999730289,5721995.652699999511242,7.282464542000071,51.636398014000065,0,05240611701920996095
05,5,62,028,2024,06,14,3,3,5,3,0,1,1,0,0,0,0,380042.756000000052154,5722636.849899999797344,7.266376288000060,51.641927474000056,1,05240611701920022604
05,5,62,004,2024,06,17,3,3,2,5,0,0,1,0,0,0,1,382543.557400000281632,5716697.682700000703335,7.304491303000020,51.589076464000073,0,05240611701800028431
05,5,62,016,2024,06,07,3,3,2,6,0,0,1,0,0,0,0,373179.209300000220537,5733359.600800000131130,7.163340547000075,51.736785094000027,0,05240611701700998358
05,5,62,012,2024,06,09,3,3,5,3,0,0,1,0,0,0,0,362635.936999999918044,5731050.444000000134110,7.011655707000045,51.713550468000051,0,05240611701620004606
05,5,12,000,2024,06,03,3,3,8,1,2,0,0,0,1,0,0,357847.911399999633431,5711726.259800000116229,6.950239301000067,51.538715269000079,1,05240611701400987971
05,5,12,000,2024,06,14,3,3,5,3,0,0,1,0,0,0,0,355480.614000000059605,5717456.369999999180436,6.913772263000055,51.589603039000053,1,05240611701400027004
05,5,12,000,2024,06,13,3,3,1,6,0,0,1,0,0,0,0,358223.562599999830127,5709783.876900000497699,6.956434209000065,51.521355579000044,0,05240611701400024121
05,5,12,000,2024,06,14,3,3,2,6,0,0,1,0,0,0,1,355893.935499999672174,5709901.911299999803305,6.922830235000049,51.521826657000076,0,05240611701400019933
05,5,62,014,2024,06,08,3,3,6,4,0,0,1,1,0,0,0,360136.983900000341237,5715638.538599999621511,6.981668299000034,51.574443064000036,0,05240611701300995017
05,5,62,020,2024,06,12,3,3,5,3,0,1,1,0,0,0,0,372708.436800000257790,5715912.956599999219179,7.162879315000055,51.579888146000030,1,05240611701200015192
05,5,62,032,2024,06,12,3,3,9,1,0,0,0,0,1,0,0,372505.435800000093877,5721116.172800000756979,7.158059520000052,51.626603166000052,1,05240611701110019985
05,5,13,000,2024,06,08,3,3,4,7,0,0,1,0,0,0,0,366800.229399999603629,5708125.835999999195337,7.080607803000021,51.508543143000054,0,05240611700000998198
05,5,13,000,2024,06,15,3,3,2,2,0,0,1,0,0,0,0,368373.098000000230968,5708856.258999999612570,7.102986493000060,51.515475863000063,0,05240611700000022789
05,5,13,000,2024,06,11,3,3,2,7,0,0,1,0,0,0,1,368508.463399999774992,5708890.286499999463558,7.104923543000041,51.515813184000081,0,05240611700000011797
05,5,70,008,2024,06,07,2,3,8,7,0,0,1,0,0,0,0,438971.937400000169873,5730011.473400000482798,8.116570868000053,51.717712425000059,0,05240610711300956718
05,5,70,052,2024,06,05,2,2,6,1,0,0,1,1,0,0,0,430649.566999999806285,5755891.492000000551343,7.990929834000042,51.949401927000054,0,05240610711100941713
05,5,66,028,2024,06,14,2,3,8,1,0,0,1,0,0,0,0,410152.999400000087917,5788466.717199999839067,7.684185796000065,52.239269880000052,1,05240610709700977470
05,5,66,028,2024,06,13,2,3,3,2,0,1,1,0,0,0,0,411962.413999999873340,5792231.202999999746680,7.709695751000027,52.273398507000081,1,05240610709700975672
05,5,66,028,2024,06,14,2,3,2,6,0,0,1,0,0,0,0,410901.392699999734759,5789237.221799999475479,7.694939777000059,52.246317011000031,1,05240610709700975628
05,5,54,012,2024,06,06,2,3,2,2,0,0,1,0,1,0,0,354518.351300000213087,5745045.654600000008941,6.888373505000061,51.837253986000064,1,05240610705000946993
05,5,12,000,2024,06,16,2,3,9,1,0,0,1,0,0,0,0,357160.391599999740720,5720829.747099999338388,6.936629789000051,51.620343647000027,1,05240610702340978973
05,5,15,000,2024,06,18,2,3,5,2,0,1,1,0,0,0,0,405514.955500000156462,5754637.524599999189377,7.625656649000064,51.934429143000045,1,05240610702100982038
05,5,62,004,2024,06,17,2,3,5,3,0,0,1,0,0,0,0,385698.642500000074506,5710142.894400000572205,7.352146181000023,51.530811528000072,0,05240610701800980133
05,5,12,000,2024,06,13,2,3,1,5,0,1,1,0,0,0,0,356231.311300000175834,5710037.656799999997020,6.927634413000021,51.523132416000067,1,05240610701400969154
05,5,12,000,2024,06,05,2,3,2,6,0,0,1,0,0,0,1,356677.816800000146031,5708677.072000000625849,6.934619367000039,51.511019884000063,0,05240610701400941917
05,5,62,032,2024,06,16,2,3,6,4,0,0,1,1,0,0,0,375965.856200000271201,5715008.025900000706315,7.210186184000065,51.572481595000056,1,05240610701120982796
05,5,62,032,2024,06,13,2,3,2,6,0,0,1,0,0,0,0,374023.544700000435114,5719077.641000000759959,7.180712869000047,51.608624790000079,1,05240610701110969306
05,5,13,000,2024,06,18,2,3,2,2,0,0,1,0,0,0,0,367240.942699999548495,5714288.800899999216199,7.084630564000065,51.564031259000046,1,05240610700000980666
05,5,13,000,2024,06,18,2,3,2,6,0,0,1,0,0,0,0,364936.134899999946356,5716757.410499999299645,7.050449518000050,51.585667918000070,0,05240610700000103480
05,5,66,020,2024,06,10,1,3,0,1,0,1,0,0,0,0,0,405672.785000000149012,5802884.755999999120831,7.614553528000044,52.368107878000046,0,05240609709700926970
05,5,66,076,2024,06,13,1,3,7,7,0,1,0,0,0,0,0,395041.849000000394881,5792242.223999999463558,7.461788736000074,52.270527959000049,0,05240609709500929370
05,5,66,084,2024,06,19,1,3,5,2,0,0,1,0,0,0,1,386152.210300000384450,5778981.368200000375509,7.336023779000072,52.149586250000027,0,05240609709300933558
05,5,58,020,2024,06,15,1,3,5,3,0,0,1,0,1,0,0,392830.792999999597669,5761760.187000000849366,7.439004344000068,51.996147400000041,0,05240609706200931452
05,5,58,016,2024,06,13,1,3,5,3,0,0,1,0,0,0,0,384723.990500000305474,5748117.610600000247359,7.325547032000031,51.871915063000074,0,05240609706100931493
05,5,54,064,2024,06,17,1,3,5,3,0,0,1,0,0,0,0,354354.381500000134110,5755388.933800000697374,6.881629454000063,51.930145607000043,0,05240609705000933459
05,5,70,008,2024,06,15,3,3,5,3,0,0,1,0,0,0,1,433871.510800000280142,5735470.497400000691414,8.041711110000051,51.766211370000065,0,05240611711300024051
05,5,54,004,2024,06,16,1,3,5,3,0,1,1,0,0,0,0,360320.359699999913573,5771086.779999999329448,6.961943998000038,52.072724193000056,0,05240609705000931015
05,5,54,008,2024,06,16,1,3,0,1,0,1,0,0,0,0,0,334474.303000000305474,5745639.015000000596046,6.597415106000028,51.837004201000070,0,05240609705000930708
05,5,58,032,2024,06,09,1,1,8,1,0,0,1,0,0,0,0,391049.644100000150502,5751782.139299999922514,7.416234435000035,51.906122206000077,0,05240609702330926242
05,5,15,000,2024,06,11,1,3,2,1,0,0,1,0,0,0,0,403809.068599999882281,5760940.621600000187755,7.599086051000029,51.990791218000027,0,05240609702100926597
05,5,62,032,2024,06,14,1,3,2,6,0,0,1,0,1,0,0,376145.647599999792874,5715205.046099999919534,7.212709754000059,51.574291789000029,0,05240609701120932989
05,5,62,032,2024,06,13,1,3,5,2,0,0,1,0,1,0,0,378620.318500000052154,5721159.919999999925494,7.246341650000033,51.628348650000078,0,05240609701110929289
05,5,66,040,2024,06,17,7,2,8,1,0,1,0,0,0,0,0,426151.264000000432134,5780865.672000000253320,7.920089061000056,52.173322624000036,0,05240608709800915909
05,5,66,068,2024,06,22,7,3,8,1,2,0,0,0,0,0,1,378597.943199999630451,5786421.256899999454618,7.223004173000049,52.214834873000029,1,05240608709300921679
05,5,66,096,2024,06,16,7,3,8,1,0,0,0,0,1,0,0,383066.582000000402331,5790919.730000000447035,7.286824490000072,52.256227250000052,0,05240608709300912511
05,5,54,048,2024,06,20,7,2,8,1,0,0,0,0,1,0,0,339139.354799999855459,5742680.284700000658631,6.666440769000076,51.811786748000031,0,05240608705000916984
05,5,54,012,2024,06,13,7,2,7,6,0,0,1,0,0,0,0,345217.555999999865890,5741765.279999999329448,6.754949659000033,51.805282038000030,0,05240608705000909663
05,5,54,020,2024,06,13,7,3,0,1,0,1,0,0,0,0,0,364529.280500000342727,5786071.962300000712276,7.017343679000021,52.208417182000062,0,05240608705000909233
05,5,12,000,2024,06,05,7,2,9,6,0,0,1,0,0,0,0,356967.565600000321865,5723262.716299999505281,6.932852421000064,51.642156540000030,0,05240608702340903876
05,5,15,000,2024,06,17,7,3,0,3,0,1,0,0,0,0,0,410572.814899999648333,5753384.162100000306964,7.699531006000029,51.923998736000044,0,05240608702100913126