ULAND,UREGBEZ,UKREIS,UGEMEINDE,UJAHR,UMONAT,USTUNDE,UWOCHENTAG,UKATEGORIE,UART,UTYP1,ULICHTVERH,IstRad,IstPKW,IstFuss,IstKrad,IstGkfz,IstSonstige,LINREFX,LINREFY,XGCSWGS84,YGCSWGS84,STRZUSTAND,UIDENTSTLAE
05,5,54,028,2024,06,16,7,3,5,3,0,0,1,0,0,0,0,357090.552000000141561,5743058.893999999389052,6.926501890000054,51.820066397000062,0,05240608705000913451
05,5,15,000,2024,06,13,7,3,5,3,0,1,1,0,0,0,0,405334.578900000080466,5761303.089099999517202,7.621196318000045,51.994311322000044,0,05240608702100912676
05,5,15,000,2024,06,12,7,2,0,7,0,0,0,0,1,0,0,403143.974700000137091,5746605.039200000464916,7.593437167000047,51.861822367000059,0,05240608702100910071
05,5,15,000,2024,06,13,7,2,5,3,0,1,1,0,0,0,0,398725.377000000327826,5755248.876000000163913,7.526752125000030,51.938729903000080,0,05240608702100909721
05,5,12,000,2024,06,21,7,3,0,7,1,0,0,0,0,0,1,356336.781700000166893,5710207.038100000470877,6.929084588000023,51.524681282000074,0,05240608701400919658
05,5,13,000,2024,06,11,7,3,1,6,0,0,1,0,0,0,0,366985.259999999776483,5712360.043999999761581,7.081673480000063,51.546638052000048,0,05240608700000911925
05,5,13,000,2024,06,11,7,3,6,7,0,1,0,1,0,0,0,369429.847500000149012,5707210.661699999123812,7.118816886000047,51.500932338000041,0,05240608700000906035
05,5,66,016,2024,06,16,3,3,8,7,0,0,1,0,0,0,0,404688.765999999828637,5795384.180800000205636,7.602232424000022,52.300524196000026,0,05240611709500028644
05,5,54,056,2024,06,15,2,3,4,2,0,0,1,0,0,0,0,355580.273000000044703,5759983.771999999880791,6.897515990000045,51.971749538000040,1,05240610705000981971
05,5,66,028,2024,06,11,1,2,9,7,0,0,1,0,0,0,0,411232.050499999895692,5789525.374500000849366,7.699705963000042,52.248960437000051,0,05240609709700926531
05,5,58,016,2024,06,05,7,3,8,7,1,0,0,0,0,1,0,385339.401800000108778,5748377.094100000336766,7.334395982000046,51.874373980000030,0,05240608702330904517
05,5,70,032,2024,06,14,6,1,5,3,0,1,1,0,0,0,0,418579.760700000450015,5763027.476500000804663,7.813654533000033,52.011911904000044,0,05240607711100890488
05,5,66,028,2024,06,14,6,3,5,3,0,1,1,0,0,0,0,411958.898799999617040,5792232.768100000917912,7.709643836000055,52.273412011000062,0,05240607709700891605
05,5,66,028,2024,06,14,6,3,5,2,0,0,1,0,1,0,0,415461.093500000424683,5792044.126599999144673,7.761007028000051,52.272266087000048,0,05240607709700888756
05,5,66,064,2024,06,08,6,3,4,6,0,1,0,0,0,0,0,396922.003200000151992,5774644.422399999573827,7.494685437000044,52.112722546000043,0,05240607709110867816
05,5,66,068,2024,06,11,6,3,0,2,0,0,0,0,1,0,1,374845.813900000415742,5785644.732000000774860,7.168400248000069,52.207017505000067,0,05240607709000943018
05,5,58,004,2024,06,06,6,3,5,3,0,0,1,0,1,0,0,407769.998999999836087,5733130.205000000074506,7.664181955000060,51.741483501000062,0,05240607706300870510
05,5,54,008,2024,06,15,6,2,5,3,0,0,1,0,0,0,0,340115.175999999977648,5751283.706000000238419,6.676605466000069,51.889358120000054,0,05240607705000892251
05,5,15,000,2024,06,20,6,2,2,6,1,0,1,0,0,0,0,404412.408900000154972,5766254.061200000345707,7.606386881000049,52.038654050000048,0,05240607702350898244
05,5,15,000,2024,06,21,6,3,0,7,0,0,0,0,0,0,1,405925.155500000342727,5760042.029100000858307,7.630141361000028,51.983076767000057,0,05240607702100900629
05,5,15,000,2024,06,08,6,3,5,7,0,1,0,0,0,0,0,405501.037399999797344,5756464.873400000855327,7.624952050000047,51.950851824000040,0,05240607702100871987
05,5,15,000,2024,06,19,6,3,1,6,0,0,1,0,1,0,0,406166.240699999965727,5756692.176799999549985,7.634566332000077,51.953007558000081,0,05240607702000894390
05,5,62,028,2024,06,22,6,3,8,1,2,0,1,0,0,0,0,382165.552899999544024,5722945.731899999082088,7.296936218000042,51.645152357000029,0,05240607701920898462
05,5,62,028,2024,06,20,6,3,2,6,1,0,1,0,0,0,0,381823.580000000074506,5721959.833900000900030,7.292328991000034,51.636219820000065,0,05240607701920897703
05,5,62,016,2024,06,12,7,3,3,6,0,1,1,0,0,0,0,374372.964300000108778,5734044.672499999403954,7.180372085000045,51.743210549000082,0,05240615701700181570
05,5,62,028,2024,06,16,6,3,5,2,0,1,1,0,0,0,0,380223.615899999625981,5724930.189500000327826,7.268203284000037,51.662577146000046,0,05240607701920891005
05,5,62,004,2024,06,07,6,2,5,3,0,0,1,0,0,0,0,383195.690399999730289,5713603.584400000050664,7.314929486000040,51.561403153000072,0,05240607701800867612
05,5,62,012,2024,06,14,6,3,5,3,0,0,1,0,1,0,0,359485.273299999535084,5735793.152699999511242,6.964165813000022,51.755386648000069,0,05240607701620889879
05,5,13,000,2024,06,08,6,3,1,5,0,0,1,0,0,0,1,370048.835599999874830,5710586.420600000768900,7.126485159000026,51.531412579000062,0,05240607700000867603
05,5,13,000,2024,06,02,6,3,1,6,2,0,1,0,0,0,0,365690.281999999657273,5715560.487999999895692,7.061786159000064,51.575092077000079,0,05240607700000860114
05,5,70,052,2024,06,16,5,3,2,6,0,0,1,0,0,0,0,432231.368700000457466,5756516.641899999231100,8.013818523000054,51.955216817000064,0,05240606711100946477
05,5,70,044,2024,06,17,5,3,6,4,0,1,0,1,0,0,0,416122.747000000439584,5760530.945000000298023,7.778473998000038,51.989104893000047,0,05240606711100851878
05,5,66,028,2024,06,19,5,3,5,2,0,1,1,0,0,0,0,410817.001000000163913,5788367.857000000774860,7.693933475000051,52.238489275000063,0,05240606709700853846
05,5,66,028,2024,06,10,5,2,3,6,0,1,1,0,0,0,0,412502.555300000123680,5791958.689099999144673,7.717680754000071,52.271035299000062,0,05240606709700828647
05,5,66,076,2024,06,14,5,3,5,2,0,0,1,0,0,1,0,393654.843999999575317,5794099.516899999231100,7.440883836000069,52.286953328000038,0,05240606709500845048
05,5,54,020,2024,06,12,5,3,5,3,0,0,1,0,0,0,1,363187.450299999676645,5786743.511800000444055,6.997447107000028,52.214119688000039,0,05240606705000837727
05,5,15,000,2024,06,17,5,3,5,2,0,1,1,0,0,0,0,410236.496500000357628,5751324.486700000241399,7.695178392000059,51.905430693000028,0,05240606702100850489
05,5,62,024,2024,06,17,5,3,5,2,0,1,1,0,0,0,0,367779.338000000454485,5724274.012000000104308,7.088627650000035,51.653890462000049,0,05240606701500850794
05,5,62,024,2024,06,09,5,3,0,6,0,0,0,0,0,0,1,369714.630300000309944,5725122.199500000104308,7.116271582000024,51.661964662000059,0,05240606701500826445
05,5,12,000,2024,06,16,5,3,2,6,0,0,1,0,0,0,0,359941.670599999837577,5711400.177899999544024,6.980539644000032,51.536308464000058,0,05240606701400853081
05,5,12,000,2024,06,12,5,3,1,5,0,1,1,0,0,0,1,357856.083499999716878,5710992.255499999970198,6.950653394000028,51.532121626000048,0,05240606701400838837
05,5,13,000,2024,06,20,5,3,0,1,0,0,0,0,1,0,0,368227.353600000031292,5708819.520099999383092,7.100900992000049,51.515111723000075,0,05240606700000858255
05,5,13,000,2024,06,13,5,3,6,4,0,0,1,1,0,0,0,367307.939699999988079,5707050.036299999803305,7.088324174000036,51.498994691000064,0,05240606700000839003
05,5,54,024,2024,06,15,2,3,2,6,0,0,1,0,0,0,0,367326.000900000333786,5774907.000900000333786,7.062611231000062,52.108774127000061,1,05240610705000978582
05,5,70,040,2024,06,09,4,2,4,6,0,0,1,0,0,0,0,414415.308699999935925,5750189.626399999484420,7.756188456000075,51.895887113000072,0,05240605711200786421
05,5,70,032,2024,06,08,4,3,5,3,0,0,1,0,0,0,0,421848.230100000277162,5767687.912299999967217,7.860202961000027,52.054275063000034,0,05240605711100782355
05,5,70,044,2024,06,22,4,3,0,1,2,0,0,0,1,0,0,415604.098199999891222,5759891.250900000333786,7.771080069000050,51.983276175000071,0,05240605711100020376
05,5,66,076,2024,06,12,4,3,6,5,0,0,1,1,0,0,0,394435.558500000275671,5793734.370699999853969,7.452439638000044,52.283822197000063,0,05240605709500795869
05,5,66,084,2024,06,15,4,3,8,1,0,0,1,0,0,0,0,386287.885400000028312,5782669.535299999639392,7.336770210000054,52.182759446000034,0,05240605709300805899
05,5,58,020,2024,06,17,4,3,5,2,0,0,0,0,1,0,1,393370.490000000223517,5755582.282999999821186,7.448780970000030,51.940726119000033,0,05240605706000807494
05,5,70,004,2024,06,01,6,2,7,7,2,0,1,0,0,0,1,424148.513199999928474,5742012.015399999916553,7.899407516000053,51.823784241000055,0,05240614711200130620
05,5,58,020,2024,06,10,4,3,6,2,0,0,0,1,0,0,1,392051.356900000013411,5759696.506999999284744,7.428305446000024,51.977448915000082,0,05240605706000788776
05,5,54,048,2024,06,17,4,3,2,6,0,0,1,0,0,0,0,341202.853699999861419,5744113.837700000032783,6.695691848000024,51.825255697000046,0,05240605705000807261
05,5,54,008,2024,06,13,4,3,5,2,0,1,1,0,0,0,0,338730.598000000230968,5745641.413000000640750,6.659137195000028,51.838270933000047,0,05240605705000798020
05,5,54,028,2024,06,05,4,3,5,2,0,0,1,0,0,0,0,360891.123599999584258,5741622.913000000640750,6.982184221000068,51.808122147000063,1,05240605705000771586
05,5,15,000,2024,06,19,4,2,5,3,0,1,1,0,0,0,0,407676.269600000232458,5758424.069800000637770,7.656067602000064,51.968827480000073,0,05240605702100809232
05,5,15,000,2024,06,18,4,3,0,7,0,0,1,0,0,0,1,407045.781899999827147,5756923.360899999737740,7.647298673000023,51.955233264000071,0,05240605702100808180
05,5,15,000,2024,06,14,4,3,1,6,0,0,1,0,0,0,1,404403.293999999761581,5755371.558000000193715,7.609287942000037,51.940837085000055,0,05240605702100803220
05,5,15,000,2024,06,12,4,3,6,4,0,1,0,1,0,0,0,405149.902099999599159,5757188.550799999386072,7.619644542000060,51.957296769000038,0,05240605702100793827
05,5,15,000,2024,06,10,4,3,5,2,0,1,1,0,0,0,0,405954.448800000362098,5757883.698999999091029,7.631159170000046,51.963681728000040,0,05240605702100793441
05,5,15,000,2024,06,06,4,3,5,2,0,1,1,0,0,0,0,403902.149000000208616,5754764.746999999508262,7.602169322000066,51.935296509000068,1,05240605702100777590
05,5,62,008,2024,06,14,4,3,3,5,0,1,1,0,0,0,0,385045.072100000455976,5722986.627900000661612,7.338521446000073,51.646115966000082,0,05240605701910799094
05,5,62,016,2024,06,17,4,3,8,1,0,0,1,0,0,0,0,377666.967000000178814,5737897.252000000327826,7.226702430000046,51.778562566000062,0,05240605701700808820
05,5,62,012,2024,06,05,4,2,5,2,1,0,1,0,1,0,0,363313.408800000324845,5727802.297800000756979,7.022728806000032,51.684527920000050,1,05240605701610772320
05,5,62,024,2024,06,15,4,3,1,6,0,0,1,0,0,0,0,368652.118499999865890,5722616.951799999922514,7.101859199000046,51.639203793000036,0,05240605701500808313
05,5,12,000,2024,06,11,4,3,0,1,0,1,0,0,0,0,0,356032.682300000451505,5708772.456399999558926,6.925290086000075,51.511712983000052,0,05240605701400791193
05,5,62,032,2024,06,12,4,3,3,6,0,0,1,0,0,0,1,375499.762000000104308,5719646.737999999895692,7.201818135000053,51.614067688000034,0,05240605701110792994
05,5,13,000,2024,06,20,4,3,2,6,0,1,1,0,0,0,0,365013.778300000354648,5718123.093200000002980,7.051044233000027,51.597959067000033,0,05240605700000810029
05,5,54,020,2024,06,07,5,3,5,2,0,0,0,0,0,0,1,365230.026999999769032,5785696.731000000610948,7.027742066000030,52.205217415000050,0,05240606705000824673
05,5,54,056,2024,06,16,5,3,2,6,0,0,1,0,0,1,0,356185.269999999552965,5761093.449999999254942,6.905852245000062,51.981876844000055,0,05240606705000849623
05,5,58,024,2024,06,23,6,3,5,3,2,0,1,0,1,0,0,395475.301300000399351,5740441.920900000259280,7.483973364000065,51.805044031000079,0,05240607706300900186
05,5,70,024,2024,06,12,3,2,4,2,0,0,1,0,0,0,0,420911.561599999666214,5754030.955499999225140,7.849695723000025,51.931377720000057,0,05240604711100758822
05,5,70,052,2024,06,07,3,3,8,1,0,1,0,0,0,0,0,428096.275799999944866,5751753.062400000169873,7.954650071000060,51.911875022000061,0,05240604711100727481
05,5,66,088,2024,06,15,3,3,1,1,0,0,1,0,0,0,0,419027.798000000417233,5786010.574999999254942,7.814714046000063,52.218569424000066,0,05240604709800761217
05,5,66,016,2024,06,17,3,3,9,1,0,0,1,0,0,0,0,406902.637099999934435,5793543.417600000277162,7.635198064000065,52.284359195000036,0,05240604709500761284
05,5,58,024,2024,06,13,3,3,2,6,0,0,1,0,0,0,0,388370.705000000074506,5737280.133500000461936,7.381988618000037,51.775253554000074,0,05240604706300752537
05,5,54,004,2024,06,16,3,3,0,3,2,0,1,0,1,0,0,363042.377100000157952,5772420.883999999612570,7.001098769000066,52.085391446000074,0,05240604705000758497
05,5,62,024,2024,06,00,3,3,8,7,2,0,1,0,0,0,0,372205.855899999849498,5728075.874299999326468,7.151189684000030,51.689080694000040,0,05240604702340721557
05,5,15,000,2024,06,14,3,3,2,6,0,0,1,0,0,0,1,403513.036399999633431,5760701.260299999266863,7.594843423000043,51.988588425000046,0,05240604702100761990
05,5,15,000,2024,06,08,3,3,4,6,0,0,1,0,0,0,0,405907.974100000225008,5755972.381300000473857,7.631006344000070,51.946494066000071,0,05240604702100733173
05,5,62,012,2024,06,13,3,2,9,1,0,0,1,0,0,0,0,365865.870000000111759,5730568.923900000751019,7.058565023000028,51.710005046000049,0,05240604701610756427
05,5,62,012,2024,06,00,3,3,0,7,2,0,0,0,1,0,0,360898.970599999651313,5738110.808299999684095,6.983706325000071,51.776565375000075,0,05240604701610721675
05,5,62,032,2024,06,01,3,2,1,5,2,1,1,0,0,0,0,377799.034400000236928,5715245.255999999120831,7.236542850000035,51.575013998000031,0,05240604701120722281
05,5,70,004,2024,06,17,2,3,2,6,0,0,1,0,0,0,0,424818.865000000223517,5735415.667999999597669,7.910562256000048,51.764576022000028,0,05240603711200876419
05,5,70,040,2024,06,17,2,2,8,1,0,0,1,0,0,0,0,419135.239099999889731,5747557.439099999144673,7.825384644000053,51.872930636000035,0,05240603711200715498
05,5,70,052,2024,06,16,2,3,4,6,0,0,1,0,0,0,0,428272.243599999696016,5756185.583900000900030,7.956283765000023,51.951744180000048,0,05240603711100712524
05,5,66,092,2024,06,15,2,3,5,3,0,0,1,0,0,0,1,424074.565000000409782,5796496.926000000908971,7.886214241000062,52.313548401000048,0,05240603709700710054
05,5,66,008,2024,06,16,2,3,5,3,0,0,1,0,0,0,0,399962.184000000357628,5782159.778999999165535,7.536854600000026,52.180827438000051,0,05240603709110712333
05,5,15,000,2024,06,17,2,3,5,3,0,0,1,0,0,0,1,405510.759100000374019,5751884.185399999842048,7.626351353000075,51.909680067000068,0,05240603702100759147
05,5,15,000,2024,06,15,2,3,5,3,0,0,1,0,0,0,0,398342.674999999813735,5759461.307000000029802,7.519940457000075,51.976521547000061,0,05240603702100711790
05,5,15,000,2024,06,08,2,3,5,3,0,0,1,0,0,0,0,408677.741299999877810,5758506.576700000092387,7.670619551000073,51.969734543000072,0,05240603702100684206
05,5,62,036,2024,06,22,2,3,9,7,2,0,1,0,0,0,0,386758.666199999861419,5719829.801000000908971,7.364298678000068,51.618090586000051,0,05240603701930721209
05,5,62,028,2024,06,14,2,3,5,3,0,0,1,0,0,0,0,381140.110199999995530,5721994.643300000578165,7.282445672000051,51.636388661000069,0,05240603701920711349
05,5,62,032,2024,06,11,2,3,5,3,0,0,1,0,0,0,1,376201.996199999935925,5716029.779200000688434,7.213231754000049,51.581716233000066,0,05240603701120708524
05,5,62,032,2024,06,15,2,2,3,6,0,0,1,0,0,0,1,375930.336900000460446,5719304.501900000497699,7.208154878000073,51.611087021000060,0,05240603701110711133
05,5,13,000,2024,06,15,2,3,2,6,0,0,1,0,0,0,0,368585.518799999728799,5712894.743499999865890,7.104538854000054,51.551818187000038,0,05240603700000713603
05,5,13,000,2024,06,08,2,3,2,2,0,0,1,0,1,0,0,364721.985899999737740,5715437.367000000551343,7.047868861000040,51.573754138000027,0,05240603700000688909
05,5,13,000,2024,06,10,7,3,5,2,0,0,1,0,0,0,1,367632.493300000205636,5709116.086500000208616,7.092221627000072,51.517637816000047,0,05240608700000906419
05,5,62,014,2024,06,18,7,3,0,6,0,0,1,0,0,0,1,357810.213999999687076,5713578.840900000184774,6.948947419000035,51.555352866000078,0,05240615702340188190
05,5,62,016,2024,06,11,3,2,9,1,0,0,1,0,0,0,0,372205.478500000201166,5732085.517999999225140,7.149714289000030,51.725114153000050,1,05240611702340013049
05,5,13,000,2024,06,07,3,3,5,3,0,1,1,0,0,0,0,370745.269100000150502,5707171.536199999973178,7.137772273000053,51.500883060000035,0,05240604700000738763
05,5,62,014,2024,06,10,6,3,5,3,0,1,1,0,0,0,0,358014.693900000303984,5714112.722500000149012,6.951679381000076,51.560201768000070,0,05240607701300903271
05,5,58,016,2024,06,08,1,2,4,6,0,0,1,0,0,0,0,383681.406299999915063,5741714.720499999821186,7.312563402000023,51.814153977000046,0,05240602706100662073
05,5,54,012,2024,06,15,1,3,5,3,0,1,1,0,0,0,0,347078.830000000074506,5745783.687000000849366,6.780149986000026,51.841897472000028,0,05240602705000668129
05,5,54,052,2024,06,13,1,3,4,6,0,0,1,0,0,0,0,378406.279799999669194,5774431.290999999269843,7.224494317000051,52.107046212000057,0,05240602705000666689
05,5,62,024,2024,06,14,1,3,9,1,0,0,1,0,0,0,0,369049.074199999682605,5726652.697899999096990,7.106080639000027,51.675563878000048,0,05240602702340884934
05,5,15,000,2024,06,19,1,3,5,2,0,0,1,0,0,0,0,406724.746000000275671,5757078.944000000134110,7.642586026000060,51.956577968000033,0,05240602702100670618
05,5,15,000,2024,06,16,1,2,3,6,0,1,0,0,0,0,0,401648.179999999701977,5755592.414000000804663,7.569157521000022,51.942342003000078,0,05240602702100669580
05,5,62,024,2024,06,14,1,2,1,6,0,0,1,0,1,0,0,370279.331199999898672,5727014.497099999338388,7.123728890000052,51.679100693000066,0,05240602701500667320
05,5,62,032,2024,06,16,1,2,9,1,0,0,1,0,0,0,0,376788.508200000040233,5721593.710899999365211,7.219737199000065,51.631849059000047,0,05240602701110668046
05,5,62,032,2024,06,10,1,3,4,1,0,0,1,0,0,0,0,375811.504999999888241,5719504.760999999940395,7.206368630000043,51.612860579000028,0,05240602701110663082
05,5,54,048,2024,06,11,1,3,0,1,0,1,0,0,0,0,0,342113.323400000110269,5742081.129300000146031,6.709818706000021,51.807251754000049,0,05240609705000926409
05,5,70,052,2024,06,09,7,3,9,7,0,0,1,0,0,0,0,425744.691300000064075,5755769.191800000146031,7.919602062000024,51.947669329000064,0,05240601711100644872
05,5,66,040,2024,06,18,7,3,3,2,0,0,1,0,1,0,0,421076.000000000000000,5775654.664000000804663,7.847098444000039,52.125778755000056,0,05240601709800197967
05,5,66,028,2024,06,16,7,3,0,2,0,0,1,0,0,0,0,413974.855000000447035,5794544.153000000864267,7.738592512000025,52.294506658000046,1,05240601709700652342
05,5,66,092,2024,06,16,7,3,2,1,0,1,0,0,1,0,0,424419.145999999716878,5792611.858100000768900,7.892139835000023,52.278673768000033,0,05240601709700649968
05,5,66,004,2024,06,18,7,3,8,1,0,0,0,0,1,0,0,399961.120699999853969,5766849.028200000524521,7.541337759000044,52.043216339000026,0,05240601709110660035
05,5,58,016,2024,06,12,7,3,5,3,0,0,1,0,1,0,0,383241.025999999605119,5742106.805999999865890,7.306045642000072,51.817585950000080,0,05240601706000647261
05,5,54,068,2024,06,12,7,3,9,1,0,0,1,0,0,0,0,345688.829099999740720,5768864.992100000381470,6.749629971000047,52.048880637000082,0,05240601705000660530
05,5,54,008,2024,06,13,7,3,1,6,0,0,1,0,0,0,0,335276.674800000153482,5742514.793400000780821,6.610536607000029,51.809175280000034,0,05240601705000650032
05,5,54,012,2024,06,14,7,3,9,1,0,0,1,0,0,0,0,345785.572999999858439,5743807.289699999615550,6.762272749000033,51.823785182000051,0,05240601705000649500
05,5,15,000,2024,06,10,7,3,0,1,0,1,0,0,0,0,0,405972.618999999947846,5752311.448000000789762,7.632946998000023,51.913598688000036,1,05240601702100644081
05,5,62,028,2024,06,14,7,3,6,4,0,0,1,1,0,0,0,380306.318099999800324,5723265.648299999535084,7.269968286000051,51.647634895000067,0,05240601701920649689
05,5,12,000,2024,06,11,7,3,2,6,0,0,1,0,0,0,0,356563.488099999725819,5711493.824999999254942,6.931826201000035,51.536301740000056,0,05240601701400649886
05,5,13,000,2024,06,17,7,3,2,6,0,0,1,0,0,0,0,368249.718999999575317,5706980.213999999687076,7.101910293000060,51.498587506000035,0,05240601700000653319
05,5,13,000,2024,06,18,7,3,5,2,0,0,1,0,0,0,0,368892.009700000286102,5708632.336899999529123,7.110543977000020,51.513584184000081,0,05240601700000652108
05,5,13,000,2024,06,16,7,3,5,2,0,0,1,0,0,0,1,364588.492800000123680,5714213.796900000423193,7.046415182000032,51.562726612000063,0,05240601700000650180
05,5,13,000,2024,06,20,7,3,5,3,0,1,1,0,0,0,0,368825.938099999912083,5708986.479900000616908,7.109460555000055,51.516751462000059,0,05240608700000917059
05,5,70,004,2024,06,11,1,3,9,7,0,0,1,0,0,0,0,424837.989500000141561,5735419.348600000143051,7.910838536000028,51.764611678000051,0,05240602711200663386
05,5,66,096,2024,06,12,7,3,5,3,0,0,1,0,0,0,0,385210.555999999865890,5790604.189999999478459,7.318328029000043,52.253843100000040,0,05240608709300908706
05,5,66,028,2024,05,13,6,3,0,2,0,0,0,0,0,0,1,413634.252000000327826,5792363.026000000536442,7.734158386000047,52.274848541000040,0,05240531709700743071
05,5,66,028,2024,05,13,6,3,0,1,0,1,0,0,0,0,0,414534.388899999670684,5792637.022800000384450,7.747278591000054,52.277451999000050,0,05240531709700627729
05,5,66,028,2024,05,13,6,3,4,6,0,0,1,0,0,0,0,408881.503999999724329,5795960.765000000596046,7.663545567000028,52.306418104000045,0,05240531709700625940
05,5,66,024,2024,05,11,6,3,0,7,0,0,0,1,0,0,1,383236.231300000101328,5775239.696599999442697,7.294709309000041,52.115351913000040,0,05240531709300952043
05,5,66,028,2024,05,17,6,3,3,6,0,0,1,0,0,0,0,412707.296900000423193,5790390.955499999225140,7.721086075000073,52.256976564000070,1,05240531702350633443
05,5,15,000,2024,05,19,6,3,0,6,0,0,1,0,1,0,0,405626.781399999745190,5754135.796499999240041,7.627420345000075,51.929938344000050,0,05240531702100634567
05,5,62,028,2024,05,13,6,3,5,3,0,1,1,0,0,0,0,379510.790699999779463,5722441.896900000050664,7.258759262000069,51.640061641000045,0,05240531701920625172
05,5,13,000,2024,05,15,6,3,5,3,0,0,1,0,0,0,0,368849.792000000365078,5715839.210999999195337,7.107249643000046,51.578340784000034,0,05240531700000629701
05,5,13,000,2024,05,10,6,3,1,5,0,0,1,0,0,0,1,367698.800999999977648,5713764.710000000894070,7.091429564000066,51.559429041000044,0,05240531700000621130
05,5,66,072,2024,06,15,7,3,8,1,0,0,0,0,1,0,0,414196.945799999870360,5802601.804099999368191,7.739791420000074,52.366965801000049,0,05240608709700911258
05,5,15,000,2024,06,00,4,2,0,1,2,0,0,0,0,0,1,407802.618999999947846,5756805.545600000768900,7.658340760000044,51.954300267000065,0,05240605702100768069
05,5,70,032,2024,05,16,5,3,8,1,0,0,0,0,1,0,0,423114.595099999569356,5764785.851600000634789,7.879320959000040,52.028365096000073,0,05240530711100592843
05,5,70,052,2024,05,15,5,3,5,3,0,1,0,0,0,0,0,429985.357699999585748,5761870.874600000679493,7.980047060000061,52.003070796000031,0,05240530711100591204
05,5,66,076,2024,05,21,5,3,1,1,0,1,1,0,0,0,0,393800.234400000423193,5791460.460599999874830,7.443845585000076,52.263263675000076,0,05240530709500596806
05,5,54,068,2024,05,14,5,2,5,3,0,1,0,0,1,0,0,355085.944299999624491,5774129.976700000464916,6.884331135000025,52.098721517000058,0,05240530705000591530
05,5,66,012,2024,05,12,5,3,2,6,0,0,1,0,0,0,0,405912.642699999734759,5769416.535700000822544,7.627381660000026,52.067335922000041,0,05240530702350590049
05,5,15,000,2024,05,19,5,3,5,3,0,1,0,0,1,0,0,405647.109400000423193,5755619.327899999916553,7.627308957000025,51.943276474000072,1,05240530702100595293
05,5,62,004,2024,05,16,5,3,6,4,0,1,0,1,0,0,0,384012.781200000084937,5716899.725899999961257,7.325623275000055,51.591196743000069,0,05240530701800593445
05,5,62,016,2024,05,16,5,2,4,2,0,0,1,0,1,0,0,374750.764399999752641,5732285.845499999821186,7.186474302000022,51.727488797000035,0,05240530701700592969
05,5,13,000,2024,06,15,2,3,0,1,0,1,0,0,0,0,0,365514.594999999739230,5714103.604000000283122,7.059809963000021,51.561957961000076,0,05240617700000258267
05,5,66,064,2024,06,14,3,3,3,7,0,1,1,0,0,0,0,396088.075000000186265,5771565.794900000095367,7.483450517000051,52.084896837000031,0,05240604709000759908
05,5,58,016,2024,06,07,6,3,0,1,0,0,0,0,0,1,0,386229.162100000306964,5742729.258199999108911,7.349173738000047,51.823796546000040,1,05240614706000140714
05,5,70,040,2024,06,09,7,3,8,1,0,0,1,0,0,0,0,410980.274000000208616,5749703.266100000590086,7.706405763000021,51.890977181000039,0,05240601711200647277
05,5,70,004,2024,05,14,4,2,1,7,0,0,1,0,1,0,0,424774.433000000193715,5735779.778000000864267,7.909839675000057,51.767843290000030,0,05240529711200571459
05,5,70,032,2024,05,18,4,3,2,6,0,0,1,0,0,0,0,421130.008600000292063,5765807.967100000008941,7.850164225000071,52.037274333000028,1,05240529711100574297
05,5,66,008,2024,05,14,4,3,2,6,0,0,1,0,0,0,1,399225.847599999979138,5780786.327400000765920,7.526496853000026,52.168349225000043,0,05240529709110566665
05,5,58,004,2024,05,14,4,3,4,2,0,1,1,0,0,0,0,407748.252500000409782,5732633.753900000825524,7.663998715000048,51.737017366000032,0,05240529706300569608
05,5,58,012,2024,05,09,4,3,5,2,0,1,1,0,0,0,0,372522.441200000233948,5756149.175100000575185,7.145436345000064,51.941434909000066,1,05240529706200558246
05,5,66,028,2024,05,09,4,3,3,6,0,0,1,0,0,1,0,416215.809600000269711,5790346.357100000604987,7.772486845000060,52.257121234000067,1,05240529702350551010
05,5,62,014,2024,05,15,4,3,2,6,0,0,1,0,0,1,0,360211.448300000280142,5713524.536699999123812,6.983582934000026,51.555465002000062,1,05240529702340571472
05,5,70,020,2024,06,17,1,3,5,3,0,0,1,0,1,0,0,434178.433500000275671,5748820.035499999299645,8.043619772000056,51.886259553000059,0,05240616711400206628
05,5,15,000,2024,05,07,4,3,4,6,0,1,0,0,0,0,0,409746.978299999609590,5758791.737900000065565,7.686105037000061,51.972472406000065,1,05240529702100543956
05,5,15,000,2024,05,08,4,3,2,1,0,0,1,0,0,1,0,405417.972599999979138,5755406.785199999809265,7.624034867000034,51.941327136000041,1,05240529702100542451
05,5,62,028,2024,05,09,4,3,5,3,0,1,1,0,0,0,0,378418.472000000067055,5723281.680999999865890,7.242689832000053,51.647373939000033,1,05240529701920547466
05,5,62,008,2024,05,16,4,3,5,3,0,0,1,0,0,0,0,383621.988699999637902,5723392.082200000062585,7.317827778000037,51.649467301000072,1,05240529701910569858
05,5,62,004,2024,05,10,4,3,5,2,0,0,1,0,0,0,0,382628.313799999654293,5712007.303300000727177,7.307280847000072,51.546938442000055,1,05240529701800551445