ULAND,UREGBEZ,UKREIS,UGEMEINDE,UJAHR,UMONAT,USTUNDE,UWOCHENTAG,UKATEGORIE,UART,UTYP1,ULICHTVERH,IstRad,IstPKW,IstFuss,IstKrad,IstGkfz,IstSonstige,LINREFX,LINREFY,XGCSWGS84,YGCSWGS84,STRZUSTAND,UIDENTSTLAE
05,5,62,016,2024,05,13,4,3,5,2,0,1,1,0,0,0,0,374340.780299999751151,5734020.176300000399351,7.179915023000035,51.742983190000075,0,05240529701700560633
05,5,62,016,2024,05,10,4,3,9,1,0,0,1,0,0,0,0,378649.268099999986589,5733622.589700000360608,7.242426884000054,51.740359649000027,1,05240529701700550945
05,5,62,024,2024,05,12,4,3,3,3,0,1,1,0,0,0,0,370576.575699999928474,5725996.425899999216199,7.128403011000046,51.670020211000065,0,05240529701500560251
05,5,62,014,2024,05,16,4,3,0,5,0,1,1,0,0,0,0,360409.930999999865890,5717463.301999999210238,6.984879064000040,51.590908104000050,0,05240529701300570796
05,5,62,020,2024,05,21,4,3,5,3,0,1,1,0,0,0,0,371220.167000000365078,5717883.620999999344349,7.140689092000059,51.597260145000064,0,05240529701200576236
05,5,13,000,2024,05,16,4,3,0,1,0,0,0,0,1,0,0,368188.860000000335276,5713200.873999999836087,7.098706289000063,51.554476758000078,1,05240529700000569045
05,5,13,000,2024,05,10,4,3,4,2,0,0,1,0,0,0,0,365238.655000000260770,5709878.682000000029802,7.057449353000038,51.523924899000065,0,05240529700000562618
05,5,13,000,2024,05,10,4,3,5,3,0,0,1,0,0,0,1,363788.798799999989569,5716427.808399999514222,7.034026867000023,51.582429859000058,1,05240529700000554290
05,5,15,000,2024,06,14,3,3,6,4,0,1,0,1,0,0,0,405393.024000000208616,5755967.251599999144673,7.623517810000067,51.946360618000028,0,05240611702100054488
05,5,54,024,2024,05,15,4,3,2,7,0,0,1,0,0,0,0,370274.645800000056624,5776263.859300000593066,7.105126359000053,52.121666125000047,0,05240529705000567999
05,5,54,012,2024,06,21,7,3,8,1,1,0,0,0,1,0,0,347130.512500000186265,5745228.705600000917912,6.781144854000047,51.836925416000042,0,05240615705000192243
05,5,66,040,2024,05,14,3,2,1,1,0,0,0,0,1,1,0,419712.178799999877810,5780740.551999999210238,7.825978661000022,52.171298579000052,0,05240528709800520326
05,5,66,056,2024,05,16,3,3,5,3,0,1,1,0,0,0,0,417627.140200000256300,5801486.472999999299645,7.790432835000047,52.357467154000062,0,05240528709700527924
05,5,66,028,2024,05,07,3,3,5,2,0,1,1,0,0,0,0,412346.564000000245869,5791223.779899999499321,7.715586178000024,52.264404879000040,1,05240528709700494171
05,5,66,076,2024,05,05,3,3,5,2,1,1,1,0,0,0,0,392978.110999999567866,5791278.653000000864267,7.431861464000065,52.261470383000074,1,05240528709500489921
05,5,66,084,2024,05,17,3,3,5,3,0,0,1,0,0,0,0,389225.580299999564886,5776979.123299999162555,7.381576384000027,52.132216793000055,0,05240528709300530236
05,5,66,008,2024,05,07,3,3,5,3,0,0,1,0,0,0,0,399297.390999999828637,5779422.375000000000000,7.527947181000059,52.156103436000080,1,05240528709110496613
05,5,58,016,2024,05,13,3,3,0,2,0,1,1,0,0,0,0,382003.112399999983609,5744598.285099999979138,7.287245113000040,51.839717382000060,0,05240528706100517263
05,5,58,012,2024,05,21,3,3,9,1,2,0,1,0,0,0,0,372726.093000000342727,5755053.614900000393391,7.148802787000022,51.931636434000040,1,05240528706000532788
05,5,54,008,2024,05,14,3,3,1,6,0,0,1,0,0,0,0,328022.576000000350177,5748287.918999999761581,6.502545890000022,51.858849203000034,0,05240528705000525844
05,5,15,000,2024,05,07,3,3,2,6,0,0,1,0,0,0,0,404684.754999999888241,5759085.980000000447035,7.612350699000046,51.974272033000034,1,05240528702100492703
05,5,12,000,2024,05,17,3,3,3,6,0,0,1,0,0,0,0,354713.166400000452995,5709720.243499999865890,6.905897507000020,51.519891758000028,1,05240528701400526124
05,5,62,020,2024,05,17,3,3,2,6,0,0,1,0,0,0,0,369894.686499999836087,5719386.810300000011921,7.121005260000061,51.610464309000065,0,05240528701200526642
05,5,66,088,2024,06,22,1,2,0,1,2,1,0,0,0,0,0,419125.667200000025332,5788308.904400000348687,7.815596649000042,52.239242761000071,0,05240602709800673392
05,5,66,040,2024,05,13,3,3,2,1,0,0,1,0,0,0,0,420989.567999999970198,5783078.414000000804663,7.844108573000028,52.192497648000028,0,05240528709800520191
05,5,62,004,2024,06,14,3,3,3,6,0,0,1,0,0,0,0,382852.912499999627471,5716678.879200000315905,7.308961090000025,51.588971869000034,1,05240611701800023282
05,5,62,032,2024,06,14,1,3,5,2,0,0,1,0,1,0,0,376621.422000000253320,5714721.384999999776483,7.219741735000071,51.570049322000045,0,05240609701120930507
05,5,66,072,2024,06,07,2,3,8,2,0,0,0,0,0,1,0,411850.021499999798834,5802987.781300000846386,7.705229601000042,52.370062481000048,0,05240603709700684001
05,5,15,000,2024,06,09,6,2,5,3,0,1,1,0,0,0,0,409085.330799999646842,5752837.771299999207258,7.678050161000044,51.918846478000034,0,05240607702100872006
05,5,62,032,2024,06,08,2,3,1,1,1,0,1,0,1,0,0,375477.940000000409782,5719560.266000000759959,7.201533845000029,51.613285728000051,0,05240603701110014370
05,5,70,052,2024,06,09,7,2,2,2,0,0,1,0,0,0,0,427906.591599999926984,5756678.259899999946356,7.950860725000041,51.956125823000036,0,05240608711100905682
05,5,70,020,2024,05,10,2,3,2,6,0,0,1,0,0,0,0,433939.250000000000000,5748946.915999999269843,8.040120689000048,51.887371899000073,0,05240527711400463039
05,5,70,008,2024,05,19,2,3,8,1,0,0,1,0,0,0,0,432735.485199999995530,5740617.577199999243021,8.024253139000052,51.812348169000074,1,05240527711300483784
05,5,66,044,2024,05,11,2,3,0,7,0,1,0,0,0,0,0,429432.858000000007451,5779798.814999999478459,7.968289976000051,52.164161846000070,0,05240527709800466655
05,5,66,088,2024,05,14,2,3,5,3,0,0,1,0,0,1,0,414987.093000000342727,5788893.256999999284744,7.754855409000072,52.243871610000042,0,05240527709700477111
05,5,66,028,2024,05,07,2,3,5,3,0,1,1,0,0,0,0,411545.874099999666214,5793257.457299999892712,7.703323290000071,52.282555858000080,0,05240527709700457427
05,5,66,004,2024,05,15,2,3,5,3,0,1,1,0,0,0,0,394797.477599999867380,5767079.366699999198318,7.466004503000022,52.044330696000031,0,05240527709110475707
05,5,66,008,2024,05,06,2,3,5,3,0,0,1,0,0,0,0,397407.833399999886751,5781520.281400000676513,7.499702004000028,52.174610757000039,0,05240527709110445457
05,5,58,024,2024,05,16,2,3,0,1,0,1,0,0,0,0,0,393370.990000000223517,5736282.241000000387430,7.454742559000067,51.767259420000073,1,05240527706300481452
05,5,58,024,2024,05,16,2,3,3,3,0,1,1,0,0,0,0,391860.528599999845028,5736342.226800000295043,7.432843192000064,51.767508856000063,0,05240527706300477979
05,5,58,012,2024,05,12,2,3,5,2,0,0,1,0,0,0,0,373774.141200000420213,5756289.253200000151992,7.163584698000022,51.942979078000064,0,05240527706200465134
05,5,15,000,2024,05,11,2,3,2,1,0,0,0,0,0,1,1,403443.050499999895692,5764238.324500000104308,7.592827692000071,52.020368244000053,0,05240527702350465839
05,5,62,024,2024,05,19,2,2,9,1,1,0,1,0,0,0,0,373181.515800000168383,5724284.125299999490380,7.166673488000072,51.655226038000080,1,05240527702340484636
05,5,54,024,2024,05,05,2,2,8,1,1,0,1,0,0,0,0,368860.191999999806285,5773746.853900000452995,7.085447445000057,52.098715197000047,0,05240527702340443732
05,5,15,000,2024,05,16,2,3,5,3,0,1,1,0,0,0,0,403052.536100000143051,5758114.283999999985099,7.588870131000022,51.965255816000081,0,05240527702100890304
05,5,15,000,2024,05,18,2,3,1,6,0,0,1,0,0,0,0,403928.683000000193715,5758093.485999999567866,7.601624681000033,51.965220983000052,1,05240527702100482095
05,5,15,000,2024,05,15,2,3,0,3,0,1,1,0,0,0,0,398639.008999999612570,5758006.703999999910593,7.524682804000065,51.963501678000057,0,05240527702100477474
05,5,15,000,2024,05,11,2,3,8,6,0,0,0,0,0,1,1,411702.503299999982119,5756013.064999999478459,7.715279849000069,51.947809726000060,0,05240527702100470855
05,5,15,000,2024,05,07,2,3,6,1,0,0,1,1,0,0,0,400328.798200000077486,5761353.376199999824166,7.548297072000025,51.993887437000069,0,05240527702100460784
05,5,62,014,2024,05,11,2,3,5,7,0,1,1,0,0,0,0,360460.889000000432134,5714982.339900000020862,6.986600005000071,51.568626688000052,0,05240527701300489827
05,5,62,014,2024,05,20,2,3,0,1,1,0,0,0,1,0,0,361579.753299999982119,5712491.111800000071526,7.003714115000037,51.546515852000027,1,05240527701300485707
05,5,62,032,2024,05,11,2,3,5,3,0,0,1,0,0,0,0,377705.516699999570847,5717443.935900000855327,7.234428080000043,51.594753970000056,0,05240527701110467003
05,5,66,028,2024,06,17,2,3,0,1,0,0,0,0,1,0,0,412893.497700000181794,5793294.659700000658631,7.723063551000052,52.283105475000070,0,05240617709700257072
05,5,62,012,2024,06,16,5,2,0,1,0,0,0,0,1,0,0,361935.875000000000000,5724820.372199999168515,7.003993276000074,51.657395341000040,0,05240606701610851068
05,5,62,014,2024,06,13,3,3,2,6,0,0,1,0,1,0,0,360422.368499999865890,5715200.992200000211596,6.985957711000026,51.570581977000074,1,05240611701300017424
05,5,70,008,2024,06,13,4,3,3,6,0,1,1,0,0,0,0,428206.260099999606609,5733749.532199999317527,7.959983701000056,51.750042329000053,0,05240626711300636092
05,5,70,004,2024,06,22,4,3,0,1,1,1,0,0,0,0,0,425662.390899999998510,5735079.559299999848008,7.922855226000024,51.761667128000056,0,05240626711200653345
05,5,66,056,2024,06,15,4,2,8,1,0,0,0,0,1,0,0,416459.877199999988079,5794578.220799999311566,7.775013377000050,52.295196374000056,0,05240626709700642856
05,5,66,004,2024,06,18,4,3,9,1,0,0,1,0,0,0,0,391840.953900000080466,5767746.772500000894070,7.422700591000023,52.049760029000026,0,05240626709110763663
05,5,66,020,2024,06,08,4,3,2,2,0,0,1,0,0,0,0,405605.895999999716878,5803396.242000000551343,7.613427430000058,52.372693471000048,0,05240626709000625160
05,5,58,016,2024,06,17,4,3,1,6,0,0,1,0,1,0,0,383965.855000000447035,5745980.364000000059605,7.315257640000027,51.852549836000037,0,05240626706100644555
05,5,58,008,2024,06,18,4,3,5,3,0,1,1,0,0,0,0,382811.925200000405312,5760396.976099999621511,7.293605252000020,51.981872386000077,0,05240626706000647454
05,5,58,004,2024,06,07,4,3,2,2,0,0,1,0,0,0,0,406854.190600000321865,5739686.481499999761581,7.649163288000068,51.800265162000073,0,05240626706000615752
05,5,58,012,2024,06,07,4,3,4,2,0,1,1,0,0,0,0,371553.759700000286102,5755852.430999999865890,7.131462709000061,51.938545514000054,0,05240626706000612380
05,5,54,004,2024,06,18,4,3,5,3,0,1,1,0,0,0,0,354558.957299999892712,5777369.273299999535084,6.875259394000068,52.127687037000044,0,05240626705000647883
05,5,54,004,2024,06,04,4,3,8,1,1,0,1,0,0,0,0,359742.159799999557436,5769497.343900000676513,6.954166280000038,52.058296789000053,0,05240626705000606394
05,5,15,000,2024,06,08,4,3,4,2,0,1,1,0,0,0,0,407646.849999999627471,5754822.064999999478459,7.656607510000072,51.936445771000081,0,05240626702100615275
05,5,62,028,2024,06,17,4,2,5,2,0,1,1,0,0,0,0,380225.037999999709427,5724930.243000000715256,7.268223817000035,51.662577930000054,0,05240626701920645737
05,5,62,004,2024,06,13,4,3,0,1,0,1,0,0,0,0,0,383415.674700000323355,5710677.826600000262260,7.319071183000062,51.535152608000033,0,05240626701800637322
05,5,62,024,2024,06,17,4,3,5,2,0,1,1,0,0,0,0,369738.816800000146031,5725125.570100000128150,7.116619822000075,51.662000559000035,0,05240626701500645205
05,5,12,000,2024,06,16,4,3,2,6,0,0,1,0,0,0,0,357764.235999999567866,5719536.561000000685453,6.945871316000023,51.608876302000056,0,05240626701400644065
05,5,62,032,2024,06,11,4,3,5,3,0,0,1,0,0,0,1,375622.289599999785423,5719687.008700000122190,7.203572597000061,51.614456691000044,0,05240626701110645372
05,5,62,032,2024,06,07,4,3,6,4,0,0,1,1,0,0,0,374658.758999999612570,5719345.995699999853969,7.189785414000028,51.611178275000043,0,05240626701110614022
05,5,13,000,2024,06,19,4,3,5,3,0,0,1,0,1,0,0,368120.540000000037253,5713276.921000000089407,7.097692882000047,51.555144202000065,0,05240626700000649984
05,5,13,000,2024,06,12,4,3,6,7,0,0,1,1,0,0,0,367632.720999999903142,5713842.861899999901652,7.090447443000073,51.560115860000053,0,05240626700000630413
05,5,54,008,2024,06,15,4,3,8,1,0,0,1,0,0,0,0,328067.422600000165403,5747116.648299999535084,6.503779040000040,51.848341915000049,0,05240626705000644031
05,5,13,000,2024,06,11,4,3,6,7,0,0,1,1,0,0,0,366998.130699999630451,5705946.396700000390410,7.084279405000075,51.489003797000066,0,05240626700000642941
05,5,70,028,2024,06,14,4,3,2,6,0,0,1,0,0,0,0,438421.756699999794364,5739397.239800000563264,8.106944386000066,51.802032543000053,0,05240626301911646471
05,5,70,028,2024,06,06,3,2,5,3,0,0,1,0,0,1,0,440213.902700000442564,5740071.466800000518560,8.132815917000073,51.808288499000071,0,05240625711400562311
05,5,70,004,2024,06,16,3,3,2,6,0,0,1,0,0,0,0,422555.084999999962747,5735622.184000000357628,7.877718833000074,51.766123964000030,0,05240625711200594994
05,5,66,044,2024,06,17,3,2,2,6,0,1,1,0,0,0,0,429589.825100000016391,5779590.105699999257922,7.970627767000053,52.162305751000076,0,05240625709800598291
05,5,66,040,2024,06,18,3,3,1,6,0,0,1,0,1,0,0,424830.188000000081956,5779984.087999999523163,7.900969706000069,52.165219632000060,0,05240625709800598029
05,5,66,076,2024,06,12,3,3,0,7,0,0,1,0,1,0,0,394120.885700000450015,5793512.325699999928474,7.447898154000029,52.281766099000038,0,05240625709500584087
05,5,58,012,2024,06,08,3,3,2,6,0,0,1,0,0,0,0,375907.268799999728799,5751831.399800000712276,7.196208986000045,51.903397936000033,0,05240625706200566448
05,5,58,016,2024,06,17,3,2,5,3,0,0,1,1,0,0,0,379471.089300000108778,5745870.922800000756979,7.250066894000042,51.850613819000046,0,05240625706000599731
05,5,58,012,2024,06,15,3,1,4,6,0,0,1,0,0,1,0,368001.424499999731779,5746985.450999999418855,7.083211896000023,51.858034918000044,0,05240625706000595219
05,5,54,012,2024,06,15,3,2,5,3,0,1,0,0,0,0,1,348078.753999999724329,5748935.157999999821186,6.793268237000063,51.870484822000037,0,05240625705000594344
05,5,15,000,2024,06,16,3,3,4,6,0,1,0,0,0,0,0,405529.172899999655783,5754563.687599999830127,7.625883662000035,51.933767875000058,0,05240625702100597743
05,5,15,000,2024,06,14,3,2,0,3,0,1,1,0,0,0,0,404688.405500000342727,5758974.804600000381470,7.612434701000041,51.973273374000030,0,05240625702100588410
05,5,62,016,2024,06,08,3,3,5,3,0,1,1,0,0,0,0,375004.016999999992549,5734264.050000000745058,7.189428717000055,51.745323185000075,0,05240625701700563052
05,5,62,012,2024,06,16,3,2,5,2,0,1,0,0,0,0,1,364406.536000000312924,5735087.145999999716878,7.035696386000041,51.750255396000057,0,05240625701620597560
05,5,12,000,2024,06,19,3,3,2,2,0,0,1,0,0,0,0,355010.144899999722838,5709464.681900000199676,6.910280104000037,51.517671663000044,0,05240625701400600217
05,5,62,014,2024,06,10,3,2,2,6,0,0,1,0,0,0,1,360405.604199999943376,5717944.805800000205636,6.984625097000048,51.595233833000066,0,05240625701300573431
05,5,62,032,2024,06,18,3,3,0,6,0,1,0,0,0,0,1,374723.911000000312924,5719076.240000000223517,7.190822254000068,51.608768463000047,0,05240625701110597957
05,5,13,000,2024,06,10,3,2,5,3,0,0,1,0,1,0,0,366546.975999999791384,5714538.824999999254942,7.074529557000062,51.566114322000033,0,05240625700000583222
05,5,66,040,2024,06,06,2,3,0,7,0,1,0,0,0,0,0,423977.518500000238419,5780533.886600000783801,7.888382498000055,52.170044989000075,0,05240624709800507594
05,5,66,076,2024,06,18,2,3,2,1,0,0,1,0,0,0,0,393791.101300000213087,5793055.241699999198318,7.443209703000036,52.277594565000072,0,05240624709500545632
05,5,66,076,2024,06,07,2,3,5,3,0,0,1,0,0,0,0,397034.787999999709427,5795942.343900000676513,7.489854588000071,52.304159194000079,0,05240624709500507051
05,5,66,040,2024,06,07,2,3,2,6,0,0,1,0,0,0,0,424285.746799999848008,5780374.236199999228120,7.892924191000077,52.168652265000048,0,05240624709000507141
05,5,58,028,2024,06,15,2,3,8,1,0,0,1,0,0,0,0,403593.197100000455976,5732336.701700000092387,7.603925824000044,51.733647928000039,0,05240624706300545826
05,5,58,044,2024,06,09,2,3,5,3,0,1,0,0,0,0,0,396146.384499999694526,5745920.684599999338388,7.492059152000024,51.854412801000080,0,05240624706300517562
05,5,58,012,2024,06,20,2,3,3,6,0,1,0,0,0,0,0,371590.868099999614060,5755863.484799999743700,7.131998097000064,51.938653410000029,0,05240624706200547798
05,5,58,016,2024,06,16,2,3,5,3,0,0,1,0,1,0,0,380218.382000000216067,5753654.677999999374151,7.258208761000049,51.920727144000068,0,05240624706100544479
05,5,58,012,2024,06,19,2,3,4,2,0,0,1,0,0,0,0,370705.344899999909103,5755481.945599999278784,7.119267040000068,51.935019775000058,0,05240624706000548059
05,5,13,000,2024,06,13,2,3,3,6,0,0,1,0,0,0,0,363465.575000000186265,5715941.705000000074506,7.029553655000029,51.577983386000028,0,05240624702340544878
05,5,62,014,2024,06,15,2,2,9,6,0,0,1,0,0,1,1,358288.311900000087917,5713380.876700000837445,6.955918900000029,51.553694276000044,0,05240624702340542420
05,5,15,000,2024,06,20,2,3,5,2,0,1,1,0,0,0,0,405917.674599999561906,5756048.001900000497699,7.631126742000049,51.947175420000065,0,05240624702100547374
05,5,15,000,2024,06,10,2,2,5,2,0,0,1,0,1,0,0,402607.069000000134110,5753832.596999999135733,7.583601234000071,51.926692909000053,0,05240624702100526130
05,5,62,036,2024,06,16,2,3,5,3,0,1,1,0,0,0,0,392442.499300000257790,5719940.728099999949336,7.446330728000021,51.620202498000026,0,05240624701930545495
05,5,62,014,2024,06,14,2,3,1,6,0,0,0,0,1,1,0,360100.657999999821186,5712970.997400000691414,6.982206050000059,51.550463399000080,0,05240624701300536997
05,5,62,032,2024,06,21,2,3,0,1,0,0,0,0,1,0,0,378409.874800000339746,5721063.492200000211596,7.243336240000076,51.627436587000034,0,05240624701110549176
05,5,13,000,2024,06,19,2,3,8,1,0,1,0,0,1,0,0,368728.870199999772012,5707165.132300000637770,7.108740434000026,51.500360809000028,0,05240624700000547005
05,5,66,028,2024,06,14,1,3,5,3,0,1,1,0,0,0,0,414572.053199999965727,5793461.093499999493361,7.747621690000074,52.284864913000035,0,05240623709700490372
05,5,66,016,2024,06,13,1,2,4,1,0,0,1,0,1,0,0,403519.293800000101328,5796183.406400000676513,7.584858368000027,52.307503261000079,0,05240623709500491823
05,5,66,024,2024,06,18,1,3,8,1,0,0,0,0,1,0,0,381028.936400000005960,5775689.409900000318885,7.262331316000029,52.118922819000034,0,05240623709300494600
05,5,66,068,2024,06,00,1,2,5,1,2,1,1,0,0,0,0,376095.316999999806285,5785133.650000000372529,7.186863434000031,52.202707174000068,0,05240623709300482392
05,5,66,012,2024,06,13,1,3,0,7,0,1,0,0,0,0,0,404153.032999999821186,5772375.705000000074506,7.600887810000074,52.093631693000077,0,05240623709110490029
05,5,58,008,2024,06,10,1,2,5,3,0,1,1,0,0,0,0,378674.940100000239909,5756999.448699999600649,7.234596736000071,51.950451730000054,0,05240623706200486569
05,5,58,044,2024,06,23,1,3,0,7,2,0,1,0,0,0,0,393904.003700000233948,5748491.282700000330806,7.458723023000061,51.877095347000079,0,05240623706000499372
05,5,54,012,2024,06,16,1,3,7,1,0,1,0,0,0,0,0,352587.894899999722838,5749596.039899999275804,6.858433425000044,51.877632550000044,0,05240623705000550999
05,5,66,032,2024,06,11,1,3,2,6,0,0,1,0,0,0,0,413828.443500000052154,5779034.540999999269843,7.740397653000059,52.155076614000052,0,05240623702350487815
05,5,66,088,2024,06,02,1,2,8,1,2,0,1,0,0,1,0,420911.525999999605119,5790639.221499999985099,7.841198956000028,52.260448846000031,0,05240623702350483089
05,5,15,000,2024,06,11,1,2,9,6,0,0,1,0,0,0,0,401636.485299999825656,5750612.369200000539422,7.570410206000076,51.897577911000042,0,05240623702330488808
05,5,15,000,2024,06,05,1,2,0,7,0,0,0,0,0,0,1,404107.397400000132620,5759182.354499999433756,7.603920986000048,51.975038953000080,0,05240623702100495609
05,5,62,004,2024,06,18,1,3,1,3,0,0,1,0,1,0,0,382865.138500000350177,5718582.379499999806285,7.308501900000067,51.606082418000028,0,05240623701800494443
05,5,12,000,2024,06,14,1,3,0,7,0,0,0,0,1,0,0,359665.967600000090897,5709943.294299999251962,6.977147532000060,51.523148335000030,0,05240623701400489847
05,5,15,000,2024,06,13,3,3,6,7,0,0,0,1,0,0,1,404845.801599999889731,5756197.890100000426173,7.615494670000032,51.948340356000074,0,05240625702000588533
05,5,70,008,2024,06,11,7,2,4,5,0,0,1,0,0,0,0,430356.264899999834597,5732283.729100000113249,7.991417242000068,51.737136249000059,0,05240622711300467619
05,5,66,088,2024,06,21,7,3,0,6,1,0,1,0,1,0,0,421256.994900000281632,5787130.733300000429153,7.847077409000065,52.228961452000078,0,05240622709800480739
05,5,66,028,2024,06,17,7,3,0,7,0,0,1,0,1,0,0,409979.519700000062585,5792295.621300000697374,7.680624949000048,52.273656422000045,0,05240622709700473760
05,5,66,028,2024,06,14,7,2,5,2,0,1,1,0,0,0,0,411567.995099999941885,5789714.173000000417233,7.704576159000055,52.250711500000079,0,05240622709700472423
05,5,66,048,2024,06,11,7,3,5,2,0,1,1,0,0,0,0,429608.185999999754131,5796582.473999999463558,7.967356756000072,52.315054802000077,0,05240622709700467338
05,5,66,052,2024,06,11,7,3,4,6,0,0,1,0,0,0,0,377707.808000000193715,5778583.337999999523163,7.212808137000025,52.144204146000050,0,05240622709300484906
05,5,66,084,2024,06,16,7,3,2,2,0,1,0,0,0,0,0,385342.674999999813735,5779819.198000000789762,7.323914416000036,52.156948246000070,0,05240622709300473113
05,5,58,004,2024,06,11,7,3,2,6,0,0,1,0,0,0,1,404739.173000000417233,5738850.584000000730157,7.618729617000042,51.792395264000049,0,05240622706300468828
05,5,54,004,2024,06,16,7,3,0,1,0,1,0,0,0,0,0,361311.676300000399351,5773268.143400000408292,6.975511451000045,52.092573351000055,0,05240622705000475656
05,5,54,012,2024,06,12,7,3,2,6,0,0,1,0,1,0,0,353244.753200000151992,5745433.625700000673532,6.869736729000067,51.840406701000063,0,05240622705000468742
05,5,12,000,2024,06,13,7,3,2,6,0,0,1,0,0,0,0,356372.840099999681115,5714372.019999999552965,6.927904169000044,51.562116066000044,0,05240622702340472721
05,5,15,000,2024,06,18,7,3,3,6,0,1,1,0,0,0,0,405499.189000000245869,5754750.028999999165535,7.625396480000063,51.935437708000052,0,05240622702100485307
05,5,15,000,2024,06,21,7,3,9,1,0,1,0,0,0,0,0,407167.467100000008941,5760628.351500000804663,7.648066943000060,51.988555893000068,0,05240622702100479193
05,5,15,000,2024,06,12,7,3,0,7,0,0,0,0,0,0,1,404761.003899999894202,5756359.596200000494719,7.614216436000049,51.949779323000030,0,05240622702100474577
05,5,15,000,2024,06,12,7,3,5,2,0,1,1,0,0,0,0,407022.766800000332296,5757851.085699999704957,7.646712742000034,51.963568281000050,0,05240622702100468255
05,5,13,000,2024,06,00,7,3,1,1,2,0,0,0,1,0,1,369436.112499999813735,5710638.303799999877810,7.117637369000022,51.531737487000044,1,05240622700000462044
05,5,66,028,2024,06,15,7,3,5,3,0,0,1,0,0,0,0,412428.173999999649823,5791567.400100000202656,7.716692528000067,52.267506439000044,0,05240622709700472780
05,5,54,020,2024,06,15,2,3,5,2,0,1,1,0,0,0,0,366564.794300000183284,5785729.861800000071526,7.047249981000050,52.205839853000043,0,05240624705000539569
05,5,62,014,2024,06,06,4,3,0,6,0,0,1,0,0,1,0,357335.093299999833107,5713746.959899999201298,6.942030466000062,51.556743604000076,0,05240626702340664561
05,5,70,028,2024,06,14,6,1,5,3,0,0,1,0,1,0,0,444594.606599999591708,5744948.963800000026822,8.195569160000048,51.852590180000050,0,05240621711400450595
05,5,70,004,2024,06,06,6,3,0,3,0,1,1,0,0,0,0,422757.790699999779463,5735235.811200000345707,7.880741612000065,51.762678629000050,0,05240621711200418421
05,5,66,076,2024,06,10,6,2,0,2,0,1,1,0,0,0,0,394174.522800000384450,5794273.772399999201298,7.448445039000035,52.288619719000053,1,05240621709500431669
05,5,66,060,2024,06,07,6,3,5,3,0,1,1,0,0,0,0,390577.010999999940395,5785962.609600000083447,7.398415120000038,52.213222291000079,1,05240621709500424311
05,5,58,020,2024,06,23,6,2,8,1,2,0,1,0,0,0,0,390414.702800000086427,5759735.118499999865890,7.404473917000075,51.977475581000078,0,05240621706200461084
05,5,58,008,2024,06,17,6,3,8,1,0,0,1,0,0,0,0,389820.993900000117719,5763276.924499999731779,7.394695126000045,52.009189945000060,1,05240621706200456792
05,5,54,012,2024,06,05,6,3,0,3,0,1,1,0,0,0,0,352832.374200000427663,5746044.482599999755621,6.863495303000036,51.845786694000026,0,05240621705000514298
05,5,54,012,2024,06,08,6,3,5,3,0,0,1,0,0,0,0,352153.156999999657273,5752664.246999999508262,6.850807231000033,51.905084693000049,1,05240621705000432365
05,5,54,004,2024,06,05,6,3,5,3,0,0,1,0,0,0,0,356586.583999999798834,5776812.351999999955297,6.905094049000070,52.123213051000050,0,05240621705000419395
05,5,62,032,2024,06,18,6,2,2,6,0,0,1,0,0,0,0,374259.956600000150502,5716206.012299999594688,7.185154335000050,51.582870127000035,1,05240621702340456770
05,5,15,000,2024,06,13,6,3,5,3,0,1,1,0,0,0,0,404762.224999999627471,5759088.077999999746680,7.613477608000039,51.974304172000075,0,05240621702100453809
05,5,15,000,2024,06,15,6,3,2,6,0,0,1,0,0,0,0,410263.081699999980628,5758901.755499999970198,7.693587541000056,51.973544891000074,1,05240621702100452842
05,5,15,000,2024,06,12,6,3,6,4,0,1,0,1,0,0,0,405292.153400000184774,5759116.595399999991059,7.621182298000065,51.974651062000078,0,05240621702100442085
05,5,15,000,2024,06,07,6,3,5,3,0,1,1,0,0,0,0,410441.690799999982119,5753454.592700000852346,7.697606378000046,51.924610741000038,0,05240621702100424253
05,5,62,028,2024,06,10,6,3,0,7,0,0,1,0,0,0,0,378180.200299999676645,5722989.418700000271201,7.239349436000055,51.644695731000070,0,05240621701920434794
05,5,62,014,2024,06,07,6,3,9,1,0,0,0,0,0,0,1,360780.732599999755621,5715157.964700000360608,6.991142366000076,51.570283928000038,1,05240621701300424755
05,5,62,032,2024,06,18,6,3,1,6,0,0,1,0,0,0,0,374986.609000000171363,5714835.627000000327826,7.196124492000024,51.570715930000063,1,05240621701120455122
05,5,62,020,2024,06,12,3,3,5,3,0,0,1,0,0,0,0,371444.903300000354648,5719993.989299999549985,7.143158214000039,51.616277020000041,0,05240625701200581372
05,5,15,000,2024,06,06,3,3,5,3,0,0,1,0,0,0,0,398736.927000000141561,5755822.167999999597669,7.526751261000072,51.943884796000077,0,05240625702100570253
05,5,62,004,2024,06,14,6,3,5,3,0,0,1,0,1,0,0,382176.574099999852479,5712376.830000000074506,7.300645232000022,51.550165492000076,0,05240621701800448309
05,5,66,028,2024,06,18,5,2,5,3,0,1,1,0,0,0,0,413767.760300000198185,5791359.049200000241399,7.736371317000021,52.265845398000067,1,05240620709700408869