ULAND,UREGBEZ,UKREIS,UGEMEINDE,UJAHR,UMONAT,USTUNDE,UWOCHENTAG,UKATEGORIE,UART,UTYP1,ULICHTVERH,IstRad,IstPKW,IstFuss,IstKrad,IstGkfz,IstSonstige,LINREFX,LINREFY,XGCSWGS84,YGCSWGS84,STRZUSTAND,UIDENTSTLAE
05,5,66,076,2024,06,23,5,3,3,6,2,0,1,0,0,0,0,393634.581600000150502,5792961.035599999129772,7.440946102000055,52.276717654000038,0,05240620709500415616
05,5,66,016,2024,06,09,5,2,9,1,0,0,1,0,0,0,0,404891.618400000035763,5796855.049900000914931,7.604790763000040,52.313779266000040,0,05240620709500383521
05,5,66,064,2024,06,16,5,3,0,1,0,1,0,0,0,0,0,395791.536600000225008,5772535.087400000542402,7.478828038000074,52.093552753000040,1,05240620709110406083
05,5,58,004,2024,06,14,5,3,5,3,0,0,1,0,1,0,0,404582.139000000432134,5739139.072000000625849,7.616373992000035,51.794961616000080,0,05240620706300402186
05,5,58,016,2024,06,06,5,3,2,2,0,0,0,0,0,1,0,378479.919999999925494,5747449.814999999478459,7.235128427000063,51.864588288000050,0,05240620706100370713
05,5,15,000,2024,06,17,5,3,1,7,0,0,1,0,0,0,0,405470.244500000029802,5755041.104100000113249,7.624895590000051,51.938049110000065,0,05240620702100407292
05,5,15,000,2024,06,13,5,3,5,2,0,1,1,0,0,0,0,404713.053000000305474,5755243.456000000238419,7.613828290000072,51.939738786000078,0,05240620702100398645
05,5,15,000,2024,06,12,5,3,5,2,0,1,0,0,0,0,1,405129.934999999590218,5756714.213999999687076,7.619485021000060,51.953029826000034,0,05240620702100389265
05,5,62,036,2024,06,14,5,3,9,1,0,0,1,0,0,0,0,389653.706399999558926,5718874.076700000092387,7.406399021000027,51.610075491000032,1,05240620701930404541
05,5,62,012,2024,06,15,5,3,8,1,0,0,1,0,0,0,0,362106.121000000275671,5735114.521999999880791,7.002381738000054,51.749939904000030,0,05240620701620405377
05,5,62,012,2024,06,11,5,3,0,1,0,0,0,0,0,0,1,363183.220700000412762,5731915.359099999070168,7.019232862000024,51.721456356000033,0,05240620701620394360
05,5,12,000,2024,06,16,5,3,2,6,0,0,1,0,0,0,0,356447.406200000084937,5709937.235500000417233,6.930788058000076,51.522285014000033,0,05240620701400405053
05,5,12,000,2024,06,11,5,3,3,2,0,0,1,0,0,0,1,356249.868700000457466,5710028.315999999642372,6.927905533000057,51.523053205000053,0,05240620701400388707
05,5,62,020,2024,06,11,5,3,2,6,0,0,1,0,0,0,0,371599.881099999882281,5716231.153599999845028,7.146772830000032,51.582496302000038,0,05240620701200390124
05,5,13,000,2024,06,15,5,3,2,6,0,0,1,0,0,1,0,368614.296900000423193,5712659.581900000572205,7.105041527000026,51.549711557000080,0,05240620700000411889
05,5,13,000,2024,06,16,5,3,5,2,0,0,1,0,0,0,0,363548.250000000000000,5712061.729399999603629,7.032251975000065,51.543136692000076,1,05240620700000407673
05,5,62,024,2024,06,20,1,2,9,1,0,0,1,0,0,0,0,368799.643000000156462,5726669.190999999642372,7.102469095000060,51.675653890000035,0,05240623702340498029
05,5,62,012,2024,06,05,6,2,9,1,1,0,1,0,0,0,0,360565.421500000171363,5723726.153899999335408,6.984629919000042,51.647224491000031,1,05240621701610418565
05,5,66,028,2024,06,14,4,3,2,2,0,0,1,0,1,0,0,412565.620500000193715,5792493.847699999809265,7.718466020000051,52.275855491000073,0,05240619709700353767
05,5,66,028,2024,06,11,4,3,5,3,0,0,1,0,1,0,0,411869.910299999639392,5792272.429300000891089,7.708329590000062,52.273754239000027,0,05240619709700350823
05,5,66,028,2024,06,07,4,3,0,3,0,1,1,0,0,0,0,410805.398000000044703,5788369.447000000625849,7.693763180000076,52.238501687000053,0,05240619709700326687
05,5,66,076,2024,06,05,4,2,5,3,0,0,1,0,1,0,0,396605.844999999739230,5794209.456000000238419,7.484097793000046,52.288504532000047,1,05240619709500322886
05,5,66,008,2024,06,07,4,3,5,3,0,1,1,0,0,0,0,400593.159400000236928,5780132.358100000768900,7.546673984000051,52.162719452000033,0,05240619709110325140
05,5,58,004,2024,06,13,4,3,2,6,0,0,1,0,0,0,0,407645.592500000260770,5732434.249600000679493,7.662565364000045,51.735207132000028,0,05240619706300349853
05,5,58,032,2024,06,03,4,3,7,1,2,0,0,0,0,1,0,389625.444400000385940,5752426.209699999541044,7.395333817000051,51.911630485000046,1,05240619706100318756
05,5,54,012,2024,06,12,4,3,0,1,0,0,0,0,1,0,0,353005.935300000011921,5747515.216199999675155,6.865387692000070,51.859046870000043,0,05240619705000341318
05,5,62,004,2024,06,16,4,3,9,6,0,0,1,0,0,0,1,382433.434200000017881,5718262.370899999514222,7.302378061000070,51.603116336000028,0,05240619702340358272
05,5,15,000,2024,06,20,4,3,2,1,0,1,1,0,0,0,0,406094.996000000275671,5753608.332000000402331,7.634371968000039,51.925276412000073,0,05240619702100365344
05,5,15,000,2024,06,21,4,2,8,7,1,0,1,0,0,0,0,406276.881000000052154,5756522.271999999880791,7.636222173000021,51.951499029000047,0,05240619702100363838
05,5,15,000,2024,06,12,4,3,1,6,0,0,1,0,0,0,0,405408.228699999861419,5755380.703199999406934,7.623900333000051,51.941091043000029,0,05240619702100341680
05,5,15,000,2024,06,07,4,3,5,3,0,1,1,0,0,0,0,412549.247000000439584,5753049.462999999523163,7.728349991000073,51.921304145000079,1,05240619702100335689
05,5,15,000,2024,06,00,4,2,0,1,2,1,0,0,0,0,0,407884.705199999734759,5758266.012099999934435,7.659143252000035,51.967441353000027,1,05240619702100316681
05,5,62,004,2024,06,06,4,3,5,2,1,0,1,0,0,0,0,385218.430999999865890,5711645.176000000908971,7.344736348000026,51.544216487000028,1,05240619701800322759
05,5,62,012,2024,06,13,4,2,3,3,0,1,1,0,0,0,0,358862.856300000101328,5725136.096300000324845,6.959468897000022,51.659469168000044,0,05240619701610352253
05,5,62,012,2024,06,13,4,3,6,6,0,0,0,1,0,0,1,359950.638899999670684,5726286.916600000113249,6.974723998000059,51.670082371000035,0,05240619701610348857
05,5,12,000,2024,06,10,4,3,5,2,0,1,1,0,0,0,0,357761.791199999861419,5719535.812599999830127,6.945836337000060,51.608868960000052,0,05240619701400337288
05,5,62,014,2024,06,11,4,3,5,3,0,1,1,0,0,0,0,358447.802000000141561,5714317.655999999493361,6.957840730000044,51.562152142000059,0,05240619701300337146
05,5,62,020,2024,06,13,4,3,5,3,0,0,1,0,0,0,0,371938.574699999764562,5718208.370999999344349,7.150937004000070,51.600342424000075,0,05240619701200350535
05,5,62,020,2024,06,08,4,3,0,6,0,0,1,0,0,0,0,371858.495000000111759,5716193.783999999985099,7.150517004000051,51.582219325000040,0,05240619701200329287
05,5,70,008,2024,06,14,4,3,0,7,0,0,1,0,0,1,0,435734.070399999618530,5738081.066199999302626,8.068214837000028,51.789897576000044,0,05240626301911645401
05,5,70,004,2024,06,19,3,3,5,2,0,0,1,0,0,0,1,423800.186400000005960,5736187.004399999976158,7.895634468000026,51.771372348000057,0,05240625711200599655
05,5,70,020,2024,06,15,3,2,9,7,0,0,0,0,0,1,0,438634.859000000171363,5746690.643999999389052,8.108740981000039,51.867624588000069,1,05240618711400310348
05,5,70,020,2024,06,08,3,3,5,3,0,0,1,0,0,0,0,438071.879999999888241,5747185.255000000819564,8.100476723000043,51.872008949000076,0,05240618711400280756
05,5,70,008,2024,06,08,3,2,5,3,0,0,1,0,1,0,0,432995.691999999806285,5732430.703999999910593,8.029607177000059,51.738779347000047,0,05240618711300277615
05,5,70,004,2024,06,14,3,3,5,3,0,0,1,0,0,0,0,425331.965900000184774,5729169.166799999773502,7.919336476000069,51.708490136000080,0,05240618711200305474
05,5,66,056,2024,06,12,3,3,8,1,0,0,1,0,0,0,0,418146.664800000376999,5802437.544399999082088,7.797827713000061,52.366093613000032,0,05240618709700293033
05,5,66,068,2024,06,23,3,2,8,7,2,0,1,0,0,0,0,375532.867300000041723,5783100.684699999168515,7.179384132000052,52.184311997000066,1,05240618709300316268
05,5,66,084,2024,06,15,3,3,5,2,0,1,1,0,0,0,0,386784.666000000201166,5779102.478000000119209,7.345223076000025,52.150804677000053,1,05240618709300305701
05,5,66,012,2024,06,15,3,3,2,1,0,0,1,0,0,0,0,404715.952999999746680,5774499.753000000491738,7.608508187000041,52.112820166000063,1,05240618709110306147
05,5,58,016,2024,06,18,3,3,5,3,0,0,1,0,0,0,0,380951.129999999888241,5742305.971000000834465,7.272771209000041,51.818892781000045,1,05240618706100309978
05,5,58,012,2024,06,16,3,3,8,1,0,0,1,0,0,0,0,377616.945700000040233,5756713.490800000727177,7.219311653000034,51.947650138000029,1,05240618706000305969
05,5,54,032,2024,06,14,3,2,5,3,0,0,1,0,0,0,0,323376.599000000394881,5743322.371999999508262,6.437683429000060,51.812796741000056,1,05240618705000309349
05,5,54,052,2024,06,12,3,3,8,1,0,0,1,0,0,0,0,380771.956399999558926,5770429.318700000643730,7.260419936000062,52.071596808000038,1,05240618705000297745
05,5,62,024,2024,06,20,3,3,8,1,0,0,1,0,0,0,0,372006.761400000192225,5728678.543299999088049,7.148089898000023,51.694451367000056,1,05240618702340313902
05,5,15,000,2024,06,16,3,3,2,6,0,0,1,0,1,0,0,404977.081299999728799,5762081.431299999356270,7.615775208000059,52.001246267000056,1,05240618702100311603
05,5,15,000,2024,06,17,3,3,0,1,0,1,0,0,0,0,0,404195.277099999599159,5756351.111099999397993,7.605989768000029,51.949605900000051,1,05240618702100309372
05,5,15,000,2024,06,18,3,3,0,2,0,1,0,0,0,0,0,405021.112700000405312,5758076.364199999719858,7.617525351000040,51.965254806000075,1,05240618702100309086
05,5,15,000,2024,06,15,3,3,5,3,0,0,1,0,0,0,0,411061.028800000436604,5759226.809699999168515,7.705116794000048,51.976594981000062,1,05240618702100306606
05,5,15,000,2024,06,15,3,3,5,2,0,0,1,0,1,0,0,405972.618999999947846,5752311.448000000789762,7.632946998000023,51.913598688000036,1,05240618702100306224
05,5,15,000,2024,06,10,3,3,0,2,0,1,0,0,1,0,0,404787.301099999807775,5756764.686000000685453,7.614486724000074,51.953424935000044,0,05240618702100282527
05,5,62,024,2024,06,15,3,3,2,6,0,0,1,0,0,0,0,370021.402499999850988,5725207.644400000572205,7.120672691000038,51.662803559000054,1,05240618701500306075
05,5,62,032,2024,06,01,3,3,5,3,2,1,1,0,0,0,0,376164.658400000073016,5715346.012599999085069,7.212934250000046,51.575562864000062,0,05240618701120017000
05,5,13,000,2024,06,15,3,3,6,2,0,0,1,1,0,0,0,368920.484000000171363,5716037.826999999582767,7.108195132000048,51.580142130000070,1,05240618700000306872
05,5,66,076,2024,06,07,6,3,0,2,0,1,0,0,0,0,0,396788.702200000174344,5787807.108200000599027,7.488735360000021,52.230998281000041,0,05240621709500818229
05,5,12,000,2024,07,12,5,2,9,7,0,0,1,0,0,0,0,356981.322300000116229,5723118.903100000694394,6.933109875000071,51.640867783000033,0,05240711702340241914
05,5,15,000,2024,07,17,5,3,6,6,0,1,0,1,0,0,0,406110.313599999994040,5756710.660700000822544,7.633747702000051,51.953164262000030,0,05240711702100244941
05,5,62,008,2024,07,22,5,3,0,1,2,0,0,0,0,0,1,384372.118999999947846,5721399.259199999272823,7.329323960000067,51.631711212000027,0,05240711701910251725
05,5,62,020,2024,07,12,5,2,5,3,0,1,1,0,0,0,0,371443.645999999716878,5715769.477499999105930,7.144688143000053,51.578311656000039,0,05240711701200235522
05,5,62,032,2024,07,17,5,3,5,3,0,1,1,0,0,0,0,375964.326999999582767,5715008.105000000447035,7.210164102000022,51.572481970000069,0,05240711701120246585
05,5,62,032,2024,07,15,5,3,3,5,0,1,1,0,0,0,0,375096.263000000268221,5720509.253900000825524,7.195685966000042,51.621729810000033,0,05240711701110293767
05,5,13,000,2024,07,17,5,3,5,2,0,0,1,0,0,0,0,369238.214999999850988,5707590.551999999210238,7.115916727000069,51.504302058000064,0,05240711700000244583
05,5,70,008,2024,07,12,4,3,5,3,0,0,1,0,0,0,0,433246.541299999691546,5734313.568299999460578,8.032878122000056,51.755736357000046,0,05240710711300186100
05,5,70,036,2024,07,10,4,3,5,3,0,0,1,0,0,0,0,433925.211699999868870,5760454.429500000551343,8.037705755000047,51.990820316000054,0,05240710711100180547
05,5,66,028,2024,07,17,4,3,3,1,0,1,1,0,0,0,0,420183.215300000272691,5791006.702099999412894,7.830443268000067,52.263646811000058,0,05240710709700197203
05,5,66,076,2024,07,08,4,3,0,2,0,1,0,0,0,0,1,393134.170199999585748,5793575.981799999251962,7.433419362000052,52.282147232000057,1,05240710709500242887
05,5,66,060,2024,07,17,4,3,0,1,0,1,0,0,0,0,0,388433.412899999879301,5788759.748800000175834,7.366131077000034,52.237930202000030,1,05240710709500200402
05,5,66,076,2024,07,18,4,3,0,2,0,1,0,0,0,0,0,395094.093999999575317,5791870.979000000283122,7.462669553000069,52.267201436000050,1,05240710709500199904
05,5,66,024,2024,07,00,4,3,9,7,2,0,1,0,0,0,0,386756.722599999979138,5773097.935100000351667,7.346813325000028,52.096836012000040,1,05240710709300159569
05,5,58,024,2024,07,07,4,2,8,1,0,0,1,0,0,0,0,394452.489099999889731,5739154.365599999204278,7.469536125000047,51.793279262000055,1,05240710706300168433
05,5,54,004,2024,07,14,4,3,5,2,0,0,1,0,0,0,0,364456.453800000250340,5766324.171599999070168,7.024143281000022,52.030957418000071,0,05240710705000192610
05,5,62,014,2024,07,19,4,3,0,1,0,0,0,0,1,0,0,357625.071899999864399,5713647.699300000444055,6.946250757000030,51.555924924000067,0,05240710702340202398
05,5,62,004,2024,07,16,4,3,2,6,0,0,1,0,0,0,0,382283.144000000320375,5718221.166600000113249,7.300222779000023,51.602714612000057,0,05240710702340197146
05,5,15,000,2024,07,21,4,3,6,4,0,1,0,1,0,0,0,406724.746000000275671,5757078.944000000134110,7.642586026000060,51.956577968000033,0,05240710702100203615
05,5,62,012,2024,07,15,4,3,0,1,0,0,0,0,0,0,1,358672.879300000146031,5726895.564899999648333,6.956012465000072,51.675231567000026,0,05240710701610196255
05,5,12,000,2024,07,17,4,3,2,2,0,0,1,0,1,0,0,355262.578999999910593,5715035.194000000134110,6.911624852000045,51.567791293000028,0,05240710701400198297
05,5,13,000,2024,07,17,4,2,1,6,0,0,1,0,0,0,0,370180.346400000154972,5714550.284099999815226,7.126917297000034,51.567065465000042,0,05240710700000199013
05,5,13,000,2024,07,09,4,3,2,6,0,0,1,0,0,0,0,367550.055700000375509,5709366.159299999475479,7.090940198000055,51.519865823000032,1,05240710700000177178
05,5,66,028,2024,07,16,4,3,0,7,0,1,0,0,0,0,0,415953.593399999663234,5792084.665999999269843,7.768213137000032,52.272705978000033,0,05240710709700197219
05,5,13,000,2024,07,11,5,3,2,6,0,0,1,0,0,0,0,364368.798200000077486,5708871.713400000706315,7.045305972000051,51.514667587000076,0,05240711702340231303
05,5,70,028,2024,07,17,3,1,5,3,0,0,1,0,1,0,0,445979.423399999737740,5737780.143500000238419,8.216791633000071,51.788275428000077,0,05240709711400154391
05,5,70,028,2024,07,13,3,3,0,2,0,1,1,0,0,0,0,441096.699000000022352,5742363.433000000193715,8.145229297000071,51.828987535000067,0,05240709711400149577
05,5,70,032,2024,07,15,3,3,2,6,0,0,1,0,0,0,0,421121.810999999754131,5765689.482200000435114,7.850072069000021,52.036208095000063,0,05240709711100150535
05,5,70,044,2024,07,14,3,3,2,6,0,0,1,0,0,0,0,418350.011199999600649,5761955.322499999776483,7.810563272000024,52.002240548000032,0,05240709711100147599
05,5,70,036,2024,07,08,3,3,5,3,0,1,1,0,0,0,0,434873.228799999691546,5759502.806099999696016,8.051691059000063,51.982377443000075,0,05240709711100130421
05,5,66,076,2024,07,23,3,3,9,1,2,0,1,0,0,0,0,394717.317999999970198,5793768.672399999573827,7.456557853000049,52.284184521000043,1,05240709709500158683
05,5,54,008,2024,07,18,3,3,0,6,0,1,0,0,0,0,0,336216.435999999754131,5743146.021999999880791,6.623857661000045,51.815122018000068,0,05240709705000152572
05,5,54,044,2024,07,15,3,3,4,6,0,0,1,0,0,0,0,361608.511099999770522,5741269.517599999904633,6.992724338000073,51.805124670000055,0,05240709705000150553
05,5,54,020,2024,07,16,3,3,5,3,0,1,1,0,0,0,0,363799.826999999582767,5786644.426999999210238,7.006444567000074,52.213381100000049,0,05240709705000149203
05,5,54,040,2024,07,13,3,1,5,3,0,0,1,0,0,0,1,352527.938000000081956,5735640.791999999433756,6.863503549000029,51.752229227000043,0,05240709705000147136
05,5,54,020,2024,07,07,3,2,0,2,0,0,1,0,0,0,0,363977.194600000046194,5778969.564799999818206,7.012116995000042,52.144464282000058,0,05240709705000119320
05,5,15,000,2024,07,15,3,3,5,2,0,1,1,0,0,0,0,406087.201999999582767,5758927.321000000461936,7.632805339000072,51.973084709000034,0,05240709702100149731
05,5,15,000,2024,07,16,3,3,5,3,0,1,1,0,0,0,0,403588.576999999582767,5758614.383999999612570,7.596529570000030,51.969844094000052,0,05240709702100149329
05,5,15,000,2024,07,09,3,3,4,6,0,1,0,0,0,0,0,405900.997000000439584,5760101.257999999448657,7.629773442000044,51.983605050000051,0,05240709702100123010
05,5,62,036,2024,07,14,3,3,5,3,0,0,1,0,0,0,0,392628.770999999716878,5720155.902599999681115,7.448954411000045,51.622172107000040,0,05240709701930147441
05,5,62,004,2024,07,15,3,3,1,6,0,0,1,0,0,0,1,385907.816300000064075,5712813.262599999085069,7.354294688000039,51.554854974000079,0,05240709701800148444
05,5,62,012,2024,07,21,3,2,8,1,1,0,1,0,0,0,0,361949.428100000135601,5737070.019500000402331,6.999336556000060,51.767473113000051,0,05240709701620158268
05,5,12,000,2024,07,08,3,3,5,2,0,1,1,0,0,0,0,355531.400200000032783,5710128.452199999243021,6.917515409000032,51.523769685000048,0,05240709701400120897
05,5,13,000,2024,07,19,3,3,6,2,0,0,1,1,0,0,0,367473.040400000289083,5708459.968299999833107,7.090171528000042,51.511704089000034,0,05240709700000155001
05,5,70,028,2024,07,16,2,3,4,2,0,0,1,0,0,0,0,440595.741499999538064,5741975.754499999806285,8.138027109000063,51.825449175000074,0,05240708711400102831
05,5,70,052,2024,07,16,2,3,6,2,0,0,1,1,0,0,0,430917.444699999876320,5755882.192399999126792,7.994828756000061,51.949351663000073,0,05240708711100103346
05,5,66,040,2024,07,17,2,3,4,7,0,0,1,0,0,0,0,421185.327999999746680,5779623.285000000149012,7.847774719000029,52.161467973000072,0,05240708709800104256
05,5,66,020,2024,07,18,2,3,8,1,0,0,0,0,0,0,1,404742.781299999915063,5810823.284800000488758,7.598639066000032,52.439295733000051,0,05240708709700105097
05,5,66,028,2024,07,08,2,3,9,1,0,1,0,0,0,0,0,417795.248100000433624,5790075.430700000375509,7.795687401000066,52.254924276000054,0,05240708709700073766
05,5,66,084,2024,07,22,2,3,6,2,1,0,1,1,0,0,0,389826.780000000260770,5775787.855000000447035,7.390742013000022,52.121630798000069,0,05240708709300109952
05,5,66,068,2024,07,11,2,3,0,1,0,1,0,0,0,0,0,375361.599600000306964,5785757.422900000587106,7.175903005000066,52.208147038000050,0,05240708709300084601
05,5,66,012,2024,07,19,2,3,5,2,0,0,1,0,0,0,0,404396.638000000268221,5772429.480000000447035,7.604427571000031,52.094157172000052,0,05240708709110107182
05,5,54,020,2024,07,09,2,2,6,4,0,0,1,1,0,0,0,364155.970599999651313,5787807.550799999386072,7.011187076000056,52.223919918000036,0,05240708705000075561
05,5,12,000,2024,07,15,2,2,2,6,0,0,0,0,0,1,0,355323.429299999959767,5712910.177100000903010,6.913376575000029,51.548712213000044,0,05240708702340103997
05,5,15,000,2024,07,17,2,3,0,3,0,1,1,0,0,0,0,405272.590099999681115,5750584.928400000557303,7.623247155000058,51.897961233000046,0,05240708702100103652
05,5,15,000,2024,07,15,2,3,1,5,0,0,1,1,0,0,0,403561.395999999716878,5754084.128699999302626,7.597405140000035,51.929119917000037,0,05240708702100099512
05,5,15,000,2024,07,06,2,2,5,3,0,0,1,0,1,0,0,400626.302000000141561,5756682.298000000417233,7.553981052000040,51.951956488000064,0,05240708702100067595
05,5,13,000,2024,07,19,2,3,5,3,0,0,1,0,0,0,0,369256.372700000181794,5707551.868499999865890,7.116192540000043,51.503958615000045,0,05240708700000106370
05,5,13,000,2024,07,14,2,3,0,1,0,1,0,0,0,0,0,367385.465099999681115,5708730.767899999395013,7.088808377000021,51.514117136000038,0,05240708700000100616
05,5,70,028,2024,07,11,1,3,5,2,0,0,1,0,0,0,0,440283.088000000454485,5740388.733999999240041,8.133764630000030,51.811148197000080,0,05240707711400051739
05,5,58,020,2024,07,14,1,3,0,1,0,1,0,0,0,0,0,390477.570700000040233,5759624.392899999395013,7.405424208000056,51.976492829000051,0,05240707706000054444
05,5,58,008,2024,07,11,1,3,3,6,0,1,1,0,0,0,0,391051.023900000378489,5762906.556500000879169,7.412726944000042,52.006104069000060,0,05240707706000054352
05,5,54,032,2024,07,14,1,3,0,1,0,0,0,0,1,0,0,327830.875400000251830,5746392.604100000113249,6.500708664000058,51.841765198000076,0,05240707705000054127
05,5,66,012,2024,07,19,1,3,3,6,0,0,1,0,0,0,0,406141.147499999962747,5769855.584799999371171,7.630593497000064,52.071320989000071,0,05240707702350060060
05,5,15,000,2024,07,12,1,3,0,7,0,1,1,0,0,0,0,407234.519700000062585,5756891.467299999669194,7.650053036000031,51.954978104000077,0,05240707702100052480
05,5,13,000,2024,07,14,1,3,4,6,0,0,1,0,0,0,0,361762.722400000318885,5717404.051000000908971,7.004418471000065,51.590709202000028,0,05240707700000055594
05,5,70,052,2024,07,17,3,3,5,3,0,1,1,0,0,0,0,424248.016900000162423,5757627.325799999758601,7.897420408000073,51.964170953000064,0,05240709711100151279
05,5,58,008,2024,07,14,7,2,5,3,0,1,1,0,0,0,0,386421.472199999727309,5762229.489499999210238,7.345533412000066,51.999091216000068,0,05240706706000038361
05,5,58,024,2024,07,10,7,3,5,3,0,1,1,0,0,0,0,392065.561499999836087,5736157.678200000897050,7.435870674000057,51.765889705000063,0,05240706706000031396
05,5,54,028,2024,07,15,7,3,5,3,0,0,1,0,0,0,1,357090.552000000141561,5743058.893999999389052,6.926501890000054,51.820066397000062,0,05240706705000036673
05,5,54,028,2024,07,12,7,3,2,1,0,0,1,0,0,0,0,362675.594299999997020,5746095.803799999877810,7.006277048000072,51.848755717000074,0,05240706702340036981
05,5,12,000,2024,07,09,7,3,5,3,0,1,1,0,0,0,0,357790.833100000396371,5710982.941500000655651,6.949717062000047,51.532021500000042,0,05240706701400029962
05,5,62,014,2024,07,13,7,3,3,6,0,0,1,0,0,1,0,360249.313900000415742,5713605.533700000494719,6.984096585000032,51.556202229000064,0,05240706701300038299
05,5,13,000,2024,07,12,7,3,2,6,0,0,1,0,0,0,0,370064.199000000022352,5709195.722999999299645,7.127219477000040,51.518918082000027,0,05240706700000034083
05,5,13,000,2024,07,10,7,3,1,7,0,0,0,0,1,0,1,366858.844999999739230,5705387.973999999463558,7.082484962000024,51.483952637000073,0,05240706700000034081
05,5,13,000,2024,07,14,5,3,1,5,0,0,1,0,0,0,0,365045.925599999725819,5717764.433000000193715,7.051646056000038,51.594743714000060,0,05240711700000240351
05,5,70,004,2024,07,15,6,3,2,6,0,0,1,0,0,0,0,425682.613099999725819,5735663.641200000420213,7.923023242000056,51.766920552000045,0,05240705711200018066
05,5,70,052,2024,07,03,6,3,0,1,2,0,1,0,0,0,0,431350.235299999825656,5755919.906300000846386,8.001117415000067,51.949744285000065,0,05240705711100983918
05,5,66,076,2024,07,11,6,2,8,1,0,0,0,0,1,0,0,397091.878100000321865,5787417.211400000378489,7.493291584000076,52.227550828000062,0,05240705709500005616
05,5,58,020,2024,07,14,6,3,5,3,0,0,1,0,0,0,0,392763.088000000454485,5755489.892999999225140,7.439976979000051,51.939779010000052,0,05240705706100018762
05,5,15,000,2024,07,16,6,3,5,3,0,0,1,0,0,0,0,407556.509999999776483,5758173.495999999344349,7.654392278000046,51.966555286000073,0,05240705702100019810
05,5,15,000,2024,07,09,6,3,2,7,0,0,1,0,0,0,0,407676.283999999985099,5756832.741000000387430,7.656495567000036,51.954523756000071,0,05240705702100001771
05,5,62,008,2024,07,16,6,3,8,7,0,0,1,0,0,0,0,385073.569000000134110,5723044.182000000029802,7.338914225000053,51.646639071000038,0,05240705701910019055
05,5,62,024,2024,07,14,6,3,2,2,0,0,1,0,0,0,0,369976.723100000061095,5727395.388399999588728,7.119212672000060,51.682453637000037,0,05240705701500015137
05,5,62,024,2024,07,13,6,3,5,3,0,1,1,0,0,0,0,374459.096900000236928,5723934.309299999848008,7.185258151000028,51.652369031000035,0,05240705701500014815
05,5,62,024,2024,07,11,6,3,5,3,0,1,1,0,0,0,0,368297.107300000265241,5724034.167300000786781,7.096198357000048,51.651856635000058,0,05240705701500005505
05,5,62,014,2024,07,18,6,3,5,3,0,0,1,0,0,0,0,362150.677099999971688,5712604.404200000688434,7.011898200000076,51.547673677000034,0,05240705701300020928
05,5,62,014,2024,07,14,6,3,5,2,0,1,1,0,0,0,0,360965.114299999549985,5715190.466800000518560,6.993788275000043,51.570621491000054,0,05240705701300015162
05,5,62,020,2024,07,09,6,3,5,7,0,0,1,0,0,0,1,370320.876500000245869,5717580.281199999153614,7.127824779000036,51.594327783000040,0,05240705701200999998
05,5,13,000,2024,07,07,6,3,2,6,0,0,1,0,0,0,1,368576.827999999746680,5707582.498199999332428,7.106395707000047,51.504076266000027,0,05240705700000996953
05,5,13,000,2024,07,20,6,3,0,7,0,0,1,0,0,0,1,363903.208599999547005,5710236.279300000518560,7.038073162000046,51.526818183000046,0,05240705700000023270
05,5,62,032,2024,07,10,5,2,5,3,0,0,1,0,0,0,1,375617.821899999864399,5719698.312599999830127,7.203504090000024,51.614557294000065,0,05240711701110222632
05,5,70,040,2024,07,10,5,3,5,3,0,0,1,0,1,0,0,413008.998200000263751,5750492.169800000265241,7.735679383000047,51.898388903000068,1,05240704711200959313
05,5,66,028,2024,07,22,5,2,8,7,2,0,1,0,0,0,0,412966.863499999977648,5795197.038799999281764,7.723647328000027,52.300216212000066,0,05240704709800982915
05,5,66,072,2024,07,19,5,2,2,1,0,0,1,0,1,0,0,413308.627000000327826,5800886.539000000804663,7.727191072000039,52.351408859000060,0,05240704709700978314
05,5,66,028,2024,07,12,5,3,3,1,0,1,1,0,0,0,0,412334.692999999970198,5791173.189600000157952,7.715425419000042,52.263948267000046,0,05240704709700973146
05,5,66,060,2024,07,21,5,3,6,7,0,0,1,1,0,0,0,389044.888000000268221,5788843.572000000625849,7.375054567000063,52.238807099000041,0,05240704709500981722
05,5,66,012,2024,07,13,5,3,2,1,0,1,0,0,0,0,0,405861.242999999783933,5767052.619500000029802,7.627283551000062,52.046079630000065,1,05240704709110965435
05,5,58,032,2024,07,21,5,3,0,1,0,0,0,0,1,0,0,385983.652200000360608,5754864.738600000739098,7.341604044000064,51.932812734000038,0,05240704706000982774
05,5,54,004,2024,07,15,5,3,5,3,0,0,1,0,0,0,0,361826.660000000149012,5773028.982999999076128,6.983120758000041,52.090553253000053,0,05240704705000976382
05,5,54,020,2024,07,16,5,3,6,4,0,0,1,1,0,0,0,366128.001000000163913,5782699.403999999165535,7.042058871000052,52.178504041000053,0,05240704705000974298
05,5,54,012,2024,07,12,5,3,0,7,0,0,1,0,0,0,0,348583.609100000001490,5743980.309599999338388,6.802765450000038,51.826104910000026,1,05240704705000960406