ULAND,UREGBEZ,UKREIS,UGEMEINDE,UJAHR,UMONAT,USTUNDE,UWOCHENTAG,UKATEGORIE,UART,UTYP1,ULICHTVERH,IstRad,IstPKW,IstFuss,IstKrad,IstGkfz,IstSonstige,LINREFX,LINREFY,XGCSWGS84,YGCSWGS84,STRZUSTAND,UIDENTSTLAE
05,5,15,000,2024,07,17,5,3,0,3,0,1,1,0,0,0,0,405797.253999999724329,5755749.086999999359250,7.629457104000039,51.944468253000082,0,05240704702100975790
05,5,15,000,2024,07,10,5,2,0,1,0,1,0,0,0,0,0,404763.534099999815226,5762544.571599999442697,7.612536660000046,52.005372527000077,1,05240704702100950888
05,5,15,000,2024,07,09,5,2,1,5,0,0,1,0,0,1,0,407063.153800000436604,5757369.369000000879169,7.647430745000065,51.959245119000059,1,05240704702100949979
05,5,62,008,2024,07,14,5,3,5,2,0,1,1,0,0,0,0,384111.815799999982119,5721159.679899999871850,7.325643934000027,51.629504389000033,0,05240704701910974164
05,5,62,024,2024,07,21,5,3,9,1,1,0,1,0,0,0,0,374373.839800000190735,5724906.780200000852346,7.183676952000042,51.661089548000064,0,05240704701500980649
05,5,62,020,2024,07,15,5,3,5,3,0,1,1,0,0,0,0,367248.012000000104308,5720113.615199999883771,7.082529239000053,51.616377936000049,0,05240704701200972983
05,5,54,032,2024,07,19,5,2,3,6,0,0,1,0,0,1,0,323137.400100000202656,5744051.723099999129772,6.433844726000075,51.819272307000062,0,05240704500630009418
05,5,70,036,2024,07,07,4,3,5,3,0,1,0,0,1,0,0,430662.142300000414252,5761697.916500000283122,7.989939597000046,52.001600925000048,0,05240703711100898685
05,5,66,048,2024,07,19,4,3,5,2,0,0,1,0,0,0,1,428115.851999999955297,5796327.635999999940395,7.945522741000048,52.312570692000065,1,05240703709700958105
05,5,66,084,2024,07,09,4,3,2,6,0,0,1,0,0,0,1,389998.893299999646842,5775431.988700000569224,7.393369962000065,52.118466818000059,0,05240703709300908798
05,5,66,004,2024,07,14,4,3,2,6,0,0,1,0,0,0,0,396957.854799999855459,5763951.913499999791384,7.498435926000070,52.016627500000027,1,05240703709110926072
05,5,66,008,2024,07,11,4,3,5,3,0,0,1,0,0,0,0,399146.951799999922514,5781411.263499999418855,7.525157909000029,52.173951560000035,0,05240703709110911223
05,5,54,016,2024,07,15,4,3,5,3,0,1,1,0,0,0,0,362673.143000000156462,5757227.083000000566244,7.001807440000050,51.948776933000033,1,05240703705000926576
05,5,15,000,2024,07,17,4,3,2,6,0,0,1,0,0,0,0,405452.847299999557436,5766764.145300000905991,7.621410045000061,52.043417232000081,0,05240703702100929124
05,5,62,012,2024,07,13,4,2,5,3,0,1,0,0,0,1,0,359453.932400000281632,5726240.952500000596046,6.967564399000025,51.669545314000061,1,05240703701610918743
05,5,12,000,2024,07,12,4,3,5,3,0,1,1,0,0,0,0,356603.838100000284612,5711602.230499999597669,6.932363434000024,51.537286103000042,1,05240703701400914807
05,5,62,014,2024,07,06,4,3,2,6,0,0,1,0,0,0,0,360532.851999999955297,5714084.372999999672174,6.987993972000027,51.560575291000077,0,05240703701300898425
05,5,62,032,2024,07,20,4,3,6,7,0,0,1,1,0,0,0,377024.792500000447035,5720236.571200000122190,7.223625988000038,51.619703862000051,0,05240703701110971394
05,5,62,032,2024,07,22,4,2,0,1,1,1,0,0,0,0,0,375600.770800000056624,5719706.628100000321865,7.203254994000076,51.614628258000039,0,05240703701110934355
05,5,66,064,2024,07,09,2,3,0,3,0,1,1,0,0,0,0,396051.983000000007451,5771526.315999999642372,7.482936003000020,52.084535237000068,0,05240708709110078865
05,5,66,028,2024,07,15,3,3,5,7,0,0,1,0,0,0,0,412606.942999999970198,5792002.586999999359250,7.719198820000031,52.271446467000032,1,05240702709700883262
05,5,66,084,2024,07,13,3,3,2,6,0,0,1,0,0,0,0,389821.163900000043213,5775813.231000000610948,7.390651799000068,52.121857739000063,1,05240702709300875181
05,5,66,012,2024,07,06,3,2,5,3,0,0,1,0,0,0,0,401706.190999999642372,5778078.653000000864267,7.563535258000059,52.144460290000040,1,05240702709110843938
05,5,66,080,2024,07,06,3,3,3,6,0,0,1,0,0,0,0,408449.515599999576807,5783594.333200000226498,7.660563753000076,52.195195421000051,1,05240702709110841201
05,5,58,008,2024,07,16,3,3,5,3,0,0,1,0,0,0,0,382248.703999999910593,5759609.888399999588728,7.285678148000045,51.974679776000073,0,05240702706200879529
05,5,54,032,2024,07,09,3,3,2,6,0,0,1,0,0,0,0,323713.139999999664724,5743899.596000000834465,6.442266743000062,51.818087752000054,1,05240702705000860527
05,5,54,012,2024,07,08,3,3,2,6,0,0,1,0,0,0,0,353208.554100000299513,5745460.230200000107288,6.869200374000059,51.840636228000051,1,05240702705000858871
05,5,54,008,2024,07,08,3,3,5,2,0,0,0,0,1,0,1,334701.588600000366569,5745906.793199999257922,6.600583070000027,51.839477048000049,0,05240702705000843747
05,5,13,000,2024,07,11,3,3,8,7,0,0,1,0,0,0,0,363993.060999999754131,5717701.558100000023842,7.036479622000058,51.593925496000054,1,05240702702340889872
05,5,62,014,2024,07,09,3,3,2,6,0,0,0,0,0,1,1,357715.779900000430644,5713616.385600000619888,6.947570980000023,51.555666428000052,1,05240702702340860064
05,5,62,036,2024,07,16,3,3,5,3,0,1,1,0,0,0,0,389330.156700000166893,5720126.760600000619888,7.401332718000049,51.621271167000032,1,05240702701930878376
05,5,62,028,2024,07,20,3,3,8,1,0,0,1,0,0,0,0,378318.690499999560416,5722044.720699999481440,7.241678502000070,51.636235458000044,0,05240702701920885806
05,5,62,004,2024,07,05,3,2,9,1,0,0,1,0,0,0,0,384283.036299999803305,5716738.785399999469519,7.329575924000039,51.589805822000073,0,05240702701800842282
05,5,12,000,2024,07,13,3,3,5,3,0,0,1,0,0,0,1,356667.110299999825656,5709654.252800000831485,6.934067833000029,51.519797973000038,0,05240702701400925748
05,5,12,000,2024,07,14,3,3,5,3,0,0,1,0,0,0,0,360234.326399999670684,5711386.529100000858307,6.984761970000022,51.536258346000068,0,05240702701400876062
05,5,62,014,2024,07,10,3,3,3,6,0,0,1,0,0,0,1,361627.651999999769032,5714305.599999999627471,7.003690536000022,51.562832921000052,0,05240702701300869745
05,5,62,020,2024,07,13,3,3,3,2,0,0,0,0,1,0,1,368506.375300000421703,5718142.927999999374151,7.101433349000047,51.598963480000066,0,05240702701200917341
05,5,62,020,2024,07,11,3,3,5,3,0,0,1,0,0,0,0,368192.055300000123680,5718225.730799999088049,7.096866628000043,51.599634130000027,1,05240702701200860787
05,5,62,032,2024,07,17,3,3,5,2,0,0,1,0,1,0,0,374164.563000000081956,5719175.926799999549985,7.182713000000035,51.609539622000057,1,05240702701110880085
05,5,62,032,2024,07,13,3,3,0,2,0,0,0,0,1,0,0,374036.532999999821186,5719049.695800000801682,7.180910378000021,51.608376552000038,1,05240702701110868958
05,5,62,012,2024,07,15,3,3,0,1,0,0,0,0,1,0,0,360365.490100000053644,5726912.673800000920892,6.980469050000067,51.675808602000075,1,05240702701610879982
05,5,58,044,2024,07,11,6,3,2,1,0,0,1,0,0,0,0,396541.748300000093877,5748738.763399999588728,7.496953442000063,51.879815313000051,0,05240705706300011241
05,5,70,020,2024,07,05,2,3,5,2,1,0,1,0,0,0,0,432769.499099999666214,5745292.722100000828505,8.023838104000049,51.854381392000050,1,05240701711400789575
05,5,70,048,2024,07,10,2,3,0,1,0,0,1,0,0,0,0,447174.122000000439584,5733535.620100000873208,8.234756692000076,51.750229095000066,0,05240701711300806170
05,5,70,048,2024,07,05,2,2,5,3,1,0,1,0,0,0,0,443802.729100000113249,5731372.300799999386072,8.186272822000035,51.730451799000036,1,05240701711300792785
05,5,70,004,2024,07,14,2,2,4,6,0,0,1,0,0,0,0,424771.089900000020862,5729264.876700000837445,7.911199885000030,51.709275616000070,0,05240701711200829304
05,5,70,004,2024,07,14,2,3,5,3,0,1,1,0,0,0,0,423851.603500000201166,5736386.907099999487400,7.896335671000031,51.773176398000032,0,05240701711200822774
05,5,66,028,2024,07,12,2,3,0,2,0,1,1,0,0,0,0,413775.268600000068545,5791355.499800000339746,7.736482220000028,52.265814672000033,1,05240701709700813094
05,5,66,092,2024,07,03,2,2,9,1,2,0,1,0,0,0,0,421675.000099999830127,5797694.123400000855327,7.850742691000050,52.323972508000054,1,05240701709700786918
05,5,58,016,2024,07,13,2,3,8,1,0,0,1,0,0,0,0,381005.071000000461936,5743048.352600000798702,7.273298314000044,51.825576160000026,1,05240701706000815842
05,5,54,012,2024,07,12,2,3,3,3,0,0,0,0,0,0,1,352844.035000000149012,5746080.551000000908971,6.863649113000065,51.846113839000054,0,05240701705000884186
05,5,66,032,2024,07,00,2,2,2,6,2,0,1,0,0,0,0,413059.168600000441074,5777742.528699999675155,7.729486496000050,52.143342744000051,1,05240701702350785700
05,5,54,036,2024,07,15,2,3,9,1,0,0,0,0,0,0,1,367970.904699999839067,5770899.182000000029802,7.073574899000050,52.072915275000071,1,05240701702340827417
05,5,15,000,2024,07,14,2,2,0,6,0,1,0,0,0,0,0,404045.681099999696016,5753682.706599999219179,7.604558202000021,51.925595469000029,0,05240701702100914627
05,5,15,000,2024,07,16,2,3,5,3,0,1,1,0,0,0,0,408145.239000000059605,5761316.039000000804663,7.662117916000057,51.994899743000076,1,05240701702100831964
05,5,15,000,2024,07,16,2,3,5,3,0,0,1,0,0,0,0,408692.729000000283122,5756399.982999999076128,7.671397647000049,51.950801679000051,0,05240701702100829462
05,5,15,000,2024,07,14,2,3,0,7,0,0,1,0,0,0,0,408662.826100000180304,5753497.883700000122190,7.671733349000021,51.924710860000062,1,05240701702100825095
05,5,15,000,2024,07,06,2,3,0,1,0,1,0,0,0,0,0,406630.783999999985099,5758698.302999999374151,7.640778758000067,51.971117779000053,1,05240701702100792269
05,5,62,036,2024,07,17,2,3,2,6,0,0,1,0,0,0,0,390097.980000000447035,5720332.687000000849366,7.412355004000062,51.623272517000032,0,05240701701930829730
05,5,62,008,2024,07,12,2,3,4,6,0,0,1,0,0,0,0,385742.373900000005960,5721409.284499999135733,7.349110226000050,51.632081281000069,0,05240701701910817156
05,5,62,012,2024,07,14,2,3,5,2,0,1,1,0,0,0,0,359669.532100000418723,5725189.857000000774860,6.971102163000069,51.660154239000065,0,05240701701610824738
05,5,12,000,2024,07,14,2,3,5,3,0,0,1,0,0,0,0,356130.038999999873340,5718657.323000000789762,6.922648036000055,51.600560598000072,0,05240701701400825197
05,5,66,012,2024,07,14,7,3,8,1,0,0,1,0,0,0,0,408223.383100000210106,5772807.791600000113249,7.660169819000032,52.098205502000042,1,05240706709110037007
05,5,70,028,2024,06,04,1,3,9,1,1,0,1,0,0,0,0,444405.183799999766052,5739552.923100000247359,8.193685962000075,51.804059156000051,1,05240630711400769830
05,5,58,032,2024,06,10,1,2,9,1,0,0,1,0,0,0,0,382390.533800000324845,5753536.744599999859929,7.289819811000029,51.920130310000047,1,05240630706000774655
05,5,54,068,2024,06,17,1,3,5,2,0,0,0,0,1,0,1,354871.046199999749660,5774026.618100000545382,6.881240074000061,52.097736552000072,0,05240630705000779633
05,5,54,028,2024,06,17,1,3,5,3,0,0,1,0,1,0,0,358487.325000000186265,5742892.264000000432134,6.946821885000077,51.818924594000066,0,05240630705000779492
05,5,54,020,2024,06,02,1,3,9,7,2,0,1,0,0,0,0,369456.246000000275671,5785572.228000000119209,7.089599768000028,52.205115832000047,1,05240630705000767933
05,5,54,004,2024,06,00,1,3,4,2,2,0,1,0,0,0,0,358908.554600000381470,5779208.764799999073148,6.937993889000040,52.145342142000061,1,05240630705000766824
05,5,15,000,2024,06,17,1,3,5,2,0,1,0,0,0,0,1,405575.873999999836087,5757005.475999999791384,7.625892104000059,51.955723709000040,0,05240630702100779501
05,5,62,024,2024,06,15,1,3,8,1,0,0,1,0,0,0,0,366951.011300000362098,5724940.455700000748038,7.076407043000074,51.659683967000035,0,05240630701500777942
05,5,13,000,2024,07,20,2,3,3,2,1,0,1,0,0,0,1,365369.555300000123680,5715369.370600000023842,7.057233882000048,51.573298108000074,0,05240708700000109686
05,5,66,004,2024,07,09,2,3,5,3,0,0,1,0,1,0,0,394745.451999999582767,5767521.134999999776483,7.465110147000075,52.048291283000026,0,05240708709110079147
05,5,13,000,2024,07,05,5,2,8,1,0,0,1,0,0,0,0,362926.190399999730289,5720129.317900000140071,7.020138174000067,51.615483249000079,0,05240711700000212885
05,5,15,000,2024,07,08,2,3,5,3,0,0,1,0,0,0,0,403902.149000000208616,5754764.746999999508262,7.602169322000066,51.935296509000068,0,05240701702100812119
05,5,70,052,2024,06,13,7,3,0,6,0,1,0,0,0,0,1,424304.133399999700487,5757725.335699999704957,7.898215423000067,51.965059642000028,0,05240629711100755867
05,5,66,072,2024,06,20,7,3,4,6,1,1,0,0,0,0,0,412090.248599999584258,5801353.366000000387430,7.709185395000077,52.355410760000041,0,05240629709700763699
05,5,66,028,2024,06,01,7,3,8,1,0,0,1,0,0,0,0,416361.862999999895692,5792123.380000000819564,7.774185660000057,52.273116217000052,0,05240629709700746543
05,5,66,060,2024,06,15,7,3,9,1,0,1,0,0,0,0,0,389272.392400000244379,5790037.807900000363588,7.377993545000038,52.249585479000075,0,05240629709500759394
05,5,66,036,2024,06,03,7,3,5,3,2,0,1,0,0,0,0,387231.404000000096858,5769061.601999999955297,7.355074153000032,52.060657924000054,0,05240629709300749346
05,5,58,036,2024,06,17,7,2,8,1,0,0,0,0,1,0,0,389910.992999999783933,5725466.643999999389052,7.408039192000047,51.669380138000065,0,05240629706300760879
05,5,54,056,2024,06,22,7,2,0,6,2,0,0,1,0,0,1,359048.972400000318885,5764085.076500000432134,6.946292562000053,52.009491023000066,1,05240629705000766656
05,5,54,004,2024,06,10,7,3,3,2,0,1,1,0,0,0,0,362777.958999999798834,5771664.402000000700355,6.997546460000024,52.078528718000030,0,05240629705000752312
05,5,15,000,2024,06,15,7,3,0,7,0,0,1,1,0,0,0,400189.032999999821186,5756021.334300000220537,7.547812347000047,51.945937350000065,0,05240629702330231487
05,5,15,000,2024,06,02,7,3,1,5,2,0,1,0,0,0,1,405167.698200000450015,5758233.750399999320507,7.619614855000066,51.966694482000037,0,05240629702100748068
05,5,15,000,2024,06,10,7,3,6,4,0,0,1,1,0,0,0,405280.871000000275671,5756963.634400000795722,7.621611946000030,51.955297450000046,0,05240629702000752225
05,5,62,028,2024,06,13,7,3,5,2,0,0,1,0,0,0,0,378225.491999999620020,5723046.870999999344349,7.239983702000075,51.645221880000065,0,05240629701920757093
05,5,62,004,2024,06,16,7,1,4,2,0,0,1,0,1,0,0,381664.042899999767542,5714623.499399999156594,7.292500336000046,51.570250486000077,0,05240629701800760003
05,5,62,024,2024,06,11,7,2,5,3,0,1,1,0,0,0,0,368521.225999999791384,5724353.524000000208616,7.099316056000021,51.654779005000080,0,05240629701500753260
05,5,12,000,2024,06,12,7,3,5,2,0,1,1,0,0,0,0,356426.538599999621511,5710078.602099999785423,6.930429871000058,51.523550005000061,0,05240629701400754141
05,5,13,000,2024,06,15,7,3,0,7,0,0,0,0,0,0,1,369556.541299999691546,5706962.281899999827147,7.120733001000076,51.498729430000026,0,05240629700000760059
05,5,13,000,2024,06,11,7,3,2,6,0,0,1,0,0,0,0,363010.646800000220537,5711327.160000000149012,7.024790123000059,51.536405385000080,0,05240629700000753719
05,5,62,036,2024,07,16,5,2,5,3,0,1,1,0,0,0,0,387990.450000000186265,5721104.410000000149012,7.381675749000067,51.629793184000050,0,05240704701930974150
05,5,66,076,2024,07,08,2,3,2,1,0,0,1,0,0,0,0,395068.757399999536574,5792972.865399999544024,7.461955621000072,52.277099586000077,0,05240701709500797156
05,5,70,004,2024,06,17,6,3,1,6,0,0,1,0,0,0,0,422452.910000000149012,5731986.571799999102950,7.877049324000041,51.733427073000030,0,05240628711200739182
05,5,70,004,2024,06,14,6,3,5,2,0,1,1,0,0,0,0,422755.054999999701977,5735235.551000000908971,7.880702037000049,51.762675913000066,0,05240628711200732669
05,5,66,072,2024,06,10,6,3,9,7,0,0,0,0,1,0,0,412996.474000000394881,5803014.896999999880791,7.722057391000021,52.370489452000072,0,05240628709700717691
05,5,66,076,2024,06,01,6,3,0,1,2,1,0,0,0,0,0,393191.260999999940395,5793309.564600000157952,7.434340341000052,52.279763993000074,1,05240628709500700998
05,5,66,084,2024,06,15,6,3,3,2,0,0,1,0,0,0,1,385342.674999999813735,5779819.198000000789762,7.323914416000036,52.156948246000070,0,05240628709300736125
05,5,58,012,2024,06,17,6,3,4,2,0,1,1,0,0,0,0,374262.738400000147521,5754834.021900000050664,7.171221139000068,51.930012318000081,0,05240628706200742053
05,5,58,020,2024,06,13,6,3,2,6,0,0,1,0,0,0,0,390648.369900000281632,5759183.180999999865890,7.408050470000035,51.972561063000057,0,05240628706200735787
05,5,58,028,2024,06,23,6,3,9,1,2,0,1,0,0,0,0,399333.266400000080466,5732500.090700000524521,7.542211261000034,51.734367681000037,0,05240628706000747044
05,5,58,020,2024,06,10,6,2,9,1,0,0,1,0,0,0,0,395443.537399999797344,5758823.568900000303984,7.477941188000045,51.970251744000052,0,05240628706000724316
05,5,58,012,2024,06,06,6,2,9,1,0,0,1,0,0,0,0,372142.310800000093877,5753800.979699999094009,7.140781815000025,51.920246042000031,0,05240628706000708961
05,5,54,012,2024,06,20,6,3,0,1,0,1,0,0,0,0,0,347714.751799999736249,5752662.619699999690056,6.786339814000030,51.903874657000074,0,05240628705000742262
05,5,54,020,2024,06,16,6,3,9,6,0,0,1,0,0,0,1,366916.696000000461936,5784529.321299999952316,7.052868308000029,52.195137532000047,0,05240628705000739285
05,5,54,012,2024,06,09,6,2,4,6,0,0,1,0,0,0,0,354391.106999999843538,5745180.059000000357628,6.886471378000067,51.838428462000081,0,05240628705000721529
05,5,15,000,2024,06,22,6,3,1,6,2,0,1,0,0,0,0,406917.615500000305474,5755809.880400000140071,7.645735681000076,51.945203283000069,1,05240628702100745147
05,5,15,000,2024,06,20,6,3,2,6,0,0,1,0,0,0,0,404761.142699999734759,5756359.614900000393391,7.614218450000067,51.949779515000046,0,05240628702100742976
05,5,15,000,2024,06,17,6,3,9,7,0,0,1,0,0,0,0,401669.935899999924004,5751963.221300000324845,7.570510773000024,51.909725687000048,0,05240628702100741094
05,5,15,000,2024,06,09,6,3,1,1,0,1,1,0,0,0,0,406852.039900000207126,5757710.936100000515580,7.644266568000035,51.962279968000075,0,05240628702100715385
05,5,62,028,2024,06,15,6,3,2,6,0,0,1,0,1,0,0,377909.380499999970198,5723222.346999999135733,7.235356007000064,51.646730379000076,0,05240628701920737662
05,5,62,012,2024,06,09,6,2,5,5,0,0,1,0,1,0,0,362804.619900000281632,5731730.863900000229478,7.013827875000061,51.719705993000048,0,05240628701620717673
05,5,62,012,2024,06,13,6,3,5,3,0,0,1,0,0,1,0,360424.725700000301003,5726930.134899999946356,6.981318222000027,51.675980227000082,0,05240628701610732721
05,5,12,000,2024,06,18,6,3,5,2,0,0,1,0,0,0,0,355636.894399999640882,5719622.310699999332428,6.915135281000062,51.609105420000049,0,05240628701400742682
05,5,62,014,2024,06,21,6,2,6,4,0,0,1,1,0,0,0,361663.190600000321865,5713092.592499999329448,7.004680135000058,51.551941335000038,0,05240628701300745437
05,5,13,000,2024,06,19,6,3,0,7,0,1,0,0,0,0,0,368937.315999999642372,5715892.151000000536442,7.108492285000068,51.578836898000077,0,05240628700000745279
05,5,13,000,2024,06,20,6,3,2,6,0,0,1,0,0,0,0,366509.297600000165403,5708080.774599999189377,7.076435109000045,51.508069538000029,0,05240628700000742360
05,5,54,004,2024,07,15,1,3,5,3,0,1,0,0,0,0,0,361747.606700000353158,5770556.385199999436736,6.982969662000073,52.068316583000069,0,05240707705000055429
05,5,54,040,2024,07,15,2,3,2,6,0,0,1,0,0,0,0,346918.585400000214577,5740346.470899999141693,6.780228590000036,51.793003018000036,0,05240701705000828579
05,5,70,008,2024,07,17,5,3,5,3,0,1,1,0,0,0,0,433511.498700000345707,5736213.981399999931455,8.036352519000047,51.772852681000074,0,05240704711300976355
05,5,62,032,2024,06,17,6,3,5,3,0,0,1,0,1,0,0,378626.371000000275671,5721161.486999999731779,7.246428508000065,51.628364039000076,0,05240628701110738919
05,5,70,008,2024,06,15,5,3,6,2,0,0,1,1,0,0,0,434217.622800000011921,5735168.769400000572205,8.046783113000060,51.763539588000071,0,05240627711300689304
05,5,70,008,2024,06,10,5,3,0,7,0,1,0,0,0,0,0,436352.783099999651313,5734899.686100000515580,8.077767464000033,51.761367275000055,0,05240627711300671571
05,5,70,044,2024,06,12,5,2,0,1,0,1,0,0,0,0,0,417075.694600000046194,5760134.527699999511242,7.792444522000039,51.985684599000081,0,05240627711100687959
05,5,70,044,2024,06,12,5,2,9,1,0,1,0,0,0,0,0,416333.812099999748170,5759512.355900000780821,7.781795501000033,51.979980683000065,0,05240627711100687304
05,5,66,016,2024,06,15,5,3,5,6,0,1,0,0,0,0,0,402138.362999999895692,5794810.153000000864267,7.565009358000054,52.294916550000039,0,05240627709500695742
05,5,66,076,2024,06,17,5,3,2,6,0,0,1,0,0,0,0,395246.293999999761581,5789765.269999999552965,7.465552484000057,52.248305737000067,0,05240627709500694651
05,5,66,076,2024,06,16,5,3,2,6,0,0,1,0,0,0,0,393722.008799999952316,5792206.739099999889731,7.442464736000034,52.269955538000033,0,05240627709500691381
05,5,66,084,2024,06,16,5,2,5,3,0,1,1,0,0,0,0,390444.696000000461936,5776183.902000000700355,7.399636331000067,52.125312977000078,0,05240627709300691744
05,5,66,084,2024,06,09,5,3,4,2,0,1,1,0,0,0,0,390309.679700000211596,5776938.524299999698997,7.397421521000069,52.132068173000050,0,05240627709300668757
05,5,58,016,2024,06,07,5,3,0,7,0,0,0,0,1,0,0,383934.144999999552965,5741465.853599999099970,7.316311551000069,51.811969861000080,0,05240627706100731465
05,5,58,016,2024,06,18,5,3,5,3,0,1,1,0,0,0,0,381678.694500000216067,5745512.906199999153614,7.282225466000057,51.847868579000078,0,05240627706100693744
05,5,58,016,2024,06,07,5,2,4,1,0,0,1,0,0,0,1,381741.490100000053644,5742585.457599999383092,7.284137196000074,51.821572393000054,0,05240627706100666730
05,5,58,024,2024,06,22,5,3,5,2,2,0,1,0,0,0,0,392898.220599999651313,5737171.771600000560284,7.447619609000071,51.775164286000063,0,05240627706000701302
05,5,54,048,2024,06,19,5,3,8,1,0,0,1,0,0,0,0,338911.202999999746680,5743522.982999999076128,6.662742162000029,51.819291648000046,0,05240627705000696880
05,5,54,012,2024,06,15,5,3,4,6,0,0,1,0,0,0,1,352597.029500000178814,5744172.946799999102950,6.860878599000046,51.828908985000055,0,05240627705000691114
05,5,62,036,2024,06,08,5,3,0,7,0,0,0,0,0,0,1,388790.114699999801815,5719101.344000000506639,7.393860339000071,51.611948254000026,0,05240627701930663413
05,5,54,028,2024,07,12,7,3,2,1,0,0,1,0,0,0,0,362676.877100000157952,5746114.686400000005960,7.006288161000043,51.848925707000035,0,05240706702340035543
05,5,62,024,2024,06,15,5,2,3,6,0,0,1,0,1,0,0,364051.308199999853969,5724478.300000000745058,7.034689779000075,51.654837045000079,0,05240627701500691300
05,5,12,000,2024,06,14,5,3,1,6,0,0,1,0,0,0,0,356788.082000000402331,5707766.301999999210238,6.936577119000049,51.502863772000069,0,05240627701400688376
05,5,12,000,2024,06,13,5,3,2,6,0,0,1,0,0,0,0,356696.936099999584258,5708461.777300000190735,6.934982199000046,51.509090124000068,0,05240627701400684190
05,5,62,020,2024,06,12,5,3,5,3,0,0,1,0,0,0,1,370969.865899999625981,5718149.535800000652671,7.136979513000028,51.599592593000068,0,05240627701200690230
05,5,62,032,2024,06,12,5,3,5,3,0,1,1,0,0,0,0,376452.926400000229478,5718429.667600000277162,7.216006570000047,51.603339633000076,0,05240627701110690927
05,5,13,000,2024,06,16,5,3,4,7,0,0,1,0,0,0,0,363151.741999999620020,5716266.466700000688434,7.024900801000058,51.580825675000028,0,05240627700000693999
05,5,13,000,2024,06,09,5,3,6,4,0,0,1,1,0,0,0,368910.226099999621511,5711395.144200000911951,7.109778206000044,51.538417188000039,0,05240627700000667062
05,5,62,016,2024,07,13,4,2,8,6,0,0,1,0,0,0,0,374341.294200000353158,5738807.153799999505281,7.178191130000073,51.786002798000027,0,05240710702330842969
05,5,66,072,2024,07,15,2,3,5,3,0,0,1,0,0,0,0,412654.922000000253320,5803824.879000000655651,7.716830893000065,52.377715331000047,0,05240708709700100108
05,5,62,032,2024,06,11,5,2,8,7,0,0,1,0,0,0,0,376122.019600000232458,5716368.300699999555945,7.211958621000065,51.584741026000074,0,05240627702340677674
05,5,66,088,2024,08,20,5,3,1,2,0,0,1,0,0,0,1,423672.417000000365078,5785638.888599999248981,7.882772240000065,52.215891498000076,1,05240801709800010466
05,5,66,076,2024,08,11,5,3,0,3,0,1,0,0,0,0,1,393368.925999999977648,5792893.877000000327826,7.437075053000058,52.276062624000076,0,05240801709500984816
05,5,66,016,2024,08,18,5,3,5,2,0,0,1,0,0,0,0,406395.276800000108778,5793904.119400000199676,7.627662318000034,52.287514983000051,1,05240801709500007207
05,5,66,012,2024,08,22,5,3,9,1,2,0,1,0,0,0,0,408702.906999999657273,5772760.277899999171495,7.667180976000054,52.097857768000040,1,05240801709110009905
05,5,54,056,2024,08,08,5,3,5,3,0,1,1,0,0,0,0,358864.440399999730289,5761414.615700000897050,6.944705270000043,51.985449590000030,0,05240801705000981047
05,5,62,004,2024,08,01,5,2,0,7,2,0,0,0,0,0,1,381876.025299999862909,5718084.600099999457598,7.294392970000047,51.601401963000058,0,05240801702340967649
05,5,12,000,2024,08,18,5,3,2,6,0,0,1,0,0,0,0,353373.321200000122190,5712069.267000000923872,6.885621657000058,51.540652836000049,1,05240801702340005650
05,5,15,000,2024,08,08,5,3,5,2,0,1,1,0,0,0,0,404245.144600000232458,5754411.838600000366569,7.607255138000028,51.932183551000037,0,05240801702100996860
05,5,15,000,2024,08,16,5,3,0,1,0,0,0,0,1,0,0,406275.854199999943376,5756524.544099999591708,7.636206617000028,51.951519278000035,1,05240801702100005176
05,5,15,000,2024,08,15,5,3,5,3,0,1,1,0,0,0,0,404050.200000000186265,5753700.027000000700355,7.604619070000069,51.925751931000036,0,05240801702100002292
05,5,62,014,2024,08,14,5,2,8,1,0,0,1,0,0,0,0,358620.770999999716878,5714447.707299999892712,6.960282128000074,51.563364158000070,1,05240801701300998480
05,5,62,032,2024,08,08,5,2,9,7,0,0,1,0,0,0,0,373697.988699999637902,5714770.954700000584126,7.177563719000034,51.569847522000032,0,05240801701120985335
05,5,13,000,2024,08,13,5,3,4,1,0,0,1,0,1,0,0,364435.950600000098348,5713068.235500000417233,7.044657486000062,51.552395497000077,1,05240801700000995752
05,5,70,008,2024,08,21,5,3,8,1,2,0,1,0,0,0,0,434238.230600000359118,5737277.717800000682473,8.046682273000044,51.782501586000080,1,05240801301911009001
05,5,70,016,2024,07,14,4,2,5,3,0,0,1,0,0,0,0,411770.612900000065565,5734854.429700000211596,7.721671647000051,51.757626927000047,1,05240731711200959020
05,5,66,008,2024,07,22,4,3,9,1,2,0,0,0,1,0,0,403571.570000000298023,5779515.646999999880791,7.590378951000048,52.157704802000069,0,05240731709110965814
05,5,66,080,2024,07,19,4,3,4,1,0,1,0,0,0,0,0,404652.327800000086427,5781713.372099999338388,7.605555240000058,52.177645745000063,0,05240731709110962878