ULAND,UREGBEZ,UKREIS,UGEMEINDE,UJAHR,UMONAT,USTUNDE,UWOCHENTAG,UKATEGORIE,UART,UTYP1,ULICHTVERH,IstRad,IstPKW,IstFuss,IstKrad,IstGkfz,IstSonstige,LINREFX,LINREFY,XGCSWGS84,YGCSWGS84,STRZUSTAND,UIDENTSTLAE
05,5,66,008,2024,07,12,4,3,0,1,0,0,0,0,1,0,0,399533.689000000245869,5778983.745999999344349,7.531529862000070,52.152204189000031,0,05240731709110948119
05,5,66,040,2024,07,12,4,3,5,3,0,1,1,0,0,0,0,421185.327999999746680,5779623.285000000149012,7.847774719000029,52.161467973000072,0,05240731709110947496
05,5,54,016,2024,07,14,4,3,3,2,0,0,1,0,0,0,0,366994.819400000385940,5755771.085899999365211,7.065214358000048,51.936743591000038,0,05240731705000957265
05,5,54,008,2024,07,14,4,3,0,6,0,0,1,0,0,0,0,334265.433199999853969,5747504.608300000429153,6.593492242000025,51.853701375000071,0,05240731705000953889
05,5,62,012,2024,07,16,4,3,2,6,0,0,0,0,1,1,0,362905.439000000245869,5731842.423000000417233,7.015242578000027,51.720733116000076,0,05240731701620959887
05,5,62,024,2024,07,08,4,3,5,3,0,1,1,0,0,0,0,370364.525100000202656,5725448.998700000345707,7.125541418000068,51.665051784000070,0,05240731701500933564
05,5,12,000,2024,07,10,4,3,3,2,0,0,1,0,1,0,1,357925.833100000396371,5711618.733100000768900,6.951405516000023,51.537768661000030,0,05240731701400941531
05,5,62,020,2024,07,15,4,3,5,3,0,0,1,0,0,0,0,367134.398699999786913,5719779.888599999248981,7.081015720000039,51.613352096000028,0,05240731701200958607
05,5,13,000,2024,07,09,4,3,0,7,0,0,0,0,0,0,1,367571.404299999587238,5708642.938599999994040,7.091519459000040,51.513371455000026,0,05240731700000950133
05,5,70,004,2024,07,14,3,3,2,6,0,0,1,0,0,1,0,426793.249400000087917,5728755.917600000277162,7.940568351000024,51.704967668000052,0,05240730711200912020
05,5,70,012,2024,07,17,3,3,5,3,0,1,1,0,0,0,0,439388.963999999687076,5753687.336999999359250,8.118461807000074,51.930607654000028,0,05240730711100919156
05,5,66,092,2024,07,16,3,3,5,3,0,1,1,0,0,0,0,424253.934000000357628,5792772.805999999865890,7.889682499000060,52.280097762000082,0,05240730709700917009
05,5,66,028,2024,07,11,3,2,0,7,0,0,1,0,0,0,0,417366.461400000378489,5791114.887199999764562,7.789152655000066,52.264203248000058,0,05240730709700901319
05,5,66,016,2024,07,17,3,3,5,3,0,0,1,0,0,0,0,397885.604000000283122,5798007.907999999821186,7.501701643000047,52.322882101000062,0,05240730709500917234
05,5,15,000,2024,07,15,3,3,2,6,0,0,1,0,0,0,0,405575.303999999538064,5757015.627000000327826,7.625881022000044,51.955814854000039,0,05240730702100916003
05,5,15,000,2024,07,16,3,3,2,6,0,0,1,0,0,0,0,404485.407499999739230,5755502.388199999928474,7.610445784000035,51.942027141000040,0,05240730702100136582
05,5,62,036,2024,07,22,3,3,5,2,2,0,1,0,0,0,0,388791.758000000379980,5719567.755200000479817,7.393736062000073,51.616140690000066,0,05240730701930922274
05,5,62,036,2024,07,06,3,2,4,6,1,1,0,0,1,0,0,391120.345999999903142,5721783.706000000238419,7.426666874000034,51.636513210000032,0,05240730701930886510
05,5,62,032,2024,07,00,3,3,8,1,2,0,1,0,0,0,1,378358.980600000359118,5715352.534700000658631,7.244582076000029,51.576099257000067,0,05240730701120880905
05,5,62,032,2024,07,14,3,3,3,6,0,0,1,0,0,0,1,375499.660500000230968,5719667.957000000402331,7.201809132000051,51.614258364000079,0,05240730701110913163
05,5,13,000,2024,07,07,3,3,2,7,0,1,1,0,0,0,0,367242.772199999541044,5713356.229800000786781,7.085009087000060,51.555651039000054,0,05240730700000917674
05,5,13,000,2024,07,15,3,3,6,4,0,0,0,1,0,0,1,368743.586900000460446,5709114.531999999657273,7.108226679000040,51.517883111000060,0,05240730700000914721
05,5,13,000,2024,07,16,3,2,5,3,0,1,1,0,0,0,0,366642.239099999889731,5712695.836500000208616,7.076602175000062,51.549574721000056,0,05240730700000914648
05,5,70,008,2024,07,18,2,3,5,2,0,0,1,0,0,0,0,432122.251000000163913,5733303.287000000476837,8.016789250000045,51.746518780000031,0,05240729711200874914
05,5,66,068,2024,07,13,2,3,5,3,0,0,1,0,0,0,0,378597.891900000162423,5786421.173200000077486,7.223003453000047,52.214834110000027,0,05240729709300864029
05,5,58,012,2024,07,14,2,2,4,6,0,0,1,0,0,1,0,379957.712500000372529,5755433.038000000640750,7.253799832000027,51.936652934000051,0,05240729706200870057
05,5,58,016,2024,07,16,2,3,4,6,0,1,0,0,0,0,0,389215.516699999570847,5743918.508600000292063,7.392106731000069,51.835085257000060,0,05240729706100872624
05,5,54,044,2024,07,10,2,3,0,1,0,1,0,0,0,0,0,366148.404199999757111,5739057.502000000327826,7.059384710000074,51.786352519000047,0,05240729705000850363
05,5,62,036,2024,07,13,2,3,5,2,0,1,1,0,0,0,0,389252.042600000277162,5720269.888399999588728,7.400159555000073,51.622542237000062,0,05240729701930864522
05,5,70,052,2024,08,10,5,3,1,5,0,0,1,0,0,0,0,430202.133000000379980,5755294.635999999940395,7.984541823000029,51.943980445000079,0,05240801711100986189
05,5,66,092,2024,07,17,1,3,8,1,0,0,0,0,1,0,0,423203.912399999797344,5795334.450300000607967,7.873710132000042,52.302978103000044,0,05240728709700830443
05,5,66,076,2024,07,20,1,3,5,2,0,1,1,0,0,0,0,394324.810200000181794,5793657.859300000593066,7.450840713000048,52.283113288000038,0,05240728709500870940
05,5,66,040,2024,07,20,1,2,9,7,0,0,1,0,0,0,0,415632.854100000113249,5782322.352199999615550,7.765949227000021,52.184908139000072,0,05240728709110863014
05,5,58,016,2024,07,13,1,2,5,3,0,1,1,0,0,0,0,378828.132100000046194,5748470.698699999600649,7.239824816000066,51.873838615000068,0,05240728706000827843
05,5,54,004,2024,07,09,1,3,2,2,0,0,0,0,1,0,0,365462.470800000242889,5772268.871600000187755,7.036457442000028,52.084619005000036,0,05240728705000824405
05,5,62,028,2024,07,15,1,3,0,1,0,1,0,0,0,0,0,378850.724700000137091,5722744.477099999785423,7.249120392000066,51.642639227000075,0,05240728701920828751
05,5,62,004,2024,07,14,1,3,5,2,0,0,1,0,0,0,0,383362.424800000153482,5716609.915300000458956,7.316335481000067,51.588457746000074,0,05240728701800829086
05,5,13,000,2024,07,20,1,3,0,1,0,0,0,0,1,0,0,368603.338999999687076,5712682.467000000178814,7.104875027000048,51.549914667000053,0,05240728700000833741
05,5,13,000,2024,07,11,1,3,9,1,0,0,0,0,1,0,0,368022.690999999642372,5705267.407999999821186,7.099281911000048,51.483141921000026,0,05240728700000826693
05,5,13,000,2024,07,11,1,3,8,1,0,0,1,0,0,0,0,365238.655000000260770,5709878.682000000029802,7.057449353000038,51.523924899000065,0,05240728700000825806
05,5,58,008,2024,08,14,5,3,0,1,0,0,0,0,1,0,0,382818.153199999593198,5760409.261800000444055,7.293691699000021,51.981984111000031,1,05240801706200001041
05,5,70,008,2024,07,06,1,3,8,1,0,0,1,0,0,0,0,429502.275299999862909,5730875.087400000542402,7.979337135000037,51.724365865000038,0,05240728301911823749
05,5,66,028,2024,07,11,7,3,0,1,0,1,0,0,0,0,0,412728.438500000163913,5792922.717499999329448,7.720740810000052,52.279736168000056,0,05240727709700825825
05,5,66,088,2024,07,13,7,2,0,1,0,0,0,0,1,0,0,415180.270999999716878,5788594.302999999374151,7.757759125000064,52.241214275000061,0,05240727709700812280
05,5,66,036,2024,07,14,7,2,5,2,0,0,1,0,1,0,0,387226.035799999721348,5769065.983400000259280,7.354994436000027,52.060696208000081,0,05240727709300814088
05,5,58,044,2024,07,16,7,3,5,2,0,0,1,0,1,0,0,399920.678999999538064,5745669.960000000894070,7.546914625000056,51.852848780000045,0,05240727706300813860
05,5,54,012,2024,07,22,7,2,6,1,2,0,1,1,0,0,0,347633.351300000213087,5752689.428300000727177,6.785145657000044,51.904093262000060,0,05240727705000819634
05,5,54,068,2024,07,12,7,3,8,5,0,0,1,0,0,0,0,347352.250900000333786,5768607.102299999445677,6.773983460000068,52.047024309000051,0,05240727705000812898
05,5,62,008,2024,07,17,7,3,0,6,0,0,1,0,0,0,0,386000.517300000414252,5723983.300300000235438,7.351999721000027,51.655268352000064,0,05240727701910825458
05,5,13,000,2024,07,22,7,3,4,7,2,0,1,0,0,0,0,366821.222699999809265,5712781.295499999076128,7.079149711000071,51.550384980000047,1,05240727700000820471
05,5,70,016,2024,07,20,6,2,8,1,0,0,0,0,0,0,1,415428.103199999779463,5736813.073300000280142,7.774173670000039,51.775797954000041,0,05240726711200800517
05,5,70,012,2024,07,13,6,3,5,3,0,0,1,0,0,0,1,439924.657800000160933,5753399.444199999794364,8.126302317000068,51.928077572000063,0,05240726711100792059
05,5,66,040,2024,07,14,6,3,5,7,0,1,1,0,0,0,0,421868.594600000418723,5783012.464500000700355,7.856980803000056,52.192030094000074,0,05240726709800794896
05,5,66,040,2024,07,13,6,3,2,6,0,1,0,0,0,0,0,423216.906999999657273,5781354.434100000187755,7.877077247000045,52.177315552000039,0,05240726709800794795
05,5,66,076,2024,07,09,6,3,2,6,0,0,1,0,0,0,0,393108.711299999617040,5793824.948000000789762,7.432967355000073,52.284379780000052,0,05240726709500869048
05,5,58,044,2024,07,06,6,1,5,3,1,1,1,0,0,1,0,396593.220999999903142,5749023.573000000789762,7.497615616000076,51.882384743000046,1,05240726706300774456
05,5,58,028,2024,07,15,6,2,8,1,0,0,0,0,1,0,0,402368.816100000403821,5730500.270099999383092,7.586716155000033,51.716928978000055,0,05240726706000797034
05,5,54,008,2024,07,11,6,3,2,2,0,0,1,0,0,0,0,335283.660500000230968,5745846.577700000256300,6.609052947000066,51.839108085000078,0,05240726705000852253
05,5,54,004,2024,07,20,6,3,2,7,0,0,1,0,0,0,0,357360.297299999743700,5777285.359300000593066,6.916189618000033,52.127663110000071,0,05240726705000803194
05,5,13,000,2024,07,12,6,3,2,6,0,0,1,0,0,0,0,363216.613599999807775,5715907.132600000128150,7.025976436000064,51.577612351000028,0,05240726702340786070
05,5,15,000,2024,07,12,6,3,5,6,0,0,1,0,0,0,0,406589.239000000059605,5750279.244999999180436,7.642460098000072,51.895435837000036,0,05240726702100791010
05,5,62,024,2024,07,02,1,3,6,4,2,0,1,1,0,0,0,366833.983300000429153,5724415.132600000128150,7.074916206000069,51.654935485000067,1,05240728701500821390
05,5,15,000,2024,07,08,6,3,2,6,0,0,1,0,0,1,0,406536.752999999560416,5756208.801999999210238,7.640087698000059,51.948725135000075,1,05240726702100772281
05,5,12,000,2024,07,19,6,3,2,6,0,0,1,0,0,0,0,356031.627500000409782,5710770.849500000476837,6.924458433000041,51.529669862000048,0,05240726701400810739
05,5,62,032,2024,07,09,6,2,5,3,0,0,1,0,0,0,0,374712.695000000298023,5721552.817999999970198,7.189774735000071,51.631023106000043,1,05240726701110778946
05,5,13,000,2024,07,21,6,3,5,3,2,0,1,0,0,0,0,363164.753600000403821,5716253.112199999392033,7.025093678000076,51.580708827000080,0,05240726700000984475
05,5,13,000,2024,07,14,6,3,9,1,0,0,1,0,0,0,0,366288.533099999651313,5711250.042700000107288,7.072053164000067,51.536498293000079,0,05240726700000805544
05,5,13,000,2024,07,12,6,3,0,7,0,0,0,0,0,0,1,367664.537999999709427,5716210.666999999433756,7.090014347000022,51.581401892000031,0,05240726700000786326
05,5,70,028,2024,07,12,5,3,4,6,0,1,0,0,0,0,0,439776.679399999789894,5741835.739700000733137,8.126168121000035,51.824102723000067,0,05240725711400743341
05,5,66,028,2024,07,19,5,3,9,1,0,0,1,0,0,0,0,418963.012000000104308,5791833.268999999389052,7.812369207000074,52.270898069000054,0,05240725709700758448
05,5,66,028,2024,07,16,5,3,3,1,0,1,0,0,0,0,0,410235.901999999769032,5792294.303999999538064,7.684381862000066,52.273686500000053,0,05240725709700755383
05,5,66,076,2024,07,05,5,3,0,7,0,1,0,0,0,0,0,393479.980000000447035,5791909.164999999105930,7.439013112000055,52.267234348000045,0,05240725709500721225
05,5,66,084,2024,07,12,5,3,2,6,0,0,1,0,0,0,0,386663.472599999979138,5780007.288200000301003,7.343150549000029,52.158911310000065,0,05240725709300742513
05,5,66,008,2024,07,09,5,3,0,7,0,1,0,0,0,0,0,399125.605899999849498,5781274.914400000125170,7.524886408000043,52.172722192000037,0,05240725709110729284
05,5,58,016,2024,07,19,5,3,5,3,0,1,1,0,0,0,0,385831.473199999891222,5742799.701899999752641,7.343382602000077,51.824348537000049,0,05240725706100758022
05,5,15,000,2024,07,19,5,3,5,2,0,1,1,0,0,0,0,406536.752999999560416,5756208.801999999210238,7.640087698000059,51.948725135000075,0,05240725702100759492
05,5,15,000,2024,07,16,5,3,5,3,0,1,1,0,0,0,0,404914.162499999627471,5756294.970200000330806,7.616462160000026,51.949224642000047,0,05240725702100754891
05,5,15,000,2024,07,13,5,3,5,2,0,1,1,0,0,0,0,403431.827999999746680,5758084.496999999508262,7.594397534000052,51.965054099000042,0,05240725702100748023
05,5,62,012,2024,07,08,5,3,5,2,0,1,1,0,0,0,0,359772.646900000050664,5725149.600999999791384,6.972608140000034,51.659818241000039,0,05240725701610729297
05,5,62,032,2024,07,16,5,3,0,1,0,0,0,0,0,0,1,375500.081000000238419,5719742.020700000226498,7.201788891000035,51.614924076000079,0,05240725701110756970
05,5,15,000,2024,07,10,4,3,1,2,0,1,1,0,0,0,0,417797.909199999645352,5751876.511499999091029,7.804933989000062,51.911560004000080,0,05240724711100695040
05,5,58,036,2024,07,17,4,3,5,3,0,1,1,0,0,0,0,383591.483699999749660,5729538.369799999520183,7.315338088000033,51.704701173000046,0,05240724706300712435
05,5,58,024,2024,07,06,4,3,5,3,0,0,1,0,0,0,1,392628.368999999947846,5736363.135999999940395,7.443959827000072,51.767844575000026,0,05240724706300679143
05,5,58,016,2024,07,17,4,3,2,6,0,0,1,0,0,0,0,377512.485500000417233,5748567.209300000220537,7.220689035000021,51.874418561000027,0,05240724706100712751
05,5,62,032,2024,07,05,4,3,8,7,1,0,1,0,0,0,0,380504.183600000105798,5717762.603900000452995,7.274704086000042,51.598218625000072,0,05240724702340680619
05,5,15,000,2024,07,14,4,3,2,6,0,0,1,0,0,0,0,414331.962000000290573,5753938.885999999940395,7.754044963000069,51.929576275000045,0,05240724702100707846
05,5,15,000,2024,07,12,4,3,5,3,0,0,0,0,0,0,1,400333.589399999938905,5761355.023700000718236,7.548366352000073,51.993903105000072,0,05240724702100699806
05,5,13,000,2024,07,18,4,1,2,6,0,0,1,0,1,0,0,362416.688299999572337,5721072.579399999231100,7.012413403000039,51.623835225000050,0,05240724700000713447
05,5,54,012,2024,07,08,5,3,5,3,0,0,1,0,0,0,0,351105.508000000379980,5747557.702999999746680,6.837792919000037,51.858924810000076,0,05240725705000730324
05,5,54,004,2024,07,14,4,3,5,3,0,1,1,0,0,0,0,362700.986299999989569,5771257.610799999907613,6.996587650000038,52.074854479000066,0,05240724705000704736
05,5,70,028,2024,07,09,4,3,8,6,0,0,1,0,0,0,0,444010.549200000241399,5741737.019200000911951,8.187610022000058,51.823655542000040,1,05240724400410692357
05,5,70,040,2024,07,10,3,3,4,1,0,0,1,0,0,1,0,419174.019999999552965,5747120.777300000190735,7.826050055000053,51.869010988000070,1,05240723711200654328
05,5,70,044,2024,07,13,3,3,8,1,0,0,1,0,0,0,0,417031.553999999538064,5754985.049499999731779,7.793045914000061,51.939389259000052,1,05240723711100666085
05,5,66,048,2024,07,14,3,3,5,3,0,0,1,0,1,0,0,426189.669400000013411,5792013.765399999916553,7.918217911000056,52.273538147000068,0,05240723709700671958
05,5,58,020,2024,07,15,3,3,8,1,0,0,0,0,0,1,0,389168.831500000320375,5758240.980399999767542,7.386824547000060,51.963800016000050,0,05240723706200670266
05,5,54,020,2024,07,16,3,3,2,1,0,0,1,0,0,0,0,363801.219499999657273,5786644.420700000599027,7.006464938000022,52.213381388000073,0,05240723705000668669
05,5,66,092,2024,07,23,3,3,1,5,2,0,1,0,0,1,0,421345.617899999953806,5790678.323000000789762,7.847548742000072,52.260862563000046,0,05240723702350674582
05,5,66,048,2024,07,18,3,3,1,1,0,0,1,0,0,0,0,427834.323699999600649,5791358.004000000655651,7.942458153000075,52.267861840000080,1,05240723702350669108
05,5,54,036,2024,07,15,3,3,9,1,0,0,1,0,0,0,0,366314.352400000207126,5763604.055199999362230,7.052271558000029,52.006966122000051,1,05240723702340666469
05,5,62,032,2024,07,13,3,3,9,1,0,0,1,0,0,0,0,381495.169800000265241,5717927.641300000250340,7.288949417000026,51.599911277000047,1,05240723702340661719
05,5,62,004,2024,07,12,3,3,9,1,0,0,1,0,0,0,0,381054.429899999871850,5713314.330199999734759,7.284151355000063,51.558355931000051,1,05240723702340660849
05,5,13,000,2024,07,10,3,3,8,7,0,0,1,0,0,0,0,369501.331899999640882,5711334.368200000375509,7.118319107000048,51.538007971000070,1,05240723702340651410
05,5,58,044,2024,07,10,3,3,1,6,0,0,1,0,0,0,0,402675.006099999882281,5744183.699500000104308,7.587310659000025,51.839976669000066,1,05240723702330650378
05,5,15,000,2024,07,17,3,3,3,2,0,1,0,0,0,0,0,405723.889800000004470,5753793.223200000822544,7.628926119000027,51.926875583000026,0,05240723702100668677
05,5,15,000,2024,07,12,3,3,5,3,0,1,1,0,0,0,0,403183.699000000022352,5759053.039000000804663,7.590513923000060,51.973716471000046,1,05240723702100652851
05,5,15,000,2024,07,11,3,3,6,4,0,0,1,1,0,0,0,405157.197900000028312,5756944.689400000497699,7.619818002000045,51.955106086000058,1,05240723702100650921
05,5,62,016,2024,07,07,3,3,5,2,0,0,1,0,0,0,0,369466.913999999873340,5737511.341000000014901,7.108050077000030,51.773242179000079,0,05240723701700647965
05,5,12,000,2024,07,12,3,3,5,2,0,1,1,0,0,0,0,356337.250199999660254,5710511.432700000703335,6.928967198000066,51.527416633000030,1,05240723701400654513
05,5,62,032,2024,07,20,3,2,0,1,0,0,1,0,1,0,0,371066.961000000126660,5722021.898800000548363,7.136955825000030,51.634414954000079,0,05240723701110673785
05,5,62,032,2024,07,20,3,3,1,5,1,1,1,0,0,0,0,371227.945000000298023,5721970.643100000917912,7.139299528000038,51.633991205000029,1,05240723701110672637
05,5,62,032,2024,07,12,3,3,0,1,0,1,0,0,0,0,0,375318.191999999806285,5719902.488199999555945,7.199106087000075,51.616325957000072,1,05240723701110656005
05,5,70,008,2024,07,11,3,3,9,1,0,0,1,0,0,0,0,430602.729899999685585,5733522.870899999514222,7.994738744000074,51.748306669000044,1,05240723301911654282
05,5,70,016,2024,07,11,2,3,5,3,0,1,1,0,0,0,0,408818.388500000350177,5744679.172800000756979,7.676325747000021,51.845467357000075,0,05240722711200604410
05,5,66,028,2024,07,17,2,3,0,1,0,0,0,0,1,0,0,420050.993999999947846,5791972.348099999129772,7.828277431000060,52.272307476000037,0,05240722709700624114
05,5,66,028,2024,07,11,2,3,5,3,0,1,1,0,0,0,0,408348.797399999573827,5792788.469499999657273,7.656597564000037,52.277816751000046,0,05240722709700609605
05,5,66,076,2024,07,19,2,3,5,3,0,1,1,0,0,0,0,399231.367999999783933,5788836.134999999776483,7.524182150000058,52.240699202000030,0,05240722709500625210
05,5,66,084,2024,07,22,2,2,8,7,2,0,0,0,1,0,0,392494.337000000290573,5776332.653999999165535,7.429517808000071,52.127052316000061,0,05240722709300631080
05,5,58,016,2024,07,17,2,3,3,2,0,1,1,0,0,0,0,381210.705299999564886,5743190.672299999743700,7.276231922000022,51.826898968000080,0,05240722706100621714
05,5,58,024,2024,07,16,2,3,2,1,0,0,1,0,1,0,0,390676.861399999819696,5736088.237800000235438,7.415776457000050,51.764996151000048,0,05240722706000620883
05,5,54,004,2024,07,10,2,3,0,1,0,0,1,0,0,0,0,362751.160000000149012,5771137.375000000000000,6.997367640000050,52.073786556000073,0,05240722705000850707
05,5,54,004,2024,07,14,2,3,4,6,0,1,0,0,0,0,0,362444.390999999828637,5770958.936000000685453,6.992966388000070,52.072107111000037,0,05240722705000620004
05,5,54,008,2024,07,14,2,3,5,2,0,1,1,0,0,0,0,334920.959400000050664,5745875.217399999499321,6.603779442000075,51.839258277000056,0,05240722705000615706
05,5,58,004,2024,07,14,2,3,2,6,0,0,0,0,1,0,1,406917.860199999995530,5731905.060699999332428,7.652171332000023,51.730329932000075,0,05240722702330622189
05,5,62,008,2024,07,11,2,3,2,7,0,0,1,0,0,0,0,383282.764999999664724,5728716.196000000461936,7.311147598000048,51.697247748000052,0,05240722701910636981
05,5,62,008,2024,07,14,2,2,5,2,0,0,1,0,0,0,1,383732.959999999962747,5720202.188999999314547,7.320490595000024,51.620820616000060,0,05240722701910620179
05,5,62,020,2024,07,23,2,3,9,7,2,0,0,0,1,0,0,369918.672000000253320,5717506.577999999746680,7.122048837000023,51.593572703000063,0,05240722701200629124
05,5,12,000,2024,07,12,4,3,2,1,0,0,1,0,1,0,0,356379.798999999649823,5710137.526200000196695,6.929732586000057,51.524067602000059,1,05240731701400957938
05,5,13,000,2024,07,13,6,2,2,6,0,0,0,0,0,1,1,368705.273900000378489,5711981.632500000298023,7.106605890000026,51.543640178000032,0,05240726700000794778
05,5,70,044,2024,07,13,1,3,5,3,0,1,1,0,0,0,0,413207.313000000081956,5759696.958000000566244,7.736237801000073,51.981160434000060,1,05240721711100575195
05,5,66,028,2024,07,17,1,3,5,3,0,0,1,0,1,0,0,409665.605000000447035,5796799.619999999180436,7.674817630000064,52.314087339000082,1,05240721709700577342
05,5,66,028,2024,07,13,1,3,0,2,0,1,1,0,0,0,0,411589.963800000026822,5789731.150299999862909,7.704893441000024,52.250867626000058,1,05240721709700574773
05,5,54,004,2024,07,23,1,3,9,1,2,0,1,0,0,0,0,354177.277900000102818,5777401.937300000339746,6.869673625000075,52.127879946000064,1,05240721705000584400
05,5,66,040,2024,07,18,1,2,2,6,0,0,1,0,0,0,1,420748.269600000232458,5785014.114499999210238,7.840126314000031,52.209862657000031,1,05240721702350579099
05,5,66,068,2024,07,18,1,3,8,1,0,0,1,0,0,0,0,373913.729600000195205,5789062.091700000688434,7.153493414000025,52.237513278000051,1,05240721702340581851
05,5,62,012,2024,07,20,1,2,8,1,0,0,1,0,0,0,0,356308.109600000083447,5728106.050499999895692,6.921337117000064,51.685508502000062,1,05240721702340580799
05,5,13,000,2024,07,19,1,3,3,6,0,0,1,0,0,0,0,366557.946200000122190,5710410.848099999129772,7.076253416000043,51.529020534000040,0,05240721702340580235
05,5,15,000,2024,07,15,1,3,0,7,0,1,0,0,0,0,0,406400.213700000196695,5756685.260099999606609,7.637971863000075,51.952984815000036,0,05240721702100575744
05,5,15,000,2024,07,12,1,3,9,6,0,1,0,0,0,0,0,406866.884200000204146,5761076.191299999132752,7.643569196000044,51.992530960000067,0,05240721702100574889
05,5,70,020,2024,07,20,7,3,9,1,0,0,0,0,1,0,0,428207.985299999825656,5741386.998500000685453,7.958428568000045,51.818701884000063,0,05240720711200564345
05,5,66,044,2024,07,15,7,3,9,1,0,0,0,0,1,0,0,430097.330000000074506,5779752.307000000029802,7.978012626000066,52.163828327000033,0,05240720709800558904
05,5,66,016,2024,07,08,7,3,5,2,0,1,1,0,0,0,0,406435.881000000052154,5790672.903000000864267,7.629153795000036,52.258479846000057,0,05240720709500552695
05,5,66,012,2024,07,19,7,3,8,1,0,1,0,0,0,0,0,403451.879800000227988,5772904.852199999615550,7.590506255000037,52.098265825000055,0,05240720709110563550
05,5,58,012,2024,07,22,7,3,0,7,2,0,0,0,1,0,0,369958.844399999827147,5747175.246799999848008,7.111547914000028,51.860200027000076,0,05240720706000565396
05,5,58,040,2024,07,14,7,2,0,3,0,1,1,0,0,0,0,370299.158300000242889,5761529.242699999362230,7.111078525000039,51.989267074000054,0,05240720706000559018
05,5,54,024,2024,07,16,7,3,8,1,0,0,1,0,0,0,0,368755.914499999955297,5773793.605900000780821,7.083907978000070,52.099110575000054,0,05240720705000559700
05,5,54,044,2024,07,14,7,3,3,7,0,0,1,0,0,0,1,365450.388399999588728,5744131.634899999946356,7.047300932000041,51.831781412000055,0,05240720705000557817
05,5,54,044,2024,07,12,7,3,2,2,0,0,1,0,0,0,1,365840.151600000448525,5749134.275599999353290,7.051012182000022,51.876828793000072,0,05240720705000557684
05,5,13,000,2024,07,21,7,2,8,1,2,0,1,0,0,0,0,363799.906000000424683,5713715.033099999651313,7.035238626000023,51.558054662000075,1,05240720702340565938
05,5,58,004,2024,07,13,7,2,2,6,0,0,1,0,0,0,0,407051.593700000084937,5731007.920099999755621,7.654346709000038,51.722287818000041,0,05240720702330558069
05,5,15,000,2024,07,14,7,3,2,6,0,0,1,0,0,0,0,407974.975999999791384,5759759.560000000521541,7.660056407000070,51.980881118000070,0,05240720702100559028
05,5,15,000,2024,07,13,7,3,5,3,0,1,1,0,0,0,1,406208.939000000245869,5757441.278999999165535,7.634982973000035,51.959748045000026,0,05240720702100556631
05,5,62,008,2024,07,02,7,3,9,1,2,0,1,0,0,0,0,384603.055999999865890,5723412.396999999880791,7.331995296000059,51.649852106000026,0,05240720701910549938
05,5,62,012,2024,07,10,7,3,5,3,0,1,1,0,0,0,0,359099.210799999535084,5726748.867399999871850,6.962233390000051,51.674020477000056,0,05240720701610554314
05,5,62,012,2024,07,10,7,3,2,6,0,0,1,0,0,0,0,359867.707999999634922,5730958.387000000104308,6.971649421000052,51.712038589000031,0,05240720701610554196
05,5,62,024,2024,07,17,7,3,1,6,0,0,1,0,0,0,0,370269.434799999929965,5727032.282800000160933,7.123579224000025,51.679258240000081,0,05240720701500560523
05,5,66,048,2024,07,20,3,3,2,1,0,0,1,0,0,0,0,425866.882600000128150,5791990.867799999192357,7.913493022000068,52.273288892000039,0,05240730709700919703
05,5,70,004,2024,07,14,6,3,0,5,0,1,1,0,0,0,0,422552.316499999724329,5735624.505599999800324,7.877678205000052,51.766144451000059,0,05240719711200535647
05,5,54,008,2024,07,15,2,3,1,6,0,0,1,0,1,0,0,334288.556300000287592,5745598.779799999669194,6.594740848000072,51.836587679000047,0,05240722705000623779
05,5,66,028,2024,07,18,6,3,5,6,0,0,0,0,1,0,0,410985.036799999885261,5796355.200999999418855,7.694285424000043,52.310308357000054,0,05240719709700543187
05,5,66,076,2024,07,12,6,3,5,2,0,1,1,0,0,0,0,393190.497999999672174,5793312.538000000640750,7.434328219000065,52.279790567000077,0,05240719709500533379
05,5,54,060,2024,07,20,6,3,5,3,0,0,1,0,0,0,0,347576.747499999590218,5753632.702299999073148,6.783906243000047,51.912552503000029,0,05240719705000545450
05,5,54,004,2024,07,19,6,3,5,3,0,1,1,0,0,0,0,358094.236899999901652,5776305.282299999147654,6.927312785000026,52.119046151000077,0,05240719705000545370
05,5,54,020,2024,07,14,6,3,5,3,0,1,1,0,0,0,0,365970.156100000254810,5783117.641300000250340,7.039586487000065,52.182223754000063,0,05240719705000537264
05,5,15,000,2024,07,16,6,3,3,6,0,0,1,0,0,0,0,400409.599100000225008,5759487.614900000393391,7.550015267000049,51.977132288000064,0,05240719702340540998
05,5,15,000,2024,07,21,6,3,5,3,1,0,1,0,0,0,0,401645.537999999709427,5749180.849999999627471,7.570949985000027,51.884712548000039,0,05240719702100546616
05,5,15,000,2024,07,14,6,3,3,7,0,0,1,0,0,0,0,403770.628999999724329,5754711.130000000819564,7.600271859000031,51.934791853000036,0,05240719702100540145
05,5,15,000,2024,07,01,6,3,0,4,2,1,0,1,0,0,0,406432.071200000122190,5757664.643699999898672,7.638168556000039,51.961793348000072,0,05240719702100507920