ULAND,UREGBEZ,UKREIS,UGEMEINDE,UJAHR,UMONAT,USTUNDE,UWOCHENTAG,UKATEGORIE,UART,UTYP1,ULICHTVERH,IstRad,IstPKW,IstFuss,IstKrad,IstGkfz,IstSonstige,LINREFX,LINREFY,XGCSWGS84,YGCSWGS84,STRZUSTAND,UIDENTSTLAE
05,5,62,004,2024,07,23,6,3,5,3,2,0,1,0,0,0,1,381704.030899999663234,5713004.512800000607967,7.293621917000053,51.555708012000082,0,05240719701800548004
05,5,62,020,2024,07,08,6,3,5,2,0,1,1,0,0,0,0,370387.317300000227988,5717592.444199999794364,7.128778940000075,51.594452380000064,0,05240719701200524370
05,5,62,014,2024,07,12,4,3,1,5,0,0,1,0,0,1,0,359078.011099999770522,5716006.736199999228120,6.966249106000021,51.577487952000070,0,05240724701300700227
05,5,54,068,2024,08,13,5,3,0,2,0,0,1,0,0,0,0,353812.259999999776483,5773487.789000000804663,6.866025362000073,52.092616692000036,1,05240801705000001871
05,5,66,076,2024,07,18,5,3,5,3,0,1,1,0,0,0,0,393627.456000000238419,5794100.210000000894070,7.440482245000055,52.286954257000048,0,05240718709500502510
05,5,66,004,2024,07,21,5,3,2,5,1,1,1,0,0,0,0,392856.791199999861419,5763985.142400000244379,7.438687014000038,52.016149447000032,0,05240718709110506711
05,5,58,036,2024,07,08,5,3,0,2,0,0,1,0,1,0,0,385946.979899999685585,5729618.497400000691414,7.349385166000047,51.705905061000067,0,05240718706300480233
05,5,58,016,2024,07,18,5,3,5,3,0,1,0,0,0,0,0,381795.444699999876320,5744236.773800000548363,7.284355743000049,51.836424498000042,0,05240718706000502971
05,5,12,000,2024,07,10,5,3,2,6,0,0,0,0,0,1,0,356488.336199999786913,5713704.518799999728799,6.929841703000022,51.556147459000044,0,05240718702340493280
05,5,62,004,2024,07,09,5,3,8,7,0,0,0,0,0,1,0,381653.797000000253320,5713356.183000000193715,7.292779293000024,51.558858162000035,0,05240718702340483588
05,5,15,000,2024,07,17,5,3,5,2,0,1,1,0,0,0,0,406536.752999999560416,5756208.801999999210238,7.640087698000059,51.948725135000075,0,05240718702100503558
05,5,15,000,2024,07,17,5,3,2,6,0,0,1,0,1,0,0,401160.294499999843538,5763748.404100000858307,7.559712642000022,52.015562823000039,0,05240718702100502901
05,5,15,000,2024,07,12,5,3,1,6,0,1,0,0,0,0,0,405866.737999999895692,5757939.610400000587106,7.629867600000068,51.964169440000035,0,05240718702100489397
05,5,15,000,2024,07,11,5,3,5,2,0,1,0,0,0,0,1,406221.883000000379980,5758645.970000000670552,7.634842306000053,51.970578543000045,0,05240718702100485258
05,5,62,004,2024,07,22,5,2,0,6,2,0,1,0,1,0,0,381990.143299999646842,5720746.385900000110269,7.295143702000075,51.625348876000032,0,05240718701800508939
05,5,62,016,2024,07,11,5,3,0,6,0,1,1,0,0,0,0,374840.714999999850988,5732846.596999999135733,7.187574423000058,51.732548286000053,0,05240718701700484534
05,5,62,024,2024,07,15,5,3,5,3,0,0,1,0,1,0,0,367063.831000000238419,5725897.023000000044703,7.077673302000051,51.668306770000072,0,05240718701500498124
05,5,13,000,2024,07,19,5,3,2,2,0,0,1,0,1,0,1,365040.493099999614060,5717966.828500000759959,7.051489821000075,51.596561215000065,0,05240718700000505036
05,5,13,000,2024,07,16,5,3,5,3,0,0,1,0,0,0,0,367585.851800000295043,5711600.332900000736117,7.090615830000047,51.539952033000077,0,05240718700000501779
05,5,15,000,2024,07,14,6,2,0,5,0,1,1,0,0,0,0,405406.466599999926984,5756028.464999999850988,7.623696488000064,51.946913117000065,0,05240726702100798870
05,5,12,000,2024,07,22,5,3,3,6,2,1,1,0,0,0,0,356392.669499999843538,5710878.786599999293685,6.929615776000048,51.530731701000036,0,05240718701400506349
05,5,66,020,2024,07,11,4,2,2,6,0,0,1,0,0,0,1,401285.071899999864399,5802147.938699999824166,7.550346970000021,52.360712829000079,0,05240717709700448070
05,5,66,024,2024,07,08,4,2,5,2,0,0,1,0,0,1,0,384336.275000000372529,5770360.605000000447035,7.312423131000060,52.071735165000064,0,05240717709300436507
05,5,58,016,2024,07,16,4,3,5,3,0,1,0,0,1,0,0,379345.063400000333786,5746433.770700000226498,7.248041603000047,51.855644895000069,0,05240717706100457269
05,5,58,016,2024,07,19,4,3,9,1,0,0,1,0,0,0,0,380848.037700000219047,5742075.064999999478459,7.271355657000072,51.816795624000065,0,05240717706000461138
05,5,54,012,2024,07,18,4,3,2,6,0,0,0,0,1,0,0,345198.570000000298023,5741493.866000000387430,6.754795703000070,51.802838303000044,0,05240717705000461450
05,5,62,024,2024,07,10,4,3,0,1,0,0,0,0,1,0,0,367048.732800000347197,5725903.178400000557303,7.077452764000043,51.668358512000054,1,05240717701500435990
05,5,62,014,2024,07,17,4,3,0,7,0,0,0,1,0,0,1,362338.978600000031292,5712385.381100000813603,7.014697875000024,51.545751448000033,0,05240717701300459031
05,5,13,000,2024,07,14,4,3,5,2,0,1,1,0,0,0,0,366793.538999999873340,5714792.940999999642372,7.077988509000022,51.568456247000029,0,05240717700000453776
05,5,54,008,2024,07,06,4,2,5,3,0,0,1,0,0,0,0,335825.299999999813735,5746826.369000000879169,6.616442713000026,51.848069438000039,1,05240724705000680146
05,5,62,012,2024,07,22,5,2,5,3,1,1,1,0,0,0,0,363099.696399999782443,5731892.208399999886751,7.018033516000060,51.721227941000052,0,05240718701620507104
05,5,70,004,2024,07,07,4,3,2,6,0,0,1,0,1,0,0,426014.271999999880791,5737270.871999999508262,7.927486117000058,51.781413050000026,0,05240731711200938468
05,5,54,008,2024,07,19,7,3,3,6,0,1,1,0,0,0,0,335286.212500000372529,5745846.373099999502301,6.609090053000045,51.839107000000070,0,05240727705000816237
05,5,66,028,2024,07,22,4,2,9,7,2,0,1,0,0,0,0,407754.409799999557436,5796781.292899999767542,7.646794306000061,52.313604818000044,0,05240731709700966326
05,5,70,052,2024,07,21,3,3,4,2,1,0,1,0,0,0,0,430152.050999999977648,5755158.491000000387430,7.983840985000029,51.942750266000075,0,05240716711100419229
05,5,66,088,2024,07,14,3,3,5,3,0,0,1,0,0,0,0,419487.650999999605119,5788084.441999999806285,7.820950151000034,52.237278202000027,0,05240716709800635100
05,5,66,076,2024,07,19,3,2,5,3,0,0,1,0,0,0,1,393969.360000000335276,5793403.905999999493361,7.445711895000045,52.280762499000048,0,05240716709500416078
05,5,66,016,2024,07,11,3,2,5,7,0,1,0,0,1,0,0,405337.343100000172853,5790300.410800000652671,7.613168194000025,52.254943971000046,0,05240716709500399690
05,5,66,024,2024,07,15,3,3,8,1,0,0,1,0,0,0,0,384750.353000000119209,5772679.496500000357628,7.317678298000033,52.092661265000061,0,05240716709300414601
05,5,54,020,2024,07,13,3,3,0,6,0,0,0,0,0,1,1,362010.749300000257790,5780764.523900000378489,6.982668714000056,52.160104542000056,0,05240716705000408895
05,5,54,004,2024,07,13,3,3,9,1,0,0,1,0,0,0,0,365355.201999999582767,5771158.846999999135733,7.035330996000027,52.074618749000081,0,05240716705000407363
05,5,15,000,2024,07,21,3,2,0,1,2,0,0,0,0,0,1,405969.089700000360608,5756347.992599999532104,7.631792521000023,51.949880572000041,0,05240716702100419890
05,5,62,028,2024,07,20,3,3,5,3,0,0,1,0,0,0,1,379639.313299999572337,5722403.747400000691414,7.260628796000049,51.639746297000045,0,05240716701920421325
05,5,62,004,2024,07,16,3,3,5,2,0,0,0,0,1,0,1,382154.811999999918044,5720849.128000000491738,7.297486924000054,51.626306787000033,1,05240716701800413082
05,5,62,004,2024,07,15,3,3,6,7,0,0,1,1,0,0,0,384708.874099999666214,5716764.257999999448657,7.335711910000043,51.590122063000081,0,05240716701800412247
05,5,12,000,2024,07,16,3,3,2,6,0,0,1,0,0,0,0,358729.841099999845028,5719769.993000000715256,6.959712691000050,51.611216980000052,1,05240716701400414121
05,5,12,000,2024,07,14,3,3,1,7,0,0,1,0,0,0,0,353824.668600000441074,5710861.670900000259280,6.892626766000035,51.529918946000066,0,05240716701400410018
05,5,62,032,2024,07,17,3,3,5,2,0,1,1,0,0,0,0,376518.688400000333786,5718330.300599999725819,7.216990652000050,51.602461024000036,0,05240716701110414687
05,5,70,004,2024,07,16,2,3,5,3,0,1,1,0,0,0,0,422949.697900000028312,5732886.088999999687076,7.884042588000057,51.741581933000077,0,05240715711200369358
05,5,70,040,2024,07,12,2,3,0,7,0,1,0,0,0,0,0,413429.126400000415742,5747193.675799999386072,7.742611546000035,51.868804273000080,0,05240715711200360508
05,5,70,012,2024,07,17,2,3,6,4,0,0,1,1,0,0,0,439266.611999999731779,5753642.057000000029802,8.116690517000052,51.930187249000028,0,05240715711100368361
05,5,66,028,2024,07,17,2,3,5,3,0,1,1,0,0,0,0,411938.457000000402331,5792077.157800000160933,7.709384946000057,52.272010072000057,0,05240715709700369565
05,5,66,008,2024,07,22,2,3,7,1,2,1,0,0,0,0,0,397929.213999999687076,5780573.394500000402331,7.507608653000034,52.166197171000078,0,05240715709110374174
05,5,58,008,2024,07,07,2,3,8,6,0,1,0,0,0,0,1,387567.639399999752641,5760207.212300000712276,7.362884970000039,51.981149679000055,0,05240715706000426831
05,5,58,036,2024,07,07,2,2,5,3,0,0,1,0,0,0,1,391925.980700000189245,5727650.407199999317527,7.436489497000025,51.689399252000044,0,05240715706000344539
05,5,54,036,2024,07,13,2,3,8,1,0,0,1,0,0,0,0,372203.486800000071526,5770598.839099999517202,7.135408633000054,52.071209277000037,0,05240715705000365135
05,5,54,008,2024,07,11,2,3,5,3,0,1,1,0,0,0,0,334603.151999999769032,5745922.906999999657273,6.599147846000051,51.839592660000051,0,05240715705000349578
05,5,54,012,2024,07,03,2,3,0,7,2,0,0,0,1,0,0,354845.580099999904633,5746335.680999999865890,6.892578274000073,51.848930162000045,0,05240715705000330879
05,5,62,004,2024,07,15,2,3,2,6,0,0,1,0,0,1,0,383260.241499999538064,5718182.061200000345707,7.314338033000070,51.602566539000065,0,05240715702340370195
05,5,62,032,2024,07,13,2,3,3,3,0,1,1,0,0,0,0,379554.838999999687076,5719383.008999999612570,7.260447497000030,51.612579680000067,0,05240715701110361482
05,5,13,000,2024,07,19,2,3,2,6,0,0,1,0,0,0,0,367271.906200000084937,5707025.917999999597669,7.087814429000048,51.498769487000061,0,05240715700000370706
05,5,13,000,2024,07,13,2,3,6,4,0,0,1,1,0,0,0,368824.175999999977648,5708854.164000000804663,7.109484418000022,51.515561955000067,0,05240715700000359328
05,5,66,088,2024,07,12,7,3,0,7,0,0,0,1,0,0,1,419451.529299999587238,5788110.623700000345707,7.820415054000023,52.237508257000059,0,05240720709800566001
05,5,54,024,2024,07,01,7,2,8,7,2,0,1,0,0,0,0,369367.931300000287592,5779185.132300000637770,7.090767827000036,52.147702474000027,0,05240720702340549908
05,5,70,024,2024,07,17,6,3,2,2,0,0,1,0,0,0,0,421591.867999999783933,5751931.888000000268221,7.860066433000043,51.912604837000060,0,05240719711100543999
05,5,62,024,2024,07,18,4,3,0,1,0,0,0,0,1,0,0,374703.426199999637902,5725682.805299999192357,7.188161348000051,51.668137243000047,0,05240724701500752635
05,5,62,024,2024,07,06,3,3,5,3,0,0,1,0,0,0,0,367764.847900000400841,5724269.213999999687076,7.088420122000059,51.653843936000044,0,05240730701500886310
05,5,54,008,2024,08,10,5,2,5,3,0,1,1,0,0,0,0,334392.763000000268221,5747106.059900000691414,6.595530263000057,51.850158901000043,0,05240801705000980928
05,5,66,028,2024,07,09,1,3,8,1,0,0,1,0,0,0,0,408530.333499999716878,5795821.953299999237061,7.658434121000028,52.305112081000061,0,05240714709700318339
05,5,66,076,2024,07,19,1,3,0,1,0,1,0,0,0,0,0,393571.771300000138581,5792661.761299999430776,7.440120275000027,52.274015860000077,0,05240714709500325264
05,5,58,008,2024,07,17,1,3,0,7,0,0,0,0,1,0,0,377617.986800000071526,5758249.040500000119209,7.218779901000062,51.961449862000052,1,05240714706000323391
05,5,54,020,2024,07,23,1,3,1,1,2,0,1,0,0,0,0,366351.869800000451505,5785815.677100000903010,7.044102046000035,52.206559350000077,0,05240714705000329865
05,5,54,020,2024,07,14,1,2,0,1,0,1,0,0,0,0,0,363957.552000000141561,5788112.312999999150634,7.008161473000030,52.226609291000045,0,05240714705000321560
05,5,54,012,2024,07,13,1,3,8,1,0,0,0,0,1,0,0,351891.012299999594688,5743327.326400000602007,6.851002323000046,51.821124450000070,0,05240714705000320508
05,5,62,036,2024,07,15,1,2,0,7,0,0,0,0,1,0,0,386506.452499999664724,5720016.222400000318885,7.360596824000027,51.619715315000064,1,05240714701930323259
05,5,62,004,2024,07,15,1,2,1,6,0,0,1,0,1,0,0,383230.379999999888241,5711758.105299999937415,7.316042424000045,51.544823617000077,0,05240714701800324554
05,5,62,016,2024,07,15,1,3,2,2,0,0,1,0,0,0,0,378626.445500000379980,5734148.558299999684095,7.241912990000060,51.745081648000053,0,05240714701700324091
05,5,62,020,2024,07,21,1,3,5,3,0,0,0,0,1,0,1,371181.572700000368059,5717578.042899999767542,7.140244386000063,51.594505139000034,0,05240714701200327672
05,5,13,000,2024,07,14,1,3,8,7,0,0,0,0,1,0,0,368106.131000000052154,5713292.412100000306964,7.097479351000061,51.555280047000053,0,05240714700000323080
05,5,62,012,2024,07,10,2,3,2,6,0,0,1,0,0,0,0,359318.218999999575317,5725533.915999999269843,6.965887839000061,51.663158061000047,0,05240722701610602243
05,5,58,024,2024,08,14,5,3,4,2,0,1,1,0,0,0,0,392832.317699999548495,5737137.533399999141693,7.446675330000062,51.774843938000060,1,05240801706300996805
05,5,15,000,2024,07,10,4,3,2,7,0,0,1,0,0,0,0,403067.412999999709427,5760216.256999999284744,7.588492931000076,51.984151507000036,0,05240717702100437923
05,5,70,008,2024,07,22,1,3,1,1,2,0,1,0,0,0,0,437059.851599999703467,5738776.550300000235438,8.087308332000021,51.796300819000066,0,05240714301911329255
05,5,66,028,2024,07,23,7,2,0,1,2,1,0,0,0,0,0,410885.360700000077486,5788839.477800000458956,7.694809933000045,52.242739394000068,1,05240713709700312615
05,5,66,072,2024,07,15,7,2,9,1,0,0,1,0,0,0,0,407466.778599999845028,5799653.098799999803305,7.641785800000036,52.339368009000054,1,05240713709700306568
05,5,66,028,2024,07,06,7,3,2,2,0,0,1,0,0,0,0,411913.595300000160933,5792252.937999999150634,7.708974770000054,52.273586047000038,0,05240713709700298616
05,5,66,004,2024,07,09,7,3,8,3,0,0,1,0,0,0,0,395054.728699999861419,5766046.317800000309944,7.470071206000057,52.035094736000076,0,05240713709110302488
05,5,58,004,2024,07,17,7,3,0,3,0,1,1,0,0,0,0,407831.319899999536574,5732760.193800000473857,7.665167863000022,51.738167591000035,0,05240713706000307918
05,5,54,008,2024,07,18,7,3,2,6,0,0,1,0,0,0,0,338101.595800000242889,5745612.800100000575185,6.650028743000064,51.837831907000066,0,05240713705000308429
05,5,54,016,2024,07,10,7,2,8,1,0,0,1,0,0,0,0,365297.120299999602139,5751204.955499999225140,7.042319853000038,51.895304785000064,1,05240713705000300900
05,5,62,004,2024,07,23,7,3,2,6,2,0,1,0,0,0,0,380605.865399999544024,5713366.938699999824166,7.277665866000063,51.558733984000071,0,05240713702340313591
05,5,15,000,2024,07,14,7,3,5,3,0,0,1,0,0,0,1,403189.266900000162423,5759058.803999999538064,7.590593330000047,51.973769258000061,1,05240713702100303898
05,5,62,036,2024,07,23,7,3,0,2,2,1,0,0,0,0,0,390106.199000000022352,5720333.050000000745058,7.412473572000067,51.623277385000051,0,05240713701930312420
05,5,62,008,2024,07,19,7,3,2,6,0,0,1,0,0,0,0,382718.809999999590218,5728571.881999999284744,7.303039764000061,51.695833171000061,0,05240713701910310026
05,5,13,000,2024,07,18,7,3,2,6,0,0,1,0,0,0,0,366310.292600000277162,5711258.135999999940395,7.072363643000074,51.536576178000075,0,05240713700000309107
05,5,13,000,2024,07,10,7,2,6,2,0,0,1,1,0,0,0,365350.321700000204146,5715375.166300000622869,7.056954284000028,51.573345597000070,0,05240713700000300034
05,5,58,016,2024,07,22,2,3,9,1,2,0,0,0,1,0,0,387807.835799999535084,5748974.798100000247359,7.370043286000055,51.880247863000079,0,05240715706000375161
05,5,12,000,2024,07,13,6,3,3,2,0,0,1,0,0,0,0,355987.174100000411272,5708780.206100000068545,6.924631565000027,51.511771023000051,0,05240726701400789261
05,5,70,020,2024,07,16,6,3,8,1,0,0,1,0,0,0,0,439228.861299999989569,5745928.611999999731779,8.117501156000060,51.860838873000034,1,05240712711400289964
05,5,70,020,2024,07,12,6,3,5,2,0,0,1,0,0,1,0,432769.356399999931455,5745289.936300000175834,8.023836574000029,51.854356331000076,0,05240712711400278257
05,5,70,028,2024,07,06,6,2,2,6,0,1,1,0,0,0,0,447100.320100000128150,5737159.029200000688434,8.233135875000073,51.782798432000050,1,05240712711400270336
05,5,70,004,2024,07,22,6,3,8,1,2,0,0,0,1,0,0,422772.291799999773502,5739283.923900000751019,7.880050954000069,51.799071452000078,0,05240712711200294927
05,5,66,076,2024,07,13,6,3,5,3,0,0,1,0,0,0,0,395017.421199999749660,5792304.951300000771880,7.461411354000063,52.271087045000058,1,05240712709500280479
05,5,66,076,2024,07,11,6,3,2,6,0,0,1,0,0,1,0,393145.668999999761581,5793555.680400000885129,7.433594294000045,52.281967015000077,1,05240712709500270177
05,5,66,060,2024,07,10,6,3,0,1,0,1,0,0,0,0,0,388355.300999999977648,5788809.453999999910593,7.364971231000027,52.238361064000060,0,05240712709500269244
05,5,66,004,2024,07,14,6,3,2,1,0,0,1,0,0,0,1,396843.922199999913573,5764166.182700000703335,7.496711717000039,52.018532147000030,1,05240712709110285978
05,5,66,008,2024,07,10,6,3,0,3,0,1,1,0,0,0,0,399401.700000000186265,5781822.078999999910593,7.528760096000042,52.177690360000042,1,05240712709110266172
05,5,58,032,2024,07,21,6,3,0,7,1,0,1,0,0,0,0,385596.286000000312924,5751535.461600000038743,7.337078355000074,51.902812060000031,1,05240712706000312494
05,5,54,024,2024,07,15,6,3,5,3,0,0,1,0,0,0,0,372106.253999999724329,5780547.106000000610948,7.130253184000026,52.160581947000026,1,05240712705000289849
05,5,54,020,2024,07,15,6,2,9,1,0,0,1,0,0,0,0,366996.111299999989569,5781960.164799999445677,7.055037275000075,52.172071565000067,1,05240712705000287728
05,5,12,000,2024,07,15,6,3,2,6,0,0,1,0,0,0,0,354943.512799999676645,5712590.210699999704957,6.908033002000025,51.545739571000070,0,05240712702340289998
05,5,58,032,2024,07,12,6,3,9,6,0,0,1,0,0,0,0,393171.733000000007451,5751444.424000000581145,7.447174682000025,51.903497867000056,1,05240712702330277872
05,5,62,004,2024,07,15,6,3,2,6,0,0,1,0,0,0,0,383174.041400000452995,5714988.729199999943376,7.314156819000061,51.573847975000035,1,05240712701800286763
05,5,62,004,2024,07,09,6,3,0,1,0,0,0,0,1,0,0,383343.666699999943376,5719111.164599999785423,7.315232957000035,51.610934304000068,1,05240712701800265724
05,5,62,012,2024,07,16,6,2,0,7,0,1,0,0,0,0,0,359390.312500000000000,5726219.871999999508262,6.966653500000064,51.669339971000056,1,05240712701610287093
05,5,15,000,2024,07,01,1,3,6,6,2,1,0,1,0,0,0,406281.422299999743700,5756596.900599999353290,7.636267882000027,51.952170592000073,0,05240728702100820973
05,5,15,000,2024,07,15,6,3,5,3,0,1,1,0,0,0,0,405361.739500000141561,5755734.371500000357628,7.623126886000023,51.944262066000078,0,05240726702100794286
05,5,70,040,2024,07,18,5,3,1,3,0,1,1,0,0,0,0,412779.793499999679625,5747120.098600000143051,7.733201450000024,51.868041739000034,0,05240711711200250298
05,5,58,020,2024,07,11,5,1,5,3,0,1,0,0,0,0,1,390243.463000000454485,5759949.000000000000000,7.401913356000023,51.979364043000032,0,05240711706000229206
05,5,54,020,2024,07,19,5,3,4,2,0,1,0,0,0,0,0,366215.753999999724329,5782750.104000000283122,7.043321491000029,52.178980889000059,0,05240711705000295694
05,5,54,024,2024,07,20,5,3,9,1,0,0,1,0,0,0,0,366365.134999999776483,5774248.050000000745058,7.048847368000054,52.102621751000072,0,05240711705000282509
05,5,66,092,2024,07,14,5,3,3,6,0,0,1,0,0,0,0,424030.749300000257790,5791098.594200000166893,7.886788733000060,52.265017736000061,0,05240711702350962901
05,5,66,088,2024,07,13,5,2,3,6,0,0,1,0,1,0,0,423106.623100000433624,5786668.042899999767542,7.874258372000043,52.225063769000030,0,05240711702350238390
05,5,66,016,2024,08,14,4,3,0,1,0,1,0,0,0,0,0,404010.406600000336766,5795020.701199999079108,7.592390928000043,52.297139191000042,0,05240814709500423007
05,5,66,024,2024,08,17,4,2,0,1,0,1,0,0,0,0,0,384185.796000000089407,5771601.750000000000000,7.309807297000020,52.082857795000052,0,05240814709300428636
05,5,54,012,2024,08,19,4,3,0,2,0,1,1,0,0,0,0,352197.090900000184774,5746044.997800000011921,6.854279330000054,51.845623513000078,1,05240814705000430954
05,5,54,068,2024,08,05,4,2,5,2,1,0,1,0,1,0,0,353295.524600000120699,5773067.333799999207258,6.858668938000051,52.088702362000049,0,05240814705000397600
05,5,54,028,2024,08,00,4,2,8,1,2,0,1,0,0,0,0,354858.473000000230968,5744871.906999999657273,6.893379557000060,51.835781335000036,0,05240814705000391392
05,5,15,000,2024,08,15,4,3,5,7,0,0,1,0,0,0,0,405150.935999999754131,5757192.524000000208616,7.619658486000048,51.957332658000041,0,05240814702100425564
05,5,15,000,2024,08,12,4,2,5,3,0,1,1,0,0,0,0,405836.308500000275671,5755801.895400000736117,7.630010664000054,51.944949532000066,0,05240814702100416945
05,5,13,000,2024,08,18,4,3,8,6,0,0,1,0,0,0,0,367356.860899999737740,5707081.999600000679493,7.089016536000031,51.499293419000026,0,05240814700000431868
05,5,13,000,2024,08,18,4,3,0,7,0,0,0,0,0,0,1,366824.584800000302494,5706705.207100000232458,7.081494889000055,51.495782149000036,0,05240814700000430897
05,5,13,000,2024,08,00,4,3,9,1,2,0,1,0,0,0,0,363112.397599999792874,5712092.585500000044703,7.025958626000033,51.543308430000081,0,05240814700000391856
05,5,70,028,2024,08,21,4,3,9,6,2,0,1,0,0,0,0,444394.382399999536574,5741876.351299999281764,8.193156348000059,51.824946518000047,1,05240814400410438362
05,5,66,012,2024,08,10,3,2,0,2,0,1,0,0,0,0,0,405352.069899999536574,5773095.654500000178814,7.618185067000070,52.100309124000034,0,05240813709110361024
05,5,58,008,2024,08,16,3,2,5,3,0,0,1,0,1,0,0,378673.211600000038743,5756998.443600000813603,7.234571952000067,51.950442321000025,0,05240813706200383246
05,5,58,016,2024,08,17,3,3,8,1,0,0,0,0,1,0,0,389096.030199999921024,5745765.924200000241399,7.389780848000044,51.851665462000028,0,05240813706100385559
05,5,58,012,2024,08,13,3,3,2,6,0,0,1,0,0,0,0,374649.156899999827147,5753120.910599999129772,7.177462065000043,51.914704557000050,0,05240813706000379248
05,5,54,068,2024,08,19,3,2,8,1,0,0,0,0,1,0,0,348104.536399999633431,5771852.708599999547005,6.783501335000039,52.076389918000075,0,05240813705000388001
05,5,54,044,2024,08,18,3,3,5,3,0,0,1,0,0,0,1,365600.001600000075996,5744275.966199999675155,7.049414836000039,51.833114391000038,0,05240813705000385828
05,5,54,012,2024,08,18,3,3,5,3,0,1,0,0,0,0,0,348083.356999999843538,5752427.035000000149012,6.791797491000068,51.901858686000026,0,05240813705000385533
05,5,62,014,2024,08,18,3,3,8,1,0,0,1,0,0,0,0,357024.706399999558926,5716343.485799999907613,6.936499772000047,51.579996856000037,1,05240813702340408634
05,5,62,014,2024,08,15,3,3,3,6,0,0,1,0,0,0,0,357582.024400000460446,5713682.317099999636412,6.945616210000026,51.556225128000051,0,05240813702340384232
05,5,62,004,2024,08,08,3,2,2,6,0,0,1,0,0,1,0,382883.094399999827147,5713559.506899999454618,7.310436630000027,51.560942170000033,0,05240813702340360838
05,5,15,000,2024,08,08,3,2,1,1,0,1,0,0,0,0,0,405575.970800000242889,5754349.285199999809265,7.626622989000055,51.931848666000064,0,05240813702100351543
05,5,62,004,2024,08,12,3,3,2,6,0,0,1,0,0,0,0,383075.137699999846518,5715480.906799999997020,7.312566423000021,51.578251018000060,0,05240813701800371901
05,5,62,016,2024,08,18,3,2,5,2,0,0,1,0,1,0,0,376428.859000000171363,5738083.592700000852346,7.208698324000068,51.779965187000073,1,05240813701700386920
05,5,62,012,2024,08,14,3,3,5,3,0,1,1,0,0,0,0,359291.468200000002980,5725821.241100000217557,6.965385624000021,51.665733210000042,0,05240813701610771829
05,5,12,000,2024,08,16,3,3,3,3,0,0,1,0,0,0,1,359737.318900000303984,5711410.556600000709295,6.977590995000071,51.536350991000063,0,05240813701400383748
05,5,13,000,2024,08,11,3,3,5,3,0,0,1,0,1,0,0,367422.740000000223517,5708573.354000000283122,7.089404449000028,51.512711253000077,0,05240813700000426542
05,5,13,000,2024,08,12,3,3,5,3,0,0,1,0,0,0,0,369202.947300000116229,5716067.965199999511242,7.112258173000043,51.580478593000066,0,05240813700000375948
05,5,70,044,2024,08,17,2,3,2,6,0,0,1,0,0,0,0,416938.541899999603629,5760668.572200000286102,7.790318414000069,51.990464618000033,0,05240812711100337092
05,5,66,048,2024,08,08,2,3,2,6,0,0,1,0,0,0,1,425873.601099999621511,5791988.882600000128150,7.913591907000068,52.273271953000062,0,05240812709700302623
05,5,66,036,2024,08,10,2,2,5,3,0,1,1,0,0,0,0,387326.936999999918044,5768419.930999999865890,7.356678722000026,52.054910556000038,0,05240812709300309355
05,5,58,020,2024,08,10,2,2,0,7,0,0,1,1,0,0,0,390687.057000000029802,5759836.938999999314547,7.408405213000037,51.978444340000067,0,05240812706000328678
05,5,54,048,2024,08,07,2,3,5,3,0,1,1,0,0,0,0,338713.300999999977648,5743086.903000000864267,6.660076400000037,51.815316944000074,0,05240812705000315285
05,5,54,064,2024,08,07,2,3,1,5,0,0,0,0,1,0,1,361570.616000000387430,5751220.090500000864267,6.988190867000071,51.894527682000046,0,05240812705000299850
05,5,66,076,2024,08,12,2,3,0,1,0,0,0,0,1,0,0,393200.144700000062585,5797999.785800000652671,7.432982961000050,52.321917370000051,0,05240812702350769557
05,5,15,000,2024,08,17,2,3,0,6,0,1,1,0,0,0,0,411042.565999999642372,5751987.658999999985099,7.706721119000065,51.911521120000032,0,05240812702100337125
05,5,15,000,2024,08,17,2,3,5,3,0,1,1,0,0,0,0,404848.396099999547005,5755232.102099999785423,7.615799693000042,51.939659894000044,0,05240812702100336712
05,5,15,000,2024,08,16,2,3,5,2,0,0,1,0,0,1,0,406001.835400000214577,5755004.540500000119209,7.632636138000066,51.937810512000055,0,05240812702100335930
05,5,62,012,2024,08,18,2,2,2,6,0,0,1,0,1,0,0,359815.235600000247359,5725159.089400000870228,6.973219663000066,51.659914126000047,0,05240812701610335983
05,5,12,000,2024,08,22,2,2,5,2,2,0,1,0,0,0,0,355009.865799999795854,5709464.959699999541044,6.910275970000043,51.517674087000046,0,05240812701400341666
05,5,12,000,2024,08,17,2,3,0,1,0,0,0,0,1,0,0,356070.554999999701977,5708771.144999999552965,6.925836019000030,51.511710848000064,0,05240812701400335543
05,5,62,032,2024,08,15,2,3,5,3,0,1,1,0,0,0,0,377529.734500000253320,5720594.708599999547005,7.230790908000074,51.623032634000026,0,05240812701110332829
05,5,13,000,2024,08,11,2,3,1,7,0,1,1,0,0,0,0,365040.477800000458956,5717967.136299999430776,7.051489482000022,51.596563977000073,0,05240812700000329102