ULAND,UREGBEZ,UKREIS,UGEMEINDE,UJAHR,UMONAT,USTUNDE,UWOCHENTAG,UKATEGORIE,UART,UTYP1,ULICHTVERH,IstRad,IstPKW,IstFuss,IstKrad,IstGkfz,IstSonstige,LINREFX,LINREFY,XGCSWGS84,YGCSWGS84,STRZUSTAND,UIDENTSTLAE
05,5,13,000,2024,08,11,2,3,3,6,0,0,1,0,0,0,0,365814.965499999932945,5714380.965399999171495,7.064034794000065,51.564522011000065,0,05240812700000321229
05,5,70,032,2024,08,18,1,2,5,3,0,0,1,0,1,0,0,417311.974999999627471,5769552.844000000506639,7.793608182000071,52.070380354000065,0,05240811711100287253
05,5,66,072,2024,08,13,1,2,8,1,0,0,0,0,1,0,0,414201.289900000207126,5802603.351800000295043,7.739854810000054,52.366980392000073,0,05240811709700283879
05,5,66,004,2024,08,15,1,3,5,2,0,1,1,0,0,0,0,395076.944299999624491,5766061.557399999350309,7.470390272000031,52.035235908000061,0,05240811709110284488
05,5,58,044,2024,08,13,1,2,0,7,0,1,0,0,0,0,1,398404.184299999848008,5746822.312300000339746,7.524565137000025,51.862932369000077,0,05240811706300284832
05,5,54,012,2024,08,14,1,2,5,3,0,0,1,0,1,0,0,353733.186800000257790,5747279.977700000628829,6.876040377000038,51.857124335000037,0,05240811705000285400
05,5,15,000,2024,08,12,1,3,8,1,0,1,0,0,0,0,0,410855.105999999679625,5760048.063899999484420,7.701906159000032,51.983943974000056,0,05240811702100283349
05,5,15,000,2024,08,00,1,3,0,1,2,0,0,0,0,0,1,404140.091000000014901,5755046.891000000759959,7.605550664000020,51.937873567000054,0,05240811702100274684
05,5,62,004,2024,08,13,1,3,5,3,0,0,1,0,1,0,0,381730.506000000052154,5712399.127000000327826,7.294207205000021,51.550272563000078,0,05240811701800284809
05,5,62,004,2024,08,03,1,3,8,7,2,0,1,0,0,0,0,382430.714499999769032,5717807.996600000187755,7.302491120000070,51.599032023000063,0,05240811701800276679
05,5,62,012,2024,08,11,1,3,4,2,0,0,1,0,1,0,0,363618.317599999718368,5738741.436699999496341,7.022850409000057,51.782901390000063,0,05240811701620281613
05,5,62,024,2024,08,11,1,3,2,6,0,0,1,0,0,0,0,374091.401800000108778,5725836.415799999609590,7.179260673000044,51.669380913000055,0,05240811701500295185
05,5,13,000,2024,08,15,1,3,5,3,0,0,1,0,0,0,0,370127.160000000149012,5710988.779999999329448,7.127465313000073,51.535046552000040,0,05240811700000287788
05,5,13,000,2024,08,15,1,3,3,6,0,0,1,0,1,0,0,368807.672100000083447,5708992.068099999800324,7.109195371000055,51.516797440000062,0,05240811700000284810
05,5,13,000,2024,08,12,1,3,8,1,0,0,0,0,1,0,0,362875.514999999664724,5716075.800000000745058,7.020991089000063,51.579045164000036,0,05240811700000281808
05,5,66,016,2024,08,05,2,3,5,3,1,0,1,0,1,0,0,403714.723600000143051,5793002.439899999648333,7.588633073000040,52.278947745000039,0,05240812709500297835
05,5,62,012,2024,08,09,4,2,5,3,0,0,1,0,0,0,0,359776.629200000315905,5725162.408999999985099,6.972660539000060,51.659934325000052,0,05240814701610406204
05,5,54,012,2024,08,15,3,3,3,6,0,1,1,0,0,0,0,352304.366000000387430,5745679.483999999240041,6.855991604000053,51.842367796000076,0,05240813705000381519
05,5,70,008,2024,08,23,7,3,9,7,2,0,0,0,1,0,0,431681.592000000178814,5740147.867000000551343,8.009060306000038,51.807997695000040,0,05240810711300273783
05,5,66,088,2024,08,20,7,3,0,1,1,0,0,0,1,0,0,418919.649000000208616,5786064.410000000149012,7.813118408000037,52.219037423000032,0,05240810709800274432
05,5,66,088,2024,08,16,7,3,4,2,0,0,1,0,0,0,0,419756.405000000260770,5785762.862999999895692,7.825435834000075,52.216449421000050,0,05240810709800266734
05,5,66,076,2024,08,22,7,3,0,7,2,0,1,0,0,0,1,392029.935499999672174,5793024.802400000393391,7.417415199000061,52.276977928000065,0,05240810709500273145
05,5,66,076,2024,08,18,7,2,4,6,0,1,0,0,0,0,0,392768.166600000113249,5793217.947499999776483,7.428170061000060,52.278858244000048,0,05240810709500268039
05,5,58,012,2024,08,06,7,3,0,7,1,0,1,0,0,0,0,376052.149199999868870,5754868.873099999502301,7.197220555000058,51.930726847000074,0,05240810706200259514
05,5,58,016,2024,08,15,7,2,2,2,0,0,1,0,1,0,0,375922.633700000122190,5743215.599199999123812,7.199527061000026,51.825973610000062,0,05240810706000267055
05,5,58,012,2024,08,06,7,3,9,7,0,0,1,0,0,0,0,375685.856399999931455,5752227.686799999326468,7.192849344000024,51.906909863000067,0,05240810706000260595
05,5,54,020,2024,08,16,7,3,5,2,0,1,1,0,0,0,0,363792.154299999587238,5786610.455800000578165,7.006346005000069,52.213073966000081,0,05240810705000418975
05,5,54,040,2024,08,16,7,2,4,3,0,0,1,0,1,0,0,351802.440000000409782,5738107.918999999761581,6.851948650000054,51.774204913000062,0,05240810705000267685
05,5,62,012,2024,08,23,7,3,2,6,2,0,1,0,0,0,0,356059.043999999761581,5726615.888000000268221,6.918350955000051,51.672054842000080,0,05240810702340274145
05,5,54,024,2024,08,00,7,3,9,6,2,0,1,0,0,1,0,368904.651499999687076,5774193.153599999845028,7.085924411000065,52.102736085000060,0,05240810702340267025
05,5,15,000,2024,08,19,7,3,2,6,0,0,1,0,0,0,1,408964.218999999575317,5756241.442999999970198,7.675388919000056,51.949421125000072,0,05240810702100270669
05,5,15,000,2024,08,12,7,3,4,6,0,1,0,0,0,0,0,406023.543999999761581,5753604.916099999099970,7.633334118000050,51.925233651000042,0,05240810702100263759
05,5,62,012,2024,08,20,7,3,1,1,1,0,1,0,1,0,0,359065.353299999609590,5726948.853900000452995,6.961663362000024,51.675809015000027,0,05240810701610270910
05,5,62,020,2024,08,16,7,3,5,3,0,0,1,0,0,0,0,371805.886300000362098,5718124.078999999910593,7.149053016000039,51.599554717000046,0,05240810701200268227
05,5,54,008,2024,08,18,1,2,6,1,0,1,0,1,0,0,0,335568.433500000275671,5743120.243799999356270,6.614477568000041,51.814700196000047,0,05240811705000287816
05,5,70,044,2024,08,11,6,3,5,2,0,1,1,0,0,0,0,415494.310999999754131,5757558.961999999359250,7.770056033000060,51.962294713000063,0,05240809711100230972
05,5,66,068,2024,08,05,6,1,4,6,2,0,1,0,0,1,0,374040.835300000384450,5784456.679999999701977,7.157067984000037,52.196158296000078,1,05240809709300195581
05,5,66,008,2024,08,23,6,3,0,7,2,1,0,0,0,0,0,400069.711600000038743,5781106.093200000002980,7.538737159000050,52.171376651000060,0,05240809709110253840
05,5,58,020,2024,08,13,6,3,9,1,0,0,0,0,0,0,1,392794.354799999855459,5761710.194700000807643,7.438489444000027,51.995691055000066,0,05240809706200248441
05,5,58,016,2024,08,21,6,3,0,1,1,0,0,0,1,0,0,381749.243999999947846,5745031.521999999880791,7.283413815000074,51.843557252000039,0,05240809706100267852
05,5,58,016,2024,08,17,6,3,1,5,0,1,1,0,0,0,0,381432.201500000432134,5743403.993499999865890,7.279371450000042,51.828863173000059,1,05240809706100247272
05,5,58,044,2024,08,18,6,3,2,6,0,0,1,0,0,0,0,395946.512199999764562,5745393.209400000050664,7.489316904000020,51.849634596000044,0,05240809706000247786
05,5,58,012,2024,08,13,6,1,8,1,0,0,1,0,0,0,0,368933.025000000372529,5755749.716600000858307,7.093399992000059,51.937011424000048,1,05240809706000244204
05,5,54,056,2024,08,20,6,3,4,6,0,1,0,0,0,0,0,352875.816100000403821,5762777.857999999076128,6.856975294000051,51.996144281000056,0,05240809705000263029
05,5,54,004,2024,08,16,6,3,5,3,0,0,1,0,0,0,0,361084.834099999628961,5770339.392500000074506,6.973394982000059,52.066201033000027,0,05240809705000244650
05,5,12,000,2024,08,18,6,3,2,6,0,0,1,0,0,0,0,355896.919800000265241,5713447.790200000628829,6.921421735000024,51.553689805000033,0,05240809702340248740
05,5,15,000,2024,08,18,6,3,0,1,0,1,0,0,0,0,1,406630.900399999693036,5756128.735999999567866,7.641478897000070,51.948021272000062,0,05240809702100246800
05,5,15,000,2024,08,09,6,2,5,3,0,1,1,0,0,0,0,406213.129399999976158,5757469.876399999484420,7.635036132000039,51.960005799000044,0,05240809702100215485
05,5,62,004,2024,08,18,6,3,5,3,0,0,1,0,0,0,0,383415.641300000250340,5712072.527300000190735,7.318608689000030,51.547687877000044,0,05240809701800248776
05,5,62,004,2024,08,13,6,3,2,3,0,0,0,0,1,1,0,381722.252899999730289,5712881.279200000688434,7.293926086000056,51.554604252000047,0,05240809701800243166
05,5,12,000,2024,08,20,6,3,5,3,0,0,1,0,0,0,0,356783.600200000219047,5707761.952800000086427,6.936514355000043,51.502823555000077,0,05240809701400250187
05,5,12,000,2024,08,11,6,3,6,4,0,0,0,1,0,0,1,356193.467299999669194,5710023.837999999523163,6.927094932000045,51.522998608000080,0,05240809701400229181
05,5,62,020,2024,08,17,6,2,5,2,0,0,1,0,0,0,1,371563.921000000089407,5719550.919999999925494,7.145038698000064,51.612322398000060,0,05240809701200247278
05,5,62,032,2024,08,13,6,3,2,6,0,0,1,0,1,0,0,374725.838299999944866,5719378.083000000566244,7.190742205000049,51.611481576000074,1,05240809701110236201
05,5,13,000,2024,08,16,6,3,5,3,0,0,1,0,0,0,0,369702.196000000461936,5709020.263000000268221,7.122069766000038,51.517257859000040,0,05240809700000244382
05,5,58,032,2024,08,12,7,3,8,1,0,0,1,0,0,0,0,387986.785199999809265,5754817.658099999651313,7.370742595000024,51.932796356000040,0,05240810706100263176
05,5,70,040,2024,08,18,5,3,8,1,0,0,0,0,0,0,1,413004.257799999788404,5744490.982200000435114,7.737122617000068,51.844443683000065,0,05240808711200179848
05,5,66,028,2024,08,13,5,2,0,1,0,1,0,0,0,0,0,410557.004999999888241,5793987.724999999627471,7.688637438000058,52.288959590000047,0,05240808709700180783
05,5,66,080,2024,08,10,5,3,9,6,0,0,1,0,0,0,0,407567.018600000068545,5780851.343399999663234,7.648403964000067,52.170393711000031,0,05240808709110182243
05,5,66,008,2024,08,17,5,3,6,4,0,0,1,1,0,0,0,399081.686999999918044,5779939.872999999672174,7.524641383000073,52.160715185000072,0,05240808709110177595
05,5,58,044,2024,08,10,5,3,2,2,0,0,1,0,0,0,0,399885.772300000302494,5745436.977099999785423,7.546475457000042,51.850748402000079,0,05240808706300192637
05,5,58,032,2024,08,12,5,3,5,3,0,1,1,0,0,0,0,391552.658800000324845,5750868.764200000092387,7.423830944000031,51.898011210000050,0,05240808706000183339
05,5,58,008,2024,08,09,5,3,5,3,0,1,1,0,0,0,0,382248.800099999643862,5759610.680600000545382,7.285679275000064,51.974686916000053,0,05240808706000180180
05,5,54,024,2024,08,11,5,3,2,6,0,0,1,0,0,0,0,367396.822100000455976,5774951.160000000149012,7.063627572000030,52.109187909000070,0,05240808705000178315
05,5,54,060,2024,08,16,5,3,2,1,0,0,1,0,0,0,0,352774.689000000245869,5756318.382899999618530,6.858272832000068,51.938080944000035,0,05240808705000174007
05,5,62,012,2024,08,14,5,3,2,1,0,0,1,0,0,0,0,359617.779900000430644,5736695.598999999463558,6.965719798000066,51.763528946000065,0,05240808702340166557
05,5,62,016,2024,08,16,5,3,0,1,0,0,1,0,1,0,0,374359.654600000008941,5738831.809699999168515,7.178448248000052,51.786228497000081,0,05240808702330171301
05,5,15,000,2024,08,19,5,3,2,6,0,0,1,0,0,0,0,405828.905000000260770,5759024.385999999940395,7.629019549000077,51.973913462000041,0,05240808702100739287
05,5,15,000,2024,08,12,5,3,0,6,0,0,0,0,0,1,0,408752.326899999752641,5757477.328900000080466,7.671978477000039,51.960495302000027,0,05240808702100174381
05,5,62,008,2024,08,17,5,2,2,6,0,0,1,0,1,0,0,386359.775200000032783,5726448.283199999481440,7.356389215000036,51.677495798000052,0,05240808701910174421
05,5,12,000,2024,08,15,5,3,2,6,0,0,1,0,0,0,0,360591.826700000092387,5709336.493000000715256,6.990724581000052,51.517924812000047,0,05240808701400167749
05,5,66,028,2024,08,12,4,3,1,5,0,1,1,0,0,0,0,417313.499699999578297,5791496.084699999541044,7.788283368000066,52.267621696000049,0,05240814709700413993
05,5,66,068,2024,08,17,4,3,5,2,0,1,1,0,0,0,0,375600.333999999798834,5786418.471000000834465,7.179152075000047,52.214141216000030,0,05240807709300174843
05,5,15,000,2024,08,11,2,3,5,3,0,1,1,0,0,0,0,406307.362999999895692,5751066.836999999359250,7.638150773000064,51.902467846000036,0,05240812702100314896
05,5,58,004,2024,08,18,4,2,5,3,0,1,1,0,0,0,0,403099.430999999865890,5738993.040999999269843,7.594921407000072,51.793394087000081,0,05240807706300182525
05,5,58,012,2024,08,11,4,3,0,1,0,0,1,0,0,0,0,372885.785000000149012,5756256.589999999850988,7.150679642000057,51.942483304000064,0,05240807706200193444
05,5,58,024,2024,08,12,4,3,5,2,0,1,1,0,0,0,0,393635.889999999664724,5736242.926999999210238,7.458592002000046,51.766956453000034,0,05240807706000183192
05,5,66,016,2024,08,17,4,3,2,6,0,0,1,0,0,0,0,403730.942599999718368,5793941.036199999973178,7.588602676000050,52.287386496000067,0,05240807702350164289
05,5,54,028,2024,08,11,4,3,2,6,0,0,1,0,0,0,0,362724.074500000104308,5747151.074100000783801,7.006561343000044,51.858250023000039,0,05240807702340179888
05,5,15,000,2024,08,22,4,3,1,6,2,0,1,0,0,0,0,405104.495099999941885,5756660.087999999523163,7.619129892000046,51.952538979000053,0,05240807702100183695
05,5,15,000,2024,08,14,4,3,5,3,0,0,1,0,0,0,0,403887.851999999955297,5753107.964999999850988,7.602424137000071,51.920402236000029,1,05240807702100178488
05,5,62,028,2024,08,05,4,3,5,2,1,0,1,0,0,0,0,377833.125000000000000,5723276.812000000849366,7.234235386000023,51.647203305000062,0,05240807701920143590
05,5,62,012,2024,08,11,4,2,0,1,0,1,0,0,0,0,0,359078.688000000081956,5726912.850999999791384,6.961870617000045,51.675488847000054,0,05240807701610177085
05,5,62,012,2024,08,13,4,3,0,1,0,1,0,0,0,0,0,363427.815499999560416,5725235.196299999952316,7.025386463000075,51.661487490000070,1,05240807701610174093
05,5,12,000,2024,08,21,4,3,5,2,2,0,1,0,0,0,0,355718.924499999731779,5709822.611400000751019,6.920341853000025,51.521069408000074,0,05240807701400168151
05,5,62,020,2024,08,13,4,3,8,1,0,0,0,0,1,0,0,371779.311999999918044,5716498.288000000640750,7.149263580000024,51.584937864000040,1,05240807701200168741
05,5,62,032,2024,08,13,4,3,4,2,0,1,1,0,0,0,0,376254.909199999645352,5718736.102199999615550,7.213040602000035,51.606050142000072,0,05240807701110167463
05,5,62,032,2024,08,10,4,3,5,2,0,1,1,0,0,0,0,375952.035899999551475,5719281.341600000858307,7.208476291000068,51.610883658000034,0,05240807701110165714
05,5,13,000,2024,08,22,4,3,2,6,2,0,1,0,0,0,0,366466.388000000268221,5709554.247999999672174,7.075258980000058,51.521300958000040,0,05240807700000172453
05,5,13,000,2024,08,23,4,1,6,6,2,0,1,1,0,0,0,369694.997899999842048,5713922.953999999910593,7.120151139000029,51.561315839000031,0,05240807700000165800
05,5,15,000,2024,08,22,1,3,0,7,2,1,0,0,0,0,0,406799.439199999906123,5759439.107200000435114,7.643032037000069,51.977804786000036,0,05240811702100291211
05,5,54,020,2024,08,10,7,3,3,6,0,1,0,0,0,0,1,362579.303399999625981,5786830.063200000673532,6.988516328000060,52.214746028000036,0,05240810705000260109
05,5,70,028,2024,08,13,3,3,5,3,0,1,1,0,0,0,0,441959.362999999895692,5742679.892999999225140,8.157693234000021,51.831922890000044,0,05240806711400176216
05,5,70,044,2024,08,11,3,3,0,7,0,1,0,0,0,0,0,415917.726700000464916,5759576.584499999880791,7.775722925000025,51.980495217000055,0,05240806711100193802
05,5,66,084,2024,08,11,3,3,7,3,0,1,1,0,0,0,0,385342.674999999813735,5779819.198000000789762,7.323914416000036,52.156948246000070,0,05240806709300705646
05,5,58,036,2024,08,16,3,3,9,6,0,0,1,0,1,0,0,389219.953999999910593,5726799.980000000447035,7.397627544000045,51.681228247000035,0,05240806706300183199
05,5,58,028,2024,08,15,3,3,5,3,0,1,1,0,0,0,0,397028.305700000375509,5733047.417899999767542,7.508682446000023,51.738868528000069,0,05240806706300182411
05,5,58,032,2024,08,16,3,3,8,6,0,1,0,0,0,0,0,386685.191800000146031,5754640.614000000059605,7.351877348000073,51.930941723000046,0,05240806706000182933
05,5,58,044,2024,08,19,3,3,9,1,0,0,1,0,0,0,0,401018.650700000114739,5742616.369200000539422,7.563724770000022,51.825597752000078,0,05240806706000182520
05,5,54,004,2024,08,19,3,3,9,1,0,0,1,0,0,0,1,364314.966799999587238,5772428.988700000569224,7.019656973000053,52.085777661000066,0,05240806705000187152
05,5,15,000,2024,08,16,3,2,6,7,0,1,0,1,0,0,0,404390.154099999926984,5755326.551400000229478,7.609109361000037,51.940430290000052,0,05240806702100215183
05,5,15,000,2024,08,19,3,3,0,4,0,1,0,1,0,0,0,406084.762699999846518,5756734.888499999418855,7.633369386000027,51.953377718000070,0,05240806702100182984
05,5,62,012,2024,08,15,3,2,2,6,0,0,1,0,0,0,1,365399.417700000107288,5734485.598400000482798,7.050303779000046,51.745089238000048,0,05240806701620174105
05,5,12,000,2024,08,06,3,3,8,1,0,0,0,0,0,1,0,356000.030500000342727,5720961.620100000873208,6.919825597000056,51.621232932000055,0,05240806701400135360
05,5,62,014,2024,08,13,3,3,5,3,0,0,1,0,0,0,1,361079.841000000014901,5714799.682000000029802,6.995597131000068,51.567138133000071,0,05240806701300177439
05,5,62,032,2024,08,12,3,3,0,1,0,0,0,0,1,0,0,375862.854199999943376,5714178.782700000330806,7.208993597000074,51.565006330000074,0,05240806701120165696
05,5,62,032,2024,08,19,3,3,0,1,0,1,1,0,0,0,0,374642.773400000296533,5719338.346400000154972,7.189557405000073,51.611105972000075,0,05240806701110167744
05,5,13,000,2024,08,17,3,3,0,7,0,0,0,1,0,0,1,362469.329800000414252,5711395.447799999266863,7.016963372000021,51.536887420000028,0,05240806700000180537
05,5,66,076,2024,08,22,2,3,0,7,2,1,0,0,0,0,0,396409.297600000165403,5795263.633700000122190,7.480893078000065,52.297941776000073,0,05240805709500128409
05,5,66,076,2024,08,20,2,3,0,2,0,1,1,0,0,0,0,393630.647300000302494,5794100.563799999654293,7.440528902000040,52.286958054000081,0,05240805709500124488
05,5,66,084,2024,08,06,2,3,2,7,1,0,1,0,0,0,0,391195.183500000275671,5773195.541600000113249,7.411549715000035,52.098603847000049,0,05240805709300089832
05,5,66,068,2024,08,22,2,3,6,4,2,0,0,1,1,0,0,375935.001099999994040,5785200.294099999591708,7.184494343000040,52.203269988000045,0,05240805709000127034
05,5,54,056,2024,08,09,2,3,5,3,0,1,1,0,0,0,0,356877.978000000119209,5763548.694000000134110,6.914906946000031,52.004116109000051,0,05240805705000102776
05,5,54,012,2024,08,10,2,3,5,3,0,1,1,0,0,0,0,353038.725599999539554,5745593.928099999204278,6.866680214000041,51.841792832000067,0,05240805705000101516
05,5,54,036,2024,08,10,2,3,1,1,0,0,0,0,0,1,0,368095.846199999563396,5771122.270500000566244,7.075310565000052,52.074949668000045,0,05240805702340250318
05,5,15,000,2024,08,18,2,3,5,6,0,1,0,0,0,0,0,405902.407300000078976,5752950.512399999424815,7.631751888000053,51.919331074000070,0,05240805702100122545
05,5,15,000,2024,08,09,2,3,5,3,0,1,1,0,0,0,0,401578.336000000126660,5757085.122999999672174,7.567714328000022,51.955746457000032,0,05240805702100095807
05,5,62,028,2024,08,17,2,3,5,2,0,1,1,0,0,0,0,377832.120600000023842,5723277.617900000885129,7.234220594000021,51.647210330000064,0,05240805701920121488
05,5,62,004,2024,08,00,2,3,5,3,2,0,1,0,0,0,0,382460.985999999567866,5717417.516400000080466,7.303058817000021,51.595528850000051,0,05240805701800085857
05,5,62,024,2024,08,13,2,3,5,7,0,0,1,0,0,0,0,367610.474999999627471,5723483.815099999308586,7.086487160000047,51.646749633000070,0,05240805701500114898
05,5,54,020,2024,08,12,2,3,5,7,0,1,1,0,0,0,0,365696.163999999873340,5786968.123999999836087,7.034054882000021,52.216755088000070,0,05240805705000108530
05,5,70,040,2024,08,10,1,2,9,1,0,0,1,0,0,0,0,418073.215900000184774,5747201.422000000253320,7.810046086000057,51.869575329000043,0,05240804711200076477
05,5,70,052,2024,08,01,1,3,4,6,2,1,0,0,0,0,0,430872.134100000374019,5757325.797900000587106,7.993879121000020,51.962323526000034,0,05240804711100079795
05,5,66,016,2024,08,03,1,2,9,1,2,0,1,0,0,0,0,405457.570600000210106,5791559.596200000494719,7.614576295000063,52.266282113000045,1,05240804709500071906
05,5,58,012,2024,08,15,1,3,5,3,0,1,0,0,0,0,0,375485.923499999567866,5755488.481899999082088,7.188765185000022,51.936168627000029,0,05240804706200078387
05,5,58,024,2024,08,17,1,3,9,6,0,0,1,0,0,0,0,391610.507600000128150,5736283.468200000002980,7.429239690000031,51.766932388000043,0,05240804706000081728
05,5,58,016,2024,08,13,1,2,8,1,0,0,0,0,1,0,0,384864.486899999901652,5743168.501199999824166,7.329235117000053,51.827464657000064,0,05240804706000077257
05,5,54,048,2024,08,14,1,3,3,6,0,1,0,0,0,0,0,339425.877899999730289,5745579.401799999177456,6.669249091000040,51.837914169000044,0,05240804705000080576
05,5,54,056,2024,08,13,1,3,9,1,0,0,1,0,0,0,0,359974.343799999915063,5761394.122700000181794,6.960865559000069,51.985546314000032,0,05240804705000078657
05,5,54,064,2024,08,14,1,3,0,7,0,1,0,0,0,0,0,361821.025999999605119,5751443.953999999910593,6.991737976000024,51.896601365000038,0,05240804705000077891
05,5,66,088,2024,08,09,1,2,8,1,0,0,1,0,0,0,0,423093.099700000137091,5786675.591299999505281,7.874058710000043,52.225129732000028,0,05240804702350076332
05,5,15,000,2024,08,11,1,2,0,1,0,1,0,0,0,0,0,403981.135599999688566,5764599.811499999836087,7.600565523000057,52.023710761000075,0,05240804702100075739
05,5,15,000,2024,08,04,1,3,0,1,2,1,0,0,0,0,0,410951.201000000350177,5759643.664999999105930,7.703410044000066,51.980324373000030,0,05240804702100072103
05,5,62,008,2024,08,13,1,3,2,6,0,0,1,0,0,0,0,383571.707000000402331,5720095.418099999427795,7.318197814000030,51.619827659000066,0,05240804701910078523
05,5,62,032,2024,08,12,1,3,0,6,0,0,1,0,0,0,1,375429.727400000207126,5719498.027300000190735,7.200860003000059,51.612715715000036,0,05240804701110076634
05,5,13,000,2024,08,19,1,3,4,2,0,0,1,0,0,0,0,367968.844399999827147,5711124.776499999687076,7.096313582000050,51.535768068000039,0,05240804700000082595
05,5,62,004,2024,08,06,1,3,9,1,0,0,1,0,0,0,0,385230.614500000141561,5717166.683399999514222,7.343108492000056,51.593845514000066,1,05240804301911073496
05,5,66,028,2024,08,18,7,2,5,3,0,1,1,0,0,0,0,412614.150999999605119,5791998.786000000312924,7.719305414000075,52.271413449000079,0,05240803709700066880
05,5,66,092,2024,08,12,7,3,9,1,0,0,0,0,1,0,0,423030.001799999736249,5795076.453099999576807,7.871219076000045,52.300634685000034,0,05240803709700058605
05,5,66,076,2024,08,12,7,3,2,6,0,0,1,0,0,0,0,393765.098399999551475,5792342.636700000613928,7.443053176000035,52.271185207000030,0,05240803709500493100
05,5,66,076,2024,08,07,7,3,9,1,0,0,1,0,0,0,0,395914.045800000429153,5790697.092100000008941,7.475042827000038,52.256807084000059,0,05240803709500055806
05,5,66,076,2024,08,06,7,3,8,1,0,0,1,0,0,0,0,399143.047299999743700,5789098.184100000187755,7.522810888000038,52.243038219000027,0,05240803709500055792
05,5,66,084,2024,08,00,7,3,8,1,2,0,1,0,0,0,0,386846.450000000186265,5781184.888000000268221,7.345431705000067,52.169531880000079,0,05240803709300051322
05,5,58,044,2024,08,18,7,3,3,3,0,1,1,0,0,0,0,396029.153099999763072,5746301.209699999541044,7.490243120000059,51.857811155000036,0,05240803706300064866
05,5,58,016,2024,08,15,7,2,9,7,0,0,0,0,1,0,0,389010.614900000393391,5745817.783700000494719,7.388524578000045,51.852114578000055,0,05240803706000066188
05,5,54,032,2024,08,01,7,3,8,1,2,1,0,0,0,0,0,323111.989500000141561,5742977.329500000923872,6.434024952000073,51.809613828000067,0,05240803705000052022
05,5,62,032,2024,08,03,7,3,8,1,2,0,1,0,0,1,0,378933.204400000162423,5717517.773800000548363,7.252117868000028,51.595682766000039,0,05240803702340053151
05,5,15,000,2024,08,18,7,2,0,1,0,0,0,0,0,0,1,404258.572499999776483,5756368.470499999821186,7.606905620000020,51.949772832000065,0,05240803702100065070
05,5,15,000,2024,08,13,7,3,0,1,0,1,0,0,0,0,0,406809.595999999903142,5756745.894999999552965,7.643910786000049,51.953598581000051,0,05240803702100060422
05,5,66,096,2024,08,16,3,3,5,3,0,0,1,0,0,0,0,380280.928899999707937,5787713.961799999698997,7.247168495000039,52.226819903000035,0,05240813709300384661
05,5,58,016,2024,08,01,1,3,3,6,2,1,1,0,0,0,0,382621.361200000159442,5743664.539999999105930,7.296531627000036,51.831455894000044,0,05240804706100081549
05,5,54,032,2024,08,18,2,2,8,1,0,0,0,0,1,0,0,325571.740500000305474,5747717.252100000157952,6.467280153000047,51.852962682000054,0,05240812705000340579
05,5,12,000,2024,08,14,6,3,5,3,0,1,1,0,0,0,0,355756.795900000259280,5709754.519700000062585,6.920915215000036,51.520467224000072,1,05240809701400243772
05,5,70,048,2024,08,23,6,3,0,1,2,1,0,0,0,0,0,442876.650000000372529,5728680.088600000366569,8.173306345000071,51.706153981000057,0,05240802711300051280
05,5,70,008,2024,08,14,6,3,1,5,0,0,1,0,0,0,0,434585.229299999773502,5734255.088700000196695,8.052281104000031,51.755368579000049,0,05240802711300041643
05,5,66,040,2024,08,20,6,3,8,2,0,0,0,0,1,0,0,421158.940999999642372,5781577.055999999865890,7.846935061000067,52.179026409000073,0,05240802709800054527
05,5,66,076,2024,08,04,6,3,0,7,2,1,0,0,0,0,0,398434.990000000223517,5792461.816800000146031,7.511432199000069,52.273138763000077,0,05240802709500014781
05,5,66,012,2024,08,20,6,3,8,1,1,0,0,0,1,0,0,405975.297399999573827,5769731.620400000363588,7.628208636000068,52.070178630000044,1,05240802709110049263
05,5,58,004,2024,08,19,6,3,2,2,0,0,0,0,1,0,0,411593.981999999843538,5732721.826999999582767,7.719655351000029,51.738428898000052,0,05240802706300047346
05,5,54,004,2024,08,18,6,3,4,2,0,0,1,0,0,0,0,363983.358000000007451,5772079.057000000029802,7.014959793000060,52.082551993000038,0,05240802705000047055
05,5,54,048,2024,08,16,6,3,0,7,0,1,0,0,0,0,0,339275.658699999563396,5745603.563799999654293,6.667059369000071,51.838088026000037,0,05240802705000043528
05,5,54,016,2024,08,09,6,3,1,6,0,0,1,0,0,0,0,364663.478000000119209,5756202.013000000268221,7.031152937000059,51.940053727000077,0,05240802705000025516
05,5,62,012,2024,08,22,6,3,0,6,2,0,1,0,0,0,0,363856.629900000058115,5723030.613800000399351,7.032440710000060,51.641780744000073,0,05240802702340051776
05,5,13,000,2024,08,20,6,3,8,7,0,0,1,0,0,0,0,366282.762099999934435,5714208.927500000223517,7.070845288000044,51.563087100000075,0,05240802702340048664
05,5,62,014,2024,08,14,6,3,2,6,0,0,0,0,0,0,1,356860.836400000378489,5715934.763599999248981,6.934302938000030,51.576282586000048,0,05240802702340041573
05,5,62,024,2024,08,13,6,3,0,3,0,0,1,0,0,0,0,369260.434600000269711,5726669.474400000646710,7.109129430000053,51.675763875000030,0,05240802702340039014