ULAND,UREGBEZ,UKREIS,UGEMEINDE,UJAHR,UMONAT,USTUNDE,UWOCHENTAG,UKATEGORIE,UART,UTYP1,ULICHTVERH,IstRad,IstPKW,IstFuss,IstKrad,IstGkfz,IstSonstige,LINREFX,LINREFY,XGCSWGS84,YGCSWGS84,STRZUSTAND,UIDENTSTLAE
05,5,15,000,2024,08,16,6,3,5,3,0,1,1,0,0,0,0,404852.127000000327826,5750269.133999999612570,7.617225283000039,51.895051081000076,0,05240802702100042935
05,5,62,036,2024,08,07,6,3,6,3,0,0,1,1,0,0,0,389148.071999999694526,5720531.910000000149012,7.398575326000071,51.624876823000079,0,05240802701930018130
05,5,62,014,2024,08,14,6,2,5,3,0,0,1,0,1,0,0,361553.074000000022352,5713141.551999999210238,7.003073620000066,51.552354284000046,0,05240802701300040833
05,5,62,032,2024,08,15,6,3,6,4,0,0,1,1,0,0,0,375973.392099999822676,5714347.589199999347329,7.210527989000070,51.566547756000034,0,05240802701120046205
05,5,13,000,2024,08,11,6,3,0,1,0,0,0,0,1,0,1,367785.438000000081956,5708692.044700000435114,7.094583728000032,51.513862886000027,1,05240802700000058645
05,5,13,000,2024,08,13,6,3,5,6,0,0,1,0,0,0,0,365474.497399999760091,5714379.929999999701977,7.059126089000074,51.564431593000052,0,05240802700000041703
05,5,70,008,2024,08,11,3,3,5,3,0,1,0,0,0,0,1,433892.758799999952316,5739694.110999999567866,8.041214298000057,51.804184290000080,0,05240827711300889460
05,5,70,032,2024,08,17,3,2,2,7,0,0,1,0,0,0,0,425219.135200000368059,5767380.456700000911951,7.909423053000069,52.051976441000079,0,05240827711100908623
05,5,66,076,2024,08,14,3,2,5,3,0,1,0,0,0,0,1,393925.406999999657273,5793275.266000000759959,7.445108325000035,52.279597903000081,0,05240827709500899507
05,5,66,012,2024,08,07,3,3,0,2,0,1,0,0,0,0,0,400845.737999999895692,5776140.958599999547005,7.551530029000048,52.126890747000061,0,05240827709110873572
05,5,58,012,2024,08,16,3,3,5,2,0,1,1,0,0,0,0,374202.018799999728799,5756902.001800000667572,7.169582091000052,51.948582421000026,0,05240827706200904095
05,5,54,012,2024,08,14,3,3,2,1,0,0,1,0,0,0,0,353072.041000000201166,5745566.679199999198318,6.867175040000063,51.841556768000032,0,05240827705000902525
05,5,62,004,2024,08,17,3,3,3,6,0,0,1,0,0,0,1,383369.020100000314415,5718350.482400000095367,7.315851995000060,51.604102794000028,0,05240827702340906091
05,5,12,000,2024,08,11,3,3,2,6,0,0,1,0,0,0,0,356053.809200000017881,5713526.308100000023842,6.923651010000071,51.554435397000077,0,05240827702340891860
05,5,15,000,2024,08,16,3,3,3,2,0,1,1,0,0,0,0,405573.652700000442564,5754359.167600000277162,7.626586571000075,51.931937100000027,0,05240827702100909786
05,5,15,000,2024,08,14,3,3,5,3,0,0,1,0,0,0,0,406636.851900000125170,5756139.725600000470877,7.641562481000051,51.948121051000044,0,05240827702100903049
05,5,15,000,2024,08,12,3,3,1,7,0,1,1,0,0,0,0,404211.457999999634922,5756332.519999999552965,7.606230315000062,51.949441583000066,0,05240827702100894272
05,5,15,000,2024,08,07,3,3,5,2,0,1,1,0,0,0,0,405643.311999999918044,5755616.742000000551343,7.627254438000023,51.943252587000075,0,05240827702100876604
05,5,62,008,2024,08,10,3,3,6,4,0,0,1,1,0,0,0,384583.953499999828637,5721852.102700000628829,7.332234000000028,51.635824737000064,0,05240827701910886096
05,5,62,016,2024,08,08,3,3,5,2,0,1,1,0,0,0,0,374608.137699999846518,5734021.516000000759959,7.183784923000076,51.743055120000065,0,05240827701700878373
05,5,12,000,2024,08,14,3,3,2,6,0,0,1,0,0,0,0,359109.905100000090897,5709889.790899999439716,6.969158940000057,51.522529112000029,0,05240827701400900308
05,5,62,014,2024,08,15,3,3,5,2,0,0,1,0,0,0,1,360807.356399999931455,5715144.575400000438094,6.991531583000040,51.570170184000062,0,05240827701300907953
05,5,13,000,2024,08,10,3,2,3,2,0,0,1,0,1,0,0,367046.441800000146031,5709251.426100000739098,7.083729033000054,51.518716438000070,0,05240827700000886507
05,5,70,008,2024,08,22,3,3,2,6,2,0,1,0,0,0,0,432799.743800000287592,5736763.582000000402331,8.025931958000058,51.777708590000032,0,05240827301000914065
05,5,66,028,2024,08,18,2,3,5,3,0,1,1,0,0,0,0,412573.887000000104308,5793101.847999999299645,7.718429497000045,52.281321683000044,0,05240826709700862167
05,5,66,008,2024,08,19,2,3,7,1,0,1,0,0,0,0,0,399234.187099999748170,5781235.702199999243021,7.526485297000022,52.172389603000056,0,05240826709110863644
05,5,54,016,2024,08,18,2,3,2,7,0,0,1,0,0,0,1,363884.625799999572337,5756904.576300000771880,7.019551545000070,51.946176756000057,0,05240826705000861772
05,5,54,052,2024,08,15,2,3,2,2,0,0,1,0,0,0,0,377772.540000000037253,5767827.370999999344349,7.217611208000051,52.047560538000027,0,05240826705000859652
05,5,54,060,2024,08,13,2,3,5,3,0,1,1,0,0,0,0,350376.248100000433624,5755926.183499999344349,6.823579615000028,51.933917524000037,0,05240826705000854046
05,5,62,014,2024,08,16,2,3,1,6,0,0,1,0,0,1,0,361021.189799999818206,5714996.825099999085069,6.994673476000060,51.568895231000056,0,05240826702340860783
05,5,62,032,2024,08,07,2,2,8,1,0,0,1,0,0,0,0,376798.288399999961257,5716644.323100000619888,7.221617862000073,51.587369967000029,0,05240826702340834683
05,5,15,000,2024,08,11,2,3,0,7,0,1,0,0,0,0,0,412557.945000000298023,5753048.978000000119209,7.728476561000036,51.921301152000069,0,05240826702100843856
05,5,15,000,2024,08,11,2,3,0,7,0,1,0,0,0,0,0,404020.581000000238419,5759268.922100000083447,7.602633241000035,51.975802063000060,0,05240826702100842340
05,5,62,036,2024,08,18,2,3,5,2,0,0,1,0,0,0,0,388759.973100000061095,5719871.904799999669194,7.393180604000065,51.618868108000072,0,05240826701930863620
05,5,62,004,2024,08,11,2,3,3,2,0,1,0,0,0,0,1,382499.349999999627471,5715523.214999999850988,7.304246536000051,51.578511534000029,0,05240826701800843156
05,5,62,004,2024,08,09,2,3,5,3,0,0,1,0,0,0,0,383774.017599999904633,5713373.915100000798702,7.323344765000058,51.559458412000026,0,05240826701800837514
05,5,12,000,2024,08,08,2,3,5,3,0,0,1,0,0,0,1,356027.781899999827147,5710779.108699999749660,6.924399655000059,51.529743096000061,0,05240826701400833255
05,5,62,014,2024,08,14,2,3,5,2,0,1,1,0,0,0,0,361425.790199999697506,5713848.533099999651313,7.000960326000040,51.558676085000059,0,05240826701300852751
05,5,62,032,2024,08,14,2,3,0,7,0,0,0,0,0,0,1,375990.231200000271201,5720921.512900000438094,7.208447130000025,51.625632533000044,0,05240826701110863262
05,5,13,000,2024,08,13,2,3,5,3,0,0,1,0,0,0,1,367768.224000000394881,5708711.336999999359250,7.094328559000076,51.514032232000034,0,05240826700000856815
05,5,13,000,2024,08,13,2,3,3,6,0,0,1,0,0,1,0,365438.660000000149012,5709900.360200000926852,7.060322316000054,51.524167400000067,0,05240826700000854550
05,5,70,052,2024,08,18,1,3,5,3,0,0,1,0,1,0,0,431384.244900000281632,5756545.891699999570847,8.001487192000070,51.955375880000076,0,05240825711100817028
05,5,66,088,2024,08,15,1,2,2,1,0,0,1,0,0,0,0,414873.871799999848008,5787203.339800000190735,7.753623144000073,52.228664346000073,0,05240825709800815984
05,5,66,028,2024,08,18,1,3,0,1,0,0,0,0,1,0,0,406397.521999999880791,5797975.598999999463558,7.626563129000033,52.324109444000044,0,05240825709700817008
05,5,66,084,2024,08,13,2,3,4,1,0,0,0,0,0,1,0,391509.504999999888241,5782868.671000000089407,7.413048908000064,52.185600843000032,0,05240826709300863244
05,5,66,076,2024,08,20,1,3,5,3,2,0,1,0,0,0,0,392804.047000000253320,5793219.307000000029802,7.428695358000027,52.278877460000047,0,05240825709500819987
05,5,66,084,2024,08,14,1,3,5,3,0,1,1,0,0,0,0,388639.082999999634922,5780527.356699999421835,7.371848365000062,52.163987245000044,0,05240825709300813911
05,5,66,064,2024,08,14,1,3,0,3,0,0,1,0,1,0,0,396051.983000000007451,5771526.315999999642372,7.482936003000020,52.084535237000068,0,05240825709110818108
05,5,54,020,2024,08,19,1,3,5,2,0,1,1,0,0,0,0,366340.325000000186265,5785820.048000000417233,7.043931473000043,52.206595825000079,0,05240825705000817409
05,5,66,092,2024,08,23,1,3,2,6,2,0,1,0,0,0,0,421248.001699999906123,5790685.380100000649691,7.846117128000060,52.260912030000043,0,05240825702350821642
05,5,62,032,2024,08,21,1,2,2,6,2,0,1,0,1,0,0,374561.957999999634922,5716273.619999999180436,7.189486717000023,51.583545025000035,0,05240825702340821381
05,5,15,000,2024,08,00,1,2,8,2,2,0,1,1,0,0,0,406231.103299999609590,5757615.931500000879169,7.635257770000067,51.961321642000030,1,05240825702100804630
05,5,12,000,2024,08,20,1,3,5,2,0,1,1,0,0,0,0,358259.906000000424683,5711123.683199999853969,6.956418575000043,51.533404150000081,0,05240825701400818626
05,5,12,000,2024,08,16,1,3,2,2,0,0,1,0,1,0,0,357281.655399999581277,5709681.716800000518560,6.942908316000057,51.520200368000076,0,05240825701400815219
05,5,13,000,2024,08,19,1,2,0,7,0,0,0,0,1,0,0,369070.881599999964237,5709053.489099999889731,7.112963836000063,51.517410485000028,0,05240825700000820446
05,5,13,000,2024,08,16,1,3,5,3,0,1,1,0,0,0,0,364987.945000000298023,5718240.533999999985099,7.050626279000028,51.599008241000035,0,05240825700000816214
05,5,13,000,2024,08,15,1,3,5,3,0,0,1,0,0,0,1,365479.995099999941885,5714341.694399999454618,7.059219992000067,51.564089302000070,0,05240825700000815310
05,5,13,000,2024,08,00,1,3,9,1,2,0,1,0,0,0,0,366275.700500000268221,5711265.788100000470877,7.071862266000039,51.536636751000060,1,05240825700000804680
05,5,12,000,2024,08,15,3,3,4,2,0,0,1,0,0,0,0,354132.455099999904633,5711340.907999999821186,6.896862318000046,51.534304780000070,0,05240827701400902627
05,5,70,004,2024,08,02,7,3,8,1,2,0,1,0,0,0,0,420112.926199999637902,5734228.230399999767542,7.842656784000042,51.753249882000034,1,05240824711200787491
05,5,66,032,2024,08,20,7,2,8,1,2,0,1,0,0,0,0,413483.162499999627471,5777827.485899999737740,7.735659282000029,52.144172958000070,0,05240824709800803492
05,5,66,088,2024,08,20,7,3,9,7,1,0,0,0,1,0,0,423835.616000000387430,5788859.821699999272823,7.884434981000027,52.244866731000059,0,05240824709800802675
05,5,66,012,2024,08,21,7,2,7,7,2,1,0,0,0,0,0,401394.560200000181794,5775128.084000000730157,7.559838132000039,52.117885289000071,1,05240824709110803195
05,5,54,004,2024,08,14,7,2,7,1,0,0,0,0,1,0,0,358384.280100000090897,5770046.598899999633431,6.934146034000037,52.062886481000078,0,05240824705000815339
05,5,54,068,2024,08,23,7,2,9,1,2,0,1,0,0,0,0,352232.484100000001490,5767016.710599999874830,6.845782434000057,52.034057788000041,1,05240824705000805070
05,5,54,020,2024,08,14,7,3,4,2,0,1,1,0,0,0,0,367247.776999999769032,5782660.346000000834465,7.058441182000024,52.178423658000042,0,05240824705000795397
05,5,54,032,2024,08,12,7,3,0,3,0,1,1,0,0,0,0,323519.735000000335276,5747006.551699999719858,6.437879493000025,51.845934095000075,0,05240824705000794812
05,5,54,020,2024,08,10,7,3,3,2,0,1,1,0,0,0,0,365696.163999999873340,5786968.123999999836087,7.034054882000021,52.216755088000070,0,05240824705000790439
05,5,66,028,2024,08,14,7,3,9,6,0,0,1,0,0,0,0,416092.109100000001490,5790418.650399999693036,7.770657005000032,52.257752188000040,0,05240824702350796765
05,5,15,000,2024,08,19,7,3,0,3,0,0,1,0,0,0,0,408208.478000000119209,5754194.665999999269843,7.664942093000036,51.930899247000070,0,05240824702100800200
05,5,15,000,2024,08,13,7,3,9,1,0,0,0,0,1,0,0,400678.421299999579787,5766231.297499999403954,7.551972514000056,52.037793141000066,0,05240824702100794133
05,5,15,000,2024,08,11,7,3,3,7,0,1,0,0,0,0,0,405493.469100000336766,5754792.608899999409914,7.625301606000050,51.935819465000066,0,05240824702100793003
05,5,62,014,2024,08,23,7,2,5,2,2,0,1,0,0,0,0,360018.286500000394881,5715775.323100000619888,6.979902041000059,51.575642752000078,1,05240824701300804463
05,5,13,000,2024,08,06,7,2,0,1,1,0,0,0,1,0,0,368763.923000000417233,5707143.732999999076128,7.109253114000069,51.500176637000038,1,05240824700000789564
05,5,66,028,2024,08,05,2,2,8,1,2,0,1,0,0,0,1,411940.309299999848008,5793039.695000000298023,7.709160728000029,52.280661895000037,0,05240826709700824131
05,5,66,056,2024,08,16,3,3,0,2,0,0,1,0,0,0,1,417213.576700000092387,5796693.050799999386072,7.785542444000043,52.314319556000044,0,05240827709700906482
05,5,66,040,2024,08,19,6,3,0,1,1,0,0,0,1,0,0,419361.865000000223517,5784200.940999999642372,7.820034136000061,52.202352121000047,1,05240823709800781973
05,5,66,040,2024,08,18,6,3,9,1,0,0,1,0,0,0,1,424687.308000000193715,5783518.685000000521541,7.898096081000062,52.196972709000079,1,05240823709800781524
05,5,66,020,2024,08,13,6,3,0,1,0,0,0,0,1,0,0,404469.320700000040233,5804452.159900000318885,7.596436559000040,52.381986716000029,0,05240823709700771195
05,5,66,068,2024,08,07,6,3,5,3,0,1,1,0,0,0,0,376312.087899999693036,5785244.557700000703335,7.189993291000064,52.203752491000046,0,05240823709300752445
05,5,66,008,2024,08,11,6,3,6,7,0,1,0,1,0,0,0,399069.867600000463426,5781307.863800000399351,7.524061822000021,52.173008139000046,0,05240823709110807772
05,5,58,016,2024,08,14,6,3,3,6,0,0,1,0,1,0,0,383149.778699999675155,5745471.668299999088049,7.303586257000063,51.847807818000035,0,05240823706100775287
05,5,54,020,2024,08,21,6,3,2,6,2,0,1,0,1,0,0,365341.073400000110269,5786400.013299999758601,7.029086401000029,52.211563769000065,1,05240823705000783118
05,5,54,012,2024,08,13,6,3,4,1,0,0,1,0,0,0,1,352078.879999999888241,5752774.672100000083447,6.849680919000036,51.906057122000050,0,05240823705000773319
05,5,15,000,2024,08,08,6,3,5,3,0,1,0,0,0,0,1,403559.099999999627471,5754084.982000000774860,7.597371519000035,51.929127189000042,0,05240823702000774573
05,5,12,000,2024,08,23,6,3,1,5,2,0,1,0,1,0,0,356933.498399999924004,5709680.921700000762939,6.937893919000032,51.520105149000074,1,05240823701400785965
05,5,62,014,2024,08,17,6,3,1,5,0,0,0,0,1,0,1,361479.365199999883771,5717577.520800000056624,7.000262159000044,51.592198427000028,0,05240823701300781172
05,5,62,020,2024,08,06,6,3,4,2,0,0,1,0,0,0,1,371425.083300000056624,5715576.701199999079108,7.144490972000028,51.576574963000041,0,05240823701200789571
05,5,13,000,2024,08,15,6,3,1,5,0,0,1,0,0,0,0,364250.023900000378489,5708917.322399999946356,7.043577725000034,51.515048923000052,0,05240823700000777082
05,5,66,028,2024,08,18,7,3,0,6,0,1,1,0,0,0,0,412137.138799999840558,5792895.880599999800324,7.712082678000058,52.279400753000061,0,05240824709700799448
05,5,13,000,2024,08,05,6,3,5,2,1,0,1,0,0,0,0,363716.338999999687076,5719586.855000000447035,7.031754546000059,51.610800394000080,0,05240823700000755396
05,5,66,028,2024,08,23,7,2,0,1,2,1,0,0,0,0,0,412204.516999999992549,5792152.930999999865890,7.713263485000027,52.272733690000052,1,05240824709700805398
05,5,66,044,2024,08,18,1,3,5,3,0,0,1,0,0,0,0,425804.326000000350177,5775713.371999999508262,7.916142006000030,52.126961456000060,0,05240825709800818966
05,5,70,028,2024,08,06,5,3,5,3,0,0,1,0,0,0,1,445979.385599999688566,5737779.993400000035763,8.216791108000052,51.788274075000061,0,05240822711400725581
05,5,70,004,2024,08,17,5,3,5,3,0,1,1,0,0,0,0,425843.179999999701977,5735754.748999999836087,7.925330218000056,51.767760878000047,0,05240822711200741014
05,5,70,040,2024,08,11,5,3,6,4,0,0,1,1,0,0,0,419137.565999999642372,5744376.242399999871850,7.826162940000074,51.844334287000038,0,05240822711200724398
05,5,66,092,2024,08,08,5,3,0,3,0,0,1,0,0,0,1,424526.355999999679625,5790970.299000000581145,7.894078302000025,52.263932745000034,0,05240822709700716269
05,5,66,076,2024,08,13,5,3,2,1,0,0,1,0,0,0,0,391822.821399999782443,5792847.745999999344349,7.414437455000041,52.275345991000052,0,05240822709500739215
05,5,58,020,2024,08,19,5,3,5,3,0,1,1,0,0,0,0,390648.246199999935925,5759178.789200000464916,7.408050069000069,51.972521567000058,0,05240822706100742517
05,5,54,020,2024,08,18,5,3,3,3,0,1,1,0,0,0,0,364754.066700000315905,5786900.575999999418855,7.020300306000024,52.215917701000080,0,05240822705000745214
05,5,54,024,2024,08,16,5,1,9,7,0,1,0,0,0,0,0,367898.570600000210106,5775270.217399999499321,7.070826205000060,52.112174926000080,0,05240822705000738379
05,5,54,020,2024,08,07,5,3,2,6,0,0,1,0,1,0,0,365226.236999999731779,5786778.960999999195337,7.027255811000032,52.214940653000042,0,05240822705000712135
05,5,54,020,2024,08,03,5,3,9,1,2,0,1,0,0,0,0,367015.753999999724329,5786219.688999999314547,7.053653007000037,52.210350159000029,0,05240822705000704599
05,5,15,000,2024,08,15,5,3,0,3,0,1,0,0,0,0,0,406169.361999999731779,5758565.862999999895692,7.634099871000046,51.969849641000053,0,05240822702100738579
05,5,62,004,2024,08,12,5,3,0,1,0,1,0,0,0,0,0,383399.411100000143051,5709693.862999999895692,7.319162596000069,51.526305574000048,0,05240822701800730801
05,5,62,012,2024,08,12,5,2,5,2,0,1,0,0,0,1,0,359667.581100000068545,5725190.309100000187755,6.971073793000073,51.660157814000058,0,05240822701610733966
05,5,62,020,2024,08,19,5,2,5,3,0,0,1,0,0,0,0,370774.725300000049174,5719261.798100000247359,7.133753672000068,51.609543527000028,0,05240822701200743784
05,5,13,000,2024,08,07,5,3,2,6,0,0,1,0,0,0,1,368359.586000000126660,5707112.737999999895692,7.103442735000044,51.499804069000049,0,05240822700000710644
05,5,66,028,2024,08,19,6,3,2,6,0,0,1,0,0,0,0,410657.958800000138581,5790973.854699999094009,7.690915607000022,52.261886786000048,0,05240823702350781205
05,5,58,044,2024,08,16,6,3,8,6,0,0,1,0,0,0,0,402376.016400000080466,5744814.941099999472499,7.582794016000037,51.845598360000054,0,05240823702330779342
05,5,70,052,2024,08,10,4,3,7,7,0,1,1,0,0,0,0,429646.619300000369549,5756505.267799999564886,7.976213478000034,51.954793566000035,0,05240821711100675444
05,5,66,028,2024,08,15,4,3,5,2,0,1,1,0,0,0,0,412362.460400000214577,5792050.549300000071526,7.715604285000040,52.271838653000032,0,05240821709700692996
05,5,66,028,2024,08,15,4,3,8,6,0,0,1,0,1,0,0,413289.031899999827147,5792470.140000000596046,7.729072385000052,52.275756976000082,0,05240821709700692923
05,5,66,056,2024,08,13,4,2,0,3,0,1,1,0,0,0,0,417196.324000000022352,5796945.548000000417233,7.785227269000075,52.316586514000051,0,05240821709700687117
05,5,66,080,2024,08,18,4,3,6,2,0,0,1,1,0,0,0,406010.079099999740720,5781307.087200000882149,7.625518484000054,52.174227001000077,0,05240821709110736154
05,5,66,064,2024,08,07,4,3,5,3,0,1,1,0,0,0,0,395516.188699999824166,5773213.014900000765920,7.474602362000041,52.099593788000050,0,05240821709110667871
05,5,58,040,2024,08,06,4,3,4,6,0,0,1,0,0,0,0,371356.770999999716878,5764285.158999999985099,7.125437739000063,52.014278077000029,0,05240821706000665347
05,5,54,012,2024,08,11,4,3,5,2,0,0,1,0,0,0,0,351364.981100000441074,5747476.116100000217557,6.841593124000042,51.858260936000079,0,05240821705000681164
05,5,54,016,2024,08,07,4,3,5,3,0,1,1,0,0,0,0,361709.820000000298023,5756921.321000000461936,6.987922787000059,51.945790865000049,0,05240821705000679324
05,5,15,000,2024,08,09,4,3,8,1,0,0,1,0,0,0,0,401758.822200000286102,5750196.983500000089407,7.572305981000056,51.893865871000060,0,05240821702330671694
05,5,15,000,2024,08,17,4,3,5,3,0,0,1,0,0,0,0,405900.997000000439584,5760101.257999999448657,7.629773442000044,51.983605050000051,0,05240821702100697916
05,5,15,000,2024,08,13,4,3,5,2,0,1,1,0,0,0,0,403887.837799999862909,5754772.037699999287724,7.601959182000030,51.935359569000070,0,05240821702100693514
05,5,15,000,2024,08,12,4,3,3,2,0,1,1,0,0,0,0,407044.504999999888241,5757870.224999999627471,7.647023867000030,51.963743950000037,0,05240821702100684376
05,5,15,000,2024,08,07,4,2,2,7,0,1,0,0,0,0,0,403420.297299999743700,5754136.041400000452995,7.595339108000076,51.929562063000049,0,05240821702100671976
05,5,62,036,2024,08,13,4,3,3,6,0,1,0,0,0,0,0,388582.379999999888241,5719946.335000000894070,7.390592759000072,51.619501958000058,0,05240821701930692694
05,5,62,016,2024,08,06,4,3,0,1,0,0,1,0,0,0,0,375127.033699999563396,5730340.023499999195337,7.192617012000028,51.710085796000044,1,05240821701700663097
05,5,62,012,2024,08,05,4,3,0,1,2,0,0,0,0,0,1,359100.130499999970198,5726777.748900000005960,6.962235031000034,51.674280230000079,1,05240821701610665747
05,5,12,000,2024,08,18,4,3,6,4,0,1,0,1,0,0,0,357010.998200000263751,5709681.105900000780821,6.939010119000045,51.520126428000026,0,05240821701400697763
05,5,62,032,2024,08,08,4,3,0,1,0,0,0,0,1,0,0,375170.415699999779463,5719961.758999999612570,7.196951641000055,51.616825877000053,0,05240821701110666892
05,5,70,012,2024,08,18,3,3,5,3,0,0,1,0,0,0,0,439278.245000000111759,5751588.256999999284744,8.117221942000072,51.911724833000051,0,05240820711100771657
05,5,70,044,2024,08,09,3,3,5,3,0,1,0,0,0,0,1,419511.930999999865890,5760002.107000000774860,7.827944271000035,51.984852603000036,0,05240820711100629985
05,5,66,056,2024,08,15,3,2,0,7,0,1,0,0,0,0,0,415635.819000000134110,5797760.753000000491738,7.762135122000075,52.323676272000057,0,05240820709700649907
05,5,66,012,2024,08,15,3,2,0,1,0,1,0,0,0,0,0,401047.565999999642372,5777771.505999999120831,7.554002857000057,52.141582094000057,0,05240820709110649766
05,5,54,024,2024,08,05,3,3,0,7,1,0,0,0,1,0,0,368133.441899999976158,5775418.568099999800324,7.074196647000065,52.113564015000065,0,05240820705000617444
05,5,15,000,2024,08,15,3,3,2,1,0,0,1,0,0,0,0,408171.309500000439584,5756623.109999999403954,7.663753129000042,51.952721432000033,0,05240820702100651158
05,5,15,000,2024,08,12,3,3,5,3,0,1,1,0,0,0,0,403490.355999999679625,5760696.560000000521541,7.594514555000046,51.988542238000036,0,05240820702100637278
05,5,15,000,2024,08,10,3,2,3,3,0,1,1,0,0,0,0,410329.454599999822676,5760680.903899999335408,7.694088504000035,51.989547747000074,0,05240820702100631920
05,5,62,036,2024,08,00,3,2,9,7,2,0,1,0,0,0,0,389209.802000000141561,5720391.934000000357628,7.399511011000072,51.623630872000035,0,05240820701930614024
05,5,13,000,2024,08,13,3,3,5,2,0,0,1,0,0,1,0,368729.609000000171363,5710290.645999999716878,7.107587130000070,51.528449346000059,0,05240820700000644579
05,5,15,000,2024,08,18,6,2,0,1,0,1,0,0,0,0,0,410656.667999999597669,5753165.680999999865890,7.700806782000029,51.922048324000059,0,05240823702100780322
05,5,58,040,2024,08,15,3,3,5,3,0,1,1,0,0,0,0,371466.037999999709427,5763564.335000000894070,7.127299548000053,52.007825973000081,0,05240827706200014568
05,5,70,028,2024,08,19,2,3,8,7,1,0,1,0,0,0,0,440032.964499999769032,5744198.149599999189377,8.129476862000047,51.845368767000082,0,05240819711400610084
05,5,70,028,2024,08,08,2,3,2,6,0,0,1,0,0,0,0,441046.020800000056624,5741476.370300000533462,8.144645037000032,51.821007296000062,0,05240819711400578467
05,5,70,044,2024,08,11,2,3,4,6,0,0,1,0,0,1,0,418981.003100000321865,5758778.551699999719858,7.820503666000036,51.973776782000073,0,05240819711100594243
05,5,66,028,2024,08,13,2,3,2,6,0,0,1,0,0,0,0,412093.163200000301003,5790516.337600000202656,7.712058289000026,52.258005743000069,0,05240819709700597662
05,5,66,076,2024,08,06,2,3,0,1,0,1,0,0,0,0,0,396403.798100000247359,5787042.663100000470877,7.483335737000061,52.224055585000031,0,05240819709500569721
05,5,66,012,2024,08,07,2,3,5,3,0,0,1,0,0,0,1,407151.486999999731779,5771155.758300000801682,7.644976077000024,52.083177682000041,0,05240819709110578282
05,5,58,024,2024,08,13,2,3,1,2,0,0,1,0,0,0,0,392898.021200000308454,5737173.186200000345707,7.447616284000048,51.775176962000046,0,05240819706300597861
05,5,58,012,2024,08,13,2,3,0,6,0,1,0,0,0,0,0,373617.736200000159442,5756439.034399999305606,7.161255429000050,51.944289567000055,0,05240819706200597666
05,5,58,012,2024,08,11,2,3,5,3,0,1,1,0,0,0,0,374301.265999999828637,5750471.810000000521541,7.173372819000065,51.890819920000069,0,05240819706200589826
05,5,58,024,2024,08,19,2,3,2,2,0,0,1,0,0,0,0,395087.821399999782443,5740046.795800000429153,7.478475074000073,51.801420038000060,0,05240819706000610177
05,5,54,012,2024,08,15,2,3,5,3,0,0,1,0,1,0,0,348851.319199999794364,5744971.738800000399351,6.806214227000055,51.835085013000082,0,05240819705000603656
05,5,54,004,2024,08,15,2,3,5,3,0,1,1,0,0,0,0,360815.190000000409782,5773496.187000000849366,6.968175849000033,52.094497717000081,0,05240819705000602969
05,5,54,056,2024,08,06,2,3,8,1,1,0,1,0,0,0,0,355870.645499999634922,5762133.308100000023842,6.900837231000025,51.991138384000067,0,05240819705000581157
05,5,62,024,2024,08,09,2,3,0,7,0,0,1,0,0,1,0,369479.369599999859929,5726673.528200000524521,7.112292492000051,51.675851220000027,0,05240819702340582047
05,5,15,000,2024,08,16,2,3,2,6,0,0,1,0,0,0,0,400046.756799999624491,5752502.170700000599027,7.546765286000038,51.914280966000035,0,05240819702330606877
05,5,15,000,2024,08,16,2,3,5,7,0,1,1,0,0,0,0,405749.771099999547005,5753687.610899999737740,7.629331321000052,51.925930670000071,0,05240819702100604847
05,5,62,008,2024,08,21,2,2,1,7,2,0,1,0,1,0,0,384537.423700000159442,5721695.789799999445677,7.331613511000057,51.634410294000077,0,05240819701910612711
05,5,62,004,2024,08,17,2,2,5,3,0,0,1,0,0,0,0,380906.808000000193715,5714270.467399999499321,7.281698923000022,51.566918145000045,0,05240819701800606435
05,5,62,016,2024,08,19,2,3,6,4,0,1,0,1,0,0,0,368014.895499999634922,5730578.919700000435114,7.089647085000024,51.710604560000036,0,05240819701700608987
05,5,12,000,2024,08,20,2,3,2,6,1,0,1,0,0,0,0,356435.862399999983609,5711052.903100000694394,6.930167069000049,51.532307262000074,0,05240819701400612411
05,5,62,020,2024,08,10,2,3,5,2,0,0,1,0,0,0,0,371660.508999999612570,5717025.755000000819564,7.147356889000037,51.589651108000055,0,05240819701200586848
05,5,13,000,2024,08,17,2,3,3,2,0,0,1,0,0,0,0,366192.617499999701977,5709735.213400000706315,7.071246557000052,51.522862430000032,0,05240819700000606420
05,5,13,000,2024,08,09,2,3,0,3,0,1,0,0,0,0,0,364956.543999999761581,5718384.710999999195337,7.050117672000056,51.600296341000046,0,05240819700000588491
05,5,15,000,2024,08,14,6,2,6,4,0,0,1,1,0,0,0,409067.859000000171363,5756692.770300000905991,7.676777073000039,51.953494894000073,0,05240823702100777589
05,5,66,004,2024,08,21,1,1,4,6,2,0,1,0,0,0,0,393191.456000000238419,5768064.385999999940395,7.442287954000051,52.052876503000050,0,05240818709110566246
05,5,62,016,2024,08,14,1,2,8,1,0,0,0,0,1,0,0,373679.828200000338256,5735439.042999999597669,7.169831436000038,51.755585592000045,0,05240818702330560366