ULAND,UREGBEZ,UKREIS,UGEMEINDE,UJAHR,UMONAT,USTUNDE,UWOCHENTAG,UKATEGORIE,UART,UTYP1,ULICHTVERH,IstRad,IstPKW,IstFuss,IstKrad,IstGkfz,IstSonstige,LINREFX,LINREFY,XGCSWGS84,YGCSWGS84,STRZUSTAND,UIDENTSTLAE
05,5,15,000,2024,08,20,1,3,5,3,1,1,1,0,0,0,0,406275.611299999989569,5756673.989800000563264,7.636162325000043,51.952862527000036,0,05240818702100563932
05,5,62,008,2024,08,14,1,3,0,1,0,0,0,0,1,0,0,383032.324799999594688,5728903.697799999266863,7.307462646000033,51.698880785000028,0,05240818701910559065
05,5,62,004,2024,08,16,1,3,0,7,0,0,0,0,0,0,1,382877.235999999567866,5712729.649299999698997,7.310628577000045,51.553482420000080,0,05240818701800561541
05,5,13,000,2024,08,13,1,3,0,1,0,0,0,0,0,0,1,364471.654500000178814,5709785.177999999374151,7.046436098000072,51.522901092000041,1,05240818700000557918
05,5,62,016,2024,08,13,3,3,4,6,0,1,0,0,0,0,0,377757.974600000306964,5736878.592700000852346,7.228379570000072,51.769427758000063,0,05240820701700651099
05,5,70,044,2024,08,18,2,3,5,2,0,0,1,0,0,0,0,419156.417899999767542,5758522.327899999916553,7.823117168000067,51.971499106000067,0,05240826711100863776
05,5,58,024,2024,08,11,2,3,2,6,0,0,1,0,0,0,0,396146.751799999736249,5742038.736800000071526,7.493229786000029,51.819521555000051,0,05240826706300903316
05,5,70,020,2024,08,22,7,2,5,2,2,0,1,0,0,0,0,425907.419700000435114,5742788.280799999833107,7.924757888000045,51.830998614000066,0,05240817711400549244
05,5,70,004,2024,08,19,7,3,5,3,0,0,1,0,1,0,0,424438.353000000119209,5735038.676999999210238,7.905131390000065,51.761135770000067,0,05240817711200544438
05,5,70,052,2024,08,04,7,3,9,1,2,0,1,0,0,0,0,428461.657700000330806,5764006.035800000652671,7.957408114000032,52.022070459000076,1,05240817711100530399
05,5,66,040,2024,08,19,7,3,0,1,0,1,0,0,0,0,0,421552.105999999679625,5780921.263000000268221,7.852835592000076,52.173187612000049,0,05240817709800546703
05,5,66,028,2024,08,07,7,2,9,1,0,0,1,0,0,0,0,410249.299399999901652,5788428.775499999523163,7.685605789000022,52.238944561000039,1,05240817709700532218
05,5,66,004,2024,08,10,7,2,8,1,0,0,0,0,1,0,0,396749.933600000105798,5766943.518899999558926,7.494504262000021,52.043476824000038,1,05240817709110533933
05,5,58,024,2024,08,19,7,3,5,3,0,0,0,0,1,0,1,390865.677099999971688,5733488.012199999764562,7.419327764000059,51.741662389000055,0,05240817706300543935
05,5,58,008,2024,08,15,7,2,4,6,0,0,0,0,1,0,0,385412.641599999740720,5765423.035599999129772,7.329776161000041,52.027584713000067,0,05240817706200541019
05,5,58,012,2024,08,08,7,3,5,2,0,0,1,0,0,1,0,372772.341000000014901,5755030.358999999240041,7.149483683000028,51.931438021000076,1,05240817706200532781
05,5,54,008,2024,08,15,7,3,5,3,0,1,1,0,0,0,0,331398.872000000439584,5748449.130300000309944,6.551448944000072,51.861327540000048,0,05240817705000596719
05,5,54,008,2024,08,00,7,3,0,1,2,1,0,0,0,0,0,334597.531000000424683,5746881.581000000238419,6.598607875000027,51.848203048000073,1,05240817705000527357
05,5,12,000,2024,08,15,7,3,1,6,0,0,1,0,0,0,0,356406.986499999649823,5714446.026900000870228,6.928366220000044,51.562789768000073,0,05240817702340541867
05,5,62,014,2024,08,06,7,3,9,1,0,0,1,0,0,0,1,357014.571600000374019,5716363.376199999824166,6.936345504000030,51.580173015000071,1,05240817702340533712
05,5,62,032,2024,08,08,7,3,9,1,0,0,1,0,0,0,0,378983.077700000256300,5717540.353800000622869,7.252829757000029,51.595896418000052,1,05240817702340533240
05,5,15,000,2024,08,13,7,3,0,7,0,1,0,1,0,0,0,406318.541000000201166,5757372.563999999314547,7.636596351000037,51.959148880000043,0,05240817702100539255
05,5,12,000,2024,08,12,7,3,5,3,0,0,1,0,0,0,0,356029.639000000432134,5710774.948000000789762,6.924428111000054,51.529706183000030,0,05240817701400536297
05,5,62,032,2024,08,19,7,3,2,6,0,1,0,0,0,0,0,375674.127500000409782,5720970.385600000619888,7.203865486000041,51.626002006000078,0,05240817701110546315
05,5,13,000,2024,08,13,7,3,2,6,0,0,1,0,0,0,0,368603.968500000424683,5707533.558100000023842,7.106804762000024,51.503642761000037,0,05240817700000537806
05,5,13,000,2024,08,10,7,3,1,7,0,0,1,0,1,0,0,362251.851599999703467,5710956.501399999484420,7.014001339000060,51.532889904000058,1,05240817700000534586
05,5,54,032,2024,08,20,4,2,6,4,1,0,1,1,0,0,0,324495.333999999798834,5746411.967000000178814,6.452329664000047,51.840900852000061,0,05240821705000701717
05,5,70,020,2024,08,16,6,3,8,1,0,0,0,0,1,0,0,439232.482800000347197,5745920.638499999418855,8.117555142000072,51.860767585000076,0,05240816711400521779
05,5,70,004,2024,08,05,6,3,4,6,1,1,0,0,0,0,0,423840.005199999548495,5734543.845799999311566,7.896571657000038,51.756606344000033,0,05240816711200485176
05,5,66,008,2024,08,08,6,3,8,1,0,0,1,0,0,0,0,398934.530899999663234,5779603.749299999326468,7.522590882000031,52.157667277000030,0,05240816709110499059
05,5,58,032,2024,08,08,6,3,0,3,0,1,1,0,0,0,0,389440.390999999828637,5752564.098999999463558,7.392600327000025,51.912833071000080,0,05240816706100492173
05,5,58,016,2024,08,13,6,3,5,3,0,1,0,0,0,0,0,381441.749200000427663,5743572.650599999353290,7.279452166000056,51.830380948000027,0,05240816706000509016
05,5,54,012,2024,08,16,6,3,0,7,0,0,0,0,0,0,1,347948.714399999938905,5752904.125600000843406,6.789631472000053,51.906108340000060,0,05240816705000518959
05,5,54,024,2024,08,14,6,2,0,1,0,1,0,0,0,0,0,370214.151800000108778,5777238.298000000417233,7.103871524000056,52.130408075000048,0,05240816705000514299
05,5,54,004,2024,08,13,6,3,5,7,0,0,1,0,0,0,0,360506.716099999845028,5774476.221200000494719,6.963274624000064,52.103225773000077,1,05240816705000509462
05,5,54,020,2024,08,12,6,3,0,3,0,0,1,0,1,0,0,363784.237999999895692,5786634.296000000089407,7.006220618000043,52.213286218000064,1,05240816705000508086
05,5,15,000,2024,08,10,6,3,2,6,0,0,1,0,0,0,0,404602.987999999895692,5759083.982000000774860,7.611161225000046,51.974240044000055,0,05240816702100185150
05,5,62,012,2024,08,18,6,3,5,3,0,1,1,0,0,0,0,356933.506299999542534,5724205.139000000432134,6.931975120000061,51.650616149000030,0,05240816701610521780
05,5,62,012,2024,08,07,6,3,5,3,0,1,1,0,0,0,0,361832.611899999901652,5724834.395199999213219,7.002495826000029,51.657495978000043,0,05240816701610496334
05,5,62,032,2024,08,16,6,2,1,5,0,1,1,0,0,0,0,376911.277900000102818,5714857.147600000724196,7.223874406000050,51.571332814000073,0,05240816701120517832
05,5,62,032,2024,08,16,6,3,5,3,0,1,1,0,0,0,0,375603.257600000128150,5718032.751900000497699,7.203884782000046,51.599585449000074,0,05240816701110517399
05,5,13,000,2024,08,18,6,3,1,7,0,0,1,0,0,0,0,368789.269700000062585,5710420.110899999737740,7.108398471000044,51.529626685000039,0,05240816700000522411
05,5,13,000,2024,08,15,6,2,5,3,0,1,1,0,0,0,0,366873.474999999627471,5717012.507999999448657,7.078299838000021,51.588421368000070,0,05240816700000518746
05,5,54,012,2024,08,15,1,2,8,1,0,0,0,0,1,0,0,346833.333999999798834,5751996.652000000700355,6.773833602000025,51.897649795000063,0,05240818705000560191
05,5,66,092,2024,08,14,1,3,5,2,0,0,1,0,0,0,0,423291.656999999657273,5796494.338999999687076,7.874732377000043,52.313416316000030,0,05240818709700559199
05,5,70,028,2024,08,20,5,1,0,7,0,1,0,0,0,0,0,441597.213499999605119,5741284.775499999523163,8.152673580000055,51.819342696000035,0,05240815711400478161
05,5,70,044,2024,08,15,5,3,0,1,0,1,0,0,0,0,0,417431.475599999539554,5760092.127499999478459,7.797634427000048,51.985356461000038,0,05240815711100474654
05,5,66,044,2024,08,19,5,3,4,7,1,0,1,0,0,0,0,426804.956000000238419,5781058.396999999880791,7.929604784000048,52.175142155000060,0,05240815709800479102
05,5,66,028,2024,08,17,5,3,7,1,0,1,1,0,0,0,0,412380.974000000394881,5791354.235799999907613,7.716056387000037,52.265582938000080,0,05240815709700736372
05,5,13,000,2024,08,09,6,3,0,1,0,0,0,0,0,0,1,369656.773000000044703,5715254.555999999865890,7.119106114000033,51.573273815000050,0,05240823700000763408
05,5,66,064,2024,08,16,5,2,5,7,0,1,1,0,0,0,0,396051.983000000007451,5771526.315999999642372,7.482936003000020,52.084535237000068,0,05240815709110473668
05,5,58,024,2024,08,12,5,3,4,6,0,0,1,0,0,0,0,394090.314399999566376,5735256.381899999454618,7.465475588000061,51.758175440000059,0,05240815706300460711
05,5,54,064,2024,08,16,5,2,8,1,0,0,0,0,1,0,0,360777.603000000119209,5751945.131999999284744,6.976380885000026,51.900845023000045,0,05240815705000474556
05,5,54,020,2024,08,13,5,3,2,6,0,0,1,0,0,0,0,366078.307799999602139,5785865.896900000050664,7.040081226000041,52.206944192000037,0,05240815705000464433
05,5,15,000,2024,08,19,5,3,6,4,0,1,0,1,0,0,0,406422.812300000339746,5757303.605200000107288,7.638132196000072,51.958546603000059,0,05240815702100476391
05,5,15,000,2024,08,16,5,3,3,6,0,1,1,0,0,0,0,411676.346099999733269,5754993.884999999776483,7.715161178000074,51.938644386000078,0,05240815702100474148
05,5,15,000,2024,08,17,5,2,0,1,0,1,0,0,0,0,0,406501.881400000303984,5757658.622700000181794,7.639185935000057,51.961750973000051,0,05240815702100473777
05,5,15,000,2024,08,16,5,3,0,2,0,1,1,0,0,0,0,406630.783999999985099,5758707.498999999836087,7.640776257000027,51.971200437000050,0,05240815702100473764
05,5,70,036,2024,08,12,3,1,4,6,0,0,1,0,0,0,1,436404.794999999925494,5766831.810200000181794,8.072627615000044,52.048440850000077,0,05240820711100652794
05,5,15,000,2024,08,13,5,3,5,3,0,1,1,0,0,0,0,403887.837899999693036,5754772.037799999117851,7.601959184000066,51.935359570000060,0,05240815702100462833
05,5,15,000,2024,08,12,5,3,5,3,0,1,1,0,0,0,0,405737.538999999873340,5753737.686000000685453,7.629139771000041,51.926378699000054,0,05240815702100459910
05,5,15,000,2024,08,09,5,3,2,6,0,0,1,0,0,0,0,407650.826999999582767,5758328.674000000581145,7.655723010000031,51.967965785000047,0,05240822702100721534
05,5,62,028,2024,08,13,5,3,5,3,0,0,1,0,0,0,1,381094.809500000439584,5722068.596799999475479,7.281766260000040,51.637043742000060,0,05240815701920469786
05,5,62,008,2024,08,12,5,3,0,1,0,1,0,0,0,0,0,384067.458700000308454,5721120.350199999287724,7.325016378000043,51.629141768000068,0,05240815701910471543
05,5,62,012,2024,08,16,5,3,3,6,0,1,0,0,0,0,0,359317.645999999716878,5725843.309000000357628,6.965755008000031,51.665938062000066,0,05240815701610472800
05,5,62,024,2024,08,13,5,3,5,2,0,0,1,0,0,0,0,371280.400999999605119,5724580.211999999359250,7.139096886000061,51.657454777000055,0,05240815701500469940
05,5,70,008,2024,08,10,4,2,5,3,0,1,1,0,0,0,0,433120.739000000059605,5733902.767999999225140,8.031134819000044,51.752028234000079,0,05240821711300677004
05,5,15,000,2024,08,22,1,3,4,1,2,1,0,0,0,0,0,406050.093000000342727,5757754.787000000476837,7.632586116000027,51.962539180000078,0,05240825702100820219
05,5,58,016,2024,08,08,2,3,5,2,0,1,1,0,0,0,0,382327.203999999910593,5743280.831000000238419,7.292395140000053,51.827945526000065,0,05240826706100828867
05,5,58,016,2024,08,17,1,3,4,1,0,1,0,1,0,0,0,382023.321700000204146,5749732.072599999606609,7.285785069000042,51.885859748000030,0,05240825706100817507
05,5,62,020,2024,08,13,7,3,2,6,0,0,1,0,0,0,0,371660.109100000001490,5717037.539699999615550,7.147346811000034,51.589756925000074,0,05240817701200538944
05,5,62,012,2024,08,16,4,1,4,6,0,0,0,0,0,0,1,360448.578800000250340,5736114.323899999260902,6.977984226000046,51.758513432000029,0,05240821701620697715
05,5,12,000,2024,08,21,1,3,2,6,2,0,1,0,0,0,0,354980.714800000190735,5712608.769999999552965,6.908561486000053,51.545915899000079,0,05240818702340566353
05,5,70,028,2024,09,20,6,3,2,2,2,0,1,0,0,0,0,440947.663200000301003,5743826.930800000205636,8.142817039000022,51.842128944000081,0,05240913711400559673
05,5,70,020,2024,09,21,6,2,5,2,2,1,1,0,0,0,0,431441.603900000452995,5748416.156600000336766,8.003940555000042,51.882298904000038,0,05240913711400551894
05,5,70,008,2024,09,16,6,3,5,3,0,1,1,0,0,0,0,433920.723000000230968,5734785.197000000625849,8.042554492000022,51.760056285000076,1,05240913711300545264
05,5,66,084,2024,09,15,6,3,2,2,0,0,1,0,0,0,1,386536.179299999959767,5779129.252599999308586,7.341583850000063,52.150994301000026,1,05240913709300542154
05,5,58,024,2024,09,07,6,3,5,3,0,1,1,0,0,0,0,392064.717500000260770,5736131.852600000798702,7.435866472000043,51.765657423000050,0,05240913706000521208
05,5,54,044,2024,09,07,6,3,5,3,0,0,1,0,0,0,0,369134.769999999552965,5742046.003000000491738,7.101527926000074,51.813914642000043,0,05240913705000522421
05,5,13,000,2024,09,17,6,3,2,6,0,0,1,0,0,0,0,368825.422199999913573,5711246.716800000518560,7.108611419000056,51.537063605000071,1,05240913702340547673
05,5,62,004,2024,09,17,6,3,8,1,0,0,1,0,0,0,0,380813.892799999564886,5713346.393600000068545,7.280672299000059,51.558593328000029,1,05240913702340546584
05,5,58,044,2024,09,16,6,3,9,1,0,0,1,0,0,0,0,396384.391999999992549,5751120.777000000700355,7.493952584000056,51.901195679000068,0,05240913702330547592
05,5,15,000,2024,09,14,6,2,1,5,0,1,1,0,0,0,0,405508.796199999749660,5756498.013299999758601,7.625055801000030,51.951151018000076,0,05240913702100542800
05,5,15,000,2024,09,08,6,3,2,6,0,0,1,0,0,0,0,403022.610000000335276,5754056.402000000700355,7.589579454000045,51.928777091000029,0,05240913702100525060
05,5,62,004,2024,09,16,6,3,5,3,0,1,0,0,0,0,0,384294.611499999649823,5716730.923399999737740,7.329745532000061,51.589737537000076,0,05240913701800544992
05,5,62,024,2024,09,23,6,2,0,1,2,0,0,0,1,0,0,366425.298100000247359,5724580.644099999219179,7.068948520000049,51.656325871000035,0,05240913701500551970
05,5,12,000,2024,09,19,6,3,9,6,0,1,0,0,0,0,0,352464.495699999853969,5714451.287900000810623,6.871526897000024,51.561819529000047,0,05240913701400548871
05,5,62,032,2024,09,10,6,2,5,2,0,0,1,0,0,0,0,375293.369599999859929,5720197.244599999859929,7.198642841000037,51.618969463000042,0,05240913701110530009
05,5,70,008,2024,09,14,5,3,5,3,0,1,1,0,0,0,0,433620.621000000275671,5734500.790999999269843,8.038261194000029,51.757463963000077,0,05240912711300530071
05,5,70,004,2024,09,15,5,3,2,6,0,0,1,0,0,0,1,424824.993999999947846,5729096.844000000506639,7.912016139000059,51.707772264000027,0,05240912711200504171
05,5,58,016,2024,09,17,5,3,4,1,0,0,1,0,1,0,0,381972.115399999544024,5744545.014699999243021,7.286813577000032,51.839232081000034,0,05240912706000508856
05,5,58,016,2024,09,15,5,3,2,6,0,0,1,0,1,0,0,387604.444600000046194,5747694.982899999246001,7.367506342000070,51.868704567000066,0,05240912706000507432
05,5,54,008,2024,09,07,5,3,0,2,0,1,1,0,0,0,0,337011.157999999821186,5743223.882999999448657,6.635340091000046,51.816053784000076,0,05240912705000485245
05,5,54,020,2024,09,08,5,3,5,3,0,1,1,0,0,0,0,365217.946999999694526,5785525.924000000581145,7.027633377000029,52.203679707000049,0,05240912705000477482
05,5,15,000,2024,09,16,5,3,5,7,0,1,0,0,0,0,0,407033.891599999740720,5756926.766499999910593,7.647124772000041,51.955261888000052,0,05240912702100507498
05,5,62,024,2024,09,19,5,3,5,3,0,0,1,0,0,0,0,367576.703999999910593,5724579.455000000074506,7.085584465000068,51.656587618000060,0,05240912701500510526
05,5,62,024,2024,09,12,5,3,5,2,0,0,1,0,0,0,1,369334.782399999909103,5724918.423000000417233,7.110858949000033,51.660045219000040,0,05240912701500493505
05,5,62,032,2024,09,21,5,3,5,2,2,0,1,0,0,0,1,380083.987399999983609,5718170.526100000366569,7.268500756000037,51.601795509000056,0,05240912701110590281
05,5,62,032,2024,09,15,5,3,1,2,0,1,1,0,0,0,0,375169.201999999582767,5719096.051200000569224,7.197242447000065,51.609045407000053,0,05240912701110505624
05,5,62,004,2024,09,13,5,3,3,6,0,0,1,0,0,0,0,384862.348399999551475,5717575.262399999424815,7.337660262000043,51.597442590000071,0,05240912301911504109
05,5,66,048,2024,09,19,4,3,5,3,1,1,1,0,0,0,0,425947.058600000105798,5791982.849999999627471,7.914669627000023,52.273227626000050,0,05240911709700467781
05,5,66,028,2024,09,14,4,3,8,1,0,1,0,0,0,0,0,412760.982200000435114,5793069.273800000548363,7.721179795000069,52.281058624000082,1,05240911709700457108
05,5,66,028,2024,09,10,4,3,0,3,0,1,1,0,0,0,0,412410.423000000417233,5791484.194000000134110,7.716454071000044,52.266755732000036,0,05240911709700443223
05,5,66,076,2024,09,07,4,3,3,1,1,1,0,0,1,0,0,398804.786600000225008,5793896.436699999496341,7.516419482000060,52.286100616000056,1,05240911709500436477
05,5,66,008,2024,09,17,4,3,5,3,0,1,1,0,0,0,0,399616.333999999798834,5778831.487999999895692,7.532782412000074,52.150850758000047,1,05240911709110465553
05,5,58,024,2024,09,07,4,2,9,1,1,0,1,0,0,0,0,384583.307799999602139,5737689.518899999558926,7.326980904000038,51.778164718000028,1,05240911706300438057
05,5,58,032,2024,09,11,4,3,1,1,0,0,1,0,0,0,0,386561.280000000260770,5754522.861400000751019,7.350114722000058,51.929858201000059,0,05240911706000451147
05,5,54,008,2024,09,15,4,3,2,6,0,0,1,0,0,0,0,334270.511800000444055,5747478.143899999558926,6.593578602000036,51.853465147000065,1,05240911705000460887
05,5,54,028,2024,09,14,4,3,5,3,0,0,1,0,0,0,1,356260.603000000119209,5743546.987999999895692,6.914266000000055,51.824239201000069,0,05240911705000459828
05,5,54,008,2024,09,12,4,3,4,2,0,1,1,0,0,0,0,335746.809999999590218,5746087.533999999985099,6.615655116000028,51.841409099000032,0,05240911705000449680
05,5,12,000,2024,09,18,4,3,9,1,1,0,0,0,0,1,0,356196.875000000000000,5713579.616000000387430,6.925691406000055,51.554950893000068,1,05240911702340467467
05,5,15,000,2024,09,23,4,3,9,1,2,0,1,0,0,0,0,400923.086000000126660,5752917.232999999076128,7.559382579000044,51.918168237000032,1,05240911702330471035
05,5,15,000,2024,09,19,4,3,4,2,1,1,0,0,0,0,1,407646.849999999627471,5754822.064999999478459,7.656607510000072,51.936445771000081,1,05240911702100469864
05,5,15,000,2024,09,16,4,2,0,7,0,1,0,1,0,0,0,408532.046000000089407,5753973.948999999091029,7.669705513000054,51.928968570000052,1,05240911702100467557
05,5,15,000,2024,09,18,4,3,3,6,0,1,1,0,0,0,0,406319.689100000075996,5756462.011600000783801,7.636861315000033,51.950964591000059,1,05240911702100466134
05,5,15,000,2024,09,11,4,3,5,3,0,1,1,0,0,0,0,410951.201000000350177,5759643.664999999105930,7.703410044000066,51.980324373000030,0,05240911702100451552
05,5,62,024,2024,09,20,4,3,8,1,2,0,0,0,0,0,1,364412.314799999818206,5725094.745100000873208,7.039666209000075,51.660463745000072,1,05240911701500469733
05,5,13,000,2024,09,23,4,3,0,7,2,0,1,0,0,0,0,364660.104000000283122,5715288.592000000178814,7.047033746000068,51.572402336000039,0,05240911700000470648
05,5,70,008,2024,09,16,4,3,2,6,0,0,1,0,0,0,0,429508.267300000414252,5730578.172800000756979,7.979483974000061,51.721697369000026,1,05240911301911467578
05,5,70,004,2024,09,22,3,3,8,1,2,0,1,0,0,0,0,428020.539599999785423,5739114.755000000819564,7.956181550000053,51.798250849000055,1,05240910711200429238
05,5,70,040,2024,09,15,3,3,8,7,0,0,1,0,0,0,0,417622.328499999828637,5748517.157500000670552,7.803184663000025,51.881336315000055,0,05240910711200422199
05,5,70,016,2024,09,07,3,3,5,3,1,1,1,0,0,0,0,412127.125900000333786,5739769.312400000169873,7.725591426000051,51.801863219000040,0,05240910711200397285
05,5,70,036,2024,09,17,3,3,5,2,0,0,1,0,0,0,0,434233.900899999774992,5766639.750700000673532,8.041012391000038,52.046460958000068,0,05240910711100423827
05,5,66,040,2024,09,16,3,3,4,2,0,0,1,0,0,0,0,424830.188000000081956,5779984.087999999523163,7.900969706000069,52.165219632000060,0,05240910709800421679
05,5,66,072,2024,09,07,3,3,5,3,0,1,0,0,0,0,0,412727.559999999590218,5802952.075999999418855,7.718124894000027,52.369882039000061,0,05240910709700418548
05,5,66,096,2024,09,22,3,3,8,1,2,0,1,0,0,0,0,384322.047399999573827,5787953.856699999421835,7.306224774000043,52.229839388000073,1,05240910709500428291
05,5,66,008,2024,09,17,3,3,5,3,0,0,1,0,1,0,0,399303.633999999612570,5781628.799000000581145,7.527383784000051,52.175935324000079,0,05240910709110422176
05,5,58,028,2024,09,15,3,3,8,1,0,0,1,0,0,0,0,398155.738099999725819,5734371.033299999311566,7.524617374000059,51.750971690000029,0,05240910706000420496
05,5,54,016,2024,09,18,3,3,2,6,0,0,1,0,0,0,0,363537.994300000369549,5757332.934299999848008,7.014341358000024,51.949940907000041,0,05240910705000424768
05,5,54,020,2024,09,06,3,2,8,1,1,0,1,0,0,0,0,365625.502600000239909,5786839.051799999549985,7.033072446000062,52.215578104000031,1,05240910705000391727
05,5,62,004,2024,09,12,3,3,2,2,0,0,1,0,0,0,0,383192.169300000183284,5714766.805800000205636,7.314492079000047,51.571857145000081,0,05240910701800412885
05,5,62,024,2024,09,09,3,3,0,7,0,0,0,0,0,0,1,366529.593700000084937,5727916.343599999323487,7.069180843000026,51.686326432000044,0,05240910701500423038
05,5,62,024,2024,09,16,3,3,2,6,0,0,1,0,0,0,0,364014.590499999932945,5724484.038399999961257,7.034157083000025,51.654879730000061,0,05240910701500421331
05,5,62,024,2024,09,12,3,3,5,3,0,1,0,0,0,0,0,365876.381900000385940,5724284.650699999183416,7.061131421000027,51.653535267000052,0,05240910701500410709
05,5,62,032,2024,09,12,3,2,2,6,0,1,0,0,0,0,0,374219.717899999581277,5718114.934900000691414,7.183889677000025,51.600016764000031,0,05240910701110457375
05,5,66,016,2024,09,07,4,3,0,1,0,0,0,0,1,0,0,404130.198200000450015,5793961.057600000873208,7.594448539000041,52.287636243000065,1,05240911702350439033
05,5,66,060,2024,09,14,2,3,5,3,0,0,1,0,1,0,0,388366.891900000162423,5788784.305800000205636,7.365149210000027,52.238137409000046,0,05240909709500376197
05,5,58,040,2024,09,13,2,2,6,4,0,0,0,1,0,0,1,381509.676599999889731,5765133.687000000849366,7.273014275000037,52.024164392000046,0,05240909706000371793
05,5,58,008,2024,09,03,2,3,8,1,2,0,1,0,0,0,0,380904.345399999991059,5757587.930099999532104,7.266816718000030,51.956222183000079,0,05240909706000337414
05,5,54,004,2024,09,11,2,3,5,3,0,1,0,0,0,0,1,362162.874900000169873,5772903.324400000274181,6.988075922000064,52.089508011000078,0,05240909705000354210
05,5,62,024,2024,09,20,2,3,8,1,2,0,1,0,0,0,0,370296.885999999940395,5726923.898800000548363,7.124016309000069,51.678290574000073,1,05240909702340384802
05,5,15,000,2024,09,22,2,3,0,1,2,1,0,0,0,0,0,406397.278599999845028,5750876.012199999764562,7.639509147000069,51.900767717000065,1,05240909702100383214
05,5,15,000,2024,09,16,2,3,0,1,0,1,0,0,0,0,0,404253.894899999722838,5748608.977700000628829,7.608994802000041,51.880026345000033,1,05240909702100376662
05,5,15,000,2024,09,16,2,3,3,2,0,1,1,0,0,0,0,405449.743999999947846,5758145.273000000044703,7.623743413000057,51.965947256000049,0,05240909702100375592
05,5,15,000,2024,09,14,2,3,0,1,0,1,0,0,0,0,0,399752.786000000312924,5753675.604000000283122,7.542151042000057,51.924775146000059,1,05240909702100370732
05,5,13,000,2024,09,20,2,3,6,2,2,0,1,1,0,0,0,368952.457999999634922,5710854.176000000908971,7.110588169000039,51.533565432000046,1,05240909700000383683
05,5,12,000,2024,09,13,2,3,6,4,0,0,1,1,0,0,0,356340.244699999690056,5710054.237700000405312,6.929196778000062,51.523309127000061,0,05240909701400376557
05,5,15,000,2024,09,18,2,3,7,7,0,1,0,0,0,0,0,404871.467000000178814,5758284.994999999180436,7.615290056000049,51.967104472000074,0,05240909702100378515
05,5,66,060,2024,09,03,1,2,0,1,2,1,0,0,0,0,0,388750.169700000435114,5788453.981200000271201,7.370868516000030,52.235246383000060,0,05240908709500321207
05,5,66,036,2024,09,16,1,3,8,1,0,0,0,0,1,0,0,387055.612099999561906,5769762.660499999299645,7.352279164000038,52.066922626000064,0,05240908709300329548
05,5,66,012,2024,09,16,1,3,5,3,0,0,1,0,1,0,0,411753.524000000208616,5766866.485999999567866,7.713227695000057,52.045375959000069,0,05240908709110331369
05,5,58,020,2024,09,10,1,3,9,1,0,0,1,0,0,0,0,395681.123399999924004,5761304.376399999484420,7.480644137000070,51.992593449000026,0,05240908706000324611
05,5,54,020,2024,09,19,1,3,5,3,0,0,1,0,1,0,0,366874.107200000435114,5782628.839400000870228,7.052991879000047,52.178050519000067,0,05240908705000332695
05,5,54,044,2024,09,16,1,3,5,3,0,0,1,0,0,0,0,364384.910000000149012,5746618.781999999657273,7.030872400000021,51.853872983000031,0,05240908705000330753
05,5,54,060,2024,09,12,1,3,0,3,0,1,1,0,0,0,0,347815.796000000089407,5753878.091000000014901,6.787270572000068,51.914822531000027,0,05240908705000325028
05,5,54,016,2024,09,18,1,3,0,6,0,0,1,0,0,0,0,366096.104299999773502,5761828.709000000730157,7.049787389000073,51.990960711000071,0,05240908702340334027
05,5,58,016,2024,09,18,1,3,2,6,0,0,1,0,0,0,0,383362.202700000256300,5746933.912900000810623,7.306175274000054,51.860993799000028,0,05240908702330335341
05,5,15,000,2024,09,23,1,2,8,1,2,0,1,0,0,0,0,403244.571800000034273,5760039.581000000238419,7.591121660000056,51.982594380000080,0,05240908702100336817
05,5,15,000,2024,09,16,1,2,2,2,0,0,1,0,1,0,0,399202.088999999687076,5763066.186000000685453,7.531388610000022,52.009078812000041,0,05240908702100331026
05,5,15,000,2024,09,01,1,2,0,7,2,1,0,0,0,0,0,406433.792000000365078,5757296.265000000596046,7.638293939000050,51.958482474000050,0,05240908702100319028
05,5,62,008,2024,09,21,1,3,6,4,2,0,1,1,0,0,0,384899.139499999582767,5722714.226700000464916,7.336502817000053,51.643637849000072,0,05240908701910338022
05,5,58,016,2024,09,16,4,3,5,3,0,1,1,0,0,0,0,381754.644299999810755,5744189.568700000643730,7.283779977000052,51.835991621000062,1,05240911706100463064
05,5,62,008,2024,09,17,1,3,5,3,0,0,1,0,0,0,1,385079.109400000423193,5723720.187300000339746,7.338772141000049,51.652715947000047,0,05240908701910329934
05,5,62,024,2024,09,13,1,3,6,4,0,0,0,1,0,0,1,368375.080000000074506,5724122.213999999687076,7.097291664000068,51.652666130000057,0,05240908701500326115
05,5,62,014,2024,09,13,1,3,0,1,0,1,0,0,0,0,0,358923.144299999810755,5714671.741399999707937,6.964551666000034,51.565453035000075,0,05240908701300325856
05,5,62,004,2024,09,11,1,3,3,6,0,0,1,0,0,0,0,384269.686099999584258,5718027.125600000843406,7.328958315000023,51.601382364000074,0,05240908301911327672