ULAND,UREGBEZ,UKREIS,UGEMEINDE,UJAHR,UMONAT,USTUNDE,UWOCHENTAG,UKATEGORIE,UART,UTYP1,ULICHTVERH,IstRad,IstPKW,IstFuss,IstKrad,IstGkfz,IstSonstige,LINREFX,LINREFY,XGCSWGS84,YGCSWGS84,STRZUSTAND,UIDENTSTLAE
05,5,70,008,2024,09,15,7,3,1,5,0,1,1,0,0,0,0,433258.274699999950826,5734305.464800000190735,8.033049645000062,51.755664905000060,0,05240907711300310406
05,5,66,044,2024,09,01,7,3,0,7,2,1,0,0,0,0,0,431594.464399999938905,5777971.797800000756979,8.000255967000044,52.148010286000044,0,05240907709700300169
05,5,66,076,2024,09,22,7,2,7,1,2,0,0,0,0,0,1,393474.763100000098348,5792890.688300000503659,7.438626723000027,52.276054485000031,0,05240907709500316431
05,5,66,096,2024,09,12,7,3,1,6,0,0,1,0,0,0,0,383676.042999999597669,5785635.660000000149012,7.297567370000024,52.208870491000027,0,05240907709300325770
05,5,66,084,2024,09,20,7,3,5,3,1,0,1,0,0,0,0,389713.485799999907613,5775484.542999999597669,7.389186171000063,52.118882277000068,0,05240907709300317578
05,5,58,012,2024,09,22,7,2,5,3,2,0,1,0,0,0,0,371141.599999999627471,5752815.462500000372529,7.126607273000047,51.911159234000081,0,05240907706000319301
05,5,66,032,2024,09,13,7,3,2,1,0,0,1,0,0,0,0,418179.168300000019372,5783734.932000000029802,7.802844546000074,52.197989019000033,0,05240907702350310195
05,5,62,012,2024,09,20,7,3,8,7,2,0,1,0,0,0,0,356358.211000000126660,5728263.368799999356270,6.921996631000070,51.686934907000079,0,05240907702340316284
05,5,54,024,2024,09,16,7,3,0,6,0,0,1,0,0,0,0,370948.300499999895692,5783445.176400000229478,7.112231979000057,52.186353993000068,0,05240907702340313757
05,5,62,024,2024,09,12,7,3,0,1,0,0,0,0,1,0,0,367383.069000000134110,5726480.262599999085069,7.082065442000044,51.673623448000058,0,05240907702340307417
05,5,62,024,2024,09,00,7,3,8,6,2,0,1,0,0,0,0,372541.016800000332296,5725593.916200000792742,7.156941752000023,51.666852034000044,0,05240907702340300420
05,5,15,000,2024,09,18,7,3,0,7,0,0,1,0,0,0,0,397707.527999999932945,5755650.851999999955297,7.511831215000029,51.942156685000043,0,05240907702100313876
05,5,15,000,2024,09,16,7,3,3,6,0,1,0,0,0,0,1,404222.691599999554455,5758192.030099999159575,7.605875294000043,51.966157465000038,0,05240907702100310367
05,5,15,000,2024,09,16,7,3,1,6,0,0,0,0,1,0,1,406177.811900000087917,5758902.415100000798702,7.634130853000045,51.972876148000068,0,05240907702100013027
05,5,62,014,2024,09,21,7,3,6,4,2,0,1,1,0,0,0,360421.563500000163913,5717741.431600000709295,6.984936254000047,51.593410264000056,0,05240907701300316479
05,5,62,032,2024,09,14,7,3,3,6,0,0,1,0,0,0,0,375744.705099999904633,5715001.610899999737740,7.206998921000036,51.572375244000057,0,05240907701120312045
05,5,13,000,2024,09,00,7,3,5,2,2,0,1,0,0,0,0,364902.155000000260770,5718799.895999999716878,7.049172913000064,51.604014297000049,0,05240907700000300611
05,5,54,004,2024,09,15,5,3,5,3,0,0,1,0,0,0,0,365247.081000000238419,5771833.664599999785423,7.033487824000076,52.080656050000073,0,05240912705000508754
05,5,66,028,2024,09,18,4,3,0,1,0,1,0,0,0,0,0,412391.339999999850988,5792036.274000000208616,7.716031130000033,52.271714945000042,1,05240911709700466281
05,5,15,000,2024,09,08,4,3,2,6,0,0,1,0,0,0,0,411506.292999999597669,5754934.427999999374151,7.712703399000077,51.938082921000046,1,05240911702100436120
05,5,70,008,2024,09,05,6,3,6,4,2,1,0,1,0,0,0,434099.030199999921024,5734416.500099999830127,8.045207575000063,51.756762683000034,0,05240906711300255072
05,5,70,016,2024,09,07,6,3,2,2,0,0,1,0,0,1,0,409336.332600000314415,5740244.281199999153614,7.685004013000025,51.805687116000058,0,05240906711200261279
05,5,70,044,2024,09,07,6,3,0,1,1,0,0,0,1,0,0,416525.085300000384450,5759356.107599999755621,7.784617831000048,51.978604942000061,1,05240906711100261148
05,5,66,032,2024,09,14,6,2,0,6,0,0,0,0,1,0,0,417299.198300000280142,5775974.790799999609590,7.791863039000020,52.128104095000026,1,05240906709800287663
05,5,66,076,2024,09,09,6,3,5,3,0,0,1,0,1,0,0,391556.996500000357628,5792431.432700000703335,7.410676713000043,52.271552182000050,1,05240906709500264573
05,5,66,004,2024,09,07,6,3,5,3,0,1,1,0,0,0,0,392486.953800000250340,5770044.125700000673532,7.431394219000026,52.070533170000033,0,05240906709110259610
05,5,58,016,2024,09,18,6,3,3,2,0,0,1,0,0,0,1,379731.658499999903142,5741839.591299999505281,7.255249164000077,51.814440284000057,0,05240906706000292608
05,5,66,032,2024,09,11,6,3,2,6,0,0,1,0,0,0,0,412627.020399999804795,5776917.933599999174476,7.723384929000076,52.135862675000055,0,05240906702350277054
05,5,15,000,2024,09,21,6,3,3,2,2,1,1,0,0,0,0,406900.811999999918044,5755808.275000000372529,7.645491714000059,51.945186041000056,0,05240906702100295395
05,5,15,000,2024,09,13,6,3,5,2,0,0,1,0,1,0,0,405778.363599999807775,5757031.514399999752641,7.628830782000023,51.955992100000060,0,05240906702100282002
05,5,62,004,2024,09,15,6,3,4,7,0,0,1,0,0,0,0,382892.863400000147521,5716488.897900000214577,7.309600904000035,51.587272683000037,0,05240906701800287666
05,5,62,012,2024,09,16,6,3,3,2,0,0,1,0,0,1,0,359771.535000000149012,5725162.846999999135733,6.972586761000059,51.659936990000062,0,05240906701610290455
05,5,66,040,2024,09,18,5,2,0,1,0,1,0,0,0,0,0,423561.069799999706447,5781053.875399999320507,7.882177187000025,52.174661630000060,0,05240905709800247082
05,5,66,028,2024,09,14,5,2,2,6,0,1,0,0,0,0,0,407703.712399999611080,5795157.534399999305606,7.646496028000058,52.299001993000047,0,05240905709700244837
05,5,66,012,2024,09,15,5,3,5,3,0,0,1,0,0,0,0,400448.685999999754131,5776922.051999999210238,7.545503184000040,52.133839731000080,0,05240905709110243217
05,5,58,024,2024,09,10,5,3,5,2,0,0,1,0,0,0,0,389189.661000000312924,5735880.587999999523163,7.394300431000033,51.762837486000080,0,05240905706100228097
05,5,58,008,2024,09,16,5,2,4,1,0,0,1,0,0,0,0,382971.277999999932945,5759698.663000000640750,7.296162670000058,51.975630226000078,0,05240905706000246644
05,5,54,012,2024,09,15,5,3,0,2,0,1,1,0,0,0,0,352844.744599999859929,5746079.569599999114871,6.863659825000070,51.846105209000029,0,05240905705000243272
05,5,54,012,2024,09,05,5,3,9,1,1,0,1,0,0,0,0,350992.424300000071526,5745642.317700000479817,6.836977533000038,51.841685325000071,0,05240905705000219973
05,5,12,000,2024,09,18,5,3,2,6,0,0,1,0,0,0,0,354592.454499999992549,5712394.328700000420213,6.903054716000042,51.543889103000026,0,05240905702340249384
05,5,15,000,2024,09,00,5,3,0,7,2,0,1,1,0,0,0,404682.264899999834597,5759506.512000000104308,7.612197654000056,51.978051497000081,1,05240905702100247230
05,5,62,028,2024,09,15,5,3,5,2,0,1,1,0,0,0,0,380110.771300000138581,5721559.847599999979138,7.267727677000039,51.632262524000055,0,05240905701920244568
05,5,62,004,2024,09,17,5,2,5,2,0,0,1,0,0,0,0,382895.140499999746680,5716390.475299999117851,7.309666593000031,51.586388566000039,0,05240905701800246087
05,5,62,012,2024,09,17,5,3,5,2,0,1,1,0,0,0,0,358359.489000000059605,5735533.656999999657273,6.947971954000025,51.752771390000078,0,05240905701610462834
05,5,62,012,2024,09,16,5,3,5,2,0,1,1,0,0,0,0,356228.942699999548495,5728180.351600000634789,6.920162087000051,51.686155872000029,0,05240905701610247015
05,5,12,000,2024,09,13,5,3,3,6,0,0,1,0,0,0,0,355539.811200000345707,5712752.948400000110269,6.916559717000041,51.547354840000025,0,05240905701400304931
05,5,12,000,2024,09,07,5,3,5,3,0,1,1,0,0,0,0,355545.495000000111759,5709746.807000000029802,6.917874901000062,51.520343921000062,0,05240905701400228814
05,5,62,014,2024,09,18,5,3,2,6,0,0,1,0,0,0,0,361324.900500000454485,5714138.393999999389052,6.999391537000065,51.561256024000045,0,05240905701300296218
05,5,62,014,2024,09,16,5,2,9,7,0,0,1,0,0,0,0,359335.896700000390410,5717340.117599999532104,6.969434128000046,51.589534060000062,0,05240905701300244529
05,5,62,032,2024,09,21,5,2,9,1,2,0,0,0,1,0,0,381547.978900000452995,5718042.018799999728799,7.289672917000075,51.600950361000059,0,05240905701110253113
05,5,13,000,2024,09,16,5,3,2,6,0,0,1,0,1,0,0,369161.249599999748170,5715780.209699999541044,7.111763926000037,51.577882938000073,0,05240905700000246409
05,5,13,000,2024,09,15,5,3,2,6,0,0,1,0,0,0,0,367768.224000000394881,5708711.336999999359250,7.094328559000076,51.514032232000034,0,05240905700000241706
05,5,13,000,2024,09,13,5,3,5,3,0,1,1,0,0,0,0,364899.908999999985099,5719824.312000000849366,7.048745741000062,51.613219511000068,0,05240905700000233322
05,5,15,000,2024,09,12,6,3,0,3,0,1,1,0,0,0,0,404684.754999999888241,5759085.980000000447035,7.612350699000046,51.974272033000034,0,05240913702100542185
05,5,70,004,2024,09,11,5,3,3,6,0,1,1,0,0,0,0,425466.308799999766052,5741409.411399999633431,7.918654514000025,51.818544409000026,1,05240912711200491690
05,5,70,052,2024,09,14,4,2,5,2,0,1,1,0,0,0,0,430836.188099999912083,5757513.016599999740720,7.993318327000054,51.964002081000046,0,05240904711100196715
05,5,66,088,2024,09,12,4,3,5,3,0,0,1,0,1,0,0,417380.155899999663234,5785004.189600000157952,7.790846999000053,52.209278756000060,0,05240904709800190571
05,5,66,056,2024,09,14,4,3,0,7,0,0,0,0,1,0,0,419360.850999999791384,5796472.336999999359250,7.817087975000049,52.312655263000067,1,05240904709700199985
05,5,66,028,2024,09,06,4,3,5,3,2,0,1,0,0,0,0,410577.524000000208616,5795576.493000000715256,7.688516391000064,52.303243011000063,1,05240904709700174060
05,5,66,076,2024,09,05,4,3,4,6,2,1,0,0,0,0,0,392956.241799999959767,5793260.398399999365211,7.430912313000022,52.279276413000048,0,05240904709500204387
05,5,66,076,2024,09,04,4,3,0,1,1,1,0,0,0,0,0,395678.169999999925494,5794846.573999999091029,7.470304749000036,52.294055178000065,1,05240904709110180228
05,5,58,016,2024,09,09,4,3,8,1,0,0,1,0,0,0,0,380888.054999999701977,5751942.807000000029802,7.268533894000029,51.905486250000081,0,05240904706000184540
05,5,58,016,2024,09,08,4,3,2,5,0,0,1,0,0,0,0,387459.833499999716878,5747274.410700000822544,7.365543899000045,51.864895518000026,1,05240904706000181536
05,5,54,004,2024,09,07,4,3,5,2,0,1,1,0,0,0,0,362772.885099999606609,5771676.546099999919534,6.997467582000070,52.078636579000033,1,05240904705000173164
05,5,54,044,2024,09,07,4,3,0,3,0,1,1,0,0,0,0,365100.637000000104308,5741572.387000000104308,7.043225114000052,51.808699698000055,0,05240904705000172632
05,5,15,000,2024,09,08,4,3,0,2,0,1,1,0,0,0,0,409059.612999999895692,5757172.808800000697374,7.676530055000057,51.957808432000036,0,05240904702100182878
05,5,15,000,2024,09,06,4,3,5,2,0,1,1,0,0,0,0,407843.728000000119209,5754591.313999999314547,7.659532320000039,51.934404283000049,0,05240904702100171068
05,5,13,000,2024,09,10,4,3,2,6,0,0,1,0,0,1,0,368693.163800000213087,5707385.084499999880791,7.108144432000074,51.502329186000054,1,05240904700000221041
05,5,13,000,2024,09,22,4,2,0,7,2,1,0,0,0,0,0,364608.881099999882281,5714803.809200000017881,7.046481857000060,51.568033591000074,1,05240904700000209849
05,5,13,000,2024,09,14,4,2,9,1,0,0,1,0,0,0,0,363792.501600000075996,5710459.044800000265241,7.036392110000065,51.528793351000047,1,05240904700000197294
05,5,13,000,2024,09,09,4,3,5,3,0,1,1,0,0,0,0,367597.151600000448525,5708104.184000000357628,7.092092614000023,51.508535852000080,1,05240904700000179321
05,5,15,000,2024,09,14,1,2,2,1,0,0,1,0,1,0,0,399673.762199999764562,5752413.491200000047684,7.541369990000021,51.913416832000053,0,05240908702330328488
05,5,66,028,2024,09,15,3,3,5,3,0,0,1,0,0,0,0,408530.325000000186265,5794817.724999999627471,7.658706782000024,52.296086044000049,0,05240910709700419678
05,5,66,028,2024,09,12,3,3,5,3,0,0,1,0,0,0,0,411913.346199999563396,5792253.048900000751019,7.708971091000024,52.273587004000035,0,05240903709700151749
05,5,66,076,2024,09,14,3,3,6,4,0,0,1,1,0,0,0,393211.080099999904633,5793109.000900000333786,7.434694265000076,52.277965343000062,0,05240903709500155169
05,5,66,004,2024,09,05,3,3,2,6,1,0,1,0,0,0,0,393574.661500000394881,5767132.323999999091029,7.448164731000077,52.044573243000059,0,05240903709110168637
05,5,66,004,2024,09,09,3,3,2,6,0,0,0,0,0,1,0,392742.580099999904633,5767460.811300000175834,7.435933569000042,52.047365163000052,0,05240903709110133333
05,5,58,024,2024,09,06,3,3,5,3,1,1,1,0,0,0,0,393797.063000000081956,5736138.242000000551343,7.460958785000059,51.766046134000078,0,05240903706300125823
05,5,54,040,2024,09,21,3,2,8,1,2,0,0,0,1,0,0,352178.364900000393391,5736497.510700000450015,6.858078625000076,51.759834752000074,0,05240903705000165350
05,5,54,040,2024,09,18,3,2,5,3,0,0,1,0,0,0,0,353018.901999999769032,5734785.278999999165535,6.870972637000023,51.744671360000041,0,05240903705000162076
05,5,54,012,2024,09,16,3,3,5,2,0,1,1,0,0,0,0,352831.374200000427663,5746085.937799999490380,6.863463155000034,51.846158902000070,0,05240903705000157557
05,5,54,016,2024,09,06,3,3,8,7,1,0,1,0,0,0,0,362091.094200000166893,5760824.861800000071526,6.991899117000060,51.980960744000072,0,05240903705000132465
05,5,54,020,2024,09,08,3,3,5,3,0,1,1,0,0,0,0,366237.475200000219047,5783900.134700000286102,7.043185280000046,52.189319675000036,0,05240903705000132352
05,5,66,048,2024,09,08,3,3,2,6,0,0,1,0,0,0,0,428263.814000000245869,5791340.917999999597669,7.948754540000039,52.267764450000072,0,05240903702350130792
05,5,62,004,2024,09,10,3,3,2,6,0,0,1,0,0,0,0,381877.410299999639392,5718065.897500000894070,7.294419257000072,51.601234163000072,0,05240903702340187414
05,5,15,000,2024,09,15,3,3,6,7,0,0,1,1,0,0,0,405801.387699999846518,5756884.236199999228120,7.629206117000024,51.954672197000036,0,05240903702100160428
05,5,15,000,2024,09,15,3,3,3,5,0,1,1,0,0,0,0,404287.162499999627471,5759011.550200000405312,7.606584941000051,51.973534697000048,0,05240903702100157522
05,5,62,008,2024,09,18,3,2,0,3,0,0,0,0,1,0,1,383167.916000000201166,5728960.423000000417233,7.309404744000062,51.699418845000082,0,05240903701910162103
05,5,62,024,2024,09,14,3,3,0,3,0,0,1,0,0,0,1,372183.347099999897182,5725504.791099999099970,7.151805342000046,51.665969838000080,0,05240903701500152010
05,5,12,000,2024,09,14,3,3,2,2,0,0,1,0,0,1,0,359569.719399999827147,5709952.866100000217557,6.975757273000056,51.523210424000069,0,05240903701400154996
05,5,62,014,2024,09,09,3,3,5,2,0,1,1,0,0,0,0,360318.572700000368059,5715374.425599999725819,6.984392032000073,51.572114754000040,0,05240903701300131562
05,5,62,020,2024,09,16,3,3,2,7,0,0,1,0,1,0,0,371365.348799999803305,5720338.520899999886751,7.141883303000043,51.619355088000077,0,05240903701200159110
05,5,62,032,2024,09,15,3,3,8,1,0,0,1,0,1,0,0,377736.532999999821186,5716566.231000000610948,7.235181417000035,51.586872490000076,0,05240903701120156369
05,5,62,032,2024,09,17,3,3,1,3,0,1,1,0,0,0,0,375602.466000000014901,5719708.299000000581145,7.203278872000055,51.614643649000072,0,05240903701110160557
05,5,13,000,2024,09,11,3,2,3,6,0,0,1,0,0,0,1,367991.127700000070035,5707917.510199999436736,7.097836268000037,51.506950436000068,0,05240903700000140837
05,5,15,000,2024,09,01,4,3,0,1,2,0,1,0,0,0,0,401162.711400000378489,5751994.064099999144673,7.563130564000062,51.909913139000082,1,05240911702330429595
05,5,62,024,2024,09,16,5,3,5,3,0,1,1,0,0,0,0,371711.590699999593198,5724213.942600000649691,7.145461479000062,51.654261777000045,0,05240912701500506385
05,5,66,044,2024,09,11,3,3,8,1,0,0,1,0,0,0,0,429750.724000000394881,5779088.403000000864267,7.973083455000051,52.157816312000080,0,05240910709800406248
05,5,70,040,2024,09,16,2,3,5,2,0,0,1,0,1,0,0,412898.762199999764562,5747191.389599999412894,7.734910932000048,51.868701160000057,0,05240902711200114597
05,5,70,040,2024,09,07,2,3,1,6,0,0,1,0,0,0,1,412771.647900000214577,5746030.722599999979138,7.733358264000060,51.858248098000047,0,05240902711200089402
05,5,70,044,2024,09,20,2,3,9,1,1,0,1,0,0,0,0,417084.271200000308454,5760141.841199999675155,7.792567618000021,51.985751620000030,0,05240902711100119371
05,5,66,060,2024,09,17,2,3,5,3,0,1,0,0,0,0,1,388488.175999999977648,5788729.369999999180436,7.366942741000059,52.237668285000041,0,05240902709500115160
05,5,66,084,2024,09,11,2,3,5,3,0,1,1,0,0,0,0,387672.830599999986589,5778167.987800000235438,7.358507789000043,52.142587745000071,0,05240902709300097820
05,5,66,012,2024,09,18,2,3,5,3,0,1,0,0,0,0,0,406549.294999999925494,5767753.906999999657273,7.637121749000073,52.052499467000075,0,05240902709110116196
05,5,58,044,2024,09,22,2,3,6,1,2,1,0,1,0,0,0,394317.416699999943376,5745939.544199999421835,7.465507206000041,51.854238984000062,0,05240902706300158682
05,5,58,036,2024,09,16,2,3,1,6,0,0,1,0,0,0,0,389192.599200000055134,5730059.127499999478459,7.396196691000057,51.710515750000070,0,05240902706000112807
05,5,58,012,2024,09,12,2,3,0,7,0,0,1,0,0,0,1,374073.918999999761581,5755550.470000000670552,7.168214152000076,51.936407968000026,0,05240902706000099132
05,5,54,068,2024,09,22,2,2,4,6,2,1,0,0,0,0,0,352839.004999999888241,5764421.583100000396371,6.855733585000053,52.010902828000042,1,05240902705000119449
05,5,54,004,2024,09,15,2,3,5,3,0,0,1,0,1,0,0,357282.509800000116229,5778939.112400000914931,6.914359952000041,52.142501657000082,0,05240902705000114385
05,5,12,000,2024,09,18,2,3,8,1,0,0,1,0,0,0,0,357171.013399999588728,5720690.598600000143051,6.936839842000040,51.619095995000066,1,05240902702340116761
05,5,62,004,2024,09,01,2,3,3,7,2,0,1,0,0,0,0,382797.029600000008941,5718335.824799999594688,7.307601237000029,51.603852301000074,0,05240902702340078530
05,5,15,000,2024,09,17,2,3,5,2,0,1,1,0,0,0,0,404365.831000000238419,5759059.958000000566244,7.607716366000034,51.973983346000068,0,05240902702100114630
05,5,15,000,2024,09,14,2,3,2,6,0,0,1,0,0,0,0,404287.162499999627471,5759011.550200000405312,7.606584941000051,51.973534697000048,0,05240902702100107212
05,5,15,000,2024,09,07,2,3,0,4,0,0,1,1,0,0,0,404654.952200000174344,5760012.607499999925494,7.611659469000074,51.982595773000071,0,05240902702100081448
05,5,62,028,2024,09,08,2,3,5,3,0,1,1,0,0,0,0,378541.359799999743700,5723424.017999999225140,7.244415699000058,51.648679720000075,0,05240902701920084956
05,5,62,012,2024,09,10,2,3,5,3,0,0,1,0,0,0,0,361392.529000000096858,5726582.643999999389052,6.995444235000036,51.673097336000069,0,05240902701610485585
05,5,62,024,2024,09,06,2,3,5,2,1,0,1,0,1,0,0,367322.155000000260770,5724243.610999999567866,7.082034163000060,51.653509548000045,0,05240902701500080285
05,5,12,000,2024,09,16,2,3,3,2,0,1,0,0,0,0,1,356384.488300000317395,5710081.573400000110269,6.929822943000033,51.523566013000050,0,05240902701400112303
05,5,62,014,2024,09,12,2,3,2,6,0,0,1,0,0,0,0,361927.349000000394881,5713005.095000000670552,7.008522126000059,51.551219770000046,0,05240902701300106080
05,5,62,014,2024,09,08,2,3,0,1,0,1,0,1,0,0,0,359088.974000000394881,5718405.958000000566244,6.965444048000052,51.599049909000030,0,05240902701300087633
05,5,13,000,2024,09,17,2,2,0,1,0,1,0,0,0,0,0,365319.432400000281632,5715098.719499999657273,7.056614791000072,51.570853947000046,1,05240902700000118569
05,5,70,004,2024,09,15,3,3,2,6,0,0,1,0,0,0,0,424934.339200000278652,5735433.989900000393391,7.912231290000022,51.764756225000042,0,05240903711200155295
05,5,66,064,2024,09,18,6,3,5,3,0,0,1,0,0,0,1,396060.971699999645352,5771518.507500000298023,7.483069519000026,52.084466745000043,0,05240913709110546614
05,5,12,000,2024,09,08,5,3,9,1,0,0,1,0,0,0,1,353559.360700000077486,5711607.039400000125170,6.888494700000024,51.536547761000065,0,05240905701400219464
05,5,70,004,2024,09,17,1,3,5,2,0,0,1,0,0,0,0,424238.885900000110269,5731618.720000000670552,7.902986736000059,51.730364435000070,0,05240901711200073891
05,5,70,044,2024,09,19,1,3,3,7,0,0,1,0,0,0,0,416609.267300000414252,5759308.931800000369549,7.785854676000042,51.978193521000037,0,05240901711100074455
05,5,13,000,2024,09,15,3,3,0,7,0,0,0,0,0,0,1,368089.686099999584258,5707759.754100000485778,7.099314598000035,51.505555734000041,0,05240903700000200882
05,5,66,080,2024,09,13,1,3,2,6,0,0,1,0,0,0,0,406349.842000000178814,5781378.998999999836087,7.630465686000036,52.174931126000047,0,05240901709110068367
05,5,58,036,2024,09,11,1,3,9,2,0,0,1,0,0,0,1,390252.137799999676645,5731817.680199999362230,7.410971814000050,51.726529780000078,0,05240901706300067396
05,5,58,012,2024,09,19,1,3,8,1,0,0,1,0,0,0,0,380309.108900000341237,5754708.643200000748038,7.259160896000026,51.930218555000067,0,05240901706000073578
05,5,58,004,2024,09,12,1,3,2,6,0,0,1,0,0,0,0,406030.056200000457466,5730351.710999999195337,7.639738978000025,51.716218992000051,0,05240901706000068456
05,5,58,012,2024,09,10,1,2,9,1,0,0,1,0,1,0,0,375890.009999999776483,5758009.279999999329448,7.193729945000030,51.958912218000080,0,05240901706000066978
05,5,58,020,2024,09,10,1,3,0,1,0,1,0,0,0,0,0,390243.463000000454485,5759949.000000000000000,7.401913356000023,51.979364043000032,0,05240901706000066854
05,5,58,032,2024,09,02,1,3,2,6,2,0,1,0,0,0,0,388473.022800000384450,5751845.935900000855327,7.378774534000058,51.906185717000028,0,05240901706000062846
05,5,54,056,2024,09,20,1,2,0,1,2,1,0,0,0,0,0,356870.496399999596179,5762520.888399999588728,6.915227244000050,51.994879346000062,0,05240901705000074925
05,5,54,004,2024,09,18,1,2,5,3,0,0,1,0,1,0,0,359560.574599999934435,5778379.975400000810623,6.947858747000055,52.138061652000033,0,05240901705000073037
05,5,15,000,2024,09,16,1,3,0,7,0,1,1,0,0,0,0,405592.667799999937415,5756889.951600000262260,7.626168162000056,51.954688176000047,0,05240901702100072048
05,5,62,012,2024,09,12,1,3,4,6,0,0,1,0,0,0,0,360637.495000000111759,5736192.937000000849366,6.980688151000038,51.759266869000044,0,05240901701620068936
05,5,62,012,2024,09,18,1,3,2,2,0,0,1,0,1,0,0,359151.887500000186265,5724658.625099999830127,6.963837164000040,51.655251210000074,0,05240901701610072295
05,5,62,024,2024,09,18,1,3,5,2,0,0,1,0,1,0,0,370802.134100000374019,5729268.139699999243021,7.130451934000064,51.699473890000036,0,05240901701500072998
05,5,12,000,2024,09,11,1,3,2,6,0,0,1,0,0,0,0,356897.474600000306964,5712439.740100000053644,6.936253920000070,51.544886332000033,0,05240901701400066920
05,5,12,000,2024,09,09,1,2,0,7,0,1,0,0,0,0,0,360166.132600000128150,5712241.769300000742078,6.983439595000050,51.543926727000041,0,05240901701400065881
05,5,62,032,2024,09,18,1,3,5,3,0,1,1,0,0,0,0,376140.353900000452995,5715166.217599999159575,7.212647093000044,51.573941665000063,0,05240901701120122116
05,5,62,032,2024,09,15,1,3,3,6,0,1,0,0,0,0,0,372628.260200000368059,5721076.610500000417233,7.159847392000074,51.626275440000029,0,05240901701110070348
05,5,70,016,2024,09,23,6,3,2,6,2,0,1,0,0,0,0,416250.489199999719858,5735295.825200000777841,7.786456692000058,51.762282632000051,0,05240906711200298743
05,5,70,008,2024,09,20,1,3,2,1,2,0,1,0,0,0,0,431442.219700000248849,5735714.984300000593066,8.006464835000031,51.768117085000029,0,05240901301911102167
05,5,70,044,2024,08,13,7,3,1,6,0,0,1,0,0,0,0,420903.534500000067055,5758005.921299999579787,7.848664237000037,51.967108425000049,0,05240831711100221781
05,5,66,028,2024,08,18,7,3,4,2,1,1,1,0,0,0,0,413007.303000000305474,5792456.798000000417233,7.724947617000055,52.275592546000041,0,05240831709700202600
05,5,66,092,2024,08,11,7,3,5,7,0,0,1,0,0,0,1,423604.150999999605119,5796441.054999999701977,7.879327630000034,52.312980932000073,0,05240831709700047535
05,5,66,076,2024,08,17,7,3,0,1,0,1,0,0,0,0,0,397871.228699999861419,5787691.899299999698997,7.504615100000024,52.230164676000072,0,05240831709500053732
05,5,66,004,2024,08,12,7,3,2,6,0,0,1,0,0,0,0,395319.980100000277162,5765964.240800000727177,7.473961769000027,52.034407187000056,0,05240831709110051486
05,5,58,024,2024,08,21,7,3,2,6,2,0,1,0,0,0,0,392983.864299999549985,5737839.955299999564886,7.448654493000049,51.781186304000073,0,05240831706300060962
05,5,58,020,2024,08,13,7,3,5,3,0,1,1,0,0,0,0,393846.391099999658763,5761413.093699999153614,7.453898881000043,51.993222909000053,0,05240831706200052010
05,5,58,016,2024,08,15,7,3,2,7,0,1,1,0,0,0,0,389986.044200000353158,5744052.662499999627471,7.403242579000050,51.836443303000067,0,05240831706000053588
05,5,54,020,2024,08,13,7,3,1,7,0,1,1,0,0,0,0,366822.490899999625981,5785627.023700000718236,7.051059305000024,52.204978134000044,0,05240831705000049709
05,5,62,024,2024,08,22,7,3,2,6,2,0,1,0,0,0,0,371613.564299999736249,5729387.758400000631809,7.142142963000026,51.700735073000033,0,05240831702340059901
05,5,62,004,2024,08,12,7,3,3,6,0,0,1,0,0,0,0,382722.746700000017881,5713537.687599999830127,7.308131770000045,51.560712745000046,0,05240831702340049418
05,5,13,000,2024,09,13,6,3,2,6,0,0,1,0,0,0,0,370565.565499999560416,5714347.795299999415874,7.132546764000040,51.565334283000027,0,05240913700000544064
05,5,15,000,2024,08,23,7,3,2,6,2,0,1,0,0,0,0,414451.503899999894202,5753874.310699999332428,7.755799190000062,51.929014197000072,0,05240831702100061091
05,5,62,014,2024,08,23,7,3,1,5,2,1,1,0,0,0,0,361821.633700000122190,5713685.332200000062585,7.006731083000034,51.557306637000067,0,05240831701300060067
05,5,66,020,2024,09,14,7,2,2,6,0,0,1,0,0,0,1,405411.089999999850988,5809699.146999999880791,7.608785874000034,52.429308458000037,0,05240907709700310164
05,5,12,000,2024,09,17,5,3,2,6,0,0,1,0,1,0,0,354650.500199999660254,5712419.190099999308586,6.903880931000060,51.544127451000065,0,05240905702340249221
05,5,13,000,2024,09,20,2,3,5,2,2,0,1,0,0,0,0,364432.455000000074506,5713050.668999999761581,7.044613869000045,51.552236797000035,1,05240902700000118977
05,5,70,040,2024,08,07,6,3,8,1,0,0,1,0,0,0,0,422281.191499999724329,5741780.407299999147654,7.872370572000023,51.821445571000027,1,05240830711200011252
05,5,70,044,2024,08,14,6,3,5,3,0,1,1,0,0,0,0,416032.141800000332296,5759554.344200000166893,7.777393895000046,51.980312604000062,0,05240830711100035776
05,5,58,044,2024,09,15,1,3,5,6,0,0,0,0,1,0,0,399416.141999999992549,5738328.873999999836087,7.541723840000031,51.786774082000079,0,05240901706300070482