ULAND,UREGBEZ,UKREIS,UGEMEINDE,UJAHR,UMONAT,USTUNDE,UWOCHENTAG,UKATEGORIE,UART,UTYP1,ULICHTVERH,IstRad,IstPKW,IstFuss,IstKrad,IstGkfz,IstSonstige,LINREFX,LINREFY,XGCSWGS84,YGCSWGS84,STRZUSTAND,UIDENTSTLAE
05,5,66,060,2024,08,11,6,3,2,6,0,0,1,0,0,0,0,388507.558299999684095,5784157.630200000479817,7.368732739000052,52.196586099000058,0,05240830709500021649
05,5,66,084,2024,08,14,6,3,8,6,0,0,1,0,0,1,0,390119.176099999807775,5773435.447200000286102,7.395770260000063,52.100547296000059,0,05240830709300031394
05,5,66,012,2024,08,03,6,3,8,1,2,0,1,0,0,0,0,411250.603000000119209,5773899.803999999538064,7.704066697000030,52.108514939000031,1,05240830709110003443
05,5,58,012,2024,08,14,6,3,5,2,0,0,1,0,0,0,0,374448.855999999679625,5755991.675000000745058,7.173504127000058,51.940457563000052,0,05240830706200028180
05,5,58,016,2024,08,17,6,2,5,2,0,0,1,0,0,0,0,388513.348799999803305,5747916.650699999183416,7.380630473000053,51.870879210000055,0,05240830706100037256
05,5,58,040,2024,08,19,6,2,2,6,0,0,1,0,0,0,0,377599.234400000423193,5764126.417700000107288,7.216409477000070,52.014263502000063,0,05240830706000039750
05,5,58,024,2024,08,11,6,3,2,6,0,0,1,0,0,0,0,392628.368999999947846,5736363.135999999940395,7.443959827000072,51.767844575000026,0,05240830706000023727
05,5,54,040,2024,08,17,6,1,5,3,0,1,1,0,0,0,0,352681.190999999642372,5734365.523000000044703,6.866262284000072,51.740811122000082,0,05240830705000035271
05,5,62,032,2024,08,21,6,3,2,6,2,0,1,0,0,0,0,373789.116799999959767,5715984.355100000277162,7.178441920000068,51.580772835000062,0,05240830702340039579
05,5,12,000,2024,08,17,6,3,3,6,0,0,1,0,0,0,0,355697.295099999755621,5713252.709100000560284,6.918624377000071,51.551885840000068,0,05240830702340034241
05,5,15,000,2024,08,07,6,3,2,6,0,0,1,0,0,1,1,402510.212700000032783,5760671.444399999454618,7.580252424000037,51.988145327000041,1,05240830702100013215
05,5,62,036,2024,08,13,6,3,0,2,0,1,0,0,0,0,1,389222.764299999922514,5720322.231300000101328,7.399720231000060,51.623006934000045,0,05240830701930030079
05,5,62,004,2024,08,13,6,3,5,3,0,0,1,0,0,0,1,382879.533599999733269,5713239.505899999290705,7.310491888000058,51.558065351000039,0,05240830701800035746
05,5,62,012,2024,08,20,6,3,5,3,1,1,1,0,0,0,0,359429.771700000390410,5726221.386900000274181,6.967223120000028,51.669363457000031,0,05240830701610037328
05,5,62,014,2024,08,15,6,3,6,4,0,0,1,1,0,0,0,362029.942099999636412,5712750.668299999088049,7.010100696000052,51.548958532000029,0,05240830701300032826
05,5,13,000,2024,08,07,6,2,5,2,0,0,1,0,0,0,1,367923.012099999934435,5706408.900100000202656,7.097420142000033,51.493376997000041,1,05240830700000014105
05,5,15,000,2024,08,13,7,3,3,6,0,0,1,0,1,0,0,405902.178999999538064,5752953.675000000745058,7.631747705000066,51.919359462000045,0,05240831702100050862
05,5,66,084,2024,08,14,6,3,8,1,0,0,0,0,1,0,0,392566.615799999795854,5777860.713600000366569,7.430090474000053,52.140799616000038,0,05240830709300032702
05,5,54,024,2024,09,14,7,3,3,6,0,0,1,0,0,0,0,368909.336600000038743,5774793.598500000312924,7.085761689000037,52.108132658000045,0,05240907702340313772
05,5,62,028,2024,09,13,3,3,5,2,0,0,1,0,1,0,0,381362.526700000278652,5721861.563200000673532,7.285703200000057,51.635239560000059,0,05240903701920147930
05,5,13,000,2024,08,10,7,3,2,6,0,0,1,0,0,0,0,368728.905399999581277,5711968.824999999254942,7.106951256000059,51.543530577000070,0,05240831700000047025
05,5,66,076,2024,09,02,1,3,9,1,2,0,1,0,0,0,0,394689.975399999879301,5790650.634099999442697,7.457130544000051,52.256156600000054,0,05240901709500061407
05,5,58,004,2024,09,22,1,3,9,1,2,0,0,0,1,0,0,408810.258299999870360,5732855.150800000876188,7.679316360000030,51.739181300000041,0,05240901706300077875
05,5,70,008,2024,08,17,5,3,0,2,0,1,1,0,0,0,0,434211.270999999716878,5734199.611999999731779,8.046874562000028,51.754826036000054,0,05240829711300996559
05,5,66,048,2024,08,21,5,3,0,1,2,0,0,0,1,0,0,427779.314600000157952,5796427.935100000351667,7.940565419000052,52.313428108000039,0,05240829709700957547
05,5,66,024,2024,08,06,5,3,5,3,0,0,1,0,0,0,0,383376.293999999761581,5770812.220799999311566,7.298268962000066,52.075592458000074,0,05240829709300965727
05,5,66,084,2024,08,22,5,3,5,3,2,0,1,0,0,0,1,386160.115000000223517,5778968.844000000506639,7.336143456000059,52.149475325000026,0,05240829709300040647
05,5,66,036,2024,08,23,5,3,9,1,2,0,1,0,0,0,0,386887.757000000216067,5770628.517799999564886,7.349544501000025,52.074669935000031,0,05240829709300002481
05,5,66,084,2024,08,21,5,2,5,3,2,0,1,0,1,0,0,390200.057599999941885,5773974.643100000917912,7.396776813000031,52.105409257000076,0,05240829709300000954
05,5,54,040,2024,08,18,5,3,5,3,0,0,1,0,0,0,0,352801.359000000171363,5735187.038000000640750,6.867653840000060,51.748224108000045,0,05240829705000996725
05,5,15,000,2024,08,19,5,3,3,6,0,1,0,0,0,0,0,407066.059899999760091,5757782.130300000309944,7.647361345000036,51.962955714000032,0,05240829702100205512
05,5,62,008,2024,08,13,5,2,3,2,0,0,0,0,1,0,1,384347.820000000298023,5726286.551999999210238,7.327356547000022,51.675631543000065,0,05240829701910986550
05,5,62,004,2024,08,15,5,3,6,6,0,1,0,1,0,0,0,382334.822200000286102,5717929.530999999493361,7.301066477000063,51.600104304000070,0,05240829701800992765
05,5,62,024,2024,08,17,5,3,5,3,0,1,0,0,0,0,1,370456.498900000005960,5726381.278699999675155,7.126524850000067,51.673451075000060,0,05240829701500994127
05,5,62,024,2024,08,09,5,2,8,1,0,0,0,0,1,0,0,374589.514000000432134,5723873.642999999225140,7.187164119000045,51.651852932000054,0,05240829701500974151
05,5,62,024,2024,08,05,5,3,4,6,2,1,0,0,0,0,0,365671.973100000061095,5724788.329800000414252,7.057984837000049,51.658012682000049,0,05240829701500962850
05,5,62,014,2024,08,12,5,3,4,6,0,1,0,0,0,0,1,361922.735000000335276,5712917.811000000685453,7.008489882000049,51.550434289000066,0,05240829701300979591
05,5,62,032,2024,08,15,5,3,5,3,0,1,1,0,0,0,0,376619.373499999754131,5718240.983100000768900,7.218475160000025,51.601680375000058,0,05240829701110993389
05,5,62,032,2024,08,05,5,2,0,1,2,1,0,0,0,0,0,378667.558600000105798,5717818.484600000083447,7.248180575000049,51.598328211000080,0,05240829701110962137
05,5,13,000,2024,08,19,5,3,6,7,0,1,0,1,0,0,0,368615.415699999779463,5712609.342199999839067,7.105076417000021,51.549260326000081,0,05240829700000998376
05,5,54,024,2024,09,07,6,3,1,6,0,0,1,0,0,0,0,373365.533999999985099,5775767.292999999597669,7.150433366000073,52.117920596000033,0,05240906705000260425
05,5,54,020,2024,09,13,6,3,2,6,0,0,1,0,0,0,0,366248.068599999882281,5782725.802999999374151,7.043803397000033,52.178770369000063,0,05240906705000285114
05,5,54,056,2024,09,17,2,3,2,6,0,0,1,0,0,0,0,357202.078300000168383,5762502.637599999085069,6.920061104000069,51.994800718000079,1,05240909705000378216
05,5,54,064,2024,08,06,5,3,4,6,0,0,1,0,0,0,0,358567.776600000448525,5747158.230299999937415,6.946244394000075,51.857276505000073,0,05240829705000963331
05,5,70,020,2024,08,13,4,3,5,3,0,1,0,0,0,0,0,426786.918800000101328,5742658.989900000393391,7.937546274000056,51.829952304000074,0,05240828711400945281
05,5,70,052,2024,08,16,4,3,5,2,0,0,1,0,0,0,0,432396.468799999915063,5756033.952400000765920,8.016315670000040,51.950897677000057,0,05240828711100952772
05,5,70,036,2024,08,16,4,3,5,3,0,0,1,0,0,0,0,430662.355000000447035,5761693.776000000536442,7.989943533000030,52.001563730000044,0,05240828711100950966
05,5,70,024,2024,08,11,4,3,4,6,0,1,0,0,0,0,0,423103.898900000378489,5754937.259199999272823,7.881372976000023,51.939832012000068,0,05240828711100936498
05,5,66,040,2024,08,07,4,3,5,3,0,0,1,0,0,0,0,415598.293999999761581,5782328.990000000223517,7.765442186000030,52.184962516000041,0,05240828709800923450
05,5,66,028,2024,08,08,4,2,4,6,0,0,1,0,0,0,0,409703.920400000177324,5786250.635900000110269,7.678202675000023,52.219277793000060,0,05240828709700928335
05,5,66,016,2024,08,08,4,2,9,7,0,0,1,0,0,0,0,403830.947900000028312,5794227.948899999260902,7.589986486000043,52.289982718000033,0,05240828709500925287
05,5,58,016,2024,08,13,4,3,0,2,0,1,1,0,0,0,0,381911.308000000193715,5745942.273000000044703,7.285454225000024,51.851776620000066,0,05240828706100949334
05,5,58,032,2024,08,08,4,3,5,3,0,0,1,0,0,0,0,389440.390999999828637,5752564.098999999463558,7.392600327000025,51.912833071000080,0,05240828706100925110
05,5,54,004,2024,08,18,4,2,5,3,0,1,1,0,0,0,0,361199.717600000090897,5768222.078500000759959,6.975930188000063,52.047205226000074,0,05240828705000952172
05,5,54,008,2024,08,14,4,3,2,6,0,0,1,0,0,0,0,330107.156200000084937,5742742.490800000727177,6.535510075000047,51.809673751000048,0,05240828705000950306
05,5,54,024,2024,09,20,2,3,8,1,2,0,1,0,0,0,0,369986.091400000266731,5781354.111300000920892,7.098966637000046,52.167338269000027,1,05240909702340382027
05,5,15,000,2024,08,15,4,3,2,6,0,0,1,0,0,0,0,405860.940000000409782,5753195.758999999612570,7.631082051000021,51.921528467000030,0,05240828702100948878
05,5,15,000,2024,08,15,4,3,5,7,0,1,1,0,0,0,0,408669.483000000007451,5753487.839999999850988,7.671832793000021,51.924621673000047,0,05240828702100948857
05,5,15,000,2024,08,13,4,3,5,3,0,1,1,0,0,0,0,407089.636500000022352,5761107.784399999305606,7.646803915000021,51.992852244000062,0,05240828702100944488
05,5,15,000,2024,08,07,4,3,6,5,0,1,0,1,0,0,0,405441.927699999883771,5755142.666099999099970,7.624455877000059,51.938957185000049,0,05240828702100920474
05,5,62,008,2024,08,17,4,2,0,1,0,1,0,0,0,0,0,385047.015200000256300,5723995.680800000205636,7.338217846000020,51.655185439000036,0,05240828701910950472
05,5,62,012,2024,08,07,4,3,5,3,0,1,1,0,0,0,0,359099.375900000333786,5726750.413599999621511,6.962235153000051,51.674034412000026,0,05240828701610922091
05,5,62,024,2024,08,17,4,3,0,1,0,1,0,0,0,0,0,374135.913900000043213,5725839.235700000077486,7.179902987000048,51.669416228000046,0,05240828701500954674
05,5,12,000,2024,08,11,4,3,5,3,0,0,1,0,0,0,1,356467.214800000190735,5711179.107200000435114,6.930567332000066,51.533449279000081,0,05240828701400935917
05,5,62,014,2024,08,12,4,3,5,3,0,0,1,0,0,0,0,360388.791199999861419,5719436.403000000864267,6.983788777000029,51.608633160000068,0,05240828701300949825
05,5,62,020,2024,08,11,4,3,5,3,0,1,1,0,0,0,0,368973.735399999655783,5718496.337999999523163,7.108045325000035,51.602248371000030,0,05240828701200934359
05,5,62,032,2024,08,15,4,3,0,7,0,1,1,0,0,0,0,376059.888399999588728,5719157.693600000813603,7.210076815000036,51.609796165000034,0,05240828701110973159
05,5,62,032,2024,08,15,4,3,5,3,0,0,1,0,1,0,0,378635.206699999980628,5721163.270099999383092,7.246555481000030,51.628381970000078,0,05240828701110950279
05,5,13,000,2024,08,16,4,3,4,2,0,1,1,0,0,0,0,364248.496000000275671,5712708.206000000238419,7.042094326000040,51.549115057000051,0,05240828700000956480
05,5,13,000,2024,08,16,4,3,0,1,0,0,0,0,0,0,1,368621.679999999701977,5712454.461999999359250,7.105224551000049,51.547869918000060,0,05240828700000955451
05,5,13,000,2024,08,17,4,2,5,2,0,0,0,0,1,0,1,363723.038099999539554,5719585.118200000375509,7.031851910000057,51.610786408000081,0,05240828700000952530
05,5,13,000,2024,08,15,4,3,3,2,0,0,1,0,0,0,1,362585.666000000201166,5711143.596999999135733,7.018738028000030,51.534652546000075,0,05240828700000949448
05,5,13,000,2024,08,07,4,2,9,7,0,0,1,0,0,0,0,368786.678999999538064,5708971.870999999344349,7.108900505000065,51.516611057000034,0,05240828700000920047
05,5,62,004,2024,09,14,4,3,5,3,0,0,0,0,1,0,1,384815.741000000387430,5710892.112999999895692,7.339178239000034,51.537365997000052,0,05240911701800459673
05,5,70,004,2024,09,15,6,3,8,6,0,0,1,0,0,0,0,424787.929999999701977,5736070.603000000119209,7.909972254000024,51.770459529000050,1,05240906711200289149
05,5,62,012,2024,09,11,7,3,5,3,0,1,0,0,0,0,1,357614.005499999970198,5726961.212200000882149,6.940682027000037,51.675554054000031,0,05240907701610306168
05,5,15,000,2024,09,17,2,3,2,7,0,0,1,0,0,0,0,409034.411999999545515,5757296.823000000789762,7.676130568000076,51.958919027000036,0,05240902702100114713
05,5,12,000,2024,09,16,3,3,5,3,0,0,1,0,0,0,0,355262.246600000187755,5715037.635700000450015,6.911619054000028,51.567813148000027,1,05240910701400421971
05,5,15,000,2024,09,06,4,3,4,6,2,1,0,0,0,0,0,403422.990100000053644,5749811.293700000271201,7.596590681000066,51.890689991000045,1,05240911702100431710
05,5,13,000,2024,09,21,2,3,0,7,2,0,1,0,1,0,0,369518.431499999947846,5707035.849799999967217,7.120157073000030,51.499381780000078,1,05240909700000383626
05,5,66,040,2024,09,21,5,3,5,3,2,0,1,0,0,0,0,416566.760999999940395,5785181.141000000759959,7.778902153000047,52.210746749000066,0,05240912709800513695
05,5,70,052,2024,09,17,2,1,8,1,0,0,1,0,0,0,0,428425.613599999807775,5763990.000700000673532,7.956886259000044,52.021921663000057,0,05240923711100887304
05,5,70,012,2024,09,07,2,3,2,5,0,0,1,0,0,0,0,440504.642400000244379,5753050.235899999737740,8.134796571000038,51.925000469000054,0,05240923711100851635
05,5,66,076,2024,09,17,2,3,9,1,0,0,0,0,1,0,0,402777.144700000062585,5788254.415500000119209,7.576261852000073,52.236108507000040,0,05240923709500886644
05,5,66,076,2024,09,16,2,3,1,6,0,0,1,0,0,0,0,393579.349000000394881,5792925.414000000804663,7.440148096000030,52.276386827000067,0,05240923709500882274
05,5,66,096,2024,09,09,2,3,1,3,0,1,1,0,0,0,0,386881.864900000393391,5787035.372899999842048,7.343996061000041,52.222116886000038,1,05240923709300854637
05,5,58,024,2024,09,07,2,3,5,3,0,0,1,0,0,0,1,395980.117999999783933,5741070.872600000351667,7.491103695000049,51.810791281000036,0,05240923706300854602
05,5,58,036,2024,09,12,2,3,5,3,0,1,1,0,0,0,0,383606.348000000230968,5729532.198000000789762,7.315555164000045,51.704648787000053,0,05240923706000880241
05,5,58,024,2024,09,10,2,3,4,1,0,0,1,0,0,0,0,389541.270800000056624,5733165.129599999636412,7.400255944000037,51.738500873000078,0,05240923706000866133
05,5,58,024,2024,09,08,2,3,5,3,0,1,1,0,0,0,0,391911.400899999774992,5736355.028300000354648,7.433576153000047,51.767633739000075,0,05240923706000849949
05,5,54,008,2024,09,21,2,3,5,6,2,0,1,0,0,0,1,335140.790400000289083,5741797.682299999520183,6.608908389000021,51.802693119000025,0,05240923705000891157
05,5,54,020,2024,09,16,2,3,2,6,0,0,1,0,0,0,0,365597.816200000233948,5784547.249600000679493,7.033577019000063,52.194978725000055,0,05240923705000883688
05,5,54,056,2024,09,09,2,2,9,1,0,0,1,0,0,0,0,356957.195700000040233,5764396.179500000551343,6.915706341000032,52.011751177000065,1,05240923705000861482
05,5,54,012,2024,09,07,2,3,2,6,0,0,1,0,0,0,0,347855.819000000134110,5748215.484999999403954,6.790349607000053,51.863958185000058,1,05240923705000851201
05,5,15,000,2024,09,06,2,3,4,2,1,0,1,0,1,0,0,409847.487999999895692,5751858.771999999880791,7.689385473000073,51.910170432000029,0,05240923702100848902
05,5,62,004,2024,09,08,2,3,1,6,0,0,1,0,0,1,0,383172.993800000287592,5713509.830399999395013,7.314633364000031,51.560555815000043,1,05240923701800850122
05,5,62,014,2024,09,13,2,3,2,6,0,0,1,0,0,0,0,358735.459999999962747,5716069.473999999463558,6.961283625000021,51.577965968000058,0,05240923701300879516
05,5,62,032,2024,09,08,2,3,5,2,0,1,1,0,0,0,0,375993.342500000260770,5720915.217900000512600,7.208494283000050,51.625576645000081,0,05240923701110854196
05,5,13,000,2024,09,15,2,3,5,2,0,0,1,0,0,0,0,363789.653300000354648,5716427.990399999544024,7.034039122000024,51.582431701000075,0,05240923700000883315
05,5,70,008,2024,09,16,2,3,3,7,0,0,1,0,0,1,0,434188.598000000230968,5737257.616000000387430,8.045966691000046,51.782315034000078,1,05240923301911883059
05,5,70,048,2024,09,15,1,3,3,6,0,0,1,0,1,0,0,449102.411999999545515,5729691.141799999400973,8.263249874000053,51.715843365000069,0,05240922711300835937
05,5,70,036,2024,09,13,1,3,5,3,0,1,1,0,0,0,0,434189.647499999962747,5761715.340800000354648,8.041314237000051,52.002186934000065,0,05240922711100833956
05,5,66,028,2024,09,10,1,3,2,6,0,0,1,0,1,0,0,412501.296000000089407,5792017.679999999701977,7.717647001000046,52.271565326000029,0,05240922709700830536
05,5,66,024,2024,09,16,1,3,0,1,0,0,0,0,1,0,0,381095.388700000010431,5775825.192700000479817,7.263253983000027,52.120157346000042,0,05240922709300839080
05,5,66,012,2024,09,16,1,2,9,1,0,0,0,0,1,0,0,401057.662999999709427,5768020.283999999985099,7.556981760000042,52.053940418000082,0,05240922709110838638
05,5,58,028,2024,09,22,1,2,4,6,2,0,1,0,1,0,0,399447.716599999926984,5730461.703800000250340,7.544456699000023,51.716066233000049,0,05240922706300843907
05,5,54,044,2024,09,15,1,3,0,1,0,1,0,0,0,0,0,365561.502000000327826,5744252.698999999091029,7.048865469000020,51.832896047000077,0,05240922705000834497
05,5,54,012,2024,09,03,1,2,8,1,2,0,1,0,0,0,0,352830.944799999706447,5746499.510500000789762,6.863280899000074,51.849874713000077,0,05240922705000826841
05,5,62,014,2024,09,12,1,3,2,6,0,0,1,0,0,0,0,356766.840499999932945,5715685.856799999251962,6.933048889000077,51.574022095000032,0,05240922702340834171
05,5,15,000,2024,09,06,1,3,5,3,1,0,1,0,0,0,1,404684.754999999888241,5759085.980000000447035,7.612350699000046,51.974272033000034,0,05240922702100831649
05,5,62,036,2024,09,16,1,3,0,1,0,1,0,0,0,0,0,386821.064100000075996,5718698.398900000378489,7.365564936000055,51.607934217000036,0,05240922701930837196
05,5,62,008,2024,09,15,1,2,5,3,0,1,1,0,0,0,0,383584.252500000409782,5720082.917199999094009,7.318383103000031,51.619717900000069,0,05240922701910835060
05,5,62,016,2024,09,18,1,2,2,2,0,0,0,0,1,0,0,378583.894700000062585,5732873.839700000360608,7.241741782000076,51.733616380000058,0,05240922701700837743
05,5,62,016,2024,09,16,1,2,2,2,0,0,1,0,1,0,0,384029.580099999904633,5733018.733100000768900,7.320516501000043,51.736071739000067,0,05240922701700836615
05,5,13,000,2024,09,12,1,3,0,1,0,0,0,0,1,0,0,365642.506799999624491,5713490.353599999099970,7.061888529000043,51.556477481000059,0,05240922700000831618
05,5,70,052,2024,09,18,7,3,0,1,0,0,1,0,0,0,0,429614.844200000166893,5764981.005899999290705,7.974011028000064,52.030982438000080,0,05240921711100820967
05,5,70,036,2024,09,10,7,2,5,3,0,0,1,0,0,0,0,430821.715499999932945,5760431.171700000762939,7.992519405000053,51.990233337000063,0,05240921711100812232
05,5,70,052,2024,09,03,7,3,8,7,2,0,1,0,0,0,0,427888.274600000120699,5761118.961699999868870,7.949661055000036,51.996043067000073,0,05240921711100807676
05,5,66,028,2024,09,17,7,3,0,1,0,0,0,0,1,0,0,406397.521999999880791,5797975.598999999463558,7.626563129000033,52.324109444000044,0,05240921709700819204
05,5,66,028,2024,09,15,7,3,4,2,0,0,1,0,0,0,1,409414.917000000365078,5785352.554899999871850,7.674213720000068,52.211158196000042,0,05240921709700816856
05,5,66,076,2024,09,21,7,2,2,6,2,0,1,0,1,0,0,394943.422000000253320,5790232.836999999359250,7.460972261000052,52.252450179000050,0,05240921709500823557
05,5,66,068,2024,09,16,7,3,9,1,0,1,0,0,0,0,0,380215.996600000187755,5783457.512000000104308,7.247724124000058,52.188555504000078,0,05240921709300819644
05,5,66,008,2024,09,13,7,3,4,2,0,1,1,0,0,0,0,401000.252799999900162,5779387.287799999117851,7.552840867000043,52.156096039000033,0,05240921709110814698
05,5,58,004,2024,09,14,7,1,5,3,0,0,1,0,1,0,0,402607.173000000417233,5735881.076999999582767,7.588659035000035,51.765336496000032,0,05240921706300818094
05,5,58,032,2024,09,16,7,3,0,6,0,1,0,0,0,0,0,386643.059399999678135,5753073.471400000154972,7.351780894000058,51.916848684000058,0,05240921706000821424
05,5,54,004,2024,09,16,7,3,5,2,0,1,1,0,0,0,0,362751.160000000149012,5771137.375000000000000,6.997367640000050,52.073786556000073,0,05240921705000817358
05,5,62,014,2024,09,14,7,2,9,1,0,0,1,0,0,0,0,359086.257799999788404,5713343.358799999579787,6.967435866000073,51.553557008000041,0,05240921702340816199
05,5,62,014,2024,09,02,7,3,3,6,2,0,1,0,0,1,0,361424.995699999853969,5713794.064200000837445,7.000970339000048,51.558186423000052,0,05240921702340807828
05,5,12,000,2024,09,02,7,2,0,7,2,0,1,0,0,0,0,356974.339800000190735,5721841.104499999433756,6.933531113000072,51.629384137000045,0,05240921702340807317
05,5,13,000,2024,09,14,7,3,2,6,0,0,1,0,0,0,0,366843.682000000029802,5705345.169999999925494,7.082282855000074,51.483564400000034,0,05240921700000821928
05,5,13,000,2024,09,12,7,3,9,1,0,0,0,0,1,0,0,363982.404000000096858,5721004.403000000864267,7.035044458000073,51.623603183000057,0,05240921700000817031
05,5,62,004,2024,09,14,7,3,5,2,0,0,1,1,0,0,0,382552.015100000426173,5714877.153500000014901,7.305222261000040,51.572715921000054,0,05240921701800815044
05,5,70,028,2024,09,12,6,3,5,2,0,1,1,0,0,0,0,441094.495699999853969,5742512.445599999278784,8.145171966000021,51.830326959000047,0,05240920711400785359
05,5,70,016,2024,09,17,6,3,9,7,0,0,0,0,0,0,1,416252.184000000357628,5735291.057000000029802,7.786482393000028,51.762240023000061,0,05240920711200800257
05,5,70,004,2024,09,17,6,3,5,3,0,0,1,0,0,0,1,422707.900500000454485,5732300.028599999845028,7.880671433000032,51.736280160000035,0,05240920711200798274
05,5,70,004,2024,09,12,6,3,1,6,0,0,1,0,0,0,0,423861.341599999926984,5734448.207100000232458,7.896901674000048,51.755749485000081,0,05240920711200787357
05,5,70,052,2024,09,15,6,3,5,3,0,1,0,0,0,0,1,430248.650299999862909,5756057.539400000125170,7.985063658000058,51.950844497000048,0,05240920711100794057
05,5,66,040,2024,09,12,6,3,2,1,0,0,1,0,1,0,0,417407.331299999728799,5784983.579299999400973,7.791249647000029,52.209097571000029,0,05240920709800784589
05,5,66,036,2024,09,10,6,3,4,6,0,0,1,0,0,0,1,387350.212000000290573,5768370.394999999552965,7.357034369000075,52.054470099000071,0,05240920709300782839
05,5,66,044,2024,09,16,6,3,3,2,0,0,1,0,0,0,1,426759.769999999552965,5778851.235899999737740,7.929420402000062,52.155295693000028,0,05240920709800797921
05,5,66,008,2024,09,17,6,3,0,7,0,1,1,0,0,0,0,398636.989000000059605,5781235.063999999314547,7.517755720000025,52.172274489000074,0,05240920709110799871
05,5,58,024,2024,09,11,6,3,3,7,0,1,1,0,0,0,0,388985.012199999764562,5740371.085200000554323,7.389899808000052,51.803156379000029,0,05240920706000784435
05,5,58,040,2024,09,06,6,3,8,1,0,0,0,0,1,0,0,384846.230999999679625,5766043.921000000089407,7.321314997000059,52.033047343000078,0,05240920706000770466
05,5,54,064,2024,09,11,6,3,5,3,0,0,1,0,0,0,0,360788.120000000111759,5755934.302999999374151,6.974920922000024,51.936692215000051,0,05240920705000784328
05,5,54,016,2024,09,10,6,3,7,6,0,1,0,0,0,0,0,362272.797500000335276,5757598.425300000235438,6.995837208000069,51.952014664000046,0,05240920705000777558
05,5,54,008,2024,09,07,6,3,5,3,0,1,1,0,0,0,0,335820.486700000241399,5746803.938599999994040,6.616383547000055,51.847866521000071,0,05240920705000771673
05,5,54,048,2024,09,08,6,3,2,3,0,1,1,0,0,0,0,340980.017699999734759,5746841.193399999290705,6.691207603000066,51.849694632000080,0,05240920705000771376
05,5,13,000,2024,09,22,6,3,2,6,2,0,1,0,0,0,0,368235.173799999989569,5711150.611600000411272,7.100141700000052,51.536062467000079,0,05240920702340803937
05,5,62,014,2024,09,11,6,3,2,6,0,0,1,0,0,0,0,356733.566700000315905,5715600.922000000253320,6.932603699000026,51.573250437000070,0,05240920702340787043
05,5,13,000,2024,09,11,6,2,9,1,0,0,1,0,0,0,0,370727.258299999870360,5715261.115900000557303,7.134542291000059,51.573579249000034,0,05240920702340786584
05,5,15,000,2024,09,15,6,3,7,1,0,0,1,0,0,0,0,401867.158200000412762,5749651.507799999788404,7.574035067000068,51.888982037000062,0,05240920702330797185
05,5,58,004,2024,09,13,6,3,2,6,0,0,1,0,0,0,0,406119.888199999928474,5737476.284499999135733,7.639115520000075,51.780275476000043,0,05240920702330791803
05,5,15,000,2024,09,20,6,3,3,2,2,1,1,0,0,0,0,402295.907999999821186,5754690.562000000849366,7.578833857000063,51.934350027000050,0,05240920702100804618
05,5,15,000,2024,09,20,6,3,2,6,1,0,0,0,1,0,0,404864.070000000298023,5758308.785000000149012,7.615175826000041,51.967317040000069,0,05240920702100801331
05,5,15,000,2024,09,13,6,3,1,6,0,0,1,0,0,0,0,406224.992800000123680,5757570.900299999862909,7.635181157000034,51.960915850000049,0,05240920702100791739
05,5,12,000,2024,09,13,6,3,0,3,0,1,1,0,0,0,0,357037.175999999977648,5719333.221499999985099,6.935461555000074,51.606865021000033,0,05240920701400797443
05,5,13,000,2024,09,21,6,3,3,6,2,0,1,0,0,0,0,370127.160000000149012,5710988.779999999329448,7.127465313000073,51.535046552000040,0,05240920700000805908
05,5,62,014,2024,09,12,7,3,2,6,0,0,1,0,0,0,0,360140.934999999590218,5713350.547599999234080,6.982635667000068,51.553884048000043,0,05240921701400816048
05,5,70,020,2024,09,14,5,3,2,6,0,0,1,0,0,0,0,434460.421600000001490,5749314.868200000375509,8.047622389000026,51.890741268000056,0,05240919711400758852
05,5,70,008,2024,09,12,5,2,8,1,0,0,1,0,0,0,0,434871.251000000163913,5736229.257999999448657,8.056054234000044,51.773149892000049,0,05240919711300757220
05,5,70,004,2024,09,16,5,3,1,6,0,0,1,0,0,0,0,423967.435999999754131,5734923.426999999210238,7.898334499000043,51.760035967000078,0,05240919711200758220
05,5,66,028,2024,09,16,5,3,5,3,0,0,0,0,0,0,1,412500.710099999792874,5791940.555999999865890,7.717658423000046,52.270872020000070,0,05240919709700755698
05,5,66,076,2024,09,10,5,3,5,3,0,0,1,0,0,0,1,394535.511800000444055,5792883.668199999257922,7.454170473000033,52.276195907000044,0,05240919709500733354
05,5,66,024,2024,09,16,5,3,5,2,0,0,0,0,1,1,0,384338.642300000414252,5770365.134700000286102,7.312456119000046,52.071776368000030,0,05240919709300755768
05,5,66,004,2024,09,15,5,3,9,1,0,0,0,0,0,0,1,393647.783800000324845,5765192.830000000074506,7.449833685000044,52.027155864000065,0,05240919709110757904
05,5,66,012,2024,09,06,5,3,7,7,2,0,1,0,0,0,0,402515.332799999974668,5770175.853800000622869,7.577618455000049,52.073573220000071,0,05240919709110727566
05,5,58,024,2024,09,12,5,2,5,3,0,1,1,0,0,0,0,395981.044499999843538,5741075.026900000870228,7.491115883000020,51.810828793000042,0,05240919706300745888