ULAND,UREGBEZ,UKREIS,UGEMEINDE,UJAHR,UMONAT,USTUNDE,UWOCHENTAG,UKATEGORIE,UART,UTYP1,ULICHTVERH,IstRad,IstPKW,IstFuss,IstKrad,IstGkfz,IstSonstige,LINREFX,LINREFY,XGCSWGS84,YGCSWGS84,STRZUSTAND,UIDENTSTLAE
05,5,58,028,2024,09,10,5,3,5,3,0,0,1,0,0,0,0,403170.001000000163913,5732108.354000000283122,7.597862990000067,51.731522438000070,0,05240919706300736918
05,5,58,040,2024,09,00,5,3,9,1,2,0,1,0,0,0,0,371870.876400000415742,5763375.051100000739098,7.133265324000035,52.006218630000035,0,05240919706000721013
05,5,54,004,2024,09,07,5,3,5,3,0,1,1,0,0,0,0,364448.421699999831617,5772566.162900000810623,7.021548982000070,52.087042930000052,0,05240919705000725652
05,5,66,068,2024,09,12,5,3,8,1,0,0,0,0,0,1,1,371759.633200000040233,5785518.938899999484420,7.123308353000027,52.205177713000069,0,05240919702340745300
05,5,15,000,2024,09,13,5,3,0,6,0,0,1,0,0,0,0,401872.287600000388920,5749619.521700000390410,7.574118677000058,51.888695438000070,0,05240919702330748680
05,5,58,004,2024,09,05,5,2,2,6,2,0,1,0,0,1,0,406133.410699999891222,5737027.278500000014901,7.639432894000038,51.776241736000031,0,05240919702330725228
05,5,15,000,2024,09,16,5,3,3,1,0,1,0,0,0,0,1,405524.230499999597669,5754586.489199999719858,7.625805533000062,51.933971987000064,0,05240919702100755796
05,5,15,000,2024,09,15,5,3,5,3,0,0,1,0,0,0,1,403992.396099999547005,5761414.488800000399351,7.601622451000026,51.995082195000066,0,05240919702100755070
05,5,15,000,2024,09,09,5,3,2,6,0,0,0,0,1,0,0,407426.921699999831617,5758064.292799999937415,7.652535995000051,51.965552144000071,0,05240919702100732575
05,5,62,008,2024,09,20,5,3,6,4,0,0,1,1,0,0,0,384661.897800000384450,5722291.215700000524521,7.333215074000066,51.639787344000069,0,05240919701910046836
05,5,62,016,2024,09,21,5,3,5,3,2,0,1,0,0,0,0,373907.508799999952316,5733697.637299999594688,7.173759724000035,51.739987275000033,0,05240919701700764188
05,5,62,012,2024,09,12,5,3,0,7,0,0,0,0,0,1,1,359574.904900000430644,5730762.459499999880791,6.967493044000037,51.710204820000058,0,05240919701620754655
05,5,62,032,2024,09,07,5,3,5,3,0,1,1,0,0,0,0,374049.051599999889731,5719174.066500000655651,7.181046383000023,51.609497075000036,0,05240919701110726896
05,5,13,000,2024,09,14,5,2,0,1,0,0,0,0,0,0,1,366725.448900000192225,5716971.760900000110269,7.076179828000022,51.588020201000063,0,05240919700000751637
05,5,70,020,2024,09,14,1,3,0,1,0,0,0,0,0,0,1,437067.518799999728799,5746497.884400000795722,8.086015358000054,51.865717053000026,0,05240922711400839589
05,5,66,076,2024,09,17,6,3,1,6,0,0,1,0,0,0,0,393024.060999999754131,5797918.166899999603629,7.430426390000036,52.321149563000063,0,05240920709500800101
05,5,54,032,2024,09,14,5,3,2,6,0,0,1,0,0,0,0,324218.611499999649823,5743462.163200000301003,6.449814693000064,51.814317785000071,0,05240919500630757676
05,5,54,032,2024,09,15,5,3,1,1,0,0,1,0,0,0,1,324523.071499999612570,5743287.253000000491738,6.454315584000028,51.812842334000038,0,05240919500630757559
05,5,66,016,2024,09,06,2,3,5,3,1,0,1,0,0,0,0,404597.927500000223517,5793859.210500000044703,7.601332550000052,52.286802258000080,0,05240923709500852118
05,5,62,014,2024,09,08,5,3,5,3,0,1,1,0,0,0,0,359425.707999999634922,5714892.504000000655651,6.971709424000039,51.567562304000035,0,05240919701300726320
05,5,70,024,2024,09,17,4,3,5,3,0,0,1,0,1,0,0,420431.110399999655783,5753237.384700000286102,7.842892807000055,51.924175647000027,0,05240918711100740295
05,5,66,040,2024,09,14,4,3,5,2,0,0,1,0,0,0,0,418723.468000000342727,5784361.157199999317527,7.810656289000065,52.203698493000047,0,05240918709800712911
05,5,66,072,2024,09,07,4,2,8,1,0,0,0,0,1,0,0,414201.541400000452995,5802603.441400000825524,7.739858480000066,52.366981237000061,0,05240918709700685244
05,5,66,076,2024,09,15,4,3,0,1,0,1,0,0,0,0,0,394625.798100000247359,5788412.128499999642372,7.456888917000072,52.236026154000058,0,05240918709500711451
05,5,66,004,2024,09,16,4,3,8,1,0,0,0,0,1,0,0,399703.212700000032783,5766037.515699999406934,7.537816588000055,52.035875890000057,0,05240918709110713260
05,5,66,012,2024,09,16,4,3,0,7,0,1,0,0,0,0,0,402869.065999999642372,5768826.835999999195337,7.583161862000054,52.061510269000053,0,05240918709110712102
05,5,58,016,2024,09,14,4,3,5,2,0,0,1,0,0,0,0,382419.540000000037253,5744378.009999999776483,7.293361636000043,51.837825560000056,0,05240918706100714236
05,5,58,024,2024,09,08,4,3,2,1,0,0,1,0,1,0,0,394371.283499999903142,5734753.968000000342727,7.469697655000061,51.753712746000076,0,05240918706000688534
05,5,54,004,2024,09,21,4,3,5,3,2,1,1,0,0,0,0,362697.561099999584258,5771106.553099999204278,6.996598483000071,52.073496325000065,0,05240918705000717231
05,5,54,020,2024,09,13,4,3,5,2,0,1,0,0,0,0,0,366578.714700000360608,5785724.235500000417233,7.047455787000047,52.205792669000061,0,05240918705000702738
05,5,66,040,2024,09,14,4,3,2,6,0,0,1,0,0,0,0,420907.656899999827147,5785048.158399999141693,7.842450526000050,52.210191571000053,0,05240918702350712272
05,5,62,004,2024,09,13,4,2,1,6,0,0,1,0,0,0,0,383539.550900000147521,5713263.795700000599027,7.320000430000050,51.558420321000028,0,05240918701800708744
05,5,12,000,2024,09,10,4,3,5,3,0,1,1,0,0,0,0,356847.197599999606609,5717112.897900000214577,6.933625952000057,51.586865544000034,0,05240918701400694318
05,5,62,032,2024,09,15,4,3,3,2,0,0,0,0,1,0,1,377707.439799999818206,5717456.366000000387430,7.234451497000066,51.594866101000036,0,05240918701110710293
05,5,12,000,2024,09,21,6,3,3,1,2,0,1,0,0,0,0,356698.014200000092387,5708449.636800000444055,6.935002657000041,51.508981304000031,0,05240920701400803720
05,5,54,012,2024,09,09,2,3,5,3,0,0,1,0,0,0,0,354337.520999999716878,5738811.986999999731779,6.888370868000038,51.781196524000052,1,05240923705000858140
05,5,66,056,2024,09,13,3,3,5,3,0,1,0,0,0,0,1,417804.600999999791384,5796415.595000000670552,7.794278319000057,52.311914456000068,0,05240917709700659749
05,5,66,092,2024,09,11,3,3,8,2,0,0,1,0,0,0,0,423618.683299999684095,5796442.135700000450015,7.879540519000045,52.312992668000049,0,05240917709700654232
05,5,66,068,2024,09,14,3,3,5,3,0,1,1,0,0,0,0,375602.127899999730289,5786733.407199999317527,7.179062557000066,52.216971664000027,0,05240917709300662893
05,5,58,044,2024,09,18,3,3,2,2,0,0,1,0,1,0,0,399920.178700000047684,5745779.782700000330806,7.546875564000061,51.853835808000042,0,05240917706300039588
05,5,54,016,2024,09,17,3,3,5,2,0,1,1,0,0,0,0,361844.106599999591708,5757171.851700000464916,6.989774633000025,51.948075373000052,0,05240917705000670131
05,5,54,040,2024,09,13,3,3,0,1,0,1,0,0,0,0,0,351672.955199999734759,5737129.268600000068545,6.850491168000076,51.765377465000029,0,05240917705000660041
05,5,15,000,2024,09,16,3,3,3,6,0,0,1,0,1,0,1,409137.148500000126660,5762777.578999999910593,7.676173524000035,52.008200062000071,0,05240917702100668710
05,5,15,000,2024,09,08,3,3,2,1,0,0,1,0,0,0,1,405877.065000000409782,5757933.718000000342727,7.630019481000033,51.964118225000050,0,05240917702100640418
05,5,62,004,2024,09,12,3,3,4,7,0,0,1,0,1,0,0,383194.348000000230968,5714105.688999999314547,7.314743270000065,51.565915659000041,0,05240917701800660727
05,5,12,000,2024,09,13,3,3,5,2,0,1,1,0,0,0,0,356577.648000000044703,5711531.046299999579787,6.932015062000062,51.536639802000082,0,05240917701400659361
05,5,62,032,2024,09,18,3,3,5,3,0,1,1,0,0,0,0,375126.507699999958277,5719971.702700000256300,7.196314226000027,51.616905503000055,0,05240917701110670184
05,5,70,004,2024,09,21,7,2,5,3,2,0,1,0,0,0,1,424745.733000000007451,5735114.244000000879169,7.909568008000065,51.761856488000035,0,05240921711200822352
05,5,66,028,2024,09,15,3,3,5,3,0,1,1,0,0,0,0,412204.516999999992549,5792152.930999999865890,7.713263485000027,52.272733690000052,0,05240917709700667464
05,5,66,076,2024,09,16,2,3,2,6,0,0,1,0,1,0,0,393735.276700000278652,5793016.613800000399351,7.442403937000051,52.277236620000053,0,05240916709500623483
05,5,66,084,2024,09,15,2,3,5,3,0,1,1,0,0,0,0,389960.302000000141561,5775242.504000000655651,7.392867814000056,52.116756195000050,0,05240916709300621196
05,5,58,016,2024,09,17,2,3,5,3,0,1,1,0,0,0,0,382012.686400000005960,5744819.554899999871850,7.287308539000037,51.841707997000071,0,05240916706100626210
05,5,58,032,2024,09,17,2,3,5,3,0,1,1,0,0,0,0,391672.185300000011921,5750620.291099999099970,7.425645501000076,51.895801251000080,0,05240916706000627141
05,5,54,020,2024,09,13,2,3,0,1,0,1,0,0,0,0,0,365261.031000000424683,5786135.919999999925494,7.028020733000062,52.209171245000050,0,05240916705000611710
05,5,62,014,2024,09,11,2,3,2,6,0,0,1,0,0,0,1,356495.440799999982119,5714825.836699999868870,6.929486397000062,51.566225158000066,0,05240916702340608399
05,5,15,000,2024,09,13,2,1,0,7,0,0,0,0,0,0,1,404917.216400000266731,5762462.562500000000000,7.614797650000071,52.004661748000046,0,05240916702100621945
05,5,15,000,2024,09,15,2,3,0,2,0,0,1,0,0,0,0,407028.152999999932945,5760011.474999999627471,7.646205922000036,51.982987816000048,0,05240916702100621903
05,5,15,000,2024,09,10,2,3,2,6,0,0,1,0,0,0,0,407856.518099999986589,5754603.357200000435114,7.659715079000023,51.934514653000065,0,05240916702100604449
05,5,62,004,2024,09,15,2,3,2,6,0,0,1,0,0,0,0,382491.958599999547005,5715244.204900000244379,7.304233266000040,51.576002344000074,0,05240916701800626799
05,5,62,012,2024,09,18,2,3,2,2,1,0,1,0,0,0,0,359961.302400000393391,5739131.319900000467896,6.969712120000054,51.785501515000078,0,05240916701620628479
05,5,12,000,2024,09,14,2,3,5,2,0,1,1,0,0,0,0,358963.569500000216067,5711423.247199999168515,6.966436972000054,51.536272252000060,0,05240916701400661939
05,5,12,000,2024,09,17,2,3,2,6,0,0,1,0,0,0,0,360281.135999999940395,5711219.596999999135733,6.985502700000040,51.534769863000065,0,05240916701400625663
05,5,62,032,2024,09,14,2,3,3,6,0,0,1,0,0,0,1,374977.417500000447035,5719530.870799999684095,7.194319166000071,51.612910617000068,0,05240916701110620176
05,5,13,000,2024,09,21,2,3,0,7,2,1,0,0,0,0,1,363901.583700000308454,5710239.025200000032783,7.038048692000075,51.526842467000051,0,05240916700000630908
05,5,54,012,2024,09,14,6,3,3,2,0,0,1,0,1,0,0,348096.651300000026822,5750699.535099999979138,6.792751518000046,51.886341689000062,0,05240920705000796393
05,5,54,032,2024,09,11,2,1,3,6,0,0,1,0,1,0,0,324995.489299999549985,5743015.810699999332428,6.461298873000032,51.810552215000030,0,05240916500630613216
05,5,70,016,2024,09,06,1,2,9,1,2,0,1,0,0,0,0,411481.767300000414252,5740054.064899999648333,7.716161687000067,51.804321066000057,0,05240915711200574296
05,5,66,044,2024,09,14,1,2,4,2,0,0,1,0,1,0,0,428085.567999999970198,5778366.583000000566244,7.948899137000069,52.151113326000029,0,05240915709800580919
05,5,54,004,2024,09,13,1,3,4,6,0,1,0,0,0,0,0,360734.804299999959767,5767642.622700000181794,6.969391210000026,52.041882071000032,0,05240915705000580264
05,5,15,000,2024,09,14,1,3,5,2,0,0,0,0,1,0,0,411516.740000000223517,5757618.662000000476837,7.712164267000048,51.962212525000041,0,05240915702100582577
05,5,12,000,2024,09,15,1,3,5,3,0,0,1,0,1,0,0,355480.614000000059605,5717456.369999999180436,6.913772263000055,51.589603039000053,0,05240915701400580848
05,5,13,000,2024,09,14,1,3,2,6,0,1,1,0,0,0,0,366760.555100000463426,5712977.505200000479817,7.078200904000028,51.552133912000045,0,05240915700000581984
05,5,13,000,2024,09,13,1,3,1,7,0,0,1,0,0,0,0,366910.904099999926984,5708126.796399999409914,7.082201288000022,51.508577851000041,0,05240915700000579676
05,5,13,000,2024,09,12,1,2,0,1,0,1,0,0,0,0,0,366868.110999999567866,5717011.039200000464916,7.078223012000024,51.588406902000031,0,05240915700000577943
05,5,15,000,2024,09,16,4,3,2,6,0,0,1,0,0,0,0,408260.784199999645352,5754121.900800000876188,7.665722036000034,51.930253812000046,0,05240918702100717094
05,5,70,016,2024,09,20,7,2,7,7,2,0,0,0,1,0,0,414531.105899999849498,5741704.161800000816584,7.759969811000076,51.819628485000067,0,05240914711200571345
05,5,66,088,2024,09,11,7,2,5,3,0,1,1,0,0,0,0,413947.434899999760091,5786474.190199999138713,7.740247741000076,52.221966440000074,0,05240914709800560400
05,5,54,048,2024,09,18,7,3,4,2,0,1,1,0,0,0,0,340458.605899999849498,5745916.226800000295043,6.684070660000032,51.841236115000072,0,05240914705000565908
05,5,58,044,2024,09,15,7,3,0,7,0,0,1,0,0,0,0,402426.454300000332296,5744736.615000000223517,7.583548082000050,51.844903147000082,0,05240914702330564773
05,5,15,000,2024,09,23,7,2,0,3,2,1,1,0,0,0,0,404988.218999999575317,5758200.426999999210238,7.617012387000045,51.966364310000074,0,05240914702100570730
05,5,15,000,2024,09,07,7,3,0,2,0,1,1,0,0,0,0,404092.726700000464916,5748909.043299999088049,7.606570688000033,51.882695781000052,0,05240914702100555705
05,5,62,004,2024,09,13,7,3,4,2,0,0,1,0,0,0,0,383126.360999999567866,5713249.014000000432134,7.314047647000052,51.558202004000066,0,05240914701800561959
05,5,62,004,2024,09,10,7,3,2,6,0,0,1,0,0,0,0,383195.015599999576807,5714140.330900000408292,7.314741384000058,51.566227149000042,0,05240914701800557768
05,5,62,014,2024,09,14,7,3,2,6,0,0,1,0,0,0,0,361463.474299999885261,5713672.414499999955297,7.001572982000027,51.557102711000027,0,05240914701300576929
05,5,62,032,2024,09,17,7,3,3,5,0,0,1,0,1,0,0,375454.851700000464916,5719526.289699999615550,7.201212632000022,51.612975271000039,0,05240914701110565075
05,5,13,000,2024,09,14,7,3,0,7,0,0,0,0,0,0,1,367758.735999999567866,5708707.459000000730157,7.094193358000041,51.513995161000082,0,05240914700000564536
05,5,66,092,2024,09,23,2,3,9,1,2,0,1,0,0,0,0,418799.065000000409782,5794313.102900000289083,7.809369706000041,52.293164077000029,0,05240916709700631269
05,5,70,008,2024,10,19,4,2,7,4,2,0,1,1,0,0,0,434099.420599999837577,5734415.934900000691414,8.045213338000053,51.756757648000075,1,05241009711300468261
05,5,70,008,2024,10,15,4,3,5,2,0,0,1,0,0,0,0,431780.587100000120699,5740063.600600000470877,8.010512561000041,51.807252237000057,1,05241009711200462451
05,5,66,028,2024,10,10,4,3,0,7,0,0,0,0,1,0,0,417815.100999999791384,5793010.605000000447035,7.795263160000047,52.281310230000031,1,05241009709700439588
05,5,66,012,2024,10,12,4,3,3,6,0,0,1,0,0,0,0,404396.638000000268221,5772429.480000000447035,7.604427571000031,52.094157172000052,0,05241009709110641248
05,5,58,016,2024,10,15,4,3,0,6,0,1,0,0,0,0,0,380355.504999999888241,5740685.821000000461936,7.264693264000073,51.804205097000079,1,05241009706000463161
05,5,54,032,2024,10,19,4,3,5,2,2,0,1,0,0,0,0,324499.980299999937415,5746401.924499999731779,6.452402133000021,51.840812107000033,1,05241009705000466386
05,5,54,020,2024,10,20,4,3,6,2,2,0,1,1,0,0,0,366737.849100000225008,5785660.160900000482798,7.049808380000059,52.205255429000033,1,05241009705000466216
05,5,54,020,2024,10,13,4,3,2,6,0,0,1,0,0,0,0,365215.900799999944866,5785498.815500000491738,7.027614241000038,52.203435628000079,0,05241009705000454779
05,5,54,004,2024,10,10,4,3,5,3,0,1,1,0,0,0,0,362941.824500000104308,5776699.862800000235438,6.997910511000043,52.123814506000031,0,05241009705000439440
05,5,54,020,2024,10,10,4,3,2,6,0,0,1,0,0,0,1,365193.623700000345707,5785219.630699999630451,7.027399571000046,52.200921617000063,0,05241009705000436792
05,5,13,000,2024,10,19,4,3,2,6,2,0,1,0,0,0,1,366360.074099999852479,5709964.036299999803305,7.073572076000062,51.524958419000029,1,05241009702340467757
05,5,62,032,2024,10,19,4,3,3,1,2,0,1,0,0,0,1,374191.994199999608099,5716164.398299999535084,7.184188854000070,51.582480972000042,1,05241009702340466756
05,5,62,016,2024,10,09,4,3,1,6,0,0,1,0,0,1,0,372253.974899999797344,5731782.896500000730157,7.150527060000059,51.722405637000065,1,05241009702340440782
05,5,54,036,2024,10,04,4,3,9,1,2,0,0,0,1,0,0,367246.146300000138581,5768843.024800000712276,7.063805942000045,52.054265962000045,1,05241009702340423324
05,5,58,016,2024,10,21,4,3,9,1,2,0,1,0,0,0,0,380243.777900000102818,5745316.794600000604987,7.261471731000029,51.845800148000080,1,05241009702330468065
05,5,15,000,2024,10,22,4,3,5,2,2,1,1,0,0,0,0,406939.529000000096858,5756954.990000000223517,7.645744344000036,51.955499792000069,0,05241009702100468659
05,5,15,000,2024,10,19,4,3,1,6,2,0,1,0,0,0,0,405158.728000000119209,5756934.426000000908971,7.619843095000022,51.955014095000081,1,05241009702100465010
05,5,15,000,2024,10,17,4,3,0,2,0,1,1,0,0,0,0,406407.433000000193715,5756685.804999999701977,7.638076735000027,51.952990928000077,1,05241009702100462783
05,5,15,000,2024,10,06,4,1,6,1,2,0,1,1,0,0,0,405380.590200000442564,5750073.516000000759959,7.624956671000064,51.893382737000081,1,05241009702100428684
05,5,62,036,2024,10,21,4,3,5,3,2,0,1,0,0,0,0,388776.471300000324845,5719774.507200000807643,7.393449731000032,51.617995958000051,1,05241009701930467760
05,5,62,024,2024,10,16,4,3,5,3,0,0,1,0,0,0,0,366938.898199999704957,5723233.320299999788404,7.076881569000022,51.644340059000058,1,05241009701500462942
05,5,62,024,2024,10,09,4,3,5,2,0,1,1,0,0,0,0,370566.844499999657273,5725198.687999999150634,7.128557872000044,51.662848962000055,1,05241009701500438132
05,5,12,000,2024,10,07,4,3,5,2,0,0,1,0,0,0,0,355025.330799999646842,5709478.091800000518560,6.910493303000067,51.517796058000044,1,05241009701400427663
05,5,62,014,2024,10,18,4,3,6,2,2,0,1,1,0,0,0,360409.831199999898672,5717462.234300000593066,6.984878048000041,51.590898485000082,1,05241009701300464804
05,5,62,014,2024,10,16,4,3,5,3,0,0,1,0,0,0,0,361545.399000000208616,5714479.582000000402331,7.002436111000065,51.564376165000056,1,05241009701300462603
05,5,62,014,2024,10,10,4,3,5,2,0,1,1,0,0,0,0,360648.955400000326335,5716462.727299999445677,6.988724519000073,51.581976059000056,1,05241009701300439777
05,5,62,020,2024,10,17,4,3,2,6,0,0,1,0,0,0,0,372361.941399999894202,5718389.799699999392033,7.156980508000061,51.602069011000026,1,05241009701200463687
05,5,62,020,2024,10,06,4,3,5,3,2,0,1,0,0,1,0,369688.461299999617040,5719554.309000000357628,7.117966395000053,51.611921877000043,1,05241009701200427899
05,5,70,052,2024,10,20,3,3,7,7,2,0,1,0,0,0,0,431798.924399999901652,5758225.480499999597669,8.007187173000034,51.970525834000057,0,05241008711100418328
05,5,66,028,2024,10,16,3,3,5,3,0,1,1,0,0,0,0,411938.102199999615550,5792079.217900000512600,7.709379210000066,52.272028532000036,0,05241008709700412596
05,5,66,068,2024,10,13,3,3,5,3,0,1,1,0,0,0,0,379046.057000000029802,5786799.730000000447035,7.229424668000036,52.218334511000080,0,05241008709300404504
05,5,58,008,2024,10,15,3,3,5,2,0,0,1,0,0,0,1,384050.516200000420213,5761826.613900000229478,7.311148699000057,51.994980506000047,0,05241008706000414902
05,5,58,004,2024,10,16,3,3,0,1,0,0,0,0,1,0,0,407636.201799999922514,5733383.392799999564886,7.662177438000072,51.743737343000078,0,05241008706000413388
05,5,54,020,2024,10,14,3,3,4,2,0,0,1,0,0,0,0,364570.728500000201166,5786238.623299999162555,7.017883225000048,52.209924860000058,0,05241008705000407504
05,5,54,024,2024,10,13,3,3,5,3,0,0,1,0,0,0,1,366618.924200000241399,5772784.913599999621511,7.053123153000058,52.089535818000058,0,05241008705000406744
05,5,54,064,2024,10,07,3,3,4,6,2,0,1,0,0,0,0,356686.717699999921024,5747563.501099999994040,6.918780540000057,51.860438104000082,1,05241008705000383124
05,5,54,056,2024,10,05,3,3,7,1,2,1,0,0,0,0,0,355992.243800000287592,5761357.254100000485778,6.902932807000070,51.984197118000054,1,05241008705000376227
05,5,15,000,2024,10,19,3,3,1,6,2,1,0,0,0,0,0,405081.222299999557436,5759105.248500000685453,7.618115530000068,51.974513084000080,0,05241008702100418317
05,5,15,000,2024,10,18,3,3,1,6,2,0,1,0,0,0,0,407044.504999999888241,5757870.224999999627471,7.647023867000030,51.963743950000037,0,05241008702100416623
05,5,62,004,2024,10,18,3,3,0,2,0,0,1,0,0,0,0,382547.081899999640882,5714954.307000000029802,7.305125313000076,51.573408324000070,0,05241008701800417630
05,5,62,004,2024,10,18,3,2,5,2,0,1,1,0,0,0,0,383642.066499999724329,5709877.852600000798702,7.322598162000077,51.528009293000082,0,05241008701800416757
05,5,62,016,2024,10,10,3,3,5,3,0,0,1,0,0,0,0,374090.931400000117719,5734445.160199999809265,7.176144276000059,51.746746349000034,1,05241008701700395109
05,5,62,014,2024,10,15,3,3,1,5,0,0,1,0,0,0,0,361310.118400000035763,5714181.404999999329448,6.999161454000046,51.561638892000076,0,05241008701300412466
05,5,13,000,2024,10,19,3,2,2,7,2,0,1,0,0,0,0,368459.312199999578297,5707839.238800000399351,7.104607726000040,51.506356202000063,0,05241008700000417335
05,5,13,000,2024,10,16,3,3,2,6,0,0,1,0,0,0,0,366921.129900000058115,5713038.241699999198318,7.080492599000024,51.552717625000071,0,05241008700000415270
05,5,12,000,2024,10,20,3,3,0,7,2,1,0,0,0,0,0,358164.923000000417233,5711278.202800000086427,6.954987823000067,51.534768800000052,0,05241008701400419499
05,5,70,008,2024,10,05,2,3,8,1,2,0,1,0,0,0,0,438787.212500000372529,5730238.324200000613928,8.113857309000025,51.719731753000076,1,05241007711300326623
05,5,70,024,2024,10,17,2,3,2,2,0,0,1,0,0,0,0,424608.882699999958277,5755761.823000000789762,7.903081168000028,51.947450303000039,0,05241007711100366348
05,5,66,072,2024,10,17,2,3,1,5,0,0,1,0,0,1,0,413240.728000000119209,5803344.942999999970198,7.725558734000060,52.373494691000076,0,05241007709700367810
05,5,54,008,2024,10,17,2,3,8,7,0,0,1,0,0,0,0,333224.727800000458956,5750365.526200000196695,6.577014175000045,51.879091391000031,0,05241007705000366872
05,5,54,056,2024,10,10,2,3,8,7,0,1,0,0,0,0,0,357629.646900000050664,5762514.320100000128150,6.926279633000036,51.995015460000047,0,05241007705000341804
05,5,54,028,2024,10,17,2,3,8,1,0,0,1,0,0,0,0,361030.025700000114739,5741584.882500000298023,6.984212941000067,51.807814961000076,0,05241007702340368233
05,5,62,014,2024,10,06,2,3,3,6,1,0,1,0,0,1,0,359553.180200000293553,5713376.565700000151992,6.974153037000065,51.553971836000073,0,05241007702340330670
05,5,15,000,2024,10,17,2,3,2,6,0,1,0,0,1,0,0,406772.114400000311434,5757674.007099999114871,7.643113659000051,51.961934635000034,0,05241007702100391591
05,5,15,000,2024,10,19,2,3,6,7,2,1,0,1,0,0,0,406376.610899999737740,5757334.837400000542402,7.637451501000044,51.958819556000037,0,05241007702100369132
05,5,15,000,2024,10,16,2,3,5,2,0,1,1,0,0,0,0,402649.243999999947846,5753854.219100000336766,7.584208273000058,51.926894632000028,0,05241007702100365916
05,5,15,000,2024,10,06,2,3,2,6,0,0,1,0,0,0,0,411309.835199999623001,5759285.937699999660254,7.708722947000069,51.977166232000059,0,05241007702100332268
05,5,62,004,2024,10,15,2,3,1,3,0,0,0,1,0,0,1,382588.472199999727309,5714785.577299999073148,7.305778696000061,51.571900457000027,0,05241007701800365129
05,5,62,012,2024,10,05,2,1,8,1,2,0,1,0,0,0,0,356310.943500000052154,5735658.615100000053644,6.918262822000031,51.753372485000057,1,05241007701620328113
05,5,62,012,2024,10,16,2,3,2,6,0,0,1,0,0,0,0,358554.251099999994040,5726895.234999999403954,6.954298079000068,51.675198745000046,0,05241007701610366578
05,5,62,012,2024,10,14,2,3,5,2,0,0,1,0,0,0,1,359292.108699999749660,5725550.045499999076128,6.965504074000023,51.663296461000073,0,05241007701610365215
05,5,62,024,2024,10,10,2,2,2,2,0,0,1,1,0,0,0,367573.370099999941885,5723500.990800000727177,7.085944678000033,51.646895245000053,0,05241007701500342191
05,5,12,000,2024,10,22,2,3,5,3,2,0,1,0,0,0,0,360245.165000000037253,5711387.775000000372529,6.984917650000057,51.536272226000051,0,05241007701400372577
05,5,62,014,2024,10,19,2,3,2,6,2,0,1,0,1,0,0,362263.111200000159442,5712474.274900000542402,7.013569650000022,51.546531758000071,0,05241007701300401972
05,5,62,014,2024,10,10,2,2,5,2,0,1,0,0,0,1,0,361494.152200000360608,5713403.230699999257922,7.002121251000062,51.554691312000045,0,05241007701300341513
05,5,62,020,2024,10,07,2,2,5,3,1,0,1,0,1,0,0,368814.218000000342727,5718397.294999999925494,7.105780373000073,51.601321172000041,1,05241007701200349085
05,5,62,032,2024,10,07,2,3,6,6,0,1,0,1,0,0,0,373278.018099999986589,5718805.240000000223517,7.170050708000076,51.606009435000033,0,05241007701110347053
05,5,62,032,2024,10,08,2,2,5,2,0,1,1,0,0,0,0,374543.390499999746680,5719125.813999999314547,7.188198925000052,51.609173793000082,0,05241007701110341719
05,5,13,000,2024,10,17,2,3,1,5,0,0,1,0,0,0,1,364980.888299999758601,5718271.960100000724196,7.050512358000049,51.599288956000066,0,05241007700000364221
05,5,66,012,2024,10,12,1,3,3,2,0,0,1,0,0,0,0,403787.974999999627471,5772284.946000000461936,7.595586277000052,52.092752589000042,0,05241006709110314917
05,5,58,032,2024,10,15,1,3,3,6,0,1,1,0,0,0,0,388275.783300000242889,5757090.883500000461936,7.374205675000042,51.953284886000063,0,05241006706100320925
05,5,58,004,2024,10,18,1,3,9,6,0,0,0,0,1,0,0,402877.391599999740720,5736303.247300000861287,7.592455517000076,51.769178156000066,0,05241006706000321042
05,5,58,016,2024,10,11,1,3,5,3,0,1,1,0,0,0,0,380908.724000000394881,5744999.163000000640750,7.271229530000028,51.843087796000077,0,05241006706000314014
05,5,58,024,2024,10,06,1,3,4,6,2,0,1,0,0,0,0,393187.274000000208616,5736368.106000000610948,7.452054808000071,51.767996157000027,0,05241006706000311948
05,5,58,008,2024,10,03,1,3,8,1,2,0,1,0,0,0,0,380560.102300000376999,5756227.708699999377131,7.262282162000076,51.943924186000061,0,05241006706000310296
05,5,54,012,2024,10,17,1,3,5,3,0,1,1,0,0,0,0,347483.968799999915063,5744477.879899999126792,6.786601929000028,51.830276255000058,0,05241006705000319078
05,5,54,008,2024,10,14,1,3,9,1,0,0,1,0,0,0,0,332342.141499999910593,5742577.734600000083447,6.567979069000046,51.808868417000042,0,05241006705000317552
05,5,54,068,2024,10,13,1,3,5,3,0,1,1,0,0,0,0,350770.933699999935925,5766237.516000000759959,6.824831727000060,52.026665831000059,0,05241006705000317496
05,5,66,040,2024,10,14,1,3,2,6,0,0,1,0,0,0,0,419024.004900000058115,5784365.518400000408292,7.815052071000025,52.203781930000048,0,05241006702350317305