ULAND,UREGBEZ,UKREIS,UGEMEINDE,UJAHR,UMONAT,USTUNDE,UWOCHENTAG,UKATEGORIE,UART,UTYP1,ULICHTVERH,IstRad,IstPKW,IstFuss,IstKrad,IstGkfz,IstSonstige,LINREFX,LINREFY,XGCSWGS84,YGCSWGS84,STRZUSTAND,UIDENTSTLAE
05,5,12,000,2024,10,10,1,3,1,1,0,0,1,0,0,0,1,352949.913300000131130,5711967.404999999329448,6.879563100000041,51.539627407000069,0,05241006702340314734
05,5,15,000,2024,10,18,1,3,8,6,0,0,1,0,0,0,1,411654.511699999682605,5755667.876199999824166,7.714670476000038,51.944699281000055,0,05241006702100331426
05,5,15,000,2024,10,18,1,3,5,2,0,1,1,0,0,0,0,404923.513399999588728,5761188.864000000059605,7.615242706000060,51.993214403000081,0,05241006702100319852
05,5,15,000,2024,10,13,1,3,3,1,0,0,1,0,0,0,0,405425.491999999620020,5755354.248999999836087,7.624158673000068,51.940856195000038,0,05241006702100318520
05,5,62,016,2024,10,05,1,3,9,7,2,0,1,0,0,0,0,378968.023000000044703,5732115.530999999493361,7.247565276000046,51.726884408000046,0,05241006701700311936
05,5,12,000,2024,10,20,1,3,1,5,2,0,1,0,0,0,0,355915.414300000295043,5711790.559699999168515,6.922366938000039,51.538803090000044,0,05241006701400324429
05,5,54,056,2024,10,16,3,3,5,3,0,1,0,0,0,0,0,355861.795500000007451,5762163.785000000149012,6.900695619000032,51.991409920000081,0,05241008705000414210
05,5,66,092,2024,10,18,7,2,9,1,1,0,0,0,0,0,1,419935.195000000298023,5794489.324999999254942,7.825982810000028,52.294914814000037,0,05241005709700303535
05,5,66,072,2024,10,12,7,2,8,1,0,0,0,0,1,0,0,414223.719399999827147,5802611.091099999845028,7.740182172000061,52.367053466000073,0,05241005709700297122
05,5,58,012,2024,10,16,7,3,2,6,0,0,1,0,0,0,0,374518.275000000372529,5754574.227399999275804,7.175030466000067,51.927735339000037,0,05241005706200301117
05,5,12,000,2024,10,16,2,3,5,3,0,0,1,0,0,0,0,356690.203300000168383,5708694.337899999693036,6.934790723000049,51.511178175000055,0,05241007701400367190
05,5,66,012,2024,10,14,7,3,2,6,0,0,1,0,0,0,0,406129.207999999634922,5769861.151599999517202,7.630417821000037,52.071369001000051,0,05241005702340300414
05,5,58,032,2024,10,02,7,3,3,6,2,0,1,0,0,1,0,387088.842899999581277,5749552.936300000175834,7.359412996000060,51.885298725000041,0,05241005702330291356
05,5,12,000,2024,10,17,7,3,5,3,0,1,1,0,0,0,0,355440.192999999970198,5721508.902000000700355,6.911518296000054,51.626007052000034,0,05241005701400302562
05,5,12,000,2024,10,15,7,3,0,3,0,0,1,0,0,0,1,358365.527999999932945,5720861.730000000447035,6.954013490000023,51.620935595000049,0,05241005701400300346
05,5,13,000,2024,10,15,7,3,2,6,0,0,1,0,0,0,0,366140.714599999599159,5711576.606000000610948,7.069798934000062,51.539397943000040,0,05241005700000504187
05,5,13,000,2024,10,16,7,3,0,1,0,1,0,0,0,0,0,364473.659300000406802,5716509.645500000566244,7.043873838000025,51.583330380000064,0,05241005700000305104
05,5,15,000,2024,10,21,4,3,5,2,2,1,1,0,0,0,0,404639.089300000108778,5760627.791999999433756,7.611257520000038,51.988122536000049,1,05241009702100467303
05,5,62,024,2024,10,19,2,3,8,1,1,0,1,0,0,0,0,370912.145999999716878,5727580.842499999329448,7.132667215000026,51.684336053000038,0,05241007702340370951
05,5,15,000,2024,10,14,2,3,0,2,0,1,1,0,0,0,0,406038.795900000259280,5756774.643300000578165,7.632689824000067,51.953727289000028,0,05241007702100355981
05,5,70,048,2024,10,00,6,3,9,1,2,0,1,0,0,0,0,442021.104600000195205,5731972.608200000599027,8.160378130000026,51.735667361000026,0,05241004711300251462
05,5,70,004,2024,10,05,6,3,5,3,2,0,1,0,0,0,1,422708.786000000312924,5732302.883999999612570,7.880683619000024,51.736305951000077,0,05241004711200257191
05,5,66,040,2024,10,09,6,2,5,3,0,0,1,0,0,0,0,420870.593000000342727,5776282.916999999433756,7.843952412000021,52.131396708000068,0,05241004709800292584
05,5,66,044,2024,10,08,6,3,2,7,0,0,1,0,0,0,0,427704.723000000230968,5778570.007999999448657,7.943290434000062,52.152892224000027,0,05241004709800272860
05,5,66,020,2024,10,06,6,3,4,6,2,0,0,0,0,1,0,406889.826399999670684,5803199.764200000092387,7.632336005000070,52.371147278000080,0,05241004709700256465
05,5,66,076,2024,10,15,6,3,3,6,0,1,0,0,0,0,1,396247.613599999807775,5786963.624700000509620,7.481074285000034,52.223315832000026,0,05241004709500279999
05,5,66,012,2024,10,09,6,3,5,2,0,0,1,0,0,0,1,405548.769999999552965,5773235.187899999320507,7.621017210000048,52.101596895000057,0,05241004709110261599
05,5,58,012,2024,10,17,6,3,5,3,0,1,1,0,0,0,0,373866.346499999985099,5755946.660199999809265,7.165051076000054,51.939921300000037,0,05241004706200283783
05,5,58,016,2024,10,13,6,3,0,6,0,0,1,1,0,0,0,387733.521999999880791,5747269.265000000596046,7.369518696000057,51.864904411000055,0,05241004706100280564
05,5,54,004,2024,10,05,6,3,3,2,2,0,1,0,0,1,0,365950.596599999815226,5769185.392500000074506,7.044788052000058,52.057030490000045,0,05241004705000253938
05,5,12,000,2024,10,19,6,3,9,1,1,0,1,0,0,0,0,357396.327600000426173,5719404.882200000807643,6.940615337000054,51.607600013000081,0,05241004702340287194
05,5,15,000,2024,10,15,6,3,5,3,0,1,0,0,0,0,0,407072.792000000365078,5757746.673000000417233,7.647468894000042,51.962638131000062,0,05241004702100280456
05,5,62,036,2024,10,23,6,2,8,1,2,0,1,0,0,0,0,386426.557900000363588,5720159.687599999830127,7.359396754000045,51.620988643000032,0,05241004701930291071
05,5,62,016,2024,10,13,6,3,5,2,0,0,1,0,1,0,0,370306.681400000117719,5731386.963199999183416,7.122498279000069,51.718400587000076,0,05241004701700280357
05,5,12,000,2024,10,17,6,3,0,2,0,0,1,0,0,0,1,358249.059000000357628,5711120.961999999359250,6.956263387000035,51.533376974000078,0,05241004701400283656
05,5,62,032,2024,10,10,6,3,5,3,0,1,1,0,0,0,0,376234.047199999913573,5715870.395300000905991,7.213750280000056,51.580290853000065,0,05241004701120264859
05,5,62,032,2024,10,11,6,3,2,6,0,0,1,0,0,0,0,374308.577399999834597,5718361.918999999761581,7.185083493000036,51.602256262000026,0,05241004701110267651
05,5,62,032,2024,10,06,6,2,4,6,2,0,1,0,0,0,1,381110.187099999748170,5718098.619999999180436,7.283335510000029,51.601366820000067,0,05241004701110257501
05,5,13,000,2024,10,13,6,3,5,3,0,0,1,0,1,0,0,369570.500000000000000,5706936.551000000908971,7.120943497000042,51.498501410000074,0,05241004700000279628
05,5,13,000,2024,10,08,6,3,5,3,0,0,1,0,0,0,0,363164.309399999678135,5716252.901900000870228,7.025087353000060,51.580706830000054,0,05241004700000258909
05,5,66,092,2024,10,15,5,3,8,6,0,1,0,0,0,0,0,423431.725700000301003,5799032.091900000348687,7.876208799000040,52.336247045000050,0,05241003709700248371
05,5,66,016,2024,10,21,5,2,2,6,2,0,1,0,0,0,0,407296.511099999770522,5793260.094299999997020,7.641048388000058,52.281879267000079,0,05241003709500250546
05,5,58,016,2024,10,19,5,3,5,3,1,0,1,0,0,0,0,387721.157999999821186,5747388.623999999836087,7.369300408000072,51.865974665000067,0,05241003706000248765
05,5,15,000,2024,10,20,5,3,9,7,2,0,1,0,0,1,0,405417.310800000093877,5755411.408900000154972,7.624023970000053,51.941368584000031,0,05241003702100251202
05,5,15,000,2024,10,16,5,3,5,3,0,1,0,0,0,0,0,406545.288099999539554,5750559.483200000599027,7.641745588000049,51.897947414000043,0,05241003702100247113
05,5,15,000,2024,10,12,5,3,2,6,0,0,1,0,0,0,0,404535.509700000286102,5755596.046499999240041,7.611148441000068,51.942877579000026,0,05241003702100241916
05,5,62,036,2024,10,13,5,3,1,6,0,0,1,0,0,0,0,388717.213499999605119,5718499.638100000098348,7.392998923000050,51.606525704000035,0,05241003701930245681
05,5,62,024,2024,10,11,5,3,5,2,0,0,1,0,0,0,0,370140.756000000052154,5725316.089500000700355,7.122357098000066,51.663805710000076,0,05241003701500240750
05,5,13,000,2024,10,17,5,3,3,6,0,0,1,0,0,0,0,365937.603000000119209,5712397.165200000628829,7.066559343000051,51.546723725000049,0,05241003700000246841
05,5,62,004,2024,10,08,5,2,3,1,0,0,1,0,0,0,0,385510.989699999801815,5716916.931199999526143,7.347235858000033,51.591657832000067,0,05241003301911239337
05,5,70,008,2024,10,20,4,3,4,1,2,0,1,0,0,0,0,434947.897400000132620,5738557.236600000411272,8.056728545000055,51.794087501000035,0,05241002711300233668
05,5,58,004,2024,10,06,4,3,9,1,2,0,1,0,0,0,0,408539.606999999843538,5733956.770999999716878,7.675108026000032,51.749039599000071,1,05241002706000200574
05,5,58,044,2024,10,07,4,3,5,2,1,1,1,0,0,0,0,400092.036000000312924,5747170.467000000178814,7.548967862000040,51.866366469000070,1,05241002706000198260
05,5,66,048,2024,10,09,4,3,9,1,0,0,1,0,0,0,0,426756.060300000011921,5791426.769300000742078,7.926644948000046,52.268337408000036,1,05241002702350202639
05,5,62,014,2024,10,10,4,3,2,6,0,0,1,0,0,0,0,356495.201200000010431,5714885.067199999466538,6.929458757000020,51.566757328000051,0,05241002702340210660
05,5,15,000,2024,10,15,4,3,0,1,0,1,0,0,0,0,0,411858.900600000284612,5752481.817099999636412,7.718459451000058,51.916092813000034,1,05241002702100228367
05,5,15,000,2024,10,16,4,3,5,3,0,1,0,0,0,0,1,405929.915400000289083,5756154.876800000667572,7.631275540000047,51.948138132000054,1,05241002702100226947
05,5,12,000,2024,10,12,4,3,2,6,0,0,1,0,0,1,0,359544.035799999721348,5709953.638699999079108,6.975386995000065,51.523210980000044,1,05241002701400214882
05,5,62,032,2024,10,18,4,3,6,2,0,0,1,1,0,0,0,376109.968000000342727,5714942.939200000837445,7.212287581000055,51.571928333000074,1,05241002701120230644
05,5,13,000,2024,10,12,4,3,2,6,0,0,1,0,0,0,0,368460.737999999895692,5707795.130999999120831,7.104644710000059,51.505960146000064,1,05241002700000213863
05,5,70,028,2024,10,22,3,3,5,2,2,0,1,0,0,0,0,440285.560100000351667,5740392.235899999737740,8.133799882000062,51.811179944000060,1,05241001711400192864
05,5,70,028,2024,10,21,3,2,6,4,2,0,1,1,0,0,0,441100.509399999864399,5742688.850600000470877,8.145229201000063,51.831913512000028,1,05241001711400192472
05,5,70,004,2024,10,22,3,3,5,3,2,0,1,0,0,0,0,422791.160799999721348,5732897.035800000652671,7.881744459000060,51.741658519000055,1,05241001711200192078
05,5,70,016,2024,10,21,3,3,2,6,2,0,1,0,0,0,1,409329.826799999922514,5740245.510800000280142,7.684909358000027,51.805697114000054,1,05241001711200191906
05,5,66,032,2024,10,22,3,2,8,1,2,0,1,0,0,0,0,412077.524299999698997,5777966.772099999710917,7.715087061000077,52.145202971000060,1,05241001709800191725
05,5,66,088,2024,10,13,3,2,9,1,0,0,1,0,0,0,0,421800.751699999906123,5789017.053400000557303,7.854600692000076,52.245994686000074,1,05241001709800182079
05,5,66,092,2024,10,11,3,3,5,3,0,1,1,0,0,0,0,424257.371399999596179,5796532.684399999678135,7.888887316000023,52.313895077000041,1,05241001709700167304
05,5,66,028,2024,10,09,3,3,9,1,0,1,0,0,0,0,0,411335.342000000178814,5792449.136700000613928,7.700450461000059,52.275256575000071,1,05241001709700158085
05,5,66,016,2024,10,09,3,3,9,1,0,0,1,0,0,0,0,405300.853000000119209,5797702.424000000581145,7.610553642000070,52.321466058000055,0,05241001709500162047
05,5,66,060,2024,10,07,3,3,5,3,0,0,1,0,0,0,0,391858.610999999567866,5783702.202600000426173,7.417887420000056,52.193160549000027,1,05241001709500161749
05,5,66,084,2024,10,17,3,3,2,6,1,0,1,0,0,0,0,388123.405500000342727,5777739.951300000771880,7.365230237000048,52.138832385000057,1,05241001709300186029
05,5,66,012,2024,10,12,3,3,8,1,0,0,1,0,0,0,0,407584.833100000396371,5770803.856100000441074,7.651393746000053,52.080087181000067,1,05241001709110175119
05,5,66,008,2024,10,08,3,3,2,6,0,0,1,0,0,0,0,401072.970200000330806,5779249.959899999201298,7.553943473000061,52.154874790000065,1,05241001709110162553
05,5,66,008,2024,10,16,3,3,0,7,0,0,0,0,0,0,1,400926.820299999788404,5779523.705900000408292,7.551728017000073,52.157308972000067,1,05241001709000185527
05,5,54,020,2024,10,21,3,3,2,2,2,0,1,0,0,0,0,364572.862700000405312,5786238.607699999585748,7.017914447000067,52.209925244000033,1,05241001705000190341
05,5,54,020,2024,10,13,3,3,5,3,0,1,1,0,0,0,0,367032.575600000098348,5786233.529400000348687,7.053893617000028,52.210478580000029,1,05241001705000179296
05,5,15,000,2024,10,17,3,3,2,6,0,1,1,0,0,0,0,405575.315200000070035,5757013.366900000721216,7.625881806000052,51.955794541000046,1,05241001702100186402
05,5,15,000,2024,10,13,3,2,4,6,0,0,1,0,0,0,0,405042.141900000162423,5767709.550000000745058,7.615160757000069,52.051844573000039,1,05241001702100181448
05,5,15,000,2024,10,13,3,3,0,7,0,0,0,0,0,0,1,404014.248200000263751,5758492.149499999359250,7.602758286000039,51.968819084000074,1,05241001702100179440
05,5,15,000,2024,10,07,3,3,6,2,1,0,1,1,0,0,0,405654.597000000067055,5757012.945000000298023,7.627035315000057,51.955804205000049,1,05241001702100152578
05,5,62,024,2024,10,10,3,3,2,6,0,0,1,0,0,0,0,368578.497299999929965,5722699.508300000801682,7.100764908000031,51.639928495000049,1,05241001701500168989
05,5,54,044,2024,10,18,6,3,8,1,1,0,1,0,0,0,0,367541.373900000005960,5745631.153999999165535,7.077054367000073,51.845756045000030,0,05241004705000286088
05,5,15,000,2024,10,08,2,3,2,6,0,0,1,0,0,0,0,411289.231999999843538,5759281.738399999216199,7.708424144000048,51.977125197000078,0,05241007702100341930
05,5,70,016,2024,09,18,2,3,6,4,1,0,0,1,0,0,1,412398.900500000454485,5738907.729399999603629,7.729749563000041,51.794161045000067,0,05240930711200143136
05,5,66,028,2024,09,17,2,3,4,2,0,0,1,0,0,0,0,408531.725899999961257,5794816.923499999567866,7.658727536000072,52.296079073000044,1,05240930709700139955
05,5,66,056,2024,09,16,2,3,3,7,0,1,0,0,0,0,0,414937.434999999590218,5798647.106000000610948,7.751666192000073,52.331535296000027,1,05240930709700139808
05,5,58,012,2024,09,17,2,3,5,3,0,0,1,0,0,0,0,370701.689000000245869,5755482.710999999195337,7.119213605000027,51.935025803000030,1,05240930706200140256
05,5,54,012,2024,09,17,2,3,2,6,0,0,1,0,0,0,0,352020.718200000002980,5746424.956599999219179,6.851558188000070,51.848990676000028,1,05240930705000137773
05,5,54,028,2024,09,14,2,3,0,7,0,0,0,0,1,1,0,358488.527999999932945,5742880.721999999135733,6.946844043000056,51.818821188000072,1,05240930705000134803
05,5,15,000,2024,09,09,2,3,3,6,0,0,0,0,0,1,1,403113.775000000372529,5753185.238299999386072,7.591150125000070,51.920962640000027,0,05240930702330115001
05,5,15,000,2024,09,17,2,3,1,6,0,0,1,0,0,0,0,405494.756000000052154,5754877.336999999359250,7.625297041000067,51.936581259000036,1,05240930702100139164
05,5,15,000,2024,09,13,2,3,3,2,0,1,1,0,0,0,0,405781.979000000283122,5755731.121999999508262,7.629239862000077,51.944304189000036,0,05240930702100130227
05,5,15,000,2024,09,08,2,3,5,2,0,1,1,0,0,0,0,406797.275000000372529,5751255.855000000447035,7.645218509000074,51.904249022000045,0,05240930702100107744
05,5,62,036,2024,09,19,2,3,2,6,1,0,1,0,0,0,0,388772.174599999561906,5719801.403300000354648,7.393379157000027,51.618236852000052,1,05240930701930140960
05,5,62,032,2024,09,21,2,3,5,3,2,0,1,0,0,0,0,374289.638000000268221,5714777.510999999940395,7.186093780000022,51.570038667000063,1,05240930701120144789
05,5,62,032,2024,09,07,2,3,2,6,0,0,1,0,0,0,0,375795.120400000363588,5715006.744599999859929,7.207724215000042,51.572432491000029,0,05240930701120114746
05,5,13,000,2024,09,12,2,3,2,6,0,0,1,0,0,0,0,364117.207000000402331,5715676.904999999329448,7.039054421000060,51.575761265000040,0,05240930700000124761
05,5,13,000,2024,09,11,2,3,2,6,0,0,1,0,0,0,0,366992.544499999843538,5714764.200200000777841,7.080869066000048,51.568244943000082,0,05240930700000119035
05,5,62,032,2024,10,07,2,3,5,2,1,0,1,0,0,0,0,372751.626000000163913,5720160.756999999284744,7.161961362000056,51.618072660000053,1,05241007701110332463
05,5,62,012,2024,10,11,1,3,5,3,0,0,1,0,0,0,0,363156.105200000107288,5727782.819399999454618,7.020462394000049,51.684314574000041,0,05241006701610314571
05,5,15,000,2024,10,23,5,3,0,6,2,1,0,1,0,0,0,404839.548000000417233,5756185.997999999672174,7.615407001000051,51.948232395000048,0,05241003702100328116
05,5,70,004,2024,09,05,1,2,8,1,2,0,1,0,1,0,0,427010.965499999932945,5740391.536499999463558,7.941274910000061,51.809597903000054,0,05240929711200087660
05,5,66,044,2024,09,13,1,3,0,1,0,1,0,0,0,0,0,429729.905000000260770,5777788.989000000059605,7.973047996000048,52.146132867000063,0,05240929709800093873
05,5,66,084,2024,09,14,1,2,0,1,0,0,0,0,1,0,0,391315.652099999599159,5778323.475899999961257,7.411669887000073,52.144713899000067,0,05240929709300093779
05,5,15,000,2024,09,13,1,3,5,2,0,1,1,0,0,0,0,408440.441999999806285,5751427.543999999761581,7.669050708000043,51.906064751000031,0,05240929702100092318
05,5,15,000,2024,09,10,1,3,2,6,0,0,1,0,0,0,0,406474.336000000126660,5756691.346799999475479,7.639048476000028,51.953051995000067,0,05240929702100089581
05,5,62,024,2024,09,13,1,3,2,6,0,0,1,0,0,0,0,369531.349899999797344,5722276.998999999836087,7.114684481000040,51.636353398000040,0,05240929701500091754
05,5,62,014,2024,09,21,1,3,1,7,2,0,1,0,0,0,0,361818.415000000037253,5713771.543800000101328,7.006650803000070,51.558080563000033,0,05240929701300099367
05,5,62,032,2024,09,18,1,3,5,3,0,0,1,0,0,0,0,374299.381000000052154,5714781.501800000667572,7.186232861000065,51.570076705000076,0,05240929701120096853
05,5,70,044,2024,09,13,7,3,3,6,0,0,1,0,0,0,0,415590.713100000284612,5757800.311599999666214,7.771399454000061,51.964478836000069,0,05240928711100077679
05,5,66,028,2024,09,22,7,3,0,1,2,1,0,0,0,0,0,408437.412299999967217,5795167.343499999493361,7.657249685000068,52.299212948000047,0,05240928709700082861
05,5,66,016,2024,09,15,7,3,9,1,0,0,1,0,0,0,0,403135.477900000289083,5792356.048299999907613,7.580330874000026,52.273036358000070,0,05240928709500077635
05,5,54,008,2024,09,23,7,3,5,3,2,1,0,0,0,0,0,335591.002999999560416,5746053.824999999254942,6.613411516000042,51.841060430000027,0,05240928705000161132
05,5,54,028,2024,09,19,7,3,5,3,2,0,1,0,0,0,0,357090.552000000141561,5743058.893999999389052,6.926501890000054,51.820066397000062,0,05240928705000081271
05,5,66,012,2024,10,18,4,3,4,2,2,0,1,0,0,0,0,407030.377000000327826,5771331.078999999910593,7.643161348000035,52.084733192000044,1,05241009709110465358
05,5,54,008,2024,09,16,7,3,2,6,0,0,1,0,0,0,0,334059.271200000308454,5748588.251499999314547,6.589981228000056,51.863374729000043,0,05240928705000076982
05,5,62,032,2024,09,15,7,3,8,1,0,0,1,0,0,0,0,374483.946999999694526,5716269.224700000137091,7.188362920000031,51.583488154000065,1,05240928702340078751
05,5,62,016,2024,09,17,7,3,9,1,0,0,1,0,0,0,0,373701.710199999623001,5735482.847799999639392,7.170132379000052,51.755984189000060,1,05240928702330082157
05,5,15,000,2024,09,10,7,3,5,3,0,0,1,0,0,0,0,398715.583999999798834,5753198.408999999985099,7.527213249000056,51.920298334000051,0,05240928702100072491
05,5,15,000,2024,09,10,7,3,3,6,0,1,1,0,0,0,0,405570.430399999953806,5757004.725099999457598,7.625813117000064,51.955716035000080,0,05240928702100070632
05,5,62,028,2024,09,11,7,3,5,3,0,1,1,0,0,0,0,380548.488699999637902,5721702.759999999776483,7.274000370000067,51.633640052000032,0,05240928701920071930
05,5,62,008,2024,09,11,7,3,6,4,0,0,1,1,0,0,0,385066.073900000192225,5723485.978399999439716,7.338660768000068,51.650608280000029,1,05240928701910087819
05,5,62,004,2024,09,10,7,3,5,2,0,0,1,0,0,0,0,382640.088000000454485,5712000.000000000000000,7.307453010000074,51.546875251000074,0,05240928701800072749
05,5,62,024,2024,09,20,7,3,5,3,2,0,1,0,0,0,0,372189.255900000222027,5725505.164599999785423,7.151890597000033,51.665974538000057,1,05240928701500082337
05,5,12,000,2024,09,11,7,3,0,7,0,0,1,0,0,0,0,360004.290500000119209,5711408.346000000834465,6.981438691000051,51.536397396000041,0,05240928701400076771
05,5,12,000,2024,09,08,7,3,5,2,0,1,1,0,0,0,0,355088.658200000412762,5709570.502100000157952,6.911367386000052,51.518642679000038,1,05240928701400070441
05,5,12,000,2024,09,07,7,3,1,6,0,0,1,0,0,0,0,357844.397499999962747,5709771.626000000163913,6.950977619000071,51.521150192000050,1,05240928701400070268
05,5,12,000,2024,09,07,7,3,1,5,0,0,1,0,0,0,0,357940.250799999572337,5711012.080499999225140,6.951858036000033,51.532320955000046,1,05240928701400070217
05,5,62,014,2024,09,22,7,3,9,1,2,0,1,0,0,0,0,359327.967000000178814,5714885.710000000894070,6.970302830000037,51.567476879000026,1,05240928701300084583
05,5,62,032,2024,09,11,7,3,2,6,0,0,1,0,0,0,0,374098.820600000210106,5719171.388699999079108,7.181765707000068,51.609484141000053,0,05240928701110072933
05,5,62,024,2024,09,15,2,3,5,3,0,1,1,0,0,0,0,366943.228600000031292,5723323.902000000700355,7.076909668000042,51.645155091000049,0,05240930701500135519
05,5,66,020,2024,09,15,6,3,5,3,0,0,1,0,0,0,0,404917.501000000163913,5803879.669999999925494,7.603181619000054,52.376919341000075,0,05240927709700057756
05,5,66,028,2024,09,12,6,3,0,3,0,0,1,0,0,0,1,408530.325000000186265,5794817.724999999627471,7.658706782000024,52.296086044000049,0,05240927709700052683
05,5,66,076,2024,09,21,6,3,8,1,2,0,1,0,0,0,0,394314.188799999654293,5792896.740399999544024,7.450923652000029,52.276270887000067,1,05240927709500066578
05,5,66,012,2024,09,16,6,3,5,3,0,1,1,0,0,0,0,403397.430999999865890,5772390.609999999403954,7.589857396000070,52.093634267000027,1,05240927709110058563
05,5,54,004,2024,09,12,6,3,5,2,0,0,1,0,0,0,1,363212.979000000283122,5772368.104000000283122,7.003608243000031,52.084959380000043,0,05240927705000049644
05,5,54,004,2024,09,11,6,3,5,3,0,0,1,0,0,0,0,364062.533599999733269,5770266.233999999240041,7.016836700000056,52.066282406000028,0,05240927705000048756
05,5,62,004,2024,09,13,6,3,1,6,0,0,1,0,0,0,1,383159.133399999700487,5713594.387299999594688,7.314405401000045,51.561312919000045,0,05240927702340058276
05,5,15,000,2024,09,22,6,3,8,1,2,0,1,0,0,1,0,400120.029000000096858,5757067.761600000783801,7.546504623000033,51.955330399000047,1,05240927702330065822
05,5,15,000,2024,09,12,6,3,3,6,0,1,0,0,0,0,0,405383.152599999681115,5755918.060699999332428,7.623387770000022,51.945916789000080,0,05240927702100052609
05,5,62,036,2024,09,22,6,3,4,2,2,0,1,0,0,0,0,388791.963700000196695,5719560.858200000599027,7.393741220000038,51.616078740000034,1,05240927701930065345
05,5,62,004,2024,09,16,6,3,5,3,1,0,1,0,0,0,0,384578.850599999539554,5716561.950699999928474,7.333902338000030,51.588277147000042,1,05240927701800061612
05,5,62,020,2024,09,14,6,3,2,2,0,0,1,0,0,0,0,368865.186700000427663,5717937.150100000202656,7.106687910000062,51.597197875000063,0,05240927701200058510
05,5,62,032,2024,09,18,6,2,6,4,1,0,1,1,0,0,0,375343.163999999873340,5719890.003000000491738,7.199471030000041,51.616219282000031,1,05240927701110061339
05,5,13,000,2024,09,12,6,3,1,5,0,0,1,0,0,0,0,368633.423000000417233,5710086.499700000509620,7.106277450000050,51.526592362000031,0,05240927700000051259
05,5,54,040,2024,10,14,7,3,5,3,0,0,1,0,1,0,0,354644.606999999843538,5735778.120999999344349,6.894088806000070,51.754016377000028,0,05241005705000300473
05,5,66,076,2024,10,07,3,3,5,2,2,0,1,0,0,0,1,392602.923499999567866,5794235.862999999895692,7.425424563000036,52.287974121000047,1,05241008709500379244
05,5,54,012,2024,10,15,5,3,5,3,0,1,1,0,0,0,0,353013.486800000071526,5747453.481200000271201,6.865523531000065,51.858494174000043,0,05241003705000244245
05,5,62,028,2024,09,21,7,3,5,2,2,0,1,0,0,0,1,379636.169200000353158,5722403.664599999785423,7.260583410000038,51.639744880000080,0,05240928701920091777
05,5,70,016,2024,09,01,5,2,2,2,2,0,1,0,0,0,1,415618.415500000119209,5738369.699300000444055,7.776552984000034,51.789819566000062,1,05240926711200982332
05,5,70,004,2024,09,18,5,3,0,3,0,1,1,0,0,0,0,424846.964700000360608,5732822.200600000098348,7.911530024000058,51.741265266000028,1,05240926711200020262
05,5,66,076,2024,09,23,5,3,0,7,2,1,0,0,0,0,0,393199.000199999660254,5793321.312899999320507,7.434450019000053,52.279871080000078,1,05240926709500025109
05,5,66,076,2024,09,21,5,3,4,6,2,1,0,0,0,0,1,393717.166799999773502,5794105.182900000363588,7.441795391000028,52.287016306000055,1,05240926709500023393
05,5,66,012,2024,09,12,5,3,5,3,0,1,1,0,0,0,0,403387.648599999956787,5773016.428500000387430,7.589537223000036,52.099257469000065,0,05240926709000005058
05,5,58,016,2024,09,05,5,3,5,3,2,0,1,0,0,1,0,378479.919999999925494,5747449.814999999478459,7.235128427000063,51.864588288000050,1,05240926706000987643
05,5,54,016,2024,09,15,5,3,1,6,0,0,1,0,0,0,0,365819.706600000150502,5755844.497700000181794,7.048102386000039,51.937121168000033,0,05240926705000017116
05,5,54,056,2024,09,10,5,3,5,3,0,1,1,0,0,0,0,356009.958999999798834,5761350.676000000908971,6.903193353000063,51.984142605000045,0,05240926705000000115
05,5,12,000,2024,09,03,5,3,9,1,2,0,1,0,0,0,0,357394.465800000354648,5718105.962099999189377,6.941116598000065,51.595927759000062,1,05240926702340982830
05,5,62,032,2024,09,22,5,3,3,1,2,0,1,0,0,1,0,381536.611600000411272,5717939.620600000023842,7.289543448000074,51.600027660000080,1,05240926702340025232
05,5,58,032,2024,09,16,5,3,0,7,0,0,1,0,0,0,0,392082.775500000454485,5751539.365199999883771,7.431322551000051,51.904141310000057,0,05240926702330019332
05,5,15,000,2024,09,09,5,3,3,2,0,0,1,0,0,1,0,403731.350800000131130,5758052.739600000903010,7.598764744000050,51.964820604000067,1,05240926702100996886
05,5,15,000,2024,09,22,5,3,5,2,2,1,1,0,0,0,0,402305.833999999798834,5753682.411000000312924,7.579264415000068,51.925290207000046,1,05240926702100024409
05,5,15,000,2024,09,14,5,3,2,6,0,0,1,0,1,0,0,401843.941300000064075,5755362.847500000149012,7.572070068000073,51.940313172000060,0,05240926702100012978
05,5,15,000,2024,09,11,5,3,5,2,0,1,1,0,0,0,0,407044.504999999888241,5757870.224999999627471,7.647023867000030,51.963743950000037,1,05240926702100002713
05,5,62,004,2024,09,06,5,3,2,6,0,0,1,0,0,0,0,383260.325100000016391,5718182.334400000050664,7.314339148000045,51.602569012000060,1,05240926701800993470
05,5,66,092,2024,10,09,6,2,2,2,0,0,1,0,0,1,0,425432.226999999955297,5796695.028000000864267,7.906082542000036,52.315515191000031,0,05241004709700266727