ULAND,UREGBEZ,UKREIS,UGEMEINDE,UJAHR,UMONAT,USTUNDE,UWOCHENTAG,UKATEGORIE,UART,UTYP1,ULICHTVERH,IstRad,IstPKW,IstFuss,IstKrad,IstGkfz,IstSonstige,LINREFX,LINREFY,XGCSWGS84,YGCSWGS84,STRZUSTAND,UIDENTSTLAE
05,5,62,008,2024,10,19,2,3,2,2,2,0,1,0,0,0,0,384485.983500000089407,5723524.565899999812245,7.330266797000036,51.650836202000050,0,05241007701910369227
05,5,62,004,2024,09,18,7,3,8,6,0,0,1,0,0,0,0,383852.241600000299513,5713635.527100000530481,7.324386257000072,51.561825839000051,1,05240928301921080807
05,5,66,048,2024,09,22,4,3,0,2,2,0,0,0,1,0,0,426170.930999999865890,5790366.137000000104308,7.918303852000065,52.258725188000028,1,05240925709700981616
05,5,66,028,2024,09,20,4,3,2,6,2,0,1,0,1,0,0,409529.468000000342727,5791483.936000000685453,7.674248412000054,52.266287012000078,1,05240925709700979368
05,5,66,020,2024,09,17,4,3,2,6,0,0,1,0,0,0,0,404435.086299999617040,5804349.458699999377131,7.595963026000049,52.381057699000053,0,05240925709700975712
05,5,66,028,2024,09,07,4,3,5,3,0,0,1,0,0,0,1,410809.732200000435114,5788339.203800000250340,7.693834617000050,52.238230555000030,0,05240925709700963865
05,5,66,076,2024,09,22,4,3,8,1,2,0,1,0,0,0,0,393138.795900000259280,5793662.329600000753999,7.433459772000049,52.282924153000067,1,05240925709500981448
05,5,54,004,2024,09,21,4,3,7,7,2,0,0,0,1,0,0,355294.472199999727309,5771168.487099999561906,6.888629914000035,52.072167955000054,0,05240925705000980325
05,5,54,004,2024,09,18,4,3,4,3,0,1,0,0,0,0,1,363649.561999999918044,5772270.891400000080466,7.010014826000031,52.084193593000066,0,05240925705000977389
05,5,54,004,2024,09,17,4,3,0,3,0,1,1,0,0,0,0,363982.125000000000000,5772080.091199999675155,7.014941398000076,52.082560983000064,0,05240925705000975716
05,5,54,004,2024,09,14,4,3,5,3,0,1,1,0,0,0,0,364883.692599999718368,5772977.827400000765920,7.027734785000064,52.090848359000063,0,05240925705000969829
05,5,54,008,2024,09,15,4,3,5,2,0,1,1,0,0,0,0,334920.327600000426173,5745875.270400000736117,6.603770255000029,51.839258566000069,0,05240925705000133438
05,5,15,000,2024,09,18,4,3,2,6,0,0,1,0,0,0,0,400848.326000000350177,5753158.332000000402331,7.558226482000066,51.920321984000054,1,05240925702330979980
05,5,15,000,2024,09,16,4,3,5,3,0,1,1,0,0,0,0,401685.081000000238419,5753655.915500000119209,7.570247594000023,51.924942778000059,0,05240925702100974486
05,5,15,000,2024,09,15,4,3,5,3,0,1,0,0,0,0,1,411353.846900000236928,5752625.480699999257922,7.711081167000032,51.917304010000066,1,05240925702100971792
05,5,15,000,2024,09,08,4,3,2,6,1,0,1,0,0,0,0,404511.056200000457466,5759081.385199999436736,7.609823983000069,51.974200914000050,1,05240925702100964460
05,5,62,008,2024,09,12,4,3,5,3,0,0,1,0,0,0,1,385075.118999999947846,5723624.840399999171495,7.338745820000042,51.651858181000080,1,05240925701910962624
05,5,62,016,2024,09,17,4,3,2,6,0,0,1,0,0,0,0,374759.805999999865890,5732233.597300000488758,7.186623941000050,51.727021269000033,0,05240925701700977395
05,5,62,016,2024,09,11,4,3,0,1,0,0,0,0,1,0,0,375272.773400000296533,5734992.924100000411272,7.193058152000049,51.751933372000053,1,05240925701700961901
05,5,12,000,2024,09,21,4,2,6,2,2,0,1,1,0,0,0,356180.321899999864399,5709571.153300000354648,6.927090341000053,51.518927525000038,1,05240925701400979618
05,5,13,000,2024,09,15,4,3,0,1,0,0,0,0,1,0,0,368607.602099999785423,5712838.660499999299645,7.104878135000035,51.551319328000034,1,05240925700000972091
05,5,66,044,2024,09,02,7,3,9,1,2,0,1,0,0,0,0,429679.830900000408292,5779214.798800000920892,7.972021130000030,52.158943492000049,1,05240928709800068645
05,5,54,036,2024,09,20,2,3,5,3,2,0,1,0,0,0,0,366270.385900000110269,5763424.030300000682473,7.051701661000038,52.005337874000077,1,05240930702340144107
05,5,66,028,2024,10,21,4,3,3,6,2,0,1,0,0,1,0,415968.983599999919534,5790453.214099999517202,7.768844929000068,52.258044069000050,1,05241009702350469048
05,5,15,000,2024,09,13,6,3,2,6,0,1,0,0,0,0,0,406185.978400000371039,5756688.423800000920892,7.634854485000062,51.952977155000042,0,05240927702100061209
05,5,70,040,2024,09,15,3,3,8,1,0,0,1,0,0,0,0,418204.838000000454485,5745993.847400000318885,7.812243364000039,51.858739476000039,0,05240924711200928591
05,5,70,052,2024,09,12,3,3,5,2,0,1,0,0,0,0,0,430789.863699999637902,5756556.081599999219179,7.992837001000055,51.955393824000055,0,05240924711100930370
05,5,66,076,2024,09,16,3,3,0,7,0,1,1,0,0,0,0,395055.260599999688566,5792101.291600000113249,7.462029055000073,52.269263916000057,0,05240924709500928896
05,5,58,012,2024,09,17,3,2,5,2,0,0,1,0,0,1,0,374387.324000000022352,5753809.566999999806285,7.173406031000070,51.920834184000057,0,05240924706000932959
05,5,54,044,2024,09,11,3,3,5,3,0,0,1,0,0,0,0,368752.411000000312924,5744944.778000000864267,7.094885315000056,51.839874116000033,0,05240924705000911909
05,5,70,008,2024,10,16,4,3,5,2,0,1,1,0,0,0,0,433376.514000000432134,5734255.371999999508262,8.034772029000067,51.755228646000035,1,05241009711300495235
05,5,54,004,2024,09,09,3,3,8,6,0,0,0,0,0,1,1,363763.315000000409782,5778513.804999999701977,7.009176008000054,52.140316432000077,0,05240924705000906555
05,5,62,032,2024,09,22,3,2,9,1,2,0,1,0,0,1,0,381484.346900000236928,5717924.670900000259280,7.288794228000029,51.599882303000072,1,05240924702340936858
05,5,15,000,2024,09,20,3,3,4,3,2,1,1,0,0,0,0,399146.465599999763072,5756950.880400000140071,7.532376225000064,51.954104152000070,1,05240924702100979074
05,5,12,000,2024,09,16,3,3,5,3,0,1,1,0,0,0,0,353972.679700000211596,5711519.250600000843406,6.894486361000077,51.535865992000026,0,05240924701400932463
05,5,62,020,2024,09,14,3,2,6,4,0,0,0,1,0,0,1,372328.723699999973178,5716065.187899999320507,7.157346848000032,51.581170358000065,0,05240924701200924185
05,5,13,000,2024,09,16,3,3,2,2,0,0,1,0,0,0,0,365943.292500000447035,5717791.314300000667572,7.064583232000075,51.595199540000067,0,05240924700000928926
05,5,66,012,2024,10,01,7,2,9,7,2,0,1,0,0,0,0,403048.776700000278652,5773840.448999999091029,7.584357074000025,52.106604530000027,0,05241005709110291134
05,5,70,052,2024,10,16,3,3,5,2,1,1,1,0,0,0,0,430858.741999999620020,5757506.338999999687076,7.993647890000034,51.963944858000048,1,05241029711100191918
05,5,66,028,2024,10,13,3,3,2,6,0,0,1,0,0,0,0,415451.639000000432134,5792044.652000000700355,7.760868367000057,52.272269356000038,1,05241029709700184560
05,5,66,060,2024,10,15,3,2,5,3,0,0,1,0,1,0,0,387589.777900000102818,5793617.292199999094009,7.352164106000032,52.281412566000029,1,05241029709500193333
05,5,66,068,2024,10,19,3,3,0,3,2,1,0,0,0,0,1,376083.044400000013411,5785019.168800000101328,7.186725827000032,52.201675671000032,1,05241029709300198839
05,5,66,076,2024,10,16,3,3,1,5,1,0,1,0,0,0,0,393720.208599999547005,5791672.903999999165535,7.442606523000052,52.265157495000039,1,05241029709110193206
05,5,58,012,2024,10,09,3,3,2,6,0,0,1,0,0,0,0,370701.689000000245869,5755482.710999999195337,7.119213605000027,51.935025803000030,1,05241029706000169849
05,5,54,068,2024,10,16,3,2,5,3,0,0,1,0,0,0,1,355075.760900000110269,5774121.553200000897050,6.884186155000066,52.098643168000081,1,05241029705000195992
05,5,54,012,2024,10,18,3,3,1,5,2,0,1,0,0,0,0,350690.545500000007451,5745525.425100000575185,6.832649239000034,51.840554439000073,1,05241029705000194723
05,5,54,060,2024,10,07,3,3,5,3,1,1,1,0,0,0,0,351217.558100000023842,5758817.842900000512600,6.834556384000052,51.960123504000080,1,05241029705000172616
05,5,54,056,2024,10,07,3,2,4,6,0,0,1,0,0,0,1,359603.768600000068545,5760780.196900000795722,6.955723976000058,51.979936507000048,1,05241029705000169924
05,5,62,032,2024,10,08,3,3,2,1,0,0,1,0,0,0,0,374585.900100000202656,5715953.737600000575185,7.189946357000053,51.580675535000069,0,05241029702340258224
05,5,12,000,2024,10,17,3,3,6,7,1,0,1,1,0,0,0,356939.965300000272691,5713773.327099999412894,6.936323913000024,51.556880469000077,1,05241029702340194109
05,5,62,024,2024,10,08,3,3,1,6,0,0,1,0,0,0,0,373197.178700000047684,5724260.256100000813603,7.166908447000026,51.655015061000029,1,05241029702340163570
05,5,58,032,2024,10,07,3,3,2,6,0,0,1,0,0,0,0,392620.585900000296533,5751477.510099999606609,7.439156259000072,51.903689286000031,1,05241029702330162074
05,5,15,000,2024,10,18,3,3,6,3,2,0,1,1,0,0,0,403109.170900000259280,5759099.451999999582767,7.589416170000050,51.974120654000046,1,05241029702100196620
05,5,62,004,2024,10,15,3,2,1,1,0,0,1,0,0,0,1,381903.536999999545515,5710430.806099999696016,7.297362120000059,51.532618152000055,1,05241029701800192411
05,5,62,004,2024,10,07,3,3,2,6,0,0,1,0,0,0,0,382590.707000000402331,5711914.941999999806285,7.306769563000046,51.546100500000080,1,05241029701800160371
05,5,62,012,2024,10,09,3,3,2,6,0,0,1,0,0,0,0,362790.083999999798834,5731700.415799999609590,7.013629569000045,51.719428831000073,1,05241029701620164894
05,5,62,024,2024,10,19,3,3,6,4,2,0,1,1,0,0,0,373184.682300000451505,5725579.177699999883771,7.166249362000030,51.666865222000069,1,05241029701500198427
05,5,66,096,2024,10,12,2,2,2,6,0,0,1,0,0,1,0,385162.454300000332296,5786738.580299999564886,7.318936976000032,52.219093912000062,0,05241028709300136662
05,5,66,028,2024,10,11,2,3,5,3,0,1,1,0,0,0,0,410817.001000000163913,5788367.857000000774860,7.693933475000051,52.238489275000063,0,05241028709110155629
05,5,58,016,2024,10,07,2,3,2,6,0,0,1,0,0,0,0,381415.736999999731779,5743358.903999999165535,7.279148085000031,51.828454451000027,0,05241028706000114248
05,5,54,036,2024,10,07,2,3,9,1,0,0,1,0,0,0,0,374273.084699999541044,5767648.924699999392033,7.166673713000023,52.045174276000068,1,05241028705000120336
05,5,15,000,2024,10,13,2,3,3,6,0,0,1,0,0,1,0,405487.203300000168383,5754838.115700000897050,7.625197988000025,51.936227437000070,0,05241028702100138416
05,5,15,000,2024,10,08,2,2,3,6,0,1,1,0,0,0,0,411704.274100000038743,5760581.784199999645352,7.714130632000035,51.988877049000052,0,05241028702100121354
05,5,62,012,2024,10,12,2,3,6,7,0,0,0,1,0,0,1,359800.726599999703467,5726273.804400000721216,6.972562816000050,51.669927159000054,0,05241028701610483425
05,5,12,000,2024,10,16,2,3,5,3,0,1,1,0,0,0,0,355218.960599999874830,5715374.356200000271201,6.910856203000037,51.570827685000040,0,05241028701400173465
05,5,62,014,2024,10,07,2,3,0,2,0,1,1,0,0,0,0,360257.438299999572337,5715458.317999999970198,6.983477079000068,51.572853466000026,0,05241028701400118550
05,5,62,032,2024,10,13,2,2,5,3,0,0,1,0,0,0,1,376454.764700000174344,5718427.765300000086427,7.216033771000070,51.603322940000055,1,05241028701110138253
05,5,13,000,2024,10,15,2,3,2,6,0,0,1,0,0,0,0,365850.873200000263751,5714448.670499999076128,7.064526695000040,51.565138985000033,0,05241028700000173726
05,5,58,024,2024,10,06,2,3,5,3,1,0,1,0,1,0,0,384628.526200000196695,5733552.298200000077486,7.329009534000022,51.740990781000050,1,05241028706300127010
05,5,66,028,2024,10,18,1,3,0,2,2,0,1,0,0,0,1,412173.441999999806285,5792888.638000000268221,7.712616561000061,52.279341456000054,0,05241027709700104018
05,5,66,012,2024,10,15,1,3,1,6,0,0,1,0,0,0,0,408110.582299999892712,5772213.575600000098348,7.658683769000049,52.092845760000046,0,05241027702350560345
05,5,13,000,2024,10,15,1,3,9,1,0,0,1,0,0,0,0,367399.443099999800324,5714738.099899999797344,7.086746423000022,51.568106223000029,0,05241027702340102472
05,5,15,000,2024,10,22,1,3,0,7,2,0,1,0,0,0,0,408168.858500000089407,5758339.976099999621511,7.663258467000048,51.968153200000074,0,05241027702100107889
05,5,15,000,2024,10,19,1,3,5,2,2,1,1,0,0,0,0,407060.116100000217557,5756919.093499999493361,7.647508361000064,51.955197302000045,0,05241027702100104623
05,5,15,000,2024,10,15,1,3,5,3,0,1,1,0,0,0,0,404889.434999999590218,5762152.359999999403954,7.614479157000062,52.001868789000071,0,05241027702100102010
05,5,62,024,2024,10,13,1,3,8,1,0,0,1,0,0,0,0,367272.457399999722838,5725173.444900000467896,7.080963156000053,51.661853711000049,0,05241027701500100417
05,5,62,014,2024,10,11,1,3,6,4,0,0,1,1,0,0,0,360979.512600000016391,5715190.442099999636412,6.993995909000034,51.570624820000035,1,05241027701300097591
05,5,13,000,2024,10,22,1,3,2,6,1,0,1,0,0,0,0,362589.128999999724329,5711132.801999999210238,7.018792139000027,51.534556382000062,0,05241027700000107599
05,5,66,076,2024,10,16,7,3,5,3,0,1,1,0,0,0,0,398226.985999999567866,5788043.765000000596046,7.509716322000031,52.233392956000046,0,05241026709500083906
05,5,66,016,2024,10,14,7,2,0,1,0,1,0,0,0,0,0,404995.872800000011921,5792737.625000000000000,7.607480947000056,52.276790536000078,1,05241026709500082602
05,5,66,084,2024,10,19,7,3,5,3,1,0,1,0,0,0,0,390010.052099999971688,5775782.002499999478459,7.393419750000021,52.121614695000062,0,05241026709300094519
05,5,66,012,2024,10,13,7,2,0,7,0,0,0,0,1,0,1,401049.065999999642372,5768008.389000000432134,7.556859866000025,52.053831970000033,1,05241026709110139568
05,5,66,012,2024,10,13,7,2,8,7,0,0,0,0,1,0,1,401049.065999999642372,5768008.389000000432134,7.556859866000025,52.053831970000033,1,05241026709110094386
05,5,58,020,2024,10,14,7,3,0,7,0,1,0,0,0,0,0,393441.456600000150502,5755274.371400000527501,7.449908369000070,51.937972280000054,1,05241026706000082486
05,5,54,012,2024,10,17,7,2,8,7,0,0,0,0,1,0,0,351435.792899999767542,5740904.250199999660254,6.845441127000072,51.799232556000049,1,05241026705000086105
05,5,62,032,2024,10,13,7,3,2,6,0,0,1,0,0,0,0,375667.258600000292063,5716321.505499999970198,7.205414682000026,51.584220319000053,0,05241026702340080562
05,5,15,000,2024,10,19,7,3,5,3,2,1,1,0,0,0,0,404356.615000000223517,5744411.394999999552965,7.611648740000021,51.842313886000056,0,05241026702100088524
05,5,15,000,2024,10,16,7,3,2,6,0,0,1,0,0,0,0,405373.525999999605119,5761218.922000000253320,7.621786638000060,51.993561436000050,0,05241026702100085150
05,5,15,000,2024,10,12,7,3,8,1,0,0,1,0,0,0,1,401013.955400000326335,5756291.081199999898672,7.559732666000059,51.948509286000046,0,05241026702100079102
05,5,15,000,2024,10,12,7,3,6,4,0,1,0,1,0,0,0,403635.353400000371039,5755621.312500000000000,7.598049780000053,51.942949492000082,0,05241026702100078543
05,5,12,000,2024,10,13,7,3,2,6,0,0,1,0,0,0,0,356711.425499999895692,5708449.930299999192357,6.935195661000023,51.508987342000069,0,05241026701400255474
05,5,62,014,2024,10,20,7,2,6,4,2,0,1,1,0,0,0,362751.050599999725819,5712099.850800000131130,7.020748187000038,51.543285959000059,0,05241026701300088687
05,5,13,000,2024,10,18,7,3,0,7,2,1,0,1,0,0,0,366965.127000000327826,5706142.468000000342727,7.083730422000031,51.490758069000037,0,05241026700000085998
05,5,13,000,2024,10,12,7,3,5,3,0,0,1,0,0,0,1,367906.889999999664724,5707255.228000000119209,7.096871207000049,51.500978983000039,0,05241026700000081057
05,5,13,000,2024,10,10,7,3,5,3,0,1,1,0,0,0,0,369054.828099999576807,5708143.304300000891089,7.113070690000029,51.509227092000060,0,05241026700000076559
05,5,13,000,2024,10,13,3,3,8,1,0,0,1,0,0,0,0,369191.928199999965727,5713513.234699999913573,7.113050255000076,51.557517342000040,1,05241029700000186037
05,5,70,028,2024,10,14,6,3,1,2,0,0,1,0,0,0,0,440285.503200000151992,5740392.155300000682473,8.133799070000066,51.811179213000059,0,05241025711400058743
05,5,70,004,2024,10,15,6,2,2,6,0,0,1,0,1,0,0,424744.205599999986589,5741720.445199999958277,7.908112587000062,51.821243698000046,0,05241025711200062904
05,5,70,052,2024,10,08,6,3,5,2,0,1,1,0,0,0,0,430841.906000000424683,5756539.493599999696016,7.993597546000046,51.955251179000072,0,05241025711100039630
05,5,66,028,2024,10,10,6,3,3,6,0,0,1,0,0,0,0,415372.336099999956787,5793443.593000000342727,7.759355278000044,52.284831428000075,0,05241025709700045984
05,5,66,076,2024,10,07,6,3,5,3,2,1,1,0,0,0,0,393096.000000000000000,5793846.913000000640750,7.432774116000076,52.284574711000062,1,05241025709500035011
05,5,66,008,2024,10,11,6,3,4,2,0,0,1,0,1,0,0,400237.046000000089407,5780709.751000000163913,7.541299725000044,52.167844691000028,0,05241025709110049446
05,5,58,024,2024,10,16,6,3,0,6,0,0,0,0,1,0,0,386471.132299999706447,5735007.888199999928474,7.355209908000063,51.754449421000061,0,05241025706300063385
05,5,58,028,2024,10,11,6,3,0,1,0,0,0,0,1,0,0,403468.595900000073016,5732897.655099999159575,7.601966436000055,51.738668717000053,1,05241025706000049710
05,5,54,032,2024,10,14,6,3,5,3,0,0,1,0,0,0,0,323587.420699999667704,5743677.460999999195337,6.440557775000059,51.816052812000066,0,05241025705000060948
05,5,54,012,2024,10,13,6,3,3,3,0,1,1,0,0,0,0,351815.012799999676645,5746371.002299999818206,6.848597042000051,51.848451341000043,0,05241025705000058986
05,5,54,004,2024,10,13,6,3,4,6,0,1,0,0,0,0,0,360248.044999999925494,5775037.544999999925494,6.959270085000071,52.108204033000050,1,05241025705000057823
05,5,54,016,2024,10,09,6,3,4,6,0,0,1,0,0,0,0,364447.246799999848008,5756205.821499999612570,7.028007761000026,51.940035316000035,1,05241025705000051707
05,5,54,004,2024,10,07,6,3,2,6,2,0,1,0,0,1,0,365249.309299999848008,5771836.995500000193715,7.033519006000063,52.080686523000054,1,05241025705000037998
05,5,15,000,2024,10,15,6,2,0,1,0,1,0,0,0,0,0,404772.332999999634922,5756361.075999999418855,7.614380819000075,51.949794564000058,0,05241025702100060637
05,5,15,000,2024,10,09,6,3,0,2,0,1,1,0,0,0,0,406509.087000000290573,5751185.287000000476837,7.641049864000024,51.903566429000080,0,05241025702100052881
05,5,15,000,2024,10,11,6,3,5,3,0,0,1,0,0,0,0,405832.997999999672174,5753575.649000000208616,7.630571937000070,51.924938385000075,0,05241025702100052749
05,5,15,000,2024,10,07,6,3,6,2,1,0,1,1,0,0,0,407408.742999999783933,5756872.515000000596046,7.652592726000023,51.954836785000055,0,05241025702100040163
05,5,62,012,2024,10,06,6,3,0,1,2,0,0,0,1,0,0,362696.580000000074506,5735670.144500000402331,7.010710511000070,51.755077702000051,1,05241025701620034104
05,5,62,020,2024,10,13,6,3,5,3,0,1,1,0,0,0,0,371430.722699999809265,5720024.549900000914931,7.142942293000033,51.616548424000030,0,05241025701200059018
05,5,62,032,2024,10,21,6,3,5,3,2,0,1,0,0,0,0,374788.074000000022352,5719106.849999999627471,7.191737436000039,51.609057829000051,0,05241025701110068813
05,5,70,052,2024,10,14,5,3,9,1,0,0,1,0,0,0,0,431266.091300000436604,5763303.420199999585748,7.998413811000034,52.016108816000042,0,05241024711100018554
05,5,66,028,2024,10,08,5,3,5,3,0,1,0,0,0,0,1,412429.131599999964237,5791571.848500000312924,7.716705403000049,52.267546575000040,0,05241024709700995267
05,5,66,076,2024,10,14,5,3,5,2,0,1,1,0,0,0,0,393969.360000000335276,5793403.905999999493361,7.445711895000045,52.280762499000048,0,05241024709500014665
05,5,66,008,2024,10,15,5,3,0,2,0,0,1,0,1,0,0,397412.806099999696016,5781492.239299999549985,7.499783177000040,52.174359650000042,0,05241024709110020909
05,5,54,068,2024,10,08,5,2,5,3,0,1,1,0,0,0,0,353576.443599999882281,5774169.636700000613928,6.862292694000075,52.098680446000060,0,05241024705000998960
05,5,54,060,2024,10,05,5,3,5,3,2,1,1,0,0,0,0,350467.421900000423193,5756076.085699999704957,6.824839639000061,51.935288833000072,0,05241024705000990439
05,5,66,040,2024,10,22,5,2,2,6,2,0,1,0,0,0,0,416000.783400000073016,5781216.694800000637770,7.771603513000059,52.175025970000036,0,05241024702350029851
05,5,15,000,2024,10,14,5,3,0,2,0,0,1,0,0,0,1,407034.801199999637902,5753971.930800000205636,7.647936880000032,51.928702380000061,0,05241024702100023021
05,5,15,000,2024,10,16,5,3,2,6,0,0,1,0,0,0,0,411030.802899999544024,5755155.953700000420213,7.705731152000055,51.939998338000066,0,05241024702100021987
05,5,15,000,2024,10,13,5,3,5,3,0,0,1,0,0,0,0,398342.674999999813735,5759461.307000000029802,7.519940457000075,51.976521547000061,0,05241024702100021007
05,5,15,000,2024,10,16,5,3,4,6,0,1,0,0,0,0,1,404827.869500000029802,5756163.789699999615550,7.615243280000072,51.948030780000067,1,05241024702100020602
05,5,66,068,2024,10,17,3,3,4,2,2,0,1,0,0,0,0,374893.529000000096858,5785655.293999999761581,7.169094258000030,52.207123249000063,1,05241029709300196483
05,5,15,000,2024,10,10,5,3,5,3,0,0,1,0,0,0,0,409878.451000000350177,5761082.107999999076128,7.687416745000064,51.993081018000055,0,05241024702100004984
05,5,62,032,2024,10,15,5,2,6,7,0,0,1,1,0,0,0,371489.324400000274181,5721856.071900000795722,7.143116266000050,51.633021348000057,0,05241024701110020731
05,5,13,000,2024,10,00,1,3,0,1,2,0,0,0,1,0,0,365910.701999999582767,5712525.416999999433756,7.066122737000057,51.547869872000035,0,05241027700000091910
05,5,70,004,2024,10,14,4,3,2,6,0,0,1,0,0,0,0,424349.516200000420213,5738428.236500000581145,7.903105811000046,51.791594742000029,0,05241023711200976881
05,5,70,004,2024,10,09,4,3,2,6,2,0,1,0,0,0,0,425354.872000000439584,5735343.467000000178814,7.918343463000042,51.763998674000050,0,05241023711200955511
05,5,66,028,2024,10,18,4,3,5,3,0,0,1,0,0,0,1,417419.475999999791384,5790754.649000000208616,7.790017451000040,52.260973192000051,0,05241023709700980169
05,5,66,092,2024,10,06,4,3,2,6,2,0,1,0,0,0,0,423863.848000000230968,5796453.746999999508262,7.883133541000063,52.313131093000038,0,05241023709700946953
05,5,66,008,2024,10,16,4,2,5,3,0,1,1,0,0,0,0,398820.639700000174344,5780015.887000000104308,7.520803766000029,52.161350593000066,0,05241023709110978712
05,5,66,008,2024,10,16,4,3,5,3,0,1,1,0,0,0,0,399423.726999999955297,5781800.117000000551343,7.529088636000040,52.177496987000040,0,05241023709110977598
05,5,58,016,2024,10,18,4,3,2,6,2,0,1,0,0,0,0,391442.689000000245869,5743312.819000000134110,7.424607932000072,51.830078772000036,0,05241023706000981988
05,5,58,012,2024,10,17,4,3,5,3,0,1,1,0,0,0,0,373921.636599999852479,5757142.302999999374151,7.165416517000040,51.950678391000054,0,05241023706000978020
05,5,58,040,2024,10,10,4,3,5,2,0,0,1,0,0,0,0,376003.608599999919534,5763037.429300000891089,7.193565085000046,52.004123119000042,0,05241023706000961774
05,5,54,020,2024,10,17,4,2,5,3,0,1,1,0,0,0,0,361610.322999999858439,5784217.157899999991059,6.975410151000062,52.191026491000059,0,05241023705000978281
05,5,54,004,2024,10,14,4,3,0,3,0,0,1,0,1,0,0,360808.702999999746680,5773502.957000000402331,6.968078451000054,52.094556915000055,0,05241023705000973006
05,5,54,020,2024,10,14,4,3,0,1,0,0,0,0,0,0,1,366194.433000000193715,5785853.957499999552965,7.041784339000060,52.206865116000074,0,05241023705000972601
05,5,66,012,2024,10,13,4,2,2,6,0,0,0,0,0,1,1,410560.504599999636412,5774030.734999999403954,7.693958200000054,52.109580635000043,0,05241023702350975621
05,5,62,032,2024,10,22,4,2,2,6,2,0,1,0,0,0,0,376603.018500000238419,5716539.948899999260902,7.218837352000037,51.586389202000078,0,05241023702340985707
05,5,62,004,2024,10,11,4,2,4,6,0,0,1,0,1,0,0,385477.321000000461936,5711834.351999999955297,7.348406555000054,51.545969383000056,0,05241023701800962963
05,5,62,016,2024,10,14,4,3,5,2,0,1,1,0,0,0,0,378434.354600000195205,5732631.700400000438094,7.239661921000049,51.731407833000048,1,05241023701700973725
05,5,62,024,2024,10,17,4,2,8,1,0,1,0,0,0,0,0,367367.720399999991059,5723542.991299999877810,7.082958145000021,51.647224211000037,0,05241023701500979190
05,5,54,012,2024,10,23,7,3,4,6,2,0,1,0,0,0,0,352314.860600000247359,5745645.998299999162555,6.856158130000040,51.842069706000075,0,05241026705000090666
05,5,62,014,2024,10,05,4,3,3,6,2,0,1,0,0,0,0,360551.444000000134110,5714166.762000000104308,6.988229329000035,51.561320243000068,0,05241023701300942289
05,5,54,048,2024,10,09,7,3,5,3,0,1,1,0,0,0,0,341098.770899999886751,5746507.599899999797344,6.693083559000058,51.846731476000059,0,05241026705000076942
05,5,70,040,2024,10,07,3,3,4,2,0,0,1,0,0,0,0,418178.525000000372529,5746227.394400000572205,7.811806049000040,51.860835029000043,1,05241022711200907335
05,5,66,056,2024,10,09,3,3,5,3,0,1,1,0,0,0,0,417198.572999999858439,5796943.357000000774860,7.785260794000067,52.316567159000044,1,05241022709700907262
05,5,66,004,2024,10,20,3,3,1,1,2,1,1,0,0,0,0,394673.829300000332296,5767217.429999999701977,7.464159700000039,52.045548082000039,0,05241022709000937376
05,5,58,024,2024,10,13,3,3,0,7,0,0,0,0,1,1,0,391305.430399999953806,5736214.024199999868870,7.424842097000067,51.766249086000073,1,05241022706000929842
05,5,54,048,2024,10,18,3,3,0,3,2,0,1,0,0,0,1,341487.337000000290573,5746867.392000000923872,6.698554876000060,51.850074274000065,0,05241022705000938777
05,5,54,008,2024,10,14,3,3,8,1,0,0,1,0,0,0,0,338738.552000000141561,5750048.118400000035763,6.657196221000049,51.877861574000065,0,05241022705000932361
05,5,54,056,2024,10,13,3,3,9,1,0,0,1,0,0,0,0,364766.463999999687076,5763299.821000000461936,7.029854070000056,52.003857461000052,0,05241022705000923370
05,5,62,032,2024,10,10,3,3,2,6,0,0,1,0,0,1,0,374629.671199999749660,5715704.064799999818206,7.190666884000052,51.578441434000069,1,05241022702340910925
05,5,15,000,2024,10,19,3,3,0,1,2,0,0,0,0,0,1,403055.668600000441074,5758146.402000000700355,7.588906644000076,51.965545048000081,0,05241022702100936452
05,5,15,000,2024,10,07,3,3,5,3,1,1,1,0,0,0,0,406308.773699999786913,5761374.210599999874830,7.635361672000045,51.995115807000047,1,05241022702100904845
05,5,62,012,2024,10,11,3,3,0,1,0,1,0,0,0,0,0,359215.940100000239909,5725069.304700000211596,6.964597133000041,51.658957544000032,1,05241022701610913910
05,5,12,000,2024,10,10,3,3,5,3,0,0,1,0,0,0,0,359268.127000000327826,5720075.570000000298023,6.967358890000071,51.614097669000046,1,05241022701400912031
05,5,62,020,2024,10,19,3,3,5,3,2,0,1,0,0,0,1,369770.501500000245869,5718985.866200000047684,7.119361743000070,51.606832429000065,0,05241022701200938662
05,5,13,000,2024,10,17,3,2,8,7,0,1,0,0,0,0,0,369704.390599999576807,5706164.072300000116229,7.123156520000066,51.491590094000060,0,05241022700000938315
05,5,66,068,2024,10,10,7,3,6,7,0,1,0,0,0,0,1,378414.031000000424683,5786088.388000000268221,7.220433177000075,52.211803063000048,1,05241026709300076587