ULAND,UREGBEZ,UKREIS,UGEMEINDE,UJAHR,UMONAT,USTUNDE,UWOCHENTAG,UKATEGORIE,UART,UTYP1,ULICHTVERH,IstRad,IstPKW,IstFuss,IstKrad,IstGkfz,IstSonstige,LINREFX,LINREFY,XGCSWGS84,YGCSWGS84,STRZUSTAND,UIDENTSTLAE
05,5,13,000,2024,10,17,3,3,5,3,1,0,1,0,0,0,0,364710.427699999883771,5715420.662799999117851,7.047708607000061,51.573601254000039,0,05241022700000934182
05,5,54,020,2024,10,11,5,3,2,2,0,0,1,0,0,0,0,363558.872999999672174,5786691.731000000610948,7.002900986000043,52.213746525000033,0,05241024705000031698
05,5,13,000,2024,10,13,3,3,2,6,0,0,1,0,0,0,0,366832.022300000302494,5709321.806099999696016,7.080613855000024,51.519298410000033,0,05241022700000927799
05,5,70,028,2024,10,11,2,3,0,7,0,0,0,0,1,0,0,442551.694199999794364,5738504.062200000509620,8.166980868000053,51.794442185000037,0,05241021711400933527
05,5,70,040,2024,10,13,2,3,4,1,0,0,1,0,0,1,0,419170.191700000315905,5747164.672499999403954,7.825984189000053,51.869405019000055,1,05241021711200879153
05,5,70,004,2024,10,06,2,3,0,3,2,1,1,0,0,0,0,422686.145499999634922,5735954.538300000131130,7.879543707000039,51.769129809000049,1,05241021711200849977
05,5,70,052,2024,10,16,2,3,5,2,0,1,1,0,0,0,0,430152.050999999977648,5755158.491000000387430,7.983840985000029,51.942750266000075,0,05241021711100885922
05,5,58,004,2024,10,14,2,3,6,7,0,0,1,1,0,0,0,405423.716000000014901,5738875.454399999231100,7.628645547000076,51.792734980000034,0,05241021706300887068
05,5,58,044,2024,10,18,2,3,9,1,1,0,1,0,0,0,0,396036.022800000384450,5743223.883199999108911,7.491267966000066,51.830153190000033,1,05241021706000890530
05,5,54,016,2024,10,14,2,3,5,3,0,1,0,0,0,0,1,363764.929499999620020,5757053.712099999189377,7.017752017000021,51.947487540000054,1,05241021705000882654
05,5,54,016,2024,10,17,2,3,2,6,0,0,1,0,0,0,0,365280.125099999830127,5754861.046099999919534,7.040643207000073,51.928153708000082,0,05241021705000211127
05,5,54,020,2024,10,08,2,3,2,2,0,0,1,0,0,0,0,367989.273099999874830,5784390.127800000831485,7.068605631000025,52.194144638000068,0,05241021705000003924
05,5,66,032,2024,10,02,2,3,9,6,2,0,0,0,0,1,0,413144.202300000004470,5777875.025499999523163,7.730694945000039,52.144547073000069,1,05241021702350848847
05,5,62,008,2024,10,13,2,3,5,2,0,1,0,0,0,1,0,386033.582899999804795,5724056.422299999743700,7.352453676000039,51.655932261000032,1,05241021701910883295
05,5,62,024,2024,10,10,2,3,5,2,0,1,1,0,0,0,0,370513.964900000020862,5725897.176400000229478,7.127534901000047,51.669113863000064,1,05241021701500873106
05,5,13,000,2024,10,15,2,3,2,6,0,0,1,0,0,0,0,366261.369699999690056,5711316.595499999821186,7.071636459000047,51.537089940000044,1,05241021700000887527
05,5,62,012,2024,10,17,1,2,5,2,0,0,1,0,0,0,0,363155.881199999712408,5727782.649499999359250,7.020459222000056,51.684312993000049,0,05241027701610103588
05,5,70,004,2024,10,01,1,3,8,1,2,0,1,0,0,0,0,421863.564000000245869,5734920.112999999895692,7.867857754000056,51.759716566000066,0,05241020711200832432
05,5,66,092,2024,10,13,1,2,0,1,0,1,0,0,0,0,0,423415.989000000059605,5795804.117000000551343,7.876712946000055,52.307229438000036,0,05241020709700838781
05,5,66,052,2024,10,21,1,3,8,3,2,0,1,0,1,0,0,378110.444000000134110,5778641.618000000715256,7.218668317000038,52.144816866000042,1,05241020709300848319
05,5,58,024,2024,10,12,1,3,5,1,0,0,1,0,0,0,0,388535.535000000149012,5737098.004000000655651,7.384435188000054,51.773649473000035,0,05241020706300837535
05,5,58,040,2024,10,17,1,3,5,3,0,0,1,0,0,0,0,372669.550999999977648,5760509.878000000491738,7.145958836000034,51.980655226000067,0,05241020706200842403
05,5,58,016,2024,10,15,1,3,0,2,0,1,1,0,0,0,0,381799.146700000390410,5744243.117399999871850,7.284407281000028,51.836482293000074,0,05241020706100840309
05,5,54,040,2024,10,15,1,2,9,1,0,0,1,0,0,0,0,351607.535400000400841,5737245.071699999272823,6.849494383000035,51.766400620000070,0,05241020705000841504
05,5,15,000,2024,10,08,1,3,5,3,0,0,1,0,0,0,0,404692.640999999828637,5758501.312000000849366,7.612627805000045,51.969018177000066,0,05241020702100835144
05,5,13,000,2024,10,10,1,3,5,2,0,0,1,0,0,0,0,365294.405000000260770,5715108.657999999821186,7.056250069000043,51.570937280000066,0,05241020700000835821
05,5,13,000,2024,10,09,2,2,4,6,0,0,1,0,0,0,0,369670.659099999815226,5713891.499099999666214,7.119811879000054,51.561027537000029,0,05241028700000124777
05,5,70,004,2024,10,14,2,3,0,2,0,1,1,0,0,0,0,422754.321999999694526,5735273.669199999421835,7.880682943000068,51.763018479000038,0,05241021711200886560
05,5,54,008,2024,10,17,5,2,0,6,1,0,0,0,0,0,1,335751.018400000408292,5746183.803400000557303,6.615670438000052,51.842275164000057,0,05241024705000024638
05,5,66,048,2024,10,14,7,3,2,6,0,0,1,0,0,0,0,426761.201999999582767,5791434.433499999344349,7.926718619000042,52.268406986000059,1,05241019702350822441
05,5,66,048,2024,10,09,7,3,8,1,0,0,0,0,0,1,0,426658.793600000441074,5791527.754100000485778,7.925197868000055,52.269232192000061,1,05241019702350818296
05,5,66,012,2024,10,02,7,3,2,1,2,0,1,0,1,0,0,410780.203099999576807,5774275.746899999678135,7.697101251000049,52.111818402000040,1,05241019702350814056
05,5,54,024,2024,10,16,7,2,2,1,0,0,1,0,0,0,0,368989.087399999611080,5775850.976199999451637,7.086518670000032,52.117652905000057,0,05241019702340825110
05,5,15,000,2024,10,22,7,3,1,5,2,1,1,0,0,0,0,406627.376199999824166,5756132.120200000703335,7.641426717000058,51.948051100000043,0,05241019702100831020
05,5,62,012,2024,10,19,7,3,6,4,2,0,1,1,0,0,0,362820.233000000007451,5731898.311799999326468,7.013987814000075,51.721214496000073,0,05241019701620828197
05,5,62,014,2024,10,00,7,3,8,1,2,0,1,0,0,0,0,360546.672299999743700,5714232.321000000461936,6.988134529000035,51.561908182000082,0,05241019701300813619
05,5,62,032,2024,10,14,7,2,0,1,0,0,0,0,0,0,1,373283.753299999982119,5718811.795499999076128,7.170131113000025,51.606069640000044,1,05241019701110822526
05,5,70,004,2024,10,14,5,3,2,6,0,0,1,0,0,0,0,424231.495000000111759,5735017.087099999189377,7.902139372000022,51.760913732000063,0,05241024711200018889
05,5,66,040,2024,10,22,6,2,7,1,2,1,0,0,0,0,0,422199.442800000309944,5782391.354699999094009,7.861962467000069,52.186493786000028,0,05241018709800812189
05,5,66,072,2024,10,16,6,3,8,1,0,0,1,0,0,0,0,411146.668999999761581,5799648.000099999830127,7.695785542000067,52.339930644000049,1,05241018709700805659
05,5,66,068,2024,10,16,6,3,9,1,0,1,0,0,0,0,0,376042.378999999724329,5786025.998800000175834,7.185762526000076,52.210714036000070,0,05241018709300804107
05,5,66,036,2024,10,13,6,3,8,1,0,0,0,0,1,0,0,386917.391800000332296,5770690.493699999526143,7.349956177000024,52.075232972000038,1,05241018709300801702
05,5,66,008,2024,10,14,6,2,2,1,0,0,1,0,0,0,0,396634.728400000371039,5781653.369400000199676,7.488359883000044,52.175662604000081,0,05241018709110805975
05,5,58,012,2024,10,11,6,3,4,2,0,1,1,0,0,0,0,373849.422000000253320,5757366.383999999612570,7.164284044000055,51.952675702000079,0,05241018706200788336
05,5,54,068,2024,10,19,6,2,5,3,2,1,1,0,0,0,0,351848.132799999788404,5767599.154899999499321,6.839931191000062,52.039188224000043,0,05241018705000810462
05,5,54,040,2024,10,12,6,2,9,1,0,0,1,0,0,0,0,354699.444199999794364,5735807.867000000551343,6.894870277000052,51.754297879000035,0,05241018705000803857
05,5,15,000,2024,10,13,6,3,5,3,0,1,1,0,0,0,0,405415.184000000357628,5755426.267899999395013,7.623988952000047,51.941501781000056,0,05241018702100796871
05,5,15,000,2024,10,06,6,3,5,3,2,1,1,0,0,0,0,408145.239000000059605,5761316.039000000804663,7.662117916000057,51.994899743000076,0,05241018702100783050
05,5,62,004,2024,10,14,6,3,5,3,0,0,1,0,0,0,1,382314.607300000265241,5712374.260500000789762,7.302635989000066,51.550171206000073,0,05241018701800798800
05,5,62,012,2024,10,19,6,3,5,2,2,1,1,0,0,0,0,358845.221699999645352,5727371.917500000447035,6.958310763000043,51.679555282000081,0,05241018701610808383
05,5,62,012,2024,10,18,6,1,4,7,0,0,1,0,0,1,0,360638.979500000365078,5724829.097400000318885,6.985252882000054,51.657153700000038,0,05241018701610808028
05,5,12,000,2024,10,16,6,3,5,3,0,1,1,0,0,0,0,356053.827999999746680,5718845.939999999478459,6.921470988000067,51.602235972000074,0,05241018701400807746
05,5,62,014,2024,10,14,6,3,0,2,0,1,1,0,0,0,0,360261.288499999791384,5715453.359500000253320,6.983534574000032,51.572809863000032,0,05241018701300803448
05,5,13,000,2024,10,12,6,2,6,2,0,0,1,1,0,0,0,369688.712600000202656,5709021.411100000143051,7.121875122000063,51.517265066000050,0,05241018700000796065
05,5,62,032,2024,10,23,1,3,9,1,2,0,1,0,0,0,0,373098.366200000047684,5721374.308599999174476,7.166527432000066,51.629057046000071,0,05241020702340848255
05,5,58,036,2024,10,14,6,3,1,6,0,0,1,0,1,0,0,389978.071999999694526,5726088.288000000640750,7.408812984000065,51.674980610000034,0,05241018706000802924
05,5,54,048,2024,10,18,6,3,2,6,2,0,1,0,0,0,0,340125.976999999955297,5745469.921000000089407,6.679452678000075,51.837131455000076,0,05241025705000066216
05,5,54,004,2024,10,07,3,3,5,3,0,0,1,0,0,0,1,363034.848799999803305,5772329.012399999424815,7.001025863000052,52.084564084000078,1,05241029705000159829
05,5,58,044,2024,10,11,5,3,2,7,0,1,0,0,0,0,1,395520.759499999694526,5746264.248099999502301,7.482874718000062,51.857383993000042,0,05241017706300750687
05,5,54,056,2024,10,09,5,3,0,3,0,1,0,0,0,0,1,356368.516999999992549,5760972.907999999821186,6.908569122000074,51.980841175000080,0,05241017705000742884
05,5,13,000,2024,10,22,5,3,0,6,2,0,1,0,0,0,0,364915.386500000022352,5708890.165400000289083,7.053171337000038,51.514964364000036,0,05241017702340770799
05,5,58,044,2024,10,04,5,3,8,1,2,0,0,0,0,1,0,402411.309999999590218,5744772.436100000515580,7.583318199000075,51.845222476000060,0,05241017702330729743
05,5,15,000,2024,10,14,5,3,5,7,0,1,1,0,0,0,0,404052.503899999894202,5761359.217100000008941,7.602513127000066,51.994595785000058,0,05241017702100759875
05,5,62,004,2024,10,07,5,3,2,6,0,0,1,0,0,0,0,382568.951299999840558,5711861.256599999964237,7.306473876000041,51.545613464000041,1,05241017701800734196
05,5,12,000,2024,10,23,5,3,5,2,2,0,1,0,0,0,0,357286.768500000238419,5719391.377800000831485,6.939039758000035,51.607450910000068,0,05241017701400771073
05,5,62,032,2024,10,11,5,3,2,2,0,0,1,0,1,0,0,375811.504999999888241,5719504.760999999940395,7.206368630000043,51.612860579000028,0,05241017701110745519
05,5,70,028,2024,10,14,5,3,2,1,0,0,1,0,0,1,0,439375.960699999704957,5739710.775399999693036,8.120726385000069,51.804955566000046,0,05241017301911760983
05,5,70,008,2024,10,07,4,3,2,6,0,0,1,0,0,0,0,433089.411000000312924,5734420.769999999552965,8.030581337000058,51.756681355000069,0,05241016711300691618
05,5,70,036,2024,10,12,4,3,0,3,0,1,0,0,0,0,1,433763.683600000105798,5760710.670800000429153,8.035304162000045,51.993104606000031,0,05241016711100706007
05,5,66,076,2024,10,13,4,3,0,1,0,0,0,0,1,0,0,397087.495600000023842,5787448.899000000208616,7.493217799000035,52.227834801000029,0,05241016709500719939
05,5,66,068,2024,10,17,4,3,0,1,0,1,0,0,0,0,0,376049.036600000225008,5784837.567500000819564,7.186294916000065,52.200036130000058,0,05241016709300720228
05,5,58,032,2024,10,07,4,3,8,1,1,0,1,0,0,0,0,388504.359899999573827,5751855.918400000780821,7.379226642000049,51.906281707000062,0,05241016706100692627
05,5,58,028,2024,10,16,4,2,5,3,0,1,0,0,1,0,0,396246.811300000175834,5731343.779999999329448,7.497876195000060,51.723411621000082,0,05241016706000722314
05,5,15,000,2024,10,14,4,3,2,6,0,0,1,0,0,0,0,400667.827999999746680,5753833.163399999961257,7.555408013000033,51.926355344000058,0,05241016702330721845
05,5,15,000,2024,10,12,4,3,2,6,0,0,1,0,0,1,1,401161.446299999952316,5760890.133899999782443,7.560553910000067,51.989872573000071,0,05241016702330717156
05,5,15,000,2024,10,17,4,3,6,4,1,1,0,1,0,0,0,406885.447999999858439,5756849.232999999076128,7.644986233000054,51.954540141000052,0,05241016702100721891
05,5,15,000,2024,10,14,4,3,1,7,0,0,1,0,0,0,0,408299.600700000301003,5754069.121899999678135,7.666300493000051,51.929785798000069,0,05241016702100718690
05,5,62,016,2024,10,06,4,3,0,7,2,0,0,0,0,0,1,374750.149000000208616,5732289.406999999657273,7.186464115000035,51.727520666000032,0,05241016701700687445
05,5,12,000,2024,10,13,4,3,0,7,0,1,0,0,0,0,1,355814.543399999849498,5709864.827400000765920,6.921701848000055,51.521473168000057,0,05241016701400711651
05,5,62,032,2024,10,12,4,3,5,2,0,1,1,0,0,0,0,375877.183799999766052,5714201.008199999108911,7.209192381000037,51.565209230000050,0,05241016701120720187
05,5,62,032,2024,10,16,4,3,1,2,0,0,1,0,0,1,0,372529.017599999904633,5721108.536800000816584,7.158402801000022,51.626539885000057,0,05241016701110718695
05,5,62,032,2024,10,10,4,2,5,7,0,0,1,0,0,0,1,375090.231300000101328,5719454.313599999994040,7.195974931000023,51.612247632000049,0,05241016701110704615
05,5,13,000,2024,10,19,4,3,6,2,2,0,1,1,0,0,0,367664.802000000141561,5707788.367000000551343,7.093185381000069,51.505713536000030,1,05241016700000723070
05,5,62,024,2024,10,16,7,2,2,6,0,0,1,0,0,0,0,364324.827800000086427,5724436.124099999666214,7.038657718000024,51.654524125000080,0,05241019701500824493
05,5,70,020,2024,10,17,3,2,0,3,0,0,0,0,1,0,1,435695.790599999949336,5747050.284700000658631,8.065993358000071,51.870526682000047,0,05241015711400678599
05,5,70,036,2024,10,07,3,2,1,5,1,0,1,0,1,0,0,433717.560200000181794,5766804.202999999746680,8.033452476000036,52.047877813000071,0,05241015711100658371
05,5,66,076,2024,10,17,3,3,3,3,0,1,1,0,0,0,0,392978.110999999567866,5791278.653000000864267,7.431861464000065,52.261470383000074,0,05241015709500677117
05,5,66,076,2024,10,16,3,3,3,6,0,0,1,0,0,0,1,393737.250400000251830,5792228.730200000107288,7.442681089000075,52.270156123000049,0,05241015709500676086
05,5,58,036,2024,10,20,3,3,8,1,2,0,0,0,0,0,1,390901.702100000344217,5728221.075999999418855,7.421498806000045,51.694330324000077,0,05241015706300682132
05,5,58,044,2024,10,16,3,3,4,1,0,1,0,0,0,0,0,397132.563299999572337,5746329.262800000607967,7.506251438000049,51.858267787000045,0,05241015706300681175
05,5,54,020,2024,10,21,3,3,5,2,2,0,1,0,0,0,0,365182.320000000298023,5784948.539999999105930,7.027342161000036,52.198483016000068,0,05241015705000938950
05,5,54,020,2024,10,20,3,3,4,6,2,1,0,0,0,0,1,366246.620199999772012,5787493.312899999320507,7.041899772000022,52.221608009000079,0,05241015705000685668
05,5,54,060,2024,10,09,3,3,0,7,0,1,0,0,0,0,0,352942.424300000071526,5757031.281199999153614,6.860406241000021,51.944530525000062,0,05241015705000658105
05,5,15,000,2024,10,17,3,3,1,2,1,0,1,0,0,0,0,401916.048000000417233,5757281.240000000223517,7.572571257000050,51.957568870000046,0,05241015702100678172
05,5,15,000,2024,10,13,3,3,0,7,0,0,1,0,0,0,0,406584.396999999880791,5750289.710200000554323,7.642386915000031,51.895529093000050,0,05241015702100667963
05,5,62,016,2024,10,14,3,3,5,3,0,1,1,0,0,0,0,374509.029600000008941,5734917.289400000125170,7.182026968000059,51.751083086000051,0,05241015701700671575
05,5,12,000,2024,10,18,3,2,5,3,1,0,1,0,1,0,0,357460.540699999779463,5709713.283600000664592,6.945472152000036,51.520529194000062,0,05241015701400679649
05,5,12,000,2024,10,09,3,3,0,2,0,1,1,0,0,0,0,358021.910799999721348,5711484.354100000113249,6.952844121000055,51.536585314000035,0,05241015701400657032
05,5,62,014,2024,10,17,3,3,5,3,0,0,1,0,0,0,0,359425.707999999634922,5714892.504000000655651,6.971709424000039,51.567562304000035,0,05241015701300676154
05,5,13,000,2024,10,13,3,3,5,2,0,0,1,0,0,0,0,367362.518000000156462,5708730.822699999436736,7.088477849000071,51.514112242000067,0,05241015700000674329
05,5,70,052,2024,10,09,2,3,0,1,0,1,0,0,0,0,0,429326.044999999925494,5753247.464999999850988,7.972218810000072,51.925466567000058,0,05241014711100610180
05,5,58,016,2024,10,17,2,3,0,1,0,0,0,0,1,0,0,386730.155000000260770,5743030.341700000688434,7.356341453000027,51.826604329000077,0,05241014706000633360
05,5,58,016,2024,10,12,2,3,0,7,0,1,0,0,0,0,0,381311.532100000418723,5743266.426599999889731,7.277668347000031,51.827601213000037,1,05241014706000617785
05,5,54,032,2024,10,18,2,3,0,3,0,1,1,0,0,0,0,327143.076000000350177,5745389.093000000342727,6.491235862000053,51.832538610000029,0,05241014705000634322
05,5,54,020,2024,10,18,2,3,0,1,1,1,0,0,0,0,0,365415.442300000227988,5786476.269899999722838,7.030143874000032,52.212267126000029,0,05241014705000633542
05,5,58,012,2024,10,17,2,3,8,6,0,0,1,0,0,1,0,367639.527999999932945,5748176.517000000923872,7.077503529000069,51.868652246000067,0,05241014706200634228
05,5,13,000,2024,10,11,2,2,7,1,0,0,0,0,0,1,0,362758.102800000458956,5713742.370699999853969,7.020208990000071,51.558047816000055,0,05241014702340612560
05,5,12,000,2024,10,08,2,3,2,6,0,0,1,0,0,1,0,355527.484000000171363,5713134.582000000402331,6.916225336000025,51.550780929000041,0,05241014702340603716
05,5,12,000,2024,10,04,2,3,3,7,2,0,1,0,0,1,0,353077.082600000314415,5711997.059399999678135,6.881383132000053,51.539926981000065,0,05241014702340596694
05,5,15,000,2024,10,18,2,3,5,2,2,0,1,0,0,0,0,404403.293999999761581,5755371.558000000193715,7.609287942000037,51.940837085000055,0,05241014702100635546
05,5,15,000,2024,10,08,2,3,5,3,0,1,1,0,0,0,0,407061.588000000454485,5757345.232999999076128,7.647414494000031,51.959027910000032,0,05241014702100601363
05,5,62,012,2024,10,06,2,3,5,2,2,0,1,0,0,0,0,356650.579099999740720,5724511.873400000855327,6.927762558000040,51.653300279000064,0,05241014701610601383
05,5,12,000,2024,10,16,2,3,5,2,0,1,1,0,0,0,0,356173.989500000141561,5709571.313100000843406,6.926999069000033,51.518927349000080,1,05241014701400629749
05,5,62,014,2024,10,22,2,3,9,1,2,0,1,0,0,0,0,359514.159699999727309,5715061.248199999332428,6.972917339000048,51.569100681000066,1,05241014701300637965
05,5,13,000,2024,10,17,2,2,2,7,0,0,1,0,0,0,0,365510.213700000196695,5714166.725400000810623,7.059722644000033,51.562524155000062,1,05241014700000634895
05,5,54,004,2024,10,12,1,2,8,1,0,0,1,0,0,0,0,358416.192099999636412,5770102.151699999347329,6.934588197000039,52.063393780000069,1,05241013705000584291
05,5,54,052,2024,10,04,1,3,8,1,2,0,1,0,0,0,0,376695.771599999628961,5774125.577099999412894,7.199641483000050,52.103920291000065,1,05241013705000580690
05,5,62,036,2024,10,22,1,3,2,6,2,0,1,0,1,0,0,388486.622000000439584,5720520.747999999672174,7.389027285000054,51.624645808000082,1,05241013701930593548
05,5,62,014,2024,10,13,1,3,3,6,0,0,1,0,0,0,0,360147.269899999722838,5713364.843800000846386,6.982721297000069,51.554014085000063,0,05241013701300586436
05,5,66,048,2024,10,11,7,3,8,1,0,1,0,0,0,0,0,428226.156999999657273,5796291.882999999448657,7.947148148000053,52.312263741000038,0,05241026709700078462
05,5,66,056,2024,10,13,7,3,8,1,0,0,1,0,0,0,0,415186.335300000384450,5798373.445199999958277,7.755387034000023,52.329114075000064,0,05241012709700569276
05,5,15,000,2024,10,10,7,3,2,6,0,0,1,0,0,0,0,402954.004200000315905,5763610.735300000756979,7.585880823000025,52.014642026000047,0,05241012702350566721
05,5,13,000,2024,10,11,7,3,2,6,0,0,1,0,0,0,0,363622.941399999894202,5717066.028899999335408,7.031386594000026,51.588124980000032,0,05241012702340567550
05,5,15,000,2024,10,12,7,3,5,2,0,1,1,0,0,0,0,408267.296500000171363,5754113.037399999797344,7.665819088000035,51.930175215000077,0,05241012702100569748
05,5,62,036,2024,10,09,7,3,2,6,0,0,1,0,1,0,0,388837.688000000081956,5720020.152000000700355,7.394255654000062,51.620215910000070,0,05241012701930564177
05,5,13,000,2024,10,19,7,3,5,3,2,0,1,0,0,0,0,370264.599999999627471,5714659.270999999716878,7.128092003000063,51.568064301000049,1,05241012700000574839
05,5,13,000,2024,10,19,7,2,6,4,2,0,0,1,0,0,1,367078.402499999850988,5710347.746799999848008,7.083775784000068,51.528576220000048,0,05241012700000574400
05,5,15,000,2024,10,07,3,3,2,1,0,0,1,0,0,0,0,405738.138600000180304,5754961.732799999415874,7.628813135000030,51.937381129000073,1,05241029702100199336
05,5,70,020,2024,10,12,6,3,5,3,0,0,1,0,0,0,0,432921.041000000201166,5742996.508999999612570,8.026483511000038,51.833756904000040,0,05241011711400541219
05,5,66,028,2024,10,12,6,3,2,1,0,0,1,0,0,0,0,412485.918100000359118,5791860.818399999290705,7.717462385000033,52.270152961000065,0,05241011709700540676
05,5,58,012,2024,10,16,6,3,0,3,0,0,1,0,1,0,0,373769.518799999728799,5756184.720300000160933,7.163555859000041,51.942038652000065,0,05241011706200566188
05,5,58,020,2024,10,15,6,3,5,3,0,0,1,0,0,0,0,390241.539400000125170,5759951.584799999371171,7.401884533000043,51.979386894000072,0,05241011706200557218
05,5,58,016,2024,10,12,6,3,4,2,0,1,1,0,0,0,0,382231.747700000181794,5742456.259199999272823,7.291291069000067,51.820514798000033,0,05241011706100562679
05,5,54,012,2024,10,18,6,3,2,6,0,0,1,0,0,0,0,349406.700000000186265,5742265.487999999895692,6.815445662000059,51.810920213000031,0,05241011705000553800
05,5,54,032,2024,10,15,6,3,0,1,0,1,0,0,0,0,0,325921.218399999663234,5747730.133099999278784,6.472342793000053,51.853187475000027,0,05241011705000551058
05,5,54,008,2024,10,08,6,3,4,6,0,0,1,0,0,0,0,337071.694000000134110,5743209.078999999910593,6.636224510000034,51.815938440000082,0,05241011705000533541
05,5,62,014,2024,10,20,6,2,3,6,2,0,1,0,0,1,0,359175.589300000108778,5713296.409900000318885,6.968742325000051,51.553157431000045,0,05241011702340557201
05,5,15,000,2024,10,17,6,3,8,1,0,0,0,0,0,0,1,405959.035500000230968,5757876.280799999833107,7.631227940000031,51.963615826000080,0,05241011702100553959
05,5,15,000,2024,10,14,6,3,2,7,0,0,1,0,0,0,0,404668.071899999864399,5759954.593499999493361,7.611866569000028,51.982076574000075,0,05241011702100552635
05,5,62,008,2024,10,12,6,3,2,2,0,0,1,0,0,1,0,383644.241299999877810,5719985.621200000867248,7.319281547000060,51.618855840000037,0,05241011701910544083
05,5,62,004,2024,10,13,6,3,5,2,0,1,1,0,0,0,0,382640.125000000000000,5711995.743599999696016,7.307454963000055,51.546837003000064,0,05241011701800544035
05,5,62,004,2024,10,10,6,3,5,2,0,0,1,0,0,0,0,382998.004499999806285,5717156.100899999961257,7.310895430000073,51.593291131000058,0,05241011701800536068
05,5,62,004,2024,10,07,6,3,5,7,0,1,1,0,0,0,0,383513.179800000041723,5713251.288300000131130,7.319624334000025,51.558302462000029,0,05241011701800523141
05,5,62,016,2024,10,07,6,3,5,3,1,0,1,0,0,0,0,382223.146700000390410,5733188.500700000673532,7.294310680000024,51.737220830000069,0,05241011701700523699
05,5,62,024,2024,10,06,6,3,5,2,2,0,1,0,0,0,1,367041.242300000041723,5725894.605699999257922,7.077347775000021,51.668279702000063,0,05241011701500518505
05,5,62,014,2024,10,07,6,3,5,2,0,0,1,0,1,0,0,361345.829599999822676,5716456.043099999427795,6.998778632000040,51.582087866000052,0,05241011701300524707
05,5,13,000,2024,10,05,6,3,9,7,2,0,1,0,0,0,0,365027.843500000424683,5717431.680400000885129,7.051513155000066,51.591749141000037,1,05241011700000516618
05,5,62,024,2024,10,11,2,3,9,1,0,0,1,0,0,0,0,367800.175699999555945,5724256.607200000435114,7.088935277000076,51.653738955000051,1,05241021701500868167
05,5,13,000,2024,10,17,4,2,5,3,0,0,1,0,1,0,0,366840.158999999985099,5709340.794999999925494,7.080723886000044,51.519470974000058,0,05241023700000979335
05,5,70,052,2024,10,12,2,3,1,6,0,0,1,0,0,0,0,430826.250400000251830,5756539.390499999746680,7.993369781000069,51.955248305000055,0,05241014711100621619
05,5,15,000,2024,10,18,3,2,6,4,2,1,0,1,0,0,0,406605.577499999664724,5757159.879499999806285,7.640830318000042,51.957285454000044,1,05241029702100194945
05,5,15,000,2024,10,13,6,3,5,3,0,1,1,0,0,0,0,406588.603699999861419,5750280.618000000715256,7.642450496000038,51.895448072000079,0,05241018702100795958
05,5,12,000,2024,10,06,4,3,4,6,2,1,0,0,0,0,0,355330.928999999538064,5714506.108999999240041,6.912828126000022,51.563054657000066,0,05241023701400943083
05,5,70,008,2024,10,09,5,2,5,2,0,0,1,0,0,0,0,434313.720200000330806,5735328.623299999162555,8.048145176000048,51.764987969000060,1,05241010711300484607
05,5,70,048,2024,10,07,5,3,5,2,0,0,1,0,0,0,1,441802.374900000169873,5730372.505100000649691,8.157478458000071,51.721259120000070,1,05241010711300482245
05,5,70,012,2024,10,22,5,3,5,2,2,0,1,0,0,0,0,440497.773500000126660,5753038.987600000575185,8.134698638000032,51.924898612000050,0,05241010711100514850
05,5,70,024,2024,10,14,5,3,8,1,0,0,0,0,0,1,0,422360.906799999997020,5753671.705299999564886,7.870852365000076,51.928352373000052,0,05241010711100506778
05,5,58,016,2024,10,02,5,3,9,1,2,0,1,0,0,0,0,381966.122399999760091,5749807.223099999129772,7.284928646000026,51.886523026000077,1,05241010706100470661
05,5,58,040,2024,10,15,5,1,5,3,0,1,1,0,0,0,0,372879.654000000096858,5763646.427999999374151,7.147853335000036,52.008889212000042,0,05241010706000507888
05,5,54,064,2024,10,12,5,3,0,3,0,0,1,0,0,0,0,360771.178000000305474,5751250.506999999284744,6.976568070000042,51.894601862000059,1,05241010705000501521
05,5,66,028,2024,10,08,5,3,2,6,0,0,1,0,0,1,1,416166.746100000105798,5790374.493899999186397,7.771761213000048,52.257366666000053,1,05241010702350483793
05,5,13,000,2024,10,09,5,3,2,6,0,0,1,0,0,0,0,366777.384700000286102,5710658.275000000372529,7.079321406000076,51.531295882000052,1,05241010702340485826
05,5,70,036,2024,10,15,6,3,2,6,0,0,1,0,0,0,0,434863.499499999918044,5759356.953099999576807,8.051577106000025,51.981065120000039,0,05241025711100062376
05,5,62,020,2024,10,08,5,3,3,1,1,0,1,0,0,0,0,372222.855200000107288,5715425.372099999338388,7.156052507000027,51.575396376000072,1,05241010702340478528
05,5,15,000,2024,10,15,5,3,6,2,0,0,1,1,0,0,0,407221.709999999962747,5751347.412000000476837,7.651361535000035,51.905142837000028,0,05241010702100510235
05,5,15,000,2024,10,15,5,3,6,6,0,1,0,1,0,0,0,405876.101800000295043,5761489.285099999979138,7.629030036000074,51.996076973000072,0,05241010702100505925
05,5,66,032,2024,10,15,5,3,2,6,0,0,1,0,0,0,0,412130.957000000402331,5776027.897099999710917,7.716368835000026,52.127783916000055,0,05241010702350507430