ULAND,UREGBEZ,UKREIS,UGEMEINDE,UJAHR,UMONAT,USTUNDE,UWOCHENTAG,UKATEGORIE,UART,UTYP1,ULICHTVERH,IstRad,IstPKW,IstFuss,IstKrad,IstGkfz,IstSonstige,LINREFX,LINREFY,XGCSWGS84,YGCSWGS84,STRZUSTAND,UIDENTSTLAE
05,5,15,000,2024,10,15,5,3,5,3,0,0,1,0,0,0,1,404793.053999999538064,5761205.736999999731779,7.613338524000028,51.993343713000058,1,05241010702100505185
05,5,15,000,2024,10,08,5,3,6,4,1,0,1,1,0,0,0,406922.691999999806285,5759734.160499999299645,7.644745972000067,51.980477525000026,1,05241010702100491078
05,5,15,000,2024,10,08,5,3,0,7,0,0,0,0,1,0,0,405575.310399999842048,5757014.331299999728799,7.625881471000071,51.955803209000067,1,05241010702100476337
05,5,62,008,2024,10,10,5,3,0,2,0,0,1,1,0,0,0,384512.978500000201166,5723510.358699999749660,7.330661518000056,51.650714058000062,0,05241010701910480455
05,5,62,008,2024,10,07,5,3,0,7,0,1,0,0,0,0,1,383643.019399999640882,5719982.437599999830127,7.319264963000023,51.618826975000047,1,05241010701910476108
05,5,62,004,2024,10,19,5,3,1,5,2,0,1,0,0,0,0,384734.154799999669194,5716836.136700000613928,7.336053076000042,51.590773267000031,0,05241010701800511006
05,5,62,016,2024,10,14,5,3,2,2,0,0,1,0,0,1,0,375468.809399999678135,5735681.518100000917912,7.195649956000068,51.758165293000047,1,05241010701700502889
05,5,62,012,2024,10,14,5,3,5,2,0,1,1,0,0,0,0,358905.487499999813735,5725128.309900000691414,6.960087972000053,51.659409904000029,0,05241010701610499876
05,5,62,024,2024,10,19,5,3,2,6,2,0,1,0,0,0,0,367340.728600000031292,5724237.806099999696016,7.082304699000076,51.653461766000078,0,05241010701500510431
05,5,62,020,2024,10,18,5,3,1,3,1,1,1,0,0,0,0,371361.185800000093877,5717739.585999999195337,7.142776769000022,51.595997946000068,0,05241010701200510317
05,5,62,020,2024,10,07,5,3,5,2,1,1,1,0,0,0,0,371171.143000000156462,5717571.173000000417233,7.140096420000020,51.594441015000029,0,05241010701200476736
05,5,13,000,2024,10,15,5,3,5,3,0,0,1,0,0,0,1,366643.539200000464916,5714630.973400000482798,7.075886966000041,51.566965262000053,0,05241010700000508735
05,5,13,000,2024,10,08,5,3,2,6,0,0,1,0,0,1,0,366160.329300000332296,5709754.712700000032783,7.070774018000066,51.523030012000049,1,05241010700000479832
05,5,13,000,2024,10,07,5,2,6,2,1,0,1,1,0,0,0,367819.936999999918044,5712901.979000000283122,7.093500300000073,51.551704371000028,1,05241010700000476828
05,5,54,012,2024,10,07,5,3,2,6,1,0,1,0,0,0,0,350936.823900000192225,5748502.575200000777841,6.834937528000069,51.867369216000043,0,05241017705000733626
05,5,13,000,2024,10,08,5,3,5,2,1,1,1,0,0,0,0,365980.429999999701977,5716461.526000000536442,7.065626838000071,51.583258288000081,1,05241010700000477839
05,5,13,000,2024,10,05,4,3,5,2,0,1,1,0,0,0,0,364280.411000000312924,5712752.384099999442697,7.042537295000045,51.549519736000036,0,05241023700000942550
05,5,70,044,2024,11,14,2,3,0,3,0,1,1,0,0,0,0,415885.866999999620020,5759580.414499999955297,7.775258208000025,51.980524822000064,1,05241111711100673499
05,5,70,044,2024,11,13,2,3,1,7,0,0,1,0,0,1,0,415020.319899999536574,5761502.714600000530481,7.762182209000059,51.997672426000065,1,05241111711100668660
05,5,66,076,2024,11,17,2,2,6,4,2,0,1,1,0,0,0,395268.696999999694526,5793949.619999999180436,7.464581677000069,52.285916095000061,1,05241111709500669492
05,5,66,076,2024,11,07,2,3,3,6,2,0,1,0,0,0,0,393943.310999999754131,5793285.115000000223517,7.445367568000052,52.279689873000052,1,05241111709500632050
05,5,66,084,2024,11,12,2,3,0,1,0,1,0,0,0,0,0,386523.367999999783933,5778997.031999999657273,7.341440847000058,52.149803408000082,1,05241111709300652621
05,5,66,012,2024,11,07,2,3,6,2,0,0,1,1,0,0,0,403995.792999999597669,5772307.733999999240041,7.598612409000054,52.092993503000059,0,05241111709110635693
05,5,58,016,2024,11,17,2,3,6,2,2,0,1,1,0,0,0,382327.203999999910593,5743280.831000000238419,7.292395140000053,51.827945526000065,1,05241111706000670350
05,5,54,008,2024,11,17,2,3,6,1,2,0,0,1,1,0,0,331640.872999999672174,5748611.012099999934435,6.554881124000076,51.862854782000056,1,05241111705000671517
05,5,54,068,2024,11,15,2,3,5,3,0,1,1,0,0,0,0,350648.728000000119209,5766054.297199999913573,6.823131802000034,52.024986829000056,1,05241111705000669765
05,5,54,016,2024,11,14,2,3,5,3,0,0,1,0,0,0,1,363332.895999999716878,5757128.609999999403954,7.011440150000055,51.948054574000082,1,05241111705000663747
05,5,54,016,2024,11,07,2,3,5,3,1,0,1,0,0,0,0,365207.766300000250340,5752013.715900000184774,7.040705842000023,51.902550584000039,1,05241111705000644620
05,5,54,012,2024,11,08,2,3,4,6,1,0,1,0,0,0,0,350159.821000000461936,5748494.250000000000000,6.823664358000030,51.867086277000055,1,05241111705000641070
05,5,54,012,2024,11,07,2,3,5,3,2,1,0,0,0,0,1,351717.614900000393391,5746445.465500000864267,6.847152128000062,51.849094521000040,1,05241111705000635381
05,5,54,020,2024,11,07,2,3,5,2,1,1,1,0,0,0,0,364568.849999999627471,5786238.637000000104308,7.017855744000030,52.209924521000062,1,05241111705000633061
05,5,13,000,2024,11,17,2,3,9,1,1,0,1,0,0,0,0,366359.406399999745190,5709917.066299999132752,7.073580275000040,51.524536160000082,1,05241111702340672035
05,5,15,000,2024,11,17,2,3,2,1,2,1,0,0,0,0,0,404692.964900000020862,5758796.047299999743700,7.612550691000024,51.971667421000063,1,05241111702100722641
05,5,15,000,2024,11,16,2,2,0,4,0,1,0,1,0,0,0,410693.462600000202656,5760623.415500000119209,7.699403205000067,51.989089652000075,0,05241111702100714082
05,5,15,000,2024,11,17,2,3,0,3,2,1,1,0,0,0,0,403161.862999999895692,5759031.595000000670552,7.590202181000052,51.973519921000047,1,05241111702100670053
05,5,15,000,2024,11,14,2,2,6,7,0,0,0,1,0,1,0,408673.538999999873340,5761732.766000000759959,7.669699422000065,51.998732644000029,1,05241111702100665093
05,5,62,036,2024,11,12,2,3,0,5,0,1,1,0,0,0,0,389500.888299999758601,5719589.258199999108911,7.403967488000035,51.616473615000075,1,05241111701930664593
05,5,62,004,2024,11,07,2,3,5,3,1,1,1,0,0,0,0,384427.583999999798834,5716620.564999999478459,7.331700509000029,51.588772952000056,1,05241111701800632069
05,5,62,016,2024,11,07,2,2,5,2,1,1,1,0,0,0,0,374136.440600000321865,5733864.804899999871850,7.177013134000049,51.741541039000026,1,05241111701700633426
05,5,62,024,2024,11,12,2,3,2,6,0,0,1,0,0,0,0,374140.884100000374019,5725242.307900000363588,7.180189840000025,51.664052793000053,0,05241111701500668169
05,5,62,032,2024,11,15,2,3,0,7,0,0,1,0,0,0,0,374198.973899999633431,5715404.472300000488758,7.184561761000055,51.575653008000074,0,05241111701110701385
05,5,70,028,2024,11,16,1,3,2,2,0,1,1,0,0,0,0,441094.680399999953806,5743426.499600000679493,8.145019029000025,51.838544517000059,0,05241110711400620328
05,5,70,044,2024,11,17,1,3,4,6,2,1,0,0,0,0,1,415488.491999999620020,5759703.190999999642372,7.769443434000038,51.981568146000029,0,05241110711100622729
05,5,66,012,2024,11,00,1,3,9,1,2,0,1,0,0,0,0,407229.553600000217557,5771325.386199999600649,7.646068886000023,52.084715440000082,0,05241110702350610810
05,5,62,016,2024,11,23,1,2,2,6,2,0,1,0,0,1,0,374284.735700000077486,5738320.127900000661612,7.177548010000066,51.781613318000041,0,05241110702330627541
05,5,15,000,2024,11,15,1,3,0,7,0,0,1,0,0,0,0,408299.068699999712408,5754069.844000000506639,7.666292566000038,51.929792201000055,0,05241110702100620630
05,5,70,028,2024,11,11,7,3,5,3,0,0,1,0,0,0,1,441100.238800000399351,5742677.317399999126792,8.145227238000075,51.831809798000052,0,05241109711400597186
05,5,66,044,2024,11,22,7,3,5,2,2,0,1,0,0,0,0,426393.785600000061095,5778947.555800000205636,7.924050814000054,52.156112856000050,0,05241109709800609079
05,5,66,076,2024,11,19,7,3,6,2,2,0,1,1,0,0,0,393566.061999999918044,5792018.752000000327826,7.440239514000041,52.268235896000078,0,05241109709500605846
05,5,54,020,2024,11,19,7,2,1,5,2,0,0,0,1,0,1,366706.690799999982119,5783372.760999999940395,7.050252489000059,52.184694584000056,0,05241109705000606989
05,5,15,000,2024,11,16,7,2,9,6,0,0,1,0,0,0,1,400960.912499999627471,5760621.823499999940395,7.557711903000040,51.987425244000065,0,05241109702330603165
05,5,15,000,2024,11,17,7,3,5,3,2,0,1,0,0,0,0,414570.975899999961257,5753821.437799999490380,7.757549452000035,51.928557274000070,0,05241109702100606796
05,5,62,024,2024,11,20,7,3,2,6,2,0,1,0,0,0,1,370332.751799999736249,5726898.970399999991059,7.124544018000051,51.678074832000050,0,05241109701500609277
05,5,62,032,2024,11,17,7,3,1,6,2,0,1,0,0,0,0,374328.488099999725819,5714792.894999999552965,7.186648554000044,51.570185585000047,0,05241109701120604861
05,5,62,032,2024,11,23,7,2,0,1,2,1,0,0,0,0,0,374109.124599999748170,5717705.585599999874830,7.182440617000054,51.596313214000077,0,05241109701110608887
05,5,13,000,2024,11,17,7,3,5,3,2,1,1,0,0,0,0,367138.868400000035763,5714957.979199999943376,7.082905795000045,51.570020850000049,0,05241109700000607995
05,5,70,004,2024,11,07,6,3,7,3,0,1,1,0,0,0,0,422754.943300000391901,5735233.362099999561906,7.880700905000026,51.762656220000054,0,05241108711200549263
05,5,70,052,2024,11,17,6,3,2,2,2,0,1,0,0,0,0,426201.256599999964237,5749023.465800000354648,7.927689473000044,51.887089339000056,0,05241108711100585350
05,5,66,040,2024,11,07,6,3,0,3,0,1,1,0,0,0,0,420989.567999999970198,5783078.414000000804663,7.844108573000028,52.192497648000028,0,05241108709800551623
05,5,58,016,2024,11,18,6,3,5,3,2,0,1,0,0,0,0,379731.513199999928474,5741839.450799999758601,7.255247106000070,51.814438990000042,1,05241108706000586675
05,5,58,044,2024,11,12,6,3,0,1,0,1,0,0,0,0,0,394509.832200000062585,5745483.198300000280142,7.468439237000041,51.850173762000054,0,05241108706000570060
05,5,58,016,2024,11,11,6,1,3,3,0,1,1,0,0,0,0,381466.880199999548495,5743637.717299999669194,7.279794412000058,51.830971046000059,1,05241108706000569465
05,5,54,004,2024,11,12,6,3,3,6,0,1,0,0,0,0,0,363221.216500000096858,5772369.251700000837445,7.003727929000036,52.084971728000028,0,05241108705000687762
05,5,54,008,2024,11,14,6,3,2,6,0,0,1,0,0,0,0,334214.147800000384450,5747649.691299999132752,6.592678690000071,51.854989461000059,0,05241108705000596876
05,5,54,044,2024,11,17,6,2,3,6,2,0,1,0,0,0,0,365097.252700000070035,5741568.292199999094009,7.043177648000039,51.808662086000027,0,05241108705000585914
05,5,54,012,2024,11,11,6,3,6,6,0,1,0,1,0,0,0,352912.613099999725819,5746771.803600000217557,6.864349885000024,51.852342773000032,0,05241108705000566849
05,5,62,014,2024,11,18,6,2,2,6,2,0,1,0,0,0,0,360177.766699999570847,5713563.015000000596046,6.983082110000055,51.555802424000035,0,05241108702340586250
05,5,62,024,2024,11,14,6,3,2,6,0,0,1,0,0,0,0,373470.419300000183284,5723612.275000000372529,7.171090761000073,51.649253286000032,0,05241108702340581454
05,5,15,000,2024,11,22,6,3,9,6,2,0,1,0,0,0,0,399175.829099999740720,5752301.878799999132752,7.534165830000063,51.912323724000032,0,05241108702330590252
05,5,62,028,2024,11,14,6,3,0,7,0,1,0,1,0,0,0,380028.757799999788404,5722360.111400000751019,7.266268963000073,51.639437331000067,0,05241108701920579173
05,5,62,014,2024,11,11,6,3,5,3,0,1,1,0,0,0,0,357633.409599999897182,5713954.270300000905991,6.946246824000070,51.558681831000058,0,05241108701300565156
05,5,70,008,2024,11,07,5,2,5,3,1,0,0,0,1,0,1,432830.234000000171363,5739962.023000000044703,8.025754443000039,51.806466164000028,1,05241107711300509377
05,5,70,016,2024,11,17,5,3,2,6,2,0,1,0,0,0,0,416527.479399999603629,5733675.091299999505281,7.790858558000025,51.747754680000071,0,05241107711200538623
05,5,70,044,2024,11,18,5,3,2,6,2,0,1,0,0,0,0,417476.114099999889731,5760551.811699999496341,7.798173684000062,51.989495195000075,0,05241107711100968492
05,5,70,052,2024,11,07,5,3,5,3,2,1,1,0,0,0,0,430852.620799999684095,5757495.806299999356270,7.993560931000047,51.963849411000069,0,05241107711100579598
05,5,66,048,2024,11,07,5,3,0,6,1,0,1,0,0,0,1,426347.947999999858439,5789575.448999999091029,7.921069380000063,52.251641446000065,1,05241107709800510095
05,5,58,016,2024,11,20,5,3,0,7,2,0,1,0,0,0,0,382495.980000000447035,5745049.356000000610948,7.294242541000074,51.843875180000055,1,05241107706000576825
05,5,54,012,2024,11,16,5,3,2,6,1,0,1,0,0,0,0,352837.235600000247359,5745967.657400000840425,6.863598518000060,51.845097705000057,0,05241107705000539029
05,5,62,014,2024,11,11,5,2,2,1,0,0,1,0,0,0,0,356462.372200000099838,5714754.856799999251962,6.929038600000069,51.565578935000076,0,05241107702340522634
05,5,15,000,2024,11,16,5,3,5,2,0,0,1,0,0,0,0,409199.724999999627471,5756171.067999999970198,7.678833242000053,51.948827045000030,0,05241107702100537945
05,5,62,008,2024,11,11,5,3,5,3,0,1,1,0,0,0,0,384662.526999999769032,5722292.726099999621511,7.333223665000048,51.639801048000038,0,05241107701910516828
05,5,62,004,2024,11,15,5,2,0,7,0,0,1,0,0,0,0,381589.997399999760091,5712393.896299999207258,7.292183388000069,51.550196081000081,0,05241107701800534039
05,5,66,040,2024,11,19,4,3,8,1,2,0,0,0,1,0,0,426143.137500000186265,5780855.069000000134110,7.919972556000062,52.173226224000075,1,05241106709800493057
05,5,66,004,2024,11,06,4,3,7,1,2,0,0,0,0,0,1,395325.144999999552965,5766394.905999999493361,7.473905214000069,52.038278856000034,1,05241106709110451776
05,5,58,016,2024,11,16,4,3,0,7,1,0,0,0,1,0,0,388244.641999999992549,5746643.637000000104308,7.377141016000053,51.859384158000069,1,05241106706000492655
05,5,58,016,2024,11,13,4,3,0,7,0,0,0,0,1,0,0,377571.493099999614060,5748357.000499999150634,7.221620304000055,51.872542409000062,0,05241106706000478949
05,5,54,048,2024,11,14,4,3,0,4,0,1,0,1,0,0,0,340582.995400000363588,5745311.513800000771880,6.686153367000031,51.835838976000048,0,05241106705000483778
05,5,54,004,2024,11,10,4,3,8,1,0,0,1,0,0,0,0,355720.420900000259280,5771180.561799999326468,6.894835198000067,52.072387571000036,0,05241106705000473098
05,5,62,016,2024,11,06,4,3,2,6,2,0,1,0,0,0,1,374576.662600000388920,5739713.713199999183416,7.181273909000026,51.794202630000029,1,05241106702330461660
05,5,15,000,2024,11,13,4,3,1,2,0,0,1,0,0,0,0,407145.877000000327826,5761113.208799999207258,7.647621316000027,51.992910407000068,0,05241106702100476953
05,5,15,000,2024,11,09,4,3,0,1,0,1,0,0,0,0,0,405706.532999999821186,5757011.153000000864267,7.627791372000047,51.955796907000035,1,05241106702100460517
05,5,62,004,2024,11,15,4,3,2,2,0,0,1,0,0,0,0,382915.227199999615550,5712858.447599999606609,7.311133423000058,51.554647911000075,0,05241106701800487048
05,5,62,016,2024,11,18,4,3,9,1,2,0,1,0,0,0,0,374159.844299999997020,5738402.043299999088049,7.175708791000034,51.782321399000068,1,05241106701700493068
05,5,62,024,2024,11,12,4,3,5,2,0,0,1,0,0,0,1,367603.677000000141561,5723616.574699999764562,7.086338715000068,51.647941075000062,1,05241106701500477736
05,5,62,032,2024,11,08,4,3,3,2,0,1,1,0,0,0,0,373506.638299999758601,5719084.982599999755621,7.173249401000021,51.608574881000038,1,05241106701110455356
05,5,13,000,2024,11,12,4,3,4,7,0,0,1,0,0,0,1,365690.281999999657273,5715560.487999999895692,7.061786159000064,51.575092077000079,0,05241106700000482507
05,5,70,008,2024,11,17,4,3,9,1,2,0,1,0,0,0,1,438242.071399999782443,5739315.083699999377131,8.104353430000060,51.801274128000045,0,05241106301911492013
05,5,70,004,2024,11,18,3,3,9,1,2,0,1,0,0,0,0,421256.755300000309944,5734769.472799999639392,7.859101526000075,51.758277380000038,0,05241105711200444694
05,5,66,084,2024,11,18,3,3,0,1,2,1,0,0,0,1,0,386807.733599999919534,5779122.594100000336766,7.345553381000059,52.150990188000037,0,05241105709300443864
05,5,66,008,2024,11,18,3,3,5,3,1,1,0,0,0,0,1,399377.609000000171363,5781756.217000000178814,7.528427433000047,52.177094017000059,0,05241105709110443508
05,5,66,004,2024,11,15,3,3,5,3,0,0,1,0,0,0,0,395763.831000000238419,5770553.165999999269843,7.479029563000040,52.075734706000048,0,05241105709110442548
05,5,58,036,2024,11,05,3,3,5,3,2,0,1,0,1,0,0,386870.153199999593198,5729368.809499999508262,7.362820771000031,51.703847826000072,0,05241105706300400794
05,5,54,016,2024,11,17,3,2,5,3,1,0,1,0,1,0,0,361933.166799999773502,5758689.425300000235438,6.990459882000039,51.961733633000051,0,05241105705000442526
05,5,15,000,2024,11,14,3,3,0,4,0,1,0,1,0,0,0,407124.547799999825656,5751316.194099999964237,7.649958008000056,51.904846042000031,0,05241105702100435343
05,5,15,000,2024,11,07,3,3,4,2,1,1,1,0,0,0,0,408812.537999999709427,5754085.600999999791384,7.673754171000041,51.930018193000080,0,05241105702100418752
05,5,62,008,2024,11,06,3,2,0,1,2,1,0,0,0,0,0,384028.533200000412762,5721083.021900000050664,7.324466608000023,51.628798251000035,1,05241105701910401277
05,5,12,000,2024,11,11,3,3,2,6,0,0,1,0,0,1,0,356727.039200000464916,5707848.531099999323487,6.935664817000031,51.503587203000052,1,05241105701400424963
05,5,62,014,2024,11,15,3,3,5,3,0,0,1,0,0,0,0,361867.339499999769032,5713391.039999999105930,7.007505574000049,51.554673263000041,0,05241105701300439070
05,5,62,032,2024,11,15,3,3,1,5,0,0,1,0,0,0,0,376211.084900000132620,5715684.949799999594688,7.213484420000043,51.578619169000035,0,05241105701120444761
05,5,66,040,2024,11,14,4,3,5,3,0,0,1,0,0,0,1,420830.499300000257790,5783205.398600000888109,7.841752307000036,52.193616274000078,1,05241106709800484169
05,5,70,004,2024,11,07,3,3,5,3,0,0,1,0,0,1,0,423851.462899999693036,5736386.391000000759959,7.896333747000028,51.773171740000066,0,05241105711200406952
05,5,70,004,2024,11,08,2,2,5,2,1,0,1,0,0,0,0,419201.898000000044703,5733988.843000000342727,7.829517088000046,51.750967242000058,0,05241104711200368972
05,5,66,016,2024,11,15,2,3,0,1,0,1,0,0,0,0,0,406297.681599999777973,5790851.841099999845028,7.627079936000030,52.260064615000033,0,05241104709500388407
05,5,66,076,2024,11,06,2,2,5,2,2,0,1,0,0,0,0,391438.450000000186265,5789474.487900000065565,7.409890958000062,52.244954445000076,0,05241104709500356776
05,5,66,052,2024,11,14,2,3,5,2,0,1,1,0,0,0,0,377707.183799999766052,5778913.329900000244379,7.212680262000049,52.147169433000045,0,05241104709300389617
05,5,66,012,2024,11,18,2,3,4,2,2,0,1,0,0,0,0,404715.952999999746680,5774499.753000000491738,7.608508187000041,52.112820166000063,0,05241104709110393396
05,5,66,008,2024,11,17,2,3,2,6,1,0,1,0,0,0,0,400881.978799999691546,5779605.753100000321865,7.551048792000074,52.158038350000027,0,05241104709110392588
05,5,58,004,2024,11,17,2,3,5,2,2,0,1,0,0,1,0,406435.014000000432134,5739445.928999999538064,7.643150976000072,51.798032916000068,0,05241104706000395486
05,5,58,016,2024,11,13,2,3,6,4,0,0,1,1,0,0,0,387889.824300000444055,5747391.213500000536442,7.371748150000030,51.866031857000053,0,05241104706000391345
05,5,58,020,2024,11,13,2,3,0,3,0,0,1,0,1,0,0,390865.082200000062585,5759233.796900000423193,7.411187979000033,51.973058573000060,0,05241104706000380560
05,5,54,016,2024,11,06,2,2,5,3,2,0,0,0,0,0,1,365197.369099999777973,5752694.017400000244379,7.040288690000068,51.908661150000057,1,05241104705000356327
05,5,13,000,2024,11,22,2,2,2,6,2,0,1,0,0,1,0,367337.831500000320375,5714708.652400000020862,7.085869098000046,51.567827098000066,0,05241104702340399068
05,5,54,016,2024,11,18,2,2,2,6,2,0,1,0,0,0,0,366122.021999999880791,5762517.824999999254942,7.049895528000036,51.997159187000079,0,05241104702340396360
05,5,15,000,2024,11,08,2,3,5,3,0,1,0,0,0,0,0,404558.257100000046194,5758681.768400000408292,7.610622054000032,51.970617125000047,0,05241104702100427752
05,5,15,000,2024,11,17,2,3,2,6,2,0,1,0,0,0,0,401604.241200000047684,5759041.387499999254942,7.567530662000024,51.973334341000054,0,05241104702100393883
05,5,15,000,2024,11,15,2,3,1,7,0,1,1,0,0,0,0,405616.720999999903142,5757054.630000000819564,7.626472843000045,51.956172461000051,0,05241104702100385648
05,5,15,000,2024,11,06,2,3,5,6,2,1,1,0,0,0,0,403051.202300000004470,5758116.424300000071526,7.588850118000039,51.965274821000037,0,05241104702100361725
05,5,15,000,2024,11,07,2,2,6,4,0,0,1,1,0,0,0,405062.621500000357628,5759104.248900000005960,7.617845090000060,51.974500922000061,0,05241104702100356352
05,5,62,012,2024,11,14,2,3,5,2,0,0,1,0,0,0,0,363094.043999999761581,5738631.346000000834465,7.015298255000062,51.781784105000042,0,05241104701610489096
05,5,62,024,2024,11,06,2,3,1,5,2,0,1,0,0,0,0,369911.588700000196695,5727497.629799999296665,7.118232949000060,51.683357355000055,1,05241104701500355197
05,5,62,014,2024,11,19,2,3,6,4,2,0,1,1,0,0,0,360410.357099999673665,5717458.184800000861287,6.984887246000028,51.590862226000070,0,05241104701300393419
05,5,13,000,2024,11,13,2,3,2,3,0,0,1,0,0,0,1,364441.213000000454485,5718808.120999999344349,7.042517858000053,51.603977444000066,0,05241104700000383452
05,5,13,000,2024,11,10,2,3,2,5,0,0,1,0,1,0,0,365077.658599999733269,5718778.452700000256300,7.051713875000075,51.603863674000081,0,05241104700000366521
05,5,12,000,2024,11,07,6,3,5,3,1,1,1,0,0,0,0,354828.567400000058115,5709654.007899999618530,6.907586940000044,51.519326256000056,0,05241108701400553023
05,5,66,076,2024,11,01,1,3,5,3,2,0,1,0,0,0,0,393563.763299999758601,5792015.840099999681115,7.440206760000024,52.268209282000043,0,05241103709500334479
05,5,66,064,2024,11,18,1,3,5,3,2,1,1,0,0,0,0,395518.970999999903142,5773222.676599999889731,7.474640004000037,52.099681149000048,0,05241103709110346838
05,5,58,036,2024,11,18,1,3,2,6,2,0,1,0,0,0,0,389063.506500000134110,5726954.533999999985099,7.395316457000035,51.682586482000033,0,05241103706300345503
05,5,66,068,2024,11,08,1,3,0,7,0,0,1,0,0,0,0,371446.850399999879301,5784711.743499999865890,7.119040062000067,52.197851556000046,0,05241103702340338742
05,5,13,000,2024,11,14,1,2,0,7,0,0,1,0,0,0,0,366210.235500000417233,5714455.778699999675155,7.069705616000022,51.565288233000047,0,05241103700000342951
05,5,13,000,2024,11,19,1,2,6,2,2,0,1,1,0,0,0,367513.928999999538064,5709423.018999999389052,7.090398421000032,51.520368331000043,0,05241103700000347807
05,5,58,012,2024,11,13,2,3,4,2,0,0,1,0,0,0,0,375127.777099999599159,5755748.285499999299645,7.183463942000060,51.938423113000056,0,05241104706000380983
05,5,70,028,2024,11,09,7,3,3,2,0,1,1,0,0,0,0,441128.292600000277162,5741756.876599999144673,8.145790869000052,51.823537787000078,0,05241102711400320519
05,5,70,008,2024,11,18,7,3,5,3,2,1,0,0,0,0,1,431997.713999999687076,5739005.154999999329448,8.013869012000043,51.797763341000064,0,05241102711300329026
05,5,70,016,2024,11,23,7,1,7,7,2,0,0,0,1,0,0,407992.109299999661744,5745380.634400000795722,7.664147559000071,51.851637054000037,0,05241102711200334579
05,5,66,028,2024,11,19,7,3,7,7,2,0,0,0,1,0,0,409151.309000000357628,5790972.345000000670552,7.668846231000032,52.261626428000056,0,05241102709700329547
05,5,66,028,2024,11,17,7,3,8,1,1,0,1,0,0,0,0,410804.539400000125170,5788321.086500000208616,7.693763373000024,52.238066871000058,0,05241102709700327553
05,5,66,048,2024,11,12,7,3,2,6,0,0,1,0,0,0,1,427211.168999999761581,5791960.303999999538064,7.933197961000076,52.273193773000060,0,05241102709700324411
05,5,66,084,2024,11,18,7,3,0,1,2,0,1,0,0,0,0,390408.050900000147521,5773291.235099999234080,7.400032356000054,52.099308518000043,0,05241102709300330101
05,5,58,036,2024,11,10,7,3,2,6,0,0,1,0,0,0,0,389303.114900000393391,5730162.468499999493361,7.397762773000068,51.711466385000051,1,05241102706000321494
05,5,54,032,2024,11,02,7,3,0,1,2,0,1,0,0,0,0,325395.985199999995530,5747648.139299999922514,6.464765767000074,51.852286940000056,1,05241102705000316187
05,5,12,000,2024,11,13,7,3,2,6,0,0,1,0,0,0,0,356179.851900000125170,5713590.178200000897050,6.925441708000051,51.555041463000066,1,05241102702340327286
05,5,15,000,2024,11,15,7,3,3,2,0,1,1,0,0,0,0,400385.066999999806285,5760232.792999999597669,7.549441855000055,51.983825630000069,0,05241102702100327538
05,5,12,000,2024,11,18,7,3,5,3,2,1,1,0,0,0,0,358094.981700000353158,5711077.342900000512600,6.954061033000073,51.532946310000057,0,05241102701400327874
05,5,12,000,2024,11,13,7,2,5,3,0,0,1,0,0,0,0,357143.236499999649823,5709681.314600000157952,6.940914743000064,51.520161763000033,0,05241102701400327219
05,5,12,000,2024,11,15,7,3,5,2,0,0,1,0,0,0,0,357253.805499999783933,5713212.495699999853969,6.941075616000035,51.551920435000056,0,05241102701400326983
05,5,62,032,2024,11,18,7,3,2,6,2,0,1,0,0,0,0,376196.834499999880791,5716051.789799999445677,7.213149534000024,51.581912914000043,0,05241102701120328162
05,5,13,000,2024,11,17,7,3,5,3,1,0,1,0,0,0,0,369702.196000000461936,5709020.263000000268221,7.122069766000038,51.517257859000040,0,05241102700000327356
05,5,62,024,2024,11,18,4,2,3,6,2,0,1,0,0,0,0,372249.712399999611080,5730737.569900000467896,7.150848704000055,51.713010624000049,0,05241106702340492700
05,5,58,036,2024,11,21,6,3,5,7,2,0,1,0,0,0,0,391924.150999999605119,5727649.055999999865890,7.436463456000070,51.689386755000044,0,05241108706300590824
05,5,70,008,2024,11,05,6,3,0,1,2,0,1,0,0,0,0,431990.526200000196695,5736637.789400000125170,8.014228851000041,51.776479961000064,0,05241101711300296495
05,5,66,048,2024,11,09,6,3,5,2,0,0,1,0,0,0,0,426602.414200000464916,5791989.525599999353290,7.924271314000066,52.273375513000076,0,05241101709700300198
05,5,66,060,2024,11,14,6,3,4,2,0,0,1,0,1,0,0,390583.305100000463426,5785953.343499999493361,7.398510201000022,52.213140265000050,0,05241101709500307891
05,5,54,068,2024,11,02,6,2,5,3,2,0,1,0,0,0,0,355074.779000000096858,5774120.741000000387430,6.884172176000050,52.098635613000056,0,05241101705000294851
05,5,66,008,2024,11,16,6,3,5,3,0,0,1,1,0,0,0,399091.355499999597669,5781290.620999999344349,7.524381063000021,52.172857096000030,0,05241108709110586251
05,5,66,028,2024,11,03,6,3,8,6,2,0,1,0,0,0,0,410360.211000000126660,5791086.180400000885129,7.686524263000024,52.262847947000068,0,05241101702350295899
05,5,66,028,2024,11,00,6,2,8,1,2,0,1,0,0,0,0,410026.177899999544024,5791240.020199999213219,7.681590123000035,52.264176144000032,0,05241101702350293189