ULAND,UREGBEZ,UKREIS,UGEMEINDE,UJAHR,UMONAT,USTUNDE,UWOCHENTAG,UKATEGORIE,UART,UTYP1,ULICHTVERH,IstRad,IstPKW,IstFuss,IstKrad,IstGkfz,IstSonstige,LINREFX,LINREFY,XGCSWGS84,YGCSWGS84,STRZUSTAND,UIDENTSTLAE
05,5,13,000,2024,11,20,6,3,8,1,2,0,1,0,0,0,0,366241.977699999697506,5709715.128399999812245,7.071965246000048,51.522693626000034,1,05241101702340312150
05,5,58,032,2024,11,21,6,3,9,7,2,0,1,0,0,0,0,390707.576799999922514,5751840.280200000852346,7.411245566000048,51.906577753000079,0,05241101702330313891
05,5,62,016,2024,11,12,6,2,9,1,0,0,1,0,0,0,0,373097.963999999687076,5734571.173499999567866,7.161722619000045,51.747654775000058,0,05241101702330305009
05,5,15,000,2024,11,14,6,3,2,6,0,0,1,0,0,0,0,405102.059399999678135,5756678.004699999466538,7.619089512000073,51.952699606000067,1,05241101702100307821
05,5,62,028,2024,11,14,6,3,5,3,0,0,1,0,0,0,1,379621.882000000216067,5722577.953999999910593,7.260317088000022,51.641308224000056,1,05241101701920308428
05,5,58,024,2024,11,07,4,3,3,6,2,1,0,0,1,0,0,396404.086299999617040,5733729.047800000756979,7.499442354000053,51.744880160000037,1,05241106706300458806
05,5,58,012,2024,11,07,4,3,5,2,0,1,1,0,0,0,0,374522.843899999745190,5753376.461699999868870,7.175533436000023,51.916972630000032,0,05241106706200456439
05,5,70,004,2024,10,11,5,3,0,6,0,0,1,0,0,0,1,424995.842100000008941,5735440.262299999594688,7.913120995000043,51.764820854000050,0,05241031711200268106
05,5,66,040,2024,10,17,5,2,2,1,2,1,1,0,0,0,0,424296.754999999888241,5783075.966000000014901,7.892481953000072,52.192939627000044,0,05241031709800285886
05,5,66,040,2024,10,15,5,3,2,1,0,0,1,0,0,0,0,420833.099999999627471,5781402.881999999284744,7.842211286000065,52.177414121000027,0,05241031709800282782
05,5,66,028,2024,10,20,5,3,4,6,0,1,0,0,0,0,0,410360.551300000399351,5792237.657500000670552,7.686223306000045,52.273197689000028,1,05241031709700301284
05,5,66,092,2024,10,06,5,3,5,3,2,1,1,0,0,0,0,422439.042600000277162,5794477.447200000286102,7.862692334000030,52.295167252000056,0,05241031709700255661
05,5,66,012,2024,10,16,5,3,5,3,0,0,1,0,0,0,0,401232.645999999716878,5775424.036000000312924,7.557388248000052,52.120516382000062,0,05241031709110284386
05,5,66,008,2024,10,08,5,2,7,1,0,1,0,0,0,0,0,397789.369300000369549,5780758.091299999505281,7.505509092000068,52.167831280000030,1,05241031709110258149
05,5,58,024,2024,10,17,5,3,5,3,2,1,1,0,0,0,0,393034.504200000315905,5736958.693700000643730,7.449659823000047,51.773275202000036,0,05241031706000288026
05,5,58,028,2024,10,12,5,3,8,1,0,0,1,0,0,0,0,399782.961500000208616,5727430.503699999302626,7.550179105000041,51.688880193000045,0,05241031706000273489
05,5,54,032,2024,10,21,5,3,8,7,2,0,1,0,0,0,0,321125.875699999742210,5748471.030899999663234,6.402406287000076,51.858326244000068,0,05241031705000293015
05,5,54,004,2024,10,17,5,3,5,3,2,1,1,0,0,0,0,362165.525200000032783,5772902.048599999397993,6.988115096000058,52.089497208000068,0,05241031705000284606
05,5,15,000,2024,10,17,5,3,1,6,2,0,1,0,0,0,0,405562.971300000324845,5758079.027200000360608,7.625409235000063,51.965371058000073,0,05241031702100286184
05,5,15,000,2024,10,16,5,3,3,2,1,1,0,0,0,0,1,406630.883999999612570,5758715.395999999716878,7.640775564000023,51.971271436000052,0,05241031702100284294
05,5,15,000,2024,10,11,5,3,2,1,0,0,1,0,0,0,0,408243.281200000084937,5751412.815999999642372,7.666189453000072,51.905899927000064,0,05241031702100270243
05,5,62,004,2024,10,16,5,3,2,6,0,0,1,0,0,0,0,382983.642500000074506,5715807.107799999415874,7.311137904000020,51.581163826000079,0,05241031701800285659
05,5,62,004,2024,10,14,5,3,0,7,0,0,0,0,0,0,1,384703.456100000068545,5716753.092299999669194,7.335637402000032,51.590020599000070,0,05241031701800276647
05,5,62,014,2024,10,18,5,2,8,1,2,0,1,0,0,0,0,359951.293499999679625,5714881.796499999240041,6.979292070000042,51.567596866000031,1,05241031701300310790
05,5,62,020,2024,10,07,5,3,1,6,1,0,1,0,0,0,0,369837.834699999541044,5717439.437799999490380,7.120907390000070,51.592950659000053,1,05241031701200254892
05,5,62,032,2024,10,07,5,3,5,2,1,1,1,0,0,0,0,375252.554100000299513,5718995.856399999931455,7.198481197000035,51.608163419000050,0,05241031701110280892
05,5,62,032,2024,10,13,5,3,2,6,0,0,1,0,0,0,0,375221.576000000350177,5719097.953999999910593,7.197997732000033,51.609074117000034,0,05241031701110277628
05,5,13,000,2024,10,16,5,2,5,2,0,1,0,0,0,1,0,367832.850800000131130,5712895.181800000369549,7.093689005000044,51.551646313000049,0,05241031700000284095
05,5,12,000,2024,11,10,5,3,5,2,0,1,1,0,0,0,0,356681.899699999950826,5708631.095399999991059,6.934696852000059,51.510607780000043,0,05241107701400548329
05,5,12,000,2024,11,15,2,3,9,1,0,0,1,0,0,0,0,356237.434000000357628,5718303.528999999165535,6.924342619000072,51.597408944000051,1,05241111701400669986
05,5,66,076,2024,10,13,4,3,0,1,0,1,0,0,0,0,0,393096.000000000000000,5793846.913000000640750,7.432774116000076,52.284574711000062,1,05241030709500227933
05,5,66,008,2024,10,17,4,2,5,3,1,1,1,0,0,0,0,401081.268699999898672,5782889.026200000196695,7.553003794000062,52.187583579000034,0,05241030709110253411
05,5,66,012,2024,10,07,4,3,0,3,1,1,1,0,0,0,0,400772.741299999877810,5776390.770300000905991,7.550391171000058,52.129122924000058,1,05241030709110206909
05,5,54,008,2024,10,05,4,3,9,1,2,0,1,0,0,0,0,337105.765700000338256,5751061.930999999865890,6.633018334000042,51.886494626000058,1,05241030705000207272
05,5,54,056,2024,10,05,4,2,9,1,2,0,1,0,0,0,0,355468.872000000439584,5762374.992000000551343,6.894888018000074,51.993205489000047,1,05241030705000205130
05,5,62,032,2024,10,20,4,3,3,6,2,0,1,0,0,0,0,373091.450400000438094,5720681.176899999380112,7.166678728000022,51.622826363000058,0,05241030702340245933
05,5,62,004,2024,10,18,4,3,2,6,2,0,1,0,0,0,0,383419.242999999783933,5718622.383999999612570,7.316486474000044,51.606556958000056,0,05241030701800242229
05,5,62,004,2024,10,12,4,3,5,3,0,0,1,0,1,0,0,382792.888600000180304,5713902.672100000083447,7.309021480000069,51.564007702000026,1,05241030701800227352
05,5,62,012,2024,10,11,4,3,8,1,0,0,1,0,0,0,0,362868.197599999606609,5727512.059800000861287,7.016406670000038,51.681811281000080,1,05241030701610222540
05,5,62,014,2024,10,12,4,3,6,4,0,0,1,1,0,0,0,360421.826000000350177,5717740.293999999761581,6.984940494000057,51.593400107000036,0,05241030701300228575
05,5,62,032,2024,10,15,4,3,5,3,0,0,1,0,0,0,0,376257.588999999687076,5718729.770400000736117,7.213081514000066,51.605993826000031,0,05241030701110236153
05,5,13,000,2024,10,16,4,3,1,6,1,0,1,0,0,0,0,369966.614099999889731,5714272.482899999246001,7.123938055000053,51.564519674000053,1,05241030700000241467
05,5,13,000,2024,10,07,4,3,5,3,0,0,1,0,0,0,0,364901.918999999761581,5719327.627000000327826,7.048966175000032,51.608756614000072,1,05241030700000209466
05,5,70,020,2024,11,07,3,3,4,6,1,1,0,0,0,0,0,432809.329599999822676,5741493.432499999180436,8.025154260000022,51.820230937000076,0,05241126711400234638
05,5,70,008,2024,11,18,3,3,5,2,2,1,1,0,0,0,0,433711.815000000409782,5739028.071399999782443,8.038717738000059,51.798175172000072,1,05241126711300264796
05,5,70,032,2024,11,16,3,3,0,7,1,1,0,0,0,0,0,421251.624200000427663,5765730.055400000885129,7.851954800000044,52.036591263000048,1,05241126711100265630
05,5,70,032,2024,11,17,3,3,5,3,2,0,1,0,0,0,0,421193.801199999637902,5766626.662399999797344,7.850905327000021,52.044642726000063,1,05241126711100265129
05,5,66,088,2024,11,13,3,2,5,3,0,0,1,0,0,0,0,414660.236999999731779,5786249.244000000879169,7.750736734000043,52.220055414000058,0,05241126709800260038
05,5,58,032,2024,11,07,3,3,6,6,2,0,1,1,0,0,0,382584.121899999678135,5753986.869599999859929,7.292479938000042,51.924216475000037,0,05241126706000231117
05,5,54,020,2024,11,11,3,3,2,6,0,0,1,0,0,0,0,366622.073699999600649,5787875.798599999397993,7.047242003000065,52.225135827000031,1,05241126705000246308
05,5,13,000,2024,11,07,3,2,2,6,0,0,1,0,0,0,0,363088.526999999769032,5715779.285000000149012,7.024178941000059,51.576432384000043,0,05241126702340230999
05,5,15,000,2024,11,07,3,3,2,6,0,0,1,0,0,1,0,400296.588800000026822,5759063.852399999275804,7.548493575000066,51.973303199000043,0,05241126702330234296
05,5,15,000,2024,11,16,3,3,2,6,1,0,1,0,0,0,0,405467.951200000010431,5754965.643699999898672,7.624882981000042,51.937370448000081,1,05241126702100262271
05,5,15,000,2024,11,12,3,3,2,6,0,0,1,0,0,0,0,405577.618999999947846,5757028.459000000730157,7.625911174000066,51.955930587000068,0,05241126702100248697
05,5,62,036,2024,11,06,3,2,5,2,1,0,1,0,0,0,0,391647.639299999922514,5719495.857300000265241,7.434991136000065,51.616051449000054,0,05241126701930239776
05,5,62,032,2024,11,09,3,3,3,6,0,0,1,0,1,0,0,375210.462899999693036,5719170.374099999666214,7.197811547000072,51.609722501000078,0,05241126701110600868
05,5,62,032,2024,11,22,3,3,5,3,2,1,1,0,0,0,0,376445.357099999673665,5720063.011900000274181,7.215321623000023,51.618017152000050,1,05241126701110269730
05,5,62,032,2024,11,09,3,3,3,7,0,0,1,0,1,0,0,375210.227199999615550,5719171.942199999466538,7.197807587000057,51.609736542000064,1,05241126701110237746
05,5,70,052,2024,11,07,2,3,5,3,2,0,1,0,0,0,0,432151.179200000129640,5756895.036100000143051,8.012577046000047,51.958608684000069,0,05241125711100176714
05,5,66,076,2024,11,16,2,3,5,3,2,0,1,0,0,0,0,393925.406999999657273,5793275.266000000759959,7.445108325000035,52.279597903000081,1,05241125709500214139
05,5,66,068,2024,11,14,2,2,5,3,0,0,1,0,0,0,0,380111.816899999976158,5784173.570000000298023,7.245947582000042,52.194967685000051,1,05241125709300209919
05,5,66,084,2024,11,08,2,3,6,5,0,0,1,1,0,0,0,390188.847900000400841,5775367.550699999555945,7.396163972000068,52.117925459000048,0,05241125709300192758
05,5,66,012,2024,11,06,2,3,4,2,2,0,1,0,0,0,0,404398.036999999545515,5772425.982000000774860,7.604448968000042,52.094125973000075,0,05241125709110175615
05,5,58,012,2024,11,15,2,3,5,2,0,1,1,0,0,0,0,374017.457999999634922,5757057.075999999418855,7.166841294000051,51.949934216000031,1,05241125706000210282
05,5,54,008,2024,11,15,2,3,5,3,1,1,0,0,0,0,0,333846.163999999873340,5745558.598999999463558,6.588345062000030,51.836095300000068,1,05241125705000214604
05,5,54,068,2024,11,16,2,3,5,3,1,1,1,0,0,0,0,352399.533300000242889,5766984.400900000706315,6.848229832000072,52.033811984000067,1,05241125705000214145
05,5,54,028,2024,11,07,2,2,8,6,1,0,0,0,0,1,0,362710.315200000070035,5747154.401900000870228,7.006360347000054,51.858276541000066,0,05241125702340192224
05,5,15,000,2024,11,13,2,3,0,3,0,1,1,0,0,0,0,404667.343299999833107,5759980.123700000345707,7.611848869000028,51.982305924000059,0,05241125702100211245
05,5,15,000,2024,11,08,2,3,5,2,0,1,1,0,0,0,0,405488.487999999895692,5756404.430999999865890,7.624786122000046,51.950306408000074,0,05241125702100182506
05,5,62,008,2024,11,14,2,3,5,3,0,1,1,0,0,0,0,385059.179999999701977,5723603.789000000804663,7.338522443000045,51.651665718000061,1,05241125701910209372
05,5,13,000,2024,11,12,2,3,5,3,0,0,1,0,0,0,0,366840.158999999985099,5709340.794999999925494,7.080723886000044,51.519470974000058,1,05241125700000213066
05,5,70,008,2024,11,01,1,2,5,2,2,0,1,0,0,0,0,433025.196999999694526,5737706.418999999761581,8.029017446000069,51.786211724000054,1,05241124711300154228
05,5,54,012,2024,11,16,1,3,5,3,0,0,1,0,0,0,0,352387.365399999544024,5746415.103700000792742,6.856881548000047,51.848999213000070,0,05241124705000165680
05,5,54,020,2024,11,00,1,2,8,1,2,0,0,0,1,0,0,365863.331199999898672,5785911.125499999150634,7.036919166000075,52.207298310000056,1,05241124705000155373
05,5,13,000,2024,11,22,1,3,0,6,2,0,1,0,0,0,0,365593.826399999670684,5709232.045199999585748,7.062812559000065,51.518198502000075,0,05241124702340169955
05,5,13,000,2024,11,10,1,3,5,2,0,0,1,0,0,0,0,366965.127000000327826,5706142.468000000342727,7.083730422000031,51.490758069000037,0,05241124700000158727
05,5,70,028,2024,11,13,7,3,5,2,0,0,1,0,0,0,0,440283.774799999780953,5740389.706800000742078,8.133774424000023,51.811157016000038,0,05241123711400161960
05,5,70,020,2024,11,01,7,3,0,1,2,0,1,0,0,0,0,434128.379599999636412,5748873.453099999576807,8.042882404000068,51.886733859000060,2,05241123711400135347
05,5,70,032,2024,11,08,7,3,8,1,0,0,1,0,0,0,0,420754.416899999603629,5770432.332499999552965,7.843616736000058,52.078789377000078,2,05241123711100140486
05,5,70,036,2024,11,08,7,3,8,1,0,0,1,0,0,0,0,431691.803199999965727,5761113.984799999743700,8.005052828000032,51.996479257000033,2,05241123711100138819
05,5,70,024,2024,11,01,7,3,9,1,2,0,1,0,0,0,0,418944.484500000253320,5752667.580600000917912,7.821413043000064,51.918839114000036,2,05241123711100136386
05,5,66,076,2024,11,22,7,3,5,3,2,0,1,0,0,0,0,392142.908999999985099,5789454.450999999418855,7.420211352000024,52.244912873000033,1,05241123709500152915
05,5,66,076,2024,11,23,7,3,6,3,2,0,1,1,0,0,0,392345.997000000439584,5794444.285000000149012,7.421592662000023,52.289796959000057,1,05241123709500151786
05,5,66,008,2024,11,15,7,3,2,7,0,0,1,0,0,0,0,393630.956699999980628,5781982.014100000262260,7.444346187000065,52.178045351000037,0,05241123709110144880
05,5,66,064,2024,11,02,7,3,0,1,2,1,0,0,0,0,0,396051.983000000007451,5771526.315999999642372,7.482936003000020,52.084535237000068,0,05241123709000135935
05,5,13,000,2024,11,07,7,3,3,6,1,0,1,0,0,1,0,370640.803700000047684,5715236.634500000625849,7.133304443000043,51.573339407000049,1,05241123702340138068
05,5,15,000,2024,11,06,7,3,1,7,2,0,1,0,0,0,0,406580.290500000119209,5757179.411699999123812,7.640457117000039,51.957456771000068,1,05241123702100138446
05,5,62,012,2024,11,21,7,3,5,2,2,0,1,0,0,0,0,357104.893400000408292,5729897.840900000184774,6.932121475000031,51.701812086000075,1,05241123701610151744
05,5,62,024,2024,11,00,7,3,9,1,2,0,1,0,0,0,0,363689.914200000464916,5726312.121899999678135,7.028753459000029,51.671228532000043,2,05241123701500134808
05,5,66,048,2024,11,16,6,3,2,6,1,0,1,0,0,0,1,427819.589999999850988,5796468.597999999299645,7.941147402000070,52.313798921000057,1,05241122709700126879
05,5,66,028,2024,11,15,6,3,5,3,0,1,1,0,0,0,0,409665.605000000447035,5796799.619999999180436,7.674817630000064,52.314087339000082,1,05241122709700126023
05,5,66,016,2024,11,18,6,3,2,6,2,0,1,0,0,0,0,402095.709999999962747,5792474.649100000038743,7.565062519000037,52.273918144000049,1,05241122709500129032
05,5,66,080,2024,11,15,6,1,4,6,0,0,1,0,0,1,0,408216.673799999989569,5783269.749800000339746,7.657246076000035,52.192239292000068,1,05241122709110127968
05,5,54,020,2024,11,06,6,3,2,6,2,0,1,0,0,0,0,365250.216000000014901,5785969.063999999314547,7.027928957000029,52.207669348000081,2,05241122705000234093
05,5,54,016,2024,11,18,6,3,5,3,2,0,1,0,0,0,0,364324.773000000044703,5756359.310100000351667,7.026166628000055,51.941384671000037,1,05241122705000129312
05,5,54,008,2024,11,06,6,3,4,6,1,0,1,0,0,0,0,331668.343399999663234,5745448.349999999627471,6.556819334000068,51.834452860000056,2,05241122705000110017
05,5,54,008,2024,11,07,6,3,0,1,0,1,0,0,0,0,0,336070.575000000186265,5743080.737999999895692,6.621774392000020,51.814492782000059,2,05241122705000105940
05,5,54,052,2024,11,06,6,3,8,1,2,0,1,0,0,0,0,377381.953300000168383,5773612.047599999234080,7.209839902000056,52.099458029000061,2,05241122705000097166
05,5,62,032,2024,11,15,6,3,2,6,0,0,1,0,0,0,1,374242.483900000341237,5718163.244599999859929,7.184200891000046,51.600456010000073,1,05241122702340129980
05,5,62,014,2024,11,10,6,3,0,6,0,0,1,0,0,0,0,357177.057500000111759,5713749.672800000756979,6.939751252000065,51.556727993000038,0,05241122702340114659
05,5,62,032,2024,11,06,6,2,0,1,2,0,0,0,1,0,0,373798.215200000442564,5718999.532199999317527,7.177488664000066,51.607872366000038,2,05241122702340113620
05,5,15,000,2024,11,07,6,3,6,3,1,0,1,1,0,0,0,405361.825000000186265,5755733.300000000745058,7.623128425000061,51.944252450000079,1,05241122702100100185
05,5,15,000,2024,11,07,6,3,2,1,1,0,1,0,0,0,0,408811.214999999850988,5762078.420900000259280,7.671612309000068,52.001862205000066,1,05241122702100099877
05,5,15,000,2024,11,07,6,3,6,2,2,0,1,1,0,0,0,404650.800999999977648,5760745.922000000253320,7.611395178000066,51.989186339000071,1,05241122702100099596
05,5,62,036,2024,11,17,6,3,6,4,2,0,1,1,0,0,0,389591.624200000427663,5719080.641799999400973,7.405437751000022,51.611919942000043,1,05241122701930128253
05,5,62,028,2024,11,22,6,2,5,3,2,0,1,0,0,0,0,381145.808000000193715,5721998.967000000178814,7.282526499000028,51.636428724000041,1,05241122701920133554
05,5,12,000,2024,11,17,6,3,5,3,2,0,1,0,0,0,1,357004.582000000402331,5711638.982999999076128,6.938122821000036,51.537718009000059,1,05241122701400127726
05,5,62,014,2024,11,16,6,3,5,2,2,0,1,0,0,0,0,360018.438699999824166,5715775.161900000646710,6.979904300000044,51.575641341000050,1,05241122701300128555
05,5,62,020,2024,11,05,6,3,1,6,2,0,1,0,0,0,0,371419.314100000075996,5715556.283800000324845,7.144415236000043,51.576390158000038,0,05241122701200112231
05,5,13,000,2024,11,14,6,3,5,7,0,1,0,0,0,0,0,366377.599700000137091,5715352.269500000402331,7.071777932000032,51.573384252000039,1,05241122700000126435
05,5,70,004,2024,11,07,5,3,5,3,1,1,1,0,0,0,0,425354.997000000439584,5735345.346000000834465,7.918344870000055,51.764015582000070,0,05241121711200342992
05,5,66,028,2024,11,17,5,3,5,3,2,1,1,0,0,0,0,414698.728000000119209,5792115.345000000670552,7.749818742000059,52.272788479000042,1,05241121709700085669
05,5,66,076,2024,11,22,5,2,5,3,2,1,1,0,0,0,0,393190.497999999672174,5793312.538000000640750,7.434328219000065,52.279790567000077,1,05241121709500092338
05,5,66,076,2024,11,17,5,2,2,6,2,0,1,0,1,0,0,393660.209400000050664,5792978.456299999728799,7.441316098000073,52.276879175000033,0,05241121709500084811
05,5,66,008,2024,11,07,5,3,0,7,0,0,0,0,1,0,0,398432.312900000251830,5780029.673100000247359,7.515124541000034,52.161403186000030,1,05241121709110054462
05,5,58,012,2024,11,17,5,3,3,6,1,1,0,0,1,0,0,373773.592899999581277,5756292.447599999606609,7.163575553000044,51.943007659000045,1,05241121706200084806
05,5,54,068,2024,11,13,5,3,5,3,0,0,1,0,0,0,1,352229.914900000207126,5771141.804300000891089,6.843961009000054,52.071119058000079,1,05241121705000186270
05,5,54,056,2024,11,16,5,3,2,2,2,0,1,0,0,0,0,356955.054200000129640,5760799.772800000384450,6.917175808000025,51.979436856000063,1,05241121705000094815
05,5,54,008,2024,11,09,5,3,5,2,0,1,1,0,0,0,0,335178.799300000071526,5745855.236700000241399,6.607528136000042,51.839154936000057,1,05241121705000060103
05,5,54,008,2024,11,07,5,3,5,2,1,1,1,0,0,0,0,335890.969399999827147,5747130.347200000658631,6.617250961000025,51.850819505000061,0,05241121705000053775
05,5,13,000,2024,11,14,5,2,2,6,0,0,1,0,0,0,1,369086.733099999837577,5711284.213400000706315,7.112363079000033,51.537461240000027,0,05241121702340085558
05,5,12,000,2024,11,15,5,3,2,6,0,0,1,0,0,0,1,357051.709599999710917,5713776.139299999922514,6.937933584000064,51.556934066000053,1,05241121702340084788
05,5,15,000,2024,11,20,5,3,2,7,2,0,1,0,0,0,0,411506.292999999597669,5754934.427999999374151,7.712703399000077,51.938082921000046,0,05241121702100091177
05,5,15,000,2024,11,11,5,1,0,1,0,1,0,0,0,0,0,404148.737900000065565,5759140.769600000232458,7.604534274000059,51.974672306000059,1,05241121702100064798
05,5,62,028,2024,11,06,5,3,6,2,2,0,0,1,0,1,0,380574.729799999855459,5721710.474300000816584,7.274376721000067,51.633714955000073,1,05241121701920050851
05,5,13,000,2024,11,07,2,3,9,1,2,0,1,0,0,0,0,363213.342899999581277,5713674.552500000223517,7.026798267000061,51.557548958000041,0,05241125702340186783
05,5,62,004,2024,11,15,5,2,4,2,1,0,1,0,0,0,0,382628.394000000320375,5712005.501000000163913,7.307282605000069,51.546922260000031,0,05241121701800083611
05,5,62,004,2024,11,14,5,3,1,6,0,0,1,0,0,0,0,383198.143799999728799,5714641.173399999737740,7.314620017000038,51.570729234000055,0,05241121701800083608
05,5,62,032,2024,11,13,5,3,6,4,0,0,1,1,0,0,0,377629.347000000067055,5715049.807000000029802,7.234163463000073,51.573220622000065,0,05241121701120082110
05,5,58,016,2024,11,14,4,2,8,1,0,0,1,0,0,0,0,378266.969999999739230,5747317.899800000712276,7.232083768000052,51.863356360000068,1,05241120706000035044
05,5,54,008,2024,11,19,4,3,9,1,2,0,1,0,0,0,0,327970.095300000160933,5746859.309100000187755,6.502495449000037,51.846000349000064,2,05241120705000044384
05,5,54,036,2024,11,16,4,3,2,6,1,0,1,0,0,0,0,367382.186800000257790,5768343.099300000816584,7.065982884000050,52.049806327000056,2,05241120705000037223
05,5,54,032,2024,11,14,4,1,4,1,0,0,1,0,0,0,0,324481.246000000275671,5747629.917300000786781,6.451507235000065,51.851836414000047,1,05241120705000037067
05,5,15,000,2024,11,17,4,3,5,2,2,1,1,0,0,0,0,404563.849000000394881,5756315.981000000610948,7.611360737000041,51.949353499000040,1,05241120702100040938
05,5,15,000,2024,11,12,4,3,6,4,0,0,1,1,0,0,0,404650.599000000394881,5760639.563999999314547,7.611421810000024,51.988230323000039,0,05241120702100021157
05,5,15,000,2024,11,07,4,3,5,3,2,1,1,0,0,0,0,404727.280000000260770,5761217.333000000566244,7.612377626000068,51.993436661000032,1,05241120702100016573
05,5,62,004,2024,11,07,4,2,5,3,2,0,1,0,1,0,0,384578.786600000225008,5716561.941500000655651,7.333901418000039,51.588277051000034,1,05241120701800004958
05,5,62,012,2024,11,17,4,3,8,1,0,0,1,0,0,0,0,361174.456500000320375,5728028.432099999859929,6.991717686000072,51.686035231000062,1,05241120701610038391
05,5,62,020,2024,11,17,4,3,6,2,2,0,1,1,0,0,0,370639.807000000029802,5717636.899000000208616,7.132405662000053,51.594909922000056,1,05241120701200040024
05,5,13,000,2024,11,06,4,3,2,6,2,0,0,0,1,1,0,368576.054999999701977,5707583.892000000923872,7.106384057000071,51.504088612000032,0,05241120700000005613
05,5,15,000,2024,11,14,5,3,0,7,0,0,1,1,0,0,0,400331.677600000053644,5761354.366299999877810,7.548338708000074,51.993896853000081,1,05241121702100085136
05,5,70,048,2024,11,14,4,3,5,3,0,1,1,0,0,0,0,451270.553500000387430,5726098.022500000894070,8.295133548000024,51.683731141000067,1,05241120711300034887
05,5,70,004,2024,11,06,3,3,8,1,2,0,1,0,0,0,0,427725.366299999877810,5735502.570000000298023,7.952654077000034,51.765739998000072,1,05241119711200959102
05,5,58,024,2024,11,09,3,3,5,7,0,0,1,0,0,0,1,392838.559500000439584,5737144.126800000667572,7.446763730000043,51.774904395000078,1,05241119706300962407
05,5,58,012,2024,11,19,3,3,4,6,2,1,0,0,0,0,1,372886.739099999889731,5756254.140000000596046,7.150694421000026,51.942461505000040,0,05241119706200996772
05,5,58,020,2024,11,08,3,2,4,6,1,0,1,0,0,0,0,391100.739299999549985,5761205.384099999442697,7.413991468000063,51.990824517000078,1,05241119706200973785
05,5,58,016,2024,11,16,3,3,5,3,2,1,1,0,0,0,0,379730.820700000040233,5741838.781300000846386,7.255237297000065,51.814432824000050,1,05241119706100993897
05,5,58,016,2024,11,07,3,3,5,2,2,1,1,0,0,0,0,382096.677600000053644,5742918.701400000602007,7.289174805000073,51.824642385000061,1,05241119706100956577
05,5,58,016,2024,11,05,3,3,6,2,2,0,1,1,0,0,0,382102.957999999634922,5744734.537000000476837,7.288647260000062,51.840962993000062,1,05241119706100951732
05,5,54,012,2024,11,12,3,3,0,3,0,1,1,0,0,0,0,352833.172299999743700,5746054.954399999231100,6.863502425000036,51.845880992000048,1,05241119705000993326
05,5,54,040,2024,11,16,3,3,0,2,1,1,0,0,0,0,0,352527.938000000081956,5735640.791999999433756,6.863503549000029,51.752229227000043,1,05241119705000992974
05,5,54,012,2024,11,15,3,3,5,3,0,1,1,0,0,0,0,352278.618800000287592,5745786.127100000157952,6.855572584000072,51.843319163000047,1,05241119705000989754
05,5,54,068,2024,11,07,3,2,6,2,1,0,1,1,0,0,0,350748.313000000081956,5765645.920700000599027,6.824760248000075,52.021344596000063,1,05241119705000961698
05,5,54,064,2024,11,03,3,3,5,3,2,0,1,0,0,0,0,362612.819000000134110,5751518.968000000342727,7.003208256000050,51.897471168000038,1,05241119705000951092
05,5,66,088,2024,11,14,3,3,8,1,0,0,1,0,0,0,0,422892.457600000314415,5786275.562400000169873,7.871213053000076,52.221505870000044,1,05241119702350989252
05,5,54,016,2024,11,18,3,2,9,1,2,0,1,0,0,0,1,366093.233400000259280,5762283.363800000399351,7.049568034000060,51.995045436000055,1,05241119702340994640
05,5,62,032,2024,11,07,3,3,2,6,2,0,1,0,0,0,0,374162.338299999944866,5718347.108999999240041,7.182978335000030,51.602090507000071,1,05241119702340956255
05,5,15,000,2024,11,20,3,3,0,1,2,0,1,0,0,0,0,412166.518000000156462,5759474.415999999269843,7.721144127000059,51.978996493000068,1,05241119702100995336
05,5,15,000,2024,11,15,3,3,6,4,0,0,1,1,0,0,0,404267.416899999603629,5754493.114499999210238,7.607556367000029,51.932917923000048,2,05241119702100986884
05,5,15,000,2024,11,13,3,3,1,3,1,1,1,0,0,0,0,406537.615799999795854,5757657.203700000420213,7.639706258000047,51.961744226000064,1,05241119702100984977
05,5,15,000,2024,11,05,3,3,5,3,2,0,1,0,0,0,1,405575.873999999836087,5757005.475999999791384,7.625892104000059,51.955723709000040,1,05241119702100951438
05,5,62,036,2024,11,06,3,2,5,2,2,1,1,0,0,0,0,389291.898400000296533,5720238.091099999845028,7.400745111000049,51.622264284000039,1,05241119701930954319
05,5,62,004,2024,11,13,3,3,5,3,0,1,1,0,0,0,0,382819.129399999976158,5713911.796000000089407,7.309396844000048,51.564095158000043,1,05241119701800980566
05,5,62,004,2024,11,13,3,3,5,2,0,0,1,0,1,0,0,382847.234799999743700,5713391.256799999624491,7.309975618000067,51.559422538000035,1,05241119701800980257
05,5,62,012,2024,11,11,3,3,2,2,0,0,1,0,0,0,0,360427.966699999757111,5731327.020099999383092,6.979605813000035,51.715490721000037,1,05241119701620972724
05,5,12,000,2024,11,07,3,3,6,2,1,0,1,1,0,0,0,356176.397900000214577,5709571.171700000762939,6.927033816000062,51.518926691000047,1,05241119701400956069