ULAND,UREGBEZ,UKREIS,UGEMEINDE,UJAHR,UMONAT,USTUNDE,UWOCHENTAG,UKATEGORIE,UART,UTYP1,ULICHTVERH,IstRad,IstPKW,IstFuss,IstKrad,IstGkfz,IstSonstige,LINREFX,LINREFY,XGCSWGS84,YGCSWGS84,STRZUSTAND,UIDENTSTLAE
05,5,62,032,2024,11,21,3,3,5,2,2,0,1,0,0,0,1,375622.735700000077486,5719686.540699999779463,7.203579202000071,51.614452584000048,0,05241119701110996631
05,5,62,032,2024,11,16,3,3,5,3,2,1,1,0,0,0,0,375623.259899999946356,5719685.990599999204278,7.203586965000056,51.614447756000061,1,05241119701110990413
05,5,12,000,2024,11,14,6,3,5,2,0,0,1,0,0,0,0,360244.757600000128150,5711391.737099999561906,6.984910207000041,51.536307729000043,1,05241122701400125569
05,5,66,076,2024,11,17,2,3,5,2,2,0,1,0,0,0,0,400380.552000000141561,5794344.929899999871850,7.539380328000050,52.290419390000068,0,05241118709500945009
05,5,66,084,2024,11,10,2,3,1,1,0,0,1,0,0,0,0,391572.076700000092387,5771550.027400000020862,7.417573130000051,52.083888967000064,1,05241118709300922299
05,5,15,000,2024,11,07,6,3,5,3,2,1,1,0,0,0,0,407656.693300000391901,5758344.354299999773502,7.655804160000059,51.968107703000044,2,05241122702100100441
05,5,66,012,2024,11,07,2,2,6,2,1,0,1,1,0,0,0,405136.326000000350177,5771420.770999999716878,7.615502448000029,52.085218004000069,1,05241118709110904887
05,5,66,012,2024,11,07,2,3,5,2,1,1,1,0,0,0,0,401306.314000000245869,5775285.589999999850988,7.558504037000034,52.119285196000078,0,05241118709000930187
05,5,58,032,2024,11,15,2,3,6,4,0,0,1,1,0,0,0,391770.358000000007451,5750444.794999999925494,7.427126774000044,51.894243014000040,0,05241118706100962692
05,5,58,024,2024,11,12,2,3,2,2,0,0,1,0,0,0,0,387851.497999999672174,5737416.173900000751019,7.374422287000073,51.776372448000075,0,05241118706000925401
05,5,54,004,2024,11,16,2,3,5,3,2,1,1,0,0,0,0,359684.238499999977648,5771002.119599999859929,6.952703601000053,52.071802709000053,0,05241118705000941773
05,5,54,008,2024,11,07,2,3,5,3,1,1,1,0,0,0,0,335200.431800000369549,5742178.806800000369549,6.609591424000030,51.806134502000077,1,05241118705000931617
05,5,13,000,2024,11,08,5,2,9,7,0,0,1,0,0,0,0,365508.754599999636412,5714002.332800000905991,7.059764500000028,51.561046498000053,1,05241121700000060755
05,5,15,000,2024,11,07,2,3,0,7,0,0,0,0,0,0,1,401962.346099999733269,5757307.503799999132752,7.573237318000054,51.957813100000067,0,05241118702100946123
05,5,15,000,2024,11,11,2,3,6,4,0,1,0,1,0,0,0,405967.703499999828637,5757861.768699999898672,7.631358038000030,51.963486851000027,0,05241118702100922636
05,5,15,000,2024,11,07,2,3,5,3,1,1,1,0,0,0,0,403013.915000000037253,5758689.755000000819564,7.588145603000044,51.970421572000078,1,05241118702100906040
05,5,15,000,2024,11,05,2,3,9,7,2,0,1,0,0,0,0,403218.821000000461936,5752390.949999999254942,7.592900371000042,51.913841551000075,1,05241118702100905514
05,5,62,004,2024,11,14,2,3,1,5,0,1,1,0,0,0,0,382880.378399999812245,5713075.548200000077486,7.310558681000032,51.556591919000027,0,05241118701800936117
05,5,12,000,2024,11,07,2,3,5,3,0,1,1,0,0,0,0,355480.514700000174344,5717454.838999999687076,6.913771461000067,51.589589257000057,0,05241118701400920718
05,5,13,000,2024,11,17,2,3,3,6,2,0,1,0,0,0,0,363532.811900000087917,5712062.564999999478459,7.032029162000072,51.543140468000047,1,05241118700000942190
05,5,54,032,2024,11,09,2,3,8,1,0,0,0,0,0,1,0,328679.010700000450015,5746317.103599999099970,6.513045454000064,51.841347831000064,0,05241125705000186888
05,5,58,036,2024,11,18,1,3,5,3,2,0,1,0,0,0,0,388929.379300000146031,5729678.490700000897050,7.392509812000071,51.707042586000057,0,05241124706000167137
05,5,66,032,2024,11,11,1,2,5,7,0,0,1,0,0,0,0,416928.322999999858439,5774534.469000000506639,7.786798040000065,52.115101775000028,1,05241117709800891993
05,5,66,028,2024,11,02,1,3,8,1,2,0,0,0,0,0,1,408547.219999999739230,5794869.303999999538064,7.658940449000056,52.296552451000082,1,05241117709700886110
05,5,66,068,2024,11,02,1,1,4,6,2,0,1,0,0,0,0,372737.098000000230968,5785333.886700000613928,7.137674063000077,52.203741408000042,1,05241117709300886470
05,5,58,024,2024,11,02,1,3,2,6,2,0,1,0,0,0,0,381130.597799999639392,5738096.767400000244379,7.276816857000028,51.781102061000070,1,05241117706300886373
05,5,58,020,2024,11,19,1,3,4,1,2,0,1,0,0,0,0,390114.838600000366569,5761068.721100000664592,7.399682635000033,51.989402083000073,1,05241117706000898990
05,5,54,068,2024,11,01,1,3,4,6,2,1,0,0,0,0,0,351884.125000000000000,5767607.797000000253320,6.840451814000062,52.039275484000029,1,05241117705000942872
05,5,66,012,2024,11,13,1,3,8,1,0,0,1,0,0,0,0,406100.188799999654293,5769806.337099999189377,7.630009642000061,52.070871393000061,1,05241117702350892571
05,5,13,000,2024,11,11,1,3,3,1,0,0,1,0,0,0,0,366367.324699999764562,5709981.339999999850988,7.073669966000068,51.525115636000066,1,05241117702340890922
05,5,15,000,2024,11,10,6,3,0,2,0,0,1,0,0,0,1,406331.104000000283122,5758856.544999999925494,7.636374322000052,51.972489705000044,0,05241122702100123443
05,5,62,014,2024,11,16,1,3,5,3,2,0,1,0,0,0,0,359424.428500000387430,5714891.152100000530481,6.971691516000021,51.567549837000058,1,05241117701300895231
05,5,62,020,2024,11,14,1,3,5,2,0,0,1,1,0,0,0,371307.125699999742210,5717685.231899999082088,7.142016656000067,51.595497127000044,0,05241117701200895793
05,5,62,008,2024,11,14,4,3,5,2,0,1,1,0,0,0,0,384551.824699999764562,5721722.434100000187755,7.331812717000048,51.634652721000066,1,05241120701910035020
05,5,15,000,2024,11,14,2,3,3,6,0,1,0,0,0,0,0,406570.047600000165403,5757655.769300000742078,7.640178531000061,51.961736784000038,0,05241118702100937173
05,5,70,052,2024,11,18,7,3,2,2,2,0,1,0,0,0,0,432066.199199999682605,5755861.921000000089407,8.011544764000064,51.949310924000031,0,05241116711100879625
05,5,66,032,2024,11,14,7,3,9,1,0,0,1,0,0,0,0,415351.411000000312924,5777998.813999999314547,7.762911866000024,52.146002438000039,0,05241116709800877199
05,5,66,076,2024,11,12,7,3,0,1,0,1,0,0,0,0,0,394069.325100000016391,5791644.628799999132752,7.447729212000070,52.264970732000052,0,05241116709500887836
05,5,58,020,2024,11,19,7,3,5,3,2,0,1,0,0,0,0,392119.878299999982119,5756891.660299999639392,7.430183825000029,51.952253290000044,1,05241116706000882541
05,5,15,000,2024,11,11,7,3,3,7,0,1,0,0,0,0,0,405444.530299999751151,5756210.340099999681115,7.624200099000063,51.948554363000028,0,05241116702100871997
05,5,15,000,2024,11,00,7,2,0,1,2,1,0,0,0,0,0,406371.526999999769032,5757048.964999999850988,7.637455446000047,51.956249142000047,0,05241116702100865582
05,5,62,012,2024,11,10,7,3,5,2,0,1,1,0,0,0,0,358622.654299999587238,5727751.330399999395013,6.954940072000056,51.682908599000029,0,05241116701610870410
05,5,13,000,2024,11,14,7,3,0,1,0,0,0,0,0,0,1,368745.294099999591708,5711914.640900000929832,7.107207667000068,51.543047450000074,0,05241116700000875710
05,5,13,000,2024,11,14,7,3,5,3,0,1,1,0,0,0,0,363288.200500000268221,5712111.750499999150634,7.028484799000069,51.543523266000079,0,05241116700000875662
05,5,54,016,2024,11,09,1,3,0,6,0,0,1,0,1,0,0,365726.739799999631941,5757420.437200000509620,7.046135435000053,51.951259843000059,1,05241117702340889844
05,5,70,020,2024,11,15,6,3,2,6,0,0,1,0,0,0,0,427840.827800000086427,5741546.370799999684095,7.953069529000061,51.820087307000051,0,05241115711400858322
05,5,70,052,2024,11,14,6,3,5,2,0,1,0,0,0,0,1,430930.828200000338256,5755883.423100000247359,7.995023210000056,51.949364389000038,0,05241115711100855216
05,5,66,012,2024,11,22,6,3,0,3,2,1,1,0,0,0,0,400792.671199999749660,5776278.994699999690056,7.550714827000036,52.128121876000080,0,05241115709110864477
05,5,58,008,2024,11,16,6,2,0,1,0,1,0,0,0,0,0,382716.292100000195205,5760316.309599999338388,7.292240968000044,51.981127257000026,1,05241115706000863002
05,5,54,004,2024,11,06,6,2,5,3,2,0,1,0,0,0,0,360510.533200000412762,5767320.535199999809265,6.966254765000031,52.038931663000028,1,05241115705000832318
05,5,15,000,2024,11,07,6,3,2,6,0,0,1,0,0,0,0,408964.218999999575317,5756241.442999999970198,7.675388919000056,51.949421125000072,0,05241115702100830775
05,5,13,000,2024,11,19,6,3,1,6,2,0,1,0,0,0,0,364572.535899999551475,5713887.153300000354648,7.046310948000041,51.559787430000029,0,05241115700000862537
05,5,66,028,2024,11,17,6,3,0,1,2,0,0,0,1,0,0,414213.746299999766052,5791267.483899999409914,7.742928269000060,52.265092124000034,1,05241115709700858295
05,5,70,020,2024,11,15,5,3,8,7,0,0,1,0,0,0,0,438024.018000000156462,5746585.945699999108911,8.099889174000054,51.866615812000077,0,05241114711400817725
05,5,70,008,2024,11,19,5,2,2,5,2,0,1,0,0,0,0,433841.024600000120699,5735551.066800000146031,8.041254046000063,51.766932091000058,1,05241114711300818321
05,5,70,008,2024,11,06,5,3,5,3,2,0,1,0,0,1,0,433015.860100000165403,5737711.327500000596046,8.028881155000022,51.786254733000078,1,05241114711300779084
05,5,70,004,2024,11,19,5,3,5,3,2,0,1,0,1,0,0,423835.513799999840558,5734525.722200000658631,7.896510569000043,51.756442808000031,0,05241114711200817110
05,5,70,052,2024,11,12,5,3,5,3,0,0,1,0,0,0,0,429940.504999999888241,5757455.960200000554323,7.980295486000045,51.963377009000055,1,05241114711100799903
05,5,66,012,2024,11,03,5,3,8,1,2,0,0,0,0,1,0,405969.610000000335276,5777172.174000000581145,7.626071753000076,52.137054968000029,1,05241114709110775085
05,5,58,044,2024,11,15,5,3,5,3,0,1,1,0,0,0,0,397016.428999999538064,5746250.871999999508262,7.504589023000051,51.857541782000055,0,05241114706000814177
05,5,58,012,2024,11,06,5,3,5,3,2,1,1,0,0,0,0,372886.256599999964237,5756255.378799999132752,7.150686947000054,51.942472528000053,1,05241114706000777990
05,5,54,008,2024,11,11,5,3,1,7,0,0,1,0,0,0,0,335167.213200000114739,5742014.393999999389052,6.609188223000046,51.804647721000038,0,05241114705000798578
05,5,54,064,2024,11,08,5,3,5,3,0,1,1,0,0,0,0,356006.634700000286102,5751294.589800000190735,6.907354944000076,51.893787426000074,1,05241114705000795208
05,5,54,044,2024,11,09,5,3,1,5,0,0,1,0,0,0,0,365225.055999999865890,5739091.798000000417233,7.045992816000023,51.786439050000070,1,05241114705000790928
05,5,54,048,2024,11,07,5,3,2,6,0,0,1,0,0,0,0,340508.284799999557436,5744228.742900000885129,6.685568871000044,51.826090169000054,1,05241114705000787621
05,5,54,008,2024,11,07,5,3,5,2,1,0,1,0,0,0,1,335412.368999999947846,5745993.911900000646710,6.610849372000075,51.840469590000055,1,05241114705000780770
05,5,15,000,2024,11,17,5,2,8,7,2,0,1,0,0,0,0,411980.185600000433624,5760080.301400000229478,7.718276406000030,51.984413150000080,1,05241114702100816633
05,5,15,000,2024,11,17,5,3,3,6,2,1,1,0,0,0,0,405611.603099999949336,5756975.121099999174476,7.626420230000065,51.955456932000061,0,05241114702100814569
05,5,15,000,2024,11,13,5,3,1,7,0,0,1,0,0,0,0,405945.426500000059605,5752572.543400000780821,7.632480466000061,51.915940960000057,0,05241114702100804869
05,5,15,000,2024,11,07,5,3,3,7,2,1,0,0,0,0,0,404042.560800000093877,5758120.912100000306964,7.603274044000045,51.965487167000049,1,05241114702100781565
05,5,62,028,2024,11,17,5,3,3,2,2,1,1,0,0,0,0,378149.082999999634922,5722246.675000000745058,7.239158573000054,51.638013759000046,0,05241114701920816460
05,5,62,008,2024,11,10,5,3,2,6,0,0,1,0,0,0,0,385716.549100000411272,5723648.468900000676513,7.348005890000024,51.652201309000077,1,05241114701910790790
05,5,62,032,2024,11,07,5,3,2,6,1,0,1,0,0,0,0,375446.477300000376999,5718428.215500000864267,7.201481854000065,51.603104887000029,1,05241114701110780419
05,5,13,000,2024,11,06,5,3,5,3,2,1,1,0,0,0,0,365097.975999999791384,5718770.740000000223517,7.052010044000042,51.603799233000075,1,05241114700000777424
05,5,15,000,2024,11,22,2,3,7,6,2,0,0,0,0,1,1,401557.492499999701977,5761486.642599999904633,7.566148538000050,51.995304421000071,0,05241118702350949907
05,5,62,012,2024,11,06,6,3,0,1,2,0,0,0,1,0,0,363927.577899999916553,5722040.612700000405312,7.033850290000032,51.632901551000032,2,05241122702340118283
05,5,15,000,2024,11,12,3,3,1,1,0,0,1,0,0,0,0,405051.218799999915063,5756576.969200000166893,7.618377852000037,51.951782780000030,1,05241119702100977125
05,5,70,048,2024,11,09,4,3,2,6,0,0,1,0,0,1,0,450322.555499999783933,5725945.714099999517202,8.281443683000020,51.682278703000065,1,05241113711300743446
05,5,66,076,2024,11,14,4,3,5,2,0,0,1,0,0,1,0,391128.945700000040233,5791484.348699999973178,7.404711501000065,52.262956094000060,1,05241113709500762192
05,5,66,084,2024,11,08,4,3,5,3,0,0,1,0,1,0,0,386465.166000000201166,5778959.019999999552965,7.340603264000038,52.149449834000052,1,05241113709300736491
05,5,66,012,2024,11,17,4,3,9,1,2,0,1,0,0,0,0,411512.462100000120699,5766685.577999999746680,7.709760430000074,52.043711418000044,1,05241113709110768026
05,5,66,012,2024,11,05,4,3,9,6,1,0,0,0,0,1,1,412260.534300000406802,5772415.049200000241399,7.719192272000043,52.095330284000056,1,05241113709110731881
05,5,54,004,2024,11,07,4,3,2,1,0,0,1,0,0,0,0,361178.433600000105798,5768204.710500000044703,6.975627076000023,52.047043840000072,1,05241113705000745846
05,5,15,000,2024,11,16,4,3,2,6,1,0,0,0,0,1,1,400483.120400000363588,5754682.485099999234080,7.552477092000061,51.933956223000052,1,05241113702330766444
05,5,15,000,2024,11,01,4,3,8,1,2,0,1,0,0,0,0,403890.259999999776483,5754716.506999999284744,7.602009919000068,51.934860857000047,0,05241113702330727406
05,5,15,000,2024,11,21,4,3,0,6,2,0,0,0,1,0,0,398342.674999999813735,5759461.307000000029802,7.519940457000075,51.976521547000061,1,05241113702100772439
05,5,15,000,2024,11,14,4,3,2,6,0,0,1,0,0,0,0,407300.970999999903142,5761121.642999999225140,7.649877231000062,51.993012128000032,0,05241113702100765755
05,5,15,000,2024,11,15,4,3,5,3,0,0,1,0,0,0,1,404519.719999999739230,5759081.983999999240041,7.609949908000033,51.974207785000033,1,05241113702100764840
05,5,62,036,2024,11,13,4,3,4,2,0,0,1,0,0,0,0,390097.980000000447035,5720332.687000000849366,7.412355004000062,51.623272517000032,0,05241113701930763166
05,5,62,036,2024,11,06,4,2,5,2,2,0,1,0,0,0,0,391681.975999999791384,5722230.338999999687076,7.434641033000048,51.640636052000048,0,05241113701930731550
05,5,12,000,2024,11,12,4,3,3,6,0,0,1,0,0,0,0,355363.211099999956787,5710428.917400000616908,6.914969365000047,51.526426537000077,0,05241113701400757314
05,5,62,014,2024,11,20,4,3,1,7,2,0,1,0,0,0,0,362162.975700000301003,5711420.032999999821186,7.012539323000055,51.537033629000064,1,05241113701300771535
05,5,62,032,2024,11,09,4,3,5,3,0,1,1,0,0,0,0,374202.309000000357628,5718067.619999999180436,7.183655419000047,51.599587655000050,0,05241113701110748071
05,5,13,000,2024,11,17,4,3,5,2,2,0,1,0,0,0,0,363222.110999999567866,5719738.569000000134110,7.024562133000074,51.612043879000055,1,05241113700000768416
05,5,13,000,2024,11,07,4,3,0,7,0,0,0,0,0,0,1,367265.345200000330806,5708981.249800000339746,7.086983967000037,51.516339930000072,0,05241113700000734008
05,5,13,000,2024,11,10,5,3,5,3,0,1,1,0,0,0,0,367722.220999999903142,5707878.266000000759959,7.093978518000029,51.506534878000082,1,05241114700000794748
05,5,13,000,2024,11,17,7,3,6,4,2,0,1,1,0,0,0,366839.589300000108778,5710705.912200000137091,7.080199659000073,51.531738654000037,0,05241123700000148949
05,5,70,016,2024,11,13,2,3,2,6,0,0,1,0,0,0,0,416252.184000000357628,5735291.057000000029802,7.786482393000028,51.762240023000061,0,05241118711200935322
05,5,70,044,2024,11,07,3,3,5,3,1,1,1,0,0,0,0,416653.579099999740720,5759170.035099999979138,7.786533424000027,51.976951631000077,1,05241112711100685791
05,5,66,028,2024,11,09,3,3,2,1,0,0,1,0,0,0,1,414698.728000000119209,5792115.345000000670552,7.749818742000059,52.272788479000042,1,05241112709700694787
05,5,66,028,2024,11,05,3,3,0,1,2,1,0,0,0,0,0,412220.639000000432134,5791716.141000000759959,7.713613369000029,52.268810276000067,1,05241112709700689007
05,5,66,076,2024,11,18,3,3,4,2,2,0,1,0,0,0,0,400379.773500000126660,5794344.800200000405312,7.539368956000033,52.290418083000077,0,05241112709500722248
05,5,66,076,2024,11,09,3,3,5,3,0,1,1,0,0,0,0,392488.898000000044703,5794343.713999999687076,7.423719083000037,52.288921094000045,0,05241112709500689563
05,5,66,008,2024,11,13,3,3,2,6,0,0,1,0,0,0,0,399893.958599999547005,5782111.750299999490380,7.535871272000065,52.180383392000067,1,05241112709110710938
05,5,62,012,2024,11,17,4,3,2,6,2,0,1,0,0,0,0,359601.725499999709427,5725218.011399999260902,6.970111170000052,51.660390295000070,1,05241120701610039632
05,5,66,008,2024,11,18,3,3,4,2,2,0,1,0,0,0,0,398590.338000000454485,5784000.000000000000000,7.516246745000046,52.197116221000044,1,05241112709000722442
05,5,54,004,2024,11,18,3,3,2,6,2,0,1,0,0,0,0,360548.694199999794364,5771095.505799999460578,6.965269770000020,52.072860137000077,1,05241112705000721413
05,5,62,032,2024,11,14,3,2,9,1,0,0,1,0,0,0,0,378954.217500000260770,5717571.741299999877810,7.252402470000050,51.596172309000053,0,05241112702340719852
05,5,15,000,2024,11,02,3,3,5,2,2,0,0,0,0,0,1,405574.513100000098348,5754355.445699999108911,7.626600103000044,51.931903792000071,0,05241112702100704450
05,5,15,000,2024,11,08,3,3,5,2,0,1,1,0,0,0,0,404356.526700000278652,5759056.759999999776483,7.607581845000027,51.973953001000041,0,05241112702100690122
05,5,15,000,2024,11,08,3,3,0,7,0,0,0,0,1,0,0,404403.293999999761581,5755371.558000000193715,7.609287942000037,51.940837085000055,1,05241112702100688061
05,5,62,012,2024,11,19,3,2,4,6,2,1,0,0,0,0,0,359095.426500000059605,5726820.674699999392033,6.962149728000043,51.674664771000039,0,05241112701610721659
05,5,12,000,2024,11,16,3,3,5,2,2,1,1,0,0,0,0,356521.093399999663234,5709616.699300000444055,6.931979978000072,51.519423453000059,0,05241112701400719117
05,5,62,014,2024,11,07,3,3,6,4,1,0,1,1,0,0,0,360455.165300000458956,5715078.919600000604987,6.986479119000023,51.569493143000045,0,05241112701300698232
05,5,62,032,2024,11,17,3,3,6,6,2,1,0,1,0,0,0,376112.031000000424683,5718972.828999999910593,7.210894784000061,51.608146231000035,0,05241112701110719052
05,5,54,012,2024,11,10,5,3,2,6,0,0,1,0,0,0,0,352424.415300000458956,5746409.850099999457598,6.857421295000051,51.848961805000044,0,05241114705000791617
05,5,70,008,2024,12,07,5,3,0,3,1,1,1,0,0,0,0,433038.696000000461936,5733340.845000000670552,8.030054679000045,51.746966714000052,1,05241219711300131884
05,5,70,004,2024,12,08,5,3,4,6,0,0,1,0,0,1,0,429633.037899999879301,5738453.898000000044703,7.979695430000049,51.792515077000076,1,05241219711200136167
05,5,70,052,2024,12,20,5,3,5,3,2,0,1,0,0,0,0,424115.486200000159442,5757320.955399999395013,7.895559490000039,51.961398809000059,1,05241219711100174059
05,5,58,020,2024,12,16,5,3,2,1,1,0,0,0,1,0,0,394411.729899999685585,5755938.713600000366569,7.463813301000073,51.944128222000074,1,05241219706000170835
05,5,54,020,2024,12,13,5,3,5,2,0,1,1,0,0,0,0,365247.485600000247359,5785997.312300000339746,7.027877780000040,52.207922500000052,1,05241219705000154860
05,5,66,092,2024,12,17,5,3,2,6,2,0,1,0,0,1,0,421853.373999999836087,5790687.710000000894070,7.854984642000034,52.261019314000066,1,05241219702350166387
05,5,13,000,2024,12,23,5,3,3,6,2,0,1,0,0,0,0,362987.454800000414252,5713705.178500000387430,7.023529893000045,51.557769351000047,1,05241219702340173753
05,5,15,000,2024,12,19,5,3,5,3,2,1,1,0,0,0,0,405361.825000000186265,5755733.300000000745058,7.623128425000061,51.944252450000079,1,05241219702100169259
05,5,15,000,2024,12,10,5,3,3,6,0,1,0,0,0,0,0,404451.924800000153482,5758798.955299999564886,7.609042013000021,51.971652172000063,1,05241219702100139917
05,5,15,000,2024,12,08,5,3,3,1,0,0,1,0,0,0,1,408285.523699999786913,5754088.229900000616908,7.666090723000025,51.929955234000033,1,05241219702100137421
05,5,15,000,2024,12,02,5,3,0,1,2,1,0,0,0,0,0,406293.034300000406802,5756639.328299999237061,7.636425232000022,51.952553909000073,0,05241219702100126459
05,5,62,008,2024,12,16,5,3,6,2,2,0,1,1,0,0,0,383769.947700000368059,5720301.402499999850988,7.320991728000024,51.621719954000071,1,05241219701910166179
05,5,62,008,2024,12,16,5,3,2,6,2,0,1,0,0,1,0,383674.387699999846518,5720060.492399999871850,7.319691942000077,51.619534990000034,1,05241219701910165265
05,5,13,000,2024,12,14,5,3,5,3,0,0,1,0,1,0,0,368065.030799999833107,5708786.117100000381470,7.098575494000045,51.514773653000077,1,05241219700000168029
05,5,13,000,2024,12,15,5,2,5,3,0,0,1,0,0,0,0,367246.175999999977648,5713358.637000000104308,7.085057248000055,51.555673473000070,1,05241219700000165923
05,5,13,000,2024,12,16,5,3,6,2,2,0,1,1,0,0,0,363105.348100000061095,5711099.149000000208616,7.026243377000071,51.534379375000071,1,05241219700000165697
05,5,13,000,2024,12,14,5,3,2,6,0,0,1,0,0,0,0,364408.149000000208616,5712963.112999999895692,7.044297258000029,51.551444143000026,1,05241219700000165657
05,5,70,020,2024,12,17,4,3,2,6,2,0,1,0,0,0,0,432213.292399999685585,5743156.226700000464916,8.016182295000021,51.835107296000047,0,05241218711400117905
05,5,70,052,2024,12,08,4,3,5,3,0,0,1,0,0,0,0,431382.346900000236928,5756545.140200000256300,8.001459726000064,51.955368890000045,0,05241218711100091063
05,5,70,052,2024,12,05,4,3,1,1,2,0,1,0,0,0,0,428744.163900000043213,5752447.863800000399351,7.963923760000057,51.918204288000027,0,05241218711100079559
05,5,66,076,2024,12,17,4,3,0,2,2,1,1,0,0,0,0,394294.123100000433624,5793635.514299999922514,7.450398037000070,52.282906567000055,1,05241218709500117502
05,5,66,096,2024,12,12,4,3,5,3,0,0,1,0,0,0,0,383188.448900000192225,5785039.369999999180436,7.290640434000068,52.203408715000080,0,05241218709300110140
05,5,66,012,2024,12,15,4,3,2,6,0,0,1,0,0,0,0,405136.326000000350177,5771420.770999999716878,7.615502448000029,52.085218004000069,0,05241218709110116486
05,5,58,012,2024,12,15,4,3,6,6,1,0,0,1,1,1,0,374183.872700000181794,5756002.622300000861287,7.169647315000020,51.940496087000042,1,05241218706000116566
05,5,58,012,2024,12,12,4,3,5,3,0,1,1,0,0,0,0,374522.791799999773502,5753376.152899999171495,7.175532791000023,51.916969843000061,1,05241218706000106324
05,5,58,020,2024,12,11,4,3,5,3,0,0,1,0,1,0,0,391285.084200000390410,5760059.121300000697374,7.417038480000031,51.980558543000029,1,05241218706000097434
05,5,54,016,2024,12,16,4,3,5,3,1,0,1,0,0,0,0,364859.969399999827147,5761444.216099999845028,7.031946930000061,51.987206405000052,1,05241218705000118811
05,5,54,016,2024,12,13,4,3,0,1,0,0,0,0,1,0,0,365524.775799999944866,5755892.364499999210238,7.043796064000048,51.937480100000073,0,05241218705000108751
05,5,66,048,2024,12,22,4,3,3,6,2,0,1,0,0,1,0,427268.305399999953806,5791384.734500000253320,7.934159305000037,52.268027548000077,0,05241218702350124837
05,5,15,000,2024,12,23,4,3,4,3,2,1,0,0,0,0,0,405164.525000000372529,5756897.741000000387430,7.619937553000057,51.954685343000051,0,05241218702100166386
05,5,15,000,2024,12,12,4,3,2,6,0,0,1,0,0,0,1,404365.765499999746680,5755281.797299999743700,7.608767125000043,51.940023831000076,0,05241218702100105607
05,5,62,014,2024,12,23,4,3,8,1,2,0,1,0,0,0,0,359579.706000000238419,5717972.780999999493361,6.972698122000054,51.595279957000059,0,05241218701300125160
05,5,62,020,2024,12,07,4,3,5,3,1,0,1,0,1,0,0,371552.346900000236928,5719690.943299999460578,7.144820317000040,51.613578124000071,0,05241218701200084192
05,5,13,000,2024,12,16,4,3,2,6,2,0,1,0,0,0,1,365479.995099999941885,5714341.694399999454618,7.059219992000067,51.564089302000070,0,05241218700000117109
05,5,70,020,2024,12,12,3,3,4,6,0,0,1,0,0,0,0,434020.964800000190735,5748279.545900000259280,8.041435478000039,51.881382003000056,0,05241217711400067514
05,5,70,040,2024,12,07,3,3,2,1,1,0,1,0,0,0,0,412627.184899999760091,5747116.657899999991059,7.730986399000074,51.867986928000050,0,05241217711200040170
05,5,70,032,2024,12,06,3,2,8,1,2,0,1,0,0,0,0,420624.558699999935925,5767227.503900000825524,7.842467318000047,52.049962499000060,0,05241217711100043177
05,5,66,008,2024,12,13,3,2,0,1,0,1,0,0,0,0,0,397767.611100000329316,5780786.861500000581145,7.505182401000070,52.168085826000038,0,05241217709110062808
05,5,58,024,2024,12,13,3,3,1,6,0,0,1,0,0,0,0,388544.856100000441074,5737080.315999999642372,7.384575907000055,51.773492354000041,0,05241217706300059617
05,5,12,000,2024,12,18,3,3,2,6,2,0,1,0,0,0,1,355711.836299999617040,5713288.215700000524521,6.918819401000064,51.552208611000026,0,05241217702340072681
05,5,15,000,2024,12,07,3,3,0,1,2,1,0,0,0,0,0,407316.234500000253320,5761122.203900000080466,7.650099320000038,51.993019717000038,0,05241217702100040464
05,5,70,020,2024,12,12,2,2,8,6,0,0,1,0,0,0,1,434558.523299999535084,5748078.275699999183416,8.049282304000030,51.879635957000062,0,05241216711400017826
05,5,66,076,2024,12,17,2,3,0,3,2,1,1,0,0,0,0,396897.549999999813735,5787712.820000000298023,7.490357308000057,52.230171258000041,1,05241216709500020244
05,5,66,084,2024,12,07,2,3,2,6,2,0,1,0,0,0,0,391531.071700000204146,5771704.507500000298023,7.416925803000026,52.085269307000033,1,05241216709300996212
05,5,66,008,2024,12,10,2,2,0,5,0,1,1,0,0,0,1,398660.193599999882281,5781240.153200000524521,7.518093401000044,52.172324491000040,1,05241216709110997209
05,5,66,008,2024,12,22,2,2,7,7,2,1,0,0,0,0,0,397762.182799999602139,5780794.004100000485778,7.505100907000042,52.168149016000029,1,05241216709110028190
05,5,66,008,2024,12,15,2,3,0,3,0,1,1,0,0,0,0,399248.158400000073016,5780207.055800000205636,7.526994917000025,52.163146961000052,1,05241216709110017011
05,5,58,044,2024,12,21,2,3,5,3,2,1,0,0,0,0,1,396380.438299999572337,5746146.242799999192357,7.495388686000069,51.856483639000032,0,05241216706300075431
05,5,58,044,2024,12,17,2,2,6,4,2,0,1,1,0,0,0,396222.520399999804795,5747022.195299999788404,7.492833376000021,51.864327409000055,1,05241216706300022078
05,5,54,008,2024,12,10,2,3,5,3,0,0,1,0,0,0,0,334476.114099999889731,5745639.411499999463558,6.597441179000043,51.837008299000047,1,05241216705000999446
05,5,54,012,2024,12,18,2,3,5,3,2,1,1,0,0,0,0,352239.960500000044703,5745899.639599999412894,6.854963321000071,51.844328832000031,1,05241216705000022633