ULAND,UREGBEZ,UKREIS,UGEMEINDE,UJAHR,UMONAT,USTUNDE,UWOCHENTAG,UKATEGORIE,UART,UTYP1,ULICHTVERH,IstRad,IstPKW,IstFuss,IstKrad,IstGkfz,IstSonstige,LINREFX,LINREFY,XGCSWGS84,YGCSWGS84,STRZUSTAND,UIDENTSTLAE
05,5,54,020,2024,12,14,2,3,5,3,0,1,1,0,0,0,0,367426.163099999539554,5783956.092599999159575,7.060541892000060,52.190109512000049,1,05241216705000017718
05,5,66,068,2024,12,19,2,3,9,1,2,0,1,0,0,0,0,371215.327200000174344,5784093.202899999916553,7.115889541000058,52.192239445000041,1,05241216702340024378
05,5,15,000,2024,12,18,2,3,0,3,2,1,1,0,0,0,0,407093.815000000409782,5760299.712999999523163,7.647083689000056,51.985589621000031,1,05241216702100025589
05,5,15,000,2024,12,09,2,3,0,2,0,1,1,0,0,0,0,405020.793999999761581,5758077.994999999180436,7.617520263000074,51.965269410000076,1,05241216702100013811
05,5,15,000,2024,12,07,2,3,2,2,1,0,1,0,0,0,0,406073.187900000251830,5750862.031799999997020,7.634803826000052,51.900587514000051,1,05241216702100001390
05,5,62,012,2024,12,16,2,3,1,2,1,0,1,0,1,0,0,364171.574000000022352,5735151.023000000044703,7.032269770000028,51.750772479000034,1,05241216701620020674
05,5,62,024,2024,12,09,2,3,0,1,0,1,0,0,0,0,0,368521.225999999791384,5724353.524000000208616,7.099316056000021,51.654779005000080,1,05241216701500990483
05,5,12,000,2024,12,07,2,3,5,3,2,0,1,0,0,0,0,356688.893299999646842,5708708.002800000831485,6.934766304000050,51.511300633000076,1,05241216701400987189
05,5,13,000,2024,12,18,2,3,5,2,2,0,1,0,0,0,0,367984.485999999567866,5707678.496999999508262,7.097830092000038,51.504800931000034,1,05241216700000023195
05,5,70,044,2024,12,06,5,3,5,1,2,0,1,0,1,0,0,416295.776600000448525,5764384.268899999558926,7.780051707000041,52.023768179000058,1,05241219711100134538
05,5,12,000,2024,12,07,5,3,6,2,2,0,0,1,0,1,0,356502.392799999564886,5709602.705099999904633,6.931716326000071,51.519292953000047,1,05241219701400130934
05,5,70,048,2024,12,14,1,1,8,1,0,0,1,0,0,0,0,451648.621700000017881,5729305.521900000050664,8.300157110000043,51.712601655000071,1,05241215711300972715
05,5,12,000,2024,12,17,1,3,2,6,2,0,1,0,0,0,0,355193.011400000192225,5712782.879300000146031,6.911549338000043,51.547534904000031,1,05241215702340974781
05,5,15,000,2024,12,21,1,3,8,1,2,0,0,0,0,0,1,406307.362999999895692,5751066.836999999359250,7.638150773000064,51.902467846000036,1,05241215702100978807
05,5,62,004,2024,12,17,1,3,5,2,2,0,1,0,0,0,0,383184.396200000308454,5713586.821299999952316,7.314772197000025,51.561250151000081,1,05241215701800974996
05,5,54,004,2024,12,17,4,3,0,1,2,1,0,0,0,0,0,363918.850700000301003,5769913.907299999147654,7.014882323000052,52.063081311000076,1,05241218705000118505
05,5,15,000,2024,12,11,2,3,4,6,0,0,1,0,0,0,0,403013.435100000351667,5758723.433100000023842,7.588129104000075,51.970724196000049,1,05241216702100008344
05,5,13,000,2024,12,16,1,3,6,4,1,0,1,1,0,0,0,364223.327600000426173,5712671.349400000646710,7.041745782000021,51.548777793000056,1,05241215700000973896
05,5,70,008,2024,12,10,1,3,3,6,0,0,1,0,0,0,0,431535.957000000402331,5735897.588199999183416,8.007787055000051,51.769770159000075,1,05241215301911968154
05,5,70,020,2024,12,21,7,3,9,1,2,0,1,0,0,0,0,434582.487499999813735,5748070.709400000050664,8.049631832000046,51.879570749000038,1,05241214711400963241
05,5,66,096,2024,12,15,7,3,9,1,1,0,1,0,0,0,0,385164.968000000342727,5786731.933599999174476,7.318976012000064,52.219034704000080,1,05241214709300957980
05,5,66,068,2024,12,18,7,2,5,2,2,0,1,0,0,0,0,374893.863800000399351,5785653.773600000888109,7.169099717000051,52.207109663000040,1,05241214709300957974
05,5,66,084,2024,12,17,7,2,5,2,2,0,1,0,0,0,0,386502.292299999855459,5778139.761099999770522,7.341419283000050,52.142094815000064,1,05241214709300957650
05,5,66,008,2024,12,18,7,3,6,7,2,0,1,1,0,0,0,400062.622999999672174,5781122.989000000059605,7.538628563000032,52.171527223000055,1,05241214709110959294
05,5,66,012,2024,12,02,7,3,0,1,2,1,0,0,0,0,0,403037.502999999560416,5773885.020999999716878,7.584179825000035,52.107003169000052,0,05241214709110945070
05,5,58,016,2024,12,18,7,2,1,1,2,0,1,0,0,0,0,381069.213399999774992,5751494.391799999400973,7.271320742000057,51.901495040000043,1,05241214706000959966
05,5,58,036,2024,12,12,7,3,2,6,0,0,1,0,0,0,0,387644.405000000260770,5730087.456000000238419,7.373788980000029,51.710462429000074,1,05241214706000953573
05,5,12,000,2024,12,16,7,3,2,6,2,0,1,0,0,0,0,355389.570199999958277,5712975.063500000163913,6.914303151000070,51.549312217000079,1,05241214702340956577
05,5,15,000,2024,12,11,7,3,5,3,0,0,1,0,0,0,0,410925.524199999868870,5759758.041899999603629,7.703006586000072,51.981348355000080,1,05241214702100950896
05,5,13,000,2024,12,12,7,3,5,3,0,0,1,0,0,0,0,366391.774000000208616,5712634.751000000163913,7.073015153000028,51.548966520000079,0,05241214700000952540
05,5,66,040,2024,12,12,7,2,8,1,0,0,1,0,0,0,0,420883.098000000230968,5779005.975999999791384,7.843501105000030,52.155875820000063,1,05241214709800951537
05,5,70,016,2024,12,08,6,3,2,6,0,0,1,0,0,0,0,408012.360999999567866,5745348.046000000089407,7.664450177000049,51.851347463000081,0,05241213711200946624
05,5,66,028,2024,12,09,6,3,8,1,0,0,1,0,0,0,0,409739.883899999782443,5793714.178200000897050,7.676733988000024,52.286367307000035,0,05241213709700911625
05,5,66,060,2024,12,16,6,3,5,2,1,0,1,0,1,0,0,388365.936499999836087,5788788.089999999850988,7.365133975000049,52.238171224000041,0,05241213709500937366
05,5,66,068,2024,12,06,6,3,5,3,2,1,1,0,0,0,0,376686.507000000216067,5785291.968000000342727,7.195452200000034,52.204262419000031,2,05241213709300905493
05,5,66,012,2024,12,15,6,3,4,1,0,0,1,0,0,0,1,409725.341199999675155,5766008.389699999243021,7.683888538000076,52.037336346000075,0,05241213709110935658
05,5,54,012,2024,12,13,6,3,0,2,0,1,0,0,0,0,1,351860.243599999696016,5746345.509700000286102,6.849264142000038,51.848234298000079,0,05241213705000981747
05,5,54,012,2024,12,16,6,3,4,2,1,0,1,0,0,0,0,352522.068300000391901,5748844.884800000116229,6.857798702000025,51.870866122000052,0,05241213705000935344
05,5,54,012,2024,12,07,6,3,0,1,1,1,0,0,0,0,0,352217.485399999655783,5746011.741100000217557,6.854589393000026,51.845330104000027,0,05241213705000910121
05,5,58,004,2024,12,19,6,3,2,6,2,0,1,0,0,0,0,404668.395600000396371,5741501.783700000494719,7.616974501000072,51.816213882000056,0,05241213702330940819
05,5,15,000,2024,12,21,6,2,6,7,2,0,1,1,0,0,0,405594.156000000424683,5756897.334000000730157,7.626187784000024,51.954754785000034,0,05241213702100940862
05,5,15,000,2024,12,16,6,3,0,5,2,1,1,0,0,0,1,405572.349499999545515,5756789.162599999457598,7.625900277000028,51.953778791000047,0,05241213702100934446
05,5,15,000,2024,12,13,6,2,0,1,0,0,0,0,0,0,1,405041.214999999850988,5757875.080099999904633,7.617873519000057,51.963449020000041,0,05241213702100927650
05,5,62,004,2024,12,23,6,3,5,3,2,0,1,0,0,0,0,383199.480700000189245,5713666.914499999955297,7.314963098000021,51.561973132000048,0,05241213701800943973
05,5,12,000,2024,12,17,6,3,2,6,2,0,1,0,0,0,0,356841.892199999652803,5708011.769500000402331,6.937252257000068,51.505083148000040,0,05241213500630937948
05,5,70,044,2024,12,17,3,3,6,2,2,0,1,1,0,0,0,415504.423600000329316,5759713.423499999567866,7.769672833000072,51.981662549000077,0,05241217711100070040
05,5,15,000,2024,12,17,6,3,0,1,2,0,0,0,0,0,1,405054.159799999557436,5756582.585400000214577,7.618419082000059,51.951833763000081,0,05241213702100938259
05,5,70,008,2024,12,18,6,3,7,7,2,0,1,0,0,0,0,433006.871399999596179,5736853.411800000816584,8.028916472000049,51.778540995000071,0,05241213301911941396
05,5,70,044,2024,12,17,5,3,5,3,2,1,1,0,0,0,0,416351.304499999620020,5759110.912900000810623,7.782147998000028,51.976374762000034,1,05241212711100893047
05,5,70,032,2024,12,15,5,3,0,1,0,1,0,0,0,0,0,423198.250500000081956,5766676.523299999535084,7.880115426000032,52.045372281000027,1,05241212711100890756
05,5,66,028,2024,12,15,5,3,2,1,0,0,1,0,0,0,0,412570.632699999958277,5792527.364399999380112,7.718530774000044,52.276157546000036,0,05241212709700891772
05,5,66,076,2024,12,06,5,3,2,6,2,0,1,0,0,0,0,391803.450500000268221,5792820.756400000303984,7.414162310000052,52.275099621000038,1,05241212709500869324
05,5,66,076,2024,12,07,5,3,2,6,2,0,1,0,0,0,0,394381.687400000169873,5794394.452099999412894,7.451443343000051,52.289744152000026,0,05241212709500868385
05,5,58,016,2024,12,10,5,3,5,3,0,1,1,0,0,0,0,382607.646999999880791,5743564.833000000566244,7.296366514000056,51.830556921000039,1,05241212706100877286
05,5,58,016,2024,12,07,5,3,2,6,0,0,1,0,0,0,0,382058.134200000204146,5745723.008700000122190,7.287659793000046,51.849837098000080,1,05241212706100874762
05,5,54,036,2024,12,16,5,3,2,6,0,0,1,0,0,0,0,368763.004599999636412,5767657.428500000387430,7.086370952000038,52.043973649000066,1,05241212705000894214
05,5,54,008,2024,12,13,5,2,5,2,0,0,1,0,1,0,0,334925.187099999748170,5745874.861199999228120,6.603840922000074,51.839256327000044,1,05241212705000888290
05,5,15,000,2024,12,18,5,3,0,7,2,0,1,0,0,0,1,408902.285500000230968,5757908.453400000929832,7.674045993000050,51.964395101000036,1,05241212702100893558
05,5,62,004,2024,12,07,5,2,5,3,2,1,1,0,0,0,0,382997.542700000107288,5718770.307900000363588,7.310350287000063,51.607798980000041,0,05241212701800861617
05,5,62,004,2024,12,05,5,3,9,1,2,0,1,0,0,0,0,384034.476900000125170,5713647.369599999859929,7.327010173000076,51.561969777000058,0,05241212301921859293
05,5,70,032,2024,12,13,4,3,0,1,0,1,0,0,0,0,0,421177.446399999782443,5765802.437500000000000,7.850856939000039,52.037231372000065,0,05241211711100844684
05,5,66,060,2024,12,14,4,3,2,6,0,0,1,0,0,0,1,388745.132799999788404,5788724.531799999997020,7.370705738000026,52.237676792000059,0,05241211709500845616
05,5,66,052,2024,12,12,4,2,8,1,0,0,1,0,0,0,0,375466.384800000116229,5779248.177100000903010,7.179825799000071,52.149677749000034,0,05241211709300832425
05,5,58,016,2024,12,15,4,3,5,3,1,1,1,0,0,0,0,381979.142599999904633,5744848.807499999180436,7.286811874000023,51.841963807000070,0,05241211706100849597
05,5,54,068,2024,12,19,4,2,5,3,2,0,1,0,0,0,0,351613.042000000365078,5768863.617599999532104,6.835957303000043,52.050485893000030,0,05241211705000852407
05,5,54,016,2024,12,17,4,3,5,3,2,0,1,0,1,0,0,366019.591799999587238,5751233.964400000870228,7.052801924000050,51.895739604000028,0,05241211705000849236
05,5,62,032,2024,12,07,4,3,2,6,0,0,1,0,0,0,0,374149.398099999874830,5718374.516699999570847,7.182781753000029,51.602333930000043,0,05241211702340819339
05,5,58,044,2024,12,17,4,3,2,6,2,0,1,0,0,0,0,397532.509399999864399,5751559.865399999544024,7.510503735000043,51.905354560000035,0,05241211702330849028
05,5,15,000,2024,12,11,4,3,4,2,0,1,1,0,0,0,0,407013.955299999564886,5757124.830099999904633,7.646781134000037,51.957038852000039,0,05241211702100837416
05,5,62,008,2024,12,14,4,2,6,4,0,0,1,1,0,0,0,383997.211000000126660,5721049.972999999299645,7.324025227000050,51.628494761000070,0,05241211701910840183
05,5,62,024,2024,12,15,4,3,0,3,1,0,1,1,0,0,0,367369.654099999926984,5724861.378799999132752,7.082486034000055,51.659072295000044,0,05241211701500846949
05,5,12,000,2024,12,17,4,3,2,6,2,0,1,0,0,0,0,360156.979500000365078,5712231.769700000062585,6.983311659000037,51.543834601000071,0,05241211701400849574
05,5,70,016,2024,12,07,3,3,6,2,2,0,1,1,0,0,0,416556.259999999776483,5735040.354000000283122,7.790947641000059,51.760031770000069,1,05241210711200766949
05,5,66,064,2024,12,18,3,3,2,1,2,0,1,0,0,0,0,392943.652300000190735,5770208.093800000846386,7.438003290000040,52.072095304000072,0,05241210709300840307
05,5,58,040,2024,12,15,3,3,8,1,0,0,1,0,0,0,0,380763.085799999535084,5766229.571900000795722,7.261756253000044,52.033852896000042,0,05241210706000801800
05,5,54,044,2024,12,10,3,3,5,3,0,0,1,0,0,1,0,364654.853400000371039,5741089.830900000408292,7.036951351000027,51.804255719000082,0,05241210705000784484
05,5,66,076,2024,12,13,3,3,5,3,0,1,1,0,0,0,0,397128.302099999971688,5796160.051899999380112,7.491159077000020,52.306133340000031,0,05241210702350797805
05,5,15,000,2024,12,15,3,3,0,7,0,0,0,0,0,0,1,405590.595700000412762,5756879.672599999234080,7.626140842000041,51.954595432000076,0,05241210702100801700
05,5,15,000,2024,12,09,3,2,0,2,0,0,0,1,0,0,1,407295.354199999943376,5757988.058399999514222,7.650642095000023,51.964844985000070,0,05241210702100775494
05,5,15,000,2024,12,07,3,3,6,4,1,0,1,1,0,0,0,403721.428299999795854,5760815.060300000011921,7.597845336000034,51.989647453000032,0,05241210702100767795
05,5,62,004,2024,12,07,3,3,1,7,2,0,1,0,0,0,0,383379.989099999889731,5710902.527699999511242,7.318482467000024,51.537164805000032,1,05241210701800773460
05,5,62,004,2024,12,06,3,3,5,3,2,1,1,0,0,0,0,385368.945000000298023,5717283.319700000807643,7.345066524000060,51.594921986000031,0,05241210701800764669
05,5,62,012,2024,12,17,3,3,2,6,1,0,1,0,0,0,0,360007.901899999938905,5724720.915799999609590,6.976178806000064,51.656024777000027,0,05241210701610801336
05,5,62,014,2024,12,08,3,3,8,1,0,0,1,0,0,0,0,361643.313000000081956,5712196.642000000923872,7.004745954000043,51.543885274000047,1,05241210701300776682
05,5,62,020,2024,12,18,3,2,6,4,2,0,1,1,0,0,0,368228.364299999549985,5718228.757500000298023,7.097389434000036,51.599669826000081,0,05241210701200801404
05,5,13,000,2024,12,23,3,3,1,7,2,0,1,0,0,0,0,364453.144000000320375,5713170.696100000292063,7.044865837000032,51.553320380000059,0,05241210700000806899
05,5,54,068,2024,12,19,4,3,8,1,2,0,1,0,0,0,0,353946.941100000403821,5774256.037100000306964,6.867660672000056,52.099554638000029,0,05241211705000852963
05,5,13,000,2024,12,12,7,3,5,2,0,1,1,0,0,0,0,364659.045300000347197,5715285.520099999383092,7.047019662000025,51.572374477000039,1,05241214700000950717
05,5,70,004,2024,12,07,2,3,5,2,2,1,0,0,0,0,1,425609.346099999733269,5729312.696000000461936,7.923319573000072,51.709817287000078,1,05241209711200715949
05,5,70,032,2024,12,06,2,3,5,3,2,0,1,0,0,0,1,422106.168899999931455,5765730.765200000256300,7.864410088000056,52.036718351000047,1,05241209711100723105
05,5,66,032,2024,12,17,2,3,6,5,1,0,1,1,0,0,0,413767.298899999819696,5776651.511800000444055,7.740108828000075,52.133647066000037,1,05241209709800797033
05,5,66,048,2024,12,17,2,3,0,1,2,0,0,0,1,0,0,425937.870799999684095,5791906.687000000849366,7.914551720000077,52.272541765000028,1,05241209709700753418
05,5,66,076,2024,12,10,2,3,5,3,0,1,1,0,0,0,0,394666.600999999791384,5792747.800000000745058,7.456133573000045,52.274999955000055,1,05241209709500729316
05,5,66,084,2024,12,09,2,3,0,7,0,0,0,0,0,0,1,386148.379200000315905,5778987.438200000673532,7.335965776000023,52.149640011000031,1,05241209709300730493
05,5,66,084,2024,12,07,2,3,0,1,1,0,0,0,1,0,0,386674.214499999769032,5779932.124600000679493,7.343332598000075,52.158238024000070,1,05241209709300721107
05,5,66,012,2024,12,06,2,3,0,3,2,0,1,0,1,0,0,405787.809000000357628,5773418.666999999433756,7.624455334000061,52.103286805000039,1,05241209709110714837
05,5,58,020,2024,12,10,2,3,5,3,0,0,1,0,0,0,0,389715.696899999864399,5761035.690199999138713,7.393882805000032,51.989026113000079,1,05241209706200742694
05,5,54,008,2024,12,13,2,3,5,3,0,1,1,0,0,0,0,335201.000000000000000,5742181.865000000223517,6.609598204000065,51.806162143000051,1,05241209705000741924
05,5,15,000,2024,12,17,2,3,5,3,2,0,1,0,0,0,0,404678.393500000238419,5759097.176200000569224,7.612255005000065,51.974371577000056,1,05241209702100756158
05,5,62,004,2024,12,17,2,3,2,2,2,0,1,0,0,0,0,385085.498900000005960,5714350.245500000193715,7.341936180000062,51.568502259000070,1,05241209701800753912
05,5,62,020,2024,12,18,2,2,6,2,2,0,1,1,0,0,0,371740.488300000317395,5713056.735200000926852,7.149959746000036,51.554000049000081,1,05241209701200755762
05,5,13,000,2024,12,16,2,3,2,6,2,0,1,0,0,0,0,365824.106999999843538,5714379.335699999704957,7.064167224000073,51.564509541000064,0,05241209700000757047
05,5,13,000,2024,12,11,2,3,3,6,0,0,1,0,0,0,0,367363.288999999873340,5708729.084000000730157,7.088489608000032,51.514096798000026,1,05241209700000740495
05,5,13,000,2024,12,08,2,2,0,7,0,0,0,0,0,0,1,362932.140399999916553,5711307.724099999293685,7.023666453000033,51.536211671000046,0,05241209700000735184
05,5,66,008,2024,12,14,4,3,7,1,0,0,0,0,1,0,0,397767.611100000329316,5780786.861500000581145,7.505182401000070,52.168085826000038,0,05241218709110116989
05,5,66,008,2024,12,17,6,3,1,7,1,0,1,0,0,0,0,399453.087799999862909,5779080.276300000026822,7.530323596000073,52.153057110000077,0,05241213709110936934
05,5,70,048,2024,12,22,1,3,9,1,2,0,1,0,0,0,0,450525.566999999806285,5727009.594399999827147,8.284229048000043,51.691861695000057,1,05241208711300710588
05,5,66,040,2024,12,04,1,3,8,1,2,0,1,0,0,0,0,419612.326899999752641,5784393.633999999612570,7.823652529000071,52.204120775000035,1,05241208709800697861
05,5,62,028,2024,12,08,6,3,5,3,0,0,1,0,0,0,1,380490.930999999865890,5722653.109999999403954,7.272844589000044,51.642169029000058,0,05241213701920910205
05,5,66,012,2024,12,22,1,3,7,7,2,0,1,0,0,0,0,410103.995400000363588,5773610.588099999353290,7.687404812000068,52.105730157000039,1,05241208702350710745
05,5,62,004,2024,12,17,1,3,2,6,2,0,1,0,0,0,0,380960.693699999712408,5713309.465299999341369,7.282801465000034,51.558292432000030,1,05241208702340707975
05,5,62,024,2024,12,17,1,2,2,6,2,0,1,0,0,0,0,367097.334400000050664,5723434.480399999767542,7.079093626000031,51.646185240000079,0,05241208701500706028
05,5,66,048,2024,12,15,7,3,5,2,0,0,1,0,0,0,0,426607.484000000171363,5791988.185000000521541,7.924345896000034,52.273364139000080,1,05241207709700686968
05,5,66,004,2024,12,16,7,3,5,2,0,0,1,0,0,0,0,393575.106999999843538,5767134.198000000789762,7.448170641000047,52.044590172000028,0,05241207709110698191
05,5,58,016,2024,12,13,7,2,2,1,0,0,1,0,0,0,0,378478.511599999852479,5747450.619699999690056,7.235107700000071,51.864595213000030,1,05241207706100687222
05,5,58,028,2024,12,11,7,3,9,1,0,0,1,0,0,0,0,395565.928899999707937,5731068.130799999460578,7.488104822000025,51.720807619000027,1,05241207706000684286
05,5,54,008,2024,12,23,7,3,2,6,2,0,1,0,0,0,0,335275.139399999752641,5745847.270199999213219,6.608929045000025,51.839111793000029,0,05241207705000754563
05,5,54,068,2024,12,17,7,3,2,6,1,0,1,0,0,0,0,350726.250699999742210,5765620.581299999728799,6.824450006000063,52.021111000000076,0,05241207705000688776
05,5,62,036,2024,12,09,7,3,2,6,0,0,1,0,0,0,0,389008.571800000034273,5720107.641300000250340,7.396695318000070,51.621035992000031,1,05241207701930680211
05,5,62,028,2024,12,20,7,3,5,3,2,0,1,0,0,0,0,380051.721900000236928,5722365.704500000923872,7.266598742000042,51.639492496000059,1,05241207701920695825
05,5,62,004,2024,12,10,7,3,2,2,0,0,1,0,0,0,0,382975.309299999848008,5715838.413399999961257,7.311007256000039,51.581443461000049,0,05241207701800682185
05,5,54,012,2024,12,06,2,3,5,7,2,0,1,0,0,1,0,349976.491999999620020,5751602.528000000864267,6.819652505000022,51.894963736000079,1,05241209705000715286
05,5,70,004,2024,12,20,6,3,0,3,2,0,1,0,0,0,0,423923.140800000168383,5734247.411299999803305,7.897840790000032,51.753952795000032,1,05241206711200682418
05,5,66,028,2024,12,13,6,3,0,1,0,1,0,0,0,0,0,416371.493099999614060,5792122.048000000417233,7.774327096000036,52.273105709000049,1,05241206709700659515
05,5,66,008,2024,12,07,6,3,7,7,2,1,1,0,0,0,0,400292.496299999766052,5781234.703999999910593,7.541955960000053,52.172572876000061,1,05241206709500642346
05,5,66,016,2024,12,06,6,3,9,7,2,0,1,0,0,0,0,401815.001000000163913,5795312.224999999627471,7.560123009000051,52.299371308000048,1,05241206709500636526
05,5,66,008,2024,12,17,6,3,9,1,2,0,1,0,0,0,0,398645.602599999867380,5778447.140599999576807,7.518713880000064,52.147219040000039,1,05241206709110668889
05,5,66,008,2024,12,07,6,3,5,3,2,1,1,0,0,0,0,399401.700000000186265,5781822.078999999910593,7.528760096000042,52.177690360000042,1,05241206709110642592
05,5,66,008,2024,12,07,6,3,5,2,2,1,1,0,0,0,0,399646.295199999585748,5778756.567399999126792,7.533242305000044,52.150182834000077,1,05241206709110639215
05,5,15,000,2024,12,17,6,3,2,6,2,0,1,0,0,0,0,404126.149400000460446,5765445.712400000542402,7.602441327000065,52.031339002000038,1,05241206702350669512
05,5,15,000,2024,12,15,6,2,0,6,0,1,0,0,0,0,0,407221.709999999962747,5751347.412000000476837,7.651361535000035,51.905142837000028,1,05241206702100683231
05,5,15,000,2024,12,13,6,3,5,3,0,1,1,0,0,0,0,402080.758000000379980,5761134.528999999165535,7.573868107000067,51.992232076000050,0,05241206702100662173
05,5,15,000,2024,12,07,6,3,0,4,0,0,0,1,1,0,0,406402.860000000335276,5757178.078999999910593,7.637876111000026,51.957414955000047,1,05241206702100641374
05,5,15,000,2024,12,08,6,3,0,2,0,0,1,1,0,0,0,407152.430999999865890,5760549.553999999538064,7.647869370000024,51.987845110000080,1,05241206702100640448
05,5,62,008,2024,12,07,6,3,0,2,1,1,1,0,0,0,0,385078.476999999955297,5723285.302999999374151,7.338905910000051,51.648807202000057,1,05241206701910645883
05,5,62,004,2024,12,13,6,3,1,6,0,0,1,0,0,1,0,383417.396700000390410,5718605.885700000450015,7.316465310000069,51.606408294000062,1,05241206701800666029
05,5,12,000,2024,12,17,6,3,5,2,2,0,1,0,1,0,0,353729.639999999664724,5711136.097999999299645,6.891143780000050,51.532360225000048,1,05241206701400669506
05,5,15,000,2024,12,12,5,3,0,1,0,1,0,0,0,0,0,406114.579400000162423,5758315.348500000312924,7.633371148000037,51.967588654000053,1,05241212702100880368
05,5,13,000,2024,12,11,3,3,0,7,0,0,1,0,0,0,0,368755.692800000309944,5709074.388399999588728,7.108416006000027,51.517525162000027,0,05241210700000786973
05,5,62,004,2024,12,18,6,3,2,6,2,0,1,0,0,1,0,385767.286700000055134,5716718.600500000640750,7.350998670000024,51.589927289000059,1,05241206301911671211
05,5,70,020,2024,12,15,5,3,5,3,0,0,1,0,0,0,1,432211.442999999970198,5743628.767000000923872,8.016062862000069,51.839355152000053,1,05241205711400627367
05,5,70,052,2024,12,19,5,3,8,1,2,0,1,0,0,0,0,427708.749900000169873,5762889.389299999922514,7.946673110000063,52.011934863000079,1,05241205711100632065
05,5,66,076,2024,12,21,5,3,1,1,2,0,1,0,0,0,0,393134.433000000193715,5793569.786000000312924,7.433425177000061,52.282091600000058,1,05241205709500633961
05,5,66,076,2024,12,20,5,3,5,3,2,0,1,0,0,0,1,393630.695799999870360,5794100.569199999794364,7.440529611000045,52.286958112000036,1,05241205709500631253
05,5,66,068,2024,12,07,5,3,2,6,1,0,1,0,0,0,0,376099.100999999791384,5785147.700999999418855,7.186913637000032,52.202834289000066,0,05241205709300597197
05,5,66,008,2024,12,13,5,3,2,6,0,0,1,0,0,0,0,397018.383999999612570,5780441.758999999612570,7.494336177000037,52.164844890000040,1,05241205709110620873
05,5,58,016,2024,12,05,5,3,5,3,2,1,1,0,0,0,0,382327.203999999910593,5743280.831000000238419,7.292395140000053,51.827945526000065,0,05241205706100595182
05,5,70,044,2024,12,17,5,1,4,1,2,0,1,0,0,0,0,415486.329900000244379,5757470.738199999555945,7.769961609000063,51.961500461000071,1,05241205711100628634
05,5,58,020,2024,12,22,5,2,8,1,2,0,1,0,0,0,0,393426.920199999585748,5760596.420600000768900,7.448045621000063,51.985802580000041,1,05241205706000633595
05,5,54,016,2024,12,19,5,2,5,3,2,0,1,0,0,0,0,361431.486299999989569,5757702.865299999713898,6.983560771000043,51.952744148000079,1,05241205705000631299
05,5,54,004,2024,12,15,5,3,6,4,0,0,0,1,0,0,1,362673.996000000275671,5771092.935499999672174,6.996260348000021,52.073368123000080,1,05241205705000628271
05,5,54,024,2024,12,07,5,3,2,6,2,0,1,0,0,0,0,368978.233699999749660,5775954.026599999517202,7.086320573000023,52.118576319000056,0,05241205705000598224
05,5,58,016,2024,12,20,5,3,2,6,2,0,1,0,0,0,0,383111.833999999798834,5746698.751099999994040,7.302620674000025,51.858827957000074,1,05241205702330631963
05,5,15,000,2024,12,15,5,3,1,6,0,0,1,0,0,0,0,403393.970999999903142,5754378.067999999970198,7.594888389000062,51.931732916000044,1,05241205702100622968
05,5,15,000,2024,12,08,5,3,0,7,0,0,0,1,0,0,1,401893.949900000356138,5753655.257600000128150,7.573284256000022,51.924973712000053,0,05241205702100608423
05,5,62,004,2024,12,17,5,2,0,6,2,0,1,0,0,0,1,382582.191999999806285,5714811.167400000616908,7.305679564000059,51.572129145000076,1,05241205701800627412
05,5,58,032,2024,12,03,7,3,2,7,2,0,1,0,0,0,0,391297.385300000198185,5751723.792500000447035,7.419852669000022,51.905646199000046,0,05241214702330945845
05,5,62,024,2024,12,17,5,2,6,4,2,0,1,1,0,0,0,367682.183799999766052,5724447.825600000098348,7.087158263000049,51.655429574000038,1,05241205701500627134
05,5,62,014,2024,12,18,5,3,5,3,2,1,1,0,0,0,0,360399.305999999865890,5715277.202999999746680,6.985594871000046,51.571261102000051,1,05241205701300628005
05,5,62,020,2024,12,17,5,3,5,2,2,0,1,0,0,0,0,371426.708200000226498,5715578.103199999779463,7.144513895000046,51.576587933000042,1,05241205701200629647
05,5,62,032,2024,12,22,5,2,2,2,2,0,1,0,0,0,0,373279.113599999807775,5715128.971000000834465,7.171393867000063,51.572971041000073,1,05241205701120633760
05,5,13,000,2024,12,17,5,3,6,7,2,0,1,1,0,0,0,368603.615000000223517,5710025.384700000286102,7.105870801000037,51.526036200000078,1,05241205700000626579
05,5,62,032,2024,12,10,3,3,5,3,0,1,1,0,0,0,0,376108.758000000379980,5714933.908299999311566,7.212273315000061,51.571846904000040,0,05241210701120781186
05,5,54,016,2024,12,10,6,3,1,5,0,1,1,0,0,0,0,361995.249900000169873,5758643.702800000086427,6.991381261000072,51.961338207000040,1,05241206705000678668
05,5,70,004,2024,12,07,4,3,6,4,1,0,1,1,0,0,0,423923.207999999634922,5734262.243000000715256,7.897838517000025,51.754086136000069,1,05241204711200547421
05,5,70,052,2024,12,14,4,3,4,6,0,1,0,0,0,0,0,429949.130900000222027,5757442.920700000599027,7.980423673000075,51.963260877000039,0,05241204711100748648