ULAND,UREGBEZ,UKREIS,UGEMEINDE,UJAHR,UMONAT,USTUNDE,UWOCHENTAG,UKATEGORIE,UART,UTYP1,ULICHTVERH,IstRad,IstPKW,IstFuss,IstKrad,IstGkfz,IstSonstige,LINREFX,LINREFY,XGCSWGS84,YGCSWGS84,STRZUSTAND,UIDENTSTLAE
05,5,66,060,2024,12,17,4,3,4,2,2,0,1,0,0,0,0,389614.840800000354648,5787472.844699999317527,7.383845500000064,52.226602924000076,0,05241204709500581593
05,5,66,012,2024,12,18,4,3,5,3,2,0,1,0,0,0,0,404870.595900000073016,5774675.642500000074506,7.610716664000051,52.114427710000029,0,05241204709110573499
05,5,66,008,2024,12,22,4,3,0,3,2,1,1,0,0,0,0,399310.322999999858439,5781224.858999999240041,7.527601465000032,52.172306045000028,0,05241204709000588921
05,5,58,036,2024,12,07,4,3,5,3,1,0,1,0,1,0,0,387467.327999999746680,5729128.662000000476837,7.371536630000037,51.701809512000068,1,05241204706300562445
05,5,58,024,2024,12,07,4,3,5,3,1,0,1,0,0,0,1,384626.932199999690056,5733551.315899999812245,7.328986783000062,51.740981624000028,1,05241204706300558086
05,5,54,012,2024,12,07,4,3,0,7,0,1,0,0,0,0,0,352899.718000000342727,5746660.719000000506639,6.864210063000030,51.851341287000082,1,05241204705000553280
05,5,54,012,2024,12,07,4,3,4,2,2,0,1,0,0,0,1,348854.954900000244379,5744973.375800000503659,6.806266239000024,51.835100705000059,0,05241204705000549476
05,5,15,000,2024,12,14,4,3,6,7,0,0,0,1,0,0,1,406231.322800000198185,5757617.549300000071526,7.635260522000067,51.961336220000078,0,05241204702100573209
05,5,62,014,2024,12,07,4,3,6,2,1,0,1,1,0,0,0,360148.973299999721348,5715620.521900000050664,6.981848373000048,51.574284140000032,0,05241204701300556570
05,5,62,014,2024,12,19,4,3,4,2,2,0,1,0,0,0,0,357309.594700000248849,5716945.655700000002980,6.940363864000062,51.585480019000045,0,05241218701300121342
05,5,15,000,2024,12,14,3,3,0,1,0,1,1,0,0,0,0,406169.452999999746680,5758093.650000000372529,7.634230245000026,51.965605193000044,1,05241217702100061158
05,5,70,052,2024,12,08,4,3,0,1,1,1,0,0,0,0,0,430185.577899999916553,5756115.632300000637770,7.984134260000076,51.951358817000028,0,05241218711100092756
05,5,62,014,2024,12,15,2,3,2,6,1,0,1,0,0,1,0,361502.715200000442564,5713790.121300000697374,7.002092310000023,51.558170079000035,0,05241209702340753454
05,5,70,008,2024,12,11,3,2,5,3,0,0,1,0,0,1,0,429602.636900000274181,5735788.008600000292063,7.979795411000055,51.768545257000028,1,05241203711300513789
05,5,66,076,2024,12,17,3,3,2,6,2,0,1,0,0,0,0,397288.940600000321865,5787722.954700000584126,7.496082890000025,52.230335486000058,0,05241203709500534362
05,5,66,076,2024,12,10,3,2,0,7,0,1,0,0,0,0,0,393301.419599999673665,5792930.339800000190735,7.436074453000060,52.276377225000033,0,05241203709500523001
05,5,66,008,2024,12,08,3,3,7,1,2,1,0,0,0,0,0,397866.417500000447035,5780656.221799999475479,7.506665908000059,52.166929977000052,0,05241203709110529156
05,5,66,004,2024,12,06,3,3,5,2,2,0,1,0,0,0,0,393571.907499999739230,5767135.156799999997020,7.448123707000036,52.044598175000033,1,05241203709110508395
05,5,62,014,2024,12,06,4,3,2,6,2,0,1,0,0,0,0,361054.100300000049174,5715007.438100000843406,6.995143833000043,51.568998711000063,0,05241211702340919624
05,5,66,012,2024,12,05,3,3,8,1,2,0,1,0,0,0,0,401147.767599999904633,5775579.276900000870228,7.556103830000040,52.121896503000073,1,05241203709110505101
05,5,58,024,2024,12,22,3,3,8,6,2,0,1,0,0,0,1,393052.188000000081956,5735420.651000000536442,7.450389538000024,51.759454614000049,1,05241203706300704728
05,5,58,040,2024,12,17,3,3,6,2,2,0,1,1,0,0,0,371523.053299999795854,5763319.096899999305606,7.128221734000022,52.005635427000072,0,05241203706000534507
05,5,54,004,2024,12,13,3,3,2,6,0,0,1,0,0,0,0,361851.142300000414252,5770642.262599999085069,6.984444426000039,52.069114048000074,0,05241203705000643692
05,5,54,028,2024,12,08,3,3,8,1,1,0,0,0,0,1,0,362092.445199999958277,5743653.026300000026822,6.998789966000061,51.826661863000027,0,05241210702340783729
05,5,54,008,2024,12,21,3,3,0,1,2,1,0,0,0,0,0,334587.900999999605119,5745663.678999999538064,6.599050613000031,51.837259419000077,0,05241203705000539672
05,5,54,012,2024,12,16,3,3,0,7,2,0,0,0,1,0,0,351886.931099999696016,5753772.020199999213219,6.846463928000048,51.914967041000068,0,05241203705000534656
05,5,54,032,2024,12,15,3,3,9,1,0,0,1,0,0,0,0,321373.722099999897182,5748234.557700000703335,6.406123723000064,51.856281628000033,0,05241203705000534385
05,5,54,012,2024,12,07,3,3,0,3,2,0,1,0,0,0,1,352813.088999999687076,5746438.900000000372529,6.863047652000034,51.849325424000028,1,05241203705000498958
05,5,13,000,2024,12,17,3,2,9,1,2,0,0,0,1,0,0,363563.542500000447035,5716962.308599999174476,7.030570027000067,51.587178542000061,0,05241203702340537475
05,5,15,000,2024,12,17,3,3,6,2,2,0,1,1,0,0,0,404014.059700000099838,5749061.902300000190735,7.605385582000054,51.884056212000075,0,05241203702100611276
05,5,15,000,2024,12,16,3,3,5,3,1,1,1,0,0,0,0,404956.717699999921024,5756372.191700000315905,7.617059807000032,51.949926014000027,0,05241203702100532566
05,5,15,000,2024,12,08,3,3,0,2,1,1,1,0,0,0,0,406797.275000000372529,5751255.855000000447035,7.645218509000074,51.904249022000045,1,05241203702100520369
05,5,54,012,2024,12,14,4,3,5,3,0,0,1,0,0,0,0,350293.330900000408292,5753510.322599999606609,6.823424984000042,51.912189731000069,0,05241204705000577477
05,5,15,000,2024,12,11,3,3,2,6,0,0,1,0,0,0,0,405972.618999999947846,5752311.448000000789762,7.632946998000023,51.913598688000036,0,05241203702100513375
05,5,15,000,2024,12,00,3,3,5,3,2,1,1,0,0,0,0,406121.745000000111759,5756700.703999999910593,7.633916717000034,51.953076696000039,1,05241203702100493044
05,5,62,036,2024,12,16,3,3,2,2,2,0,1,0,1,0,0,388791.103199999779463,5719588.828999999910593,7.393719920000024,51.616329972000074,0,05241203701930534580
05,5,62,016,2024,12,14,3,3,9,7,0,0,1,0,0,0,0,378083.374699999578297,5732211.173599999397993,7.234729402000028,51.727552295000066,1,05241203701700533106
05,5,62,012,2024,12,17,3,2,5,7,2,0,1,0,1,0,0,360203.583700000308454,5724371.458200000226498,6.979145532000075,51.652933288000042,0,05241203701610534032
05,5,62,024,2024,12,10,3,3,5,3,0,1,1,0,0,0,0,367375.285000000149012,5724842.385999999940395,7.082574600000044,51.658902946000069,0,05241203701500516807
05,5,12,000,2024,12,15,3,3,5,2,0,0,1,0,0,0,0,360245.054200000129640,5711388.852199999615550,6.984915626000031,51.536281878000068,0,05241203701400530913
05,5,62,032,2024,12,09,3,3,5,3,0,0,1,0,0,0,1,375617.973299999721348,5719699.066700000315905,7.203506008000033,51.614564104000067,1,05241203701110508740
05,5,15,000,2024,12,20,7,3,5,2,2,1,1,0,0,0,0,405153.998900000005960,5757323.739399999380112,7.619666820000020,51.958512598000027,0,05241214702100959511
05,5,15,000,2024,12,14,6,3,2,6,0,0,1,0,0,0,0,403367.576999999582767,5754155.256999999284744,7.594567194000035,51.929725629000075,1,05241206702100668042
05,5,62,004,2024,12,22,7,3,4,2,2,0,1,0,0,0,0,383427.253600000403821,5712067.546299999579787,7.318777736000072,51.547645508000073,1,05241214701800962015
05,5,70,028,2024,12,14,2,3,5,2,0,1,1,0,0,0,0,444495.914099999703467,5739580.743400000035763,8.194997265000040,51.804318285000079,1,05241202711400487403
05,5,70,008,2024,12,17,2,3,2,2,2,0,1,0,0,0,0,432566.647400000132620,5740004.252199999988079,8.021923705000063,51.806814070000030,1,05241202711300485204
05,5,70,004,2024,12,16,2,3,1,6,2,0,1,0,0,0,0,422469.018099999986589,5732002.243000000715256,7.877279044000034,51.733570180000072,1,05241202711200485477
05,5,70,040,2024,12,13,2,3,9,7,0,0,1,0,0,0,0,413046.460400000214577,5744356.739499999210238,7.737768847000041,51.843243548000032,1,05241202711200480106
05,5,70,044,2024,12,10,2,3,8,7,0,0,1,0,0,0,0,413913.270700000226498,5759763.324599999934435,7.746497715000032,51.981866829000069,1,05241202711100466007
05,5,70,044,2024,12,07,2,3,5,3,1,0,1,0,1,0,0,416849.999599999748170,5755273.628699999302626,7.790335672000026,51.941956209000068,1,05241202711100452661
05,5,58,024,2024,12,19,2,3,5,3,2,0,1,0,0,0,1,388535.535000000149012,5737098.004000000655651,7.384435188000054,51.773649473000035,1,05241202706300489657
05,5,12,000,2024,12,20,2,3,8,1,2,0,1,0,0,0,0,354860.637699999846518,5712510.485400000587106,6.906871541000044,51.545001879000040,1,05241202702340491321
05,5,12,000,2024,12,20,2,3,9,1,2,0,1,0,0,0,0,354859.420800000429153,5712509.711300000548363,6.906854323000061,51.544994610000060,1,05241202702340491270
05,5,62,024,2024,12,09,2,3,9,6,0,0,1,0,0,1,0,367063.689100000075996,5726411.567099999636412,7.077475445000061,51.672930635000057,1,05241202702340454981
05,5,15,000,2024,12,22,2,3,9,1,2,0,1,0,0,0,0,401020.000699999742210,5752607.272500000894070,7.560880369000074,51.915399470000068,1,05241202702330491732
05,5,15,000,2024,12,17,2,3,5,2,2,1,0,0,0,0,0,405649.663900000043213,5755621.067500000819564,7.627345633000061,51.943292543000041,1,05241202702100484666
05,5,62,014,2024,12,20,2,3,5,3,2,0,1,0,0,0,1,360204.274199999868870,5715527.150599999353290,6.982683028000054,51.573458818000063,1,05241202701300490653
05,5,62,014,2024,12,18,2,3,2,2,2,0,1,0,1,0,0,361843.871500000357628,5711464.265200000256300,7.007923816000073,51.537353103000044,1,05241202701300487304
05,5,58,024,2024,12,14,2,3,2,6,0,0,1,0,0,0,1,394294.987999999895692,5734882.654100000858307,7.468553614000029,51.754854999000031,1,05241216706300022142
05,5,62,020,2024,12,07,2,3,4,2,2,0,1,0,0,0,0,371560.415500000119209,5719555.977299999445677,7.144986245000041,51.612367048000067,1,05241202701200451535
05,5,62,004,2024,12,11,4,1,8,7,0,0,1,0,0,0,0,383902.142799999564886,5718206.000299999490380,7.323594548000074,51.602914393000049,0,05241218301911103865
05,5,70,052,2024,12,17,4,3,5,3,2,0,1,0,1,0,0,431409.142699999734759,5755915.274000000208616,8.001975326000036,51.949709909000035,0,05241204711100581858
05,5,13,000,2024,12,18,3,3,3,6,2,0,1,0,0,1,0,363978.245500000193715,5720329.107699999585748,7.035246602000029,51.617533806000040,0,05241203702340537463
05,5,66,012,2024,12,19,4,3,5,2,2,0,1,0,0,0,0,405943.752000000327826,5773680.860999999567866,7.626659069000027,52.105669998000053,0,05241218709110121581
05,5,15,000,2024,12,00,6,3,0,1,2,0,0,0,0,0,1,404524.404000000096858,5758344.176999999210238,7.610223284000028,51.967576918000077,0,05241213702100900716
05,5,15,000,2024,12,16,1,3,2,6,2,0,1,0,0,0,0,400595.430100000463426,5754144.726900000125170,7.554265495000038,51.929142817000070,1,05241215702330973274
05,5,62,004,2024,12,09,2,3,9,6,0,0,1,0,0,0,0,384740.266400000080466,5717664.914599999785423,7.335869004000074,51.598223396000037,0,05241202301911456635
05,5,54,004,2024,12,16,3,3,6,1,1,0,1,1,0,0,0,363899.303299999795854,5772149.464800000190735,7.013705793000042,52.083163980000052,0,05241203705000532803
05,5,70,028,2024,12,10,1,3,5,2,0,1,1,0,0,0,0,441518.848399999551475,5742458.050499999895692,8.151338570000064,51.829882525000073,0,05241201711400430438
05,5,58,032,2024,12,15,1,3,8,1,0,0,0,0,1,0,0,390559.038599999621511,5755814.506899999454618,7.407823626000038,51.942267363000042,0,05241201706100436303
05,5,54,048,2024,12,14,1,3,2,6,0,0,1,0,0,0,0,339104.302899999544024,5745630.116100000217557,6.664561992000074,51.838277227000049,0,05241201705000434303
05,5,12,000,2024,12,17,1,2,2,6,2,0,1,0,0,0,0,356392.265100000426173,5714456.890100000426173,6.928149544000064,51.562883634000059,0,05241201702340440929
05,5,58,016,2024,12,16,1,3,2,6,2,0,1,0,0,0,0,384389.066399999894202,5747735.460100000724196,7.320812259000036,51.868411246000051,0,05241201702330437101
05,5,13,000,2024,12,16,1,3,0,7,2,0,1,0,1,0,0,364508.558000000193715,5715541.563999999314547,7.044750727000064,51.574639238000032,0,05241201700000436539
05,5,13,000,2024,12,01,1,3,6,2,2,0,1,1,0,0,0,368069.018000000156462,5708787.384999999776483,7.098632448000046,51.514785979000067,0,05241201700000425694
05,5,62,024,2024,12,14,6,3,3,6,0,0,1,0,0,1,0,372227.269000000320375,5728021.865000000223517,7.151519071000052,51.688600200000053,0,05241213702340935647
05,5,70,028,2024,11,15,7,3,9,1,0,0,1,0,0,0,0,443447.239900000393391,5743533.604800000786781,8.179143869000029,51.839750638000055,0,05241130711400419080
05,5,70,052,2024,11,11,7,3,2,2,0,0,1,0,0,0,0,427434.132299999706447,5750773.017699999734759,7.945231874000058,51.902978957000073,0,05241130711100412485
05,5,66,004,2024,11,14,7,1,5,2,0,0,1,0,1,0,0,396708.724799999967217,5768027.765399999916553,7.493575902000032,52.053214111000045,0,05241130709110418299
05,5,58,008,2024,11,18,7,3,8,6,2,0,1,0,0,0,1,387691.473799999803305,5760252.405700000002980,7.364672520000056,51.981580892000068,0,05241130706200423145
05,5,54,008,2024,11,17,7,3,2,6,2,0,1,0,0,0,0,334462.371799999848008,5743735.205900000408292,6.598152456000037,51.819898153000054,0,05241130705000733516
05,5,54,028,2024,11,17,7,3,5,3,2,0,1,0,0,0,1,359099.745000000111759,5745766.127000000327826,6.954531234000058,51.844902385000069,0,05241130705000420450
05,5,54,008,2024,11,17,7,3,5,3,2,0,1,0,0,0,0,335825.299999999813735,5746826.369000000879169,6.616442713000026,51.848069438000039,0,05241130705000420029
05,5,62,024,2024,11,15,7,3,8,1,0,0,1,0,0,0,1,372175.881500000134110,5730452.423000000417233,7.149885209000047,51.710431273000040,0,05241130702340420534
05,5,15,000,2024,11,18,7,3,6,4,2,1,0,1,0,0,0,406625.065999999642372,5757653.317999999970198,7.640979717000050,51.961723994000067,1,05241130702100419776
05,5,15,000,2024,11,12,7,3,0,3,0,0,1,0,0,0,1,405419.213499999605119,5755398.114800000563264,7.624055298000030,51.941249414000026,0,05241130702100416272
05,5,62,008,2024,11,15,7,3,0,7,1,0,0,0,0,0,1,383676.444099999964237,5720065.477199999615550,7.319719977000034,51.619580216000031,0,05241130701910417460
05,5,12,000,2024,11,23,7,3,0,7,2,0,0,0,0,0,1,356691.360700000077486,5711983.940600000321865,6.933469142000035,51.540738304000058,1,05241130701400443085
05,5,62,014,2024,11,14,7,3,5,3,0,1,1,0,0,0,0,360450.777999999932945,5714951.938100000843406,6.986466284000073,51.568350994000070,0,05241130701300416209
05,5,13,000,2024,11,18,7,3,1,1,0,0,1,0,0,1,0,365130.370299999602139,5715379.765300000086427,7.053780506000066,51.573334351000028,0,05241130700000421719
05,5,13,000,2024,11,13,7,3,0,2,0,0,1,0,0,0,1,369702.196000000461936,5709020.263000000268221,7.122069766000038,51.517257859000040,0,05241130700000419372
05,5,13,000,2024,11,09,7,3,2,6,0,0,1,0,0,0,0,367365.467000000178814,5714146.510999999940395,7.086479739000026,51.562781855000026,0,05241130700000411057
05,5,54,016,2024,12,18,6,3,1,6,2,0,1,0,0,0,0,365346.272199999541044,5755961.767200000584126,7.041173851000053,51.938060576000055,0,05241213705000938627
05,5,62,036,2024,12,08,5,3,5,3,1,0,1,0,0,0,0,388802.228400000371039,5719318.293899999931455,7.393966385000056,51.613900597000054,0,05241212701930864105
05,5,12,000,2024,11,08,7,3,2,6,0,0,1,0,0,0,0,359449.094499999657273,5708008.742599999532104,6.974794848000045,51.505710367000063,2,05241130500630411061
05,5,66,028,2024,11,00,7,3,8,1,2,0,1,0,0,0,0,408925.098000000230968,5796675.597999999299645,7.663991342000031,52.312850282000056,2,05241130709700407065
05,5,70,048,2024,11,14,6,3,2,6,0,0,1,0,0,0,0,442611.104600000195205,5731748.968599999323487,8.168958126000064,51.733717472000080,0,05241129711300655105
05,5,66,076,2024,11,18,6,3,2,6,2,0,1,0,0,0,0,394840.668399999849498,5792934.812100000679493,7.458625552000058,52.276714007000066,0,05241129709500400205
05,5,66,084,2024,11,09,6,3,5,3,0,0,1,0,0,0,1,386465.166000000201166,5778959.019999999552965,7.340603264000038,52.149449834000052,1,05241129709300374242
05,5,15,000,2024,11,13,6,3,2,1,0,0,1,0,0,0,0,398332.137400000356138,5762267.305400000885129,7.518955173000052,52.001739850000035,0,05241129709110391019
05,5,58,032,2024,11,15,6,3,3,2,0,1,1,0,0,0,0,391595.005099999718368,5750896.661599999293685,7.424437380000029,51.898270183000079,0,05241129706000397091
05,5,58,040,2024,11,10,6,3,5,3,0,1,1,0,0,0,0,371524.416299999691546,5763316.018200000748038,7.128242735000072,52.005608077000034,0,05241129706000378202
05,5,58,024,2024,11,07,6,3,2,2,0,0,1,0,0,0,0,387149.767300000414252,5737743.096999999135733,7.364148979000049,51.779169661000026,0,05241129706000371867
05,5,54,012,2024,11,17,6,3,2,2,2,0,1,0,0,0,0,352221.636599999852479,5745977.897299999371171,6.854664074000027,51.845027120000054,0,05241129705000399205
05,5,54,008,2024,11,08,6,3,3,3,0,1,1,0,0,0,0,335763.555900000035763,5746366.501599999144673,6.615765519000036,51.843920105000052,0,05241129705000375253
05,5,58,032,2024,12,20,3,3,8,1,2,0,1,0,0,0,0,385302.913200000301003,5756111.816999999806285,7.331291174000057,51.943880654000054,1,05241203706000538290
05,5,13,000,2024,11,08,6,3,9,1,0,0,1,0,0,0,0,363137.563799999654293,5715840.682499999180436,7.024862232000032,51.576996026000074,1,05241129702340375976
05,5,54,016,2024,12,12,4,3,8,1,0,0,0,0,0,1,0,359439.893699999898672,5756540.854399999603629,6.955074173000071,51.941803388000039,0,05241211705000839592
05,5,15,000,2024,11,17,6,3,0,7,2,0,1,0,0,0,1,405224.847500000149012,5750408.910000000149012,7.622601878000069,51.896370971000067,0,05241129702100565509
05,5,15,000,2024,11,18,6,3,4,6,2,1,0,0,0,0,1,404095.972199999727309,5759193.866599999368191,7.603751485000032,51.975140456000076,0,05241129702100410933
05,5,15,000,2024,11,16,6,3,1,6,2,0,1,0,0,0,0,405575.873999999836087,5757005.475999999791384,7.625892104000059,51.955723709000040,0,05241129702100398415
05,5,15,000,2024,11,10,6,2,1,3,0,1,1,0,0,0,0,403068.274000000208616,5758133.635999999940395,7.589093668000032,51.965432502000056,0,05241129702100384152
05,5,15,000,2024,11,08,6,3,5,7,0,1,0,0,0,0,1,409199.724999999627471,5756171.067999999970198,7.678833242000053,51.948827045000030,0,05241129702100382100
05,5,62,012,2024,11,23,6,3,5,2,2,0,1,0,0,0,0,363151.738099999725819,5727781.528200000524521,7.020399768000061,51.684301907000076,0,05241129701610407604
05,5,62,024,2024,11,21,6,3,0,7,2,0,0,0,0,0,1,367588.100399999879301,5723574.400800000876188,7.086129670000048,51.647558412000080,0,05241129701500404970
05,5,62,024,2024,11,21,6,3,8,1,2,0,1,0,0,0,0,366950.019199999980628,5724371.130899999290705,7.076609377000068,51.654567544000031,0,05241129701500404764
05,5,12,000,2024,11,18,6,3,5,7,2,0,1,0,1,0,0,355919.332999999634922,5709675.539999999105930,6.923288619000061,51.519799013000068,0,05241129701400399621
05,5,12,000,2024,11,17,6,3,6,2,1,0,1,1,0,0,0,355805.032899999991059,5709860.300899999216199,6.921566712000072,51.521430066000050,0,05241129701400399120
05,5,12,000,2024,11,00,6,3,1,5,2,0,1,0,0,0,0,354855.932699999772012,5708981.464299999177456,6.908258031000059,51.513290010000048,0,05241129701400364378
05,5,62,032,2024,11,17,6,3,3,6,2,0,1,0,0,0,0,375442.745199999772012,5719512.456399999558926,7.201042789000041,51.612848271000075,0,05241129701110399847
05,5,13,000,2024,11,15,6,3,3,2,0,0,1,0,0,0,0,365821.893299999646842,5714379.393799999728799,7.064135284000031,51.564509536000060,1,05241129700000403225
05,5,13,000,2024,11,01,6,3,8,1,2,0,1,0,0,0,0,362993.695899999700487,5711317.053500000387430,7.024549802000024,51.536310451000077,1,05241129700000364817
05,5,66,076,2024,12,06,2,3,3,6,2,0,1,0,0,0,0,400228.430200000293553,5794338.367599999532104,7.537152650000053,52.290332810000052,1,05241209709500718877
05,5,62,032,2024,11,12,6,3,3,6,0,0,1,0,0,0,1,375499.622399999760091,5719694.055400000885129,7.201799311000059,51.614492905000077,0,05241129701110391717
05,5,66,012,2024,12,00,1,3,8,7,2,0,1,0,0,0,0,411255.247100000269711,5774812.566999999806285,7.703896565000036,52.116720039000029,1,05241208702350696117
05,5,70,020,2024,11,11,5,3,0,7,0,0,0,0,0,0,1,433995.458300000056624,5748227.186000000685453,8.041074983000044,51.880908274000035,1,05241128711400339722
05,5,70,020,2024,11,07,5,3,5,2,2,1,1,0,0,0,0,436626.776399999856949,5746488.340800000354648,8.079616983000051,51.865581362000057,1,05241128711400336570
05,5,70,008,2024,11,05,5,2,4,6,2,0,1,0,0,0,1,436621.884100000374019,5739154.185200000181794,8.080889240000033,51.799646336000080,0,05241128711200320266
05,5,66,040,2024,11,18,5,3,2,1,2,0,1,0,0,0,0,422247.967699999921024,5782361.830399999395013,7.862678892000076,52.186235238000052,1,05241128709800369973
05,5,66,068,2024,11,07,5,3,2,6,1,0,1,0,1,0,0,375748.914499999955297,5786314.484400000423193,7.181363844000032,52.213240307000035,1,05241128709300327544
05,5,58,044,2024,11,15,5,3,5,3,0,1,1,0,0,0,0,395493.614299999549985,5746265.401699999347329,7.482480348000024,51.857389278000028,0,05241128706300357210
05,5,58,008,2024,11,09,5,3,4,6,0,0,1,0,0,0,0,384844.877600000239909,5756850.000900000333786,7.324383085000022,51.950420237000060,1,05241128706200332702
05,5,58,024,2024,11,23,5,2,9,1,2,0,1,0,0,0,0,395980.795500000007451,5741073.910399999469519,7.491112607000048,51.810818711000081,1,05241128706000364535
05,5,54,032,2024,11,20,7,3,4,2,2,0,1,0,0,0,0,322900.428999999538064,5747091.252000000327826,6.428854859000069,51.846498805000067,0,05241130705000421814
05,5,54,032,2024,11,16,5,2,0,1,0,1,0,0,0,0,0,322900.428999999538064,5747091.252000000327826,6.428854859000069,51.846498805000067,0,05241128705000356872
05,5,54,020,2024,11,16,5,3,5,3,2,1,1,0,0,0,0,367027.192499999888241,5786217.025200000032783,7.053821362000065,52.210328984000057,1,05241128705000356272
05,5,13,000,2024,11,13,5,3,2,3,0,0,1,0,0,1,0,368213.343000000342727,5715009.469000000506639,7.098381179000057,51.570735736000074,1,05241128702340356650
05,5,15,000,2024,11,15,5,3,2,1,0,0,1,0,0,0,0,403840.274400000460446,5754685.157700000330806,7.601291837000076,51.934570443000041,0,05241128702330354578
05,5,15,000,2024,11,15,5,3,2,6,0,0,1,0,0,0,0,405253.761199999600649,5754824.670399999246001,7.621807056000023,51.936066888000028,0,05241128702100638930
05,5,15,000,2024,11,17,5,3,5,2,1,1,1,0,0,0,0,406169.452999999746680,5758093.650000000372529,7.634230245000026,51.965605193000044,0,05241128702100359076
05,5,15,000,2024,11,17,5,3,2,6,2,0,1,0,0,0,0,402780.411000000312924,5760498.614900000393391,7.584235026000044,51.986639253000078,0,05241128702100358736
05,5,66,076,2024,11,09,7,3,5,3,0,1,1,0,0,0,0,396899.096300000324845,5787290.287299999967217,7.490508762000047,52.226374042000032,0,05241130709500410912
05,5,15,000,2024,11,14,5,3,0,2,0,0,1,0,0,0,0,400906.396999999880791,5762025.973999999463558,7.556512405000035,52.000036185000056,1,05241128702100353042
05,5,15,000,2024,11,06,5,3,5,2,2,0,1,0,0,0,1,409844.754999999888241,5751861.566099999472499,7.689345021000065,51.910195105000071,0,05241128702100327087
05,5,15,000,2024,11,07,5,3,6,2,1,0,1,1,0,0,0,406036.879999999888241,5756775.974999999627471,7.632661589000065,51.953738935000047,1,05241128702100325467
05,5,62,016,2024,11,11,5,3,5,3,0,0,1,0,0,1,0,375518.052099999971688,5733849.123600000515580,7.197019033000061,51.741708720000076,0,05241128701700345045
05,5,62,032,2024,12,07,7,3,8,1,2,0,1,0,0,0,0,376412.406000000424683,5718471.795600000768900,7.215406923000046,51.603709355000035,1,05241207701110679500
05,5,15,000,2024,12,12,5,3,5,2,0,1,1,0,0,0,0,405633.619300000369549,5758065.794399999082088,7.626440879000029,51.965264113000046,0,05241205702100619456
05,5,70,020,2024,11,07,4,3,5,3,1,0,1,0,0,0,0,432769.418999999761581,5745291.157999999821186,8.023837245000038,51.854367321000041,0,05241127711400365955
05,5,66,088,2024,11,07,4,2,9,7,2,0,1,0,0,0,0,421556.977300000376999,5787064.156999999657273,7.851484113000026,52.228405825000038,1,05241127709800278565
05,5,66,040,2024,11,05,4,3,0,1,2,1,0,0,0,0,0,424629.211000000126660,5780245.396700000390410,7.897973850000028,52.167541138000047,1,05241127709800272680
05,5,66,076,2024,11,13,4,3,2,6,0,0,1,0,0,1,0,392167.634100000374019,5796560.936200000345707,7.418300867000028,52.308784483000068,1,05241127709500304454
05,5,66,084,2024,11,07,4,3,3,1,1,1,1,0,0,0,0,386051.289300000295043,5778560.587300000712276,7.334690530000046,52.145783908000055,1,05241127709300278894
05,5,54,024,2024,11,17,4,2,8,1,2,0,0,0,0,0,1,373350.921900000423193,5775770.638599999248981,7.150218824000035,52.117947313000059,1,05241127705000311904
05,5,54,020,2024,11,16,4,3,2,3,2,0,1,0,0,0,0,364520.906999999657273,5786057.208000000566244,7.017227114000036,52.208282553000060,1,05241127705000309283
05,5,66,016,2024,11,12,4,2,2,6,0,0,0,0,0,1,1,407573.418100000359118,5792671.212200000882149,7.645267802000035,52.276633020000077,1,05241127702350299546
05,5,15,000,2024,11,18,4,3,6,2,2,0,1,1,0,0,0,408964.218999999575317,5756241.442999999970198,7.675388919000056,51.949421125000072,1,05241127702100314376
05,5,70,040,2024,12,17,6,3,5,2,2,0,1,0,0,0,0,419808.517599999904633,5745244.035299999639392,7.835699323000028,51.852231943000049,0,05241213711200936654
05,5,15,000,2024,11,18,4,3,5,3,2,1,1,0,0,0,0,405828.905000000260770,5759024.385999999940395,7.629019549000077,51.973913462000041,1,05241127702100311969
05,5,15,000,2024,11,15,4,2,0,7,0,1,0,0,0,0,0,406573.214999999850988,5759148.724999999627471,7.639818350000041,51.975156707000053,1,05241127702100311872
05,5,15,000,2024,12,16,4,3,5,2,2,1,1,0,0,0,0,403207.760999999940395,5755252.723999999463558,7.591934776000073,51.939562270000067,0,05241204702100581604
05,5,15,000,2024,11,16,4,3,2,1,2,1,0,0,0,0,1,406296.471400000154972,5756650.947000000625849,7.636472063000042,51.952658923000058,1,05241127702100308741
05,5,15,000,2024,11,15,4,3,2,6,1,1,0,0,0,0,0,406761.068599999882281,5757670.805700000375509,7.642953811000041,51.961904007000044,1,05241127702100306835
05,5,15,000,2024,11,07,4,2,3,2,1,1,0,0,0,0,1,407061.588000000454485,5757345.232999999076128,7.647414494000031,51.959027910000032,1,05241127702100277619
05,5,62,004,2024,11,06,4,3,5,3,2,1,1,0,0,0,0,382589.821399999782443,5714780.017999999225140,7.305800013000066,51.571850773000051,0,05241127701800273579
05,5,62,024,2024,11,05,4,3,0,1,2,0,0,0,1,0,0,367611.078399999998510,5723483.535800000652671,7.086495982000031,51.646747266000034,0,05241127701500272703