ULAND,UREGBEZ,UKREIS,UGEMEINDE,UJAHR,UMONAT,USTUNDE,UWOCHENTAG,UKATEGORIE,UART,UTYP1,ULICHTVERH,IstRad,IstPKW,IstFuss,IstKrad,IstGkfz,IstSonstige,LINREFX,LINREFY,XGCSWGS84,YGCSWGS84,STRZUSTAND,UIDENTSTLAE
05,5,12,000,2024,11,19,4,3,6,4,2,0,0,1,0,0,1,356406.468399999663234,5710055.011099999770522,6.930150383000068,51.523332918000051,1,05241127701400312307
05,5,12,000,2024,11,17,4,3,2,6,2,0,1,0,0,0,0,356425.290599999949336,5710049.542500000447035,6.930423736000023,51.523288563000051,1,05241127701400310549
05,5,12,000,2024,11,09,4,3,5,2,0,0,1,0,0,0,0,356531.359199999831617,5709480.040200000628829,6.932183473000066,51.518198064000046,1,05241127701400289826
05,5,13,000,2024,11,18,4,3,5,3,2,0,1,0,0,0,0,367446.056499999947846,5708569.165300000458956,7.089741841000034,51.512679081000044,1,05241127700000314218
05,5,13,000,2024,11,07,4,3,2,6,2,0,1,0,0,0,1,365913.489000000059605,5712507.993000000715256,7.066169548000062,51.547713953000027,1,05241127700000278843
05,5,62,008,2024,11,12,6,3,2,6,0,0,1,0,0,0,0,384588.042799999937415,5721883.915300000458956,7.332282574000033,51.636111498000048,0,05241129701910390556
05,5,58,044,2024,11,12,7,2,4,6,0,1,0,0,0,0,1,395495.131000000052154,5746275.701999999582767,7.482499248000067,51.857482142000038,0,05241130706300413094
05,5,62,020,2024,12,14,2,3,2,6,0,0,1,0,0,1,1,370089.315899999812245,5719085.882200000807643,7.123926008000069,51.607804890000068,1,05241209701200749808
05,5,62,012,2024,12,07,5,3,5,3,1,1,1,0,0,0,0,359120.530899999663234,5724615.758999999612570,6.963401439000052,51.654858167000043,1,05241219701610131760
05,5,70,048,2024,12,19,3,3,8,1,2,0,1,0,0,0,0,450372.513199999928474,5727150.903500000014901,8.281994828000052,51.693118655000035,1,05241231711300460810
05,5,66,072,2024,12,19,3,3,6,7,2,0,1,1,0,0,0,407553.254099999554455,5799842.208100000396371,7.643002673000069,52.341082289000042,1,05241231709700461216
05,5,15,000,2024,12,14,3,3,3,2,0,1,1,0,0,0,0,405627.286100000143051,5756977.809800000861287,7.626647646000038,51.955483761000039,0,05241231702100456717
05,5,62,036,2024,12,18,3,2,5,2,2,0,1,0,1,0,0,387720.711400000378489,5721829.158500000834465,7.377547776000029,51.636253395000040,0,05241231701930460343
05,5,13,000,2024,12,21,3,3,5,2,2,0,1,0,0,0,0,365293.268799999728799,5715102.588999999687076,7.056236011000067,51.570882469000026,0,05241231700000461581
05,5,70,008,2024,12,17,2,3,6,2,2,0,1,1,0,0,0,433024.099999999627471,5739193.685599999502301,8.028714342000058,51.799582095000062,1,05241230711300443590
05,5,70,016,2024,12,19,2,3,8,1,2,0,1,0,0,0,0,407983.815899999812245,5745394.195499999448657,7.664023573000065,51.851757584000040,1,05241230711200447164
05,5,58,044,2024,12,18,2,3,5,2,2,1,1,0,0,0,0,395652.230999999679625,5746273.148199999704957,7.484780385000022,51.857488585000056,0,05241230706300444037
05,5,54,020,2024,12,18,2,3,0,1,2,1,0,0,0,0,0,363633.833599999547005,5786678.371899999678135,7.004002850000063,52.213645047000057,1,05241230705000443563
05,5,54,012,2024,12,12,2,3,5,3,0,0,1,0,0,0,0,351819.164400000125170,5744244.884299999102950,6.849567934000049,51.829349560000026,1,05241230705000430156
05,5,15,000,2024,12,19,2,3,5,3,2,0,1,0,0,0,1,406305.053000000305474,5756676.910000000149012,7.636589821000030,51.952893736000078,1,05241230702100444331
05,5,62,032,2024,12,15,2,3,5,3,0,0,1,0,0,0,0,377593.427000000141561,5715045.461600000038743,7.233646909000072,51.573173770000039,0,05241230701120442606
05,5,54,004,2024,12,19,1,3,6,2,2,0,1,1,0,0,0,363983.358000000007451,5772079.057000000029802,7.014959793000060,52.082551993000038,1,05241229705000407839
05,5,15,000,2024,12,08,1,3,9,1,0,0,1,0,0,0,0,400867.099100000225008,5752973.432900000363588,7.558552606000035,51.918663410000079,1,05241229702100399851
05,5,62,024,2024,12,17,1,3,6,2,2,0,1,1,0,0,0,366934.738800000399351,5724376.311200000345707,7.076386644000024,51.654610479000041,1,05241229701500405987
05,5,62,014,2024,12,03,1,3,0,1,2,0,0,0,1,0,0,360334.985999999567866,5714929.071200000122190,6.984805739000024,51.568116842000052,2,05241229701300396691
05,5,13,000,2024,12,18,1,3,4,6,2,0,1,0,1,0,0,370291.052000000141561,5709774.448999999091029,7.130274220000047,51.524171174000060,1,05241229700000407813
05,5,66,044,2024,12,06,7,3,9,1,2,0,1,0,0,0,0,433127.156899999827147,5779529.841399999335408,8.022345828000027,52.162203900000065,2,05241228709800380959
05,5,66,028,2024,12,17,7,3,5,2,2,0,1,0,0,0,0,412204.516999999992549,5792152.930999999865890,7.713263485000027,52.272733690000052,1,05241228709700390597
05,5,66,056,2024,12,05,7,3,9,1,2,0,1,0,0,0,0,417602.185499999672174,5801066.144799999892712,7.790169674000026,52.353685322000047,1,05241228709700380648
05,5,66,092,2024,12,00,7,3,8,7,2,0,1,0,0,0,0,419617.669999999925494,5796333.777000000700355,7.820887536000043,52.311447467000050,2,05241228709700376812
05,5,66,076,2024,12,06,7,2,5,2,2,0,1,0,0,0,0,393651.218000000342727,5794099.025000000372529,7.440830852000033,52.286948206000034,1,05241228709500380728
05,5,66,024,2024,12,22,7,3,9,1,2,0,1,0,0,0,0,382085.025000000372529,5775584.686000000685453,7.277785049000045,52.118207942000026,1,05241228709300394395
05,5,66,008,2024,12,17,7,3,2,6,2,0,1,0,0,0,0,400915.497700000181794,5779544.383799999952316,7.551556524000034,52.157492789000059,1,05241228709110391189
05,5,66,012,2024,12,14,7,2,4,1,0,0,1,0,0,0,0,409178.321999999694526,5768527.623700000345707,7.675246316000027,52.059891098000037,0,05241228709110388285
05,5,15,000,2024,12,17,7,3,0,1,2,1,0,0,0,0,0,404871.467000000178814,5758284.994999999180436,7.615290056000049,51.967104472000074,0,05241228702100392934
05,5,62,036,2024,12,12,7,3,3,2,0,0,1,0,0,0,1,389269.753999999724329,5720242.114900000393391,7.400424082000029,51.622296094000035,0,05241228701930385119
05,5,12,000,2024,12,17,7,3,5,2,2,0,1,0,0,0,0,358963.266699999570847,5711423.061499999836087,6.966432683000050,51.536270507000040,0,05241228701400390838
05,5,62,032,2024,12,11,7,3,5,2,0,1,1,0,0,0,0,375758.712600000202656,5713828.327199999243021,7.207615743000076,51.561833773000046,0,05241228701120383226
05,5,13,000,2024,12,13,7,3,5,2,0,0,1,0,0,0,0,365671.104000000283122,5717544.872999999672174,7.060750332000055,51.592920075000052,0,05241228700000386640
05,5,13,000,2024,12,02,7,3,5,2,2,0,1,0,0,0,0,365479.995099999941885,5714341.694399999454618,7.059219992000067,51.564089302000070,0,05241228700000377851
05,5,13,000,2024,12,20,2,3,8,1,1,0,1,0,0,0,0,367811.003200000151992,5711135.747800000011921,7.094034989000022,51.535829725000042,0,05241230700000446787
05,5,54,012,2024,12,17,1,2,5,3,2,0,1,0,0,0,1,348213.013899999670684,5750003.756500000134110,6.794747038000025,51.880122177000032,1,05241229705000407284
05,5,66,040,2024,12,20,6,3,5,1,2,0,1,0,0,0,0,418742.660899999551475,5784342.715600000694394,7.810941504000027,52.203535557000066,1,05241227709000375190
05,5,58,012,2024,12,16,6,2,4,1,2,0,1,0,0,0,0,376550.688699999824166,5750291.754000000655651,7.206107934000045,51.889704527000049,1,05241227706000372180
05,5,62,024,2024,12,11,6,3,3,6,0,0,1,0,0,0,0,370025.691700000315905,5726765.520500000566244,7.120155066000052,51.676804598000047,0,05241227702340356106
05,5,15,000,2024,12,11,6,3,0,3,0,1,1,0,0,0,0,407900.576000000350177,5760301.456000000238419,7.658827922000057,51.985739632000048,1,05241227702100357555
05,5,62,012,2024,12,14,6,2,4,6,0,0,1,0,0,0,1,362786.768199999816716,5735577.147700000554323,7.012053039000023,51.754264140000032,0,05241227701610374077
05,5,12,000,2024,12,18,6,3,4,7,1,0,1,0,0,0,0,358101.303299999795854,5711373.521099999547005,6.954032752000046,51.535609337000039,1,05241227701400372764
05,5,62,014,2024,12,16,6,3,6,7,2,0,1,1,0,0,0,360404.276999999769032,5715261.157999999821186,6.985672928000042,51.571118152000054,0,05241227701300370266
05,5,13,000,2024,12,13,6,3,6,2,0,0,1,1,0,0,0,368591.713000000454485,5707598.424000000581145,7.106604117000074,51.504222849000030,0,05241227700000362658
05,5,58,016,2024,12,22,5,2,8,1,2,0,1,0,0,0,0,381659.196000000461936,5751019.370999999344349,7.280055128000072,51.897351618000073,1,05241226706100340209
05,5,54,004,2024,12,23,5,3,9,1,2,0,1,0,0,0,0,355622.888799999840558,5771173.847200000658631,6.893416001000048,52.072301825000068,1,05241226705000340641
05,5,54,008,2024,12,23,5,3,0,7,2,1,0,0,0,0,0,334037.257799999788404,5745574.881699999794364,6.591108253000073,51.836298384000031,1,05241226705000339973
05,5,54,016,2024,12,10,5,2,8,7,0,0,1,0,0,0,0,365796.827200000174344,5758542.288300000131130,7.046716486000037,51.961357485000065,1,05241226702340331703
05,5,70,044,2024,12,18,4,3,5,3,2,0,1,0,0,0,0,416574.921000000089407,5759451.646999999880791,7.785320025000033,51.979471228000079,1,05241225711100686809
05,5,58,024,2024,12,15,4,3,8,1,0,0,1,0,0,0,0,396136.634700000286102,5741957.031199999153614,7.493107559000066,51.818785295000055,1,05241225706300322569
05,5,15,000,2024,12,09,4,3,9,7,0,0,1,0,0,0,0,398682.094700000248849,5753577.585799999535084,7.526614857000027,51.923700321000069,1,05241225702100318376
05,5,62,028,2024,12,20,4,3,5,3,2,1,1,0,0,0,0,380040.705000000074506,5722636.392999999225140,7.266346818000045,51.641922930000078,1,05241225701920325188
05,5,62,004,2024,12,18,4,3,5,2,1,0,1,0,0,0,1,382567.191999999806285,5712371.900000000372529,7.306278065000072,51.550202619000061,1,05241225701800325435
05,5,13,000,2024,12,23,4,3,5,3,2,0,1,0,0,0,0,368505.349000000394881,5709858.025000000372529,7.104517563000059,51.524509305000038,1,05241225700000326110
05,5,13,000,2024,12,08,4,2,9,1,0,0,1,0,0,0,0,369482.518199999816716,5715446.341000000014901,7.116521767000052,51.574957025000060,1,05241225700000318966
05,5,66,012,2024,12,15,4,3,5,3,0,1,1,0,0,0,0,404013.851499999873340,5772313.035499999299645,7.598874434000038,52.093044287000055,1,05241225709110321061
05,5,54,012,2024,12,10,2,3,5,3,0,0,1,0,0,0,1,352858.070299999788404,5746583.831199999898672,6.863638547000050,51.850639479000051,1,05241230705000423697
05,5,54,060,2024,12,00,3,3,8,1,2,0,1,0,0,0,0,350274.792000000365078,5755934.291699999943376,6.822101462000035,51.933963089000031,1,05241224705000299956
05,5,15,000,2024,12,01,3,3,7,1,2,1,0,0,0,0,0,406150.413499999791384,5757699.670499999076128,7.634060864000048,51.962060712000039,0,05241224702100299375
05,5,62,004,2024,12,13,3,3,1,2,0,0,1,0,0,0,0,382890.280000000260770,5716671.565999999642372,7.309502683000062,51.588913908000052,0,05241224701800309963
05,5,62,024,2024,12,02,3,3,9,1,2,0,1,0,0,0,0,366948.473000000230968,5726755.153799999505281,7.075679310000055,51.675990960000036,1,05241224701500300907
05,5,62,014,2024,12,14,3,3,5,2,0,1,1,0,0,0,0,358767.531700000166893,5716057.304700000211596,6.961751059000051,51.577864652000073,1,05241224701300307956
05,5,62,032,2024,12,13,3,3,2,6,0,0,1,0,0,0,0,376106.105299999937415,5714914.163799999281764,7.212242020000076,51.571668872000032,0,05241224701120307907
05,5,62,032,2024,12,17,3,3,7,1,1,0,1,0,0,0,0,379067.281499999575317,5716530.890100000426173,7.254392703000065,51.586842039000032,1,05241224701110310738
05,5,66,032,2024,12,12,4,3,2,1,0,0,1,0,0,0,0,412644.660199999809265,5776950.423900000751019,7.723634249000042,52.136157504000039,1,05241225702350320872
05,5,70,048,2024,12,11,2,3,2,6,0,0,1,0,0,0,0,449350.710199999623001,5734608.228900000452995,8.266127917000063,51.760073523000074,1,05241223711300277600
05,5,70,008,2024,12,08,2,3,2,6,0,0,1,0,0,0,0,432829.730000000447035,5739982.089999999850988,8.025743244000068,51.806646505000060,1,05241223711300267256
05,5,66,028,2024,12,21,2,3,0,3,2,0,1,0,0,0,1,411925.676599999889731,5793047.188699999824166,7.708944333000034,52.280726906000041,1,05241223709700298226
05,5,66,076,2024,12,16,2,3,4,6,1,1,0,0,0,0,0,393640.032999999821186,5794092.285000000149012,7.440669063000030,52.286885468000037,1,05241223709500288929
05,5,66,068,2024,12,14,2,3,4,7,0,0,1,0,0,0,0,378428.497999999672174,5783706.924000000581145,7.221499558000062,52.190405675000079,0,05241223709300289985
05,5,66,008,2024,12,17,2,3,6,7,2,0,1,1,0,0,0,400990.952399999834597,5779404.851800000295043,7.552699842000038,52.156252234000078,0,05241223709110317779
05,5,58,012,2024,12,13,2,3,4,2,0,0,1,0,1,0,0,372081.493300000205636,5756012.886099999770522,7.139075710000043,51.940108976000033,0,05241223706000283315
05,5,54,004,2024,12,15,2,3,4,2,0,0,1,0,0,0,0,362133.513000000268221,5774063.263000000268221,6.987178445000040,52.099923050000029,0,05241223705000288819
05,5,54,020,2024,12,13,2,3,5,3,0,1,1,0,0,0,0,367023.410000000149012,5786211.036100000143051,7.053768389000027,52.210274256000048,0,05241223705000286527
05,5,54,020,2024,12,12,2,3,3,6,0,0,1,0,1,0,0,362054.909300000406802,5786900.861700000241399,6.980816854000068,52.215251123000030,1,05241223705000282003
05,5,62,032,2024,12,20,2,3,9,1,2,0,1,0,0,0,0,374521.317800000309944,5716237.288399999961257,7.188913435000075,51.583209462000070,1,05241223702340306398
05,5,62,014,2024,12,04,2,3,8,1,2,0,1,0,0,0,0,358415.289200000464916,5713364.135199999436736,6.957755936000069,51.553575719000037,1,05241223702340259736
05,5,58,016,2024,12,20,2,3,8,1,2,0,0,0,0,1,1,382624.599899999797344,5746330.459799999371171,7.295673821000037,51.855415781000033,1,05241223702330298216
05,5,15,000,2024,12,15,2,3,1,6,0,0,1,0,0,0,0,406333.173000000417233,5756424.786000000312924,7.637067605000027,51.950632260000077,0,05241223702100288517
05,5,62,016,2024,12,13,2,3,9,6,0,0,1,0,0,0,0,383023.137199999764562,5732923.472799999639392,7.305980055000020,51.735006450000071,0,05241223701700288644
05,5,62,012,2024,12,14,2,2,3,3,0,1,1,0,0,0,0,357777.740100000053644,5724775.635099999606609,6.943937997000035,51.655956646000050,1,05241223701610284810
05,5,62,014,2024,12,11,2,3,5,3,0,0,1,0,0,0,0,359218.050800000317395,5715951.462400000542402,6.968290910000064,51.577026256000067,0,05241223701300278029
05,5,62,020,2024,12,11,2,3,5,2,0,0,1,0,0,0,0,368976.438000000081956,5718498.016000000759959,7.108083700000066,51.602264080000054,0,05241223701200276462
05,5,13,000,2024,12,14,2,3,5,2,0,0,1,0,0,0,1,365683.341000000014901,5717538.267000000923872,7.060929412000064,51.592863628000032,1,05241223700000290808
05,5,66,076,2024,12,11,1,3,5,3,0,1,1,0,0,0,0,392509.260999999940395,5793208.617000000551343,7.424379489000046,52.278723824000053,1,05241222709500247408
05,5,58,036,2024,12,14,1,2,8,2,0,1,1,0,0,0,0,387064.133000000379980,5728526.536000000312924,7.365899527000067,51.696316750000051,1,05241222706300250404
05,5,54,012,2024,12,18,1,3,0,1,1,1,0,0,0,0,0,352217.497899999842048,5746011.656300000846386,6.854589611000051,51.845329345000039,1,05241222705000255522
05,5,54,012,2024,12,15,1,3,8,1,0,0,1,0,0,0,0,350750.563599999994040,5748828.750800000503659,6.832093327000052,51.870250016000057,1,05241222705000251659
05,5,54,008,2024,12,12,1,2,9,1,0,0,1,0,0,0,0,333115.657599999569356,5748268.591700000688434,6.576444374000062,51.860221781000064,1,05241222705000247761
05,5,54,028,2024,12,10,1,2,8,1,0,0,1,0,0,0,0,360735.658999999985099,5747389.065400000661612,6.977610129000027,51.859895863000077,1,05241222705000247327
05,5,66,068,2024,12,15,1,2,9,1,0,0,1,0,0,0,0,371030.089399999938905,5783958.348899999633431,7.113232434000054,52.190984384000046,1,05241222702340253826
05,5,62,012,2024,12,13,1,2,8,1,0,0,1,0,0,0,0,357544.295199999585748,5732195.338899999856949,6.937536606000037,51.722568131000060,1,05241222702340253536
05,5,54,016,2024,12,14,1,2,3,1,0,0,1,0,0,0,0,365460.276800000108778,5755834.308000000193715,7.042881099000056,51.936942826000063,1,05241222702340253510
05,5,62,024,2024,12,13,1,3,8,1,0,0,1,0,0,0,0,372256.398900000378489,5730857.210799999535084,7.150901575000034,51.714087325000037,1,05241222702340250806
05,5,15,000,2024,12,02,1,3,8,1,2,0,1,0,0,0,0,406320.901999999769032,5751076.262900000438094,7.638344944000039,51.902554848000079,0,05241222702100241080
05,5,62,016,2024,12,23,1,3,9,7,2,0,1,0,0,0,0,378386.888000000268221,5740229.544199999421835,7.236315261000072,51.799679829000070,1,05241222701700258425
05,5,62,032,2024,12,00,1,3,8,7,2,1,0,0,0,0,0,373434.921699999831617,5720001.133400000631809,7.171883455000057,51.616792188000034,1,05241222701110239930
05,5,70,024,2024,12,01,1,2,8,1,2,0,1,0,0,0,0,422047.208399999886751,5754402.702199999243021,7.866125419000070,51.934879681000041,1,05241229711100396372
05,5,70,048,2024,12,15,7,3,7,7,0,0,1,0,0,0,0,441665.773900000378489,5729839.539599999785423,8.155590387000075,51.716453345000048,1,05241221711400230873
05,5,70,016,2024,12,22,7,1,8,1,2,0,1,0,0,0,0,416162.427299999631941,5737676.930299999192357,7.784606076000046,51.783673883000063,1,05241221711200239254
05,5,66,044,2024,12,21,7,3,9,1,2,0,1,0,0,0,0,428234.957000000402331,5773393.581000000238419,7.952131496000050,52.106429181000067,1,05241221709800238215
05,5,66,028,2024,12,17,7,3,5,3,2,0,1,0,1,0,0,407389.974000000394881,5794604.226999999955297,7.642048661000047,52.293976074000057,1,05241221709700235132
05,5,66,028,2024,12,10,7,2,0,7,0,1,0,0,0,0,0,413594.594999999739230,5793918.307000000029802,7.733178650000070,52.288821685000073,1,05241221709700224503
05,5,54,052,2024,12,10,7,3,3,6,0,0,1,0,0,0,0,374617.348500000312924,5775151.953400000929832,7.168933293000066,52.112676332000035,1,05241221705000248963
05,5,54,008,2024,12,17,7,3,4,6,2,1,0,0,0,0,0,334904.908099999651313,5745876.374900000169873,6.603546116000075,51.839263931000062,1,05241221705000232568
05,5,54,020,2024,12,23,7,3,8,1,2,0,1,0,0,0,0,362485.442599999718368,5784511.847599999979138,6.988084675000039,52.193893224000078,0,05241221705000218674
05,5,15,000,2024,12,00,7,3,2,6,2,0,1,0,0,0,0,403868.242399999871850,5764928.212500000372529,7.598828427000058,52.026642953000078,1,05241221702350221039
05,5,15,000,2024,12,05,7,2,3,7,2,0,1,0,0,0,0,400265.469499999657273,5755934.296499999240041,7.548949315000073,51.945168749000061,1,05241221702330223745
05,5,15,000,2024,12,17,7,3,5,3,2,1,1,0,0,0,0,411062.649000000208616,5759221.630999999120831,7.705141719000039,51.976548690000072,0,05241221702100235205
05,5,12,000,2024,12,20,7,3,5,3,2,0,1,0,0,0,0,360245.389999999664724,5711385.868100000545382,6.984921649000057,51.536255146000030,1,05241221701400237986
05,5,12,000,2024,12,08,7,3,6,2,1,0,1,1,0,0,0,353757.413999999873340,5711052.103000000119209,6.891578802000026,51.531612676000066,1,05241221701400223665
05,5,12,000,2024,12,05,7,3,1,5,2,0,1,0,0,0,0,356602.461000000126660,5709324.166899999603629,6.933270967000055,51.516815464000047,1,05241221701400222491
05,5,70,028,2024,12,12,6,3,8,1,0,0,0,0,1,0,0,440368.574500000104308,5739204.664100000634789,8.135208252000041,51.800512261000051,0,05241220711400209503
05,5,70,052,2024,12,11,6,3,0,1,0,1,0,0,0,0,0,429715.549800000153482,5765238.792700000107288,7.975425766000058,52.033312577000061,1,05241220711100232247
05,5,66,060,2024,12,20,6,3,5,2,2,0,1,0,0,0,0,391286.311300000175834,5789414.552999999374151,7.407682789000035,52.244385774000079,0,05241220709500216758
05,5,66,076,2024,12,18,6,3,5,3,2,0,1,0,0,0,0,398834.053999999538064,5789520.259999999776483,7.518160503000047,52.246774951000077,0,05241220709500216525
05,5,66,016,2024,12,12,6,3,0,1,0,0,0,0,1,0,0,404588.963999999687076,5793404.543999999761581,7.601329886000030,52.282714232000046,1,05241220709500202173
05,5,66,068,2024,12,21,6,3,3,1,2,1,1,0,0,0,0,381837.147699999623001,5784219.082000000402331,7.271162030000028,52.195749130000081,0,05241220709300217527
05,5,66,084,2024,12,16,6,3,2,6,2,0,1,0,0,0,0,390035.766599999740720,5775788.803400000557303,7.393792994000023,52.121680932000061,0,05241220709300210471
05,5,66,084,2024,12,14,6,3,5,3,0,0,1,0,1,0,0,386238.262000000104308,5778440.357000000774860,7.337462055000060,52.144741945000078,0,05241220709300206707
05,5,66,052,2024,12,11,6,2,2,6,0,1,1,0,0,0,0,377814.087000000290573,5778574.137000000104308,7.214363801000047,52.144144981000068,0,05241220709300199740
05,5,54,044,2024,12,13,6,3,2,6,0,0,1,0,0,0,0,365417.091799999587238,5743654.108500000089407,7.047003678000067,51.827482343000042,1,05241220705000211475
05,5,54,020,2024,12,15,6,3,5,3,0,1,1,0,0,0,0,366443.858599999919534,5785779.223899999633431,7.045461801000044,52.206254101000070,0,05241220705000207302
05,5,54,004,2024,12,14,6,3,5,2,0,1,1,0,0,0,0,362609.895999999716878,5771056.290999999269843,6.995340430000056,52.073022961000049,0,05241220705000206675
05,5,54,012,2024,12,08,6,3,5,2,0,0,1,0,1,0,0,352954.199000000022352,5747599.677999999374151,6.864601011000047,51.859792123000034,1,05241220705000181861
05,5,66,048,2024,12,18,6,3,2,6,2,0,1,0,0,0,0,426415.288700000382960,5791420.115700000897050,7.921653510000056,52.268232103000059,0,05241220702350214238
05,5,15,000,2024,12,21,6,2,6,4,2,0,1,1,0,0,0,406976.816999999806285,5757807.342599999159575,7.646055991000026,51.963167409000050,0,05241220702100216612
05,5,15,000,2024,12,10,6,3,0,3,0,1,1,0,0,0,0,405257.700500000268221,5750585.452899999916553,7.623030676000042,51.897963416000039,0,05241220702100194631
05,5,15,000,2024,12,07,6,3,8,1,1,0,1,0,0,0,0,403207.596099999733269,5752347.991499999538064,7.592749298000058,51.913453473000061,1,05241220702100193670
05,5,62,028,2024,12,17,6,3,5,3,2,1,1,0,0,0,0,377990.359000000171363,5723392.415999999269843,7.236466516000064,51.648276406000036,0,05241220701920210681
05,5,12,000,2024,12,12,6,3,5,2,0,0,1,0,0,0,0,358101.462399999611080,5711079.161499999463558,6.954153673000064,51.532964281000034,0,05241220701400205932
05,5,62,032,2024,12,12,6,3,0,7,0,0,1,0,1,0,0,374968.529900000430644,5719864.225999999791384,7.194071945000076,51.615904533000048,0,05241220701110200091
05,5,13,000,2024,12,17,6,3,8,1,2,0,1,0,0,1,0,364596.405100000090897,5714424.267400000244379,7.046448185000031,51.564619883000034,0,05241220700000214807
05,5,13,000,2024,12,18,6,3,0,2,2,1,1,0,0,0,0,368694.841500000096858,5707404.263800000771880,7.108161451000058,51.502501937000034,1,05241220700000214234
05,5,66,076,2024,12,00,2,2,2,1,2,0,1,0,0,0,0,398756.611499999649823,5794874.827999999746680,7.515419478000069,52.294885028000067,0,05241223702350258704
05,5,70,052,2024,12,12,6,3,5,2,0,0,1,0,0,0,1,430843.246500000357628,5757526.221799999475479,7.993418386000030,51.964121669000065,0,05241220711100198441
05,5,15,000,2024,12,09,4,2,8,6,0,0,1,0,0,0,0,401880.440399999730289,5749657.040999999269843,7.574226432000046,51.889034109000079,1,05241225702330317980
05,5,66,064,2024,01,13,7,3,9,1,0,0,0,0,0,0,1,395551.341500000096858,5771428.894300000742078,7.475662046000025,52.083565406000048,0,05240120709110042938
05,5,54,008,2024,01,11,7,3,8,7,0,1,0,0,0,0,0,334039.707100000232458,5747442.512599999085069,6.590247581000028,51.853076491000081,0,05240120705000039571
05,5,62,012,2024,01,23,7,3,0,1,2,1,0,0,0,0,0,358490.002299999818206,5727601.475099999457598,6.953083289000062,51.681528633000028,0,05240120701610050866
05,5,66,028,2024,01,09,6,3,0,1,0,0,0,0,1,0,0,416576.271999999880791,5791788.010999999940395,7.777410243000077,52.270134330000076,2,05240119709700007903
05,5,66,076,2024,01,05,6,3,5,3,2,0,1,0,0,1,0,394267.383000000379980,5795835.220000000670552,7.449315832000025,52.302670653000064,2,05240119709500996667
05,5,15,000,2024,01,07,6,3,5,2,2,1,1,0,0,0,0,405905.023900000378489,5756978.417700000107288,7.630687990000069,51.955536289000065,1,05240119702100001687
05,5,13,000,2024,01,22,6,3,9,6,2,0,1,0,0,0,0,370093.070799999870360,5708597.210500000044703,7.127855966000027,51.513545952000072,2,05240119700000034234
05,5,13,000,2024,01,15,6,2,5,3,0,0,1,0,0,0,1,369468.057000000029802,5709193.364000000059605,7.118633055000032,51.518759437000028,0,05240119700000027802
05,5,13,000,2024,01,13,6,3,0,7,0,0,1,0,0,0,0,366852.144199999980628,5715768.450300000607967,7.078463882000051,51.577236557000049,0,05240119700000026298
05,5,66,076,2024,01,11,6,3,6,3,0,0,1,1,0,0,0,394375.733099999837577,5796188.514599999412894,7.450793434000047,52.305866631000072,1,05240119709500014090
05,5,66,068,2024,01,09,5,3,0,1,0,1,0,0,0,0,0,375357.558000000193715,5784833.992000000551343,7.176183751000053,52.199848095000050,2,05240118709300968990
05,5,58,012,2024,01,07,5,3,5,3,2,1,1,0,0,0,0,374185.580900000408292,5756830.651100000366569,7.169369159000041,51.947937514000046,0,05240118706200961827
05,5,54,044,2024,01,16,5,3,6,4,1,0,1,1,0,0,0,365665.949599999934435,5741432.816299999132752,7.051474195000026,51.807581631000062,1,05240118705000989004
05,5,54,012,2024,01,16,5,3,5,3,0,1,1,0,0,0,0,352567.352800000458956,5746228.915799999609590,6.859572120000053,51.847373893000054,0,05240118705000988846
05,5,54,068,2024,01,15,5,2,0,7,0,1,0,1,0,0,0,350818.754900000058115,5768029.387000000104308,6.824746704000063,52.042777620000038,0,05240118705000987722
05,5,54,012,2024,01,13,5,3,0,7,0,1,0,1,0,0,0,353691.931599999777973,5745713.258999999612570,6.876104761000022,51.843036548000043,0,05240118705000981775
05,5,54,004,2024,01,09,5,3,6,2,0,0,1,1,0,0,0,363794.103000000119209,5772187.044999999925494,7.012156460000028,52.083475781000061,0,05240118705000973440
05,5,54,008,2024,01,07,5,3,0,3,2,1,1,0,0,0,0,335631.713499999605119,5746239.308399999514222,6.613913786000069,51.842738685000029,0,05240118705000960945
05,5,15,000,2024,01,17,4,3,1,5,2,1,1,0,0,0,0,404838.434000000357628,5758476.143999999389052,7.614756392000061,51.968816937000042,0,05240117702100948259
05,5,62,024,2024,01,13,4,1,8,1,0,0,0,0,1,0,0,367863.558400000445545,5724838.473699999973178,7.089631070000053,51.658982791000028,0,05240117701500946866
05,5,70,004,2024,01,07,3,3,5,3,2,1,1,0,0,0,0,423918.785199999809265,5733976.698200000450015,7.897836946000041,51.751518581000028,1,05240116711200874065
05,5,66,084,2024,01,14,3,3,5,3,0,1,1,0,0,0,0,386471.648500000126660,5779052.831800000742078,7.340666618000057,52.150294249000069,1,05240116709300898776
05,5,54,020,2024,01,15,3,3,5,3,0,1,1,0,0,0,0,365308.753800000064075,5784117.229699999094009,7.029521399000032,52.191044316000045,2,05240116705000899872
05,5,54,008,2024,01,14,3,3,6,5,0,0,1,1,0,0,0,337129.480800000019372,5745664.062300000339746,6.635907193000037,51.838009790000058,0,05240116705000897167