ULAND,UREGBEZ,UKREIS,UGEMEINDE,UJAHR,UMONAT,USTUNDE,UWOCHENTAG,UKATEGORIE,UART,UTYP1,ULICHTVERH,IstRad,IstPKW,IstFuss,IstKrad,IstGkfz,IstSonstige,LINREFX,LINREFY,XGCSWGS84,YGCSWGS84,STRZUSTAND,UIDENTSTLAE
05,5,62,024,2024,01,13,3,3,1,5,0,1,1,0,0,0,0,371428.903199999593198,5723076.801300000399351,7.141795263000063,51.643977972000073,1,05240116701500898654
05,5,62,020,2024,01,13,3,3,5,3,0,1,1,0,0,0,0,371089.200100000016391,5716764.469000000506639,7.139210403000050,51.587172550000048,0,05240116701200900450
05,5,70,008,2024,01,10,5,3,5,3,0,0,1,0,0,0,0,433615.979600000195205,5734721.871999999508262,8.038151726000024,51.759450945000026,0,05240118711300970154
05,5,66,084,2024,01,14,2,3,2,6,0,1,1,0,0,0,0,390335.116200000047684,5776566.322300000116229,7.397913004000031,52.128728153000054,1,05240115709300854174
05,5,58,012,2024,01,18,2,3,9,1,2,0,1,0,0,0,0,373961.586000000126660,5754297.098999999463558,7.167040093000026,51.925119172000052,2,05240115706000861874
05,5,54,064,2024,01,08,2,3,2,6,0,0,1,0,0,0,0,361524.394999999552965,5751479.302999999374151,6.987415480000038,51.896845372000030,2,05240115705000829224
05,5,15,000,2024,01,15,2,3,1,7,0,1,1,0,0,0,0,406101.835099999792874,5757678.364700000733137,7.633359869000060,51.961861003000081,1,05240115702100857698
05,5,62,028,2024,01,07,2,3,0,7,2,0,0,0,0,0,1,379631.768600000068545,5722456.815400000661612,7.260501565000027,51.640221624000048,1,05240115701920838088
05,5,62,014,2024,01,13,2,3,8,1,0,0,1,0,0,0,0,360675.776399999856949,5713701.082900000736117,6.990206369000020,51.557166330000030,1,05240115701300852372
05,5,13,000,2024,01,09,2,3,6,2,0,0,1,1,0,0,0,362225.720999999903142,5717686.664000000804663,7.010986982000077,51.593362215000070,1,05240115700000831692
05,5,12,000,2024,01,13,7,3,5,3,0,0,1,0,0,0,0,359509.168499999679625,5712424.399199999868870,6.973898884000050,51.545404687000030,1,05240113701400797958
05,5,13,000,2024,01,23,7,3,5,3,2,1,1,0,0,0,0,369728.707999999634922,5708780.280999999493361,7.122540350000065,51.515107286000045,1,05240113700000805944
05,5,66,056,2024,01,06,6,3,0,1,2,1,0,0,0,0,0,416869.045500000007451,5796860.598699999973178,7.780448092000029,52.315773488000048,2,05240112709700763188
05,5,66,084,2024,01,05,6,3,0,1,2,1,0,0,0,0,0,385274.261900000274181,5778760.165799999609590,7.323272484000029,52.147416649000036,2,05240112709300789030
05,5,66,024,2024,01,07,6,3,0,1,2,0,0,0,1,0,0,383965.439000000245869,5770761.016000000759959,7.306878895000068,52.075256053000032,2,05240112709300756022
05,5,66,008,2024,01,09,6,3,0,7,0,1,0,0,0,0,0,398921.742700000293553,5781650.957499999552965,7.521794289000070,52.176064647000032,2,05240112709110758677
05,5,58,036,2024,01,23,6,3,9,1,2,0,1,0,0,0,0,387425.898199999704957,5729776.877000000327826,7.370728048000046,51.707627213000080,1,05240112706300791432
05,5,54,020,2024,01,20,6,3,6,4,2,0,1,1,0,0,0,364685.344899999909103,5786749.188799999654293,7.019355549000068,52.214540576000047,0,05240112705000787028
05,5,54,020,2024,01,07,6,3,0,1,1,1,0,0,0,0,0,366243.616399999707937,5786108.873400000855327,7.042402970000069,52.209167572000069,2,05240112705000759430
05,5,54,020,2024,01,05,6,3,9,1,2,0,1,0,0,0,0,367740.041000000201166,5782388.132400000467896,7.065742446000058,52.176095894000071,2,05240112705000756300
05,5,54,016,2024,01,06,6,3,8,1,2,0,1,0,0,0,0,363043.348399999551475,5756630.577899999916553,7.007428262000076,51.943508247000068,2,05240112705000755273
05,5,54,008,2024,01,05,6,3,0,1,2,1,0,0,0,0,0,337141.554800000041723,5745122.543199999257922,6.636337149000042,51.833148546000075,2,05240112705000750100
05,5,15,000,2024,01,09,6,2,0,1,0,1,0,0,0,0,0,404882.031000000424683,5754940.185000000521541,7.616369570000074,51.937041768000029,2,05240112702100770868
05,5,15,000,2024,01,07,6,3,8,1,2,0,1,0,0,0,1,404776.847599999979138,5752989.610899999737740,7.615379743000062,51.919491161000053,2,05240112702100769338
05,5,15,000,2024,01,08,6,3,8,1,1,0,1,0,0,0,0,413688.338999999687076,5754034.008999999612570,7.744662674000040,51.930331893000073,2,05240112702100763635
05,5,15,000,2024,01,08,6,2,0,7,1,1,0,0,0,0,0,408344.937199999578297,5757108.502800000831485,7.666149455000038,51.957113070000048,2,05240112702100757570
05,5,15,000,2024,01,05,6,3,9,1,2,0,1,0,0,0,0,409122.544999999925494,5763283.085000000894070,7.675826686000050,52.012741432000041,2,05240112702100754476
05,5,62,008,2024,01,17,6,3,6,4,2,0,1,1,0,0,0,385285.232599999755621,5723911.319599999114871,7.341687685000068,51.654475890000072,1,05240112701910784075
05,5,62,024,2024,01,15,6,3,5,5,0,0,1,0,0,0,0,369024.898799999617040,5725662.843000000342727,7.106102337000038,51.666662865000035,0,05240112701500782066
05,5,62,024,2024,01,07,6,3,6,7,1,0,0,1,0,0,1,369793.234000000171363,5725441.708000000566244,7.117288370000040,51.664854180000077,2,05240112701500752707
05,5,62,014,2024,01,07,6,3,0,1,1,1,0,0,0,0,0,360086.584999999962747,5715892.372999999672174,6.980840384000032,51.576711520000060,2,05240112701300758883
05,5,62,032,2024,01,08,6,3,5,3,1,1,0,0,0,0,1,375780.442300000227988,5717777.426300000399351,7.206532146000029,51.597329901000080,2,05240112701110758102
05,5,13,000,2024,01,07,6,3,2,6,2,0,1,0,0,0,0,368388.573200000450015,5710042.027799999341369,7.102766500000030,51.526135692000082,2,05240112700000759376
05,5,13,000,2024,01,00,6,3,8,5,2,0,1,0,0,0,0,368188.443300000391901,5707967.803099999204278,7.100658980000048,51.507448466000028,2,05240112700000749143
05,5,70,004,2024,01,10,5,2,5,2,0,1,1,0,0,0,0,425231.560100000351667,5734380.043999999761581,7.916764226000055,51.755321318000028,2,05240111711200718931
05,5,70,052,2024,01,08,5,3,5,3,0,1,1,0,0,0,0,430330.826700000092387,5755178.686000000685453,7.986437309000053,51.942954229000065,0,05240111711100713762
05,5,66,076,2024,01,18,5,3,0,6,2,1,0,0,0,0,0,393190.474700000137091,5792579.934599999338388,7.434559921000073,52.273206527000070,2,05240111709500744691
05,5,66,076,2024,01,16,5,3,0,1,1,1,0,0,0,0,0,392528.348000000230968,5793425.231000000610948,7.424590108000075,52.280674294000050,2,05240111709500741612
05,5,66,084,2024,01,20,5,2,8,1,2,1,0,0,0,0,0,390577.013500000350177,5775889.745100000873208,7.401662989000044,52.122695521000026,2,05240111709300745478
05,5,66,040,2024,01,07,5,2,6,4,0,0,1,1,0,0,0,421721.171000000089407,5781809.543899999931455,7.855102327000054,52.181196282000030,0,05240111709000719182
05,5,54,020,2024,01,23,5,3,4,1,2,0,1,0,0,0,0,364032.711000000126660,5786890.641000000759959,7.009752139000057,52.215650896000056,2,05240111705000748132
05,5,54,032,2024,01,18,5,3,0,1,2,1,0,0,0,0,0,322639.416000000201166,5747553.964999999850988,6.424832248000030,51.850572094000029,2,05240111705000747065
05,5,54,004,2024,01,18,5,2,0,1,2,1,0,0,0,0,0,362117.850999999791384,5772293.583000000566244,6.987665723000021,52.084018103000062,2,05240111705000744204
05,5,54,008,2024,01,15,5,3,5,2,0,0,1,0,0,0,0,336993.894000000320375,5745639.132999999448657,6.633952684000064,51.837746282000069,0,05240111705000742843
05,5,15,000,2024,01,14,5,3,0,7,0,0,0,0,0,0,1,406111.126199999824166,5757092.051799999549985,7.633655307000026,51.956592521000061,0,05240111702100839625
05,5,15,000,2024,01,19,5,2,0,1,2,1,0,0,0,0,0,409037.412299999967217,5753840.379100000485778,7.677088659000049,51.927850770000077,2,05240111702100748544
05,5,15,000,2024,01,18,5,2,0,1,2,1,0,0,0,0,0,402484.102300000376999,5758504.274700000882149,7.580488204000062,51.968661727000040,2,05240111702100743743
05,5,15,000,2024,01,09,5,3,0,5,0,1,0,1,0,0,1,405553.527099999599159,5757552.719599999487400,7.625416549000022,51.960638777000042,0,05240111702100714895
05,5,62,032,2024,01,19,5,3,1,7,2,0,1,0,0,0,0,375169.893699999898672,5717669.822599999606609,7.197760087000063,51.596227879000025,2,05240111701110787406
05,5,13,000,2024,01,09,5,3,2,2,0,0,1,0,0,0,0,366806.474000000394881,5714139.702999999746680,7.078422590000059,51.562588937000044,0,05240111700000720861
05,5,54,020,2024,01,17,5,3,0,1,2,1,0,0,0,0,0,365627.612200000323355,5786104.347400000318885,7.033394953000027,52.208977056000037,2,05240111705000741716
05,5,70,004,2024,01,09,4,3,5,2,0,1,0,0,0,0,1,423741.241999999620020,5735846.260999999940395,7.894855176000021,51.768301161000068,0,05240110711200679340
05,5,70,020,2024,01,14,4,3,2,2,0,0,1,0,0,0,0,434304.022800000384450,5744569.006699999794364,8.046252995000032,51.848057982000057,0,05240110711100692328
05,5,70,052,2024,01,05,4,3,5,3,2,1,1,0,0,0,0,430137.474700000137091,5756034.539899999275804,7.983450917000027,51.950623787000040,0,05240110711100662380
05,5,58,004,2024,01,17,4,3,0,1,2,1,0,0,0,1,0,403224.325100000016391,5741000.860500000417233,7.596171286000072,51.811463120000042,0,05240110706000700886
05,5,58,012,2024,01,15,4,2,3,6,0,1,1,0,0,0,0,375275.087000000290573,5755067.712899999693036,7.185852474000058,51.932340153000041,1,05240110706000693454
05,5,54,008,2024,01,07,4,3,5,3,2,0,1,0,0,0,0,335715.369099999777973,5745045.193499999120831,6.615694031000032,51.832036072000051,0,05240110705000698100
05,5,15,000,2024,01,12,4,3,5,2,0,1,1,0,0,0,0,403636.260999999940395,5758782.117000000551343,7.597176401000070,51.971359999000072,0,05240110702100682150
05,5,13,000,2024,01,19,4,3,6,4,2,0,1,1,0,0,0,366427.243999999947846,5708826.917999999597669,7.074970770000050,51.514755464000075,0,05240110700000699854
05,5,66,028,2024,01,09,3,3,4,1,0,0,1,0,0,0,0,416676.871700000017881,5791650.695299999788404,7.778918103000024,52.268915321000065,0,05240109709700629093
05,5,58,016,2024,01,14,3,3,0,7,0,1,1,0,0,0,0,382714.341099999845028,5742768.563699999824166,7.298183934000065,51.823423059000049,0,05240109706000649243
05,5,54,008,2024,01,09,3,3,6,7,0,0,1,1,0,0,0,335998.437500000000000,5745291.562100000679493,6.619681700000058,51.834332486000051,0,05240109705000632102
05,5,62,032,2024,01,07,3,3,6,4,2,1,0,1,0,0,0,374831.404000000096858,5720811.295499999076128,7.191754031000073,51.624385430000075,2,05240109701110623894
05,5,66,076,2024,01,07,6,3,0,1,2,1,0,0,0,0,0,393622.567999999970198,5793954.121999999508262,7.440456722000022,52.285640390000026,2,05240112709500757331
05,5,13,000,2024,01,19,6,3,5,3,2,0,1,0,0,0,0,366753.355999999679625,5709222.483999999240041,7.079518255000039,51.518387286000063,1,05240112700000787093
05,5,66,012,2024,01,07,2,3,2,6,2,0,1,0,0,0,0,404834.956799999810755,5772606.475500000640750,7.610774477000064,52.095823593000034,1,05240108709110589877
05,5,54,008,2024,01,09,2,3,0,7,0,1,0,0,0,0,0,336078.806499999947846,5745431.862900000065565,6.620780630000070,51.835616462000075,2,05240108705000583530
05,5,62,004,2024,01,08,2,3,5,3,0,0,1,0,0,0,0,383078.759300000034273,5712049.215199999511242,7.313760152000043,51.547408650000079,0,05240108701800583104
05,5,13,000,2024,01,12,2,3,6,4,0,0,1,1,0,0,0,366389.089999999850988,5711299.061000000685453,7.073483579000026,51.536962610000046,0,05240108700000599817
05,5,12,000,2024,01,13,4,3,5,3,0,1,1,0,0,0,0,356207.638000000268221,5719019.444599999114871,6.923619238000072,51.603834316000075,0,05240110701400693526
05,5,62,012,2024,01,03,1,3,0,1,2,0,1,0,0,0,0,355029.757500000298023,5724847.264399999752641,6.904209947000027,51.655898301000036,1,05240107701610570494
05,5,70,004,2024,01,07,7,2,5,3,2,0,1,0,1,0,0,424353.556499999947846,5736376.868499999865890,7.903611522000062,51.773154220000038,1,05240106711200549366
05,5,66,008,2024,01,20,7,3,0,1,2,0,0,0,0,0,1,399140.521599999628961,5781777.969699999317527,7.524954874000059,52.177246233000062,1,05240106709110559708
05,5,54,068,2024,01,18,7,3,2,6,2,0,1,0,0,0,0,351516.657300000078976,5767461.325099999085069,6.835161819000064,52.037861232000068,1,05240106705000558829
05,5,62,016,2024,01,19,7,3,6,7,2,0,0,1,0,0,1,375014.290900000371039,5734482.513399999588728,7.189498948000050,51.747288776000062,1,05240106701700560846
05,5,13,000,2024,01,21,7,3,8,1,2,0,1,0,0,0,0,369257.512000000104308,5708229.604199999943376,7.115957679000076,51.510049589000062,1,05240106700000561205
05,5,13,000,2024,01,05,7,3,5,3,2,0,1,0,0,0,1,368499.577999999746680,5708056.813899999484420,7.105106448000072,51.508320876000028,0,05240106700000548410
05,5,66,076,2024,01,17,6,3,5,2,2,1,1,0,0,0,0,395231.245000000111759,5792986.116000000387430,7.464332261000038,52.277249663000077,1,05240105709500540685
05,5,54,012,2024,01,16,6,3,6,7,0,0,1,1,0,0,0,352208.093100000172853,5745902.165500000119209,6.854499972000042,51.844343093000077,0,05240105705000543064
05,5,54,008,2024,01,19,6,3,0,1,2,0,0,0,1,0,0,336314.872000000439584,5746044.505999999120831,6.623913955000035,51.841189351000025,1,05240105705000542128
05,5,62,024,2024,01,18,6,3,5,2,2,1,1,0,0,0,0,368981.190600000321865,5725246.608400000259280,7.105626748000020,51.662912160000076,1,05240105701500541013
05,5,66,012,2024,01,11,5,3,5,3,0,1,1,0,0,0,0,404646.138000000268221,5772335.514000000432134,7.608094778000066,52.093355641000073,0,05240104709110485327
05,5,58,016,2024,01,18,5,3,5,3,2,0,1,0,0,0,0,380308.347000000067055,5741904.319000000134110,7.263588750000054,51.815145791000077,1,05240104706000504390
05,5,58,012,2024,01,14,5,3,4,2,0,0,1,0,0,0,0,374216.720099999569356,5756532.246500000357628,7.169931173000066,51.945262958000058,1,05240104706000499830
05,5,54,020,2024,01,19,5,3,6,4,2,0,1,1,0,0,0,363907.974799999967217,5787079.552500000223517,7.007851516000073,52.217317506000029,1,05240104705000505039
05,5,15,000,2024,01,14,5,3,0,3,0,1,1,0,0,0,0,406279.974000000394881,5759677.553999999538064,7.635405986000023,51.979860677000033,1,05240104702100495716
05,5,15,000,2024,01,09,5,3,5,3,0,1,1,0,0,0,1,405853.457000000402331,5754438.165999999269843,7.630633397000054,51.932694578000053,1,05240104702100484439
05,5,15,000,2024,01,07,5,3,1,5,2,1,1,0,0,0,0,406492.849100000225008,5758134.526599999517202,7.638924934000045,51.966027104000034,1,05240104702100475853
05,5,66,084,2024,01,22,4,3,7,6,2,0,1,0,0,0,1,389757.803600000217557,5775804.921700000762939,7.389729403000047,52.121770430000026,1,05240103709300468093
05,5,66,008,2024,01,20,4,2,0,7,2,1,0,0,0,0,0,400887.242800000123680,5782878.007999999448657,7.550169763000042,52.187449715000071,0,05240103709110465720
05,5,66,008,2024,01,12,4,3,0,5,0,0,1,0,0,0,0,398904.876000000163913,5780867.107000000774860,7.521781283000053,52.169016545000034,0,05240103709000448249
05,5,15,000,2024,01,15,4,3,2,6,0,0,1,0,0,0,0,412215.200400000438094,5753583.692999999970198,7.723357568000040,51.926053686000046,0,05240103702100461581
05,5,62,014,2024,01,17,4,3,5,3,1,0,1,0,0,0,0,357235.282999999821186,5715167.346999999135733,6.940014811000026,51.569481690000032,1,05240103701300465505
05,5,62,032,2024,01,18,4,3,1,5,2,0,1,0,0,0,0,375160.974600000306964,5720506.032800000160933,7.196621416000028,51.621715219000066,1,05240103701110465329
05,5,62,032,2024,01,08,4,3,5,3,0,1,0,0,0,0,1,376159.570600000210106,5717091.555600000545382,7.212245163000034,51.591249325000035,1,05240103701110438407
05,5,70,052,2024,01,10,3,2,5,3,0,0,1,0,0,0,1,428866.361399999819696,5753384.376099999994040,7.965506703000074,51.926638794000041,1,05240102711100403166
05,5,66,076,2024,01,16,3,2,5,2,2,0,1,0,0,0,0,393350.189500000327826,5796552.980499999597669,7.435642212000062,52.308943933000080,1,05240102709500424594
05,5,58,012,2024,01,18,3,3,5,3,2,1,1,0,0,0,0,374335.930999999865890,5756385.357000000774860,7.171718350000049,51.943969881000044,1,05240102706000424263
05,5,54,012,2024,01,16,3,3,7,1,2,0,1,0,0,0,0,352012.385999999940395,5746120.138199999928474,6.851567765000027,51.846249715000056,1,05240102705000423955
05,5,54,008,2024,01,16,3,3,2,6,1,0,1,0,0,0,0,336215.144399999640882,5745756.286199999973178,6.622604087000070,51.838570901000026,1,05240102705000420958
05,5,54,012,2024,01,13,3,3,5,3,0,1,1,0,0,0,0,353301.537999999709427,5746565.567999999970198,6.870080217000066,51.850592099000039,1,05240102705000413667
05,5,15,000,2024,01,18,3,3,0,3,2,1,1,0,0,0,0,404855.836600000038743,5759303.590199999511242,7.614780278000069,51.976257310000051,1,05240102702100456144
05,5,58,016,2024,01,01,2,3,5,3,2,1,1,0,0,0,0,381144.015999999828637,5744141.312000000849366,7.274938184000064,51.835428316000048,0,05240101706000374131
05,5,13,000,2024,01,14,1,2,0,1,0,0,0,0,1,0,0,367770.164099999703467,5706666.260199999436736,7.095123231000059,51.495654104000039,1,05240114700000814000
05,5,15,000,2024,01,17,5,3,0,2,2,1,0,0,0,0,0,404243.385700000450015,5758440.984699999913573,7.606106988000022,51.968398720000039,2,05240111702100742935
05,5,15,000,2024,01,09,6,2,0,1,0,1,0,0,0,0,0,406088.370099999941885,5760467.212700000032783,7.632400842000038,51.986926110000070,2,05240112702100763496
05,5,62,004,2024,01,13,3,3,5,3,0,0,1,0,0,0,1,382738.453099999576807,5711790.834400000050664,7.308940661000065,51.545015775000081,1,05240116701800893637
05,5,66,040,2024,01,13,7,3,6,6,0,0,0,1,0,0,1,421637.463999999687076,5782446.077199999243021,7.853731176000053,52.186906116000046,0,05240120709800042867
05,5,54,004,2024,01,11,4,3,5,3,0,1,1,0,0,0,0,363323.183500000275671,5771232.718299999833107,7.005670509000026,52.074784725000029,0,05240110705000683337
05,5,66,076,2024,01,17,5,2,0,1,2,1,0,0,0,0,0,395246.215200000442564,5794240.252100000157952,7.464161871000044,52.288523804000079,2,05240111709500742176
05,5,62,032,2024,01,21,5,3,8,1,2,0,1,0,0,0,0,375182.094700000248849,5718026.803500000387430,7.197809128000074,51.599438814000052,2,05240111701110746771
05,5,66,076,2024,01,14,5,3,5,3,0,1,1,0,0,0,0,395299.875400000251830,5793719.284700000658631,7.465110142000071,52.283851945000038,0,05240111709500738761
05,5,62,032,2024,01,12,5,2,0,1,0,0,0,0,1,0,0,375607.580599999986589,5719123.604900000616908,7.203560206000077,51.609390057000041,0,05240118701110976346
05,5,13,000,2024,01,18,1,3,0,1,2,1,0,0,0,0,0,362821.934000000357628,5714658.622999999672174,7.020771652000064,51.566297027000076,1,05240107700000574208
05,5,70,024,2024,02,22,1,3,0,1,2,1,0,0,0,0,0,421447.889100000262260,5753529.195399999618530,7.857609216000071,51.926943213000072,1,05240211711100802334
05,5,66,040,2024,02,21,1,3,0,7,2,1,0,0,0,0,1,422088.524000000208616,5782624.278000000864267,7.860286798000061,52.188571850000073,1,05240211709800801588
05,5,58,028,2024,02,09,1,3,6,1,0,0,1,1,0,0,0,399676.568799999542534,5729514.109300000593066,7.548041099000045,51.707589751000057,1,05240211706100791315
05,5,54,020,2024,02,16,1,2,0,1,0,1,0,0,0,0,0,365360.545599999837577,5785689.616200000047684,7.029653713000073,52.205185383000071,1,05240211705000797779
05,5,54,020,2024,02,10,1,3,5,3,0,1,1,0,0,0,0,365453.531999999657273,5786174.075999999418855,7.030821124000056,52.209561118000067,1,05240211705000791821
05,5,62,012,2024,02,21,7,2,8,1,2,0,1,0,0,0,0,361147.214599999599159,5725939.194499999284744,6.992154566000067,51.667254758000070,1,05240210701610785509
05,5,62,014,2024,02,12,7,3,6,4,0,0,1,1,0,0,0,360870.435999999754131,5715645.789200000464916,6.992242696000062,51.574689705000026,0,05240210701300777049
05,5,66,076,2024,02,07,6,3,5,2,1,1,1,0,0,0,0,392398.174999999813735,5791979.620999999344349,7.423143917000061,52.267656943000077,1,05240209709500737707
05,5,66,084,2024,02,17,6,3,0,1,2,0,1,1,0,0,1,388457.024299999698997,5775916.987099999561906,7.370700891000070,52.122516647000054,0,05240209709300763258
05,5,54,008,2024,02,20,6,3,0,3,2,1,1,0,0,0,0,336036.343000000342727,5745361.754000000655651,6.620198090000031,51.834974179000028,0,05240209705000766034
05,5,54,044,2024,02,15,6,3,5,3,0,0,1,0,0,0,0,365754.902999999932945,5743827.837999999523163,7.051835379000067,51.829124754000077,1,05240209705000760674
05,5,54,068,2024,02,10,6,3,5,3,0,1,1,0,0,0,0,351005.245299999602139,5767657.635700000450015,6.827625854000075,52.039487795000070,0,05240209705000745159
05,5,62,012,2024,02,09,6,3,4,6,0,0,0,0,0,1,1,362223.800200000405312,5731936.911199999973178,7.005343354000047,51.721415138000054,1,05240209701620740529
05,5,62,014,2024,02,17,6,2,5,2,1,0,1,0,0,0,0,358922.088999999687076,5713434.836999999359250,6.965032779000069,51.554338001000076,0,05240209701300764225
05,5,13,000,2024,02,12,6,2,6,4,0,0,1,1,0,0,0,368090.971400000154972,5707373.943700000643730,7.099477394000075,51.502088844000070,1,05240209700000751412
05,5,70,004,2024,02,00,5,3,9,1,2,0,1,0,0,0,0,423642.004200000315905,5735024.337500000372529,7.893597962000058,51.760898836000081,0,05240208711200690715
05,5,70,052,2024,02,18,5,3,5,3,2,0,1,0,0,0,1,430336.669400000013411,5755180.731899999082088,7.986521882000034,51.942973352000081,1,05240208711100725017
05,5,66,076,2024,02,08,5,3,4,6,0,1,1,0,0,0,0,396604.510499999858439,5787437.038499999791384,7.486152521000065,52.227637737000066,0,05240208709500701408
05,5,66,084,2024,02,15,5,3,5,3,0,1,1,0,0,0,0,389343.353000000119209,5775222.183000000193715,7.383867736000070,52.116450438000072,1,05240208709300719377
05,5,58,004,2024,02,17,5,3,0,6,1,1,0,0,0,0,0,403586.973299999721348,5738757.017699999734759,7.602054202000033,51.791356820000033,1,05240208706000724196
05,5,54,020,2024,02,19,5,3,0,5,2,1,1,1,0,0,0,365371.519299999810755,5786207.700600000098348,7.029608210000049,52.209843217000071,1,05240208705000727868
05,5,54,020,2024,02,15,5,3,1,1,0,0,1,0,0,0,0,363777.147300000302494,5786561.613800000399351,7.006146150000063,52.212631402000056,1,05240208705000721210
05,5,54,020,2024,02,14,5,3,5,3,0,0,1,0,0,0,0,364503.858199999667704,5786416.462999999523163,7.016833981000048,52.211506356000029,1,05240208705000718882
05,5,15,000,2024,02,00,5,3,0,1,2,0,0,0,0,0,1,406434.012600000016391,5760158.443199999630451,7.637516993000077,51.984209084000042,1,05240208702100730687
05,5,62,024,2024,02,18,5,3,5,3,2,1,1,0,0,0,0,369919.096300000324845,5724100.912399999797344,7.119606140000030,51.652834089000066,1,05240208701500726128
05,5,62,024,2024,02,16,5,3,3,6,0,0,1,0,0,1,0,368916.600700000301003,5725745.835200000554323,7.104506136000055,51.667383424000036,1,05240208701500722761
05,5,62,020,2024,02,12,5,3,5,3,0,0,1,0,0,0,0,369446.240000000223517,5719578.004000000655651,7.114461309000035,51.612078699000051,1,05240208701200718950
05,5,13,000,2024,02,09,5,3,5,7,0,0,1,0,0,0,0,366894.069299999624491,5714045.661000000312924,7.079721169000038,51.561764501000027,0,05240208700000701524
05,5,70,004,2024,02,07,4,3,5,2,0,1,1,0,0,0,0,422926.052699999883771,5735276.893400000408292,7.883170156000062,51.763071129000082,1,05240207711200655347
05,5,70,052,2024,02,15,4,2,0,3,0,0,1,0,0,0,0,429967.485999999567866,5756418.619500000029802,7.980899609000062,51.954055133000054,0,05240207711100679717
05,5,66,076,2024,02,23,4,3,9,7,0,0,1,0,0,0,0,393594.942200000397861,5793797.182900000363588,7.440101422000055,52.284224601000062,0,05240207709500690339
05,5,66,076,2024,02,17,4,3,5,3,0,1,1,0,0,0,0,394413.700000000186265,5796294.674000000581145,7.451316782000049,52.306828008000082,0,05240207709500684628
05,5,54,020,2024,02,14,4,3,0,2,0,1,1,0,0,0,0,367723.109699999913573,5785089.432000000029802,7.064440882000042,52.200364466000053,0,05240207705000677469
05,5,15,000,2024,02,13,4,3,0,7,0,1,0,0,0,0,0,406081.345399999991059,5757523.802799999713898,7.633104007000043,51.960468269000046,0,05240207702100703190
05,5,15,000,2024,02,07,4,3,5,2,1,1,1,0,0,0,0,405833.717000000178814,5755597.632600000128150,7.630028916000072,51.943113083000071,1,05240207702100653368
05,5,66,076,2024,02,07,3,3,5,3,2,1,1,0,0,0,0,392403.214300000108778,5791977.595499999821186,7.423218381000027,52.267639726000027,1,05240206709500619185
05,5,66,076,2024,02,07,3,3,5,2,1,0,1,0,0,0,1,393345.649000000208616,5796551.873999999836087,7.435575989000029,52.308933107000030,1,05240206709500614123
05,5,54,012,2024,02,10,3,3,0,1,0,0,1,0,0,0,0,354335.916699999943376,5743268.997800000011921,6.886475102000077,51.821243003000063,1,05240206705000624430
05,5,54,008,2024,02,07,3,3,5,6,1,1,0,0,0,0,0,336277.101400000043213,5745749.418999999761581,6.623505829000067,51.838527375000069,1,05240206705000610233
05,5,62,004,2024,02,15,3,3,5,3,0,0,1,0,0,0,0,384071.082100000232458,5711747.048699999228120,7.328164422000043,51.544897574000061,0,05240206701800640140
05,5,62,014,2024,02,16,3,3,5,3,1,1,1,0,0,0,0,362057.877000000327826,5716084.755999999120831,7.009194896000054,51.578926141000068,1,05240206701300641102
05,5,13,000,2024,02,14,3,3,6,7,0,0,1,1,0,0,0,368257.938199999742210,5707530.377399999648333,7.101823176000039,51.503533623000067,0,05240206700000636875
05,5,13,000,2024,02,14,3,3,0,4,0,0,1,1,0,0,0,366667.901499999687076,5707802.512199999764562,7.078824372000042,51.505606334000049,1,05240206700000635527
05,5,13,000,2024,02,06,3,3,0,1,2,0,0,0,1,0,0,364179.696000000461936,5712882.334000000730157,7.041035438000051,51.550663283000063,0,05240206700000610857
05,5,70,028,2024,02,15,4,3,5,3,0,0,1,0,0,0,0,442807.304899999871850,5747438.175000000745058,8.169210061000058,51.874788452000075,0,05240207711400685306
05,5,15,000,2024,02,21,2,3,0,1,2,0,0,0,1,0,0,401514.586699999868870,5754278.462400000542402,7.567590846000030,51.930508254000074,1,05240205702100604848
05,5,13,000,2024,02,07,2,2,6,4,0,0,1,1,0,0,0,362676.719999999739230,5710293.882999999448657,7.020381350000036,51.527038910000044,0,05240205700000572758
05,5,58,044,2024,02,02,1,2,6,4,2,0,1,1,0,0,0,399631.586600000038743,5742126.878900000825524,7.543746550000037,51.820950592000031,0,05240204706300546100
05,5,15,000,2024,02,18,1,3,6,4,2,0,1,1,0,0,0,403881.028800000436604,5761606.999500000849366,7.599946897000052,51.996793269000079,0,05240204702100577664
05,5,62,004,2024,02,19,1,3,6,4,2,0,1,1,0,0,0,382799.426900000311434,5712319.639200000092387,7.309643408000056,51.549781201000030,1,05240204701800556185
05,5,13,000,2024,02,12,1,2,5,3,0,0,1,0,0,0,0,367155.622999999672174,5710766.908999999985099,7.084730227000023,51.532361258000037,1,05240204700000552499
05,5,70,040,2024,02,19,7,3,5,3,2,0,1,0,0,0,0,412981.014999999664724,5750490.619000000879169,7.735273176000021,51.898370593000038,1,05240203711200542249