ULAND,UREGBEZ,UKREIS,UGEMEINDE,UJAHR,UMONAT,USTUNDE,UWOCHENTAG,UKATEGORIE,UART,UTYP1,ULICHTVERH,IstRad,IstPKW,IstFuss,IstKrad,IstGkfz,IstSonstige,LINREFX,LINREFY,XGCSWGS84,YGCSWGS84,STRZUSTAND,UIDENTSTLAE
05,5,62,028,2024,02,11,7,3,5,3,0,0,1,0,0,0,0,376343.058000000193715,5723966.896999999880791,7.212465620000046,51.653079459000026,1,05240203701920533634
05,5,62,032,2024,02,20,7,2,8,1,2,0,1,0,0,0,0,375154.513399999588728,5717343.238199999555945,7.197654358000023,51.593289414000026,1,05240203701110542716
05,5,66,008,2024,02,20,6,3,0,7,2,1,0,0,0,0,0,399829.093999999575317,5781442.813400000333786,7.535120474000053,52.174359383000080,1,05240202709110525311
05,5,54,032,2024,02,15,6,3,0,7,0,0,0,0,0,0,1,324260.497999999672174,5744080.763699999079108,6.450107904000049,51.819887428000072,0,05240202705000520427
05,5,54,004,2024,02,15,6,3,0,1,0,1,0,0,0,0,0,363120.079199999570847,5771957.630799999460578,7.002418006000028,52.081248167000069,0,05240202705000519157
05,5,62,012,2024,02,19,6,3,5,3,2,0,1,0,0,0,0,362298.075199999846518,5724914.677600000053644,7.009189085000060,51.658331623000038,0,05240202701610523806
05,5,62,020,2024,02,13,6,3,6,4,0,0,1,1,0,0,0,371574.166699999943376,5716495.793500000610948,7.146305094000070,51.584868733000064,0,05240202701200515485
05,5,13,000,2024,02,18,6,3,5,3,2,1,1,0,0,0,0,364793.258000000379980,5715621.832000000402331,7.048825711000063,51.575428911000074,0,05240202700000525022
05,5,58,024,2024,02,13,5,3,5,3,0,0,1,0,0,0,0,393570.548100000247359,5736773.554400000721216,7.457482852000055,51.771713342000055,0,05240201706000479805
05,5,54,008,2024,02,16,5,3,0,2,0,0,1,0,0,0,1,335382.168100000359118,5745152.899299999698997,6.610811502000047,51.832905549000031,0,05240201705000481368
05,5,12,000,2024,02,15,5,2,6,2,0,0,1,1,0,0,0,358291.104500000365078,5710960.916200000792742,6.956933583000023,51.531949364000070,0,05240201701400481455
05,5,12,000,2024,02,15,5,3,6,4,0,0,1,1,0,0,0,357503.947100000455976,5707988.795099999755621,6.946794404000059,51.505044018000035,0,05240201701400478641
05,5,13,000,2024,02,14,5,3,2,6,0,0,1,0,0,0,0,368070.594999999739230,5708577.596999999135733,7.098733677000041,51.512901035000027,0,05240201700000476255
05,5,12,000,2024,02,06,2,3,9,6,2,0,1,0,1,0,0,359104.704400000162423,5711738.075500000268221,6.968344572000035,51.539136545000076,0,05240205701400561991
05,5,70,012,2024,01,18,4,3,4,3,2,1,1,0,0,0,0,439246.666899999603629,5753582.340600000694394,8.116411016000029,51.929648222000026,0,05240131711100441731
05,5,66,028,2024,01,14,4,3,0,1,0,1,0,0,0,0,0,412967.457100000232458,5792340.029999999329448,7.724393887000076,52.274536693000073,0,05240131709700435841
05,5,54,068,2024,01,18,4,3,1,5,2,1,1,0,0,0,0,351084.877100000157952,5767819.095100000500679,6.828715683000041,52.040959809000071,0,05240131705000441708
05,5,54,012,2024,01,07,4,3,5,3,0,1,1,0,0,0,0,353737.106399999931455,5746760.648800000548363,6.876317016000030,51.852459192000026,0,05240131705000410341
05,5,15,000,2024,01,18,4,3,5,3,2,0,1,0,0,0,1,406857.825000000186265,5755087.732000000774860,7.645061659000021,51.938702223000064,0,05240131702100442020
05,5,62,014,2024,01,07,4,3,5,2,2,0,1,0,0,0,1,358915.304999999701977,5713152.535000000149012,6.965048229000047,51.551799547000030,0,05240131701300409622
05,5,62,032,2024,01,15,4,3,2,5,0,1,1,0,0,0,0,375700.172399999573827,5717302.374800000339746,7.205542131000072,51.593042826000044,0,05240131701110440151
05,5,13,000,2024,01,17,4,3,0,3,2,0,1,0,0,0,1,368388.597799999639392,5709301.788499999791384,7.103043369000034,51.519483345000026,0,05240131700000441790
05,5,13,000,2024,01,17,4,3,2,6,2,0,1,0,0,0,0,364681.758000000379980,5716254.685000000521541,7.046973819000073,51.581089215000077,0,05240131700000440594
05,5,70,004,2024,01,18,3,3,5,3,2,0,1,0,0,0,0,424785.811999999918044,5734826.257999999448657,7.910210974000051,51.759272966000026,0,05240130711200401870
05,5,58,024,2024,01,11,3,2,8,1,0,1,0,0,0,0,0,392424.827899999916553,5736607.019600000232458,7.440935732000071,51.769997522000040,0,05240130706300379398
05,5,54,008,2024,01,17,3,3,0,3,1,1,1,0,0,0,0,336618.606200000271201,5745695.486800000071526,6.628483769000070,51.838142882000056,0,05240130705000402271
05,5,15,000,2024,01,07,3,3,0,6,2,0,1,0,0,0,1,406160.146999999880791,5752401.609999999403954,7.635648043000060,51.914440742000068,0,05240130702100365809
05,5,62,020,2024,01,19,3,3,5,2,2,0,1,0,0,0,1,371296.669999999925494,5717107.835000000894070,7.142077565000022,51.590305757000067,0,05240130701200400658
05,5,13,000,2024,01,12,3,3,2,6,0,0,1,0,0,0,0,368407.565399999730289,5709717.005000000819564,7.103161526000065,51.523219217000076,0,05240130700000394861
05,5,13,000,2024,01,14,3,3,5,3,0,1,0,0,0,0,1,367578.793100000359118,5714201.580000000074506,7.089534810000032,51.563326869000036,0,05240130700000392726
05,5,62,012,2024,02,10,3,3,1,3,0,0,1,0,0,0,1,359132.502999999560416,5725516.719000000506639,6.963211337000075,51.662957011000060,1,05240206701610624936
05,5,58,028,2024,02,07,6,2,0,1,1,1,0,0,0,0,0,397978.006299999542534,5733117.615900000557303,7.522411223000063,51.739673187000051,0,05240209706300737866
05,5,66,076,2024,02,16,6,3,1,5,0,1,1,0,0,0,0,394681.211900000460446,5795657.928999999538064,7.455438141000059,52.301156808000030,0,05240202709500531777
05,5,54,056,2024,01,20,2,3,4,5,2,1,1,0,0,0,0,357412.939500000327826,5762687.678799999877810,6.923053279000044,51.996517501000028,0,05240129705000356902
05,5,54,016,2024,01,17,2,3,6,2,1,0,1,1,0,0,0,363098.289900000207126,5757834.902200000360608,7.007747438000024,51.954343342000072,0,05240129705000353722
05,5,62,028,2024,01,20,2,3,2,7,2,0,1,0,1,0,0,379677.975100000388920,5721968.839700000360608,7.261336749000066,51.635845892000077,0,05240129701920357000
05,5,62,020,2024,02,17,6,3,2,6,1,0,1,0,0,0,0,369140.203700000420213,5719378.451300000771880,7.110118425000053,51.610214336000070,0,05240202701200522027
05,5,54,048,2024,01,16,1,3,0,1,0,1,0,0,0,0,0,341236.302600000053644,5746167.358100000768900,6.695234683000024,51.843713896000054,0,05240128705000308869
05,5,54,012,2024,01,13,1,3,9,1,0,1,0,0,0,0,0,352414.485500000417233,5745868.772900000214577,6.857508164000023,51.844097655000041,0,05240128705000306081
05,5,15,000,2024,01,02,1,3,0,1,2,1,0,0,0,0,0,405801.717899999581277,5757451.012399999424815,7.629055516000051,51.959766692000073,0,05240128702100300816
05,5,62,032,2024,01,13,1,3,0,1,0,1,0,0,0,0,0,375497.635700000450015,5718744.267500000074506,7.202107962000071,51.605956601000059,0,05240128701110306631
05,5,70,044,2024,01,18,7,3,5,3,2,0,1,0,0,0,0,416155.434700000099838,5759339.129300000146031,7.779241241000022,51.978396668000073,0,05240127711100295656
05,5,70,052,2024,01,11,7,3,7,5,0,1,1,0,0,0,0,430510.980999999679625,5756220.985600000247359,7.988847080000028,51.952346656000032,0,05240127711100287152
05,5,66,076,2024,01,09,7,3,5,3,0,0,1,0,0,0,0,392768.688299999572337,5792876.113800000399351,7.428286409000066,52.275786236000044,0,05240127709500286623
05,5,66,008,2024,01,14,7,3,2,2,0,0,1,0,1,0,0,397658.288999999873340,5781845.635999999940395,7.503265123000062,52.177581431000078,0,05240127709110291499
05,5,66,008,2024,01,02,7,2,0,1,2,1,0,0,0,0,0,397607.046500000171363,5781069.831700000911951,7.502750146000039,52.170599290000041,0,05240127709110283119
05,5,54,008,2024,01,23,7,3,0,1,2,1,1,0,0,0,0,335348.941899999976158,5743168.308700000867248,6.611273393000033,51.815067375000069,1,05240127705000299319
05,5,54,004,2024,01,00,7,3,3,6,2,1,0,0,0,0,0,363258.456199999898672,5771224.421800000593066,7.004729980000036,52.074694199000078,0,05240127705000282797
05,5,15,000,2024,01,12,7,3,5,2,0,1,1,0,0,0,0,406503.937199999578297,5751368.035800000652671,7.640925450000054,51.905208216000062,0,05240127702100290062
05,5,15,000,2024,01,09,7,2,1,2,0,0,1,1,0,0,0,407767.429700000211596,5761092.592199999839067,7.656676800000071,51.992828670000051,0,05240127702100285915
05,5,62,024,2024,01,18,7,3,6,2,2,0,1,1,0,0,0,368022.618999999947846,5724978.890499999746680,7.091876306000074,51.660282017000043,0,05240127701500294757
05,5,62,024,2024,01,18,7,2,5,3,2,1,1,0,0,0,0,369962.244900000281632,5728458.203900000080466,7.118607355000051,51.692001371000060,0,05240127701500294703
05,5,12,000,2024,01,14,7,3,5,3,0,0,1,0,0,0,1,357924.235199999995530,5709895.226199999451637,6.952077767000048,51.522280945000034,0,05240127701400290705
05,5,70,004,2024,01,09,6,3,6,2,0,0,1,1,0,0,0,423947.809799999929965,5735243.576099999248981,7.897980111000038,51.762911333000034,1,05240126711200250897
05,5,70,052,2024,01,06,6,3,2,6,2,0,1,0,0,0,0,429073.083999999798834,5755654.407999999821186,7.968044419000023,51.947071843000060,1,05240126711100249111
05,5,66,068,2024,01,10,6,3,2,6,0,0,1,0,0,0,1,376986.307000000029802,5785854.839999999850988,7.199632582000049,52.209387489000051,1,05240126709300259897
05,5,66,008,2024,01,08,6,3,5,3,0,1,1,0,0,0,0,399628.222099999897182,5781443.639200000092387,7.532183762000045,52.174330301000055,1,05240126709110250953
05,5,54,008,2024,01,07,6,3,5,3,2,1,1,0,0,0,0,337144.515800000168383,5745763.263800000771880,6.636078533000045,51.838905356000055,1,05240126705000255017
05,5,54,012,2024,01,08,6,3,0,2,0,1,1,0,0,0,0,353421.049200000241399,5746294.280200000852346,6.871929124000076,51.848185976000082,1,05240126705000254139
05,5,13,000,2024,01,07,6,3,0,2,1,1,1,0,0,0,0,363711.428500000387430,5715358.764000000432134,7.033325706000028,51.572804395000048,1,05240126700000270499
05,5,70,040,2024,01,07,5,3,6,4,2,0,1,1,0,0,0,419113.670500000007451,5744568.006999999284744,7.825771283000051,51.846054657000082,0,05240125711200205240
05,5,66,012,2024,01,17,5,3,0,7,2,1,0,0,0,0,0,409982.241399999707937,5766359.135399999096990,7.687540472000023,52.040530804000070,0,05240125709110238546
05,5,15,000,2024,01,19,5,3,5,2,2,1,1,0,0,0,0,401571.139000000432134,5757701.974999999627471,7.567432886000063,51.961289578000049,0,05240125702100643654
05,5,15,000,2024,01,13,5,3,0,4,0,1,0,1,0,0,0,404454.309299999848008,5756685.476500000804663,7.609664667000061,51.952655861000039,0,05240125702100235056
05,5,15,000,2024,01,12,5,1,3,6,0,1,0,0,0,0,1,412697.558000000193715,5752612.187999999150634,7.730616934000068,51.917396811000060,0,05240125702100223481
05,5,62,016,2024,01,18,5,2,6,4,2,0,1,1,0,0,0,375312.345499999821186,5734605.923200000077486,7.193769904000021,51.748464254000055,0,05240125701700239317
05,5,62,032,2024,01,07,5,3,5,3,0,0,1,0,0,0,1,373457.884499999694526,5718791.716399999335408,7.172651555000073,51.605928347000031,0,05240125701110206143
05,5,54,008,2024,02,10,4,3,0,7,0,0,1,0,0,0,0,331943.053000000305474,5743233.865399999544024,6.561877383000024,51.814642690000028,1,05240207705000665927
05,5,54,008,2024,02,19,5,3,1,6,2,0,1,0,0,0,0,336665.017300000414252,5745689.395700000226498,6.629159689000062,51.838101737000045,1,05240208705000726399
05,5,66,028,2024,01,18,4,3,0,1,2,1,0,0,0,0,0,411821.575000000186265,5791830.236999999731779,7.707736963000059,52.269771953000031,0,05240124709700192398
05,5,66,076,2024,01,21,4,3,5,3,2,0,1,0,0,0,0,392766.669999999925494,5792882.492000000551343,7.428254810000055,52.275843164000037,0,05240124709500195309
05,5,66,004,2024,01,18,4,3,7,1,2,1,0,0,0,0,0,395651.959099999628961,5767987.007799999788404,7.478182084000025,52.052649816000041,0,05240124709110192168
05,5,58,016,2024,01,07,4,3,6,4,1,0,1,1,0,0,0,380683.851999999955297,5744449.228000000119209,7.268156514000054,51.838097471000026,0,05240124706100162473
05,5,13,000,2024,01,10,4,3,2,6,0,0,1,0,0,0,0,366367.092299999669194,5708328.933599999174476,7.074293165000029,51.510266040000033,0,05240124700000166468
05,5,58,024,2024,02,08,6,3,5,3,0,0,1,0,0,0,0,393589.661700000055134,5736747.528200000524521,7.457767738000030,51.771483051000075,0,05240202706300504494
05,5,70,004,2024,01,13,3,3,1,2,0,0,1,0,0,0,0,424265.579300000332296,5734251.328299999237061,7.902800011000068,51.754034415000035,1,05240123711200136124
05,5,54,012,2024,01,07,3,3,5,3,1,0,1,0,1,0,0,352942.914800000376999,5746317.442399999126792,6.864982789000067,51.848268348000033,0,05240123705000163353
05,5,54,008,2024,01,18,3,3,5,3,2,1,1,0,0,0,0,335886.610700000077486,5744564.501099999994040,6.618404888000043,51.827768131000028,1,05240123705000148561
05,5,15,000,2024,01,11,3,3,3,6,0,1,0,0,0,0,1,408100.388000000268221,5757752.554999999701977,7.662419280000051,51.962861814000064,0,05240123702100415394
05,5,15,000,2024,01,20,3,3,5,2,2,1,1,0,0,0,0,407929.253999999724329,5758278.172199999913573,7.659788264000042,51.967558036000071,1,05240123702100151497
05,5,15,000,2024,01,16,3,3,6,7,0,0,1,1,0,0,0,408313.843999999575317,5753750.525900000706315,7.666592473000037,51.926924403000044,0,05240123702100148517
05,5,15,000,2024,01,07,3,3,2,7,2,0,1,0,0,0,1,407066.448099999688566,5753964.987500000745058,7.648398882000038,51.928645254000060,0,05240123702100118359
05,5,62,020,2024,01,07,3,3,6,4,1,1,0,1,0,0,0,370465.231999999843538,5718588.260199999436736,7.129535421000071,51.603419481000060,0,05240123701200120425
05,5,62,032,2024,01,18,3,2,6,2,2,0,1,1,0,0,0,378486.608099999837577,5717698.617499999701977,7.245610818000046,51.597211914000070,1,05240123701110148273
05,5,13,000,2024,01,18,3,3,6,2,2,0,1,1,0,0,0,369004.019999999552965,5716393.307000000029802,7.109267440000053,51.583356144000049,1,05240123700000151155
05,5,15,000,2024,01,13,3,3,6,4,0,0,1,1,0,0,0,407082.567900000140071,5751297.388599999248981,7.649353040000051,51.904670006000060,0,05240130702100390857
05,5,66,076,2024,01,10,2,3,0,5,0,1,1,0,0,0,0,394845.780199999921024,5793235.452999999746680,7.458606692000046,52.279416927000057,1,05240122709500081562
05,5,66,060,2024,01,07,2,3,0,7,1,1,0,0,0,0,0,389005.400500000454485,5789748.539000000804663,7.374179242000025,52.246932044000062,1,05240122709500078599
05,5,66,084,2024,01,07,2,3,7,7,2,0,0,0,1,0,0,390701.301300000399351,5773776.489700000733137,7.404156132000026,52.103727664000075,1,05240122709300072065
05,5,66,012,2024,01,11,2,2,5,3,0,1,1,0,0,0,0,405685.972000000067055,5772271.078999999910593,7.623286567000036,52.092954689000067,1,05240122709110086123
05,5,66,008,2024,01,09,2,3,1,5,0,1,1,0,0,0,0,398381.686599999666214,5780901.880699999630451,7.514123543000039,52.169232991000058,1,05240122709110085397
05,5,66,012,2024,01,08,2,3,6,2,1,0,1,1,0,0,0,405005.824000000022352,5772261.107999999076128,7.613364278000063,52.092748729000050,1,05240122709110069762
05,5,66,012,2024,01,11,2,3,5,3,0,0,1,0,0,0,0,404903.644700000062585,5773130.548800000920892,7.611630607000052,52.100545860000068,1,05240122709000085084
05,5,66,012,2024,01,07,2,3,1,2,2,0,1,0,0,0,1,404572.968999999575317,5772459.366000000387430,7.606992375000061,52.094456229000059,1,05240122709000071872
05,5,54,048,2024,01,15,2,3,5,3,0,0,0,0,0,1,0,341765.846499999985099,5744629.268999999389052,6.703618764000055,51.830046046000064,0,05240122705000100245
05,5,62,016,2024,01,07,2,2,6,2,1,0,1,1,0,0,0,374732.162600000388920,5733750.809599999338388,7.185677842000075,51.740650064000079,1,05240122701700070089
05,5,12,000,2024,01,21,2,3,4,2,2,0,1,0,1,0,0,359552.697999999858439,5710069.167099999263883,6.975465719000056,51.524251281000033,0,05240122701400108351
05,5,70,016,2024,01,16,4,3,5,3,0,1,1,0,0,0,0,416660.850999999791384,5735331.664000000804663,7.792392873000040,51.762666026000034,0,05240131711200444626
05,5,70,008,2024,01,23,1,3,6,6,2,0,1,1,0,0,0,433838.230000000447035,5734236.142000000923872,8.041463927000052,51.755110500000058,0,05240121711300050564
05,5,70,032,2024,01,09,1,3,0,1,0,1,0,0,0,0,0,420347.269199999980628,5765599.827500000596046,7.838803768000048,52.035291461000043,0,05240121711100055135
05,5,66,052,2024,01,01,1,3,0,7,2,1,0,0,0,0,0,378721.657999999821186,5779434.052999999374151,7.227313285000037,52.152072559000032,0,05240121709300051402
05,5,54,004,2024,01,04,1,3,1,6,2,1,1,0,0,0,0,362194.518899999558926,5771990.058000000193715,6.988906546000067,52.081309933000057,0,05240121705000059350
05,5,54,008,2024,01,14,1,3,8,7,0,0,1,0,0,0,0,334692.595999999903142,5743948.410800000652671,6.601387940000052,51.821881591000079,0,05240121705000058659
05,5,15,000,2024,01,18,1,3,1,5,2,0,1,0,0,0,1,405113.084999999962747,5755587.826799999922514,7.619550838000066,51.942902504000074,0,05240121702100061515
05,5,13,000,2024,01,17,1,3,2,6,0,0,1,0,0,0,0,368224.688199999742210,5708286.595699999481440,7.101061806000075,51.510321835000070,0,05240121700000061061
05,5,58,004,2024,03,14,1,3,0,3,0,1,0,0,0,0,0,403463.832700000144541,5742193.179899999871850,7.599312149000070,51.822221759000058,0,05240303706300539372
05,5,54,068,2024,03,15,1,3,2,2,0,0,1,0,1,0,0,350600.060999999754131,5768515.373999999836087,6.821347959000036,52.047085026000047,0,05240303705000539449
05,5,15,000,2024,03,17,1,3,4,3,0,1,1,0,0,0,0,401305.430999999865890,5761562.450999999418855,7.562456591000057,51.995941055000060,0,05240303702100589891
05,5,15,000,2024,03,01,1,3,0,7,2,1,1,0,0,0,0,405666.195199999958277,5754380.377599999308586,7.627926352000031,51.932143439000072,0,05240303702100530527
05,5,62,020,2024,03,05,1,3,9,1,1,0,1,0,0,0,0,372236.382000000216067,5713131.510999999940395,7.157081458000050,51.554784582000082,0,05240303701200533686
05,5,62,032,2024,03,02,1,2,6,6,2,0,1,1,0,0,0,376814.353799999691546,5719896.453700000420213,7.220707358000027,51.616601137000032,0,05240303701110530796
05,5,13,000,2024,03,16,1,3,0,7,0,0,0,1,0,0,1,364893.494500000029802,5716286.968699999153614,7.050015450000046,51.581430124000065,0,05240303700000588477
05,5,13,000,2024,03,15,1,3,5,3,0,0,1,0,1,0,0,364309.370199999772012,5713485.698799999430776,7.042671801000040,51.556116557000053,0,05240303700000539074
05,5,70,004,2024,03,11,7,3,8,7,0,0,1,1,0,0,0,423162.327399999834597,5733773.045800000429153,7.886925621000046,51.749584563000042,0,05240302711200518335
05,5,54,016,2024,03,18,7,3,1,5,1,0,1,0,0,0,1,362161.570299999788404,5757888.082100000232458,6.994103557000074,51.954589827000063,0,05240302705000525911
05,5,15,000,2024,03,15,7,3,6,1,0,1,0,1,0,0,0,405313.096800000406802,5757094.687100000679493,7.622044644000027,51.956480895000027,0,05240302702100521379
05,5,66,076,2024,03,08,6,3,5,3,0,0,1,0,0,0,0,391775.209999999962747,5791954.018999999389052,7.414026640000031,52.267304611000043,0,05240301709500562393
05,5,66,016,2024,03,16,6,3,1,2,0,1,1,0,0,0,0,402941.441999999806285,5794691.956000000238419,7.576815378000049,52.293996692000064,0,05240301709500505306
05,5,66,076,2024,03,14,6,3,5,3,0,1,1,0,0,0,0,393727.917500000447035,5795154.930900000035763,7.441621826000073,52.296452663000082,0,05240301709500504748
05,5,66,008,2024,03,13,6,3,5,3,0,1,0,0,0,0,0,399902.889299999922514,5781453.213199999183416,7.536196192000034,52.174466246000065,0,05240301709110497067
05,5,54,008,2024,03,17,6,3,3,6,0,1,1,0,0,0,0,334862.515100000426173,5745178.773099999874830,6.603264259000071,51.832984606000082,0,05240301705000503867
05,5,54,008,2024,03,12,6,3,0,3,0,0,1,0,0,0,1,335171.757000000216067,5746229.724999999627471,6.607247575000031,51.842517019000070,0,05240301705000491898
05,5,15,000,2024,03,20,6,3,0,6,2,1,0,0,0,0,0,402770.743800000287592,5758143.648800000548363,7.584761506000063,51.965470540000069,0,05240301702100508324
05,5,62,032,2024,03,13,6,3,1,5,0,1,0,0,0,1,0,377305.094800000078976,5717475.023299999535084,7.228639266000073,51.594946291000042,0,05240301701110496557
05,5,13,000,2024,03,14,6,3,1,6,0,0,1,0,0,0,0,369673.015599999576807,5709108.316299999132752,7.121616882000069,51.518042450000053,0,05240301700000503435
05,5,13,000,2024,03,08,6,2,5,3,0,0,1,0,0,0,1,368200.658900000154972,5710182.042400000616908,7.100006849000067,51.527350140000067,0,05240301700000478612
05,5,66,076,2024,02,18,5,3,0,1,2,1,0,0,0,0,0,393262.855600000359118,5796894.448000000789762,7.434253405000049,52.311995775000071,0,05240229709500468401
05,5,66,016,2024,02,19,5,3,5,1,2,1,1,0,0,0,0,403975.542999999597669,5794575.983799999579787,7.592006625000067,52.293136072000038,0,05240229709500466466
05,5,54,004,2024,02,07,5,3,4,3,0,1,1,0,0,0,0,357650.362900000065565,5777667.066299999132752,6.920264396000050,52.131167462000064,0,05240229705000461810
05,5,62,008,2024,02,14,5,3,5,3,0,1,1,0,0,0,0,382997.262000000104308,5721210.198999999091029,7.309531459000027,51.629727759000048,0,05240229701910462092
05,5,13,000,2024,02,15,5,3,5,3,0,1,1,0,0,0,0,370415.656000000424683,5706589.308000000193715,7.133239943000035,51.495575131000066,0,05240229700000461927
05,5,66,040,2024,02,20,4,3,4,1,2,1,1,0,0,0,0,423121.172899999655783,5781325.616800000891089,7.875683997000067,52.177043182000034,0,05240228709800423138
05,5,58,024,2024,02,17,4,2,5,3,0,0,1,0,0,0,0,394224.912999999709427,5737942.480000000447035,7.466606957000067,51.782343770000068,0,05240228706000421330
05,5,54,012,2024,02,05,4,3,8,1,2,0,1,0,0,0,0,348338.549999999813735,5752510.776900000870228,6.795467065000025,51.902680576000080,0,05240228705000382241
05,5,12,000,2024,02,17,4,3,0,1,0,0,0,0,1,0,0,353325.575299999676645,5711327.257200000807643,6.885242806000065,51.533973073000027,0,05240228701400419175
05,5,13,000,2024,02,11,4,3,5,3,0,1,1,0,0,0,0,365263.519000000320375,5709582.005699999630451,7.057920992000049,51.521264743000074,0,05240228700000401087
05,5,13,000,2024,02,11,4,3,5,2,0,0,1,0,0,0,1,366491.139100000262260,5715781.924799999222159,7.073252047000040,51.577272259000040,0,05240228700000397940
05,5,15,000,2024,02,15,3,3,5,3,0,1,1,0,0,0,0,407124.535099999979138,5756621.847500000149012,7.648525867000046,51.952536261000034,0,05240227702100376766
05,5,15,000,2024,02,14,3,3,0,6,0,1,0,0,0,0,0,405088.844999999739230,5757067.751900000497699,7.618789627000069,51.956200560000070,0,05240227702100368515
05,5,15,000,2024,02,08,3,3,6,4,0,0,1,1,0,0,0,405857.459999999962747,5757277.578999999910593,7.629914056000075,51.958217236000053,0,05240227702100343990
05,5,13,000,2024,02,17,3,3,5,7,0,0,1,0,0,0,1,367663.866100000217557,5709122.758099999278784,7.092671021000058,51.517705122000052,0,05240227700000374247
05,5,66,028,2024,02,16,2,3,0,3,0,1,1,0,0,0,0,413221.752999999560416,5794419.114000000059605,7.727584746000048,52.293264331000046,0,05240226709700333151
05,5,54,004,2024,02,17,2,3,5,3,1,0,1,0,0,0,0,364014.819000000134110,5771220.176000000908971,7.015760991000036,52.074842298000078,1,05240226705000347763
05,5,15,000,2024,02,19,2,3,5,3,2,1,1,0,0,0,0,405225.944000000134110,5757241.652000000700355,7.620736185000055,51.957787030000077,1,05240226702100335215
05,5,15,000,2024,02,18,2,2,5,3,2,1,1,0,0,0,0,408081.840599999763072,5754808.119500000029802,7.662936855000055,51.936392442000056,1,05240226702100332163
05,5,15,000,2024,02,07,2,3,5,2,0,1,0,0,0,1,0,406475.604000000283122,5751398.403000000864267,7.640505477000033,51.905476418000035,0,05240226702100318536
05,5,62,024,2024,02,07,2,3,6,4,0,0,1,1,0,0,0,368765.075299999676645,5726314.688200000673532,7.102102647000038,51.672460068000078,1,05240226701500297085
05,5,62,014,2024,02,07,2,3,5,3,1,0,1,0,0,0,1,360283.035000000149012,5715783.067099999636412,6.983717039000055,51.575778018000051,1,05240226701300297421
05,5,54,008,2024,02,22,1,3,0,1,2,0,0,0,1,0,0,331628.218399999663234,5742602.930800000205636,6.557620893000035,51.808880218000070,0,05240225705000289909
05,5,54,008,2024,02,01,1,2,8,1,2,1,0,0,0,0,0,335550.645200000144541,5743799.534499999135733,6.613897253000061,51.820797328000026,0,05240225705000277329
05,5,62,012,2024,02,17,1,3,0,7,0,0,0,0,0,0,1,360980.450799999758601,5726097.149199999868870,6.989681870000027,51.668632893000051,1,05240225701610285944
05,5,15,000,2024,02,17,7,3,5,3,0,0,1,0,0,0,1,407527.224000000394881,5758322.138000000268221,7.653926085000023,51.967886487000044,0,05240224702100271565
05,5,62,020,2024,02,18,7,3,3,6,1,0,1,0,0,0,0,370732.713999999687076,5717809.839999999850988,7.133682491000059,51.596485436000080,0,05240224701200318767
05,5,62,020,2024,02,11,7,2,5,5,0,0,1,0,1,0,0,371125.362099999561906,5718207.240900000557303,7.139202191000038,51.600146779000056,1,05240224701200266061
05,5,54,008,2024,02,17,7,3,2,6,0,0,1,0,0,0,0,335372.042999999597669,5745462.457399999722838,6.610517427000048,51.835683445000029,0,05240224705000357361
05,5,13,000,2024,02,16,7,2,6,4,0,0,1,1,0,0,0,366667.976499999873340,5707802.368000000715256,7.078825506000044,51.505605056000036,0,05240224700000273546
05,5,70,008,2024,02,18,6,3,5,3,2,1,1,0,0,0,0,432837.812900000251830,5739119.513199999928474,8.026027592000048,51.798892945000034,1,05240223711300254624
05,5,66,040,2024,02,19,6,3,0,7,2,1,0,0,0,0,0,423104.150200000032783,5781513.705700000748038,7.875392455000053,52.178731532000029,1,05240223709800254640
05,5,66,076,2024,02,13,6,2,0,7,0,1,0,0,0,0,0,393349.923600000329316,5793004.976399999111891,7.436761504000060,52.277057409000065,1,05240223709500247485
05,5,66,008,2024,02,10,6,3,5,7,0,1,1,0,0,0,0,404016.201500000432134,5779233.887099999934435,7.596956238000075,52.155249818000073,0,05240223709110234236
05,5,66,096,2024,02,14,6,3,5,5,0,1,1,0,0,0,0,385343.205299999564886,5785297.611700000241399,7.322069797000040,52.206181904000061,1,05240223709000247614
05,5,54,068,2024,02,14,6,3,5,3,0,1,0,0,0,0,1,351482.194699999876320,5767459.073400000110269,6.834660732000032,52.037831772000061,1,05240223705000250020
05,5,54,056,2024,02,09,6,3,5,3,0,0,1,0,1,0,0,356677.025799999944866,5762117.822300000116229,6.912579728000026,51.991207903000031,0,05240223705000233482
05,5,54,008,2024,02,07,6,3,0,3,0,1,1,0,0,0,0,336205.197100000455976,5745749.881999999284744,6.622462864000056,51.838510452000037,0,05240223705000227360
05,5,12,000,2024,02,12,6,3,6,4,0,0,1,1,0,0,0,357755.905000000260770,5709518.792600000277162,6.949805029000061,51.518855969000072,0,05240223701400328103
05,5,13,000,2024,02,13,6,3,6,2,0,0,1,1,0,0,0,368373.699699999764562,5709635.117200000211596,7.102704250000045,51.522475419000045,0,05240223700000248215