ULAND,UREGBEZ,UKREIS,UGEMEINDE,UJAHR,UMONAT,USTUNDE,UWOCHENTAG,UKATEGORIE,UART,UTYP1,ULICHTVERH,IstRad,IstPKW,IstFuss,IstKrad,IstGkfz,IstSonstige,LINREFX,LINREFY,XGCSWGS84,YGCSWGS84,STRZUSTAND,UIDENTSTLAE
05,5,13,000,2024,02,13,6,3,1,5,0,1,1,0,0,0,0,369298.553799999877810,5709676.402300000190735,7.116012241000021,51.523061225000049,0,05240223700000246347
05,5,54,004,2024,02,20,5,3,0,7,2,1,0,0,0,0,0,363129.491899999789894,5771988.122500000521541,7.002543046000028,52.081524473000059,1,05240222705000214300
05,5,54,016,2024,02,15,5,3,0,1,0,1,0,0,0,0,0,362504.213600000366569,5757847.155999999493361,6.999102966000066,51.954306899000073,1,05240222705000208793
05,5,54,012,2024,02,14,5,3,2,6,0,0,1,0,0,0,0,351666.723299999721348,5745759.875800000503659,6.846707894000076,51.842921088000026,1,05240222705000208009
05,5,15,000,2024,02,07,5,3,5,3,0,0,1,0,0,0,0,404967.762400000356138,5765980.196599999442697,7.614557164000075,52.036287947000062,1,05240222702100198644
05,5,62,032,2024,02,13,5,3,1,6,0,1,0,0,0,0,1,375467.683500000275671,5720309.724300000816584,7.201119446000064,51.620018925000068,0,05240222701110202741
05,5,13,000,2024,02,17,5,2,5,3,0,0,1,1,0,0,0,368702.815999999642372,5711722.323000000789762,7.106667209000022,51.541309257000080,0,05240222700000211825
05,5,13,000,2024,02,13,5,3,5,3,0,1,1,0,0,0,0,366008.042000000365078,5708862.224999999627471,7.068919562000076,51.514973485000041,0,05240222700000204642
05,5,66,044,2024,02,12,5,2,0,7,0,1,0,0,0,0,0,422315.184700000099838,5773795.313200000673532,7.865620660000047,52.109240586000055,1,05240222709800203184
05,5,70,008,2024,02,07,4,3,5,2,0,1,1,0,0,0,0,432883.905799999833107,5739416.385999999940395,8.026638445000060,51.801567355000032,0,05240221711300137656
05,5,62,014,2024,02,13,4,3,0,7,0,0,0,1,0,0,1,360795.734000000171363,5715065.217599999159575,6.991395428000033,51.569454198000074,0,05240228701300418174
05,5,70,004,2024,02,13,4,3,5,3,0,1,0,0,0,0,0,423048.788999999873340,5735201.316999999806285,7.884965025000042,51.762408607000054,0,05240221711200157270
05,5,70,052,2024,02,12,4,3,2,6,0,1,0,0,0,0,1,430617.285000000149012,5756233.356000000610948,7.990391180000074,51.952471134000064,0,05240221711100152624
05,5,66,008,2024,02,19,4,2,5,3,2,1,1,0,0,0,0,399149.131000000052154,5780817.358999999240041,7.525366295000026,52.168614114000036,1,05240221709110170412
05,5,70,052,2024,02,15,6,3,0,7,0,0,0,1,0,0,1,429929.367100000381470,5756061.159199999645352,7.980417895000073,51.950836904000028,0,05240223711100267042
05,5,66,012,2024,02,12,4,3,5,2,0,1,1,0,0,0,0,404901.251400000415742,5773082.702099999412894,7.611609033000036,52.100115395000046,0,05240221709110150050
05,5,54,020,2024,02,14,4,3,0,7,0,0,1,0,0,0,1,365099.646999999880791,5783773.017999999225140,7.026601207000056,52.187900348000028,0,05240221705000203150
05,5,54,008,2024,02,20,4,3,6,2,2,0,1,1,0,0,0,336993.894000000320375,5745639.132999999448657,6.633952684000064,51.837746282000069,1,05240221705000171668
05,5,54,012,2024,02,07,4,3,3,2,0,1,1,0,0,0,0,352027.398000000044703,5745412.387599999085069,6.852088331000061,51.839894642000047,0,05240221705000136381
05,5,15,000,2024,02,15,4,3,5,3,0,0,1,0,0,0,0,412586.117999999783933,5752285.366000000387430,7.729079979000062,51.914441567000040,0,05240221702100166697
05,5,15,000,2024,02,11,4,3,5,3,0,0,1,0,0,0,0,405422.505800000391901,5754591.622099999338388,7.624324949000027,51.934000846000060,0,05240221702100151825
05,5,54,004,2024,02,13,3,3,6,7,0,0,1,1,0,0,0,364814.967299999669194,5772201.028400000184774,7.027040226000054,52.083851658000071,0,05240220705000144378
05,5,12,000,2024,02,14,3,3,5,3,0,1,1,0,0,0,0,356221.667000000365078,5710877.440999999642372,6.927152720000038,51.530676092000078,0,05240220701400116545
05,5,70,028,2024,02,07,2,3,5,2,0,1,1,0,0,0,0,440748.213999999687076,5742927.058000000193715,8.140076392000026,51.834017783000036,1,05240219711400045381
05,5,58,016,2024,02,23,2,3,5,2,2,0,1,0,0,0,1,380308.347000000067055,5741904.319000000134110,7.263588750000054,51.815145791000077,1,05240219706100083680
05,5,54,004,2024,02,18,2,3,0,7,1,1,0,0,0,0,0,363015.014000000432134,5771688.722999999299645,7.000993710000046,52.078805949000071,1,05240219705000080210
05,5,54,008,2024,02,18,2,3,8,7,2,1,0,0,0,0,0,336099.204699999652803,5745466.686000000685453,6.621059928000022,51.835935280000058,1,05240219705000079593
05,5,15,000,2024,02,10,2,3,6,6,0,0,0,1,0,0,1,406178.564299999736249,5757242.280700000002980,7.634595391000062,51.957954231000031,1,05240219702100051240
05,5,62,012,2024,02,17,2,3,5,3,0,1,1,0,0,0,0,359839.276300000026822,5726852.073400000110269,6.972887875000026,51.675133004000031,1,05240219701610076227
05,5,62,024,2024,02,14,2,3,5,2,0,0,1,0,1,0,0,368865.168999999761581,5725925.521999999880791,7.103695419000076,51.668986185000051,0,05240219701500070019
05,5,12,000,2024,02,08,2,3,0,1,0,0,0,0,0,0,1,357449.414900000207126,5709735.434399999678135,6.945302938000054,51.520725432000063,1,05240219701400045229
05,5,13,000,2024,02,14,2,3,5,5,0,0,1,0,0,0,0,367597.283300000242889,5708965.089500000700355,7.091771182000059,51.516272598000057,1,05240219700000184023
05,5,13,000,2024,02,17,2,3,6,4,0,0,1,1,0,0,0,362677.647800000384450,5711445.584400000050664,7.019945594000035,51.537388676000035,1,05240219700000167384
05,5,70,004,2024,02,14,1,3,5,3,0,0,1,0,0,0,1,423917.894000000320375,5734235.507999999448657,7.897767397000052,51.753845075000072,1,05240218711200027958
05,5,70,052,2024,02,07,1,3,6,7,0,0,1,1,0,0,0,424667.927799999713898,5757547.359899999573827,7.903548593000039,51.963509172000045,0,05240218711100023193
05,5,15,000,2024,02,14,1,2,6,7,0,0,1,1,0,0,0,407840.484000000171363,5758147.744599999859929,7.658531490000030,51.966370971000060,1,05240218709110028545
05,5,54,068,2024,02,14,1,3,1,5,0,1,1,0,0,0,0,350344.064899999648333,5767550.369699999690056,6.818040196000027,52.038346021000052,1,05240218705000028222
05,5,54,032,2024,02,08,1,3,6,7,0,0,1,1,0,0,0,322792.792000000365078,5747192.611600000411272,6.427241938000066,51.847375080000063,0,05240218705000027448
05,5,62,014,2024,02,19,1,3,6,2,2,0,1,1,0,0,0,361524.083499999716878,5715636.574699999764562,7.001672825000071,51.574767839000060,1,05240218701300032262
05,5,70,028,2024,02,15,7,3,1,3,0,0,1,0,0,0,1,442034.368599999696016,5742884.437699999660254,8.158747351000045,51.833769587000063,0,05240217711400656354
05,5,70,004,2024,02,12,7,3,5,3,0,1,1,0,0,0,0,423890.474200000055134,5734982.116299999877810,7.897206738000023,51.760553109000057,0,05240217711200008999
05,5,66,084,2024,02,17,7,3,0,7,2,1,0,0,0,0,0,390572.624900000169873,5775441.383700000122190,7.401743086000067,52.118665106000037,1,05240217709300015285
05,5,15,000,2024,02,09,7,3,5,2,0,1,1,0,0,0,0,401302.686999999918044,5758736.002000000327826,7.563229860000035,51.970536011000036,0,05240217702100023473
05,5,15,000,2024,02,10,7,3,0,1,0,1,0,0,0,0,0,405872.413800000213087,5754381.703800000250340,7.630924487000073,51.932190274000050,1,05240217702100006473
05,5,70,004,2024,03,19,6,3,5,3,2,1,1,0,0,0,0,423040.623300000093877,5735896.805199999362230,7.884692649000044,51.768659656000068,0,05240301711200507053
05,5,66,056,2024,02,14,6,3,3,1,0,1,1,0,0,0,0,416832.841000000014901,5796812.471599999815226,7.779928991000077,52.315335417000028,1,05240216709700006698
05,5,66,008,2024,02,11,6,2,0,1,0,1,0,0,0,0,0,399307.333399999886751,5781482.650299999862909,7.527481248000072,52.174622456000066,0,05240216709110981509
05,5,54,020,2024,02,12,6,3,4,2,0,1,1,0,0,0,0,366795.139000000432134,5782818.372999999672174,7.051763229000073,52.179734510000060,0,05240216705000985986
05,5,54,044,2024,02,12,6,2,6,4,0,0,1,1,0,0,0,365438.213000000454485,5744141.171000000089407,7.047120635000056,51.831864171000063,0,05240216705000983582
05,5,54,012,2024,02,07,6,3,2,6,0,1,1,0,0,0,0,351125.901600000448525,5745849.177200000733137,6.838824591000048,51.843579517000080,0,05240216705000971036
05,5,15,000,2024,02,16,6,3,0,7,0,1,1,0,0,0,0,405908.743999999947846,5757493.192999999970198,7.630601119000062,51.960163952000073,1,05240216702100994607
05,5,62,012,2024,02,10,6,2,0,1,0,1,0,0,0,0,0,359565.301300000399351,5724368.979800000786781,6.969925936000038,51.652751936000072,0,05240216701610975353
05,5,70,004,2024,02,07,5,3,5,3,0,0,1,0,0,0,1,423730.878999999724329,5735381.485200000926852,7.894807072000049,51.764121580000051,1,05240215711200927342
05,5,70,052,2024,02,12,5,3,1,5,0,1,1,0,0,0,0,429052.782399999909103,5751686.896199999377131,7.968567123000071,51.911402879000036,1,05240215711100032149
05,5,66,076,2024,02,10,5,3,5,3,0,1,1,0,0,0,0,394524.048899999819696,5793702.610899999737740,7.453746321000040,52.283553753000035,1,05240215709500931356
05,5,66,076,2024,02,06,5,3,5,3,2,1,0,0,0,1,0,394413.700000000186265,5796294.674000000581145,7.451316782000049,52.306828008000082,1,05240215709500921904
05,5,58,036,2024,02,06,5,3,1,5,2,0,1,0,0,1,0,388584.407999999821186,5729700.205600000917912,7.387512338000022,51.707169358000044,1,05240215706300921271
05,5,54,012,2024,02,18,5,3,8,1,2,1,0,0,0,0,0,352753.130199999548495,5753020.468800000846386,6.859370009000031,51.908444168000074,0,05240215705000958989
05,5,54,008,2024,02,07,5,3,0,3,1,1,1,0,0,0,0,336210.316999999806285,5746304.912000000476837,6.622274317000063,51.843498040000043,1,05240215705000924720
05,5,62,004,2024,02,18,5,3,4,6,2,1,1,0,0,0,0,382202.096900000236928,5713599.903000000864267,7.300603458000069,51.561163415000067,1,05240215701800957029
05,5,62,014,2024,02,11,5,3,6,4,0,0,1,1,0,0,0,362185.510099999606609,5713151.153899999335408,7.012186048000046,51.552595406000080,0,05240215701300938337
05,5,13,000,2024,02,09,5,3,5,3,0,0,1,0,0,0,0,369654.721599999815226,5709109.028100000694394,7.121353102000057,51.518044626000062,1,05240215700000931155
05,5,62,024,2024,02,20,4,3,6,6,2,1,0,1,0,0,0,370215.415500000119209,5725238.523800000548363,7.123464786000056,51.663125902000047,1,05240221701500172639
05,5,66,040,2024,02,16,2,2,5,3,0,1,1,0,0,0,0,422762.467899999581277,5781294.296700000762939,7.870446342000037,52.176711545000046,1,05240226709800329934
05,5,70,052,2024,02,07,4,3,0,6,1,1,1,0,0,0,0,428802.052699999883771,5753984.021800000220537,7.964447556000039,51.932021146000068,1,05240214711100891556
05,5,58,016,2024,02,15,4,3,5,3,0,1,1,0,0,0,0,381142.112999999895692,5743982.823000000789762,7.274965019000035,51.834003549000045,1,05240214706000910502
05,5,54,004,2024,02,13,4,2,5,3,0,1,1,0,0,0,0,364620.122000000439584,5772432.492399999871850,7.024106498000037,52.085883858000045,1,05240214705000907194
05,5,15,000,2024,02,15,4,3,5,3,0,1,1,0,0,0,0,401740.707899999804795,5757468.717900000512600,7.569966743000066,51.959223007000048,0,05240214702100915244
05,5,15,000,2024,02,19,4,2,9,7,2,0,0,0,0,0,1,406024.996600000187755,5756941.715800000354648,7.632443387000023,51.955226682000045,1,05240214702100914044
05,5,62,008,2024,02,13,4,3,5,2,0,1,1,0,0,0,0,384594.843000000342727,5723324.307000000029802,7.331905702000029,51.649058695000065,1,05240214701910902936
05,5,62,032,2024,02,14,4,3,0,7,0,0,0,1,0,0,1,377390.622499999590218,5715888.005300000309944,7.230427771000052,51.580701908000037,1,05240214701120909787
05,5,13,000,2024,02,20,4,3,6,2,2,0,1,1,0,0,0,365968.481499999761581,5711860.712400000542402,7.067208727000036,51.541910207000058,1,05240214700000915853
05,5,70,052,2024,02,14,3,3,5,3,0,1,1,0,0,0,0,429735.416000000201166,5755193.482999999076128,7.977773601000024,51.943012366000062,0,05240213711100866904
05,5,66,076,2024,02,17,3,3,0,7,1,1,0,0,0,0,0,393190.400399999693036,5792981.558000000193715,7.434431634000020,52.276815974000044,0,05240213709500869788
05,5,66,076,2024,02,07,3,1,6,4,1,0,1,0,0,0,1,395211.064699999988079,5794060.291200000792742,7.463702675000036,52.286899743000049,1,05240213709500840378
05,5,54,008,2024,02,11,3,3,5,2,0,1,1,0,0,0,0,335669.178299999795854,5744623.005400000140071,6.615224710000064,51.828229792000059,0,05240213705000852854
05,5,54,008,2024,02,07,3,3,6,2,1,0,1,1,0,0,0,335215.478000000119209,5746047.038499999791384,6.607968687000039,51.840888784000072,0,05240213705000840136
05,5,54,008,2024,02,07,3,3,5,3,2,1,1,0,0,0,0,335754.709599999710917,5745352.163100000470877,6.616118773000039,51.834805279000079,0,05240213705000840091
05,5,54,008,2024,02,00,3,3,5,2,2,0,1,0,0,0,1,335479.072999999858439,5745865.789999999105930,6.611877668000034,51.839338275000046,1,05240213705000834056
05,5,15,000,2024,02,18,3,3,6,2,2,0,1,1,0,0,0,407523.014000000432134,5757721.376000000163913,7.654026609000027,51.962485820000040,0,05240213702100871578
05,5,15,000,2024,02,07,3,3,0,1,1,0,0,0,0,0,1,404040.113400000147521,5753846.495500000193715,7.604431591000036,51.927066710000076,2,05240213702100844529
05,5,54,012,2024,02,18,5,3,0,2,2,1,1,0,0,0,0,352761.595099999569356,5746034.920600000768900,6.862472611000044,51.845682119000060,0,05240222705000214119
05,5,15,000,2024,02,09,4,3,5,3,0,1,1,0,0,0,0,407201.951399999670684,5753529.559599999338388,7.650486422000029,51.924753984000063,1,05240214702100904510
05,5,66,076,2024,02,14,2,3,6,6,0,1,0,1,0,0,0,393826.978900000452995,5793304.128699999302626,7.443657007000070,52.279838296000037,0,05240212709500823612
05,5,66,012,2024,02,16,2,3,5,3,1,0,1,0,0,1,0,404930.780000000260770,5773629.872999999672174,7.611887294000041,52.105038530000058,1,05240212709110826220
05,5,58,012,2024,02,18,2,3,5,3,2,1,1,0,0,0,0,374332.636900000274181,5756388.756699999794364,7.171669208000026,51.943999689000066,1,05240212706200829721
05,5,58,016,2024,02,17,2,3,5,3,1,0,1,0,1,0,0,382754.308000000193715,5741869.746999999508262,7.299067866000030,51.815353538000068,0,05240212706000828636
05,5,15,000,2024,02,15,2,3,3,6,0,1,0,0,0,0,0,405506.899000000208616,5756281.522099999710917,7.625087724000025,51.949204777000034,0,05240212702100828571
05,5,15,000,2024,02,13,2,3,0,3,0,1,1,0,0,0,0,405828.905000000260770,5759024.385999999940395,7.629019549000077,51.973913462000041,1,05240212702100821147
05,5,66,008,2024,03,09,7,3,0,3,0,1,1,0,0,0,0,399756.042999999597669,5781054.820000000298023,7.534167210000021,52.170858929000076,0,05240323709110275180
05,5,58,032,2024,03,23,7,2,0,2,2,1,0,0,0,0,0,386124.288800000213087,5754322.058299999684095,7.343828308000070,51.927964293000059,1,05240323706100286748
05,5,54,008,2024,03,16,7,3,5,6,0,1,0,0,0,0,1,336269.695600000210106,5745750.269899999722838,6.623398029000043,51.838532848000057,0,05240323705000280915
05,5,54,008,2024,03,14,7,3,0,4,0,0,1,1,0,0,0,336570.577999999746680,5745090.447000000625849,6.628073025000049,51.832693455000026,1,05240323705000278927
05,5,13,000,2024,03,22,7,3,8,1,2,0,1,0,0,0,0,369257.506000000052154,5708223.417999999597669,7.115959887000031,51.509993994000070,1,05240323700000286714
05,5,13,000,2024,03,19,7,3,5,3,2,0,1,0,0,0,0,368373.355000000447035,5709509.853000000119209,7.102746079000042,51.521349619000034,1,05240323700000284663
05,5,13,000,2024,03,10,7,3,0,7,0,0,0,0,0,0,1,368044.596800000406802,5708617.460200000554323,7.098344311000062,51.513253204000080,0,05240323700000275539
05,5,70,052,2024,03,15,6,3,5,3,0,0,1,0,0,0,0,429666.356599999591708,5756757.431399999186397,7.976449024000033,51.957062910000047,1,05240322711100266341
05,5,54,040,2024,03,15,6,3,2,6,0,0,1,0,0,0,0,350376.982300000265241,5738578.726700000464916,6.831100347000074,51.778055853000069,1,05240322705000263173
05,5,54,020,2024,03,12,6,3,6,7,0,0,1,1,0,0,0,365297.197499999776483,5786412.137299999594688,7.028439806000051,52.211661983000056,1,05240322705000257345
05,5,54,020,2024,03,10,6,2,5,3,0,1,1,0,0,0,0,366557.240799999795854,5786711.502800000831485,7.046752580000032,52.214658470000074,0,05240322705000244659
05,5,15,000,2024,03,12,6,3,5,7,0,1,0,0,0,0,0,404929.556900000199676,5756987.046800000593066,7.616494622000062,51.955447941000045,0,05240322702100264904
05,5,15,000,2024,03,12,6,3,0,1,0,1,0,0,0,0,0,405845.786999999545515,5758869.675599999725819,7.629307687000050,51.972525720000078,0,05240322702100251605
05,5,13,000,2024,03,17,6,3,5,3,0,0,1,0,0,0,0,367627.148000000044703,5709748.669999999925494,7.091906998000070,51.523321405000047,1,05240322700000265449
05,5,13,000,2024,03,04,7,3,3,2,2,0,1,0,0,0,1,368256.406000000424683,5708243.677500000223517,7.101534640000068,51.509943535000048,1,05240323700000273013
05,5,66,028,2024,03,18,5,3,5,3,0,1,1,0,0,0,0,411615.360999999567866,5792693.125000000000000,7.704489583000054,52.277494689000036,0,05240321709700223534
05,5,15,000,2024,03,15,5,3,5,3,0,1,1,0,0,0,0,404399.424100000411272,5759051.405200000852346,7.608207655000058,51.973912251000058,0,05240321702100224811
05,5,62,012,2024,03,15,5,3,5,3,0,1,1,0,0,0,0,363094.044400000013411,5731708.288799999281764,7.018024029000060,51.719573859000036,0,05240321701610221718
05,5,70,008,2024,03,14,4,3,5,3,0,1,0,0,0,0,0,434643.851099999621511,5733261.105200000107288,8.053317132000075,51.746439399000053,0,05240320711300176357
05,5,70,008,2024,03,08,4,3,8,1,0,1,1,0,0,0,0,433740.372499999590218,5733917.493499999865890,8.040107142000068,51.752234258000044,0,05240320711300148456
05,5,66,028,2024,03,09,4,2,4,6,0,0,1,0,0,0,0,412614.882000000216067,5793730.396999999880791,7.718867319000026,52.286977772000057,0,05240320709700157242
05,5,66,076,2024,03,18,4,3,0,3,1,1,1,0,0,0,0,395806.981999999843538,5787425.047000000253320,7.474483806000023,52.227379654000060,0,05240320709500180412
05,5,66,060,2024,03,15,4,3,5,3,0,1,1,0,0,0,0,388550.881000000052154,5789885.058000000193715,7.367479437000043,52.248067075000051,0,05240320709500176043
05,5,66,068,2024,03,17,4,3,0,1,0,1,1,0,0,0,0,374904.804999999701977,5786601.269999999552965,7.168909613000039,52.215626387000043,0,05240320709300179022
05,5,66,012,2024,03,09,4,3,1,3,0,1,1,0,0,0,0,405005.824000000022352,5772261.107999999076128,7.613364278000063,52.092748729000050,0,05240320709110154982
05,5,58,012,2024,03,05,4,3,5,3,2,0,1,0,0,0,1,374331.851499999873340,5756380.536299999803305,7.171660792000068,51.943925639000042,0,05240320706000142848
05,5,54,032,2024,03,16,4,3,0,1,0,1,0,0,0,0,0,325262.599299999885261,5745511.880799999460578,6.463910215000055,51.833056516000056,0,05240320705000181301
05,5,54,016,2024,03,14,4,3,5,3,0,1,1,0,0,0,0,363154.423000000417233,5758079.769999999552965,7.008466258000055,51.956557439000051,0,05240320705000173995
05,5,54,004,2024,03,10,4,3,1,5,0,0,1,0,0,0,1,363391.822999999858439,5771144.931800000369549,7.006706554000061,52.074012865000043,0,05240320705000156382
05,5,54,020,2024,03,07,4,3,6,2,0,1,0,1,0,0,0,364766.559999999590218,5786340.207000000402331,7.020706945000029,52.210885706000056,0,05240320705000148721
05,5,15,000,2024,03,15,4,3,6,6,0,1,0,1,0,0,0,402373.314000000245869,5758323.922599999234080,7.578927307000072,51.967021231000047,0,05240320702100176878
05,5,62,028,2024,03,13,4,3,6,4,0,0,1,1,0,0,0,379495.279000000096858,5722289.810000000521541,7.258587577000071,51.638691458000039,0,05240320701920178250
05,5,70,044,2024,03,19,3,3,0,7,1,1,0,0,0,0,0,415872.074599999934435,5759773.992799999192357,7.775009963000059,51.982262796000043,0,05240319711100138649
05,5,66,012,2024,03,15,3,3,5,3,0,1,1,0,0,0,0,401298.650999999605119,5777363.315999999642372,7.557789240000034,52.137958245000050,0,05240319709110130189
05,5,54,056,2024,03,13,3,3,1,5,0,1,1,0,0,0,0,358942.774799999780953,5761127.535099999979138,6.945963273000075,51.982890009000073,0,05240319705000154725
05,5,54,004,2024,03,19,3,3,4,2,2,0,1,0,0,0,0,363538.063799999654293,5771490.095799999311566,7.008700966000049,52.077150359000029,0,05240319705000137951
05,5,54,028,2024,03,08,3,3,0,1,0,1,1,0,0,0,0,357443.221199999563396,5743425.016200000420213,6.931464507000044,51.823446214000057,0,05240319705000134416
05,5,54,004,2024,03,15,3,3,5,3,0,1,1,0,0,0,0,363542.468899999745190,5771077.718800000846386,7.008930116000045,52.073446069000056,0,05240319705000132448
05,5,54,068,2024,03,13,3,3,0,1,0,1,0,0,0,0,0,350215.790599999949336,5766624.692900000140071,6.816576797000039,52.029994763000047,0,05240319705000132245
05,5,15,000,2024,03,17,3,3,5,3,0,1,1,0,0,0,0,407223.014000000432134,5756780.154999999329448,7.649915707000048,51.953975650000075,0,05240319702100137383
05,5,15,000,2024,03,11,3,3,5,2,0,1,1,0,0,0,0,402517.483000000007451,5758304.798900000751019,7.581030592000047,51.966874644000029,0,05240319702100118664
05,5,62,016,2024,03,21,3,3,5,3,2,0,1,0,0,0,0,373520.980999999679625,5732889.201999999582767,7.168458410000028,51.732634957000073,0,05240319701700808858
05,5,13,000,2024,03,12,3,3,1,7,0,0,1,0,0,0,0,365190.690399999730289,5709451.094900000840425,7.056921980000027,51.520070933000056,0,05240319700000128841
05,5,70,040,2024,03,17,2,3,5,3,0,1,0,0,0,0,1,419262.825699999928474,5743662.552400000393391,7.828147457000057,51.837936828000068,0,05240318711200087057
05,5,70,004,2024,03,11,2,3,6,7,0,0,0,1,0,0,1,423735.100100000388920,5735293.266499999910593,7.894887592000032,51.763329100000078,0,05240318711200071645
05,5,66,028,2024,03,09,2,3,6,7,0,0,1,1,0,0,0,412079.527999999932945,5792357.119999999180436,7.711378911000054,52.274549022000031,0,05240318709700066698
05,5,54,044,2024,03,14,2,3,2,6,0,1,0,0,0,0,0,368837.053999999538064,5740796.514000000432134,7.097684400000048,51.802616588000035,0,05240318705000083314
05,5,15,000,2024,03,11,2,3,0,6,0,1,1,0,0,0,0,407618.192999999970198,5758556.243000000715256,7.655186880000031,51.970005872000058,0,05240318702100068249
05,5,15,000,2024,03,07,2,3,5,2,0,1,0,0,0,0,0,406112.086600000038743,5757494.392899999395013,7.633559317000049,51.960209111000040,1,05240318702100053595
05,5,62,012,2024,03,18,2,3,1,6,1,1,1,0,0,0,0,361049.603600000031292,5725904.207599999383092,6.990757935000033,51.666916238000056,0,05240318701610090865
05,5,13,000,2024,03,23,2,2,6,4,2,0,1,1,0,0,0,368584.237700000405312,5710910.669500000774860,7.105261291000033,51.533987534000062,0,05240318700000391466
05,5,15,000,2024,03,15,1,3,0,1,0,1,0,0,0,0,0,405425.048999999649823,5758255.198000000789762,7.623353792000046,51.966931106000061,0,05240317702100040388
05,5,62,012,2024,03,13,1,2,0,2,0,1,0,0,0,0,0,360914.072900000028312,5726072.583900000900030,6.988732416000062,51.668395724000050,0,05240317701610038698
05,5,62,032,2024,03,15,1,3,8,1,0,1,0,0,0,0,0,375737.890399999916553,5715895.096100000664592,7.206584534000058,51.580403674000081,0,05240317701120040027
05,5,54,008,2024,03,13,7,3,5,3,0,1,0,0,0,0,0,333905.849100000225008,5745848.025599999353290,6.589071603000036,51.838713041000062,0,05240316705000021238
05,5,15,000,2024,03,15,7,3,2,6,0,1,1,0,0,0,0,401897.353000000119209,5754127.190999999642372,7.573199203000058,51.929216181000072,0,05240316702100027390
05,5,15,000,2024,03,08,7,3,5,2,0,1,1,0,0,0,0,405455.252999999560416,5759121.153999999165535,7.623554810000030,51.974719809000078,1,05240316702100018412
05,5,66,076,2024,03,15,6,3,6,4,0,0,1,1,0,0,0,395541.439500000327826,5795751.768999999389052,7.468019861000073,52.302164444000027,1,05240315709110008742
05,5,54,056,2024,03,16,6,3,9,1,0,0,1,0,0,0,0,357776.223299999721348,5763658.470200000330806,6.927938309000069,52.005333291000056,1,05240315705000008276
05,5,62,008,2024,03,07,6,3,6,4,0,0,1,1,0,0,0,383992.117600000463426,5721497.755200000479817,7.323803312000052,51.632518232000052,0,05240315701910981884
05,5,62,032,2024,03,10,6,3,0,5,0,1,0,0,0,0,1,375048.143400000408292,5718921.661900000646710,7.195557253000061,51.607451301000026,0,05240315701110989561
05,5,13,000,2024,03,10,6,3,2,6,0,0,1,0,0,0,0,368058.867300000041723,5707683.092199999839067,7.098899475000053,51.504859597000063,0,05240315700000989895
05,5,13,000,2024,03,08,6,3,0,1,0,1,0,0,0,0,0,368015.951999999582767,5709374.906999999657273,7.097648102000051,51.520053492000045,1,05240315700000983806
05,5,66,048,2024,03,15,6,3,7,3,0,0,1,0,0,0,0,426027.976099999621511,5792202.508300000801682,7.915807155000039,52.275213011000062,1,05240322709700263143
05,5,70,008,2024,03,20,5,3,0,1,2,0,1,0,0,0,0,433106.511099999770522,5738081.031199999153614,8.030123903000060,51.789589214000046,0,05240314711300970551
05,5,58,012,2024,03,11,5,3,5,2,0,1,0,0,0,0,0,374191.218200000002980,5756337.405999999493361,7.169631634000041,51.943506267000032,0,05240314706200960735
05,5,58,036,2024,03,20,5,3,6,4,2,0,1,1,0,0,0,387960.626199999824166,5729931.250900000333786,7.378414134000025,51.709121731000039,0,05240314706000970750
05,5,54,020,2024,03,16,5,3,0,7,0,0,1,0,1,0,0,368317.198599999770522,5786375.470000000670552,7.072628516000066,52.212062455000080,0,05240314705000966925
05,5,54,020,2024,03,13,5,3,5,2,0,1,1,0,0,0,0,367176.336699999868870,5786595.441199999302626,7.055854379000039,52.213765190000061,0,05240314705000956416
05,5,54,068,2024,03,10,5,3,5,3,0,1,1,0,0,0,0,351481.310999999754131,5767458.565999999642372,6.834648078000043,52.037826977000066,0,05240314705000945982
05,5,62,008,2024,03,18,5,3,6,6,0,0,1,1,0,0,0,384674.803999999538064,5722500.332000000402331,7.333332582000025,51.641669466000053,0,05240314701910970192
05,5,62,032,2024,03,12,5,3,1,5,0,0,1,0,0,0,0,376638.480000000447035,5720005.888100000098348,7.218129833000035,51.617546129000061,0,05240314701110965242
05,5,58,036,2024,03,19,6,2,1,5,2,1,1,0,0,0,0,388466.367800000123680,5730114.450799999758601,7.385672147000037,51.710869072000037,1,05240315706300010575
05,5,70,052,2024,03,09,4,3,2,6,0,0,1,0,1,0,0,430035.718399999663234,5756564.994599999859929,7.981862539000076,51.955379576000041,1,05240313711100909027
05,5,66,028,2024,03,12,4,3,0,1,0,1,0,0,0,0,0,412374.510900000110269,5792779.060300000011921,7.715591553000024,52.278388632000031,1,05240313709700914150
05,5,66,012,2024,03,16,4,3,3,2,0,1,1,0,0,0,0,404926.929299999959767,5772342.859600000083447,7.612190209000062,52.093469978000030,0,05240313709110923731
05,5,58,032,2024,03,20,4,3,6,7,2,0,1,1,0,0,0,387150.160500000230968,5754679.872199999168515,7.358624269000074,51.931389017000072,0,05240313706100045000
05,5,54,068,2024,03,12,4,3,0,7,0,1,1,0,0,0,0,350752.229299999773502,5767306.162599999457598,6.824093095000023,52.036261972000034,0,05240313705000919307