ULAND,UREGBEZ,UKREIS,UGEMEINDE,UJAHR,UMONAT,USTUNDE,UWOCHENTAG,UKATEGORIE,UART,UTYP1,ULICHTVERH,IstRad,IstPKW,IstFuss,IstKrad,IstGkfz,IstSonstige,LINREFX,LINREFY,XGCSWGS84,YGCSWGS84,STRZUSTAND,UIDENTSTLAE
05,5,62,004,2024,03,07,4,3,5,3,0,0,1,0,0,0,0,384339.978099999949336,5717371.806299999356270,7.330188877000069,51.595506956000065,1,05240313701800896608
05,5,54,008,2024,03,15,3,3,5,3,0,1,1,0,0,0,0,336196.235899999737740,5745693.066099999472499,6.622359809000045,51.837997420000079,0,05240312705000881210
05,5,54,004,2024,03,09,3,2,0,1,0,1,0,0,0,0,0,364356.146599999628961,5771258.957200000062585,7.020722865000039,52.075274477000050,1,05240312705000853983
05,5,62,016,2024,03,11,3,3,5,3,0,1,1,0,0,0,0,376513.014999999664724,5735097.077999999746680,7.210979230000021,51.753144172000077,1,05240312701700864417
05,5,13,000,2024,03,17,3,3,0,7,0,0,1,1,0,0,0,362881.615799999795854,5710215.674799999222159,7.023363628000027,51.526385894000043,0,05240312700000884793
05,5,13,000,2024,03,13,3,3,5,3,0,0,1,0,0,0,0,362969.168100000359118,5710877.461999999359250,7.024367452000035,51.532354186000077,1,05240312700000875644
05,5,13,000,2024,03,08,3,3,4,5,0,0,1,0,0,0,0,365543.592600000090897,5717523.169700000435114,7.058918956000070,51.592694623000057,0,05240312700000870087
05,5,70,004,2024,03,07,2,3,0,5,0,1,1,0,0,0,0,423105.285000000149012,5735778.448200000450015,7.885655748000033,51.767604558000073,1,05240311711200804123
05,5,66,008,2024,03,22,2,3,5,3,2,1,1,0,0,0,0,401687.523400000296533,5778767.106399999931455,7.563063336000027,52.150644720000059,0,05240311709110842734
05,5,66,064,2024,03,17,2,3,5,3,0,1,1,0,0,0,0,394973.506000000052154,5771171.214999999850988,7.467311642000027,52.081140155000071,1,05240311709110838090
05,5,54,008,2024,03,15,2,3,5,3,0,1,1,0,0,0,0,335306.824900000356138,5744839.286199999973178,6.609868257000073,51.830066033000037,0,05240311705000839495
05,5,15,000,2024,03,08,2,3,5,3,0,1,1,0,0,0,0,403383.115199999883771,5757690.128499999642372,7.593799671000056,51.961500931000046,0,05240311702100809396
05,5,62,004,2024,03,16,2,3,2,6,0,0,1,0,0,0,1,382387.660000000149012,5716925.926999999210238,7.302165464000041,51.591095320000079,1,05240311701800835091
05,5,12,000,2024,03,14,2,3,5,3,0,0,1,0,0,0,1,357008.880599999800324,5710230.338300000876188,6.938756722000051,51.525061223000080,0,05240311701400925277
05,5,13,000,2024,03,08,2,3,9,1,0,0,1,0,0,0,0,365129.616700000129640,5717426.302500000223517,7.052983528000027,51.591725185000030,1,05240311700000808044
05,5,13,000,2024,03,17,2,3,5,3,1,0,1,0,0,0,0,366577.992999999783933,5705661.646999999880791,7.078339130000074,51.486345866000079,1,05240311700000076562
05,5,66,076,2024,03,17,1,3,8,1,1,0,1,0,0,0,0,391915.651300000026822,5793057.168099999427795,7.415730384000028,52.277246345000037,0,05240310709500793988
05,5,66,076,2024,03,15,1,3,6,7,0,0,1,1,0,0,0,393225.020600000396371,5792434.110500000417233,7.435112196000034,52.271902689000058,0,05240310709500791614
05,5,58,016,2024,03,17,1,3,9,1,0,0,0,0,1,0,0,378867.864599999971688,5745118.547499999403954,7.241576823000059,51.843721683000069,0,05240310706000794345
05,5,54,008,2024,03,21,1,3,0,7,2,1,0,0,0,0,0,336664.748399999924004,5744294.781899999827147,6.629813928000033,51.825573124000073,0,05240310705000796722
05,5,54,056,2024,03,13,1,3,0,6,0,1,1,0,0,0,0,356899.470099999569356,5761983.050000000745058,6.915873429000044,51.990054325000074,0,05240310705000790445
05,5,54,056,2024,03,13,1,3,2,6,0,0,1,0,0,0,0,356919.689699999988079,5762461.032500000670552,6.915968244000055,51.994354216000033,0,05240310705000789964
05,5,12,000,2024,03,10,1,3,5,3,0,1,1,0,0,0,0,355508.203900000080466,5712538.497400000691414,6.916192258000024,51.545419755000069,0,05240310701400787276
05,5,62,032,2024,03,15,1,3,0,7,0,1,0,0,0,0,0,373001.716099999845028,5718481.265300000086427,7.166180254000039,51.603035641000076,0,05240310701110792323
05,5,13,000,2024,03,13,1,3,0,1,0,1,0,0,0,0,0,365764.430599999614060,5710284.120200000703335,7.064869119000036,51.527693605000081,0,05240310700000791679
05,5,66,076,2024,03,09,4,3,5,3,0,1,1,0,0,0,0,395172.292399999685585,5794207.132400000467896,7.463088784000036,52.288212052000063,0,05240320709500153778
05,5,70,004,2024,03,09,5,3,2,6,0,0,1,0,1,0,0,423268.138799999840558,5735419.425000000745058,7.888094621000050,51.764399419000029,0,05240314711200944417
05,5,54,008,2024,03,19,7,3,6,7,2,0,1,1,0,0,0,335710.032800000160933,5745562.174200000241399,6.615371225000047,51.836678758000062,0,05240309705000777808
05,5,15,000,2024,03,13,7,3,5,2,0,1,1,0,0,0,0,405207.520999999716878,5757578.169999999925494,7.620375293000052,51.960808652000026,0,05240309702100773677
05,5,62,032,2024,03,15,7,3,0,6,0,1,1,0,0,0,0,376218.003899999894202,5716642.830099999904633,7.213246519000052,51.587229374000060,0,05240309701110786822
05,5,13,000,2024,03,08,7,3,6,7,0,0,1,0,0,0,1,365375.125900000333786,5707631.875399999320507,7.060273391000067,51.503766414000040,0,05240309700000768563
05,5,54,004,2024,03,15,6,3,5,2,0,1,1,0,0,0,0,363185.339599999599159,5771724.967800000682473,7.003463083000042,52.079173734000051,0,05240308705000755582
05,5,13,000,2024,03,09,6,3,1,5,0,1,1,0,0,0,0,369741.551900000311434,5716378.206199999898672,7.119912034000038,51.583391387000063,0,05240308700000736780
05,5,70,004,2024,03,18,6,3,5,3,1,0,1,0,0,0,1,425056.143299999646842,5735611.524800000712276,7.913957697000058,51.766368528000044,1,05240315711200009577
05,5,66,076,2024,03,14,5,3,1,6,0,0,1,0,0,0,0,393727.264499999582767,5795130.495300000533462,7.441619964000040,52.296232930000031,0,05240307709500711871
05,5,58,016,2024,03,08,5,3,7,5,0,0,1,0,0,0,0,380766.498399999924004,5743682.211799999698997,7.269619818000024,51.831221866000078,0,05240307706000692394
05,5,54,020,2024,03,17,5,3,9,1,0,0,0,0,0,0,1,363746.966099999845028,5786460.727900000289083,7.005745294000064,52.211717462000081,0,05240307705000719848
05,5,54,008,2024,03,13,5,3,5,7,0,1,1,0,0,0,0,334414.071600000374019,5744234.117499999701977,6.597213763000070,51.824365727000043,0,05240307705000708063
05,5,15,000,2024,03,13,5,3,5,3,0,1,0,0,0,0,1,399119.072999999858439,5755629.739000000059605,7.532365482000046,51.942224653000039,0,05240307702100716772
05,5,15,000,2024,03,14,5,3,5,2,0,1,0,0,0,0,0,403553.264999999664724,5757299.607000000774860,7.596384943000032,51.958020341000065,0,05240307702100712698
05,5,62,014,2024,03,16,5,3,0,2,0,1,1,0,0,0,0,360772.762500000186265,5715795.740700000897050,6.990774683000041,51.576013068000066,0,05240307701930863333
05,5,62,024,2024,03,07,5,3,5,3,0,1,1,0,0,0,0,367581.663900000043213,5723892.683399999514222,7.085916196000028,51.650417135000055,0,05240307701500720057
05,5,62,024,2024,03,08,5,3,8,1,0,0,1,0,0,0,0,367084.908099999651313,5721325.594499999657273,7.079714952000074,51.627230883000038,0,05240307701500691085
05,5,13,000,2024,03,11,5,3,1,5,0,0,1,0,1,0,0,366884.191200000233948,5711435.627399999648333,7.080566412000053,51.538306847000058,0,05240307700000701542
05,5,66,096,2024,03,16,4,3,8,2,0,0,1,0,0,0,0,386548.418700000271201,5786580.615499999374151,7.339269252000065,52.217961478000063,0,05240306709300675188
05,5,66,012,2024,03,07,4,3,0,7,0,1,0,0,0,0,0,405699.828499999828637,5772344.284499999135733,7.623468515000070,52.093615038000053,0,05240306709110645825
05,5,62,004,2024,03,08,4,3,5,3,0,0,1,0,0,0,0,382788.438299999572337,5716910.115399999544024,7.307953602000055,51.591036733000067,0,05240306701800651915
05,5,62,024,2024,03,16,4,3,0,7,0,0,1,0,0,0,0,367112.332799999974668,5723374.621300000697374,7.079333012000063,51.645650864000061,0,05240306701500714662
05,5,12,000,2024,03,17,4,3,0,7,0,0,0,0,1,0,1,355981.253700000233948,5710019.164899999275804,6.924040039000033,51.522902544000033,0,05240306701400675060
05,5,66,008,2024,03,17,3,3,0,7,1,1,0,0,0,0,0,399633.281999999657273,5781453.065999999642372,7.532254942000066,52.174415947000057,1,05240305709110632614
05,5,66,008,2024,03,08,3,2,5,7,0,1,1,0,0,0,0,400200.110100000165403,5780699.405400000512600,7.540762893000021,52.167745029000059,0,05240305709110601898
05,5,54,068,2024,03,14,3,3,8,1,0,0,1,0,0,0,0,347338.166000000201166,5765773.707000000402331,6.775042805000055,52.021564875000081,0,05240305705000629786
05,5,54,008,2024,03,08,3,3,0,4,0,0,1,1,0,0,0,336748.937699999660254,5745483.520700000226498,6.630473822000056,51.836276792000035,0,05240305705000610221
05,5,62,024,2024,03,13,3,3,5,3,0,0,1,0,0,0,0,368937.144199999980628,5725641.956199999898672,7.104841990000068,51.666454703000056,1,05240305701500624117
05,5,13,000,2024,03,15,3,3,5,3,0,0,1,0,0,0,0,367191.712799999862909,5710898.861300000920892,7.085200467000050,51.533555557000057,1,05240305700000631137
05,5,70,020,2024,03,07,2,3,6,4,0,0,0,1,0,0,1,433002.845999999903142,5744178.667700000107288,8.027441593000049,51.844394223000052,0,05240304711400559399
05,5,70,008,2024,03,15,2,3,6,2,0,0,1,1,0,0,0,432964.372999999672174,5734069.472999999299645,8.028837784000075,51.753508227000054,0,05240304711300585126
05,5,70,004,2024,03,08,2,3,5,1,0,1,1,0,0,0,0,424762.614000000059605,5734421.019999999552965,7.909962646000054,51.755626881000069,1,05240304711200555245
05,5,66,040,2024,03,08,2,3,0,1,0,0,1,0,0,1,0,422080.525600000284612,5781921.184900000691414,7.860331424000037,52.182250690000046,0,05240304709800559300
05,5,66,048,2024,03,21,2,3,0,1,2,0,0,0,1,0,0,428050.775000000372529,5796156.005000000819564,7.944604991000062,52.311019384000076,0,05240304709700591263
05,5,66,016,2024,03,14,2,3,0,1,0,0,0,0,0,0,1,403289.904500000178814,5794641.831700000911951,7.581937627000059,52.293607637000036,0,05240304709500579886
05,5,66,064,2024,03,10,2,2,8,1,0,1,0,0,0,0,0,395483.011900000274181,5771086.918999999761581,7.474770012000022,52.080478957000082,0,05240304709110567661
05,5,66,064,2024,03,08,2,3,5,3,0,1,1,0,0,0,0,396047.554100000299513,5771524.444800000637770,7.482871961000058,52.084517588000040,0,05240304709110565718
05,5,58,044,2024,03,17,2,3,0,1,0,0,1,0,0,0,0,394917.140999999828637,5746060.359999999403954,7.474175021000065,51.855438114000037,0,05240304706000587682
05,5,54,004,2024,03,14,2,3,0,7,0,1,1,0,0,0,0,363300.668200000189245,5771284.474500000476837,7.005321457000036,52.075244217000034,0,05240304705000576834
05,5,54,028,2024,03,06,2,3,5,2,1,0,1,0,1,0,0,358519.846499999985099,5743316.896999999880791,6.947119930000042,51.822748349000051,0,05240304705000552924
05,5,13,000,2024,04,18,1,3,6,2,0,0,1,1,0,0,0,368357.440000000409782,5708018.408999999985099,7.103073813000037,51.507942644000082,0,05240414700000966552
05,5,70,052,2024,04,17,7,3,4,6,0,1,0,0,0,0,0,429722.990899999625981,5755189.654600000008941,7.977593651000063,51.942976381000051,0,05240413711100989943
05,5,58,012,2024,04,12,7,3,4,2,0,0,1,0,1,0,0,373194.152900000102818,5755665.642200000584126,7.155381304000059,51.937243184000067,0,05240413706000943949
05,5,54,044,2024,04,16,7,3,8,1,0,0,0,0,0,0,1,365001.742200000211596,5744182.745100000873208,7.040773959000035,51.832132442000045,0,05240413705000948227
05,5,54,020,2024,04,13,7,3,9,7,0,1,1,0,0,0,0,364236.059999999590218,5786997.389000000432134,7.012683935000041,52.216660192000063,0,05240413705000946518
05,5,54,020,2024,04,12,7,3,5,3,0,1,1,0,0,0,0,365543.593999999575317,5783106.639000000432134,7.033355631000063,52.182021091000081,0,05240413705000944088
05,5,54,012,2024,04,11,7,3,0,2,0,0,1,0,0,0,0,353187.549599999561906,5745519.209799999371171,6.868870672000071,51.841160636000041,0,05240413705000943473
05,5,54,012,2024,04,11,7,2,0,7,0,0,0,0,1,0,0,352691.144000000320375,5752334.846000000834465,6.858762620000050,51.902267584000072,0,05240413705000943445
05,5,54,008,2024,04,17,7,3,5,3,0,0,1,0,1,0,0,336431.718000000342727,5746019.175000000745058,6.625620519000051,51.840996026000028,0,05240413705000055168
05,5,62,008,2024,04,12,7,3,1,5,2,0,1,0,0,0,1,384090.401999999769032,5721545.239000000059605,7.325207047000049,51.632965260000049,0,05240413701910959743
05,5,62,004,2024,04,18,7,2,6,4,0,0,1,1,0,0,0,385907.751199999824166,5717480.949400000274181,7.352777554000056,51.596807640000065,0,05240413701800949696
05,5,62,012,2024,04,13,7,3,0,1,0,0,0,0,0,0,1,362228.555599999614060,5726724.080499999225140,7.007471248000058,51.674573939000027,0,05240413701610946980
05,5,12,000,2024,04,11,7,3,5,3,0,0,1,0,1,0,0,357795.576000000350177,5712701.173000000417233,6.949091231000068,51.547462556000028,0,05240413701400942796
05,5,13,000,2024,04,18,7,3,5,3,0,0,1,0,0,0,0,369725.921000000089407,5709218.105000000447035,7.122338374000037,51.519041310000034,0,05240413700000949331
05,5,13,000,2024,04,15,7,2,0,7,0,0,0,0,0,0,1,364947.878100000321865,5716515.339999999850988,7.050712037000039,51.583495392000032,0,05240413700000948463
05,5,70,004,2024,04,23,6,3,6,2,2,0,1,1,0,0,0,423243.337000000290573,5736705.977299999445677,7.887450949000026,51.775961630000040,0,05240412711200937205
05,5,66,084,2024,04,14,6,3,0,2,0,1,0,0,0,0,1,390902.973000000230968,5776146.870999999344349,7.406339822000064,52.125070811000057,0,05240412709300929058
05,5,58,008,2024,04,20,6,3,0,7,0,0,1,0,1,0,0,383267.206100000068545,5759598.378799999132752,7.300503186000071,51.974791209000045,0,05240412706000935820
05,5,54,056,2024,04,16,6,2,6,6,0,1,0,1,0,0,0,357304.242200000211596,5762339.734799999743700,6.921615926000072,51.993363288000069,0,05240412705000962899
05,5,54,016,2024,04,18,6,3,5,3,0,1,1,0,0,0,0,364475.611999999731779,5751261.366000000387430,7.030366034000053,51.895612524000057,0,05240412705000933116
05,5,54,020,2024,04,17,6,2,5,7,0,0,1,0,0,0,1,365905.816999999806285,5785993.703299999237061,7.037507845000050,52.208050640000067,0,05240412705000931412
05,5,66,076,2024,04,09,5,3,2,7,0,0,1,0,0,0,0,394554.008000000379980,5795038.858999999240041,7.453767185000061,52.295568682000066,0,05240411709500861953
05,5,66,068,2024,04,08,5,3,4,3,0,1,0,0,0,0,0,375907.023799999617040,5784892.807199999690056,7.184197816000051,52.200500573000056,1,05240411709300859364
05,5,62,012,2024,04,09,5,3,0,1,0,1,0,0,0,0,0,357455.684100000187755,5735306.448200000450015,6.934980297000038,51.750500556000077,0,05240411701610864467
05,5,62,014,2024,04,21,5,3,6,7,2,0,1,1,0,0,0,361473.141999999992549,5713388.727199999615550,7.001824100000022,51.554555823000044,0,05240411701300892864
05,5,62,020,2024,04,10,5,3,3,2,0,1,0,0,1,0,0,371862.813500000163913,5716175.753399999812245,7.150585878000072,51.582058268000026,0,05240411701200868343
05,5,13,000,2024,04,21,5,3,5,3,2,0,1,0,0,0,0,366911.891800000332296,5709402.662399999797344,7.081733805000056,51.520043861000033,0,05240411700000892455
05,5,13,000,2024,04,11,5,2,8,1,0,0,1,0,0,0,0,364025.883700000122190,5713477.002299999818206,7.038588466000022,51.555970148000029,0,05240411700000872508
05,5,70,004,2024,04,15,4,3,6,4,0,0,1,1,0,0,0,425245.102400000207126,5735772.348300000652671,7.916660842000056,51.767839547000051,0,05240410711200839984
05,5,70,004,2024,04,07,4,3,9,1,0,1,1,0,1,0,0,422505.801900000311434,5735147.794999999925494,7.877110619000064,51.761852581000028,1,05240410711200815965
05,5,66,076,2024,04,21,4,3,8,1,2,0,1,0,0,0,0,393639.633999999612570,5794238.859200000762939,7.440616955000053,52.288202680000040,0,05240410709500847520
05,5,66,012,2024,04,13,4,3,8,7,0,1,1,0,0,0,0,404492.918999999761581,5773392.796000000089407,7.605562571000064,52.102832220000039,0,05240410709000832979
05,5,54,008,2024,04,12,4,3,0,6,0,1,0,0,0,0,0,335136.130699999630451,5744158.998199999332428,6.607717314000070,51.823904403000029,0,05240410705000836717
05,5,54,020,2024,04,13,4,3,5,2,0,0,1,0,0,0,1,365408.550999999977648,5783665.676000000908971,7.031159754000043,52.187011310000059,0,05240410705000832788
05,5,54,008,2024,04,07,4,3,5,3,0,1,0,0,0,0,0,336283.990699999965727,5747012.390100000426173,6.623007905000065,51.849875240000074,0,05240410705000810590
05,5,70,004,2024,04,15,3,3,2,2,0,0,1,0,1,0,0,423193.712000000290573,5733306.178999999538064,7.887483283000051,51.745391898000037,0,05240409711200795569
05,5,66,076,2024,04,09,3,3,0,6,0,0,1,0,1,0,0,395152.301900000311434,5792556.680400000885129,7.463309099000071,52.273375146000035,1,05240409709500796422
05,5,66,084,2024,04,09,3,3,5,3,0,1,1,0,0,0,0,390344.057699999772012,5775738.522099999710917,7.398310384000069,52.121290280000039,1,05240409709300771883
05,5,58,024,2024,04,08,3,3,4,6,0,1,0,0,0,0,0,392165.361600000411272,5736157.865399999544024,7.437316286000055,51.765910618000078,1,05240409706300771873
05,5,15,000,2024,04,10,3,3,1,3,0,1,1,0,0,0,0,406159.394799999892712,5757083.595699999481440,7.634359843000027,51.956524661000060,1,05240409702100775212
05,5,62,024,2024,04,16,3,2,6,3,0,0,1,1,0,0,0,373005.139800000004470,5725069.017500000074506,7.163840010000058,51.662239937000038,0,05240409701500798563
05,5,13,000,2024,04,23,3,2,0,7,2,0,0,0,0,0,1,365008.640599999576807,5716059.416799999773502,7.051763786000038,51.579412842000067,1,05240409700000805662
05,5,13,000,2024,04,16,3,3,6,4,0,0,1,1,0,0,0,362668.765599999576807,5717774.219499999657273,7.017344710000032,51.594257180000056,0,05240409700000796066
05,5,70,004,2024,04,07,2,3,6,6,0,1,0,1,0,0,0,423290.144000000320375,5735011.610300000756979,7.888503467000021,51.760736332000079,0,05240408711200724940
05,5,70,052,2024,04,16,2,3,9,1,0,0,1,0,0,0,0,435330.921299999579787,5755104.751299999654293,8.059182701000054,51.942893270000070,0,05240408711100751075
05,5,66,040,2024,04,18,2,3,4,2,0,1,1,0,0,0,0,421453.213499999605119,5782764.951300000771880,7.850962694000032,52.189746219000028,0,05240408709800239726
05,5,66,076,2024,04,14,2,3,5,3,0,1,0,0,0,0,1,393888.967899999581277,5793545.131200000643730,7.444489458000021,52.282016206000037,0,05240408709500754128
05,5,66,076,2024,04,18,2,2,6,4,0,1,0,1,0,0,0,393651.067400000058115,5793185.855100000277162,7.441116739000051,52.278741342000046,0,05240408709500753771
05,5,66,008,2024,04,07,2,3,0,1,0,1,0,0,0,0,0,400860.854399999603629,5780230.047100000083447,7.550557791000074,52.163645607000035,0,05240408709110717033
05,5,54,020,2024,04,18,2,3,1,5,0,1,1,0,0,0,0,366310.159599999897182,5782404.172700000926852,7.044837706000067,52.175895426000068,0,05240408705000752917
05,5,54,068,2024,04,17,2,2,5,3,0,1,0,0,0,0,0,350920.794999999925494,5767259.355000000447035,6.826569130000053,52.035886773000072,0,05240408705000752839
05,5,54,012,2024,04,17,2,3,5,3,0,1,1,0,0,0,0,351759.199000000022352,5745594.628000000491738,6.848120124000047,51.841460918000053,0,05240408705000752799
05,5,62,024,2024,04,15,2,3,6,3,0,0,1,1,0,0,0,367116.448499999940395,5724557.615199999883771,7.078942971000060,51.656282738000073,0,05240408701500752117
05,5,62,024,2024,04,10,2,3,6,5,0,0,1,1,0,0,0,371009.343100000172853,5726579.786599999293685,7.134442264000029,51.675362220000068,0,05240408701500730322
05,5,12,000,2024,04,16,2,2,6,4,0,0,1,1,0,0,0,356280.821899999864399,5711591.024499999359250,6.927713696000069,51.537103263000063,0,05240408701400751210
05,5,12,000,2024,04,15,2,3,5,3,0,0,1,0,0,0,1,357505.640100000426173,5708110.200400000438094,6.946769731000074,51.506135385000050,0,05240408701400750639
05,5,13,000,2024,04,22,2,2,4,2,2,0,1,0,1,0,0,366412.060200000181794,5713986.672499999403954,7.072794012000031,51.561120438000046,0,05240408700000758719
05,5,54,008,2024,04,15,5,3,2,6,0,0,1,0,0,0,0,336034.059799999929965,5745358.528999999165535,6.620166511000036,51.834944537000069,0,05240411705000885555
05,5,62,036,2024,04,11,5,3,3,6,0,0,0,0,0,0,1,388610.310999999754131,5721361.480000000447035,7.390545955000050,51.632226788000082,0,05240411701930870559
05,5,66,008,2024,04,16,1,3,0,1,0,1,0,0,0,0,0,399401.776999999769032,5780752.945000000298023,7.529078241000036,52.168081289000042,0,05240407709110706969
05,5,62,032,2024,04,09,1,2,4,6,0,1,1,0,0,0,0,375135.888700000010431,5719505.317099999636412,7.196615822000069,51.612716134000038,0,05240407701110701422
05,5,70,008,2024,04,11,7,3,5,3,0,0,1,0,0,0,0,432237.451000000350177,5738968.928999999538064,8.017352070000072,51.797466772000064,0,05240406711300685503
05,5,54,008,2024,04,13,7,3,5,2,0,1,0,0,0,0,1,336848.752999999560416,5745660.225999999791384,6.631837945000029,51.837893393000058,0,05240406705000688394
05,5,54,020,2024,04,02,7,3,9,5,2,1,1,0,0,0,0,365720.803500000387430,5784139.440899999812245,7.035536876000037,52.191344376000075,1,05240406705000681591
05,5,15,000,2024,04,17,7,3,0,6,0,1,1,0,0,0,1,405627.434999999590218,5757157.965500000864267,7.626600326000073,51.957103105000044,0,05240406702100692105
05,5,62,016,2024,04,14,7,2,3,6,0,0,1,0,1,0,0,375654.063500000163913,5732183.876599999144673,7.199582901000042,51.726773471000058,0,05240406701700689823
05,5,62,032,2024,04,00,7,3,0,1,2,0,0,0,1,0,0,378139.506400000303984,5716506.079500000923872,7.241016084000023,51.586419179000075,0,05240406701120680710
05,5,62,024,2024,04,15,2,3,0,7,0,0,0,0,0,0,1,368832.097500000149012,5723732.375099999830127,7.104040403000056,51.649269634000063,0,05240408701500749153
05,5,70,052,2024,04,12,6,3,5,2,0,1,1,0,0,0,0,429835.634600000455976,5756029.865299999713898,7.979060637000032,51.950543767000056,1,05240405711100663280
05,5,66,040,2024,04,18,6,3,5,7,0,1,1,0,0,0,0,421496.961299999617040,5782780.466399999335408,7.851598935000027,52.189891912000064,0,05240405709800674690
05,5,66,048,2024,04,13,6,3,0,1,0,1,0,0,0,0,0,427458.395600000396371,5796311.665300000458956,7.935883673000035,52.312340657000050,1,05240405709700667255
05,5,15,000,2024,04,18,6,3,4,2,0,1,0,0,0,0,0,406128.618999999947846,5758081.206000000238419,7.633639462000076,51.965486447000046,0,05240405702100678051
05,5,62,024,2024,04,13,6,3,0,1,0,1,0,0,0,0,0,371085.547600000165403,5725165.116000000387430,7.136065772000052,51.662666488000070,1,05240405701500664061
05,5,62,014,2024,04,13,6,3,5,3,0,0,1,0,0,1,0,361177.109400000423193,5713157.775000000372529,6.997647950000044,51.552407684000059,0,05240405701300666077
05,5,13,000,2024,04,21,6,2,6,6,2,0,1,1,0,0,0,368909.121199999935925,5710969.228800000622869,7.109920879000072,51.534589325000070,0,05240405700000678505
05,5,66,084,2024,04,18,5,3,5,1,0,1,1,0,0,0,0,390149.633500000461936,5775429.537200000137091,7.395571466000035,52.118474757000058,1,05240404709300636807
05,5,54,008,2024,04,08,5,3,6,2,0,0,1,1,0,0,0,335275.314299999736249,5745733.975999999791384,6.608985522000069,51.838094081000065,1,05240404705000610227
05,5,15,000,2024,04,10,5,3,0,4,0,1,0,1,0,0,0,405718.832499999552965,5757591.351500000804663,7.627811070000064,51.961014073000058,1,05240404702100787236
05,5,62,012,2024,04,10,5,3,5,3,0,0,1,0,0,0,0,357639.621199999935925,5735122.923100000247359,6.937718238000059,51.748898259000043,1,05240404701620620859
05,5,13,000,2024,04,17,5,3,6,7,0,0,1,1,0,0,0,366958.983300000429153,5709702.710300000384450,7.082298859000048,51.522751382000081,1,05240404700000635270
05,5,13,000,2024,04,05,5,3,6,4,2,0,1,1,0,0,0,365417.292500000447035,5715116.656500000506639,7.058019128000069,51.571038504000057,1,05240404700000603577
05,5,13,000,2024,04,01,5,3,9,1,2,0,1,0,0,0,0,367304.367999999783933,5708619.150000000372529,7.087682352000058,51.513095018000058,0,05240404700000602210
05,5,15,000,2024,04,11,5,3,0,1,0,1,0,0,0,0,0,405179.598699999973178,5757036.152899999171495,7.620118642000023,51.955932018000055,1,05240411702100867268
05,5,66,008,2024,04,11,4,3,5,3,0,0,1,0,0,0,0,399587.694000000134110,5782264.842000000178814,7.531348173000026,52.181703676000041,1,05240403709110581444
05,5,66,008,2024,04,10,4,2,0,1,0,1,0,0,0,0,0,399261.870000000111759,5781390.549799999222159,7.526843984000038,52.173786384000039,1,05240403709110574385
05,5,54,012,2024,04,10,4,3,5,3,0,0,1,0,0,0,0,353919.281000000424683,5746391.406999999657273,6.879116188000069,51.849189251000041,1,05240403705000576430
05,5,13,000,2024,04,16,4,3,5,3,0,0,1,0,0,0,1,367767.735500000417233,5706662.792400000616908,7.095089566000070,51.495622372000071,0,05240403700000597119
05,5,62,024,2024,04,22,6,3,1,5,2,0,1,0,0,0,0,369973.700699999928474,5725511.299699999392033,7.119870400000025,51.665521362000050,0,05240412701500601563
05,5,66,012,2024,04,13,3,3,5,3,0,0,1,0,0,0,0,404930.780000000260770,5773629.872999999672174,7.611887294000041,52.105038530000058,0,05240402709110548257
05,5,54,016,2024,04,14,3,3,3,7,0,1,0,0,0,1,0,364461.985799999907613,5756652.017599999904633,7.028046179000057,51.944048299000031,1,05240402705000605241
05,5,54,008,2024,04,20,3,3,5,3,2,1,1,0,0,0,0,334120.275000000372529,5745269.585999999195337,6.592458414000021,51.833580492000067,1,05240402705000559480
05,5,54,008,2024,04,15,3,3,6,4,0,0,1,1,0,0,0,334821.565600000321865,5743859.353800000622869,6.603299998000068,51.821119694000060,1,05240402705000552891
05,5,54,016,2024,04,06,3,2,0,3,0,0,1,0,1,0,0,363228.633000000379980,5757346.846999999135733,7.009837237000056,51.949989941000069,0,05240402705000524350
05,5,15,000,2024,04,17,3,3,6,7,0,1,0,1,0,0,0,406015.376400000415742,5757170.785000000149012,7.632240771000056,51.957284036000033,1,05240402702100554833
05,5,62,004,2024,04,07,3,3,1,5,0,0,1,0,0,0,0,383298.258000000379980,5712713.097999999299645,7.316704038000069,51.553420912000036,1,05240402701800526811
05,5,62,004,2024,04,06,3,3,1,7,0,0,1,0,0,0,0,382107.289400000125170,5713161.851299999281764,7.299383267000053,51.557206541000028,0,05240402701800524209
05,5,62,024,2024,04,20,3,3,5,3,2,1,1,0,0,0,0,370440.157100000418723,5727408.131999999284744,7.125907646000030,51.682675268000025,0,05240402701500561055
05,5,12,000,2024,04,11,3,3,5,3,0,0,1,0,0,0,0,355699.932500000111759,5710969.627299999818206,6.919598444000030,51.531371361000026,0,05240402701400538320
05,5,70,044,2024,03,18,1,3,5,3,0,0,1,0,0,0,0,416155.827499999664724,5759339.461999999359250,7.779246877000048,51.978399718000048,0,05240331711100505505
05,5,66,084,2024,03,14,1,3,5,3,0,1,0,0,0,0,0,386585.651600000448525,5778612.779799999669194,7.342479029000060,52.146362941000064,0,05240331709300504120