ULAND,UREGBEZ,UKREIS,UGEMEINDE,UJAHR,UMONAT,USTUNDE,UWOCHENTAG,UKATEGORIE,UART,UTYP1,ULICHTVERH,IstRad,IstPKW,IstFuss,IstKrad,IstGkfz,IstSonstige,LINREFX,LINREFY,XGCSWGS84,YGCSWGS84,STRZUSTAND,UIDENTSTLAE
05,5,54,040,2024,03,01,1,3,8,1,2,1,0,0,0,0,0,352888.563299999572337,5734325.597899999469519,6.869280465000031,51.740506862000075,0,05240331705000497040
05,5,15,000,2024,03,21,1,3,0,4,2,1,0,1,0,0,0,402175.750000000000000,5753917.060000000521541,7.577306579000037,51.927376459000072,1,05240331702100507152
05,5,62,012,2024,04,16,7,3,0,1,0,0,0,0,1,0,0,360534.773299999535084,5725854.574300000444055,6.983338187000072,51.666342693000047,0,05240413701610948239
05,5,54,004,2024,04,21,5,3,5,2,2,0,1,0,0,0,0,363687.518699999898672,5771703.605399999767542,7.010795132000055,52.079105644000038,0,05240411705000892748
05,5,70,020,2024,03,19,7,3,4,3,2,1,1,0,0,0,0,433797.986100000329316,5743543.071699999272823,8.039104076000058,51.838775110000029,0,05240330711400493292
05,5,66,044,2024,03,12,7,3,0,7,0,1,0,0,0,0,0,429831.511599999852479,5777545.371500000357628,7.974582960000021,52.143955836000032,0,05240330709800501303
05,5,66,012,2024,03,17,7,3,0,3,0,1,1,0,0,0,0,400923.290000000037253,5776503.610999999567866,7.552556903000038,52.130164134000040,0,05240330709110492559
05,5,54,008,2024,03,21,7,3,9,1,2,0,1,0,0,0,0,333944.398299999535084,5745367.132200000807643,6.589861409000036,51.834404519000032,0,05240330705000496451
05,5,54,060,2024,03,15,7,3,0,1,0,1,0,0,0,0,0,349501.949500000104308,5756050.520400000736117,6.810817718000067,51.934798910000040,0,05240330705000489138
05,5,13,000,2024,04,07,3,3,5,3,0,0,1,0,0,0,1,364535.803600000217557,5712764.804899999871850,7.046213693000027,51.549692727000036,1,05240409700000766304
05,5,66,048,2024,03,19,5,3,4,2,0,1,1,0,0,0,0,427242.060899999924004,5796317.048499999567866,7.932709681000063,52.312360420000061,0,05240328709700464054
05,5,58,016,2024,03,13,5,2,5,3,0,0,1,0,0,1,0,382619.700000000186265,5741935.944399999454618,7.297093550000056,51.815920218000031,1,05240328706100452637
05,5,58,004,2024,03,14,5,3,5,3,0,0,1,0,0,0,0,403833.212000000290573,5737532.414000000804663,7.605962809000061,51.780391706000046,1,05240328706000461260
05,5,54,064,2024,03,16,5,3,0,6,0,0,1,0,0,0,0,360888.819199999794364,5751764.482999999076128,6.978069242000061,51.899249576000045,0,05240328705000529762
05,5,54,024,2024,03,15,5,3,5,3,0,1,1,0,0,0,0,369958.726999999955297,5778189.791999999433756,7.099778192000031,52.138897972000052,0,05240328705000459261
05,5,54,008,2024,03,08,5,3,1,7,0,1,1,0,0,0,1,335199.372999999672174,5743178.685300000011921,6.609100578000039,51.815116515000057,1,05240328705000441036
05,5,15,000,2024,03,10,5,3,1,7,0,0,1,0,0,0,0,401920.072900000028312,5758956.181700000539422,7.572151418000033,51.972624323000048,0,05240328702100440416
05,5,15,000,2024,03,16,5,3,0,3,0,1,1,0,0,0,0,406292.786000000312924,5759686.541999999433756,7.635590021000041,51.979943626000079,1,05240328702000464257
05,5,62,032,2024,03,10,5,3,2,6,0,0,1,0,0,1,0,380389.278900000266731,5718712.416799999773502,7.272721945000058,51.606730661000029,1,05240328701110442898
05,5,66,076,2024,03,17,4,3,0,6,0,1,1,0,0,0,0,395116.175599999725819,5791918.324400000274181,7.462978301000021,52.267631156000050,0,05240327709500423299
05,5,66,012,2024,03,18,4,3,6,4,1,0,1,1,0,0,0,405026.491999999620020,5772079.448000000789762,7.613716489000069,52.091119483000057,1,05240327709110424411
05,5,66,012,2024,03,13,4,3,5,7,0,1,1,0,0,0,0,405005.824000000022352,5772261.107999999076128,7.613364278000063,52.092748729000050,0,05240327709000411365
05,5,58,012,2024,03,13,4,3,2,6,0,0,1,0,0,0,0,375159.049999999813735,5758206.229299999773502,7.183025900000075,51.960518475000072,0,05240327706000416115
05,5,54,020,2024,03,04,4,3,1,5,2,0,1,0,0,0,0,364149.709200000390410,5786606.921099999919534,7.011577482000064,52.213130472000046,0,05240327705000387996
05,5,15,000,2024,03,12,3,3,5,2,0,1,0,0,0,0,1,404400.334999999962747,5760535.828999999910593,7.607807282000067,51.987254902000075,1,05240326702100425675
05,5,15,000,2024,03,12,3,3,5,2,0,1,0,0,0,0,1,404400.334999999962747,5760535.828999999910593,7.607807282000067,51.987254902000075,1,05240326702100381537
05,5,15,000,2024,03,12,3,3,5,3,0,1,1,0,0,0,0,402348.935399999842048,5758484.560499999672174,7.578526878000048,51.968460801000049,0,05240326702100365392
05,5,62,024,2024,03,16,3,3,8,1,0,0,1,0,0,0,0,368838.322900000028312,5724101.119200000539422,7.103992042000073,51.652584831000070,0,05240326701500379738
05,5,62,024,2024,03,07,3,3,0,1,1,0,0,0,1,0,0,368638.636699999682605,5725782.047000000253320,7.100475481000046,51.667643926000039,1,05240326701500348784
05,5,12,000,2024,03,17,3,3,5,3,0,0,1,0,0,0,0,354610.016999999992549,5718977.168999999761581,6.900583490000031,51.603044272000034,0,05240326701400380798
05,5,12,000,2024,03,11,3,3,0,1,0,1,0,0,0,0,0,357262.644000000320375,5708583.153200000524521,6.943079335000050,51.510323978000031,0,05240326701400363299
05,5,13,000,2024,03,22,3,3,1,1,2,1,1,0,0,0,0,368246.200799999758601,5709159.606300000101328,7.101045326000076,51.518172392000054,0,05240326700000386926
05,5,66,032,2024,03,16,2,3,5,3,0,0,1,0,0,0,0,419276.070000000298023,5773281.834000000730157,7.821374185000025,52.104189728000051,0,05240325709800337792
05,5,58,012,2024,03,13,2,3,5,3,0,0,1,0,0,0,0,374163.345999999903142,5756829.327999999746680,7.169046299000058,51.947920595000028,0,05240325706000329104
05,5,54,004,2024,03,17,2,3,5,3,0,0,1,0,1,0,0,364024.406899999827147,5772044.622800000011921,7.015572203000033,52.082252671000049,0,05240325705000337234
05,5,15,000,2024,03,05,2,3,5,3,1,1,1,0,0,0,0,410921.607599999755621,5759759.609799999743700,7.702949166000053,51.981361820000075,0,05240325702100302340
05,5,62,024,2024,03,13,2,3,1,6,0,0,1,0,0,0,0,371873.080299999564886,5728223.319800000637770,7.146323959000028,51.690329903000077,0,05240325701500331792
05,5,12,000,2024,03,10,2,3,9,7,0,0,1,0,0,0,0,357906.816100000403821,5709497.314099999144673,6.951987308000071,51.518700946000081,0,05240325701400316133
05,5,62,020,2024,03,09,2,3,6,4,0,0,1,1,0,0,0,367648.986499999649823,5718410.247400000691414,7.088960491000023,51.601164953000080,0,05240325701200312328
05,5,62,032,2024,03,17,2,2,2,6,0,0,1,0,0,0,0,376238.716099999845028,5715620.987199999392033,7.213905524000040,51.578050390000044,0,05240325701120336951
05,5,66,028,2024,03,07,1,3,8,1,0,0,1,0,0,0,0,414407.432400000281632,5791599.920600000768900,7.745681384000022,52.268110374000059,0,05240324709700290734
05,5,15,000,2024,03,13,1,3,0,1,0,1,0,0,0,0,0,402766.736600000411272,5756305.981599999591708,7.585223300000052,51.948952373000054,1,05240324702100295756
05,5,54,048,2024,03,14,5,3,5,3,0,1,1,0,0,0,0,341861.163999999873340,5744289.895999999716878,6.705155899000033,51.827024107000057,0,05240328705000456839
05,5,15,000,2024,03,06,1,3,4,2,1,1,1,0,0,0,0,405219.558500000275671,5756538.742499999701977,7.620837178000045,51.951467895000064,1,05240324702100289951
05,5,13,000,2024,03,20,1,2,0,1,2,0,0,0,0,0,1,366640.053399999625981,5705370.321100000292063,7.079342468000050,51.483742448000044,1,05240324700000299102
05,5,54,012,2024,05,18,4,2,5,3,0,1,1,0,0,0,0,352831.213999999687076,5747836.434000000357628,6.862715520000052,51.861886936000076,0,05240501705000582887
05,5,54,052,2024,05,20,4,3,8,7,2,0,1,0,0,0,0,378980.501600000075996,5772704.188899999484420,7.233488170000044,52.091651497000043,0,05240501705000578107
05,5,15,000,2024,05,15,4,3,0,1,0,1,0,0,0,0,0,408613.187599999830127,5756428.880000000819564,7.670232901000077,51.951048360000073,0,05240501702100573947
05,5,15,000,2024,05,15,4,3,3,6,0,1,1,0,0,0,0,404523.896900000050664,5757139.817999999970198,7.610550704000048,51.956751607000058,0,05240501702000575086
05,5,62,028,2024,05,20,4,2,6,4,0,0,1,1,0,0,0,378690.821899999864399,5723256.334599999710917,7.246633114000076,51.647204969000029,0,05240501701920581635
05,5,70,004,2024,04,13,3,3,0,1,0,0,0,0,0,0,1,423233.712799999862909,5735283.765200000256300,7.887625837000030,51.763175170000068,0,05240430711200546101
05,5,70,052,2024,04,18,3,3,5,3,0,1,0,0,0,0,0,428840.923999999649823,5752473.580000000074506,7.965325111000027,51.918447841000045,0,05240430711100739966
05,5,70,036,2024,04,20,3,2,8,1,1,0,1,0,0,0,0,435740.915500000119209,5764639.407999999821186,8.063360070000044,52.028655246000028,0,05240430711100564159
05,5,70,036,2024,04,15,3,3,4,2,0,1,1,0,0,0,0,434132.844499999657273,5760526.149900000542402,8.040715423000051,51.991489726000054,0,05240430711100554261
05,5,66,072,2024,04,16,3,3,8,1,0,1,0,0,0,0,0,413351.785500000230968,5803096.291999999433756,7.727253917000041,52.371277351000060,0,05240430709700557383
05,5,66,028,2024,04,16,3,2,5,3,0,1,1,0,0,0,0,410801.275999999605119,5792207.529999999329448,7.692688810000050,52.272998575000031,0,05240430709700556188
05,5,66,076,2024,04,17,3,3,5,3,0,0,1,0,1,0,0,394268.200500000268221,5795838.072899999096990,7.449326921000022,52.302696450000042,0,05240430709500556226
05,5,66,076,2024,04,07,3,3,5,3,0,1,1,0,0,0,0,394844.535699999891222,5794001.782800000160933,7.458349401000021,52.286303900000064,0,05240430709500522985
05,5,58,016,2024,04,18,3,3,6,1,0,0,0,1,0,0,1,381299.076799999922514,5743553.210599999874830,7.277389344000028,51.830175939000071,0,05240430706100557604
05,5,54,004,2024,04,16,3,3,5,2,0,1,1,0,0,0,0,357331.553999999538064,5771265.475999999791384,6.918290654000032,52.073567897000032,0,05240430705000558779
05,5,15,000,2024,04,21,3,3,4,2,2,1,0,0,0,0,1,406419.348500000312924,5756873.705900000408292,7.638198899000031,51.954681878000031,0,05240430702100561818
05,5,15,000,2024,04,14,3,2,0,1,0,1,1,0,0,0,0,404661.242800000123680,5757230.314200000837445,7.612523730000021,51.957588587000032,0,05240430702100557343
05,5,15,000,2024,04,16,3,3,4,6,0,1,0,0,0,0,0,405353.203599999658763,5757106.979599999263883,7.622624740000049,51.956598213000063,0,05240430702100555749
05,5,15,000,2024,04,12,3,3,0,1,0,1,0,0,0,0,0,405278.367200000211596,5753187.631899999454618,7.622615473000053,51.921356610000032,0,05240430702100547440
05,5,62,036,2024,04,15,3,3,5,3,0,1,1,0,0,0,0,390778.925900000147521,5719770.755599999800324,7.422363116000042,51.618354380000028,0,05240430701930568739
05,5,62,004,2024,04,12,3,3,6,3,0,0,1,1,0,0,0,382923.161100000143051,5712031.694599999114871,7.311522991000061,51.547218917000066,0,05240430701800543082
05,5,62,024,2024,04,07,3,3,5,3,0,1,1,0,0,0,0,369925.387299999594688,5725561.513199999928474,7.119153521000044,51.665961430000038,0,05240430701500750589
05,5,12,000,2024,04,15,3,3,3,5,0,1,1,0,0,0,0,359757.306699999608099,5710676.819499999284744,6.978171229000054,51.529762542000071,0,05240430701400554937
05,5,62,032,2024,04,17,3,3,6,3,0,0,1,1,0,0,0,375331.186700000427663,5719468.424499999731779,7.199448088000054,51.612427858000046,0,05240430701110559656
05,5,70,036,2024,04,05,2,3,0,3,2,1,1,0,0,0,0,434137.866000000387430,5761117.153000000864267,8.040674995000074,51.996803265000040,0,05240429711100764215
05,5,70,052,2024,04,12,2,3,5,2,0,1,1,0,0,0,0,431331.871199999935925,5755486.087999999523163,8.000936919000026,51.945842134000031,0,05240429711100503641
05,5,70,052,2024,04,11,2,3,5,2,0,1,1,0,0,0,0,430272.876500000245869,5756310.885900000110269,7.985364703000073,51.953125024000030,0,05240429711100492182
05,5,66,056,2024,04,14,2,3,0,1,0,1,0,0,0,0,0,417559.466000000014901,5796955.039000000804663,7.790551133000065,52.316726480000057,0,05240429709700505499
05,5,66,076,2024,04,11,2,2,6,2,0,0,1,1,0,0,0,393289.104899999685585,5793197.914699999615550,7.435809346000042,52.278779578000069,0,05240429709500493705
05,5,54,012,2024,04,14,2,3,3,7,0,1,1,0,0,0,0,353225.449599999934435,5747161.566500000655651,6.868723244000023,51.855927120000047,0,05240429705000506837
05,5,54,068,2024,04,13,2,3,5,7,0,1,0,0,0,0,0,350702.893000000156462,5767059.615000000223517,6.823481992000040,52.034033607000026,0,05240429705000505704
05,5,54,048,2024,04,07,2,3,5,3,0,1,1,0,0,0,0,341284.923299999907613,5744307.308399999514222,6.696793032000073,51.827017147000049,0,05240429705000480251
05,5,15,000,2024,04,08,2,3,5,3,0,1,1,0,0,0,0,403067.159599999897182,5759335.329800000414252,7.588738127000056,51.976233461000049,0,05240429702100483556
05,5,62,012,2024,04,16,2,3,4,5,0,0,1,0,0,0,0,356920.186800000257790,5726745.401699999347329,6.930742823000060,51.673438575000034,0,05240429701610510238
05,5,12,000,2024,04,16,2,3,5,2,0,0,1,0,0,0,0,357223.124200000427663,5713457.113800000399351,6.940534087000060,51.554110769000033,0,05240429701400511042
05,5,62,032,2024,04,15,2,3,5,3,0,0,1,0,0,0,1,375135.609299999661744,5717267.315400000661612,7.197408609000036,51.592602896000074,0,05240429701110509572
05,5,13,000,2024,04,16,2,3,5,3,0,0,1,0,0,0,0,369725.921000000089407,5709218.105000000447035,7.122338374000037,51.519041310000034,0,05240429700000511403
05,5,54,008,2024,04,14,1,3,0,7,0,0,1,0,1,0,0,334598.837799999862909,5745126.570499999448657,6.599465928000029,51.832437644000038,0,05240428705000464782
05,5,62,004,2024,04,21,1,2,8,1,2,0,0,0,0,0,1,382926.563699999824166,5718590.936300000175834,7.309385644000031,51.606172098000059,0,05240428701800470734
05,5,12,000,2024,04,20,1,2,0,1,0,1,0,0,0,0,0,356511.923999999649823,5720038.308000000193715,6.927593086000059,51.613067101000070,0,05240428701400470478
05,5,62,032,2024,04,18,1,2,5,3,0,0,1,0,0,0,1,374507.611200000159442,5714199.288899999111891,7.189443764000032,51.564890667000043,0,05240428701120468531
05,5,62,032,2024,04,13,1,3,5,3,0,0,1,0,0,0,0,377412.936999999918044,5715890.744000000879169,7.230748706000043,51.580731375000028,0,05240428701110466613
05,5,13,000,2024,05,17,4,3,0,7,0,0,0,0,1,0,0,367691.451000000350177,5708597.835400000214577,7.093265396000049,51.512994251000066,0,05240501700000576676
05,5,58,016,2024,04,22,7,3,8,1,2,0,0,0,1,0,0,382806.563699999824166,5742609.057600000873208,7.299575435000065,51.822008885000059,0,05240427706000454853
05,5,54,008,2024,04,17,7,3,2,6,0,1,1,0,0,0,0,335078.479100000113249,5744406.491499999538064,6.606763656000055,51.826110716000073,0,05240427705000450112
05,5,54,008,2024,04,10,7,3,0,7,0,1,0,0,0,0,0,335808.585199999623001,5743738.557600000873208,6.617665286000033,51.820325386000036,1,05240427705000445611
05,5,54,008,2024,04,11,7,3,0,6,0,0,1,0,0,0,0,336032.366299999877810,5745395.888699999079108,6.620124251000050,51.835279659000037,0,05240427705000444742
05,5,62,008,2024,04,07,7,3,0,2,0,1,0,0,0,0,0,385881.890999999828637,5725137.732999999076128,7.349908685000059,51.665620033000039,0,05240427701910961879
05,5,62,012,2024,04,08,7,3,8,1,0,0,0,0,0,0,1,363253.932300000451505,5725210.421800000593066,7.022883697000054,51.661222581000061,0,05240427701610443985
05,5,62,014,2024,04,22,7,2,0,1,2,0,1,0,1,0,0,360336.820100000128150,5713407.862600000575185,6.985436524000022,51.554447612000047,0,05240427701300456949
05,5,62,032,2024,04,10,7,3,4,6,0,1,1,0,0,0,0,374040.206600000150502,5715527.089400000870228,7.182227854000075,51.576719525000044,1,05240427701120444176
05,5,13,000,2024,04,17,7,3,0,7,0,0,1,0,0,0,0,364726.918800000101328,5714589.122099999338388,7.048266561000048,51.566132656000036,0,05240427700000455176
05,5,13,000,2024,04,13,7,3,0,5,0,0,1,0,0,0,0,367690.126000000163913,5713525.899599999189377,7.091394358000059,51.557280902000059,0,05240427700000447458
05,5,66,028,2024,04,13,3,3,0,7,0,1,1,0,0,0,0,413272.603000000119209,5792008.319199999794364,7.728950407000070,52.271603389000063,0,05240430709700782230
05,5,70,008,2024,04,13,6,3,5,3,0,0,1,0,0,0,1,433899.409199999645352,5734374.834400000050664,8.042323767000028,51.756364579000035,0,05240426711300423928
05,5,58,012,2024,04,13,6,3,5,2,0,0,1,0,0,0,1,375023.808600000105798,5754981.196900000795722,7.182230992000029,51.931506309000042,1,05240426706000423650
05,5,54,048,2024,04,14,6,3,0,3,0,1,1,0,0,0,0,341553.097500000149012,5744900.509600000455976,6.700409747000037,51.832422565000059,0,05240426705000430251
05,5,54,004,2024,04,07,6,2,5,3,0,1,1,0,0,0,0,363547.264000000432134,5771081.746999999508262,7.008998426000062,52.073483446000068,1,05240426705000403005
05,5,15,000,2024,04,03,6,3,8,1,2,0,1,0,0,0,0,401760.912999999709427,5757488.740000000223517,7.570254976000058,51.959406540000032,0,05240426702100398647
05,5,62,008,2024,04,08,6,3,0,1,0,0,0,0,0,0,1,384658.487499999813735,5722172.100899999961257,7.333205072000055,51.638716076000037,1,05240426701910407220
05,5,62,024,2024,04,21,6,3,8,1,2,1,0,0,0,0,0,370085.269899999722838,5724551.344299999997020,7.121839522000073,51.656920391000028,0,05240426701500438263
05,5,62,014,2024,04,07,6,3,6,7,0,0,1,1,0,0,0,361322.069799999706447,5713332.531199999153614,6.999668552000060,51.554013721000047,1,05240426701300408326
05,5,70,004,2024,04,13,5,3,5,3,0,0,1,0,0,0,1,424897.281000000424683,5735560.563999999314547,7.911667024000053,51.765889118000075,0,05240425711200380546
05,5,58,028,2024,04,07,5,3,6,7,0,0,1,1,0,0,0,398024.638500000350177,5732839.694199999794364,7.523167810000075,51.737183611000034,0,05240425706000385398
05,5,15,000,2024,04,18,5,3,2,7,0,1,1,0,0,0,0,405841.504999999888241,5757304.174000000581145,7.629674640000076,51.958453582000061,0,05240425702100390833
05,5,15,000,2024,04,11,5,3,5,7,0,0,1,0,1,0,0,398681.860899999737740,5753281.780600000172853,7.526698518000046,51.921041551000030,1,05240425702100375503
05,5,15,000,2024,04,07,5,3,5,3,0,0,1,0,0,0,0,406475.604000000283122,5751398.403000000864267,7.640505477000033,51.905476418000035,0,05240425702100365515
05,5,15,000,2024,04,08,5,2,6,6,0,1,0,1,0,0,0,406008.649299999698997,5756911.833499999716878,7.632213743000023,51.954955324000082,0,05240425702100360976
05,5,62,012,2024,04,12,5,3,4,6,0,1,1,0,0,0,0,359733.008999999612570,5723846.322000000625849,6.972558236000054,51.648097274000065,0,05240425701610425700
05,5,62,014,2024,04,16,5,3,5,3,0,1,0,0,0,0,1,360715.391800000332296,5715369.082900000736117,6.990116466000075,51.572164916000077,0,05240425701300388538
05,5,62,014,2024,04,07,5,3,5,3,0,1,0,0,0,0,1,359220.888000000268221,5716133.296000000089407,6.968258943000023,51.578660913000078,0,05240425701300359605
05,5,62,020,2024,04,10,5,3,2,6,0,0,1,0,0,0,0,367319.897699999623001,5719155.051899999380112,7.083929773000023,51.607780735000063,0,05240425701200372853
05,5,13,000,2024,04,15,5,3,5,2,0,1,1,0,0,0,0,364393.110600000247359,5708643.265799999237061,7.045744019000040,51.512620485000070,0,05240425700000391221
05,5,66,040,2024,04,07,2,2,5,3,0,0,1,0,0,0,0,417018.581000000238419,5779640.538000000640750,7.786869468000020,52.161012412000048,0,05240429709800489702
05,5,70,004,2024,04,07,4,3,5,3,0,1,1,0,0,0,0,424943.646200000308454,5735168.035900000482798,7.912423586000045,51.762366626000073,1,05240424711200329266
05,5,58,016,2024,04,16,4,3,5,2,0,1,1,0,0,0,0,381623.474000000394881,5743250.291999999433756,7.282198368000024,51.827522394000027,0,05240424706100347735
05,5,54,004,2024,04,18,4,3,5,3,0,1,1,0,0,0,0,361704.191999999806285,5770568.825400000438094,6.982331649000059,52.068417523000051,1,05240424705000350497
05,5,54,008,2024,04,12,4,3,5,2,0,0,1,0,0,0,1,335875.324000000022352,5746053.915999999269843,6.617534869000053,51.841144879000069,1,05240424705000343834
05,5,15,000,2024,04,17,4,3,5,2,0,1,1,0,0,0,0,401536.066999999806285,5758091.505000000819564,7.566810929000042,51.964784542000075,1,05240424702100347476
05,5,62,004,2024,04,18,4,3,5,3,0,0,1,0,1,0,0,381756.719800000078976,5712274.544600000604987,7.294626981000022,51.549158353000053,1,05240424701800349401
05,5,12,000,2024,04,15,4,3,2,7,0,0,1,0,0,1,0,357074.074500000104308,5708713.979800000786781,6.940310803000045,51.511451906000048,1,05240424701400345105
05,5,70,052,2024,04,07,3,3,6,4,1,1,0,1,0,0,0,429930.337899999693036,5755713.097400000318885,7.980502978000061,51.947708086000034,0,05240423711100333797
05,5,66,056,2024,04,07,3,3,5,1,0,1,0,0,0,0,1,417481.846499999985099,5797288.625000000000000,7.789330855000060,52.319713242000034,0,05240423709700278197
05,5,58,028,2024,04,16,3,3,6,6,0,0,1,1,0,0,0,397707.408999999985099,5733389.002599999308586,7.518413766000037,51.742063177000034,0,05240423706000346388
05,5,54,048,2024,04,17,3,2,5,2,0,1,1,0,0,0,0,341494.508000000379980,5745749.671000000089407,6.699171172000035,51.840034772000081,0,05240423705000305510
05,5,54,012,2024,04,13,3,3,5,3,0,1,1,0,0,0,0,351914.290000000037253,5744887.655999999493361,6.850672338000038,51.835150013000032,0,05240423705000304477
05,5,54,008,2024,04,05,3,3,0,7,1,1,0,0,0,0,0,336094.213000000454485,5745986.448999999091029,6.620741312000064,51.840603079000061,0,05240423705000268420
05,5,15,000,2024,04,08,3,3,6,4,0,0,1,1,0,0,0,405611.946999999694526,5751640.120999999344349,7.627888794000057,51.907503446000078,0,05240423702100274382
05,5,62,004,2024,04,17,3,3,4,6,0,0,1,0,1,0,0,383838.724200000055134,5710754.701099999248981,7.325142595000045,51.535930752000070,0,05240423701800305238
05,5,62,012,2024,04,18,3,3,1,5,0,0,1,0,0,0,0,358588.953399999998510,5727558.229399999603629,6.954531133000046,51.681164963000072,0,05240423701610307612
05,5,12,000,2024,04,20,3,2,5,3,0,0,1,0,0,0,0,356938.251000000163913,5708825.301000000908971,6.938309656000058,51.512417852000056,0,05240423701400311194
05,5,62,020,2024,04,06,3,3,5,3,0,0,1,0,0,0,0,371872.008999999612570,5715719.127000000327826,7.150885131000052,51.577956695000069,0,05240423701200277295
05,5,62,032,2024,04,13,3,3,5,3,0,1,1,0,0,0,0,376331.364400000311434,5716130.963199999183416,7.215062302000035,51.582654000000048,0,05240423701120303781
05,5,12,000,2024,05,18,4,2,5,3,0,0,1,0,1,0,0,359524.141099999658763,5721242.034399999305606,6.970586425000022,51.624643342000070,0,05240501701400577396
05,5,58,004,2024,04,21,2,3,1,1,2,1,1,0,0,0,0,405083.729299999773502,5738295.781099999323487,7.623875883000039,51.787466889000029,0,05240422706300264223
05,5,54,028,2024,04,15,2,2,5,3,0,0,1,0,0,0,0,358118.886699999682605,5741089.871999999508262,6.942217996000068,51.802635888000054,0,05240422705000259691
05,5,15,000,2024,04,07,2,3,3,6,0,1,0,0,0,0,1,406194.627999999560416,5757324.554999999701977,7.634806632000050,51.958696461000045,0,05240422702100227093
05,5,12,000,2024,04,14,2,3,0,7,0,0,1,0,0,0,0,358931.076999999582767,5711090.230100000277162,6.966102216000024,51.533271640000066,0,05240422701400258102
05,5,62,014,2024,04,16,2,3,5,3,0,0,1,0,0,0,0,357235.282999999821186,5715167.346999999135733,6.940014811000026,51.569481690000032,0,05240422701300259718
05,5,62,014,2024,04,10,2,3,3,6,0,1,1,0,0,0,0,359069.231200000271201,5713495.406300000846386,6.967129510000063,51.554919051000070,1,05240422701300238022
05,5,62,032,2024,04,13,2,3,0,1,0,0,0,0,1,0,0,379834.866999999620020,5719056.138000000268221,7.264601910000067,51.609701792000067,1,05240422701110248498
05,5,54,012,2024,04,02,1,2,9,1,2,0,1,0,0,0,0,351932.651899999938905,5746208.761399999260902,6.850373145000049,51.847024842000053,0,05240428705000457694
05,5,70,036,2024,04,10,1,3,5,3,0,1,1,0,0,0,0,434029.288999999873340,5759864.354000000283122,8.039334795000059,51.985528080000051,0,05240421711100211897
05,5,66,012,2024,04,14,1,3,5,7,0,0,1,0,1,0,0,405399.082600000314415,5772287.167899999767542,7.619095657000059,52.093050329000050,0,05240421709800214259
05,5,15,000,2024,04,05,1,3,0,7,2,0,0,0,0,0,1,404724.738400000147521,5755657.263599999248981,7.613883573000066,51.943460261000041,0,05240421702100209555
05,5,62,004,2024,04,12,1,3,6,4,0,0,1,1,0,0,0,383227.237999999895692,5716005.993000000715256,7.314585861000069,51.583001872000068,0,05240421701800213510
05,5,70,004,2024,04,09,7,2,0,1,0,0,0,0,1,0,0,423066.358300000429153,5734496.518100000917912,7.885375586000066,51.756075144000079,0,05240420711200193597
05,5,70,052,2024,04,19,7,3,8,1,0,0,1,0,0,0,0,434673.992499999701977,5754759.782999999821186,8.049692535000077,51.939715320000062,1,05240420711100203834
05,5,70,012,2024,04,10,7,3,4,6,0,1,0,0,0,0,0,439430.320000000298023,5753477.721599999815226,8.119100118000063,51.928727713000058,0,05240420711100195350
05,5,66,040,2024,04,14,7,3,2,7,0,1,1,0,0,0,0,421519.979799999855459,5782552.874600000679493,7.851988292000044,52.187849397000036,0,05240420709800197987
05,5,58,012,2024,04,15,7,3,5,3,0,0,1,0,0,0,0,374807.746500000357628,5751777.370999999344349,7.180254809000076,51.902666431000057,0,05240420706200200001
05,5,54,012,2024,04,14,7,3,5,3,0,1,1,0,0,0,0,351759.199000000022352,5745594.628000000491738,6.848120124000047,51.841460918000053,0,05240420705000198628
05,5,15,000,2024,04,09,7,3,4,6,0,1,1,0,0,0,0,405375.678999999538064,5758804.880000000819564,7.622483873000022,51.971863469000027,0,05240420702100193488
05,5,62,008,2024,04,12,7,2,0,1,0,0,0,0,0,0,1,384719.792000000365078,5723491.780999999493361,7.333655720000024,51.650589533000073,0,05240420701910197113
05,5,62,004,2024,04,18,7,3,5,3,0,0,1,0,0,0,0,383170.302000000141561,5712917.940999999642372,7.314791220000075,51.555235506000031,1,05240420701800202108
05,5,62,020,2024,04,20,7,2,0,1,1,0,1,0,0,0,0,371797.814399999566376,5714583.326700000092387,7.150229456000034,51.567732474000081,1,05240420701200205937
05,5,15,000,2024,04,18,4,3,1,7,0,0,1,0,0,0,0,401317.340300000272691,5758333.264599999412894,7.563558861000047,51.966918738000061,0,05240424702100350702
05,5,70,004,2024,04,17,6,3,2,6,0,0,1,0,0,0,0,423230.230000000447035,5735135.049000000581145,7.887608240000077,51.761837789000026,1,05240419711200197020
05,5,66,076,2024,04,17,6,2,0,2,0,1,0,0,0,0,0,395018.952999999746680,5797480.547000000253320,7.459820866000030,52.317601759000070,1,05240419709500185111
05,5,54,016,2024,04,08,6,3,3,6,0,1,1,0,0,0,0,362296.347599999979138,5757914.584599999710917,6.996052989000020,51.954861353000069,1,05240419705000180174
05,5,54,008,2024,04,13,6,3,0,6,0,1,1,0,0,0,0,335585.860000000335276,5746108.271999999880791,6.613311051000039,51.841548035000073,1,05240419705000175980