ULAND,UREGBEZ,UKREIS,UGEMEINDE,UJAHR,UMONAT,USTUNDE,UWOCHENTAG,UKATEGORIE,UART,UTYP1,ULICHTVERH,IstRad,IstPKW,IstFuss,IstKrad,IstGkfz,IstSonstige,LINREFX,LINREFY,XGCSWGS84,YGCSWGS84,STRZUSTAND,UIDENTSTLAE
05,5,54,008,2024,04,07,6,3,0,6,0,0,1,0,1,0,0,337157.151700000278652,5745977.450300000607967,6.636160960000041,51.840833195000073,1,05240419705000157929
05,5,62,016,2024,04,00,6,2,9,1,2,0,1,0,0,0,0,376942.241000000387430,5738545.326099999248981,7.215972761000046,51.784227879000071,0,05240419701700151289
05,5,62,032,2024,04,14,6,3,1,5,0,0,1,0,0,0,0,376146.302199999801815,5720049.510399999096990,7.211008978000052,51.617830087000073,1,05240419701110181157
05,5,13,000,2024,04,17,6,2,8,1,0,0,0,0,1,1,0,369906.863699999637902,5708474.469299999997020,7.125219295000022,51.512400044000060,1,05240419700000185240
05,5,62,014,2024,05,09,4,3,0,3,0,0,1,0,0,0,1,360665.313000000081956,5715603.062999999150634,6.989301506000061,51.574255104000031,0,05240501701300568647
05,5,70,004,2024,04,15,5,3,5,3,0,0,1,0,0,0,1,424594.979000000283122,5734352.748999999836087,7.907549241000027,51.754990601000031,0,05240418711200143221
05,5,70,004,2024,04,07,5,3,5,3,0,1,1,0,0,0,0,423701.515200000256300,5734190.484699999913573,7.894643139000038,51.753410897000037,1,05240418711200115077
05,5,58,016,2024,04,07,5,3,5,3,0,1,1,0,0,0,0,382030.775000000372529,5743429.616000000387430,7.288044883000055,51.829220170000042,0,05240418706000117386
05,5,54,008,2024,04,18,5,3,1,7,0,1,1,0,0,0,0,335411.249499999918044,5745245.751700000837445,6.611189022000076,51.833748247000074,0,05240418705000164790
05,5,54,008,2024,04,13,5,3,5,3,0,1,1,0,0,0,0,336128.890999999828637,5745759.447000000625849,6.621351755000035,51.838573995000047,0,05240418705000135759
05,5,13,000,2024,04,10,5,3,5,3,0,0,1,0,0,0,0,365468.067999999970198,5715899.710999999195337,7.058451455000068,51.578087499000048,0,05240418700000128746
05,5,54,024,2024,04,12,2,3,0,1,0,1,1,0,0,0,0,369699.390800000168383,5775988.012399999424815,7.096834340000044,52.119052133000082,0,05240429705000499189
05,5,70,008,2024,04,08,4,3,1,5,0,1,1,0,0,0,0,433745.216400000266731,5732848.494699999690056,8.040380977000041,51.742624442000078,1,05240417711300083530
05,5,66,028,2024,04,07,4,3,5,3,0,0,1,0,0,0,0,417140.121399999596179,5791047.287799999117851,7.785853450000047,52.263561575000040,1,05240417709700248962
05,5,54,012,2024,04,06,4,3,5,3,0,1,1,0,0,0,0,351887.758000000379980,5745309.837999999523163,6.850106816000050,51.838936230000058,1,05240417705000066121
05,5,15,000,2024,04,11,4,3,3,3,0,1,1,0,0,0,0,405384.190999999642372,5758410.043999999761581,7.622716572000058,51.968315972000028,1,05240417702100084572
05,5,62,036,2024,04,15,4,2,5,3,0,0,1,0,0,0,0,390618.967699999921024,5721329.449599999934435,7.419566761000056,51.632333033000066,0,05240417701930100968
05,5,62,012,2024,04,11,4,3,5,3,0,1,1,0,0,0,0,361143.720800000242889,5726157.722599999979138,6.992017228000066,51.669217576000051,1,05240417701610084794
05,5,62,014,2024,04,19,4,3,5,3,1,0,1,0,0,0,1,360844.717600000090897,5715383.158299999311566,6.991975834000073,51.572323333000043,0,05240417701300103977
05,5,62,032,2024,04,07,4,3,5,3,0,1,1,0,0,0,0,375931.525999999605119,5714663.665799999609590,7.209812661000058,51.569379199000082,0,05240417701120071303
05,5,62,032,2024,04,13,4,2,0,1,0,0,1,0,0,0,0,378189.352900000289083,5717120.050300000235438,7.241522136000071,51.591947929000071,1,05240417701110096647
05,5,13,000,2024,04,15,4,3,6,2,0,0,1,1,0,0,0,367441.582000000402331,5709400.972999999299645,7.089364557000067,51.520153237000045,0,05240417700000133621
05,5,13,000,2024,04,14,4,3,2,6,0,1,1,0,0,0,0,366689.528699999675155,5707763.941600000485778,7.079150388000073,51.505264816000079,1,05240417700000101028
05,5,62,032,2024,04,11,2,3,6,3,0,0,1,1,0,0,0,375424.576000000350177,5720324.423399999737740,7.200491859000067,51.620141488000058,0,05240422701110250106
05,5,70,052,2024,04,11,3,3,5,2,0,1,1,0,0,0,0,430384.784500000067055,5757977.250800000503659,7.986655118000044,51.968119018000039,1,05240416711100038331
05,5,66,076,2024,04,17,3,3,5,3,0,1,1,0,0,0,0,393345.649000000208616,5796551.873999999836087,7.435575989000029,52.308933107000030,0,05240416709500126154
05,5,66,012,2024,04,10,3,3,0,3,0,1,1,0,0,0,0,405685.972000000067055,5772271.078999999910593,7.623286567000036,52.092954689000067,1,05240416709110034834
05,5,54,056,2024,04,14,3,3,1,5,0,0,1,0,0,0,0,357933.176900000311434,5761779.813200000673532,6.931001953000020,51.988493568000081,0,05240416705000057379
05,5,62,008,2024,04,15,3,2,5,3,0,1,1,0,0,0,0,384941.645899999886751,5723602.827800000086427,7.336824566000075,51.651633036000078,0,05240416701910054432
05,5,62,014,2024,04,13,3,3,3,6,0,1,1,0,0,0,0,360813.206399999558926,5714386.442800000309944,6.991916195000044,51.563358975000028,0,05240416701300048053
05,5,62,014,2024,04,13,3,3,5,3,0,1,1,0,0,0,0,359315.372800000011921,5716794.028300000354648,6.969356914000059,51.584621810000044,1,05240416701300047850
05,5,62,032,2024,04,08,3,3,5,3,0,1,1,0,0,0,0,377125.279199999757111,5715726.400100000202656,7.226656697000067,51.579191729000058,1,05240416701120031442
05,5,13,000,2024,04,18,3,3,0,7,0,1,1,0,0,0,0,362823.996000000275671,5716351.483999999240041,7.020140343000037,51.581509988000050,0,05240416700000057770
05,5,62,020,2024,04,10,3,3,3,6,0,1,1,0,0,0,0,370596.705199999734759,5717762.994599999859929,7.131737243000032,51.596033218000059,0,05240430701200543795
05,5,70,028,2024,04,12,3,3,5,3,0,1,1,0,0,0,0,441522.659699999727309,5744126.631699999794364,8.151111813000057,51.844883837000054,0,05240423711400286636
05,5,70,020,2024,04,21,2,3,5,3,2,1,1,0,0,0,0,432969.532499999739230,5743986.656999999657273,8.026995294000073,51.842664067000044,1,05240415711400018675
05,5,66,048,2024,04,15,2,3,6,7,0,0,0,1,0,0,1,427287.450000000186265,5796304.840500000864267,7.933378009000023,52.312256696000077,0,05240415709700035470
05,5,66,076,2024,04,17,2,3,0,1,0,1,0,0,0,0,0,395454.945000000298023,5792970.049599999561906,7.467614894000064,52.277147856000056,1,05240415709500013621
05,5,66,076,2024,04,15,2,3,0,7,0,1,0,0,0,0,0,392954.293999999761581,5793354.334699999541044,7.430853949000038,52.280120253000064,1,05240415709500009359
05,5,54,032,2024,04,10,2,3,0,7,0,1,0,0,0,0,0,325199.564000000245869,5745569.668700000271201,6.462967120000030,51.833555869000065,0,05240415705000989492
05,5,54,008,2024,04,07,2,3,0,7,0,1,0,0,0,0,0,336309.454099999740720,5745256.983200000599027,6.624207958000056,51.834113075000062,0,05240415705000980840
05,5,54,048,2024,04,18,2,3,1,5,0,0,1,0,0,0,1,341251.809799999929965,5744982.572000000625849,6.696003233000056,51.833074270000054,1,05240415705000014652
05,5,54,012,2024,04,15,2,3,4,2,0,1,1,0,0,0,0,353260.528800000436604,5745472.055900000035763,6.869949251000037,51.840756141000043,1,05240415705000012813
05,5,15,000,2024,04,12,2,3,1,2,0,1,1,0,0,0,0,402677.919999999925494,5757852.100999999791384,7.583493462000035,51.962833789000058,0,05240415702100992598
05,5,15,000,2024,04,17,2,3,0,5,0,1,1,1,0,0,0,405414.740100000053644,5758327.596899999305606,7.623183837000056,51.967580103000046,1,05240415702100014106
05,5,62,024,2024,04,10,2,2,5,3,0,0,1,0,1,0,0,370422.134999999776483,5727335.570000000298023,7.125674039000046,51.682019022000077,0,05240415701500989251
05,5,13,000,2024,04,15,2,3,5,3,0,0,1,0,0,0,1,365148.701000000350177,5717430.643999999389052,7.053257194000025,51.591768768000065,1,05240415700000011440
05,5,66,056,2024,04,00,1,3,0,1,2,1,0,0,0,0,0,416825.796000000089407,5796971.729000000283122,7.779786293000029,52.316765824000072,0,05240414709700954703
05,5,66,076,2024,04,10,1,3,5,3,0,0,1,0,0,0,0,392958.243999999947846,5792237.741000000387430,7.431266233000031,52.270086013000082,0,05240414709500115265
05,5,54,052,2024,04,18,1,3,5,3,0,1,1,0,0,0,0,378983.344999999739230,5772708.543999999761581,7.233528107000041,52.091691256000047,0,05240414705000966517
05,5,62,020,2024,04,00,1,2,9,1,2,0,1,0,0,0,0,371990.381000000052154,5714787.335999999195337,7.152932037000028,51.569609643000035,0,05240414701200956050
05,5,62,032,2024,04,21,1,3,5,3,2,0,1,0,0,0,0,376111.814899999648333,5717295.311400000005960,7.211484191000068,51.593070020000027,0,05240414701110969414
05,5,70,052,2024,05,07,4,3,5,7,0,1,1,0,0,0,0,424580.115299999713898,5757529.912000000476837,7.902274575000035,51.963340420000065,0,05240515711100029990
05,5,66,076,2024,05,14,4,3,5,2,0,1,0,0,0,0,0,394170.699000000022352,5792082.630999999120831,7.449076738000031,52.268926685000054,0,05240515709500057370
05,5,54,020,2024,05,17,4,3,2,3,0,1,1,0,0,0,0,368366.588700000196695,5785172.020899999886751,7.073818800000026,52.201260597000044,0,05240515705000061512
05,5,54,004,2024,05,16,4,3,0,3,0,1,1,0,0,0,0,363120.136199999600649,5772219.135199999436736,7.002313893000064,52.083597893000046,0,05240515705000060413
05,5,15,000,2024,05,17,4,3,6,4,0,0,0,1,1,0,0,408397.590099999681115,5754055.539799999445677,7.667728860000068,51.929679849000081,0,05240515702100062940
05,5,70,048,2024,05,21,3,3,6,4,1,0,1,1,0,0,0,449147.440499999560416,5729143.050200000405312,8.263981604000037,51.710919746000059,0,05240514711300019482
05,5,70,004,2024,05,19,3,3,6,7,0,0,0,1,0,0,1,425735.964900000020862,5734661.728299999609590,7.924010398000064,51.757920699000067,0,05240514711200017655
05,5,70,040,2024,05,13,3,3,8,1,0,0,0,1,0,0,1,419756.383500000461936,5743871.791500000283122,7.835261017000050,51.839888891000044,0,05240514711200009543
05,5,66,032,2024,05,22,3,3,0,1,2,1,0,0,0,0,0,413561.798999999649823,5776813.509999999776483,7.737066006000020,52.135071089000064,0,05240514709800019176
05,5,66,028,2024,05,15,3,3,6,1,0,1,0,1,0,0,0,409265.593999999575317,5792619.289000000804663,7.670077338000056,52.276448227000060,0,05240514709700011548
05,5,66,060,2024,05,07,3,3,1,3,0,0,1,0,0,0,1,389427.592600000090897,5790583.654500000178814,7.380087304000028,52.254522196000039,0,05240514709500980708
05,5,66,068,2024,05,12,3,3,5,3,0,1,1,0,0,0,0,375827.580500000156462,5785656.929999999701977,7.182755819000022,52.207349184000066,0,05240514709300001917
05,5,54,008,2024,05,11,3,3,0,7,0,1,0,0,0,0,0,337644.508100000210106,5744631.859600000083447,6.643860303000054,51.828886842000031,0,05240514705000993539
05,5,54,004,2024,05,16,3,3,1,7,0,1,1,0,0,0,0,357239.876299999654293,5776430.373500000685453,6.914790374000063,52.119950137000046,0,05240514705000060680
05,5,54,044,2024,05,21,3,3,9,1,2,0,1,0,0,0,0,368752.411000000312924,5744944.778000000864267,7.094885315000056,51.839874116000033,0,05240514705000019121
05,5,54,048,2024,05,17,3,3,0,7,0,0,0,0,0,0,1,341605.886400000192225,5745248.255100000649691,6.701016059000040,51.835561671000050,0,05240514705000014145
05,5,54,068,2024,05,11,3,2,8,7,0,0,1,0,0,0,0,350193.184000000357628,5766518.387000000104308,6.816294062000054,52.029033566000066,0,05240514705000001850
05,5,15,000,2024,05,08,3,3,3,1,0,1,0,0,0,0,1,405623.047500000335276,5757095.449699999764562,7.626553668000042,51.956540440000026,0,05240514702100980985
05,5,15,000,2024,05,17,3,3,0,7,0,1,0,0,0,0,0,405584.723600000143051,5755879.123199999332428,7.626330276000033,51.945601049000061,0,05240514702100016245
05,5,15,000,2024,05,17,3,2,7,1,0,1,0,0,0,0,0,404569.075500000268221,5754268.327999999746680,7.612004989000070,51.930949254000041,0,05240514702100014846
05,5,62,024,2024,05,13,3,3,5,3,0,0,1,0,0,0,1,367375.285000000149012,5724842.385999999940395,7.082574600000044,51.658902946000069,0,05240514701500044605
05,5,62,014,2024,05,17,3,1,5,2,0,0,1,0,0,0,0,358915.106399999931455,5713149.626499999314547,6.965046533000020,51.551773362000063,0,05240514701300013496
05,5,62,020,2024,05,10,3,2,5,3,0,0,1,0,0,0,0,368706.410099999979138,5718495.655600000172853,7.104187808000063,51.602179982000052,0,05240514701200990241
05,5,13,000,2024,05,06,3,3,3,5,0,0,1,0,0,0,0,364708.967100000008941,5718468.430600000545382,7.046512870000072,51.600989259000073,0,05240514700000978244
05,5,70,004,2024,05,19,4,3,5,3,0,0,1,0,0,0,1,425776.403400000184774,5734629.547599999234080,7.924603060000038,51.757636764000040,0,05240515711200064883
05,5,66,040,2024,05,17,2,3,9,1,0,1,0,0,0,0,0,419849.769999999552965,5783752.878000000491738,7.827277980000076,52.198395750000032,1,05240513709800965550
05,5,66,028,2024,05,18,2,3,5,3,0,1,1,0,0,0,0,410152.593999999575317,5792745.497500000521541,7.683041004000074,52.277728291000074,1,05240513709700965638
05,5,66,028,2024,05,10,2,3,0,6,0,1,1,0,0,0,0,412222.483599999919534,5792187.989399999380112,7.713517609000064,52.273051673000055,0,05240513709700006690
05,5,66,064,2024,05,17,2,3,3,6,0,1,1,0,0,0,0,396038.118300000205636,5771536.889299999922514,7.482730509000021,52.084627663000049,0,05240513709110964136
05,5,66,012,2024,05,17,2,2,2,6,0,1,0,0,0,0,1,405608.576000000350177,5773209.552999999374151,7.621897204000049,52.101376691000041,1,05240513709110962233
05,5,54,008,2024,05,16,2,3,2,1,0,1,1,0,0,0,0,335472.018500000238419,5746163.410399999469519,6.611633815000062,51.842009836000045,0,05240513705000015580
05,5,15,000,2024,05,15,2,3,5,3,0,1,0,0,0,0,1,407530.956799999810755,5757590.773299999535084,7.654177342000025,51.961313214000029,0,05240513702100962257
05,5,62,024,2024,05,10,2,3,5,2,0,1,1,0,0,0,0,367987.544800000265241,5724548.366699999198318,7.091532086000029,51.656404882000061,0,05240513701500941657
05,5,12,000,2024,05,13,2,3,5,3,0,1,1,0,0,0,0,356491.819699999876320,5712144.970499999821186,6.930528092000031,51.542134588000067,0,05240513701400949583
05,5,62,032,2024,05,10,2,3,0,3,0,0,1,0,0,0,1,374661.853000000119209,5719898.980000000447035,7.189632317000076,51.616148668000051,0,05240513701110935175
05,5,58,016,2024,05,02,1,2,6,7,2,1,0,1,0,0,0,381421.092000000178814,5744407.534800000488758,7.278866428000072,51.837879796000038,0,05240512706100905794
05,5,58,028,2024,05,14,1,3,0,7,0,1,1,0,0,0,0,399312.571499999612570,5729982.742499999701977,7.542639494000070,51.711736851000069,0,05240512706000915677
05,5,54,004,2024,05,15,1,2,0,1,0,1,0,0,0,0,0,363643.878999999724329,5771108.779600000008941,7.010396428000035,52.073750142000051,0,05240512705000923374
05,5,54,008,2024,05,11,1,2,5,3,0,1,0,0,0,0,0,333467.774199999868870,5746311.455800000578165,6.582495765000033,51.842745674000071,0,05240512705000910405
05,5,62,024,2024,05,11,1,3,4,5,0,1,1,0,0,0,0,369288.214599999599159,5726608.364199999719858,7.109553846000040,51.675221170000043,0,05240512701500910406
05,5,62,020,2024,05,10,1,3,1,7,0,0,1,0,0,0,0,371171.557000000029802,5717424.020999999716878,7.140156421000029,51.593118678000053,0,05240512701200909865
05,5,66,076,2024,05,18,7,3,0,1,0,0,1,0,0,0,1,393360.570299999788404,5792941.840399999171495,7.436937463000049,52.276492060000066,0,05240511709500899020
05,5,54,056,2024,05,16,7,3,5,3,0,1,1,0,0,0,0,357036.374200000427663,5762182.698699999600649,6.917782650000049,51.991883428000051,0,05240511705000898396
05,5,15,000,2024,05,10,7,3,5,3,0,1,1,0,0,0,0,406500.194000000134110,5751365.915999999269843,7.640871629000060,51.905188534000047,0,05240511702100890859
05,5,62,036,2024,05,10,7,3,5,3,0,1,1,0,0,0,0,389169.194500000216067,5719617.821399999782443,7.399169529000062,51.616665129000069,0,05240511701930891255
05,5,62,012,2024,05,02,7,3,8,5,2,0,1,0,0,0,0,357670.928000000305474,5725167.951899999752641,6.942235202000063,51.659454845000027,0,05240511701610887656
05,5,62,012,2024,05,17,7,3,6,7,0,0,1,1,0,0,0,357684.368999999947846,5725037.098999999463558,6.942482665000057,51.658282447000033,0,05240511701610224885
05,5,12,000,2024,05,12,7,3,2,6,0,0,1,0,0,0,0,357932.668999999761581,5709014.085000000894070,6.952554449000047,51.514365173000044,0,05240511701400894452
05,5,62,014,2024,05,17,7,3,1,5,0,0,1,0,0,0,1,360663.477099999785423,5713698.145999999716878,6.990030229000070,51.557136901000035,0,05240511701300898747
05,5,13,000,2024,05,17,7,3,5,3,0,0,1,0,0,0,0,366987.628999999724329,5713804.907999999821186,7.081161200000054,51.559623026000054,0,05240511700000902013
05,5,58,024,2024,05,21,6,3,0,3,1,1,1,0,0,0,0,393110.572900000028312,5737038.490299999713898,7.450737352000033,51.774006946000043,0,05240510706000885753
05,5,54,020,2024,05,15,6,3,3,6,0,1,1,0,0,0,0,366029.470800000242889,5788103.778200000524521,7.038481027000046,52.227040481000074,0,05240510705000876958
05,5,54,008,2024,05,13,6,3,5,3,0,0,1,0,0,0,0,336121.590400000102818,5745359.151900000870228,6.621435470000051,51.834975820000068,0,05240510705000874378
05,5,62,024,2024,05,15,6,3,1,5,0,1,1,0,0,0,1,369697.361399999819696,5725785.184900000691414,7.115774829000031,51.667918648000068,0,05240510701500893708
05,5,62,024,2024,05,09,6,3,5,3,0,0,1,0,0,0,0,371288.700000000186265,5725049.842000000178814,7.139043871000069,51.661677118000057,0,05240510701500861169
05,5,12,000,2024,05,20,6,3,6,4,1,0,1,1,0,0,0,357161.427199999801815,5710024.312599999830127,6.941037711000035,51.523248504000037,0,05240510701400882671
05,5,13,000,2024,05,14,6,2,0,7,0,1,0,0,0,0,0,366869.747000000439584,5713719.292999999597669,7.079494078000039,51.558825829000057,0,05240510700000875783
05,5,70,028,2024,05,12,5,2,0,7,0,1,1,0,0,0,0,440625.088100000284612,5742164.954800000414252,8.138420432000032,51.827153245000034,0,05240509711400837868
05,5,66,068,2024,05,05,5,2,0,1,1,1,0,0,0,0,0,376448.333300000056624,5785992.376599999144673,7.191713111000070,52.210503067000047,0,05240509709300833010
05,5,58,024,2024,05,15,5,3,7,1,0,1,0,0,0,0,0,389556.252999999560416,5735980.553999999538064,7.399578525000038,51.763808387000040,0,05240509706300839658
05,5,54,012,2024,05,13,5,3,7,1,0,0,1,0,0,0,1,350825.346499999985099,5744803.557700000703335,6.834915715000022,51.834104642000057,0,05240509705000846486
05,5,54,012,2024,05,20,5,2,7,2,0,1,1,0,0,0,0,353987.783300000242889,5746192.171499999240041,6.880194143000040,51.847417034000046,0,05240509705000843827
05,5,54,004,2024,05,11,5,3,3,6,0,0,1,0,1,0,0,363423.377999999560416,5771042.841000000014901,7.007207540000024,52.073103321000076,0,05240509705000835771
05,5,15,000,2024,05,11,5,3,0,7,0,1,0,0,0,0,0,405596.252999999560416,5756768.585000000894070,7.626253663000057,51.953597888000047,0,05240509702100936777
05,5,62,004,2024,05,17,5,3,6,7,0,0,1,1,0,0,0,385833.127399999648333,5717544.820599999278784,7.351679856000032,51.597366585000032,0,05240509701800884642
05,5,62,004,2024,05,17,5,2,0,1,0,1,0,0,0,0,0,383995.545599999837577,5718061.973600000143051,7.324990266000043,51.601639168000077,0,05240509701800841381
05,5,62,012,2024,05,15,5,2,8,1,0,1,0,0,0,0,0,355018.184299999848008,5724630.965399999171495,6.904132443000037,51.653951769000059,0,05240509701610839849
05,5,62,032,2024,05,19,5,2,0,7,0,0,0,0,1,0,1,375079.452399999834597,5717785.660499999299645,7.196413785000061,51.597248878000073,0,05240509701110842639
05,5,13,000,2024,05,15,5,3,3,3,0,1,1,0,0,0,0,369557.346199999563396,5715163.392799999564886,7.117706036000072,51.572431557000073,0,05240509700000839797
05,5,70,016,2024,05,16,1,3,1,5,0,1,1,0,0,0,0,409796.970099999569356,5744426.609600000083447,7.690593572000068,51.843356074000042,0,05240512711200915022
05,5,54,008,2024,05,07,2,3,0,4,0,0,1,1,0,0,0,335290.354899999685585,5744981.632799999788404,6.609561723000070,51.831339932000049,0,05240513705000930974
05,5,70,008,2024,05,07,4,3,5,3,0,0,1,0,0,0,1,433771.455000000074506,5734124.139000000432134,8.040517992000048,51.754095693000068,0,05240508711300805834
05,5,70,004,2024,05,10,4,3,0,3,0,1,1,0,0,0,0,422679.435999999754131,5735555.443700000643730,7.879535330000067,51.765541183000039,0,05240508711200803112
05,5,66,076,2024,05,19,4,3,3,6,0,1,0,0,0,0,1,394781.734000000171363,5795176.786000000312924,7.457062100000030,52.296851927000034,0,05240508709500826531
05,5,58,024,2024,05,18,4,3,0,3,0,1,1,0,0,0,0,393294.555599999614060,5736771.318099999800324,7.453485058000069,51.771640699000045,0,05240508706000825859
05,5,58,012,2024,05,12,4,3,5,3,0,0,1,0,0,0,1,371320.121000000275671,5757649.179999999701977,7.127393342000062,51.954637546000072,0,05240508706000814369
05,5,54,016,2024,05,14,4,3,8,7,0,0,1,0,0,0,0,363170.095999999903142,5757925.686000000685453,7.008755559000065,51.955176759000040,0,05240508705000820367
05,5,15,000,2024,05,07,4,2,3,6,0,1,0,0,0,0,0,405652.952999999746680,5759091.597999999299645,7.626440288000026,51.974487748000058,0,05240508702100833993
05,5,15,000,2024,05,18,4,3,0,3,0,1,1,0,0,0,0,405425.048999999649823,5758255.198000000789762,7.623353792000046,51.966931106000061,1,05240508702100825806
05,5,15,000,2024,05,13,4,3,5,3,0,0,1,0,0,0,0,407433.325000000186265,5763168.644999999552965,7.651251341000034,52.011433605000036,0,05240508702100820567
05,5,62,008,2024,05,16,4,3,0,1,0,1,0,0,0,0,0,384025.314399999566376,5721773.574100000783801,7.324191374000065,51.635004046000063,0,05240508701910823139
05,5,62,016,2024,05,17,4,2,5,3,0,1,1,0,0,0,0,382064.074599999934435,5732941.436200000345707,7.292091769000024,51.734966921000080,0,05240508701700827840
05,5,62,020,2024,05,16,4,3,5,3,0,0,1,0,1,0,0,367721.087700000032783,5718348.475500000640750,7.090024246000041,51.600626774000034,0,05240508701200822525
05,5,62,032,2024,05,19,4,3,3,2,0,0,1,0,1,0,0,377380.598899999633431,5715747.636299999430776,7.230332193000038,51.579438187000051,0,05240508701120828290
05,5,66,076,2024,05,18,3,3,5,2,0,1,0,0,0,0,0,393673.997499999590218,5793898.274900000542402,7.441228018000061,52.285148434000064,0,05240507709500787806
05,5,58,016,2024,05,18,3,2,5,2,0,1,0,0,0,0,0,381399.866999999620020,5743896.445000000298023,7.278733693000049,51.833282048000058,0,05240507706100835760
05,5,58,016,2024,05,16,3,3,3,6,0,1,1,0,0,0,0,381424.177799999713898,5743889.119599999859929,7.279088858000023,51.833221375000051,0,05240507706000786809
05,5,54,008,2024,05,18,3,3,0,1,0,1,0,0,0,0,0,336027.886199999600649,5745390.343100000172853,6.620061914000075,51.835228525000048,0,05240507705000787257
05,5,54,068,2024,05,16,3,3,0,1,0,1,0,0,0,0,0,351754.947999999858439,5767106.800300000235438,6.838787013000058,52.034739759000047,0,05240507705000781976
05,5,54,012,2024,05,12,3,2,0,1,0,0,0,0,0,0,1,352744.930999999865890,5745105.598999999463558,6.862626495000029,51.837327826000035,0,05240507705000768201
05,5,15,000,2024,05,17,3,3,5,2,0,1,0,0,0,0,0,405398.328200000338256,5759280.516499999910593,7.622682390000023,51.976142535000065,0,05240507702100785177
05,5,15,000,2024,05,15,3,3,6,1,0,1,1,1,0,0,0,405427.116899999789894,5757575.549799999222159,7.623571050000066,51.960822497000038,0,05240507702100778823
05,5,15,000,2024,05,15,3,3,6,2,0,0,1,1,0,0,0,406500.194000000134110,5751365.915999999269843,7.640871629000060,51.905188534000047,0,05240507702100778152
05,5,62,012,2024,05,19,3,3,5,3,0,1,1,0,0,0,0,362121.121000000275671,5726674.482899999246001,7.005938061000052,51.674101895000035,0,05240507701610785648
05,5,70,020,2024,05,14,2,3,5,3,0,0,0,0,1,0,1,432980.591000000014901,5744025.836600000038743,8.027148200000056,51.843017616000054,0,05240513711400961147
05,5,62,024,2024,05,10,3,3,0,1,0,0,0,0,0,0,1,369860.524699999950826,5725713.917700000107288,7.118159405000029,51.667316013000061,0,05240507701500763700
05,5,12,000,2024,05,17,3,2,6,4,1,0,1,1,0,0,0,357035.053100000135601,5709498.793199999257922,6.939430557000037,51.518494277000059,0,05240507701400782025
05,5,13,000,2024,05,17,3,3,3,6,0,0,1,0,0,0,0,366350.086500000208616,5714126.834300000220537,7.071847206000029,51.562365325000030,0,05240507700000782923
05,5,13,000,2024,05,12,3,3,6,4,0,0,1,1,0,0,0,369239.769500000402331,5708665.280700000002980,7.115540559000067,51.513960840000038,0,05240507700000778485
05,5,66,076,2024,05,22,2,3,5,3,2,1,1,0,0,0,0,396006.077999999746680,5793810.495999999344349,7.475430848000030,52.284805770000048,0,05240506709500745953
05,5,58,024,2024,05,16,2,3,4,7,0,1,0,0,0,0,0,392788.641200000420213,5736785.892100000753999,7.446151087000032,51.771675023000057,0,05240506706000739689
05,5,54,012,2024,05,16,2,3,3,2,0,1,1,0,0,0,0,353161.082999999634922,5746454.878000000491738,6.868089482000073,51.849560626000027,0,05240506705000737867
05,5,54,008,2024,05,07,2,3,3,6,2,1,0,0,0,0,1,335720.226200000382960,5745149.160399999469519,6.615715109000064,51.832971480000026,0,05240506705000732046
05,5,15,000,2024,05,12,2,3,5,5,0,1,1,0,0,0,0,404584.178000000305474,5758822.621899999678135,7.610960122000051,51.971887617000050,0,05240506702100734975
05,5,62,004,2024,05,14,2,3,6,4,0,0,1,1,0,0,0,384467.715200000442564,5714119.851600000634789,7.333102176000068,51.566305277000026,0,05240506701800730233
05,5,62,004,2024,05,09,2,3,5,3,0,0,1,0,0,0,0,384480.440999999642372,5711273.899000000208616,7.334220503000040,51.540728919000060,0,05240506701800714824
05,5,62,016,2024,05,06,2,3,1,7,0,0,1,0,1,0,0,380471.220399999991059,5730707.955600000917912,7.269802492000053,51.714556606000031,0,05240506701700719125
05,5,13,000,2024,05,18,2,3,5,3,0,0,1,0,0,0,0,367951.752299999818206,5709351.175499999895692,7.096732202000055,51.519825218000051,1,05240506700000740790
05,5,58,012,2024,05,12,5,3,7,1,0,1,0,0,0,0,0,374479.100200000219047,5756592.326899999752641,7.173724608000043,51.945862130000080,0,05240509706000836655
05,5,54,020,2024,05,11,7,3,5,7,0,1,1,0,0,0,0,365287.668200000189245,5784132.682499999180436,7.029206981000073,52.191178014000059,0,05240511705000911060
05,5,54,048,2024,05,19,1,3,5,3,0,1,1,0,0,0,0,341246.735999999567866,5744756.740000000223517,6.696033245000024,51.831043967000028,0,05240505705000696601
05,5,54,008,2024,05,15,1,3,1,5,0,1,1,0,0,0,0,337022.884999999776483,5746170.142999999225140,6.634122941000044,51.842525088000059,0,05240505705000693022
05,5,15,000,2024,05,18,1,3,1,5,0,1,1,0,0,0,0,404857.415099999867380,5759799.553300000727177,7.614665731000059,51.980715476000057,0,05240505702100695540
05,5,15,000,2024,05,13,1,3,5,3,0,1,1,0,0,0,0,407713.118999999947846,5751437.567999999970198,7.658478460000026,51.906034838000039,0,05240505702100691413
05,5,15,000,2024,05,11,1,3,0,7,0,1,0,0,0,0,0,407026.032599999569356,5756296.793199999257922,7.647180880000064,51.949598044000027,1,05240505702100689862