ULAND,UREGBEZ,UKREIS,UGEMEINDE,UJAHR,UMONAT,USTUNDE,UWOCHENTAG,UKATEGORIE,UART,UTYP1,ULICHTVERH,IstRad,IstPKW,IstFuss,IstKrad,IstGkfz,IstSonstige,LINREFX,LINREFY,XGCSWGS84,YGCSWGS84,STRZUSTAND,UIDENTSTLAE
05,5,62,020,2024,05,20,1,3,0,1,1,0,0,0,1,0,0,371741.306400000117719,5714804.684299999848008,7.149333790000071,51.569708948000027,0,05240505701200699194
05,5,66,008,2024,05,17,2,3,5,2,0,1,1,0,0,0,0,400627.617399999871850,5779279.610200000926852,7.547427155000037,52.155061310000065,0,05240506709110739415
05,5,66,088,2024,05,09,7,3,0,1,0,1,0,0,0,0,0,418391.889800000004470,5786696.827600000426173,7.805242140000075,52.224644079000029,0,05240504709800671592
05,5,66,008,2024,05,17,7,3,5,3,0,1,1,0,0,0,0,399486.474999999627471,5781739.865000000223517,7.530023843000038,52.176966895000078,0,05240504709000679644
05,5,54,056,2024,05,16,7,3,5,3,0,0,1,0,1,0,0,356580.067599999718368,5761223.038100000470877,6.911542755000028,51.983143241000050,0,05240504705000678953
05,5,62,012,2024,05,15,7,3,3,2,0,1,0,0,1,0,0,361150.899799999780953,5725944.072300000116229,6.992205881000075,51.667299500000070,0,05240504701610677110
05,5,12,000,2024,05,13,7,3,1,6,0,0,1,0,0,0,0,357246.566399999894202,5710532.411399999633431,6.942058213000053,51.527835746000051,0,05240504701400674964
05,5,62,032,2024,05,22,7,2,0,1,2,0,0,0,0,0,1,378009.564500000327826,5716723.897099999710917,7.239065702000062,51.588348665000069,1,05240504701120683778
05,5,13,000,2024,05,23,7,3,8,1,2,0,1,0,0,0,0,369907.489299999549985,5708474.663399999961257,7.125228234000076,51.512401933000035,1,05240504700000684946
05,5,70,020,2024,05,19,6,2,0,5,0,0,1,0,0,0,1,432757.906200000084937,5742833.566299999132752,8.024147971000048,51.832272447000037,0,05240503711400662480
05,5,66,084,2024,05,18,6,2,8,1,0,1,0,0,0,0,0,385750.572700000368059,5779111.240299999713898,7.330112544000031,52.150670457000047,0,05240503709300660928
05,5,66,084,2024,05,07,6,3,0,1,0,1,0,0,0,0,0,386374.957700000144541,5778640.017200000584126,7.339392084000053,52.146564419000072,1,05240503709300631960
05,5,54,020,2024,05,13,6,3,5,2,0,1,1,0,0,0,0,365453.531999999657273,5786174.075999999418855,7.030821124000056,52.209561118000067,1,05240503705000651554
05,5,54,004,2024,05,11,6,3,0,7,0,1,0,0,0,0,0,363780.754999999888241,5771815.916200000792742,7.012109994000070,52.080137750000063,1,05240503705000643002
05,5,54,008,2024,05,11,6,3,5,3,0,1,0,0,0,0,0,335609.217699999921024,5745854.756799999624491,6.613770272000068,51.839277483000046,1,05240503705000642987
05,5,15,000,2024,05,17,6,2,3,1,0,1,1,0,0,0,0,406255.934000000357628,5754831.631999999284744,7.636378429000047,51.936299189000067,0,05240503702100660769
05,5,15,000,2024,05,17,6,2,1,1,0,1,1,0,0,0,0,405589.425999999977648,5755239.392000000923872,7.626574327000071,51.939851648000058,0,05240503702100659976
05,5,15,000,2024,05,14,6,3,6,4,0,0,1,1,0,0,0,406790.939000000245869,5756598.168500000610948,7.643679445000032,51.952267613000060,0,05240503702100658784
05,5,15,000,2024,05,12,6,3,1,7,0,1,1,0,0,0,0,403639.042100000195205,5757371.130699999630451,7.597612814000058,51.958678091000081,1,05240503702100650299
05,5,15,000,2024,05,11,6,3,5,3,0,1,0,0,0,0,0,405387.300999999977648,5756755.273000000044703,7.623217644000022,51.953442726000048,1,05240503702100644470
05,5,62,016,2024,05,17,6,3,5,3,0,1,0,0,0,0,1,374525.181599999777973,5733771.023900000378489,7.182674358000043,51.740785422000044,1,05240503701700661601
05,5,12,000,2024,05,11,6,3,5,3,0,0,1,0,0,0,0,355687.625400000251830,5709688.279899999499321,6.919946043000039,51.519854341000041,0,05240503701400670808
05,5,66,008,2024,05,12,2,2,0,3,0,1,1,0,0,0,0,401642.242300000041723,5778940.183100000023842,7.562351617000047,52.152192251000031,0,05240506709110725425
05,5,70,028,2024,05,17,5,3,3,7,0,1,1,0,0,0,0,442260.054999999701977,5743349.020999999716878,8.161944812000058,51.837969684000029,0,05240502711400621784
05,5,70,048,2024,05,11,5,3,5,3,0,1,1,0,0,0,0,447626.053700000047684,5732500.306099999696016,8.241458732000069,51.740963479000072,0,05240502711300669702
05,5,70,008,2024,05,18,5,2,5,2,0,1,1,0,0,0,0,432784.063799999654293,5739385.830800000578165,8.025196621000021,51.801280672000075,0,05240502711300621242
05,5,70,008,2024,05,09,5,3,5,3,0,0,1,0,0,0,0,432595.562300000339746,5733539.910399999469519,8.023598232000040,51.748703179000074,0,05240502711300604074
05,5,70,052,2024,05,13,5,3,5,2,0,1,0,0,0,0,1,429892.422500000335276,5756090.142699999734759,7.979874502000030,51.951092798000047,0,05240502711100620367
05,5,70,032,2024,05,09,5,3,6,4,0,0,0,1,0,1,0,420334.631699999794364,5765665.124600000679493,7.838604365000037,52.035876604000066,0,05240502711100597776
05,5,66,044,2024,05,14,5,3,6,4,0,0,1,1,0,0,0,429680.797899999655783,5777469.339400000870228,7.972396600000025,52.143253194000067,0,05240502709800615292
05,5,66,056,2024,05,19,5,3,4,7,1,1,0,0,0,0,1,416838.671099999919534,5796884.905999999493361,7.779996594000067,52.315987372000052,0,05240502709700623919
05,5,66,076,2024,05,22,5,3,9,6,2,1,1,0,0,0,0,392212.521499999798834,5792694.878699999302626,7.420195822000039,52.274048695000033,0,05240502709500678657
05,5,66,076,2024,05,17,5,3,4,2,0,0,1,0,1,0,0,394283.838499999605119,5794708.826899999752641,7.449910629000044,52.292550691000031,0,05240502709500617165
05,5,66,008,2024,05,15,5,3,5,2,0,1,1,0,0,0,0,399590.638799999840558,5780700.280799999833107,7.531854329000055,52.167642350000051,0,05240502709110619371
05,5,66,080,2024,05,15,5,2,4,7,0,1,0,0,0,0,0,405702.190000000409782,5780985.864000000059605,7.621106697000073,52.171287286000052,0,05240502709110617069
05,5,58,032,2024,05,10,5,3,5,3,0,1,1,0,0,0,0,387266.904900000430644,5754445.942800000309944,7.360398178000025,51.929310262000058,0,05240502706100601053
05,5,54,020,2024,05,07,5,3,5,3,0,1,0,0,0,0,1,363589.021200000308454,5787162.939400000497699,7.003152050000040,52.217987873000027,0,05240502705000586326
05,5,15,000,2024,05,18,5,3,5,7,0,1,0,0,0,0,0,406847.953999999910593,5761613.342000000178814,7.643147606000070,51.997355934000041,0,05240502702100619850
05,5,15,000,2024,05,08,5,3,6,2,0,0,1,1,0,0,0,405965.213700000196695,5758583.638399999588728,7.631124115000034,51.969974913000044,0,05240502702100592316
05,5,15,000,2024,05,14,5,3,5,3,0,1,1,0,0,0,0,400605.114799999631941,5760988.689200000837445,7.552425935000031,51.990659119000043,0,05240502702000617596
05,5,62,024,2024,05,08,5,3,5,3,0,0,1,0,0,0,0,371254.881000000052154,5724825.902000000700355,7.138637667000069,51.659656883000082,0,05240502701500593598
05,5,12,000,2024,05,11,5,3,5,2,0,1,1,0,0,0,0,355960.226700000464916,5719019.122099999338388,6.920049252000069,51.603768194000054,0,05240502701400600008
05,5,12,000,2024,05,09,5,3,5,3,0,1,1,0,0,0,0,359134.415000000037253,5712459.974999999627471,6.968483752000054,51.545630954000046,0,05240502701400592112
05,5,62,020,2024,05,14,5,3,2,6,0,0,1,0,0,0,0,371463.743599999696016,5716619.000900000333786,7.144667038000023,51.585950807000074,0,05240502701200616244
05,5,13,000,2024,05,15,5,3,5,3,0,1,1,0,0,0,0,364432.921600000001490,5717479.109500000253320,7.042911796000055,51.592032519000043,0,05240502700000616718
05,5,13,000,2024,05,15,5,3,6,2,0,0,1,1,0,0,0,364935.287999999709427,5716171.237999999895692,7.050662791000036,51.580400140000052,0,05240502700000612755
05,5,66,076,2024,05,16,6,2,2,3,0,1,0,0,0,0,0,393481.167000000365078,5793230.334400000050664,7.438613256000053,52.279108190000045,0,05240531709500662044
05,5,66,084,2024,05,17,6,3,5,7,0,1,1,0,0,0,0,389982.765200000256300,5775660.541400000452995,7.393060618000050,52.120517666000069,0,05240531709300630964
05,5,15,000,2024,05,16,6,3,0,7,0,1,0,0,0,0,0,400979.008000000379980,5753807.732000000774860,7.559939287000077,51.926182199000039,1,05240531702100629074
05,5,62,004,2024,05,16,6,3,0,1,0,1,0,0,0,0,0,382717.496399999596179,5711778.834499999880791,7.308642580000026,51.544903568000052,0,05240531701800629490
05,5,66,020,2024,05,18,5,3,5,7,0,1,1,0,0,0,0,404638.813400000333786,5804032.101700000464916,7.599045497000077,52.378240904000052,0,05240530709700629375
05,5,54,012,2024,05,18,5,2,0,1,0,1,0,0,0,0,0,353174.502799999900162,5746465.567399999126792,6.868279635000022,51.849660200000073,0,05240530705000594374
05,5,54,020,2024,05,12,5,3,0,7,0,0,0,1,0,0,1,364838.523599999956787,5786453.283299999311566,7.021714384000063,52.211919382000076,0,05240530705000587206
05,5,15,000,2024,05,12,5,3,5,3,0,1,0,0,0,0,0,401723.481900000013411,5754338.479599999263883,7.570610932000022,51.931084628000065,0,05240530702100654410
05,5,62,024,2024,05,08,5,3,2,6,0,0,1,0,0,0,0,371288.828700000420213,5724613.589099999517202,7.139206367000043,51.657756658000039,0,05240530701500584524
05,5,66,040,2024,05,21,4,3,5,2,2,1,1,0,0,0,0,421877.561400000005960,5782456.528400000184774,7.857240098000034,52.187034123000046,0,05240529709800577731
05,5,66,072,2024,05,12,4,3,0,7,0,0,0,0,0,0,1,412656.858000000007451,5803606.126000000163913,7.716916321000042,52.375749460000065,1,05240529709700563739
05,5,58,036,2024,05,13,4,2,8,1,0,0,1,0,0,0,0,390352.117399999871850,5731678.122899999842048,7.412462755000035,51.725295010000082,0,05240529706300571114
05,5,58,032,2024,05,10,4,3,0,1,0,1,0,0,0,0,0,386907.510800000280142,5754362.147500000894070,7.355200974000070,51.928484261000051,1,05240529706000552049
05,5,54,008,2024,05,08,4,3,0,1,0,1,1,0,0,0,0,335607.346300000324845,5746239.577199999243021,6.613560258000064,51.842733927000040,1,05240529705000546854
05,5,54,048,2024,05,07,4,3,6,4,0,0,1,1,0,0,0,341213.951200000010431,5745772.588199999183416,6.695091710000042,51.840160960000048,1,05240529705000545679
05,5,62,024,2024,05,10,4,3,2,6,0,0,1,0,0,1,0,368470.580400000326335,5723917.121700000017881,7.098748490000048,51.650845412000081,1,05240529701500547617
05,5,12,000,2024,05,16,4,3,5,3,0,1,1,0,0,0,0,359487.933699999935925,5710943.834100000560284,6.974183848000052,51.532094982000046,0,05240529701400569597
05,5,15,000,2024,05,20,4,2,5,3,0,1,0,0,0,1,0,405994.141999999992549,5753970.390000000596046,7.632806838000022,51.928513753000061,1,05240529702100576191
05,5,70,032,2024,05,08,3,3,0,3,0,1,1,0,0,0,0,420742.315899999812245,5766535.564899999648333,7.844344664000062,52.043759474000069,0,05240528711100498182
05,5,66,080,2024,05,17,3,3,2,6,0,0,1,0,0,0,0,406731.280000000260770,5780819.714999999850988,7.636195851000025,52.169968811000047,0,05240528709110546755
05,5,66,012,2024,05,12,3,3,0,3,0,1,1,0,0,0,0,405005.824000000022352,5772261.107999999076128,7.613364278000063,52.092748729000050,0,05240528709110512087
05,5,54,008,2024,05,21,3,2,0,6,1,1,1,0,0,0,0,335721.629800000227988,5745221.758700000122190,6.615701000000058,51.833624074000056,1,05240528705000532009
05,5,54,020,2024,05,21,3,3,2,6,1,0,1,0,0,0,0,365507.230800000019372,5783378.828400000929832,7.032716138000069,52.184457950000080,1,05240528705000531483
05,5,54,008,2024,05,18,3,2,5,3,0,1,1,0,0,0,0,335901.532100000418723,5744773.423200000077486,6.618522188000043,51.829649355000072,1,05240528705000528317
05,5,54,020,2024,05,15,3,3,4,6,0,1,1,0,0,0,0,364038.131400000303984,5786892.955800000578165,7.009830499000032,52.215673032000041,0,05240528705000521662
05,5,15,000,2024,05,13,3,2,0,5,0,1,1,0,0,0,0,407646.444299999624491,5758029.337300000712276,7.655739745000062,51.965274459000057,0,05240528702100522867
05,5,62,024,2024,05,16,3,3,6,6,0,1,0,1,0,0,0,368787.718600000254810,5724119.036299999803305,7.103254240000069,51.652734035000037,0,05240528701500523803
05,5,62,024,2024,05,14,3,3,5,3,0,1,1,0,0,0,0,367272.682699999772012,5724057.294999999925494,7.081390148000025,51.651823551000064,0,05240528701500522238
05,5,15,000,2024,05,19,5,3,4,6,0,0,1,0,0,0,0,403289.643899999558926,5762027.163899999111891,7.591217126000060,52.000467124000068,0,05240530702100596460
05,5,70,028,2024,05,12,2,3,0,6,0,1,1,0,0,0,0,441210.094399999827147,5742252.316500000655651,8.146893503000058,51.828000519000057,0,05240527711400478479
05,5,70,004,2024,05,12,2,3,8,6,0,1,1,0,0,0,0,423134.514000000432134,5735170.626000000163913,7.886213730000065,51.762144482000053,0,05240527711200468265
05,5,66,028,2024,05,14,2,3,5,2,0,0,1,0,0,0,0,411951.695000000298023,5790893.535000000149012,7.709887785000035,52.261373473000049,0,05240527709700478460
05,5,66,008,2024,05,05,2,3,0,3,1,1,0,0,0,0,1,400301.561200000345707,5779582.207100000232458,7.542573868000034,52.157722214000046,0,05240527709110704597
05,5,66,012,2024,05,13,2,3,0,3,0,1,1,0,0,0,0,404505.027499999850988,5772450.398199999704957,7.606003421000025,52.094363904000033,0,05240527709110467854
05,5,54,008,2024,05,15,2,3,2,6,0,0,1,0,0,0,0,335699.838200000114739,5744692.855499999597669,6.615636080000058,51.828866302000051,0,05240527705000476534
05,5,54,008,2024,05,08,2,3,2,6,0,1,0,0,0,0,0,335700.059899999760091,5745814.366000000387430,6.615106849000028,51.838941367000075,0,05240527705000458739
05,5,62,004,2024,05,13,2,3,5,2,0,1,1,0,0,0,0,382831.955900000408292,5712436.646199999377131,7.310073372000033,51.550839585000062,0,05240527701800470882
05,5,12,000,2024,05,11,2,3,0,1,0,1,0,0,0,0,0,356930.842600000090897,5708836.432299999520183,6.938198449000026,51.512516000000062,0,05240527701400463424
05,5,62,014,2024,05,19,2,3,5,3,0,1,1,0,0,0,0,359847.434500000439584,5717218.890900000929832,6.976861907000057,51.588572191000026,1,05240527701300482564
05,5,70,032,2024,05,20,1,2,5,3,0,1,1,0,0,0,0,418068.429800000041723,5767124.136700000613928,7.805224686000031,52.048661353000057,1,05240526711100968396
05,5,66,016,2024,05,19,1,3,5,3,0,1,0,0,0,0,0,403813.397499999962747,5795240.426899999380112,7.589440145000026,52.299079576000054,0,05240526709500442542
05,5,58,016,2024,05,15,1,3,0,5,0,1,1,0,0,0,0,382787.439299999736249,5744135.874399999156594,7.298781051000049,51.835726767000040,0,05240526706000433126
05,5,15,000,2024,05,21,1,3,5,7,2,1,1,0,0,0,0,405584.527400000020862,5757711.671900000423193,7.625823896000043,51.962072773000045,0,05240526702100440155
05,5,13,000,2024,05,13,1,3,6,4,0,0,1,1,0,0,0,367766.025000000372529,5706660.349999999627471,7.095065854000040,51.495600022000076,0,05240526700000431066
05,5,70,008,2024,05,12,7,3,5,3,0,0,1,0,1,0,0,432972.602500000037253,5738762.407899999991059,8.028051010000070,51.795698750000042,0,05240525711300410092
05,5,70,052,2024,05,16,7,3,5,3,0,1,1,0,0,0,0,429429.975399999879301,5752353.319700000807643,7.973913257000049,51.917441711000038,0,05240525711100418516
05,5,66,036,2024,05,13,7,3,1,5,0,1,1,0,0,0,0,386985.526300000026822,5767593.299699999392033,7.351974930000040,52.047411967000073,0,05240525709300412313
05,5,54,012,2024,05,09,7,2,6,1,0,1,0,1,0,0,0,351290.587000000290573,5745556.000000000000000,6.841339510000068,51.840989258000036,1,05240525705000409047
05,5,15,000,2024,05,09,7,3,7,7,0,1,0,0,0,0,1,404493.079099999740720,5755085.592900000512600,7.610673110000050,51.938282134000076,0,05240525702100407510
05,5,12,000,2024,05,22,7,3,5,3,2,0,1,0,0,0,0,360320.266200000420213,5710150.892300000414252,6.986490367000044,51.525176034000026,0,05240525701400422349
05,5,58,012,2024,05,17,7,2,3,6,0,1,0,0,0,0,0,372715.224999999627471,5756696.168999999761581,7.148036918000059,51.946394519000080,0,05240525706000416118
05,5,66,076,2024,05,07,6,3,5,2,0,0,1,0,0,0,0,392766.669999999925494,5792882.492000000551343,7.428254810000055,52.275843164000037,0,05240524709500369383
05,5,58,032,2024,05,20,6,3,4,5,0,0,1,0,0,0,0,385954.905700000002980,5754465.844000000506639,7.341318319000038,51.929221862000077,1,05240524706100401218
05,5,54,020,2024,05,18,6,2,5,3,0,1,1,0,0,0,0,364665.315000000409782,5786498.836999999359250,7.019162652000034,52.212286183000060,1,05240524705000397489
05,5,54,020,2024,05,12,6,3,3,6,0,1,1,0,0,0,0,366446.538300000131130,5786245.974999999627471,7.045316883000055,52.210448697000061,1,05240524705000381178
05,5,15,000,2024,05,16,6,3,1,5,0,1,1,0,0,0,0,406083.786000000312924,5758058.464999999850988,7.632993308000039,51.965274468000075,1,05240524702100394314
05,5,15,000,2024,05,14,6,3,4,7,0,1,1,0,0,0,0,403914.705299999564886,5758673.412599999457598,7.601258998000048,51.970431137000048,1,05240524702100392791
05,5,62,004,2024,05,09,6,3,2,7,0,0,1,0,1,0,0,382578.836000000126660,5714301.279999999329448,7.305801558000041,51.567545738000035,1,05240524701800374078
05,5,62,020,2024,05,13,6,3,2,6,0,0,1,0,0,0,0,371289.400399999693036,5717131.326600000262260,7.141964067000060,51.590515212000071,0,05240524701200408521
05,5,70,020,2024,05,11,5,3,5,3,0,0,1,0,0,0,1,433064.735600000247359,5743734.271500000730157,8.028425879000054,51.840406567000059,0,05240523711400330001
05,5,70,004,2024,05,17,5,3,5,2,0,1,1,0,0,0,0,422885.978199999779463,5734821.348899999633431,7.882690677000028,51.758970442000077,0,05240523711200783094
05,5,66,008,2024,05,23,5,3,0,1,2,0,0,0,0,0,1,398556.729000000283122,5781618.812999999150634,7.516467742000032,52.175708751000059,0,05240523709110359356
05,5,66,012,2024,05,16,5,3,0,7,0,0,0,0,0,0,1,404733.144000000320375,5772173.240700000897050,7.609409777000053,52.091912087000026,0,05240523709110349692
05,5,15,000,2024,05,08,5,3,1,6,0,0,1,0,0,0,0,403626.937900000251830,5758784.583599999547005,7.597040031000063,51.971380553000074,0,05240523702100375032
05,5,15,000,2024,05,14,5,3,0,7,0,1,0,0,0,0,0,405188.375500000081956,5752184.216700000688434,7.621583546000068,51.912322114000062,0,05240523702100340616
05,5,15,000,2024,05,10,5,3,6,4,0,0,1,1,0,0,0,405851.678999999538064,5757285.960000000894070,7.629827652000074,51.958291589000055,0,05240523702100338425
05,5,15,000,2024,05,13,5,3,5,3,0,1,0,0,0,0,0,406940.056300000287592,5760020.991599999368191,7.644920922000040,51.983058606000043,0,05240523702100336603
05,5,62,014,2024,05,08,5,3,5,6,0,1,0,0,0,0,0,360229.246000000275671,5715136.992000000551343,6.983198356000059,51.569959028000028,0,05240523701300349772
05,5,62,014,2024,05,16,5,3,0,7,0,0,1,0,0,0,0,361008.791400000452995,5715541.290300000458956,6.994279310000024,51.573784796000041,0,05240523701300347854
05,5,13,000,2024,05,11,5,3,5,3,0,1,0,0,0,0,0,366080.042200000025332,5715816.739199999719858,7.067309609000063,51.577487601000030,0,05240523700000331279
05,5,13,000,2024,05,11,5,3,2,6,0,0,1,0,0,0,0,368287.936999999918044,5708160.839600000530481,7.102019687000052,51.509206440000071,0,05240523700000329507
05,5,66,076,2024,05,17,4,3,6,6,0,0,0,1,0,0,1,393704.970999999903142,5793219.812400000169873,7.441895847000069,52.279056949000051,0,05240522709500357805
05,5,66,076,2024,05,14,4,3,3,2,0,1,1,0,0,0,0,393911.771300000138581,5793539.770099999383092,7.444825293000065,52.281972427000028,0,05240522709500292469
05,5,66,084,2024,05,13,4,3,4,1,0,1,0,0,0,0,0,390358.462000000290573,5776566.915999999269843,7.398253726000064,52.128738120000037,0,05240522709300291703
05,5,66,012,2024,05,11,4,3,0,7,0,0,0,0,0,0,1,410439.821999999694526,5776313.188699999824166,7.691595748000054,52.130076779000035,0,05240522709110283021
05,5,54,008,2024,05,17,4,3,1,1,0,1,1,0,0,0,0,338249.419200000353158,5745469.960000000894070,6.652239245000032,51.836591511000051,0,05240522705000300759
05,5,54,020,2024,05,15,4,3,5,3,0,1,1,0,0,0,0,366453.743599999696016,5786233.496999999508262,7.045427196000048,52.210338324000077,0,05240522705000297347
05,5,15,000,2024,05,16,4,3,5,3,0,1,0,0,0,0,0,405832.594999999739230,5758606.652000000700355,7.629187852000030,51.970159316000036,0,05240522702100297640
05,5,15,000,2024,05,10,4,3,6,4,0,0,0,1,0,0,1,404937.402700000442564,5760321.771700000390410,7.615685313000029,51.985423053000034,0,05240522702100277999
05,5,12,000,2024,05,19,4,3,6,4,0,0,1,1,0,0,0,356238.660699999891222,5709894.894700000062585,6.927798526000061,51.521851454000057,0,05240522701400302273
05,5,66,076,2024,05,17,5,3,5,3,0,1,0,0,0,0,0,394908.304399999789894,5794504.560200000181794,7.459127128000034,52.290834691000043,0,05240523709500349370
05,5,70,008,2024,05,12,3,3,6,4,0,0,1,1,0,0,0,432238.053500000387430,5738967.176899999380112,8.017361148000020,51.797451094000053,0,05240521711300248035
05,5,66,028,2024,05,18,3,3,5,3,0,1,0,0,0,0,0,412314.895100000314415,5792369.706199999898672,7.714824393000072,52.274699740000074,0,05240521709700254378
05,5,54,008,2024,05,15,3,3,2,6,0,0,1,0,0,0,0,334789.748900000005960,5746660.851399999111891,6.601501400000075,51.846277078000071,0,05240521705000252800
05,5,54,020,2024,05,05,3,3,1,5,1,1,1,0,0,0,0,366887.750599999912083,5782148.238700000569224,7.053379881000069,52.173735376000081,0,05240521705000233526
05,5,15,000,2024,05,16,3,3,5,2,0,1,0,0,0,0,0,405901.031999999657273,5757240.263000000268221,7.630558198000074,51.957889198000032,0,05240521702100374971
05,5,15,000,2024,05,09,3,3,1,6,0,1,1,0,0,0,0,404973.857599999755621,5760008.243499999865890,7.616302864000033,51.982611187000032,0,05240521702100226832
05,5,62,028,2024,05,22,3,3,0,5,2,0,1,0,1,0,0,379299.886400000192225,5721713.881500000134110,7.255963969000049,51.633473491000075,1,05240521701920261781
05,5,62,008,2024,05,17,3,3,2,3,0,1,1,0,0,0,0,385175.550800000317395,5723909.129300000146031,7.340103564000060,51.654433811000047,0,05240521701910253554
05,5,62,004,2024,05,12,3,3,5,3,0,0,1,0,1,0,0,382440.356700000353158,5715615.877499999478459,7.303364535000071,51.579332053000030,0,05240521701800236833
05,5,13,000,2024,05,11,3,3,0,6,0,0,1,0,0,0,1,368263.978600000031292,5707903.674399999901652,7.101770721000037,51.506889769000054,0,05240521700000235795
05,5,54,020,2024,05,09,2,3,5,3,0,1,1,0,0,0,0,363815.883999999612570,5786731.517000000923872,7.006644398000049,52.214167589000056,0,05240527705000450365
05,5,66,024,2024,05,10,2,2,5,3,0,1,1,0,0,0,0,384939.855999999679625,5771167.562999999150634,7.320953382000027,52.079113010000071,0,05240520709300204602
05,5,54,008,2024,05,16,2,3,0,1,0,1,0,0,0,0,0,335452.218999999575317,5745008.807099999859929,6.611895741000069,51.831631749000053,0,05240520705000207976
05,5,15,000,2024,05,00,2,3,0,6,2,1,0,1,0,0,0,408263.891599999740720,5757746.771400000900030,7.664799889000051,51.962836832000050,0,05240520702100392860
05,5,15,000,2024,05,13,2,3,3,6,0,1,1,0,0,0,0,407288.575799999758601,5760874.799499999731779,7.649763503000031,51.990791313000045,0,05240520702100205334
05,5,62,028,2024,05,16,2,2,3,1,0,1,0,0,0,0,1,378650.908499999903142,5721981.319199999794364,7.246498680000059,51.635737418000076,0,05240520701920208586
05,5,62,020,2024,05,19,2,3,5,2,0,0,1,0,1,0,0,371721.896200000308454,5719201.664699999615550,7.147446806000062,51.609219710000048,0,05240520701200376746
05,5,62,032,2024,05,17,2,3,0,1,0,1,0,0,0,0,0,373823.635599999688566,5713541.756999999284744,7.179816981000045,51.558828748000053,1,05240520701120209691
05,5,13,000,2024,05,17,2,3,9,1,0,0,1,0,0,0,1,368258.197999999858439,5708538.374900000169873,7.101450328000055,51.512592331000064,0,05240520700000209447
05,5,54,008,2024,05,16,2,3,0,7,0,0,1,0,0,0,1,336064.352199999615550,5744614.347200000658631,6.620958247000033,51.828268102000038,0,05240527705000479440
05,5,62,032,2024,05,06,6,3,5,2,0,0,1,0,0,0,0,379834.475499999709427,5719057.219100000336766,7.264595889000020,51.609711424000068,0,05240531701110607822
05,5,54,004,2024,05,21,1,3,3,7,0,1,0,0,0,0,0,363337.410899999551475,5771826.974700000137091,7.005639940000037,52.080127861000051,0,05240519705000197205
05,5,66,044,2024,05,17,7,3,8,1,0,0,0,0,1,0,0,426783.707200000062585,5781040.997800000011921,7.929297858000041,52.174982933000081,0,05240518709800174544
05,5,66,076,2024,05,12,7,3,6,1,0,0,1,1,0,0,0,392495.498300000093877,5791926.505499999970198,7.424586485000020,52.267198621000034,0,05240518709500171421
05,5,58,012,2024,05,10,7,2,5,2,0,1,1,0,0,0,0,374054.576399999670684,5756047.670700000599027,7.167750874000035,51.940871661000074,0,05240518706200165873
05,5,54,008,2024,05,15,7,3,0,7,0,1,0,0,0,0,0,336275.896999999880791,5745749.585999999195337,6.623488284000075,51.838528523000036,0,05240518705000187681
05,5,54,008,2024,05,18,7,3,4,2,0,1,1,0,0,0,0,336330.434299999848008,5745047.245300000533462,6.624611369000036,51.832235046000051,1,05240518705000175384
05,5,54,008,2024,05,15,7,3,5,3,0,1,0,0,0,0,0,335530.298000000417233,5745778.469000000506639,6.612662045000036,51.838568924000072,0,05240518705000170676
05,5,54,020,2024,05,13,7,3,5,7,0,1,1,0,0,0,0,366543.580599999986589,5786764.944700000807643,7.046531685000048,52.215135358000055,0,05240518705000169785
05,5,15,000,2024,05,18,7,3,6,1,0,0,1,1,0,0,0,405422.724999999627471,5754591.676599999889731,7.624328122000065,51.934001373000058,1,05240518702100173937
05,5,62,024,2024,05,19,7,3,5,3,0,0,1,0,0,0,0,368102.860999999567866,5723867.317999999970198,7.093455072000040,51.650311703000057,0,05240518701500175255
05,5,12,000,2024,05,17,7,3,6,2,0,0,1,1,0,0,0,359661.116999999620020,5720310.385999999940395,6.972937126000033,51.616305811000075,0,05240518701400175340
05,5,12,000,2024,05,11,7,3,0,1,0,1,0,0,0,0,0,359480.175400000065565,5712435.878900000825524,6.973476455000025,51.545500626000035,0,05240518701400167057
05,5,62,014,2024,05,12,7,3,4,7,0,1,1,0,0,0,0,361096.441100000403821,5713974.427200000733137,6.996162598000069,51.559726379000040,0,05240518701300172171
05,5,62,032,2024,05,13,7,3,5,3,0,1,1,0,0,0,0,375737.509100000374019,5715522.918099999427795,7.206710724000061,51.577058753000074,0,05240518701120169114
05,5,13,000,2024,05,17,7,3,6,4,0,0,1,1,0,0,0,367597.823599999770522,5708963.608599999919534,7.091779521000035,51.516259416000082,0,05240518700000172969
05,5,62,014,2024,05,14,3,3,5,3,0,0,1,0,0,0,0,361337.509399999864399,5713290.814799999818206,6.999907558000075,51.553642646000071,0,05240521701300249636
05,5,70,004,2024,05,15,6,3,2,6,0,0,1,0,1,0,0,423650.587799999862909,5734811.587899999693036,7.893769054000074,51.758987462000050,0,05240517711200148908
05,5,66,040,2024,05,10,6,3,5,3,0,0,1,0,0,0,0,420876.898000000044703,5782225.854000000283122,7.842659643000047,52.184817972000076,0,05240517709800137575