ULAND,UREGBEZ,UKREIS,UGEMEINDE,UJAHR,UMONAT,USTUNDE,UWOCHENTAG,UKATEGORIE,UART,UTYP1,ULICHTVERH,IstRad,IstPKW,IstFuss,IstKrad,IstGkfz,IstSonstige,LINREFX,LINREFY,XGCSWGS84,YGCSWGS84,STRZUSTAND,UIDENTSTLAE
05,5,66,076,2024,05,19,6,3,6,3,0,0,1,1,0,0,0,393118.104700000025332,5792393.573999999091029,7.433558722000043,52.271517608000067,0,05240517709500154579
05,5,66,076,2024,05,14,6,3,0,7,0,0,1,0,0,0,0,390548.144199999980628,5793508.540699999779463,7.395547797000063,52.281032269000036,0,05240517709500148036
05,5,66,016,2024,05,08,6,3,0,1,0,1,0,0,0,0,0,403615.073200000450015,5794847.150200000032783,7.586645259000022,52.295510134000040,0,05240517709500128097
05,5,66,008,2024,05,14,6,3,1,3,0,0,1,0,0,0,1,399949.370400000363588,5781236.253299999982119,7.536939669000049,52.172524693000071,0,05240517709110150069
05,5,58,008,2024,05,07,6,3,4,6,0,1,1,0,0,0,0,383111.309899999760091,5759625.694599999114871,7.298225293000030,51.975003929000081,0,05240517706200124242
05,5,58,040,2024,05,00,6,3,9,1,2,0,1,0,0,0,0,377318.743700000457466,5764507.031500000506639,7.212188017000074,52.017621973000075,0,05240517706200117420
05,5,54,008,2024,05,17,6,3,5,3,0,1,1,0,0,0,0,335982.091000000014901,5744538.256999999284744,6.619801630000040,51.827560406000032,0,05240517705000154412
05,5,54,020,2024,05,12,6,3,5,2,0,1,1,0,0,0,0,366545.450799999758601,5786644.143500000238419,7.046606674000031,52.214050364000059,0,05240517705000137512
05,5,54,008,2024,05,10,6,3,5,3,0,1,1,0,0,0,0,336611.605000000447035,5744407.936000000685453,6.628990069000054,51.826574109000035,0,05240517705000133722
05,5,15,000,2024,05,17,6,2,0,6,0,0,0,0,0,0,1,406016.948099999688566,5756950.805099999532104,7.632323812000038,51.955307021000067,0,05240517702100165881
05,5,15,000,2024,05,15,6,3,5,3,0,1,0,0,0,0,0,405443.015100000426173,5757108.153999999165535,7.623931017000075,51.956624048000037,0,05240517702100150246
05,5,15,000,2024,05,07,6,3,5,3,0,1,1,0,0,0,0,407716.396999999880791,5758776.772700000554323,7.656556737000074,51.972004424000033,1,05240517702100125547
05,5,12,000,2024,05,16,6,3,9,1,0,0,1,0,0,0,0,358485.892400000244379,5711569.084300000220537,6.959495555000046,51.537463198000069,0,05240517701400153422
05,5,12,000,2024,05,11,6,3,5,3,0,1,1,0,0,0,0,354361.152999999932945,5715859.239600000903010,6.898286246000055,51.574963716000070,0,05240517701400146801
05,5,13,000,2024,05,23,6,3,6,7,2,0,1,1,0,0,0,365610.586000000126660,5713758.089999999850988,7.061326025000028,51.558875887000056,0,05240517700000159540
05,5,13,000,2024,05,15,6,3,5,3,0,1,1,0,0,0,0,369004.557699999772012,5708359.915100000798702,7.112266235000050,51.511162084000034,0,05240517700000148577
05,5,66,008,2024,05,08,6,2,5,3,0,1,1,0,0,0,0,399756.042999999597669,5781054.820000000298023,7.534167210000021,52.170858929000076,0,05240517709110126074
05,5,66,080,2024,05,15,2,3,8,1,0,1,0,0,0,0,0,406837.925400000065565,5781227.441299999132752,7.637642819000064,52.173651531000075,0,05240527709110480850
05,5,70,028,2024,05,17,5,2,5,3,0,0,1,0,0,0,0,440150.004800000227988,5741546.290500000119209,8.131634381000026,51.821540635000076,1,05240516711400111599
05,5,70,052,2024,05,12,5,3,1,5,0,1,1,0,0,0,0,430686.228299999609590,5756284.210699999704957,7.991383969000026,51.952936896000040,0,05240516711100091870
05,5,66,076,2024,05,14,5,3,5,3,0,0,1,0,0,0,0,392876.769999999552965,5792519.253000000491738,7.429983289000063,52.272600142000044,0,05240516709500105315
05,5,66,076,2024,05,14,5,2,5,3,0,0,1,0,0,0,0,392614.996000000275671,5792597.737999999895692,7.426123264000069,52.273254434000080,0,05240516709500102479
05,5,66,076,2024,05,12,5,3,0,3,0,1,1,0,0,0,0,392755.815000000409782,5792779.941999999806285,7.428128382000068,52.274919415000056,0,05240516709500093210
05,5,66,036,2024,05,14,5,3,5,3,0,1,1,0,0,0,0,387350.760999999940395,5767684.475999999791384,7.357268512000076,52.048305733000063,1,05240516709000103503
05,5,54,012,2024,05,16,5,3,6,2,0,0,1,1,0,0,0,350581.272400000132620,5744994.596100000664592,6.831293530000039,51.835755841000037,0,05240516705000141766
05,5,54,048,2024,05,17,5,3,2,6,0,1,1,0,0,0,0,341270.905000000260770,5745839.301999999210238,6.695887108000022,51.840776502000040,0,05240516705000111607
05,5,54,004,2024,05,12,5,3,5,3,0,1,1,0,0,0,0,361068.571200000122190,5770184.410199999809265,6.973220952000077,52.064804403000039,0,05240516705000093173
05,5,15,000,2024,05,22,5,3,2,5,2,0,1,0,1,0,0,404591.957999999634922,5759314.836699999868870,7.610936517000027,51.976313154000081,0,05240516702100117089
05,5,15,000,2024,05,02,5,3,0,7,2,1,0,0,0,0,0,409361.287999999709427,5752309.299000000581145,7.682200682000030,51.914141184000073,0,05240516702100108476
05,5,15,000,2024,05,14,5,3,5,3,0,1,1,0,0,0,0,406705.138899999670684,5751362.975899999961257,7.643850635000035,51.905196466000064,0,05240516702100102669
05,5,15,000,2024,05,06,5,3,4,1,0,1,0,0,0,0,1,406414.619099999777973,5756891.977700000628829,7.638125120000041,51.954845318000082,0,05240516702100073377
05,5,13,000,2024,05,20,5,3,5,3,1,0,1,0,0,0,1,369101.786600000225008,5708664.933700000867248,7.113553298000056,51.513925768000036,1,05240516700000112793
05,5,62,032,2024,05,14,5,3,0,7,0,1,0,0,0,0,1,374523.267199999652803,5713593.882500000298023,7.189885622000077,51.559453278000035,1,05240523701120344370
05,5,70,004,2024,06,19,6,3,5,3,0,0,1,0,0,0,1,423946.859199999831617,5735107.145800000056624,7.897996203000048,51.761684742000057,0,05240614711200180396
05,5,66,040,2024,06,15,6,3,0,3,0,1,0,0,0,0,1,424278.015999999828637,5780489.095000000670552,7.892785544000049,52.169683672000076,0,05240614709800163495
05,5,66,012,2024,06,12,6,3,3,2,0,1,0,0,0,0,0,405898.572499999776483,5771130.962300000712276,7.626703629000076,52.082743243000039,0,05240614709110329437
05,5,58,044,2024,06,14,6,3,8,1,0,0,0,0,1,0,0,395381.457600000314415,5750044.803200000897050,7.479706995000072,51.891337471000043,0,05240614706000162602
05,5,58,012,2024,06,12,6,3,0,7,0,1,1,0,0,0,0,374832.310100000351667,5755806.346699999645352,7.179146950000074,51.938878499000054,0,05240614706000152074
05,5,54,036,2024,06,01,6,3,6,4,2,0,1,1,0,0,0,369306.613300000317395,5766827.917799999937415,7.094609888000036,52.036648154000034,0,05240614705000130807
05,5,62,020,2024,06,12,6,3,1,5,0,1,0,0,0,0,1,367530.463100000284612,5718610.572300000116229,7.087174473000061,51.602937319000034,0,05240614701200159056
05,5,66,028,2024,06,17,5,3,0,1,0,1,1,0,0,0,0,410683.285299999639392,5792400.264200000092387,7.690908966000052,52.274711752000030,0,05240613709700122040
05,5,54,008,2024,06,16,5,3,0,3,0,1,1,0,0,0,0,335567.631099999882281,5743882.494300000369549,6.614104094000027,51.821547590000080,0,05240613705000120497
05,5,54,008,2024,06,07,5,3,5,3,0,0,1,0,0,0,1,335899.762000000104308,5744772.225999999791384,6.618497090000062,51.829638080000052,0,05240613705000116466
05,5,62,024,2024,06,15,5,3,1,5,0,0,1,0,1,0,0,367881.418200000189245,5724524.333300000056624,7.090007843000024,51.656163972000058,0,05240613701500118152
05,5,13,000,2024,06,09,5,3,2,6,0,0,1,0,0,0,0,368376.137699999846518,5708019.397800000384450,7.103342713000075,51.507955886000047,0,05240613700000100495
05,5,13,000,2024,06,08,5,3,3,2,0,1,0,0,0,0,0,363611.682000000029802,5715432.797000000253320,7.031858514000021,51.573445556000081,0,05240613700000096698
05,5,70,004,2024,06,18,4,3,5,3,0,0,1,0,0,0,1,423243.690999999642372,5735464.767500000074506,7.887730406000060,51.764803680000057,0,05240612711200083321
05,5,66,052,2024,06,14,4,3,3,6,0,1,1,0,0,0,0,378102.018299999646842,5778719.201199999079108,7.218517416000054,52.145512199000052,1,05240612709300073000
05,5,66,008,2024,06,17,4,2,6,7,0,0,1,1,0,0,0,399527.218700000084937,5784423.210500000044703,7.529824072000054,52.201091441000074,0,05240612709110075377
05,5,54,024,2024,06,12,4,3,5,3,0,1,1,0,0,0,0,371422.711099999956787,5776340.403899999335408,7.121857212000066,52.122622157000080,0,05240612705000071453
05,5,15,000,2024,06,12,4,3,1,6,0,1,1,0,0,0,0,405163.606200000271201,5757192.694800000637770,7.619842771000037,51.957336354000063,0,05240612702100064116
05,5,15,000,2024,06,07,4,3,5,2,0,1,1,0,0,0,0,406106.125900000333786,5754735.925599999725819,7.634226081000065,51.935413675000063,0,05240612702100041522
05,5,62,004,2024,06,15,4,3,0,2,0,1,1,0,0,0,0,385750.830500000156462,5717047.415899999439716,7.350654172000077,51.592879299000060,0,05240612701800573901
05,5,62,012,2024,06,07,4,3,5,3,0,1,1,0,0,0,0,359826.973000000230968,5726861.592800000682473,6.972706234000043,51.675215474000026,0,05240612701610041575
05,5,12,000,2024,06,06,4,3,5,3,0,1,1,0,0,0,0,357836.222000000067055,5709585.206000000238419,6.950935067000046,51.519472976000031,0,05240612701400039873
05,5,62,020,2024,06,08,4,3,4,5,0,1,1,0,0,0,0,371415.717799999751151,5716681.113099999725819,7.143951458000060,51.586498045000042,0,05240612701200044362
05,5,13,000,2024,06,13,4,3,5,3,0,1,1,0,0,0,0,366566.583399999886751,5713565.029799999669194,7.075181905000022,51.557367899000042,0,05240612700000072933
05,5,13,000,2024,06,11,4,3,5,3,0,0,1,0,0,0,0,365685.662999999709427,5708762.582000000402331,7.064314280000076,51.514001484000062,0,05240612700000062190
05,5,70,048,2024,06,10,3,3,5,3,0,1,1,0,0,0,0,448465.507000000216067,5732072.608999999240041,8.253678917000059,51.737196060000031,0,05240611711300004844
05,5,70,032,2024,06,07,3,3,5,3,0,1,1,0,0,0,0,419915.695899999700487,5765597.710300000384450,7.832514096000068,52.035210267000082,0,05240611711100078035
05,5,66,040,2024,06,08,3,3,0,1,0,1,1,0,0,0,0,420986.922399999573827,5783252.355399999767542,7.844029318000025,52.194060799000056,0,05240611709800000556
05,5,66,076,2024,06,08,3,3,2,6,0,0,1,0,0,0,0,391624.920699999667704,5795119.981300000101328,7.410807381000041,52.295727733000035,0,05240611709500998548
05,5,66,004,2024,06,16,3,3,1,1,0,1,1,0,0,0,0,395194.360000000335276,5766310.218100000172853,7.472025139000039,52.037493001000030,0,05240611709110025139
05,5,54,004,2024,06,07,3,3,5,3,0,1,1,0,0,0,0,363074.406999999657273,5772327.083000000566244,7.001603600000067,52.084556534000058,0,05240611705000995264
05,5,54,008,2024,06,07,3,3,3,3,0,1,1,0,0,0,0,336126.604600000195205,5745750.939099999144673,6.621322627000040,51.838496894000059,1,05240611705000994916
05,5,54,008,2024,06,19,3,3,5,3,0,1,1,0,0,0,0,335610.894999999552965,5745853.347999999299645,6.613795266000068,51.839265321000028,0,05240611705000031660
05,5,54,020,2024,06,19,3,3,5,3,0,1,1,0,0,0,0,365510.153099999763072,5783370.175400000065565,7.032762289000061,52.184380912000051,1,05240611705000030489
05,5,54,056,2024,06,15,3,3,5,3,0,1,0,0,0,0,1,356397.801799999549985,5761994.109799999743700,6.908567717000039,51.990024230000074,1,05240611705000024802
05,5,15,000,2024,06,14,3,3,6,1,0,0,0,1,0,0,1,406165.691300000064075,5757175.161499999463558,7.634426438000048,51.957348760000059,0,05240611702100027716
05,5,15,000,2024,06,16,3,3,5,7,0,1,1,0,0,0,0,405848.940999999642372,5754486.439999999478459,7.630554521000022,51.933127724000030,0,05240611702100027239
05,5,15,000,2024,06,13,3,3,0,1,0,1,0,0,0,0,0,404901.411500000394881,5755723.075300000607967,7.616434896000044,51.944082033000029,0,05240611702100017816
05,5,15,000,2024,06,09,3,2,3,1,0,1,1,0,0,0,0,405878.795699999667704,5758324.668800000101328,7.629937503000065,51.967632555000080,0,05240611702100003676
05,5,62,024,2024,06,17,3,3,6,6,0,0,1,1,0,0,0,367186.826100000180304,5723979.810399999842048,7.080179244000021,51.651106964000064,0,05240611701500027097
05,5,13,000,2024,06,14,3,3,6,4,0,0,1,1,0,0,0,369024.926199999637902,5709673.881899999454618,7.112071291000063,51.522975185000064,0,05240611700000022766
05,5,66,040,2024,06,18,4,3,0,1,0,0,0,0,0,0,1,421591.688400000333786,5782389.746899999678135,7.853074756000069,52.186393264000060,0,05240612709800078839
05,5,15,000,2024,06,05,3,3,0,1,1,1,0,0,0,0,0,405263.788999999873340,5757072.970000000670552,7.621333292000031,51.956277294000074,1,05240611702100031373
05,5,70,004,2024,06,14,2,3,6,2,0,0,1,1,0,0,1,423781.868200000375509,5736094.373500000685453,7.895389365000028,51.770537136000030,1,05240610711200976078
05,5,66,068,2024,06,14,2,3,0,1,0,1,1,0,0,0,0,377263.787899999879301,5785983.929800000041723,7.203644689000043,52.210609385000055,1,05240610709300973536
05,5,66,008,2024,06,15,2,3,5,2,0,0,1,0,0,0,0,399053.653800000436604,5781343.139599999412894,7.523814311000024,52.173322222000081,1,05240610709110977869
05,5,54,012,2024,06,07,2,3,5,3,0,1,1,0,0,0,0,351759.199000000022352,5745594.628000000491738,6.848120124000047,51.841460918000053,0,05240610705000942320
05,5,15,000,2024,06,18,2,3,5,3,0,1,1,0,0,0,0,404577.633000000379980,5758831.832000000402331,7.610862311000062,51.971969277000028,1,05240610702100980417
05,5,15,000,2024,06,16,2,3,5,3,0,1,1,0,0,0,0,404828.372000000439584,5757713.322000000625849,7.614821388000053,51.961958679000077,1,05240610702100978405
05,5,15,000,2024,06,12,2,3,0,1,0,1,0,0,0,0,0,405769.576000000350177,5758391.417999999597669,7.628329834000056,51.968214021000051,1,05240610702100961098
05,5,62,012,2024,06,16,2,3,6,4,0,0,1,1,0,0,0,358429.804499999620020,5726938.979000000283122,6.952481738000074,51.675560467000082,1,05240610701610976568
05,5,62,032,2024,06,19,2,3,8,7,0,0,1,0,0,0,0,378158.522599999792874,5716466.010399999096990,7.241304340000056,51.586063176000039,1,05240610701120985098
05,5,54,008,2024,06,17,1,3,3,6,0,1,0,0,0,0,0,334702.326100000180304,5747917.893200000748038,6.599632370000052,51.857543576000069,0,05240609705000932118
05,5,54,008,2024,06,16,1,3,5,2,0,1,1,0,0,0,0,336673.851900000125170,5745688.151599999517202,6.629288394000071,51.838093144000027,0,05240609705000930536
05,5,15,000,2024,06,21,1,3,0,1,0,1,0,0,0,0,0,406926.417100000195205,5761088.234300000593066,7.644432727000037,51.992649188000030,0,05240609702100936939
05,5,15,000,2024,06,20,1,3,1,7,0,0,1,0,0,0,1,407584.093000000342727,5757847.324999999254942,7.654881438000075,51.963628074000042,0,05240609702100935716
05,5,15,000,2024,06,02,1,3,2,6,2,0,1,0,0,0,0,407828.643199999816716,5754588.127599999308586,7.659313821000069,51.934373144000062,0,05240609702100921722
05,5,62,004,2024,06,20,1,3,0,7,0,1,0,0,0,0,0,383582.297299999743700,5716197.189600000157952,7.319644754000024,51.584793754000032,0,05240609701800935039
05,5,62,032,2024,06,17,1,2,0,1,0,1,0,1,0,0,0,373668.887500000186265,5715117.105799999088049,7.177019575000031,51.572951884000076,0,05240609701110933095
05,5,70,020,2024,06,19,7,3,5,2,0,1,1,0,0,0,0,432924.252000000327826,5743129.356000000610948,8.026504351000028,51.834951573000069,0,05240608711400916193
05,5,66,076,2024,06,20,7,3,0,1,0,0,0,0,0,0,1,392360.462899999693036,5794599.079199999570847,7.421755222000058,52.291190943000061,0,05240608709500916023
05,5,66,084,2024,06,22,7,2,0,1,2,1,0,0,0,0,0,389588.137500000186265,5775871.283399999141693,7.387230676000058,52.122332975000063,1,05240608709300921300
05,5,66,008,2024,06,16,7,3,5,3,0,1,1,0,0,0,0,399907.690000000409782,5781399.481000000610948,7.536282226000026,52.173984185000052,0,05240608709110912925
05,5,54,020,2024,06,14,7,3,6,4,0,0,1,1,0,0,0,364211.263700000010431,5786598.512399999424815,7.012481233000074,52.213070090000031,0,05240608705000910438
05,5,54,048,2024,06,12,7,3,0,1,0,1,0,0,0,0,0,341872.582100000232458,5745576.490900000557303,6.704733605000058,51.838586102000079,0,05240608705000909150
05,5,15,000,2024,06,22,7,3,0,5,2,1,1,0,0,0,0,404843.485100000165403,5756667.566600000485778,7.615330936000021,51.952561603000049,0,05240608702100918555
05,5,15,000,2024,06,01,7,3,5,5,2,0,1,0,0,0,0,404610.399699999950826,5754278.068199999630451,7.612603138000054,51.931043887000044,0,05240608702100902744
05,5,62,032,2024,06,15,7,3,5,3,0,0,1,0,0,1,0,376514.283999999985099,5715650.391000000759959,7.217870045000041,51.578375087000040,0,05240608701120911670
05,5,62,032,2024,06,13,7,3,3,6,0,1,0,0,0,0,1,376728.294999999925494,5719100.098999999463558,7.219745058000058,51.609425291000036,0,05240608701110911626
05,5,66,076,2024,06,08,6,3,5,2,0,1,1,0,0,0,0,393252.862999999895692,5792447.134999999776483,7.435515965000036,52.272025149000058,0,05240607709500868525
05,5,66,084,2024,06,17,6,3,0,6,0,1,0,0,0,0,0,385727.820299999788404,5778774.174300000071526,7.329893517000073,52.147636569000042,0,05240607709300891934
05,5,66,008,2024,06,18,6,3,5,3,0,1,1,0,0,0,0,399891.980999999679625,5780655.777000000700355,7.536272003000022,52.167297102000077,0,05240607709110894907
05,5,66,012,2024,06,13,6,3,2,6,0,0,1,0,0,0,0,404929.122999999672174,5772202.163000000640750,7.612261465000074,52.092205749000073,0,05240607709110887867
05,5,58,012,2024,06,17,6,3,6,7,0,0,1,1,0,0,0,375077.410600000061095,5751553.174699999392033,7.184253667000064,51.900712196000029,0,05240607706000894886
05,5,54,020,2024,06,22,6,3,0,1,2,1,0,0,0,0,0,366237.282999999821186,5783899.251000000163913,7.043182819000037,52.189311688000032,0,05240607705000901686
05,5,15,000,2024,06,16,6,3,1,5,0,1,1,0,0,0,0,403363.179600000381470,5757935.237299999222159,7.593440647000023,51.963700579000033,0,05240607702100893597
05,5,15,000,2024,06,14,6,3,3,6,0,1,0,0,0,0,0,405340.315999999642372,5755107.755899999290705,7.622987793000050,51.938626119000048,0,05240607702100886819
05,5,62,036,2024,06,15,6,3,6,6,0,0,1,1,0,0,0,389984.239400000311434,5720209.231799999251962,7.410751361000052,51.622140668000043,0,05240607701930889751
05,5,62,012,2024,06,14,6,3,5,3,0,0,1,0,0,0,0,364640.649500000290573,5732842.820499999448657,7.039958911000042,51.730144300000063,0,05240607701620809272
05,5,62,012,2024,06,13,6,3,0,1,0,1,0,0,0,0,0,359574.010999999940395,5727463.197799999266863,6.968808239000055,51.680558196000050,0,05240607701610886928
05,5,13,000,2024,06,11,6,3,1,5,0,1,0,0,0,1,0,367054.701399999670684,5711492.194099999964237,7.083002200000067,51.538855376000072,0,05240607700000881706
05,5,58,016,2024,06,18,5,3,6,4,0,0,1,1,0,0,0,381217.197200000286102,5743509.796900000423193,7.276216571000020,51.829768369000078,0,05240613706000122039
05,5,70,004,2024,06,17,5,3,6,6,0,0,0,1,0,0,1,424651.913800000213087,5734832.891000000759959,7.908269845000063,51.759314595000035,0,05240606711200850897
05,5,70,032,2024,06,16,5,3,5,3,0,1,1,0,0,0,0,420089.889700000174344,5766774.376199999824166,7.834777932000065,52.045812489000070,0,05240606711100852270
05,5,70,052,2024,06,11,5,2,5,3,0,1,0,0,0,0,0,430909.310300000011921,5755924.426400000229478,7.994701928000040,51.949730321000061,0,05240606711100832731
05,5,66,044,2024,06,14,5,2,0,5,0,1,0,0,0,0,0,429216.213000000454485,5777995.614000000059605,7.965498993000040,52.147924677000049,0,05240606709800854079
05,5,66,028,2024,06,15,5,3,5,6,0,1,0,0,0,0,0,412908.992300000041723,5792402.616800000891089,7.723521056000038,52.275089984000033,0,05240606709700848411
05,5,66,028,2024,06,07,5,2,0,1,0,1,0,0,0,0,0,412901.343999999575317,5792412.017000000923872,7.723406559000068,52.275173264000045,0,05240606709700819683
05,5,66,076,2024,06,18,5,3,5,2,0,0,1,0,0,0,0,393252.862999999895692,5792447.134999999776483,7.435515965000036,52.272025149000058,0,05240606709500852906
05,5,66,076,2024,06,14,5,3,0,3,0,1,0,0,0,0,1,392766.669999999925494,5792882.492000000551343,7.428254810000055,52.275843164000037,0,05240606709500843353
05,5,66,024,2024,06,15,5,3,0,7,0,1,0,0,0,0,0,383609.196999999694526,5771323.430999999865890,7.301491375000069,52.080235648000041,0,05240606709300848384
05,5,66,012,2024,06,17,5,3,0,3,0,1,1,0,0,0,0,406002.925200000405312,5772153.047700000926852,7.627944283000033,52.091947726000058,0,05240606709110850466
05,5,58,004,2024,06,21,5,3,3,1,1,1,0,0,0,0,0,404724.617999999783933,5738504.018100000917912,7.618613825000068,51.789277620000064,0,05240606706300856652
05,5,58,016,2024,06,13,5,3,5,3,0,1,0,0,0,0,0,382308.494500000029802,5742512.961699999868870,7.292384789000039,51.821040566000079,0,05240606706100843642
05,5,54,004,2024,06,19,5,3,0,7,0,1,0,0,0,0,0,363154.062400000169873,5771577.741900000721216,7.003066009000065,52.077843125000072,0,05240606705000858553
05,5,54,048,2024,06,15,5,3,0,5,0,1,1,0,0,0,0,341443.995299999602139,5745795.382500000298023,6.698417629000062,51.840431103000071,0,05240606705000852739
05,5,54,012,2024,06,12,5,3,2,2,0,0,1,0,0,0,0,351816.942999999970198,5747515.167999999597669,6.848134548000075,51.858731997000064,0,05240606705000840905
05,5,54,020,2024,06,18,5,3,0,7,0,1,0,0,0,0,0,365916.648000000044703,5782880.062000000849366,7.038898272000040,52.180076004000057,0,05240606705000438758
05,5,15,000,2024,06,18,5,3,3,6,0,1,0,0,0,0,0,408233.082899999804795,5758862.742699999362230,7.664053330000058,51.972862724000038,0,05240606702100852957
05,5,15,000,2024,06,18,5,3,0,6,0,1,0,0,0,0,0,408254.144199999980628,5758504.312899999320507,7.664455649000047,51.969644435000077,0,05240606702100852918
05,5,15,000,2024,06,15,5,3,6,7,0,0,0,1,0,0,1,405933.728299999609590,5757751.803999999538064,7.630893800000024,51.962492691000080,0,05240606702000884500
05,5,12,000,2024,06,14,5,3,2,6,0,0,1,0,0,0,1,357870.183000000193715,5709968.047000000253320,6.951269803000059,51.522921709000059,0,05240606701400844533
05,5,62,020,2024,06,18,5,3,3,6,0,1,0,0,0,0,0,371226.205000000074506,5716542.416600000113249,7.141268364000041,51.585208322000028,0,05240606701200852040
05,5,62,020,2024,06,14,5,3,5,3,0,1,1,0,0,0,0,371248.307000000029802,5720190.746999999508262,7.140247904000034,51.618000311000060,0,05240606701200850237
05,5,12,000,2024,06,16,5,3,0,3,0,0,1,0,0,0,1,354841.380400000140071,5715799.746400000527501,6.905235997000034,51.574552991000076,0,05240606701400851626
05,5,70,004,2024,06,22,7,3,0,2,2,1,1,0,0,0,0,424019.164400000125170,5734246.045499999076128,7.899231948000022,51.753953551000052,0,05240608711200917852
05,5,70,008,2024,06,15,4,3,5,3,0,1,1,0,0,0,0,432813.060499999672174,5739202.384299999102950,8.025652634000039,51.799634979000075,0,05240605711300802874
05,5,70,008,2024,06,11,4,3,5,3,0,0,1,0,0,0,0,433617.509200000204146,5734724.041500000283122,8.038173471000050,51.759470630000067,0,05240605711300790033
05,5,66,076,2024,06,11,4,2,0,1,0,1,0,0,0,0,0,394188.772400000132620,5791988.827600000426173,7.449370917000067,52.268087128000047,0,05240605709500787530
05,5,66,076,2024,06,09,4,3,5,3,0,1,1,0,0,0,0,394292.314000000245869,5793929.875000000000000,7.450279212000055,52.285551707000081,0,05240605709500778426
05,5,66,076,2024,06,17,4,3,5,3,0,1,1,0,0,0,0,393190.176900000311434,5792981.420900000259280,7.434428403000027,52.276814698000067,0,05240605709500136857
05,5,58,036,2024,06,18,4,3,5,3,0,1,1,0,0,0,0,387512.496500000357628,5730352.103499999269843,7.371795171000031,51.712814585000046,0,05240605706000808766
05,5,54,008,2024,06,12,4,3,0,1,0,1,0,0,0,0,0,336355.366000000387430,5747386.265000000596046,6.623866267000039,51.853254852000077,0,05240605705000788976
05,5,54,008,2024,06,18,6,3,6,7,0,0,0,1,0,0,1,335702.556900000199676,5745599.247199999168515,6.615245212000048,51.837009601000034,0,05240614705000177490
05,5,15,000,2024,06,17,4,3,0,7,0,1,0,0,0,0,0,406131.858000000007451,5757836.043999999761581,7.633753607000074,51.963283366000041,0,05240605702100806749
05,5,15,000,2024,06,07,4,3,0,3,0,1,1,0,0,0,0,408067.193099999800324,5754798.477299999445677,7.662726429000031,51.936303353000028,1,05240605702100774372
05,5,15,000,2024,06,17,3,3,6,4,0,1,0,1,0,0,0,403260.957000000402331,5761236.748999999836087,7.591022463000058,51.993357686000081,0,05240611702100029909
05,5,62,024,2024,06,16,4,3,5,2,0,1,1,0,0,0,0,369647.559799999929965,5724167.401599999517202,7.115658424000060,51.653368706000037,0,05240605701500806495
05,5,62,032,2024,06,15,4,3,1,6,0,0,1,0,1,0,0,376111.334999999962747,5717296.934000000357628,7.211476693000066,51.593084497000063,0,05240605701110806546
05,5,62,032,2024,06,15,4,3,5,3,0,1,1,0,0,0,0,376140.070700000040233,5717688.805700000375509,7.211752982000064,51.596612644000061,0,05240605701110804028
05,5,13,000,2024,06,16,4,3,1,5,0,1,1,0,0,0,0,367941.435899999924004,5708033.004300000146031,7.097077415000058,51.507976743000029,0,05240605700000806607
05,5,66,076,2024,06,08,3,3,0,6,0,1,0,0,0,0,0,394210.890499999746680,5793182.184900000691414,7.449320619000048,52.278816377000055,0,05240604709500089881
05,5,58,016,2024,06,15,3,3,4,1,0,1,1,0,0,0,0,380351.740600000135601,5744228.282500000670552,7.263414799000032,51.836040762000039,0,05240604706100758026
05,5,54,008,2024,06,14,3,2,2,6,0,0,0,0,0,0,1,335551.588299999944866,5743804.145199999213219,6.613908735000052,51.820839025000055,0,05240604705000758567
05,5,54,012,2024,06,11,3,3,5,2,0,1,1,0,0,0,0,352791.980999999679625,5746049.065999999642372,6.862907385000028,51.845817227000055,0,05240604705000744170
05,5,15,000,2024,06,07,3,3,1,3,0,1,1,0,0,0,0,407506.392500000074506,5758673.615000000223517,7.653528248000043,51.971042279000073,0,05240604702100731888
05,5,13,000,2024,06,17,3,3,2,2,0,0,1,0,0,0,0,366742.768799999728799,5712200.847899999469519,7.078238700000043,51.545150211000077,0,05240604700000760917
05,5,13,000,2024,06,08,3,3,9,1,0,0,1,0,0,0,0,368255.211000000126660,5708246.032999999821186,7.101516549000053,51.509964425000078,0,05240604700000735298
05,5,66,028,2024,06,13,2,3,0,1,0,0,0,0,1,0,0,413842.911299999803305,5791906.411800000816584,7.737332488000050,52.270777070000065,0,05240603709700701472
05,5,66,076,2024,06,16,2,3,0,2,0,1,1,0,0,0,0,394491.745799999684095,5792870.383600000292063,7.453533389000029,52.276068117000079,0,05240603709500715767
05,5,66,016,2024,06,06,2,3,5,3,0,1,1,0,0,0,0,406361.958999999798834,5791695.728000000119209,7.627787271000045,52.267660393000028,0,05240603709500714992
05,5,54,048,2024,06,13,2,3,8,6,0,1,0,0,0,0,1,341283.745199999772012,5745868.627399999648333,6.696059878000028,51.841043609000053,0,05240603705000706302
05,5,54,016,2024,06,03,2,3,8,1,2,0,1,0,0,0,0,363776.725999999791384,5757605.418999999761581,7.017704896000055,51.952447874000029,1,05240603705000676113