ULAND,UREGBEZ,UKREIS,UGEMEINDE,UJAHR,UMONAT,USTUNDE,UWOCHENTAG,UKATEGORIE,UART,UTYP1,ULICHTVERH,IstRad,IstPKW,IstFuss,IstKrad,IstGkfz,IstSonstige,LINREFX,LINREFY,XGCSWGS84,YGCSWGS84,STRZUSTAND,UIDENTSTLAE
05,5,62,008,2024,06,08,6,3,5,2,0,0,1,0,0,0,0,385982.683000000193715,5724057.341000000014901,7.351717874000030,51.655930196000043,0,05240614701910137693
05,5,15,000,2024,06,16,2,3,3,6,0,1,1,0,0,0,0,408557.696000000461936,5753677.831100000068545,7.670157135000068,51.926311086000055,0,05240603702100714541
05,5,62,016,2024,06,13,2,3,5,3,0,1,1,0,0,0,0,379545.168899999931455,5733851.374099999666214,7.255316863000076,51.742609058000028,0,05240603701700752280
05,5,62,012,2024,06,14,2,3,5,3,0,1,0,0,0,0,0,358893.575000000186265,5727414.513499999418855,6.958992461000037,51.679950189000067,0,05240603701610705107
05,5,12,000,2024,06,16,2,3,0,7,0,0,0,0,0,0,1,355570.499499999918044,5712208.843499999493361,6.917225320000057,51.542473525000048,0,05240603701400009118
05,5,62,032,2024,06,13,2,3,6,6,0,1,0,1,0,0,0,375439.079300000332296,5719724.522399999201298,7.200914502000046,51.614753322000070,0,05240603701110708790
05,5,13,000,2024,06,14,2,3,6,7,0,0,1,1,0,0,0,369254.614699999801815,5714274.864499999210238,7.113670744000046,51.564376457000037,0,05240603700000706590
05,5,13,000,2024,06,10,2,3,5,2,0,1,1,0,0,0,0,365741.521599999628961,5715187.882899999618530,7.062667539000074,51.571755878000033,0,05240603700000704371
05,5,12,000,2024,06,05,2,3,9,7,0,0,1,0,0,0,0,355786.072700000368059,5710768.930999999865890,6.920921647000057,51.529589962000045,0,05240603701400681879
05,5,62,020,2024,06,14,2,2,0,7,0,0,0,1,0,0,1,367494.044999999925494,5718704.936300000175834,7.086613266000029,51.603776758000038,0,05240603701200714282
05,5,66,064,2024,06,10,5,3,1,3,0,1,1,0,0,0,0,395309.822900000028312,5771396.696200000122190,7.472148529000037,52.083230398000069,0,05240613709110097224
05,5,70,020,2024,06,21,1,2,0,7,1,1,0,0,0,0,0,434283.525399999693036,5748588.200799999758601,8.045190680000076,51.884187785000051,0,05240602711400673443
05,5,54,008,2024,06,17,1,3,5,3,0,0,1,0,1,0,0,340054.788700000382960,5750963.158399999141693,6.675877332000027,51.886461086000054,0,05240602705000669170
05,5,54,044,2024,06,15,1,3,0,1,0,1,0,0,0,0,0,368713.671299999579787,5744830.964099999517202,7.094366522000030,51.838842253000053,0,05240602705000667659
05,5,15,000,2024,06,16,1,3,6,7,0,0,1,1,0,0,0,406082.755300000309944,5756905.039999999105930,7.633293678000030,51.954906781000034,0,05240602702100911782
05,5,15,000,2024,06,02,1,2,5,3,2,1,1,0,0,0,0,403659.915000000037253,5756869.575999999418855,7.598057130000029,51.954173568000044,0,05240602702100674937
05,5,15,000,2024,06,00,1,3,8,1,2,0,1,0,0,0,1,405679.473500000312924,5754988.041699999943376,7.627952808000032,51.937607665000030,0,05240602702100658918
05,5,12,000,2024,06,00,1,3,0,1,2,1,0,0,0,0,0,356655.693500000052154,5718694.980699999257922,6.930217279000033,51.601033004000044,0,05240602701400658820
05,5,58,028,2024,06,02,7,2,1,5,2,1,0,0,0,0,1,397618.724999999627471,5732558.900000000372529,7.517374000000075,51.734585731000038,0,05240601706300639403
05,5,54,056,2024,06,18,7,3,6,4,0,0,0,1,1,0,0,357549.308199999853969,5762994.799900000914931,6.924910603000058,51.999311999000042,0,05240601705000654039
05,5,54,004,2024,06,12,7,3,7,5,0,1,1,0,0,0,0,363368.476999999955297,5771667.904999999329448,7.006156709000038,52.078706225000076,0,05240601705000645823
05,5,15,000,2024,06,03,7,3,8,5,2,0,1,0,0,0,0,404829.685100000351667,5754366.401499999687076,7.615767101000074,51.931875404000039,0,05240601702100640464
05,5,13,000,2024,06,18,3,3,4,2,0,0,1,0,1,0,0,366897.391999999992549,5709170.047000000253320,7.081612796000059,51.517950011000039,0,05240604700000760771
05,5,62,004,2024,06,02,7,3,0,1,2,0,0,0,1,0,0,383824.691499999724329,5710167.271500000730157,7.325134180000020,51.530648147000079,0,05240601701800640474
05,5,62,032,2024,06,20,7,1,1,5,0,0,1,0,0,0,1,373927.990699999965727,5718528.531099999323487,7.179531112000063,51.603668541000047,0,05240601701110656457
05,5,66,008,2024,06,09,2,2,5,3,0,1,1,0,0,0,0,399271.582999999634922,5780795.471000000834465,7.527162635000025,52.168439754000076,0,05240610709110957793
05,5,54,020,2024,06,08,6,3,5,3,0,1,1,0,0,0,0,363874.471400000154972,5786973.217499999329448,7.007404179000048,52.216353790000028,0,05240628705000711231
05,5,15,000,2024,06,10,6,3,0,1,0,0,0,0,0,0,1,406120.247100000269711,5758767.904999999329448,7.633329867000043,51.971657391000065,0,05240628702100716691
05,5,15,000,2024,06,08,6,3,2,6,0,0,1,0,0,0,0,403980.624900000169873,5752969.478499999269843,7.603811345000054,51.919173469000043,0,05240628702100712511
05,5,15,000,2024,06,15,6,3,4,6,0,1,0,0,0,0,0,405901.031999999657273,5757240.263000000268221,7.630558198000074,51.957889198000032,0,05240628702100216341
05,5,12,000,2024,06,09,6,3,6,7,0,0,1,0,0,0,1,360178.213999999687076,5710255.577800000086427,6.984402470000020,51.526081599000065,0,05240628701400716948
05,5,62,032,2024,06,07,6,3,6,2,0,0,1,1,0,0,0,376327.070500000379980,5716129.327099999412894,7.215000936000024,51.582638353000050,0,05240628701110711096
05,5,66,076,2024,06,10,5,3,0,3,0,1,1,0,0,0,0,394247.745000000111759,5795038.452999999746680,7.449278132000074,52.295506165000063,0,05240627709500677190
05,5,66,012,2024,06,15,5,3,2,6,0,1,0,0,0,0,0,405662.328099999576807,5772739.774800000712276,7.622811803000047,52.097163397000031,0,05240627709110694403
05,5,66,008,2024,06,10,5,3,0,6,0,1,0,0,0,0,0,398285.775000000372529,5781087.127900000661612,7.512666093000064,52.170880262000026,0,05240627709110668664
05,5,66,068,2024,06,22,5,3,0,6,1,1,1,0,0,0,0,377810.946499999612570,5786203.101999999955297,7.211569500000053,52.212700515000051,0,05240627709000811680
05,5,54,004,2024,06,16,5,3,5,3,0,1,1,0,0,0,0,362279.610999999567866,5771499.087999999523163,6.990345732000037,52.076919593000071,0,05240627705000707129
05,5,54,008,2024,06,17,5,3,0,2,0,1,1,0,0,0,0,334972.575000000186265,5743194.086999999359250,6.605805992000057,51.815187963000028,0,05240627705000698324
05,5,54,020,2024,06,19,5,2,5,3,0,0,1,0,0,0,1,366568.688799999654293,5786724.116800000891089,7.046915070000068,52.214774584000054,0,05240627705000695162
05,5,54,008,2024,06,12,5,3,0,6,0,1,0,0,0,0,0,336141.235399999655783,5745674.380999999120831,6.621571059000075,51.837813430000040,0,05240627705000683968
05,5,54,008,2024,06,13,5,3,5,2,0,1,1,0,0,0,0,335212.605000000447035,5746153.186000000685453,6.607876456000042,51.841841498000065,0,05240627705000680815
05,5,54,012,2024,06,09,5,3,0,7,0,0,0,0,0,0,1,351793.071000000461936,5747610.916999999433756,6.847747084000048,51.859585946000038,0,05240627705000665177
05,5,15,000,2024,06,10,5,3,5,2,0,1,0,0,0,0,0,404538.053899999707937,5754556.124900000169873,7.611474085000054,51.933530774000076,0,05240627702100773275
05,5,62,004,2024,06,07,5,3,5,3,0,0,1,0,0,0,1,384418.980000000447035,5711224.654999999329448,7.333350817000053,51.540273738000053,0,05240627701800663510
05,5,62,024,2024,06,14,5,3,2,6,0,0,1,0,0,0,0,368477.959699999541044,5723912.491399999707937,7.098856836000039,51.650805528000035,0,05240627701500688915
05,5,62,014,2024,06,20,5,3,1,3,0,1,1,0,0,0,0,360824.833999999798834,5714245.216000000014901,6.992139753000060,51.562092766000035,0,05240627701300698058
05,5,58,004,2024,06,14,4,3,5,3,0,1,1,0,0,0,0,403596.711600000038743,5738683.223899999633431,7.602215866000051,51.790695195000069,0,05240626706300640828
05,5,15,000,2024,06,13,4,3,5,3,0,1,0,0,0,0,0,405396.071000000461936,5758849.163000000640750,7.622768437000047,51.972264974000041,0,05240626702100780353
05,5,62,032,2024,06,15,4,3,6,6,0,1,0,1,0,0,0,375804.840400000102818,5714641.376700000837445,7.207993551000072,51.569150992000061,0,05240626701120645805
05,5,13,000,2024,06,14,4,3,5,3,0,0,1,0,0,0,0,369077.901899999938905,5708909.553799999877810,7.113118425000039,51.516118592000055,0,05240626700000642148
05,5,70,004,2024,06,00,4,3,5,3,2,1,1,0,0,0,0,423893.817699999548495,5734989.523800000548363,7.897253551000063,51.760620154000037,0,05240626711200604466
05,5,70,008,2024,06,15,3,3,6,6,0,0,0,1,0,0,1,433055.990199999883771,5738559.289499999955297,8.029299218000062,51.793882707000080,0,05240625711300598055
05,5,66,012,2024,06,08,3,3,5,3,0,0,1,0,1,0,0,405015.530000000260770,5772235.827999999746680,7.613512957000069,52.092523174000064,0,05240625709110561558
05,5,54,020,2024,06,22,3,3,0,7,1,1,1,0,0,0,0,366482.266699999570847,5786906.370100000873208,7.045578974000023,52.216391267000063,0,05240625705000602506
05,5,54,016,2024,06,17,3,3,5,3,0,1,1,0,0,0,0,363173.786000000312924,5757797.392999999225140,7.008860307000020,51.954024878000041,0,05240625705000599382
05,5,54,008,2024,06,12,3,3,5,3,0,1,1,0,0,0,0,336722.042799999937415,5745680.807399999350309,6.629990714000030,51.838041258000032,0,05240625705000577703
05,5,54,012,2024,06,10,3,3,7,3,0,1,1,0,0,0,0,352998.275000000372529,5752861.745999999344349,6.862998883000046,51.907082811000066,0,05240625705000570903
05,5,54,068,2024,06,06,3,3,5,3,0,1,1,0,0,0,0,351145.697999999858439,5767774.684000000357628,6.829621139000039,52.040577132000067,0,05240625705000556466
05,5,54,004,2024,06,05,3,2,5,2,0,0,1,0,1,0,0,364365.512000000104308,5772102.427600000053644,7.020524086000023,52.082855747000053,0,05240625705000555856
05,5,15,000,2024,06,12,3,3,6,2,0,0,1,1,0,0,0,405023.252600000239909,5758606.387099999934435,7.617409872000053,51.970019224000055,0,05240625702100592253
05,5,70,008,2024,06,20,2,3,5,3,0,0,1,0,0,0,1,432595.634399999864399,5733539.969200000166893,8.023599264000040,51.748703716000080,0,05240624711300548914
05,5,66,028,2024,06,16,2,3,0,1,0,0,0,0,1,0,0,412775.360899999737740,5792494.820499999448657,7.721539122000024,52.275897552000060,0,05240624709700543630
05,5,66,076,2024,06,15,2,2,0,1,0,1,0,0,0,0,0,395170.767699999734759,5794131.695800000801682,7.463089905000061,52.287533791000044,0,05240624709500539974
05,5,66,080,2024,06,06,2,3,0,2,0,0,1,0,1,0,0,405881.328999999910593,5781456.873999999836087,7.623594709000031,52.175551352000070,0,05240624709110504697
05,5,58,024,2024,06,15,2,2,5,1,0,1,0,0,0,0,0,393485.865299999713898,5737140.145600000396371,7.456143548000057,51.774992171000065,0,05240624706000828100
05,5,54,048,2024,06,17,2,3,0,7,0,1,0,0,0,0,0,340688.137500000186265,5745480.488900000229478,6.687600302000021,51.837387027000034,0,05240624705000542908
05,5,54,008,2024,06,07,2,2,3,2,0,1,0,0,0,1,0,335671.701999999582767,5744627.561000000685453,6.615259137000066,51.828271459000064,0,05240624705000509773
05,5,15,000,2024,06,17,2,3,0,1,0,0,1,0,0,0,1,406194.425200000405312,5757323.526399999856949,7.634803962000035,51.958687181000073,0,05240624702100577195
05,5,15,000,2024,06,13,2,3,5,2,0,1,1,0,0,0,0,404949.910699999891222,5757707.788799999281764,7.616591301000028,51.961929737000048,0,05240624702100531709
05,5,15,000,2024,06,08,2,3,5,7,0,1,0,0,0,0,0,402189.257799999788404,5759010.532199999317527,7.576053417000026,51.973160277000034,0,05240624702100510219
05,5,62,032,2024,06,18,2,3,1,5,0,0,1,0,0,0,0,375996.248499999754131,5717733.186200000345707,7.209661930000038,51.596979857000065,0,05240624701110545741
05,5,62,032,2024,06,16,2,3,0,7,0,0,0,0,0,0,1,374429.639899999834597,5718608.618000000715256,7.186742292000076,51.604500367000071,0,05240624701110542143
05,5,13,000,2024,06,10,2,3,3,6,0,0,0,0,0,1,1,365611.337100000120699,5715231.338300000876188,7.060773529000073,51.572115372000042,0,05240624700000525597
05,5,66,076,2024,06,09,1,3,0,7,0,0,1,0,0,0,0,394772.199000000022352,5793876.914999999105930,7.457328298000050,52.285167835000038,0,05240623709500485871
05,5,54,044,2024,06,16,1,2,5,3,0,0,1,0,1,0,0,364991.070899999700487,5744457.890399999916553,7.040511841000068,51.834602305000033,0,05240623705000492245
05,5,54,008,2024,06,16,1,3,5,3,0,0,1,0,0,0,1,336998.094999999739230,5745666.329900000244379,6.634000792000052,51.837991832000057,0,05240623705000492166
05,5,15,000,2024,06,15,1,3,9,1,0,0,0,0,0,0,1,406442.778800000436604,5755261.130899999290705,7.638978651000059,51.940191191000054,0,05240623702100491953
05,5,15,000,2024,06,14,1,3,0,7,0,1,1,0,0,0,0,405449.806599999777973,5757106.339099999517202,7.624030321000021,51.956608890000041,0,05240623702100491191
05,5,62,004,2024,06,13,6,3,5,3,0,1,1,0,0,0,0,383035.186400000005960,5712285.183499999344349,7.313053581000077,51.549520444000052,0,05240628701800731768
05,5,70,004,2024,06,16,7,3,6,4,0,0,1,1,0,0,0,422354.788099999539554,5734241.949500000104308,7.875125263000029,51.753688475000047,0,05240622711200474206
05,5,66,040,2024,06,11,7,3,5,3,0,0,1,0,0,0,0,421022.663999999873340,5783565.019999999552965,7.844479222000075,52.196876408000037,0,05240622709800468671
05,5,66,084,2024,06,11,7,3,0,7,0,1,0,0,0,0,1,385308.714999999850988,5779086.250399999320507,7.323665707000032,52.150354287000027,0,05240622709300468663
05,5,66,084,2024,06,12,7,3,0,7,0,0,0,0,1,0,1,390535.456100000068545,5774504.567199999466538,7.401501674000031,52.110238316000050,1,05240622709300468438
05,5,54,008,2024,06,15,7,3,5,3,0,1,1,0,0,0,0,335315.643500000238419,5745845.169600000604987,6.609517432000075,51.839104868000049,0,05240622705000472420
05,5,15,000,2024,06,22,7,3,0,1,2,1,0,0,0,0,0,406262.146999999880791,5757019.813799999654293,7.635872116000030,51.955968690000077,0,05240622702100478955
05,5,15,000,2024,06,19,7,3,5,3,0,1,0,0,0,0,0,400705.707000000402331,5761775.743400000035763,7.553662476000056,51.997751234000077,0,05240622702100477815
05,5,62,024,2024,06,14,7,3,5,3,0,1,0,0,0,0,1,368288.208899999968708,5723746.366699999198318,7.096178190000046,51.649268222000046,0,05240622701500472414
05,5,66,056,2024,06,14,6,3,6,4,0,0,1,1,0,1,0,417201.201600000262260,5796951.410299999639392,7.785297365000076,52.316639942000052,1,05240621709700450309
05,5,66,076,2024,06,09,6,3,0,1,0,1,0,0,0,0,0,393412.803000000305474,5793033.540999999269843,7.437673767000035,52.277326320000043,1,05240621709500429213
05,5,66,068,2024,06,22,6,3,0,1,2,1,1,0,0,0,0,377005.230499999597669,5785874.182299999520183,7.199902362000046,52.209565526000063,1,05240621709300460127
05,5,58,012,2024,06,19,6,3,0,1,0,0,0,0,1,0,0,374279.072999999858439,5756084.129000000655651,7.171001714000056,51.941250062000051,0,05240621706200457008
05,5,58,016,2024,06,07,6,3,0,1,0,1,0,0,0,0,0,381908.835599999874830,5743752.588899999856949,7.286165967000045,51.832097026000042,1,05240621706000423581
05,5,15,000,2024,06,15,6,3,3,6,0,1,0,0,0,0,1,406201.809899999760091,5757356.764100000262260,7.634902327000020,51.958987183000033,1,05240621702100452851
05,5,15,000,2024,06,10,6,2,0,1,0,1,0,0,0,0,0,405881.701600000262260,5758338.823300000280142,7.629975909000052,51.967760274000057,1,05240621702100431036
05,5,15,000,2024,06,09,6,3,0,7,0,1,1,0,0,0,0,405728.778699999675155,5758609.178400000557303,7.627676354000073,51.970164426000053,1,05240621702100427979
05,5,15,000,2024,06,07,6,3,4,6,0,1,0,0,0,0,0,405748.742200000211596,5756570.304099999368191,7.628526353000041,51.951841514000080,1,05240621702100422078
05,5,62,014,2024,06,14,6,3,0,5,0,1,0,0,0,0,1,361728.536799999885261,5716864.717199999839067,7.004137754000055,51.585854289000054,1,05240621701300473334
05,5,62,032,2024,06,21,6,2,0,1,2,0,0,0,1,0,0,377257.167999999597669,5715871.626000000163913,7.228508391000048,51.580525654000041,1,05240621701120459377
05,5,13,000,2024,06,14,6,3,0,7,0,1,0,0,0,0,0,363098.916699999943376,5710345.006599999964237,7.026443873000062,51.527600835000044,1,05240621700000452461
05,5,15,000,2024,06,14,6,3,5,3,0,1,1,0,0,0,0,406111.072999999858439,5757942.911000000312924,7.633421958000042,51.964240426000060,0,05240621702100448726
05,5,70,004,2024,06,19,5,3,1,5,0,0,1,0,0,0,1,422929.769600000232458,5736600.727900000289083,7.882930242000043,51.774972388000037,0,05240620711200410022
05,5,70,044,2024,06,14,5,3,0,1,0,1,0,0,0,0,0,416562.134600000455976,5760014.478299999609590,7.784997005000037,51.984528578000038,0,05240620711100400393
05,5,66,028,2024,06,09,5,3,5,3,0,0,1,0,0,0,1,412709.317900000140071,5790525.097599999979138,7.721080990000075,52.258182597000030,0,05240620709700381639
05,5,66,076,2024,06,19,5,3,0,6,0,1,0,0,0,0,0,394665.861700000241399,5794824.925400000065565,7.455473628000050,52.293667467000034,0,05240620709500409774
05,5,66,008,2024,06,16,5,3,5,3,0,1,0,0,0,0,0,399034.105000000447035,5781479.429999999701977,7.523487979000038,52.174543583000059,0,05240620709110404727
05,5,54,020,2024,06,16,5,2,5,3,0,1,1,0,0,0,0,362565.021999999880791,5786795.941999999806285,6.988321280000036,52.214435884000068,1,05240620705000413184
05,5,54,048,2024,06,15,5,3,8,1,0,1,0,0,0,0,0,341489.385900000110269,5745292.255699999630451,6.699306448000073,51.835923921000074,1,05240620705000406124
05,5,15,000,2024,06,15,5,3,0,1,0,1,0,0,0,0,0,405073.855000000447035,5756350.309000000357628,7.618769738000026,51.949749327000063,0,05240620702100408967
05,5,15,000,2024,06,15,5,3,5,3,0,1,1,0,0,0,0,406677.654099999926984,5754914.297599999234080,7.642488568000033,51.937113114000056,0,05240620702100403279
05,5,62,024,2024,06,13,5,3,6,4,0,0,1,1,0,0,0,371151.819899999536574,5725129.199799999594688,7.137036678000072,51.662358918000052,0,05240620701500400046
05,5,62,014,2024,06,06,5,3,8,7,0,0,1,0,0,0,0,360588.682000000029802,5716034.108999999240041,6.988025317000051,51.578109566000080,0,05240620701300371252
05,5,62,032,2024,06,17,5,3,6,4,0,1,0,1,0,0,0,379074.626500000245869,5716704.144600000232458,7.254438983000057,51.588400725000042,1,05240620701120408773
05,5,62,032,2024,06,11,5,2,8,1,0,1,0,0,0,0,0,373694.008899999782443,5718689.047599999234080,7.176096461000043,51.605058675000066,0,05240620701110389871
05,5,13,000,2024,06,21,5,2,8,1,0,0,1,0,0,0,1,370176.057900000363588,5708588.046800000593066,7.129054617000065,51.513482675000034,0,05240620700000414003
05,5,13,000,2024,06,17,5,3,1,5,0,0,1,0,0,0,1,367537.855299999937415,5709132.085699999704957,7.090852436000034,51.517759412000032,1,05240620700000407309
05,5,54,020,2024,06,10,4,3,5,2,0,1,1,0,0,0,0,365408.550999999977648,5783665.676000000908971,7.031159754000043,52.187011310000059,0,05240626705000621387
05,5,54,008,2024,06,19,1,3,0,3,0,1,1,0,0,0,0,336668.689600000157952,5745220.948899999260902,6.629434059000062,51.833894515000054,0,05240623705000494577
05,5,12,000,2024,06,10,5,3,0,7,0,0,1,1,0,0,0,356191.524299999698997,5709505.371200000867248,6.927278533000049,51.518339271000059,0,05240620701400385913
05,5,54,020,2024,06,07,4,3,0,2,0,1,1,0,0,0,0,365581.997499999590218,5783119.128399999812245,7.033912036000061,52.182142672000055,0,05240626705000611593
05,5,54,012,2024,06,11,2,3,6,6,0,0,1,1,0,0,0,354042.172100000083447,5746064.222999999299645,6.881037183000046,51.846281634000036,0,05240624705000524571
05,5,70,004,2024,06,16,4,3,0,7,0,0,0,0,1,0,0,422963.408999999985099,5734841.088899999856949,7.883807971000067,51.759158554000066,1,05240619711200359657
05,5,70,004,2024,06,14,4,3,5,2,0,1,1,0,0,0,0,424019.097900000400841,5734244.973200000822544,7.899231219000058,51.753943903000049,0,05240619711200351960
05,5,70,052,2024,06,19,4,3,5,3,0,0,0,0,1,0,0,428797.739400000311434,5752789.438100000843406,7.964631981000025,51.921281762000035,0,05240619711100360881
05,5,66,084,2024,06,14,4,3,0,1,0,1,0,0,0,0,0,390507.828399999998510,5775638.172599999234080,7.400733778000074,52.120420872000068,0,05240619709300353733
05,5,66,096,2024,06,08,4,3,0,1,0,1,0,0,0,0,0,384554.946999999694526,5785476.751000000163913,7.310478470000021,52.207627235000075,0,05240619709300330049
05,5,58,032,2024,06,11,4,3,0,1,0,0,1,0,0,0,0,387228.467000000178814,5754482.191999999806285,7.359827501000041,51.929628262000051,0,05240619706000346112
05,5,54,004,2024,06,14,4,3,5,2,0,1,0,0,0,0,1,357346.006599999964237,5771142.447899999096990,6.918552811000040,52.072466224000038,0,05240619705000353104
05,5,54,052,2024,06,06,4,3,5,3,0,1,1,0,0,0,0,378826.328700000420213,5773175.203500000759959,7.231071431000032,52.095850547000055,1,05240619705000323173
05,5,15,000,2024,06,10,4,3,1,7,0,1,1,0,0,0,0,406746.962500000372529,5751368.958799999207258,7.644456787000024,51.905257246000076,0,05240619702100333122
05,5,62,004,2024,06,09,4,3,1,7,0,0,1,0,0,0,0,381918.887600000016391,5713240.408500000834465,7.296640458000070,51.557873179000069,0,05240619701800330926
05,5,62,020,2024,06,13,4,3,6,2,0,0,1,1,0,0,0,367709.242999999783933,5718355.518699999898672,7.089850666000075,51.600687286000039,1,05240619701200352905
05,5,62,032,2024,06,17,4,3,0,7,0,1,0,1,0,0,0,374321.585799999535084,5714596.269500000402331,7.186619339000060,51.568416951000074,0,05240619701120359862
05,5,13,000,2024,06,19,4,3,6,7,0,0,1,1,0,0,0,363179.775799999944866,5710466.180099999532104,7.027561719000062,51.528709340000034,0,05240619700000366280
05,5,66,076,2024,06,18,4,2,8,1,0,1,0,0,0,0,0,391950.379999999888241,5792202.712999999523163,7.416512946000068,52.269574096000042,0,05240626709500648499
05,5,12,000,2024,06,16,4,3,5,2,0,0,1,0,1,0,0,358263.065299999900162,5709633.144799999892712,6.957063840000046,51.520011018000048,0,05240619701400356100
05,5,70,036,2024,06,15,3,2,5,3,0,1,1,0,0,0,0,433977.213000000454485,5761495.790999999269843,8.038262392000036,52.000188026000046,1,05240618711100311480
05,5,70,032,2024,06,18,3,3,1,5,0,0,1,0,1,0,0,420446.669999999925494,5765921.142000000923872,7.840177784000048,52.038194045000068,1,05240618711100310598
05,5,54,020,2024,06,16,3,3,5,3,0,1,1,0,0,0,0,365800.385999999940395,5786899.467000000178814,7.035606741000038,52.216163578000078,0,05240618705000356497
05,5,54,008,2024,06,11,3,3,0,7,0,1,0,0,0,0,0,337170.675999999977648,5746987.192700000479817,6.635881690000076,51.849908197000047,1,05240618705000295318
05,5,66,076,2024,06,07,5,3,0,1,0,0,0,0,0,0,1,392476.905000000260770,5792840.878000000491738,7.424022662000027,52.275412578000044,0,05240627709500663149
05,5,15,000,2024,06,21,3,3,0,1,1,0,0,0,0,0,1,405340.145299999974668,5758454.083100000396371,7.622063475000061,51.968704314000036,0,05240618702100314337
05,5,12,000,2024,06,14,3,3,0,7,0,1,1,0,0,0,0,355596.879599999636412,5717712.851900000125170,6.915343903000064,51.591937499000039,0,05240618701400323482
05,5,62,014,2024,06,12,3,3,0,4,0,1,0,1,0,0,0,358765.094999999739230,5714951.276499999687076,6.962160555000025,51.567925359000071,0,05240618701300308240
05,5,62,032,2024,06,07,3,3,5,2,0,1,1,0,0,0,0,375826.971199999563396,5714644.956599999219179,7.208311443000071,51.569188040000029,1,05240618701120305911
05,5,62,032,2024,06,16,3,3,1,5,0,0,1,0,0,0,1,375593.693400000222027,5719973.144300000742078,7.203058212000030,51.617021908000027,1,05240618701110308100
05,5,13,000,2024,06,11,3,2,6,2,0,0,1,1,0,0,0,367885.953399999998510,5709558.258700000122190,7.095706736000068,51.521670832000041,0,05240618700000288109
05,5,66,052,2024,06,10,2,3,0,1,0,1,0,0,0,0,0,377718.482599999755621,5778456.939200000837445,7.213009533000047,52.143070644000034,0,05240617709300228676
05,5,66,008,2024,06,13,2,3,0,7,0,0,0,0,0,0,1,400237.012600000016391,5781029.186200000345707,7.541205325000021,52.170715699000027,1,05240617709110244617
05,5,15,000,2024,06,08,5,2,0,2,0,1,1,0,0,0,0,402974.708999999798834,5758139.782999999821186,7.587730476000047,51.965471430000036,0,05240627702100662925
05,5,58,004,2024,06,10,2,3,6,7,0,0,1,1,0,0,0,408111.456000000238419,5732600.981000000610948,7.669265795000058,51.736782439000081,0,05240617706000234575
05,5,54,020,2024,06,22,2,3,0,7,2,0,0,0,1,0,0,364089.201399999670684,5786614.814300000667572,7.010689247000073,52.213186473000064,0,05240617705000263459
05,5,54,008,2024,06,12,2,3,5,6,0,0,1,0,0,0,1,338594.724100000225008,5745429.418199999257922,6.657265626000026,51.836327188000041,0,05240617705000257520
05,5,54,064,2024,06,08,2,2,5,3,0,0,1,0,0,1,0,360763.224000000394881,5754901.868000000715256,6.974976797000068,51.927409102000070,1,05240617705000232240
05,5,15,000,2024,06,07,2,3,0,7,0,0,0,0,0,0,1,405408.356700000353158,5758348.403500000014901,7.623085214000071,51.967766035000068,0,05240617702100219014
05,5,62,036,2024,06,09,2,3,5,3,0,0,1,0,0,0,0,389842.243300000205636,5719921.962799999862909,7.408791317000066,51.619530897000061,0,05240617701930233769
05,5,62,004,2024,06,10,2,2,0,1,0,1,0,0,0,0,0,382840.941899999976158,5712325.962400000542402,7.310239783000043,51.549846654000078,0,05240617701800228795
05,5,62,014,2024,06,16,2,3,6,4,0,1,0,1,0,0,0,361366.642900000326335,5715579.531300000846386,6.999424823000027,51.574216545000070,0,05240617701300256281
05,5,54,008,2024,06,14,3,2,5,3,0,1,1,0,0,0,0,336275.896999999880791,5745749.585999999195337,6.623488284000075,51.838528523000036,1,05240618705000305547
05,5,66,076,2024,06,14,1,3,0,1,0,1,0,0,0,0,0,394795.746799999848008,5793095.881999999284744,7.457917119000058,52.278152991000070,1,05240616709500202624
05,5,66,084,2024,06,21,1,2,0,7,0,1,0,0,0,0,0,386429.060499999672174,5778917.640499999746680,7.340089628000044,52.149070534000032,1,05240616709300209982
05,5,66,084,2024,06,12,1,3,4,1,0,1,1,0,0,0,0,386680.030799999833107,5777527.062899999320507,7.344219708000026,52.136624993000055,1,05240616709300201247
05,5,54,020,2024,06,17,1,3,2,1,0,0,1,0,0,0,0,365312.941100000403821,5784055.117200000211596,7.029607301000055,52.190487236000081,1,05240616705000205591
05,5,54,068,2024,06,11,1,3,5,3,0,1,1,0,0,0,0,351481.310999999754131,5767458.565999999642372,6.834648078000043,52.037826977000066,0,05240616705000201148
05,5,15,000,2024,06,11,1,3,5,2,0,0,1,0,0,0,0,405250.116999999620020,5756335.575200000777841,7.621337710000034,51.949646947000076,0,05240616702100201834
05,5,12,000,2024,06,13,6,3,0,7,0,0,1,0,0,0,0,358922.164400000125170,5708585.300499999895692,6.966976752000051,51.510760052000080,1,05240621701400446599
05,5,70,004,2024,06,14,7,3,5,3,0,1,1,0,0,0,0,425373.582999999634922,5734964.597999999299645,7.918695920000062,51.760595242000079,0,05240615711200182928
05,5,13,000,2024,06,22,7,2,6,4,1,0,1,1,0,0,0,363520.275799999944866,5710677.390399999916553,7.032385496000074,51.530689756000072,0,05240615700000193354