ULAND,UREGBEZ,UKREIS,UGEMEINDE,UJAHR,UMONAT,USTUNDE,UWOCHENTAG,UKATEGORIE,UART,UTYP1,ULICHTVERH,IstRad,IstPKW,IstFuss,IstKrad,IstGkfz,IstSonstige,LINREFX,LINREFY,XGCSWGS84,YGCSWGS84,STRZUSTAND,UIDENTSTLAE
05,5,54,004,2024,06,07,3,3,1,5,0,1,1,0,0,0,0,360903.925099999643862,5773220.051400000229478,6.969583007000040,52.092038904000049,0,05240618705000286728
05,5,66,008,2024,07,22,1,3,0,1,2,1,0,0,0,0,0,399310.381199999712408,5780781.547499999403954,7.527733865000073,52.168321693000053,0,05240714709110328263
05,5,70,004,2024,07,23,7,3,5,3,2,0,1,0,0,0,0,425373.582999999634922,5734964.597999999299645,7.918695920000062,51.760595242000079,0,05240713711200312715
05,5,70,004,2024,07,17,7,3,5,3,0,1,1,0,0,0,0,422697.707000000402331,5733238.811000000685453,7.880315243000041,51.744718069000044,0,05240713711200306849
05,5,70,004,2024,07,15,7,3,2,2,0,0,1,0,0,0,0,423421.860000000335276,5735447.622999999672174,7.890315496000028,51.764673955000035,0,05240713711200305109
05,5,12,000,2024,07,14,7,3,5,3,0,0,1,0,0,0,0,356099.947999999858439,5710427.739000000059605,6.925582866000070,51.526604159000044,0,05240713701400304263
05,5,13,000,2024,07,14,7,3,5,3,0,0,1,0,0,0,1,369533.696000000461936,5707178.500000000000000,7.120324106000055,51.500667285000077,0,05240713700000306634
05,5,70,052,2024,07,12,6,3,4,2,0,0,1,0,0,0,0,429738.423000000417233,5755710.476999999955297,7.977711676000069,51.947660320000068,1,05240712711100281049
05,5,66,076,2024,07,13,6,2,0,2,0,1,0,0,0,0,0,395303.945299999788404,5794749.486700000241399,7.464849711000056,52.293111442000054,1,05240712709500283366
05,5,54,008,2024,07,17,6,3,5,2,0,1,1,0,0,0,0,335872.082999999634922,5746106.390000000596046,6.617462969000030,51.841615322000052,1,05240712705000292296
05,5,54,008,2024,07,11,6,3,1,5,0,1,0,0,0,1,0,331349.123300000093877,5742970.610400000587106,6.553397419000021,51.812098984000045,1,05240712705000271864
05,5,54,008,2024,07,08,6,3,5,3,0,0,1,0,0,0,0,331654.854000000283122,5743824.570000000298023,6.557413304000022,51.819862308000040,0,05240712705000261759
05,5,15,000,2024,07,17,6,3,4,6,0,1,0,0,0,0,0,407462.623900000005960,5761110.476900000125170,7.652233948000060,51.992938721000030,1,05240712702100289388
05,5,62,004,2024,07,22,6,2,8,7,2,0,0,0,1,0,0,382348.781899999827147,5713406.830199999734759,7.302783204000036,51.559458755000037,0,05240712701800312242
05,5,13,000,2024,07,10,6,3,6,2,0,0,1,1,0,0,0,367128.608900000341237,5710591.116200000047684,7.084407317000057,51.530775113000061,0,05240712700000395092
05,5,13,000,2024,07,15,6,3,2,6,0,0,1,0,0,0,0,366780.339599999599159,5707135.964900000020862,7.080695245000072,51.499642808000033,1,05240712700000287602
05,5,13,000,2024,07,09,6,3,0,2,0,1,1,0,0,0,0,366831.464700000360608,5708011.018999999389052,7.081100989000049,51.507518682000068,1,05240712700000271217
05,5,70,008,2024,07,15,5,2,5,3,0,1,1,0,0,0,0,433488.851999999955297,5733316.466000000014901,8.036578927000050,51.746801168000047,0,05240711711300244046
05,5,66,028,2024,07,16,5,3,4,6,0,0,1,0,0,0,0,416149.470999999903142,5792731.789000000804663,7.770922301000041,52.278552529000081,0,05240711709700245250
05,5,54,048,2024,07,21,5,2,7,7,0,0,0,0,1,0,0,343977.031899999827147,5740921.058100000023842,6.737351388000036,51.797352573000069,0,05240711705000970620
05,5,54,012,2024,07,13,5,3,5,3,0,1,0,0,0,0,0,352600.024100000038743,5748043.774700000882149,6.859272089000058,51.863688848000038,0,05240711705000233379
05,5,54,020,2024,07,09,5,3,8,1,0,1,0,0,0,0,0,365986.668800000101328,5787016.612400000914931,7.038285397000038,52.217261511000061,0,05240711705000222366
05,5,15,000,2024,07,18,5,3,5,2,0,1,0,0,0,0,1,407412.547699999995530,5756933.508099999278784,7.652631641000028,51.955385658000068,0,05240711702100326770
05,5,15,000,2024,07,17,5,3,0,7,0,1,1,0,0,0,0,401799.348100000061095,5757592.179500000551343,7.570784591000063,51.960343067000053,0,05240711702100245941
05,5,15,000,2024,07,08,5,2,0,3,0,1,1,0,0,0,0,404653.397800000384450,5752733.249600000679493,7.613656240000068,51.917165745000034,1,05240711702100213720
05,5,66,028,2024,07,15,4,3,0,1,0,1,0,0,0,0,0,411323.368200000375509,5791154.581900000572205,7.700615303000063,52.263618887000064,0,05240710709700198761
05,5,54,048,2024,07,07,4,3,3,6,0,0,1,0,1,0,0,343696.146900000050664,5750365.825200000777841,6.729014144000075,51.882127347000051,0,05240710705000166895
05,5,66,048,2024,07,11,4,3,9,6,0,0,0,0,1,0,0,426641.258000000379980,5791193.301000000908971,7.925013659000058,52.266223466000042,0,05240710702350183953
05,5,15,000,2024,07,14,4,3,5,3,0,0,1,0,1,0,0,405450.612599999643862,5756641.431199999526143,7.624169975000029,51.952430233000030,0,05240710702100191855
05,5,15,000,2024,07,12,4,3,5,7,0,1,1,0,0,0,0,404583.518600000068545,5756726.316800000146031,7.611532922000038,51.953045133000046,0,05240710702100186091
05,5,62,012,2024,07,14,4,3,5,2,0,0,1,0,1,0,0,358688.372399999760091,5727244.687200000509620,6.956095111000025,51.678372584000044,0,05240710701610194132
05,5,62,014,2024,07,22,4,3,8,1,2,0,1,0,0,0,0,360657.546500000171363,5717650.946200000122190,6.988376758000072,51.592655575000038,1,05240710701300159022
05,5,62,020,2024,07,00,4,3,0,1,2,1,0,0,0,0,0,370483.796000000089407,5717891.700600000098348,7.130060534000052,51.597163923000039,1,05240710701200159110
05,5,62,032,2024,07,17,4,3,0,7,0,0,0,1,1,0,0,376620.667799999937415,5718678.543700000271201,7.218339893000064,51.605613111000082,0,05240710701110198601
05,5,66,028,2024,07,16,3,3,4,6,0,1,0,0,0,0,0,413256.056200000457466,5792319.959200000390410,7.728627816000028,52.274401901000033,0,05240709709700153876
05,5,66,076,2024,07,21,3,3,4,1,0,1,0,0,0,0,0,393654.486999999731779,5794073.642999999225140,7.440886768000041,52.286720726000055,0,05240709709500156819
05,5,66,068,2024,07,06,3,3,0,3,0,1,0,0,0,0,0,376359.809000000357628,5785088.777000000700355,7.190748118000045,52.202363327000057,0,05240709709300115439
05,5,54,048,2024,07,11,3,3,4,5,0,1,1,0,0,0,0,340929.941300000064075,5744924.835500000044703,6.691362411000057,51.832464008000045,0,05240709705000173980
05,5,54,020,2024,07,10,3,3,5,3,0,1,1,0,0,0,0,364665.362999999895692,5786516.869300000369549,7.019156145000068,52.212448219000066,0,05240709705000162937
05,5,54,028,2024,07,17,3,3,5,3,0,1,1,0,0,0,0,357971.780700000002980,5743351.493300000205636,6.939158834000068,51.822920178000061,0,05240709705000152649
05,5,15,000,2024,07,22,3,3,3,6,1,1,0,0,0,0,0,403557.802000000141561,5758884.812200000509620,7.596005745000070,51.972269445000052,0,05240709702100159043
05,5,15,000,2024,07,17,3,3,8,1,0,0,1,0,0,0,1,406136.343999999575317,5762174.355000000447035,7.632631818000050,52.002278705000037,0,05240709702100152600
05,5,62,032,2024,07,13,3,2,0,1,0,0,0,0,0,0,1,376320.899799999780953,5716126.975899999961257,7.214912748000074,51.582615868000062,0,05240709701120143117
05,5,13,000,2024,07,15,3,3,9,1,0,0,1,1,0,0,0,367389.285799999721348,5714628.901100000366569,7.086641161000045,51.567122508000068,0,05240709700000148919
05,5,58,012,2024,07,11,2,1,9,1,0,0,1,0,0,0,0,374355.016200000420213,5753790.738099999725819,7.172943357000065,51.920657689000052,0,05240708706000089142
05,5,54,008,2024,07,15,2,3,0,1,0,1,0,0,0,0,0,335844.100999999791384,5745830.529999999329448,6.617188053000064,51.839128931000062,0,05240708705000097924
05,5,54,020,2024,07,01,2,2,5,3,2,0,1,0,0,0,0,364787.605999999679625,5786335.201999999582767,7.021016776000067,52.210845899000049,0,05240708705000061784
05,5,15,000,2024,07,21,2,3,5,3,1,1,0,0,0,0,1,404204.442400000058115,5755482.333200000226498,7.606365173000029,51.941798573000028,0,05240708702100109455
05,5,12,000,2024,07,11,2,3,1,5,0,0,1,0,0,0,0,355670.322300000116229,5713026.293099999427795,6.918328505000034,51.549844432000043,0,05240708701400085123
05,5,66,040,2024,07,13,1,3,5,3,0,0,1,0,0,0,0,419411.614000000059605,5784171.901000000536442,7.820768849000046,52.202098363000061,0,05240707709800052953
05,5,66,076,2024,07,03,1,3,1,1,2,0,1,0,0,0,0,395715.549499999731779,5794300.894999999552965,7.471021543000063,52.289158089000068,0,05240707709500046836
05,5,58,016,2024,07,18,1,1,5,3,0,1,0,0,0,0,1,390341.425999999977648,5749335.470000000670552,7.406721773000072,51.883993471000053,0,05240707706100061044
05,5,12,000,2024,07,15,1,3,3,6,0,0,0,0,1,0,0,356020.439799999818206,5719365.754899999126792,6.920775794000065,51.606898308000041,0,05240707701400056332
05,5,54,012,2024,07,16,2,3,1,5,0,1,1,0,0,0,0,352384.100999999791384,5745744.595000000670552,6.857120407000025,51.842973896000046,0,05240708705000289643
05,5,70,024,2024,07,08,7,3,7,5,0,1,1,0,0,0,0,420632.268400000408292,5753725.202099999412894,7.845704949000037,51.928589472000056,0,05240706711100031068
05,5,66,004,2024,07,12,7,3,0,1,0,1,0,0,0,0,0,394810.878800000064075,5767494.061599999666214,7.466072206000035,52.048060377000070,0,05240706709110034149
05,5,54,028,2024,07,14,7,2,0,6,0,1,0,0,0,0,0,357880.700000000186265,5743971.783999999985099,6.937583545000052,51.828470579000054,0,05240706705000036789
05,5,54,008,2024,07,11,7,3,0,3,0,0,0,0,1,0,1,333303.266999999992549,5743182.175000000745058,6.581616808000035,51.814585633000036,0,05240706705000033096
05,5,54,008,2024,07,12,7,3,0,3,0,1,1,0,0,0,0,334638.304999999701977,5746166.347999999299645,6.599541266000074,51.841789974000051,0,05240706705000032519
05,5,15,000,2024,07,23,7,2,0,1,2,1,0,0,0,0,0,406324.630900000222027,5753701.118000000715256,7.637685194000028,51.926149110000040,0,05240706702100044636
05,5,62,024,2024,07,13,7,3,6,6,0,0,1,1,0,0,0,367297.018400000408292,5724589.878900000825524,7.081539592000070,51.656615332000058,0,05240706701500033914
05,5,15,000,2024,07,15,5,3,5,3,0,1,1,0,0,0,0,404945.349299999885261,5760143.151100000366569,7.615850496000064,51.983818908000046,0,05240711702100243177
05,5,66,064,2024,07,16,6,3,0,3,0,1,1,0,0,0,0,396310.386199999600649,5771887.844499999657273,7.486595894000061,52.087833006000039,0,05240705709110021155
05,5,58,016,2024,07,11,6,2,0,1,0,1,0,0,0,0,0,383457.737999999895692,5742242.535000000149012,7.309142578000035,51.818851024000026,0,05240705706000004161
05,5,54,004,2024,07,10,6,3,5,3,0,1,1,0,0,0,0,363376.843999999575317,5771410.995999999344349,7.006381605000058,52.076399862000073,0,05240705705000998243
05,5,54,008,2024,07,07,6,3,5,3,0,1,1,0,0,0,0,338860.009999999776483,5746904.334000000730157,6.660425551000060,51.849653986000078,0,05240705705000994173
05,5,54,020,2024,07,15,6,3,5,3,0,1,1,0,0,0,0,365179.429899999871850,5785865.015799999237061,7.026935091000041,52.206717132000051,0,05240705705000017079
05,5,54,008,2024,07,13,6,3,0,1,0,0,0,0,0,0,1,336140.953399999998510,5745339.429199999198318,6.621725586000025,51.834804322000082,0,05240705705000011597
05,5,54,020,2024,07,13,6,3,5,3,0,1,1,0,0,0,0,364985.499400000087917,5786485.429600000381470,7.023851381000043,52.212244255000030,0,05240705705000010365
05,5,54,020,2024,07,12,6,3,0,3,0,1,0,0,0,0,1,365605.770499999634922,5783128.200600000098348,7.034255939000047,52.182229981000035,1,05240705705000006775
05,5,54,004,2024,07,11,6,3,5,3,0,1,1,0,0,0,0,363285.866600000299513,5771390.622600000351667,7.005063088000043,52.076194345000033,0,05240705705000003518
05,5,15,000,2024,07,07,6,2,5,3,0,1,1,0,0,0,0,402729.484799999743700,5754130.906300000846386,7.585296640000024,51.929395614000043,0,05240705702100989859
05,5,15,000,2024,07,16,6,3,5,3,0,0,1,0,0,0,1,407044.405199999921024,5754306.892300000414252,7.647986027000059,51.931714805000070,0,05240705702100019669
05,5,15,000,2024,07,11,6,3,6,7,0,0,1,1,0,0,0,407148.391099999658763,5757047.017400000244379,7.648758010000051,51.956361895000043,0,05240705702100004894
05,5,62,012,2024,07,13,6,3,2,2,0,0,1,0,0,0,0,363311.116100000217557,5731998.325500000268221,7.021050719000073,51.722233081000070,0,05240705701620012170
05,5,12,000,2024,07,16,6,3,3,6,0,1,1,0,0,0,0,358233.303700000047684,5710973.647299999371171,6.956095694000055,51.532049255000061,0,05240705701400022954
05,5,62,014,2024,07,09,6,3,1,7,0,0,1,0,0,0,0,360385.397800000384450,5715594.315099999308586,6.985268293000047,51.574107244000061,0,05240705701300004469
05,5,13,000,2024,07,15,6,3,5,2,0,1,1,0,0,0,0,363187.435700000263751,5710487.313599999994040,7.027663867000058,51.528901109000060,0,05240705700000018574
05,5,13,000,2024,07,15,1,2,6,4,0,0,1,1,0,0,0,369632.141099999658763,5716404.312000000849366,7.118324073000053,51.583600695000030,0,05240707700000054900
05,5,54,048,2024,07,11,7,2,5,3,0,1,1,0,0,0,0,341861.163999999873340,5744289.895999999716878,6.705155899000033,51.827024107000057,0,05240713705000301404
05,5,66,076,2024,07,08,5,3,5,2,0,0,1,0,0,0,0,393042.412999999709427,5792892.370999999344349,7.432291667000072,52.275985663000029,1,05240704709500945836
05,5,58,032,2024,07,20,5,2,5,3,0,1,0,0,0,0,0,386903.027499999850988,5753799.052799999713898,7.355320827000071,51.923422613000071,0,05240704706100979395
05,5,58,016,2024,07,14,5,3,5,3,0,0,1,0,1,0,0,378641.427000000141561,5745201.351999999955297,7.238262344000020,51.844416671000033,0,05240704706000973494
05,5,54,068,2024,07,20,5,3,8,1,0,1,0,0,0,0,0,350562.649600000120699,5766874.411399999633431,6.821519968000075,52.032331892000059,0,05240704705000980116
05,5,54,068,2024,07,16,5,3,0,1,0,1,0,0,0,0,0,351183.359199999831617,5767211.620899999514222,6.830414861000065,52.035528430000056,0,05240704705000973027
05,5,54,020,2024,07,05,5,3,5,3,1,1,1,0,0,0,0,367437.283999999985099,5785689.161000000312924,7.060026359000062,52.205684669000050,1,05240704705000937630
05,5,15,000,2024,07,16,5,3,5,2,0,0,1,0,0,0,0,406527.856599999591708,5756604.315300000831485,7.639850725000031,51.952278711000076,0,05240704702100976461
05,5,15,000,2024,07,17,5,2,5,3,0,1,0,0,0,0,0,406496.081899999640882,5757227.201700000092387,7.639218990000074,51.957872177000070,0,05240704702100975332
05,5,15,000,2024,07,16,5,3,5,2,0,1,1,0,0,0,0,406160.146999999880791,5752401.609999999403954,7.635648043000060,51.914440742000068,0,05240704702100972829
05,5,15,000,2024,07,15,5,3,0,4,0,1,0,1,0,0,0,401411.115399999544024,5757684.295700000599027,7.565109711000048,51.961102321000055,0,05240704702100972062
05,5,15,000,2024,07,08,5,3,1,1,0,1,0,0,0,0,1,408377.861899999901652,5757423.139100000262260,7.666544548000047,51.959946631000037,1,05240704702100950076
05,5,62,004,2024,07,15,5,3,0,1,0,1,0,0,0,0,0,381807.592199999839067,5719329.123299999162555,7.292985793000071,51.612572845000045,0,05240704701800975037
05,5,70,032,2024,07,14,1,3,0,1,0,0,0,0,1,0,0,419831.588299999944866,5765959.281099999323487,7.831203466000034,52.038448284000026,0,05240714711100323168
05,5,62,016,2024,07,08,5,2,5,2,0,1,1,0,0,0,0,374681.205000000074506,5734343.118300000205636,7.184726813000054,51.745961652000062,0,05240704701700947317
05,5,12,000,2024,07,13,7,2,5,2,0,1,1,0,0,0,0,358281.039800000376999,5709593.736800000071526,6.957338588000027,51.519661409000037,0,05240706701400035221
05,5,62,024,2024,07,16,5,3,1,5,0,1,1,0,0,0,0,369387.743999999947846,5725143.160499999299645,7.111540232000038,51.662077154000031,0,05240704701500974972
05,5,62,014,2024,07,17,5,3,5,3,0,1,1,0,0,0,0,359990.912200000137091,5715281.282899999991059,6.979704156000025,51.571196499000052,0,05240704701300975191
05,5,13,000,2024,07,18,5,3,5,3,0,0,1,0,1,0,0,363385.872999999672174,5713310.458000000566244,7.029426942000043,51.554318899000066,0,05240704700000977013
05,5,13,000,2024,07,16,5,3,1,5,0,1,1,0,0,0,0,367770.202899999916553,5707850.505999999120831,7.094679898000038,51.506296635000069,0,05240704700000975267
05,5,70,008,2024,07,14,4,3,5,3,0,0,1,0,0,0,0,433073.311999999918044,5738521.793999999761581,8.029557584000031,51.793547696000076,1,05240703711300927475
05,5,70,004,2024,07,16,4,3,5,5,0,0,1,0,0,0,0,422592.566200000233948,5735382.654699999839067,7.878315246000057,51.763975876000075,1,05240703711200928076
05,5,66,028,2024,07,14,4,3,5,3,0,1,1,0,0,0,0,411557.995000000111759,5790989.580000000074506,7.704095593000034,52.262173587000063,1,05240703709700925190
05,5,66,076,2024,07,20,4,3,6,2,0,0,1,1,0,0,0,394204.673999999649823,5795637.925000000745058,7.448458491000054,52.300885449000077,0,05240703709500934083
05,5,54,056,2024,07,19,4,2,5,3,0,1,1,0,0,0,0,356696.790000000037253,5762254.648000000044703,6.912810194000031,51.992442382000036,0,05240703705000933668
05,5,54,008,2024,07,15,4,3,4,2,0,0,1,0,0,0,1,337199.610100000165403,5748153.370699999853969,6.635752120000063,51.860393021000050,1,05240703705000928807
05,5,54,008,2024,07,12,4,3,5,3,0,0,1,0,0,0,0,336573.703499999828637,5743701.352600000798702,6.628774039000064,51.820215417000043,1,05240703705000926410
05,5,54,008,2024,07,13,4,3,5,3,0,1,1,0,0,0,0,335025.499800000339746,5745899.363600000739098,6.605283963000034,51.839506081000081,1,05240703705000916137
05,5,15,000,2024,07,17,4,3,0,2,0,1,0,0,0,0,0,406128.618999999947846,5758081.206000000238419,7.633639462000076,51.965486447000046,0,05240703702100928056
05,5,15,000,2024,07,13,4,3,0,5,0,1,1,0,0,0,0,406258.038399999961257,5758140.537699999287724,7.635506472000031,51.966041587000063,0,05240703702100918132
05,5,62,014,2024,07,14,4,3,5,5,0,0,1,0,0,0,0,358938.098100000061095,5714020.093599999323487,6.965028767000035,51.559601099000076,1,05240703701300926814
05,5,62,032,2024,07,21,4,3,1,5,0,1,1,0,0,0,0,374328.387000000104308,5719688.347300000488758,7.184893911000074,51.614181355000028,0,05240703701110934562
05,5,62,032,2024,07,16,4,3,0,1,0,0,0,0,0,0,1,374979.544999999925494,5718535.377000000327826,7.194704875000070,51.603964494000081,1,05240703701110928579
05,5,13,000,2024,07,08,4,3,2,6,0,0,1,0,1,0,0,369680.955199999734759,5709347.405400000512600,7.121642832000020,51.520192943000040,0,05240703700000898167
05,5,66,076,2024,07,22,3,3,5,3,2,1,1,0,0,0,0,393663.424999999813735,5794323.375499999150634,7.440938953000057,52.288966848000030,0,05240702709500887688
05,5,54,008,2024,07,17,3,3,0,6,0,0,1,0,0,0,1,336017.848299999721348,5745336.922299999743700,6.619941671000049,51.834745675000079,0,05240702705000898397
05,5,54,008,2024,07,18,3,3,0,6,0,1,1,0,0,0,0,335229.659099999815226,5744443.244899999350309,6.608937931000071,51.826485488000060,0,05240702705000881515
05,5,54,008,2024,07,16,3,3,5,2,0,1,1,0,0,0,0,336111.758299999870360,5745262.606000000610948,6.621338620000074,51.834105619000070,0,05240702705000877716
05,5,54,020,2024,07,13,3,3,0,1,0,1,0,0,0,0,0,364685.753999999724329,5786757.622999999672174,7.019358161000071,52.214616460000059,1,05240702705000872482
05,5,15,000,2024,07,09,3,3,0,6,0,1,0,0,0,0,1,406334.082799999974668,5760259.096699999645352,7.636034801000051,51.985096961000067,1,05240702702100856206
05,5,15,000,2024,07,08,3,3,5,1,0,1,1,0,0,0,0,407427.388000000268221,5754387.201999999582767,7.653533134000043,51.932500507000043,1,05240702702100848846
05,5,15,000,2024,07,08,3,3,5,3,0,1,1,0,0,0,0,403436.604000000283122,5756945.748999999836087,7.594787152000038,51.954819506000035,1,05240702702100846932
05,5,62,036,2024,07,13,3,3,5,3,0,1,1,0,0,0,0,388734.982300000265241,5720204.413200000301003,7.392714171000023,51.621851754000033,1,05240702701930878688
05,5,62,028,2024,07,15,3,3,6,4,0,0,1,1,0,0,0,379659.488400000147521,5722103.146299999207258,7.261023571000067,51.637049001000037,1,05240702701920878408
05,5,62,024,2024,07,15,3,3,5,3,0,1,1,0,0,0,0,369076.185300000011921,5725174.960999999195337,7.107026288000043,51.662290435000045,1,05240702701500878354
05,5,62,014,2024,07,15,3,3,1,5,0,0,1,0,1,0,0,358976.553600000217557,5714232.900900000706315,6.965497790000029,51.561522993000040,1,05240702701300879613
05,5,62,020,2024,07,16,3,3,0,1,0,1,0,0,0,0,0,372078.295199999585748,5718379.332900000736117,7.152890928000033,51.601910592000081,1,05240702701200877402
05,5,62,032,2024,07,13,3,2,5,3,0,1,1,0,0,0,0,375180.167799999937415,5717987.741599999368191,7.197795221000035,51.599087333000057,1,05240702701110868122
05,5,13,000,2024,07,12,3,3,2,6,0,0,1,0,0,0,0,367732.255099999718368,5706590.362099999561906,7.094605894000040,51.494963158000076,1,05240702700000870739
05,5,13,000,2024,07,09,3,3,2,5,0,0,1,0,0,0,0,365908.190000000409782,5716059.619300000369549,7.064738280000029,51.579629382000064,1,05240702700000852380
05,5,66,076,2024,07,11,3,3,0,3,0,1,1,0,0,0,0,392260.750699999742210,5792544.224999999627471,7.420950534000042,52.272704205000082,1,05240702709500860098
05,5,70,020,2024,07,07,2,3,2,2,0,0,1,0,0,0,0,433059.370199999772012,5743459.478000000119209,8.028401191000057,51.837935554000069,1,05240701711400798649
05,5,70,052,2024,07,07,2,3,0,1,0,0,0,0,1,0,0,429364.409199999645352,5752549.218100000172853,7.972919904000037,51.919194454000035,1,05240701711100792017
05,5,66,076,2024,07,19,2,3,4,6,0,1,1,0,0,0,0,392911.800999999977648,5792237.265000000596046,7.430586023000046,52.270072692000042,0,05240701709500832416
05,5,66,076,2024,07,16,2,3,0,1,0,1,0,0,0,0,0,395156.138700000010431,5793202.399199999868870,7.463164554000059,52.279179145000057,1,05240701709500827134
05,5,66,076,2024,07,12,2,3,0,3,0,1,1,0,0,0,0,395349.762400000356138,5793893.500900000333786,7.465787103000025,52.285427179000067,0,05240701709500811842
05,5,66,068,2024,07,18,2,2,0,1,0,1,0,0,0,0,0,376523.457700000144541,5786094.443099999800324,7.192774801000041,52.211437091000050,0,05240701709300829241
05,5,54,008,2024,07,17,2,3,3,2,0,1,1,0,0,0,0,335171.757000000216067,5746229.724999999627471,6.607247575000031,51.842517019000070,0,05240708705000102441
05,5,54,008,2024,07,17,2,3,0,1,0,0,0,0,1,0,0,335171.757000000216067,5746229.724999999627471,6.607247575000031,51.842517019000070,1,05240701705000829413
05,5,54,008,2024,07,17,2,3,5,2,0,1,1,0,0,0,0,336676.020600000396371,5745697.002599999308586,6.629315666000025,51.838173291000032,1,05240701705000829136
05,5,54,008,2024,07,14,2,3,0,2,0,0,1,0,0,0,1,335004.752000000327826,5746046.846999999135733,6.604912738000053,51.840824846000032,0,05240701705000821059
05,5,54,056,2024,07,10,2,2,5,3,0,1,1,0,0,0,0,356256.078999999910593,5761739.458000000566244,6.906611879000025,51.987699534000058,0,05240701705000809167
05,5,15,000,2024,07,15,2,3,0,1,0,1,0,0,0,0,0,406113.527400000020862,5757492.601999999955297,7.633580769000048,51.960193257000071,1,05240701702100822990
05,5,15,000,2024,07,13,2,3,1,5,0,1,1,0,0,0,0,407414.613499999977648,5756975.627199999988079,7.652650344000051,51.955764591000047,0,05240701702100821433
05,5,15,000,2024,07,10,2,2,9,1,0,0,1,0,0,0,0,405536.142599999904633,5762973.585899999365211,7.623670661000062,52.009360673000060,0,05240701702100807879
05,5,62,036,2024,07,09,2,3,0,3,0,1,1,0,0,0,0,388220.515499999746680,5719263.376800000667572,7.385585781000032,51.613291795000066,0,05240701701930995866
05,5,62,036,2024,07,20,2,3,1,5,0,1,1,0,0,0,0,389013.993900000117719,5719862.536599999293685,7.396851256000048,51.618834055000036,0,05240701701930834648
05,5,62,014,2024,07,13,2,3,4,6,0,1,1,0,0,0,0,358260.381699999794364,5715524.673200000077486,6.954651868000042,51.572951197000066,1,05240701701300848062
05,5,62,014,2024,07,15,2,3,8,1,0,0,1,0,0,0,0,361709.097299999557436,5717052.369999999180436,7.003783414000054,51.587535792000040,0,05240701701300827597
05,5,62,024,2024,07,16,1,3,0,1,0,1,0,0,0,0,0,366516.654500000178814,5721390.181399999186397,7.071485513000027,51.627676773000076,0,05240714701500324849
05,5,54,020,2024,07,16,2,3,2,6,0,0,1,0,0,0,0,365166.830599999986589,5786100.546299999579787,7.026657031000070,52.208830363000061,1,05240701705000827143
05,5,70,004,2024,06,17,1,3,5,3,0,0,1,0,0,0,1,424785.811999999918044,5734826.257999999448657,7.910210974000051,51.759272966000026,1,05240630711200780078
05,5,54,056,2024,06,14,1,2,5,3,0,1,0,0,0,0,1,356256.078999999910593,5761739.458000000566244,6.906611879000025,51.987699534000058,0,05240630705000965076
05,5,54,052,2024,06,18,1,3,2,7,0,0,1,0,0,0,0,379666.021999999880791,5772444.885999999940395,7.243581081000059,52.089470730000073,0,05240630705000779762
05,5,62,004,2024,06,02,1,3,6,4,2,1,0,1,0,0,0,385856.300300000235438,5717213.139299999922514,7.352122186000031,51.594390177000037,1,05240630701800768527
05,5,70,052,2024,06,19,7,3,5,3,0,0,1,0,0,0,0,428693.048100000247359,5753297.137700000777841,7.963004736000073,51.925832381000077,0,05240629711100763287
05,5,66,028,2024,06,14,7,3,5,7,0,1,1,0,0,0,0,414271.760400000028312,5791563.632899999618530,7.743702913000050,52.267763072000037,0,05240629709700756867
05,5,66,084,2024,06,18,7,3,0,7,0,1,0,0,0,0,0,390377.820100000128150,5776998.034299999475479,7.398397450000061,52.132616525000060,0,05240629709300760781
05,5,66,008,2024,06,15,7,3,5,7,0,0,1,1,0,0,0,399070.987399999983609,5782328.260199999436736,7.523774546000027,52.182179361000067,0,05240629709110761174
05,5,66,012,2024,06,12,7,3,6,4,0,0,1,1,0,0,0,405440.900700000114739,5772899.253399999812245,7.619536054000037,52.098559024000053,0,05240629709110754015
05,5,54,012,2024,06,12,7,3,0,5,0,1,1,0,0,0,0,351827.304399999789894,5745443.081599999219179,6.849172912000029,51.840117370000030,0,05240629705000769694
05,5,54,012,2024,06,12,7,3,2,6,0,0,1,0,0,0,0,353282.189399999566376,5747173.669900000095367,6.869541395000056,51.856050787000072,0,05240629705000756139
05,5,15,000,2024,06,20,7,3,5,7,0,1,1,0,0,0,0,406772.171299999579787,5755517.923200000077486,7.643699406000053,51.942554664000056,0,05240629702100762476
05,5,15,000,2024,06,16,7,3,0,1,0,1,0,0,0,0,0,405992.042500000447035,5758225.389799999073148,7.631612638000036,51.966759355000079,0,05240629702100759487
05,5,15,000,2024,06,14,7,2,5,7,0,1,1,0,0,0,0,410761.968299999833107,5760587.245100000873208,7.700410009000052,51.988775540000063,0,05240629702100757640
05,5,15,000,2024,06,10,7,2,4,6,0,1,0,0,0,0,0,405884.954199999570847,5758354.580499999225140,7.630018921000044,51.967902457000037,0,05240629702100752343
05,5,62,012,2024,06,10,7,3,5,3,0,1,1,0,0,0,0,362177.322900000028312,5730160.483899999409914,7.005373502000054,51.705440842000030,0,05240629701620753245