ULAND,UREGBEZ,UKREIS,UGEMEINDE,UJAHR,UMONAT,USTUNDE,UWOCHENTAG,UKATEGORIE,UART,UTYP1,ULICHTVERH,IstRad,IstPKW,IstFuss,IstKrad,IstGkfz,IstSonstige,LINREFX,LINREFY,XGCSWGS84,YGCSWGS84,STRZUSTAND,UIDENTSTLAE
05,5,62,024,2024,06,15,7,3,5,3,0,0,1,0,0,0,0,374487.486600000411272,5725359.590500000864267,7.185156564000067,51.665184329000056,0,05240629701500758247
05,5,12,000,2024,06,14,7,2,6,4,0,0,1,1,0,0,0,356727.599399999715388,5708489.250199999660254,6.935412590000055,51.509344767000073,0,05240629701400758418
05,5,13,000,2024,06,23,7,3,5,3,2,0,1,0,0,0,0,364249.152999999932945,5716826.292999999597669,7.040513015000045,51.586121847000072,1,05240629700000766577
05,5,66,084,2024,06,06,1,3,8,1,0,0,1,0,0,0,0,387063.925599999725819,5779335.254899999126792,7.349225559000047,52.152953821000040,1,05240630709300770823
05,5,15,000,2024,07,13,2,3,0,1,0,0,0,0,0,0,1,402236.646700000390410,5757749.384899999946356,7.577102177000029,51.961833130000059,0,05240701702100823176
05,5,15,000,2024,07,12,2,3,3,2,0,1,1,0,0,0,0,404117.151300000026822,5757861.045099999755621,7.604431968000029,51.963164264000056,0,05240708702100088891
05,5,70,032,2024,06,12,6,3,5,2,0,1,1,0,0,0,0,420434.876000000163913,5766001.110999999567866,7.839987267000026,52.038911199000040,0,05240628711100749604
05,5,70,052,2024,06,09,6,3,5,3,0,1,1,0,0,0,0,429963.991299999877810,5756418.242300000041723,7.980848841000068,51.954051302000039,0,05240628711100714132
05,5,66,080,2024,06,19,6,3,0,7,0,0,1,0,0,0,1,406822.856200000271201,5781223.606200000271201,7.637423575000071,52.173614516000043,0,05240628709110750314
05,5,66,012,2024,06,09,6,3,0,2,0,1,1,0,0,0,0,405015.530000000260770,5772235.827999999746680,7.613512957000069,52.092523174000064,0,05240628709110713804
05,5,58,040,2024,06,15,6,3,0,7,0,0,1,0,0,0,0,377089.409699999727309,5764515.163300000131130,7.208844819000035,52.017644299000040,0,05240628706000737609
05,5,54,004,2024,06,16,6,3,5,2,0,1,1,0,0,0,0,364617.689600000157952,5772433.351299999281764,7.024070678000044,52.085890980000045,0,05240628705000737998
05,5,66,056,2024,07,16,4,3,0,1,0,1,0,0,0,0,0,416701.901700000278652,5796818.469000000506639,7.778007086000059,52.315369472000043,0,05240731709700959236
05,5,66,076,2024,07,19,4,3,0,5,0,1,1,0,0,0,0,393955.191700000315905,5793560.518799999728799,7.445455023000022,52.282167278000031,0,05240731709500963705
05,5,58,012,2024,07,14,4,3,0,1,0,0,0,0,1,0,0,369326.531799999997020,5758255.461400000378489,7.098168298000076,51.959620793000056,1,05240731706000954416
05,5,54,008,2024,07,17,4,3,0,6,0,1,1,0,0,0,0,336119.485899999737740,5745904.206000000238419,6.621146792000047,51.839871670000036,0,05240731705000961449
05,5,15,000,2024,07,14,4,3,1,7,0,0,1,1,0,0,1,409024.837000000290573,5753180.357999999076128,7.677080275000037,51.921916000000067,0,05240731702100964218
05,5,15,000,2024,07,16,4,3,5,3,0,0,1,0,0,0,1,404320.816300000064075,5748491.714600000530481,7.609999241000025,51.878983814000037,0,05240731702100962321
05,5,15,000,2024,07,11,4,3,4,6,0,1,0,0,0,0,1,403602.594899999909103,5757342.565799999982119,7.597090567000066,51.958415023000043,0,05240731702100947547
05,5,62,014,2024,07,05,4,2,0,7,0,1,0,0,0,0,0,358648.990100000053644,5715224.159800000488758,6.960376683000050,51.570348374000048,0,05240731701300928397
05,5,70,036,2024,07,20,3,3,1,5,1,1,1,0,0,0,0,434440.943500000052154,5761787.421199999749660,8.044960624000055,52.002864648000070,0,05240730711100922259
05,5,66,028,2024,07,17,3,2,6,1,0,1,0,1,0,0,0,413802.544099999591708,5790815.534800000488758,7.737019724000049,52.260965544000044,0,05240730709700916900
05,5,54,008,2024,07,19,3,3,2,6,0,1,1,0,0,0,0,334923.605999999679625,5744953.722699999809265,6.604257407000034,51.830980956000076,0,05240730705000917798
05,5,54,012,2024,07,10,3,3,5,2,0,1,1,0,0,0,0,352842.541799999773502,5747742.743300000205636,6.862919811000040,51.861048120000078,0,05240730705000899819
05,5,54,016,2024,07,08,3,3,5,3,0,1,1,0,0,0,0,363839.960599999874830,5756706.785099999979138,7.018980427000031,51.944388541000080,0,05240730705000889275
05,5,15,000,2024,07,19,3,3,0,5,0,1,1,0,0,0,0,405411.205199999734759,5756803.298200000077486,7.623552164000046,51.953878463000081,0,05240730702100918777
05,5,12,000,2024,07,14,3,2,6,2,0,0,1,1,0,0,0,356942.531100000254810,5713605.043500000610948,6.936429358000055,51.555368956000052,0,05240730701400910749
05,5,62,020,2024,07,11,3,3,0,1,0,1,0,0,0,0,0,371284.997700000181794,5721403.999700000509620,7.140331761000027,51.628911960000039,0,05240730701200899191
05,5,13,000,2024,07,16,3,3,0,7,0,0,1,0,0,0,1,369402.674300000071526,5706491.150900000706315,7.118691933000036,51.494459904000053,0,05240730700000933672
05,5,54,008,2024,07,13,2,3,0,7,0,1,0,0,0,0,1,334158.642099999822676,5746165.844299999997020,6.592585147000023,51.841643210000029,0,05240729705000865358
05,5,15,000,2024,07,15,2,3,0,1,0,0,0,0,1,0,0,400340.008700000122190,5762192.372300000861287,7.548216341000057,52.001430408000033,0,05240729702100871162
05,5,62,032,2024,07,20,2,2,5,3,0,0,0,0,1,1,0,378100.096199999563396,5717497.139699999243021,7.240103262000048,51.595317653000052,0,05240729701110878920
05,5,13,000,2024,07,16,2,3,5,3,0,1,1,0,0,0,0,363187.435700000263751,5710487.313599999994040,7.027663867000058,51.528901109000060,0,05240729700000872357
05,5,13,000,2024,07,07,2,3,2,6,0,0,1,0,0,0,0,367424.644399999640882,5708629.418299999088049,7.089410793000070,51.513215533000050,0,05240729700000845490
05,5,13,000,2024,07,06,2,3,4,2,0,0,1,0,0,0,0,363419.005099999718368,5717025.157800000160933,7.028460536000068,51.587708307000071,0,05240729700000841449
05,5,15,000,2024,07,05,2,3,6,6,0,1,0,1,0,0,0,406947.784199999645352,5758796.019400000572205,7.645365599000058,51.972049266000056,0,05240729702100867257
05,5,66,064,2024,07,17,1,3,8,7,0,1,0,0,0,0,0,394605.325299999676645,5771953.476099999621511,7.461698979000062,52.088100824000037,0,05240728709110857288
05,5,54,020,2024,07,17,1,3,0,7,0,0,1,1,0,0,0,364832.985999999567866,5786455.271299999207258,7.021632592000060,52.211935887000038,0,05240728705000931088
05,5,15,000,2024,07,12,1,3,6,4,0,1,0,1,0,0,0,410729.627000000327826,5757767.741399999707937,7.700672595000071,51.963426726000080,0,05240728702100826264
05,5,62,012,2024,07,18,1,2,0,1,0,1,0,0,0,0,0,362264.060499999672174,5724924.011499999091029,7.008693963000042,51.658407164000039,0,05240728701610831106
05,5,12,000,2024,07,12,1,3,5,2,0,1,1,0,0,0,0,354234.398500000126660,5710989.358899999409914,6.898476609000056,51.531172222000066,0,05240728701400826858
05,5,12,000,2024,07,12,1,3,0,6,0,0,1,0,1,0,0,352663.493999999947846,5715037.146099999547005,6.874150112000052,51.567135738000047,0,05240728701400826814
05,5,62,020,2024,07,22,1,3,3,6,2,1,0,0,0,0,0,369764.867999999783933,5719874.475999999791384,7.118950296000037,51.614816803000053,0,05240728701200834577
05,5,13,000,2024,07,19,1,3,0,7,0,0,1,1,1,0,0,368146.269000000320375,5709427.095000000670552,7.099505786000066,51.520552928000029,0,05240728700000831824
05,5,66,040,2024,07,15,7,3,2,3,0,1,1,0,0,0,0,420521.146099999547005,5783435.162000000476837,7.837173589000031,52.195637067000064,0,05240727709800813094
05,5,66,040,2024,07,11,7,3,5,3,0,1,1,0,0,0,0,420876.898000000044703,5782225.854000000283122,7.842659643000047,52.184817972000076,0,05240727709700809796
05,5,66,068,2024,07,23,7,3,0,1,2,1,0,0,0,0,0,376143.590400000102818,5785883.566800000146031,7.187295156000062,52.209456880000062,1,05240727709300820091
05,5,58,024,2024,07,19,7,2,0,1,0,1,0,0,0,0,0,391242.696999999694526,5736396.253000000491738,7.423876307000057,51.767874760000041,1,05240727706300816953
05,5,54,008,2024,07,14,7,3,0,7,0,0,0,0,0,0,1,336134.618900000117719,5745754.384899999946356,6.621437218000040,51.838530200000037,0,05240727705000813137
05,5,54,056,2024,07,11,7,3,3,6,0,1,1,0,0,0,0,357883.184700000099838,5761908.243799999356270,6.930221181000036,51.989634743000067,0,05240727705000808694
05,5,54,004,2024,07,18,7,3,6,7,0,0,0,1,1,0,0,361656.599000000394881,5770725.283999999985099,6.981574347000048,52.069811461000029,0,05240727705000044536
05,5,62,004,2024,07,23,7,3,0,1,2,0,0,0,0,0,1,383698.411799999885261,5717535.589099999517202,7.320876408000061,51.596846895000056,1,05240727701800819830
05,5,12,000,2024,07,04,7,2,8,1,2,0,1,0,0,0,0,356146.563299999572337,5720546.952999999746680,6.922111108000024,51.617544361000057,0,05240727701400805161
05,5,62,032,2024,07,16,7,3,0,7,0,0,0,0,0,0,1,375044.108500000089407,5719202.024299999698997,7.195399087000055,51.609970050000072,0,05240727701110815023
05,5,58,032,2024,07,18,6,3,5,2,0,1,0,0,0,0,0,386069.364799999631941,5753792.541099999099970,7.343205146000059,51.923194119000073,0,05240726706000844582
05,5,54,008,2024,07,16,6,3,1,6,0,0,1,0,0,0,0,334851.731999999843538,5746575.775000000372529,6.602441038000052,51.845531146000042,0,05240726705000795620
05,5,54,004,2024,07,15,6,2,0,7,0,0,0,0,0,0,1,362990.784799999557436,5770669.129599999636412,7.001049733000059,52.069638533000045,0,05240726705000793468
05,5,54,012,2024,07,13,6,3,5,2,0,1,1,0,0,0,0,353094.988099999725819,5746399.309399999678135,6.867154198000037,51.849043956000060,0,05240726705000789347
05,5,54,044,2024,07,13,6,3,0,1,0,1,1,0,0,0,0,366759.535600000061095,5744232.599400000646710,7.066249788000050,51.833002489000080,0,05240726705000788932
05,5,15,000,2024,07,14,6,3,5,2,0,0,1,0,0,0,1,404775.003999999724329,5759767.078999999910593,7.613475168000036,51.980409467000072,0,05240726702100794466
05,5,15,000,2024,07,13,6,3,1,5,0,1,1,0,0,0,0,406723.913999999873340,5757591.461300000548363,7.642434756000057,51.961184588000037,0,05240726702100790990
05,5,62,016,2024,07,11,6,3,0,7,0,1,0,0,0,0,0,374651.912700000219047,5733865.247700000181794,7.184474937000061,51.741660556000056,0,05240726701700781017
05,5,62,032,2024,07,14,6,3,5,3,0,0,1,0,0,0,0,380007.849999999627471,5719096.837999999523163,7.267084930000067,51.610104473000035,0,05240726701110794402
05,5,13,000,2024,07,08,6,3,5,3,0,1,1,0,0,0,0,366637.250699999742210,5708391.257400000467896,7.078160330000060,51.510889951000081,0,05240726700000776090
05,5,13,000,2024,07,08,6,3,8,1,0,0,1,0,0,0,0,366025.669599999673665,5714785.932299999520183,7.066918503000068,51.568211343000030,1,05240726700000771427
05,5,54,020,2024,07,18,5,3,5,3,0,0,1,0,0,0,1,366568.793300000019372,5786723.193099999800324,7.046916963000058,52.214766310000073,0,05240725705000757688
05,5,15,000,2024,07,16,5,3,5,3,0,1,1,0,0,0,0,405887.724999999627471,5750885.815999999642372,7.632102517000021,51.900770005000027,0,05240725702100757000
05,5,15,000,2024,07,10,5,3,1,7,0,1,1,0,0,0,0,405074.838000000454485,5755787.782999999821186,7.618939375000025,51.944693272000052,0,05240725702100734100
05,5,66,068,2024,07,17,4,3,5,3,0,1,1,0,0,0,0,376350.478000000119209,5785991.732000000774860,7.190281923000043,52.210475327000040,0,05240724709300711830
05,5,58,036,2024,07,17,4,3,5,3,0,1,1,0,0,0,0,387935.191999999806285,5729949.268999999389052,7.378040381000062,51.709278595000058,0,05240724706300730850
05,5,58,012,2024,07,14,4,2,6,7,0,0,1,1,0,0,0,373975.667399999685585,5756563.701300000771880,7.166414414000030,51.945491072000038,0,05240724706000704721
05,5,54,068,2024,07,22,4,3,0,7,2,0,0,0,1,0,0,350259.686900000087917,5767822.250399999320507,6.816691886000058,52.040765918000034,0,05240724705000717395
05,5,54,020,2024,07,13,4,3,5,3,0,0,1,0,0,0,0,363787.821000000461936,5787669.536000000312924,7.005856318000042,52.222588917000053,0,05240724705000706088
05,5,54,008,2024,07,10,4,3,4,2,0,1,1,0,0,0,0,336097.966199999675155,5745987.639299999922514,6.620795178000037,51.840614874000039,0,05240724705000695337
05,5,15,000,2024,07,19,4,2,5,3,0,1,1,0,0,0,0,403801.412200000137091,5761687.986999999731779,7.598764859000028,51.997507419000044,0,05240724702100714489
05,5,15,000,2024,07,12,4,3,5,3,0,1,0,0,0,0,0,405275.657800000160933,5757313.103399999439716,7.621439751000025,51.958437736000064,0,05240724702100698038
05,5,62,004,2024,07,17,4,3,6,4,0,0,1,1,0,0,0,383012.579800000414252,5712143.118200000375509,7.312774930000046,51.548238910000066,0,05240724701800711035
05,5,13,000,2024,07,17,4,2,3,5,0,1,1,0,0,0,0,365306.222699999809265,5717842.229599999263883,7.055371809000064,51.595505122000077,0,05240724700000711402
05,5,13,000,2024,07,15,4,3,2,6,0,0,1,0,0,0,0,365223.302500000223517,5710217.072200000286102,7.057098724000070,51.526962184000070,0,05240724700000709278
05,5,13,000,2024,07,11,4,3,0,7,0,1,0,0,0,0,0,369076.280299999751151,5710131.851999999955297,7.112640896000073,51.527102781000053,0,05240724700000697570
05,5,13,000,2024,07,11,4,3,5,3,0,0,1,0,0,0,0,366419.950199999846518,5708903.674499999731779,7.074836628000071,51.515443522000055,0,05240724700000696950
05,5,70,008,2024,07,17,3,3,4,6,0,0,1,0,0,0,0,433520.644199999980628,5733999.042700000107288,8.036908862000075,51.752941355000075,0,05240723711300672520
05,5,66,008,2024,07,21,3,3,0,7,1,1,0,0,0,0,0,399878.089599999599159,5780910.095200000330806,7.535993928000039,52.169580334000045,1,05240723709110675482
05,5,66,008,2024,07,09,3,3,4,1,0,0,1,0,1,0,0,399582.010800000280142,5780715.403400000184774,7.531723744000033,52.167776698000068,1,05240723709110641972
05,5,54,016,2024,07,19,3,3,5,3,0,1,1,0,0,0,0,363113.241999999620020,5757583.956000000238419,7.008064843000056,51.952092123000057,1,05240723705000673569
05,5,54,020,2024,07,17,3,3,1,1,0,1,1,0,0,0,0,364111.152999999932945,5787600.058199999853969,7.010614704000034,52.222044502000074,1,05240723705000669867
05,5,54,008,2024,07,17,3,3,5,3,0,1,0,0,0,0,1,335538.779699999839067,5745774.792600000277162,6.612786792000065,51.838538395000057,0,05240723705000381614
05,5,62,004,2024,07,10,3,3,6,7,0,0,1,1,0,0,0,382683.243400000035763,5715706.610300000756979,7.306837945000041,51.580198137000082,1,05240723701800645846
05,5,62,014,2024,07,13,3,3,5,3,0,0,1,0,0,0,0,361713.781000000424683,5712631.221999999135733,7.005590722000022,51.547807770000077,1,05240723701300661021
05,5,13,000,2024,07,09,3,3,5,3,0,0,1,0,0,0,0,367731.031700000166893,5706594.425300000235438,7.094586758000048,51.494999387000064,1,05240723700000645722
05,5,66,084,2024,07,09,2,3,0,3,0,1,1,0,0,0,0,385788.674999999813735,5778758.408999999985099,7.330787808000025,52.147507475000054,0,05240722709300595950
05,5,54,012,2024,07,16,2,3,5,3,0,1,1,0,0,0,0,351969.104799999855459,5746077.645800000056624,6.850958090000063,51.845856453000067,0,05240722705000621360
05,5,15,000,2024,07,22,2,3,0,1,2,1,0,0,0,0,0,407510.863499999977648,5756073.418299999088049,7.654293417000076,51.947671058000026,0,05240722702100629458
05,5,15,000,2024,07,11,2,3,0,5,0,0,1,0,0,0,0,406769.570799999870360,5751663.359200000762939,7.644705669000075,51.907907273000035,0,05240722702100605909
05,5,62,014,2024,07,04,2,3,9,7,2,0,1,0,0,0,0,357440.013299999758601,5715264.929300000891089,6.942927270000041,51.570410346000074,0,05240722701300585194
05,5,13,000,2024,07,20,2,3,0,7,0,0,0,1,1,0,0,363146.321100000292063,5710892.053300000727177,7.026914241000043,51.532528276000050,0,05240722700000670935
05,5,13,000,2024,07,03,2,3,1,1,2,0,1,0,0,0,0,368368.076200000010431,5709794.034499999135733,7.102563865000036,51.523902260000057,0,05240722700000584711
05,5,70,008,2024,07,13,1,3,1,5,0,0,1,0,0,0,1,434716.200000000186265,5735151.414000000804663,8.054009920000055,51.763441917000080,1,05240721711300574696
05,5,70,032,2024,07,02,1,2,0,1,2,0,1,0,0,0,0,419992.433000000193715,5765003.213999999687076,7.833771595000030,52.029877391000070,1,05240721711100568275
05,5,66,024,2024,07,13,1,3,0,1,0,1,0,0,0,0,0,383119.561599999666214,5771046.047000000253320,7.294444507000037,52.077639689000080,1,05240721709300576516
05,5,54,020,2024,07,15,1,3,5,2,0,0,1,0,1,0,0,366318.485500000417233,5787283.333699999377131,7.043034153000065,52.219738713000027,0,05240721705000575990
05,5,15,000,2024,07,14,1,3,0,1,0,0,0,0,1,0,0,405544.685800000093877,5758612.638399999588728,7.624996361000058,51.970164271000044,1,05240721702100574902
05,5,62,032,2024,07,14,1,3,8,1,0,0,1,0,0,0,0,377398.619199999608099,5716137.888199999928474,7.230455873000039,51.582949422000070,0,05240721701120575678
05,5,66,040,2024,07,14,7,3,0,7,0,0,0,0,1,0,0,420839.210900000296533,5785115.214199999347329,7.841433331000076,52.210784493000062,0,05240720709800558680
05,5,66,028,2024,07,15,7,3,5,3,0,0,1,0,0,0,1,411383.764000000432134,5792095.518999999389052,7.701252893000060,52.272085987000082,0,05240720709700559608
05,5,54,008,2024,07,04,4,3,5,3,2,1,1,0,0,0,0,334864.251000000163913,5743907.197000000625849,6.603895956000031,51.821562102000030,0,05240731705000199290
05,5,66,056,2024,07,14,7,3,8,1,0,0,0,0,1,0,1,414217.686999999918044,5796341.434000000357628,7.741694373000030,52.310699175000082,0,05240720709700557798
05,5,66,012,2024,07,12,7,3,5,3,0,1,0,0,0,0,0,404871.303000000305474,5772569.477199999615550,7.611315220000051,52.095497296000076,0,05240720709110555722
05,5,66,076,2024,07,17,7,3,0,1,0,1,0,0,0,0,0,392103.443300000391901,5793402.494999999180436,7.418371342000057,52.280386723000049,0,05240720709000560365
05,5,58,016,2024,07,17,7,3,9,1,0,0,1,0,0,0,0,376896.169300000183284,5745822.350299999117851,7.212718915000039,51.849615398000026,0,05240720706100563347
05,5,54,008,2024,07,04,7,3,6,7,1,0,1,1,0,0,0,335465.820000000298023,5745861.898000000044703,6.611687324000059,51.839299408000045,0,05240720705000550870
05,5,15,000,2024,07,13,7,3,0,7,0,1,1,0,0,0,0,408075.775500000454485,5751058.377399999648333,7.663849788000050,51.902686384000049,0,05240720702100557322
05,5,62,016,2024,07,20,7,2,2,5,0,1,1,0,0,0,1,377145.314799999818206,5739529.675400000065565,7.218566722000048,51.793118786000036,0,05240720701700564807
05,5,15,000,2024,07,00,6,3,0,7,2,0,1,0,0,0,1,407092.082700000144541,5758399.191899999976158,7.647573031000036,51.968506524000077,1,05240726702100761928
05,5,58,020,2024,07,12,6,3,1,7,0,0,1,0,0,0,0,390875.163099999539554,5759461.306399999186397,7.411262344000022,51.975105303000078,0,05240719706000554532
05,5,58,016,2024,07,02,6,3,1,7,2,1,0,0,0,0,1,381312.942400000058115,5744043.470300000160933,7.277422326000021,51.834584922000033,0,05240719706000508578
05,5,54,008,2024,07,11,6,2,1,6,0,0,1,0,1,0,0,337290.194500000216067,5745596.747400000691414,6.638269495000031,51.837451906000069,0,05240719705000526724
05,5,62,004,2024,07,11,6,3,2,5,0,0,1,0,0,0,0,384383.151999999769032,5711397.512000000104308,7.332777636000060,51.541820013000063,0,05240719701800528940
05,5,62,014,2024,07,13,6,3,5,2,0,1,1,0,0,0,0,360870.083999999798834,5717815.982000000774860,6.991377598000042,51.594191122000041,0,05240719701300536559
05,5,62,032,2024,07,15,6,3,1,5,0,1,1,0,0,0,0,379549.229700000025332,5718827.413200000301003,7.260557429000073,51.607585112000038,0,05240719701110554800
05,5,13,000,2024,07,17,6,3,4,2,0,0,1,0,1,0,0,366855.151700000278652,5705386.401699999347329,7.082432396000058,51.483937638000043,0,05240719700000541844
05,5,66,028,2024,07,23,5,3,0,1,2,1,0,0,0,0,0,411925.854000000283122,5793641.941999999806285,7.708791529000052,52.286072719000060,0,05240718709700506597
05,5,66,028,2024,07,05,5,2,0,1,1,0,0,0,1,0,0,417120.446000000461936,5791443.458000000566244,7.785467908000044,52.267119598000079,0,05240718709700469430
05,5,66,060,2024,07,12,5,3,0,7,0,0,0,0,1,0,0,388122.389899999834597,5792483.275499999523163,7.360344480000037,52.271329994000041,0,05240718709500488603
05,5,58,016,2024,07,11,5,3,5,3,0,0,1,0,0,0,0,382982.122000000439584,5744141.206000000238419,7.301603524000029,51.835815507000063,0,05240718706000487963
05,5,54,012,2024,07,10,5,3,6,4,0,1,0,1,0,0,0,351666.491100000217557,5745433.833900000900030,6.846844341000065,51.839991589000078,0,05240718705000503608
05,5,54,008,2024,07,17,5,3,5,3,0,0,1,0,1,0,0,331112.625199999660254,5742897.490299999713898,6.550005583000029,51.811370748000058,0,05240718705000501939
05,5,15,000,2024,07,16,5,3,5,3,0,1,0,0,0,0,0,407929.246000000275671,5752043.524000000208616,7.661457308000024,51.911517323000055,0,05240718702100536816
05,5,15,000,2024,07,20,5,3,8,7,0,1,1,0,0,0,0,405685.791400000452995,5755028.041899999603629,7.628033715000072,51.937968277000039,0,05240718702100505046
05,5,12,000,2024,07,14,5,3,1,5,0,1,1,0,0,0,0,355341.109199999831617,5708017.737900000065565,6.915640522000047,51.504754630000036,0,05240718701400497499
05,5,62,032,2024,07,15,5,3,5,3,0,1,1,0,0,0,0,377779.205799999646842,5716571.144899999722838,7.235795354000061,51.586925910000048,0,05240718701110503032
05,5,62,032,2024,07,13,5,3,5,3,0,1,1,0,0,0,0,375135.816599999554455,5717268.311300000175834,7.197411245000069,51.592611893000026,0,05240718701110490132
05,5,13,000,2024,07,18,5,2,5,2,0,0,1,0,1,0,0,364410.252199999988079,5719121.001599999144673,7.041950079000060,51.606781633000026,0,05240718700000502895
05,5,13,000,2024,07,16,5,3,6,7,0,0,1,1,0,0,0,367118.436700000427663,5710536.748299999162555,7.084281268000041,51.530284133000066,0,05240718700000500807
05,5,54,052,2024,07,19,4,3,4,6,0,0,1,0,0,0,0,379303.166000000201166,5772724.134999999776483,7.238188601000047,52.091901209000071,0,05240717705000462090
05,5,54,020,2024,07,15,4,3,1,6,0,0,1,0,0,1,0,368122.814899999648333,5785142.955600000917912,7.070265184000050,52.200941166000064,0,05240717705000456678
05,5,15,000,2024,07,20,4,2,5,3,0,1,1,0,0,0,0,405208.894000000320375,5757219.746999999508262,7.620494175000033,51.957587232000037,0,05240717702100461886
05,5,15,000,2024,07,18,4,3,0,3,0,1,0,0,0,0,1,405461.899000000208616,5757718.291999999433756,7.624037827000052,51.962111439000068,0,05240717702100460157
05,5,15,000,2024,07,14,4,3,6,6,0,1,0,1,0,0,0,405732.352199999615550,5757588.872700000181794,7.628008458000068,51.960994085000038,0,05240717702100449868
05,5,15,000,2024,07,09,4,3,1,2,0,1,1,0,0,0,0,404418.101999999955297,5761263.119999999180436,7.607863198000075,51.993795082000076,0,05240717702100436476
05,5,15,000,2024,07,08,4,3,1,5,0,1,1,0,0,0,0,408932.767099999822676,5757566.531300000846386,7.674580199000047,51.961326692000057,1,05240717702100433815
05,5,62,004,2024,07,18,4,3,5,3,0,1,1,0,0,0,0,382423.839599999599159,5715706.798499999567866,7.303095829000029,51.580145774000073,0,05240717701800460053
05,5,13,000,2024,07,22,4,3,5,3,2,0,1,0,0,0,0,366575.332600000314415,5713567.485500000417233,7.075307107000071,51.557392037000056,0,05240717700000464377
05,5,13,000,2024,07,18,4,3,6,4,0,0,1,1,0,0,0,366529.579099999740720,5705765.764799999073148,7.077602892000073,51.487270115000058,0,05240717700000459428
05,5,13,000,2024,07,10,4,2,8,7,0,1,0,0,0,0,0,369804.610999999567866,5708486.701999999582767,7.123742057000072,51.512486424000031,0,05240717700000438420
05,5,70,004,2024,07,08,3,3,0,3,0,1,1,0,0,0,0,423924.668200000189245,5735707.769999999552965,7.897543197000061,51.767081132000044,0,05240716711200385110
05,5,66,060,2024,07,00,3,3,0,1,2,1,0,0,0,0,0,388068.944000000134110,5788072.198999999091029,7.361023528000032,52.231677267000066,0,05240716709500442638
05,5,66,076,2024,07,22,3,3,5,3,2,0,1,0,0,0,0,395328.213000000454485,5793329.259999999776483,7.465646509000067,52.280352074000064,1,05240716709500419456
05,5,54,048,2024,07,08,3,3,0,2,0,1,1,0,0,0,0,340804.313599999994040,5745510.198400000110269,6.689271439000038,51.837687059000075,0,05240716705000386292
05,5,54,048,2024,07,04,3,3,9,7,1,0,1,0,0,0,0,341269.273900000378489,5745837.919299999251962,6.695864086000029,51.840763617000050,0,05240716705000377367
05,5,70,008,2024,07,02,3,3,0,1,2,0,0,0,1,0,0,433745.576200000010431,5732949.827899999916553,8.040366885000026,51.743535479000059,0,05240730711300880764
05,5,15,000,2024,07,12,3,3,4,1,0,1,1,0,0,0,0,404661.201899999752641,5757230.289999999105930,7.612523142000043,51.957588362000081,0,05240716702100450932
05,5,15,000,2024,07,17,3,3,5,3,0,1,1,0,0,0,0,405978.729000000283122,5752961.789999999105930,7.632858241000065,51.919445335000034,0,05240716702100412900
05,5,15,000,2024,07,14,3,3,5,3,0,1,1,0,0,0,0,407857.174999999813735,5757275.247999999672174,7.659008453000069,51.958531258000050,1,05240716702100407585
05,5,62,032,2024,07,11,3,3,6,4,0,1,0,1,0,0,0,377965.794999999925494,5716665.965299999341369,7.238454352000076,51.587818534000064,0,05240716701110395792
05,5,62,032,2024,07,01,3,2,4,6,2,0,1,0,0,0,0,377115.520999999716878,5719976.491000000387430,7.225027096000076,51.617386279000073,1,05240716701110376489
05,5,70,004,2024,07,10,2,3,5,3,0,0,1,0,0,0,1,424632.072999999858439,5734840.653999999165535,7.907980741000074,51.759381712000049,0,05240715711200347105
05,5,70,024,2024,07,17,2,3,5,3,0,1,1,0,0,0,0,420284.388000000268221,5753499.441999999806285,7.840698916000065,51.926510350000058,0,05240715711100368249
05,5,66,004,2024,07,09,2,3,0,3,0,1,1,0,0,0,0,394059.178399999625981,5765683.352700000628829,7.455675824000025,52.031643234000057,0,05240715709110345484
05,5,54,008,2024,07,16,2,3,5,2,0,0,0,0,0,0,1,337356.521200000308454,5745153.072100000455976,6.639439879000065,51.833485435000057,0,05240715705000367380
05,5,62,008,2024,07,08,2,3,5,2,0,1,1,0,0,0,0,385543.857599999755621,5724259.039699999615550,7.345310840000025,51.657653825000068,0,05240715701910339542
05,5,62,004,2024,07,15,2,2,0,7,0,1,0,0,0,0,0,382697.581100000068545,5711966.290899999439716,7.308293016000050,51.546584237000047,0,05240715701800370457
05,5,62,032,2024,07,10,2,3,5,3,0,1,1,0,0,0,0,375213.990000000223517,5718184.958000000566244,7.198213139000075,51.600867236000056,0,05240715701110348802
05,5,66,076,2024,07,18,4,3,5,3,0,1,1,0,0,0,0,392843.725100000388920,5792215.362900000065565,7.429595711000047,52.269862593000028,0,05240717709500458449
05,5,62,020,2024,07,17,1,3,1,5,0,1,1,0,0,0,0,370256.574799999594688,5718165.917999999597669,7.126680406000048,51.599575960000038,0,05240728701200832491
05,5,66,008,2024,07,16,4,3,5,3,0,1,1,0,0,0,0,399882.701000000350177,5781429.269999999552965,7.535908132000031,52.174247388000026,0,05240731709110962592