ULAND,UREGBEZ,UKREIS,UGEMEINDE,UJAHR,UMONAT,USTUNDE,UWOCHENTAG,UKATEGORIE,UART,UTYP1,ULICHTVERH,IstRad,IstPKW,IstFuss,IstKrad,IstGkfz,IstSonstige,LINREFX,LINREFY,XGCSWGS84,YGCSWGS84,STRZUSTAND,UIDENTSTLAE
05,5,54,004,2024,08,22,7,3,0,7,2,0,0,0,1,0,0,357520.160299999639392,5772109.767899999395013,6.920688115000075,52.081202343000029,0,05240817705000549220
05,5,54,020,2024,08,00,7,3,6,6,2,0,1,1,0,0,0,365193.363099999725819,5784243.095100000500679,7.027784299000075,52.192147063000050,1,05240817705000527563
05,5,15,000,2024,08,23,7,3,9,7,2,1,0,0,0,0,0,405195.499099999666214,5757870.205600000917912,7.620119767000062,51.963431537000076,0,05240817702100547647
05,5,15,000,2024,08,18,7,3,0,7,0,1,0,0,0,0,0,404446.548899999819696,5755097.546599999070168,7.609993135000025,51.938381590000063,0,05240817702100543653
05,5,15,000,2024,08,14,7,3,0,1,0,1,0,0,0,0,0,406198.522499999962747,5752268.063799999654293,7.636242191000065,51.913246821000030,0,05240817702100539235
05,5,15,000,2024,08,11,7,3,4,7,0,1,0,1,0,0,0,408174.463999999687076,5759673.142000000923872,7.662983354000062,51.980137352000042,0,05240817702100536093
05,5,62,008,2024,08,07,7,3,0,7,0,0,1,0,0,0,0,384023.591500000096858,5721235.379499999806285,7.324344781000036,51.630166573000054,1,05240817701910532000
05,5,62,024,2024,08,07,7,3,8,1,0,0,1,0,0,0,0,371271.837100000120699,5724711.993899999186397,7.138924621000058,51.658637105000082,1,05240817701500532103
05,5,62,014,2024,08,19,7,3,1,5,0,1,1,0,0,0,0,358424.865000000223517,5715694.776300000026822,6.956955237000045,51.574521054000058,0,05240817701300567627
05,5,13,000,2024,08,23,7,3,8,1,2,1,1,0,0,0,0,367609.502700000070035,5714150.721000000834465,7.089996753000037,51.562877027000070,0,05240817700000550413
05,5,13,000,2024,08,18,7,3,5,2,0,1,1,0,0,0,0,366423.496000000275671,5708901.415999999269843,7.074888555000030,51.515424064000058,0,05240817700000542868
05,5,13,000,2024,08,17,7,3,4,1,0,0,1,0,1,0,0,370224.672000000253320,5708975.716000000014901,7.129612081000062,51.516977791000045,0,05240817700000542573
05,5,13,000,2024,08,12,7,3,0,1,0,0,0,0,0,0,1,366591.287399999797344,5714094.484600000083447,7.075337147000027,51.562131719000035,0,05240817700000536400
05,5,58,024,2024,08,08,6,3,5,5,0,1,1,0,0,0,0,392695.088100000284612,5736994.596400000154972,7.444731240000067,51.773532930000044,0,05240816706300494324
05,5,58,020,2024,08,19,6,2,0,3,0,1,0,0,0,0,0,392146.584699999541044,5759700.333200000226498,7.429690164000021,51.977501795000080,0,05240816706200521517
05,5,54,004,2024,08,13,6,3,4,6,0,1,0,0,0,0,0,364177.902999999932945,5772025.164000000804663,7.017818623000039,52.082115503000068,0,05240816705000538048
05,5,54,020,2024,08,14,6,3,5,3,0,0,1,0,0,0,0,363815.883999999612570,5786731.517000000923872,7.006644398000049,52.214167589000056,1,05240816705000519448
05,5,15,000,2024,08,11,6,3,3,6,0,1,1,0,0,0,0,408581.214599999599159,5753642.365700000897050,7.670508487000063,51.925996162000047,0,05240816702100505966
05,5,62,008,2024,08,18,6,3,4,6,0,0,1,0,0,0,0,384574.581699999980628,5722501.832699999213219,7.331884346000038,51.641662392000057,0,05240816701910520371
05,5,62,024,2024,08,16,6,3,1,5,0,0,1,0,0,0,0,370209.604500000365078,5725806.953999999910593,7.123169680000046,51.668232840000030,1,05240816701500517979
05,5,62,024,2024,08,01,6,3,0,7,2,0,1,1,0,0,0,371692.918300000019372,5724644.091499999165535,7.145033843000022,51.658123165000063,0,05240816701500482985
05,5,62,032,2024,08,21,6,3,0,6,2,1,0,1,0,0,0,377083.428000000305474,5719366.756999999284744,7.224777629000073,51.611899451000056,0,05240816701110524632
05,5,66,028,2024,08,21,5,3,0,1,2,1,0,0,0,0,0,411671.395700000226498,5791931.803799999877810,7.705510085000071,52.270660757000030,0,05240815709700480132
05,5,66,028,2024,08,17,5,3,8,7,0,1,0,0,0,0,0,411048.084800000302494,5792740.202400000765920,7.696164560000057,52.277826330000039,0,05240815709700474059
05,5,66,060,2024,08,15,5,2,1,5,0,1,1,0,0,0,0,389455.656000000424683,5788881.278999999165535,7.381055352000033,52.239228609000065,0,05240815709500472751
05,5,66,012,2024,08,19,5,3,6,7,0,1,0,1,0,0,0,404999.058899999596179,5771915.634500000625849,7.613361839000049,52.089642389000062,0,05240815709110476894
05,5,58,016,2024,08,07,5,3,7,7,0,1,0,0,0,0,0,380836.281299999915063,5744303.612999999895692,7.270418054000061,51.836821360000044,0,05240815706100442660
05,5,58,012,2024,08,13,5,3,5,3,0,1,0,0,0,0,1,374665.014000000432134,5755871.291999999433756,7.176690905000044,51.939424473000031,0,05240815706000469630
05,5,54,008,2024,08,17,5,3,5,3,0,1,0,0,0,0,0,335767.984699999913573,5745417.023099999874830,6.616280488000029,51.835391847000039,0,05240815705000474620
05,5,13,000,2024,08,15,5,2,0,1,0,0,0,0,1,0,0,367939.434500000439584,5708311.524499999359250,7.096944279000070,51.510479266000061,0,05240815700000473090
05,5,66,084,2024,08,15,4,3,0,3,0,1,1,0,0,0,0,390433.916000000201166,5775798.095000000670552,7.399603163000052,52.121843493000029,0,05240814709300507465
05,5,66,008,2024,08,16,4,2,2,6,0,0,1,0,1,0,0,399896.495000000111759,5781418.674000000581145,7.536112908000064,52.174154656000042,0,05240814709110428730
05,5,15,000,2024,08,18,4,3,1,5,0,1,1,0,0,0,0,405063.609299999661744,5758787.489600000903010,7.617947080000022,51.971653937000042,0,05240814702100429911
05,5,62,014,2024,08,20,4,3,0,3,0,1,1,0,0,0,0,358703.514600000344217,5717195.938200000673532,6.960369589000038,51.588080255000079,0,05240814701300498150
05,5,70,028,2024,08,19,3,3,8,1,0,0,1,0,0,0,0,440783.151399999856949,5742763.380599999800324,8.140611390000061,51.832549995000079,0,05240813711400387617
05,5,66,040,2024,08,13,3,3,5,3,0,1,1,0,0,0,0,420987.319600000046194,5783074.903500000014901,7.844076506000022,52.192465771000059,0,05240813709800376011
05,5,66,060,2024,08,13,3,2,0,3,0,1,1,0,0,0,0,390365.810999999754131,5786536.821000000461936,7.395139153000059,52.218340803000046,0,05240813709500181568
05,5,66,084,2024,08,21,3,3,0,7,2,0,0,0,1,0,0,390066.671600000001490,5775667.742499999701977,7.394283329000075,52.120599076000076,1,05240813709300389363
05,5,66,068,2024,08,17,3,3,5,6,0,0,1,0,1,0,0,376149.363300000317395,5785418.517500000074506,7.187549705000038,52.205279180000048,0,05240813709300384347
05,5,15,000,2024,08,16,3,3,0,3,0,1,1,0,0,0,0,406309.845700000412762,5757517.974999999627471,7.636430180000048,51.960454437000067,0,05240813702100382978
05,5,62,016,2024,08,15,3,3,6,6,0,0,0,1,0,1,0,377296.231700000353158,5739402.563699999824166,7.220798893000051,51.792009567000036,0,05240813701700382051
05,5,62,014,2024,08,12,3,3,5,3,0,1,1,0,0,0,0,358505.437699999660254,5717032.571699999272823,6.957578133000027,51.586562560000061,0,05240813701300369103
05,5,13,000,2024,08,12,3,3,6,7,0,1,0,1,0,0,0,368119.845399999991059,5712083.889599999412894,7.098130129000026,51.544422634000057,0,05240813700000367455
05,5,66,012,2024,08,12,2,3,5,2,0,0,1,0,0,0,1,404808.479000000283122,5772594.008999999612570,7.610391558000060,52.095706987000028,0,05240812709110320996
05,5,58,036,2024,08,07,2,3,5,3,0,0,1,0,1,0,0,388621.512000000104308,5729367.744999999180436,7.388155324000024,51.704188619000035,0,05240812706300305690
05,5,54,020,2024,08,11,2,3,0,1,0,1,0,0,0,0,0,366563.466900000348687,5786713.019700000062585,7.046843059000025,52.214673608000055,0,05240812705000345376
05,5,54,020,2024,08,09,2,3,5,3,0,1,1,0,0,0,0,366438.679999999701977,5786237.825999999418855,7.045205157000055,52.210373571000048,0,05240812705000307729
05,5,15,000,2024,08,15,2,3,0,3,0,1,1,0,0,0,0,398378.117300000041723,5753583.633300000801682,7.522194158000048,51.923699274000057,0,05240812702100333904
05,5,15,000,2024,08,10,2,3,5,3,0,1,0,0,0,0,1,405450.267900000326335,5751941.869000000879169,7.625456396000061,51.910188292000043,0,05240812702100311987
05,5,15,000,2024,08,06,2,3,4,6,0,1,0,0,0,0,1,404689.726200000382960,5759741.074699999764562,7.612241097000037,51.980161109000051,0,05240812702100303074
05,5,15,000,2024,08,13,2,3,3,6,0,1,1,0,0,0,0,404277.097199999727309,5755509.036800000816584,7.607414384000037,51.942051101000061,0,05240812702000356115
05,5,62,032,2024,08,20,2,3,5,3,0,1,1,0,0,0,0,373823.660099999979138,5717459.723400000482798,7.178409859000055,51.594039772000031,0,05240812701110338975
05,5,62,032,2024,08,20,5,3,9,6,0,0,1,0,0,0,0,377113.257000000216067,5719974.838999999687076,7.224994991000074,51.617370938000079,0,05240815701110479625
05,5,66,084,2024,08,14,1,3,5,3,0,1,0,0,0,0,1,385778.406999999657273,5778752.020999999716878,7.330639957000074,52.147447943000032,0,05240811709300283736
05,5,58,016,2024,08,13,1,3,4,6,0,1,1,0,0,0,0,385713.648699999786913,5749359.042999999597669,7.339504806000036,51.883275928000046,0,05240811706100283180
05,5,54,008,2024,08,18,1,2,4,6,0,0,1,0,1,0,0,337425.066999999806285,5747512.198999999091029,6.639324907000059,51.854698755000072,0,05240811705000288131
05,5,54,008,2024,08,10,1,2,2,6,0,1,0,0,0,0,0,335301.017400000244379,5745544.766899999231100,6.609448322000048,51.836401924000029,0,05240811705000280448
05,5,12,000,2024,08,14,1,3,0,1,0,1,0,0,0,0,0,356841.827600000426173,5707815.547900000587106,6.937330969000072,51.503319906000058,0,05240811701400284456
05,5,62,032,2024,08,02,1,3,0,1,2,0,1,0,0,0,0,376340.274699999950826,5717642.214999999850988,7.214658368000073,51.596237910000070,0,05240811701110275376
05,5,70,008,2024,08,18,7,3,1,1,0,1,1,0,0,0,0,433910.707200000062585,5734212.014299999922514,8.042518389000065,51.754902148000042,0,05240810711300268259
05,5,66,020,2024,08,17,7,3,0,1,0,0,0,0,0,0,1,404659.531499999575317,5804698.414000000804663,7.599160222000023,52.384233115000029,0,05240810709700269809
05,5,58,012,2024,08,14,7,3,5,3,0,1,0,0,0,0,0,373558.131000000052154,5755609.247999999672174,7.160693796000032,51.936819222000054,0,05240810706000267076
05,5,54,004,2024,08,20,7,3,7,5,0,0,1,0,1,0,0,364372.234000000171363,5770811.993000000715256,7.021135092000065,52.071262230000059,0,05240810705000282146
05,5,54,004,2024,08,01,7,3,7,7,2,1,1,0,0,0,0,363049.676500000059605,5772145.704900000244379,7.001315734000059,52.082920670000078,0,05240810705000254579
05,5,15,000,2024,08,23,7,3,3,6,2,0,1,0,1,0,0,406010.313000000081956,5751772.479299999773502,7.633641917000034,51.908760512000072,0,05240810702100274699
05,5,62,024,2024,08,14,7,3,5,3,0,0,0,0,1,0,1,370512.668399999849498,5724119.147299999371171,7.128174868000031,51.653134994000027,0,05240810701500264732
05,5,13,000,2024,08,19,7,2,6,7,0,0,1,1,0,0,0,366582.571999999694526,5708652.145999999716878,7.077274123000052,51.513221555000030,0,05240810700000270145
05,5,66,032,2024,08,15,6,3,0,3,0,1,1,0,0,0,0,413427.158699999563396,5777191.701899999752641,7.735003012000050,52.138449408000042,0,05240809709800317913
05,5,66,008,2024,08,20,6,3,5,7,0,1,1,0,0,0,0,400109.184000000357628,5781956.969000000506639,7.539063592000048,52.179031270000053,0,05240809709110261866
05,5,58,012,2024,08,17,6,3,5,3,0,0,1,0,1,0,0,374163.345999999903142,5756829.327999999746680,7.169046299000058,51.947920595000028,1,05240809706000247195
05,5,15,000,2024,08,17,6,3,1,5,0,1,1,0,0,0,0,405315.300499999895692,5757367.947300000116229,7.622001390000037,51.958937448000029,0,05240809702100247695
05,5,12,000,2024,08,21,6,3,0,7,1,0,0,0,0,0,1,356439.456699999980628,5719787.222400000318885,6.926650007000035,51.610792456000070,0,05240809701400253661
05,5,54,008,2024,08,17,7,3,1,5,0,1,1,0,0,0,0,334623.440000000409782,5743191.108400000259280,6.600747001000059,51.815058020000038,0,05240817705000542736
05,5,66,012,2024,08,18,5,3,0,7,0,1,0,0,0,0,0,401631.315999999642372,5776774.694000000134110,7.562818734000075,52.132727089000070,0,05240815709110475876
05,5,66,028,2024,08,18,5,3,0,7,0,1,0,0,0,0,0,413022.402999999932945,5792790.865000000223517,7.725082708000059,52.278597631000082,0,05240808709700177881
05,5,66,076,2024,08,20,5,3,9,1,0,0,1,0,0,0,0,394425.612999999895692,5797517.765000000596046,7.451107723000064,52.317822452000030,0,05240808709500191093
05,5,66,084,2024,08,11,5,3,2,6,0,0,1,0,0,0,0,385530.848199999891222,5779041.839199999347329,7.326925883000058,52.150001256000053,0,05240808709300188617
05,5,66,012,2024,08,14,5,3,1,1,0,0,1,0,0,0,0,404989.003800000064075,5772311.921099999919534,7.613104666000027,52.093202559000076,0,05240808709110173207
05,5,66,064,2024,08,22,5,3,5,7,2,0,1,0,1,0,0,395840.257000000216067,5771351.277000000700355,7.479900616000066,52.082922246000066,0,05240808709000190209
05,5,54,008,2024,08,16,5,3,0,7,0,1,0,0,0,0,0,334853.251000000163913,5746573.681500000879169,6.602464070000053,51.845512789000054,0,05240808705000178298
05,5,13,000,2024,08,11,5,3,5,3,0,1,0,0,0,0,1,367300.348000000230968,5711294.587999999523163,7.086616652000032,51.537137361000077,0,05240808700000164351
05,5,15,000,2024,08,06,7,3,5,7,0,0,1,0,0,0,1,406355.746899999678135,5756485.291400000452995,7.637379488000022,51.951179913000033,0,05240810702100257911
05,5,62,024,2024,08,13,6,3,0,1,0,1,0,0,0,0,0,370469.352199999615550,5725161.909600000828505,7.127162697000074,51.662495984000032,1,05240809701500236391
05,5,70,008,2024,08,07,4,3,5,3,0,1,1,0,0,0,0,433512.627600000239909,5734326.420199999585748,8.036730125000076,51.755883548000043,0,05240807711300206019
05,5,66,040,2024,08,11,4,3,8,1,0,0,0,0,1,0,0,418315.409599999897182,5781055.525100000202656,7.805483113000037,52.173924794000072,0,05240807709800263934
05,5,66,008,2024,08,17,4,3,0,1,0,1,0,0,0,0,0,398290.071399999782443,5782045.482200000435114,7.512441546000048,52.179494414000033,0,05240807709110182244
05,5,66,008,2024,08,14,4,3,0,1,0,1,0,0,0,0,0,398954.407700000330806,5781592.355100000277162,7.522289278000073,52.175543930000060,1,05240807709110181188
05,5,15,000,2024,08,17,4,3,0,1,0,0,0,0,0,0,1,406414.374499999918044,5756927.723899999633431,7.638111826000056,51.955166581000071,0,05240807702100227368
05,5,15,000,2024,08,13,4,2,1,5,0,1,1,0,0,0,0,405136.751000000163913,5757672.334000000730157,7.619319611000037,51.961642966000056,0,05240807702100173829
05,5,62,032,2024,08,15,4,3,6,6,0,1,0,1,0,0,0,375286.066899999976158,5719691.335300000384450,7.198717465000072,51.614421188000051,0,05240807701110167477
05,5,62,004,2024,08,14,7,2,3,6,0,1,0,0,0,0,0,382925.368599999696016,5711221.832599999383092,7.311824251000075,51.539940535000028,0,05240810701800265140
05,5,66,040,2024,08,16,4,3,0,1,0,1,0,0,0,0,1,422195.837700000032783,5780715.349300000816584,7.862294256000041,52.171427817000051,0,05240814709800426140
05,5,58,016,2024,08,08,3,3,9,1,0,0,1,0,0,0,0,380314.668600000441074,5744235.844799999147654,7.262874383000053,51.836100782000074,0,05240806706000137967
05,5,62,024,2024,08,11,3,3,1,5,0,1,1,0,0,0,0,368963.478600000031292,5726590.879699999466538,7.104866610000045,51.674988386000052,0,05240806701500180813
05,5,12,000,2024,08,13,3,2,1,5,0,1,1,0,0,0,0,356437.804800000041723,5709397.583499999716878,6.930869605000055,51.517433353000058,0,05240806701400173849
05,5,62,014,2024,08,18,3,3,6,4,0,1,0,1,0,0,0,360972.800699999555945,5715324.994599999859929,6.993845882000073,51.571832267000048,0,05240806701300176173
05,5,62,020,2024,08,13,3,3,1,7,0,0,1,0,0,0,0,371234.025999999605119,5717405.249399999156594,7.141064637000056,51.592964262000066,0,05240806701200170344
05,5,66,048,2024,08,18,2,2,0,7,0,1,0,0,0,0,0,425962.517900000326335,5792109.792899999767542,7.914868288000037,52.274370788000056,0,05240805709700122770
05,5,66,076,2024,08,14,2,3,5,3,0,1,1,0,0,0,0,393703.099499999545515,5792896.119999999180436,7.441970464000065,52.276147497000068,0,05240805709500116574
05,5,66,076,2024,08,11,2,3,2,6,0,1,0,0,0,0,0,392398.838399999774992,5794114.940899999812245,7.422472258000028,52.286847458000068,0,05240805709500103467
05,5,66,012,2024,08,06,2,3,3,2,0,0,1,0,1,0,0,401852.614000000059605,5776063.872999999672174,7.566255952000063,52.126377621000074,0,05240805709110093488
05,5,54,020,2024,08,17,2,3,3,6,0,1,0,0,0,0,0,365393.973000000230968,5783707.505000000819564,7.030930031000025,52.187383601000079,0,05240805705000121265
05,5,54,004,2024,08,17,2,3,5,2,0,1,1,0,0,0,0,363887.451000000350177,5771954.540999999269843,7.013610715000027,52.081409593000046,0,05240805705000121111
05,5,54,008,2024,08,14,2,3,5,5,0,0,1,0,0,0,0,334981.042999999597669,5746393.695000000298023,6.604403430000048,51.843933692000064,0,05240805705000115135
05,5,54,008,2024,08,07,2,3,8,1,0,0,1,0,0,0,0,337771.149899999611080,5745102.456199999898672,6.645475915000077,51.833151291000036,0,05240805705000094131
05,5,62,032,2024,08,14,2,2,5,3,0,0,1,0,0,0,1,375709.394000000320375,5716465.571000000461936,7.205971527000031,51.585524357000054,0,05240805701110118974
05,5,13,000,2024,08,12,2,3,0,7,0,0,0,0,1,0,0,362486.622200000099838,5710405.394500000402331,7.017599176000033,51.527994727000078,0,05240805700000121773
05,5,62,012,2024,08,15,5,3,0,1,0,1,0,0,0,0,0,365048.514399999752641,5732758.207699999213219,7.045893998000054,51.729482284000028,0,05240815701620473617
05,5,13,000,2024,08,10,2,3,5,3,0,1,1,0,0,0,0,363296.190000000409782,5714882.003000000491738,7.027523032000033,51.568419553000069,0,05240812700000318822
05,5,54,008,2024,08,23,1,3,0,6,2,0,0,0,0,0,1,336050.587500000372529,5745771.610600000247359,6.620210445000055,51.838660285000060,0,05240804705000085706
05,5,12,000,2024,08,21,1,3,0,5,1,1,1,0,0,0,0,360393.853500000201166,5710711.966000000014901,6.987328059000049,51.530236113000058,0,05240804701400084073
05,5,66,076,2024,08,15,7,3,5,3,0,1,1,0,0,0,0,394648.447200000286102,5793730.863500000908971,7.455560423000065,52.283831525000039,0,05240803709500196305
05,5,54,012,2024,08,10,7,3,7,1,0,1,0,0,0,0,0,353233.352800000458956,5746485.404200000688434,6.869125004000068,51.849853907000067,0,05240803705000072688
05,5,54,004,2024,08,20,7,3,0,1,0,0,0,0,1,0,0,361096.605999999679625,5770771.240000000223517,6.973390884000025,52.070084232000056,1,05240803705000066802
05,5,62,028,2024,08,08,6,2,0,1,0,1,0,0,0,0,0,379546.897199999541044,5722570.309200000017881,7.259236591000047,51.641223462000028,0,05240816701920492192
05,5,54,004,2024,08,23,2,3,3,7,2,1,0,0,0,0,0,364074.677299999631941,5772772.826799999922514,7.016015123000045,52.088808244000063,0,05240805705000127582
05,5,54,020,2024,08,15,4,3,0,1,0,1,0,0,0,0,0,364669.408699999563396,5786535.409499999135733,7.019207910000034,52.212615801000027,0,05240814705000425916
05,5,13,000,2024,08,15,2,3,1,5,0,1,1,0,0,0,0,368840.254700000397861,5711049.801999999210238,7.108898523000050,51.535297423000031,0,05240805700000117691
05,5,70,020,2024,08,16,3,3,9,1,0,0,1,0,0,0,0,436398.577999999746680,5743339.017000000923872,8.076882755000042,51.837242914000058,0,05240813711400385394
05,5,66,076,2024,08,09,6,3,0,1,0,0,0,0,0,0,1,394154.485000000335276,5794745.708000000566244,7.448003119000020,52.292857245000050,0,05240802709500022851
05,5,54,012,2024,08,11,6,3,5,2,0,0,1,0,0,0,1,352524.587799999862909,5745983.027499999850988,6.859056588000044,51.845153313000026,0,05240816705000505219
05,5,66,004,2024,08,09,6,3,0,7,0,1,0,0,0,0,0,396232.834999999962747,5767094.112700000405312,7.486921535000022,52.044733773000075,0,05240802709000045500
05,5,54,056,2024,08,18,6,3,5,3,0,1,1,0,0,0,0,356484.148000000044703,5761940.981000000610948,6.909846598000058,51.989569184000061,0,05240802705000045292
05,5,54,048,2024,08,11,6,3,9,7,0,1,0,0,0,0,0,341003.321100000292063,5745237.357899999246001,6.692282879000061,51.835292573000061,0,05240802705000036637
05,5,13,000,2024,08,20,6,3,6,7,0,1,0,1,0,0,0,364846.601400000043213,5712852.130000000819564,7.050659952000046,51.550551999000049,0,05240802700000048858
05,5,13,000,2024,08,05,6,3,5,3,1,0,1,0,0,0,1,363711.779000000096858,5715353.067099999636412,7.033332971000050,51.572753285000033,0,05240802700000012969
05,5,66,048,2024,08,10,5,2,2,6,0,1,1,0,0,0,0,428981.701000000350177,5795956.270999999716878,7.958300065000060,52.309345179000047,0,05240801709700984513
05,5,66,076,2024,08,15,5,3,4,6,0,1,1,0,0,0,0,393335.496899999678135,5793292.546000000089407,7.436459158000048,52.279639051000061,0,05240801709500001066
05,5,54,012,2024,08,12,5,3,0,1,0,1,0,0,0,0,0,352745.048100000247359,5747928.108999999240041,6.861426027000050,51.862687895000079,0,05240801705000991816
05,5,54,004,2024,08,10,5,1,0,7,0,0,0,0,0,1,0,366258.284900000318885,5771850.396500000730157,7.048228934000065,52.081051589000026,0,05240801705000986403
05,5,54,064,2024,08,22,5,3,0,1,2,1,0,0,0,0,0,361578.658800000324845,5751164.298399999737740,6.988330072000053,51.894028355000046,1,05240801705000008681
05,5,15,000,2024,08,16,5,3,5,2,0,1,1,0,0,0,0,402432.789099999703467,5758371.786299999803305,7.579779150000036,51.967461884000045,1,05240801702100002480
05,5,62,036,2024,08,18,5,3,1,6,0,0,1,0,0,0,0,389315.860199999995530,5720659.462799999862909,7.400957953000045,51.626056300000073,1,05240801701930008565
05,5,62,008,2024,08,13,5,3,0,1,0,1,0,0,0,0,0,384861.484799999743700,5723848.624099999666214,7.335585427000069,51.653825767000058,1,05240801701910990888
05,5,62,024,2024,08,10,5,3,5,3,0,0,1,0,0,0,1,370072.767599999904633,5725393.103599999099970,7.121345985000062,51.664482092000071,0,05240801701500980508
05,5,62,020,2024,08,11,5,3,5,3,0,0,1,0,0,0,0,366578.262600000016391,5719632.288899999111891,7.073044485000025,51.611894169000038,0,05240801701200992907
05,5,15,000,2024,08,20,2,3,5,3,0,1,1,0,0,0,0,409492.156799999997020,5752354.337400000542402,7.684091009000042,51.914567305000048,0,05240805702100124790
05,5,70,008,2024,08,11,6,3,1,5,0,1,0,0,0,0,1,434107.439899999648333,5734151.480499999597669,8.045379640000021,51.754381124000076,0,05240830711300017929
05,5,70,052,2024,08,11,6,3,9,1,0,0,1,0,0,0,0,430341.104700000025332,5755170.957499999552965,7.986588377000032,51.942886039000030,0,05240830711100019866
05,5,54,008,2024,08,13,6,3,5,3,0,1,0,0,0,0,0,336622.094999999739230,5746520.367000000551343,6.628144762000034,51.845554207000077,0,05240830705000055111
05,5,54,020,2024,08,22,6,3,4,2,2,0,1,0,1,0,0,363942.257000000216067,5787192.574999999254942,7.008307576000050,52.218341501000054,0,05240830705000039409
05,5,54,008,2024,08,14,6,3,5,3,0,1,1,0,0,0,0,336155.782999999821186,5744862.385900000110269,6.622166461000063,51.830523170000049,0,05240830705000031128
05,5,15,000,2024,08,16,6,3,5,3,0,1,0,0,0,0,0,408658.066399999894202,5755620.030400000512600,7.671100673000069,51.943785292000030,0,05240830702100034651
05,5,15,000,2024,08,13,6,3,5,7,0,1,0,0,0,0,0,405212.911999999545515,5757224.910000000149012,7.620551207000062,51.957634324000026,0,05240830702100030165
05,5,15,000,2024,08,07,6,3,0,3,0,1,1,0,0,0,0,403516.032999999821186,5754916.153000000864267,7.596512261000044,51.936590591000027,1,05240830702100008775
05,5,62,028,2024,08,12,6,3,5,3,0,1,1,0,0,0,0,380080.190299999900162,5721836.196699999272823,7.267191366000077,51.634739668000066,0,05240830701920032965
05,5,62,004,2024,08,11,6,2,5,3,0,1,1,0,0,0,0,382388.388500000350177,5711173.985600000247359,7.304100813000048,51.539398862000041,0,05240830701800020250
05,5,13,000,2024,08,11,6,3,5,3,0,1,1,0,0,0,0,363161.730000000447035,5714019.688999999314547,7.025919881000050,51.560637939000060,0,05240830700000031472
05,5,13,000,2024,08,10,6,3,1,5,0,0,1,0,1,0,1,364298.220599999651313,5715411.785000000149012,7.041767431000039,51.573422406000077,0,05240830700000021639
05,5,13,000,2024,08,08,6,2,2,6,0,0,1,0,1,0,0,367771.256299999542534,5708400.483100000768900,7.094488828000067,51.511239382000042,1,05240830700000018593
05,5,70,020,2024,08,21,5,3,0,1,2,1,0,0,0,0,0,432943.021999999880791,5743739.078999999910593,8.026658534000035,51.840435182000078,0,05240829711400001316
05,5,70,004,2024,08,08,5,3,5,3,0,0,1,0,0,0,1,423898.069000000134110,5735250.797000000253320,7.897257914000022,51.762969488000067,0,05240829711200975777
05,5,66,076,2024,08,17,5,3,0,1,0,1,0,0,0,0,0,393407.288999999873340,5793460.937799999490380,7.437457858000073,52.281166345000031,0,05240829709500995018
05,5,66,012,2024,08,17,5,2,0,7,0,1,0,0,0,0,0,405640.779699999839067,5772028.329700000584126,7.622694294000041,52.090765102000034,0,05240829709110995412
05,5,54,048,2024,08,18,5,3,5,3,0,1,1,0,0,0,0,341282.622999999672174,5746508.958000000566244,6.695749755000065,51.846795970000073,0,05240829705000998210
05,5,54,048,2024,08,13,5,3,5,2,0,1,1,0,0,0,0,341415.424999999813735,5744474.185000000521541,6.698608725000042,51.828553416000034,0,05240829705000987338
05,5,66,060,2024,08,17,5,3,5,3,0,1,1,0,0,0,0,389405.190999999642372,5788129.492000000551343,7.380562572000031,52.232462162000047,0,05240829709500997029
05,5,66,028,2024,08,11,4,3,6,7,0,0,1,1,0,0,0,412050.961799999698997,5792221.334599999710917,7.710995750000052,52.273323978000064,0,05240828709700938041
05,5,66,056,2024,08,10,4,3,2,1,0,0,1,0,0,0,1,416731.222900000400841,5796771.777000000700355,7.778448682000032,52.314954232000048,0,05240828709700931224
05,5,66,076,2024,08,08,4,3,6,6,0,1,0,1,0,0,0,393898.347599999979138,5794475.043600000441074,7.444334151000021,52.290375329000028,0,05240828709500356649
05,5,66,084,2024,08,11,4,3,5,3,0,0,1,0,0,0,0,386012.443699999712408,5778933.468800000846386,7.333997984000064,52.149126952000074,0,05240828709300932761
05,5,66,012,2024,08,16,4,3,0,7,0,1,1,0,0,0,0,405026.314000000245869,5772078.203500000759959,7.613714239000046,52.091108267000038,0,05240828709110949437
05,5,66,008,2024,08,09,4,3,1,5,0,1,1,0,0,0,0,398472.711299999617040,5780556.724099999293685,7.515557294000075,52.166147587000069,0,05240828709110928990
05,5,58,016,2024,08,17,4,3,5,3,0,0,0,0,0,0,1,382385.410899999551475,5743275.353299999609590,7.293241264000073,51.827908554000032,0,05240828706100952177
05,5,58,024,2024,08,17,4,3,0,7,0,1,1,0,0,0,0,392941.340699999593198,5736827.637499999254942,7.448350465000033,51.772079456000029,0,05240828706000950730
05,5,58,028,2024,08,14,4,3,0,1,0,1,0,0,0,0,0,398282.143500000238419,5732976.186599999666214,7.526855829000056,51.738457251000057,0,05240828706000944690