ULAND,UREGBEZ,UKREIS,UGEMEINDE,UJAHR,UMONAT,USTUNDE,UWOCHENTAG,UKATEGORIE,UART,UTYP1,ULICHTVERH,IstRad,IstPKW,IstFuss,IstKrad,IstGkfz,IstSonstige,LINREFX,LINREFY,XGCSWGS84,YGCSWGS84,STRZUSTAND,UIDENTSTLAE
05,5,54,008,2024,08,15,4,3,5,3,0,0,1,0,0,0,0,336927.579400000162423,5747179.091199999675155,6.632264909000071,51.851561163000042,0,05240828705000949674
05,5,15,000,2024,08,13,4,3,5,3,0,1,1,0,0,0,0,404537.155799999833107,5758893.258700000122190,7.610256157000038,51.972514451000052,0,05240828702100938020
05,5,15,000,2024,08,11,4,3,6,7,0,1,0,1,0,0,0,405273.392699999734759,5757309.029999999329448,7.621407920000024,51.958400737000034,0,05240828702100936729
05,5,15,000,2024,08,07,4,3,5,3,0,1,0,0,0,0,0,406216.075500000268221,5755004.981799999251962,7.635751550000066,51.937850628000035,0,05240828702100925542
05,5,62,020,2024,08,16,4,3,1,5,0,1,1,0,0,0,0,367277.286100000143051,5719247.944900000467896,7.083279612000069,51.608605478000072,0,05240828701200949371
05,5,13,000,2024,08,17,4,2,5,3,0,1,1,0,0,0,0,368558.891300000250340,5715841.929600000381470,7.103052842000068,51.578297456000030,0,05240828700000051052
05,5,66,084,2024,08,10,3,3,0,7,0,0,1,0,0,0,1,384699.192999999970198,5779388.182000000029802,7.314658578000035,52.152940776000037,0,05240827709300886178
05,5,54,012,2024,08,12,3,3,3,6,0,1,1,0,0,0,0,352840.132199999876320,5747761.219799999147654,6.862876975000063,51.861213495000072,0,05240827705000899713
05,5,15,000,2024,08,18,3,3,0,7,0,1,1,0,0,0,0,408892.808199999853969,5756212.285099999979138,7.674357890000067,51.949147343000050,0,05240827702100909109
05,5,15,000,2024,08,17,3,3,0,2,0,1,0,0,0,0,0,407123.750000000000000,5756608.623999999836087,7.648518020000040,51.952417270000069,0,05240827702100906088
05,5,15,000,2024,08,11,3,3,5,3,0,1,1,0,0,0,0,405297.257299999706447,5756131.003799999132752,7.622079777000067,51.947816199000044,0,05240827702100894138
05,5,15,000,2024,08,08,3,3,5,7,0,1,0,0,0,0,0,405332.944799999706447,5758403.603000000119209,7.621972611000047,51.968249352000043,0,05240827702100116014
05,5,13,000,2024,08,17,3,3,6,7,0,1,0,1,0,0,0,366134.868800000287592,5708678.395199999213219,7.070816073000060,51.513351546000081,0,05240827700000906982
05,5,70,004,2024,08,14,2,3,5,3,0,1,1,0,0,0,0,424980.692999999970198,5734878.565999999642372,7.913022791000060,51.759769341000037,0,05240826711200854633
05,5,66,084,2024,08,16,2,3,7,1,0,1,1,0,0,0,0,385188.691800000146031,5779277.002900000661612,7.321847786000035,52.152043615000082,0,05240826709300864404
05,5,66,012,2024,08,11,2,2,8,1,0,0,1,0,0,1,0,404817.307000000029802,5774202.570000000298023,7.610070930000063,52.110166499000059,0,05240826709110845160
05,5,54,020,2024,08,20,2,3,5,3,1,0,1,0,0,0,1,366454.986999999731779,5786237.703999999910593,7.045443723000062,52.210376427000028,0,05240826705000864933
05,5,54,008,2024,08,14,2,3,5,6,0,1,0,0,0,0,0,334959.609899999573827,5744240.601800000295043,6.605119400000035,51.824585371000069,0,05240826705000853733
05,5,15,000,2024,08,13,2,3,0,1,0,1,0,0,0,0,0,404097.784599999897182,5755562.567099999636412,7.604791633000048,51.942501372000038,0,05240826702100849880
05,5,15,000,2024,08,13,2,3,1,5,0,1,1,0,0,0,0,406630.947800000198185,5757802.124099999666214,7.641024843000025,51.963062523000076,0,05240826702100848260
05,5,13,000,2024,08,14,2,2,6,4,0,0,1,1,0,0,0,364936.038900000043213,5716150.666899999603629,7.050681534000034,51.580215459000044,0,05240826700000855866
05,5,62,032,2024,08,07,5,3,5,3,0,0,1,0,0,0,0,374019.293999999761581,5715094.562999999150634,7.182081343000050,51.572827701000051,0,05240829701120970905
05,5,70,004,2024,08,19,1,3,0,1,0,0,1,1,0,0,0,423873.397300000302494,5736872.615700000897050,7.896544979000055,51.777545706000069,0,05240825711200818130
05,5,66,068,2024,08,17,1,2,0,7,0,1,0,0,0,0,0,375494.142099999822676,5785773.908700000494719,7.177835654000035,52.208325140000056,0,05240825709300816581
05,5,66,008,2024,08,21,1,3,0,5,2,0,1,0,0,0,1,400156.298600000329316,5781080.810599999502301,7.540010299000073,52.171165090000045,0,05240825709110820084
05,5,54,012,2024,08,14,1,2,8,1,0,0,0,0,0,0,1,352245.111600000411272,5748464.736899999901652,6.853941435000024,51.867377263000037,0,05240825705000815132
05,5,15,000,2024,08,01,1,3,4,6,2,0,0,1,1,0,0,404480.301400000229478,5760182.772800000384450,7.609069765000072,51.984095274000026,1,05240825702100804724
05,5,62,014,2024,08,17,1,3,0,7,0,0,1,0,0,0,1,357958.573099999688566,5715504.503499999642372,6.950307824000049,51.572693998000034,0,05240825701300933653
05,5,62,020,2024,08,16,1,3,0,1,0,0,0,0,1,0,0,372247.031000000424683,5713135.482000000774860,7.157233536000035,51.554822681000076,0,05240825701200815340
05,5,70,016,2024,08,11,7,3,2,6,0,0,1,0,0,0,0,411813.979399999603629,5739897.639200000092387,7.721018477000030,51.802967451000029,0,05240824711200792477
05,5,66,056,2024,08,19,7,3,0,6,0,1,1,0,0,0,0,416326.446600000374019,5797916.557900000363588,7.772227308000026,52.325182438000070,0,05240824709700802743
05,5,66,076,2024,08,18,7,3,5,3,0,1,0,0,0,0,1,392383.473000000230968,5793635.037000000476837,7.422400305000053,52.282531500000061,0,05240824709500451815
05,5,66,012,2024,08,20,7,2,6,4,1,0,0,1,0,0,1,400538.966000000014901,5776315.502000000327826,7.546999150000033,52.128404400000079,0,05240824709110801196
05,5,54,008,2024,08,15,7,3,5,2,2,1,1,0,0,0,0,335215.807000000029802,5746039.065999999642372,6.607977256000027,51.840817261000041,0,05240824705000796467
05,5,54,008,2024,08,14,7,3,0,1,0,0,0,0,1,0,0,335830.025500000454485,5744552.371700000017881,6.617590247000066,51.827642544000071,0,05240824705000796255
05,5,54,020,2024,08,00,7,2,9,1,2,1,0,0,0,0,0,365809.184399999678135,5784460.621999999508262,7.036701860000051,52.194251824000048,1,05240824705000785939
05,5,54,008,2024,08,18,7,3,3,6,0,1,0,0,0,0,1,336301.849399999715388,5746266.236400000751019,6.623620158000051,51.843177440000034,0,05240824705000224685
05,5,62,016,2024,08,22,7,3,0,1,2,1,0,0,0,0,0,374506.790000000037253,5734008.760999999940395,7.182322369000076,51.742917806000037,1,05240824701700803894
05,5,62,016,2024,08,17,7,3,2,6,0,0,0,0,1,0,0,376391.184700000099838,5731982.969299999997020,7.210321440000030,51.725130910000075,0,05240824701700799676
05,5,62,028,2024,08,12,4,3,4,6,0,1,0,0,0,0,0,379161.247999999672174,5722337.254000000655651,7.253746529000068,51.639046188000066,0,05240828701920947600
05,5,66,040,2024,08,14,6,2,9,1,0,0,0,0,0,0,1,423218.540400000289083,5781626.906400000676513,7.877039442000068,52.179765021000037,0,05240823709800777077
05,5,58,028,2024,08,13,6,3,4,7,0,0,1,0,1,0,0,399273.869199999608099,5732036.564200000837445,7.541485549000072,51.730190623000055,0,05240823706300776047
05,5,58,016,2024,08,11,6,1,4,7,0,0,1,0,1,0,0,381345.383899999782443,5746502.280200000852346,7.277049245000057,51.856689456000026,0,05240823706000768939
05,5,15,000,2024,08,10,6,3,0,7,0,1,0,0,0,0,1,405724.215099999681115,5757590.364600000903010,7.627889656000036,51.961006115000032,1,05240823702100887314
05,5,15,000,2024,08,13,6,3,5,3,0,1,0,0,0,0,0,405136.751000000163913,5757672.334000000730157,7.619319611000037,51.961642966000056,0,05240823702100771844
05,5,15,000,2024,08,07,6,3,5,3,1,1,1,0,0,0,0,405852.189799999818206,5754447.436400000005960,7.630612434000057,51.932777690000080,0,05240823702100768043
05,5,13,000,2024,08,17,6,3,5,3,0,1,1,0,0,0,0,369131.883899999782443,5708397.872899999842048,7.114085933000069,51.511532710000040,0,05240823700000780612
05,5,13,000,2024,08,13,6,3,2,6,0,0,1,0,0,0,0,366795.783999999985099,5707085.671000000089407,7.080936608000059,51.499194472000056,0,05240823700000772881
05,5,66,076,2024,08,14,5,3,5,3,0,1,1,0,0,0,0,393975.770999999716878,5795452.323999999091029,7.445161288000065,52.299173282000027,0,05240822709500736201
05,5,66,076,2024,08,12,5,3,1,5,0,0,1,1,0,0,0,391569.751299999654293,5792415.303799999877810,7.410868752000056,52.271409746000074,0,05240822709500724867
05,5,66,008,2024,08,18,5,3,3,2,0,0,1,0,0,0,1,399564.025000000372529,5781328.813999999314547,7.531279286000029,52.173286601000029,0,05240822709110739193
05,5,54,008,2024,08,16,5,3,6,4,0,0,1,1,0,0,0,335909.425599999725819,5745105.434200000017881,6.618479236000042,51.832634276000078,0,05240822705000740378
05,5,54,020,2024,08,07,5,3,5,3,0,1,0,0,0,0,0,364999.839999999850988,5783393.463400000706315,7.025293253000029,52.184465505000048,0,05240822705000710836
05,5,15,000,2024,08,13,5,3,2,6,0,1,0,0,0,0,0,407123.750000000000000,5756608.623999999836087,7.648518020000040,51.952417270000069,0,05240822702100738048
05,5,15,000,2024,08,14,5,3,0,7,0,1,0,0,0,0,0,406195.631000000052154,5752280.557000000029802,7.636196762000054,51.913358630000062,0,05240822702100731788
05,5,62,012,2024,08,08,5,3,8,1,0,0,1,0,0,0,0,363598.811499999836087,5732384.319900000467896,7.025062053000056,51.725771691000034,0,05240822701620720980
05,5,66,092,2024,08,12,3,3,8,1,0,0,0,0,1,0,0,424149.757299999706447,5796089.078900000080466,7.887408976000074,52.309892746000060,0,05240827709700892933
05,5,70,004,2024,08,22,4,3,5,7,2,1,1,0,0,0,0,424474.550999999977648,5735735.198000000789762,7.905504366000059,51.767402154000081,0,05240821711200702643
05,5,70,004,2024,08,20,4,3,5,3,0,0,1,0,0,0,0,423899.960799999535084,5735253.007200000807643,7.897284837000029,51.762989614000048,0,05240821711200700156
05,5,66,008,2024,08,16,4,3,5,3,0,0,1,0,1,0,0,398991.041000000201166,5780843.914999999105930,7.523047642000051,52.168823880000048,0,05240821709110696599
05,5,66,008,2024,08,07,4,3,5,3,0,1,1,0,0,0,0,400103.186999999918044,5780124.685000000521541,7.539515369000071,52.162562033000029,0,05240821709110668134
05,5,66,020,2024,08,10,4,3,5,6,0,1,1,0,0,0,0,404445.395100000314415,5804579.708100000396371,7.596048784000061,52.383128904000046,0,05240821709000676798
05,5,54,016,2024,08,17,4,3,5,3,0,1,0,0,0,0,0,363172.033999999985099,5757805.870999999344349,7.008831453000028,51.954100627000059,0,05240821705000703443
05,5,54,068,2024,08,10,4,3,0,1,0,1,0,0,0,0,0,351297.942200000397861,5767664.836300000548363,6.831886995000048,52.039631061000080,0,05240821705000675950
05,5,15,000,2024,08,12,4,3,0,7,0,1,0,0,0,0,0,406516.543300000019372,5758204.965099999681115,7.639250541000024,51.966664224000056,0,05240821702100682991
05,5,15,000,2024,08,09,4,3,5,2,0,1,0,0,0,0,1,405162.697700000368059,5756626.998400000855327,7.619985692000057,51.952251484000044,0,05240821702100601880
05,5,62,024,2024,08,15,4,2,0,1,0,1,0,0,0,0,0,367847.440799999982119,5725453.385500000789762,7.089165687000047,51.664504891000036,0,05240821701500693229
05,5,70,004,2024,08,16,3,3,6,4,0,1,0,1,0,0,0,423899.156200000084937,5735252.067199999466538,7.897273386000052,51.762981055000068,0,05240820711200650878
05,5,62,032,2024,08,16,4,3,5,3,0,1,1,0,0,0,0,375873.192999999970198,5715806.143699999898672,7.208567706000053,51.579634055000042,0,05240821701120694802
05,5,70,032,2024,08,13,3,3,3,6,0,1,1,0,0,0,0,420314.457999999634922,5765956.981000000610948,7.838242318000027,52.038497218000032,0,05240820711100649783
05,5,54,016,2024,08,16,4,3,4,3,0,1,0,0,0,0,0,362278.947599999606609,5757803.466399999335408,6.995844474000023,51.953858589000049,0,05240821705000694851
05,5,66,088,2024,08,12,3,3,8,1,0,1,0,0,0,0,0,418787.022800000384450,5787147.059200000017881,7.810917488000030,52.228749471000071,0,05240820709800651861
05,5,66,016,2024,08,17,3,3,6,5,0,0,1,1,0,0,0,403844.152999999932945,5795226.487999999895692,7.589895001000059,52.298959681000042,0,05240820709500652482
05,5,66,076,2024,08,10,3,3,0,3,0,1,0,0,0,0,1,396253.525999999605119,5787287.291999999433756,7.481061532000069,52.226225890000080,0,05240820709500630860
05,5,66,008,2024,08,18,3,3,0,1,0,1,0,0,0,0,0,399760.019500000402331,5780957.452999999746680,7.534254101000045,52.169984541000076,0,05240820709110653661
05,5,54,028,2024,08,18,3,3,2,6,0,1,1,0,0,0,0,357710.120000000111759,5744209.139000000432134,6.935012274000030,51.830559884000081,0,05240820705000670711
05,5,54,008,2024,08,08,3,3,5,3,0,1,0,0,0,0,0,335610.894999999552965,5745853.347999999299645,6.613795266000068,51.839265321000028,0,05240820705000624183
05,5,15,000,2024,08,08,3,3,0,6,0,1,1,0,0,0,0,405995.025000000372529,5752908.809000000357628,7.633109589000071,51.918971866000049,0,05240820702100641515
05,5,62,036,2024,08,16,3,3,5,3,0,1,0,0,0,0,0,388062.138700000010431,5720393.791300000622869,7.382938205000073,51.623420448000047,0,05240820701930651725
05,5,62,014,2024,08,07,3,3,0,7,0,0,1,0,0,0,1,361694.173100000247359,5714966.324699999764562,7.004389608000054,51.568786621000072,0,05240820701300642916
05,5,13,000,2024,08,15,3,2,3,2,0,1,0,0,0,0,0,363222.729500000365078,5710374.608400000259280,7.028216117000056,51.527896850000047,0,05240820700000650829
05,5,13,000,2024,08,11,3,3,4,3,0,1,1,0,0,0,0,369681.269999999552965,5716192.398000000044703,7.119111422000060,51.581707639000058,0,05240820700000638762
05,5,66,084,2024,08,19,3,2,3,6,0,1,0,0,0,0,0,384389.774699999950826,5779111.479699999094009,7.310232139000050,52.150389410000059,0,05240820709300655421
05,5,58,012,2024,08,08,3,3,1,5,0,1,1,0,0,0,0,372928.136300000362098,5755604.125900000333786,7.151536514000043,51.936629696000068,0,05240820706200624762
05,5,66,084,2024,08,19,2,3,5,7,0,0,1,0,0,0,0,390309.069699999876320,5775491.487400000914931,7.397879172000046,52.119063174000075,0,05240819709300616206
05,5,58,012,2024,08,15,2,3,0,3,0,1,1,0,0,0,0,374279.072999999858439,5756084.129000000655651,7.171001714000056,51.941250062000051,0,05240819706000602000
05,5,54,008,2024,08,14,2,3,3,2,0,1,1,0,0,0,0,336669.853000000119209,5745688.760999999940395,6.629230115000041,51.838097449000031,0,05240819705000686699
05,5,54,008,2024,08,17,2,3,0,5,0,1,1,0,0,0,0,335744.286000000312924,5744107.817999999970198,6.616558068000074,51.823623723000026,0,05240819705000606689
05,5,15,000,2024,08,11,2,3,0,2,0,1,0,0,1,0,0,408685.731999999843538,5756387.288000000640750,7.671299237000028,51.950686420000068,0,05240819702100589003
05,5,62,028,2024,08,21,2,3,1,5,2,0,1,0,0,0,1,379067.864099999889731,5721460.282800000160933,7.252700678000053,51.631144484000060,0,05240819701920612287
05,5,62,024,2024,08,10,2,3,5,2,0,0,1,0,0,0,1,370282.538700000382960,5725200.015699999406934,7.124449042000037,51.662795340000059,0,05240819701500582893
05,5,13,000,2024,08,07,2,3,2,7,0,0,1,0,0,0,1,368263.457299999892712,5706725.947300000116229,7.102203032000034,51.496305665000079,0,05240819700000577735
05,5,15,000,2024,08,14,5,3,0,7,0,1,1,0,0,0,0,405978.029099999926984,5757776.285700000822544,7.631531684000038,51.962720238000031,0,05240829702100035920
05,5,13,000,2024,08,07,5,3,5,2,0,1,1,0,0,0,0,365063.953900000080466,5715927.218599999323487,7.052612382000063,51.578238100000078,0,05240822700000709340
05,5,66,076,2024,08,00,1,3,5,3,2,1,1,0,0,0,0,392075.953999999910593,5794328.220000000670552,7.417672140000036,52.288700901000027,0,05240818709300549596
05,5,66,008,2024,08,01,1,3,7,7,2,1,0,0,0,0,1,399189.287999999709427,5782069.224999999627471,7.525581241000054,52.179872863000071,0,05240818709110550085
05,5,54,008,2024,08,19,1,3,6,7,0,0,1,1,0,0,0,334386.939399999566376,5743732.382999999448657,6.597060367000040,51.819850446000032,0,05240818705000564020
05,5,15,000,2024,08,19,1,3,1,5,0,1,1,0,0,0,0,399551.620299999602139,5756677.203700000420213,7.538349968000034,51.951717645000031,0,05240818702100565278
05,5,62,004,2024,08,16,1,3,0,1,0,0,1,0,1,0,0,383713.511099999770522,5712736.358699999749660,7.322683155000050,51.553715722000049,0,05240818701800562468
05,5,62,024,2024,08,17,1,3,0,1,0,0,0,0,1,0,0,368042.223199999891222,5725000.623299999162555,7.092151369000021,51.660481922000031,0,05240818701500561703
05,5,62,032,2024,08,04,1,3,8,1,2,0,1,0,0,0,0,376196.175400000065565,5717901.790100000798702,7.212487413000076,51.598539111000036,1,05240818701120552968
05,5,13,000,2024,08,01,1,3,8,1,2,0,1,0,0,0,0,370042.146300000138581,5708720.368200000375509,7.127077088000021,51.514641046000065,1,05240818700000550082
05,5,15,000,2024,08,09,6,3,0,5,0,1,1,0,0,0,0,408520.054700000211596,5753769.687400000169873,7.669585462000043,51.927130565000027,0,05240823702100763679
05,5,70,052,2024,09,07,6,3,5,3,0,1,1,0,0,0,0,430483.616000000387430,5757165.373900000005960,7.988257859000043,51.960832931000027,0,05240913711100519943
05,5,54,032,2024,09,20,6,3,1,5,2,1,1,0,0,0,0,325238.944099999964237,5745250.319599999114871,6.463699319000057,51.830699669000069,0,05240913705000549308
05,5,54,020,2024,09,16,6,3,7,1,0,0,1,0,0,0,0,364469.368099999614060,5786950.528400000184774,7.016115652000053,52.216296579000073,0,05240913705000544479
05,5,15,000,2024,09,13,6,3,5,2,0,1,1,0,0,0,0,403881.508999999612570,5761611.551999999210238,7.599952612000038,51.996834271000068,0,05240913702100540876
05,5,15,000,2024,09,13,6,3,0,5,0,1,1,0,0,0,0,408683.451000000350177,5757560.897800000384450,7.670954129000052,51.961235161000047,0,05240913702100539663
05,5,62,008,2024,09,14,6,3,5,3,0,0,1,0,0,0,0,384038.738599999807775,5723868.641499999910593,7.323690833000057,51.653836557000034,0,05240913701910543244
05,5,62,004,2024,09,10,6,3,5,2,0,0,1,0,0,0,1,383151.945000000298023,5711883.162000000476837,7.314870294000059,51.545931363000079,0,05240913701800529845
05,5,62,012,2024,09,23,6,2,9,1,2,0,0,0,1,0,0,364789.303999999538064,5733749.764000000432134,7.041757785000073,51.738330067000049,0,05240913701620552869
05,5,13,000,2024,09,12,6,3,6,4,0,0,1,1,0,0,0,365676.775200000032783,5712291.768699999898672,7.062840246000064,51.545714553000039,0,05240913700000538145
05,5,70,008,2024,09,15,5,3,5,3,0,1,1,0,0,0,0,434272.868999999947846,5734784.867000000551343,8.047656158000052,51.760094762000051,0,05240912711300508245
05,5,70,036,2024,09,11,5,3,5,2,0,1,1,0,0,0,0,434071.774500000290573,5760392.733699999749660,8.039851792000036,51.990283106000049,0,05240912711100492976
05,5,66,008,2024,09,06,5,3,5,2,0,0,1,0,1,0,0,400320.220999999903142,5780670.498800000175834,7.542526985000052,52.167506930000059,0,05240912709110477347
05,5,58,016,2024,09,09,5,3,5,7,0,1,1,0,0,0,0,381567.072300000116229,5743638.897900000214577,7.281247334000057,51.831002908000073,0,05240912706100482507
05,5,54,008,2024,09,17,5,3,5,3,0,1,1,0,0,0,0,336165.847000000067055,5746073.366000000387430,6.621739020000064,51.841404913000076,1,05240912705000506293
05,5,54,068,2024,09,15,5,3,5,2,0,0,1,0,0,0,1,350351.653300000354648,5768756.700200000777841,6.817622682000035,52.049186183000074,0,05240912705000505310
05,5,62,008,2024,09,17,5,3,5,3,0,1,1,0,0,0,0,385030.172000000253320,5724449.278000000864267,7.337825294000027,51.659258790000081,0,05240912701910507370
05,5,62,004,2024,09,16,5,3,6,2,0,0,1,1,0,0,0,382964.813000000081956,5711947.652799999341369,7.312151368000059,51.546472210000047,0,05240912701800508229
05,5,62,004,2024,09,10,5,3,1,2,0,1,1,0,0,0,0,382701.038300000131130,5715657.101099999621511,7.307111185000053,51.579756868000061,0,05240912701800488047
05,5,62,024,2024,09,15,5,3,6,7,0,0,1,1,0,0,0,368482.088499999605119,5724392.638499999418855,7.098735899000076,51.655121354000073,0,05240912701500501690
05,5,13,000,2024,09,12,5,3,3,6,0,0,1,0,0,0,1,367352.492999999783933,5709643.969000000506639,7.087989762000063,51.522316050000029,0,05240912700000493190
05,5,13,000,2024,09,10,5,3,6,2,0,0,1,1,0,0,0,368110.623999999836087,5708231.351999999955297,7.099439730000029,51.509798760000081,0,05240912700000484006
05,5,70,028,2024,09,17,4,3,1,6,0,1,1,0,0,0,0,441712.853299999609590,5742748.697000000625849,8.154104627000038,51.832515784000066,1,05240911711400468855
05,5,70,052,2024,09,12,4,3,5,3,0,1,0,0,0,0,0,430796.350399999879301,5756811.208900000900030,7.992879989000073,51.957688133000033,0,05240911711100452019
05,5,66,072,2024,09,10,4,3,5,3,0,0,1,0,0,0,1,411061.951399999670684,5803585.699699999764562,7.693498879000060,52.375309244000050,1,05240911709700446759
05,5,54,056,2024,09,07,4,3,5,3,0,1,1,0,0,0,0,356902.782200000248849,5762521.514399999752641,6.915696910000065,51.994893290000050,0,05240911705000437890
05,5,13,000,2024,09,11,4,3,0,7,0,0,1,1,0,0,0,364629.894700000062585,5718308.763100000098348,7.045433468000056,51.599535434000074,0,05240911700000455663
05,5,70,028,2024,09,15,3,3,2,6,0,1,1,0,0,0,0,441148.760800000280142,5741746.948200000450015,8.146089507000056,51.823450685000068,0,05240910711400424451
05,5,66,060,2024,09,15,3,3,3,1,0,1,0,0,0,0,1,389092.298600000329316,5787591.498999999836087,7.376159345000076,52.227564290000032,0,05240910709500417884
05,5,58,012,2024,09,15,3,3,5,3,0,1,1,0,0,0,0,373809.849999999627471,5753719.635999999940395,7.165046307000068,51.919895450000070,0,05240910706000417945
05,5,54,004,2024,09,13,3,3,0,7,0,0,1,0,0,0,1,357359.111100000329316,5771280.258999999612570,6.918686280000031,52.073707819000049,0,05240910705000420546
05,5,54,008,2024,09,16,3,3,2,6,0,0,1,0,0,0,0,336158.939799999818206,5744880.682099999859929,6.622203572000046,51.830688460000033,0,05240910705000418990
05,5,54,004,2024,09,13,3,2,0,1,0,1,0,0,0,0,0,362908.627000000327826,5770433.656999999657273,6.999946416000057,52.067502395000076,0,05240910705000417330
05,5,62,024,2024,09,20,3,3,5,3,2,0,1,0,0,0,0,367392.391699999570847,5725673.351399999111891,7.082506481000053,51.666374401000041,0,05240910701500426530
05,5,62,024,2024,09,16,3,3,4,5,0,0,1,0,1,0,0,370748.293600000441074,5727554.689099999144673,7.130308036000031,51.684063331000061,0,05240910701500420647
05,5,70,052,2024,09,07,2,3,8,7,0,0,1,0,0,0,0,429120.293300000019372,5755335.170600000768900,7.968796995000048,51.944208049000054,0,05240909711100341625
05,5,66,084,2024,09,14,2,3,1,7,0,0,1,0,0,0,0,385829.128600000403821,5778893.060100000351667,7.331333524000058,52.148725937000052,0,05240909709300375374
05,5,66,068,2024,09,00,2,3,0,1,2,1,0,0,0,0,0,377405.419700000435114,5785627.816199999302626,7.205845447000058,52.207440795000082,0,05240909709300335905
05,5,58,024,2024,09,11,2,3,0,2,0,1,1,0,0,0,0,391547.114099999889731,5736135.787900000810623,7.428367481000066,51.765592771000058,0,05240909706300355599
05,5,58,016,2024,09,05,2,3,5,3,1,0,1,0,0,0,0,381079.452999999746680,5743526.341000000014901,7.274212912000053,51.829887747000043,0,05240909706000344877
05,5,54,020,2024,09,18,2,3,5,3,0,0,1,0,0,0,1,364261.446000000461936,5786356.735999999567866,7.013312214000052,52.210910039000055,0,05240909705000378148
05,5,54,020,2024,09,16,2,3,5,7,0,0,1,0,1,0,0,365904.276700000278652,5785994.315400000661612,7.037485074000074,52.208055765000040,0,05240909705000375627
05,5,54,008,2024,09,11,2,3,5,3,0,1,1,0,0,0,0,335674.959999999962747,5745369.601999999955297,6.614954077000050,51.834938485000066,1,05240909705000356196
05,5,54,012,2024,09,10,2,3,2,6,0,0,1,0,0,0,0,352359.476999999955297,5747645.607999999076128,6.855951349000065,51.860047776000044,1,05240909705000351375
05,5,62,004,2024,09,18,2,3,5,3,0,0,1,0,0,0,0,384075.017199999652803,5717778.511199999600649,7.326230931000055,51.599107848000074,1,05240909701800379496
05,5,62,004,2024,09,13,2,3,6,2,0,0,1,1,0,0,0,383168.599100000225008,5716209.948400000110269,7.313672031000067,51.584822809000059,1,05240909701800367534
05,5,62,024,2024,09,06,2,3,5,3,1,0,1,0,0,0,1,370247.168700000271201,5725213.881200000643730,7.123932784000033,51.662911780000059,0,05240909701500339023
05,5,12,000,2024,09,10,2,2,6,4,0,0,0,1,0,0,1,356339.181200000457466,5710942.822000000625849,6.928819056000066,51.531293504000075,0,05240909701400350172
05,5,62,020,2024,09,16,2,3,5,3,0,1,1,0,0,0,0,369623.166100000031292,5719659.340800000354648,7.116984845000047,51.612850648000062,0,05240909701200376960
05,5,62,014,2024,09,20,1,3,3,2,0,0,1,0,0,0,0,360740.858000000007451,5713401.210999999195337,6.991263319000041,51.554487719000065,0,05240908701300336172
05,5,62,032,2024,09,14,1,3,5,2,0,1,1,0,0,0,0,374023.014499999582767,5715094.335599999874830,7.182135083000048,51.572826489000079,0,05240908701120365071
05,5,70,008,2024,09,19,7,3,1,5,0,1,1,0,0,0,0,434580.891200000420213,5733707.916999999433756,8.052321232000054,51.750448940000069,0,05240907711300313687
05,5,70,052,2024,09,18,7,2,0,7,0,1,0,0,0,0,0,429940.384999999776483,5755869.773000000044703,7.980617200000040,51.949117804000082,0,05240907711100325090
05,5,70,036,2024,09,14,7,3,5,3,0,1,1,0,0,0,0,434155.509999999776483,5760035.473999999463558,8.041139693000048,51.987081377000038,0,05240907711100308342
05,5,58,012,2024,09,13,7,3,0,1,0,1,0,0,0,0,0,369952.883799999952316,5758258.536199999973178,7.107277720000070,51.959795266000071,0,05240907706000307318
05,5,54,004,2024,09,20,7,3,0,1,2,1,0,0,0,0,0,362864.706500000320375,5771666.769700000062585,6.998810561000028,52.078571484000065,0,05240907705000318585
05,5,54,008,2024,09,23,7,2,7,1,1,1,0,0,0,0,0,336029.038399999961257,5745754.112299999222159,6.619906236000077,51.838496764000070,0,05240907705000317595
05,5,54,048,2024,09,18,7,3,5,3,0,0,1,0,0,0,1,341275.073400000110269,5745698.101600000634789,6.696012349000057,51.839509153000051,0,05240907705000314578
05,5,54,060,2024,09,19,7,3,3,6,1,1,0,0,0,0,0,353749.708300000056624,5757068.980399999767542,6.872126895000065,51.945082038000066,0,05240907705000314235
05,5,15,000,2024,09,13,7,3,1,7,0,0,1,0,1,0,0,405316.493900000117719,5755952.165100000798702,7.622408840000048,51.946211993000077,0,05240907702100307784
05,5,62,012,2024,09,09,7,2,0,1,0,1,0,0,0,0,0,359300.777599999681115,5725346.725600000470877,6.965711182000064,51.661471638000080,0,05240907701610303810
05,5,62,014,2024,09,11,7,3,0,7,0,0,0,0,0,0,1,361516.076000000350177,5715878.458000000566244,7.001461982000023,51.576939468000035,0,05240907701300870333
05,5,62,032,2024,09,16,7,3,5,3,0,0,1,0,1,0,0,378228.830000000074506,5716990.956000000238419,7.242136540000047,51.590796247000071,0,05240907701120310779
05,5,66,076,2024,09,07,6,3,5,3,0,1,1,0,0,0,0,394509.937900000251830,5793810.007799999788404,7.453505928000027,52.284516247000056,0,05240906709500264370
05,5,54,008,2024,09,22,6,3,3,2,2,1,1,0,0,0,0,337691.599999999627471,5745594.866000000387430,6.644091450000076,51.837551798000050,0,05240906705000297162