ULAND,UREGBEZ,UKREIS,UGEMEINDE,UJAHR,UMONAT,USTUNDE,UWOCHENTAG,UKATEGORIE,UART,UTYP1,ULICHTVERH,IstRad,IstPKW,IstFuss,IstKrad,IstGkfz,IstSonstige,LINREFX,LINREFY,XGCSWGS84,YGCSWGS84,STRZUSTAND,UIDENTSTLAE
05,5,54,008,2024,09,16,6,3,5,2,0,1,1,0,0,0,0,336579.789599999785423,5746716.742300000041723,6.627438358000063,51.847305960000028,0,05240906705000291224
05,5,54,004,2024,09,09,6,3,0,5,0,1,1,1,0,0,0,363816.909400000236928,5771862.882400000467896,7.012618514000053,52.080568655000036,0,05240906705000263118
05,5,15,000,2024,09,18,6,3,6,4,0,0,1,1,0,0,0,406908.944799999706447,5761424.064799999818206,7.644087134000074,51.995664855000030,0,05240906702100294692
05,5,15,000,2024,09,16,6,3,3,7,0,1,1,0,0,0,0,404754.648000000044703,5760133.962999999523163,7.613077007000072,51.983703659000071,0,05240906702100290210
05,5,15,000,2024,09,12,6,3,3,6,0,0,1,0,0,0,0,406317.659900000318885,5757717.712899999693036,7.636489394000023,51.962251092000031,0,05240906702100278749
05,5,15,000,2024,09,08,6,3,0,3,0,1,1,0,0,0,0,405295.657999999821186,5756131.042999999597669,7.622056504000057,51.947816279000051,0,05240906702100260829
05,5,12,000,2024,09,08,6,3,5,3,0,1,1,0,0,0,0,354843.415699999779463,5715799.475299999117851,6.905265459000020,51.574551079000059,0,05240906701400261519
05,5,62,014,2024,09,20,6,3,5,3,2,0,1,0,0,0,0,361410.139999999664724,5713341.820000000298023,7.000934409000024,51.554118833000075,1,05240906701300295845
05,5,13,000,2024,09,07,6,3,4,6,1,1,0,0,0,0,0,366299.152800000272691,5714244.928099999204278,7.071067921000065,51.563414507000061,0,05240906700000328365
05,5,13,000,2024,09,14,6,2,4,2,0,1,1,0,0,0,0,368373.355000000447035,5709509.853000000119209,7.102746079000042,51.521349619000034,0,05240906700000290451
05,5,70,016,2024,09,20,5,3,4,4,1,0,0,1,0,0,1,409940.508999999612570,5738790.816700000315905,7.694142129000056,51.792719678000026,0,05240905711200272585
05,5,66,076,2024,09,17,5,2,2,6,0,1,0,0,0,0,0,394332.045599999837577,5794446.340600000694394,7.450699520000057,52.290200942000070,0,05240905709110248181
05,5,58,012,2024,09,11,5,3,1,5,0,1,1,0,0,0,0,374356.923999999649823,5754730.413000000640750,7.172628092000025,51.929102505000060,0,05240905706000237749
05,5,54,008,2024,09,17,5,3,3,6,0,1,0,0,0,0,0,336559.751299999654293,5744392.388499999418855,6.628245630000038,51.826419272000066,0,05240905705000245965
05,5,54,008,2024,09,15,5,3,3,2,0,1,1,0,0,0,0,335844.100999999791384,5745830.529999999329448,6.617188053000064,51.839128931000062,0,05240905705000243707
05,5,54,032,2024,09,13,5,3,8,6,0,1,0,0,0,0,0,325276.446000000461936,5745660.880999999120831,6.464035746000036,51.834399227000063,0,05240905705000236921
05,5,62,032,2024,09,20,5,3,5,2,1,0,1,0,1,0,0,375279.985100000165403,5718492.828099999576807,7.199056051000071,51.603648721000070,0,05240905701110250099
05,5,62,024,2024,09,14,5,3,5,2,0,1,1,0,0,0,0,369080.536899999715388,5726042.568099999800324,7.106764099000031,51.670088252000028,0,05240905701500243216
05,5,66,076,2024,09,15,4,3,5,5,0,1,1,0,0,0,0,392517.518899999558926,5792778.150399999693036,7.424637691000044,52.274856779000061,1,05240904709500201772
05,5,58,032,2024,09,15,4,3,6,3,0,1,0,1,0,0,0,386496.089300000108778,5753908.102800000458956,7.349369740000043,51.924319870000033,1,05240904706000200820
05,5,58,032,2024,09,11,4,3,5,3,0,1,1,0,0,0,0,387266.915699999779463,5754445.933000000193715,7.360398338000039,51.929310176000058,1,05240904706000186162
05,5,58,016,2024,09,08,4,3,0,2,0,1,1,0,0,0,0,381672.597500000149012,5744392.190899999812245,7.282520423000051,51.837795244000063,1,05240904706000180148
05,5,54,008,2024,09,12,4,3,0,1,0,0,0,0,1,0,0,337086.583899999968708,5745566.530099999159575,6.635331033000057,51.837121095000043,1,05240904705000190768
05,5,54,020,2024,09,09,4,2,0,3,0,0,1,0,1,0,0,365505.888399999588728,5786276.098300000652671,7.031546375000062,52.210490602000050,1,05240904705000175223
05,5,15,000,2024,09,12,4,3,5,3,0,1,1,0,0,0,0,405797.850899999961257,5756392.794900000095367,7.629289381000035,51.950254300000040,0,05240904702100219763
05,5,15,000,2024,09,21,4,3,0,1,2,1,0,0,0,0,0,406128.618999999947846,5758081.206000000238419,7.633639462000076,51.965486447000046,1,05240904702100211072
05,5,15,000,2024,09,20,4,2,0,1,2,1,1,0,0,0,0,405331.065000000409782,5752033.069000000134110,7.623698927000021,51.910987796000029,1,05240904702100207359
05,5,15,000,2024,09,19,4,3,5,3,0,1,1,0,0,0,0,405785.345999999903142,5757383.955900000408292,7.628835708000054,51.959161184000038,0,05240904702100204743
05,5,62,012,2024,09,21,4,3,8,1,2,0,1,0,0,0,0,363711.838000000454485,5732238.151000000536442,7.026754711000024,51.724485694000066,1,05240904701620209324
05,5,13,000,2024,09,12,4,3,2,6,0,0,1,0,0,0,0,368403.069699999876320,5709115.526599999517202,7.103321388000040,51.517812824000032,1,05240904700000187738
05,5,13,000,2024,09,11,4,2,6,4,0,0,1,1,0,0,0,367680.536000000312924,5708435.403999999165535,7.093169156000044,51.511531968000043,1,05240904700000186829
05,5,70,004,2024,09,15,3,3,5,4,0,1,0,1,0,0,0,423939.547699999995530,5735607.920600000768900,7.897780646000058,51.766185542000073,0,05240903711200157565
05,5,66,032,2024,09,15,3,3,9,1,0,1,0,0,0,0,0,413906.984000000171363,5777342.764000000432134,7.741974095000046,52.139882223000029,0,05240903709800159567
05,5,66,076,2024,09,23,3,3,8,7,2,1,0,0,0,0,0,391741.603000000119209,5793872.552999999374151,7.412918461000061,52.284540024000080,0,05240903709500165717
05,5,66,076,2024,09,13,3,3,5,3,0,1,0,0,0,0,0,394374.752999999560416,5795493.049000000581145,7.450997237000024,52.299616150000077,0,05240903709500156903
05,5,54,036,2024,09,13,3,3,5,2,0,1,1,0,0,0,0,370401.589999999850988,5765757.676999999210238,7.110969686000033,52.027287942000044,0,05240903705000149211
05,5,15,000,2024,09,14,3,3,3,1,0,1,0,0,0,0,0,401164.254900000058115,5757557.172900000587106,7.561554635000050,51.959915889000058,0,05240903702100155787
05,5,62,012,2024,09,14,3,2,8,1,0,0,0,0,1,0,0,359490.689000000245869,5731186.921000000089407,6.966103800000042,51.713997832000075,0,05240903701620154591
05,5,62,012,2024,09,13,3,3,5,3,0,1,1,0,0,0,0,362966.783999999985099,5730978.497999999672174,7.016469911000058,51.712984878000043,0,05240903701620151433
05,5,62,012,2024,09,09,3,3,0,3,0,1,1,0,0,0,0,358077.859000000171363,5735889.872999999672174,6.943749230000037,51.755900904000043,0,05240903701620134445
05,5,62,020,2024,09,13,3,3,8,7,0,0,1,0,0,0,0,372043.713299999944866,5718549.549300000071526,7.152329762000022,51.603432452000050,0,05240903701200155608
05,5,58,040,2024,09,11,3,3,9,5,0,0,1,0,0,0,0,377466.031799999997020,5764402.944199999794364,7.214370545000065,52.016719130000070,0,05240903706000146478
05,5,70,004,2024,09,22,2,3,8,1,2,0,1,0,0,0,0,421656.508999999612570,5732749.914999999105930,7.865347292000024,51.740178474000061,1,05240902711200120193
05,5,70,052,2024,09,21,2,3,7,7,2,0,0,0,1,0,0,432139.332700000144541,5754995.235899999737740,8.012779788000046,51.941528607000066,0,05240902711100120352
05,5,66,016,2024,09,09,2,3,8,1,0,0,1,0,0,0,0,406673.025899999774992,5791154.019600000232458,7.632494196000039,52.262844404000077,0,05240902709500090771
05,5,66,012,2024,09,16,2,2,5,3,0,1,1,0,0,0,0,406359.506000000052154,5774586.195000000298023,7.632478765000030,52.113877887000058,0,05240902709110111862
05,5,66,008,2024,09,15,2,3,5,3,0,1,1,0,0,0,0,399307.525999999605119,5781303.028000000864267,7.527537378000034,52.173008096000046,0,05240902709110110487
05,5,66,012,2024,09,13,2,3,5,3,0,1,1,0,0,0,0,404957.751000000163913,5774163.382999999448657,7.612132084000052,52.109838435000029,0,05240902709110107999
05,5,54,008,2024,09,14,2,3,0,1,0,0,0,0,1,0,0,336147.970999999903142,5745588.630999999120831,6.621709344000067,51.837045075000049,0,05240902705000111032
05,5,54,004,2024,09,07,2,3,7,1,0,1,0,0,0,0,0,362952.539800000376999,5771658.241399999707937,7.000094877000038,52.078516601000047,0,05240902705000084970
05,5,13,000,2024,09,18,2,3,5,3,0,0,1,0,1,0,0,364554.051900000311434,5716213.751199999824166,7.045147601000053,51.580690693000065,1,05240902700000115005
05,5,54,008,2024,09,07,3,3,4,2,0,1,1,0,0,0,0,336406.167000000365078,5744964.520999999716878,6.625748583000075,51.831514076000076,0,05240903705000127368
05,5,70,044,2024,09,12,6,3,0,7,0,1,0,0,0,0,0,416864.180399999953806,5759175.588899999856949,7.789597548000074,51.977033103000053,0,05240906711100276857
05,5,66,076,2024,09,05,1,3,8,1,2,0,1,0,0,0,0,394380.743200000375509,5792970.434699999168515,7.451875697000048,52.276945987000033,0,05240901709500063640
05,5,58,012,2024,09,17,1,2,5,3,0,1,1,0,0,0,0,374163.345999999903142,5756829.327999999746680,7.169046299000058,51.947920595000028,0,05240901706000071778
05,5,58,036,2024,09,01,1,3,8,1,2,1,0,0,0,0,0,388194.740399999544024,5728980.321599999442697,7.382106059000023,51.700621652000052,0,05240901706000060499
05,5,15,000,2024,09,10,1,3,5,3,0,1,1,0,0,0,0,404555.912999999709427,5754265.294999999925494,7.611814449000065,51.930919735000032,0,05240901702100112312
05,5,15,000,2024,09,11,1,3,2,6,0,1,0,0,0,0,1,406184.565399999730289,5755157.778400000184774,7.635251642000071,51.939218729000061,0,05240901702000066640
05,5,12,000,2024,09,06,1,2,0,7,0,1,0,1,0,0,0,356235.342600000090897,5719949.948799999430776,6.923637467000049,51.612202577000062,0,05240901701400064551
05,5,13,000,2024,09,12,1,2,5,3,0,1,0,0,0,0,0,366716.513000000268221,5707666.176999999210238,7.079575911000063,51.504392603000042,0,05240901700000068506
05,5,13,000,2024,09,10,1,3,5,2,0,1,1,0,0,0,0,362995.097599999979138,5711094.986199999228120,7.024656413000059,51.534315222000032,0,05240901700000066177
05,5,15,000,2024,09,09,3,3,0,2,0,0,1,0,0,0,1,406217.420699999667704,5757483.742100000381470,7.635094782000067,51.960131154000067,0,05240903702100131591
05,5,70,004,2024,09,10,5,2,5,3,0,1,1,0,0,0,0,422673.871000000275671,5732896.372999999672174,7.880046187000062,51.741636387000028,0,05240905711200230835
05,5,70,004,2024,08,14,7,3,7,4,0,0,1,1,0,0,0,424685.649000000208616,5734688.014000000432134,7.908789941000066,51.758016732000044,0,05240831711200051410
05,5,66,076,2024,08,17,7,3,6,1,0,0,0,1,0,0,1,393954.889700000174344,5793254.419399999082088,7.445546881000041,52.279416239000057,0,05240831709500054291
05,5,66,076,2024,08,14,7,2,5,3,0,1,1,0,0,0,0,395446.715400000102818,5795631.073000000789762,7.466668662000075,52.301061693000065,0,05240831709500051846
05,5,15,000,2024,08,19,7,3,1,1,0,0,1,0,0,0,0,404937.155299999751151,5757708.526900000870228,7.616405507000024,51.961934190000079,0,05240831702100055390
05,5,15,000,2024,08,00,7,3,4,6,2,1,0,0,0,0,1,406128.618999999947846,5758081.206000000238419,7.633639462000076,51.965486447000046,0,05240831702100041786
05,5,70,004,2024,09,17,7,3,1,1,0,0,1,0,0,0,0,428425.500900000333786,5738263.275699999183416,7.962228833000040,51.790648201000067,0,05240928711300080109
05,5,70,004,2024,09,13,7,3,6,6,0,1,0,1,0,0,0,423489.504900000058115,5735276.324899999424815,7.891333256000053,51.763143296000067,0,05240928711200077068
05,5,66,040,2024,09,18,7,2,0,1,0,1,0,0,0,0,0,420515.400999999605119,5780027.334000000730157,7.837888330000055,52.165003853000030,0,05240928709700081658
05,5,66,076,2024,09,17,7,3,5,3,0,1,1,0,0,0,0,393669.537600000388920,5793896.892200000584126,7.441163097000072,52.285135145000027,0,05240928709500078764
05,5,66,008,2024,09,08,7,3,5,2,0,0,1,0,0,0,0,399633.030700000002980,5780781.586100000888109,7.532449900000074,52.168380812000066,0,05240928709110070895
05,5,58,012,2024,09,13,7,3,5,2,0,1,1,0,0,0,0,374539.820899999700487,5755765.356399999931455,7.174909301000071,51.938444272000027,0,05240928706200078276
05,5,58,016,2024,09,13,7,1,9,7,0,0,1,0,0,0,0,371924.486499999649823,5743720.362400000914931,7.141356064000036,51.829607462000070,0,05240928706100078161
05,5,54,040,2024,09,09,7,3,5,3,0,1,1,0,0,0,0,350171.257000000216067,5736839.955000000074506,6.828870551000023,51.762378219000027,0,05240928705000082503
05,5,54,068,2024,09,10,7,3,5,2,0,1,1,0,0,0,0,350251.884899999946356,5767534.528500000014901,6.816704219000030,52.038178812000069,1,05240928705000071561
05,5,15,000,2024,09,22,7,3,1,1,2,1,1,0,0,0,0,406120.029500000178814,5756356.497899999842048,7.633985789000064,51.949982518000070,0,05240928702100084119
05,5,15,000,2024,09,00,7,3,9,1,2,1,0,0,0,0,0,403771.166000000201166,5754005.246099999174476,7.600477091000073,51.928447194000057,1,05240928702100066679
05,5,62,020,2024,09,09,7,3,5,3,0,0,1,0,0,0,1,366471.184999999590218,5719637.494000000879169,7.071496968000076,51.611915558000078,0,05240928701200071772
05,5,13,000,2024,09,14,7,3,4,6,0,0,1,0,1,0,0,365177.679999999701977,5716744.369500000029802,7.053938891000030,51.585608567000065,0,05240928700000075950
05,5,70,004,2024,09,15,6,3,0,7,0,1,0,0,0,0,0,423744.023199999704957,5735846.023800000548363,7.894895525000038,51.768299407000029,0,05240927711200057251
05,5,66,040,2024,09,17,6,2,1,1,0,1,1,0,0,0,0,422169.911899999715388,5781938.662599999457598,7.861634518000074,52.182420416000070,1,05240927709800060882
05,5,66,076,2024,09,07,6,3,5,3,0,1,1,0,0,0,0,392431.567200000397861,5792128.125600000843406,7.423585715000058,52.268998108000062,0,05240927709500033168
05,5,66,008,2024,09,23,6,3,0,1,2,1,0,0,0,0,0,400267.847099999897182,5781659.854199999943376,7.541470644000071,52.176389576000076,0,05240927709110066788
05,5,58,012,2024,09,11,6,3,4,6,0,1,0,0,0,0,1,374623.892400000244379,5755080.236899999901652,7.176381332000062,51.932306394000079,0,05240927706200049878
05,5,15,000,2024,09,18,6,3,3,2,0,1,0,0,0,0,0,406128.618999999947846,5758081.206000000238419,7.633639462000076,51.965486447000046,1,05240927702100061071
05,5,62,014,2024,09,14,6,2,6,7,0,0,1,1,0,0,0,360023.847900000400841,5715259.626199999824166,6.980187720000060,51.571010069000067,0,05240927701300056239
05,5,62,032,2024,09,13,6,3,5,3,0,0,1,0,0,0,1,375446.979700000025332,5714143.017300000414252,7.203009354000073,51.564593200000047,0,05240927701120057207
05,5,13,000,2024,09,15,6,2,5,3,0,1,1,0,0,0,0,365304.358500000089407,5719205.027899999171495,7.054821539000045,51.607751308000047,0,05240927700000057355
05,5,13,000,2024,09,09,6,3,6,7,0,0,1,1,0,0,0,367911.195799999870360,5708666.762700000777841,7.096404490000054,51.513665100000026,0,05240927700000036160
05,5,70,052,2024,09,14,5,3,5,3,0,0,1,0,0,0,0,431335.044300000183284,5755493.370200000703335,8.000981623000030,51.945907990000080,0,05240926711100013466
05,5,54,048,2024,09,16,5,3,0,7,0,1,0,0,0,0,0,341875.354000000283122,5745391.923000000417233,6.704858157000047,51.836928732000047,0,05240926705000019901
05,5,62,028,2024,09,15,5,3,5,3,0,0,1,0,0,0,0,381541.350499999709427,5723312.916099999099970,7.287794591000022,51.648321269000064,0,05240926701920017617
05,5,66,084,2024,09,07,4,2,0,7,0,1,1,0,0,0,0,390375.523199999704957,5775700.675799999386072,7.398781982000060,52.120956386000046,0,05240925709300957635
05,5,58,032,2024,09,17,4,3,0,7,0,1,0,0,0,0,0,385751.692900000140071,5754297.370600000023842,7.338420047000056,51.927666072000079,1,05240925706100979622
05,5,54,012,2024,09,20,4,3,0,1,2,1,0,0,0,0,0,351812.651800000108778,5747532.928899999707937,6.848064664000049,51.858890437000071,0,05240925705000978950
05,5,54,020,2024,09,12,4,3,4,6,0,0,1,0,0,0,0,363376.196999999694526,5787277.663599999621511,6.999992364000036,52.218965951000030,1,05240925705000962434
05,5,54,012,2024,09,11,4,3,7,5,0,1,1,0,0,0,0,353182.733599999919534,5745330.191999999806285,6.868881037000051,51.839461049000079,1,05240925705000961465
05,5,15,000,2024,09,22,4,2,4,2,2,1,0,0,0,0,0,406128.618999999947846,5758081.206000000238419,7.633639462000076,51.965486447000046,1,05240925702100980189
05,5,15,000,2024,09,13,4,3,1,7,0,1,0,0,0,1,0,406298.696700000204146,5757013.374199999496341,7.636405602000025,51.955916967000064,1,05240925702100966357
05,5,62,012,2024,09,13,4,3,5,3,0,1,1,0,0,0,0,364622.082399999722838,5732492.084400000050664,7.039826601000073,51.726988064000068,1,05240925701620969581
05,5,62,024,2024,09,05,4,2,5,3,2,0,1,0,0,0,0,371649.708999999798834,5724903.826999999582767,7.144314140000063,51.660447481000062,0,05240925701500941035
05,5,12,000,2024,09,05,4,3,5,3,2,0,1,0,1,0,0,359475.601499999873340,5710945.809499999508262,6.974005381000040,51.532109664000075,0,05240925701400940549
05,5,54,008,2024,09,18,3,3,5,3,0,1,1,0,0,0,0,336216.836000000126660,5745200.398000000044703,6.622891734000063,51.833577595000065,0,05240924705000933554
05,5,54,008,2024,09,11,3,3,5,3,0,1,1,0,0,0,0,336602.255400000140071,5744432.013399999588728,6.628843154000037,51.826787675000048,0,05240924705000909502
05,5,15,000,2024,09,08,3,3,5,3,0,1,1,0,0,0,0,406996.921199999749660,5755907.746999999508262,7.646862684000041,51.946096225000076,1,05240924702100902022
05,5,62,008,2024,09,10,3,3,3,6,0,1,1,0,0,0,0,384471.462500000372529,5724160.898800000548363,7.329846751000048,51.656552367000074,0,05240924701910906320
05,5,62,004,2024,09,15,3,3,0,7,0,1,0,0,0,0,0,383867.455000000074506,5717533.400000000372529,7.323316596000041,51.596862098000031,0,05240924701800926189
05,5,62,016,2024,09,12,3,2,2,6,0,0,1,0,1,0,0,374861.307300000451505,5734324.509500000625849,7.187340925000058,51.745834671000068,0,05240924701700917432
05,5,62,024,2024,09,12,3,3,8,1,0,0,1,0,0,0,0,371276.910000000149012,5724673.778999999165535,7.139011992000064,51.658294839000064,0,05240924701500922312
05,5,62,032,2024,09,13,3,3,8,7,0,0,1,0,0,0,0,375329.806599999777973,5719467.385199999436736,7.199428536000028,51.612418212000080,0,05240924701110921410
05,5,13,000,2024,09,12,3,3,6,3,0,1,0,1,0,0,0,363013.869099999777973,5711584.239000000059605,7.024736517000065,51.538716361000070,0,05240924700000918590
05,5,13,000,2024,09,07,3,3,6,2,0,0,1,1,0,0,0,364766.729799999855459,5716868.769600000232458,7.047962904000030,51.586628004000033,1,05240924700000897699
05,5,66,076,2024,09,07,2,3,3,1,1,1,0,0,0,0,0,395588.907300000078976,5795059.311200000345707,7.468930436000051,52.295950153000035,0,05240923709500847809
05,5,66,008,2024,09,18,2,3,0,7,0,0,0,0,0,0,1,397158.127000000327826,5781864.432000000029802,7.495947340000043,52.177657355000065,0,05240923709110885024
05,5,54,068,2024,09,16,2,3,2,6,0,1,0,0,0,0,1,351481.310999999754131,5767458.565999999642372,6.834648078000043,52.037826977000066,0,05240923705000882151
05,5,54,008,2024,09,14,2,3,0,2,0,1,1,0,0,0,0,336493.371199999935925,5745717.096400000154972,6.626657426000065,51.838300362000041,0,05240923705000880413
05,5,15,000,2024,09,17,2,3,5,2,0,1,1,0,0,0,0,401902.702999999746680,5753555.129300000146031,7.573440042000072,51.924075272000039,0,05240923702100883851
05,5,15,000,2024,09,13,2,3,0,6,0,0,0,1,0,0,1,404574.256000000052154,5762016.418999999761581,7.609927109000068,52.000592825000069,0,05240923702100872121
05,5,15,000,2024,09,08,2,3,5,2,0,1,0,0,0,0,0,406919.577999999746680,5753924.792999999597669,7.646274357000038,51.928259423000043,0,05240923702100850656
05,5,15,000,2024,09,07,2,3,0,6,0,1,0,0,0,0,0,404864.048600000329316,5754896.034099999815226,7.616120283000043,51.936641847000033,0,05240923702100850614
05,5,15,000,2024,09,08,2,3,1,3,0,1,0,0,0,0,0,406682.448400000110269,5757808.186300000175834,7.641772553000067,51.963125660000060,0,05240923702000848782
05,5,62,028,2024,09,15,2,3,5,3,0,1,1,0,0,0,0,380750.637600000016391,5722195.205800000578165,7.276752101000056,51.638108772000066,0,05240923701920881047
05,5,62,032,2024,09,11,2,3,6,6,0,0,1,1,0,0,0,377450.209699999541044,5715578.771099999547005,7.231395242000076,51.577935681000042,1,05240923701120874676
05,5,62,032,2024,09,21,2,2,0,1,2,1,0,0,0,0,0,375159.708800000138581,5720505.222200000658631,7.196603429000049,51.621707654000033,1,05240923701110889735
05,5,62,032,2024,09,19,2,3,5,2,1,0,1,0,0,0,0,378472.269199999980628,5717690.203999999910593,7.245406814000035,51.597133206000080,0,05240923701110886926
05,5,13,000,2024,09,21,2,3,8,1,2,0,1,0,0,0,0,369281.521700000390410,5708167.216299999505281,7.116326595000032,51.509494474000064,0,05240923700000890332
05,5,13,000,2024,09,11,2,3,5,3,0,1,1,0,0,0,0,366074.895499999634922,5716098.767699999734759,7.067127830000061,51.580020823000041,0,05240923700000864295
05,5,66,068,2024,09,12,4,3,2,1,0,1,0,0,0,0,0,377435.498599999584258,5785610.341900000348687,7.206291739000051,52.207290456000067,0,05240925709300961328
05,5,70,052,2024,09,11,6,3,5,3,0,1,1,0,0,0,0,431924.418100000359118,5755087.373700000345707,8.009635526000068,51.942330643000048,1,05240927711100045770
05,5,66,048,2024,09,17,1,3,0,1,0,1,0,0,0,0,0,430731.320700000040233,5795750.011800000444055,7.984001591000037,52.307714610000062,0,05240922709700838571
05,5,66,084,2024,09,16,1,3,5,3,0,0,1,0,0,0,1,385719.293999999761581,5778546.203999999910593,7.329845633000048,52.145586056000070,0,05240922709300845394
05,5,66,012,2024,09,00,1,3,0,7,2,1,0,0,0,0,0,404578.566999999806285,5772448.769999999552965,7.607077033000053,52.094361955000068,0,05240922709110826259
05,5,54,012,2024,09,11,1,3,3,6,0,1,0,0,0,0,0,346924.024400000460446,5752543.202099999412894,6.774907957000039,51.902585097000042,0,05240922705000831586
05,5,15,000,2024,09,08,1,3,1,5,0,1,1,0,0,0,0,408567.492600000463426,5753887.288000000640750,7.670243918000040,51.928195429000027,0,05240922702100829321
05,5,62,024,2024,09,18,1,3,0,1,0,0,0,0,0,0,1,367774.463800000026822,5725215.450200000777841,7.088201146000074,51.662349526000071,0,05240922701500837376
05,5,62,014,2024,09,17,1,2,6,4,0,0,1,1,0,0,0,358901.226300000213087,5716156.799000000581145,6.963639238000042,51.578792182000029,0,05240922701300836594
05,5,62,020,2024,09,18,1,3,6,4,0,0,0,1,0,0,1,371247.117499999701977,5717359.433399999514222,7.141270337000037,51.592555513000036,0,05240922701200839249
05,5,62,020,2024,09,14,1,2,5,2,0,1,1,0,0,0,0,370705.612800000235438,5719456.674599999561906,7.132684256000061,51.611278973000026,0,05240922701200834026
05,5,15,000,2024,09,18,6,3,0,1,1,0,0,0,0,0,1,406112.864000000059605,5757493.588999999687076,7.633570847000044,51.960202017000029,1,05240927702100061149
05,5,66,044,2024,09,01,7,3,8,1,2,1,0,0,0,0,0,421824.399000000208616,5773892.191899999976158,7.858433338000054,52.110042271000054,0,05240921709800825873
05,5,66,040,2024,09,15,7,3,6,7,0,0,0,1,0,0,1,421326.985399999655783,5782791.236099999397993,7.849110443000029,52.189964495000027,0,05240921709800816453
05,5,66,040,2024,09,09,7,3,6,7,0,0,1,1,0,0,0,420876.063099999912083,5782182.426999999210238,7.842657569000039,52.184427494000033,0,05240921709800814843
05,5,66,012,2024,09,13,7,3,5,7,0,1,0,0,0,0,0,404572.968999999575317,5772459.366000000387430,7.606992375000061,52.094456229000059,0,05240921709110813916
05,5,58,032,2024,09,18,7,3,4,2,0,0,1,0,0,0,0,387675.275000000372529,5754229.108999999240041,7.366405715000042,51.927444044000026,0,05240921706000821003
05,5,54,020,2024,09,19,7,3,5,4,0,0,1,1,0,0,0,363887.894899999722838,5787201.451700000092387,7.007508743000074,52.218407832000082,0,05240921705000822614
05,5,54,008,2024,09,16,7,3,3,2,0,1,1,0,0,0,0,335117.608500000089407,5746268.804199999198318,6.606443633000026,51.842852096000058,0,05240921705000817885
05,5,54,012,2024,09,12,7,3,8,1,0,0,1,0,1,0,0,352858.707999999634922,5744216.809000000357628,6.864654600000051,51.829372067000065,0,05240921705000815683
05,5,54,020,2024,09,13,7,3,1,1,0,0,1,0,1,0,0,364421.651499999687076,5786956.336400000378489,7.015415308000058,52.216337026000076,0,05240921705000814844
05,5,54,044,2024,09,01,7,3,1,1,2,1,1,0,0,0,0,365290.657399999909103,5743363.776100000366569,7.045283050000023,51.824842948000025,0,05240921705000806595
05,5,15,000,2024,09,18,7,2,0,6,0,1,0,0,0,0,0,406706.804899999871850,5753853.738800000399351,7.643200066000077,51.927585129000079,0,05240921702100819612
05,5,62,004,2024,09,18,7,3,1,5,0,0,1,0,0,0,1,382201.543399999849498,5716705.673399999737740,7.299553914000057,51.589076880000050,0,05240921701800823339
05,5,62,032,2024,09,12,7,3,1,5,0,1,1,0,0,0,0,374550.123200000263751,5713625.550799999386072,7.190261536000037,51.559743860000026,0,05240921701120815444
05,5,66,080,2024,09,18,1,3,0,3,0,1,1,0,0,0,0,405728.934999999590218,5781241.131999999284744,7.621426730000053,52.173586227000044,0,05240922709110838812
05,5,70,032,2024,09,12,6,3,2,5,0,1,1,0,0,0,0,420434.876000000163913,5766001.110999999567866,7.839987267000026,52.038911199000040,0,05240920711100795526
05,5,66,060,2024,09,17,6,3,0,7,0,0,0,0,0,0,1,387959.947900000028312,5788639.946900000795722,7.359240071000045,52.236757400000045,0,05240920709300801384
05,5,66,084,2024,09,16,6,3,0,1,0,1,0,0,0,0,0,385584.054499999620020,5778987.878799999132752,7.327721357000030,52.149527345000081,0,05240920709300796738
05,5,66,012,2024,09,16,6,3,0,1,0,1,0,1,0,0,0,404488.544999999925494,5772115.403999999165535,7.605856765000055,52.091350080000041,0,05240920709110799969
05,5,66,012,2024,09,14,6,3,5,3,0,1,1,0,0,0,0,404572.968999999575317,5772459.366000000387430,7.606992375000061,52.094456229000059,0,05240920709110793452
05,5,54,012,2024,09,16,6,3,6,1,0,1,0,1,0,0,0,353627.390200000256300,5747245.230900000780821,6.874519948000057,51.856784399000048,0,05240920705000798132
05,5,15,000,2024,09,16,6,3,5,3,0,1,1,0,0,0,0,399781.240000000223517,5756995.387000000104308,7.541597256000045,51.954618936000031,0,05240920702100798109
05,5,15,000,2024,09,10,6,3,0,7,0,0,1,0,0,0,1,399980.794400000013411,5761265.834400000050664,7.543255733000024,51.993038038000066,0,05240920702100787164
05,5,15,000,2024,09,07,6,3,3,3,0,1,1,0,0,0,0,404793.577999999746680,5761208.744100000709295,7.613345319000075,51.993370831000050,0,05240920702100776749
05,5,15,000,2024,09,06,6,3,0,7,2,1,0,0,0,0,0,406046.722000000067055,5758395.085000000894070,7.632361876000061,51.968293896000034,0,05240920702100766994
05,5,15,000,2024,09,17,6,3,0,7,0,0,0,0,0,0,1,406099.617100000381470,5757506.031099999323487,7.633374711000044,51.960311615000080,0,05240920702000797009