ULAND,UREGBEZ,UKREIS,UGEMEINDE,UJAHR,UMONAT,USTUNDE,UWOCHENTAG,UKATEGORIE,UART,UTYP1,ULICHTVERH,IstRad,IstPKW,IstFuss,IstKrad,IstGkfz,IstSonstige,LINREFX,LINREFY,XGCSWGS84,YGCSWGS84,STRZUSTAND,UIDENTSTLAE
05,5,12,000,2024,09,19,6,3,0,6,1,1,1,0,0,0,0,357811.338000000454485,5711328.838099999353290,6.949872808000066,51.535134862000064,0,05240920701400800553
05,5,62,020,2024,09,18,6,3,6,6,0,0,1,1,0,0,0,371117.999900000169873,5717471.496300000697374,7.139366240000072,51.593533081000032,0,05240920701200798602
05,5,62,032,2024,09,09,6,3,5,2,0,0,1,0,0,0,1,374135.108699999749660,5713841.945000000298023,7.184200298000064,51.561596161000068,0,05240920701120786140
05,5,62,032,2024,09,15,6,3,4,6,0,1,0,0,0,0,0,375234.529500000178814,5717656.048599999397993,7.198697670000058,51.596118410000031,0,05240920701110795364
05,5,13,000,2024,09,21,6,3,3,2,2,0,1,0,0,0,0,363411.567300000227988,5710560.635600000619888,7.030864534000045,51.529614267000056,0,05240920700000805280
05,5,13,000,2024,09,11,6,3,5,3,0,1,1,0,0,0,0,368798.378999999724329,5707417.173000000417233,7.109647539000036,51.502641994000044,0,05240920700000782752
05,5,13,000,2024,09,07,6,3,5,3,0,0,1,0,0,0,1,364126.279099999926984,5713516.655200000852346,7.040020425000023,51.556350674000043,0,05240920700000769290
05,5,70,016,2024,09,10,5,3,0,7,0,0,1,0,0,0,1,411805.845099999569356,5739898.695399999618530,7.720900266000058,51.802975662000051,0,05240919711200765666
05,5,70,004,2024,09,11,5,3,5,3,0,1,1,0,0,0,0,424052.979100000113249,5735236.037499999627471,7.899505392000037,51.762857839000048,0,05240919711200736983
05,5,70,044,2024,09,15,5,3,5,3,0,0,1,0,0,0,1,415951.934000000357628,5759944.379000000655651,7.776130765000062,51.983806473000072,0,05240919711100754068
05,5,66,076,2024,09,18,5,3,5,3,0,0,1,0,0,0,1,399869.640999999828637,5793587.937999999150634,7.532116928000050,52.283523011000057,0,05240919709500760456
05,5,58,028,2024,09,16,5,3,4,6,0,0,1,0,1,0,0,399128.033400000073016,5732410.140000000596046,7.539266325000028,51.733522267000069,0,05240919706300755633
05,5,58,024,2024,09,14,5,3,0,3,0,1,0,0,0,0,0,389403.765599999576807,5735830.071699999272823,7.397417687000029,51.762425784000072,0,05240919706100758185
05,5,54,008,2024,09,07,5,3,0,3,0,1,0,0,0,0,0,335714.948300000280142,5745036.187400000169873,6.615692205000073,51.831955043000050,0,05240919705000734477
05,5,54,004,2024,09,08,5,3,0,3,0,1,0,0,0,0,0,363788.076000000350177,5771511.468000000342727,7.012338319000037,52.077403955000079,0,05240919705000727976
05,5,15,000,2024,09,16,5,3,5,2,0,1,1,0,0,0,0,406115.270399999804795,5756332.416799999773502,7.633923141000025,51.949765263000074,0,05240919702100756745
05,5,62,024,2024,09,17,5,3,6,2,0,0,1,1,0,0,0,371835.799999999813735,5725078.683000000193715,7.146939005000036,51.662061339000047,0,05240919701500756866
05,5,12,000,2024,09,13,5,3,5,3,0,1,1,0,0,0,0,356787.505499999970198,5709996.001199999824166,6.935663043000034,51.522899411000026,0,05240919701400749389
05,5,66,064,2024,09,07,6,3,0,7,0,1,0,0,0,0,0,395382.230399999767542,5771454.037499999627471,7.473187250000024,52.083759450000059,0,05240927709110038152
05,5,66,012,2024,09,17,4,3,0,7,0,1,0,0,0,0,0,405028.221400000154972,5772096.219299999997020,7.613737052000033,52.091270524000038,0,05240918709110713236
05,5,58,016,2024,09,15,4,3,0,1,0,1,0,0,0,0,0,381731.065999999642372,5743532.812999999150634,7.283662383000035,51.830084249000038,0,05240918706000710857
05,5,54,008,2024,09,16,4,3,5,3,0,1,1,0,0,0,0,335777.896999999880791,5743905.879000000655651,6.617141091000065,51.821819493000078,0,05240918705000714942
05,5,54,008,2024,09,13,4,3,1,3,0,1,1,0,0,0,0,335718.317800000309944,5745108.301599999889731,6.615706832000058,51.832603866000056,0,05240918705000702401
05,5,15,000,2024,09,02,4,3,1,5,2,1,1,0,0,0,0,404785.010099999606609,5756782.854399999603629,7.614448362000076,51.953587848000041,0,05240918702100827964
05,5,15,000,2024,09,08,4,2,5,3,0,1,0,0,0,0,0,405901.031999999657273,5757240.263000000268221,7.630558198000074,51.957889198000032,0,05240918702100684939
05,5,15,000,2024,09,06,4,3,5,3,2,1,1,0,0,0,0,403332.800499999895692,5758578.009899999946356,7.592817661000026,51.969472728000028,0,05240918702100680124
05,5,62,020,2024,09,15,4,3,1,5,0,1,1,0,0,0,0,371867.019199999980628,5720007.744100000709295,7.149246769000058,51.616496877000031,0,05240918701200710719
05,5,13,000,2024,09,19,4,2,5,3,0,0,1,0,0,0,0,369760.333100000396371,5708467.799000000581145,7.123111316000063,51.512306340000066,0,05240918700000718076
05,5,13,000,2024,09,17,4,3,5,3,0,1,1,0,0,0,0,369729.483699999749660,5708784.569599999114871,7.122549938000020,51.515146006000066,0,05240918700000716121
05,5,13,000,2024,09,07,4,3,2,2,0,0,1,0,1,0,0,366300.454599999822676,5712290.261199999600649,7.071829798000067,51.545849112000042,0,05240918700000680041
05,5,70,028,2024,09,15,3,3,3,6,0,1,1,0,0,0,0,441463.057599999941885,5741673.340299999341369,8.150661745000036,51.822821951000037,0,05240917711400666269
05,5,66,008,2024,09,09,3,3,0,7,0,1,0,0,0,0,0,398680.790000000037253,5782121.611999999731779,7.518131181000058,52.180250542000067,0,05240917709110646296
05,5,58,016,2024,09,17,3,3,8,1,0,0,0,0,0,0,1,380040.548999999649823,5744527.962999999523163,7.258796475000054,51.838667253000040,0,05240917706100707825
05,5,58,012,2024,09,15,3,3,4,2,0,1,1,0,0,0,0,373751.739599999971688,5756474.765499999746680,7.163190851000024,51.944641086000047,0,05240917706000666342
05,5,15,000,2024,09,14,3,3,0,5,0,1,1,0,0,0,0,406738.829699999652803,5756955.599799999967217,7.642824402000031,51.955471651000039,0,05240917702100662764
05,5,62,024,2024,09,18,3,3,1,5,0,0,1,0,1,0,0,366572.540799999609590,5724651.460999999195337,7.071048839000071,51.656997229000069,0,05240917701500670517
05,5,62,014,2024,09,08,3,3,5,3,0,0,1,0,0,0,0,358453.200799999758601,5716410.055600000545382,6.957075598000074,51.580955588000052,0,05240917701300640406
05,5,62,032,2024,09,16,3,3,3,2,0,1,1,0,0,0,0,376066.540199999697506,5718812.254200000315905,7.210294942000075,51.606693107000069,0,05240917701110666830
05,5,58,012,2024,09,14,2,3,4,6,0,1,0,0,0,0,0,373745.705400000326335,5756275.641899999231100,7.163176223000050,51.942850309000050,0,05240916706000624315
05,5,54,008,2024,09,09,2,3,7,1,0,1,0,0,0,0,0,336332.274000000208616,5745244.621999999508262,6.624544703000026,51.834008715000039,0,05240916705000611699
05,5,15,000,2024,09,18,2,2,5,3,0,1,0,0,0,0,0,405613.865100000053644,5758773.121400000527501,7.625958978000028,51.971618511000031,0,05240916702100628320
05,5,62,024,2024,09,12,2,3,0,6,0,0,1,0,0,0,0,369185.016699999570847,5726096.691299999132752,7.108253834000038,51.670598970000071,0,05240916701500607841
05,5,62,014,2024,09,14,2,3,8,1,0,1,0,0,0,0,0,360602.683500000275671,5715483.034700000658631,6.988445944000034,51.573161039000070,0,05240916701300620152
05,5,66,008,2024,09,08,2,3,5,3,0,1,0,0,0,0,0,399865.903800000436604,5781436.982899999246001,7.535660304000032,52.174313661000042,0,05240923709110857764
05,5,66,024,2024,09,17,5,3,4,1,0,1,1,0,0,0,0,383435.858799999579787,5775115.778999999165535,7.297665830000028,52.114280407000081,0,05240919709300759011
05,5,54,020,2024,09,20,1,3,5,3,2,0,1,0,0,0,0,365633.825799999758601,5783725.780999999493361,7.034429209000052,52.187606303000052,0,05240915705000584433
05,5,58,024,2024,09,21,2,3,6,7,2,0,0,1,1,0,0,388796.900999999605119,5736022.640000000596046,7.388566093000065,51.764036353000051,0,05240923706300922083
05,5,62,012,2024,09,02,1,3,1,5,2,1,1,0,0,0,0,357386.815000000409782,5725003.835999999195337,6.938197368000033,51.657908139000028,0,05240915701610571361
05,5,13,000,2024,09,12,1,3,0,7,0,1,0,0,0,0,0,364824.080900000408292,5713689.134199999272823,7.050013627000055,51.558068286000037,0,05240915700000583576
05,5,15,000,2024,09,15,1,3,3,6,0,1,1,0,0,0,0,406112.864000000059605,5757493.588999999687076,7.633570847000044,51.960202017000029,0,05240915702100580163
05,5,54,008,2024,09,18,1,3,4,6,0,1,0,0,0,0,1,334935.787299999967217,5746458.775299999862909,6.603716009000038,51.844504954000058,0,05240915705000582634
05,5,66,040,2024,09,23,7,1,6,1,2,0,1,0,0,0,1,423672.343999999575317,5778111.751499999314547,7.884465599000066,52.148230271000045,0,05240914709110571021
05,5,58,012,2024,09,22,7,3,4,1,2,1,0,1,0,0,1,374241.573599999770522,5756956.320100000128150,7.170137442000055,51.949079493000056,0,05240914706000568945
05,5,54,008,2024,09,22,7,3,8,1,2,0,1,0,0,0,0,335978.097799999639392,5745340.019099999219179,6.619363797000062,51.834761825000044,0,05240914705000569726
05,5,54,008,2024,09,10,7,3,6,1,0,0,0,1,0,0,1,335718.178999999538064,5745510.062400000169873,6.615514096000027,51.836213012000030,0,05240914705000566120
05,5,54,008,2024,09,08,7,3,5,3,0,1,1,0,0,0,0,335527.533300000242889,5747289.410700000822544,6.611903391000055,51.852141476000043,0,05240914705000556354
05,5,15,000,2024,09,23,7,2,6,7,2,0,1,1,0,0,0,404344.403099999763072,5759141.723899999633431,7.607381720000035,51.974714598000048,0,05240914702100044978
05,5,62,004,2024,09,21,7,2,5,2,2,0,1,0,1,0,0,382865.654600000008941,5717816.110099999234080,7.308765286000039,51.599195566000049,0,05240914701800569827
05,5,62,016,2024,09,21,7,2,0,1,2,1,0,0,0,0,0,375153.676599999889731,5734097.361099999397993,7.191655205000075,51.743858540000076,0,05240914701700569215
05,5,62,024,2024,09,20,7,3,5,2,2,0,1,0,0,0,1,368452.222000000067055,5723944.114000000059605,7.098473125000055,51.651083684000071,0,05240914701500569292
05,5,70,004,2024,10,11,4,3,5,2,0,1,1,0,0,0,0,423034.202100000344217,5735278.965399999171495,7.884736501000020,51.763104632000079,0,05241016711200704553
05,5,70,052,2024,10,16,4,2,6,6,0,1,0,1,0,0,0,431114.233000000007451,5757471.999299999326468,7.997372837000057,51.963667874000066,0,05241016711100720470
05,5,66,076,2024,10,14,4,3,5,3,0,1,1,0,0,0,0,394103.601599999703467,5797260.779899999499321,7.446466234000070,52.315450860000055,0,05241016709500716098
05,5,66,076,2024,10,06,4,3,5,3,2,0,1,0,0,0,0,392040.980999999679625,5793904.662000000476837,7.417295277000051,52.284887480000066,0,05241016709500693368
05,5,58,036,2024,10,11,4,3,0,3,0,1,1,0,0,0,0,388062.092799999751151,5729915.642799999564886,7.379887076000045,51.709001703000069,0,05241016706000710354
05,5,54,008,2024,10,12,4,3,3,3,0,1,1,0,0,0,0,334582.126799999736249,5745125.061100000515580,6.599224346000028,51.832419136000055,0,05241016705000704857
05,5,15,000,2024,10,18,4,3,5,6,2,1,1,0,0,0,0,403964.935999999754131,5758988.750000000000000,7.601901762000068,51.973274173000050,0,05241016702100722675
05,5,15,000,2024,10,12,4,3,0,6,0,1,0,1,0,0,0,408659.242700000293553,5756036.794199999421835,7.671007050000071,51.947531617000038,0,05241016702100706745
05,5,62,024,2024,10,16,4,3,6,7,0,0,1,1,0,0,0,371757.499900000169873,5724646.719399999827147,7.145966024000074,51.658161520000078,0,05241016701500720666
05,5,70,004,2024,10,17,3,3,5,2,0,1,1,0,0,0,0,423259.315999999642372,5734987.107999999076128,7.888062283000068,51.760511841000039,0,05241015711200677468
05,5,70,004,2024,10,14,3,3,0,7,0,0,1,0,0,0,0,423076.235700000077486,5735822.362099999561906,7.885225132000073,51.767995336000070,0,05241015711200674546
05,5,66,048,2024,10,16,3,3,0,2,0,1,1,0,0,0,0,425979.079699999652803,5792148.342399999499321,7.915102518000026,52.274719537000067,0,05241015709700676809
05,5,66,028,2024,10,14,3,3,0,1,0,1,0,0,0,0,0,411305.344399999827147,5792213.812500000000000,7.700072800000044,52.273136591000082,0,05241015709700676188
05,5,58,028,2024,10,17,3,3,1,5,0,1,1,0,1,0,0,398291.323400000110269,5732878.611999999731779,7.527017253000054,51.737581879000061,0,05241015706000678950
05,5,54,012,2024,10,09,3,2,6,4,0,0,1,1,0,0,0,353009.452700000256300,5752858.979699999094009,6.863162434000060,51.907060905000037,0,05241015705000654565
05,5,15,000,2024,10,10,3,3,0,3,0,1,1,0,0,0,0,407008.547399999573827,5758089.745999999344349,7.646441213000060,51.965711101000068,0,05241015702100656500
05,5,13,000,2024,10,15,3,3,6,7,0,0,1,1,0,0,0,362986.516999999992549,5712034.846999999135733,7.024166955000055,51.542759028000035,0,05241015700000679011
05,5,13,000,2024,10,12,3,3,2,6,0,0,1,0,0,0,0,368305.957999999634922,5709665.987999999895692,7.101716841000041,51.522737056000040,0,05241015700000673895
05,5,13,000,2024,10,13,3,3,2,6,0,0,1,0,0,0,0,367479.671000000089407,5708604.282999999821186,7.090212775000055,51.513002559000029,0,05241015700000670057
05,5,66,076,2024,10,16,4,3,0,7,0,0,1,0,0,0,0,393341.917899999767542,5793233.685699999332428,7.436571862000051,52.279111308000040,0,05241016709500719853
05,5,66,068,2024,10,18,2,3,0,4,0,1,0,1,0,0,0,376162.409699999727309,5785529.051500000059605,7.187700101000075,52.206275386000073,0,05241014709000633433
05,5,54,008,2024,10,18,2,3,0,7,0,1,0,0,0,0,0,335311.535899999551475,5745606.307299999520183,6.609571561000052,51.836957867000081,0,05241014705000633927
05,5,54,056,2024,10,12,2,3,5,3,0,0,1,0,0,0,1,356582.605999999679625,5761226.041999999433756,6.911578437000060,51.983170886000039,0,05241014705000622154
05,5,54,012,2024,10,07,2,3,6,1,0,1,0,1,0,0,0,354075.065000000409782,5747226.550000000745058,6.881023725000034,51.856733779000081,0,05241014705000606369
05,5,15,000,2024,10,18,2,3,5,3,0,0,1,1,0,0,0,401974.067900000140071,5754192.533099999651313,7.574295954000036,51.929817010000079,0,05241014702100634004
05,5,15,000,2024,10,08,2,2,0,7,0,1,0,0,0,0,0,410900.836000000126660,5760466.338999999687076,7.702463217000059,51.987711049000040,0,05241014702100603884
05,5,66,040,2024,10,11,1,3,5,3,0,1,1,0,0,0,0,416263.800099999643862,5784069.425400000065565,7.774744152000039,52.200708043000077,1,05241013709800584574
05,5,66,076,2024,10,16,1,3,0,7,0,0,1,0,0,0,0,392340.889000000432134,5792294.347999999299645,7.422204326000042,52.270474225000044,0,05241013709500589200
05,5,66,008,2024,10,00,1,2,0,1,2,1,0,0,0,0,0,398953.352300000376999,5782006.183599999174476,7.522150562000036,52.179263100000071,0,05241013709300579413
05,5,62,004,2024,10,18,1,3,2,6,2,0,1,0,0,0,0,384616.771300000138581,5716317.078299999237061,7.334529966000048,51.586084052000047,1,05241013701800590225
05,5,62,024,2024,10,13,1,3,5,3,0,1,1,0,0,0,0,366971.004099999554455,5723513.886499999091029,7.077238624000074,51.646868946000041,0,05241013701500587402
05,5,66,016,2024,10,17,7,3,0,1,0,1,0,0,0,0,0,403682.874099999666214,5795725.010199999436736,7.587388062000059,52.303412024000068,0,05241012709700573572
05,5,66,008,2024,10,11,7,3,5,2,0,0,1,0,0,0,1,399308.748999999836087,5782476.461999999359250,7.527206879000062,52.183554807000064,0,05241012709110565682
05,5,58,024,2024,10,23,7,3,8,1,2,0,1,0,0,0,0,395848.821399999782443,5736557.450300000607967,7.490554931000077,51.770199496000032,0,05241012706000578228
05,5,54,056,2024,10,14,7,3,1,7,0,0,1,0,0,0,0,356759.624900000169873,5762367.428899999707937,6.913677602000064,51.993471927000030,0,05241012705000568850
05,5,15,000,2024,10,12,7,3,0,5,0,0,1,0,0,0,0,406183.179600000381470,5752334.613399999216199,7.636001065000073,51.913842421000027,0,05241012702100567020
05,5,62,008,2024,10,20,7,3,9,7,2,0,1,0,0,0,0,383994.989299999549985,5721373.054999999701977,7.323886104000053,51.631398059000048,0,05241012701910577049
05,5,62,024,2024,10,11,7,3,0,7,0,0,1,0,0,0,1,371479.236299999989569,5725552.177999999374151,7.141612413000075,51.666235087000075,0,05241012701500565129
05,5,62,014,2024,10,18,7,3,5,3,1,0,1,0,0,0,1,361057.276800000108778,5715214.061100000515580,6.995107933000043,51.570856231000050,0,05241012701300572418
05,5,62,032,2024,10,16,7,2,0,1,0,1,0,0,0,0,0,375345.226999999955297,5719277.827999999746680,7.199718541000038,51.610718055000063,0,05241012701110573520
05,5,66,012,2024,10,11,6,3,0,1,0,1,0,0,0,0,0,404848.024799999780953,5772189.854800000786781,7.611081496000054,52.092081182000072,0,05241011709110533551
05,5,54,016,2024,10,07,6,3,5,3,0,1,1,0,0,0,0,363132.894000000320375,5757395.826999999582767,7.008425543000044,51.950406507000082,0,05241011705000525940
05,5,54,056,2024,10,07,6,3,5,3,0,0,1,0,0,0,1,356313.001600000075996,5762874.727600000798702,6.906964508000044,51.997914620000074,1,05241011705000525895
05,5,54,056,2024,10,07,6,3,4,6,1,1,1,0,0,0,0,357967.188299999572337,5761315.349199999123812,6.931689261000031,51.984329003000028,0,05241011705000523342
05,5,54,004,2024,10,06,6,2,6,2,2,0,1,1,0,0,0,363349.588700000196695,5771239.290599999949336,7.006052918000023,52.074850296000079,1,05241011705000518983
05,5,15,000,2024,10,17,6,3,6,7,0,1,0,1,0,0,0,407795.672699999995530,5749876.398000000044703,7.660095724000030,51.892015694000065,0,05241011702100552764
05,5,15,000,2024,10,17,6,3,1,1,0,1,1,0,0,0,0,405142.700699999928474,5754969.393400000408292,7.620152148000045,51.937348802000031,0,05241011702100552240
05,5,15,000,2024,10,15,6,3,5,2,0,1,1,0,0,0,0,407373.985000000335276,5758356.027000000700355,7.651686996000024,51.968165584000076,0,05241011702100550910
05,5,62,008,2024,10,07,6,3,0,1,0,1,0,0,0,0,0,383851.866600000299513,5720774.469699999317527,7.322017677000076,51.625988643000028,0,05241011701910525204
05,5,62,020,2024,10,19,6,3,5,3,2,1,1,0,0,0,0,372093.323800000362098,5718360.740000000223517,7.153114591000076,51.601746913000056,0,05241011701200556373
05,5,62,020,2024,10,04,6,3,2,7,2,0,1,0,1,0,0,370783.256500000134110,5719239.746500000357628,7.133884936000072,51.609347312000068,1,05241011701200516249
05,5,62,032,2024,10,16,6,3,5,3,0,0,1,0,0,0,0,377355.025000000372529,5716385.891000000759959,7.229740351000032,51.585168813000053,0,05241011701120552701
05,5,62,032,2024,10,13,6,3,1,5,0,0,0,0,1,0,0,375145.122800000011921,5720282.993499999865890,7.196472037000035,51.619707230000074,0,05241011701110552519
05,5,13,000,2024,10,09,6,3,1,6,0,0,1,0,0,0,0,368190.316700000315905,5707497.299000000581145,7.100861803000043,51.503220588000033,0,05241011700000529622
05,5,54,020,2024,10,17,5,2,0,5,0,1,1,0,0,0,0,364759.884200000204146,5786271.095599999651313,7.020636909000075,52.210263083000029,0,05241010705000507399
05,5,15,000,2024,10,12,5,3,3,5,0,0,1,0,1,0,0,406080.075600000098348,5757525.270099999383092,7.633085131000030,51.960481243000061,0,05241010702100493374
05,5,15,000,2024,10,12,5,3,5,3,0,0,1,0,0,0,0,405865.161000000312924,5758190.083000000566244,7.629775991000031,51.966420530000050,0,05241010702100492713
05,5,62,008,2024,10,14,5,3,5,3,0,1,1,0,0,0,0,385251.788999999873340,5722872.073999999091029,7.341545414000052,51.645128610000029,0,05241010701910500799
05,5,62,016,2024,10,17,5,3,0,1,1,1,0,0,0,0,0,373835.241000000387430,5734195.812000000849366,7.172532950000061,51.744447996000076,1,05241010701700508460
05,5,62,024,2024,10,06,5,3,5,3,2,1,1,0,0,0,0,369929.447999999858439,5724106.997300000861287,7.119753429000070,51.652891167000064,1,05241010701500472821
05,5,62,014,2024,10,16,5,3,8,1,0,0,1,0,0,0,0,361315.009100000374019,5712728.400299999862909,6.999804961000052,51.548583166000071,0,05241010701300506217
05,5,54,008,2024,10,11,6,2,5,3,0,1,1,0,0,0,0,335722.080900000408292,5745190.507300000637770,6.615722376000065,51.833343462000073,0,05241011705000533584
05,5,70,008,2024,10,12,4,3,5,3,0,0,1,0,0,0,0,433135.677000000141561,5737963.915999999269843,8.030569281000055,51.788539836000041,1,05241009711300468777
05,5,66,048,2024,10,12,4,3,5,3,0,0,1,0,0,0,0,426324.442999999970198,5794786.474999999627471,7.919586655000046,52.298479891000056,0,05241009709700455578
05,5,66,008,2024,10,07,4,3,9,1,0,1,0,0,0,0,0,398761.715900000184774,5782800.682099999859929,7.519111592000058,52.186368659000038,1,05241009709110429460
05,5,54,020,2024,10,16,4,2,5,3,0,1,1,0,0,0,0,365086.829900000244379,5786172.051799999549985,7.025458445000027,52.209453282000027,1,05241009705000462591
05,5,54,048,2024,10,12,4,3,0,3,0,0,0,0,1,0,1,341950.650000000372529,5743615.214999999850988,6.706761311000037,51.820988079000074,1,05241009705000450494
05,5,15,000,2024,10,15,4,3,4,7,0,0,1,0,1,0,0,406412.732900000177324,5756532.729699999094009,7.638195521000057,51.951615904000050,1,05241009702100461008
05,5,15,000,2024,10,11,4,1,5,3,0,0,1,0,1,0,0,399071.278099999763072,5756013.703600000590086,7.531557687000031,51.945667092000065,0,05241009702100448684
05,5,62,036,2024,10,14,4,3,5,2,0,0,1,0,0,0,1,389037.599200000055134,5719249.748800000175834,7.397386123000047,51.613330955000038,1,05241009701930460010
05,5,62,016,2024,10,11,4,3,5,2,0,1,1,0,0,0,0,374659.834999999962747,5734018.940999999642372,7.184534245000066,51.743043545000035,0,05241009701700541879
05,5,62,032,2024,10,15,4,2,5,3,0,1,1,0,0,0,0,375604.905000000260770,5720022.640000000596046,7.203202497000063,51.617469210000081,1,05241009701110460458
05,5,70,008,2024,10,05,3,3,5,3,2,1,0,0,0,0,0,433763.440600000321865,5734070.585799999535084,8.040412106000076,51.753613298000062,1,05241008711300376352
05,5,66,028,2024,10,08,3,3,5,7,0,1,0,0,0,0,1,412086.805200000293553,5792352.553999999538064,7.711486731000036,52.274509145000081,1,05241008709700385139
05,5,66,084,2024,10,06,3,3,5,2,2,1,1,0,0,0,0,385718.171000000089407,5778860.205000000074506,7.329723618000060,52.148407722000059,1,05241008709300376891
05,5,66,012,2024,10,09,3,3,0,1,0,0,0,0,1,0,0,405022.692900000140071,5772196.983500000089407,7.613628304000031,52.092175262000069,1,05241008709110385427
05,5,58,012,2024,10,07,3,2,0,3,2,1,1,0,0,0,0,372658.732800000347197,5754049.368799999356270,7.148195150000049,51.922596501000044,1,05241008706200383327
05,5,54,004,2024,10,07,3,3,6,4,0,0,1,1,0,0,0,363815.631900000385940,5772246.555099999532104,7.012446694000062,52.084015800000032,1,05241008705000384156
05,5,15,000,2024,10,09,3,2,5,3,0,0,0,0,0,1,1,405310.332000000402331,5760213.323000000789762,7.621144197000035,51.984511969000039,0,05241008702100385367
05,5,62,004,2024,10,16,3,3,5,3,0,1,1,0,0,0,0,384266.204099999740720,5717093.408900000154972,7.329216101000043,51.592989636000027,0,05241008701800412515
05,5,62,014,2024,10,13,3,3,0,7,0,1,0,0,0,0,0,361340.669200000353158,5715422.104100000113249,6.999112387000025,51.572795497000072,0,05241008701300405542
05,5,62,020,2024,10,17,3,3,1,5,0,1,1,0,0,0,0,366907.496199999935925,5719635.515200000256300,7.077795361000028,51.612001089000046,0,05241008701200413815
05,5,58,016,2024,10,10,4,3,8,1,0,0,0,0,0,0,1,374055.104500000365078,5743976.710000000894070,7.172165384000039,51.832395582000061,0,05241009706100442722
05,5,70,004,2024,10,10,2,3,1,7,0,1,1,0,0,0,0,423769.788900000043213,5736018.879000000655651,7.895230909000077,51.769856823000055,0,05241007711200341529
05,5,70,024,2024,10,17,2,3,6,4,0,0,1,1,0,0,0,421273.328999999910593,5752410.428500000387430,7.855326970000021,51.916861642000072,0,05241007711100523182
05,5,66,060,2024,10,12,2,3,5,3,0,1,1,0,0,0,0,388693.178399999625981,5788853.415699999779463,7.369902769000021,52.238824564000026,0,05241007709500517482
05,5,66,084,2024,10,04,2,3,0,7,2,1,1,0,0,0,0,390192.464300000108778,5775507.252800000831485,7.396171696000067,52.119181715000082,0,05241007709300327136
05,5,54,012,2024,10,18,2,3,5,3,0,1,0,0,0,0,0,352373.303999999538064,5746696.589999999850988,6.856557356000053,51.851524619000031,0,05241007705000368453
05,5,54,056,2024,10,15,2,3,0,1,0,1,0,0,0,0,0,356498.887500000186265,5762617.868499999865890,6.909777817000077,51.995654815000080,0,05241007705000363719
05,5,15,000,2024,10,07,2,3,0,3,0,1,1,0,0,0,0,400277.573699999600649,5756446.366000000387430,7.548976807000031,51.949773479000044,0,05241007702100332393
05,5,15,000,2024,10,13,2,3,0,7,0,0,0,0,1,0,0,404019.733699999749660,5758503.346100000664592,7.602834982000047,51.968920670000045,0,05241007702000361872
05,5,62,012,2024,10,13,2,3,5,3,0,0,1,0,1,0,0,359838.128499999642372,5726857.592299999669194,6.972869071000048,51.675182309000036,0,05241007701610365384
05,5,62,024,2024,10,06,2,3,0,1,2,0,0,0,1,0,0,368120.296000000089407,5726954.137000000104308,7.092542042000048,51.678055463000078,1,05241007701500327322
05,5,62,014,2024,10,12,2,3,2,6,0,0,1,0,0,0,0,358604.338399999774992,5716520.414799999445677,6.959211017000030,51.581985200000076,0,05241007701300359644
05,5,13,000,2024,10,08,2,3,5,3,0,1,1,0,0,0,0,363173.798600000329316,5712976.015599999576807,7.026499957000055,51.551262102000067,1,05241007700000334959
05,5,66,084,2024,10,13,1,3,0,1,0,0,0,0,0,0,1,385501.146399999968708,5779084.703999999910593,7.326477517000058,52.150380320000068,1,05241013709300585791
05,5,66,072,2024,10,15,1,3,1,6,0,0,1,0,0,0,0,412104.612499999813735,5802216.853399999439716,7.709170081000025,52.363174196000045,0,05241006709700318937
05,5,54,028,2024,10,16,1,3,6,1,0,0,0,1,0,0,1,357538.093799999915063,5743417.953900000080466,6.932843071000036,51.823406952000028,0,05241006705000319542
05,5,62,036,2024,10,01,1,3,9,1,2,0,1,0,0,0,0,390060.999599999748170,5720999.303300000727177,7.411611742000048,51.629256891000068,1,05241006701930309195
05,5,12,000,2024,10,13,1,3,2,6,0,0,1,0,0,0,0,355628.661999999545515,5712137.186000000685453,6.918092862000037,51.541844512000068,0,05241006701400315768
05,5,13,000,2024,10,00,1,3,5,3,2,0,1,0,0,0,0,368236.830599999986589,5709715.734899999573827,7.100702399000056,51.523167996000041,0,05241006700000308493
05,5,15,000,2024,10,17,3,3,0,7,0,1,0,0,0,0,1,402292.464999999850988,5754275.695800000801682,7.578901613000028,51.930620483000041,0,05241015702100680935
05,5,70,052,2024,10,17,7,3,2,6,0,1,1,0,0,0,0,430339.870699999853969,5755178.616200000047684,7.986568876000035,51.942954734000068,0,05241005711100302081
05,5,66,076,2024,10,19,7,3,4,2,2,0,1,0,0,0,0,393254.013700000010431,5792444.909499999135733,7.435533527000075,52.272005371000034,0,05241005709500304336
05,5,66,076,2024,10,15,7,3,0,7,0,1,1,0,0,0,0,394447.985000000335276,5794064.888000000268221,7.452518229000020,52.286795021000046,0,05241005709500299893
05,5,66,012,2024,10,13,7,3,5,7,0,0,1,0,1,0,0,404988.910000000149012,5772367.992000000551343,7.613087667000059,52.093706518000033,0,05241005709110296939