ULAND,UREGBEZ,UKREIS,UGEMEINDE,UJAHR,UMONAT,USTUNDE,UWOCHENTAG,UKATEGORIE,UART,UTYP1,ULICHTVERH,IstRad,IstPKW,IstFuss,IstKrad,IstGkfz,IstSonstige,LINREFX,LINREFY,XGCSWGS84,YGCSWGS84,STRZUSTAND,UIDENTSTLAE
05,5,66,012,2024,10,10,7,3,2,6,0,1,1,0,0,0,0,405133.991899999789894,5771572.868799999356270,7.615426078000041,52.086584689000063,0,05241005709110294751
05,5,58,040,2024,10,18,7,3,0,1,0,0,0,0,1,0,0,377114.164599999785423,5764195.649900000542402,7.209320052000066,52.014778462000038,0,05241005706000303493
05,5,54,008,2024,10,16,7,3,5,3,0,1,0,0,0,0,0,337408.463999999687076,5745257.001000000163913,6.640144243000066,51.834434210000040,0,05241005705000316866
05,5,54,008,2024,10,11,7,3,3,6,0,1,0,0,0,0,0,337211.368900000117719,5746818.091499999165535,6.636551581000049,51.848400938000054,0,05241005705000294908
05,5,15,000,2024,10,06,7,3,6,6,1,1,0,1,0,0,0,405576.866999999620020,5757712.946599999442697,7.625712086000021,51.962082930000065,0,05241005702100303250
05,5,12,000,2024,10,21,7,2,5,7,2,0,1,0,0,0,0,356337.335099999792874,5709936.555900000035763,6.929202850000024,51.522250921000079,0,05241005701400306500
05,5,62,032,2024,10,23,7,3,4,6,2,0,1,0,0,0,0,375074.763000000268221,5720021.395800000056624,7.195549503000052,51.617340618000071,0,05241005701110308284
05,5,13,000,2024,10,03,3,3,8,1,2,0,1,0,0,0,0,365954.701000000350177,5709149.218000000342727,7.068042139000056,51.517539919000058,1,05241008700000374879
05,5,70,004,2024,10,17,6,3,4,1,0,1,0,0,0,0,1,423250.125000000000000,5735285.289000000804663,7.887863272000061,51.763191118000066,0,05241004711200282614
05,5,66,088,2024,10,17,6,3,5,2,0,1,1,0,0,0,0,418787.201000000350177,5785738.949899999424815,7.811258156000065,52.216092453000044,0,05241004709800283582
05,5,66,016,2024,10,06,6,3,5,3,1,0,1,0,0,0,0,404728.737999999895692,5790074.881899999454618,7.604318468000031,52.252811887000064,0,05241004709500256339
05,5,66,008,2024,10,19,6,3,0,3,1,1,1,0,0,0,0,400728.661700000055134,5780357.896500000730157,7.548588376000055,52.164770936000082,0,05241004709110285825
05,5,58,024,2024,10,14,6,3,5,3,0,1,1,0,0,0,0,389274.882299999706447,5736133.757400000467896,7.395454127000050,51.765129778000073,0,05241004706300283358
05,5,58,024,2024,10,13,6,2,4,7,0,1,1,0,0,0,0,393887.076799999922514,5736818.216700000688434,7.462054974000068,51.772174862000043,0,05241004706000277816
05,5,54,008,2024,10,20,6,3,1,6,2,1,1,0,0,0,0,336626.612999999895692,5746671.408999999985099,6.628138937000074,51.846912412000052,0,05241004705000286780
05,5,54,044,2024,10,08,6,3,2,6,0,1,0,0,0,0,1,365329.521999999880791,5743279.531999999657273,7.045879413000023,51.824095300000067,0,05241004705000268649
05,5,15,000,2024,10,19,6,3,9,7,1,1,0,0,0,0,0,404240.737999999895692,5748972.995999999344349,7.608702699000048,51.883296060000077,0,05241004702100285074
05,5,66,076,2024,10,21,5,3,0,1,2,1,1,0,0,0,0,393688.506299999542534,5792923.358200000599027,7.441748066000059,52.276389470000026,0,05241003709500251016
05,5,66,068,2024,10,15,5,3,5,3,0,1,1,0,0,0,0,375668.057000000029802,5785582.491000000387430,7.180449825000039,52.206644304000065,0,05241003709300258720
05,5,66,084,2024,10,14,5,3,0,1,0,0,1,0,1,0,0,386469.754999999888241,5778117.973600000143051,7.340951298000050,52.141892325000072,0,05241003709300245135
05,5,62,036,2024,10,21,5,3,0,1,2,1,0,0,0,0,0,389057.983199999667704,5719362.611300000920892,7.397644675000038,51.614349385000025,0,05241003701930249243
05,5,62,004,2024,10,19,5,3,0,7,1,0,0,0,0,0,1,382952.695700000040233,5716148.075999999418855,7.310577798000054,51.584221916000047,0,05241003701800386188
05,5,54,004,2024,10,07,4,3,5,3,0,1,0,0,0,0,0,364457.626000000163913,5771889.640000000596046,7.021952105000025,52.080966310000065,0,05241009705000431538
05,5,66,048,2024,10,20,4,2,0,7,2,1,0,0,0,0,0,428097.099600000306964,5796273.616399999707937,7.945259253000074,52.312082657000076,0,05241002709700232609
05,5,66,012,2024,10,20,4,3,8,6,2,0,0,0,1,0,1,402322.441999999806285,5776706.710999999195337,7.572932312000034,52.132238659000052,0,05241002709110235340
05,5,54,064,2024,10,16,4,3,3,1,0,1,1,0,0,0,0,361455.572499999776483,5751307.567099999636412,6.986484896000036,51.895285123000065,0,05241002705000244234
05,5,54,056,2024,10,08,4,3,5,2,0,1,1,0,0,0,0,356534.872000000439584,5762413.892200000584126,6.910386944000038,51.993831388000046,1,05241002705000237126
05,5,13,000,2024,10,19,2,3,6,2,2,0,1,1,0,0,0,365541.706699999980628,5719463.033900000154972,7.058148078000045,51.610126577000074,1,05241014700000637215
05,5,54,048,2024,10,05,4,3,5,3,2,1,1,0,0,0,0,341260.629099999554455,5746128.618799999356270,6.695605301000057,51.843372782000074,0,05241002705000214095
05,5,15,000,2024,10,17,4,3,3,2,0,1,0,0,0,0,0,405417.946499999612570,5757903.606499999761581,7.623347281000065,51.963769648000039,0,05241002702100227873
05,5,15,000,2024,10,12,4,3,0,1,0,1,0,0,0,0,0,406705.991799999959767,5750712.281999999657273,7.644039168000063,51.899347789000046,1,05241002702100213622
05,5,13,000,2024,10,13,4,3,5,3,0,1,1,0,0,0,0,365249.752799999900162,5715678.903200000524521,7.055387422000024,51.576051079000081,1,05241002700000222143
05,5,13,000,2024,10,08,4,3,6,2,1,0,1,1,0,0,0,367881.123999999836087,5709556.642999999225140,7.095637772000032,51.521655183000064,1,05241002700000199160
05,5,70,052,2024,10,10,3,3,3,5,0,1,1,0,0,0,0,430861.027999999932945,5757097.803899999707937,7.993763400000034,51.960272563000046,1,05241001711100162928
05,5,66,068,2024,10,13,3,3,5,3,0,0,1,0,0,0,0,376153.538599999621511,5784894.366699999198318,7.187802440000041,52.200570023000068,1,05241001709300176637
05,5,66,012,2024,10,13,3,3,5,3,0,1,1,0,0,0,0,405123.356700000353158,5771579.932199999690056,7.615268941000068,52.086646354000038,1,05241001709110182146
05,5,58,016,2024,10,09,3,3,5,3,0,1,1,0,0,0,0,381668.998999999836087,5744476.471000000834465,7.282439390000036,51.838551920000043,1,05241001706000161323
05,5,54,004,2024,10,07,3,3,4,6,0,1,1,0,0,0,0,361013.691999999806285,5772814.941999999806285,6.971349362000069,52.088426501000072,1,05241001705000222783
05,5,54,064,2024,10,16,3,3,0,2,0,1,1,0,0,0,0,356790.431900000199676,5750523.753900000825524,6.919057724000027,51.887063254000054,1,05241001705000185546
05,5,62,004,2024,10,10,4,3,0,2,0,0,1,0,0,0,1,384313.007799999788404,5710996.741900000721216,7.331898330000058,51.538203577000047,0,05241002701800204737
05,5,54,008,2024,10,04,3,3,2,6,2,1,0,0,1,0,0,334000.202200000174344,5745255.713999999687076,6.590724020000039,51.833420207000074,1,05241001705000147118
05,5,62,004,2024,10,17,3,3,0,1,0,0,0,0,1,0,0,382807.582700000144541,5712821.854699999094009,7.309593647000042,51.554296673000067,1,05241001701800184636
05,5,62,016,2024,10,14,3,3,5,3,0,1,1,0,0,0,0,375439.902099999599159,5734264.792600000277162,7.195738881000068,51.745426927000040,1,05241001701700185350
05,5,62,014,2024,10,16,3,3,5,3,0,1,1,0,0,0,0,359655.912100000306964,5715172.201700000092387,6.974917006000055,51.570133009000074,0,05241001701300183462
05,5,70,008,2024,09,08,2,3,5,3,0,0,1,0,0,0,0,432477.058000000193715,5739037.798000000417233,8.020812733000071,51.798114884000029,0,05240930711300110772
05,5,66,072,2024,09,10,2,3,5,3,0,0,1,0,0,0,0,411447.946999999694526,5801883.156999999657273,7.699617058000058,52.360069193000072,0,05240930709700118958
05,5,66,084,2024,09,14,2,3,5,3,0,1,1,0,0,0,0,389284.193900000303984,5775596.539799999445677,7.382882318000043,52.119803012000034,0,05240930709300130611
05,5,66,012,2024,09,13,2,3,0,7,0,1,1,0,0,0,0,405898.804899999871850,5771456.479000000283122,7.626617196000041,52.085669106000068,0,05240930709300129715
05,5,54,008,2024,09,19,2,3,6,4,2,1,0,1,0,0,0,335607.813299999572337,5744860.638000000268221,6.614222160000054,51.830346493000036,1,05240930705000141057
05,5,62,004,2024,09,14,2,3,0,1,0,1,0,0,0,0,0,381601.944899999536574,5712997.399800000712276,7.292152461000057,51.555622666000033,1,05240930701800132550
05,5,62,012,2024,09,07,2,3,5,3,0,1,1,0,0,0,0,359231.918999999761581,5726413.709000000730157,6.964286435000076,51.671042087000046,0,05240930701610109811
05,5,12,000,2024,09,20,2,3,5,2,2,0,1,0,0,0,1,354266.372700000181794,5709982.842499999329448,6.899353658000052,51.522136285000045,1,05240930701400143867
05,5,12,000,2024,09,19,2,3,5,3,1,1,1,0,0,0,0,359470.290199999697506,5710925.821900000795722,6.973936834000028,51.531928732000040,0,05240930701400141027
05,5,13,000,2024,09,14,2,2,3,3,0,1,1,0,0,0,0,368592.362399999983609,5706756.449300000444055,7.106927095000060,51.496656331000054,1,05240930700000136585
05,5,62,014,2024,10,15,6,3,5,2,0,0,1,0,0,0,0,361120.398199999704957,5715203.644600000232458,6.996022269000036,51.570778178000069,0,05241011701300551219
05,5,62,012,2024,10,16,2,2,0,5,0,0,1,0,0,0,1,362181.754300000146031,5736071.933499999344349,7.003097148000052,51.758561692000058,0,05241007701620369380
05,5,58,008,2024,09,15,1,3,0,1,0,0,0,0,0,0,1,382677.794800000265241,5760060.424699999392033,7.291768178000041,51.978819495000039,0,05240929706000094438
05,5,58,012,2024,09,09,1,3,9,1,0,0,1,0,0,0,0,374364.231999999843538,5758614.963999999687076,7.171314709000058,51.964012520000040,0,05240929706000090554
05,5,54,028,2024,09,20,1,3,6,6,2,1,0,1,0,0,0,357520.485199999995530,5743719.017300000414252,6.932463855000037,51.826107629000035,0,05240929705000097650
05,5,54,020,2024,09,17,1,3,7,5,0,1,1,0,0,0,0,364935.815600000321865,5783749.517799999564886,7.024215494000032,52.187649095000040,0,05240929705000095806
05,5,54,004,2024,09,12,1,3,1,3,0,0,1,0,0,0,1,363242.013299999758601,5771566.800000000745058,7.004352983000047,52.077766538000049,0,05240929705000090225
05,5,62,036,2024,09,12,1,3,0,2,0,1,0,0,0,0,0,384109.958399999886751,5719685.077400000765920,7.326104973000042,51.616250726000033,1,05240929701930093426
05,5,54,012,2024,10,11,2,3,0,7,0,1,0,0,0,0,0,353257.215499999932945,5746461.549499999731779,6.869481328000063,51.849645847000033,0,05241007705000345944
05,5,13,000,2024,10,17,7,3,5,2,0,1,1,0,0,0,0,365911.569000000134110,5719560.019999999552965,7.063449256000069,51.611086340000043,0,05241005700000304592
05,5,62,012,2024,09,13,1,2,0,7,0,1,0,0,0,0,0,362675.321100000292063,5731040.751800000667572,7.012229242000046,51.713473017000069,0,05240929701620092796
05,5,66,064,2024,09,17,1,3,0,7,0,0,1,0,0,0,0,395593.498300000093877,5771422.696699999272823,7.476278950000051,52.083517657000073,0,05240929709110095180
05,5,66,008,2024,11,06,2,3,5,3,1,1,1,0,0,0,0,399022.733000000007451,5781068.324999999254942,7.523444095000059,52.170846611000059,0,05241104709110360210
05,5,54,012,2024,11,12,2,3,5,2,0,1,1,0,0,0,0,352905.088999999687076,5752883.678500000387430,6.861635871000033,51.907255274000079,0,05241104705000384372
05,5,54,008,2024,11,13,2,3,5,3,0,1,0,0,0,0,0,337045.627999999560416,5746207.467000000178814,6.634435205000045,51.842867027000068,0,05241104705000380808
05,5,62,020,2024,11,16,2,2,5,3,0,0,1,0,0,0,1,372069.742899999953806,5718421.921099999919534,7.152751973000022,51.602291385000058,0,05241104701200391226
05,5,62,020,2024,11,15,2,3,5,3,0,1,1,0,0,0,0,366852.921799999661744,5719649.481799999251962,7.077002337000067,51.612113696000051,0,05241104701200389175
05,5,13,000,2024,11,11,2,3,5,3,0,1,1,0,0,0,0,369095.602599999867380,5707799.513100000098348,7.113785532000065,51.506146944000079,0,05241104700000374725
05,5,13,000,2024,11,07,2,3,6,4,0,0,1,1,0,0,0,366321.969499999657273,5708400.737199999392033,7.073616098000059,51.510900639000056,0,05241104700000356411
05,5,70,036,2024,11,16,1,3,5,2,1,1,1,0,0,0,0,436884.423000000417233,5763876.711999999359250,8.080166164000048,52.021930101000066,0,05241103711100344287
05,5,66,016,2024,11,13,1,3,2,1,0,1,1,0,0,0,0,406205.663599999621511,5790831.658700000494719,7.625737723000043,52.259867533000033,0,05241103709500342409
05,5,54,056,2024,11,17,1,3,5,3,1,1,0,0,0,0,1,357372.638500000350177,5762323.698300000280142,6.922618091000061,51.993236768000031,1,05241103705000644659
05,5,66,076,2024,11,11,7,2,5,3,0,1,1,0,0,0,0,391121.065499999560416,5792765.519200000911951,7.404182614000035,52.274468487000036,0,05241102709500320422
05,5,66,012,2024,11,23,7,3,6,7,2,0,1,1,0,0,0,401823.542999999597669,5776928.130000000819564,7.565581946000066,52.134140347000027,1,05241102709110333847
05,5,54,008,2024,11,14,7,3,5,3,0,1,1,0,0,0,0,336327.242999999783933,5745742.466000000014901,6.624236266000025,51.838479610000036,0,05241102705000324144
05,5,15,000,2024,11,11,7,3,2,6,0,0,1,0,0,0,0,406181.983000000007451,5757260.051200000569224,7.634640276000027,51.958114537000029,0,05241102702100402259
05,5,15,000,2024,11,16,7,3,6,4,0,0,1,1,0,0,0,401089.661500000394881,5758368.305400000885129,7.560235766000062,51.967193224000027,0,05241102702100328605
05,5,15,000,2024,11,17,7,3,5,2,2,0,1,0,0,0,0,405184.682000000029802,5757197.271999999880791,7.620148129000029,51.957381090000069,0,05241102702000328607
05,5,62,024,2024,11,09,7,2,0,1,0,1,0,0,0,0,0,368654.807699999772012,5723240.534800000488758,7.101663966000046,51.644808293000040,1,05241102701500319227
05,5,15,000,2024,11,19,6,2,9,1,2,0,0,0,1,0,0,408502.815000000409782,5764343.011600000783801,7.666515969000045,52.022166747000028,1,05241101702100312851
05,5,62,016,2024,11,12,6,3,9,3,0,1,1,0,0,0,0,374856.919999999925494,5733465.189999999478459,7.187586524000039,51.738111114000048,1,05241101701700305486
05,5,62,012,2024,11,13,6,2,0,1,0,0,0,0,0,0,1,362283.658800000324845,5726518.472100000828505,7.008348732000059,51.672739849000038,1,05241101701610306111
05,5,66,016,2024,10,10,5,2,0,1,0,1,0,0,0,0,0,404059.149000000208616,5794714.597899999469519,7.593192650000049,52.294396513000038,1,05241031709500263508
05,5,66,012,2024,10,18,5,3,0,7,2,1,1,0,0,0,0,405005.824000000022352,5772261.107999999076128,7.613364278000063,52.092748729000050,0,05241031709110318662
05,5,66,012,2024,10,16,5,3,5,3,1,1,1,0,0,0,0,400683.606399999931455,5776361.521999999880791,7.549097994000022,52.128844033000064,0,05241031709110287755
05,5,58,032,2024,10,19,5,3,0,7,2,1,0,0,0,0,0,386130.183500000275671,5754402.089900000020862,7.343887519000020,51.928684768000039,0,05241031706000287901
05,5,58,024,2024,10,12,5,3,6,1,0,0,1,1,0,0,0,393248.343500000424683,5736765.800100000575185,7.452817252000045,51.771582292000062,0,05241031706000286112
05,5,54,048,2024,10,13,5,3,5,3,0,1,1,0,0,0,0,341861.163999999873340,5744289.895999999716878,6.705155899000033,51.827024107000057,0,05241031705000277092
05,5,13,000,2024,10,19,5,3,6,7,2,0,1,1,0,0,0,369833.081000000238419,5716007.760999999940395,7.121369683000069,51.580083432000038,0,05241031700000287680
05,5,13,000,2024,10,08,5,3,2,6,0,0,1,0,0,0,0,366358.390999999828637,5708343.652000000700355,7.074162273000070,51.510396251000031,1,05241031700000263905
05,5,66,008,2024,10,07,4,3,5,3,1,1,1,0,0,0,0,399891.980999999679625,5780655.777000000700355,7.536272003000022,52.167297102000077,1,05241030709110217596
05,5,58,012,2024,10,07,4,2,0,1,0,1,0,0,0,0,0,373282.564899999648333,5755097.021999999880791,7.156876142000044,51.932153473000028,1,05241030706200213364
05,5,58,020,2024,10,11,4,3,0,7,0,1,0,0,0,0,0,391154.119900000281632,5759459.535800000652671,7.415322528000047,51.975144097000054,1,05241030706000224353
05,5,54,008,2024,10,17,4,3,8,1,2,0,1,0,0,0,0,335327.129999999888241,5744738.379000000655651,6.610210664000022,51.829165529000079,1,05241030705000244785
05,5,54,008,2024,10,15,4,2,5,3,0,1,0,0,0,0,1,333149.248999999836087,5744453.449599999934435,6.578772086000072,51.825959798000042,1,05241030705000238221
05,5,54,008,2024,10,09,4,3,5,3,0,1,1,0,0,0,0,334661.680100000463426,5746286.048900000751019,6.599823051000044,51.842872205000049,0,05241030705000224960
05,5,54,020,2024,10,07,4,3,5,2,0,1,1,0,0,0,0,364242.155600000172853,5786042.601299999281764,7.013156024000068,52.208082715000046,1,05241030705000209582
05,5,62,014,2024,10,12,4,3,5,2,0,0,1,0,0,0,0,358921.709800000302494,5713429.524399999529123,6.965029444000038,51.554290167000033,1,05241030701300234078
05,5,62,032,2024,10,14,4,3,5,3,0,0,1,0,0,0,0,375708.351999999955297,5714614.803999999538064,7.206611458000054,51.568890916000043,1,05241030701120280294
05,5,70,008,2024,10,22,3,3,9,1,2,0,1,0,0,0,0,435412.674300000071526,5735327.530899999663234,8.064067927000053,51.765106004000074,1,05241029711300199740
05,5,70,004,2024,10,19,3,3,6,2,2,0,1,1,0,0,0,425009.016599999740720,5734775.091700000688434,7.913455430000056,51.758842931000061,1,05241029711200196885
05,5,66,084,2024,10,16,3,3,5,2,0,1,1,0,0,0,0,385965.638199999928474,5778912.063899999484420,7.333321389000048,52.148924925000074,1,05241029709300195870
05,5,66,084,2024,10,07,3,3,7,5,1,1,1,0,0,0,0,389142.255199999548495,5775648.662499999627471,7.380793075000042,52.120243005000077,1,05241029709300162321
05,5,66,012,2024,10,07,3,3,3,2,0,1,0,0,0,0,0,405454.349999999627471,5772840.700300000607967,7.619748585000025,52.098035035000066,1,05241029709110160964
05,5,15,000,2024,10,16,3,3,5,3,0,1,0,0,0,0,0,405897.193699999712408,5758438.841800000518560,7.630173935000073,51.968661906000079,1,05241029702100191568
05,5,15,000,2024,10,11,3,3,5,3,0,1,1,0,0,0,0,406264.460400000214577,5753823.185900000855327,7.636777159000076,51.927236192000066,1,05241029702100174222
05,5,62,008,2024,10,07,3,3,5,3,0,1,1,0,0,0,0,384612.219700000248849,5722941.850700000301003,7.332282918000033,51.645624863000080,1,05241029701910160271
05,5,62,004,2024,10,15,3,3,2,6,0,0,1,0,1,0,0,383901.866000000387430,5709653.063999999314547,7.326415771000029,51.526042404000066,1,05241029701800195657
05,5,62,024,2024,10,16,3,3,5,3,0,1,1,0,0,0,0,370473.444400000385940,5725167.993000000715256,7.127219576000073,51.662551596000071,1,05241029701500190998
05,5,13,000,2024,10,16,3,3,6,7,0,0,1,1,0,0,0,367066.952999999746680,5713879.899000000208616,7.082276485000023,51.560315640000056,1,05241029700000193964
05,5,15,000,2024,10,07,3,2,1,7,0,1,1,0,0,0,0,403488.061999999918044,5757657.213400000706315,7.595335861000024,51.961223307000068,0,05241029702100306477
05,5,66,008,2024,10,19,3,3,0,4,2,0,1,1,0,0,0,399564.025000000372529,5781328.813999999314547,7.531279286000029,52.173286601000029,1,05241029709110199537
05,5,70,004,2024,10,12,2,3,0,1,0,0,0,0,1,0,0,423392.116499999538064,5734203.535900000482798,7.890158825000071,51.753485991000048,0,05241028711200132674
05,5,66,012,2024,10,08,2,3,0,1,0,1,1,0,0,0,0,404938.928700000047684,5773623.620899999514222,7.612007981000033,52.104983735000076,1,05241028709110116892
05,5,54,008,2024,10,17,2,3,0,6,1,0,1,0,1,0,0,335320.028300000354648,5746375.081900000572205,6.609328747000063,51.843866559000048,0,05241028705000162921
05,5,54,012,2024,10,11,2,3,5,2,0,1,1,0,0,0,0,352851.186999999918044,5747668.014000000432134,6.863077092000026,51.860378964000063,0,05241028705000130814
05,5,54,004,2024,10,09,2,3,5,3,0,1,1,0,0,0,0,363261.377000000327826,5771377.255999999120831,7.004711326000063,52.076068194000072,0,05241028705000122389
05,5,15,000,2024,10,14,2,3,0,2,0,1,1,0,0,0,0,406263.475899999961257,5758708.576199999079108,7.635430506000034,51.971148292000066,0,05241028702100151685
05,5,15,000,2024,10,19,2,3,4,2,2,0,1,0,0,0,1,412540.646200000308454,5752653.034499999135733,7.728325658000074,51.917739352000069,1,05241028702100150556
05,5,15,000,2024,10,07,2,3,5,3,0,1,1,0,0,0,0,404518.667500000447035,5755079.019500000402331,7.611047048000046,51.938227441000038,0,05241028702100113870
05,5,62,004,2024,10,08,2,3,2,2,0,0,1,0,0,0,0,383233.621399999596179,5714111.727199999615550,7.315307632000042,51.565978062000056,0,05241028701800114736
05,5,62,012,2024,10,12,2,3,5,3,0,1,1,0,0,0,0,364679.437199999578297,5732743.059800000861287,7.040558990000022,51.729257203000031,1,05241028701620155167
05,5,62,014,2024,10,08,2,3,5,2,0,0,1,0,0,1,0,359854.764700000174344,5717221.214900000020862,6.976966722000043,51.588594898000053,1,05241028701300124310
05,5,62,032,2024,10,17,2,3,0,1,2,1,0,0,0,0,0,374806.345599999651313,5714310.485500000417233,7.193711872000051,51.565956406000055,1,05241028701120170919
05,5,66,056,2024,10,00,1,2,1,5,2,1,0,0,0,0,1,416414.381900000385940,5796766.552999999374151,7.773803081000040,52.314859127000034,0,05241027709700091282
05,5,66,096,2024,10,06,1,3,0,7,0,1,1,0,0,0,0,386428.890499999746680,5786688.299499999731779,7.337484224000036,52.218904588000044,0,05241027709500123191
05,5,62,020,2024,10,13,1,3,0,3,0,1,1,0,0,0,0,371629.899000000208616,5716883.581000000238419,7.146967268000026,51.588366434000079,1,05241027701200099338
05,5,13,000,2024,10,00,1,3,8,1,2,0,1,0,0,0,1,367320.705599999986589,5711503.796900000423193,7.086831157000063,51.539022234000072,0,05241027700000091251
05,5,70,052,2024,10,09,7,3,4,6,0,0,1,0,0,0,0,429864.181800000369549,5756448.631899999454618,7.979390477000038,51.954311913000026,0,05241026711100076654
05,5,66,028,2024,10,21,7,2,0,1,2,1,0,0,0,0,0,411665.741999999620020,5792779.189999999478459,7.705205298000067,52.278276359000074,0,05241026709700089747
05,5,66,008,2024,10,12,7,2,5,3,0,1,1,0,0,0,0,401180.290099999867380,5783875.761099999770522,7.554164056000047,52.196469906000061,1,05241026709110079496
05,5,62,004,2024,10,17,7,3,5,3,0,0,1,0,0,0,0,379841.166000000201166,5715659.871999999508262,7.265855933000068,51.579179340000053,0,05241026701800084709
05,5,62,012,2024,11,15,2,3,8,1,0,0,1,0,0,0,0,358139.095999999903142,5724495.069000000134110,6.949272223000037,51.653526866000050,0,05241104701610392095
05,5,62,032,2024,10,15,3,3,6,5,0,0,1,1,0,0,0,375916.424300000071526,5714661.077899999916553,7.209595787000069,51.569352618000039,0,05241029701120189799
05,5,66,004,2024,10,16,6,3,0,7,0,1,0,0,0,0,0,395716.353000000119209,5767689.205000000074506,7.479211742000075,52.049985372000037,0,05241025709110064659
05,5,66,012,2024,10,09,6,3,0,1,0,1,0,0,0,0,0,404924.411299999803305,5772351.522199999541044,7.612151049000033,52.093547406000027,1,05241025709110039388
05,5,58,012,2024,10,10,6,3,5,3,0,1,0,0,0,0,0,374209.093000000342727,5756235.902000000700355,7.169928681000044,51.942598147000069,0,05241025706200047108
05,5,58,008,2024,10,11,6,3,4,5,0,1,0,0,0,0,1,382777.016499999910593,5759996.210799999535084,7.293234107000046,51.978263345000073,0,05241025706000059557
05,5,54,068,2024,10,23,6,3,8,6,2,1,1,0,0,0,0,352510.178199999965727,5765931.608100000768900,6.850295444000039,52.024382520000074,0,05241025705000071522
05,5,54,068,2024,10,17,6,2,6,4,0,0,1,1,0,0,0,349505.368800000287592,5768031.578900000080466,6.805610017000049,52.042442362000031,0,05241025705000066092
05,5,54,060,2024,10,15,6,2,0,7,0,1,0,0,0,0,0,353267.662700000219047,5757027.809299999848008,6.865136180000036,51.944585201000052,1,05241025705000063571
05,5,54,008,2024,10,14,6,3,5,3,0,1,0,0,0,0,1,337736.107800000347197,5745751.145700000226498,6.644663598000022,51.838968685000054,0,05241025705000063383
05,5,54,008,2024,10,02,6,3,6,6,2,1,0,1,0,0,0,335282.810999999754131,5745604.614000000059605,6.609155821000058,51.836934185000075,0,05241025705000030471
05,5,15,000,2024,10,21,6,3,5,3,2,1,1,0,0,0,0,403599.638000000268221,5761974.151000000536442,7.595746264000070,52.000044542000069,0,05241025702100070693
05,5,15,000,2024,10,15,6,3,6,7,0,0,0,1,0,0,1,406086.059999999590218,5751386.101999999955297,7.634848051000063,51.905300317000069,0,05241025702100062717
05,5,62,024,2024,10,15,6,3,5,2,0,0,1,0,1,0,0,370738.810999999754131,5725829.777000000700355,7.130809415000044,51.668559940000080,0,05241025701500061292
05,5,62,024,2024,10,11,6,3,5,3,0,1,1,0,0,0,0,369929.447999999858439,5724106.997300000861287,7.119753429000070,51.652891167000064,1,05241025701500049889
05,5,62,020,2024,10,18,6,3,5,3,1,1,1,0,0,0,0,371444.808799999766052,5716630.482799999415874,7.144389676000060,51.586049674000037,0,05241025701200066326
05,5,62,032,2024,10,10,6,3,5,3,0,0,0,1,1,0,0,376550.566999999806285,5715654.941600000485778,7.218391804000021,51.578423932000078,0,05241025701120049093
05,5,54,004,2024,11,15,2,2,3,2,0,1,1,0,0,0,0,364044.807000000029802,5771890.598999999463558,7.015931120000062,52.080873709000059,0,05241104705000391002
05,5,54,008,2024,10,08,2,3,2,6,0,0,1,0,0,1,0,335955.737399999983609,5744801.799399999901652,6.619294661000026,51.829920190000053,1,05241028705000116492
05,5,54,008,2024,10,07,4,3,0,1,0,1,0,0,0,0,0,336414.549700000323355,5744951.995999999344349,6.625876049000055,51.831404013000054,1,05241030705000216468
05,5,70,004,2024,10,09,5,2,0,5,0,1,1,0,0,0,0,423499.297500000335276,5735354.997800000011921,7.891457803000037,51.763851874000068,0,05241024711200000829
05,5,15,000,2024,10,11,5,2,5,2,0,1,1,0,0,0,0,399567.410000000149012,5756260.082000000402331,7.538701534000040,51.947971361000043,0,05241024702100004881
05,5,62,032,2024,10,15,5,3,4,6,0,1,0,0,0,0,0,375236.171900000423193,5717656.702899999916553,7.198721137000064,51.596124654000050,0,05241024701110022726
05,5,70,052,2024,10,16,4,3,6,6,0,0,1,1,0,0,0,430687.488499999977648,5756369.148900000378489,7.991385170000058,51.953700617000038,0,05241023711100981257
05,5,66,004,2024,10,16,4,3,7,1,0,0,1,0,0,0,0,395748.168800000101328,5767702.385099999606609,7.479671520000068,52.050109816000031,0,05241023709110980839
05,5,54,008,2024,10,13,4,3,5,3,0,0,1,0,1,0,0,330709.576899999752641,5743082.483400000259280,6.544074102000025,51.812910634000048,0,05241023705000969462
05,5,54,044,2024,10,09,4,3,3,5,0,0,1,0,0,0,0,365234.255599999800324,5741477.729399999603629,7.045198902000038,51.807881329000054,0,05241023705000960573
05,5,54,024,2024,10,06,4,3,2,6,2,0,1,0,0,0,0,370159.960099999792874,5775154.727600000798702,7.103875224000035,52.111672710000050,0,05241023705000946575
05,5,62,014,2024,10,17,4,3,0,6,0,1,0,0,0,0,1,360714.639999999664724,5716284.597999999299645,6.989742583000066,51.580391615000053,0,05241023701300979271
05,5,62,014,2024,10,15,4,3,5,3,0,1,1,0,0,0,0,360914.275899999774992,5718095.890699999406934,6.991904216000023,51.596717309000041,0,05241023701300975712
05,5,66,076,2024,10,16,3,3,1,6,0,0,1,0,0,0,0,395235.901399999856949,5794019.138100000098348,7.464079453000068,52.286534624000069,0,05241022709500932980