ULAND,UREGBEZ,UKREIS,UGEMEINDE,UJAHR,UMONAT,USTUNDE,UWOCHENTAG,UKATEGORIE,UART,UTYP1,ULICHTVERH,IstRad,IstPKW,IstFuss,IstKrad,IstGkfz,IstSonstige,LINREFX,LINREFY,XGCSWGS84,YGCSWGS84,STRZUSTAND,UIDENTSTLAE
05,5,58,016,2024,10,20,3,2,8,7,0,1,0,0,0,0,0,379018.184100000187755,5742920.324300000444055,7.244526385000029,51.823998869000036,0,05241022706000940494
05,5,54,048,2024,10,16,3,3,0,7,0,1,1,0,0,0,0,341357.222000000067055,5745417.379000000655651,6.697332466000034,51.837010499000030,0,05241022705000935666
05,5,54,048,2024,10,14,3,3,5,3,0,0,1,0,0,0,0,341861.163999999873340,5744289.895999999716878,6.705155899000033,51.827024107000057,0,05241022705000932721
05,5,54,004,2024,10,11,3,3,5,3,0,1,1,0,0,0,0,363268.846900000236928,5771395.760800000280142,7.004812840000056,52.076236311000059,0,05241022705000914768
05,5,54,048,2024,10,08,3,3,0,1,0,1,0,0,0,0,0,341910.791799999773502,5745785.504000000655651,6.705192237000063,51.840474691000054,1,05241022705000905627
05,5,54,008,2024,10,06,3,3,5,3,2,1,1,0,0,0,0,335701.152999999932945,5745848.696000000461936,6.615106398000023,51.839250089000075,1,05241022705000896709
05,5,62,024,2024,10,19,3,3,2,6,2,0,1,0,0,0,0,368691.559899999760091,5724758.223500000312924,7.101624984000068,51.658455670000080,0,05241022701500936536
05,5,62,014,2024,10,20,3,3,5,3,2,1,1,0,0,0,0,358453.050900000147521,5715709.436400000005960,6.957355797000048,51.574659865000058,0,05241022701300937976
05,5,62,014,2024,10,16,3,3,6,7,0,0,1,1,0,0,0,359990.625000000000000,5715281.185200000181794,6.979700054000034,51.571195550000027,0,05241022701300932217
05,5,70,004,2024,10,17,2,3,0,6,0,1,1,0,0,0,0,422606.673700000159442,5732344.674399999901652,7.879195859000049,51.736667540000042,1,05241021711200886134
05,5,66,084,2024,10,15,2,3,5,3,0,1,1,0,0,0,0,389643.593000000342727,5775520.109999999403954,7.388154241000052,52.119187979000060,0,05241021709300886386
05,5,58,024,2024,10,12,2,3,1,5,0,1,1,0,0,0,0,392709.035400000400841,5736130.360899999737740,7.445200283000077,51.765767856000082,1,05241021706300878442
05,5,58,024,2024,10,07,2,3,2,6,0,1,0,0,0,0,1,392414.729700000025332,5736602.301699999719858,7.440790900000025,51.769953177000048,1,05241021706300857082
05,5,54,024,2024,10,19,2,2,8,1,2,0,1,0,0,0,0,369698.678399999625981,5778875.756500000134110,7.095717546000060,52.145000624000033,1,05241021705000891945
05,5,15,000,2024,10,14,2,2,5,3,0,0,1,0,0,0,1,403388.654199999757111,5757690.265000000596046,7.593880223000042,51.961503120000032,1,05241021702100878714
05,5,15,000,2024,10,17,2,3,0,7,0,1,1,0,0,0,0,404446.548899999819696,5755097.546599999070168,7.609993135000025,51.938381590000063,0,05241021702100161728
05,5,62,024,2024,10,17,2,3,4,6,0,0,1,0,0,0,0,373186.446499999612570,5725705.712200000882149,7.166228932000024,51.668002768000065,1,05241021701500889087
05,5,70,052,2024,10,16,1,3,0,7,0,1,0,0,0,0,0,430161.633500000461936,5756079.949300000444055,7.983793157000036,51.951035034000029,0,05241020711100840559
05,5,54,068,2024,10,18,1,3,8,1,1,1,0,0,0,0,0,352544.555200000293553,5765229.906799999997020,6.851098387000036,52.018087155000046,0,05241020705000843577
05,5,15,000,2024,10,19,1,3,0,3,1,1,1,0,0,0,0,406980.302899999544024,5751601.922399999573827,7.647784753000053,51.907390272000043,0,05241020702100846987
05,5,70,028,2024,10,17,6,3,5,3,0,1,0,0,0,0,1,440069.925999999977648,5741683.191999999806285,8.130448963000049,51.822762823000062,0,05241025711400065897
05,5,66,076,2024,10,12,7,2,5,3,0,1,0,0,0,0,1,394541.821399999782443,5793551.299100000411272,7.454054097000039,52.282197286000041,1,05241019709500819389
05,5,66,068,2024,10,02,7,2,0,1,2,1,0,0,0,0,0,378203.706100000068545,5786326.783999999985099,7.217270634000045,52.213898909000079,1,05241019709300813722
05,5,58,032,2024,10,11,7,3,8,6,0,0,1,0,0,0,1,391274.382899999618530,5751291.326899999752641,7.419654871000034,51.901754847000063,1,05241019706000819970
05,5,54,020,2024,10,19,7,3,5,3,2,1,1,0,0,0,0,363496.894000000320375,5786497.573999999091029,7.002072688000055,52.211986643000046,1,05241019705000826898
05,5,54,008,2024,10,17,7,3,5,3,0,1,1,0,0,0,0,336112.439000000245869,5745263.886600000783801,6.621347884000045,51.834117323000044,1,05241019705000825675
05,5,15,000,2024,10,17,7,2,0,1,0,0,0,0,1,0,0,407635.601400000043213,5758247.993799999356270,7.655523150000022,51.967238059000067,0,05241019702100827661
05,5,15,000,2024,10,19,7,3,1,6,0,0,1,0,0,0,0,411743.860700000077486,5754889.580199999734759,7.716169808000075,51.937717524000050,0,05241019702100827374
05,5,62,024,2024,10,16,7,3,5,3,0,1,1,0,0,0,0,370786.273400000296533,5727588.760299999266863,7.130844505000027,51.684378258000038,0,05241019701500837180
05,5,62,014,2024,10,12,7,3,3,6,0,1,1,0,0,0,0,358688.839499999769032,5715105.661499999463558,6.960998952000068,51.569293546000040,1,05241019701300821490
05,5,62,032,2024,10,11,7,3,2,6,0,0,1,0,0,0,0,375137.858799999579787,5717278.123800000175834,7.197437220000040,51.592700531000048,1,05241019701110819628
05,5,54,012,2024,10,08,3,3,5,3,0,1,1,0,0,0,0,352683.770499999634922,5745869.040300000458956,6.861414306000029,51.844171168000059,1,05241029705000163366
05,5,58,016,2024,10,16,6,3,0,7,0,0,0,0,0,0,1,381554.069000000134110,5742925.676999999210238,7.281302761000063,51.824590311000065,0,05241018706000804199
05,5,58,012,2024,10,15,6,3,4,6,0,1,1,0,0,0,0,373759.418700000271201,5758292.691500000655651,7.162634711000067,51.960979449000035,0,05241018706000803664
05,5,54,012,2024,10,16,6,3,3,2,0,0,0,0,1,0,0,350927.414699999615550,5744594.744599999859929,6.836485915000026,51.832255748000080,0,05241018705000805486
05,5,54,064,2024,10,14,6,3,1,4,0,0,1,1,0,0,0,361458.545400000177324,5751347.666099999099970,6.986511962000066,51.895646174000035,0,05241018705000802451
05,5,54,008,2024,10,11,6,3,0,7,0,0,1,0,0,0,0,334636.468999999575317,5743219.643999999389052,6.600922224000044,51.815318220000051,0,05241018705000791384
05,5,15,000,2024,10,19,6,3,0,3,2,0,1,0,1,0,0,406556.438799999654293,5751261.800000000745058,7.641717197000048,51.904262116000041,0,05241018702100810272
05,5,62,024,2024,10,11,6,2,5,2,0,0,1,0,1,0,0,371061.685999999754131,5725456.703999999910593,7.135613377000027,51.665281431000039,0,05241018701500801342
05,5,12,000,2024,10,08,6,3,9,1,1,0,1,0,0,0,0,359520.106200000271201,5708868.621799999848008,6.975474789000032,51.513454980000063,0,05241018701400784192
05,5,62,020,2024,10,13,6,2,1,5,0,1,1,0,0,0,0,367551.512400000356138,5718560.595799999311566,7.087497111000062,51.602493153000069,0,05241018701200807372
05,5,58,016,2024,10,08,2,3,3,6,0,0,1,0,0,0,1,378643.367899999953806,5745201.087400000542402,7.238290598000049,51.844414715000028,1,05241028706000119500
05,5,13,000,2024,10,11,6,2,5,2,0,0,1,0,0,0,0,366744.009999999776483,5707255.394999999552965,7.080127046000030,51.500707524000063,0,05241018700000800285
05,5,66,088,2024,10,08,5,3,5,3,0,0,1,0,0,0,0,423904.920900000259280,5785370.556800000369549,7.886235100000022,52.213511645000040,1,05241017709800743807
05,5,66,076,2024,10,16,5,3,3,7,0,1,0,0,0,0,1,393666.457000000402331,5793449.811000000685453,7.441258984000058,52.281116543000053,0,05241017709500766305
05,5,66,012,2024,10,18,5,3,5,3,0,1,1,0,0,0,0,403776.273000000044703,5771976.168999999761581,7.595502680000038,52.089975231000039,0,05241017709000811494
05,5,54,008,2024,10,13,5,3,0,2,0,1,1,0,0,0,0,335597.866100000217557,5745358.849500000476837,6.613841276000073,51.834819205000031,1,05241017705000754852
05,5,62,024,2024,10,00,5,3,8,1,2,0,1,0,0,0,0,364695.370900000445545,5724563.164699999615550,7.043961820000050,51.655755052000075,1,05241017701500728954
05,5,58,016,2024,11,00,7,2,0,1,2,1,0,0,0,0,0,381110.576399999670684,5743963.593100000172853,7.274514145000069,51.833824016000051,2,05241123706000134552
05,5,58,016,2024,11,00,7,3,0,1,2,1,0,0,0,0,0,381793.292000000365078,5743661.319000000134110,7.284521090000055,51.831252327000072,2,05241123706000134417
05,5,62,008,2024,11,07,7,2,0,1,1,1,0,0,0,0,0,384282.754099999554455,5721746.228700000792742,7.327918653000040,51.634811292000052,2,05241123701910137876
05,5,62,024,2024,11,22,7,3,5,2,2,1,1,0,0,0,0,370281.944600000046194,5725199.053300000727177,7.124440815000071,51.662786555000082,1,05241123701500152009
05,5,62,014,2024,11,16,7,3,2,2,1,0,1,0,0,0,1,361652.033999999985099,5713296.570000000298023,7.004439088000026,51.553771579000056,1,05241123701300145584
05,5,62,008,2024,11,10,7,3,2,6,0,1,1,0,0,0,0,381883.504200000315905,5721133.680199999362230,7.293473226000060,51.628807325000082,1,05241123701910140311
05,5,66,076,2024,11,19,6,3,5,3,2,0,1,0,1,0,0,393044.477400000207126,5792893.346699999645352,7.432321604000037,52.275994834000073,1,05241122709500130003
05,5,66,060,2024,11,17,6,2,0,7,2,1,0,0,0,0,0,390821.425800000317395,5786265.855599999427795,7.401893197000049,52.215996085000029,1,05241122709500128442
05,5,66,012,2024,11,14,6,3,5,3,0,1,1,0,0,0,0,400994.902700000442564,5777878.848600000143051,7.553202282000029,52.142537440000069,1,05241122709110128490
05,5,54,008,2024,11,13,6,3,5,2,0,1,1,0,0,0,0,336545.774699999950826,5745707.261399999260902,6.627422020000040,51.838227348000032,1,05241122705000120499
05,5,54,068,2024,11,11,6,3,6,7,0,0,1,1,0,0,0,350550.993599999696016,5766922.795700000599027,6.821329043000048,52.032763456000055,0,05241122705000117700
05,5,62,032,2024,11,07,6,3,8,1,1,0,1,0,0,0,0,374698.055300000123680,5716196.632600000128150,7.191477502000055,51.582883406000064,2,05241122702340113390
05,5,15,000,2024,11,10,6,3,1,7,0,1,1,0,0,0,0,405320.853099999949336,5758612.305999999865890,7.621739096000056,51.970123199000057,1,05241122702100161885
05,5,62,012,2024,11,06,6,3,5,3,2,0,1,0,0,0,1,363078.702899999916553,5731711.787000000476837,7.017800700000066,51.719601548000071,2,05241122701620100054
05,5,62,014,2024,11,16,6,3,6,4,2,0,1,1,0,0,0,360797.162700000219047,5715645.580600000917912,6.991186083000059,51.574669743000072,1,05241122701300127200
05,5,62,014,2024,11,15,6,3,5,3,0,0,1,0,0,0,0,361982.746700000017881,5712967.497199999168515,7.009335383000064,51.550895462000028,1,05241122701300125111
05,5,62,020,2024,11,11,6,3,0,7,0,0,0,1,0,1,0,370610.207100000232458,5718888.091299999505281,7.131517009000049,51.606147325000052,1,05241122701200119773
05,5,62,032,2024,11,07,6,3,5,1,1,0,1,0,0,0,0,375818.996500000357628,5714351.501700000837445,7.208300138000027,51.566548939000029,2,05241122701120106906
05,5,13,000,2024,11,06,6,3,6,2,2,0,1,1,0,0,0,367731.376000000163913,5706595.249900000169873,7.094591406000063,51.495006878000027,1,05241122700000105601
05,5,70,032,2024,11,20,5,3,8,1,2,1,0,0,0,0,0,420322.963700000196695,5766666.108799999579787,7.838201021000032,52.044872822000059,1,05241121711100090992
05,5,70,024,2024,11,15,5,3,5,3,0,1,1,0,0,0,0,421437.054299999959767,5753529.383099999278784,7.857451635000075,51.926943372000039,0,05241121711100087143
05,5,66,064,2024,11,19,5,3,2,6,2,0,1,0,0,0,0,395667.736999999731779,5771200.336999999359250,7.477430006000077,52.081533162000028,1,05241121709110127583
05,5,54,008,2024,11,05,5,3,5,3,2,1,1,0,0,0,0,336128.890999999828637,5745759.447000000625849,6.621351755000035,51.838573995000047,1,05241121705000213213
05,5,54,008,2024,11,15,5,3,0,1,0,1,0,0,0,0,0,334757.003999999724329,5745835.896900000050664,6.601420562000044,51.838856563000036,0,05241121705000084437
05,5,54,008,2024,11,07,5,3,4,6,0,1,0,0,0,0,0,333971.110600000247359,5743457.406700000166893,6.591164507000030,51.817256879000070,1,05241121705000052492
05,5,15,000,2024,11,06,5,3,5,3,2,1,0,0,0,0,0,406470.392799999564886,5757993.026799999177456,7.638636704000021,51.964751459000070,1,05241121702100057442
05,5,62,024,2024,11,06,5,3,6,4,2,0,1,1,0,0,0,366993.456799999810755,5727464.407099999487400,7.076059337000061,51.682375233000073,1,05241121701500048426
05,5,62,014,2024,11,15,5,3,0,1,0,0,0,0,0,0,1,361503.704499999992549,5715910.011499999091029,7.001271117000044,51.577219973000069,0,05241121701300081851
05,5,62,020,2024,11,07,5,3,1,7,0,0,0,1,0,1,0,372220.131400000303984,5713056.625000000000000,7.156874392000020,51.554107902000055,0,05241121701200061394
05,5,58,024,2024,11,17,6,3,5,3,2,1,1,0,0,0,0,391454.809399999678135,5735691.009299999102950,7.427169356000036,51.761577245000069,1,05241122706000129512
05,5,66,076,2024,11,13,4,3,5,6,0,0,0,0,1,0,1,394445.637400000356138,5797534.752100000157952,7.451396057000068,52.317978969000080,0,05241120709500034669
05,5,66,012,2024,11,16,4,3,0,3,1,1,1,0,0,0,0,404505.525000000372529,5772441.604000000283122,7.606013145000077,52.094284946000073,1,05241120709110039061
05,5,58,016,2024,11,18,4,3,0,2,2,0,1,0,1,0,0,379938.630699999630451,5744616.295099999755621,7.257287219000034,51.839439195000068,1,05241120706000041437
05,5,15,000,2024,11,11,4,3,9,5,0,1,1,0,0,0,0,407740.864099999889731,5757288.988399999216199,7.657312546000071,51.958635478000076,1,05241120702100024376
05,5,15,000,2024,11,10,4,3,9,6,0,0,1,0,0,0,0,404590.670800000429153,5761706.835100000724196,7.610252335000041,51.997813009000026,0,05241120702100016931
05,5,62,008,2024,11,07,4,3,6,6,1,1,0,1,0,0,0,384612.681900000199676,5722681.496999999508262,7.332375464000052,51.643284979000043,1,05241120701910004995
05,5,62,004,2024,11,17,4,2,6,4,2,0,1,1,0,0,0,382799.445000000298023,5712319.630100000649691,7.309643672000050,51.549781123000059,1,05241120701800039120
05,5,62,014,2024,11,15,4,3,5,3,0,0,1,0,0,0,0,360820.902999999932945,5714697.938999999314547,6.991903817000036,51.566160011000079,1,05241120701300038376
05,5,62,032,2024,11,07,4,3,5,7,1,0,1,0,0,0,1,373849.911999999545515,5715104.619000000879169,7.179634854000028,51.572880199000053,1,05241120701120011113
05,5,62,032,2024,11,15,4,2,6,4,0,0,1,1,0,0,0,375192.372600000351667,5720012.449999999254942,7.197250565000047,51.617286311000043,1,05241120701110035540
05,5,70,020,2024,11,16,3,3,5,7,0,0,1,0,0,0,1,432986.827999999746680,5743195.128000000491738,8.027399660000071,51.835550370000078,1,05241119711400989910
05,5,70,004,2024,11,07,3,3,4,6,1,1,0,0,0,0,0,424957.603799999691546,5735182.829199999570847,7.912622599000031,51.762501484000040,1,05241119711200962212
05,5,58,012,2024,11,12,3,3,0,1,0,0,0,0,0,0,1,373036.175300000235438,5755495.451999999582767,7.153147341000022,51.935677770000041,1,05241119706000977956
05,5,54,068,2024,11,15,3,2,5,3,0,1,1,0,0,0,0,350130.967000000178814,5767959.444000000134110,6.814756409000040,52.041963736000071,1,05241119705000988064
05,5,54,068,2024,11,09,3,3,5,3,0,1,1,0,0,0,0,351388.728000000119209,5766844.647800000384450,6.833566035000047,52.032286442000043,1,05241119705000977257
05,5,62,012,2024,11,08,3,3,6,7,0,0,1,1,0,0,0,358472.736800000071526,5727214.218200000002980,6.952990690000036,51.678044505000059,0,05241119701610012659
05,5,62,024,2024,11,15,3,3,5,3,2,1,1,0,0,0,0,369610.472000000067055,5724166.091000000014901,7.115123093000022,51.653348328000050,1,05241119701500989087
05,5,62,032,2024,11,07,3,3,6,2,0,0,1,1,0,0,0,375522.781000000424683,5714581.086999999359250,7.203947236000033,51.568546958000070,1,05241119701120957764
05,5,15,000,2024,11,19,4,3,5,2,2,1,1,0,0,0,0,405771.577999999746680,5756493.690999999642372,7.628879546000064,51.951156750000052,0,05241120702100041836
05,5,70,004,2024,11,13,2,3,0,3,0,1,0,0,0,0,0,422265.304999999701977,5734816.185000000521541,7.873700731000042,51.758838208000043,0,05241118711200081456
05,5,70,052,2024,11,13,2,3,5,3,0,1,1,0,0,0,0,430585.519399999640882,5757223.976999999955297,7.989728869000032,51.961372482000058,0,05241118711100992922
05,5,66,076,2024,11,11,2,3,0,3,0,1,1,0,0,0,0,394292.314000000245869,5793929.875000000000000,7.450279212000055,52.285551707000081,1,05241118709500920049
05,5,58,016,2024,11,08,2,3,0,3,1,1,1,0,0,0,0,381743.450000000186265,5743580.929999999701977,7.283825574000048,51.830519307000031,0,05241118706000908323
05,5,54,008,2024,11,11,2,3,6,7,0,0,1,1,0,0,0,335730.999900000169873,5743210.585400000214577,6.616790993000052,51.815559574000076,0,05241118705000921071
05,5,13,000,2024,11,20,2,3,6,4,2,0,1,1,0,0,0,366617.118499999865890,5709198.437699999660254,7.077564956000060,51.518139038000072,1,05241118700000039077
05,5,66,076,2024,11,11,1,3,5,3,0,1,1,0,0,0,0,394006.447999999858439,5792433.203999999910593,7.446560453000075,52.272045733000027,1,05241117709500891876
05,5,66,012,2024,11,20,1,3,0,1,2,1,0,0,0,0,0,405352.947999999858439,5771806.914000000804663,7.618555776000051,52.088725821000082,1,05241117709110898297
05,5,54,020,2024,11,18,1,3,2,5,2,0,1,0,1,0,0,365783.470999999903142,5786591.610899999737740,7.035481382000057,52.213393266000026,1,05241117705000897121
05,5,62,024,2024,11,19,1,3,0,1,2,0,0,0,1,0,0,372169.752000000327826,5729875.474999999627471,7.150008119000063,51.705245009000066,1,05241117702340897358
05,5,62,020,2024,11,22,1,3,9,1,2,0,1,0,0,0,0,371006.846099999733269,5716734.858500000089407,7.138033204000067,51.586887598000033,1,05241117701200899850
05,5,66,028,2024,11,19,7,2,6,4,2,0,1,1,0,0,0,412049.224899999797344,5792215.555199999362230,7.710971807000021,52.273271754000064,0,05241116709700882140
05,5,66,060,2024,11,12,7,3,5,3,0,1,1,0,0,0,0,388907.274199999868870,5787953.685300000011921,7.373332530000027,52.230781959000069,0,05241116709500875712
05,5,58,016,2024,11,12,7,3,5,3,0,0,1,0,1,0,0,380308.347000000067055,5741904.319000000134110,7.263588750000054,51.815145791000077,1,05241116706000872612
05,5,15,000,2024,11,17,7,3,0,2,2,1,0,0,0,0,0,407430.619599999859929,5756612.842299999669194,7.652980938000042,51.952506348000043,0,05241116702100878690
05,5,62,012,2024,11,18,7,3,5,3,2,0,1,0,0,0,0,361480.193300000391901,5735829.993499999865890,6.993035080000027,51.756214590000070,0,05241116701620880381
05,5,70,004,2024,11,11,6,3,5,3,0,0,1,0,1,0,0,422926.052600000053644,5735274.692900000140071,7.883170642000039,51.763051347000044,0,05241115711200842336
05,5,66,076,2024,11,11,6,3,0,7,0,1,0,0,0,0,1,393729.752000000327826,5793915.582000000402331,7.442039612000031,52.285314760000063,0,05241115709500853556
05,5,66,076,2024,11,07,6,3,5,3,1,1,1,0,0,0,0,392080.607599999755621,5794345.737199999392033,7.417734730000063,52.288859244000037,0,05241115709500831000
05,5,58,012,2024,11,12,6,3,7,3,0,1,1,0,0,0,0,372937.978600000031292,5755378.531899999827147,7.151762931000064,51.934604671000045,0,05241115706000844927
05,5,62,004,2024,11,14,6,3,4,5,0,1,1,0,0,0,0,383282.282499999739230,5716242.914999999105930,7.315301197000053,51.585142661000077,0,05241115701800851438
05,5,62,004,2024,11,09,6,3,5,3,0,0,1,0,0,0,0,382195.423600000329316,5716707.840299999341369,7.299464888000045,51.589095075000046,1,05241115701800836905
05,5,62,014,2024,11,14,6,3,3,6,0,1,0,0,0,0,1,358459.271800000220537,5715703.495999999344349,6.957447902000069,51.574608047000027,0,05241115701300863696
05,5,62,032,2024,11,10,6,2,1,5,0,1,1,0,0,0,0,373815.395999999716878,5713533.838899999856949,7.179701026000032,51.558755744000052,1,05241115701120840933
05,5,13,000,2024,11,14,6,3,5,3,0,1,1,0,0,0,0,367891.833100000396371,5708620.856100000441074,7.096142814000075,51.513248022000028,0,05241115700000853762
05,5,70,052,2024,11,15,3,3,1,5,0,1,1,0,0,0,0,430092.233000000007451,5755719.613399999216199,7.982856786000070,51.947787033000054,1,05241119711100988692
05,5,66,076,2024,11,21,5,3,5,3,2,1,1,0,0,0,0,393746.189299999736249,5793461.779500000178814,7.442423537000025,52.281239525000046,1,05241114709500105090
05,5,66,068,2024,11,19,5,3,7,2,2,0,1,0,0,0,0,375156.233000000007451,5784898.896999999880791,7.173215586000026,52.200385781000080,1,05241114709300817185
05,5,15,000,2024,11,19,5,3,5,2,2,1,1,0,0,0,0,405153.463700000196695,5756636.364700000733137,7.619848782000076,51.952334097000062,0,05241114702100817578
05,5,62,004,2024,11,15,5,3,5,2,0,1,1,0,0,0,0,383077.006000000052154,5711757.360999999567866,7.313831865000054,51.544785171000058,1,05241114701800813116
05,5,62,014,2024,11,16,5,3,1,5,0,1,1,0,0,0,0,361920.395700000226498,5715047.765900000929832,7.007619638000051,51.569573909000042,0,05241114701300813285
05,5,13,000,2024,11,11,5,3,6,2,0,0,1,1,0,0,0,366154.948900000192225,5708621.380300000309944,7.071126926000034,51.512843933000056,0,05241114700000796459
05,5,13,000,2024,11,07,5,3,6,4,2,0,1,1,0,0,0,370750.012500000186265,5708895.893200000748038,7.137208514000065,51.516380872000070,1,05241114700000784988
05,5,62,012,2024,11,14,5,3,5,3,0,1,1,0,0,0,0,363624.203999999910593,5732383.625000000000000,7.025429745000054,51.725771623000071,0,05241121701610079260
05,5,70,004,2024,11,12,4,3,0,7,0,0,1,0,0,0,1,427302.113800000399351,5739786.983100000768900,7.945624139000074,51.804201071000080,1,05241113711200771666
05,5,54,008,2024,11,16,4,3,0,1,0,1,0,0,0,0,0,335472.204599999822676,5748394.476099999621511,6.610574714000052,51.862052367000047,0,05241113705000768144
05,5,54,068,2024,11,16,4,3,6,4,0,0,1,1,0,0,0,347104.819699999876320,5770413.721100000664592,6.769569675000071,52.063186889000065,0,05241113705000767929
05,5,62,024,2024,11,22,4,3,2,6,2,0,1,0,0,0,0,368724.050599999725819,5724697.543800000101328,7.102117223000050,51.657917959000031,1,05241113701500771881
05,5,62,020,2024,11,00,4,2,8,1,2,0,1,0,0,0,0,371184.383000000379980,5716283.667999999597669,7.140759981000031,51.582873427000038,0,05241113701200727186
05,5,66,040,2024,11,15,3,3,5,3,0,0,1,0,0,0,0,421182.584999999962747,5782687.665999999269843,7.847022591000041,52.189012900000080,0,05241112709800719348
05,5,54,008,2024,11,17,3,3,5,2,1,1,1,0,0,0,0,336603.623900000005960,5744409.169600000604987,6.628873776000034,51.826582857000062,0,05241112705000721289
05,5,54,004,2024,11,16,3,3,5,3,2,1,1,0,0,0,0,362843.277499999850988,5771191.540100000798702,6.998689092000063,52.074296071000049,0,05241112705000718895
05,5,54,008,2024,11,07,3,3,0,3,0,1,0,0,0,0,0,335996.027400000020862,5746496.695499999448657,6.619075443000042,51.845158018000063,1,05241112705000684861
05,5,15,000,2024,11,17,3,3,2,6,2,1,1,0,0,0,0,405360.929700000211596,5757419.012700000777841,7.622651180000048,51.959404213000028,0,05241112702100720933
05,5,15,000,2024,11,18,3,2,0,6,2,1,1,0,0,0,0,405972.568699999712408,5758596.748199999332428,7.631227559000024,51.970093994000081,0,05241112702100720366
05,5,12,000,2024,11,10,3,3,6,4,0,0,0,1,0,1,0,357274.344100000336766,5708571.353099999949336,6.943252599000061,51.510220898000057,0,05241112701400698648
05,5,54,020,2024,11,23,7,3,0,7,2,0,0,0,0,0,1,366893.421600000001490,5785801.322300000116229,7.052028154000027,52.206561417000046,1,05241116705000883461
05,5,15,000,2024,11,18,3,3,1,5,0,0,1,0,0,0,0,401260.680399999953806,5758169.028899999335408,7.562781617000041,51.965432496000062,0,05241112702100726008
05,5,70,052,2024,11,09,2,3,1,5,0,1,1,0,0,0,1,431597.864000000059605,5757263.823499999940395,8.004452361000062,51.961856163000050,1,05241111711100666468
05,5,70,052,2024,11,11,2,3,4,1,0,1,0,0,0,0,0,429065.150999999605119,5752652.517999999225140,7.968548003000024,51.920085037000035,1,05241111711100659652
05,5,66,076,2024,11,11,2,3,5,3,0,1,1,0,0,0,0,393013.898799999617040,5791998.107799999415874,7.432157535000044,52.267943218000028,1,05241111709500650649
05,5,66,068,2024,11,17,2,3,1,3,2,1,1,0,0,0,0,376287.825500000268221,5786261.068299999460578,7.189267013000062,52.212881559000039,1,05241111709300668911
05,5,66,008,2024,11,17,2,3,5,5,2,1,1,0,0,0,0,398529.649600000120699,5780490.210699999704957,7.516409378000048,52.165560256000049,1,05241111709110673699
05,5,58,028,2024,11,20,2,3,1,1,2,0,1,0,0,1,0,397392.169999999925494,5733208.496300000697374,7.513902798000061,51.740383092000059,0,05241111706000678665
05,5,15,000,2024,11,18,2,3,5,2,2,1,1,0,0,0,0,407929.758999999612570,5758276.655999999493361,7.659796020000044,51.967544491000069,1,05241111702100670316
05,5,12,000,2024,11,07,2,3,3,6,1,1,1,0,0,0,0,358471.172299999743700,5709130.180900000035763,6.960263336000025,51.515543568000055,1,05241111701400634601
05,5,13,000,2024,11,16,2,3,5,3,1,1,1,0,0,0,0,363639.548999999649823,5711882.277000000700355,7.033637279000061,51.541546134000043,1,05241111700000668285
05,5,13,000,2024,11,14,2,3,2,7,0,0,1,0,1,0,0,368330.162200000137091,5710008.642699999734759,7.101937457000076,51.525822052000080,1,05241111700000666712
05,5,15,000,2024,11,20,1,3,7,7,2,0,0,0,1,0,1,406694.110999999567866,5751013.052999999374151,7.643785122000054,51.902049307000027,0,05241110702100626752
05,5,54,068,2024,11,14,4,3,5,3,0,0,1,0,0,0,0,348325.000000000000000,5765323.024000000208616,6.789613397000039,52.017786477000072,1,05241120705000038935
05,5,13,000,2024,11,11,2,3,2,6,0,0,1,0,0,0,0,363045.400999999605119,5717352.216000000014901,7.022943414000054,51.590556648000074,1,05241111700000665901
05,5,62,008,2024,11,07,3,3,5,3,2,0,1,0,0,0,1,381951.474000000394881,5726213.384999999776483,7.292740043000038,51.674475451000035,1,05241119701910962437
05,5,58,024,2024,11,11,7,3,7,1,0,0,1,0,0,0,0,393370.927199999801815,5736781.307299999520183,7.454588434000073,51.771745036000027,0,05241109706000597970
05,5,54,008,2024,11,18,7,3,0,1,2,1,0,0,0,0,0,335729.375000000000000,5745999.585000000894070,6.615444025000045,51.840613889000053,0,05241109705000604720
05,5,15,000,2024,11,09,7,3,5,3,0,1,1,0,0,0,0,405470.733000000007451,5758375.948999999091029,7.623985322000067,51.968024237000066,0,05241109702100595216
05,5,15,000,2024,11,20,7,3,0,7,2,0,1,0,0,0,1,406490.029000000096858,5757221.176899999380112,7.639132568000036,51.957817006000028,0,05241116702100941933
05,5,62,032,2024,11,14,6,3,1,5,0,1,1,0,0,0,0,374972.714100000448525,5723276.621400000527501,7.192913802000021,51.646572839000044,0,05241108701110579202
05,5,62,020,2024,11,13,5,2,9,1,0,0,1,0,0,0,0,371301.077700000256300,5716952.691899999976158,7.142198047000022,51.588912515000061,0,05241121701200081743
05,5,66,076,2024,11,08,5,3,6,7,0,0,1,1,0,0,0,391573.769100000150502,5792412.711200000718236,7.410928445000025,52.271387238000045,0,05241107709500520657