ULAND,UREGBEZ,UKREIS,UGEMEINDE,UJAHR,UMONAT,USTUNDE,UWOCHENTAG,UKATEGORIE,UART,UTYP1,ULICHTVERH,IstRad,IstPKW,IstFuss,IstKrad,IstGkfz,IstSonstige,LINREFX,LINREFY,XGCSWGS84,YGCSWGS84,STRZUSTAND,UIDENTSTLAE
05,5,66,068,2024,11,16,5,3,0,2,2,0,1,0,1,0,0,376431.450000000186265,5785545.268999999389052,7.191629323000029,52.206481503000077,0,05241107709300537432
05,5,66,012,2024,11,09,5,3,0,7,0,1,0,0,0,0,0,404920.929999999701977,5772363.498999999836087,7.612096906000033,52.093654458000060,1,05241107709110508296
05,5,54,056,2024,11,12,5,3,0,3,0,0,0,0,1,0,0,357293.935700000263751,5762138.059299999848008,6.921549854000034,51.991548576000071,0,05241107705000536969
05,5,54,004,2024,11,11,5,3,1,5,0,1,1,0,0,0,0,362945.901300000026822,5771187.231899999082088,7.000187261000065,52.074282768000046,0,05241107705000525079
05,5,58,012,2024,11,14,4,3,8,1,0,1,0,0,0,0,0,373528.190299999900162,5756078.018100000917912,7.160086126000067,51.941024980000066,1,05241120706000032540
05,5,58,016,2024,11,08,4,3,5,3,1,0,1,0,1,0,0,380308.347000000067055,5741904.319000000134110,7.263588750000054,51.815145791000077,1,05241106706000458778
05,5,54,008,2024,11,19,4,2,5,3,2,0,1,0,0,0,1,336170.088800000026822,5746072.588899999856949,6.621800906000033,51.841399177000028,1,05241106705000494955
05,5,54,008,2024,11,14,4,3,4,6,0,1,0,0,0,0,0,335499.840099999681115,5744600.835999999195337,6.612780102000045,51.827980803000059,0,05241106705000480630
05,5,54,008,2024,11,08,4,3,5,3,1,1,0,0,1,0,0,336678.223699999973178,5745897.085100000724196,6.629253161000065,51.839971377000040,0,05241106705000471110
05,5,15,000,2024,11,15,4,2,0,7,0,1,0,0,0,0,0,407457.791400000452995,5757379.929899999871850,7.653169594000076,51.959405868000033,0,05241106702100487681
05,5,15,000,2024,11,14,4,3,1,7,0,1,0,0,0,0,0,402065.787999999709427,5759313.747800000011921,7.574170000000038,51.975863899000046,0,05241106702100482628
05,5,15,000,2024,11,08,4,3,2,6,1,1,0,0,0,0,0,407756.689699999988079,5757287.633400000631809,7.657543158000067,51.958625924000046,0,05241106702100456849
05,5,62,024,2024,11,18,4,3,5,2,2,1,1,0,0,0,0,368866.277300000190735,5725946.696699999272823,7.103703488000065,51.669176731000050,1,05241106701500493963
05,5,62,032,2024,11,07,4,3,5,2,1,1,1,0,0,0,0,375178.099799999967217,5717987.925400000065565,7.197765313000048,51.599088527000049,1,05241106701110455625
05,5,13,000,2024,11,22,7,3,5,3,2,0,1,0,0,0,0,367352.492999999783933,5709643.969000000506639,7.087989762000063,51.522316050000029,1,05241116700000883571
05,5,54,008,2024,11,18,1,3,0,1,2,1,0,0,0,0,0,338377.571999999694526,5746892.796000000089407,6.653432811000073,51.849410876000036,1,05241110705000622857
05,5,70,004,2024,11,15,3,3,6,7,0,0,0,1,0,0,1,426355.500500000081956,5736450.315199999138713,7.932605793000050,51.774081474000070,0,05241105711200438397
05,5,66,084,2024,11,16,3,3,5,3,0,0,1,0,1,0,0,390433.916000000201166,5775798.095000000670552,7.399603163000052,52.121843493000029,0,05241105709300442443
05,5,66,084,2024,11,15,3,3,5,3,0,0,1,0,0,1,0,384555.399699999950826,5779219.084100000560284,7.312615221000044,52.151391080000053,0,05241105709300439144
05,5,58,044,2024,11,08,3,3,3,2,0,1,1,0,0,0,0,395382.297899999655783,5746951.477399999275804,7.480656806000070,51.863534876000074,0,05241105706300411163
05,5,54,004,2024,11,16,3,3,5,3,0,1,1,0,0,0,0,363219.231200000271201,5771226.059399999678135,7.004157346000056,52.074699226000064,0,05241105705000442743
05,5,54,020,2024,11,11,3,3,7,5,0,1,1,0,0,0,0,363749.055599999614060,5786467.712099999189377,7.005773046000058,52.211780733000069,0,05241105705000421543
05,5,15,000,2024,11,18,3,3,6,4,2,0,1,1,0,0,0,404922.947999999858439,5758369.859999999403954,7.616015687000072,51.967876079000064,0,05241105702100443782
05,5,15,000,2024,11,18,3,3,0,7,2,0,0,0,1,0,0,408144.401899999938905,5761312.590099999681115,7.662106651000045,51.994868604000033,0,05241105702100442912
05,5,15,000,2024,11,08,3,3,0,7,0,1,0,0,0,0,1,409497.456000000238419,5757036.660499999299645,7.682936097000038,51.956656079000027,0,05241105702100413389
05,5,62,028,2024,11,16,3,3,5,3,0,0,1,0,0,0,0,380551.741000000387430,5721851.586999999359250,7.273996557000032,51.634978316000058,0,05241105701920442704
05,5,62,012,2024,11,14,3,2,5,3,0,1,1,0,0,0,0,360432.955900000408292,5726851.961899999529123,6.981468416000041,51.675279819000082,0,05241105701610437101
05,5,62,024,2024,11,17,3,3,6,4,1,0,1,1,0,0,0,368007.890300000086427,5724750.269799999892712,7.091749811000057,51.658224061000055,0,05241105701500441688
05,5,62,024,2024,11,14,3,3,2,6,0,0,1,0,0,0,0,371747.119800000451505,5724997.859200000762939,7.145687204000069,51.661314764000053,0,05241105701500437960
05,5,12,000,2024,11,21,3,3,4,6,2,0,1,0,0,0,0,358086.450100000016391,5711758.541200000792742,6.953663530000028,51.539065368000081,0,05241105701400447231
05,5,13,000,2024,11,19,3,3,6,2,2,0,1,1,0,0,0,367977.236999999731779,5708701.898000000044703,7.097342518000062,51.513996288000044,0,05241105700000442995
05,5,58,016,2024,12,16,6,3,0,5,1,1,1,0,0,0,0,380782.575899999588728,5743647.360700000077486,7.269865033000031,51.830912086000069,0,05241213706100934777
05,5,58,044,2024,12,17,6,3,1,5,2,1,1,0,0,0,0,395495.851200000382960,5752636.979900000616908,7.480582690000062,51.914657272000056,0,05241213706000940332
05,5,58,008,2024,12,09,6,2,0,1,0,0,0,0,1,0,0,383021.202200000174344,5759561.119599999859929,7.296936056000050,51.974404632000073,0,05241213706000921634
05,5,54,060,2024,12,17,6,3,5,3,2,0,1,0,0,0,0,349449.456000000238419,5755949.390000000596046,6.810098990000029,51.933876108000049,0,05241213705000937650
05,5,54,004,2024,12,17,6,3,5,2,2,0,1,0,1,0,0,363685.377999999560416,5771692.126000000163913,7.010768500000040,52.079001970000036,0,05241213705000936296
05,5,13,000,2024,12,14,6,3,5,3,0,0,1,0,0,0,0,370224.672000000253320,5708975.716000000014901,7.129612081000062,51.516977791000045,0,05241213700000933772
05,5,54,020,2024,12,14,5,3,5,3,0,0,1,0,0,0,1,363732.419200000353158,5786416.304500000551343,7.005550402000040,52.211314713000036,1,05241212705000892925
05,5,54,008,2024,12,14,5,2,0,1,0,0,0,0,0,0,1,335462.885700000450015,5746205.302200000733137,6.611481436000076,51.842383475000076,1,05241212705000888789
05,5,62,024,2024,12,11,5,2,6,4,0,0,1,1,0,0,0,369419.901399999856949,5726206.431399999186397,7.111607545000027,51.671639799000047,0,05241212701500895081
05,5,12,000,2024,12,01,5,2,8,1,2,0,1,0,0,0,0,359507.834900000132620,5710371.891599999740720,6.974698727000032,51.526960425000027,0,05241212701400855959
05,5,13,000,2024,12,21,5,3,8,1,2,0,1,0,0,0,0,366320.054100000299513,5710505.707599999383092,7.072789962000058,51.529816728000071,0,05241212700000898054
05,5,62,008,2024,12,07,5,3,2,5,1,1,1,0,0,0,0,385778.690000000409782,5724160.581000000238419,7.348736454000061,51.656816675000073,0,05241212701910864060
05,5,66,076,2024,12,06,4,2,5,2,2,0,1,0,1,0,0,393345.649000000208616,5796551.873999999836087,7.435575989000029,52.308933107000030,0,05241211709500815778
05,5,54,008,2024,12,11,4,3,3,6,0,1,0,0,0,0,0,335741.464999999850988,5746052.528000000864267,6.615594221000038,51.841093054000055,0,05241211705000826498
05,5,13,000,2024,12,19,4,3,2,7,2,0,1,0,1,0,0,369385.961400000378489,5716448.472599999979138,7.114756457000055,51.583940552000058,0,05241211700000850296
05,5,70,052,2024,12,16,3,3,1,6,1,0,1,0,0,0,0,430213.407100000418723,5756849.369599999859929,7.984390103000067,51.957958325000050,0,05241210711100801400
05,5,66,028,2024,12,19,3,3,9,1,2,0,1,0,0,0,0,414205.224999999627471,5791274.066999999806285,7.742801761000067,52.265149966000081,0,05241210709700802341
05,5,66,008,2024,12,17,3,3,2,6,2,0,1,0,0,0,0,399563.031000000424683,5781640.190999999642372,7.531172564000030,52.176084993000075,0,05241210709110801427
05,5,54,020,2024,12,17,3,2,5,2,2,1,1,0,0,0,0,366430.864699999801815,5786177.792199999094009,7.045114530000035,52.209832249000044,0,05241210705000835475
05,5,15,000,2024,12,13,3,3,3,7,0,1,1,0,0,0,0,407423.890899999998510,5757115.656300000846386,7.652747582000075,51.957024792000027,0,05241210702100805398
05,5,15,000,2024,12,13,3,2,5,2,0,1,0,0,0,1,0,403897.751000000163913,5755284.641000000759959,7.601960104000057,51.939968752000027,0,05241210702100799086
05,5,66,040,2024,12,19,2,3,5,3,2,0,1,0,0,0,0,416950.184000000357628,5783772.296000000089407,7.784857942000031,52.198141097000075,1,05241209709800756099
05,5,66,076,2024,12,16,2,3,5,6,1,1,0,0,0,0,0,393682.538999999873340,5794366.956000000238419,7.441205331000049,52.289362212000071,1,05241209709500751808
05,5,12,000,2024,12,13,6,3,5,3,0,1,1,0,0,0,0,356504.003999999724329,5710944.607000000774860,6.931192938000038,51.531351456000039,0,05241213701400932304
05,5,62,032,2024,12,11,4,3,2,6,0,0,1,1,0,0,0,376074.328999999910593,5719392.208000000566244,7.210202346000074,51.611906964000070,0,05241211701110829088
05,5,58,020,2024,12,14,2,3,8,1,0,1,0,1,0,0,0,391155.411199999973178,5759459.177799999713898,7.415341434000027,51.975141132000033,0,05241209706200875490
05,5,58,012,2024,12,08,2,3,5,3,0,0,1,0,0,1,0,374747.524000000208616,5753683.345000000670552,7.178686926000069,51.919781027000056,1,05241209706000720647
05,5,54,004,2024,12,05,2,2,0,1,2,1,0,0,0,0,0,363224.459999999962747,5773002.885600000619888,7.003521067000065,52.090665959000034,1,05241209705000712598
05,5,62,016,2024,12,19,2,3,5,3,2,1,1,0,0,0,0,374363.417000000365078,5734318.701099999248981,7.180134897000073,51.745671052000034,1,05241209701700757102
05,5,62,032,2024,12,16,2,3,5,3,2,1,1,0,0,0,0,375225.502399999648333,5719444.222799999639392,7.197931151000034,51.612186942000051,1,05241209701110784159
05,5,62,032,2024,12,16,2,2,6,4,2,0,1,1,0,0,0,375137.535899999551475,5717276.572100000455976,7.197433113000045,51.592686515000082,1,05241209701110753159
05,5,13,000,2024,12,17,2,3,6,4,2,0,1,1,0,0,0,363188.653099999763072,5710613.574599999934435,7.027632360000041,51.530036029000030,1,05241209700000755592
05,5,13,000,2024,12,10,2,3,1,5,0,1,1,0,0,0,0,364493.829599999822676,5712865.174200000241399,7.045570022000049,51.550584608000065,1,05241209700000730426
05,5,15,000,2024,12,02,1,3,0,7,2,0,0,0,0,0,1,404763.166600000113249,5759052.207299999892712,7.613501266000071,51.973981915000081,1,05241208702100695864
05,5,62,016,2024,12,15,1,3,6,4,0,0,1,1,0,0,0,377240.103600000031292,5731574.418500000610948,7.222750184000063,51.721645742000078,0,05241208701700705948
05,5,54,020,2024,12,15,7,3,6,6,0,0,0,1,0,0,1,364668.321899999864399,5786522.798000000417233,7.019197055000063,52.212502217000065,0,05241207705000686338
05,5,54,008,2024,12,16,6,3,1,6,1,0,1,0,0,0,0,337921.949300000444055,5745605.017400000244379,6.647427174000029,51.837709887000074,0,05241206705000672516
05,5,54,004,2024,12,13,6,3,3,2,0,0,1,0,0,0,1,363220.950000000186265,5771681.608999999240041,7.003999788000044,52.078792937000060,1,05241206705000665324
05,5,15,000,2024,12,13,6,3,0,7,0,0,0,1,0,0,1,406705.912999999709427,5751361.213999999687076,7.643862361000060,51.905180758000029,1,05241206702100664244
05,5,62,016,2024,12,10,6,3,6,6,0,0,1,1,0,0,0,374715.259100000374019,5733957.004000000655651,7.185358897000071,51.742499321000082,1,05241206701700647810
05,5,62,014,2024,12,07,6,3,6,2,2,0,1,1,0,0,0,360910.854000000283122,5715653.031199999153614,6.992822709000052,51.574764756000036,1,05241206701300639594
05,5,13,000,2024,12,07,6,3,5,3,1,0,1,0,0,0,0,368826.351999999955297,5708621.838999999687076,7.109602215000052,51.513474601000041,1,05241206700000648253
05,5,70,020,2024,12,15,5,2,9,1,0,0,1,0,0,0,0,436398.146999999880791,5743329.153999999165535,8.076878314000055,51.837154197000075,1,05241205711400627371
05,5,66,068,2024,12,19,5,2,6,4,2,0,1,1,0,0,0,377917.674100000411272,5785449.340299999341369,7.213402609000070,52.205950671000039,1,05241205709300630389
05,5,66,064,2024,12,14,5,3,5,3,0,1,1,0,0,0,0,395840.257000000216067,5771351.277000000700355,7.479900616000066,52.082922246000066,1,05241205709110623181
05,5,66,012,2024,12,11,5,3,2,1,0,0,1,0,0,0,0,404945.513000000268221,5772210.907099999487400,7.612498194000068,52.092287158000033,1,05241205709110607899
05,5,58,036,2024,12,16,5,3,0,3,2,1,1,0,0,0,0,387942.744300000369549,5729935.729399999603629,7.378153995000048,51.709158412000079,1,05241205706300648250
05,5,58,032,2024,12,17,5,3,6,3,2,0,1,1,0,0,0,387528.737099999561906,5754110.441099999472499,7.364314259000025,51.926347940000028,1,05241205706100629420
05,5,58,012,2024,12,19,5,3,7,7,2,1,0,0,0,0,1,374227.527700000442564,5756746.291899999603629,7.170010023000032,51.947188910000079,0,05241205706000633143
05,5,54,008,2024,12,15,5,3,5,3,0,1,1,0,0,0,0,335973.377199999988079,5746366.760999999940395,6.618808548000061,51.843984108000029,1,05241205705000626149
05,5,15,000,2024,12,12,5,3,3,6,0,1,1,0,0,0,0,405422.245600000023842,5757579.436100000515580,7.623499104000075,51.960856600000056,0,05241205702100663925
05,5,15,000,2024,12,23,5,3,6,4,2,1,0,1,0,0,0,404754.648000000044703,5760133.962999999523163,7.613077007000072,51.983703659000071,1,05241205702100633680
05,5,15,000,2024,12,15,5,3,5,7,0,1,1,0,0,0,0,406027.463600000366569,5756466.082900000736117,7.632609347000027,51.950951888000077,0,05241205702100498618
05,5,62,036,2024,12,07,5,3,5,2,1,1,0,0,0,1,0,390004.172199999913573,5721101.611400000751019,7.410758906000069,51.630165336000061,0,05241205701930594788
05,5,70,004,2024,12,10,4,3,3,3,0,0,1,0,0,0,1,424327.098000000230968,5735104.051999999210238,7.903505415000041,51.761708446000057,0,05241204711200557784
05,5,70,052,2024,12,13,4,3,5,3,0,1,1,0,0,0,0,429977.921799999661744,5756414.543899999931455,7.981052274000035,51.954019809000044,0,05241204711100575242
05,5,58,020,2024,12,18,4,3,5,3,2,1,1,0,0,0,0,391245.228000000119209,5759126.960000000894070,7.416753794000044,51.972172889000035,1,05241204706000587684
05,5,54,008,2024,12,16,4,3,5,2,2,1,1,0,0,0,0,335325.193300000391901,5745607.563300000503659,6.609769012000072,51.836973177000061,0,05241204705000581524
05,5,54,020,2024,12,15,4,3,5,7,0,0,1,0,0,1,0,365282.366999999620020,5784257.367000000551343,7.029079914000022,52.192297052000072,1,05241204705000577399
05,5,15,000,2024,12,15,4,3,5,2,0,1,1,0,0,0,0,404464.115000000223517,5757665.047000000253320,7.609534910000036,51.961462293000068,0,05241204702100575889
05,5,62,012,2024,12,07,4,2,5,2,0,0,1,0,1,0,0,363023.524400000460446,5731280.441700000315905,7.017171994000023,51.715712005000057,0,05241204701620549218
05,5,62,032,2024,12,15,4,3,5,3,0,0,1,0,0,0,1,375658.088999999687076,5719896.385700000450015,7.204015096000035,51.616346298000053,0,05241204701110582559
05,5,70,004,2024,12,17,3,3,1,6,2,0,1,0,0,0,0,423872.356999999843538,5735218.972400000318885,7.896892386000047,51.762679901000070,0,05241203711200535545
05,5,70,004,2024,12,07,3,3,6,7,1,0,1,1,0,0,0,425099.583800000138581,5734812.070299999788404,7.914759434000075,51.759187479000047,1,05241203711200497212
05,5,66,040,2024,12,09,3,3,0,1,0,1,0,0,0,0,0,420725.802899999544024,5782293.024000000208616,7.840434345000062,52.185400056000049,1,05241203709800512917
05,5,54,048,2024,12,17,3,3,5,3,2,1,0,0,0,0,1,342892.927600000053644,5744863.789000000804663,6.719855106000068,51.832471089000080,0,05241203705000534499
05,5,54,012,2024,12,15,3,3,5,3,0,1,0,0,0,0,0,352548.197800000198185,5745899.852199999615550,6.859434546000045,51.844412226000031,0,05241203705000531614
05,5,54,004,2024,12,10,3,3,5,3,0,1,1,0,0,0,0,361359.945000000298023,5770592.205000000074506,6.977303140000060,52.068541538000034,0,05241203705000518093
05,5,15,000,2024,12,14,3,3,3,6,0,1,1,0,0,0,0,405623.947999999858439,5757108.949999999254942,7.626563061000070,51.956661940000060,0,05241203702100527357
05,5,15,000,2024,12,07,3,3,3,6,0,1,1,0,0,0,0,406827.958399999886751,5760040.031799999997020,7.643283947000043,51.983210959000075,1,05241203702100505450
05,5,15,000,2024,12,13,4,3,5,3,0,1,1,0,0,0,0,406195.631000000052154,5752280.557000000029802,7.636196762000054,51.913358630000062,0,05241204702100670099
05,5,66,076,2024,12,18,2,3,0,3,2,1,1,0,0,0,0,391789.485000000335276,5793750.908999999985099,7.413659177000056,52.283456230000070,0,05241202709500597369
05,5,66,076,2024,12,16,2,3,5,3,2,1,1,0,0,0,0,394476.413099999539554,5797560.858999999240041,7.451839203000077,52.318219514000077,1,05241202709500483545
05,5,66,012,2024,12,19,2,3,0,7,2,1,1,0,0,0,0,405547.020399999804795,5773024.545900000259280,7.621050072000060,52.099703305000048,1,05241202709110488844
05,5,58,024,2024,12,06,2,2,5,3,2,1,0,0,0,0,1,387116.358000000007451,5734354.721999999135733,7.364765793000061,51.748709383000062,0,05241202706300445462
05,5,62,036,2024,12,16,2,3,8,1,1,0,1,0,0,0,0,388125.507000000216067,5720206.774100000038743,7.383912965000036,51.621752146000063,1,05241202701930485446
05,5,62,014,2024,12,18,2,3,2,6,2,0,1,0,0,0,0,359214.626199999824166,5716136.507699999958277,6.968167346000030,51.578688209000063,0,05241202701300488720
05,5,13,000,2024,12,17,2,3,5,2,2,1,1,0,0,0,0,368539.006000000052154,5706397.514000000432134,7.106292601000064,51.493418238000061,1,05241202700000485882
05,5,13,000,2024,12,15,2,3,4,6,0,1,1,0,0,0,0,367670.029000000096858,5706310.478000000119209,7.093814969000050,51.492433346000041,1,05241202700000484354
05,5,54,016,2024,12,11,5,2,0,1,0,1,0,0,0,0,0,362875.786999999545515,5758072.588999999687076,7.004416748000040,51.956424279000032,1,05241205705000608403
05,5,66,076,2024,12,07,6,3,5,3,2,0,1,0,0,0,1,393213.952700000256300,5792528.959599999710917,7.434920022000028,52.272752966000041,1,05241206709500646692
05,5,66,076,2024,12,22,1,3,5,3,2,0,1,0,0,0,0,392766.669999999925494,5792882.492000000551343,7.428254810000055,52.275843164000037,0,05241201709500441813
05,5,66,076,2024,12,00,1,3,6,4,2,1,0,1,0,0,0,395521.607200000435114,5787732.097999999299645,7.470212307000054,52.230085180000060,0,05241201709500425596
05,5,58,032,2024,12,14,1,3,1,5,0,1,1,0,0,0,0,387170.098699999973178,5753431.549100000411272,7.359323353000036,51.920173903000034,0,05241201706000434387
05,5,15,000,2024,12,20,1,2,8,7,2,0,0,0,1,0,0,401923.248999999836087,5754426.771999999880791,7.573490316000061,51.931913461000079,0,05241201702100439859
05,5,15,000,2024,12,17,1,3,2,6,2,1,0,0,0,0,0,405343.434999999590218,5760047.468000000342727,7.621671854000056,51.983026843000061,0,05241201702100437668
05,5,66,040,2024,11,18,7,3,5,3,2,1,1,0,0,0,0,421003.936999999918044,5781633.687999999150634,7.844655406000072,52.179513291000035,0,05241130709800420034
05,5,66,076,2024,11,22,7,3,9,1,2,1,1,0,0,0,0,394210.681099999696016,5788246.049499999731779,7.450864278000040,52.234453942000073,0,05241130709500424359
05,5,54,012,2024,11,22,7,2,8,1,2,1,0,0,0,0,0,352207.811999999918044,5747179.311000000685453,6.853949945000068,51.855818015000068,1,05241130705000424538
05,5,54,008,2024,11,15,7,3,0,1,0,0,0,0,0,0,1,336737.711900000460446,5747257.918400000780821,6.629473441000073,51.852213810000080,0,05241130705000417897
05,5,12,000,2024,11,16,7,2,8,7,1,0,1,0,0,1,0,358539.684299999848008,5712646.216900000348687,6.959837707000077,51.547155749000069,0,05241130701400418000
05,5,62,032,2024,11,14,7,3,3,2,0,1,1,0,0,0,0,375516.932000000029802,5714580.426000000908971,7.203863121000040,51.568539726000040,0,05241130701120417437
05,5,15,000,2024,12,16,4,3,0,3,1,1,1,0,0,0,0,402522.191300000064075,5758300.038599999621511,7.581100456000058,51.966832683000064,0,05241211702100848981
05,5,54,056,2024,12,14,2,3,0,1,2,1,0,0,0,0,0,355361.998999999836087,5762046.117900000885129,6.893471261000059,51.990222770000059,1,05241202705000489924
05,5,70,004,2024,11,17,6,3,6,4,2,1,0,1,0,0,0,423577.827700000256300,5735462.615900000557303,7.892571851000071,51.764830047000032,0,05241129711200400764
05,5,15,000,2024,11,20,6,2,4,2,2,1,0,0,0,0,0,406049.425499999895692,5758801.889399999752641,7.632289886000024,51.971950890000073,0,05241129702100404773
05,5,15,000,2024,11,14,6,3,5,3,0,1,1,0,0,0,0,405204.139000000432134,5753259.184000000357628,7.621516726000038,51.921987122000075,0,05241129702100394006
05,5,15,000,2024,11,08,6,3,4,6,1,1,1,0,0,0,0,405681.314000000245869,5751306.851999999955297,7.628988088000028,51.904519598000036,1,05241129702100379330
05,5,62,004,2024,11,11,6,3,6,4,0,0,1,1,0,0,0,383624.146700000390410,5713121.977600000798702,7.321267142000067,51.557163152000044,0,05241129701800383670
05,5,62,014,2024,11,11,6,3,5,3,0,1,1,0,0,0,0,360679.798299999907613,5715622.051899999380112,6.989502869000034,51.574429320000036,0,05241129701300382486
05,5,13,000,2024,11,16,6,3,2,5,2,0,1,0,0,0,0,364847.678000000305474,5716560.539999999105930,7.049249291000024,51.583877556000061,0,05241129700000398611
05,5,13,000,2024,11,09,6,3,6,4,0,0,1,1,0,0,0,362899.349499999545515,5710556.199999999254942,7.023486560000038,51.529450272000076,0,05241129700000378775
05,5,13,000,2024,11,08,6,3,9,7,0,0,1,0,0,0,0,369545.333899999968708,5708747.724300000816584,7.119911156000057,51.514772389000029,1,05241129700000372546
05,5,62,012,2024,12,08,4,3,5,3,2,1,1,0,0,0,0,358670.846800000406802,5725274.159499999135733,6.956638944000076,51.660661522000055,0,05241211701610814115
05,5,54,056,2024,12,09,2,3,5,3,0,1,1,0,0,0,0,356693.127000000327826,5762239.955000000074506,6.912763022000036,51.992309420000026,1,05241202705000456789
05,5,70,028,2024,11,14,5,3,5,3,0,0,1,0,0,0,0,441405.985000000335276,5742830.440999999642372,8.149637870000049,51.833218572000078,1,05241128711400357729
05,5,70,004,2024,11,15,5,3,0,2,0,1,0,0,0,0,1,424619.101300000213087,5734818.237600000575185,7.907797691000042,51.759178449000046,0,05241128711200354955
05,5,66,008,2024,11,14,5,3,5,3,0,1,1,0,0,0,0,398454.747000000439584,5780532.946000000461936,7.515301845000067,52.165930572000036,1,05241128709110350287
05,5,54,008,2024,11,12,5,3,5,3,0,0,1,0,0,0,0,335616.020999999716878,5744994.684000000357628,6.614277504000029,51.831553099000075,0,05241128705000345768
05,5,13,000,2024,11,12,5,3,0,1,0,0,0,0,1,0,0,365076.395999999716878,5715792.611800000071526,7.052843544000041,51.577031446000035,0,05241128700000382843
05,5,13,000,2024,11,11,5,3,6,7,0,0,0,1,0,0,1,369609.235399999655783,5708760.704500000923872,7.120826758000021,51.514903793000030,0,05241128700000335926
05,5,15,000,2024,12,13,2,3,5,2,0,1,0,0,0,0,0,409061.236200000159442,5753940.779100000858307,7.677408509000031,51.928757126000050,1,05241202702100479575
05,5,70,008,2024,11,13,4,3,3,6,0,1,1,0,0,0,0,433498.342000000178814,5739213.493200000375509,8.035586953000063,51.799816767000038,1,05241127711300300697
05,5,66,040,2024,11,16,4,3,0,7,2,0,1,0,0,0,1,420980.775999999605119,5782358.393400000408292,7.844147846000055,52.186024241000041,1,05241127709800310887
05,5,66,076,2024,11,08,4,3,0,1,0,1,0,0,0,0,0,392839.405000000260770,5793602.727499999105930,7.429091561000064,52.282330210000055,1,05241127709500281275
05,5,58,024,2024,11,19,4,3,0,7,2,1,0,0,0,0,0,393199.627500000409782,5737511.702800000086427,7.451882040000044,51.778277188000061,1,05241127706000365091
05,5,54,008,2024,11,14,4,3,1,6,0,0,1,0,0,0,0,336128.890999999828637,5745759.447000000625849,6.621351755000035,51.838573995000047,1,05241127705000310625
05,5,54,004,2024,11,07,4,3,4,2,2,1,1,0,0,0,0,364056.852900000289083,5771236.494599999859929,7.016367433000028,52.074999248000040,1,05241127705000296308
05,5,54,048,2024,11,12,4,3,5,3,0,1,1,0,0,0,0,341287.349299999885261,5745849.747800000011921,6.696120812000061,51.840875020000055,0,05241127705000294702
05,5,15,000,2024,11,16,4,3,6,7,2,0,1,1,0,0,0,405622.974200000055134,5757094.313400000333786,7.626552914000058,51.956530214000054,1,05241127702100308723
05,5,15,000,2024,11,07,4,3,0,7,2,1,0,1,0,0,0,405450.291400000452995,5759216.812500000000000,7.623456244000067,51.975578782000071,0,05241127702100282390
05,5,62,008,2024,11,07,4,3,5,2,0,1,1,0,0,0,0,385214.391999999992549,5724232.154699999839067,7.340558742000042,51.657345003000046,0,05241127701910276447
05,5,62,004,2024,11,15,4,3,1,6,1,0,1,0,0,0,0,383128.520899999886751,5712089.167500000447035,7.314464208000061,51.547778040000026,1,05241127701800308892
05,5,12,000,2024,11,16,4,3,3,7,1,0,1,0,0,0,1,357362.740000000223517,5708424.671000000089407,6.944584883000061,51.508925145000035,1,05241127701400348599
05,5,54,020,2024,12,17,7,3,6,2,2,0,1,1,0,0,0,364645.610799999907613,5786399.676699999719858,7.018914086000052,52.211390363000078,0,05241207705000689182
05,5,70,004,2024,11,18,3,3,3,6,2,0,1,0,0,0,1,423708.195700000040233,5734832.548599999397993,7.894598969000072,51.759183742000062,1,05241126711200265015
05,5,70,004,2024,11,15,3,3,6,4,0,0,1,1,0,0,0,422947.725700000301003,5735283.673100000247359,7.883482638000032,51.763135059000035,0,05241126711200259929
05,5,70,004,2024,11,07,3,3,5,2,1,1,0,0,0,0,1,425172.066999999806285,5735251.785000000149012,7.915714757000046,51.763150078000081,0,05241126711200253695
05,5,70,036,2024,11,07,3,3,2,6,2,1,0,0,0,0,1,434055.258799999952316,5760874.062599999830127,8.039518718000068,51.994608151000079,0,05241126711100234668
05,5,54,016,2024,12,16,4,3,5,3,1,1,1,0,0,0,0,362574.370000000111759,5756729.611999999731779,7.000570032000041,51.944282485000031,0,05241204705000581869
05,5,66,028,2024,11,07,3,3,3,2,2,1,1,0,0,0,0,413270.342299999669194,5792010.824999999254942,7.728916639000033,52.271625556000060,1,05241126709700239897
05,5,66,012,2024,11,15,3,3,0,2,0,1,1,0,0,0,0,405442.916500000283122,5772884.819399999454618,7.619569479000063,52.098429632000034,0,05241126709110259079
05,5,66,008,2024,11,11,3,3,1,5,0,1,0,0,0,1,0,399350.036700000055134,5781473.211300000548363,7.528108314000065,52.174545412000043,1,05241126709110241759
05,5,58,024,2024,11,13,3,3,2,3,0,1,1,0,0,0,0,393583.185999999754131,5736797.351999999955297,7.457658653000067,51.771929639000064,0,05241126706300259445
05,5,58,016,2024,11,17,3,3,4,6,2,1,1,0,0,0,0,380574.882600000128150,5743194.588500000536442,7.267008602000033,51.826798610000026,1,05241126706100261919