ULAND,UREGBEZ,UKREIS,UGEMEINDE,UJAHR,UMONAT,USTUNDE,UWOCHENTAG,UKATEGORIE,UART,UTYP1,ULICHTVERH,IstRad,IstPKW,IstFuss,IstKrad,IstGkfz,IstSonstige,LINREFX,LINREFY,XGCSWGS84,YGCSWGS84,STRZUSTAND,UIDENTSTLAE
05,5,54,060,2024,11,17,3,3,5,2,2,1,1,0,0,0,0,349425.495500000193715,5755891.261199999600649,6.809776176000071,51.933347369000046,1,05241126705000264000
05,5,54,020,2024,11,07,3,2,0,1,1,1,0,0,0,0,0,364206.930900000035763,5786599.112500000745058,7.012417615000061,52.213074414000062,0,05241126705000229104
05,5,15,000,2024,11,17,3,3,1,5,0,0,1,0,0,1,0,402806.859400000423193,5758146.742100000381470,7.585286145000055,51.965504659000032,0,05241126702100468116
05,5,13,000,2024,11,18,5,3,6,2,2,0,1,1,0,0,0,364986.885400000028312,5715972.416600000113249,7.051483451000024,51.578625813000031,1,05241128700000358379
05,5,66,056,2024,11,14,2,3,0,7,0,1,0,0,0,0,0,416992.501000000163913,5797566.404999999329448,7.782084596000061,52.322136264000051,1,05241125709700207766
05,5,54,012,2024,11,13,2,3,1,1,0,0,1,0,0,0,0,353342.702499999664724,5746932.554500000551343,6.870521747000055,51.853900277000037,1,05241125705000211164
05,5,54,020,2024,11,15,2,3,2,3,0,0,1,0,0,0,1,364664.645800000056624,5786493.751499999314547,7.019154897000021,52.212240324000049,1,05241125705000208013
05,5,15,000,2024,11,22,2,3,5,3,2,1,0,0,0,0,0,405899.630599999800324,5757707.295199999585748,7.630409867000026,51.962086856000042,1,05241125702100219818
05,5,15,000,2024,11,14,2,3,5,3,0,0,1,0,0,0,1,406106.431900000199676,5758774.122099999338388,7.633127111000022,51.971710939000047,1,05241125702100206885
05,5,15,000,2024,11,12,2,3,3,6,0,1,1,0,0,0,0,405236.178500000387430,5757571.307099999859929,7.620794141000033,51.960751851000055,0,05241125702100199934
05,5,15,000,2024,11,11,2,3,1,6,0,1,1,0,0,0,0,403452.643299999646842,5756933.019999999552965,7.595024060000071,51.954707878000079,0,05241125702100195029
05,5,15,000,2024,11,08,2,2,5,3,1,0,1,0,1,0,0,406211.838000000454485,5755071.619000000879169,7.635671755000033,51.938448883000035,0,05241125702100185910
05,5,12,000,2024,11,18,2,3,6,2,2,0,1,1,0,0,0,356500.691999999806285,5710332.245999999344349,6.931394707000038,51.525848050000036,1,05241125701400214758
05,5,12,000,2024,11,17,3,3,5,3,2,0,1,0,0,0,1,359486.785000000149012,5710943.664200000464916,6.974167366000074,51.532093169000063,0,05241126701400265075
05,5,54,008,2024,11,22,1,2,0,1,2,1,0,0,0,0,0,336638.060800000093877,5746775.259999999776483,6.628255922000051,51.847848706000036,0,05241124705000170306
05,5,15,000,2024,11,16,1,3,0,7,1,1,1,0,0,0,0,406014.994099999777973,5750535.739000000059605,7.634047220000070,51.897644800000080,0,05241124702100165113
05,5,62,036,2024,11,18,1,3,0,7,2,0,1,0,0,0,0,390827.819899999536574,5719981.611800000071526,7.423003370000060,51.620259070000031,0,05241124701930166847
05,5,66,076,2024,12,01,3,3,8,1,2,0,1,0,0,0,0,395956.554700000211596,5787039.519799999892712,7.476791494000054,52.223943032000079,1,05241231709500449287
05,5,15,000,2024,12,12,3,3,1,5,0,1,1,0,0,0,0,406954.190600000321865,5757152.521700000390410,7.645904146000021,51.957277761000057,1,05241231702100455989
05,5,12,000,2024,12,01,3,1,9,1,2,0,1,0,0,0,0,357654.666199999861419,5709432.189400000497699,6.948381837000056,51.518052257000079,1,05241231701400449346
05,5,62,014,2024,12,15,3,3,0,1,0,0,0,0,1,0,0,360873.659900000318885,5715647.515699999406934,6.992288505000033,51.574706015000061,1,05241231701300458366
05,5,13,000,2024,12,11,3,3,3,2,0,1,1,0,0,0,0,365060.778400000184774,5715856.812999999150634,7.052593632000026,51.577604646000054,0,05241231700000452846
05,5,66,088,2024,12,18,2,3,6,1,2,0,1,1,0,0,0,419073.768199999816716,5786130.704900000244379,7.815358077000042,52.219655990000035,1,05241230709700443985
05,5,66,008,2024,12,19,2,3,0,1,2,0,1,0,0,0,0,398214.411500000394881,5781178.648099999874830,7.511595494000062,52.171689656000069,0,05241230709110445401
05,5,54,056,2024,12,17,2,2,0,1,2,1,0,0,0,0,0,356778.309999999590218,5762390.419999999925494,6.913939955000046,51.993683321000049,1,05241230705000442274
05,5,62,024,2024,12,12,2,3,5,3,0,0,1,0,0,0,0,368801.257600000128150,5725607.134700000286102,7.102891315000022,51.666110066000044,1,05241230701500436456
05,5,13,000,2024,12,22,2,3,1,5,2,0,1,0,0,1,0,369254.178000000305474,5708211.016000000759959,7.115916556000059,51.509881769000060,1,05241230700000447767
05,5,13,000,2024,12,14,2,3,0,1,0,0,0,0,1,0,0,364777.557000000029802,5715593.186000000685453,7.048610299000075,51.575167721000071,1,05241230700000437364
05,5,70,052,2024,12,08,1,3,0,1,0,1,0,0,0,0,0,430738.607099999673665,5755785.173499999567866,7.992246602000023,51.948457256000040,2,05241229711100404799
05,5,13,000,2024,12,18,1,3,5,3,2,0,1,0,0,0,0,367930.336600000038743,5708835.790799999609590,7.096616844000039,51.515188586000079,1,05241229700000407452
05,5,66,016,2024,12,10,7,3,7,7,0,1,0,0,0,0,0,405337.180100000463426,5792266.771099999547005,7.612614216000054,52.272617426000068,1,05241228709700382822
05,5,58,024,2024,12,22,7,3,9,1,2,0,1,0,0,0,0,391466.560800000093877,5736909.413699999451637,7.426958886000023,51.772530451000080,0,05241228706000395860
05,5,54,008,2024,12,15,7,3,5,3,0,1,1,0,0,0,0,336848.752999999560416,5745660.225999999791384,6.631837945000029,51.837893393000058,0,05241228705000387340
05,5,15,000,2024,12,14,7,3,8,7,0,1,1,0,0,0,0,404925.830000000074506,5755039.259999999776483,7.616979103000062,51.937939782000058,0,05241228702100387327
05,5,62,024,2024,12,08,7,3,6,2,1,0,1,1,0,0,0,369839.607200000435114,5724943.234200000762939,7.118144153000060,51.660385328000075,0,05241228701500380853
05,5,62,020,2024,12,15,7,2,0,1,0,1,1,0,0,0,0,367464.992899999953806,5718779.902100000530481,7.086165673000039,51.604443605000029,0,05241228701200390883
05,5,13,000,2024,12,18,7,3,6,4,2,0,1,1,0,0,0,368428.739400000311434,5707918.110099999234080,7.104138031000048,51.507057885000052,0,05241228700000391202
05,5,13,000,2024,12,16,7,3,5,3,1,0,1,0,0,0,0,369025.468999999575317,5715470.585999999195337,7.109920975000023,51.575068905000080,0,05241228700000390178
05,5,66,024,2024,12,16,6,3,1,7,0,0,1,0,0,0,0,383833.057400000281632,5771507.519300000742078,7.304693959000076,52.081937047000054,1,05241227709300369325
05,5,54,008,2024,12,16,6,3,0,7,0,0,0,0,0,0,1,335290.974000000394881,5746808.963999999687076,6.608700716000044,51.847755708000079,0,05241227705000369881
05,5,15,000,2024,12,14,6,3,6,4,0,1,0,1,0,0,0,406628.026700000278652,5756622.593599999323487,7.641302929000062,51.952459831000056,1,05241227702100365307
05,5,62,014,2024,12,17,6,3,6,4,2,0,1,1,0,0,0,360911.616399999707937,5715653.165200000628829,6.992833651000069,51.574766148000037,0,05241227701300372544
05,5,62,032,2024,12,16,6,2,5,3,2,1,1,0,0,0,0,376108.050099999643862,5717330.217599999159575,7.211417544000028,51.593382901000041,0,05241227701110370539
05,5,70,008,2024,12,17,5,2,6,4,2,0,1,1,0,0,0,432959.945700000040233,5738766.914400000125170,8.027866634000077,51.795737746000043,1,05241226711300336849
05,5,62,014,2024,12,17,5,3,0,1,2,0,0,0,0,0,1,360603.152900000102818,5716572.449699999764562,6.988020322000068,51.582950704000041,0,05241226701300335854
05,5,62,008,2024,12,13,4,3,6,7,0,0,1,1,0,0,0,385496.925599999725819,5723829.981899999082088,7.344773170000053,51.653788010000028,1,05241225701910319781
05,5,54,024,2024,12,11,3,3,5,3,0,1,1,0,0,0,0,370010.955699999816716,5777970.683700000867248,7.100624703000051,52.136941399000079,0,05241224705000309238
05,5,54,008,2024,12,02,3,3,8,1,2,0,1,0,0,0,1,336312.630499999970198,5745064.754000000655651,6.624344935000067,51.832387119000032,1,05241224705000300518
05,5,15,000,2024,12,01,3,3,5,3,2,0,1,0,0,0,0,407447.235999999567866,5757311.140000000596046,7.653034554000044,51.958785791000082,0,05241224702100300147
05,5,66,012,2024,12,12,2,3,2,1,0,1,1,0,0,0,0,405229.536000000312924,5773768.235999999567866,7.616209574000038,52.106333428000028,0,05241223709110277729
05,5,54,004,2024,12,19,2,3,6,4,2,0,1,1,0,0,0,363130.324400000274181,5772091.983699999749660,7.002513511000075,52.082457910000073,0,05241223705000295256
05,5,62,004,2024,12,11,2,3,1,7,0,0,1,0,0,0,0,382847.973600000143051,5712388.524199999868870,7.310320316000059,51.550410403000058,0,05241223701800282672
05,5,62,024,2024,12,15,2,3,0,7,0,1,1,0,0,0,0,368779.668300000019372,5725437.145500000566244,7.102643156000056,51.664577410000049,1,05241223701500288864
05,5,70,028,2024,12,15,1,2,5,3,0,1,1,0,0,0,0,440532.021499999798834,5742769.893500000238419,8.136966176000044,51.832581865000066,1,05241222711400250390
05,5,54,008,2024,12,17,1,3,6,2,2,0,1,1,0,0,0,336321.856300000101328,5745250.265200000256300,6.624390972000072,51.834056358000055,1,05241222705000253183
05,5,15,000,2024,12,12,1,3,6,7,0,0,1,1,0,0,0,405873.532800000160933,5757542.480100000277162,7.630075309000063,51.960601007000037,1,05241222702100248264
05,5,12,000,2024,12,13,1,3,1,5,0,0,1,0,1,0,0,356879.803399999625981,5712772.856699999421835,6.935863756000060,51.547875176000048,1,05241222701400249858
05,5,70,028,2024,12,11,7,3,5,3,0,0,1,0,0,0,1,442510.424800000153482,5743018.271700000390410,8.165633302000060,51.835021996000080,0,05241221711400227815
05,5,66,040,2024,12,19,7,3,7,1,2,0,1,0,0,0,0,421214.692800000309944,5782675.473600000143051,7.847495010000046,52.188907892000032,1,05241221709800236826
05,5,66,076,2024,12,19,7,3,9,1,2,0,1,0,0,0,0,393808.239000000059605,5793740.644999999552965,7.443244913000058,52.283757738000077,1,05241221709500235992
05,5,54,008,2024,12,20,7,3,5,2,2,0,1,0,0,0,1,335712.729000000283122,5744988.594000000506639,6.615682616000072,51.831526839000048,1,05241221705000238397
05,5,54,064,2024,12,01,7,3,0,7,2,1,0,0,0,0,0,356833.140200000256300,5750668.021700000390410,6.919617993000031,51.888370498000029,1,05241221705000220858
05,5,54,008,2024,12,02,7,3,6,6,2,1,0,1,0,0,0,336044.952999999746680,5745393.424000000581145,6.620307936000074,51.835261212000034,1,05241221705000220398
05,5,62,036,2024,12,13,7,3,1,2,0,0,1,0,0,0,1,389291.177000000141561,5720351.883400000631809,7.400698729000055,51.623286911000037,0,05241221701930229562
05,5,70,020,2024,12,13,6,3,6,7,0,0,0,1,0,0,1,432941.936300000175834,5743148.115100000053644,8.026757334000024,51.835122339000065,0,05241220711400209365
05,5,70,052,2024,12,00,6,3,1,5,2,1,1,0,0,0,0,429914.207999999634922,5756010.917899999767542,7.980207602000064,51.950383344000045,0,05241220711100231369
05,5,66,076,2024,12,07,6,3,0,1,2,1,0,0,0,0,0,394673.181499999947846,5793535.052899999544024,7.455984065000052,52.282076465000046,0,05241220709500183294
05,5,66,076,2024,12,05,6,3,5,3,2,0,1,0,0,0,0,394094.162999999709427,5795031.015000000596046,7.447029283000063,52.295409733000042,1,05241220709500175641
05,5,58,012,2024,12,10,6,3,9,1,0,0,1,0,0,0,0,373963.193099999800324,5754267.903799999505281,7.167074142000047,51.924857174000067,1,05241220706000199868
05,5,54,068,2024,12,11,6,3,3,6,0,1,0,0,0,0,1,350369.422000000253320,5767538.975500000640750,6.818414595000036,52.038250494000067,1,05241220705000195685
05,5,15,000,2024,12,07,6,3,5,6,2,1,0,0,0,0,0,405700.075400000438094,5758504.510900000110269,7.627287395000053,51.969218761000036,0,05241220702100181007
05,5,62,004,2024,12,16,6,3,6,4,0,0,1,1,0,0,0,383358.533699999563396,5711361.051500000059605,7.318021302000034,51.541281487000049,0,05241220701800202059
05,5,62,032,2024,12,12,6,3,5,2,0,0,1,0,0,0,1,376577.257299999706447,5718197.580199999734759,7.217882623000037,51.601281075000031,0,05241220701110208264
05,5,15,000,2024,12,18,6,3,6,4,2,0,1,1,0,0,0,405161.088499999605119,5756628.630599999800324,7.619961833000048,51.952265880000027,0,05241220702100213386
05,5,58,044,2024,12,11,7,3,0,1,0,1,0,0,0,0,0,395725.841599999926984,5746138.091299999505281,7.485889624000038,51.856288448000043,1,05241221706000227238
05,5,70,052,2024,12,13,5,3,5,3,0,1,1,0,0,0,0,429824.819400000385940,5756028.964500000700355,7.978903479000053,51.950534305000076,0,05241219711100667805
05,5,15,000,2024,12,18,5,2,5,3,2,1,1,0,0,0,0,404945.473000000230968,5760140.457000000402331,7.615853044000062,51.983794713000066,1,05241219702100169028
05,5,15,000,2024,12,13,5,2,0,3,0,1,1,0,0,0,0,405315.399000000208616,5755930.588800000026822,7.622398858000054,51.946017869000059,1,05241219702100156662
05,5,62,014,2024,12,07,5,3,6,4,2,0,1,1,0,0,0,360212.923600000329316,5715355.897399999201298,6.982875900000067,51.571922075000032,1,05241219701300132725
05,5,66,084,2024,12,09,4,3,9,1,0,0,0,0,1,0,0,388559.116100000217557,5775529.026900000870228,7.372318533000055,52.119050584000036,0,05241218709300090734
05,5,66,080,2024,12,16,4,3,5,3,1,0,1,0,0,0,1,406572.496000000275671,5781186.939999999478459,7.633773655000027,52.173242621000043,0,05241218709110118761
05,5,58,008,2024,12,12,4,2,0,7,0,0,0,0,0,0,1,382610.382799999788404,5759963.984600000083447,7.290820111000073,51.977938551000079,1,05241218706200101323
05,5,12,000,2024,12,09,4,3,5,3,0,1,1,0,0,0,0,356975.120299999602139,5719299.234999999403954,6.934579893000034,51.606543870000053,0,05241218701400096220
05,5,66,028,2024,12,13,3,3,5,3,0,0,1,0,0,1,0,414498.401999999769032,5791993.960000000894070,7.746914281000045,52.271666307000032,0,05241217709700057905
05,5,66,076,2024,12,17,3,3,0,7,2,1,0,0,0,0,0,393914.412100000306964,5793526.007099999114871,7.444868321000058,52.281849245000046,0,05241217709500071248
05,5,54,068,2024,12,17,3,3,1,5,2,0,1,0,0,0,0,350592.027999999932945,5768025.765000000596046,6.821444902000053,52.042684026000074,0,05241217705000072762
05,5,54,004,2024,12,16,3,3,2,6,1,0,1,0,1,0,0,363690.669700000435114,5771699.000700000673532,7.010842925000077,52.079065044000060,1,05241217705000068600
05,5,15,000,2024,12,17,3,3,5,7,2,1,1,0,0,0,0,399933.797699999995530,5756812.316700000315905,7.543869842000049,51.953000949000057,0,05241217702100077422
05,5,15,000,2024,12,08,3,3,5,3,0,1,1,0,0,0,0,403085.524000000208616,5757553.123999999836087,7.589508484000021,51.960217700000044,0,05241217702100043830
05,5,62,004,2024,12,20,3,3,0,3,2,0,1,0,1,0,0,384505.944000000134110,5714057.724999999627471,7.333673906000058,51.565754725000033,0,05241217701800075097
05,5,62,032,2024,12,07,3,3,1,5,2,1,1,0,0,0,0,374380.420300000347197,5719846.927200000733137,7.185588192000068,51.615618132000066,0,05241217701110034414
05,5,70,004,2024,12,07,2,3,1,6,2,0,1,0,0,0,0,423768.003499999642372,5736007.691400000825524,7.895207495000022,51.769756007000069,1,05241216711200193698
05,5,66,076,2024,12,08,2,3,0,5,1,1,1,0,0,0,0,393910.890700000338256,5794524.429700000211596,7.444502435000061,52.290821593000032,1,05241216709500985370
05,5,66,076,2024,12,19,2,3,6,1,2,0,1,1,0,0,0,393353.765899999998510,5792971.627900000661612,7.436828347000073,52.276758446000031,1,05241216709500025865
05,5,66,076,2024,12,14,2,3,5,7,0,1,1,0,0,0,0,392725.843000000342727,5794018.735999999567866,7.427295094000044,52.286046782000028,1,05241216709500011141
05,5,66,084,2024,12,13,2,3,0,2,0,1,0,0,0,0,0,385942.734000000171363,5779252.381999999284744,7.332872525000028,52.151978607000046,1,05241216709300014140
05,5,54,020,2024,12,08,2,3,0,1,1,1,0,0,0,0,0,364659.653099999763072,5786919.406500000506639,7.018911666000065,52.216063715000075,1,05241216705000987901
05,5,15,000,2024,12,15,2,3,5,3,0,1,1,0,0,0,0,407995.800999999977648,5751396.460000000894070,7.662597411000036,51.905712091000055,1,05241216702100022964
05,5,62,032,2024,12,10,2,3,6,6,0,0,1,1,0,0,0,377818.925900000147521,5720624.777300000190735,7.234955950000028,51.623365730000046,0,05241216701110054323
05,5,13,000,2024,12,07,2,3,6,4,2,0,1,1,0,0,0,368273.484299999661744,5708229.629699999466538,7.101785846000041,51.509821273000057,1,05241216700000984192
05,5,13,000,2024,12,16,2,3,6,7,2,0,1,1,0,0,0,368144.999800000339746,5708619.784399999305606,7.099789528000031,51.513297532000081,1,05241216700000019362
05,5,15,000,2024,12,10,6,3,9,1,0,0,1,0,0,0,0,408390.067999999970198,5755256.360500000417233,7.667299694000064,51.940472337000074,1,05241227702100357159
05,5,62,036,2024,12,15,6,3,8,1,0,0,1,0,0,0,0,390363.907499999739230,5721410.153400000184774,7.415857668000058,51.633008756000038,0,05241220701930214410
05,5,66,076,2024,12,19,1,3,0,5,2,0,1,0,0,0,1,392993.227300000376999,5791774.446000000461936,7.431925658000068,52.265929107000034,1,05241215709700976115
05,5,54,020,2024,12,18,1,3,5,3,2,0,1,0,0,0,1,364845.498700000345707,5786734.220699999481440,7.021704234000026,52.214445391000027,1,05241215705000974483
05,5,54,056,2024,12,14,1,3,4,6,0,0,1,0,0,0,1,358156.705099999904633,5762871.686699999496341,6.933803312000066,51.998361303000081,1,05241215705000972144
05,5,15,000,2024,12,16,1,3,0,2,2,1,0,0,0,0,1,403881.508999999612570,5761611.551999999210238,7.599952612000038,51.996834271000068,1,05241215702100974763
05,5,58,012,2024,12,12,7,3,0,1,0,1,0,0,0,0,0,373966.836500000208616,5756510.909299999475479,7.166305353000041,51.945014660000027,1,05241214706000954895
05,5,54,016,2024,12,11,7,3,2,6,0,1,1,0,0,0,0,362190.421500000171363,5757701.515300000086427,6.994597954000028,51.952920578000032,0,05241214705000955698
05,5,62,008,2024,12,12,7,3,6,6,0,1,0,1,0,0,0,385257.439799999818206,5724091.600999999791384,7.341226929000072,51.656090536000079,1,05241214701910950393
05,5,12,000,2024,12,22,7,2,5,3,2,0,1,0,0,0,0,359921.630199999548495,5712278.691500000655651,6.979901256000062,51.544197879000080,1,05241214701400962238
05,5,12,000,2024,12,02,7,3,6,7,2,0,1,1,0,0,0,357697.526899999938905,5712157.057199999690056,6.947898158000044,51.542548477000082,0,05241214701400944595
05,5,62,014,2024,12,18,7,3,6,4,2,0,1,1,0,0,0,360798.948599999770522,5715632.491299999877810,6.991217024000036,51.574552562000065,1,05241214701300957002
05,5,13,000,2024,12,17,7,3,1,1,2,0,1,1,0,0,0,369503.529600000008941,5709559.799100000411272,7.119008325000038,51.522060729000032,1,05241214700000956673
05,5,62,024,2024,01,14,3,3,1,7,0,1,1,0,0,0,0,367893.967000000178814,5725863.986999999731779,7.089682783000057,51.668205688000057,0,05240109701500693875
05,5,66,020,2024,01,10,4,3,0,1,0,1,1,0,0,0,0,406336.621006758767180,5802874.149900458753109,7.624303629000053,52.368126429000029,0,05240110709700690529
05,5,54,032,2024,01,19,5,3,0,1,2,1,0,0,0,0,0,326153.188677250291221,5744674.128655140288174,6.477243142000020,51.825809275000040,2,05240111705000747577
05,5,13,000,2024,01,21,6,2,0,1,2,1,0,0,0,0,0,370369.155651902023237,5707667.447528710588813,7.132174288000044,51.505253652000079,2,05240112700000788292
05,5,66,084,2024,01,13,5,2,0,1,0,1,0,0,0,0,0,387446.697090218483936,5778036.199149037711322,7.355248304000042,52.141357327000037,2,05240118709300982289
05,5,54,016,2024,01,16,1,3,0,6,0,1,0,0,0,0,0,363814.815791072964203,5761435.691448363475502,7.016739494000035,51.986874567000029,0,05240128705000308444
05,5,54,012,2024,02,22,4,3,5,3,2,1,0,0,0,0,0,350986.489610695687588,5745279.379095271229744,6.837047789000053,51.838422814000069,1,05240214705000917100
05,5,62,020,2024,02,12,4,3,6,6,0,1,0,1,0,0,0,371083.327682885923423,5719252.809923266060650,7.138211217000048,51.609533496000040,0,05240221701200155164
05,5,15,000,2024,02,16,3,3,6,6,0,1,0,1,0,0,0,407888.690739278565161,5757083.312643367797136,7.659518440000056,51.956811257000027,0,05240227702100373123
05,5,15,000,2024,02,07,4,3,5,7,0,1,0,0,0,0,0,404943.585986220394261,5758197.719359774142504,7.616363665000051,51.966332343000033,1,05240228702100387860
05,5,54,020,2024,02,08,5,3,5,3,0,1,1,0,0,0,0,365738.083990304148756,5784950.132900948636234,7.035468302000027,52.198632952000082,0,05240229705000734764
05,5,66,044,2024,03,15,6,3,0,6,0,1,1,0,0,0,0,425153.613907527178526,5776515.222011581063271,7.906461734000061,52.134081643000059,0,05240301709800521142
05,5,70,044,2024,03,15,1,3,4,6,0,1,0,0,0,0,0,412238.622563374228776,5765625.097057330422103,7.720617931000049,52.034294561000081,0,05240303711100540202
05,5,15,000,2024,03,13,6,3,9,1,0,1,0,0,0,0,0,405551.118743525759783,5760140.026372583582997,7.624669583000070,51.983894141000064,0,05240308702100750118
05,5,54,004,2024,03,11,6,3,4,1,0,1,0,0,0,0,0,361551.462947022519074,5772564.041029969230294,6.979295270000023,52.086306872000080,0,05240308705000744470
05,5,15,000,2024,03,21,3,3,3,6,2,1,0,0,0,0,0,406042.690217037510592,5758295.339730821549892,7.632330501000069,51.967396659000030,0,05240312702100886509
05,5,54,020,2024,03,09,5,3,7,7,0,1,0,0,0,0,1,364734.521943254920188,5784424.015521782450378,7.021003588000042,52.193660328000078,0,05240314705000950100
05,5,13,000,2024,03,18,3,2,0,7,1,1,0,0,0,0,0,365635.108832539874129,5710854.074428007006645,7.062788519000037,51.532784763000052,0,05240319700000135900
05,5,62,014,2024,03,22,6,3,0,1,2,1,0,0,0,0,0,358276.136391303385608,5716706.887227832339704,6.954401998000037,51.583578383000031,1,05240329701300480380
05,5,54,016,2024,03,14,6,3,0,7,0,1,0,1,0,0,0,362869.869129814556800,5754845.358894180506468,7.005617599000061,51.927424245000054,0,05240329705000474611
05,5,54,048,2024,03,21,1,3,4,6,2,1,0,1,0,0,0,341779.365253923577257,5748803.190025788731873,6.701904827000021,51.867548207000027,1,05240331705000506927
05,5,70,036,2024,03,12,1,2,7,1,0,1,0,0,0,0,1,436061.135380023915786,5760841.739794831722975,8.068735984000057,51.994552163000037,0,05240331711100505746
05,5,54,032,2024,04,13,1,3,8,6,0,1,1,0,0,0,0,326720.762319213594310,5744009.075435931794345,6.485803619000023,51.820011686000043,0,05240407705000705100
05,5,62,020,2024,04,18,5,3,1,5,0,1,0,0,0,0,0,372902.549403267679736,5716307.276152418926358,7.165536545000066,51.583475697000040,0,05240411701200889055
05,5,54,064,2024,04,12,5,2,4,6,0,1,0,0,0,0,1,360768.476835071574897,5749385.682128644548357,6.977281425000058,51.877844760000073,0,05240411705000874653
05,5,15,000,2024,04,18,6,2,0,7,0,1,0,0,0,0,0,404625.415803714422509,5763339.099933657795191,7.610303870000052,52.012490271000047,0,05240412702100934437
05,5,58,028,2024,04,18,6,3,0,7,0,1,0,0,0,0,1,399653.635707004577853,5735114.232452472671866,7.546094773000050,51.757922217000043,0,05240412706300942257
05,5,66,088,2024,04,08,7,2,3,6,0,1,0,0,0,0,0,418158.339525199960917,5788694.613974153995514,7.801340071000027,52.242566790000069,0,05240413709800940778
05,5,66,044,2024,04,18,3,3,3,1,0,1,1,0,0,0,0,429575.218004661379382,5775229.860556475818157,7.971317805000069,52.123108389000038,1,05240416709800057676
05,5,66,076,2024,04,06,4,2,3,6,0,1,0,0,0,0,0,393148.786595491576008,5796439.743906758725643,7.432725145000063,52.307887109000035,0,05240417709500163449
05,5,62,016,2024,04,06,5,2,4,6,0,1,0,0,0,0,0,369600.938180670898873,5730747.763754757121205,7.112526788000025,51.712492774000054,0,05240418701700113251
05,5,66,028,2024,04,15,5,3,6,1,0,1,0,1,0,0,0,413125.004813614592422,5791639.136254593729973,7.726882909000039,52.268261753000047,1,05240418709700148423
05,5,62,032,2024,04,12,2,3,5,3,0,1,0,0,0,0,0,375765.749514280934818,5714993.916064825840294,7.207305153000050,51.572310727000058,0,05240422701120248566
05,5,70,004,2024,04,06,2,3,4,6,0,1,1,0,0,0,0,428383.852826185815502,5734454.972704226151109,7.962410554000030,51.756406875000039,0,05240422711200228423
05,5,62,024,2024,04,15,4,3,5,3,0,1,0,0,0,0,0,365321.943019883008674,5721576.491679895669222,7.054163815000038,51.629066336000051,1,05240424701500344860
05,5,54,004,2024,04,15,4,2,6,4,0,1,0,1,0,0,0,363525.333099347422831,5771386.195020588114858,7.008556875000068,52.076213631000030,1,05240424705000342936
05,5,58,036,2024,04,16,7,3,5,2,0,1,1,0,0,0,0,387657.900292271049693,5732132.804926998913288,7.373324564000029,51.728848244000062,0,05240427706000449724
05,5,66,028,2024,04,15,7,3,0,6,0,1,0,0,0,0,0,410559.856297963997349,5792564.240192431956530,7.689056924000056,52.276165532000050,0,05240427709700452764
05,5,66,088,2024,04,11,1,3,0,7,0,1,0,0,0,0,1,418374.200558341341093,5789010.320585634559393,7.804424567000069,52.245436613000038,0,05240428709800474687
05,5,62,020,2024,04,06,2,3,5,3,1,1,0,0,0,0,0,372662.460718344780616,5719110.461114166304469,7.161055717000067,51.608613574000060,0,05240429701200475922
05,5,54,048,2024,04,16,2,3,5,3,0,1,1,0,0,0,0,343760.917984110536054,5741672.094735879451036,6.733881521000058,51.804039729000067,0,05240429705000510750
05,5,58,040,2024,04,16,3,2,0,1,0,1,0,0,0,0,0,382582.756682505598292,5765471.537973823025823,7.288530814000069,52.027428789000055,0,05240430706200555135
05,5,13,000,2024,05,12,4,3,0,7,0,1,0,0,0,0,0,363727.917699246085249,5709701.234171546995640,7.035754782000026,51.521967780000068,0,05240501700000571828
05,5,62,004,2024,05,11,4,3,0,7,0,1,0,1,0,0,0,385164.425404573790729,5713373.936518608592451,7.343393454000022,51.559743405000063,0,05240501701800584044
05,5,54,012,2024,05,13,4,3,0,1,0,1,0,0,0,0,0,352183.831192598445341,5746771.763234589248896,6.853776275000030,51.852149901000075,0,05240501705000571883
05,5,66,084,2024,05,11,4,3,5,3,0,1,1,0,0,0,0,387449.751780141843483,5778033.041406675241888,7.355293968000069,52.141329571000028,0,05240501709000569925
05,5,66,076,2024,05,15,4,3,8,7,0,1,0,0,0,0,0,391498.593999999924563,5794279.324000000953674,7.409226451000052,52.288147775000027,0,05240501709500573095
05,5,66,076,2024,05,17,4,3,0,7,0,1,0,1,0,0,0,393283.113495514844544,5793924.038274727761745,7.435491693000074,52.285304213000074,0,05240501709500576597
05,5,66,028,2024,05,14,4,3,0,7,0,1,0,0,0,0,0,414382.107187525951304,5790575.865972922183573,7.745570164000071,52.258901822000041,1,05240501709700573528
05,5,58,036,2024,05,20,5,3,0,7,0,1,0,0,0,0,0,389485.390554027981125,5728374.321680950932205,7.400966737000033,51.695430624000039,0,05240502706000622220
05,5,15,000,2024,05,12,2,3,5,1,0,1,0,0,0,0,0,406154.783480284444522,5757954.561312612146139,7.634054797000033,51.964352524000049,0,05240506702100733138
05,5,54,004,2024,05,11,2,2,5,3,0,1,1,0,0,0,0,356591.284800343448296,5772711.292007322423160,6.906889187000047,52.086367114000041,0,05240506705000747947
05,5,58,024,2024,05,15,2,3,4,7,0,1,0,0,0,0,0,393035.580703864048701,5736055.590186270885170,7.449953543000049,51.765158296000038,0,05240506706000737537